[lxrun] JID 52734904 · 4 nodes · 1:47:03 left · 4/4 free · incoming: lx-A
  1  nid001089  free   —              —      —  ← starting lx-A  python3 -u -m gw.gw_jax 
  2  nid001092  free   —              —      —  ← starting lx-A  python3 -u -m gw.gw_jax 
  3  nid001093  free   —              —      —  ← starting lx-A  python3 -u -m gw.gw_jax 
  4  nid001096  free   —              —      —  ← starting lx-A  python3 -u -m gw.gw_jax 

========================================================================
  COHSEX-JAX: Self-Energy Calculation
========================================================================
  Backend: GPU       Devices: 16  Mesh: 4×4  Processes: 16
  Device type: NVIDIA A100-SXM4-40GB
  XLA preallocate: false  mem_fraction: unset
========================================================================

/global/u2/j/jackm/software/lorrax_A/src/common/symmetry_maps.py:324: UserWarning: SymMaps: 4/9 full-BZ k-points require time-reversal symmetry for unfolding. Non-symmorphic phases are NOT applied for these k-points. Use noinv=.true. in QE to avoid this.
  warnings.warn(
/global/u2/j/jackm/software/lorrax_A/src/common/symmetry_maps.py:324: UserWarning: SymMaps: 4/9 full-BZ k-points require time-reversal symmetry for unfolding. Non-symmorphic phases are NOT applied for these k-points. Use noinv=.true. in QE to avoid this.
  warnings.warn(
/global/u2/j/jackm/software/lorrax_A/src/common/symmetry_maps.py:324: UserWarning: SymMaps: 4/9 full-BZ k-points require time-reversal symmetry for unfolding. Non-symmorphic phases are NOT applied for these k-points. Use noinv=.true. in QE to avoid this.
  warnings.warn(
/global/u2/j/jackm/software/lorrax_A/src/common/symmetry_maps.py:324: UserWarning: SymMaps: 4/9 full-BZ k-points require time-reversal symmetry for unfolding. Non-symmorphic phases are NOT applied for these k-points. Use noinv=.true. in QE to avoid this.
  warnings.warn(
  ISDF basis: 640 centroids
  FFT grid: 24×24×80   Cell volume: 702.20 a.u.³

/global/u2/j/jackm/software/lorrax_A/src/common/symmetry_maps.py:324: UserWarning: SymMaps: 4/9 full-BZ k-points require time-reversal symmetry for unfolding. Non-symmorphic phases are NOT applied for these k-points. Use noinv=.true. in QE to avoid this.
  warnings.warn(
/global/u2/j/jackm/software/lorrax_A/src/common/symmetry_maps.py:324: UserWarning: SymMaps: 4/9 full-BZ k-points require time-reversal symmetry for unfolding. Non-symmorphic phases are NOT applied for these k-points. Use noinv=.true. in QE to avoid this.
  warnings.warn(
/global/u2/j/jackm/software/lorrax_A/src/common/symmetry_maps.py:324: UserWarning: SymMaps: 4/9 full-BZ k-points require time-reversal symmetry for unfolding. Non-symmorphic phases are NOT applied for these k-points. Use noinv=.true. in QE to avoid this.
  warnings.warn(
/global/u2/j/jackm/software/lorrax_A/src/common/symmetry_maps.py:324: UserWarning: SymMaps: 4/9 full-BZ k-points require time-reversal symmetry for unfolding. Non-symmorphic phases are NOT applied for these k-points. Use noinv=.true. in QE to avoid this.
  warnings.warn(
/global/u2/j/jackm/software/lorrax_A/src/common/symmetry_maps.py:324: UserWarning: SymMaps: 4/9 full-BZ k-points require time-reversal symmetry for unfolding. Non-symmorphic phases are NOT applied for these k-points. Use noinv=.true. in QE to avoid this.
  warnings.warn(
/global/u2/j/jackm/software/lorrax_A/src/common/symmetry_maps.py:324: UserWarning: SymMaps: 4/9 full-BZ k-points require time-reversal symmetry for unfolding. Non-symmorphic phases are NOT applied for these k-points. Use noinv=.true. in QE to avoid this.
  warnings.warn(
/global/u2/j/jackm/software/lorrax_A/src/common/symmetry_maps.py:324: UserWarning: SymMaps: 4/9 full-BZ k-points require time-reversal symmetry for unfolding. Non-symmorphic phases are NOT applied for these k-points. Use noinv=.true. in QE to avoid this.
  warnings.warn(
/global/u2/j/jackm/software/lorrax_A/src/common/symmetry_maps.py:324: UserWarning: SymMaps: 4/9 full-BZ k-points require time-reversal symmetry for unfolding. Non-symmorphic phases are NOT applied for these k-points. Use noinv=.true. in QE to avoid this.
  warnings.warn(
/global/u2/j/jackm/software/lorrax_A/src/common/symmetry_maps.py:324: UserWarning: SymMaps: 4/9 full-BZ k-points require time-reversal symmetry for unfolding. Non-symmorphic phases are NOT applied for these k-points. Use noinv=.true. in QE to avoid this.
  warnings.warn(
/global/u2/j/jackm/software/lorrax_A/src/common/symmetry_maps.py:324: UserWarning: SymMaps: 4/9 full-BZ k-points require time-reversal symmetry for unfolding. Non-symmorphic phases are NOT applied for these k-points. Use noinv=.true. in QE to avoid this.
  warnings.warn(
/global/u2/j/jackm/software/lorrax_A/src/common/symmetry_maps.py:324: UserWarning: SymMaps: 4/9 full-BZ k-points require time-reversal symmetry for unfolding. Non-symmorphic phases are NOT applied for these k-points. Use noinv=.true. in QE to avoid this.
  warnings.warn(
/global/u2/j/jackm/software/lorrax_A/src/common/symmetry_maps.py:324: UserWarning: SymMaps: 4/9 full-BZ k-points require time-reversal symmetry for unfolding. Non-symmorphic phases are NOT applied for these k-points. Use noinv=.true. in QE to avoid this.
  warnings.warn(
    Memory estimate: peak 9.06 GB (budget 28.00 GB), bottleneck=fft
    Per-stage: fft=1.63  zct=1.36  reshard=0.83  solve=0.64  gather=1.27 GB

  Zeta fitting: 1 r-chunks x 46080 r-points, 80 bands (80 left + 80 right)
  Output: /pscratch/sd/j/jackm/lorrax_sandbox/runs/MoS2/00_mos2_3x3_cohsex/A_bispinor_smoke_2026-05-08/tmp/zeta_q.h5
    AOT fit_one_rchunk peak (driver-level): 1.19 GB

  Chunked ISDF fitting:
    Band chunks: 80
    R chunks:    46080 (contiguous r-space)
    Q chunks:    9
    Zeta output: /pscratch/sd/j/jackm/lorrax_sandbox/runs/MoS2/00_mos2_3x3_cohsex/A_bispinor_smoke_2026-05-08/tmp/zeta_q.h5

  Zeta fitting: 1 r-chunks x 46080 r-points, 80 bands (80 left + 80 right)
  Output: /pscratch/sd/j/jackm/lorrax_sandbox/runs/MoS2/00_mos2_3x3_cohsex/A_bispinor_smoke_2026-05-08/tmp/zeta_q.h5
  Left wfns:  (9, 80, 4, 640)
  Right wfns: (9, 80, 4, 640)
  Left wfns:  (9, 80, 4, 640)
  Right wfns: (9, 80, 4, 640)
  Pseudobands normalization: 0 weighted, 0 zero-weight (skipped)
  Computing pair densities P_l, P_r (spin_traced) for L_q metric

  Zeta fitting: 1 r-chunks x 46080 r-points, 80 bands (80 left + 80 right)
  Output: /pscratch/sd/j/jackm/lorrax_sandbox/runs/MoS2/00_mos2_3x3_cohsex/A_bispinor_smoke_2026-05-08/tmp/zeta_q.h5
  Left wfns:  (9, 80, 4, 640)
  Right wfns: (9, 80, 4, 640)
/opt/jax/jax/_src/interpreters/mlir.py:1178: UserWarning: Some donated buffers were not usable: ShapedArray(complex128[9,160,160]).
See an explanation at https://jax.readthedocs.io/en/latest/faq.html#buffer-donation.
  warnings.warn("Some donated buffers were not usable:"

  Zeta fitting: 1 r-chunks x 46080 r-points, 80 bands (80 left + 80 right)
  Output: /pscratch/sd/j/jackm/lorrax_sandbox/runs/MoS2/00_mos2_3x3_cohsex/A_bispinor_smoke_2026-05-08/tmp/zeta_q.h5
  Left wfns:  (9, 80, 4, 640)
  Right wfns: (9, 80, 4, 640)

  Zeta fitting: 1 r-chunks x 46080 r-points, 80 bands (80 left + 80 right)
  Output: /pscratch/sd/j/jackm/lorrax_sandbox/runs/MoS2/00_mos2_3x3_cohsex/A_bispinor_smoke_2026-05-08/tmp/zeta_q.h5
  Left wfns:  (9, 80, 4, 640)
  Right wfns: (9, 80, 4, 640)

  Zeta fitting: 1 r-chunks x 46080 r-points, 80 bands (80 left + 80 right)
  Output: /pscratch/sd/j/jackm/lorrax_sandbox/runs/MoS2/00_mos2_3x3_cohsex/A_bispinor_smoke_2026-05-08/tmp/zeta_q.h5
  Left wfns:  (9, 80, 4, 640)
  Right wfns: (9, 80, 4, 640)

  Zeta fitting: 1 r-chunks x 46080 r-points, 80 bands (80 left + 80 right)
  Output: /pscratch/sd/j/jackm/lorrax_sandbox/runs/MoS2/00_mos2_3x3_cohsex/A_bispinor_smoke_2026-05-08/tmp/zeta_q.h5
  Left wfns:  (9, 80, 4, 640)
  Right wfns: (9, 80, 4, 640)

  Zeta fitting: 1 r-chunks x 46080 r-points, 80 bands (80 left + 80 right)
  Output: /pscratch/sd/j/jackm/lorrax_sandbox/runs/MoS2/00_mos2_3x3_cohsex/A_bispinor_smoke_2026-05-08/tmp/zeta_q.h5
  Left wfns:  (9, 80, 4, 640)
  Right wfns: (9, 80, 4, 640)

  Zeta fitting: 1 r-chunks x 46080 r-points, 80 bands (80 left + 80 right)
  Output: /pscratch/sd/j/jackm/lorrax_sandbox/runs/MoS2/00_mos2_3x3_cohsex/A_bispinor_smoke_2026-05-08/tmp/zeta_q.h5
  Left wfns:  (9, 80, 4, 640)
  Right wfns: (9, 80, 4, 640)

  Zeta fitting: 1 r-chunks x 46080 r-points, 80 bands (80 left + 80 right)
  Output: /pscratch/sd/j/jackm/lorrax_sandbox/runs/MoS2/00_mos2_3x3_cohsex/A_bispinor_smoke_2026-05-08/tmp/zeta_q.h5
  Left wfns:  (9, 80, 4, 640)
  Right wfns: (9, 80, 4, 640)

  Zeta fitting: 1 r-chunks x 46080 r-points, 80 bands (80 left + 80 right)
  Output: /pscratch/sd/j/jackm/lorrax_sandbox/runs/MoS2/00_mos2_3x3_cohsex/A_bispinor_smoke_2026-05-08/tmp/zeta_q.h5
  Left wfns:  (9, 80, 4, 640)
  Right wfns: (9, 80, 4, 640)
  Computing L_q = chol(C_q)  (charge-channel metric, reused for all vertex_mu_L)

  Zeta fitting: 1 r-chunks x 46080 r-points, 80 bands (80 left + 80 right)
  Output: /pscratch/sd/j/jackm/lorrax_sandbox/runs/MoS2/00_mos2_3x3_cohsex/A_bispinor_smoke_2026-05-08/tmp/zeta_q.h5
  Left wfns:  (9, 80, 4, 640)
  Right wfns: (9, 80, 4, 640)

  Zeta fitting: 1 r-chunks x 46080 r-points, 80 bands (80 left + 80 right)
  Output: /pscratch/sd/j/jackm/lorrax_sandbox/runs/MoS2/00_mos2_3x3_cohsex/A_bispinor_smoke_2026-05-08/tmp/zeta_q.h5
  Left wfns:  (9, 80, 4, 640)
  Right wfns: (9, 80, 4, 640)

  Zeta fitting: 1 r-chunks x 46080 r-points, 80 bands (80 left + 80 right)
  Output: /pscratch/sd/j/jackm/lorrax_sandbox/runs/MoS2/00_mos2_3x3_cohsex/A_bispinor_smoke_2026-05-08/tmp/zeta_q.h5
  Left wfns:  (9, 80, 4, 640)
  Right wfns: (9, 80, 4, 640)
  Pseudobands normalization: 0 weighted, 0 zero-weight (skipped)
  Computing pair densities P_l, P_r (spin_traced) for L_q metric

  Zeta fitting: 1 r-chunks x 46080 r-points, 80 bands (80 left + 80 right)
  Output: /pscratch/sd/j/jackm/lorrax_sandbox/runs/MoS2/00_mos2_3x3_cohsex/A_bispinor_smoke_2026-05-08/tmp/zeta_q.h5
  Left wfns:  (9, 80, 4, 640)
  Right wfns: (9, 80, 4, 640)

  Zeta fitting: 1 r-chunks x 46080 r-points, 80 bands (80 left + 80 right)
  Output: /pscratch/sd/j/jackm/lorrax_sandbox/runs/MoS2/00_mos2_3x3_cohsex/A_bispinor_smoke_2026-05-08/tmp/zeta_q.h5
  Left wfns:  (9, 80, 4, 640)
  Right wfns: (9, 80, 4, 640)
/opt/jax/jax/_src/interpreters/mlir.py:1178: UserWarning: Some donated buffers were not usable: ShapedArray(complex128[9,160,160]).
See an explanation at https://jax.readthedocs.io/en/latest/faq.html#buffer-donation.
  warnings.warn("Some donated buffers were not usable:"
  Pseudobands normalization: 0 weighted, 0 zero-weight (skipped)
  Computing pair densities P_l, P_r (spin_traced) for L_q metric
  Pseudobands normalization: 0 weighted, 0 zero-weight (skipped)
  Computing pair densities P_l, P_r (spin_traced) for L_q metric
/opt/jax/jax/_src/interpreters/mlir.py:1178: UserWarning: Some donated buffers were not usable: ShapedArray(complex128[9,160,160]).
See an explanation at https://jax.readthedocs.io/en/latest/faq.html#buffer-donation.
  warnings.warn("Some donated buffers were not usable:"
  Pseudobands normalization: 0 weighted, 0 zero-weight (skipped)
  Computing pair densities P_l, P_r (spin_traced) for L_q metric
/opt/jax/jax/_src/interpreters/mlir.py:1178: UserWarning: Some donated buffers were not usable: ShapedArray(complex128[9,160,160]).
See an explanation at https://jax.readthedocs.io/en/latest/faq.html#buffer-donation.
  warnings.warn("Some donated buffers were not usable:"
  Pseudobands normalization: 0 weighted, 0 zero-weight (skipped)
  Computing pair densities P_l, P_r (spin_traced) for L_q metric
  Pseudobands normalization: 0 weighted, 0 zero-weight (skipped)
  Computing pair densities P_l, P_r (spin_traced) for L_q metric
/opt/jax/jax/_src/interpreters/mlir.py:1178: UserWarning: Some donated buffers were not usable: ShapedArray(complex128[9,160,160]).
See an explanation at https://jax.readthedocs.io/en/latest/faq.html#buffer-donation.
  warnings.warn("Some donated buffers were not usable:"
  Pseudobands normalization: 0 weighted, 0 zero-weight (skipped)
  Computing pair densities P_l, P_r (spin_traced) for L_q metric
  Pseudobands normalization: 0 weighted, 0 zero-weight (skipped)
  Computing pair densities P_l, P_r (spin_traced) for L_q metric
  Pseudobands normalization: 0 weighted, 0 zero-weight (skipped)
  Computing pair densities P_l, P_r (spin_traced) for L_q metric
/opt/jax/jax/_src/interpreters/mlir.py:1178: UserWarning: Some donated buffers were not usable: ShapedArray(complex128[9,160,160]).
See an explanation at https://jax.readthedocs.io/en/latest/faq.html#buffer-donation.
  warnings.warn("Some donated buffers were not usable:"
/opt/jax/jax/_src/interpreters/mlir.py:1178: UserWarning: Some donated buffers were not usable: ShapedArray(complex128[9,160,160]).
See an explanation at https://jax.readthedocs.io/en/latest/faq.html#buffer-donation.
  warnings.warn("Some donated buffers were not usable:"
  Pseudobands normalization: 0 weighted, 0 zero-weight (skipped)
  Computing pair densities P_l, P_r (spin_traced) for L_q metric
/opt/jax/jax/_src/interpreters/mlir.py:1178: UserWarning: Some donated buffers were not usable: ShapedArray(complex128[9,160,160]).
See an explanation at https://jax.readthedocs.io/en/latest/faq.html#buffer-donation.
  warnings.warn("Some donated buffers were not usable:"
/opt/jax/jax/_src/interpreters/mlir.py:1178: UserWarning: Some donated buffers were not usable: ShapedArray(complex128[9,160,160]).
See an explanation at https://jax.readthedocs.io/en/latest/faq.html#buffer-donation.
  warnings.warn("Some donated buffers were not usable:"
/opt/jax/jax/_src/interpreters/mlir.py:1178: UserWarning: Some donated buffers were not usable: ShapedArray(complex128[9,160,160]).
See an explanation at https://jax.readthedocs.io/en/latest/faq.html#buffer-donation.
  warnings.warn("Some donated buffers were not usable:"
/opt/jax/jax/_src/interpreters/mlir.py:1178: UserWarning: Some donated buffers were not usable: ShapedArray(complex128[9,160,160]).
See an explanation at https://jax.readthedocs.io/en/latest/faq.html#buffer-donation.
  warnings.warn("Some donated buffers were not usable:"
  Pseudobands normalization: 0 weighted, 0 zero-weight (skipped)
  Computing pair densities P_l, P_r (spin_traced) for L_q metric
/opt/jax/jax/_src/interpreters/mlir.py:1178: UserWarning: Some donated buffers were not usable: ShapedArray(complex128[9,160,160]).
See an explanation at https://jax.readthedocs.io/en/latest/faq.html#buffer-donation.
  warnings.warn("Some donated buffers were not usable:"
  Computing L_q = chol(C_q)  (charge-channel metric, reused for all vertex_mu_L)
  Pseudobands normalization: 0 weighted, 0 zero-weight (skipped)
  Pseudobands normalization: 0 weighted, 0 zero-weight (skipped)
  Computing pair densities P_l, P_r (spin_traced) for L_q metric
  Computing pair densities P_l, P_r (spin_traced) for L_q metric
  Pseudobands normalization: 0 weighted, 0 zero-weight (skipped)
  Computing pair densities P_l, P_r (spin_traced) for L_q metric
  Pseudobands normalization: 0 weighted, 0 zero-weight (skipped)
  Computing pair densities P_l, P_r (spin_traced) for L_q metric
/opt/jax/jax/_src/interpreters/mlir.py:1178: UserWarning: Some donated buffers were not usable: ShapedArray(complex128[9,160,160]).
See an explanation at https://jax.readthedocs.io/en/latest/faq.html#buffer-donation.
  warnings.warn("Some donated buffers were not usable:"
/opt/jax/jax/_src/interpreters/mlir.py:1178: UserWarning: Some donated buffers were not usable: ShapedArray(complex128[9,160,160]).
See an explanation at https://jax.readthedocs.io/en/latest/faq.html#buffer-donation.
  warnings.warn("Some donated buffers were not usable:"
/opt/jax/jax/_src/interpreters/mlir.py:1178: UserWarning: Some donated buffers were not usable: ShapedArray(complex128[9,160,160]).
See an explanation at https://jax.readthedocs.io/en/latest/faq.html#buffer-donation.
  warnings.warn("Some donated buffers were not usable:"
  Computing L_q = chol(C_q)  (charge-channel metric, reused for all vertex_mu_L)
/opt/jax/jax/_src/interpreters/mlir.py:1178: UserWarning: Some donated buffers were not usable: ShapedArray(complex128[9,160,160]).
See an explanation at https://jax.readthedocs.io/en/latest/faq.html#buffer-donation.
  warnings.warn("Some donated buffers were not usable:"
  Computing L_q = chol(C_q)  (charge-channel metric, reused for all vertex_mu_L)
  Computing L_q = chol(C_q)  (charge-channel metric, reused for all vertex_mu_L)
  Computing L_q = chol(C_q)  (charge-channel metric, reused for all vertex_mu_L)
  Computing L_q = chol(C_q)  (charge-channel metric, reused for all vertex_mu_L)
  Computing L_q = chol(C_q)  (charge-channel metric, reused for all vertex_mu_L)
  Computing L_q = chol(C_q)  (charge-channel metric, reused for all vertex_mu_L)
  Computing L_q = chol(C_q)  (charge-channel metric, reused for all vertex_mu_L)
  Computing L_q = chol(C_q)  (charge-channel metric, reused for all vertex_mu_L)
  Computing L_q = chol(C_q)  (charge-channel metric, reused for all vertex_mu_L)
  Computing L_q = chol(C_q)  (charge-channel metric, reused for all vertex_mu_L)
  Computing L_q = chol(C_q)  (charge-channel metric, reused for all vertex_mu_L)
  Computing L_q = chol(C_q)  (charge-channel metric, reused for all vertex_mu_L)
  Computing L_q = chol(C_q)  (charge-channel metric, reused for all vertex_mu_L)
  L_q: (9, 640, 640)
  L_q: (9, 640, 640)
  L_q: (9, 640, 640)
  L_q: (9, 640, 640)
  L_q: (9, 640, 640)
  L_q: (9, 640, 640)
  L_q: (9, 640, 640)
  L_q: (9, 640, 640)
  L_q: (9, 640, 640)
  L_q: (9, 640, 640)
  L_q: (9, 640, 640)
  L_q: (9, 640, 640)
  L_q: (9, 640, 640)
  L_q: (9, 640, 640)
  L_q: (9, 640, 640)
  L_q: (9, 640, 640)
/global/u2/j/jackm/software/lorrax_A/src/file_io/_slab_io_ffi.py:385: UserWarning: FFI backend: chunks/attrs on create_dataset currently no-op; pre-create with h5py if you need explicit chunking or attrs.
  warnings.warn(
/global/u2/j/jackm/software/lorrax_A/src/file_io/_slab_io_ffi.py:385: UserWarning: FFI backend: chunks/attrs on create_dataset currently no-op; pre-create with h5py if you need explicit chunking or attrs.
  warnings.warn(
/global/u2/j/jackm/software/lorrax_A/src/file_io/_slab_io_ffi.py:385: UserWarning: FFI backend: chunks/attrs on create_dataset currently no-op; pre-create with h5py if you need explicit chunking or attrs.
  warnings.warn(
/global/u2/j/jackm/software/lorrax_A/src/file_io/_slab_io_ffi.py:385: UserWarning: FFI backend: chunks/attrs on create_dataset currently no-op; pre-create with h5py if you need explicit chunking or attrs.
  warnings.warn(
/global/u2/j/jackm/software/lorrax_A/src/file_io/_slab_io_ffi.py:385: UserWarning: FFI backend: chunks/attrs on create_dataset currently no-op; pre-create with h5py if you need explicit chunking or attrs.
  warnings.warn(
/global/u2/j/jackm/software/lorrax_A/src/file_io/_slab_io_ffi.py:385: UserWarning: FFI backend: chunks/attrs on create_dataset currently no-op; pre-create with h5py if you need explicit chunking or attrs.
  warnings.warn(
/global/u2/j/jackm/software/lorrax_A/src/file_io/_slab_io_ffi.py:385: UserWarning: FFI backend: chunks/attrs on create_dataset currently no-op; pre-create with h5py if you need explicit chunking or attrs.
  warnings.warn(
/global/u2/j/jackm/software/lorrax_A/src/file_io/_slab_io_ffi.py:385: UserWarning: FFI backend: chunks/attrs on create_dataset currently no-op; pre-create with h5py if you need explicit chunking or attrs.
  warnings.warn(
/global/u2/j/jackm/software/lorrax_A/src/file_io/_slab_io_ffi.py:385: UserWarning: FFI backend: chunks/attrs on create_dataset currently no-op; pre-create with h5py if you need explicit chunking or attrs.
  warnings.warn(
/global/u2/j/jackm/software/lorrax_A/src/file_io/_slab_io_ffi.py:385: UserWarning: FFI backend: chunks/attrs on create_dataset currently no-op; pre-create with h5py if you need explicit chunking or attrs.
  warnings.warn(
/global/u2/j/jackm/software/lorrax_A/src/file_io/_slab_io_ffi.py:385: UserWarning: FFI backend: chunks/attrs on create_dataset currently no-op; pre-create with h5py if you need explicit chunking or attrs.
  warnings.warn(
/global/u2/j/jackm/software/lorrax_A/src/file_io/_slab_io_ffi.py:385: UserWarning: FFI backend: chunks/attrs on create_dataset currently no-op; pre-create with h5py if you need explicit chunking or attrs.
  warnings.warn(
/global/u2/j/jackm/software/lorrax_A/src/file_io/_slab_io_ffi.py:385: UserWarning: FFI backend: chunks/attrs on create_dataset currently no-op; pre-create with h5py if you need explicit chunking or attrs.
  warnings.warn(
/global/u2/j/jackm/software/lorrax_A/src/file_io/_slab_io_ffi.py:385: UserWarning: FFI backend: chunks/attrs on create_dataset currently no-op; pre-create with h5py if you need explicit chunking or attrs.
  warnings.warn(
/global/u2/j/jackm/software/lorrax_A/src/file_io/_slab_io_ffi.py:385: UserWarning: FFI backend: chunks/attrs on create_dataset currently no-op; pre-create with h5py if you need explicit chunking or attrs.
  warnings.warn(
/global/u2/j/jackm/software/lorrax_A/src/file_io/_slab_io_ffi.py:385: UserWarning: FFI backend: chunks/attrs on create_dataset currently no-op; pre-create with h5py if you need explicit chunking or attrs.
  warnings.warn(
  ψ(G) host cache: 0.13 GB/process resident
Started zeta fitting at 21:37:38.
[ 21:37:38 | ██████████ | 100% ] r-chunk 1 / 1 · ETA 0 s
Finished zeta fitting at 21:37:38.  Elapsed: 0 s.
  [SlabIO.close] draining 1 pending writes for zeta_q.h5 …
  [SlabIO.close] Python dispatch drained in 1.0 s; joining writer thread
  [SlabIO.close] writer thread joined in 0.0 s; calling H5Fclose collectively
  [SlabIO.close] H5Fclose returned in 0.1 s
  Zeta output: /pscratch/sd/j/jackm/lorrax_sandbox/runs/MoS2/00_mos2_3x3_cohsex/A_bispinor_smoke_2026-05-08/tmp/zeta_q.h5  shape: (3,3,1,640,46080)
  Timing (1 r-chunks, 2.1s total):
    fit      1.97s  94.8%
    H5       0.10s   5.0%
  Zeta output: /pscratch/sd/j/jackm/lorrax_sandbox/runs/MoS2/00_mos2_3x3_cohsex/A_bispinor_smoke_2026-05-08/tmp/zeta_q.h5  shape: (3,3,1,640,46080)
  Timing (1 r-chunks, 2.3s total):
    fit      1.91s  84.2%
    H5       0.34s  15.1%
  Zeta output: /pscratch/sd/j/jackm/lorrax_sandbox/runs/MoS2/00_mos2_3x3_cohsex/A_bispinor_smoke_2026-05-08/tmp/zeta_q.h5  shape: (3,3,1,640,46080)
  Timing (1 r-chunks, 2.1s total):
    fit      1.99s  95.2%
    H5       0.09s   4.4%
  Zeta output: /pscratch/sd/j/jackm/lorrax_sandbox/runs/MoS2/00_mos2_3x3_cohsex/A_bispinor_smoke_2026-05-08/tmp/zeta_q.h5  shape: (3,3,1,640,46080)
  Timing (1 r-chunks, 2.1s total):
  Zeta output: /pscratch/sd/j/jackm/lorrax_sandbox/runs/MoS2/00_mos2_3x3_cohsex/A_bispinor_smoke_2026-05-08/tmp/zeta_q.h5  shape: (3,3,1,640,46080)
  Timing (1 r-chunks, 2.1s total):
    fit      1.94s  94.0%
    H5       0.12s   5.8%
  Zeta output: /pscratch/sd/j/jackm/lorrax_sandbox/runs/MoS2/00_mos2_3x3_cohsex/A_bispinor_smoke_2026-05-08/tmp/zeta_q.h5  shape: (3,3,1,640,46080)
  Zeta output: /pscratch/sd/j/jackm/lorrax_sandbox/runs/MoS2/00_mos2_3x3_cohsex/A_bispinor_smoke_2026-05-08/tmp/zeta_q.h5  shape: (3,3,1,640,46080)
  Timing (1 r-chunks, 2.1s total):
    fit      1.76s  84.5%
    H5       0.31s  15.0%
    fit      1.93s  93.0%
    H5       0.14s   6.8%
  Zeta output: /pscratch/sd/j/jackm/lorrax_sandbox/runs/MoS2/00_mos2_3x3_cohsex/A_bispinor_smoke_2026-05-08/tmp/zeta_q.h5  shape: (3,3,1,640,46080)
  Timing (1 r-chunks, 2.1s total):
  Timing (1 r-chunks, 2.1s total):
    fit      1.93s  92.9%
  Zeta output: /pscratch/sd/j/jackm/lorrax_sandbox/runs/MoS2/00_mos2_3x3_cohsex/A_bispinor_smoke_2026-05-08/tmp/zeta_q.h5  shape: (3,3,1,640,46080)
  Timing (1 r-chunks, 2.1s total):
    fit      1.96s  93.8%
    H5       0.12s   5.8%
  Zeta output: /pscratch/sd/j/jackm/lorrax_sandbox/runs/MoS2/00_mos2_3x3_cohsex/A_bispinor_smoke_2026-05-08/tmp/zeta_q.h5  shape: (3,3,1,640,46080)
  Zeta output: /pscratch/sd/j/jackm/lorrax_sandbox/runs/MoS2/00_mos2_3x3_cohsex/A_bispinor_smoke_2026-05-08/tmp/zeta_q.h5  shape: (3,3,1,640,46080)
  Timing (1 r-chunks, 2.1s total):
    fit      1.76s  84.9%
    H5       0.30s  14.6%
    H5       0.14s   6.9%
  Zeta output: /pscratch/sd/j/jackm/lorrax_sandbox/runs/MoS2/00_mos2_3x3_cohsex/A_bispinor_smoke_2026-05-08/tmp/zeta_q.h5  shape: (3,3,1,640,46080)
  Timing (1 r-chunks, 2.1s total):
    fit      1.97s  94.4%
    H5       0.11s   5.1%
  Timing (1 r-chunks, 2.1s total):
  Zeta output: /pscratch/sd/j/jackm/lorrax_sandbox/runs/MoS2/00_mos2_3x3_cohsex/A_bispinor_smoke_2026-05-08/tmp/zeta_q.h5  shape: (3,3,1,640,46080)
  Timing (1 r-chunks, 2.1s total):
    fit      1.94s  93.8%
    H5       0.12s   5.8%
  Zeta output: /pscratch/sd/j/jackm/lorrax_sandbox/runs/MoS2/00_mos2_3x3_cohsex/A_bispinor_smoke_2026-05-08/tmp/zeta_q.h5  shape: (3,3,1,640,46080)
  Timing (1 r-chunks, 2.1s total):
    fit      1.96s  93.8%
    H5       0.12s   5.9%
  Zeta output: /pscratch/sd/j/jackm/lorrax_sandbox/runs/MoS2/00_mos2_3x3_cohsex/A_bispinor_smoke_2026-05-08/tmp/zeta_q.h5  shape: (3,3,1,640,46080)
    fit      1.94s  93.9%
    H5       0.12s   5.7%
  Zeta output: /pscratch/sd/j/jackm/lorrax_sandbox/runs/MoS2/00_mos2_3x3_cohsex/A_bispinor_smoke_2026-05-08/tmp/zeta_q.h5  shape: (3,3,1,640,46080)
  Timing (1 r-chunks, 2.1s total):
    fit      1.99s  95.5%
    H5       0.08s   4.0%
    fit      1.98s  95.4%
    H5       0.09s   4.3%
  Timing (1 r-chunks, 2.1s total):
    fit      1.73s  83.4%
    H5       0.34s  16.4%
  [diag] ζ^{μ_L=0} q=0: max|ζ|=3.925e+00, L2=3.839e+02
    GPU high-water mark: 2.13 GB / 28.00 GB budget (8%)
    γ (runtime / AOT-pred) = 1.781  (AOT predicted 1.19 GB)

  [bispinor] fitting ζ^{μ_L=1,2,3} on current-density centroids: centroids_frac_656_current.txt
  [bispinor] μ_L=1 → /pscratch/sd/j/jackm/lorrax_sandbox/runs/MoS2/00_mos2_3x3_cohsex/A_bispinor_smoke_2026-05-08/tmp/zeta_q_mu1.h5

  Zeta fitting: 1 r-chunks x 46080 r-points, 80 bands (80 left + 80 right)
  Output: /pscratch/sd/j/jackm/lorrax_sandbox/runs/MoS2/00_mos2_3x3_cohsex/A_bispinor_smoke_2026-05-08/tmp/zeta_q_mu1.h5
  Left wfns:  (9, 80, 4, 656)
  Right wfns: (9, 80, 4, 656)

  Zeta fitting: 1 r-chunks x 46080 r-points, 80 bands (80 left + 80 right)
  Output: /pscratch/sd/j/jackm/lorrax_sandbox/runs/MoS2/00_mos2_3x3_cohsex/A_bispinor_smoke_2026-05-08/tmp/zeta_q_mu1.h5
  Left wfns:  (9, 80, 4, 656)
  Right wfns: (9, 80, 4, 656)

  Zeta fitting: 1 r-chunks x 46080 r-points, 80 bands (80 left + 80 right)
  Output: /pscratch/sd/j/jackm/lorrax_sandbox/runs/MoS2/00_mos2_3x3_cohsex/A_bispinor_smoke_2026-05-08/tmp/zeta_q_mu1.h5
  Left wfns:  (9, 80, 4, 656)
  Right wfns: (9, 80, 4, 656)

  Zeta fitting: 1 r-chunks x 46080 r-points, 80 bands (80 left + 80 right)
  Output: /pscratch/sd/j/jackm/lorrax_sandbox/runs/MoS2/00_mos2_3x3_cohsex/A_bispinor_smoke_2026-05-08/tmp/zeta_q_mu1.h5
  Left wfns:  (9, 80, 4, 656)
  Right wfns: (9, 80, 4, 656)

  Zeta fitting: 1 r-chunks x 46080 r-points, 80 bands (80 left + 80 right)
  Output: /pscratch/sd/j/jackm/lorrax_sandbox/runs/MoS2/00_mos2_3x3_cohsex/A_bispinor_smoke_2026-05-08/tmp/zeta_q_mu1.h5
  Left wfns:  (9, 80, 4, 656)
  Right wfns: (9, 80, 4, 656)

  Zeta fitting: 1 r-chunks x 46080 r-points, 80 bands (80 left + 80 right)
  Output: /pscratch/sd/j/jackm/lorrax_sandbox/runs/MoS2/00_mos2_3x3_cohsex/A_bispinor_smoke_2026-05-08/tmp/zeta_q_mu1.h5

  Zeta fitting: 1 r-chunks x 46080 r-points, 80 bands (80 left + 80 right)
  Output: /pscratch/sd/j/jackm/lorrax_sandbox/runs/MoS2/00_mos2_3x3_cohsex/A_bispinor_smoke_2026-05-08/tmp/zeta_q_mu1.h5
  Left wfns:  (9, 80, 4, 656)
  Right wfns: (9, 80, 4, 656)

  Zeta fitting: 1 r-chunks x 46080 r-points, 80 bands (80 left + 80 right)
  Output: /pscratch/sd/j/jackm/lorrax_sandbox/runs/MoS2/00_mos2_3x3_cohsex/A_bispinor_smoke_2026-05-08/tmp/zeta_q_mu1.h5
  Left wfns:  (9, 80, 4, 656)
  Right wfns: (9, 80, 4, 656)
  Left wfns:  (9, 80, 4, 656)
  Right wfns: (9, 80, 4, 656)

  Zeta fitting: 1 r-chunks x 46080 r-points, 80 bands (80 left + 80 right)
  Output: /pscratch/sd/j/jackm/lorrax_sandbox/runs/MoS2/00_mos2_3x3_cohsex/A_bispinor_smoke_2026-05-08/tmp/zeta_q_mu1.h5
  Left wfns:  (9, 80, 4, 656)
  Right wfns: (9, 80, 4, 656)

  Zeta fitting: 1 r-chunks x 46080 r-points, 80 bands (80 left + 80 right)
  Output: /pscratch/sd/j/jackm/lorrax_sandbox/runs/MoS2/00_mos2_3x3_cohsex/A_bispinor_smoke_2026-05-08/tmp/zeta_q_mu1.h5
  Left wfns:  (9, 80, 4, 656)
  Right wfns: (9, 80, 4, 656)

  Zeta fitting: 1 r-chunks x 46080 r-points, 80 bands (80 left + 80 right)
  Output: /pscratch/sd/j/jackm/lorrax_sandbox/runs/MoS2/00_mos2_3x3_cohsex/A_bispinor_smoke_2026-05-08/tmp/zeta_q_mu1.h5
  Left wfns:  (9, 80, 4, 656)
  Right wfns: (9, 80, 4, 656)

  Zeta fitting: 1 r-chunks x 46080 r-points, 80 bands (80 left + 80 right)
  Output: /pscratch/sd/j/jackm/lorrax_sandbox/runs/MoS2/00_mos2_3x3_cohsex/A_bispinor_smoke_2026-05-08/tmp/zeta_q_mu1.h5
  Left wfns:  (9, 80, 4, 656)
  Right wfns: (9, 80, 4, 656)

  Zeta fitting: 1 r-chunks x 46080 r-points, 80 bands (80 left + 80 right)
  Output: /pscratch/sd/j/jackm/lorrax_sandbox/runs/MoS2/00_mos2_3x3_cohsex/A_bispinor_smoke_2026-05-08/tmp/zeta_q_mu1.h5
  Left wfns:  (9, 80, 4, 656)
  Right wfns: (9, 80, 4, 656)

  Zeta fitting: 1 r-chunks x 46080 r-points, 80 bands (80 left + 80 right)
  Output: /pscratch/sd/j/jackm/lorrax_sandbox/runs/MoS2/00_mos2_3x3_cohsex/A_bispinor_smoke_2026-05-08/tmp/zeta_q_mu1.h5
  Left wfns:  (9, 80, 4, 656)
  Right wfns: (9, 80, 4, 656)
  Pseudobands normalization: 0 weighted, 0 zero-weight (skipped)

  Zeta fitting: 1 r-chunks x 46080 r-points, 80 bands (80 left + 80 right)
  Output: /pscratch/sd/j/jackm/lorrax_sandbox/runs/MoS2/00_mos2_3x3_cohsex/A_bispinor_smoke_2026-05-08/tmp/zeta_q_mu1.h5
  Left wfns:  (9, 80, 4, 656)
  Right wfns: (9, 80, 4, 656)

  Zeta fitting: 1 r-chunks x 46080 r-points, 80 bands (80 left + 80 right)
  Output: /pscratch/sd/j/jackm/lorrax_sandbox/runs/MoS2/00_mos2_3x3_cohsex/A_bispinor_smoke_2026-05-08/tmp/zeta_q_mu1.h5
  Left wfns:  (9, 80, 4, 656)
  Right wfns: (9, 80, 4, 656)
  Computing pair densities P_l, P_r (spin_traced) for L_q metric
/opt/jax/jax/_src/interpreters/mlir.py:1178: UserWarning: Some donated buffers were not usable: ShapedArray(complex128[9,164,164]).
See an explanation at https://jax.readthedocs.io/en/latest/faq.html#buffer-donation.
  warnings.warn("Some donated buffers were not usable:"
  Pseudobands normalization: 0 weighted, 0 zero-weight (skipped)
  Pseudobands normalization: 0 weighted, 0 zero-weight (skipped)
  Pseudobands normalization: 0 weighted, 0 zero-weight (skipped)
  Pseudobands normalization: 0 weighted, 0 zero-weight (skipped)
  Pseudobands normalization: 0 weighted, 0 zero-weight (skipped)
  Pseudobands normalization: 0 weighted, 0 zero-weight (skipped)
  Pseudobands normalization: 0 weighted, 0 zero-weight (skipped)
  Pseudobands normalization: 0 weighted, 0 zero-weight (skipped)
  Pseudobands normalization: 0 weighted, 0 zero-weight (skipped)
  Pseudobands normalization: 0 weighted, 0 zero-weight (skipped)
  Pseudobands normalization: 0 weighted, 0 zero-weight (skipped)
  Pseudobands normalization: 0 weighted, 0 zero-weight (skipped)
  Pseudobands normalization: 0 weighted, 0 zero-weight (skipped)
  Pseudobands normalization: 0 weighted, 0 zero-weight (skipped)
  Pseudobands normalization: 0 weighted, 0 zero-weight (skipped)
  Computing L_q = chol(C_q)  (charge-channel metric, reused for all vertex_mu_L)
  Computing pair densities P_l, P_r (spin_traced) for L_q metric
  Computing pair densities P_l, P_r (spin_traced) for L_q metric
/opt/jax/jax/_src/interpreters/mlir.py:1178: UserWarning: Some donated buffers were not usable: ShapedArray(complex128[9,164,164]).
See an explanation at https://jax.readthedocs.io/en/latest/faq.html#buffer-donation.
  warnings.warn("Some donated buffers were not usable:"
  Computing pair densities P_l, P_r (spin_traced) for L_q metric
  Computing pair densities P_l, P_r (spin_traced) for L_q metric
/opt/jax/jax/_src/interpreters/mlir.py:1178: UserWarning: Some donated buffers were not usable: ShapedArray(complex128[9,164,164]).
See an explanation at https://jax.readthedocs.io/en/latest/faq.html#buffer-donation.
  warnings.warn("Some donated buffers were not usable:"
  Computing pair densities P_l, P_r (spin_traced) for L_q metric
  Computing pair densities P_l, P_r (spin_traced) for L_q metric
  Computing pair densities P_l, P_r (spin_traced) for L_q metric
  Computing pair densities P_l, P_r (spin_traced) for L_q metric
/opt/jax/jax/_src/interpreters/mlir.py:1178: UserWarning: Some donated buffers were not usable: ShapedArray(complex128[9,164,164]).
See an explanation at https://jax.readthedocs.io/en/latest/faq.html#buffer-donation.
  warnings.warn("Some donated buffers were not usable:"
/opt/jax/jax/_src/interpreters/mlir.py:1178: UserWarning: Some donated buffers were not usable: ShapedArray(complex128[9,164,164]).
See an explanation at https://jax.readthedocs.io/en/latest/faq.html#buffer-donation.
  warnings.warn("Some donated buffers were not usable:"
/opt/jax/jax/_src/interpreters/mlir.py:1178: UserWarning: Some donated buffers were not usable: ShapedArray(complex128[9,164,164]).
See an explanation at https://jax.readthedocs.io/en/latest/faq.html#buffer-donation.
  warnings.warn("Some donated buffers were not usable:"
/opt/jax/jax/_src/interpreters/mlir.py:1178: UserWarning: Some donated buffers were not usable: ShapedArray(complex128[9,164,164]).
See an explanation at https://jax.readthedocs.io/en/latest/faq.html#buffer-donation.
  warnings.warn("Some donated buffers were not usable:"
  Computing pair densities P_l, P_r (spin_traced) for L_q metric
  Computing pair densities P_l, P_r (spin_traced) for L_q metric
/opt/jax/jax/_src/interpreters/mlir.py:1178: UserWarning: Some donated buffers were not usable: ShapedArray(complex128[9,164,164]).
See an explanation at https://jax.readthedocs.io/en/latest/faq.html#buffer-donation.
  warnings.warn("Some donated buffers were not usable:"
  Computing pair densities P_l, P_r (spin_traced) for L_q metric
/opt/jax/jax/_src/interpreters/mlir.py:1178: UserWarning: Some donated buffers were not usable: ShapedArray(complex128[9,164,164]).
See an explanation at https://jax.readthedocs.io/en/latest/faq.html#buffer-donation.
  warnings.warn("Some donated buffers were not usable:"
  Computing pair densities P_l, P_r (spin_traced) for L_q metric
  Computing pair densities P_l, P_r (spin_traced) for L_q metric
  Computing pair densities P_l, P_r (spin_traced) for L_q metric
  Computing pair densities P_l, P_r (spin_traced) for L_q metric
/opt/jax/jax/_src/interpreters/mlir.py:1178: UserWarning: Some donated buffers were not usable: ShapedArray(complex128[9,164,164]).
See an explanation at https://jax.readthedocs.io/en/latest/faq.html#buffer-donation.
  warnings.warn("Some donated buffers were not usable:"
/opt/jax/jax/_src/interpreters/mlir.py:1178: UserWarning: Some donated buffers were not usable: ShapedArray(complex128[9,164,164]).
See an explanation at https://jax.readthedocs.io/en/latest/faq.html#buffer-donation.
  warnings.warn("Some donated buffers were not usable:"
/opt/jax/jax/_src/interpreters/mlir.py:1178: UserWarning: Some donated buffers were not usable: ShapedArray(complex128[9,164,164]).
See an explanation at https://jax.readthedocs.io/en/latest/faq.html#buffer-donation.
  warnings.warn("Some donated buffers were not usable:"
/opt/jax/jax/_src/interpreters/mlir.py:1178: UserWarning: Some donated buffers were not usable: ShapedArray(complex128[9,164,164]).
See an explanation at https://jax.readthedocs.io/en/latest/faq.html#buffer-donation.
  warnings.warn("Some donated buffers were not usable:"
/opt/jax/jax/_src/interpreters/mlir.py:1178: UserWarning: Some donated buffers were not usable: ShapedArray(complex128[9,164,164]).
See an explanation at https://jax.readthedocs.io/en/latest/faq.html#buffer-donation.
  warnings.warn("Some donated buffers were not usable:"
/opt/jax/jax/_src/interpreters/mlir.py:1178: UserWarning: Some donated buffers were not usable: ShapedArray(complex128[9,164,164]).
See an explanation at https://jax.readthedocs.io/en/latest/faq.html#buffer-donation.
  warnings.warn("Some donated buffers were not usable:"
/opt/jax/jax/_src/interpreters/mlir.py:1178: UserWarning: Some donated buffers were not usable: ShapedArray(complex128[9,164,164]).
See an explanation at https://jax.readthedocs.io/en/latest/faq.html#buffer-donation.
  warnings.warn("Some donated buffers were not usable:"
  Computing L_q = chol(C_q)  (charge-channel metric, reused for all vertex_mu_L)
  Computing L_q = chol(C_q)  (charge-channel metric, reused for all vertex_mu_L)
  Computing L_q = chol(C_q)  (charge-channel metric, reused for all vertex_mu_L)
  Computing L_q = chol(C_q)  (charge-channel metric, reused for all vertex_mu_L)
  Computing L_q = chol(C_q)  (charge-channel metric, reused for all vertex_mu_L)
  Computing L_q = chol(C_q)  (charge-channel metric, reused for all vertex_mu_L)
  Computing L_q = chol(C_q)  (charge-channel metric, reused for all vertex_mu_L)
  Computing L_q = chol(C_q)  (charge-channel metric, reused for all vertex_mu_L)
  Computing L_q = chol(C_q)  (charge-channel metric, reused for all vertex_mu_L)
  Computing L_q = chol(C_q)  (charge-channel metric, reused for all vertex_mu_L)
  Computing L_q = chol(C_q)  (charge-channel metric, reused for all vertex_mu_L)
  Computing L_q = chol(C_q)  (charge-channel metric, reused for all vertex_mu_L)
  Computing L_q = chol(C_q)  (charge-channel metric, reused for all vertex_mu_L)
  Computing L_q = chol(C_q)  (charge-channel metric, reused for all vertex_mu_L)
  Computing L_q = chol(C_q)  (charge-channel metric, reused for all vertex_mu_L)
  L_q: (9, 656, 656)
  L_q: (9, 656, 656)
  L_q: (9, 656, 656)
  L_q: (9, 656, 656)
  L_q: (9, 656, 656)
  L_q: (9, 656, 656)
  L_q: (9, 656, 656)
  L_q: (9, 656, 656)
  L_q: (9, 656, 656)
  L_q: (9, 656, 656)
  L_q: (9, 656, 656)
  L_q: (9, 656, 656)
  L_q: (9, 656, 656)
  L_q: (9, 656, 656)
  L_q: (9, 656, 656)
  L_q: (9, 656, 656)
/global/u2/j/jackm/software/lorrax_A/src/file_io/_slab_io_ffi.py:385: UserWarning: FFI backend: chunks/attrs on create_dataset currently no-op; pre-create with h5py if you need explicit chunking or attrs.
  warnings.warn(
/global/u2/j/jackm/software/lorrax_A/src/file_io/_slab_io_ffi.py:385: UserWarning: FFI backend: chunks/attrs on create_dataset currently no-op; pre-create with h5py if you need explicit chunking or attrs.
  warnings.warn(
/global/u2/j/jackm/software/lorrax_A/src/file_io/_slab_io_ffi.py:385: UserWarning: FFI backend: chunks/attrs on create_dataset currently no-op; pre-create with h5py if you need explicit chunking or attrs.
  warnings.warn(
/global/u2/j/jackm/software/lorrax_A/src/file_io/_slab_io_ffi.py:385: UserWarning: FFI backend: chunks/attrs on create_dataset currently no-op; pre-create with h5py if you need explicit chunking or attrs.
  warnings.warn(
/global/u2/j/jackm/software/lorrax_A/src/file_io/_slab_io_ffi.py:385: UserWarning: FFI backend: chunks/attrs on create_dataset currently no-op; pre-create with h5py if you need explicit chunking or attrs.
  warnings.warn(
/global/u2/j/jackm/software/lorrax_A/src/file_io/_slab_io_ffi.py:385: UserWarning: FFI backend: chunks/attrs on create_dataset currently no-op; pre-create with h5py if you need explicit chunking or attrs.
  warnings.warn(
/global/u2/j/jackm/software/lorrax_A/src/file_io/_slab_io_ffi.py:385: UserWarning: FFI backend: chunks/attrs on create_dataset currently no-op; pre-create with h5py if you need explicit chunking or attrs.
  warnings.warn(
/global/u2/j/jackm/software/lorrax_A/src/file_io/_slab_io_ffi.py:385: UserWarning: FFI backend: chunks/attrs on create_dataset currently no-op; pre-create with h5py if you need explicit chunking or attrs.
  warnings.warn(
/global/u2/j/jackm/software/lorrax_A/src/file_io/_slab_io_ffi.py:385: UserWarning: FFI backend: chunks/attrs on create_dataset currently no-op; pre-create with h5py if you need explicit chunking or attrs.
  warnings.warn(
/global/u2/j/jackm/software/lorrax_A/src/file_io/_slab_io_ffi.py:385: UserWarning: FFI backend: chunks/attrs on create_dataset currently no-op; pre-create with h5py if you need explicit chunking or attrs.
  warnings.warn(
/global/u2/j/jackm/software/lorrax_A/src/file_io/_slab_io_ffi.py:385: UserWarning: FFI backend: chunks/attrs on create_dataset currently no-op; pre-create with h5py if you need explicit chunking or attrs.
  warnings.warn(
/global/u2/j/jackm/software/lorrax_A/src/file_io/_slab_io_ffi.py:385: UserWarning: FFI backend: chunks/attrs on create_dataset currently no-op; pre-create with h5py if you need explicit chunking or attrs.
  warnings.warn(
/global/u2/j/jackm/software/lorrax_A/src/file_io/_slab_io_ffi.py:385: UserWarning: FFI backend: chunks/attrs on create_dataset currently no-op; pre-create with h5py if you need explicit chunking or attrs.
  warnings.warn(
/global/u2/j/jackm/software/lorrax_A/src/file_io/_slab_io_ffi.py:385: UserWarning: FFI backend: chunks/attrs on create_dataset currently no-op; pre-create with h5py if you need explicit chunking or attrs.
  warnings.warn(
/global/u2/j/jackm/software/lorrax_A/src/file_io/_slab_io_ffi.py:385: UserWarning: FFI backend: chunks/attrs on create_dataset currently no-op; pre-create with h5py if you need explicit chunking or attrs.
  warnings.warn(
/global/u2/j/jackm/software/lorrax_A/src/file_io/_slab_io_ffi.py:385: UserWarning: FFI backend: chunks/attrs on create_dataset currently no-op; pre-create with h5py if you need explicit chunking or attrs.
  warnings.warn(
  ψ(G) host cache: 0.13 GB/process resident
Started zeta fitting at 21:37:49.
[ 21:37:49 | ██████████ | 100% ] r-chunk 1 / 1 · ETA 0 s
Finished zeta fitting at 21:37:49.  Elapsed: 0 s.
  [SlabIO.close] draining 1 pending writes for zeta_q_mu1.h5 …
  [SlabIO.close] Python dispatch drained in 1.0 s; joining writer thread
  [SlabIO.close] writer thread joined in 0.0 s; calling H5Fclose collectively
  [SlabIO.close] H5Fclose returned in 0.2 s
  Zeta output: /pscratch/sd/j/jackm/lorrax_sandbox/runs/MoS2/00_mos2_3x3_cohsex/A_bispinor_smoke_2026-05-08/tmp/zeta_q_mu1.h5  shape: (3,3,1,656,46080)
  Timing (1 r-chunks, 2.0s total):
    fit      1.66s  80.9%
    H5       0.39s  19.1%
  Zeta output: /pscratch/sd/j/jackm/lorrax_sandbox/runs/MoS2/00_mos2_3x3_cohsex/A_bispinor_smoke_2026-05-08/tmp/zeta_q_mu1.h5  shape: (3,3,1,656,46080)
  Zeta output: /pscratch/sd/j/jackm/lorrax_sandbox/runs/MoS2/00_mos2_3x3_cohsex/A_bispinor_smoke_2026-05-08/tmp/zeta_q_mu1.h5  shape: (3,3,1,656,46080)
  Timing (1 r-chunks, 2.1s total):
    fit      1.90s  91.9%
    H5       0.17s   8.1%
  Timing (1 r-chunks, 2.0s total):
  Zeta output: /pscratch/sd/j/jackm/lorrax_sandbox/runs/MoS2/00_mos2_3x3_cohsex/A_bispinor_smoke_2026-05-08/tmp/zeta_q_mu1.h5  shape: (3,3,1,656,46080)
  Timing (1 r-chunks, 2.2s total):
    fit      1.91s  85.1%
    H5       0.33s  14.9%
  Zeta output: /pscratch/sd/j/jackm/lorrax_sandbox/runs/MoS2/00_mos2_3x3_cohsex/A_bispinor_smoke_2026-05-08/tmp/zeta_q_mu1.h5  shape: (3,3,1,656,46080)
  Timing (1 r-chunks, 2.1s total):
    fit      1.91s  91.7%
    H5       0.17s   8.3%
  Zeta output: /pscratch/sd/j/jackm/lorrax_sandbox/runs/MoS2/00_mos2_3x3_cohsex/A_bispinor_smoke_2026-05-08/tmp/zeta_q_mu1.h5  shape: (3,3,1,656,46080)
    fit      1.87s  91.3%
  Zeta output: /pscratch/sd/j/jackm/lorrax_sandbox/runs/MoS2/00_mos2_3x3_cohsex/A_bispinor_smoke_2026-05-08/tmp/zeta_q_mu1.h5  shape: (3,3,1,656,46080)
  Timing (1 r-chunks, 2.1s total):
    fit      1.96s  95.2%
    H5       0.10s   4.8%
  Zeta output: /pscratch/sd/j/jackm/lorrax_sandbox/runs/MoS2/00_mos2_3x3_cohsex/A_bispinor_smoke_2026-05-08/tmp/zeta_q_mu1.h5  shape: (3,3,1,656,46080)
  Timing (1 r-chunks, 2.1s total):
    fit      1.96s  94.9%
    H5       0.10s   5.1%
    H5       0.18s   8.7%
  Zeta output: /pscratch/sd/j/jackm/lorrax_sandbox/runs/MoS2/00_mos2_3x3_cohsex/A_bispinor_smoke_2026-05-08/tmp/zeta_q_mu1.h5  shape: (3,3,1,656,46080)
  Timing (1 r-chunks, 2.1s total):
    fit      1.97s  94.9%
    H5       0.11s   5.1%
  Timing (1 r-chunks, 2.0s total):
    fit      1.93s  94.3%
    H5       0.12s   5.7%
  Zeta output: /pscratch/sd/j/jackm/lorrax_sandbox/runs/MoS2/00_mos2_3x3_cohsex/A_bispinor_smoke_2026-05-08/tmp/zeta_q_mu1.h5  shape: (3,3,1,656,46080)
  Timing (1 r-chunks, 2.1s total):
    fit      1.67s  80.9%
  Zeta output: /pscratch/sd/j/jackm/lorrax_sandbox/runs/MoS2/00_mos2_3x3_cohsex/A_bispinor_smoke_2026-05-08/tmp/zeta_q_mu1.h5  shape: (3,3,1,656,46080)
  Timing (1 r-chunks, 2.1s total):
  Zeta output: /pscratch/sd/j/jackm/lorrax_sandbox/runs/MoS2/00_mos2_3x3_cohsex/A_bispinor_smoke_2026-05-08/tmp/zeta_q_mu1.h5  shape: (3,3,1,656,46080)
  Timing (1 r-chunks, 2.1s total):
    fit      1.96s  94.2%
    H5       0.12s   5.8%
  Zeta output: /pscratch/sd/j/jackm/lorrax_sandbox/runs/MoS2/00_mos2_3x3_cohsex/A_bispinor_smoke_2026-05-08/tmp/zeta_q_mu1.h5  shape: (3,3,1,656,46080)
  Timing (1 r-chunks, 2.1s total):
    fit      1.67s  81.4%
  Zeta output: /pscratch/sd/j/jackm/lorrax_sandbox/runs/MoS2/00_mos2_3x3_cohsex/A_bispinor_smoke_2026-05-08/tmp/zeta_q_mu1.h5  shape: (3,3,1,656,46080)
  Zeta output: /pscratch/sd/j/jackm/lorrax_sandbox/runs/MoS2/00_mos2_3x3_cohsex/A_bispinor_smoke_2026-05-08/tmp/zeta_q_mu1.h5  shape: (3,3,1,656,46080)
  Timing (1 r-chunks, 2.0s total):
  Zeta output: /pscratch/sd/j/jackm/lorrax_sandbox/runs/MoS2/00_mos2_3x3_cohsex/A_bispinor_smoke_2026-05-08/tmp/zeta_q_mu1.h5  shape: (3,3,1,656,46080)
  Timing (1 r-chunks, 2.0s total):
    fit      1.87s  91.3%
    H5       0.39s  19.1%
    fit      1.88s  91.8%
    H5       0.17s   8.2%
    H5       0.38s  18.6%
  Timing (1 r-chunks, 2.1s total):
    fit      1.89s  91.7%
    H5       0.17s   8.3%
    fit      1.94s  95.0%
    H5       0.10s   5.0%
    H5       0.18s   8.7%
  [diag] ζ^{μ_L=1} q=0: max|ζ|=8.482e+00, L2=2.902e+02
  [bispinor] μ_L=2 → /pscratch/sd/j/jackm/lorrax_sandbox/runs/MoS2/00_mos2_3x3_cohsex/A_bispinor_smoke_2026-05-08/tmp/zeta_q_mu2.h5

  Zeta fitting: 1 r-chunks x 46080 r-points, 80 bands (80 left + 80 right)
  Output: /pscratch/sd/j/jackm/lorrax_sandbox/runs/MoS2/00_mos2_3x3_cohsex/A_bispinor_smoke_2026-05-08/tmp/zeta_q_mu2.h5
  Left wfns:  (9, 80, 4, 656)
  Right wfns: (9, 80, 4, 656)

  Zeta fitting: 1 r-chunks x 46080 r-points, 80 bands (80 left + 80 right)
  Output: /pscratch/sd/j/jackm/lorrax_sandbox/runs/MoS2/00_mos2_3x3_cohsex/A_bispinor_smoke_2026-05-08/tmp/zeta_q_mu2.h5
  Left wfns:  (9, 80, 4, 656)
  Right wfns: (9, 80, 4, 656)

  Zeta fitting: 1 r-chunks x 46080 r-points, 80 bands (80 left + 80 right)
  Output: /pscratch/sd/j/jackm/lorrax_sandbox/runs/MoS2/00_mos2_3x3_cohsex/A_bispinor_smoke_2026-05-08/tmp/zeta_q_mu2.h5
  Left wfns:  (9, 80, 4, 656)
  Right wfns: (9, 80, 4, 656)

  Zeta fitting: 1 r-chunks x 46080 r-points, 80 bands (80 left + 80 right)
  Output: /pscratch/sd/j/jackm/lorrax_sandbox/runs/MoS2/00_mos2_3x3_cohsex/A_bispinor_smoke_2026-05-08/tmp/zeta_q_mu2.h5

  Zeta fitting: 1 r-chunks x 46080 r-points, 80 bands (80 left + 80 right)
  Output: /pscratch/sd/j/jackm/lorrax_sandbox/runs/MoS2/00_mos2_3x3_cohsex/A_bispinor_smoke_2026-05-08/tmp/zeta_q_mu2.h5
  Left wfns:  (9, 80, 4, 656)
  Right wfns: (9, 80, 4, 656)

  Zeta fitting: 1 r-chunks x 46080 r-points, 80 bands (80 left + 80 right)
  Output: /pscratch/sd/j/jackm/lorrax_sandbox/runs/MoS2/00_mos2_3x3_cohsex/A_bispinor_smoke_2026-05-08/tmp/zeta_q_mu2.h5
  Left wfns:  (9, 80, 4, 656)
  Right wfns: (9, 80, 4, 656)
  Left wfns:  (9, 80, 4, 656)
  Right wfns: (9, 80, 4, 656)

  Zeta fitting: 1 r-chunks x 46080 r-points, 80 bands (80 left + 80 right)
  Output: /pscratch/sd/j/jackm/lorrax_sandbox/runs/MoS2/00_mos2_3x3_cohsex/A_bispinor_smoke_2026-05-08/tmp/zeta_q_mu2.h5
  Left wfns:  (9, 80, 4, 656)
  Right wfns: (9, 80, 4, 656)

  Zeta fitting: 1 r-chunks x 46080 r-points, 80 bands (80 left + 80 right)
  Output: /pscratch/sd/j/jackm/lorrax_sandbox/runs/MoS2/00_mos2_3x3_cohsex/A_bispinor_smoke_2026-05-08/tmp/zeta_q_mu2.h5
  Left wfns:  (9, 80, 4, 656)
  Right wfns: (9, 80, 4, 656)

  Zeta fitting: 1 r-chunks x 46080 r-points, 80 bands (80 left + 80 right)
  Output: /pscratch/sd/j/jackm/lorrax_sandbox/runs/MoS2/00_mos2_3x3_cohsex/A_bispinor_smoke_2026-05-08/tmp/zeta_q_mu2.h5
  Left wfns:  (9, 80, 4, 656)
  Right wfns: (9, 80, 4, 656)

  Zeta fitting: 1 r-chunks x 46080 r-points, 80 bands (80 left + 80 right)
  Output: /pscratch/sd/j/jackm/lorrax_sandbox/runs/MoS2/00_mos2_3x3_cohsex/A_bispinor_smoke_2026-05-08/tmp/zeta_q_mu2.h5
  Left wfns:  (9, 80, 4, 656)
  Right wfns: (9, 80, 4, 656)
  Pseudobands normalization: 0 weighted, 0 zero-weight (skipped)
  Computing pair densities P_l, P_r (spin_traced) for L_q metric

  Zeta fitting: 1 r-chunks x 46080 r-points, 80 bands (80 left + 80 right)
  Output: /pscratch/sd/j/jackm/lorrax_sandbox/runs/MoS2/00_mos2_3x3_cohsex/A_bispinor_smoke_2026-05-08/tmp/zeta_q_mu2.h5
  Left wfns:  (9, 80, 4, 656)
  Right wfns: (9, 80, 4, 656)

  Zeta fitting: 1 r-chunks x 46080 r-points, 80 bands (80 left + 80 right)
  Output: /pscratch/sd/j/jackm/lorrax_sandbox/runs/MoS2/00_mos2_3x3_cohsex/A_bispinor_smoke_2026-05-08/tmp/zeta_q_mu2.h5
  Left wfns:  (9, 80, 4, 656)
  Right wfns: (9, 80, 4, 656)

  Zeta fitting: 1 r-chunks x 46080 r-points, 80 bands (80 left + 80 right)
  Output: /pscratch/sd/j/jackm/lorrax_sandbox/runs/MoS2/00_mos2_3x3_cohsex/A_bispinor_smoke_2026-05-08/tmp/zeta_q_mu2.h5
  Left wfns:  (9, 80, 4, 656)
  Right wfns: (9, 80, 4, 656)

  Zeta fitting: 1 r-chunks x 46080 r-points, 80 bands (80 left + 80 right)
  Output: /pscratch/sd/j/jackm/lorrax_sandbox/runs/MoS2/00_mos2_3x3_cohsex/A_bispinor_smoke_2026-05-08/tmp/zeta_q_mu2.h5
  Left wfns:  (9, 80, 4, 656)
  Right wfns: (9, 80, 4, 656)

  Zeta fitting: 1 r-chunks x 46080 r-points, 80 bands (80 left + 80 right)
  Output: /pscratch/sd/j/jackm/lorrax_sandbox/runs/MoS2/00_mos2_3x3_cohsex/A_bispinor_smoke_2026-05-08/tmp/zeta_q_mu2.h5
  Left wfns:  (9, 80, 4, 656)
  Right wfns: (9, 80, 4, 656)

  Zeta fitting: 1 r-chunks x 46080 r-points, 80 bands (80 left + 80 right)
  Output: /pscratch/sd/j/jackm/lorrax_sandbox/runs/MoS2/00_mos2_3x3_cohsex/A_bispinor_smoke_2026-05-08/tmp/zeta_q_mu2.h5
  Left wfns:  (9, 80, 4, 656)
  Right wfns: (9, 80, 4, 656)
/opt/jax/jax/_src/interpreters/mlir.py:1178: UserWarning: Some donated buffers were not usable: ShapedArray(complex128[9,164,164]).
See an explanation at https://jax.readthedocs.io/en/latest/faq.html#buffer-donation.
  warnings.warn("Some donated buffers were not usable:"
  Computing L_q = chol(C_q)  (charge-channel metric, reused for all vertex_mu_L)
  Pseudobands normalization: 0 weighted, 0 zero-weight (skipped)
  Computing pair densities P_l, P_r (spin_traced) for L_q metric
  Pseudobands normalization: 0 weighted, 0 zero-weight (skipped)
  Computing pair densities P_l, P_r (spin_traced) for L_q metric
  Pseudobands normalization: 0 weighted, 0 zero-weight (skipped)
  Computing pair densities P_l, P_r (spin_traced) for L_q metric
  Pseudobands normalization: 0 weighted, 0 zero-weight (skipped)
  Computing pair densities P_l, P_r (spin_traced) for L_q metric
  Pseudobands normalization: 0 weighted, 0 zero-weight (skipped)
  Computing pair densities P_l, P_r (spin_traced) for L_q metric
  Pseudobands normalization: 0 weighted, 0 zero-weight (skipped)
  Computing pair densities P_l, P_r (spin_traced) for L_q metric
  Pseudobands normalization: 0 weighted, 0 zero-weight (skipped)
  Computing pair densities P_l, P_r (spin_traced) for L_q metric
  Pseudobands normalization: 0 weighted, 0 zero-weight (skipped)
  Computing pair densities P_l, P_r (spin_traced) for L_q metric
  Pseudobands normalization: 0 weighted, 0 zero-weight (skipped)
  Computing pair densities P_l, P_r (spin_traced) for L_q metric
/opt/jax/jax/_src/interpreters/mlir.py:1178: UserWarning: Some donated buffers were not usable: ShapedArray(complex128[9,164,164]).
See an explanation at https://jax.readthedocs.io/en/latest/faq.html#buffer-donation.
  warnings.warn("Some donated buffers were not usable:"
  Pseudobands normalization: 0 weighted, 0 zero-weight (skipped)
  Computing pair densities P_l, P_r (spin_traced) for L_q metric
/opt/jax/jax/_src/interpreters/mlir.py:1178: UserWarning: Some donated buffers were not usable: ShapedArray(complex128[9,164,164]).
See an explanation at https://jax.readthedocs.io/en/latest/faq.html#buffer-donation.
  warnings.warn("Some donated buffers were not usable:"
/opt/jax/jax/_src/interpreters/mlir.py:1178: UserWarning: Some donated buffers were not usable: ShapedArray(complex128[9,164,164]).
See an explanation at https://jax.readthedocs.io/en/latest/faq.html#buffer-donation.
  warnings.warn("Some donated buffers were not usable:"
/opt/jax/jax/_src/interpreters/mlir.py:1178: UserWarning: Some donated buffers were not usable: ShapedArray(complex128[9,164,164]).
See an explanation at https://jax.readthedocs.io/en/latest/faq.html#buffer-donation.
  warnings.warn("Some donated buffers were not usable:"
/opt/jax/jax/_src/interpreters/mlir.py:1178: UserWarning: Some donated buffers were not usable: ShapedArray(complex128[9,164,164]).
See an explanation at https://jax.readthedocs.io/en/latest/faq.html#buffer-donation.
  warnings.warn("Some donated buffers were not usable:"
/opt/jax/jax/_src/interpreters/mlir.py:1178: UserWarning: Some donated buffers were not usable: ShapedArray(complex128[9,164,164]).
See an explanation at https://jax.readthedocs.io/en/latest/faq.html#buffer-donation.
  warnings.warn("Some donated buffers were not usable:"
/opt/jax/jax/_src/interpreters/mlir.py:1178: UserWarning: Some donated buffers were not usable: ShapedArray(complex128[9,164,164]).
See an explanation at https://jax.readthedocs.io/en/latest/faq.html#buffer-donation.
  warnings.warn("Some donated buffers were not usable:"
/opt/jax/jax/_src/interpreters/mlir.py:1178: UserWarning: Some donated buffers were not usable: ShapedArray(complex128[9,164,164]).
See an explanation at https://jax.readthedocs.io/en/latest/faq.html#buffer-donation.
  warnings.warn("Some donated buffers were not usable:"
  Pseudobands normalization: 0 weighted, 0 zero-weight (skipped)
  Computing pair densities P_l, P_r (spin_traced) for L_q metric
  Pseudobands normalization: 0 weighted, 0 zero-weight (skipped)
  Computing pair densities P_l, P_r (spin_traced) for L_q metric
  Pseudobands normalization: 0 weighted, 0 zero-weight (skipped)
  Computing pair densities P_l, P_r (spin_traced) for L_q metric
/opt/jax/jax/_src/interpreters/mlir.py:1178: UserWarning: Some donated buffers were not usable: ShapedArray(complex128[9,164,164]).
See an explanation at https://jax.readthedocs.io/en/latest/faq.html#buffer-donation.
  warnings.warn("Some donated buffers were not usable:"
  Pseudobands normalization: 0 weighted, 0 zero-weight (skipped)
  Computing pair densities P_l, P_r (spin_traced) for L_q metric
  Pseudobands normalization: 0 weighted, 0 zero-weight (skipped)
  Computing pair densities P_l, P_r (spin_traced) for L_q metric
/opt/jax/jax/_src/interpreters/mlir.py:1178: UserWarning: Some donated buffers were not usable: ShapedArray(complex128[9,164,164]).
See an explanation at https://jax.readthedocs.io/en/latest/faq.html#buffer-donation.
  warnings.warn("Some donated buffers were not usable:"
/opt/jax/jax/_src/interpreters/mlir.py:1178: UserWarning: Some donated buffers were not usable: ShapedArray(complex128[9,164,164]).
See an explanation at https://jax.readthedocs.io/en/latest/faq.html#buffer-donation.
  warnings.warn("Some donated buffers were not usable:"
/opt/jax/jax/_src/interpreters/mlir.py:1178: UserWarning: Some donated buffers were not usable: ShapedArray(complex128[9,164,164]).
See an explanation at https://jax.readthedocs.io/en/latest/faq.html#buffer-donation.
  warnings.warn("Some donated buffers were not usable:"
/opt/jax/jax/_src/interpreters/mlir.py:1178: UserWarning: Some donated buffers were not usable: ShapedArray(complex128[9,164,164]).
See an explanation at https://jax.readthedocs.io/en/latest/faq.html#buffer-donation.
  warnings.warn("Some donated buffers were not usable:"
/opt/jax/jax/_src/interpreters/mlir.py:1178: UserWarning: Some donated buffers were not usable: ShapedArray(complex128[9,164,164]).
See an explanation at https://jax.readthedocs.io/en/latest/faq.html#buffer-donation.
  warnings.warn("Some donated buffers were not usable:"
/opt/jax/jax/_src/interpreters/mlir.py:1178: UserWarning: Some donated buffers were not usable: ShapedArray(complex128[9,164,164]).
See an explanation at https://jax.readthedocs.io/en/latest/faq.html#buffer-donation.
  warnings.warn("Some donated buffers were not usable:"
  Computing L_q = chol(C_q)  (charge-channel metric, reused for all vertex_mu_L)
  Computing L_q = chol(C_q)  (charge-channel metric, reused for all vertex_mu_L)
  Computing L_q = chol(C_q)  (charge-channel metric, reused for all vertex_mu_L)
  Computing L_q = chol(C_q)  (charge-channel metric, reused for all vertex_mu_L)
  Computing L_q = chol(C_q)  (charge-channel metric, reused for all vertex_mu_L)
  Computing L_q = chol(C_q)  (charge-channel metric, reused for all vertex_mu_L)
  Computing L_q = chol(C_q)  (charge-channel metric, reused for all vertex_mu_L)
  Computing L_q = chol(C_q)  (charge-channel metric, reused for all vertex_mu_L)
  Computing L_q = chol(C_q)  (charge-channel metric, reused for all vertex_mu_L)
  Computing L_q = chol(C_q)  (charge-channel metric, reused for all vertex_mu_L)
  Computing L_q = chol(C_q)  (charge-channel metric, reused for all vertex_mu_L)
  Computing L_q = chol(C_q)  (charge-channel metric, reused for all vertex_mu_L)
  Computing L_q = chol(C_q)  (charge-channel metric, reused for all vertex_mu_L)
  Computing L_q = chol(C_q)  (charge-channel metric, reused for all vertex_mu_L)
  Computing L_q = chol(C_q)  (charge-channel metric, reused for all vertex_mu_L)
  L_q: (9, 656, 656)
  L_q: (9, 656, 656)
  L_q: (9, 656, 656)
  L_q: (9, 656, 656)
  L_q: (9, 656, 656)
  L_q: (9, 656, 656)
  L_q: (9, 656, 656)
  L_q: (9, 656, 656)
  L_q: (9, 656, 656)
  L_q: (9, 656, 656)
  L_q: (9, 656, 656)
  L_q: (9, 656, 656)
  L_q: (9, 656, 656)
  L_q: (9, 656, 656)
  L_q: (9, 656, 656)
  L_q: (9, 656, 656)
/global/u2/j/jackm/software/lorrax_A/src/file_io/_slab_io_ffi.py:385: UserWarning: FFI backend: chunks/attrs on create_dataset currently no-op; pre-create with h5py if you need explicit chunking or attrs.
  warnings.warn(
/global/u2/j/jackm/software/lorrax_A/src/file_io/_slab_io_ffi.py:385: UserWarning: FFI backend: chunks/attrs on create_dataset currently no-op; pre-create with h5py if you need explicit chunking or attrs.
  warnings.warn(
/global/u2/j/jackm/software/lorrax_A/src/file_io/_slab_io_ffi.py:385: UserWarning: FFI backend: chunks/attrs on create_dataset currently no-op; pre-create with h5py if you need explicit chunking or attrs.
  warnings.warn(
/global/u2/j/jackm/software/lorrax_A/src/file_io/_slab_io_ffi.py:385: UserWarning: FFI backend: chunks/attrs on create_dataset currently no-op; pre-create with h5py if you need explicit chunking or attrs.
  warnings.warn(
/global/u2/j/jackm/software/lorrax_A/src/file_io/_slab_io_ffi.py:385: UserWarning: FFI backend: chunks/attrs on create_dataset currently no-op; pre-create with h5py if you need explicit chunking or attrs.
  warnings.warn(
/global/u2/j/jackm/software/lorrax_A/src/file_io/_slab_io_ffi.py:385: UserWarning: FFI backend: chunks/attrs on create_dataset currently no-op; pre-create with h5py if you need explicit chunking or attrs.
  warnings.warn(
/global/u2/j/jackm/software/lorrax_A/src/file_io/_slab_io_ffi.py:385: UserWarning: FFI backend: chunks/attrs on create_dataset currently no-op; pre-create with h5py if you need explicit chunking or attrs.
  warnings.warn(
/global/u2/j/jackm/software/lorrax_A/src/file_io/_slab_io_ffi.py:385: UserWarning: FFI backend: chunks/attrs on create_dataset currently no-op; pre-create with h5py if you need explicit chunking or attrs.
  warnings.warn(
/global/u2/j/jackm/software/lorrax_A/src/file_io/_slab_io_ffi.py:385: UserWarning: FFI backend: chunks/attrs on create_dataset currently no-op; pre-create with h5py if you need explicit chunking or attrs.
  warnings.warn(
/global/u2/j/jackm/software/lorrax_A/src/file_io/_slab_io_ffi.py:385: UserWarning: FFI backend: chunks/attrs on create_dataset currently no-op; pre-create with h5py if you need explicit chunking or attrs.
  warnings.warn(
/global/u2/j/jackm/software/lorrax_A/src/file_io/_slab_io_ffi.py:385: UserWarning: FFI backend: chunks/attrs on create_dataset currently no-op; pre-create with h5py if you need explicit chunking or attrs.
  warnings.warn(
/global/u2/j/jackm/software/lorrax_A/src/file_io/_slab_io_ffi.py:385: UserWarning: FFI backend: chunks/attrs on create_dataset currently no-op; pre-create with h5py if you need explicit chunking or attrs.
  warnings.warn(
/global/u2/j/jackm/software/lorrax_A/src/file_io/_slab_io_ffi.py:385: UserWarning: FFI backend: chunks/attrs on create_dataset currently no-op; pre-create with h5py if you need explicit chunking or attrs.
  warnings.warn(
/global/u2/j/jackm/software/lorrax_A/src/file_io/_slab_io_ffi.py:385: UserWarning: FFI backend: chunks/attrs on create_dataset currently no-op; pre-create with h5py if you need explicit chunking or attrs.
  warnings.warn(
/global/u2/j/jackm/software/lorrax_A/src/file_io/_slab_io_ffi.py:385: UserWarning: FFI backend: chunks/attrs on create_dataset currently no-op; pre-create with h5py if you need explicit chunking or attrs.
  warnings.warn(
/global/u2/j/jackm/software/lorrax_A/src/file_io/_slab_io_ffi.py:385: UserWarning: FFI backend: chunks/attrs on create_dataset currently no-op; pre-create with h5py if you need explicit chunking or attrs.
  warnings.warn(
  ψ(G) host cache: 0.13 GB/process resident
Started zeta fitting at 21:37:57.
[ 21:37:57 | ██████████ | 100% ] r-chunk 1 / 1 · ETA 0 s
Finished zeta fitting at 21:37:57.  Elapsed: 0 s.
  [SlabIO.close] draining 1 pending writes for zeta_q_mu2.h5 …
  [SlabIO.close] Python dispatch drained in 1.1 s; joining writer thread
  [SlabIO.close] writer thread joined in 0.0 s; calling H5Fclose collectively
  [SlabIO.close] H5Fclose returned in 0.1 s
  Zeta output: /pscratch/sd/j/jackm/lorrax_sandbox/runs/MoS2/00_mos2_3x3_cohsex/A_bispinor_smoke_2026-05-08/tmp/zeta_q_mu2.h5  shape: (3,3,1,656,46080)
  Timing (1 r-chunks, 2.0s total):
    fit      1.87s  94.9%
    H5       0.10s   5.1%
  Zeta output: /pscratch/sd/j/jackm/lorrax_sandbox/runs/MoS2/00_mos2_3x3_cohsex/A_bispinor_smoke_2026-05-08/tmp/zeta_q_mu2.h5  shape: (3,3,1,656,46080)
  Timing (1 r-chunks, 2.1s total):
  Zeta output: /pscratch/sd/j/jackm/lorrax_sandbox/runs/MoS2/00_mos2_3x3_cohsex/A_bispinor_smoke_2026-05-08/tmp/zeta_q_mu2.h5  shape: (3,3,1,656,46080)
  Timing (1 r-chunks, 2.0s total):
  Zeta output: /pscratch/sd/j/jackm/lorrax_sandbox/runs/MoS2/00_mos2_3x3_cohsex/A_bispinor_smoke_2026-05-08/tmp/zeta_q_mu2.h5  shape: (3,3,1,656,46080)
  Timing (1 r-chunks, 2.0s total):
  Zeta output: /pscratch/sd/j/jackm/lorrax_sandbox/runs/MoS2/00_mos2_3x3_cohsex/A_bispinor_smoke_2026-05-08/tmp/zeta_q_mu2.h5  shape: (3,3,1,656,46080)
  Timing (1 r-chunks, 2.0s total):
    fit      1.85s  93.2%
    H5       0.14s   6.8%
  Zeta output: /pscratch/sd/j/jackm/lorrax_sandbox/runs/MoS2/00_mos2_3x3_cohsex/A_bispinor_smoke_2026-05-08/tmp/zeta_q_mu2.h5  shape: (3,3,1,656,46080)
  Timing (1 r-chunks, 2.0s total):
    fit      1.83s  91.8%
    H5       0.16s   8.2%
    fit      1.82s  85.5%
    H5       0.31s  14.5%
    fit      1.58s  80.4%
    H5       0.38s  19.6%
  Zeta output: /pscratch/sd/j/jackm/lorrax_sandbox/runs/MoS2/00_mos2_3x3_cohsex/A_bispinor_smoke_2026-05-08/tmp/zeta_q_mu2.h5  shape: (3,3,1,656,46080)
  Timing (1 r-chunks, 2.0s total):
    fit      1.85s  93.0%
    H5       0.14s   7.0%
    fit      1.89s  94.9%
    H5       0.10s   5.1%
  Zeta output: /pscratch/sd/j/jackm/lorrax_sandbox/runs/MoS2/00_mos2_3x3_cohsex/A_bispinor_smoke_2026-05-08/tmp/zeta_q_mu2.h5  shape: (3,3,1,656,46080)
  Timing (1 r-chunks, 2.0s total):
    fit      1.89s  94.9%
    H5       0.10s   5.1%
  Zeta output: /pscratch/sd/j/jackm/lorrax_sandbox/runs/MoS2/00_mos2_3x3_cohsex/A_bispinor_smoke_2026-05-08/tmp/zeta_q_mu2.h5  shape: (3,3,1,656,46080)
  Timing (1 r-chunks, 2.0s total):
    fit      1.82s  91.9%
    H5       0.16s   8.1%
  Zeta output: /pscratch/sd/j/jackm/lorrax_sandbox/runs/MoS2/00_mos2_3x3_cohsex/A_bispinor_smoke_2026-05-08/tmp/zeta_q_mu2.h5  shape: (3,3,1,656,46080)
  Zeta output: /pscratch/sd/j/jackm/lorrax_sandbox/runs/MoS2/00_mos2_3x3_cohsex/A_bispinor_smoke_2026-05-08/tmp/zeta_q_mu2.h5  shape: (3,3,1,656,46080)
  Zeta output: /pscratch/sd/j/jackm/lorrax_sandbox/runs/MoS2/00_mos2_3x3_cohsex/A_bispinor_smoke_2026-05-08/tmp/zeta_q_mu2.h5  shape: (3,3,1,656,46080)
  Timing (1 r-chunks, 2.0s total):
    fit      1.85s  93.1%
  Zeta output: /pscratch/sd/j/jackm/lorrax_sandbox/runs/MoS2/00_mos2_3x3_cohsex/A_bispinor_smoke_2026-05-08/tmp/zeta_q_mu2.h5  shape: (3,3,1,656,46080)
  Timing (1 r-chunks, 2.0s total):
    fit      1.89s  95.0%
  Zeta output: /pscratch/sd/j/jackm/lorrax_sandbox/runs/MoS2/00_mos2_3x3_cohsex/A_bispinor_smoke_2026-05-08/tmp/zeta_q_mu2.h5  shape: (3,3,1,656,46080)
  Timing (1 r-chunks, 2.0s total):
    fit      1.58s  80.1%
    H5       0.39s  19.9%
  Zeta output: /pscratch/sd/j/jackm/lorrax_sandbox/runs/MoS2/00_mos2_3x3_cohsex/A_bispinor_smoke_2026-05-08/tmp/zeta_q_mu2.h5  shape: (3,3,1,656,46080)
  Timing (1 r-chunks, 2.0s total):
    fit      1.89s  94.8%
    H5       0.10s   5.2%
    H5       0.14s   6.9%
  Timing (1 r-chunks, 2.0s total):
    H5       0.10s   5.0%
  Zeta output: /pscratch/sd/j/jackm/lorrax_sandbox/runs/MoS2/00_mos2_3x3_cohsex/A_bispinor_smoke_2026-05-08/tmp/zeta_q_mu2.h5  shape: (3,3,1,656,46080)
    fit      1.87s  95.0%
    H5       0.10s   5.0%
  Timing (1 r-chunks, 2.0s total):
    fit      1.83s  92.9%
  Timing (1 r-chunks, 2.0s total):
    fit      1.62s  82.4%
    H5       0.35s  17.6%
    H5       0.14s   7.1%
  [diag] ζ^{μ_L=2} q=0: max|ζ|=7.313e+00, L2=2.936e+02
  [bispinor] μ_L=3 → /pscratch/sd/j/jackm/lorrax_sandbox/runs/MoS2/00_mos2_3x3_cohsex/A_bispinor_smoke_2026-05-08/tmp/zeta_q_mu3.h5

  Zeta fitting: 1 r-chunks x 46080 r-points, 80 bands (80 left + 80 right)
  Output: /pscratch/sd/j/jackm/lorrax_sandbox/runs/MoS2/00_mos2_3x3_cohsex/A_bispinor_smoke_2026-05-08/tmp/zeta_q_mu3.h5
  Left wfns:  (9, 80, 4, 656)
  Right wfns: (9, 80, 4, 656)

  Zeta fitting: 1 r-chunks x 46080 r-points, 80 bands (80 left + 80 right)
  Output: /pscratch/sd/j/jackm/lorrax_sandbox/runs/MoS2/00_mos2_3x3_cohsex/A_bispinor_smoke_2026-05-08/tmp/zeta_q_mu3.h5
  Left wfns:  (9, 80, 4, 656)
  Right wfns: (9, 80, 4, 656)

  Zeta fitting: 1 r-chunks x 46080 r-points, 80 bands (80 left + 80 right)
  Output: /pscratch/sd/j/jackm/lorrax_sandbox/runs/MoS2/00_mos2_3x3_cohsex/A_bispinor_smoke_2026-05-08/tmp/zeta_q_mu3.h5
  Left wfns:  (9, 80, 4, 656)
  Right wfns: (9, 80, 4, 656)

  Zeta fitting: 1 r-chunks x 46080 r-points, 80 bands (80 left + 80 right)
  Output: /pscratch/sd/j/jackm/lorrax_sandbox/runs/MoS2/00_mos2_3x3_cohsex/A_bispinor_smoke_2026-05-08/tmp/zeta_q_mu3.h5
  Left wfns:  (9, 80, 4, 656)
  Right wfns: (9, 80, 4, 656)

  Zeta fitting: 1 r-chunks x 46080 r-points, 80 bands (80 left + 80 right)
  Output: /pscratch/sd/j/jackm/lorrax_sandbox/runs/MoS2/00_mos2_3x3_cohsex/A_bispinor_smoke_2026-05-08/tmp/zeta_q_mu3.h5
  Left wfns:  (9, 80, 4, 656)
  Right wfns: (9, 80, 4, 656)
  Pseudobands normalization: 0 weighted, 0 zero-weight (skipped)
  Computing pair densities P_l, P_r (spin_traced) for L_q metric

  Zeta fitting: 1 r-chunks x 46080 r-points, 80 bands (80 left + 80 right)
  Output: /pscratch/sd/j/jackm/lorrax_sandbox/runs/MoS2/00_mos2_3x3_cohsex/A_bispinor_smoke_2026-05-08/tmp/zeta_q_mu3.h5
  Left wfns:  (9, 80, 4, 656)
  Right wfns: (9, 80, 4, 656)

  Zeta fitting: 1 r-chunks x 46080 r-points, 80 bands (80 left + 80 right)
  Output: /pscratch/sd/j/jackm/lorrax_sandbox/runs/MoS2/00_mos2_3x3_cohsex/A_bispinor_smoke_2026-05-08/tmp/zeta_q_mu3.h5
  Left wfns:  (9, 80, 4, 656)
  Right wfns: (9, 80, 4, 656)

  Zeta fitting: 1 r-chunks x 46080 r-points, 80 bands (80 left + 80 right)
  Output: /pscratch/sd/j/jackm/lorrax_sandbox/runs/MoS2/00_mos2_3x3_cohsex/A_bispinor_smoke_2026-05-08/tmp/zeta_q_mu3.h5
  Left wfns:  (9, 80, 4, 656)
  Right wfns: (9, 80, 4, 656)

  Zeta fitting: 1 r-chunks x 46080 r-points, 80 bands (80 left + 80 right)
  Output: /pscratch/sd/j/jackm/lorrax_sandbox/runs/MoS2/00_mos2_3x3_cohsex/A_bispinor_smoke_2026-05-08/tmp/zeta_q_mu3.h5
  Left wfns:  (9, 80, 4, 656)
  Right wfns: (9, 80, 4, 656)

  Zeta fitting: 1 r-chunks x 46080 r-points, 80 bands (80 left + 80 right)
  Output: /pscratch/sd/j/jackm/lorrax_sandbox/runs/MoS2/00_mos2_3x3_cohsex/A_bispinor_smoke_2026-05-08/tmp/zeta_q_mu3.h5
  Left wfns:  (9, 80, 4, 656)
  Right wfns: (9, 80, 4, 656)

  Zeta fitting: 1 r-chunks x 46080 r-points, 80 bands (80 left + 80 right)
  Output: /pscratch/sd/j/jackm/lorrax_sandbox/runs/MoS2/00_mos2_3x3_cohsex/A_bispinor_smoke_2026-05-08/tmp/zeta_q_mu3.h5
  Left wfns:  (9, 80, 4, 656)
  Right wfns: (9, 80, 4, 656)

  Zeta fitting: 1 r-chunks x 46080 r-points, 80 bands (80 left + 80 right)
  Output: /pscratch/sd/j/jackm/lorrax_sandbox/runs/MoS2/00_mos2_3x3_cohsex/A_bispinor_smoke_2026-05-08/tmp/zeta_q_mu3.h5
  Left wfns:  (9, 80, 4, 656)
  Right wfns: (9, 80, 4, 656)

  Zeta fitting: 1 r-chunks x 46080 r-points, 80 bands (80 left + 80 right)
  Output: /pscratch/sd/j/jackm/lorrax_sandbox/runs/MoS2/00_mos2_3x3_cohsex/A_bispinor_smoke_2026-05-08/tmp/zeta_q_mu3.h5
  Left wfns:  (9, 80, 4, 656)
  Right wfns: (9, 80, 4, 656)

  Zeta fitting: 1 r-chunks x 46080 r-points, 80 bands (80 left + 80 right)
  Output: /pscratch/sd/j/jackm/lorrax_sandbox/runs/MoS2/00_mos2_3x3_cohsex/A_bispinor_smoke_2026-05-08/tmp/zeta_q_mu3.h5

  Zeta fitting: 1 r-chunks x 46080 r-points, 80 bands (80 left + 80 right)
  Output: /pscratch/sd/j/jackm/lorrax_sandbox/runs/MoS2/00_mos2_3x3_cohsex/A_bispinor_smoke_2026-05-08/tmp/zeta_q_mu3.h5
  Left wfns:  (9, 80, 4, 656)
  Right wfns: (9, 80, 4, 656)
  Left wfns:  (9, 80, 4, 656)
  Right wfns: (9, 80, 4, 656)

  Zeta fitting: 1 r-chunks x 46080 r-points, 80 bands (80 left + 80 right)
  Output: /pscratch/sd/j/jackm/lorrax_sandbox/runs/MoS2/00_mos2_3x3_cohsex/A_bispinor_smoke_2026-05-08/tmp/zeta_q_mu3.h5
  Left wfns:  (9, 80, 4, 656)
  Right wfns: (9, 80, 4, 656)
/opt/jax/jax/_src/interpreters/mlir.py:1178: UserWarning: Some donated buffers were not usable: ShapedArray(complex128[9,164,164]).
See an explanation at https://jax.readthedocs.io/en/latest/faq.html#buffer-donation.
  warnings.warn("Some donated buffers were not usable:"
  Computing L_q = chol(C_q)  (charge-channel metric, reused for all vertex_mu_L)
  Pseudobands normalization: 0 weighted, 0 zero-weight (skipped)
  Computing pair densities P_l, P_r (spin_traced) for L_q metric
  Pseudobands normalization: 0 weighted, 0 zero-weight (skipped)
  Pseudobands normalization: 0 weighted, 0 zero-weight (skipped)
  Computing pair densities P_l, P_r (spin_traced) for L_q metric
  Computing pair densities P_l, P_r (spin_traced) for L_q metric
  Pseudobands normalization: 0 weighted, 0 zero-weight (skipped)
  Computing pair densities P_l, P_r (spin_traced) for L_q metric
  Pseudobands normalization: 0 weighted, 0 zero-weight (skipped)
  Computing pair densities P_l, P_r (spin_traced) for L_q metric
  Pseudobands normalization: 0 weighted, 0 zero-weight (skipped)
  Computing pair densities P_l, P_r (spin_traced) for L_q metric
  Pseudobands normalization: 0 weighted, 0 zero-weight (skipped)
  Computing pair densities P_l, P_r (spin_traced) for L_q metric
  Pseudobands normalization: 0 weighted, 0 zero-weight (skipped)
  Computing pair densities P_l, P_r (spin_traced) for L_q metric
/opt/jax/jax/_src/interpreters/mlir.py:1178: UserWarning: Some donated buffers were not usable: ShapedArray(complex128[9,164,164]).
See an explanation at https://jax.readthedocs.io/en/latest/faq.html#buffer-donation.
  warnings.warn("Some donated buffers were not usable:"
  Pseudobands normalization: 0 weighted, 0 zero-weight (skipped)
  Computing pair densities P_l, P_r (spin_traced) for L_q metric
  Pseudobands normalization: 0 weighted, 0 zero-weight (skipped)
  Computing pair densities P_l, P_r (spin_traced) for L_q metric
  Pseudobands normalization: 0 weighted, 0 zero-weight (skipped)
  Computing pair densities P_l, P_r (spin_traced) for L_q metric
/opt/jax/jax/_src/interpreters/mlir.py:1178: UserWarning: Some donated buffers were not usable: ShapedArray(complex128[9,164,164]).
See an explanation at https://jax.readthedocs.io/en/latest/faq.html#buffer-donation.
  warnings.warn("Some donated buffers were not usable:"
/opt/jax/jax/_src/interpreters/mlir.py:1178: UserWarning: Some donated buffers were not usable: ShapedArray(complex128[9,164,164]).
See an explanation at https://jax.readthedocs.io/en/latest/faq.html#buffer-donation.
  warnings.warn("Some donated buffers were not usable:"
  Pseudobands normalization: 0 weighted, 0 zero-weight (skipped)
  Computing pair densities P_l, P_r (spin_traced) for L_q metric
  Pseudobands normalization: 0 weighted, 0 zero-weight (skipped)
  Computing pair densities P_l, P_r (spin_traced) for L_q metric
  Pseudobands normalization: 0 weighted, 0 zero-weight (skipped)
  Computing pair densities P_l, P_r (spin_traced) for L_q metric
  Pseudobands normalization: 0 weighted, 0 zero-weight (skipped)
  Computing pair densities P_l, P_r (spin_traced) for L_q metric
/opt/jax/jax/_src/interpreters/mlir.py:1178: UserWarning: Some donated buffers were not usable: ShapedArray(complex128[9,164,164]).
See an explanation at https://jax.readthedocs.io/en/latest/faq.html#buffer-donation.
  warnings.warn("Some donated buffers were not usable:"
/opt/jax/jax/_src/interpreters/mlir.py:1178: UserWarning: Some donated buffers were not usable: ShapedArray(complex128[9,164,164]).
See an explanation at https://jax.readthedocs.io/en/latest/faq.html#buffer-donation.
  warnings.warn("Some donated buffers were not usable:"
/opt/jax/jax/_src/interpreters/mlir.py:1178: UserWarning: Some donated buffers were not usable: ShapedArray(complex128[9,164,164]).
See an explanation at https://jax.readthedocs.io/en/latest/faq.html#buffer-donation.
  warnings.warn("Some donated buffers were not usable:"
/opt/jax/jax/_src/interpreters/mlir.py:1178: UserWarning: Some donated buffers were not usable: ShapedArray(complex128[9,164,164]).
See an explanation at https://jax.readthedocs.io/en/latest/faq.html#buffer-donation.
  warnings.warn("Some donated buffers were not usable:"
/opt/jax/jax/_src/interpreters/mlir.py:1178: UserWarning: Some donated buffers were not usable: ShapedArray(complex128[9,164,164]).
See an explanation at https://jax.readthedocs.io/en/latest/faq.html#buffer-donation.
  warnings.warn("Some donated buffers were not usable:"
/opt/jax/jax/_src/interpreters/mlir.py:1178: UserWarning: Some donated buffers were not usable: ShapedArray(complex128[9,164,164]).
See an explanation at https://jax.readthedocs.io/en/latest/faq.html#buffer-donation.
  warnings.warn("Some donated buffers were not usable:"
/opt/jax/jax/_src/interpreters/mlir.py:1178: UserWarning: Some donated buffers were not usable: ShapedArray(complex128[9,164,164]).
See an explanation at https://jax.readthedocs.io/en/latest/faq.html#buffer-donation.
  warnings.warn("Some donated buffers were not usable:"
/opt/jax/jax/_src/interpreters/mlir.py:1178: UserWarning: Some donated buffers were not usable: ShapedArray(complex128[9,164,164]).
See an explanation at https://jax.readthedocs.io/en/latest/faq.html#buffer-donation.
  warnings.warn("Some donated buffers were not usable:"
/opt/jax/jax/_src/interpreters/mlir.py:1178: UserWarning: Some donated buffers were not usable: ShapedArray(complex128[9,164,164]).
See an explanation at https://jax.readthedocs.io/en/latest/faq.html#buffer-donation.
  warnings.warn("Some donated buffers were not usable:"
/opt/jax/jax/_src/interpreters/mlir.py:1178: UserWarning: Some donated buffers were not usable: ShapedArray(complex128[9,164,164]).
See an explanation at https://jax.readthedocs.io/en/latest/faq.html#buffer-donation.
  warnings.warn("Some donated buffers were not usable:"
/opt/jax/jax/_src/interpreters/mlir.py:1178: UserWarning: Some donated buffers were not usable: ShapedArray(complex128[9,164,164]).
See an explanation at https://jax.readthedocs.io/en/latest/faq.html#buffer-donation.
  warnings.warn("Some donated buffers were not usable:"
/opt/jax/jax/_src/interpreters/mlir.py:1178: UserWarning: Some donated buffers were not usable: ShapedArray(complex128[9,164,164]).
See an explanation at https://jax.readthedocs.io/en/latest/faq.html#buffer-donation.
  warnings.warn("Some donated buffers were not usable:"
  Computing L_q = chol(C_q)  (charge-channel metric, reused for all vertex_mu_L)
  Computing L_q = chol(C_q)  (charge-channel metric, reused for all vertex_mu_L)
  Computing L_q = chol(C_q)  (charge-channel metric, reused for all vertex_mu_L)
  Computing L_q = chol(C_q)  (charge-channel metric, reused for all vertex_mu_L)
  Computing L_q = chol(C_q)  (charge-channel metric, reused for all vertex_mu_L)
  Computing L_q = chol(C_q)  (charge-channel metric, reused for all vertex_mu_L)
  Computing L_q = chol(C_q)  (charge-channel metric, reused for all vertex_mu_L)
  Computing L_q = chol(C_q)  (charge-channel metric, reused for all vertex_mu_L)
  Computing L_q = chol(C_q)  (charge-channel metric, reused for all vertex_mu_L)
  Computing L_q = chol(C_q)  (charge-channel metric, reused for all vertex_mu_L)
  Computing L_q = chol(C_q)  (charge-channel metric, reused for all vertex_mu_L)
  Computing L_q = chol(C_q)  (charge-channel metric, reused for all vertex_mu_L)
  Computing L_q = chol(C_q)  (charge-channel metric, reused for all vertex_mu_L)
  Computing L_q = chol(C_q)  (charge-channel metric, reused for all vertex_mu_L)
  Computing L_q = chol(C_q)  (charge-channel metric, reused for all vertex_mu_L)
  L_q: (9, 656, 656)
  L_q: (9, 656, 656)
  L_q: (9, 656, 656)
  L_q: (9, 656, 656)
  L_q: (9, 656, 656)
  L_q: (9, 656, 656)
  L_q: (9, 656, 656)
  L_q: (9, 656, 656)
  L_q: (9, 656, 656)
  L_q: (9, 656, 656)
  L_q: (9, 656, 656)
  L_q: (9, 656, 656)
  L_q: (9, 656, 656)
  L_q: (9, 656, 656)
  L_q: (9, 656, 656)
  L_q: (9, 656, 656)
/global/u2/j/jackm/software/lorrax_A/src/file_io/_slab_io_ffi.py:385: UserWarning: FFI backend: chunks/attrs on create_dataset currently no-op; pre-create with h5py if you need explicit chunking or attrs.
  warnings.warn(
/global/u2/j/jackm/software/lorrax_A/src/file_io/_slab_io_ffi.py:385: UserWarning: FFI backend: chunks/attrs on create_dataset currently no-op; pre-create with h5py if you need explicit chunking or attrs.
  warnings.warn(
/global/u2/j/jackm/software/lorrax_A/src/file_io/_slab_io_ffi.py:385: UserWarning: FFI backend: chunks/attrs on create_dataset currently no-op; pre-create with h5py if you need explicit chunking or attrs.
  warnings.warn(
/global/u2/j/jackm/software/lorrax_A/src/file_io/_slab_io_ffi.py:385: UserWarning: FFI backend: chunks/attrs on create_dataset currently no-op; pre-create with h5py if you need explicit chunking or attrs.
  warnings.warn(
/global/u2/j/jackm/software/lorrax_A/src/file_io/_slab_io_ffi.py:385: UserWarning: FFI backend: chunks/attrs on create_dataset currently no-op; pre-create with h5py if you need explicit chunking or attrs.
  warnings.warn(
/global/u2/j/jackm/software/lorrax_A/src/file_io/_slab_io_ffi.py:385: UserWarning: FFI backend: chunks/attrs on create_dataset currently no-op; pre-create with h5py if you need explicit chunking or attrs.
  warnings.warn(
/global/u2/j/jackm/software/lorrax_A/src/file_io/_slab_io_ffi.py:385: UserWarning: FFI backend: chunks/attrs on create_dataset currently no-op; pre-create with h5py if you need explicit chunking or attrs.
  warnings.warn(
/global/u2/j/jackm/software/lorrax_A/src/file_io/_slab_io_ffi.py:385: UserWarning: FFI backend: chunks/attrs on create_dataset currently no-op; pre-create with h5py if you need explicit chunking or attrs.
  warnings.warn(
/global/u2/j/jackm/software/lorrax_A/src/file_io/_slab_io_ffi.py:385: UserWarning: FFI backend: chunks/attrs on create_dataset currently no-op; pre-create with h5py if you need explicit chunking or attrs.
  warnings.warn(
/global/u2/j/jackm/software/lorrax_A/src/file_io/_slab_io_ffi.py:385: UserWarning: FFI backend: chunks/attrs on create_dataset currently no-op; pre-create with h5py if you need explicit chunking or attrs.
  warnings.warn(
/global/u2/j/jackm/software/lorrax_A/src/file_io/_slab_io_ffi.py:385: UserWarning: FFI backend: chunks/attrs on create_dataset currently no-op; pre-create with h5py if you need explicit chunking or attrs.
  warnings.warn(
/global/u2/j/jackm/software/lorrax_A/src/file_io/_slab_io_ffi.py:385: UserWarning: FFI backend: chunks/attrs on create_dataset currently no-op; pre-create with h5py if you need explicit chunking or attrs.
  warnings.warn(
/global/u2/j/jackm/software/lorrax_A/src/file_io/_slab_io_ffi.py:385: UserWarning: FFI backend: chunks/attrs on create_dataset currently no-op; pre-create with h5py if you need explicit chunking or attrs.
  warnings.warn(
/global/u2/j/jackm/software/lorrax_A/src/file_io/_slab_io_ffi.py:385: UserWarning: FFI backend: chunks/attrs on create_dataset currently no-op; pre-create with h5py if you need explicit chunking or attrs.
  warnings.warn(
/global/u2/j/jackm/software/lorrax_A/src/file_io/_slab_io_ffi.py:385: UserWarning: FFI backend: chunks/attrs on create_dataset currently no-op; pre-create with h5py if you need explicit chunking or attrs.
  warnings.warn(
/global/u2/j/jackm/software/lorrax_A/src/file_io/_slab_io_ffi.py:385: UserWarning: FFI backend: chunks/attrs on create_dataset currently no-op; pre-create with h5py if you need explicit chunking or attrs.
  warnings.warn(
  ψ(G) host cache: 0.13 GB/process resident
Started zeta fitting at 21:38:04.
[ 21:38:04 | ██████████ | 100% ] r-chunk 1 / 1 · ETA 0 s
Finished zeta fitting at 21:38:04.  Elapsed: 0 s.
  [SlabIO.close] draining 1 pending writes for zeta_q_mu3.h5 …
  [SlabIO.close] Python dispatch drained in 1.1 s; joining writer thread
  [SlabIO.close] writer thread joined in 0.0 s; calling H5Fclose collectively
  [SlabIO.close] H5Fclose returned in 0.1 s
  Zeta output: /pscratch/sd/j/jackm/lorrax_sandbox/runs/MoS2/00_mos2_3x3_cohsex/A_bispinor_smoke_2026-05-08/tmp/zeta_q_mu3.h5  shape: (3,3,1,656,46080)
  Timing (1 r-chunks, 2.1s total):
    fit      1.82s  84.8%
  Zeta output: /pscratch/sd/j/jackm/lorrax_sandbox/runs/MoS2/00_mos2_3x3_cohsex/A_bispinor_smoke_2026-05-08/tmp/zeta_q_mu3.h5  shape: (3,3,1,656,46080)
  Timing (1 r-chunks, 2.0s total):
    fit      1.89s  94.3%
    H5       0.11s   5.7%
    H5       0.33s  15.2%
  Zeta output: /pscratch/sd/j/jackm/lorrax_sandbox/runs/MoS2/00_mos2_3x3_cohsex/A_bispinor_smoke_2026-05-08/tmp/zeta_q_mu3.h5  shape: (3,3,1,656,46080)
  Timing (1 r-chunks, 2.0s total):
    fit      1.89s  94.3%
    H5       0.11s   5.7%
  Zeta output: /pscratch/sd/j/jackm/lorrax_sandbox/runs/MoS2/00_mos2_3x3_cohsex/A_bispinor_smoke_2026-05-08/tmp/zeta_q_mu3.h5  shape: (3,3,1,656,46080)
  Timing (1 r-chunks, 2.0s total):
    fit      1.87s  94.4%
    H5       0.11s   5.6%
  Zeta output: /pscratch/sd/j/jackm/lorrax_sandbox/runs/MoS2/00_mos2_3x3_cohsex/A_bispinor_smoke_2026-05-08/tmp/zeta_q_mu3.h5  shape: (3,3,1,656,46080)
  Timing (1 r-chunks, 2.0s total):
    fit      1.86s  93.6%
    H5       0.13s   6.4%
  Zeta output: /pscratch/sd/j/jackm/lorrax_sandbox/runs/MoS2/00_mos2_3x3_cohsex/A_bispinor_smoke_2026-05-08/tmp/zeta_q_mu3.h5  shape: (3,3,1,656,46080)
  Zeta output: /pscratch/sd/j/jackm/lorrax_sandbox/runs/MoS2/00_mos2_3x3_cohsex/A_bispinor_smoke_2026-05-08/tmp/zeta_q_mu3.h5  shape: (3,3,1,656,46080)
  Timing (1 r-chunks, 2.0s total):
    fit      1.89s  94.5%
    H5       0.11s   5.5%
  Zeta output: /pscratch/sd/j/jackm/lorrax_sandbox/runs/MoS2/00_mos2_3x3_cohsex/A_bispinor_smoke_2026-05-08/tmp/zeta_q_mu3.h5  shape: (3,3,1,656,46080)
  Timing (1 r-chunks, 2.0s total):
    fit      1.89s  95.0%
  Timing (1 r-chunks, 2.0s total):
  Zeta output: /pscratch/sd/j/jackm/lorrax_sandbox/runs/MoS2/00_mos2_3x3_cohsex/A_bispinor_smoke_2026-05-08/tmp/zeta_q_mu3.h5  shape: (3,3,1,656,46080)
  Timing (1 r-chunks, 2.0s total):
    fit      1.87s  94.2%
    H5       0.12s   5.8%
  Zeta output: /pscratch/sd/j/jackm/lorrax_sandbox/runs/MoS2/00_mos2_3x3_cohsex/A_bispinor_smoke_2026-05-08/tmp/zeta_q_mu3.h5  shape: (3,3,1,656,46080)
  Timing (1 r-chunks, 2.0s total):
    fit      1.89s  94.6%
    H5       0.11s   5.4%
  Zeta output: /pscratch/sd/j/jackm/lorrax_sandbox/runs/MoS2/00_mos2_3x3_cohsex/A_bispinor_smoke_2026-05-08/tmp/zeta_q_mu3.h5  shape: (3,3,1,656,46080)
  Timing (1 r-chunks, 2.0s total):
    fit      1.88s  94.9%
    H5       0.10s   5.1%
  Zeta output: /pscratch/sd/j/jackm/lorrax_sandbox/runs/MoS2/00_mos2_3x3_cohsex/A_bispinor_smoke_2026-05-08/tmp/zeta_q_mu3.h5  shape: (3,3,1,656,46080)
  Timing (1 r-chunks, 2.0s total):
    fit      1.85s  93.5%
    H5       0.13s   6.5%
  Zeta output: /pscratch/sd/j/jackm/lorrax_sandbox/runs/MoS2/00_mos2_3x3_cohsex/A_bispinor_smoke_2026-05-08/tmp/zeta_q_mu3.h5  shape: (3,3,1,656,46080)
  Timing (1 r-chunks, 2.0s total):
    fit      1.65s  83.4%
    H5       0.33s  16.6%
    H5       0.10s   5.0%
  Zeta output: /pscratch/sd/j/jackm/lorrax_sandbox/runs/MoS2/00_mos2_3x3_cohsex/A_bispinor_smoke_2026-05-08/tmp/zeta_q_mu3.h5  shape: (3,3,1,656,46080)
  Timing (1 r-chunks, 2.0s total):
    fit      1.89s  94.2%
    H5       0.12s   5.8%
  Zeta output: /pscratch/sd/j/jackm/lorrax_sandbox/runs/MoS2/00_mos2_3x3_cohsex/A_bispinor_smoke_2026-05-08/tmp/zeta_q_mu3.h5  shape: (3,3,1,656,46080)
    fit      1.88s  94.6%
    H5       0.11s   5.4%
  Timing (1 r-chunks, 2.0s total):
  Zeta output: /pscratch/sd/j/jackm/lorrax_sandbox/runs/MoS2/00_mos2_3x3_cohsex/A_bispinor_smoke_2026-05-08/tmp/zeta_q_mu3.h5  shape: (3,3,1,656,46080)
  Timing (1 r-chunks, 2.0s total):
    fit      1.65s  83.0%
    H5       0.34s  17.0%
    fit      1.63s  82.1%
    H5       0.36s  17.9%
  [diag] ζ^{μ_L=3} q=0: max|ζ|=7.629e+00, L2=3.171e+02
    V_q bare cutoff: 30.0 Ry (auto: ecutwfc)
    V_q budget:    27.13 GB

  [bispinor] V_q^{μ_L,ν_L} → /pscratch/sd/j/jackm/lorrax_sandbox/runs/MoS2/00_mos2_3x3_cohsex/A_bispinor_smoke_2026-05-08/tmp/v_q_bispinor.h5
  V_q bispinor: writing 7 unique tiles (CC + 3 TT-diag + 3 TT-off) to /pscratch/sd/j/jackm/lorrax_sandbox/runs/MoS2/00_mos2_3x3_cohsex/A_bispinor_smoke_2026-05-08/tmp/v_q_bispinor.h5
  [SlabIO.close] draining 0 pending writes for v_q_bispinor.h5 …
  [SlabIO.close] Python dispatch drained in 0.0 s; joining writer thread
  [SlabIO.close] writer thread joined in 0.0 s; calling H5Fclose collectively
  [SlabIO.close] H5Fclose returned in 0.0 s
  V_q bispinor tile 1/7: CC  same_zeta=True  n_rmu_L=640  n_rmu_R=640  write_g0=True
  V_q tile: mesh=4x4, same ζ, q_chunk=9, μ_chunk=640 (1×1 blocks), aligned=True, N_μ_L=640, N_μ_R=640, N_G=2419, predicted peak/rank=0.81 GB (V_ref+g0_ref=0.00 GB)
Started V_q tile at 21:38:10.
[ 21:38:10 | █░░░░░░░░░ |  11% ] q-point 1 / 9 · ETA 0 s
[ 21:38:10 | ██░░░░░░░░ |  22% ] q-point 2 / 9 · ETA 0 s
[ 21:38:10 | ███░░░░░░░ |  33% ] q-point 3 / 9 · ETA 0 s
[ 21:38:10 | ████░░░░░░ |  44% ] q-point 4 / 9 · ETA 0 s
[ 21:38:10 | ██████░░░░ |  56% ] q-point 5 / 9 · ETA 0 s
[ 21:38:10 | ███████░░░ |  67% ] q-point 6 / 9 · ETA 0 s
[ 21:38:10 | ████████░░ |  78% ] q-point 7 / 9 · ETA 0 s
[ 21:38:10 | █████████░ |  89% ] q-point 8 / 9 · ETA 0 s
[ 21:38:10 | ██████████ | 100% ] q-point 9 / 9 · ETA 0 s
Finished V_q tile at 21:38:10.  Elapsed: 0 s.
    [diag] V^{0,0}[q=0] peek failed: Fetching value for `jax.Array` that spans non-addressable (non process local) devices is not possible. You can use `jax.experimental.multihost_utils.process_allgather` to print the global array or use `.addressable_shards` method of jax.Array to inspect the addressable (process local) shards.
  [SlabIO.close] draining 1 pending writes for v_q_bispinor.h5 …
  [SlabIO.close] Python dispatch drained in 0.1 s; joining writer thread
  [SlabIO.close] writer thread joined in 0.0 s; calling H5Fclose collectively
  [SlabIO.close] H5Fclose returned in 0.0 s
  V_q bispinor tile 2/7: TT[1,1] (diag)  same_zeta=True  n_rmu_L=656  n_rmu_R=656  write_g0=False
  V_q tile: mesh=4x4, same ζ, q_chunk=9, μ_chunk=656 (1×1 blocks), aligned=True, N_μ_L=656, N_μ_R=656, N_G=2419, predicted peak/rank=0.83 GB (V_ref+g0_ref=0.00 GB)
Started V_q tile at 21:38:14.
[ 21:38:14 | █░░░░░░░░░ |  11% ] q-point 1 / 9 · ETA 0 s
[ 21:38:14 | ██░░░░░░░░ |  22% ] q-point 2 / 9 · ETA 0 s
[ 21:38:14 | ███░░░░░░░ |  33% ] q-point 3 / 9 · ETA 0 s
[ 21:38:14 | ████░░░░░░ |  44% ] q-point 4 / 9 · ETA 0 s
[ 21:38:14 | ██████░░░░ |  56% ] q-point 5 / 9 · ETA 0 s
[ 21:38:14 | ███████░░░ |  67% ] q-point 6 / 9 · ETA 0 s
[ 21:38:14 | ████████░░ |  78% ] q-point 7 / 9 · ETA 0 s
[ 21:38:14 | █████████░ |  89% ] q-point 8 / 9 · ETA 0 s
[ 21:38:14 | ██████████ | 100% ] q-point 9 / 9 · ETA 0 s
Finished V_q tile at 21:38:14.  Elapsed: 0 s.
    [diag] V^{1,1}[q=0] peek failed: Fetching value for `jax.Array` that spans non-addressable (non process local) devices is not possible. You can use `jax.experimental.multihost_utils.process_allgather` to print the global array or use `.addressable_shards` method of jax.Array to inspect the addressable (process local) shards.
  [SlabIO.close] draining 1 pending writes for v_q_bispinor.h5 …
  [SlabIO.close] Python dispatch drained in 0.6 s; joining writer thread
  [SlabIO.close] writer thread joined in 0.0 s; calling H5Fclose collectively
  [SlabIO.close] H5Fclose returned in 0.0 s
  V_q bispinor tile 3/7: TT[2,2] (diag)  same_zeta=True  n_rmu_L=656  n_rmu_R=656  write_g0=False
  V_q tile: mesh=4x4, same ζ, q_chunk=9, μ_chunk=656 (1×1 blocks), aligned=True, N_μ_L=656, N_μ_R=656, N_G=2419, predicted peak/rank=0.83 GB (V_ref+g0_ref=0.00 GB)
Started V_q tile at 21:38:17.
[ 21:38:17 | █░░░░░░░░░ |  11% ] q-point 1 / 9 · ETA 0 s
[ 21:38:17 | ██░░░░░░░░ |  22% ] q-point 2 / 9 · ETA 0 s
[ 21:38:17 | ███░░░░░░░ |  33% ] q-point 3 / 9 · ETA 0 s
[ 21:38:17 | ████░░░░░░ |  44% ] q-point 4 / 9 · ETA 0 s
[ 21:38:17 | ██████░░░░ |  56% ] q-point 5 / 9 · ETA 0 s
[ 21:38:17 | ███████░░░ |  67% ] q-point 6 / 9 · ETA 0 s
[ 21:38:17 | ████████░░ |  78% ] q-point 7 / 9 · ETA 0 s
[ 21:38:17 | █████████░ |  89% ] q-point 8 / 9 · ETA 0 s
[ 21:38:17 | ██████████ | 100% ] q-point 9 / 9 · ETA 0 s
Finished V_q tile at 21:38:17.  Elapsed: 0 s.
    [diag] V^{2,2}[q=0] peek failed: Fetching value for `jax.Array` that spans non-addressable (non process local) devices is not possible. You can use `jax.experimental.multihost_utils.process_allgather` to print the global array or use `.addressable_shards` method of jax.Array to inspect the addressable (process local) shards.
  [SlabIO.close] draining 1 pending writes for v_q_bispinor.h5 …
  [SlabIO.close] Python dispatch drained in 0.1 s; joining writer thread
  [SlabIO.close] writer thread joined in 0.0 s; calling H5Fclose collectively
  [SlabIO.close] H5Fclose returned in 0.4 s
  V_q bispinor tile 4/7: TT[3,3] (diag)  same_zeta=True  n_rmu_L=656  n_rmu_R=656  write_g0=False
  V_q tile: mesh=4x4, same ζ, q_chunk=9, μ_chunk=656 (1×1 blocks), aligned=True, N_μ_L=656, N_μ_R=656, N_G=2419, predicted peak/rank=0.83 GB (V_ref+g0_ref=0.00 GB)
Started V_q tile at 21:38:20.
[ 21:38:20 | █░░░░░░░░░ |  11% ] q-point 1 / 9 · ETA 0 s
[ 21:38:20 | ██░░░░░░░░ |  22% ] q-point 2 / 9 · ETA 0 s
[ 21:38:20 | ███░░░░░░░ |  33% ] q-point 3 / 9 · ETA 0 s
[ 21:38:20 | ████░░░░░░ |  44% ] q-point 4 / 9 · ETA 0 s
[ 21:38:20 | ██████░░░░ |  56% ] q-point 5 / 9 · ETA 0 s
[ 21:38:20 | ███████░░░ |  67% ] q-point 6 / 9 · ETA 0 s
[ 21:38:20 | ████████░░ |  78% ] q-point 7 / 9 · ETA 0 s
[ 21:38:20 | █████████░ |  89% ] q-point 8 / 9 · ETA 0 s
[ 21:38:20 | ██████████ | 100% ] q-point 9 / 9 · ETA 0 s
Finished V_q tile at 21:38:20.  Elapsed: 0 s.
    [diag] V^{3,3}[q=0] peek failed: Fetching value for `jax.Array` that spans non-addressable (non process local) devices is not possible. You can use `jax.experimental.multihost_utils.process_allgather` to print the global array or use `.addressable_shards` method of jax.Array to inspect the addressable (process local) shards.
  [SlabIO.close] draining 1 pending writes for v_q_bispinor.h5 …
  [SlabIO.close] Python dispatch drained in 0.1 s; joining writer thread
  [SlabIO.close] writer thread joined in 0.0 s; calling H5Fclose collectively
  [SlabIO.close] H5Fclose returned in 0.4 s
  V_q bispinor tile 5/7: TT[1,2] (off-diag)  same_zeta=False  n_rmu_L=656  n_rmu_R=656  write_g0=False
  V_q tile: mesh=4x4, distinct ζ_L/ζ_R, q_chunk=9, μ_chunk=656 (1×1 blocks), aligned=True, N_μ_L=656, N_μ_R=656, N_G=2419, predicted peak/rank=1.39 GB (V_ref+g0_ref=0.00 GB)
Started V_q tile at 21:38:24.
[ 21:38:24 | █░░░░░░░░░ |  11% ] q-point 1 / 9 · ETA 0 s
[ 21:38:24 | ██░░░░░░░░ |  22% ] q-point 2 / 9 · ETA 0 s
[ 21:38:24 | ███░░░░░░░ |  33% ] q-point 3 / 9 · ETA 0 s
[ 21:38:24 | ████░░░░░░ |  44% ] q-point 4 / 9 · ETA 0 s
[ 21:38:24 | ██████░░░░ |  56% ] q-point 5 / 9 · ETA 0 s
[ 21:38:24 | ███████░░░ |  67% ] q-point 6 / 9 · ETA 0 s
[ 21:38:24 | ████████░░ |  78% ] q-point 7 / 9 · ETA 0 s
[ 21:38:24 | █████████░ |  89% ] q-point 8 / 9 · ETA 0 s
[ 21:38:24 | ██████████ | 100% ] q-point 9 / 9 · ETA 0 s
Finished V_q tile at 21:38:24.  Elapsed: 0 s.
    [diag] V^{1,2}[q=0] peek failed: Fetching value for `jax.Array` that spans non-addressable (non process local) devices is not possible. You can use `jax.experimental.multihost_utils.process_allgather` to print the global array or use `.addressable_shards` method of jax.Array to inspect the addressable (process local) shards.
  [SlabIO.close] draining 1 pending writes for v_q_bispinor.h5 …
  [SlabIO.close] Python dispatch drained in 0.1 s; joining writer thread
  [SlabIO.close] writer thread joined in 0.0 s; calling H5Fclose collectively
  [SlabIO.close] H5Fclose returned in 0.5 s
  V_q bispinor tile 6/7: TT[1,3] (off-diag)  same_zeta=False  n_rmu_L=656  n_rmu_R=656  write_g0=False
  V_q tile: mesh=4x4, distinct ζ_L/ζ_R, q_chunk=9, μ_chunk=656 (1×1 blocks), aligned=True, N_μ_L=656, N_μ_R=656, N_G=2419, predicted peak/rank=1.39 GB (V_ref+g0_ref=0.00 GB)
Started V_q tile at 21:38:27.
[ 21:38:27 | █░░░░░░░░░ |  11% ] q-point 1 / 9 · ETA 0 s
[ 21:38:27 | ██░░░░░░░░ |  22% ] q-point 2 / 9 · ETA 0 s
[ 21:38:27 | ███░░░░░░░ |  33% ] q-point 3 / 9 · ETA 0 s
[ 21:38:27 | ████░░░░░░ |  44% ] q-point 4 / 9 · ETA 0 s
[ 21:38:27 | ██████░░░░ |  56% ] q-point 5 / 9 · ETA 0 s
[ 21:38:27 | ███████░░░ |  67% ] q-point 6 / 9 · ETA 0 s
[ 21:38:27 | ████████░░ |  78% ] q-point 7 / 9 · ETA 0 s
[ 21:38:27 | █████████░ |  89% ] q-point 8 / 9 · ETA 0 s
[ 21:38:27 | ██████████ | 100% ] q-point 9 / 9 · ETA 0 s
Finished V_q tile at 21:38:27.  Elapsed: 0 s.
    [diag] V^{1,3}[q=0] peek failed: Fetching value for `jax.Array` that spans non-addressable (non process local) devices is not possible. You can use `jax.experimental.multihost_utils.process_allgather` to print the global array or use `.addressable_shards` method of jax.Array to inspect the addressable (process local) shards.
  [SlabIO.close] draining 1 pending writes for v_q_bispinor.h5 …
  [SlabIO.close] Python dispatch drained in 0.3 s; joining writer thread
  [SlabIO.close] writer thread joined in 0.0 s; calling H5Fclose collectively
  [SlabIO.close] H5Fclose returned in 0.1 s
  V_q bispinor tile 7/7: TT[2,3] (off-diag)  same_zeta=False  n_rmu_L=656  n_rmu_R=656  write_g0=False
  V_q tile: mesh=4x4, distinct ζ_L/ζ_R, q_chunk=9, μ_chunk=656 (1×1 blocks), aligned=True, N_μ_L=656, N_μ_R=656, N_G=2419, predicted peak/rank=1.39 GB (V_ref+g0_ref=0.00 GB)
Started V_q tile at 21:38:30.
[ 21:38:30 | █░░░░░░░░░ |  11% ] q-point 1 / 9 · ETA 0 s
[ 21:38:30 | ██░░░░░░░░ |  22% ] q-point 2 / 9 · ETA 0 s
[ 21:38:30 | ███░░░░░░░ |  33% ] q-point 3 / 9 · ETA 0 s
[ 21:38:30 | ████░░░░░░ |  44% ] q-point 4 / 9 · ETA 0 s
[ 21:38:30 | ██████░░░░ |  56% ] q-point 5 / 9 · ETA 0 s
[ 21:38:30 | ███████░░░ |  67% ] q-point 6 / 9 · ETA 0 s
[ 21:38:30 | ████████░░ |  78% ] q-point 7 / 9 · ETA 0 s
[ 21:38:30 | █████████░ |  89% ] q-point 8 / 9 · ETA 0 s
[ 21:38:30 | ██████████ | 100% ] q-point 9 / 9 · ETA 0 s
Finished V_q tile at 21:38:30.  Elapsed: 0 s.
    [diag] V^{2,3}[q=0] peek failed: Fetching value for `jax.Array` that spans non-addressable (non process local) devices is not possible. You can use `jax.experimental.multihost_utils.process_allgather` to print the global array or use `.addressable_shards` method of jax.Array to inspect the addressable (process local) shards.
  [SlabIO.close] draining 1 pending writes for v_q_bispinor.h5 …
  [SlabIO.close] Python dispatch drained in 0.1 s; joining writer thread
  [SlabIO.close] writer thread joined in 0.0 s; calling H5Fclose collectively
  [SlabIO.close] H5Fclose returned in 0.4 s
  [SlabIO.close] draining 0 pending writes for zeta_q_mu3.h5 …
  [SlabIO.close] Python dispatch drained in 0.0 s; joining writer thread
  [SlabIO.close] writer thread joined in 0.0 s; calling H5Fclose collectively
  [SlabIO.close] H5Fclose returned in 0.1 s
  [SlabIO.close] draining 0 pending writes for zeta_q_mu2.h5 …
  [SlabIO.close] Python dispatch drained in 0.0 s; joining writer thread
  [SlabIO.close] writer thread joined in 0.0 s; calling H5Fclose collectively
  [SlabIO.close] H5Fclose returned in 0.1 s
  [SlabIO.close] draining 0 pending writes for zeta_q_mu1.h5 …
  [SlabIO.close] Python dispatch drained in 0.0 s; joining writer thread
  [SlabIO.close] writer thread joined in 0.0 s; calling H5Fclose collectively
  [SlabIO.close] H5Fclose returned in 0.1 s
  [SlabIO.close] draining 0 pending writes for zeta_q.h5 …
  [SlabIO.close] Python dispatch drained in 0.0 s; joining writer thread
  [SlabIO.close] writer thread joined in 0.0 s; calling H5Fclose collectively
  [SlabIO.close] H5Fclose returned in 0.1 s
  [SlabIO.close] draining 0 pending writes for v_q_bispinor.h5 …
  [SlabIO.close] Python dispatch drained in 0.0 s; joining writer thread
  [SlabIO.close] writer thread joined in 0.0 s; calling H5Fclose collectively
  [SlabIO.close] H5Fclose returned in 0.0 s

  V_q computed:
    Shape: (9, 640, 640)
    V_q=0 trace: 837884955.7336
  [SlabIO.close] draining 0 pending writes for isdf_tensors_640.h5 …
  [SlabIO.close] Python dispatch drained in 0.0 s; joining writer thread
  [SlabIO.close] writer thread joined in 0.0 s; calling H5Fclose collectively
  [SlabIO.close] H5Fclose returned in 0.1 s
  Wavefunctions built (b0:b4=80 bands, 4 sharded copies: xn/xr/yr/yn)
  Wavefunctions built (b0:b4=80 bands, 4 sharded copies: xn/xr/yr/yn)
  [bispinor] σ^B-side Wfns built on n_rmu_T=656 transverse centroids
  [SlabIO.close] draining 1 pending writes for isdf_tensors_640.h5 …
  [SlabIO.close] Python dispatch drained in 0.7 s; joining writer thread
  [SlabIO.close] writer thread joined in 0.0 s; calling H5Fclose collectively
  [SlabIO.close] H5Fclose returned in 0.6 s
  Chunked ISDF path complete

------------------------------------------------------------------------
  FINITE-SIZE CORRECTIONS
------------------------------------------------------------------------
  Head source: s_tensor
  v(q→0)  =     1655.335 a.u.  (bare Coulomb head)

------------------------------------------------------------------------
  STATIC HEAD TERMS (exact COHSEX / BGW-style)
------------------------------------------------------------------------
  Head source: s_tensor
  v_h(q→0)           =  1655.334970 a.u.
  W_h(q→0, ω=0)      =   343.784973 a.u.
  W_h^c              = -1311.549997 a.u.
  Σ^X head (occ)     = -2.619279e-01 Ry
  Σ^SX head (occ)    = -5.439799e-02 Ry
  Σ^(SX-X) head(occ) = 2.075300e-01 Ry
  Σ^COH head (all)   = -1.037650e-01 Ry
  Σ^B tile (μ_L=1, ν_L=1): tr Σ = -0.000599 eV
  Σ^B tile (μ_L=1, ν_L=2): tr Σ = -0.000001 eV
  Σ^B tile (μ_L=1, ν_L=3): tr Σ = -0.000002 eV
  Σ^B tile (μ_L=2, ν_L=1): tr Σ = -0.000001 eV
  Σ^B tile (μ_L=2, ν_L=2): tr Σ = -0.000523 eV
  Σ^B tile (μ_L=2, ν_L=3): tr Σ = -0.000002 eV
  Σ^B tile (μ_L=3, ν_L=1): tr Σ = -0.000002 eV
  Σ^B tile (μ_L=3, ν_L=2): tr Σ = -0.000002 eV
  Σ^B tile (μ_L=3, ν_L=3): tr Σ = -0.000657 eV
  [SlabIO.close] draining 0 pending writes for v_q_bispinor.h5 …
  [SlabIO.close] Python dispatch drained in 0.0 s; joining writer thread
  [SlabIO.close] writer thread joined in 0.0 s; calling H5Fclose collectively
  [SlabIO.close] H5Fclose returned in 0.0 s
  Bare Σ_X diagonal (eV), k=0: -40.0314  -40.0314  -33.8700  -33.8700  -33.3559  -33.3559  -33.4940  -33.4940

  Sigma diag:   /pscratch/sd/j/jackm/lorrax_sandbox/runs/MoS2/00_mos2_3x3_cohsex/A_bispinor_smoke_2026-05-08/sigma_diag.dat
  BGW eqp0:     /pscratch/sd/j/jackm/lorrax_sandbox/runs/MoS2/00_mos2_3x3_cohsex/A_bispinor_smoke_2026-05-08/eqp0.dat
  BGW eqp1:     /pscratch/sd/j/jackm/lorrax_sandbox/runs/MoS2/00_mos2_3x3_cohsex/A_bispinor_smoke_2026-05-08/eqp1.dat
  Restart:      /pscratch/sd/j/jackm/lorrax_sandbox/runs/MoS2/00_mos2_3x3_cohsex/A_bispinor_smoke_2026-05-08/tmp/isdf_tensors_640.h5

--- Timing ---
Total recorded: 64.513 s
Section                                            Count    Total[s]     Self[s]      %
gw_jax.load_centroid_wfns                              1       3.520       3.041    5.5
  load_wfns.precompute_owned                           1       0.000       0.000    0.0
  load_wfns.k_loop                                     1       0.447       0.447    0.7
  load_wfns.scatter                                    1       0.012       0.012    0.0
  load_wfns.make_global_array                          1       0.019       0.019    0.0
gw_jax.zeta_fit_chunked                                1       6.979       1.173   10.8
  zeta_fit.slice_halves                                1       0.029       0.029    0.0
  zeta_fit.CCT                                         1       0.144       0.144    0.2
  zeta_fit.cholesky                                    1       1.698       1.698    2.6
  zeta_fit.gc_pre_chunk_loop                           1       0.100       0.100    0.2
  zeta_fit.open_file                                   1       0.424       0.424    0.7
  zeta_fit.chunk_loop                                  1       2.251       0.000    3.5
    zeta_fit.chunk.fit_one_rchunk                      1       1.908       1.908    3.0
    zeta_fit.chunk.h5_write                            1       0.343       0.343    0.5
  zeta_fit.close_io                                    1       1.155       1.155    1.8
  zeta_fit.sync_global                                 1       0.005       0.005    0.0
gw_jax.load_centroid_wfns_current                      1       2.949       2.660    4.6
  load_wfns.precompute_owned                           1       0.000       0.000    0.0
  load_wfns.k_loop                                     1       0.276       0.276    0.4
  load_wfns.scatter                                    1       0.012       0.012    0.0
  load_wfns.make_global_array                          1       0.001       0.001    0.0
gw_jax.zeta_fit_chunked_mu1                            1       7.174       1.021   11.1
  zeta_fit.slice_halves                                1       0.029       0.029    0.0
  zeta_fit.CCT                                         1       0.093       0.093    0.1
  zeta_fit.cholesky                                    1       2.458       2.458    3.8
  zeta_fit.gc_pre_chunk_loop                           1       0.058       0.058    0.1
  zeta_fit.open_file                                   1       0.104       0.104    0.2
  zeta_fit.chunk_loop                                  1       2.243       0.000    3.5
    zeta_fit.chunk.fit_one_rchunk                      1       1.910       1.910    3.0
    zeta_fit.chunk.h5_write                            1       0.333       0.333    0.5
  zeta_fit.close_io                                    1       1.164       1.164    1.8
  zeta_fit.sync_global                                 1       0.004       0.004    0.0
gw_jax.zeta_fit_chunked_mu2                            1       6.858       0.845   10.6
  zeta_fit.slice_halves                                1       0.029       0.029    0.0
  zeta_fit.CCT                                         1       0.079       0.079    0.1
  zeta_fit.cholesky                                    1       1.517       1.517    2.4
  zeta_fit.gc_pre_chunk_loop                           1       0.043       0.043    0.1
  zeta_fit.open_file                                   1       1.039       1.039    1.6
  zeta_fit.chunk_loop                                  1       2.135       0.000    3.3
    zeta_fit.chunk.fit_one_rchunk                      1       1.825       1.825    2.8
    zeta_fit.chunk.h5_write                            1       0.310       0.310    0.5
  zeta_fit.close_io                                    1       1.168       1.168    1.8
  zeta_fit.sync_global                                 1       0.003       0.003    0.0
gw_jax.zeta_fit_chunked_mu3                            1       6.466       0.795   10.0
  zeta_fit.slice_halves                                1       0.029       0.029    0.0
  zeta_fit.CCT                                         1       0.075       0.075    0.1
  zeta_fit.cholesky                                    1       1.447       1.447    2.2
  zeta_fit.gc_pre_chunk_loop                           1       0.044       0.044    0.1
  zeta_fit.open_file                                   1       0.713       0.713    1.1
  zeta_fit.chunk_loop                                  1       2.148       0.000    3.3
    zeta_fit.chunk.fit_one_rchunk                      1       1.821       1.821    2.8
    zeta_fit.chunk.h5_write                            1       0.327       0.327    0.5
  zeta_fit.close_io                                    1       1.213       1.213    1.9
  zeta_fit.sync_global                                 1       0.003       0.003    0.0
gw_jax.V_q_compute                                     1      24.156       5.187   37.4
  V_q_bispinor[0,0]                                    1       2.961       2.961    4.6
  V_q_bispinor[1,1]                                    1       3.276       3.276    5.1
  V_q_bispinor[2,2]                                    1       2.242       2.242    3.5
  V_q_bispinor[3,3]                                    1       2.295       2.295    3.6
  V_q_bispinor[1,2]                                    1       3.169       3.169    4.9
  V_q_bispinor[1,3]                                    1       2.525       2.525    3.9
  V_q_bispinor[2,3]                                    1       2.500       2.500    3.9
gw_jax.wavefunction_setup                              1       0.053       0.053    0.1
gw_jax.sigma                                           1       6.357       6.357    9.9
