[lxrun] JID 52728775 · 4 nodes · 2:43:10 left · 4/4 free · incoming: lx-A
  1  nid001120  free   —              —      —  ← starting lx-A  python3 -u -m gw.gw_jax 
  2  nid001121  free   —              —      —  ← starting lx-A  python3 -u -m gw.gw_jax 
  3  nid001124  free   —              —      —  ← starting lx-A  python3 -u -m gw.gw_jax 
  4  nid001241  free   —              —      —  ← starting lx-A  python3 -u -m gw.gw_jax 
srun: Step created for StepId=52728775.11

========================================================================
  COHSEX-JAX: Self-Energy Calculation
========================================================================
  Backend: GPU       Devices: 16  Mesh: 4×4  Processes: 16
  Device type: NVIDIA A100-SXM4-40GB
  XLA preallocate: false  mem_fraction: unset
========================================================================

/global/u2/j/jackm/software/lorrax_A/src/common/symmetry_maps.py:324: UserWarning: SymMaps: 4/9 full-BZ k-points require time-reversal symmetry for unfolding. Non-symmorphic phases are NOT applied for these k-points. Use noinv=.true. in QE to avoid this.
  warnings.warn(
/global/u2/j/jackm/software/lorrax_A/src/common/symmetry_maps.py:324: UserWarning: SymMaps: 4/9 full-BZ k-points require time-reversal symmetry for unfolding. Non-symmorphic phases are NOT applied for these k-points. Use noinv=.true. in QE to avoid this.
  warnings.warn(
/global/u2/j/jackm/software/lorrax_A/src/common/symmetry_maps.py:324: UserWarning: SymMaps: 4/9 full-BZ k-points require time-reversal symmetry for unfolding. Non-symmorphic phases are NOT applied for these k-points. Use noinv=.true. in QE to avoid this.
  warnings.warn(
/global/u2/j/jackm/software/lorrax_A/src/common/symmetry_maps.py:324: UserWarning: SymMaps: 4/9 full-BZ k-points require time-reversal symmetry for unfolding. Non-symmorphic phases are NOT applied for these k-points. Use noinv=.true. in QE to avoid this.
  warnings.warn(
/global/u2/j/jackm/software/lorrax_A/src/common/symmetry_maps.py:324: UserWarning: SymMaps: 4/9 full-BZ k-points require time-reversal symmetry for unfolding. Non-symmorphic phases are NOT applied for these k-points. Use noinv=.true. in QE to avoid this.
  warnings.warn(
/global/u2/j/jackm/software/lorrax_A/src/common/symmetry_maps.py:324: UserWarning: SymMaps: 4/9 full-BZ k-points require time-reversal symmetry for unfolding. Non-symmorphic phases are NOT applied for these k-points. Use noinv=.true. in QE to avoid this.
  warnings.warn(
/global/u2/j/jackm/software/lorrax_A/src/common/symmetry_maps.py:324: UserWarning: SymMaps: 4/9 full-BZ k-points require time-reversal symmetry for unfolding. Non-symmorphic phases are NOT applied for these k-points. Use noinv=.true. in QE to avoid this.
  warnings.warn(
/global/u2/j/jackm/software/lorrax_A/src/common/symmetry_maps.py:324: UserWarning: SymMaps: 4/9 full-BZ k-points require time-reversal symmetry for unfolding. Non-symmorphic phases are NOT applied for these k-points. Use noinv=.true. in QE to avoid this.
  warnings.warn(
/global/u2/j/jackm/software/lorrax_A/src/common/symmetry_maps.py:324: UserWarning: SymMaps: 4/9 full-BZ k-points require time-reversal symmetry for unfolding. Non-symmorphic phases are NOT applied for these k-points. Use noinv=.true. in QE to avoid this.
  warnings.warn(
/global/u2/j/jackm/software/lorrax_A/src/common/symmetry_maps.py:324: UserWarning: SymMaps: 4/9 full-BZ k-points require time-reversal symmetry for unfolding. Non-symmorphic phases are NOT applied for these k-points. Use noinv=.true. in QE to avoid this.
  warnings.warn(
/global/u2/j/jackm/software/lorrax_A/src/common/symmetry_maps.py:324: UserWarning: SymMaps: 4/9 full-BZ k-points require time-reversal symmetry for unfolding. Non-symmorphic phases are NOT applied for these k-points. Use noinv=.true. in QE to avoid this.
  warnings.warn(
/global/u2/j/jackm/software/lorrax_A/src/common/symmetry_maps.py:324: UserWarning: SymMaps: 4/9 full-BZ k-points require time-reversal symmetry for unfolding. Non-symmorphic phases are NOT applied for these k-points. Use noinv=.true. in QE to avoid this.
  warnings.warn(
  ISDF basis: 640 centroids
  FFT grid: 24×24×80   Cell volume: 702.20 a.u.³

/global/u2/j/jackm/software/lorrax_A/src/common/symmetry_maps.py:324: UserWarning: SymMaps: 4/9 full-BZ k-points require time-reversal symmetry for unfolding. Non-symmorphic phases are NOT applied for these k-points. Use noinv=.true. in QE to avoid this.
  warnings.warn(
/global/u2/j/jackm/software/lorrax_A/src/common/symmetry_maps.py:324: UserWarning: SymMaps: 4/9 full-BZ k-points require time-reversal symmetry for unfolding. Non-symmorphic phases are NOT applied for these k-points. Use noinv=.true. in QE to avoid this.
  warnings.warn(
/global/u2/j/jackm/software/lorrax_A/src/common/symmetry_maps.py:324: UserWarning: SymMaps: 4/9 full-BZ k-points require time-reversal symmetry for unfolding. Non-symmorphic phases are NOT applied for these k-points. Use noinv=.true. in QE to avoid this.
  warnings.warn(
/global/u2/j/jackm/software/lorrax_A/src/common/symmetry_maps.py:324: UserWarning: SymMaps: 4/9 full-BZ k-points require time-reversal symmetry for unfolding. Non-symmorphic phases are NOT applied for these k-points. Use noinv=.true. in QE to avoid this.
  warnings.warn(
    Memory estimate: peak 9.06 GB (budget 28.00 GB), bottleneck=fft
    Per-stage: fft=1.63  zct=1.36  reshard=0.83  solve=0.64  gather=1.27 GB

  Zeta fitting: 1 r-chunks x 46080 r-points, 80 bands (80 left + 80 right)
  Output: /pscratch/sd/j/jackm/lorrax_sandbox/runs/MoS2/00_mos2_3x3_cohsex/A_bispinor_smoke_2026-05-08/tmp/zeta_q.h5
  Left wfns:  (9, 80, 4, 640)
  Right wfns: (9, 80, 4, 640)

  Zeta fitting: 1 r-chunks x 46080 r-points, 80 bands (80 left + 80 right)
  Output: /pscratch/sd/j/jackm/lorrax_sandbox/runs/MoS2/00_mos2_3x3_cohsex/A_bispinor_smoke_2026-05-08/tmp/zeta_q.h5
  Left wfns:  (9, 80, 4, 640)
  Right wfns: (9, 80, 4, 640)

  Zeta fitting: 1 r-chunks x 46080 r-points, 80 bands (80 left + 80 right)
  Output: /pscratch/sd/j/jackm/lorrax_sandbox/runs/MoS2/00_mos2_3x3_cohsex/A_bispinor_smoke_2026-05-08/tmp/zeta_q.h5
  Left wfns:  (9, 80, 4, 640)
  Right wfns: (9, 80, 4, 640)

  Zeta fitting: 1 r-chunks x 46080 r-points, 80 bands (80 left + 80 right)
  Output: /pscratch/sd/j/jackm/lorrax_sandbox/runs/MoS2/00_mos2_3x3_cohsex/A_bispinor_smoke_2026-05-08/tmp/zeta_q.h5
  Left wfns:  (9, 80, 4, 640)
  Right wfns: (9, 80, 4, 640)

  Zeta fitting: 1 r-chunks x 46080 r-points, 80 bands (80 left + 80 right)
  Output: /pscratch/sd/j/jackm/lorrax_sandbox/runs/MoS2/00_mos2_3x3_cohsex/A_bispinor_smoke_2026-05-08/tmp/zeta_q.h5
  Left wfns:  (9, 80, 4, 640)
  Right wfns: (9, 80, 4, 640)

  Zeta fitting: 1 r-chunks x 46080 r-points, 80 bands (80 left + 80 right)
  Output: /pscratch/sd/j/jackm/lorrax_sandbox/runs/MoS2/00_mos2_3x3_cohsex/A_bispinor_smoke_2026-05-08/tmp/zeta_q.h5

  Zeta fitting: 1 r-chunks x 46080 r-points, 80 bands (80 left + 80 right)
  Output: /pscratch/sd/j/jackm/lorrax_sandbox/runs/MoS2/00_mos2_3x3_cohsex/A_bispinor_smoke_2026-05-08/tmp/zeta_q.h5
  Left wfns:  (9, 80, 4, 640)
  Right wfns: (9, 80, 4, 640)
  Left wfns:  (9, 80, 4, 640)
  Right wfns: (9, 80, 4, 640)

  Zeta fitting: 1 r-chunks x 46080 r-points, 80 bands (80 left + 80 right)
  Output: /pscratch/sd/j/jackm/lorrax_sandbox/runs/MoS2/00_mos2_3x3_cohsex/A_bispinor_smoke_2026-05-08/tmp/zeta_q.h5
    AOT fit_one_rchunk peak (driver-level): 1.19 GB

  Chunked ISDF fitting:
    Band chunks: 80
    R chunks:    46080 (contiguous r-space)
    Q chunks:    9
    Zeta output: /pscratch/sd/j/jackm/lorrax_sandbox/runs/MoS2/00_mos2_3x3_cohsex/A_bispinor_smoke_2026-05-08/tmp/zeta_q.h5

  Zeta fitting: 1 r-chunks x 46080 r-points, 80 bands (80 left + 80 right)
  Output: /pscratch/sd/j/jackm/lorrax_sandbox/runs/MoS2/00_mos2_3x3_cohsex/A_bispinor_smoke_2026-05-08/tmp/zeta_q.h5

  Zeta fitting: 1 r-chunks x 46080 r-points, 80 bands (80 left + 80 right)
  Output: /pscratch/sd/j/jackm/lorrax_sandbox/runs/MoS2/00_mos2_3x3_cohsex/A_bispinor_smoke_2026-05-08/tmp/zeta_q.h5
  Left wfns:  (9, 80, 4, 640)
  Right wfns: (9, 80, 4, 640)
  Left wfns:  (9, 80, 4, 640)
  Right wfns: (9, 80, 4, 640)
  Left wfns:  (9, 80, 4, 640)
  Right wfns: (9, 80, 4, 640)

  Zeta fitting: 1 r-chunks x 46080 r-points, 80 bands (80 left + 80 right)
  Output: /pscratch/sd/j/jackm/lorrax_sandbox/runs/MoS2/00_mos2_3x3_cohsex/A_bispinor_smoke_2026-05-08/tmp/zeta_q.h5
  Left wfns:  (9, 80, 4, 640)
  Right wfns: (9, 80, 4, 640)

  Zeta fitting: 1 r-chunks x 46080 r-points, 80 bands (80 left + 80 right)
  Output: /pscratch/sd/j/jackm/lorrax_sandbox/runs/MoS2/00_mos2_3x3_cohsex/A_bispinor_smoke_2026-05-08/tmp/zeta_q.h5
  Left wfns:  (9, 80, 4, 640)
  Right wfns: (9, 80, 4, 640)

  Zeta fitting: 1 r-chunks x 46080 r-points, 80 bands (80 left + 80 right)
  Output: /pscratch/sd/j/jackm/lorrax_sandbox/runs/MoS2/00_mos2_3x3_cohsex/A_bispinor_smoke_2026-05-08/tmp/zeta_q.h5
  Left wfns:  (9, 80, 4, 640)
  Right wfns: (9, 80, 4, 640)

  Zeta fitting: 1 r-chunks x 46080 r-points, 80 bands (80 left + 80 right)
  Output: /pscratch/sd/j/jackm/lorrax_sandbox/runs/MoS2/00_mos2_3x3_cohsex/A_bispinor_smoke_2026-05-08/tmp/zeta_q.h5
  Left wfns:  (9, 80, 4, 640)

  Zeta fitting: 1 r-chunks x 46080 r-points, 80 bands (80 left + 80 right)
  Output: /pscratch/sd/j/jackm/lorrax_sandbox/runs/MoS2/00_mos2_3x3_cohsex/A_bispinor_smoke_2026-05-08/tmp/zeta_q.h5
  Right wfns: (9, 80, 4, 640)

  Zeta fitting: 1 r-chunks x 46080 r-points, 80 bands (80 left + 80 right)
  Output: /pscratch/sd/j/jackm/lorrax_sandbox/runs/MoS2/00_mos2_3x3_cohsex/A_bispinor_smoke_2026-05-08/tmp/zeta_q.h5
  Left wfns:  (9, 80, 4, 640)
  Right wfns: (9, 80, 4, 640)
  Left wfns:  (9, 80, 4, 640)
  Right wfns: (9, 80, 4, 640)
  Pseudobands normalization: 0 weighted, 0 zero-weight (skipped)
  Computing pair densities P_l, P_r (spin_traced)
/opt/jax/jax/_src/interpreters/mlir.py:1178: UserWarning: Some donated buffers were not usable: ShapedArray(complex128[9,160,160]).
See an explanation at https://jax.readthedocs.io/en/latest/faq.html#buffer-donation.
  warnings.warn("Some donated buffers were not usable:"
  Computing L_q = chol(C_q)
  Pseudobands normalization: 0 weighted, 0 zero-weight (skipped)
  Computing pair densities P_l, P_r (spin_traced)
  Pseudobands normalization: 0 weighted, 0 zero-weight (skipped)
  Computing pair densities P_l, P_r (spin_traced)
  Pseudobands normalization: 0 weighted, 0 zero-weight (skipped)
  Computing pair densities P_l, P_r (spin_traced)
  Pseudobands normalization: 0 weighted, 0 zero-weight (skipped)
  Computing pair densities P_l, P_r (spin_traced)
/opt/jax/jax/_src/interpreters/mlir.py:1178: UserWarning: Some donated buffers were not usable: ShapedArray(complex128[9,160,160]).
See an explanation at https://jax.readthedocs.io/en/latest/faq.html#buffer-donation.
  warnings.warn("Some donated buffers were not usable:"
/opt/jax/jax/_src/interpreters/mlir.py:1178: UserWarning: Some donated buffers were not usable: ShapedArray(complex128[9,160,160]).
See an explanation at https://jax.readthedocs.io/en/latest/faq.html#buffer-donation.
  warnings.warn("Some donated buffers were not usable:"
  Pseudobands normalization: 0 weighted, 0 zero-weight (skipped)
  Computing pair densities P_l, P_r (spin_traced)
  Pseudobands normalization: 0 weighted, 0 zero-weight (skipped)
  Computing pair densities P_l, P_r (spin_traced)
  Pseudobands normalization: 0 weighted, 0 zero-weight (skipped)
  Computing pair densities P_l, P_r (spin_traced)
  Pseudobands normalization: 0 weighted, 0 zero-weight (skipped)
  Computing pair densities P_l, P_r (spin_traced)
  Pseudobands normalization: 0 weighted, 0 zero-weight (skipped)
  Computing pair densities P_l, P_r (spin_traced)
  Pseudobands normalization: 0 weighted, 0 zero-weight (skipped)
  Computing pair densities P_l, P_r (spin_traced)
  Pseudobands normalization: 0 weighted, 0 zero-weight (skipped)
  Computing pair densities P_l, P_r (spin_traced)
  Pseudobands normalization: 0 weighted, 0 zero-weight (skipped)
  Computing pair densities P_l, P_r (spin_traced)
/opt/jax/jax/_src/interpreters/mlir.py:1178: UserWarning: Some donated buffers were not usable: ShapedArray(complex128[9,160,160]).
See an explanation at https://jax.readthedocs.io/en/latest/faq.html#buffer-donation.
  warnings.warn("Some donated buffers were not usable:"
  Pseudobands normalization: 0 weighted, 0 zero-weight (skipped)
  Computing pair densities P_l, P_r (spin_traced)
/opt/jax/jax/_src/interpreters/mlir.py:1178: UserWarning: Some donated buffers were not usable: ShapedArray(complex128[9,160,160]).
See an explanation at https://jax.readthedocs.io/en/latest/faq.html#buffer-donation.
  warnings.warn("Some donated buffers were not usable:"
  Pseudobands normalization: 0 weighted, 0 zero-weight (skipped)
  Computing pair densities P_l, P_r (spin_traced)
  Pseudobands normalization: 0 weighted, 0 zero-weight (skipped)
  Computing pair densities P_l, P_r (spin_traced)
/opt/jax/jax/_src/interpreters/mlir.py:1178: UserWarning: Some donated buffers were not usable: ShapedArray(complex128[9,160,160]).
See an explanation at https://jax.readthedocs.io/en/latest/faq.html#buffer-donation.
  warnings.warn("Some donated buffers were not usable:"
/opt/jax/jax/_src/interpreters/mlir.py:1178: UserWarning: Some donated buffers were not usable: ShapedArray(complex128[9,160,160]).
See an explanation at https://jax.readthedocs.io/en/latest/faq.html#buffer-donation.
  warnings.warn("Some donated buffers were not usable:"
/opt/jax/jax/_src/interpreters/mlir.py:1178: UserWarning: Some donated buffers were not usable: ShapedArray(complex128[9,160,160]).
See an explanation at https://jax.readthedocs.io/en/latest/faq.html#buffer-donation.
  warnings.warn("Some donated buffers were not usable:"
/opt/jax/jax/_src/interpreters/mlir.py:1178: UserWarning: Some donated buffers were not usable: ShapedArray(complex128[9,160,160]).
See an explanation at https://jax.readthedocs.io/en/latest/faq.html#buffer-donation.
  warnings.warn("Some donated buffers were not usable:"
/opt/jax/jax/_src/interpreters/mlir.py:1178: UserWarning: Some donated buffers were not usable: ShapedArray(complex128[9,160,160]).
See an explanation at https://jax.readthedocs.io/en/latest/faq.html#buffer-donation.
  warnings.warn("Some donated buffers were not usable:"
/opt/jax/jax/_src/interpreters/mlir.py:1178: UserWarning: Some donated buffers were not usable: ShapedArray(complex128[9,160,160]).
See an explanation at https://jax.readthedocs.io/en/latest/faq.html#buffer-donation.
  warnings.warn("Some donated buffers were not usable:"
/opt/jax/jax/_src/interpreters/mlir.py:1178: UserWarning: Some donated buffers were not usable: ShapedArray(complex128[9,160,160]).
See an explanation at https://jax.readthedocs.io/en/latest/faq.html#buffer-donation.
  warnings.warn("Some donated buffers were not usable:"
/opt/jax/jax/_src/interpreters/mlir.py:1178: UserWarning: Some donated buffers were not usable: ShapedArray(complex128[9,160,160]).
See an explanation at https://jax.readthedocs.io/en/latest/faq.html#buffer-donation.
  warnings.warn("Some donated buffers were not usable:"
/opt/jax/jax/_src/interpreters/mlir.py:1178: UserWarning: Some donated buffers were not usable: ShapedArray(complex128[9,160,160]).
See an explanation at https://jax.readthedocs.io/en/latest/faq.html#buffer-donation.
  warnings.warn("Some donated buffers were not usable:"
/opt/jax/jax/_src/interpreters/mlir.py:1178: UserWarning: Some donated buffers were not usable: ShapedArray(complex128[9,160,160]).
See an explanation at https://jax.readthedocs.io/en/latest/faq.html#buffer-donation.
  warnings.warn("Some donated buffers were not usable:"
/opt/jax/jax/_src/interpreters/mlir.py:1178: UserWarning: Some donated buffers were not usable: ShapedArray(complex128[9,160,160]).
See an explanation at https://jax.readthedocs.io/en/latest/faq.html#buffer-donation.
  warnings.warn("Some donated buffers were not usable:"
  Computing L_q = chol(C_q)
  Computing L_q = chol(C_q)
  Computing L_q = chol(C_q)
  Computing L_q = chol(C_q)
  Computing L_q = chol(C_q)
  Computing L_q = chol(C_q)
  Computing L_q = chol(C_q)
  Computing L_q = chol(C_q)
  Computing L_q = chol(C_q)
  Computing L_q = chol(C_q)
  Computing L_q = chol(C_q)
  Computing L_q = chol(C_q)
  Computing L_q = chol(C_q)
  Computing L_q = chol(C_q)
  Computing L_q = chol(C_q)
  L_q: (9, 640, 640)
  L_q: (9, 640, 640)
  L_q: (9, 640, 640)
  L_q: (9, 640, 640)
  L_q: (9, 640, 640)
  L_q: (9, 640, 640)
  L_q: (9, 640, 640)
  L_q: (9, 640, 640)
  L_q: (9, 640, 640)
  L_q: (9, 640, 640)
  L_q: (9, 640, 640)
  L_q: (9, 640, 640)
  L_q: (9, 640, 640)
  L_q: (9, 640, 640)
  L_q: (9, 640, 640)
  L_q: (9, 640, 640)
/global/u2/j/jackm/software/lorrax_A/src/file_io/_slab_io_ffi.py:385: UserWarning: FFI backend: chunks/attrs on create_dataset currently no-op; pre-create with h5py if you need explicit chunking or attrs.
  warnings.warn(
/global/u2/j/jackm/software/lorrax_A/src/file_io/_slab_io_ffi.py:385: UserWarning: FFI backend: chunks/attrs on create_dataset currently no-op; pre-create with h5py if you need explicit chunking or attrs.
  warnings.warn(
/global/u2/j/jackm/software/lorrax_A/src/file_io/_slab_io_ffi.py:385: UserWarning: FFI backend: chunks/attrs on create_dataset currently no-op; pre-create with h5py if you need explicit chunking or attrs.
  warnings.warn(
/global/u2/j/jackm/software/lorrax_A/src/file_io/_slab_io_ffi.py:385: UserWarning: FFI backend: chunks/attrs on create_dataset currently no-op; pre-create with h5py if you need explicit chunking or attrs.
  warnings.warn(
/global/u2/j/jackm/software/lorrax_A/src/file_io/_slab_io_ffi.py:385: UserWarning: FFI backend: chunks/attrs on create_dataset currently no-op; pre-create with h5py if you need explicit chunking or attrs.
  warnings.warn(
/global/u2/j/jackm/software/lorrax_A/src/file_io/_slab_io_ffi.py:385: UserWarning: FFI backend: chunks/attrs on create_dataset currently no-op; pre-create with h5py if you need explicit chunking or attrs.
  warnings.warn(
/global/u2/j/jackm/software/lorrax_A/src/file_io/_slab_io_ffi.py:385: UserWarning: FFI backend: chunks/attrs on create_dataset currently no-op; pre-create with h5py if you need explicit chunking or attrs.
  warnings.warn(
/global/u2/j/jackm/software/lorrax_A/src/file_io/_slab_io_ffi.py:385: UserWarning: FFI backend: chunks/attrs on create_dataset currently no-op; pre-create with h5py if you need explicit chunking or attrs.
  warnings.warn(
/global/u2/j/jackm/software/lorrax_A/src/file_io/_slab_io_ffi.py:385: UserWarning: FFI backend: chunks/attrs on create_dataset currently no-op; pre-create with h5py if you need explicit chunking or attrs.
  warnings.warn(
/global/u2/j/jackm/software/lorrax_A/src/file_io/_slab_io_ffi.py:385: UserWarning: FFI backend: chunks/attrs on create_dataset currently no-op; pre-create with h5py if you need explicit chunking or attrs.
  warnings.warn(
/global/u2/j/jackm/software/lorrax_A/src/file_io/_slab_io_ffi.py:385: UserWarning: FFI backend: chunks/attrs on create_dataset currently no-op; pre-create with h5py if you need explicit chunking or attrs.
  warnings.warn(
/global/u2/j/jackm/software/lorrax_A/src/file_io/_slab_io_ffi.py:385: UserWarning: FFI backend: chunks/attrs on create_dataset currently no-op; pre-create with h5py if you need explicit chunking or attrs.
  warnings.warn(
/global/u2/j/jackm/software/lorrax_A/src/file_io/_slab_io_ffi.py:385: UserWarning: FFI backend: chunks/attrs on create_dataset currently no-op; pre-create with h5py if you need explicit chunking or attrs.
  warnings.warn(
/global/u2/j/jackm/software/lorrax_A/src/file_io/_slab_io_ffi.py:385: UserWarning: FFI backend: chunks/attrs on create_dataset currently no-op; pre-create with h5py if you need explicit chunking or attrs.
  warnings.warn(
/global/u2/j/jackm/software/lorrax_A/src/file_io/_slab_io_ffi.py:385: UserWarning: FFI backend: chunks/attrs on create_dataset currently no-op; pre-create with h5py if you need explicit chunking or attrs.
  warnings.warn(
/global/u2/j/jackm/software/lorrax_A/src/file_io/_slab_io_ffi.py:385: UserWarning: FFI backend: chunks/attrs on create_dataset currently no-op; pre-create with h5py if you need explicit chunking or attrs.
  warnings.warn(
  ψ(G) host cache: 0.13 GB/process resident
Started zeta fitting at 18:29:05.
[ 18:29:05 | ██████████ | 100% ] r-chunk 1 / 1 · ETA 0 s
Finished zeta fitting at 18:29:05.  Elapsed: 0 s.
  [SlabIO.close] draining 1 pending writes for zeta_q.h5 …
  [SlabIO.close] Python dispatch drained in 1.0 s; joining writer thread
  [SlabIO.close] writer thread joined in 0.0 s; calling H5Fclose collectively
  [SlabIO.close] H5Fclose returned in 0.1 s
  Zeta output: /pscratch/sd/j/jackm/lorrax_sandbox/runs/MoS2/00_mos2_3x3_cohsex/A_bispinor_smoke_2026-05-08/tmp/zeta_q.h5  shape: (3,3,1,640,46080)
  Timing (1 r-chunks, 2.0s total):
    fit      1.71s  84.9%
  Zeta output: /pscratch/sd/j/jackm/lorrax_sandbox/runs/MoS2/00_mos2_3x3_cohsex/A_bispinor_smoke_2026-05-08/tmp/zeta_q.h5  shape: (3,3,1,640,46080)
  Timing (1 r-chunks, 1.8s total):
    fit      1.52s  82.3%
    H5       0.30s  14.9%
    H5       0.32s  17.3%
  Zeta output: /pscratch/sd/j/jackm/lorrax_sandbox/runs/MoS2/00_mos2_3x3_cohsex/A_bispinor_smoke_2026-05-08/tmp/zeta_q.h5  shape: (3,3,1,640,46080)
  Timing (1 r-chunks, 1.8s total):
    fit      1.71s  93.5%
    H5       0.11s   6.2%
  Zeta output: /pscratch/sd/j/jackm/lorrax_sandbox/runs/MoS2/00_mos2_3x3_cohsex/A_bispinor_smoke_2026-05-08/tmp/zeta_q.h5  shape: (3,3,1,640,46080)
  Timing (1 r-chunks, 1.8s total):
    fit      1.68s  91.0%
    H5       0.16s   8.5%
  Zeta output: /pscratch/sd/j/jackm/lorrax_sandbox/runs/MoS2/00_mos2_3x3_cohsex/A_bispinor_smoke_2026-05-08/tmp/zeta_q.h5  shape: (3,3,1,640,46080)
  Timing (1 r-chunks, 1.8s total):
    fit      1.73s  93.7%
    H5       0.10s   5.7%
  Zeta output: /pscratch/sd/j/jackm/lorrax_sandbox/runs/MoS2/00_mos2_3x3_cohsex/A_bispinor_smoke_2026-05-08/tmp/zeta_q.h5  shape: (3,3,1,640,46080)
  Timing (1 r-chunks, 1.8s total):
    fit      1.71s  93.1%
  Zeta output: /pscratch/sd/j/jackm/lorrax_sandbox/runs/MoS2/00_mos2_3x3_cohsex/A_bispinor_smoke_2026-05-08/tmp/zeta_q.h5  shape: (3,3,1,640,46080)
  Timing (1 r-chunks, 1.8s total):
  Zeta output: /pscratch/sd/j/jackm/lorrax_sandbox/runs/MoS2/00_mos2_3x3_cohsex/A_bispinor_smoke_2026-05-08/tmp/zeta_q.h5  shape: (3,3,1,640,46080)
  Timing (1 r-chunks, 1.8s total):
    fit      1.50s  81.7%
    H5       0.33s  18.0%
  Zeta output: /pscratch/sd/j/jackm/lorrax_sandbox/runs/MoS2/00_mos2_3x3_cohsex/A_bispinor_smoke_2026-05-08/tmp/zeta_q.h5  shape: (3,3,1,640,46080)
  Timing (1 r-chunks, 1.8s total):
    fit      1.71s  93.3%
    H5       0.12s   6.4%
  Zeta output: /pscratch/sd/j/jackm/lorrax_sandbox/runs/MoS2/00_mos2_3x3_cohsex/A_bispinor_smoke_2026-05-08/tmp/zeta_q.h5  shape: (3,3,1,640,46080)
  Timing (1 r-chunks, 1.8s total):
    fit      1.73s  94.2%
    H5       0.10s   5.4%
    fit      1.51s  82.3%
  Zeta output: /pscratch/sd/j/jackm/lorrax_sandbox/runs/MoS2/00_mos2_3x3_cohsex/A_bispinor_smoke_2026-05-08/tmp/zeta_q.h5  shape: (3,3,1,640,46080)
  Timing (1 r-chunks, 1.8s total):
  Zeta output: /pscratch/sd/j/jackm/lorrax_sandbox/runs/MoS2/00_mos2_3x3_cohsex/A_bispinor_smoke_2026-05-08/tmp/zeta_q.h5  shape: (3,3,1,640,46080)
  Timing (1 r-chunks, 1.8s total):
    H5       0.12s   6.5%
  Zeta output: /pscratch/sd/j/jackm/lorrax_sandbox/runs/MoS2/00_mos2_3x3_cohsex/A_bispinor_smoke_2026-05-08/tmp/zeta_q.h5  shape: (3,3,1,640,46080)
  Zeta output: /pscratch/sd/j/jackm/lorrax_sandbox/runs/MoS2/00_mos2_3x3_cohsex/A_bispinor_smoke_2026-05-08/tmp/zeta_q.h5  shape: (3,3,1,640,46080)
  Timing (1 r-chunks, 1.8s total):
    fit      1.68s  91.2%
    fit      1.69s  91.9%
    H5       0.14s   7.6%
  Zeta output: /pscratch/sd/j/jackm/lorrax_sandbox/runs/MoS2/00_mos2_3x3_cohsex/A_bispinor_smoke_2026-05-08/tmp/zeta_q.h5  shape: (3,3,1,640,46080)
  Timing (1 r-chunks, 1.8s total):
    fit      1.72s  93.4%
    H5       0.32s  17.2%
    fit      1.73s  94.2%
    H5       0.10s   5.6%
    H5       0.11s   6.1%
  Timing (1 r-chunks, 1.8s total):
    fit      1.74s  95.5%
    H5       0.15s   8.3%
    H5       0.08s   4.3%
  Zeta output: /pscratch/sd/j/jackm/lorrax_sandbox/runs/MoS2/00_mos2_3x3_cohsex/A_bispinor_smoke_2026-05-08/tmp/zeta_q.h5  shape: (3,3,1,640,46080)
  Timing (1 r-chunks, 1.8s total):
    fit      1.71s  93.1%
    H5       0.12s   6.4%
    GPU high-water mark: 2.13 GB / 28.00 GB budget (8%)
    γ (runtime / AOT-pred) = 1.781  (AOT predicted 1.19 GB)

  [bispinor] fitting ζ^{μ_L=1,2,3} on current-density centroids: centroids_frac_656_current.txt
  [bispinor] μ_L=1 → /pscratch/sd/j/jackm/lorrax_sandbox/runs/MoS2/00_mos2_3x3_cohsex/A_bispinor_smoke_2026-05-08/tmp/zeta_q_mu1.h5

  Zeta fitting: 1 r-chunks x 46080 r-points, 80 bands (80 left + 80 right)
  Output: /pscratch/sd/j/jackm/lorrax_sandbox/runs/MoS2/00_mos2_3x3_cohsex/A_bispinor_smoke_2026-05-08/tmp/zeta_q_mu1.h5
  Left wfns:  (9, 80, 4, 656)
  Right wfns: (9, 80, 4, 656)
  Pseudobands normalization: 0 weighted, 0 zero-weight (skipped)
  Computing pair densities P_l, P_r (γ̃^1 vertex)

  Zeta fitting: 1 r-chunks x 46080 r-points, 80 bands (80 left + 80 right)
  Output: /pscratch/sd/j/jackm/lorrax_sandbox/runs/MoS2/00_mos2_3x3_cohsex/A_bispinor_smoke_2026-05-08/tmp/zeta_q_mu1.h5
  Left wfns:  (9, 80, 4, 656)
  Right wfns: (9, 80, 4, 656)

  Zeta fitting: 1 r-chunks x 46080 r-points, 80 bands (80 left + 80 right)
  Output: /pscratch/sd/j/jackm/lorrax_sandbox/runs/MoS2/00_mos2_3x3_cohsex/A_bispinor_smoke_2026-05-08/tmp/zeta_q_mu1.h5
  Left wfns:  (9, 80, 4, 656)
  Right wfns: (9, 80, 4, 656)

  Zeta fitting: 1 r-chunks x 46080 r-points, 80 bands (80 left + 80 right)
  Output: /pscratch/sd/j/jackm/lorrax_sandbox/runs/MoS2/00_mos2_3x3_cohsex/A_bispinor_smoke_2026-05-08/tmp/zeta_q_mu1.h5
  Left wfns:  (9, 80, 4, 656)
  Right wfns: (9, 80, 4, 656)

  Zeta fitting: 1 r-chunks x 46080 r-points, 80 bands (80 left + 80 right)
  Output: /pscratch/sd/j/jackm/lorrax_sandbox/runs/MoS2/00_mos2_3x3_cohsex/A_bispinor_smoke_2026-05-08/tmp/zeta_q_mu1.h5

  Zeta fitting: 1 r-chunks x 46080 r-points, 80 bands (80 left + 80 right)
  Output: /pscratch/sd/j/jackm/lorrax_sandbox/runs/MoS2/00_mos2_3x3_cohsex/A_bispinor_smoke_2026-05-08/tmp/zeta_q_mu1.h5
  Left wfns:  (9, 80, 4, 656)
  Right wfns: (9, 80, 4, 656)
  Left wfns:  (9, 80, 4, 656)
  Right wfns: (9, 80, 4, 656)

  Zeta fitting: 1 r-chunks x 46080 r-points, 80 bands (80 left + 80 right)
  Output: /pscratch/sd/j/jackm/lorrax_sandbox/runs/MoS2/00_mos2_3x3_cohsex/A_bispinor_smoke_2026-05-08/tmp/zeta_q_mu1.h5
  Left wfns:  (9, 80, 4, 656)
  Right wfns: (9, 80, 4, 656)

  Zeta fitting: 1 r-chunks x 46080 r-points, 80 bands (80 left + 80 right)
  Output: /pscratch/sd/j/jackm/lorrax_sandbox/runs/MoS2/00_mos2_3x3_cohsex/A_bispinor_smoke_2026-05-08/tmp/zeta_q_mu1.h5
  Left wfns:  (9, 80, 4, 656)
  Right wfns: (9, 80, 4, 656)

  Zeta fitting: 1 r-chunks x 46080 r-points, 80 bands (80 left + 80 right)
  Output: /pscratch/sd/j/jackm/lorrax_sandbox/runs/MoS2/00_mos2_3x3_cohsex/A_bispinor_smoke_2026-05-08/tmp/zeta_q_mu1.h5

  Zeta fitting: 1 r-chunks x 46080 r-points, 80 bands (80 left + 80 right)
  Output: /pscratch/sd/j/jackm/lorrax_sandbox/runs/MoS2/00_mos2_3x3_cohsex/A_bispinor_smoke_2026-05-08/tmp/zeta_q_mu1.h5
  Left wfns:  (9, 80, 4, 656)
  Right wfns: (9, 80, 4, 656)
  Left wfns:  (9, 80, 4, 656)
  Right wfns: (9, 80, 4, 656)

  Zeta fitting: 1 r-chunks x 46080 r-points, 80 bands (80 left + 80 right)
  Output: /pscratch/sd/j/jackm/lorrax_sandbox/runs/MoS2/00_mos2_3x3_cohsex/A_bispinor_smoke_2026-05-08/tmp/zeta_q_mu1.h5

  Zeta fitting: 1 r-chunks x 46080 r-points, 80 bands (80 left + 80 right)
  Output: /pscratch/sd/j/jackm/lorrax_sandbox/runs/MoS2/00_mos2_3x3_cohsex/A_bispinor_smoke_2026-05-08/tmp/zeta_q_mu1.h5
  Left wfns:  (9, 80, 4, 656)
  Right wfns: (9, 80, 4, 656)
  Left wfns:  (9, 80, 4, 656)
  Right wfns: (9, 80, 4, 656)

  Zeta fitting: 1 r-chunks x 46080 r-points, 80 bands (80 left + 80 right)
  Output: /pscratch/sd/j/jackm/lorrax_sandbox/runs/MoS2/00_mos2_3x3_cohsex/A_bispinor_smoke_2026-05-08/tmp/zeta_q_mu1.h5
  Left wfns:  (9, 80, 4, 656)
  Right wfns: (9, 80, 4, 656)

  Zeta fitting: 1 r-chunks x 46080 r-points, 80 bands (80 left + 80 right)
  Output: /pscratch/sd/j/jackm/lorrax_sandbox/runs/MoS2/00_mos2_3x3_cohsex/A_bispinor_smoke_2026-05-08/tmp/zeta_q_mu1.h5
  Left wfns:  (9, 80, 4, 656)
  Right wfns: (9, 80, 4, 656)

  Zeta fitting: 1 r-chunks x 46080 r-points, 80 bands (80 left + 80 right)
  Output: /pscratch/sd/j/jackm/lorrax_sandbox/runs/MoS2/00_mos2_3x3_cohsex/A_bispinor_smoke_2026-05-08/tmp/zeta_q_mu1.h5
  Left wfns:  (9, 80, 4, 656)
  Right wfns: (9, 80, 4, 656)

  Zeta fitting: 1 r-chunks x 46080 r-points, 80 bands (80 left + 80 right)
  Output: /pscratch/sd/j/jackm/lorrax_sandbox/runs/MoS2/00_mos2_3x3_cohsex/A_bispinor_smoke_2026-05-08/tmp/zeta_q_mu1.h5
  Left wfns:  (9, 80, 4, 656)
  Right wfns: (9, 80, 4, 656)
/opt/jax/jax/_src/interpreters/mlir.py:1178: UserWarning: Some donated buffers were not usable: ShapedArray(complex128[9,164,164]).
See an explanation at https://jax.readthedocs.io/en/latest/faq.html#buffer-donation.
  warnings.warn("Some donated buffers were not usable:"
  Pseudobands normalization: 0 weighted, 0 zero-weight (skipped)
  Computing pair densities P_l, P_r (γ̃^1 vertex)
  Pseudobands normalization: 0 weighted, 0 zero-weight (skipped)
  Computing pair densities P_l, P_r (γ̃^1 vertex)
  Pseudobands normalization: 0 weighted, 0 zero-weight (skipped)
  Computing pair densities P_l, P_r (γ̃^1 vertex)
  Pseudobands normalization: 0 weighted, 0 zero-weight (skipped)
  Computing pair densities P_l, P_r (γ̃^1 vertex)
  Pseudobands normalization: 0 weighted, 0 zero-weight (skipped)
  Computing pair densities P_l, P_r (γ̃^1 vertex)
  Pseudobands normalization: 0 weighted, 0 zero-weight (skipped)
  Computing pair densities P_l, P_r (γ̃^1 vertex)
  Pseudobands normalization: 0 weighted, 0 zero-weight (skipped)
  Computing pair densities P_l, P_r (γ̃^1 vertex)
  Pseudobands normalization: 0 weighted, 0 zero-weight (skipped)
  Computing pair densities P_l, P_r (γ̃^1 vertex)
  Skipping Cholesky (vertex_mu_L=1 CCT is indefinite); LU solve will run at fit time
  L_q: (9, 656, 656)
  Pseudobands normalization: 0 weighted, 0 zero-weight (skipped)
  Computing pair densities P_l, P_r (γ̃^1 vertex)
  Pseudobands normalization: 0 weighted, 0 zero-weight (skipped)
  Computing pair densities P_l, P_r (γ̃^1 vertex)
  Pseudobands normalization: 0 weighted, 0 zero-weight (skipped)
  Computing pair densities P_l, P_r (γ̃^1 vertex)
  Pseudobands normalization: 0 weighted, 0 zero-weight (skipped)
  Computing pair densities P_l, P_r (γ̃^1 vertex)
  Pseudobands normalization: 0 weighted, 0 zero-weight (skipped)
  Computing pair densities P_l, P_r (γ̃^1 vertex)
  Pseudobands normalization: 0 weighted, 0 zero-weight (skipped)
  Computing pair densities P_l, P_r (γ̃^1 vertex)
  Pseudobands normalization: 0 weighted, 0 zero-weight (skipped)
  Computing pair densities P_l, P_r (γ̃^1 vertex)
/opt/jax/jax/_src/interpreters/mlir.py:1178: UserWarning: Some donated buffers were not usable: ShapedArray(complex128[9,164,164]).
See an explanation at https://jax.readthedocs.io/en/latest/faq.html#buffer-donation.
  warnings.warn("Some donated buffers were not usable:"
/opt/jax/jax/_src/interpreters/mlir.py:1178: UserWarning: Some donated buffers were not usable: ShapedArray(complex128[9,164,164]).
See an explanation at https://jax.readthedocs.io/en/latest/faq.html#buffer-donation.
  warnings.warn("Some donated buffers were not usable:"
/opt/jax/jax/_src/interpreters/mlir.py:1178: UserWarning: Some donated buffers were not usable: ShapedArray(complex128[9,164,164]).
See an explanation at https://jax.readthedocs.io/en/latest/faq.html#buffer-donation.
  warnings.warn("Some donated buffers were not usable:"
/opt/jax/jax/_src/interpreters/mlir.py:1178: UserWarning: Some donated buffers were not usable: ShapedArray(complex128[9,164,164]).
See an explanation at https://jax.readthedocs.io/en/latest/faq.html#buffer-donation.
  warnings.warn("Some donated buffers were not usable:"
/opt/jax/jax/_src/interpreters/mlir.py:1178: UserWarning: Some donated buffers were not usable: ShapedArray(complex128[9,164,164]).
See an explanation at https://jax.readthedocs.io/en/latest/faq.html#buffer-donation.
  warnings.warn("Some donated buffers were not usable:"
/opt/jax/jax/_src/interpreters/mlir.py:1178: UserWarning: Some donated buffers were not usable: ShapedArray(complex128[9,164,164]).
See an explanation at https://jax.readthedocs.io/en/latest/faq.html#buffer-donation.
  warnings.warn("Some donated buffers were not usable:"
/opt/jax/jax/_src/interpreters/mlir.py:1178: UserWarning: Some donated buffers were not usable: ShapedArray(complex128[9,164,164]).
See an explanation at https://jax.readthedocs.io/en/latest/faq.html#buffer-donation.
  warnings.warn("Some donated buffers were not usable:"
/opt/jax/jax/_src/interpreters/mlir.py:1178: UserWarning: Some donated buffers were not usable: ShapedArray(complex128[9,164,164]).
See an explanation at https://jax.readthedocs.io/en/latest/faq.html#buffer-donation.
  warnings.warn("Some donated buffers were not usable:"
/opt/jax/jax/_src/interpreters/mlir.py:1178: UserWarning: Some donated buffers were not usable: ShapedArray(complex128[9,164,164]).
See an explanation at https://jax.readthedocs.io/en/latest/faq.html#buffer-donation.
  warnings.warn("Some donated buffers were not usable:"
/opt/jax/jax/_src/interpreters/mlir.py:1178: UserWarning: Some donated buffers were not usable: ShapedArray(complex128[9,164,164]).
See an explanation at https://jax.readthedocs.io/en/latest/faq.html#buffer-donation.
  warnings.warn("Some donated buffers were not usable:"
/opt/jax/jax/_src/interpreters/mlir.py:1178: UserWarning: Some donated buffers were not usable: ShapedArray(complex128[9,164,164]).
See an explanation at https://jax.readthedocs.io/en/latest/faq.html#buffer-donation.
  warnings.warn("Some donated buffers were not usable:"
/opt/jax/jax/_src/interpreters/mlir.py:1178: UserWarning: Some donated buffers were not usable: ShapedArray(complex128[9,164,164]).
See an explanation at https://jax.readthedocs.io/en/latest/faq.html#buffer-donation.
  warnings.warn("Some donated buffers were not usable:"
/opt/jax/jax/_src/interpreters/mlir.py:1178: UserWarning: Some donated buffers were not usable: ShapedArray(complex128[9,164,164]).
See an explanation at https://jax.readthedocs.io/en/latest/faq.html#buffer-donation.
  warnings.warn("Some donated buffers were not usable:"
/opt/jax/jax/_src/interpreters/mlir.py:1178: UserWarning: Some donated buffers were not usable: ShapedArray(complex128[9,164,164]).
See an explanation at https://jax.readthedocs.io/en/latest/faq.html#buffer-donation.
  warnings.warn("Some donated buffers were not usable:"
/opt/jax/jax/_src/interpreters/mlir.py:1178: UserWarning: Some donated buffers were not usable: ShapedArray(complex128[9,164,164]).
See an explanation at https://jax.readthedocs.io/en/latest/faq.html#buffer-donation.
  warnings.warn("Some donated buffers were not usable:"
  Skipping Cholesky (vertex_mu_L=1 CCT is indefinite); LU solve will run at fit time
  L_q: (9, 656, 656)
  Skipping Cholesky (vertex_mu_L=1 CCT is indefinite); LU solve will run at fit time
  L_q: (9, 656, 656)
  Skipping Cholesky (vertex_mu_L=1 CCT is indefinite); LU solve will run at fit time
  L_q: (9, 656, 656)
  Skipping Cholesky (vertex_mu_L=1 CCT is indefinite); LU solve will run at fit time
  L_q: (9, 656, 656)
  Skipping Cholesky (vertex_mu_L=1 CCT is indefinite); LU solve will run at fit time
  L_q: (9, 656, 656)
  Skipping Cholesky (vertex_mu_L=1 CCT is indefinite); LU solve will run at fit time
  L_q: (9, 656, 656)
  Skipping Cholesky (vertex_mu_L=1 CCT is indefinite); LU solve will run at fit time
  L_q: (9, 656, 656)
  Skipping Cholesky (vertex_mu_L=1 CCT is indefinite); LU solve will run at fit time
  L_q: (9, 656, 656)
  Skipping Cholesky (vertex_mu_L=1 CCT is indefinite); LU solve will run at fit time
  L_q: (9, 656, 656)
  Skipping Cholesky (vertex_mu_L=1 CCT is indefinite); LU solve will run at fit time
  L_q: (9, 656, 656)
  Skipping Cholesky (vertex_mu_L=1 CCT is indefinite); LU solve will run at fit time
  L_q: (9, 656, 656)
  Skipping Cholesky (vertex_mu_L=1 CCT is indefinite); LU solve will run at fit time
  L_q: (9, 656, 656)
  Skipping Cholesky (vertex_mu_L=1 CCT is indefinite); LU solve will run at fit time
  L_q: (9, 656, 656)
  Skipping Cholesky (vertex_mu_L=1 CCT is indefinite); LU solve will run at fit time
  L_q: (9, 656, 656)
  Skipping Cholesky (vertex_mu_L=1 CCT is indefinite); LU solve will run at fit time
  L_q: (9, 656, 656)
/global/u2/j/jackm/software/lorrax_A/src/file_io/_slab_io_ffi.py:385: UserWarning: FFI backend: chunks/attrs on create_dataset currently no-op; pre-create with h5py if you need explicit chunking or attrs.
  warnings.warn(
/global/u2/j/jackm/software/lorrax_A/src/file_io/_slab_io_ffi.py:385: UserWarning: FFI backend: chunks/attrs on create_dataset currently no-op; pre-create with h5py if you need explicit chunking or attrs.
  warnings.warn(
/global/u2/j/jackm/software/lorrax_A/src/file_io/_slab_io_ffi.py:385: UserWarning: FFI backend: chunks/attrs on create_dataset currently no-op; pre-create with h5py if you need explicit chunking or attrs.
  warnings.warn(
/global/u2/j/jackm/software/lorrax_A/src/file_io/_slab_io_ffi.py:385: UserWarning: FFI backend: chunks/attrs on create_dataset currently no-op; pre-create with h5py if you need explicit chunking or attrs.
  warnings.warn(
/global/u2/j/jackm/software/lorrax_A/src/file_io/_slab_io_ffi.py:385: UserWarning: FFI backend: chunks/attrs on create_dataset currently no-op; pre-create with h5py if you need explicit chunking or attrs.
  warnings.warn(
/global/u2/j/jackm/software/lorrax_A/src/file_io/_slab_io_ffi.py:385: UserWarning: FFI backend: chunks/attrs on create_dataset currently no-op; pre-create with h5py if you need explicit chunking or attrs.
  warnings.warn(
/global/u2/j/jackm/software/lorrax_A/src/file_io/_slab_io_ffi.py:385: UserWarning: FFI backend: chunks/attrs on create_dataset currently no-op; pre-create with h5py if you need explicit chunking or attrs.
  warnings.warn(
/global/u2/j/jackm/software/lorrax_A/src/file_io/_slab_io_ffi.py:385: UserWarning: FFI backend: chunks/attrs on create_dataset currently no-op; pre-create with h5py if you need explicit chunking or attrs.
  warnings.warn(
/global/u2/j/jackm/software/lorrax_A/src/file_io/_slab_io_ffi.py:385: UserWarning: FFI backend: chunks/attrs on create_dataset currently no-op; pre-create with h5py if you need explicit chunking or attrs.
  warnings.warn(
/global/u2/j/jackm/software/lorrax_A/src/file_io/_slab_io_ffi.py:385: UserWarning: FFI backend: chunks/attrs on create_dataset currently no-op; pre-create with h5py if you need explicit chunking or attrs.
  warnings.warn(
/global/u2/j/jackm/software/lorrax_A/src/file_io/_slab_io_ffi.py:385: UserWarning: FFI backend: chunks/attrs on create_dataset currently no-op; pre-create with h5py if you need explicit chunking or attrs.
  warnings.warn(
/global/u2/j/jackm/software/lorrax_A/src/file_io/_slab_io_ffi.py:385: UserWarning: FFI backend: chunks/attrs on create_dataset currently no-op; pre-create with h5py if you need explicit chunking or attrs.
  warnings.warn(
/global/u2/j/jackm/software/lorrax_A/src/file_io/_slab_io_ffi.py:385: UserWarning: FFI backend: chunks/attrs on create_dataset currently no-op; pre-create with h5py if you need explicit chunking or attrs.
  warnings.warn(
/global/u2/j/jackm/software/lorrax_A/src/file_io/_slab_io_ffi.py:385: UserWarning: FFI backend: chunks/attrs on create_dataset currently no-op; pre-create with h5py if you need explicit chunking or attrs.
  warnings.warn(
/global/u2/j/jackm/software/lorrax_A/src/file_io/_slab_io_ffi.py:385: UserWarning: FFI backend: chunks/attrs on create_dataset currently no-op; pre-create with h5py if you need explicit chunking or attrs.
  warnings.warn(
/global/u2/j/jackm/software/lorrax_A/src/file_io/_slab_io_ffi.py:385: UserWarning: FFI backend: chunks/attrs on create_dataset currently no-op; pre-create with h5py if you need explicit chunking or attrs.
  warnings.warn(
  ψ(G) host cache: 0.13 GB/process resident
Started zeta fitting at 18:29:14.
[ 18:29:14 | ██████████ | 100% ] r-chunk 1 / 1 · ETA 0 s
Finished zeta fitting at 18:29:14.  Elapsed: 0 s.
  [SlabIO.close] draining 1 pending writes for zeta_q_mu1.h5 …
  [SlabIO.close] Python dispatch drained in 1.0 s; joining writer thread
  [SlabIO.close] writer thread joined in 0.0 s; calling H5Fclose collectively
  [SlabIO.close] H5Fclose returned in 0.1 s
  Zeta output: /pscratch/sd/j/jackm/lorrax_sandbox/runs/MoS2/00_mos2_3x3_cohsex/A_bispinor_smoke_2026-05-08/tmp/zeta_q_mu1.h5  shape: (3,3,1,656,46080)
  Timing (1 r-chunks, 2.3s total):
    fit      1.99s  85.4%
    H5       0.34s  14.6%
  Zeta output: /pscratch/sd/j/jackm/lorrax_sandbox/runs/MoS2/00_mos2_3x3_cohsex/A_bispinor_smoke_2026-05-08/tmp/zeta_q_mu1.h5  shape: (3,3,1,656,46080)
  Timing (1 r-chunks, 2.1s total):
    fit      2.02s  93.9%
    H5       0.13s   6.1%
  Zeta output: /pscratch/sd/j/jackm/lorrax_sandbox/runs/MoS2/00_mos2_3x3_cohsex/A_bispinor_smoke_2026-05-08/tmp/zeta_q_mu1.h5  shape: (3,3,1,656,46080)
  Timing (1 r-chunks, 2.1s total):
    fit      1.81s  84.7%
    H5       0.33s  15.3%
  Zeta output: /pscratch/sd/j/jackm/lorrax_sandbox/runs/MoS2/00_mos2_3x3_cohsex/A_bispinor_smoke_2026-05-08/tmp/zeta_q_mu1.h5  shape: (3,3,1,656,46080)
  Timing (1 r-chunks, 2.1s total):
  Zeta output: /pscratch/sd/j/jackm/lorrax_sandbox/runs/MoS2/00_mos2_3x3_cohsex/A_bispinor_smoke_2026-05-08/tmp/zeta_q_mu1.h5  shape: (3,3,1,656,46080)
  Timing (1 r-chunks, 2.1s total):
    fit      2.02s  94.3%
    H5       0.12s   5.7%
    fit      1.99s  93.3%
    H5       0.14s   6.7%
  Zeta output: /pscratch/sd/j/jackm/lorrax_sandbox/runs/MoS2/00_mos2_3x3_cohsex/A_bispinor_smoke_2026-05-08/tmp/zeta_q_mu1.h5  shape: (3,3,1,656,46080)
  Timing (1 r-chunks, 2.2s total):
    fit      2.03s  94.2%
    H5       0.12s   5.8%
  Zeta output: /pscratch/sd/j/jackm/lorrax_sandbox/runs/MoS2/00_mos2_3x3_cohsex/A_bispinor_smoke_2026-05-08/tmp/zeta_q_mu1.h5  shape: (3,3,1,656,46080)
  Timing (1 r-chunks, 2.1s total):
  Zeta output: /pscratch/sd/j/jackm/lorrax_sandbox/runs/MoS2/00_mos2_3x3_cohsex/A_bispinor_smoke_2026-05-08/tmp/zeta_q_mu1.h5  shape: (3,3,1,656,46080)
  Zeta output: /pscratch/sd/j/jackm/lorrax_sandbox/runs/MoS2/00_mos2_3x3_cohsex/A_bispinor_smoke_2026-05-08/tmp/zeta_q_mu1.h5  shape: (3,3,1,656,46080)
  Timing (1 r-chunks, 2.1s total):
    fit      2.00s  94.0%
    H5       0.13s   6.0%
  Zeta output: /pscratch/sd/j/jackm/lorrax_sandbox/runs/MoS2/00_mos2_3x3_cohsex/A_bispinor_smoke_2026-05-08/tmp/zeta_q_mu1.h5  shape: (3,3,1,656,46080)
  Timing (1 r-chunks, 2.2s total):
    fit      2.02s  93.8%
  Zeta output: /pscratch/sd/j/jackm/lorrax_sandbox/runs/MoS2/00_mos2_3x3_cohsex/A_bispinor_smoke_2026-05-08/tmp/zeta_q_mu1.h5  shape: (3,3,1,656,46080)
  Timing (1 r-chunks, 2.1s total):
    fit      1.99s  93.6%
    H5       0.14s   6.4%
  Timing (1 r-chunks, 2.1s total):
    fit      2.03s  94.6%
  Zeta output: /pscratch/sd/j/jackm/lorrax_sandbox/runs/MoS2/00_mos2_3x3_cohsex/A_bispinor_smoke_2026-05-08/tmp/zeta_q_mu1.h5  shape: (3,3,1,656,46080)
  Timing (1 r-chunks, 2.1s total):
    fit      2.00s  93.7%
    H5       0.13s   6.3%
    H5       0.13s   6.2%
    fit      2.01s  94.1%
    H5       0.12s   5.8%
    H5       0.12s   5.4%
  Zeta output: /pscratch/sd/j/jackm/lorrax_sandbox/runs/MoS2/00_mos2_3x3_cohsex/A_bispinor_smoke_2026-05-08/tmp/zeta_q_mu1.h5  shape: (3,3,1,656,46080)
  Timing (1 r-chunks, 2.1s total):
    fit      1.79s  84.1%
    H5       0.34s  15.9%
  Zeta output: /pscratch/sd/j/jackm/lorrax_sandbox/runs/MoS2/00_mos2_3x3_cohsex/A_bispinor_smoke_2026-05-08/tmp/zeta_q_mu1.h5  shape: (3,3,1,656,46080)
  Timing (1 r-chunks, 2.1s total):
    fit      2.03s  95.4%
    H5       0.10s   4.6%
  Zeta output: /pscratch/sd/j/jackm/lorrax_sandbox/runs/MoS2/00_mos2_3x3_cohsex/A_bispinor_smoke_2026-05-08/tmp/zeta_q_mu1.h5  shape: (3,3,1,656,46080)
  Timing (1 r-chunks, 2.2s total):
    fit      1.81s  84.0%
    H5       0.34s  16.0%
  Zeta output: /pscratch/sd/j/jackm/lorrax_sandbox/runs/MoS2/00_mos2_3x3_cohsex/A_bispinor_smoke_2026-05-08/tmp/zeta_q_mu1.h5  shape: (3,3,1,656,46080)
  Timing (1 r-chunks, 2.2s total):
    fit      2.06s  95.8%
    H5       0.09s   4.2%

  Zeta fitting: 1 r-chunks x 46080 r-points, 80 bands (80 left + 80 right)
  Output: /pscratch/sd/j/jackm/lorrax_sandbox/runs/MoS2/00_mos2_3x3_cohsex/A_bispinor_smoke_2026-05-08/tmp/zeta_q_mu2.h5
  Left wfns:  (9, 80, 4, 656)
  Right wfns: (9, 80, 4, 656)

  Zeta fitting: 1 r-chunks x 46080 r-points, 80 bands (80 left + 80 right)
  Output: /pscratch/sd/j/jackm/lorrax_sandbox/runs/MoS2/00_mos2_3x3_cohsex/A_bispinor_smoke_2026-05-08/tmp/zeta_q_mu2.h5
  Left wfns:  (9, 80, 4, 656)
  Right wfns: (9, 80, 4, 656)

  Zeta fitting: 1 r-chunks x 46080 r-points, 80 bands (80 left + 80 right)
  Output: /pscratch/sd/j/jackm/lorrax_sandbox/runs/MoS2/00_mos2_3x3_cohsex/A_bispinor_smoke_2026-05-08/tmp/zeta_q_mu2.h5

  Zeta fitting: 1 r-chunks x 46080 r-points, 80 bands (80 left + 80 right)
  Output: /pscratch/sd/j/jackm/lorrax_sandbox/runs/MoS2/00_mos2_3x3_cohsex/A_bispinor_smoke_2026-05-08/tmp/zeta_q_mu2.h5
  Left wfns:  (9, 80, 4, 656)
  Right wfns: (9, 80, 4, 656)
  Left wfns:  (9, 80, 4, 656)
  Right wfns: (9, 80, 4, 656)

  Zeta fitting: 1 r-chunks x 46080 r-points, 80 bands (80 left + 80 right)
  Output: /pscratch/sd/j/jackm/lorrax_sandbox/runs/MoS2/00_mos2_3x3_cohsex/A_bispinor_smoke_2026-05-08/tmp/zeta_q_mu2.h5
  Left wfns:  (9, 80, 4, 656)
  Right wfns: (9, 80, 4, 656)

  Zeta fitting: 1 r-chunks x 46080 r-points, 80 bands (80 left + 80 right)
  Output: /pscratch/sd/j/jackm/lorrax_sandbox/runs/MoS2/00_mos2_3x3_cohsex/A_bispinor_smoke_2026-05-08/tmp/zeta_q_mu2.h5
  Left wfns:  (9, 80, 4, 656)
  Right wfns: (9, 80, 4, 656)

  Zeta fitting: 1 r-chunks x 46080 r-points, 80 bands (80 left + 80 right)
  Output: /pscratch/sd/j/jackm/lorrax_sandbox/runs/MoS2/00_mos2_3x3_cohsex/A_bispinor_smoke_2026-05-08/tmp/zeta_q_mu2.h5
  Left wfns:  (9, 80, 4, 656)
  Right wfns: (9, 80, 4, 656)

  Zeta fitting: 1 r-chunks x 46080 r-points, 80 bands (80 left + 80 right)
  Output: /pscratch/sd/j/jackm/lorrax_sandbox/runs/MoS2/00_mos2_3x3_cohsex/A_bispinor_smoke_2026-05-08/tmp/zeta_q_mu2.h5
  Left wfns:  (9, 80, 4, 656)
  Right wfns: (9, 80, 4, 656)

  Zeta fitting: 1 r-chunks x 46080 r-points, 80 bands (80 left + 80 right)
  Output: /pscratch/sd/j/jackm/lorrax_sandbox/runs/MoS2/00_mos2_3x3_cohsex/A_bispinor_smoke_2026-05-08/tmp/zeta_q_mu2.h5
  Left wfns:  (9, 80, 4, 656)
  Right wfns: (9, 80, 4, 656)

  Zeta fitting: 1 r-chunks x 46080 r-points, 80 bands (80 left + 80 right)
  Output: /pscratch/sd/j/jackm/lorrax_sandbox/runs/MoS2/00_mos2_3x3_cohsex/A_bispinor_smoke_2026-05-08/tmp/zeta_q_mu2.h5
  Left wfns:  (9, 80, 4, 656)
  Right wfns: (9, 80, 4, 656)

  Zeta fitting: 1 r-chunks x 46080 r-points, 80 bands (80 left + 80 right)
  Output: /pscratch/sd/j/jackm/lorrax_sandbox/runs/MoS2/00_mos2_3x3_cohsex/A_bispinor_smoke_2026-05-08/tmp/zeta_q_mu2.h5
  Left wfns:  (9, 80, 4, 656)
  Right wfns: (9, 80, 4, 656)

  Zeta fitting: 1 r-chunks x 46080 r-points, 80 bands (80 left + 80 right)
  Output: /pscratch/sd/j/jackm/lorrax_sandbox/runs/MoS2/00_mos2_3x3_cohsex/A_bispinor_smoke_2026-05-08/tmp/zeta_q_mu2.h5
  Left wfns:  (9, 80, 4, 656)
  Right wfns: (9, 80, 4, 656)
  [bispinor] μ_L=2 → /pscratch/sd/j/jackm/lorrax_sandbox/runs/MoS2/00_mos2_3x3_cohsex/A_bispinor_smoke_2026-05-08/tmp/zeta_q_mu2.h5

  Zeta fitting: 1 r-chunks x 46080 r-points, 80 bands (80 left + 80 right)
  Output: /pscratch/sd/j/jackm/lorrax_sandbox/runs/MoS2/00_mos2_3x3_cohsex/A_bispinor_smoke_2026-05-08/tmp/zeta_q_mu2.h5
  Left wfns:  (9, 80, 4, 656)
  Right wfns: (9, 80, 4, 656)

  Zeta fitting: 1 r-chunks x 46080 r-points, 80 bands (80 left + 80 right)
  Output: /pscratch/sd/j/jackm/lorrax_sandbox/runs/MoS2/00_mos2_3x3_cohsex/A_bispinor_smoke_2026-05-08/tmp/zeta_q_mu2.h5
  Left wfns:  (9, 80, 4, 656)
  Right wfns: (9, 80, 4, 656)

  Zeta fitting: 1 r-chunks x 46080 r-points, 80 bands (80 left + 80 right)
  Output: /pscratch/sd/j/jackm/lorrax_sandbox/runs/MoS2/00_mos2_3x3_cohsex/A_bispinor_smoke_2026-05-08/tmp/zeta_q_mu2.h5
  Left wfns:  (9, 80, 4, 656)
  Right wfns: (9, 80, 4, 656)

  Zeta fitting: 1 r-chunks x 46080 r-points, 80 bands (80 left + 80 right)
  Output: /pscratch/sd/j/jackm/lorrax_sandbox/runs/MoS2/00_mos2_3x3_cohsex/A_bispinor_smoke_2026-05-08/tmp/zeta_q_mu2.h5
  Left wfns:  (9, 80, 4, 656)
  Right wfns: (9, 80, 4, 656)
  Pseudobands normalization: 0 weighted, 0 zero-weight (skipped)
  Computing pair densities P_l, P_r (γ̃^2 vertex)
/opt/jax/jax/_src/interpreters/mlir.py:1178: UserWarning: Some donated buffers were not usable: ShapedArray(complex128[9,164,164]).
See an explanation at https://jax.readthedocs.io/en/latest/faq.html#buffer-donation.
  warnings.warn("Some donated buffers were not usable:"
  Skipping Cholesky (vertex_mu_L=2 CCT is indefinite); LU solve will run at fit time
  L_q: (9, 656, 656)
  Pseudobands normalization: 0 weighted, 0 zero-weight (skipped)
  Pseudobands normalization: 0 weighted, 0 zero-weight (skipped)
  Computing pair densities P_l, P_r (γ̃^2 vertex)
  Computing pair densities P_l, P_r (γ̃^2 vertex)
  Pseudobands normalization: 0 weighted, 0 zero-weight (skipped)
  Computing pair densities P_l, P_r (γ̃^2 vertex)
  Pseudobands normalization: 0 weighted, 0 zero-weight (skipped)
  Computing pair densities P_l, P_r (γ̃^2 vertex)
  Pseudobands normalization: 0 weighted, 0 zero-weight (skipped)
  Computing pair densities P_l, P_r (γ̃^2 vertex)
  Pseudobands normalization: 0 weighted, 0 zero-weight (skipped)
  Computing pair densities P_l, P_r (γ̃^2 vertex)
  Pseudobands normalization: 0 weighted, 0 zero-weight (skipped)
  Computing pair densities P_l, P_r (γ̃^2 vertex)
  Pseudobands normalization: 0 weighted, 0 zero-weight (skipped)
  Computing pair densities P_l, P_r (γ̃^2 vertex)
  Pseudobands normalization: 0 weighted, 0 zero-weight (skipped)
  Computing pair densities P_l, P_r (γ̃^2 vertex)
  Pseudobands normalization: 0 weighted, 0 zero-weight (skipped)
  Computing pair densities P_l, P_r (γ̃^2 vertex)
  Pseudobands normalization: 0 weighted, 0 zero-weight (skipped)
  Computing pair densities P_l, P_r (γ̃^2 vertex)
  Pseudobands normalization: 0 weighted, 0 zero-weight (skipped)
  Computing pair densities P_l, P_r (γ̃^2 vertex)
  Pseudobands normalization: 0 weighted, 0 zero-weight (skipped)
  Computing pair densities P_l, P_r (γ̃^2 vertex)
  Pseudobands normalization: 0 weighted, 0 zero-weight (skipped)
  Computing pair densities P_l, P_r (γ̃^2 vertex)
/opt/jax/jax/_src/interpreters/mlir.py:1178: UserWarning: Some donated buffers were not usable: ShapedArray(complex128[9,164,164]).
See an explanation at https://jax.readthedocs.io/en/latest/faq.html#buffer-donation.
  warnings.warn("Some donated buffers were not usable:"
  Pseudobands normalization: 0 weighted, 0 zero-weight (skipped)
  Computing pair densities P_l, P_r (γ̃^2 vertex)
/opt/jax/jax/_src/interpreters/mlir.py:1178: UserWarning: Some donated buffers were not usable: ShapedArray(complex128[9,164,164]).
See an explanation at https://jax.readthedocs.io/en/latest/faq.html#buffer-donation.
  warnings.warn("Some donated buffers were not usable:"
/opt/jax/jax/_src/interpreters/mlir.py:1178: UserWarning: Some donated buffers were not usable: ShapedArray(complex128[9,164,164]).
See an explanation at https://jax.readthedocs.io/en/latest/faq.html#buffer-donation.
  warnings.warn("Some donated buffers were not usable:"
/opt/jax/jax/_src/interpreters/mlir.py:1178: UserWarning: Some donated buffers were not usable: ShapedArray(complex128[9,164,164]).
See an explanation at https://jax.readthedocs.io/en/latest/faq.html#buffer-donation.
  warnings.warn("Some donated buffers were not usable:"
/opt/jax/jax/_src/interpreters/mlir.py:1178: UserWarning: Some donated buffers were not usable: ShapedArray(complex128[9,164,164]).
See an explanation at https://jax.readthedocs.io/en/latest/faq.html#buffer-donation.
  warnings.warn("Some donated buffers were not usable:"
/opt/jax/jax/_src/interpreters/mlir.py:1178: UserWarning: Some donated buffers were not usable: ShapedArray(complex128[9,164,164]).
See an explanation at https://jax.readthedocs.io/en/latest/faq.html#buffer-donation.
  warnings.warn("Some donated buffers were not usable:"
/opt/jax/jax/_src/interpreters/mlir.py:1178: UserWarning: Some donated buffers were not usable: ShapedArray(complex128[9,164,164]).
See an explanation at https://jax.readthedocs.io/en/latest/faq.html#buffer-donation.
  warnings.warn("Some donated buffers were not usable:"
/opt/jax/jax/_src/interpreters/mlir.py:1178: UserWarning: Some donated buffers were not usable: ShapedArray(complex128[9,164,164]).
See an explanation at https://jax.readthedocs.io/en/latest/faq.html#buffer-donation.
  warnings.warn("Some donated buffers were not usable:"
/opt/jax/jax/_src/interpreters/mlir.py:1178: UserWarning: Some donated buffers were not usable: ShapedArray(complex128[9,164,164]).
See an explanation at https://jax.readthedocs.io/en/latest/faq.html#buffer-donation.
  warnings.warn("Some donated buffers were not usable:"
/opt/jax/jax/_src/interpreters/mlir.py:1178: UserWarning: Some donated buffers were not usable: ShapedArray(complex128[9,164,164]).
See an explanation at https://jax.readthedocs.io/en/latest/faq.html#buffer-donation.
  warnings.warn("Some donated buffers were not usable:"
/opt/jax/jax/_src/interpreters/mlir.py:1178: UserWarning: Some donated buffers were not usable: ShapedArray(complex128[9,164,164]).
See an explanation at https://jax.readthedocs.io/en/latest/faq.html#buffer-donation.
  warnings.warn("Some donated buffers were not usable:"
/opt/jax/jax/_src/interpreters/mlir.py:1178: UserWarning: Some donated buffers were not usable: ShapedArray(complex128[9,164,164]).
See an explanation at https://jax.readthedocs.io/en/latest/faq.html#buffer-donation.
  warnings.warn("Some donated buffers were not usable:"
/opt/jax/jax/_src/interpreters/mlir.py:1178: UserWarning: Some donated buffers were not usable: ShapedArray(complex128[9,164,164]).
See an explanation at https://jax.readthedocs.io/en/latest/faq.html#buffer-donation.
  warnings.warn("Some donated buffers were not usable:"
/opt/jax/jax/_src/interpreters/mlir.py:1178: UserWarning: Some donated buffers were not usable: ShapedArray(complex128[9,164,164]).
See an explanation at https://jax.readthedocs.io/en/latest/faq.html#buffer-donation.
  warnings.warn("Some donated buffers were not usable:"
/opt/jax/jax/_src/interpreters/mlir.py:1178: UserWarning: Some donated buffers were not usable: ShapedArray(complex128[9,164,164]).
See an explanation at https://jax.readthedocs.io/en/latest/faq.html#buffer-donation.
  warnings.warn("Some donated buffers were not usable:"
  Skipping Cholesky (vertex_mu_L=2 CCT is indefinite); LU solve will run at fit time
  L_q: (9, 656, 656)
  Skipping Cholesky (vertex_mu_L=2 CCT is indefinite); LU solve will run at fit time
  Skipping Cholesky (vertex_mu_L=2 CCT is indefinite); LU solve will run at fit time
  L_q: (9, 656, 656)
  L_q: (9, 656, 656)
  Skipping Cholesky (vertex_mu_L=2 CCT is indefinite); LU solve will run at fit time
  L_q: (9, 656, 656)
  Skipping Cholesky (vertex_mu_L=2 CCT is indefinite); LU solve will run at fit time
  L_q: (9, 656, 656)
  Skipping Cholesky (vertex_mu_L=2 CCT is indefinite); LU solve will run at fit time
  L_q: (9, 656, 656)
  Skipping Cholesky (vertex_mu_L=2 CCT is indefinite); LU solve will run at fit time
  L_q: (9, 656, 656)
  Skipping Cholesky (vertex_mu_L=2 CCT is indefinite); LU solve will run at fit time
  L_q: (9, 656, 656)
  Skipping Cholesky (vertex_mu_L=2 CCT is indefinite); LU solve will run at fit time
  L_q: (9, 656, 656)
  Skipping Cholesky (vertex_mu_L=2 CCT is indefinite); LU solve will run at fit time
  L_q: (9, 656, 656)
  Skipping Cholesky (vertex_mu_L=2 CCT is indefinite); LU solve will run at fit time
  L_q: (9, 656, 656)
  Skipping Cholesky (vertex_mu_L=2 CCT is indefinite); LU solve will run at fit time
  L_q: (9, 656, 656)
  Skipping Cholesky (vertex_mu_L=2 CCT is indefinite); LU solve will run at fit time
  L_q: (9, 656, 656)
  Skipping Cholesky (vertex_mu_L=2 CCT is indefinite); LU solve will run at fit time
  L_q: (9, 656, 656)
  Skipping Cholesky (vertex_mu_L=2 CCT is indefinite); LU solve will run at fit time
  L_q: (9, 656, 656)
/global/u2/j/jackm/software/lorrax_A/src/file_io/_slab_io_ffi.py:385: UserWarning: FFI backend: chunks/attrs on create_dataset currently no-op; pre-create with h5py if you need explicit chunking or attrs.
  warnings.warn(
/global/u2/j/jackm/software/lorrax_A/src/file_io/_slab_io_ffi.py:385: UserWarning: FFI backend: chunks/attrs on create_dataset currently no-op; pre-create with h5py if you need explicit chunking or attrs.
  warnings.warn(
/global/u2/j/jackm/software/lorrax_A/src/file_io/_slab_io_ffi.py:385: UserWarning: FFI backend: chunks/attrs on create_dataset currently no-op; pre-create with h5py if you need explicit chunking or attrs.
  warnings.warn(
/global/u2/j/jackm/software/lorrax_A/src/file_io/_slab_io_ffi.py:385: UserWarning: FFI backend: chunks/attrs on create_dataset currently no-op; pre-create with h5py if you need explicit chunking or attrs.
  warnings.warn(
/global/u2/j/jackm/software/lorrax_A/src/file_io/_slab_io_ffi.py:385: UserWarning: FFI backend: chunks/attrs on create_dataset currently no-op; pre-create with h5py if you need explicit chunking or attrs.
  warnings.warn(
/global/u2/j/jackm/software/lorrax_A/src/file_io/_slab_io_ffi.py:385: UserWarning: FFI backend: chunks/attrs on create_dataset currently no-op; pre-create with h5py if you need explicit chunking or attrs.
  warnings.warn(
/global/u2/j/jackm/software/lorrax_A/src/file_io/_slab_io_ffi.py:385: UserWarning: FFI backend: chunks/attrs on create_dataset currently no-op; pre-create with h5py if you need explicit chunking or attrs.
  warnings.warn(
/global/u2/j/jackm/software/lorrax_A/src/file_io/_slab_io_ffi.py:385: UserWarning: FFI backend: chunks/attrs on create_dataset currently no-op; pre-create with h5py if you need explicit chunking or attrs.
  warnings.warn(
/global/u2/j/jackm/software/lorrax_A/src/file_io/_slab_io_ffi.py:385: UserWarning: FFI backend: chunks/attrs on create_dataset currently no-op; pre-create with h5py if you need explicit chunking or attrs.
  warnings.warn(
/global/u2/j/jackm/software/lorrax_A/src/file_io/_slab_io_ffi.py:385: UserWarning: FFI backend: chunks/attrs on create_dataset currently no-op; pre-create with h5py if you need explicit chunking or attrs.
  warnings.warn(
/global/u2/j/jackm/software/lorrax_A/src/file_io/_slab_io_ffi.py:385: UserWarning: FFI backend: chunks/attrs on create_dataset currently no-op; pre-create with h5py if you need explicit chunking or attrs.
  warnings.warn(
/global/u2/j/jackm/software/lorrax_A/src/file_io/_slab_io_ffi.py:385: UserWarning: FFI backend: chunks/attrs on create_dataset currently no-op; pre-create with h5py if you need explicit chunking or attrs.
  warnings.warn(
/global/u2/j/jackm/software/lorrax_A/src/file_io/_slab_io_ffi.py:385: UserWarning: FFI backend: chunks/attrs on create_dataset currently no-op; pre-create with h5py if you need explicit chunking or attrs.
  warnings.warn(
/global/u2/j/jackm/software/lorrax_A/src/file_io/_slab_io_ffi.py:385: UserWarning: FFI backend: chunks/attrs on create_dataset currently no-op; pre-create with h5py if you need explicit chunking or attrs.
  warnings.warn(
/global/u2/j/jackm/software/lorrax_A/src/file_io/_slab_io_ffi.py:385: UserWarning: FFI backend: chunks/attrs on create_dataset currently no-op; pre-create with h5py if you need explicit chunking or attrs.
  warnings.warn(
/global/u2/j/jackm/software/lorrax_A/src/file_io/_slab_io_ffi.py:385: UserWarning: FFI backend: chunks/attrs on create_dataset currently no-op; pre-create with h5py if you need explicit chunking or attrs.
  warnings.warn(
  ψ(G) host cache: 0.13 GB/process resident
Started zeta fitting at 18:29:20.
[ 18:29:20 | ██████████ | 100% ] r-chunk 1 / 1 · ETA 0 s
Finished zeta fitting at 18:29:20.  Elapsed: 0 s.
  [SlabIO.close] draining 1 pending writes for zeta_q_mu2.h5 …
  [SlabIO.close] Python dispatch drained in 1.0 s; joining writer thread
  [SlabIO.close] writer thread joined in 0.0 s; calling H5Fclose collectively
  [SlabIO.close] H5Fclose returned in 0.1 s
  Zeta output: /pscratch/sd/j/jackm/lorrax_sandbox/runs/MoS2/00_mos2_3x3_cohsex/A_bispinor_smoke_2026-05-08/tmp/zeta_q_mu2.h5  shape: (3,3,1,656,46080)
  Timing (1 r-chunks, 2.0s total):
    fit      1.88s  94.6%
    H5       0.11s   5.4%
  Zeta output: /pscratch/sd/j/jackm/lorrax_sandbox/runs/MoS2/00_mos2_3x3_cohsex/A_bispinor_smoke_2026-05-08/tmp/zeta_q_mu2.h5  shape: (3,3,1,656,46080)
  Zeta output: /pscratch/sd/j/jackm/lorrax_sandbox/runs/MoS2/00_mos2_3x3_cohsex/A_bispinor_smoke_2026-05-08/tmp/zeta_q_mu2.h5  shape: (3,3,1,656,46080)
  Timing (1 r-chunks, 2.0s total):
  Zeta output: /pscratch/sd/j/jackm/lorrax_sandbox/runs/MoS2/00_mos2_3x3_cohsex/A_bispinor_smoke_2026-05-08/tmp/zeta_q_mu2.h5  shape: (3,3,1,656,46080)
  Timing (1 r-chunks, 2.0s total):
    fit      1.87s  94.7%
    H5       0.11s   5.3%
  Zeta output: /pscratch/sd/j/jackm/lorrax_sandbox/runs/MoS2/00_mos2_3x3_cohsex/A_bispinor_smoke_2026-05-08/tmp/zeta_q_mu2.h5  shape: (3,3,1,656,46080)
  Timing (1 r-chunks, 2.0s total):
    fit      1.90s  95.3%
    H5       0.09s   4.7%
  Timing (1 r-chunks, 2.2s total):
    fit      1.86s  86.0%
    H5       0.30s  14.0%
    fit      1.70s  85.2%
    H5       0.29s  14.8%
  Zeta output: /pscratch/sd/j/jackm/lorrax_sandbox/runs/MoS2/00_mos2_3x3_cohsex/A_bispinor_smoke_2026-05-08/tmp/zeta_q_mu2.h5  shape: (3,3,1,656,46080)
  Timing (1 r-chunks, 2.0s total):
    fit      1.87s  94.1%
    H5       0.12s   5.9%
  Zeta output: /pscratch/sd/j/jackm/lorrax_sandbox/runs/MoS2/00_mos2_3x3_cohsex/A_bispinor_smoke_2026-05-08/tmp/zeta_q_mu2.h5  shape: (3,3,1,656,46080)
  Zeta output: /pscratch/sd/j/jackm/lorrax_sandbox/runs/MoS2/00_mos2_3x3_cohsex/A_bispinor_smoke_2026-05-08/tmp/zeta_q_mu2.h5  shape: (3,3,1,656,46080)
  Zeta output: /pscratch/sd/j/jackm/lorrax_sandbox/runs/MoS2/00_mos2_3x3_cohsex/A_bispinor_smoke_2026-05-08/tmp/zeta_q_mu2.h5  shape: (3,3,1,656,46080)
  Timing (1 r-chunks, 2.0s total):
    fit      1.85s  93.1%
    H5       0.14s   6.9%
  Zeta output: /pscratch/sd/j/jackm/lorrax_sandbox/runs/MoS2/00_mos2_3x3_cohsex/A_bispinor_smoke_2026-05-08/tmp/zeta_q_mu2.h5  shape: (3,3,1,656,46080)
  Timing (1 r-chunks, 2.0s total):
    fit      1.72s  86.2%
    H5       0.27s  13.8%
  Zeta output: /pscratch/sd/j/jackm/lorrax_sandbox/runs/MoS2/00_mos2_3x3_cohsex/A_bispinor_smoke_2026-05-08/tmp/zeta_q_mu2.h5  shape: (3,3,1,656,46080)
  Timing (1 r-chunks, 2.0s total):
  Zeta output: /pscratch/sd/j/jackm/lorrax_sandbox/runs/MoS2/00_mos2_3x3_cohsex/A_bispinor_smoke_2026-05-08/tmp/zeta_q_mu2.h5  shape: (3,3,1,656,46080)
  Zeta output: /pscratch/sd/j/jackm/lorrax_sandbox/runs/MoS2/00_mos2_3x3_cohsex/A_bispinor_smoke_2026-05-08/tmp/zeta_q_mu2.h5  shape: (3,3,1,656,46080)
  Timing (1 r-chunks, 2.0s total):
    fit      1.90s  95.5%
    H5       0.09s   4.5%
  Zeta output: /pscratch/sd/j/jackm/lorrax_sandbox/runs/MoS2/00_mos2_3x3_cohsex/A_bispinor_smoke_2026-05-08/tmp/zeta_q_mu2.h5  shape: (3,3,1,656,46080)
  Timing (1 r-chunks, 2.0s total):
    fit      1.87s  94.7%
    H5       0.11s   5.3%
  Timing (1 r-chunks, 2.0s total):
    fit      1.87s  94.5%
    H5       0.11s   5.5%
  Timing (1 r-chunks, 2.0s total):
    fit      1.85s  93.2%
  Zeta output: /pscratch/sd/j/jackm/lorrax_sandbox/runs/MoS2/00_mos2_3x3_cohsex/A_bispinor_smoke_2026-05-08/tmp/zeta_q_mu2.h5  shape: (3,3,1,656,46080)
  Timing (1 r-chunks, 2.0s total):
  Zeta output: /pscratch/sd/j/jackm/lorrax_sandbox/runs/MoS2/00_mos2_3x3_cohsex/A_bispinor_smoke_2026-05-08/tmp/zeta_q_mu2.h5  shape: (3,3,1,656,46080)
  Timing (1 r-chunks, 2.0s total):
  Timing (1 r-chunks, 2.0s total):
    fit      1.87s  94.2%
    H5       0.11s   5.8%
    fit      1.89s  94.8%
    H5       0.10s   5.2%
    fit      1.71s  85.8%
    H5       0.28s  14.2%
    H5       0.14s   6.8%
    fit      1.88s  94.3%
    H5       0.11s   5.7%

  Zeta fitting: 1 r-chunks x 46080 r-points, 80 bands (80 left + 80 right)
  Output: /pscratch/sd/j/jackm/lorrax_sandbox/runs/MoS2/00_mos2_3x3_cohsex/A_bispinor_smoke_2026-05-08/tmp/zeta_q_mu3.h5
  Left wfns:  (9, 80, 4, 656)
  Right wfns: (9, 80, 4, 656)

  Zeta fitting: 1 r-chunks x 46080 r-points, 80 bands (80 left + 80 right)
  Output: /pscratch/sd/j/jackm/lorrax_sandbox/runs/MoS2/00_mos2_3x3_cohsex/A_bispinor_smoke_2026-05-08/tmp/zeta_q_mu3.h5
  Left wfns:  (9, 80, 4, 656)
  Right wfns: (9, 80, 4, 656)

  Zeta fitting: 1 r-chunks x 46080 r-points, 80 bands (80 left + 80 right)
  Output: /pscratch/sd/j/jackm/lorrax_sandbox/runs/MoS2/00_mos2_3x3_cohsex/A_bispinor_smoke_2026-05-08/tmp/zeta_q_mu3.h5
  Left wfns:  (9, 80, 4, 656)
  Right wfns: (9, 80, 4, 656)

  Zeta fitting: 1 r-chunks x 46080 r-points, 80 bands (80 left + 80 right)
  Output: /pscratch/sd/j/jackm/lorrax_sandbox/runs/MoS2/00_mos2_3x3_cohsex/A_bispinor_smoke_2026-05-08/tmp/zeta_q_mu3.h5
  Left wfns:  (9, 80, 4, 656)
  Right wfns: (9, 80, 4, 656)

  Zeta fitting: 1 r-chunks x 46080 r-points, 80 bands (80 left + 80 right)
  Output: /pscratch/sd/j/jackm/lorrax_sandbox/runs/MoS2/00_mos2_3x3_cohsex/A_bispinor_smoke_2026-05-08/tmp/zeta_q_mu3.h5

  Zeta fitting: 1 r-chunks x 46080 r-points, 80 bands (80 left + 80 right)
  Output: /pscratch/sd/j/jackm/lorrax_sandbox/runs/MoS2/00_mos2_3x3_cohsex/A_bispinor_smoke_2026-05-08/tmp/zeta_q_mu3.h5
  Left wfns:  (9, 80, 4, 656)
  Right wfns: (9, 80, 4, 656)
  Left wfns:  (9, 80, 4, 656)
  Right wfns: (9, 80, 4, 656)

  Zeta fitting: 1 r-chunks x 46080 r-points, 80 bands (80 left + 80 right)
  Output: /pscratch/sd/j/jackm/lorrax_sandbox/runs/MoS2/00_mos2_3x3_cohsex/A_bispinor_smoke_2026-05-08/tmp/zeta_q_mu3.h5
  Left wfns:  (9, 80, 4, 656)
  Right wfns: (9, 80, 4, 656)

  Zeta fitting: 1 r-chunks x 46080 r-points, 80 bands (80 left + 80 right)
  Output: /pscratch/sd/j/jackm/lorrax_sandbox/runs/MoS2/00_mos2_3x3_cohsex/A_bispinor_smoke_2026-05-08/tmp/zeta_q_mu3.h5
  [bispinor] μ_L=3 → /pscratch/sd/j/jackm/lorrax_sandbox/runs/MoS2/00_mos2_3x3_cohsex/A_bispinor_smoke_2026-05-08/tmp/zeta_q_mu3.h5
  Left wfns:  (9, 80, 4, 656)
  Right wfns: (9, 80, 4, 656)

  Zeta fitting: 1 r-chunks x 46080 r-points, 80 bands (80 left + 80 right)
  Output: /pscratch/sd/j/jackm/lorrax_sandbox/runs/MoS2/00_mos2_3x3_cohsex/A_bispinor_smoke_2026-05-08/tmp/zeta_q_mu3.h5
  Left wfns:  (9, 80, 4, 656)
  Right wfns: (9, 80, 4, 656)

  Zeta fitting: 1 r-chunks x 46080 r-points, 80 bands (80 left + 80 right)
  Output: /pscratch/sd/j/jackm/lorrax_sandbox/runs/MoS2/00_mos2_3x3_cohsex/A_bispinor_smoke_2026-05-08/tmp/zeta_q_mu3.h5
  Left wfns:  (9, 80, 4, 656)
  Right wfns: (9, 80, 4, 656)

  Zeta fitting: 1 r-chunks x 46080 r-points, 80 bands (80 left + 80 right)
  Output: /pscratch/sd/j/jackm/lorrax_sandbox/runs/MoS2/00_mos2_3x3_cohsex/A_bispinor_smoke_2026-05-08/tmp/zeta_q_mu3.h5
  Left wfns:  (9, 80, 4, 656)
  Right wfns: (9, 80, 4, 656)

  Zeta fitting: 1 r-chunks x 46080 r-points, 80 bands (80 left + 80 right)
  Output: /pscratch/sd/j/jackm/lorrax_sandbox/runs/MoS2/00_mos2_3x3_cohsex/A_bispinor_smoke_2026-05-08/tmp/zeta_q_mu3.h5
  Left wfns:  (9, 80, 4, 656)
  Right wfns: (9, 80, 4, 656)

  Zeta fitting: 1 r-chunks x 46080 r-points, 80 bands (80 left + 80 right)
  Output: /pscratch/sd/j/jackm/lorrax_sandbox/runs/MoS2/00_mos2_3x3_cohsex/A_bispinor_smoke_2026-05-08/tmp/zeta_q_mu3.h5
  Left wfns:  (9, 80, 4, 656)
  Right wfns: (9, 80, 4, 656)

  Zeta fitting: 1 r-chunks x 46080 r-points, 80 bands (80 left + 80 right)
  Output: /pscratch/sd/j/jackm/lorrax_sandbox/runs/MoS2/00_mos2_3x3_cohsex/A_bispinor_smoke_2026-05-08/tmp/zeta_q_mu3.h5
  Left wfns:  (9, 80, 4, 656)
  Right wfns: (9, 80, 4, 656)

  Zeta fitting: 1 r-chunks x 46080 r-points, 80 bands (80 left + 80 right)
  Output: /pscratch/sd/j/jackm/lorrax_sandbox/runs/MoS2/00_mos2_3x3_cohsex/A_bispinor_smoke_2026-05-08/tmp/zeta_q_mu3.h5
  Left wfns:  (9, 80, 4, 656)
  Right wfns: (9, 80, 4, 656)

  Zeta fitting: 1 r-chunks x 46080 r-points, 80 bands (80 left + 80 right)
  Output: /pscratch/sd/j/jackm/lorrax_sandbox/runs/MoS2/00_mos2_3x3_cohsex/A_bispinor_smoke_2026-05-08/tmp/zeta_q_mu3.h5
  Left wfns:  (9, 80, 4, 656)
  Right wfns: (9, 80, 4, 656)
  Pseudobands normalization: 0 weighted, 0 zero-weight (skipped)
  Computing pair densities P_l, P_r (γ̃^3 vertex)
/opt/jax/jax/_src/interpreters/mlir.py:1178: UserWarning: Some donated buffers were not usable: ShapedArray(complex128[9,164,164]).
See an explanation at https://jax.readthedocs.io/en/latest/faq.html#buffer-donation.
  warnings.warn("Some donated buffers were not usable:"
  Skipping Cholesky (vertex_mu_L=3 CCT is indefinite); LU solve will run at fit time
  L_q: (9, 656, 656)
  Pseudobands normalization: 0 weighted, 0 zero-weight (skipped)
  Computing pair densities P_l, P_r (γ̃^3 vertex)
  Pseudobands normalization: 0 weighted, 0 zero-weight (skipped)
  Computing pair densities P_l, P_r (γ̃^3 vertex)
  Pseudobands normalization: 0 weighted, 0 zero-weight (skipped)
  Computing pair densities P_l, P_r (γ̃^3 vertex)
  Pseudobands normalization: 0 weighted, 0 zero-weight (skipped)
  Computing pair densities P_l, P_r (γ̃^3 vertex)
  Pseudobands normalization: 0 weighted, 0 zero-weight (skipped)
  Computing pair densities P_l, P_r (γ̃^3 vertex)
  Pseudobands normalization: 0 weighted, 0 zero-weight (skipped)
  Computing pair densities P_l, P_r (γ̃^3 vertex)
  Pseudobands normalization: 0 weighted, 0 zero-weight (skipped)
  Computing pair densities P_l, P_r (γ̃^3 vertex)
  Pseudobands normalization: 0 weighted, 0 zero-weight (skipped)
  Computing pair densities P_l, P_r (γ̃^3 vertex)
  Pseudobands normalization: 0 weighted, 0 zero-weight (skipped)
  Computing pair densities P_l, P_r (γ̃^3 vertex)
  Pseudobands normalization: 0 weighted, 0 zero-weight (skipped)
  Computing pair densities P_l, P_r (γ̃^3 vertex)
  Pseudobands normalization: 0 weighted, 0 zero-weight (skipped)
  Pseudobands normalization: 0 weighted, 0 zero-weight (skipped)
  Computing pair densities P_l, P_r (γ̃^3 vertex)
  Computing pair densities P_l, P_r (γ̃^3 vertex)
  Pseudobands normalization: 0 weighted, 0 zero-weight (skipped)
  Computing pair densities P_l, P_r (γ̃^3 vertex)
  Pseudobands normalization: 0 weighted, 0 zero-weight (skipped)
  Computing pair densities P_l, P_r (γ̃^3 vertex)
  Pseudobands normalization: 0 weighted, 0 zero-weight (skipped)
  Computing pair densities P_l, P_r (γ̃^3 vertex)
/opt/jax/jax/_src/interpreters/mlir.py:1178: UserWarning: Some donated buffers were not usable: ShapedArray(complex128[9,164,164]).
See an explanation at https://jax.readthedocs.io/en/latest/faq.html#buffer-donation.
  warnings.warn("Some donated buffers were not usable:"
/opt/jax/jax/_src/interpreters/mlir.py:1178: UserWarning: Some donated buffers were not usable: ShapedArray(complex128[9,164,164]).
See an explanation at https://jax.readthedocs.io/en/latest/faq.html#buffer-donation.
  warnings.warn("Some donated buffers were not usable:"
/opt/jax/jax/_src/interpreters/mlir.py:1178: UserWarning: Some donated buffers were not usable: ShapedArray(complex128[9,164,164]).
See an explanation at https://jax.readthedocs.io/en/latest/faq.html#buffer-donation.
  warnings.warn("Some donated buffers were not usable:"
/opt/jax/jax/_src/interpreters/mlir.py:1178: UserWarning: Some donated buffers were not usable: ShapedArray(complex128[9,164,164]).
See an explanation at https://jax.readthedocs.io/en/latest/faq.html#buffer-donation.
  warnings.warn("Some donated buffers were not usable:"
/opt/jax/jax/_src/interpreters/mlir.py:1178: UserWarning: Some donated buffers were not usable: ShapedArray(complex128[9,164,164]).
See an explanation at https://jax.readthedocs.io/en/latest/faq.html#buffer-donation.
  warnings.warn("Some donated buffers were not usable:"
/opt/jax/jax/_src/interpreters/mlir.py:1178: UserWarning: Some donated buffers were not usable: ShapedArray(complex128[9,164,164]).
See an explanation at https://jax.readthedocs.io/en/latest/faq.html#buffer-donation.
  warnings.warn("Some donated buffers were not usable:"
/opt/jax/jax/_src/interpreters/mlir.py:1178: UserWarning: Some donated buffers were not usable: ShapedArray(complex128[9,164,164]).
See an explanation at https://jax.readthedocs.io/en/latest/faq.html#buffer-donation.
  warnings.warn("Some donated buffers were not usable:"
/opt/jax/jax/_src/interpreters/mlir.py:1178: UserWarning: Some donated buffers were not usable: ShapedArray(complex128[9,164,164]).
See an explanation at https://jax.readthedocs.io/en/latest/faq.html#buffer-donation.
  warnings.warn("Some donated buffers were not usable:"
/opt/jax/jax/_src/interpreters/mlir.py:1178: UserWarning: Some donated buffers were not usable: ShapedArray(complex128[9,164,164]).
See an explanation at https://jax.readthedocs.io/en/latest/faq.html#buffer-donation.
  warnings.warn("Some donated buffers were not usable:"
/opt/jax/jax/_src/interpreters/mlir.py:1178: UserWarning: Some donated buffers were not usable: ShapedArray(complex128[9,164,164]).
See an explanation at https://jax.readthedocs.io/en/latest/faq.html#buffer-donation.
  warnings.warn("Some donated buffers were not usable:"
/opt/jax/jax/_src/interpreters/mlir.py:1178: UserWarning: Some donated buffers were not usable: ShapedArray(complex128[9,164,164]).
See an explanation at https://jax.readthedocs.io/en/latest/faq.html#buffer-donation.
  warnings.warn("Some donated buffers were not usable:"
/opt/jax/jax/_src/interpreters/mlir.py:1178: UserWarning: Some donated buffers were not usable: ShapedArray(complex128[9,164,164]).
See an explanation at https://jax.readthedocs.io/en/latest/faq.html#buffer-donation.
  warnings.warn("Some donated buffers were not usable:"
/opt/jax/jax/_src/interpreters/mlir.py:1178: UserWarning: Some donated buffers were not usable: ShapedArray(complex128[9,164,164]).
See an explanation at https://jax.readthedocs.io/en/latest/faq.html#buffer-donation.
  warnings.warn("Some donated buffers were not usable:"
/opt/jax/jax/_src/interpreters/mlir.py:1178: UserWarning: Some donated buffers were not usable: ShapedArray(complex128[9,164,164]).
See an explanation at https://jax.readthedocs.io/en/latest/faq.html#buffer-donation.
  warnings.warn("Some donated buffers were not usable:"
/opt/jax/jax/_src/interpreters/mlir.py:1178: UserWarning: Some donated buffers were not usable: ShapedArray(complex128[9,164,164]).
See an explanation at https://jax.readthedocs.io/en/latest/faq.html#buffer-donation.
  warnings.warn("Some donated buffers were not usable:"
  Skipping Cholesky (vertex_mu_L=3 CCT is indefinite); LU solve will run at fit time
  L_q: (9, 656, 656)
  Skipping Cholesky (vertex_mu_L=3 CCT is indefinite); LU solve will run at fit time
  L_q: (9, 656, 656)
  Skipping Cholesky (vertex_mu_L=3 CCT is indefinite); LU solve will run at fit time
  L_q: (9, 656, 656)
  Skipping Cholesky (vertex_mu_L=3 CCT is indefinite); LU solve will run at fit time
  Skipping Cholesky (vertex_mu_L=3 CCT is indefinite); LU solve will run at fit time
  Skipping Cholesky (vertex_mu_L=3 CCT is indefinite); LU solve will run at fit time
  L_q: (9, 656, 656)
  L_q: (9, 656, 656)
  L_q: (9, 656, 656)
  Skipping Cholesky (vertex_mu_L=3 CCT is indefinite); LU solve will run at fit time
  L_q: (9, 656, 656)
  Skipping Cholesky (vertex_mu_L=3 CCT is indefinite); LU solve will run at fit time
  L_q: (9, 656, 656)
  Skipping Cholesky (vertex_mu_L=3 CCT is indefinite); LU solve will run at fit time
  L_q: (9, 656, 656)
  Skipping Cholesky (vertex_mu_L=3 CCT is indefinite); LU solve will run at fit time
  L_q: (9, 656, 656)
  Skipping Cholesky (vertex_mu_L=3 CCT is indefinite); LU solve will run at fit time
  L_q: (9, 656, 656)
  Skipping Cholesky (vertex_mu_L=3 CCT is indefinite); LU solve will run at fit time
  L_q: (9, 656, 656)
  Skipping Cholesky (vertex_mu_L=3 CCT is indefinite); LU solve will run at fit time
  L_q: (9, 656, 656)
  Skipping Cholesky (vertex_mu_L=3 CCT is indefinite); LU solve will run at fit time
  L_q: (9, 656, 656)
  Skipping Cholesky (vertex_mu_L=3 CCT is indefinite); LU solve will run at fit time
  L_q: (9, 656, 656)
/global/u2/j/jackm/software/lorrax_A/src/file_io/_slab_io_ffi.py:385: UserWarning: FFI backend: chunks/attrs on create_dataset currently no-op; pre-create with h5py if you need explicit chunking or attrs.
  warnings.warn(
/global/u2/j/jackm/software/lorrax_A/src/file_io/_slab_io_ffi.py:385: UserWarning: FFI backend: chunks/attrs on create_dataset currently no-op; pre-create with h5py if you need explicit chunking or attrs.
  warnings.warn(
/global/u2/j/jackm/software/lorrax_A/src/file_io/_slab_io_ffi.py:385: UserWarning: FFI backend: chunks/attrs on create_dataset currently no-op; pre-create with h5py if you need explicit chunking or attrs.
  warnings.warn(
/global/u2/j/jackm/software/lorrax_A/src/file_io/_slab_io_ffi.py:385: UserWarning: FFI backend: chunks/attrs on create_dataset currently no-op; pre-create with h5py if you need explicit chunking or attrs.
  warnings.warn(
/global/u2/j/jackm/software/lorrax_A/src/file_io/_slab_io_ffi.py:385: UserWarning: FFI backend: chunks/attrs on create_dataset currently no-op; pre-create with h5py if you need explicit chunking or attrs.
  warnings.warn(
/global/u2/j/jackm/software/lorrax_A/src/file_io/_slab_io_ffi.py:385: UserWarning: FFI backend: chunks/attrs on create_dataset currently no-op; pre-create with h5py if you need explicit chunking or attrs.
  warnings.warn(
/global/u2/j/jackm/software/lorrax_A/src/file_io/_slab_io_ffi.py:385: UserWarning: FFI backend: chunks/attrs on create_dataset currently no-op; pre-create with h5py if you need explicit chunking or attrs.
  warnings.warn(
/global/u2/j/jackm/software/lorrax_A/src/file_io/_slab_io_ffi.py:385: UserWarning: FFI backend: chunks/attrs on create_dataset currently no-op; pre-create with h5py if you need explicit chunking or attrs.
  warnings.warn(
/global/u2/j/jackm/software/lorrax_A/src/file_io/_slab_io_ffi.py:385: UserWarning: FFI backend: chunks/attrs on create_dataset currently no-op; pre-create with h5py if you need explicit chunking or attrs.
  warnings.warn(
/global/u2/j/jackm/software/lorrax_A/src/file_io/_slab_io_ffi.py:385: UserWarning: FFI backend: chunks/attrs on create_dataset currently no-op; pre-create with h5py if you need explicit chunking or attrs.
  warnings.warn(
/global/u2/j/jackm/software/lorrax_A/src/file_io/_slab_io_ffi.py:385: UserWarning: FFI backend: chunks/attrs on create_dataset currently no-op; pre-create with h5py if you need explicit chunking or attrs.
  warnings.warn(
/global/u2/j/jackm/software/lorrax_A/src/file_io/_slab_io_ffi.py:385: UserWarning: FFI backend: chunks/attrs on create_dataset currently no-op; pre-create with h5py if you need explicit chunking or attrs.
  warnings.warn(
/global/u2/j/jackm/software/lorrax_A/src/file_io/_slab_io_ffi.py:385: UserWarning: FFI backend: chunks/attrs on create_dataset currently no-op; pre-create with h5py if you need explicit chunking or attrs.
  warnings.warn(
/global/u2/j/jackm/software/lorrax_A/src/file_io/_slab_io_ffi.py:385: UserWarning: FFI backend: chunks/attrs on create_dataset currently no-op; pre-create with h5py if you need explicit chunking or attrs.
  warnings.warn(
/global/u2/j/jackm/software/lorrax_A/src/file_io/_slab_io_ffi.py:385: UserWarning: FFI backend: chunks/attrs on create_dataset currently no-op; pre-create with h5py if you need explicit chunking or attrs.
  warnings.warn(
/global/u2/j/jackm/software/lorrax_A/src/file_io/_slab_io_ffi.py:385: UserWarning: FFI backend: chunks/attrs on create_dataset currently no-op; pre-create with h5py if you need explicit chunking or attrs.
  warnings.warn(
  ψ(G) host cache: 0.13 GB/process resident
Started zeta fitting at 18:29:26.
[ 18:29:26 | ██████████ | 100% ] r-chunk 1 / 1 · ETA 0 s
Finished zeta fitting at 18:29:26.  Elapsed: 0 s.
  [SlabIO.close] draining 1 pending writes for zeta_q_mu3.h5 …
  [SlabIO.close] Python dispatch drained in 1.1 s; joining writer thread
  [SlabIO.close] writer thread joined in 0.0 s; calling H5Fclose collectively
  [SlabIO.close] H5Fclose returned in 0.1 s
  Zeta output: /pscratch/sd/j/jackm/lorrax_sandbox/runs/MoS2/00_mos2_3x3_cohsex/A_bispinor_smoke_2026-05-08/tmp/zeta_q_mu3.h5  shape: (3,3,1,656,46080)
  Timing (1 r-chunks, 2.2s total):
    fit      1.88s  86.8%
    H5       0.29s  13.2%
  Zeta output: /pscratch/sd/j/jackm/lorrax_sandbox/runs/MoS2/00_mos2_3x3_cohsex/A_bispinor_smoke_2026-05-08/tmp/zeta_q_mu3.h5  shape: (3,3,1,656,46080)
  Timing (1 r-chunks, 2.0s total):
    fit      1.89s  94.5%
    H5       0.11s   5.5%
  Zeta output: /pscratch/sd/j/jackm/lorrax_sandbox/runs/MoS2/00_mos2_3x3_cohsex/A_bispinor_smoke_2026-05-08/tmp/zeta_q_mu3.h5  shape: (3,3,1,656,46080)
  Timing (1 r-chunks, 2.0s total):
    fit      1.67s  83.5%
    H5       0.33s  16.5%
  Zeta output: /pscratch/sd/j/jackm/lorrax_sandbox/runs/MoS2/00_mos2_3x3_cohsex/A_bispinor_smoke_2026-05-08/tmp/zeta_q_mu3.h5  shape: (3,3,1,656,46080)
  Timing (1 r-chunks, 2.0s total):
    fit      1.88s  94.0%
  Zeta output: /pscratch/sd/j/jackm/lorrax_sandbox/runs/MoS2/00_mos2_3x3_cohsex/A_bispinor_smoke_2026-05-08/tmp/zeta_q_mu3.h5  shape: (3,3,1,656,46080)
  Timing (1 r-chunks, 2.0s total):
    fit      1.89s  94.2%
    H5       0.12s   5.8%
  Zeta output: /pscratch/sd/j/jackm/lorrax_sandbox/runs/MoS2/00_mos2_3x3_cohsex/A_bispinor_smoke_2026-05-08/tmp/zeta_q_mu3.h5  shape: (3,3,1,656,46080)
  Timing (1 r-chunks, 2.0s total):
    fit      1.91s  95.3%
    H5       0.09s   4.7%
  Zeta output: /pscratch/sd/j/jackm/lorrax_sandbox/runs/MoS2/00_mos2_3x3_cohsex/A_bispinor_smoke_2026-05-08/tmp/zeta_q_mu3.h5  shape: (3,3,1,656,46080)
  Timing (1 r-chunks, 2.0s total):
    fit      1.87s  93.3%
    H5       0.13s   6.7%
    H5       0.12s   6.0%
  Zeta output: /pscratch/sd/j/jackm/lorrax_sandbox/runs/MoS2/00_mos2_3x3_cohsex/A_bispinor_smoke_2026-05-08/tmp/zeta_q_mu3.h5  shape: (3,3,1,656,46080)
  Timing (1 r-chunks, 2.0s total):
    fit      1.91s  95.2%
    H5       0.10s   4.8%
  Zeta output: /pscratch/sd/j/jackm/lorrax_sandbox/runs/MoS2/00_mos2_3x3_cohsex/A_bispinor_smoke_2026-05-08/tmp/zeta_q_mu3.h5  shape: (3,3,1,656,46080)
  Timing (1 r-chunks, 2.0s total):
    fit      1.84s  91.9%
  Zeta output: /pscratch/sd/j/jackm/lorrax_sandbox/runs/MoS2/00_mos2_3x3_cohsex/A_bispinor_smoke_2026-05-08/tmp/zeta_q_mu3.h5  shape: (3,3,1,656,46080)
  Timing (1 r-chunks, 2.0s total):
  Zeta output: /pscratch/sd/j/jackm/lorrax_sandbox/runs/MoS2/00_mos2_3x3_cohsex/A_bispinor_smoke_2026-05-08/tmp/zeta_q_mu3.h5  shape: (3,3,1,656,46080)
  Timing (1 r-chunks, 2.0s total):
    fit      1.89s  94.5%
    H5       0.11s   5.5%
    H5       0.16s   8.1%
    fit      1.89s  94.3%
  Zeta output: /pscratch/sd/j/jackm/lorrax_sandbox/runs/MoS2/00_mos2_3x3_cohsex/A_bispinor_smoke_2026-05-08/tmp/zeta_q_mu3.h5  shape: (3,3,1,656,46080)
  Timing (1 r-chunks, 2.0s total):
    fit      1.70s  84.8%
    H5       0.30s  15.2%
  Zeta output: /pscratch/sd/j/jackm/lorrax_sandbox/runs/MoS2/00_mos2_3x3_cohsex/A_bispinor_smoke_2026-05-08/tmp/zeta_q_mu3.h5  shape: (3,3,1,656,46080)
  Timing (1 r-chunks, 2.0s total):
    fit      1.88s  94.1%
    H5       0.12s   5.9%
    H5       0.11s   5.7%
  Zeta output: /pscratch/sd/j/jackm/lorrax_sandbox/runs/MoS2/00_mos2_3x3_cohsex/A_bispinor_smoke_2026-05-08/tmp/zeta_q_mu3.h5  shape: (3,3,1,656,46080)
  Zeta output: /pscratch/sd/j/jackm/lorrax_sandbox/runs/MoS2/00_mos2_3x3_cohsex/A_bispinor_smoke_2026-05-08/tmp/zeta_q_mu3.h5  shape: (3,3,1,656,46080)
  Timing (1 r-chunks, 2.0s total):
    fit      1.88s  93.5%
    H5       0.13s   6.4%
  Zeta output: /pscratch/sd/j/jackm/lorrax_sandbox/runs/MoS2/00_mos2_3x3_cohsex/A_bispinor_smoke_2026-05-08/tmp/zeta_q_mu3.h5  shape: (3,3,1,656,46080)
  Timing (1 r-chunks, 2.0s total):
  Timing (1 r-chunks, 2.0s total):
    fit      1.67s  83.6%
    H5       0.33s  16.4%
    fit      1.84s  91.8%
    H5       0.16s   8.2%
    V_q bare cutoff: 30.0 Ry (auto: ecutwfc)
    V_q budget:    27.13 GB

  [bispinor] V_q^{μ_L,ν_L} → /pscratch/sd/j/jackm/lorrax_sandbox/runs/MoS2/00_mos2_3x3_cohsex/A_bispinor_smoke_2026-05-08/tmp/v_q_bispinor.h5
  V_q bispinor: writing 7 unique tiles (CC + 3 TT-diag + 3 TT-off) to /pscratch/sd/j/jackm/lorrax_sandbox/runs/MoS2/00_mos2_3x3_cohsex/A_bispinor_smoke_2026-05-08/tmp/v_q_bispinor.h5
  [SlabIO.close] draining 0 pending writes for v_q_bispinor.h5 …
  [SlabIO.close] Python dispatch drained in 0.0 s; joining writer thread
  [SlabIO.close] writer thread joined in 0.0 s; calling H5Fclose collectively
  [SlabIO.close] H5Fclose returned in 0.0 s
  V_q bispinor tile 1/7: CC  same_zeta=True  n_rmu_L=640  n_rmu_R=640  write_g0=True
  V_q tile: mesh=4x4, same ζ, q_chunk=9, μ_chunk=640 (1×1 blocks), aligned=True, N_μ_L=640, N_μ_R=640, N_G=2419, predicted peak/rank=0.81 GB (V_ref+g0_ref=0.00 GB)
Started V_q tile at 18:29:31.
[ 18:29:31 | █░░░░░░░░░ |  11% ] q-point 1 / 9 · ETA 0 s
[ 18:29:31 | ██░░░░░░░░ |  22% ] q-point 2 / 9 · ETA 0 s
[ 18:29:31 | ███░░░░░░░ |  33% ] q-point 3 / 9 · ETA 0 s
[ 18:29:31 | ████░░░░░░ |  44% ] q-point 4 / 9 · ETA 0 s
[ 18:29:31 | ██████░░░░ |  56% ] q-point 5 / 9 · ETA 0 s
[ 18:29:31 | ███████░░░ |  67% ] q-point 6 / 9 · ETA 0 s
[ 18:29:31 | ████████░░ |  78% ] q-point 7 / 9 · ETA 0 s
[ 18:29:31 | █████████░ |  89% ] q-point 8 / 9 · ETA 0 s
[ 18:29:31 | ██████████ | 100% ] q-point 9 / 9 · ETA 0 s
Finished V_q tile at 18:29:31.  Elapsed: 0 s.
  [SlabIO.close] draining 1 pending writes for v_q_bispinor.h5 …
  [SlabIO.close] Python dispatch drained in 0.1 s; joining writer thread
  [SlabIO.close] writer thread joined in 0.0 s; calling H5Fclose collectively
  [SlabIO.close] H5Fclose returned in 0.0 s
  V_q bispinor tile 2/7: TT[1,1] (diag)  same_zeta=True  n_rmu_L=656  n_rmu_R=656  write_g0=False
  V_q tile: mesh=4x4, same ζ, q_chunk=9, μ_chunk=656 (1×1 blocks), aligned=True, N_μ_L=656, N_μ_R=656, N_G=2419, predicted peak/rank=0.83 GB (V_ref+g0_ref=0.00 GB)
Started V_q tile at 18:29:35.
[ 18:29:35 | █░░░░░░░░░ |  11% ] q-point 1 / 9 · ETA 0 s
[ 18:29:35 | ██░░░░░░░░ |  22% ] q-point 2 / 9 · ETA 0 s
[ 18:29:35 | ███░░░░░░░ |  33% ] q-point 3 / 9 · ETA 0 s
[ 18:29:35 | ████░░░░░░ |  44% ] q-point 4 / 9 · ETA 0 s
[ 18:29:35 | ██████░░░░ |  56% ] q-point 5 / 9 · ETA 0 s
[ 18:29:35 | ███████░░░ |  67% ] q-point 6 / 9 · ETA 0 s
[ 18:29:35 | ████████░░ |  78% ] q-point 7 / 9 · ETA 0 s
[ 18:29:35 | █████████░ |  89% ] q-point 8 / 9 · ETA 0 s
[ 18:29:35 | ██████████ | 100% ] q-point 9 / 9 · ETA 0 s
Finished V_q tile at 18:29:35.  Elapsed: 0 s.
  [SlabIO.close] draining 1 pending writes for v_q_bispinor.h5 …
  [SlabIO.close] Python dispatch drained in 0.6 s; joining writer thread
  [SlabIO.close] writer thread joined in 0.0 s; calling H5Fclose collectively
  [SlabIO.close] H5Fclose returned in 0.0 s
  V_q bispinor tile 3/7: TT[2,2] (diag)  same_zeta=True  n_rmu_L=656  n_rmu_R=656  write_g0=False
  V_q tile: mesh=4x4, same ζ, q_chunk=9, μ_chunk=656 (1×1 blocks), aligned=True, N_μ_L=656, N_μ_R=656, N_G=2419, predicted peak/rank=0.83 GB (V_ref+g0_ref=0.00 GB)
Started V_q tile at 18:29:38.
[ 18:29:38 | █░░░░░░░░░ |  11% ] q-point 1 / 9 · ETA 0 s
[ 18:29:38 | ██░░░░░░░░ |  22% ] q-point 2 / 9 · ETA 0 s
[ 18:29:38 | ███░░░░░░░ |  33% ] q-point 3 / 9 · ETA 0 s
[ 18:29:38 | ████░░░░░░ |  44% ] q-point 4 / 9 · ETA 0 s
[ 18:29:38 | ██████░░░░ |  56% ] q-point 5 / 9 · ETA 0 s
[ 18:29:38 | ███████░░░ |  67% ] q-point 6 / 9 · ETA 0 s
[ 18:29:38 | ████████░░ |  78% ] q-point 7 / 9 · ETA 0 s
[ 18:29:38 | █████████░ |  89% ] q-point 8 / 9 · ETA 0 s
[ 18:29:38 | ██████████ | 100% ] q-point 9 / 9 · ETA 0 s
Finished V_q tile at 18:29:38.  Elapsed: 0 s.
  [SlabIO.close] draining 1 pending writes for v_q_bispinor.h5 …
  [SlabIO.close] Python dispatch drained in 0.1 s; joining writer thread
  [SlabIO.close] writer thread joined in 0.0 s; calling H5Fclose collectively
  [SlabIO.close] H5Fclose returned in 0.3 s
  V_q bispinor tile 4/7: TT[3,3] (diag)  same_zeta=True  n_rmu_L=656  n_rmu_R=656  write_g0=False
  V_q tile: mesh=4x4, same ζ, q_chunk=9, μ_chunk=656 (1×1 blocks), aligned=True, N_μ_L=656, N_μ_R=656, N_G=2419, predicted peak/rank=0.83 GB (V_ref+g0_ref=0.00 GB)
Started V_q tile at 18:29:41.
[ 18:29:41 | █░░░░░░░░░ |  11% ] q-point 1 / 9 · ETA 0 s
[ 18:29:41 | ██░░░░░░░░ |  22% ] q-point 2 / 9 · ETA 0 s
[ 18:29:41 | ███░░░░░░░ |  33% ] q-point 3 / 9 · ETA 0 s
[ 18:29:41 | ████░░░░░░ |  44% ] q-point 4 / 9 · ETA 0 s
[ 18:29:41 | ██████░░░░ |  56% ] q-point 5 / 9 · ETA 0 s
[ 18:29:41 | ███████░░░ |  67% ] q-point 6 / 9 · ETA 0 s
[ 18:29:41 | ████████░░ |  78% ] q-point 7 / 9 · ETA 0 s
[ 18:29:41 | █████████░ |  89% ] q-point 8 / 9 · ETA 0 s
[ 18:29:41 | ██████████ | 100% ] q-point 9 / 9 · ETA 0 s
Finished V_q tile at 18:29:41.  Elapsed: 0 s.
  [SlabIO.close] draining 1 pending writes for v_q_bispinor.h5 …
  [SlabIO.close] Python dispatch drained in 0.3 s; joining writer thread
  [SlabIO.close] writer thread joined in 0.0 s; calling H5Fclose collectively
  [SlabIO.close] H5Fclose returned in 0.2 s
  V_q bispinor tile 5/7: TT[1,2] (off-diag)  same_zeta=False  n_rmu_L=656  n_rmu_R=656  write_g0=False
  V_q tile: mesh=4x4, distinct ζ_L/ζ_R, q_chunk=9, μ_chunk=656 (1×1 blocks), aligned=True, N_μ_L=656, N_μ_R=656, N_G=2419, predicted peak/rank=1.39 GB (V_ref+g0_ref=0.00 GB)
Started V_q tile at 18:29:44.
[ 18:29:44 | █░░░░░░░░░ |  11% ] q-point 1 / 9 · ETA 0 s
[ 18:29:44 | ██░░░░░░░░ |  22% ] q-point 2 / 9 · ETA 0 s
[ 18:29:44 | ███░░░░░░░ |  33% ] q-point 3 / 9 · ETA 0 s
[ 18:29:44 | ████░░░░░░ |  44% ] q-point 4 / 9 · ETA 0 s
[ 18:29:44 | ██████░░░░ |  56% ] q-point 5 / 9 · ETA 0 s
[ 18:29:44 | ███████░░░ |  67% ] q-point 6 / 9 · ETA 0 s
[ 18:29:44 | ████████░░ |  78% ] q-point 7 / 9 · ETA 0 s
[ 18:29:44 | █████████░ |  89% ] q-point 8 / 9 · ETA 0 s
[ 18:29:44 | ██████████ | 100% ] q-point 9 / 9 · ETA 0 s
Finished V_q tile at 18:29:44.  Elapsed: 0 s.
  [SlabIO.close] draining 1 pending writes for v_q_bispinor.h5 …
  [SlabIO.close] Python dispatch drained in 0.1 s; joining writer thread
  [SlabIO.close] writer thread joined in 0.0 s; calling H5Fclose collectively
  [SlabIO.close] H5Fclose returned in 0.3 s
  V_q bispinor tile 6/7: TT[1,3] (off-diag)  same_zeta=False  n_rmu_L=656  n_rmu_R=656  write_g0=False
  V_q tile: mesh=4x4, distinct ζ_L/ζ_R, q_chunk=9, μ_chunk=656 (1×1 blocks), aligned=True, N_μ_L=656, N_μ_R=656, N_G=2419, predicted peak/rank=1.39 GB (V_ref+g0_ref=0.00 GB)
Started V_q tile at 18:29:47.
[ 18:29:47 | █░░░░░░░░░ |  11% ] q-point 1 / 9 · ETA 0 s
[ 18:29:47 | ██░░░░░░░░ |  22% ] q-point 2 / 9 · ETA 0 s
[ 18:29:47 | ███░░░░░░░ |  33% ] q-point 3 / 9 · ETA 0 s
[ 18:29:47 | ████░░░░░░ |  44% ] q-point 4 / 9 · ETA 0 s
[ 18:29:47 | ██████░░░░ |  56% ] q-point 5 / 9 · ETA 0 s
[ 18:29:47 | ███████░░░ |  67% ] q-point 6 / 9 · ETA 0 s
[ 18:29:47 | ████████░░ |  78% ] q-point 7 / 9 · ETA 0 s
[ 18:29:47 | █████████░ |  89% ] q-point 8 / 9 · ETA 0 s
[ 18:29:47 | ██████████ | 100% ] q-point 9 / 9 · ETA 0 s
Finished V_q tile at 18:29:47.  Elapsed: 0 s.
  [SlabIO.close] draining 1 pending writes for v_q_bispinor.h5 …
  [SlabIO.close] Python dispatch drained in 0.2 s; joining writer thread
  [SlabIO.close] writer thread joined in 0.0 s; calling H5Fclose collectively
  [SlabIO.close] H5Fclose returned in 0.4 s
  V_q bispinor tile 7/7: TT[2,3] (off-diag)  same_zeta=False  n_rmu_L=656  n_rmu_R=656  write_g0=False
  V_q tile: mesh=4x4, distinct ζ_L/ζ_R, q_chunk=9, μ_chunk=656 (1×1 blocks), aligned=True, N_μ_L=656, N_μ_R=656, N_G=2419, predicted peak/rank=1.39 GB (V_ref+g0_ref=0.00 GB)
Started V_q tile at 18:29:50.
[ 18:29:50 | █░░░░░░░░░ |  11% ] q-point 1 / 9 · ETA 0 s
[ 18:29:50 | ██░░░░░░░░ |  22% ] q-point 2 / 9 · ETA 0 s
[ 18:29:50 | ███░░░░░░░ |  33% ] q-point 3 / 9 · ETA 0 s
[ 18:29:50 | ████░░░░░░ |  44% ] q-point 4 / 9 · ETA 0 s
[ 18:29:50 | ██████░░░░ |  56% ] q-point 5 / 9 · ETA 0 s
[ 18:29:50 | ███████░░░ |  67% ] q-point 6 / 9 · ETA 0 s
[ 18:29:50 | ████████░░ |  78% ] q-point 7 / 9 · ETA 0 s
[ 18:29:50 | █████████░ |  89% ] q-point 8 / 9 · ETA 0 s
[ 18:29:50 | ██████████ | 100% ] q-point 9 / 9 · ETA 0 s
Finished V_q tile at 18:29:50.  Elapsed: 0 s.
  [SlabIO.close] draining 1 pending writes for v_q_bispinor.h5 …
  [SlabIO.close] Python dispatch drained in 0.3 s; joining writer thread
  [SlabIO.close] writer thread joined in 0.0 s; calling H5Fclose collectively
  [SlabIO.close] H5Fclose returned in 0.1 s
  [SlabIO.close] draining 0 pending writes for zeta_q_mu3.h5 …
  [SlabIO.close] Python dispatch drained in 0.0 s; joining writer thread
  [SlabIO.close] writer thread joined in 0.0 s; calling H5Fclose collectively
  [SlabIO.close] H5Fclose returned in 0.1 s
  [SlabIO.close] draining 0 pending writes for zeta_q_mu2.h5 …
  [SlabIO.close] Python dispatch drained in 0.0 s; joining writer thread
  [SlabIO.close] writer thread joined in 0.0 s; calling H5Fclose collectively
  [SlabIO.close] H5Fclose returned in 0.1 s
  [SlabIO.close] draining 0 pending writes for zeta_q_mu1.h5 …
  [SlabIO.close] Python dispatch drained in 0.0 s; joining writer thread
  [SlabIO.close] writer thread joined in 0.0 s; calling H5Fclose collectively
  [SlabIO.close] H5Fclose returned in 0.1 s
  [SlabIO.close] draining 0 pending writes for zeta_q.h5 …
  [SlabIO.close] Python dispatch drained in 0.0 s; joining writer thread
  [SlabIO.close] writer thread joined in 0.0 s; calling H5Fclose collectively
  [SlabIO.close] H5Fclose returned in 0.1 s
  [SlabIO.close] draining 0 pending writes for v_q_bispinor.h5 …
  [SlabIO.close] Python dispatch drained in 0.0 s; joining writer thread
  [SlabIO.close] writer thread joined in 0.0 s; calling H5Fclose collectively
  [SlabIO.close] H5Fclose returned in 0.0 s

  V_q computed:
    Shape: (9, 640, 640)
    V_q=0 trace: 837884955.7336
  [SlabIO.close] draining 0 pending writes for isdf_tensors_640.h5 …
  [SlabIO.close] Python dispatch drained in 0.0 s; joining writer thread
  [SlabIO.close] writer thread joined in 0.0 s; calling H5Fclose collectively
  [SlabIO.close] H5Fclose returned in 0.1 s
  Wavefunctions built (b0:b4=80 bands, 4 sharded copies: xn/xr/yr/yn)
  Wavefunctions built (b0:b4=80 bands, 4 sharded copies: xn/xr/yr/yn)
  [bispinor] σ^B-side Wfns built on n_rmu_T=656 transverse centroids
  [SlabIO.close] draining 1 pending writes for isdf_tensors_640.h5 …
  [SlabIO.close] Python dispatch drained in 1.8 s; joining writer thread
  [SlabIO.close] writer thread joined in 0.0 s; calling H5Fclose collectively
  [SlabIO.close] H5Fclose returned in 0.0 s
  Chunked ISDF path complete
  Minimax static window: x=[1.249527e-01, 6.336166e+00] Ry, R=50.71, nodes=10, fit_err~2.561e-06
  [SlabIO.close] draining 1 pending writes for isdf_tensors_640.h5 …
  [SlabIO.close] Python dispatch drained in 0.3 s; joining writer thread
  [SlabIO.close] writer thread joined in 0.0 s; calling H5Fclose collectively
  [SlabIO.close] H5Fclose returned in 0.2 s
  Persisted W0_qmunu + q=0 head scalars: vhead=1655.335 a.u.,  whead[ω=0]=343.785 a.u.

------------------------------------------------------------------------
  FINITE-SIZE CORRECTIONS
------------------------------------------------------------------------
  Head source: s_tensor
  v(q→0)  =     1655.335 a.u.  (bare Coulomb head)
  W(q→0)  =      343.785 a.u.  (screened Coulomb head)
  ΔW      =    -1311.550 a.u.  (screening correction)

------------------------------------------------------------------------
  STATIC HEAD TERMS (exact COHSEX / BGW-style)
------------------------------------------------------------------------
  Head source: s_tensor
  v_h(q→0)           =  1655.334970 a.u.
  W_h(q→0, ω=0)      =   343.784973 a.u.
  W_h^c              = -1311.549997 a.u.
  Σ^X head (occ)     = -2.619279e-01 Ry
  Σ^SX head (occ)    = -5.439799e-02 Ry
  Σ^(SX-X) head(occ) = 2.075300e-01 Ry
  Σ^COH head (all)   = -1.037650e-01 Ry
  Σ^B tile (μ_L=1, ν_L=1)
  Σ^B tile (μ_L=1, ν_L=2)
  Σ^B tile (μ_L=1, ν_L=3)
  Σ^B tile (μ_L=2, ν_L=1)
  Σ^B tile (μ_L=2, ν_L=2)
  Σ^B tile (μ_L=2, ν_L=3)
  Σ^B tile (μ_L=3, ν_L=1)
  Σ^B tile (μ_L=3, ν_L=2)
  Σ^B tile (μ_L=3, ν_L=3)
  [SlabIO.close] draining 0 pending writes for v_q_bispinor.h5 …
  [SlabIO.close] Python dispatch drained in 0.0 s; joining writer thread
  [SlabIO.close] writer thread joined in 0.0 s; calling H5Fclose collectively
  [SlabIO.close] H5Fclose returned in 0.0 s
  Bare Σ_X diagonal (eV), k=0: -44.6295  -44.6295  -35.0011  -35.0011  -35.1102  -35.1102  -44.7280  -44.7280

  Sigma diag:   /pscratch/sd/j/jackm/lorrax_sandbox/runs/MoS2/00_mos2_3x3_cohsex/A_bispinor_smoke_2026-05-08/sigma_diag.dat
  BGW eqp0:     /pscratch/sd/j/jackm/lorrax_sandbox/runs/MoS2/00_mos2_3x3_cohsex/A_bispinor_smoke_2026-05-08/eqp0.dat
  BGW eqp1:     /pscratch/sd/j/jackm/lorrax_sandbox/runs/MoS2/00_mos2_3x3_cohsex/A_bispinor_smoke_2026-05-08/eqp1.dat
  Restart:      /pscratch/sd/j/jackm/lorrax_sandbox/runs/MoS2/00_mos2_3x3_cohsex/A_bispinor_smoke_2026-05-08/tmp/isdf_tensors_640.h5

--- Timing ---
Total recorded: 58.978 s
Section                                            Count    Total[s]     Self[s]      %
gw_jax.load_centroid_wfns                              1       3.358       2.849    5.7
  load_wfns.precompute_owned                           1       0.000       0.000    0.0
  load_wfns.k_loop                                     1       0.478       0.478    0.8
  load_wfns.scatter                                    1       0.012       0.012    0.0
  load_wfns.make_global_array                          1       0.019       0.019    0.0
gw_jax.zeta_fit_chunked                                1       6.875       1.015   11.7
  zeta_fit.slice_halves                                1       0.031       0.031    0.1
  zeta_fit.CCT                                         1       0.080       0.080    0.1
  zeta_fit.cholesky                                    1       1.415       1.415    2.4
  zeta_fit.gc_pre_chunk_loop                           1       0.109       0.109    0.2
  zeta_fit.open_file                                   1       1.073       1.073    1.8
  zeta_fit.chunk_loop                                  1       2.004       0.000    3.4
    zeta_fit.chunk.fit_one_rchunk                      1       1.706       1.706    2.9
    zeta_fit.chunk.h5_write                            1       0.298       0.298    0.5
  zeta_fit.close_io                                    1       1.144       1.144    1.9
  zeta_fit.sync_global                                 1       0.003       0.003    0.0
gw_jax.load_centroid_wfns_current                      1       2.680       2.386    4.5
  load_wfns.precompute_owned                           1       0.000       0.000    0.0
  load_wfns.k_loop                                     1       0.280       0.280    0.5
  load_wfns.scatter                                    1       0.012       0.012    0.0
  load_wfns.make_global_array                          1       0.001       0.001    0.0
gw_jax.zeta_fit_chunked_mu1                            1       6.909       0.791   11.7
  zeta_fit.slice_halves                                1       0.028       0.028    0.0
  zeta_fit.CCT                                         1       0.244       0.244    0.4
  zeta_fit.cholesky                                    1       0.000       0.000    0.0
  zeta_fit.gc_pre_chunk_loop                           1       0.049       0.049    0.1
  zeta_fit.open_file                                   1       2.325       2.325    3.9
  zeta_fit.chunk_loop                                  1       2.325       0.000    3.9
    zeta_fit.chunk.fit_one_rchunk                      1       1.986       1.986    3.4
    zeta_fit.chunk.h5_write                            1       0.339       0.339    0.6
  zeta_fit.close_io                                    1       1.142       1.142    1.9
  zeta_fit.sync_global                                 1       0.005       0.005    0.0
gw_jax.zeta_fit_chunked_mu2                            1       5.907       0.827   10.0
  zeta_fit.slice_halves                                1       0.029       0.029    0.0
  zeta_fit.CCT                                         1       0.112       0.112    0.2
  zeta_fit.cholesky                                    1       0.000       0.000    0.0
  zeta_fit.gc_pre_chunk_loop                           1       0.035       0.035    0.1
  zeta_fit.open_file                                   1       1.566       1.566    2.7
  zeta_fit.chunk_loop                                  1       2.167       0.000    3.7
    zeta_fit.chunk.fit_one_rchunk                      1       1.863       1.863    3.2
    zeta_fit.chunk.h5_write                            1       0.303       0.303    0.5
  zeta_fit.close_io                                    1       1.168       1.168    2.0
  zeta_fit.sync_global                                 1       0.002       0.002    0.0
gw_jax.zeta_fit_chunked_mu3                            1       5.744       0.757    9.7
  zeta_fit.slice_halves                                1       0.030       0.030    0.1
  zeta_fit.CCT                                         1       0.072       0.072    0.1
  zeta_fit.cholesky                                    1       0.000       0.000    0.0
  zeta_fit.gc_pre_chunk_loop                           1       0.032       0.032    0.1
  zeta_fit.open_file                                   1       1.515       1.515    2.6
  zeta_fit.chunk_loop                                  1       2.168       0.000    3.7
    zeta_fit.chunk.fit_one_rchunk                      1       1.883       1.883    3.2
    zeta_fit.chunk.h5_write                            1       0.285       0.285    0.5
  zeta_fit.close_io                                    1       1.167       1.167    2.0
  zeta_fit.sync_global                                 1       0.003       0.003    0.0
gw_jax.V_q_compute                                     1      23.181       4.641   39.3
  V_q_bispinor[0,0]                                    1       2.933       2.933    5.0
  V_q_bispinor[1,1]                                    1       3.117       3.117    5.3
  V_q_bispinor[2,2]                                    1       2.248       2.248    3.8
  V_q_bispinor[3,3]                                    1       2.286       2.286    3.9
  V_q_bispinor[1,2]                                    1       2.929       2.929    5.0
  V_q_bispinor[1,3]                                    1       2.497       2.497    4.2
  V_q_bispinor[2,3]                                    1       2.530       2.530    4.3
gw_jax.wavefunction_setup                              1       0.053       0.053    0.1
gw_jax.chi0_W                                          1       1.195       0.045    2.0
  chi.compile                                          1       0.110       0.110    0.2
  chi.exec                                             1       0.045       0.045    0.1
  W.compile                                            1       0.070       0.070    0.1
  W.exec                                               1       0.926       0.926    1.6
gw_jax.sigma                                           1       3.077       3.077    5.2
