{
  "mos2_eqp": {
    "1e-4": {
      "eqp0.dat": {
        "max_abs_meV": 39056.18231299999,
        "mae_meV": 6443.8694316305555,
        "gap_window_max_meV": 12229.483117000002,
        "edft_check_meV": 0.0,
        "ppm_clean_max_meV": 9301.640200999998,
        "n_ppm_clean": 6
      },
      "eqp1.dat": {
        "max_abs_meV": 39056.18231299999,
        "mae_meV": 6024.768602547221,
        "gap_window_max_meV": 9441.097834,
        "edft_check_meV": 0.0,
        "ppm_clean_max_meV": 9301.640200999998,
        "n_ppm_clean": 6
      }
    },
    "1e-5": {
      "eqp0.dat": {
        "max_abs_meV": 24564.297991999996,
        "mae_meV": 4017.643294644445,
        "gap_window_max_meV": 10803.02982,
        "edft_check_meV": 0.0,
        "ppm_clean_max_meV": 6666.943262,
        "n_ppm_clean": 6
      },
      "eqp1.dat": {
        "max_abs_meV": 24564.297991999996,
        "mae_meV": 3776.317229495833,
        "gap_window_max_meV": 8340.248635,
        "edft_check_meV": 0.0,
        "ppm_clean_max_meV": 6666.943262,
        "n_ppm_clean": 6
      }
    },
    "1e-6": {
      "eqp0.dat": {
        "max_abs_meV": 11970.428748,
        "mae_meV": 1866.786587125,
        "gap_window_max_meV": 7338.277912,
        "edft_check_meV": 0.0,
        "ppm_clean_max_meV": 2902.3212270000017,
        "n_ppm_clean": 6
      },
      "eqp1.dat": {
        "max_abs_meV": 11970.428748,
        "mae_meV": 1757.611957291667,
        "gap_window_max_meV": 5693.418191,
        "edft_check_meV": 0.0,
        "ppm_clean_max_meV": 2902.3212270000017,
        "n_ppm_clean": 6
      }
    }
  },
  "mos2_eqp_pairwise": {
    "1e-4_vs_1e-5": {
      "max_abs_meV": 26226.924366999996,
      "gap_window_max_meV": 4188.9379450000015
    },
    "1e-4_vs_1e-6": {
      "max_abs_meV": 36140.354421,
      "gap_window_max_meV": 5784.910213
    },
    "1e-5_vs_1e-6": {
      "max_abs_meV": 13415.183561999997,
      "gap_window_max_meV": 3491.0854770000005
    }
  },
  "mos2_sigma": {
    "1e-4": {
      "max_dsigX_meV": 192.0010000000012,
      "max_dResigC_meV": 1546.6569999999997,
      "gap_max_dsigX_meV": 192.0010000000012,
      "gap_max_dResigC_meV": 480.7969999999999,
      "mae_dsigX_meV": 56.035672222222175
    },
    "1e-5": {
      "max_dsigX_meV": 227.1850000000022,
      "max_dResigC_meV": 1353.8639999999998,
      "gap_max_dsigX_meV": 129.8769999999969,
      "gap_max_dResigC_meV": 500.6949999999999,
      "mae_dsigX_meV": 44.34230277777788
    },
    "1e-6": {
      "max_dsigX_meV": 186.63099999999844,
      "max_dResigC_meV": 1287.2959999999996,
      "gap_max_dsigX_meV": 112.91599999999846,
      "gap_max_dResigC_meV": 497.9119999999999,
      "mae_dsigX_meV": 26.524638888888834
    }
  },
  "mos2_tiles": {
    "1e-4": {
      "V0_relF": 0.9999156331029238,
      "V0_max_rel": 0.999524494975814,
      "W0_relF": 0.9999128936600066,
      "W0_max_rel": 0.9992861263697138
    },
    "1e-5": {
      "V0_relF": 0.9978772572581246,
      "V0_max_rel": 0.9794505725485201,
      "W0_relF": 0.9979542943701414,
      "W0_max_rel": 0.9775008369289084
    },
    "1e-6": {
      "V0_relF": 0.9176176759068401,
      "V0_max_rel": 0.5735527427333895,
      "W0_relF": 0.9243158399906204,
      "W0_max_rel": 0.576912615291219
    }
  },
  "mos2_baseline_vs_orig": {
    "max_abs_meV": 511.61236999999994,
    "gap_window_max_meV": 511.61236999999994,
    "ppm_clean_max_meV": 62.05721599999947
  },
  "mos2_cov": {
    "stock": {
      "G0": {
        "max_rel": 2.7205989476753123e-07,
        "scale": 5882.031059272192
      },
      "V0": {
        "max_rel": 1.0080937126401678e-07,
        "scale": 64061371.19291212
      },
      "W0": {
        "max_rel": 1.5404030844028174e-07,
        "scale": 14797753.167856345
      },
      "dW": {
        "max_rel": 9.548305966478662e-08,
        "scale": 49263618.02505577
      }
    },
    "1e-4": {
      "G0": {
        "max_rel": 1.3396422485837954e-08,
        "scale": 707.3762158999754
      },
      "V0": {
        "max_rel": 1.7268803874143197e-08,
        "scale": 1026017.6148463965
      },
      "W0": {
        "max_rel": 1.1936100848830959e-08,
        "scale": 337269.45960698905
      },
      "dW": {
        "max_rel": 1.9880147070784906e-08,
        "scale": 688748.1552394074
      }
    },
    "1e-5": {
      "G0": {
        "max_rel": 6.247326275058989e-08,
        "scale": 1232.1258980967555
      },
      "V0": {
        "max_rel": 1.181366602494478e-07,
        "scale": 3243954.8426369037
      },
      "W0": {
        "max_rel": 7.453101787920534e-08,
        "scale": 904174.3185505468
      },
      "dW": {
        "max_rel": 1.3643922618093065e-07,
        "scale": 2339780.524086357
      }
    },
    "1e-6": {
      "G0": {
        "max_rel": 8.557418922553893e-06,
        "scale": 3569.558675513067
      },
      "V0": {
        "max_rel": 1.1592979415476511e-05,
        "scale": 27318812.50388026
      },
      "W0": {
        "max_rel": 1.0038293826244373e-05,
        "scale": 6260746.60682652
      },
      "dW": {
        "max_rel": 1.2055200998640367e-05,
        "scale": 21058065.89705374
      }
    }
  },
  "mos2_cond": {
    "lam_max": 0.017264995096327472,
    "lam_min": 1.5074665306263207e-10,
    "cond_C": 114529873.43708539,
    "cond_B_1e-4": 100000000.2376359,
    "amp_cap_1e-4": 289603.3258105921,
    "banner_1e-4": {
      "eps_rel": 0.0001,
      "lam_min_q": 0.01722,
      "lam_max_q": 0.01726
    },
    "cond_B_1e-5": 9999992377.364788,
    "amp_cap_1e-5": 2896033.258105921,
    "banner_1e-5": {
      "eps_rel": 1e-05,
      "lam_min_q": 0.01722,
      "lam_max_q": 0.01726
    },
    "cond_B_1e-6": 999923769402.3053,
    "amp_cap_1e-6": 28960332.581059214,
    "banner_1e-6": {
      "eps_rel": 1e-06,
      "lam_min_q": 0.01722,
      "lam_max_q": 0.01726
    }
  },
  "si_sigma": {
    "1e-4": {
      "max_dSigma_meV": 32.093000000000146,
      "max_dSigTOT_meV": 31.012999999999735,
      "gap_max_dSigTOT_meV": 31.012999999999735,
      "mae_dSigTOT_meV": 7.019079687500007
    },
    "1e-5": {
      "max_dSigma_meV": 28.131000000000128,
      "max_dSigTOT_meV": 28.131000000000128,
      "gap_max_dSigTOT_meV": 17.29199999999942,
      "mae_dSigTOT_meV": 3.789845312500003
    },
    "1e-6": {
      "max_dSigma_meV": 7.88299999999964,
      "max_dSigTOT_meV": 7.88299999999964,
      "gap_max_dSigTOT_meV": 4.3079999999999785,
      "mae_dSigTOT_meV": 0.9265078124999875
    }
  },
  "si_tiles": {
    "1e-4": {
      "V0_relF": 0.9293317337354681,
      "V0_max_rel": 0.9164174183905216,
      "W0_relF": 0.9363173150468013,
      "W0_max_rel": 0.9226213540003546
    },
    "1e-5": {
      "V0_relF": 0.8958983082315467,
      "V0_max_rel": 0.8538273477768492,
      "W0_relF": 0.9008544848044522,
      "W0_max_rel": 0.8595990480944073
    },
    "1e-6": {
      "V0_relF": 0.6469821528359954,
      "V0_max_rel": 0.5910273378313953,
      "W0_relF": 0.651636321560422,
      "W0_max_rel": 0.5903488093146811
    }
  },
  "si_cov": {
    "stock": {
      "G0": {
        "max_rel": 0.08639533459683157,
        "scale": 63.700279957690014
      },
      "V0": {
        "max_rel": 0.03155828483588399,
        "scale": 8622.013935169576
      },
      "W0": {
        "max_rel": 0.03014893255248015,
        "scale": 7984.81667318319
      },
      "dW": {
        "max_rel": 0.06904588722826707,
        "scale": 735.4813728887402
      }
    },
    "1e-4": {
      "G0": {
        "max_rel": 0.0032057961531903444,
        "scale": 42.83333295785595
      },
      "V0": {
        "max_rel": 0.0041232123997025924,
        "scale": 3797.5340411711163
      },
      "W0": {
        "max_rel": 0.004283317651750026,
        "scale": 3489.4270013546193
      },
      "dW": {
        "max_rel": 0.0019885878077170976,
        "scale": 573.6426076881608
      }
    },
    "1e-5": {
      "G0": {
        "max_rel": 0.007198290052086273,
        "scale": 45.30737019681198
      },