{
  "n_rtot": 174960,
  "fft_grid": [
    36,
    36,
    135
  ],
  "nk": 144,
  "ngkmax": 10497,
  "nspinor": 2,
  "nband": 326,
  "nb_total": 416,
  "world": 16,
  "rows": [
    {
      "scenario": "ncond=54",
      "ncond": 54,
      "nb_total": 416,
      "budget": 60.0,
      "mu": 2412,
      "mu_pad": 2416,
      "hwm": 50.950192896,
      "persist": 9.1237824,
      "bottleneck": "C_fit_one_rchunk",
      "p_min": 2,
      "r_chunk": 9248,
      "n_r_chunks": 19,
      "band_chunk": 16,
      "q_chunk": 144,
      "gflat_cs": 100,
      "cct": 13.448577024,
      "zr": 973.90854144,
      "zg": 58.431172608,
      "feasible": true
    },
    {
      "scenario": "ncond=54",
      "ncond": 54,
      "nb_total": 416,
      "budget": 65.0,
      "mu": 2412,
      "mu_pad": 2416,
      "hwm": 55.219670784,
      "persist": 9.1237824,
      "bottleneck": "C_fit_one_rchunk",
      "p_min": 2,
      "r_chunk": 10192,
      "n_r_chunks": 18,
      "band_chunk": 16,
      "q_chunk": 144,
      "gflat_cs": 100,
      "cct": 13.448577024,
      "zr": 973.90854144,
      "zg": 58.431172608,
      "feasible": true
    }
  ]
}