{
 "n_occ": 26,
 "n_cond_bse": 8,
 "windows": {
  "26,8": {
   "nb_window": 34,
   "rank": 4452,
   "a_band": 33,
   "window_anchored_at_Emin": true,
   "capacity_margin": 0.9093137254901961,
   "seconds": 79.89613819122314,
   "ongrid_max_deps_meV": 40.71868612597966,
   "ongrid_deps_per_Q_meV": {
    "+0.0000,+0.5000,+0.0000": 19.25857073180395,
    "+0.0000,+0.0000,+0.0000": 26.88550320421907,
    "+0.3333,+0.3333,+0.0000": 40.71868612597966
   },
   "min_transition_eV": [
    3.60391474601276,
    -0.7777704917119953,
    -0.8817906382076207,
    0.1641548321178214,
    0.046300065567824684,
    -0.3457595155841967,
    -0.03528567075793267,
    0.33502706353100886,
    0.2671962352592482,
    0.49759696908352885,
    -0.20767589188197083,
    -0.3245801558040749,
    -0.18475277631826828,
    2.9429391793755837,
    0.4141028354153236,
    0.8344004887020985,
    0.14075185281279246,
    -0.12972992039879191,
    -0.07878406358694158,
    3.449078231611279,
    -0.1060296578387946,
    -0.1748098045215317,
    -0.3710829435395052,
    -0.5041780378677854,
    0.20279534544137906,
    -0.027881754426572994,
    0.09535264643386705,
    0.058484103701538476,
    0.0012299502572658881,
    -0.07853180832833025,
    -0.7597898237876944,
    -0.702959955878231,
    -0.608746805345136,
    -0.46494204258571037,
    0.23162584277905832,
    -0.1830633438030531,
    -0.8401684443467431,
    -0.12272136331925157,
    2.9188790774303577
   ],
   "M-Gamma": {
    "eps_d2_max_meV": 5966.277013782405,
    "eps_d2_mean_meV": 1278.079183551609,
    "mintrans_d2_max_meV": 5656.528299654112,
    "mintrans_d2_mean_meV": 1504.1189515688475
   },
   "Gamma-K": {
    "eps_d2_max_meV": 6138.184559930639,
    "eps_d2_mean_meV": 1061.1575589746626,
    "mintrans_d2_max_meV": 3486.3277427673365,
    "mintrans_d2_mean_meV": 724.6292269822729
   }
  }
 }
}