{
 "n_occ": 26,
 "n_cond_bse": 8,
 "windows": {
  "26,14/rank0": {
   "nb_window": 40,
   "rank": 4700,
   "a_band": 33,
   "window_anchored_at_Emin": true,
   "capacity_margin": 0.8159722222222222,
   "seconds": 85.11009407043457,
   "ongrid_max_deps_meV": 311.2403174329304,
   "ongrid_deps_per_Q_meV": {
    "+0.0000,+0.5000,+0.0000": 136.76324255449643,
    "+0.0000,+0.0000,+0.0000": 287.3323122874135,
    "+0.3333,+0.3333,+0.0000": 311.2403174329304
   },
   "min_transition_eV": [
    3.6097030571047886,
    0.06798456996868155,
    0.18790148051285716,
    3.35227217204024,
    0.10620534699671173,
    0.19275766983949125,
    3.009681972094766,
    0.1377445943469241,
    0.2822643137069591,
    3.137300326035627,
    0.7333999519508119,
    0.5409748484045689,
    0.4056485962797355,
    3.1082450337709955,
    2.4277518223716945,
    3.2005220167597312,
    3.3652477953465243,
    -0.00988952543392971,
    -0.09896224927507836,
    3.6154979953118427,
    1.0749003260637373,
    -0.16361575251624275,
    -0.3785009956985648,
    0.25618792406501084,
    3.1674145003086145,
    0.06081489502046831,
    0.17531066605555579,
    0.03811982191325602,
    2.657531556302187,
    1.0295242229703256,
    0.47240733989195494,
    -0.822679066524687,
    -0.5703395506631168,
    2.6952247213405087,
    0.9691945373720191,
    1.055717080093247,
    0.8314167592214406,
    -0.12210650675397577,
    2.8957083337818945
   ],
   "M-Gamma": {
    "eps_d2_max_meV": 4783.914384163304,
    "eps_d2_mean_meV": 719.7692806425777,
    "mintrans_d2_max_meV": 6410.437516570912,
    "mintrans_d2_mean_meV": 3168.5913458786763
   },
   "Gamma-K": {
    "eps_d2_max_meV": 4784.785010859093,
    "eps_d2_mean_meV": 670.7987641999854,
    "mintrans_d2_max_meV": 6017.826181531749,
    "mintrans_d2_mean_meV": 2229.527545258772
   },
   "rank_cap": 0,
   "rank_over_nk_nb": 0.8159722222222222
  },
  "26,14/rank3000": {
   "nb_window": 40,
   "rank": 3000,
   "a_band": 33,
   "window_anchored_at_Emin": true,
   "capacity_margin": 0.5208333333333334,
   "seconds": 39.992019176483154,
   "ongrid_max_deps_meV": 923.2935833150898,
   "ongrid_deps_per_Q_meV": {
    "+0.0000,+0.5000,+0.0000": 344.5401156587923,
    "+0.0000,+0.0000,+0.0000": 923.2935833150898,
    "+0.3333,+0.3333,+0.0000": 762.5878230547141
   },
   "min_transition_eV": [
    3.6543723662609953,
    1.3289275417716193,
    1.6007259829294826,
    3.5343287234970107,
    1.7940597985307478,
    1.4048007112883458,
    2.7948340611731286,
    0.848290991378531,
    1.0617122246084028,
    3.1855870521492777,
    1.3624727864698536,
    0.845071555216111,
    0.6519099057898425,
    2.9306795152022174,
    3.060686369499157,
    3.352838180856892,
    3.5531814127770343,
    1.2818978384834507,
    1.5238952944773894,
    3.625501559908698,
    1.600883071711164,
    0.999959245463634,
    0.7193268822547595,
    1.4165136126796711,
    3.322679359071007,
    1.1892203246081277,
    1.5262851631045011,
    1.5962962730097745,
    2.68157139659134,
    1.9510791485156362,
    0.7280960513072972,
    -0.31151214046357323,
    -0.2986087192352568,
    3.254509431879527,
    2.219518276087713,
    2.1607895872044858,
    1.165306745523802,
    0.5883744219449982,
    2.8704430959473974
   ],
   "M-Gamma": {
    "eps_d2_max_meV": 3759.466794259333,
    "eps_d2_mean_meV": 549.2418103400973,
    "mintrans_d2_max_meV": 3946.989093220299,
    "mintrans_d2_mean_meV": 1987.0178737956185
   },
   "Gamma-K": {
    "eps_d2_max_meV": 4245.419018842686,
    "eps_d2_mean_meV": 484.12282487914075,
    "mintrans_d2_max_meV": 4588.109306906598,
    "mintrans_d2_mean_meV": 1588.1270856710269
   },
   "rank_cap": 3000,
   "rank_over_nk_nb": 0.5208333333333334
  },
  "26,14/rank2000": {
   "nb_window": 40,
   "rank": 2000,
   "a_band": 33,
   "window_anchored_at_Emin": true,
   "capacity_margin": 0.3472222222222222,
   "seconds": 25.33962917327881,
   "ongrid_max_deps_meV": 1196.0582138463762,
   "ongrid_deps_per_Q_meV": {
    "+0.0000,+0.5000,+0.0000": 518.7295425305597,
    "+0.0000,+0.0000,+0.0000": 1196.0582138463762,
    "+0.3333,+0.3333,+0.0000": 1073.9531225240896
   },
   "min_transition_eV": [
    3.7984571805990344,
    1.6544930552635604,
    1.7144604919441597,
    3.5090302452151496,
    1.9105793366931598,
    1.5163174771473025,
    2.9178044905857403,
    2.3031441836456428,
    1.4697199539758274,
    3.5327235430584247,
    2.7961669516602177,
    0.9784359199525011,
    1.7078519764861282,
    2.9164795911225236,
    2.8751156219916867,
    3.3230438977005434,
    3.836195501626965,
    1.435813835909305,
    1.465242027875046,
    3.756288542470672,
    1.6229091293792948,
    1.1948076788454234,
    0.9577427601461728,
    2.166124715163002,
    3.481063828993541,
    1.7861332057156492,
    1.655675230127173,
    1.6924204550275428,
    2.5964246513722125,
    2.7413125130108846,
    1.4060010474030964,
    0.8425764454655763,
    0.5104317918194627,
    3.1577302592632046,
    2.3110955241192674,
    2.005549626266333,
    2.110237390011116,
    0.832090050912478,
    2.3938917476456223
   ],
   "M-Gamma": {
    "eps_d2_max_meV": 3789.4477584896645,
    "eps_d2_mean_meV": 510.00916813576333,
    "mintrans_d2_max_meV": 3393.02066179298,
    "mintrans_d2_mean_meV": 1765.5218554520457
   },
   "Gamma-K": {
    "eps_d2_max_meV": 5491.491139548007,
    "eps_d2_mean_meV": 443.8247053246429,
    "mintrans_d2_max_meV": 3493.933202587679,
    "mintrans_d2_mean_meV": 1330.3938066004723
   },
   "rank_cap": 2000,
   "rank_over_nk_nb": 0.3472222222222222
  },
  "26,14/rank1280": {
   "nb_window": 40,
   "rank": 1280,
   "a_band": 33,
   "window_anchored_at_Emin": true,
   "capacity_margin": 0.2222222222222222,
   "seconds": 18.699068784713745,
   "ongrid_max_deps_meV": 1199.6792550489274,
   "ongrid_deps_per_Q_meV": {
    "+0.0000,+0.5000,+0.0000": 723.3923272442547,
    "+0.0000,+0.0000,+0.0000": 1195.300045601309,
    "+0.3333,+0.3333,+0.0000": 1199.6792550489274
   },
   "min_transition_eV": [
    3.9557720523575264,
    2.293429436417909,
    2.4061976692426748,
    3.480300760544112,
    2.961813860245969,
    2.028541819298384,
    3.004985938925655,
    3.1080473985294494,
    3.2554135008563474,
    3.615732496532291,
    3.3457518579156664,
    1.3975633005659693,
    2.992166613168755,
    3.01615195446121,
    3.125857646164888,
    3.5735039868623897,
    3.9419762420291926,
    1.9653065917620163,
    2.2922953200335727,
    3.7981723219510286,
    3.3957129410293874,
    1.7969623425255536,
    1.8693428423137626,
    3.6492210160940055,
    3.655236687715025,
    3.0563459789064513,
    3.104883110893163,
    2.7520530086420187,
    2.7577130041011237,
    2.7309167016293143,
    2.0284163532868744,
    2.2379038708582537,
    2.923295795885276,
    3.2424471767740135,
    3.002876155352676,
    2.380812169558289,
    2.5830495089370755,
    2.369128825267579,
    2.280009638960928
   ],
   "M-Gamma": {
    "eps_d2_max_meV": 4051.348655704488,
    "eps_d2_mean_meV": 316.03694001348134,
    "mintrans_d2_max_meV": 3542.7918699524826,
    "mintrans_d2_mean_meV": 1196.4787907224095
   },
   "Gamma-K": {
    "eps_d2_max_meV": 3836.325686690046,
    "eps_d2_mean_meV": 283.0733095390538,
    "mintrans_d2_max_meV": 1773.8625021592234,
    "mintrans_d2_mean_meV": 729.4301899319554
   },
   "rank_cap": 1280,
   "rank_over_nk_nb": 0.2222222222222222
  },
  "26,14/rank800": {
   "nb_window": 40,
   "rank": 800,
   "a_band": 33,
   "window_anchored_at_Emin": true,
   "capacity_margin": 0.1388888888888889,
   "seconds": 17.19896411895752,
   "ongrid_max_deps_meV": 1218.9294636184186,
   "ongrid_deps_per_Q_meV": {
    "+0.0000,+0.5000,+0.0000": 777.5008225105012,
    "+0.0000,+0.0000,+0.0000": 1218.9294636184186,
    "+0.3333,+0.3333,+0.0000": 1218.635062721418
   },