{
 "n_occ": 26,
 "n_cond_bse": 8,
 "windows": {
  "26,14": {
   "nb_window": 40,
   "rank": 4700,
   "a_band": 33,
   "window_anchored_at_Emin": true,
   "capacity_margin": 0.8159722222222222,
   "seconds": 90.18667221069336,
   "ongrid_max_deps_meV": 311.2403174329304,
   "min_transition_eV": [
    3.6097030571047886,
    0.06798456996868155,
    0.18790148051285716,
    3.35227217204024,
    0.10620534699671173,
    0.19275766983949125,
    3.009681972094766,
    0.1377445943469241,
    0.2822643137069591,
    3.137300326035627,
    0.7333999519508119,
    0.5409748484045689,
    0.4056485962797355,
    3.1082450337709955,
    2.4277518223716945,
    3.2005220167597312,
    3.3652477953465243,
    -0.00988952543392971,
    -0.09896224927507836,
    3.6154979953118427,
    1.0749003260637373,
    -0.16361575251624275,
    -0.3785009956985648,
    0.25618792406501084,
    3.1674145003086145,
    0.06081489502046831,
    0.17531066605555579,
    0.03811982191325602,
    2.657531556302187,
    1.0295242229703256,
    0.47240733989195494,
    -0.822679066524687,
    -0.5703395506631168,
    2.6952247213405087,
    0.9691945373720191,
    1.055717080093247,
    0.8314167592214406,
    -0.12210650675397577,
    2.8957083337818945
   ],
   "M-Gamma": {
    "eps_d2_max_meV": 4783.914384163304,
    "eps_d2_mean_meV": 719.7692806425777,
    "mintrans_d2_max_meV": 6410.437516570912,
    "mintrans_d2_mean_meV": 3168.5913458786763
   },
   "Gamma-K": {
    "eps_d2_max_meV": 4784.785010859093,
    "eps_d2_mean_meV": 670.7987641999854,
    "mintrans_d2_max_meV": 6017.826181531749,
    "mintrans_d2_mean_meV": 2229.527545258772
   }
  },
  "14,14": {
   "nb_window": 28,
   "rank": 4032,
   "a_band": 21,
   "window_anchored_at_Emin": false,
   "capacity_margin": 1.0,
   "seconds": 58.976481676101685,
   "ongrid_max_deps_meV": 7.443357039787851,
   "min_transition_eV": [
    3.6048438579999855,
    3.5284383817054548,
    3.4092557413415183,
    3.270029502667647,
    3.1534085037097905,
    2.797259527773241,
    3.0609018129577956,
    3.077409704122437,
    2.1538122453623223,
    3.111822189286882,
    3.093018298111177,
    2.210062491485649,
    3.062487793881611,
    3.0664088240313254,
    2.0015886675070473,
    3.166937251624038,
    3.2480814595507823,
    3.330686366230754,
    3.398439111254016,
    3.4497997179999844,
    3.3691957329026327,
    2.2392479394383655,
    1.9153847500554961,
    3.23694883251637,
    3.2289572705815717,
    1.835317674728772,
    2.4154145842406742,
    2.88790091650132,
    2.8203406921238168,
    2.8071559318224657,
    2.471466346072752,
    2.945717834203619,
    3.144872114258425,
    3.227153855284513,
    3.2052038558525093,
    1.8448841652405492,
    1.111511253962431,
    2.966253094993,
    2.933759587001569
   ],
   "M-Gamma": {
    "eps_d2_max_meV": 3714.813709004604,
    "eps_d2_mean_meV": 319.64327376753766,
    "mintrans_d2_max_meV": 2230.168740641269,
    "mintrans_d2_mean_meV": 714.1257122686144
   },
   "Gamma-K": {
    "eps_d2_max_meV": 3808.7194910638073,
    "eps_d2_mean_meV": 341.78639283632464,
    "mintrans_d2_max_meV": 2588.1147523086875,
    "mintrans_d2_mean_meV": 942.2856902595717
   }
  }
 }
}