{
 "n_Q": 39,
 "n_branch": 8,
 "n_Q_GammaM": 20,
 "n_Q_GammaK": 20,
 "E1_Gamma_eV": 2.092053,
 "gap_direct_K_eV": 2.6356,
 "gap_indirect_eV": 2.5079,
 "binding_vs_direct_meV": 543.5470000000003,
 "binding_vs_indirect_meV": 415.84699999999987,
 "E1_min_GammaM_eV": 1.955182,
 "E1_min_GammaM_Q": [
  0.0,
  0.5,
  0.0
 ],
 "E1_min_GammaM_label": "M",
 "E1_min_GammaK_eV": 1.796604,
 "E1_min_GammaK_Q": [
  0.052632,
  0.052632,
  0.0
 ],
 "E1_min_GammaK_label": "(+0.053,+0.053)",
 "E1_min_eV": 1.796604,
 "E1_min_label": "(+0.053,+0.053)",
 "dispersion_Gamma_to_min_meV": 295.44899999999984,
 "bandwidth_E1_meV": 1087.622,
 "interp_vs_ongrid_max_dE1_meV": 0.026,
 "n_ongrid_rings": 4
}