{
 "collapsed_indices": [
  5,
  8,
  11,
  14,
  17,
  21,
  25,
  27,
  30,
  32,
  36
 ],
 "collapsed_Q": [
  [
   0.0,
   0.368421,
   0.0
  ],
  [
   0.0,
   0.289474,
   0.0
  ],
  [
   0.0,
   0.210526,
   0.0
  ],
  [
   0.0,
   0.131579,
   0.0
  ],
  [
   0.0,
   0.052632,
   0.0
  ],
  [
   0.035088,
   0.035088,
   0.0
  ],
  [
   0.105263,
   0.105263,
   0.0
  ],
  [
   0.140351,
   0.140351,
   0.0
  ],
  [
   0.192982,
   0.192982,
   0.0
  ],
  [
   0.22807,
   0.22807,
   0.0
  ],
  [
   0.298246,
   0.298246,
   0.0
  ]
 ],
 "collapsed_E1_eV": [
  2.040716,
  1.543652,
  1.462361,
  1.245419,
  1.779657,
  1.255503,
  1.879658,
  1.636823,
  1.658838,
  1.933523,
  1.338429
 ],
 "local_trend_eV": [
  2.206696,
  2.2733594999999998,
  2.282122,
  2.3112935,
  2.1864745,
  1.957475,
  2.1598685,
  2.013317,
  1.9901940000000002,
  2.1270905,
  2.0004875
 ],
 "drop_meV": [
  165.9799999999998,
  729.7074999999998,
  819.7610000000002,
  1065.8745000000001,
  406.81750000000005,
  701.9720000000001,
  280.2104999999999,
  376.49399999999986,
  331.3560000000002,
  193.56749999999988,
  662.0585000000001
 ],
 "n_collapsed": 11,
 "n_Q": 39,
 "n_offgrid": 37,
 "all_collapsed_are_offgrid": true,
 "clean_max_2nd_diff_meV": 820.6349999999998,
 "full_max_2nd_diff_meV": 2131.7490000000003
}