{
 "nq": 144,
 "nk": 144,
 "n_mu": 2412,
 "ngkmax": 8603,
 "zeta_cutoff_ry": 80.0,
 "sphere_max_k2_minus_cutoff": 0.0,
 "makeVq_vs_disk_max": 31.885408419780525,
 "makeVq_vs_disk_median": 29.714337862827776,
 "makeVq_vs_disk_argmax_q": 70,
 "per_q_relF": [
  20.233191142015542,
  15.897349283798903,
  25.097130865610342,
  28.09637617212535,
  29.78309643701636,
  28.743407300301875,
  27.97484867676338,
  28.743407072416083,
  29.783096782699815,
  28.096376169765517,
  25.097130973378057,
  15.897349363867868,
  15.897329427777484,
  23.611958750603538,
  28.696849088927458,
  29.714298804850802,
  29.932460109619687,
  28.65425866360443,
  28.65423674765935,
  29.93250166175427,
  29.71433972991126,
  28.69696093768578,
  23.61209823272296,
  15.897406046568003,
  25.09711011285711,
  28.6969106041299,
  30.551745714095947,
  31.88531739518685,
  30.216289254247176,
  29.675703627866802,
  30.216316856405435,
  31.885388502271187,
  30.551755807844625,
  28.696972759723717,
  25.097218124814777,
  23.61203608006627,
  28.09630151009848,
  29.714292554786983,
  31.885337583249484,
  31.02340754190971,
  30.081526606716174,
  30.08153957853608,
  31.023415578619232,
  31.885367743283908,
  29.714340682774054,
  28.096373670950225,
  28.696937437572526,
  28.69698670207526,
  29.78315109298068,
  29.932473205578553,
  30.216162179055587,
  30.081440976005972,
  29.91790140365674,
  30.08159120778439,
  30.216323858712883,
  29.932439676068878,
  29.783114308858956,
  29.714336314729096,
  30.55182834217566,
  29.714328686494643,
  28.74330639244266,
  28.65424992895375,
  29.675925624186473,
  30.081469343316297,
  30.081606498034322,
  29.675500052826017,
  28.654176258613628,
  28.743400655282624,
  29.932468692039183,
  31.88536710943718,
  31.885408419780525,
  29.932544553831832,
  27.974856392670887,
  28.654314062128098,
  30.216205758385232,
  31.023434459515645,
  30.216339558703375,
  28.654261815231234,
  27.974633240152407,
  28.654261723052276,
  30.216339454388805,
  31.023434284219228,
  30.216205511084354,
  28.654313950374572,
  28.743306737530474,
  29.932544625045594,
  31.885408324418126,
  31.885367042783972,
  29.932468780885287,
  28.743400684484886,
  28.65417632112514,
  29.675499892657374,
  30.081606173603394,
  30.08146919270329,
  29.67592555902012,
  28.65425007590451,
  29.783151307686794,
  29.71432888637793,
  30.55182830071531,
  29.714336224122388,
  29.78311420038366,
  29.932439663336343,
  30.21632393827199,
  30.081591028443516,
  29.917901278569325,
  30.08144078615722,
  30.216162351033084,
  29.932473498072095,
  28.096301430735526,
  28.696986646602973,
  28.696937375653626,
  28.096373480727067,
  29.714340752064988,
  31.885367394607183,
  31.023415728754934,
  30.081539456400378,
  30.081526611745808,
  31.023407597292014,
  31.88533746425019,
  29.714292845156507,
  25.097110088690307,
  23.612035974793834,
  25.097217950403927,
  28.696972563646433,
  30.55175568509494,
  31.885388655144133,
  30.21631693846782,
  29.67570371421978,
  30.21628896325196,
  31.88531736605591,
  30.551745933572153,
  28.696910682987497,
  15.897329395166844,
  15.897405908522572,
  23.612098034843356,
  28.696960796954148,
  29.714339410926453,
  29.93250163420946,
  28.654236871687715,
  28.654258599436695,
  29.932460204753035,
  29.714299028042383,
  28.696849128109402,
  23.61195883582031
 ],
 "tol": 5e-06,
 "PASS": false
}