{
 "nq": 144,
 "nk": 144,
 "n_mu": 2412,
 "ngkmax": 8603,
 "zeta_cutoff_ry": 80.0,
 "sphere_max_k2_minus_cutoff": 0.0,
 "makeVq_vs_disk_max": 1.165842653427258e-08,
 "makeVq_vs_disk_median": 5.154706059482708e-09,
 "makeVq_vs_disk_argmax_q": 91,
 "per_q_relF": [
  5.1632946727994436e-15,
  5.1547059618353865e-09,
  2.1418132146088007e-09,
  4.42319402513964e-15,
  5.773929384549182e-10,
  3.5958503424320336e-10,
  4.04522670625923e-15,
  6.97102319611608e-09,
  7.39755921702904e-09,
  7.366188455161947e-09,
  6.9832333023209235e-09,
  7.904346452949415e-09,
  5.15470635115397e-09,
  4.6235455071771124e-09,
  2.565912727044146e-10,
  4.888537756132689e-10,
  6.910963428310676e-10,
  1.6099662552425084e-10,
  1.609960623586428e-10,
  5.713614602995693e-10,
  4.888572093140441e-10,
  2.5658753043889164e-10,
  2.3130317711623737e-09,
  5.154706157130029e-09,
  2.141816000605518e-09,
  2.5658915418525357e-10,
  1.2762347084336003e-09,
  3.824393601628979e-10,
  1.4032998770090906e-10,
  4.1593789908493927e-10,
  1.403296240616988e-10,
  3.824408449231807e-10,
  6.514823688171407e-10,
  2.565888438750921e-10,
  2.141810649645344e-09,
  2.313030726814333e-09,
  4.307730648346356e-15,
  4.888550360184684e-10,
  3.824398601012172e-10,
  3.892796945125144e-15,
  2.3312954741213403e-10,
  2.3312953536365853e-10,
  3.892522325814561e-15,
  3.8243991578235007e-10,
  4.888570872594817e-10,
  4.311530618868914e-15,
  2.565911125514998e-10,
  2.5658808650635694e-10,
  5.773941523518646e-10,
  6.910972529973319e-10,
  1.403295513827428e-10,
  2.3312901948428083e-10,
  3.2929821428108156e-10,
  2.3312998049783525e-10,
  1.4032982955635128e-10,
  2.090394380448143e-10,
  5.773919648567609e-10,
  4.888558803508013e-10,
  6.514825508300296e-10,
  4.888572739987784e-10,
  3.595844376286361e-10,
  1.6099654595849156e-10,
  4.1593973478933997e-10,
  2.33129182949167e-10,
  2.3312999921677385e-10,
  2.2575476925360838e-10,
  1.6099593570692437e-10,
  3.5958480213144446e-10,
  2.0903877607251944e-10,
  3.824393865641495e-10,
  3.8244074922120656e-10,
  5.713620837973541e-10,
  3.657618537604444e-15,
  1.6099634153985378e-10,
  1.4032939631639155e-10,
  3.603246601297798e-15,
  1.4033013734681115e-10,
  1.609962692961536e-10,
  3.618554004935286e-15,
  7.210430760974467e-09,
  7.1743072541402985e-09,
  6.984241132607208e-09,
  7.840718650530917e-09,
  7.057956601421787e-09,
  7.549733869830623e-09,
  6.746372498440005e-09,
  7.815984580309212e-09,
  7.462694496496166e-09,
  6.808289861620388e-09,
  7.484187625235406e-09,
  7.122174365857748e-09,
  1.165842653427258e-08,
  9.075081096549459e-09,
  8.056349902294538e-09,
  8.738985114497229e-09,
  7.327407953330595e-09,
  7.491253676512597e-09,
  7.306580356789596e-09,
  7.330767517305346e-09,
  7.433160791740221e-09,
  7.1282276021327e-09,
  6.793615780330505e-09,
  7.306571507327515e-09,
  8.085338060203462e-09,
  7.444249207035902e-09,
  8.798760196356418e-09,
  7.883461163568233e-09,
  6.881423138556557e-09,
  7.055655752369139e-09,
  7.349796239922768e-09,
  6.582467614823033e-09,
  6.924952435375624e-09,
  8.500739516616388e-09,
  7.295904591032187e-09,
  7.2291849364181575e-09,
  8.150517446741202e-09,
  7.866749901571486e-09,
  7.331476682229787e-09,
  7.131919957795866e-09,
  7.241812375774961e-09,
  7.197993128405611e-09,
  7.777026192168074e-09,
  6.878791052931613e-09,
  7.283989750870324e-09,
  7.345092672830258e-09,
  7.177929748108367e-09,
  7.438227677389044e-09,
  1.1563251342652251e-08,
  7.7833963659203e-09,
  7.3114226072920115e-09,
  7.615657690117576e-09,
  6.848014992879412e-09,
  8.240710806924363e-09,
  8.538724952547604e-09,
  6.557387281521027e-09,
  7.261025015019289e-09,
  7.415279765515831e-09,
  6.773456881788191e-09,
  6.930439380989577e-09,
  7.09721099395635e-09,
  6.812907996945603e-09,
  8.690487611923787e-09,
  7.261088336714718e-09,
  8.570366686892242e-09
 ],
 "tol": 5e-06,
 "PASS": true
}