{
 "n_occ": 26,
 "n_cond_bse": 8,
 "windows": {
  "26,14/rank0": {
   "nb_window": 40,
   "rank": 1280,
   "a_band": 33,
   "window_anchored_at_Emin": true,
   "capacity_margin": 0.2222222222222222,
   "seconds": 16.061469554901123,
   "ongrid_max_deps_meV": 0.6349332877219279,
   "ongrid_deps_per_Q_meV": {
    "+0.0000,+0.5000,+0.0000": 0.4429132305420537,
    "+0.0000,+0.0000,+0.0000": 0.3489313780676048,
    "+0.3333,+0.3333,+0.0000": 0.6349332877219279
   },
   "min_transition_eV": [
    2.442018681280081,
    2.4374978533910667,
    2.42364151615341,
    2.400917698850139,
    2.3458801150766644,
    2.285852536823817,
    2.260252059210142,
    2.272719969682655,
    2.2872971066291763,
    2.251450100220604,
    2.2392130292831283,
    2.258951331977507,
    2.265303335808079,
    2.26499564900997,
    2.301342844486951,
    2.3665004002847736,
    2.446738367375446,
    2.5265365975665697,
    2.5953980542051105,
    2.6504149336438756,
    2.5640046972949406,
    2.497174798351358,
    2.4401319637056913,
    2.392526448295164,
    2.371027032673412,
    2.27885293211719,
    2.154385713004183,
    2.0556271262256485,
    1.9949057119888187,
    1.9868559133525396,
    2.0383118920101584,
    2.137377276788807,
    2.243725786218811,
    2.292148629457459,
    2.2383049827572385,
    2.134791861206824,
    2.018702540761274,
    1.929025826135522,
    1.892305574622254
   ],
   "M-Gamma": {
    "eps_d2_max_meV": 186.61372955889388,
    "eps_d2_mean_meV": 22.53252365730303,
    "mintrans_d2_max_meV": 50.42414335509313,
    "mintrans_d2_mean_meV": 20.107424947467848
   },
   "Gamma-K": {
    "eps_d2_max_meV": 185.31314419761657,
    "eps_d2_mean_meV": 27.557740820067846,
    "mintrans_d2_max_meV": 102.26648993886886,
    "mintrans_d2_mean_meV": 38.91673619829366
   },
   "rank_cap": 0,
   "rank_over_nk_nb": 0.2222222222222222
  }
 }
}