{
 "n_occ": 26,
 "n_cond_bse": 4,
 "windows": {
  "26,6/rank0": {
   "nb_window": 32,
   "rank": 4180,
   "a_band": 29,
   "window_anchored_at_Emin": true,
   "capacity_margin": 0.9071180555555556,
   "seconds": 70.60678339004517,
   "ongrid_max_deps_meV": 7.443367264581365,
   "ongrid_deps_per_Q_meV": {
    "+0.0000,+0.5000,+0.0000": 7.093613658447856,
    "+0.0000,+0.0000,+0.0000": 0.21403396140824654,
    "+0.3333,+0.3333,+0.0000": 7.443367264581365
   },
   "min_transition_eV": [
    3.6048438839779617,
    3.522632389044551,
    3.40079368480161,
    3.2685591033503867,
    3.1587583071689056,
    3.088395951467389,
    3.0619548653215016,
    3.0766027562129703,
    3.125043963733491,
    3.1328079748195323,
    3.0959242299898655,
    3.1003323918686494,
    3.0649058179144775,
    3.0657889415097497,
    3.1034747278963173,
    3.168351161449748,
    3.2474970759458732,
    3.3264644178634337,
    3.3948023017103957,
    3.449799734855205,
    3.3727737682260552,
    3.31811002275918,
    3.2736628006356314,
    3.238037175980786,
    3.227821107674142,
    3.1032921344477415,
    2.979234691146758,
    2.8805733120991173,
    2.818479759899257,
    2.808618515678853,
    2.8632130295134206,
    2.9785376428668124,
    3.1183531381572878,
    3.2174411787436523,
    3.2384511421568147,
    3.188230031070509,
    3.0809434392186024,
    2.978251866808269,
    2.9337596120840264
   ],
   "M-Gamma": {
    "eps_d2_max_meV": 198.45675628264829,
    "eps_d2_mean_meV": 25.566427835010128,
    "mintrans_d2_max_meV": 44.64775591570819,
    "mintrans_d2_mean_meV": 29.77063556570903
   },
   "Gamma-K": {
    "eps_d2_max_meV": 193.12475346176552,
    "eps_d2_mean_meV": 30.981516958104773,
    "mintrans_d2_max_meV": 114.31290491975676,
    "mintrans_d2_mean_meV": 41.96464977939916
   },
   "rank_cap": 0,
   "rank_over_nk_nb": 0.9071180555555556
  },
  "26,14/rank0": {
   "nb_window": 40,
   "rank": 4700,
   "a_band": 29,
   "window_anchored_at_Emin": true,
   "capacity_margin": 0.8159722222222222,
   "seconds": 80.32230114936829,
   "ongrid_max_deps_meV": 7.443737498509645,
   "ongrid_deps_per_Q_meV": {
    "+0.0000,+0.5000,+0.0000": 7.093559510140014,
    "+0.0000,+0.0000,+0.0000": 0.21406338630594643,
    "+0.3333,+0.3333,+0.0000": 7.443737498509645
   },
   "min_transition_eV": [
    3.6048444549529455,
    3.5333246690911886,
    3.4149730582261135,
    3.271023575030136,
    3.149394219977044,
    3.0787377020342173,
    3.0596264792113974,
    3.07939193253361,
    3.1271824385933096,
    3.1352562944432045,
    3.093134020245935,
    3.093118052719662,
    3.059874811473739,
    3.0675609775347747,
    3.1063276986354404,
    3.1689125824453956,
    3.2476403544444516,
    3.3280280841390484,
    3.3962804197947887,
    3.449799585259779,
    3.3677252178757437,
    3.313207629069291,
    3.2735004608385383,
    3.2403211676058143,
    3.2266801335305226,
    3.0999379757019474,
    2.9773762639128134,
    2.8840608601232174,
    2.8219089870851835,
    2.804309934359129,
    2.8562878913839262,
    2.984101566090609,
    3.134990639126206,
    3.222790097922404,
    3.2250779930632687,
    3.166211507341072,
    3.069389042123213,
    2.975952837007625,
    2.933759641937772
   ],
   "M-Gamma": {
    "eps_d2_max_meV": 186.20071891109606,
    "eps_d2_mean_meV": 23.814908440719154,
    "mintrans_d2_max_meV": 51.54529512000706,
    "mintrans_d2_mean_meV": 31.66197680042441
   },
   "Gamma-K": {
    "eps_d2_max_meV": 170.29630036451948,
    "eps_d2_mean_meV": 28.82857474161417,
    "mintrans_d2_max_meV": 113.1011237532829,
    "mintrans_d2_mean_meV": 42.305916462647765
   },
   "rank_cap": 0,
   "rank_over_nk_nb": 0.8159722222222222
  }
 }
}