{
 "dat": "runs/MoS2/09_mos2_exciton_smooth_2026-07-21/02_lorrax_exciton_smooth_40q/mos2_exciton_smooth.dat",
 "n_Q_path": 39,
 "n_extra": 0,
 "n_branch": 8,
 "iGamma": 19,
 "E1_Gamma_eV": 2.092053,
 "legs": {
  "Gamma-M": {
   "n_Q": 20,
   "E1_d2_max_meV": 2131.7490000000003,
   "E1_d2_mean_meV": 716.853888888889,
   "multiplet_d2_max_meV": 2131.7490000000003,
   "multiplet_d2_mean_meV": 508.2956875,
   "E1_min_eV": 1.245419,
   "E1_max_eV": 2.333041
  },
  "Gamma-K": {
   "n_Q": 20,
   "E1_d2_max_meV": 1403.944,
   "E1_d2_mean_meV": 568.8025555555555,
   "multiplet_d2_max_meV": 1442.271,
   "multiplet_d2_mean_meV": 426.4358541666667,
   "E1_min_eV": 1.255503,
   "E1_max_eV": 2.314111
  }
 }
}