{
 "dat": "runs/MoS2/10_mos2_exciton_anchored_2026-07-21/01_lorrax_exciton_anchored_40q/mos2_exciton_main.dat",
 "n_Q_path": 39,
 "n_extra": 2,
 "n_branch": 8,
 "iGamma": 19,
 "E1_Gamma_eV": 2.094357,
 "legs": {
  "Gamma-M": {
   "n_Q": 20,
   "E1_d2_max_meV": 63.33499999999992,
   "E1_d2_mean_meV": 19.90350000000011,
   "multiplet_d2_max_meV": 68.15999999999977,
   "multiplet_d2_mean_meV": 17.736090277777787,
   "E1_min_eV": 1.955183,
   "E1_max_eV": 2.336465
  },
  "Gamma-K": {
   "n_Q": 20,
   "E1_d2_max_meV": 101.67499999999974,
   "E1_d2_mean_meV": 33.51594444444445,
   "multiplet_d2_max_meV": 101.67499999999974,
   "multiplet_d2_mean_meV": 27.92117361111112,
   "E1_min_eV": 1.959772,
   "E1_max_eV": 2.315003
  }
 },
 "symmetry": [
  {
   "Q_extra": [
    0.184211,
    0.0,
    0.0
   ],
   "Q_path": [
    0.0,
    0.184211,
    0.0
   ],
   "dE1_meV": -0.5379999999997054,
   "dE_max_meV": 2.39099999999981
  },
  {
   "Q_extra": [
    0.342105,
    0.0,
    0.0
   ],
   "Q_path": [
    0.0,
    0.342105,
    0.0
   ],
   "dE1_meV": 0.06899999999987472,
   "dE_max_meV": 1.6199999999999548
  }
 ]
}