{
 "dat": "bse_multinode_2026-07-20/exciton_bands_16gpu_on.dat",
 "n_Q_path": 40,
 "n_extra": 0,
 "n_branch": 8,
 "iGamma": 0,
 "E1_Gamma_eV": 1.14146,
 "legs": {
  "seg0-15": {
   "n_Q": 16,
   "E1_d2_max_meV": 43.5209999999997,
   "E1_d2_mean_meV": 17.49014285714285,
   "multiplet_d2_max_meV": 54.033,
   "multiplet_d2_mean_meV": 17.86298214285716,
   "E1_min_eV": 1.14146,
   "E1_max_eV": 1.408541
  },
  "seg15-23": {
   "n_Q": 9,
   "E1_d2_max_meV": 49.24600000000012,
   "E1_d2_mean_meV": 30.113714285714316,
   "multiplet_d2_max_meV": 61.90300000000004,
   "multiplet_d2_mean_meV": 25.76898214285714,
   "E1_min_eV": 1.138183,
   "E1_max_eV": 1.334822
  },
  "seg23-39": {
   "n_Q": 17,
   "E1_d2_max_meV": 61.39400000000017,
   "E1_d2_mean_meV": 31.688600000000005,
   "multiplet_d2_max_meV": 85.93200000000012,
   "multiplet_d2_mean_meV": 27.558216666666674,
   "E1_min_eV": 1.138183,
   "E1_max_eV": 1.366061
  }
 }
}