# Generated by LORRAX unknown at 2026-07-21 04:44:03 UTC
  0.000000000  0.000000000  0.000000000     100
       1       1  -65.484467018   -7.035737858
       1       2  -65.484467018   -7.033295412
       1       3  -42.100571074  -64.832724496
       1       4  -42.100571074  -64.863354021
       1       5  -39.580048907  -68.427919571
       1       6  -39.580048907  -68.511488512
       1       7  -39.404856500  -48.947240806
       1       8  -39.404856500  -48.945455261
       1       9  -19.386942795  -18.967465594
       1      10  -19.386942795  -18.955388387
       1      11  -18.188235500  -22.467648753
       1      12  -18.188235500  -22.407752678
       1      13  -10.891408280    6.335123593
       1      14  -10.891408280    6.404328472
       1      15   -7.880918703   -6.664177373
       1      16   -7.880918703   -6.657020881
       1      17   -7.821580623   -6.800202227
       1      18   -7.821580623   -6.804975115
       1      19   -7.130428248   -5.985804106
       1      20   -7.130428248   -5.930660567
       1      21   -6.799255100  -12.119957672
       1      22   -6.799255100  -12.116970932
       1      23   -6.718284858  -12.234995016
       1      24   -6.718284858  -12.201233338
       1      25   -5.398968461   48.128223825
       1      26   -5.398968461   48.078626996
       1      27   -2.591354807    0.434546103
       1      28   -2.591354807    0.440031048
       1      29   -2.515375113    0.244547961
       1      30   -2.515375113    0.244099234
       1      31   -2.347811089   -4.430315554
       1      32   -2.347811089   -4.430141367
       1      33   -2.339587732   -4.336304592
       1      34   -2.339587732   -4.338818888
       1      35    1.083633196    1.406686623
       1      36    1.083633196    1.419586426
       1      37    3.734849865    7.744947658
       1      38    3.734849865    7.756769933
       1      39    3.946919000   -2.956145289
       1      40    3.946919000   -2.937366867
       1      41    4.785055122   15.461935294
       1      42    4.785055122   15.458792817
       1      43    5.503172052    6.967439634
       1      44    5.503172052    6.967378036
       1      45    5.579950066    7.096834233
       1      46    5.579950066    7.096329409
       1      47    7.479929784   12.259252558
       1      48    7.479929784   12.261327881
       1      49    7.497362935   12.554080607
       1      50    7.497362935   12.550091065
       1      51    7.654691784   -0.907359036
       1      52    7.654691784   -0.906800119
       1      53   10.761649208   11.050169203
       1      54   10.761649208   11.053843747
       1      55   10.776235974   11.114540412
       1      56   10.776235974   11.134381288
       1      57   10.850507044   16.287026830
       1      58   10.850507044   16.287082203
       1      59   11.100026503   14.325749837
       1      60   11.100026503   14.329834492
       1      61   11.106967549   14.440752623
       1      62   11.106967549   14.442022054
       1      63   11.233375487   82.503416626
       1      64   11.233375487   82.495516037
       1      65   14.035511446  142.185925381
       1      66   14.035511446  142.194019895
       1      67   14.277796832  108.389314386
       1      68   14.277796832  108.384685716
       1      69   14.661947245  108.889420952
       1      70   14.661947245  108.896006633
       1      71   16.071642721  208.248123455
       1      72   16.071642721  208.252331792
       1      73   18.061620554   19.162111424
       1      74   18.061620554   19.161878201
       1      75   18.238654235   18.676838873
       1      76   18.238654235   18.676371029
       1      77   20.596832559   78.691431588
       1      78   20.596832559   78.699774682
       1      79   20.823269636   13.785411786
       1      80   20.823269636   13.784046740
       1      81   20.838623102   13.723166250
       1      82   20.838623102   13.723613584
       1      83   21.148650506  203.481403683
       1      84   21.148650506  203.476781005
       1      85   21.801451426   95.750182653
       1      86   21.801451426   95.759824199
       1      87   22.264416348   34.289201169
       1      88   22.264416348   34.301578020
       1      89   22.311075289   33.923833336
       1      90   22.311075289   33.914197056
       1      91   22.988315852   55.667089988
       1      92   22.988315852   55.669902949
       1      93   23.435677727   38.409624141
       1      94   23.435677727   38.409444849
       1      95   23.447354607   38.397572952
       1      96   23.447354607   38.398718931
       1      97   24.078747747   30.359203079
       1      98   24.078747747   30.360509016
       1      99   24.087456174   60.082188076
       1     100   24.087456174   60.084049713
  0.000000000  0.166666667  0.000000000     100
       1       1  -65.465979595  -17.935528316
       1       2  -65.465979595  -18.008530072
       1       3  -42.126170772  -72.398085949
       1       4  -42.126170730  -71.789877204
       1       5  -39.593525639  -81.272193697
       1       6  -39.593525613  -80.950309848
       1       7  -39.464893506  -49.717600802
       1       8  -39.464893424  -48.737925037
       1       9  -18.989632684  -23.971803967
       1      10  -18.989632677  -23.998118142
       1      11  -18.014212873  -26.089273083
       1      12  -18.014212871  -26.067625186
       1      13  -10.482476696    6.244457437
       1      14  -10.482476624    6.198577610
       1      15   -8.606804429   -6.065817568
       1      16   -8.606804196   -6.000098136
       1      17   -8.256218114   -3.663929124
       1      18   -8.256218017   -4.085806305
       1      19   -7.436880538   -5.704788886
       1      20   -7.436880359   -5.706184581
       1      21   -7.317413940   -7.767703089
       1      22   -7.317413788   -7.186525282
       1      23   -6.409757166  -12.118742958
       1      24   -6.409757075  -11.978122580
       1      25   -5.682865229   41.342793795
       1      26   -5.682865187   41.468081408
       1      27   -3.039484302  -16.963175852
       1      28   -3.039482339  -16.985342010
       1      29   -2.737502329   -5.962118133
       1      30   -2.737499333   -6.265833797
       1      31   -2.697296316   -7.566511586
       1      32   -2.697295121   -7.271823531
       1      33   -1.968037915   -2.557927364
       1      34   -1.968037351   -2.179725394
       1      35    2.575037301    4.062140423
       1      36    2.575037549    4.041169064
       1      37    4.137793295    4.336366067
       1      38    4.137793317    4.352175261
       1      39    4.498560250   10.671741248
       1      40    4.498560262   10.645557110
       1      41    5.011368086   -1.676022480
       1      42    5.011368808   -1.771153545
       1      43    5.208689602   11.637232652
       1      44    5.208689672   11.638548771
       1      45    6.274230282   11.786924135
       1      46    6.274230341   11.784815850
       1      47    6.755121107    7.051316207
       1      48    6.755121641    7.056469587
       1      49    7.214025909   -1.166181843
       1      50    7.214026164   -1.106836716
       1      51    7.784806028   14.819755448
       1      52    7.784806030   14.824112865
       1      53    9.124082385   17.923352848
       1      54    9.124082398   17.911578960
       1      55    9.888660226   10.333368197
       1      56    9.888660452   10.090743162
       1      57   10.280456188   24.349189213
       1      58   10.280456501   24.119667490
       1      59   11.412538595   17.897829653
       1      60   11.412538642   17.888987284
       1      61   12.579023040   99.322568777
       1      62   12.579023179   99.304484970
       1      63   13.626950851   41.403461399
       1      64   13.626950864   41.400782752
       1      65   15.232395716  151.543553290
       1      66   15.232395772  151.567759408
       1      67   15.261278422  128.423700317
       1      68   15.261278542  128.470732638
       1      69   16.200358173  185.602229926
       1      70   16.200358290  185.595181749
       1      71   16.815709560   26.104029515
       1      72   16.815709599   26.120871787
       1      73   17.301583769   35.398348620
       1      74   17.301583988   35.380083458
       1      75   17.627891333   35.549349717
       1      76   17.627892701   35.593613367
       1      77   18.613617304   48.474740150
       1      78   18.613618630   48.494663971
       1      79   18.800906590   21.140068245
       1      80   18.800906623   21.118782703
       1      81   19.943884695   24.650469784
       1      82   19.943885032   24.493879979
       1      83   20.086112991   23.879090756
       1      84   20.086113079   23.878884097
       1      85   21.051087737   50.155280952
       1      86   21.051087841   50.149878415
       1      87   21.767447340  244.796149500
       1      88   21.767447352  244.787510798
       1      89   21.956551913   57.134695210
       1      90   21.956552494   57.150102373
       1      91   22.406962005   98.564842149
       1      92   22.406962615   98.563647089
       1      93   24.302512594   69.422515630
       1      94   24.302513047   69.312102253
       1      95   24.837758767   58.547182049
       1      96   24.837758832   58.638878060
       1      97   24.923414491   35.527110889
       1      98   24.923414618   35.634389343
       1      99   25.307741345   46.811761945
       1     100   25.307741374   46.875427762
  0.000000000  0.333333333  0.000000000     100
       1       1  -65.505203795  -11.328432930
       1       2  -65.505203795  -11.304613534
       1       3  -42.186763024  -62.337684760
       1       4  -42.186762979  -61.571845471
       1       5  -39.675142630  -58.409509843
       1       6  -39.675142600  -58.035233032
       1       7  -39.538430143  -57.732065075
       1       8  -39.538430113  -57.326167780
       1       9  -18.072900613  -25.928772185
       1      10  -18.072900609  -25.980193311
       1      11  -17.618195646  -23.975803927
       1      12  -17.618195643  -23.980068336
       1      13  -10.544596135   -9.632953116
       1      14  -10.544596081   -9.709023246
       1      15   -9.558853047   -6.809605388
       1      16   -9.558852990   -6.976125183
       1      17   -9.179238839   -3.299383837
       1      18   -9.179238777   -3.241770704
       1      19   -8.134604909   -6.156728683
       1      20   -8.134604786   -6.333756693
       1      21   -7.026313832   -8.289425622
       1      22   -7.026313823   -8.334209354
       1      23   -6.612780753   -6.223965575
       1      24   -6.612777669   -5.430782970
       1      25   -6.332732225   21.601570539
       1      26   -6.332728813   22.398948731
       1      27   -3.126290618  -10.321316387
       1      28   -3.126289082  -10.914326047
       1      29   -2.998805949  -69.724186993
       1      30   -2.998804058  -70.474034924
       1      31   -1.891624780  -11.485037750
       1      32   -1.891623988  -11.095905766
       1      33   -1.279018129   -3.590893867
       1      34   -1.279017286   -3.257489693
       1      35    2.651931124   -3.797239302
       1      36    2.651931369   -3.791898168
       1      37    2.909043211    9.527517398
       1      38    2.909043267    9.527375110
       1      39    3.282129057   -2.753770409
       1      40    3.282129684   -2.706412382
       1      41    5.167172640    6.140730169
       1      42    5.167172689    6.157578547
       1      43    5.582657104  -13.677388623
       1      44    5.582657748  -13.700922477
       1      45    7.149571102    6.005314402
       1      46    7.149571383    6.029863297
       1      47    7.620487763   13.955064869
       1      48    7.620487764   13.974549423
       1      49    7.714046141    8.124314251
       1      50    7.714046291    7.926988770
       1      51    9.159371518   14.282565165
       1      52    9.159371546   14.288808472
       1      53    9.701628342   26.685289814
       1      54    9.701628911   26.763371668
       1      55   10.083472123   14.156995911
       1      56   10.083472692   14.152781355
       1      57   10.160901154   18.346259594
       1      58   10.160901367   18.309048687
       1      59   12.372283233   13.306676811
       1      60   12.372283268   13.251966662
       1      61   13.551373675   33.091261487
       1      62   13.551373702   33.089967391
       1      63   13.877358627   49.073010211
       1      64   13.877358988   49.083231679
       1      65   14.834140776  113.603222119
       1      66   14.834140927  113.614294425
       1      67   15.592301124   83.120439072
       1      68   15.592301204   83.098609822
       1      69   16.262754654   20.146395849
       1      70   16.262754966   20.252320380
       1      71   17.047681299   25.808550199
       1      72   17.047681694   25.762289184
       1      73   17.205226971   81.150857540
       1      74   17.205226983   81.134864510
       1      75   17.670258985  268.681973533
       1      76   17.670259066  268.685160848
       1      77   19.471029494   79.335489338
       1      78   19.471029506   79.338775798
       1      79   19.564072676   59.754490451
       1      80   19.564072862   59.772580062
       1      81   19.767089376   28.818961295
       1      82   19.767089497   28.835012502
       1      83   20.779961825  138.196987205
       1      84   20.779961836  138.203116233
       1      85   21.104209765   33.062473437
       1      86   21.104211638   33.222975521
       1      87   21.222134802   67.519155792
       1      88   21.222137330   67.665570846
       1      89   22.748407112  100.520757310
       1      90   22.748408035  100.603123114
       1      91   22.758949663  160.157190627
       1      92   22.758951359  160.312383653
       1      93   22.917922717   47.485922723
       1      94   22.917925838   47.816561168
       1      95   22.949453293  108.941625417
       1      96   22.949453460  108.816187221
       1      97   24.063734341   67.855419172
       1      98   24.063735850   67.803896168
       1      99   24.084716971  115.715133874
       1     100   24.084717835  115.685295859
  0.000000000  0.500000000  0.000000000     100
       1       1  -65.500819219  -43.344293492
       1       2  -65.500819219  -43.485093501
       1       3  -42.217310190  -74.367391759
       1       4  -42.217310190  -74.514977070
       1       5  -39.734210890  -65.985401592
       1       6  -39.734210890  -65.948881256
       1       7  -39.546668002  -76.952142158
       1       8  -39.546668002  -76.832405566
       1       9  -17.504561173  -25.384958054
       1      10  -17.504561173  -25.398372512
       1      11  -17.384381930  -20.252462550
       1      12  -17.384381930  -20.263804787
       1      13  -11.087342648  -14.711522211
       1      14  -11.087342648  -14.711523063
       1      15  -10.190433305  -13.882799371
       1      16  -10.190433305  -13.897662684
       1      17   -9.410898390    0.157346756
       1      18   -9.410898390    0.178832223
       1      19   -8.452992724   -8.757863189
       1      20   -8.452992724   -8.727275340
       1      21   -7.297423504   -8.972396605
       1      22   -7.297423504   -8.941697816
       1      23   -6.243180733   -8.717438895
       1      24   -6.243180733   -8.727171773
       1      25   -5.976810295   15.614898192
       1      26   -5.976810295   15.761248740
       1      27   -3.055308921    0.227157598
       1      28   -3.055308921    0.223958575
       1      29   -2.541875443 -111.105961440
       1      30   -2.541875443 -110.322924879
       1      31   -1.458357667   -1.642000157
       1      32   -1.458357667   -1.712138634
       1      33   -1.066725780   -3.783478295
       1      34   -1.066725780   -3.738846617
       1      35    1.125877351   -7.850718959
       1      36    1.125877351   -7.951870477
       1      37    2.577522145   10.882736129
       1      38    2.577522145   10.918834305
       1      39    3.216075828  -10.391770388
       1      40    3.216075828  -10.236555207
       1      41    4.435329697    3.334370943
       1      42    4.435329697    3.301073088
       1      43    4.984520431   -1.814495466
       1      44    4.984520431   -1.764920076
       1      45    6.011774952    3.772126604
       1      46    6.011774952    3.759576018
       1      47    8.328523841   13.694410074
       1      48    8.328523841   13.695366283
       1      49    9.001866205    8.938866183
       1      50    9.001866205    8.967278138
       1      51   10.392903545   20.310202271
       1      52   10.392903545   20.332892261
       1      53   10.404015757   14.922933275
       1      54   10.404015757   14.901703510
       1      55   11.851112921   25.355167401
       1      56   11.851112921   25.348735860
       1      57   12.074723761   14.638064512
       1      58   12.074723761   14.637617222
       1      59   12.784646266   16.219662947
       1      60   12.784646266   16.220398268
       1      61   13.416472444   34.840295075
       1      62   13.416472444   34.871234941
       1      63   14.106289108   49.673235134
       1      64   14.106289108   49.695594929
       1      65   14.592479964   30.549137835
       1      66   14.592479964   30.507885841
       1      67   15.006387328   54.737039023
       1      68   15.006387328   54.758789424
       1      69   15.654728893   22.741522903
       1      70   15.654728893   22.743878103
       1      71   16.398696825   48.241836919
       1      72   16.398696825   48.270679408
       1      73   16.419681348   48.671722067
       1      74   16.419681348   48.658343105
       1      75   18.887446861  107.474966444
       1      76   18.887446861  107.458432384
       1      77   18.937881548   24.013686617
       1      78   18.937881548   24.012164291
       1      79   19.532494834  300.128274282
       1      80   19.532494834  300.129799328
       1      81   19.790939657   30.107548940
       1      82   19.790939657   30.085621461
       1      83   19.854082974  291.593755583
       1      84   19.854082974  291.629640513
       1      85   20.240131056   33.296211366
       1      86   20.240131056   33.291782087
       1      87   20.890365137  220.942641968
       1      88   20.890365137  220.926213317
       1      89   21.657673016  191.745398539
       1      90   21.657673016  191.745603952
       1      91   22.354607981   47.078070003
       1      92   22.354607981   47.076944379
       1      93   22.450991387   73.243402343
       1      94   22.450991387   73.264639526
       1      95   22.731816386  111.981451804
       1      96   22.731816386  111.975102784
       1      97   23.816697748  104.467164994
       1      98   23.816697748  104.452235641
       1      99   25.030295494   96.193163001
       1     100   25.030295494   96.165093967
  0.000000000  0.666666667  0.000000000     100
       1       1  -65.505203795  -11.328432930
       1       2  -65.505203795  -11.304613534
       1       3  -42.186763024  -62.337684760
       1       4  -42.186762979  -61.571845471
       1       5  -39.675142630  -58.409509843
       1       6  -39.675142600  -58.035233032
       1       7  -39.538430143  -57.732065075
       1       8  -39.538430113  -57.326167780
       1       9  -18.072900613  -25.928772185
       1      10  -18.072900609  -25.980193311
       1      11  -17.618195646  -23.975803927
       1      12  -17.618195643  -23.980068336
       1      13  -10.544596135   -9.632953116
       1      14  -10.544596081   -9.709023246
       1      15   -9.558853047   -6.809605388
       1      16   -9.558852990   -6.976125183
       1      17   -9.179238839   -3.299383837
       1      18   -9.179238777   -3.241770704
       1      19   -8.134604909   -6.156728683
       1      20   -8.134604786   -6.333756693
       1      21   -7.026313832   -8.289425622
       1      22   -7.026313823   -8.334209354
       1      23   -6.612780753   -6.223965575
       1      24   -6.612777669   -5.430782970
       1      25   -6.332732225   21.601570539
       1      26   -6.332728813   22.398948731
       1      27   -3.126290618  -10.321316387
       1      28   -3.126289082  -10.914326047
       1      29   -2.998805949  -69.724186993
       1      30   -2.998804058  -70.474034924
       1      31   -1.891624780  -11.485037750
       1      32   -1.891623988  -11.095905766
       1      33   -1.279018129   -3.590893867
       1      34   -1.279017286   -3.257489693
       1      35    2.651931124   -3.797239302
       1      36    2.651931369   -3.791898168
       1      37    2.909043211    9.527517398
       1      38    2.909043267    9.527375110
       1      39    3.282129057   -2.753770409
       1      40    3.282129684   -2.706412382
       1      41    5.167172640    6.140730169
       1      42    5.167172689    6.157578547
       1      43    5.582657104  -13.677388623
       1      44    5.582657748  -13.700922477
       1      45    7.149571102    6.005314402
       1      46    7.149571383    6.029863297
       1      47    7.620487763   13.955064869
       1      48    7.620487764   13.974549423
       1      49    7.714046141    8.124314251
       1      50    7.714046291    7.926988770
       1      51    9.159371518   14.282565165
       1      52    9.159371546   14.288808472
       1      53    9.701628342   26.685289814
       1      54    9.701628911   26.763371668
       1      55   10.083472123   14.156995911
       1      56   10.083472692   14.152781355
       1      57   10.160901154   18.346259594
       1      58   10.160901367   18.309048687
       1      59   12.372283233   13.306676811
       1      60   12.372283268   13.251966662
       1      61   13.551373675   33.091261487
       1      62   13.551373702   33.089967391
       1      63   13.877358627   49.073010211
       1      64   13.877358988   49.083231679
       1      65   14.834140776  113.603222119
       1      66   14.834140927  113.614294425
       1      67   15.592301124   83.120439072
       1      68   15.592301204   83.098609822
       1      69   16.262754654   20.146395849
       1      70   16.262754966   20.252320380
       1      71   17.047681299   25.808550199
       1      72   17.047681694   25.762289184
       1      73   17.205226971   81.150857540
       1      74   17.205226983   81.134864510
       1      75   17.670258985  268.681973533
       1      76   17.670259066  268.685160848
       1      77   19.471029494   79.335489338
       1      78   19.471029506   79.338775798
       1      79   19.564072676   59.754490451
       1      80   19.564072862   59.772580062
       1      81   19.767089376   28.818961295
       1      82   19.767089497   28.835012502
       1      83   20.779961825  138.196987205
       1      84   20.779961836  138.203116233
       1      85   21.104209765   33.062473437
       1      86   21.104211638   33.222975521
       1      87   21.222134802   67.519155792
       1      88   21.222137330   67.665570846
       1      89   22.748407112  100.520757310
       1      90   22.748408035  100.603123114
       1      91   22.758949663  160.157190627
       1      92   22.758951359  160.312383653
       1      93   22.917922717   47.485922723
       1      94   22.917925838   47.816561168
       1      95   22.949453293  108.941625417
       1      96   22.949453460  108.816187221
       1      97   24.063734341   67.855419172
       1      98   24.063735850   67.803896168
       1      99   24.084716971  115.715133874
       1     100   24.084717835  115.685295859
  0.000000000  0.833333333  0.000000000     100
       1       1  -65.465979595  -17.935528316
       1       2  -65.465979595  -18.008530072
       1       3  -42.126170772  -72.398085949
       1       4  -42.126170730  -71.789877204
       1       5  -39.593525639  -81.272193697
       1       6  -39.593525613  -80.950309848
       1       7  -39.464893506  -49.717600802
       1       8  -39.464893424  -48.737925037
       1       9  -18.989632684  -23.971803967
       1      10  -18.989632677  -23.998118142
       1      11  -18.014212873  -26.089273083
       1      12  -18.014212871  -26.067625186
       1      13  -10.482476696    6.244457437
       1      14  -10.482476624    6.198577610
       1      15   -8.606804429   -6.065817568
       1      16   -8.606804196   -6.000098136
       1      17   -8.256218114   -3.663929124
       1      18   -8.256218017   -4.085806305
       1      19   -7.436880538   -5.704788886
       1      20   -7.436880359   -5.706184581
       1      21   -7.317413940   -7.767703089
       1      22   -7.317413788   -7.186525282
       1      23   -6.409757166  -12.118742958
       1      24   -6.409757075  -11.978122580
       1      25   -5.682865229   41.342793795
       1      26   -5.682865187   41.468081408
       1      27   -3.039484302  -16.963175852
       1      28   -3.039482339  -16.985342010
       1      29   -2.737502329   -5.962118133
       1      30   -2.737499333   -6.265833797
       1      31   -2.697296316   -7.566511586
       1      32   -2.697295121   -7.271823531
       1      33   -1.968037915   -2.557927364
       1      34   -1.968037351   -2.179725394
       1      35    2.575037301    4.062140423
       1      36    2.575037549    4.041169064
       1      37    4.137793295    4.336366067
       1      38    4.137793317    4.352175261
       1      39    4.498560250   10.671741248
       1      40    4.498560262   10.645557110
       1      41    5.011368086   -1.676022480
       1      42    5.011368808   -1.771153545
       1      43    5.208689602   11.637232652
       1      44    5.208689672   11.638548771
       1      45    6.274230282   11.786924135
       1      46    6.274230341   11.784815850
       1      47    6.755121107    7.051316207
       1      48    6.755121641    7.056469587
       1      49    7.214025909   -1.166181843
       1      50    7.214026164   -1.106836716
       1      51    7.784806028   14.819755448
       1      52    7.784806030   14.824112865
       1      53    9.124082385   17.923352848
       1      54    9.124082398   17.911578960
       1      55    9.888660226   10.333368197
       1      56    9.888660452   10.090743162
       1      57   10.280456188   24.349189213
       1      58   10.280456501   24.119667490
       1      59   11.412538595   17.897829653
       1      60   11.412538642   17.888987284
       1      61   12.579023040   99.322568777
       1      62   12.579023179   99.304484970
       1      63   13.626950851   41.403461399
       1      64   13.626950864   41.400782752
       1      65   15.232395716  151.543553290
       1      66   15.232395772  151.567759408
       1      67   15.261278422  128.423700317
       1      68   15.261278542  128.470732638
       1      69   16.200358173  185.602229926
       1      70   16.200358290  185.595181749
       1      71   16.815709560   26.104029515
       1      72   16.815709599   26.120871787
       1      73   17.301583769   35.398348620
       1      74   17.301583988   35.380083458
       1      75   17.627891333   35.549349717
       1      76   17.627892701   35.593613367
       1      77   18.613617304   48.474740150
       1      78   18.613618630   48.494663971
       1      79   18.800906590   21.140068245
       1      80   18.800906623   21.118782703
       1      81   19.943884695   24.650469784
       1      82   19.943885032   24.493879979
       1      83   20.086112991   23.879090756
       1      84   20.086113079   23.878884097
       1      85   21.051087737   50.155280952
       1      86   21.051087841   50.149878415
       1      87   21.767447340  244.796149500
       1      88   21.767447352  244.787510798
       1      89   21.956551913   57.134695210
       1      90   21.956552494   57.150102373
       1      91   22.406962005   98.564842149
       1      92   22.406962615   98.563647089
       1      93   24.302512594   69.422515630
       1      94   24.302513047   69.312102253
       1      95   24.837758767   58.547182049
       1      96   24.837758832   58.638878060
       1      97   24.923414491   35.527110889
       1      98   24.923414618   35.634389343
       1      99   25.307741345   46.811761945
       1     100   25.307741374   46.875427762
  0.166666667  0.000000000  0.000000000     100
       1       1  -65.465979682  -32.907143511
       1       2  -65.465979682  -32.542016815
       1       3  -42.126170675  -69.644062567
       1       4  -42.126170673  -69.648194651
       1       5  -39.593525857  -77.908153449
       1       6  -39.593525856  -77.765073902
       1       7  -39.464892955  -48.676828398
       1       8  -39.464892954  -48.715937493
       1       9  -18.989633417  -22.298609073
       1      10  -18.989633367  -22.295527178
       1      11  -18.014213485  -22.989009066
       1      12  -18.014213480  -22.984957945
       1      13  -10.482477216   10.272826849
       1      14  -10.482477174   10.154560063
       1      15   -8.606809808   -6.414474502
       1      16   -8.606809638   -6.416044574
       1      17   -8.256219752   -3.177411889
       1      18   -8.256219555   -3.249722681
       1      19   -7.436873156   -7.300482107
       1      20   -7.436872986   -7.299691067
       1      21   -7.317408711   -8.391442119
       1      22   -7.317408656   -8.561749717
       1      23   -6.409759282   -8.858125277
       1      24   -6.409759264   -8.798200606
       1      25   -5.682866733   29.937964557
       1      26   -5.682866656   30.231458526
       1      27   -3.039488288  -23.169955178
       1      28   -3.039486540  -23.197595932
       1      29   -2.737498654   -6.938591857
       1      30   -2.737495895   -7.056260045
       1      31   -2.697294882   -9.451175169
       1      32   -2.697293754   -9.398791398
       1      33   -1.968034012   -2.542298534
       1      34   -1.968033642   -2.433676195
       1      35    2.575037673    1.965263749
       1      36    2.575038051    1.950301108
       1      37    4.137791616   -0.961855836
       1      38    4.137791642   -1.028042994
       1      39    4.498557148   11.434259307
       1      40    4.498557153   11.347429664
       1      41    5.011362468  -10.378632013
       1      42    5.011363285  -10.137616544
       1      43    5.208688709   10.085136512
       1      44    5.208688768   10.122441241
       1      45    6.274227824    8.446062752
       1      46    6.274227863    8.532931099
       1      47    6.755130638    6.891625720
       1      48    6.755131033    6.881464231
       1      49    7.214021645   -9.125088855
       1      50    7.214021899   -9.307006229
       1      51    7.784817077   14.050587645
       1      52    7.784817108   14.043877822
       1      53    9.124079809   17.122950048
       1      54    9.124079875   17.162268377
       1      55    9.888666613   11.972980291
       1      56    9.888667418   12.596510273
       1      57   10.280450774   17.990571490
       1      58   10.280451378   18.661722264
       1      59   11.412545330   17.189593294
       1      60   11.412545401   17.116371557
       1      61   12.579019596   99.239877778
       1      62   12.579019740   99.243856604
       1      63   13.626942959   41.131963551
       1      64   13.626942961   41.127720313
       1      65   15.232392446  152.614050043
       1      66   15.232392478  152.665234441
       1      67   15.261275488  125.308635993
       1      68   15.261275582  125.274597676
       1      69   16.200358583  185.527672545
       1      70   16.200358690  185.526606408
       1      71   16.815706575   24.947976547
       1      72   16.815706587   24.950789700
       1      73   17.301572764   36.842282557
       1      74   17.301573107   36.885624235
       1      75   17.627879432   31.923167573
       1      76   17.627881233   32.099327638
       1      77   18.613611057   38.801190204
       1      78   18.613613704   38.953753739
       1      79   18.800913256   21.930428849
       1      80   18.800914429   22.144880758
       1      81   19.943900257   24.849430068
       1      82   19.943900575   24.858381625
       1      83   20.086127036   23.088392360
       1      84   20.086127091   23.066140335
       1      85   21.051088471   49.545189328
       1      86   21.051088535   49.550557318
       1      87   21.767445912  245.855163832
       1      88   21.767445923  245.822769607
       1      89   21.956554249   56.791575367
       1      90   21.956554554   56.731367243
       1      91   22.406956963   97.498967038
       1      92   22.406957233   97.460906587
       1      93   24.302513342   67.282357029
       1      94   24.302513664   67.298241812
       1      95   24.837749197   56.679654725
       1      96   24.837749616   57.122642618
       1      97   24.923426585   35.092007404
       1      98   24.923426970   35.578476537
       1      99   25.307750076   47.383863159
       1     100   25.307750124   47.387212762
  0.166666667  0.166666667  0.000000000     100
       1       1  -65.453769976  -34.522464467
       1       2  -65.453768172  -34.331919830
       1       3  -42.170480311  -75.139570389
       1       4  -42.163240145  -75.510221908
       1       5  -39.636360970  -75.204811996
       1       6  -39.634236205  -79.222985137
       1       7  -39.534289535  -64.345225725
       1       8  -39.525879699  -60.315387746
       1       9  -18.334011870  -25.228734117
       1      10  -18.318232740  -25.295510488
       1      11  -17.722541223  -24.797258803
       1      12  -17.721170797  -24.818562625
       1      13  -10.245733165   -3.836295285
       1      14  -10.220715603   -3.701596583
       1      15   -9.056401985   -0.775718204
       1      16   -9.046123450   -0.805159895
       1      17   -9.017563045  -10.644905357
       1      18   -8.988056091  -10.352938588
       1      19   -8.542472127   -4.980334001
       1      20   -8.516202501   -5.073342352
       1      21   -7.289167037   -1.394347224
       1      22   -7.213017157   -1.424189616
       1      23   -6.417984120  -11.137743416
       1      24   -6.383175595  -11.511578595
       1      25   -6.168062157   18.091782661
       1      26   -6.099047398   19.408091455
       1      27   -3.445806095  -14.299311073
       1      28   -3.384024856  -18.547557809
       1      29   -2.847938901  -47.701956883
       1      30   -2.831985123  -49.576668909
       1      31   -2.645250183   -7.320851831
       1      32   -2.592542439   -5.824815645
       1      33   -1.170745267   -3.069358222
       1      34   -1.137568382   -2.904860339
       1      35    3.626562677    2.452112142
       1      36    3.659794870    2.566395836
       1      37    4.108830899    7.381386148
       1      38    4.114099601    7.442872317
       1      39    4.242551312   -0.101454219
       1      40    4.333533334   -0.295260693
       1      41    4.972515381    5.737981486
       1      42    4.977831356    5.741147919
       1      43    5.116616797    5.848298078
       1      44    5.119136203    5.830880877
       1      45    6.377212507  -18.554881623
       1      46    6.460964283  -20.358881870
       1      47    6.974873974    9.270745844
       1      48    7.009348662    9.073749454
       1      49    7.026512330    8.974803906
       1      50    7.073709239   11.017279018
       1      51    7.846982831   20.232699009
       1      52    7.849611039   20.198134207
       1      53    9.209829181   18.253632089
       1      54    9.248767594   17.491862295
       1      55    9.762884542   10.869840124
       1      56    9.769420477   10.994509820
       1      57   10.615506824   23.814383294
       1      58   10.660553953   24.899335856
       1      59   12.076223612   15.682410210
       1      60   12.097785846   15.765990802
       1      61   14.435831234  125.170445648
       1      62   14.441031461  129.059153938
       1      63   15.090699419   37.466496327
       1      64   15.093929457   39.583583775
       1      65   15.220715233   82.478540661
       1      66   15.223427870   82.173412663
       1      67   15.554057437   60.110571486
       1      68   15.554320686   59.967191978
       1      69   15.934149628   40.418265060
       1      70   15.970729602   40.247916709
       1      71   16.783726968   31.670364811
       1      72   16.785560221   31.306767755
       1      73   16.917461854  165.357497827
       1      74   16.921487017  169.139437762
       1      75   17.693819258   99.894964992
       1      76   17.743611327   92.345938045
       1      77   18.030555118   96.332265810
       1      78   18.035038616   96.291561844
       1      79   19.504256545   34.692733156
       1      80   19.513748805   31.756660379
       1      81   19.632748834   35.158175601
       1      82   19.640331165   37.829496944
       1      83   19.713692653   66.047123317
       1      84   19.760143731   65.912093842
       1      85   21.307640237   49.614843497
       1      86   21.392883067   52.786964514
       1      87   21.447619840   64.236225915
       1      88   21.468235703   64.642267027
       1      89   22.135016117  180.186998503
       1      90   22.137848526  179.947681446
       1      91   22.483381185   77.577924779
       1      92   22.486116532   76.850772768
       1      93   23.579826100   40.810892452
       1      94   23.587958755   40.329390563
       1      95   23.734389835   54.103746075
       1      96   23.740279394   53.818823858
       1      97   24.301626942  131.420302437
       1      98   24.324366358  136.015237563
       1      99   24.372066058   89.097151238
       1     100   24.374805017   87.096421766
  0.166666667  0.333333333  0.000000000     100
       1       1  -65.468366580  -29.737419642
       1       2  -65.468363547  -30.168867953
       1       3  -42.219224834  -70.119160621
       1       4  -42.204415739  -70.309674341
       1       5  -39.715678857  -57.241473181
       1       6  -39.696201828  -62.053303513
       1       7  -39.570621675  -76.492071626
       1       8  -39.568904111  -71.666226757
       1       9  -17.545459956  -25.358088879
       1      10  -17.506053459  -25.376657276
       1      11  -17.368641549  -21.163634955
       1      12  -17.365583593  -21.233828111
       1      13  -10.630580341  -12.705190495
       1      14  -10.619139564  -12.637019381
       1      15  -10.254302733  -11.555691850
       1      16  -10.244381300  -11.465654738
       1      17   -9.147466908   -6.190265779
       1      18   -9.142130478   -5.959031663
       1      19   -8.577064644   -8.340759967
       1      20   -8.560048786   -8.301480733
       1      21   -7.703409912   -7.313616856
       1      22   -7.638032503   -7.066651082
       1      23   -7.117239173  -10.955978415
       1      24   -7.105358490  -10.925649266
       1      25   -5.867650816   11.046999197
       1      26   -5.764837565   12.537366365
       1      27   -3.108350988  -91.635427495
       1      28   -3.088701129  -81.124971425
       1      29   -2.527641752  -38.226470770
       1      30   -2.424782114  -30.001383087
       1      31   -2.018800718    0.056747356
       1      32   -2.014005118    0.418264492
       1      33   -0.900229130   -1.779867590
       1      34   -0.871166256   -1.699699072
       1      35    1.945964426    1.806144646
       1      36    1.983580699    2.004084108
       1      37    3.821256267    5.090591522
       1      38    3.848381793    5.337810745
       1      39    3.878473877    5.202740626
       1      40    3.888887577    4.937282780
       1      41    4.941516561    1.305818089
       1      42    4.945464888    1.061369953
       1      43    5.062525377    6.045056090
       1      44    5.065570175    5.845795402
       1      45    5.970864875   -4.336732679
       1      46    5.985593708   -4.699982745
       1      47    7.712105488    9.241886237
       1      48    7.716251308    9.295762676
       1      49    8.225873348    8.700272947
       1      50    8.236319146    8.840342983
       1      51    9.059441654    9.389786710
       1      52    9.065211984    9.470349441
       1      53    9.639269892   14.543410433
       1      54    9.642216812   14.459876047
       1      55   10.407411979   18.660686331
       1      56   10.439781078   18.407202461
       1      57   11.974981068   22.181494705
       1      58   11.982257649   21.617152365
       1      59   13.134239593   30.749087799
       1      60   13.137576515   30.423131377
       1      61   13.174709014   22.681110140
       1      62   13.179376070   22.129370900
       1      63   14.314029328   36.623167231
       1      64   14.317385852   36.719130831
       1      65   14.782136865   33.797676451
       1      66   14.823547969   33.948171238
       1      67   15.868745782   70.901922203
       1      68   15.902543807   70.546848694
       1      69   16.231157482   36.137752142
       1      70   16.237852348   36.170088628
       1      71   16.957421491   37.045204949
       1      72   16.962775909   36.886414836
       1      73   17.403839383   53.289238123
       1      74   17.455887680   55.797698301
       1      75   17.926361640  126.913526611
       1      76   17.928258771  129.388073249
       1      77   18.305840629   86.524517700
       1      78   18.308607225   86.797360940
       1      79   19.025700091  135.563219152
       1      80   19.025795813  136.569826115
       1      81   19.939298030  145.832172593
       1      82   19.940025894  146.012020212
       1      83   19.999128511  111.709950641
       1      84   20.005188838  112.285783538
       1      85   21.135556492  213.581533876
       1      86   21.153864517  214.379290237
       1      87   21.528363048   76.679114168
       1      88   21.532886996   75.951527401
       1      89   22.096341073   73.202959380
       1      90   22.098265720   73.491571507
       1      91   22.640342764  140.921849608
       1      92   22.645729643  141.573888632
       1      93   22.798636445  187.756950145
       1      94   22.799414888  184.992801364
       1      95   23.679971875  104.492040947
       1      96   23.683932983  104.988797208
       1      97   23.952069597   77.366270544
       1      98   23.979219317   76.601356813
       1      99   24.160319691  144.532720813
       1     100   24.160687085  144.994773711
  0.166666667  0.500000000  0.000000000     100
       1       1  -65.468366368  -43.284716373
       1       2  -65.468363336  -44.344347769
       1       3  -42.219224966  -68.168504979
       1       4  -42.204415918  -68.779628371
       1       5  -39.715679021  -56.471449663
       1       6  -39.696202006  -61.488404022
       1       7  -39.570621857  -73.768918139
       1       8  -39.568904342  -69.412820250
       1       9  -17.545458730  -23.798235666
       1      10  -17.506052213  -23.817683629
       1      11  -17.368638476  -21.367355660
       1      12  -17.365580517  -21.439622714
       1      13  -10.630585238  -12.350017076
       1      14  -10.619144327  -12.293884218
       1      15  -10.254309599  -13.975507015
       1      16  -10.244388213  -13.976207039
       1      17   -9.147465167   -3.839201580
       1      18   -9.142128797   -3.475426616
       1      19   -8.577061677  -10.263412887
       1      20   -8.560045765  -10.300451581
       1      21   -7.703408167   -7.328308933
       1      22   -7.638030954   -7.162347677
       1      23   -7.117239482  -11.053348060
       1      24   -7.105358871  -10.964081434
       1      25   -5.867655595    6.403031983
       1      26   -5.764842823    7.640059670
       1      27   -3.108349694 -108.395975577
       1      28   -3.088701330  -95.472161252
       1      29   -2.527623962  -46.227100295
       1      30   -2.424766142  -36.728996914
       1      31   -2.018792088    0.302684641
       1      32   -2.013996552    0.668605132
       1      33   -0.900244670    2.975606676
       1      34   -0.871181831    3.084068984
       1      35    1.945958734    1.966669322
       1      36    1.983575558    2.226210519
       1      37    3.821248438    4.660231920
       1      38    3.848373740    4.725813374
       1      39    3.878465551    4.731904465
       1      40    3.888878156    4.762353052
       1      41    4.941530698    1.247691861
       1      42    4.945479697    0.925391667
       1      43    5.062530157    9.905536916
       1      44    5.065574854    9.694188888
       1      45    5.970855252   -8.200866273
       1      46    5.985584560   -8.535457159
       1      47    7.712103498    5.474134184
       1      48    7.716249224    5.562580958
       1      49    8.225857446    8.583293248
       1      50    8.236303015    8.707612917
       1      51    9.059445555    9.184217417
       1      52    9.065215659    9.185787125
       1      53    9.639264505   19.507571023
       1      54    9.642211592   19.460200860
       1      55   10.407413523   18.092949713
       1      56   10.439783296   17.886345143
       1      57   11.974969433   21.445901262
       1      58   11.982246016   20.804253467
       1      59   13.134243477   33.347701077
       1      60   13.137580629   32.921877998
       1      61   13.174719825   22.289223332
       1      62   13.179387649   21.574483511
       1      63   14.314041772   36.805220641
       1      64   14.317398270   36.890380830
       1      65   14.782154515   34.448161818
       1      66   14.823564374   34.728557116
       1      67   15.868750472   69.434483574
       1      68   15.902549209   68.988995704
       1      69   16.231173207   35.629416216
       1      70   16.237867857   35.665883031
       1      71   16.957432014   37.628734709
       1      72   16.962786541   37.442307191
       1      73   17.403842323   52.874594084
       1      74   17.455890260   55.371973203
       1      75   17.926375250  129.529628439
       1      76   17.928271683  132.025059381
       1      77   18.305844422   83.992235914
       1      78   18.308611002   84.315529177
       1      79   19.025699518  136.000898119
       1      80   19.025794897  136.970630235
       1      81   19.939293482  143.938516183
       1      82   19.940021314  144.070182366
       1      83   19.999146149  110.895904207
       1      84   20.005206501  111.475424983
       1      85   21.135550951  214.334486694
       1      86   21.153858794  215.151514915
       1      87   21.528329007   80.042700024
       1      88   21.532852927   79.319150599
       1      89   22.096327909   72.154799174
       1      90   22.098252934   72.402916251
       1      91   22.640335968  142.327954009
       1      92   22.645722820  143.010007719
       1      93   22.798622060  187.488543978
       1      94   22.799399541  184.694500303
       1      95   23.679958349  101.573608457
       1      96   23.683919104  102.126141727
       1      97   23.952063638   77.111692356
       1      98   23.979211751   76.344536110
       1      99   24.160332079  145.758230798
       1     100   24.160699643  146.181131091
  0.166666667  0.666666667  0.000000000     100
       1       1  -65.453769588  -59.483232945
       1       2  -65.453767784  -60.205740528
       1       3  -42.170480528  -71.858376358
       1       4  -42.163240451  -71.371932712
       1       5  -39.636360404  -71.387428697
       1       6  -39.634235664  -74.864701805
       1       7  -39.534290873  -62.250001174
       1       8  -39.525881131  -58.122409894
       1       9  -18.334010246  -23.729033306
       1      10  -18.318231096  -23.724339097
       1      11  -17.722536141  -23.507785360
       1      12  -17.721165710  -23.510557166
       1      13  -10.245734536   -1.218415802
       1      14  -10.220717289   -0.989962391
       1      15   -9.056407288   -2.956192736
       1      16   -9.046129217   -3.145406448
       1      17   -9.017569392  -16.654470794
       1      18   -8.988062058  -16.237999071
       1      19   -8.542473732   -5.302483132
       1      20   -8.516203849   -5.418571191
       1      21   -7.289162490   -4.388151578
       1      22   -7.213012961   -4.505100009
       1      23   -6.417985922  -10.058206561
       1      24   -6.383177493  -10.238927658
       1      25   -6.168057188    7.555975434
       1      26   -6.099043121    8.626348211
       1      27   -3.445812615  -17.080378500
       1      28   -3.384031116  -23.103280012
       1      29   -2.847928885  -68.441702269
       1      30   -2.831974625  -69.868015857
       1      31   -2.645256786    1.411813444
       1      32   -2.592548728    3.342611170
       1      33   -1.170746492   -4.584320166
       1      34   -1.137569042   -4.495653879
       1      35    3.626557632    2.134555230
       1      36    3.659790283    2.300152339
       1      37    4.108825304    8.865072845
       1      38    4.114094093    9.009786059
       1      39    4.242545570   -2.582600884
       1      40    4.333528322   -2.699404738
       1      41    4.972503005    3.121407589
       1      42    4.977818154    3.337886714
       1      43    5.116610828    8.097021063
       1      44    5.119130334    8.246668789
       1      45    6.377225528  -27.784463438
       1      46    6.460976392  -30.526299774
       1      47    6.974872449    7.204413078
       1      48    7.009343513    6.929462513
       1      49    7.026518021    7.020677842
       1      50    7.073719463    9.537353931
       1      51    7.846986164   18.377728374
       1      52    7.849614407   18.382602135
       1      53    9.209835598   18.006571555
       1      54    9.248773932   17.172942552
       1      55    9.762894759   13.351567861
       1      56    9.769430820   13.444120199
       1      57   10.615497296   23.341272827
       1      58   10.660545350   24.452680797
       1      59   12.076228180   19.929009777
       1      60   12.097790442   19.997869611
       1      61   14.435838294  124.795909652
       1      62   14.441038011  128.629381838
       1      63   15.090691693   37.814095574
       1      64   15.093920908   39.884795605
       1      65   15.220724992   83.167077061
       1      66   15.223437509   82.858767973
       1      67   15.554057812   60.485801070
       1      68   15.554320986   60.307622943
       1      69   15.934143449   39.200460689
       1      70   15.970723466   39.321495601
       1      71   16.783728643   30.971957178
       1      72   16.785561949   30.610745228
       1      73   16.917464227  164.945880163
       1      74   16.921489883  168.728545700
       1      75   17.693825468  100.466352619
       1      76   17.743617103   92.926830649
       1      77   18.030567464   98.156659784
       1      78   18.035051109   98.112400934
       1      79   19.504283147   34.816447996
       1      80   19.513776558   32.148172051
       1      81   19.632764489   34.113614511
       1      82   19.640344276   36.817040980
       1      83   19.713688633   61.262371026
       1      84   19.760134364   60.945107358
       1      85   21.307645946   45.506631998
       1      86   21.392890286   48.498142828
       1      87   21.447626751   65.314623466
       1      88   21.468243013   65.123280431
       1      89   22.135011067  174.314217408
       1      90   22.137843265  174.122060221
       1      91   22.483378413   79.178410685
       1      92   22.486113856   78.421453768
       1      93   23.579832844   44.299468163
       1      94   23.587965885   43.710698325
       1      95   23.734400321   55.012711307
       1      96   23.740289694   54.754163289
       1      97   24.301639656  131.323325833
       1      98   24.324379596  135.785489140
       1      99   24.372062314   91.089147611
       1     100   24.374800737   89.227818273
  0.166666667  0.833333333  0.000000000     100
       1       1  -65.465979527  -44.490745486
       1       2  -65.465979527  -44.413437930
       1       3  -42.126170799  -67.553839066
       1       4  -42.126170759  -68.422880137
       1       5  -39.593525267  -75.579734558
       1       6  -39.593525240  -75.962007803
       1       7  -39.464894048  -47.427272913
       1       8  -39.464893965  -48.884042830
       1       9  -18.989632811  -21.745442419
       1      10  -18.989632768  -21.818577804
       1      11  -18.014211285  -21.881019732
       1      12  -18.014211282  -21.894278020
       1      13  -10.482477430    9.635175487
       1      14  -10.482477401    9.623893871
       1      15   -8.606804696   -7.932975685
       1      16   -8.606804633   -8.019059974
       1      17   -8.256205000   -4.773779652
       1      18   -8.256204900   -5.290231319
       1      19   -7.436882538   -5.921304464
       1      20   -7.436882530   -5.952041150
       1      21   -7.317434944   -7.397237412
       1      22   -7.317434737   -7.793729959
       1      23   -6.409754485   -8.898898390
       1      24   -6.409754412   -8.687952257
       1      25   -5.682858165   21.861368778
       1      26   -5.682858045   21.946278676
       1      27   -3.039476395  -27.666157088
       1      28   -3.039476181  -27.775925513
       1      29   -2.737514092   -5.393885940
       1      30   -2.737513856   -5.479125890
       1      31   -2.697309650   -5.218113054
       1      32   -2.697309583   -6.024187846
       1      33   -1.968022083   -1.056068399
       1      34   -1.968021888   -1.779458845
       1      35    2.575039823    2.251923742
       1      36    2.575039953    2.214902545
       1      37    4.137786653   -2.505292860
       1      38    4.137786657   -2.530605396
       1      39    4.498559170    6.634433849
       1      40    4.498559178    6.617293892
       1      41    5.011375663  -13.711006778
       1      42    5.011375758  -13.581770959
       1      43    5.208688312    9.032611695
       1      44    5.208688324    8.995624368
       1      45    6.274245821   12.678452431
       1      46    6.274245840   12.702541666
       1      47    6.755119322    6.944939645
       1      48    6.755119461    6.957076772
       1      49    7.214025121  -12.891624907
       1      50    7.214025123  -12.879940946
       1      51    7.784789290   13.850679873
       1      52    7.784789322   13.858191585
       1      53    9.124073693   19.482562394
       1      54    9.124073746   19.497030318
       1      55    9.888652442   10.205474696
       1      56    9.888653021   10.203795348
       1      57   10.280468785   16.993885582
       1      58   10.280469076   16.905306767
       1      59   11.412547591   18.455505783
       1      60   11.412547615   18.446281775
       1      61   12.579027035   99.327535457
       1      62   12.579027040   99.343250357
       1      63   13.626960449   41.784732764
       1      64   13.626960461   41.778752645
       1      65   15.232398627  151.250374032
       1      66   15.232398651  151.244804453
       1      67   15.261285183  123.427001877
       1      68   15.261285210  123.415372755
       1      69   16.200348111  185.487429860
       1      70   16.200348122  185.498422639
       1      71   16.815712942   26.692879328
       1      72   16.815712993   26.711939599
       1      73   17.301589012   37.345658742
       1      74   17.301589135   37.393722972
       1      75   17.627894994   30.910082051
       1      76   17.627895427   31.177613052
       1      77   18.613624056   36.421513200
       1      78   18.613625377   37.578884378
       1      79   18.800892038   21.356061575
       1      80   18.800893244   22.232636969
       1      81   19.943875562   24.255041104
       1      82   19.943876217   24.473917943
       1      83   20.086100147   22.775078319
       1      84   20.086100180   22.774183720
       1      85   21.051086457   51.005030187
       1      86   21.051086497   51.009230053
       1      87   21.767448337  244.338030718
       1      88   21.767448338  244.329238753
       1      89   21.956562666   55.498316306
       1      90   21.956562943   55.537486671
       1      91   22.406965473   97.609076501
       1      92   22.406965813   97.625865997
       1      93   24.302514657   68.048623782
       1      94   24.302514787   68.167501830
       1      95   24.837782306   56.102693899
       1      96   24.837782792   55.587598903
       1      97   24.923395169   35.917198796
       1      98   24.923395681   35.427167363
       1      99   25.307746207   47.460729458
       1     100   25.307746283   47.188418662
  0.333333333  0.000000000  0.000000000     100
       1       1  -65.505203866  -30.653264319
       1       2  -65.505203866  -30.674418416
       1       3  -42.186762768  -58.529421132
       1       4  -42.186762763  -58.558162341
       1       5  -39.675142834  -54.464837113
       1       6  -39.675142832  -54.459316433
       1       7  -39.538429144  -55.502466798
       1       8  -39.538429143  -55.461812480
       1       9  -18.072903039  -24.225595460
       1      10  -18.072902980  -24.232182293
       1      11  -17.618197851  -22.761315782
       1      12  -17.618197844  -22.778459100
       1      13  -10.544596381   -7.956844398
       1      14  -10.544596286   -7.951589676
       1      15   -9.558853821  -10.026093741
       1      16   -9.558853753  -10.026745007
       1      17   -9.179243261   -1.213604404
       1      18   -9.179243232   -1.204018630
       1      19   -8.134596863   -7.480226375
       1      20   -8.134596741   -7.497287580
       1      21   -7.026315417   -6.791367353
       1      22   -7.026315409   -6.777994592
       1      23   -6.612773046   -6.760327121
       1      24   -6.612771194   -6.964329908
       1      25   -6.332733715   10.576436447
       1      26   -6.332731676   10.328917329
       1      27   -3.126286899  -11.807799651
       1      28   -3.126285987  -12.405390107
       1      29   -2.998806511  -82.166761126
       1      30   -2.998805316  -82.733809381
       1      31   -1.891623829  -15.970866652
       1      32   -1.891623304  -15.520269642
       1      33   -1.279014807   -3.324115298
       1      34   -1.279014258   -3.173074987
       1      35    2.651931222   -8.035556308
       1      36    2.651931425   -8.012829982
       1      37    2.909045578    8.380737430
       1      38    2.909045649    8.334413867
       1      39    3.282127589   -3.701193828
       1      40    3.282128238   -3.687259850
       1      41    5.167172424    3.711517301
       1      42    5.167172462    3.555919597
       1      43    5.582654396  -31.714928626
       1      44    5.582655002  -31.357478687
       1      45    7.149581436    7.592008246
       1      46    7.149581608    7.315074044
       1      47    7.620482321   15.186439382
       1      48    7.620482324   15.139174946
       1      49    7.714037748    6.692884428
       1      50    7.714038182    6.532974991
       1      51    9.159378983   13.990207048
       1      52    9.159378987   13.953332769
       1      53    9.701626526   24.018678906
       1      54    9.701626573   23.969949718
       1      55   10.083474954   14.591156144
       1      56   10.083475170   14.519340820
       1      57   10.160897919   17.837920467
       1      58   10.160898036   17.853156223
       1      59   12.372287144   13.433864811
       1      60   12.372287156   13.379036507
       1      61   13.551372923   32.642559866
       1      62   13.551372950   32.646609648
       1      63   13.877355903   49.356722696
       1      64   13.877356240   49.360787974
       1      65   14.834136256  107.555001693
       1      66   14.834136350  107.505315949
       1      67   15.592296732   84.518224290
       1      68   15.592296793   84.554139125
       1      69   16.262767917   20.803847254
       1      70   16.262768208   20.820283648
       1      71   17.047678931   25.478502143
       1      72   17.047679201   25.480483362
       1      73   17.205224188   80.211634643
       1      74   17.205224198   80.176357894
       1      75   17.670259399  265.576564590
       1      76   17.670259469  265.657066249
       1      77   19.471022890   80.064432264
       1      78   19.471023089   80.020377825
       1      79   19.564059151   59.673880004
       1      80   19.564059265   59.674465366
       1      81   19.767100725   28.192520120
       1      82   19.767100796   28.220520346
       1      83   20.779953873  139.009421455
       1      84   20.779953887  139.012487480
       1      85   21.104216288   33.143583788
       1      86   21.104216808   33.050052369
       1      87   21.222122081   66.830792859
       1      88   21.222123216   66.675696440
       1      89   22.748402406  100.379953430
       1      90   22.748403274  100.225743912
       1      91   22.758943779  159.609423970
       1      92   22.758945279  159.272296052
       1      93   22.917925159   48.685487198
       1      94   22.917928092   48.075982229
       1      95   22.949454373  107.127259117
       1      96   22.949454478  107.155937277
       1      97   24.063735483   66.897257550
       1      98   24.063736129   66.969155462
       1      99   24.084712276  115.869265995
       1     100   24.084712667  115.871548674
  0.333333333  0.166666667  0.000000000     100
       1       1  -65.468366689  -30.306440490
       1       2  -65.468363656  -29.656056357
       1       3  -42.219224668  -70.258889640
       1       4  -42.204415575  -70.663080842
       1       5  -39.715678846  -58.268557755
       1       6  -39.696201914  -62.828108913
       1       7  -39.570621182  -76.151772820
       1       8  -39.568903522  -71.152620830
       1       9  -17.545461689  -24.419637073
       1      10  -17.506055203  -24.429873348
       1      11  -17.368643223  -23.474483845
       1      12  -17.365585265  -23.509588976
       1      13  -10.630581076  -12.666289438
       1      14  -10.619140277  -12.612834460
       1      15  -10.254301738  -12.485364829
       1      16  -10.244380327  -12.440878283
       1      17   -9.147469283   -6.854479641
       1      18   -9.142132866   -6.705129641
       1      19   -8.577061976  -10.726721652
       1      20   -8.560046197  -10.856829572
       1      21   -7.703404923   -6.579669694
       1      22   -7.638027538   -6.254523038
       1      23   -7.117238941  -13.527821833
       1      24   -7.105358123  -13.383206418
       1      25   -5.867652473   12.773535574
       1      26   -5.764839325   13.943413938
       1      27   -3.108351221  -82.867316280
       1      28   -3.088701543  -74.478850855
       1      29   -2.527641198  -34.173338407
       1      30   -2.424781769  -26.377200297
       1      31   -2.018800087   -0.328858188
       1      32   -2.014004569    0.033072042
       1      33   -0.900226914   -2.828755085
       1      34   -0.871164047   -2.720115561
       1      35    1.945958135    1.892075581
       1      36    1.983574400    2.115198521
       1      37    3.821262050    4.926574777
       1      38    3.848385950    5.194727859
       1      39    3.878478191    5.050380445
       1      40    3.888893260    4.825210035
       1      41    4.941524095    1.945057410
       1      42    4.945472253    1.708851346
       1      43    5.062527241    5.855897268
       1      44    5.065572161    5.690757721
       1      45    5.970866855   -4.510480257
       1      46    5.985595484   -5.120902608
       1      47    7.712100825    9.545518251
       1      48    7.716246583    9.598089910
       1      49    8.225860132    8.783193959
       1      50    8.236305944    8.884823902
       1      51    9.059438098    9.538896121
       1      52    9.065208249    9.633139690
       1      53    9.639270192   14.088371263
       1      54    9.642217313   13.922146138
       1      55   10.407411344   19.134453698
       1      56   10.439780432   18.828239112
       1      57   11.974981064   22.435339383
       1      58   11.982257657   21.977291419
       1      59   13.134238188   30.254309753
       1      60   13.137575271   29.995576792
       1      61   13.174711063   23.165293363
       1      62   13.179378155   22.659609106
       1      63   14.314031119   37.210170856
       1      64   14.317387615   37.304507871
       1      65   14.782139284   33.583141568
       1      66   14.823550460   33.740775014
       1      67   15.868745494   70.749308203
       1      68   15.902543484   70.384760677
       1      69   16.231161091   36.123404959
       1      70   16.237856033   36.155647534
       1      71   16.957425829   37.306675955
       1      72   16.962780176   37.152506143
       1      73   17.403845739   53.997436335
       1      74   17.455893750   56.414960503
       1      75   17.926363247  127.376450007
       1      76   17.928260075  129.886040985
       1      77   18.305843035   86.281481623
       1      78   18.308609600   86.540474163
       1      79   19.025699092  135.623735143
       1      80   19.025794888  136.637440448
       1      81   19.939298892  146.178918652
       1      82   19.940026786  146.453104527
       1      83   19.999127341  111.380354661
       1      84   20.005187620  111.993773744
       1      85   21.135548752  213.635573311
       1      86   21.153856705  214.422113706
       1      87   21.528349243   76.602863044
       1      88   21.532873135   75.872463796
       1      89   22.096332881   73.991365889
       1      90   22.098257473   74.344571480
       1      91   22.640335620  140.657443832
       1      92   22.645722551  141.285967056
       1      93   22.798630801  188.441340967
       1      94   22.799409241  185.706832118
       1      95   23.679967164  104.065396860
       1      96   23.683928291  104.513418607
       1      97   23.952065754   77.317676946
       1      98   23.979215551   76.537276777
       1      99   24.160319351  144.659220486
       1     100   24.160686683  145.129498462
  0.333333333  0.333333333  0.000000000     100
       1       1  -65.401753232  -13.232669823
       1       2  -65.401749094  -13.246143828
       1       3  -42.229734810  -61.673713751
       1       4  -42.207313108  -62.064955411
       1       5  -39.712518226  -49.105126375
       1       6  -39.665405234  -49.544906946
       1       7  -39.615869881  -67.801435944
       1       8  -39.600707828  -68.071038141
       1       9  -17.264210545  -24.907176052
       1      10  -17.213288676  -19.741671193
       1      11  -17.209745784  -19.751512202
       1      12  -17.200955503  -25.048037222
       1      13  -10.766230515  -12.392409807
       1      14  -10.757805370  -12.351823213
       1      15   -9.906111968  -12.802087121
       1      16   -9.870739461  -12.714767334
       1      17   -9.445776373  -13.077352212
       1      18   -9.385694983  -13.241666798
       1      19   -8.878069542   -8.069636609
       1      20   -8.854907927   -7.869059339
       1      21   -8.284119062  -11.447441181
       1      22   -8.234565690  -11.444879761
       1      23   -7.583150391  -14.208463717
       1      24   -7.561274110  -14.124319675
       1      25   -5.409090880   -3.404089699
       1      26   -5.275092823   -3.546782286
       1      27   -3.542934650 -198.142653857
       1      28   -3.539281196 -197.421224268
       1      29   -2.366516209   -1.044956677
       1      30   -2.336866686   -0.131115886
       1      31   -1.816692222    0.029186835
       1      32   -1.687884614    0.085624866
       1      33   -0.441932471    1.888629071
       1      34   -0.365452991    2.022962807
       1      35    2.027516857    6.637052905
       1      36    2.166008768    7.048020867
       1      37    2.546329127    4.983258722
       1      38    2.549616344    4.965237000
       1      39    4.795570522    9.194624502
       1      40    4.805630221    9.277916491
       1      41    5.763804509    6.715255128
       1      42    5.819486002    6.841459063
       1      43    6.369918835    2.038889399
       1      44    6.388269544    1.765229250
       1      45    7.152657463    5.642895975
       1      46    7.168996275    5.440893102
       1      47    7.275097520   10.893349059
       1      48    7.335305890   11.035591964
       1      49    7.705667157   -3.260210411
       1      50    7.735533227   -3.203298998
       1      51    7.753142252   16.716012642
       1      52    7.772106905   16.695107442
       1      53    9.011498321    7.311406548
       1      54    9.011504100    7.275418996
       1      55   10.574250771   16.429506494
       1      56   10.635186288   16.617344238
       1      57   11.716411868    3.422562461
       1      58   11.720744490    3.511255897
       1      59   12.955239129   32.461904237
       1      60   12.958488642   32.012636183
       1      61   13.252670979   23.751064141
       1      62   13.342426943   31.703470799
       1      63   13.364059125   29.139712226
       1      64   13.476003109   20.994050579
       1      65   14.107594893   30.285908829
       1      66   14.113370200   30.286090650
       1      67   14.875278640   50.632905953
       1      68   14.890625954   50.732892238
       1      69   15.448254296   53.157406833
       1      70   15.467092805   53.544650078
       1      71   17.704694913   87.367368058
       1      72   17.719314414   87.719564401
       1      73   19.267539814   28.347194413
       1      74   19.267694511   28.323863555
       1      75   20.137514347   57.976800892
       1      76   20.164076391   61.874912774
       1      77   20.174200636   32.962203962
       1      78   20.177655376   32.458300115
       1      79   20.213239053  101.890794659
       1      80   20.220904859  102.530346091
       1      81   20.465450049  288.519996735
       1      82   20.480211474  291.106200637
       1      83   20.512609219  220.613355566
       1      84   20.520725938   52.368910652
       1      85   20.526787537  257.608230796
       1      86   20.554461068   83.739719305
       1      87   21.406837736   80.673298781
       1      88   21.420543111   81.546795093
       1      89   21.673205874  149.380336692
       1      90   21.673823650  149.315436910
       1      91   21.730669360  303.864847507
       1      92   21.732628658  304.152652101
       1      93   22.792822354   51.066990419
       1      94   22.797309824   50.585490151
       1      95   22.829911326   63.043060039
       1      96   22.891090730   59.193725613
       1      97   23.836683849  233.679855481
       1      98   23.839576129  232.880589297
       1      99   23.928701873  161.363214283
       1     100   23.929767792  160.261800507
  0.333333333  0.500000000  0.000000000     100
       1       1  -65.468366296  -40.396546775
       1       2  -65.468363264  -41.217624809
       1       3  -42.219225026  -67.561331403
       1       4  -42.204415975  -68.275110983
       1       5  -39.715678627  -55.741300120
       1       6  -39.696201505  -60.406705392
       1       7  -39.570622578  -73.486152087
       1       8  -39.568905166  -69.222922458
       1       9  -17.545459325  -24.262548507
       1      10  -17.506052823  -24.296541090
       1      11  -17.368633908  -21.019462027
       1      12  -17.365575954  -21.093920496
       1      13  -10.630582318  -12.239805203
       1      14  -10.619141405  -12.205873058
       1      15  -10.254313400  -13.160488984
       1      16  -10.244392012  -13.125145291
       1      17   -9.147469612   -5.030158177
       1      18   -9.142133327   -4.766534487
       1      19   -8.577071065  -11.018287305
       1      20   -8.560055102  -10.998085423
       1      21   -7.703408159   -6.719128954
       1      22   -7.638030978   -6.553218003
       1      23   -7.117231765   -9.436867594
       1      24   -7.105351210   -9.375413769
       1      25   -5.867652862    7.232313795
       1      26   -5.764839768    8.538496325
       1      27   -3.108347546 -100.256903139
       1      28   -3.088699042  -88.086624147
       1      29   -2.527624443  -45.983557360
       1      30   -2.424766107  -36.392358191
       1      31   -2.018797234   -4.745553381
       1      32   -2.014001765   -4.272977635
       1      33   -0.900250676    0.029075976
       1      34   -0.871188039    0.127441492
       1      35    1.945954206    0.632870375
       1      36    1.983570973    0.852212991
       1      37    3.821254155    5.361522086
       1      38    3.848376290    5.959241929
       1      39    3.878469570    5.781978959
       1      40    3.888885677    5.242362971
       1      41    4.941518575    1.446730970
       1      42    4.945467259    1.102430742
       1      43    5.062526162    6.135341264
       1      44    5.065570796    5.879474858
       1      45    5.970862872   -6.014050736
       1      46    5.985592249   -6.428258881
       1      47    7.712110255   10.026684875
       1      48    7.716255999   10.049208473
       1      49    8.225864096    7.115784868
       1      50    8.236309590    7.252472549
       1      51    9.059452322   11.865439963
       1      52    9.065222597   11.872567295
       1      53    9.639266914   13.455672438
       1      54    9.642213683   13.338011883
       1      55   10.407410558   19.392644147
       1      56   10.439780022   19.212194916
       1      57   11.974971900   21.884060039
       1      58   11.982248278   21.273731398
       1      59   13.134246552   30.758773596
       1      60   13.137583513   30.451227744
       1      61   13.174716532   23.030687149
       1      62   13.179383878   22.516978607
       1      63   14.314039771   36.588091991
       1      64   14.317396255   36.693309589
       1      65   14.782152333   33.434851077
       1      66   14.823562084   33.600291159
       1      67   15.868757686   72.179137273
       1      68   15.902556264   71.946013314
       1      69   16.231175146   36.807769992
       1      70   16.237869751   36.837174597
       1      71   16.957433471   36.894287055
       1      72   16.962788225   36.742777603
       1      73   17.403831638   52.618821882
       1      74   17.455878987   55.140229812
       1      75   17.926377886  127.277216245
       1      76   17.928273858  129.739304446
       1      77   18.305840093   87.232508381
       1      78   18.308606662   87.489409249
       1      79   19.025693163  135.694096042
       1      80   19.025788725  136.693127292
       1      81   19.939287102  145.562224189
       1      82   19.940014863  145.701833491
       1      83   19.999146863  110.663113400
       1      84   20.005207262  111.245873302
       1      85   21.135561010  214.826617703
       1      86   21.153869060  215.602405026
       1      87   21.528340742   76.498793657
       1      88   21.532864693   75.753846343
       1      89   22.096326391   73.185929833
       1      90   22.098251101   73.435744132
       1      91   22.640343876  141.747854734
       1      92   22.645730748  142.402496071
       1      93   22.798633480  188.165743844
       1      94   22.799410300  185.390570081
       1      95   23.679960270  106.030419673
       1      96   23.683920930  106.450697608
       1      97   23.952069636   77.435686545
       1      98   23.979217309   76.642297818
       1      99   24.160327664  143.878873158
       1     100   24.160695305  144.389868713
  0.333333333  0.666666667  0.000000000     100
       1       1  -65.505203779  -41.886638995
       1       2  -65.505203779  -41.894267998
       1       3  -42.186763105  -55.083431086
       1       4  -42.186763064  -55.832352936
       1       5  -39.675141881  -51.283046122
       1       6  -39.675141852  -51.793309543
       1       7  -39.538431369  -52.461623167
       1       8  -39.538431340  -52.863552965
       1       9  -18.072901238  -24.355626377
       1      10  -18.072901183  -24.401618765
       1      11  -17.618189700  -22.926618145
       1      12  -17.618189695  -22.937745834
       1      13  -10.544596133   -7.619271805
       1      14  -10.544596091   -7.618599399
       1      15   -9.558852052  -11.490064567
       1      16   -9.558852041  -11.559636512
       1      17   -9.179241529   -5.402520068
       1      18   -9.179241496   -5.368122643
       1      19   -8.134622887   -9.231575407
       1      20   -8.134622886   -9.356615053
       1      21   -7.026308582   -7.331693727
       1      22   -7.026308566   -7.541159049
       1      23   -6.612785008   -6.296404420
       1      24   -6.612783777   -6.452145520
       1      25   -6.332716879    7.846984304
       1      26   -6.332715506    7.683289789
       1      27   -3.126293712  -13.702983729
       1      28   -3.126293088  -14.316190300
       1      29   -2.998807650  -99.269575427
       1      30   -2.998806955  -99.723218212
       1      31   -1.891639102   -6.207798795
       1      32   -1.891638835   -6.610335157
       1      33   -1.279011594   -3.093204897
       1      34   -1.279011300   -3.494224047
       1      35    2.651932320   -9.491252501
       1      36    2.651932361   -9.487729982
       1      37    2.909044285    6.885419311
       1      38    2.909044300    6.911514115
       1      39    3.282125733   -8.306882707
       1      40    3.282125757   -8.288565917
       1      41    5.167167782    8.693003014
       1      42    5.167167793    8.692678709
       1      43    5.582668184  -29.564200499
       1      44    5.582668222  -29.638331429
       1      45    7.149567927    8.002911925
       1      46    7.149568035    8.118446306
       1      47    7.620489861   14.711280481
       1      48    7.620489863   14.676145309
       1      49    7.714046550    4.117490519
       1      50    7.714046833    4.191306746
       1      51    9.159369427   15.105510549
       1      52    9.159369460   15.101432216
       1      53    9.701641888   23.904308329
       1      54    9.701642411   23.979274268
       1      55   10.083466266   14.664212124
       1      56   10.083466619   14.743111911
       1      57   10.160915030   19.425589129
       1      58   10.160915126   19.460162617
       1      59   12.372288041   15.450323103
       1      60   12.372288064   15.447320482
       1      61   13.551377259   31.698583173
       1      62   13.551377260   31.708872415
       1      63   13.877351206   49.250177975
       1      64   13.877351229   49.248569560
       1      65   14.834153149  110.198866850
       1      66   14.834153206  110.197206099
       1      67   15.592304564   86.524193585
       1      68   15.592304582   86.535170189
       1      69   16.262737528   21.661950102
       1      70   16.262737549   21.578435250
       1      71   17.047669768   23.295502733
       1      72   17.047669894   23.311669147
       1      73   17.205227739   80.632504800
       1      74   17.205227741   80.631676127
       1      75   17.670258672  266.377871891
       1      76   17.670258684  266.394626854
       1      77   19.471042924   79.233258929
       1      78   19.471043112   79.241649036
       1      79   19.564078517   59.896837734
       1      80   19.564078589   59.908544195
       1      81   19.767083802   29.407244260
       1      82   19.767083852   29.407996341
       1      83   20.779972610  140.271753388
       1      84   20.779972634  140.278409079
       1      85   21.104206586   32.461263664
       1      86   21.104207941   33.169192972
       1      87   21.222151385   67.804415901
       1      88   21.222152778   68.574776010
       1      89   22.748398942   98.949779243
       1      90   22.748398998   99.041473350
       1      91   22.758947851  158.995325519
       1      92   22.758948046  158.759208808
       1      93   22.917936514   47.881108095
       1      94   22.917936703   47.793992716
       1      95   22.949458548  109.010764797
       1      96   22.949458609  108.947380146
       1      97   24.063724352   63.373408132
       1      98   24.063725214   63.389301207
       1      99   24.084720520  113.941945008
       1     100   24.084720993  113.950920000
  0.333333333  0.833333333  0.000000000     100
       1       1  -65.453769814  -50.870384014
       1       2  -65.453768010  -51.669111146
       1       3  -42.170480382  -70.946544793
       1       4  -42.163240224  -72.106201357
       1       5  -39.636360393  -70.607317454
       1       6  -39.634235656  -74.672049671
       1       7  -39.534290430  -61.420572229
       1       8  -39.525880572  -58.710943407
       1       9  -18.334012013  -25.016663449
       1      10  -18.318232766  -25.125837846
       1      11  -17.722537494  -21.491779891
       1      12  -17.721167056  -21.518664325
       1      13  -10.245734102   -1.658562935
       1      14  -10.220716841   -1.377150030
       1      15   -9.056407745   -2.492985706
       1      16   -9.046129580   -2.606532427
       1      17   -9.017568223   -7.581601156
       1      18   -8.988060870   -7.330666294
       1      19   -8.542471929   -4.572441927
       1      20   -8.516202011   -4.535867178
       1      21   -7.289164228   -2.970386727
       1      22   -7.213014723   -3.140901550
       1      23   -6.417987154   -7.959167199
       1      24   -6.383178804   -8.222746141
       1      25   -6.168053959   10.477245367
       1      26   -6.099039488   11.688408703
       1      27   -3.445812606  -17.060785725
       1      28   -3.384031028  -22.288085814
       1      29   -2.847931394  -60.358379552
       1      30   -2.831977135  -62.172902241
       1      31   -2.645251215  -16.287032523
       1      32   -2.592543011  -14.050857168
       1      33   -1.170750122  -11.456431713
       1      34   -1.137572697  -11.048502165
       1      35    3.626558384    1.742291498
       1      36    3.659791258    1.883188375
       1      37    4.108830250    7.008281884
       1      38    4.114099055    7.119034669
       1      39    4.242547653   -1.920043502
       1      40    4.333530073   -2.032785085
       1      41    4.972503544   -2.583877719
       1      42    4.977818877   -2.343645753
       1      43    5.116613944    1.203937045
       1      44    5.119133548    1.457741843
       1      45    6.377229130  -23.226709979
       1      46    6.460980021  -26.344650605
       1      47    6.974873635   11.676802943
       1      48    7.009346156   13.227783076
       1      49    7.026516249    8.801886164
       1      50    7.073715742    9.631413000
       1      51    7.846985155   18.252108217
       1      52    7.849613431   18.212474272
       1      53    9.209831366   16.074735643
       1      54    9.248769394   15.342930261
       1      55    9.762892009   14.631837680
       1      56    9.769428036   14.701875164
       1      57   10.615501500   21.809178376
       1      58   10.660549232   22.770771814
       1      59   12.076225949   16.553370034
       1      60   12.097788232   16.615067891
       1      61   14.435833047  124.602650934
       1      62   14.441032930  128.458247464
       1      63   15.090692579   35.212056479
       1      64   15.093922141   37.231233766
       1      65   15.220723803   79.203764874
       1      66   15.223436355   78.851133079
       1      67   15.554056193   60.424881106
       1      68   15.554319403   60.231365498
       1      69   15.934145885   40.180892547
       1      70   15.970725862   40.162573254
       1      71   16.783727110   31.641007376
       1      72   16.785560378   31.279348175
       1      73   16.917463374  165.157459196
       1      74   16.921488779  168.928842542
       1      75   17.693828839   99.251026930
       1      76   17.743620429   91.716608447
       1      77   18.030562256   96.771449385
       1      78   18.035045832   96.716714152
       1      79   19.504269627   33.540109067
       1      80   19.513762471   30.576800061
       1      81   19.632756561   31.980300465
       1      82   19.640337343   34.790283918
       1      83   19.713690238   63.243794535
       1      84   19.760138112   63.453184662
       1      85   21.307640537   47.352505011
       1      86   21.392883622   50.445254713
       1      87   21.447627020   66.703026921
       1      88   21.468242527   66.689744818
       1      89   22.135008829  181.489904286
       1      90   22.137841146  181.194852817
       1      91   22.483375526   77.792948582
       1      92   22.486110996   77.090478858
       1      93   23.579826471   41.944791777
       1      94   23.587959216   41.481426706
       1      95   23.734389198   54.333942400
       1      96   23.740278564   54.054175848
       1      97   24.301637503  130.845960333
       1      98   24.324377213  135.289012052
       1      99   24.372064864   89.509792438
       1     100   24.374803409   87.610629921
  0.500000000 -0.000000000  0.000000000     100
       1       1  -65.500819378  -37.676402594
       1       2  -65.500819378  -37.809572830
       1       3  -42.217309862  -76.033940017
       1       4  -42.217309862  -76.147750569
       1       5  -39.734210815  -67.087672563
       1       6  -39.734210815  -66.959631103
       1       7  -39.546667077  -78.489532214
       1       8  -39.546667077  -78.763544391
       1       9  -17.504564708  -25.384576342
       1      10  -17.504564708  -25.383691589
       1      11  -17.384385239  -20.344441492
       1      12  -17.384385239  -20.386402904
       1      13  -11.087343561  -14.711250520
       1      14  -11.087343561  -14.707178619
       1      15  -10.190432413  -13.685940275
       1      16  -10.190432413  -13.655141573
       1      17   -9.410899967    0.924812934
       1      18   -9.410899967    0.930159472
       1      19   -8.452983668   -8.558789401
       1      20   -8.452983668   -8.571419247
       1      21   -7.297425891   -9.382763948
       1      22   -7.297425891   -9.188948441
       1      23   -6.243172316   -8.680777779
       1      24   -6.243172316   -8.669701176
       1      25   -5.976814151   17.527891925
       1      26   -5.976814151   17.381930613
       1      27   -3.055309404    0.383334061
       1      28   -3.055309404    0.395612916
       1      29   -2.541876457 -102.161471045
       1      30   -2.541876457 -103.317639278
       1      31   -1.458355817   -1.539003329
       1      32   -1.458355817   -1.581923513
       1      33   -1.066722121   -3.630934974
       1      34   -1.066722121   -3.641215147
       1      35    1.125871681   -7.280137888
       1      36    1.125871681   -7.184697318
       1      37    2.577529362   10.273615991
       1      38    2.577529362   10.302792021
       1      39    3.216081656   -9.158522344
       1      40    3.216081656   -9.104396991
       1      41    4.435323482    3.822633463
       1      42    4.435323482    3.801391089
       1      43    4.984518669   -1.230212334
       1      44    4.984518669   -1.205256100
       1      45    6.011788655    3.737023290
       1      46    6.011788655    3.741393980
       1      47    8.328519921   13.690485924
       1      48    8.328519921   13.709441329
       1      49    9.001859101    9.196163256
       1      50    9.001859101    9.192897802
       1      51   10.392906350   20.367123153
       1      52   10.392906350   20.372350271
       1      53   10.404021327   14.947225805
       1      54   10.404021327   14.945871522
       1      55   11.851107657   25.516616279
       1      56   11.851107657   25.536002095
       1      57   12.074722221   14.637251768
       1      58   12.074722221   14.636707481
       1      59   12.784643138   16.221296204
       1      60   12.784643138   16.221503943
       1      61   13.416475469   34.583258581
       1      62   13.416475469   34.554787606
       1      63   14.106281046   49.695779213
       1      64   14.106281046   49.708897679
       1      65   14.592473558   30.454037135
       1      66   14.592473558   30.459614108
       1      67   15.006380018   55.240303977
       1      68   15.006380018   55.187104693
       1      69   15.654742135   22.717960842
       1      70   15.654742135   22.713906761
       1      71   16.398696326   48.172728338
       1      72   16.398696326   48.147061154
       1      73   16.419680616   48.560609037
       1      74   16.419680616   48.558124080
       1      75   18.887445012  109.306376015
       1      76   18.887445012  109.097214083
       1      77   18.937883777   24.009071037
       1      78   18.937883777   24.007884573
       1      79   19.532486256  300.131473237
       1      80   19.532486256  300.130904944
       1      81   19.790941812   30.234494816
       1      82   19.790941812   30.216399160
       1      83   19.854079135  292.067456096
       1      84   19.854079135  292.014560336
       1      85   20.240143961   33.287925428
       1      86   20.240143961   33.285110544
       1      87   20.890358414  220.933060702
       1      88   20.890358414  220.931473051
       1      89   21.657670393  191.779553465
       1      90   21.657670393  191.779536206
       1      91   22.354621468   47.069797430
       1      92   22.354621468   47.069972696
       1      93   22.450994830   73.024441638
       1      94   22.450994830   73.002304282
       1      95   22.731821564  111.958331140
       1      96   22.731821564  111.960388260
       1      97   23.816680554  104.616846372
       1      98   23.816680554  104.606430131
       1      99   25.030278992   95.822748965
       1     100   25.030278992   95.842092724
  0.500000000  0.166666667  0.000000000     100
       1       1  -65.468366600  -23.947689323
       1       2  -65.468363567  -23.258071145
       1       3  -42.219224712  -73.548520733
       1       4  -42.204415625  -73.736876072
       1       5  -39.715678789  -60.699058714
       1       6  -39.696201831  -65.669486135
       1       7  -39.570621387  -80.013215689
       1       8  -39.568903758  -74.204545573
       1       9  -17.545461638  -23.620710677
       1      10  -17.506055078  -23.604569461
       1      11  -17.368640924  -24.623014206
       1      12  -17.365582958  -24.662837736
       1      13  -10.630583845  -13.479004782
       1      14  -10.619142865  -13.446663407
       1      15  -10.254307856  -13.085600348
       1      16  -10.244386492  -13.040235189
       1      17   -9.147467311   -6.640198087
       1      18   -9.142130868   -6.533304911
       1      19   -8.577057043  -10.267888740
       1      20   -8.560041223  -10.382625140
       1      21   -7.703406594   -3.718230708
       1      22   -7.638029444   -3.269312821
       1      23   -7.117241197  -17.449564723
       1      24   -7.105360459  -17.299675312
       1      25   -5.867653467   14.032170215
       1      26   -5.764840641   15.386038431
       1      27   -3.108350731  -73.666396562
       1      28   -3.088701910  -66.053675419
       1      29   -2.527629756  -30.780789749
       1      30   -2.424771390  -23.612175013
       1      31   -2.018788807    0.017207226
       1      32   -2.013993072    0.410261219
       1      33   -0.900244801    7.039269663
       1      34   -0.871181672    7.054295481
       1      35    1.945955672    2.444606870
       1      36    1.983572578    2.683093894
       1      37    3.821253874    4.879943668
       1      38    3.848380294    5.132528406
       1      39    3.878471578    5.057566276
       1      40    3.888882829    4.861182429
       1      41    4.941538600    2.726490349
       1      42    4.945487580    2.426648653
       1      43    5.062532948    7.921001282
       1      44    5.065577789    7.778972972
       1      45    5.970859129    3.469220371
       1      46    5.985588262    3.003838980
       1      47    7.712101591    6.285995474
       1      48    7.716247302    6.343367059
       1      49    8.225852357    9.911545700
       1      50    8.236297893    9.981192907
       1      51    9.059440951   12.380519810
       1      52    9.065211044   12.434490613
       1      53    9.639266471   14.311936801
       1      54    9.642213588   14.182452661
       1      55   10.407414919   19.814496470
       1      56   10.439784354   19.519999710
       1      57   11.974972680   23.447583741
       1      58   11.982249209   23.014247055
       1      59   13.134239574   31.771422782
       1      60   13.137576956   31.441378274
       1      61   13.174721052   23.188642729
       1      62   13.179388863   22.570078449
       1      63   14.314038413   35.227114296
       1      64   14.317394917   35.296773154
       1      65   14.782146712   34.664246068
       1      66   14.823557042   34.772256581
       1      67   15.868744399   71.116788895
       1      68   15.902542947   70.736616925
       1      69   16.231168140   35.752706919
       1      70   16.237862947   35.778218631
       1      71   16.957430118   38.155051668
       1      72   16.962784515   37.983359775
       1      73   17.403844498   53.467789291
       1      74   17.455892410   55.901320846
       1      75   17.926367643  127.707185855
       1      76   17.928264184  130.263941323
       1      77   18.305847770   85.747838397
       1      78   18.308614317   86.012983776
       1      79   19.025700272  136.222462371
       1      80   19.025795762  137.225780362
       1      81   19.939297968  147.291272752
       1      82   19.940025852  147.583725916
       1      83   19.999140064  111.520410738
       1      84   20.005200382  112.124112342
       1      85   21.135544614  213.823709938
       1      86   21.153852485  214.622918170
       1      87   21.528327358   76.804139053
       1      88   21.532851243   76.067442396
       1      89   22.096331472   74.596241890
       1      90   22.098256319   74.971089191
       1      91   22.640330365  141.635798409
       1      92   22.645717264  142.286830310
       1      93   22.798624192  188.459533702
       1      94   22.799402066  185.703161285
       1      95   23.679963226  103.835087527
       1      96   23.683924218  104.286252248
       1      97   23.952059764   77.582270855
       1      98   23.979208645   76.812831766
       1      99   24.160324106  144.189720753
       1     100   24.160691584  144.667453515
  0.500000000  0.333333333  0.000000000     100
       1       1  -65.468366419  -21.954129317
       1       2  -65.468363387  -22.122484934
       1       3  -42.219224937  -73.494025973
       1       4  -42.204415845  -73.607970859
       1       5  -39.715678406  -59.779083413
       1       6  -39.696201243  -64.872147227
       1       7  -39.570622601  -80.793353577
       1       8  -39.568905173  -75.092194737
       1       9  -17.545460500  -23.670309928
       1      10  -17.506053944  -23.666984942
       1      11  -17.368634682  -22.381838410
       1      12  -17.365576723  -22.433883592
       1      13  -10.630580191  -13.397552208
       1      14  -10.619139230  -13.375161214
       1      15  -10.254312652  -11.113853566
       1      16  -10.244391263  -11.040095139
       1      17   -9.147469381   -2.030697607
       1      18   -9.142133011   -1.833042200
       1      19   -8.577069099  -12.313387276
       1      20   -8.560053150  -12.392781820
       1      21   -7.703411575   -6.269651166
       1      22   -7.638034435   -5.972511462
       1      23   -7.117233711  -10.302719948
       1      24   -7.105353166  -10.124510156
       1      25   -5.867649078   12.004367867
       1      26   -5.764835826   13.488706816
       1      27   -3.108348349  -78.548426348
       1      28   -3.088699207  -69.653862618
       1      29   -2.527630791  -32.187770641
       1      30   -2.424771700  -25.040938082
       1      31   -2.018794585   -2.064394650
       1      32   -2.013998835   -1.722029920
       1      33   -0.900253024    5.337171307
       1      34   -0.871190088    5.475718201
       1      35    1.945957434    2.716802403
       1      36    1.983574292    2.881314452
       1      37    3.821253807    4.915919489
       1      38    3.848378687    4.959354237
       1      39    3.878471283    4.948517338
       1      40    3.888884666    4.951706260
       1      41    4.941518943    3.021534442
       1      42    4.945467777    2.616490892
       1      43    5.062527089    5.852853437
       1      44    5.065571745    5.762116459
       1      45    5.970864770   -2.155986138
       1      46    5.985594174   -2.488896639
       1      47    7.712113010    7.276975011
       1      48    7.716258802    7.376001850
       1      49    8.225872222   10.079663428
       1      50    8.236317669   10.199415121
       1      51    9.059451274   11.360681172
       1      52    9.065221717   11.353194223
       1      53    9.639268581   14.703310846
       1      54    9.642215178   14.605676335
       1      55   10.407412589   19.399330139
       1      56   10.439781725   19.168370627
       1      57   11.974975151   22.146067067
       1      58   11.982251464   21.632444591
       1      59   13.134244054   30.519518591
       1      60   13.137581085   30.237531850
       1      61   13.174715710   23.233785353
       1      62   13.179383007   22.716120202
       1      63   14.314034622   36.760142893
       1      64   14.317391139   36.851855154
       1      65   14.782142110   33.550858680
       1      66   14.823552260   33.694706909
       1      67   15.868751901   70.943008100
       1      68   15.902550325   70.551487884
       1      69   16.231166470   36.301632025
       1      70   16.237861156   36.330116639
       1      71   16.957427236   36.032820561
       1      72   16.962781931   35.886105486
       1      73   17.403827458   53.961695565
       1      74   17.455875068   56.381784133
       1      75   17.926368673  127.717062779
       1      76   17.928265056  130.172182655
       1      77   18.305841035   85.100934452
       1      78   18.308607601   85.391113776
       1      79   19.025694917  135.885841391
       1      80   19.025790515  136.878461088
       1      81   19.939290726  146.203748568
       1      82   19.940018509  146.420043541
       1      83   19.999141948  111.748416925
       1      84   20.005202361  112.331027769
       1      85   21.135562412  213.935633636
       1      86   21.153870562  214.719672551
       1      87   21.528352898   76.914807340
       1      88   21.532876869   76.179754648
       1      89   22.096338146   72.886958871
       1      90   22.098262734   73.210940001
       1      91   22.640345418  141.798796507
       1      92   22.645732283  142.479197529
       1      93   22.798641256  188.335638074
       1      94   22.799418472  185.572078840
       1      95   23.679969858  103.956531714
       1      96   23.683930735  104.425076505
       1      97   23.952069605   77.289178492
       1      98   23.979217969   76.529852412
       1      99   24.160320032  144.072855214
       1     100   24.160687649  144.550226745
  0.500000000  0.500000000  0.000000000     100
       1       1  -65.500819120  -36.172204682
       1       2  -65.500819120  -36.562210507
       1       3  -42.217310307  -76.172139165
       1       4  -42.217310307  -76.242065565
       1       5  -39.734210340  -66.954394120
       1       6  -39.734210340  -66.937294748
       1       7  -39.546669197  -79.042931247
       1       8  -39.546669197  -78.937152804
       1       9  -17.504562396  -25.379320611
       1      10  -17.504562396  -25.384169571
       1      11  -17.384372904  -20.373667724
       1      12  -17.384372904  -20.373996822
       1      13  -11.087338381  -14.695659115
       1      14  -11.087338381  -14.683681447
       1      15  -10.190441484  -13.641774282
       1      16  -10.190441484  -13.632736552
       1      17   -9.410903925    1.110793517
       1      18   -9.410903925    1.066780220
       1      19   -8.453009964   -8.536433667
       1      20   -8.453009964   -8.535579889
       1      21   -7.297410931   -9.362133018
       1      22   -7.297410931   -9.340598936
       1      23   -6.243190519   -8.675177862
       1      24   -6.243190519   -8.677447929
       1      25   -5.976797725   17.971503703
       1      26   -5.976797725   17.850446919
       1      27   -3.055304258    0.339962962
       1      28   -3.055304258    0.376058902
       1      29   -2.541874120 -101.103441460
       1      30   -2.541874120 -101.316958277
       1      31   -1.458377710   -1.147758679
       1      32   -1.458377710   -1.333701958
       1      33   -1.066723170   -4.002269030
       1      34   -1.066723170   -4.020220176
       1      35    1.125871335   -7.250035671
       1      36    1.125871335   -7.235878590
       1      37    2.577515297   10.465502810
       1      38    2.577515297   10.490346008
       1      39    3.216071191   -8.796472808
       1      40    3.216071191   -8.742788626
       1      41    4.435338471    3.889533643
       1      42    4.435338471    3.900316678
       1      43    4.984539484   -1.085776739
       1      44    4.984539484   -1.057012631
       1      45    6.011769746    3.811751321
       1      46    6.011769746    3.835361162
       1      47    8.328525088   13.697961894
       1      48    8.328525088   13.703619678
       1      49    9.001862712    9.359251646
       1      50    9.001862712    9.342060613
       1      51   10.392909926   20.370363689
       1      52   10.392909926   20.333070074
       1      53   10.404017553   14.855341446
       1      54   10.404017553   14.887997763
       1      55   11.851126364   25.500820104
       1      56   11.851126364   25.495272035
       1      57   12.074706928   14.644102115
       1      58   12.074706928   14.648354633
       1      59   12.784665841   16.210969782
       1      60   12.784665841   16.195649254
       1      61   13.416474249   34.610352860
       1      62   13.416474249   34.596195367
       1      63   14.106290581   49.686561437
       1      64   14.106290581   49.703655154
       1      65   14.592491397   30.437319884
       1      66   14.592491397   30.429548310
       1      67   15.006408600   55.264546449
       1      68   15.006408600   55.369967177
       1      69   15.654713937   22.782807580
       1      70   15.654713937   22.803110034
       1      71   16.398691510   48.178121384
       1      72   16.398691510   48.082564845
       1      73   16.419676463   48.532329201
       1      74   16.419676463   48.578736821
       1      75   18.887435379  109.838888305
       1      76   18.887435379  109.967933416
       1      77   18.937912883   24.058818049
       1      78   18.937912883   24.042688641
       1      79   19.532499291  300.145627991
       1      80   19.532499291  300.116512210
       1      81   19.790918084   30.062148223
       1      82   19.790918084   30.060159472
       1      83   19.854084838  292.244194852
       1      84   19.854084838  292.214898319
       1      85   20.240113468   33.285096233
       1      86   20.240113468   33.292104609
       1      87   20.890375255  220.941698157
       1      88   20.890375255  220.941416004
       1      89   21.657671371  191.804234588
       1      90   21.657671371  191.800005638
       1      91   22.354583466   47.098254943
       1      92   22.354583466   47.085662159
       1      93   22.450993996   73.112906031
       1      94   22.450993996   73.105649433
       1      95   22.731798569  111.921632901
       1      96   22.731798569  111.920819499
       1      97   23.816730631  104.661798980
       1      98   23.816730631  104.689550789
       1      99   25.030316485   95.884963838
       1     100   25.030316485   95.815846765
  0.500000000  0.666666667  0.000000000     100
       1       1  -65.468366419  -21.954129317
       1       2  -65.468363387  -22.122484934
       1       3  -42.219224937  -73.494025973
       1       4  -42.204415845  -73.607970859
       1       5  -39.715678406  -59.779083413
       1       6  -39.696201243  -64.872147227
       1       7  -39.570622601  -80.793353577
       1       8  -39.568905173  -75.092194737
       1       9  -17.545460500  -23.670309928
       1      10  -17.506053944  -23.666984942
       1      11  -17.368634682  -22.381838410
       1      12  -17.365576723  -22.433883592
       1      13  -10.630580191  -13.397552208
       1      14  -10.619139230  -13.375161214
       1      15  -10.254312652  -11.113853566
       1      16  -10.244391263  -11.040095139
       1      17   -9.147469381   -2.030697607
       1      18   -9.142133011   -1.833042200
       1      19   -8.577069099  -12.313387276
       1      20   -8.560053150  -12.392781820
       1      21   -7.703411575   -6.269651166
       1      22   -7.638034435   -5.972511462
       1      23   -7.117233711  -10.302719948
       1      24   -7.105353166  -10.124510156
       1      25   -5.867649078   12.004367867
       1      26   -5.764835826   13.488706816
       1      27   -3.108348349  -78.548426348
       1      28   -3.088699207  -69.653862618
       1      29   -2.527630791  -32.187770641
       1      30   -2.424771700  -25.040938082
       1      31   -2.018794585   -2.064394650
       1      32   -2.013998835   -1.722029920
       1      33   -0.900253024    5.337171307
       1      34   -0.871190088    5.475718201
       1      35    1.945957434    2.716802403
       1      36    1.983574292    2.881314452
       1      37    3.821253807    4.915919489
       1      38    3.848378687    4.959354237
       1      39    3.878471283    4.948517338
       1      40    3.888884666    4.951706260
       1      41    4.941518943    3.021534442
       1      42    4.945467777    2.616490892
       1      43    5.062527089    5.852853437
       1      44    5.065571745    5.762116459
       1      45    5.970864770   -2.155986138
       1      46    5.985594174   -2.488896639
       1      47    7.712113010    7.276975011
       1      48    7.716258802    7.376001850
       1      49    8.225872222   10.079663428
       1      50    8.236317669   10.199415121
       1      51    9.059451274   11.360681172
       1      52    9.065221717   11.353194223
       1      53    9.639268581   14.703310846
       1      54    9.642215178   14.605676335
       1      55   10.407412589   19.399330139
       1      56   10.439781725   19.168370627
       1      57   11.974975151   22.146067067
       1      58   11.982251464   21.632444591
       1      59   13.134244054   30.519518591
       1      60   13.137581085   30.237531850
       1      61   13.174715710   23.233785353
       1      62   13.179383007   22.716120202
       1      63   14.314034622   36.760142893
       1      64   14.317391139   36.851855154
       1      65   14.782142110   33.550858680
       1      66   14.823552260   33.694706909
       1      67   15.868751901   70.943008100
       1      68   15.902550325   70.551487884
       1      69   16.231166470   36.301632025
       1      70   16.237861156   36.330116639
       1      71   16.957427236   36.032820561
       1      72   16.962781931   35.886105486
       1      73   17.403827458   53.961695565
       1      74   17.455875068   56.381784133
       1      75   17.926368673  127.717062779
       1      76   17.928265056  130.172182655
       1      77   18.305841035   85.100934452
       1      78   18.308607601   85.391113776
       1      79   19.025694917  135.885841391
       1      80   19.025790515  136.878461088
       1      81   19.939290726  146.203748568
       1      82   19.940018509  146.420043541
       1      83   19.999141948  111.748416925
       1      84   20.005202361  112.331027769
       1      85   21.135562412  213.935633636
       1      86   21.153870562  214.719672551
       1      87   21.528352898   76.914807340
       1      88   21.532876869   76.179754648
       1      89   22.096338146   72.886958871
       1      90   22.098262734   73.210940001
       1      91   22.640345418  141.798796507
       1      92   22.645732283  142.479197529
       1      93   22.798641256  188.335638074
       1      94   22.799418472  185.572078840
       1      95   23.679969858  103.956531714
       1      96   23.683930735  104.425076505
       1      97   23.952069605   77.289178492
       1      98   23.979217969   76.529852412
       1      99   24.160320032  144.072855214
       1     100   24.160687649  144.550226745
  0.500000000  0.833333333  0.000000000     100
       1       1  -65.468366600  -23.947689323
       1       2  -65.468363567  -23.258071145
       1       3  -42.219224712  -73.548520733
       1       4  -42.204415625  -73.736876072
       1       5  -39.715678789  -60.699058714
       1       6  -39.696201831  -65.669486135
       1       7  -39.570621387  -80.013215689
       1       8  -39.568903758  -74.204545573
       1       9  -17.545461638  -23.620710677
       1      10  -17.506055078  -23.604569461
       1      11  -17.368640924  -24.623014206
       1      12  -17.365582958  -24.662837736
       1      13  -10.630583845  -13.479004782
       1      14  -10.619142865  -13.446663407
       1      15  -10.254307856  -13.085600348
       1      16  -10.244386492  -13.040235189
       1      17   -9.147467311   -6.640198087
       1      18   -9.142130868   -6.533304911
       1      19   -8.577057043  -10.267888740
       1      20   -8.560041223  -10.382625140
       1      21   -7.703406594   -3.718230708
       1      22   -7.638029444   -3.269312821
       1      23   -7.117241197  -17.449564723
       1      24   -7.105360459  -17.299675312
       1      25   -5.867653467   14.032170215
       1      26   -5.764840641   15.386038431
       1      27   -3.108350731  -73.666396562
       1      28   -3.088701910  -66.053675419
       1      29   -2.527629756  -30.780789749
       1      30   -2.424771390  -23.612175013
       1      31   -2.018788807    0.017207226
       1      32   -2.013993072    0.410261219
       1      33   -0.900244801    7.039269663
       1      34   -0.871181672    7.054295481
       1      35    1.945955672    2.444606870
       1      36    1.983572578    2.683093894
       1      37    3.821253874    4.879943668
       1      38    3.848380294    5.132528406
       1      39    3.878471578    5.057566276
       1      40    3.888882829    4.861182429
       1      41    4.941538600    2.726490349
       1      42    4.945487580    2.426648653
       1      43    5.062532948    7.921001282
       1      44    5.065577789    7.778972972
       1      45    5.970859129    3.469220371
       1      46    5.985588262    3.003838980
       1      47    7.712101591    6.285995474
       1      48    7.716247302    6.343367059
       1      49    8.225852357    9.911545700
       1      50    8.236297893    9.981192907
       1      51    9.059440951   12.380519810
       1      52    9.065211044   12.434490613
       1      53    9.639266471   14.311936801
       1      54    9.642213588   14.182452661
       1      55   10.407414919   19.814496470
       1      56   10.439784354   19.519999710
       1      57   11.974972680   23.447583741
       1      58   11.982249209   23.014247055
       1      59   13.134239574   31.771422782
       1      60   13.137576956   31.441378274
       1      61   13.174721052   23.188642729
       1      62   13.179388863   22.570078449
       1      63   14.314038413   35.227114296
       1      64   14.317394917   35.296773154
       1      65   14.782146712   34.664246068
       1      66   14.823557042   34.772256581
       1      67   15.868744399   71.116788895
       1      68   15.902542947   70.736616925
       1      69   16.231168140   35.752706919
       1      70   16.237862947   35.778218631
       1      71   16.957430118   38.155051668
       1      72   16.962784515   37.983359775
       1      73   17.403844498   53.467789291
       1      74   17.455892410   55.901320846
       1      75   17.926367643  127.707185855
       1      76   17.928264184  130.263941323
       1      77   18.305847770   85.747838397
       1      78   18.308614317   86.012983776
       1      79   19.025700272  136.222462371
       1      80   19.025795762  137.225780362
       1      81   19.939297968  147.291272752
       1      82   19.940025852  147.583725916
       1      83   19.999140064  111.520410738
       1      84   20.005200382  112.124112342
       1      85   21.135544614  213.823709938
       1      86   21.153852485  214.622918170
       1      87   21.528327358   76.804139053
       1      88   21.532851243   76.067442396
       1      89   22.096331472   74.596241890
       1      90   22.098256319   74.971089191
       1      91   22.640330365  141.635798409
       1      92   22.645717264  142.286830310
       1      93   22.798624192  188.459533702
       1      94   22.799402066  185.703161285
       1      95   23.679963226  103.835087527
       1      96   23.683924218  104.286252248
       1      97   23.952059764   77.582270855
       1      98   23.979208645   76.812831766
       1      99   24.160324106  144.189720753
       1     100   24.160691584  144.667453515
  0.666666667 -0.000000000  0.000000000     100
       1       1  -65.505203866  -30.653264319
       1       2  -65.505203866  -30.674418416
       1       3  -42.186762768  -58.529421132
       1       4  -42.186762763  -58.558162341
       1       5  -39.675142834  -54.464837113
       1       6  -39.675142832  -54.459316433
       1       7  -39.538429144  -55.502466798
       1       8  -39.538429143  -55.461812480
       1       9  -18.072903039  -24.225595460
       1      10  -18.072902980  -24.232182293
       1      11  -17.618197851  -22.761315782
       1      12  -17.618197844  -22.778459100
       1      13  -10.544596381   -7.956844398
       1      14  -10.544596286   -7.951589676
       1      15   -9.558853821  -10.026093741
       1      16   -9.558853753  -10.026745007
       1      17   -9.179243261   -1.213604404
       1      18   -9.179243232   -1.204018630
       1      19   -8.134596863   -7.480226375
       1      20   -8.134596741   -7.497287580
       1      21   -7.026315417   -6.791367353
       1      22   -7.026315409   -6.777994592
       1      23   -6.612773046   -6.760327121
       1      24   -6.612771194   -6.964329908
       1      25   -6.332733715   10.576436447
       1      26   -6.332731676   10.328917329
       1      27   -3.126286899  -11.807799651
       1      28   -3.126285987  -12.405390107
       1      29   -2.998806511  -82.166761126
       1      30   -2.998805316  -82.733809381
       1      31   -1.891623829  -15.970866652
       1      32   -1.891623304  -15.520269642
       1      33   -1.279014807   -3.324115298
       1      34   -1.279014258   -3.173074987
       1      35    2.651931222   -8.035556308
       1      36    2.651931425   -8.012829982
       1      37    2.909045578    8.380737430
       1      38    2.909045649    8.334413867
       1      39    3.282127589   -3.701193828
       1      40    3.282128238   -3.687259850
       1      41    5.167172424    3.711517301
       1      42    5.167172462    3.555919597
       1      43    5.582654396  -31.714928626
       1      44    5.582655002  -31.357478687
       1      45    7.149581436    7.592008246
       1      46    7.149581608    7.315074044
       1      47    7.620482321   15.186439382
       1      48    7.620482324   15.139174946
       1      49    7.714037748    6.692884428
       1      50    7.714038182    6.532974991
       1      51    9.159378983   13.990207048
       1      52    9.159378987   13.953332769
       1      53    9.701626526   24.018678906
       1      54    9.701626573   23.969949718
       1      55   10.083474954   14.591156144
       1      56   10.083475170   14.519340820
       1      57   10.160897919   17.837920467
       1      58   10.160898036   17.853156223
       1      59   12.372287144   13.433864811
       1      60   12.372287156   13.379036507
       1      61   13.551372923   32.642559866
       1      62   13.551372950   32.646609648
       1      63   13.877355903   49.356722696
       1      64   13.877356240   49.360787974
       1      65   14.834136256  107.555001693
       1      66   14.834136350  107.505315949
       1      67   15.592296732   84.518224290
       1      68   15.592296793   84.554139125
       1      69   16.262767917   20.803847254
       1      70   16.262768208   20.820283648
       1      71   17.047678931   25.478502143
       1      72   17.047679201   25.480483362
       1      73   17.205224188   80.211634643
       1      74   17.205224198   80.176357894
       1      75   17.670259399  265.576564590
       1      76   17.670259469  265.657066249
       1      77   19.471022890   80.064432264
       1      78   19.471023089   80.020377825
       1      79   19.564059151   59.673880004
       1      80   19.564059265   59.674465366
       1      81   19.767100725   28.192520120
       1      82   19.767100796   28.220520346
       1      83   20.779953873  139.009421455
       1      84   20.779953887  139.012487480
       1      85   21.104216288   33.143583788
       1      86   21.104216808   33.050052369
       1      87   21.222122081   66.830792859
       1      88   21.222123216   66.675696440
       1      89   22.748402406  100.379953430
       1      90   22.748403274  100.225743912
       1      91   22.758943779  159.609423970
       1      92   22.758945279  159.272296052
       1      93   22.917925159   48.685487198
       1      94   22.917928092   48.075982229
       1      95   22.949454373  107.127259117
       1      96   22.949454478  107.155937277
       1      97   24.063735483   66.897257550
       1      98   24.063736129   66.969155462
       1      99   24.084712276  115.869265995
       1     100   24.084712667  115.871548674
  0.666666667  0.166666667  0.000000000     100
       1       1  -65.453769814  -50.870384014
       1       2  -65.453768010  -51.669111146
       1       3  -42.170480382  -70.946544793
       1       4  -42.163240224  -72.106201357
       1       5  -39.636360393  -70.607317454
       1       6  -39.634235656  -74.672049671
       1       7  -39.534290430  -61.420572229
       1       8  -39.525880572  -58.710943407
       1       9  -18.334012013  -25.016663449
       1      10  -18.318232766  -25.125837846
       1      11  -17.722537494  -21.491779891
       1      12  -17.721167056  -21.518664325
       1      13  -10.245734102   -1.658562935
       1      14  -10.220716841   -1.377150030
       1      15   -9.056407745   -2.492985706
       1      16   -9.046129580   -2.606532427
       1      17   -9.017568223   -7.581601156
       1      18   -8.988060870   -7.330666294
       1      19   -8.542471929   -4.572441927
       1      20   -8.516202011   -4.535867178
       1      21   -7.289164228   -2.970386727
       1      22   -7.213014723   -3.140901550
       1      23   -6.417987154   -7.959167199
       1      24   -6.383178804   -8.222746141
       1      25   -6.168053959   10.477245367
       1      26   -6.099039488   11.688408703
       1      27   -3.445812606  -17.060785725
       1      28   -3.384031028  -22.288085814
       1      29   -2.847931394  -60.358379552
       1      30   -2.831977135  -62.172902241
       1      31   -2.645251215  -16.287032523
       1      32   -2.592543011  -14.050857168
       1      33   -1.170750122  -11.456431713
       1      34   -1.137572697  -11.048502165
       1      35    3.626558384    1.742291498
       1      36    3.659791258    1.883188375
       1      37    4.108830250    7.008281884
       1      38    4.114099055    7.119034669
       1      39    4.242547653   -1.920043502
       1      40    4.333530073   -2.032785085
       1      41    4.972503544   -2.583877719
       1      42    4.977818877   -2.343645753
       1      43    5.116613944    1.203937045
       1      44    5.119133548    1.457741843
       1      45    6.377229130  -23.226709979
       1      46    6.460980021  -26.344650605
       1      47    6.974873635   11.676802943
       1      48    7.009346156   13.227783076
       1      49    7.026516249    8.801886164
       1      50    7.073715742    9.631413000
       1      51    7.846985155   18.252108217
       1      52    7.849613431   18.212474272
       1      53    9.209831366   16.074735643
       1      54    9.248769394   15.342930261
       1      55    9.762892009   14.631837680
       1      56    9.769428036   14.701875164
       1      57   10.615501500   21.809178376
       1      58   10.660549232   22.770771814
       1      59   12.076225949   16.553370034
       1      60   12.097788232   16.615067891
       1      61   14.435833047  124.602650934
       1      62   14.441032930  128.458247464
       1      63   15.090692579   35.212056479
       1      64   15.093922141   37.231233766
       1      65   15.220723803   79.203764874
       1      66   15.223436355   78.851133079
       1      67   15.554056193   60.424881106
       1      68   15.554319403   60.231365498
       1      69   15.934145885   40.180892547
       1      70   15.970725862   40.162573254
       1      71   16.783727110   31.641007376
       1      72   16.785560378   31.279348175
       1      73   16.917463374  165.157459196
       1      74   16.921488779  168.928842542
       1      75   17.693828839   99.251026930
       1      76   17.743620429   91.716608447
       1      77   18.030562256   96.771449385
       1      78   18.035045832   96.716714152
       1      79   19.504269627   33.540109067
       1      80   19.513762471   30.576800061
       1      81   19.632756561   31.980300465
       1      82   19.640337343   34.790283918
       1      83   19.713690238   63.243794535
       1      84   19.760138112   63.453184662
       1      85   21.307640537   47.352505011
       1      86   21.392883622   50.445254713
       1      87   21.447627020   66.703026921
       1      88   21.468242527   66.689744818
       1      89   22.135008829  181.489904286
       1      90   22.137841146  181.194852817
       1      91   22.483375526   77.792948582
       1      92   22.486110996   77.090478858
       1      93   23.579826471   41.944791777
       1      94   23.587959216   41.481426706
       1      95   23.734389198   54.333942400
       1      96   23.740278564   54.054175848
       1      97   24.301637503  130.845960333
       1      98   24.324377213  135.289012052
       1      99   24.372064864   89.509792438
       1     100   24.374803409   87.610629921
  0.666666667  0.333333333  0.000000000     100
       1       1  -65.505203779  -41.886638995
       1       2  -65.505203779  -41.894267998
       1       3  -42.186763105  -55.083431086
       1       4  -42.186763064  -55.832352936
       1       5  -39.675141881  -51.283046122
       1       6  -39.675141852  -51.793309543
       1       7  -39.538431369  -52.461623167
       1       8  -39.538431340  -52.863552965
       1       9  -18.072901238  -24.355626377
       1      10  -18.072901183  -24.401618765
       1      11  -17.618189700  -22.926618145
       1      12  -17.618189695  -22.937745834
       1      13  -10.544596133   -7.619271805
       1      14  -10.544596091   -7.618599399
       1      15   -9.558852052  -11.490064567
       1      16   -9.558852041  -11.559636512
       1      17   -9.179241529   -5.402520068
       1      18   -9.179241496   -5.368122643
       1      19   -8.134622887   -9.231575407
       1      20   -8.134622886   -9.356615053
       1      21   -7.026308582   -7.331693727
       1      22   -7.026308566   -7.541159049
       1      23   -6.612785008   -6.296404420
       1      24   -6.612783777   -6.452145520
       1      25   -6.332716879    7.846984304
       1      26   -6.332715506    7.683289789
       1      27   -3.126293712  -13.702983729
       1      28   -3.126293088  -14.316190300
       1      29   -2.998807650  -99.269575427
       1      30   -2.998806955  -99.723218212
       1      31   -1.891639102   -6.207798795
       1      32   -1.891638835   -6.610335157
       1      33   -1.279011594   -3.093204897
       1      34   -1.279011300   -3.494224047
       1      35    2.651932320   -9.491252501
       1      36    2.651932361   -9.487729982
       1      37    2.909044285    6.885419311
       1      38    2.909044300    6.911514115
       1      39    3.282125733   -8.306882707
       1      40    3.282125757   -8.288565917
       1      41    5.167167782    8.693003014
       1      42    5.167167793    8.692678709
       1      43    5.582668184  -29.564200499
       1      44    5.582668222  -29.638331429
       1      45    7.149567927    8.002911925
       1      46    7.149568035    8.118446306
       1      47    7.620489861   14.711280481
       1      48    7.620489863   14.676145309
       1      49    7.714046550    4.117490519
       1      50    7.714046833    4.191306746
       1      51    9.159369427   15.105510549
       1      52    9.159369460   15.101432216
       1      53    9.701641888   23.904308329
       1      54    9.701642411   23.979274268
       1      55   10.083466266   14.664212124
       1      56   10.083466619   14.743111911
       1      57   10.160915030   19.425589129
       1      58   10.160915126   19.460162617
       1      59   12.372288041   15.450323103
       1      60   12.372288064   15.447320482
       1      61   13.551377259   31.698583173
       1      62   13.551377260   31.708872415
       1      63   13.877351206   49.250177975
       1      64   13.877351229   49.248569560
       1      65   14.834153149  110.198866850
       1      66   14.834153206  110.197206099
       1      67   15.592304564   86.524193585
       1      68   15.592304582   86.535170189
       1      69   16.262737528   21.661950102
       1      70   16.262737549   21.578435250
       1      71   17.047669768   23.295502733
       1      72   17.047669894   23.311669147
       1      73   17.205227739   80.632504800
       1      74   17.205227741   80.631676127
       1      75   17.670258672  266.377871891
       1      76   17.670258684  266.394626854
       1      77   19.471042924   79.233258929
       1      78   19.471043112   79.241649036
       1      79   19.564078517   59.896837734
       1      80   19.564078589   59.908544195
       1      81   19.767083802   29.407244260
       1      82   19.767083852   29.407996341
       1      83   20.779972610  140.271753388
       1      84   20.779972634  140.278409079
       1      85   21.104206586   32.461263664
       1      86   21.104207941   33.169192972
       1      87   21.222151385   67.804415901
       1      88   21.222152778   68.574776010
       1      89   22.748398942   98.949779243
       1      90   22.748398998   99.041473350
       1      91   22.758947851  158.995325519
       1      92   22.758948046  158.759208808
       1      93   22.917936514   47.881108095
       1      94   22.917936703   47.793992716
       1      95   22.949458548  109.010764797
       1      96   22.949458609  108.947380146
       1      97   24.063724352   63.373408132
       1      98   24.063725214   63.389301207
       1      99   24.084720520  113.941945008
       1     100   24.084720993  113.950920000
  0.666666667  0.500000000  0.000000000     100
       1       1  -65.468366296  -40.396546775
       1       2  -65.468363264  -41.217624809
       1       3  -42.219225026  -67.561331403
       1       4  -42.204415975  -68.275110983
       1       5  -39.715678627  -55.741300120
       1       6  -39.696201505  -60.406705392
       1       7  -39.570622578  -73.486152087
       1       8  -39.568905166  -69.222922458
       1       9  -17.545459325  -24.262548507
       1      10  -17.506052823  -24.296541090
       1      11  -17.368633908  -21.019462027
       1      12  -17.365575954  -21.093920496
       1      13  -10.630582318  -12.239805203
       1      14  -10.619141405  -12.205873058
       1      15  -10.254313400  -13.160488984
       1      16  -10.244392012  -13.125145291
       1      17   -9.147469612   -5.030158177
       1      18   -9.142133327   -4.766534487
       1      19   -8.577071065  -11.018287305
       1      20   -8.560055102  -10.998085423
       1      21   -7.703408159   -6.719128954
       1      22   -7.638030978   -6.553218003
       1      23   -7.117231765   -9.436867594
       1      24   -7.105351210   -9.375413769
       1      25   -5.867652862    7.232313795
       1      26   -5.764839768    8.538496325
       1      27   -3.108347546 -100.256903139
       1      28   -3.088699042  -88.086624147
       1      29   -2.527624443  -45.983557360
       1      30   -2.424766107  -36.392358191
       1      31   -2.018797234   -4.745553381
       1      32   -2.014001765   -4.272977635
       1      33   -0.900250676    0.029075976
       1      34   -0.871188039    0.127441492
       1      35    1.945954206    0.632870375
       1      36    1.983570973    0.852212991
       1      37    3.821254155    5.361522086
       1      38    3.848376290    5.959241929
       1      39    3.878469570    5.781978959
       1      40    3.888885677    5.242362971
       1      41    4.941518575    1.446730970
       1      42    4.945467259    1.102430742
       1      43    5.062526162    6.135341264
       1      44    5.065570796    5.879474858
       1      45    5.970862872   -6.014050736
       1      46    5.985592249   -6.428258881
       1      47    7.712110255   10.026684875
       1      48    7.716255999   10.049208473
       1      49    8.225864096    7.115784868
       1      50    8.236309590    7.252472549
       1      51    9.059452322   11.865439963
       1      52    9.065222597   11.872567295
       1      53    9.639266914   13.455672438
       1      54    9.642213683   13.338011883
       1      55   10.407410558   19.392644147
       1      56   10.439780022   19.212194916
       1      57   11.974971900   21.884060039
       1      58   11.982248278   21.273731398
       1      59   13.134246552   30.758773596
       1      60   13.137583513   30.451227744
       1      61   13.174716532   23.030687149
       1      62   13.179383878   22.516978607
       1      63   14.314039771   36.588091991
       1      64   14.317396255   36.693309589
       1      65   14.782152333   33.434851077
       1      66   14.823562084   33.600291159
       1      67   15.868757686   72.179137273
       1      68   15.902556264   71.946013314
       1      69   16.231175146   36.807769992
       1      70   16.237869751   36.837174597
       1      71   16.957433471   36.894287055
       1      72   16.962788225   36.742777603
       1      73   17.403831638   52.618821882
       1      74   17.455878987   55.140229812
       1      75   17.926377886  127.277216245
       1      76   17.928273858  129.739304446
       1      77   18.305840093   87.232508381
       1      78   18.308606662   87.489409249
       1      79   19.025693163  135.694096042
       1      80   19.025788725  136.693127292
       1      81   19.939287102  145.562224189
       1      82   19.940014863  145.701833491
       1      83   19.999146863  110.663113400
       1      84   20.005207262  111.245873302
       1      85   21.135561010  214.826617703
       1      86   21.153869060  215.602405026
       1      87   21.528340742   76.498793657
       1      88   21.532864693   75.753846343
       1      89   22.096326391   73.185929833
       1      90   22.098251101   73.435744132
       1      91   22.640343876  141.747854734
       1      92   22.645730748  142.402496071
       1      93   22.798633480  188.165743844
       1      94   22.799410300  185.390570081
       1      95   23.679960270  106.030419673
       1      96   23.683920930  106.450697608
       1      97   23.952069636   77.435686545
       1      98   23.979217309   76.642297818
       1      99   24.160327664  143.878873158
       1     100   24.160695305  144.389868713
  0.666666667  0.666666667  0.000000000     100
       1       1  -65.401753232  -13.232669823
       1       2  -65.401749094  -13.246143828
       1       3  -42.229734810  -61.673713751
       1       4  -42.207313108  -62.064955411
       1       5  -39.712518226  -49.105126375
       1       6  -39.665405234  -49.544906946
       1       7  -39.615869881  -67.801435944
       1       8  -39.600707828  -68.071038141
       1       9  -17.264210545  -24.907176052
       1      10  -17.213288676  -19.741671193
       1      11  -17.209745784  -19.751512202
       1      12  -17.200955503  -25.048037222
       1      13  -10.766230515  -12.392409807
       1      14  -10.757805370  -12.351823213
       1      15   -9.906111968  -12.802087121
       1      16   -9.870739461  -12.714767334
       1      17   -9.445776373  -13.077352212
       1      18   -9.385694983  -13.241666798
       1      19   -8.878069542   -8.069636609
       1      20   -8.854907927   -7.869059339
       1      21   -8.284119062  -11.447441181
       1      22   -8.234565690  -11.444879761
       1      23   -7.583150391  -14.208463717
       1      24   -7.561274110  -14.124319675
       1      25   -5.409090880   -3.404089699
       1      26   -5.275092823   -3.546782286
       1      27   -3.542934650 -198.142653857
       1      28   -3.539281196 -197.421224268
       1      29   -2.366516209   -1.044956677
       1      30   -2.336866686   -0.131115886
       1      31   -1.816692222    0.029186835
       1      32   -1.687884614    0.085624866
       1      33   -0.441932471    1.888629071
       1      34   -0.365452991    2.022962807
       1      35    2.027516857    6.637052905
       1      36    2.166008768    7.048020867
       1      37    2.546329127    4.983258722
       1      38    2.549616344    4.965237000
       1      39    4.795570522    9.194624502
       1      40    4.805630221    9.277916491
       1      41    5.763804509    6.715255128
       1      42    5.819486002    6.841459063
       1      43    6.369918835    2.038889399
       1      44    6.388269544    1.765229250
       1      45    7.152657463    5.642895975
       1      46    7.168996275    5.440893102
       1      47    7.275097520   10.893349059
       1      48    7.335305890   11.035591964
       1      49    7.705667157   -3.260210411
       1      50    7.735533227   -3.203298998
       1      51    7.753142252   16.716012642
       1      52    7.772106905   16.695107442
       1      53    9.011498321    7.311406548
       1      54    9.011504100    7.275418996
       1      55   10.574250771   16.429506494
       1      56   10.635186288   16.617344238
       1      57   11.716411868    3.422562461
       1      58   11.720744490    3.511255897
       1      59   12.955239129   32.461904237
       1      60   12.958488642   32.012636183
       1      61   13.252670979   23.751064141
       1      62   13.342426943   31.703470799
       1      63   13.364059125   29.139712226
       1      64   13.476003109   20.994050579
       1      65   14.107594893   30.285908829
       1      66   14.113370200   30.286090650
       1      67   14.875278640   50.632905953
       1      68   14.890625954   50.732892238
       1      69   15.448254296   53.157406833
       1      70   15.467092805   53.544650078
       1      71   17.704694913   87.367368058
       1      72   17.719314414   87.719564401
       1      73   19.267539814   28.347194413
       1      74   19.267694511   28.323863555
       1      75   20.137514347   57.976800892
       1      76   20.164076391   61.874912774
       1      77   20.174200636   32.962203962
       1      78   20.177655376   32.458300115
       1      79   20.213239053  101.890794659
       1      80   20.220904859  102.530346091
       1      81   20.465450049  288.519996735
       1      82   20.480211474  291.106200637
       1      83   20.512609219  220.613355566
       1      84   20.520725938   52.368910652
       1      85   20.526787537  257.608230796
       1      86   20.554461068   83.739719305
       1      87   21.406837736   80.673298781
       1      88   21.420543111   81.546795093
       1      89   21.673205874  149.380336692
       1      90   21.673823650  149.315436910
       1      91   21.730669360  303.864847507
       1      92   21.732628658  304.152652101
       1      93   22.792822354   51.066990419
       1      94   22.797309824   50.585490151
       1      95   22.829911326   63.043060039
       1      96   22.891090730   59.193725613
       1      97   23.836683849  233.679855481
       1      98   23.839576129  232.880589297
       1      99   23.928701873  161.363214283
       1     100   23.929767792  160.261800507
  0.666666667  0.833333333  0.000000000     100
       1       1  -65.468366689  -30.306440490
       1       2  -65.468363656  -29.656056357
       1       3  -42.219224668  -70.258889640
       1       4  -42.204415575  -70.663080842
       1       5  -39.715678846  -58.268557755
       1       6  -39.696201914  -62.828108913
       1       7  -39.570621182  -76.151772820
       1       8  -39.568903522  -71.152620830
       1       9  -17.545461689  -24.419637073
       1      10  -17.506055203  -24.429873348
       1      11  -17.368643223  -23.474483845
       1      12  -17.365585265  -23.509588976
       1      13  -10.630581076  -12.666289438
       1      14  -10.619140277  -12.612834460
       1      15  -10.254301738  -12.485364829
       1      16  -10.244380327  -12.440878283
       1      17   -9.147469283   -6.854479641
       1      18   -9.142132866   -6.705129641
       1      19   -8.577061976  -10.726721652
       1      20   -8.560046197  -10.856829572
       1      21   -7.703404923   -6.579669694
       1      22   -7.638027538   -6.254523038
       1      23   -7.117238941  -13.527821833
       1      24   -7.105358123  -13.383206418
       1      25   -5.867652473   12.773535574
       1      26   -5.764839325   13.943413938
       1      27   -3.108351221  -82.867316280
       1      28   -3.088701543  -74.478850855
       1      29   -2.527641198  -34.173338407
       1      30   -2.424781769  -26.377200297
       1      31   -2.018800087   -0.328858188
       1      32   -2.014004569    0.033072042
       1      33   -0.900226914   -2.828755085
       1      34   -0.871164047   -2.720115561
       1      35    1.945958135    1.892075581
       1      36    1.983574400    2.115198521
       1      37    3.821262050    4.926574777
       1      38    3.848385950    5.194727859
       1      39    3.878478191    5.050380445
       1      40    3.888893260    4.825210035
       1      41    4.941524095    1.945057410
       1      42    4.945472253    1.708851346
       1      43    5.062527241    5.855897268
       1      44    5.065572161    5.690757721
       1      45    5.970866855   -4.510480257
       1      46    5.985595484   -5.120902608
       1      47    7.712100825    9.545518251
       1      48    7.716246583    9.598089910
       1      49    8.225860132    8.783193959
       1      50    8.236305944    8.884823902
       1      51    9.059438098    9.538896121
       1      52    9.065208249    9.633139690
       1      53    9.639270192   14.088371263
       1      54    9.642217313   13.922146138
       1      55   10.407411344   19.134453698
       1      56   10.439780432   18.828239112
       1      57   11.974981064   22.435339383
       1      58   11.982257657   21.977291419
       1      59   13.134238188   30.254309753
       1      60   13.137575271   29.995576792
       1      61   13.174711063   23.165293363
       1      62   13.179378155   22.659609106
       1      63   14.314031119   37.210170856
       1      64   14.317387615   37.304507871
       1      65   14.782139284   33.583141568
       1      66   14.823550460   33.740775014
       1      67   15.868745494   70.749308203
       1      68   15.902543484   70.384760677
       1      69   16.231161091   36.123404959
       1      70   16.237856033   36.155647534
       1      71   16.957425829   37.306675955
       1      72   16.962780176   37.152506143
       1      73   17.403845739   53.997436335
       1      74   17.455893750   56.414960503
       1      75   17.926363247  127.376450007
       1      76   17.928260075  129.886040985
       1      77   18.305843035   86.281481623
       1      78   18.308609600   86.540474163
       1      79   19.025699092  135.623735143
       1      80   19.025794888  136.637440448
       1      81   19.939298892  146.178918652
       1      82   19.940026786  146.453104527
       1      83   19.999127341  111.380354661
       1      84   20.005187620  111.993773744
       1      85   21.135548752  213.635573311
       1      86   21.153856705  214.422113706
       1      87   21.528349243   76.602863044
       1      88   21.532873135   75.872463796
       1      89   22.096332881   73.991365889
       1      90   22.098257473   74.344571480
       1      91   22.640335620  140.657443832
       1      92   22.645722551  141.285967056
       1      93   22.798630801  188.441340967
       1      94   22.799409241  185.706832118
       1      95   23.679967164  104.065396860
       1      96   23.683928291  104.513418607
       1      97   23.952065754   77.317676946
       1      98   23.979215551   76.537276777
       1      99   24.160319351  144.659220486
       1     100   24.160686683  145.129498462
  0.833333333  0.000000000  0.000000000     100
       1       1  -65.465979682  -32.907143511
       1       2  -65.465979682  -32.542016815
       1       3  -42.126170675  -69.644062567
       1       4  -42.126170673  -69.648194651
       1       5  -39.593525857  -77.908153449
       1       6  -39.593525856  -77.765073902
       1       7  -39.464892955  -48.676828398
       1       8  -39.464892954  -48.715937493
       1       9  -18.989633417  -22.298609073
       1      10  -18.989633367  -22.295527178
       1      11  -18.014213485  -22.989009066
       1      12  -18.014213480  -22.984957945
       1      13  -10.482477216   10.272826849
       1      14  -10.482477174   10.154560063
       1      15   -8.606809808   -6.414474502
       1      16   -8.606809638   -6.416044574
       1      17   -8.256219752   -3.177411889
       1      18   -8.256219555   -3.249722681
       1      19   -7.436873156   -7.300482107
       1      20   -7.436872986   -7.299691067
       1      21   -7.317408711   -8.391442119
       1      22   -7.317408656   -8.561749717
       1      23   -6.409759282   -8.858125277
       1      24   -6.409759264   -8.798200606
       1      25   -5.682866733   29.937964557
       1      26   -5.682866656   30.231458526
       1      27   -3.039488288  -23.169955178
       1      28   -3.039486540  -23.197595932
       1      29   -2.737498654   -6.938591857
       1      30   -2.737495895   -7.056260045
       1      31   -2.697294882   -9.451175169
       1      32   -2.697293754   -9.398791398
       1      33   -1.968034012   -2.542298534
       1      34   -1.968033642   -2.433676195
       1      35    2.575037673    1.965263749
       1      36    2.575038051    1.950301108
       1      37    4.137791616   -0.961855836
       1      38    4.137791642   -1.028042994
       1      39    4.498557148   11.434259307
       1      40    4.498557153   11.347429664
       1      41    5.011362468  -10.378632013
       1      42    5.011363285  -10.137616544
       1      43    5.208688709   10.085136512
       1      44    5.208688768   10.122441241
       1      45    6.274227824    8.446062752
       1      46    6.274227863    8.532931099
       1      47    6.755130638    6.891625720
       1      48    6.755131033    6.881464231
       1      49    7.214021645   -9.125088855
       1      50    7.214021899   -9.307006229
       1      51    7.784817077   14.050587645
       1      52    7.784817108   14.043877822
       1      53    9.124079809   17.122950048
       1      54    9.124079875   17.162268377
       1      55    9.888666613   11.972980291
       1      56    9.888667418   12.596510273
       1      57   10.280450774   17.990571490
       1      58   10.280451378   18.661722264
       1      59   11.412545330   17.189593294
       1      60   11.412545401   17.116371557
       1      61   12.579019596   99.239877778
       1      62   12.579019740   99.243856604
       1      63   13.626942959   41.131963551
       1      64   13.626942961   41.127720313
       1      65   15.232392446  152.614050043
       1      66   15.232392478  152.665234441
       1      67   15.261275488  125.308635993
       1      68   15.261275582  125.274597676
       1      69   16.200358583  185.527672545
       1      70   16.200358690  185.526606408
       1      71   16.815706575   24.947976547
       1      72   16.815706587   24.950789700
       1      73   17.301572764   36.842282557
       1      74   17.301573107   36.885624235
       1      75   17.627879432   31.923167573
       1      76   17.627881233   32.099327638
       1      77   18.613611057   38.801190204
       1      78   18.613613704   38.953753739
       1      79   18.800913256   21.930428849
       1      80   18.800914429   22.144880758
       1      81   19.943900257   24.849430068
       1      82   19.943900575   24.858381625
       1      83   20.086127036   23.088392360
       1      84   20.086127091   23.066140335
       1      85   21.051088471   49.545189328
       1      86   21.051088535   49.550557318
       1      87   21.767445912  245.855163832
       1      88   21.767445923  245.822769607
       1      89   21.956554249   56.791575367
       1      90   21.956554554   56.731367243
       1      91   22.406956963   97.498967038
       1      92   22.406957233   97.460906587
       1      93   24.302513342   67.282357029
       1      94   24.302513664   67.298241812
       1      95   24.837749197   56.679654725
       1      96   24.837749616   57.122642618
       1      97   24.923426585   35.092007404
       1      98   24.923426970   35.578476537
       1      99   25.307750076   47.383863159
       1     100   25.307750124   47.387212762
  0.833333333  0.166666667  0.000000000     100
       1       1  -65.465979527  -44.490745486
       1       2  -65.465979527  -44.413437930
       1       3  -42.126170799  -67.553839066
       1       4  -42.126170759  -68.422880137
       1       5  -39.593525267  -75.579734558
       1       6  -39.593525240  -75.962007803
       1       7  -39.464894048  -47.427272913
       1       8  -39.464893965  -48.884042830
       1       9  -18.989632811  -21.745442419
       1      10  -18.989632768  -21.818577804
       1      11  -18.014211285  -21.881019732
       1      12  -18.014211282  -21.894278020
       1      13  -10.482477430    9.635175487
       1      14  -10.482477401    9.623893871
       1      15   -8.606804696   -7.932975685
       1      16   -8.606804633   -8.019059974
       1      17   -8.256205000   -4.773779652
       1      18   -8.256204900   -5.290231319
       1      19   -7.436882538   -5.921304464
       1      20   -7.436882530   -5.952041150
       1      21   -7.317434944   -7.397237412
       1      22   -7.317434737   -7.793729959
       1      23   -6.409754485   -8.898898390
       1      24   -6.409754412   -8.687952257
       1      25   -5.682858165   21.861368778
       1      26   -5.682858045   21.946278676
       1      27   -3.039476395  -27.666157088
       1      28   -3.039476181  -27.775925513
       1      29   -2.737514092   -5.393885940
       1      30   -2.737513856   -5.479125890
       1      31   -2.697309650   -5.218113054
       1      32   -2.697309583   -6.024187846
       1      33   -1.968022083   -1.056068399
       1      34   -1.968021888   -1.779458845
       1      35    2.575039823    2.251923742
       1      36    2.575039953    2.214902545
       1      37    4.137786653   -2.505292860
       1      38    4.137786657   -2.530605396
       1      39    4.498559170    6.634433849
       1      40    4.498559178    6.617293892
       1      41    5.011375663  -13.711006778
       1      42    5.011375758  -13.581770959
       1      43    5.208688312    9.032611695
       1      44    5.208688324    8.995624368
       1      45    6.274245821   12.678452431
       1      46    6.274245840   12.702541666
       1      47    6.755119322    6.944939645
       1      48    6.755119461    6.957076772
       1      49    7.214025121  -12.891624907
       1      50    7.214025123  -12.879940946
       1      51    7.784789290   13.850679873
       1      52    7.784789322   13.858191585
       1      53    9.124073693   19.482562394
       1      54    9.124073746   19.497030318
       1      55    9.888652442   10.205474696
       1      56    9.888653021   10.203795348
       1      57   10.280468785   16.993885582
       1      58   10.280469076   16.905306767
       1      59   11.412547591   18.455505783
       1      60   11.412547615   18.446281775
       1      61   12.579027035   99.327535457
       1      62   12.579027040   99.343250357
       1      63   13.626960449   41.784732764
       1      64   13.626960461   41.778752645
       1      65   15.232398627  151.250374032
       1      66   15.232398651  151.244804453
       1      67   15.261285183  123.427001877
       1      68   15.261285210  123.415372755
       1      69   16.200348111  185.487429860
       1      70   16.200348122  185.498422639
       1      71   16.815712942   26.692879328
       1      72   16.815712993   26.711939599
       1      73   17.301589012   37.345658742
       1      74   17.301589135   37.393722972
       1      75   17.627894994   30.910082051
       1      76   17.627895427   31.177613052
       1      77   18.613624056   36.421513200
       1      78   18.613625377   37.578884378
       1      79   18.800892038   21.356061575
       1      80   18.800893244   22.232636969
       1      81   19.943875562   24.255041104
       1      82   19.943876217   24.473917943
       1      83   20.086100147   22.775078319
       1      84   20.086100180   22.774183720
       1      85   21.051086457   51.005030187
       1      86   21.051086497   51.009230053
       1      87   21.767448337  244.338030718
       1      88   21.767448338  244.329238753
       1      89   21.956562666   55.498316306
       1      90   21.956562943   55.537486671
       1      91   22.406965473   97.609076501
       1      92   22.406965813   97.625865997
       1      93   24.302514657   68.048623782
       1      94   24.302514787   68.167501830
       1      95   24.837782306   56.102693899
       1      96   24.837782792   55.587598903
       1      97   24.923395169   35.917198796
       1      98   24.923395681   35.427167363
       1      99   25.307746207   47.460729458
       1     100   25.307746283   47.188418662
  0.833333333  0.333333333  0.000000000     100
       1       1  -65.453769588  -59.483232945
       1       2  -65.453767784  -60.205740528
       1       3  -42.170480528  -71.858376358
       1       4  -42.163240451  -71.371932712
       1       5  -39.636360404  -71.387428697
       1       6  -39.634235664  -74.864701805
       1       7  -39.534290873  -62.250001174
       1       8  -39.525881131  -58.122409894
       1       9  -18.334010246  -23.729033306
       1      10  -18.318231096  -23.724339097
       1      11  -17.722536141  -23.507785360
       1      12  -17.721165710  -23.510557166
       1      13  -10.245734536   -1.218415802
       1      14  -10.220717289   -0.989962391
       1      15   -9.056407288   -2.956192736
       1      16   -9.046129217   -3.145406448
       1      17   -9.017569392  -16.654470794
       1      18   -8.988062058  -16.237999071
       1      19   -8.542473732   -5.302483132
       1      20   -8.516203849   -5.418571191
       1      21   -7.289162490   -4.388151578
       1      22   -7.213012961   -4.505100009
       1      23   -6.417985922  -10.058206561
       1      24   -6.383177493  -10.238927658
       1      25   -6.168057188    7.555975434
       1      26   -6.099043121    8.626348211
       1      27   -3.445812615  -17.080378500
       1      28   -3.384031116  -23.103280012
       1      29   -2.847928885  -68.441702269
       1      30   -2.831974625  -69.868015857
       1      31   -2.645256786    1.411813444
       1      32   -2.592548728    3.342611170
       1      33   -1.170746492   -4.584320166
       1      34   -1.137569042   -4.495653879
       1      35    3.626557632    2.134555230
       1      36    3.659790283    2.300152339
       1      37    4.108825304    8.865072845
       1      38    4.114094093    9.009786059
       1      39    4.242545570   -2.582600884
       1      40    4.333528322   -2.699404738
       1      41    4.972503005    3.121407589
       1      42    4.977818154    3.337886714
       1      43    5.116610828    8.097021063
       1      44    5.119130334    8.246668789
       1      45    6.377225528  -27.784463438
       1      46    6.460976392  -30.526299774
       1      47    6.974872449    7.204413078
       1      48    7.009343513    6.929462513
       1      49    7.026518021    7.020677842
       1      50    7.073719463    9.537353931
       1      51    7.846986164   18.377728374
       1      52    7.849614407   18.382602135
       1      53    9.209835598   18.006571555
       1      54    9.248773932   17.172942552
       1      55    9.762894759   13.351567861
       1      56    9.769430820   13.444120199
       1      57   10.615497296   23.341272827
       1      58   10.660545350   24.452680797
       1      59   12.076228180   19.929009777
       1      60   12.097790442   19.997869611
       1      61   14.435838294  124.795909652
       1      62   14.441038011  128.629381838
       1      63   15.090691693   37.814095574
       1      64   15.093920908   39.884795605
       1      65   15.220724992   83.167077061
       1      66   15.223437509   82.858767973
       1      67   15.554057812   60.485801070
       1      68   15.554320986   60.307622943
       1      69   15.934143449   39.200460689
       1      70   15.970723466   39.321495601
       1      71   16.783728643   30.971957178
       1      72   16.785561949   30.610745228
       1      73   16.917464227  164.945880163
       1      74   16.921489883  168.728545700
       1      75   17.693825468  100.466352619
       1      76   17.743617103   92.926830649
       1      77   18.030567464   98.156659784
       1      78   18.035051109   98.112400934
       1      79   19.504283147   34.816447996
       1      80   19.513776558   32.148172051
       1      81   19.632764489   34.113614511
       1      82   19.640344276   36.817040980
       1      83   19.713688633   61.262371026
       1      84   19.760134364   60.945107358
       1      85   21.307645946   45.506631998
       1      86   21.392890286   48.498142828
       1      87   21.447626751   65.314623466
       1      88   21.468243013   65.123280431
       1      89   22.135011067  174.314217408
       1      90   22.137843265  174.122060221
       1      91   22.483378413   79.178410685
       1      92   22.486113856   78.421453768
       1      93   23.579832844   44.299468163
       1      94   23.587965885   43.710698325
       1      95   23.734400321   55.012711307
       1      96   23.740289694   54.754163289
       1      97   24.301639656  131.323325833
       1      98   24.324379596  135.785489140
       1      99   24.372062314   91.089147611
       1     100   24.374800737   89.227818273
  0.833333333  0.500000000  0.000000000     100
       1       1  -65.468366368  -43.284716373
       1       2  -65.468363336  -44.344347769
       1       3  -42.219224966  -68.168504979
       1       4  -42.204415918  -68.779628371
       1       5  -39.715679021  -56.471449663
       1       6  -39.696202006  -61.488404022
       1       7  -39.570621857  -73.768918139
       1       8  -39.568904342  -69.412820250
       1       9  -17.545458730  -23.798235666
       1      10  -17.506052213  -23.817683629
       1      11  -17.368638476  -21.367355660
       1      12  -17.365580517  -21.439622714
       1      13  -10.630585238  -12.350017076
       1      14  -10.619144327  -12.293884218
       1      15  -10.254309599  -13.975507015
       1      16  -10.244388213  -13.976207039
       1      17   -9.147465167   -3.839201580
       1      18   -9.142128797   -3.475426616
       1      19   -8.577061677  -10.263412887
       1      20   -8.560045765  -10.300451581
       1      21   -7.703408167   -7.328308933
       1      22   -7.638030954   -7.162347677
       1      23   -7.117239482  -11.053348060
       1      24   -7.105358871  -10.964081434
       1      25   -5.867655595    6.403031983
       1      26   -5.764842823    7.640059670
       1      27   -3.108349694 -108.395975577
       1      28   -3.088701330  -95.472161252
       1      29   -2.527623962  -46.227100295
       1      30   -2.424766142  -36.728996914
       1      31   -2.018792088    0.302684641
       1      32   -2.013996552    0.668605132
       1      33   -0.900244670    2.975606676
       1      34   -0.871181831    3.084068984
       1      35    1.945958734    1.966669322
       1      36    1.983575558    2.226210519
       1      37    3.821248438    4.660231920
       1      38    3.848373740    4.725813374
       1      39    3.878465551    4.731904465
       1      40    3.888878156    4.762353052
       1      41    4.941530698    1.247691861
       1      42    4.945479697    0.925391667
       1      43    5.062530157    9.905536916
       1      44    5.065574854    9.694188888
       1      45    5.970855252   -8.200866273
       1      46    5.985584560   -8.535457159
       1      47    7.712103498    5.474134184
       1      48    7.716249224    5.562580958
       1      49    8.225857446    8.583293248
       1      50    8.236303015    8.707612917
       1      51    9.059445555    9.184217417
       1      52    9.065215659    9.185787125
       1      53    9.639264505   19.507571023
       1      54    9.642211592   19.460200860
       1      55   10.407413523   18.092949713
       1      56   10.439783296   17.886345143
       1      57   11.974969433   21.445901262
       1      58   11.982246016   20.804253467
       1      59   13.134243477   33.347701077
       1      60   13.137580629   32.921877998
       1      61   13.174719825   22.289223332
       1      62   13.179387649   21.574483511
       1      63   14.314041772   36.805220641
       1      64   14.317398270   36.890380830
       1      65   14.782154515   34.448161818
       1      66   14.823564374   34.728557116
       1      67   15.868750472   69.434483574
       1      68   15.902549209   68.988995704
       1      69   16.231173207   35.629416216
       1      70   16.237867857   35.665883031
       1      71   16.957432014   37.628734709
       1      72   16.962786541   37.442307191
       1      73   17.403842323   52.874594084
       1      74   17.455890260   55.371973203
       1      75   17.926375250  129.529628439
       1      76   17.928271683  132.025059381
       1      77   18.305844422   83.992235914
       1      78   18.308611002   84.315529177
       1      79   19.025699518  136.000898119
       1      80   19.025794897  136.970630235
       1      81   19.939293482  143.938516183
       1      82   19.940021314  144.070182366
       1      83   19.999146149  110.895904207
       1      84   20.005206501  111.475424983
       1      85   21.135550951  214.334486694
       1      86   21.153858794  215.151514915
       1      87   21.528329007   80.042700024
       1      88   21.532852927   79.319150599
       1      89   22.096327909   72.154799174
       1      90   22.098252934   72.402916251
       1      91   22.640335968  142.327954009
       1      92   22.645722820  143.010007719
       1      93   22.798622060  187.488543978
       1      94   22.799399541  184.694500303
       1      95   23.679958349  101.573608457
       1      96   23.683919104  102.126141727
       1      97   23.952063638   77.111692356
       1      98   23.979211751   76.344536110
       1      99   24.160332079  145.758230798
       1     100   24.160699643  146.181131091
  0.833333333  0.666666667  0.000000000     100
       1       1  -65.468366580  -29.737419642
       1       2  -65.468363547  -30.168867953
       1       3  -42.219224834  -70.119160621
       1       4  -42.204415739  -70.309674341
       1       5  -39.715678857  -57.241473181
       1       6  -39.696201828  -62.053303513
       1       7  -39.570621675  -76.492071626
       1       8  -39.568904111  -71.666226757
       1       9  -17.545459956  -25.358088879
       1      10  -17.506053459  -25.376657276
       1      11  -17.368641549  -21.163634955
       1      12  -17.365583593  -21.233828111
       1      13  -10.630580341  -12.705190495
       1      14  -10.619139564  -12.637019381
       1      15  -10.254302733  -11.555691850
       1      16  -10.244381300  -11.465654738
       1      17   -9.147466908   -6.190265779
       1      18   -9.142130478   -5.959031663
       1      19   -8.577064644   -8.340759967
       1      20   -8.560048786   -8.301480733
       1      21   -7.703409912   -7.313616856
       1      22   -7.638032503   -7.066651082
       1      23   -7.117239173  -10.955978415
       1      24   -7.105358490  -10.925649266
       1      25   -5.867650816   11.046999197
       1      26   -5.764837565   12.537366365
       1      27   -3.108350988  -91.635427495
       1      28   -3.088701129  -81.124971425
       1      29   -2.527641752  -38.226470770
       1      30   -2.424782114  -30.001383087
       1      31   -2.018800718    0.056747356
       1      32   -2.014005118    0.418264492
       1      33   -0.900229130   -1.779867590
       1      34   -0.871166256   -1.699699072
       1      35    1.945964426    1.806144646
       1      36    1.983580699    2.004084108
       1      37    3.821256267    5.090591522
       1      38    3.848381793    5.337810745
       1      39    3.878473877    5.202740626
       1      40    3.888887577    4.937282780
       1      41    4.941516561    1.305818089
       1      42    4.945464888    1.061369953
       1      43    5.062525377    6.045056090
       1      44    5.065570175    5.845795402
       1      45    5.970864875   -4.336732679
       1      46    5.985593708   -4.699982745
       1      47    7.712105488    9.241886237
       1      48    7.716251308    9.295762676
       1      49    8.225873348    8.700272947
       1      50    8.236319146    8.840342983
       1      51    9.059441654    9.389786710
       1      52    9.065211984    9.470349441
       1      53    9.639269892   14.543410433
       1      54    9.642216812   14.459876047
       1      55   10.407411979   18.660686331
       1      56   10.439781078   18.407202461
       1      57   11.974981068   22.181494705
       1      58   11.982257649   21.617152365
       1      59   13.134239593   30.749087799
       1      60   13.137576515   30.423131377
       1      61   13.174709014   22.681110140
       1      62   13.179376070   22.129370900
       1      63   14.314029328   36.623167231
       1      64   14.317385852   36.719130831
       1      65   14.782136865   33.797676451
       1      66   14.823547969   33.948171238
       1      67   15.868745782   70.901922203
       1      68   15.902543807   70.546848694
       1      69   16.231157482   36.137752142
       1      70   16.237852348   36.170088628
       1      71   16.957421491   37.045204949
       1      72   16.962775909   36.886414836
       1      73   17.403839383   53.289238123
       1      74   17.455887680   55.797698301
       1      75   17.926361640  126.913526611
       1      76   17.928258771  129.388073249
       1      77   18.305840629   86.524517700
       1      78   18.308607225   86.797360940
       1      79   19.025700091  135.563219152
       1      80   19.025795813  136.569826115
       1      81   19.939298030  145.832172593
       1      82   19.940025894  146.012020212
       1      83   19.999128511  111.709950641
       1      84   20.005188838  112.285783538
       1      85   21.135556492  213.581533876
       1      86   21.153864517  214.379290237
       1      87   21.528363048   76.679114168
       1      88   21.532886996   75.951527401
       1      89   22.096341073   73.202959380
       1      90   22.098265720   73.491571507
       1      91   22.640342764  140.921849608
       1      92   22.645729643  141.573888632
       1      93   22.798636445  187.756950145
       1      94   22.799414888  184.992801364
       1      95   23.679971875  104.492040947
       1      96   23.683932983  104.988797208
       1      97   23.952069597   77.366270544
       1      98   23.979219317   76.601356813
       1      99   24.160319691  144.532720813
       1     100   24.160687085  144.994773711
  0.833333333  0.833333333  0.000000000     100
       1       1  -65.453769976  -34.522464467
       1       2  -65.453768172  -34.331919830
       1       3  -42.170480311  -75.139570389
       1       4  -42.163240145  -75.510221908
       1       5  -39.636360970  -75.204811996
       1       6  -39.634236205  -79.222985137
       1       7  -39.534289535  -64.345225725
       1       8  -39.525879699  -60.315387746
       1       9  -18.334011870  -25.228734117
       1      10  -18.318232740  -25.295510488
       1      11  -17.722541223  -24.797258803
       1      12  -17.721170797  -24.818562625
       1      13  -10.245733165   -3.836295285
       1      14  -10.220715603   -3.701596583
       1      15   -9.056401985   -0.775718204
       1      16   -9.046123450   -0.805159895
       1      17   -9.017563045  -10.644905357
       1      18   -8.988056091  -10.352938588
       1      19   -8.542472127   -4.980334001
       1      20   -8.516202501   -5.073342352
       1      21   -7.289167037   -1.394347224
       1      22   -7.213017157   -1.424189616
       1      23   -6.417984120  -11.137743416
       1      24   -6.383175595  -11.511578595
       1      25   -6.168062157   18.091782661
       1      26   -6.099047398   19.408091455
       1      27   -3.445806095  -14.299311073
       1      28   -3.384024856  -18.547557809
       1      29   -2.847938901  -47.701956883
       1      30   -2.831985123  -49.576668909
       1      31   -2.645250183   -7.320851831
       1      32   -2.592542439   -5.824815645
       1      33   -1.170745267   -3.069358222
       1      34   -1.137568382   -2.904860339
       1      35    3.626562677    2.452112142
       1      36    3.659794870    2.566395836
       1      37    4.108830899    7.381386148
       1      38    4.114099601    7.442872317
       1      39    4.242551312   -0.101454219
       1      40    4.333533334   -0.295260693
       1      41    4.972515381    5.737981486
       1      42    4.977831356    5.741147919
       1      43    5.116616797    5.848298078
       1      44    5.119136203    5.830880877
       1      45    6.377212507  -18.554881623
       1      46    6.460964283  -20.358881870
       1      47    6.974873974    9.270745844
       1      48    7.009348662    9.073749454
       1      49    7.026512330    8.974803906
       1      50    7.073709239   11.017279018
       1      51    7.846982831   20.232699009
       1      52    7.849611039   20.198134207
       1      53    9.209829181   18.253632089
       1      54    9.248767594   17.491862295
       1      55    9.762884542   10.869840124
       1      56    9.769420477   10.994509820
       1      57   10.615506824   23.814383294
       1      58   10.660553953   24.899335856
       1      59   12.076223612   15.682410210
       1      60   12.097785846   15.765990802
       1      61   14.435831234  125.170445648
       1      62   14.441031461  129.059153938
       1      63   15.090699419   37.466496327
       1      64   15.093929457   39.583583775
       1      65   15.220715233   82.478540661
       1      66   15.223427870   82.173412663
       1      67   15.554057437   60.110571486
       1      68   15.554320686   59.967191978
       1      69   15.934149628   40.418265060
       1      70   15.970729602   40.247916709
       1      71   16.783726968   31.670364811
       1      72   16.785560221   31.306767755
       1      73   16.917461854  165.357497827
       1      74   16.921487017  169.139437762
       1      75   17.693819258   99.894964992
       1      76   17.743611327   92.345938045
       1      77   18.030555118   96.332265810
       1      78   18.035038616   96.291561844
       1      79   19.504256545   34.692733156
       1      80   19.513748805   31.756660379
       1      81   19.632748834   35.158175601
       1      82   19.640331165   37.829496944
       1      83   19.713692653   66.047123317
       1      84   19.760143731   65.912093842
       1      85   21.307640237   49.614843497
       1      86   21.392883067   52.786964514
       1      87   21.447619840   64.236225915
       1      88   21.468235703   64.642267027
       1      89   22.135016117  180.186998503
       1      90   22.137848526  179.947681446
       1      91   22.483381185   77.577924779
       1      92   22.486116532   76.850772768
       1      93   23.579826100   40.810892452
       1      94   23.587958755   40.329390563
       1      95   23.734389835   54.103746075
       1      96   23.740279394   53.818823858
       1      97   24.301626942  131.420302437
       1      98   24.324366358  136.015237563
       1      99   24.372066058   89.097151238
       1     100   24.374805017   87.096421766
