{
 "n_occ": 26,
 "n_cond_bse": 2,
 "eigh_backend": "cusolvermp",
 "mesh": [
  2,
  2
 ],
 "windows": {
  "26,8": {
   "nb_window": 34,
   "rank": 4452,
   "a_band": 27,
   "window_anchored_at_Emin": true,
   "capacity_margin": 0.9093137254901961,
   "nq": 39,
   "seconds": 146.31304597854614,
   "seconds_galerkin": 25.885347366333008,
   "seconds_htransform": 120.41204500198364,
   "ms_per_q": 3087.488333384196,
   "arena_peak_gb": 0.0,
   "xla_peak_gb": null,
   "host_hwm_gb": 2.682752,
   "ongrid_max_deps_meV": 21.550185186903192,
   "ongrid_deps_per_Q_meV": {
    "+0.0000,+0.5000,+0.0000": 0.6844118829077945,
    "+0.0000,+0.0000,+0.0000": 0.12722617084089166,
    "+0.3333,+0.3333,+0.0000": 21.550185186903192
   },
   "eps_c_offgrid": [
    [
     [
      -0.11516604302796266,
      -0.11515863663694263
     ]
    ],
    [
     [
      -0.26013806784665505,
      -0.24205649903961352
     ]
    ],
    [
     [
      -0.3307793947014715,
      -0.3066486721491151
     ]
    ],
    [
     [
      -0.12254202635019529,
      -0.12043750882221682
     ]
    ],
    [
     [
      -0.13618534793523304,
      -0.12990071175666135
     ]
    ],
    [
     [
      -0.14448106293863167,
      -0.13812220350862006
     ]
    ],
    [
     [
      -0.13819057608556423,
      -0.1372788838433744
     ]
    ],
    [
     [
      -0.13895560436624962,
      -0.12799711262662675
     ]
    ],
    [
     [
      -0.2646281257573773,
      -0.1875177019581862
     ]
    ],
    [
     [
      -0.142082384407888,
      -0.141781107253145
     ]
    ],
    [
     [
      -0.16499940185342507,
      -0.1629472878434081
     ]
    ],
    [
     [
      -0.25140553201914473,
      -0.21778381868947244
     ]
    ],
    [
     [
      -0.17336994327259705,
      -0.1679416961193068
     ]
    ],
    [
     [
      -0.13951413504586907,
      -0.13875100457918488
     ]
    ],
    [
     [
      -0.20178366215554422,
      -0.17881330122118355
     ]
    ],
    [
     [
      -0.18220114544679555,
      -0.17743480062925115
     ]
    ],
    [
     [
      -0.1523135150073327,
      -0.14648687682502046
     ]
    ],
    [
     [
      -0.390514739035938,
      -0.38305425625854916
     ]
    ],
    [
     [
      -0.384756188636605,
      -0.36648290329344096
     ]
    ],
    [
     [
      -0.11342490136824585,
      -0.11342414415413361
     ]
    ],
    [
     [
      -0.2805032236122871,
      -0.2733518877658483
     ]
    ],
    [
     [
      -0.3892596590789083,
      -0.3794807258839151
     ]
    ],
    [
     [
      -0.3909963025506493,
      -0.3754955046404256
     ]
    ],
    [
     [
      -0.39054960987677345,
      -0.37524975299601576
     ]
    ],
    [
     [
      -0.14732020210157248,
      -0.14584619998468726
     ]
    ],
    [
     [
      -0.2846903466670532,
      -0.17600288454603383
     ]
    ],
    [
     [
      -0.17455747126747168,
      -0.1719793946510328
     ]
    ],
    [
     [
      -0.17511675014954908,
      -0.17295841832889006
     ]
    ],
    [
     [
      -0.17649780650886532,
      -0.17450463210985215
     ]
    ],
    [
     [
      -0.17847962762955552,
      -0.17587405613280088
     ]
    ],
    [
     [
      -0.3707945595325183,
      -0.363661136107227
     ]
    ],
    [
     [
      -0.4356069083345786,
      -0.41427488729340833
     ]
    ],
    [
     [
      -0.43047214460511635,
      -0.4079323795239004
     ]
    ],
    [
     [
      -0.2842357641031675,
      -0.2775482353081288
     ]
    ],
    [
     [
      -0.20420481949134253,
      -0.2033155402724536
     ]
    ],
    [
     [
      -0.38359081988936367,
      -0.3734239995131251
     ]
    ],
    [
     [
      -0.19775248797221143,
      -0.1847588866902262
     ]
    ],
    [
     [
      -0.22071043333204168,
      -0.1679214995842933
     ]
    ],
    [
     [
      -0.16983507490720226,
      -0.1677115705296494
     ]
    ]
   ],
   "min_transition_eV": [
    3.656019743117091,
    1.6835741454318016,
    0.7224495812706158,
    3.5556643410956803,
    3.3700374269936804,
    3.257168433416682,
    3.342754898227031,
    3.332346154428151,
    1.6224837732001087,
    3.2898041292631373,
    2.9780021093281968,
    1.8023863912505613,
    2.864115050130833,
    3.324746954640707,
    2.477526570080092,
    2.7439603797897685,
    3.150602455454302,
    -0.0902914776067054,
    -0.011942379576112935,
    3.6797091908291586,
    1.4064919850195896,
    -0.07321523866279696,
    -0.09684348538742157,
    -0.09076591973841695,
    3.2185399631986376,
    1.3495232529716732,
    2.847957902787765,
    2.840348523183586,
    2.821558287346738,
    2.7945942275580036,
    0.17801533052217283,
    -0.7038019182204556,
    -0.6339398732776574,
    1.3557081660819248,
    2.4445850343991813,
    0.003913275734288659,
    2.5323735088695694,
    2.220014636090289,
    2.912209401813096
   ],
   "M-Gamma": {
    "eps_d2_max_meV": 3794.3393239862507,
    "eps_d2_mean_meV": 1581.1250368006044,
    "mintrans_d2_max_meV": 3794.3393239862507,
    "mintrans_d2_mean_meV": 1782.862247813092
   },
   "Gamma-K": {
    "eps_d2_max_meV": 5178.322593164018,
    "eps_d2_mean_meV": 1776.8637649170346,
    "mintrans_d2_max_meV": 5178.322593164018,
    "mintrans_d2_mean_meV": 2005.2423366356852
   }
  }
 },
 "failures": {},
 "gpu_used_before_jax_gb": null,
 "bfc_bytes_limit_gb": null
}