{
 "n_occ": 26,
 "n_cond_bse": 2,
 "eigh_backend": "off",
 "mesh": [
  2,
  2
 ],
 "windows": {
  "8,4": {
   "nb_window": 12,
   "rank": 1728,
   "a_band": 9,
   "window_anchored_at_Emin": false,
   "capacity_margin": 1.0,
   "nq": 39,
   "seconds": 14.990978240966797,
   "seconds_galerkin": 11.912709951400757,
   "seconds_htransform": 3.05789852142334,
   "ms_per_q": 78.40765439547025,
   "arena_peak_gb": 0.0,
   "xla_peak_gb": null,
   "host_hwm_gb": 2.43142,
   "ongrid_max_deps_meV": 1.5816255228980248e-07,
   "ongrid_deps_per_Q_meV": {
    "+0.0000,+0.5000,+0.0000": 1.718234615695341e-11,
    "+0.0000,+0.0000,+0.0000": 4.5316077776580426e-12,
    "+0.3333,+0.3333,+0.0000": 1.5816255228980248e-07
   },
   "eps_c_offgrid": [
    [
     [
      -0.11511573970066731,
      -0.11511573970066648
     ]
    ],
    [
     [
      -0.13337410923659515,
      -0.1325923143377647
     ]
    ],
    [
     [
      -0.1402437155613562,
      -0.14022458963666593
     ]
    ],
    [
     [
      -0.12283912458280603,
      -0.12271851437547195
     ]
    ],
    [
     [
      -0.15713746734734343,
      -0.1562277504766429
     ]
    ],
    [
     [
      -0.16292371319103557,
      -0.1616853154502032
     ]
    ],
    [
     [
      -0.1378357624329872,
      -0.13623967635807624
     ]
    ],
    [
     [
      -0.15978184993601255,
      -0.15971212695705903
     ]
    ],
    [
     [
      -0.18659942107021987,
      -0.18654521097051494
     ]
    ],
    [
     [
      -0.16670974807288005,
      -0.1666901041181007
     ]
    ],
    [
     [
      -0.16020955708914622,
      -0.15453994635266968
     ]
    ],
    [
     [
      -0.1668746666648289,
      -0.15212019826094628
     ]
    ],
    [
     [
      -0.16021277170230772,
      -0.14826748825805014
     ]
    ],
    [
     [
      -0.20088657263206483,
      -0.20087898900840503
     ]
    ],
    [
     [
      -0.32165689211753834,
      -0.32157318386875
     ]
    ],
    [
     [
      -0.25088231854412363,
      -0.2507283897607303
     ]
    ],
    [
     [
      -0.1218206729872733,
      -0.11778767441246024
     ]
    ],
    [
     [
      -0.1408667784040093,
      -0.13741109554636977
     ]
    ],
    [
     [
      -0.14406508509471866,
      -0.14402843815307537
     ]
    ],
    [
     [
      -0.11341555042056053,
      -0.11341555042056037
     ]
    ],
    [
     [
      -0.16727528897493973,
      -0.16541747803899828
     ]
    ],
    [
     [
      -0.23230537487662098,
      -0.23019816054467762
     ]
    ],
    [
     [
      -0.32791173227411535,
      -0.31437724827575925
     ]
    ],
    [
     [
      -0.2795114384727067,
      -0.2724377576463788
     ]
    ],
    [
     [
      -0.1461737558756274,
      -0.14545981646664993
     ]
    ],
    [
     [
      -0.15967556180648962,
      -0.15558646812821128
     ]
    ],
    [
     [
      -0.16972316734171372,
      -0.16425576756547414
     ]
    ],
    [
     [
      -0.1764430684610958,
      -0.17288278834432713
     ]
    ],
    [
     [
      -0.17718671037014413,
      -0.1743978552706251
     ]
    ],
    [
     [
      -0.17819486590919686,
      -0.1736983831910658
     ]
    ],
    [
     [
      -0.17689182543903745,
      -0.16879249625764758
     ]
    ],
    [
     [
      -0.17021111390327665,
      -0.15802803880184468
     ]
    ],
    [
     [
      -0.16030595179461357,
      -0.14760158652132066
     ]
    ],
    [
     [
      -0.14862261748186575,
      -0.14389154928803913
     ]
    ],
    [
     [
      -0.20688253818014973,
      -0.1967748537344076
     ]
    ],
    [
     [
      -0.2838362725303975,
      -0.2753249227333748
     ]
    ],
    [
     [
      -0.29901903624243037,
      -0.29743136970020206
     ]
    ],
    [
     [
      -0.23965745088759213,
      -0.23566748361432294
     ]
    ],
    [
     [
      -0.16825116607424961,
      -0.16758751885207301
     ]
    ]
   ],
   "min_transition_eV": [
    3.6567041549999826,
    3.4082862919185213,
    3.3148205024322253,
    3.551622112246866,
    3.084969216431824,
    3.0062433025474804,
    3.3475823856536535,
    3.0489905453596693,
    2.684118769646849,
    2.9547316550781386,
    3.0431712909735067,
    2.9524878225106295,
    3.043127553917433,
    2.489732099274635,
    0.8465675970330028,
    1.8095050758157087,
    3.565478857150419,
    3.306343297519006,
    3.2628281023630668,
    3.6798364169999944,
    2.947037076320798,
    2.0622573623429825,
    0.7614661304121493,
    1.4199859141749667,
    3.234138164397637,
    3.0504366695579477,
    2.9137319823604226,
    2.8223030366974067,
    2.812185269413746,
    2.7984686095459295,
    2.816197384750567,
    2.9070931287715034,
    3.0418597737157667,
    3.2008196927779826,
    2.408152802413853,
    1.3611435278009045,
    1.1545714289290823,
    1.9622272359801627,
    2.9337595871581614
   ],
   "M-Gamma": {
    "eps_d2_max_meV": 2606.101981024338,
    "eps_d2_mean_meV": 644.0350314229944,
    "mintrans_d2_max_meV": 2606.101981024338,
    "mintrans_d2_mean_meV": 650.2875979796218
   },
   "Gamma-K": {
    "eps_d2_max_meV": 1997.8537450623594,
    "eps_d2_mean_meV": 497.9367473643679,
    "mintrans_d2_max_meV": 1997.8537450623594,
    "mintrans_d2_mean_meV": 514.1755076113237
   }
  }
 },
 "failures": {},
 "gpu_used_before_jax_gb": null,
 "bfc_bytes_limit_gb": null
}