{
 "n_occ": 26,
 "n_cond_bse": 2,
 "eigh_backend": "slate",
 "mesh": [
  2,
  2
 ],
 "windows": {
  "8,4": {
   "nb_window": 12,
   "rank": 1728,
   "a_band": 9,
   "window_anchored_at_Emin": false,
   "capacity_margin": 1.0,
   "nq": 39,
   "seconds": 136.34175896644592,
   "seconds_galerkin": 11.750284194946289,
   "seconds_htransform": 124.57654023170471,
   "ms_per_q": 3194.270262351403,
   "arena_peak_gb": 0.0,
   "xla_peak_gb": null,
   "host_hwm_gb": 2.654384,
   "ongrid_max_deps_meV": 1.5816481809369128e-07,
   "ongrid_deps_per_Q_meV": {
    "+0.0000,+0.5000,+0.0000": 1.8692882082839426e-11,
    "+0.0000,+0.0000,+0.0000": 6.797411666487063e-12,
    "+0.3333,+0.3333,+0.0000": 1.5816481809369128e-07
   },
   "eps_c_offgrid": [
    [
     [
      -0.11511573970066742,
      -0.11511573970066492
     ]
    ],
    [
     [
      -0.13337410923659643,
      -0.13259231433776494
     ]
    ],
    [
     [
      -0.1402437155613567,
      -0.1402245896366659
     ]
    ],
    [
     [
      -0.12283912458280702,
      -0.12271851437547265
     ]
    ],
    [
     [
      -0.15713746734734402,
      -0.15622775047664322
     ]
    ],
    [
     [
      -0.16292371319103516,
      -0.16168531545020315
     ]
    ],
    [
     [
      -0.137835762432987,
      -0.1362396763580748
     ]
    ],
    [
     [
      -0.15978184993601233,
      -0.15971212695705897
     ]
    ],
    [
     [
      -0.18659942107022,
      -0.1865452109705149
     ]
    ],
    [
     [
      -0.1667097480728801,
      -0.16669010411810128
     ]
    ],
    [
     [
      -0.1602095570891464,
      -0.15453994635267027
     ]
    ],
    [
     [
      -0.16687466666482872,
      -0.1521201982609459
     ]
    ],
    [
     [
      -0.16021277170230785,
      -0.1482674882580505
     ]
    ],
    [
     [
      -0.20088657263206453,
      -0.20087898900840517
     ]
    ],
    [
     [
      -0.32165689211753823,
      -0.32157318386875
     ]
    ],
    [
     [
      -0.25088231854412474,
      -0.2507283897607306
     ]
    ],
    [
     [
      -0.12182067298727425,
      -0.1177876744124603
     ]
    ],
    [
     [
      -0.14086677840400905,
      -0.13741109554636943
     ]
    ],
    [
     [
      -0.14406508509471871,
      -0.14402843815307498
     ]
    ],
    [
     [
      -0.1134155504205607,
      -0.11341555042056024
     ]
    ],
    [
     [
      -0.16727528897493976,
      -0.1654174780389983
     ]
    ],
    [
     [
      -0.23230537487662115,
      -0.23019816054467782
     ]
    ],
    [
     [
      -0.3279117322741154,
      -0.3143772482757595
     ]
    ],
    [
     [
      -0.2795114384727069,
      -0.2724377576463785
     ]
    ],
    [
     [
      -0.1461737558756276,
      -0.14545981646664993
     ]
    ],
    [
     [
      -0.15967556180648967,
      -0.15558646812821075
     ]
    ],
    [
     [
      -0.1697231673417133,
      -0.16425576756547422
     ]
    ],
    [
     [
      -0.17644306846109598,
      -0.17288278834432694
     ]
    ],
    [
     [
      -0.17718671037014447,
      -0.17439785527062573
     ]
    ],
    [
     [
      -0.17819486590919661,
      -0.17369838319106573
     ]
    ],
    [
     [
      -0.17689182543903742,
      -0.16879249625764747
     ]
    ],
    [
     [
      -0.17021111390327576,
      -0.15802803880184416
     ]
    ],
    [
     [
      -0.16030595179461332,
      -0.1476015865213206
     ]
    ],
    [
     [
      -0.148622617481865,
      -0.1438915492880381
     ]
    ],
    [
     [
      -0.20688253818014965,
      -0.1967748537344078
     ]
    ],
    [
     [
      -0.2838362725303976,
      -0.2753249227333749
     ]
    ],
    [
     [
      -0.2990190362424305,
      -0.29743136970020195
     ]
    ],
    [
     [
      -0.23965745088759224,
      -0.2356674836143229
     ]
    ],
    [
     [
      -0.16825116607424945,
      -0.16758751885207276
     ]
    ]
   ],
   "min_transition_eV": [
    3.656704154999981,
    3.408286291918504,
    3.3148205024322186,
    3.5516221122468523,
    3.0849692164318165,
    3.0062433025474857,
    3.347582385653656,
    3.0489905453596724,
    2.684118769646847,
    2.954731655078138,
    3.0431712909735045,
    2.9524878225106317,
    3.043127553917431,
    2.4897320992746392,
    0.8465675970330043,
    1.8095050758156936,
    3.565478857150406,
    3.3063432975190095,
    3.262828102363066,
    3.679836416999993,
    2.9470370763207976,
    2.0622573623429803,
    0.7614661304121485,
    1.4199859141749644,
    3.2341381643976344,
    3.050436669557947,
    2.9137319823604284,
    2.8223030366974045,
    2.812185269413741,
    2.798468609545933,
    2.8161973847505672,
    2.907093128771516,
    3.04185977371577,
    3.200819692777993,
    2.4081528024138543,
    1.361143527800903,
    1.1545714289290807,
    1.9622272359801611,
    2.9337595871581637
   ],
   "M-Gamma": {
    "eps_d2_max_meV": 2606.1019810243233,
    "eps_d2_mean_meV": 644.035031422992,
    "mintrans_d2_max_meV": 2606.101981024324,
    "mintrans_d2_mean_meV": 650.2875979796194
   },
   "Gamma-K": {
    "eps_d2_max_meV": 1997.8537450623573,
    "eps_d2_mean_meV": 497.9367473643675,
    "mintrans_d2_max_meV": 1997.8537450623573,
    "mintrans_d2_mean_meV": 514.1755076113236
   }
  }
 },
 "failures": {},
 "gpu_used_before_jax_gb": null,
 "bfc_bytes_limit_gb": null
}