# Generated by LORRAX 0.1.0 at 2026-07-02 19:19:37 UTC
# Sigma frequency debug decomposition (per-(k, n) diagonals; all energies in eV).
# k               	n               	E_dft           	Edft-Ef         	kin_ion         	V_H             	x_bare          	x_head          	sex_0           	coh_0           	sex_head        	coh_head        	eqp0            	eqp1            

k-point 0:
               0	               0	      -65.372253	      -65.372253	      +29.046455	     +586.888069	      -40.027975	       -3.563713	      -16.189783	      -12.986790	       -1.601456	       -0.981128	     +546.729977	     +546.729977
               0	               1	      -65.372253	      -65.372253	      +29.046455	     +586.888069	      -40.027975	       -3.563713	      -16.189783	      -12.986790	       -1.601456	       -0.981128	     +546.729977	     +546.729977
               0	               2	      -41.997239	      -41.997239	      +51.436583	     +584.957101	      -33.999264	       -3.563713	      -13.282934	      -11.743385	       -1.601456	       -0.981128	     +577.368101	     +577.368101
               0	               3	      -41.997239	      -41.997239	      +51.436583	     +584.957101	      -33.999264	       -3.563713	      -13.282934	      -11.743385	       -1.601456	       -0.981128	     +577.368101	     +577.368101
               0	               4	      -39.497235	      -39.497235	      +48.363182	     +579.024137	      -33.328867	       -3.563713	      -12.988189	      -11.579347	       -1.601456	       -0.981128	     +569.490917	     +569.490917
               0	               5	      -39.497235	      -39.497235	      +48.363182	     +579.024137	      -33.328867	       -3.563713	      -12.988189	      -11.579347	       -1.601456	       -0.981128	     +569.490917	     +569.490917
               0	               6	      -39.272877	      -39.272877	      +49.569632	     +589.368974	      -33.403064	       -3.563713	      -13.010824	      -11.643710	       -1.601456	       -0.981128	     +580.881009	     +580.881009
               0	               7	      -39.272877	      -39.272877	      +49.569632	     +589.368974	      -33.403064	       -3.563713	      -13.010824	      -11.643710	       -1.601456	       -0.981128	     +580.881009	     +580.881009
               0	               8	      -19.398604	      -19.398604	       +9.477705	     +386.206781	      -22.470735	       -3.563713	       -7.863225	       -9.076976	       -1.601456	       -0.981128	     +356.273550	     +356.273550
               0	               9	      -19.398604	      -19.398604	       +9.477705	     +386.206781	      -22.470735	       -3.563713	       -7.863225	       -9.076976	       -1.601456	       -0.981128	     +356.273550	     +356.273550
               0	              10	      -18.214280	      -18.214280	      +12.284206	     +355.332756	      -22.259456	       -3.563713	       -7.770227	       -9.186926	       -1.601456	       -0.981128	     +328.400354	     +328.400354
               0	              11	      -18.214280	      -18.214280	      +12.284206	     +355.332756	      -22.259456	       -3.563713	       -7.770227	       -9.186926	       -1.601456	       -0.981128	     +328.400354	     +328.400354
               0	              12	      -10.873768	      -10.873768	      +18.868760	     +394.732163	      -18.150468	       -3.563713	       -7.127784	       -7.999235	       -1.601456	       -0.981128	     +380.323437	     +380.323437
               0	              13	      -10.873768	      -10.873768	      +18.868760	     +394.732163	      -18.150468	       -3.563713	       -7.127784	       -7.999235	       -1.601456	       -0.981128	     +380.323437	     +380.323437
               0	              14	       -7.815640	       -7.815640	      +37.835671	     +494.042905	      -19.081744	       -3.563713	       -8.180392	       -8.446373	       -1.601456	       -0.981128	     +496.170066	     +496.170066
               0	              15	       -7.815640	       -7.815640	      +37.835671	     +494.042905	      -19.081744	       -3.563713	       -8.180392	       -8.446373	       -1.601456	       -0.981128	     +496.170066	     +496.170066
               0	              16	       -7.759785	       -7.759785	      +36.901147	     +489.243674	      -18.929556	       -3.563713	       -8.112424	       -8.428503	       -1.601456	       -0.981128	     +490.674338	     +490.674338
               0	              17	       -7.759785	       -7.759785	      +36.901147	     +489.243674	      -18.929556	       -3.563713	       -8.112424	       -8.428503	       -1.601456	       -0.981128	     +490.674338	     +490.674338
               0	              18	       -7.145276	       -7.145276	      +20.749566	     +302.039965	      -16.532102	       -3.563713	       -6.616024	       -7.781938	       -1.601456	       -0.981128	     +291.859466	     +291.859466
               0	              19	       -7.145276	       -7.145276	      +20.749566	     +302.039965	      -16.532102	       -3.563713	       -6.616024	       -7.781938	       -1.601456	       -0.981128	     +291.859466	     +291.859466
               0	              20	       -6.779803	       -6.779803	      +40.204986	     +456.942562	      -18.677860	       -3.563713	       -8.321431	       -8.434736	       -1.601456	       -0.981128	     +461.713520	     +461.713520
               0	              21	       -6.779803	       -6.779803	      +40.204986	     +456.942562	      -18.677860	       -3.563713	       -8.321431	       -8.434736	       -1.601456	       -0.981128	     +461.713520	     +461.713520
               0	              22	       -6.699109	       -6.699109	      +39.931230	     +456.364270	      -18.582705	       -3.563713	       -8.297460	       -8.417987	       -1.601456	       -0.981128	     +460.997349	     +460.997349
               0	              23	       -6.699109	       -6.699109	      +39.931230	     +456.364270	      -18.582705	       -3.563713	       -8.297460	       -8.417987	       -1.601456	       -0.981128	     +460.997349	     +460.997349
               0	              24	       -5.386093	       -5.386093	      +41.857618	     +412.834993	      -17.280047	       -3.563713	       -7.853278	       -8.145886	       -1.601456	       -0.981128	     +421.413401	     +421.413401
               0	              25	       -5.386093	       -5.386093	      +41.857618	     +412.834993	      -17.280047	       -3.563713	       -7.853278	       -8.145886	       -1.601456	       -0.981128	     +421.413401	     +421.413401
               0	              26	       -2.581488	       -2.581488	      +43.570119	     +424.365205	      -11.057001	       +0.000000	       -5.135701	       -8.126348	       +0.000000	       -0.981128	     +443.616274	     +443.616274
               0	              27	       -2.581488	       -2.581488	      +43.570119	     +424.365205	      -11.057001	       +0.000000	       -5.135701	       -8.126348	       +0.000000	       -0.981128	     +443.616274	     +443.616274
               0	              28	       -2.505729	       -2.505729	      +43.295990	     +422.474326	      -10.993233	       +0.000000	       -5.106932	       -8.121508	       +0.000000	       -0.981128	     +441.548642	     +441.548642
               0	              29	       -2.505729	       -2.505729	      +43.295990	     +422.474326	      -10.993233	       +0.000000	       -5.106932	       -8.121508	       +0.000000	       -0.981128	     +441.548642	     +441.548642
               0	              30	       -2.332526	       -2.332526	      +42.421203	     +407.928581	      -11.105217	       +0.000000	       -4.975171	       -8.288563	       +0.000000	       -0.981128	     +425.980832	     +425.980832
               0	              31	       -2.332526	       -2.332526	      +42.421203	     +407.928581	      -11.105217	       +0.000000	       -4.975171	       -8.288563	       +0.000000	       -0.981128	     +425.980832	     +425.980832
               0	              32	       -2.326587	       -2.326587	      +42.289590	     +405.625151	      -11.117126	       +0.000000	       -4.969804	       -8.280708	       +0.000000	       -0.981128	     +423.547104	     +423.547104
               0	              33	       -2.326587	       -2.326587	      +42.289590	     +405.625151	      -11.117126	       +0.000000	       -4.969804	       -8.280708	       +0.000000	       -0.981128	     +423.547104	     +423.547104
               0	              34	       +1.113320	       +1.113320	      +24.044532	     +430.763813	       -6.081511	       +0.000000	       -3.203026	       -6.542793	       +0.000000	       -0.981128	     +438.981016	     +438.981016
               0	              35	       +1.113320	       +1.113320	      +24.044532	     +430.763813	       -6.081511	       +0.000000	       -3.203026	       -6.542793	       +0.000000	       -0.981128	     +438.981016	     +438.981016
               0	              36	       +3.714014	       +3.714014	      +27.477083	     +337.328771	       -5.749793	       +0.000000	       -3.126458	       -6.136251	       +0.000000	       -0.981128	     +349.793351	     +349.793351
               0	              37	       +3.714014	       +3.714014	      +27.477083	     +337.328771	       -5.749793	       +0.000000	       -3.126458	       -6.136251	       +0.000000	       -0.981128	     +349.793351	     +349.793351
               0	              38	       +3.951991	       +3.951991	      +21.757483	     +136.142085	       -3.985995	       +0.000000	       -2.214553	       -4.981446	       +0.000000	       -0.981128	     +146.717575	     +146.717575
               0	              39	       +3.951991	       +3.951991	      +21.757483	     +136.142085	       -3.985995	       +0.000000	       -2.214553	       -4.981446	       +0.000000	       -0.981128	     +146.717575	     +146.717575
               0	              40	       +4.776397	       +4.776397	      +14.550336	      +23.819866	       -2.537069	       +0.000000	       -1.406499	       -4.409379	       +0.000000	       -0.981128	      +30.017254	      +30.017254
               0	              41	       +4.776397	       +4.776397	      +14.550336	      +23.819866	       -2.537069	       +0.000000	       -1.406499	       -4.409379	       +0.000000	       -0.981128	      +30.017254	      +30.017254
               0	              42	       +5.486224	       +5.486224	      +34.714249	     +363.101471	       -5.828932	       +0.000000	       -3.241246	       -6.088503	       +0.000000	       -0.981128	     +382.657040	     +382.657040
               0	              43	       +5.486224	       +5.486224	      +34.714249	     +363.101471	       -5.828932	       +0.000000	       -3.241246	       -6.088503	       +0.000000	       -0.981128	     +382.657040	     +382.657040
               0	              44	       +5.562327	       +5.562327	      +34.721519	     +361.614533	       -5.823699	       +0.000000	       -3.233834	       -6.073311	       +0.000000	       -0.981128	     +381.205208	     +381.205208
               0	              45	       +5.562327	       +5.562327	      +34.721519	     +361.614533	       -5.823699	       +0.000000	       -3.233834	       -6.073311	       +0.000000	       -0.981128	     +381.205208	     +381.205208
               0	              46	       +7.461580	       +7.461580	      +39.388634	     +333.305641	       -5.649373	       +0.000000	       -3.269761	       -6.046126	       +0.000000	       -0.981128	     +357.729016	     +357.729016
               0	              47	       +7.461580	       +7.461580	      +39.388634	     +333.305641	       -5.649373	       +0.000000	       -3.269761	       -6.046126	       +0.000000	       -0.981128	     +357.729016	     +357.729016
               0	              48	       +7.478940	       +7.478940	      +39.423059	     +334.269123	       -5.655527	       +0.000000	       -3.271474	       -6.004214	       +0.000000	       -0.981128	     +358.760967	     +358.760967
               0	              49	       +7.478940	       +7.478940	      +39.423059	     +334.269123	       -5.655527	       +0.000000	       -3.271474	       -6.004214	       +0.000000	       -0.981128	     +358.760967	     +358.760967
               0	              50	       +7.640758	       +7.640758	      +39.779355	     +284.093217	       -5.733538	       +0.000000	       -3.345156	       -5.985712	       +0.000000	       -0.981128	     +308.808166	     +308.808166
               0	              51	       +7.640758	       +7.640758	      +39.779355	     +284.093217	       -5.733538	       +0.000000	       -3.345156	       -5.985712	       +0.000000	       -0.981128	     +308.808166	     +308.808166
               0	              52	      +10.750584	      +10.750584	      +46.967980	     +316.339468	       -5.323190	       +0.000000	       -3.292031	       -5.720203	       +0.000000	       -0.981128	     +348.972024	     +348.972024
               0	              53	      +10.750584	      +10.750584	      +46.967980	     +316.339468	       -5.323190	       +0.000000	       -3.292031	       -5.720203	       +0.000000	       -0.981128	     +348.972024	     +348.972024
               0	              54	      +10.765263	      +10.765263	      +46.999011	     +316.362802	       -5.322479	       +0.000000	       -3.292976	       -5.714677	       +0.000000	       -0.981128	     +349.031680	     +349.031680
               0	              55	      +10.765263	      +10.765263	      +46.999011	     +316.362802	       -5.322479	       +0.000000	       -3.292976	       -5.714677	       +0.000000	       -0.981128	     +349.031680	     +349.031680
               0	              56	      +10.847685	      +10.847685	      +27.096364	     +359.967425	       -3.361468	       +0.000000	       -2.149017	       -4.828790	       +0.000000	       -0.981128	     +376.724514	     +376.724514
               0	              57	      +10.847685	      +10.847685	      +27.096364	     +359.967425	       -3.361468	       +0.000000	       -2.149017	       -4.828790	       +0.000000	       -0.981128	     +376.724514	     +376.724514
               0	              58	      +11.103919	      +11.103919	      +52.071325	     +331.684139	       -5.891416	       +0.000000	       -3.644198	       -5.967896	       +0.000000	       -0.981128	     +368.251955	     +368.251955
               0	              59	      +11.103919	      +11.103919	      +52.071325	     +331.684139	       -5.891416	       +0.000000	       -3.644198	       -5.967896	       +0.000000	       -0.981128	     +368.251955	     +368.251955
               0	              60	      +11.110759	      +11.110759	      +52.215015	     +331.429405	       -5.910055	       +0.000000	       -3.652961	       -5.921102	       +0.000000	       -0.981128	     +368.160301	     +368.160301
               0	              61	      +11.110759	      +11.110759	      +52.215015	     +331.429405	       -5.910055	       +0.000000	       -3.652961	       -5.921102	       +0.000000	       -0.981128	     +368.160301	     +368.160301
               0	              62	      +11.238346	      +11.238346	      +20.779968	     +169.428971	       -2.426218	       +0.000000	       -1.597545	       -3.899729	       +0.000000	       -0.981128	     +182.285447	     +182.285447
               0	              63	      +11.238346	      +11.238346	      +20.779968	     +169.428971	       -2.426218	       +0.000000	       -1.597545	       -3.899729	       +0.000000	       -0.981128	     +182.285447	     +182.285447
               0	              64	      +14.009905	      +14.009905	      +23.572159	     +146.124974	       -2.063869	       +0.000000	       -1.451613	       -3.131090	       +0.000000	       -0.981128	     +163.050560	     +163.050560
               0	              65	      +14.009905	      +14.009905	      +23.572159	     +146.124974	       -2.063869	       +0.000000	       -1.451613	       -3.131090	       +0.000000	       -0.981128	     +163.050560	     +163.050560
               0	              66	      +14.263648	      +14.263648	      +24.020481	      +93.057886	       -1.950468	       +0.000000	       -1.369586	       -3.508223	       +0.000000	       -0.981128	     +110.250092	     +110.250092
               0	              67	      +14.263648	      +14.263648	      +24.020481	      +93.057886	       -1.950468	       +0.000000	       -1.369586	       -3.508223	       +0.000000	       -0.981128	     +110.250092	     +110.250092
               0	              68	      +14.654708	      +14.654708	      +31.957909	     +147.095347	       -2.874459	       +0.000000	       -1.916178	       -3.810324	       +0.000000	       -0.981128	     +170.452293	     +170.452293
               0	              69	      +14.654708	      +14.654708	      +31.957909	     +147.095347	       -2.874459	       +0.000000	       -1.916178	       -3.810324	       +0.000000	       -0.981128	     +170.452293	     +170.452293
               0	              70	      +16.051969	      +16.051969	      +21.426708	     +200.494778	       -1.651513	       +0.000000	       -1.148340	       -2.699742	       +0.000000	       -0.981128	     +216.421890	     +216.421890
               0	              71	      +16.051969	      +16.051969	      +21.426708	     +200.494778	       -1.651513	       +0.000000	       -1.148340	       -2.699742	       +0.000000	       -0.981128	     +216.421890	     +216.421890
               0	              72	      +18.076102	      +18.076102	      +40.962799	     +288.024501	       -3.237716	       +0.000000	       -2.370382	       -3.809583	       +0.000000	       -0.981128	     +319.569620	     +319.569620
               0	              73	      +18.076102	      +18.076102	      +40.962800	     +288.024501	       -3.237716	       +0.000000	       -2.370382	       -3.809583	       +0.000000	       -0.981128	     +319.569620	     +319.569620
               0	              74	      +18.251525	      +18.251525	      +40.374282	     +281.208128	       -3.175003	       +0.000000	       -2.317417	       -3.389250	       +0.000000	       -0.981128	     +312.700741	     +312.700741
               0	              75	      +18.251525	      +18.251525	      +40.374282	     +281.208128	       -3.175003	       +0.000000	       -2.317417	       -3.389250	       +0.000000	       -0.981128	     +312.700740	     +312.700740
               0	              76	      +20.596318	      +20.596318	      +35.278392	     +156.923743	       -2.263913	       +0.000000	       -1.638035	       -3.109026	       +0.000000	       -0.981128	     +185.191160	     +185.191160
               0	              77	      +20.596318	      +20.596318	      +35.278392	     +156.923743	       -2.263913	       +0.000000	       -1.638035	       -3.109026	       +0.000000	       -0.981128	     +185.191160	     +185.191160
               0	              78	      +20.815168	      +20.815168	      +36.342655	     +144.528068	       -1.999393	       +0.000000	       -1.485106	       -2.926869	       +0.000000	       -0.981128	     +174.459354	     +174.459354
               0	              79	      +20.815168	      +20.815168	      +36.342655	     +144.528068	       -1.999393	       +0.000000	       -1.485106	       -2.926869	       +0.000000	       -0.981128	     +174.459354	     +174.459354

k-point 1:
               1	               0	      -65.392799	      -65.392799	      +29.311577	     +592.343369	      -40.107535	       -3.563713	      -16.206607	      -13.021126	       -1.601456	       -0.981128	     +552.319679	     +552.319679
               1	               1	      -65.392799	      -65.392799	      +29.311577	     +592.343369	      -40.107535	       -3.563713	      -16.206607	      -13.021126	       -1.601456	       -0.981128	     +552.319679	     +552.319679
               1	               2	      -42.080407	      -42.080407	      +50.926996	     +585.133963	      -34.012041	       -3.563713	      -13.266043	      -11.729287	       -1.601456	       -0.981128	     +577.053587	     +577.053587
               1	               3	      -42.080407	      -42.080407	      +50.926996	     +585.133963	      -34.012041	       -3.563713	      -13.266043	      -11.729287	       -1.601456	       -0.981128	     +577.053588	     +577.053588
               1	               4	      -39.576634	      -39.576634	      +47.748863	     +581.609912	      -33.351813	       -3.563713	      -12.962153	      -11.568595	       -1.601456	       -0.981128	     +571.476215	     +571.476215
               1	               5	      -39.576634	      -39.576634	      +47.748863	     +581.609912	      -33.351813	       -3.563713	      -12.962153	      -11.568595	       -1.601456	       -0.981128	     +571.476216	     +571.476216
               1	               6	      -39.426548	      -39.426548	      +48.742352	     +584.671581	      -33.368238	       -3.563713	      -12.986754	      -11.606385	       -1.601456	       -0.981128	     +575.452556	     +575.452556
               1	               7	      -39.426548	      -39.426548	      +48.742353	     +584.671581	      -33.368238	       -3.563713	      -12.986754	      -11.606385	       -1.601456	       -0.981128	     +575.452556	     +575.452556
               1	               8	      -18.084493	      -18.084493	      +13.069808	     +384.782931	      -22.424984	       -3.563713	       -7.924882	       -9.231695	       -1.601456	       -0.981128	     +358.271178	     +358.271178
               1	               9	      -18.084493	      -18.084493	      +13.069808	     +384.782931	      -22.424984	       -3.563713	       -7.924882	       -9.231695	       -1.601456	       -0.981128	     +358.271178	     +358.271178
               1	              10	      -17.638783	      -17.638783	      +13.836883	     +370.681020	      -22.382128	       -3.563713	       -7.875338	       -9.288262	       -1.601456	       -0.981128	     +344.972175	     +344.972175
               1	              11	      -17.638783	      -17.638783	      +13.836883	     +370.681020	      -22.382128	       -3.563713	       -7.875338	       -9.288262	       -1.601456	       -0.981128	     +344.972175	     +344.972175
               1	              12	      -10.524665	      -10.524665	      +22.254093	     +420.673813	      -18.394313	       -3.563713	       -7.356096	       -8.137176	       -1.601456	       -0.981128	     +409.040321	     +409.040321
               1	              13	      -10.524665	      -10.524665	      +22.254093	     +420.673813	      -18.394313	       -3.563713	       -7.356096	       -8.137176	       -1.601456	       -0.981128	     +409.040322	     +409.040322
               1	              14	       -9.566583	       -9.566583	      +23.065894	     +380.897995	      -17.846350	       -3.563713	       -7.245426	       -8.125786	       -1.601456	       -0.981128	     +370.746328	     +370.746328
               1	              15	       -9.566583	       -9.566583	      +23.065895	     +380.897995	      -17.846350	       -3.563713	       -7.245426	       -8.125786	       -1.601456	       -0.981128	     +370.746329	     +370.746329
               1	              16	       -9.176330	       -9.176330	      +21.632779	     +376.535911	      -17.747467	       -3.563713	       -7.112376	       -8.118057	       -1.601456	       -0.981128	     +365.190790	     +365.190790
               1	              17	       -9.176330	       -9.176330	      +21.632779	     +376.535911	      -17.747467	       -3.563713	       -7.112376	       -8.118057	       -1.601456	       -0.981128	     +365.190790	     +365.190790
               1	              18	       -8.120290	       -8.120290	      +34.386661	     +447.730241	      -18.833620	       -3.563713	       -8.074898	       -8.405297	       -1.601456	       -0.981128	     +446.803087	     +446.803087
               1	              19	       -8.120290	       -8.120290	      +34.386663	     +447.730241	      -18.833620	       -3.563713	       -8.074898	       -8.405297	       -1.601456	       -0.981128	     +446.803088	     +446.803088
               1	              20	       -7.044058	       -7.044058	      +24.668662	     +322.648582	      -17.174260	       -3.563713	       -6.974492	       -8.109160	       -1.601456	       -0.981128	     +315.059332	     +315.059332
               1	              21	       -7.044058	       -7.044058	      +24.668663	     +322.648582	      -17.174260	       -3.563713	       -6.974492	       -8.109160	       -1.601456	       -0.981128	     +315.059333	     +315.059333
               1	              22	       -6.595082	       -6.595082	      +32.360521	     +425.773718	      -17.885634	       -3.563713	       -7.547176	       -8.342981	       -1.601456	       -0.981128	     +424.358448	     +424.358448
               1	              23	       -6.595079	       -6.595079	      +32.360475	     +425.773718	      -17.885634	       -3.563713	       -7.547176	       -8.342981	       -1.601456	       -0.981128	     +424.358402	     +424.358402
               1	              24	       -6.289900	       -6.289900	      +38.267526	     +467.217876	      -17.480973	       -3.563713	       -7.786831	       -8.148444	       -1.601456	       -0.981128	     +472.069154	     +472.069154
               1	              25	       -6.289896	       -6.289896	      +38.267480	     +467.217876	      -17.480973	       -3.563713	       -7.786831	       -8.148444	       -1.601456	       -0.981128	     +472.069107	     +472.069107
               1	              26	       -3.056465	       -3.056465	      +53.234556	     +482.824400	      -12.352189	       +0.000000	       -5.972392	       -8.351954	       +0.000000	       -0.981128	     +509.382420	     +509.382420
               1	              27	       -3.056463	       -3.056463	      +53.234586	     +482.824400	      -12.352189	       +0.000000	       -5.972392	       -8.351954	       +0.000000	       -0.981128	     +509.382451	     +509.382451
               1	              28	       -2.954589	       -2.954589	      +50.547141	     +457.120662	      -11.744090	       +0.000000	       -5.715021	       -8.163554	       +0.000000	       -0.981128	     +482.045138	     +482.045138
               1	              29	       -2.954586	       -2.954586	      +50.547173	     +457.120662	      -11.744090	       +0.000000	       -5.715021	       -8.163554	       +0.000000	       -0.981128	     +482.045170	     +482.045170
               1	              30	       -1.863615	       -1.863615	      +47.548638	     +438.858837	      -10.688349	       +0.000000	       -5.426591	       -7.843105	       +0.000000	       -0.981128	     +462.449430	     +462.449430
               1	              31	       -1.863615	       -1.863615	      +47.548635	     +438.858837	      -10.688349	       +0.000000	       -5.426591	       -7.843105	       +0.000000	       -0.981128	     +462.449427	     +462.449427
               1	              32	       -1.263892	       -1.263892	      +51.240738	     +422.530275	      -11.331384	       +0.000000	       -5.492678	       -8.207821	       +0.000000	       -0.981128	     +448.739131	     +448.739131
               1	              33	       -1.263891	       -1.263891	      +51.240735	     +422.530275	      -11.331384	       +0.000000	       -5.492678	       -8.207821	       +0.000000	       -0.981128	     +448.739128	     +448.739128
               1	              34	       +2.649882	       +2.649882	      +30.062434	     +342.057785	       -6.137502	       +0.000000	       -3.318472	       -6.348494	       +0.000000	       -0.981128	     +356.315752	     +356.315752
               1	              35	       +2.649882	       +2.649882	      +30.062440	     +342.057785	       -6.137502	       +0.000000	       -3.318472	       -6.348494	       +0.000000	       -0.981128	     +356.315758	     +356.315758
               1	              36	       +2.893230	       +2.893230	      +27.034616	     +321.220302	       -5.569604	       +0.000000	       -2.979916	       -5.964837	       +0.000000	       -0.981128	     +333.740562	     +333.740562
               1	              37	       +2.893230	       +2.893230	      +27.034617	     +321.220302	       -5.569604	       +0.000000	       -2.979916	       -5.964837	       +0.000000	       -0.981128	     +333.740562	     +333.740562
               1	              38	       +3.304598	       +3.304598	      +34.160207	     +331.561440	       -6.218624	       +0.000000	       -3.469670	       -6.217810	       +0.000000	       -0.981128	     +349.815543	     +349.815543
               1	              39	       +3.304598	       +3.304598	      +34.160214	     +331.561440	       -6.218624	       +0.000000	       -3.469670	       -6.217810	       +0.000000	       -0.981128	     +349.815550	     +349.815550
               1	              40	       +5.155272	       +5.155272	      +30.162463	     +213.434301	       -4.717193	       +0.000000	       -2.723830	       -5.551158	       +0.000000	       -0.981128	     +230.604583	     +230.604583
               1	              41	       +5.155272	       +5.155272	      +30.162461	     +213.434301	       -4.717193	       +0.000000	       -2.723830	       -5.551158	       +0.000000	       -0.981128	     +230.604582	     +230.604582
               1	              42	       +5.593537	       +5.593537	      +37.610615	     +288.186920	       -5.848317	       +0.000000	       -3.381014	       -5.928362	       +0.000000	       -0.981128	     +310.639842	     +310.639842
               1	              43	       +5.593537	       +5.593537	      +37.610618	     +288.186920	       -5.848317	       +0.000000	       -3.381014	       -5.928362	       +0.000000	       -0.981128	     +310.639845	     +310.639845
               1	              44	       +7.168541	       +7.168541	      +40.554125	     +382.020141	       -6.073571	       +0.000000	       -3.504178	       -6.098550	       +0.000000	       -0.981128	     +406.897967	     +406.897967
               1	              45	       +7.168542	       +7.168542	      +40.554129	     +382.020141	       -6.073571	       +0.000000	       -3.504178	       -6.098550	       +0.000000	       -0.981128	     +406.897970	     +406.897970
               1	              46	       +7.616676	       +7.616676	      +27.705613	     +173.591742	       -3.872869	       +0.000000	       -2.262920	       -5.037318	       +0.000000	       -0.981128	     +190.124248	     +190.124248
               1	              47	       +7.616676	       +7.616676	      +27.705612	     +173.591742	       -3.872869	       +0.000000	       -2.262920	       -5.037318	       +0.000000	       -0.981128	     +190.124248	     +190.124248
               1	              48	       +7.719677	       +7.719677	      +33.658389	     +312.603850	       -4.898192	       +0.000000	       -2.814214	       -5.621918	       +0.000000	       -0.981128	     +332.927916	     +332.927916
               1	              49	       +7.719677	       +7.719677	      +33.658393	     +312.603850	       -4.898192	       +0.000000	       -2.814214	       -5.621918	       +0.000000	       -0.981128	     +332.927919	     +332.927919
               1	              50	       +9.143826	       +9.143826	      +38.315834	     +324.718469	       -4.948901	       +0.000000	       -2.922443	       -5.618421	       +0.000000	       -0.981128	     +349.544538	     +349.544538
               1	              51	       +9.143826	       +9.143826	      +38.315834	     +324.718469	       -4.948901	       +0.000000	       -2.922443	       -5.618421	       +0.000000	       -0.981128	     +349.544539	     +349.544539
               1	              52	       +9.711199	       +9.711199	      +30.193889	     +216.186665	       -3.733014	       +0.000000	       -2.267937	       -4.879058	       +0.000000	       -0.981128	     +235.500545	     +235.500545
               1	              53	       +9.711199	       +9.711199	      +30.193871	     +216.186665	       -3.733014	       +0.000000	       -2.267937	       -4.879058	       +0.000000	       -0.981128	     +235.500527	     +235.500527
               1	              54	      +10.065543	      +10.065543	      +43.847239	     +356.456859	       -5.345981	       +0.000000	       -3.201706	       -5.739198	       +0.000000	       -0.981128	     +386.017214	     +386.017214
               1	              55	      +10.065543	      +10.065543	      +43.847231	     +356.456859	       -5.345981	       +0.000000	       -3.201706	       -5.739198	       +0.000000	       -0.981128	     +386.017206	     +386.017206
               1	              56	      +10.144713	      +10.144713	      +38.036227	     +293.025713	       -4.669456	       +0.000000	       -2.811098	       -5.472648	       +0.000000	       -0.981128	     +318.108738	     +318.108738
               1	              57	      +10.144714	      +10.144714	      +38.036236	     +293.025713	       -4.669456	       +0.000000	       -2.811098	       -5.472648	       +0.000000	       -0.981128	     +318.108747	     +318.108747
               1	              58	      +12.357126	      +12.357126	      +53.777692	     +338.149949	       -5.553610	       +0.000000	       -3.512816	       -5.762546	       +0.000000	       -0.981128	     +377.098668	     +377.098668
               1	              59	      +12.357126	      +12.357126	      +53.777692	     +338.149949	       -5.553610	       +0.000000	       -3.512816	       -5.762546	       +0.000000	       -0.981128	     +377.098668	     +377.098668
               1	              60	      +13.541741	      +13.541741	      +25.746129	     +115.214027	       -2.058425	       +0.000000	       -1.392335	       -3.678313	       +0.000000	       -0.981128	     +133.831083	     +133.831083
               1	              61	      +13.541741	      +13.541741	      +25.746130	     +115.214027	       -2.058425	       +0.000000	       -1.392335	       -3.678313	       +0.000000	       -0.981128	     +133.831084	     +133.831084
               1	              62	      +13.877065	      +13.877065	      +25.281243	     +105.439985	       -2.046501	       +0.000000	       -1.415092	       -3.548948	       +0.000000	       -0.981128	     +123.710687	     +123.710687
               1	              63	      +13.877066	      +13.877066	      +25.281240	     +105.439985	       -2.046501	       +0.000000	       -1.415092	       -3.548948	       +0.000000	       -0.981128	     +123.710683	     +123.710683
               1	              64	      +14.840729	      +14.840729	      +29.447002	     +131.121707	       -2.603359	       +0.000000	       -1.744385	       -3.585035	       +0.000000	       -0.981128	     +152.635931	     +152.635931
               1	              65	      +14.840729	      +14.840729	      +29.446999	     +131.121707	       -2.603359	       +0.000000	       -1.744385	       -3.585035	       +0.000000	       -0.981128	     +152.635928	     +152.635928
               1	              66	      +15.590640	      +15.590640	      +33.986359	     +138.380202	       -2.824447	       +0.000000	       -1.858181	       -3.806648	       +0.000000	       -0.981128	     +163.877284	     +163.877284
               1	              67	      +15.590640	      +15.590640	      +33.986358	     +138.380202	       -2.824447	       +0.000000	       -1.858181	       -3.806648	       +0.000000	       -0.981128	     +163.877283	     +163.877283
               1	              68	      +16.288989	      +16.288989	      +37.976966	     +289.923957	       -3.263995	       +0.000000	       -2.240929	       -3.919401	       +0.000000	       -0.981128	     +318.476598	     +318.476598
               1	              69	      +16.288989	      +16.288989	      +37.976971	     +289.923957	       -3.263995	       +0.000000	       -2.240929	       -3.919401	       +0.000000	       -0.981128	     +318.476603	     +318.476603
               1	              70	      +17.050900	      +17.050900	      +40.455410	     +272.861034	       -3.187159	       +0.000000	       -2.184635	       -4.116300	       +0.000000	       -0.981128	     +303.828351	     +303.828351
               1	              71	      +17.050900	      +17.050900	      +40.455408	     +272.861034	       -3.187159	       +0.000000	       -2.184635	       -4.116300	       +0.000000	       -0.981128	     +303.828348	     +303.828348
               1	              72	      +17.207931	      +17.207931	      +28.795665	      +68.950711	       -1.845641	       +0.000000	       -1.298587	       -3.080736	       +0.000000	       -0.981128	      +91.521412	      +91.521412
               1	              73	      +17.207931	      +17.207931	      +28.795664	      +68.950711	       -1.845641	       +0.000000	       -1.298587	       -3.080736	       +0.000000	       -0.981128	      +91.521411	      +91.521411
               1	              74	      +17.657340	      +17.657340	      +22.358259	     +112.171550	       -1.606349	       +0.000000	       -1.128669	       -2.395297	       +0.000000	       -0.981128	     +129.399495	     +129.399495
               1	              75	      +17.657340	      +17.657340	      +22.358262	     +112.171550	       -1.606349	       +0.000000	       -1.128669	       -2.395297	       +0.000000	       -0.981128	     +129.399498	     +129.399498
               1	              76	      +19.467539	      +19.467539	      +42.291497	     +258.500009	       -2.905947	       +0.000000	       -2.038431	       -3.632331	       +0.000000	       -0.981128	     +292.214798	     +292.214798
               1	              77	      +19.467539	      +19.467539	      +42.291494	     +258.500009	       -2.905947	       +0.000000	       -2.038431	       -3.632331	       +0.000000	       -0.981128	     +292.214794	     +292.214794
               1	              78	      +19.553067	      +19.553067	      +42.940833	     +300.447987	       -2.915953	       +0.000000	       -2.055905	       -3.789335	       +0.000000	       -0.981128	     +334.627628	     +334.627628
               1	              79	      +19.553067	      +19.553067	      +42.940834	     +300.447987	       -2.915953	       +0.000000	       -2.055905	       -3.789335	       +0.000000	       -0.981128	     +334.627629	     +334.627629

k-point 2:
               2	               0	      -65.392799	      -65.392799	      +29.311577	     +592.343369	      -40.107535	       -3.563713	      -16.206607	      -13.021126	       -1.601456	       -0.981128	     +552.319679	     +552.319679
               2	               1	      -65.392799	      -65.392799	      +29.311577	     +592.343369	      -40.107535	       -3.563713	      -16.206607	      -13.021126	       -1.601456	       -0.981128	     +552.319679	     +552.319679
               2	               2	      -42.080407	      -42.080407	      +50.926996	     +585.133963	      -34.012041	       -3.563713	      -13.266043	      -11.729287	       -1.601456	       -0.981128	     +577.053587	     +577.053587
               2	               3	      -42.080407	      -42.080407	      +50.926996	     +585.133963	      -34.012041	       -3.563713	      -13.266043	      -11.729287	       -1.601456	       -0.981128	     +577.053588	     +577.053588
               2	               4	      -39.576634	      -39.576634	      +47.748863	     +581.609912	      -33.351813	       -3.563713	      -12.962153	      -11.568595	       -1.601456	       -0.981128	     +571.476215	     +571.476215
               2	               5	      -39.576634	      -39.576634	      +47.748863	     +581.609912	      -33.351813	       -3.563713	      -12.962153	      -11.568595	       -1.601456	       -0.981128	     +571.476216	     +571.476216
               2	               6	      -39.426548	      -39.426548	      +48.742352	     +584.671581	      -33.368238	       -3.563713	      -12.986754	      -11.606385	       -1.601456	       -0.981128	     +575.452556	     +575.452556
               2	               7	      -39.426548	      -39.426548	      +48.742353	     +584.671581	      -33.368238	       -3.563713	      -12.986754	      -11.606385	       -1.601456	       -0.981128	     +575.452556	     +575.452556
               2	               8	      -18.084493	      -18.084493	      +13.069808	     +384.782931	      -22.424984	       -3.563713	       -7.924882	       -9.231695	       -1.601456	       -0.981128	     +358.271178	     +358.271178
               2	               9	      -18.084493	      -18.084493	      +13.069808	     +384.782931	      -22.424984	       -3.563713	       -7.924882	       -9.231695	       -1.601456	       -0.981128	     +358.271178	     +358.271178
               2	              10	      -17.638783	      -17.638783	      +13.836883	     +370.681020	      -22.382128	       -3.563713	       -7.875338	       -9.288262	       -1.601456	       -0.981128	     +344.972175	     +344.972175
               2	              11	      -17.638783	      -17.638783	      +13.836883	     +370.681020	      -22.382128	       -3.563713	       -7.875338	       -9.288262	       -1.601456	       -0.981128	     +344.972175	     +344.972175
               2	              12	      -10.524665	      -10.524665	      +22.254093	     +420.673813	      -18.394313	       -3.563713	       -7.356096	       -8.137176	       -1.601456	       -0.981128	     +409.040321	     +409.040321
               2	              13	      -10.524665	      -10.524665	      +22.254093	     +420.673813	      -18.394313	       -3.563713	       -7.356096	       -8.137176	       -1.601456	       -0.981128	     +409.040322	     +409.040322
               2	              14	       -9.566583	       -9.566583	      +23.065894	     +380.897995	      -17.846350	       -3.563713	       -7.245426	       -8.125786	       -1.601456	       -0.981128	     +370.746328	     +370.746328
               2	              15	       -9.566583	       -9.566583	      +23.065895	     +380.897995	      -17.846350	       -3.563713	       -7.245426	       -8.125786	       -1.601456	       -0.981128	     +370.746329	     +370.746329
               2	              16	       -9.176330	       -9.176330	      +21.632779	     +376.535911	      -17.747467	       -3.563713	       -7.112376	       -8.118057	       -1.601456	       -0.981128	     +365.190790	     +365.190790
               2	              17	       -9.176330	       -9.176330	      +21.632779	     +376.535911	      -17.747467	       -3.563713	       -7.112376	       -8.118057	       -1.601456	       -0.981128	     +365.190790	     +365.190790
               2	              18	       -8.120290	       -8.120290	      +34.386661	     +447.730241	      -18.833620	       -3.563713	       -8.074898	       -8.405297	       -1.601456	       -0.981128	     +446.803087	     +446.803087
               2	              19	       -8.120290	       -8.120290	      +34.386663	     +447.730241	      -18.833620	       -3.563713	       -8.074898	       -8.405297	       -1.601456	       -0.981128	     +446.803088	     +446.803088
               2	              20	       -7.044058	       -7.044058	      +24.668662	     +322.648582	      -17.174260	       -3.563713	       -6.974492	       -8.109160	       -1.601456	       -0.981128	     +315.059332	     +315.059332
               2	              21	       -7.044058	       -7.044058	      +24.668663	     +322.648582	      -17.174260	       -3.563713	       -6.974492	       -8.109160	       -1.601456	       -0.981128	     +315.059333	     +315.059333
               2	              22	       -6.595082	       -6.595082	      +32.360521	     +425.773718	      -17.885634	       -3.563713	       -7.547176	       -8.342981	       -1.601456	       -0.981128	     +424.358448	     +424.358448
               2	              23	       -6.595079	       -6.595079	      +32.360475	     +425.773718	      -17.885634	       -3.563713	       -7.547176	       -8.342981	       -1.601456	       -0.981128	     +424.358402	     +424.358402
               2	              24	       -6.289900	       -6.289900	      +38.267526	     +467.217876	      -17.480973	       -3.563713	       -7.786831	       -8.148444	       -1.601456	       -0.981128	     +472.069154	     +472.069154
               2	              25	       -6.289896	       -6.289896	      +38.267480	     +467.217876	      -17.480973	       -3.563713	       -7.786831	       -8.148444	       -1.601456	       -0.981128	     +472.069107	     +472.069107
               2	              26	       -3.056465	       -3.056465	      +53.234556	     +482.824400	      -12.352189	       +0.000000	       -5.972392	       -8.351954	       +0.000000	       -0.981128	     +509.382420	     +509.382420
               2	              27	       -3.056463	       -3.056463	      +53.234586	     +482.824400	      -12.352189	       +0.000000	       -5.972392	       -8.351954	       +0.000000	       -0.981128	     +509.382451	     +509.382451
               2	              28	       -2.954589	       -2.954589	      +50.547141	     +457.120662	      -11.744090	       +0.000000	       -5.715021	       -8.163554	       +0.000000	       -0.981128	     +482.045138	     +482.045138
               2	              29	       -2.954586	       -2.954586	      +50.547173	     +457.120662	      -11.744090	       +0.000000	       -5.715021	       -8.163554	       +0.000000	       -0.981128	     +482.045170	     +482.045170
               2	              30	       -1.863615	       -1.863615	      +47.548638	     +438.858837	      -10.688349	       +0.000000	       -5.426591	       -7.843105	       +0.000000	       -0.981128	     +462.449430	     +462.449430
               2	              31	       -1.863615	       -1.863615	      +47.548635	     +438.858837	      -10.688349	       +0.000000	       -5.426591	       -7.843105	       +0.000000	       -0.981128	     +462.449427	     +462.449427
               2	              32	       -1.263892	       -1.263892	      +51.240738	     +422.530275	      -11.331384	       +0.000000	       -5.492678	       -8.207821	       +0.000000	       -0.981128	     +448.739131	     +448.739131
               2	              33	       -1.263891	       -1.263891	      +51.240735	     +422.530275	      -11.331384	       +0.000000	       -5.492678	       -8.207821	       +0.000000	       -0.981128	     +448.739128	     +448.739128
               2	              34	       +2.649882	       +2.649882	      +30.062434	     +342.057785	       -6.137502	       +0.000000	       -3.318472	       -6.348494	       +0.000000	       -0.981128	     +356.315752	     +356.315752
               2	              35	       +2.649882	       +2.649882	      +30.062440	     +342.057785	       -6.137502	       +0.000000	       -3.318472	       -6.348494	       +0.000000	       -0.981128	     +356.315758	     +356.315758
               2	              36	       +2.893230	       +2.893230	      +27.034616	     +321.220302	       -5.569604	       +0.000000	       -2.979916	       -5.964837	       +0.000000	       -0.981128	     +333.740562	     +333.740562
               2	              37	       +2.893230	       +2.893230	      +27.034617	     +321.220302	       -5.569604	       +0.000000	       -2.979916	       -5.964837	       +0.000000	       -0.981128	     +333.740562	     +333.740562
               2	              38	       +3.304598	       +3.304598	      +34.160207	     +331.561440	       -6.218624	       +0.000000	       -3.469670	       -6.217810	       +0.000000	       -0.981128	     +349.815543	     +349.815543
               2	              39	       +3.304598	       +3.304598	      +34.160214	     +331.561440	       -6.218624	       +0.000000	       -3.469670	       -6.217810	       +0.000000	       -0.981128	     +349.815550	     +349.815550
               2	              40	       +5.155272	       +5.155272	      +30.162463	     +213.434301	       -4.717193	       +0.000000	       -2.723830	       -5.551158	       +0.000000	       -0.981128	     +230.604583	     +230.604583
               2	              41	       +5.155272	       +5.155272	      +30.162461	     +213.434301	       -4.717193	       +0.000000	       -2.723830	       -5.551158	       +0.000000	       -0.981128	     +230.604582	     +230.604582
               2	              42	       +5.593537	       +5.593537	      +37.610615	     +288.186920	       -5.848317	       +0.000000	       -3.381014	       -5.928362	       +0.000000	       -0.981128	     +310.639842	     +310.639842
               2	              43	       +5.593537	       +5.593537	      +37.610618	     +288.186920	       -5.848317	       +0.000000	       -3.381014	       -5.928362	       +0.000000	       -0.981128	     +310.639845	     +310.639845
               2	              44	       +7.168541	       +7.168541	      +40.554125	     +382.020141	       -6.073571	       +0.000000	       -3.504178	       -6.098550	       +0.000000	       -0.981128	     +406.897967	     +406.897967
               2	              45	       +7.168542	       +7.168542	      +40.554129	     +382.020141	       -6.073571	       +0.000000	       -3.504178	       -6.098550	       +0.000000	       -0.981128	     +406.897970	     +406.897970
               2	              46	       +7.616676	       +7.616676	      +27.705613	     +173.591742	       -3.872869	       +0.000000	       -2.262920	       -5.037318	       +0.000000	       -0.981128	     +190.124248	     +190.124248
               2	              47	       +7.616676	       +7.616676	      +27.705612	     +173.591742	       -3.872869	       +0.000000	       -2.262920	       -5.037318	       +0.000000	       -0.981128	     +190.124248	     +190.124248
               2	              48	       +7.719677	       +7.719677	      +33.658389	     +312.603850	       -4.898192	       +0.000000	       -2.814214	       -5.621918	       +0.000000	       -0.981128	     +332.927916	     +332.927916
               2	              49	       +7.719677	       +7.719677	      +33.658393	     +312.603850	       -4.898192	       +0.000000	       -2.814214	       -5.621918	       +0.000000	       -0.981128	     +332.927919	     +332.927919
               2	              50	       +9.143826	       +9.143826	      +38.315834	     +324.718469	       -4.948901	       +0.000000	       -2.922443	       -5.618421	       +0.000000	       -0.981128	     +349.544538	     +349.544538
               2	              51	       +9.143826	       +9.143826	      +38.315834	     +324.718469	       -4.948901	       +0.000000	       -2.922443	       -5.618421	       +0.000000	       -0.981128	     +349.544539	     +349.544539
               2	              52	       +9.711199	       +9.711199	      +30.193889	     +216.186665	       -3.733014	       +0.000000	       -2.267937	       -4.879058	       +0.000000	       -0.981128	     +235.500545	     +235.500545
               2	              53	       +9.711199	       +9.711199	      +30.193871	     +216.186665	       -3.733014	       +0.000000	       -2.267937	       -4.879058	       +0.000000	       -0.981128	     +235.500527	     +235.500527
               2	              54	      +10.065543	      +10.065543	      +43.847239	     +356.456859	       -5.345981	       +0.000000	       -3.201706	       -5.739198	       +0.000000	       -0.981128	     +386.017214	     +386.017214
               2	              55	      +10.065543	      +10.065543	      +43.847231	     +356.456859	       -5.345981	       +0.000000	       -3.201706	       -5.739198	       +0.000000	       -0.981128	     +386.017206	     +386.017206
               2	              56	      +10.144713	      +10.144713	      +38.036227	     +293.025713	       -4.669456	       +0.000000	       -2.811098	       -5.472648	       +0.000000	       -0.981128	     +318.108738	     +318.108738
               2	              57	      +10.144714	      +10.144714	      +38.036236	     +293.025713	       -4.669456	       +0.000000	       -2.811098	       -5.472648	       +0.000000	       -0.981128	     +318.108747	     +318.108747
               2	              58	      +12.357126	      +12.357126	      +53.777692	     +338.149949	       -5.553610	       +0.000000	       -3.512816	       -5.762546	       +0.000000	       -0.981128	     +377.098668	     +377.098668
               2	              59	      +12.357126	      +12.357126	      +53.777692	     +338.149949	       -5.553610	       +0.000000	       -3.512816	       -5.762546	       +0.000000	       -0.981128	     +377.098668	     +377.098668
               2	              60	      +13.541741	      +13.541741	      +25.746129	     +115.214027	       -2.058425	       +0.000000	       -1.392335	       -3.678313	       +0.000000	       -0.981128	     +133.831083	     +133.831083
               2	              61	      +13.541741	      +13.541741	      +25.746130	     +115.214027	       -2.058425	       +0.000000	       -1.392335	       -3.678313	       +0.000000	       -0.981128	     +133.831084	     +133.831084
               2	              62	      +13.877065	      +13.877065	      +25.281243	     +105.439985	       -2.046501	       +0.000000	       -1.415092	       -3.548948	       +0.000000	       -0.981128	     +123.710687	     +123.710687
               2	              63	      +13.877066	      +13.877066	      +25.281240	     +105.439985	       -2.046501	       +0.000000	       -1.415092	       -3.548948	       +0.000000	       -0.981128	     +123.710683	     +123.710683
               2	              64	      +14.840729	      +14.840729	      +29.447002	     +131.121707	       -2.603359	       +0.000000	       -1.744385	       -3.585035	       +0.000000	       -0.981128	     +152.635931	     +152.635931
               2	              65	      +14.840729	      +14.840729	      +29.446999	     +131.121707	       -2.603359	       +0.000000	       -1.744385	       -3.585035	       +0.000000	       -0.981128	     +152.635928	     +152.635928
               2	              66	      +15.590640	      +15.590640	      +33.986359	     +138.380202	       -2.824447	       +0.000000	       -1.858181	       -3.806648	       +0.000000	       -0.981128	     +163.877284	     +163.877284
               2	              67	      +15.590640	      +15.590640	      +33.986358	     +138.380202	       -2.824447	       +0.000000	       -1.858181	       -3.806648	       +0.000000	       -0.981128	     +163.877283	     +163.877283
               2	              68	      +16.288989	      +16.288989	      +37.976966	     +289.923957	       -3.263995	       +0.000000	       -2.240929	       -3.919401	       +0.000000	       -0.981128	     +318.476598	     +318.476598
               2	              69	      +16.288989	      +16.288989	      +37.976971	     +289.923957	       -3.263995	       +0.000000	       -2.240929	       -3.919401	       +0.000000	       -0.981128	     +318.476603	     +318.476603
               2	              70	      +17.050900	      +17.050900	      +40.455410	     +272.861034	       -3.187159	       +0.000000	       -2.184635	       -4.116300	       +0.000000	       -0.981128	     +303.828351	     +303.828351
               2	              71	      +17.050900	      +17.050900	      +40.455408	     +272.861034	       -3.187159	       +0.000000	       -2.184635	       -4.116300	       +0.000000	       -0.981128	     +303.828348	     +303.828348
               2	              72	      +17.207931	      +17.207931	      +28.795665	      +68.950711	       -1.845641	       +0.000000	       -1.298587	       -3.080736	       +0.000000	       -0.981128	      +91.521412	      +91.521412
               2	              73	      +17.207931	      +17.207931	      +28.795664	      +68.950711	       -1.845641	       +0.000000	       -1.298587	       -3.080736	       +0.000000	       -0.981128	      +91.521411	      +91.521411
               2	              74	      +17.657340	      +17.657340	      +22.358259	     +112.171550	       -1.606349	       +0.000000	       -1.128669	       -2.395297	       +0.000000	       -0.981128	     +129.399495	     +129.399495
               2	              75	      +17.657340	      +17.657340	      +22.358262	     +112.171550	       -1.606349	       +0.000000	       -1.128669	       -2.395297	       +0.000000	       -0.981128	     +129.399498	     +129.399498
               2	              76	      +19.467539	      +19.467539	      +42.291497	     +258.500009	       -2.905947	       +0.000000	       -2.038431	       -3.632331	       +0.000000	       -0.981128	     +292.214798	     +292.214798
               2	              77	      +19.467539	      +19.467539	      +42.291494	     +258.500009	       -2.905947	       +0.000000	       -2.038431	       -3.632331	       +0.000000	       -0.981128	     +292.214794	     +292.214794
               2	              78	      +19.553067	      +19.553067	      +42.940833	     +300.447987	       -2.915953	       +0.000000	       -2.055905	       -3.789335	       +0.000000	       -0.981128	     +334.627628	     +334.627628
               2	              79	      +19.553067	      +19.553067	      +42.940834	     +300.447987	       -2.915953	       +0.000000	       -2.055905	       -3.789335	       +0.000000	       -0.981128	     +334.627629	     +334.627629

k-point 3:
               3	               0	      -65.392799	      -65.392799	      +29.311576	     +595.106762	      -40.131297	       -3.563713	      -16.212803	      -13.030250	       -1.601456	       -0.981128	     +555.043988	     +555.043988
               3	               1	      -65.392799	      -65.392799	      +29.311576	     +595.106762	      -40.131297	       -3.563713	      -16.212803	      -13.030250	       -1.601456	       -0.981128	     +555.043988	     +555.043988
               3	               2	      -42.080407	      -42.080407	      +50.926997	     +585.395639	      -34.012402	       -3.563713	      -13.266486	      -11.729080	       -1.601456	       -0.981128	     +577.314666	     +577.314666
               3	               3	      -42.080407	      -42.080407	      +50.926997	     +585.395639	      -34.012402	       -3.563713	      -13.266486	      -11.729080	       -1.601456	       -0.981128	     +577.314666	     +577.314666
               3	               4	      -39.576634	      -39.576634	      +47.748863	     +580.947869	      -33.345469	       -3.563713	      -12.961346	      -11.566394	       -1.601456	       -0.981128	     +570.823523	     +570.823523
               3	               5	      -39.576634	      -39.576634	      +47.748863	     +580.947869	      -33.345469	       -3.563713	      -12.961346	      -11.566394	       -1.601456	       -0.981128	     +570.823523	     +570.823523
               3	               6	      -39.426547	      -39.426547	      +48.742357	     +586.052105	      -33.374300	       -3.563713	      -12.988071	      -11.607498	       -1.601456	       -0.981128	     +576.824593	     +576.824593
               3	               7	      -39.426547	      -39.426547	      +48.742357	     +586.052105	      -33.374300	       -3.563713	      -12.988071	      -11.607498	       -1.601456	       -0.981128	     +576.824593	     +576.824593
               3	               8	      -18.084495	      -18.084495	      +13.069804	     +384.669814	      -22.414049	       -3.563713	       -7.923929	       -9.226418	       -1.601456	       -0.981128	     +358.175222	     +358.175222
               3	               9	      -18.084495	      -18.084495	      +13.069804	     +384.669814	      -22.414049	       -3.563713	       -7.923929	       -9.226418	       -1.601456	       -0.981128	     +358.175222	     +358.175222
               3	              10	      -17.638785	      -17.638785	      +13.836879	     +369.176032	      -22.371152	       -3.563713	       -7.870900	       -9.284608	       -1.601456	       -0.981128	     +343.486252	     +343.486252
               3	              11	      -17.638785	      -17.638785	      +13.836879	     +369.176032	      -22.371152	       -3.563713	       -7.870900	       -9.284608	       -1.601456	       -0.981128	     +343.486252	     +343.486252
               3	              12	      -10.524665	      -10.524665	      +22.254088	     +420.814529	      -18.399399	       -3.563713	       -7.356733	       -8.139620	       -1.601456	       -0.981128	     +409.172865	     +409.172865
               3	              13	      -10.524665	      -10.524665	      +22.254088	     +420.814529	      -18.399399	       -3.563713	       -7.356733	       -8.139620	       -1.601456	       -0.981128	     +409.172865	     +409.172865
               3	              14	       -9.566583	       -9.566583	      +23.065879	     +382.023982	      -17.857736	       -3.563713	       -7.251340	       -8.132882	       -1.601456	       -0.981128	     +371.847903	     +371.847903
               3	              15	       -9.566583	       -9.566583	      +23.065880	     +382.023982	      -17.857736	       -3.563713	       -7.251340	       -8.132882	       -1.601456	       -0.981128	     +371.847904	     +371.847904
               3	              16	       -9.176334	       -9.176334	      +21.632777	     +380.449015	      -17.754650	       -3.563713	       -7.123242	       -8.114996	       -1.601456	       -0.981128	     +369.088904	     +369.088904
               3	              17	       -9.176334	       -9.176334	      +21.632777	     +380.449015	      -17.754650	       -3.563713	       -7.123242	       -8.114996	       -1.601456	       -0.981128	     +369.088904	     +369.088904
               3	              18	       -8.120282	       -8.120282	      +34.386699	     +445.722031	      -18.801099	       -3.563713	       -8.064058	       -8.396214	       -1.601456	       -0.981128	     +444.847359	     +444.847359
               3	              19	       -8.120282	       -8.120282	      +34.386701	     +445.722031	      -18.801099	       -3.563713	       -8.064058	       -8.396214	       -1.601456	       -0.981128	     +444.847361	     +444.847361
               3	              20	       -7.044059	       -7.044059	      +24.668662	     +325.809434	      -17.176178	       -3.563713	       -6.981655	       -8.100229	       -1.601456	       -0.981128	     +318.220034	     +318.220034
               3	              21	       -7.044059	       -7.044059	      +24.668661	     +325.809434	      -17.176178	       -3.563713	       -6.981655	       -8.100229	       -1.601456	       -0.981128	     +318.220033	     +318.220033
               3	              22	       -6.595074	       -6.595074	      +32.360566	     +427.164688	      -17.888797	       -3.563713	       -7.550162	       -8.338283	       -1.601456	       -0.981128	     +425.748012	     +425.748012
               3	              23	       -6.595073	       -6.595073	      +32.360543	     +427.164688	      -17.888797	       -3.563713	       -7.550162	       -8.338283	       -1.601456	       -0.981128	     +425.747988	     +425.747988
               3	              24	       -6.289901	       -6.289901	      +38.267496	     +464.139501	      -17.470354	       -3.563713	       -7.779784	       -8.148105	       -1.601456	       -0.981128	     +469.008754	     +469.008754
               3	              25	       -6.289899	       -6.289899	      +38.267474	     +464.139501	      -17.470354	       -3.563713	       -7.779784	       -8.148105	       -1.601456	       -0.981128	     +469.008731	     +469.008731
               3	              26	       -3.056462	       -3.056462	      +53.234509	     +484.711918	      -12.358135	       +0.000000	       -5.973572	       -8.356722	       +0.000000	       -0.981128	     +511.257998	     +511.257998
               3	              27	       -3.056461	       -3.056461	      +53.234524	     +484.711918	      -12.358135	       +0.000000	       -5.973572	       -8.356722	       +0.000000	       -0.981128	     +511.258012	     +511.258012
               3	              28	       -2.954589	       -2.954589	      +50.547205	     +456.198339	      -11.747232	       +0.000000	       -5.715939	       -8.158836	       +0.000000	       -0.981128	     +481.123537	     +481.123537
               3	              29	       -2.954587	       -2.954587	      +50.547222	     +456.198339	      -11.747232	       +0.000000	       -5.715939	       -8.158836	       +0.000000	       -0.981128	     +481.123554	     +481.123554
               3	              30	       -1.863614	       -1.863614	      +47.548664	     +439.061672	      -10.684217	       +0.000000	       -5.424865	       -7.836637	       +0.000000	       -0.981128	     +462.664617	     +462.664617
               3	              31	       -1.863614	       -1.863614	      +47.548663	     +439.061672	      -10.684217	       +0.000000	       -5.424865	       -7.836637	       +0.000000	       -0.981128	     +462.664616	     +462.664616
               3	              32	       -1.263889	       -1.263889	      +51.240739	     +430.843962	      -11.316853	       +0.000000	       -5.491497	       -8.216882	       +0.000000	       -0.981128	     +457.059469	     +457.059469
               3	              33	       -1.263888	       -1.263888	      +51.240739	     +430.843962	      -11.316853	       +0.000000	       -5.491497	       -8.216882	       +0.000000	       -0.981128	     +457.059468	     +457.059468
               3	              34	       +2.649882	       +2.649882	      +30.062540	     +343.218038	       -6.128918	       +0.000000	       -3.316169	       -6.352385	       +0.000000	       -0.981128	     +357.483106	     +357.483106
               3	              35	       +2.649882	       +2.649882	      +30.062546	     +343.218038	       -6.128918	       +0.000000	       -3.316169	       -6.352385	       +0.000000	       -0.981128	     +357.483112	     +357.483112
               3	              36	       +2.893232	       +2.893232	      +27.034595	     +321.424397	       -5.568074	       +0.000000	       -2.979063	       -5.958276	       +0.000000	       -0.981128	     +333.953579	     +333.953579
               3	              37	       +2.893232	       +2.893232	      +27.034596	     +321.424397	       -5.568074	       +0.000000	       -2.979063	       -5.958276	       +0.000000	       -0.981128	     +333.953580	     +333.953580
               3	              38	       +3.304596	       +3.304596	      +34.160082	     +331.355786	       -6.223273	       +0.000000	       -3.473011	       -6.218387	       +0.000000	       -0.981128	     +349.601197	     +349.601197
               3	              39	       +3.304597	       +3.304597	      +34.160089	     +331.355786	       -6.223273	       +0.000000	       -3.473011	       -6.218387	       +0.000000	       -0.981128	     +349.601204	     +349.601204
               3	              40	       +5.155271	       +5.155271	      +30.162488	     +211.870257	       -4.721426	       +0.000000	       -2.724349	       -5.553361	       +0.000000	       -0.981128	     +229.033609	     +229.033609
               3	              41	       +5.155271	       +5.155271	      +30.162487	     +211.870257	       -4.721426	       +0.000000	       -2.724349	       -5.553361	       +0.000000	       -0.981128	     +229.033607	     +229.033607
               3	              42	       +5.593534	       +5.593534	      +37.610611	     +289.891924	       -5.854621	       +0.000000	       -3.382243	       -5.935189	       +0.000000	       -0.981128	     +312.330482	     +312.330482
               3	              43	       +5.593534	       +5.593534	      +37.610614	     +289.891924	       -5.854621	       +0.000000	       -3.382243	       -5.935189	       +0.000000	       -0.981128	     +312.330484	     +312.330484
               3	              44	       +7.168552	       +7.168552	      +40.554126	     +375.729392	       -6.071791	       +0.000000	       -3.503321	       -6.108964	       +0.000000	       -0.981128	     +400.599442	     +400.599442
               3	              45	       +7.168552	       +7.168552	      +40.554131	     +375.729392	       -6.071791	       +0.000000	       -3.503321	       -6.108964	       +0.000000	       -0.981128	     +400.599447	     +400.599447
               3	              46	       +7.616670	       +7.616670	      +27.705580	     +167.744668	       -3.879538	       +0.000000	       -2.265701	       -5.042133	       +0.000000	       -0.981128	     +184.262876	     +184.262876
               3	              47	       +7.616670	       +7.616670	      +27.705580	     +167.744668	       -3.879538	       +0.000000	       -2.265701	       -5.042133	       +0.000000	       -0.981128	     +184.262875	     +184.262875
               3	              48	       +7.719668	       +7.719668	      +33.658351	     +310.796552	       -4.894906	       +0.000000	       -2.812428	       -5.623917	       +0.000000	       -0.981128	     +331.123652	     +331.123652
               3	              49	       +7.719669	       +7.719669	      +33.658357	     +310.796552	       -4.894906	       +0.000000	       -2.812428	       -5.623917	       +0.000000	       -0.981128	     +331.123659	     +331.123659
               3	              50	       +9.143833	       +9.143833	      +38.315851	     +317.373568	       -4.951626	       +0.000000	       -2.923628	       -5.622331	       +0.000000	       -0.981128	     +342.191835	     +342.191835
               3	              51	       +9.143833	       +9.143833	      +38.315851	     +317.373568	       -4.951626	       +0.000000	       -2.923628	       -5.622331	       +0.000000	       -0.981128	     +342.191834	     +342.191834
               3	              52	       +9.711197	       +9.711197	      +30.193871	     +216.292060	       -3.732420	       +0.000000	       -2.266271	       -4.883220	       +0.000000	       -0.981128	     +235.604020	     +235.604020
               3	              53	       +9.711197	       +9.711197	      +30.193866	     +216.292060	       -3.732420	       +0.000000	       -2.266271	       -4.883220	       +0.000000	       -0.981128	     +235.604015	     +235.604015
               3	              54	      +10.065546	      +10.065546	      +43.847186	     +353.337549	       -5.351101	       +0.000000	       -3.204486	       -5.734793	       +0.000000	       -0.981128	     +382.894355	     +382.894355
               3	              55	      +10.065546	      +10.065546	      +43.847187	     +353.337549	       -5.351101	       +0.000000	       -3.204486	       -5.734793	       +0.000000	       -0.981128	     +382.894356	     +382.894356
               3	              56	      +10.144710	      +10.144710	      +38.036298	     +292.688853	       -4.669924	       +0.000000	       -2.811284	       -5.469966	       +0.000000	       -0.981128	     +317.773977	     +317.773977
               3	              57	      +10.144710	      +10.144710	      +38.036303	     +292.688853	       -4.669924	       +0.000000	       -2.811284	       -5.469966	       +0.000000	       -0.981128	     +317.773982	     +317.773982
               3	              58	      +12.357130	      +12.357130	      +53.777706	     +325.005021	       -5.550475	       +0.000000	       -3.511779	       -5.758508	       +0.000000	       -0.981128	     +363.961965	     +363.961965
               3	              59	      +12.357130	      +12.357130	      +53.777707	     +325.005021	       -5.550475	       +0.000000	       -3.511779	       -5.758508	       +0.000000	       -0.981128	     +363.961965	     +363.961965
               3	              60	      +13.541740	      +13.541740	      +25.746118	     +115.690552	       -2.056973	       +0.000000	       -1.391256	       -3.683815	       +0.000000	       -0.981128	     +134.304626	     +134.304626
               3	              61	      +13.541740	      +13.541740	      +25.746119	     +115.690552	       -2.056973	       +0.000000	       -1.391256	       -3.683815	       +0.000000	       -0.981128	     +134.304627	     +134.304627
               3	              62	      +13.877063	      +13.877063	      +25.281264	     +104.644365	       -2.045984	       +0.000000	       -1.414390	       -3.547449	       +0.000000	       -0.981128	     +122.917806	     +122.917806
               3	              63	      +13.877063	      +13.877063	      +25.281261	     +104.644365	       -2.045984	       +0.000000	       -1.414390	       -3.547449	       +0.000000	       -0.981128	     +122.917803	     +122.917803
               3	              64	      +14.840724	      +14.840724	      +29.446948	     +131.450574	       -2.603558	       +0.000000	       -1.745223	       -3.586677	       +0.000000	       -0.981128	     +152.962064	     +152.962064
               3	              65	      +14.840724	      +14.840724	      +29.446945	     +131.450574	       -2.603558	       +0.000000	       -1.745223	       -3.586677	       +0.000000	       -0.981128	     +152.962061	     +152.962061
               3	              66	      +15.590636	      +15.590636	      +33.986370	     +137.785193	       -2.825333	       +0.000000	       -1.858157	       -3.802248	       +0.000000	       -0.981128	     +163.285826	     +163.285826
               3	              67	      +15.590636	      +15.590636	      +33.986370	     +137.785193	       -2.825333	       +0.000000	       -1.858157	       -3.802248	       +0.000000	       -0.981128	     +163.285825	     +163.285825
               3	              68	      +16.289002	      +16.289002	      +37.976985	     +293.924440	       -3.259864	       +0.000000	       -2.238285	       -3.946553	       +0.000000	       -0.981128	     +322.456722	     +322.456722
               3	              69	      +16.289002	      +16.289002	      +37.976989	     +293.924440	       -3.259864	       +0.000000	       -2.238285	       -3.946553	       +0.000000	       -0.981128	     +322.456726	     +322.456726
               3	              70	      +17.050898	      +17.050898	      +40.455425	     +269.232860	       -3.190132	       +0.000000	       -2.187818	       -4.135403	       +0.000000	       -0.981128	     +300.174931	     +300.174931
               3	              71	      +17.050898	      +17.050898	      +40.455423	     +269.232860	       -3.190132	       +0.000000	       -2.187818	       -4.135403	       +0.000000	       -0.981128	     +300.174930	     +300.174930
               3	              72	      +17.207928	      +17.207928	      +28.795666	      +48.220248	       -1.845560	       +0.000000	       -1.301434	       -3.114491	       +0.000000	       -0.981128	      +70.754430	      +70.754430
               3	              73	      +17.207928	      +17.207928	      +28.795666	      +48.220248	       -1.845560	       +0.000000	       -1.301434	       -3.114491	       +0.000000	       -0.981128	      +70.754429	      +70.754429
               3	              74	      +17.657340	      +17.657340	      +22.358283	     +123.875925	       -1.605455	       +0.000000	       -1.129639	       -2.394323	       +0.000000	       -0.981128	     +141.104791	     +141.104791
               3	              75	      +17.657340	      +17.657340	      +22.358284	     +123.875925	       -1.605455	       +0.000000	       -1.129639	       -2.394323	       +0.000000	       -0.981128	     +141.104792	     +141.104792
               3	              76	      +19.467532	      +19.467532	      +42.291496	     +243.339484	       -2.906043	       +0.000000	       -2.038733	       -3.638462	       +0.000000	       -0.981128	     +277.047742	     +277.047742
               3	              77	      +19.467532	      +19.467532	      +42.291495	     +243.339484	       -2.906043	       +0.000000	       -2.038733	       -3.638462	       +0.000000	       -0.981128	     +277.047741	     +277.047741
               3	              78	      +19.553053	      +19.553053	      +42.940846	     +286.381570	       -2.916779	       +0.000000	       -2.055468	       -3.771869	       +0.000000	       -0.981128	     +320.578299	     +320.578299
               3	              79	      +19.553054	      +19.553054	      +42.940848	     +286.381570	       -2.916779	       +0.000000	       -2.055468	       -3.771869	       +0.000000	       -0.981128	     +320.578301	     +320.578301

k-point 4:
               4	               0	      -65.289463	      -65.289463	      +29.287389	     +594.417369	      -40.101208	       -3.563713	      -16.192726	      -13.023922	       -1.601456	       -0.981128	     +554.386902	     +554.386902
               4	               1	      -65.289458	      -65.289458	      +29.287409	     +594.417369	      -40.101208	       -3.563713	      -16.192726	      -13.023922	       -1.601456	       -0.981128	     +554.386922	     +554.386922
               4	               2	      -42.122165	      -42.122165	      +50.565577	     +585.165819	      -33.985051	       -3.563713	      -13.255411	      -11.720298	       -1.601456	       -0.981128	     +576.770636	     +576.770636
               4	               3	      -42.099981	      -42.099981	      +50.768552	     +584.394448	      -34.023142	       -3.563713	      -13.254216	      -11.720496	       -1.601456	       -0.981128	     +576.165145	     +576.165145
               4	               4	      -39.582218	      -39.582218	      +47.373733	     +587.008384	      -33.331431	       -3.563713	      -12.934848	      -11.576580	       -1.601456	       -0.981128	     +576.539258	     +576.539258
               4	               5	      -39.538369	      -39.538369	      +48.073174	     +578.319201	      -33.314099	       -3.563713	      -12.980104	      -11.568206	       -1.601456	       -0.981128	     +568.529966	     +568.529966
               4	               6	      -39.534508	      -39.534508	      +47.785215	     +585.756011	      -33.389270	       -3.563713	      -12.934177	      -11.578772	       -1.601456	       -0.981128	     +575.639007	     +575.639007
               4	               7	      -39.522507	      -39.522507	      +48.204994	     +577.995855	      -33.334151	       -3.563713	      -12.979675	      -11.568736	       -1.601456	       -0.981128	     +568.318288	     +568.318288
               4	               8	      -17.273677	      -17.273677	      +15.720708	     +389.136745	      -22.505641	       -3.563713	       -8.011655	       -9.372936	       -1.601456	       -0.981128	     +364.967221	     +364.967221
               4	               9	      -17.230830	      -17.230830	      +15.115620	     +380.361762	      -22.536042	       -3.563713	       -7.969600	       -9.390457	       -1.601456	       -0.981128	     +355.581283	     +355.581283
               4	              10	      -17.227365	      -17.227365	      +15.092539	     +380.188110	      -22.532219	       -3.563713	       -7.967636	       -9.390518	       -1.601456	       -0.981128	     +355.390277	     +355.390277
               4	              11	      -17.210675	      -17.210675	      +15.972985	     +388.211443	      -22.524854	       -3.563713	       -8.020380	       -9.386391	       -1.601456	       -0.981128	     +364.252804	     +364.252804
               4	              12	      -10.760539	      -10.760539	      +23.104874	     +418.316147	      -18.558919	       -3.563713	       -7.503628	       -8.185727	       -1.601456	       -0.981128	     +407.172748	     +407.172748
               4	              13	      -10.751426	      -10.751426	      +23.327905	     +419.606669	      -18.573397	       -3.563713	       -7.520672	       -8.187994	       -1.601456	       -0.981128	     +408.652511	     +408.652511
               4	              14	       -9.925139	       -9.925139	      +20.300248	     +382.866963	      -18.008650	       -3.563713	       -7.134178	       -8.081700	       -1.601456	       -0.981128	     +369.942684	     +369.942684
               4	              15	       -9.889646	       -9.889646	      +20.290045	     +383.030258	      -17.985205	       -3.563713	       -7.131241	       -8.075785	       -1.601456	       -0.981128	     +370.128072	     +370.128072
               4	              16	       -9.441757	       -9.441757	      +18.615134	     +394.818674	      -16.705884	       -3.563713	       -6.690782	       -7.875535	       -1.601456	       -0.981128	     +382.161608	     +382.161608
               4	              17	       -9.382374	       -9.382374	      +18.968955	     +393.014887	      -16.758715	       -3.563713	       -6.705131	       -7.892804	       -1.601456	       -0.981128	     +380.627192	     +380.627192
               4	              18	       -8.864993	       -8.864993	      +25.609928	     +372.708689	      -18.423857	       -3.563713	       -7.479275	       -8.312282	       -1.601456	       -0.981128	     +364.103203	     +364.103203
               4	              19	       -8.839967	       -8.839967	      +26.230233	     +376.002675	      -18.503988	       -3.563713	       -7.522527	       -8.328279	       -1.601456	       -0.981128	     +367.878114	     +367.878114
               4	              20	       -8.314099	       -8.314099	      +20.631965	     +348.735176	      -16.960708	       -3.563713	       -6.736833	       -8.015999	       -1.601456	       -0.981128	     +337.653601	     +337.653601
               4	              21	       -8.264530	       -8.264530	      +20.547262	     +348.479575	      -16.901522	       -3.563713	       -6.724307	       -8.006826	       -1.601456	       -0.981128	     +337.394183	     +337.394183
               4	              22	       -7.587982	       -7.587982	      +29.988443	     +347.550848	      -18.312066	       -3.563713	       -7.632376	       -8.336483	       -1.601456	       -0.981128	     +343.258366	     +343.258366
               4	              23	       -7.566418	       -7.566418	      +29.773751	     +346.637088	      -18.266765	       -3.563713	       -7.614290	       -8.329006	       -1.601456	       -0.981128	     +342.200779	     +342.200779
               4	              24	       -5.326194	       -5.326194	      +46.372181	     +505.166183	      -18.099406	       -3.563713	       -8.279724	       -8.331910	       -1.601456	       -0.981128	     +516.827324	     +516.827324
               4	              25	       -5.193615	       -5.193615	      +45.474213	     +502.764161	      -17.850263	       -3.563713	       -8.197492	       -8.291258	       -1.601456	       -0.981128	     +513.899362	     +513.899362
               4	              26	       -3.493546	       -3.493546	      +55.511863	     +528.390934	      -12.668284	       +0.000000	       -6.256277	       -8.419213	       +0.000000	       -0.981128	     +556.559022	     +556.559022
               4	              27	       -3.489961	       -3.489961	      +55.455293	     +527.867206	      -12.638578	       +0.000000	       -6.248601	       -8.417636	       +0.000000	       -0.981128	     +556.017683	     +556.017683
               4	              28	       -2.349114	       -2.349114	      +45.896751	     +408.206676	      -10.512005	       +0.000000	       -5.170683	       -7.774239	       +0.000000	       -0.981128	     +430.646500	     +430.646500
               4	              29	       -2.318861	       -2.318861	      +45.931999	     +408.480225	      -10.517261	       +0.000000	       -5.173562	       -7.767228	       +0.000000	       -0.981128	     +430.954173	     +430.954173
               4	              30	       -1.737564	       -1.737564	      +57.019562	     +483.491414	      -12.308559	       +0.000000	       -6.154525	       -8.316375	       +0.000000	       -0.981128	     +513.731517	     +513.731517
               4	              31	       -1.607455	       -1.607455	      +56.878365	     +485.518019	      -12.172501	       +0.000000	       -6.134770	       -8.299711	       +0.000000	       -0.981128	     +515.789402	     +515.789402
               4	              32	       -0.396867	       -0.396867	      +59.713324	     +482.720529	      -11.738034	       +0.000000	       -6.226090	       -8.220511	       +0.000000	       -0.981128	     +516.249217	     +516.249217
               4	              33	       -0.320176	       -0.320176	      +59.669398	     +483.114151	      -11.690595	       +0.000000	       -6.217753	       -8.203061	       +0.000000	       -0.981128	     +516.672141	     +516.672141
               4	              34	       +2.059713	       +2.059713	      +35.141266	     +377.620686	       -7.011882	       +0.000000	       -3.776158	       -6.437117	       +0.000000	       -0.981128	     +395.536795	     +395.536795
               4	              35	       +2.197666	       +2.197666	      +34.919172	     +375.112169	       -6.962389	       +0.000000	       -3.747158	       -6.407432	       +0.000000	       -0.981128	     +392.914362	     +392.914362
               4	              36	       +2.544442	       +2.544442	      +27.064973	     +302.168892	       -5.551727	       +0.000000	       -3.013745	       -6.014440	       +0.000000	       -0.981128	     +314.653953	     +314.653953
               4	              37	       +2.547609	       +2.547609	      +27.037240	     +301.606059	       -5.543283	       +0.000000	       -3.009374	       -6.018652	       +0.000000	       -0.981128	     +314.071991	     +314.071991
               4	              38	       +4.779964	       +4.779964	      +24.682278	     +233.905612	       -4.243184	       +0.000000	       -2.377803	       -5.403047	       +0.000000	       -0.981128	     +246.563856	     +246.563856
               4	              39	       +4.790015	       +4.790015	      +24.688570	     +233.920905	       -4.243180	       +0.000000	       -2.377755	       -5.410406	       +0.000000	       -0.981128	     +246.578134	     +246.578134
               4	              40	       +5.792462	       +5.792462	      +37.854992	     +340.366337	       -6.287798	       +0.000000	       -3.568284	       -6.110268	       +0.000000	       -0.981128	     +362.254979	     +362.254979
               4	              41	       +5.847475	       +5.847475	      +37.875448	     +338.433607	       -6.292981	       +0.000000	       -3.566663	       -6.095023	       +0.000000	       -0.981128	     +360.354389	     +360.354389
               4	              42	       +6.356892	       +6.356892	      +33.738775	     +373.773890	       -5.739356	       +0.000000	       -3.108946	       -6.025845	       +0.000000	       -0.981128	     +392.638519	     +392.638519
               4	              43	       +6.375935	       +6.375935	      +33.776270	     +374.674385	       -5.754433	       +0.000000	       -3.116749	       -6.016138	       +0.000000	       -0.981128	     +393.563334	     +393.563334
               4	              44	       +7.147369	       +7.147369	      +34.719179	     +219.188342	       -4.515339	       +0.000000	       -2.759752	       -5.416281	       +0.000000	       -0.981128	     +241.216149	     +241.216149
               4	              45	       +7.164538	       +7.164538	      +34.715493	     +219.672662	       -4.511915	       +0.000000	       -2.762008	       -5.388672	       +0.000000	       -0.981128	     +241.725559	     +241.725559
               4	              46	       +7.271748	       +7.271748	      +38.829403	     +319.335179	       -5.502011	       +0.000000	       -3.195129	       -5.984235	       +0.000000	       -0.981128	     +343.483207	     +343.483207
               4	              47	       +7.332089	       +7.332089	      +38.803799	     +317.918764	       -5.483979	       +0.000000	       -3.188884	       -5.976513	       +0.000000	       -0.981128	     +342.073187	     +342.073187
               4	              48	       +7.688873	       +7.688873	      +38.979208	     +331.473846	       -5.363894	       +0.000000	       -3.106431	       -6.062268	       +0.000000	       -0.981128	     +355.920461	     +355.920461
               4	              49	       +7.718731	       +7.718731	      +39.040711	     +331.707482	       -5.374343	       +0.000000	       -3.110983	       -6.063268	       +0.000000	       -0.981128	     +356.199599	     +356.199599
               4	              50	       +7.723235	       +7.723235	      +39.789670	     +345.726860	       -5.631767	       +0.000000	       -3.231051	       -6.111656	       +0.000000	       -0.981128	     +370.542056	     +370.542056
               4	              51	       +7.742222	       +7.742222	      +39.792686	     +345.634060	       -5.626426	       +0.000000	       -3.229730	       -6.111463	       +0.000000	       -0.981128	     +370.459127	     +370.459127
               4	              52	       +9.005471	       +9.005471	      +30.682171	     +178.909827	       -3.790783	       +0.000000	       -2.286567	       -5.015414	       +0.000000	       -0.981128	     +198.499234	     +198.499234
               4	              53	       +9.005478	       +9.005478	      +30.683072	     +178.909827	       -3.790783	       +0.000000	       -2.286567	       -5.015414	       +0.000000	       -0.981128	     +198.500136	     +198.500136
               4	              54	      +10.575350	      +10.575350	      +29.340814	     +224.831289	       -3.138250	       +0.000000	       -1.985431	       -4.614016	       +0.000000	       -0.981128	     +244.434405	     +244.434405
               4	              55	      +10.637025	      +10.637025	      +29.351239	     +225.291584	       -3.133682	       +0.000000	       -1.985616	       -4.602718	       +0.000000	       -0.981128	     +244.920807	     +244.920807
               4	              56	      +11.728256	      +11.728256	      +31.449326	     +173.296008	       -3.216418	       +0.000000	       -2.036779	       -4.418523	       +0.000000	       -0.981128	     +195.073615	     +195.073615
               4	              57	      +11.732590	      +11.732590	      +31.376440	     +172.280989	       -3.211318	       +0.000000	       -2.031091	       -4.410772	       +0.000000	       -0.981128	     +194.004247	     +194.004247
               4	              58	      +12.950804	      +12.950804	      +25.604771	      +67.512353	       -2.484550	       +0.000000	       -1.599426	       -3.786858	       +0.000000	       -0.981128	      +85.246290	      +85.246290
               4	              59	      +12.953291	      +12.953291	      +26.189976	      +80.712215	       -2.574941	       +0.000000	       -1.661106	       -3.822452	       +0.000000	       -0.981128	      +98.843693	      +98.843693
               4	              60	      +13.273329	      +13.273329	      +35.965783	     +264.929080	       -3.592253	       +0.000000	       -2.345631	       -4.489412	       +0.000000	       -0.981128	     +290.467566	     +290.467566
               4	              61	      +13.344627	      +13.344627	      +27.868817	      +78.876583	       -2.266946	       +0.000000	       -1.441082	       -3.744465	       +0.000000	       -0.981128	      +99.292906	      +99.292906
               4	              62	      +13.372807	      +13.372807	      +32.330704	     +177.407015	       -2.978032	       +0.000000	       -1.923444	       -4.135347	       +0.000000	       -0.981128	     +200.700895	     +200.700895
               4	              63	      +13.502358	      +13.502358	      +40.676502	     +375.150769	       -4.345110	       +0.000000	       -2.862471	       -4.872320	       +0.000000	       -0.981128	     +403.747371	     +403.747371
               4	              64	      +14.091708	      +14.091708	      +32.350624	     +132.914585	       -2.921257	       +0.000000	       -1.931596	       -3.958771	       +0.000000	       -0.981128	     +156.453584	     +156.453584
               4	              65	      +14.097493	      +14.097493	      +32.361604	     +132.636805	       -2.922333	       +0.000000	       -1.931316	       -3.956284	       +0.000000	       -0.981128	     +156.188476	     +156.188476
               4	              66	      +14.882463	      +14.882463	      +36.620043	      +89.923269	       -2.891108	       +0.000000	       -1.902590	       -3.964530	       +0.000000	       -0.981128	     +117.785084	     +117.785084
               4	              67	      +14.897879	      +14.897879	      +36.690578	      +90.456098	       -2.898857	       +0.000000	       -1.907714	       -3.965998	       +0.000000	       -0.981128	     +118.374107	     +118.374107
               4	              68	      +15.456548	      +15.456548	      +39.583463	     +185.786270	       -3.253887	       +0.000000	       -2.112710	       -4.266558	       +0.000000	       -0.981128	     +215.736576	     +215.736576
               4	              69	      +15.475579	      +15.475579	      +39.543512	     +185.455043	       -3.244226	       +0.000000	       -2.108625	       -4.261835	       +0.000000	       -0.981128	     +215.383870	     +215.383870
               4	              70	      +17.724109	      +17.724109	      +34.756166	     +169.899699	       -2.738679	       +0.000000	       -1.813766	       -3.344535	       +0.000000	       -0.981128	     +196.758885	     +196.758885
               4	              71	      +17.738872	      +17.738872	      +34.728053	     +169.905396	       -2.733437	       +0.000000	       -1.811667	       -3.341926	       +0.000000	       -0.981128	     +196.746419	     +196.746419
               4	              72	      +19.265163	      +19.265163	      +45.475831	     +321.296675	       -3.205712	       +0.000000	       -2.259045	       -3.934860	       +0.000000	       -0.981128	     +357.372889	     +357.372889
               4	              73	      +19.265338	      +19.265338	      +45.493587	     +321.532634	       -3.204625	       +0.000000	       -2.259116	       -3.929889	       +0.000000	       -0.981128	     +357.632591	     +357.632591
               4	              74	      +20.119740	      +20.119740	      +50.177513	     +309.166279	       -3.568305	       +0.000000	       -2.458818	       -3.768319	       +0.000000	       -0.981128	     +349.548349	     +349.548349
               4	              75	      +20.145672	      +20.145672	      +49.699997	     +303.051001	       -3.525243	       +0.000000	       -2.427794	       -3.729898	       +0.000000	       -0.981128	     +343.068063	     +343.068063
               4	              76	      +20.189681	      +20.189681	      +49.446756	     +326.376725	       -3.731510	       +0.000000	       -2.670576	       -3.794690	       +0.000000	       -0.981128	     +365.626705	     +365.626705
               4	              77	      +20.193331	      +20.193331	      +49.766726	     +330.907524	       -3.768283	       +0.000000	       -2.695272	       -3.810500	       +0.000000	       -0.981128	     +370.400194	     +370.400194
               4	              78	      +20.210405	      +20.210405	      +34.843121	      +96.163585	       -2.210955	       +0.000000	       -1.592709	       -2.678398	       +0.000000	       -0.981128	     +124.524644	     +124.524644
               4	              79	      +20.217788	      +20.217788	      +34.545510	      +91.695254	       -2.178076	       +0.000000	       -1.569882	       -2.661126	       +0.000000	       -0.981128	     +119.831681	     +119.831681

k-point 5:
               5	               0	      -65.392799	      -65.392799	      +29.311578	     +592.995738	      -40.103570	       -3.563713	      -16.204192	      -13.020413	       -1.601456	       -0.981128	     +552.979141	     +552.979141
               5	               1	      -65.392799	      -65.392799	      +29.311578	     +592.995738	      -40.103570	       -3.563713	      -16.204192	      -13.020413	       -1.601456	       -0.981128	     +552.979141	     +552.979141
               5	               2	      -42.080407	      -42.080407	      +50.926996	     +585.002664	      -34.008766	       -3.563713	      -13.265514	      -11.728034	       -1.601456	       -0.981128	     +576.927346	     +576.927346
               5	               3	      -42.080407	      -42.080407	      +50.926996	     +585.002664	      -34.008766	       -3.563713	      -13.265514	      -11.728034	       -1.601456	       -0.981128	     +576.927346	     +576.927346
               5	               4	      -39.576633	      -39.576633	      +47.748866	     +580.760687	      -33.342165	       -3.563713	      -12.960250	      -11.565136	       -1.601456	       -0.981128	     +570.642003	     +570.642003
               5	               5	      -39.576633	      -39.576633	      +47.748867	     +580.760687	      -33.342165	       -3.563713	      -12.960250	      -11.565136	       -1.601456	       -0.981128	     +570.642003	     +570.642003
               5	               6	      -39.426549	      -39.426549	      +48.742347	     +585.309341	      -33.369459	       -3.563713	      -12.987068	      -11.606485	       -1.601456	       -0.981128	     +576.088676	     +576.088676
               5	               7	      -39.426549	      -39.426549	      +48.742347	     +585.309341	      -33.369459	       -3.563713	      -12.987068	      -11.606485	       -1.601456	       -0.981128	     +576.088676	     +576.088676
               5	               8	      -18.084493	      -18.084493	      +13.069807	     +384.303138	      -22.411634	       -3.563713	       -7.921619	       -9.225931	       -1.601456	       -0.981128	     +357.813761	     +357.813761
               5	               9	      -18.084493	      -18.084493	      +13.069807	     +384.303138	      -22.411634	       -3.563713	       -7.921619	       -9.225931	       -1.601456	       -0.981128	     +357.813761	     +357.813761
               5	              10	      -17.638777	      -17.638777	      +13.836889	     +370.267513	      -22.378642	       -3.563713	       -7.874081	       -9.285496	       -1.601456	       -0.981128	     +344.566183	     +344.566183
               5	              11	      -17.638777	      -17.638777	      +13.836889	     +370.267513	      -22.378642	       -3.563713	       -7.874081	       -9.285496	       -1.601456	       -0.981128	     +344.566183	     +344.566183
               5	              12	      -10.524665	      -10.524665	      +22.254098	     +421.091114	      -18.387183	       -3.563713	       -7.354003	       -8.131701	       -1.601456	       -0.981128	     +409.472327	     +409.472327
               5	              13	      -10.524665	      -10.524665	      +22.254098	     +421.091114	      -18.387183	       -3.563713	       -7.354003	       -8.131701	       -1.601456	       -0.981128	     +409.472326	     +409.472326
               5	              14	       -9.566582	       -9.566582	      +23.065882	     +384.327504	      -17.856068	       -3.563713	       -7.254487	       -8.128342	       -1.601456	       -0.981128	     +374.154489	     +374.154489
               5	              15	       -9.566582	       -9.566582	      +23.065882	     +384.327504	      -17.856068	       -3.563713	       -7.254487	       -8.128342	       -1.601456	       -0.981128	     +374.154489	     +374.154489
               5	              16	       -9.176332	       -9.176332	      +21.632780	     +380.233496	      -17.751898	       -3.563713	       -7.122537	       -8.114613	       -1.601456	       -0.981128	     +368.877227	     +368.877227
               5	              17	       -9.176332	       -9.176332	      +21.632780	     +380.233496	      -17.751898	       -3.563713	       -7.122537	       -8.114613	       -1.601456	       -0.981128	     +368.877227	     +368.877227
               5	              18	       -8.120308	       -8.120308	      +34.386641	     +446.649051	      -18.822676	       -3.563713	       -8.071340	       -8.401653	       -1.601456	       -0.981128	     +445.740024	     +445.740024
               5	              19	       -8.120308	       -8.120308	      +34.386641	     +446.649051	      -18.822676	       -3.563713	       -8.071340	       -8.401653	       -1.601456	       -0.981128	     +445.740023	     +445.740023
               5	              20	       -7.044053	       -7.044053	      +24.668671	     +324.097748	      -17.181364	       -3.563713	       -6.978375	       -8.103812	       -1.601456	       -0.981128	     +316.502870	     +316.502870
               5	              21	       -7.044053	       -7.044053	      +24.668671	     +324.097748	      -17.181364	       -3.563713	       -6.978375	       -8.103812	       -1.601456	       -0.981128	     +316.502870	     +316.502870
               5	              22	       -6.595087	       -6.595087	      +32.360463	     +426.816224	      -17.892715	       -3.563713	       -7.550866	       -8.343780	       -1.601456	       -0.981128	     +425.389326	     +425.389326
               5	              23	       -6.595086	       -6.595086	      +32.360440	     +426.816224	      -17.892715	       -3.563713	       -7.550866	       -8.343780	       -1.601456	       -0.981128	     +425.389303	     +425.389303
               5	              24	       -6.289884	       -6.289884	      +38.267553	     +462.246838	      -17.453279	       -3.563713	       -7.772765	       -8.140864	       -1.601456	       -0.981128	     +467.147483	     +467.147483
               5	              25	       -6.289883	       -6.289883	      +38.267528	     +462.246838	      -17.453279	       -3.563713	       -7.772765	       -8.140864	       -1.601456	       -0.981128	     +467.147459	     +467.147459
               5	              26	       -3.056468	       -3.056468	      +53.234568	     +485.092287	      -12.349642	       +0.000000	       -5.971431	       -8.352128	       +0.000000	       -0.981128	     +511.653654	     +511.653654
               5	              27	       -3.056467	       -3.056467	      +53.234585	     +485.092287	      -12.349642	       +0.000000	       -5.971431	       -8.352128	       +0.000000	       -0.981128	     +511.653670	     +511.653670
               5	              28	       -2.954590	       -2.954590	      +50.547088	     +455.696260	      -11.748233	       +0.000000	       -5.717011	       -8.160579	       +0.000000	       -0.981128	     +480.617524	     +480.617524
               5	              29	       -2.954589	       -2.954589	      +50.547103	     +455.696260	      -11.748233	       +0.000000	       -5.717011	       -8.160579	       +0.000000	       -0.981128	     +480.617539	     +480.617539
               5	              30	       -1.863630	       -1.863630	      +47.548623	     +437.751809	      -10.683945	       +0.000000	       -5.425123	       -7.844636	       +0.000000	       -0.981128	     +461.346728	     +461.346728
               5	              31	       -1.863630	       -1.863630	      +47.548621	     +437.751809	      -10.683945	       +0.000000	       -5.425123	       -7.844636	       +0.000000	       -0.981128	     +461.346725	     +461.346725
               5	              32	       -1.263885	       -1.263885	      +51.240721	     +425.169602	      -11.316600	       +0.000000	       -5.489442	       -8.201337	       +0.000000	       -0.981128	     +451.402944	     +451.402944
               5	              33	       -1.263885	       -1.263885	      +51.240719	     +425.169602	      -11.316600	       +0.000000	       -5.489442	       -8.201337	       +0.000000	       -0.981128	     +451.402942	     +451.402942
               5	              34	       +2.649883	       +2.649883	      +30.062483	     +342.255016	       -6.132805	       +0.000000	       -3.317498	       -6.354243	       +0.000000	       -0.981128	     +356.512953	     +356.512953
               5	              35	       +2.649883	       +2.649883	      +30.062483	     +342.255016	       -6.132805	       +0.000000	       -3.317498	       -6.354243	       +0.000000	       -0.981128	     +356.512953	     +356.512953
               5	              36	       +2.893231	       +2.893231	      +27.034646	     +322.247313	       -5.572710	       +0.000000	       -2.980900	       -5.960004	       +0.000000	       -0.981128	     +334.768345	     +334.768345
               5	              37	       +2.893231	       +2.893231	      +27.034646	     +322.247313	       -5.572710	       +0.000000	       -2.980900	       -5.960004	       +0.000000	       -0.981128	     +334.768345	     +334.768345
               5	              38	       +3.304594	       +3.304594	      +34.160253	     +329.965252	       -6.223944	       +0.000000	       -3.473154	       -6.213609	       +0.000000	       -0.981128	     +348.214798	     +348.214798
               5	              39	       +3.304594	       +3.304594	      +34.160253	     +329.965252	       -6.223944	       +0.000000	       -3.473154	       -6.213609	       +0.000000	       -0.981128	     +348.214798	     +348.214798
               5	              40	       +5.155267	       +5.155267	      +30.162414	     +215.450482	       -4.715370	       +0.000000	       -2.724547	       -5.555650	       +0.000000	       -0.981128	     +232.617329	     +232.617329
               5	              41	       +5.155267	       +5.155267	      +30.162414	     +215.450482	       -4.715370	       +0.000000	       -2.724547	       -5.555650	       +0.000000	       -0.981128	     +232.617329	     +232.617329
               5	              42	       +5.593548	       +5.593548	      +37.610587	     +292.903032	       -5.843908	       +0.000000	       -3.380537	       -5.920041	       +0.000000	       -0.981128	     +315.369132	     +315.369132
               5	              43	       +5.593548	       +5.593548	      +37.610587	     +292.903032	       -5.843908	       +0.000000	       -3.380537	       -5.920041	       +0.000000	       -0.981128	     +315.369133	     +315.369133
               5	              44	       +7.168538	       +7.168538	      +40.554133	     +376.330665	       -6.073113	       +0.000000	       -3.504365	       -6.103532	       +0.000000	       -0.981128	     +401.203789	     +401.203789
               5	              45	       +7.168538	       +7.168538	      +40.554132	     +376.330665	       -6.073113	       +0.000000	       -3.504365	       -6.103532	       +0.000000	       -0.981128	     +401.203788	     +401.203788
               5	              46	       +7.616678	       +7.616678	      +27.705601	     +170.610715	       -3.877390	       +0.000000	       -2.265523	       -5.045427	       +0.000000	       -0.981128	     +187.127977	     +187.127977
               5	              47	       +7.616678	       +7.616678	      +27.705601	     +170.610715	       -3.877390	       +0.000000	       -2.265523	       -5.045427	       +0.000000	       -0.981128	     +187.127977	     +187.127977
               5	              48	       +7.719677	       +7.719677	      +33.658409	     +311.334353	       -4.896083	       +0.000000	       -2.813079	       -5.619046	       +0.000000	       -0.981128	     +331.664554	     +331.664554
               5	              49	       +7.719677	       +7.719677	      +33.658412	     +311.334353	       -4.896083	       +0.000000	       -2.813079	       -5.619046	       +0.000000	       -0.981128	     +331.664557	     +331.664557
               5	              50	       +9.143824	       +9.143824	      +38.315827	     +320.323825	       -4.953159	       +0.000000	       -2.924347	       -5.627050	       +0.000000	       -0.981128	     +345.135096	     +345.135096
               5	              51	       +9.143824	       +9.143824	      +38.315828	     +320.323825	       -4.953159	       +0.000000	       -2.924347	       -5.627050	       +0.000000	       -0.981128	     +345.135096	     +345.135096
               5	              52	       +9.711212	       +9.711212	      +30.193900	     +215.685044	       -3.732912	       +0.000000	       -2.267116	       -4.891482	       +0.000000	       -0.981128	     +234.987434	     +234.987434
               5	              53	       +9.711213	       +9.711213	      +30.193887	     +215.685044	       -3.732912	       +0.000000	       -2.267116	       -4.891482	       +0.000000	       -0.981128	     +234.987420	     +234.987420
               5	              54	      +10.065537	      +10.065537	      +43.847417	     +351.096517	       -5.348295	       +0.000000	       -3.202644	       -5.737354	       +0.000000	       -0.981128	     +380.655641	     +380.655641
               5	              55	      +10.065537	      +10.065537	      +43.847407	     +351.096517	       -5.348295	       +0.000000	       -3.202644	       -5.737354	       +0.000000	       -0.981128	     +380.655631	     +380.655631
               5	              56	      +10.144727	      +10.144727	      +38.036098	     +293.867313	       -4.668786	       +0.000000	       -2.809613	       -5.471692	       +0.000000	       -0.981128	     +318.953320	     +318.953320
               5	              57	      +10.144727	      +10.144727	      +38.036101	     +293.867313	       -4.668786	       +0.000000	       -2.809613	       -5.471692	       +0.000000	       -0.981128	     +318.953323	     +318.953323
               5	              58	      +12.357131	      +12.357131	      +53.777688	     +327.603842	       -5.554668	       +0.000000	       -3.513731	       -5.766467	       +0.000000	       -0.981128	     +366.546664	     +366.546664
               5	              59	      +12.357131	      +12.357131	      +53.777688	     +327.603842	       -5.554668	       +0.000000	       -3.513731	       -5.766467	       +0.000000	       -0.981128	     +366.546664	     +366.546664
               5	              60	      +13.541745	      +13.541745	      +25.746116	     +116.618392	       -2.058901	       +0.000000	       -1.392116	       -3.679614	       +0.000000	       -0.981128	     +135.233876	     +135.233876
               5	              61	      +13.541745	      +13.541745	      +25.746116	     +116.618392	       -2.058901	       +0.000000	       -1.392116	       -3.679614	       +0.000000	       -0.981128	     +135.233876	     +135.233876
               5	              62	      +13.877058	      +13.877058	      +25.281243	     +100.970385	       -2.046680	       +0.000000	       -1.415722	       -3.551485	       +0.000000	       -0.981128	     +119.237741	     +119.237741
               5	              63	      +13.877058	      +13.877058	      +25.281242	     +100.970385	       -2.046680	       +0.000000	       -1.415722	       -3.551485	       +0.000000	       -0.981128	     +119.237740	     +119.237740
               5	              64	      +14.840741	      +14.840741	      +29.447038	     +135.390675	       -2.604994	       +0.000000	       -1.747024	       -3.605800	       +0.000000	       -0.981128	     +156.879896	     +156.879896
               5	              65	      +14.840741	      +14.840741	      +29.447038	     +135.390675	       -2.604994	       +0.000000	       -1.747024	       -3.605800	       +0.000000	       -0.981128	     +156.879895	     +156.879895
               5	              66	      +15.590644	      +15.590644	      +33.986360	     +143.123431	       -2.825377	       +0.000000	       -1.858197	       -3.802339	       +0.000000	       -0.981128	     +168.623877	     +168.623877
               5	              67	      +15.590644	      +15.590644	      +33.986359	     +143.123431	       -2.825377	       +0.000000	       -1.858197	       -3.802339	       +0.000000	       -0.981128	     +168.623877	     +168.623877
               5	              68	      +16.288972	      +16.288972	      +37.976993	     +297.747089	       -3.259545	       +0.000000	       -2.237806	       -3.946835	       +0.000000	       -0.981128	     +326.279897	     +326.279897
               5	              69	      +16.288972	      +16.288972	      +37.976994	     +297.747089	       -3.259545	       +0.000000	       -2.237806	       -3.946835	       +0.000000	       -0.981128	     +326.279898	     +326.279898
               5	              70	      +17.050889	      +17.050889	      +40.455483	     +257.640594	       -3.190787	       +0.000000	       -2.187303	       -4.127560	       +0.000000	       -0.981128	     +288.590426	     +288.590426
               5	              71	      +17.050889	      +17.050889	      +40.455482	     +257.640594	       -3.190787	       +0.000000	       -2.187303	       -4.127560	       +0.000000	       -0.981128	     +288.590424	     +288.590424
               5	              72	      +17.207931	      +17.207931	      +28.795644	      +45.965818	       -1.845728	       +0.000000	       -1.301829	       -3.150172	       +0.000000	       -0.981128	      +68.463733	      +68.463733
               5	              73	      +17.207931	      +17.207931	      +28.795643	      +45.965818	       -1.845728	       +0.000000	       -1.301829	       -3.150172	       +0.000000	       -0.981128	      +68.463732	      +68.463732
               5	              74	      +17.657340	      +17.657340	      +22.358207	     +125.609479	       -1.606235	       +0.000000	       -1.130417	       -2.398791	       +0.000000	       -0.981128	     +142.832244	     +142.832244
               5	              75	      +17.657340	      +17.657340	      +22.358207	     +125.609479	       -1.606235	       +0.000000	       -1.130417	       -2.398791	       +0.000000	       -0.981128	     +142.832244	     +142.832244
               5	              76	      +19.467552	      +19.467552	      +42.291383	     +236.011244	       -2.907602	       +0.000000	       -2.039642	       -3.662952	       +0.000000	       -0.981128	     +269.692431	     +269.692431
               5	              77	      +19.467553	      +19.467553	      +42.291386	     +236.011244	       -2.907602	       +0.000000	       -2.039642	       -3.662952	       +0.000000	       -0.981128	     +269.692434	     +269.692434
               5	              78	      +19.553073	      +19.553073	      +42.940850	     +275.109249	       -2.916870	       +0.000000	       -2.056178	       -3.774534	       +0.000000	       -0.981128	     +309.302518	     +309.302518
               5	              79	      +19.553073	      +19.553073	      +42.940850	     +275.109249	       -2.916870	       +0.000000	       -2.056178	       -3.774534	       +0.000000	       -0.981128	     +309.302518	     +309.302518

k-point 6:
               6	               0	      -65.392799	      -65.392799	      +29.311576	     +595.106762	      -40.131297	       -3.563713	      -16.212803	      -13.030250	       -1.601456	       -0.981128	     +555.043988	     +555.043988
               6	               1	      -65.392799	      -65.392799	      +29.311576	     +595.106762	      -40.131297	       -3.563713	      -16.212803	      -13.030250	       -1.601456	       -0.981128	     +555.043988	     +555.043988
               6	               2	      -42.080407	      -42.080407	      +50.926997	     +585.395639	      -34.012402	       -3.563713	      -13.266486	      -11.729080	       -1.601456	       -0.981128	     +577.314666	     +577.314666
               6	               3	      -42.080407	      -42.080407	      +50.926997	     +585.395639	      -34.012402	       -3.563713	      -13.266486	      -11.729080	       -1.601456	       -0.981128	     +577.314666	     +577.314666
               6	               4	      -39.576634	      -39.576634	      +47.748863	     +580.947869	      -33.345469	       -3.563713	      -12.961346	      -11.566394	       -1.601456	       -0.981128	     +570.823523	     +570.823523
               6	               5	      -39.576634	      -39.576634	      +47.748863	     +580.947869	      -33.345469	       -3.563713	      -12.961346	      -11.566394	       -1.601456	       -0.981128	     +570.823523	     +570.823523
               6	               6	      -39.426547	      -39.426547	      +48.742357	     +586.052105	      -33.374300	       -3.563713	      -12.988071	      -11.607498	       -1.601456	       -0.981128	     +576.824593	     +576.824593
               6	               7	      -39.426547	      -39.426547	      +48.742357	     +586.052105	      -33.374300	       -3.563713	      -12.988071	      -11.607498	       -1.601456	       -0.981128	     +576.824593	     +576.824593
               6	               8	      -18.084495	      -18.084495	      +13.069804	     +384.669814	      -22.414049	       -3.563713	       -7.923929	       -9.226418	       -1.601456	       -0.981128	     +358.175222	     +358.175222
               6	               9	      -18.084495	      -18.084495	      +13.069804	     +384.669814	      -22.414049	       -3.563713	       -7.923929	       -9.226418	       -1.601456	       -0.981128	     +358.175222	     +358.175222
               6	              10	      -17.638785	      -17.638785	      +13.836879	     +369.176032	      -22.371152	       -3.563713	       -7.870900	       -9.284608	       -1.601456	       -0.981128	     +343.486252	     +343.486252
               6	              11	      -17.638785	      -17.638785	      +13.836879	     +369.176032	      -22.371152	       -3.563713	       -7.870900	       -9.284608	       -1.601456	       -0.981128	     +343.486252	     +343.486252
               6	              12	      -10.524665	      -10.524665	      +22.254088	     +420.814529	      -18.399399	       -3.563713	       -7.356733	       -8.139620	       -1.601456	       -0.981128	     +409.172865	     +409.172865
               6	              13	      -10.524665	      -10.524665	      +22.254088	     +420.814529	      -18.399399	       -3.563713	       -7.356733	       -8.139620	       -1.601456	       -0.981128	     +409.172865	     +409.172865
               6	              14	       -9.566583	       -9.566583	      +23.065879	     +382.023982	      -17.857736	       -3.563713	       -7.251340	       -8.132882	       -1.601456	       -0.981128	     +371.847903	     +371.847903
               6	              15	       -9.566583	       -9.566583	      +23.065880	     +382.023982	      -17.857736	       -3.563713	       -7.251340	       -8.132882	       -1.601456	       -0.981128	     +371.847904	     +371.847904
               6	              16	       -9.176334	       -9.176334	      +21.632777	     +380.449015	      -17.754650	       -3.563713	       -7.123242	       -8.114996	       -1.601456	       -0.981128	     +369.088904	     +369.088904
               6	              17	       -9.176334	       -9.176334	      +21.632777	     +380.449015	      -17.754650	       -3.563713	       -7.123242	       -8.114996	       -1.601456	       -0.981128	     +369.088904	     +369.088904
               6	              18	       -8.120282	       -8.120282	      +34.386699	     +445.722031	      -18.801099	       -3.563713	       -8.064058	       -8.396214	       -1.601456	       -0.981128	     +444.847359	     +444.847359
               6	              19	       -8.120282	       -8.120282	      +34.386701	     +445.722031	      -18.801099	       -3.563713	       -8.064058	       -8.396214	       -1.601456	       -0.981128	     +444.847361	     +444.847361
               6	              20	       -7.044059	       -7.044059	      +24.668662	     +325.809434	      -17.176178	       -3.563713	       -6.981655	       -8.100229	       -1.601456	       -0.981128	     +318.220034	     +318.220034
               6	              21	       -7.044059	       -7.044059	      +24.668661	     +325.809434	      -17.176178	       -3.563713	       -6.981655	       -8.100229	       -1.601456	       -0.981128	     +318.220033	     +318.220033
               6	              22	       -6.595074	       -6.595074	      +32.360566	     +427.164688	      -17.888797	       -3.563713	       -7.550162	       -8.338283	       -1.601456	       -0.981128	     +425.748012	     +425.748012
               6	              23	       -6.595073	       -6.595073	      +32.360543	     +427.164688	      -17.888797	       -3.563713	       -7.550162	       -8.338283	       -1.601456	       -0.981128	     +425.747988	     +425.747988
               6	              24	       -6.289901	       -6.289901	      +38.267496	     +464.139501	      -17.470354	       -3.563713	       -7.779784	       -8.148105	       -1.601456	       -0.981128	     +469.008754	     +469.008754
               6	              25	       -6.289899	       -6.289899	      +38.267474	     +464.139501	      -17.470354	       -3.563713	       -7.779784	       -8.148105	       -1.601456	       -0.981128	     +469.008731	     +469.008731
               6	              26	       -3.056462	       -3.056462	      +53.234509	     +484.711918	      -12.358135	       +0.000000	       -5.973572	       -8.356722	       +0.000000	       -0.981128	     +511.257998	     +511.257998
               6	              27	       -3.056461	       -3.056461	      +53.234524	     +484.711918	      -12.358135	       +0.000000	       -5.973572	       -8.356722	       +0.000000	       -0.981128	     +511.258012	     +511.258012
               6	              28	       -2.954589	       -2.954589	      +50.547205	     +456.198339	      -11.747232	       +0.000000	       -5.715939	       -8.158836	       +0.000000	       -0.981128	     +481.123537	     +481.123537
               6	              29	       -2.954587	       -2.954587	      +50.547222	     +456.198339	      -11.747232	       +0.000000	       -5.715939	       -8.158836	       +0.000000	       -0.981128	     +481.123554	     +481.123554
               6	              30	       -1.863614	       -1.863614	      +47.548664	     +439.061672	      -10.684217	       +0.000000	       -5.424865	       -7.836637	       +0.000000	       -0.981128	     +462.664617	     +462.664617
               6	              31	       -1.863614	       -1.863614	      +47.548663	     +439.061672	      -10.684217	       +0.000000	       -5.424865	       -7.836637	       +0.000000	       -0.981128	     +462.664616	     +462.664616
               6	              32	       -1.263889	       -1.263889	      +51.240739	     +430.843962	      -11.316853	       +0.000000	       -5.491497	       -8.216882	       +0.000000	       -0.981128	     +457.059469	     +457.059469
               6	              33	       -1.263888	       -1.263888	      +51.240739	     +430.843962	      -11.316853	       +0.000000	       -5.491497	       -8.216882	       +0.000000	       -0.981128	     +457.059468	     +457.059468
               6	              34	       +2.649882	       +2.649882	      +30.062540	     +343.218038	       -6.128918	       +0.000000	       -3.316169	       -6.352385	       +0.000000	       -0.981128	     +357.483106	     +357.483106
               6	              35	       +2.649882	       +2.649882	      +30.062546	     +343.218038	       -6.128918	       +0.000000	       -3.316169	       -6.352385	       +0.000000	       -0.981128	     +357.483112	     +357.483112
               6	              36	       +2.893232	       +2.893232	      +27.034595	     +321.424397	       -5.568074	       +0.000000	       -2.979063	       -5.958276	       +0.000000	       -0.981128	     +333.953579	     +333.953579
               6	              37	       +2.893232	       +2.893232	      +27.034596	     +321.424397	       -5.568074	       +0.000000	       -2.979063	       -5.958276	       +0.000000	       -0.981128	     +333.953580	     +333.953580
               6	              38	       +3.304596	       +3.304596	      +34.160082	     +331.355786	       -6.223273	       +0.000000	       -3.473011	       -6.218387	       +0.000000	       -0.981128	     +349.601197	     +349.601197
               6	              39	       +3.304597	       +3.304597	      +34.160089	     +331.355786	       -6.223273	       +0.000000	       -3.473011	       -6.218387	       +0.000000	       -0.981128	     +349.601204	     +349.601204
               6	              40	       +5.155271	       +5.155271	      +30.162488	     +211.870257	       -4.721426	       +0.000000	       -2.724349	       -5.553361	       +0.000000	       -0.981128	     +229.033609	     +229.033609
               6	              41	       +5.155271	       +5.155271	      +30.162487	     +211.870257	       -4.721426	       +0.000000	       -2.724349	       -5.553361	       +0.000000	       -0.981128	     +229.033607	     +229.033607
               6	              42	       +5.593534	       +5.593534	      +37.610611	     +289.891924	       -5.854621	       +0.000000	       -3.382243	       -5.935189	       +0.000000	       -0.981128	     +312.330482	     +312.330482
               6	              43	       +5.593534	       +5.593534	      +37.610614	     +289.891924	       -5.854621	       +0.000000	       -3.382243	       -5.935189	       +0.000000	       -0.981128	     +312.330484	     +312.330484
               6	              44	       +7.168552	       +7.168552	      +40.554126	     +375.729392	       -6.071791	       +0.000000	       -3.503321	       -6.108964	       +0.000000	       -0.981128	     +400.599442	     +400.599442
               6	              45	       +7.168552	       +7.168552	      +40.554131	     +375.729392	       -6.071791	       +0.000000	       -3.503321	       -6.108964	       +0.000000	       -0.981128	     +400.599447	     +400.599447
               6	              46	       +7.616670	       +7.616670	      +27.705580	     +167.744668	       -3.879538	       +0.000000	       -2.265701	       -5.042133	       +0.000000	       -0.981128	     +184.262876	     +184.262876
               6	              47	       +7.616670	       +7.616670	      +27.705580	     +167.744668	       -3.879538	       +0.000000	       -2.265701	       -5.042133	       +0.000000	       -0.981128	     +184.262875	     +184.262875
               6	              48	       +7.719668	       +7.719668	      +33.658351	     +310.796552	       -4.894906	       +0.000000	       -2.812428	       -5.623917	       +0.000000	       -0.981128	     +331.123652	     +331.123652
               6	              49	       +7.719669	       +7.719669	      +33.658357	     +310.796552	       -4.894906	       +0.000000	       -2.812428	       -5.623917	       +0.000000	       -0.981128	     +331.123659	     +331.123659
               6	              50	       +9.143833	       +9.143833	      +38.315851	     +317.373568	       -4.951626	       +0.000000	       -2.923628	       -5.622331	       +0.000000	       -0.981128	     +342.191835	     +342.191835
               6	              51	       +9.143833	       +9.143833	      +38.315851	     +317.373568	       -4.951626	       +0.000000	       -2.923628	       -5.622331	       +0.000000	       -0.981128	     +342.191834	     +342.191834
               6	              52	       +9.711197	       +9.711197	      +30.193871	     +216.292060	       -3.732420	       +0.000000	       -2.266271	       -4.883220	       +0.000000	       -0.981128	     +235.604020	     +235.604020
               6	              53	       +9.711197	       +9.711197	      +30.193866	     +216.292060	       -3.732420	       +0.000000	       -2.266271	       -4.883220	       +0.000000	       -0.981128	     +235.604015	     +235.604015
               6	              54	      +10.065546	      +10.065546	      +43.847186	     +353.337549	       -5.351101	       +0.000000	       -3.204486	       -5.734793	       +0.000000	       -0.981128	     +382.894355	     +382.894355
               6	              55	      +10.065546	      +10.065546	      +43.847187	     +353.337549	       -5.351101	       +0.000000	       -3.204486	       -5.734793	       +0.000000	       -0.981128	     +382.894356	     +382.894356
               6	              56	      +10.144710	      +10.144710	      +38.036298	     +292.688853	       -4.669924	       +0.000000	       -2.811284	       -5.469966	       +0.000000	       -0.981128	     +317.773977	     +317.773977
               6	              57	      +10.144710	      +10.144710	      +38.036303	     +292.688853	       -4.669924	       +0.000000	       -2.811284	       -5.469966	       +0.000000	       -0.981128	     +317.773982	     +317.773982
               6	              58	      +12.357130	      +12.357130	      +53.777706	     +325.005021	       -5.550475	       +0.000000	       -3.511779	       -5.758508	       +0.000000	       -0.981128	     +363.961965	     +363.961965
               6	              59	      +12.357130	      +12.357130	      +53.777707	     +325.005021	       -5.550475	       +0.000000	       -3.511779	       -5.758508	       +0.000000	       -0.981128	     +363.961965	     +363.961965
               6	              60	      +13.541740	      +13.541740	      +25.746118	     +115.690552	       -2.056973	       +0.000000	       -1.391256	       -3.683815	       +0.000000	       -0.981128	     +134.304626	     +134.304626
               6	              61	      +13.541740	      +13.541740	      +25.746119	     +115.690552	       -2.056973	       +0.000000	       -1.391256	       -3.683815	       +0.000000	       -0.981128	     +134.304627	     +134.304627
               6	              62	      +13.877063	      +13.877063	      +25.281264	     +104.644365	       -2.045984	       +0.000000	       -1.414390	       -3.547449	       +0.000000	       -0.981128	     +122.917806	     +122.917806
               6	              63	      +13.877063	      +13.877063	      +25.281261	     +104.644365	       -2.045984	       +0.000000	       -1.414390	       -3.547449	       +0.000000	       -0.981128	     +122.917803	     +122.917803
               6	              64	      +14.840724	      +14.840724	      +29.446948	     +131.450574	       -2.603558	       +0.000000	       -1.745223	       -3.586677	       +0.000000	       -0.981128	     +152.962064	     +152.962064
               6	              65	      +14.840724	      +14.840724	      +29.446945	     +131.450574	       -2.603558	       +0.000000	       -1.745223	       -3.586677	       +0.000000	       -0.981128	     +152.962061	     +152.962061
               6	              66	      +15.590636	      +15.590636	      +33.986370	     +137.785193	       -2.825333	       +0.000000	       -1.858157	       -3.802248	       +0.000000	       -0.981128	     +163.285826	     +163.285826
               6	              67	      +15.590636	      +15.590636	      +33.986370	     +137.785193	       -2.825333	       +0.000000	       -1.858157	       -3.802248	       +0.000000	       -0.981128	     +163.285825	     +163.285825
               6	              68	      +16.289002	      +16.289002	      +37.976985	     +293.924440	       -3.259864	       +0.000000	       -2.238285	       -3.946553	       +0.000000	       -0.981128	     +322.456722	     +322.456722
               6	              69	      +16.289002	      +16.289002	      +37.976989	     +293.924440	       -3.259864	       +0.000000	       -2.238285	       -3.946553	       +0.000000	       -0.981128	     +322.456726	     +322.456726
               6	              70	      +17.050898	      +17.050898	      +40.455425	     +269.232860	       -3.190132	       +0.000000	       -2.187818	       -4.135403	       +0.000000	       -0.981128	     +300.174931	     +300.174931
               6	              71	      +17.050898	      +17.050898	      +40.455423	     +269.232860	       -3.190132	       +0.000000	       -2.187818	       -4.135403	       +0.000000	       -0.981128	     +300.174930	     +300.174930
               6	              72	      +17.207928	      +17.207928	      +28.795666	      +48.220248	       -1.845560	       +0.000000	       -1.301434	       -3.114491	       +0.000000	       -0.981128	      +70.754430	      +70.754430
               6	              73	      +17.207928	      +17.207928	      +28.795666	      +48.220248	       -1.845560	       +0.000000	       -1.301434	       -3.114491	       +0.000000	       -0.981128	      +70.754429	      +70.754429
               6	              74	      +17.657340	      +17.657340	      +22.358283	     +123.875925	       -1.605455	       +0.000000	       -1.129639	       -2.394323	       +0.000000	       -0.981128	     +141.104791	     +141.104791
               6	              75	      +17.657340	      +17.657340	      +22.358284	     +123.875925	       -1.605455	       +0.000000	       -1.129639	       -2.394323	       +0.000000	       -0.981128	     +141.104792	     +141.104792
               6	              76	      +19.467532	      +19.467532	      +42.291496	     +243.339484	       -2.906043	       +0.000000	       -2.038733	       -3.638462	       +0.000000	       -0.981128	     +277.047742	     +277.047742
               6	              77	      +19.467532	      +19.467532	      +42.291495	     +243.339484	       -2.906043	       +0.000000	       -2.038733	       -3.638462	       +0.000000	       -0.981128	     +277.047741	     +277.047741
               6	              78	      +19.553053	      +19.553053	      +42.940846	     +286.381570	       -2.916779	       +0.000000	       -2.055468	       -3.771869	       +0.000000	       -0.981128	     +320.578299	     +320.578299
               6	              79	      +19.553054	      +19.553054	      +42.940848	     +286.381570	       -2.916779	       +0.000000	       -2.055468	       -3.771869	       +0.000000	       -0.981128	     +320.578301	     +320.578301

k-point 7:
               7	               0	      -65.392799	      -65.392799	      +29.311578	     +592.995738	      -40.103570	       -3.563713	      -16.204192	      -13.020413	       -1.601456	       -0.981128	     +552.979141	     +552.979141
               7	               1	      -65.392799	      -65.392799	      +29.311578	     +592.995738	      -40.103570	       -3.563713	      -16.204192	      -13.020413	       -1.601456	       -0.981128	     +552.979141	     +552.979141
               7	               2	      -42.080407	      -42.080407	      +50.926996	     +585.002664	      -34.008766	       -3.563713	      -13.265514	      -11.728034	       -1.601456	       -0.981128	     +576.927346	     +576.927346
               7	               3	      -42.080407	      -42.080407	      +50.926996	     +585.002664	      -34.008766	       -3.563713	      -13.265514	      -11.728034	       -1.601456	       -0.981128	     +576.927346	     +576.927346
               7	               4	      -39.576633	      -39.576633	      +47.748866	     +580.760687	      -33.342165	       -3.563713	      -12.960250	      -11.565136	       -1.601456	       -0.981128	     +570.642003	     +570.642003
               7	               5	      -39.576633	      -39.576633	      +47.748867	     +580.760687	      -33.342165	       -3.563713	      -12.960250	      -11.565136	       -1.601456	       -0.981128	     +570.642003	     +570.642003
               7	               6	      -39.426549	      -39.426549	      +48.742347	     +585.309341	      -33.369459	       -3.563713	      -12.987068	      -11.606485	       -1.601456	       -0.981128	     +576.088676	     +576.088676
               7	               7	      -39.426549	      -39.426549	      +48.742347	     +585.309341	      -33.369459	       -3.563713	      -12.987068	      -11.606485	       -1.601456	       -0.981128	     +576.088676	     +576.088676
               7	               8	      -18.084493	      -18.084493	      +13.069807	     +384.303138	      -22.411634	       -3.563713	       -7.921619	       -9.225931	       -1.601456	       -0.981128	     +357.813761	     +357.813761
               7	               9	      -18.084493	      -18.084493	      +13.069807	     +384.303138	      -22.411634	       -3.563713	       -7.921619	       -9.225931	       -1.601456	       -0.981128	     +357.813761	     +357.813761
               7	              10	      -17.638777	      -17.638777	      +13.836889	     +370.267513	      -22.378642	       -3.563713	       -7.874081	       -9.285496	       -1.601456	       -0.981128	     +344.566183	     +344.566183
               7	              11	      -17.638777	      -17.638777	      +13.836889	     +370.267513	      -22.378642	       -3.563713	       -7.874081	       -9.285496	       -1.601456	       -0.981128	     +344.566183	     +344.566183
               7	              12	      -10.524665	      -10.524665	      +22.254098	     +421.091114	      -18.387183	       -3.563713	       -7.354003	       -8.131701	       -1.601456	       -0.981128	     +409.472327	     +409.472327
               7	              13	      -10.524665	      -10.524665	      +22.254098	     +421.091114	      -18.387183	       -3.563713	       -7.354003	       -8.131701	       -1.601456	       -0.981128	     +409.472326	     +409.472326
               7	              14	       -9.566582	       -9.566582	      +23.065882	     +384.327504	      -17.856068	       -3.563713	       -7.254487	       -8.128342	       -1.601456	       -0.981128	     +374.154489	     +374.154489
               7	              15	       -9.566582	       -9.566582	      +23.065882	     +384.327504	      -17.856068	       -3.563713	       -7.254487	       -8.128342	       -1.601456	       -0.981128	     +374.154489	     +374.154489
               7	              16	       -9.176332	       -9.176332	      +21.632780	     +380.233496	      -17.751898	       -3.563713	       -7.122537	       -8.114613	       -1.601456	       -0.981128	     +368.877227	     +368.877227
               7	              17	       -9.176332	       -9.176332	      +21.632780	     +380.233496	      -17.751898	       -3.563713	       -7.122537	       -8.114613	       -1.601456	       -0.981128	     +368.877227	     +368.877227
               7	              18	       -8.120308	       -8.120308	      +34.386641	     +446.649051	      -18.822676	       -3.563713	       -8.071340	       -8.401653	       -1.601456	       -0.981128	     +445.740024	     +445.740024
               7	              19	       -8.120308	       -8.120308	      +34.386641	     +446.649051	      -18.822676	       -3.563713	       -8.071340	       -8.401653	       -1.601456	       -0.981128	     +445.740023	     +445.740023
               7	              20	       -7.044053	       -7.044053	      +24.668671	     +324.097748	      -17.181364	       -3.563713	       -6.978375	       -8.103812	       -1.601456	       -0.981128	     +316.502870	     +316.502870
               7	              21	       -7.044053	       -7.044053	      +24.668671	     +324.097748	      -17.181364	       -3.563713	       -6.978375	       -8.103812	       -1.601456	       -0.981128	     +316.502870	     +316.502870
               7	              22	       -6.595087	       -6.595087	      +32.360463	     +426.816224	      -17.892715	       -3.563713	       -7.550866	       -8.343780	       -1.601456	       -0.981128	     +425.389326	     +425.389326
               7	              23	       -6.595086	       -6.595086	      +32.360440	     +426.816224	      -17.892715	       -3.563713	       -7.550866	       -8.343780	       -1.601456	       -0.981128	     +425.389303	     +425.389303
               7	              24	       -6.289884	       -6.289884	      +38.267553	     +462.246838	      -17.453279	       -3.563713	       -7.772765	       -8.140864	       -1.601456	       -0.981128	     +467.147483	     +467.147483
               7	              25	       -6.289883	       -6.289883	      +38.267528	     +462.246838	      -17.453279	       -3.563713	       -7.772765	       -8.140864	       -1.601456	       -0.981128	     +467.147459	     +467.147459
               7	              26	       -3.056468	       -3.056468	      +53.234568	     +485.092287	      -12.349642	       +0.000000	       -5.971431	       -8.352128	       +0.000000	       -0.981128	     +511.653654	     +511.653654
               7	              27	       -3.056467	       -3.056467	      +53.234585	     +485.092287	      -12.349642	       +0.000000	       -5.971431	       -8.352128	       +0.000000	       -0.981128	     +511.653670	     +511.653670
               7	              28	       -2.954590	       -2.954590	      +50.547088	     +455.696260	      -11.748233	       +0.000000	       -5.717011	       -8.160579	       +0.000000	       -0.981128	     +480.617524	     +480.617524
               7	              29	       -2.954589	       -2.954589	      +50.547103	     +455.696260	      -11.748233	       +0.000000	       -5.717011	       -8.160579	       +0.000000	       -0.981128	     +480.617539	     +480.617539
               7	              30	       -1.863630	       -1.863630	      +47.548623	     +437.751809	      -10.683945	       +0.000000	       -5.425123	       -7.844636	       +0.000000	       -0.981128	     +461.346728	     +461.346728
               7	              31	       -1.863630	       -1.863630	      +47.548621	     +437.751809	      -10.683945	       +0.000000	       -5.425123	       -7.844636	       +0.000000	       -0.981128	     +461.346725	     +461.346725
               7	              32	       -1.263885	       -1.263885	      +51.240721	     +425.169602	      -11.316600	       +0.000000	       -5.489442	       -8.201337	       +0.000000	       -0.981128	     +451.402944	     +451.402944
               7	              33	       -1.263885	       -1.263885	      +51.240719	     +425.169602	      -11.316600	       +0.000000	       -5.489442	       -8.201337	       +0.000000	       -0.981128	     +451.402942	     +451.402942
               7	              34	       +2.649883	       +2.649883	      +30.062483	     +342.255016	       -6.132805	       +0.000000	       -3.317498	       -6.354243	       +0.000000	       -0.981128	     +356.512953	     +356.512953
               7	              35	       +2.649883	       +2.649883	      +30.062483	     +342.255016	       -6.132805	       +0.000000	       -3.317498	       -6.354243	       +0.000000	       -0.981128	     +356.512953	     +356.512953
               7	              36	       +2.893231	       +2.893231	      +27.034646	     +322.247313	       -5.572710	       +0.000000	       -2.980900	       -5.960004	       +0.000000	       -0.981128	     +334.768345	     +334.768345
               7	              37	       +2.893231	       +2.893231	      +27.034646	     +322.247313	       -5.572710	       +0.000000	       -2.980900	       -5.960004	       +0.000000	       -0.981128	     +334.768345	     +334.768345
               7	              38	       +3.304594	       +3.304594	      +34.160253	     +329.965252	       -6.223944	       +0.000000	       -3.473154	       -6.213609	       +0.000000	       -0.981128	     +348.214798	     +348.214798
               7	              39	       +3.304594	       +3.304594	      +34.160253	     +329.965252	       -6.223944	       +0.000000	       -3.473154	       -6.213609	       +0.000000	       -0.981128	     +348.214798	     +348.214798
               7	              40	       +5.155267	       +5.155267	      +30.162414	     +215.450482	       -4.715370	       +0.000000	       -2.724547	       -5.555650	       +0.000000	       -0.981128	     +232.617329	     +232.617329
               7	              41	       +5.155267	       +5.155267	      +30.162414	     +215.450482	       -4.715370	       +0.000000	       -2.724547	       -5.555650	       +0.000000	       -0.981128	     +232.617329	     +232.617329
               7	              42	       +5.593548	       +5.593548	      +37.610587	     +292.903032	       -5.843908	       +0.000000	       -3.380537	       -5.920041	       +0.000000	       -0.981128	     +315.369132	     +315.369132
               7	              43	       +5.593548	       +5.593548	      +37.610587	     +292.903032	       -5.843908	       +0.000000	       -3.380537	       -5.920041	       +0.000000	       -0.981128	     +315.369133	     +315.369133
               7	              44	       +7.168538	       +7.168538	      +40.554133	     +376.330665	       -6.073113	       +0.000000	       -3.504365	       -6.103532	       +0.000000	       -0.981128	     +401.203789	     +401.203789
               7	              45	       +7.168538	       +7.168538	      +40.554132	     +376.330665	       -6.073113	       +0.000000	       -3.504365	       -6.103532	       +0.000000	       -0.981128	     +401.203788	     +401.203788
               7	              46	       +7.616678	       +7.616678	      +27.705601	     +170.610715	       -3.877390	       +0.000000	       -2.265523	       -5.045427	       +0.000000	       -0.981128	     +187.127977	     +187.127977
               7	              47	       +7.616678	       +7.616678	      +27.705601	     +170.610715	       -3.877390	       +0.000000	       -2.265523	       -5.045427	       +0.000000	       -0.981128	     +187.127977	     +187.127977
               7	              48	       +7.719677	       +7.719677	      +33.658409	     +311.334353	       -4.896083	       +0.000000	       -2.813079	       -5.619046	       +0.000000	       -0.981128	     +331.664554	     +331.664554
               7	              49	       +7.719677	       +7.719677	      +33.658412	     +311.334353	       -4.896083	       +0.000000	       -2.813079	       -5.619046	       +0.000000	       -0.981128	     +331.664557	     +331.664557
               7	              50	       +9.143824	       +9.143824	      +38.315827	     +320.323825	       -4.953159	       +0.000000	       -2.924347	       -5.627050	       +0.000000	       -0.981128	     +345.135096	     +345.135096
               7	              51	       +9.143824	       +9.143824	      +38.315828	     +320.323825	       -4.953159	       +0.000000	       -2.924347	       -5.627050	       +0.000000	       -0.981128	     +345.135096	     +345.135096
               7	              52	       +9.711212	       +9.711212	      +30.193900	     +215.685044	       -3.732912	       +0.000000	       -2.267116	       -4.891482	       +0.000000	       -0.981128	     +234.987434	     +234.987434
               7	              53	       +9.711213	       +9.711213	      +30.193887	     +215.685044	       -3.732912	       +0.000000	       -2.267116	       -4.891482	       +0.000000	       -0.981128	     +234.987420	     +234.987420
               7	              54	      +10.065537	      +10.065537	      +43.847417	     +351.096517	       -5.348295	       +0.000000	       -3.202644	       -5.737354	       +0.000000	       -0.981128	     +380.655641	     +380.655641
               7	              55	      +10.065537	      +10.065537	      +43.847407	     +351.096517	       -5.348295	       +0.000000	       -3.202644	       -5.737354	       +0.000000	       -0.981128	     +380.655631	     +380.655631
               7	              56	      +10.144727	      +10.144727	      +38.036098	     +293.867313	       -4.668786	       +0.000000	       -2.809613	       -5.471692	       +0.000000	       -0.981128	     +318.953320	     +318.953320
               7	              57	      +10.144727	      +10.144727	      +38.036101	     +293.867313	       -4.668786	       +0.000000	       -2.809613	       -5.471692	       +0.000000	       -0.981128	     +318.953323	     +318.953323
               7	              58	      +12.357131	      +12.357131	      +53.777688	     +327.603842	       -5.554668	       +0.000000	       -3.513731	       -5.766467	       +0.000000	       -0.981128	     +366.546664	     +366.546664
               7	              59	      +12.357131	      +12.357131	      +53.777688	     +327.603842	       -5.554668	       +0.000000	       -3.513731	       -5.766467	       +0.000000	       -0.981128	     +366.546664	     +366.546664
               7	              60	      +13.541745	      +13.541745	      +25.746116	     +116.618392	       -2.058901	       +0.000000	       -1.392116	       -3.679614	       +0.000000	       -0.981128	     +135.233876	     +135.233876
               7	              61	      +13.541745	      +13.541745	      +25.746116	     +116.618392	       -2.058901	       +0.000000	       -1.392116	       -3.679614	       +0.000000	       -0.981128	     +135.233876	     +135.233876
               7	              62	      +13.877058	      +13.877058	      +25.281243	     +100.970385	       -2.046680	       +0.000000	       -1.415722	       -3.551485	       +0.000000	       -0.981128	     +119.237741	     +119.237741
               7	              63	      +13.877058	      +13.877058	      +25.281242	     +100.970385	       -2.046680	       +0.000000	       -1.415722	       -3.551485	       +0.000000	       -0.981128	     +119.237740	     +119.237740
               7	              64	      +14.840741	      +14.840741	      +29.447038	     +135.390675	       -2.604994	       +0.000000	       -1.747024	       -3.605800	       +0.000000	       -0.981128	     +156.879896	     +156.879896
               7	              65	      +14.840741	      +14.840741	      +29.447038	     +135.390675	       -2.604994	       +0.000000	       -1.747024	       -3.605800	       +0.000000	       -0.981128	     +156.879895	     +156.879895
               7	              66	      +15.590644	      +15.590644	      +33.986360	     +143.123431	       -2.825377	       +0.000000	       -1.858197	       -3.802339	       +0.000000	       -0.981128	     +168.623877	     +168.623877
               7	              67	      +15.590644	      +15.590644	      +33.986359	     +143.123431	       -2.825377	       +0.000000	       -1.858197	       -3.802339	       +0.000000	       -0.981128	     +168.623877	     +168.623877
               7	              68	      +16.288972	      +16.288972	      +37.976993	     +297.747089	       -3.259545	       +0.000000	       -2.237806	       -3.946835	       +0.000000	       -0.981128	     +326.279897	     +326.279897
               7	              69	      +16.288972	      +16.288972	      +37.976994	     +297.747089	       -3.259545	       +0.000000	       -2.237806	       -3.946835	       +0.000000	       -0.981128	     +326.279898	     +326.279898
               7	              70	      +17.050889	      +17.050889	      +40.455483	     +257.640594	       -3.190787	       +0.000000	       -2.187303	       -4.127560	       +0.000000	       -0.981128	     +288.590426	     +288.590426
               7	              71	      +17.050889	      +17.050889	      +40.455482	     +257.640594	       -3.190787	       +0.000000	       -2.187303	       -4.127560	       +0.000000	       -0.981128	     +288.590424	     +288.590424
               7	              72	      +17.207931	      +17.207931	      +28.795644	      +45.965818	       -1.845728	       +0.000000	       -1.301829	       -3.150172	       +0.000000	       -0.981128	      +68.463733	      +68.463733
               7	              73	      +17.207931	      +17.207931	      +28.795643	      +45.965818	       -1.845728	       +0.000000	       -1.301829	       -3.150172	       +0.000000	       -0.981128	      +68.463732	      +68.463732
               7	              74	      +17.657340	      +17.657340	      +22.358207	     +125.609479	       -1.606235	       +0.000000	       -1.130417	       -2.398791	       +0.000000	       -0.981128	     +142.832244	     +142.832244
               7	              75	      +17.657340	      +17.657340	      +22.358207	     +125.609479	       -1.606235	       +0.000000	       -1.130417	       -2.398791	       +0.000000	       -0.981128	     +142.832244	     +142.832244
               7	              76	      +19.467552	      +19.467552	      +42.291383	     +236.011244	       -2.907602	       +0.000000	       -2.039642	       -3.662952	       +0.000000	       -0.981128	     +269.692431	     +269.692431
               7	              77	      +19.467553	      +19.467553	      +42.291386	     +236.011244	       -2.907602	       +0.000000	       -2.039642	       -3.662952	       +0.000000	       -0.981128	     +269.692434	     +269.692434
               7	              78	      +19.553073	      +19.553073	      +42.940850	     +275.109249	       -2.916870	       +0.000000	       -2.056178	       -3.774534	       +0.000000	       -0.981128	     +309.302518	     +309.302518
               7	              79	      +19.553073	      +19.553073	      +42.940850	     +275.109249	       -2.916870	       +0.000000	       -2.056178	       -3.774534	       +0.000000	       -0.981128	     +309.302518	     +309.302518

k-point 8:
               8	               0	      -65.289463	      -65.289463	      +29.287389	     +594.417369	      -40.101208	       -3.563713	      -16.192726	      -13.023922	       -1.601456	       -0.981128	     +554.386902	     +554.386902
               8	               1	      -65.289458	      -65.289458	      +29.287409	     +594.417369	      -40.101208	       -3.563713	      -16.192726	      -13.023922	       -1.601456	       -0.981128	     +554.386922	     +554.386922
               8	               2	      -42.122165	      -42.122165	      +50.565577	     +585.165819	      -33.985051	       -3.563713	      -13.255411	      -11.720298	       -1.601456	       -0.981128	     +576.770636	     +576.770636
               8	               3	      -42.099981	      -42.099981	      +50.768552	     +584.394448	      -34.023142	       -3.563713	      -13.254216	      -11.720496	       -1.601456	       -0.981128	     +576.165145	     +576.165145
               8	               4	      -39.582218	      -39.582218	      +47.373733	     +587.008384	      -33.331431	       -3.563713	      -12.934848	      -11.576580	       -1.601456	       -0.981128	     +576.539258	     +576.539258
               8	               5	      -39.538369	      -39.538369	      +48.073174	     +578.319201	      -33.314099	       -3.563713	      -12.980104	      -11.568206	       -1.601456	       -0.981128	     +568.529966	     +568.529966
               8	               6	      -39.534508	      -39.534508	      +47.785215	     +585.756011	      -33.389270	       -3.563713	      -12.934177	      -11.578772	       -1.601456	       -0.981128	     +575.639007	     +575.639007
               8	               7	      -39.522507	      -39.522507	      +48.204994	     +577.995855	      -33.334151	       -3.563713	      -12.979675	      -11.568736	       -1.601456	       -0.981128	     +568.318288	     +568.318288
               8	               8	      -17.273677	      -17.273677	      +15.720708	     +389.136745	      -22.505641	       -3.563713	       -8.011655	       -9.372936	       -1.601456	       -0.981128	     +364.967221	     +364.967221
               8	               9	      -17.230830	      -17.230830	      +15.115620	     +380.361762	      -22.536042	       -3.563713	       -7.969600	       -9.390457	       -1.601456	       -0.981128	     +355.581283	     +355.581283
               8	              10	      -17.227365	      -17.227365	      +15.092539	     +380.188110	      -22.532219	       -3.563713	       -7.967636	       -9.390518	       -1.601456	       -0.981128	     +355.390277	     +355.390277
               8	              11	      -17.210675	      -17.210675	      +15.972985	     +388.211443	      -22.524854	       -3.563713	       -8.020380	       -9.386391	       -1.601456	       -0.981128	     +364.252804	     +364.252804
               8	              12	      -10.760539	      -10.760539	      +23.104874	     +418.316147	      -18.558919	       -3.563713	       -7.503628	       -8.185727	       -1.601456	       -0.981128	     +407.172748	     +407.172748
               8	              13	      -10.751426	      -10.751426	      +23.327905	     +419.606669	      -18.573397	       -3.563713	       -7.520672	       -8.187994	       -1.601456	       -0.981128	     +408.652511	     +408.652511
               8	              14	       -9.925139	       -9.925139	      +20.300248	     +382.866963	      -18.008650	       -3.563713	       -7.134178	       -8.081700	       -1.601456	       -0.981128	     +369.942684	     +369.942684
               8	              15	       -9.889646	       -9.889646	      +20.290045	     +383.030258	      -17.985205	       -3.563713	       -7.131241	       -8.075785	       -1.601456	       -0.981128	     +370.128072	     +370.128072
               8	              16	       -9.441757	       -9.441757	      +18.615134	     +394.818674	      -16.705884	       -3.563713	       -6.690782	       -7.875535	       -1.601456	       -0.981128	     +382.161608	     +382.161608
               8	              17	       -9.382374	       -9.382374	      +18.968955	     +393.014887	      -16.758715	       -3.563713	       -6.705131	       -7.892804	       -1.601456	       -0.981128	     +380.627192	     +380.627192
               8	              18	       -8.864993	       -8.864993	      +25.609928	     +372.708689	      -18.423857	       -3.563713	       -7.479275	       -8.312282	       -1.601456	       -0.981128	     +364.103203	     +364.103203
               8	              19	       -8.839967	       -8.839967	      +26.230233	     +376.002675	      -18.503988	       -3.563713	       -7.522527	       -8.328279	       -1.601456	       -0.981128	     +367.878114	     +367.878114
               8	              20	       -8.314099	       -8.314099	      +20.631965	     +348.735176	      -16.960708	       -3.563713	       -6.736833	       -8.015999	       -1.601456	       -0.981128	     +337.653601	     +337.653601
               8	              21	       -8.264530	       -8.264530	      +20.547262	     +348.479575	      -16.901522	       -3.563713	       -6.724307	       -8.006826	       -1.601456	       -0.981128	     +337.394183	     +337.394183
               8	              22	       -7.587982	       -7.587982	      +29.988443	     +347.550848	      -18.312066	       -3.563713	       -7.632376	       -8.336483	       -1.601456	       -0.981128	     +343.258366	     +343.258366
               8	              23	       -7.566418	       -7.566418	      +29.773751	     +346.637088	      -18.266765	       -3.563713	       -7.614290	       -8.329006	       -1.601456	       -0.981128	     +342.200779	     +342.200779
               8	              24	       -5.326194	       -5.326194	      +46.372181	     +505.166183	      -18.099406	       -3.563713	       -8.279724	       -8.331910	       -1.601456	       -0.981128	     +516.827324	     +516.827324
               8	              25	       -5.193615	       -5.193615	      +45.474213	     +502.764161	      -17.850263	       -3.563713	       -8.197492	       -8.291258	       -1.601456	       -0.981128	     +513.899362	     +513.899362
               8	              26	       -3.493546	       -3.493546	      +55.511863	     +528.390934	      -12.668284	       +0.000000	       -6.256277	       -8.419213	       +0.000000	       -0.981128	     +556.559022	     +556.559022
               8	              27	       -3.489961	       -3.489961	      +55.455293	     +527.867206	      -12.638578	       +0.000000	       -6.248601	       -8.417636	       +0.000000	       -0.981128	     +556.017683	     +556.017683
               8	              28	       -2.349114	       -2.349114	      +45.896751	     +408.206676	      -10.512005	       +0.000000	       -5.170683	       -7.774239	       +0.000000	       -0.981128	     +430.646500	     +430.646500
               8	              29	       -2.318861	       -2.318861	      +45.931999	     +408.480225	      -10.517261	       +0.000000	       -5.173562	       -7.767228	       +0.000000	       -0.981128	     +430.954173	     +430.954173
               8	              30	       -1.737564	       -1.737564	      +57.019562	     +483.491414	      -12.308559	       +0.000000	       -6.154525	       -8.316375	       +0.000000	       -0.981128	     +513.731517	     +513.731517
               8	              31	       -1.607455	       -1.607455	      +56.878365	     +485.518019	      -12.172501	       +0.000000	       -6.134770	       -8.299711	       +0.000000	       -0.981128	     +515.789402	     +515.789402
               8	              32	       -0.396867	       -0.396867	      +59.713324	     +482.720529	      -11.738034	       +0.000000	       -6.226090	       -8.220511	       +0.000000	       -0.981128	     +516.249217	     +516.249217
               8	              33	       -0.320176	       -0.320176	      +59.669398	     +483.114151	      -11.690595	       +0.000000	       -6.217753	       -8.203061	       +0.000000	       -0.981128	     +516.672141	     +516.672141
               8	              34	       +2.059713	       +2.059713	      +35.141266	     +377.620686	       -7.011882	       +0.000000	       -3.776158	       -6.437117	       +0.000000	       -0.981128	     +395.536795	     +395.536795
               8	              35	       +2.197666	       +2.197666	      +34.919172	     +375.112169	       -6.962389	       +0.000000	       -3.747158	       -6.407432	       +0.000000	       -0.981128	     +392.914362	     +392.914362
               8	              36	       +2.544442	       +2.544442	      +27.064973	     +302.168892	       -5.551727	       +0.000000	       -3.013745	       -6.014440	       +0.000000	       -0.981128	     +314.653953	     +314.653953
               8	              37	       +2.547609	       +2.547609	      +27.037240	     +301.606059	       -5.543283	       +0.000000	       -3.009374	       -6.018652	       +0.000000	       -0.981128	     +314.071991	     +314.071991
               8	              38	       +4.779964	       +4.779964	      +24.682278	     +233.905612	       -4.243184	       +0.000000	       -2.377803	       -5.403047	       +0.000000	       -0.981128	     +246.563856	     +246.563856
               8	              39	       +4.790015	       +4.790015	      +24.688570	     +233.920905	       -4.243180	       +0.000000	       -2.377755	       -5.410406	       +0.000000	       -0.981128	     +246.578134	     +246.578134
               8	              40	       +5.792462	       +5.792462	      +37.854992	     +340.366337	       -6.287798	       +0.000000	       -3.568284	       -6.110268	       +0.000000	       -0.981128	     +362.254979	     +362.254979
               8	              41	       +5.847475	       +5.847475	      +37.875448	     +338.433607	       -6.292981	       +0.000000	       -3.566663	       -6.095023	       +0.000000	       -0.981128	     +360.354389	     +360.354389
               8	              42	       +6.356892	       +6.356892	      +33.738775	     +373.773890	       -5.739356	       +0.000000	       -3.108946	       -6.025845	       +0.000000	       -0.981128	     +392.638519	     +392.638519
               8	              43	       +6.375935	       +6.375935	      +33.776270	     +374.674385	       -5.754433	       +0.000000	       -3.116749	       -6.016138	       +0.000000	       -0.981128	     +393.563334	     +393.563334
               8	              44	       +7.147369	       +7.147369	      +34.719179	     +219.188342	       -4.515339	       +0.000000	       -2.759752	       -5.416281	       +0.000000	       -0.981128	     +241.216149	     +241.216149
               8	              45	       +7.164538	       +7.164538	      +34.715493	     +219.672662	       -4.511915	       +0.000000	       -2.762008	       -5.388672	       +0.000000	       -0.981128	     +241.725559	     +241.725559
               8	              46	       +7.271748	       +7.271748	      +38.829403	     +319.335179	       -5.502011	       +0.000000	       -3.195129	       -5.984235	       +0.000000	       -0.981128	     +343.483207	     +343.483207
               8	              47	       +7.332089	       +7.332089	      +38.803799	     +317.918764	       -5.483979	       +0.000000	       -3.188884	       -5.976513	       +0.000000	       -0.981128	     +342.073187	     +342.073187
               8	              48	       +7.688873	       +7.688873	      +38.979208	     +331.473846	       -5.363894	       +0.000000	       -3.106431	       -6.062268	       +0.000000	       -0.981128	     +355.920461	     +355.920461
               8	              49	       +7.718731	       +7.718731	      +39.040711	     +331.707482	       -5.374343	       +0.000000	       -3.110983	       -6.063268	       +0.000000	       -0.981128	     +356.199599	     +356.199599
               8	              50	       +7.723235	       +7.723235	      +39.789670	     +345.726860	       -5.631767	       +0.000000	       -3.231051	       -6.111656	       +0.000000	       -0.981128	     +370.542056	     +370.542056
               8	              51	       +7.742222	       +7.742222	      +39.792686	     +345.634060	       -5.626426	       +0.000000	       -3.229730	       -6.111463	       +0.000000	       -0.981128	     +370.459127	     +370.459127
               8	              52	       +9.005471	       +9.005471	      +30.682171	     +178.909827	       -3.790783	       +0.000000	       -2.286567	       -5.015414	       +0.000000	       -0.981128	     +198.499234	     +198.499234
               8	              53	       +9.005478	       +9.005478	      +30.683072	     +178.909827	       -3.790783	       +0.000000	       -2.286567	       -5.015414	       +0.000000	       -0.981128	     +198.500136	     +198.500136
               8	              54	      +10.575350	      +10.575350	      +29.340814	     +224.831289	       -3.138250	       +0.000000	       -1.985431	       -4.614016	       +0.000000	       -0.981128	     +244.434405	     +244.434405
               8	              55	      +10.637025	      +10.637025	      +29.351239	     +225.291584	       -3.133682	       +0.000000	       -1.985616	       -4.602718	       +0.000000	       -0.981128	     +244.920807	     +244.920807
               8	              56	      +11.728256	      +11.728256	      +31.449326	     +173.296008	       -3.216418	       +0.000000	       -2.036779	       -4.418523	       +0.000000	       -0.981128	     +195.073615	     +195.073615
               8	              57	      +11.732590	      +11.732590	      +31.376440	     +172.280989	       -3.211318	       +0.000000	       -2.031091	       -4.410772	       +0.000000	       -0.981128	     +194.004247	     +194.004247
               8	              58	      +12.950804	      +12.950804	      +25.604771	      +67.512353	       -2.484550	       +0.000000	       -1.599426	       -3.786858	       +0.000000	       -0.981128	      +85.246290	      +85.246290
               8	              59	      +12.953291	      +12.953291	      +26.189976	      +80.712215	       -2.574941	       +0.000000	       -1.661106	       -3.822452	       +0.000000	       -0.981128	      +98.843693	      +98.843693
               8	              60	      +13.273329	      +13.273329	      +35.965783	     +264.929080	       -3.592253	       +0.000000	       -2.345631	       -4.489412	       +0.000000	       -0.981128	     +290.467566	     +290.467566
               8	              61	      +13.344627	      +13.344627	      +27.868817	      +78.876583	       -2.266946	       +0.000000	       -1.441082	       -3.744465	       +0.000000	       -0.981128	      +99.292906	      +99.292906
               8	              62	      +13.372807	      +13.372807	      +32.330704	     +177.407015	       -2.978032	       +0.000000	       -1.923444	       -4.135347	       +0.000000	       -0.981128	     +200.700895	     +200.700895
               8	              63	      +13.502358	      +13.502358	      +40.676502	     +375.150769	       -4.345110	       +0.000000	       -2.862471	       -4.872320	       +0.000000	       -0.981128	     +403.747371	     +403.747371
               8	              64	      +14.091708	      +14.091708	      +32.350624	     +132.914585	       -2.921257	       +0.000000	       -1.931596	       -3.958771	       +0.000000	       -0.981128	     +156.453584	     +156.453584
               8	              65	      +14.097493	      +14.097493	      +32.361604	     +132.636805	       -2.922333	       +0.000000	       -1.931316	       -3.956284	       +0.000000	       -0.981128	     +156.188476	     +156.188476
               8	              66	      +14.882463	      +14.882463	      +36.620043	      +89.923269	       -2.891108	       +0.000000	       -1.902590	       -3.964530	       +0.000000	       -0.981128	     +117.785084	     +117.785084
               8	              67	      +14.897879	      +14.897879	      +36.690578	      +90.456098	       -2.898857	       +0.000000	       -1.907714	       -3.965998	       +0.000000	       -0.981128	     +118.374107	     +118.374107
               8	              68	      +15.456548	      +15.456548	      +39.583463	     +185.786270	       -3.253887	       +0.000000	       -2.112710	       -4.266558	       +0.000000	       -0.981128	     +215.736576	     +215.736576
               8	              69	      +15.475579	      +15.475579	      +39.543512	     +185.455043	       -3.244226	       +0.000000	       -2.108625	       -4.261835	       +0.000000	       -0.981128	     +215.383870	     +215.383870
               8	              70	      +17.724109	      +17.724109	      +34.756166	     +169.899699	       -2.738679	       +0.000000	       -1.813766	       -3.344535	       +0.000000	       -0.981128	     +196.758885	     +196.758885
               8	              71	      +17.738872	      +17.738872	      +34.728053	     +169.905396	       -2.733437	       +0.000000	       -1.811667	       -3.341926	       +0.000000	       -0.981128	     +196.746419	     +196.746419
               8	              72	      +19.265163	      +19.265163	      +45.475831	     +321.296675	       -3.205712	       +0.000000	       -2.259045	       -3.934860	       +0.000000	       -0.981128	     +357.372889	     +357.372889
               8	              73	      +19.265338	      +19.265338	      +45.493587	     +321.532634	       -3.204625	       +0.000000	       -2.259116	       -3.929889	       +0.000000	       -0.981128	     +357.632591	     +357.632591
               8	              74	      +20.119740	      +20.119740	      +50.177513	     +309.166279	       -3.568305	       +0.000000	       -2.458818	       -3.768319	       +0.000000	       -0.981128	     +349.548349	     +349.548349
               8	              75	      +20.145672	      +20.145672	      +49.699997	     +303.051001	       -3.525243	       +0.000000	       -2.427794	       -3.729898	       +0.000000	       -0.981128	     +343.068063	     +343.068063
               8	              76	      +20.189681	      +20.189681	      +49.446756	     +326.376725	       -3.731510	       +0.000000	       -2.670576	       -3.794690	       +0.000000	       -0.981128	     +365.626705	     +365.626705
               8	              77	      +20.193331	      +20.193331	      +49.766726	     +330.907524	       -3.768283	       +0.000000	       -2.695272	       -3.810500	       +0.000000	       -0.981128	     +370.400194	     +370.400194
               8	              78	      +20.210405	      +20.210405	      +34.843121	      +96.163585	       -2.210955	       +0.000000	       -1.592709	       -2.678398	       +0.000000	       -0.981128	     +124.524644	     +124.524644
               8	              79	      +20.217788	      +20.217788	      +34.545510	      +91.695254	       -2.178076	       +0.000000	       -1.569882	       -2.661126	       +0.000000	       -0.981128	     +119.831681	     +119.831681
