# idx_k idx_b kx ky kz s energy
   0    0  0.00000000  0.00000000  0.00000000  0.00000000 -5.36619063
   0    1  0.00000000  0.00000000  0.00000000  0.00000000 -5.36619063
   0    2  0.00000000  0.00000000  0.00000000  0.00000000 -3.18445884
   0    3  0.00000000  0.00000000  0.00000000  0.00000000 -3.18445884
   0    4  0.00000000  0.00000000  0.00000000  0.00000000 -2.98309528
   0    5  0.00000000  0.00000000  0.00000000  0.00000000 -2.98309528
   0    6  0.00000000  0.00000000  0.00000000  0.00000000 -2.96769558
   0    7  0.00000000  0.00000000  0.00000000  0.00000000 -2.96769558
   0    8  0.00000000  0.00000000  0.00000000  0.00000000 -1.25122821
   0    9  0.00000000  0.00000000  0.00000000  0.00000000 -1.25122821
   0   10  0.00000000  0.00000000  0.00000000  0.00000000 -1.12337471
   0   11  0.00000000  0.00000000  0.00000000  0.00000000 -1.12337471
   0   12  0.00000000  0.00000000  0.00000000  0.00000000 -0.47545813
   0   13  0.00000000  0.00000000  0.00000000  0.00000000 -0.47545813
   0   14  0.00000000  0.00000000  0.00000000  0.00000000 -0.22212503
   0   15  0.00000000  0.00000000  0.00000000  0.00000000 -0.22212503
   0   16  0.00000000  0.00000000  0.00000000  0.00000000 -0.21883394
   0   17  0.00000000  0.00000000  0.00000000  0.00000000 -0.21883394
   0   18  0.00000000  0.00000000  0.00000000  0.00000000 -0.20782663
   0   19  0.00000000  0.00000000  0.00000000  0.00000000 -0.20782663
   0   20  0.00000000  0.00000000  0.00000000  0.00000000 -0.14187113
   0   21  0.00000000  0.00000000  0.00000000  0.00000000 -0.14187113
   0   22  0.00000000  0.00000000  0.00000000  0.00000000 -0.13556292
   0   23  0.00000000  0.00000000  0.00000000  0.00000000 -0.13556292
   0   24  0.00000000  0.00000000  0.00000000  0.00000000 -0.03212158
   0   25  0.00000000  0.00000000  0.00000000  0.00000000 -0.03212158
   0   26  0.00000000  0.00000000  0.00000000  0.00000000  0.25013232
   0   27  0.00000000  0.00000000  0.00000000  0.00000000  0.25013232
   0   28  0.00000000  0.00000000  0.00000000  0.00000000  0.25512798
   0   29  0.00000000  0.00000000  0.00000000  0.00000000  0.25512798
   0   30  0.00000000  0.00000000  0.00000000  0.00000000  0.25952217
   0   31  0.00000000  0.00000000  0.00000000  0.00000000  0.25952217
   0   32  0.00000000  0.00000000  0.00000000  0.00000000  0.25973424
   0   33  0.00000000  0.00000000  0.00000000  0.00000000  0.25973424
   0   34  0.00000000  0.00000000  0.00000000  0.00000000  0.49045605
   0   35  0.00000000  0.00000000  0.00000000  0.00000000  0.49045605
   0   36  0.00000000  0.00000000  0.00000000  0.00000000  0.69079316
   0   37  0.00000000  0.00000000  0.00000000  0.00000000  0.69079316
   0   38  0.00000000  0.00000000  0.00000000  0.00000000  0.70478273
   0   39  0.00000000  0.00000000  0.00000000  0.00000000  0.70478273
   0   40  0.00000000  0.00000000  0.00000000  0.00000000  0.73370768
   0   41  0.00000000  0.00000000  0.00000000  0.00000000  0.73370768
   0   42  0.00000000  0.00000000  0.00000000  0.00000000  0.85928660
   0   43  0.00000000  0.00000000  0.00000000  0.00000000  0.85928660
   1    0  0.00000000  0.01250000  0.00000000  0.09529360 -5.36618852
   1    1  0.00000000  0.01250000  0.00000000  0.09529360 -5.36618852
   1    2  0.00000000  0.01250000  0.00000000  0.09529360 -3.18447619
   1    3  0.00000000  0.01250000  0.00000000  0.09529360 -3.18447615
   1    4  0.00000000  0.01250000  0.00000000  0.09529360 -2.98310375
   1    5  0.00000000  0.01250000  0.00000000  0.09529360 -2.98310372
   1    6  0.00000000  0.01250000  0.00000000  0.09529360 -2.96773916
   1    7  0.00000000  0.01250000  0.00000000  0.09529360 -2.96773913
   1    8  0.00000000  0.01250000  0.00000000  0.09529360 -1.25095666
   1    9  0.00000000  0.01250000  0.00000000  0.09529360 -1.25095665
   1   10  0.00000000  0.01250000  0.00000000  0.09529360 -1.12322849
   1   11  0.00000000  0.01250000  0.00000000  0.09529360 -1.12322849
   1   12  0.00000000  0.01250000  0.00000000  0.09529360 -0.47528512
   1   13  0.00000000  0.01250000  0.00000000  0.09529360 -0.47528511
   1   14  0.00000000  0.01250000  0.00000000  0.09529360 -0.22232949
   1   15  0.00000000  0.01250000  0.00000000  0.09529360 -0.22232948
   1   16  0.00000000  0.01250000  0.00000000  0.09529360 -0.21898160
   1   17  0.00000000  0.01250000  0.00000000  0.09529360 -0.21898154
   1   18  0.00000000  0.01250000  0.00000000  0.09529360 -0.20859991
   1   19  0.00000000  0.01250000  0.00000000  0.09529360 -0.20859989
   1   20  0.00000000  0.01250000  0.00000000  0.09529360 -0.14169162
   1   21  0.00000000  0.01250000  0.00000000  0.09529360 -0.14169153
   1   22  0.00000000  0.01250000  0.00000000  0.09529360 -0.13534978
   1   23  0.00000000  0.01250000  0.00000000  0.09529360 -0.13534973
   1   24  0.00000000  0.01250000  0.00000000  0.09529360 -0.03210678
   1   25  0.00000000  0.01250000  0.00000000  0.09529360 -0.03210643
   1   26  0.00000000  0.01250000  0.00000000  0.09529360  0.25011289
   1   27  0.00000000  0.01250000  0.00000000  0.09529360  0.25011289
   1   28  0.00000000  0.01250000  0.00000000  0.09529360  0.25512426
   1   29  0.00000000  0.01250000  0.00000000  0.09529360  0.25512438
   1   30  0.00000000  0.01250000  0.00000000  0.09529360  0.25909826
   1   31  0.00000000  0.01250000  0.00000000  0.09529360  0.25909883
   1   32  0.00000000  0.01250000  0.00000000  0.09529360  0.25957796
   1   33  0.00000000  0.01250000  0.00000000  0.09529360  0.25957914
   1   34  0.00000000  0.01250000  0.00000000  0.09529360  0.49138139
   1   35  0.00000000  0.01250000  0.00000000  0.09529360  0.49138143
   1   36  0.00000000  0.01250000  0.00000000  0.09529360  0.69092144
   1   37  0.00000000  0.01250000  0.00000000  0.09529360  0.69092146
   1   38  0.00000000  0.01250000  0.00000000  0.09529360  0.70473685
   1   39  0.00000000  0.01250000  0.00000000  0.09529360  0.70473686
   1   40  0.00000000  0.01250000  0.00000000  0.09529360  0.73379883
   1   41  0.00000000  0.01250000  0.00000000  0.09529360  0.73379884
   1   42  0.00000000  0.01250000  0.00000000  0.09529360  0.79628797
   1   43  0.00000000  0.01250000  0.00000000  0.09529360  0.79628834
   2    0  0.00000000  0.02500000  0.00000000  0.19058720 -5.36618215
   2    1  0.00000000  0.02500000  0.00000000  0.19058720 -5.36618215
   2    2  0.00000000  0.02500000  0.00000000  0.19058720 -3.18452804
   2    3  0.00000000  0.02500000  0.00000000  0.19058720 -3.18452795
   2    4  0.00000000  0.02500000  0.00000000  0.19058720 -2.98312913
   2    5  0.00000000  0.02500000  0.00000000  0.19058720 -2.98312908
   2    6  0.00000000  0.02500000  0.00000000  0.19058720 -2.96786919
   2    7  0.00000000  0.02500000  0.00000000  0.19058720 -2.96786914
   2    8  0.00000000  0.02500000  0.00000000  0.19058720 -1.25014445
   2    9  0.00000000  0.02500000  0.00000000  0.19058720 -1.25014444
   2   10  0.00000000  0.02500000  0.00000000  0.19058720 -1.12279208
   2   11  0.00000000  0.02500000  0.00000000  0.19058720 -1.12279208
   2   12  0.00000000  0.02500000  0.00000000  0.19058720 -0.47476466
   2   13  0.00000000  0.02500000  0.00000000  0.19058720 -0.47476464
   2   14  0.00000000  0.02500000  0.00000000  0.19058720 -0.22318235
   2   15  0.00000000  0.02500000  0.00000000  0.19058720 -0.22318231
   2   16  0.00000000  0.02500000  0.00000000  0.19058720 -0.21918124
   2   17  0.00000000  0.02500000  0.00000000  0.19058720 -0.21918105
   2   18  0.00000000  0.02500000  0.00000000  0.19058720 -0.21079633
   2   19  0.00000000  0.02500000  0.00000000  0.19058720 -0.21079630
   2   20  0.00000000  0.02500000  0.00000000  0.19058720 -0.14164191
   2   21  0.00000000  0.02500000  0.00000000  0.19058720 -0.14164180
   2   22  0.00000000  0.02500000  0.00000000  0.19058720 -0.13436020
   2   23  0.00000000  0.02500000  0.00000000  0.19058720 -0.13436016
   2   24  0.00000000  0.02500000  0.00000000  0.19058720 -0.03207136
   2   25  0.00000000  0.02500000  0.00000000  0.19058720 -0.03207068
   2   26  0.00000000  0.02500000  0.00000000  0.19058720  0.24978395
   2   27  0.00000000  0.02500000  0.00000000  0.19058720  0.24978403
   2   28  0.00000000  0.02500000  0.00000000  0.19058720  0.25530585
   2   29  0.00000000  0.02500000  0.00000000  0.19058720  0.25530629
   2   30  0.00000000  0.02500000  0.00000000  0.19058720  0.25778333
   2   31  0.00000000  0.02500000  0.00000000  0.19058720  0.25778414
   2   32  0.00000000  0.02500000  0.00000000  0.19058720  0.25927084
   2   33  0.00000000  0.02500000  0.00000000  0.19058720  0.25927297
   2   34  0.00000000  0.02500000  0.00000000  0.19058720  0.49413083
   2   35  0.00000000  0.02500000  0.00000000  0.19058720  0.49413091
   2   36  0.00000000  0.02500000  0.00000000  0.19058720  0.69129888
   2   37  0.00000000  0.02500000  0.00000000  0.19058720  0.69129893
   2   38  0.00000000  0.02500000  0.00000000  0.19058720  0.70461999
   2   39  0.00000000  0.02500000  0.00000000  0.19058720  0.70462002
   2   40  0.00000000  0.02500000  0.00000000  0.19058720  0.73406792
   2   41  0.00000000  0.02500000  0.00000000  0.19058720  0.73406792
   2   42  0.00000000  0.02500000  0.00000000  0.19058720  0.77876427
   2   43  0.00000000  0.02500000  0.00000000  0.19058720  0.77876495
   3    0  0.00000000  0.03750000  0.00000000  0.28588080 -5.36617134
   3    1  0.00000000  0.03750000  0.00000000  0.28588080 -5.36617134
   3    2  0.00000000  0.03750000  0.00000000  0.28588080 -3.18461395
   3    3  0.00000000  0.03750000  0.00000000  0.28588080 -3.18461381
   3    4  0.00000000  0.03750000  0.00000000  0.28588080 -2.98317142
   3    5  0.00000000  0.03750000  0.00000000  0.28588080 -2.98317135
   3    6  0.00000000  0.03750000  0.00000000  0.28588080 -2.96808363
   3    7  0.00000000  0.03750000  0.00000000  0.28588080 -2.96808356
   3    8  0.00000000  0.03750000  0.00000000  0.28588080 -1.24879883
   3    9  0.00000000  0.03750000  0.00000000  0.28588080 -1.24879882
   3   10  0.00000000  0.03750000  0.00000000  0.28588080 -1.12207221
   3   11  0.00000000  0.03750000  0.00000000  0.28588080 -1.12207221
   3   12  0.00000000  0.03750000  0.00000000  0.28588080 -0.47389261
   3   13  0.00000000  0.03750000  0.00000000  0.28588080 -0.47389258
   3   14  0.00000000  0.03750000  0.00000000  0.28588080 -0.22505623
   3   15  0.00000000  0.03750000  0.00000000  0.28588080 -0.22505612
   3   16  0.00000000  0.03750000  0.00000000  0.28588080 -0.21905906
   3   17  0.00000000  0.03750000  0.00000000  0.28588080 -0.21905872
   3   18  0.00000000  0.03750000  0.00000000  0.28588080 -0.21410371
   3   19  0.00000000  0.03750000  0.00000000  0.28588080 -0.21410368
   3   20  0.00000000  0.03750000  0.00000000  0.28588080 -0.14246248
   3   21  0.00000000  0.03750000  0.00000000  0.28588080 -0.14246242
   3   22  0.00000000  0.03750000  0.00000000  0.28588080 -0.13220165
   3   23  0.00000000  0.03750000  0.00000000  0.28588080 -0.13220162
   3   24  0.00000000  0.03750000  0.00000000  0.28588080 -0.03204317
   3   25  0.00000000  0.03750000  0.00000000  0.28588080 -0.03204220
   3   26  0.00000000  0.03750000  0.00000000  0.28588080  0.24868925
   3   27  0.00000000  0.03750000  0.00000000  0.28588080  0.24868943
   3   28  0.00000000  0.03750000  0.00000000  0.28588080  0.25471296
   3   29  0.00000000  0.03750000  0.00000000  0.28588080  0.25471475
   3   30  0.00000000  0.03750000  0.00000000  0.28588080  0.25700857
   3   31  0.00000000  0.03750000  0.00000000  0.28588080  0.25700904
   3   32  0.00000000  0.03750000  0.00000000  0.28588080  0.25891167
   3   33  0.00000000  0.03750000  0.00000000  0.28588080  0.25891419
   3   34  0.00000000  0.03750000  0.00000000  0.28588080  0.49862695
   3   35  0.00000000  0.03750000  0.00000000  0.28588080  0.49862707
   3   36  0.00000000  0.03750000  0.00000000  0.28588080  0.69190246
   3   37  0.00000000  0.03750000  0.00000000  0.28588080  0.69190254
   3   38  0.00000000  0.03750000  0.00000000  0.28588080  0.70449154
   3   39  0.00000000  0.03750000  0.00000000  0.28588080  0.70449158
   3   40  0.00000000  0.03750000  0.00000000  0.28588080  0.73450034
   3   41  0.00000000  0.03750000  0.00000000  0.28588080  0.73450035
   3   42  0.00000000  0.03750000  0.00000000  0.28588080  0.76672138
   3   43  0.00000000  0.03750000  0.00000000  0.28588080  0.76672229
   4    0  0.00000000  0.05000000  0.00000000  0.38117440 -5.36615582
   4    1  0.00000000  0.05000000  0.00000000  0.38117440 -5.36615582
   4    2  0.00000000  0.05000000  0.00000000  0.38117440 -3.18473318
   4    3  0.00000000  0.05000000  0.00000000  0.38117440 -3.18473300
   4    4  0.00000000  0.05000000  0.00000000  0.38117440 -2.98323066
   4    5  0.00000000  0.05000000  0.00000000  0.38117440 -2.98323056
   4    6  0.00000000  0.05000000  0.00000000  0.38117440 -2.96837915
   4    7  0.00000000  0.05000000  0.00000000  0.38117440 -2.96837906
   4    8  0.00000000  0.05000000  0.00000000  0.38117440 -1.24693158
   4    9  0.00000000  0.05000000  0.00000000  0.38117440 -1.24693156
   4   10  0.00000000  0.05000000  0.00000000  0.38117440 -1.12107978
   4   11  0.00000000  0.05000000  0.00000000  0.38117440 -1.12107977
   4   12  0.00000000  0.05000000  0.00000000  0.38117440 -0.47266271
   4   13  0.00000000  0.05000000  0.00000000  0.38117440 -0.47266267
   4   14  0.00000000  0.05000000  0.00000000  0.38117440 -0.22797527
   4   15  0.00000000  0.05000000  0.00000000  0.38117440 -0.22797510
   4   16  0.00000000  0.05000000  0.00000000  0.38117440 -0.21901993
   4   17  0.00000000  0.05000000  0.00000000  0.38117440 -0.21901958
   4   18  0.00000000  0.05000000  0.00000000  0.38117440 -0.21772618
   4   19  0.00000000  0.05000000  0.00000000  0.38117440 -0.21772601
   4   20  0.00000000  0.05000000  0.00000000  0.38117440 -0.14421301
   4   21  0.00000000  0.05000000  0.00000000  0.38117440 -0.14421301
   4   22  0.00000000  0.05000000  0.00000000  0.38117440 -0.12923721
   4   23  0.00000000  0.05000000  0.00000000  0.38117440 -0.12923713
   4   24  0.00000000  0.05000000  0.00000000  0.38117440 -0.03206774
   4   25  0.00000000  0.05000000  0.00000000  0.38117440 -0.03206654
   4   26  0.00000000  0.05000000  0.00000000  0.38117440  0.24680431
   4   27  0.00000000  0.05000000  0.00000000  0.38117440  0.24680451
   4   28  0.00000000  0.05000000  0.00000000  0.38117440  0.25179503
   4   29  0.00000000  0.05000000  0.00000000  0.38117440  0.25179742
   4   30  0.00000000  0.05000000  0.00000000  0.38117440  0.25735517
   4   31  0.00000000  0.05000000  0.00000000  0.38117440  0.25735911
   4   32  0.00000000  0.05000000  0.00000000  0.38117440  0.25967808
   4   33  0.00000000  0.05000000  0.00000000  0.38117440  0.25967810
   4   34  0.00000000  0.05000000  0.00000000  0.38117440  0.50474788
   4   35  0.00000000  0.05000000  0.00000000  0.38117440  0.50474803
   4   36  0.00000000  0.05000000  0.00000000  0.38117440  0.69269134
   4   37  0.00000000  0.05000000  0.00000000  0.38117440  0.69269145
   4   38  0.00000000  0.05000000  0.00000000  0.38117440  0.70444126
   4   39  0.00000000  0.05000000  0.00000000  0.38117440  0.70444131
   4   40  0.00000000  0.05000000  0.00000000  0.38117440  0.73506649
   4   41  0.00000000  0.05000000  0.00000000  0.38117440  0.73506650
   4   42  0.00000000  0.05000000  0.00000000  0.38117440  0.75733431
   4   43  0.00000000  0.05000000  0.00000000  0.38117440  0.75733532
   5    0  0.00000000  0.06250000  0.00000000  0.47646800 -5.36613523
   5    1  0.00000000  0.06250000  0.00000000  0.47646800 -5.36613523
   5    2  0.00000000  0.06250000  0.00000000  0.47646800 -3.18488477
   5    3  0.00000000  0.06250000  0.00000000  0.47646800 -3.18488454
   5    4  0.00000000  0.06250000  0.00000000  0.47646800 -2.98330695
   5    5  0.00000000  0.06250000  0.00000000  0.47646800 -2.98330683
   5    6  0.00000000  0.06250000  0.00000000  0.47646800 -2.96875121
   5    7  0.00000000  0.06250000  0.00000000  0.47646800 -2.96875109
   5    8  0.00000000  0.06250000  0.00000000  0.47646800 -1.24455860
   5    9  0.00000000  0.06250000  0.00000000  0.47646800 -1.24455858
   5   10  0.00000000  0.06250000  0.00000000  0.47646800 -1.11982947
   5   11  0.00000000  0.06250000  0.00000000  0.47646800 -1.11982947
   5   12  0.00000000  0.06250000  0.00000000  0.47646800 -0.47106754
   5   13  0.00000000  0.06250000  0.00000000  0.47646800 -0.47106748
   5   14  0.00000000  0.06250000  0.00000000  0.47646800 -0.23182403
   5   15  0.00000000  0.06250000  0.00000000  0.47646800 -0.23182380
   5   16  0.00000000  0.06250000  0.00000000  0.47646800 -0.22307225
   5   17  0.00000000  0.06250000  0.00000000  0.47646800 -0.22307219
   5   18  0.00000000  0.06250000  0.00000000  0.47646800 -0.21744290
   5   19  0.00000000  0.06250000  0.00000000  0.47646800 -0.21744231
   5   20  0.00000000  0.06250000  0.00000000  0.47646800 -0.14669237
   5   21  0.00000000  0.06250000  0.00000000  0.47646800 -0.14669232
   5   22  0.00000000  0.06250000  0.00000000  0.47646800 -0.12606954
   5   23  0.00000000  0.06250000  0.00000000  0.47646800 -0.12606944
   5   24  0.00000000  0.06250000  0.00000000  0.47646800 -0.03220697
   5   25  0.00000000  0.06250000  0.00000000  0.47646800 -0.03220561
   5   26  0.00000000  0.06250000  0.00000000  0.47646800  0.24433692
   5   27  0.00000000  0.06250000  0.00000000  0.47646800  0.24433695
   5   28  0.00000000  0.06250000  0.00000000  0.47646800  0.24808661
   5   29  0.00000000  0.06250000  0.00000000  0.47646800  0.24808938
   5   30  0.00000000  0.06250000  0.00000000  0.47646800  0.25656209
   5   31  0.00000000  0.06250000  0.00000000  0.47646800  0.25656772
   5   32  0.00000000  0.06250000  0.00000000  0.47646800  0.26233369
   5   33  0.00000000  0.06250000  0.00000000  0.47646800  0.26233444
   5   34  0.00000000  0.06250000  0.00000000  0.47646800  0.51233547
   5   35  0.00000000  0.06250000  0.00000000  0.47646800  0.51233566
   5   36  0.00000000  0.06250000  0.00000000  0.47646800  0.69360349
   5   37  0.00000000  0.06250000  0.00000000  0.47646800  0.69360365
   5   38  0.00000000  0.06250000  0.00000000  0.47646800  0.70457747
   5   39  0.00000000  0.06250000  0.00000000  0.47646800  0.70457753
   5   40  0.00000000  0.06250000  0.00000000  0.47646800  0.73571277
   5   41  0.00000000  0.06250000  0.00000000  0.47646800  0.73571279
   5   42  0.00000000  0.06250000  0.00000000  0.47646800  0.74980534
   5   43  0.00000000  0.06250000  0.00000000  0.47646800  0.74980637
   6    0  0.00000000  0.07500000  0.00000000  0.57176161 -5.36610913
   6    1  0.00000000  0.07500000  0.00000000  0.57176161 -5.36610913
   6    2  0.00000000  0.07500000  0.00000000  0.57176161 -3.18506750
   6    3  0.00000000  0.07500000  0.00000000  0.57176161 -3.18506723
   6    4  0.00000000  0.07500000  0.00000000  0.57176161 -2.98340055
   6    5  0.00000000  0.07500000  0.00000000  0.57176161 -2.98340041
   6    6  0.00000000  0.07500000  0.00000000  0.57176161 -2.96919411
   6    7  0.00000000  0.07500000  0.00000000  0.57176161 -2.96919397
   6    8  0.00000000  0.07500000  0.00000000  0.57176161 -1.24169934
   6    9  0.00000000  0.07500000  0.00000000  0.57176161 -1.24169932
   6   10  0.00000000  0.07500000  0.00000000  0.57176161 -1.11833923
   6   11  0.00000000  0.07500000  0.00000000  0.57176161 -1.11833923
   6   12  0.00000000  0.07500000  0.00000000  0.57176161 -0.46909980
   6   13  0.00000000  0.07500000  0.00000000  0.57176161 -0.46909973
   6   14  0.00000000  0.07500000  0.00000000  0.57176161 -0.23651285
   6   15  0.00000000  0.07500000  0.00000000  0.57176161 -0.23651257
   6   16  0.00000000  0.07500000  0.00000000  0.57176161 -0.22801129
   6   17  0.00000000  0.07500000  0.00000000  0.57176161 -0.22801125
   6   18  0.00000000  0.07500000  0.00000000  0.57176161 -0.21629007
   6   19  0.00000000  0.07500000  0.00000000  0.57176161 -0.21628930
   6   20  0.00000000  0.07500000  0.00000000  0.57176161 -0.14976016
   6   21  0.00000000  0.07500000  0.00000000  0.57176161 -0.14976007
   6   22  0.00000000  0.07500000  0.00000000  0.57176161 -0.12318197
   6   23  0.00000000  0.07500000  0.00000000  0.57176161 -0.12318188
   6   24  0.00000000  0.07500000  0.00000000  0.57176161 -0.03253680
   6   25  0.00000000  0.07500000  0.00000000  0.57176161 -0.03253539
   6   26  0.00000000  0.07500000  0.00000000  0.57176161  0.24130162
   6   27  0.00000000  0.07500000  0.00000000  0.57176161  0.24130292
   6   28  0.00000000  0.07500000  0.00000000  0.57176161  0.24418513
   6   29  0.00000000  0.07500000  0.00000000  0.57176161  0.24418738
   6   30  0.00000000  0.07500000  0.00000000  0.57176161  0.25537424
   6   31  0.00000000  0.07500000  0.00000000  0.57176161  0.25538106
   6   32  0.00000000  0.07500000  0.00000000  0.57176161  0.26581807
   6   33  0.00000000  0.07500000  0.00000000  0.57176161  0.26581907
   6   34  0.00000000  0.07500000  0.00000000  0.57176161  0.52120311
   6   35  0.00000000  0.07500000  0.00000000  0.57176161  0.52120334
   6   36  0.00000000  0.07500000  0.00000000  0.57176161  0.69455299
   6   37  0.00000000  0.07500000  0.00000000  0.57176161  0.69455320
   6   38  0.00000000  0.07500000  0.00000000  0.57176161  0.70501435
   6   39  0.00000000  0.07500000  0.00000000  0.57176161  0.70501441
   6   40  0.00000000  0.07500000  0.00000000  0.57176161  0.73634706
   6   41  0.00000000  0.07500000  0.00000000  0.57176161  0.73634708
   6   42  0.00000000  0.07500000  0.00000000  0.57176161  0.74383198
   6   43  0.00000000  0.07500000  0.00000000  0.57176161  0.74383298
   7    0  0.00000000  0.08750000  0.00000000  0.66705521 -5.36607701
   7    1  0.00000000  0.08750000  0.00000000  0.66705521 -5.36607701
   7    2  0.00000000  0.08750000  0.00000000  0.66705521 -3.18527998
   7    3  0.00000000  0.08750000  0.00000000  0.66705521 -3.18527968
   7    4  0.00000000  0.08750000  0.00000000  0.66705521 -2.98351195
   7    5  0.00000000  0.08750000  0.00000000  0.66705521 -2.98351179
   7    6  0.00000000  0.08750000  0.00000000  0.66705521 -2.96970114
   7    7  0.00000000  0.08750000  0.00000000  0.66705521 -2.96970098
   7    8  0.00000000  0.08750000  0.00000000  0.66705521 -1.23837617
   7    9  0.00000000  0.08750000  0.00000000  0.66705521 -1.23837614
   7   10  0.00000000  0.08750000  0.00000000  0.66705521 -1.11662956
   7   11  0.00000000  0.08750000  0.00000000  0.66705521 -1.11662955
   7   12  0.00000000  0.08750000  0.00000000  0.66705521 -0.46675399
   7   13  0.00000000  0.08750000  0.00000000  0.66705521 -0.46675390
   7   14  0.00000000  0.08750000  0.00000000  0.66705521 -0.24197236
   7   15  0.00000000  0.08750000  0.00000000  0.66705521 -0.24197202
   7   16  0.00000000  0.08750000  0.00000000  0.66705521 -0.23316452
   7   17  0.00000000  0.08750000  0.00000000  0.66705521 -0.23316450
   7   18  0.00000000  0.08750000  0.00000000  0.66705521 -0.21481779
   7   19  0.00000000  0.08750000  0.00000000  0.66705521 -0.21481685
   7   20  0.00000000  0.08750000  0.00000000  0.66705521 -0.15332492
   7   21  0.00000000  0.08750000  0.00000000  0.66705521 -0.15332480
   7   22  0.00000000  0.08750000  0.00000000  0.66705521 -0.12094299
   7   23  0.00000000  0.08750000  0.00000000  0.66705521 -0.12094294
   7   24  0.00000000  0.08750000  0.00000000  0.66705521 -0.03314386
   7   25  0.00000000  0.08750000  0.00000000  0.66705521 -0.03314249
   7   26  0.00000000  0.08750000  0.00000000  0.66705521  0.23732058
   7   27  0.00000000  0.08750000  0.00000000  0.66705521  0.23732449
   7   28  0.00000000  0.08750000  0.00000000  0.66705521  0.24093067
   7   29  0.00000000  0.08750000  0.00000000  0.66705521  0.24093115
   7   30  0.00000000  0.08750000  0.00000000  0.66705521  0.25393088
   7   31  0.00000000  0.08750000  0.00000000  0.66705521  0.25393884
   7   32  0.00000000  0.08750000  0.00000000  0.66705521  0.26986093
   7   33  0.00000000  0.08750000  0.00000000  0.66705521  0.26986211
   7   34  0.00000000  0.08750000  0.00000000  0.66705521  0.53114148
   7   35  0.00000000  0.08750000  0.00000000  0.66705521  0.53114175
   7   36  0.00000000  0.08750000  0.00000000  0.66705521  0.69543292
   7   37  0.00000000  0.08750000  0.00000000  0.66705521  0.69543320
   7   38  0.00000000  0.08750000  0.00000000  0.66705521  0.70586096
   7   39  0.00000000  0.08750000  0.00000000  0.66705521  0.70586103
   7   40  0.00000000  0.08750000  0.00000000  0.66705521  0.73681780
   7   41  0.00000000  0.08750000  0.00000000  0.66705521  0.73681782
   7   42  0.00000000  0.08750000  0.00000000  0.66705521  0.73931784
   7   43  0.00000000  0.08750000  0.00000000  0.66705521  0.73931876
   8    0  0.00000000  0.10000000  0.00000000  0.76234881 -5.36603835
   8    1  0.00000000  0.10000000  0.00000000  0.76234881 -5.36603835
   8    2  0.00000000  0.10000000  0.00000000  0.76234881 -3.18552068
   8    3  0.00000000  0.10000000  0.00000000  0.76234881 -3.18552034
   8    4  0.00000000  0.10000000  0.00000000  0.76234881 -2.98364198
   8    5  0.00000000  0.10000000  0.00000000  0.76234881 -2.98364181
   8    6  0.00000000  0.10000000  0.00000000  0.76234881 -2.97026467
   8    7  0.00000000  0.10000000  0.00000000  0.76234881 -2.97026449
   8    8  0.00000000  0.10000000  0.00000000  0.76234881 -1.23461361
   8    9  0.00000000  0.10000000  0.00000000  0.76234881 -1.23461358
   8   10  0.00000000  0.10000000  0.00000000  0.76234881 -1.11472277
   8   11  0.00000000  0.10000000  0.00000000  0.76234881 -1.11472276
   8   12  0.00000000  0.10000000  0.00000000  0.76234881 -0.46402838
   8   13  0.00000000  0.10000000  0.00000000  0.76234881 -0.46402828
   8   14  0.00000000  0.10000000  0.00000000  0.76234881 -0.24814033
   8   15  0.00000000  0.10000000  0.00000000  0.76234881 -0.24813993
   8   16  0.00000000  0.10000000  0.00000000  0.76234881 -0.23844259
   8   17  0.00000000  0.10000000  0.00000000  0.76234881 -0.23844257
   8   18  0.00000000  0.10000000  0.00000000  0.76234881 -0.21303926
   8   19  0.00000000  0.10000000  0.00000000  0.76234881 -0.21303814
   8   20  0.00000000  0.10000000  0.00000000  0.76234881 -0.15731540
   8   21  0.00000000  0.10000000  0.00000000  0.76234881 -0.15731525
   8   22  0.00000000  0.10000000  0.00000000  0.76234881 -0.11963294
   8   23  0.00000000  0.10000000  0.00000000  0.76234881 -0.11963293
   8   24  0.00000000  0.10000000  0.00000000  0.76234881 -0.03412058
   8   25  0.00000000  0.10000000  0.00000000  0.76234881 -0.03411938
   8   26  0.00000000  0.10000000  0.00000000  0.76234881  0.23256498
   8   27  0.00000000  0.10000000  0.00000000  0.76234881  0.23257086
   8   28  0.00000000  0.10000000  0.00000000  0.76234881  0.23859552
   8   29  0.00000000  0.10000000  0.00000000  0.76234881  0.23859605
   8   30  0.00000000  0.10000000  0.00000000  0.76234881  0.25226072
   8   31  0.00000000  0.10000000  0.00000000  0.76234881  0.25226982
   8   32  0.00000000  0.10000000  0.00000000  0.76234881  0.27433767
   8   33  0.00000000  0.10000000  0.00000000  0.76234881  0.27433903
   8   34  0.00000000  0.10000000  0.00000000  0.76234881  0.54192160
   8   35  0.00000000  0.10000000  0.00000000  0.76234881  0.54192192
   8   36  0.00000000  0.10000000  0.00000000  0.76234881  0.69613429
   8   37  0.00000000  0.10000000  0.00000000  0.76234881  0.69613465
   8   38  0.00000000  0.10000000  0.00000000  0.76234881  0.70721372
   8   39  0.00000000  0.10000000  0.00000000  0.76234881  0.70721379
   8   40  0.00000000  0.10000000  0.00000000  0.76234881  0.73620248
   8   41  0.00000000  0.10000000  0.00000000  0.76234881  0.73620325
   8   42  0.00000000  0.10000000  0.00000000  0.76234881  0.73697964
   8   43  0.00000000  0.10000000  0.00000000  0.76234881  0.73697966
   9    0  0.00000000  0.11250000  0.00000000  0.85764241 -5.36599260
   9    1  0.00000000  0.11250000  0.00000000  0.85764241 -5.36599260
   9    2  0.00000000  0.11250000  0.00000000  0.85764241 -3.18578796
   9    3  0.00000000  0.11250000  0.00000000  0.85764241 -3.18578757
   9    4  0.00000000  0.11250000  0.00000000  0.85764241 -2.98379193
   9    5  0.00000000  0.11250000  0.00000000  0.85764241 -2.98379174
   9    6  0.00000000  0.11250000  0.00000000  0.85764241 -2.97087622
   9    7  0.00000000  0.11250000  0.00000000  0.85764241 -2.97087602
   9    8  0.00000000  0.11250000  0.00000000  0.85764241 -1.23043765
   9    9  0.00000000  0.11250000  0.00000000  0.85764241 -1.23043762
   9   10  0.00000000  0.11250000  0.00000000  0.85764241 -1.11264219
   9   11  0.00000000  0.11250000  0.00000000  0.85764241 -1.11264218
   9   12  0.00000000  0.11250000  0.00000000  0.85764241 -0.46092746
   9   13  0.00000000  0.11250000  0.00000000  0.85764241 -0.46092735
   9   14  0.00000000  0.11250000  0.00000000  0.85764241 -0.25495463
   9   15  0.00000000  0.11250000  0.00000000  0.85764241 -0.25495416
   9   16  0.00000000  0.11250000  0.00000000  0.85764241 -0.24381638
   9   17  0.00000000  0.11250000  0.00000000  0.85764241 -0.24381638
   9   18  0.00000000  0.11250000  0.00000000  0.85764241 -0.21094802
   9   19  0.00000000  0.11250000  0.00000000  0.85764241 -0.21094670
   9   20  0.00000000  0.11250000  0.00000000  0.85764241 -0.16166873
   9   21  0.00000000  0.11250000  0.00000000  0.85764241 -0.16166856
   9   22  0.00000000  0.11250000  0.00000000  0.85764241 -0.11944992
   9   23  0.00000000  0.11250000  0.00000000  0.85764241 -0.11944983
   9   24  0.00000000  0.11250000  0.00000000  0.85764241 -0.03555872
   9   25  0.00000000  0.11250000  0.00000000  0.85764241 -0.03555778
   9   26  0.00000000  0.11250000  0.00000000  0.85764241  0.22758960
   9   27  0.00000000  0.11250000  0.00000000  0.85764241  0.22759703
   9   28  0.00000000  0.11250000  0.00000000  0.85764241  0.23704698
   9   29  0.00000000  0.11250000  0.00000000  0.85764241  0.23704802
   9   30  0.00000000  0.11250000  0.00000000  0.85764241  0.25038225
   9   31  0.00000000  0.11250000  0.00000000  0.85764241  0.25039245
   9   32  0.00000000  0.11250000  0.00000000  0.85764241  0.27914994
   9   33  0.00000000  0.11250000  0.00000000  0.85764241  0.27915145
   9   34  0.00000000  0.11250000  0.00000000  0.85764241  0.55329487
   9   35  0.00000000  0.11250000  0.00000000  0.85764241  0.55329525
   9   36  0.00000000  0.11250000  0.00000000  0.85764241  0.69659141
   9   37  0.00000000  0.11250000  0.00000000  0.85764241  0.69659185
   9   38  0.00000000  0.11250000  0.00000000  0.85764241  0.70915204
   9   39  0.00000000  0.11250000  0.00000000  0.85764241  0.70915210
   9   40  0.00000000  0.11250000  0.00000000  0.85764241  0.73463150
   9   41  0.00000000  0.11250000  0.00000000  0.85764241  0.73463215
   9   42  0.00000000  0.11250000  0.00000000  0.85764241  0.73650275
   9   43  0.00000000  0.11250000  0.00000000  0.85764241  0.73650276
  10    0  0.00000000  0.12500000  0.00000000  0.95293601 -5.36593925
  10    1  0.00000000  0.12500000  0.00000000  0.95293601 -5.36593925
  10    2  0.00000000  0.12500000  0.00000000  0.95293601 -3.18608010
  10    3  0.00000000  0.12500000  0.00000000  0.95293601 -3.18607968
  10    4  0.00000000  0.12500000  0.00000000  0.95293601 -2.98396368
  10    5  0.00000000  0.12500000  0.00000000  0.95293601 -2.98396347
  10    6  0.00000000  0.12500000  0.00000000  0.95293601 -2.97152652
  10    7  0.00000000  0.12500000  0.00000000  0.95293601 -2.97152631
  10    8  0.00000000  0.12500000  0.00000000  0.95293601 -1.22587495
  10    9  0.00000000  0.12500000  0.00000000  0.95293601 -1.22587492
  10   10  0.00000000  0.12500000  0.00000000  0.95293601 -1.11041132
  10   11  0.00000000  0.12500000  0.00000000  0.95293601 -1.11041130
  10   12  0.00000000  0.12500000  0.00000000  0.95293601 -0.45746472
  10   13  0.00000000  0.12500000  0.00000000  0.95293601 -0.45746461
  10   14  0.00000000  0.12500000  0.00000000  0.95293601 -0.26234741
  10   15  0.00000000  0.12500000  0.00000000  0.95293601 -0.26234686
  10   16  0.00000000  0.12500000  0.00000000  0.95293601 -0.24929527
  10   17  0.00000000  0.12500000  0.00000000  0.95293601 -0.24929526
  10   18  0.00000000  0.12500000  0.00000000  0.95293601 -0.20853541
  10   19  0.00000000  0.12500000  0.00000000  0.95293601 -0.20853387
  10   20  0.00000000  0.12500000  0.00000000  0.95293601 -0.16632631
  10   21  0.00000000  0.12500000  0.00000000  0.95293601 -0.16632611
  10   22  0.00000000  0.12500000  0.00000000  0.95293601 -0.12050448
  10   23  0.00000000  0.12500000  0.00000000  0.95293601 -0.12050428
  10   24  0.00000000  0.12500000  0.00000000  0.95293601 -0.03754124
  10   25  0.00000000  0.12500000  0.00000000  0.95293601 -0.03754068
  10   26  0.00000000  0.12500000  0.00000000  0.95293601  0.22271518
  10   27  0.00000000  0.12500000  0.00000000  0.95293601  0.22272410
  10   28  0.00000000  0.12500000  0.00000000  0.95293601  0.23633891
  10   29  0.00000000  0.12500000  0.00000000  0.95293601  0.23634037
  10   30  0.00000000  0.12500000  0.00000000  0.95293601  0.24831878
  10   31  0.00000000  0.12500000  0.00000000  0.95293601  0.24833003
  10   32  0.00000000  0.12500000  0.00000000  0.95293601  0.28420920
  10   33  0.00000000  0.12500000  0.00000000  0.95293601  0.28421087
  10   34  0.00000000  0.12500000  0.00000000  0.95293601  0.56499033
  10   35  0.00000000  0.12500000  0.00000000  0.95293601  0.56499078
  10   36  0.00000000  0.12500000  0.00000000  0.95293601  0.69684389
  10   37  0.00000000  0.12500000  0.00000000  0.95293601  0.69684438
  10   38  0.00000000  0.12500000  0.00000000  0.95293601  0.71173485
  10   39  0.00000000  0.12500000  0.00000000  0.95293601  0.71173491
  10   40  0.00000000  0.12500000  0.00000000  0.95293601  0.73443228
  10   41  0.00000000  0.12500000  0.00000000  0.95293601  0.73443273
  10   42  0.00000000  0.12500000  0.00000000  0.95293601  0.73544776
  10   43  0.00000000  0.12500000  0.00000000  0.95293601  0.73544779
  11    0  0.00000000  0.13750000  0.00000000  1.04822961 -5.36587782
  11    1  0.00000000  0.13750000  0.00000000  1.04822961 -5.36587782
  11    2  0.00000000  0.13750000  0.00000000  1.04822961 -3.18639536
  11    3  0.00000000  0.13750000  0.00000000  1.04822961 -3.18639491
  11    4  0.00000000  0.13750000  0.00000000  1.04822961 -2.98415986
  11    5  0.00000000  0.13750000  0.00000000  1.04822961 -2.98415963
  11    6  0.00000000  0.13750000  0.00000000  1.04822961 -2.97220555
  11    7  0.00000000  0.13750000  0.00000000  1.04822961 -2.97220531
  11    8  0.00000000  0.13750000  0.00000000  1.04822961 -1.22095220
  11    9  0.00000000  0.13750000  0.00000000  1.04822961 -1.22095216
  11   10  0.00000000  0.13750000  0.00000000  1.04822961 -1.10805300
  11   11  0.00000000  0.13750000  0.00000000  1.04822961 -1.10805298
  11   12  0.00000000  0.13750000  0.00000000  1.04822961 -0.45366612
  11   13  0.00000000  0.13750000  0.00000000  1.04822961 -0.45366599
  11   14  0.00000000  0.13750000  0.00000000  1.04822961 -0.27024049
  11   15  0.00000000  0.13750000  0.00000000  1.04822961 -0.27023986
  11   16  0.00000000  0.13750000  0.00000000  1.04822961 -0.25491839
  11   17  0.00000000  0.13750000  0.00000000  1.04822961 -0.25491837
  11   18  0.00000000  0.13750000  0.00000000  1.04822961 -0.20579558
  11   19  0.00000000  0.13750000  0.00000000  1.04822961 -0.20579382
  11   20  0.00000000  0.13750000  0.00000000  1.04822961 -0.17123196
  11   21  0.00000000  0.13750000  0.00000000  1.04822961 -0.17123174
  11   22  0.00000000  0.13750000  0.00000000  1.04822961 -0.12281312
  11   23  0.00000000  0.13750000  0.00000000  1.04822961 -0.12281281
  11   24  0.00000000  0.13750000  0.00000000  1.04822961 -0.04013318
  11   25  0.00000000  0.13750000  0.00000000  1.04822961 -0.04013308
  11   26  0.00000000  0.13750000  0.00000000  1.04822961  0.21815724
  11   27  0.00000000  0.13750000  0.00000000  1.04822961  0.21816766
  11   28  0.00000000  0.13750000  0.00000000  1.04822961  0.23654961
  11   29  0.00000000  0.13750000  0.00000000  1.04822961  0.23655155
  11   30  0.00000000  0.13750000  0.00000000  1.04822961  0.24611069
  11   31  0.00000000  0.13750000  0.00000000  1.04822961  0.24612285
  11   32  0.00000000  0.13750000  0.00000000  1.04822961  0.28943374
  11   33  0.00000000  0.13750000  0.00000000  1.04822961  0.28943555
  11   34  0.00000000  0.13750000  0.00000000  1.04822961  0.57670924
  11   35  0.00000000  0.13750000  0.00000000  1.04822961  0.57670979
  11   36  0.00000000  0.13750000  0.00000000  1.04822961  0.69707475
  11   37  0.00000000  0.13750000  0.00000000  1.04822961  0.69707524
  11   38  0.00000000  0.13750000  0.00000000  1.04822961  0.71498926
  11   39  0.00000000  0.13750000  0.00000000  1.04822961  0.71498933
  11   40  0.00000000  0.13750000  0.00000000  1.04822961  0.73354995
  11   41  0.00000000  0.13750000  0.00000000  1.04822961  0.73354996
  11   42  0.00000000  0.13750000  0.00000000  1.04822961  0.73586068
  11   43  0.00000000  0.13750000  0.00000000  1.04822961  0.73586099
  12    0  0.00000000  0.15000000  0.00000000  1.14352321 -5.36580791
  12    1  0.00000000  0.15000000  0.00000000  1.14352321 -5.36580791
  12    2  0.00000000  0.15000000  0.00000000  1.14352321 -3.18673200
  12    3  0.00000000  0.15000000  0.00000000  1.14352321 -3.18673152
  12    4  0.00000000  0.15000000  0.00000000  1.14352321 -2.98438395
  12    5  0.00000000  0.15000000  0.00000000  1.14352321 -2.98438370
  12    6  0.00000000  0.15000000  0.00000000  1.14352321 -2.97290254
  12    7  0.00000000  0.15000000  0.00000000  1.14352321 -2.97290229
  12    8  0.00000000  0.15000000  0.00000000  1.14352321 -1.21569552
  12    9  0.00000000  0.15000000  0.00000000  1.14352321 -1.21569548
  12   10  0.00000000  0.15000000  0.00000000  1.14352321 -1.10558865
  12   11  0.00000000  0.15000000  0.00000000  1.14352321 -1.10558863
  12   12  0.00000000  0.15000000  0.00000000  1.14352321 -0.44957418
  12   13  0.00000000  0.15000000  0.00000000  1.14352321 -0.44957405
  12   14  0.00000000  0.15000000  0.00000000  1.14352321 -0.27854203
  12   15  0.00000000  0.15000000  0.00000000  1.14352321 -0.27854132
  12   16  0.00000000  0.15000000  0.00000000  1.14352321 -0.26074700
  12   17  0.00000000  0.15000000  0.00000000  1.14352321 -0.26074697
  12   18  0.00000000  0.15000000  0.00000000  1.14352321 -0.20272951
  12   19  0.00000000  0.15000000  0.00000000  1.14352321 -0.20272753
  12   20  0.00000000  0.15000000  0.00000000  1.14352321 -0.17633011
  12   21  0.00000000  0.15000000  0.00000000  1.14352321 -0.17632987
  12   22  0.00000000  0.15000000  0.00000000  1.14352321 -0.12629711
  12   23  0.00000000  0.15000000  0.00000000  1.14352321 -0.12629667
  12   24  0.00000000  0.15000000  0.00000000  1.14352321 -0.04337279
  12   25  0.00000000  0.15000000  0.00000000  1.14352321 -0.04337239
  12   26  0.00000000  0.15000000  0.00000000  1.14352321  0.21408555
  12   27  0.00000000  0.15000000  0.00000000  1.14352321  0.21409747
  12   28  0.00000000  0.15000000  0.00000000  1.14352321  0.23765342
  12   29  0.00000000  0.15000000  0.00000000  1.14352321  0.23765629
  12   30  0.00000000  0.15000000  0.00000000  1.14352321  0.24386633
  12   31  0.00000000  0.15000000  0.00000000  1.14352321  0.24387887
  12   32  0.00000000  0.15000000  0.00000000  1.14352321  0.29474849
  12   33  0.00000000  0.15000000  0.00000000  1.14352321  0.29475043
  12   34  0.00000000  0.15000000  0.00000000  1.14352321  0.58811851
  12   35  0.00000000  0.15000000  0.00000000  1.14352321  0.58811917
  12   36  0.00000000  0.15000000  0.00000000  1.14352321  0.69759590
  12   37  0.00000000  0.15000000  0.00000000  1.14352321  0.69759634
  12   38  0.00000000  0.15000000  0.00000000  1.14352321  0.71884417
  12   39  0.00000000  0.15000000  0.00000000  1.14352321  0.71884422
  12   40  0.00000000  0.15000000  0.00000000  1.14352321  0.73155004
  12   41  0.00000000  0.15000000  0.00000000  1.14352321  0.73155004
  12   42  0.00000000  0.15000000  0.00000000  1.14352321  0.73827847
  12   43  0.00000000  0.15000000  0.00000000  1.14352321  0.73827863
  13    0  0.00000000  0.16250000  0.00000000  1.23881681 -5.36572923
  13    1  0.00000000  0.16250000  0.00000000  1.23881681 -5.36572923
  13    2  0.00000000  0.16250000  0.00000000  1.23881681 -3.18708828
  13    3  0.00000000  0.16250000  0.00000000  1.23881681 -3.18708777
  13    4  0.00000000  0.16250000  0.00000000  1.23881681 -2.98464036
  13    5  0.00000000  0.16250000  0.00000000  1.23881681 -2.98464011
  13    6  0.00000000  0.16250000  0.00000000  1.23881681 -2.97360605
  13    7  0.00000000  0.16250000  0.00000000  1.23881681 -2.97360579
  13    8  0.00000000  0.16250000  0.00000000  1.23881681 -1.21013001
  13    9  0.00000000  0.16250000  0.00000000  1.23881681 -1.21012998
  13   10  0.00000000  0.16250000  0.00000000  1.23881681 -1.10303757
  13   11  0.00000000  0.16250000  0.00000000  1.23881681 -1.10303754
  13   12  0.00000000  0.16250000  0.00000000  1.23881681 -0.44525332
  13   13  0.00000000  0.16250000  0.00000000  1.23881681 -0.44525320
  13   14  0.00000000  0.16250000  0.00000000  1.23881681 -0.28714290
  13   15  0.00000000  0.16250000  0.00000000  1.23881681 -0.28714210
  13   16  0.00000000  0.16250000  0.00000000  1.23881681 -0.26685611
  13   17  0.00000000  0.16250000  0.00000000  1.23881681 -0.26685606
  13   18  0.00000000  0.16250000  0.00000000  1.23881681 -0.19935305
  13   19  0.00000000  0.16250000  0.00000000  1.23881681 -0.19935086
  13   20  0.00000000  0.16250000  0.00000000  1.23881681 -0.18155940
  13   21  0.00000000  0.16250000  0.00000000  1.23881681 -0.18155913
  13   22  0.00000000  0.16250000  0.00000000  1.23881681 -0.13079121
  13   23  0.00000000  0.16250000  0.00000000  1.23881681 -0.13079064
  13   24  0.00000000  0.16250000  0.00000000  1.23881681 -0.04726258
  13   25  0.00000000  0.16250000  0.00000000  1.23881681 -0.04726165
  13   26  0.00000000  0.16250000  0.00000000  1.23881681  0.21063213
  13   27  0.00000000  0.16250000  0.00000000  1.23881681  0.21064550
  13   28  0.00000000  0.16250000  0.00000000  1.23881681  0.23896355
  13   29  0.00000000  0.16250000  0.00000000  1.23881681  0.23897159
  13   30  0.00000000  0.16250000  0.00000000  1.23881681  0.24230188
  13   31  0.00000000  0.16250000  0.00000000  1.23881681  0.24231051
  13   32  0.00000000  0.16250000  0.00000000  1.23881681  0.30008556
  13   33  0.00000000  0.16250000  0.00000000  1.23881681  0.30008763
  13   34  0.00000000  0.16250000  0.00000000  1.23881681  0.59884783
  13   35  0.00000000  0.16250000  0.00000000  1.23881681  0.59884862
  13   36  0.00000000  0.16250000  0.00000000  1.23881681  0.69880468
  13   37  0.00000000  0.16250000  0.00000000  1.23881681  0.69880498
  13   38  0.00000000  0.16250000  0.00000000  1.23881681  0.72260137
  13   39  0.00000000  0.16250000  0.00000000  1.23881681  0.72260142
  13   40  0.00000000  0.16250000  0.00000000  1.23881681  0.73007007
  13   41  0.00000000  0.16250000  0.00000000  1.23881681  0.73007007
  13   42  0.00000000  0.16250000  0.00000000  1.23881681  0.74177019
  13   43  0.00000000  0.16250000  0.00000000  1.23881681  0.74177020
  14    0  0.00000000  0.17500000  0.00000000  1.33411041 -5.36564161
  14    1  0.00000000  0.17500000  0.00000000  1.33411041 -5.36564161
  14    2  0.00000000  0.17500000  0.00000000  1.33411041 -3.18746250
  14    3  0.00000000  0.17500000  0.00000000  1.33411041 -3.18746197
  14    4  0.00000000  0.17500000  0.00000000  1.33411041 -2.98493442
  14    5  0.00000000  0.17500000  0.00000000  1.33411041 -2.98493416
  14    6  0.00000000  0.17500000  0.00000000  1.33411041 -2.97430404
  14    7  0.00000000  0.17500000  0.00000000  1.33411041 -2.97430376
  14    8  0.00000000  0.17500000  0.00000000  1.33411041 -1.20427942
  14    9  0.00000000  0.17500000  0.00000000  1.33411041 -1.20427939
  14   10  0.00000000  0.17500000  0.00000000  1.33411041 -1.10041637
  14   11  0.00000000  0.17500000  0.00000000  1.33411041 -1.10041634
  14   12  0.00000000  0.17500000  0.00000000  1.33411041 -0.44079664
  14   13  0.00000000  0.17500000  0.00000000  1.33411041 -0.44079653
  14   14  0.00000000  0.17500000  0.00000000  1.33411041 -0.29591170
  14   15  0.00000000  0.17500000  0.00000000  1.33411041 -0.29591080
  14   16  0.00000000  0.17500000  0.00000000  1.33411041 -0.27332466
  14   17  0.00000000  0.17500000  0.00000000  1.33411041 -0.27332460
  14   18  0.00000000  0.17500000  0.00000000  1.33411041 -0.19574392
  14   19  0.00000000  0.17500000  0.00000000  1.33411041 -0.19574157
  14   20  0.00000000  0.17500000  0.00000000  1.33411041 -0.18680725
  14   21  0.00000000  0.17500000  0.00000000  1.33411041 -0.18680691
  14   22  0.00000000  0.17500000  0.00000000  1.33411041 -0.13606326
  14   23  0.00000000  0.17500000  0.00000000  1.33411041 -0.13606256
  14   24  0.00000000  0.17500000  0.00000000  1.33411041 -0.05176515
  14   25  0.00000000  0.17500000  0.00000000  1.33411041 -0.05176370
  14   26  0.00000000  0.17500000  0.00000000  1.33411041  0.20788926
  14   27  0.00000000  0.17500000  0.00000000  1.33411041  0.20790402
  14   28  0.00000000  0.17500000  0.00000000  1.33411041  0.23774028
  14   29  0.00000000  0.17500000  0.00000000  1.33411041  0.23775524
  14   30  0.00000000  0.17500000  0.00000000  1.33411041  0.24413689
  14   31  0.00000000  0.17500000  0.00000000  1.33411041  0.24413974
  14   32  0.00000000  0.17500000  0.00000000  1.33411041  0.30538487
  14   33  0.00000000  0.17500000  0.00000000  1.33411041  0.30538705
  14   34  0.00000000  0.17500000  0.00000000  1.33411041  0.60851670
  14   35  0.00000000  0.17500000  0.00000000  1.33411041  0.60851767
  14   36  0.00000000  0.17500000  0.00000000  1.33411041  0.70114066
  14   37  0.00000000  0.17500000  0.00000000  1.33411041  0.70114076
  14   38  0.00000000  0.17500000  0.00000000  1.33411041  0.72296736
  14   39  0.00000000  0.17500000  0.00000000  1.33411041  0.72296738
  14   40  0.00000000  0.17500000  0.00000000  1.33411041  0.73257324
  14   41  0.00000000  0.17500000  0.00000000  1.33411041  0.73257326
  14   42  0.00000000  0.17500000  0.00000000  1.33411041  0.74617007
  14   43  0.00000000  0.17500000  0.00000000  1.33411041  0.74617024
  15    0  0.00000000  0.18750000  0.00000000  1.42940401 -5.36554504
  15    1  0.00000000  0.18750000  0.00000000  1.42940401 -5.36554504
  15    2  0.00000000  0.18750000  0.00000000  1.42940401 -3.18785295
  15    3  0.00000000  0.18750000  0.00000000  1.42940401 -3.18785240
  15    4  0.00000000  0.18750000  0.00000000  1.42940401 -2.98527215
  15    5  0.00000000  0.18750000  0.00000000  1.42940401 -2.98527187
  15    6  0.00000000  0.18750000  0.00000000  1.42940401 -2.97498410
  15    7  0.00000000  0.18750000  0.00000000  1.42940401 -2.97498382
  15    8  0.00000000  0.18750000  0.00000000  1.42940401 -1.19816602
  15    9  0.00000000  0.18750000  0.00000000  1.42940401 -1.19816598
  15   10  0.00000000  0.18750000  0.00000000  1.42940401 -1.09773855
  15   11  0.00000000  0.18750000  0.00000000  1.42940401 -1.09773852
  15   12  0.00000000  0.18750000  0.00000000  1.42940401 -0.43633489
  15   13  0.00000000  0.18750000  0.00000000  1.42940401 -0.43633481
  15   14  0.00000000  0.18750000  0.00000000  1.42940401 -0.30468758
  15   15  0.00000000  0.18750000  0.00000000  1.42940401 -0.30468658
  15   16  0.00000000  0.18750000  0.00000000  1.42940401 -0.28022386
  15   17  0.00000000  0.18750000  0.00000000  1.42940401 -0.28022379
  15   18  0.00000000  0.18750000  0.00000000  1.42940401 -0.19355076
  15   19  0.00000000  0.18750000  0.00000000  1.42940401 -0.19354978
  15   20  0.00000000  0.18750000  0.00000000  1.42940401 -0.19040185
  15   21  0.00000000  0.18750000  0.00000000  1.42940401 -0.19039992
  15   22  0.00000000  0.18750000  0.00000000  1.42940401 -0.14184223
  15   23  0.00000000  0.18750000  0.00000000  1.42940401 -0.14184142
  15   24  0.00000000  0.18750000  0.00000000  1.42940401 -0.05680219
  15   25  0.00000000  0.18750000  0.00000000  1.42940401 -0.05680028
  15   26  0.00000000  0.18750000  0.00000000  1.42940401  0.20590820
  15   27  0.00000000  0.18750000  0.00000000  1.42940401  0.20592420
  15   28  0.00000000  0.18750000  0.00000000  1.42940401  0.23530888
  15   29  0.00000000  0.18750000  0.00000000  1.42940401  0.23532530
  15   30  0.00000000  0.18750000  0.00000000  1.42940401  0.24798894
  15   31  0.00000000  0.18750000  0.00000000  1.42940401  0.24799137
  15   32  0.00000000  0.18750000  0.00000000  1.42940401  0.31059453
  15   33  0.00000000  0.18750000  0.00000000  1.42940401  0.31059680
  15   34  0.00000000  0.18750000  0.00000000  1.42940401  0.61680217
  15   35  0.00000000  0.18750000  0.00000000  1.42940401  0.61680332
  15   36  0.00000000  0.18750000  0.00000000  1.42940401  0.70502264
  15   37  0.00000000  0.18750000  0.00000000  1.42940401  0.70502282
  15   38  0.00000000  0.18750000  0.00000000  1.42940401  0.72019753
  15   39  0.00000000  0.18750000  0.00000000  1.42940401  0.72019755
  15   40  0.00000000  0.18750000  0.00000000  1.42940401  0.73897279
  15   41  0.00000000  0.18750000  0.00000000  1.42940401  0.73897281
  15   42  0.00000000  0.18750000  0.00000000  1.42940401  0.75133276
  15   43  0.00000000  0.18750000  0.00000000  1.42940401  0.75133315
  16    0  0.00000000  0.20000000  0.00000000  1.52469762 -5.36543966
  16    1  0.00000000  0.20000000  0.00000000  1.52469762 -5.36543966
  16    2  0.00000000  0.20000000  0.00000000  1.52469762 -3.18825797
  16    3  0.00000000  0.20000000  0.00000000  1.52469762 -3.18825740
  16    4  0.00000000  0.20000000  0.00000000  1.52469762 -2.98565979
  16    5  0.00000000  0.20000000  0.00000000  1.52469762 -2.98565950
  16    6  0.00000000  0.20000000  0.00000000  1.52469762 -2.97563398
  16    7  0.00000000  0.20000000  0.00000000  1.52469762 -2.97563368
  16    8  0.00000000  0.20000000  0.00000000  1.52469762 -1.19181061
  16    9  0.00000000  0.20000000  0.00000000  1.52469762 -1.19181057
  16   10  0.00000000  0.20000000  0.00000000  1.52469762 -1.09501427
  16   11  0.00000000  0.20000000  0.00000000  1.52469762 -1.09501424
  16   12  0.00000000  0.20000000  0.00000000  1.52469762 -0.43204784
  16   13  0.00000000  0.20000000  0.00000000  1.52469762 -0.43204779
  16   14  0.00000000  0.20000000  0.00000000  1.52469762 -0.31327064
  16   15  0.00000000  0.20000000  0.00000000  1.52469762 -0.31326954
  16   16  0.00000000  0.20000000  0.00000000  1.52469762 -0.28760411
  16   17  0.00000000  0.20000000  0.00000000  1.52469762 -0.28760403
  16   18  0.00000000  0.20000000  0.00000000  1.52469762 -0.19816560
  16   19  0.00000000  0.20000000  0.00000000  1.52469762 -0.19816530
  16   20  0.00000000  0.20000000  0.00000000  1.52469762 -0.18694057
  16   21  0.00000000  0.20000000  0.00000000  1.52469762 -0.18693775
  16   22  0.00000000  0.20000000  0.00000000  1.52469762 -0.14785020
  16   23  0.00000000  0.20000000  0.00000000  1.52469762 -0.14784930
  16   24  0.00000000  0.20000000  0.00000000  1.52469762 -0.06225786
  16   25  0.00000000  0.20000000  0.00000000  1.52469762 -0.06225555
  16   26  0.00000000  0.20000000  0.00000000  1.52469762  0.20470096
  16   27  0.00000000  0.20000000  0.00000000  1.52469762  0.20471805
  16   28  0.00000000  0.20000000  0.00000000  1.52469762  0.23273092
  16   29  0.00000000  0.20000000  0.00000000  1.52469762  0.23274820
  16   30  0.00000000  0.20000000  0.00000000  1.52469762  0.25271811
  16   31  0.00000000  0.20000000  0.00000000  1.52469762  0.25272060
  16   32  0.00000000  0.20000000  0.00000000  1.52469762  0.31567098
  16   33  0.00000000  0.20000000  0.00000000  1.52469762  0.31567333
  16   34  0.00000000  0.20000000  0.00000000  1.52469762  0.62343880
  16   35  0.00000000  0.20000000  0.00000000  1.52469762  0.62344013
  16   36  0.00000000  0.20000000  0.00000000  1.52469762  0.71068647
  16   37  0.00000000  0.20000000  0.00000000  1.52469762  0.71068698
  16   38  0.00000000  0.20000000  0.00000000  1.52469762  0.71654001
  16   39  0.00000000  0.20000000  0.00000000  1.52469762  0.71654004
  16   40  0.00000000  0.20000000  0.00000000  1.52469762  0.74730736
  16   41  0.00000000  0.20000000  0.00000000  1.52469762  0.74730738
  16   42  0.00000000  0.20000000  0.00000000  1.52469762  0.75703665
  16   43  0.00000000  0.20000000  0.00000000  1.52469762  0.75703732
  17    0  0.00000000  0.21250000  0.00000000  1.61999122 -5.36532580
  17    1  0.00000000  0.21250000  0.00000000  1.61999122 -5.36532580
  17    2  0.00000000  0.21250000  0.00000000  1.61999122 -3.18867586
  17    3  0.00000000  0.21250000  0.00000000  1.61999122 -3.18867528
  17    4  0.00000000  0.21250000  0.00000000  1.61999122 -2.98610308
  17    5  0.00000000  0.21250000  0.00000000  1.61999122 -2.98610279
  17    6  0.00000000  0.21250000  0.00000000  1.61999122 -2.97624223
  17    7  0.00000000  0.21250000  0.00000000  1.61999122 -2.97624193
  17    8  0.00000000  0.21250000  0.00000000  1.61999122 -1.18523277
  17    9  0.00000000  0.21250000  0.00000000  1.61999122 -1.18523274
  17   10  0.00000000  0.21250000  0.00000000  1.61999122 -1.09225033
  17   11  0.00000000  0.21250000  0.00000000  1.61999122 -1.09225030
  17   12  0.00000000  0.21250000  0.00000000  1.61999122 -0.42817701
  17   13  0.00000000  0.21250000  0.00000000  1.61999122 -0.42817699
  17   14  0.00000000  0.21250000  0.00000000  1.61999122 -0.32141087
  17   15  0.00000000  0.21250000  0.00000000  1.61999122 -0.32140967
  17   16  0.00000000  0.21250000  0.00000000  1.61999122 -0.29548250
  17   17  0.00000000  0.21250000  0.00000000  1.61999122 -0.29548240
  17   18  0.00000000  0.21250000  0.00000000  1.61999122 -0.20352103
  17   19  0.00000000  0.21250000  0.00000000  1.61999122 -0.20352076
  17   20  0.00000000  0.21250000  0.00000000  1.61999122 -0.18249319
  17   21  0.00000000  0.21250000  0.00000000  1.61999122 -0.18249019
  17   22  0.00000000  0.21250000  0.00000000  1.61999122 -0.15383272
  17   23  0.00000000  0.21250000  0.00000000  1.61999122 -0.15383175
  17   24  0.00000000  0.21250000  0.00000000  1.61999122 -0.06798594
  17   25  0.00000000  0.21250000  0.00000000  1.61999122 -0.06798332
  17   26  0.00000000  0.21250000  0.00000000  1.61999122  0.20424562
  17   27  0.00000000  0.21250000  0.00000000  1.61999122  0.20426361
  17   28  0.00000000  0.21250000  0.00000000  1.61999122  0.23018306
  17   29  0.00000000  0.21250000  0.00000000  1.61999122  0.23020101
  17   30  0.00000000  0.21250000  0.00000000  1.61999122  0.25806273
  17   31  0.00000000  0.21250000  0.00000000  1.61999122  0.25806532
  17   32  0.00000000  0.21250000  0.00000000  1.61999122  0.32057891
  17   33  0.00000000  0.21250000  0.00000000  1.61999122  0.32058133
  17   34  0.00000000  0.21250000  0.00000000  1.61999122  0.62835967
  17   35  0.00000000  0.21250000  0.00000000  1.61999122  0.62836115
  17   36  0.00000000  0.21250000  0.00000000  1.61999122  0.71208066
  17   37  0.00000000  0.21250000  0.00000000  1.61999122  0.71208067
  17   38  0.00000000  0.21250000  0.00000000  1.61999122  0.71833842
  17   39  0.00000000  0.21250000  0.00000000  1.61999122  0.71833939
  17   40  0.00000000  0.21250000  0.00000000  1.61999122  0.75760119
  17   41  0.00000000  0.21250000  0.00000000  1.61999122  0.75760121
  17   42  0.00000000  0.21250000  0.00000000  1.61999122  0.76286481
  17   43  0.00000000  0.21250000  0.00000000  1.61999122  0.76286582
  18    0  0.00000000  0.22500000  0.00000000  1.71528482 -5.36520397
  18    1  0.00000000  0.22500000  0.00000000  1.71528482 -5.36520397
  18    2  0.00000000  0.22500000  0.00000000  1.71528482 -3.18910488
  18    3  0.00000000  0.22500000  0.00000000  1.71528482 -3.18910429
  18    4  0.00000000  0.22500000  0.00000000  1.71528482 -2.98660629
  18    5  0.00000000  0.22500000  0.00000000  1.71528482 -2.98660599
  18    6  0.00000000  0.22500000  0.00000000  1.71528482 -2.97679920
  18    7  0.00000000  0.22500000  0.00000000  1.71528482 -2.97679889
  18    8  0.00000000  0.22500000  0.00000000  1.71528482 -1.17845130
  18    9  0.00000000  0.22500000  0.00000000  1.71528482 -1.17845127
  18   10  0.00000000  0.22500000  0.00000000  1.71528482 -1.08945035
  18   11  0.00000000  0.22500000  0.00000000  1.71528482 -1.08945031
  18   12  0.00000000  0.22500000  0.00000000  1.71528482 -0.42503405
  18   13  0.00000000  0.22500000  0.00000000  1.71528482 -0.42503402
  18   14  0.00000000  0.22500000  0.00000000  1.71528482 -0.32880140
  18   15  0.00000000  0.22500000  0.00000000  1.71528482 -0.32880012
  18   16  0.00000000  0.22500000  0.00000000  1.71528482 -0.30383349
  18   17  0.00000000  0.22500000  0.00000000  1.71528482 -0.30383338
  18   18  0.00000000  0.22500000  0.00000000  1.71528482 -0.20888711
  18   19  0.00000000  0.22500000  0.00000000  1.71528482 -0.20888684
  18   20  0.00000000  0.22500000  0.00000000  1.71528482 -0.17780520
  18   21  0.00000000  0.22500000  0.00000000  1.71528482 -0.17780209
  18   22  0.00000000  0.22500000  0.00000000  1.71528482 -0.15958217
  18   23  0.00000000  0.22500000  0.00000000  1.71528482 -0.15958114
  18   24  0.00000000  0.22500000  0.00000000  1.71528482 -0.07381936
  18   25  0.00000000  0.22500000  0.00000000  1.71528482 -0.07381653
  18   26  0.00000000  0.22500000  0.00000000  1.71528482  0.20449353
  18   27  0.00000000  0.22500000  0.00000000  1.71528482  0.20451220
  18   28  0.00000000  0.22500000  0.00000000  1.71528482  0.22775629
  18   29  0.00000000  0.22500000  0.00000000  1.71528482  0.22777476
  18   30  0.00000000  0.22500000  0.00000000  1.71528482  0.26385154
  18   31  0.00000000  0.22500000  0.00000000  1.71528482  0.26385421
  18   32  0.00000000  0.22500000  0.00000000  1.71528482  0.32529086
  18   33  0.00000000  0.22500000  0.00000000  1.71528482  0.32529332
  18   34  0.00000000  0.22500000  0.00000000  1.71528482  0.63172428
  18   35  0.00000000  0.22500000  0.00000000  1.71528482  0.63172585
  18   36  0.00000000  0.22500000  0.00000000  1.71528482  0.70745142
  18   37  0.00000000  0.22500000  0.00000000  1.71528482  0.70745142
  18   38  0.00000000  0.22500000  0.00000000  1.71528482  0.72626890
  18   39  0.00000000  0.22500000  0.00000000  1.71528482  0.72627054
  18   40  0.00000000  0.22500000  0.00000000  1.71528482  0.76834848
  18   41  0.00000000  0.22500000  0.00000000  1.71528482  0.76834967
  18   42  0.00000000  0.22500000  0.00000000  1.71528482  0.77084298
  18   43  0.00000000  0.22500000  0.00000000  1.71528482  0.77084304
  19    0  0.00000000  0.23750000  0.00000000  1.81057842 -5.36507487
  19    1  0.00000000  0.23750000  0.00000000  1.81057842 -5.36507487
  19    2  0.00000000  0.23750000  0.00000000  1.81057842 -3.18954324
  19    3  0.00000000  0.23750000  0.00000000  1.81057842 -3.18954264
  19    4  0.00000000  0.23750000  0.00000000  1.81057842 -2.98717121
  19    5  0.00000000  0.23750000  0.00000000  1.81057842 -2.98717090
  19    6  0.00000000  0.23750000  0.00000000  1.81057842 -2.97729789
  19    7  0.00000000  0.23750000  0.00000000  1.81057842 -2.97729759
  19    8  0.00000000  0.23750000  0.00000000  1.81057842 -1.17148475
  19    9  0.00000000  0.23750000  0.00000000  1.81057842 -1.17148472
  19   10  0.00000000  0.23750000  0.00000000  1.81057842 -1.08661520
  19   11  0.00000000  0.23750000  0.00000000  1.81057842 -1.08661516
  19   12  0.00000000  0.23750000  0.00000000  1.81057842 -0.42298866
  19   13  0.00000000  0.23750000  0.00000000  1.81057842 -0.42298860
  19   14  0.00000000  0.23750000  0.00000000  1.81057842 -0.33509224
  19   15  0.00000000  0.23750000  0.00000000  1.81057842 -0.33509089
  19   16  0.00000000  0.23750000  0.00000000  1.81057842 -0.31258535
  19   17  0.00000000  0.23750000  0.00000000  1.81057842 -0.31258524
  19   18  0.00000000  0.23750000  0.00000000  1.81057842 -0.21418721
  19   19  0.00000000  0.23750000  0.00000000  1.81057842 -0.21418693
  19   20  0.00000000  0.23750000  0.00000000  1.81057842 -0.17298282
  19   21  0.00000000  0.23750000  0.00000000  1.81057842 -0.17297965
  19   22  0.00000000  0.23750000  0.00000000  1.81057842 -0.16494947
  19   23  0.00000000  0.23750000  0.00000000  1.81057842 -0.16494839
  19   24  0.00000000  0.23750000  0.00000000  1.81057842 -0.07958066
  19   25  0.00000000  0.23750000  0.00000000  1.81057842 -0.07957772
  19   26  0.00000000  0.23750000  0.00000000  1.81057842  0.20537656
  19   27  0.00000000  0.23750000  0.00000000  1.81057842  0.20539569
  19   28  0.00000000  0.23750000  0.00000000  1.81057842  0.22553108
  19   29  0.00000000  0.23750000  0.00000000  1.81057842  0.22554992
  19   30  0.00000000  0.23750000  0.00000000  1.81057842  0.26993633
  19   31  0.00000000  0.23750000  0.00000000  1.81057842  0.26993905
  19   32  0.00000000  0.23750000  0.00000000  1.81057842  0.32978665
  19   33  0.00000000  0.23750000  0.00000000  1.81057842  0.32978913
  19   34  0.00000000  0.23750000  0.00000000  1.81057842  0.63383119
  19   35  0.00000000  0.23750000  0.00000000  1.81057842  0.63383282
  19   36  0.00000000  0.23750000  0.00000000  1.81057842  0.70237685
  19   37  0.00000000  0.23750000  0.00000000  1.81057842  0.70237685
  19   38  0.00000000  0.23750000  0.00000000  1.81057842  0.73081988
  19   39  0.00000000  0.23750000  0.00000000  1.81057842  0.73082232
  19   40  0.00000000  0.23750000  0.00000000  1.81057842  0.77630770
  19   41  0.00000000  0.23750000  0.00000000  1.81057842  0.77630882
  19   42  0.00000000  0.23750000  0.00000000  1.81057842  0.78846098
  19   43  0.00000000  0.23750000  0.00000000  1.81057842  0.78846104
  20    0  0.00000000  0.25000000  0.00000000  1.90587202 -5.36493937
  20    1  0.00000000  0.25000000  0.00000000  1.90587202 -5.36493937
  20    2  0.00000000  0.25000000  0.00000000  1.90587202 -3.18998904
  20    3  0.00000000  0.25000000  0.00000000  1.90587202 -3.18998844
  20    4  0.00000000  0.25000000  0.00000000  1.90587202 -2.98779646
  20    5  0.00000000  0.25000000  0.00000000  1.90587202 -2.98779616
  20    6  0.00000000  0.25000000  0.00000000  1.90587202 -2.97773464
  20    7  0.00000000  0.25000000  0.00000000  1.90587202 -2.97773434
  20    8  0.00000000  0.25000000  0.00000000  1.90587202 -1.16435223
  20    9  0.00000000  0.25000000  0.00000000  1.90587202 -1.16435220
  20   10  0.00000000  0.25000000  0.00000000  1.90587202 -1.08374366
  20   11  0.00000000  0.25000000  0.00000000  1.90587202 -1.08374362
  20   12  0.00000000  0.25000000  0.00000000  1.90587202 -0.42240822
  20   13  0.00000000  0.25000000  0.00000000  1.90587202 -0.42240814
  20   14  0.00000000  0.25000000  0.00000000  1.90587202 -0.33995406
  20   15  0.00000000  0.25000000  0.00000000  1.90587202 -0.33995269
  20   16  0.00000000  0.25000000  0.00000000  1.90587202 -0.32162143
  20   17  0.00000000  0.25000000  0.00000000  1.90587202 -0.32162133
  20   18  0.00000000  0.25000000  0.00000000  1.90587202 -0.21938074
  20   19  0.00000000  0.25000000  0.00000000  1.90587202 -0.21938047
  20   20  0.00000000  0.25000000  0.00000000  1.90587202 -0.16988997
  20   21  0.00000000  0.25000000  0.00000000  1.90587202 -0.16988894
  20   22  0.00000000  0.25000000  0.00000000  1.90587202 -0.16806498
  20   23  0.00000000  0.25000000  0.00000000  1.90587202 -0.16806174
  20   24  0.00000000  0.25000000  0.00000000  1.90587202 -0.08509208
  20   25  0.00000000  0.25000000  0.00000000  1.90587202 -0.08508911
  20   26  0.00000000  0.25000000  0.00000000  1.90587202  0.20681200
  20   27  0.00000000  0.25000000  0.00000000  1.90587202  0.20683132
  20   28  0.00000000  0.25000000  0.00000000  1.90587202  0.22359104
  20   29  0.00000000  0.25000000  0.00000000  1.90587202  0.22361005
  20   30  0.00000000  0.25000000  0.00000000  1.90587202  0.27618410
  20   31  0.00000000  0.25000000  0.00000000  1.90587202  0.27618683
  20   32  0.00000000  0.25000000  0.00000000  1.90587202  0.33405259
  20   33  0.00000000  0.25000000  0.00000000  1.90587202  0.33405508
  20   34  0.00000000  0.25000000  0.00000000  1.90587202  0.63499535
  20   35  0.00000000  0.25000000  0.00000000  1.90587202  0.63499699
  20   36  0.00000000  0.25000000  0.00000000  1.90587202  0.69695395
  20   37  0.00000000  0.25000000  0.00000000  1.90587202  0.69695395
  20   38  0.00000000  0.25000000  0.00000000  1.90587202  0.72666954
  20   39  0.00000000  0.25000000  0.00000000  1.90587202  0.72667212
  20   40  0.00000000  0.25000000  0.00000000  1.90587202  0.79148566
  20   41  0.00000000  0.25000000  0.00000000  1.90587202  0.79148718
  20   42  0.00000000  0.25000000  0.00000000  1.90587202  0.79898455
  20   43  0.00000000  0.25000000  0.00000000  1.90587202  0.79898476
  21    0  0.00000000  0.26250000  0.00000000  2.00116562 -5.36479850
  21    1  0.00000000  0.26250000  0.00000000  2.00116562 -5.36479850
  21    2  0.00000000  0.26250000  0.00000000  2.00116562 -3.19044025
  21    3  0.00000000  0.26250000  0.00000000  2.00116562 -3.19043965
  21    4  0.00000000  0.26250000  0.00000000  2.00116562 -2.98847737
  21    5  0.00000000  0.26250000  0.00000000  2.00116562 -2.98847706
  21    6  0.00000000  0.26250000  0.00000000  2.00116562 -2.97810919
  21    7  0.00000000  0.26250000  0.00000000  2.00116562 -2.97810889
  21    8  0.00000000  0.26250000  0.00000000  2.00116562 -1.15707428
  21    9  0.00000000  0.26250000  0.00000000  2.00116562 -1.15707425
  21   10  0.00000000  0.26250000  0.00000000  2.00116562 -1.08083329
  21   11  0.00000000  0.26250000  0.00000000  2.00116562 -1.08083325
  21   12  0.00000000  0.26250000  0.00000000  2.00116562 -0.42353544
  21   13  0.00000000  0.26250000  0.00000000  2.00116562 -0.42353538
  21   14  0.00000000  0.26250000  0.00000000  2.00116562 -0.34321686
  21   15  0.00000000  0.26250000  0.00000000  2.00116562 -0.34321552
  21   16  0.00000000  0.26250000  0.00000000  2.00116562 -0.33077326
  21   17  0.00000000  0.26250000  0.00000000  2.00116562 -0.33077315
  21   18  0.00000000  0.26250000  0.00000000  2.00116562 -0.22443594
  21   19  0.00000000  0.26250000  0.00000000  2.00116562 -0.22443566
  21   20  0.00000000  0.26250000  0.00000000  2.00116562 -0.17427652
  21   21  0.00000000  0.26250000  0.00000000  2.00116562 -0.17427547
  21   22  0.00000000  0.26250000  0.00000000  2.00116562 -0.16322817
  21   23  0.00000000  0.26250000  0.00000000  2.00116562 -0.16322501
  21   24  0.00000000  0.26250000  0.00000000  2.00116562 -0.09018485
  21   25  0.00000000  0.26250000  0.00000000  2.00116562 -0.09018194
  21   26  0.00000000  0.26250000  0.00000000  2.00116562  0.20870102
  21   27  0.00000000  0.26250000  0.00000000  2.00116562  0.20872017
  21   28  0.00000000  0.26250000  0.00000000  2.00116562  0.22203182
  21   29  0.00000000  0.26250000  0.00000000  2.00116562  0.22205068
  21   30  0.00000000  0.26250000  0.00000000  2.00116562  0.28247551
  21   31  0.00000000  0.26250000  0.00000000  2.00116562  0.28247823
  21   32  0.00000000  0.26250000  0.00000000  2.00116562  0.33808064
  21   33  0.00000000  0.26250000  0.00000000  2.00116562  0.33808312
  21   34  0.00000000  0.26250000  0.00000000  2.00116562  0.63546440
  21   35  0.00000000  0.26250000  0.00000000  2.00116562  0.63546603
  21   36  0.00000000  0.26250000  0.00000000  2.00116562  0.69124864
  21   37  0.00000000  0.26250000  0.00000000  2.00116562  0.69124864
  21   38  0.00000000  0.26250000  0.00000000  2.00116562  0.71584970
  21   39  0.00000000  0.26250000  0.00000000  2.00116562  0.71585185
  21   40  0.00000000  0.26250000  0.00000000  2.00116562  0.79196544
  21   41  0.00000000  0.26250000  0.00000000  2.00116562  0.79196559
  21   42  0.00000000  0.26250000  0.00000000  2.00116562  0.79766419
  21   43  0.00000000  0.26250000  0.00000000  2.00116562  0.79766539
  22    0  0.00000000  0.27500000  0.00000000  2.09645922 -5.36465345
  22    1  0.00000000  0.27500000  0.00000000  2.09645922 -5.36465344
  22    2  0.00000000  0.27500000  0.00000000  2.09645922 -3.19089467
  22    3  0.00000000  0.27500000  0.00000000  2.09645922 -3.19089408
  22    4  0.00000000  0.27500000  0.00000000  2.09645922 -2.98920631
  22    5  0.00000000  0.27500000  0.00000000  2.09645922 -2.98920601
  22    6  0.00000000  0.27500000  0.00000000  2.09645922 -2.97842423
  22    7  0.00000000  0.27500000  0.00000000  2.09645922 -2.97842393
  22    8  0.00000000  0.27500000  0.00000000  2.09645922 -1.14967384
  22    9  0.00000000  0.27500000  0.00000000  2.09645922 -1.14967381
  22   10  0.00000000  0.27500000  0.00000000  2.09645922 -1.07788145
  22   11  0.00000000  0.27500000  0.00000000  2.09645922 -1.07788141
  22   12  0.00000000  0.27500000  0.00000000  2.09645922 -0.42636305
  22   13  0.00000000  0.27500000  0.00000000  2.09645922 -0.42636304
  22   14  0.00000000  0.27500000  0.00000000  2.09645922 -0.34517707
  22   15  0.00000000  0.27500000  0.00000000  2.09645922 -0.34517588
  22   16  0.00000000  0.27500000  0.00000000  2.09645922 -0.33964924
  22   17  0.00000000  0.27500000  0.00000000  2.09645922 -0.33964907
  22   18  0.00000000  0.27500000  0.00000000  2.09645922 -0.22932543
  22   19  0.00000000  0.27500000  0.00000000  2.09645922 -0.22932516
  22   20  0.00000000  0.27500000  0.00000000  2.09645922 -0.17819926
  22   21  0.00000000  0.27500000  0.00000000  2.09645922 -0.17819822
  22   22  0.00000000  0.27500000  0.00000000  2.09645922 -0.15847546
  22   23  0.00000000  0.27500000  0.00000000  2.09645922 -0.15847242
  22   24  0.00000000  0.27500000  0.00000000  2.09645922 -0.09470778
  22   25  0.00000000  0.27500000  0.00000000  2.09645922 -0.09470500
  22   26  0.00000000  0.27500000  0.00000000  2.09645922  0.21091156
  22   27  0.00000000  0.27500000  0.00000000  2.09645922  0.21092979
  22   28  0.00000000  0.27500000  0.00000000  2.09645922  0.22098141
  22   29  0.00000000  0.27500000  0.00000000  2.09645922  0.22099940
  22   30  0.00000000  0.27500000  0.00000000  2.09645922  0.28870394
  22   31  0.00000000  0.27500000  0.00000000  2.09645922  0.28870661
  22   32  0.00000000  0.27500000  0.00000000  2.09645922  0.34186741
  22   33  0.00000000  0.27500000  0.00000000  2.09645922  0.34186986
  22   34  0.00000000  0.27500000  0.00000000  2.09645922  0.63537722
  22   35  0.00000000  0.27500000  0.00000000  2.09645922  0.63537881
  22   36  0.00000000  0.27500000  0.00000000  2.09645922  0.68532707
  22   37  0.00000000  0.27500000  0.00000000  2.09645922  0.68532707
  22   38  0.00000000  0.27500000  0.00000000  2.09645922  0.70287284
  22   39  0.00000000  0.27500000  0.00000000  2.09645922  0.70287453
  22   40  0.00000000  0.27500000  0.00000000  2.09645922  0.78221851
  22   41  0.00000000  0.27500000  0.00000000  2.09645922  0.78221861
  22   42  0.00000000  0.27500000  0.00000000  2.09645922  0.79049333
  22   43  0.00000000  0.27500000  0.00000000  2.09645922  0.79049390
  23    0  0.00000000  0.28750000  0.00000000  2.19175282 -5.36450551
  23    1  0.00000000  0.28750000  0.00000000  2.19175282 -5.36450551
  23    2  0.00000000  0.28750000  0.00000000  2.19175282 -3.19134993
  23    3  0.00000000  0.28750000  0.00000000  2.19175282 -3.19134935
  23    4  0.00000000  0.28750000  0.00000000  2.19175282 -2.98997355
  23    5  0.00000000  0.28750000  0.00000000  2.19175282 -2.98997326
  23    6  0.00000000  0.28750000  0.00000000  2.19175282 -2.97868455
  23    7  0.00000000  0.28750000  0.00000000  2.19175282 -2.97868425
  23    8  0.00000000  0.28750000  0.00000000  2.19175282 -1.14217728
  23    9  0.00000000  0.28750000  0.00000000  2.19175282 -1.14217725
  23   10  0.00000000  0.28750000  0.00000000  2.19175282 -1.07488646
  23   11  0.00000000  0.28750000  0.00000000  2.19175282 -1.07488643
  23   12  0.00000000  0.28750000  0.00000000  2.19175282 -0.43062042
  23   13  0.00000000  0.28750000  0.00000000  2.19175282 -0.43062036
  23   14  0.00000000  0.28750000  0.00000000  2.19175282 -0.35000058
  23   15  0.00000000  0.28750000  0.00000000  2.19175282 -0.35000030
  23   16  0.00000000  0.28750000  0.00000000  2.19175282 -0.34425331
  23   17  0.00000000  0.28750000  0.00000000  2.19175282 -0.34425235
  23   18  0.00000000  0.28750000  0.00000000  2.19175282 -0.23402525
  23   19  0.00000000  0.28750000  0.00000000  2.19175282 -0.23402498
  23   20  0.00000000  0.28750000  0.00000000  2.19175282 -0.18167538
  23   21  0.00000000  0.28750000  0.00000000  2.19175282 -0.18167439
  23   22  0.00000000  0.28750000  0.00000000  2.19175282 -0.15391012
  23   23  0.00000000  0.28750000  0.00000000  2.19175282 -0.15390728
  23   24  0.00000000  0.28750000  0.00000000  2.19175282 -0.09853528
  23   25  0.00000000  0.28750000  0.00000000  2.19175282 -0.09853269
  23   26  0.00000000  0.28750000  0.00000000  2.19175282  0.21322198
  23   27  0.00000000  0.28750000  0.00000000  2.19175282  0.21323728
  23   28  0.00000000  0.28750000  0.00000000  2.19175282  0.22065699
  23   29  0.00000000  0.28750000  0.00000000  2.19175282  0.22067212
  23   30  0.00000000  0.28750000  0.00000000  2.19175282  0.29477435
  23   31  0.00000000  0.28750000  0.00000000  2.19175282  0.29477694
  23   32  0.00000000  0.28750000  0.00000000  2.19175282  0.34541323
  23   33  0.00000000  0.28750000  0.00000000  2.19175282  0.34541563
  23   34  0.00000000  0.28750000  0.00000000  2.19175282  0.63472615
  23   35  0.00000000  0.28750000  0.00000000  2.19175282  0.63472767
  23   36  0.00000000  0.28750000  0.00000000  2.19175282  0.67923187
  23   37  0.00000000  0.28750000  0.00000000  2.19175282  0.67923188
  23   38  0.00000000  0.28750000  0.00000000  2.19175282  0.68981127
  23   39  0.00000000  0.28750000  0.00000000  2.19175282  0.68981259
  23   40  0.00000000  0.28750000  0.00000000  2.19175282  0.77362964
  23   41  0.00000000  0.28750000  0.00000000  2.19175282  0.77362973
  23   42  0.00000000  0.28750000  0.00000000  2.19175282  0.78208380
  23   43  0.00000000  0.28750000  0.00000000  2.19175282  0.78208410
  24    0  0.00000000  0.30000000  0.00000000  2.28704642 -5.36435610
  24    1  0.00000000  0.30000000  0.00000000  2.28704642 -5.36435610
  24    2  0.00000000  0.30000000  0.00000000  2.28704642 -3.19180346
  24    3  0.00000000  0.30000000  0.00000000  2.28704642 -3.19180289
  24    4  0.00000000  0.30000000  0.00000000  2.28704642 -2.99076810
  24    5  0.00000000  0.30000000  0.00000000  2.28704642 -2.99076780
  24    6  0.00000000  0.30000000  0.00000000  2.28704642 -2.97889615
  24    7  0.00000000  0.30000000  0.00000000  2.28704642 -2.97889586
  24    8  0.00000000  0.30000000  0.00000000  2.28704642 -1.13461542
  24    9  0.00000000  0.30000000  0.00000000  2.28704642 -1.13461539
  24   10  0.00000000  0.30000000  0.00000000  2.28704642 -1.07184882
  24   11  0.00000000  0.30000000  0.00000000  2.28704642 -1.07184879
  24   12  0.00000000  0.30000000  0.00000000  2.28704642 -0.43589152
  24   13  0.00000000  0.30000000  0.00000000  2.28704642 -0.43589138
  24   14  0.00000000  0.30000000  0.00000000  2.28704642 -0.35847144
  24   15  0.00000000  0.30000000  0.00000000  2.28704642 -0.35847130
  24   16  0.00000000  0.30000000  0.00000000  2.28704642 -0.34412174
  24   17  0.00000000  0.30000000  0.00000000  2.28704642 -0.34412079
  24   18  0.00000000  0.30000000  0.00000000  2.28704642 -0.23851440
  24   19  0.00000000  0.30000000  0.00000000  2.28704642 -0.23851414
  24   20  0.00000000  0.30000000  0.00000000  2.28704642 -0.18475620
  24   21  0.00000000  0.30000000  0.00000000  2.28704642 -0.18475525
  24   22  0.00000000  0.30000000  0.00000000  2.28704642 -0.14961216
  24   23  0.00000000  0.30000000  0.00000000  2.28704642 -0.14960958
  24   24  0.00000000  0.30000000  0.00000000  2.28704642 -0.10157503
  24   25  0.00000000  0.30000000  0.00000000  2.28704642 -0.10157267
  24   26  0.00000000  0.30000000  0.00000000  2.28704642  0.21524052
  24   27  0.00000000  0.30000000  0.00000000  2.28704642  0.21524848
  24   28  0.00000000  0.30000000  0.00000000  2.28704642  0.22144341
  24   29  0.00000000  0.30000000  0.00000000  2.28704642  0.22145129
  24   30  0.00000000  0.30000000  0.00000000  2.28704642  0.30060230
  24   31  0.00000000  0.30000000  0.00000000  2.28704642  0.30060478
  24   32  0.00000000  0.30000000  0.00000000  2.28704642  0.34872117
  24   33  0.00000000  0.30000000  0.00000000  2.28704642  0.34872351
  24   34  0.00000000  0.30000000  0.00000000  2.28704642  0.63327162
  24   35  0.00000000  0.30000000  0.00000000  2.28704642  0.63327301
  24   36  0.00000000  0.30000000  0.00000000  2.28704642  0.67281979
  24   37  0.00000000  0.30000000  0.00000000  2.28704642  0.67281988
  24   38  0.00000000  0.30000000  0.00000000  2.28704642  0.67776117
  24   39  0.00000000  0.30000000  0.00000000  2.28704642  0.67776206
  24   40  0.00000000  0.30000000  0.00000000  2.28704642  0.76640844
  24   41  0.00000000  0.30000000  0.00000000  2.28704642  0.76640852
  24   42  0.00000000  0.30000000  0.00000000  2.28704642  0.77455317
  24   43  0.00000000  0.30000000  0.00000000  2.28704642  0.77455334
  25    0  0.00000000  0.31250000  0.00000000  2.38234002 -5.36420667
  25    1  0.00000000  0.31250000  0.00000000  2.38234002 -5.36420666
  25    2  0.00000000  0.31250000  0.00000000  2.38234002 -3.19225249
  25    3  0.00000000  0.31250000  0.00000000  2.38234002 -3.19225194
  25    4  0.00000000  0.31250000  0.00000000  2.38234002 -2.99157848
  25    5  0.00000000  0.31250000  0.00000000  2.38234002 -2.99157819
  25    6  0.00000000  0.31250000  0.00000000  2.38234002 -2.97906543
  25    7  0.00000000  0.31250000  0.00000000  2.38234002 -2.97906515
  25    8  0.00000000  0.31250000  0.00000000  2.38234002 -1.12702443
  25    9  0.00000000  0.31250000  0.00000000  2.38234002 -1.12702440
  25   10  0.00000000  0.31250000  0.00000000  2.38234002 -1.06877236
  25   11  0.00000000  0.31250000  0.00000000  2.38234002 -1.06877233
  25   12  0.00000000  0.31250000  0.00000000  2.38234002 -0.44175483
  25   13  0.00000000  0.31250000  0.00000000  2.38234002 -0.44175463
  25   14  0.00000000  0.31250000  0.00000000  2.38234002 -0.36684738
  25   15  0.00000000  0.31250000  0.00000000  2.38234002 -0.36684726
  25   16  0.00000000  0.31250000  0.00000000  2.38234002 -0.34332707
  25   17  0.00000000  0.31250000  0.00000000  2.38234002 -0.34332625
  25   18  0.00000000  0.31250000  0.00000000  2.38234002 -0.24277482
  25   19  0.00000000  0.31250000  0.00000000  2.38234002 -0.24277457
  25   20  0.00000000  0.31250000  0.00000000  2.38234002 -0.18749878
  25   21  0.00000000  0.31250000  0.00000000  2.38234002 -0.18749788
  25   22  0.00000000  0.31250000  0.00000000  2.38234002 -0.14565199
  25   23  0.00000000  0.31250000  0.00000000  2.38234002 -0.14564974
  25   24  0.00000000  0.31250000  0.00000000  2.38234002 -0.10377504
  25   25  0.00000000  0.31250000  0.00000000  2.38234002 -0.10377294
  25   26  0.00000000  0.31250000  0.00000000  2.38234002  0.21669837
  25   27  0.00000000  0.31250000  0.00000000  2.38234002  0.21669934
  25   28  0.00000000  0.31250000  0.00000000  2.38234002  0.22358795
  25   29  0.00000000  0.31250000  0.00000000  2.38234002  0.22358895
  25   30  0.00000000  0.31250000  0.00000000  2.38234002  0.30611345
  25   31  0.00000000  0.31250000  0.00000000  2.38234002  0.30611580
  25   32  0.00000000  0.31250000  0.00000000  2.38234002  0.35179620
  25   33  0.00000000  0.31250000  0.00000000  2.38234002  0.35179844
  25   34  0.00000000  0.31250000  0.00000000  2.38234002  0.63036726
  25   35  0.00000000  0.31250000  0.00000000  2.38234002  0.63036838
  25   36  0.00000000  0.31250000  0.00000000  2.38234002  0.66498057
  25   37  0.00000000  0.31250000  0.00000000  2.38234002  0.66498088
  25   38  0.00000000  0.31250000  0.00000000  2.38234002  0.66875216
  25   39  0.00000000  0.31250000  0.00000000  2.38234002  0.66875242
  25   40  0.00000000  0.31250000  0.00000000  2.38234002  0.76032096
  25   41  0.00000000  0.31250000  0.00000000  2.38234002  0.76032104
  25   42  0.00000000  0.31250000  0.00000000  2.38234002  0.76807192
  25   43  0.00000000  0.31250000  0.00000000  2.38234002  0.76807202
  26    0  0.00000000  0.32500000  0.00000000  2.47763363 -5.36405871
  26    1  0.00000000  0.32500000  0.00000000  2.47763363 -5.36405871
  26    2  0.00000000  0.32500000  0.00000000  2.47763363 -3.19269408
  26    3  0.00000000  0.32500000  0.00000000  2.47763363 -3.19269355
  26    4  0.00000000  0.32500000  0.00000000  2.47763363 -2.99239331
  26    5  0.00000000  0.32500000  0.00000000  2.47763363 -2.99239303
  26    6  0.00000000  0.32500000  0.00000000  2.47763363 -2.97919865
  26    7  0.00000000  0.32500000  0.00000000  2.47763363 -2.97919838
  26    8  0.00000000  0.32500000  0.00000000  2.47763363 -1.11944664
  26    9  0.00000000  0.32500000  0.00000000  2.47763363 -1.11944661
  26   10  0.00000000  0.32500000  0.00000000  2.47763363 -1.06566533
  26   11  0.00000000  0.32500000  0.00000000  2.47763363 -1.06566530
  26   12  0.00000000  0.32500000  0.00000000  2.47763363 -0.44785944
  26   13  0.00000000  0.32500000  0.00000000  2.47763363 -0.44785918
  26   14  0.00000000  0.32500000  0.00000000  2.47763363 -0.37478618
  26   15  0.00000000  0.32500000  0.00000000  2.47763363 -0.37478606
  26   16  0.00000000  0.32500000  0.00000000  2.47763363 -0.34247188
  26   17  0.00000000  0.32500000  0.00000000  2.47763363 -0.34247120
  26   18  0.00000000  0.32500000  0.00000000  2.47763363 -0.24679121
  26   19  0.00000000  0.32500000  0.00000000  2.47763363 -0.24679097
  26   20  0.00000000  0.32500000  0.00000000  2.47763363 -0.18995886
  26   21  0.00000000  0.32500000  0.00000000  2.47763363 -0.18995803
  26   22  0.00000000  0.32500000  0.00000000  2.47763363 -0.14208574
  26   23  0.00000000  0.32500000  0.00000000  2.47763363 -0.14208386
  26   24  0.00000000  0.32500000  0.00000000  2.47763363 -0.10512890
  26   25  0.00000000  0.32500000  0.00000000  2.47763363 -0.10512710
  26   26  0.00000000  0.32500000  0.00000000  2.47763363  0.21793101
  26   27  0.00000000  0.32500000  0.00000000  2.47763363  0.21793706
  26   28  0.00000000  0.32500000  0.00000000  2.47763363  0.22671452
  26   29  0.00000000  0.32500000  0.00000000  2.47763363  0.22672053
  26   30  0.00000000  0.32500000  0.00000000  2.47763363  0.31124373
  26   31  0.00000000  0.32500000  0.00000000  2.47763363  0.31124593
  26   32  0.00000000  0.32500000  0.00000000  2.47763363  0.35464434
  26   33  0.00000000  0.32500000  0.00000000  2.47763363  0.35464650
  26   34  0.00000000  0.32500000  0.00000000  2.47763363  0.62492251
  26   35  0.00000000  0.32500000  0.00000000  2.47763363  0.62492321
  26   36  0.00000000  0.32500000  0.00000000  2.47763363  0.65724983
  26   37  0.00000000  0.32500000  0.00000000  2.47763363  0.65724989
  26   38  0.00000000  0.32500000  0.00000000  2.47763363  0.66248521
  26   39  0.00000000  0.32500000  0.00000000  2.47763363  0.66248528
  26   40  0.00000000  0.32500000  0.00000000  2.47763363  0.75517100
  26   41  0.00000000  0.32500000  0.00000000  2.47763363  0.75517110
  26   42  0.00000000  0.32500000  0.00000000  2.47763363  0.76256713
  26   43  0.00000000  0.32500000  0.00000000  2.47763363  0.76256718
  27    0  0.00000000  0.33750000  0.00000000  2.57292723 -5.36391374
  27    1  0.00000000  0.33750000  0.00000000  2.57292723 -5.36391374
  27    2  0.00000000  0.33750000  0.00000000  2.57292723 -3.19312510
  27    3  0.00000000  0.33750000  0.00000000  2.57292723 -3.19312459
  27    4  0.00000000  0.33750000  0.00000000  2.57292723 -2.99320161
  27    5  0.00000000  0.33750000  0.00000000  2.57292723 -2.99320135
  27    6  0.00000000  0.33750000  0.00000000  2.57292723 -2.97930162
  27    7  0.00000000  0.33750000  0.00000000  2.57292723 -2.97930136
  27    8  0.00000000  0.33750000  0.00000000  2.57292723 -1.11193110
  27    9  0.00000000  0.33750000  0.00000000  2.57292723 -1.11193107
  27   10  0.00000000  0.33750000  0.00000000  2.57292723 -1.06254129
  27   11  0.00000000  0.33750000  0.00000000  2.57292723 -1.06254126
  27   12  0.00000000  0.33750000  0.00000000  2.57292723 -0.45394064
  27   13  0.00000000  0.33750000  0.00000000  2.57292723 -0.45394034
  27   14  0.00000000  0.33750000  0.00000000  2.57292723 -0.38218020
  27   15  0.00000000  0.33750000  0.00000000  2.57292723 -0.38218009
  27   16  0.00000000  0.33750000  0.00000000  2.57292723 -0.34183455
  27   17  0.00000000  0.33750000  0.00000000  2.57292723 -0.34183401
  27   18  0.00000000  0.33750000  0.00000000  2.57292723 -0.25055100
  27   19  0.00000000  0.33750000  0.00000000  2.57292723 -0.25055076
  27   20  0.00000000  0.33750000  0.00000000  2.57292723 -0.19218661
  27   21  0.00000000  0.33750000  0.00000000  2.57292723 -0.19218584
  27   22  0.00000000  0.33750000  0.00000000  2.57292723 -0.13895070
  27   23  0.00000000  0.33750000  0.00000000  2.57292723 -0.13894922
  27   24  0.00000000  0.33750000  0.00000000  2.57292723 -0.10567764
  27   25  0.00000000  0.33750000  0.00000000  2.57292723 -0.10567613
  27   26  0.00000000  0.33750000  0.00000000  2.57292723  0.21934436
  27   27  0.00000000  0.33750000  0.00000000  2.57292723  0.21935242
  27   28  0.00000000  0.33750000  0.00000000  2.57292723  0.23038610
  27   29  0.00000000  0.33750000  0.00000000  2.57292723  0.23039407
  27   30  0.00000000  0.33750000  0.00000000  2.57292723  0.31594009
  27   31  0.00000000  0.33750000  0.00000000  2.57292723  0.31594213
  27   32  0.00000000  0.33750000  0.00000000  2.57292723  0.35727210
  27   33  0.00000000  0.33750000  0.00000000  2.57292723  0.35727414
  27   34  0.00000000  0.33750000  0.00000000  2.57292723  0.61633417
  27   35  0.00000000  0.33750000  0.00000000  2.57292723  0.61633447
  27   36  0.00000000  0.33750000  0.00000000  2.57292723  0.65228678
  27   37  0.00000000  0.33750000  0.00000000  2.57292723  0.65228727
  27   38  0.00000000  0.33750000  0.00000000  2.57292723  0.65701998
  27   39  0.00000000  0.33750000  0.00000000  2.57292723  0.65701998
  27   40  0.00000000  0.33750000  0.00000000  2.57292723  0.75083039
  27   41  0.00000000  0.33750000  0.00000000  2.57292723  0.75083049
  27   42  0.00000000  0.33750000  0.00000000  2.57292723  0.75796977
  27   43  0.00000000  0.33750000  0.00000000  2.57292723  0.75796979
  28    0  0.00000000  0.35000000  0.00000000  2.66822083 -5.36377322
  28    1  0.00000000  0.35000000  0.00000000  2.66822083 -5.36377321
  28    2  0.00000000  0.35000000  0.00000000  2.66822083 -3.19354232
  28    3  0.00000000  0.35000000  0.00000000  2.66822083 -3.19354184
  28    4  0.00000000  0.35000000  0.00000000  2.66822083 -2.99399299
  28    5  0.00000000  0.35000000  0.00000000  2.66822083 -2.99399274
  28    6  0.00000000  0.35000000  0.00000000  2.66822083 -2.97937956
  28    7  0.00000000  0.35000000  0.00000000  2.66822083 -2.97937932
  28    8  0.00000000  0.35000000  0.00000000  2.66822083 -1.10453380
  28    9  0.00000000  0.35000000  0.00000000  2.66822083 -1.10453377
  28   10  0.00000000  0.35000000  0.00000000  2.66822083 -1.05941967
  28   11  0.00000000  0.35000000  0.00000000  2.66822083 -1.05941964
  28   12  0.00000000  0.35000000  0.00000000  2.66822083 -0.45980847
  28   13  0.00000000  0.35000000  0.00000000  2.66822083 -0.45980815
  28   14  0.00000000  0.35000000  0.00000000  2.66822083 -0.38896850
  28   15  0.00000000  0.35000000  0.00000000  2.66822083 -0.38896839
  28   16  0.00000000  0.35000000  0.00000000  2.66822083 -0.34156615
  28   17  0.00000000  0.35000000  0.00000000  2.66822083 -0.34156574
  28   18  0.00000000  0.35000000  0.00000000  2.66822083 -0.25404418
  28   19  0.00000000  0.35000000  0.00000000  2.66822083 -0.25404395
  28   20  0.00000000  0.35000000  0.00000000  2.66822083 -0.19422417
  28   21  0.00000000  0.35000000  0.00000000  2.66822083 -0.19422348
  28   22  0.00000000  0.35000000  0.00000000  2.66822083 -0.13626302
  28   23  0.00000000  0.35000000  0.00000000  2.66822083 -0.13626195
  28   24  0.00000000  0.35000000  0.00000000  2.66822083 -0.10550594
  28   25  0.00000000  0.35000000  0.00000000  2.66822083 -0.10550472
  28   26  0.00000000  0.35000000  0.00000000  2.66822083  0.22109209
  28   27  0.00000000  0.35000000  0.00000000  2.66822083  0.22110071
  28   28  0.00000000  0.35000000  0.00000000  2.66822083  0.23437975
  28   29  0.00000000  0.35000000  0.00000000  2.66822083  0.23438823
  28   30  0.00000000  0.35000000  0.00000000  2.66822083  0.32016190
  28   31  0.00000000  0.35000000  0.00000000  2.66822083  0.32016376
  28   32  0.00000000  0.35000000  0.00000000  2.66822083  0.35968585
  28   33  0.00000000  0.35000000  0.00000000  2.66822083  0.35968777
  28   34  0.00000000  0.35000000  0.00000000  2.66822083  0.60539841
  28   35  0.00000000  0.35000000  0.00000000  2.66822083  0.60539850
  28   36  0.00000000  0.35000000  0.00000000  2.66822083  0.64919702
  28   37  0.00000000  0.35000000  0.00000000  2.66822083  0.64919752
  28   38  0.00000000  0.35000000  0.00000000  2.66822083  0.65257301
  28   39  0.00000000  0.35000000  0.00000000  2.66822083  0.65257330
  28   40  0.00000000  0.35000000  0.00000000  2.66822083  0.74721914
  28   41  0.00000000  0.35000000  0.00000000  2.66822083  0.74721925
  28   42  0.00000000  0.35000000  0.00000000  2.66822083  0.75424257
  28   43  0.00000000  0.35000000  0.00000000  2.66822083  0.75424257
  29    0  0.00000000  0.36250000  0.00000000  2.76351443 -5.36363856
  29    1  0.00000000  0.36250000  0.00000000  2.76351443 -5.36363856
  29    2  0.00000000  0.36250000  0.00000000  2.76351443 -3.19394239
  29    3  0.00000000  0.36250000  0.00000000  2.76351443 -3.19394194
  29    4  0.00000000  0.36250000  0.00000000  2.76351443 -2.99475775
  29    5  0.00000000  0.36250000  0.00000000  2.76351443 -2.99475752
  29    6  0.00000000  0.36250000  0.00000000  2.76351443 -2.97943707
  29    7  0.00000000  0.36250000  0.00000000  2.76351443 -2.97943684
  29    8  0.00000000  0.36250000  0.00000000  2.76351443 -1.09731764
  29    9  0.00000000  0.36250000  0.00000000  2.76351443 -1.09731761
  29   10  0.00000000  0.36250000  0.00000000  2.76351443 -1.05632604
  29   11  0.00000000  0.36250000  0.00000000  2.76351443 -1.05632602
  29   12  0.00000000  0.36250000  0.00000000  2.76351443 -0.46533082
  29   13  0.00000000  0.36250000  0.00000000  2.76351443 -0.46533048
  29   14  0.00000000  0.36250000  0.00000000  2.76351443 -0.39511670
  29   15  0.00000000  0.36250000  0.00000000  2.76351443 -0.39511659
  29   16  0.00000000  0.36250000  0.00000000  2.76351443 -0.34172793
  29   17  0.00000000  0.36250000  0.00000000  2.76351443 -0.34172764
  29   18  0.00000000  0.36250000  0.00000000  2.76351443 -0.25726322
  29   19  0.00000000  0.36250000  0.00000000  2.76351443 -0.25726300
  29   20  0.00000000  0.36250000  0.00000000  2.76351443 -0.19610449
  29   21  0.00000000  0.36250000  0.00000000  2.76351443 -0.19610387
  29   22  0.00000000  0.36250000  0.00000000  2.76351443 -0.13401883
  29   23  0.00000000  0.36250000  0.00000000  2.76351443 -0.13401813
  29   24  0.00000000  0.36250000  0.00000000  2.76351443 -0.10473228
  29   25  0.00000000  0.36250000  0.00000000  2.76351443 -0.10473132
  29   26  0.00000000  0.36250000  0.00000000  2.76351443  0.22319311
  29   27  0.00000000  0.36250000  0.00000000  2.76351443  0.22320158
  29   28  0.00000000  0.36250000  0.00000000  2.76351443  0.23858332
  29   29  0.00000000  0.36250000  0.00000000  2.76351443  0.23859161
  29   30  0.00000000  0.36250000  0.00000000  2.76351443  0.32388249
  29   31  0.00000000  0.36250000  0.00000000  2.76351443  0.32388417
  29   32  0.00000000  0.36250000  0.00000000  2.76351443  0.36189148
  29   33  0.00000000  0.36250000  0.00000000  2.76351443  0.36189327
  29   34  0.00000000  0.36250000  0.00000000  2.76351443  0.59325445
  29   35  0.00000000  0.36250000  0.00000000  2.76351443  0.59325447
  29   36  0.00000000  0.36250000  0.00000000  2.76351443  0.64555816
  29   37  0.00000000  0.36250000  0.00000000  2.76351443  0.64555827
  29   38  0.00000000  0.36250000  0.00000000  2.76351443  0.65052904
  29   39  0.00000000  0.36250000  0.00000000  2.76351443  0.65052986
  29   40  0.00000000  0.36250000  0.00000000  2.76351443  0.74428662
  29   41  0.00000000  0.36250000  0.00000000  2.76351443  0.74428674
  29   42  0.00000000  0.36250000  0.00000000  2.76351443  0.75137611
  29   43  0.00000000  0.36250000  0.00000000  2.76351443  0.75137614
  30    0  0.00000000  0.37500000  0.00000000  2.85880803 -5.36351111
  30    1  0.00000000  0.37500000  0.00000000  2.85880803 -5.36351111
  30    2  0.00000000  0.37500000  0.00000000  2.85880803 -3.19432194
  30    3  0.00000000  0.37500000  0.00000000  2.85880803 -3.19432152
  30    4  0.00000000  0.37500000  0.00000000  2.85880803 -2.99548689
  30    5  0.00000000  0.37500000  0.00000000  2.85880803 -2.99548667
  30    6  0.00000000  0.37500000  0.00000000  2.85880803 -2.97947814
  30    7  0.00000000  0.37500000  0.00000000  2.85880803 -2.97947793
  30    8  0.00000000  0.37500000  0.00000000  2.85880803 -1.09035186
  30    9  0.00000000  0.37500000  0.00000000  2.85880803 -1.09035182
  30   10  0.00000000  0.37500000  0.00000000  2.85880803 -1.05329197
  30   11  0.00000000  0.37500000  0.00000000  2.85880803 -1.05329196
  30   12  0.00000000  0.37500000  0.00000000  2.85880803 -0.47041900
  30   13  0.00000000  0.37500000  0.00000000  2.85880803 -0.47041867
  30   14  0.00000000  0.37500000  0.00000000  2.85880803 -0.40061065
  30   15  0.00000000  0.37500000  0.00000000  2.85880803 -0.40061054
  30   16  0.00000000  0.37500000  0.00000000  2.85880803 -0.34231522
  30   17  0.00000000  0.37500000  0.00000000  2.85880803 -0.34231503
  30   18  0.00000000  0.37500000  0.00000000  2.85880803 -0.26020279
  30   19  0.00000000  0.37500000  0.00000000  2.85880803 -0.26020259
  30   20  0.00000000  0.37500000  0.00000000  2.85880803 -0.19785082
  30   21  0.00000000  0.37500000  0.00000000  2.85880803 -0.19785027
  30   22  0.00000000  0.37500000  0.00000000  2.85880803 -0.13219814
  30   23  0.00000000  0.37500000  0.00000000  2.85880803 -0.13219778
  30   24  0.00000000  0.37500000  0.00000000  2.85880803 -0.10349457
  30   25  0.00000000  0.37500000  0.00000000  2.85880803 -0.10349384
  30   26  0.00000000  0.37500000  0.00000000  2.85880803  0.22560413
  30   27  0.00000000  0.37500000  0.00000000  2.85880803  0.22561210
  30   28  0.00000000  0.37500000  0.00000000  2.85880803  0.24292062
  30   29  0.00000000  0.37500000  0.00000000  2.85880803  0.24292837
  30   30  0.00000000  0.37500000  0.00000000  2.85880803  0.32709063
  30   31  0.00000000  0.37500000  0.00000000  2.85880803  0.32709213
  30   32  0.00000000  0.37500000  0.00000000  2.85880803  0.36389417
  30   33  0.00000000  0.37500000  0.00000000  2.85880803  0.36389581
  30   34  0.00000000  0.37500000  0.00000000  2.85880803  0.58061907
  30   35  0.00000000  0.37500000  0.00000000  2.85880803  0.58061911
  30   36  0.00000000  0.37500000  0.00000000  2.85880803  0.64142338
  30   37  0.00000000  0.37500000  0.00000000  2.85880803  0.64142339
  30   38  0.00000000  0.37500000  0.00000000  2.85880803  0.65020931
  30   39  0.00000000  0.37500000  0.00000000  2.85880803  0.65021029
  30   40  0.00000000  0.37500000  0.00000000  2.85880803  0.74199790
  30   41  0.00000000  0.37500000  0.00000000  2.85880803  0.74199803
  30   42  0.00000000  0.37500000  0.00000000  2.85880803  0.74938339
  30   43  0.00000000  0.37500000  0.00000000  2.85880803  0.74938343
  31    0  0.00000000  0.38750000  0.00000000  2.95410163 -5.36339212
  31    1  0.00000000  0.38750000  0.00000000  2.95410163 -5.36339212
  31    2  0.00000000  0.38750000  0.00000000  2.95410163 -3.19467762
  31    3  0.00000000  0.38750000  0.00000000  2.95410163 -3.19467723
  31    4  0.00000000  0.38750000  0.00000000  2.95410163 -2.99617212
  31    5  0.00000000  0.38750000  0.00000000  2.95410163 -2.99617192
  31    6  0.00000000  0.38750000  0.00000000  2.95410163 -2.97950621
  31    7  0.00000000  0.38750000  0.00000000  2.95410163 -2.97950602
  31    8  0.00000000  0.38750000  0.00000000  2.95410163 -1.08371110
  31    9  0.00000000  0.38750000  0.00000000  2.95410163 -1.08371107
  31   10  0.00000000  0.38750000  0.00000000  2.95410163 -1.05035446
  31   11  0.00000000  0.38750000  0.00000000  2.95410163 -1.05035445
  31   12  0.00000000  0.38750000  0.00000000  2.95410163 -0.47501701
  31   13  0.00000000  0.38750000  0.00000000  2.95410163 -0.47501669
  31   14  0.00000000  0.38750000  0.00000000  2.95410163 -0.40545251
  31   15  0.00000000  0.38750000  0.00000000  2.95410163 -0.40545241
  31   16  0.00000000  0.38750000  0.00000000  2.95410163 -0.34327691
  31   17  0.00000000  0.38750000  0.00000000  2.95410163 -0.34327681
  31   18  0.00000000  0.38750000  0.00000000  2.95410163 -0.26285957
  31   19  0.00000000  0.38750000  0.00000000  2.95410163 -0.26285939
  31   20  0.00000000  0.38750000  0.00000000  2.95410163 -0.19947680
  31   21  0.00000000  0.38750000  0.00000000  2.95410163 -0.19947633
  31   22  0.00000000  0.38750000  0.00000000  2.95410163 -0.13076929
  31   23  0.00000000  0.38750000  0.00000000  2.95410163 -0.13076920
  31   24  0.00000000  0.38750000  0.00000000  2.95410163 -0.10193572
  31   25  0.00000000  0.38750000  0.00000000  2.95410163 -0.10193518
  31   26  0.00000000  0.38750000  0.00000000  2.95410163  0.22824806
  31   27  0.00000000  0.38750000  0.00000000  2.95410163  0.22825533
  31   28  0.00000000  0.38750000  0.00000000  2.95410163  0.24732267
  31   29  0.00000000  0.38750000  0.00000000  2.95410163  0.24732968
  31   30  0.00000000  0.38750000  0.00000000  2.95410163  0.32979135
  31   31  0.00000000  0.38750000  0.00000000  2.95410163  0.32979267
  31   32  0.00000000  0.38750000  0.00000000  2.95410163  0.36569823
  31   33  0.00000000  0.38750000  0.00000000  2.95410163  0.36569973
  31   34  0.00000000  0.38750000  0.00000000  2.95410163  0.56798060
  31   35  0.00000000  0.38750000  0.00000000  2.95410163  0.56798069
  31   36  0.00000000  0.38750000  0.00000000  2.95410163  0.63753740
  31   37  0.00000000  0.38750000  0.00000000  2.95410163  0.63753744
  31   38  0.00000000  0.38750000  0.00000000  2.95410163  0.65055817
  31   39  0.00000000  0.38750000  0.00000000  2.95410163  0.65055918
  31   40  0.00000000  0.38750000  0.00000000  2.95410163  0.74032379
  31   41  0.00000000  0.38750000  0.00000000  2.95410163  0.74032392
  31   42  0.00000000  0.38750000  0.00000000  2.95410163  0.74829688
  31   43  0.00000000  0.38750000  0.00000000  2.95410163  0.74829694
  32    0  0.00000000  0.40000000  0.00000000  3.04939523 -5.36328270
  32    1  0.00000000  0.40000000  0.00000000  3.04939523 -5.36328270
  32    2  0.00000000  0.40000000  0.00000000  3.04939523 -3.19500613
  32    3  0.00000000  0.40000000  0.00000000  3.04939523 -3.19500578
  32    4  0.00000000  0.40000000  0.00000000  3.04939523 -2.99680590
  32    5  0.00000000  0.40000000  0.00000000  3.04939523 -2.99680572
  32    6  0.00000000  0.40000000  0.00000000  3.04939523 -2.97952424
  32    7  0.00000000  0.40000000  0.00000000  3.04939523 -2.97952406
  32    8  0.00000000  0.40000000  0.00000000  3.04939523 -1.07747400
  32    9  0.00000000  0.40000000  0.00000000  3.04939523 -1.07747397
  32   10  0.00000000  0.40000000  0.00000000  3.04939523 -1.04755495
  32   11  0.00000000  0.40000000  0.00000000  3.04939523 -1.04755494
  32   12  0.00000000  0.40000000  0.00000000  3.04939523 -0.47909373
  32   13  0.00000000  0.40000000  0.00000000  3.04939523 -0.47909343
  32   14  0.00000000  0.40000000  0.00000000  3.04939523 -0.40965732
  32   15  0.00000000  0.40000000  0.00000000  3.04939523 -0.40965723
  32   16  0.00000000  0.40000000  0.00000000  3.04939523 -0.34453152
  32   17  0.00000000  0.40000000  0.00000000  3.04939523 -0.34453149
  32   18  0.00000000  0.40000000  0.00000000  3.04939523 -0.26523192
  32   19  0.00000000  0.40000000  0.00000000  3.04939523 -0.26523175
  32   20  0.00000000  0.40000000  0.00000000  3.04939523 -0.20098698
  32   21  0.00000000  0.40000000  0.00000000  3.04939523 -0.20098657
  32   22  0.00000000  0.40000000  0.00000000  3.04939523 -0.12969203
  32   23  0.00000000  0.40000000  0.00000000  3.04939523 -0.12969189
  32   24  0.00000000  0.40000000  0.00000000  3.04939523 -0.10019256
  32   25  0.00000000  0.40000000  0.00000000  3.04939523 -0.10019218
  32   26  0.00000000  0.40000000  0.00000000  3.04939523  0.23102743
  32   27  0.00000000  0.40000000  0.00000000  3.04939523  0.23103389
  32   28  0.00000000  0.40000000  0.00000000  3.04939523  0.25171553
  32   29  0.00000000  0.40000000  0.00000000  3.04939523  0.25172171
  32   30  0.00000000  0.40000000  0.00000000  3.04939523  0.33200578
  32   31  0.00000000  0.40000000  0.00000000  3.04939523  0.33200692
  32   32  0.00000000  0.40000000  0.00000000  3.04939523  0.36730712
  32   33  0.00000000  0.40000000  0.00000000  3.04939523  0.36730846
  32   34  0.00000000  0.40000000  0.00000000  3.04939523  0.55568710
  32   35  0.00000000  0.40000000  0.00000000  3.04939523  0.55568725
  32   36  0.00000000  0.40000000  0.00000000  3.04939523  0.63406711
  32   37  0.00000000  0.40000000  0.00000000  3.04939523  0.63406716
  32   38  0.00000000  0.40000000  0.00000000  3.04939523  0.65123848
  32   39  0.00000000  0.40000000  0.00000000  3.04939523  0.65123946
  32   40  0.00000000  0.40000000  0.00000000  3.04939523  0.73923304
  32   41  0.00000000  0.40000000  0.00000000  3.04939523  0.73923318
  32   42  0.00000000  0.40000000  0.00000000  3.04939523  0.74816905
  32   43  0.00000000  0.40000000  0.00000000  3.04939523  0.74816912
  33    0  0.00000000  0.41250000  0.00000000  3.14468883 -5.36318387
  33    1  0.00000000  0.41250000  0.00000000  3.14468883 -5.36318387
  33    2  0.00000000  0.41250000  0.00000000  3.14468883 -3.19530436
  33    3  0.00000000  0.41250000  0.00000000  3.14468883 -3.19530405
  33    4  0.00000000  0.41250000  0.00000000  3.14468883 -2.99738142
  33    5  0.00000000  0.41250000  0.00000000  3.14468883 -2.99738126
  33    6  0.00000000  0.41250000  0.00000000  3.14468883 -2.97953474
  33    7  0.00000000  0.41250000  0.00000000  3.14468883 -2.97953458
  33    8  0.00000000  0.41250000  0.00000000  3.14468883 -1.07172127
  33    9  0.00000000  0.41250000  0.00000000  3.14468883 -1.07172124
  33   10  0.00000000  0.41250000  0.00000000  3.14468883 -1.04493797
  33   11  0.00000000  0.41250000  0.00000000  3.14468883 -1.04493797
  33   12  0.00000000  0.41250000  0.00000000  3.14468883 -0.48263716
  33   13  0.00000000  0.41250000  0.00000000  3.14468883 -0.48263688
  33   14  0.00000000  0.41250000  0.00000000  3.14468883 -0.41324988
  33   15  0.00000000  0.41250000  0.00000000  3.14468883 -0.41324979
  33   16  0.00000000  0.41250000  0.00000000  3.14468883 -0.34598006
  33   17  0.00000000  0.41250000  0.00000000  3.14468883 -0.34598004
  33   18  0.00000000  0.41250000  0.00000000  3.14468883 -0.26731957
  33   19  0.00000000  0.41250000  0.00000000  3.14468883 -0.26731942
  33   20  0.00000000  0.41250000  0.00000000  3.14468883 -0.20237769
  33   21  0.00000000  0.41250000  0.00000000  3.14468883 -0.20237734
  33   22  0.00000000  0.41250000  0.00000000  3.14468883 -0.12891900
  33   23  0.00000000  0.41250000  0.00000000  3.14468883 -0.12891870
  33   24  0.00000000  0.41250000  0.00000000  3.14468883 -0.09838900
  33   25  0.00000000  0.41250000  0.00000000  3.14468883 -0.09838875
  33   26  0.00000000  0.41250000  0.00000000  3.14468883  0.23383330
  33   27  0.00000000  0.41250000  0.00000000  3.14468883  0.23383892
  33   28  0.00000000  0.41250000  0.00000000  3.14468883  0.25601426
  33   29  0.00000000  0.41250000  0.00000000  3.14468883  0.25601957
  33   30  0.00000000  0.41250000  0.00000000  3.14468883  0.33376972
  33   31  0.00000000  0.41250000  0.00000000  3.14468883  0.33377069
  33   32  0.00000000  0.41250000  0.00000000  3.14468883  0.36872347
  33   33  0.00000000  0.41250000  0.00000000  3.14468883  0.36872465
  33   34  0.00000000  0.41250000  0.00000000  3.14468883  0.54402307
  33   35  0.00000000  0.41250000  0.00000000  3.14468883  0.54402327
  33   36  0.00000000  0.41250000  0.00000000  3.14468883  0.63105386
  33   37  0.00000000  0.41250000  0.00000000  3.14468883  0.63105392
  33   38  0.00000000  0.41250000  0.00000000  3.14468883  0.65209286
  33   39  0.00000000  0.41250000  0.00000000  3.14468883  0.65209378
  33   40  0.00000000  0.41250000  0.00000000  3.14468883  0.73868558
  33   41  0.00000000  0.41250000  0.00000000  3.14468883  0.73868571
  33   42  0.00000000  0.41250000  0.00000000  3.14468883  0.74907637
  33   43  0.00000000  0.41250000  0.00000000  3.14468883  0.74907646
  34    0  0.00000000  0.42500000  0.00000000  3.23998243 -5.36309651
  34    1  0.00000000  0.42500000  0.00000000  3.23998243 -5.36309651
  34    2  0.00000000  0.42500000  0.00000000  3.23998243 -3.19556935
  34    3  0.00000000  0.42500000  0.00000000  3.23998243 -3.19556908
  34    4  0.00000000  0.42500000  0.00000000  3.23998243 -2.99789262
  34    5  0.00000000  0.42500000  0.00000000  3.23998243 -2.99789249
  34    6  0.00000000  0.42500000  0.00000000  3.23998243 -2.97953984
  34    7  0.00000000  0.42500000  0.00000000  3.23998243 -2.97953970
  34    8  0.00000000  0.42500000  0.00000000  3.23998243 -1.06653345
  34    9  0.00000000  0.42500000  0.00000000  3.23998243 -1.06653343
  34   10  0.00000000  0.42500000  0.00000000  3.23998243 -1.04254950
  34   11  0.00000000  0.42500000  0.00000000  3.23998243 -1.04254949
  34   12  0.00000000  0.42500000  0.00000000  3.23998243 -0.48564976
  34   13  0.00000000  0.42500000  0.00000000  3.23998243 -0.48564951
  34   14  0.00000000  0.42500000  0.00000000  3.23998243 -0.41626163
  34   15  0.00000000  0.42500000  0.00000000  3.23998243 -0.41626154
  34   16  0.00000000  0.42500000  0.00000000  3.23998243 -0.34751598
  34   17  0.00000000  0.42500000  0.00000000  3.23998243 -0.34751593
  34   18  0.00000000  0.42500000  0.00000000  3.23998243 -0.26912331
  34   19  0.00000000  0.42500000  0.00000000  3.23998243 -0.26912318
  34   20  0.00000000  0.42500000  0.00000000  3.23998243 -0.20363837
  34   21  0.00000000  0.42500000  0.00000000  3.23998243 -0.20363809
  34   22  0.00000000  0.42500000  0.00000000  3.23998243 -0.12839794
  34   23  0.00000000  0.42500000  0.00000000  3.23998243 -0.12839754
  34   24  0.00000000  0.42500000  0.00000000  3.23998243 -0.09663249
  34   25  0.00000000  0.42500000  0.00000000  3.23998243 -0.09663235
  34   26  0.00000000  0.42500000  0.00000000  3.23998243  0.23655253
  34   27  0.00000000  0.42500000  0.00000000  3.23998243  0.23655729
  34   28  0.00000000  0.42500000  0.00000000  3.23998243  0.26011996
  34   29  0.00000000  0.42500000  0.00000000  3.23998243  0.26012441
  34   30  0.00000000  0.42500000  0.00000000  3.23998243  0.33513087
  34   31  0.00000000  0.42500000  0.00000000  3.23998243  0.33513167
  34   32  0.00000000  0.42500000  0.00000000  3.23998243  0.36994919
  34   33  0.00000000  0.42500000  0.00000000  3.23998243  0.36995021
  34   34  0.00000000  0.42500000  0.00000000  3.23998243  0.53324415
  34   35  0.00000000  0.42500000  0.00000000  3.23998243  0.53324440
  34   36  0.00000000  0.42500000  0.00000000  3.23998243  0.62850310
  34   37  0.00000000  0.42500000  0.00000000  3.23998243  0.62850316
  34   38  0.00000000  0.42500000  0.00000000  3.23998243  0.65301878
  34   39  0.00000000  0.42500000  0.00000000  3.23998243  0.65301961
  34   40  0.00000000  0.42500000  0.00000000  3.23998243  0.73862576
  34   41  0.00000000  0.42500000  0.00000000  3.23998243  0.73862589
  34   42  0.00000000  0.42500000  0.00000000  3.23998243  0.75112842
  34   43  0.00000000  0.42500000  0.00000000  3.23998243  0.75112851
  35    0  0.00000000  0.43750000  0.00000000  3.33527603 -5.36302136
  35    1  0.00000000  0.43750000  0.00000000  3.33527603 -5.36302136
  35    2  0.00000000  0.43750000  0.00000000  3.33527603 -3.19579844
  35    3  0.00000000  0.43750000  0.00000000  3.33527603 -3.19579821
  35    4  0.00000000  0.43750000  0.00000000  3.33527603 -2.99833423
  35    5  0.00000000  0.43750000  0.00000000  3.33527603 -2.99833412
  35    6  0.00000000  0.43750000  0.00000000  3.33527603 -2.97954131
  35    7  0.00000000  0.43750000  0.00000000  3.33527603 -2.97954119
  35    8  0.00000000  0.43750000  0.00000000  3.33527603 -1.06198831
  35    9  0.00000000  0.43750000  0.00000000  3.33527603 -1.06198829
  35   10  0.00000000  0.43750000  0.00000000  3.33527603 -1.04043500
  35   11  0.00000000  0.43750000  0.00000000  3.33527603 -1.04043499
  35   12  0.00000000  0.43750000  0.00000000  3.33527603 -0.48814444
  35   13  0.00000000  0.43750000  0.00000000  3.33527603 -0.48814423
  35   14  0.00000000  0.43750000  0.00000000  3.33527603 -0.41872772
  35   15  0.00000000  0.43750000  0.00000000  3.33527603 -0.41872765
  35   16  0.00000000  0.43750000  0.00000000  3.33527603 -0.34903285
  35   17  0.00000000  0.43750000  0.00000000  3.33527603 -0.34903277
  35   18  0.00000000  0.43750000  0.00000000  3.33527603 -0.27064467
  35   19  0.00000000  0.43750000  0.00000000  3.33527603 -0.27064456
  35   20  0.00000000  0.43750000  0.00000000  3.33527603 -0.20475326
  35   21  0.00000000  0.43750000  0.00000000  3.33527603 -0.20475303
  35   22  0.00000000  0.43750000  0.00000000  3.33527603 -0.12807448
  35   23  0.00000000  0.43750000  0.00000000  3.33527603 -0.12807404
  35   24  0.00000000  0.43750000  0.00000000  3.33527603 -0.09501255
  35   25  0.00000000  0.43750000  0.00000000  3.33527603 -0.09501248
  35   26  0.00000000  0.43750000  0.00000000  3.33527603  0.23907406
  35   27  0.00000000  0.43750000  0.00000000  3.33527603  0.23907797
  35   28  0.00000000  0.43750000  0.00000000  3.33527603  0.26391928
  35   29  0.00000000  0.43750000  0.00000000  3.33527603  0.26392289
  35   30  0.00000000  0.43750000  0.00000000  3.33527603  0.33614488
  35   31  0.00000000  0.43750000  0.00000000  3.33527603  0.33614553
  35   32  0.00000000  0.43750000  0.00000000  3.33527603  0.37098555
  35   33  0.00000000  0.43750000  0.00000000  3.33527603  0.37098641
  35   34  0.00000000  0.43750000  0.00000000  3.33527603  0.52359134
  35   35  0.00000000  0.43750000  0.00000000  3.33527603  0.52359161
  35   36  0.00000000  0.43750000  0.00000000  3.33527603  0.62640336
  35   37  0.00000000  0.43750000  0.00000000  3.33527603  0.62640342
  35   38  0.00000000  0.43750000  0.00000000  3.33527603  0.65393707
  35   39  0.00000000  0.43750000  0.00000000  3.33527603  0.65393779
  35   40  0.00000000  0.43750000  0.00000000  3.33527603  0.73897531
  35   41  0.00000000  0.43750000  0.00000000  3.33527603  0.73897542
  35   42  0.00000000  0.43750000  0.00000000  3.33527603  0.75448580
  35   43  0.00000000  0.43750000  0.00000000  3.33527603  0.75448591
  36    0  0.00000000  0.45000000  0.00000000  3.43056964 -5.36295906
  36    1  0.00000000  0.45000000  0.00000000  3.43056964 -5.36295906
  36    2  0.00000000  0.45000000  0.00000000  3.43056964 -3.19598927
  36    3  0.00000000  0.45000000  0.00000000  3.43056964 -3.19598909
  36    4  0.00000000  0.45000000  0.00000000  3.43056964 -2.99870174
  36    5  0.00000000  0.45000000  0.00000000  3.43056964 -2.99870165
  36    6  0.00000000  0.45000000  0.00000000  3.43056964 -2.97954060
  36    7  0.00000000  0.45000000  0.00000000  3.43056964 -2.97954051
  36    8  0.00000000  0.45000000  0.00000000  3.43056964 -1.05815810
  36    9  0.00000000  0.45000000  0.00000000  3.43056964 -1.05815808
  36   10  0.00000000  0.45000000  0.00000000  3.43056964 -1.03863746
  36   11  0.00000000  0.45000000  0.00000000  3.43056964 -1.03863746
  36   12  0.00000000  0.45000000  0.00000000  3.43056964 -0.49014080
  36   13  0.00000000  0.45000000  0.00000000  3.43056964 -0.49014062
  36   14  0.00000000  0.45000000  0.00000000  3.43056964 -0.42068411
  36   15  0.00000000  0.45000000  0.00000000  3.43056964 -0.42068405
  36   16  0.00000000  0.45000000  0.00000000  3.43056964 -0.35043031
  36   17  0.00000000  0.45000000  0.00000000  3.43056964 -0.35043023
  36   18  0.00000000  0.45000000  0.00000000  3.43056964 -0.27188556
  36   19  0.00000000  0.45000000  0.00000000  3.43056964 -0.27188547
  36   20  0.00000000  0.45000000  0.00000000  3.43056964 -0.20570338
  36   21  0.00000000  0.45000000  0.00000000  3.43056964 -0.20570320
  36   22  0.00000000  0.45000000  0.00000000  3.43056964 -0.12789546
  36   23  0.00000000  0.45000000  0.00000000  3.43056964 -0.12789504
  36   24  0.00000000  0.45000000  0.00000000  3.43056964 -0.09360069
  36   25  0.00000000  0.45000000  0.00000000  3.43056964 -0.09360067
  36   26  0.00000000  0.45000000  0.00000000  3.43056964  0.24129454
  36   27  0.00000000  0.45000000  0.00000000  3.43056964  0.24129764
  36   28  0.00000000  0.45000000  0.00000000  3.43056964  0.26728684
  36   29  0.00000000  0.45000000  0.00000000  3.43056964  0.26728965
  36   30  0.00000000  0.45000000  0.00000000  3.43056964  0.33687060
  36   31  0.00000000  0.45000000  0.00000000  3.43056964  0.33687111
  36   32  0.00000000  0.45000000  0.00000000  3.43056964  0.37183331
  36   33  0.00000000  0.45000000  0.00000000  3.43056964  0.37183400
  36   34  0.00000000  0.45000000  0.00000000  3.43056964  0.51529459
  36   35  0.00000000  0.45000000  0.00000000  3.43056964  0.51529485
  36   36  0.00000000  0.45000000  0.00000000  3.43056964  0.62473395
  36   37  0.00000000  0.45000000  0.00000000  3.43056964  0.62473400
  36   38  0.00000000  0.45000000  0.00000000  3.43056964  0.65478208
  36   39  0.00000000  0.45000000  0.00000000  3.43056964  0.65478268
  36   40  0.00000000  0.45000000  0.00000000  3.43056964  0.73962559
  36   41  0.00000000  0.45000000  0.00000000  3.43056964  0.73962569
  36   42  0.00000000  0.45000000  0.00000000  3.43056964  0.75939572
  36   43  0.00000000  0.45000000  0.00000000  3.43056964  0.75939583
  37    0  0.00000000  0.46250000  0.00000000  3.52586324 -5.36291009
  37    1  0.00000000  0.46250000  0.00000000  3.52586324 -5.36291009
  37    2  0.00000000  0.46250000  0.00000000  3.52586324 -3.19613983
  37    3  0.00000000  0.46250000  0.00000000  3.52586324 -3.19613970
  37    4  0.00000000  0.46250000  0.00000000  3.52586324 -2.99899144
  37    5  0.00000000  0.46250000  0.00000000  3.52586324 -2.99899137
  37    6  0.00000000  0.46250000  0.00000000  3.52586324 -2.97953888
  37    7  0.00000000  0.46250000  0.00000000  3.52586324 -2.97953881
  37    8  0.00000000  0.46250000  0.00000000  3.52586324 -1.05510672
  37    9  0.00000000  0.46250000  0.00000000  3.52586324 -1.05510670
  37   10  0.00000000  0.46250000  0.00000000  3.52586324 -1.03719538
  37   11  0.00000000  0.46250000  0.00000000  3.52586324 -1.03719538
  37   12  0.00000000  0.46250000  0.00000000  3.52586324 -0.49166144
  37   13  0.00000000  0.46250000  0.00000000  3.52586324 -0.49166131
  37   14  0.00000000  0.46250000  0.00000000  3.52586324 -0.42216478
  37   15  0.00000000  0.46250000  0.00000000  3.52586324 -0.42216473
  37   16  0.00000000  0.46250000  0.00000000  3.52586324 -0.35161897
  37   17  0.00000000  0.46250000  0.00000000  3.52586324 -0.35161889
  37   18  0.00000000  0.46250000  0.00000000  3.52586324 -0.27284803
  37   19  0.00000000  0.46250000  0.00000000  3.52586324 -0.27284796
  37   20  0.00000000  0.46250000  0.00000000  3.52586324 -0.20646882
  37   21  0.00000000  0.46250000  0.00000000  3.52586324 -0.20646868
  37   22  0.00000000  0.46250000  0.00000000  3.52586324 -0.12781232
  37   23  0.00000000  0.46250000  0.00000000  3.52586324 -0.12781195
  37   24  0.00000000  0.46250000  0.00000000  3.52586324 -0.09245159
  37   25  0.00000000  0.46250000  0.00000000  3.52586324 -0.09245158
  37   26  0.00000000  0.46250000  0.00000000  3.52586324  0.24312308
  37   27  0.00000000  0.46250000  0.00000000  3.52586324  0.24312537
  37   28  0.00000000  0.46250000  0.00000000  3.52586324  0.27009142
  37   29  0.00000000  0.46250000  0.00000000  3.52586324  0.27009346
  37   30  0.00000000  0.46250000  0.00000000  3.52586324  0.33736503
  37   31  0.00000000  0.46250000  0.00000000  3.52586324  0.33736540
  37   32  0.00000000  0.46250000  0.00000000  3.52586324  0.37249278
  37   33  0.00000000  0.46250000  0.00000000  3.52586324  0.37249330
  37   34  0.00000000  0.46250000  0.00000000  3.52586324  0.50856940
  37   35  0.00000000  0.46250000  0.00000000  3.52586324  0.50856962
  37   36  0.00000000  0.46250000  0.00000000  3.52586324  0.62347028
  37   37  0.00000000  0.46250000  0.00000000  3.52586324  0.62347032
  37   38  0.00000000  0.46250000  0.00000000  3.52586324  0.65549892
  37   39  0.00000000  0.46250000  0.00000000  3.52586324  0.65549938
  37   40  0.00000000  0.46250000  0.00000000  3.52586324  0.74043201
  37   41  0.00000000  0.46250000  0.00000000  3.52586324  0.74043209
  37   42  0.00000000  0.46250000  0.00000000  3.52586324  0.76626281
  37   43  0.00000000  0.46250000  0.00000000  3.52586324  0.76626293
  38    0  0.00000000  0.47500000  0.00000000  3.62115684 -5.36287485
  38    1  0.00000000  0.47500000  0.00000000  3.62115684 -5.36287485
  38    2  0.00000000  0.47500000  0.00000000  3.62115684 -3.19624854
  38    3  0.00000000  0.47500000  0.00000000  3.62115684 -3.19624845
  38    4  0.00000000  0.47500000  0.00000000  3.62115684 -2.99920044
  38    5  0.00000000  0.47500000  0.00000000  3.62115684 -2.99920040
  38    6  0.00000000  0.47500000  0.00000000  3.62115684 -2.97953702
  38    7  0.00000000  0.47500000  0.00000000  3.62115684 -2.97953698
  38    8  0.00000000  0.47500000  0.00000000  3.62115684 -1.05288712
  38    9  0.00000000  0.47500000  0.00000000  3.62115684 -1.05288711
  38   10  0.00000000  0.47500000  0.00000000  3.62115684 -1.03614089
  38   11  0.00000000  0.47500000  0.00000000  3.62115684 -1.03614089
  38   12  0.00000000  0.47500000  0.00000000  3.62115684 -0.49272853
  38   13  0.00000000  0.47500000  0.00000000  3.62115684 -0.49272845
  38   14  0.00000000  0.47500000  0.00000000  3.62115684 -0.42319923
  38   15  0.00000000  0.47500000  0.00000000  3.62115684 -0.42319920
  38   16  0.00000000  0.47500000  0.00000000  3.62115684 -0.35252447
  38   17  0.00000000  0.47500000  0.00000000  3.62115684 -0.35252442
  38   18  0.00000000  0.47500000  0.00000000  3.62115684 -0.27353395
  38   19  0.00000000  0.47500000  0.00000000  3.62115684 -0.27353391
  38   20  0.00000000  0.47500000  0.00000000  3.62115684 -0.20703100
  38   21  0.00000000  0.47500000  0.00000000  3.62115684 -0.20703091
  38   22  0.00000000  0.47500000  0.00000000  3.62115684 -0.12778413
  38   23  0.00000000  0.47500000  0.00000000  3.62115684 -0.12778387
  38   24  0.00000000  0.47500000  0.00000000  3.62115684 -0.09160480
  38   25  0.00000000  0.47500000  0.00000000  3.62115684 -0.09160478
  38   26  0.00000000  0.47500000  0.00000000  3.62115684  0.24448504
  38   27  0.00000000  0.47500000  0.00000000  3.62115684  0.24448655
  38   28  0.00000000  0.47500000  0.00000000  3.62115684  0.27220647
  38   29  0.00000000  0.47500000  0.00000000  3.62115684  0.27220781
  38   30  0.00000000  0.47500000  0.00000000  3.62115684  0.33767835
  38   31  0.00000000  0.47500000  0.00000000  3.62115684  0.33767860
  38   32  0.00000000  0.47500000  0.00000000  3.62115684  0.37296401
  38   33  0.00000000  0.47500000  0.00000000  3.62115684  0.37296436
  38   34  0.00000000  0.47500000  0.00000000  3.62115684  0.50360745
  38   35  0.00000000  0.47500000  0.00000000  3.62115684  0.50360762
  38   36  0.00000000  0.47500000  0.00000000  3.62115684  0.62258823
  38   37  0.00000000  0.47500000  0.00000000  3.62115684  0.62258826
  38   38  0.00000000  0.47500000  0.00000000  3.62115684  0.65604354
  38   39  0.00000000  0.47500000  0.00000000  3.62115684  0.65604385
  38   40  0.00000000  0.47500000  0.00000000  3.62115684  0.74121681
  38   41  0.00000000  0.47500000  0.00000000  3.62115684  0.74121686
  38   42  0.00000000  0.47500000  0.00000000  3.62115684  0.77575904
  38   43  0.00000000  0.47500000  0.00000000  3.62115684  0.77575917
  39    0  0.00000000  0.48750000  0.00000000  3.71645044 -5.36285360
  39    1  0.00000000  0.48750000  0.00000000  3.71645044 -5.36285360
  39    2  0.00000000  0.48750000  0.00000000  3.71645044 -3.19631423
  39    3  0.00000000  0.48750000  0.00000000  3.71645044 -3.19631419
  39    4  0.00000000  0.48750000  0.00000000  3.71645044 -2.99932667
  39    5  0.00000000  0.48750000  0.00000000  3.71645044 -2.99932665
  39    6  0.00000000  0.48750000  0.00000000  3.71645044 -2.97953566
  39    7  0.00000000  0.48750000  0.00000000  3.71645044 -2.97953564
  39    8  0.00000000  0.48750000  0.00000000  3.71645044 -1.05153895
  39    9  0.00000000  0.48750000  0.00000000  3.71645044 -1.05153895
  39   10  0.00000000  0.48750000  0.00000000  3.71645044 -1.03549817
  39   11  0.00000000  0.48750000  0.00000000  3.71645044 -1.03549817
  39   12  0.00000000  0.48750000  0.00000000  3.71645044 -0.49336058
  39   13  0.00000000  0.48750000  0.00000000  3.71645044 -0.49336053
  39   14  0.00000000  0.48750000  0.00000000  3.71645044 -0.42381027
  39   15  0.00000000  0.48750000  0.00000000  3.71645044 -0.42381025
  39   16  0.00000000  0.48750000  0.00000000  3.71645044 -0.35309094
  39   17  0.00000000  0.48750000  0.00000000  3.71645044 -0.35309091
  39   18  0.00000000  0.48750000  0.00000000  3.71645044 -0.27394485
  39   19  0.00000000  0.48750000  0.00000000  3.71645044 -0.27394483
  39   20  0.00000000  0.48750000  0.00000000  3.71645044 -0.20737487
  39   21  0.00000000  0.48750000  0.00000000  3.71645044 -0.20737483
  39   22  0.00000000  0.48750000  0.00000000  3.71645044 -0.12778000
  39   23  0.00000000  0.48750000  0.00000000  3.71645044 -0.12777987
  39   24  0.00000000  0.48750000  0.00000000  3.71645044 -0.09108671
  39   25  0.00000000  0.48750000  0.00000000  3.71645044 -0.09108670
  39   26  0.00000000  0.48750000  0.00000000  3.71645044  0.24532508
  39   27  0.00000000  0.48750000  0.00000000  3.71645044  0.24532583
  39   28  0.00000000  0.48750000  0.00000000  3.71645044  0.27352453
  39   29  0.00000000  0.48750000  0.00000000  3.71645044  0.27352519
  39   30  0.00000000  0.48750000  0.00000000  3.71645044  0.33784975
  39   31  0.00000000  0.48750000  0.00000000  3.71645044  0.33784987
  39   32  0.00000000  0.48750000  0.00000000  3.71645044  0.37324689
  39   33  0.00000000  0.48750000  0.00000000  3.71645044  0.37324706
  39   34  0.00000000  0.48750000  0.00000000  3.71645044  0.50056277
  39   35  0.00000000  0.48750000  0.00000000  3.71645044  0.50056286
  39   36  0.00000000  0.48750000  0.00000000  3.71645044  0.62206781
  39   37  0.00000000  0.48750000  0.00000000  3.71645044  0.62206782
  39   38  0.00000000  0.48750000  0.00000000  3.71645044  0.65638355
  39   39  0.00000000  0.48750000  0.00000000  3.71645044  0.65638371
  39   40  0.00000000  0.48750000  0.00000000  3.71645044  0.74179113
  39   41  0.00000000  0.48750000  0.00000000  3.71645044  0.74179116
  39   42  0.00000000  0.48750000  0.00000000  3.71645044  0.78812662
  39   43  0.00000000  0.48750000  0.00000000  3.71645044  0.78812671
  40    0  0.00000000  0.50000000  0.00000000  3.81174404 -5.36284650
  40    1  0.00000000  0.50000000  0.00000000  3.81174404 -5.36284650
  40    2  0.00000000  0.50000000  0.00000000  3.81174404 -3.19633619
  40    3  0.00000000  0.50000000  0.00000000  3.81174404 -3.19633619
  40    4  0.00000000  0.50000000  0.00000000  3.81174404 -2.99936888
  40    5  0.00000000  0.50000000  0.00000000  3.81174404 -2.99936888
  40    6  0.00000000  0.50000000  0.00000000  3.81174404 -2.97953516
  40    7  0.00000000  0.50000000  0.00000000  3.81174404 -2.97953516
  40    8  0.00000000  0.50000000  0.00000000  3.81174404 -1.05108679
  40    9  0.00000000  0.50000000  0.00000000  3.81174404 -1.05108679
  40   10  0.00000000  0.50000000  0.00000000  3.81174404 -1.03528223
  40   11  0.00000000  0.50000000  0.00000000  3.81174404 -1.03528223
  40   12  0.00000000  0.50000000  0.00000000  3.81174404 -0.49356981
  40   13  0.00000000  0.50000000  0.00000000  3.81174404 -0.49356981
  40   14  0.00000000  0.50000000  0.00000000  3.81174404 -0.42401230
  40   15  0.00000000  0.50000000  0.00000000  3.81174404 -0.42401230
  40   16  0.00000000  0.50000000  0.00000000  3.81174404 -0.35328367
  40   17  0.00000000  0.50000000  0.00000000  3.81174404 -0.35328367
  40   18  0.00000000  0.50000000  0.00000000  3.81174404 -0.27408169
  40   19  0.00000000  0.50000000  0.00000000  3.81174404 -0.27408169
  40   20  0.00000000  0.50000000  0.00000000  3.81174404 -0.20749061
  40   21  0.00000000  0.50000000  0.00000000  3.81174404 -0.20749061
  40   22  0.00000000  0.50000000  0.00000000  3.81174404 -0.12778075
  40   23  0.00000000  0.50000000  0.00000000  3.81174404 -0.12778075
  40   24  0.00000000  0.50000000  0.00000000  3.81174404 -0.09091238
  40   25  0.00000000  0.50000000  0.00000000  3.81174404 -0.09091238
  40   26  0.00000000  0.50000000  0.00000000  3.81174404  0.24560917
  40   27  0.00000000  0.50000000  0.00000000  3.81174404  0.24560917
  40   28  0.00000000  0.50000000  0.00000000  3.81174404  0.27397273
  40   29  0.00000000  0.50000000  0.00000000  3.81174404  0.27397273
  40   30  0.00000000  0.50000000  0.00000000  3.81174404  0.33790408
  40   31  0.00000000  0.50000000  0.00000000  3.81174404  0.33790408
  40   32  0.00000000  0.50000000  0.00000000  3.81174404  0.37334125
  40   33  0.00000000  0.50000000  0.00000000  3.81174404  0.37334125
  40   34  0.00000000  0.50000000  0.00000000  3.81174404  0.49953618
  40   35  0.00000000  0.50000000  0.00000000  3.81174404  0.49953618
  40   36  0.00000000  0.50000000  0.00000000  3.81174404  0.62189586
  40   37  0.00000000  0.50000000  0.00000000  3.81174404  0.62189586
  40   38  0.00000000  0.50000000  0.00000000  3.81174404  0.65649916
  40   39  0.00000000  0.50000000  0.00000000  3.81174404  0.65649916
  40   40  0.00000000  0.50000000  0.00000000  3.81174404  0.74200247
  40   41  0.00000000  0.50000000  0.00000000  3.81174404  0.74200247
  40   42  0.00000000  0.50000000  0.00000000  3.81174404  0.79511210
  40   43  0.00000000  0.50000000  0.00000000  3.81174404  0.79511210
  41    0  0.00833250  0.49583250  0.00000000  3.86675632 -5.36284682
  41    1  0.00833250  0.49583250  0.00000000  3.86675632 -5.36284589
  41    2  0.00833250  0.49583250  0.00000000  3.86675632 -3.19642803
  41    3  0.00833250  0.49583250  0.00000000  3.86675632 -3.19624140
  41    4  0.00833250  0.49583250  0.00000000  3.86675632 -2.99946179
  41    5  0.00833250  0.49583250  0.00000000  3.86675632 -2.99926241
  41    6  0.00833250  0.49583250  0.00000000  3.86675632 -2.97955685
  41    7  0.00833250  0.49583250  0.00000000  3.86675632 -2.97952930
  41    8  0.00833250  0.49583250  0.00000000  3.86675632 -1.05118217
  41    9  0.00833250  0.49583250  0.00000000  3.86675632 -1.05094617
  41   10  0.00833250  0.49583250  0.00000000  3.86675632 -1.03528126
  41   11  0.00833250  0.49583250  0.00000000  3.86675632 -1.03526395
  41   12  0.00833250  0.49583250  0.00000000  3.86675632 -0.49361332
  41   13  0.00833250  0.49583250  0.00000000  3.86675632 -0.49350018
  41   14  0.00833250  0.49583250  0.00000000  3.86675632 -0.42412542
  41   15  0.00833250  0.49583250  0.00000000  3.86675632 -0.42407927
  41   16  0.00833250  0.49583250  0.00000000  3.86675632 -0.35335490
  41   17  0.00833250  0.49583250  0.00000000  3.86675632 -0.35326373
  41   18  0.00833250  0.49583250  0.00000000  3.86675632 -0.27417822
  41   19  0.00833250  0.49583250  0.00000000  3.86675632 -0.27412917
  41   20  0.00833250  0.49583250  0.00000000  3.86675632 -0.20750921
  41   21  0.00833250  0.49583250  0.00000000  3.86675632 -0.20740251
  41   22  0.00833250  0.49583250  0.00000000  3.86675632 -0.12959606
  41   23  0.00833250  0.49583250  0.00000000  3.86675632 -0.12701708
  41   24  0.00833250  0.49583250  0.00000000  3.86675632 -0.09187671
  41   25  0.00833250  0.49583250  0.00000000  3.86675632 -0.08903336
  41   26  0.00833250  0.49583250  0.00000000  3.86675632  0.24523819
  41   27  0.00833250  0.49583250  0.00000000  3.86675632  0.24576892
  41   28  0.00833250  0.49583250  0.00000000  3.86675632  0.27353399
  41   29  0.00833250  0.49583250  0.00000000  3.86675632  0.27453884
  41   30  0.00833250  0.49583250  0.00000000  3.86675632  0.33788501
  41   31  0.00833250  0.49583250  0.00000000  3.86675632  0.33827029
  41   32  0.00833250  0.49583250  0.00000000  3.86675632  0.37300022
  41   33  0.00833250  0.49583250  0.00000000  3.86675632  0.37329074
  41   34  0.00833250  0.49583250  0.00000000  3.86675632  0.49964245
  41   35  0.00833250  0.49583250  0.00000000  3.86675632  0.49975289
  41   36  0.00833250  0.49583250  0.00000000  3.86675632  0.62207077
  41   37  0.00833250  0.49583250  0.00000000  3.86675632  0.62212105
  41   38  0.00833250  0.49583250  0.00000000  3.86675632  0.65654693
  41   39  0.00833250  0.49583250  0.00000000  3.86675632  0.65658412
  41   40  0.00833250  0.49583250  0.00000000  3.86675632  0.74191504
  41   41  0.00833250  0.49583250  0.00000000  3.86675632  0.74193371
  41   42  0.00833250  0.49583250  0.00000000  3.86675632  0.78925853
  41   43  0.00833250  0.49583250  0.00000000  3.86675632  0.79015598
  42    0  0.01666500  0.49166500  0.00000000  3.92176860 -5.36284684
  42    1  0.01666500  0.49166500  0.00000000  3.92176860 -5.36284499
  42    2  0.01666500  0.49166500  0.00000000  3.92176860 -3.19651664
  42    3  0.01666500  0.49166500  0.00000000  3.92176860 -3.19614402
  42    4  0.01666500  0.49166500  0.00000000  3.92176860 -2.99954127
  42    5  0.01666500  0.49166500  0.00000000  3.92176860 -2.99914244
  42    6  0.01666500  0.49166500  0.00000000  3.92176860 -2.97959395
  42    7  0.01666500  0.49166500  0.00000000  3.92176860 -2.97953963
  42    8  0.01666500  0.49166500  0.00000000  3.92176860 -1.05123193
  42    9  0.01666500  0.49166500  0.00000000  3.92176860 -1.05076033
  42   10  0.01666500  0.49166500  0.00000000  3.92176860 -1.03526077
  42   11  0.01666500  0.49166500  0.00000000  3.92176860 -1.03522621
  42   12  0.01666500  0.49166500  0.00000000  3.92176860 -0.49362909
  42   13  0.01666500  0.49166500  0.00000000  3.92176860 -0.49340334
  42   14  0.01666500  0.49166500  0.00000000  3.92176860 -0.42441658
  42   15  0.01666500  0.49166500  0.00000000  3.92176860 -0.42432449
  42   16  0.01666500  0.49166500  0.00000000  3.92176860 -0.35347620
  42   17  0.01666500  0.49166500  0.00000000  3.92176860 -0.35329454
  42   18  0.01666500  0.49166500  0.00000000  3.92176860 -0.27441707
  42   19  0.01666500  0.49166500  0.00000000  3.92176860 -0.27431836
  42   20  0.01666500  0.49166500  0.00000000  3.92176860 -0.20745959
  42   21  0.01666500  0.49166500  0.00000000  3.92176860 -0.20724856
  42   22  0.01666500  0.49166500  0.00000000  3.92176860 -0.13221909
  42   23  0.01666500  0.49166500  0.00000000  3.92176860 -0.12746122
  42   24  0.01666500  0.49166500  0.00000000  3.92176860 -0.09177240
  42   25  0.01666500  0.49166500  0.00000000  3.92176860 -0.08648690
  42   26  0.01666500  0.49166500  0.00000000  3.92176860  0.24466874
  42   27  0.01666500  0.49166500  0.00000000  3.92176860  0.24570858
  42   28  0.01666500  0.49166500  0.00000000  3.92176860  0.27323408
  42   29  0.01666500  0.49166500  0.00000000  3.92176860  0.27522006
  42   30  0.01666500  0.49166500  0.00000000  3.92176860  0.33820898
  42   31  0.01666500  0.49166500  0.00000000  3.92176860  0.33898314
  42   32  0.01666500  0.49166500  0.00000000  3.92176860  0.37226907
  42   33  0.01666500  0.49166500  0.00000000  3.92176860  0.37285296
  42   34  0.01666500  0.49166500  0.00000000  3.92176860  0.50007045
  42   35  0.01666500  0.49166500  0.00000000  3.92176860  0.50029142
  42   36  0.01666500  0.49166500  0.00000000  3.92176860  0.62264508
  42   37  0.01666500  0.49166500  0.00000000  3.92176860  0.62274436
  42   38  0.01666500  0.49166500  0.00000000  3.92176860  0.65672928
  42   39  0.01666500  0.49166500  0.00000000  3.92176860  0.65680240
  42   40  0.01666500  0.49166500  0.00000000  3.92176860  0.74167585
  42   41  0.01666500  0.49166500  0.00000000  3.92176860  0.74171274
  42   42  0.01666500  0.49166500  0.00000000  3.92176860  0.77835108
  42   43  0.01666500  0.49166500  0.00000000  3.92176860  0.77943436
  43    0  0.02499750  0.48749750  0.00000000  3.97678088 -5.36284657
  43    1  0.02499750  0.48749750  0.00000000  3.97678088 -5.36284383
  43    2  0.02499750  0.48749750  0.00000000  3.97678088 -3.19660184
  43    3  0.02499750  0.48749750  0.00000000  3.97678088 -3.19604452
  43    4  0.02499750  0.48749750  0.00000000  3.97678088 -2.99960766
  43    5  0.02499750  0.48749750  0.00000000  3.97678088 -2.99900923
  43    6  0.02499750  0.48749750  0.00000000  3.97678088 -2.97964595
  43    7  0.02499750  0.48749750  0.00000000  3.97678088 -2.97956636
  43    8  0.02499750  0.48749750  0.00000000  3.97678088 -1.05123530
  43    9  0.02499750  0.48749750  0.00000000  3.97678088 -1.05052887
  43   10  0.02499750  0.48749750  0.00000000  3.97678088 -1.03522002
  43   11  0.02499750  0.48749750  0.00000000  3.97678088 -1.03516835
  43   12  0.02499750  0.48749750  0.00000000  3.97678088 -0.49361283
  43   13  0.02499750  0.48749750  0.00000000  3.97678088 -0.49327556
  43   14  0.02499750  0.48749750  0.00000000  3.97678088 -0.42487998
  43   15  0.02499750  0.48749750  0.00000000  3.97678088 -0.42474235
  43   16  0.02499750  0.48749750  0.00000000  3.97678088 -0.35364468
  43   17  0.02499750  0.48749750  0.00000000  3.97678088 -0.35337388
  43   18  0.02499750  0.48749750  0.00000000  3.97678088 -0.27479273
  43   19  0.02499750  0.48749750  0.00000000  3.97678088 -0.27464314
  43   20  0.02499750  0.48749750  0.00000000  3.97678088 -0.20734790
  43   21  0.02499750  0.48749750  0.00000000  3.97678088 -0.20703717
  43   22  0.02499750  0.48749750  0.00000000  3.97678088 -0.13542788
  43   23  0.02499750  0.48749750  0.00000000  3.97678088 -0.12907930
  43   24  0.02499750  0.48749750  0.00000000  3.97678088 -0.09064108
  43   25  0.02499750  0.48749750  0.00000000  3.97678088 -0.08350377
  43   26  0.02499750  0.48749750  0.00000000  3.97678088  0.24391590
  43   27  0.02499750  0.48749750  0.00000000  3.97678088  0.24542453
  43   28  0.02499750  0.48749750  0.00000000  3.97678088  0.27308215
  43   29  0.02499750  0.48749750  0.00000000  3.97678088  0.27600486
  43   30  0.02499750  0.48749750  0.00000000  3.97678088  0.33886676
  43   31  0.02499750  0.48749750  0.00000000  3.97678088  0.34003782
  43   32  0.02499750  0.48749750  0.00000000  3.97678088  0.37115461
  43   33  0.02499750  0.48749750  0.00000000  3.97678088  0.37203847
  43   34  0.02499750  0.48749750  0.00000000  3.97678088  0.50081651
  43   35  0.02499750  0.48749750  0.00000000  3.97678088  0.50114815
  43   36  0.02499750  0.48749750  0.00000000  3.97678088  0.62361544
  43   37  0.02499750  0.48749750  0.00000000  3.97678088  0.62376127
  43   38  0.02499750  0.48749750  0.00000000  3.97678088  0.65705049
  43   39  0.02499750  0.48749750  0.00000000  3.97678088  0.65715695
  43   40  0.02499750  0.48749750  0.00000000  3.97678088  0.74129708
  43   41  0.02499750  0.48749750  0.00000000  3.97678088  0.74135116
  43   42  0.02499750  0.48749750  0.00000000  3.97678088  0.76836824
  43   43  0.02499750  0.48749750  0.00000000  3.97678088  0.76949255
  44    0  0.03333000  0.48333000  0.00000000  4.03179316 -5.36284606
  44    1  0.03333000  0.48333000  0.00000000  4.03179316 -5.36284248
  44    2  0.03333000  0.48333000  0.00000000  4.03179316 -3.19668355
  44    3  0.03333000  0.48333000  0.00000000  4.03179316 -3.19594344
  44    4  0.03333000  0.48333000  0.00000000  4.03179316 -2.99966146
  44    5  0.03333000  0.48333000  0.00000000  4.03179316 -2.99886322
  44    6  0.03333000  0.48333000  0.00000000  4.03179316 -2.97971226
  44    7  0.03333000  0.48333000  0.00000000  4.03179316 -2.97960962
  44    8  0.03333000  0.48333000  0.00000000  4.03179316 -1.05119117
  44    9  0.03333000  0.48333000  0.00000000  4.03179316 -1.05025109
  44   10  0.03333000  0.48333000  0.00000000  4.03179316 -1.03515784
  44   11  0.03333000  0.48333000  0.00000000  4.03179316 -1.03508927
  44   12  0.03333000  0.48333000  0.00000000  4.03179316 -0.49355772
  44   13  0.03333000  0.48333000  0.00000000  4.03179316 -0.49311052
  44   14  0.03333000  0.48333000  0.00000000  4.03179316 -0.42550627
  44   15  0.03333000  0.48333000  0.00000000  4.03179316 -0.42532364
  44   16  0.03333000  0.48333000  0.00000000  4.03179316 -0.35385587
  44   17  0.03333000  0.48333000  0.00000000  4.03179316 -0.35349790
  44   18  0.03333000  0.48333000  0.00000000  4.03179316 -0.27529626
  44   19  0.03333000  0.48333000  0.00000000  4.03179316 -0.27509406
  44   20  0.03333000  0.48333000  0.00000000  4.03179316 -0.20718450
  44   21  0.03333000  0.48333000  0.00000000  4.03179316 -0.20678086
  44   22  0.03333000  0.48333000  0.00000000  4.03179316 -0.13906278
  44   23  0.03333000  0.48333000  0.00000000  4.03179316 -0.13167728
  44   24  0.03333000  0.48333000  0.00000000  4.03179316 -0.08868965
  44   25  0.03333000  0.48333000  0.00000000  4.03179316 -0.08025746
  44   26  0.03333000  0.48333000  0.00000000  4.03179316  0.24299576
  44   27  0.03333000  0.48333000  0.00000000  4.03179316  0.24491934
  44   28  0.03333000  0.48333000  0.00000000  4.03179316  0.27308400
  44   29  0.03333000  0.48333000  0.00000000  4.03179316  0.27688363
  44   30  0.03333000  0.48333000  0.00000000  4.03179316  0.33984290
  44   31  0.03333000  0.48333000  0.00000000  4.03179316  0.34142528
  44   32  0.03333000  0.48333000  0.00000000  4.03179316  0.36966877
  44   33  0.03333000  0.48333000  0.00000000  4.03179316  0.37086512
  44   34  0.03333000  0.48333000  0.00000000  4.03179316  0.50187445
  44   35  0.03333000  0.48333000  0.00000000  4.03179316  0.50231701
  44   36  0.03333000  0.48333000  0.00000000  4.03179316  0.62497597
  44   37  0.03333000  0.48333000  0.00000000  4.03179316  0.62516484
  44   38  0.03333000  0.48333000  0.00000000  4.03179316  0.65751698
  44   39  0.03333000  0.48333000  0.00000000  4.03179316  0.65765294
  44   40  0.03333000  0.48333000  0.00000000  4.03179316  0.74079676
  44   41  0.03333000  0.48333000  0.00000000  4.03179316  0.74086592
  44   42  0.03333000  0.48333000  0.00000000  4.03179316  0.75989180
  44   43  0.03333000  0.48333000  0.00000000  4.03179316  0.76107004
  45    0  0.04166250  0.47916250  0.00000000  4.08680544 -5.36284536
  45    1  0.04166250  0.47916250  0.00000000  4.08680544 -5.36284097
  45    2  0.04166250  0.47916250  0.00000000  4.08680544 -3.19676179
  45    3  0.04166250  0.47916250  0.00000000  4.08680544 -3.19584138
  45    4  0.04166250  0.47916250  0.00000000  4.08680544 -2.99970337
  45    5  0.04166250  0.47916250  0.00000000  4.08680544 -2.99870506
  45    6  0.04166250  0.47916250  0.00000000  4.08680544 -2.97979219
  45    7  0.04166250  0.47916250  0.00000000  4.08680544 -2.97966945
  45    8  0.04166250  0.47916250  0.00000000  4.08680544 -1.05109813
  45    9  0.04166250  0.47916250  0.00000000  4.08680544 -1.04992595
  45   10  0.04166250  0.47916250  0.00000000  4.08680544 -1.03507268
  45   11  0.04166250  0.47916250  0.00000000  4.08680544 -1.03498747
  45   12  0.04166250  0.47916250  0.00000000  4.08680544 -0.49345456
  45   13  0.04166250  0.47916250  0.00000000  4.08680544 -0.49289943
  45   14  0.04166250  0.47916250  0.00000000  4.08680544 -0.42628295
  45   15  0.04166250  0.47916250  0.00000000  4.08680544 -0.42605602
  45   16  0.04166250  0.47916250  0.00000000  4.08680544 -0.35410379
  45   17  0.04166250  0.47916250  0.00000000  4.08680544 -0.35366121
  45   18  0.04166250  0.47916250  0.00000000  4.08680544 -0.27591593
  45   19  0.04166250  0.47916250  0.00000000  4.08680544 -0.27565898
  45   20  0.04166250  0.47916250  0.00000000  4.08680544 -0.20698319
  45   21  0.04166250  0.47916250  0.00000000  4.08680544 -0.20649538
  45   22  0.04166250  0.47916250  0.00000000  4.08680544 -0.14302132
  45   23  0.04166250  0.47916250  0.00000000  4.08680544 -0.13502198
  45   24  0.04166250  0.47916250  0.00000000  4.08680544 -0.08616871
  45   25  0.04166250  0.47916250  0.00000000  4.08680544 -0.07686864
  45   26  0.04166250  0.47916250  0.00000000  4.08680544  0.24192461
  45   27  0.04166250  0.47916250  0.00000000  4.08680544  0.24420171
  45   28  0.04166250  0.47916250  0.00000000  4.08680544  0.27324193
  45   29  0.04166250  0.47916250  0.00000000  4.08680544  0.27784946
  45   30  0.04166250  0.47916250  0.00000000  4.08680544  0.34111352
  45   31  0.04166250  0.47916250  0.00000000  4.08680544  0.34313202
  45   32  0.04166250  0.47916250  0.00000000  4.08680544  0.36782866
  45   33  0.04166250  0.47916250  0.00000000  4.08680544  0.36936011
  45   34  0.04166250  0.47916250  0.00000000  4.08680544  0.50323559
  45   35  0.04166250  0.47916250  0.00000000  4.08680544  0.50378940
  45   36  0.04166250  0.47916250  0.00000000  4.08680544  0.62671838
  45   37  0.04166250  0.47916250  0.00000000  4.08680544  0.62694596
  45   38  0.04166250  0.47916250  0.00000000  4.08680544  0.65813709
  45   39  0.04166250  0.47916250  0.00000000  4.08680544  0.65829735
  45   40  0.04166250  0.47916250  0.00000000  4.08680544  0.74019542
  45   41  0.04166250  0.47916250  0.00000000  4.08680544  0.74027442
  45   42  0.04166250  0.47916250  0.00000000  4.08680544  0.75257993
  45   43  0.04166250  0.47916250  0.00000000  4.08680544  0.75381950
  46    0  0.04999500  0.47499500  0.00000000  4.14181772 -5.36284452
  46    1  0.04999500  0.47499500  0.00000000  4.14181772 -5.36283940
  46    2  0.04999500  0.47499500  0.00000000  4.14181772 -3.19683668
  46    3  0.04999500  0.47499500  0.00000000  4.14181772 -3.19573900
  46    4  0.04999500  0.47499500  0.00000000  4.14181772 -2.99973424
  46    5  0.04999500  0.47499500  0.00000000  4.14181772 -2.99853552
  46    6  0.04999500  0.47499500  0.00000000  4.14181772 -2.97988504
  46    7  0.04999500  0.47499500  0.00000000  4.14181772 -2.97974575
  46    8  0.04999500  0.47499500  0.00000000  4.14181772 -1.05095460
  46    9  0.04999500  0.47499500  0.00000000  4.14181772 -1.04955222
  46   10  0.04999500  0.47499500  0.00000000  4.14181772 -1.03496268
  46   11  0.04999500  0.47499500  0.00000000  4.14181772 -1.03486114
  46   12  0.04999500  0.47499500  0.00000000  4.14181772 -0.49329196
  46   13  0.04999500  0.47499500  0.00000000  4.14181772 -0.49263130
  46   14  0.04999500  0.47499500  0.00000000  4.14181772 -0.42719491
  46   15  0.04999500  0.47499500  0.00000000  4.14181772 -0.42692443
  46   16  0.04999500  0.47499500  0.00000000  4.14181772 -0.35438120
  46   17  0.04999500  0.47499500  0.00000000  4.14181772 -0.35385708
  46   18  0.04999500  0.47499500  0.00000000  4.14181772 -0.27663800
  46   19  0.04999500  0.47499500  0.00000000  4.14181772 -0.27632378
  46   20  0.04999500  0.47499500  0.00000000  4.14181772 -0.20676016
  46   21  0.04999500  0.47499500  0.00000000  4.14181772 -0.20619869
  46   22  0.04999500  0.47499500  0.00000000  4.14181772 -0.14724190
  46   23  0.04999500  0.47499500  0.00000000  4.14181772 -0.13892361
  46   24  0.04999500  0.47499500  0.00000000  4.14181772 -0.08328920
  46   25  0.04999500  0.47499500  0.00000000  4.14181772 -0.07342065
  46   26  0.04999500  0.47499500  0.00000000  4.14181772  0.24071837
  46   27  0.04999500  0.47499500  0.00000000  4.14181772  0.24328548
  46   28  0.04999500  0.47499500  0.00000000  4.14181772  0.27355539
  46   29  0.04999500  0.47499500  0.00000000  4.14181772  0.27889832
  46   30  0.04999500  0.47499500  0.00000000  4.14181772  0.34264162
  46   31  0.04999500  0.47499500  0.00000000  4.14181772  0.34513924
  46   32  0.04999500  0.47499500  0.00000000  4.14181772  0.36565714
  46   33  0.04999500  0.47499500  0.00000000  4.14181772  0.36756453
  46   34  0.04999500  0.47499500  0.00000000  4.14181772  0.50488865
  46   35  0.04999500  0.47499500  0.00000000  4.14181772  0.50555414
  46   36  0.04999500  0.47499500  0.00000000  4.14181772  0.62883232
  46   37  0.04999500  0.47499500  0.00000000  4.14181772  0.62909367
  46   38  0.04999500  0.47499500  0.00000000  4.14181772  0.65892054
  46   39  0.04999500  0.47499500  0.00000000  4.14181772  0.65909852
  46   40  0.04999500  0.47499500  0.00000000  4.14181772  0.73950774
  46   41  0.04999500  0.47499500  0.00000000  4.14181772  0.73957688
  46   42  0.04999500  0.47499500  0.00000000  4.14181772  0.74616636
  46   43  0.04999500  0.47499500  0.00000000  4.14181772  0.74745262
  47    0  0.05832750  0.47082750  0.00000000  4.19683000 -5.36284362
  47    1  0.05832750  0.47082750  0.00000000  4.19683000 -5.36283784
  47    2  0.05832750  0.47082750  0.00000000  4.19683000 -3.19690841
  47    3  0.05832750  0.47082750  0.00000000  4.19683000 -3.19563699
  47    4  0.05832750  0.47082750  0.00000000  4.19683000 -2.99975504
  47    5  0.05832750  0.47082750  0.00000000  4.19683000 -2.99835553
  47    6  0.05832750  0.47082750  0.00000000  4.19683000 -2.97999000
  47    7  0.05832750  0.47082750  0.00000000  4.19683000 -2.97983835
  47    8  0.05832750  0.47082750  0.00000000  4.19683000 -1.05075883
  47    9  0.05832750  0.47082750  0.00000000  4.19683000 -1.04912853
  47   10  0.05832750  0.47082750  0.00000000  4.19683000 -1.03482573
  47   11  0.05832750  0.47082750  0.00000000  4.19683000 -1.03470824
  47   12  0.05832750  0.47082750  0.00000000  4.19683000 -0.49305668
  47   13  0.05832750  0.47082750  0.00000000  4.19683000 -0.49229316
  47   14  0.05832750  0.47082750  0.00000000  4.19683000 -0.42822501
  47   15  0.05832750  0.47082750  0.00000000  4.19683000 -0.42791176
  47   16  0.05832750  0.47082750  0.00000000  4.19683000 -0.35467977
  47   17  0.05832750  0.47082750  0.00000000  4.19683000 -0.35407765
  47   18  0.05832750  0.47082750  0.00000000  4.19683000 -0.27744738
  47   19  0.05832750  0.47082750  0.00000000  4.19683000 -0.27707313
  47   20  0.05832750  0.47082750  0.00000000  4.19683000 -0.20653291
  47   21  0.05832750  0.47082750  0.00000000  4.19683000 -0.20590990
  47   22  0.05832750  0.47082750  0.00000000  4.19683000 -0.15168950
  47   23  0.05832750  0.47082750  0.00000000  4.19683000 -0.14325264
  47   24  0.05832750  0.47082750  0.00000000  4.19683000 -0.08020452
  47   25  0.05832750  0.47082750  0.00000000  4.19683000 -0.06997260
  47   26  0.05832750  0.47082750  0.00000000  4.19683000  0.23939239
  47   27  0.05832750  0.47082750  0.00000000  4.19683000  0.24218807
  47   28  0.05832750  0.47082750  0.00000000  4.19683000  0.27402211
  47   29  0.05832750  0.47082750  0.00000000  4.19683000  0.28002892
  47   30  0.05832750  0.47082750  0.00000000  4.19683000  0.34436576
  47   31  0.05832750  0.47082750  0.00000000  4.19683000  0.34741977
  47   32  0.05832750  0.47082750  0.00000000  4.19683000  0.36318577
  47   33  0.05832750  0.47082750  0.00000000  4.19683000  0.36554443
  47   34  0.05832750  0.47082750  0.00000000  4.19683000  0.50681974
  47   35  0.05832750  0.47082750  0.00000000  4.19683000  0.50759747
  47   36  0.05832750  0.47082750  0.00000000  4.19683000  0.63130559
  47   37  0.05832750  0.47082750  0.00000000  4.19683000  0.63159548
  47   38  0.05832750  0.47082750  0.00000000  4.19683000  0.65987790
  47   39  0.05832750  0.47082750  0.00000000  4.19683000  0.66006546
  47   40  0.05832750  0.47082750  0.00000000  4.19683000  0.73852626
  47   41  0.05832750  0.47082750  0.00000000  4.19683000  0.73868038
  47   42  0.05832750  0.47082750  0.00000000  4.19683000  0.74072616
  47   43  0.05832750  0.47082750  0.00000000  4.19683000  0.74184541
  48    0  0.06666000  0.46666000  0.00000000  4.25184228 -5.36284273
  48    1  0.06666000  0.46666000  0.00000000  4.25184228 -5.36283636
  48    2  0.06666000  0.46666000  0.00000000  4.25184228 -3.19697725
  48    3  0.06666000  0.46666000  0.00000000  4.25184228 -3.19553604
  48    4  0.06666000  0.46666000  0.00000000  4.25184228 -2.99976686
  48    5  0.06666000  0.46666000  0.00000000  4.25184228 -2.99816614
  48    6  0.06666000  0.46666000  0.00000000  4.25184228 -2.98010627
  48    7  0.06666000  0.46666000  0.00000000  4.25184228 -2.97994695
  48    8  0.06666000  0.46666000  0.00000000  4.25184228 -1.05050909
  48    9  0.06666000  0.46666000  0.00000000  4.25184228 -1.04865347
  48   10  0.06666000  0.46666000  0.00000000  4.25184228 -1.03465960
  48   11  0.06666000  0.46666000  0.00000000  4.25184228 -1.03452658
  48   12  0.06666000  0.46666000  0.00000000  4.25184228 -0.49273386
  48   13  0.06666000  0.46666000  0.00000000  4.25184228 -0.49187040
  48   14  0.06666000  0.46666000  0.00000000  4.25184228 -0.42935476
  48   15  0.06666000  0.46666000  0.00000000  4.25184228 -0.42899950
  48   16  0.06666000  0.46666000  0.00000000  4.25184228 -0.35499032
  48   17  0.06666000  0.46666000  0.00000000  4.25184228 -0.35431414
  48   18  0.06666000  0.46666000  0.00000000  4.25184228 -0.27832834
  48   19  0.06666000  0.46666000  0.00000000  4.25184228 -0.27789106
  48   20  0.06666000  0.46666000  0.00000000  4.25184228 -0.20631927
  48   21  0.06666000  0.46666000  0.00000000  4.25184228 -0.20564835
  48   22  0.06666000  0.46666000  0.00000000  4.25184228 -0.15634586
  48   23  0.06666000  0.46666000  0.00000000  4.25184228 -0.14792764
  48   24  0.06666000  0.46666000  0.00000000  4.25184228 -0.07702144
  48   25  0.06666000  0.46666000  0.00000000  4.25184228 -0.06656797
  48   26  0.06666000  0.46666000  0.00000000  4.25184228  0.23796131
  48   27  0.06666000  0.46666000  0.00000000  4.25184228  0.24092878
  48   28  0.06666000  0.46666000  0.00000000  4.25184228  0.27463938
  48   29  0.06666000  0.46666000  0.00000000  4.25184228  0.28124235
  48   30  0.06666000  0.46666000  0.00000000  4.25184228  0.34617057
  48   31  0.06666000  0.46666000  0.00000000  4.25184228  0.34992397
  48   32  0.06666000  0.46666000  0.00000000  4.25184228  0.36046865
  48   33  0.06666000  0.46666000  0.00000000  4.25184228  0.36342009
  48   34  0.06666000  0.46666000  0.00000000  4.25184228  0.50901234
  48   35  0.06666000  0.46666000  0.00000000  4.25184228  0.50990296
  48   36  0.06666000  0.46666000  0.00000000  4.25184228  0.63412454
  48   37  0.06666000  0.46666000  0.00000000  4.25184228  0.63443773
  48   38  0.06666000  0.46666000  0.00000000  4.25184228  0.66101980
  48   39  0.06666000  0.46666000  0.00000000  4.25184228  0.66120700
  48   40  0.06666000  0.46666000  0.00000000  4.25184228  0.73469013
  48   41  0.06666000  0.46666000  0.00000000  4.25184228  0.73610932
  48   42  0.06666000  0.46666000  0.00000000  4.25184228  0.73848853
  48   43  0.06666000  0.46666000  0.00000000  4.25184228  0.73858271
  49    0  0.07499250  0.46249250  0.00000000  4.30685456 -5.36284193
  49    1  0.07499250  0.46249250  0.00000000  4.30685456 -5.36283504
  49    2  0.07499250  0.46249250  0.00000000  4.30685456 -3.19704355
  49    3  0.07499250  0.46249250  0.00000000  4.30685456 -3.19543688
  49    4  0.07499250  0.46249250  0.00000000  4.30685456 -2.99977087
  49    5  0.07499250  0.46249250  0.00000000  4.30685456 -2.99796850
  49    6  0.07499250  0.46249250  0.00000000  4.30685456 -2.98023298
  49    7  0.07499250  0.46249250  0.00000000  4.30685456 -2.98007117
  49    8  0.07499250  0.46249250  0.00000000  4.30685456 -1.05020373
  49    9  0.07499250  0.46249250  0.00000000  4.30685456 -1.04812574
  49   10  0.07499250  0.46249250  0.00000000  4.30685456 -1.03446201
  49   11  0.07499250  0.46249250  0.00000000  4.30685456 -1.03431390
  49   12  0.07499250  0.46249250  0.00000000  4.30685456 -0.49230749
  49   13  0.07499250  0.46249250  0.00000000  4.30685456 -0.49134710
  49   14  0.07499250  0.46249250  0.00000000  4.30685456 -0.43056502
  49   15  0.07499250  0.46249250  0.00000000  4.30685456 -0.43016848
  49   16  0.07499250  0.46249250  0.00000000  4.30685456 -0.35530307
  49   17  0.07499250  0.46249250  0.00000000  4.30685456 -0.35455711
  49   18  0.07499250  0.46249250  0.00000000  4.30685456 -0.27926501
  49   19  0.07499250  0.46249250  0.00000000  4.30685456 -0.27876150
  49   20  0.07499250  0.46249250  0.00000000  4.30685456 -0.20613658
  49   21  0.07499250  0.46249250  0.00000000  4.30685456 -0.20543291
  49   22  0.07499250  0.46249250  0.00000000  4.30685456 -0.16120284
  49   23  0.07499250  0.46249250  0.00000000  4.30685456 -0.15289938
  49   24  0.07499250  0.46249250  0.00000000  4.30685456 -0.07381466
  49   25  0.07499250  0.46249250  0.00000000  4.30685456 -0.06323971
  49   26  0.07499250  0.46249250  0.00000000  4.30685456  0.23643897
  49   27  0.07499250  0.46249250  0.00000000  4.30685456  0.23952724
  49   28  0.07499250  0.46249250  0.00000000  4.30685456  0.27540486
  49   29  0.07499250  0.46249250  0.00000000  4.30685456  0.28254150
  49   30  0.07499250  0.46249250  0.00000000  4.30685456  0.34780603
  49   31  0.07499250  0.46249250  0.00000000  4.30685456  0.35246625
  49   32  0.07499250  0.46249250  0.00000000  4.30685456  0.35769584
  49   33  0.07499250  0.46249250  0.00000000  4.30685456  0.36144655
  49   34  0.07499250  0.46249250  0.00000000  4.30685456  0.51144737
  49   35  0.07499250  0.46249250  0.00000000  4.30685456  0.51245166
  49   36  0.07499250  0.46249250  0.00000000  4.30685456  0.63727442
  49   37  0.07499250  0.46249250  0.00000000  4.30685456  0.63760594
  49   38  0.07499250  0.46249250  0.00000000  4.30685456  0.66235596
  49   39  0.07499250  0.46249250  0.00000000  4.30685456  0.66253060
  49   40  0.07499250  0.46249250  0.00000000  4.30685456  0.72995117
  49   41  0.07499250  0.46249250  0.00000000  4.30685456  0.73150645
  49   42  0.07499250  0.46249250  0.00000000  4.30685456  0.73759685
  49   43  0.07499250  0.46249250  0.00000000  4.30685456  0.73778448
  50    0  0.08332500  0.45832500  0.00000000  4.36186684 -5.36284129
  50    1  0.08332500  0.45832500  0.00000000  4.36186684 -5.36283397
  50    2  0.08332500  0.45832500  0.00000000  4.36186684 -3.19710769
  50    3  0.08332500  0.45832500  0.00000000  4.36186684 -3.19534019
  50    4  0.08332500  0.45832500  0.00000000  4.36186684 -2.99976831
  50    5  0.08332500  0.45832500  0.00000000  4.36186684 -2.99776381
  50    6  0.08332500  0.45832500  0.00000000  4.36186684 -2.98036924
  50    7  0.08332500  0.45832500  0.00000000  4.36186684 -2.98021051
  50    8  0.08332500  0.45832500  0.00000000  4.36186684 -1.04984133
  50    9  0.08332500  0.45832500  0.00000000  4.36186684 -1.04754421
  50   10  0.08332500  0.45832500  0.00000000  4.36186684 -1.03423075
  50   11  0.08332500  0.45832500  0.00000000  4.36186684 -1.03406805
  50   12  0.08332500  0.45832500  0.00000000  4.36186684 -0.49176072
  50   13  0.08332500  0.45832500  0.00000000  4.36186684 -0.49070647
  50   14  0.08332500  0.45832500  0.00000000  4.36186684 -0.43183673
  50   15  0.08332500  0.45832500  0.00000000  4.36186684 -0.43139952
  50   16  0.08332500  0.45832500  0.00000000  4.36186684 -0.35560791
  50   17  0.08332500  0.45832500  0.00000000  4.36186684 -0.35479676
  50   18  0.08332500  0.45832500  0.00000000  4.36186684 -0.28024169
  50   19  0.08332500  0.45832500  0.00000000  4.36186684 -0.27966859
  50   20  0.08332500  0.45832500  0.00000000  4.36186684 -0.20600102
  50   21  0.08332500  0.45832500  0.00000000  4.36186684 -0.20528154
  50   22  0.08332500  0.45832500  0.00000000  4.36186684 -0.16625783
  50   23  0.08332500  0.45832500  0.00000000  4.36186684 -0.15813866
  50   24  0.08332500  0.45832500  0.00000000  4.36186684 -0.07063754
  50   25  0.08332500  0.45832500  0.00000000  4.36186684 -0.06001312
  50   26  0.08332500  0.45832500  0.00000000  4.36186684  0.23483832
  50   27  0.08332500  0.45832500  0.00000000  4.36186684  0.23800225
  50   28  0.08332500  0.45832500  0.00000000  4.36186684  0.27631709
  50   29  0.08332500  0.45832500  0.00000000  4.36186684  0.28393042
  50   30  0.08332500  0.45832500  0.00000000  4.36186684  0.34871718
  50   31  0.08332500  0.45832500  0.00000000  4.36186684  0.35304465
  50   32  0.08332500  0.45832500  0.00000000  4.36186684  0.35687358
  50   33  0.08332500  0.45832500  0.00000000  4.36186684  0.36018378
  50   34  0.08332500  0.45832500  0.00000000  4.36186684  0.51410329
  50   35  0.08332500  0.45832500  0.00000000  4.36186684  0.51522213
  50   36  0.08332500  0.45832500  0.00000000  4.36186684  0.64073969
  50   37  0.08332500  0.45832500  0.00000000  4.36186684  0.64108517
  50   38  0.08332500  0.45832500  0.00000000  4.36186684  0.66389395
  50   39  0.08332500  0.45832500  0.00000000  4.36186684  0.66404082
  50   40  0.08332500  0.45832500  0.00000000  4.36186684  0.72548771
  50   41  0.08332500  0.45832500  0.00000000  4.36186684  0.72709532
  50   42  0.08332500  0.45832500  0.00000000  4.36186684  0.73689985
  50   43  0.08332500  0.45832500  0.00000000  4.36186684  0.73711102
  51    0  0.09165750  0.45415750  0.00000000  4.41687912 -5.36284086
  51    1  0.09165750  0.45415750  0.00000000  4.41687912 -5.36283320
  51    2  0.09165750  0.45415750  0.00000000  4.41687912 -3.19717007
  51    3  0.09165750  0.45415750  0.00000000  4.41687912 -3.19524662
  51    4  0.09165750  0.45415750  0.00000000  4.41687912 -2.99976041
  51    5  0.09165750  0.45415750  0.00000000  4.41687912 -2.99755330
  51    6  0.09165750  0.45415750  0.00000000  4.41687912 -2.98051417
  51    7  0.09165750  0.45415750  0.00000000  4.41687912 -2.98036442
  51    8  0.09165750  0.45415750  0.00000000  4.41687912 -1.04942079
  51    9  0.09165750  0.45415750  0.00000000  4.41687912 -1.04690808
  51   10  0.09165750  0.45415750  0.00000000  4.41687912 -1.03396381
  51   11  0.09165750  0.45415750  0.00000000  4.41687912 -1.03378703
  51   12  0.09165750  0.45415750  0.00000000  4.41687912 -0.49107634
  51   13  0.09165750  0.45415750  0.00000000  4.41687912 -0.48993126
  51   14  0.09165750  0.45415750  0.00000000  4.41687912 -0.43315154
  51   15  0.09165750  0.45415750  0.00000000  4.41687912 -0.43267421
  51   16  0.09165750  0.45415750  0.00000000  4.41687912 -0.35589466
  51   17  0.09165750  0.45415750  0.00000000  4.41687912 -0.35502318
  51   18  0.09165750  0.45415750  0.00000000  4.41687912 -0.28124307
  51   19  0.09165750  0.45415750  0.00000000  4.41687912 -0.28059683
  51   20  0.09165750  0.45415750  0.00000000  4.41687912 -0.20592724
  51   21  0.09165750  0.45415750  0.00000000  4.41687912 -0.20521138
  51   22  0.09165750  0.45415750  0.00000000  4.41687912 -0.17151021
  51   23  0.09165750  0.45415750  0.00000000  4.41687912 -0.16362798
  51   24  0.09165750  0.45415750  0.00000000  4.41687912 -0.06752887
  51   25  0.09165750  0.45415750  0.00000000  4.41687912 -0.05690740
  51   26  0.09165750  0.45415750  0.00000000  4.41687912  0.23317127
  51   27  0.09165750  0.45415750  0.00000000  4.41687912  0.23637104
  51   28  0.09165750  0.45415750  0.00000000  4.41687912  0.27737538
  51   29  0.09165750  0.45415750  0.00000000  4.41687912  0.28541364
  51   30  0.09165750  0.45415750  0.00000000  4.41687912  0.34814893
  51   31  0.09165750  0.45415750  0.00000000  4.41687912  0.35011381
  51   32  0.09165750  0.45415750  0.00000000  4.41687912  0.35955138
  51   33  0.09165750  0.45415750  0.00000000  4.41687912  0.36039167
  51   34  0.09165750  0.45415750  0.00000000  4.41687912  0.51695634
  51   35  0.09165750  0.45415750  0.00000000  4.41687912  0.51819071
  51   36  0.09165750  0.45415750  0.00000000  4.41687912  0.64450432
  51   37  0.09165750  0.45415750  0.00000000  4.41687912  0.64486036
  51   38  0.09165750  0.45415750  0.00000000  4.41687912  0.66563741
  51   39  0.09165750  0.45415750  0.00000000  4.41687912  0.66573703
  51   40  0.09165750  0.45415750  0.00000000  4.41687912  0.72132357
  51   41  0.09165750  0.45415750  0.00000000  4.41687912  0.72295974
  51   42  0.09165750  0.45415750  0.00000000  4.41687912  0.73628527
  51   43  0.09165750  0.45415750  0.00000000  4.41687912  0.73651642
  52    0  0.09999000  0.44999000  0.00000000  4.47189140 -5.36284072
  52    1  0.09999000  0.44999000  0.00000000  4.47189140 -5.36283279
  52    2  0.09999000  0.44999000  0.00000000  4.47189140 -3.19723114
  52    3  0.09999000  0.44999000  0.00000000  4.47189140 -3.19515678
  52    4  0.09999000  0.44999000  0.00000000  4.47189140 -2.99974843
  52    5  0.09999000  0.44999000  0.00000000  4.47189140 -2.99733822
  52    6  0.09999000  0.44999000  0.00000000  4.47189140 -2.98066684
  52    7  0.09999000  0.44999000  0.00000000  4.47189140 -2.98053222
  52    8  0.09999000  0.44999000  0.00000000  4.47189140 -1.04894145
  52    9  0.09999000  0.44999000  0.00000000  4.47189140 -1.04621700
  52   10  0.09999000  0.44999000  0.00000000  4.47189140 -1.03365946
  52   11  0.09999000  0.44999000  0.00000000  4.47189140 -1.03346914
  52   12  0.09999000  0.44999000  0.00000000  4.47189140 -0.49023724
  52   13  0.09999000  0.44999000  0.00000000  4.47189140 -0.48900423
  52   14  0.09999000  0.44999000  0.00000000  4.47189140 -0.43449246
  52   15  0.09999000  0.44999000  0.00000000  4.47189140 -0.43397545
  52   16  0.09999000  0.44999000  0.00000000  4.47189140 -0.35615331
  52   17  0.09999000  0.44999000  0.00000000  4.47189140 -0.35522664
  52   18  0.09999000  0.44999000  0.00000000  4.47189140 -0.28225427
  52   19  0.09999000  0.44999000  0.00000000  4.47189140 -0.28153121
  52   20  0.09999000  0.44999000  0.00000000  4.47189140 -0.20592832
  52   21  0.09999000  0.44999000  0.00000000  4.47189140 -0.20523966
  52   22  0.09999000  0.44999000  0.00000000  4.47189140 -0.17695801
  52   23  0.09999000  0.44999000  0.00000000  4.47189140 -0.16935596
  52   24  0.09999000  0.44999000  0.00000000  4.47189140 -0.06451681
  52   25  0.09999000  0.44999000  0.00000000  4.47189140 -0.05393642
  52   26  0.09999000  0.44999000  0.00000000  4.47189140  0.23144851
  52   27  0.09999000  0.44999000  0.00000000  4.47189140  0.23464881
  52   28  0.09999000  0.44999000  0.00000000  4.47189140  0.27857944
  52   29  0.09999000  0.44999000  0.00000000  4.47189140  0.28699545
  52   30  0.09999000  0.44999000  0.00000000  4.47189140  0.34609916
  52   31  0.09999000  0.44999000  0.00000000  4.47189140  0.34657776
  52   32  0.09999000  0.44999000  0.00000000  4.47189140  0.36207694
  52   33  0.09999000  0.44999000  0.00000000  4.47189140  0.36282920
  52   34  0.09999000  0.44999000  0.00000000  4.47189140  0.51998081
  52   35  0.09999000  0.44999000  0.00000000  4.47189140  0.52133175
  52   36  0.09999000  0.44999000  0.00000000  4.47189140  0.64855195
  52   37  0.09999000  0.44999000  0.00000000  4.47189140  0.64891661
  52   38  0.09999000  0.44999000  0.00000000  4.47189140  0.66758334
  52   39  0.09999000  0.44999000  0.00000000  4.47189140  0.66760993
  52   40  0.09999000  0.44999000  0.00000000  4.47189140  0.71744779
  52   41  0.09999000  0.44999000  0.00000000  4.47189140  0.71908389
  52   42  0.09999000  0.44999000  0.00000000  4.47189140  0.73575591
  52   43  0.09999000  0.44999000  0.00000000  4.47189140  0.73600724
  53    0  0.10832250  0.44582250  0.00000000  4.52690368 -5.36284088
  53    1  0.10832250  0.44582250  0.00000000  4.52690368 -5.36283276
  53    2  0.10832250  0.44582250  0.00000000  4.52690368 -3.19729133
  53    3  0.10832250  0.44582250  0.00000000  4.52690368 -3.19507120
  53    4  0.10832250  0.44582250  0.00000000  4.52690368 -2.99973357
  53    5  0.10832250  0.44582250  0.00000000  4.52690368 -2.99711980
  53    6  0.10832250  0.44582250  0.00000000  4.52690368 -2.98082634
  53    7  0.10832250  0.44582250  0.00000000  4.52690368 -2.98071321
  53    8  0.10832250  0.44582250  0.00000000  4.52690368 -1.04840322
  53    9  0.10832250  0.44582250  0.00000000  4.52690368 -1.04547113
  53   10  0.10832250  0.44582250  0.00000000  4.52690368 -1.03331638
  53   11  0.10832250  0.44582250  0.00000000  4.52690368 -1.03311307
  53   12  0.10832250  0.44582250  0.00000000  4.52690368 -0.48922680
  53   13  0.10832250  0.44582250  0.00000000  4.52690368 -0.48790860
  53   14  0.10832250  0.44582250  0.00000000  4.52690368 -0.43584439
  53   15  0.10832250  0.44582250  0.00000000  4.52690368 -0.43528807
  53   16  0.10832250  0.44582250  0.00000000  4.52690368 -0.35637431
  53   17  0.10832250  0.44582250  0.00000000  4.52690368 -0.35539788
  53   18  0.10832250  0.44582250  0.00000000  4.52690368 -0.28326084
  53   19  0.10832250  0.44582250  0.00000000  4.52690368 -0.28245714
  53   20  0.10832250  0.44582250  0.00000000  4.52690368 -0.20601617
  53   21  0.10832250  0.44582250  0.00000000  4.52690368 -0.20538660
  53   22  0.10832250  0.44582250  0.00000000  4.52690368 -0.18259318
  53   23  0.10832250  0.44582250  0.00000000  4.52690368 -0.17531320
  53   24  0.10832250  0.44582250  0.00000000  4.52690368 -0.06162118
  53   25  0.10832250  0.44582250  0.00000000  4.52690368 -0.05110906
  53   26  0.10832250  0.44582250  0.00000000  4.52690368  0.22967937
  53   27  0.10832250  0.44582250  0.00000000  4.52690368  0.23284857
  53   28  0.10832250  0.44582250  0.00000000  4.52690368  0.27992876
  53   29  0.10832250  0.44582250  0.00000000  4.52690368  0.28867920
  53   30  0.10832250  0.44582250  0.00000000  4.52690368  0.34284434
  53   31  0.10832250  0.44582250  0.00000000  4.52690368  0.34319363
  53   32  0.10832250  0.44582250  0.00000000  4.52690368  0.36461826
  53   33  0.10832250  0.44582250  0.00000000  4.52690368  0.36630310
  53   34  0.10832250  0.44582250  0.00000000  4.52690368  0.52314945
  53   35  0.10832250  0.44582250  0.00000000  4.52690368  0.52461808
  53   36  0.10832250  0.44582250  0.00000000  4.52690368  0.65286584
  53   37  0.10832250  0.44582250  0.00000000  4.52690368  0.65323950
  53   38  0.10832250  0.44582250  0.00000000  4.52690368  0.66963595
  53   39  0.10832250  0.44582250  0.00000000  4.52690368  0.66971770
  53   40  0.10832250  0.44582250  0.00000000  4.52690368  0.71386472
  53   41  0.10832250  0.44582250  0.00000000  4.52690368  0.71546007
  53   42  0.10832250  0.44582250  0.00000000  4.52690368  0.73532258
  53   43  0.10832250  0.44582250  0.00000000  4.52690368  0.73559480
  54    0  0.11665500  0.44165500  0.00000000  4.58191596 -5.36284138
  54    1  0.11665500  0.44165500  0.00000000  4.58191596 -5.36283313
  54    2  0.11665500  0.44165500  0.00000000  4.58191596 -3.19735106
  54    3  0.11665500  0.44165500  0.00000000  4.58191596 -3.19499037
  54    4  0.11665500  0.44165500  0.00000000  4.58191596 -2.99971698
  54    5  0.11665500  0.44165500  0.00000000  4.58191596 -2.99689921
  54    6  0.11665500  0.44165500  0.00000000  4.58191596 -2.98099176
  54    7  0.11665500  0.44165500  0.00000000  4.58191596 -2.98090656
  54    8  0.11665500  0.44165500  0.00000000  4.58191596 -1.04780662
  54    9  0.11665500  0.44165500  0.00000000  4.58191596 -1.04467128
  54   10  0.11665500  0.44165500  0.00000000  4.58191596 -1.03293374
  54   11  0.11665500  0.44165500  0.00000000  4.58191596 -1.03271801
  54   12  0.11665500  0.44165500  0.00000000  4.58191596 -0.48802942
  54   13  0.11665500  0.44165500  0.00000000  4.58191596 -0.48662851
  54   14  0.11665500  0.44165500  0.00000000  4.58191596 -0.43719458
  54   15  0.11665500  0.44165500  0.00000000  4.58191596 -0.43659927
  54   16  0.11665500  0.44165500  0.00000000  4.58191596 -0.35654880
  54   17  0.11665500  0.44165500  0.00000000  4.58191596 -0.35552836
  54   18  0.11665500  0.44165500  0.00000000  4.58191596 -0.28424866
  54   19  0.11665500  0.44165500  0.00000000  4.58191596 -0.28336044
  54   20  0.11665500  0.44165500  0.00000000  4.58191596 -0.20620300
  54   21  0.11665500  0.44165500  0.00000000  4.58191596 -0.20568441
  54   22  0.11665500  0.44165500  0.00000000  4.58191596 -0.18839133
  54   23  0.11665500  0.44165500  0.00000000  4.58191596 -0.18148833
  54   24  0.11665500  0.44165500  0.00000000  4.58191596 -0.05885477
  54   25  0.11665500  0.44165500  0.00000000  4.58191596 -0.04842936
  54   26  0.11665500  0.44165500  0.00000000  4.58191596  0.22787160
  54   27  0.11665500  0.44165500  0.00000000  4.58191596  0.23098100
  54   28  0.11665500  0.44165500  0.00000000  4.58191596  0.28142188
  54   29  0.11665500  0.44165500  0.00000000  4.58191596  0.29046665
  54   30  0.11665500  0.44165500  0.00000000  4.58191596  0.33899605
  54   31  0.11665500  0.44165500  0.00000000  4.58191596  0.33985919
  54   32  0.11665500  0.44165500  0.00000000  4.58191596  0.36759303
  54   33  0.11665500  0.44165500  0.00000000  4.58191596  0.36989456
  54   34  0.11665500  0.44165500  0.00000000  4.58191596  0.52643396
  54   35  0.11665500  0.44165500  0.00000000  4.58191596  0.52802145
  54   36  0.11665500  0.44165500  0.00000000  4.58191596  0.65742811
  54   37  0.11665500  0.44165500  0.00000000  4.58191596  0.65781517
  54   38  0.11665500  0.44165500  0.00000000  4.58191596  0.67176790
  54   39  0.11665500  0.44165500  0.00000000  4.58191596  0.67200760
  54   40  0.11665500  0.44165500  0.00000000  4.58191596  0.71060815
  54   41  0.11665500  0.44165500  0.00000000  4.58191596  0.71210320
  54   42  0.11665500  0.44165500  0.00000000  4.58191596  0.73499504
  54   43  0.11665500  0.44165500  0.00000000  4.58191596  0.73528897
  55    0  0.12498750  0.43748750  0.00000000  4.63692824 -5.36284222
  55    1  0.12498750  0.43748750  0.00000000  4.63692824 -5.36283389
  55    2  0.12498750  0.43748750  0.00000000  4.63692824 -3.19741072
  55    3  0.12498750  0.43748750  0.00000000  4.63692824 -3.19491465
  55    4  0.12498750  0.43748750  0.00000000  4.63692824 -2.99969974
  55    5  0.12498750  0.43748750  0.00000000  4.63692824 -2.99667754
  55    6  0.12498750  0.43748750  0.00000000  4.63692824 -2.98116219
  55    7  0.12498750  0.43748750  0.00000000  4.63692824 -2.98111142
  55    8  0.12498750  0.43748750  0.00000000  4.63692824 -1.04715292
  55    9  0.12498750  0.43748750  0.00000000  4.63692824 -1.04381897
  55   10  0.12498750  0.43748750  0.00000000  4.63692824 -1.03251128
  55   11  0.12498750  0.43748750  0.00000000  4.63692824 -1.03228371
  55   12  0.12498750  0.43748750  0.00000000  4.63692824 -0.48663093
  55   13  0.12498750  0.43748750  0.00000000  4.63692824 -0.48514952
  55   14  0.12498750  0.43748750  0.00000000  4.63692824 -0.43853289
  55   15  0.12498750  0.43748750  0.00000000  4.63692824 -0.43789895
  55   16  0.12498750  0.43748750  0.00000000  4.63692824 -0.35666884
  55   17  0.12498750  0.43748750  0.00000000  4.63692824 -0.35561057
  55   18  0.12498750  0.43748750  0.00000000  4.63692824 -0.28520387
  55   19  0.12498750  0.43748750  0.00000000  4.63692824 -0.28422722
  55   20  0.12498750  0.43748750  0.00000000  4.63692824 -0.20650592
  55   21  0.12498750  0.43748750  0.00000000  4.63692824 -0.20621131
  55   22  0.12498750  0.43748750  0.00000000  4.63692824 -0.19427681
  55   23  0.12498750  0.43748750  0.00000000  4.63692824 -0.18786185
  55   24  0.12498750  0.43748750  0.00000000  4.63692824 -0.05622421
  55   25  0.12498750  0.43748750  0.00000000  4.63692824 -0.04589662
  55   26  0.12498750  0.43748750  0.00000000  4.63692824  0.22603135
  55   27  0.12498750  0.43748750  0.00000000  4.63692824  0.22905462
  55   28  0.12498750  0.43748750  0.00000000  4.63692824  0.28305573
  55   29  0.12498750  0.43748750  0.00000000  4.63692824  0.29235723
  55   30  0.12498750  0.43748750  0.00000000  4.63692824  0.33508143
  55   31  0.12498750  0.43748750  0.00000000  4.63692824  0.33630039
  55   32  0.12498750  0.43748750  0.00000000  4.63692824  0.37080086
  55   33  0.12498750  0.43748750  0.00000000  4.63692824  0.37355929
  55   34  0.12498750  0.43748750  0.00000000  4.63692824  0.52980554
  55   35  0.12498750  0.43748750  0.00000000  4.63692824  0.53151309
  55   36  0.12498750  0.43748750  0.00000000  4.63692824  0.66221694
  55   37  0.12498750  0.43748750  0.00000000  4.63692824  0.66263037
  55   38  0.12498750  0.43748750  0.00000000  4.63692824  0.67392005
  55   39  0.12498750  0.43748750  0.00000000  4.63692824  0.67438679
  55   40  0.12498750  0.43748750  0.00000000  4.63692824  0.70775905
  55   41  0.12498750  0.43748750  0.00000000  4.63692824  0.70906570
  55   42  0.12498750  0.43748750  0.00000000  4.63692824  0.73478036
  55   43  0.12498750  0.43748750  0.00000000  4.63692824  0.73509672
  56    0  0.13332000  0.43332000  0.00000000  4.69194052 -5.36284336
  56    1  0.13332000  0.43332000  0.00000000  4.69194052 -5.36283501
  56    2  0.13332000  0.43332000  0.00000000  4.69194052 -3.19747064
  56    3  0.13332000  0.43332000  0.00000000  4.69194052 -3.19484434
  56    4  0.13332000  0.43332000  0.00000000  4.69194052 -2.99968278
  56    5  0.13332000  0.43332000  0.00000000  4.69194052 -2.99645582
  56    6  0.13332000  0.43332000  0.00000000  4.69194052 -2.98133671
  56    7  0.13332000  0.43332000  0.00000000  4.69194052 -2.98132687
  56    8  0.13332000  0.43332000  0.00000000  4.69194052 -1.04644414
  56    9  0.13332000  0.43332000  0.00000000  4.69194052 -1.04291648
  56   10  0.13332000  0.43332000  0.00000000  4.69194052 -1.03204941
  56   11  0.13332000  0.43332000  0.00000000  4.69194052 -1.03181058
  56   12  0.13332000  0.43332000  0.00000000  4.69194052 -0.48501905
  56   13  0.13332000  0.43332000  0.00000000  4.69194052 -0.48345901
  56   14  0.13332000  0.43332000  0.00000000  4.69194052 -0.43985205
  56   15  0.13332000  0.43332000  0.00000000  4.69194052 -0.43917988
  56   16  0.13332000  0.43332000  0.00000000  4.69194052 -0.35672765
  56   17  0.13332000  0.43332000  0.00000000  4.69194052 -0.35563824
  56   18  0.13332000  0.43332000  0.00000000  4.69194052 -0.28611276
  56   19  0.13332000  0.43332000  0.00000000  4.69194052 -0.28504389
  56   20  0.13332000  0.43332000  0.00000000  4.69194052 -0.20726542
  56   21  0.13332000  0.43332000  0.00000000  4.69194052 -0.20696509
  56   22  0.13332000  0.43332000  0.00000000  4.69194052 -0.19994815
  56   23  0.13332000  0.43332000  0.00000000  4.69194052 -0.19438686
  56   24  0.13332000  0.43332000  0.00000000  4.69194052 -0.05373053
  56   25  0.13332000  0.43332000  0.00000000  4.69194052 -0.04350563
  56   26  0.13332000  0.43332000  0.00000000  4.69194052  0.22416311
  56   27  0.13332000  0.43332000  0.00000000  4.69194052  0.22707587
  56   28  0.13332000  0.43332000  0.00000000  4.69194052  0.28482491
  56   29  0.13332000  0.43332000  0.00000000  4.69194052  0.29434740
  56   30  0.13332000  0.43332000  0.00000000  4.69194052  0.33114156
  56   31  0.13332000  0.43332000  0.00000000  4.69194052  0.33262624
  56   32  0.13332000  0.43332000  0.00000000  4.69194052  0.37413700
  56   33  0.13332000  0.43332000  0.00000000  4.69194052  0.37726112
  56   34  0.13332000  0.43332000  0.00000000  4.69194052  0.53323556
  56   35  0.13332000  0.43332000  0.00000000  4.69194052  0.53506437
  56   36  0.13332000  0.43332000  0.00000000  4.69194052  0.66719529
  56   37  0.13332000  0.43332000  0.00000000  4.69194052  0.66767170
  56   38  0.13332000  0.43332000  0.00000000  4.69194052  0.67595183
  56   39  0.13332000  0.43332000  0.00000000  4.69194052  0.67672925
  56   40  0.13332000  0.43332000  0.00000000  4.69194052  0.70547265
  56   41  0.13332000  0.43332000  0.00000000  4.69194052  0.70646403
  56   42  0.13332000  0.43332000  0.00000000  4.69194052  0.73468247
  56   43  0.13332000  0.43332000  0.00000000  4.69194052  0.73502180
  57    0  0.14165250  0.42915250  0.00000000  4.74695280 -5.36284477
  57    1  0.14165250  0.42915250  0.00000000  4.74695280 -5.36283644
  57    2  0.14165250  0.42915250  0.00000000  4.74695280 -3.19753112
  57    3  0.14165250  0.42915250  0.00000000  4.74695280 -3.19477963
  57    4  0.14165250  0.42915250  0.00000000  4.74695280 -2.99966694
  57    5  0.14165250  0.42915250  0.00000000  4.74695280 -2.99623494
  57    6  0.14165250  0.42915250  0.00000000  4.74695280 -2.98155193
  57    7  0.14165250  0.42915250  0.00000000  4.74695280 -2.98151444
  57    8  0.14165250  0.42915250  0.00000000  4.74695280 -1.04568313
  57    9  0.14165250  0.42915250  0.00000000  4.74695280 -1.04196691
  57   10  0.14165250  0.42915250  0.00000000  4.74695280 -1.03154924
  57   11  0.14165250  0.42915250  0.00000000  4.74695280 -1.03129973
  57   12  0.14165250  0.42915250  0.00000000  4.74695280 -0.48318372
  57   13  0.14165250  0.42915250  0.00000000  4.74695280 -0.48154658
  57   14  0.14165250  0.42915250  0.00000000  4.74695280 -0.44114765
  57   15  0.14165250  0.42915250  0.00000000  4.74695280 -0.44043782
  57   16  0.14165250  0.42915250  0.00000000  4.74695280 -0.35671987
  57   17  0.14165250  0.42915250  0.00000000  4.74695280 -0.35560667
  57   18  0.14165250  0.42915250  0.00000000  4.74695280 -0.28696178
  57   19  0.14165250  0.42915250  0.00000000  4.74695280 -0.28579715
  57   20  0.14165250  0.42915250  0.00000000  4.74695280 -0.21011979
  57   21  0.14165250  0.42915250  0.00000000  4.74695280 -0.20775699
  57   22  0.14165250  0.42915250  0.00000000  4.74695280 -0.20412272
  57   23  0.14165250  0.42915250  0.00000000  4.74695280 -0.20087514
  57   24  0.14165250  0.42915250  0.00000000  4.74695280 -0.05136972
  57   25  0.14165250  0.42915250  0.00000000  4.74695280 -0.04124692
  57   26  0.14165250  0.42915250  0.00000000  4.74695280  0.22226980
  57   27  0.14165250  0.42915250  0.00000000  4.74695280  0.22504936
  57   28  0.14165250  0.42915250  0.00000000  4.74695280  0.28672122
  57   29  0.14165250  0.42915250  0.00000000  4.74695280  0.29642968
  57   30  0.14165250  0.42915250  0.00000000  4.74695280  0.32721549
  57   31  0.14165250  0.42915250  0.00000000  4.74695280  0.32890711
  57   32  0.14165250  0.42915250  0.00000000  4.74695280  0.37753564
  57   33  0.14165250  0.42915250  0.00000000  4.74695280  0.38096729
  57   34  0.14165250  0.42915250  0.00000000  4.74695280  0.53669613
  57   35  0.14165250  0.42915250  0.00000000  4.74695280  0.53864742
  57   36  0.14165250  0.42915250  0.00000000  4.74695280  0.67224296
  57   37  0.14165250  0.42915250  0.00000000  4.74695280  0.67292107
  57   38  0.14165250  0.42915250  0.00000000  4.74695280  0.67770871
  57   39  0.14165250  0.42915250  0.00000000  4.74695280  0.67881020
  57   40  0.14165250  0.42915250  0.00000000  4.74695280  0.70400469
  57   41  0.14165250  0.42915250  0.00000000  4.74695280  0.70452145
  57   42  0.14165250  0.42915250  0.00000000  4.74695280  0.73470224
  57   43  0.14165250  0.42915250  0.00000000  4.74695280  0.73506474
  58    0  0.14998500  0.42498500  0.00000000  4.80196508 -5.36284637
  58    1  0.14998500  0.42498500  0.00000000  4.80196508 -5.36283808
  58    2  0.14998500  0.42498500  0.00000000  4.80196508 -3.19759238
  58    3  0.14998500  0.42498500  0.00000000  4.80196508 -3.19472062
  58    4  0.14998500  0.42498500  0.00000000  4.80196508 -2.99965291
  58    5  0.14998500  0.42498500  0.00000000  4.80196508 -2.99601568
  58    6  0.14998500  0.42498500  0.00000000  4.80196508 -2.98178560
  58    7  0.14998500  0.42498500  0.00000000  4.80196508 -2.98169448
  58    8  0.14998500  0.42498500  0.00000000  4.80196508 -1.04487355
  58    9  0.14998500  0.42498500  0.00000000  4.80196508 -1.04097419
  58   10  0.14998500  0.42498500  0.00000000  4.80196508 -1.03101260
  58   11  0.14998500  0.42498500  0.00000000  4.80196508 -1.03075302
  58   12  0.14998500  0.42498500  0.00000000  4.80196508 -0.48111755
  58   13  0.14998500  0.42498500  0.00000000  4.80196508 -0.47940446
  58   14  0.14998500  0.42498500  0.00000000  4.80196508 -0.44241805
  58   15  0.14998500  0.42498500  0.00000000  4.80196508 -0.44167138
  58   16  0.14998500  0.42498500  0.00000000  4.80196508 -0.35664172
  58   17  0.14998500  0.42498500  0.00000000  4.80196508 -0.35551297
  58   18  0.14998500  0.42498500  0.00000000  4.80196508 -0.28773754
  58   19  0.14998500  0.42498500  0.00000000  4.80196508 -0.28647406
  58   20  0.14998500  0.42498500  0.00000000  4.80196508 -0.21559779
  58   21  0.14998500  0.42498500  0.00000000  4.80196508 -0.21028689
  58   22  0.14998500  0.42498500  0.00000000  4.80196508 -0.20596102
  58   23  0.14998500  0.42498500  0.00000000  4.80196508 -0.20590437
  58   24  0.14998500  0.42498500  0.00000000  4.80196508 -0.04913337
  58   25  0.14998500  0.42498500  0.00000000  4.80196508 -0.03910722
  58   26  0.14998500  0.42498500  0.00000000  4.80196508  0.22035295
  58   27  0.14998500  0.42498500  0.00000000  4.80196508  0.22297818
  58   28  0.14998500  0.42498500  0.00000000  4.80196508  0.28873311
  58   29  0.14998500  0.42498500  0.00000000  4.80196508  0.29859098
  58   30  0.14998500  0.42498500  0.00000000  4.80196508  0.32334287
  58   31  0.14998500  0.42498500  0.00000000  4.80196508  0.32519616
  58   32  0.14998500  0.42498500  0.00000000  4.80196508  0.38094873
  58   33  0.14998500  0.42498500  0.00000000  4.80196508  0.38464734
  58   34  0.14998500  0.42498500  0.00000000  4.80196508  0.54016083
  58   35  0.14998500  0.42498500  0.00000000  4.80196508  0.54223582
  58   36  0.14998500  0.42498500  0.00000000  4.80196508  0.67642740
  58   37  0.14998500  0.42498500  0.00000000  4.80196508  0.67828516
  58   38  0.14998500  0.42498500  0.00000000  4.80196508  0.67978051
  58   39  0.14998500  0.42498500  0.00000000  4.80196508  0.68034603
  58   40  0.14998500  0.42498500  0.00000000  4.80196508  0.70359750
  58   41  0.14998500  0.42498500  0.00000000  4.80196508  0.70368137
  58   42  0.14998500  0.42498500  0.00000000  4.80196508  0.73483768
  58   43  0.14998500  0.42498500  0.00000000  4.80196508  0.73522298
  59    0  0.15831750  0.42081750  0.00000000  4.85697736 -5.36284809
  59    1  0.15831750  0.42081750  0.00000000  4.85697736 -5.36283985
  59    2  0.15831750  0.42081750  0.00000000  4.85697736 -3.19765456
  59    3  0.15831750  0.42081750  0.00000000  4.85697736 -3.19466731
  59    4  0.15831750  0.42081750  0.00000000  4.85697736 -2.99964121
  59    5  0.15831750  0.42081750  0.00000000  4.85697736 -2.99579870
  59    6  0.15831750  0.42081750  0.00000000  4.85697736 -2.98202682
  59    7  0.15831750  0.42081750  0.00000000  4.85697736 -2.98187597
  59    8  0.15831750  0.42081750  0.00000000  4.85697736 -1.04401988
  59    9  0.15831750  0.42081750  0.00000000  4.85697736 -1.03994308
  59   10  0.15831750  0.42081750  0.00000000  4.85697736 -1.03044210
  59   11  0.15831750  0.42081750  0.00000000  4.85697736 -1.03017305
  59   12  0.15831750  0.42081750  0.00000000  4.85697736 -0.47881610
  59   13  0.15831750  0.42081750  0.00000000  4.85697736 -0.47702782
  59   14  0.15831750  0.42081750  0.00000000  4.85697736 -0.44366413
  59   15  0.15831750  0.42081750  0.00000000  4.85697736 -0.44288179
  59   16  0.15831750  0.42081750  0.00000000  4.85697736 -0.35649132
  59   17  0.15831750  0.42081750  0.00000000  4.85697736 -0.35535641
  59   18  0.15831750  0.42081750  0.00000000  4.85697736 -0.28842697
  59   19  0.15831750  0.42081750  0.00000000  4.85697736 -0.28706228
  59   20  0.15831750  0.42081750  0.00000000  4.85697736 -0.22210001
  59   21  0.15831750  0.42081750  0.00000000  4.85697736 -0.21639708
  59   22  0.15831750  0.42081750  0.00000000  4.85697736 -0.20760971
  59   23  0.15831750  0.42081750  0.00000000  4.85697736 -0.20703974
  59   24  0.15831750  0.42081750  0.00000000  4.85697736 -0.04700932
  59   25  0.15831750  0.42081750  0.00000000  4.85697736 -0.03707007
  59   26  0.15831750  0.42081750  0.00000000  4.85697736  0.21841293
  59   27  0.15831750  0.42081750  0.00000000  4.85697736  0.22086417
  59   28  0.15831750  0.42081750  0.00000000  4.85697736  0.29084511
  59   29  0.15831750  0.42081750  0.00000000  4.85697736  0.30080818
  59   30  0.15831750  0.42081750  0.00000000  4.85697736  0.31956862
  59   31  0.15831750  0.42081750  0.00000000  4.85697736  0.32153821
  59   32  0.15831750  0.42081750  0.00000000  4.85697736  0.38433774
  59   33  0.15831750  0.42081750  0.00000000  4.85697736  0.38827298
  59   34  0.15831750  0.42081750  0.00000000  4.85697736  0.54360525
  59   35  0.15831750  0.42081750  0.00000000  4.85697736  0.54580520
  59   36  0.15831750  0.42081750  0.00000000  4.85697736  0.67726053
  59   37  0.15831750  0.42081750  0.00000000  4.85697736  0.68047447
  59   38  0.15831750  0.42081750  0.00000000  4.85697736  0.68422175
  59   39  0.15831750  0.42081750  0.00000000  4.85697736  0.68440621
  59   40  0.15831750  0.42081750  0.00000000  4.85697736  0.70408009
  59   41  0.15831750  0.42081750  0.00000000  4.85697736  0.70473635
  59   42  0.15831750  0.42081750  0.00000000  4.85697736  0.73508432
  59   43  0.15831750  0.42081750  0.00000000  4.85697736  0.73549124
  60    0  0.16665000  0.41665000  0.00000000  4.91198964 -5.36284982
  60    1  0.16665000  0.41665000  0.00000000  4.91198964 -5.36284163
  60    2  0.16665000  0.41665000  0.00000000  4.91198964 -3.19771773
  60    3  0.16665000  0.41665000  0.00000000  4.91198964 -3.19461961
  60    4  0.16665000  0.41665000  0.00000000  4.91198964 -2.99963222
  60    5  0.16665000  0.41665000  0.00000000  4.91198964 -2.99558453
  60    6  0.16665000  0.41665000  0.00000000  4.91198964 -2.98227450
  60    7  0.16665000  0.41665000  0.00000000  4.91198964 -2.98205803
  60    8  0.16665000  0.41665000  0.00000000  4.91198964 -1.04312743
  60    9  0.16665000  0.41665000  0.00000000  4.91198964 -1.03887911
  60   10  0.16665000  0.41665000  0.00000000  4.91198964 -1.02984108
  60   11  0.16665000  0.41665000  0.00000000  4.91198964 -1.02956316
  60   12  0.16665000  0.41665000  0.00000000  4.91198964 -0.47627817
  60   13  0.16665000  0.41665000  0.00000000  4.91198964 -0.47441502
  60   14  0.16665000  0.41665000  0.00000000  4.91198964 -0.44488882
  60   15  0.16665000  0.41665000  0.00000000  4.91198964 -0.44407249
  60   16  0.16665000  0.41665000  0.00000000  4.91198964 -0.35626895
  60   17  0.16665000  0.41665000  0.00000000  4.91198964 -0.35513872
  60   18  0.16665000  0.41665000  0.00000000  4.91198964 -0.28901752
  60   19  0.16665000  0.41665000  0.00000000  4.91198964 -0.28755035
  60   20  0.16665000  0.41665000  0.00000000  4.91198964 -0.22896031
  60   21  0.16665000  0.41665000  0.00000000  4.91198964 -0.22350826
  60   22  0.16665000  0.41665000  0.00000000  4.91198964 -0.20854238
  60   23  0.16665000  0.41665000  0.00000000  4.91198964 -0.20799565
  60   24  0.16665000  0.41665000  0.00000000  4.91198964 -0.04498244
  60   25  0.16665000  0.41665000  0.00000000  4.91198964 -0.03511648
  60   26  0.16665000  0.41665000  0.00000000  4.91198964  0.21644928
  60   27  0.16665000  0.41665000  0.00000000  4.91198964  0.21870831
  60   28  0.16665000  0.41665000  0.00000000  4.91198964  0.29303679
  60   29  0.16665000  0.41665000  0.00000000  4.91198964  0.30303223
  60   30  0.16665000  0.41665000  0.00000000  4.91198964  0.31595884
  60   31  0.16665000  0.41665000  0.00000000  4.91198964  0.31797438
  60   32  0.16665000  0.41665000  0.00000000  4.91198964  0.38767022
  60   33  0.16665000  0.41665000  0.00000000  4.91198964  0.39181817
  60   34  0.16665000  0.41665000  0.00000000  4.91198964  0.54700754
  60   35  0.16665000  0.41665000  0.00000000  4.91198964  0.54933378
  60   36  0.16665000  0.41665000  0.00000000  4.91198964  0.67626465
  60   37  0.16665000  0.41665000  0.00000000  4.91198964  0.67975174
  60   38  0.16665000  0.41665000  0.00000000  4.91198964  0.69003635
  60   39  0.16665000  0.41665000  0.00000000  4.91198964  0.69008206
  60   40  0.16665000  0.41665000  0.00000000  4.91198964  0.70608898
  60   41  0.16665000  0.41665000  0.00000000  4.91198964  0.70713433
  60   42  0.16665000  0.41665000  0.00000000  4.91198964  0.73543605
  60   43  0.16665000  0.41665000  0.00000000  4.91198964  0.73586212
  61    0  0.17498250  0.41248250  0.00000000  4.96700192 -5.36285144
  61    1  0.17498250  0.41248250  0.00000000  4.96700192 -5.36284328
  61    2  0.17498250  0.41248250  0.00000000  4.96700192 -3.19778187
  61    3  0.17498250  0.41248250  0.00000000  4.96700192 -3.19457736
  61    4  0.17498250  0.41248250  0.00000000  4.96700192 -2.99962614
  61    5  0.17498250  0.41248250  0.00000000  4.96700192 -2.99537357
  61    6  0.17498250  0.41248250  0.00000000  4.96700192 -2.98252751
  61    7  0.17498250  0.41248250  0.00000000  4.96700192 -2.98223981
  61    8  0.17498250  0.41248250  0.00000000  4.96700192 -1.04220220
  61    9  0.17498250  0.41248250  0.00000000  4.96700192 -1.03778859
  61   10  0.17498250  0.41248250  0.00000000  4.96700192 -1.02921359
  61   11  0.17498250  0.41248250  0.00000000  4.96700192 -1.02892744
  61   12  0.17498250  0.41248250  0.00000000  4.96700192 -0.47350609
  61   13  0.17498250  0.41248250  0.00000000  4.96700192 -0.47156786
  61   14  0.17498250  0.41248250  0.00000000  4.96700192 -0.44609656
  61   15  0.17498250  0.41248250  0.00000000  4.96700192 -0.44524858
  61   16  0.17498250  0.41248250  0.00000000  4.96700192 -0.35597730
  61   17  0.17498250  0.41248250  0.00000000  4.96700192 -0.35486458
  61   18  0.17498250  0.41248250  0.00000000  4.96700192 -0.28949749
  61   19  0.17498250  0.41248250  0.00000000  4.96700192 -0.28792824
  61   20  0.17498250  0.41248250  0.00000000  4.96700192 -0.23600951
  61   21  0.17498250  0.41248250  0.00000000  4.96700192 -0.23087974
  61   22  0.17498250  0.41248250  0.00000000  4.96700192 -0.20940958
  61   23  0.17498250  0.41248250  0.00000000  4.96700192 -0.20896174
  61   24  0.17498250  0.41248250  0.00000000  4.96700192 -0.04303547
  61   25  0.17498250  0.41248250  0.00000000  4.96700192 -0.03322583
  61   26  0.17498250  0.41248250  0.00000000  4.96700192  0.21446106
  61   27  0.17498250  0.41248250  0.00000000  4.96700192  0.21651110
  61   28  0.17498250  0.41248250  0.00000000  4.96700192  0.29527969
  61   29  0.17498250  0.41248250  0.00000000  4.96700192  0.30510436
  61   30  0.17498250  0.41248250  0.00000000  4.96700192  0.31268472
  61   31  0.17498250  0.41248250  0.00000000  4.96700192  0.31454699
  61   32  0.17498250  0.41248250  0.00000000  4.96700192  0.39091821
  61   33  0.17498250  0.41248250  0.00000000  4.96700192  0.39525923
  61   34  0.17498250  0.41248250  0.00000000  4.96700192  0.55034882
  61   35  0.17498250  0.41248250  0.00000000  4.96700192  0.55280284
  61   36  0.17498250  0.41248250  0.00000000  4.96700192  0.67439682
  61   37  0.17498250  0.41248250  0.00000000  4.96700192  0.67804804
  61   38  0.17498250  0.41248250  0.00000000  4.96700192  0.69606946
  61   39  0.17498250  0.41248250  0.00000000  4.96700192  0.69607205
  61   40  0.17498250  0.41248250  0.00000000  4.96700192  0.70938569
  61   41  0.17498250  0.41248250  0.00000000  4.96700192  0.71063410
  61   42  0.17498250  0.41248250  0.00000000  4.96700192  0.73588654
  61   43  0.17498250  0.41248250  0.00000000  4.96700192  0.73632731
  62    0  0.18331500  0.40831500  0.00000000  5.02201420 -5.36285281
  62    1  0.18331500  0.40831500  0.00000000  5.02201420 -5.36284467
  62    2  0.18331500  0.40831500  0.00000000  5.02201420 -3.19784687
  62    3  0.18331500  0.40831500  0.00000000  5.02201420 -3.19454031
  62    4  0.18331500  0.40831500  0.00000000  5.02201420 -2.99962305
  62    5  0.18331500  0.40831500  0.00000000  5.02201420 -2.99516614
  62    6  0.18331500  0.40831500  0.00000000  5.02201420 -2.98278470
  62    7  0.18331500  0.40831500  0.00000000  5.02201420 -2.98242048
  62    8  0.18331500  0.40831500  0.00000000  5.02201420 -1.04125091
  62    9  0.18331500  0.40831500  0.00000000  5.02201420 -1.03667849
  62   10  0.18331500  0.40831500  0.00000000  5.02201420 -1.02856441
  62   11  0.18331500  0.40831500  0.00000000  5.02201420 -1.02827064
  62   12  0.18331500  0.40831500  0.00000000  5.02201420 -0.47050602
  62   13  0.18331500  0.40831500  0.00000000  5.02201420 -0.46849176
  62   14  0.18331500  0.40831500  0.00000000  5.02201420 -0.44729243
  62   15  0.18331500  0.40831500  0.00000000  5.02201420 -0.44641617
  62   16  0.18331500  0.40831500  0.00000000  5.02201420 -0.35562195
  62   17  0.18331500  0.40831500  0.00000000  5.02201420 -0.35454208
  62   18  0.18331500  0.40831500  0.00000000  5.02201420 -0.28985651
  62   19  0.18331500  0.40831500  0.00000000  5.02201420 -0.28818812
  62   20  0.18331500  0.40831500  0.00000000  5.02201420 -0.24317051
  62   21  0.18331500  0.40831500  0.00000000  5.02201420 -0.23838056
  62   22  0.18331500  0.40831500  0.00000000  5.02201420 -0.21030336
  62   23  0.18331500  0.40831500  0.00000000  5.02201420 -0.20997177
  62   24  0.18331500  0.40831500  0.00000000  5.02201420 -0.04114996
  62   25  0.18331500  0.40831500  0.00000000  5.02201420 -0.03137673
  62   26  0.18331500  0.40831500  0.00000000  5.02201420  0.21244729
  62   27  0.18331500  0.40831500  0.00000000  5.02201420  0.21427293
  62   28  0.18331500  0.40831500  0.00000000  5.02201420  0.29752703
  62   29  0.18331500  0.40831500  0.00000000  5.02201420  0.30613035
  62   30  0.18331500  0.40831500  0.00000000  5.02201420  0.31064844
  62   31  0.18331500  0.40831500  0.00000000  5.02201420  0.31131092
  62   32  0.18331500  0.40831500  0.00000000  5.02201420  0.39405752
  62   33  0.18331500  0.40831500  0.00000000  5.02201420  0.39857501
  62   34  0.18331500  0.40831500  0.00000000  5.02201420  0.55361347
  62   35  0.18331500  0.40831500  0.00000000  5.02201420  0.55619701
  62   36  0.18331500  0.40831500  0.00000000  5.02201420  0.67199800
  62   37  0.18331500  0.40831500  0.00000000  5.02201420  0.67571994
  62   38  0.18331500  0.40831500  0.00000000  5.02201420  0.70225167
  62   39  0.18331500  0.40831500  0.00000000  5.02201420  0.70227117
  62   40  0.18331500  0.40831500  0.00000000  5.02201420  0.71362954
  62   41  0.18331500  0.40831500  0.00000000  5.02201420  0.71497326
  62   42  0.18331500  0.40831500  0.00000000  5.02201420  0.73643225
  62   43  0.18331500  0.40831500  0.00000000  5.02201420  0.73687995
  63    0  0.19164750  0.40414750  0.00000000  5.07702648 -5.36285380
  63    1  0.19164750  0.40414750  0.00000000  5.07702648 -5.36284565
  63    2  0.19164750  0.40414750  0.00000000  5.07702648 -3.19791255
  63    3  0.19164750  0.40414750  0.00000000  5.07702648 -3.19450815
  63    4  0.19164750  0.40414750  0.00000000  5.07702648 -2.99962284
  63    5  0.19164750  0.40414750  0.00000000  5.07702648 -2.99496243
  63    6  0.19164750  0.40414750  0.00000000  5.07702648 -2.98304487
  63    7  0.19164750  0.40414750  0.00000000  5.07702648 -2.98259919
  63    8  0.19164750  0.40414750  0.00000000  5.07702648 -1.04028085
  63    9  0.19164750  0.40414750  0.00000000  5.07702648 -1.03555640
  63   10  0.19164750  0.40414750  0.00000000  5.07702648 -1.02789887
  63   11  0.19164750  0.40414750  0.00000000  5.07702648 -1.02759815
  63   12  0.19164750  0.40414750  0.00000000  5.07702648 -0.46728845
  63   13  0.19164750  0.40414750  0.00000000  5.07702648 -0.46519592
  63   14  0.19164750  0.40414750  0.00000000  5.07702648 -0.44848106
  63   15  0.19164750  0.40414750  0.00000000  5.07702648 -0.44758151
  63   16  0.19164750  0.40414750  0.00000000  5.07702648 -0.35521174
  63   17  0.19164750  0.40414750  0.00000000  5.07702648 -0.35418343
  63   18  0.19164750  0.40414750  0.00000000  5.07702648 -0.29008601
  63   19  0.19164750  0.40414750  0.00000000  5.07702648 -0.28832561
  63   20  0.19164750  0.40414750  0.00000000  5.07702648 -0.25038449
  63   21  0.19164750  0.40414750  0.00000000  5.07702648 -0.24594873
  63   22  0.19164750  0.40414750  0.00000000  5.07702648 -0.21124137
  63   23  0.19164750  0.40414750  0.00000000  5.07702648 -0.21103318
  63   24  0.19164750  0.40414750  0.00000000  5.07702648 -0.03930723
  63   25  0.19164750  0.40414750  0.00000000  5.07702648 -0.02954800
  63   26  0.19164750  0.40414750  0.00000000  5.07702648  0.21040732
  63   27  0.19164750  0.40414750  0.00000000  5.07702648  0.21199449
  63   28  0.19164750  0.40414750  0.00000000  5.07702648  0.29966754
  63   29  0.19164750  0.40414750  0.00000000  5.07702648  0.30439616
  63   30  0.19164750  0.40414750  0.00000000  5.07702648  0.30838068
  63   31  0.19164750  0.40414750  0.00000000  5.07702648  0.31156780
  63   32  0.19164750  0.40414750  0.00000000  5.07702648  0.39706730
  63   33  0.19164750  0.40414750  0.00000000  5.07702648  0.40174691
  63   34  0.19164750  0.40414750  0.00000000  5.07702648  0.55678926
  63   35  0.19164750  0.40414750  0.00000000  5.07702648  0.55950451
  63   36  0.19164750  0.40414750  0.00000000  5.07702648  0.66926606
  63   37  0.19164750  0.40414750  0.00000000  5.07702648  0.67300673
  63   38  0.19164750  0.40414750  0.00000000  5.07702648  0.70856375
  63   39  0.19164750  0.40414750  0.00000000  5.07702648  0.70858452
  63   40  0.19164750  0.40414750  0.00000000  5.07702648  0.71855149
  63   41  0.19164750  0.40414750  0.00000000  5.07702648  0.71994543
  63   42  0.19164750  0.40414750  0.00000000  5.07702648  0.73707892
  63   43  0.19164750  0.40414750  0.00000000  5.07702648  0.73751960
  64    0  0.19998000  0.39998000  0.00000000  5.13203876 -5.36285429
  64    1  0.19998000  0.39998000  0.00000000  5.13203876 -5.36284607
  64    2  0.19998000  0.39998000  0.00000000  5.13203876 -3.19797863
  64    3  0.19998000  0.39998000  0.00000000  5.13203876 -3.19448051
  64    4  0.19998000  0.39998000  0.00000000  5.13203876 -2.99962529
  64    5  0.19998000  0.39998000  0.00000000  5.13203876 -2.99476260
  64    6  0.19998000  0.39998000  0.00000000  5.13203876 -2.98330677
  64    7  0.19998000  0.39998000  0.00000000  5.13203876 -2.98277513
  64    8  0.19998000  0.39998000  0.00000000  5.13203876 -1.03929982
  64    9  0.19998000  0.39998000  0.00000000  5.13203876 -1.03443041
  64   10  0.19998000  0.39998000  0.00000000  5.13203876 -1.02722286
  64   11  0.19998000  0.39998000  0.00000000  5.13203876 -1.02691586
  64   12  0.19998000  0.39998000  0.00000000  5.13203876 -0.46386960
  64   13  0.19998000  0.39998000  0.00000000  5.13203876 -0.46169366
  64   14  0.19998000  0.39998000  0.00000000  5.13203876 -0.44966446
  64   15  0.19998000  0.39998000  0.00000000  5.13203876 -0.44874999
  64   16  0.19998000  0.39998000  0.00000000  5.13203876 -0.35475953
  64   17  0.19998000  0.39998000  0.00000000  5.13203876 -0.35380582
  64   18  0.19998000  0.39998000  0.00000000  5.13203876 -0.29017982
  64   19  0.19998000  0.39998000  0.00000000  5.13203876 -0.28834224
  64   20  0.19998000  0.39998000  0.00000000  5.13203876 -0.25759178
  64   21  0.19998000  0.39998000  0.00000000  5.13203876 -0.25353353
  64   22  0.19998000  0.39998000  0.00000000  5.13203876 -0.21222440
  64   23  0.19998000  0.39998000  0.00000000  5.13203876 -0.21214391
  64   24  0.19998000  0.39998000  0.00000000  5.13203876 -0.03748928
  64   25  0.19998000  0.39998000  0.00000000  5.13203876 -0.02771963
  64   26  0.19998000  0.39998000  0.00000000  5.13203876  0.20834128
  64   27  0.19998000  0.39998000  0.00000000  5.13203876  0.20967721
  64   28  0.19998000  0.39998000  0.00000000  5.13203876  0.30123841
  64   29  0.19998000  0.39998000  0.00000000  5.13203876  0.30166556
  64   30  0.19998000  0.39998000  0.00000000  5.13203876  0.30621795
  64   31  0.19998000  0.39998000  0.00000000  5.13203876  0.31367895
  64   32  0.19998000  0.39998000  0.00000000  5.13203876  0.39992985
  64   33  0.19998000  0.39998000  0.00000000  5.13203876  0.40475897
  64   34  0.19998000  0.39998000  0.00000000  5.13203876  0.55986737
  64   35  0.19998000  0.39998000  0.00000000  5.13203876  0.56271716
  64   36  0.19998000  0.39998000  0.00000000  5.13203876  0.66631659
  64   37  0.19998000  0.39998000  0.00000000  5.13203876  0.67004697
  64   38  0.19998000  0.39998000  0.00000000  5.13203876  0.71491139
  64   39  0.19998000  0.39998000  0.00000000  5.13203876  0.71491860
  64   40  0.19998000  0.39998000  0.00000000  5.13203876  0.72394598
  64   41  0.19998000  0.39998000  0.00000000  5.13203876  0.72537804
  64   42  0.19998000  0.39998000  0.00000000  5.13203876  0.73785606
  64   43  0.19998000  0.39998000  0.00000000  5.13203876  0.73826329
  65    0  0.20831250  0.39581250  0.00000000  5.18705104 -5.36285413
  65    1  0.20831250  0.39581250  0.00000000  5.18705104 -5.36284580
  65    2  0.20831250  0.39581250  0.00000000  5.18705104 -3.19804478
  65    3  0.20831250  0.39581250  0.00000000  5.18705104 -3.19445700
  65    4  0.20831250  0.39581250  0.00000000  5.18705104 -2.99963007
  65    5  0.20831250  0.39581250  0.00000000  5.18705104 -2.99456676
  65    6  0.20831250  0.39581250  0.00000000  5.18705104 -2.98356912
  65    7  0.20831250  0.39581250  0.00000000  5.18705104 -2.98294748
  65    8  0.20831250  0.39581250  0.00000000  5.18705104 -1.03831602
  65    9  0.20831250  0.39581250  0.00000000  5.18705104 -1.03330900
  65   10  0.20831250  0.39581250  0.00000000  5.18705104 -1.02654273
  65   11  0.20831250  0.39581250  0.00000000  5.18705104 -1.02623011
  65   12  0.20831250  0.39581250  0.00000000  5.18705104 -0.46027713
  65   13  0.20831250  0.39581250  0.00000000  5.18705104 -0.45800378
  65   14  0.20831250  0.39581250  0.00000000  5.18705104 -0.45083557
  65   15  0.20831250  0.39581250  0.00000000  5.18705104 -0.44992390
  65   16  0.20831250  0.39581250  0.00000000  5.18705104 -0.35428292
  65   17  0.20831250  0.39581250  0.00000000  5.18705104 -0.35343262
  65   18  0.20831250  0.39581250  0.00000000  5.18705104 -0.29013484
  65   19  0.20831250  0.39581250  0.00000000  5.18705104 -0.28825127
  65   20  0.20831250  0.39581250  0.00000000  5.18705104 -0.26472073
  65   21  0.20831250  0.39581250  0.00000000  5.18705104 -0.26108382
  65   22  0.20831250  0.39581250  0.00000000  5.18705104 -0.21329755
  65   23  0.20831250  0.39581250  0.00000000  5.18705104 -0.21324737
  65   24  0.20831250  0.39581250  0.00000000  5.18705104 -0.03567980
  65   25  0.20831250  0.39581250  0.00000000  5.18705104 -0.02587377
  65   26  0.20831250  0.39581250  0.00000000  5.18705104  0.20625054
  65   27  0.20831250  0.39581250  0.00000000  5.18705104  0.20732367
  65   28  0.20831250  0.39581250  0.00000000  5.18705104  0.29892207
  65   29  0.20831250  0.39581250  0.00000000  5.18705104  0.30075528
  65   30  0.20831250  0.39581250  0.00000000  5.18705104  0.30630226
  65   31  0.20831250  0.39581250  0.00000000  5.18705104  0.31599465
  65   32  0.20831250  0.39581250  0.00000000  5.18705104  0.40263038
  65   33  0.20831250  0.39581250  0.00000000  5.18705104  0.40759776
  65   34  0.20831250  0.39581250  0.00000000  5.18705104  0.56284218
  65   35  0.20831250  0.39581250  0.00000000  5.18705104  0.56583026
  65   36  0.20831250  0.39581250  0.00000000  5.18705104  0.66321668
  65   37  0.20831250  0.39581250  0.00000000  5.18705104  0.66691682
  65   38  0.20831250  0.39581250  0.00000000  5.18705104  0.72107522
  65   39  0.20831250  0.39581250  0.00000000  5.18705104  0.72110947
  65   40  0.20831250  0.39581250  0.00000000  5.18705104  0.72959928
  65   41  0.20831250  0.39581250  0.00000000  5.18705104  0.73107190
  65   42  0.20831250  0.39581250  0.00000000  5.18705104  0.73885128
  65   43  0.20831250  0.39581250  0.00000000  5.18705104  0.73917059
  66    0  0.21664500  0.39164500  0.00000000  5.24206332 -5.36285320
  66    1  0.21664500  0.39164500  0.00000000  5.24206332 -5.36284472
  66    2  0.21664500  0.39164500  0.00000000  5.24206332 -3.19811058
  66    3  0.21664500  0.39164500  0.00000000  5.24206332 -3.19443719
  66    4  0.21664500  0.39164500  0.00000000  5.24206332 -2.99963675
  66    5  0.21664500  0.39164500  0.00000000  5.24206332 -2.99437503
  66    6  0.21664500  0.39164500  0.00000000  5.24206332 -2.98383056
  66    7  0.21664500  0.39164500  0.00000000  5.24206332 -2.98311542
  66    8  0.21664500  0.39164500  0.00000000  5.24206332 -1.03733794
  66    9  0.21664500  0.39164500  0.00000000  5.24206332 -1.03220095
  66   10  0.21664500  0.39164500  0.00000000  5.24206332 -1.02586510
  66   11  0.21664500  0.39164500  0.00000000  5.24206332 -1.02554758
  66   12  0.21664500  0.39164500  0.00000000  5.24206332 -0.45659302
  66   13  0.21664500  0.39164500  0.00000000  5.24206332 -0.45416588
  66   14  0.21664500  0.39164500  0.00000000  5.24206332 -0.45193461
  66   15  0.21664500  0.39164500  0.00000000  5.24206332 -0.45108647
  66   16  0.21664500  0.39164500  0.00000000  5.24206332 -0.35380554
  66   17  0.21664500  0.39164500  0.00000000  5.24206332 -0.35309491
  66   18  0.21664500  0.39164500  0.00000000  5.24206332 -0.28995182
  66   19  0.21664500  0.39164500  0.00000000  5.24206332 -0.28809684
  66   20  0.21664500  0.39164500  0.00000000  5.24206332 -0.27166583
  66   21  0.21664500  0.39164500  0.00000000  5.24206332 -0.26854386
  66   22  0.21664500  0.39164500  0.00000000  5.24206332 -0.21448529
  66   23  0.21664500  0.39164500  0.00000000  5.24206332 -0.21430245
  66   24  0.21664500  0.39164500  0.00000000  5.24206332 -0.03386507
  66   25  0.21664500  0.39164500  0.00000000  5.24206332 -0.02399563
  66   26  0.21664500  0.39164500  0.00000000  5.24206332  0.20413809
  66   27  0.21664500  0.39164500  0.00000000  5.24206332  0.20493809
  66   28  0.21664500  0.39164500  0.00000000  5.24206332  0.29633465
  66   29  0.21664500  0.39164500  0.00000000  5.24206332  0.29876741
  66   30  0.21664500  0.39164500  0.00000000  5.24206332  0.30807621
  66   31  0.21664500  0.39164500  0.00000000  5.24206332  0.31833899
  66   32  0.21664500  0.39164500  0.00000000  5.24206332  0.40515686
  66   33  0.21664500  0.39164500  0.00000000  5.24206332  0.41025235
  66   34  0.21664500  0.39164500  0.00000000  5.24206332  0.56571100
  66   35  0.21664500  0.39164500  0.00000000  5.24206332  0.56884245
  66   36  0.21664500  0.39164500  0.00000000  5.24206332  0.66000623
  66   37  0.21664500  0.39164500  0.00000000  5.24206332  0.66365825
  66   38  0.21664500  0.39164500  0.00000000  5.24206332  0.72664206
  66   39  0.21664500  0.39164500  0.00000000  5.24206332  0.72678186
  66   40  0.21664500  0.39164500  0.00000000  5.24206332  0.73519701
  66   41  0.21664500  0.39164500  0.00000000  5.24206332  0.73672198
  66   42  0.21664500  0.39164500  0.00000000  5.24206332  0.74028239
  66   43  0.21664500  0.39164500  0.00000000  5.24206332  0.74039536
  67    0  0.22497750  0.38747750  0.00000000  5.29707560 -5.36285142
  67    1  0.22497750  0.38747750  0.00000000  5.29707560 -5.36284272
  67    2  0.22497750  0.38747750  0.00000000  5.29707560 -3.19817557
  67    3  0.22497750  0.38747750  0.00000000  5.29707560 -3.19442063
  67    4  0.22497750  0.38747750  0.00000000  5.29707560 -2.99964482
  67    5  0.22497750  0.38747750  0.00000000  5.29707560 -2.99418757
  67    6  0.22497750  0.38747750  0.00000000  5.29707560 -2.98408965
  67    7  0.22497750  0.38747750  0.00000000  5.29707560 -2.98327815
  67    8  0.22497750  0.38747750  0.00000000  5.29707560 -1.03637425
  67    9  0.22497750  0.38747750  0.00000000  5.29707560 -1.03111521
  67   10  0.22497750  0.38747750  0.00000000  5.29707560 -1.02519685
  67   11  0.22497750  0.38747750  0.00000000  5.29707560 -1.02487512
  67   12  0.22497750  0.38747750  0.00000000  5.29707560 -0.45400682
  67   13  0.22497750  0.38747750  0.00000000  5.29707560 -0.45240538
  67   14  0.22497750  0.38747750  0.00000000  5.29707560 -0.45179521
  67   15  0.22497750  0.38747750  0.00000000  5.29707560 -0.45003611
  67   16  0.22497750  0.38747750  0.00000000  5.29707560 -0.35335857
  67   17  0.22497750  0.38747750  0.00000000  5.29707560 -0.35283351
  67   18  0.22497750  0.38747750  0.00000000  5.29707560 -0.28963688
  67   19  0.22497750  0.38747750  0.00000000  5.29707560 -0.28804718
  67   20  0.22497750  0.38747750  0.00000000  5.29707560 -0.27819243
  67   21  0.22497750  0.38747750  0.00000000  5.29707560 -0.27584971
  67   22  0.22497750  0.38747750  0.00000000  5.29707560 -0.21569659
  67   23  0.22497750  0.38747750  0.00000000  5.29707560 -0.21538008
  67   24  0.22497750  0.38747750  0.00000000  5.29707560 -0.03203481
  67   25  0.22497750  0.38747750  0.00000000  5.29707560 -0.02207451
  67   26  0.22497750  0.38747750  0.00000000  5.29707560  0.20200904
  67   27  0.22497750  0.38747750  0.00000000  5.29707560  0.20252681
  67   28  0.22497750  0.38747750  0.00000000  5.29707560  0.29395131
  67   29  0.22497750  0.38747750  0.00000000  5.29707560  0.29661391
  67   30  0.22497750  0.38747750  0.00000000  5.29707560  0.31018967
  67   31  0.22497750  0.38747750  0.00000000  5.29707560  0.32065408
  67   32  0.22497750  0.38747750  0.00000000  5.29707560  0.40749987
  67   33  0.22497750  0.38747750  0.00000000  5.29707560  0.41271418
  67   34  0.22497750  0.38747750  0.00000000  5.29707560  0.56847362
  67   35  0.22497750  0.38747750  0.00000000  5.29707560  0.57175525
  67   36  0.22497750  0.38747750  0.00000000  5.29707560  0.65671046
  67   37  0.22497750  0.38747750  0.00000000  5.29707560  0.66029536
  67   38  0.22497750  0.38747750  0.00000000  5.29707560  0.73094337
  67   39  0.22497750  0.38747750  0.00000000  5.29707560  0.73128807
  67   40  0.22497750  0.38747750  0.00000000  5.29707560  0.74022245
  67   41  0.22497750  0.38747750  0.00000000  5.29707560  0.74181857
  67   42  0.22497750  0.38747750  0.00000000  5.29707560  0.74225117
  67   43  0.22497750  0.38747750  0.00000000  5.29707560  0.74253459
  68    0  0.23331000  0.38331000  0.00000000  5.35208788 -5.36284869
  68    1  0.23331000  0.38331000  0.00000000  5.35208788 -5.36283972
  68    2  0.23331000  0.38331000  0.00000000  5.35208788 -3.19823924
  68    3  0.23331000  0.38331000  0.00000000  5.35208788 -3.19440689
  68    4  0.23331000  0.38331000  0.00000000  5.35208788 -2.99965375
  68    5  0.23331000  0.38331000  0.00000000  5.35208788 -2.99400463
  68    6  0.23331000  0.38331000  0.00000000  5.35208788 -2.98434484
  68    7  0.23331000  0.38331000  0.00000000  5.35208788 -2.98343485
  68    8  0.23331000  0.38331000  0.00000000  5.35208788 -1.03543369
  68    9  0.23331000  0.38331000  0.00000000  5.35208788 -1.03006079
  68   10  0.23331000  0.38331000  0.00000000  5.35208788 -1.02454491
  68   11  0.23331000  0.38331000  0.00000000  5.35208788 -1.02421970
  68   12  0.23331000  0.38331000  0.00000000  5.35208788 -0.45476951
  68   13  0.23331000  0.38331000  0.00000000  5.35208788 -0.45357623
  68   14  0.23331000  0.38331000  0.00000000  5.35208788 -0.44819010
  68   15  0.23331000  0.38331000  0.00000000  5.35208788 -0.44594339
  68   16  0.23331000  0.38331000  0.00000000  5.35208788 -0.35298289
  68   17  0.23331000  0.38331000  0.00000000  5.35208788 -0.35270131
  68   18  0.23331000  0.38331000  0.00000000  5.35208788 -0.28921018
  68   19  0.23331000  0.38331000  0.00000000  5.35208788 -0.28904975
  68   20  0.23331000  0.38331000  0.00000000  5.35208788 -0.28327918
  68   21  0.23331000  0.38331000  0.00000000  5.35208788 -0.28291821
  68   22  0.23331000  0.38331000  0.00000000  5.35208788 -0.21691952
  68   23  0.23331000  0.38331000  0.00000000  5.35208788 -0.21646930
  68   24  0.23331000  0.38331000  0.00000000  5.35208788 -0.03018309
  68   25  0.23331000  0.38331000  0.00000000  5.35208788 -0.02010459
  68   26  0.23331000  0.38331000  0.00000000  5.35208788  0.19987106
  68   27  0.23331000  0.38331000  0.00000000  5.35208788  0.20009886
  68   28  0.23331000  0.38331000  0.00000000  5.35208788  0.29179174
  68   29  0.23331000  0.38331000  0.00000000  5.35208788  0.29458814
  68   30  0.23331000  0.38331000  0.00000000  5.35208788  0.31233561
  68   31  0.23331000  0.38331000  0.00000000  5.35208788  0.32290755
  68   32  0.23331000  0.38331000  0.00000000  5.35208788  0.40965237
  68   33  0.23331000  0.38331000  0.00000000  5.35208788  0.41497691
  68   34  0.23331000  0.38331000  0.00000000  5.35208788  0.57113174
  68   35  0.23331000  0.38331000  0.00000000  5.35208788  0.57457269
  68   36  0.23331000  0.38331000  0.00000000  5.35208788  0.65334749
  68   37  0.23331000  0.38331000  0.00000000  5.35208788  0.65684361
  68   38  0.23331000  0.38331000  0.00000000  5.35208788  0.73355918
  68   39  0.23331000  0.38331000  0.00000000  5.35208788  0.73411936
  68   40  0.23331000  0.38331000  0.00000000  5.35208788  0.74409148
  68   41  0.23331000  0.38331000  0.00000000  5.35208788  0.74458595
  68   42  0.23331000  0.38331000  0.00000000  5.35208788  0.74561930
  68   43  0.23331000  0.38331000  0.00000000  5.35208788  0.74602077
  69    0  0.24164250  0.37914250  0.00000000  5.40710016 -5.36284497
  69    1  0.24164250  0.37914250  0.00000000  5.40710016 -5.36283568
  69    2  0.24164250  0.37914250  0.00000000  5.40710016 -3.19830105
  69    3  0.24164250  0.37914250  0.00000000  5.40710016 -3.19439553
  69    4  0.24164250  0.37914250  0.00000000  5.40710016 -2.99966298
  69    5  0.24164250  0.37914250  0.00000000  5.40710016 -2.99382662
  69    6  0.24164250  0.37914250  0.00000000  5.40710016 -2.98459445
  69    7  0.24164250  0.37914250  0.00000000  5.40710016 -2.98358468
  69    8  0.24164250  0.37914250  0.00000000  5.40710016 -1.03452495
  69    9  0.24164250  0.37914250  0.00000000  5.40710016 -1.02904664
  69   10  0.24164250  0.37914250  0.00000000  5.40710016 -1.02391616
  69   11  0.24164250  0.37914250  0.00000000  5.40710016 -1.02358818
  69   12  0.24164250  0.37914250  0.00000000  5.40710016 -0.45593235
  69   13  0.24164250  0.37914250  0.00000000  5.40710016 -0.45478789
  69   14  0.24164250  0.37914250  0.00000000  5.40710016 -0.44409214
  69   15  0.24164250  0.37914250  0.00000000  5.40710016 -0.44172381
  69   16  0.24164250  0.37914250  0.00000000  5.40710016 -0.35276528
  69   17  0.24164250  0.37914250  0.00000000  5.40710016 -0.35273164
  69   18  0.24164250  0.37914250  0.00000000  5.40710016 -0.29319349
  69   19  0.24164250  0.37914250  0.00000000  5.40710016 -0.28992939
  69   20  0.24164250  0.37914250  0.00000000  5.40710016 -0.28842077
  69   21  0.24164250  0.37914250  0.00000000  5.40710016 -0.28475354
  69   22  0.24164250  0.37914250  0.00000000  5.40710016 -0.21814075
  69   23  0.24164250  0.37914250  0.00000000  5.40710016 -0.21755784
  69   24  0.24164250  0.37914250  0.00000000  5.40710016 -0.02830905
  69   25  0.24164250  0.37914250  0.00000000  5.40710016 -0.01808586
  69   26  0.24164250  0.37914250  0.00000000  5.40710016  0.19766649
  69   27  0.24164250  0.37914250  0.00000000  5.40710016  0.19773486
  69   28  0.24164250  0.37914250  0.00000000  5.40710016  0.28986473
  69   29  0.24164250  0.37914250  0.00000000  5.40710016  0.29275772
  69   30  0.24164250  0.37914250  0.00000000  5.40710016  0.31443033
  69   31  0.24164250  0.37914250  0.00000000  5.40710016  0.32507536
  69   32  0.24164250  0.37914250  0.00000000  5.40710016  0.41160954
  69   33  0.24164250  0.37914250  0.00000000  5.40710016  0.41703627
  69   34  0.24164250  0.37914250  0.00000000  5.40710016  0.57368824
  69   35  0.24164250  0.37914250  0.00000000  5.40710016  0.57730064
  69   36  0.24164250  0.37914250  0.00000000  5.40710016  0.64993310
  69   37  0.24164250  0.37914250  0.00000000  5.40710016  0.65331524
  69   38  0.24164250  0.37914250  0.00000000  5.40710016  0.73489514
  69   39  0.24164250  0.37914250  0.00000000  5.40710016  0.73557266
  69   40  0.24164250  0.37914250  0.00000000  5.40710016  0.74690598
  69   41  0.24164250  0.37914250  0.00000000  5.40710016  0.74698942
  69   42  0.24164250  0.37914250  0.00000000  5.40710016  0.74836026
  69   43  0.24164250  0.37914250  0.00000000  5.40710016  0.74881252
  70    0  0.24997500  0.37497500  0.00000000  5.46211244 -5.36284025
  70    1  0.24997500  0.37497500  0.00000000  5.46211244 -5.36283059
  70    2  0.24997500  0.37497500  0.00000000  5.46211244 -3.19836042
  70    3  0.24997500  0.37497500  0.00000000  5.46211244 -3.19438614
  70    4  0.24997500  0.37497500  0.00000000  5.46211244 -2.99967200
  70    5  0.24997500  0.37497500  0.00000000  5.46211244 -2.99365413
  70    6  0.24997500  0.37497500  0.00000000  5.46211244 -2.98483666
  70    7  0.24997500  0.37497500  0.00000000  5.46211244 -2.98372683
  70    8  0.24997500  0.37497500  0.00000000  5.46211244 -1.03365661
  70    9  0.24997500  0.37497500  0.00000000  5.46211244 -1.02808158
  70   10  0.24997500  0.37497500  0.00000000  5.46211244 -1.02331733
  70   11  0.24997500  0.37497500  0.00000000  5.46211244 -1.02298727
  70   12  0.24997500  0.37497500  0.00000000  5.46211244 -0.45713006
  70   13  0.24997500  0.37497500  0.00000000  5.46211244 -0.45599918
  70   14  0.24997500  0.37497500  0.00000000  5.46211244 -0.43989140
  70   15  0.24997500  0.37497500  0.00000000  5.46211244 -0.43744439
  70   16  0.24997500  0.37497500  0.00000000  5.46211244 -0.35310669
  70   17  0.24997500  0.37497500  0.00000000  5.46211244 -0.35267258
  70   18  0.24997500  0.37497500  0.00000000  5.46211244 -0.29852100
  70   19  0.24997500  0.37497500  0.00000000  5.46211244 -0.29615110
  70   20  0.24997500  0.37497500  0.00000000  5.46211244 -0.28791869
  70   21  0.24997500  0.37497500  0.00000000  5.46211244 -0.28447875
  70   22  0.24997500  0.37497500  0.00000000  5.46211244 -0.21934545
  70   23  0.24997500  0.37497500  0.00000000  5.46211244 -0.21863205
  70   24  0.24997500  0.37497500  0.00000000  5.46211244 -0.02641761
  70   25  0.24997500  0.37497500  0.00000000  5.46211244 -0.01602490
  70   26  0.24997500  0.37497500  0.00000000  5.46211244  0.19524579
  70   27  0.24997500  0.37497500  0.00000000  5.46211244  0.19561460
  70   28  0.24997500  0.37497500  0.00000000  5.46211244  0.28817287
  70   29  0.24997500  0.37497500  0.00000000  5.46211244  0.29114357
  70   30  0.24997500  0.37497500  0.00000000  5.46211244  0.31643452
  70   31  0.24997500  0.37497500  0.00000000  5.46211244  0.32713720
  70   32  0.24997500  0.37497500  0.00000000  5.46211244  0.41336860
  70   33  0.24997500  0.37497500  0.00000000  5.46211244  0.41888983
  70   34  0.24997500  0.37497500  0.00000000  5.46211244  0.57614627
  70   35  0.24997500  0.37497500  0.00000000  5.46211244  0.57994616
  70   36  0.24997500  0.37497500  0.00000000  5.46211244  0.64648405
  70   37  0.24997500  0.37497500  0.00000000  5.46211244  0.64972284
  70   38  0.24997500  0.37497500  0.00000000  5.46211244  0.73552411
  70   39  0.24997500  0.37497500  0.00000000  5.46211244  0.73624713
  70   40  0.24997500  0.37497500  0.00000000  5.46211244  0.74884943
  70   41  0.24997500  0.37497500  0.00000000  5.46211244  0.74888379
  70   42  0.24997500  0.37497500  0.00000000  5.46211244  0.75002816
  70   43  0.24997500  0.37497500  0.00000000  5.46211244  0.75033759
  71    0  0.25830750  0.37080750  0.00000000  5.51712472 -5.36283453
  71    1  0.25830750  0.37080750  0.00000000  5.51712472 -5.36282446
  71    2  0.25830750  0.37080750  0.00000000  5.51712472 -3.19841680
  71    3  0.25830750  0.37080750  0.00000000  5.51712472 -3.19437836
  71    4  0.25830750  0.37080750  0.00000000  5.51712472 -2.99968030
  71    5  0.25830750  0.37080750  0.00000000  5.51712472 -2.99348802
  71    6  0.25830750  0.37080750  0.00000000  5.51712472 -2.98506943
  71    7  0.25830750  0.37080750  0.00000000  5.51712472 -2.98386044
  71    8  0.25830750  0.37080750  0.00000000  5.51712472 -1.03283704
  71    9  0.25830750  0.37080750  0.00000000  5.51712472 -1.02717417
  71   10  0.25830750  0.37080750  0.00000000  5.51712472 -1.02275483
  71   11  0.25830750  0.37080750  0.00000000  5.51712472 -1.02242334
  71   12  0.25830750  0.37080750  0.00000000  5.51712472 -0.45831990
  71   13  0.25830750  0.37080750  0.00000000  5.51712472 -0.45719444
  71   14  0.25830750  0.37080750  0.00000000  5.51712472 -0.43565695
  71   15  0.25830750  0.37080750  0.00000000  5.51712472 -0.43314831
  71   16  0.25830750  0.37080750  0.00000000  5.51712472 -0.35381588
  71   17  0.25830750  0.37080750  0.00000000  5.51712472 -0.35288847
  71   18  0.25830750  0.37080750  0.00000000  5.51712472 -0.30357499
  71   19  0.25830750  0.37080750  0.00000000  5.51712472 -0.30199457
  71   20  0.25830750  0.37080750  0.00000000  5.51712472 -0.28719776
  71   21  0.25830750  0.37080750  0.00000000  5.51712472 -0.28381135
  71   22  0.25830750  0.37080750  0.00000000  5.51712472 -0.22051715
  71   23  0.25830750  0.37080750  0.00000000  5.51712472 -0.21967684
  71   24  0.25830750  0.37080750  0.00000000  5.51712472 -0.02452009
  71   25  0.25830750  0.37080750  0.00000000  5.51712472 -0.01393558
  71   26  0.25830750  0.37080750  0.00000000  5.51712472  0.19285725
  71   27  0.25830750  0.37080750  0.00000000  5.51712472  0.19352837
  71   28  0.25830750  0.37080750  0.00000000  5.51712472  0.28671431
  71   29  0.25830750  0.37080750  0.00000000  5.51712472  0.28975111
  71   30  0.25830750  0.37080750  0.00000000  5.51712472  0.31832219
  71   31  0.25830750  0.37080750  0.00000000  5.51712472  0.32907477
  71   32  0.25830750  0.37080750  0.00000000  5.51712472  0.41492860
  71   33  0.25830750  0.37080750  0.00000000  5.51712472  0.42053689
  71   34  0.25830750  0.37080750  0.00000000  5.51712472  0.57850812
  71   35  0.25830750  0.37080750  0.00000000  5.51712472  0.58251649
  71   36  0.25830750  0.37080750  0.00000000  5.51712472  0.64302071
  71   37  0.25830750  0.37080750  0.00000000  5.51712472  0.64608195
  71   38  0.25830750  0.37080750  0.00000000  5.51712472  0.73575499
  71   39  0.25830750  0.37080750  0.00000000  5.51712472  0.73649176
  71   40  0.25830750  0.37080750  0.00000000  5.51712472  0.75012613
  71   41  0.25830750  0.37080750  0.00000000  5.51712472  0.75019713
  71   42  0.25830750  0.37080750  0.00000000  5.51712472  0.75077756
  71   43  0.25830750  0.37080750  0.00000000  5.51712472  0.75098103
  72    0  0.26664000  0.36664000  0.00000000  5.57213700 -5.36282789
  72    1  0.26664000  0.36664000  0.00000000  5.57213700 -5.36281737
  72    2  0.26664000  0.36664000  0.00000000  5.57213700 -3.19846961
  72    3  0.26664000  0.36664000  0.00000000  5.57213700 -3.19437184
  72    4  0.26664000  0.36664000  0.00000000  5.57213700 -2.99968746
  72    5  0.26664000  0.36664000  0.00000000  5.57213700 -2.99332943
  72    6  0.26664000  0.36664000  0.00000000  5.57213700 -2.98529052
  72    7  0.26664000  0.36664000  0.00000000  5.57213700 -2.98398464
  72    8  0.26664000  0.36664000  0.00000000  5.57213700 -1.03207429
  72    9  0.26664000  0.36664000  0.00000000  5.57213700 -1.02633264
  72   10  0.26664000  0.36664000  0.00000000  5.57213700 -1.02223466
  72   11  0.26664000  0.36664000  0.00000000  5.57213700 -1.02190236
  72   12  0.26664000  0.36664000  0.00000000  5.57213700 -0.45947955
  72   13  0.26664000  0.36664000  0.00000000  5.57213700 -0.45835750
  72   14  0.26664000  0.36664000  0.00000000  5.57213700 -0.43144067
  72   15  0.26664000  0.36664000  0.00000000  5.57213700 -0.42888281
  72   16  0.26664000  0.36664000  0.00000000  5.57213700 -0.35497654
  72   17  0.26664000  0.36664000  0.00000000  5.57213700 -0.35347102
  72   18  0.26664000  0.36664000  0.00000000  5.57213700 -0.30800745
  72   19  0.26664000  0.36664000  0.00000000  5.57213700 -0.30719480
  72   20  0.26664000  0.36664000  0.00000000  5.57213700 -0.28641882
  72   21  0.26664000  0.36664000  0.00000000  5.57213700 -0.28300543
  72   22  0.26664000  0.36664000  0.00000000  5.57213700 -0.22163754
  72   23  0.26664000  0.36664000  0.00000000  5.57213700 -0.22067554
  72   24  0.26664000  0.36664000  0.00000000  5.57213700 -0.02263465
  72   25  0.26664000  0.36664000  0.00000000  5.57213700 -0.01183973
  72   26  0.26664000  0.36664000  0.00000000  5.57213700  0.19052633
  72   27  0.26664000  0.36664000  0.00000000  5.57213700  0.19149849
  72   28  0.26664000  0.36664000  0.00000000  5.57213700  0.28548362
  72   29  0.26664000  0.36664000  0.00000000  5.57213700  0.28857822
  72   30  0.26664000  0.36664000  0.00000000  5.57213700  0.32007274
  72   31  0.26664000  0.36664000  0.00000000  5.57213700  0.33087100
  72   32  0.26664000  0.36664000  0.00000000  5.57213700  0.41629025
  72   33  0.26664000  0.36664000  0.00000000  5.57213700  0.42197828
  72   34  0.26664000  0.36664000  0.00000000  5.57213700  0.58077369
  72   35  0.26664000  0.36664000  0.00000000  5.57213700  0.58501785
  72   36  0.26664000  0.36664000  0.00000000  5.57213700  0.63956936
  72   37  0.26664000  0.36664000  0.00000000  5.57213700  0.64241315
  72   38  0.26664000  0.36664000  0.00000000  5.57213700  0.73572919
  72   39  0.26664000  0.36664000  0.00000000  5.57213700  0.73646573
  72   40  0.26664000  0.36664000  0.00000000  5.57213700  0.75089318
  72   41  0.26664000  0.36664000  0.00000000  5.57213700  0.75090643
  72   42  0.26664000  0.36664000  0.00000000  5.57213700  0.75116117
  72   43  0.26664000  0.36664000  0.00000000  5.57213700  0.75125257
  73    0  0.27497250  0.36247250  0.00000000  5.62714928 -5.36282042
  73    1  0.27497250  0.36247250  0.00000000  5.62714928 -5.36280942
  73    2  0.27497250  0.36247250  0.00000000  5.62714928 -3.19851829
  73    3  0.27497250  0.36247250  0.00000000  5.62714928 -3.19436630
  73    4  0.27497250  0.36247250  0.00000000  5.62714928 -2.99969316
  73    5  0.27497250  0.36247250  0.00000000  5.62714928 -2.99317983
  73    6  0.27497250  0.36247250  0.00000000  5.62714928 -2.98549745
  73    7  0.27497250  0.36247250  0.00000000  5.62714928 -2.98409858
  73    8  0.27497250  0.36247250  0.00000000  5.62714928 -1.03137610
  73    9  0.27497250  0.36247250  0.00000000  5.62714928 -1.02556487
  73   10  0.27497250  0.36247250  0.00000000  5.62714928 -1.02176232
  73   11  0.27497250  0.36247250  0.00000000  5.62714928 -1.02142972
  73   12  0.27497250  0.36247250  0.00000000  5.62714928 -0.46058901
  73   13  0.27497250  0.36247250  0.00000000  5.62714928 -0.45947025
  73   14  0.27497250  0.36247250  0.00000000  5.62714928 -0.42729829
  73   15  0.27497250  0.36247250  0.00000000  5.62714928 -0.42470346
  73   16  0.27497250  0.36247250  0.00000000  5.62714928 -0.35663643
  73   17  0.27497250  0.36247250  0.00000000  5.62714928 -0.35450160
  73   18  0.27497250  0.36247250  0.00000000  5.62714928 -0.31167132
  73   19  0.27497250  0.36247250  0.00000000  5.62714928 -0.31161872
  73   20  0.27497250  0.36247250  0.00000000  5.62714928 -0.28561716
  73   21  0.27497250  0.36247250  0.00000000  5.62714928 -0.28214676
  73   22  0.27497250  0.36247250  0.00000000  5.62714928 -0.22268643
  73   23  0.27497250  0.36247250  0.00000000  5.62714928 -0.22160994
  73   24  0.27497250  0.36247250  0.00000000  5.62714928 -0.02078658
  73   25  0.27497250  0.36247250  0.00000000  5.62714928 -0.00976746
  73   26  0.27497250  0.36247250  0.00000000  5.62714928  0.18828380
  73   27  0.27497250  0.36247250  0.00000000  5.62714928  0.18955178
  73   28  0.27497250  0.36247250  0.00000000  5.62714928  0.28447228
  73   29  0.27497250  0.36247250  0.00000000  5.62714928  0.28761793
  73   30  0.27497250  0.36247250  0.00000000  5.62714928  0.32166829
  73   31  0.27497250  0.36247250  0.00000000  5.62714928  0.33250961
  73   32  0.27497250  0.36247250  0.00000000  5.62714928  0.41745575
  73   33  0.27497250  0.36247250  0.00000000  5.62714928  0.42321617
  73   34  0.27497250  0.36247250  0.00000000  5.62714928  0.58293851
  73   35  0.27497250  0.36247250  0.00000000  5.62714928  0.58745370
  73   36  0.27497250  0.36247250  0.00000000  5.62714928  0.63616462
  73   37  0.27497250  0.36247250  0.00000000  5.62714928  0.63874421
  73   38  0.27497250  0.36247250  0.00000000  5.62714928  0.73552039
  73   39  0.27497250  0.36247250  0.00000000  5.62714928  0.73624977
  73   40  0.27497250  0.36247250  0.00000000  5.62714928  0.75095425
  73   41  0.27497250  0.36247250  0.00000000  5.62714928  0.75104814
  73   42  0.27497250  0.36247250  0.00000000  5.62714928  0.75164802
  73   43  0.27497250  0.36247250  0.00000000  5.62714928  0.75167589
  74    0  0.28330500  0.35830500  0.00000000  5.68216156 -5.36281225
  74    1  0.28330500  0.35830500  0.00000000  5.68216156 -5.36280077
  74    2  0.28330500  0.35830500  0.00000000  5.68216156 -3.19856232
  74    3  0.28330500  0.35830500  0.00000000  5.68216156 -3.19436148
  74    4  0.28330500  0.35830500  0.00000000  5.68216156 -2.99969714
  74    5  0.28330500  0.35830500  0.00000000  5.68216156 -2.99304105
  74    6  0.28330500  0.35830500  0.00000000  5.68216156 -2.98568753
  74    7  0.28330500  0.35830500  0.00000000  5.68216156 -2.98420139
  74    8  0.28330500  0.35830500  0.00000000  5.68216156 -1.03074979
  74    9  0.28330500  0.35830500  0.00000000  5.68216156 -1.02487826
  74   10  0.28330500  0.35830500  0.00000000  5.68216156 -1.02134267
  74   11  0.28330500  0.35830500  0.00000000  5.68216156 -1.02101020
  74   12  0.28330500  0.35830500  0.00000000  5.68216156 -0.46162786
  74   13  0.28330500  0.35830500  0.00000000  5.68216156 -0.46051286
  74   14  0.28330500  0.35830500  0.00000000  5.68216156 -0.42329680
  74   15  0.28330500  0.35830500  0.00000000  5.68216156 -0.42067861
  74   16  0.28330500  0.35830500  0.00000000  5.68216156 -0.35877150
  74   17  0.28330500  0.35830500  0.00000000  5.68216156 -0.35601466
  74   18  0.28330500  0.35830500  0.00000000  5.68216156 -0.31517291
  74   19  0.28330500  0.35830500  0.00000000  5.68216156 -0.31451529
  74   20  0.28330500  0.35830500  0.00000000  5.68216156 -0.28482589
  74   21  0.28330500  0.35830500  0.00000000  5.68216156 -0.28128830
  74   22  0.28330500  0.35830500  0.00000000  5.68216156 -0.22364180
  74   23  0.28330500  0.35830500  0.00000000  5.68216156 -0.22246041
  74   24  0.28330500  0.35830500  0.00000000  5.68216156 -0.01900825
  74   25  0.28330500  0.35830500  0.00000000  5.68216156 -0.00775733
  74   26  0.28330500  0.35830500  0.00000000  5.68216156  0.18616594
  74   27  0.28330500  0.35830500  0.00000000  5.68216156  0.18771951
  74   28  0.28330500  0.35830500  0.00000000  5.68216156  0.28366908
  74   29  0.28330500  0.35830500  0.00000000  5.68216156  0.28685976
  74   30  0.28330500  0.35830500  0.00000000  5.68216156  0.32309247
  74   31  0.28330500  0.35830500  0.00000000  5.68216156  0.33397474
  74   32  0.28330500  0.35830500  0.00000000  5.68216156  0.41842862
  74   33  0.28330500  0.35830500  0.00000000  5.68216156  0.42425394
  74   34  0.28330500  0.35830500  0.00000000  5.68216156  0.58499095
  74   35  0.28330500  0.35830500  0.00000000  5.68216156  0.58982207
  74   36  0.28330500  0.35830500  0.00000000  5.68216156  0.63285223
  74   37  0.28330500  0.35830500  0.00000000  5.68216156  0.63511262
  74   38  0.28330500  0.35830500  0.00000000  5.68216156  0.73517622
  74   39  0.28330500  0.35830500  0.00000000  5.68216156  0.73589460
  74   40  0.28330500  0.35830500  0.00000000  5.68216156  0.75087713
  74   41  0.28330500  0.35830500  0.00000000  5.68216156  0.75099389
  74   42  0.28330500  0.35830500  0.00000000  5.68216156  0.75196354
  74   43  0.28330500  0.35830500  0.00000000  5.68216156  0.75200895
  75    0  0.29163750  0.35413750  0.00000000  5.73717384 -5.36280358
  75    1  0.29163750  0.35413750  0.00000000  5.73717384 -5.36279161
  75    2  0.29163750  0.35413750  0.00000000  5.73717384 -3.19860121
  75    3  0.29163750  0.35413750  0.00000000  5.73717384 -3.19435718
  75    4  0.29163750  0.35413750  0.00000000  5.73717384 -2.99969925
  75    5  0.29163750  0.35413750  0.00000000  5.73717384 -2.99291521
  75    6  0.29163750  0.35413750  0.00000000  5.73717384 -2.98585783
  75    7  0.29163750  0.35413750  0.00000000  5.73717384 -2.98429220
  75    8  0.29163750  0.35413750  0.00000000  5.73717384 -1.03020231
  75    9  0.29163750  0.35413750  0.00000000  5.73717384 -1.02427978
  75   10  0.29163750  0.35413750  0.00000000  5.73717384 -1.02097995
  75   11  0.29163750  0.35413750  0.00000000  5.73717384 -1.02064789
  75   12  0.29163750  0.35413750  0.00000000  5.73717384 -0.46257499
  75   13  0.29163750  0.35413750  0.00000000  5.73717384 -0.46146426
  75   14  0.29163750  0.35413750  0.00000000  5.73717384 -0.41952186
  75   15  0.29163750  0.35413750  0.00000000  5.73717384 -0.41689576
  75   16  0.29163750  0.35413750  0.00000000  5.73717384 -0.36126231
  75   17  0.29163750  0.35413750  0.00000000  5.73717384 -0.35795377
  75   18  0.29163750  0.35413750  0.00000000  5.73717384 -0.31783672
  75   19  0.29163750  0.35413750  0.00000000  5.73717384 -0.31657516
  75   20  0.29163750  0.35413750  0.00000000  5.73717384 -0.28407875
  75   21  0.29163750  0.35413750  0.00000000  5.73717384 -0.28047419
  75   22  0.29163750  0.35413750  0.00000000  5.73717384 -0.22448013
  75   23  0.29163750  0.35413750  0.00000000  5.73717384 -0.22320624
  75   24  0.29163750  0.35413750  0.00000000  5.73717384 -0.01733873
  75   25  0.29163750  0.35413750  0.00000000  5.73717384 -0.00585597
  75   26  0.29163750  0.35413750  0.00000000  5.73717384  0.18421433
  75   27  0.29163750  0.35413750  0.00000000  5.73717384  0.18603714
  75   28  0.29163750  0.35413750  0.00000000  5.73717384  0.28306050
  75   29  0.29163750  0.35413750  0.00000000  5.73717384  0.28629039
  75   30  0.29163750  0.35413750  0.00000000  5.73717384  0.32432985
  75   31  0.29163750  0.35413750  0.00000000  5.73717384  0.33525077
  75   32  0.29163750  0.35413750  0.00000000  5.73717384  0.41921352
  75   33  0.29163750  0.35413750  0.00000000  5.73717384  0.42509604
  75   34  0.29163750  0.35413750  0.00000000  5.73717384  0.58690829
  75   35  0.29163750  0.35413750  0.00000000  5.73717384  0.59211121
  75   36  0.29163750  0.35413750  0.00000000  5.73717384  0.62969259
  75   37  0.29163750  0.35413750  0.00000000  5.73717384  0.63156960
  75   38  0.29163750  0.35413750  0.00000000  5.73717384  0.73473411
  75   39  0.29163750  0.35413750  0.00000000  5.73717384  0.73543918
  75   40  0.29163750  0.35413750  0.00000000  5.73717384  0.75077567
  75   41  0.29163750  0.35413750  0.00000000  5.73717384  0.75091306
  75   42  0.29163750  0.35413750  0.00000000  5.73717384  0.75210744
  75   43  0.29163750  0.35413750  0.00000000  5.73717384  0.75216012
  76    0  0.29997000  0.34997000  0.00000000  5.79218612 -5.36279462
  76    1  0.29997000  0.34997000  0.00000000  5.79218612 -5.36278217
  76    2  0.29997000  0.34997000  0.00000000  5.79218612 -3.19863450
  76    3  0.29997000  0.34997000  0.00000000  5.79218612 -3.19435324
  76    4  0.29997000  0.34997000  0.00000000  5.79218612 -2.99969946
  76    5  0.29997000  0.34997000  0.00000000  5.79218612 -2.99280469
  76    6  0.29997000  0.34997000  0.00000000  5.79218612 -2.98600534
  76    7  0.29997000  0.34997000  0.00000000  5.79218612 -2.98437020
  76    8  0.29997000  0.34997000  0.00000000  5.79218612 -1.02974013
  76    9  0.29997000  0.34997000  0.00000000  5.79218612 -1.02377590
  76   10  0.29997000  0.34997000  0.00000000  5.79218612 -1.02067765
  76   11  0.29997000  0.34997000  0.00000000  5.79218612 -1.02034612
  76   12  0.29997000  0.34997000  0.00000000  5.79218612 -0.46340887
  76   13  0.29997000  0.34997000  0.00000000  5.79218612 -0.46230278
  76   14  0.29997000  0.34997000  0.00000000  5.79218612 -0.41608736
  76   15  0.29997000  0.34997000  0.00000000  5.79218612 -0.41346990
  76   16  0.29997000  0.34997000  0.00000000  5.79218612 -0.36389720
  76   17  0.29997000  0.34997000  0.00000000  5.79218612 -0.36014738
  76   18  0.29997000  0.34997000  0.00000000  5.79218612 -0.31967695
  76   19  0.29997000  0.34997000  0.00000000  5.79218612 -0.31795411
  76   20  0.29997000  0.34997000  0.00000000  5.79218612 -0.28340951
  76   21  0.29997000  0.34997000  0.00000000  5.79218612 -0.27974504
  76   22  0.29997000  0.34997000  0.00000000  5.79218612 -0.22517711
  76   23  0.29997000  0.34997000  0.00000000  5.79218612 -0.22382627
  76   24  0.29997000  0.34997000  0.00000000  5.79218612 -0.01582294
  76   25  0.29997000  0.34997000  0.00000000  5.79218612 -0.00411722
  76   26  0.29997000  0.34997000  0.00000000  5.79218612  0.18247510
  76   27  0.29997000  0.34997000  0.00000000  5.79218612  0.18454360
  76   28  0.29997000  0.34997000  0.00000000  5.79218612  0.28263108
  76   29  0.29997000  0.34997000  0.00000000  5.79218612  0.28589425
  76   30  0.29997000  0.34997000  0.00000000  5.79218612  0.32536558
  76   31  0.29997000  0.34997000  0.00000000  5.79218612  0.33632213
  76   32  0.29997000  0.34997000  0.00000000  5.79218612  0.41981614
  76   33  0.29997000  0.34997000  0.00000000  5.79218612  0.42574780
  76   34  0.29997000  0.34997000  0.00000000  5.79218612  0.58865172
  76   35  0.29997000  0.34997000  0.00000000  5.79218612  0.59429211
  76   36  0.29997000  0.34997000  0.00000000  5.79218612  0.62676530
  76   37  0.29997000  0.34997000  0.00000000  5.79218612  0.62818693
  76   38  0.29997000  0.34997000  0.00000000  5.79218612  0.73422721
  76   39  0.29997000  0.34997000  0.00000000  5.79218612  0.73491750
  76   40  0.29997000  0.34997000  0.00000000  5.79218612  0.75067640
  76   41  0.29997000  0.34997000  0.00000000  5.79218612  0.75084049
  76   42  0.29997000  0.34997000  0.00000000  5.79218612  0.75207660
  76   43  0.29997000  0.34997000  0.00000000  5.79218612  0.75213673
  77    0  0.30830250  0.34580250  0.00000000  5.84719840 -5.36278563
  77    1  0.30830250  0.34580250  0.00000000  5.84719840 -5.36277272
  77    2  0.30830250  0.34580250  0.00000000  5.84719840 -3.19866179
  77    3  0.30830250  0.34580250  0.00000000  5.84719840 -3.19434954
  77    4  0.30830250  0.34580250  0.00000000  5.84719840 -2.99969779
  77    5  0.30830250  0.34580250  0.00000000  5.84719840 -2.99271194
  77    6  0.30830250  0.34580250  0.00000000  5.84719840 -2.98612707
  77    7  0.30830250  0.34580250  0.00000000  5.84719840 -2.98443461
  77    8  0.30830250  0.34580250  0.00000000  5.84719840 -1.02936934
  77    9  0.30830250  0.34580250  0.00000000  5.84719840 -1.02337266
  77   10  0.30830250  0.34580250  0.00000000  5.84719840 -1.02043852
  77   11  0.30830250  0.34580250  0.00000000  5.84719840 -1.02010750
  77   12  0.30830250  0.34580250  0.00000000  5.84719840 -0.46410806
  77   13  0.30830250  0.34580250  0.00000000  5.84719840 -0.46300669
  77   14  0.30830250  0.34580250  0.00000000  5.84719840 -0.41314557
  77   15  0.30830250  0.34580250  0.00000000  5.84719840 -0.41055174
  77   16  0.30830250  0.34580250  0.00000000  5.84719840 -0.36639523
  77   17  0.30830250  0.34580250  0.00000000  5.84719840 -0.36232240
  77   18  0.30830250  0.34580250  0.00000000  5.84719840 -0.32082519
  77   19  0.30830250  0.34580250  0.00000000  5.84719840 -0.31878691
  77   20  0.30830250  0.34580250  0.00000000  5.84719840 -0.28285051
  77   21  0.30830250  0.34580250  0.00000000  5.84719840 -0.27913850
  77   22  0.30830250  0.34580250  0.00000000  5.84719840 -0.22570874
  77   23  0.30830250  0.34580250  0.00000000  5.84719840 -0.22429978
  77   24  0.30830250  0.34580250  0.00000000  5.84719840 -0.01451023
  77   25  0.30830250  0.34580250  0.00000000  5.84719840 -0.00260044
  77   26  0.30830250  0.34580250  0.00000000  5.84719840  0.18099754
  77   27  0.30830250  0.34580250  0.00000000  5.84719840  0.18328005
  77   28  0.30830250  0.34580250  0.00000000  5.84719840  0.28236385
  77   29  0.30830250  0.34580250  0.00000000  5.84719840  0.28565401
  77   30  0.30830250  0.34580250  0.00000000  5.84719840  0.32618525
  77   31  0.30830250  0.34580250  0.00000000  5.84719840  0.33717328
  77   32  0.30830250  0.34580250  0.00000000  5.84719840  0.42024299
  77   33  0.30830250  0.34580250  0.00000000  5.84719840  0.42621532
  77   34  0.30830250  0.34580250  0.00000000  5.84719840  0.59016083
  77   35  0.30830250  0.34580250  0.00000000  5.84719840  0.59630534
  77   36  0.30830250  0.34580250  0.00000000  5.84719840  0.62417396
  77   37  0.30830250  0.34580250  0.00000000  5.84719840  0.62506929
  77   38  0.30830250  0.34580250  0.00000000  5.84719840  0.73368653
  77   39  0.30830250  0.34580250  0.00000000  5.84719840  0.73436110
  77   40  0.30830250  0.34580250  0.00000000  5.84719840  0.75057683
  77   41  0.30830250  0.34580250  0.00000000  5.84719840  0.75078034
  77   42  0.30830250  0.34580250  0.00000000  5.84719840  0.75186213
  77   43  0.30830250  0.34580250  0.00000000  5.84719840  0.75193428
  78    0  0.31663500  0.34163500  0.00000000  5.90221068 -5.36277688
  78    1  0.31663500  0.34163500  0.00000000  5.90221068 -5.36276356
  78    2  0.31663500  0.34163500  0.00000000  5.90221068 -3.19868271
  78    3  0.31663500  0.34163500  0.00000000  5.90221068 -3.19434599
  78    4  0.31663500  0.34163500  0.00000000  5.90221068 -2.99969433
  78    5  0.31663500  0.34163500  0.00000000  5.90221068 -2.99263932
  78    6  0.31663500  0.34163500  0.00000000  5.90221068 -2.98622024
  78    7  0.31663500  0.34163500  0.00000000  5.90221068 -2.98448472
  78    8  0.31663500  0.34163500  0.00000000  5.90221068 -1.02909562
  78    9  0.31663500  0.34163500  0.00000000  5.90221068 -1.02307563
  78   10  0.31663500  0.34163500  0.00000000  5.90221068 -1.02026460
  78   11  0.31663500  0.34163500  0.00000000  5.90221068 -1.01993386
  78   12  0.31663500  0.34163500  0.00000000  5.90221068 -0.46465171
  78   13  0.31663500  0.34163500  0.00000000  5.90221068 -0.46355484
  78   14  0.31663500  0.34163500  0.00000000  5.90221068 -0.41088854
  78   15  0.31663500  0.34163500  0.00000000  5.90221068 -0.40832657
  78   16  0.31663500  0.34163500  0.00000000  5.90221068 -0.36843631
  78   17  0.31663500  0.34163500  0.00000000  5.90221068 -0.36414790
  78   18  0.31663500  0.34163500  0.00000000  5.90221068 -0.32143482
  78   19  0.31663500  0.34163500  0.00000000  5.90221068 -0.31920691
  78   20  0.31663500  0.34163500  0.00000000  5.90221068 -0.28243105
  78   21  0.31663500  0.34163500  0.00000000  5.90221068 -0.27868799
  78   22  0.31663500  0.34163500  0.00000000  5.90221068 -0.22605293
  78   23  0.31663500  0.34163500  0.00000000  5.90221068 -0.22460767
  78   24  0.31663500  0.34163500  0.00000000  5.90221068 -0.01345227
  78   25  0.31663500  0.34163500  0.00000000  5.90221068 -0.00136803
  78   26  0.31663500  0.34163500  0.00000000  5.90221068  0.17983185
  78   27  0.31663500  0.34163500  0.00000000  5.90221068  0.18228812
  78   28  0.31663500  0.34163500  0.00000000  5.90221068  0.28224067
  78   29  0.31663500  0.34163500  0.00000000  5.90221068  0.28555106
  78   30  0.31663500  0.34163500  0.00000000  5.90221068  0.32677482
  78   31  0.31663500  0.34163500  0.00000000  5.90221068  0.33778874
  78   32  0.31663500  0.34163500  0.00000000  5.90221068  0.42050131
  78   33  0.31663500  0.34163500  0.00000000  5.90221068  0.42650536
  78   34  0.31663500  0.34163500  0.00000000  5.90221068  0.59135122
  78   35  0.31663500  0.34163500  0.00000000  5.90221068  0.59803990
  78   36  0.31663500  0.34163500  0.00000000  5.90221068  0.62204757
  78   37  0.31663500  0.34163500  0.00000000  5.90221068  0.62237459
  78   38  0.31663500  0.34163500  0.00000000  5.90221068  0.73314148
  78   39  0.31663500  0.34163500  0.00000000  5.90221068  0.73379976
  78   40  0.31663500  0.34163500  0.00000000  5.90221068  0.75044183
  78   41  0.31663500  0.34163500  0.00000000  5.90221068  0.75071027
  78   42  0.31663500  0.34163500  0.00000000  5.90221068  0.75146001
  78   43  0.31663500  0.34163500  0.00000000  5.90221068  0.75155569
  79    0  0.32496750  0.33746750  0.00000000  5.95722296 -5.36276869
  79    1  0.32496750  0.33746750  0.00000000  5.95722296 -5.36275500
  79    2  0.32496750  0.33746750  0.00000000  5.95722296 -3.19869697
  79    3  0.32496750  0.33746750  0.00000000  5.95722296 -3.19434251
  79    4  0.32496750  0.33746750  0.00000000  5.95722296 -2.99968919
  79    5  0.32496750  0.33746750  0.00000000  5.95722296 -2.99258878
  79    6  0.32496750  0.33746750  0.00000000  5.95722296 -2.98628258
  79    7  0.32496750  0.33746750  0.00000000  5.95722296 -2.98451994
  79    8  0.32496750  0.33746750  0.00000000  5.95722296 -1.02892425
  79    9  0.32496750  0.33746750  0.00000000  5.95722296 -1.02289001
  79   10  0.32496750  0.33746750  0.00000000  5.95722296 -1.02015721
  79   11  0.32496750  0.33746750  0.00000000  5.95722296 -1.01982636
  79   12  0.32496750  0.33746750  0.00000000  5.95722296 -0.46501999
  79   13  0.32496750  0.33746750  0.00000000  5.95722296 -0.46392712
  79   14  0.32496750  0.33746750  0.00000000  5.95722296 -0.40951939
  79   15  0.32496750  0.33746750  0.00000000  5.95722296 -0.40698474
  79   16  0.32496750  0.33746750  0.00000000  5.95722296 -0.36970762
  79   17  0.32496750  0.33746750  0.00000000  5.95722296 -0.36529883
  79   18  0.32496750  0.33746750  0.00000000  5.95722296 -0.32164623
  79   19  0.32496750  0.33746750  0.00000000  5.95722296 -0.31932765
  79   20  0.32496750  0.33746750  0.00000000  5.95722296 -0.28217564
  79   21  0.32496750  0.33746750  0.00000000  5.95722296 -0.27842101
  79   22  0.32496750  0.33746750  0.00000000  5.95722296 -0.22619117
  79   23  0.32496750  0.33746750  0.00000000  5.95722296 -0.22473372
  79   24  0.32496750  0.33746750  0.00000000  5.95722296 -0.01270048
  79   25  0.32496750  0.33746750  0.00000000  5.95722296 -0.00048201
  79   26  0.32496750  0.33746750  0.00000000  5.95722296  0.17902611
  79   27  0.32496750  0.33746750  0.00000000  5.95722296  0.18160755
  79   28  0.32496750  0.33746750  0.00000000  5.95722296  0.28224271
  79   29  0.32496750  0.33746750  0.00000000  5.95722296  0.28556597
  79   30  0.32496750  0.33746750  0.00000000  5.95722296  0.32712080
  79   31  0.32496750  0.33746750  0.00000000  5.95722296  0.33815331
  79   32  0.32496750  0.33746750  0.00000000  5.95722296  0.42059888
  79   33  0.32496750  0.33746750  0.00000000  5.95722296  0.42662516
  79   34  0.32496750  0.33746750  0.00000000  5.95722296  0.59212415
  79   35  0.32496750  0.33746750  0.00000000  5.95722296  0.59931076
  79   36  0.32496750  0.33746750  0.00000000  5.95722296  0.62033532
  79   37  0.32496750  0.33746750  0.00000000  5.95722296  0.62053002
  79   38  0.32496750  0.33746750  0.00000000  5.95722296  0.73261977
  79   39  0.32496750  0.33746750  0.00000000  5.95722296  0.73326152
  79   40  0.32496750  0.33746750  0.00000000  5.95722296  0.75019214
  79   41  0.32496750  0.33746750  0.00000000  5.95722296  0.75056771
  79   42  0.32496750  0.33746750  0.00000000  5.95722296  0.75089685
  79   43  0.32496750  0.33746750  0.00000000  5.95722296  0.75103879
  80    0  0.33330000  0.33330000  0.00000000  6.01223524 -5.36276140
  80    1  0.33330000  0.33330000  0.00000000  6.01223524 -5.36274738
  80    2  0.33330000  0.33330000  0.00000000  6.01223524 -3.19870431
  80    3  0.33330000  0.33330000  0.00000000  6.01223524 -3.19433906
  80    4  0.33330000  0.33330000  0.00000000  6.01223524 -2.99968249
  80    5  0.33330000  0.33330000  0.00000000  6.01223524 -2.99256162
  80    6  0.33330000  0.33330000  0.00000000  6.01223524 -2.98631260
  80    7  0.33330000  0.33330000  0.00000000  6.01223524 -2.98453979
  80    8  0.33330000  0.33330000  0.00000000  6.01223524 -1.02886020
  80    9  0.33330000  0.33330000  0.00000000  6.01223524 -1.02282067
  80   10  0.33330000  0.33330000  0.00000000  6.01223524 -1.02011699
  80   11  0.33330000  0.33330000  0.00000000  6.01223524 -1.01978555
  80   12  0.33330000  0.33330000  0.00000000  6.01223524 -0.46519459
  80   13  0.33330000  0.33330000  0.00000000  6.01223524 -0.46410496
  80   14  0.33330000  0.33330000  0.00000000  6.01223524 -0.40917430
  80   15  0.33330000  0.33330000  0.00000000  6.01223524 -0.40665040
  80   16  0.33330000  0.33330000  0.00000000  6.01223524 -0.36998630
  80   17  0.33330000  0.33330000  0.00000000  6.01223524 -0.36554257
  80   18  0.33330000  0.33330000  0.00000000  6.01223524 -0.32157125
  80   19  0.33330000  0.33330000  0.00000000  6.01223524 -0.31923756
  80   20  0.33330000  0.33330000  0.00000000  6.01223524 -0.28210248
  80   21  0.33330000  0.33330000  0.00000000  6.01223524 -0.27835721
  80   22  0.33330000  0.33330000  0.00000000  6.01223524 -0.22611028
  80   23  0.33330000  0.33330000  0.00000000  6.01223524 -0.22466579
  80   24  0.33330000  0.33330000  0.00000000  6.01223524 -0.01230285
  80   25  0.33330000  0.33330000  0.00000000  6.01223524  0.00000000
  80   26  0.33330000  0.33330000  0.00000000  6.01223524  0.17862264
  80   27  0.33330000  0.33330000  0.00000000  6.01223524  0.18127344
  80   28  0.33330000  0.33330000  0.00000000  6.01223524  0.28235083
  80   29  0.33330000  0.33330000  0.00000000  6.01223524  0.28567890
  80   30  0.33330000  0.33330000  0.00000000  6.01223524  0.32721043
  80   31  0.33330000  0.33330000  0.00000000  6.01223524  0.33825237
  80   32  0.33330000  0.33330000  0.00000000  6.01223524  0.42054391
  80   33  0.33330000  0.33330000  0.00000000  6.01223524  0.42658234
  80   34  0.33330000  0.33330000  0.00000000  6.01223524  0.59239896
  80   35  0.33330000  0.33330000  0.00000000  6.01223524  0.59988127
  80   36  0.33330000  0.33330000  0.00000000  6.01223524  0.61923513
  80   37  0.33330000  0.33330000  0.00000000  6.01223524  0.61974649
  80   38  0.33330000  0.33330000  0.00000000  6.01223524  0.73214692
  80   39  0.33330000  0.33330000  0.00000000  6.01223524  0.73277226
  80   40  0.33330000  0.33330000  0.00000000  6.01223524  0.74974831
  80   41  0.33330000  0.33330000  0.00000000  6.01223524  0.75022156
  80   42  0.33330000  0.33330000  0.00000000  6.01223524  0.75027512
  80   43  0.33330000  0.33330000  0.00000000  6.01223524  0.75044836
  81    0  0.32496750  0.32496750  0.00000000  6.12225974 -5.36277050
  81    1  0.32496750  0.32496750  0.00000000  6.12225974 -5.36275706
  81    2  0.32496750  0.32496750  0.00000000  6.12225974 -3.19865750
  81    3  0.32496750  0.32496750  0.00000000  6.12225974 -3.19432356
  81    4  0.32496750  0.32496750  0.00000000  6.12225974 -2.99964908
  81    5  0.32496750  0.32496750  0.00000000  6.12225974 -2.99258029
  81    6  0.32496750  0.32496750  0.00000000  6.12225974 -2.98622914
  81    7  0.32496750  0.32496750  0.00000000  6.12225974 -2.98447564
  81    8  0.32496750  0.32496750  0.00000000  6.12225974 -1.02893564
  81    9  0.32496750  0.32496750  0.00000000  6.12225974 -1.02291445
  81   10  0.32496750  0.32496750  0.00000000  6.12225974 -1.02008908
  81   11  0.32496750  0.32496750  0.00000000  6.12225974 -1.01976018
  81   12  0.32496750  0.32496750  0.00000000  6.12225974 -0.46435619
  81   13  0.32496750  0.32496750  0.00000000  6.12225974 -0.46325687
  81   14  0.32496750  0.32496750  0.00000000  6.12225974 -0.41014272
  81   15  0.32496750  0.32496750  0.00000000  6.12225974 -0.40758766
  81   16  0.32496750  0.32496750  0.00000000  6.12225974 -0.36884993
  81   17  0.32496750  0.32496750  0.00000000  6.12225974 -0.36450871
  81   18  0.32496750  0.32496750  0.00000000  6.12225974 -0.32210837
  81   19  0.32496750  0.32496750  0.00000000  6.12225974 -0.31982160
  81   20  0.32496750  0.32496750  0.00000000  6.12225974 -0.28246753
  81   21  0.32496750  0.32496750  0.00000000  6.12225974 -0.27869740
  81   22  0.32496750  0.32496750  0.00000000  6.12225974 -0.22632983
  81   23  0.32496750  0.32496750  0.00000000  6.12225974 -0.22485141
  81   24  0.32496750  0.32496750  0.00000000  6.12225974 -0.01372952
  81   25  0.32496750  0.32496750  0.00000000  6.12225974 -0.00172956
  81   26  0.32496750  0.32496750  0.00000000  6.12225974  0.18012871
  81   27  0.32496750  0.32496750  0.00000000  6.12225974  0.18253960
  81   28  0.32496750  0.32496750  0.00000000  6.12225974  0.28198980
  81   29  0.32496750  0.32496750  0.00000000  6.12225974  0.28529469
  81   30  0.32496750  0.32496750  0.00000000  6.12225974  0.32671819
  81   31  0.32496750  0.32496750  0.00000000  6.12225974  0.33771387
  81   32  0.32496750  0.32496750  0.00000000  6.12225974  0.42064743
  81   33  0.32496750  0.32496750  0.00000000  6.12225974  0.42664126
  81   34  0.32496750  0.32496750  0.00000000  6.12225974  0.59129801
  81   35  0.32496750  0.32496750  0.00000000  6.12225974  0.59783602
  81   36  0.32496750  0.32496750  0.00000000  6.12225974  0.62283558
  81   37  0.32496750  0.32496750  0.00000000  6.12225974  0.62335709
  81   38  0.32496750  0.32496750  0.00000000  6.12225974  0.73392856
  81   39  0.32496750  0.32496750  0.00000000  6.12225974  0.73460919
  81   40  0.32496750  0.32496750  0.00000000  6.12225974  0.75200299
  81   41  0.32496750  0.32496750  0.00000000  6.12225974  0.75210325
  81   42  0.32496750  0.32496750  0.00000000  6.12225974  0.75267889
  81   43  0.32496750  0.32496750  0.00000000  6.12225974  0.75284397
  82    0  0.31663500  0.31663500  0.00000000  6.23228424 -5.36278745
  82    1  0.31663500  0.31663500  0.00000000  6.23228424 -5.36277468
  82    2  0.31663500  0.31663500  0.00000000  6.23228424 -3.19858328
  82    3  0.31663500  0.31663500  0.00000000  6.23228424 -3.19430264
  82    4  0.31663500  0.31663500  0.00000000  6.23228424 -2.99960167
  82    5  0.31663500  0.31663500  0.00000000  6.23228424 -2.99267110
  82    6  0.31663500  0.31663500  0.00000000  6.23228424 -2.98603396
  82    7  0.31663500  0.31663500  0.00000000  6.23228424 -2.98435933
  82    8  0.31663500  0.31663500  0.00000000  6.23228424 -1.02951893
  82    9  0.31663500  0.31663500  0.00000000  6.23228424 -1.02354997
  82   10  0.31663500  0.31663500  0.00000000  6.23228424 -1.02033690
  82   11  0.31663500  0.31663500  0.00000000  6.23228424 -1.02000691
  82   12  0.31663500  0.31663500  0.00000000  6.23228424 -0.46270188
  82   13  0.31663500  0.31663500  0.00000000  6.23228424 -0.46159178
  82   14  0.31663500  0.31663500  0.00000000  6.23228424 -0.41371113
  82   15  0.31663500  0.31663500  0.00000000  6.23228424 -0.41115493
  82   16  0.31663500  0.31663500  0.00000000  6.23228424 -0.36454126
  82   17  0.31663500  0.31663500  0.00000000  6.23228424 -0.36045808
  82   18  0.31663500  0.31663500  0.00000000  6.23228424 -0.32178417
  82   19  0.31663500  0.31663500  0.00000000  6.23228424 -0.31976163
  82   20  0.31663500  0.31663500  0.00000000  6.23228424 -0.28354422
  82   21  0.31663500  0.31663500  0.00000000  6.23228424 -0.27985445
  82   22  0.31663500  0.31663500  0.00000000  6.23228424 -0.22536749
  82   23  0.31663500  0.31663500  0.00000000  6.23228424 -0.22398312
  82   24  0.31663500  0.31663500  0.00000000  6.23228424 -0.01668067
  82   25  0.31663500  0.31663500  0.00000000  6.23228424 -0.00512516
  82   26  0.31663500  0.31663500  0.00000000  6.23228424  0.18314524
  82   27  0.31663500  0.31663500  0.00000000  6.23228424  0.18515446
  82   28  0.31663500  0.31663500  0.00000000  6.23228424  0.28207512
  82   29  0.31663500  0.31663500  0.00000000  6.23228424  0.28532084
  82   30  0.31663500  0.31663500  0.00000000  6.23228424  0.32504547
  82   31  0.31663500  0.31663500  0.00000000  6.23228424  0.33593866
  82   32  0.31663500  0.31663500  0.00000000  6.23228424  0.42000456
  82   33  0.31663500  0.31663500  0.00000000  6.23228424  0.42591946
  82   34  0.31663500  0.31663500  0.00000000  6.23228424  0.58920932
  82   35  0.31663500  0.31663500  0.00000000  6.23228424  0.59473611
  82   36  0.31663500  0.31663500  0.00000000  6.23228424  0.62780589
  82   37  0.31663500  0.31663500  0.00000000  6.23228424  0.62942716
  82   38  0.31663500  0.31663500  0.00000000  6.23228424  0.73555302
  82   39  0.31663500  0.31663500  0.00000000  6.23228424  0.73627435
  82   40  0.31663500  0.31663500  0.00000000  6.23228424  0.75446978
  82   41  0.31663500  0.31663500  0.00000000  6.23228424  0.75448335
  82   42  0.31663500  0.31663500  0.00000000  6.23228424  0.75548271
  82   43  0.31663500  0.31663500  0.00000000  6.23228424  0.75572466
  83    0  0.30830250  0.30830250  0.00000000  6.34230873 -5.36281326
  83    1  0.30830250  0.30830250  0.00000000  6.34230873 -5.36280123
  83    2  0.30830250  0.30830250  0.00000000  6.34230873 -3.19848016
  83    3  0.30830250  0.30830250  0.00000000  6.34230873 -3.19427323
  83    4  0.30830250  0.30830250  0.00000000  6.34230873 -2.99953238
  83    5  0.30830250  0.30830250  0.00000000  6.34230873 -2.99280550
  83    6  0.30830250  0.30830250  0.00000000  6.34230873 -2.98575266
  83    7  0.30830250  0.30830250  0.00000000  6.34230873 -2.98419760
  83    8  0.30830250  0.30830250  0.00000000  6.34230873 -1.03066041
  83    9  0.30830250  0.30830250  0.00000000  6.34230873 -1.02477761
  83   10  0.30830250  0.30830250  0.00000000  6.34230873 -1.02087741
  83   11  0.30830250  0.30830250  0.00000000  6.34230873 -1.02054341
  83   12  0.30830250  0.30830250  0.00000000  6.34230873 -0.46020368
  83   13  0.30830250  0.30830250  0.00000000  6.34230873 -0.45908148
  83   14  0.30830250  0.30830250  0.00000000  6.34230873 -0.41846371
  83   15  0.30830250  0.30830250  0.00000000  6.34230873 -0.41600327
  83   16  0.30830250  0.30830250  0.00000000  6.34230873 -0.35835858
  83   17  0.30830250  0.30830250  0.00000000  6.34230873 -0.35462070
  83   18  0.30830250  0.30830250  0.00000000  6.34230873 -0.32066371
  83   19  0.30830250  0.30830250  0.00000000  6.34230873 -0.31911564
  83   20  0.30830250  0.30830250  0.00000000  6.34230873 -0.28529178
  83   21  0.30830250  0.30830250  0.00000000  6.34230873 -0.28176219
  83   22  0.30830250  0.30830250  0.00000000  6.34230873 -0.22324209
  83   23  0.30830250  0.30830250  0.00000000  6.34230873 -0.22205658
  83   24  0.30830250  0.30830250  0.00000000  6.34230873 -0.02101229
  83   25  0.30830250  0.30830250  0.00000000  6.34230873 -0.00999352
  83   26  0.30830250  0.30830250  0.00000000  6.34230873  0.18738601
  83   27  0.30830250  0.30830250  0.00000000  6.34230873  0.18890235
  83   28  0.30830250  0.30830250  0.00000000  6.34230873  0.28251238
  83   29  0.30830250  0.30830250  0.00000000  6.34230873  0.28565769
  83   30  0.30830250  0.30830250  0.00000000  6.34230873  0.32215783
  83   31  0.30830250  0.30830250  0.00000000  6.34230873  0.33288033
  83   32  0.30830250  0.30830250  0.00000000  6.34230873  0.41868655
  83   33  0.30830250  0.30830250  0.00000000  6.34230873  0.42448447
  83   34  0.30830250  0.30830250  0.00000000  6.34230873  0.58732450
  83   35  0.30830250  0.30830250  0.00000000  6.34230873  0.59207461
  83   36  0.30830250  0.30830250  0.00000000  6.34230873  0.63357763
  83   37  0.30830250  0.30830250  0.00000000  6.34230873  0.63605887
  83   38  0.30830250  0.30830250  0.00000000  6.34230873  0.73692760
  83   39  0.30830250  0.30830250  0.00000000  6.34230873  0.73767360
  83   40  0.30830250  0.30830250  0.00000000  6.34230873  0.75754201
  83   41  0.30830250  0.30830250  0.00000000  6.34230873  0.75755723
  83   42  0.30830250  0.30830250  0.00000000  6.34230873  0.75879294
  83   43  0.30830250  0.30830250  0.00000000  6.34230873  0.75907519
  84    0  0.29997000  0.29997000  0.00000000  6.45233323 -5.36284874
  84    1  0.29997000  0.29997000  0.00000000  6.45233323 -5.36283751
  84    2  0.29997000  0.29997000  0.00000000  6.45233323 -3.19834678
  84    3  0.29997000  0.29997000  0.00000000  6.45233323 -3.19423237
  84    4  0.29997000  0.29997000  0.00000000  6.45233323 -2.99943291
  84    5  0.29997000  0.29997000  0.00000000  6.45233323 -2.99295508
  84    6  0.29997000  0.29997000  0.00000000  6.45233323 -2.98541117
  84    7  0.29997000  0.29997000  0.00000000  6.45233323 -2.98399804
  84    8  0.29997000  0.29997000  0.00000000  6.45233323 -1.03240225
  84    9  0.29997000  0.29997000  0.00000000  6.45233323 -1.02663984
  84   10  0.29997000  0.29997000  0.00000000  6.45233323 -1.02172211
  84   11  0.29997000  0.29997000  0.00000000  6.45233323 -1.02138290
  84   12  0.29997000  0.29997000  0.00000000  6.45233323 -0.45684857
  84   13  0.29997000  0.29997000  0.00000000  6.45233323 -0.45571279
  84   14  0.29997000  0.29997000  0.00000000  6.45233323 -0.42338584
  84   15  0.29997000  0.29997000  0.00000000  6.45233323 -0.42110875
  84   16  0.29997000  0.29997000  0.00000000  6.45233323 -0.35137308
  84   17  0.29997000  0.29997000  0.00000000  6.45233323 -0.34813830
  84   18  0.29997000  0.29997000  0.00000000  6.45233323 -0.31860138
  84   19  0.29997000  0.29997000  0.00000000  6.45233323 -0.31779648
  84   20  0.29997000  0.29997000  0.00000000  6.45233323 -0.28757632
  84   21  0.29997000  0.29997000  0.00000000  6.45233323 -0.28424165
  84   22  0.29997000  0.29997000  0.00000000  6.45233323 -0.22008529
  84   23  0.29997000  0.29997000  0.00000000  6.45233323 -0.21916230
  84   24  0.29997000  0.29997000  0.00000000  6.45233323 -0.02648227
  84   25  0.29997000  0.29997000  0.00000000  6.45233323 -0.01603739
  84   26  0.29997000  0.29997000  0.00000000  6.45233323  0.19245687
  84   27  0.29997000  0.29997000  0.00000000  6.45233323  0.19347004
  84   28  0.29997000  0.29997000  0.00000000  6.45233323  0.28319391
  84   29  0.29997000  0.29997000  0.00000000  6.45233323  0.28619047
  84   30  0.29997000  0.29997000  0.00000000  6.45233323  0.31808687
  84   31  0.29997000  0.29997000  0.00000000  6.45233323  0.32855647
  84   32  0.29997000  0.29997000  0.00000000  6.45233323  0.41678673
  84   33  0.29997000  0.29997000  0.00000000  6.45233323  0.42242406
  84   34  0.29997000  0.29997000  0.00000000  6.45233323  0.58623164
  84   35  0.29997000  0.29997000  0.00000000  6.45233323  0.59037434
  84   36  0.29997000  0.29997000  0.00000000  6.45233323  0.63963137
  84   37  0.29997000  0.29997000  0.00000000  6.45233323  0.64279159
  84   38  0.29997000  0.29997000  0.00000000  6.45233323  0.73792144
  84   39  0.29997000  0.29997000  0.00000000  6.45233323  0.73867482
  84   40  0.29997000  0.29997000  0.00000000  6.45233323  0.76144773
  84   41  0.29997000  0.29997000  0.00000000  6.45233323  0.76147205
  84   42  0.29997000  0.29997000  0.00000000  6.45233323  0.76275695
  84   43  0.29997000  0.29997000  0.00000000  6.45233323  0.76307923
  85    0  0.29163750  0.29163750  0.00000000  6.56235773 -5.36289454
  85    1  0.29163750  0.29163750  0.00000000  6.56235773 -5.36288414
  85    2  0.29163750  0.29163750  0.00000000  6.56235773 -3.19818194
  85    3  0.29163750  0.29163750  0.00000000  6.56235773 -3.19417728
  85    4  0.29163750  0.29163750  0.00000000  6.56235773 -2.99929498
  85    5  0.29163750  0.29163750  0.00000000  6.56235773 -2.99309576
  85    6  0.29163750  0.29163750  0.00000000  6.56235773 -2.98503143
  85    7  0.29163750  0.29163750  0.00000000  6.56235773 -2.98376851
  85    8  0.29163750  0.29163750  0.00000000  6.56235773 -1.03477756
  85    9  0.29163750  0.29163750  0.00000000  6.56235773 -1.02916974
  85   10  0.29163750  0.29163750  0.00000000  6.56235773 -1.02287705
  85   11  0.29163750  0.29163750  0.00000000  6.56235773 -1.02253355
  85   12  0.29163750  0.29163750  0.00000000  6.56235773 -0.45263807
  85   13  0.29163750  0.29163750  0.00000000  6.56235773 -0.45148715
  85   14  0.29163750  0.29163750  0.00000000  6.56235773 -0.42793601
  85   15  0.29163750  0.29163750  0.00000000  6.56235773 -0.42590332
  85   16  0.29163750  0.29163750  0.00000000  6.56235773 -0.34441437
  85   17  0.29163750  0.29163750  0.00000000  6.56235773 -0.34196016
  85   18  0.29163750  0.29163750  0.00000000  6.56235773 -0.31552217
  85   19  0.29163750  0.29163750  0.00000000  6.56235773 -0.31521978
  85   20  0.29163750  0.29163750  0.00000000  6.56235773 -0.29021401
  85   21  0.29163750  0.29163750  0.00000000  6.56235773 -0.28706391
  85   22  0.29163750  0.29163750  0.00000000  6.56235773 -0.21607599
  85   23  0.29163750  0.29163750  0.00000000  6.56235773 -0.21544179
  85   24  0.29163750  0.29163750  0.00000000  6.56235773 -0.03279216
  85   25  0.29163750  0.29163750  0.00000000  6.56235773 -0.02291195
  85   26  0.29163750  0.29163750  0.00000000  6.56235773  0.19791400
  85   27  0.29163750  0.29163750  0.00000000  6.56235773  0.19849109
  85   28  0.29163750  0.29163750  0.00000000  6.56235773  0.28399992
  85   29  0.29163750  0.29163750  0.00000000  6.56235773  0.28678974
  85   30  0.29163750  0.29163750  0.00000000  6.56235773  0.31293875
  85   31  0.29163750  0.29163750  0.00000000  6.56235773  0.32305507
  85   32  0.29163750  0.29163750  0.00000000  6.56235773  0.41441758
  85   33  0.29163750  0.29163750  0.00000000  6.56235773  0.41984345
  85   34  0.29163750  0.29163750  0.00000000  6.56235773  0.58618714
  85   35  0.29163750  0.29163750  0.00000000  6.56235773  0.58982583
  85   36  0.29163750  0.29163750  0.00000000  6.56235773  0.64572893
  85   37  0.29163750  0.29163750  0.00000000  6.56235773  0.64944203
  85   38  0.29163750  0.29163750  0.00000000  6.56235773  0.73841055
  85   39  0.29163750  0.29163750  0.00000000  6.56235773  0.73915529
  85   40  0.29163750  0.29163750  0.00000000  6.56235773  0.76638739
  85   41  0.29163750  0.29163750  0.00000000  6.56235773  0.76640980
  85   42  0.29163750  0.29163750  0.00000000  6.56235773  0.76758035
  85   43  0.29163750  0.29163750  0.00000000  6.56235773  0.76794677
  86    0  0.28330500  0.28330500  0.00000000  6.67238222 -5.36295107
  86    1  0.28330500  0.28330500  0.00000000  6.67238222 -5.36294155
  86    2  0.28330500  0.28330500  0.00000000  6.67238222 -3.19798457
  86    3  0.28330500  0.28330500  0.00000000  6.67238222 -3.19410537
  86    4  0.28330500  0.28330500  0.00000000  6.67238222 -2.99911069
  86    5  0.28330500  0.28330500  0.00000000  6.67238222 -2.99320872
  86    6  0.28330500  0.28330500  0.00000000  6.67238222 -2.98463037
  86    7  0.28330500  0.28330500  0.00000000  6.67238222 -2.98351677
  86    8  0.28330500  0.28330500  0.00000000  6.67238222 -1.03780979
  86    9  0.28330500  0.28330500  0.00000000  6.67238222 -1.03238972
  86   10  0.28330500  0.28330500  0.00000000  6.67238222 -1.02434323
  86   11  0.28330500  0.28330500  0.00000000  6.67238222 -1.02399821
  86   12  0.28330500  0.28330500  0.00000000  6.67238222 -0.44758763
  86   13  0.28330500  0.28330500  0.00000000  6.67238222 -0.44642012
  86   14  0.28330500  0.28330500  0.00000000  6.67238222 -0.43183600
  86   15  0.28330500  0.28330500  0.00000000  6.67238222 -0.43008812
  86   16  0.28330500  0.28330500  0.00000000  6.67238222 -0.33831738
  86   17  0.28330500  0.28330500  0.00000000  6.67238222 -0.33689748
  86   18  0.28330500  0.28330500  0.00000000  6.67238222 -0.31179505
  86   19  0.28330500  0.28330500  0.00000000  6.67238222 -0.31005152
  86   20  0.28330500  0.28330500  0.00000000  6.67238222 -0.29300485
  86   21  0.28330500  0.28330500  0.00000000  6.67238222 -0.28998716
  86   22  0.28330500  0.28330500  0.00000000  6.67238222 -0.21139034
  86   23  0.28330500  0.28330500  0.00000000  6.67238222 -0.21104740
  86   24  0.28330500  0.28330500  0.00000000  6.67238222 -0.03962490
  86   25  0.28330500  0.28330500  0.00000000  6.67238222 -0.03026887
  86   26  0.28330500  0.28330500  0.00000000  6.67238222  0.20330713
  86   27  0.28330500  0.28330500  0.00000000  6.67238222  0.20358441
  86   28  0.28330500  0.28330500  0.00000000  6.67238222  0.28480061
  86   29  0.28330500  0.28330500  0.00000000  6.67238222  0.28731118
  86   30  0.28330500  0.28330500  0.00000000  6.67238222  0.30689844
  86   31  0.28330500  0.28330500  0.00000000  6.67238222  0.31653325
  86   32  0.28330500  0.28330500  0.00000000  6.67238222  0.41170610
  86   33  0.28330500  0.28330500  0.00000000  6.67238222  0.41686131
  86   34  0.28330500  0.28330500  0.00000000  6.67238222  0.58727692
  86   35  0.28330500  0.28330500  0.00000000  6.67238222  0.59047698
  86   36  0.28330500  0.28330500  0.00000000  6.67238222  0.65175258
  86   37  0.28330500  0.28330500  0.00000000  6.67238222  0.65591474
  86   38  0.28330500  0.28330500  0.00000000  6.67238222  0.73831147
  86   39  0.28330500  0.28330500  0.00000000  6.67238222  0.73903472
  86   40  0.28330500  0.28330500  0.00000000  6.67238222  0.77260282
  86   41  0.28330500  0.28330500  0.00000000  6.67238222  0.77261605
  86   42  0.28330500  0.28330500  0.00000000  6.67238222  0.77354151
  86   43  0.28330500  0.28330500  0.00000000  6.67238222  0.77395603
  87    0  0.27497250  0.27497250  0.00000000  6.78240672 -5.36301858
  87    1  0.27497250  0.27497250  0.00000000  6.78240672 -5.36300994
  87    2  0.27497250  0.27497250  0.00000000  6.78240672 -3.19775377
  87    3  0.27497250  0.27497250  0.00000000  6.78240672 -3.19401431
  87    4  0.27497250  0.27497250  0.00000000  6.78240672 -2.99887280
  87    5  0.27497250  0.27497250  0.00000000  6.78240672 -2.99327991
  87    6  0.27497250  0.27497250  0.00000000  6.78240672 -2.98422038
  87    7  0.27497250  0.27497250  0.00000000  6.78240672 -2.98324999
  87    8  0.27497250  0.27497250  0.00000000  6.78240672 -1.04151221
  87    9  0.27497250  0.27497250  0.00000000  6.78240672 -1.03631066
  87   10  0.27497250  0.27497250  0.00000000  6.78240672 -1.02611721
  87   11  0.27497250  0.27497250  0.00000000  6.78240672 -1.02577464
  87   12  0.27497250  0.27497250  0.00000000  6.78240672 -0.44172831
  87   13  0.27497250  0.27497250  0.00000000  6.78240672 -0.44054497
  87   14  0.27497250  0.27497250  0.00000000  6.78240672 -0.43493887
  87   15  0.27497250  0.27497250  0.00000000  6.78240672 -0.43350010
  87   16  0.27497250  0.27497250  0.00000000  6.78240672 -0.33379370
  87   17  0.27497250  0.27497250  0.00000000  6.78240672 -0.33331747
  87   18  0.27497250  0.27497250  0.00000000  6.78240672 -0.30623771
  87   19  0.27497250  0.27497250  0.00000000  6.78240672 -0.30304853
  87   20  0.27497250  0.27497250  0.00000000  6.78240672 -0.29568155
  87   21  0.27497250  0.27497250  0.00000000  6.78240672 -0.29270108
  87   22  0.27497250  0.27497250  0.00000000  6.78240672 -0.20618079
  87   23  0.27497250  0.27497250  0.00000000  6.78240672 -0.20612015
  87   24  0.27497250  0.27497250  0.00000000  6.78240672 -0.04667196
  87   25  0.27497250  0.27497250  0.00000000  6.78240672 -0.03778300
  87   26  0.27497250  0.27497250  0.00000000  6.78240672  0.20820262
  87   27  0.27497250  0.27497250  0.00000000  6.78240672  0.20837976
  87   28  0.27497250  0.27497250  0.00000000  6.78240672  0.28545995
  87   29  0.27497250  0.27497250  0.00000000  6.78240672  0.28758867
  87   30  0.27497250  0.27497250  0.00000000  6.78240672  0.30023792
  87   31  0.27497250  0.27497250  0.00000000  6.78240672  0.30921007
  87   32  0.27497250  0.27497250  0.00000000  6.78240672  0.40878683
  87   33  0.27497250  0.27497250  0.00000000  6.78240672  0.41360397
  87   34  0.27497250  0.27497250  0.00000000  6.78240672  0.58948942
  87   35  0.27497250  0.27497250  0.00000000  6.78240672  0.59229611
  87   36  0.27497250  0.27497250  0.00000000  6.78240672  0.65763873
  87   37  0.27497250  0.27497250  0.00000000  6.78240672  0.66214635
  87   38  0.27497250  0.27497250  0.00000000  6.78240672  0.73759328
  87   39  0.27497250  0.27497250  0.00000000  6.78240672  0.73828545
  87   40  0.27497250  0.27497250  0.00000000  6.78240672  0.78048621
  87   41  0.27497250  0.27497250  0.00000000  6.78240672  0.78049591
  87   42  0.27497250  0.27497250  0.00000000  6.78240672  0.78107816
  87   43  0.27497250  0.27497250  0.00000000  6.78240672  0.78154447
  88    0  0.26664000  0.26664000  0.00000000  6.89243122 -5.36309705
  88    1  0.26664000  0.26664000  0.00000000  6.89243122 -5.36308929
  88    2  0.26664000  0.26664000  0.00000000  6.89243122 -3.19748890
  88    3  0.26664000  0.26664000  0.00000000  6.89243122 -3.19390207
  88    4  0.26664000  0.26664000  0.00000000  6.89243122 -2.99857501
  88    5  0.26664000  0.26664000  0.00000000  6.89243122 -2.99329901
  88    6  0.26664000  0.26664000  0.00000000  6.89243122 -2.98381028
  88    7  0.26664000  0.26664000  0.00000000  6.89243122 -2.98297459
  88    8  0.26664000  0.26664000  0.00000000  6.89243122 -1.04588744
  88    9  0.26664000  0.26664000  0.00000000  6.89243122 -1.04093149
  88   10  0.26664000  0.26664000  0.00000000  6.89243122 -1.02819179
  88   11  0.26664000  0.26664000  0.00000000  6.89243122 -1.02785607
  88   12  0.26664000  0.26664000  0.00000000  6.89243122 -0.43724199
  88   13  0.26664000  0.26664000  0.00000000  6.89243122 -0.43616786
  88   14  0.26664000  0.26664000  0.00000000  6.89243122 -0.43503125
  88   15  0.26664000  0.26664000  0.00000000  6.89243122 -0.43379154
  88   16  0.26664000  0.26664000  0.00000000  6.89243122 -0.33103201
  88   17  0.26664000  0.26664000  0.00000000  6.89243122 -0.33096306
  88   18  0.26664000  0.26664000  0.00000000  6.89243122 -0.30008454
  88   19  0.26664000  0.26664000  0.00000000  6.89243122 -0.29901708
  88   20  0.26664000  0.26664000  0.00000000  6.89243122 -0.29386613
  88   21  0.26664000  0.26664000  0.00000000  6.89243122 -0.29365580
  88   22  0.26664000  0.26664000  0.00000000  6.89243122 -0.20078280
  88   23  0.26664000  0.26664000  0.00000000  6.89243122 -0.20057381
  88   24  0.26664000  0.26664000  0.00000000  6.89243122 -0.05365070
  88   25  0.26664000  0.26664000  0.00000000  6.89243122 -0.04516632
  88   26  0.26664000  0.26664000  0.00000000  6.89243122  0.21219209
  88   27  0.26664000  0.26664000  0.00000000  6.89243122  0.21253063
  88   28  0.26664000  0.26664000  0.00000000  6.89243122  0.28584165
  88   29  0.26664000  0.26664000  0.00000000  6.89243122  0.28735609
  88   30  0.26664000  0.26664000  0.00000000  6.89243122  0.29339518
  88   31  0.26664000  0.26664000  0.00000000  6.89243122  0.30135699
  88   32  0.26664000  0.26664000  0.00000000  6.89243122  0.40579193
  88   33  0.26664000  0.26664000  0.00000000  6.89243122  0.41019742
  88   34  0.26664000  0.26664000  0.00000000  6.89243122  0.59275363
  88   35  0.26664000  0.26664000  0.00000000  6.89243122  0.59520283
  88   36  0.26664000  0.26664000  0.00000000  6.89243122  0.66334837
  88   37  0.26664000  0.26664000  0.00000000  6.89243122  0.66808464
  88   38  0.26664000  0.26664000  0.00000000  6.89243122  0.73627288
  88   39  0.26664000  0.26664000  0.00000000  6.89243122  0.73692669
  88   40  0.26664000  0.26664000  0.00000000  6.89243122  0.79072737
  88   41  0.26664000  0.26664000  0.00000000  6.89243122  0.79091135
  88   42  0.26664000  0.26664000  0.00000000  6.89243122  0.79111221
  88   43  0.26664000  0.26664000  0.00000000  6.89243122  0.79154183
  89    0  0.25830750  0.25830750  0.00000000  7.00245571 -5.36318630
  89    1  0.25830750  0.25830750  0.00000000  7.00245571 -5.36317941
  89    2  0.25830750  0.25830750  0.00000000  7.00245571 -3.19718951
  89    3  0.25830750  0.25830750  0.00000000  7.00245571 -3.19376690
  89    4  0.25830750  0.25830750  0.00000000  7.00245571 -2.99821206
  89    5  0.25830750  0.25830750  0.00000000  7.00245571 -2.99325865
  89    6  0.25830750  0.25830750  0.00000000  7.00245571 -2.98340607
  89    7  0.25830750  0.25830750  0.00000000  7.00245571 -2.98269597
  89    8  0.25830750  0.25830750  0.00000000  7.00245571 -1.05092710
  89    9  0.25830750  0.25830750  0.00000000  7.00245571 -1.04623912
  89   10  0.25830750  0.25830750  0.00000000  7.00245571 -1.03055676
  89   11  0.25830750  0.25830750  0.00000000  7.00245571 -1.03023212
  89   12  0.25830750  0.25830750  0.00000000  7.00245571 -0.43857603
  89   13  0.25830750  0.25830750  0.00000000  7.00245571 -0.43782648
  89   14  0.25830750  0.25830750  0.00000000  7.00245571 -0.42768846
  89   15  0.25830750  0.25830750  0.00000000  7.00245571 -0.42643916
  89   16  0.25830750  0.25830750  0.00000000  7.00245571 -0.32969717
  89   17  0.25830750  0.25830750  0.00000000  7.00245571 -0.32944503
  89   18  0.25830750  0.25830750  0.00000000  7.00245571 -0.30117573
  89   19  0.25830750  0.25830750  0.00000000  7.00245571 -0.29958434
  89   20  0.25830750  0.25830750  0.00000000  7.00245571 -0.28763992
  89   21  0.25830750  0.25830750  0.00000000  7.00245571 -0.28408751
  89   22  0.25830750  0.25830750  0.00000000  7.00245571 -0.19514063
  89   23  0.25830750  0.25830750  0.00000000  7.00245571 -0.19467463
  89   24  0.25830750  0.25830750  0.00000000  7.00245571 -0.06031535
  89   25  0.25830750  0.25830750  0.00000000  7.00245571 -0.05217528
  89   26  0.25830750  0.25830750  0.00000000  7.00245571  0.21489917
  89   27  0.25830750  0.25830750  0.00000000  7.00245571  0.21571981
  89   28  0.25830750  0.25830750  0.00000000  7.00245571  0.28492584
  89   29  0.25830750  0.25830750  0.00000000  7.00245571  0.28581796
  89   30  0.25830750  0.25830750  0.00000000  7.00245571  0.28829335
  89   31  0.25830750  0.25830750  0.00000000  7.00245571  0.29328801
  89   32  0.25830750  0.25830750  0.00000000  7.00245571  0.40283838
  89   33  0.25830750  0.25830750  0.00000000  7.00245571  0.40675684
  89   34  0.25830750  0.25830750  0.00000000  7.00245571  0.59696238
  89   35  0.25830750  0.25830750  0.00000000  7.00245571  0.59908729
  89   36  0.25830750  0.25830750  0.00000000  7.00245571  0.66885069
  89   37  0.25830750  0.25830750  0.00000000  7.00245571  0.67367749
  89   38  0.25830750  0.25830750  0.00000000  7.00245571  0.73440272
  89   39  0.25830750  0.25830750  0.00000000  7.00245571  0.73501243
  89   40  0.25830750  0.25830750  0.00000000  7.00245571  0.80473876
  89   41  0.25830750  0.25830750  0.00000000  7.00245571  0.80581737
  89   42  0.25830750  0.25830750  0.00000000  7.00245571  0.80623820
  89   43  0.25830750  0.25830750  0.00000000  7.00245571  0.80635930
  90    0  0.24997500  0.24997500  0.00000000  7.11248021 -5.36328592
  90    1  0.24997500  0.24997500  0.00000000  7.11248021 -5.36327988
  90    2  0.24997500  0.24997500  0.00000000  7.11248021 -3.19685551
  90    3  0.24997500  0.24997500  0.00000000  7.11248021 -3.19360737
  90    4  0.24997500  0.24997500  0.00000000  7.11248021 -2.99777996
  90    5  0.24997500  0.24997500  0.00000000  7.11248021 -2.99315370
  90    6  0.24997500  0.24997500  0.00000000  7.11248021 -2.98301157
  90    7  0.24997500  0.24997500  0.00000000  7.11248021 -2.98241842
  90    8  0.24997500  0.24997500  0.00000000  7.11248021 -1.05661184
  90    9  0.24997500  0.24997500  0.00000000  7.11248021 -1.05220894
  90   10  0.24997500  0.24997500  0.00000000  7.11248021 -1.03319948
  90   11  0.24997500  0.24997500  0.00000000  7.11248021 -1.03288961
  90   12  0.24997500  0.24997500  0.00000000  7.11248021 -0.43906375
  90   13  0.24997500  0.24997500  0.00000000  7.11248021 -0.43866085
  90   14  0.24997500  0.24997500  0.00000000  7.11248021 -0.41963860
  90   15  0.24997500  0.24997500  0.00000000  7.11248021 -0.41835665
  90   16  0.24997500  0.24997500  0.00000000  7.11248021 -0.32908176
  90   17  0.24997500  0.24997500  0.00000000  7.11248021 -0.32885612
  90   18  0.24997500  0.24997500  0.00000000  7.11248021 -0.30318933
  90   19  0.24997500  0.24997500  0.00000000  7.11248021 -0.30129341
  90   20  0.24997500  0.24997500  0.00000000  7.11248021 -0.27788958
  90   21  0.24997500  0.24997500  0.00000000  7.11248021 -0.27358833
  90   22  0.24997500  0.24997500  0.00000000  7.11248021 -0.18928477
  90   23  0.24997500  0.24997500  0.00000000  7.11248021 -0.18857291
  90   24  0.24997500  0.24997500  0.00000000  7.11248021 -0.06646508
  90   25  0.24997500  0.24997500  0.00000000  7.11248021 -0.05861575
  90   26  0.24997500  0.24997500  0.00000000  7.11248021  0.21600522
  90   27  0.24997500  0.24997500  0.00000000  7.11248021  0.21766617
  90   28  0.24997500  0.24997500  0.00000000  7.11248021  0.27894360
  90   29  0.24997500  0.24997500  0.00000000  7.11248021  0.28528042
  90   30  0.24997500  0.24997500  0.00000000  7.11248021  0.28534671
  90   31  0.24997500  0.24997500  0.00000000  7.11248021  0.28656497
  90   32  0.24997500  0.24997500  0.00000000  7.11248021  0.40001332
  90   33  0.24997500  0.24997500  0.00000000  7.11248021  0.40337432
  90   34  0.24997500  0.24997500  0.00000000  7.11248021  0.60198675
  90   35  0.24997500  0.24997500  0.00000000  7.11248021  0.60382282
  90   36  0.24997500  0.24997500  0.00000000  7.11248021  0.67411086
  90   37  0.24997500  0.24997500  0.00000000  7.11248021  0.67886440
  90   38  0.24997500  0.24997500  0.00000000  7.11248021  0.73205819
  90   39  0.24997500  0.24997500  0.00000000  7.11248021  0.73261936
  90   40  0.24997500  0.24997500  0.00000000  7.11248021  0.82332287
  90   41  0.24997500  0.24997500  0.00000000  7.11248021  0.82455727
  90   42  0.24997500  0.24997500  0.00000000  7.11248021  0.82974162
  90   43  0.24997500  0.24997500  0.00000000  7.11248021  0.83125010
  91    0  0.24164250  0.24164250  0.00000000  7.22250471 -5.36339536
  91    1  0.24164250  0.24164250  0.00000000  7.22250471 -5.36339011
  91    2  0.24164250  0.24164250  0.00000000  7.22250471 -3.19648711
  91    3  0.24164250  0.24164250  0.00000000  7.22250471 -3.19342235
  91    4  0.24164250  0.24164250  0.00000000  7.22250471 -2.99727607
  91    5  0.24164250  0.24164250  0.00000000  7.22250471 -2.99298091
  91    6  0.24164250  0.24164250  0.00000000  7.22250471 -2.98262886
  91    7  0.24164250  0.24164250  0.00000000  7.22250471 -2.98214501
  91    8  0.24164250  0.24164250  0.00000000  7.22250471 -1.06291171
  91    9  0.24164250  0.24164250  0.00000000  7.22250471 -1.05880557
  91   10  0.24164250  0.24164250  0.00000000  7.22250471 -1.03610530
  91   11  0.24164250  0.24164250  0.00000000  7.22250471 -1.03581318
  91   12  0.24164250  0.24164250  0.00000000  7.22250471 -0.43871164
  91   13  0.24164250  0.24164250  0.00000000  7.22250471 -0.43865642
  91   14  0.24164250  0.24164250  0.00000000  7.22250471 -0.41096759
  91   15  0.24164250  0.24164250  0.00000000  7.22250471 -0.40964326
  91   16  0.24164250  0.24164250  0.00000000  7.22250471 -0.32906989
  91   17  0.24164250  0.24164250  0.00000000  7.22250471 -0.32897144
  91   18  0.24164250  0.24164250  0.00000000  7.22250471 -0.30477973
  91   19  0.24164250  0.24164250  0.00000000  7.22250471 -0.30280953
  91   20  0.24164250  0.24164250  0.00000000  7.22250471 -0.26729073
  91   21  0.24164250  0.24164250  0.00000000  7.22250471 -0.26260458
  91   22  0.24164250  0.24164250  0.00000000  7.22250471 -0.18329556
  91   23  0.24164250  0.24164250  0.00000000  7.22250471 -0.18234728
  91   24  0.24164250  0.24164250  0.00000000  7.22250471 -0.07195059
  91   25  0.24164250  0.24164250  0.00000000  7.22250471 -0.06434730
  91   26  0.24164250  0.24164250  0.00000000  7.22250471  0.21531863
  91   27  0.24164250  0.24164250  0.00000000  7.22250471  0.21814797
  91   28  0.24164250  0.24164250  0.00000000  7.22250471  0.27312757
  91   29  0.24164250  0.24164250  0.00000000  7.22250471  0.27787534
  91   30  0.24164250  0.24164250  0.00000000  7.22250471  0.28415374
  91   31  0.24164250  0.24164250  0.00000000  7.22250471  0.28474895
  91   32  0.24164250  0.24164250  0.00000000  7.22250471  0.39736046
  91   33  0.24164250  0.24164250  0.00000000  7.22250471  0.40010653
  91   34  0.24164250  0.24164250  0.00000000  7.22250471  0.60769419
  91   35  0.24164250  0.24164250  0.00000000  7.22250471  0.60928703
  91   36  0.24164250  0.24164250  0.00000000  7.22250471  0.67907835
  91   37  0.24164250  0.24164250  0.00000000  7.22250471  0.68356796
  91   38  0.24164250  0.24164250  0.00000000  7.22250471  0.72933014
  91   39  0.24164250  0.24164250  0.00000000  7.22250471  0.72983961
  91   40  0.24164250  0.24164250  0.00000000  7.22250471  0.79456295
  91   41  0.24164250  0.24164250  0.00000000  7.22250471  0.79479689
  91   42  0.24164250  0.24164250  0.00000000  7.22250471  0.79632321
  91   43  0.24164250  0.24164250  0.00000000  7.22250471  0.79646929
  92    0  0.23331000  0.23331000  0.00000000  7.33252920 -5.36351385
  92    1  0.23331000  0.23331000  0.00000000  7.33252920 -5.36350937
  92    2  0.23331000  0.23331000  0.00000000  7.33252920 -3.19608495
  92    3  0.23331000  0.23331000  0.00000000  7.33252920 -3.19321106
  92    4  0.23331000  0.23331000  0.00000000  7.33252920 -2.99669928
  92    5  0.23331000  0.23331000  0.00000000  7.33252920 -2.99273868
  92    6  0.23331000  0.23331000  0.00000000  7.33252920 -2.98225849
  92    7  0.23331000  0.23331000  0.00000000  7.33252920 -2.98187754
  92    8  0.23331000  0.23331000  0.00000000  7.33252920 -1.06978691
  92    9  0.23331000  0.23331000  0.00000000  7.33252920 -1.06598393
  92   10  0.23331000  0.23331000  0.00000000  7.33252920 -1.03925782
  92   11  0.23331000  0.23331000  0.00000000  7.33252920 -1.03898568
  92   12  0.23331000  0.23331000  0.00000000  7.33252920 -0.43786015
  92   13  0.23331000  0.23331000  0.00000000  7.33252920 -0.43757315
  92   14  0.23331000  0.23331000  0.00000000  7.33252920 -0.40174273
  92   15  0.23331000  0.23331000  0.00000000  7.33252920 -0.40036459
  92   16  0.23331000  0.23331000  0.00000000  7.33252920 -0.32966916
  92   17  0.23331000  0.23331000  0.00000000  7.33252920 -0.32960120
  92   18  0.23331000  0.23331000  0.00000000  7.33252920 -0.30585467
  92   19  0.23331000  0.23331000  0.00000000  7.33252920 -0.30384865
  92   20  0.23331000  0.23331000  0.00000000  7.33252920 -0.25629707
  92   21  0.23331000  0.23331000  0.00000000  7.33252920 -0.25133969
  92   22  0.23331000  0.23331000  0.00000000  7.33252920 -0.17724525
  92   23  0.23331000  0.23331000  0.00000000  7.33252920 -0.17606856
  92   24  0.23331000  0.23331000  0.00000000  7.33252920 -0.07667868
  92   25  0.23331000  0.23331000  0.00000000  7.33252920 -0.06928626
  92   26  0.23331000  0.23331000  0.00000000  7.33252920  0.21288000
  92   27  0.23331000  0.23331000  0.00000000  7.33252920  0.21705969
  92   28  0.23331000  0.23331000  0.00000000  7.33252920  0.26810428
  92   29  0.23331000  0.23331000  0.00000000  7.33252920  0.27115691
  92   30  0.23331000  0.23331000  0.00000000  7.33252920  0.28235187
  92   31  0.23331000  0.23331000  0.00000000  7.33252920  0.28240176
  92   32  0.23331000  0.23331000  0.00000000  7.33252920  0.39487150
  92   33  0.23331000  0.23331000  0.00000000  7.33252920  0.39696526
  92   34  0.23331000  0.23331000  0.00000000  7.33252920  0.61395495
  92   35  0.23331000  0.23331000  0.00000000  7.33252920  0.61534997
  92   36  0.23331000  0.23331000  0.00000000  7.33252920  0.68367429
  92   37  0.23331000  0.23331000  0.00000000  7.33252920  0.68768476
  92   38  0.23331000  0.23331000  0.00000000  7.33252920  0.72632438
  92   39  0.23331000  0.23331000  0.00000000  7.33252920  0.72678054
  92   40  0.23331000  0.23331000  0.00000000  7.33252920  0.77721485
  92   41  0.23331000  0.23331000  0.00000000  7.33252920  0.77735063
  92   42  0.23331000  0.23331000  0.00000000  7.33252920  0.77988628
  92   43  0.23331000  0.23331000  0.00000000  7.33252920  0.78074660
  93    0  0.22497750  0.22497750  0.00000000  7.44255370 -5.36364052
  93    1  0.22497750  0.22497750  0.00000000  7.44255370 -5.36363674
  93    2  0.22497750  0.22497750  0.00000000  7.44255370 -3.19565010
  93    3  0.22497750  0.22497750  0.00000000  7.44255370 -3.19297308
  93    4  0.22497750  0.22497750  0.00000000  7.44255370 -2.99605014
  93    5  0.22497750  0.22497750  0.00000000  7.44255370 -2.99242693
  93    6  0.22497750  0.22497750  0.00000000  7.44255370 -2.98189970
  93    7  0.22497750  0.22497750  0.00000000  7.44255370 -2.98161647
  93    8  0.22497750  0.22497750  0.00000000  7.44255370 -1.07718882
  93    9  0.22497750  0.22497750  0.00000000  7.44255370 -1.07369051
  93   10  0.22497750  0.22497750  0.00000000  7.44255370 -1.04263889
  93   11  0.22497750  0.22497750  0.00000000  7.44255370 -1.04238827
  93   12  0.22497750  0.22497750  0.00000000  7.44255370 -0.43634289
  93   13  0.22497750  0.22497750  0.00000000  7.44255370 -0.43572508
  93   14  0.22497750  0.22497750  0.00000000  7.44255370 -0.39203804
  93   15  0.22497750  0.22497750  0.00000000  7.44255370 -0.39059177
  93   16  0.22497750  0.22497750  0.00000000  7.44255370 -0.33086374
  93   17  0.22497750  0.22497750  0.00000000  7.44255370 -0.33062450
  93   18  0.22497750  0.22497750  0.00000000  7.44255370 -0.30634452
  93   19  0.22497750  0.22497750  0.00000000  7.44255370 -0.30430476
  93   20  0.22497750  0.22497750  0.00000000  7.44255370 -0.24513685
  93   21  0.22497750  0.22497750  0.00000000  7.44255370 -0.23995342
  93   22  0.22497750  0.22497750  0.00000000  7.44255370 -0.17119982
  93   23  0.22497750  0.22497750  0.00000000  7.44255370 -0.16980168
  93   24  0.22497750  0.22497750  0.00000000  7.44255370 -0.08061318
  93   25  0.22497750  0.22497750  0.00000000  7.44255370 -0.07340542
  93   26  0.22497750  0.22497750  0.00000000  7.44255370  0.20901851
  93   27  0.22497750  0.22497750  0.00000000  7.44255370  0.21449464
  93   28  0.22497750  0.22497750  0.00000000  7.44255370  0.26384032
  93   29  0.22497750  0.22497750  0.00000000  7.44255370  0.26532357
  93   30  0.22497750  0.22497750  0.00000000  7.44255370  0.27935506
  93   31  0.22497750  0.22497750  0.00000000  7.44255370  0.28003622
  93   32  0.22497750  0.22497750  0.00000000  7.44255370  0.39248585
  93   33  0.22497750  0.22497750  0.00000000  7.44255370  0.39391412
  93   34  0.22497750  0.22497750  0.00000000  7.44255370  0.62062044
  93   35  0.22497750  0.22497750  0.00000000  7.44255370  0.62186950
  93   36  0.22497750  0.22497750  0.00000000  7.44255370  0.68777734
  93   37  0.22497750  0.22497750  0.00000000  7.44255370  0.69107736
  93   38  0.22497750  0.22497750  0.00000000  7.44255370  0.72316530
  93   39  0.22497750  0.22497750  0.00000000  7.44255370  0.72356836
  93   40  0.22497750  0.22497750  0.00000000  7.44255370  0.76484761
  93   41  0.22497750  0.22497750  0.00000000  7.44255370  0.76523096
  93   42  0.22497750  0.22497750  0.00000000  7.44255370  0.76837104
  93   43  0.22497750  0.22497750  0.00000000  7.44255370  0.77003084
  94    0  0.21664500  0.21664500  0.00000000  7.55257820 -5.36377433
  94    1  0.21664500  0.21664500  0.00000000  7.55257820 -5.36377121
  94    2  0.21664500  0.21664500  0.00000000  7.55257820 -3.19518417
  94    3  0.21664500  0.21664500  0.00000000  7.55257820 -3.19270833
  94    4  0.21664500  0.21664500  0.00000000  7.55257820 -2.99533106
  94    5  0.21664500  0.21664500  0.00000000  7.55257820 -2.99204712
  94    6  0.21664500  0.21664500  0.00000000  7.55257820 -2.98155046
  94    7  0.21664500  0.21664500  0.00000000  7.55257820 -2.98136091
  94    8  0.21664500  0.21664500  0.00000000  7.55257820 -1.08506123
  94    9  0.21664500  0.21664500  0.00000000  7.55257820 -1.08186480
  94   10  0.21664500  0.21664500  0.00000000  7.55257820 -1.04622854
  94   11  0.21664500  0.21664500  0.00000000  7.55257820 -1.04600038
  94   12  0.21664500  0.21664500  0.00000000  7.55257820 -0.43420051
  94   13  0.21664500  0.21664500  0.00000000  7.55257820 -0.43326974
  94   14  0.21664500  0.21664500  0.00000000  7.55257820 -0.38193895
  94   15  0.21664500  0.21664500  0.00000000  7.55257820 -0.38040716
  94   16  0.21664500  0.21664500  0.00000000  7.55257820 -0.33246404
  94   17  0.21664500  0.21664500  0.00000000  7.55257820 -0.33206830
  94   18  0.21664500  0.21664500  0.00000000  7.55257820 -0.30618530
  94   19  0.21664500  0.21664500  0.00000000  7.55257820 -0.30410223
  94   20  0.21664500  0.21664500  0.00000000  7.55257820 -0.23399165
  94   21  0.21664500  0.21664500  0.00000000  7.55257820 -0.22859805
  94   22  0.21664500  0.21664500  0.00000000  7.55257820 -0.16522019
  94   23  0.21664500  0.21664500  0.00000000  7.55257820 -0.16360683
  94   24  0.21664500  0.21664500  0.00000000  7.55257820 -0.08376895
  94   25  0.21664500  0.21664500  0.00000000  7.55257820 -0.07672774
  94   26  0.21664500  0.21664500  0.00000000  7.55257820  0.20427402
  94   27  0.21664500  0.21664500  0.00000000  7.55257820  0.21078718
  94   28  0.21664500  0.21664500  0.00000000  7.55257820  0.26009755
  94   29  0.21664500  0.21664500  0.00000000  7.55257820  0.26030917
  94   30  0.21664500  0.21664500  0.00000000  7.55257820  0.27582217
  94   31  0.21664500  0.21664500  0.00000000  7.55257820  0.27711267
  94   32  0.21664500  0.21664500  0.00000000  7.55257820  0.39009949
  94   33  0.21664500  0.21664500  0.00000000  7.55257820  0.39087315
  94   34  0.21664500  0.21664500  0.00000000  7.55257820  0.62752823
  94   35  0.21664500  0.21664500  0.00000000  7.55257820  0.62869009
  94   36  0.21664500  0.21664500  0.00000000  7.55257820  0.69121100
  94   37  0.21664500  0.21664500  0.00000000  7.55257820  0.69357404
  94   38  0.21664500  0.21664500  0.00000000  7.55257820  0.71999575
  94   39  0.21664500  0.21664500  0.00000000  7.55257820  0.72034748
  94   40  0.21664500  0.21664500  0.00000000  7.55257820  0.75513049
  94   41  0.21664500  0.21664500  0.00000000  7.55257820  0.75572345
  94   42  0.21664500  0.21664500  0.00000000  7.55257820  0.75965968
  94   43  0.21664500  0.21664500  0.00000000  7.55257820  0.76185329
  95    0  0.20831250  0.20831250  0.00000000  7.66260269 -5.36391415
  95    1  0.20831250  0.20831250  0.00000000  7.66260269 -5.36391162
  95    2  0.20831250  0.20831250  0.00000000  7.66260269 -3.19468926
  95    3  0.20831250  0.20831250  0.00000000  7.66260269 -3.19241713
  95    4  0.20831250  0.20831250  0.00000000  7.66260269 -2.99454648
  95    5  0.20831250  0.20831250  0.00000000  7.66260269 -2.99160237
  95    6  0.20831250  0.20831250  0.00000000  7.66260269 -2.98120752
  95    7  0.20831250  0.20831250  0.00000000  7.66260269 -2.98110848
  95    8  0.20831250  0.20831250  0.00000000  7.66260269 -1.09334172
  95    9  0.20831250  0.20831250  0.00000000  7.66260269 -1.09044068
  95   10  0.20831250  0.20831250  0.00000000  7.66260269 -1.05000482
  95   11  0.20831250  0.20831250  0.00000000  7.66260269 -1.04979950
  95   12  0.20831250  0.20831250  0.00000000  7.66260269 -0.43155915
  95   13  0.20831250  0.20831250  0.00000000  7.66260269 -0.43034089
  95   14  0.20831250  0.20831250  0.00000000  7.66260269 -0.37154947
  95   15  0.20831250  0.20831250  0.00000000  7.66260269 -0.36991274
  95   16  0.20831250  0.20831250  0.00000000  7.66260269 -0.33434773
  95   17  0.20831250  0.20831250  0.00000000  7.66260269 -0.33382166
  95   18  0.20831250  0.20831250  0.00000000  7.66260269 -0.30530749
  95   19  0.20831250  0.20831250  0.00000000  7.66260269 -0.30316641
  95   20  0.20831250  0.20831250  0.00000000  7.66260269 -0.22304073
  95   21  0.20831250  0.20831250  0.00000000  7.66260269 -0.21743855
  95   22  0.20831250  0.20831250  0.00000000  7.66260269 -0.15936293
  95   23  0.20831250  0.20831250  0.00000000  7.66260269 -0.15754015
  95   24  0.20831250  0.20831250  0.00000000  7.66260269 -0.08619633
  95   25  0.20831250  0.20831250  0.00000000  7.66260269 -0.07931135
  95   26  0.20831250  0.20831250  0.00000000  7.66260269  0.19923917
  95   27  0.20831250  0.20831250  0.00000000  7.66260269  0.20644625
  95   28  0.20831250  0.20831250  0.00000000  7.66260269  0.25590481
  95   29  0.20831250  0.20831250  0.00000000  7.66260269  0.25660979
  95   30  0.20831250  0.20831250  0.00000000  7.66260269  0.27185625
  95   31  0.20831250  0.20831250  0.00000000  7.66260269  0.27372245
  95   32  0.20831250  0.20831250  0.00000000  7.66260269  0.38758069
  95   33  0.20831250  0.20831250  0.00000000  7.66260269  0.38773080
  95   34  0.20831250  0.20831250  0.00000000  7.66260269  0.63449165
  95   35  0.20831250  0.20831250  0.00000000  7.66260269  0.63563220
  95   36  0.20831250  0.20831250  0.00000000  7.66260269  0.69374461
  95   37  0.20831250  0.20831250  0.00000000  7.66260269  0.69499181
  95   38  0.20831250  0.20831250  0.00000000  7.66260269  0.71696738
  95   39  0.20831250  0.20831250  0.00000000  7.66260269  0.71727015
  95   40  0.20831250  0.20831250  0.00000000  7.66260269  0.74711564
  95   41  0.20831250  0.20831250  0.00000000  7.66260269  0.74789514
  95   42  0.20831250  0.20831250  0.00000000  7.66260269  0.75311884
  95   43  0.20831250  0.20831250  0.00000000  7.66260269  0.75590583
  96    0  0.19998000  0.19998000  0.00000000  7.77262719 -5.36405875
  96    1  0.19998000  0.19998000  0.00000000  7.77262719 -5.36405673
  96    2  0.19998000  0.19998000  0.00000000  7.77262719 -3.19416806
  96    3  0.19998000  0.19998000  0.00000000  7.77262719 -3.19210022
  96    4  0.19998000  0.19998000  0.00000000  7.77262719 -2.99370318
  96    5  0.19998000  0.19998000  0.00000000  7.77262719 -2.99109761
  96    6  0.19998000  0.19998000  0.00000000  7.77262719 -2.98086638
  96    7  0.19998000  0.19998000  0.00000000  7.77262719 -2.98085524
  96    8  0.19998000  0.19998000  0.00000000  7.77262719 -1.10196306
  96    9  0.19998000  0.19998000  0.00000000  7.77262719 -1.09934784
  96   10  0.19998000  0.19998000  0.00000000  7.77262719 -1.05394359
  96   11  0.19998000  0.19998000  0.00000000  7.77262719 -1.05376103
  96   12  0.19998000  0.19998000  0.00000000  7.77262719 -0.42858342
  96   13  0.19998000  0.19998000  0.00000000  7.77262719 -0.42711301
  96   14  0.19998000  0.19998000  0.00000000  7.77262719 -0.36100414
  96   15  0.19998000  0.19998000  0.00000000  7.77262719 -0.35924566
  96   16  0.19998000  0.19998000  0.00000000  7.77262719 -0.33634348
  96   17  0.19998000  0.19998000  0.00000000  7.77262719 -0.33572012
  96   18  0.19998000  0.19998000  0.00000000  7.77262719 -0.30362085
  96   19  0.19998000  0.19998000  0.00000000  7.77262719 -0.30140676
  96   20  0.19998000  0.19998000  0.00000000  7.77262719 -0.21248351
  96   21  0.19998000  0.19998000  0.00000000  7.77262719 -0.20667015
  96   22  0.19998000  0.19998000  0.00000000  7.77262719 -0.15368063
  96   23  0.19998000  0.19998000  0.00000000  7.77262719 -0.15165419
  96   24  0.19998000  0.19998000  0.00000000  7.77262719 -0.08795422
  96   25  0.19998000  0.19998000  0.00000000  7.77262719 -0.08122445
  96   26  0.19998000  0.19998000  0.00000000  7.77262719  0.19444056
  96   27  0.19998000  0.19998000  0.00000000  7.77262719  0.20201824
  96   28  0.19998000  0.19998000  0.00000000  7.77262719  0.25188125
  96   29  0.19998000  0.19998000  0.00000000  7.77262719  0.25319081
  96   30  0.19998000  0.19998000  0.00000000  7.77262719  0.26758024
  96   31  0.19998000  0.19998000  0.00000000  7.77262719  0.26998063
  96   32  0.19998000  0.19998000  0.00000000  7.77262719  0.38436017
  96   33  0.19998000  0.19998000  0.00000000  7.77262719  0.38478834
  96   34  0.19998000  0.19998000  0.00000000  7.77262719  0.64128001
  96   35  0.19998000  0.19998000  0.00000000  7.77262719  0.64247173
  96   36  0.19998000  0.19998000  0.00000000  7.77262719  0.69513918
  96   37  0.19998000  0.19998000  0.00000000  7.77262719  0.69520430
  96   38  0.19998000  0.19998000  0.00000000  7.77262719  0.71422361
  96   39  0.19998000  0.19998000  0.00000000  7.77262719  0.71447901
  96   40  0.19998000  0.19998000  0.00000000  7.77262719  0.74038852
  96   41  0.19998000  0.19998000  0.00000000  7.77262719  0.74133079
  96   42  0.19998000  0.19998000  0.00000000  7.77262719  0.74854545
  96   43  0.19998000  0.19998000  0.00000000  7.77262719  0.75186592
  97    0  0.19164750  0.19164750  0.00000000  7.88265169 -5.36420678
  97    1  0.19164750  0.19164750  0.00000000  7.88265169 -5.36420523
  97    2  0.19164750  0.19164750  0.00000000  7.88265169 -3.19362380
  97    3  0.19164750  0.19164750  0.00000000  7.88265169 -3.19175878
  97    4  0.19164750  0.19164750  0.00000000  7.88265169 -2.99281048
  97    5  0.19164750  0.19164750  0.00000000  7.88265169 -2.99053977
  97    6  0.19164750  0.19164750  0.00000000  7.88265169 -2.98059552
  97    7  0.19164750  0.19164750  0.00000000  7.88265169 -2.98052118
  97    8  0.19164750  0.19164750  0.00000000  7.88265169 -1.11085459
  97    9  0.19164750  0.19164750  0.00000000  7.88265169 -1.10851319
  97   10  0.19164750  0.19164750  0.00000000  7.88265169 -1.05801840
  97   11  0.19164750  0.19164750  0.00000000  7.88265169 -1.05785813
  97   12  0.19164750  0.19164750  0.00000000  7.88265169 -0.42548657
  97   13  0.19164750  0.19164750  0.00000000  7.88265169 -0.42381261
  97   14  0.19164750  0.19164750  0.00000000  7.88265169 -0.35048741
  97   15  0.19164750  0.19164750  0.00000000  7.88265169 -0.34861169
  97   16  0.19164750  0.19164750  0.00000000  7.88265169 -0.33821566
  97   17  0.19164750  0.19164750  0.00000000  7.88265169 -0.33752577
  97   18  0.19164750  0.19164750  0.00000000  7.88265169 -0.30099139
  97   19  0.19164750  0.19164750  0.00000000  7.88265169 -0.29869891
  97   20  0.19164750  0.19164750  0.00000000  7.88265169 -0.20255641
  97   21  0.19164750  0.19164750  0.00000000  7.88265169 -0.19653688
  97   22  0.19164750  0.19164750  0.00000000  7.88265169 -0.14822205
  97   23  0.19164750  0.19164750  0.00000000  7.88265169 -0.14599846
  97   24  0.19164750  0.19164750  0.00000000  7.88265169 -0.08907278
  97   25  0.19164750  0.19164750  0.00000000  7.88265169 -0.08251181
  97   26  0.19164750  0.19164750  0.00000000  7.88265169  0.19029262
  97   27  0.19164750  0.19164750  0.00000000  7.88265169  0.19797684
  97   28  0.19164750  0.19164750  0.00000000  7.88265169  0.24808003
  97   29  0.19164750  0.19164750  0.00000000  7.88265169  0.24976134
  97   30  0.19164750  0.19164750  0.00000000  7.88265169  0.26312329
  97   31  0.19164750  0.19164750  0.00000000  7.88265169  0.26601365
  97   32  0.19164750  0.19164750  0.00000000  7.88265169  0.38063607
  97   33  0.19164750  0.19164750  0.00000000  7.88265169  0.38158916
  97   34  0.19164750  0.19164750  0.00000000  7.88265169  0.64758289
  97   35  0.19164750  0.19164750  0.00000000  7.88265169  0.64889991
  97   36  0.19164750  0.19164750  0.00000000  7.88265169  0.69425482
  97   37  0.19164750  0.19164750  0.00000000  7.88265169  0.69527557
  97   38  0.19164750  0.19164750  0.00000000  7.88265169  0.71188298
  97   39  0.19164750  0.19164750  0.00000000  7.88265169  0.71209202
  97   40  0.19164750  0.19164750  0.00000000  7.88265169  0.73477770
  97   41  0.19164750  0.19164750  0.00000000  7.88265169  0.73586353
  97   42  0.19164750  0.19164750  0.00000000  7.88265169  0.74582301
  97   43  0.19164750  0.19164750  0.00000000  7.88265169  0.74946215
  98    0  0.18331500  0.18331500  0.00000000  7.99267618 -5.36435689
  98    1  0.18331500  0.18331500  0.00000000  7.99267618 -5.36435573
  98    2  0.18331500  0.18331500  0.00000000  7.99267618 -3.19306026
  98    3  0.18331500  0.18331500  0.00000000  7.99267618 -3.19139443
  98    4  0.18331500  0.18331500  0.00000000  7.99267618 -2.99188057
  98    5  0.18331500  0.18331500  0.00000000  7.99267618 -2.98993802
  98    6  0.18331500  0.18331500  0.00000000  7.99267618 -2.98032170
  98    7  0.18331500  0.18331500  0.00000000  7.99267618 -2.98016471
  98    8  0.18331500  0.18331500  0.00000000  7.99267618 -1.11994356
  98    9  0.18331500  0.18331500  0.00000000  7.99267618 -1.11786213
  98   10  0.18331500  0.18331500  0.00000000  7.99267618 -1.06220053
  98   11  0.18331500  0.18331500  0.00000000  7.99267618 -1.06206172
  98   12  0.18331500  0.18331500  0.00000000  7.99267618 -0.42253848
  98   13  0.18331500  0.18331500  0.00000000  7.99267618 -0.42072684
  98   14  0.18331500  0.18331500  0.00000000  7.99267618 -0.34046838
  98   15  0.18331500  0.18331500  0.00000000  7.99267618 -0.33952082
  98   16  0.18331500  0.18331500  0.00000000  7.99267618 -0.33944100
  98   17  0.18331500  0.18331500  0.00000000  7.99267618 -0.33771677
  98   18  0.18331500  0.18331500  0.00000000  7.99267618 -0.29721273
  98   19  0.18331500  0.18331500  0.00000000  7.99267618 -0.29486707
  98   20  0.18331500  0.18331500  0.00000000  7.99267618 -0.19354485
  98   21  0.18331500  0.18331500  0.00000000  7.99267618 -0.18734921
  98   22  0.18331500  0.18331500  0.00000000  7.99267618 -0.14303193
  98   23  0.18331500  0.18331500  0.00000000  7.99267618 -0.14062039
  98   24  0.18331500  0.18331500  0.00000000  7.99267618 -0.08951219
  98   25  0.18331500  0.18331500  0.00000000  7.99267618 -0.08315892
  98   26  0.18331500  0.18331500  0.00000000  7.99267618  0.18709146
  98   27  0.18331500  0.18331500  0.00000000  7.99267618  0.19467534
  98   28  0.18331500  0.18331500  0.00000000  7.99267618  0.24443983
  98   29  0.18331500  0.18331500  0.00000000  7.99267618  0.24633239
  98   30  0.18331500  0.18331500  0.00000000  7.99267618  0.25861193
  98   31  0.18331500  0.18331500  0.00000000  7.99267618  0.26194927
  98   32  0.18331500  0.18331500  0.00000000  7.99267618  0.37644960
  98   33  0.18331500  0.18331500  0.00000000  7.99267618  0.37787120
  98   34  0.18331500  0.18331500  0.00000000  7.99267618  0.65295065
  98   35  0.18331500  0.18331500  0.00000000  7.99267618  0.65444700
  98   36  0.18331500  0.18331500  0.00000000  7.99267618  0.69246827
  98   37  0.18331500  0.18331500  0.00000000  7.99267618  0.69433266
  98   38  0.18331500  0.18331500  0.00000000  7.99267618  0.71003075
  98   39  0.18331500  0.18331500  0.00000000  7.99267618  0.71019664
  98   40  0.18331500  0.18331500  0.00000000  7.99267618  0.73024888
  98   41  0.18331500  0.18331500  0.00000000  7.99267618  0.73146614
  98   42  0.18331500  0.18331500  0.00000000  7.99267618  0.74468534
  98   43  0.18331500  0.18331500  0.00000000  7.99267618  0.74813933
  99    0  0.17498250  0.17498250  0.00000000  8.10270068 -5.36450764
  99    1  0.17498250  0.17498250  0.00000000  8.10270068 -5.36450682
  99    2  0.17498250  0.17498250  0.00000000  8.10270068 -3.19248167
  99    3  0.17498250  0.17498250  0.00000000  8.10270068 -3.19100929
  99    4  0.17498250  0.17498250  0.00000000  8.10270068 -2.99092878
  99    5  0.17498250  0.17498250  0.00000000  8.10270068 -2.98930389
  99    6  0.17498250  0.17498250  0.00000000  8.10270068 -2.98002405
  99    7  0.17498250  0.17498250  0.00000000  8.10270068 -2.97978839
  99    8  0.17498250  0.17498250  0.00000000  8.10270068 -1.12915641
  99    9  0.17498250  0.17498250  0.00000000  8.10270068 -1.12731974
  99   10  0.17498250  0.17498250  0.00000000  8.10270068 -1.06645912
  99   11  0.17498250  0.17498250  0.00000000  8.10270068 -1.06634063
  99   12  0.17498250  0.17498250  0.00000000  8.10270068 -0.42006079
  99   13  0.17498250  0.17498250  0.00000000  8.10270068 -0.41819649
  99   14  0.17498250  0.17498250  0.00000000  8.10270068 -0.34040518
  99   15  0.17498250  0.17498250  0.00000000  8.10270068 -0.33989002
  99   16  0.17498250  0.17498250  0.00000000  8.10270068 -0.33051193
  99   17  0.17498250  0.17498250  0.00000000  8.10270068 -0.32840189
  99   18  0.17498250  0.17498250  0.00000000  8.10270068 -0.29199858
  99   19  0.17498250  0.17498250  0.00000000  8.10270068 -0.28968715
  99   20  0.17498250  0.17498250  0.00000000  8.10270068 -0.18578284
  99   21  0.17498250  0.17498250  0.00000000  8.10270068 -0.17948873
  99   22  0.17498250  0.17498250  0.00000000  8.10270068 -0.13815034
  99   23  0.17498250  0.17498250  0.00000000  8.10270068 -0.13556635
  99   24  0.17498250  0.17498250  0.00000000  8.10270068 -0.08913485
  99   25  0.17498250  0.17498250  0.00000000  8.10270068 -0.08306811
  99   26  0.17498250  0.17498250  0.00000000  8.10270068  0.18501965
  99   27  0.17498250  0.17498250  0.00000000  8.10270068  0.19233847
  99   28  0.17498250  0.17498250  0.00000000  8.10270068  0.24098375
  99   29  0.17498250  0.17498250  0.00000000  8.10270068  0.24297822
  99   30  0.17498250  0.17498250  0.00000000  8.10270068  0.25416544
  99   31  0.17498250  0.17498250  0.00000000  8.10270068  0.25790976
  99   32  0.17498250  0.17498250  0.00000000  8.10270068  0.37171886
  99   33  0.17498250  0.17498250  0.00000000  8.10270068  0.37355306
  99   34  0.17498250  0.17498250  0.00000000  8.10270068  0.65672792
  99   35  0.17498250  0.17498250  0.00000000  8.10270068  0.65837107
  99   36  0.17498250  0.17498250  0.00000000  8.10270068  0.69050990
  99   37  0.17498250  0.17498250  0.00000000  8.10270068  0.69287187
  99   38  0.17498250  0.17498250  0.00000000  8.10270068  0.70872026
  99   39  0.17498250  0.17498250  0.00000000  8.10270068  0.70885138
  99   40  0.17498250  0.17498250  0.00000000  8.10270068  0.72685201
  99   41  0.17498250  0.17498250  0.00000000  8.10270068  0.72819104
  99   42  0.17498250  0.17498250  0.00000000  8.10270068  0.74454760
  99   43  0.17498250  0.17498250  0.00000000  8.10270068  0.74594168
 100    0  0.16665000  0.16665000  0.00000000  8.21272518 -5.36465761
 100    1  0.16665000  0.16665000  0.00000000  8.21272518 -5.36465706
 100    2  0.16665000  0.16665000  0.00000000  8.21272518 -3.19189271
 100    3  0.16665000  0.16665000  0.00000000  8.21272518 -3.19060592
 100    4  0.16665000  0.16665000  0.00000000  8.21272518 -2.98997371
 100    5  0.16665000  0.16665000  0.00000000  8.21272518 -2.98865124
 100    6  0.16665000  0.16665000  0.00000000  8.21272518 -2.97969060
 100    7  0.16665000  0.16665000  0.00000000  8.21272518 -2.97938241
 100    8  0.16665000  0.16665000  0.00000000  8.21272518 -1.13841991
 100    9  0.16665000  0.16665000  0.00000000  8.21272518 -1.13681187
 100   10  0.16665000  0.16665000  0.00000000  8.21272518 -1.07076148
 100   11  0.16665000  0.16665000  0.00000000  8.21272518 -1.07066195
 100   12  0.16665000  0.16665000  0.00000000  8.21272518 -0.41839267
 100   13  0.16665000  0.16665000  0.00000000  8.21272518 -0.41657400
 100   14  0.16665000  0.16665000  0.00000000  8.21272518 -0.33994798
 100   15  0.16665000  0.16665000  0.00000000  8.21272518 -0.33958696
 100   16  0.16665000  0.16665000  0.00000000  8.21272518 -0.32170994
 100   17  0.16665000  0.16665000  0.00000000  8.21272518 -0.31972508
 100   18  0.16665000  0.16665000  0.00000000  8.21272518 -0.28507354
 100   19  0.16665000  0.16665000  0.00000000  8.21272518 -0.28295619
 100   20  0.16665000  0.16665000  0.00000000  8.21272518 -0.17962386
 100   21  0.16665000  0.16665000  0.00000000  8.21272518 -0.17337312
 100   22  0.16665000  0.16665000  0.00000000  8.21272518 -0.13361170
 100   23  0.16665000  0.16665000  0.00000000  8.21272518 -0.13088184
 100   24  0.16665000  0.16665000  0.00000000  8.21272518 -0.08772283
 100   25  0.16665000  0.16665000  0.00000000  8.21272518 -0.08206982
 100   26  0.16665000  0.16665000  0.00000000  8.21272518  0.18415302
 100   27  0.16665000  0.16665000  0.00000000  8.21272518  0.19106933
 100   28  0.16665000  0.16665000  0.00000000  8.21272518  0.23779587
 100   29  0.16665000  0.16665000  0.00000000  8.21272518  0.23981218
 100   30  0.16665000  0.16665000  0.00000000  8.21272518  0.24989458
 100   31  0.16665000  0.16665000  0.00000000  8.21272518  0.25400842
 100   32  0.16665000  0.16665000  0.00000000  8.21272518  0.36639522
 100   33  0.16665000  0.16665000  0.00000000  8.21272518  0.36858862
 100   34  0.16665000  0.16665000  0.00000000  8.21272518  0.65811310
 100   35  0.16665000  0.16665000  0.00000000  8.21272518  0.65969066
 100   36  0.16665000  0.16665000  0.00000000  8.21272518  0.68926853
 100   37  0.16665000  0.16665000  0.00000000  8.21272518  0.69167412
 100   38  0.16665000  0.16665000  0.00000000  8.21272518  0.70797859
 100   39  0.16665000  0.16665000  0.00000000  8.21272518  0.70808780
 100   40  0.16665000  0.16665000  0.00000000  8.21272518  0.72466968
 100   41  0.16665000  0.16665000  0.00000000  8.21272518  0.72611252
 100   42  0.16665000  0.16665000  0.00000000  8.21272518  0.74334220
 100   43  0.16665000  0.16665000  0.00000000  8.21272518  0.74359889
 101    0  0.15831750  0.15831750  0.00000000  8.32274967 -5.36480537
 101    1  0.15831750  0.15831750  0.00000000  8.32274967 -5.36480505
 101    2  0.15831750  0.15831750  0.00000000  8.32274967 -3.19129833
 101    3  0.15831750  0.15831750  0.00000000  8.32274967 -3.19018734
 101    4  0.15831750  0.15831750  0.00000000  8.32274967 -2.98903695
 101    5  0.15831750  0.15831750  0.00000000  8.32274967 -2.98799589
 101    6  0.15831750  0.15831750  0.00000000  8.32274967 -2.97930744
 101    7  0.15831750  0.15831750  0.00000000  8.32274967 -2.97893619
 101    8  0.15831750  0.15831750  0.00000000  8.32274967 -1.14766221
 101    9  0.15831750  0.15831750  0.00000000  8.32274967 -1.14626612
 101   10  0.15831750  0.15831750  0.00000000  8.32274967 -1.07507362
 101   11  0.15831750  0.15831750  0.00000000  8.32274967 -1.07499147
 101   12  0.15831750  0.15831750  0.00000000  8.32274967 -0.41781782
 101   13  0.15831750  0.15831750  0.00000000  8.32274967 -0.41613837
 101   14  0.15831750  0.15831750  0.00000000  8.32274967 -0.33806955
 101   15  0.15831750  0.15831750  0.00000000  8.32274967 -0.33794529
 101   16  0.15831750  0.15831750  0.00000000  8.32274967 -0.31391586
 101   17  0.15831750  0.15831750  0.00000000  8.32274967 -0.31220585
 101   18  0.15831750  0.15831750  0.00000000  8.32274967 -0.27639336
 101   19  0.15831750  0.15831750  0.00000000  8.32274967 -0.27463897
 101   20  0.15831750  0.15831750  0.00000000  8.32274967 -0.17536781
 101   21  0.15831750  0.15831750  0.00000000  8.32274967 -0.16935327
 101   22  0.15831750  0.15831750  0.00000000  8.32274967 -0.12944474
 101   23  0.15831750  0.15831750  0.00000000  8.32274967 -0.12660877
 101   24  0.15831750  0.15831750  0.00000000  8.32274967 -0.08507145
 101   25  0.15831750  0.15831750  0.00000000  8.32274967 -0.07998999
 101   26  0.15831750  0.15831750  0.00000000  8.32274967  0.18447101
 101   27  0.15831750  0.15831750  0.00000000  8.32274967  0.19086300
 101   28  0.15831750  0.15831750  0.00000000  8.32274967  0.23499902
 101   29  0.15831750  0.15831750  0.00000000  8.32274967  0.23696778
 101   30  0.15831750  0.15831750  0.00000000  8.32274967  0.24590219
 101   31  0.15831750  0.15831750  0.00000000  8.32274967  0.25034858
 101   32  0.15831750  0.15831750  0.00000000  8.32274967  0.36046568
 101   33  0.15831750  0.15831750  0.00000000  8.32274967  0.36296830
 101   34  0.15831750  0.15831750  0.00000000  8.32274967  0.65658542
 101   35  0.15831750  0.15831750  0.00000000  8.32274967  0.65780801
 101   36  0.15831750  0.15831750  0.00000000  8.32274967  0.68922492
 101   37  0.15831750  0.15831750  0.00000000  8.32274967  0.69124564
 101   38  0.15831750  0.15831750  0.00000000  8.32274967  0.70781295
 101   39  0.15831750  0.15831750  0.00000000  8.32274967  0.70791339
 101   40  0.15831750  0.15831750  0.00000000  8.32274967  0.72371639
 101   41  0.15831750  0.15831750  0.00000000  8.32274967  0.72522184
 101   42  0.15831750  0.15831750  0.00000000  8.32274967  0.74137348
 101   43  0.15831750  0.15831750  0.00000000  8.32274967  0.74176944
 102    0  0.14998500  0.14998500  0.00000000  8.43277417 -5.36494956
 102    1  0.14998500  0.14998500  0.00000000  8.43277417 -5.36494941
 102    2  0.14998500  0.14998500  0.00000000  8.43277417 -3.19070373
 102    3  0.14998500  0.14998500  0.00000000  8.43277417 -3.18975701
 102    4  0.14998500  0.14998500  0.00000000  8.43277417 -2.98814204
 102    5  0.14998500  0.14998500  0.00000000  8.43277417 -2.98735473
 102    6  0.14998500  0.14998500  0.00000000  8.43277417 -2.97885970
 102    7  0.14998500  0.14998500  0.00000000  8.43277417 -2.97843937
 102    8  0.14998500  0.14998500  0.00000000  8.43277417 -1.15681373
 102    9  0.14998500  0.14998500  0.00000000  8.43277417 -1.15561266
 102   10  0.14998500  0.14998500  0.00000000  8.43277417 -1.07936087
 102   11  0.14998500  0.14998500  0.00000000  8.43277417 -1.07929436
 102   12  0.14998500  0.14998500  0.00000000  8.43277417 -0.41847932
 102   13  0.14998500  0.14998500  0.00000000  8.43277417 -0.41700505
 102   14  0.14998500  0.14998500  0.00000000  8.43277417 -0.33480275
 102   15  0.14998500  0.14998500  0.00000000  8.43277417 -0.33464454
 102   16  0.14998500  0.14998500  0.00000000  8.43277417 -0.30702851
 102   17  0.14998500  0.14998500  0.00000000  8.43277417 -0.30566799
 102   18  0.14998500  0.14998500  0.00000000  8.43277417 -0.26626457
 102   19  0.14998500  0.14998500  0.00000000  8.43277417 -0.26496107
 102   20  0.14998500  0.14998500  0.00000000  8.43277417 -0.17315908
 102   21  0.14998500  0.14998500  0.00000000  8.43277417 -0.16756857
 102   22  0.14998500  0.14998500  0.00000000  8.43277417 -0.12567529
 102   23  0.14998500  0.14998500  0.00000000  8.43277417 -0.12278067
 102   24  0.14998500  0.14998500  0.00000000  8.43277417 -0.08113212
 102   25  0.14998500  0.14998500  0.00000000  8.43277417 -0.07675926
 102   26  0.14998500  0.14998500  0.00000000  8.43277417  0.18587333
 102   27  0.14998500  0.14998500  0.00000000  8.43277417  0.19162661
 102   28  0.14998500  0.14998500  0.00000000  8.43277417  0.23273460
 102   29  0.14998500  0.14998500  0.00000000  8.43277417  0.23458274
 102   30  0.14998500  0.14998500  0.00000000  8.43277417  0.24228514
 102   31  0.14998500  0.14998500  0.00000000  8.43277417  0.24702451
 102   32  0.14998500  0.14998500  0.00000000  8.43277417  0.35395211
 102   33  0.14998500  0.14998500  0.00000000  8.43277417  0.35671744
 102   34  0.14998500  0.14998500  0.00000000  8.43277417  0.65235029
 102   35  0.14998500  0.14998500  0.00000000  8.43277417  0.65312699
 102   36  0.14998500  0.14998500  0.00000000  8.43277417  0.68993994
 102   37  0.14998500  0.14998500  0.00000000  8.43277417  0.69143785
 102   38  0.14998500  0.14998500  0.00000000  8.43277417  0.70821729
 102   39  0.14998500  0.14998500  0.00000000  8.43277417  0.70831720
 102   40  0.14998500  0.14998500  0.00000000  8.43277417  0.72376783
 102   41  0.14998500  0.14998500  0.00000000  8.43277417  0.72526351
 102   42  0.14998500  0.14998500  0.00000000  8.43277417  0.74031294
 102   43  0.14998500  0.14998500  0.00000000  8.43277417  0.74073971
 103    0  0.14165250  0.14165250  0.00000000  8.54279867 -5.36508886
 103    1  0.14165250  0.14165250  0.00000000  8.54279867 -5.36508884
 103    2  0.14165250  0.14165250  0.00000000  8.54279867 -3.19011416
 103    3  0.14165250  0.14165250  0.00000000  8.54279867 -3.18931875
 103    4  0.14165250  0.14165250  0.00000000  8.54279867 -2.98731219
 103    5  0.14165250  0.14165250  0.00000000  8.54279867 -2.98674426
 103    6  0.14165250  0.14165250  0.00000000  8.54279867 -2.97833374
 103    7  0.14165250  0.14165250  0.00000000  8.54279867 -2.97788319
 103    8  0.14165250  0.14165250  0.00000000  8.54279867 -1.16580797
 103    9  0.14165250  0.14165250  0.00000000  8.54279867 -1.16478495
 103   10  0.14165250  0.14165250  0.00000000  8.54279867 -1.08358853
 103   11  0.14165250  0.14165250  0.00000000  8.54279867 -1.08353584
 103   12  0.14165250  0.14165250  0.00000000  8.54279867 -0.42034233
 103   13  0.14165250  0.14165250  0.00000000  8.54279867 -0.41909979
 103   14  0.14165250  0.14165250  0.00000000  8.54279867 -0.33019037
 103   15  0.14165250  0.14165250  0.00000000  8.54279867 -0.32974659
 103   16  0.14165250  0.14165250  0.00000000  8.54279867 -0.30078085
 103   17  0.14165250  0.14165250  0.00000000  8.54279867 -0.29975646
 103   18  0.14165250  0.14165250  0.00000000  8.54279867 -0.25517533
 103   19  0.14165250  0.14165250  0.00000000  8.54279867 -0.25432117
 103   20  0.14165250  0.14165250  0.00000000  8.54279867 -0.17291758
 103   21  0.14165250  0.14165250  0.00000000  8.54279867 -0.16787027
 103   22  0.14165250  0.14165250  0.00000000  8.54279867 -0.12233038
 103   23  0.14165250  0.14165250  0.00000000  8.54279867 -0.11942136
 103   24  0.14165250  0.14165250  0.00000000  8.54279867 -0.07609411
 103   25  0.14165250  0.14165250  0.00000000  8.54279867 -0.07249365
 103   26  0.14165250  0.14165250  0.00000000  8.54279867  0.18820369
 103   27  0.14165250  0.14165250  0.00000000  8.54279867  0.19320795
 103   28  0.14165250  0.14165250  0.00000000  8.54279867  0.23114061
 103   29  0.14165250  0.14165250  0.00000000  8.54279867  0.23278152
 103   30  0.14165250  0.14165250  0.00000000  8.54279867  0.23913871
 103   31  0.14165250  0.14165250  0.00000000  8.54279867  0.24412377
 103   32  0.14165250  0.14165250  0.00000000  8.54279867  0.34690832
 103   33  0.14165250  0.14165250  0.00000000  8.54279867  0.34989275
 103   34  0.14165250  0.14165250  0.00000000  8.54279867  0.64604398
 103   35  0.14165250  0.14165250  0.00000000  8.54279867  0.64646275
 103   36  0.14165250  0.14165250  0.00000000  8.54279867  0.69076712
 103   37  0.14165250  0.14165250  0.00000000  8.54279867  0.69183779
 103   38  0.14165250  0.14165250  0.00000000  8.54279867  0.70917506
 103   39  0.14165250  0.14165250  0.00000000  8.54279867  0.70927577
 103   40  0.14165250  0.14165250  0.00000000  8.54279867  0.72427133
 103   41  0.14165250  0.14165250  0.00000000  8.54279867  0.72567361
 103   42  0.14165250  0.14165250  0.00000000  8.54279867  0.74042393
 103   43  0.14165250  0.14165250  0.00000000  8.54279867  0.74085226
 104    0  0.13332000  0.13332000  0.00000000  8.65282316 -5.36522216
 104    1  0.13332000  0.13332000  0.00000000  8.65282316 -5.36522209
 104    2  0.13332000  0.13332000  0.00000000  8.65282316 -3.18953480
 104    3  0.13332000  0.13332000  0.00000000  8.65282316 -3.18887665
 104    4  0.13332000  0.13332000  0.00000000  8.65282316 -2.98656691
 104    5  0.13332000  0.13332000  0.00000000  8.65282316 -2.98617873
 104    6  0.13332000  0.13332000  0.00000000  8.65282316 -2.97772044
 104    7  0.13332000  0.13332000  0.00000000  8.65282316 -2.97726238
 104    8  0.13332000  0.13332000  0.00000000  8.65282316 -1.17458210
 104    9  0.13332000  0.13332000  0.00000000  8.65282316 -1.17372034
 104   10  0.13332000  0.13332000  0.00000000  8.65282316 -1.08772267
 104   11  0.13332000  0.13332000  0.00000000  8.65282316 -1.08768194
 104   12  0.13332000  0.13332000  0.00000000  8.65282316 -0.42323285
 104   13  0.13332000  0.13332000  0.00000000  8.65282316 -0.42221554
 104   14  0.13332000  0.13332000  0.00000000  8.65282316 -0.32428617
 104   15  0.13332000  0.13332000  0.00000000  8.65282316 -0.32358803
 104   16  0.13332000  0.13332000  0.00000000  8.65282316 -0.29489743
 104   17  0.13332000  0.13332000  0.00000000  8.65282316 -0.29415557
 104   18  0.13332000  0.13332000  0.00000000  8.65282316 -0.24358319
 104   19  0.13332000  0.13332000  0.00000000  8.65282316 -0.24313513
 104   20  0.13332000  0.13332000  0.00000000  8.65282316 -0.17436105
 104   21  0.13332000  0.13332000  0.00000000  8.65282316 -0.16988805
 104   22  0.13332000  0.13332000  0.00000000  8.65282316 -0.11943941
 104   23  0.13332000  0.13332000  0.00000000  8.65282316 -0.11655067
 104   24  0.13332000  0.13332000  0.00000000  8.65282316 -0.07032995
 104   25  0.13332000  0.13332000  0.00000000  8.65282316 -0.06748064
 104   26  0.13332000  0.13332000  0.00000000  8.65282316  0.19127909
 104   27  0.13332000  0.13332000  0.00000000  8.65282316  0.19543286
 104   28  0.13332000  0.13332000  0.00000000  8.65282316  0.23032235
 104   29  0.13332000  0.13332000  0.00000000  8.65282316  0.23164670
 104   30  0.13332000  0.13332000  0.00000000  8.65282316  0.23656962
 104   31  0.13332000  0.13332000  0.00000000  8.65282316  0.24173179
 104   32  0.13332000  0.13332000  0.00000000  8.65282316  0.33941566
 104   33  0.13332000  0.13332000  0.00000000  8.65282316  0.34257766
 104   34  0.13332000  0.13332000  0.00000000  8.65282316  0.63822647
 104   35  0.13332000  0.13332000  0.00000000  8.65282316  0.63840388
 104   36  0.13332000  0.13332000  0.00000000  8.65282316  0.69146896
 104   37  0.13332000  0.13332000  0.00000000  8.65282316  0.69224776
 104   38  0.13332000  0.13332000  0.00000000  8.65282316  0.71065830
 104   39  0.13332000  0.13332000  0.00000000  8.65282316  0.71075769
 104   40  0.13332000  0.13332000  0.00000000  8.65282316  0.72463157
 104   41  0.13332000  0.13332000  0.00000000  8.65282316  0.72589348
 104   42  0.13332000  0.13332000  0.00000000  8.65282316  0.74138568
 104   43  0.13332000  0.13332000  0.00000000  8.65282316  0.74147258
 105    0  0.12498750  0.12498750  0.00000000  8.76284766 -5.36534832
 105    1  0.12498750  0.12498750  0.00000000  8.76284766 -5.36534819
 105    2  0.12498750  0.12498750  0.00000000  8.76284766 -3.18897070
 105    3  0.12498750  0.12498750  0.00000000  8.76284766 -3.18843505
 105    4  0.12498750  0.12498750  0.00000000  8.76284766 -2.98591832
 105    5  0.12498750  0.12498750  0.00000000  8.76284766 -2.98566835
 105    6  0.12498750  0.12498750  0.00000000  8.76284766 -2.97701868
 105    7  0.12498750  0.12498750  0.00000000  8.76284766 -2.97657680
 105    8  0.12498750  0.12498750  0.00000000  8.76284766 -1.18307751
 105    9  0.12498750  0.12498750  0.00000000  8.76284766 -1.18236053
 105   10  0.12498750  0.12498750  0.00000000  8.76284766 -1.09173084
 105   11  0.12498750  0.12498750  0.00000000  8.76284766 -1.09170022
 105   12  0.12498750  0.12498750  0.00000000  8.76284766 -0.42691392
 105   13  0.12498750  0.12498750  0.00000000  8.76284766 -0.42609724
 105   14  0.12498750  0.12498750  0.00000000  8.76284766 -0.31733741
 105   15  0.12498750  0.12498750  0.00000000  8.76284766 -0.31643446
 105   16  0.12498750  0.12498750  0.00000000  8.76284766 -0.28917113
 105   17  0.12498750  0.12498750  0.00000000  8.76284766 -0.28865413
 105   18  0.12498750  0.12498750  0.00000000  8.76284766 -0.23184864
 105   19  0.12498750  0.12498750  0.00000000  8.76284766 -0.23175750
 105   20  0.12498750  0.12498750  0.00000000  8.76284766 -0.17709898
 105   21  0.12498750  0.12498750  0.00000000  8.76284766 -0.17317027
 105   22  0.12498750  0.12498750  0.00000000  8.76284766 -0.11703289
 105   23  0.12498750  0.12498750  0.00000000  8.76284766 -0.11419158
 105   24  0.12498750  0.12498750  0.00000000  8.76284766 -0.06426872
 105   25  0.12498750  0.12498750  0.00000000  8.76284766 -0.06209053
 105   26  0.12498750  0.12498750  0.00000000  8.76284766  0.19492182
 105   27  0.12498750  0.12498750  0.00000000  8.76284766  0.19814808
 105   28  0.12498750  0.12498750  0.00000000  8.76284766  0.23031176
 105   29  0.12498750  0.12498750  0.00000000  8.76284766  0.23115075
 105   30  0.12498750  0.12498750  0.00000000  8.76284766  0.23474447
 105   31  0.12498750  0.12498750  0.00000000  8.76284766  0.23994118
 105   32  0.12498750  0.12498750  0.00000000  8.76284766  0.33157805
 105   33  0.12498750  0.12498750  0.00000000  8.76284766  0.33487704
 105   34  0.12498750  0.12498750  0.00000000  8.76284766  0.62925839
 105   35  0.12498750  0.12498750  0.00000000  8.76284766  0.62928388
 105   36  0.12498750  0.12498750  0.00000000  8.76284766  0.69210041
 105   37  0.12498750  0.12498750  0.00000000  8.76284766  0.69268475
 105   38  0.12498750  0.12498750  0.00000000  8.76284766  0.71262914
 105   39  0.12498750  0.12498750  0.00000000  8.76284766  0.71272642
 105   40  0.12498750  0.12498750  0.00000000  8.76284766  0.72465162
 105   41  0.12498750  0.12498750  0.00000000  8.76284766  0.72578083
 105   42  0.12498750  0.12498750  0.00000000  8.76284766  0.73916506
 105   43  0.12498750  0.12498750  0.00000000  8.76284766  0.73937520
 106    0  0.11665500  0.11665500  0.00000000  8.87287216 -5.36546643
 106    1  0.11665500  0.11665500  0.00000000  8.87287216 -5.36546626
 106    2  0.11665500  0.11665500  0.00000000  8.87287216 -3.18842658
 106    3  0.11665500  0.11665500  0.00000000  8.87287216 -3.18799841
 106    4  0.11665500  0.11665500  0.00000000  8.87287216 -2.98536919
 106    5  0.11665500  0.11665500  0.00000000  8.87287216 -2.98521831
 106    6  0.11665500  0.11665500  0.00000000  8.87287216 -2.97623712
 106    7  0.11665500  0.11665500  0.00000000  8.87287216 -2.97583226
 106    8  0.11665500  0.11665500  0.00000000  8.87287216 -1.19124011
 106    9  0.11665500  0.11665500  0.00000000  8.87287216 -1.19065189
 106   10  0.11665500  0.11665500  0.00000000  8.87287216 -1.09558274
 106   11  0.11665500  0.11665500  0.00000000  8.87287216 -1.09556045
 106   12  0.11665500  0.11665500  0.00000000  8.87287216 -0.43114673
 106   13  0.11665500  0.11665500  0.00000000  8.87287216 -0.43050048
 106   14  0.11665500  0.11665500  0.00000000  8.87287216 -0.30959919
 106   15  0.11665500  0.11665500  0.00000000  8.87287216 -0.30854602
 106   16  0.11665500  0.11665500  0.00000000  8.87287216 -0.28346592
 106   17  0.11665500  0.11665500  0.00000000  8.87287216 -0.28312513
 106   18  0.11665500  0.11665500  0.00000000  8.87287216 -0.22047646
 106   19  0.11665500  0.11665500  0.00000000  8.87287216 -0.22025231
 106   20  0.11665500  0.11665500  0.00000000  8.87287216 -0.18072782
 106   21  0.11665500  0.11665500  0.00000000  8.87287216 -0.17729073
 106   22  0.11665500  0.11665500  0.00000000  8.87287216 -0.11514187
 106   23  0.11665500  0.11665500  0.00000000  8.87287216 -0.11237291
 106   24  0.11665500  0.11665500  0.00000000  8.87287216 -0.05829787
 106   25  0.11665500  0.11665500  0.00000000  8.87287216 -0.05668532
 106   26  0.11665500  0.11665500  0.00000000  8.87287216  0.19898885
 106   27  0.11665500  0.11665500  0.00000000  8.87287216  0.20125847
 106   28  0.11665500  0.11665500  0.00000000  8.87287216  0.23100141
 106   29  0.11665500  0.11665500  0.00000000  8.87287216  0.23101777
 106   30  0.11665500  0.11665500  0.00000000  8.87287216  0.23402235
 106   31  0.11665500  0.11665500  0.00000000  8.87287216  0.23887136
 106   32  0.11665500  0.11665500  0.00000000  8.87287216  0.32351664
 106   33  0.11665500  0.11665500  0.00000000  8.87287216  0.32691192
 106   34  0.11665500  0.11665500  0.00000000  8.87287216  0.61930181
 106   35  0.11665500  0.11665500  0.00000000  8.87287216  0.61936757
 106   36  0.11665500  0.11665500  0.00000000  8.87287216  0.69277539
 106   37  0.11665500  0.11665500  0.00000000  8.87287216  0.69322276
 106   38  0.11665500  0.11665500  0.00000000  8.87287216  0.71504147
 106   39  0.11665500  0.11665500  0.00000000  8.87287216  0.71514031
 106   40  0.11665500  0.11665500  0.00000000  8.87287216  0.72448770
 106   41  0.11665500  0.11665500  0.00000000  8.87287216  0.72550976
 106   42  0.11665500  0.11665500  0.00000000  8.87287216  0.73626351
 106   43  0.11665500  0.11665500  0.00000000  8.87287216  0.73647622
 107    0  0.10832250  0.10832250  0.00000000  8.98289665 -5.36557577
 107    1  0.10832250  0.10832250  0.00000000  8.98289665 -5.36557559
 107    2  0.10832250  0.10832250  0.00000000  8.98289665 -3.18790677
 107    3  0.10832250  0.10832250  0.00000000  8.98289665 -3.18757118
 107    4  0.10832250  0.10832250  0.00000000  8.98289665 -2.98491375
 107    5  0.10832250  0.10832250  0.00000000  8.98289665 -2.98482892
 107    6  0.10832250  0.10832250  0.00000000  8.98289665 -2.97539322
 107    7  0.10832250  0.10832250  0.00000000  8.98289665 -2.97504017
 107    8  0.10832250  0.10832250  0.00000000  8.98289665 -1.19902064
 107    9  0.10832250  0.10832250  0.00000000  8.98289665 -1.19854572
 107   10  0.10832250  0.10832250  0.00000000  8.98289665 -1.09925076
 107   11  0.10832250  0.10832250  0.00000000  8.98289665 -1.09923514
 107   12  0.10832250  0.10832250  0.00000000  8.98289665 -0.43571985
 107   13  0.10832250  0.10832250  0.00000000  8.98289665 -0.43521494
 107   14  0.10832250  0.10832250  0.00000000  8.98289665 -0.30130559
 107   15  0.10832250  0.10832250  0.00000000  8.98289665 -0.30015465
 107   16  0.10832250  0.10832250  0.00000000  8.98289665 -0.27769702
 107   17  0.10832250  0.10832250  0.00000000  8.98289665 -0.27749448
 107   18  0.10832250  0.10832250  0.00000000  8.98289665 -0.20953571
 107   19  0.10832250  0.10832250  0.00000000  8.98289665 -0.20902270
 107   20  0.10832250  0.10832250  0.00000000  8.98289665 -0.18488156
 107   21  0.10832250  0.10832250  0.00000000  8.98289665 -0.18189227
 107   22  0.10832250  0.10832250  0.00000000  8.98289665 -0.11379835
 107   23  0.10832250  0.10832250  0.00000000  8.98289665 -0.11112809
 107   24  0.10832250  0.10832250  0.00000000  8.98289665 -0.05272062
 107   25  0.10832250  0.10832250  0.00000000  8.98289665 -0.05156520
 107   26  0.10832250  0.10832250  0.00000000  8.98289665  0.20339032
 107   27  0.10832250  0.10832250  0.00000000  8.98289665  0.20474059
 107   28  0.10832250  0.10832250  0.00000000  8.98289665  0.23085243
 107   29  0.10832250  0.10832250  0.00000000  8.98289665  0.23218686
 107   30  0.10832250  0.10832250  0.00000000  8.98289665  0.23472705
 107   31  0.10832250  0.10832250  0.00000000  8.98289665  0.23869588
 107   32  0.10832250  0.10832250  0.00000000  8.98289665  0.31536440
 107   33  0.10832250  0.10832250  0.00000000  8.98289665  0.31881419
 107   34  0.10832250  0.10832250  0.00000000  8.98289665  0.60860303
 107   35  0.10832250  0.10832250  0.00000000  8.98289665  0.60871974
 107   36  0.10832250  0.10832250  0.00000000  8.98289665  0.69355687
 107   37  0.10832250  0.10832250  0.00000000  8.98289665  0.69389976
 107   38  0.10832250  0.10832250  0.00000000  8.98289665  0.71783192
 107   39  0.10832250  0.10832250  0.00000000  8.98289665  0.71794581
 107   40  0.10832250  0.10832250  0.00000000  8.98289665  0.72436717
 107   41  0.10832250  0.10832250  0.00000000  8.98289665  0.72529469
 107   42  0.10832250  0.10832250  0.00000000  8.98289665  0.73309805
 107   43  0.10832250  0.10832250  0.00000000  8.98289665  0.73332442
 108    0  0.09999000  0.09999000  0.00000000  9.09292115 -5.36567583
 108    1  0.09999000  0.09999000  0.00000000  9.09292115 -5.36567566
 108    2  0.09999000  0.09999000  0.00000000  9.09292115 -3.18741514
 108    3  0.09999000  0.09999000  0.00000000  9.09292115 -3.18715777
 108    4  0.09999000  0.09999000  0.00000000  9.09292115 -2.98454068
 108    5  0.09999000  0.09999000  0.00000000  9.09292115 -2.98449677
 108    6  0.09999000  0.09999000  0.00000000  9.09292115 -2.97450995
 108    7  0.09999000  0.09999000  0.00000000  9.09292115 -2.97421616
 108    8  0.09999000  0.09999000  0.00000000  9.09292115 -1.20637468
 108    9  0.09999000  0.09999000  0.00000000  9.09292115 -1.20599826
 108   10  0.09999000  0.09999000  0.00000000  9.09292115 -1.10271043
 108   11  0.09999000  0.09999000  0.00000000  9.09292115 -1.10269997
 108   12  0.09999000  0.09999000  0.00000000  9.09292115 -0.44045581
 108   13  0.09999000  0.09999000  0.00000000  9.09292115 -0.44006673
 108   14  0.09999000  0.09999000  0.00000000  9.09292115 -0.29266400
 108   15  0.09999000  0.09999000  0.00000000  9.09292115 -0.29146279
 108   16  0.09999000  0.09999000  0.00000000  9.09292115 -0.27181305
 108   17  0.09999000  0.09999000  0.00000000  9.09292115 -0.27171983
 108   18  0.09999000  0.09999000  0.00000000  9.09292115 -0.19921048
 108   19  0.09999000  0.09999000  0.00000000  9.09292115 -0.19836013
 108   20  0.09999000  0.09999000  0.00000000  9.09292115 -0.18918790
 108   21  0.09999000  0.09999000  0.00000000  9.09292115 -0.18668417
 108   22  0.09999000  0.09999000  0.00000000  9.09292115 -0.11303537
 108   23  0.09999000  0.09999000  0.00000000  9.09292115 -0.11049253
 108   24  0.09999000  0.09999000  0.00000000  9.09292115 -0.04774794
 108   25  0.09999000  0.09999000  0.00000000  9.09292115 -0.04694903
 108   26  0.09999000  0.09999000  0.00000000  9.09292115  0.20808830
 108   27  0.09999000  0.09999000  0.00000000  9.09292115  0.20862198
 108   28  0.09999000  0.09999000  0.00000000  9.09292115  0.23095146
 108   29  0.09999000  0.09999000  0.00000000  9.09292115  0.23347401
 108   30  0.09999000  0.09999000  0.00000000  9.09292115  0.23649760
 108   31  0.09999000  0.09999000  0.00000000  9.09292115  0.23958917
 108   32  0.09999000  0.09999000  0.00000000  9.09292115  0.30726079
 108   33  0.09999000  0.09999000  0.00000000  9.09292115  0.31072146
 108   34  0.09999000  0.09999000  0.00000000  9.09292115  0.59731231
 108   35  0.09999000  0.09999000  0.00000000  9.09292115  0.59745341
 108   36  0.09999000  0.09999000  0.00000000  9.09292115  0.69442679
 108   37  0.09999000  0.09999000  0.00000000  9.09292115  0.69468525
 108   38  0.09999000  0.09999000  0.00000000  9.09292115  0.72085546
 108   39  0.09999000  0.09999000  0.00000000  9.09292115  0.72103712
 108   40  0.09999000  0.09999000  0.00000000  9.09292115  0.72451759
 108   41  0.09999000  0.09999000  0.00000000  9.09292115  0.72532299
 108   42  0.09999000  0.09999000  0.00000000  9.09292115  0.72987995
 108   43  0.09999000  0.09999000  0.00000000  9.09292115  0.73013557
 109    0  0.09165750  0.09165750  0.00000000  9.20294565 -5.36576631
 109    1  0.09165750  0.09165750  0.00000000  9.20294565 -5.36576615
 109    2  0.09165750  0.09165750  0.00000000  9.20294565 -3.18695506
 109    3  0.09165750  0.09165750  0.00000000  9.20294565 -3.18676237
 109    4  0.09165750  0.09165750  0.00000000  9.20294565 -2.98423667
 109    5  0.09165750  0.09165750  0.00000000  9.20294565 -2.98421619
 109    6  0.09165750  0.09165750  0.00000000  9.20294565 -2.97361210
 109    7  0.09165750  0.09165750  0.00000000  9.20294565 -2.97337828
 109    8  0.09165750  0.09165750  0.00000000  9.20294565 -1.21326275
 109    9  0.09165750  0.09165750  0.00000000  9.20294565 -1.21297077
 109   10  0.09165750  0.09165750  0.00000000  9.20294565 -1.10594066
 109   11  0.09165750  0.09165750  0.00000000  9.20294565 -1.10593406
 109   12  0.09165750  0.09165750  0.00000000  9.20294565 -0.44520815
 109   13  0.09165750  0.09165750  0.00000000  9.20294565 -0.44491331
 109   14  0.09165750  0.09165750  0.00000000  9.20294565 -0.28385952
 109   15  0.09165750  0.09165750  0.00000000  9.20294565 -0.28265015
 109   16  0.09165750  0.09165750  0.00000000  9.20294565 -0.26578526
 109   17  0.09165750  0.09165750  0.00000000  9.20294565 -0.26577943
 109   18  0.09165750  0.09165750  0.00000000  9.20294565 -0.19434192
 109   19  0.09165750  0.09165750  0.00000000  9.20294565 -0.19164884
 109   20  0.09165750  0.09165750  0.00000000  9.20294565 -0.18873862
 109   21  0.09165750  0.09165750  0.00000000  9.20294565 -0.18822651
 109   22  0.09165750  0.09165750  0.00000000  9.20294565 -0.11288567
 109   23  0.09165750  0.09165750  0.00000000  9.20294565 -0.11050016
 109   24  0.09165750  0.09165750  0.00000000  9.20294565 -0.04350415
 109   25  0.09165750  0.09165750  0.00000000  9.20294565 -0.04297349
 109   26  0.09165750  0.09165750  0.00000000  9.20294565  0.21293784
 109   27  0.09165750  0.09165750  0.00000000  9.20294565  0.21307413
 109   28  0.09165750  0.09165750  0.00000000  9.20294565  0.23155921
 109   29  0.09165750  0.09165750  0.00000000  9.20294565  0.23474482
 109   30  0.09165750  0.09165750  0.00000000  9.20294565  0.23888661
 109   31  0.09165750  0.09165750  0.00000000  9.20294565  0.24146265
 109   32  0.09165750  0.09165750  0.00000000  9.20294565  0.29934638
 109   33  0.09165750  0.09165750  0.00000000  9.20294565  0.30277216
 109   34  0.09165750  0.09165750  0.00000000  9.20294565  0.58551737
 109   35  0.09165750  0.09165750  0.00000000  9.20294565  0.58566486
 109   36  0.09165750  0.09165750  0.00000000  9.20294565  0.69528593
 109   37  0.09165750  0.09165750  0.00000000  9.20294565  0.69547539
 109   38  0.09165750  0.09165750  0.00000000  9.20294565  0.72326265
 109   39  0.09165750  0.09165750  0.00000000  9.20294565  0.72377362
 109   40  0.09165750  0.09165750  0.00000000  9.20294565  0.72541128
 109   41  0.09165750  0.09165750  0.00000000  9.20294565  0.72580360
 109   42  0.09165750  0.09165750  0.00000000  9.20294565  0.72727185
 109   43  0.09165750  0.09165750  0.00000000  9.20294565  0.72752469
 110    0  0.08332500  0.08332500  0.00000000  9.31297014 -5.36584710
 110    1  0.08332500  0.08332500  0.00000000  9.31297014 -5.36584696
 110    2  0.08332500  0.08332500  0.00000000  9.31297014 -3.18652932
 110    3  0.08332500  0.08332500  0.00000000  9.31297014 -3.18638893
 110    4  0.08332500  0.08332500  0.00000000  9.31297014 -2.98398895
 110    5  0.08332500  0.08332500  0.00000000  9.31297014 -2.98398073
 110    6  0.08332500  0.08332500  0.00000000  9.31297014 -2.97272348
 110    7  0.08332500  0.08332500  0.00000000  9.31297014 -2.97254532
 110    8  0.08332500  0.08332500  0.00000000  9.31297014 -1.21965011
 110    9  0.08332500  0.08332500  0.00000000  9.31297014 -1.21942935
 110   10  0.08332500  0.08332500  0.00000000  9.31297014 -1.10892388
 110   11  0.08332500  0.08332500  0.00000000  9.31297014 -1.10892002
 110   12  0.08332500  0.08332500  0.00000000  9.31297014 -0.44985602
 110   13  0.08332500  0.08332500  0.00000000  9.31297014 -0.44963728
 110   14  0.08332500  0.08332500  0.00000000  9.31297014 -0.27506199
 110   15  0.08332500  0.08332500  0.00000000  9.31297014 -0.27388146
 110   16  0.08332500  0.08332500  0.00000000  9.31297014 -0.25966755
 110   17  0.08332500  0.08332500  0.00000000  9.31297014 -0.25960277
 110   18  0.08332500  0.08332500  0.00000000  9.31297014 -0.19837493
 110   19  0.08332500  0.08332500  0.00000000  9.31297014 -0.19618807
 110   20  0.08332500  0.08332500  0.00000000  9.31297014 -0.18004407
 110   21  0.08332500  0.08332500  0.00000000  9.31297014 -0.17918695
 110   22  0.08332500  0.08332500  0.00000000  9.31297014 -0.11337796
 110   23  0.08332500  0.08332500  0.00000000  9.31297014 -0.11117862
 110   24  0.08332500  0.08332500  0.00000000  9.31297014 -0.04003735
 110   25  0.08332500  0.08332500  0.00000000  9.31297014 -0.03970061
 110   26  0.08332500  0.08332500  0.00000000  9.31297014  0.21769004
 110   27  0.08332500  0.08332500  0.00000000  9.31297014  0.21833510
 110   28  0.08332500  0.08332500  0.00000000  9.31297014  0.23273379
 110   29  0.08332500  0.08332500  0.00000000  9.31297014  0.23615463
 110   30  0.08332500  0.08332500  0.00000000  9.31297014  0.24160526
 110   31  0.08332500  0.08332500  0.00000000  9.31297014  0.24392253
 110   32  0.08332500  0.08332500  0.00000000  9.31297014  0.29175764
 110   33  0.08332500  0.08332500  0.00000000  9.31297014  0.29510074
 110   34  0.08332500  0.08332500  0.00000000  9.31297014  0.57339584
 110   35  0.08332500  0.08332500  0.00000000  9.31297014  0.57353684
 110   36  0.08332500  0.08332500  0.00000000  9.31297014  0.69597556
 110   37  0.08332500  0.08332500  0.00000000  9.31297014  0.69611075
 110   38  0.08332500  0.08332500  0.00000000  9.31297014  0.72231127
 110   39  0.08332500  0.08332500  0.00000000  9.31297014  0.72248590
 110   40  0.08332500  0.08332500  0.00000000  9.31297014  0.72637119
 110   41  0.08332500  0.08332500  0.00000000  9.31297014  0.72681662
 110   42  0.08332500  0.08332500  0.00000000  9.31297014  0.72904704
 110   43  0.08332500  0.08332500  0.00000000  9.31297014  0.72909803
 111    0  0.07499250  0.07499250  0.00000000  9.42299464 -5.36591826
 111    1  0.07499250  0.07499250  0.00000000  9.42299464 -5.36591814
 111    2  0.07499250  0.07499250  0.00000000  9.42299464 -3.18614022
 111    3  0.07499250  0.07499250  0.00000000  9.42299464 -3.18604107
 111    4  0.07499250  0.07499250  0.00000000  9.42299464 -2.98378660
 111    5  0.07499250  0.07499250  0.00000000  9.42299464 -2.98378404
 111    6  0.07499250  0.07499250  0.00000000  9.42299464 -2.97186541
 111    7  0.07499250  0.07499250  0.00000000  9.42299464 -2.97173558
 111    8  0.07499250  0.07499250  0.00000000  9.42299464 -1.22550662
 111    9  0.07499250  0.07499250  0.00000000  9.42299464 -1.22534478
 111   10  0.07499250  0.07499250  0.00000000  9.42299464 -1.11164597
 111   11  0.07499250  0.07499250  0.00000000  9.42299464 -1.11164396
 111   12  0.07499250  0.07499250  0.00000000  9.42299464 -0.45429941
 111   13  0.07499250  0.07499250  0.00000000  9.42299464 -0.45414147
 111   14  0.07499250  0.07499250  0.00000000  9.42299464 -0.26643219
 111   15  0.07499250  0.07499250  0.00000000  9.42299464 -0.26531249
 111   16  0.07499250  0.07499250  0.00000000  9.42299464 -0.25339444
 111   17  0.07499250  0.07499250  0.00000000  9.42299464 -0.25327229
 111   18  0.07499250  0.07499250  0.00000000  9.42299464 -0.20242077
 111   19  0.07499250  0.07499250  0.00000000  9.42299464 -0.20053814
 111   20  0.07499250  0.07499250  0.00000000  9.42299464 -0.17195968
 111   21  0.07499250  0.07499250  0.00000000  9.42299464 -0.17098138
 111   22  0.07499250  0.07499250  0.00000000  9.42299464 -0.11453064
 111   23  0.07499250  0.07499250  0.00000000  9.42299464 -0.11254252
 111   24  0.07499250  0.07499250  0.00000000  9.42299464 -0.03733259
 111   25  0.07499250  0.07499250  0.00000000  9.42299464 -0.03712972
 111   26  0.07499250  0.07499250  0.00000000  9.42299464  0.22282455
 111   27  0.07499250  0.07499250  0.00000000  9.42299464  0.22382629
 111   28  0.07499250  0.07499250  0.00000000  9.42299464  0.23444135
 111   29  0.07499250  0.07499250  0.00000000  9.42299464  0.23784908
 111   30  0.07499250  0.07499250  0.00000000  9.42299464  0.24443949
 111   31  0.07499250  0.07499250  0.00000000  9.42299464  0.24659078
 111   32  0.07499250  0.07499250  0.00000000  9.42299464  0.28462213
 111   33  0.07499250  0.07499250  0.00000000  9.42299464  0.28783352
 111   34  0.07499250  0.07499250  0.00000000  9.42299464  0.56116455
 111   35  0.07499250  0.07499250  0.00000000  9.42299464  0.56129043
 111   36  0.07499250  0.07499250  0.00000000  9.42299464  0.69633115
 111   37  0.07499250  0.07499250  0.00000000  9.42299464  0.69642638
 111   38  0.07499250  0.07499250  0.00000000  9.42299464  0.71952678
 111   39  0.07499250  0.07499250  0.00000000  9.42299464  0.71955140
 111   40  0.07499250  0.07499250  0.00000000  9.42299464  0.72827687
 111   41  0.07499250  0.07499250  0.00000000  9.42299464  0.72876795
 111   42  0.07499250  0.07499250  0.00000000  9.42299464  0.73244510
 111   43  0.07499250  0.07499250  0.00000000  9.42299464  0.73247178
 112    0  0.06666000  0.06666000  0.00000000  9.53301914 -5.36598003
 112    1  0.06666000  0.06666000  0.00000000  9.53301914 -5.36597994
 112    2  0.06666000  0.06666000  0.00000000  9.53301914 -3.18578952
 112    3  0.06666000  0.06666000  0.00000000  9.53301914 -3.18572200
 112    4  0.06666000  0.06666000  0.00000000  9.53301914 -2.98362091
 112    5  0.06666000  0.06666000  0.00000000  9.53301914 -2.98362046
 112    6  0.06666000  0.06666000  0.00000000  9.53301914 -2.97105628
 112    7  0.06666000  0.06666000  0.00000000  9.53301914 -2.97096609
 112    8  0.06666000  0.06666000  0.00000000  9.53301914 -1.23080648
 112    9  0.06666000  0.06666000  0.00000000  9.53301914 -1.23069225
 112   10  0.06666000  0.06666000  0.00000000  9.53301914 -1.11409609
 112   11  0.06666000  0.06666000  0.00000000  9.53301914 -1.11409522
 112   12  0.06666000  0.06666000  0.00000000  9.53301914 -0.45845555
 112   13  0.06666000  0.06666000  0.00000000  9.53301914 -0.45834543
 112   14  0.06666000  0.06666000  0.00000000  9.53301914 -0.25812637
 112   15  0.06666000  0.06666000  0.00000000  9.53301914 -0.25709382
 112   16  0.06666000  0.06666000  0.00000000  9.53301914 -0.24698935
 112   17  0.06666000  0.06666000  0.00000000  9.53301914 -0.24682163
 112   18  0.06666000  0.06666000  0.00000000  9.53301914 -0.20615845
 112   19  0.06666000  0.06666000  0.00000000  9.53301914 -0.20453445
 112   20  0.06666000  0.06666000  0.00000000  9.53301914 -0.16477526
 112   21  0.06666000  0.06666000  0.00000000  9.53301914 -0.16374956
 112   22  0.06666000  0.06666000  0.00000000  9.53301914 -0.11634240
 112   23  0.06666000  0.06666000  0.00000000  9.53301914 -0.11458443
 112   24  0.06666000  0.06666000  0.00000000  9.53301914 -0.03532693
 112   25  0.06666000  0.06666000  0.00000000  9.53301914 -0.03521170
 112   26  0.06666000  0.06666000  0.00000000  9.53301914  0.22822657
 112   27  0.06666000  0.06666000  0.00000000  9.53301914  0.22945572
 112   28  0.06666000  0.06666000  0.00000000  9.53301914  0.23659871
 112   29  0.06666000  0.06666000  0.00000000  9.53301914  0.23985441
 112   30  0.06666000  0.06666000  0.00000000  9.53301914  0.24722502
 112   31  0.06666000  0.06666000  0.00000000  9.53301914  0.24922253
 112   32  0.06666000  0.06666000  0.00000000  9.53301914  0.27805474
 112   33  0.06666000  0.06666000  0.00000000  9.53301914  0.28108535
 112   34  0.06666000  0.06666000  0.00000000  9.53301914  0.54906482
 112   35  0.06666000  0.06666000  0.00000000  9.53301914  0.54917038
 112   36  0.06666000  0.06666000  0.00000000  9.53301914  0.69625619
 112   37  0.06666000  0.06666000  0.00000000  9.53301914  0.69632334
 112   38  0.06666000  0.06666000  0.00000000  9.53301914  0.71666493
 112   39  0.06666000  0.06666000  0.00000000  9.53301914  0.71667335
 112   40  0.06666000  0.06666000  0.00000000  9.53301914  0.73134663
 112   41  0.06666000  0.06666000  0.00000000  9.53301914  0.73178393
 112   42  0.06666000  0.06666000  0.00000000  9.53301914  0.73524890
 112   43  0.06666000  0.06666000  0.00000000  9.53301914  0.73526496
 113    0  0.05832750  0.05832750  0.00000000  9.64304363 -5.36603278
 113    1  0.05832750  0.05832750  0.00000000  9.64304363 -5.36603272
 113    2  0.05832750  0.05832750  0.00000000  9.64304363 -3.18547855
 113    3  0.05832750  0.05832750  0.00000000  9.64304363 -3.18543453
 113    4  0.05832750  0.05832750  0.00000000  9.64304363 -2.98348521
 113    5  0.05832750  0.05832750  0.00000000  9.64304363 -2.98348520
 113    6  0.05832750  0.05832750  0.00000000  9.64304363 -2.97031147
 113    7  0.05832750  0.05832750  0.00000000  9.64304363 -2.97025216
 113    8  0.05832750  0.05832750  0.00000000  9.64304363 -1.23552788
 113    9  0.05832750  0.05832750  0.00000000  9.64304363 -1.23545103
 113   10  0.05832750  0.05832750  0.00000000  9.64304363 -1.11626633
 113   11  0.05832750  0.05832750  0.00000000  9.64304363 -1.11626609
 113   12  0.05832750  0.05832750  0.00000000  9.64304363 -0.46225625
 113   13  0.05832750  0.05832750  0.00000000  9.64304363 -0.46218288
 113   14  0.05832750  0.05832750  0.00000000  9.64304363 -0.25029907
 113   15  0.05832750  0.05832750  0.00000000  9.64304363 -0.24937269
 113   16  0.05832750  0.05832750  0.00000000  9.64304363 -0.24050660
 113   17  0.05832750  0.05832750  0.00000000  9.64304363 -0.24030588
 113   18  0.05832750  0.05832750  0.00000000  9.64304363 -0.20950827
 113   19  0.05832750  0.05832750  0.00000000  9.64304363 -0.20811638
 113   20  0.05832750  0.05832750  0.00000000  9.64304363 -0.15853602
 113   21  0.05832750  0.05832750  0.00000000  9.64304363 -0.15752027
 113   22  0.05832750  0.05832750  0.00000000  9.64304363 -0.11877993
 113   23  0.05832750  0.05832750  0.00000000  9.64304363 -0.11726344
 113   24  0.05832750  0.05832750  0.00000000  9.64304363 -0.03392532
 113   25  0.05832750  0.05832750  0.00000000  9.64304363 -0.03386408
 113   26  0.05832750  0.05832750  0.00000000  9.64304363  0.23372318
 113   27  0.05832750  0.05832750  0.00000000  9.64304363  0.23507743
 113   28  0.05832750  0.05832750  0.00000000  9.64304363  0.23909312
 113   29  0.05832750  0.05832750  0.00000000  9.64304363  0.24211769
 113   30  0.05832750  0.05832750  0.00000000  9.64304363  0.24984046
 113   31  0.05832750  0.05832750  0.00000000  9.64304363  0.25166924
 113   32  0.05832750  0.05832750  0.00000000  9.64304363  0.27215566
 113   33  0.05832750  0.05832750  0.00000000  9.64304363  0.27495807
 113   34  0.05832750  0.05832750  0.00000000  9.64304363  0.53736026
 113   35  0.05832750  0.05832750  0.00000000  9.64304363  0.53744312
 113   36  0.05832750  0.05832750  0.00000000  9.64304363  0.69576509
 113   37  0.05832750  0.05832750  0.00000000  9.64304363  0.69581213
 113   38  0.05832750  0.05832750  0.00000000  9.64304363  0.71399844
 113   39  0.05832750  0.05832750  0.00000000  9.64304363  0.71401400
 113   40  0.05832750  0.05832750  0.00000000  9.64304363  0.73551757
 113   41  0.05832750  0.05832750  0.00000000  9.64304363  0.73592811
 113   42  0.05832750  0.05832750  0.00000000  9.64304363  0.73660851
 113   43  0.05832750  0.05832750  0.00000000  9.64304363  0.73666589
 114    0  0.04999500  0.04999500  0.00000000  9.75306813 -5.36607699
 114    1  0.04999500  0.04999500  0.00000000  9.75306813 -5.36607695
 114    2  0.04999500  0.04999500  0.00000000  9.75306813 -3.18520822
 114    3  0.04999500  0.04999500  0.00000000  9.75306813 -3.18518105
 114    4  0.04999500  0.04999500  0.00000000  9.75306813 -2.98337458
 114    5  0.04999500  0.04999500  0.00000000  9.75306813 -2.98337438
 114    6  0.04999500  0.04999500  0.00000000  9.75306813 -2.96964369
 114    7  0.04999500  0.04999500  0.00000000  9.75306813 -2.96960719
 114    8  0.04999500  0.04999500  0.00000000  9.75306813 -1.23965268
 114    9  0.04999500  0.04999500  0.00000000  9.75306813 -1.23960412
 114   10  0.04999500  0.04999500  0.00000000  9.75306813 -1.11815141
 114   11  0.04999500  0.04999500  0.00000000  9.75306813 -1.11815135
 114   12  0.04999500  0.04999500  0.00000000  9.75306813 -0.46564593
 114   13  0.04999500  0.04999500  0.00000000  9.75306813 -0.46559993
 114   14  0.04999500  0.04999500  0.00000000  9.75306813 -0.24310473
 114   15  0.04999500  0.04999500  0.00000000  9.75306813 -0.24229540
 114   16  0.04999500  0.04999500  0.00000000  9.75306813 -0.23403492
 114   17  0.04999500  0.04999500  0.00000000  9.75306813 -0.23381491
 114   18  0.04999500  0.04999500  0.00000000  9.75306813 -0.21242488
 114   19  0.04999500  0.04999500  0.00000000  9.75306813 -0.21124352
 114   20  0.04999500  0.04999500  0.00000000  9.75306813 -0.15324851
 114   21  0.04999500  0.04999500  0.00000000  9.75306813 -0.15229380
 114   22  0.04999500  0.04999500  0.00000000  9.75306813 -0.12176198
 114   23  0.04999500  0.04999500  0.00000000  9.75306813 -0.12049093
 114   24  0.04999500  0.04999500  0.00000000  9.75306813 -0.03301564
 114   25  0.04999500  0.04999500  0.00000000  9.75306813 -0.03298538
 114   26  0.04999500  0.04999500  0.00000000  9.75306813  0.23907328
 114   27  0.04999500  0.04999500  0.00000000  9.75306813  0.24041710
 114   28  0.04999500  0.04999500  0.00000000  9.75306813  0.24187119
 114   29  0.04999500  0.04999500  0.00000000  9.75306813  0.24456212
 114   30  0.04999500  0.04999500  0.00000000  9.75306813  0.25219995
 114   31  0.04999500  0.04999500  0.00000000  9.75306813  0.25384060
 114   32  0.04999500  0.04999500  0.00000000  9.75306813  0.26701204
 114   33  0.04999500  0.04999500  0.00000000  9.75306813  0.26954230
 114   34  0.04999500  0.04999500  0.00000000  9.75306813  0.52633318
 114   35  0.04999500  0.04999500  0.00000000  9.75306813  0.52639337
 114   36  0.04999500  0.04999500  0.00000000  9.75306813  0.69496313
 114   37  0.04999500  0.04999500  0.00000000  9.75306813  0.69499489
 114   38  0.04999500  0.04999500  0.00000000  9.75306813  0.71161675
 114   39  0.04999500  0.04999500  0.00000000  9.75306813  0.71163109
 114   40  0.04999500  0.04999500  0.00000000  9.75306813  0.73651940
 114   41  0.04999500  0.04999500  0.00000000  9.75306813  0.73654651
 114   42  0.04999500  0.04999500  0.00000000  9.75306813  0.74115788
 114   43  0.04999500  0.04999500  0.00000000  9.75306813  0.74141210
 115    0  0.04166250  0.04166250  0.00000000  9.86309263 -5.36611317
 115    1  0.04166250  0.04166250  0.00000000  9.86309263 -5.36611314
 115    2  0.04166250  0.04166250  0.00000000  9.86309263 -3.18497915
 115    3  0.04166250  0.04166250  0.00000000  9.86309263 -3.18496350
 115    4  0.04166250  0.04166250  0.00000000  9.86309263 -2.98328542
 115    5  0.04166250  0.04166250  0.00000000  9.86309263 -2.98328493
 115    6  0.04166250  0.04166250  0.00000000  9.86309263 -2.96906324
 115    7  0.04166250  0.04166250  0.00000000  9.86309263 -2.96904263
 115    8  0.04166250  0.04166250  0.00000000  9.86309263 -1.24316604
 115    9  0.04166250  0.04166250  0.00000000  9.86309263 -1.24313785
 115   10  0.04166250  0.04166250  0.00000000  9.86309263 -1.11974804
 115   11  0.04166250  0.04166250  0.00000000  9.86309263 -1.11974790
 115   12  0.04166250  0.04166250  0.00000000  9.86309263 -0.46857999
 115   13  0.04166250  0.04166250  0.00000000  9.86309263 -0.46855347
 115   14  0.04166250  0.04166250  0.00000000  9.86309263 -0.23669880
 115   15  0.04166250  0.04166250  0.00000000  9.86309263 -0.23601228
 115   16  0.04166250  0.04166250  0.00000000  9.86309263 -0.22771377
 115   17  0.04166250  0.04166250  0.00000000  9.86309263 -0.22748161
 115   18  0.04166250  0.04166250  0.00000000  9.86309263 -0.21487730
 115   19  0.04166250  0.04166250  0.00000000  9.86309263 -0.21388168
 115   20  0.04166250  0.04166250  0.00000000  9.86309263 -0.14890451
 115   21  0.04166250  0.04166250  0.00000000  9.86309263 -0.14805749
 115   22  0.04166250  0.04166250  0.00000000  9.86309263 -0.12513814
 115   23  0.04166250  0.04166250  0.00000000  9.86309263 -0.12411162
 115   24  0.04166250  0.04166250  0.00000000  9.86309263 -0.03248152
 115   25  0.04166250  0.04166250  0.00000000  9.86309263 -0.03246763
 115   26  0.04166250  0.04166250  0.00000000  9.86309263  0.24387214
 115   27  0.04166250  0.04166250  0.00000000  9.86309263  0.24409573
 115   28  0.04166250  0.04166250  0.00000000  9.86309263  0.24593003
 115   29  0.04166250  0.04166250  0.00000000  9.86309263  0.24721033
 115   30  0.04166250  0.04166250  0.00000000  9.86309263  0.25424202
 115   31  0.04166250  0.04166250  0.00000000  9.86309263  0.25567952
 115   32  0.04166250  0.04166250  0.00000000  9.86309263  0.26270809
 115   33  0.04166250  0.04166250  0.00000000  9.86309263  0.26492720
 115   34  0.04166250  0.04166250  0.00000000  9.86309263  0.51627917
 115   35  0.04166250  0.04166250  0.00000000  9.86309263  0.51631876
 115   36  0.04166250  0.04166250  0.00000000  9.86309263  0.69399455
 115   37  0.04166250  0.04166250  0.00000000  9.86309263  0.69401439
 115   38  0.04166250  0.04166250  0.00000000  9.86309263  0.70955953
 115   39  0.04166250  0.04166250  0.00000000  9.86309263  0.70956996
 115   40  0.04166250  0.04166250  0.00000000  9.86309263  0.73597114
 115   41  0.04166250  0.04166250  0.00000000  9.86309263  0.73598172
 115   42  0.04166250  0.04166250  0.00000000  9.86309263  0.74791199
 115   43  0.04166250  0.04166250  0.00000000  9.86309263  0.74811970
 116    0  0.03333000  0.03333000  0.00000000  9.97311712 -5.36614185
 116    1  0.03333000  0.03333000  0.00000000  9.97311712 -5.36614184
 116    2  0.03333000  0.03333000  0.00000000  9.97311712 -3.18479167
 116    3  0.03333000  0.03333000  0.00000000  9.97311712 -3.18478346
 116    4  0.03333000  0.03333000  0.00000000  9.97311712 -2.98321517
 116    5  0.03333000  0.03333000  0.00000000  9.97311712 -2.98321451
 116    6  0.03333000  0.03333000  0.00000000  9.97311712 -2.96857828
 116    7  0.03333000  0.03333000  0.00000000  9.97311712 -2.96856799
 116    8  0.03333000  0.03333000  0.00000000  9.97311712 -1.24605603
 116    9  0.03333000  0.03333000  0.00000000  9.97311712 -1.24604157
 116   10  0.03333000  0.03333000  0.00000000  9.97311712 -1.12105442
 116   11  0.03333000  0.03333000  0.00000000  9.97311712 -1.12105429
 116   12  0.03333000  0.03333000  0.00000000  9.97311712 -0.47102343
 116   13  0.03333000  0.03333000  0.00000000  9.97311712 -0.47100990
 116   14  0.03333000  0.03333000  0.00000000  9.97311712 -0.23123949
 116   15  0.03333000  0.03333000  0.00000000  9.97311712 -0.23068363
 116   16  0.03333000  0.03333000  0.00000000  9.97311712 -0.22178484
 116   17  0.03333000  0.03333000  0.00000000  9.97311712 -0.22149649
 116   18  0.03333000  0.03333000  0.00000000  9.97311712 -0.21683607
 116   19  0.03333000  0.03333000  0.00000000  9.97311712 -0.21595984
 116   20  0.03333000  0.03333000  0.00000000  9.97311712 -0.14550327
 116   21  0.03333000  0.03333000  0.00000000  9.97311712 -0.14480900
 116   22  0.03333000  0.03333000  0.00000000  9.97311712 -0.12865627
 116   23  0.03333000  0.03333000  0.00000000  9.97311712 -0.12787443
 116   24  0.03333000  0.03333000  0.00000000  9.97311712 -0.03221240
 116   25  0.03333000  0.03333000  0.00000000  9.97311712 -0.03220639
 116   26  0.03333000  0.03333000  0.00000000  9.97311712  0.24656991
 116   27  0.03333000  0.03333000  0.00000000  9.97311712  0.24732805
 116   28  0.03333000  0.03333000  0.00000000  9.97311712  0.25038096
 116   29  0.03333000  0.03333000  0.00000000  9.97311712  0.25041641
 116   30  0.03333000  0.03333000  0.00000000  9.97311712  0.25590375
 116   31  0.03333000  0.03333000  0.00000000  9.97311712  0.25711404
 116   32  0.03333000  0.03333000  0.00000000  9.97311712  0.25938168
 116   33  0.03333000  0.03333000  0.00000000  9.97311712  0.26123958
 116   34  0.03333000  0.03333000  0.00000000  9.97311712  0.50749886
 116   35  0.03333000  0.03333000  0.00000000  9.97311712  0.50752154
 116   36  0.03333000  0.03333000  0.00000000  9.97311712  0.69300151
 116   37  0.03333000  0.03333000  0.00000000  9.97311712  0.69301242
 116   38  0.03333000  0.03333000  0.00000000  9.97311712  0.70785319
 116   39  0.03333000  0.03333000  0.00000000  9.97311712  0.70785943
 116   40  0.03333000  0.03333000  0.00000000  9.97311712  0.73527383
 116   41  0.03333000  0.03333000  0.00000000  9.97311712  0.73527848
 116   42  0.03333000  0.03333000  0.00000000  9.97311712  0.75612205
 116   43  0.03333000  0.03333000  0.00000000  9.97311712  0.75628440
 117    0  0.02499750  0.02499750  0.00000000  10.08314162 -5.36616356
 117    1  0.02499750  0.02499750  0.00000000  10.08314162 -5.36616355
 117    2  0.02499750  0.02499750  0.00000000  10.08314162 -3.18464594
 117    3  0.02499750  0.02499750  0.00000000  10.08314162 -3.18464217
 117    4  0.02499750  0.02499750  0.00000000  10.08314162 -2.98316204
 117    5  0.02499750  0.02499750  0.00000000  10.08314162 -2.98316138
 117    6  0.02499750  0.02499750  0.00000000  10.08314162 -2.96819515
 117    7  0.02499750  0.02499750  0.00000000  10.08314162 -2.96819090
 117    8  0.02499750  0.02499750  0.00000000  10.08314162 -1.24831332
 117    9  0.02499750  0.02499750  0.00000000  10.08314162 -1.24830721
 117   10  0.02499750  0.02499750  0.00000000  10.08314162 -1.12207004
 117   11  0.02499750  0.02499750  0.00000000  10.08314162 -1.12206997
 117   12  0.02499750  0.02499750  0.00000000  10.08314162 -0.47294953
 117   13  0.02499750  0.02499750  0.00000000  10.08314162 -0.47294384
 117   14  0.02499750  0.02499750  0.00000000  10.08314162 -0.22689623
 117   15  0.02499750  0.02499750  0.00000000  10.08314162 -0.22648927
 117   16  0.02499750  0.02499750  0.00000000  10.08314162 -0.21825547
 117   17  0.02499750  0.02499750  0.00000000  10.08314162 -0.21813667
 117   18  0.02499750  0.02499750  0.00000000  10.08314162 -0.21612876
 117   19  0.02499750  0.02499750  0.00000000  10.08314162 -0.21583101
 117   20  0.02499750  0.02499750  0.00000000  10.08314162 -0.14309155
 117   21  0.02499750  0.02499750  0.00000000  10.08314162 -0.14260101
 117   22  0.02499750  0.02499750  0.00000000  10.08314162 -0.13190671
 117   23  0.02499750  0.02499750  0.00000000  10.08314162 -0.13138215
 117   24  0.02499750  0.02499750  0.00000000  10.08314162 -0.03211077
 117   25  0.02499750  0.02499750  0.00000000  10.08314162 -0.03210819
 117   26  0.02499750  0.02499750  0.00000000  10.08314162  0.24851805
 117   27  0.02499750  0.02499750  0.00000000  10.08314162  0.24925154
 117   28  0.02499750  0.02499750  0.00000000  10.08314162  0.25382447
 117   29  0.02499750  0.02499750  0.00000000  10.08314162  0.25398657
 117   30  0.02499750  0.02499750  0.00000000  10.08314162  0.25686701
 117   31  0.02499750  0.02499750  0.00000000  10.08314162  0.25696453
 117   32  0.02499750  0.02499750  0.00000000  10.08314162  0.25848861
 117   33  0.02499750  0.02499750  0.00000000  10.08314162  0.25889861
 117   34  0.02499750  0.02499750  0.00000000  10.08314162  0.50028542
 117   35  0.02499750  0.02499750  0.00000000  10.08314162  0.50029596
 117   36  0.02499750  0.02499750  0.00000000  10.08314162  0.69210480
 117   37  0.02499750  0.02499750  0.00000000  10.08314162  0.69210970
 117   38  0.02499750  0.02499750  0.00000000  10.08314162  0.70651461
 117   39  0.02499750  0.02499750  0.00000000  10.08314162  0.70651757
 117   40  0.02499750  0.02499750  0.00000000  10.08314162  0.73462966
 117   41  0.02499750  0.02499750  0.00000000  10.08314162  0.73463146
 117   42  0.02499750  0.02499750  0.00000000  10.08314162  0.76616430
 117   43  0.02499750  0.02499750  0.00000000  10.08314162  0.76628903
 118    0  0.01666500  0.01666500  0.00000000  10.19316612 -5.36617871
 118    1  0.01666500  0.01666500  0.00000000  10.19316612 -5.36617871
 118    2  0.01666500  0.01666500  0.00000000  10.19316612 -3.18454197
 118    3  0.01666500  0.01666500  0.00000000  10.19316612 -3.18454053
 118    4  0.01666500  0.01666500  0.00000000  10.19316612 -2.98312481
 118    5  0.01666500  0.01666500  0.00000000  10.19316612 -2.98312429
 118    6  0.01666500  0.01666500  0.00000000  10.19316612 -2.96791849
 118    7  0.01666500  0.01666500  0.00000000  10.19316612 -2.96791725
 118    8  0.01666500  0.01666500  0.00000000  10.19316612 -1.24993084
 118    9  0.01666500  0.01666500  0.00000000  10.19316612 -1.24992903
 118   10  0.01666500  0.01666500  0.00000000  10.19316612 -1.12279506
 118   11  0.01666500  0.01666500  0.00000000  10.19316612 -1.12279502
 118   12  0.01666500  0.01666500  0.00000000  10.19316612 -0.47433871
 118   13  0.01666500  0.01666500  0.00000000  10.19316612 -0.47433703
 118   14  0.01666500  0.01666500  0.00000000  10.19316612 -0.22388435
 118   15  0.01666500  0.01666500  0.00000000  10.19316612 -0.22366342
 118   16  0.01666500  0.01666500  0.00000000  10.19316612 -0.21900792
 118   17  0.01666500  0.01666500  0.00000000  10.19316612 -0.21880539
 118   18  0.01666500  0.01666500  0.00000000  10.19316612 -0.21176349
 118   19  0.01666500  0.01666500  0.00000000  10.19316612 -0.21174358
 118   20  0.01666500  0.01666500  0.00000000  10.19316612 -0.14181803
 118   21  0.01666500  0.01666500  0.00000000  10.19316612 -0.14158404
 118   22  0.01666500  0.01666500  0.00000000  10.19316612 -0.13427622
 118   23  0.01666500  0.01666500  0.00000000  10.19316612 -0.13403326
 118   24  0.01666500  0.01666500  0.00000000  10.19316612 -0.03209702
 118   25  0.01666500  0.01666500  0.00000000  10.19316612 -0.03209586
 118   26  0.01666500  0.01666500  0.00000000  10.19316612  0.24972755
 118   27  0.01666500  0.01666500  0.00000000  10.19316612  0.25007806
 118   28  0.01666500  0.01666500  0.00000000  10.19316612  0.25527283
 118   29  0.01666500  0.01666500  0.00000000  10.19316612  0.25541003
 118   30  0.01666500  0.01666500  0.00000000  10.19316612  0.25717284
 118   31  0.01666500  0.01666500  0.00000000  10.19316612  0.25770793
 118   32  0.01666500  0.01666500  0.00000000  10.19316612  0.25884361
 118   33  0.01666500  0.01666500  0.00000000  10.19316612  0.25918533
 118   34  0.01666500  0.01666500  0.00000000  10.19316612  0.49490659
 118   35  0.01666500  0.01666500  0.00000000  10.19316612  0.49491000
 118   36  0.01666500  0.01666500  0.00000000  10.19316612  0.69139812
 118   37  0.01666500  0.01666500  0.00000000  10.19316612  0.69139967
 118   38  0.01666500  0.01666500  0.00000000  10.19316612  0.70555372
 118   39  0.01666500  0.01666500  0.00000000  10.19316612  0.70555469
 118   40  0.01666500  0.01666500  0.00000000  10.19316612  0.73412863
 118   41  0.01666500  0.01666500  0.00000000  10.19316612  0.73412913
 118   42  0.01666500  0.01666500  0.00000000  10.19316612  0.77897051
 118   43  0.01666500  0.01666500  0.00000000  10.19316612  0.77906466
 119    0  0.00833250  0.00833250  0.00000000  10.30319061 -5.36618767
 119    1  0.00833250  0.00833250  0.00000000  10.30319061 -5.36618767
 119    2  0.00833250  0.00833250  0.00000000  10.30319061 -3.18447966
 119    3  0.00833250  0.00833250  0.00000000  10.30319061 -3.18447926
 119    4  0.00833250  0.00833250  0.00000000  10.30319061 -2.98310270
 119    5  0.00833250  0.00833250  0.00000000  10.30319061 -2.98310242
 119    6  0.00833250  0.00833250  0.00000000  10.30319061 -2.96775141
 119    7  0.00833250  0.00833250  0.00000000  10.30319061 -2.96775125
 119    8  0.00833250  0.00833250  0.00000000  10.30319061 -1.25090354
 119    9  0.00833250  0.00833250  0.00000000  10.30319061 -1.25090332
 119   10  0.00833250  0.00833250  0.00000000  10.30319061 -1.12322983
 119   11  0.00833250  0.00833250  0.00000000  10.30319061 -1.12322982
 119   12  0.00833250  0.00833250  0.00000000  10.30319061 -0.47517757
 119   13  0.00833250  0.00833250  0.00000000  10.30319061 -0.47517736
 119   14  0.00833250  0.00833250  0.00000000  10.30319061 -0.22242593
 119   15  0.00833250  0.00833250  0.00000000  10.30319061 -0.22238565
 119   16  0.00833250  0.00833250  0.00000000  10.30319061 -0.21900607
 119   17  0.00833250  0.00833250  0.00000000  10.30319061 -0.21896706
 119   18  0.00833250  0.00833250  0.00000000  10.30319061 -0.20885533
 119   19  0.00833250  0.00833250  0.00000000  10.30319061 -0.20885408
 119   20  0.00833250  0.00833250  0.00000000  10.30319061 -0.14168853
 119   21  0.00833250  0.00833250  0.00000000  10.30319061 -0.14165182
 119   22  0.00833250  0.00833250  0.00000000  10.30319061 -0.13534000
 119   23  0.00833250  0.00833250  0.00000000  10.30319061 -0.13530233
 119   24  0.00833250  0.00833250  0.00000000  10.30319061 -0.03211255
 119   25  0.00833250  0.00833250  0.00000000  10.30319061 -0.03211207
 119   26  0.00833250  0.00833250  0.00000000  10.30319061  0.25012142
 119   27  0.00833250  0.00833250  0.00000000  10.30319061  0.25017437
 119   28  0.00833250  0.00833250  0.00000000  10.30319061  0.25512928
 119   29  0.00833250  0.00833250  0.00000000  10.30319061  0.25516703
 119   30  0.00833250  0.00833250  0.00000000  10.30319061  0.25890135
 119   31  0.00833250  0.00833250  0.00000000  10.30319061  0.25910352
 119   32  0.00833250  0.00833250  0.00000000  10.30319061  0.25940345
 119   33  0.00833250  0.00833250  0.00000000  10.30319061  0.25959338
 119   34  0.00833250  0.00833250  0.00000000  10.30319061  0.49158158
 119   35  0.00833250  0.00833250  0.00000000  10.30319061  0.49158207
 119   36  0.00833250  0.00833250  0.00000000  10.30319061  0.69094772
 119   37  0.00833250  0.00833250  0.00000000  10.30319061  0.69094795
 119   38  0.00833250  0.00833250  0.00000000  10.30319061  0.70497566
 119   39  0.00833250  0.00833250  0.00000000  10.30319061  0.70497580
 119   40  0.00833250  0.00833250  0.00000000  10.30319061  0.73381445
 119   41  0.00833250  0.00833250  0.00000000  10.30319061  0.73381451
 119   42  0.00833250  0.00833250  0.00000000  10.30319061  0.79735144
 119   43  0.00833250  0.00833250  0.00000000  10.30319061  0.79741873
 120    0  0.00000000  0.00000000  0.00000000  10.41321511 -5.36619063
 120    1  0.00000000  0.00000000  0.00000000  10.41321511 -5.36619063
 120    2  0.00000000  0.00000000  0.00000000  10.41321511 -3.18445884
 120    3  0.00000000  0.00000000  0.00000000  10.41321511 -3.18445884
 120    4  0.00000000  0.00000000  0.00000000  10.41321511 -2.98309528
 120    5  0.00000000  0.00000000  0.00000000  10.41321511 -2.98309528
 120    6  0.00000000  0.00000000  0.00000000  10.41321511 -2.96769558
 120    7  0.00000000  0.00000000  0.00000000  10.41321511 -2.96769558
 120    8  0.00000000  0.00000000  0.00000000  10.41321511 -1.25122821
 120    9  0.00000000  0.00000000  0.00000000  10.41321511 -1.25122821
 120   10  0.00000000  0.00000000  0.00000000  10.41321511 -1.12337471
 120   11  0.00000000  0.00000000  0.00000000  10.41321511 -1.12337471
 120   12  0.00000000  0.00000000  0.00000000  10.41321511 -0.47545813
 120   13  0.00000000  0.00000000  0.00000000  10.41321511 -0.47545813
 120   14  0.00000000  0.00000000  0.00000000  10.41321511 -0.22212503
 120   15  0.00000000  0.00000000  0.00000000  10.41321511 -0.22212503
 120   16  0.00000000  0.00000000  0.00000000  10.41321511 -0.21883394
 120   17  0.00000000  0.00000000  0.00000000  10.41321511 -0.21883394
 120   18  0.00000000  0.00000000  0.00000000  10.41321511 -0.20782663
 120   19  0.00000000  0.00000000  0.00000000  10.41321511 -0.20782663
 120   20  0.00000000  0.00000000  0.00000000  10.41321511 -0.14187113
 120   21  0.00000000  0.00000000  0.00000000  10.41321511 -0.14187113
 120   22  0.00000000  0.00000000  0.00000000  10.41321511 -0.13556292
 120   23  0.00000000  0.00000000  0.00000000  10.41321511 -0.13556292
 120   24  0.00000000  0.00000000  0.00000000  10.41321511 -0.03212158
 120   25  0.00000000  0.00000000  0.00000000  10.41321511 -0.03212158
 120   26  0.00000000  0.00000000  0.00000000  10.41321511  0.25013232
 120   27  0.00000000  0.00000000  0.00000000  10.41321511  0.25013232
 120   28  0.00000000  0.00000000  0.00000000  10.41321511  0.25512798
 120   29  0.00000000  0.00000000  0.00000000  10.41321511  0.25512798
 120   30  0.00000000  0.00000000  0.00000000  10.41321511  0.25952217
 120   31  0.00000000  0.00000000  0.00000000  10.41321511  0.25952217
 120   32  0.00000000  0.00000000  0.00000000  10.41321511  0.25973424
 120   33  0.00000000  0.00000000  0.00000000  10.41321511  0.25973424
 120   34  0.00000000  0.00000000  0.00000000  10.41321511  0.49045605
 120   35  0.00000000  0.00000000  0.00000000  10.41321511  0.49045605
 120   36  0.00000000  0.00000000  0.00000000  10.41321511  0.69079316
 120   37  0.00000000  0.00000000  0.00000000  10.41321511  0.69079316
 120   38  0.00000000  0.00000000  0.00000000  10.41321511  0.70478273
 120   39  0.00000000  0.00000000  0.00000000  10.41321511  0.70478273
 120   40  0.00000000  0.00000000  0.00000000  10.41321511  0.73370768
 120   41  0.00000000  0.00000000  0.00000000  10.41321511  0.73370768
 120   42  0.00000000  0.00000000  0.00000000  10.41321511  0.85928660
 120   43  0.00000000  0.00000000  0.00000000  10.41321511  0.85928660
