{
  "sym": {
    "nb_screen": 60,
    "G0_viol": 0.08639533459683157,
    "V0_viol": 0.03155828483588399,
    "W0_viol": 0.03014893255248015,
    "V0_worst_op": 38,
    "W0_worst_op": 43
  },
  "demo": {
    "nb_screen": 40,
    "G0_viol": 2.8765427921107253e-07,
    "V0_viol": 7.493024560759085e-08,
    "W0_viol": 7.145595709224517e-08,
    "V0_worst_op": 16,
    "W0_worst_op": 16
  }
}