  0.000000000  0.000000000  0.000000000      86       0
       1       1  -53.909753544    0.000000000
       1       2  -53.909753544   -0.000000000
       1       3  -53.887557779    0.000000000
       1       4  -53.887557780   -0.000000000
       1       5  -26.750136099    0.000000000
       1       6  -26.750136099    0.000000000
       1       7  -26.709828773    0.000000000
       1       8  -26.709828774   -0.000000000
       1       9  -25.985915882    0.000000000
       1      10  -25.985915883   -0.000000000
       1      11  -25.914681417   -0.000000000
       1      12  -25.914681418    0.000000000
       1      13  -25.932538192   -0.000000000
       1      14  -25.932538192   -0.000000000
       1      15  -25.902853334    0.000000000
       1      16  -25.902853334   -0.000000000
       1      17   -5.569427426    0.000000000
       1      18   -5.569427427    0.000000000
       1      19   -4.395825534   -0.000000000
       1      20   -4.395825532   -0.000000000
       1      21   -3.779272933    0.000000000
       1      22   -3.779272933   -0.000000000
       1      23   -3.776514422   -0.000000000
       1      24   -3.776514423   -0.000000000
       1      25   -3.619794868    0.000000000
       1      26   -3.619794866   -0.000000000
       1      27   -3.618735199    0.000000000
       1      28   -3.618735201   -0.000000000
       1      29    1.105982394    0.000000000
       1      30    1.105982392    0.000000000
       1      31    1.585576257   -0.000000000
       1      32    1.585576253   -0.000000000
       1      33    2.159007830   -0.000000000
       1      34    2.159007907   -0.000000000
       1      35    2.347364596    0.000000000
       1      36    2.347364595   -0.000000000
       1      37    2.340933692    0.000000000
       1      38    2.340933675    0.000000000
       1      39    2.536690599   -0.000000000
       1      40    2.536690599    0.000000000
       1      41    2.579523740   -0.000000000
       1      42    2.579523753    0.000000000
       1      43    3.637627761    0.000000000
       1      44    3.637627760   -0.000000000
       1      45    4.949953318    0.000000000
       1      46    4.949953306   -0.000000000
       1      47    5.863873399    0.000000000
       1      48    5.863873405    0.000000000
       1      49    4.698710251    0.000000000
       1      50    4.698710251    0.000000000
       1      51    5.465000439    0.000000000
       1      52    5.465000459    0.000000000
       1      53    4.615702627   -0.000000000
       1      54    4.615702620   -0.000000000
       1      55    4.623903381    0.000000000
       1      56    4.623903380   -0.000000000
       1      57    5.469415991    0.000000000
       1      58    5.469415997   -0.000000000
       1      59    6.220246729   -0.000000000
       1      60    6.220246731   -0.000000000
       1      61    6.121420067    0.000000000
       1      62    6.121420062   -0.000000000
       1      63    7.403405110    0.000000000
       1      64    7.403405068   -0.000000000
       1      65   13.735425716    0.000000000
       1      66   13.735425682    0.000000000
       1      67   13.447527099   -0.000000000
       1      68   13.447527115    0.000000000
       1      69   13.647105823    0.000000000
       1      70   13.647105893   -0.000000000
       1      71   13.486625578    0.000000000
       1      72   13.486625515    0.000000000
       1      73   14.149601407   -0.000000000
       1      74   14.149601597   -0.000000000
       1      75   14.385013661   -0.000000000
       1      76   14.385013637   -0.000000000
       1      77   14.766659400   -0.000000000
       1      78   14.766659658   -0.000000000
       1      79   14.607471542   -0.000000000
       1      80   14.607471847    0.000000000
       1      81   14.771684124   -0.000000000
       1      82   14.771683982    0.000000000
       1      83   14.670505602   -0.000000000
       1      84   14.670505365    0.000000000
       1      85    3.540791423    0.000000000
       1      86    3.540786935    0.000000000
  0.000000000  0.166666667  0.000000000      86       0
       1       1  -53.908461365    0.000000000
       1       2  -53.908461365   -0.000000000
       1       3  -53.889458914    0.000000000
       1       4  -53.889458914   -0.000000000
       1       5  -26.748192348    0.000000000
       1       6  -26.748192346   -0.000000000
       1       7  -26.714393205   -0.000000000
       1       8  -26.714393201   -0.000000000
       1       9  -25.981756721   -0.000000000
       1      10  -25.981756695    0.000000000
       1      11  -25.935375423    0.000000000
       1      12  -25.935375260   -0.000000000
       1      13  -25.924973495    0.000000000
       1      14  -25.924973332   -0.000000000
       1      15  -25.896468578   -0.000000000
       1      16  -25.896468556    0.000000000
       1      17   -5.477804821    0.000000000
       1      18   -5.477804799    0.000000000
       1      19   -4.333458330   -0.000000000
       1      20   -4.333458305   -0.000000000
       1      21   -3.934893596   -0.000000000
       1      22   -3.934893529    0.000000000
       1      23   -3.846219028   -0.000000000
       1      24   -3.846218924    0.000000000
       1      25   -3.629852695    0.000000000
       1      26   -3.629852725    0.000000000
       1      27   -3.625434434    0.000000000
       1      28   -3.625434491   -0.000000000
       1      29    1.118882488   -0.000000000
       1      30    1.118882731   -0.000000000
       1      31    1.637081781   -0.000000000
       1      32    1.637082090    0.000000000
       1      33    2.096287092   -0.000000000
       1      34    2.096304949   -0.000000000
       1      35    2.105055333   -0.000000000
       1      36    2.105078689   -0.000000000
       1      37    2.302916811   -0.000000000
       1      38    2.302916606   -0.000000000
       1      39    2.536710990    0.000000000
       1      40    2.536710180   -0.000000000
       1      41    3.556971343   -0.000000000
       1      42    3.556966433    0.000000000
       1      43    4.992597953    0.000000000
       1      44    4.992592030    0.000000000
       1      45    5.411486627   -0.000000000
       1      46    5.411506839   -0.000000000
       1      47    4.064588209   -0.000000000
       1      48    4.064582214   -0.000000000
       1      49    4.932771943   -0.000000000
       1      50    4.932778959    0.000000000
       1      51    5.010883596   -0.000000000
       1      52    5.010891458    0.000000000
       1      53    4.717729579   -0.000000000
       1      54    4.717737160   -0.000000000
       1      55    5.063444472   -0.000000000
       1      56    5.063445603   -0.000000000
       1      57    5.465935295    0.000000000
       1      58    5.465944966    0.000000000
       1      59    5.891985783   -0.000000000
       1      60    5.891987808    0.000000000
       1      61    5.822615833   -0.000000000
       1      62    5.822618689    0.000000000
       1      63    7.015079421   -0.000000000
       1      64    7.015077815    0.000000000
       1      65   13.548676639   -0.000000000
       1      66   13.548675590    0.000000000
       1      67   13.426138705    0.000000000
       1      68   13.426133640    0.000000000
       1      69   13.643629660    0.000000000
       1      70   13.643629441    0.000000000
       1      71   13.702422568   -0.000000000
       1      72   13.702412198    0.000000000
       1      73   14.047445388    0.000000000
       1      74   14.047445930   -0.000000000
       1      75   14.204799938    0.000000000
       1      76   14.204795773   -0.000000000
       1      77   14.346245346   -0.000000000
       1      78   14.346250575   -0.000000000
       1      79   14.335613751   -0.000000000
       1      80   14.335622590   -0.000000000
       1      81   14.774835435    0.000000000
       1      82   14.774834031   -0.000000000
       1      83   14.566885931   -0.000000000
       1      84   14.566889678   -0.000000000
       1      85    3.697682003    0.000000000
       1      86    3.697701709   -0.000000000
  0.000000000  0.333333333  0.000000000      86       0
       1       1  -53.906017715    0.000000000
       1       2  -53.906017715    0.000000000
       1       3  -53.881340443   -0.000000000
       1       4  -53.881340443    0.000000000
       1       5  -26.744979093   -0.000000000
       1       6  -26.744979091   -0.000000000
       1       7  -26.697630387   -0.000000000
       1       8  -26.697630381   -0.000000000
       1       9  -25.975928973    0.000000000
       1      10  -25.975928934    0.000000000
       1      11  -25.925497548    0.000000000
       1      12  -25.925497403    0.000000000
       1      13  -25.917419866   -0.000000000
       1      14  -25.917419722    0.000000000
       1      15  -25.885006777    0.000000000
       1      16  -25.885006742    0.000000000
       1      17   -5.220184391    0.000000000
       1      18   -5.220184351    0.000000000
       1      19   -4.300705073   -0.000000000
       1      20   -4.300705036   -0.000000000
       1      21   -4.164660444   -0.000000000
       1      22   -4.164660414   -0.000000000
       1      23   -3.947003486   -0.000000000
       1      24   -3.947003434    0.000000000
       1      25   -3.719389058   -0.000000000
       1      26   -3.719389024    0.000000000
       1      27   -3.670587129    0.000000000
       1      28   -3.670587065    0.000000000
       1      29    1.100416495   -0.000000000
       1      30    1.100416418   -0.000000000
       1      31    1.867656258    0.000000000
       1      32    1.867657869    0.000000000
       1      33    1.795439153   -0.000000000
       1      34    1.795438081   -0.000000000
       1      35    2.294730746   -0.000000000
       1      36    2.294732402   -0.000000000
       1      37    2.547387960   -0.000000000
       1      38    2.547383373    0.000000000
       1      39    3.291848668   -0.000000000
       1      40    3.291836285    0.000000000
       1      41    4.042142232   -0.000000000
       1      42    4.042131422    0.000000000
       1      43    4.744243061    0.000000000
       1      44    4.744191856    0.000000000
       1      45    5.146186480    0.000000000
       1      46    5.146182645   -0.000000000
       1      47    5.040093381   -0.000000000
       1      48    5.040114958   -0.000000000
       1      49    4.441320151    0.000000000
       1      50    4.441341720   -0.000000000
       1      51    4.843520297    0.000000000
       1      52    4.843520931    0.000000000
       1      53    4.865393242    0.000000000
       1      54    4.865401551    0.000000000
       1      55    5.027504005    0.000000000
       1      56    5.027526824   -0.000000000
       1      57    5.330957293   -0.000000000
       1      58    5.330968360    0.000000000
       1      59    5.452911261   -0.000000000
       1      60    5.452911193    0.000000000
       1      61    5.631643664   -0.000000000
       1      62    5.631646029   -0.000000000
       1      63    6.196550249   -0.000000000
       1      64    6.196550122    0.000000000
       1      65   13.419895187   -0.000000000
       1      66   13.419894250   -0.000000000
       1      67   12.734667533    0.000000000
       1      68   12.734660270   -0.000000000
       1      69   13.817764202   -0.000000000
       1      70   13.817762448   -0.000000000
       1      71   14.133885460    0.000000000
       1      72   14.133898133    0.000000000
       1      73   13.937373479   -0.000000000
       1      74   13.937371732   -0.000000000
       1      75   14.277575961    0.000000000
       1      76   14.277566098   -0.000000000
       1      77   14.029998358    0.000000000
       1      78   14.030003982    0.000000000
       1      79   13.795442690   -0.000000000
       1      80   13.795449231   -0.000000000
       1      81   14.955300991   -0.000000000
       1      82   14.955300616   -0.000000000
       1      83   14.735960835   -0.000000000
       1      84   14.735959289    0.000000000
       1      85    7.733123841    0.000000000
       1      86    7.733507940   -0.000000000
  0.000000000  0.500000000  0.000000000      86       0
       1       1  -53.897208253    0.000000000
       1       2  -53.897208253    0.000000000
       1       3  -53.889189969    0.000000000
       1       4  -53.889189969    0.000000000
       1       5  -26.729630353    0.000000000
       1       6  -26.729630354    0.000000000
       1       7  -26.712776100    0.000000000
       1       8  -26.712776100   -0.000000000
       1       9  -25.970042620   -0.000000000
       1      10  -25.970042621    0.000000000
       1      11  -25.933726604    0.000000000
       1      12  -25.933726604    0.000000000
       1      13  -25.905258504   -0.000000000
       1      14  -25.905258506    0.000000000
       1      15  -25.891027617   -0.000000000
       1      16  -25.891027617   -0.000000000
       1      17   -4.949995843    0.000000000
       1      18   -4.949995843   -0.000000000
       1      19   -4.621850754   -0.000000000
       1      20   -4.621850754   -0.000000000
       1      21   -3.989256496    0.000000000
       1      22   -3.989256497    0.000000000
       1      23   -3.990390295    0.000000000
       1      24   -3.990390295    0.000000000
       1      25   -3.865563279   -0.000000000
       1      26   -3.865563282    0.000000000
       1      27   -3.693218435   -0.000000000
       1      28   -3.693218434    0.000000000
       1      29    1.042773043   -0.000000000
       1      30    1.042773041   -0.000000000
       1      31    2.104007675   -0.000000000
       1      32    2.104007692    0.000000000
       1      33    1.701387039   -0.000000000
       1      34    1.701387038   -0.000000000
       1      35    3.061489728    0.000000000
       1      36    3.061489726    0.000000000
       1      37    2.711117083    0.000000000
       1      38    2.711117103   -0.000000000
       1      39    3.093630927   -0.000000000
       1      40    3.093630927    0.000000000
       1      41    3.844133704   -0.000000000
       1      42    3.844133698   -0.000000000
       1      43    3.797064279    0.000000000
       1      44    3.797064271   -0.000000000
       1      45    4.985623015   -0.000000000
       1      46    4.985623015   -0.000000000
       1      47    5.002388701    0.000000000
       1      48    5.002388719   -0.000000000
       1      49    5.481486381    0.000000000
       1      50    5.481486392    0.000000000
       1      51    4.484641287    0.000000000
       1      52    4.484641291    0.000000000
       1      53    5.489173389    0.000000000
       1      54    5.489173357   -0.000000000
       1      55    5.009882528    0.000000000
       1      56    5.009882544   -0.000000000
       1      57    5.091076480   -0.000000000
       1      58    5.091076474   -0.000000000
       1      59    5.263228913   -0.000000000
       1      60    5.263228907    0.000000000
       1      61    5.583843621   -0.000000000
       1      62    5.583843634    0.000000000
       1      63    6.156480576    0.000000000
       1      64    6.156480574    0.000000000
       1      65   13.370407711   -0.000000000
       1      66   13.370407714    0.000000000
       1      67   12.339947041    0.000000000
       1      68   12.339947172    0.000000000
       1      69   14.178052186    0.000000000
       1      70   14.178052229    0.000000000
       1      71   13.313510957   -0.000000000
       1      72   13.313510943   -0.000000000
       1      73   14.289599150   -0.000000000
       1      74   14.289599092   -0.000000000
       1      75   14.466574180    0.000000000
       1      76   14.466574451   -0.000000000
       1      77   13.711867018   -0.000000000
       1      78   13.711865667   -0.000000000
       1      79   14.209983831    0.000000000
       1      80   14.209983398   -0.000000000
       1      81   15.053104173   -0.000000000
       1      82   15.053104734    0.000000000
       1      83   14.704820028    0.000000000
       1      84   14.704821441    0.000000000
       1      85    8.074270958   -0.000000000
       1      86    8.074270230    0.000000000
  0.000000000  0.666666667  0.000000000      86       0
       1       1  -53.906017715    0.000000000
       1       2  -53.906017715   -0.000000000
       1       3  -53.881340443   -0.000000000
       1       4  -53.881340443   -0.000000000
       1       5  -26.744979093   -0.000000000
       1       6  -26.744979091    0.000000000
       1       7  -26.697630387    0.000000000
       1       8  -26.697630380    0.000000000
       1       9  -25.975928973   -0.000000000
       1      10  -25.975928934   -0.000000000
       1      11  -25.925497548   -0.000000000
       1      12  -25.925497403   -0.000000000
       1      13  -25.917419865   -0.000000000
       1      14  -25.917419722   -0.000000000
       1      15  -25.885006777    0.000000000
       1      16  -25.885006742   -0.000000000
       1      17   -5.220184391   -0.000000000
       1      18   -5.220184351   -0.000000000
       1      19   -4.300705073    0.000000000
       1      20   -4.300705036    0.000000000
       1      21   -4.164660444   -0.000000000
       1      22   -4.164660413   -0.000000000
       1      23   -3.947003486   -0.000000000
       1      24   -3.947003434   -0.000000000
       1      25   -3.719389058   -0.000000000
       1      26   -3.719389024   -0.000000000
       1      27   -3.670587129   -0.000000000
       1      28   -3.670587065    0.000000000
       1      29    1.100416495   -0.000000000
       1      30    1.100416418   -0.000000000
       1      31    1.867656259   -0.000000000
       1      32    1.867657868   -0.000000000
       1      33    1.795439154   -0.000000000
       1      34    1.795438081   -0.000000000
       1      35    2.294730745   -0.000000000
       1      36    2.294732403   -0.000000000
       1      37    2.547387960   -0.000000000
       1      38    2.547383373    0.000000000
       1      39    3.291848671    0.000000000
       1      40    3.291836285   -0.000000000
       1      41    4.042142233   -0.000000000
       1      42    4.042131421    0.000000000
       1      43    4.744243061    0.000000000
       1      44    4.744191857    0.000000000
       1      45    5.146186480    0.000000000
       1      46    5.146182645   -0.000000000
       1      47    5.040093380   -0.000000000
       1      48    5.040114959   -0.000000000
       1      49    4.441320152    0.000000000
       1      50    4.441341722   -0.000000000
       1      51    4.843520300    0.000000000
       1      52    4.843520931   -0.000000000
       1      53    4.865393241    0.000000000
       1      54    4.865401550   -0.000000000
       1      55    5.027504007   -0.000000000
       1      56    5.027526825   -0.000000000
       1      57    5.330957297    0.000000000
       1      58    5.330968359    0.000000000
       1      59    5.452911258    0.000000000
       1      60    5.452911193   -0.000000000
       1      61    5.631643664    0.000000000
       1      62    5.631646031   -0.000000000
       1      63    6.196550255    0.000000000
       1      64    6.196550134   -0.000000000
       1      65   13.419895190    0.000000000
       1      66   13.419894267   -0.000000000
       1      67   12.734667472    0.000000000
       1      68   12.734660297    0.000000000
       1      69   13.817764184   -0.000000000
       1      70   13.817762447   -0.000000000
       1      71   14.133885480    0.000000000
       1      72   14.133898153   -0.000000000
       1      73   13.937373436    0.000000000
       1      74   13.937371736    0.000000000
       1      75   14.277575954   -0.000000000
       1      76   14.277566081    0.000000000
       1      77   14.029998414    0.000000000
       1      78   14.030004179   -0.000000000
       1      79   13.795442798   -0.000000000
       1      80   13.795449499    0.000000000
       1      81   14.955301006   -0.000000000
       1      82   14.955300641   -0.000000000
       1      83   14.735960800    0.000000000
       1      84   14.735959245    0.000000000
       1      85    7.733180192    0.000000000
       1      86    7.733489107   -0.000000000
  0.000000000  0.833333333  0.000000000      86       0
       1       1  -53.908461365   -0.000000000
       1       2  -53.908461365    0.000000000
       1       3  -53.889458914    0.000000000
       1       4  -53.889458913   -0.000000000
       1       5  -26.748192349   -0.000000000
       1       6  -26.748192346   -0.000000000
       1       7  -26.714393204   -0.000000000
       1       8  -26.714393200    0.000000000
       1       9  -25.981756721   -0.000000000
       1      10  -25.981756695    0.000000000
       1      11  -25.935375423    0.000000000
       1      12  -25.935375261   -0.000000000
       1      13  -25.924973496    0.000000000
       1      14  -25.924973333    0.000000000
       1      15  -25.896468577    0.000000000
       1      16  -25.896468556    0.000000000
       1      17   -5.477804821    0.000000000
       1      18   -5.477804799   -0.000000000
       1      19   -4.333458330   -0.000000000
       1      20   -4.333458305   -0.000000000
       1      21   -3.934893597    0.000000000
       1      22   -3.934893529    0.000000000
       1      23   -3.846219028    0.000000000
       1      24   -3.846218923    0.000000000
       1      25   -3.629852696   -0.000000000
       1      26   -3.629852725   -0.000000000
       1      27   -3.625434432   -0.000000000
       1      28   -3.625434490    0.000000000
       1      29    1.118882489   -0.000000000
       1      30    1.118882732   -0.000000000
       1      31    1.637081781    0.000000000
       1      32    1.637082090    0.000000000
       1      33    2.096287091    0.000000000
       1      34    2.096304954    0.000000000
       1      35    2.105055337   -0.000000000
       1      36    2.105078691   -0.000000000
       1      37    2.302916814   -0.000000000
       1      38    2.302916609    0.000000000
       1      39    2.536710992    0.000000000
       1      40    2.536710179    0.000000000
       1      41    3.556971332    0.000000000
       1      42    3.556966434    0.000000000
       1      43    4.992597953    0.000000000
       1      44    4.992592031    0.000000000
       1      45    5.411486626   -0.000000000
       1      46    5.411506844    0.000000000
       1      47    4.064588208    0.000000000
       1      48    4.064582206    0.000000000
       1      49    4.932771938    0.000000000
       1      50    4.932778958    0.000000000
       1      51    5.010883598   -0.000000000
       1      52    5.010891459   -0.000000000
       1      53    4.717729577    0.000000000
       1      54    4.717737158   -0.000000000
       1      55    5.063444465   -0.000000000
       1      56    5.063445599    0.000000000
       1      57    5.465935296    0.000000000
       1      58    5.465944972   -0.000000000
       1      59    5.891985780    0.000000000
       1      60    5.891987793    0.000000000
       1      61    5.822615819   -0.000000000
       1      62    5.822618694    0.000000000
       1      63    7.015079403   -0.000000000
       1      64    7.015077822    0.000000000
       1      65   13.548676643   -0.000000000
       1      66   13.548675585    0.000000000
       1      67   13.426138723    0.000000000
       1      68   13.426133616    0.000000000
       1      69   13.643629480    0.000000000
       1      70   13.643629733    0.000000000
       1      71   13.702422569    0.000000000
       1      72   13.702412202   -0.000000000
       1      73   14.047445377   -0.000000000
       1      74   14.047445917    0.000000000
       1      75   14.204799940    0.000000000
       1      76   14.204795722    0.000000000
       1      77   14.346245279    0.000000000
       1      78   14.346250635   -0.000000000
       1      79   14.335613610   -0.000000000
       1      80   14.335622576    0.000000000
       1      81   14.774835237    0.000000000
       1      82   14.774834361    0.000000000
       1      83   14.566886090    0.000000000
       1      84   14.566889426   -0.000000000
       1      85    3.697683376    0.000000000
       1      86    3.697702272   -0.000000000
  0.166666667 -0.000000000  0.000000000      86       0
       1       1  -53.908461365    0.000000000
       1       2  -53.908461366   -0.000000000
       1       3  -53.889458912   -0.000000000
       1       4  -53.889458912   -0.000000000
       1       5  -26.748192361    0.000000000
       1       6  -26.748192356   -0.000000000
       1       7  -26.714393172   -0.000000000
       1       8  -26.714393170   -0.000000000
       1       9  -25.981756760   -0.000000000
       1      10  -25.981756732   -0.000000000
       1      11  -25.935375223    0.000000000
       1      12  -25.935375044   -0.000000000
       1      13  -25.924973501   -0.000000000
       1      14  -25.924973324    0.000000000
       1      15  -25.896468781    0.000000000
       1      16  -25.896468757    0.000000000
       1      17   -5.477804832    0.000000000
       1      18   -5.477804810    0.000000000
       1      19   -4.333458343   -0.000000000
       1      20   -4.333458319    0.000000000
       1      21   -3.934893751    0.000000000
       1      22   -3.934893690   -0.000000000
       1      23   -3.846218841    0.000000000
       1      24   -3.846218748   -0.000000000
       1      25   -3.629852793   -0.000000000
       1      26   -3.629852798    0.000000000
       1      27   -3.625434349   -0.000000000
       1      28   -3.625434383    0.000000000
       1      29    1.118882498   -0.000000000
       1      30    1.118882749    0.000000000
       1      31    1.637081835    0.000000000
       1      32    1.637082168   -0.000000000
       1      33    2.096286393    0.000000000
       1      34    2.096304839   -0.000000000
       1      35    2.105055588    0.000000000
       1      36    2.105079441   -0.000000000
       1      37    2.302917276    0.000000000
       1      38    2.302917036   -0.000000000
       1      39    2.536710946   -0.000000000
       1      40    2.536709828   -0.000000000
       1      41    3.556970517   -0.000000000
       1      42    3.556965558    0.000000000
       1      43    4.992597619   -0.000000000
       1      44    4.992591937   -0.000000000
       1      45    5.411487757   -0.000000000
       1      46    5.411507622   -0.000000000
       1      47    4.064587899   -0.000000000
       1      48    4.064581032   -0.000000000
       1      49    4.932771813    0.000000000
       1      50    4.932779440   -0.000000000
       1      51    5.010883611   -0.000000000
       1      52    5.010890817    0.000000000
       1      53    4.717729403   -0.000000000
       1      54    4.717737410    0.000000000
       1      55    5.063444520   -0.000000000
       1      56    5.063445714    0.000000000
       1      57    5.465935208   -0.000000000
       1      58    5.465945006    0.000000000
       1      59    5.891986145   -0.000000000
       1      60    5.891987604   -0.000000000
       1      61    5.822615747   -0.000000000
       1      62    5.822618774   -0.000000000
       1      63    7.015079022    0.000000000
       1      64    7.015077622   -0.000000000
       1      65   13.548676195   -0.000000000
       1      66   13.548675261   -0.000000000
       1      67   13.426139823    0.000000000
       1      68   13.426134766    0.000000000
       1      69   13.643630645   -0.000000000
       1      70   13.643630879   -0.000000000
       1      71   13.702420262    0.000000000
       1      72   13.702409898   -0.000000000
       1      73   14.047448473   -0.000000000
       1      74   14.047448631   -0.000000000
       1      75   14.204798252   -0.000000000
       1      76   14.204794044   -0.000000000
       1      77   14.346246303   -0.000000000
       1      78   14.346251656   -0.000000000
       1      79   14.335612102   -0.000000000
       1      80   14.335621337    0.000000000
       1      81   14.774837180   -0.000000000
       1      82   14.774835755   -0.000000000
       1      83   14.566885600    0.000000000
       1      84   14.566888636   -0.000000000
       1      85    3.697683092   -0.000000000
       1      86    3.697702350   -0.000000000
  0.166666667  0.166666667  0.000000000      86       0
       1       1  -53.898183290    0.000000000
       1       2  -53.898183290    0.000000000
       1       3  -53.885229691   -0.000000000
       1       4  -53.885229691    0.000000000
       1       5  -26.728957624   -0.000000000
       1       6  -26.728957589   -0.000000000
       1       7  -26.705640783   -0.000000000
       1       8  -26.705640743    0.000000000
       1       9  -25.961257211   -0.000000000
       1      10  -25.961257088   -0.000000000
       1      11  -25.932471149   -0.000000000
       1      12  -25.932470683    0.000000000
       1      13  -25.903717890    0.000000000
       1      14  -25.903717135    0.000000000
       1      15  -25.889844708   -0.000000000
       1      16  -25.889844299   -0.000000000
       1      17   -5.302157730   -0.000000000
       1      18   -5.302157695   -0.000000000
       1      19   -4.189584106    0.000000000
       1      20   -4.189584004   -0.000000000
       1      21   -4.175923215   -0.000000000
       1      22   -4.175923294    0.000000000
       1      23   -3.983742120    0.000000000
       1      24   -3.983742122   -0.000000000
       1      25   -3.679617840    0.000000000
       1      26   -3.679617834   -0.000000000
       1      27   -3.648533259    0.000000000
       1      28   -3.648533221    0.000000000
       1      29    1.205233922   -0.000000000
       1      30    1.205234293    0.000000000
       1      31    1.697090296   -0.000000000
       1      32    1.697090153    0.000000000
       1      33    1.965802377   -0.000000000
       1      34    1.965798443   -0.000000000
       1      35    2.036960038    0.000000000
       1      36    2.036964453    0.000000000
       1      37    2.404858146    0.000000000
       1      38    2.404854810    0.000000000
       1      39    3.136971833   -0.000000000
       1      40    3.136974485   -0.000000000
       1      41    4.412668137   -0.000000000
       1      42    4.412670605    0.000000000
       1      43    4.591882880   -0.000000000
       1      44    4.591879909    0.000000000
       1      45    5.107116234   -0.000000000
       1      46    5.107115813    0.000000000
       1      47    4.659767191    0.000000000
       1      48    4.659765471   -0.000000000
       1      49    4.807525375   -0.000000000
       1      50    4.807514681   -0.000000000
       1      51    4.936394456    0.000000000
       1      52    4.936411939   -0.000000000
       1      53    4.634365761    0.000000000
       1      54    4.634362051    0.000000000
       1      55    4.907283605    0.000000000
       1      56    4.907287939    0.000000000
       1      57    5.466432512    0.000000000
       1      58    5.466436390   -0.000000000
       1      59    5.644367482   -0.000000000
       1      60    5.644373538    0.000000000
       1      61    5.572296321    0.000000000
       1      62    5.572303603    0.000000000
       1      63    6.605024454    0.000000000
       1      64    6.605027039    0.000000000
       1      65   13.074750511   -0.000000000
       1      66   13.074746488    0.000000000
       1      67   13.376460422    0.000000000
       1      68   13.376455107    0.000000000
       1      69   13.273534368   -0.000000000
       1      70   13.273531012    0.000000000
       1      71   14.244120610    0.000000000
       1      72   14.244119132    0.000000000
       1      73   14.128754653    0.000000000
       1      74   14.128752651   -0.000000000
       1      75   14.147094978    0.000000000
       1      76   14.147094010    0.000000000
       1      77   13.830698659   -0.000000000
       1      78   13.830693642    0.000000000
       1      79   14.592451157    0.000000000
       1      80   14.592447626   -0.000000000
       1      81   14.466456417    0.000000000
       1      82   14.466452829    0.000000000
       1      83   14.824888501    0.000000000
       1      84   14.824885402    0.000000000
       1      85    3.843753480   -0.000000000
       1      86    3.843768704    0.000000000
  0.166666667  0.333333333  0.000000000      86       0
       1       1  -53.901769814   -0.000000000
       1       2  -53.901769814   -0.000000000
       1       3  -53.890382106    0.000000000
       1       4  -53.890382106    0.000000000
       1       5  -26.737962449   -0.000000000
       1       6  -26.737962417   -0.000000000
       1       7  -26.715477968   -0.000000000
       1       8  -26.715477936   -0.000000000
       1       9  -25.971201451   -0.000000000
       1      10  -25.971201377   -0.000000000
       1      11  -25.940007813    0.000000000
       1      12  -25.940007643    0.000000000
       1      13  -25.910857668    0.000000000
       1      14  -25.910857176   -0.000000000
       1      15  -25.900938581   -0.000000000
       1      16  -25.900938188   -0.000000000
       1      17   -4.995255261   -0.000000000
       1      18   -4.995255218    0.000000000
       1      19   -4.497330800    0.000000000
       1      20   -4.497330754    0.000000000
       1      21   -4.101332817    0.000000000
       1      22   -4.101332810    0.000000000
       1      23   -4.028290598   -0.000000000
       1      24   -4.028290571    0.000000000
       1      25   -3.800833302   -0.000000000
       1      26   -3.800833279    0.000000000
       1      27   -3.691886114    0.000000000
       1      28   -3.691886091    0.000000000
       1      29    1.285617501    0.000000000
       1      30    1.285617691    0.000000000
       1      31    1.942948291    0.000000000
       1      32    1.942948908   -0.000000000
       1      33    1.941747113   -0.000000000
       1      34    1.941747870    0.000000000
       1      35    2.354742858    0.000000000
       1      36    2.354748726    0.000000000
       1      37    2.806349872    0.000000000
       1      38    2.806351916    0.000000000
       1      39    3.147820784    0.000000000
       1      40    3.147815845    0.000000000
       1      41    3.588253133   -0.000000000
       1      42    3.588254885    0.000000000
       1      43    4.148615078   -0.000000000
       1      44    4.148615308    0.000000000
       1      45    5.409828818    0.000000000
       1      46    5.409824473   -0.000000000
       1      47    4.551644531   -0.000000000
       1      48    4.551630618   -0.000000000
       1      49    4.975490315   -0.000000000
       1      50    4.975491626    0.000000000
       1      51    4.951486889   -0.000000000
       1      52    4.951485464   -0.000000000
       1      53    5.330235210   -0.000000000
       1      54    5.330237257    0.000000000
       1      55    5.300641134    0.000000000
       1      56    5.300655126   -0.000000000
       1      57    5.156725872   -0.000000000
       1      58    5.156725416   -0.000000000
       1      59    5.458689075    0.000000000
       1      60    5.458699576    0.000000000
       1      61    5.829689273   -0.000000000
       1      62    5.829698600   -0.000000000
       1      63    6.427692198   -0.000000000
       1      64    6.427690747   -0.000000000
       1      65   12.817651956   -0.000000000
       1      66   12.817650961   -0.000000000
       1      67   12.577797521    0.000000000
       1      68   12.577795235    0.000000000
       1      69   13.623632615   -0.000000000
       1      70   13.623627931    0.000000000
       1      71   13.765294859   -0.000000000
       1      72   13.765287388   -0.000000000
       1      73   14.338485511   -0.000000000
       1      74   14.338481580    0.000000000
       1      75   14.399466976   -0.000000000
       1      76   14.399465161   -0.000000000
       1      77   14.205228088    0.000000000
       1      78   14.205226359    0.000000000
       1      79   14.241120667   -0.000000000
       1      80   14.241118903   -0.000000000
       1      81   14.818746750    0.000000000
       1      82   14.818739826    0.000000000
       1      83   14.599238418   -0.000000000
       1      84   14.599235637   -0.000000000
       1      85    8.018358818    0.000000000
       1      86    8.018359219    0.000000000
  0.166666667  0.500000000  0.000000000      86       0
       1       1  -53.901778106    0.000000000
       1       2  -53.901778105   -0.000000000
       1       3  -53.890374126    0.000000000
       1       4  -53.890374126   -0.000000000
       1       5  -26.737967981   -0.000000000
       1       6  -26.737967952   -0.000000000
       1       7  -26.715472756    0.000000000
       1       8  -26.715472723    0.000000000
       1       9  -25.971206177    0.000000000
       1      10  -25.971206105    0.000000000
       1      11  -25.939994285    0.000000000
       1      12  -25.939994118    0.000000000
       1      13  -25.910875053   -0.000000000
       1      14  -25.910874564    0.000000000
       1      15  -25.900931542    0.000000000
       1      16  -25.900931151    0.000000000
       1      17   -4.995261847   -0.000000000
       1      18   -4.995261804    0.000000000
       1      19   -4.497311721    0.000000000
       1      20   -4.497311676   -0.000000000
       1      21   -4.101152423   -0.000000000
       1      22   -4.101152419   -0.000000000
       1      23   -4.028698533    0.000000000
       1      24   -4.028698508   -0.000000000
       1      25   -3.800354340   -0.000000000
       1      26   -3.800354317    0.000000000
       1      27   -3.692149576   -0.000000000
       1      28   -3.692149554    0.000000000
       1      29    1.285931419   -0.000000000
       1      30    1.285931608   -0.000000000
       1      31    1.942389706    0.000000000
       1      32    1.942390182    0.000000000
       1      33    1.938597304    0.000000000
       1      34    1.938598318   -0.000000000
       1      35    2.361451609   -0.000000000
       1      36    2.361457590    0.000000000
       1      37    2.805249741    0.000000000
       1      38    2.805252328    0.000000000
       1      39    3.141544853    0.000000000
       1      40    3.141540779   -0.000000000
       1      41    3.596608435   -0.000000000
       1      42    3.596610334    0.000000000
       1      43    4.131519454   -0.000000000
       1      44    4.131519540    0.000000000
       1      45    5.431254031    0.000000000
       1      46    5.431251876   -0.000000000
       1      47    4.542276241    0.000000000
       1      48    4.542267565   -0.000000000
       1      49    4.975385244    0.000000000
       1      50    4.975387405   -0.000000000
       1      51    4.951809661    0.000000000
       1      52    4.951807950    0.000000000
       1      53    5.329244000   -0.000000000
       1      54    5.329246081    0.000000000
       1      55    5.289074846   -0.000000000
       1      56    5.289088201    0.000000000
       1      57    5.168597010   -0.000000000
       1      58    5.168594205    0.000000000
       1      59    5.467073452    0.000000000
       1      60    5.467083336   -0.000000000
       1      61    5.820920861    0.000000000
       1      62    5.820930486    0.000000000
       1      63    6.427488737   -0.000000000
       1      64    6.427487011   -0.000000000
       1      65   12.823737649   -0.000000000
       1      66   12.823735945   -0.000000000
       1      67   12.563735215    0.000000000
       1      68   12.563733956   -0.000000000
       1      69   13.637352029   -0.000000000
       1      70   13.637353245    0.000000000
       1      71   13.759053901    0.000000000
       1      72   13.759052210   -0.000000000
       1      73   14.337259610    0.000000000
       1      74   14.337256042   -0.000000000
       1      75   14.402806405    0.000000000
       1      76   14.402805469   -0.000000000
       1      77   14.211610955   -0.000000000
       1      78   14.211608235    0.000000000
       1      79   14.227009703   -0.000000000
       1      80   14.227009575   -0.000000000
       1      81   14.828190961   -0.000000000
       1      82   14.828186757   -0.000000000
       1      83   14.597809011   -0.000000000
       1      84   14.597809981   -0.000000000
       1      85    8.018590422   -0.000000000
       1      86    8.018592529   -0.000000000
  0.166666667  0.666666667  0.000000000      86       0
       1       1  -53.898183291   -0.000000000
       1       2  -53.898183290   -0.000000000
       1       3  -53.885229690   -0.000000000
       1       4  -53.885229690    0.000000000
       1       5  -26.728957620   -0.000000000
       1       6  -26.728957582    0.000000000
       1       7  -26.705640777    0.000000000
       1       8  -26.705640737   -0.000000000
       1       9  -25.961257208    0.000000000
       1      10  -25.961257079   -0.000000000
       1      11  -25.932471147    0.000000000
       1      12  -25.932470668    0.000000000
       1      13  -25.903717891   -0.000000000
       1      14  -25.903717121    0.000000000
       1      15  -25.889844710    0.000000000
       1      16  -25.889844293    0.000000000
       1      17   -5.302157744    0.000000000
       1      18   -5.302157708    0.000000000
       1      19   -4.189584252   -0.000000000
       1      20   -4.189584132    0.000000000
       1      21   -4.175922971    0.000000000
       1      22   -4.175923063    0.000000000
       1      23   -3.983742205   -0.000000000
       1      24   -3.983742209   -0.000000000
       1      25   -3.679617753   -0.000000000
       1      26   -3.679617744   -0.000000000
       1      27   -3.648533351   -0.000000000
       1      28   -3.648533315   -0.000000000
       1      29    1.205233902    0.000000000
       1      30    1.205234284   -0.000000000
       1      31    1.697090324   -0.000000000
       1      32    1.697090219    0.000000000
       1      33    1.965802499   -0.000000000
       1      34    1.965798504    0.000000000
       1      35    2.036959567    0.000000000
       1      36    2.036964366   -0.000000000
       1      37    2.404858116    0.000000000
       1      38    2.404854805   -0.000000000
       1      39    3.136972169    0.000000000
       1      40    3.136974541    0.000000000
       1      41    4.412668087   -0.000000000
       1      42    4.412670722    0.000000000
       1      43    4.591882490    0.000000000
       1      44    4.591879769    0.000000000
       1      45    5.107116794   -0.000000000
       1      46    5.107115963   -0.000000000
       1      47    4.659767360   -0.000000000
       1      48    4.659765357   -0.000000000
       1      49    4.807526179    0.000000000
       1      50    4.807513956   -0.000000000
       1      51    4.936393883    0.000000000
       1      52    4.936411869   -0.000000000
       1      53    4.634365560    0.000000000
       1      54    4.634362501   -0.000000000
       1      55    4.907283507   -0.000000000
       1      56    4.907287926    0.000000000
       1      57    5.466432678    0.000000000
       1      58    5.466436196    0.000000000
       1      59    5.644367683   -0.000000000
       1      60    5.644373064    0.000000000
       1      61    5.572296218   -0.000000000
       1      62    5.572303868    0.000000000
       1      63    6.605024459    0.000000000
       1      64    6.605027072    0.000000000
       1      65   13.074749602    0.000000000
       1      66   13.074746148    0.000000000
       1      67   13.376460457    0.000000000
       1      68   13.376456120    0.000000000
       1      69   13.273534529    0.000000000
       1      70   13.273531153   -0.000000000
       1      71   14.244120541   -0.000000000
       1      72   14.244118790    0.000000000
       1      73   14.128754918    0.000000000
       1      74   14.128753015    0.000000000
       1      75   14.147094649    0.000000000
       1      76   14.147093695   -0.000000000
       1      77   13.830699135   -0.000000000
       1      78   13.830693463    0.000000000
       1      79   14.592451384    0.000000000
       1      80   14.592446755    0.000000000
       1      81   14.466456023   -0.000000000
       1      82   14.466452941   -0.000000000
       1      83   14.824888644   -0.000000000
       1      84   14.824885718   -0.000000000
       1      85    3.843752906   -0.000000000
       1      86    3.843771134    0.000000000
  0.166666667  0.833333333  0.000000000      86       0
       1       1  -53.908461366    0.000000000
       1       2  -53.908461366    0.000000000
       1       3  -53.889458913   -0.000000000
       1       4  -53.889458912    0.000000000
       1       5  -26.748192362    0.000000000
       1       6  -26.748192354    0.000000000
       1       7  -26.714393175   -0.000000000
       1       8  -26.714393170    0.000000000
       1       9  -25.981756758   -0.000000000
       1      10  -25.981756732    0.000000000
       1      11  -25.935375217   -0.000000000
       1      12  -25.935375056   -0.000000000
       1      13  -25.924973486   -0.000000000
       1      14  -25.924973335    0.000000000
       1      15  -25.896468779    0.000000000
       1      16  -25.896468757   -0.000000000
       1      17   -5.477804836    0.000000000
       1      18   -5.477804814   -0.000000000
       1      19   -4.333458343    0.000000000
       1      20   -4.333458318   -0.000000000
       1      21   -3.934893691   -0.000000000
       1      22   -3.934893646    0.000000000
       1      23   -3.846218865    0.000000000
       1      24   -3.846218787   -0.000000000
       1      25   -3.629852859    0.000000000
       1      26   -3.629852832   -0.000000000
       1      27   -3.625434332   -0.000000000
       1      28   -3.625434332    0.000000000
       1      29    1.118882481    0.000000000
       1      30    1.118882756   -0.000000000
       1      31    1.637081836    0.000000000
       1      32    1.637082172    0.000000000
       1      33    2.096286263    0.000000000
       1      34    2.096305036   -0.000000000
       1      35    2.105055335   -0.000000000
       1      36    2.105079558   -0.000000000
       1      37    2.302917276   -0.000000000
       1      38    2.302916913   -0.000000000
       1      39    2.536711218    0.000000000
       1      40    2.536709764    0.000000000
       1      41    3.556970524   -0.000000000
       1      42    3.556965529    0.000000000
       1      43    4.992598419   -0.000000000
       1      44    4.992591203    0.000000000
       1      45    5.411488241   -0.000000000
       1      46    5.411507009   -0.000000000
       1      47    4.064588707   -0.000000000
       1      48    4.064580513    0.000000000
       1      49    4.932771432   -0.000000000
       1      50    4.932779857    0.000000000
       1      51    5.010883945    0.000000000
       1      52    5.010890477    0.000000000
       1      53    4.717729298    0.000000000
       1      54    4.717737402   -0.000000000
       1      55    5.063444397   -0.000000000
       1      56    5.063445787    0.000000000
       1      57    5.465935194    0.000000000
       1      58    5.465944965   -0.000000000
       1      59    5.891986264   -0.000000000
       1      60    5.891987440   -0.000000000
       1      61    5.822615835    0.000000000
       1      62    5.822618720   -0.000000000
       1      63    7.015079198   -0.000000000
       1      64    7.015077513    0.000000000
       1      65   13.548676206   -0.000000000
       1      66   13.548675258   -0.000000000
       1      67   13.426139532   -0.000000000
       1      68   13.426134399    0.000000000
       1      69   13.643630727    0.000000000
       1      70   13.643630810   -0.000000000
       1      71   13.702420176   -0.000000000
       1      72   13.702410291   -0.000000000
       1      73   14.047448958   -0.000000000
       1      74   14.047448348   -0.000000000
       1      75   14.204798108   -0.000000000
       1      76   14.204793786   -0.000000000
       1      77   14.346246103    0.000000000
       1      78   14.346252026   -0.000000000
       1      79   14.335611610   -0.000000000
       1      80   14.335621768    0.000000000
       1      81   14.774837560    0.000000000
       1      82   14.774835301   -0.000000000
       1      83   14.566885013    0.000000000
       1      84   14.566888839   -0.000000000
       1      85    3.697686733    0.000000000
       1      86    3.697700713    0.000000000
  0.333333333  0.000000000  0.000000000      86       0
       1       1  -53.906017716   -0.000000000
       1       2  -53.906017716   -0.000000000
       1       3  -53.881340443    0.000000000
       1       4  -53.881340443   -0.000000000
       1       5  -26.744979131   -0.000000000
       1       6  -26.744979128    0.000000000
       1       7  -26.697630388   -0.000000000
       1       8  -26.697630384   -0.000000000
       1       9  -25.975929136   -0.000000000
       1      10  -25.975929096   -0.000000000
       1      11  -25.925497429   -0.000000000
       1      12  -25.925497281   -0.000000000
       1      13  -25.917419712    0.000000000
       1      14  -25.917419572    0.000000000
       1      15  -25.885006825    0.000000000
       1      16  -25.885006794    0.000000000
       1      17   -5.220184424   -0.000000000
       1      18   -5.220184385   -0.000000000
       1      19   -4.300705309    0.000000000
       1      20   -4.300705272   -0.000000000
       1      21   -4.164660463   -0.000000000
       1      22   -4.164660431    0.000000000
       1      23   -3.947003188    0.000000000
       1      24   -3.947003140    0.000000000
       1      25   -3.719389143    0.000000000
       1      26   -3.719389109    0.000000000
       1      27   -3.670587014    0.000000000
       1      28   -3.670586949   -0.000000000
       1      29    1.100416527    0.000000000
       1      30    1.100416445    0.000000000
       1      31    1.867656363    0.000000000
       1      32    1.867657958   -0.000000000
       1      33    1.795438818   -0.000000000
       1      34    1.795437686    0.000000000
       1      35    2.294731547   -0.000000000
       1      36    2.294732988    0.000000000
       1      37    2.547388324    0.000000000
       1      38    2.547383634   -0.000000000
       1      39    3.291848729   -0.000000000
       1      40    3.291834966    0.000000000
       1      41    4.042142842    0.000000000
       1      42    4.042132155   -0.000000000
       1      43    4.744240921   -0.000000000
       1      44    4.744192661   -0.000000000
       1      45    5.146185974   -0.000000000
       1      46    5.146181177   -0.000000000
       1      47    5.040094049   -0.000000000
       1      48    5.040115933   -0.000000000
       1      49    4.441319755    0.000000000
       1      50    4.441341041   -0.000000000
       1      51    4.843519796   -0.000000000
       1      52    4.843521347    0.000000000
       1      53    4.865392946   -0.000000000
       1      54    4.865400999    0.000000000
       1      55    5.027503278   -0.000000000
       1      56    5.027526929   -0.000000000
       1      57    5.330958010   -0.000000000
       1      58    5.330968523    0.000000000
       1      59    5.452911337    0.000000000
       1      60    5.452910688    0.000000000
       1      61    5.631643555    0.000000000
       1      62    5.631645920   -0.000000000
       1      63    6.196549973   -0.000000000
       1      64    6.196549671   -0.000000000
       1      65   13.419894670    0.000000000
       1      66   13.419893783   -0.000000000
       1      67   12.734668741    0.000000000
       1      68   12.734661272    0.000000000
       1      69   13.817764272    0.000000000
       1      70   13.817762446    0.000000000
       1      71   14.133886280    0.000000000
       1      72   14.133898552   -0.000000000
       1      73   13.937370165    0.000000000
       1      74   13.937368308   -0.000000000
       1      75   14.277578805    0.000000000
       1      76   14.277568883   -0.000000000
       1      77   14.029996952   -0.000000000
       1      78   14.030001967   -0.000000000
       1      79   13.795445108   -0.000000000
       1      80   13.795451558   -0.000000000
       1      81   14.955301879    0.000000000
       1      82   14.955302132   -0.000000000
       1      83   14.735960268    0.000000000
       1      84   14.735959006    0.000000000
       1      85    7.733206504    0.000000000
       1      86    7.733525763   -0.000000000
  0.333333333  0.166666667  0.000000000      86       0
       1       1  -53.901778107   -0.000000000
       1       2  -53.901778107   -0.000000000
       1       3  -53.890374125   -0.000000000
       1       4  -53.890374125   -0.000000000
       1       5  -26.737968006    0.000000000
       1       6  -26.737967976    0.000000000
       1       7  -26.715472717   -0.000000000
       1       8  -26.715472685    0.000000000
       1       9  -25.971206262   -0.000000000
       1      10  -25.971206190    0.000000000
       1      11  -25.939994004   -0.000000000
       1      12  -25.939993835    0.000000000
       1      13  -25.910874824    0.000000000
       1      14  -25.910874331   -0.000000000
       1      15  -25.900931992   -0.000000000
       1      16  -25.900931599   -0.000000000
       1      17   -4.995261832    0.000000000
       1      18   -4.995261788   -0.000000000
       1      19   -4.497311975   -0.000000000
       1      20   -4.497311930   -0.000000000
       1      21   -4.101152159   -0.000000000
       1      22   -4.101152160   -0.000000000
       1      23   -4.028698537   -0.000000000
       1      24   -4.028698510    0.000000000
       1      25   -3.800354489    0.000000000
       1      26   -3.800354464    0.000000000
       1      27   -3.692149424    0.000000000
       1      28   -3.692149400   -0.000000000
       1      29    1.285931483    0.000000000
       1      30    1.285931684    0.000000000
       1      31    1.942389587   -0.000000000
       1      32    1.942390120   -0.000000000
       1      33    1.938596875   -0.000000000
       1      34    1.938597871   -0.000000000
       1      35    2.361452134   -0.000000000
       1      36    2.361458364   -0.000000000
       1      37    2.805249653   -0.000000000
       1      38    2.805252391   -0.000000000
       1      39    3.141545021    0.000000000
       1      40    3.141540645   -0.000000000
       1      41    3.596609142   -0.000000000
       1      42    3.596610311    0.000000000
       1      43    4.131520263   -0.000000000
       1      44    4.131520709    0.000000000
       1      45    5.431253180    0.000000000
       1      46    5.431250876   -0.000000000
       1      47    4.542276041   -0.000000000
       1      48    4.542267775    0.000000000
       1      49    4.975385082    0.000000000
       1      50    4.975386953    0.000000000
       1      51    4.951809090    0.000000000
       1      52    4.951807112   -0.000000000
       1      53    5.329243370   -0.000000000
       1      54    5.329246170    0.000000000
       1      55    5.289074468   -0.000000000
       1      56    5.289088261    0.000000000
       1      57    5.168596448    0.000000000
       1      58    5.168594876    0.000000000
       1      59    5.467072984    0.000000000
       1      60    5.467083170   -0.000000000
       1      61    5.820920889    0.000000000
       1      62    5.820930551    0.000000000
       1      63    6.427488821    0.000000000
       1      64    6.427486966    0.000000000
       1      65   12.823737746    0.000000000
       1      66   12.823736727   -0.000000000
       1      67   12.563734782    0.000000000
       1      68   12.563733117    0.000000000
       1      69   13.637349606    0.000000000
       1      70   13.637351111    0.000000000
       1      71   13.759057034   -0.000000000
       1      72   13.759056118    0.000000000
       1      73   14.337256547    0.000000000
       1      74   14.337252940    0.000000000
       1      75   14.402808809    0.000000000
       1      76   14.402807995   -0.000000000
       1      77   14.211608896    0.000000000
       1      78   14.211606083    0.000000000
       1      79   14.227013062   -0.000000000
       1      80   14.227010860    0.000000000
       1      81   14.828192169    0.000000000
       1      82   14.828186254    0.000000000
       1      83   14.597811062   -0.000000000
       1      84   14.597808780   -0.000000000
       1      85    8.018592252   -0.000000000
       1      86    8.018592277    0.000000000
  0.333333333  0.333333333  0.000000000      86       0
       1       1  -53.896891654   -0.000000000
       1       2  -53.896891347    0.000000000
       1       3  -53.896889606   -0.000000000
       1       4  -53.896889299   -0.000000000
       1       5  -26.728556595    0.000000000
       1       6  -26.728554552   -0.000000000
       1       7  -26.728226862   -0.000000000
       1       8  -26.728224817    0.000000000
       1       9  -25.956640130    0.000000000
       1      10  -25.956638079   -0.000000000
       1      11  -25.957334925    0.000000000
       1      12  -25.957332907    0.000000000
       1      13  -25.908264458   -0.000000000
       1      14  -25.908262377    0.000000000
       1      15  -25.908675778    0.000000000
       1      16  -25.908673662   -0.000000000
       1      17   -4.711647841    0.000000000
       1      18   -4.711647006    0.000000000
       1      19   -4.709922207    0.000000000
       1      20   -4.709921375    0.000000000
       1      21   -4.243163770   -0.000000000
       1      22   -4.243163769   -0.000000000
       1      23   -3.883351725    0.000000000
       1      24   -3.883351558    0.000000000
       1      25   -3.883182878    0.000000000
       1      26   -3.883182709    0.000000000
       1      27   -3.732863304   -0.000000000
       1      28   -3.732863302   -0.000000000
       1      29    1.770163419    0.000000000
       1      30    1.770163638    0.000000000
       1      31    1.759947750   -0.000000000
       1      32    1.759949780   -0.000000000
       1      33    2.384816245    0.000000000
       1      34    2.384816377   -0.000000000
       1      35    2.192468423   -0.000000000
       1      36    2.192468436    0.000000000
       1      37    2.497732496   -0.000000000
       1      38    2.497736678   -0.000000000
       1      39    2.867938071   -0.000000000
       1      40    2.867937147   -0.000000000
       1      41    3.644052498   -0.000000000
       1      42    3.644052592   -0.000000000
       1      43    3.468854718   -0.000000000
       1      44    3.468856008   -0.000000000
       1      45    5.554791759   -0.000000000
       1      46    5.554795582    0.000000000
       1      47    4.587158532    0.000000000
       1      48    4.587161432   -0.000000000
       1      49    4.906800566   -0.000000000
       1      50    4.906800571    0.000000000
       1      51    5.435126695    0.000000000
       1      52    5.435130536   -0.000000000
       1      53    5.325421937   -0.000000000
       1      54    5.325422183    0.000000000
       1      55    5.300704381    0.000000000
       1      56    5.300704433    0.000000000
       1      57    5.479689771    0.000000000
       1      58    5.479699993    0.000000000
       1      59    5.604647995    0.000000000
       1      60    5.604648298    0.000000000
       1      61    6.238213553    0.000000000
       1      62    6.238216418   -0.000000000
       1      63    6.430333074    0.000000000
       1      64    6.430334224   -0.000000000
       1      65   12.331105786   -0.000000000
       1      66   12.331107189    0.000000000
       1      67   12.213000323    0.000000000
       1      68   12.212999713   -0.000000000
       1      69   12.760384699   -0.000000000
       1      70   12.760368880    0.000000000
       1      71   14.597336937    0.000000000
       1      72   14.597320515    0.000000000
       1      73   14.532865815   -0.000000000
       1      74   14.532866422    0.000000000
       1      75   14.482424664   -0.000000000
       1      76   14.482420868    0.000000000
       1      77   14.680156163   -0.000000000
       1      78   14.680155829   -0.000000000
       1      79   14.460736110    0.000000000
       1      80   14.460737559   -0.000000000
       1      81   14.494333159    0.000000000
       1      82   14.494334776    0.000000000
       1      83   14.814983206    0.000000000
       1      84   14.814982924    0.000000000
       1      85    7.542187652   -0.000000000
       1      86    7.578191113    0.000000000
  0.333333333  0.500000000  0.000000000      86       0
       1       1  -53.901769816   -0.000000000
       1       2  -53.901769816   -0.000000000
       1       3  -53.890382104   -0.000000000
       1       4  -53.890382104   -0.000000000
       1       5  -26.737962473    0.000000000
       1       6  -26.737962443   -0.000000000
       1       7  -26.715477929   -0.000000000
       1       8  -26.715477897    0.000000000
       1       9  -25.971201533   -0.000000000
       1      10  -25.971201464    0.000000000
       1      11  -25.940007531    0.000000000
       1      12  -25.940007365   -0.000000000
       1      13  -25.910857437   -0.000000000
       1      14  -25.910856948    0.000000000
       1      15  -25.900939026    0.000000000
       1      16  -25.900938634    0.000000000
       1      17   -4.995255333   -0.000000000
       1      18   -4.995255289   -0.000000000
       1      19   -4.497330852   -0.000000000
       1      20   -4.497330807   -0.000000000
       1      21   -4.101332612   -0.000000000
       1      22   -4.101332610   -0.000000000
       1      23   -4.028290696   -0.000000000
       1      24   -4.028290671   -0.000000000
       1      25   -3.800833305   -0.000000000
       1      26   -3.800833279   -0.000000000
       1      27   -3.691886063    0.000000000
       1      28   -3.691886040   -0.000000000
       1      29    1.285617550    0.000000000
       1      30    1.285617740   -0.000000000
       1      31    1.942948285    0.000000000
       1      32    1.942948846    0.000000000
       1      33    1.941746700   -0.000000000
       1      34    1.941747418   -0.000000000
       1      35    2.354743320   -0.000000000
       1      36    2.354748937    0.000000000
       1      37    2.806349688    0.000000000
       1      38    2.806351988    0.000000000
       1      39    3.147821005    0.000000000
       1      40    3.147816271   -0.000000000
       1      41    3.588253914   -0.000000000
       1      42    3.588255200   -0.000000000
       1      43    4.148615727    0.000000000
       1      44    4.148616638    0.000000000
       1      45    5.409827293   -0.000000000
       1      46    5.409823810   -0.000000000
       1      47    4.551643859   -0.000000000
       1      48    4.551631658   -0.000000000
       1      49    4.975489879    0.000000000
       1      50    4.975491620   -0.000000000
       1      51    4.951486289    0.000000000
       1      52    4.951484584    0.000000000
       1      53    5.330234464   -0.000000000
       1      54    5.330236676   -0.000000000
       1      55    5.300640851    0.000000000
       1      56    5.300655737   -0.000000000
       1      57    5.156725061   -0.000000000
       1      58    5.156726064   -0.000000000
       1      59    5.458688089   -0.000000000
       1      60    5.458699914    0.000000000
       1      61    5.829689048    0.000000000
       1      62    5.829698918   -0.000000000
       1      63    6.427692019   -0.000000000
       1      64    6.427690875   -0.000000000
       1      65   12.817652231   -0.000000000
       1      66   12.817651549    0.000000000
       1      67   12.577796765   -0.000000000
       1      68   12.577794580   -0.000000000
       1      69   13.623629977   -0.000000000
       1      70   13.623626170    0.000000000
       1      71   13.765298197   -0.000000000
       1      72   13.765291107    0.000000000
       1      73   14.338482573    0.000000000
       1      74   14.338478730    0.000000000
       1      75   14.399469229    0.000000000
       1      76   14.399467424    0.000000000
       1      77   14.205226812    0.000000000
       1      78   14.205223824    0.000000000
       1      79   14.241121524    0.000000000
       1      80   14.241119392   -0.000000000
       1      81   14.818746279    0.000000000
       1      82   14.818741774    0.000000000
       1      83   14.599237905   -0.000000000
       1      84   14.599236892    0.000000000
       1      85    8.018361641    0.000000000
       1      86    8.018361982    0.000000000
  0.333333333  0.666666667  0.000000000      86       0
       1       1  -53.906017716   -0.000000000
       1       2  -53.906017716   -0.000000000
       1       3  -53.881340443   -0.000000000
       1       4  -53.881340443   -0.000000000
       1       5  -26.744979132    0.000000000
       1       6  -26.744979126    0.000000000
       1       7  -26.697630387    0.000000000
       1       8  -26.697630384   -0.000000000
       1       9  -25.975929135    0.000000000
       1      10  -25.975929092    0.000000000
       1      11  -25.925497435    0.000000000
       1      12  -25.925497277   -0.000000000
       1      13  -25.917419719   -0.000000000
       1      14  -25.917419568   -0.000000000
       1      15  -25.885006827    0.000000000
       1      16  -25.885006790    0.000000000
       1      17   -5.220184449    0.000000000
       1      18   -5.220184409   -0.000000000
       1      19   -4.300705204    0.000000000
       1      20   -4.300705175    0.000000000
       1      21   -4.164660503    0.000000000
       1      22   -4.164660473    0.000000000
       1      23   -3.947003196    0.000000000
       1      24   -3.947003151   -0.000000000
       1      25   -3.719389110   -0.000000000
       1      26   -3.719389072    0.000000000
       1      27   -3.670587076    0.000000000
       1      28   -3.670587011    0.000000000
       1      29    1.100416512   -0.000000000
       1      30    1.100416442   -0.000000000
       1      31    1.867656360    0.000000000
       1      32    1.867657882   -0.000000000
       1      33    1.795438790    0.000000000
       1      34    1.795437673   -0.000000000
       1      35    2.294731647    0.000000000
       1      36    2.294732909   -0.000000000
       1      37    2.547388338   -0.000000000
       1      38    2.547383508   -0.000000000
       1      39    3.291848931    0.000000000
       1      40    3.291835369   -0.000000000
       1      41    4.042142524   -0.000000000
       1      42    4.042132016   -0.000000000
       1      43    4.744239161   -0.000000000
       1      44    4.744194753    0.000000000
       1      45    5.146185597    0.000000000
       1      46    5.146181438    0.000000000
       1      47    5.040094114   -0.000000000
       1      48    5.040116256    0.000000000
       1      49    4.441319993   -0.000000000
       1      50    4.441340731   -0.000000000
       1      51    4.843519244    0.000000000
       1      52    4.843521580    0.000000000
       1      53    4.865393116    0.000000000
       1      54    4.865400877   -0.000000000
       1      55    5.027502854    0.000000000
       1      56    5.027526972    0.000000000
       1      57    5.330958079    0.000000000
       1      58    5.330968548    0.000000000
       1      59    5.452911433   -0.000000000
       1      60    5.452910639    0.000000000
       1      61    5.631643681    0.000000000
       1      62    5.631645921   -0.000000000
       1      63    6.196549918   -0.000000000
       1      64    6.196549664   -0.000000000
       1      65   13.419894602    0.000000000
       1      66   13.419893750   -0.000000000
       1      67   12.734668608    0.000000000
       1      68   12.734661038    0.000000000
       1      69   13.817764559   -0.000000000
       1      70   13.817762655   -0.000000000
       1      71   14.133886111    0.000000000
       1      72   14.133898115    0.000000000
       1      73   13.937370295    0.000000000
       1      74   13.937369217   -0.000000000
       1      75   14.277578475    0.000000000
       1      76   14.277568589   -0.000000000
       1      77   14.029996454    0.000000000
       1      78   14.030001833    0.000000000
       1      79   13.795445172   -0.000000000
       1      80   13.795451870   -0.000000000
       1      81   14.955301752    0.000000000
       1      82   14.955302071   -0.000000000
       1      83   14.735960166    0.000000000
       1      84   14.735959284   -0.000000000
       1      85    7.733401306    0.000000000
       1      86    7.733784232    0.000000000
  0.333333333  0.833333333  0.000000000      86       0
       1       1  -53.898183291   -0.000000000
       1       2  -53.898183291   -0.000000000
       1       3  -53.885229692   -0.000000000
       1       4  -53.885229691    0.000000000
       1       5  -26.728957630   -0.000000000
       1       6  -26.728957594   -0.000000000
       1       7  -26.705640814   -0.000000000
       1       8  -26.705640777   -0.000000000
       1       9  -25.961257246   -0.000000000
       1      10  -25.961257132   -0.000000000
       1      11  -25.932471421    0.000000000
       1      12  -25.932470975   -0.000000000
       1      13  -25.903717782   -0.000000000
       1      14  -25.903717054   -0.000000000
       1      15  -25.889844381    0.000000000
       1      16  -25.889843982    0.000000000
       1      17   -5.302157776    0.000000000
       1      18   -5.302157740    0.000000000
       1      19   -4.189584512    0.000000000
       1      20   -4.189584415   -0.000000000
       1      21   -4.175922806    0.000000000
       1      22   -4.175922848   -0.000000000
       1      23   -3.983742149    0.000000000
       1      24   -3.983742152   -0.000000000
       1      25   -3.679617627   -0.000000000
       1      26   -3.679617618    0.000000000
       1      27   -3.648533400   -0.000000000
       1      28   -3.648533365    0.000000000
       1      29    1.205233970   -0.000000000
       1      30    1.205234354    0.000000000
       1      31    1.697090491   -0.000000000
       1      32    1.697090413   -0.000000000
       1      33    1.965802515   -0.000000000
       1      34    1.965798451   -0.000000000
       1      35    2.036959897   -0.000000000
       1      36    2.036964601    0.000000000
       1      37    2.404858345   -0.000000000
       1      38    2.404855072   -0.000000000
       1      39    3.136972036   -0.000000000
       1      40    3.136974088   -0.000000000
       1      41    4.412668050   -0.000000000
       1      42    4.412670592   -0.000000000
       1      43    4.591881197   -0.000000000
       1      44    4.591878555    0.000000000
       1      45    5.107116231   -0.000000000
       1      46    5.107115739    0.000000000
       1      47    4.659768091    0.000000000
       1      48    4.659765946    0.000000000
       1      49    4.807525507    0.000000000
       1      50    4.807513853    0.000000000
       1      51    4.936393720   -0.000000000
       1      52    4.936411818   -0.000000000
       1      53    4.634365174   -0.000000000
       1      54    4.634362681    0.000000000
       1      55    4.907283774   -0.000000000
       1      56    4.907288197   -0.000000000
       1      57    5.466432788   -0.000000000
       1      58    5.466436159   -0.000000000
       1      59    5.644367855    0.000000000
       1      60    5.644372961    0.000000000
       1      61    5.572296141   -0.000000000
       1      62    5.572304008    0.000000000
       1      63    6.605024697    0.000000000
       1      64    6.605027314    0.000000000
       1      65   13.074748463    0.000000000
       1      66   13.074744192    0.000000000
       1      67   13.376463760   -0.000000000
       1      68   13.376457949   -0.000000000
       1      69   13.273535281   -0.000000000
       1      70   13.273531952   -0.000000000
       1      71   14.244121488   -0.000000000
       1      72   14.244119456   -0.000000000
       1      73   14.128750077    0.000000000
       1      74   14.128748082    0.000000000
       1      75   14.147097258    0.000000000
       1      76   14.147096296   -0.000000000
       1      77   13.830700981   -0.000000000
       1      78   13.830694182    0.000000000
       1      79   14.592449984   -0.000000000
       1      80   14.592444717    0.000000000
       1      81   14.466454546   -0.000000000
       1      82   14.466451897   -0.000000000
       1      83   14.824890224    0.000000000
       1      84   14.824887822   -0.000000000
       1      85    3.843749224    0.000000000
       1      86    3.843771926   -0.000000000
  0.500000000 -0.000000000  0.000000000      86       0
       1       1  -53.897208255    0.000000000
       1       2  -53.897208256    0.000000000
       1       3  -53.889189967    0.000000000
       1       4  -53.889189967   -0.000000000
       1       5  -26.729630402   -0.000000000
       1       6  -26.729630401   -0.000000000
       1       7  -26.712776048   -0.000000000
       1       8  -26.712776047   -0.000000000
       1       9  -25.970042750   -0.000000000
       1      10  -25.970042751   -0.000000000
       1      11  -25.933725945    0.000000000
       1      12  -25.933725945   -0.000000000
       1      13  -25.905259247    0.000000000
       1      14  -25.905259244    0.000000000
       1      15  -25.891027409    0.000000000
       1      16  -25.891027410   -0.000000000
       1      17   -4.949995849   -0.000000000
       1      18   -4.949995849   -0.000000000
       1      19   -4.621851023   -0.000000000
       1      20   -4.621851020    0.000000000
       1      21   -3.989256107    0.000000000
       1      22   -3.989256106   -0.000000000
       1      23   -3.990390371   -0.000000000
       1      24   -3.990390372    0.000000000
       1      25   -3.865563425    0.000000000
       1      26   -3.865563424   -0.000000000
       1      27   -3.693218270    0.000000000
       1      28   -3.693218270    0.000000000
       1      29    1.042773137   -0.000000000
       1      30    1.042773129   -0.000000000
       1      31    2.104007639    0.000000000
       1      32    2.104007653   -0.000000000
       1      33    1.701386788   -0.000000000
       1      34    1.701386790    0.000000000
       1      35    3.061489931   -0.000000000
       1      36    3.061489932   -0.000000000
       1      37    2.711117124   -0.000000000
       1      38    2.711117121    0.000000000
       1      39    3.093631452   -0.000000000
       1      40    3.093631452    0.000000000
       1      41    3.844134837   -0.000000000
       1      42    3.844134837    0.000000000
       1      43    3.797064862    0.000000000
       1      44    3.797064852    0.000000000
       1      45    4.985622052   -0.000000000
       1      46    4.985622068   -0.000000000
       1      47    5.002387615   -0.000000000
       1      48    5.002387622    0.000000000
       1      49    5.481485876    0.000000000
       1      50    5.481485868   -0.000000000
       1      51    4.484640964   -0.000000000
       1      52    4.484640977   -0.000000000
       1      53    5.489173392    0.000000000
       1      54    5.489173412    0.000000000
       1      55    5.009882258   -0.000000000
       1      56    5.009882264   -0.000000000
       1      57    5.091075810   -0.000000000
       1      58    5.091075804   -0.000000000
       1      59    5.263228587    0.000000000
       1      60    5.263228613   -0.000000000
       1      61    5.583843429   -0.000000000
       1      62    5.583843478    0.000000000
       1      63    6.156480196   -0.000000000
       1      64    6.156480168   -0.000000000
       1      65   13.370407284   -0.000000000
       1      66   13.370407263   -0.000000000
       1      67   12.339947487    0.000000000
       1      68   12.339947837    0.000000000
       1      69   14.178052431    0.000000000
       1      70   14.178052466    0.000000000
       1      71   13.313510164   -0.000000000
       1      72   13.313510209    0.000000000
       1      73   14.289598417    0.000000000
       1      74   14.289598447    0.000000000
       1      75   14.466576667    0.000000000
       1      76   14.466576887   -0.000000000
       1      77   13.711864823   -0.000000000
       1      78   13.711864315   -0.000000000
       1      79   14.209986287    0.000000000
       1      80   14.209986417   -0.000000000
       1      81   15.053104195   -0.000000000
       1      82   15.053105480    0.000000000
       1      83   14.704821741   -0.000000000
       1      84   14.704823071    0.000000000
       1      85    8.074271371    0.000000000
       1      86    8.074273527   -0.000000000
  0.500000000  0.166666667  0.000000000      86       0
       1       1  -53.901769816   -0.000000000
       1       2  -53.901769816   -0.000000000
       1       3  -53.890382104   -0.000000000
       1       4  -53.890382104    0.000000000
       1       5  -26.737962484   -0.000000000
       1       6  -26.737962453    0.000000000
       1       7  -26.715477928    0.000000000
       1       8  -26.715477895   -0.000000000
       1       9  -25.971201580   -0.000000000
       1      10  -25.971201507   -0.000000000
       1      11  -25.940007503   -0.000000000
       1      12  -25.940007331    0.000000000
       1      13  -25.910857470   -0.000000000
       1      14  -25.910856973    0.000000000
       1      15  -25.900938970   -0.000000000
       1      16  -25.900938574   -0.000000000
       1      17   -4.995255332    0.000000000
       1      18   -4.995255288    0.000000000
       1      19   -4.497330912    0.000000000
       1      20   -4.497330866   -0.000000000
       1      21   -4.101332569   -0.000000000
       1      22   -4.101332560    0.000000000
       1      23   -4.028290758   -0.000000000
       1      24   -4.028290732   -0.000000000
       1      25   -3.800833242    0.000000000
       1      26   -3.800833217   -0.000000000
       1      27   -3.691886043    0.000000000
       1      28   -3.691886022   -0.000000000
       1      29    1.285617606   -0.000000000
       1      30    1.285617788   -0.000000000
       1      31    1.942948501   -0.000000000
       1      32    1.942949029   -0.000000000
       1      33    1.941746882   -0.000000000
       1      34    1.941747677    0.000000000
       1      35    2.354743298    0.000000000
       1      36    2.354748710    0.000000000
       1      37    2.806349763   -0.000000000
       1      38    2.806351771   -0.000000000
       1      39    3.147820820   -0.000000000
       1      40    3.147816311   -0.000000000
       1      41    3.588253396   -0.000000000
       1      42    3.588255527   -0.000000000
       1      43    4.148615686   -0.000000000
       1      44    4.148616536   -0.000000000
       1      45    5.409827330   -0.000000000
       1      46    5.409824373   -0.000000000
       1      47    4.551643070    0.000000000
       1      48    4.551630855   -0.000000000
       1      49    4.975489007    0.000000000
       1      50    4.975491576   -0.000000000
       1      51    4.951486757    0.000000000
       1      52    4.951485221   -0.000000000
       1      53    5.330234573    0.000000000
       1      54    5.330236474   -0.000000000
       1      55    5.300640651   -0.000000000
       1      56    5.300654818    0.000000000
       1      57    5.156726193   -0.000000000
       1      58    5.156725835    0.000000000
       1      59    5.458688515   -0.000000000
       1      60    5.458699903   -0.000000000
       1      61    5.829688821    0.000000000
       1      62    5.829698405    0.000000000
       1      63    6.427692411   -0.000000000
       1      64    6.427691328   -0.000000000
       1      65   12.817651756   -0.000000000
       1      66   12.817650500    0.000000000
       1      67   12.577800028   -0.000000000
       1      68   12.577797679    0.000000000
       1      69   13.623628568   -0.000000000
       1      70   13.623624466    0.000000000
       1      71   13.765297579   -0.000000000
       1      72   13.765290165    0.000000000
       1      73   14.338481711   -0.000000000
       1      74   14.338478022    0.000000000
       1      75   14.399470392    0.000000000
       1      76   14.399468200   -0.000000000
       1      77   14.205229212   -0.000000000
       1      78   14.205225995    0.000000000
       1      79   14.241117836    0.000000000
       1      80   14.241116392   -0.000000000
       1      81   14.818744395    0.000000000
       1      82   14.818742459   -0.000000000
       1      83   14.599238120    0.000000000
       1      84   14.599238836   -0.000000000
       1      85    8.018362180   -0.000000000
       1      86    8.018363330    0.000000000
  0.500000000  0.333333333  0.000000000      86       0
       1       1  -53.901778107   -0.000000000
       1       2  -53.901778107   -0.000000000
       1       3  -53.890374125   -0.000000000
       1       4  -53.890374125    0.000000000
       1       5  -26.737968017    0.000000000
       1       6  -26.737967985    0.000000000
       1       7  -26.715472717    0.000000000
       1       8  -26.715472684   -0.000000000
       1       9  -25.971206307   -0.000000000
       1      10  -25.971206234    0.000000000
       1      11  -25.939993980   -0.000000000
       1      12  -25.939993807    0.000000000
       1      13  -25.910874856   -0.000000000
       1      14  -25.910874362    0.000000000
       1      15  -25.900931928    0.000000000
       1      16  -25.900931534   -0.000000000
       1      17   -4.995261937   -0.000000000
       1      18   -4.995261893   -0.000000000
       1      19   -4.497311793    0.000000000
       1      20   -4.497311748    0.000000000
       1      21   -4.101152204    0.000000000
       1      22   -4.101152202    0.000000000
       1      23   -4.028698670   -0.000000000
       1      24   -4.028698644   -0.000000000
       1      25   -3.800354280    0.000000000
       1      26   -3.800354256   -0.000000000
       1      27   -3.692149520    0.000000000
       1      28   -3.692149498    0.000000000
       1      29    1.285931525    0.000000000
       1      30    1.285931719   -0.000000000
       1      31    1.942389780   -0.000000000
       1      32    1.942390214   -0.000000000
       1      33    1.938597006   -0.000000000
       1      34    1.938597970   -0.000000000
       1      35    2.361452222    0.000000000
       1      36    2.361458092   -0.000000000
       1      37    2.805249540    0.000000000
       1      38    2.805252366    0.000000000
       1      39    3.141544921   -0.000000000
       1      40    3.141540821   -0.000000000
       1      41    3.596609070   -0.000000000
       1      42    3.596610346    0.000000000
       1      43    4.131520155   -0.000000000
       1      44    4.131520737   -0.000000000
       1      45    5.431253020    0.000000000
       1      46    5.431251555   -0.000000000
       1      47    4.542275640   -0.000000000
       1      48    4.542266877    0.000000000
       1      49    4.975384090    0.000000000
       1      50    4.975387150   -0.000000000
       1      51    4.951809689   -0.000000000
       1      52    4.951807621   -0.000000000
       1      53    5.329243115   -0.000000000
       1      54    5.329245610   -0.000000000
       1      55    5.289074005   -0.000000000
       1      56    5.289088077   -0.000000000
       1      57    5.168596529   -0.000000000
       1      58    5.168595548   -0.000000000
       1      59    5.467072547   -0.000000000
       1      60    5.467083979   -0.000000000
       1      61    5.820920593    0.000000000
       1      62    5.820930463   -0.000000000
       1      63    6.427488983    0.000000000
       1      64    6.427487327   -0.000000000
       1      65   12.823737042    0.000000000
       1      66   12.823735856   -0.000000000
       1      67   12.563737789    0.000000000
       1      68   12.563736109    0.000000000
       1      69   13.637348799   -0.000000000
       1      70   13.637350026   -0.000000000
       1      71   13.759056168    0.000000000
       1      72   13.759055155    0.000000000
       1      73   14.337256009    0.000000000
       1      74   14.337252483    0.000000000
       1      75   14.402809485    0.000000000
       1      76   14.402808590    0.000000000
       1      77   14.211611596    0.000000000
       1      78   14.211608281    0.000000000
       1      79   14.227009481    0.000000000
       1      80   14.227006944   -0.000000000
       1      81   14.828189143    0.000000000
       1      82   14.828188788    0.000000000
       1      83   14.597810047    0.000000000
       1      84   14.597811226    0.000000000
       1      85    8.018589805   -0.000000000
       1      86    8.018592473   -0.000000000
  0.500000000  0.500000000  0.000000000      86       0
       1       1  -53.897208253   -0.000000000
       1       2  -53.897208255    0.000000000
       1       3  -53.889189966    0.000000000
       1       4  -53.889189966   -0.000000000
       1       5  -26.729630402   -0.000000000
       1       6  -26.729630399    0.000000000
       1       7  -26.712776049   -0.000000000
       1       8  -26.712776044    0.000000000
       1       9  -25.970042748   -0.000000000
       1      10  -25.970042749   -0.000000000
       1      11  -25.933725953   -0.000000000
       1      12  -25.933725952    0.000000000
       1      13  -25.905259236    0.000000000
       1      14  -25.905259240    0.000000000
       1      15  -25.891027416   -0.000000000
       1      16  -25.891027412    0.000000000
       1      17   -4.949995976    0.000000000
       1      18   -4.949995977   -0.000000000
       1      19   -4.621850838    0.000000000
       1      20   -4.621850837   -0.000000000
       1      21   -3.989256088   -0.000000000
       1      22   -3.989256087    0.000000000
       1      23   -3.990390484    0.000000000
       1      24   -3.990390486   -0.000000000
       1      25   -3.865563321    0.000000000
       1      26   -3.865563322   -0.000000000
       1      27   -3.693218336    0.000000000
       1      28   -3.693218335    0.000000000
       1      29    1.042773119   -0.000000000
       1      30    1.042773127    0.000000000
       1      31    2.104007541   -0.000000000
       1      32    2.104007562    0.000000000
       1      33    1.701386760   -0.000000000
       1      34    1.701386757   -0.000000000
       1      35    3.061489890   -0.000000000
       1      36    3.061489888    0.000000000
       1      37    2.711117211   -0.000000000
       1      38    2.711117215   -0.000000000
       1      39    3.093631557   -0.000000000
       1      40    3.093631564    0.000000000
       1      41    3.844134845    0.000000000
       1      42    3.844134838   -0.000000000
       1      43    3.797064758   -0.000000000
       1      44    3.797064756   -0.000000000
       1      45    4.985622127   -0.000000000
       1      46    4.985622099    0.000000000
       1      47    5.002387623    0.000000000
       1      48    5.002387639   -0.000000000
       1      49    5.481485845   -0.000000000
       1      50    5.481485863    0.000000000
       1      51    4.484640962   -0.000000000
       1      52    4.484640949   -0.000000000
       1      53    5.489173618   -0.000000000
       1      54    5.489173614   -0.000000000
       1      55    5.009882228   -0.000000000
       1      56    5.009882245   -0.000000000
       1      57    5.091075675    0.000000000
       1      58    5.091075677    0.000000000
       1      59    5.263228607   -0.000000000
       1      60    5.263228604    0.000000000
       1      61    5.583843550   -0.000000000
       1      62    5.583843583   -0.000000000
       1      63    6.156480089   -0.000000000
       1      64    6.156480093    0.000000000
       1      65   13.370407313    0.000000000
       1      66   13.370407271    0.000000000
       1      67   12.339947750   -0.000000000
       1      68   12.339947954   -0.000000000
       1      69   14.178052437    0.000000000
       1      70   14.178052480   -0.000000000
       1      71   13.313510050   -0.000000000
       1      72   13.313510177   -0.000000000
       1      73   14.289598424    0.000000000
       1      74   14.289598506    0.000000000
       1      75   14.466576590    0.000000000
       1      76   14.466576522   -0.000000000
       1      77   13.711864862   -0.000000000
       1      78   13.711864817    0.000000000
       1      79   14.209986215    0.000000000
       1      80   14.209986641    0.000000000
       1      81   15.053104766   -0.000000000
       1      82   15.053104895    0.000000000
       1      83   14.704821525   -0.000000000
       1      84   14.704822821    0.000000000
       1      85    8.074273802    0.000000000
       1      86    8.074273625    0.000000000
  0.500000000  0.666666667  0.000000000      86       0
       1       1  -53.901778107   -0.000000000
       1       2  -53.901778107    0.000000000
       1       3  -53.890374125   -0.000000000
       1       4  -53.890374125    0.000000000
       1       5  -26.737968017    0.000000000
       1       6  -26.737967986    0.000000000
       1       7  -26.715472716    0.000000000
       1       8  -26.715472683   -0.000000000
       1       9  -25.971206308    0.000000000
       1      10  -25.971206234   -0.000000000
       1      11  -25.939993980    0.000000000
       1      12  -25.939993807    0.000000000
       1      13  -25.910874857   -0.000000000
       1      14  -25.910874362   -0.000000000
       1      15  -25.900931929   -0.000000000
       1      16  -25.900931534   -0.000000000
       1      17   -4.995261938   -0.000000000
       1      18   -4.995261893    0.000000000
       1      19   -4.497311792    0.000000000
       1      20   -4.497311746    0.000000000
       1      21   -4.101152204    0.000000000
       1      22   -4.101152202   -0.000000000
       1      23   -4.028698668    0.000000000
       1      24   -4.028698644    0.000000000
       1      25   -3.800354280   -0.000000000
       1      26   -3.800354256    0.000000000
       1      27   -3.692149521    0.000000000
       1      28   -3.692149498    0.000000000
       1      29    1.285931524   -0.000000000
       1      30    1.285931718   -0.000000000
       1      31    1.942389779   -0.000000000
       1      32    1.942390213   -0.000000000
       1      33    1.938597003    0.000000000
       1      34    1.938597969   -0.000000000
       1      35    2.361452223   -0.000000000
       1      36    2.361458092    0.000000000
       1      37    2.805249541   -0.000000000
       1      38    2.805252366   -0.000000000
       1      39    3.141544923   -0.000000000
       1      40    3.141540821    0.000000000
       1      41    3.596609069   -0.000000000
       1      42    3.596610346   -0.000000000
       1      43    4.131520157   -0.000000000
       1      44    4.131520737   -0.000000000
       1      45    5.431253019   -0.000000000
       1      46    5.431251551    0.000000000
       1      47    4.542275639   -0.000000000
       1      48    4.542266875    0.000000000
       1      49    4.975384088   -0.000000000
       1      50    4.975387151   -0.000000000
       1      51    4.951809682   -0.000000000
       1      52    4.951807615   -0.000000000
       1      53    5.329243114    0.000000000
       1      54    5.329245605    0.000000000
       1      55    5.289074001   -0.000000000
       1      56    5.289088068    0.000000000
       1      57    5.168596532    0.000000000
       1      58    5.168595558   -0.000000000
       1      59    5.467072549    0.000000000
       1      60    5.467083970    0.000000000
       1      61    5.820920590    0.000000000
       1      62    5.820930461    0.000000000
       1      63    6.427488988    0.000000000
       1      64    6.427487327    0.000000000
       1      65   12.823737004    0.000000000
       1      66   12.823735772   -0.000000000
       1      67   12.563737809   -0.000000000
       1      68   12.563735555    0.000000000
       1      69   13.637348771    0.000000000
       1      70   13.637350065   -0.000000000
       1      71   13.759056063   -0.000000000
       1      72   13.759054999    0.000000000
       1      73   14.337256017    0.000000000
       1      74   14.337252481    0.000000000
       1      75   14.402809516   -0.000000000
       1      76   14.402808612   -0.000000000
       1      77   14.211611792    0.000000000
       1      78   14.211608100    0.000000000
       1      79   14.227010505    0.000000000
       1      80   14.227007378   -0.000000000
       1      81   14.828189221    0.000000000
       1      82   14.828188996    0.000000000
       1      83   14.597810344    0.000000000
       1      84   14.597811388    0.000000000
       1      85    8.018591208   -0.000000000
       1      86    8.018595023    0.000000000
  0.500000000  0.833333333  0.000000000      86       0
       1       1  -53.901769816   -0.000000000
       1       2  -53.901769816    0.000000000
       1       3  -53.890382105    0.000000000
       1       4  -53.890382104   -0.000000000
       1       5  -26.737962484   -0.000000000
       1       6  -26.737962453    0.000000000
       1       7  -26.715477927   -0.000000000
       1       8  -26.715477895    0.000000000
       1       9  -25.971201581   -0.000000000
       1      10  -25.971201507    0.000000000
       1      11  -25.940007504   -0.000000000
       1      12  -25.940007331    0.000000000
       1      13  -25.910857470   -0.000000000
       1      14  -25.910856974    0.000000000
       1      15  -25.900938970   -0.000000000
       1      16  -25.900938574   -0.000000000
       1      17   -4.995255332   -0.000000000
       1      18   -4.995255288   -0.000000000
       1      19   -4.497330912   -0.000000000
       1      20   -4.497330866    0.000000000
       1      21   -4.101332569    0.000000000
       1      22   -4.101332560    0.000000000
       1      23   -4.028290757   -0.000000000
       1      24   -4.028290733    0.000000000
       1      25   -3.800833242   -0.000000000
       1      26   -3.800833219    0.000000000
       1      27   -3.691886043    0.000000000
       1      28   -3.691886021   -0.000000000
       1      29    1.285617606   -0.000000000
       1      30    1.285617787    0.000000000
       1      31    1.942948507   -0.000000000
       1      32    1.942949029    0.000000000
       1      33    1.941746884   -0.000000000
       1      34    1.941747674    0.000000000
       1      35    2.354743299   -0.000000000
       1      36    2.354748710   -0.000000000
       1      37    2.806349765   -0.000000000
       1      38    2.806351770   -0.000000000
       1      39    3.147820819   -0.000000000
       1      40    3.147816307    0.000000000
       1      41    3.588253395   -0.000000000
       1      42    3.588255524   -0.000000000
       1      43    4.148615685   -0.000000000
       1      44    4.148616534   -0.000000000
       1      45    5.409827331    0.000000000
       1      46    5.409824375   -0.000000000
       1      47    4.551643070    0.000000000
       1      48    4.551630855   -0.000000000
       1      49    4.975489007    0.000000000
       1      50    4.975491573   -0.000000000
       1      51    4.951486750    0.000000000
       1      52    4.951485225    0.000000000
       1      53    5.330234575    0.000000000
       1      54    5.330236475    0.000000000
       1      55    5.300640658   -0.000000000
       1      56    5.300654824   -0.000000000
       1      57    5.156726182   -0.000000000
       1      58    5.156725829   -0.000000000
       1      59    5.458688514    0.000000000
       1      60    5.458699899   -0.000000000
       1      61    5.829688820   -0.000000000
       1      62    5.829698400    0.000000000
       1      63    6.427692415   -0.000000000
       1      64    6.427691327    0.000000000
       1      65   12.817651686    0.000000000
       1      66   12.817650510   -0.000000000
       1      67   12.577800050    0.000000000
       1      68   12.577797570   -0.000000000
       1      69   13.623628475   -0.000000000
       1      70   13.623624480   -0.000000000
       1      71   13.765297560    0.000000000
       1      72   13.765290132   -0.000000000
       1      73   14.338481736   -0.000000000
       1      74   14.338478013    0.000000000
       1      75   14.399470403    0.000000000
       1      76   14.399468235   -0.000000000
       1      77   14.205229560    0.000000000
       1      78   14.205226356   -0.000000000
       1      79   14.241118908    0.000000000
       1      80   14.241116559    0.000000000
       1      81   14.818744475    0.000000000
       1      82   14.818742582    0.000000000
       1      83   14.599237854   -0.000000000
       1      84   14.599238823    0.000000000
       1      85    8.018361695   -0.000000000
       1      86    8.018361542    0.000000000
  0.666666667 -0.000000000  0.000000000      86       0
       1       1  -53.906017716   -0.000000000
       1       2  -53.906017716   -0.000000000
       1       3  -53.881340443    0.000000000
       1       4  -53.881340443    0.000000000
       1       5  -26.744979131    0.000000000
       1       6  -26.744979128    0.000000000
       1       7  -26.697630388    0.000000000
       1       8  -26.697630384   -0.000000000
       1       9  -25.975929136   -0.000000000
       1      10  -25.975929095    0.000000000
       1      11  -25.925497429   -0.000000000
       1      12  -25.925497281   -0.000000000
       1      13  -25.917419712   -0.000000000
       1      14  -25.917419572    0.000000000
       1      15  -25.885006825    0.000000000
       1      16  -25.885006794   -0.000000000
       1      17   -5.220184424   -0.000000000
       1      18   -5.220184385    0.000000000
       1      19   -4.300705309    0.000000000
       1      20   -4.300705272   -0.000000000
       1      21   -4.164660463    0.000000000
       1      22   -4.164660431   -0.000000000
       1      23   -3.947003188   -0.000000000
       1      24   -3.947003140    0.000000000
       1      25   -3.719389143    0.000000000
       1      26   -3.719389109   -0.000000000
       1      27   -3.670587014   -0.000000000
       1      28   -3.670586949   -0.000000000
       1      29    1.100416528   -0.000000000
       1      30    1.100416445   -0.000000000
       1      31    1.867656364    0.000000000
       1      32    1.867657957   -0.000000000
       1      33    1.795438818    0.000000000
       1      34    1.795437685   -0.000000000
       1      35    2.294731548   -0.000000000
       1      36    2.294732988   -0.000000000
       1      37    2.547388325   -0.000000000
       1      38    2.547383635   -0.000000000
       1      39    3.291848729   -0.000000000
       1      40    3.291834966    0.000000000
       1      41    4.042142841   -0.000000000
       1      42    4.042132155   -0.000000000
       1      43    4.744240922   -0.000000000
       1      44    4.744192662   -0.000000000
       1      45    5.146185973    0.000000000
       1      46    5.146181177    0.000000000
       1      47    5.040094052    0.000000000
       1      48    5.040115933   -0.000000000
       1      49    4.441319756    0.000000000
       1      50    4.441341040    0.000000000
       1      51    4.843519793   -0.000000000
       1      52    4.843521347    0.000000000
       1      53    4.865392946   -0.000000000
       1      54    4.865400997   -0.000000000
       1      55    5.027503275    0.000000000
       1      56    5.027526930   -0.000000000
       1      57    5.330958005   -0.000000000
       1      58    5.330968519    0.000000000
       1      59    5.452911337    0.000000000
       1      60    5.452910687   -0.000000000
       1      61    5.631643558   -0.000000000
       1      62    5.631645918    0.000000000
       1      63    6.196549974    0.000000000
       1      64    6.196549677   -0.000000000
       1      65   13.419894672   -0.000000000
       1      66   13.419893790   -0.000000000
       1      67   12.734668729   -0.000000000
       1      68   12.734661342    0.000000000
       1      69   13.817764268   -0.000000000
       1      70   13.817762448    0.000000000
       1      71   14.133886264    0.000000000
       1      72   14.133898579    0.000000000
       1      73   13.937370184   -0.000000000
       1      74   13.937368299    0.000000000
       1      75   14.277578811    0.000000000
       1      76   14.277568878   -0.000000000
       1      77   14.029996592   -0.000000000
       1      78   14.030002133   -0.000000000
       1      79   13.795445235    0.000000000
       1      80   13.795451307   -0.000000000
       1      81   14.955301872   -0.000000000
       1      82   14.955302022    0.000000000
       1      83   14.735960479   -0.000000000
       1      84   14.735959101    0.000000000
       1      85    7.733236187    0.000000000
       1      86    7.733517382    0.000000000
  0.666666667  0.166666667  0.000000000      86       0
       1       1  -53.898183291   -0.000000000
       1       2  -53.898183291    0.000000000
       1       3  -53.885229692    0.000000000
       1       4  -53.885229691   -0.000000000
       1       5  -26.728957630    0.000000000
       1       6  -26.728957594   -0.000000000
       1       7  -26.705640814   -0.000000000
       1       8  -26.705640777   -0.000000000
       1       9  -25.961257246    0.000000000
       1      10  -25.961257132   -0.000000000
       1      11  -25.932471421   -0.000000000
       1      12  -25.932470975   -0.000000000
       1      13  -25.903717782   -0.000000000
       1      14  -25.903717053    0.000000000
       1      15  -25.889844381   -0.000000000
       1      16  -25.889843982   -0.000000000
       1      17   -5.302157776    0.000000000
       1      18   -5.302157740    0.000000000
       1      19   -4.189584513   -0.000000000
       1      20   -4.189584416    0.000000000
       1      21   -4.175922806   -0.000000000
       1      22   -4.175922847    0.000000000
       1      23   -3.983742149   -0.000000000
       1      24   -3.983742152   -0.000000000
       1      25   -3.679617627   -0.000000000
       1      26   -3.679617618   -0.000000000
       1      27   -3.648533401    0.000000000
       1      28   -3.648533365   -0.000000000
       1      29    1.205233970   -0.000000000
       1      30    1.205234354   -0.000000000
       1      31    1.697090493    0.000000000
       1      32    1.697090412   -0.000000000
       1      33    1.965802515    0.000000000
       1      34    1.965798451   -0.000000000
       1      35    2.036959895    0.000000000
       1      36    2.036964601   -0.000000000
       1      37    2.404858345    0.000000000
       1      38    2.404855074    0.000000000
       1      39    3.136972037   -0.000000000
       1      40    3.136974091   -0.000000000
       1      41    4.412668049    0.000000000
       1      42    4.412670592    0.000000000
       1      43    4.591881198   -0.000000000
       1      44    4.591878555   -0.000000000
       1      45    5.107116230    0.000000000
       1      46    5.107115738    0.000000000
       1      47    4.659768092   -0.000000000
       1      48    4.659765946   -0.000000000
       1      49    4.807525503   -0.000000000
       1      50    4.807513850   -0.000000000
       1      51    4.936393719   -0.000000000
       1      52    4.936411818   -0.000000000
       1      53    4.634365178   -0.000000000
       1      54    4.634362680   -0.000000000
       1      55    4.907283772    0.000000000
       1      56    4.907288198   -0.000000000
       1      57    5.466432789   -0.000000000
       1      58    5.466436162    0.000000000
       1      59    5.644367851    0.000000000
       1      60    5.644372960   -0.000000000
       1      61    5.572296140   -0.000000000
       1      62    5.572304010   -0.000000000
       1      63    6.605024695    0.000000000
       1      64    6.605027318    0.000000000
       1      65   13.074748484   -0.000000000
       1      66   13.074744227    0.000000000
       1      67   13.376463748   -0.000000000
       1      68   13.376457864   -0.000000000
       1      69   13.273535293   -0.000000000
       1      70   13.273531943    0.000000000
       1      71   14.244121532   -0.000000000
       1      72   14.244119449    0.000000000
       1      73   14.128750046    0.000000000
       1      74   14.128748053   -0.000000000
       1      75   14.147097308   -0.000000000
       1      76   14.147096247    0.000000000
       1      77   13.830701327   -0.000000000
       1      78   13.830694457    0.000000000
       1      79   14.592450126   -0.000000000
       1      80   14.592445088   -0.000000000
       1      81   14.466454589   -0.000000000
       1      82   14.466451836   -0.000000000
       1      83   14.824890216   -0.000000000
       1      84   14.824887762   -0.000000000
       1      85    3.843751891   -0.000000000
       1      86    3.843769038   -0.000000000
  0.666666667  0.333333333  0.000000000      86       0
       1       1  -53.906017716   -0.000000000
       1       2  -53.906017716    0.000000000
       1       3  -53.881340443    0.000000000
       1       4  -53.881340443   -0.000000000
       1       5  -26.744979132    0.000000000
       1       6  -26.744979126    0.000000000
       1       7  -26.697630388    0.000000000
       1       8  -26.697630384   -0.000000000
       1       9  -25.975929135   -0.000000000
       1      10  -25.975929093    0.000000000
       1      11  -25.925497436    0.000000000
       1      12  -25.925497277   -0.000000000
       1      13  -25.917419719    0.000000000
       1      14  -25.917419568    0.000000000
       1      15  -25.885006828   -0.000000000
       1      16  -25.885006790   -0.000000000
       1      17   -5.220184449   -0.000000000
       1      18   -5.220184409   -0.000000000
       1      19   -4.300705204    0.000000000
       1      20   -4.300705175   -0.000000000
       1      21   -4.164660502    0.000000000
       1      22   -4.164660472   -0.000000000
       1      23   -3.947003196   -0.000000000
       1      24   -3.947003151   -0.000000000
       1      25   -3.719389109   -0.000000000
       1      26   -3.719389072    0.000000000
       1      27   -3.670587076    0.000000000
       1      28   -3.670587011   -0.000000000
       1      29    1.100416512   -0.000000000
       1      30    1.100416442   -0.000000000
       1      31    1.867656360   -0.000000000
       1      32    1.867657883   -0.000000000
       1      33    1.795438791   -0.000000000
       1      34    1.795437674    0.000000000
       1      35    2.294731648   -0.000000000
       1      36    2.294732911   -0.000000000
       1      37    2.547388341   -0.000000000
       1      38    2.547383510   -0.000000000
       1      39    3.291848932   -0.000000000
       1      40    3.291835367   -0.000000000
       1      41    4.042142525   -0.000000000
       1      42    4.042132017   -0.000000000
       1      43    4.744239164   -0.000000000
       1      44    4.744194755    0.000000000
       1      45    5.146185597    0.000000000
       1      46    5.146181438   -0.000000000
       1      47    5.040094115    0.000000000
       1      48    5.040116257    0.000000000
       1      49    4.441319994   -0.000000000
       1      50    4.441340732    0.000000000
       1      51    4.843519245    0.000000000
       1      52    4.843521580   -0.000000000
       1      53    4.865393120    0.000000000
       1      54    4.865400879   -0.000000000
       1      55    5.027502855    0.000000000
       1      56    5.027526977    0.000000000
       1      57    5.330958084   -0.000000000
       1      58    5.330968549   -0.000000000
       1      59    5.452911433    0.000000000
       1      60    5.452910640   -0.000000000
       1      61    5.631643684    0.000000000
       1      62    5.631645923    0.000000000
       1      63    6.196549920   -0.000000000
       1      64    6.196549674    0.000000000
       1      65   13.419894629   -0.000000000
       1      66   13.419893794   -0.000000000
       1      67   12.734668632    0.000000000
       1      68   12.734661120   -0.000000000
       1      69   13.817764592   -0.000000000
       1      70   13.817762683    0.000000000
       1      71   14.133886134   -0.000000000
       1      72   14.133898150   -0.000000000
       1      73   13.937370327    0.000000000
       1      74   13.937369164    0.000000000
       1      75   14.277578467    0.000000000
       1      76   14.277568582   -0.000000000
       1      77   14.029996216    0.000000000
       1      78   14.030002220   -0.000000000
       1      79   13.795445194   -0.000000000
       1      80   13.795451735    0.000000000
       1      81   14.955301787    0.000000000
       1      82   14.955301977   -0.000000000
       1      83   14.735960183    0.000000000
       1      84   14.735959326   -0.000000000
       1      85    7.733182569    0.000000000
       1      86    7.733642799    0.000000000
  0.666666667  0.500000000  0.000000000      86       0
       1       1  -53.901769816   -0.000000000
       1       2  -53.901769816    0.000000000
       1       3  -53.890382104    0.000000000
       1       4  -53.890382104   -0.000000000
       1       5  -26.737962472   -0.000000000
       1       6  -26.737962443   -0.000000000
       1       7  -26.715477928    0.000000000
       1       8  -26.715477897    0.000000000
       1       9  -25.971201532    0.000000000
       1      10  -25.971201463   -0.000000000
       1      11  -25.940007530   -0.000000000
       1      12  -25.940007365    0.000000000
       1      13  -25.910857437   -0.000000000
       1      14  -25.910856948    0.000000000
       1      15  -25.900939027    0.000000000
       1      16  -25.900938634   -0.000000000
       1      17   -4.995255333   -0.000000000
       1      18   -4.995255289   -0.000000000
       1      19   -4.497330852   -0.000000000
       1      20   -4.497330807   -0.000000000
       1      21   -4.101332612    0.000000000
       1      22   -4.101332610   -0.000000000
       1      23   -4.028290696    0.000000000
       1      24   -4.028290671    0.000000000
       1      25   -3.800833305    0.000000000
       1      26   -3.800833279   -0.000000000
       1      27   -3.691886064    0.000000000
       1      28   -3.691886041    0.000000000
       1      29    1.285617551    0.000000000
       1      30    1.285617742    0.000000000
       1      31    1.942948284   -0.000000000
       1      32    1.942948846    0.000000000
       1      33    1.941746701    0.000000000
       1      34    1.941747415   -0.000000000
       1      35    2.354743319    0.000000000
       1      36    2.354748937   -0.000000000
       1      37    2.806349690    0.000000000
       1      38    2.806351989    0.000000000
       1      39    3.147821005   -0.000000000
       1      40    3.147816272   -0.000000000
       1      41    3.588253914    0.000000000
       1      42    3.588255201   -0.000000000
       1      43    4.148615729   -0.000000000
       1      44    4.148616638    0.000000000
       1      45    5.409827293    0.000000000
       1      46    5.409823810    0.000000000
       1      47    4.551643860   -0.000000000
       1      48    4.551631656    0.000000000
       1      49    4.975489878   -0.000000000
       1      50    4.975491621   -0.000000000
       1      51    4.951486290   -0.000000000
       1      52    4.951484580   -0.000000000
       1      53    5.330234456   -0.000000000
       1      54    5.330236671   -0.000000000
       1      55    5.300640857   -0.000000000
       1      56    5.300655728    0.000000000
       1      57    5.156725057    0.000000000
       1      58    5.156726066   -0.000000000
       1      59    5.458688091   -0.000000000
       1      60    5.458699916    0.000000000
       1      61    5.829689049    0.000000000
       1      62    5.829698920    0.000000000
       1      63    6.427692016   -0.000000000
       1      64    6.427690886   -0.000000000
       1      65   12.817652372   -0.000000000
       1      66   12.817651663   -0.000000000
       1      67   12.577796802    0.000000000
       1      68   12.577794689   -0.000000000
       1      69   13.623630084    0.000000000
       1      70   13.623626172   -0.000000000
       1      71   13.765298117   -0.000000000
       1      72   13.765291110   -0.000000000
       1      73   14.338482547   -0.000000000
       1      74   14.338478743   -0.000000000
       1      75   14.399469233    0.000000000
       1      76   14.399467391    0.000000000
       1      77   14.205226260   -0.000000000
       1      78   14.205223898    0.000000000
       1      79   14.241121304    0.000000000
       1      80   14.241120146    0.000000000
       1      81   14.818745778    0.000000000
       1      82   14.818741852    0.000000000
       1      83   14.599238009   -0.000000000
       1      84   14.599236638    0.000000000
       1      85    8.018358607   -0.000000000
       1      86    8.018361472    0.000000000
  0.666666667  0.666666667  0.000000000      86       0
       1       1  -53.896891654   -0.000000000
       1       2  -53.896891347   -0.000000000
       1       3  -53.896889606    0.000000000
       1       4  -53.896889299    0.000000000
       1       5  -26.728556595    0.000000000
       1       6  -26.728554552   -0.000000000
       1       7  -26.728226862   -0.000000000
       1       8  -26.728224817    0.000000000
       1       9  -25.956640130    0.000000000
       1      10  -25.956638079    0.000000000
       1      11  -25.957334925    0.000000000
       1      12  -25.957332907    0.000000000
       1      13  -25.908264458    0.000000000
       1      14  -25.908262377   -0.000000000
       1      15  -25.908675778   -0.000000000
       1      16  -25.908673662   -0.000000000
       1      17   -4.711647841    0.000000000
       1      18   -4.711647006    0.000000000
       1      19   -4.709922207   -0.000000000
       1      20   -4.709921375    0.000000000
       1      21   -4.243163770    0.000000000
       1      22   -4.243163769    0.000000000
       1      23   -3.883351725   -0.000000000
       1      24   -3.883351559   -0.000000000
       1      25   -3.883182878   -0.000000000
       1      26   -3.883182709    0.000000000
       1      27   -3.732863304   -0.000000000
       1      28   -3.732863302   -0.000000000
       1      29    1.770163419    0.000000000
       1      30    1.770163638    0.000000000
       1      31    1.759947750    0.000000000
       1      32    1.759949780   -0.000000000
       1      33    2.384816244   -0.000000000
       1      34    2.384816377    0.000000000
       1      35    2.192468423   -0.000000000
       1      36    2.192468436   -0.000000000
       1      37    2.497732496   -0.000000000
       1      38    2.497736678   -0.000000000
       1      39    2.867938071   -0.000000000
       1      40    2.867937147   -0.000000000
       1      41    3.644052498   -0.000000000
       1      42    3.644052591    0.000000000
       1      43    3.468854719   -0.000000000
       1      44    3.468856007   -0.000000000
       1      45    5.554791759   -0.000000000
       1      46    5.554795582   -0.000000000
       1      47    4.587158532   -0.000000000
       1      48    4.587161432   -0.000000000
       1      49    4.906800567    0.000000000
       1      50    4.906800571   -0.000000000
       1      51    5.435126695   -0.000000000
       1      52    5.435130536    0.000000000
       1      53    5.325421937    0.000000000
       1      54    5.325422184   -0.000000000
       1      55    5.300704381   -0.000000000
       1      56    5.300704433   -0.000000000
       1      57    5.479689771    0.000000000
       1      58    5.479699993    0.000000000
       1      59    5.604647995   -0.000000000
       1      60    5.604648298    0.000000000
       1      61    6.238213550    0.000000000
       1      62    6.238216418   -0.000000000
       1      63    6.430333074   -0.000000000
       1      64    6.430334224    0.000000000
       1      65   12.331105802   -0.000000000
       1      66   12.331107193    0.000000000
       1      67   12.213000306   -0.000000000
       1      68   12.212999712   -0.000000000
       1      69   12.760384687   -0.000000000
       1      70   12.760368900   -0.000000000
       1      71   14.597336937   -0.000000000
       1      72   14.597320512    0.000000000
       1      73   14.532865841   -0.000000000
       1      74   14.532866420   -0.000000000
       1      75   14.482424658   -0.000000000
       1      76   14.482420870   -0.000000000
       1      77   14.680155892   -0.000000000
       1      78   14.680155889   -0.000000000
       1      79   14.460735978    0.000000000
       1      80   14.460737641   -0.000000000
       1      81   14.494333073    0.000000000
       1      82   14.494334660    0.000000000
       1      83   14.814983171    0.000000000
       1      84   14.814982842    0.000000000
       1      85    7.565975854   -0.000000000
       1      86    7.574063584   -0.000000000
  0.666666667  0.833333333  0.000000000      86       0
       1       1  -53.901778107    0.000000000
       1       2  -53.901778106    0.000000000
       1       3  -53.890374125    0.000000000
       1       4  -53.890374125    0.000000000
       1       5  -26.737968007    0.000000000
       1       6  -26.737967975   -0.000000000
       1       7  -26.715472717   -0.000000000
       1       8  -26.715472685   -0.000000000
       1       9  -25.971206262    0.000000000
       1      10  -25.971206190    0.000000000
       1      11  -25.939994005    0.000000000
       1      12  -25.939993835   -0.000000000
       1      13  -25.910874823   -0.000000000
       1      14  -25.910874330   -0.000000000
       1      15  -25.900931993   -0.000000000
       1      16  -25.900931597    0.000000000
       1      17   -4.995261832   -0.000000000
       1      18   -4.995261788   -0.000000000
       1      19   -4.497311975   -0.000000000
       1      20   -4.497311929   -0.000000000
       1      21   -4.101152159   -0.000000000
       1      22   -4.101152159    0.000000000
       1      23   -4.028698537    0.000000000
       1      24   -4.028698510    0.000000000
       1      25   -3.800354488    0.000000000
       1      26   -3.800354464   -0.000000000
       1      27   -3.692149424   -0.000000000
       1      28   -3.692149400    0.000000000
       1      29    1.285931482    0.000000000
       1      30    1.285931680   -0.000000000
       1      31    1.942389587    0.000000000
       1      32    1.942390122   -0.000000000
       1      33    1.938596872   -0.000000000
       1      34    1.938597875   -0.000000000
       1      35    2.361452133    0.000000000
       1      36    2.361458365   -0.000000000
       1      37    2.805249655   -0.000000000
       1      38    2.805252391   -0.000000000
       1      39    3.141545021   -0.000000000
       1      40    3.141540645   -0.000000000
       1      41    3.596609143   -0.000000000
       1      42    3.596610310   -0.000000000
       1      43    4.131520262    0.000000000
       1      44    4.131520708   -0.000000000
       1      45    5.431253178    0.000000000
       1      46    5.431250877   -0.000000000
       1      47    4.542276038   -0.000000000
       1      48    4.542267778    0.000000000
       1      49    4.975385086   -0.000000000
       1      50    4.975386954   -0.000000000
       1      51    4.951809095   -0.000000000
       1      52    4.951807110    0.000000000
       1      53    5.329243369    0.000000000
       1      54    5.329246171    0.000000000
       1      55    5.289074473    0.000000000
       1      56    5.289088270   -0.000000000
       1      57    5.168596440   -0.000000000
       1      58    5.168594876   -0.000000000
       1      59    5.467072984   -0.000000000
       1      60    5.467083171   -0.000000000
       1      61    5.820920888   -0.000000000
       1      62    5.820930550   -0.000000000
       1      63    6.427488823   -0.000000000
       1      64    6.427486971   -0.000000000
       1      65   12.823737701   -0.000000000
       1      66   12.823736672   -0.000000000
       1      67   12.563734895    0.000000000
       1      68   12.563733193    0.000000000
       1      69   13.637349565    0.000000000
       1      70   13.637351058    0.000000000
       1      71   13.759057052   -0.000000000
       1      72   13.759056126    0.000000000
       1      73   14.337256560   -0.000000000
       1      74   14.337252960    0.000000000
       1      75   14.402808792   -0.000000000
       1      76   14.402807973    0.000000000
       1      77   14.211608893   -0.000000000
       1      78   14.211606247    0.000000000
       1      79   14.227012998    0.000000000
       1      80   14.227011532    0.000000000
       1      81   14.828192182    0.000000000
       1      82   14.828186752   -0.000000000
       1      83   14.597811101    0.000000000
       1      84   14.597808624   -0.000000000
       1      85    8.018590472   -0.000000000
       1      86    8.018591350    0.000000000
  0.833333333 -0.000000000  0.000000000      86       0
       1       1  -53.908461366   -0.000000000
       1       2  -53.908461366    0.000000000
       1       3  -53.889458912    0.000000000
       1       4  -53.889458912   -0.000000000
       1       5  -26.748192361   -0.000000000
       1       6  -26.748192356   -0.000000000
       1       7  -26.714393172    0.000000000
       1       8  -26.714393169    0.000000000
       1       9  -25.981756760    0.000000000
       1      10  -25.981756732    0.000000000
       1      11  -25.935375223   -0.000000000
       1      12  -25.935375044    0.000000000
       1      13  -25.924973501   -0.000000000
       1      14  -25.924973324    0.000000000
       1      15  -25.896468782    0.000000000
       1      16  -25.896468757    0.000000000
       1      17   -5.477804832    0.000000000
       1      18   -5.477804810   -0.000000000
       1      19   -4.333458343   -0.000000000
       1      20   -4.333458319   -0.000000000
       1      21   -3.934893751   -0.000000000
       1      22   -3.934893690   -0.000000000
       1      23   -3.846218841    0.000000000
       1      24   -3.846218749   -0.000000000
       1      25   -3.629852793    0.000000000
       1      26   -3.629852798    0.000000000
       1      27   -3.625434348   -0.000000000
       1      28   -3.625434383   -0.000000000
       1      29    1.118882497   -0.000000000
       1      30    1.118882748    0.000000000
       1      31    1.637081832   -0.000000000
       1      32    1.637082166    0.000000000
       1      33    2.096286392   -0.000000000
       1      34    2.096304839   -0.000000000
       1      35    2.105055589   -0.000000000
       1      36    2.105079444    0.000000000
       1      37    2.302917278   -0.000000000
       1      38    2.302917034   -0.000000000
       1      39    2.536710946   -0.000000000
       1      40    2.536709827    0.000000000
       1      41    3.556970509   -0.000000000
       1      42    3.556965556    0.000000000
       1      43    4.992597622   -0.000000000
       1      44    4.992591942   -0.000000000
       1      45    5.411487762    0.000000000
       1      46    5.411507626    0.000000000
       1      47    4.064587897    0.000000000
       1      48    4.064581032    0.000000000
       1      49    4.932771814   -0.000000000
       1      50    4.932779432    0.000000000
       1      51    5.010883607   -0.000000000
       1      52    5.010890817   -0.000000000
       1      53    4.717729401   -0.000000000
       1      54    4.717737409   -0.000000000
       1      55    5.063444526   -0.000000000
       1      56    5.063445700   -0.000000000
       1      57    5.465935213    0.000000000
       1      58    5.465945020    0.000000000
       1      59    5.891986141    0.000000000
       1      60    5.891987616    0.000000000
       1      61    5.822615739   -0.000000000
       1      62    5.822618757    0.000000000
       1      63    7.015079026    0.000000000
       1      64    7.015077621   -0.000000000
       1      65   13.548676185    0.000000000
       1      66   13.548675281   -0.000000000
       1      67   13.426139675   -0.000000000
       1      68   13.426134595   -0.000000000
       1      69   13.643630491   -0.000000000
       1      70   13.643630620    0.000000000
       1      71   13.702420259    0.000000000
       1      72   13.702409927   -0.000000000
       1      73   14.047448498   -0.000000000
       1      74   14.047448641   -0.000000000
       1      75   14.204798286    0.000000000
       1      76   14.204793977   -0.000000000
       1      77   14.346246173    0.000000000
       1      78   14.346251775   -0.000000000
       1      79   14.335612062   -0.000000000
       1      80   14.335621147   -0.000000000
       1      81   14.774837051    0.000000000
       1      82   14.774835708   -0.000000000
       1      83   14.566885350   -0.000000000
       1      84   14.566888635   -0.000000000
       1      85    3.697687371    0.000000000
       1      86    3.697700557   -0.000000000
  0.833333333  0.166666667  0.000000000      86       0
       1       1  -53.908461366    0.000000000
       1       2  -53.908461365    0.000000000
       1       3  -53.889458912   -0.000000000
       1       4  -53.889458912    0.000000000
       1       5  -26.748192363   -0.000000000
       1       6  -26.748192354    0.000000000
       1       7  -26.714393174   -0.000000000
       1       8  -26.714393171   -0.000000000
       1       9  -25.981756759   -0.000000000
       1      10  -25.981756733   -0.000000000
       1      11  -25.935375217   -0.000000000
       1      12  -25.935375055   -0.000000000
       1      13  -25.924973486    0.000000000
       1      14  -25.924973334   -0.000000000
       1      15  -25.896468778    0.000000000
       1      16  -25.896468757   -0.000000000
       1      17   -5.477804836    0.000000000
       1      18   -5.477804814    0.000000000
       1      19   -4.333458343    0.000000000
       1      20   -4.333458318   -0.000000000
       1      21   -3.934893690   -0.000000000
       1      22   -3.934893646    0.000000000
       1      23   -3.846218866   -0.000000000
       1      24   -3.846218787   -0.000000000
       1      25   -3.629852860    0.000000000
       1      26   -3.629852831   -0.000000000
       1      27   -3.625434332   -0.000000000
       1      28   -3.625434333    0.000000000
       1      29    1.118882479    0.000000000
       1      30    1.118882754   -0.000000000
       1      31    1.637081836    0.000000000
       1      32    1.637082174   -0.000000000
       1      33    2.096286264   -0.000000000
       1      34    2.096305034   -0.000000000
       1      35    2.105055335    0.000000000
       1      36    2.105079556   -0.000000000
       1      37    2.302917279   -0.000000000
       1      38    2.302916911   -0.000000000
       1      39    2.536711211   -0.000000000
       1      40    2.536709767    0.000000000
       1      41    3.556970504   -0.000000000
       1      42    3.556965516   -0.000000000
       1      43    4.992598420    0.000000000
       1      44    4.992591203   -0.000000000
       1      45    5.411488236   -0.000000000
       1      46    5.411507015   -0.000000000
       1      47    4.064588706    0.000000000
       1      48    4.064580510   -0.000000000
       1      49    4.932771435    0.000000000
       1      50    4.932779857    0.000000000
       1      51    5.010883942   -0.000000000
       1      52    5.010890475   -0.000000000
       1      53    4.717729302   -0.000000000
       1      54    4.717737403    0.000000000
       1      55    5.063444400   -0.000000000
       1      56    5.063445777   -0.000000000
       1      57    5.465935195   -0.000000000
       1      58    5.465944961   -0.000000000
       1      59    5.891986256   -0.000000000
       1      60    5.891987439   -0.000000000
       1      61    5.822615851    0.000000000
       1      62    5.822618736    0.000000000
       1      63    7.015079196    0.000000000
       1      64    7.015077495    0.000000000
       1      65   13.548676169   -0.000000000
       1      66   13.548675204   -0.000000000
       1      67   13.426139528   -0.000000000
       1      68   13.426134501    0.000000000
       1      69   13.643630866    0.000000000
       1      70   13.643630822   -0.000000000
       1      71   13.702420200   -0.000000000
       1      72   13.702410295   -0.000000000
       1      73   14.047448945   -0.000000000
       1      74   14.047448329    0.000000000
       1      75   14.204798050   -0.000000000
       1      76   14.204793757    0.000000000
       1      77   14.346246163    0.000000000
       1      78   14.346251884   -0.000000000
       1      79   14.335611592   -0.000000000
       1      80   14.335621679   -0.000000000
       1      81   14.774837658    0.000000000
       1      82   14.774835131   -0.000000000
       1      83   14.566885258    0.000000000
       1      84   14.566888995    0.000000000
       1      85    3.697685460   -0.000000000
       1      86    3.697699471   -0.000000000
  0.833333333  0.333333333  0.000000000      86       0
       1       1  -53.898183291   -0.000000000
       1       2  -53.898183290   -0.000000000
       1       3  -53.885229690    0.000000000
       1       4  -53.885229690   -0.000000000
       1       5  -26.728957620    0.000000000
       1       6  -26.728957582    0.000000000
       1       7  -26.705640777   -0.000000000
       1       8  -26.705640737   -0.000000000
       1       9  -25.961257208    0.000000000
       1      10  -25.961257079    0.000000000
       1      11  -25.932471147   -0.000000000
       1      12  -25.932470668    0.000000000
       1      13  -25.903717891   -0.000000000
       1      14  -25.903717121   -0.000000000
       1      15  -25.889844710    0.000000000
       1      16  -25.889844293    0.000000000
       1      17   -5.302157744    0.000000000
       1      18   -5.302157708    0.000000000
       1      19   -4.189584253   -0.000000000
       1      20   -4.189584132    0.000000000
       1      21   -4.175922972    0.000000000
       1      22   -4.175923064    0.000000000
       1      23   -3.983742205    0.000000000
       1      24   -3.983742208   -0.000000000
       1      25   -3.679617753   -0.000000000
       1      26   -3.679617744    0.000000000
       1      27   -3.648533351   -0.000000000
       1      28   -3.648533315   -0.000000000
       1      29    1.205233902    0.000000000
       1      30    1.205234284   -0.000000000
       1      31    1.697090322   -0.000000000
       1      32    1.697090220    0.000000000
       1      33    1.965802498    0.000000000
       1      34    1.965798501   -0.000000000
       1      35    2.036959568    0.000000000
       1      36    2.036964364    0.000000000
       1      37    2.404858112   -0.000000000
       1      38    2.404854803    0.000000000
       1      39    3.136972175   -0.000000000
       1      40    3.136974544   -0.000000000
       1      41    4.412668087    0.000000000
       1      42    4.412670722    0.000000000
       1      43    4.591882493    0.000000000
       1      44    4.591879769    0.000000000
       1      45    5.107116796    0.000000000
       1      46    5.107115964    0.000000000
       1      47    4.659767359    0.000000000
       1      48    4.659765357    0.000000000
       1      49    4.807526180    0.000000000
       1      50    4.807513957   -0.000000000
       1      51    4.936393884   -0.000000000
       1      52    4.936411869   -0.000000000
       1      53    4.634365558    0.000000000
       1      54    4.634362491    0.000000000
       1      55    4.907283512    0.000000000
       1      56    4.907287922    0.000000000
       1      57    5.466432677   -0.000000000
       1      58    5.466436197   -0.000000000
       1      59    5.644367683   -0.000000000
       1      60    5.644373063    0.000000000
       1      61    5.572296217   -0.000000000
       1      62    5.572303870    0.000000000
       1      63    6.605024455    0.000000000
       1      64    6.605027068    0.000000000
       1      65   13.074749572   -0.000000000
       1      66   13.074746170    0.000000000
       1      67   13.376460433    0.000000000
       1      68   13.376456126    0.000000000
       1      69   13.273534572   -0.000000000
       1      70   13.273531159    0.000000000
       1      71   14.244120532   -0.000000000
       1      72   14.244118720   -0.000000000
       1      73   14.128754921    0.000000000
       1      74   14.128753021    0.000000000
       1      75   14.147094661    0.000000000
       1      76   14.147093655    0.000000000
       1      77   13.830699311    0.000000000
       1      78   13.830693177   -0.000000000
       1      79   14.592451636    0.000000000
       1      80   14.592446781   -0.000000000
       1      81   14.466456093   -0.000000000
       1      82   14.466452970   -0.000000000
       1      83   14.824888492   -0.000000000
       1      84   14.824885750    0.000000000
       1      85    3.843747242   -0.000000000
       1      86    3.843772613   -0.000000000
  0.833333333  0.500000000  0.000000000      86       0
       1       1  -53.901778106   -0.000000000
       1       2  -53.901778106   -0.000000000
       1       3  -53.890374126    0.000000000
       1       4  -53.890374126   -0.000000000
       1       5  -26.737967981   -0.000000000
       1       6  -26.737967952   -0.000000000
       1       7  -26.715472755   -0.000000000
       1       8  -26.715472724    0.000000000
       1       9  -25.971206177   -0.000000000
       1      10  -25.971206106   -0.000000000
       1      11  -25.939994286   -0.000000000
       1      12  -25.939994118   -0.000000000
       1      13  -25.910875054    0.000000000
       1      14  -25.910874565   -0.000000000
       1      15  -25.900931542    0.000000000
       1      16  -25.900931151    0.000000000
       1      17   -4.995261848   -0.000000000
       1      18   -4.995261804    0.000000000
       1      19   -4.497311722    0.000000000
       1      20   -4.497311676   -0.000000000
       1      21   -4.101152423   -0.000000000
       1      22   -4.101152420    0.000000000
       1      23   -4.028698533    0.000000000
       1      24   -4.028698508    0.000000000
       1      25   -3.800354340   -0.000000000
       1      26   -3.800354317   -0.000000000
       1      27   -3.692149576   -0.000000000
       1      28   -3.692149554   -0.000000000
       1      29    1.285931419   -0.000000000
       1      30    1.285931608    0.000000000
       1      31    1.942389707    0.000000000
       1      32    1.942390186    0.000000000
       1      33    1.938597301   -0.000000000
       1      34    1.938598318   -0.000000000
       1      35    2.361451610    0.000000000
       1      36    2.361457590   -0.000000000
       1      37    2.805249744    0.000000000
       1      38    2.805252328    0.000000000
       1      39    3.141544856    0.000000000
       1      40    3.141540780   -0.000000000
       1      41    3.596608435    0.000000000
       1      42    3.596610331    0.000000000
       1      43    4.131519455    0.000000000
       1      44    4.131519541   -0.000000000
       1      45    5.431254030    0.000000000
       1      46    5.431251876   -0.000000000
       1      47    4.542276239   -0.000000000
       1      48    4.542267561   -0.000000000
       1      49    4.975385248    0.000000000
       1      50    4.975387400    0.000000000
       1      51    4.951809657    0.000000000
       1      52    4.951807949   -0.000000000
       1      53    5.329244000    0.000000000
       1      54    5.329246083   -0.000000000
       1      55    5.289074841    0.000000000
       1      56    5.289088196   -0.000000000
       1      57    5.168597015   -0.000000000
       1      58    5.168594203    0.000000000
       1      59    5.467073451   -0.000000000
       1      60    5.467083337   -0.000000000
       1      61    5.820920857   -0.000000000
       1      62    5.820930488   -0.000000000
       1      63    6.427488740    0.000000000
       1      64    6.427487019    0.000000000
       1      65   12.823737541    0.000000000
       1      66   12.823735986   -0.000000000
       1      67   12.563735586   -0.000000000
       1      68   12.563733937    0.000000000
       1      69   13.637351984    0.000000000
       1      70   13.637353317    0.000000000
       1      71   13.759053750   -0.000000000
       1      72   13.759052267   -0.000000000
       1      73   14.337259597    0.000000000
       1      74   14.337256031    0.000000000
       1      75   14.402806401   -0.000000000
       1      76   14.402805480   -0.000000000
       1      77   14.211610646   -0.000000000
       1      78   14.211608068    0.000000000
       1      79   14.227011305    0.000000000
       1      80   14.227009877   -0.000000000
       1      81   14.828190811    0.000000000
       1      82   14.828186690   -0.000000000
       1      83   14.597808871    0.000000000
       1      84   14.597809957    0.000000000
       1      85    8.018590227    0.000000000
       1      86    8.018591793   -0.000000000
  0.833333333  0.666666667  0.000000000      86       0
       1       1  -53.901769814   -0.000000000
       1       2  -53.901769815   -0.000000000
       1       3  -53.890382106    0.000000000
       1       4  -53.890382106   -0.000000000
       1       5  -26.737962448    0.000000000
       1       6  -26.737962418   -0.000000000
       1       7  -26.715477968    0.000000000
       1       8  -26.715477935   -0.000000000
       1       9  -25.971201451   -0.000000000
       1      10  -25.971201378   -0.000000000
       1      11  -25.940007813    0.000000000
       1      12  -25.940007643   -0.000000000
       1      13  -25.910857668    0.000000000
       1      14  -25.910857176    0.000000000
       1      15  -25.900938581   -0.000000000
       1      16  -25.900938187   -0.000000000
       1      17   -4.995255261    0.000000000
       1      18   -4.995255217   -0.000000000
       1      19   -4.497330800    0.000000000
       1      20   -4.497330754   -0.000000000
       1      21   -4.101332817    0.000000000
       1      22   -4.101332810    0.000000000
       1      23   -4.028290598    0.000000000
       1      24   -4.028290571   -0.000000000
       1      25   -3.800833302    0.000000000
       1      26   -3.800833278   -0.000000000
       1      27   -3.691886114   -0.000000000
       1      28   -3.691886092    0.000000000
       1      29    1.285617499   -0.000000000
       1      30    1.285617690   -0.000000000
       1      31    1.942948290    0.000000000
       1      32    1.942948907    0.000000000
       1      33    1.941747114   -0.000000000
       1      34    1.941747870   -0.000000000
       1      35    2.354742860   -0.000000000
       1      36    2.354748725   -0.000000000
       1      37    2.806349874    0.000000000
       1      38    2.806351912    0.000000000
       1      39    3.147820784   -0.000000000
       1      40    3.147815843   -0.000000000
       1      41    3.588253133   -0.000000000
       1      42    3.588254887   -0.000000000
       1      43    4.148615081   -0.000000000
       1      44    4.148615311    0.000000000
       1      45    5.409828818   -0.000000000
       1      46    5.409824473    0.000000000
       1      47    4.551644530   -0.000000000
       1      48    4.551630618    0.000000000
       1      49    4.975490315   -0.000000000
       1      50    4.975491623   -0.000000000
       1      51    4.951486883    0.000000000
       1      52    4.951485462    0.000000000
       1      53    5.330235204   -0.000000000
       1      54    5.330237263    0.000000000
       1      55    5.300641130    0.000000000
       1      56    5.300655120    0.000000000
       1      57    5.156725869   -0.000000000
       1      58    5.156725415   -0.000000000
       1      59    5.458689076   -0.000000000
       1      60    5.458699576    0.000000000
       1      61    5.829689273   -0.000000000
       1      62    5.829698593   -0.000000000
       1      63    6.427692195    0.000000000
       1      64    6.427690751   -0.000000000
       1      65   12.817652073   -0.000000000
       1      66   12.817650964    0.000000000
       1      67   12.577797543    0.000000000
       1      68   12.577795341   -0.000000000
       1      69   13.623632613    0.000000000
       1      70   13.623627963    0.000000000
       1      71   13.765294925    0.000000000
       1      72   13.765287415   -0.000000000
       1      73   14.338485502    0.000000000
       1      74   14.338481575   -0.000000000
       1      75   14.399466988   -0.000000000
       1      76   14.399465156   -0.000000000
       1      77   14.205228191   -0.000000000
       1      78   14.205225436    0.000000000
       1      79   14.241120416    0.000000000
       1      80   14.241117991   -0.000000000
       1      81   14.818746696    0.000000000
       1      82   14.818739906    0.000000000
       1      83   14.599238507   -0.000000000
       1      84   14.599236018   -0.000000000
       1      85    8.018363125    0.000000000
       1      86    8.018364215   -0.000000000
  0.833333333  0.833333333  0.000000000      86       0
       1       1  -53.898183291   -0.000000000
       1       2  -53.898183290   -0.000000000
       1       3  -53.885229690    0.000000000
       1       4  -53.885229690    0.000000000
       1       5  -26.728957619   -0.000000000
       1       6  -26.728957583    0.000000000
       1       7  -26.705640777    0.000000000
       1       8  -26.705640737    0.000000000
       1       9  -25.961257205    0.000000000
       1      10  -25.961257082    0.000000000
       1      11  -25.932471143    0.000000000
       1      12  -25.932470678    0.000000000
       1      13  -25.903717884   -0.000000000
       1      14  -25.903717130    0.000000000
       1      15  -25.889844702   -0.000000000
       1      16  -25.889844293    0.000000000
       1      17   -5.302157730   -0.000000000
       1      18   -5.302157694   -0.000000000
       1      19   -4.189584106   -0.000000000
       1      20   -4.189584004   -0.000000000
       1      21   -4.175923215   -0.000000000
       1      22   -4.175923294   -0.000000000
       1      23   -3.983742121    0.000000000
       1      24   -3.983742122    0.000000000
       1      25   -3.679617844   -0.000000000
       1      26   -3.679617836    0.000000000
       1      27   -3.648533262    0.000000000
       1      28   -3.648533224   -0.000000000
       1      29    1.205233924   -0.000000000
       1      30    1.205234296   -0.000000000
       1      31    1.697090297   -0.000000000
       1      32    1.697090151   -0.000000000
       1      33    1.965802371    0.000000000
       1      34    1.965798437   -0.000000000
       1      35    2.036960034   -0.000000000
       1      36    2.036964450   -0.000000000
       1      37    2.404858130    0.000000000
       1      38    2.404854809    0.000000000
       1      39    3.136971825   -0.000000000
       1      40    3.136974480    0.000000000
       1      41    4.412668130    0.000000000
       1      42    4.412670601   -0.000000000
       1      43    4.591882879   -0.000000000
       1      44    4.591879900    0.000000000
       1      45    5.107116229    0.000000000
       1      46    5.107115806   -0.000000000
       1      47    4.659767186    0.000000000
       1      48    4.659765464    0.000000000
       1      49    4.807525367    0.000000000
       1      50    4.807514677   -0.000000000
       1      51    4.936394448   -0.000000000
       1      52    4.936411937   -0.000000000
       1      53    4.634365756   -0.000000000
       1      54    4.634362040    0.000000000
       1      55    4.907283593   -0.000000000
       1      56    4.907287925   -0.000000000
       1      57    5.466432506   -0.000000000
       1      58    5.466436384    0.000000000
       1      59    5.644367477   -0.000000000
       1      60    5.644373527   -0.000000000
       1      61    5.572296312   -0.000000000
       1      62    5.572303610   -0.000000000
       1      63    6.605024446    0.000000000
       1      64    6.605027032   -0.000000000
       1      65   13.074750443   -0.000000000
       1      66   13.074746450   -0.000000000
       1      67   13.376460355    0.000000000
       1      68   13.376455029   -0.000000000
       1      69   13.273534351    0.000000000
       1      70   13.273530933   -0.000000000
       1      71   14.244120578    0.000000000
       1      72   14.244119108    0.000000000
       1      73   14.128754589    0.000000000
       1      74   14.128752607    0.000000000
       1      75   14.147095033    0.000000000
       1      76   14.147094005    0.000000000
       1      77   13.830698550    0.000000000
       1      78   13.830693739    0.000000000
       1      79   14.592451617    0.000000000
       1      80   14.592447183    0.000000000
       1      81   14.466456336    0.000000000
       1      82   14.466452849   -0.000000000
       1      83   14.824888650   -0.000000000
       1      84   14.824885454   -0.000000000
       1      85    3.843754351   -0.000000000
       1      86    3.843766160   -0.000000000
 -0.166666667  0.500000000  0.000000000      86       0
       1       1  -53.901778106    0.000000000
       1       2  -53.901778106   -0.000000000
       1       3  -53.890374127    0.000000000
       1       4  -53.890374126   -0.000000000
       1       5  -26.737967981   -0.000000000
       1       6  -26.737967952   -0.000000000
       1       7  -26.715472756   -0.000000000
       1       8  -26.715472724   -0.000000000
       1       9  -25.971206176   -0.000000000
       1      10  -25.971206106    0.000000000
       1      11  -25.939994286    0.000000000
       1      12  -25.939994118   -0.000000000
       1      13  -25.910875052    0.000000000
       1      14  -25.910874565    0.000000000
       1      15  -25.900931542   -0.000000000
       1      16  -25.900931152   -0.000000000
       1      17   -4.995261847   -0.000000000
       1      18   -4.995261804   -0.000000000
       1      19   -4.497311721   -0.000000000
       1      20   -4.497311675    0.000000000
       1      21   -4.101152423   -0.000000000
       1      22   -4.101152419   -0.000000000
       1      23   -4.028698533    0.000000000
       1      24   -4.028698508   -0.000000000
       1      25   -3.800354340    0.000000000
       1      26   -3.800354317   -0.000000000
       1      27   -3.692149575    0.000000000
       1      28   -3.692149553    0.000000000
       1      29    1.285931417   -0.000000000
       1      30    1.285931607    0.000000000
       1      31    1.942389708    0.000000000
       1      32    1.942390183   -0.000000000
       1      33    1.938597303    0.000000000
       1      34    1.938598320   -0.000000000
       1      35    2.361451609   -0.000000000
       1      36    2.361457590    0.000000000
       1      37    2.805249742    0.000000000
       1      38    2.805252328    0.000000000
       1      39    3.141544856    0.000000000
       1      40    3.141540780    0.000000000
       1      41    3.596608437   -0.000000000
       1      42    3.596610333   -0.000000000
       1      43    4.131519452    0.000000000
       1      44    4.131519540    0.000000000
       1      45    5.431254032    0.000000000
       1      46    5.431251878   -0.000000000
       1      47    4.542276242    0.000000000
       1      48    4.542267560   -0.000000000
       1      49    4.975385249    0.000000000
       1      50    4.975387403    0.000000000
       1      51    4.951809664    0.000000000
       1      52    4.951807953    0.000000000
       1      53    5.329243999    0.000000000
       1      54    5.329246083   -0.000000000
       1      55    5.289074842   -0.000000000
       1      56    5.289088201    0.000000000
       1      57    5.168597011   -0.000000000
       1      58    5.168594201   -0.000000000
       1      59    5.467073448   -0.000000000
       1      60    5.467083335   -0.000000000
       1      61    5.820920853   -0.000000000
       1      62    5.820930485    0.000000000
       1      63    6.427488732   -0.000000000
       1      64    6.427487014   -0.000000000
       1      65   12.823737533    0.000000000
       1      66   12.823735958   -0.000000000
       1      67   12.563735631   -0.000000000
       1      68   12.563733848   -0.000000000
       1      69   13.637351963    0.000000000
       1      70   13.637353306   -0.000000000
       1      71   13.759053708   -0.000000000
       1      72   13.759052297   -0.000000000
       1      73   14.337259585    0.000000000
       1      74   14.337256008   -0.000000000
       1      75   14.402806387   -0.000000000
       1      76   14.402805466    0.000000000
       1      77   14.211610892   -0.000000000
       1      78   14.211608261    0.000000000
       1      79   14.227011449    0.000000000
       1      80   14.227010631    0.000000000
       1      81   14.828191285   -0.000000000
       1      82   14.828186725    0.000000000
       1      83   14.597808977   -0.000000000
       1      84   14.597810077    0.000000000
       1      85    8.018590054    0.000000000
       1      86    8.018592230    0.000000000
 -0.166666667  0.666666667  0.000000000      86       0
       1       1  -53.901769815   -0.000000000
       1       2  -53.901769815   -0.000000000
       1       3  -53.890382106    0.000000000
       1       4  -53.890382106   -0.000000000
       1       5  -26.737962449    0.000000000
       1       6  -26.737962418    0.000000000
       1       7  -26.715477968    0.000000000
       1       8  -26.715477936    0.000000000
       1       9  -25.971201451   -0.000000000
       1      10  -25.971201378   -0.000000000
       1      11  -25.940007812   -0.000000000
       1      12  -25.940007642    0.000000000
       1      13  -25.910857668   -0.000000000
       1      14  -25.910857176    0.000000000
       1      15  -25.900938581   -0.000000000
       1      16  -25.900938187   -0.000000000
       1      17   -4.995255262    0.000000000
       1      18   -4.995255218   -0.000000000
       1      19   -4.497330800    0.000000000
       1      20   -4.497330754    0.000000000
       1      21   -4.101332817   -0.000000000
       1      22   -4.101332811   -0.000000000
       1      23   -4.028290598   -0.000000000
       1      24   -4.028290570   -0.000000000
       1      25   -3.800833301   -0.000000000
       1      26   -3.800833279   -0.000000000
       1      27   -3.691886113   -0.000000000
       1      28   -3.691886092   -0.000000000
       1      29    1.285617499    0.000000000
       1      30    1.285617689    0.000000000
       1      31    1.942948290    0.000000000
       1      32    1.942948905   -0.000000000
       1      33    1.941747109    0.000000000
       1      34    1.941747868   -0.000000000
       1      35    2.354742860   -0.000000000
       1      36    2.354748726    0.000000000
       1      37    2.806349872   -0.000000000
       1      38    2.806351912   -0.000000000
       1      39    3.147820785    0.000000000
       1      40    3.147815843   -0.000000000
       1      41    3.588253134    0.000000000
       1      42    3.588254887    0.000000000
       1      43    4.148615076   -0.000000000
       1      44    4.148615306   -0.000000000
       1      45    5.409828820    0.000000000
       1      46    5.409824474   -0.000000000
       1      47    4.551644534   -0.000000000
       1      48    4.551630616   -0.000000000
       1      49    4.975490313   -0.000000000
       1      50    4.975491627   -0.000000000
       1      51    4.951486887   -0.000000000
       1      52    4.951485459   -0.000000000
       1      53    5.330235207    0.000000000
       1      54    5.330237260   -0.000000000
       1      55    5.300641130    0.000000000
       1      56    5.300655121   -0.000000000
       1      57    5.156725867    0.000000000
       1      58    5.156725413    0.000000000
       1      59    5.458689077    0.000000000
       1      60    5.458699574   -0.000000000
       1      61    5.829689279   -0.000000000
       1      62    5.829698592    0.000000000
       1      63    6.427692195   -0.000000000
       1      64    6.427690743    0.000000000
       1      65   12.817651972   -0.000000000
       1      66   12.817650973   -0.000000000
       1      67   12.577797519    0.000000000
       1      68   12.577795368    0.000000000
       1      69   13.623632587    0.000000000
       1      70   13.623627986   -0.000000000
       1      71   13.765294788    0.000000000
       1      72   13.765287432   -0.000000000
       1      73   14.338485526    0.000000000
       1      74   14.338481575    0.000000000
       1      75   14.399466991    0.000000000
       1      76   14.399465146   -0.000000000
       1      77   14.205227558   -0.000000000
       1      78   14.205225819    0.000000000
       1      79   14.241120481   -0.000000000
       1      80   14.241118226    0.000000000
       1      81   14.818746924    0.000000000
       1      82   14.818739922   -0.000000000
       1      83   14.599238886    0.000000000
       1      84   14.599235594   -0.000000000
       1      85    8.018360012    0.000000000
       1      86    8.018362248   -0.000000000
 -0.333333333  0.500000000  0.000000000      86       0
       1       1  -53.901769816   -0.000000000
       1       2  -53.901769816    0.000000000
       1       3  -53.890382105    0.000000000
       1       4  -53.890382104    0.000000000
       1       5  -26.737962473   -0.000000000
       1       6  -26.737962444    0.000000000
       1       7  -26.715477929   -0.000000000
       1       8  -26.715477898   -0.000000000
       1       9  -25.971201533   -0.000000000
       1      10  -25.971201462   -0.000000000
       1      11  -25.940007531   -0.000000000
       1      12  -25.940007366    0.000000000
       1      13  -25.910857436    0.000000000
       1      14  -25.910856947    0.000000000
       1      15  -25.900939026    0.000000000
       1      16  -25.900938635    0.000000000
       1      17   -4.995255333   -0.000000000
       1      18   -4.995255288   -0.000000000
       1      19   -4.497330852   -0.000000000
       1      20   -4.497330807   -0.000000000
       1      21   -4.101332613    0.000000000
       1      22   -4.101332610   -0.000000000
       1      23   -4.028290696    0.000000000
       1      24   -4.028290670    0.000000000
       1      25   -3.800833304   -0.000000000
       1      26   -3.800833277   -0.000000000
       1      27   -3.691886063   -0.000000000
       1      28   -3.691886039    0.000000000
       1      29    1.285617550   -0.000000000
       1      30    1.285617742   -0.000000000
       1      31    1.942948286   -0.000000000
       1      32    1.942948849   -0.000000000
       1      33    1.941746705    0.000000000
       1      34    1.941747417   -0.000000000
       1      35    2.354743319   -0.000000000
       1      36    2.354748935   -0.000000000
       1      37    2.806349690    0.000000000
       1      38    2.806351988    0.000000000
       1      39    3.147821005    0.000000000
       1      40    3.147816272    0.000000000
       1      41    3.588253916   -0.000000000
       1      42    3.588255200   -0.000000000
       1      43    4.148615729    0.000000000
       1      44    4.148616637    0.000000000
       1      45    5.409827293    0.000000000
       1      46    5.409823811    0.000000000
       1      47    4.551643859   -0.000000000
       1      48    4.551631659    0.000000000
       1      49    4.975489881    0.000000000
       1      50    4.975491621   -0.000000000
       1      51    4.951486296    0.000000000
       1      52    4.951484579   -0.000000000
       1      53    5.330234465   -0.000000000
       1      54    5.330236677   -0.000000000
       1      55    5.300640856   -0.000000000
       1      56    5.300655736   -0.000000000
       1      57    5.156725049    0.000000000
       1      58    5.156726069    0.000000000
       1      59    5.458688090    0.000000000
       1      60    5.458699918   -0.000000000
       1      61    5.829689048   -0.000000000
       1      62    5.829698922   -0.000000000
       1      63    6.427692012   -0.000000000
       1      64    6.427690880    0.000000000
       1      65   12.817652315    0.000000000
       1      66   12.817651629    0.000000000
       1      67   12.577796913    0.000000000
       1      68   12.577794664   -0.000000000
       1      69   13.623629998    0.000000000
       1      70   13.623626202    0.000000000
       1      71   13.765298235   -0.000000000
       1      72   13.765291055    0.000000000
       1      73   14.338482558   -0.000000000
       1      74   14.338478739    0.000000000
       1      75   14.399469204   -0.000000000
       1      76   14.399467394   -0.000000000
       1      77   14.205226606    0.000000000
       1      78   14.205223812   -0.000000000
       1      79   14.241121253    0.000000000
       1      80   14.241120137    0.000000000
       1      81   14.818745706    0.000000000
       1      82   14.818741816   -0.000000000
       1      83   14.599238246    0.000000000
       1      84   14.599236646    0.000000000
       1      85    8.018361963    0.000000000
       1      86    8.018361152    0.000000000
 -0.333333333  0.833333333  0.000000000      86       0
       1       1  -53.901778106    0.000000000
       1       2  -53.901778106   -0.000000000
       1       3  -53.890374125   -0.000000000
       1       4  -53.890374125   -0.000000000
       1       5  -26.737968006    0.000000000
       1       6  -26.737967976    0.000000000
       1       7  -26.715472717   -0.000000000
       1       8  -26.715472685    0.000000000
       1       9  -25.971206262    0.000000000
       1      10  -25.971206191   -0.000000000
       1      11  -25.939994005   -0.000000000
       1      12  -25.939993835   -0.000000000
       1      13  -25.910874823    0.000000000
       1      14  -25.910874331   -0.000000000
       1      15  -25.900931993   -0.000000000
       1      16  -25.900931598    0.000000000
       1      17   -4.995261832   -0.000000000
       1      18   -4.995261788   -0.000000000
       1      19   -4.497311976    0.000000000
       1      20   -4.497311930   -0.000000000
       1      21   -4.101152159   -0.000000000
       1      22   -4.101152160   -0.000000000
       1      23   -4.028698537   -0.000000000
       1      24   -4.028698510    0.000000000
       1      25   -3.800354488    0.000000000
       1      26   -3.800354464   -0.000000000
       1      27   -3.692149423    0.000000000
       1      28   -3.692149400    0.000000000
       1      29    1.285931483    0.000000000
       1      30    1.285931683   -0.000000000
       1      31    1.942389584   -0.000000000
       1      32    1.942390118    0.000000000
       1      33    1.938596873   -0.000000000
       1      34    1.938597872   -0.000000000
       1      35    2.361452134    0.000000000
       1      36    2.361458364    0.000000000
       1      37    2.805249656   -0.000000000
       1      38    2.805252392    0.000000000
       1      39    3.141545023    0.000000000
       1      40    3.141540646   -0.000000000
       1      41    3.596609145    0.000000000
       1      42    3.596610310   -0.000000000
       1      43    4.131520268   -0.000000000
       1      44    4.131520711   -0.000000000
       1      45    5.431253182   -0.000000000
       1      46    5.431250879    0.000000000
       1      47    4.542276048    0.000000000
       1      48    4.542267778   -0.000000000
       1      49    4.975385080    0.000000000
       1      50    4.975386956    0.000000000
       1      51    4.951809096    0.000000000
       1      52    4.951807115    0.000000000
       1      53    5.329243370    0.000000000
       1      54    5.329246164   -0.000000000
       1      55    5.289074465    0.000000000
       1      56    5.289088274   -0.000000000
       1      57    5.168596445   -0.000000000
       1      58    5.168594875   -0.000000000
       1      59    5.467072989   -0.000000000
       1      60    5.467083167    0.000000000
       1      61    5.820920889   -0.000000000
       1      62    5.820930551   -0.000000000
       1      63    6.427488822   -0.000000000
       1      64    6.427486972    0.000000000
       1      65   12.823737760   -0.000000000
       1      66   12.823736764    0.000000000
       1      67   12.563734918    0.000000000
       1      68   12.563733111    0.000000000
       1      69   13.637349607    0.000000000
       1      70   13.637351140   -0.000000000
       1      71   13.759057227   -0.000000000
       1      72   13.759056133    0.000000000
       1      73   14.337256553   -0.000000000
       1      74   14.337252976    0.000000000
       1      75   14.402808815   -0.000000000
       1      76   14.402807980    0.000000000
       1      77   14.211608870    0.000000000
       1      78   14.211606558   -0.000000000
       1      79   14.227012647   -0.000000000
       1      80   14.227010483    0.000000000
       1      81   14.828192099    0.000000000
       1      82   14.828186555    0.000000000
       1      83   14.597810920    0.000000000
       1      84   14.597808273   -0.000000000
       1      85    8.018593613   -0.000000000
       1      86    8.018594890   -0.000000000
 -0.500000000  0.666666667  0.000000000      86       0
       1       1  -53.901778107   -0.000000000
       1       2  -53.901778107   -0.000000000
       1       3  -53.890374125    0.000000000
       1       4  -53.890374125   -0.000000000
       1       5  -26.737968017    0.000000000
       1       6  -26.737967986   -0.000000000
       1       7  -26.715472717    0.000000000
       1       8  -26.715472684   -0.000000000
       1       9  -25.971206309   -0.000000000
       1      10  -25.971206235    0.000000000
       1      11  -25.939993980   -0.000000000
       1      12  -25.939993807   -0.000000000
       1      13  -25.910874856    0.000000000
       1      14  -25.910874362    0.000000000
       1      15  -25.900931930   -0.000000000
       1      16  -25.900931534    0.000000000
       1      17   -4.995261937   -0.000000000
       1      18   -4.995261893    0.000000000
       1      19   -4.497311793   -0.000000000
       1      20   -4.497311748   -0.000000000
       1      21   -4.101152203   -0.000000000
       1      22   -4.101152201   -0.000000000
       1      23   -4.028698670    0.000000000
       1      24   -4.028698644   -0.000000000
       1      25   -3.800354280   -0.000000000
       1      26   -3.800354256   -0.000000000
       1      27   -3.692149521   -0.000000000
       1      28   -3.692149498   -0.000000000
       1      29    1.285931525   -0.000000000
       1      30    1.285931721   -0.000000000
       1      31    1.942389781   -0.000000000
       1      32    1.942390214    0.000000000
       1      33    1.938597001   -0.000000000
       1      34    1.938597969    0.000000000
       1      35    2.361452221    0.000000000
       1      36    2.361458093    0.000000000
       1      37    2.805249543    0.000000000
       1      38    2.805252365   -0.000000000
       1      39    3.141544923    0.000000000
       1      40    3.141540823    0.000000000
       1      41    3.596609068    0.000000000
       1      42    3.596610348    0.000000000
       1      43    4.131520155    0.000000000
       1      44    4.131520737    0.000000000
       1      45    5.431253016    0.000000000
       1      46    5.431251550    0.000000000
       1      47    4.542275640   -0.000000000
       1      48    4.542266874    0.000000000
       1      49    4.975384089    0.000000000
       1      50    4.975387153   -0.000000000
       1      51    4.951809686    0.000000000
       1      52    4.951807615    0.000000000
       1      53    5.329243115   -0.000000000
       1      54    5.329245605    0.000000000
       1      55    5.289074002    0.000000000
       1      56    5.289088070   -0.000000000
       1      57    5.168596528   -0.000000000
       1      58    5.168595556    0.000000000
       1      59    5.467072548    0.000000000
       1      60    5.467083972    0.000000000
       1      61    5.820920583    0.000000000
       1      62    5.820930462    0.000000000
       1      63    6.427488981   -0.000000000
       1      64    6.427487320    0.000000000
       1      65   12.823736998   -0.000000000
       1      66   12.823735767    0.000000000
       1      67   12.563737775    0.000000000
       1      68   12.563735978    0.000000000
       1      69   13.637348741   -0.000000000
       1      70   13.637349988    0.000000000
       1      71   13.759056002   -0.000000000
       1      72   13.759054921   -0.000000000
       1      73   14.337256032   -0.000000000
       1      74   14.337252473   -0.000000000
       1      75   14.402809461   -0.000000000
       1      76   14.402808601    0.000000000
       1      77   14.211611805   -0.000000000
       1      78   14.211608755    0.000000000
       1      79   14.227010548    0.000000000
       1      80   14.227007614    0.000000000
       1      81   14.828189336    0.000000000
       1      82   14.828188986    0.000000000
       1      83   14.597810373    0.000000000
       1      84   14.597811515    0.000000000
       1      85    8.018592315   -0.000000000
       1      86    8.018593500   -0.000000000
 -0.500000000  0.833333333  0.000000000      86       0
       1       1  -53.901769816   -0.000000000
       1       2  -53.901769816   -0.000000000
       1       3  -53.890382105   -0.000000000
       1       4  -53.890382104    0.000000000
       1       5  -26.737962484    0.000000000
       1       6  -26.737962452   -0.000000000
       1       7  -26.715477928    0.000000000
       1       8  -26.715477895   -0.000000000
       1       9  -25.971201580   -0.000000000
       1      10  -25.971201507    0.000000000
       1      11  -25.940007504    0.000000000
       1      12  -25.940007331    0.000000000
       1      13  -25.910857470    0.000000000
       1      14  -25.910856973   -0.000000000
       1      15  -25.900938970   -0.000000000
       1      16  -25.900938573   -0.000000000
       1      17   -4.995255332   -0.000000000
       1      18   -4.995255288    0.000000000
       1      19   -4.497330912    0.000000000
       1      20   -4.497330866   -0.000000000
       1      21   -4.101332569   -0.000000000
       1      22   -4.101332560    0.000000000
       1      23   -4.028290758   -0.000000000
       1      24   -4.028290733   -0.000000000
       1      25   -3.800833242    0.000000000
       1      26   -3.800833218   -0.000000000
       1      27   -3.691886043    0.000000000
       1      28   -3.691886021    0.000000000
       1      29    1.285617607    0.000000000
       1      30    1.285617789   -0.000000000
       1      31    1.942948503    0.000000000
       1      32    1.942949029   -0.000000000
       1      33    1.941746881    0.000000000
       1      34    1.941747675   -0.000000000
       1      35    2.354743300   -0.000000000
       1      36    2.354748710   -0.000000000
       1      37    2.806349763   -0.000000000
       1      38    2.806351771    0.000000000
       1      39    3.147820820   -0.000000000
       1      40    3.147816307    0.000000000
       1      41    3.588253396   -0.000000000
       1      42    3.588255525    0.000000000
       1      43    4.148615685   -0.000000000
       1      44    4.148616533   -0.000000000
       1      45    5.409827329   -0.000000000
       1      46    5.409824376    0.000000000
       1      47    4.551643065    0.000000000
       1      48    4.551630859    0.000000000
       1      49    4.975489004   -0.000000000
       1      50    4.975491569    0.000000000
       1      51    4.951486749    0.000000000
       1      52    4.951485223   -0.000000000
       1      53    5.330234580   -0.000000000
       1      54    5.330236469    0.000000000
       1      55    5.300640654    0.000000000
       1      56    5.300654820   -0.000000000
       1      57    5.156726190    0.000000000
       1      58    5.156725832    0.000000000
       1      59    5.458688517    0.000000000
       1      60    5.458699902    0.000000000
       1      61    5.829688818    0.000000000
       1      62    5.829698401   -0.000000000
       1      63    6.427692411    0.000000000
       1      64    6.427691324   -0.000000000
       1      65   12.817651678   -0.000000000
       1      66   12.817650495    0.000000000
       1      67   12.577800067    0.000000000
       1      68   12.577797496   -0.000000000
       1      69   13.623628571   -0.000000000
       1      70   13.623624538    0.000000000
       1      71   13.765297681   -0.000000000
       1      72   13.765290222   -0.000000000
       1      73   14.338481725    0.000000000
       1      74   14.338478002    0.000000000
       1      75   14.399470411    0.000000000
       1      76   14.399468241   -0.000000000
       1      77   14.205229162   -0.000000000
       1      78   14.205225741   -0.000000000
       1      79   14.241119412    0.000000000
       1      80   14.241117262   -0.000000000
       1      81   14.818744627   -0.000000000
       1      82   14.818742492    0.000000000
       1      83   14.599238003    0.000000000
       1      84   14.599238743   -0.000000000
       1      85    8.018359531    0.000000000
       1      86    8.018364567    0.000000000
 -0.500000000  1.166666667  0.000000000      86       0
       1       1  -53.901769816    0.000000000
       1       2  -53.901769816   -0.000000000
       1       3  -53.890382104    0.000000000
       1       4  -53.890382104   -0.000000000
       1       5  -26.737962484   -0.000000000
       1       6  -26.737962453    0.000000000
       1       7  -26.715477929   -0.000000000
       1       8  -26.715477895   -0.000000000
       1       9  -25.971201580    0.000000000
       1      10  -25.971201507   -0.000000000
       1      11  -25.940007505   -0.000000000
       1      12  -25.940007330   -0.000000000
       1      13  -25.910857470    0.000000000
       1      14  -25.910856973   -0.000000000
       1      15  -25.900938971    0.000000000
       1      16  -25.900938573    0.000000000
       1      17   -4.995255332    0.000000000
       1      18   -4.995255288   -0.000000000
       1      19   -4.497330912    0.000000000
       1      20   -4.497330866    0.000000000
       1      21   -4.101332569    0.000000000
       1      22   -4.101332560    0.000000000
       1      23   -4.028290758   -0.000000000
       1      24   -4.028290734    0.000000000
       1      25   -3.800833242   -0.000000000
       1      26   -3.800833219    0.000000000
       1      27   -3.691886042   -0.000000000
       1      28   -3.691886021    0.000000000
       1      29    1.285617607    0.000000000
       1      30    1.285617789   -0.000000000
       1      31    1.942948504   -0.000000000
       1      32    1.942949030    0.000000000
       1      33    1.941746885    0.000000000
       1      34    1.941747675    0.000000000
       1      35    2.354743299   -0.000000000
       1      36    2.354748711    0.000000000
       1      37    2.806349765    0.000000000
       1      38    2.806351773    0.000000000
       1      39    3.147820821   -0.000000000
       1      40    3.147816309   -0.000000000
       1      41    3.588253395    0.000000000
       1      42    3.588255525    0.000000000
       1      43    4.148615690    0.000000000
       1      44    4.148616536    0.000000000
       1      45    5.409827331    0.000000000
       1      46    5.409824376   -0.000000000
       1      47    4.551643067    0.000000000
       1      48    4.551630857    0.000000000
       1      49    4.975489006   -0.000000000
       1      50    4.975491570   -0.000000000
       1      51    4.951486754    0.000000000
       1      52    4.951485224    0.000000000
       1      53    5.330234574    0.000000000
       1      54    5.330236479    0.000000000
       1      55    5.300640657    0.000000000
       1      56    5.300654822    0.000000000
       1      57    5.156726190   -0.000000000
       1      58    5.156725831   -0.000000000
       1      59    5.458688521    0.000000000
       1      60    5.458699902   -0.000000000
       1      61    5.829688823    0.000000000
       1      62    5.829698404   -0.000000000
       1      63    6.427692411    0.000000000
       1      64    6.427691326   -0.000000000
       1      65   12.817651676   -0.000000000
       1      66   12.817650591    0.000000000
       1      67   12.577800062   -0.000000000
       1      68   12.577797684   -0.000000000
       1      69   13.623628586    0.000000000
       1      70   13.623624515    0.000000000
       1      71   13.765297622   -0.000000000
       1      72   13.765290188    0.000000000
       1      73   14.338481743    0.000000000
       1      74   14.338478042   -0.000000000
       1      75   14.399470411   -0.000000000
       1      76   14.399468201    0.000000000
       1      77   14.205229054   -0.000000000
       1      78   14.205226125   -0.000000000
       1      79   14.241118940    0.000000000
       1      80   14.241117088   -0.000000000
       1      81   14.818744421   -0.000000000
       1      82   14.818742536    0.000000000
       1      83   14.599237875   -0.000000000
       1      84   14.599238665   -0.000000000
       1      85    8.018359760   -0.000000000
       1      86    8.018360988   -0.000000000
 -0.500000000  1.333333333  0.000000000      86       0
       1       1  -53.901778107   -0.000000000
       1       2  -53.901778107   -0.000000000
       1       3  -53.890374125    0.000000000
       1       4  -53.890374125   -0.000000000
       1       5  -26.737968017   -0.000000000
       1       6  -26.737967986   -0.000000000
       1       7  -26.715472716   -0.000000000
       1       8  -26.715472684    0.000000000
       1       9  -25.971206308   -0.000000000
       1      10  -25.971206234   -0.000000000
       1      11  -25.939993980    0.000000000
       1      12  -25.939993807   -0.000000000
       1      13  -25.910874856    0.000000000
       1      14  -25.910874362   -0.000000000
       1      15  -25.900931929   -0.000000000
       1      16  -25.900931534    0.000000000
       1      17   -4.995261938   -0.000000000
       1      18   -4.995261893   -0.000000000
       1      19   -4.497311793    0.000000000
       1      20   -4.497311748    0.000000000
       1      21   -4.101152203    0.000000000
       1      22   -4.101152202    0.000000000
       1      23   -4.028698670   -0.000000000
       1      24   -4.028698645   -0.000000000
       1      25   -3.800354280    0.000000000
       1      26   -3.800354255    0.000000000
       1      27   -3.692149522    0.000000000
       1      28   -3.692149498   -0.000000000
       1      29    1.285931525    0.000000000
       1      30    1.285931720    0.000000000
       1      31    1.942389781    0.000000000
       1      32    1.942390215   -0.000000000
       1      33    1.938597000   -0.000000000
       1      34    1.938597967    0.000000000
       1      35    2.361452222    0.000000000
       1      36    2.361458091    0.000000000
       1      37    2.805249537    0.000000000
       1      38    2.805252363   -0.000000000
       1      39    3.141544923   -0.000000000
       1      40    3.141540820    0.000000000
       1      41    3.596609067   -0.000000000
       1      42    3.596610346   -0.000000000
       1      43    4.131520157    0.000000000
       1      44    4.131520735    0.000000000
       1      45    5.431253015    0.000000000
       1      46    5.431251550   -0.000000000
       1      47    4.542275636   -0.000000000
       1      48    4.542266872   -0.000000000
       1      49    4.975384089    0.000000000
       1      50    4.975387149    0.000000000
       1      51    4.951809683   -0.000000000
       1      52    4.951807616   -0.000000000
       1      53    5.329243114    0.000000000
       1      54    5.329245609   -0.000000000
       1      55    5.289074006    0.000000000
       1      56    5.289088074    0.000000000
       1      57    5.168596527   -0.000000000
       1      58    5.168595552   -0.000000000
       1      59    5.467072547   -0.000000000
       1      60    5.467083975   -0.000000000
       1      61    5.820920584    0.000000000
       1      62    5.820930465   -0.000000000
       1      63    6.427488990    0.000000000
       1      64    6.427487331    0.000000000
       1      65   12.823737042   -0.000000000
       1      66   12.823735795   -0.000000000
       1      67   12.563737796   -0.000000000
       1      68   12.563735943    0.000000000
       1      69   13.637348728    0.000000000
       1      70   13.637350042    0.000000000
       1      71   13.759056058   -0.000000000
       1      72   13.759054928    0.000000000
       1      73   14.337256010   -0.000000000
       1      74   14.337252457    0.000000000
       1      75   14.402809453    0.000000000
       1      76   14.402808597    0.000000000
       1      77   14.211612066    0.000000000
       1      78   14.211608529   -0.000000000
       1      79   14.227010141   -0.000000000
       1      80   14.227008192    0.000000000
       1      81   14.828189043   -0.000000000
       1      82   14.828188957   -0.000000000
       1      83   14.597809719   -0.000000000
       1      84   14.597811549    0.000000000
       1      85    8.018590851    0.000000000
       1      86    8.018593479    0.000000000
 -0.666666667  1.166666667  0.000000000      86       0
       1       1  -53.901778107   -0.000000000
       1       2  -53.901778107    0.000000000
       1       3  -53.890374125   -0.000000000
       1       4  -53.890374125    0.000000000
       1       5  -26.737968006   -0.000000000
       1       6  -26.737967977   -0.000000000
       1       7  -26.715472717   -0.000000000
       1       8  -26.715472685    0.000000000
       1       9  -25.971206262    0.000000000
       1      10  -25.971206190   -0.000000000
       1      11  -25.939994004   -0.000000000
       1      12  -25.939993835   -0.000000000
       1      13  -25.910874824    0.000000000
       1      14  -25.910874331   -0.000000000
       1      15  -25.900931993    0.000000000
       1      16  -25.900931599    0.000000000
       1      17   -4.995261832    0.000000000
       1      18   -4.995261788   -0.000000000
       1      19   -4.497311975   -0.000000000
       1      20   -4.497311929    0.000000000
       1      21   -4.101152159    0.000000000
       1      22   -4.101152159    0.000000000
       1      23   -4.028698537    0.000000000
       1      24   -4.028698510   -0.000000000
       1      25   -3.800354488   -0.000000000
       1      26   -3.800354464    0.000000000
       1      27   -3.692149422   -0.000000000
       1      28   -3.692149400    0.000000000
       1      29    1.285931483    0.000000000
       1      30    1.285931684    0.000000000
       1      31    1.942389586    0.000000000
       1      32    1.942390116   -0.000000000
       1      33    1.938596875    0.000000000
       1      34    1.938597874    0.000000000
       1      35    2.361452133   -0.000000000
       1      36    2.361458364    0.000000000
       1      37    2.805249656   -0.000000000
       1      38    2.805252392   -0.000000000
       1      39    3.141545021    0.000000000
       1      40    3.141540648   -0.000000000
       1      41    3.596609141    0.000000000
       1      42    3.596610310   -0.000000000
       1      43    4.131520264    0.000000000
       1      44    4.131520712    0.000000000
       1      45    5.431253177    0.000000000
       1      46    5.431250880   -0.000000000
       1      47    4.542276044    0.000000000
       1      48    4.542267775    0.000000000
       1      49    4.975385088   -0.000000000
       1      50    4.975386956    0.000000000
       1      51    4.951809098   -0.000000000
       1      52    4.951807112   -0.000000000
       1      53    5.329243365    0.000000000
       1      54    5.329246168    0.000000000
       1      55    5.289074469    0.000000000
       1      56    5.289088275   -0.000000000
       1      57    5.168596445    0.000000000
       1      58    5.168594881    0.000000000
       1      59    5.467072987    0.000000000
       1      60    5.467083172    0.000000000
       1      61    5.820920887   -0.000000000
       1      62    5.820930550   -0.000000000
       1      63    6.427488825   -0.000000000
       1      64    6.427486971    0.000000000
       1      65   12.823737700   -0.000000000
       1      66   12.823736683    0.000000000
       1      67   12.563734869   -0.000000000
       1      68   12.563733131   -0.000000000
       1      69   13.637349593   -0.000000000
       1      70   13.637351100   -0.000000000
       1      71   13.759057016    0.000000000
       1      72   13.759056122    0.000000000
       1      73   14.337256575   -0.000000000
       1      74   14.337252962   -0.000000000
       1      75   14.402808806    0.000000000
       1      76   14.402807970   -0.000000000
       1      77   14.211609139    0.000000000
       1      78   14.211606799    0.000000000
       1      79   14.227013190    0.000000000
       1      80   14.227011413    0.000000000
       1      81   14.828192042   -0.000000000
       1      82   14.828186867   -0.000000000
       1      83   14.597810964   -0.000000000
       1      84   14.597808683   -0.000000000
       1      85    8.018591897    0.000000000
       1      86    8.018592438    0.000000000
 -0.666666667  1.500000000  0.000000000      86       0
       1       1  -53.901769816   -0.000000000
       1       2  -53.901769816    0.000000000
       1       3  -53.890382104    0.000000000
       1       4  -53.890382104   -0.000000000
       1       5  -26.737962472    0.000000000
       1       6  -26.737962443   -0.000000000
       1       7  -26.715477930   -0.000000000
       1       8  -26.715477897   -0.000000000
       1       9  -25.971201533   -0.000000000
       1      10  -25.971201463    0.000000000
       1      11  -25.940007531   -0.000000000
       1      12  -25.940007365   -0.000000000
       1      13  -25.910857436   -0.000000000
       1      14  -25.910856948   -0.000000000
       1      15  -25.900939025   -0.000000000
       1      16  -25.900938634    0.000000000
       1      17   -4.995255333   -0.000000000
       1      18   -4.995255289    0.000000000
       1      19   -4.497330853   -0.000000000
       1      20   -4.497330807   -0.000000000
       1      21   -4.101332612    0.000000000
       1      22   -4.101332610   -0.000000000
       1      23   -4.028290696   -0.000000000
       1      24   -4.028290670    0.000000000
       1      25   -3.800833304   -0.000000000
       1      26   -3.800833279   -0.000000000
       1      27   -3.691886063    0.000000000
       1      28   -3.691886040   -0.000000000
       1      29    1.285617550   -0.000000000
       1      30    1.285617742    0.000000000
       1      31    1.942948285    0.000000000
       1      32    1.942948851    0.000000000
       1      33    1.941746700    0.000000000
       1      34    1.941747416    0.000000000
       1      35    2.354743320    0.000000000
       1      36    2.354748937    0.000000000
       1      37    2.806349689    0.000000000
       1      38    2.806351987    0.000000000
       1      39    3.147821006    0.000000000
       1      40    3.147816270    0.000000000
       1      41    3.588253914    0.000000000
       1      42    3.588255202    0.000000000
       1      43    4.148615730    0.000000000
       1      44    4.148616636    0.000000000
       1      45    5.409827291    0.000000000
       1      46    5.409823809    0.000000000
       1      47    4.551643859    0.000000000
       1      48    4.551631658   -0.000000000
       1      49    4.975489879   -0.000000000
       1      50    4.975491627    0.000000000
       1      51    4.951486289    0.000000000
       1      52    4.951484580    0.000000000
       1      53    5.330234463    0.000000000
       1      54    5.330236674   -0.000000000
       1      55    5.300640852    0.000000000
       1      56    5.300655733    0.000000000
       1      57    5.156725055    0.000000000
       1      58    5.156726057    0.000000000
       1      59    5.458688088   -0.000000000
       1      60    5.458699913   -0.000000000
       1      61    5.829689042   -0.000000000
       1      62    5.829698917    0.000000000
       1      63    6.427692009    0.000000000
       1      64    6.427690874   -0.000000000
       1      65   12.817652222    0.000000000
       1      66   12.817651546    0.000000000
       1      67   12.577796927   -0.000000000
       1      68   12.577794637   -0.000000000
       1      69   13.623630055   -0.000000000
       1      70   13.623626263   -0.000000000
       1      71   13.765298190    0.000000000
       1      72   13.765291241   -0.000000000
       1      73   14.338482574   -0.000000000
       1      74   14.338478721   -0.000000000
       1      75   14.399469244    0.000000000
       1      76   14.399467416   -0.000000000
       1      77   14.205226851   -0.000000000
       1      78   14.205223592    0.000000000
       1      79   14.241121817   -0.000000000
       1      80   14.241119950    0.000000000
       1      81   14.818745722    0.000000000
       1      82   14.818741699   -0.000000000
       1      83   14.599238319    0.000000000
       1      84   14.599236697    0.000000000
       1      85    8.018361457   -0.000000000
       1      86    8.018362615   -0.000000000
 -0.833333333  1.333333333  0.000000000      86       0
       1       1  -53.901769815    0.000000000
       1       2  -53.901769815    0.000000000
       1       3  -53.890382106    0.000000000
       1       4  -53.890382106   -0.000000000
       1       5  -26.737962449   -0.000000000
       1       6  -26.737962418   -0.000000000
       1       7  -26.715477968    0.000000000
       1       8  -26.715477936   -0.000000000
       1       9  -25.971201451    0.000000000
       1      10  -25.971201377    0.000000000
       1      11  -25.940007812    0.000000000
       1      12  -25.940007642    0.000000000
       1      13  -25.910857668   -0.000000000
       1      14  -25.910857177    0.000000000
       1      15  -25.900938581   -0.000000000
       1      16  -25.900938187   -0.000000000
       1      17   -4.995255261   -0.000000000
       1      18   -4.995255218   -0.000000000
       1      19   -4.497330800    0.000000000
       1      20   -4.497330754   -0.000000000
       1      21   -4.101332817    0.000000000
       1      22   -4.101332811    0.000000000
       1      23   -4.028290598   -0.000000000
       1      24   -4.028290571   -0.000000000
       1      25   -3.800833302    0.000000000
       1      26   -3.800833278   -0.000000000
       1      27   -3.691886113   -0.000000000
       1      28   -3.691886091   -0.000000000
       1      29    1.285617499    0.000000000
       1      30    1.285617690   -0.000000000
       1      31    1.942948290   -0.000000000
       1      32    1.942948907   -0.000000000
       1      33    1.941747113   -0.000000000
       1      34    1.941747869   -0.000000000
       1      35    2.354742859    0.000000000
       1      36    2.354748727    0.000000000
       1      37    2.806349876   -0.000000000
       1      38    2.806351914   -0.000000000
       1      39    3.147820784   -0.000000000
       1      40    3.147815843   -0.000000000
       1      41    3.588253135    0.000000000
       1      42    3.588254887    0.000000000
       1      43    4.148615081    0.000000000
       1      44    4.148615310    0.000000000
       1      45    5.409828817    0.000000000
       1      46    5.409824475   -0.000000000
       1      47    4.551644529   -0.000000000
       1      48    4.551630613    0.000000000
       1      49    4.975490316    0.000000000
       1      50    4.975491627   -0.000000000
       1      51    4.951486885   -0.000000000
       1      52    4.951485463    0.000000000
       1      53    5.330235204   -0.000000000
       1      54    5.330237267    0.000000000
       1      55    5.300641132    0.000000000
       1      56    5.300655124    0.000000000
       1      57    5.156725872    0.000000000
       1      58    5.156725417   -0.000000000
       1      59    5.458689076    0.000000000
       1      60    5.458699575    0.000000000
       1      61    5.829689273   -0.000000000
       1      62    5.829698597    0.000000000
       1      63    6.427692200    0.000000000
       1      64    6.427690745    0.000000000
       1      65   12.817651930   -0.000000000
       1      66   12.817650943   -0.000000000
       1      67   12.577797632    0.000000000
       1      68   12.577795330    0.000000000
       1      69   13.623632614    0.000000000
       1      70   13.623627913   -0.000000000
       1      71   13.765294849   -0.000000000
       1      72   13.765287397    0.000000000
       1      73   14.338485530    0.000000000
       1      74   14.338481603   -0.000000000
       1      75   14.399467022    0.000000000
       1      76   14.399465213   -0.000000000
       1      77   14.205227838    0.000000000
       1      78   14.205225983   -0.000000000
       1      79   14.241120574   -0.000000000
       1      80   14.241118677   -0.000000000
       1      81   14.818746650    0.000000000
       1      82   14.818739912   -0.000000000
       1      83   14.599238586   -0.000000000
       1      84   14.599235440    0.000000000
       1      85    8.018360972    0.000000000
       1      86    8.018363478    0.000000000
 -0.833333333  1.500000000  0.000000000      86       0
       1       1  -53.901778106    0.000000000
       1       2  -53.901778105    0.000000000
       1       3  -53.890374127   -0.000000000
       1       4  -53.890374126   -0.000000000
       1       5  -26.737967981    0.000000000
       1       6  -26.737967952   -0.000000000
       1       7  -26.715472756    0.000000000
       1       8  -26.715472723    0.000000000
       1       9  -25.971206176    0.000000000
       1      10  -25.971206106   -0.000000000
       1      11  -25.939994286   -0.000000000
       1      12  -25.939994118   -0.000000000
       1      13  -25.910875053   -0.000000000
       1      14  -25.910874564   -0.000000000
       1      15  -25.900931542   -0.000000000
       1      16  -25.900931151   -0.000000000
       1      17   -4.995261847   -0.000000000
       1      18   -4.995261803   -0.000000000
       1      19   -4.497311721    0.000000000
       1      20   -4.497311676   -0.000000000
       1      21   -4.101152424    0.000000000
       1      22   -4.101152419   -0.000000000
       1      23   -4.028698533   -0.000000000
       1      24   -4.028698508   -0.000000000
       1      25   -3.800354340   -0.000000000
       1      26   -3.800354317    0.000000000
       1      27   -3.692149575   -0.000000000
       1      28   -3.692149555   -0.000000000
       1      29    1.285931418    0.000000000
       1      30    1.285931607    0.000000000
       1      31    1.942389706    0.000000000
       1      32    1.942390185   -0.000000000
       1      33    1.938597301    0.000000000
       1      34    1.938598318    0.000000000
       1      35    2.361451609    0.000000000
       1      36    2.361457590    0.000000000
       1      37    2.805249741    0.000000000
       1      38    2.805252327    0.000000000
       1      39    3.141544853    0.000000000
       1      40    3.141540780    0.000000000
       1      41    3.596608435   -0.000000000
       1      42    3.596610332   -0.000000000
       1      43    4.131519455    0.000000000
       1      44    4.131519539    0.000000000
       1      45    5.431254032   -0.000000000
       1      46    5.431251878    0.000000000
       1      47    4.542276240    0.000000000
       1      48    4.542267558   -0.000000000
       1      49    4.975385249    0.000000000
       1      50    4.975387408    0.000000000
       1      51    4.951809665    0.000000000
       1      52    4.951807955    0.000000000
       1      53    5.329244005    0.000000000
       1      54    5.329246085    0.000000000
       1      55    5.289074851    0.000000000
       1      56    5.289088205    0.000000000
       1      57    5.168597010   -0.000000000
       1      58    5.168594208   -0.000000000
       1      59    5.467073451    0.000000000
       1      60    5.467083342   -0.000000000
       1      61    5.820920855   -0.000000000
       1      62    5.820930490    0.000000000
       1      63    6.427488742    0.000000000
       1      64    6.427487020    0.000000000
       1      65   12.823737547    0.000000000
       1      66   12.823735956    0.000000000
       1      67   12.563735676   -0.000000000
       1      68   12.563733717    0.000000000
       1      69   13.637351980   -0.000000000
       1      70   13.637353358    0.000000000
       1      71   13.759053704   -0.000000000
       1      72   13.759052198    0.000000000
       1      73   14.337259592   -0.000000000
       1      74   14.337256010    0.000000000
       1      75   14.402806405   -0.000000000
       1      76   14.402805536    0.000000000
       1      77   14.211610498    0.000000000
       1      78   14.211608308    0.000000000
       1      79   14.227011122    0.000000000
       1      80   14.227009887    0.000000000
       1      81   14.828191099   -0.000000000
       1      82   14.828186750    0.000000000
       1      83   14.597808935   -0.000000000
       1      84   14.597810067    0.000000000
       1      85    8.018589759    0.000000000
       1      86    8.018591531    0.000000000
