2026-04-25 13:47:28,754 jax._src.dispatch WARNING: Finished tracing + transforming convert_element_type for pjit in 0.000277758 sec
2026-04-25 13:47:28,755 jax._src.pjit WARNING: TRACING CACHE MISS at /global/homes/j/jackm/software/lorrax_B/src/psp/scf_potential.py:147:12 (build_rho_val_from_wfn) because:
  never seen function:
    convert_element_type id=140534759894816 defined at /opt/jax/jax/_src/dispatch.py:96
2026-04-25 13:47:28,756 jax._src.interpreters.pxla WARNING: Compiling convert_element_type with global shapes and types [ShapedArray(float64[])]. Argument mapping: (UnspecifiedValue,).
2026-04-25 13:47:28,869 jax._src.dispatch WARNING: Finished jaxpr to MLIR module conversion jit(convert_element_type) in 0.113073349 sec
2026-04-25 13:47:28,913 jax._src.compiler WARNING: Persistent compilation cache hit for 'jit_convert_element_type' with key 'jit_convert_element_type-9f6400ec2bbf30b8b2ff2f5ab761f4311ef1e98b3cab21337e22dd06855a3cc6'
2026-04-25 13:47:28,913 jax._src.dispatch WARNING: Finished XLA compilation of jit(convert_element_type) in 0.043487549 sec
2026-04-25 13:47:28,941 jax._src.dispatch WARNING: Finished tracing + transforming broadcast_in_dim for pjit in 0.000236988 sec
2026-04-25 13:47:28,941 jax._src.pjit WARNING: TRACING CACHE MISS at /global/homes/j/jackm/software/lorrax_B/src/psp/scf_potential.py:147:12 (build_rho_val_from_wfn) because:
  never seen function:
    broadcast_in_dim id=140534756774816 defined at /opt/jax/jax/_src/dispatch.py:96
  but seen another function defined on the same line; maybe the function is
  being re-defined repeatedly, preventing caching?
2026-04-25 13:47:28,942 jax._src.interpreters.pxla WARNING: Compiling broadcast_in_dim with global shapes and types [ShapedArray(float64[])]. Argument mapping: (UnspecifiedValue,).
2026-04-25 13:47:28,944 jax._src.dispatch WARNING: Finished jaxpr to MLIR module conversion jit(broadcast_in_dim) in 0.001833439 sec
2026-04-25 13:47:28,955 jax._src.compiler WARNING: Persistent compilation cache hit for 'jit_broadcast_in_dim' with key 'jit_broadcast_in_dim-6714caa19902f97639613f1374641dfbcaf1aeaab22999a0e01462ba7015fa25'
2026-04-25 13:47:28,955 jax._src.dispatch WARNING: Finished XLA compilation of jit(broadcast_in_dim) in 0.011278629 sec
2026-04-25 13:47:28,979 jax._src.dispatch WARNING: Finished tracing + transforming _moveaxis for pjit in 0.000140190 sec
2026-04-25 13:47:28,979 jax._src.interpreters.pxla WARNING: Compiling _moveaxis with global shapes and types [ShapedArray(complex128[26,2,24,24,80])]. Argument mapping: (UnspecifiedValue,).
2026-04-25 13:47:28,981 jax._src.dispatch WARNING: Finished jaxpr to MLIR module conversion jit(_moveaxis) in 0.001846313 sec
2026-04-25 13:47:28,988 jax._src.compiler WARNING: Persistent compilation cache hit for 'jit__moveaxis' with key 'jit__moveaxis-9b3969141e9aabec9178cb34847793530bdf27af4f02c2c8236587abe288b497'
2026-04-25 13:47:28,988 jax._src.dispatch WARNING: Finished XLA compilation of jit(_moveaxis) in 0.006466866 sec
2026-04-25 13:47:28,992 jax._src.dispatch WARNING: Finished tracing + transforming fft for pjit in 0.000216484 sec
2026-04-25 13:47:28,992 jax._src.pjit WARNING: TRACING CACHE MISS at /global/homes/j/jackm/software/lorrax_B/src/psp/scf_potential.py:153:16 (build_rho_val_from_wfn) because:
  never seen function:
    fft id=140536344691712 defined at /opt/jax/jax/_src/lax/fft.py:68
2026-04-25 13:47:28,992 jax._src.interpreters.pxla WARNING: Compiling fft with global shapes and types [ShapedArray(complex128[26,2,24,24,80])]. Argument mapping: (UnspecifiedValue,).
2026-04-25 13:47:28,995 jax._src.dispatch WARNING: Finished jaxpr to MLIR module conversion jit(fft) in 0.002548933 sec
2026-04-25 13:47:29,004 jax._src.compiler WARNING: Persistent compilation cache hit for 'jit_fft' with key 'jit_fft-5572fbc71968835758c29c5a6ea5f6bb922da88698500467a0b30fa9841b5013'
2026-04-25 13:47:29,004 jax._src.dispatch WARNING: Finished XLA compilation of jit(fft) in 0.008609533 sec
2026-04-25 13:47:29,516 jax._src.dispatch WARNING: Finished tracing + transforming convert_element_type for pjit in 0.000202656 sec
2026-04-25 13:47:29,516 jax._src.pjit WARNING: TRACING CACHE MISS at /global/homes/j/jackm/software/lorrax_B/src/psp/scf_potential.py:153:16 (build_rho_val_from_wfn) because:
  never seen function:
    convert_element_type id=140534756668448 defined at /opt/jax/jax/_src/dispatch.py:96
  but seen another function defined on the same line; maybe the function is
  being re-defined repeatedly, preventing caching?
2026-04-25 13:47:29,516 jax._src.interpreters.pxla WARNING: Compiling convert_element_type with global shapes and types [ShapedArray(complex128[3])]. Argument mapping: (UnspecifiedValue,).
2026-04-25 13:47:29,518 jax._src.dispatch WARNING: Finished jaxpr to MLIR module conversion jit(convert_element_type) in 0.002100706 sec
2026-04-25 13:47:29,528 jax._src.compiler WARNING: Persistent compilation cache hit for 'jit_convert_element_type' with key 'jit_convert_element_type-cdd752ca98507fbd49641e36509530c06e00a219ca754020aa9ae3eb7a152f5b'
2026-04-25 13:47:29,528 jax._src.dispatch WARNING: Finished XLA compilation of jit(convert_element_type) in 0.009106874 sec
2026-04-25 13:47:29,529 jax._src.dispatch WARNING: Finished tracing + transforming _reduce_prod for pjit in 0.000447035 sec
2026-04-25 13:47:29,530 jax._src.interpreters.pxla WARNING: Compiling _reduce_prod with global shapes and types [ShapedArray(complex128[3])]. Argument mapping: (UnspecifiedValue,).
2026-04-25 13:47:29,535 jax._src.dispatch WARNING: Finished jaxpr to MLIR module conversion jit(_reduce_prod) in 0.005129814 sec
2026-04-25 13:47:29,554 jax._src.compiler WARNING: Persistent compilation cache hit for 'jit__reduce_prod' with key 'jit__reduce_prod-2e16ca64e707523c447815c124542b8e4d207a620ab96a20bee1bf485e434cff'
2026-04-25 13:47:29,554 jax._src.dispatch WARNING: Finished XLA compilation of jit(_reduce_prod) in 0.018433332 sec
2026-04-25 13:47:29,555 jax._src.dispatch WARNING: Finished tracing + transforming sqrt for pjit in 0.000214100 sec
2026-04-25 13:47:29,555 jax._src.interpreters.pxla WARNING: Compiling sqrt with global shapes and types [ShapedArray(complex128[])]. Argument mapping: (UnspecifiedValue,).
2026-04-25 13:47:29,557 jax._src.dispatch WARNING: Finished jaxpr to MLIR module conversion jit(sqrt) in 0.001607895 sec
2026-04-25 13:47:29,567 jax._src.compiler WARNING: Persistent compilation cache hit for 'jit_sqrt' with key 'jit_sqrt-9e8201ef92e6f1911d98d70d4b72902fb55401f656bbb3efe11fa3daaeca12bb'
2026-04-25 13:47:29,567 jax._src.dispatch WARNING: Finished XLA compilation of jit(sqrt) in 0.009803295 sec
2026-04-25 13:47:29,569 jax._src.dispatch WARNING: Finished tracing + transforming multiply for pjit in 0.000387430 sec
2026-04-25 13:47:29,569 jax._src.interpreters.pxla WARNING: Compiling multiply with global shapes and types [ShapedArray(complex128[26,2,24,24,80]), ShapedArray(complex128[])]. Argument mapping: (UnspecifiedValue, UnspecifiedValue).
2026-04-25 13:47:29,571 jax._src.dispatch WARNING: Finished jaxpr to MLIR module conversion jit(multiply) in 0.001841307 sec
2026-04-25 13:47:29,579 jax._src.compiler WARNING: Persistent compilation cache hit for 'jit_multiply' with key 'jit_multiply-48c5c40357617c3d0c632138fbab06d025ad78ce3030293db2f9648ee54863a6'
2026-04-25 13:47:29,579 jax._src.dispatch WARNING: Finished XLA compilation of jit(multiply) in 0.007503748 sec
2026-04-25 13:47:29,580 jax._src.dispatch WARNING: Finished tracing + transforming _moveaxis for pjit in 0.000104427 sec
2026-04-25 13:47:29,581 jax._src.interpreters.pxla WARNING: Compiling _moveaxis with global shapes and types [ShapedArray(complex128[26,2,24,24,80])]. Argument mapping: (UnspecifiedValue,).
2026-04-25 13:47:29,583 jax._src.dispatch WARNING: Finished jaxpr to MLIR module conversion jit(_moveaxis) in 0.001831055 sec
2026-04-25 13:47:29,587 jax._src.compiler WARNING: Persistent compilation cache hit for 'jit__moveaxis' with key 'jit__moveaxis-9b3969141e9aabec9178cb34847793530bdf27af4f02c2c8236587abe288b497'
2026-04-25 13:47:29,587 jax._src.dispatch WARNING: Finished XLA compilation of jit(_moveaxis) in 0.003670216 sec
2026-04-25 13:47:29,588 jax._src.dispatch WARNING: Finished tracing + transforming absolute for pjit in 0.000188351 sec
2026-04-25 13:47:29,588 jax._src.dispatch WARNING: Finished tracing + transforming abs for pjit in 0.000547886 sec
2026-04-25 13:47:29,588 jax._src.interpreters.pxla WARNING: Compiling abs with global shapes and types [ShapedArray(complex128[26,2,24,24,80])]. Argument mapping: (UnspecifiedValue,).
2026-04-25 13:47:29,591 jax._src.dispatch WARNING: Finished jaxpr to MLIR module conversion jit(abs) in 0.002008915 sec
2026-04-25 13:47:29,596 jax._src.compiler WARNING: Persistent compilation cache hit for 'jit_abs' with key 'jit_abs-5eabe7ec17196178237ee58b9ed94d38722b2dcb61296b4cbaf4d94156abc934'
2026-04-25 13:47:29,596 jax._src.dispatch WARNING: Finished XLA compilation of jit(abs) in 0.005467176 sec
2026-04-25 13:47:29,598 jax._src.dispatch WARNING: Finished tracing + transforming integer_pow for pjit in 0.000163317 sec
2026-04-25 13:47:29,598 jax._src.pjit WARNING: TRACING CACHE MISS at /global/homes/j/jackm/software/lorrax_B/src/psp/scf_potential.py:154:32 (build_rho_val_from_wfn) because:
  never seen function:
    integer_pow id=140534755379456 defined at /opt/jax/jax/_src/dispatch.py:96
2026-04-25 13:47:29,598 jax._src.interpreters.pxla WARNING: Compiling integer_pow with global shapes and types [ShapedArray(float64[26,2,24,24,80])]. Argument mapping: (UnspecifiedValue,).
2026-04-25 13:47:29,601 jax._src.dispatch WARNING: Finished jaxpr to MLIR module conversion jit(integer_pow) in 0.002887487 sec
2026-04-25 13:47:29,610 jax._src.compiler WARNING: Persistent compilation cache hit for 'jit_integer_pow' with key 'jit_integer_pow-d756e5200b41f20f1adc7382faafbea73a30d93a1afc280677e9869fb943dae2'
2026-04-25 13:47:29,610 jax._src.dispatch WARNING: Finished XLA compilation of jit(integer_pow) in 0.008973837 sec
2026-04-25 13:47:29,612 jax._src.dispatch WARNING: Finished tracing + transforming _reduce_sum for pjit in 0.000402689 sec
2026-04-25 13:47:29,612 jax._src.interpreters.pxla WARNING: Compiling _reduce_sum with global shapes and types [ShapedArray(float64[26,2,24,24,80])]. Argument mapping: (UnspecifiedValue,).
2026-04-25 13:47:29,614 jax._src.dispatch WARNING: Finished jaxpr to MLIR module conversion jit(_reduce_sum) in 0.002086401 sec
2026-04-25 13:47:29,621 jax._src.compiler WARNING: Persistent compilation cache hit for 'jit__reduce_sum' with key 'jit__reduce_sum-d51b50b71bd8fbd27823de086e02e1710141dacf02830d8dcb3d738546914d83'
2026-04-25 13:47:29,621 jax._src.dispatch WARNING: Finished XLA compilation of jit(_reduce_sum) in 0.006140471 sec
2026-04-25 13:47:29,622 jax._src.dispatch WARNING: Finished tracing + transforming add for pjit in 0.000252962 sec
2026-04-25 13:47:29,622 jax._src.interpreters.pxla WARNING: Compiling add with global shapes and types [ShapedArray(float64[24,24,80]), ShapedArray(float64[24,24,80])]. Argument mapping: (UnspecifiedValue, UnspecifiedValue).
2026-04-25 13:47:29,624 jax._src.dispatch WARNING: Finished jaxpr to MLIR module conversion jit(add) in 0.001985788 sec
2026-04-25 13:47:29,631 jax._src.compiler WARNING: Persistent compilation cache hit for 'jit_add' with key 'jit_add-52a3c494e4c1eabe3531b66305b7f27116099e08edef926c04c3d400c676a13f'
2026-04-25 13:47:29,631 jax._src.dispatch WARNING: Finished XLA compilation of jit(add) in 0.006741285 sec
2026-04-25 13:47:29,743 jax._src.dispatch WARNING: Finished tracing + transforming multiply for pjit in 0.000327587 sec
2026-04-25 13:47:29,743 jax._src.interpreters.pxla WARNING: Compiling multiply with global shapes and types [ShapedArray(float64[24,24,80]), ShapedArray(float64[], weak_type=True)]. Argument mapping: (UnspecifiedValue, UnspecifiedValue).
2026-04-25 13:47:29,745 jax._src.dispatch WARNING: Finished jaxpr to MLIR module conversion jit(multiply) in 0.002033472 sec
2026-04-25 13:47:29,755 jax._src.compiler WARNING: Persistent compilation cache hit for 'jit_multiply' with key 'jit_multiply-6d7c89ca936cd370c0e756b1e3ffc1d3dd288004b8e9a692fb7aae2588e0a369'
2026-04-25 13:47:29,755 jax._src.dispatch WARNING: Finished XLA compilation of jit(multiply) in 0.009057999 sec
2026-04-25 13:47:29,756 jax._src.dispatch WARNING: Finished tracing + transforming _reduce_sum for pjit in 0.000362158 sec
2026-04-25 13:47:29,757 jax._src.interpreters.pxla WARNING: Compiling _reduce_sum with global shapes and types [ShapedArray(float64[24,24,80])]. Argument mapping: (UnspecifiedValue,).
2026-04-25 13:47:29,758 jax._src.dispatch WARNING: Finished jaxpr to MLIR module conversion jit(_reduce_sum) in 0.001702309 sec
2026-04-25 13:47:29,779 jax._src.compiler WARNING: Persistent compilation cache hit for 'jit__reduce_sum' with key 'jit__reduce_sum-5ffa2f501ffc9927ec4e2b90871d75e75e7703347732111df56662fc450719ce'
2026-04-25 13:47:29,780 jax._src.dispatch WARNING: Finished XLA compilation of jit(_reduce_sum) in 0.020893574 sec
2026-04-25 13:47:34,080 jax._src.dispatch WARNING: Finished tracing + transforming less for pjit in 0.000284910 sec
2026-04-25 13:47:34,080 jax._src.dispatch WARNING: Finished tracing + transforming add for pjit in 0.000200987 sec
2026-04-25 13:47:34,081 jax._src.dispatch WARNING: Finished tracing + transforming matmul for pjit in 0.000401258 sec
2026-04-25 13:47:34,082 jax._src.dispatch WARNING: Finished tracing + transforming multiply for pjit in 0.000398636 sec
2026-04-25 13:47:34,083 jax._src.dispatch WARNING: Finished tracing + transforming exp for pjit in 0.000164747 sec
2026-04-25 13:47:34,083 jax._src.dispatch WARNING: Finished tracing + transforming less for pjit in 0.000264883 sec
2026-04-25 13:47:34,084 jax._src.dispatch WARNING: Finished tracing + transforming multiply for pjit in 0.000330448 sec
2026-04-25 13:47:34,084 jax._src.dispatch WARNING: Finished tracing + transforming add for pjit in 0.000194788 sec
2026-04-25 13:47:34,085 jax._src.dispatch WARNING: Finished tracing + transforming species_structure_factors for pjit in 0.007103205 sec
2026-04-25 13:47:34,085 jax._src.pjit WARNING: TRACING CACHE MISS at /global/homes/j/jackm/software/lorrax_B/src/psp/ionic_gspace.py:233:16 (_ionic_gspace_jit) because:
  never seen function:
    species_structure_factors id=140535157598112 defined at /global/homes/j/jackm/software/lorrax_B/src/psp/ionic_gspace.py:31
2026-04-25 13:47:34,086 jax._src.dispatch WARNING: Finished tracing + transforming multiply for pjit in 0.000308514 sec
2026-04-25 13:47:34,087 jax._src.dispatch WARNING: Finished tracing + transforming add for pjit in 0.000191689 sec
2026-04-25 13:47:34,087 jax._src.dispatch WARNING: Finished tracing + transforming subtract for pjit in 0.000192404 sec
2026-04-25 13:47:34,088 jax._src.dispatch WARNING: Finished tracing + transforming true_divide for pjit in 0.000189543 sec
2026-04-25 13:47:34,088 jax._src.dispatch WARNING: Finished tracing + transforming floor for pjit in 0.000293016 sec
2026-04-25 13:47:34,089 jax._src.dispatch WARNING: Finished tracing + transforming maximum for pjit in 0.000297785 sec
2026-04-25 13:47:34,090 jax._src.dispatch WARNING: Finished tracing + transforming minimum for pjit in 0.000248671 sec
2026-04-25 13:47:34,090 jax._src.dispatch WARNING: Finished tracing + transforming clip for pjit in 0.001103878 sec
2026-04-25 13:47:34,090 jax._src.pjit WARNING: TRACING CACHE MISS at /global/homes/j/jackm/software/lorrax_B/src/psp/radial/radial_jax.py:152:10 (interp_uniform_jax) because:
  never seen function:
    clip id=140536340670368 defined at /opt/jax/jax/_src/numpy/lax_numpy.py:3379
2026-04-25 13:47:34,090 jax._src.dispatch WARNING: Finished tracing + transforming subtract for pjit in 0.000247717 sec
2026-04-25 13:47:34,091 jax._src.dispatch WARNING: Finished tracing + transforming maximum for pjit in 0.000242949 sec
2026-04-25 13:47:34,091 jax._src.dispatch WARNING: Finished tracing + transforming minimum for pjit in 0.000229120 sec
2026-04-25 13:47:34,092 jax._src.dispatch WARNING: Finished tracing + transforming clip for pjit in 0.000998735 sec
2026-04-25 13:47:34,092 jax._src.pjit WARNING: TRACING CACHE MISS at /global/homes/j/jackm/software/lorrax_B/src/psp/radial/radial_jax.py:153:8 (interp_uniform_jax) because:
  for clip defined at /opt/jax/jax/_src/numpy/lax_numpy.py:3379
  never seen input type signature:
    arr: f64[46080],  min: f64[],  max: f64[]
  closest seen input type signature has 3 mismatches, including:
    * at arr, seen i32[46080], but now given f64[46080]
    * at min, seen i64[], but now given f64[]
    * at max, seen i64[], but now given f64[]
2026-04-25 13:47:34,093 jax._src.dispatch WARNING: Finished tracing + transforming less for pjit in 0.000267982 sec
2026-04-25 13:47:34,093 jax._src.dispatch WARNING: Finished tracing + transforming add for pjit in 0.000244141 sec
2026-04-25 13:47:34,094 jax._src.dispatch WARNING: Finished tracing + transforming _broadcast_arrays for pjit in 0.000103235 sec
2026-04-25 13:47:34,094 jax._src.dispatch WARNING: Finished tracing + transforming _where for pjit in 0.000487328 sec
2026-04-25 13:47:34,094 jax._src.pjit WARNING: TRACING CACHE MISS at /global/homes/j/jackm/software/lorrax_B/src/psp/radial/radial_jax.py:155:11 (interp_uniform_jax) because:
  never seen function:
    _where id=140536343096960 defined at /opt/jax/jax/_src/numpy/util.py:287
2026-04-25 13:47:34,095 jax._src.dispatch WARNING: Finished tracing + transforming _take for pjit in 0.002475023 sec
2026-04-25 13:47:34,095 jax._src.pjit WARNING: TRACING CACHE MISS at /global/homes/j/jackm/software/lorrax_B/src/psp/radial/radial_jax.py:155:11 (interp_uniform_jax) because:
  never seen function:
    _take id=140536342455264 defined at /opt/jax/jax/_src/numpy/indexing.py:136
  but seen another function defined on the same line; maybe the function is
  being re-defined repeatedly, preventing caching?
2026-04-25 13:47:34,096 jax._src.dispatch WARNING: Finished tracing + transforming subtract for pjit in 0.000255585 sec
2026-04-25 13:47:34,096 jax._src.dispatch WARNING: Finished tracing + transforming multiply for pjit in 0.000192881 sec
2026-04-25 13:47:34,097 jax._src.dispatch WARNING: Finished tracing + transforming add for pjit in 0.000278711 sec
2026-04-25 13:47:34,097 jax._src.dispatch WARNING: Finished tracing + transforming greater_equal for pjit in 0.000193357 sec
2026-04-25 13:47:34,098 jax._src.dispatch WARNING: Finished tracing + transforming less_equal for pjit in 0.000194073 sec
2026-04-25 13:47:34,098 jax._src.dispatch WARNING: Finished tracing + transforming bitwise_and for pjit in 0.000190020 sec
2026-04-25 13:47:34,099 jax._src.dispatch WARNING: Finished tracing + transforming _broadcast_arrays for pjit in 0.000203371 sec
2026-04-25 13:47:34,099 jax._src.dispatch WARNING: Finished tracing + transforming _where for pjit in 0.000636101 sec
2026-04-25 13:47:34,099 jax._src.pjit WARNING: TRACING CACHE MISS at /global/homes/j/jackm/software/lorrax_B/src/psp/radial/radial_jax.py:159:11 (interp_uniform_jax) because:
  for _where defined at /opt/jax/jax/_src/numpy/util.py:287
  never seen input type signature:
    condition: bool[46080],  x: f64[46080],  y: f64[]
  closest seen input type signature has 2 mismatches, including:
    * at x, seen i32[46080], but now given f64[46080]
    * at y, seen i32[46080]{weak_type=False}, but now given f64[]{weak_type=True}
where weak_type=True often means a Python builtin numeric value, and 
weak_type=False means a jax.Array.
See https://jax.readthedocs.io/en/latest/type_promotion.html#weak-types
2026-04-25 13:47:34,100 jax._src.dispatch WARNING: Finished tracing + transforming interp_uniform_jax for pjit in 0.014042616 sec
2026-04-25 13:47:34,100 jax._src.pjit WARNING: TRACING CACHE MISS at /global/homes/j/jackm/software/lorrax_B/src/psp/ionic_gspace.py:101:14 (accumulate_species_on_G.<locals>._one) because:
  never seen function:
    interp_uniform_jax id=140535159563072 defined at /global/homes/j/jackm/software/lorrax_B/src/psp/radial/radial_jax.py:134
2026-04-25 13:47:34,101 jax._src.dispatch WARNING: Finished tracing + transforming multiply for pjit in 0.000547409 sec
2026-04-25 13:47:34,102 jax._src.dispatch WARNING: Finished tracing + transforming multiply for pjit in 0.000635624 sec
2026-04-25 13:47:34,102 jax._src.dispatch WARNING: Finished tracing + transforming accumulate_species_on_G for pjit in 0.016935349 sec
2026-04-25 13:47:34,102 jax._src.pjit WARNING: TRACING CACHE MISS at /global/homes/j/jackm/software/lorrax_B/src/psp/ionic_gspace.py:237:22 (_ionic_gspace_jit) because:
  never seen function:
    accumulate_species_on_G id=140535157599552 defined at /global/homes/j/jackm/software/lorrax_B/src/psp/ionic_gspace.py:76
2026-04-25 13:47:34,103 jax._src.dispatch WARNING: Finished tracing + transforming fft for pjit in 0.000136375 sec
2026-04-25 13:47:34,103 jax._src.pjit WARNING: TRACING CACHE MISS at /global/homes/j/jackm/software/lorrax_B/src/psp/ionic_gspace.py:240:26 (_ionic_gspace_jit) because:
  for fft defined at /opt/jax/jax/_src/lax/fft.py:68
  never seen input type signature:
    x: c128[24,24,80]
  closest seen input type signature has 1 mismatches, including:
    * at x, seen c128[26,2,24,24,80]({}), but now given c128[24,24,80]({})
2026-04-25 13:47:34,103 jax._src.dispatch WARNING: Finished tracing + transforming real for pjit in 0.000240803 sec
2026-04-25 13:47:34,104 jax._src.dispatch WARNING: Finished tracing + transforming multiply for pjit in 0.000189781 sec
2026-04-25 13:47:34,104 jax._src.dispatch WARNING: Finished tracing + transforming multiply for pjit in 0.000231266 sec
2026-04-25 13:47:34,105 jax._src.dispatch WARNING: Finished tracing + transforming equal for pjit in 0.000240564 sec
2026-04-25 13:47:34,105 jax._src.dispatch WARNING: Finished tracing + transforming _broadcast_arrays for pjit in 0.000190496 sec
2026-04-25 13:47:34,106 jax._src.dispatch WARNING: Finished tracing + transforming _where for pjit in 0.000617981 sec
2026-04-25 13:47:34,106 jax._src.pjit WARNING: TRACING CACHE MISS at /global/homes/j/jackm/software/lorrax_B/src/psp/ionic_gspace.py:249:14 (_ionic_gspace_jit) because:
  for _where defined at /opt/jax/jax/_src/numpy/util.py:287
  never seen input type signature:
    condition: bool[46080],  x: f64[],  y: f64[46080]
  closest seen input type signature has 2 mismatches, including:
    * at x, seen i32[46080]{weak_type=False}, but now given f64[]{weak_type=True}
    * at y, seen i32[46080], but now given f64[46080]
where weak_type=True often means a Python builtin numeric value, and 
weak_type=False means a jax.Array.
See https://jax.readthedocs.io/en/latest/type_promotion.html#weak-types
2026-04-25 13:47:34,107 jax._src.dispatch WARNING: Finished tracing + transforming multiply for pjit in 0.000257969 sec
2026-04-25 13:47:34,107 jax._src.dispatch WARNING: Finished tracing + transforming _reduce_sum for pjit in 0.000286579 sec
2026-04-25 13:47:34,107 jax._src.dispatch WARNING: Finished tracing + transforming negative for pjit in 0.000210762 sec
2026-04-25 13:47:34,108 jax._src.dispatch WARNING: Finished tracing + transforming multiply for pjit in 0.000222206 sec
2026-04-25 13:47:34,108 jax._src.dispatch WARNING: Finished tracing + transforming true_divide for pjit in 0.000178337 sec
2026-04-25 13:47:34,109 jax._src.dispatch WARNING: Finished tracing + transforming true_divide for pjit in 0.000237942 sec
2026-04-25 13:47:34,109 jax._src.dispatch WARNING: Finished tracing + transforming multiply for pjit in 0.000222206 sec
2026-04-25 13:47:34,110 jax._src.dispatch WARNING: Finished tracing + transforming exp for pjit in 0.000140190 sec
2026-04-25 13:47:34,110 jax._src.dispatch WARNING: Finished tracing + transforming multiply for pjit in 0.000227928 sec
2026-04-25 13:47:34,110 jax._src.dispatch WARNING: Finished tracing + transforming multiply for pjit in 0.000224113 sec
2026-04-25 13:47:34,111 jax._src.dispatch WARNING: Finished tracing + transforming matmul for pjit in 0.000314951 sec
2026-04-25 13:47:34,112 jax._src.dispatch WARNING: Finished tracing + transforming sqrt for pjit in 0.000244856 sec
2026-04-25 13:47:34,112 jax._src.dispatch WARNING: Finished tracing + transforming true_divide for pjit in 0.000244856 sec
2026-04-25 13:47:34,113 jax._src.dispatch WARNING: Finished tracing + transforming negative for pjit in 0.000132561 sec
2026-04-25 13:47:34,113 jax._src.dispatch WARNING: Finished tracing + transforming multiply for pjit in 0.000176191 sec
2026-04-25 13:47:34,114 jax._src.dispatch WARNING: Finished tracing + transforming cos for pjit in 0.000143051 sec
2026-04-25 13:47:34,115 jax._src.dispatch WARNING: Finished tracing + transforming _squeeze for pjit in 0.000072002 sec
2026-04-25 13:47:34,116 jax._src.dispatch WARNING: Finished tracing + transforming multiply for pjit in 0.000258207 sec
2026-04-25 13:47:34,118 jax._src.dispatch WARNING: Finished tracing + transforming _ionic_gspace_jit for pjit in 0.040553570 sec
2026-04-25 13:47:34,118 jax._src.pjit WARNING: TRACING CACHE MISS at /global/homes/j/jackm/software/lorrax_B/src/psp/ionic_gspace.py:193:45 (build_ionic_and_core) because:
  never seen function:
    _ionic_gspace_jit id=140535157601312 defined at /global/homes/j/jackm/software/lorrax_B/src/psp/ionic_gspace.py:221
2026-04-25 13:47:34,120 jax._src.interpreters.pxla WARNING: Compiling _ionic_gspace_jit with global shapes and types [ShapedArray(float64[46080,3]), ShapedArray(float64[46080]), ShapedArray(float64[2,2,3]), ShapedArray(int32[2]), ShapedArray(float64[2,4000]), ShapedArray(float64[2,4000]), ShapedArray(float64[2]), ShapedArray(float64[2]), ShapedArray(float64[2]), ShapedArray(float64[3,3]), ShapedArray(float64[]), ShapedArray(float64[]), ShapedArray(float64[]), ShapedArray(float64[]), ShapedArray(float64[])]. Argument mapping: (UnspecifiedValue, UnspecifiedValue, UnspecifiedValue, UnspecifiedValue, UnspecifiedValue, UnspecifiedValue, UnspecifiedValue, UnspecifiedValue, UnspecifiedValue, UnspecifiedValue, UnspecifiedValue, UnspecifiedValue, UnspecifiedValue, UnspecifiedValue, UnspecifiedValue).
2026-04-25 13:47:34,124 jax._src.dispatch WARNING: Finished tracing + transforming less for pjit in 0.000270605 sec
2026-04-25 13:47:34,128 jax._src.dispatch WARNING: Finished tracing + transforming add for pjit in 0.001439571 sec
2026-04-25 13:47:34,187 jax._src.dispatch WARNING: Finished jaxpr to MLIR module conversion jit(_ionic_gspace_jit) in 0.066229105 sec
2026-04-25 13:47:34,214 jax._src.compiler WARNING: Persistent compilation cache hit for 'jit__ionic_gspace_jit' with key 'jit__ionic_gspace_jit-8967ca062da9b80a6c9b5de90d3c90f15d37eaa930412833dad1cd640f0ef87c'
2026-04-25 13:47:34,214 jax._src.dispatch WARNING: Finished XLA compilation of jit(_ionic_gspace_jit) in 0.026417494 sec
2026-04-25 13:47:34,308 jax._src.dispatch WARNING: Finished tracing + transforming fft for pjit in 0.000264406 sec
2026-04-25 13:47:34,308 jax._src.pjit WARNING: TRACING CACHE MISS at /global/homes/j/jackm/software/lorrax_B/src/psp/dft_operators.py:297:18 (compute_V_H_and_V_xc) because:
  for fft defined at /opt/jax/jax/_src/lax/fft.py:68
  never seen input type signature:
    x: f64[24,24,80]
  closest seen input type signature has 1 mismatches, including:
    * at x, seen c128[26,2,24,24,80]({}), but now given f64[24,24,80]({})
2026-04-25 13:47:34,309 jax._src.dispatch WARNING: Finished tracing + transforming true_divide for pjit in 0.000309944 sec
2026-04-25 13:47:34,310 jax._src.dispatch WARNING: Finished tracing + transforming _squeeze for pjit in 0.000083923 sec
2026-04-25 13:47:34,312 jax._src.dispatch WARNING: Finished tracing + transforming true_divide for pjit in 0.000350237 sec
2026-04-25 13:47:34,312 jax._src.dispatch WARNING: Finished tracing + transforming multiply for pjit in 0.000299931 sec
2026-04-25 13:47:34,315 jax._src.dispatch WARNING: Finished tracing + transforming _squeeze for pjit in 0.000086069 sec
2026-04-25 13:47:34,316 jax._src.dispatch WARNING: Finished tracing + transforming true_divide for pjit in 0.000226259 sec
2026-04-25 13:47:34,317 jax._src.dispatch WARNING: Finished tracing + transforming multiply for pjit in 0.000359058 sec
2026-04-25 13:47:34,318 jax._src.dispatch WARNING: Finished tracing + transforming multiply for pjit in 0.000221491 sec
2026-04-25 13:47:34,319 jax._src.dispatch WARNING: Finished tracing + transforming multiply for pjit in 0.000218868 sec
2026-04-25 13:47:34,319 jax._src.dispatch WARNING: Finished tracing + transforming multiply for pjit in 0.000214338 sec
2026-04-25 13:47:34,320 jax._src.dispatch WARNING: Finished tracing + transforming multiply for pjit in 0.000200272 sec
2026-04-25 13:47:34,320 jax._src.dispatch WARNING: Finished tracing + transforming add for pjit in 0.000224829 sec
2026-04-25 13:47:34,321 jax._src.dispatch WARNING: Finished tracing + transforming multiply for pjit in 0.000224113 sec
2026-04-25 13:47:34,321 jax._src.dispatch WARNING: Finished tracing + transforming multiply for pjit in 0.000288963 sec
2026-04-25 13:47:34,322 jax._src.dispatch WARNING: Finished tracing + transforming add for pjit in 0.000218868 sec
2026-04-25 13:47:34,322 jax._src.dispatch WARNING: Finished tracing + transforming multiply for pjit in 0.000269413 sec
2026-04-25 13:47:34,323 jax._src.dispatch WARNING: Finished tracing + transforming multiply for pjit in 0.000208378 sec
2026-04-25 13:47:34,323 jax._src.dispatch WARNING: Finished tracing + transforming add for pjit in 0.000201702 sec
2026-04-25 13:47:34,324 jax._src.dispatch WARNING: Finished tracing + transforming multiply for pjit in 0.000240088 sec
2026-04-25 13:47:34,324 jax._src.dispatch WARNING: Finished tracing + transforming add for pjit in 0.000191212 sec
2026-04-25 13:47:34,325 jax._src.dispatch WARNING: Finished tracing + transforming multiply for pjit in 0.000262260 sec
2026-04-25 13:47:34,326 jax._src.dispatch WARNING: Finished tracing + transforming add for pjit in 0.000196457 sec
2026-04-25 13:47:34,326 jax._src.dispatch WARNING: Finished tracing + transforming equal for pjit in 0.000253677 sec
2026-04-25 13:47:34,327 jax._src.dispatch WARNING: Finished tracing + transforming equal for pjit in 0.000231504 sec
2026-04-25 13:47:34,327 jax._src.dispatch WARNING: Finished tracing + transforming bitwise_and for pjit in 0.000188828 sec
2026-04-25 13:47:34,328 jax._src.dispatch WARNING: Finished tracing + transforming equal for pjit in 0.000258446 sec
2026-04-25 13:47:34,328 jax._src.dispatch WARNING: Finished tracing + transforming bitwise_and for pjit in 0.000197649 sec
2026-04-25 13:47:34,329 jax._src.dispatch WARNING: Finished tracing + transforming _broadcast_arrays for pjit in 0.000214577 sec
2026-04-25 13:47:34,329 jax._src.dispatch WARNING: Finished tracing + transforming _where for pjit in 0.000724554 sec
2026-04-25 13:47:34,330 jax._src.pjit WARNING: TRACING CACHE MISS at /global/homes/j/jackm/software/lorrax_B/src/psp/dft_operators.py:118:14 (poisson_potential_from_rhoG) because:
  for _where defined at /opt/jax/jax/_src/numpy/util.py:287
  never seen input type signature:
    condition: bool[24,24,80],  x: f64[],  y: f64[24,24,80]
  closest seen input type signature has 2 mismatches, including:
    * at condition, seen bool[46080]({}), but now given bool[24,24,80]({})
    * at y, seen f64[46080]({}), but now given f64[24,24,80]({})
2026-04-25 13:47:34,330 jax._src.dispatch WARNING: Finished tracing + transforming multiply for pjit in 0.000259399 sec
2026-04-25 13:47:34,331 jax._src.dispatch WARNING: Finished tracing + transforming true_divide for pjit in 0.000235796 sec
2026-04-25 13:47:34,331 jax._src.dispatch WARNING: Finished tracing + transforming multiply for pjit in 0.000245094 sec
2026-04-25 13:47:34,332 jax._src.dispatch WARNING: Finished tracing + transforming multiply for pjit in 0.000197649 sec
2026-04-25 13:47:34,332 jax._src.dispatch WARNING: Finished tracing + transforming multiply for pjit in 0.000205278 sec
2026-04-25 13:47:34,333 jax._src.dispatch WARNING: Finished tracing + transforming multiply for pjit in 0.000269175 sec
2026-04-25 13:47:34,335 jax._src.dispatch WARNING: Finished tracing + transforming sqrt for pjit in 0.000164270 sec
2026-04-25 13:47:34,335 jax._src.dispatch WARNING: Finished tracing + transforming negative for pjit in 0.000125885 sec
2026-04-25 13:47:34,336 jax._src.dispatch WARNING: Finished tracing + transforming multiply for pjit in 0.000205040 sec
2026-04-25 13:47:34,336 jax._src.dispatch WARNING: Finished tracing + transforming exp for pjit in 0.000159502 sec
2026-04-25 13:47:34,336 jax._src.dispatch WARNING: Finished tracing + transforming cos for pjit in 0.000226259 sec
2026-04-25 13:47:34,337 jax._src.dispatch WARNING: Finished tracing + transforming multiply for pjit in 0.000194073 sec
2026-04-25 13:47:34,337 jax._src.dispatch WARNING: Finished tracing + transforming subtract for pjit in 0.000257015 sec
2026-04-25 13:47:34,338 jax._src.dispatch WARNING: Finished tracing + transforming multiply for pjit in 0.000238895 sec
2026-04-25 13:47:34,340 jax._src.dispatch WARNING: Finished tracing + transforming real for pjit in 0.000073671 sec
2026-04-25 13:47:34,340 jax._src.dispatch WARNING: Finished tracing + transforming subtract for pjit in 0.000205517 sec
2026-04-25 13:47:34,341 jax._src.dispatch WARNING: Finished tracing + transforming add for pjit in 0.000276089 sec
2026-04-25 13:47:34,355 jax._src.dispatch WARNING: Finished tracing + transforming maximum for pjit in 0.000324965 sec
2026-04-25 13:47:34,356 jax._src.dispatch WARNING: Finished tracing + transforming multiply for pjit in 0.000352383 sec
2026-04-25 13:47:34,357 jax._src.dispatch WARNING: Finished tracing + transforming multiply for pjit in 0.000209332 sec
2026-04-25 13:47:34,364 jax._src.dispatch WARNING: Finished tracing + transforming multiply for pjit in 0.000387907 sec
2026-04-25 13:47:34,367 jax._src.dispatch WARNING: Finished tracing + transforming _power for pjit in 0.000384331 sec
2026-04-25 13:47:34,372 jax._src.dispatch WARNING: Finished tracing + transforming add for pjit in 0.000325680 sec
2026-04-25 13:47:34,373 jax._src.dispatch WARNING: Finished tracing + transforming true_divide for pjit in 0.000188351 sec
2026-04-25 13:47:34,376 jax._src.dispatch WARNING: Finished tracing + transforming true_divide for pjit in 0.000313044 sec
2026-04-25 13:47:34,383 jax._src.dispatch WARNING: Finished tracing + transforming add for pjit in 0.000550985 sec
2026-04-25 13:47:34,385 jax._src.dispatch WARNING: Finished tracing + transforming true_divide for pjit in 0.000462532 sec
2026-04-25 13:47:34,396 jax._src.dispatch WARNING: Finished tracing + transforming log for pjit in 0.000199556 sec
2026-04-25 13:47:34,400 jax._src.dispatch WARNING: Finished tracing + transforming negative for pjit in 0.000175953 sec
2026-04-25 13:47:34,403 jax._src.dispatch WARNING: Finished tracing + transforming subtract for pjit in 0.000462294 sec
2026-04-25 13:47:34,464 jax._src.dispatch WARNING: Finished tracing + transforming greater for pjit in 0.000280619 sec
2026-04-25 13:47:34,464 jax._src.dispatch WARNING: Finished tracing + transforming bitwise_and for pjit in 0.000207186 sec
2026-04-25 13:47:34,465 jax._src.dispatch WARNING: Finished tracing + transforming _broadcast_arrays for pjit in 0.000250816 sec
2026-04-25 13:47:34,465 jax._src.dispatch WARNING: Finished tracing + transforming _where for pjit in 0.000790358 sec
2026-04-25 13:47:34,466 jax._src.pjit WARNING: TRACING CACHE MISS at /global/homes/j/jackm/software/lorrax_B/src/psp/xc.py:137:28 (_vxc_gga) because:
  for _where defined at /opt/jax/jax/_src/numpy/util.py:287
  never seen input type signature:
    condition: bool[24,24,80],  x: f64[24,24,80],  y: f64[]
  closest seen input type signature has 2 mismatches, including:
    * at condition, seen bool[46080]({}), but now given bool[24,24,80]({})
    * at x, seen f64[46080]({}), but now given f64[24,24,80]({})
2026-04-25 13:47:34,476 jax._src.dispatch WARNING: Finished tracing + transforming compute_V_H_and_V_xc for pjit in 0.175951242 sec
2026-04-25 13:47:34,476 jax._src.pjit WARNING: TRACING CACHE MISS at /global/homes/j/jackm/software/lorrax_B/src/psp/scf_potential.py:87:16 (build_dft_potentials) because:
  never seen function:
    compute_V_H_and_V_xc id=140536319012960 defined at /global/homes/j/jackm/software/lorrax_B/src/psp/dft_operators.py:277
2026-04-25 13:47:34,480 jax._src.interpreters.pxla WARNING: Compiling compute_V_H_and_V_xc with global shapes and types [ShapedArray(float64[24,24,80]), ShapedArray(float64[24,24,80]), ShapedArray(complex128[24,24,80]), ShapedArray(float64[24,24,80,3]), ShapedArray(float64[3,3]), ShapedArray(float64[3,3])]. Argument mapping: (UnspecifiedValue, UnspecifiedValue, UnspecifiedValue, UnspecifiedValue, UnspecifiedValue, UnspecifiedValue).
2026-04-25 13:47:34,554 jax._src.dispatch WARNING: Finished jaxpr to MLIR module conversion jit(compute_V_H_and_V_xc) in 0.074407578 sec
2026-04-25 13:47:34,591 jax._src.compiler WARNING: Persistent compilation cache hit for 'jit_compute_V_H_and_V_xc' with key 'jit_compute_V_H_and_V_xc-620ed3ac994e88591fa07f572410a02e2a3580cae5e9818f44b8ad2b28b57299'
2026-04-25 13:47:34,591 jax._src.dispatch WARNING: Finished XLA compilation of jit(compute_V_H_and_V_xc) in 0.035993814 sec
2026-04-25 13:47:45,738 jax._src.dispatch WARNING: Finished tracing + transforming convert_element_type for pjit in 0.000530005 sec
2026-04-25 13:47:45,738 jax._src.pjit WARNING: TRACING CACHE MISS at /global/homes/j/jackm/software/lorrax_B/src/psp/vnl_ops.py:214:21 (build_vnl_setup) because:
  never seen function:
    convert_element_type id=140534754827200 defined at /opt/jax/jax/_src/dispatch.py:96
2026-04-25 13:47:45,739 jax._src.interpreters.pxla WARNING: Compiling convert_element_type with global shapes and types [ShapedArray(int32[102])]. Argument mapping: (UnspecifiedValue,).
2026-04-25 13:47:45,742 jax._src.dispatch WARNING: Finished jaxpr to MLIR module conversion jit(convert_element_type) in 0.003214598 sec
2026-04-25 13:47:45,754 jax._src.compiler WARNING: Persistent compilation cache hit for 'jit_convert_element_type' with key 'jit_convert_element_type-7f84dbe337d837e1a2bdb294444d986eef5255c60c48e006059ef9d060fb009f'
2026-04-25 13:47:45,754 jax._src.dispatch WARNING: Finished XLA compilation of jit(convert_element_type) in 0.011046886 sec
2026-04-25 13:47:45,866 jax._src.dispatch WARNING: Finished tracing + transforming broadcast_in_dim for pjit in 0.000313759 sec
2026-04-25 13:47:45,867 jax._src.pjit WARNING: TRACING CACHE MISS at /global/homes/j/jackm/software/lorrax_B/src/psp/run_sternheimer.py:806:19 (_load_unfolded_wfns) because:
  never seen function:
    broadcast_in_dim id=140534754826400 defined at /opt/jax/jax/_src/dispatch.py:96
2026-04-25 13:47:45,867 jax._src.interpreters.pxla WARNING: Compiling broadcast_in_dim with global shapes and types [ShapedArray(complex128[46,2,24,24,80])]. Argument mapping: (UnspecifiedValue,).
2026-04-25 13:47:45,869 jax._src.dispatch WARNING: Finished jaxpr to MLIR module conversion jit(broadcast_in_dim) in 0.002241135 sec
2026-04-25 13:47:45,876 jax._src.compiler WARNING: Persistent compilation cache hit for 'jit_broadcast_in_dim' with key 'jit_broadcast_in_dim-c104c7a3a65ebc6128fbd89f4002a48ce242a24af5cd4d5dc2111d06dbb82b97'
2026-04-25 13:47:45,876 jax._src.dispatch WARNING: Finished XLA compilation of jit(broadcast_in_dim) in 0.005987167 sec
2026-04-25 13:47:45,881 jax._src.dispatch WARNING: Finished tracing + transforming concatenate for pjit in 0.000288725 sec
2026-04-25 13:47:45,881 jax._src.pjit WARNING: TRACING CACHE MISS at /global/homes/j/jackm/software/lorrax_B/src/psp/run_sternheimer.py:806:19 (_load_unfolded_wfns) because:
  never seen function:
    concatenate id=140534754832640 defined at /opt/jax/jax/_src/dispatch.py:96
  but seen another function defined on the same line; maybe the function is
  being re-defined repeatedly, preventing caching?
2026-04-25 13:47:45,881 jax._src.interpreters.pxla WARNING: Compiling concatenate with global shapes and types [ShapedArray(complex128[1,46,2,24,24,80]), ShapedArray(complex128[1,46,2,24,24,80]), ShapedArray(complex128[1,46,2,24,24,80]), ShapedArray(complex128[1,46,2,24,24,80]), ShapedArray(complex128[1,46,2,24,24,80]), ShapedArray(complex128[1,46,2,24,24,80]), ShapedArray(complex128[1,46,2,24,24,80]), ShapedArray(complex128[1,46,2,24,24,80]), ShapedArray(complex128[1,46,2,24,24,80])]. Argument mapping: (UnspecifiedValue, UnspecifiedValue, UnspecifiedValue, UnspecifiedValue, UnspecifiedValue, UnspecifiedValue, UnspecifiedValue, UnspecifiedValue, UnspecifiedValue).
2026-04-25 13:47:45,883 jax._src.dispatch WARNING: Finished jaxpr to MLIR module conversion jit(concatenate) in 0.001921892 sec
2026-04-25 13:47:45,890 jax._src.compiler WARNING: Persistent compilation cache hit for 'jit_concatenate' with key 'jit_concatenate-d9cac639e19acf330be1432577b0a2e87902ff3b862fb8db9dc5600f1fe36bf0'
2026-04-25 13:47:45,890 jax._src.dispatch WARNING: Finished XLA compilation of jit(concatenate) in 0.006658792 sec
2026-04-25 13:47:45,922 jax._src.dispatch WARNING: Finished tracing + transforming convert_element_type for pjit in 0.000155449 sec
2026-04-25 13:47:45,922 jax._src.pjit WARNING: TRACING CACHE MISS at /global/homes/j/jackm/software/lorrax_B/src/psp/dft_operators.py:264:9 (_T_diag_from_G) because:
  for convert_element_type defined at /opt/jax/jax/_src/dispatch.py:96
  never seen input type signature:
    args[0]: i32[1947]
  closest seen input type signature has 1 mismatches, including:
    * at args[0], seen i32[102], but now given i32[1947]
2026-04-25 13:47:45,922 jax._src.interpreters.pxla WARNING: Compiling convert_element_type with global shapes and types [ShapedArray(int32[1947])]. Argument mapping: (UnspecifiedValue,).
2026-04-25 13:47:45,924 jax._src.dispatch WARNING: Finished jaxpr to MLIR module conversion jit(convert_element_type) in 0.001412630 sec
2026-04-25 13:47:45,929 jax._src.compiler WARNING: Persistent compilation cache hit for 'jit_convert_element_type' with key 'jit_convert_element_type-f001727e752dd419a89228771b8a49d7b61dbd3048668264b992d01e85e7536e'
2026-04-25 13:47:45,929 jax._src.dispatch WARNING: Finished XLA compilation of jit(convert_element_type) in 0.005370617 sec
2026-04-25 13:47:45,932 jax._src.dispatch WARNING: Finished tracing + transforming convert_element_type for pjit in 0.000312567 sec
2026-04-25 13:47:45,932 jax._src.pjit WARNING: TRACING CACHE MISS at /global/homes/j/jackm/software/lorrax_B/src/psp/vnl_ops.py:344:13 (_build_vnl_kdata_core) because:
  for convert_element_type defined at /opt/jax/jax/_src/dispatch.py:96
  never seen input type signature:
    args[0]: f64[1947,3]
  closest seen input type signature has 1 mismatches, including:
    * at args[0], seen f64[]({}), but now given f64[1947,3]({})
2026-04-25 13:47:45,932 jax._src.interpreters.pxla WARNING: Compiling convert_element_type with global shapes and types [ShapedArray(float64[1947,3])]. Argument mapping: (UnspecifiedValue,).
2026-04-25 13:47:45,934 jax._src.dispatch WARNING: Finished jaxpr to MLIR module conversion jit(convert_element_type) in 0.001486778 sec
2026-04-25 13:47:45,939 jax._src.compiler WARNING: Persistent compilation cache hit for 'jit_convert_element_type' with key 'jit_convert_element_type-8c12775ed3f00903e3af03336ef523c733ec1672c62faf243c320b01180f6c14'
2026-04-25 13:47:45,939 jax._src.dispatch WARNING: Finished XLA compilation of jit(convert_element_type) in 0.004621744 sec
2026-04-25 13:47:45,940 jax._src.dispatch WARNING: Finished tracing + transforming broadcast_in_dim for pjit in 0.000208378 sec
2026-04-25 13:47:45,940 jax._src.pjit WARNING: TRACING CACHE MISS at /global/homes/j/jackm/software/lorrax_B/src/psp/vnl_ops.py:344:53 (_build_vnl_kdata_core) because:
  never seen function:
    broadcast_in_dim id=140534754836000 defined at /opt/jax/jax/_src/dispatch.py:96
2026-04-25 13:47:45,941 jax._src.interpreters.pxla WARNING: Compiling broadcast_in_dim with global shapes and types [ShapedArray(float64[3])]. Argument mapping: (UnspecifiedValue,).
2026-04-25 13:47:45,942 jax._src.dispatch WARNING: Finished jaxpr to MLIR module conversion jit(broadcast_in_dim) in 0.001716614 sec
2026-04-25 13:47:45,950 jax._src.compiler WARNING: Persistent compilation cache hit for 'jit_broadcast_in_dim' with key 'jit_broadcast_in_dim-b7d358bcfedd35568865ec3ccccc4727523b3c22cb994d1b76d88b369c18b1cf'
2026-04-25 13:47:45,950 jax._src.dispatch WARNING: Finished XLA compilation of jit(broadcast_in_dim) in 0.007158518 sec
2026-04-25 13:47:45,951 jax._src.dispatch WARNING: Finished tracing + transforming add for pjit in 0.000322342 sec
2026-04-25 13:47:45,951 jax._src.interpreters.pxla WARNING: Compiling add with global shapes and types [ShapedArray(float64[1947,3]), ShapedArray(float64[1,3])]. Argument mapping: (UnspecifiedValue, UnspecifiedValue).
2026-04-25 13:47:45,953 jax._src.dispatch WARNING: Finished jaxpr to MLIR module conversion jit(add) in 0.001709938 sec
2026-04-25 13:47:45,959 jax._src.compiler WARNING: Persistent compilation cache hit for 'jit_add' with key 'jit_add-e154f074052b3f3c90e1671ec65667a10ac31f90f4459d30929a310703d57ebf'
2026-04-25 13:47:45,959 jax._src.dispatch WARNING: Finished XLA compilation of jit(add) in 0.005456924 sec
2026-04-25 13:47:45,961 jax._src.dispatch WARNING: Finished tracing + transforming matmul for pjit in 0.000505447 sec
2026-04-25 13:47:45,961 jax._src.interpreters.pxla WARNING: Compiling matmul with global shapes and types [ShapedArray(float64[1947,3]), ShapedArray(float64[3,3])]. Argument mapping: (UnspecifiedValue, UnspecifiedValue).
2026-04-25 13:47:45,963 jax._src.dispatch WARNING: Finished jaxpr to MLIR module conversion jit(matmul) in 0.001881361 sec
2026-04-25 13:47:45,968 jax._src.compiler WARNING: Persistent compilation cache hit for 'jit_matmul' with key 'jit_matmul-db623032010a5388632282201d870ba068955a22e948cacbeddfd92afe377f86'
2026-04-25 13:47:45,968 jax._src.dispatch WARNING: Finished XLA compilation of jit(matmul) in 0.004575253 sec
2026-04-25 13:47:45,969 jax._src.dispatch WARNING: Finished tracing + transforming integer_pow for pjit in 0.000169039 sec
2026-04-25 13:47:45,969 jax._src.pjit WARNING: TRACING CACHE MISS at /global/homes/j/jackm/software/lorrax_B/src/psp/vnl_ops.py:356:25 (_build_vnl_kdata_core) because:
  for integer_pow defined at /opt/jax/jax/_src/dispatch.py:96
  never seen input type signature:
    args[0]: f64[1947,3]
  closest seen input type signature has 1 mismatches, including:
    * at args[0], seen f64[26,2,24,24,80]({}), but now given f64[1947,3]({})
2026-04-25 13:47:45,969 jax._src.interpreters.pxla WARNING: Compiling integer_pow with global shapes and types [ShapedArray(float64[1947,3])]. Argument mapping: (UnspecifiedValue,).
2026-04-25 13:47:45,971 jax._src.dispatch WARNING: Finished jaxpr to MLIR module conversion jit(integer_pow) in 0.001627445 sec
2026-04-25 13:47:45,976 jax._src.compiler WARNING: Persistent compilation cache hit for 'jit_integer_pow' with key 'jit_integer_pow-4edfb2bffba5da8c1084f1992a1784563c0dd66b6715cf74d2f6efa9ab1f4ccd'
2026-04-25 13:47:45,976 jax._src.dispatch WARNING: Finished XLA compilation of jit(integer_pow) in 0.004518509 sec
2026-04-25 13:47:45,977 jax._src.dispatch WARNING: Finished tracing + transforming _reduce_sum for pjit in 0.000505209 sec
2026-04-25 13:47:45,978 jax._src.interpreters.pxla WARNING: Compiling _reduce_sum with global shapes and types [ShapedArray(float64[1947,3])]. Argument mapping: (UnspecifiedValue,).
2026-04-25 13:47:45,980 jax._src.dispatch WARNING: Finished jaxpr to MLIR module conversion jit(_reduce_sum) in 0.001771212 sec
2026-04-25 13:47:45,984 jax._src.compiler WARNING: Persistent compilation cache hit for 'jit__reduce_sum' with key 'jit__reduce_sum-1a488e4c78eab8d27be9160f67214cd873411e47e78cfa14e838fa73c03dab2a'
2026-04-25 13:47:45,984 jax._src.dispatch WARNING: Finished XLA compilation of jit(_reduce_sum) in 0.004300117 sec
2026-04-25 13:47:45,985 jax._src.dispatch WARNING: Finished tracing + transforming add for pjit in 0.000302076 sec
2026-04-25 13:47:45,986 jax._src.interpreters.pxla WARNING: Compiling add with global shapes and types [ShapedArray(float64[1947]), ShapedArray(float64[], weak_type=True)]. Argument mapping: (UnspecifiedValue, UnspecifiedValue).
2026-04-25 13:47:45,988 jax._src.dispatch WARNING: Finished jaxpr to MLIR module conversion jit(add) in 0.002138615 sec
2026-04-25 13:47:45,994 jax._src.compiler WARNING: Persistent compilation cache hit for 'jit_add' with key 'jit_add-7c198f0a514ea28e318a439f5c9335be555d7ccdf9dae660b12dba33ac3efd43'
2026-04-25 13:47:45,994 jax._src.dispatch WARNING: Finished XLA compilation of jit(add) in 0.006103992 sec
2026-04-25 13:47:45,996 jax._src.dispatch WARNING: Finished tracing + transforming sqrt for pjit in 0.000206709 sec
2026-04-25 13:47:45,996 jax._src.interpreters.pxla WARNING: Compiling sqrt with global shapes and types [ShapedArray(float64[1947])]. Argument mapping: (UnspecifiedValue,).
2026-04-25 13:47:45,998 jax._src.dispatch WARNING: Finished jaxpr to MLIR module conversion jit(sqrt) in 0.002027512 sec
2026-04-25 13:47:46,010 jax._src.compiler WARNING: Persistent compilation cache hit for 'jit_sqrt' with key 'jit_sqrt-e0bad20f9aa7401d571031814dd12a7216b7589e451a8d2e7391d4a96ccb15b9'
2026-04-25 13:47:46,010 jax._src.dispatch WARNING: Finished XLA compilation of jit(sqrt) in 0.011463642 sec
2026-04-25 13:47:46,012 jax._src.dispatch WARNING: Finished tracing + transforming true_divide for pjit in 0.000320673 sec
2026-04-25 13:47:46,012 jax._src.dispatch WARNING: Finished tracing + transforming floor for pjit in 0.000215292 sec
2026-04-25 13:47:46,013 jax._src.dispatch WARNING: Finished tracing + transforming maximum for pjit in 0.000604153 sec
2026-04-25 13:47:46,014 jax._src.dispatch WARNING: Finished tracing + transforming minimum for pjit in 0.000538588 sec
2026-04-25 13:47:46,014 jax._src.dispatch WARNING: Finished tracing + transforming clip for pjit in 0.001810789 sec
2026-04-25 13:47:46,014 jax._src.pjit WARNING: TRACING CACHE MISS at /global/homes/j/jackm/software/lorrax_B/src/psp/vnl_ops.py:260:10 (_table_interp) because:
  for clip defined at /opt/jax/jax/_src/numpy/lax_numpy.py:3379
  never seen input type signature:
    arr: i32[1947],  min: i64[],  max: i64[]
  closest seen input type signature has 1 mismatches, including:
    * at arr, seen i32[46080], but now given i32[1947]
2026-04-25 13:47:46,015 jax._src.dispatch WARNING: Finished tracing + transforming multiply for pjit in 0.000367403 sec
2026-04-25 13:47:46,016 jax._src.dispatch WARNING: Finished tracing + transforming subtract for pjit in 0.000261068 sec
2026-04-25 13:47:46,017 jax._src.dispatch WARNING: Finished tracing + transforming maximum for pjit in 0.000517845 sec
2026-04-25 13:47:46,018 jax._src.dispatch WARNING: Finished tracing + transforming minimum for pjit in 0.000515461 sec
2026-04-25 13:47:46,018 jax._src.dispatch WARNING: Finished tracing + transforming clip for pjit in 0.001739025 sec
2026-04-25 13:47:46,018 jax._src.pjit WARNING: TRACING CACHE MISS at /global/homes/j/jackm/software/lorrax_B/src/psp/vnl_ops.py:262:8 (_table_interp) because:
  for clip defined at /opt/jax/jax/_src/numpy/lax_numpy.py:3379
  never seen input type signature:
    arr: f64[1947],  min: f64[],  max: f64[]
  closest seen input type signature has 1 mismatches, including:
    * at arr, seen f64[46080], but now given f64[1947]
2026-04-25 13:47:46,019 jax._src.dispatch WARNING: Finished tracing + transforming subtract for pjit in 0.000270844 sec
2026-04-25 13:47:46,020 jax._src.dispatch WARNING: Finished tracing + transforming less for pjit in 0.000302553 sec
2026-04-25 13:47:46,020 jax._src.dispatch WARNING: Finished tracing + transforming _broadcast_arrays for pjit in 0.000082731 sec
2026-04-25 13:47:46,021 jax._src.dispatch WARNING: Finished tracing + transforming multiply for pjit in 0.000214577 sec
2026-04-25 13:47:46,022 jax._src.dispatch WARNING: Finished tracing + transforming add for pjit in 0.000299692 sec
2026-04-25 13:47:46,023 jax._src.dispatch WARNING: Finished tracing + transforming add for pjit in 0.000339508 sec
2026-04-25 13:47:46,024 jax._src.dispatch WARNING: Finished tracing + transforming _table_interp for pjit in 0.013087034 sec
2026-04-25 13:47:46,024 jax._src.pjit WARNING: TRACING CACHE MISS at /global/homes/j/jackm/software/lorrax_B/src/psp/vnl_ops.py:281:11 (_interp_with_deriv) because:
  never seen function:
    _table_interp id=140535157739968 defined at /global/homes/j/jackm/software/lorrax_B/src/psp/vnl_ops.py:248
2026-04-25 13:47:46,025 jax._src.interpreters.pxla WARNING: Compiling _table_interp with global shapes and types [ShapedArray(float64[1947]), ShapedArray(float64[], weak_type=True), ShapedArray(float64[20,4000])]. Argument mapping: (UnspecifiedValue, UnspecifiedValue, UnspecifiedValue).
2026-04-25 13:47:46,031 jax._src.dispatch WARNING: Finished jaxpr to MLIR module conversion jit(_table_interp) in 0.006391048 sec
2026-04-25 13:47:46,039 jax._src.compiler WARNING: Persistent compilation cache hit for 'jit__table_interp' with key 'jit__table_interp-6d4f344c3e479ef38f7d9b42b4868c54fef2edb18a4dd1191d0eb1b280d1acce'
2026-04-25 13:47:46,039 jax._src.dispatch WARNING: Finished XLA compilation of jit(_table_interp) in 0.007354736 sec
2026-04-25 13:47:46,041 jax._src.dispatch WARNING: Finished tracing + transforming dynamic_slice for pjit in 0.000196218 sec
2026-04-25 13:47:46,041 jax._src.pjit WARNING: TRACING CACHE MISS at /global/homes/j/jackm/software/lorrax_B/src/psp/radial/solid_harmonics.py:72:8 (all_solid_harmonics) because:
  never seen function:
    dynamic_slice id=140534753923040 defined at /opt/jax/jax/_src/dispatch.py:96
2026-04-25 13:47:46,042 jax._src.interpreters.pxla WARNING: Compiling dynamic_slice with global shapes and types [ShapedArray(float64[1947,3]), ShapedArray(int64[], weak_type=True), ShapedArray(int64[], weak_type=True)]. Argument mapping: (UnspecifiedValue, UnspecifiedValue, UnspecifiedValue).
2026-04-25 13:47:46,044 jax._src.dispatch WARNING: Finished jaxpr to MLIR module conversion jit(dynamic_slice) in 0.002035379 sec
2026-04-25 13:47:46,049 jax._src.compiler WARNING: Persistent compilation cache hit for 'jit_dynamic_slice' with key 'jit_dynamic_slice-d3e11c3f6656ae9db81505430ecb2539572de427a4dcd459376533b2400dd118'
2026-04-25 13:47:46,049 jax._src.dispatch WARNING: Finished XLA compilation of jit(dynamic_slice) in 0.004541636 sec
2026-04-25 13:47:46,050 jax._src.dispatch WARNING: Finished tracing + transforming squeeze for pjit in 0.000160933 sec
2026-04-25 13:47:46,050 jax._src.pjit WARNING: TRACING CACHE MISS at /global/homes/j/jackm/software/lorrax_B/src/psp/radial/solid_harmonics.py:72:8 (all_solid_harmonics) because:
  never seen function:
    squeeze id=140534753932160 defined at /opt/jax/jax/_src/dispatch.py:96
  but seen another function defined on the same line; maybe the function is
  being re-defined repeatedly, preventing caching?
2026-04-25 13:47:46,050 jax._src.interpreters.pxla WARNING: Compiling squeeze with global shapes and types [ShapedArray(float64[1947,1])]. Argument mapping: (UnspecifiedValue,).
2026-04-25 13:47:46,052 jax._src.dispatch WARNING: Finished jaxpr to MLIR module conversion jit(squeeze) in 0.002010584 sec
2026-04-25 13:47:46,061 jax._src.compiler WARNING: Persistent compilation cache hit for 'jit_squeeze' with key 'jit_squeeze-6782d27afaf7169db5a8f24a6cd1aec594deda8230e4484dd1ad68d7963a449f'
2026-04-25 13:47:46,062 jax._src.dispatch WARNING: Finished XLA compilation of jit(squeeze) in 0.008870125 sec
2026-04-25 13:47:46,065 jax._src.dispatch WARNING: Finished tracing + transforming broadcast_in_dim for pjit in 0.001275539 sec
2026-04-25 13:47:46,065 jax._src.pjit WARNING: TRACING CACHE MISS at /global/homes/j/jackm/software/lorrax_B/src/psp/radial/solid_harmonics.py:79:8 (all_solid_harmonics) because:
  never seen function:
    broadcast_in_dim id=140534753934880 defined at /opt/jax/jax/_src/dispatch.py:96
2026-04-25 13:47:46,065 jax._src.interpreters.pxla WARNING: Compiling broadcast_in_dim with global shapes and types [ShapedArray(float64[])]. Argument mapping: (UnspecifiedValue,).
2026-04-25 13:47:46,067 jax._src.dispatch WARNING: Finished jaxpr to MLIR module conversion jit(broadcast_in_dim) in 0.002048969 sec
2026-04-25 13:47:46,074 jax._src.compiler WARNING: Persistent compilation cache hit for 'jit_broadcast_in_dim' with key 'jit_broadcast_in_dim-83eed777f04b464c1fae4bccd6a4f9d601160b57603066c4c34b0c5aa59b3a3d'
2026-04-25 13:47:46,074 jax._src.dispatch WARNING: Finished XLA compilation of jit(broadcast_in_dim) in 0.006795168 sec
2026-04-25 13:47:46,076 jax._src.dispatch WARNING: Finished tracing + transforming broadcast_in_dim for pjit in 0.000185251 sec
2026-04-25 13:47:46,076 jax._src.pjit WARNING: TRACING CACHE MISS at /global/homes/j/jackm/software/lorrax_B/src/psp/radial/solid_harmonics.py:82:23 (all_solid_harmonics) because:
  never seen function:
    broadcast_in_dim id=140534753933920 defined at /opt/jax/jax/_src/dispatch.py:96
2026-04-25 13:47:46,076 jax._src.interpreters.pxla WARNING: Compiling broadcast_in_dim with global shapes and types [ShapedArray(float64[])]. Argument mapping: (UnspecifiedValue,).
2026-04-25 13:47:46,078 jax._src.dispatch WARNING: Finished jaxpr to MLIR module conversion jit(broadcast_in_dim) in 0.002039909 sec
2026-04-25 13:47:46,083 jax._src.compiler WARNING: Persistent compilation cache hit for 'jit_broadcast_in_dim' with key 'jit_broadcast_in_dim-1d46713e74d5e8d1e900119262611d595431dcb6ef446558681bb6b68e513581'
2026-04-25 13:47:46,083 jax._src.dispatch WARNING: Finished XLA compilation of jit(broadcast_in_dim) in 0.004212618 sec
2026-04-25 13:47:46,084 jax._src.dispatch WARNING: Finished tracing + transforming sqrt for pjit in 0.000190973 sec
2026-04-25 13:47:46,084 jax._src.interpreters.pxla WARNING: Compiling sqrt with global shapes and types [ShapedArray(float64[], weak_type=True)]. Argument mapping: (UnspecifiedValue,).
2026-04-25 13:47:46,086 jax._src.dispatch WARNING: Finished jaxpr to MLIR module conversion jit(sqrt) in 0.002016544 sec
2026-04-25 13:47:46,094 jax._src.compiler WARNING: Persistent compilation cache hit for 'jit_sqrt' with key 'jit_sqrt-be9c15f8277c08f3348acafdb9ad0319c12be27e6ab43d1c97ccce4f93d5d89c'
2026-04-25 13:47:46,094 jax._src.dispatch WARNING: Finished XLA compilation of jit(sqrt) in 0.007509708 sec
2026-04-25 13:47:46,095 jax._src.interpreters.pxla WARNING: Compiling true_divide with global shapes and types [ShapedArray(float64[1947]), ShapedArray(float64[], weak_type=True)]. Argument mapping: (UnspecifiedValue, UnspecifiedValue).
2026-04-25 13:47:46,097 jax._src.dispatch WARNING: Finished jaxpr to MLIR module conversion jit(true_divide) in 0.002166986 sec
2026-04-25 13:47:46,104 jax._src.compiler WARNING: Persistent compilation cache hit for 'jit_true_divide' with key 'jit_true_divide-69e5e25f99666b1d91bdf2d16a0fe300ec9ec1a9479f098a17d0eec2013d91a9'
2026-04-25 13:47:46,104 jax._src.dispatch WARNING: Finished XLA compilation of jit(true_divide) in 0.007076740 sec
2026-04-25 13:47:46,106 jax._src.dispatch WARNING: Finished tracing + transforming convert_element_type for pjit in 0.000143290 sec
2026-04-25 13:47:46,106 jax._src.pjit WARNING: TRACING CACHE MISS at /global/homes/j/jackm/software/lorrax_B/src/psp/radial/solid_harmonics.py:82:8 (all_solid_harmonics) because:
  for convert_element_type defined at /opt/jax/jax/_src/dispatch.py:96
  never seen input type signature:
    args[0]: i32[]
  closest seen input type signature has 1 mismatches, including:
    * at args[0], seen i32[102]({}), but now given i32[]({})
2026-04-25 13:47:46,106 jax._src.interpreters.pxla WARNING: Compiling convert_element_type with global shapes and types [ShapedArray(int32[])]. Argument mapping: (UnspecifiedValue,).
2026-04-25 13:47:46,108 jax._src.dispatch WARNING: Finished jaxpr to MLIR module conversion jit(convert_element_type) in 0.001926422 sec
2026-04-25 13:47:46,114 jax._src.compiler WARNING: Persistent compilation cache hit for 'jit_convert_element_type' with key 'jit_convert_element_type-58bb977e1e2ffff7d099b100ef366de891189950628e445ed1ce485e55b65a8e'
2026-04-25 13:47:46,114 jax._src.dispatch WARNING: Finished XLA compilation of jit(convert_element_type) in 0.005610943 sec
2026-04-25 13:47:46,116 jax._src.dispatch WARNING: Finished tracing + transforming broadcast_in_dim for pjit in 0.000240803 sec
2026-04-25 13:47:46,116 jax._src.pjit WARNING: TRACING CACHE MISS at /global/homes/j/jackm/software/lorrax_B/src/psp/radial/solid_harmonics.py:82:8 (all_solid_harmonics) because:
  never seen function:
    broadcast_in_dim id=140534754103424 defined at /opt/jax/jax/_src/dispatch.py:96
2026-04-25 13:47:46,116 jax._src.interpreters.pxla WARNING: Compiling broadcast_in_dim with global shapes and types [ShapedArray(int32[])]. Argument mapping: (UnspecifiedValue,).
2026-04-25 13:47:46,119 jax._src.dispatch WARNING: Finished jaxpr to MLIR module conversion jit(broadcast_in_dim) in 0.002562523 sec
2026-04-25 13:47:46,124 jax._src.compiler WARNING: Persistent compilation cache hit for 'jit_broadcast_in_dim' with key 'jit_broadcast_in_dim-6879c2dc2218e6a8073d6d22a5500a475e35385ffc9d46a3d37cf5c06bb88a7b'
2026-04-25 13:47:46,124 jax._src.dispatch WARNING: Finished XLA compilation of jit(broadcast_in_dim) in 0.004626513 sec
2026-04-25 13:47:46,125 jax._src.dispatch WARNING: Finished tracing + transforming concatenate for pjit in 0.000198364 sec
2026-04-25 13:47:46,125 jax._src.pjit WARNING: TRACING CACHE MISS at /global/homes/j/jackm/software/lorrax_B/src/psp/radial/solid_harmonics.py:82:8 (all_solid_harmonics) because:
  for concatenate defined at /opt/jax/jax/_src/dispatch.py:96
  never seen passing 2 positional args and 0 keyword args with keys:
    
  closest seen is passing no keyword args
2026-04-25 13:47:46,125 jax._src.interpreters.pxla WARNING: Compiling concatenate with global shapes and types [ShapedArray(int32[1]), ShapedArray(int32[1])]. Argument mapping: (UnspecifiedValue, UnspecifiedValue).
2026-04-25 13:47:46,127 jax._src.dispatch WARNING: Finished jaxpr to MLIR module conversion jit(concatenate) in 0.002107620 sec
2026-04-25 13:47:46,134 jax._src.compiler WARNING: Persistent compilation cache hit for 'jit_concatenate' with key 'jit_concatenate-33b1618651b44c36c1fbca50f01c240628635df7471e7236664a13bcb8cca6ce'
2026-04-25 13:47:46,134 jax._src.dispatch WARNING: Finished XLA compilation of jit(concatenate) in 0.006376982 sec
2026-04-25 13:47:46,135 jax._src.dispatch WARNING: Finished tracing + transforming _squeeze for pjit in 0.000121832 sec
2026-04-25 13:47:46,136 jax._src.interpreters.pxla WARNING: Compiling _squeeze with global shapes and types [ShapedArray(float64[1947])]. Argument mapping: (UnspecifiedValue,).
2026-04-25 13:47:46,138 jax._src.dispatch WARNING: Finished jaxpr to MLIR module conversion jit(_squeeze) in 0.002294779 sec
2026-04-25 13:47:46,143 jax._src.compiler WARNING: Persistent compilation cache hit for 'jit__squeeze' with key 'jit__squeeze-7cb87037b8db0181cff1171a132f34055cb50452067aa787131d46291aafefba'
2026-04-25 13:47:46,143 jax._src.dispatch WARNING: Finished XLA compilation of jit(_squeeze) in 0.004216194 sec
2026-04-25 13:47:46,144 jax._src.dispatch WARNING: Finished tracing + transforming scatter for pjit in 0.000393152 sec
2026-04-25 13:47:46,144 jax._src.pjit WARNING: TRACING CACHE MISS at /global/homes/j/jackm/software/lorrax_B/src/psp/radial/solid_harmonics.py:82:8 (all_solid_harmonics) because:
  never seen function:
    scatter id=140534754107744 defined at /opt/jax/jax/_src/dispatch.py:96
  but seen another function defined on the same line; maybe the function is
  being re-defined repeatedly, preventing caching?
2026-04-25 13:47:46,144 jax._src.interpreters.pxla WARNING: Compiling scatter with global shapes and types [ShapedArray(float64[3,5,1947]), ShapedArray(int32[2]), ShapedArray(float64[1947])]. Argument mapping: (UnspecifiedValue, UnspecifiedValue, UnspecifiedValue).
2026-04-25 13:47:46,147 jax._src.dispatch WARNING: Finished jaxpr to MLIR module conversion jit(scatter) in 0.002251387 sec
2026-04-25 13:47:46,157 jax._src.compiler WARNING: Persistent compilation cache hit for 'jit_scatter' with key 'jit_scatter-b697512bbd16010dcc3a7115a7a9a15c14807a6f8ccee97be05ce46413dea5f1'
2026-04-25 13:47:46,157 jax._src.dispatch WARNING: Finished XLA compilation of jit(scatter) in 0.010335922 sec
2026-04-25 13:47:46,159 jax._src.dispatch WARNING: Finished tracing + transforming multiply for pjit in 0.000319481 sec
2026-04-25 13:47:46,160 jax._src.interpreters.pxla WARNING: Compiling multiply with global shapes and types [ShapedArray(float64[], weak_type=True), ShapedArray(float64[1947])]. Argument mapping: (UnspecifiedValue, UnspecifiedValue).
2026-04-25 13:47:46,162 jax._src.dispatch WARNING: Finished jaxpr to MLIR module conversion jit(multiply) in 0.002213240 sec
2026-04-25 13:47:46,167 jax._src.compiler WARNING: Persistent compilation cache hit for 'jit_multiply' with key 'jit_multiply-bb2121961a98372387ff387484cddb09c46b1a5a585658b4cc1c9b23b6904301'
2026-04-25 13:47:46,167 jax._src.dispatch WARNING: Finished XLA compilation of jit(multiply) in 0.004794836 sec
2026-04-25 13:47:46,170 jax._src.dispatch WARNING: Finished tracing + transforming negative for pjit in 0.000168324 sec
2026-04-25 13:47:46,170 jax._src.interpreters.pxla WARNING: Compiling negative with global shapes and types [ShapedArray(float64[], weak_type=True)]. Argument mapping: (UnspecifiedValue,).
2026-04-25 13:47:46,172 jax._src.dispatch WARNING: Finished jaxpr to MLIR module conversion jit(negative) in 0.002047300 sec
2026-04-25 13:47:46,178 jax._src.compiler WARNING: Persistent compilation cache hit for 'jit_negative' with key 'jit_negative-5297446c470323bb7d66069c04d669e057dfd5746caa78980f7d060d67345cbc'
2026-04-25 13:47:46,178 jax._src.dispatch WARNING: Finished XLA compilation of jit(negative) in 0.005995035 sec
2026-04-25 13:47:46,182 jax._src.dispatch WARNING: Finished tracing + transforming multiply for pjit in 0.000241280 sec
2026-04-25 13:47:46,183 jax._src.interpreters.pxla WARNING: Compiling multiply with global shapes and types [ShapedArray(float64[], weak_type=True), ShapedArray(float64[], weak_type=True)]. Argument mapping: (UnspecifiedValue, UnspecifiedValue).
2026-04-25 13:47:46,185 jax._src.dispatch WARNING: Finished jaxpr to MLIR module conversion jit(multiply) in 0.002056360 sec
2026-04-25 13:47:46,196 jax._src.compiler WARNING: Persistent compilation cache hit for 'jit_multiply' with key 'jit_multiply-f43a231db0722ccb9c31951943a23270270c15cbd18a0ec2f6acb2fb857d88fa'
2026-04-25 13:47:46,196 jax._src.dispatch WARNING: Finished XLA compilation of jit(multiply) in 0.010958195 sec
2026-04-25 13:47:46,197 jax._src.dispatch WARNING: Finished tracing + transforming true_divide for pjit in 0.000265837 sec
2026-04-25 13:47:46,197 jax._src.interpreters.pxla WARNING: Compiling true_divide with global shapes and types [ShapedArray(float64[], weak_type=True), ShapedArray(float64[], weak_type=True)]. Argument mapping: (UnspecifiedValue, UnspecifiedValue).
2026-04-25 13:47:46,200 jax._src.dispatch WARNING: Finished jaxpr to MLIR module conversion jit(true_divide) in 0.002129793 sec
2026-04-25 13:47:46,208 jax._src.compiler WARNING: Persistent compilation cache hit for 'jit_true_divide' with key 'jit_true_divide-db502d33a7d2024c22fcb6feecc7e42a8e18c46ade900a5c326e105d6a5b3105'
2026-04-25 13:47:46,208 jax._src.dispatch WARNING: Finished XLA compilation of jit(true_divide) in 0.007650852 sec
2026-04-25 13:47:46,209 jax._src.dispatch WARNING: Finished tracing + transforming integer_pow for pjit in 0.000176668 sec
2026-04-25 13:47:46,209 jax._src.pjit WARNING: TRACING CACHE MISS at /global/homes/j/jackm/software/lorrax_B/src/psp/radial/solid_harmonics.py:93:43 (all_solid_harmonics) because:
  for integer_pow defined at /opt/jax/jax/_src/dispatch.py:96
  never seen input type signature:
    args[0]: f64[1947]
  closest seen input type signature has 1 mismatches, including:
    * at args[0], seen f64[26,2,24,24,80]({}), but now given f64[1947]({})
2026-04-25 13:47:46,209 jax._src.interpreters.pxla WARNING: Compiling integer_pow with global shapes and types [ShapedArray(float64[1947])]. Argument mapping: (UnspecifiedValue,).
2026-04-25 13:47:46,211 jax._src.dispatch WARNING: Finished jaxpr to MLIR module conversion jit(integer_pow) in 0.002020121 sec
2026-04-25 13:47:46,218 jax._src.compiler WARNING: Persistent compilation cache hit for 'jit_integer_pow' with key 'jit_integer_pow-ce5193d88cbddde469e7cf3f8da0d6fc1f08390775efac5ddd238e5d9c607ced'
2026-04-25 13:47:46,219 jax._src.dispatch WARNING: Finished XLA compilation of jit(integer_pow) in 0.006977558 sec
2026-04-25 13:47:46,220 jax._src.dispatch WARNING: Finished tracing + transforming multiply for pjit in 0.000331879 sec
2026-04-25 13:47:46,220 jax._src.interpreters.pxla WARNING: Compiling multiply with global shapes and types [ShapedArray(int64[], weak_type=True), ShapedArray(float64[1947])]. Argument mapping: (UnspecifiedValue, UnspecifiedValue).
2026-04-25 13:47:46,222 jax._src.dispatch WARNING: Finished jaxpr to MLIR module conversion jit(multiply) in 0.002199173 sec
2026-04-25 13:47:46,229 jax._src.compiler WARNING: Persistent compilation cache hit for 'jit_multiply' with key 'jit_multiply-7c1740b0df758550558b612912f6aa19f0de3461c42c145fb828acfd44669b54'
2026-04-25 13:47:46,229 jax._src.dispatch WARNING: Finished XLA compilation of jit(multiply) in 0.006287336 sec
2026-04-25 13:47:46,230 jax._src.dispatch WARNING: Finished tracing + transforming subtract for pjit in 0.000238180 sec
2026-04-25 13:47:46,230 jax._src.interpreters.pxla WARNING: Compiling subtract with global shapes and types [ShapedArray(float64[1947]), ShapedArray(float64[1947])]. Argument mapping: (UnspecifiedValue, UnspecifiedValue).
2026-04-25 13:47:46,233 jax._src.dispatch WARNING: Finished jaxpr to MLIR module conversion jit(subtract) in 0.002054453 sec
2026-04-25 13:47:46,237 jax._src.compiler WARNING: Persistent compilation cache hit for 'jit_subtract' with key 'jit_subtract-c3abfa2e87a93f0550c6aac6b7b7faed1f9c66cd902c330cfc7390b37056aea2'
2026-04-25 13:47:46,237 jax._src.dispatch WARNING: Finished XLA compilation of jit(subtract) in 0.004034042 sec
2026-04-25 13:47:46,240 jax._src.dispatch WARNING: Finished tracing + transforming multiply for pjit in 0.000233650 sec
2026-04-25 13:47:46,240 jax._src.interpreters.pxla WARNING: Compiling multiply with global shapes and types [ShapedArray(float64[1947]), ShapedArray(float64[1947])]. Argument mapping: (UnspecifiedValue, UnspecifiedValue).
2026-04-25 13:47:46,242 jax._src.dispatch WARNING: Finished jaxpr to MLIR module conversion jit(multiply) in 0.002052784 sec
2026-04-25 13:47:46,248 jax._src.compiler WARNING: Persistent compilation cache hit for 'jit_multiply' with key 'jit_multiply-73fa12fab29e6f04577a5822632af92ef26b8dc0e77cc52a1cac42ea1acd9320'
2026-04-25 13:47:46,248 jax._src.dispatch WARNING: Finished XLA compilation of jit(multiply) in 0.005181313 sec
2026-04-25 13:47:46,255 jax._src.dispatch WARNING: Finished tracing + transforming less for pjit in 0.000407696 sec
2026-04-25 13:47:46,255 jax._src.interpreters.pxla WARNING: Compiling less with global shapes and types [ShapedArray(int32[102]), ShapedArray(int64[], weak_type=True)]. Argument mapping: (UnspecifiedValue, UnspecifiedValue).
2026-04-25 13:47:46,258 jax._src.dispatch WARNING: Finished jaxpr to MLIR module conversion jit(less) in 0.002233744 sec
2026-04-25 13:47:46,264 jax._src.compiler WARNING: Persistent compilation cache hit for 'jit_less' with key 'jit_less-f6dc3602f3a755fb9a532ce06adb224eac73c7135f4f5fa6d8f2243786e03afd'
2026-04-25 13:47:46,264 jax._src.dispatch WARNING: Finished XLA compilation of jit(less) in 0.006218195 sec
2026-04-25 13:47:46,266 jax._src.dispatch WARNING: Finished tracing + transforming add for pjit in 0.000178099 sec
2026-04-25 13:47:46,266 jax._src.pjit WARNING: TRACING CACHE MISS at /global/homes/j/jackm/software/lorrax_B/src/psp/vnl_ops.py:371:10 (_build_vnl_kdata_core) because:
  never seen function:
    add id=140534755387456 defined at /opt/jax/jax/_src/dispatch.py:96
2026-04-25 13:47:46,266 jax._src.interpreters.pxla WARNING: Compiling add with global shapes and types [ShapedArray(int32[102]), ShapedArray(int32[])]. Argument mapping: (UnspecifiedValue, UnspecifiedValue).
2026-04-25 13:47:46,268 jax._src.dispatch WARNING: Finished jaxpr to MLIR module conversion jit(add) in 0.002069473 sec
2026-04-25 13:47:46,273 jax._src.compiler WARNING: Persistent compilation cache hit for 'jit_add' with key 'jit_add-8e5dc84642fb7362558718d395d76265cbc6944e4472d1f44ca7347c9b2be3e0'
2026-04-25 13:47:46,273 jax._src.dispatch WARNING: Finished XLA compilation of jit(add) in 0.004464149 sec
2026-04-25 13:47:46,274 jax._src.dispatch WARNING: Finished tracing + transforming select_n for pjit in 0.000171185 sec
2026-04-25 13:47:46,274 jax._src.pjit WARNING: TRACING CACHE MISS at /global/homes/j/jackm/software/lorrax_B/src/psp/vnl_ops.py:371:10 (_build_vnl_kdata_core) because:
  never seen function:
    select_n id=140534754114784 defined at /opt/jax/jax/_src/dispatch.py:96
  but seen another function defined on the same line; maybe the function is
  being re-defined repeatedly, preventing caching?
2026-04-25 13:47:46,274 jax._src.interpreters.pxla WARNING: Compiling select_n with global shapes and types [ShapedArray(bool[102]), ShapedArray(int32[102]), ShapedArray(int32[102])]. Argument mapping: (UnspecifiedValue, UnspecifiedValue, UnspecifiedValue).
2026-04-25 13:47:46,277 jax._src.dispatch WARNING: Finished jaxpr to MLIR module conversion jit(select_n) in 0.002042532 sec
2026-04-25 13:47:46,286 jax._src.compiler WARNING: Persistent compilation cache hit for 'jit_select_n' with key 'jit_select_n-87f49138c80641de9a4d99387cb0973ab2348aed961a8a962967bafcab96bef5'
2026-04-25 13:47:46,287 jax._src.dispatch WARNING: Finished XLA compilation of jit(select_n) in 0.009688139 sec
2026-04-25 13:47:46,288 jax._src.dispatch WARNING: Finished tracing + transforming _broadcast_arrays for pjit in 0.000093937 sec
2026-04-25 13:47:46,288 jax._src.interpreters.pxla WARNING: Compiling _broadcast_arrays with global shapes and types [ShapedArray(int32[102])]. Argument mapping: (UnspecifiedValue,).
2026-04-25 13:47:46,290 jax._src.dispatch WARNING: Finished jaxpr to MLIR module conversion jit(_broadcast_arrays) in 0.001930714 sec
2026-04-25 13:47:46,297 jax._src.compiler WARNING: Persistent compilation cache hit for 'jit__broadcast_arrays' with key 'jit__broadcast_arrays-6afdd6e85385cb2bc92f87380e23d2ed8adfade2b534879233770eb1a1abf7db'
2026-04-25 13:47:46,297 jax._src.dispatch WARNING: Finished XLA compilation of jit(_broadcast_arrays) in 0.006798267 sec
2026-04-25 13:47:46,298 jax._src.dispatch WARNING: Finished tracing + transforming broadcast_in_dim for pjit in 0.000193596 sec
2026-04-25 13:47:46,298 jax._src.pjit WARNING: TRACING CACHE MISS at /global/homes/j/jackm/software/lorrax_B/src/psp/vnl_ops.py:371:10 (_build_vnl_kdata_core) because:
  never seen function:
    broadcast_in_dim id=140534754445728 defined at /opt/jax/jax/_src/dispatch.py:96
  but seen another function defined on the same line; maybe the function is
  being re-defined repeatedly, preventing caching?
2026-04-25 13:47:46,298 jax._src.interpreters.pxla WARNING: Compiling broadcast_in_dim with global shapes and types [ShapedArray(int32[102])]. Argument mapping: (UnspecifiedValue,).
2026-04-25 13:47:46,300 jax._src.dispatch WARNING: Finished jaxpr to MLIR module conversion jit(broadcast_in_dim) in 0.002042532 sec
2026-04-25 13:47:46,306 jax._src.compiler WARNING: Persistent compilation cache hit for 'jit_broadcast_in_dim' with key 'jit_broadcast_in_dim-d6cc960e7464eb399ebf1bf712de56a155488bbf6358f054f5f73720e4b66de9'
2026-04-25 13:47:46,306 jax._src.dispatch WARNING: Finished XLA compilation of jit(broadcast_in_dim) in 0.005085230 sec
2026-04-25 13:47:46,307 jax._src.dispatch WARNING: Finished tracing + transforming gather for pjit in 0.000203371 sec
2026-04-25 13:47:46,307 jax._src.pjit WARNING: TRACING CACHE MISS at /global/homes/j/jackm/software/lorrax_B/src/psp/vnl_ops.py:371:10 (_build_vnl_kdata_core) because:
  never seen function:
    gather id=140534754448288 defined at /opt/jax/jax/_src/dispatch.py:96
  but seen another function defined on the same line; maybe the function is
  being re-defined repeatedly, preventing caching?
2026-04-25 13:47:46,307 jax._src.interpreters.pxla WARNING: Compiling gather with global shapes and types [ShapedArray(float64[20,1947]), ShapedArray(int32[102,1])]. Argument mapping: (UnspecifiedValue, UnspecifiedValue).
2026-04-25 13:47:46,309 jax._src.dispatch WARNING: Finished jaxpr to MLIR module conversion jit(gather) in 0.002103090 sec
2026-04-25 13:47:46,314 jax._src.compiler WARNING: Persistent compilation cache hit for 'jit_gather' with key 'jit_gather-8055d66bb70352b1f6b28b10a56ff4e870a50b577520890368984dfd4ec7337b'
2026-04-25 13:47:46,314 jax._src.dispatch WARNING: Finished XLA compilation of jit(gather) in 0.004530668 sec
2026-04-25 13:47:46,316 jax._src.dispatch WARNING: Finished tracing + transforming broadcast_in_dim for pjit in 0.000179291 sec
2026-04-25 13:47:46,316 jax._src.pjit WARNING: TRACING CACHE MISS at /global/homes/j/jackm/software/lorrax_B/src/psp/vnl_ops.py:371:10 (_build_vnl_kdata_core) because:
  never seen function:
    broadcast_in_dim id=140534754450368 defined at /opt/jax/jax/_src/dispatch.py:96
  but seen another function defined on the same line; maybe the function is
  being re-defined repeatedly, preventing caching?
2026-04-25 13:47:46,316 jax._src.interpreters.pxla WARNING: Compiling broadcast_in_dim with global shapes and types [ShapedArray(float64[102,1947])]. Argument mapping: (UnspecifiedValue,).
2026-04-25 13:47:46,318 jax._src.dispatch WARNING: Finished jaxpr to MLIR module conversion jit(broadcast_in_dim) in 0.001955271 sec
2026-04-25 13:47:46,325 jax._src.compiler WARNING: Persistent compilation cache hit for 'jit_broadcast_in_dim' with key 'jit_broadcast_in_dim-752687383ec996ab8f7d1d1f69ef8feed18bc64b30e47242073ba14a68211d44'
2026-04-25 13:47:46,325 jax._src.dispatch WARNING: Finished XLA compilation of jit(broadcast_in_dim) in 0.006462336 sec
2026-04-25 13:47:46,327 jax._src.dispatch WARNING: Finished tracing + transforming _broadcast_arrays for pjit in 0.000100374 sec
2026-04-25 13:47:46,327 jax._src.interpreters.pxla WARNING: Compiling _broadcast_arrays with global shapes and types [ShapedArray(int32[102]), ShapedArray(int32[102])]. Argument mapping: (UnspecifiedValue, UnspecifiedValue).
2026-04-25 13:47:46,329 jax._src.dispatch WARNING: Finished jaxpr to MLIR module conversion jit(_broadcast_arrays) in 0.001904488 sec
2026-04-25 13:47:46,335 jax._src.compiler WARNING: Persistent compilation cache hit for 'jit__broadcast_arrays' with key 'jit__broadcast_arrays-7bf5c8d322de06493827e3d57de06e55432772f86b1cf6066785ad7e65424e21'
2026-04-25 13:47:46,335 jax._src.dispatch WARNING: Finished XLA compilation of jit(_broadcast_arrays) in 0.005024672 sec
2026-04-25 13:47:46,336 jax._src.dispatch WARNING: Finished tracing + transforming concatenate for pjit in 0.000209570 sec
2026-04-25 13:47:46,336 jax._src.pjit WARNING: TRACING CACHE MISS at /global/homes/j/jackm/software/lorrax_B/src/psp/vnl_ops.py:372:10 (_build_vnl_kdata_core) because:
  never seen function:
    concatenate id=140534754452928 defined at /opt/jax/jax/_src/dispatch.py:96
2026-04-25 13:47:46,337 jax._src.interpreters.pxla WARNING: Compiling concatenate with global shapes and types [ShapedArray(int32[102,1]), ShapedArray(int32[102,1])]. Argument mapping: (UnspecifiedValue, UnspecifiedValue).
2026-04-25 13:47:46,339 jax._src.dispatch WARNING: Finished jaxpr to MLIR module conversion jit(concatenate) in 0.002060413 sec
2026-04-25 13:47:46,343 jax._src.compiler WARNING: Persistent compilation cache hit for 'jit_concatenate' with key 'jit_concatenate-cc09fb6d3a275dbf00c21eee39c2b36fbf926831a23ba25085286af7f7de726e'
2026-04-25 13:47:46,343 jax._src.dispatch WARNING: Finished XLA compilation of jit(concatenate) in 0.004223108 sec
2026-04-25 13:47:46,345 jax._src.dispatch WARNING: Finished tracing + transforming gather for pjit in 0.000208855 sec
2026-04-25 13:47:46,345 jax._src.pjit WARNING: TRACING CACHE MISS at /global/homes/j/jackm/software/lorrax_B/src/psp/vnl_ops.py:372:10 (_build_vnl_kdata_core) because:
  never seen function:
    gather id=140534754455808 defined at /opt/jax/jax/_src/dispatch.py:96
  but seen another function defined on the same line; maybe the function is
  being re-defined repeatedly, preventing caching?
2026-04-25 13:47:46,345 jax._src.interpreters.pxla WARNING: Compiling gather with global shapes and types [ShapedArray(float64[3,5,1947]), ShapedArray(int32[102,2])]. Argument mapping: (UnspecifiedValue, UnspecifiedValue).
2026-04-25 13:47:46,347 jax._src.dispatch WARNING: Finished jaxpr to MLIR module conversion jit(gather) in 0.002084494 sec
2026-04-25 13:47:46,352 jax._src.compiler WARNING: Persistent compilation cache hit for 'jit_gather' with key 'jit_gather-ab78784190675d838e6fee62ef7439078821cd65ec12a89f0ad947865ad498ca'
2026-04-25 13:47:46,352 jax._src.dispatch WARNING: Finished XLA compilation of jit(gather) in 0.004328489 sec
2026-04-25 13:47:46,354 jax._src.dispatch WARNING: Finished tracing + transforming transpose for pjit in 0.000288486 sec
2026-04-25 13:47:46,354 jax._src.pjit WARNING: TRACING CACHE MISS at /global/homes/j/jackm/software/lorrax_B/src/psp/vnl_ops.py:373:47 (_build_vnl_kdata_core) because:
  never seen function:
    transpose id=140534754458368 defined at /opt/jax/jax/_src/dispatch.py:96
2026-04-25 13:47:46,354 jax._src.interpreters.pxla WARNING: Compiling transpose with global shapes and types [ShapedArray(float64[102,3])]. Argument mapping: (UnspecifiedValue,).
2026-04-25 13:47:46,356 jax._src.dispatch WARNING: Finished jaxpr to MLIR module conversion jit(transpose) in 0.002092600 sec
2026-04-25 13:47:46,360 jax._src.compiler WARNING: Persistent compilation cache hit for 'jit_transpose' with key 'jit_transpose-4d1577ba79dfa3db537ba9c8af621c62c17aa2c914b20d3ee10b265c4c340f8c'
2026-04-25 13:47:46,360 jax._src.dispatch WARNING: Finished XLA compilation of jit(transpose) in 0.003970861 sec
2026-04-25 13:47:46,362 jax._src.dispatch WARNING: Finished tracing + transforming matmul for pjit in 0.000385046 sec
2026-04-25 13:47:46,362 jax._src.interpreters.pxla WARNING: Compiling matmul with global shapes and types [ShapedArray(float64[1947,3]), ShapedArray(float64[3,102])]. Argument mapping: (UnspecifiedValue, UnspecifiedValue).
2026-04-25 13:47:46,364 jax._src.dispatch WARNING: Finished jaxpr to MLIR module conversion jit(matmul) in 0.002091885 sec
2026-04-25 13:47:46,369 jax._src.compiler WARNING: Persistent compilation cache hit for 'jit_matmul' with key 'jit_matmul-63dfcf0db53427fafe4a47d3868158951887904815e855e421153aa37cbce3c4'
2026-04-25 13:47:46,369 jax._src.dispatch WARNING: Finished XLA compilation of jit(matmul) in 0.004376650 sec
2026-04-25 13:47:46,370 jax._src.dispatch WARNING: Finished tracing + transforming multiply for pjit in 0.000406265 sec
2026-04-25 13:47:46,370 jax._src.interpreters.pxla WARNING: Compiling multiply with global shapes and types [ShapedArray(complex128[], weak_type=True), ShapedArray(float64[1947,102])]. Argument mapping: (UnspecifiedValue, UnspecifiedValue).
2026-04-25 13:47:46,373 jax._src.dispatch WARNING: Finished jaxpr to MLIR module conversion jit(multiply) in 0.002220869 sec
2026-04-25 13:47:46,379 jax._src.compiler WARNING: Persistent compilation cache hit for 'jit_multiply' with key 'jit_multiply-8db6fb294a187363e139b106bad49f5353e449711aaf25f320bb393ffa3f2b39'
2026-04-25 13:47:46,379 jax._src.dispatch WARNING: Finished XLA compilation of jit(multiply) in 0.005656481 sec
2026-04-25 13:47:46,380 jax._src.dispatch WARNING: Finished tracing + transforming exp for pjit in 0.000209808 sec
2026-04-25 13:47:46,380 jax._src.interpreters.pxla WARNING: Compiling exp with global shapes and types [ShapedArray(complex128[1947,102])]. Argument mapping: (UnspecifiedValue,).
2026-04-25 13:47:46,383 jax._src.dispatch WARNING: Finished jaxpr to MLIR module conversion jit(exp) in 0.002049923 sec
2026-04-25 13:47:46,391 jax._src.compiler WARNING: Persistent compilation cache hit for 'jit_exp' with key 'jit_exp-1efc0c12b64eb2b420b5aa7c938bb36649f694bd8c8cd35476ba092d1aadbec6'
2026-04-25 13:47:46,391 jax._src.dispatch WARNING: Finished XLA compilation of jit(exp) in 0.007866621 sec
2026-04-25 13:47:46,393 jax._src.dispatch WARNING: Finished tracing + transforming transpose for pjit in 0.000275135 sec
2026-04-25 13:47:46,393 jax._src.pjit WARNING: TRACING CACHE MISS at /global/homes/j/jackm/software/lorrax_B/src/psp/vnl_ops.py:373:14 (_build_vnl_kdata_core) because:
  for transpose defined at /opt/jax/jax/_src/dispatch.py:96
  never seen input type signature:
    args[0]: c128[1947,102]
  closest seen input type signature has 1 mismatches, including:
    * at args[0], seen f64[102,3], but now given c128[1947,102]
2026-04-25 13:47:46,393 jax._src.interpreters.pxla WARNING: Compiling transpose with global shapes and types [ShapedArray(complex128[1947,102])]. Argument mapping: (UnspecifiedValue,).
2026-04-25 13:47:46,395 jax._src.dispatch WARNING: Finished jaxpr to MLIR module conversion jit(transpose) in 0.001974106 sec
2026-04-25 13:47:46,400 jax._src.compiler WARNING: Persistent compilation cache hit for 'jit_transpose' with key 'jit_transpose-3c9f3f675d64563c5d57706ea33cc6faf7afc20bfc1880361232b8e6461d0846'
2026-04-25 13:47:46,400 jax._src.dispatch WARNING: Finished XLA compilation of jit(transpose) in 0.004956484 sec
2026-04-25 13:47:46,402 jax._src.dispatch WARNING: Finished tracing + transforming _power for pjit in 0.000346184 sec
2026-04-25 13:47:46,402 jax._src.interpreters.pxla WARNING: Compiling _power with global shapes and types [ShapedArray(complex128[], weak_type=True), ShapedArray(int32[102])]. Argument mapping: (UnspecifiedValue, UnspecifiedValue).
2026-04-25 13:47:46,404 jax._src.dispatch WARNING: Finished jaxpr to MLIR module conversion jit(_power) in 0.002154827 sec
2026-04-25 13:47:46,410 jax._src.compiler WARNING: Persistent compilation cache hit for 'jit__power' with key 'jit__power-f6039993811bb7ad039e1ab787c564a0c577d5678daa39528ddc5d2288878413'
2026-04-25 13:47:46,410 jax._src.dispatch WARNING: Finished XLA compilation of jit(_power) in 0.005688190 sec
2026-04-25 13:47:46,412 jax._src.dispatch WARNING: Finished tracing + transforming multiply for pjit in 0.000325203 sec
2026-04-25 13:47:46,412 jax._src.interpreters.pxla WARNING: Compiling multiply with global shapes and types [ShapedArray(float64[]), ShapedArray(complex128[102])]. Argument mapping: (UnspecifiedValue, UnspecifiedValue).
2026-04-25 13:47:46,414 jax._src.dispatch WARNING: Finished jaxpr to MLIR module conversion jit(multiply) in 0.002104521 sec
2026-04-25 13:47:46,421 jax._src.compiler WARNING: Persistent compilation cache hit for 'jit_multiply' with key 'jit_multiply-db116134e539c89f282509cdf0268ff52a99e7f411b3460b6bf0746e252ae71c'
2026-04-25 13:47:46,421 jax._src.dispatch WARNING: Finished XLA compilation of jit(multiply) in 0.006227970 sec
2026-04-25 13:47:46,422 jax._src.dispatch WARNING: Finished tracing + transforming broadcast_in_dim for pjit in 0.000187397 sec
2026-04-25 13:47:46,422 jax._src.pjit WARNING: TRACING CACHE MISS at /global/homes/j/jackm/software/lorrax_B/src/psp/vnl_ops.py:376:8 (_build_vnl_kdata_core) because:
  for broadcast_in_dim defined at /opt/jax/jax/_src/dispatch.py:96
  never seen input type signature:
    args[0]: c128[102]
  closest seen input type signature has 1 mismatches, including:
    * at args[0], seen i32[102], but now given c128[102]
2026-04-25 13:47:46,422 jax._src.interpreters.pxla WARNING: Compiling broadcast_in_dim with global shapes and types [ShapedArray(complex128[102])]. Argument mapping: (UnspecifiedValue,).
2026-04-25 13:47:46,424 jax._src.dispatch WARNING: Finished jaxpr to MLIR module conversion jit(broadcast_in_dim) in 0.002020597 sec
2026-04-25 13:47:46,430 jax._src.compiler WARNING: Persistent compilation cache hit for 'jit_broadcast_in_dim' with key 'jit_broadcast_in_dim-f71ba246d1cc77aa856d10a038c595385f0a4fcc41ea6255d279b9e1b7a679b5'
2026-04-25 13:47:46,430 jax._src.dispatch WARNING: Finished XLA compilation of jit(broadcast_in_dim) in 0.004954815 sec
2026-04-25 13:47:46,431 jax._src.dispatch WARNING: Finished tracing + transforming multiply for pjit in 0.000299454 sec
2026-04-25 13:47:46,431 jax._src.interpreters.pxla WARNING: Compiling multiply with global shapes and types [ShapedArray(complex128[102,1]), ShapedArray(float64[102,1947])]. Argument mapping: (UnspecifiedValue, UnspecifiedValue).
2026-04-25 13:47:46,433 jax._src.dispatch WARNING: Finished jaxpr to MLIR module conversion jit(multiply) in 0.002310753 sec
2026-04-25 13:47:46,438 jax._src.compiler WARNING: Persistent compilation cache hit for 'jit_multiply' with key 'jit_multiply-da4884bf19bc653800aa305111a665ebe4df5cd2fd15a7fa81f5988bc22e2c16'
2026-04-25 13:47:46,438 jax._src.dispatch WARNING: Finished XLA compilation of jit(multiply) in 0.004851341 sec
2026-04-25 13:47:46,440 jax._src.dispatch WARNING: Finished tracing + transforming multiply for pjit in 0.000312090 sec
2026-04-25 13:47:46,440 jax._src.interpreters.pxla WARNING: Compiling multiply with global shapes and types [ShapedArray(complex128[102,1947]), ShapedArray(float64[102,1947])]. Argument mapping: (UnspecifiedValue, UnspecifiedValue).
2026-04-25 13:47:46,442 jax._src.dispatch WARNING: Finished jaxpr to MLIR module conversion jit(multiply) in 0.002133608 sec
2026-04-25 13:47:46,448 jax._src.compiler WARNING: Persistent compilation cache hit for 'jit_multiply' with key 'jit_multiply-28d23d0705ef47f8e5094587965708017b5a7ca79b3631c614f37e781e21d4da'
2026-04-25 13:47:46,448 jax._src.dispatch WARNING: Finished XLA compilation of jit(multiply) in 0.005270243 sec
2026-04-25 13:47:46,449 jax._src.dispatch WARNING: Finished tracing + transforming multiply for pjit in 0.000249624 sec
2026-04-25 13:47:46,450 jax._src.interpreters.pxla WARNING: Compiling multiply with global shapes and types [ShapedArray(complex128[102,1947]), ShapedArray(complex128[102,1947])]. Argument mapping: (UnspecifiedValue, UnspecifiedValue).
2026-04-25 13:47:46,452 jax._src.dispatch WARNING: Finished jaxpr to MLIR module conversion jit(multiply) in 0.002040386 sec
2026-04-25 13:47:46,457 jax._src.compiler WARNING: Persistent compilation cache hit for 'jit_multiply' with key 'jit_multiply-76ae31de1cebb793154f066e3501b584d9134852330efffb9ac88f42c21c1103'
2026-04-25 13:47:46,457 jax._src.dispatch WARNING: Finished XLA compilation of jit(multiply) in 0.005213976 sec
2026-04-25 13:47:46,459 jax._src.dispatch WARNING: Finished tracing + transforming _reduce_sum for pjit in 0.000370264 sec
2026-04-25 13:47:46,460 jax._src.dispatch WARNING: Finished tracing + transforming _mean for pjit in 0.001042843 sec
2026-04-25 13:47:46,460 jax._src.interpreters.pxla WARNING: Compiling _mean with global shapes and types [ShapedArray(float64[24,24,80])]. Argument mapping: (UnspecifiedValue,).
2026-04-25 13:47:46,463 jax._src.dispatch WARNING: Finished jaxpr to MLIR module conversion jit(_mean) in 0.002230167 sec
2026-04-25 13:47:46,468 jax._src.compiler WARNING: Persistent compilation cache hit for 'jit__mean' with key 'jit__mean-cdab4ecabfef1bcd4fc38d3d03e36b52bc0f066572e681cab0f038ab596f459e'
2026-04-25 13:47:46,468 jax._src.dispatch WARNING: Finished XLA compilation of jit(_mean) in 0.004979610 sec
2026-04-25 13:47:46,470 jax._src.dispatch WARNING: Finished tracing + transforming dynamic_slice for pjit in 0.000321388 sec
2026-04-25 13:47:46,470 jax._src.pjit WARNING: TRACING CACHE MISS at /global/homes/j/jackm/software/lorrax_B/src/psp/dft_operators.py:448:15 (build_h_diag) because:
  never seen function:
    dynamic_slice id=140534756546400 defined at /opt/jax/jax/_src/dispatch.py:96
2026-04-25 13:47:46,470 jax._src.interpreters.pxla WARNING: Compiling dynamic_slice with global shapes and types [ShapedArray(complex128[2,2,102,102]), ShapedArray(int64[], weak_type=True), ShapedArray(int64[], weak_type=True), ShapedArray(int64[], weak_type=True), ShapedArray(int64[], weak_type=True)]. Argument mapping: (UnspecifiedValue, UnspecifiedValue, UnspecifiedValue, UnspecifiedValue, UnspecifiedValue).
2026-04-25 13:47:46,472 jax._src.dispatch WARNING: Finished jaxpr to MLIR module conversion jit(dynamic_slice) in 0.002124548 sec
2026-04-25 13:47:46,477 jax._src.compiler WARNING: Persistent compilation cache hit for 'jit_dynamic_slice' with key 'jit_dynamic_slice-aa2f842dad84815825e7aad7180845bf3211fa6658294980ebc6c6ebf686c492'
2026-04-25 13:47:46,477 jax._src.dispatch WARNING: Finished XLA compilation of jit(dynamic_slice) in 0.004136562 sec
2026-04-25 13:47:46,478 jax._src.dispatch WARNING: Finished tracing + transforming squeeze for pjit in 0.000164270 sec
2026-04-25 13:47:46,478 jax._src.pjit WARNING: TRACING CACHE MISS at /global/homes/j/jackm/software/lorrax_B/src/psp/dft_operators.py:448:15 (build_h_diag) because:
  never seen function:
    squeeze id=140534756547200 defined at /opt/jax/jax/_src/dispatch.py:96
  but seen another function defined on the same line; maybe the function is
  being re-defined repeatedly, preventing caching?
2026-04-25 13:47:46,479 jax._src.interpreters.pxla WARNING: Compiling squeeze with global shapes and types [ShapedArray(complex128[1,1,102,102])]. Argument mapping: (UnspecifiedValue,).
2026-04-25 13:47:46,481 jax._src.dispatch WARNING: Finished jaxpr to MLIR module conversion jit(squeeze) in 0.002069235 sec
2026-04-25 13:47:46,489 jax._src.compiler WARNING: Persistent compilation cache hit for 'jit_squeeze' with key 'jit_squeeze-7365cbe5c860a99fb0eb98d235ec6e4710d871b5be96defabb686b7b068e3d1b'
2026-04-25 13:47:46,489 jax._src.dispatch WARNING: Finished XLA compilation of jit(squeeze) in 0.008044243 sec
2026-04-25 13:47:46,490 jax._src.dispatch WARNING: Finished tracing + transforming matmul for pjit in 0.000446558 sec
2026-04-25 13:47:46,491 jax._src.interpreters.pxla WARNING: Compiling matmul with global shapes and types [ShapedArray(complex128[102,102]), ShapedArray(complex128[102,1947])]. Argument mapping: (UnspecifiedValue, UnspecifiedValue).
2026-04-25 13:47:46,493 jax._src.dispatch WARNING: Finished jaxpr to MLIR module conversion jit(matmul) in 0.002101660 sec
2026-04-25 13:47:46,500 jax._src.compiler WARNING: Persistent compilation cache hit for 'jit_matmul' with key 'jit_matmul-0c21050eec223c8acdf27bef34432c6e4f46e8c5afe37d823fa01d1d83fa50d5'
2026-04-25 13:47:46,500 jax._src.dispatch WARNING: Finished XLA compilation of jit(matmul) in 0.006594658 sec
2026-04-25 13:47:46,580 jax._src.dispatch WARNING: Finished tracing + transforming conjugate for pjit in 0.000370979 sec
2026-04-25 13:47:46,580 jax._src.interpreters.pxla WARNING: Compiling conjugate with global shapes and types [ShapedArray(complex128[102,1947])]. Argument mapping: (UnspecifiedValue,).
2026-04-25 13:47:46,584 jax._src.dispatch WARNING: Finished tracing + transforming negative for pjit in 0.000142813 sec
2026-04-25 13:47:46,584 jax._src.dispatch WARNING: Finished jaxpr to MLIR module conversion jit(conjugate) in 0.003736973 sec
2026-04-25 13:47:46,591 jax._src.compiler WARNING: Persistent compilation cache hit for 'jit_conjugate' with key 'jit_conjugate-daf6f54de07857ad327442957a8b6fb20df2e1c28351fd48e055dcfe9b642f6e'
2026-04-25 13:47:46,591 jax._src.dispatch WARNING: Finished XLA compilation of jit(conjugate) in 0.006697655 sec
2026-04-25 13:47:46,593 jax._src.dispatch WARNING: Finished tracing + transforming _reduce_sum for pjit in 0.000393391 sec
2026-04-25 13:47:46,593 jax._src.interpreters.pxla WARNING: Compiling _reduce_sum with global shapes and types [ShapedArray(complex128[102,1947])]. Argument mapping: (UnspecifiedValue,).
2026-04-25 13:47:46,596 jax._src.dispatch WARNING: Finished jaxpr to MLIR module conversion jit(_reduce_sum) in 0.002261877 sec
2026-04-25 13:47:46,601 jax._src.compiler WARNING: Persistent compilation cache hit for 'jit__reduce_sum' with key 'jit__reduce_sum-e43bb5602d57698ccf2ee0fdbfa81008ee48bf0888115baac6890946322c91b0'
2026-04-25 13:47:46,601 jax._src.dispatch WARNING: Finished XLA compilation of jit(_reduce_sum) in 0.004851341 sec
2026-04-25 13:47:46,602 jax._src.dispatch WARNING: Finished tracing + transforming real for pjit in 0.000158548 sec
2026-04-25 13:47:46,602 jax._src.interpreters.pxla WARNING: Compiling real with global shapes and types [ShapedArray(complex128[1947])]. Argument mapping: (UnspecifiedValue,).
2026-04-25 13:47:46,605 jax._src.dispatch WARNING: Finished jaxpr to MLIR module conversion jit(real) in 0.002217293 sec
2026-04-25 13:47:46,609 jax._src.compiler WARNING: Persistent compilation cache hit for 'jit_real' with key 'jit_real-7cf70d8d38992e54615d7635a5510c36d311cd35284458eb6ba35995d5fff470'
2026-04-25 13:47:46,610 jax._src.dispatch WARNING: Finished XLA compilation of jit(real) in 0.004435301 sec
2026-04-25 13:47:46,611 jax._src.dispatch WARNING: Finished tracing + transforming add for pjit in 0.000259638 sec
2026-04-25 13:47:46,611 jax._src.interpreters.pxla WARNING: Compiling add with global shapes and types [ShapedArray(float64[1947]), ShapedArray(float64[1947])]. Argument mapping: (UnspecifiedValue, UnspecifiedValue).
2026-04-25 13:47:46,613 jax._src.dispatch WARNING: Finished jaxpr to MLIR module conversion jit(add) in 0.001631737 sec
2026-04-25 13:47:46,619 jax._src.compiler WARNING: Persistent compilation cache hit for 'jit_add' with key 'jit_add-4faa34e8c57da0ab26d4c16a1a6e206a74a173a2bc47117b3e999505174cd204'
2026-04-25 13:47:46,619 jax._src.dispatch WARNING: Finished XLA compilation of jit(add) in 0.005892038 sec
2026-04-25 13:47:46,622 jax._src.dispatch WARNING: Finished tracing + transforming add for pjit in 0.000266314 sec
2026-04-25 13:47:46,622 jax._src.interpreters.pxla WARNING: Compiling add with global shapes and types [ShapedArray(float64[1947]), ShapedArray(float64[])]. Argument mapping: (UnspecifiedValue, UnspecifiedValue).
2026-04-25 13:47:46,624 jax._src.dispatch WARNING: Finished jaxpr to MLIR module conversion jit(add) in 0.001657486 sec
2026-04-25 13:47:46,631 jax._src.compiler WARNING: Persistent compilation cache hit for 'jit_add' with key 'jit_add-4a3216e33b29b81ce9ec8a44271ee0d122a4332f67ecdf5b54807c45263b5292'
2026-04-25 13:47:46,631 jax._src.dispatch WARNING: Finished XLA compilation of jit(add) in 0.006522417 sec
2026-04-25 13:47:46,634 jax._src.dispatch WARNING: Finished tracing + transforming convert_element_type for pjit in 0.001413584 sec
2026-04-25 13:47:46,634 jax._src.pjit WARNING: TRACING CACHE MISS at /global/homes/j/jackm/software/lorrax_B/src/psp/dft_operators.py:553:11 (setup_H_k_from_kvec) because:
  never seen function:
    convert_element_type id=140534756553120 defined at /opt/jax/jax/_src/dispatch.py:96
2026-04-25 13:47:46,634 jax._src.interpreters.pxla WARNING: Compiling convert_element_type with global shapes and types [ShapedArray(bool[])]. Argument mapping: (UnspecifiedValue,).
2026-04-25 13:47:46,636 jax._src.dispatch WARNING: Finished jaxpr to MLIR module conversion jit(convert_element_type) in 0.001832008 sec
2026-04-25 13:47:46,641 jax._src.compiler WARNING: Persistent compilation cache hit for 'jit_convert_element_type' with key 'jit_convert_element_type-7c3a11314f40d483b8fcebcf9483af81f18974d4885efb26af028d494d593d01'
2026-04-25 13:47:46,641 jax._src.dispatch WARNING: Finished XLA compilation of jit(convert_element_type) in 0.004937172 sec
2026-04-25 13:47:46,642 jax._src.dispatch WARNING: Finished tracing + transforming broadcast_in_dim for pjit in 0.000187159 sec
2026-04-25 13:47:46,642 jax._src.pjit WARNING: TRACING CACHE MISS at /global/homes/j/jackm/software/lorrax_B/src/psp/dft_operators.py:553:11 (setup_H_k_from_kvec) because:
  for broadcast_in_dim defined at /opt/jax/jax/_src/dispatch.py:96
  never seen input type signature:
    args[0]: bool[]
  closest seen input type signature has 1 mismatches, including:
    * at args[0], seen f64[], but now given bool[]
2026-04-25 13:47:46,642 jax._src.interpreters.pxla WARNING: Compiling broadcast_in_dim with global shapes and types [ShapedArray(bool[])]. Argument mapping: (UnspecifiedValue,).
2026-04-25 13:47:46,644 jax._src.dispatch WARNING: Finished jaxpr to MLIR module conversion jit(broadcast_in_dim) in 0.002014160 sec
2026-04-25 13:47:46,656 jax._src.compiler WARNING: Persistent compilation cache hit for 'jit_broadcast_in_dim' with key 'jit_broadcast_in_dim-bd5f35be5c744414e2510b05ea54bd88e8bdd21bba3db80eb716726198895be7'
2026-04-25 13:47:46,656 jax._src.dispatch WARNING: Finished XLA compilation of jit(broadcast_in_dim) in 0.011110544 sec
2026-04-25 13:47:46,657 jax._src.dispatch WARNING: Finished tracing + transforming _pad for pjit in 0.000478983 sec
2026-04-25 13:47:46,657 jax._src.pjit WARNING: TRACING CACHE MISS at /global/homes/j/jackm/software/lorrax_B/src/psp/dft_operators.py:558:17 (setup_H_k_from_kvec) because:
  never seen function:
    _pad id=140536340715360 defined at /opt/jax/jax/_src/numpy/lax_numpy.py:4207
2026-04-25 13:47:46,658 jax._src.interpreters.pxla WARNING: Compiling _pad with global shapes and types [ShapedArray(float64[1947]), ShapedArray(float64[], weak_type=True)]. Argument mapping: (UnspecifiedValue, UnspecifiedValue).
2026-04-25 13:47:46,660 jax._src.dispatch WARNING: Finished jaxpr to MLIR module conversion jit(_pad) in 0.002151012 sec
2026-04-25 13:47:46,667 jax._src.compiler WARNING: Persistent compilation cache hit for 'jit__pad' with key 'jit__pad-4417d716c91ce656ed73c975c13cabab3b5b996d992ae2b3da689532e865ef3a'
2026-04-25 13:47:46,667 jax._src.dispatch WARNING: Finished XLA compilation of jit(_pad) in 0.006772995 sec
2026-04-25 13:47:46,668 jax._src.dispatch WARNING: Finished tracing + transforming _pad for pjit in 0.000423431 sec
2026-04-25 13:47:46,669 jax._src.pjit WARNING: TRACING CACHE MISS at /global/homes/j/jackm/software/lorrax_B/src/psp/dft_operators.py:560:13 (setup_H_k_from_kvec) because:
  for _pad defined at /opt/jax/jax/_src/numpy/lax_numpy.py:4207
  never seen input type signature:
    array: i32[1947],  constant_values: i64[]
  closest seen input type signature has 2 mismatches, including:
    * at array, seen f64[1947], but now given i32[1947]
    * at constant_values, seen f64[], but now given i64[]
2026-04-25 13:47:46,669 jax._src.interpreters.pxla WARNING: Compiling _pad with global shapes and types [ShapedArray(int32[1947]), ShapedArray(int64[], weak_type=True)]. Argument mapping: (UnspecifiedValue, UnspecifiedValue).
2026-04-25 13:47:46,671 jax._src.dispatch WARNING: Finished jaxpr to MLIR module conversion jit(_pad) in 0.002120972 sec
2026-04-25 13:47:46,676 jax._src.compiler WARNING: Persistent compilation cache hit for 'jit__pad' with key 'jit__pad-081ae4cf1d9bb8392e9f62814ed936e88f147f65d0be92147c844a25a03c91ea'
2026-04-25 13:47:46,676 jax._src.dispatch WARNING: Finished XLA compilation of jit(_pad) in 0.004287958 sec
2026-04-25 13:47:46,678 jax._src.dispatch WARNING: Finished tracing + transforming _pad for pjit in 0.000529528 sec
2026-04-25 13:47:46,678 jax._src.pjit WARNING: TRACING CACHE MISS at /global/homes/j/jackm/software/lorrax_B/src/psp/dft_operators.py:563:16 (setup_H_k_from_kvec) because:
  for _pad defined at /opt/jax/jax/_src/numpy/lax_numpy.py:4207
  never seen input type signature:
    array: c128[102,1947],  constant_values: f64[]
  closest seen input type signature has 1 mismatches, including:
    * at array, seen f64[1947]({}), but now given c128[102,1947]({})
2026-04-25 13:47:46,678 jax._src.interpreters.pxla WARNING: Compiling _pad with global shapes and types [ShapedArray(complex128[102,1947]), ShapedArray(float64[], weak_type=True)]. Argument mapping: (UnspecifiedValue, UnspecifiedValue).
2026-04-25 13:47:46,680 jax._src.dispatch WARNING: Finished jaxpr to MLIR module conversion jit(_pad) in 0.002135515 sec
2026-04-25 13:47:46,685 jax._src.compiler WARNING: Persistent compilation cache hit for 'jit__pad' with key 'jit__pad-ec741fbaf7b605d80cad098b8e3eaa2121e76a0b9c73a5494091d4f6752b8961'
2026-04-25 13:47:46,685 jax._src.dispatch WARNING: Finished XLA compilation of jit(_pad) in 0.003994465 sec
2026-04-25 13:47:46,686 jax._src.dispatch WARNING: Finished tracing + transforming broadcast_in_dim for pjit in 0.000198841 sec
2026-04-25 13:47:46,686 jax._src.pjit WARNING: TRACING CACHE MISS at /global/homes/j/jackm/software/lorrax_B/src/psp/dft_operators.py:565:38 (setup_H_k_from_kvec) because:
  never seen function:
    broadcast_in_dim id=140534756084448 defined at /opt/jax/jax/_src/dispatch.py:96
2026-04-25 13:47:46,687 jax._src.interpreters.pxla WARNING: Compiling broadcast_in_dim with global shapes and types [ShapedArray(bool[])]. Argument mapping: (UnspecifiedValue,).
2026-04-25 13:47:46,689 jax._src.dispatch WARNING: Finished jaxpr to MLIR module conversion jit(broadcast_in_dim) in 0.002030849 sec
2026-04-25 13:47:46,694 jax._src.compiler WARNING: Persistent compilation cache hit for 'jit_broadcast_in_dim' with key 'jit_broadcast_in_dim-d6f4fbf694930bfffe9a9f24dbdb1745ec3838e727001a97670202bfd98ea7cf'
2026-04-25 13:47:46,694 jax._src.dispatch WARNING: Finished XLA compilation of jit(broadcast_in_dim) in 0.005433083 sec
2026-04-25 13:47:46,695 jax._src.dispatch WARNING: Finished tracing + transforming concatenate for pjit in 0.000161409 sec
2026-04-25 13:47:46,696 jax._src.pjit WARNING: TRACING CACHE MISS at /global/homes/j/jackm/software/lorrax_B/src/psp/dft_operators.py:565:15 (setup_H_k_from_kvec) because:
  for concatenate defined at /opt/jax/jax/_src/dispatch.py:96
  never seen input type signature:
    args[0]: bool[1947],  args[1]: bool[16]
  closest seen input type signature has 2 mismatches, including:
    * at args[0], seen i32[1], but now given bool[1947]
    * at args[1], seen i32[1], but now given bool[16]
2026-04-25 13:47:46,696 jax._src.interpreters.pxla WARNING: Compiling concatenate with global shapes and types [ShapedArray(bool[1947]), ShapedArray(bool[16])]. Argument mapping: (UnspecifiedValue, UnspecifiedValue).
2026-04-25 13:47:46,698 jax._src.dispatch WARNING: Finished jaxpr to MLIR module conversion jit(concatenate) in 0.002061129 sec
2026-04-25 13:47:46,703 jax._src.compiler WARNING: Persistent compilation cache hit for 'jit_concatenate' with key 'jit_concatenate-d860c8ffa8ba005ee62f00d1f6d89485e62fb204b15e071a49ade80302a2cc1b'
2026-04-25 13:47:46,703 jax._src.dispatch WARNING: Finished XLA compilation of jit(concatenate) in 0.004759789 sec
2026-04-25 13:47:46,704 jax._src.dispatch WARNING: Finished tracing + transforming broadcast_in_dim for pjit in 0.000187397 sec
2026-04-25 13:47:46,705 jax._src.pjit WARNING: TRACING CACHE MISS at /global/homes/j/jackm/software/lorrax_B/src/psp/run_sternheimer.py:1147:17 (run_sternheimer) because:
  never seen function:
    broadcast_in_dim id=140534756085888 defined at /opt/jax/jax/_src/dispatch.py:96
2026-04-25 13:47:46,705 jax._src.interpreters.pxla WARNING: Compiling broadcast_in_dim with global shapes and types [ShapedArray(int32[1963])]. Argument mapping: (UnspecifiedValue,).
2026-04-25 13:47:46,707 jax._src.dispatch WARNING: Finished jaxpr to MLIR module conversion jit(broadcast_in_dim) in 0.002003431 sec
2026-04-25 13:47:46,712 jax._src.compiler WARNING: Persistent compilation cache hit for 'jit_broadcast_in_dim' with key 'jit_broadcast_in_dim-445cce8e5d0261834a828d59a43952030a7110e23e340215c20c95e3d69e624b'
2026-04-25 13:47:46,712 jax._src.dispatch WARNING: Finished XLA compilation of jit(broadcast_in_dim) in 0.005119801 sec
2026-04-25 13:47:46,714 jax._src.dispatch WARNING: Finished tracing + transforming concatenate for pjit in 0.000216961 sec
2026-04-25 13:47:46,714 jax._src.pjit WARNING: TRACING CACHE MISS at /global/homes/j/jackm/software/lorrax_B/src/psp/run_sternheimer.py:1147:17 (run_sternheimer) because:
  for concatenate defined at /opt/jax/jax/_src/dispatch.py:96
  never seen passing 3 positional args and 0 keyword args with keys:
    
  closest seen is passing no keyword args
2026-04-25 13:47:46,714 jax._src.interpreters.pxla WARNING: Compiling concatenate with global shapes and types [ShapedArray(int32[1963,1]), ShapedArray(int32[1963,1]), ShapedArray(int32[1963,1])]. Argument mapping: (UnspecifiedValue, UnspecifiedValue, UnspecifiedValue).
2026-04-25 13:47:46,716 jax._src.dispatch WARNING: Finished jaxpr to MLIR module conversion jit(concatenate) in 0.002032757 sec
2026-04-25 13:47:46,724 jax._src.compiler WARNING: Persistent compilation cache hit for 'jit_concatenate' with key 'jit_concatenate-b4ddfd1f8e829fb2e1523bd48b7956a0bd857f8b2f30bc4f1115061a9e0f9f70'
2026-04-25 13:47:46,724 jax._src.dispatch WARNING: Finished XLA compilation of jit(concatenate) in 0.007813692 sec
2026-04-25 13:47:46,731 jax._src.dispatch WARNING: Finished tracing + transforming convert_element_type for pjit in 0.000149012 sec
2026-04-25 13:47:46,731 jax._src.pjit WARNING: TRACING CACHE MISS at /global/homes/j/jackm/software/lorrax_B/src/psp/dft_operators.py:264:9 (_T_diag_from_G) because:
  for convert_element_type defined at /opt/jax/jax/_src/dispatch.py:96
  never seen input type signature:
    args[0]: i32[1963]
  closest seen input type signature has 1 mismatches, including:
    * at args[0], seen i32[102], but now given i32[1963]
2026-04-25 13:47:46,731 jax._src.interpreters.pxla WARNING: Compiling convert_element_type with global shapes and types [ShapedArray(int32[1963])]. Argument mapping: (UnspecifiedValue,).
2026-04-25 13:47:46,733 jax._src.dispatch WARNING: Finished jaxpr to MLIR module conversion jit(convert_element_type) in 0.001502991 sec
2026-04-25 13:47:46,737 jax._src.compiler WARNING: Persistent compilation cache hit for 'jit_convert_element_type' with key 'jit_convert_element_type-f10ecb4eb9b4f465c0dfb712daae6f6c9a00390402e7c941c79c60a2e61707d5'
2026-04-25 13:47:46,738 jax._src.dispatch WARNING: Finished XLA compilation of jit(convert_element_type) in 0.004674911 sec
2026-04-25 13:47:46,740 jax._src.dispatch WARNING: Finished tracing + transforming convert_element_type for pjit in 0.000174761 sec
2026-04-25 13:47:46,740 jax._src.pjit WARNING: TRACING CACHE MISS at /global/homes/j/jackm/software/lorrax_B/src/psp/vnl_ops.py:344:13 (_build_vnl_kdata_core) because:
  for convert_element_type defined at /opt/jax/jax/_src/dispatch.py:96
  never seen input type signature:
    args[0]: f64[1963,3]
  closest seen input type signature has 1 mismatches, including:
    * at args[0], seen f64[]({}), but now given f64[1963,3]({})
2026-04-25 13:47:46,740 jax._src.interpreters.pxla WARNING: Compiling convert_element_type with global shapes and types [ShapedArray(float64[1963,3])]. Argument mapping: (UnspecifiedValue,).
2026-04-25 13:47:46,742 jax._src.dispatch WARNING: Finished jaxpr to MLIR module conversion jit(convert_element_type) in 0.001479864 sec
2026-04-25 13:47:46,746 jax._src.compiler WARNING: Persistent compilation cache hit for 'jit_convert_element_type' with key 'jit_convert_element_type-9a999e280c7fef2bfe4b39f62ceae8bb5c86378dfa285fb3e9512693f92c56c6'
2026-04-25 13:47:46,746 jax._src.dispatch WARNING: Finished XLA compilation of jit(convert_element_type) in 0.003996611 sec
2026-04-25 13:47:46,747 jax._src.dispatch WARNING: Finished tracing + transforming add for pjit in 0.000347376 sec
2026-04-25 13:47:46,748 jax._src.interpreters.pxla WARNING: Compiling add with global shapes and types [ShapedArray(float64[1963,3]), ShapedArray(float64[1,3])]. Argument mapping: (UnspecifiedValue, UnspecifiedValue).
2026-04-25 13:47:46,750 jax._src.dispatch WARNING: Finished jaxpr to MLIR module conversion jit(add) in 0.001706600 sec
2026-04-25 13:47:46,757 jax._src.compiler WARNING: Persistent compilation cache hit for 'jit_add' with key 'jit_add-23e2cc1576b9f7b0bb9d1b9b6568da50f8e9d6bf10fd059c62be46edb9cda042'
2026-04-25 13:47:46,757 jax._src.dispatch WARNING: Finished XLA compilation of jit(add) in 0.007292271 sec
2026-04-25 13:47:46,759 jax._src.dispatch WARNING: Finished tracing + transforming matmul for pjit in 0.000376940 sec
2026-04-25 13:47:46,759 jax._src.interpreters.pxla WARNING: Compiling matmul with global shapes and types [ShapedArray(float64[1963,3]), ShapedArray(float64[3,3])]. Argument mapping: (UnspecifiedValue, UnspecifiedValue).
2026-04-25 13:47:46,761 jax._src.dispatch WARNING: Finished jaxpr to MLIR module conversion jit(matmul) in 0.001678705 sec
2026-04-25 13:47:46,766 jax._src.compiler WARNING: Persistent compilation cache hit for 'jit_matmul' with key 'jit_matmul-b438ccb16c90cdf050d904fcc792e13b3bd088ded9d09fadfe6ef967b90f8827'
2026-04-25 13:47:46,766 jax._src.dispatch WARNING: Finished XLA compilation of jit(matmul) in 0.004809141 sec
2026-04-25 13:47:46,767 jax._src.dispatch WARNING: Finished tracing + transforming integer_pow for pjit in 0.000165462 sec
2026-04-25 13:47:46,767 jax._src.pjit WARNING: TRACING CACHE MISS at /global/homes/j/jackm/software/lorrax_B/src/psp/vnl_ops.py:356:25 (_build_vnl_kdata_core) because:
  for integer_pow defined at /opt/jax/jax/_src/dispatch.py:96
  never seen input type signature:
    args[0]: f64[1963,3]
  closest seen input type signature has 1 mismatches, including:
    * at args[0], seen f64[26,2,24,24,80]({}), but now given f64[1963,3]({})
2026-04-25 13:47:46,767 jax._src.interpreters.pxla WARNING: Compiling integer_pow with global shapes and types [ShapedArray(float64[1963,3])]. Argument mapping: (UnspecifiedValue,).
2026-04-25 13:47:46,769 jax._src.dispatch WARNING: Finished jaxpr to MLIR module conversion jit(integer_pow) in 0.001618385 sec
2026-04-25 13:47:46,774 jax._src.compiler WARNING: Persistent compilation cache hit for 'jit_integer_pow' with key 'jit_integer_pow-9593c98b747172fea50372f1cd6175a2c4884a932d1cef2748d0ad60a1fcaa16'
2026-04-25 13:47:46,774 jax._src.dispatch WARNING: Finished XLA compilation of jit(integer_pow) in 0.004566431 sec
2026-04-25 13:47:46,775 jax._src.dispatch WARNING: Finished tracing + transforming _reduce_sum for pjit in 0.000382423 sec
2026-04-25 13:47:46,775 jax._src.interpreters.pxla WARNING: Compiling _reduce_sum with global shapes and types [ShapedArray(float64[1963,3])]. Argument mapping: (UnspecifiedValue,).
2026-04-25 13:47:46,777 jax._src.dispatch WARNING: Finished jaxpr to MLIR module conversion jit(_reduce_sum) in 0.002072811 sec
2026-04-25 13:47:46,783 jax._src.compiler WARNING: Persistent compilation cache hit for 'jit__reduce_sum' with key 'jit__reduce_sum-904ff719eb913b081fcb857c8fba57b0b11e1096da6336ff752591ab347853a7'
2026-04-25 13:47:46,783 jax._src.dispatch WARNING: Finished XLA compilation of jit(_reduce_sum) in 0.005256891 sec
2026-04-25 13:47:46,784 jax._src.dispatch WARNING: Finished tracing + transforming add for pjit in 0.000406265 sec
2026-04-25 13:47:46,784 jax._src.interpreters.pxla WARNING: Compiling add with global shapes and types [ShapedArray(float64[1963]), ShapedArray(float64[], weak_type=True)]. Argument mapping: (UnspecifiedValue, UnspecifiedValue).
2026-04-25 13:47:46,787 jax._src.dispatch WARNING: Finished jaxpr to MLIR module conversion jit(add) in 0.002034664 sec
2026-04-25 13:47:46,793 jax._src.compiler WARNING: Persistent compilation cache hit for 'jit_add' with key 'jit_add-de3e8314773817d948534b1042b7ba56f0fa7c7c00f2584d1d4b326c13896707'
2026-04-25 13:47:46,793 jax._src.dispatch WARNING: Finished XLA compilation of jit(add) in 0.006198645 sec
2026-04-25 13:47:46,794 jax._src.dispatch WARNING: Finished tracing + transforming sqrt for pjit in 0.000205517 sec
2026-04-25 13:47:46,794 jax._src.interpreters.pxla WARNING: Compiling sqrt with global shapes and types [ShapedArray(float64[1963])]. Argument mapping: (UnspecifiedValue,).
2026-04-25 13:47:46,796 jax._src.dispatch WARNING: Finished jaxpr to MLIR module conversion jit(sqrt) in 0.001613855 sec
2026-04-25 13:47:46,801 jax._src.compiler WARNING: Persistent compilation cache hit for 'jit_sqrt' with key 'jit_sqrt-b58aeb83517d76217c0fac339fdef97fb0c5aed77ee4985a0f5d5a1bf448af26'
2026-04-25 13:47:46,801 jax._src.dispatch WARNING: Finished XLA compilation of jit(sqrt) in 0.004583836 sec
2026-04-25 13:47:46,803 jax._src.dispatch WARNING: Finished tracing + transforming true_divide for pjit in 0.000313044 sec
2026-04-25 13:47:46,803 jax._src.dispatch WARNING: Finished tracing + transforming floor for pjit in 0.000196695 sec
2026-04-25 13:47:46,804 jax._src.dispatch WARNING: Finished tracing + transforming maximum for pjit in 0.000564098 sec
2026-04-25 13:47:46,805 jax._src.dispatch WARNING: Finished tracing + transforming minimum for pjit in 0.000539541 sec
2026-04-25 13:47:46,805 jax._src.dispatch WARNING: Finished tracing + transforming clip for pjit in 0.001825333 sec
2026-04-25 13:47:46,805 jax._src.pjit WARNING: TRACING CACHE MISS at /global/homes/j/jackm/software/lorrax_B/src/psp/vnl_ops.py:260:10 (_table_interp) because:
  for clip defined at /opt/jax/jax/_src/numpy/lax_numpy.py:3379
  never seen input type signature:
    arr: i32[1963],  min: i64[],  max: i64[]
  closest seen input type signature has 1 mismatches, including:
    * at arr, seen i32[46080], but now given i32[1963]
2026-04-25 13:47:46,806 jax._src.dispatch WARNING: Finished tracing + transforming multiply for pjit in 0.000303030 sec
2026-04-25 13:47:46,806 jax._src.dispatch WARNING: Finished tracing + transforming subtract for pjit in 0.000270367 sec
2026-04-25 13:47:46,807 jax._src.dispatch WARNING: Finished tracing + transforming maximum for pjit in 0.000521183 sec
2026-04-25 13:47:46,808 jax._src.dispatch WARNING: Finished tracing + transforming minimum for pjit in 0.000523329 sec
2026-04-25 13:47:46,808 jax._src.dispatch WARNING: Finished tracing + transforming clip for pjit in 0.001645565 sec
2026-04-25 13:47:46,809 jax._src.pjit WARNING: TRACING CACHE MISS at /global/homes/j/jackm/software/lorrax_B/src/psp/vnl_ops.py:262:8 (_table_interp) because:
  for clip defined at /opt/jax/jax/_src/numpy/lax_numpy.py:3379
  never seen input type signature:
    arr: f64[1963],  min: f64[],  max: f64[]
  closest seen input type signature has 1 mismatches, including:
    * at arr, seen f64[46080], but now given f64[1963]
2026-04-25 13:47:46,809 jax._src.dispatch WARNING: Finished tracing + transforming subtract for pjit in 0.000354290 sec
2026-04-25 13:47:46,810 jax._src.dispatch WARNING: Finished tracing + transforming less for pjit in 0.000322819 sec
2026-04-25 13:47:46,811 jax._src.dispatch WARNING: Finished tracing + transforming _broadcast_arrays for pjit in 0.000077963 sec
2026-04-25 13:47:46,811 jax._src.dispatch WARNING: Finished tracing + transforming multiply for pjit in 0.000244379 sec
2026-04-25 13:47:46,812 jax._src.dispatch WARNING: Finished tracing + transforming add for pjit in 0.000290155 sec
2026-04-25 13:47:46,813 jax._src.dispatch WARNING: Finished tracing + transforming add for pjit in 0.000221729 sec
2026-04-25 13:47:46,814 jax._src.dispatch WARNING: Finished tracing + transforming _table_interp for pjit in 0.011910200 sec
2026-04-25 13:47:46,814 jax._src.pjit WARNING: TRACING CACHE MISS at /global/homes/j/jackm/software/lorrax_B/src/psp/vnl_ops.py:281:11 (_interp_with_deriv) because:
  for _table_interp defined at /global/homes/j/jackm/software/lorrax_B/src/psp/vnl_ops.py:248
  never seen input type signature:
    q: f64[1963],  dq: f64[],  table: f64[20,4000]
  closest seen input type signature has 1 mismatches, including:
    * at q, seen f64[1947], but now given f64[1963]
2026-04-25 13:47:46,815 jax._src.interpreters.pxla WARNING: Compiling _table_interp with global shapes and types [ShapedArray(float64[1963]), ShapedArray(float64[], weak_type=True), ShapedArray(float64[20,4000])]. Argument mapping: (UnspecifiedValue, UnspecifiedValue, UnspecifiedValue).
2026-04-25 13:47:46,821 jax._src.dispatch WARNING: Finished jaxpr to MLIR module conversion jit(_table_interp) in 0.006015778 sec
2026-04-25 13:47:46,828 jax._src.compiler WARNING: Persistent compilation cache hit for 'jit__table_interp' with key 'jit__table_interp-6902c3dea6a719c00f64fc373de4ae9774756a613415c99ce74b2e3f1b1f4dcc'
2026-04-25 13:47:46,828 jax._src.dispatch WARNING: Finished XLA compilation of jit(_table_interp) in 0.007369280 sec
2026-04-25 13:47:46,831 jax._src.dispatch WARNING: Finished tracing + transforming dynamic_slice for pjit in 0.000205517 sec
2026-04-25 13:47:46,831 jax._src.pjit WARNING: TRACING CACHE MISS at /global/homes/j/jackm/software/lorrax_B/src/psp/radial/solid_harmonics.py:72:8 (all_solid_harmonics) because:
  never seen function:
    dynamic_slice id=140534756671008 defined at /opt/jax/jax/_src/dispatch.py:96
  but seen another function defined on the same line; maybe the function is
  being re-defined repeatedly, preventing caching?
2026-04-25 13:47:46,831 jax._src.interpreters.pxla WARNING: Compiling dynamic_slice with global shapes and types [ShapedArray(float64[1963,3]), ShapedArray(int64[], weak_type=True), ShapedArray(int64[], weak_type=True)]. Argument mapping: (UnspecifiedValue, UnspecifiedValue, UnspecifiedValue).
2026-04-25 13:47:46,833 jax._src.dispatch WARNING: Finished jaxpr to MLIR module conversion jit(dynamic_slice) in 0.002000570 sec
2026-04-25 13:47:46,839 jax._src.compiler WARNING: Persistent compilation cache hit for 'jit_dynamic_slice' with key 'jit_dynamic_slice-3bc94acc285d73c7844cf3801903fc55287b51081998292c5fbcbc5e9280bba7'
2026-04-25 13:47:46,839 jax._src.dispatch WARNING: Finished XLA compilation of jit(dynamic_slice) in 0.005270720 sec
2026-04-25 13:47:46,840 jax._src.dispatch WARNING: Finished tracing + transforming squeeze for pjit in 0.000157118 sec
2026-04-25 13:47:46,840 jax._src.pjit WARNING: TRACING CACHE MISS at /global/homes/j/jackm/software/lorrax_B/src/psp/radial/solid_harmonics.py:72:8 (all_solid_harmonics) because:
  for squeeze defined at /opt/jax/jax/_src/dispatch.py:96
  never seen input type signature:
    args[0]: f64[1963,1]
  closest seen input type signature has 1 mismatches, including:
    * at args[0], seen f64[1947,1], but now given f64[1963,1]
2026-04-25 13:47:46,840 jax._src.interpreters.pxla WARNING: Compiling squeeze with global shapes and types [ShapedArray(float64[1963,1])]. Argument mapping: (UnspecifiedValue,).
2026-04-25 13:47:46,842 jax._src.dispatch WARNING: Finished jaxpr to MLIR module conversion jit(squeeze) in 0.002028227 sec
2026-04-25 13:47:46,848 jax._src.compiler WARNING: Persistent compilation cache hit for 'jit_squeeze' with key 'jit_squeeze-7e28decc38c6cce45737a0c60de4c66064b65ce2ffac46067bdffbd578da8c1d'
2026-04-25 13:47:46,848 jax._src.dispatch WARNING: Finished XLA compilation of jit(squeeze) in 0.005582809 sec
2026-04-25 13:47:46,851 jax._src.dispatch WARNING: Finished tracing + transforming broadcast_in_dim for pjit in 0.000182867 sec
2026-04-25 13:47:46,851 jax._src.pjit WARNING: TRACING CACHE MISS at /global/homes/j/jackm/software/lorrax_B/src/psp/radial/solid_harmonics.py:79:8 (all_solid_harmonics) because:
  never seen function:
    broadcast_in_dim id=140534222949408 defined at /opt/jax/jax/_src/dispatch.py:96
  but seen another function defined on the same line; maybe the function is
  being re-defined repeatedly, preventing caching?
2026-04-25 13:47:46,851 jax._src.interpreters.pxla WARNING: Compiling broadcast_in_dim with global shapes and types [ShapedArray(float64[])]. Argument mapping: (UnspecifiedValue,).
2026-04-25 13:47:46,853 jax._src.dispatch WARNING: Finished jaxpr to MLIR module conversion jit(broadcast_in_dim) in 0.001994371 sec
2026-04-25 13:47:46,858 jax._src.compiler WARNING: Persistent compilation cache hit for 'jit_broadcast_in_dim' with key 'jit_broadcast_in_dim-602c448608ec322c6767d78213c9fdef07ce3420218f88915788ae0976dcb311'
2026-04-25 13:47:46,858 jax._src.dispatch WARNING: Finished XLA compilation of jit(broadcast_in_dim) in 0.004456520 sec
2026-04-25 13:47:46,859 jax._src.dispatch WARNING: Finished tracing + transforming broadcast_in_dim for pjit in 0.000167370 sec
2026-04-25 13:47:46,859 jax._src.pjit WARNING: TRACING CACHE MISS at /global/homes/j/jackm/software/lorrax_B/src/psp/radial/solid_harmonics.py:82:23 (all_solid_harmonics) because:
  never seen function:
    broadcast_in_dim id=140534222951488 defined at /opt/jax/jax/_src/dispatch.py:96
  but seen another function defined on the same line; maybe the function is
  being re-defined repeatedly, preventing caching?
2026-04-25 13:47:46,860 jax._src.interpreters.pxla WARNING: Compiling broadcast_in_dim with global shapes and types [ShapedArray(float64[])]. Argument mapping: (UnspecifiedValue,).
2026-04-25 13:47:46,862 jax._src.dispatch WARNING: Finished jaxpr to MLIR module conversion jit(broadcast_in_dim) in 0.002051830 sec
2026-04-25 13:47:46,866 jax._src.compiler WARNING: Persistent compilation cache hit for 'jit_broadcast_in_dim' with key 'jit_broadcast_in_dim-c16102ee199d391a795254d749b354e6c02495e92db36df81144534b7d687d14'
2026-04-25 13:47:46,866 jax._src.dispatch WARNING: Finished XLA compilation of jit(broadcast_in_dim) in 0.004467964 sec
2026-04-25 13:47:46,868 jax._src.interpreters.pxla WARNING: Compiling true_divide with global shapes and types [ShapedArray(float64[1963]), ShapedArray(float64[], weak_type=True)]. Argument mapping: (UnspecifiedValue, UnspecifiedValue).
2026-04-25 13:47:46,870 jax._src.dispatch WARNING: Finished jaxpr to MLIR module conversion jit(true_divide) in 0.002188206 sec
2026-04-25 13:47:46,874 jax._src.compiler WARNING: Persistent compilation cache hit for 'jit_true_divide' with key 'jit_true_divide-19c3fa6fd80ffe6e8b5a4a656f512d479ca34e3e621711292e88d1f66d17253d'
2026-04-25 13:47:46,874 jax._src.dispatch WARNING: Finished XLA compilation of jit(true_divide) in 0.004068613 sec
2026-04-25 13:47:46,876 jax._src.dispatch WARNING: Finished tracing + transforming _squeeze for pjit in 0.000088453 sec
2026-04-25 13:47:46,876 jax._src.interpreters.pxla WARNING: Compiling _squeeze with global shapes and types [ShapedArray(float64[1963])]. Argument mapping: (UnspecifiedValue,).
2026-04-25 13:47:46,878 jax._src.dispatch WARNING: Finished jaxpr to MLIR module conversion jit(_squeeze) in 0.001866817 sec
2026-04-25 13:47:46,884 jax._src.compiler WARNING: Persistent compilation cache hit for 'jit__squeeze' with key 'jit__squeeze-b341cc591492226dd53878026cfda69bc938b4ea5be617242b69817637f6995e'
2026-04-25 13:47:46,884 jax._src.dispatch WARNING: Finished XLA compilation of jit(_squeeze) in 0.005506039 sec
2026-04-25 13:47:46,885 jax._src.dispatch WARNING: Finished tracing + transforming scatter for pjit in 0.000207663 sec
2026-04-25 13:47:46,885 jax._src.pjit WARNING: TRACING CACHE MISS at /global/homes/j/jackm/software/lorrax_B/src/psp/radial/solid_harmonics.py:82:8 (all_solid_harmonics) because:
  for scatter defined at /opt/jax/jax/_src/dispatch.py:96
  never seen input type signature:
    args[0]: f64[3,5,1963],  args[1]: i32[2],  args[2]: f64[1963]
  closest seen input type signature has 2 mismatches, including:
    * at args[0], seen f64[3,5,1947], but now given f64[3,5,1963]
    * at args[2], seen f64[1947], but now given f64[1963]
2026-04-25 13:47:46,886 jax._src.interpreters.pxla WARNING: Compiling scatter with global shapes and types [ShapedArray(float64[3,5,1963]), ShapedArray(int32[2]), ShapedArray(float64[1963])]. Argument mapping: (UnspecifiedValue, UnspecifiedValue, UnspecifiedValue).
2026-04-25 13:47:46,888 jax._src.dispatch WARNING: Finished jaxpr to MLIR module conversion jit(scatter) in 0.002265215 sec
2026-04-25 13:47:46,895 jax._src.compiler WARNING: Persistent compilation cache hit for 'jit_scatter' with key 'jit_scatter-79c9a2411014db07492d39a57f7bb4703b53509a7dc75c86ba555a8a1d00cfb6'
2026-04-25 13:47:46,895 jax._src.dispatch WARNING: Finished XLA compilation of jit(scatter) in 0.006426573 sec
2026-04-25 13:47:46,897 jax._src.dispatch WARNING: Finished tracing + transforming multiply for pjit in 0.000335455 sec
2026-04-25 13:47:46,897 jax._src.interpreters.pxla WARNING: Compiling multiply with global shapes and types [ShapedArray(float64[], weak_type=True), ShapedArray(float64[1963])]. Argument mapping: (UnspecifiedValue, UnspecifiedValue).
2026-04-25 13:47:46,899 jax._src.dispatch WARNING: Finished jaxpr to MLIR module conversion jit(multiply) in 0.002141953 sec
2026-04-25 13:47:46,905 jax._src.compiler WARNING: Persistent compilation cache hit for 'jit_multiply' with key 'jit_multiply-d3f2a3c86f361939303acb0b2ea17689f2e2757d536fca2c29c06890cbda0749'
2026-04-25 13:47:46,905 jax._src.dispatch WARNING: Finished XLA compilation of jit(multiply) in 0.005186081 sec
2026-04-25 13:47:46,910 jax._src.dispatch WARNING: Finished tracing + transforming integer_pow for pjit in 0.000168800 sec
2026-04-25 13:47:46,911 jax._src.pjit WARNING: TRACING CACHE MISS at /global/homes/j/jackm/software/lorrax_B/src/psp/radial/solid_harmonics.py:93:43 (all_solid_harmonics) because:
  for integer_pow defined at /opt/jax/jax/_src/dispatch.py:96
  never seen input type signature:
    args[0]: f64[1963]
  closest seen input type signature has 1 mismatches, including:
    * at args[0], seen f64[26,2,24,24,80]({}), but now given f64[1963]({})
2026-04-25 13:47:46,911 jax._src.interpreters.pxla WARNING: Compiling integer_pow with global shapes and types [ShapedArray(float64[1963])]. Argument mapping: (UnspecifiedValue,).
2026-04-25 13:47:46,913 jax._src.dispatch WARNING: Finished jaxpr to MLIR module conversion jit(integer_pow) in 0.002053738 sec
2026-04-25 13:47:46,918 jax._src.compiler WARNING: Persistent compilation cache hit for 'jit_integer_pow' with key 'jit_integer_pow-e16978e95612ff0a279e83dd74d2418c18c90e39335a228545161ea72bdcf2b4'
2026-04-25 13:47:46,918 jax._src.dispatch WARNING: Finished XLA compilation of jit(integer_pow) in 0.005006790 sec
2026-04-25 13:47:46,919 jax._src.dispatch WARNING: Finished tracing + transforming multiply for pjit in 0.000320911 sec
2026-04-25 13:47:46,920 jax._src.interpreters.pxla WARNING: Compiling multiply with global shapes and types [ShapedArray(int64[], weak_type=True), ShapedArray(float64[1963])]. Argument mapping: (UnspecifiedValue, UnspecifiedValue).
2026-04-25 13:47:46,922 jax._src.dispatch WARNING: Finished jaxpr to MLIR module conversion jit(multiply) in 0.002182961 sec
2026-04-25 13:47:46,927 jax._src.compiler WARNING: Persistent compilation cache hit for 'jit_multiply' with key 'jit_multiply-60a81de2ef0d398fe77145dce161675923ebd7f5564d1b17854157a444211e43'
2026-04-25 13:47:46,927 jax._src.dispatch WARNING: Finished XLA compilation of jit(multiply) in 0.004878998 sec
2026-04-25 13:47:46,928 jax._src.dispatch WARNING: Finished tracing + transforming subtract for pjit in 0.000231266 sec
2026-04-25 13:47:46,929 jax._src.interpreters.pxla WARNING: Compiling subtract with global shapes and types [ShapedArray(float64[1963]), ShapedArray(float64[1963])]. Argument mapping: (UnspecifiedValue, UnspecifiedValue).
2026-04-25 13:47:46,931 jax._src.dispatch WARNING: Finished jaxpr to MLIR module conversion jit(subtract) in 0.002134800 sec
2026-04-25 13:47:46,937 jax._src.compiler WARNING: Persistent compilation cache hit for 'jit_subtract' with key 'jit_subtract-3e82096c5d585b552773d5ed8e2ab4a11736b37a1b0e94d1840e89073c3e53d3'
2026-04-25 13:47:46,937 jax._src.dispatch WARNING: Finished XLA compilation of jit(subtract) in 0.005432606 sec
2026-04-25 13:47:46,940 jax._src.dispatch WARNING: Finished tracing + transforming multiply for pjit in 0.000242233 sec
2026-04-25 13:47:46,940 jax._src.interpreters.pxla WARNING: Compiling multiply with global shapes and types [ShapedArray(float64[1963]), ShapedArray(float64[1963])]. Argument mapping: (UnspecifiedValue, UnspecifiedValue).
2026-04-25 13:47:46,942 jax._src.dispatch WARNING: Finished jaxpr to MLIR module conversion jit(multiply) in 0.002048016 sec
2026-04-25 13:47:46,947 jax._src.compiler WARNING: Persistent compilation cache hit for 'jit_multiply' with key 'jit_multiply-41e234cfd538585cbd12adb91f864ce9b70c3b12fa62af32b1f796827562ca0f'
2026-04-25 13:47:46,947 jax._src.dispatch WARNING: Finished XLA compilation of jit(multiply) in 0.004982471 sec
2026-04-25 13:47:46,955 jax._src.dispatch WARNING: Finished tracing + transforming gather for pjit in 0.000190735 sec
2026-04-25 13:47:46,955 jax._src.pjit WARNING: TRACING CACHE MISS at /global/homes/j/jackm/software/lorrax_B/src/psp/vnl_ops.py:371:10 (_build_vnl_kdata_core) because:
  never seen function:
    gather id=140534222953888 defined at /opt/jax/jax/_src/dispatch.py:96
  but seen another function defined on the same line; maybe the function is
  being re-defined repeatedly, preventing caching?
2026-04-25 13:47:46,955 jax._src.interpreters.pxla WARNING: Compiling gather with global shapes and types [ShapedArray(float64[20,1963]), ShapedArray(int32[102,1])]. Argument mapping: (UnspecifiedValue, UnspecifiedValue).
2026-04-25 13:47:46,958 jax._src.dispatch WARNING: Finished jaxpr to MLIR module conversion jit(gather) in 0.002099991 sec
2026-04-25 13:47:46,963 jax._src.compiler WARNING: Persistent compilation cache hit for 'jit_gather' with key 'jit_gather-8684f4a20c6ffcb9b568f7888b9a00b119d21441ef128b49a3407ef6c71df032'
2026-04-25 13:47:46,963 jax._src.dispatch WARNING: Finished XLA compilation of jit(gather) in 0.005460262 sec
2026-04-25 13:47:46,969 jax._src.dispatch WARNING: Finished tracing + transforming broadcast_in_dim for pjit in 0.000219345 sec
2026-04-25 13:47:46,969 jax._src.pjit WARNING: TRACING CACHE MISS at /global/homes/j/jackm/software/lorrax_B/src/psp/vnl_ops.py:371:10 (_build_vnl_kdata_core) because:
  never seen function:
    broadcast_in_dim id=140534222958368 defined at /opt/jax/jax/_src/dispatch.py:96
  but seen another function defined on the same line; maybe the function is
  being re-defined repeatedly, preventing caching?
2026-04-25 13:47:46,970 jax._src.interpreters.pxla WARNING: Compiling broadcast_in_dim with global shapes and types [ShapedArray(float64[102,1963])]. Argument mapping: (UnspecifiedValue,).
2026-04-25 13:47:46,972 jax._src.dispatch WARNING: Finished jaxpr to MLIR module conversion jit(broadcast_in_dim) in 0.001842499 sec
2026-04-25 13:47:46,977 jax._src.compiler WARNING: Persistent compilation cache hit for 'jit_broadcast_in_dim' with key 'jit_broadcast_in_dim-b30b76ee0b4eec721100a4807b71cfcc8cc7e1b4f3be71b02092e9342382ed57'
2026-04-25 13:47:46,978 jax._src.dispatch WARNING: Finished XLA compilation of jit(broadcast_in_dim) in 0.005717278 sec
2026-04-25 13:47:46,985 jax._src.dispatch WARNING: Finished tracing + transforming gather for pjit in 0.000184774 sec
2026-04-25 13:47:46,985 jax._src.pjit WARNING: TRACING CACHE MISS at /global/homes/j/jackm/software/lorrax_B/src/psp/vnl_ops.py:372:10 (_build_vnl_kdata_core) because:
  never seen function:
    gather id=140534222961088 defined at /opt/jax/jax/_src/dispatch.py:96
  but seen another function defined on the same line; maybe the function is
  being re-defined repeatedly, preventing caching?
2026-04-25 13:47:46,985 jax._src.interpreters.pxla WARNING: Compiling gather with global shapes and types [ShapedArray(float64[3,5,1963]), ShapedArray(int32[102,2])]. Argument mapping: (UnspecifiedValue, UnspecifiedValue).
2026-04-25 13:47:46,988 jax._src.dispatch WARNING: Finished jaxpr to MLIR module conversion jit(gather) in 0.002099276 sec
2026-04-25 13:47:47,003 jax._src.compiler WARNING: Persistent compilation cache hit for 'jit_gather' with key 'jit_gather-25fc0861ff1c4898fe55c82a4f79f1f916dca35fa0ac8c4485f99671474e49b2'
2026-04-25 13:47:47,003 jax._src.dispatch WARNING: Finished XLA compilation of jit(gather) in 0.015058517 sec
2026-04-25 13:47:47,016 jax._src.dispatch WARNING: Finished tracing + transforming matmul for pjit in 0.000390768 sec
2026-04-25 13:47:47,016 jax._src.interpreters.pxla WARNING: Compiling matmul with global shapes and types [ShapedArray(float64[1963,3]), ShapedArray(float64[3,102])]. Argument mapping: (UnspecifiedValue, UnspecifiedValue).
2026-04-25 13:47:47,019 jax._src.dispatch WARNING: Finished jaxpr to MLIR module conversion jit(matmul) in 0.002113104 sec
2026-04-25 13:47:47,026 jax._src.compiler WARNING: Persistent compilation cache hit for 'jit_matmul' with key 'jit_matmul-7727db73e5423aabdc89ae3b8997cc49ac215adc8d7f7198b1d314a601c55996'
2026-04-25 13:47:47,026 jax._src.dispatch WARNING: Finished XLA compilation of jit(matmul) in 0.007307529 sec
2026-04-25 13:47:47,030 jax._src.dispatch WARNING: Finished tracing + transforming multiply for pjit in 0.000378132 sec
2026-04-25 13:47:47,030 jax._src.interpreters.pxla WARNING: Compiling multiply with global shapes and types [ShapedArray(complex128[], weak_type=True), ShapedArray(float64[1963,102])]. Argument mapping: (UnspecifiedValue, UnspecifiedValue).
2026-04-25 13:47:47,032 jax._src.dispatch WARNING: Finished jaxpr to MLIR module conversion jit(multiply) in 0.002207279 sec
2026-04-25 13:47:47,038 jax._src.compiler WARNING: Persistent compilation cache hit for 'jit_multiply' with key 'jit_multiply-ebd4ed6785dca4bf75d9d422f3bb2c3cf30da686f27fd7b28c1d33a8569cb7ab'
2026-04-25 13:47:47,038 jax._src.dispatch WARNING: Finished XLA compilation of jit(multiply) in 0.005022764 sec
2026-04-25 13:47:47,042 jax._src.dispatch WARNING: Finished tracing + transforming exp for pjit in 0.000198603 sec
2026-04-25 13:47:47,042 jax._src.interpreters.pxla WARNING: Compiling exp with global shapes and types [ShapedArray(complex128[1963,102])]. Argument mapping: (UnspecifiedValue,).
2026-04-25 13:47:47,046 jax._src.dispatch WARNING: Finished jaxpr to MLIR module conversion jit(exp) in 0.002958775 sec
2026-04-25 13:47:47,051 jax._src.compiler WARNING: Persistent compilation cache hit for 'jit_exp' with key 'jit_exp-3f3660ca1fa4d5ad958179deeac81c4c868776f351337e067d367e8df12d7ab6'
2026-04-25 13:47:47,051 jax._src.dispatch WARNING: Finished XLA compilation of jit(exp) in 0.005133867 sec
2026-04-25 13:47:47,053 jax._src.dispatch WARNING: Finished tracing + transforming transpose for pjit in 0.000157833 sec
2026-04-25 13:47:47,053 jax._src.pjit WARNING: TRACING CACHE MISS at /global/homes/j/jackm/software/lorrax_B/src/psp/vnl_ops.py:373:14 (_build_vnl_kdata_core) because:
  for transpose defined at /opt/jax/jax/_src/dispatch.py:96
  never seen input type signature:
    args[0]: c128[1963,102]
  closest seen input type signature has 1 mismatches, including:
    * at args[0], seen f64[102,3], but now given c128[1963,102]
2026-04-25 13:47:47,053 jax._src.interpreters.pxla WARNING: Compiling transpose with global shapes and types [ShapedArray(complex128[1963,102])]. Argument mapping: (UnspecifiedValue,).
2026-04-25 13:47:47,055 jax._src.dispatch WARNING: Finished jaxpr to MLIR module conversion jit(transpose) in 0.001962662 sec
2026-04-25 13:47:47,061 jax._src.compiler WARNING: Persistent compilation cache hit for 'jit_transpose' with key 'jit_transpose-1f79474777af659838d78a20b58e5233e5b5ca9790d4a4454c8ad5cf176d5589'
2026-04-25 13:47:47,061 jax._src.dispatch WARNING: Finished XLA compilation of jit(transpose) in 0.005354643 sec
2026-04-25 13:47:47,063 jax._src.dispatch WARNING: Finished tracing + transforming multiply for pjit in 0.000303745 sec
2026-04-25 13:47:47,063 jax._src.interpreters.pxla WARNING: Compiling multiply with global shapes and types [ShapedArray(complex128[102,1]), ShapedArray(float64[102,1963])]. Argument mapping: (UnspecifiedValue, UnspecifiedValue).
2026-04-25 13:47:47,065 jax._src.dispatch WARNING: Finished jaxpr to MLIR module conversion jit(multiply) in 0.002187014 sec
2026-04-25 13:47:47,071 jax._src.compiler WARNING: Persistent compilation cache hit for 'jit_multiply' with key 'jit_multiply-12199d13f6680be3731cd7a02e424a9a73db4a2e52f3a49afffe17b960ed1ede'
2026-04-25 13:47:47,071 jax._src.dispatch WARNING: Finished XLA compilation of jit(multiply) in 0.005497456 sec
2026-04-25 13:47:47,072 jax._src.dispatch WARNING: Finished tracing + transforming multiply for pjit in 0.000308752 sec
2026-04-25 13:47:47,073 jax._src.interpreters.pxla WARNING: Compiling multiply with global shapes and types [ShapedArray(complex128[102,1963]), ShapedArray(float64[102,1963])]. Argument mapping: (UnspecifiedValue, UnspecifiedValue).
2026-04-25 13:47:47,075 jax._src.dispatch WARNING: Finished jaxpr to MLIR module conversion jit(multiply) in 0.002151251 sec
2026-04-25 13:47:47,079 jax._src.compiler WARNING: Persistent compilation cache hit for 'jit_multiply' with key 'jit_multiply-a90d1ea4175c95014507d609d0f4409b282ca55d40bbecfb9f0f86a62df54ecf'
2026-04-25 13:47:47,079 jax._src.dispatch WARNING: Finished XLA compilation of jit(multiply) in 0.004326582 sec
2026-04-25 13:47:47,081 jax._src.dispatch WARNING: Finished tracing + transforming multiply for pjit in 0.000261068 sec
2026-04-25 13:47:47,081 jax._src.interpreters.pxla WARNING: Compiling multiply with global shapes and types [ShapedArray(complex128[102,1963]), ShapedArray(complex128[102,1963])]. Argument mapping: (UnspecifiedValue, UnspecifiedValue).
2026-04-25 13:47:47,083 jax._src.dispatch WARNING: Finished jaxpr to MLIR module conversion jit(multiply) in 0.002114058 sec
2026-04-25 13:47:47,091 jax._src.compiler WARNING: Persistent compilation cache hit for 'jit_multiply' with key 'jit_multiply-408c075a1347fd08a891988d23f0a03aeed1234136a4a321eedcc5a1cdfe4da6'
2026-04-25 13:47:47,091 jax._src.dispatch WARNING: Finished XLA compilation of jit(multiply) in 0.007675171 sec
2026-04-25 13:47:47,096 jax._src.dispatch WARNING: Finished tracing + transforming matmul for pjit in 0.000369072 sec
2026-04-25 13:47:47,096 jax._src.interpreters.pxla WARNING: Compiling matmul with global shapes and types [ShapedArray(complex128[102,102]), ShapedArray(complex128[102,1963])]. Argument mapping: (UnspecifiedValue, UnspecifiedValue).
2026-04-25 13:47:47,098 jax._src.dispatch WARNING: Finished jaxpr to MLIR module conversion jit(matmul) in 0.002081633 sec
2026-04-25 13:47:47,102 jax._src.compiler WARNING: Persistent compilation cache hit for 'jit_matmul' with key 'jit_matmul-6b7934ad4581d4a2b59caf8a63166be0de031adb1831aff1f9c1dddd0fb97f2a'
2026-04-25 13:47:47,102 jax._src.dispatch WARNING: Finished XLA compilation of jit(matmul) in 0.003879309 sec
2026-04-25 13:47:47,104 jax._src.dispatch WARNING: Finished tracing + transforming conjugate for pjit in 0.000192881 sec
2026-04-25 13:47:47,104 jax._src.interpreters.pxla WARNING: Compiling conjugate with global shapes and types [ShapedArray(complex128[102,1963])]. Argument mapping: (UnspecifiedValue,).
2026-04-25 13:47:47,106 jax._src.dispatch WARNING: Finished tracing + transforming negative for pjit in 0.000169277 sec
2026-04-25 13:47:47,107 jax._src.dispatch WARNING: Finished jaxpr to MLIR module conversion jit(conjugate) in 0.002986431 sec
2026-04-25 13:47:47,112 jax._src.compiler WARNING: Persistent compilation cache hit for 'jit_conjugate' with key 'jit_conjugate-7b0991e0369d9c63c38b8661304dbc8b76c6962b2bc2231f058133534917845c'
2026-04-25 13:47:47,112 jax._src.dispatch WARNING: Finished XLA compilation of jit(conjugate) in 0.004351377 sec
2026-04-25 13:47:47,114 jax._src.dispatch WARNING: Finished tracing + transforming _reduce_sum for pjit in 0.000366926 sec
2026-04-25 13:47:47,114 jax._src.interpreters.pxla WARNING: Compiling _reduce_sum with global shapes and types [ShapedArray(complex128[102,1963])]. Argument mapping: (UnspecifiedValue,).
2026-04-25 13:47:47,116 jax._src.dispatch WARNING: Finished jaxpr to MLIR module conversion jit(_reduce_sum) in 0.002109528 sec
2026-04-25 13:47:47,121 jax._src.compiler WARNING: Persistent compilation cache hit for 'jit__reduce_sum' with key 'jit__reduce_sum-d82b9c50ffe960996a5f58f70ebf7d0c4ae0a30cd7b02b45ca6a0fd064e3ac20'
2026-04-25 13:47:47,121 jax._src.dispatch WARNING: Finished XLA compilation of jit(_reduce_sum) in 0.004440308 sec
2026-04-25 13:47:47,122 jax._src.dispatch WARNING: Finished tracing + transforming real for pjit in 0.000241518 sec
2026-04-25 13:47:47,122 jax._src.interpreters.pxla WARNING: Compiling real with global shapes and types [ShapedArray(complex128[1963])]. Argument mapping: (UnspecifiedValue,).
2026-04-25 13:47:47,124 jax._src.dispatch WARNING: Finished jaxpr to MLIR module conversion jit(real) in 0.001979828 sec
2026-04-25 13:47:47,130 jax._src.compiler WARNING: Persistent compilation cache hit for 'jit_real' with key 'jit_real-425f2700df1d5428b267df829beec4b439bee990194601dd6ff0c45d9edd2494'
2026-04-25 13:47:47,130 jax._src.dispatch WARNING: Finished XLA compilation of jit(real) in 0.005455494 sec
2026-04-25 13:47:47,131 jax._src.dispatch WARNING: Finished tracing + transforming add for pjit in 0.000243902 sec
2026-04-25 13:47:47,131 jax._src.interpreters.pxla WARNING: Compiling add with global shapes and types [ShapedArray(float64[1963]), ShapedArray(float64[1963])]. Argument mapping: (UnspecifiedValue, UnspecifiedValue).
2026-04-25 13:47:47,134 jax._src.dispatch WARNING: Finished jaxpr to MLIR module conversion jit(add) in 0.002029181 sec
2026-04-25 13:47:47,138 jax._src.compiler WARNING: Persistent compilation cache hit for 'jit_add' with key 'jit_add-b780ba8a4e250d7be5ae982e594c2026f9a9852f56e0452b362d30ee3070869f'
2026-04-25 13:47:47,138 jax._src.dispatch WARNING: Finished XLA compilation of jit(add) in 0.004150391 sec
2026-04-25 13:47:47,141 jax._src.dispatch WARNING: Finished tracing + transforming add for pjit in 0.000240564 sec
2026-04-25 13:47:47,141 jax._src.interpreters.pxla WARNING: Compiling add with global shapes and types [ShapedArray(float64[1963]), ShapedArray(float64[])]. Argument mapping: (UnspecifiedValue, UnspecifiedValue).
2026-04-25 13:47:47,143 jax._src.dispatch WARNING: Finished jaxpr to MLIR module conversion jit(add) in 0.002051830 sec
2026-04-25 13:47:47,174 jax._src.compiler WARNING: Persistent compilation cache hit for 'jit_add' with key 'jit_add-388f9a2d0c30b4cda734ed22910283b7049801e7f0b3b9dfa2674e720a2ab1b4'
2026-04-25 13:47:47,174 jax._src.dispatch WARNING: Finished XLA compilation of jit(add) in 0.030668974 sec
2026-04-25 13:47:47,176 jax._src.dispatch WARNING: Finished tracing + transforming broadcast_in_dim for pjit in 0.000175238 sec
2026-04-25 13:47:47,176 jax._src.pjit WARNING: TRACING CACHE MISS at /global/homes/j/jackm/software/lorrax_B/src/psp/dft_operators.py:553:11 (setup_H_k_from_kvec) because:
  for broadcast_in_dim defined at /opt/jax/jax/_src/dispatch.py:96
  never seen input type signature:
    args[0]: bool[]
  closest seen input type signature has 1 mismatches, including:
    * at args[0], seen f64[], but now given bool[]
2026-04-25 13:47:47,176 jax._src.interpreters.pxla WARNING: Compiling broadcast_in_dim with global shapes and types [ShapedArray(bool[])]. Argument mapping: (UnspecifiedValue,).
2026-04-25 13:47:47,178 jax._src.dispatch WARNING: Finished jaxpr to MLIR module conversion jit(broadcast_in_dim) in 0.002013683 sec
2026-04-25 13:47:47,185 jax._src.compiler WARNING: Persistent compilation cache hit for 'jit_broadcast_in_dim' with key 'jit_broadcast_in_dim-11e2e97b209d11c0dfcc6d8e8ec50e242bfc6dce671c6c5a9131c18070deb6ff'
2026-04-25 13:47:47,185 jax._src.dispatch WARNING: Finished XLA compilation of jit(broadcast_in_dim) in 0.006502867 sec
2026-04-25 13:47:47,259 jax._src.dispatch WARNING: Finished tracing + transforming convert_element_type for pjit in 0.000172615 sec
2026-04-25 13:47:47,259 jax._src.pjit WARNING: TRACING CACHE MISS at /global/homes/j/jackm/software/lorrax_B/src/psp/dft_operators.py:264:9 (_T_diag_from_G) because:
  for convert_element_type defined at /opt/jax/jax/_src/dispatch.py:96
  never seen input type signature:
    args[0]: i32[1917]
  closest seen input type signature has 1 mismatches, including:
    * at args[0], seen i32[102], but now given i32[1917]
2026-04-25 13:47:47,259 jax._src.interpreters.pxla WARNING: Compiling convert_element_type with global shapes and types [ShapedArray(int32[1917])]. Argument mapping: (UnspecifiedValue,).
2026-04-25 13:47:47,260 jax._src.dispatch WARNING: Finished jaxpr to MLIR module conversion jit(convert_element_type) in 0.001437187 sec
2026-04-25 13:47:47,266 jax._src.compiler WARNING: Persistent compilation cache hit for 'jit_convert_element_type' with key 'jit_convert_element_type-5f5c049a5d91056ea947cfe202e22e3d85d88ce1b6417a31b58fb5e02a35555c'
2026-04-25 13:47:47,266 jax._src.dispatch WARNING: Finished XLA compilation of jit(convert_element_type) in 0.004901886 sec
2026-04-25 13:47:47,268 jax._src.dispatch WARNING: Finished tracing + transforming convert_element_type for pjit in 0.000169516 sec
2026-04-25 13:47:47,268 jax._src.pjit WARNING: TRACING CACHE MISS at /global/homes/j/jackm/software/lorrax_B/src/psp/vnl_ops.py:344:13 (_build_vnl_kdata_core) because:
  for convert_element_type defined at /opt/jax/jax/_src/dispatch.py:96
  never seen input type signature:
    args[0]: f64[1917,3]
  closest seen input type signature has 1 mismatches, including:
    * at args[0], seen f64[]({}), but now given f64[1917,3]({})
2026-04-25 13:47:47,268 jax._src.interpreters.pxla WARNING: Compiling convert_element_type with global shapes and types [ShapedArray(float64[1917,3])]. Argument mapping: (UnspecifiedValue,).
2026-04-25 13:47:47,270 jax._src.dispatch WARNING: Finished jaxpr to MLIR module conversion jit(convert_element_type) in 0.001488209 sec
2026-04-25 13:47:47,276 jax._src.compiler WARNING: Persistent compilation cache hit for 'jit_convert_element_type' with key 'jit_convert_element_type-cf74c88b12b75c502ddb57bb484c89453412a0778542d74426e419790ffa4b14'
2026-04-25 13:47:47,276 jax._src.dispatch WARNING: Finished XLA compilation of jit(convert_element_type) in 0.006366491 sec
2026-04-25 13:47:47,278 jax._src.dispatch WARNING: Finished tracing + transforming add for pjit in 0.000242472 sec
2026-04-25 13:47:47,278 jax._src.interpreters.pxla WARNING: Compiling add with global shapes and types [ShapedArray(float64[1917,3]), ShapedArray(float64[1,3])]. Argument mapping: (UnspecifiedValue, UnspecifiedValue).
2026-04-25 13:47:47,280 jax._src.dispatch WARNING: Finished jaxpr to MLIR module conversion jit(add) in 0.001706123 sec
2026-04-25 13:47:47,289 jax._src.compiler WARNING: Persistent compilation cache hit for 'jit_add' with key 'jit_add-20f27f6a5d381b84b27e2689f93c6ccce41edb7fbd8a00c574b60b53d8940fcc'
2026-04-25 13:47:47,289 jax._src.dispatch WARNING: Finished XLA compilation of jit(add) in 0.008915901 sec
2026-04-25 13:47:47,291 jax._src.dispatch WARNING: Finished tracing + transforming matmul for pjit in 0.000448465 sec
2026-04-25 13:47:47,291 jax._src.interpreters.pxla WARNING: Compiling matmul with global shapes and types [ShapedArray(float64[1917,3]), ShapedArray(float64[3,3])]. Argument mapping: (UnspecifiedValue, UnspecifiedValue).
2026-04-25 13:47:47,293 jax._src.dispatch WARNING: Finished jaxpr to MLIR module conversion jit(matmul) in 0.001682997 sec
2026-04-25 13:47:47,300 jax._src.compiler WARNING: Persistent compilation cache hit for 'jit_matmul' with key 'jit_matmul-809232d9d2adf7cb3b3ae7ecebc7debf396dabc857934117ee9d7363103bc0bc'
2026-04-25 13:47:47,300 jax._src.dispatch WARNING: Finished XLA compilation of jit(matmul) in 0.007193089 sec
2026-04-25 13:47:47,301 jax._src.dispatch WARNING: Finished tracing + transforming integer_pow for pjit in 0.000150681 sec
2026-04-25 13:47:47,301 jax._src.pjit WARNING: TRACING CACHE MISS at /global/homes/j/jackm/software/lorrax_B/src/psp/vnl_ops.py:356:25 (_build_vnl_kdata_core) because:
  for integer_pow defined at /opt/jax/jax/_src/dispatch.py:96
  never seen input type signature:
    args[0]: f64[1917,3]
  closest seen input type signature has 1 mismatches, including:
    * at args[0], seen f64[26,2,24,24,80]({}), but now given f64[1917,3]({})
2026-04-25 13:47:47,302 jax._src.interpreters.pxla WARNING: Compiling integer_pow with global shapes and types [ShapedArray(float64[1917,3])]. Argument mapping: (UnspecifiedValue,).
2026-04-25 13:47:47,303 jax._src.dispatch WARNING: Finished jaxpr to MLIR module conversion jit(integer_pow) in 0.001616716 sec
2026-04-25 13:47:47,308 jax._src.compiler WARNING: Persistent compilation cache hit for 'jit_integer_pow' with key 'jit_integer_pow-b99f9a593f01b46eab1b87fc3328beaa05f73e350c8d3355752408803cddfab9'
2026-04-25 13:47:47,308 jax._src.dispatch WARNING: Finished XLA compilation of jit(integer_pow) in 0.003989935 sec
2026-04-25 13:47:47,309 jax._src.dispatch WARNING: Finished tracing + transforming _reduce_sum for pjit in 0.000380039 sec
2026-04-25 13:47:47,309 jax._src.interpreters.pxla WARNING: Compiling _reduce_sum with global shapes and types [ShapedArray(float64[1917,3])]. Argument mapping: (UnspecifiedValue,).
2026-04-25 13:47:47,311 jax._src.dispatch WARNING: Finished jaxpr to MLIR module conversion jit(_reduce_sum) in 0.002052546 sec
2026-04-25 13:47:47,317 jax._src.compiler WARNING: Persistent compilation cache hit for 'jit__reduce_sum' with key 'jit__reduce_sum-a17b156773bb580ed8201420165f986ee1682b35e39e93bc64d5b6c026d0628a'
2026-04-25 13:47:47,317 jax._src.dispatch WARNING: Finished XLA compilation of jit(_reduce_sum) in 0.005187750 sec
2026-04-25 13:47:47,318 jax._src.dispatch WARNING: Finished tracing + transforming add for pjit in 0.000294209 sec
2026-04-25 13:47:47,318 jax._src.interpreters.pxla WARNING: Compiling add with global shapes and types [ShapedArray(float64[1917]), ShapedArray(float64[], weak_type=True)]. Argument mapping: (UnspecifiedValue, UnspecifiedValue).
2026-04-25 13:47:47,320 jax._src.dispatch WARNING: Finished jaxpr to MLIR module conversion jit(add) in 0.002024889 sec
2026-04-25 13:47:47,325 jax._src.compiler WARNING: Persistent compilation cache hit for 'jit_add' with key 'jit_add-d991c0233462ff7fdfeaaa963cdd9c0f970fc52baaca9cf1881a02fa962c77e8'
2026-04-25 13:47:47,325 jax._src.dispatch WARNING: Finished XLA compilation of jit(add) in 0.004705191 sec
2026-04-25 13:47:47,326 jax._src.dispatch WARNING: Finished tracing + transforming sqrt for pjit in 0.000295639 sec
2026-04-25 13:47:47,327 jax._src.interpreters.pxla WARNING: Compiling sqrt with global shapes and types [ShapedArray(float64[1917])]. Argument mapping: (UnspecifiedValue,).
2026-04-25 13:47:47,328 jax._src.dispatch WARNING: Finished jaxpr to MLIR module conversion jit(sqrt) in 0.001605511 sec
2026-04-25 13:47:47,332 jax._src.compiler WARNING: Persistent compilation cache hit for 'jit_sqrt' with key 'jit_sqrt-5cb843049beb6ae16dbf5a7ece055369688c2de34a08a45b39b94b9e520a3f55'
2026-04-25 13:47:47,332 jax._src.dispatch WARNING: Finished XLA compilation of jit(sqrt) in 0.003717899 sec
2026-04-25 13:47:47,334 jax._src.dispatch WARNING: Finished tracing + transforming true_divide for pjit in 0.000294685 sec
2026-04-25 13:47:47,334 jax._src.dispatch WARNING: Finished tracing + transforming floor for pjit in 0.000186920 sec
2026-04-25 13:47:47,335 jax._src.dispatch WARNING: Finished tracing + transforming maximum for pjit in 0.000543833 sec
2026-04-25 13:47:47,336 jax._src.dispatch WARNING: Finished tracing + transforming minimum for pjit in 0.000609875 sec
2026-04-25 13:47:47,336 jax._src.dispatch WARNING: Finished tracing + transforming clip for pjit in 0.001770496 sec
2026-04-25 13:47:47,336 jax._src.pjit WARNING: TRACING CACHE MISS at /global/homes/j/jackm/software/lorrax_B/src/psp/vnl_ops.py:260:10 (_table_interp) because:
  for clip defined at /opt/jax/jax/_src/numpy/lax_numpy.py:3379
  never seen input type signature:
    arr: i32[1917],  min: i64[],  max: i64[]
  closest seen input type signature has 1 mismatches, including:
    * at arr, seen i32[46080], but now given i32[1917]
2026-04-25 13:47:47,337 jax._src.dispatch WARNING: Finished tracing + transforming multiply for pjit in 0.000301600 sec
2026-04-25 13:47:47,338 jax._src.dispatch WARNING: Finished tracing + transforming subtract for pjit in 0.000270128 sec
2026-04-25 13:47:47,339 jax._src.dispatch WARNING: Finished tracing + transforming maximum for pjit in 0.000521421 sec
2026-04-25 13:47:47,339 jax._src.dispatch WARNING: Finished tracing + transforming minimum for pjit in 0.000514030 sec
2026-04-25 13:47:47,340 jax._src.dispatch WARNING: Finished tracing + transforming clip for pjit in 0.001615047 sec
2026-04-25 13:47:47,340 jax._src.pjit WARNING: TRACING CACHE MISS at /global/homes/j/jackm/software/lorrax_B/src/psp/vnl_ops.py:262:8 (_table_interp) because:
  for clip defined at /opt/jax/jax/_src/numpy/lax_numpy.py:3379
  never seen input type signature:
    arr: f64[1917],  min: f64[],  max: f64[]
  closest seen input type signature has 1 mismatches, including:
    * at arr, seen f64[46080], but now given f64[1917]
2026-04-25 13:47:47,340 jax._src.dispatch WARNING: Finished tracing + transforming subtract for pjit in 0.000267982 sec
2026-04-25 13:47:47,341 jax._src.dispatch WARNING: Finished tracing + transforming less for pjit in 0.000288248 sec
2026-04-25 13:47:47,342 jax._src.dispatch WARNING: Finished tracing + transforming _broadcast_arrays for pjit in 0.000164986 sec
2026-04-25 13:47:47,342 jax._src.dispatch WARNING: Finished tracing + transforming multiply for pjit in 0.000225544 sec
2026-04-25 13:47:47,343 jax._src.dispatch WARNING: Finished tracing + transforming add for pjit in 0.000283718 sec
2026-04-25 13:47:47,345 jax._src.dispatch WARNING: Finished tracing + transforming add for pjit in 0.000225544 sec
2026-04-25 13:47:47,345 jax._src.dispatch WARNING: Finished tracing + transforming _table_interp for pjit in 0.011691093 sec
2026-04-25 13:47:47,345 jax._src.pjit WARNING: TRACING CACHE MISS at /global/homes/j/jackm/software/lorrax_B/src/psp/vnl_ops.py:281:11 (_interp_with_deriv) because:
  for _table_interp defined at /global/homes/j/jackm/software/lorrax_B/src/psp/vnl_ops.py:248
  never seen input type signature:
    q: f64[1917],  dq: f64[],  table: f64[20,4000]
  closest seen input type signature has 1 mismatches, including:
    * at q, seen f64[1947], but now given f64[1917]
2026-04-25 13:47:47,346 jax._src.interpreters.pxla WARNING: Compiling _table_interp with global shapes and types [ShapedArray(float64[1917]), ShapedArray(float64[], weak_type=True), ShapedArray(float64[20,4000])]. Argument mapping: (UnspecifiedValue, UnspecifiedValue, UnspecifiedValue).
2026-04-25 13:47:47,352 jax._src.dispatch WARNING: Finished jaxpr to MLIR module conversion jit(_table_interp) in 0.006014109 sec
2026-04-25 13:47:47,360 jax._src.compiler WARNING: Persistent compilation cache hit for 'jit__table_interp' with key 'jit__table_interp-7810f93578592cb28db311441ca5e53878cf0993ef38370c74a6f3987972e7de'
2026-04-25 13:47:47,360 jax._src.dispatch WARNING: Finished XLA compilation of jit(_table_interp) in 0.008144617 sec
2026-04-25 13:47:47,363 jax._src.dispatch WARNING: Finished tracing + transforming dynamic_slice for pjit in 0.000195980 sec
2026-04-25 13:47:47,363 jax._src.pjit WARNING: TRACING CACHE MISS at /global/homes/j/jackm/software/lorrax_B/src/psp/radial/solid_harmonics.py:72:8 (all_solid_harmonics) because:
  never seen function:
    dynamic_slice id=140534223249440 defined at /opt/jax/jax/_src/dispatch.py:96
  but seen another function defined on the same line; maybe the function is
  being re-defined repeatedly, preventing caching?
2026-04-25 13:47:47,363 jax._src.interpreters.pxla WARNING: Compiling dynamic_slice with global shapes and types [ShapedArray(float64[1917,3]), ShapedArray(int64[], weak_type=True), ShapedArray(int64[], weak_type=True)]. Argument mapping: (UnspecifiedValue, UnspecifiedValue, UnspecifiedValue).
2026-04-25 13:47:47,365 jax._src.dispatch WARNING: Finished jaxpr to MLIR module conversion jit(dynamic_slice) in 0.002127409 sec
2026-04-25 13:47:47,371 jax._src.compiler WARNING: Persistent compilation cache hit for 'jit_dynamic_slice' with key 'jit_dynamic_slice-573879f65e032977d095f487a79270063bd102a434ec6be34496f08bfd2bb2d7'
2026-04-25 13:47:47,371 jax._src.dispatch WARNING: Finished XLA compilation of jit(dynamic_slice) in 0.005028248 sec
2026-04-25 13:47:47,372 jax._src.dispatch WARNING: Finished tracing + transforming squeeze for pjit in 0.000155926 sec
2026-04-25 13:47:47,372 jax._src.pjit WARNING: TRACING CACHE MISS at /global/homes/j/jackm/software/lorrax_B/src/psp/radial/solid_harmonics.py:72:8 (all_solid_harmonics) because:
  for squeeze defined at /opt/jax/jax/_src/dispatch.py:96
  never seen input type signature:
    args[0]: f64[1917,1]
  closest seen input type signature has 1 mismatches, including:
    * at args[0], seen f64[1947,1], but now given f64[1917,1]
2026-04-25 13:47:47,372 jax._src.interpreters.pxla WARNING: Compiling squeeze with global shapes and types [ShapedArray(float64[1917,1])]. Argument mapping: (UnspecifiedValue,).
2026-04-25 13:47:47,374 jax._src.dispatch WARNING: Finished jaxpr to MLIR module conversion jit(squeeze) in 0.002046347 sec
2026-04-25 13:47:47,379 jax._src.compiler WARNING: Persistent compilation cache hit for 'jit_squeeze' with key 'jit_squeeze-f87f60608d453307f1b9ff73d23f9982ce66b19f727f5320137e7518ef65bc8d'
2026-04-25 13:47:47,379 jax._src.dispatch WARNING: Finished XLA compilation of jit(squeeze) in 0.004402876 sec
2026-04-25 13:47:47,381 jax._src.dispatch WARNING: Finished tracing + transforming broadcast_in_dim for pjit in 0.000181675 sec
2026-04-25 13:47:47,381 jax._src.pjit WARNING: TRACING CACHE MISS at /global/homes/j/jackm/software/lorrax_B/src/psp/radial/solid_harmonics.py:79:8 (all_solid_harmonics) because:
  never seen function:
    broadcast_in_dim id=140534223867232 defined at /opt/jax/jax/_src/dispatch.py:96
  but seen another function defined on the same line; maybe the function is
  being re-defined repeatedly, preventing caching?
2026-04-25 13:47:47,381 jax._src.interpreters.pxla WARNING: Compiling broadcast_in_dim with global shapes and types [ShapedArray(float64[])]. Argument mapping: (UnspecifiedValue,).
2026-04-25 13:47:47,384 jax._src.dispatch WARNING: Finished jaxpr to MLIR module conversion jit(broadcast_in_dim) in 0.002067327 sec
2026-04-25 13:47:47,389 jax._src.compiler WARNING: Persistent compilation cache hit for 'jit_broadcast_in_dim' with key 'jit_broadcast_in_dim-2a9413787b2585540c491d51ead9b56f0fbf972b38a4f770e797f1f93b4945bd'
2026-04-25 13:47:47,389 jax._src.dispatch WARNING: Finished XLA compilation of jit(broadcast_in_dim) in 0.004735708 sec
2026-04-25 13:47:47,390 jax._src.dispatch WARNING: Finished tracing + transforming broadcast_in_dim for pjit in 0.000163794 sec
2026-04-25 13:47:47,390 jax._src.pjit WARNING: TRACING CACHE MISS at /global/homes/j/jackm/software/lorrax_B/src/psp/radial/solid_harmonics.py:82:23 (all_solid_harmonics) because:
  never seen function:
    broadcast_in_dim id=140534223869472 defined at /opt/jax/jax/_src/dispatch.py:96
  but seen another function defined on the same line; maybe the function is
  being re-defined repeatedly, preventing caching?
2026-04-25 13:47:47,390 jax._src.interpreters.pxla WARNING: Compiling broadcast_in_dim with global shapes and types [ShapedArray(float64[])]. Argument mapping: (UnspecifiedValue,).
2026-04-25 13:47:47,392 jax._src.dispatch WARNING: Finished jaxpr to MLIR module conversion jit(broadcast_in_dim) in 0.002055883 sec
2026-04-25 13:47:47,397 jax._src.compiler WARNING: Persistent compilation cache hit for 'jit_broadcast_in_dim' with key 'jit_broadcast_in_dim-d8f6d9bcbdac0283071270dd948fc0640d6ecf53f17dfcc94cc6929c857c929d'
2026-04-25 13:47:47,397 jax._src.dispatch WARNING: Finished XLA compilation of jit(broadcast_in_dim) in 0.004307747 sec
2026-04-25 13:47:47,398 jax._src.interpreters.pxla WARNING: Compiling true_divide with global shapes and types [ShapedArray(float64[1917]), ShapedArray(float64[], weak_type=True)]. Argument mapping: (UnspecifiedValue, UnspecifiedValue).
2026-04-25 13:47:47,400 jax._src.dispatch WARNING: Finished jaxpr to MLIR module conversion jit(true_divide) in 0.002287388 sec
2026-04-25 13:47:47,406 jax._src.compiler WARNING: Persistent compilation cache hit for 'jit_true_divide' with key 'jit_true_divide-d24b11d5253e16d6b4b77e8179fee43c59e1270810e4e5012ef9641f1b1907c2'
2026-04-25 13:47:47,406 jax._src.dispatch WARNING: Finished XLA compilation of jit(true_divide) in 0.005618334 sec
2026-04-25 13:47:47,408 jax._src.dispatch WARNING: Finished tracing + transforming _squeeze for pjit in 0.000088215 sec
2026-04-25 13:47:47,409 jax._src.interpreters.pxla WARNING: Compiling _squeeze with global shapes and types [ShapedArray(float64[1917])]. Argument mapping: (UnspecifiedValue,).
2026-04-25 13:47:47,411 jax._src.dispatch WARNING: Finished jaxpr to MLIR module conversion jit(_squeeze) in 0.001859665 sec
2026-04-25 13:47:47,417 jax._src.compiler WARNING: Persistent compilation cache hit for 'jit__squeeze' with key 'jit__squeeze-d2e5092fe751c8e67601e6ed2c230998a084b8ef181efcaa9574a5fe1f6d7b9b'
2026-04-25 13:47:47,417 jax._src.dispatch WARNING: Finished XLA compilation of jit(_squeeze) in 0.005989075 sec
2026-04-25 13:47:47,418 jax._src.dispatch WARNING: Finished tracing + transforming scatter for pjit in 0.000213861 sec
2026-04-25 13:47:47,418 jax._src.pjit WARNING: TRACING CACHE MISS at /global/homes/j/jackm/software/lorrax_B/src/psp/radial/solid_harmonics.py:82:8 (all_solid_harmonics) because:
  for scatter defined at /opt/jax/jax/_src/dispatch.py:96
  never seen input type signature:
    args[0]: f64[3,5,1917],  args[1]: i32[2],  args[2]: f64[1917]
  closest seen input type signature has 2 mismatches, including:
    * at args[0], seen f64[3,5,1947], but now given f64[3,5,1917]
    * at args[2], seen f64[1947], but now given f64[1917]
2026-04-25 13:47:47,418 jax._src.interpreters.pxla WARNING: Compiling scatter with global shapes and types [ShapedArray(float64[3,5,1917]), ShapedArray(int32[2]), ShapedArray(float64[1917])]. Argument mapping: (UnspecifiedValue, UnspecifiedValue, UnspecifiedValue).
2026-04-25 13:47:47,420 jax._src.dispatch WARNING: Finished jaxpr to MLIR module conversion jit(scatter) in 0.002172470 sec
2026-04-25 13:47:47,426 jax._src.compiler WARNING: Persistent compilation cache hit for 'jit_scatter' with key 'jit_scatter-ed429386b8023f03f8d30cdd61992a95a4d4dbf2246c44dba5659b77cc8810d6'
2026-04-25 13:47:47,426 jax._src.dispatch WARNING: Finished XLA compilation of jit(scatter) in 0.005596161 sec
2026-04-25 13:47:47,428 jax._src.dispatch WARNING: Finished tracing + transforming multiply for pjit in 0.000304222 sec
2026-04-25 13:47:47,429 jax._src.interpreters.pxla WARNING: Compiling multiply with global shapes and types [ShapedArray(float64[], weak_type=True), ShapedArray(float64[1917])]. Argument mapping: (UnspecifiedValue, UnspecifiedValue).
2026-04-25 13:47:47,431 jax._src.dispatch WARNING: Finished jaxpr to MLIR module conversion jit(multiply) in 0.002151012 sec
2026-04-25 13:47:47,437 jax._src.compiler WARNING: Persistent compilation cache hit for 'jit_multiply' with key 'jit_multiply-ae02c3959f56cfa45ae6dc552ae7fd0bd77da3f960fed68b52fb90c649f15fe3'
2026-04-25 13:47:47,437 jax._src.dispatch WARNING: Finished XLA compilation of jit(multiply) in 0.005836487 sec
2026-04-25 13:47:47,442 jax._src.dispatch WARNING: Finished tracing + transforming integer_pow for pjit in 0.000154734 sec
2026-04-25 13:47:47,443 jax._src.pjit WARNING: TRACING CACHE MISS at /global/homes/j/jackm/software/lorrax_B/src/psp/radial/solid_harmonics.py:93:43 (all_solid_harmonics) because:
  for integer_pow defined at /opt/jax/jax/_src/dispatch.py:96
  never seen input type signature:
    args[0]: f64[1917]
  closest seen input type signature has 1 mismatches, including:
    * at args[0], seen f64[26,2,24,24,80]({}), but now given f64[1917]({})
2026-04-25 13:47:47,443 jax._src.interpreters.pxla WARNING: Compiling integer_pow with global shapes and types [ShapedArray(float64[1917])]. Argument mapping: (UnspecifiedValue,).
2026-04-25 13:47:47,445 jax._src.dispatch WARNING: Finished jaxpr to MLIR module conversion jit(integer_pow) in 0.002152443 sec
2026-04-25 13:47:47,450 jax._src.compiler WARNING: Persistent compilation cache hit for 'jit_integer_pow' with key 'jit_integer_pow-9944aaa0d151d2be83ac34ad344cdb73bf313e5dc142fc37b70823df22b2c630'
2026-04-25 13:47:47,450 jax._src.dispatch WARNING: Finished XLA compilation of jit(integer_pow) in 0.004379749 sec
2026-04-25 13:47:47,451 jax._src.dispatch WARNING: Finished tracing + transforming multiply for pjit in 0.000424147 sec
2026-04-25 13:47:47,452 jax._src.interpreters.pxla WARNING: Compiling multiply with global shapes and types [ShapedArray(int64[], weak_type=True), ShapedArray(float64[1917])]. Argument mapping: (UnspecifiedValue, UnspecifiedValue).
2026-04-25 13:47:47,455 jax._src.dispatch WARNING: Finished jaxpr to MLIR module conversion jit(multiply) in 0.002837896 sec
2026-04-25 13:47:47,462 jax._src.compiler WARNING: Persistent compilation cache hit for 'jit_multiply' with key 'jit_multiply-36aab9c6231f83b2518c1e0897136782cf5b6f45d23422769c8c98c677890424'
2026-04-25 13:47:47,462 jax._src.dispatch WARNING: Finished XLA compilation of jit(multiply) in 0.007129908 sec
2026-04-25 13:47:47,464 jax._src.dispatch WARNING: Finished tracing + transforming subtract for pjit in 0.000254869 sec
2026-04-25 13:47:47,464 jax._src.interpreters.pxla WARNING: Compiling subtract with global shapes and types [ShapedArray(float64[1917]), ShapedArray(float64[1917])]. Argument mapping: (UnspecifiedValue, UnspecifiedValue).
2026-04-25 13:47:47,466 jax._src.dispatch WARNING: Finished jaxpr to MLIR module conversion jit(subtract) in 0.002097607 sec
2026-04-25 13:47:47,472 jax._src.compiler WARNING: Persistent compilation cache hit for 'jit_subtract' with key 'jit_subtract-e1adfee5ed1313203278513c38188f7e19340f3bee866e9fd9f4a984cbdb8933'
2026-04-25 13:47:47,472 jax._src.dispatch WARNING: Finished XLA compilation of jit(subtract) in 0.005167961 sec
2026-04-25 13:47:47,474 jax._src.dispatch WARNING: Finished tracing + transforming multiply for pjit in 0.000240803 sec
2026-04-25 13:47:47,475 jax._src.interpreters.pxla WARNING: Compiling multiply with global shapes and types [ShapedArray(float64[1917]), ShapedArray(float64[1917])]. Argument mapping: (UnspecifiedValue, UnspecifiedValue).
2026-04-25 13:47:47,477 jax._src.dispatch WARNING: Finished jaxpr to MLIR module conversion jit(multiply) in 0.002074718 sec
2026-04-25 13:47:47,481 jax._src.compiler WARNING: Persistent compilation cache hit for 'jit_multiply' with key 'jit_multiply-0351728e7ca9e756788867a1400b31890b1688122fca4a08ec0d02ee7523fe0a'
2026-04-25 13:47:47,481 jax._src.dispatch WARNING: Finished XLA compilation of jit(multiply) in 0.004321575 sec
2026-04-25 13:47:47,490 jax._src.dispatch WARNING: Finished tracing + transforming gather for pjit in 0.000306845 sec
2026-04-25 13:47:47,490 jax._src.pjit WARNING: TRACING CACHE MISS at /global/homes/j/jackm/software/lorrax_B/src/psp/vnl_ops.py:371:10 (_build_vnl_kdata_core) because:
  never seen function:
    gather id=140534223871872 defined at /opt/jax/jax/_src/dispatch.py:96
  but seen another function defined on the same line; maybe the function is
  being re-defined repeatedly, preventing caching?
2026-04-25 13:47:47,490 jax._src.interpreters.pxla WARNING: Compiling gather with global shapes and types [ShapedArray(float64[20,1917]), ShapedArray(int32[102,1])]. Argument mapping: (UnspecifiedValue, UnspecifiedValue).
2026-04-25 13:47:47,492 jax._src.dispatch WARNING: Finished jaxpr to MLIR module conversion jit(gather) in 0.002106428 sec
2026-04-25 13:47:47,496 jax._src.compiler WARNING: Persistent compilation cache hit for 'jit_gather' with key 'jit_gather-fccd72515507e12d2ac4eddd1fc390392e0028f2beaaffd417b5f3adfd99f967'
2026-04-25 13:47:47,497 jax._src.dispatch WARNING: Finished XLA compilation of jit(gather) in 0.004150867 sec
2026-04-25 13:47:47,498 jax._src.dispatch WARNING: Finished tracing + transforming broadcast_in_dim for pjit in 0.000184298 sec
2026-04-25 13:47:47,498 jax._src.pjit WARNING: TRACING CACHE MISS at /global/homes/j/jackm/software/lorrax_B/src/psp/vnl_ops.py:371:10 (_build_vnl_kdata_core) because:
  never seen function:
    broadcast_in_dim id=140534223876032 defined at /opt/jax/jax/_src/dispatch.py:96
  but seen another function defined on the same line; maybe the function is
  being re-defined repeatedly, preventing caching?
2026-04-25 13:47:47,498 jax._src.interpreters.pxla WARNING: Compiling broadcast_in_dim with global shapes and types [ShapedArray(float64[102,1917])]. Argument mapping: (UnspecifiedValue,).
2026-04-25 13:47:47,500 jax._src.dispatch WARNING: Finished jaxpr to MLIR module conversion jit(broadcast_in_dim) in 0.001865864 sec
2026-04-25 13:47:47,506 jax._src.compiler WARNING: Persistent compilation cache hit for 'jit_broadcast_in_dim' with key 'jit_broadcast_in_dim-2f230436bcb07a48f3278e35007752223af775ff7838ef4307277407156f6389'
2026-04-25 13:47:47,506 jax._src.dispatch WARNING: Finished XLA compilation of jit(broadcast_in_dim) in 0.005186558 sec
2026-04-25 13:47:47,509 jax._src.dispatch WARNING: Finished tracing + transforming gather for pjit in 0.000192642 sec
2026-04-25 13:47:47,509 jax._src.pjit WARNING: TRACING CACHE MISS at /global/homes/j/jackm/software/lorrax_B/src/psp/vnl_ops.py:372:10 (_build_vnl_kdata_core) because:
  never seen function:
    gather id=140534223878752 defined at /opt/jax/jax/_src/dispatch.py:96
  but seen another function defined on the same line; maybe the function is
  being re-defined repeatedly, preventing caching?
2026-04-25 13:47:47,509 jax._src.interpreters.pxla WARNING: Compiling gather with global shapes and types [ShapedArray(float64[3,5,1917]), ShapedArray(int32[102,2])]. Argument mapping: (UnspecifiedValue, UnspecifiedValue).
2026-04-25 13:47:47,511 jax._src.dispatch WARNING: Finished jaxpr to MLIR module conversion jit(gather) in 0.002090216 sec
2026-04-25 13:47:47,515 jax._src.compiler WARNING: Persistent compilation cache hit for 'jit_gather' with key 'jit_gather-c96035d3c33063beeefa7207ab9441e01ecf8a433b7015755c68b539105790c9'
2026-04-25 13:47:47,515 jax._src.dispatch WARNING: Finished XLA compilation of jit(gather) in 0.004039049 sec
2026-04-25 13:47:47,517 jax._src.dispatch WARNING: Finished tracing + transforming matmul for pjit in 0.000381947 sec
2026-04-25 13:47:47,519 jax._src.interpreters.pxla WARNING: Compiling matmul with global shapes and types [ShapedArray(float64[1917,3]), ShapedArray(float64[3,102])]. Argument mapping: (UnspecifiedValue, UnspecifiedValue).
2026-04-25 13:47:47,521 jax._src.dispatch WARNING: Finished jaxpr to MLIR module conversion jit(matmul) in 0.002111197 sec
2026-04-25 13:47:47,526 jax._src.compiler WARNING: Persistent compilation cache hit for 'jit_matmul' with key 'jit_matmul-4dd51e10959446a1eadabeb71a2b8b23dd1c32df3c8b4938fc3d7c2577bee6b2'
2026-04-25 13:47:47,526 jax._src.dispatch WARNING: Finished XLA compilation of jit(matmul) in 0.005357027 sec
2026-04-25 13:47:47,528 jax._src.dispatch WARNING: Finished tracing + transforming multiply for pjit in 0.000373125 sec
2026-04-25 13:47:47,528 jax._src.interpreters.pxla WARNING: Compiling multiply with global shapes and types [ShapedArray(complex128[], weak_type=True), ShapedArray(float64[1917,102])]. Argument mapping: (UnspecifiedValue, UnspecifiedValue).
2026-04-25 13:47:47,530 jax._src.dispatch WARNING: Finished jaxpr to MLIR module conversion jit(multiply) in 0.002255201 sec
2026-04-25 13:47:47,535 jax._src.compiler WARNING: Persistent compilation cache hit for 'jit_multiply' with key 'jit_multiply-7344ee5075ea1b9f7272933f3e56a2185d922b5f9f6db6e407323e24f96b5c9c'
2026-04-25 13:47:47,535 jax._src.dispatch WARNING: Finished XLA compilation of jit(multiply) in 0.003896475 sec
2026-04-25 13:47:47,536 jax._src.dispatch WARNING: Finished tracing + transforming exp for pjit in 0.000199556 sec
2026-04-25 13:47:47,536 jax._src.interpreters.pxla WARNING: Compiling exp with global shapes and types [ShapedArray(complex128[1917,102])]. Argument mapping: (UnspecifiedValue,).
2026-04-25 13:47:47,538 jax._src.dispatch WARNING: Finished jaxpr to MLIR module conversion jit(exp) in 0.002028465 sec
2026-04-25 13:47:47,543 jax._src.compiler WARNING: Persistent compilation cache hit for 'jit_exp' with key 'jit_exp-b8f73a40b6218d57b76cad7a9207ba673fe4afa4a9308eca8ddc970d5febabfc'
2026-04-25 13:47:47,543 jax._src.dispatch WARNING: Finished XLA compilation of jit(exp) in 0.004521132 sec
2026-04-25 13:47:47,545 jax._src.dispatch WARNING: Finished tracing + transforming transpose for pjit in 0.000185490 sec
2026-04-25 13:47:47,545 jax._src.pjit WARNING: TRACING CACHE MISS at /global/homes/j/jackm/software/lorrax_B/src/psp/vnl_ops.py:373:14 (_build_vnl_kdata_core) because:
  for transpose defined at /opt/jax/jax/_src/dispatch.py:96
  never seen input type signature:
    args[0]: c128[1917,102]
  closest seen input type signature has 1 mismatches, including:
    * at args[0], seen f64[102,3], but now given c128[1917,102]
2026-04-25 13:47:47,545 jax._src.interpreters.pxla WARNING: Compiling transpose with global shapes and types [ShapedArray(complex128[1917,102])]. Argument mapping: (UnspecifiedValue,).
2026-04-25 13:47:47,547 jax._src.dispatch WARNING: Finished jaxpr to MLIR module conversion jit(transpose) in 0.001970053 sec
2026-04-25 13:47:47,552 jax._src.compiler WARNING: Persistent compilation cache hit for 'jit_transpose' with key 'jit_transpose-f5eaed44cc52e1ff84d4b0ceddc111377a04f9fa56f5ddf3426de93856bcada3'
2026-04-25 13:47:47,552 jax._src.dispatch WARNING: Finished XLA compilation of jit(transpose) in 0.004153490 sec
2026-04-25 13:47:47,554 jax._src.dispatch WARNING: Finished tracing + transforming multiply for pjit in 0.000306606 sec
2026-04-25 13:47:47,554 jax._src.interpreters.pxla WARNING: Compiling multiply with global shapes and types [ShapedArray(complex128[102,1]), ShapedArray(float64[102,1917])]. Argument mapping: (UnspecifiedValue, UnspecifiedValue).
2026-04-25 13:47:47,556 jax._src.dispatch WARNING: Finished jaxpr to MLIR module conversion jit(multiply) in 0.002254963 sec
2026-04-25 13:47:47,561 jax._src.compiler WARNING: Persistent compilation cache hit for 'jit_multiply' with key 'jit_multiply-17e1dacff1f27e335c06308951da73832145db2f8ebbbdda55b2bfc14ff4bafb'
2026-04-25 13:47:47,561 jax._src.dispatch WARNING: Finished XLA compilation of jit(multiply) in 0.004732609 sec
2026-04-25 13:47:47,563 jax._src.dispatch WARNING: Finished tracing + transforming multiply for pjit in 0.000317097 sec
2026-04-25 13:47:47,563 jax._src.interpreters.pxla WARNING: Compiling multiply with global shapes and types [ShapedArray(complex128[102,1917]), ShapedArray(float64[102,1917])]. Argument mapping: (UnspecifiedValue, UnspecifiedValue).
2026-04-25 13:47:47,565 jax._src.dispatch WARNING: Finished jaxpr to MLIR module conversion jit(multiply) in 0.002142429 sec
2026-04-25 13:47:47,570 jax._src.compiler WARNING: Persistent compilation cache hit for 'jit_multiply' with key 'jit_multiply-c767a3893af72d522da449263f2b3bfb059d6e353affc4c90404414cf52546be'
2026-04-25 13:47:47,570 jax._src.dispatch WARNING: Finished XLA compilation of jit(multiply) in 0.004197836 sec
2026-04-25 13:47:47,571 jax._src.dispatch WARNING: Finished tracing + transforming multiply for pjit in 0.000245333 sec
2026-04-25 13:47:47,571 jax._src.interpreters.pxla WARNING: Compiling multiply with global shapes and types [ShapedArray(complex128[102,1917]), ShapedArray(complex128[102,1917])]. Argument mapping: (UnspecifiedValue, UnspecifiedValue).
2026-04-25 13:47:47,573 jax._src.dispatch WARNING: Finished jaxpr to MLIR module conversion jit(multiply) in 0.002058744 sec
2026-04-25 13:47:47,580 jax._src.compiler WARNING: Persistent compilation cache hit for 'jit_multiply' with key 'jit_multiply-9c117dd6edf0eb7b839e2dd5fa737e9b70ee1570fe3d4d878d9726b200858f24'
2026-04-25 13:47:47,580 jax._src.dispatch WARNING: Finished XLA compilation of jit(multiply) in 0.005889416 sec
2026-04-25 13:47:47,582 jax._src.dispatch WARNING: Finished tracing + transforming matmul for pjit in 0.000373363 sec
2026-04-25 13:47:47,583 jax._src.interpreters.pxla WARNING: Compiling matmul with global shapes and types [ShapedArray(complex128[102,102]), ShapedArray(complex128[102,1917])]. Argument mapping: (UnspecifiedValue, UnspecifiedValue).
2026-04-25 13:47:47,585 jax._src.dispatch WARNING: Finished jaxpr to MLIR module conversion jit(matmul) in 0.002065897 sec
2026-04-25 13:47:47,591 jax._src.compiler WARNING: Persistent compilation cache hit for 'jit_matmul' with key 'jit_matmul-524a3be485a59ed4a0fd714f4efb66c9993f5dcc0e2fe4a4077f18ffc5573915'
2026-04-25 13:47:47,591 jax._src.dispatch WARNING: Finished XLA compilation of jit(matmul) in 0.005700111 sec
2026-04-25 13:47:47,592 jax._src.dispatch WARNING: Finished tracing + transforming conjugate for pjit in 0.000180721 sec
2026-04-25 13:47:47,592 jax._src.interpreters.pxla WARNING: Compiling conjugate with global shapes and types [ShapedArray(complex128[102,1917])]. Argument mapping: (UnspecifiedValue,).
2026-04-25 13:47:47,595 jax._src.dispatch WARNING: Finished tracing + transforming negative for pjit in 0.000159025 sec
2026-04-25 13:47:47,595 jax._src.dispatch WARNING: Finished jaxpr to MLIR module conversion jit(conjugate) in 0.003035545 sec
2026-04-25 13:47:47,601 jax._src.compiler WARNING: Persistent compilation cache hit for 'jit_conjugate' with key 'jit_conjugate-1315ed1924a23836a2b2796078dfa1b66217cd5b823d13bcc345bb1cbd7fa653'
2026-04-25 13:47:47,601 jax._src.dispatch WARNING: Finished XLA compilation of jit(conjugate) in 0.005137444 sec
2026-04-25 13:47:47,603 jax._src.dispatch WARNING: Finished tracing + transforming _reduce_sum for pjit in 0.000364304 sec
2026-04-25 13:47:47,603 jax._src.interpreters.pxla WARNING: Compiling _reduce_sum with global shapes and types [ShapedArray(complex128[102,1917])]. Argument mapping: (UnspecifiedValue,).
2026-04-25 13:47:47,605 jax._src.dispatch WARNING: Finished jaxpr to MLIR module conversion jit(_reduce_sum) in 0.002106667 sec
2026-04-25 13:47:47,610 jax._src.compiler WARNING: Persistent compilation cache hit for 'jit__reduce_sum' with key 'jit__reduce_sum-a8ced211bac0721b6e578c80355d55cff96ad7c6d454b61334727c5e25bd5cad'
2026-04-25 13:47:47,610 jax._src.dispatch WARNING: Finished XLA compilation of jit(_reduce_sum) in 0.004528999 sec
2026-04-25 13:47:47,611 jax._src.dispatch WARNING: Finished tracing + transforming real for pjit in 0.000154257 sec
2026-04-25 13:47:47,611 jax._src.interpreters.pxla WARNING: Compiling real with global shapes and types [ShapedArray(complex128[1917])]. Argument mapping: (UnspecifiedValue,).
2026-04-25 13:47:47,613 jax._src.dispatch WARNING: Finished jaxpr to MLIR module conversion jit(real) in 0.001998901 sec
2026-04-25 13:47:47,618 jax._src.compiler WARNING: Persistent compilation cache hit for 'jit_real' with key 'jit_real-bef31650dbe6ab4d71e2ff01641cd1c9c84c6af99f286b185969c7bfb8502d9d'
2026-04-25 13:47:47,618 jax._src.dispatch WARNING: Finished XLA compilation of jit(real) in 0.004369736 sec
2026-04-25 13:47:47,619 jax._src.dispatch WARNING: Finished tracing + transforming add for pjit in 0.000242949 sec
2026-04-25 13:47:47,619 jax._src.interpreters.pxla WARNING: Compiling add with global shapes and types [ShapedArray(float64[1917]), ShapedArray(float64[1917])]. Argument mapping: (UnspecifiedValue, UnspecifiedValue).
2026-04-25 13:47:47,621 jax._src.dispatch WARNING: Finished jaxpr to MLIR module conversion jit(add) in 0.002037525 sec
2026-04-25 13:47:47,627 jax._src.compiler WARNING: Persistent compilation cache hit for 'jit_add' with key 'jit_add-2846197e5d7b048658567125c4801649b4ab142708f520951f5ed8cab6da0d28'
2026-04-25 13:47:47,627 jax._src.dispatch WARNING: Finished XLA compilation of jit(add) in 0.005577326 sec
2026-04-25 13:47:47,630 jax._src.dispatch WARNING: Finished tracing + transforming add for pjit in 0.000237465 sec
2026-04-25 13:47:47,631 jax._src.interpreters.pxla WARNING: Compiling add with global shapes and types [ShapedArray(float64[1917]), ShapedArray(float64[])]. Argument mapping: (UnspecifiedValue, UnspecifiedValue).
2026-04-25 13:47:47,633 jax._src.dispatch WARNING: Finished jaxpr to MLIR module conversion jit(add) in 0.002149582 sec
2026-04-25 13:47:47,637 jax._src.compiler WARNING: Persistent compilation cache hit for 'jit_add' with key 'jit_add-1b3556f6fbd5b90ee5b148d0e70046bd035df5881f722034f7c0f2a2779e6261'
2026-04-25 13:47:47,637 jax._src.dispatch WARNING: Finished XLA compilation of jit(add) in 0.003909588 sec
2026-04-25 13:47:47,639 jax._src.dispatch WARNING: Finished tracing + transforming broadcast_in_dim for pjit in 0.000172138 sec
2026-04-25 13:47:47,639 jax._src.pjit WARNING: TRACING CACHE MISS at /global/homes/j/jackm/software/lorrax_B/src/psp/dft_operators.py:553:11 (setup_H_k_from_kvec) because:
  for broadcast_in_dim defined at /opt/jax/jax/_src/dispatch.py:96
  never seen input type signature:
    args[0]: bool[]
  closest seen input type signature has 1 mismatches, including:
    * at args[0], seen f64[], but now given bool[]
2026-04-25 13:47:47,639 jax._src.interpreters.pxla WARNING: Compiling broadcast_in_dim with global shapes and types [ShapedArray(bool[])]. Argument mapping: (UnspecifiedValue,).
2026-04-25 13:47:47,641 jax._src.dispatch WARNING: Finished jaxpr to MLIR module conversion jit(broadcast_in_dim) in 0.002016544 sec
2026-04-25 13:47:47,645 jax._src.compiler WARNING: Persistent compilation cache hit for 'jit_broadcast_in_dim' with key 'jit_broadcast_in_dim-edde86878acad14919ef5fc70ced3614034f525cbfd666fe32f31bfb4ea55a89'
2026-04-25 13:47:47,645 jax._src.dispatch WARNING: Finished XLA compilation of jit(broadcast_in_dim) in 0.004081726 sec
2026-04-25 13:47:47,647 jax._src.dispatch WARNING: Finished tracing + transforming _pad for pjit in 0.000397444 sec
2026-04-25 13:47:47,647 jax._src.pjit WARNING: TRACING CACHE MISS at /global/homes/j/jackm/software/lorrax_B/src/psp/dft_operators.py:558:17 (setup_H_k_from_kvec) because:
  for _pad defined at /opt/jax/jax/_src/numpy/lax_numpy.py:4207
  never seen input type signature:
    array: f64[1917],  constant_values: f64[]
  closest seen input type signature has 1 mismatches, including:
    * at array, seen f64[1947], but now given f64[1917]
2026-04-25 13:47:47,647 jax._src.interpreters.pxla WARNING: Compiling _pad with global shapes and types [ShapedArray(float64[1917]), ShapedArray(float64[], weak_type=True)]. Argument mapping: (UnspecifiedValue, UnspecifiedValue).
2026-04-25 13:47:47,649 jax._src.dispatch WARNING: Finished jaxpr to MLIR module conversion jit(_pad) in 0.002121210 sec
2026-04-25 13:47:47,655 jax._src.compiler WARNING: Persistent compilation cache hit for 'jit__pad' with key 'jit__pad-8a136603b6850b4f6c415cb516bbbdf2f1532f2d436b7aca12393858a3c77e1d'
2026-04-25 13:47:47,655 jax._src.dispatch WARNING: Finished XLA compilation of jit(_pad) in 0.005247355 sec
2026-04-25 13:47:47,656 jax._src.dispatch WARNING: Finished tracing + transforming _pad for pjit in 0.000376940 sec
2026-04-25 13:47:47,657 jax._src.pjit WARNING: TRACING CACHE MISS at /global/homes/j/jackm/software/lorrax_B/src/psp/dft_operators.py:560:13 (setup_H_k_from_kvec) because:
  for _pad defined at /opt/jax/jax/_src/numpy/lax_numpy.py:4207
  never seen input type signature:
    array: i32[1917],  constant_values: i64[]
  closest seen input type signature has 1 mismatches, including:
    * at array, seen i32[1947], but now given i32[1917]
2026-04-25 13:47:47,657 jax._src.interpreters.pxla WARNING: Compiling _pad with global shapes and types [ShapedArray(int32[1917]), ShapedArray(int64[], weak_type=True)]. Argument mapping: (UnspecifiedValue, UnspecifiedValue).
2026-04-25 13:47:47,659 jax._src.dispatch WARNING: Finished jaxpr to MLIR module conversion jit(_pad) in 0.002110481 sec
2026-04-25 13:47:47,666 jax._src.compiler WARNING: Persistent compilation cache hit for 'jit__pad' with key 'jit__pad-2214783d8c9c29b69bbab3e064617fd928e0b4efb54e3e4c2bb8ca3f8131ea5e'
2026-04-25 13:47:47,666 jax._src.dispatch WARNING: Finished XLA compilation of jit(_pad) in 0.006688356 sec
2026-04-25 13:47:47,668 jax._src.dispatch WARNING: Finished tracing + transforming _pad for pjit in 0.000392437 sec
2026-04-25 13:47:47,668 jax._src.pjit WARNING: TRACING CACHE MISS at /global/homes/j/jackm/software/lorrax_B/src/psp/dft_operators.py:563:16 (setup_H_k_from_kvec) because:
  for _pad defined at /opt/jax/jax/_src/numpy/lax_numpy.py:4207
  never seen input type signature:
    array: c128[102,1917],  constant_values: f64[]
  closest seen input type signature has 1 mismatches, including:
    * at array, seen f64[1947]({}), but now given c128[102,1917]({})
2026-04-25 13:47:47,668 jax._src.interpreters.pxla WARNING: Compiling _pad with global shapes and types [ShapedArray(complex128[102,1917]), ShapedArray(float64[], weak_type=True)]. Argument mapping: (UnspecifiedValue, UnspecifiedValue).
2026-04-25 13:47:47,671 jax._src.dispatch WARNING: Finished jaxpr to MLIR module conversion jit(_pad) in 0.002124548 sec
2026-04-25 13:47:47,676 jax._src.compiler WARNING: Persistent compilation cache hit for 'jit__pad' with key 'jit__pad-2025cd2e35fa364ad80277c41f1e6e51a84c7864ad298e5b8173acc02a1c2f1c'
2026-04-25 13:47:47,676 jax._src.dispatch WARNING: Finished XLA compilation of jit(_pad) in 0.005022049 sec
2026-04-25 13:47:47,677 jax._src.dispatch WARNING: Finished tracing + transforming broadcast_in_dim for pjit in 0.000171185 sec
2026-04-25 13:47:47,678 jax._src.pjit WARNING: TRACING CACHE MISS at /global/homes/j/jackm/software/lorrax_B/src/psp/dft_operators.py:565:38 (setup_H_k_from_kvec) because:
  never seen function:
    broadcast_in_dim id=140534756081888 defined at /opt/jax/jax/_src/dispatch.py:96
  but seen another function defined on the same line; maybe the function is
  being re-defined repeatedly, preventing caching?
2026-04-25 13:47:47,678 jax._src.interpreters.pxla WARNING: Compiling broadcast_in_dim with global shapes and types [ShapedArray(bool[])]. Argument mapping: (UnspecifiedValue,).
2026-04-25 13:47:47,680 jax._src.dispatch WARNING: Finished jaxpr to MLIR module conversion jit(broadcast_in_dim) in 0.002018929 sec
2026-04-25 13:47:47,688 jax._src.compiler WARNING: Persistent compilation cache hit for 'jit_broadcast_in_dim' with key 'jit_broadcast_in_dim-1211201145753b57617ebbc0d5c4c3aee6714de1983b6853232ae9c66e286ff5'
2026-04-25 13:47:47,688 jax._src.dispatch WARNING: Finished XLA compilation of jit(broadcast_in_dim) in 0.007650614 sec
2026-04-25 13:47:47,689 jax._src.dispatch WARNING: Finished tracing + transforming concatenate for pjit in 0.000186682 sec
2026-04-25 13:47:47,689 jax._src.pjit WARNING: TRACING CACHE MISS at /global/homes/j/jackm/software/lorrax_B/src/psp/dft_operators.py:565:15 (setup_H_k_from_kvec) because:
  for concatenate defined at /opt/jax/jax/_src/dispatch.py:96
  never seen input type signature:
    args[0]: bool[1917],  args[1]: bool[46]
  closest seen input type signature has 2 mismatches, including:
    * at args[0], seen i32[1], but now given bool[1917]
    * at args[1], seen i32[1], but now given bool[46]
2026-04-25 13:47:47,689 jax._src.interpreters.pxla WARNING: Compiling concatenate with global shapes and types [ShapedArray(bool[1917]), ShapedArray(bool[46])]. Argument mapping: (UnspecifiedValue, UnspecifiedValue).
2026-04-25 13:47:47,691 jax._src.dispatch WARNING: Finished jaxpr to MLIR module conversion jit(concatenate) in 0.002029896 sec
2026-04-25 13:47:47,696 jax._src.compiler WARNING: Persistent compilation cache hit for 'jit_concatenate' with key 'jit_concatenate-b8a87b5e58b0b9d168c4bee889140dd890a6dd1edbd8c1b17bd0aef3b9e6ca4c'
2026-04-25 13:47:47,696 jax._src.dispatch WARNING: Finished XLA compilation of jit(concatenate) in 0.004331112 sec
2026-04-25 13:47:47,928 jax._src.dispatch WARNING: Finished tracing + transforming dynamic_slice for pjit in 0.000205755 sec
2026-04-25 13:47:47,928 jax._src.pjit WARNING: TRACING CACHE MISS at /global/homes/j/jackm/software/lorrax_B/src/psp/run_sternheimer.py:1167:24 (run_sternheimer) because:
  never seen function:
    dynamic_slice id=140534222103040 defined at /opt/jax/jax/_src/dispatch.py:96
2026-04-25 13:47:47,928 jax._src.interpreters.pxla WARNING: Compiling dynamic_slice with global shapes and types [ShapedArray(float64[9,46]), ShapedArray(int64[], weak_type=True), ShapedArray(int64[], weak_type=True)]. Argument mapping: (UnspecifiedValue, UnspecifiedValue, UnspecifiedValue).
2026-04-25 13:47:47,930 jax._src.dispatch WARNING: Finished jaxpr to MLIR module conversion jit(dynamic_slice) in 0.001753092 sec
2026-04-25 13:47:47,940 jax._src.compiler WARNING: Persistent compilation cache hit for 'jit_dynamic_slice' with key 'jit_dynamic_slice-a0d48b33f188b6c6be5dc159cc2f3e4cc01306c1c5cbb25b7f5234f4d9055703'
2026-04-25 13:47:47,940 jax._src.dispatch WARNING: Finished XLA compilation of jit(dynamic_slice) in 0.010066986 sec
2026-04-25 13:47:47,948 jax._src.dispatch WARNING: Finished tracing + transforming broadcast_in_dim for pjit in 0.000188589 sec
2026-04-25 13:47:47,948 jax._src.pjit WARNING: TRACING CACHE MISS at /global/homes/j/jackm/software/lorrax_B/src/psp/run_sternheimer.py:1205:20 (run_sternheimer) because:
  never seen function:
    broadcast_in_dim id=140534222107040 defined at /opt/jax/jax/_src/dispatch.py:96
2026-04-25 13:47:47,948 jax._src.interpreters.pxla WARNING: Compiling broadcast_in_dim with global shapes and types [ShapedArray(float64[1963])]. Argument mapping: (UnspecifiedValue,).
2026-04-25 13:47:47,950 jax._src.dispatch WARNING: Finished jaxpr to MLIR module conversion jit(broadcast_in_dim) in 0.001802921 sec
2026-04-25 13:47:47,955 jax._src.compiler WARNING: Persistent compilation cache hit for 'jit_broadcast_in_dim' with key 'jit_broadcast_in_dim-933084fd741b41254e9d9ca831535602c77458de9868aea2550e38c6208b8645'
2026-04-25 13:47:47,955 jax._src.dispatch WARNING: Finished XLA compilation of jit(broadcast_in_dim) in 0.004918337 sec
2026-04-25 13:47:47,957 jax._src.dispatch WARNING: Finished tracing + transforming concatenate for pjit in 0.000238180 sec
2026-04-25 13:47:47,957 jax._src.pjit WARNING: TRACING CACHE MISS at /global/homes/j/jackm/software/lorrax_B/src/psp/run_sternheimer.py:1205:20 (run_sternheimer) because:
  for concatenate defined at /opt/jax/jax/_src/dispatch.py:96
  never seen input type signature
  closest seen input type signature has 9 mismatches, including:
    * at args[0], seen c128[1,46,2,24,24,80]({}), but now given f64[1,1963]({})
    * at args[1], seen c128[1,46,2,24,24,80]({}), but now given f64[1,1963]({})
    * at args[2], seen c128[1,46,2,24,24,80]({}), but now given f64[1,1963]({})
    * at args[3], seen c128[1,46,2,24,24,80]({}), but now given f64[1,1963]({})
    * at args[4], seen c128[1,46,2,24,24,80]({}), but now given f64[1,1963]({})
    * at args[5], seen c128[1,46,2,24,24,80]({}), but now given f64[1,1963]({})
    * at args[6], seen c128[1,46,2,24,24,80]({}), but now given f64[1,1963]({})
    * at args[7], seen c128[1,46,2,24,24,80]({}), but now given f64[1,1963]({})
    * at args[8], seen c128[1,46,2,24,24,80]({}), but now given f64[1,1963]({})
2026-04-25 13:47:47,958 jax._src.interpreters.pxla WARNING: Compiling concatenate with global shapes and types [ShapedArray(float64[1,1963]), ShapedArray(float64[1,1963]), ShapedArray(float64[1,1963]), ShapedArray(float64[1,1963]), ShapedArray(float64[1,1963]), ShapedArray(float64[1,1963]), ShapedArray(float64[1,1963]), ShapedArray(float64[1,1963]), ShapedArray(float64[1,1963])]. Argument mapping: (UnspecifiedValue, UnspecifiedValue, UnspecifiedValue, UnspecifiedValue, UnspecifiedValue, UnspecifiedValue, UnspecifiedValue, UnspecifiedValue, UnspecifiedValue).
2026-04-25 13:47:47,960 jax._src.dispatch WARNING: Finished jaxpr to MLIR module conversion jit(concatenate) in 0.001714468 sec
2026-04-25 13:47:47,964 jax._src.compiler WARNING: Persistent compilation cache hit for 'jit_concatenate' with key 'jit_concatenate-c0d886e576b1080ce844635d6c910fca959cd7b5e5b9199b57d4c8f220f626f4'
2026-04-25 13:47:47,964 jax._src.dispatch WARNING: Finished XLA compilation of jit(concatenate) in 0.004492521 sec
2026-04-25 13:47:47,966 jax._src.dispatch WARNING: Finished tracing + transforming broadcast_in_dim for pjit in 0.000181913 sec
2026-04-25 13:47:47,966 jax._src.pjit WARNING: TRACING CACHE MISS at /global/homes/j/jackm/software/lorrax_B/src/psp/run_sternheimer.py:1206:20 (run_sternheimer) because:
  for broadcast_in_dim defined at /opt/jax/jax/_src/dispatch.py:96
  never seen input type signature:
    args[0]: bool[1963]
  closest seen input type signature has 1 mismatches, including:
    * at args[0], seen f64[1963], but now given bool[1963]
2026-04-25 13:47:47,966 jax._src.interpreters.pxla WARNING: Compiling broadcast_in_dim with global shapes and types [ShapedArray(bool[1963])]. Argument mapping: (UnspecifiedValue,).
2026-04-25 13:47:47,968 jax._src.dispatch WARNING: Finished jaxpr to MLIR module conversion jit(broadcast_in_dim) in 0.001633406 sec
2026-04-25 13:47:47,980 jax._src.compiler WARNING: Persistent compilation cache hit for 'jit_broadcast_in_dim' with key 'jit_broadcast_in_dim-067e3d50d18ad16270ddf8370ab9d4b2fd49d96989a1f596a64a3bd578fc2b3b'
2026-04-25 13:47:47,980 jax._src.dispatch WARNING: Finished XLA compilation of jit(broadcast_in_dim) in 0.011440992 sec
2026-04-25 13:47:47,982 jax._src.dispatch WARNING: Finished tracing + transforming concatenate for pjit in 0.000221014 sec
2026-04-25 13:47:47,982 jax._src.pjit WARNING: TRACING CACHE MISS at /global/homes/j/jackm/software/lorrax_B/src/psp/run_sternheimer.py:1206:20 (run_sternheimer) because:
  for concatenate defined at /opt/jax/jax/_src/dispatch.py:96
  never seen input type signature
  closest seen input type signature has 9 mismatches, including:
    * at args[0], seen c128[1,46,2,24,24,80]({}), but now given bool[1,1963]({})
    * at args[1], seen c128[1,46,2,24,24,80]({}), but now given bool[1,1963]({})
    * at args[2], seen c128[1,46,2,24,24,80]({}), but now given bool[1,1963]({})
    * at args[3], seen c128[1,46,2,24,24,80]({}), but now given bool[1,1963]({})
    * at args[4], seen c128[1,46,2,24,24,80]({}), but now given bool[1,1963]({})
    * at args[5], seen c128[1,46,2,24,24,80]({}), but now given bool[1,1963]({})
    * at args[6], seen c128[1,46,2,24,24,80]({}), but now given bool[1,1963]({})
    * at args[7], seen c128[1,46,2,24,24,80]({}), but now given bool[1,1963]({})
    * at args[8], seen c128[1,46,2,24,24,80]({}), but now given bool[1,1963]({})
2026-04-25 13:47:47,982 jax._src.interpreters.pxla WARNING: Compiling concatenate with global shapes and types [ShapedArray(bool[1,1963]), ShapedArray(bool[1,1963]), ShapedArray(bool[1,1963]), ShapedArray(bool[1,1963]), ShapedArray(bool[1,1963]), ShapedArray(bool[1,1963]), ShapedArray(bool[1,1963]), ShapedArray(bool[1,1963]), ShapedArray(bool[1,1963])]. Argument mapping: (UnspecifiedValue, UnspecifiedValue, UnspecifiedValue, UnspecifiedValue, UnspecifiedValue, UnspecifiedValue, UnspecifiedValue, UnspecifiedValue, UnspecifiedValue).
2026-04-25 13:47:47,984 jax._src.dispatch WARNING: Finished jaxpr to MLIR module conversion jit(concatenate) in 0.002137899 sec
2026-04-25 13:47:47,991 jax._src.compiler WARNING: Persistent compilation cache hit for 'jit_concatenate' with key 'jit_concatenate-9ef2ed09701aefd7599f5b8e6e49bcc8fad3a393bb9dd37932c7fc7496059130'
2026-04-25 13:47:47,991 jax._src.dispatch WARNING: Finished XLA compilation of jit(concatenate) in 0.006398916 sec
2026-04-25 13:47:47,993 jax._src.dispatch WARNING: Finished tracing + transforming broadcast_in_dim for pjit in 0.000176191 sec
2026-04-25 13:47:47,993 jax._src.pjit WARNING: TRACING CACHE MISS at /global/homes/j/jackm/software/lorrax_B/src/psp/run_sternheimer.py:1207:20 (run_sternheimer) because:
  for broadcast_in_dim defined at /opt/jax/jax/_src/dispatch.py:96
  never seen input type signature:
    args[0]: i32[1963]
  closest seen input type signature has 1 mismatches, including:
    * at args[0], seen f64[1963], but now given i32[1963]
2026-04-25 13:47:47,993 jax._src.interpreters.pxla WARNING: Compiling broadcast_in_dim with global shapes and types [ShapedArray(int32[1963])]. Argument mapping: (UnspecifiedValue,).
2026-04-25 13:47:47,995 jax._src.dispatch WARNING: Finished jaxpr to MLIR module conversion jit(broadcast_in_dim) in 0.001952410 sec
2026-04-25 13:47:48,000 jax._src.compiler WARNING: Persistent compilation cache hit for 'jit_broadcast_in_dim' with key 'jit_broadcast_in_dim-51ffbb9acc0717e3904e50a613e14d691f3de8b7d9b9ebb5904ee3a29d0996b9'
2026-04-25 13:47:48,000 jax._src.dispatch WARNING: Finished XLA compilation of jit(broadcast_in_dim) in 0.004667282 sec
2026-04-25 13:47:48,002 jax._src.dispatch WARNING: Finished tracing + transforming concatenate for pjit in 0.000220537 sec
2026-04-25 13:47:48,002 jax._src.pjit WARNING: TRACING CACHE MISS at /global/homes/j/jackm/software/lorrax_B/src/psp/run_sternheimer.py:1207:20 (run_sternheimer) because:
  for concatenate defined at /opt/jax/jax/_src/dispatch.py:96
  never seen input type signature
  closest seen input type signature has 9 mismatches, including:
    * at args[0], seen c128[1,46,2,24,24,80]({}), but now given i32[1,1963]({})
    * at args[1], seen c128[1,46,2,24,24,80]({}), but now given i32[1,1963]({})
    * at args[2], seen c128[1,46,2,24,24,80]({}), but now given i32[1,1963]({})
    * at args[3], seen c128[1,46,2,24,24,80]({}), but now given i32[1,1963]({})
    * at args[4], seen c128[1,46,2,24,24,80]({}), but now given i32[1,1963]({})
    * at args[5], seen c128[1,46,2,24,24,80]({}), but now given i32[1,1963]({})
    * at args[6], seen c128[1,46,2,24,24,80]({}), but now given i32[1,1963]({})
    * at args[7], seen c128[1,46,2,24,24,80]({}), but now given i32[1,1963]({})
    * at args[8], seen c128[1,46,2,24,24,80]({}), but now given i32[1,1963]({})
2026-04-25 13:47:48,003 jax._src.interpreters.pxla WARNING: Compiling concatenate with global shapes and types [ShapedArray(int32[1,1963]), ShapedArray(int32[1,1963]), ShapedArray(int32[1,1963]), ShapedArray(int32[1,1963]), ShapedArray(int32[1,1963]), ShapedArray(int32[1,1963]), ShapedArray(int32[1,1963]), ShapedArray(int32[1,1963]), ShapedArray(int32[1,1963])]. Argument mapping: (UnspecifiedValue, UnspecifiedValue, UnspecifiedValue, UnspecifiedValue, UnspecifiedValue, UnspecifiedValue, UnspecifiedValue, UnspecifiedValue, UnspecifiedValue).
2026-04-25 13:47:48,005 jax._src.dispatch WARNING: Finished jaxpr to MLIR module conversion jit(concatenate) in 0.002123356 sec
2026-04-25 13:47:48,010 jax._src.compiler WARNING: Persistent compilation cache hit for 'jit_concatenate' with key 'jit_concatenate-764aa352e4b1a7a6d484b15e61150c1c67179fe4cfe27ff2376d0035c80a6d85'
2026-04-25 13:47:48,010 jax._src.dispatch WARNING: Finished XLA compilation of jit(concatenate) in 0.004334450 sec
2026-04-25 13:47:48,014 jax._src.dispatch WARNING: Finished tracing + transforming broadcast_in_dim for pjit in 0.000183105 sec
2026-04-25 13:47:48,014 jax._src.pjit WARNING: TRACING CACHE MISS at /global/homes/j/jackm/software/lorrax_B/src/psp/run_sternheimer.py:1210:20 (run_sternheimer) because:
  never seen function:
    broadcast_in_dim id=140534222108640 defined at /opt/jax/jax/_src/dispatch.py:96
2026-04-25 13:47:48,014 jax._src.interpreters.pxla WARNING: Compiling broadcast_in_dim with global shapes and types [ShapedArray(int32[1963,3])]. Argument mapping: (UnspecifiedValue,).
2026-04-25 13:47:48,016 jax._src.dispatch WARNING: Finished jaxpr to MLIR module conversion jit(broadcast_in_dim) in 0.001973152 sec
2026-04-25 13:47:48,021 jax._src.compiler WARNING: Persistent compilation cache hit for 'jit_broadcast_in_dim' with key 'jit_broadcast_in_dim-80ab8724de191c113dfed047ba5e880ac247d094767b64ead9fed50df132728c'
2026-04-25 13:47:48,021 jax._src.dispatch WARNING: Finished XLA compilation of jit(broadcast_in_dim) in 0.004390240 sec
2026-04-25 13:47:48,023 jax._src.dispatch WARNING: Finished tracing + transforming concatenate for pjit in 0.000236034 sec
2026-04-25 13:47:48,023 jax._src.pjit WARNING: TRACING CACHE MISS at /global/homes/j/jackm/software/lorrax_B/src/psp/run_sternheimer.py:1210:20 (run_sternheimer) because:
  for concatenate defined at /opt/jax/jax/_src/dispatch.py:96
  never seen input type signature
  closest seen input type signature has 9 mismatches, including:
    * at args[0], seen c128[1,46,2,24,24,80]({}), but now given i32[1,1963,3]({})
    * at args[1], seen c128[1,46,2,24,24,80]({}), but now given i32[1,1963,3]({})
    * at args[2], seen c128[1,46,2,24,24,80]({}), but now given i32[1,1963,3]({})
    * at args[3], seen c128[1,46,2,24,24,80]({}), but now given i32[1,1963,3]({})
    * at args[4], seen c128[1,46,2,24,24,80]({}), but now given i32[1,1963,3]({})
    * at args[5], seen c128[1,46,2,24,24,80]({}), but now given i32[1,1963,3]({})
    * at args[6], seen c128[1,46,2,24,24,80]({}), but now given i32[1,1963,3]({})
    * at args[7], seen c128[1,46,2,24,24,80]({}), but now given i32[1,1963,3]({})
    * at args[8], seen c128[1,46,2,24,24,80]({}), but now given i32[1,1963,3]({})
2026-04-25 13:47:48,023 jax._src.interpreters.pxla WARNING: Compiling concatenate with global shapes and types [ShapedArray(int32[1,1963,3]), ShapedArray(int32[1,1963,3]), ShapedArray(int32[1,1963,3]), ShapedArray(int32[1,1963,3]), ShapedArray(int32[1,1963,3]), ShapedArray(int32[1,1963,3]), ShapedArray(int32[1,1963,3]), ShapedArray(int32[1,1963,3]), ShapedArray(int32[1,1963,3])]. Argument mapping: (UnspecifiedValue, UnspecifiedValue, UnspecifiedValue, UnspecifiedValue, UnspecifiedValue, UnspecifiedValue, UnspecifiedValue, UnspecifiedValue, UnspecifiedValue).
2026-04-25 13:47:48,025 jax._src.dispatch WARNING: Finished jaxpr to MLIR module conversion jit(concatenate) in 0.002131462 sec
2026-04-25 13:47:48,031 jax._src.compiler WARNING: Persistent compilation cache hit for 'jit_concatenate' with key 'jit_concatenate-03db0b48e7806fe8d98d7f9a25098a67820f2637329acbd3d36cd60c649f9ed1'
2026-04-25 13:47:48,031 jax._src.dispatch WARNING: Finished XLA compilation of jit(concatenate) in 0.004768133 sec
2026-04-25 13:47:48,033 jax._src.dispatch WARNING: Finished tracing + transforming dynamic_slice for pjit in 0.000231266 sec
2026-04-25 13:47:48,033 jax._src.pjit WARNING: TRACING CACHE MISS at /global/homes/j/jackm/software/lorrax_B/src/psp/run_sternheimer.py:1214:20 (run_sternheimer) because:
  never seen function:
    dynamic_slice id=140534222686944 defined at /opt/jax/jax/_src/dispatch.py:96
2026-04-25 13:47:48,033 jax._src.interpreters.pxla WARNING: Compiling dynamic_slice with global shapes and types [ShapedArray(complex128[9,46,2,24,24,80]), ShapedArray(int64[], weak_type=True), ShapedArray(int64[], weak_type=True), ShapedArray(int64[], weak_type=True), ShapedArray(int64[], weak_type=True), ShapedArray(int64[], weak_type=True), ShapedArray(int64[], weak_type=True)]. Argument mapping: (UnspecifiedValue, UnspecifiedValue, UnspecifiedValue, UnspecifiedValue, UnspecifiedValue, UnspecifiedValue, UnspecifiedValue).
2026-04-25 13:47:48,035 jax._src.dispatch WARNING: Finished jaxpr to MLIR module conversion jit(dynamic_slice) in 0.002088308 sec
2026-04-25 13:47:48,040 jax._src.compiler WARNING: Persistent compilation cache hit for 'jit_dynamic_slice' with key 'jit_dynamic_slice-861ee75411180c1009c8e04102c567da5fd1655c5b00c0bbd589e9be9b287576'
2026-04-25 13:47:48,040 jax._src.dispatch WARNING: Finished XLA compilation of jit(dynamic_slice) in 0.004369497 sec
2026-04-25 13:47:48,043 jax._src.dispatch WARNING: Finished tracing + transforming dynamic_slice for pjit in 0.000226974 sec
2026-04-25 13:47:48,043 jax._src.pjit WARNING: TRACING CACHE MISS at /global/homes/j/jackm/software/lorrax_B/src/psp/run_sternheimer.py:1220:29 (run_sternheimer) because:
  never seen function:
    dynamic_slice id=140534222689184 defined at /opt/jax/jax/_src/dispatch.py:96
2026-04-25 13:47:48,043 jax._src.interpreters.pxla WARNING: Compiling dynamic_slice with global shapes and types [ShapedArray(complex128[9,46,2,24,24,80]), ShapedArray(int64[], weak_type=True), ShapedArray(int64[], weak_type=True), ShapedArray(int64[], weak_type=True), ShapedArray(int64[], weak_type=True), ShapedArray(int64[], weak_type=True), ShapedArray(int64[], weak_type=True)]. Argument mapping: (UnspecifiedValue, UnspecifiedValue, UnspecifiedValue, UnspecifiedValue, UnspecifiedValue, UnspecifiedValue, UnspecifiedValue).
2026-04-25 13:47:48,045 jax._src.dispatch WARNING: Finished jaxpr to MLIR module conversion jit(dynamic_slice) in 0.002096891 sec
2026-04-25 13:47:48,050 jax._src.compiler WARNING: Persistent compilation cache hit for 'jit_dynamic_slice' with key 'jit_dynamic_slice-9439b29bb0964d02cded359d22ea3ee07e12521752fed2e207a42eb384be17ee'
2026-04-25 13:47:48,050 jax._src.dispatch WARNING: Finished XLA compilation of jit(dynamic_slice) in 0.004090786 sec
2026-04-25 13:47:48,052 jax._src.dispatch WARNING: Finished tracing + transforming squeeze for pjit in 0.000163555 sec
2026-04-25 13:47:48,052 jax._src.pjit WARNING: TRACING CACHE MISS at /global/homes/j/jackm/software/lorrax_B/src/psp/run_sternheimer.py:1220:29 (run_sternheimer) because:
  never seen function:
    squeeze id=140534222690784 defined at /opt/jax/jax/_src/dispatch.py:96
  but seen another function defined on the same line; maybe the function is
  being re-defined repeatedly, preventing caching?
2026-04-25 13:47:48,052 jax._src.interpreters.pxla WARNING: Compiling squeeze with global shapes and types [ShapedArray(complex128[1,26,2,24,24,80])]. Argument mapping: (UnspecifiedValue,).
2026-04-25 13:47:48,054 jax._src.dispatch WARNING: Finished jaxpr to MLIR module conversion jit(squeeze) in 0.002005100 sec
2026-04-25 13:47:48,059 jax._src.compiler WARNING: Persistent compilation cache hit for 'jit_squeeze' with key 'jit_squeeze-0eebd9f9c6db688148eee1c718e6b5bbd32e98e01434984cfbaab779650b5627'
2026-04-25 13:47:48,059 jax._src.dispatch WARNING: Finished XLA compilation of jit(squeeze) in 0.004858017 sec
2026-04-25 13:47:48,061 jax._src.dispatch WARNING: Finished tracing + transforming dynamic_slice for pjit in 0.000191689 sec
2026-04-25 13:47:48,061 jax._src.pjit WARNING: TRACING CACHE MISS at /global/homes/j/jackm/software/lorrax_B/src/psp/run_sternheimer.py:821:17 (_psi_box_to_G_sphere) because:
  for dynamic_slice defined at /opt/jax/jax/_src/dispatch.py:96
  never seen input type signature:
    args[0]: i32[1963,3],  args[1]: i64[],  args[2]: i64[]
  closest seen input type signature has 1 mismatches, including:
    * at args[0], seen f64[1963,3], but now given i32[1963,3]
2026-04-25 13:47:48,061 jax._src.interpreters.pxla WARNING: Compiling dynamic_slice with global shapes and types [ShapedArray(int32[1963,3]), ShapedArray(int64[], weak_type=True), ShapedArray(int64[], weak_type=True)]. Argument mapping: (UnspecifiedValue, UnspecifiedValue, UnspecifiedValue).
2026-04-25 13:47:48,063 jax._src.dispatch WARNING: Finished jaxpr to MLIR module conversion jit(dynamic_slice) in 0.002055168 sec
2026-04-25 13:47:48,071 jax._src.compiler WARNING: Persistent compilation cache hit for 'jit_dynamic_slice' with key 'jit_dynamic_slice-47dad8d943488cc338f9fef162ae07e897478c7031b13f673feeeb12f6af9f10'
2026-04-25 13:47:48,071 jax._src.dispatch WARNING: Finished XLA compilation of jit(dynamic_slice) in 0.007113934 sec
2026-04-25 13:47:48,072 jax._src.dispatch WARNING: Finished tracing + transforming squeeze for pjit in 0.000220060 sec
2026-04-25 13:47:48,073 jax._src.pjit WARNING: TRACING CACHE MISS at /global/homes/j/jackm/software/lorrax_B/src/psp/run_sternheimer.py:821:17 (_psi_box_to_G_sphere) because:
  for squeeze defined at /opt/jax/jax/_src/dispatch.py:96
  never seen input type signature:
    args[0]: i32[1963,1]
  closest seen input type signature has 1 mismatches, including:
    * at args[0], seen f64[1947,1], but now given i32[1963,1]
2026-04-25 13:47:48,073 jax._src.interpreters.pxla WARNING: Compiling squeeze with global shapes and types [ShapedArray(int32[1963,1])]. Argument mapping: (UnspecifiedValue,).
2026-04-25 13:47:48,075 jax._src.dispatch WARNING: Finished jaxpr to MLIR module conversion jit(squeeze) in 0.002494812 sec
2026-04-25 13:47:48,080 jax._src.compiler WARNING: Persistent compilation cache hit for 'jit_squeeze' with key 'jit_squeeze-de538165411ae13e02016a22b3dafb5a36cdca63229c6c6a09822103468c7cc4'
2026-04-25 13:47:48,080 jax._src.dispatch WARNING: Finished XLA compilation of jit(squeeze) in 0.004240036 sec
2026-04-25 13:47:48,082 jax._src.dispatch WARNING: Finished tracing + transforming equal for pjit in 0.000317812 sec
2026-04-25 13:47:48,082 jax._src.dispatch WARNING: Finished tracing + transforming _broadcast_arrays for pjit in 0.000198364 sec
2026-04-25 13:47:48,083 jax._src.dispatch WARNING: Finished tracing + transforming _where for pjit in 0.000616789 sec
2026-04-25 13:47:48,083 jax._src.pjit WARNING: TRACING CACHE MISS at /global/homes/j/jackm/software/lorrax_B/src/psp/run_sternheimer.py:821:9 (_psi_box_to_G_sphere) because:
  for _where defined at /opt/jax/jax/_src/numpy/util.py:287
  never seen input type signature:
    condition: bool[],  x: i32[],  y: i32[]
  closest seen input type signature has 3 mismatches, including:
    * at condition, seen bool[46080]({}), but now given bool[]({})
    * at x, seen i32[46080]({}), but now given i32[]({})
    * at y, seen i32[46080]({}), but now given i32[]({})
2026-04-25 13:47:48,084 jax._src.dispatch WARNING: Finished tracing + transforming remainder for pjit in 0.002802372 sec
2026-04-25 13:47:48,084 jax._src.pjit WARNING: TRACING CACHE MISS at /global/homes/j/jackm/software/lorrax_B/src/psp/run_sternheimer.py:821:9 (_psi_box_to_G_sphere) because:
  never seen function:
    remainder id=140536342381568 defined at /opt/jax/jax/_src/numpy/ufuncs.py:3019
2026-04-25 13:47:48,084 jax._src.interpreters.pxla WARNING: Compiling remainder with global shapes and types [ShapedArray(int32[1963]), ShapedArray(int64[], weak_type=True)]. Argument mapping: (UnspecifiedValue, UnspecifiedValue).
2026-04-25 13:47:48,088 jax._src.dispatch WARNING: Finished jaxpr to MLIR module conversion jit(remainder) in 0.003496170 sec
2026-04-25 13:47:48,093 jax._src.compiler WARNING: Persistent compilation cache hit for 'jit_remainder' with key 'jit_remainder-61172b4a9a977b5403186f6ebe38986340cd21516dacb77384a881648929b428'
2026-04-25 13:47:48,093 jax._src.dispatch WARNING: Finished XLA compilation of jit(remainder) in 0.004980803 sec
2026-04-25 13:47:48,096 jax._src.interpreters.pxla WARNING: Compiling less with global shapes and types [ShapedArray(int32[1963]), ShapedArray(int64[], weak_type=True)]. Argument mapping: (UnspecifiedValue, UnspecifiedValue).
2026-04-25 13:47:48,098 jax._src.dispatch WARNING: Finished jaxpr to MLIR module conversion jit(less) in 0.002242327 sec
2026-04-25 13:47:48,103 jax._src.compiler WARNING: Persistent compilation cache hit for 'jit_less' with key 'jit_less-57c8ccf7e0b5b130b87d98a61918684905b60ba6daebdf549bdbf1bbfabd9ef8'
2026-04-25 13:47:48,103 jax._src.dispatch WARNING: Finished XLA compilation of jit(less) in 0.004369974 sec
2026-04-25 13:47:48,104 jax._src.dispatch WARNING: Finished tracing + transforming add for pjit in 0.000170708 sec
2026-04-25 13:47:48,104 jax._src.pjit WARNING: TRACING CACHE MISS at /global/homes/j/jackm/software/lorrax_B/src/psp/run_sternheimer.py:824:11 (_psi_box_to_G_sphere) because:
  for add defined at /opt/jax/jax/_src/dispatch.py:96
  never seen input type signature:
    args[0]: i32[1963],  args[1]: i32[]
  closest seen input type signature has 1 mismatches, including:
    * at args[0], seen i32[102], but now given i32[1963]
2026-04-25 13:47:48,104 jax._src.interpreters.pxla WARNING: Compiling add with global shapes and types [ShapedArray(int32[1963]), ShapedArray(int32[])]. Argument mapping: (UnspecifiedValue, UnspecifiedValue).
2026-04-25 13:47:48,106 jax._src.dispatch WARNING: Finished jaxpr to MLIR module conversion jit(add) in 0.002063274 sec
2026-04-25 13:47:48,111 jax._src.compiler WARNING: Persistent compilation cache hit for 'jit_add' with key 'jit_add-66677db76ca738bf2f47d10ee3e3ed01496989110ec285dd2e1d8873878b72c3'
2026-04-25 13:47:48,111 jax._src.dispatch WARNING: Finished XLA compilation of jit(add) in 0.004329920 sec
2026-04-25 13:47:48,112 jax._src.dispatch WARNING: Finished tracing + transforming select_n for pjit in 0.000173569 sec
2026-04-25 13:47:48,112 jax._src.pjit WARNING: TRACING CACHE MISS at /global/homes/j/jackm/software/lorrax_B/src/psp/run_sternheimer.py:824:11 (_psi_box_to_G_sphere) because:
  for select_n defined at /opt/jax/jax/_src/dispatch.py:96
  never seen input type signature:
    args[0]: bool[1963],  args[1]: i32[1963],  args[2]: i32[1963]
  closest seen input type signature has 3 mismatches, including:
    * at args[0], seen bool[102], but now given bool[1963]
    * at args[1], seen i32[102], but now given i32[1963]
    * at args[2], seen i32[102], but now given i32[1963]
2026-04-25 13:47:48,113 jax._src.interpreters.pxla WARNING: Compiling select_n with global shapes and types [ShapedArray(bool[1963]), ShapedArray(int32[1963]), ShapedArray(int32[1963])]. Argument mapping: (UnspecifiedValue, UnspecifiedValue, UnspecifiedValue).
2026-04-25 13:47:48,115 jax._src.dispatch WARNING: Finished jaxpr to MLIR module conversion jit(select_n) in 0.002050877 sec
2026-04-25 13:47:48,120 jax._src.compiler WARNING: Persistent compilation cache hit for 'jit_select_n' with key 'jit_select_n-f6fca386a8826e4cad30d3dc5cbe3b9726dfcd30a618d0317b638995a712c9a8'
2026-04-25 13:47:48,120 jax._src.dispatch WARNING: Finished XLA compilation of jit(select_n) in 0.004734993 sec
2026-04-25 13:47:48,122 jax._src.dispatch WARNING: Finished tracing + transforming _broadcast_arrays for pjit in 0.000211477 sec
2026-04-25 13:47:48,122 jax._src.interpreters.pxla WARNING: Compiling _broadcast_arrays with global shapes and types [ShapedArray(int32[1963]), ShapedArray(int32[1963]), ShapedArray(int32[1963])]. Argument mapping: (UnspecifiedValue, UnspecifiedValue, UnspecifiedValue).
2026-04-25 13:47:48,124 jax._src.dispatch WARNING: Finished jaxpr to MLIR module conversion jit(_broadcast_arrays) in 0.001907349 sec
2026-04-25 13:47:48,129 jax._src.compiler WARNING: Persistent compilation cache hit for 'jit__broadcast_arrays' with key 'jit__broadcast_arrays-9c48fcc9d3d77f7c7e1b8761ac57a6c7ad279ffa9758787ad4e839f00063b085'
2026-04-25 13:47:48,129 jax._src.dispatch WARNING: Finished XLA compilation of jit(_broadcast_arrays) in 0.004148722 sec
2026-04-25 13:47:48,130 jax._src.dispatch WARNING: Finished tracing + transforming gather for pjit in 0.000213385 sec
2026-04-25 13:47:48,131 jax._src.pjit WARNING: TRACING CACHE MISS at /global/homes/j/jackm/software/lorrax_B/src/psp/run_sternheimer.py:824:11 (_psi_box_to_G_sphere) because:
  never seen function:
    gather id=140534222698144 defined at /opt/jax/jax/_src/dispatch.py:96
2026-04-25 13:47:48,131 jax._src.interpreters.pxla WARNING: Compiling gather with global shapes and types [ShapedArray(complex128[26,2,24,24,80]), ShapedArray(int32[1963,3])]. Argument mapping: (UnspecifiedValue, UnspecifiedValue).
2026-04-25 13:47:48,133 jax._src.dispatch WARNING: Finished jaxpr to MLIR module conversion jit(gather) in 0.002087355 sec
2026-04-25 13:47:48,138 jax._src.compiler WARNING: Persistent compilation cache hit for 'jit_gather' with key 'jit_gather-8d4ce33b6009be42dfd3750b5d98cdddcbb32fb68cb3289e573588830e3d6e1d'
2026-04-25 13:47:48,138 jax._src.dispatch WARNING: Finished XLA compilation of jit(gather) in 0.005084276 sec
2026-04-25 13:47:48,140 jax._src.dispatch WARNING: Finished tracing + transforming broadcast_in_dim for pjit in 0.000189304 sec
2026-04-25 13:47:48,140 jax._src.pjit WARNING: TRACING CACHE MISS at /global/homes/j/jackm/software/lorrax_B/src/psp/run_sternheimer.py:824:11 (_psi_box_to_G_sphere) because:
  never seen function:
    broadcast_in_dim id=140534222699904 defined at /opt/jax/jax/_src/dispatch.py:96
  but seen another function defined on the same line; maybe the function is
  being re-defined repeatedly, preventing caching?
2026-04-25 13:47:48,140 jax._src.interpreters.pxla WARNING: Compiling broadcast_in_dim with global shapes and types [ShapedArray(complex128[26,2,1963])]. Argument mapping: (UnspecifiedValue,).
2026-04-25 13:47:48,142 jax._src.dispatch WARNING: Finished jaxpr to MLIR module conversion jit(broadcast_in_dim) in 0.001859188 sec
2026-04-25 13:47:48,148 jax._src.compiler WARNING: Persistent compilation cache hit for 'jit_broadcast_in_dim' with key 'jit_broadcast_in_dim-47305180ee3fb44c536ed1fa5a8d5506297e18d7d43d6503fc561219da1e3a3d'
2026-04-25 13:47:48,148 jax._src.dispatch WARNING: Finished XLA compilation of jit(broadcast_in_dim) in 0.005742550 sec
2026-04-25 13:47:48,150 jax._src.dispatch WARNING: Finished tracing + transforming broadcast_in_dim for pjit in 0.001119614 sec
2026-04-25 13:47:48,151 jax._src.pjit WARNING: TRACING CACHE MISS at /global/homes/j/jackm/software/lorrax_B/src/psp/run_sternheimer.py:1221:8 (run_sternheimer) because:
  never seen function:
    broadcast_in_dim id=140534220966624 defined at /opt/jax/jax/_src/dispatch.py:96
2026-04-25 13:47:48,151 jax._src.interpreters.pxla WARNING: Compiling broadcast_in_dim with global shapes and types [ShapedArray(bool[1963])]. Argument mapping: (UnspecifiedValue,).
2026-04-25 13:47:48,153 jax._src.dispatch WARNING: Finished jaxpr to MLIR module conversion jit(broadcast_in_dim) in 0.002037048 sec
2026-04-25 13:47:48,157 jax._src.compiler WARNING: Persistent compilation cache hit for 'jit_broadcast_in_dim' with key 'jit_broadcast_in_dim-fe00e20368d6e48d725464818ba2ae188be37d0789c24234b0c7d7a8245defc1'
2026-04-25 13:47:48,157 jax._src.dispatch WARNING: Finished XLA compilation of jit(broadcast_in_dim) in 0.004222155 sec
2026-04-25 13:47:48,158 jax._src.dispatch WARNING: Finished tracing + transforming convert_element_type for pjit in 0.000173092 sec
2026-04-25 13:47:48,159 jax._src.pjit WARNING: TRACING CACHE MISS at /global/homes/j/jackm/software/lorrax_B/src/psp/run_sternheimer.py:1221:8 (run_sternheimer) because:
  for convert_element_type defined at /opt/jax/jax/_src/dispatch.py:96
  never seen input type signature:
    args[0]: bool[1,1,1963]
  closest seen input type signature has 1 mismatches, including:
    * at args[0], seen c128[3]({}), but now given bool[1,1,1963]({})
2026-04-25 13:47:48,159 jax._src.interpreters.pxla WARNING: Compiling convert_element_type with global shapes and types [ShapedArray(bool[1,1,1963])]. Argument mapping: (UnspecifiedValue,).
2026-04-25 13:47:48,161 jax._src.dispatch WARNING: Finished jaxpr to MLIR module conversion jit(convert_element_type) in 0.002099991 sec
2026-04-25 13:47:48,165 jax._src.compiler WARNING: Persistent compilation cache hit for 'jit_convert_element_type' with key 'jit_convert_element_type-4cdd5b6a9dbf43b163cf74a3c5b6fc61788065816e21e4e4588372264e8f7754'
2026-04-25 13:47:48,165 jax._src.dispatch WARNING: Finished XLA compilation of jit(convert_element_type) in 0.004155874 sec
2026-04-25 13:47:48,166 jax._src.dispatch WARNING: Finished tracing + transforming multiply for pjit in 0.000252962 sec
2026-04-25 13:47:48,167 jax._src.interpreters.pxla WARNING: Compiling multiply with global shapes and types [ShapedArray(complex128[26,2,1963]), ShapedArray(complex128[1,1,1963])]. Argument mapping: (UnspecifiedValue, UnspecifiedValue).
2026-04-25 13:47:48,169 jax._src.dispatch WARNING: Finished jaxpr to MLIR module conversion jit(multiply) in 0.002075672 sec
2026-04-25 13:47:48,174 jax._src.compiler WARNING: Persistent compilation cache hit for 'jit_multiply' with key 'jit_multiply-a8c9e112f4bfaa9c60da0574a0da150fb4367361322a3dddc6d02bcbfd8c2d2e'
2026-04-25 13:47:48,174 jax._src.dispatch WARNING: Finished XLA compilation of jit(multiply) in 0.004753828 sec
2026-04-25 13:47:48,224 jax._src.dispatch WARNING: Finished tracing + transforming broadcast_in_dim for pjit in 0.000197411 sec
2026-04-25 13:47:48,224 jax._src.pjit WARNING: TRACING CACHE MISS at /global/homes/j/jackm/software/lorrax_B/src/psp/run_sternheimer.py:1219:19 (run_sternheimer) because:
  never seen function:
    broadcast_in_dim id=140534220969184 defined at /opt/jax/jax/_src/dispatch.py:96
2026-04-25 13:47:48,224 jax._src.interpreters.pxla WARNING: Compiling broadcast_in_dim with global shapes and types [ShapedArray(complex128[26,2,1963])]. Argument mapping: (UnspecifiedValue,).
2026-04-25 13:47:48,226 jax._src.dispatch WARNING: Finished jaxpr to MLIR module conversion jit(broadcast_in_dim) in 0.002205849 sec
2026-04-25 13:47:48,232 jax._src.compiler WARNING: Persistent compilation cache hit for 'jit_broadcast_in_dim' with key 'jit_broadcast_in_dim-538bdd7c65465e7569898827a7f1d53142e546cc6f01a638909d1e3924451073'
2026-04-25 13:47:48,232 jax._src.dispatch WARNING: Finished XLA compilation of jit(broadcast_in_dim) in 0.005006313 sec
2026-04-25 13:47:48,235 jax._src.dispatch WARNING: Finished tracing + transforming concatenate for pjit in 0.000234365 sec
2026-04-25 13:47:48,235 jax._src.pjit WARNING: TRACING CACHE MISS at /global/homes/j/jackm/software/lorrax_B/src/psp/run_sternheimer.py:1219:19 (run_sternheimer) because:
  for concatenate defined at /opt/jax/jax/_src/dispatch.py:96
  never seen input type signature
  closest seen input type signature has 9 mismatches, including:
    * at args[0], seen c128[1,46,2,24,24,80]({}), but now given c128[1,26,2,1963]({})
    * at args[1], seen c128[1,46,2,24,24,80]({}), but now given c128[1,26,2,1963]({})
    * at args[2], seen c128[1,46,2,24,24,80]({}), but now given c128[1,26,2,1963]({})
    * at args[3], seen c128[1,46,2,24,24,80]({}), but now given c128[1,26,2,1963]({})
    * at args[4], seen c128[1,46,2,24,24,80]({}), but now given c128[1,26,2,1963]({})
    * at args[5], seen c128[1,46,2,24,24,80]({}), but now given c128[1,26,2,1963]({})
    * at args[6], seen c128[1,46,2,24,24,80]({}), but now given c128[1,26,2,1963]({})
    * at args[7], seen c128[1,46,2,24,24,80]({}), but now given c128[1,26,2,1963]({})
    * at args[8], seen c128[1,46,2,24,24,80]({}), but now given c128[1,26,2,1963]({})
2026-04-25 13:47:48,236 jax._src.interpreters.pxla WARNING: Compiling concatenate with global shapes and types [ShapedArray(complex128[1,26,2,1963]), ShapedArray(complex128[1,26,2,1963]), ShapedArray(complex128[1,26,2,1963]), ShapedArray(complex128[1,26,2,1963]), ShapedArray(complex128[1,26,2,1963]), ShapedArray(complex128[1,26,2,1963]), ShapedArray(complex128[1,26,2,1963]), ShapedArray(complex128[1,26,2,1963]), ShapedArray(complex128[1,26,2,1963])]. Argument mapping: (UnspecifiedValue, UnspecifiedValue, UnspecifiedValue, UnspecifiedValue, UnspecifiedValue, UnspecifiedValue, UnspecifiedValue, UnspecifiedValue, UnspecifiedValue).
2026-04-25 13:47:48,238 jax._src.dispatch WARNING: Finished jaxpr to MLIR module conversion jit(concatenate) in 0.002192020 sec
2026-04-25 13:47:48,242 jax._src.compiler WARNING: Persistent compilation cache hit for 'jit_concatenate' with key 'jit_concatenate-506482cd429cdbbcd4aa03e24450146fb904f506be1cb91466c4cc04c7cd09d2'
2026-04-25 13:47:48,242 jax._src.dispatch WARNING: Finished XLA compilation of jit(concatenate) in 0.004330158 sec
2026-04-25 13:47:48,304 jax._src.dispatch WARNING: Finished tracing + transforming absolute for pjit in 0.000174999 sec
2026-04-25 13:47:48,304 jax._src.dispatch WARNING: Finished tracing + transforming abs for pjit in 0.000479698 sec
2026-04-25 13:47:48,304 jax._src.dispatch WARNING: Finished tracing + transforming _reduce_sum for pjit in 0.000321150 sec
2026-04-25 13:47:48,306 jax._src.dispatch WARNING: Finished tracing + transforming _einsum for pjit in 0.000685453 sec
2026-04-25 13:47:48,306 jax._src.dispatch WARNING: Finished tracing + transforming compute_per_band_kinetic for pjit in 0.003032684 sec
2026-04-25 13:47:48,306 jax._src.pjit WARNING: TRACING CACHE MISS at /global/homes/j/jackm/software/lorrax_B/src/psp/run_sternheimer.py:1225:8 (run_sternheimer) because:
  never seen function:
    compute_per_band_kinetic id=140535157876000 defined at /global/homes/j/jackm/software/lorrax_B/src/solvers/sternheimer_precond.py:60
2026-04-25 13:47:48,307 jax._src.interpreters.pxla WARNING: Compiling compute_per_band_kinetic with global shapes and types [ShapedArray(complex128[26,2,1963]), ShapedArray(float64[1963])]. Argument mapping: (UnspecifiedValue, UnspecifiedValue).
2026-04-25 13:47:48,309 jax._src.dispatch WARNING: Finished jaxpr to MLIR module conversion jit(compute_per_band_kinetic) in 0.002202034 sec
2026-04-25 13:47:48,314 jax._src.compiler WARNING: Persistent compilation cache hit for 'jit_compute_per_band_kinetic' with key 'jit_compute_per_band_kinetic-26aec8e80b901a02f2867db05cccc4f3079f6c1f0359e83db81fea8e5ad1ca8a'
2026-04-25 13:47:48,315 jax._src.dispatch WARNING: Finished XLA compilation of jit(compute_per_band_kinetic) in 0.005362272 sec
2026-04-25 13:47:48,399 jax._src.dispatch WARNING: Finished tracing + transforming broadcast_in_dim for pjit in 0.000185251 sec
2026-04-25 13:47:48,399 jax._src.pjit WARNING: TRACING CACHE MISS at /global/homes/j/jackm/software/lorrax_B/src/psp/run_sternheimer.py:1224:20 (run_sternheimer) because:
  never seen function:
    broadcast_in_dim id=140534220974144 defined at /opt/jax/jax/_src/dispatch.py:96
2026-04-25 13:47:48,399 jax._src.interpreters.pxla WARNING: Compiling broadcast_in_dim with global shapes and types [ShapedArray(float64[26])]. Argument mapping: (UnspecifiedValue,).
2026-04-25 13:47:48,402 jax._src.dispatch WARNING: Finished jaxpr to MLIR module conversion jit(broadcast_in_dim) in 0.002097368 sec
2026-04-25 13:47:48,408 jax._src.compiler WARNING: Persistent compilation cache hit for 'jit_broadcast_in_dim' with key 'jit_broadcast_in_dim-4aaae95205c0be99f4e0819b20ed87d6b11dceba74ef3256bd9ef7f2d1c2145c'
2026-04-25 13:47:48,408 jax._src.dispatch WARNING: Finished XLA compilation of jit(broadcast_in_dim) in 0.006048679 sec
2026-04-25 13:47:48,410 jax._src.dispatch WARNING: Finished tracing + transforming concatenate for pjit in 0.000224352 sec
2026-04-25 13:47:48,410 jax._src.pjit WARNING: TRACING CACHE MISS at /global/homes/j/jackm/software/lorrax_B/src/psp/run_sternheimer.py:1224:20 (run_sternheimer) because:
  for concatenate defined at /opt/jax/jax/_src/dispatch.py:96
  never seen input type signature
  closest seen input type signature has 9 mismatches, including:
    * at args[0], seen c128[1,46,2,24,24,80]({}), but now given f64[1,26]({})
    * at args[1], seen c128[1,46,2,24,24,80]({}), but now given f64[1,26]({})
    * at args[2], seen c128[1,46,2,24,24,80]({}), but now given f64[1,26]({})
    * at args[3], seen c128[1,46,2,24,24,80]({}), but now given f64[1,26]({})
    * at args[4], seen c128[1,46,2,24,24,80]({}), but now given f64[1,26]({})
    * at args[5], seen c128[1,46,2,24,24,80]({}), but now given f64[1,26]({})
    * at args[6], seen c128[1,46,2,24,24,80]({}), but now given f64[1,26]({})
    * at args[7], seen c128[1,46,2,24,24,80]({}), but now given f64[1,26]({})
    * at args[8], seen c128[1,46,2,24,24,80]({}), but now given f64[1,26]({})
2026-04-25 13:47:48,411 jax._src.interpreters.pxla WARNING: Compiling concatenate with global shapes and types [ShapedArray(float64[1,26]), ShapedArray(float64[1,26]), ShapedArray(float64[1,26]), ShapedArray(float64[1,26]), ShapedArray(float64[1,26]), ShapedArray(float64[1,26]), ShapedArray(float64[1,26]), ShapedArray(float64[1,26]), ShapedArray(float64[1,26])]. Argument mapping: (UnspecifiedValue, UnspecifiedValue, UnspecifiedValue, UnspecifiedValue, UnspecifiedValue, UnspecifiedValue, UnspecifiedValue, UnspecifiedValue, UnspecifiedValue).
2026-04-25 13:47:48,413 jax._src.dispatch WARNING: Finished jaxpr to MLIR module conversion jit(concatenate) in 0.002166271 sec
2026-04-25 13:47:48,418 jax._src.compiler WARNING: Persistent compilation cache hit for 'jit_concatenate' with key 'jit_concatenate-d888f8d00f2b7849dfc19c083553422b390c3649c2c3fc26b8ccd3aa8db78d74'
2026-04-25 13:47:48,418 jax._src.dispatch WARNING: Finished XLA compilation of jit(concatenate) in 0.004499912 sec
2026-04-25 13:47:48,420 jax._src.dispatch WARNING: Finished tracing + transforming dynamic_slice for pjit in 0.000340462 sec
2026-04-25 13:47:48,420 jax._src.pjit WARNING: TRACING CACHE MISS at /global/homes/j/jackm/software/lorrax_B/src/psp/run_sternheimer.py:1236:16 (run_sternheimer) because:
  never seen function:
    dynamic_slice id=140534220977504 defined at /opt/jax/jax/_src/dispatch.py:96
2026-04-25 13:47:48,420 jax._src.interpreters.pxla WARNING: Compiling dynamic_slice with global shapes and types [ShapedArray(complex128[9,46,2,24,24,80]), ShapedArray(int64[], weak_type=True), ShapedArray(int64[], weak_type=True), ShapedArray(int64[], weak_type=True), ShapedArray(int64[], weak_type=True), ShapedArray(int64[], weak_type=True), ShapedArray(int64[], weak_type=True)]. Argument mapping: (UnspecifiedValue, UnspecifiedValue, UnspecifiedValue, UnspecifiedValue, UnspecifiedValue, UnspecifiedValue, UnspecifiedValue).
2026-04-25 13:47:48,422 jax._src.dispatch WARNING: Finished jaxpr to MLIR module conversion jit(dynamic_slice) in 0.002069235 sec
2026-04-25 13:47:48,428 jax._src.compiler WARNING: Persistent compilation cache hit for 'jit_dynamic_slice' with key 'jit_dynamic_slice-12e2d15b5258c9a875df136fcf15c8926d4cbbed244473c961c0d102fbb25b44'
2026-04-25 13:47:48,428 jax._src.dispatch WARNING: Finished XLA compilation of jit(dynamic_slice) in 0.005823612 sec
2026-04-25 13:47:48,430 jax._src.dispatch WARNING: Finished tracing + transforming squeeze for pjit in 0.000172138 sec
2026-04-25 13:47:48,430 jax._src.pjit WARNING: TRACING CACHE MISS at /global/homes/j/jackm/software/lorrax_B/src/psp/run_sternheimer.py:1236:16 (run_sternheimer) because:
  for squeeze defined at /opt/jax/jax/_src/dispatch.py:96
  never seen input type signature:
    args[0]: c128[1,20,2,24,24,80]
  closest seen input type signature has 1 mismatches, including:
    * at args[0], seen c128[1,26,2,24,24,80], but now given c128[1,20,2,24,24,80]
2026-04-25 13:47:48,430 jax._src.interpreters.pxla WARNING: Compiling squeeze with global shapes and types [ShapedArray(complex128[1,20,2,24,24,80])]. Argument mapping: (UnspecifiedValue,).
2026-04-25 13:47:48,433 jax._src.dispatch WARNING: Finished jaxpr to MLIR module conversion jit(squeeze) in 0.002033949 sec
2026-04-25 13:47:48,441 jax._src.compiler WARNING: Persistent compilation cache hit for 'jit_squeeze' with key 'jit_squeeze-b889f99b48188edab99a4739d427d574bfc4f08f8e46a020b1052adf95a85b9a'
2026-04-25 13:47:48,441 jax._src.dispatch WARNING: Finished XLA compilation of jit(squeeze) in 0.007892132 sec
2026-04-25 13:47:48,446 jax._src.dispatch WARNING: Finished tracing + transforming gather for pjit in 0.000203371 sec
2026-04-25 13:47:48,446 jax._src.pjit WARNING: TRACING CACHE MISS at /global/homes/j/jackm/software/lorrax_B/src/psp/run_sternheimer.py:824:11 (_psi_box_to_G_sphere) because:
  never seen function:
    gather id=140534220979264 defined at /opt/jax/jax/_src/dispatch.py:96
  but seen another function defined on the same line; maybe the function is
  being re-defined repeatedly, preventing caching?
2026-04-25 13:47:48,446 jax._src.interpreters.pxla WARNING: Compiling gather with global shapes and types [ShapedArray(complex128[20,2,24,24,80]), ShapedArray(int32[1963,3])]. Argument mapping: (UnspecifiedValue, UnspecifiedValue).
2026-04-25 13:47:48,448 jax._src.dispatch WARNING: Finished jaxpr to MLIR module conversion jit(gather) in 0.002131939 sec
2026-04-25 13:47:48,453 jax._src.compiler WARNING: Persistent compilation cache hit for 'jit_gather' with key 'jit_gather-befa485e4914532174f450b23ae80769f9aafd931879e166e6ec0d52c1da5032'
2026-04-25 13:47:48,453 jax._src.dispatch WARNING: Finished XLA compilation of jit(gather) in 0.004004002 sec
2026-04-25 13:47:48,454 jax._src.dispatch WARNING: Finished tracing + transforming broadcast_in_dim for pjit in 0.000189066 sec
2026-04-25 13:47:48,454 jax._src.pjit WARNING: TRACING CACHE MISS at /global/homes/j/jackm/software/lorrax_B/src/psp/run_sternheimer.py:824:11 (_psi_box_to_G_sphere) because:
  never seen function:
    broadcast_in_dim id=140534221294304 defined at /opt/jax/jax/_src/dispatch.py:96
  but seen another function defined on the same line; maybe the function is
  being re-defined repeatedly, preventing caching?
2026-04-25 13:47:48,454 jax._src.interpreters.pxla WARNING: Compiling broadcast_in_dim with global shapes and types [ShapedArray(complex128[20,2,1963])]. Argument mapping: (UnspecifiedValue,).
2026-04-25 13:47:48,456 jax._src.dispatch WARNING: Finished jaxpr to MLIR module conversion jit(broadcast_in_dim) in 0.001856565 sec
2026-04-25 13:47:48,461 jax._src.compiler WARNING: Persistent compilation cache hit for 'jit_broadcast_in_dim' with key 'jit_broadcast_in_dim-6068a55b3adf2269195d8d0d5fd36058495e0cf13129881fa4c88e20f8693b88'
2026-04-25 13:47:48,461 jax._src.dispatch WARNING: Finished XLA compilation of jit(broadcast_in_dim) in 0.004525900 sec
2026-04-25 13:47:48,463 jax._src.dispatch WARNING: Finished tracing + transforming multiply for pjit in 0.000257492 sec
2026-04-25 13:47:48,463 jax._src.interpreters.pxla WARNING: Compiling multiply with global shapes and types [ShapedArray(complex128[20,2,1963]), ShapedArray(complex128[1,1,1963])]. Argument mapping: (UnspecifiedValue, UnspecifiedValue).
2026-04-25 13:47:48,465 jax._src.dispatch WARNING: Finished jaxpr to MLIR module conversion jit(multiply) in 0.002081633 sec
2026-04-25 13:47:48,471 jax._src.compiler WARNING: Persistent compilation cache hit for 'jit_multiply' with key 'jit_multiply-20316166c140bc62a9fa150340df8ae1952ef00f99cd15158f8511ece34b8d04'
2026-04-25 13:47:48,471 jax._src.dispatch WARNING: Finished XLA compilation of jit(multiply) in 0.005538702 sec
2026-04-25 13:47:48,520 jax._src.dispatch WARNING: Finished tracing + transforming broadcast_in_dim for pjit in 0.000194311 sec
2026-04-25 13:47:48,520 jax._src.pjit WARNING: TRACING CACHE MISS at /global/homes/j/jackm/software/lorrax_B/src/psp/run_sternheimer.py:1234:25 (run_sternheimer) because:
  never seen function:
    broadcast_in_dim id=140534221296864 defined at /opt/jax/jax/_src/dispatch.py:96
2026-04-25 13:47:48,520 jax._src.interpreters.pxla WARNING: Compiling broadcast_in_dim with global shapes and types [ShapedArray(complex128[20,2,1963])]. Argument mapping: (UnspecifiedValue,).
2026-04-25 13:47:48,522 jax._src.dispatch WARNING: Finished jaxpr to MLIR module conversion jit(broadcast_in_dim) in 0.002137661 sec
2026-04-25 13:47:48,527 jax._src.compiler WARNING: Persistent compilation cache hit for 'jit_broadcast_in_dim' with key 'jit_broadcast_in_dim-e4bc1925bb64c9dc05e42cca804072d802e8d4aa5583c83d5f9910487d33974f'
2026-04-25 13:47:48,527 jax._src.dispatch WARNING: Finished XLA compilation of jit(broadcast_in_dim) in 0.004590034 sec
2026-04-25 13:47:48,530 jax._src.dispatch WARNING: Finished tracing + transforming concatenate for pjit in 0.000323057 sec
2026-04-25 13:47:48,531 jax._src.pjit WARNING: TRACING CACHE MISS at /global/homes/j/jackm/software/lorrax_B/src/psp/run_sternheimer.py:1234:25 (run_sternheimer) because:
  for concatenate defined at /opt/jax/jax/_src/dispatch.py:96
  never seen input type signature
  closest seen input type signature has 9 mismatches, including:
    * at args[0], seen c128[1,46,2,24,24,80]({}), but now given c128[1,20,2,1963]({})
    * at args[1], seen c128[1,46,2,24,24,80]({}), but now given c128[1,20,2,1963]({})
    * at args[2], seen c128[1,46,2,24,24,80]({}), but now given c128[1,20,2,1963]({})
    * at args[3], seen c128[1,46,2,24,24,80]({}), but now given c128[1,20,2,1963]({})
    * at args[4], seen c128[1,46,2,24,24,80]({}), but now given c128[1,20,2,1963]({})
    * at args[5], seen c128[1,46,2,24,24,80]({}), but now given c128[1,20,2,1963]({})
    * at args[6], seen c128[1,46,2,24,24,80]({}), but now given c128[1,20,2,1963]({})
    * at args[7], seen c128[1,46,2,24,24,80]({}), but now given c128[1,20,2,1963]({})
    * at args[8], seen c128[1,46,2,24,24,80]({}), but now given c128[1,20,2,1963]({})
2026-04-25 13:47:48,531 jax._src.interpreters.pxla WARNING: Compiling concatenate with global shapes and types [ShapedArray(complex128[1,20,2,1963]), ShapedArray(complex128[1,20,2,1963]), ShapedArray(complex128[1,20,2,1963]), ShapedArray(complex128[1,20,2,1963]), ShapedArray(complex128[1,20,2,1963]), ShapedArray(complex128[1,20,2,1963]), ShapedArray(complex128[1,20,2,1963]), ShapedArray(complex128[1,20,2,1963]), ShapedArray(complex128[1,20,2,1963])]. Argument mapping: (UnspecifiedValue, UnspecifiedValue, UnspecifiedValue, UnspecifiedValue, UnspecifiedValue, UnspecifiedValue, UnspecifiedValue, UnspecifiedValue, UnspecifiedValue).
2026-04-25 13:47:48,533 jax._src.dispatch WARNING: Finished jaxpr to MLIR module conversion jit(concatenate) in 0.002195835 sec
2026-04-25 13:47:48,542 jax._src.compiler WARNING: Persistent compilation cache hit for 'jit_concatenate' with key 'jit_concatenate-699e85880ee9491011ec9a6ecbf798c6ba7997c5c40d5c0d97957e527ada84e2'
2026-04-25 13:47:48,542 jax._src.dispatch WARNING: Finished XLA compilation of jit(concatenate) in 0.007891655 sec
2026-04-25 13:47:48,545 jax._src.dispatch WARNING: Finished tracing + transforming dynamic_slice for pjit in 0.000244856 sec
2026-04-25 13:47:48,546 jax._src.pjit WARNING: TRACING CACHE MISS at /global/homes/j/jackm/software/lorrax_B/src/psp/run_sternheimer.py:1240:25 (run_sternheimer) because:
  never seen function:
    dynamic_slice id=140534221300064 defined at /opt/jax/jax/_src/dispatch.py:96
2026-04-25 13:47:48,546 jax._src.interpreters.pxla WARNING: Compiling dynamic_slice with global shapes and types [ShapedArray(float64[9,46]), ShapedArray(int64[], weak_type=True), ShapedArray(int64[], weak_type=True)]. Argument mapping: (UnspecifiedValue, UnspecifiedValue, UnspecifiedValue).
2026-04-25 13:47:48,548 jax._src.dispatch WARNING: Finished jaxpr to MLIR module conversion jit(dynamic_slice) in 0.002297878 sec
2026-04-25 13:47:48,558 jax._src.compiler WARNING: Persistent compilation cache hit for 'jit_dynamic_slice' with key 'jit_dynamic_slice-258274cdb12177fa279dc952c82320a16ebd3f38d6c3ebf38f5a946d60014750'
2026-04-25 13:47:48,558 jax._src.dispatch WARNING: Finished XLA compilation of jit(dynamic_slice) in 0.009644508 sec
2026-04-25 13:47:48,560 jax._src.dispatch WARNING: Finished tracing + transforming convert_element_type for pjit in 0.000163555 sec
2026-04-25 13:47:48,560 jax._src.pjit WARNING: TRACING CACHE MISS at /global/homes/j/jackm/software/lorrax_B/src/psp/run_sternheimer.py:220:11 (make_density_perturbation) because:
  for convert_element_type defined at /opt/jax/jax/_src/dispatch.py:96
  never seen input type signature:
    args[0]: c128[]
  closest seen input type signature has 1 mismatches, including:
    * at args[0], seen c128[3]({}), but now given c128[]({})
2026-04-25 13:47:48,560 jax._src.interpreters.pxla WARNING: Compiling convert_element_type with global shapes and types [ShapedArray(complex128[])]. Argument mapping: (UnspecifiedValue,).
2026-04-25 13:47:48,562 jax._src.dispatch WARNING: Finished jaxpr to MLIR module conversion jit(convert_element_type) in 0.001917601 sec
2026-04-25 13:47:48,567 jax._src.compiler WARNING: Persistent compilation cache hit for 'jit_convert_element_type' with key 'jit_convert_element_type-cb90c3c6a7f3a433c13f7a041ed6e32a68e34705d9683a9b3724e6843126fb29'
2026-04-25 13:47:48,567 jax._src.dispatch WARNING: Finished XLA compilation of jit(convert_element_type) in 0.004305124 sec
2026-04-25 13:47:48,568 jax._src.dispatch WARNING: Finished tracing + transforming broadcast_in_dim for pjit in 0.000178576 sec
2026-04-25 13:47:48,568 jax._src.pjit WARNING: TRACING CACHE MISS at /global/homes/j/jackm/software/lorrax_B/src/psp/run_sternheimer.py:220:11 (make_density_perturbation) because:
  for broadcast_in_dim defined at /opt/jax/jax/_src/dispatch.py:96
  never seen input type signature:
    args[0]: c128[]
  closest seen input type signature has 1 mismatches, including:
    * at args[0], seen f64[], but now given c128[]
2026-04-25 13:47:48,568 jax._src.interpreters.pxla WARNING: Compiling broadcast_in_dim with global shapes and types [ShapedArray(complex128[])]. Argument mapping: (UnspecifiedValue,).
2026-04-25 13:47:48,570 jax._src.dispatch WARNING: Finished jaxpr to MLIR module conversion jit(broadcast_in_dim) in 0.002175331 sec
2026-04-25 13:47:48,576 jax._src.compiler WARNING: Persistent compilation cache hit for 'jit_broadcast_in_dim' with key 'jit_broadcast_in_dim-c1652434f929a76c9a6e6566c1374e449cd59b3890352d76f0cbd89675920553'
2026-04-25 13:47:48,576 jax._src.dispatch WARNING: Finished XLA compilation of jit(broadcast_in_dim) in 0.005300283 sec
2026-04-25 13:47:48,584 jax._src.dispatch WARNING: Finished tracing + transforming less for pjit in 0.000528812 sec
2026-04-25 13:47:48,585 jax._src.dispatch WARNING: Finished tracing + transforming _broadcast_arrays for pjit in 0.000080109 sec
2026-04-25 13:47:48,591 jax._src.dispatch WARNING: Finished tracing + transforming subtract for pjit in 0.000234842 sec
2026-04-25 13:47:48,591 jax._src.dispatch WARNING: Finished tracing + transforming subtract for pjit in 0.000273466 sec
2026-04-25 13:47:48,591 jax._src.dispatch WARNING: Finished tracing + transforming round for pjit in 0.000168085 sec
2026-04-25 13:47:48,592 jax._src.pjit WARNING: TRACING CACHE MISS at /global/homes/j/jackm/software/lorrax_B/src/psp/run_sternheimer.py:936:17 (_build_stk_at_q) because:
  never seen function:
    round id=140536340671808 defined at /opt/jax/jax/_src/numpy/lax_numpy.py:3451
2026-04-25 13:47:48,592 jax._src.dispatch WARNING: Finished tracing + transforming true_divide for pjit in 0.000301600 sec
2026-04-25 13:47:48,593 jax._src.dispatch WARNING: Finished tracing + transforming true_divide for pjit in 0.000283480 sec
2026-04-25 13:47:48,602 jax._src.dispatch WARNING: Finished tracing + transforming exp for pjit in 0.000295401 sec
2026-04-25 13:47:48,607 jax._src.dispatch WARNING: Finished tracing + transforming multiply for pjit in 0.000207186 sec
2026-04-25 13:47:48,608 jax._src.dispatch WARNING: Finished tracing + transforming fft for pjit in 0.000164032 sec
2026-04-25 13:47:48,608 jax._src.pjit WARNING: TRACING CACHE MISS at /global/homes/j/jackm/software/lorrax_B/src/psp/scf_potential.py:153:16 (build_rho_val_from_wfn) because:
  for fft defined at /opt/jax/jax/_src/lax/fft.py:68
  tracing context doesn't match, e.g. due to config or context manager
  closest seen context tuple differs at positions:
    3
  compare to tuple returned by config._trace_context() in jax/_src/config.py.
2026-04-25 13:47:48,611 jax._src.dispatch WARNING: Finished tracing + transforming multiply for pjit in 0.000271559 sec
2026-04-25 13:47:48,612 jax._src.dispatch WARNING: Finished tracing + transforming fft for pjit in 0.000205040 sec
2026-04-25 13:47:48,612 jax._src.pjit WARNING: TRACING CACHE MISS at /global/homes/j/jackm/software/lorrax_B/src/psp/run_sternheimer.py:115:13 (build_sternheimer_source_preQ) because:
  for fft defined at /opt/jax/jax/_src/lax/fft.py:68
explanation unavailable! please open an issue at https://github.com/jax-ml/jax
2026-04-25 13:47:48,613 jax._src.dispatch WARNING: Finished tracing + transforming fft for pjit in 0.000903845 sec
2026-04-25 13:47:48,613 jax._src.pjit WARNING: TRACING CACHE MISS at /global/homes/j/jackm/software/lorrax_B/src/psp/run_sternheimer.py:115:13 (build_sternheimer_source_preQ) because:
  for fft defined at /opt/jax/jax/_src/lax/fft.py:68
explanation unavailable! please open an issue at https://github.com/jax-ml/jax
2026-04-25 13:47:48,626 jax._src.dispatch WARNING: Finished tracing + transforming conjugate for pjit in 0.000192165 sec
2026-04-25 13:47:48,627 jax._src.dispatch WARNING: Finished tracing + transforming _einsum for pjit in 0.000389814 sec
2026-04-25 13:47:48,629 jax._src.dispatch WARNING: Finished tracing + transforming _einsum for pjit in 0.000498295 sec
2026-04-25 13:47:48,630 jax._src.dispatch WARNING: Finished tracing + transforming subtract for pjit in 0.000296354 sec
2026-04-25 13:47:48,632 jax._src.dispatch WARNING: Finished tracing + transforming greater for pjit in 0.000389338 sec
2026-04-25 13:47:48,633 jax._src.dispatch WARNING: Finished tracing + transforming _broadcast_arrays for pjit in 0.000241041 sec
2026-04-25 13:47:48,634 jax._src.dispatch WARNING: Finished tracing + transforming _where for pjit in 0.001348972 sec
2026-04-25 13:47:48,634 jax._src.pjit WARNING: TRACING CACHE MISS at /global/homes/j/jackm/software/lorrax_B/src/solvers/sternheimer_precond.py:93:13 (tpa_preconditioner_diag) because:
  for _where defined at /opt/jax/jax/_src/numpy/util.py:287
  never seen input type signature:
    condition: bool[26],  x: f64[26],  y: f64[]
  closest seen input type signature has 2 mismatches, including:
    * at condition, seen bool[46080], but now given bool[26]
    * at x, seen f64[46080], but now given f64[26]
2026-04-25 13:47:48,636 jax._src.dispatch WARNING: Finished tracing + transforming true_divide for pjit in 0.000450850 sec
2026-04-25 13:47:48,637 jax._src.dispatch WARNING: Finished tracing + transforming multiply for pjit in 0.000263929 sec
2026-04-25 13:47:48,638 jax._src.dispatch WARNING: Finished tracing + transforming add for pjit in 0.000250816 sec
2026-04-25 13:47:48,638 jax._src.dispatch WARNING: Finished tracing + transforming multiply for pjit in 0.000194550 sec
2026-04-25 13:47:48,640 jax._src.dispatch WARNING: Finished tracing + transforming multiply for pjit in 0.000252247 sec
2026-04-25 13:47:48,640 jax._src.dispatch WARNING: Finished tracing + transforming add for pjit in 0.000196218 sec
2026-04-25 13:47:48,641 jax._src.dispatch WARNING: Finished tracing + transforming true_divide for pjit in 0.000205040 sec
2026-04-25 13:47:48,641 jax._src.dispatch WARNING: Finished tracing + transforming _tpa for pjit in 0.004217863 sec
2026-04-25 13:47:48,641 jax._src.pjit WARNING: TRACING CACHE MISS at /global/homes/j/jackm/software/lorrax_B/src/solvers/sternheimer_precond.py:95:11 (tpa_preconditioner_diag) because:
  never seen function:
    _tpa id=140535157874560 defined at /global/homes/j/jackm/software/lorrax_B/src/solvers/sternheimer_precond.py:48
2026-04-25 13:47:48,645 jax._src.dispatch WARNING: Finished tracing + transforming _build_stk_at_q for pjit in 0.062275171 sec
2026-04-25 13:47:48,646 jax._src.pjit WARNING: TRACING CACHE MISS at /global/homes/j/jackm/software/lorrax_B/src/psp/run_sternheimer.py:1257:14 (run_sternheimer.<locals>._chi_at_q_jit) because:
  never seen function:
    _build_stk_at_q id=140535157965984 defined at /global/homes/j/jackm/software/lorrax_B/src/psp/run_sternheimer.py:913
2026-04-25 13:47:48,650 jax._src.dispatch WARNING: Finished tracing + transforming _einsum for pjit in 0.000474691 sec
2026-04-25 13:47:48,692 jax._src.dispatch WARNING: Finished tracing + transforming negative for pjit in 0.000161648 sec
2026-04-25 13:47:48,692 jax._src.dispatch WARNING: Finished tracing + transforming conjugate for pjit in 0.000153065 sec
2026-04-25 13:47:48,693 jax._src.dispatch WARNING: Finished tracing + transforming _einsum for pjit in 0.000337839 sec
2026-04-25 13:47:48,694 jax._src.dispatch WARNING: Finished tracing + transforming subtract for pjit in 0.000208378 sec
2026-04-25 13:47:48,695 jax._src.dispatch WARNING: Finished tracing + transforming absolute for pjit in 0.000144005 sec
2026-04-25 13:47:48,695 jax._src.dispatch WARNING: Finished tracing + transforming abs for pjit in 0.000393867 sec
2026-04-25 13:47:48,695 jax._src.dispatch WARNING: Finished tracing + transforming greater for pjit in 0.000247240 sec
2026-04-25 13:47:48,696 jax._src.dispatch WARNING: Finished tracing + transforming _broadcast_arrays for pjit in 0.000286341 sec
2026-04-25 13:47:48,696 jax._src.dispatch WARNING: Finished tracing + transforming _where for pjit in 0.000730038 sec
2026-04-25 13:47:48,696 jax._src.pjit WARNING: TRACING CACHE MISS at /global/homes/j/jackm/software/lorrax_B/src/solvers/sternheimer_solve.py:197:17 (_schur_initial_guess) because:
  for _where defined at /opt/jax/jax/_src/numpy/util.py:287
  never seen input type signature:
    condition: bool[26,20],  x: f64[26,20],  y: f64[]
  closest seen input type signature has 2 mismatches, including:
    * at condition, seen bool[46080]({}), but now given bool[26,20]({})
    * at x, seen f64[46080]({}), but now given f64[26,20]({})
2026-04-25 13:47:48,697 jax._src.dispatch WARNING: Finished tracing + transforming negative for pjit in 0.000145912 sec
2026-04-25 13:47:48,697 jax._src.dispatch WARNING: Finished tracing + transforming true_divide for pjit in 0.000247002 sec
2026-04-25 13:47:48,698 jax._src.dispatch WARNING: Finished tracing + transforming _broadcast_arrays for pjit in 0.000188351 sec
2026-04-25 13:47:48,698 jax._src.dispatch WARNING: Finished tracing + transforming _where for pjit in 0.000657320 sec
2026-04-25 13:47:48,698 jax._src.pjit WARNING: TRACING CACHE MISS at /global/homes/j/jackm/software/lorrax_B/src/solvers/sternheimer_solve.py:198:8 (_schur_initial_guess) because:
  for _where defined at /opt/jax/jax/_src/numpy/util.py:287
  never seen input type signature:
    condition: bool[26,20],  x: c128[26,20],  y: f64[]
  closest seen input type signature has 1 mismatches, including:
    * at x, seen f64[26,20], but now given c128[26,20]
2026-04-25 13:47:48,700 jax._src.dispatch WARNING: Finished tracing + transforming _einsum for pjit in 0.000342369 sec
2026-04-25 13:47:48,701 jax._src.dispatch WARNING: Finished tracing + transforming multiply for pjit in 0.000364780 sec
2026-04-25 13:47:48,703 jax._src.dispatch WARNING: Finished tracing + transforming _squeeze for pjit in 0.000080585 sec
2026-04-25 13:47:48,704 jax._src.dispatch WARNING: Finished tracing + transforming multiply for pjit in 0.000360489 sec
2026-04-25 13:47:48,707 jax._src.dispatch WARNING: Finished tracing + transforming add for pjit in 0.000207663 sec
2026-04-25 13:47:48,708 jax._src.dispatch WARNING: Finished tracing + transforming _einsum for pjit in 0.000377178 sec
2026-04-25 13:47:48,708 jax._src.dispatch WARNING: Finished tracing + transforming _einsum for pjit in 0.000357151 sec
2026-04-25 13:47:48,709 jax._src.dispatch WARNING: Finished tracing + transforming _einsum for pjit in 0.000361443 sec
2026-04-25 13:47:48,710 jax._src.dispatch WARNING: Finished tracing + transforming apply_H_k_from_G for pjit in 0.010128736 sec
2026-04-25 13:47:48,710 jax._src.pjit WARNING: TRACING CACHE MISS at /global/homes/j/jackm/software/lorrax_B/src/solvers/sternheimer_solve.py:143:9 (_apply_A_inline) because:
  never seen function:
    apply_H_k_from_G id=140536319061632 defined at /global/homes/j/jackm/software/lorrax_B/src/psp/dft_operators.py:639
2026-04-25 13:47:48,711 jax._src.dispatch WARNING: Finished tracing + transforming multiply for pjit in 0.000208855 sec
2026-04-25 13:47:48,712 jax._src.dispatch WARNING: Finished tracing + transforming _einsum for pjit in 0.000313759 sec
2026-04-25 13:47:48,713 jax._src.dispatch WARNING: Finished tracing + transforming _einsum for pjit in 0.000321388 sec
2026-04-25 13:47:48,713 jax._src.dispatch WARNING: Finished tracing + transforming multiply for pjit in 0.000256300 sec
2026-04-25 13:47:48,714 jax._src.dispatch WARNING: Finished tracing + transforming multiply for pjit in 0.000262022 sec
2026-04-25 13:47:48,715 jax._src.dispatch WARNING: Finished tracing + transforming _einsum for pjit in 0.000310183 sec
2026-04-25 13:47:48,715 jax._src.dispatch WARNING: Finished tracing + transforming real for pjit in 0.000135660 sec
2026-04-25 13:47:48,717 jax._src.dispatch WARNING: Finished tracing + transforming sqrt for pjit in 0.000162601 sec
2026-04-25 13:47:48,717 jax._src.dispatch WARNING: Finished tracing + transforming greater for pjit in 0.000264168 sec
2026-04-25 13:47:48,718 jax._src.dispatch WARNING: Finished tracing + transforming greater for pjit in 0.000200033 sec
2026-04-25 13:47:48,719 jax._src.dispatch WARNING: Finished tracing + transforming _reduce_any for pjit in 0.000349760 sec
2026-04-25 13:47:48,719 jax._src.dispatch WARNING: Finished tracing + transforming less for pjit in 0.000253916 sec
2026-04-25 13:47:48,720 jax._src.dispatch WARNING: Finished tracing + transforming logical_and for pjit in 0.000200510 sec
2026-04-25 13:47:48,723 jax._src.dispatch WARNING: Finished tracing + transforming true_divide for pjit in 0.000229359 sec
2026-04-25 13:47:48,725 jax._src.dispatch WARNING: Finished tracing + transforming multiply for pjit in 0.000257015 sec
2026-04-25 13:47:48,725 jax._src.dispatch WARNING: Finished tracing + transforming greater for pjit in 0.000196934 sec
2026-04-25 13:47:48,726 jax._src.dispatch WARNING: Finished tracing + transforming bitwise_and for pjit in 0.000189304 sec
2026-04-25 13:47:48,728 jax._src.dispatch WARNING: Finished tracing + transforming add for pjit in 0.000335693 sec
2026-04-25 13:47:48,729 jax._src.dispatch WARNING: Finished tracing + transforming _sternheimer_core for pjit in 0.037689209 sec
2026-04-25 13:47:48,729 jax._src.pjit WARNING: TRACING CACHE MISS at /global/homes/j/jackm/software/lorrax_B/src/solvers/sternheimer_solve.py:325:11 (sternheimer_solve) because:
  never seen function:
    _sternheimer_core id=140535157879360 defined at /global/homes/j/jackm/software/lorrax_B/src/solvers/sternheimer_solve.py:203
2026-04-25 13:47:48,835 jax._src.dispatch WARNING: Finished tracing + transforming conjugate for pjit in 0.000183582 sec
2026-04-25 13:47:48,835 jax._src.dispatch WARNING: Finished tracing + transforming multiply for pjit in 0.000193596 sec
2026-04-25 13:47:48,836 jax._src.dispatch WARNING: Finished tracing + transforming _reduce_sum for pjit in 0.000308037 sec
2026-04-25 13:47:48,837 jax._src.dispatch WARNING: Finished tracing + transforming _moveaxis for pjit in 0.000081539 sec
2026-04-25 13:47:48,837 jax._src.dispatch WARNING: Finished tracing + transforming fft for pjit in 0.000126123 sec
2026-04-25 13:47:48,838 jax._src.pjit WARNING: TRACING CACHE MISS at /global/homes/j/jackm/software/lorrax_B/src/psp/run_sternheimer.py:197:10 (project_density_to_Gsphere) because:
  for fft defined at /opt/jax/jax/_src/lax/fft.py:68
explanation unavailable! please open an issue at https://github.com/jax-ml/jax
2026-04-25 13:47:48,838 jax._src.dispatch WARNING: Finished tracing + transforming fft for pjit in 0.000211477 sec
2026-04-25 13:47:48,838 jax._src.pjit WARNING: TRACING CACHE MISS at /global/homes/j/jackm/software/lorrax_B/src/psp/run_sternheimer.py:197:10 (project_density_to_Gsphere) because:
  for fft defined at /opt/jax/jax/_src/lax/fft.py:68
  never seen input type signature:
    x: c128[9,24,24,80]
  closest seen input type signature has 1 mismatches, including:
    * at x, seen c128[26,2,24,24,80]({}), but now given c128[9,24,24,80]({})
2026-04-25 13:47:48,840 jax._src.dispatch WARNING: Finished tracing + transforming _moveaxis for pjit in 0.000077963 sec
2026-04-25 13:47:48,842 jax._src.dispatch WARNING: Finished tracing + transforming remainder for pjit in 0.001000643 sec
2026-04-25 13:47:48,842 jax._src.pjit WARNING: TRACING CACHE MISS at /global/homes/j/jackm/software/lorrax_B/src/psp/run_sternheimer.py:96:9 (_gather_box_at_G) because:
  for remainder defined at /opt/jax/jax/_src/numpy/ufuncs.py:3019
  never seen input type signature:
    x1: i32[1],  x2: i64[]
  closest seen input type signature has 1 mismatches, including:
    * at x1, seen i32[1963], but now given i32[1]
2026-04-25 13:47:48,844 jax._src.dispatch WARNING: Finished tracing + transforming less for pjit in 0.000294685 sec
2026-04-25 13:47:48,846 jax._src.dispatch WARNING: Finished tracing + transforming _broadcast_arrays for pjit in 0.000095606 sec
2026-04-25 13:47:48,847 jax._src.dispatch WARNING: Finished tracing + transforming multiply for pjit in 0.000242710 sec
2026-04-25 13:47:48,848 jax._src.dispatch WARNING: Finished tracing + transforming _reduce_sum for pjit in 0.000286818 sec
2026-04-25 13:47:48,850 jax._src.dispatch WARNING: Finished tracing + transforming _chi_at_q_jit for pjit in 0.267596960 sec
2026-04-25 13:47:48,851 jax._src.pjit WARNING: TRACING CACHE MISS at /global/homes/j/jackm/software/lorrax_B/src/psp/run_sternheimer.py:1325:22 (run_sternheimer) because:
  never seen function:
    run_sternheimer.<locals>._chi_at_q_jit id=140534221302144 defined at /global/homes/j/jackm/software/lorrax_B/src/psp/run_sternheimer.py:1251
2026-04-25 13:47:48,854 jax._src.interpreters.pxla WARNING: Compiling _chi_at_q_jit with global shapes and types [ShapedArray(float64[3]), ShapedArray(int32[9]), ShapedArray(int32[1,3])]. Argument mapping: (UnspecifiedValue, UnspecifiedValue, UnspecifiedValue).
2026-04-25 13:47:49,094 jax._src.dispatch WARNING: Finished tracing + transforming negative for pjit in 0.000205517 sec
2026-04-25 13:47:49,114 jax._src.dispatch WARNING: Finished tracing + transforming negative for pjit in 0.000236988 sec
2026-04-25 13:47:49,123 jax._src.dispatch WARNING: Finished tracing + transforming negative for pjit in 0.000135183 sec
2026-04-25 13:47:49,147 jax._src.dispatch WARNING: Finished tracing + transforming negative for pjit in 0.000127316 sec
2026-04-25 13:47:49,153 jax._src.dispatch WARNING: Finished jaxpr to MLIR module conversion jit(_chi_at_q_jit) in 0.298397541 sec
2026-04-25 13:47:52,541 jax._src.compiler WARNING: Persistent compilation cache hit for 'jit__chi_at_q_jit' with key 'jit__chi_at_q_jit-337787368c9ea0ada508169530797afb5570fd0437db4fd6b14970bcacd5761e'
2026-04-25 13:47:52,541 jax._src.dispatch WARNING: Finished XLA compilation of jit(_chi_at_q_jit) in 3.387645483 sec
