{
  "log_path": "/pscratch/sd/j/jackm/lorrax_sandbox/runs/Si/04_si_4x4x4_bse/C_lorrax_bse_bgweqp/profile_lanczos/compile.log",
  "xla": {
    "_multi_slice": [
      0.175350666
    ],
    "conjugate": [
      0.056890249
    ],
    "broadcast_in_dim": [
      0.031729221,
      0.02940774
    ],
    "multiply": [
      0.063632727,
      0.061640263,
      0.056343555,
      0.055485487,
      0.057873726
    ],
    "add": [
      0.058433294
    ],
    "dynamic_slice": [
      0.030985117
    ],
    "squeeze": [
      0.030230761
    ],
    "convert_element_type": [
      0.028568506,
      0.026587486
    ],
    "concatenate": [
      0.054131985
    ],
    "_squeeze": [
      0.030576229,
      0.029957294
    ],
    "scatter-add": [
      0.103654623
    ],
    "sqrt": [
      0.058651447,
      0.056289434
    ],
    "_full_run": [
      1.882465124
    ],
    "reshape": [
      0.032759905
    ]
  },
  "mlir": {
    "_identity_fn": [
      0.125431538
    ],
    "_psum": [
      0.006598711
    ],
    "_multi_slice": [
      0.002239227
    ],
    "conjugate": [
      0.003223181
    ],
    "broadcast_in_dim": [
      0.002488136,
      0.002179861,
      0.002369165,
      0.002350092
    ],
    "multiply": [
      0.002285719,
      0.002496481,
      0.002385139,
      0.002663374
    ],
    "convert_element_type": [
      0.002151251,
      0.001876831,
      0.001980782
    ],
    "add": [
      0.002412081
    ],
    "dynamic_slice": [
      0.002322912
    ],
    "_squeeze": [
      0.001931906,
      0.001904726
    ],
    "_full_run": [
      0.119429588
    ],
    "reshape": [
      0.002542257
    ]
  },
  "trace": {
    "_identity_fn": [
      0.000237942
    ],
    "_reduce_sum": [
      0.000627279,
      0.000445843,
      0.0003438,
      0.000574112
    ],
    "_psum": [
      0.001240015
    ],
    "_multi_slice": [
      0.000296593
    ],
    "conjugate": [
      0.000373125,
      0.000169277,
      0.000365496,
      0.000344992,
      0.000362158,
      7.9632e-05,
      0.000166893
    ],
    "negative": [
      0.000166416,
      0.000201941,
      0.000262737,
      0.000145435,
      0.000147343,
      0.00018549
    ],
    "broadcast_in_dim": [
      0.000238419,
      0.000320673,
      0.001833916
    ],
    "multiply": [
      0.000306845,
      0.000333309,
      0.000408888,
      0.000355005,
      0.000317335,
      0.000213385,
      0.000371933,
      0.000406265,
      0.000327349,
      0.000230551,
      0.000273466,
      0.00112772,
      0.000338078,
      0.000455618,
      0.000248909,
      0.000472307,
      0.000369072,
      0.000373602,
      0.000482559
    ],
    "convert_element_type": [
      0.000254154,
      0.000182152,
      0.00018239,
      0.000209093
    ],
    "add": [
      0.000321865,
      0.000210524,
      0.00036931,
      0.000226021,
      0.000273705,
      0.000379801,
      0.000526428,
      0.000218391,
      0.000557184
    ],
    "dynamic_slice": [
      0.000240326
    ],
    "squeeze": [
      0.000308037
    ],
    "concatenate": [
      0.000243664
    ],
    "_squeeze": [
      0.000149012,
      0.000123262,
      8.4877e-05,
      8.0109e-05,
      8.0824e-05
    ],
    "scatter-add": [
      0.000358105,
      0.000431776
    ],
    "_moveaxis": [
      0.000205994,
      0.000211,
      0.000105381
    ],
    "fft": [
      0.000175714,
      0.000184536,
      0.000149965,
      0.000147343
    ],
    "_reduce_prod": [
      0.000605345,
      0.00068593
    ],
    "sqrt": [
      0.000176668,
      0.000179529,
      0.00036478,
      0.000222921
    ],
    "subtract": [
      0.000233173,
      0.000219107,
      0.000283957,
      0.000256538,
      0.000319719,
      0.000208616,
      0.000207901
    ],
    "_uniform": [
      0.002644777
    ],
    "_normal_real": [
      0.004312515
    ],
    "_normal": [
      0.004758835
    ],
    "real": [
      0.000150442,
      0.000144482,
      0.000351429,
      0.000141859
    ],
    "norm": [
      0.002270937,
      0.003260136,
      0.002773762
    ],
    "true_divide": [
      0.00027442,
      0.000316143,
      0.000317335,
      0.0002985,
      0.00039053,
      0.000430107,
      0.00026679
    ],
    "_einsum": [
      0.000734329,
      0.000478745,
      0.000460148,
      0.000523567,
      0.000455856,
      0.000725746,
      0.000473738,
      0.00043869
    ],
    "_matvec": [
      0.030997276
    ],
    "ravel": [
      0.000252724,
      0.000241041
    ],
    "dot": [
      0.000489473
    ],
    "vdot": [
      0.002019405
    ],
    "less": [
      0.000303745,
      0.000270844,
      0.00023818
    ],
    "maximum": [
      0.000212193,
      0.000258446,
      0.00024128
    ],
    "greater": [
      0.000215292
    ],
    "_broadcast_arrays": [
      0.000366211,
      9.6798e-05,
      0.000475883,
      7.9632e-05
    ],
    "_where": [
      0.000910997,
      0.00105238,
      0.001313925
    ],
    "minimum": [
      0.000225306
    ],
    "equal": [
      0.000415325
    ],
    "_diag": [
      0.004060268,
      0.000970602,
      0.001024008
    ],
    "eigh": [
      0.001344442
    ],
    "argsort": [
      0.000309229
    ],
    "matmul": [
      0.000328064
    ],
    "_full_run": [
      0.092165947
    ],
    "bitwise_and": [
      0.000480652
    ],
    "_threefry_seed": [
      0.001422644
    ],
    "_threefry_split_foldlike": [
      0.000872612
    ],
    "_threefry_split": [
      0.001242638
    ],
    "reshape": [
      0.000248194
    ]
  },
  "cache_misses": [
    {
      "location": "/global/homes/j/jackm/software/lorrax_C/src/bse/bse_io.py:403:18",
      "reason": "never seen function: _identity_fn id=139993617974752 defined at /opt/jax/jax/_src/pjit.py:2575"
    },
    {
      "location": "/global/homes/j/jackm/software/lorrax_C/src/bse/bse_io.py:420:19",
      "reason": "never seen function: _psum id=140606896414112 defined at /opt/jax/jax/experimental/multihost_utils.py:42"
    },
    {
      "location": "/global/homes/j/jackm/software/lorrax_C/src/bse/bse_io.py:420:19",
      "reason": "never seen function: _multi_slice id=139993610056096 defined at /opt/jax/jax/_src/numpy/array_methods.py:616 but seen another function defined on the same line; maybe the function is being re-defined repeatedly, preventing caching?"
    },
    {
      "location": "/global/homes/j/jackm/software/lorrax_C/src/gw/head_correction.py:648:11",
      "reason": "never seen function: broadcast_in_dim id=140123980806912 defined at /opt/jax/jax/_src/dispatch.py:96"
    },
    {
      "location": "/global/homes/j/jackm/software/lorrax_C/src/gw/head_correction.py:648:37",
      "reason": "never seen function: broadcast_in_dim id=140123980807872 defined at /opt/jax/jax/_src/dispatch.py:96"
    },
    {
      "location": "/global/homes/j/jackm/software/lorrax_C/src/gw/head_correction.py:651:19",
      "reason": "never seen function: convert_element_type id=140123980908640 defined at /opt/jax/jax/_src/dispatch.py:96"
    },
    {
      "location": "/global/homes/j/jackm/software/lorrax_C/src/gw/head_correction.py:656:54",
      "reason": "never seen function: dynamic_slice id=140123980913920 defined at /opt/jax/jax/_src/dispatch.py:96"
    },
    {
      "location": "/global/homes/j/jackm/software/lorrax_C/src/gw/head_correction.py:656:54",
      "reason": "never seen function: squeeze id=140123980916000 defined at /opt/jax/jax/_src/dispatch.py:96 but seen another function defined on the same line; maybe the function is being re-defined repeatedly, preventing caching?"
    },
    {
      "location": "/global/homes/j/jackm/software/lorrax_C/src/gw/head_correction.py:659:14",
      "reason": "never seen function: convert_element_type id=140123980919360 defined at /opt/jax/jax/_src/dispatch.py:96"
    },
    {
      "location": "/global/homes/j/jackm/software/lorrax_C/src/gw/head_correction.py:659:14",