Unloading the cpe module is insufficient to restore the system defaults.
Please run 'source
/opt/cray/pe/cpe/25.09/restore_lmod_system_defaults.[csh|sh]'. 
 
Sourcing the above script is not necessary if swapping the cpe module with a
different version. 
[lxrun] JID 53075110 · 4 nodes · 35:01 left · 4/4 free · incoming: lx-B
  1  nid008596  free   —              —      —  ← starting lx-B  python3 -u -m gw.gw_jax 
  2  nid008600  free   —              —      —  ← starting lx-B  python3 -u -m gw.gw_jax 
  3  nid008645  free   —              —      —  ← starting lx-B  python3 -u -m gw.gw_jax 
  4  nid008657  free   —              —      —  ← starting lx-B  python3 -u -m gw.gw_jax 

========================================================================
  COHSEX-JAX: Self-Energy Calculation
========================================================================
  Backend: GPU       Devices: 16  Mesh: 4×4  Processes: 16
  Device type: NVIDIA A100-SXM4-80GB
  XLA preallocate: false  mem_fraction: unset
========================================================================

    K-point chunking: 6 k-pts per FFT batch (total 36)
    K-point chunking: 6 k-pts per FFT batch (total 36)
    K-point chunking: 6 k-pts per FFT batch (total 36)
  ISDF basis: 1508 centroids
  FFT grid: 75×75×200   Cell volume: 4960.60 a.u.³

    K-point chunking: 6 k-pts per FFT batch (total 36)
    K-point chunking: 6 k-pts per FFT batch (total 36)
    K-point chunking: 6 k-pts per FFT batch (total 36)
    K-point chunking: 6 k-pts per FFT batch (total 36)
    K-point chunking: 6 k-pts per FFT batch (total 36)
    K-point chunking: 6 k-pts per FFT batch (total 36)
    K-point chunking: 6 k-pts per FFT batch (total 36)
    K-point chunking: 6 k-pts per FFT batch (total 36)
    K-point chunking: 6 k-pts per FFT batch (total 36)
    K-point chunking: 6 k-pts per FFT batch (total 36)
    K-point chunking: 6 k-pts per FFT batch (total 36)
    K-point chunking: 6 k-pts per FFT batch (total 36)
    K-point chunking: 6 k-pts per FFT batch (total 36)
    Memory estimate: peak 129.88 GB (budget 70.00 GB), bottleneck=fft
    Per-stage: fft=129.88  zct=107.35  reshard=4.62  solve=3.47  gather=3.18 GB
    AOT fit_one_rchunk peak (driver-level): 7.76 GB

  G-flat memory model — chunk plan + HWM estimate
    band_chunk         = 32
    r_chunk            = 24576  (46 chunks)
    gflat_chunk_size   = 100
    budget             = 70.00 GB/dev
    HWM estimate       = 67.55 GB/dev (96% of budget) [bottleneck: C_fit_one_rchunk]
    peak totals (GB/dev):
      C_fit_one_rchunk........   67.55
      A_centroid..............   11.23
      D_accumulate............   10.29
      E_v_q...................    9.76
      B_CCT_chol..............    4.40
    per-peak components (GB/dev):
      [A]
        fft_box...............   9.216
        sphere_idx_replicated.   1.296
        phase_table...........   0.648
        centroid_out_filling..   0.068
      [B]
        P_l_plus_P_r_open_spin   2.662
        sphere_idx_replicated.   1.296
        centroids_persistent..   0.271
        C_q...................   0.083
        L_q...................   0.083
      [C]
        P_pair_concurrent_slots  64.550
        zeta_out..............   1.345
        sphere_idx_replicated.   1.296
        centroids_persist.....   0.271
        L_q...................   0.083
      [D]
        gflat_acc.............   3.694
        accumulate_fft_box....   3.600
        zeta_chunk............   1.345
        sphere_idx_replicated.   1.296
        centroids_persist.....   0.271
        L_q...................   0.083
      [E]
        zeta_L_all............   3.694
        zeta_R_all............   3.694
        sphere_idx_replicated.   1.296
        zeta_L_on_x_axis......   0.410
        zeta_R_on_y_axis......   0.410
        psi_centroids_persistent   0.136
        V_acc.................   0.083
        V_acc_full_BZ.........   0.083
        v_q_table_replicated..   0.039
        V_q_block.............   0.002
        lorentz_mix_buffer....   0.000

  Chunked ISDF fitting:
    Band chunks: 32
    R chunks:    24576 (contiguous r-space)
    Q chunks:    36
    GFlat cs:    100
    Zeta output: /pscratch/sd/j/jackm/lorrax_sandbox/runs/CrI3/M_6x6_80Ry_2026-05-07/0X_lorrax_bispinor_fullbz_16gpu_2026-05-16/v3_sb/tmp/zeta_q.h5
    cutoffs: zeta = 80.0 Ry, bare-Coulomb = 80.0 Ry  (ecutwfc=80.0, ecutrho=320.0)
[mem_probe zeta_fit_start] in_use=-0.00 GB  peak=-0.00 GB  live_count=54 live_total=1.48 GB
[mem_probe zeta_fit_start]   complex128 (36, 1520, 160, 4) x 1 = 0.56 GB
[mem_probe zeta_fit_start]   complex128 (36, 160, 4, 1520) x 1 = 0.56 GB
[mem_probe zeta_fit_start]   int32 (36, 75, 75, 200) x 2 = 0.32 GB
[mem_probe zeta_fit_start]   complex128 (36, 59990) x 1 = 0.03 GB
[mem_probe zeta_fit_start]   complex128 (36, 1508) x 6 = 0.01 GB
[mem_probe zeta_fit_start]   int32 (1508, 3) x 2 = 0.00 GB
[mem_probe zeta_fit_start]   complex128 (4, 4) x 10 = 0.00 GB
[mem_probe zeta_fit_start]   complex128 (36, 2, 2) x 1 = 0.00 GB
[mem_probe zeta_fit_start]   complex128 (4,) x 8 = 0.00 GB
[mem_probe zeta_fit_start]   int32 (36,) x 3 = 0.00 GB

  Zeta fitting: 46 r-chunks x 24576 r-points, 160 bands (150 left + 160 right)
  Output: /pscratch/sd/j/jackm/lorrax_sandbox/runs/CrI3/M_6x6_80Ry_2026-05-07/0X_lorrax_bispinor_fullbz_16gpu_2026-05-16/v3_sb/tmp/zeta_q.h5
  Left wfns:  (36, 150, 4, 1520)
  Right wfns: (36, 160, 4, 1520)
  Computing C_q via shard_map pipeline (open-spin, charge γ̃^0=I)
  Computing L_q = chol(C_q)  [PSD, charge channel, path=cusolvermp_cholesky]

  Zeta fitting: 46 r-chunks x 24576 r-points, 160 bands (150 left + 160 right)
  Output: /pscratch/sd/j/jackm/lorrax_sandbox/runs/CrI3/M_6x6_80Ry_2026-05-07/0X_lorrax_bispinor_fullbz_16gpu_2026-05-16/v3_sb/tmp/zeta_q.h5

  Zeta fitting: 46 r-chunks x 24576 r-points, 160 bands (150 left + 160 right)
  Output: /pscratch/sd/j/jackm/lorrax_sandbox/runs/CrI3/M_6x6_80Ry_2026-05-07/0X_lorrax_bispinor_fullbz_16gpu_2026-05-16/v3_sb/tmp/zeta_q.h5

  Zeta fitting: 46 r-chunks x 24576 r-points, 160 bands (150 left + 160 right)
  Output: /pscratch/sd/j/jackm/lorrax_sandbox/runs/CrI3/M_6x6_80Ry_2026-05-07/0X_lorrax_bispinor_fullbz_16gpu_2026-05-16/v3_sb/tmp/zeta_q.h5

  Zeta fitting: 46 r-chunks x 24576 r-points, 160 bands (150 left + 160 right)
  Output: /pscratch/sd/j/jackm/lorrax_sandbox/runs/CrI3/M_6x6_80Ry_2026-05-07/0X_lorrax_bispinor_fullbz_16gpu_2026-05-16/v3_sb/tmp/zeta_q.h5

  Zeta fitting: 46 r-chunks x 24576 r-points, 160 bands (150 left + 160 right)
  Output: /pscratch/sd/j/jackm/lorrax_sandbox/runs/CrI3/M_6x6_80Ry_2026-05-07/0X_lorrax_bispinor_fullbz_16gpu_2026-05-16/v3_sb/tmp/zeta_q.h5

  Zeta fitting: 46 r-chunks x 24576 r-points, 160 bands (150 left + 160 right)
  Output: /pscratch/sd/j/jackm/lorrax_sandbox/runs/CrI3/M_6x6_80Ry_2026-05-07/0X_lorrax_bispinor_fullbz_16gpu_2026-05-16/v3_sb/tmp/zeta_q.h5

  Zeta fitting: 46 r-chunks x 24576 r-points, 160 bands (150 left + 160 right)
  Output: /pscratch/sd/j/jackm/lorrax_sandbox/runs/CrI3/M_6x6_80Ry_2026-05-07/0X_lorrax_bispinor_fullbz_16gpu_2026-05-16/v3_sb/tmp/zeta_q.h5

  Zeta fitting: 46 r-chunks x 24576 r-points, 160 bands (150 left + 160 right)
  Output: /pscratch/sd/j/jackm/lorrax_sandbox/runs/CrI3/M_6x6_80Ry_2026-05-07/0X_lorrax_bispinor_fullbz_16gpu_2026-05-16/v3_sb/tmp/zeta_q.h5
  Left wfns:  (36, 150, 4, 1520)
  Right wfns: (36, 160, 4, 1520)

  Zeta fitting: 46 r-chunks x 24576 r-points, 160 bands (150 left + 160 right)
  Output: /pscratch/sd/j/jackm/lorrax_sandbox/runs/CrI3/M_6x6_80Ry_2026-05-07/0X_lorrax_bispinor_fullbz_16gpu_2026-05-16/v3_sb/tmp/zeta_q.h5

  Zeta fitting: 46 r-chunks x 24576 r-points, 160 bands (150 left + 160 right)
  Output: /pscratch/sd/j/jackm/lorrax_sandbox/runs/CrI3/M_6x6_80Ry_2026-05-07/0X_lorrax_bispinor_fullbz_16gpu_2026-05-16/v3_sb/tmp/zeta_q.h5

  Zeta fitting: 46 r-chunks x 24576 r-points, 160 bands (150 left + 160 right)
  Output: /pscratch/sd/j/jackm/lorrax_sandbox/runs/CrI3/M_6x6_80Ry_2026-05-07/0X_lorrax_bispinor_fullbz_16gpu_2026-05-16/v3_sb/tmp/zeta_q.h5

  Zeta fitting: 46 r-chunks x 24576 r-points, 160 bands (150 left + 160 right)
  Output: /pscratch/sd/j/jackm/lorrax_sandbox/runs/CrI3/M_6x6_80Ry_2026-05-07/0X_lorrax_bispinor_fullbz_16gpu_2026-05-16/v3_sb/tmp/zeta_q.h5
  Left wfns:  (36, 150, 4, 1520)
  Right wfns: (36, 160, 4, 1520)

  Zeta fitting: 46 r-chunks x 24576 r-points, 160 bands (150 left + 160 right)
  Output: /pscratch/sd/j/jackm/lorrax_sandbox/runs/CrI3/M_6x6_80Ry_2026-05-07/0X_lorrax_bispinor_fullbz_16gpu_2026-05-16/v3_sb/tmp/zeta_q.h5

  Zeta fitting: 46 r-chunks x 24576 r-points, 160 bands (150 left + 160 right)
  Output: /pscratch/sd/j/jackm/lorrax_sandbox/runs/CrI3/M_6x6_80Ry_2026-05-07/0X_lorrax_bispinor_fullbz_16gpu_2026-05-16/v3_sb/tmp/zeta_q.h5

  Zeta fitting: 46 r-chunks x 24576 r-points, 160 bands (150 left + 160 right)
  Output: /pscratch/sd/j/jackm/lorrax_sandbox/runs/CrI3/M_6x6_80Ry_2026-05-07/0X_lorrax_bispinor_fullbz_16gpu_2026-05-16/v3_sb/tmp/zeta_q.h5
  Left wfns:  (36, 150, 4, 1520)
  Right wfns: (36, 160, 4, 1520)
  Left wfns:  (36, 150, 4, 1520)
  Right wfns: (36, 160, 4, 1520)
  Left wfns:  (36, 150, 4, 1520)
  Right wfns: (36, 160, 4, 1520)
  Left wfns:  (36, 150, 4, 1520)
  Right wfns: (36, 160, 4, 1520)
  Left wfns:  (36, 150, 4, 1520)
  Right wfns: (36, 160, 4, 1520)
  Left wfns:  (36, 150, 4, 1520)
  Right wfns: (36, 160, 4, 1520)
  Left wfns:  (36, 150, 4, 1520)
  Right wfns: (36, 160, 4, 1520)
  Left wfns:  (36, 150, 4, 1520)
  Right wfns: (36, 160, 4, 1520)
  Left wfns:  (36, 150, 4, 1520)
  Right wfns: (36, 160, 4, 1520)
  Left wfns:  (36, 150, 4, 1520)
  Right wfns: (36, 160, 4, 1520)
  Left wfns:  (36, 150, 4, 1520)
  Right wfns: (36, 160, 4, 1520)
  Left wfns:  (36, 150, 4, 1520)
  Right wfns: (36, 160, 4, 1520)
  Left wfns:  (36, 150, 4, 1520)
  Right wfns: (36, 160, 4, 1520)
  Computing C_q via shard_map pipeline (open-spin, charge γ̃^0=I)
  Computing C_q via shard_map pipeline (open-spin, charge γ̃^0=I)
  Computing C_q via shard_map pipeline (open-spin, charge γ̃^0=I)
  Computing C_q via shard_map pipeline (open-spin, charge γ̃^0=I)
  Computing C_q via shard_map pipeline (open-spin, charge γ̃^0=I)
  Computing C_q via shard_map pipeline (open-spin, charge γ̃^0=I)
  Computing C_q via shard_map pipeline (open-spin, charge γ̃^0=I)
  Computing C_q via shard_map pipeline (open-spin, charge γ̃^0=I)
  Computing C_q via shard_map pipeline (open-spin, charge γ̃^0=I)
  Computing C_q via shard_map pipeline (open-spin, charge γ̃^0=I)
  Computing C_q via shard_map pipeline (open-spin, charge γ̃^0=I)
  Computing C_q via shard_map pipeline (open-spin, charge γ̃^0=I)
  Computing C_q via shard_map pipeline (open-spin, charge γ̃^0=I)
  Computing C_q via shard_map pipeline (open-spin, charge γ̃^0=I)
  Computing C_q via shard_map pipeline (open-spin, charge γ̃^0=I)
  Computing L_q = chol(C_q)  [PSD, charge channel, path=cusolvermp_cholesky]
  Computing L_q = chol(C_q)  [PSD, charge channel, path=cusolvermp_cholesky]
  Computing L_q = chol(C_q)  [PSD, charge channel, path=cusolvermp_cholesky]
  Computing L_q = chol(C_q)  [PSD, charge channel, path=cusolvermp_cholesky]
  Computing L_q = chol(C_q)  [PSD, charge channel, path=cusolvermp_cholesky]
  Computing L_q = chol(C_q)  [PSD, charge channel, path=cusolvermp_cholesky]
  Computing L_q = chol(C_q)  [PSD, charge channel, path=cusolvermp_cholesky]
  Computing L_q = chol(C_q)  [PSD, charge channel, path=cusolvermp_cholesky]
  Computing L_q = chol(C_q)  [PSD, charge channel, path=cusolvermp_cholesky]
  Computing L_q = chol(C_q)  [PSD, charge channel, path=cusolvermp_cholesky]
  Computing L_q = chol(C_q)  [PSD, charge channel, path=cusolvermp_cholesky]
  Computing L_q = chol(C_q)  [PSD, charge channel, path=cusolvermp_cholesky]
  Computing L_q = chol(C_q)  [PSD, charge channel, path=cusolvermp_cholesky]
  Computing L_q = chol(C_q)  [PSD, charge channel, path=cusolvermp_cholesky]
  Computing L_q = chol(C_q)  [PSD, charge channel, path=cusolvermp_cholesky]
[lorrax cusolverMp] library 0.7.2, NCCL 2.26.3, comm path: NCCL, grid: 4x4 (row-major)
  L_q: (36, 1520, 1520)
  L_q: (36, 1520, 1520)
  L_q: (36, 1520, 1520)
  L_q: (36, 1520, 1520)
  L_q: (36, 1520, 1520)
  L_q: (36, 1520, 1520)
  L_q: (36, 1520, 1520)
  L_q: (36, 1520, 1520)
  L_q: (36, 1520, 1520)
  L_q: (36, 1520, 1520)
  L_q: (36, 1520, 1520)
  L_q: (36, 1520, 1520)
  L_q: (36, 1520, 1520)
  L_q: (36, 1520, 1520)
  L_q: (36, 1520, 1520)
  L_q: (36, 1520, 1520)
  q axis on disk: full BZ (36 q-points) (write_ibz_only=False or closure check failed)
  q axis on disk: full BZ (36 q-points) (write_ibz_only=False or closure check failed)
  q axis on disk: full BZ (36 q-points) (write_ibz_only=False or closure check failed)
  q axis on disk: full BZ (36 q-points) (write_ibz_only=False or closure check failed)
  q axis on disk: full BZ (36 q-points) (write_ibz_only=False or closure check failed)
  q axis on disk: full BZ (36 q-points) (write_ibz_only=False or closure check failed)
  q axis on disk: full BZ (36 q-points) (write_ibz_only=False or closure check failed)
  q axis on disk: full BZ (36 q-points) (write_ibz_only=False or closure check failed)
  q axis on disk: full BZ (36 q-points) (write_ibz_only=False or closure check failed)
  q axis on disk: full BZ (36 q-points) (write_ibz_only=False or closure check failed)
  q axis on disk: full BZ (36 q-points) (write_ibz_only=False or closure check failed)
  q axis on disk: full BZ (36 q-points) (write_ibz_only=False or closure check failed)
  q axis on disk: full BZ (36 q-points) (write_ibz_only=False or closure check failed)
  q axis on disk: full BZ (36 q-points) (write_ibz_only=False or closure check failed)
  q axis on disk: full BZ (36 q-points) (write_ibz_only=False or closure check failed)
  q axis on disk: full BZ (36 q-points) (write_ibz_only=False or closure check failed)
  G-flat ζ sphere: ngkmax=59990, min ngk=59826, max ngk=59990 (5.332% of n_rtot)
/global/homes/j/jackm/software/lorrax_B/src/file_io/_slab_io_ffi.py:453: UserWarning: FFI backend: chunks/attrs on create_dataset currently no-op; pre-create with h5py if you need explicit chunking or attrs.
  warnings.warn(
/global/homes/j/jackm/software/lorrax_B/src/file_io/_slab_io_ffi.py:453: UserWarning: FFI backend: chunks/attrs on create_dataset currently no-op; pre-create with h5py if you need explicit chunking or attrs.
  warnings.warn(
/global/homes/j/jackm/software/lorrax_B/src/file_io/_slab_io_ffi.py:453: UserWarning: FFI backend: chunks/attrs on create_dataset currently no-op; pre-create with h5py if you need explicit chunking or attrs.
  warnings.warn(
/global/homes/j/jackm/software/lorrax_B/src/file_io/_slab_io_ffi.py:453: UserWarning: FFI backend: chunks/attrs on create_dataset currently no-op; pre-create with h5py if you need explicit chunking or attrs.
  warnings.warn(
/global/homes/j/jackm/software/lorrax_B/src/file_io/_slab_io_ffi.py:453: UserWarning: FFI backend: chunks/attrs on create_dataset currently no-op; pre-create with h5py if you need explicit chunking or attrs.
  warnings.warn(
/global/homes/j/jackm/software/lorrax_B/src/file_io/_slab_io_ffi.py:453: UserWarning: FFI backend: chunks/attrs on create_dataset currently no-op; pre-create with h5py if you need explicit chunking or attrs.
  warnings.warn(
/global/homes/j/jackm/software/lorrax_B/src/file_io/_slab_io_ffi.py:453: UserWarning: FFI backend: chunks/attrs on create_dataset currently no-op; pre-create with h5py if you need explicit chunking or attrs.
  warnings.warn(
/global/homes/j/jackm/software/lorrax_B/src/file_io/_slab_io_ffi.py:453: UserWarning: FFI backend: chunks/attrs on create_dataset currently no-op; pre-create with h5py if you need explicit chunking or attrs.
  warnings.warn(
/global/homes/j/jackm/software/lorrax_B/src/file_io/_slab_io_ffi.py:453: UserWarning: FFI backend: chunks/attrs on create_dataset currently no-op; pre-create with h5py if you need explicit chunking or attrs.
  warnings.warn(
/global/homes/j/jackm/software/lorrax_B/src/file_io/_slab_io_ffi.py:453: UserWarning: FFI backend: chunks/attrs on create_dataset currently no-op; pre-create with h5py if you need explicit chunking or attrs.
  warnings.warn(
/global/homes/j/jackm/software/lorrax_B/src/file_io/_slab_io_ffi.py:453: UserWarning: FFI backend: chunks/attrs on create_dataset currently no-op; pre-create with h5py if you need explicit chunking or attrs.
  warnings.warn(
/global/homes/j/jackm/software/lorrax_B/src/file_io/_slab_io_ffi.py:453: UserWarning: FFI backend: chunks/attrs on create_dataset currently no-op; pre-create with h5py if you need explicit chunking or attrs.
  warnings.warn(
/global/homes/j/jackm/software/lorrax_B/src/file_io/_slab_io_ffi.py:453: UserWarning: FFI backend: chunks/attrs on create_dataset currently no-op; pre-create with h5py if you need explicit chunking or attrs.
  warnings.warn(
/global/homes/j/jackm/software/lorrax_B/src/file_io/_slab_io_ffi.py:453: UserWarning: FFI backend: chunks/attrs on create_dataset currently no-op; pre-create with h5py if you need explicit chunking or attrs.
  warnings.warn(
/global/homes/j/jackm/software/lorrax_B/src/file_io/_slab_io_ffi.py:453: UserWarning: FFI backend: chunks/attrs on create_dataset currently no-op; pre-create with h5py if you need explicit chunking or attrs.
  warnings.warn(
/global/homes/j/jackm/software/lorrax_B/src/file_io/_slab_io_ffi.py:453: UserWarning: FFI backend: chunks/attrs on create_dataset currently no-op; pre-create with h5py if you need explicit chunking or attrs.
  warnings.warn(
  ψ(G-flat) host cache: 1.38 GB/process resident
  G-flat ζ accumulator: N=3420 rows/rank (n_q=36 × n_mu_local=95); chunk_size=100 → per-iter FFT box 1.80 GB/rank
[mem_probe pre_rchunk_loop] in_use=-0.00 GB  peak=-0.00 GB  live_count=67 live_total=58.72 GB
[mem_probe pre_rchunk_loop]   complex128 (36, 1520, 59990) x 1 = 52.52 GB
[mem_probe pre_rchunk_loop]   complex128 (36, 1520, 1520) x 1 = 1.33 GB
[mem_probe pre_rchunk_loop]   complex128 (36, 1520, 160, 4) x 2 = 1.12 GB
[mem_probe pre_rchunk_loop]   complex128 (36, 160, 4, 1520) x 2 = 1.12 GB
[mem_probe pre_rchunk_loop]   complex128 (36, 1520, 150, 4) x 2 = 1.05 GB
[mem_probe pre_rchunk_loop]   complex128 (36, 150, 4, 1520) x 2 = 1.05 GB
[mem_probe pre_rchunk_loop]   int32 (36, 75, 75, 200) x 3 = 0.49 GB
[mem_probe pre_rchunk_loop]   complex128 (36, 59990) x 1 = 0.03 GB
[mem_probe pre_rchunk_loop]   complex128 (36, 1508) x 6 = 0.01 GB
[mem_probe pre_rchunk_loop]   int32 (1508, 3) x 2 = 0.00 GB
[mem_probe rchunk_start chunk=0] in_use=-0.00 GB  peak=-0.00 GB  live_count=67 live_total=58.72 GB
[mem_probe rchunk_start chunk=0]   complex128 (36, 1520, 59990) x 1 = 52.52 GB
[mem_probe rchunk_start chunk=0]   complex128 (36, 1520, 1520) x 1 = 1.33 GB
[mem_probe rchunk_start chunk=0]   complex128 (36, 1520, 160, 4) x 2 = 1.12 GB
[mem_probe rchunk_start chunk=0]   complex128 (36, 160, 4, 1520) x 2 = 1.12 GB
[mem_probe rchunk_start chunk=0]   complex128 (36, 1520, 150, 4) x 2 = 1.05 GB
[mem_probe rchunk_start chunk=0]   complex128 (36, 150, 4, 1520) x 2 = 1.05 GB
[mem_probe rchunk_start chunk=0]   int32 (36, 75, 75, 200) x 3 = 0.49 GB
[mem_probe rchunk_start chunk=0]   complex128 (36, 59990) x 1 = 0.03 GB
[mem_probe rchunk_start chunk=0]   complex128 (36, 1508) x 6 = 0.01 GB
[mem_probe rchunk_start chunk=0]   int32 (1508, 3) x 2 = 0.00 GB
2026-05-17 15:50:20.083527: W external/xla/xla/hlo/transforms/simplifiers/hlo_rematerialization.cc:3021] Can't reduce memory use below 58.66GiB (62982767499 bytes) by rematerialization; only reduced to 61.37GiB (65895137280 bytes), down from 61.37GiB (65895137280 bytes) originally
2026-05-17 15:50:20.421127: W external/xla/xla/hlo/transforms/simplifiers/hlo_rematerialization.cc:3021] Can't reduce memory use below 58.66GiB (62982767499 bytes) by rematerialization; only reduced to 61.37GiB (65895137280 bytes), down from 61.37GiB (65895137280 bytes) originally
2026-05-17 15:50:20.422213: W external/xla/xla/hlo/transforms/simplifiers/hlo_rematerialization.cc:3021] Can't reduce memory use below 58.66GiB (62982767499 bytes) by rematerialization; only reduced to 61.37GiB (65895137280 bytes), down from 61.37GiB (65895137280 bytes) originally
2026-05-17 15:50:20.422338: W external/xla/xla/hlo/transforms/simplifiers/hlo_rematerialization.cc:3021] Can't reduce memory use below 58.66GiB (62982767499 bytes) by rematerialization; only reduced to 61.37GiB (65895137280 bytes), down from 61.37GiB (65895137280 bytes) originally
2026-05-17 15:50:20.422394: W external/xla/xla/hlo/transforms/simplifiers/hlo_rematerialization.cc:3021] Can't reduce memory use below 58.66GiB (62982767499 bytes) by rematerialization; only reduced to 61.37GiB (65895137280 bytes), down from 61.37GiB (65895137280 bytes) originally
2026-05-17 15:50:20.422684: W external/xla/xla/hlo/transforms/simplifiers/hlo_rematerialization.cc:3021] Can't reduce memory use below 58.66GiB (62982767499 bytes) by rematerialization; only reduced to 61.37GiB (65895137280 bytes), down from 61.37GiB (65895137280 bytes) originally
2026-05-17 15:50:20.423171: W external/xla/xla/hlo/transforms/simplifiers/hlo_rematerialization.cc:3021] Can't reduce memory use below 58.66GiB (62982767499 bytes) by rematerialization; only reduced to 61.37GiB (65895137280 bytes), down from 61.37GiB (65895137280 bytes) originally
2026-05-17 15:50:20.423606: W external/xla/xla/hlo/transforms/simplifiers/hlo_rematerialization.cc:3021] Can't reduce memory use below 58.66GiB (62982767499 bytes) by rematerialization; only reduced to 61.37GiB (65895137280 bytes), down from 61.37GiB (65895137280 bytes) originally
2026-05-17 15:50:20.424666: W external/xla/xla/hlo/transforms/simplifiers/hlo_rematerialization.cc:3021] Can't reduce memory use below 58.66GiB (62982767499 bytes) by rematerialization; only reduced to 61.37GiB (65895137280 bytes), down from 61.37GiB (65895137280 bytes) originally
2026-05-17 15:50:20.427109: W external/xla/xla/hlo/transforms/simplifiers/hlo_rematerialization.cc:3021] Can't reduce memory use below 58.66GiB (62982767499 bytes) by rematerialization; only reduced to 61.37GiB (65895137280 bytes), down from 61.37GiB (65895137280 bytes) originally
2026-05-17 15:50:20.427587: W external/xla/xla/hlo/transforms/simplifiers/hlo_rematerialization.cc:3021] Can't reduce memory use below 58.66GiB (62982767499 bytes) by rematerialization; only reduced to 61.37GiB (65895137280 bytes), down from 61.37GiB (65895137280 bytes) originally
2026-05-17 15:50:20.429149: W external/xla/xla/hlo/transforms/simplifiers/hlo_rematerialization.cc:3021] Can't reduce memory use below 58.66GiB (62982767499 bytes) by rematerialization; only reduced to 61.37GiB (65895137280 bytes), down from 61.37GiB (65895137280 bytes) originally
2026-05-17 15:50:20.429591: W external/xla/xla/hlo/transforms/simplifiers/hlo_rematerialization.cc:3021] Can't reduce memory use below 58.66GiB (62982767499 bytes) by rematerialization; only reduced to 61.37GiB (65895137280 bytes), down from 61.37GiB (65895137280 bytes) originally
2026-05-17 15:50:20.429942: W external/xla/xla/hlo/transforms/simplifiers/hlo_rematerialization.cc:3021] Can't reduce memory use below 58.66GiB (62982767499 bytes) by rematerialization; only reduced to 61.37GiB (65895137280 bytes), down from 61.37GiB (65895137280 bytes) originally
2026-05-17 15:50:20.430798: W external/xla/xla/hlo/transforms/simplifiers/hlo_rematerialization.cc:3021] Can't reduce memory use below 58.66GiB (62982767499 bytes) by rematerialization; only reduced to 61.37GiB (65895137280 bytes), down from 61.37GiB (65895137280 bytes) originally
2026-05-17 15:50:20.431773: W external/xla/xla/hlo/transforms/simplifiers/hlo_rematerialization.cc:3021] Can't reduce memory use below 58.66GiB (62982767499 bytes) by rematerialization; only reduced to 61.37GiB (65895137280 bytes), down from 61.37GiB (65895137280 bytes) originally
[rchunk_dbg]   z_q_build=4536ms solve=27477ms
[mem_probe after_fit_one_rchunk chunk=0] in_use=-0.00 GB  peak=-0.00 GB  live_count=68 live_total=80.24 GB
[mem_probe after_fit_one_rchunk chunk=0]   complex128 (36, 1520, 59990) x 1 = 52.52 GB
[mem_probe after_fit_one_rchunk chunk=0]   complex128 (36, 1520, 24576) x 1 = 21.52 GB
[mem_probe after_fit_one_rchunk chunk=0]   complex128 (36, 1520, 1520) x 1 = 1.33 GB
[mem_probe after_fit_one_rchunk chunk=0]   complex128 (36, 1520, 160, 4) x 2 = 1.12 GB
[mem_probe after_fit_one_rchunk chunk=0]   complex128 (36, 160, 4, 1520) x 2 = 1.12 GB
[mem_probe after_fit_one_rchunk chunk=0]   complex128 (36, 1520, 150, 4) x 2 = 1.05 GB
[mem_probe after_fit_one_rchunk chunk=0]   complex128 (36, 150, 4, 1520) x 2 = 1.05 GB
[mem_probe after_fit_one_rchunk chunk=0]   int32 (36, 75, 75, 200) x 3 = 0.49 GB
[mem_probe after_fit_one_rchunk chunk=0]   complex128 (36, 59990) x 1 = 0.03 GB
[mem_probe after_fit_one_rchunk chunk=0]   complex128 (36, 1508) x 6 = 0.01 GB
[mem_probe after_accumulate chunk=0] in_use=-0.00 GB  peak=-0.00 GB  live_count=76 live_total=58.74 GB
[mem_probe after_accumulate chunk=0]   complex128 (36, 1520, 59990) x 1 = 52.52 GB
[mem_probe after_accumulate chunk=0]   complex128 (36, 1520, 1520) x 1 = 1.33 GB
[mem_probe after_accumulate chunk=0]   complex128 (36, 1520, 160, 4) x 2 = 1.12 GB
[mem_probe after_accumulate chunk=0]   complex128 (36, 160, 4, 1520) x 2 = 1.12 GB
[mem_probe after_accumulate chunk=0]   complex128 (36, 1520, 150, 4) x 2 = 1.05 GB
[mem_probe after_accumulate chunk=0]   complex128 (36, 150, 4, 1520) x 2 = 1.05 GB
[mem_probe after_accumulate chunk=0]   int32 (36, 75, 75, 200) x 3 = 0.49 GB
[mem_probe after_accumulate chunk=0]   complex128 (36, 59990) x 1 = 0.03 GB
[mem_probe after_accumulate chunk=0]   int32 (36, 59990) x 2 = 0.02 GB
[mem_probe after_accumulate chunk=0]   complex128 (36, 1508) x 6 = 0.01 GB
[rchunk_dbg] chunk=1/46 r=[0,24576) fit=32048ms write=1304ms total=33353ms
Started zeta fitting at 15:50:53.
[ 15:50:53 | ░░░░░░░░░░ |   2% ] r-chunk  1 / 46 · ETA 0 s
[mem_probe rchunk_start chunk=1] in_use=-0.00 GB  peak=-0.00 GB  live_count=76 live_total=58.74 GB
[mem_probe rchunk_start chunk=1]   complex128 (36, 1520, 59990) x 1 = 52.52 GB
[mem_probe rchunk_start chunk=1]   complex128 (36, 1520, 1520) x 1 = 1.33 GB
[mem_probe rchunk_start chunk=1]   complex128 (36, 1520, 160, 4) x 2 = 1.12 GB
[mem_probe rchunk_start chunk=1]   complex128 (36, 160, 4, 1520) x 2 = 1.12 GB
[mem_probe rchunk_start chunk=1]   complex128 (36, 1520, 150, 4) x 2 = 1.05 GB
[mem_probe rchunk_start chunk=1]   complex128 (36, 150, 4, 1520) x 2 = 1.05 GB
[mem_probe rchunk_start chunk=1]   int32 (36, 75, 75, 200) x 3 = 0.49 GB
[mem_probe rchunk_start chunk=1]   complex128 (36, 59990) x 1 = 0.03 GB
[mem_probe rchunk_start chunk=1]   int32 (36, 59990) x 2 = 0.02 GB
[mem_probe rchunk_start chunk=1]   complex128 (36, 1508) x 6 = 0.01 GB
[rchunk_dbg]   z_q_build=5620ms solve=16848ms
[mem_probe after_fit_one_rchunk chunk=1] in_use=-0.00 GB  peak=-0.00 GB  live_count=77 live_total=80.26 GB
[mem_probe after_fit_one_rchunk chunk=1]   complex128 (36, 1520, 59990) x 1 = 52.52 GB
[mem_probe after_fit_one_rchunk chunk=1]   complex128 (36, 1520, 24576) x 1 = 21.52 GB
[mem_probe after_fit_one_rchunk chunk=1]   complex128 (36, 1520, 1520) x 1 = 1.33 GB
[mem_probe after_fit_one_rchunk chunk=1]   complex128 (36, 1520, 160, 4) x 2 = 1.12 GB
[mem_probe after_fit_one_rchunk chunk=1]   complex128 (36, 160, 4, 1520) x 2 = 1.12 GB
[mem_probe after_fit_one_rchunk chunk=1]   complex128 (36, 1520, 150, 4) x 2 = 1.05 GB
[mem_probe after_fit_one_rchunk chunk=1]   complex128 (36, 150, 4, 1520) x 2 = 1.05 GB
[mem_probe after_fit_one_rchunk chunk=1]   int32 (36, 75, 75, 200) x 3 = 0.49 GB
[mem_probe after_fit_one_rchunk chunk=1]   complex128 (36, 59990) x 1 = 0.03 GB
[mem_probe after_fit_one_rchunk chunk=1]   int32 (36, 59990) x 2 = 0.02 GB
[mem_probe after_accumulate chunk=1] in_use=-0.00 GB  peak=-0.00 GB  live_count=76 live_total=58.74 GB
[mem_probe after_accumulate chunk=1]   complex128 (36, 1520, 59990) x 1 = 52.52 GB
[mem_probe after_accumulate chunk=1]   complex128 (36, 1520, 1520) x 1 = 1.33 GB
[mem_probe after_accumulate chunk=1]   complex128 (36, 1520, 160, 4) x 2 = 1.12 GB
[mem_probe after_accumulate chunk=1]   complex128 (36, 160, 4, 1520) x 2 = 1.12 GB
[mem_probe after_accumulate chunk=1]   complex128 (36, 1520, 150, 4) x 2 = 1.05 GB
[mem_probe after_accumulate chunk=1]   complex128 (36, 150, 4, 1520) x 2 = 1.05 GB
[mem_probe after_accumulate chunk=1]   int32 (36, 75, 75, 200) x 3 = 0.49 GB
[mem_probe after_accumulate chunk=1]   complex128 (36, 59990) x 1 = 0.03 GB
[mem_probe after_accumulate chunk=1]   int32 (36, 59990) x 2 = 0.02 GB
[mem_probe after_accumulate chunk=1]   complex128 (36, 1508) x 6 = 0.01 GB
[rchunk_dbg] chunk=2/46 r=[24576,49152) fit=22469ms write=581ms total=23050ms
[mem_probe rchunk_start chunk=2] in_use=-0.00 GB  peak=-0.00 GB  live_count=76 live_total=58.74 GB
[mem_probe rchunk_start chunk=2]   complex128 (36, 1520, 59990) x 1 = 52.52 GB
[mem_probe rchunk_start chunk=2]   complex128 (36, 1520, 1520) x 1 = 1.33 GB
[mem_probe rchunk_start chunk=2]   complex128 (36, 1520, 160, 4) x 2 = 1.12 GB
[mem_probe rchunk_start chunk=2]   complex128 (36, 160, 4, 1520) x 2 = 1.12 GB
[mem_probe rchunk_start chunk=2]   complex128 (36, 1520, 150, 4) x 2 = 1.05 GB
[mem_probe rchunk_start chunk=2]   complex128 (36, 150, 4, 1520) x 2 = 1.05 GB
[mem_probe rchunk_start chunk=2]   int32 (36, 75, 75, 200) x 3 = 0.49 GB
[mem_probe rchunk_start chunk=2]   complex128 (36, 59990) x 1 = 0.03 GB
[mem_probe rchunk_start chunk=2]   int32 (36, 59990) x 2 = 0.02 GB
[mem_probe rchunk_start chunk=2]   complex128 (36, 1508) x 6 = 0.01 GB
[rchunk_dbg]   z_q_build=4970ms solve=16834ms
[mem_probe after_fit_one_rchunk chunk=2] in_use=-0.00 GB  peak=-0.00 GB  live_count=77 live_total=80.26 GB
[mem_probe after_fit_one_rchunk chunk=2]   complex128 (36, 1520, 59990) x 1 = 52.52 GB
[mem_probe after_fit_one_rchunk chunk=2]   complex128 (36, 1520, 24576) x 1 = 21.52 GB
[mem_probe after_fit_one_rchunk chunk=2]   complex128 (36, 1520, 1520) x 1 = 1.33 GB
[mem_probe after_fit_one_rchunk chunk=2]   complex128 (36, 1520, 160, 4) x 2 = 1.12 GB
[mem_probe after_fit_one_rchunk chunk=2]   complex128 (36, 160, 4, 1520) x 2 = 1.12 GB
[mem_probe after_fit_one_rchunk chunk=2]   complex128 (36, 1520, 150, 4) x 2 = 1.05 GB
[mem_probe after_fit_one_rchunk chunk=2]   complex128 (36, 150, 4, 1520) x 2 = 1.05 GB
[mem_probe after_fit_one_rchunk chunk=2]   int32 (36, 75, 75, 200) x 3 = 0.49 GB
[mem_probe after_fit_one_rchunk chunk=2]   complex128 (36, 59990) x 1 = 0.03 GB
[mem_probe after_fit_one_rchunk chunk=2]   int32 (36, 59990) x 2 = 0.02 GB
[mem_probe after_accumulate chunk=2] in_use=-0.00 GB  peak=-0.00 GB  live_count=76 live_total=58.74 GB
[mem_probe after_accumulate chunk=2]   complex128 (36, 1520, 59990) x 1 = 52.52 GB
[mem_probe after_accumulate chunk=2]   complex128 (36, 1520, 1520) x 1 = 1.33 GB
[mem_probe after_accumulate chunk=2]   complex128 (36, 1520, 160, 4) x 2 = 1.12 GB
[mem_probe after_accumulate chunk=2]   complex128 (36, 160, 4, 1520) x 2 = 1.12 GB
[mem_probe after_accumulate chunk=2]   complex128 (36, 1520, 150, 4) x 2 = 1.05 GB
[mem_probe after_accumulate chunk=2]   complex128 (36, 150, 4, 1520) x 2 = 1.05 GB
[mem_probe after_accumulate chunk=2]   int32 (36, 75, 75, 200) x 3 = 0.49 GB
[mem_probe after_accumulate chunk=2]   complex128 (36, 59990) x 1 = 0.03 GB
[mem_probe after_accumulate chunk=2]   int32 (36, 59990) x 2 = 0.02 GB
[mem_probe after_accumulate chunk=2]   complex128 (36, 1508) x 6 = 0.01 GB
[rchunk_dbg] chunk=3/46 r=[49152,73728) fit=21805ms write=591ms total=22396ms
[ 15:51:38 | █░░░░░░░░░ |   7% ] r-chunk  3 / 46 · ETA 651 s
[rchunk_dbg] LORRAX_MAX_RCHUNKS=3 reached after chunk 3; breaking r-chunk loop for profiling.
Finished zeta fitting at 15:51:38.  Elapsed: 45 s.
  [SlabIO.close] draining 1 pending writes for zeta_q.h5 …
  [SlabIO.close] Python dispatch drained in 12.2 s; joining writer thread
  [SlabIO.close] writer thread joined in 0.0 s; calling H5Fclose collectively
  [SlabIO.close] H5Fclose returned in 2.4 s
  Zeta output: /pscratch/sd/j/jackm/lorrax_sandbox/runs/CrI3/M_6x6_80Ry_2026-05-07/0X_lorrax_bispinor_fullbz_16gpu_2026-05-16/v3_sb/tmp/zeta_q.h5  shape: (n_q_disk=36 of 6·6·1=36 full-BZ, n_rtot=1125000, n_rmu=1508)
  Timing (46 r-chunks, 78.9s total):
    fit     76.11s  96.5%
    H5       2.70s   3.4%
  Zeta output: /pscratch/sd/j/jackm/lorrax_sandbox/runs/CrI3/M_6x6_80Ry_2026-05-07/0X_lorrax_bispinor_fullbz_16gpu_2026-05-16/v3_sb/tmp/zeta_q.h5  shape: (n_q_disk=36 of 6·6·1=36 full-BZ, n_rtot=1125000, n_rmu=1508)
  Timing (46 r-chunks, 78.9s total):
    fit     73.10s  92.7%
    H5       5.71s   7.2%
  Zeta output: /pscratch/sd/j/jackm/lorrax_sandbox/runs/CrI3/M_6x6_80Ry_2026-05-07/0X_lorrax_bispinor_fullbz_16gpu_2026-05-16/v3_sb/tmp/zeta_q.h5  shape: (n_q_disk=36 of 6·6·1=36 full-BZ, n_rtot=1125000, n_rmu=1508)
  Timing (46 r-chunks, 78.9s total):
    fit     74.65s  94.6%
    H5       4.17s   5.3%
  Zeta output: /pscratch/sd/j/jackm/lorrax_sandbox/runs/CrI3/M_6x6_80Ry_2026-05-07/0X_lorrax_bispinor_fullbz_16gpu_2026-05-16/v3_sb/tmp/zeta_q.h5  shape: (n_q_disk=36 of 6·6·1=36 full-BZ, n_rtot=1125000, n_rmu=1508)
  Timing (46 r-chunks, 78.9s total):
    fit     76.07s  96.5%
    H5       2.73s   3.5%
  Zeta output: /pscratch/sd/j/jackm/lorrax_sandbox/runs/CrI3/M_6x6_80Ry_2026-05-07/0X_lorrax_bispinor_fullbz_16gpu_2026-05-16/v3_sb/tmp/zeta_q.h5  shape: (n_q_disk=36 of 6·6·1=36 full-BZ, n_rtot=1125000, n_rmu=1508)
  Timing (46 r-chunks, 78.9s total):
    fit     76.09s  96.5%
    H5       2.73s   3.5%
  Zeta output: /pscratch/sd/j/jackm/lorrax_sandbox/runs/CrI3/M_6x6_80Ry_2026-05-07/0X_lorrax_bispinor_fullbz_16gpu_2026-05-16/v3_sb/tmp/zeta_q.h5  shape: (n_q_disk=36 of 6·6·1=36 full-BZ, n_rtot=1125000, n_rmu=1508)
  Zeta output: /pscratch/sd/j/jackm/lorrax_sandbox/runs/CrI3/M_6x6_80Ry_2026-05-07/0X_lorrax_bispinor_fullbz_16gpu_2026-05-16/v3_sb/tmp/zeta_q.h5  shape: (n_q_disk=36 of 6·6·1=36 full-BZ, n_rtot=1125000, n_rmu=1508)
  Timing (46 r-chunks, 78.9s total):
    fit     76.05s  96.4%
    H5       2.77s   3.5%
  Timing (46 r-chunks, 78.9s total):
    fit     76.06s  96.4%
    H5       2.76s   3.5%
  Zeta output: /pscratch/sd/j/jackm/lorrax_sandbox/runs/CrI3/M_6x6_80Ry_2026-05-07/0X_lorrax_bispinor_fullbz_16gpu_2026-05-16/v3_sb/tmp/zeta_q.h5  shape: (n_q_disk=36 of 6·6·1=36 full-BZ, n_rtot=1125000, n_rmu=1508)
  Timing (46 r-chunks, 78.8s total):
    fit     75.96s  96.3%
    H5       2.83s   3.6%
  Zeta output: /pscratch/sd/j/jackm/lorrax_sandbox/runs/CrI3/M_6x6_80Ry_2026-05-07/0X_lorrax_bispinor_fullbz_16gpu_2026-05-16/v3_sb/tmp/zeta_q.h5  shape: (n_q_disk=36 of 6·6·1=36 full-BZ, n_rtot=1125000, n_rmu=1508)
  Timing (46 r-chunks, 78.9s total):
    fit     74.67s  94.7%
    H5       4.12s   5.2%
  Zeta output: /pscratch/sd/j/jackm/lorrax_sandbox/runs/CrI3/M_6x6_80Ry_2026-05-07/0X_lorrax_bispinor_fullbz_16gpu_2026-05-16/v3_sb/tmp/zeta_q.h5  shape: (n_q_disk=36 of 6·6·1=36 full-BZ, n_rtot=1125000, n_rmu=1508)
  Zeta output: /pscratch/sd/j/jackm/lorrax_sandbox/runs/CrI3/M_6x6_80Ry_2026-05-07/0X_lorrax_bispinor_fullbz_16gpu_2026-05-16/v3_sb/tmp/zeta_q.h5  shape: (n_q_disk=36 of 6·6·1=36 full-BZ, n_rtot=1125000, n_rmu=1508)
  Timing (46 r-chunks, 78.8s total):
    fit     74.69s  94.7%
    H5       4.10s   5.2%
  Timing (46 r-chunks, 78.9s total):
    fit     75.97s  96.3%
    H5       2.83s   3.6%
  Zeta output: /pscratch/sd/j/jackm/lorrax_sandbox/runs/CrI3/M_6x6_80Ry_2026-05-07/0X_lorrax_bispinor_fullbz_16gpu_2026-05-16/v3_sb/tmp/zeta_q.h5  shape: (n_q_disk=36 of 6·6·1=36 full-BZ, n_rtot=1125000, n_rmu=1508)
  Timing (46 r-chunks, 78.9s total):
  Zeta output: /pscratch/sd/j/jackm/lorrax_sandbox/runs/CrI3/M_6x6_80Ry_2026-05-07/0X_lorrax_bispinor_fullbz_16gpu_2026-05-16/v3_sb/tmp/zeta_q.h5  shape: (n_q_disk=36 of 6·6·1=36 full-BZ, n_rtot=1125000, n_rmu=1508)
  Zeta output: /pscratch/sd/j/jackm/lorrax_sandbox/runs/CrI3/M_6x6_80Ry_2026-05-07/0X_lorrax_bispinor_fullbz_16gpu_2026-05-16/v3_sb/tmp/zeta_q.h5  shape: (n_q_disk=36 of 6·6·1=36 full-BZ, n_rtot=1125000, n_rmu=1508)
  Timing (46 r-chunks, 78.9s total):
    fit     76.05s  96.4%
    H5       2.79s   3.5%
    fit     74.68s  94.7%
    H5       4.13s   5.2%
  Timing (46 r-chunks, 78.9s total):
    fit     75.95s  96.3%
    H5       2.84s   3.6%
  Zeta output: /pscratch/sd/j/jackm/lorrax_sandbox/runs/CrI3/M_6x6_80Ry_2026-05-07/0X_lorrax_bispinor_fullbz_16gpu_2026-05-16/v3_sb/tmp/zeta_q.h5  shape: (n_q_disk=36 of 6·6·1=36 full-BZ, n_rtot=1125000, n_rmu=1508)
  Timing (46 r-chunks, 78.9s total):
    fit     75.97s  96.3%
    H5       2.83s   3.6%
  Zeta output: /pscratch/sd/j/jackm/lorrax_sandbox/runs/CrI3/M_6x6_80Ry_2026-05-07/0X_lorrax_bispinor_fullbz_16gpu_2026-05-16/v3_sb/tmp/zeta_q.h5  shape: (n_q_disk=36 of 6·6·1=36 full-BZ, n_rtot=1125000, n_rmu=1508)
  Timing (46 r-chunks, 78.9s total):
    fit     76.32s  96.8%
    H5       2.48s   3.1%
[mem_probe zeta_fit_end] in_use=-0.00 GB  peak=-0.00 GB  live_count=78 live_total=6.22 GB
[mem_probe zeta_fit_end]   complex128 (36, 1520, 1520) x 1 = 1.33 GB
[mem_probe zeta_fit_end]   complex128 (36, 1520, 160, 4) x 2 = 1.12 GB
[mem_probe zeta_fit_end]   complex128 (36, 160, 4, 1520) x 2 = 1.12 GB
[mem_probe zeta_fit_end]   complex128 (36, 1520, 150, 4) x 2 = 1.05 GB
[mem_probe zeta_fit_end]   complex128 (36, 150, 4, 1520) x 2 = 1.05 GB
[mem_probe zeta_fit_end]   int32 (36, 75, 75, 200) x 3 = 0.49 GB
[mem_probe zeta_fit_end]   complex128 (36, 59990) x 1 = 0.03 GB
[mem_probe zeta_fit_end]   int32 (36, 59990) x 2 = 0.02 GB
[mem_probe zeta_fit_end]   complex128 (36, 1508) x 6 = 0.01 GB
[mem_probe zeta_fit_end]   bool (36, 1, 59990) x 1 = 0.00 GB
    GPU high-water mark: 7.45 GB / 70.00 GB budget (11%)
    γ (runtime / AOT-pred) = 0.960  (AOT predicted 7.76 GB)

  [bispinor] fitting ζ^{μ_L=1,2,3} on current-density centroids: centroids_frac_1504_current.txt
  [bispinor] μ_L=1 → /pscratch/sd/j/jackm/lorrax_sandbox/runs/CrI3/M_6x6_80Ry_2026-05-07/0X_lorrax_bispinor_fullbz_16gpu_2026-05-16/v3_sb/tmp/zeta_q_mu1.h5
[mem_probe zeta_fit_start] in_use=-0.00 GB  peak=-0.00 GB  live_count=79 live_total=3.10 GB
[mem_probe zeta_fit_start]   int32 (36, 75, 75, 200) x 5 = 0.81 GB
[mem_probe zeta_fit_start]   complex128 (36, 1520, 160, 4) x 1 = 0.56 GB
[mem_probe zeta_fit_start]   complex128 (36, 160, 4, 1520) x 1 = 0.56 GB
[mem_probe zeta_fit_start]   complex128 (36, 1504, 160, 4) x 1 = 0.55 GB
[mem_probe zeta_fit_start]   complex128 (36, 160, 4, 1504) x 1 = 0.55 GB
[mem_probe zeta_fit_start]   complex128 (36, 59990) x 1 = 0.03 GB
[mem_probe zeta_fit_start]   int32 (36, 59990) x 2 = 0.02 GB
[mem_probe zeta_fit_start]   complex128 (36, 1508) x 6 = 0.01 GB
[mem_probe zeta_fit_start]   complex128 (36, 1504) x 6 = 0.01 GB
[mem_probe zeta_fit_start]   complex128 (36, 200) x 2 = 0.00 GB

  Zeta fitting: 46 r-chunks x 24576 r-points, 160 bands (150 left + 160 right)
  Output: /pscratch/sd/j/jackm/lorrax_sandbox/runs/CrI3/M_6x6_80Ry_2026-05-07/0X_lorrax_bispinor_fullbz_16gpu_2026-05-16/v3_sb/tmp/zeta_q_mu1.h5
  Left wfns:  (36, 150, 4, 1504)
  Right wfns: (36, 160, 4, 1504)
  Computing C_q via shard_map pipeline (open-spin, transverse γ̃^1)
  Pass through C_q  [γ̃^1 indefinite — path=cusolvermp_lu]
  L_q: (36, 1504, 1504)

  Zeta fitting: 46 r-chunks x 24576 r-points, 160 bands (150 left + 160 right)
  Output: /pscratch/sd/j/jackm/lorrax_sandbox/runs/CrI3/M_6x6_80Ry_2026-05-07/0X_lorrax_bispinor_fullbz_16gpu_2026-05-16/v3_sb/tmp/zeta_q_mu1.h5

  Zeta fitting: 46 r-chunks x 24576 r-points, 160 bands (150 left + 160 right)
  Output: /pscratch/sd/j/jackm/lorrax_sandbox/runs/CrI3/M_6x6_80Ry_2026-05-07/0X_lorrax_bispinor_fullbz_16gpu_2026-05-16/v3_sb/tmp/zeta_q_mu1.h5

  Zeta fitting: 46 r-chunks x 24576 r-points, 160 bands (150 left + 160 right)
  Output: /pscratch/sd/j/jackm/lorrax_sandbox/runs/CrI3/M_6x6_80Ry_2026-05-07/0X_lorrax_bispinor_fullbz_16gpu_2026-05-16/v3_sb/tmp/zeta_q_mu1.h5

  Zeta fitting: 46 r-chunks x 24576 r-points, 160 bands (150 left + 160 right)
  Output: /pscratch/sd/j/jackm/lorrax_sandbox/runs/CrI3/M_6x6_80Ry_2026-05-07/0X_lorrax_bispinor_fullbz_16gpu_2026-05-16/v3_sb/tmp/zeta_q_mu1.h5

  Zeta fitting: 46 r-chunks x 24576 r-points, 160 bands (150 left + 160 right)
  Output: /pscratch/sd/j/jackm/lorrax_sandbox/runs/CrI3/M_6x6_80Ry_2026-05-07/0X_lorrax_bispinor_fullbz_16gpu_2026-05-16/v3_sb/tmp/zeta_q_mu1.h5

  Zeta fitting: 46 r-chunks x 24576 r-points, 160 bands (150 left + 160 right)
  Output: /pscratch/sd/j/jackm/lorrax_sandbox/runs/CrI3/M_6x6_80Ry_2026-05-07/0X_lorrax_bispinor_fullbz_16gpu_2026-05-16/v3_sb/tmp/zeta_q_mu1.h5

  Zeta fitting: 46 r-chunks x 24576 r-points, 160 bands (150 left + 160 right)
  Output: /pscratch/sd/j/jackm/lorrax_sandbox/runs/CrI3/M_6x6_80Ry_2026-05-07/0X_lorrax_bispinor_fullbz_16gpu_2026-05-16/v3_sb/tmp/zeta_q_mu1.h5

  Zeta fitting: 46 r-chunks x 24576 r-points, 160 bands (150 left + 160 right)
  Output: /pscratch/sd/j/jackm/lorrax_sandbox/runs/CrI3/M_6x6_80Ry_2026-05-07/0X_lorrax_bispinor_fullbz_16gpu_2026-05-16/v3_sb/tmp/zeta_q_mu1.h5

  Zeta fitting: 46 r-chunks x 24576 r-points, 160 bands (150 left + 160 right)
  Output: /pscratch/sd/j/jackm/lorrax_sandbox/runs/CrI3/M_6x6_80Ry_2026-05-07/0X_lorrax_bispinor_fullbz_16gpu_2026-05-16/v3_sb/tmp/zeta_q_mu1.h5

  Zeta fitting: 46 r-chunks x 24576 r-points, 160 bands (150 left + 160 right)
  Output: /pscratch/sd/j/jackm/lorrax_sandbox/runs/CrI3/M_6x6_80Ry_2026-05-07/0X_lorrax_bispinor_fullbz_16gpu_2026-05-16/v3_sb/tmp/zeta_q_mu1.h5
  Left wfns:  (36, 150, 4, 1504)
  Right wfns: (36, 160, 4, 1504)
  Left wfns:  (36, 150, 4, 1504)
  Right wfns: (36, 160, 4, 1504)

  Zeta fitting: 46 r-chunks x 24576 r-points, 160 bands (150 left + 160 right)
  Output: /pscratch/sd/j/jackm/lorrax_sandbox/runs/CrI3/M_6x6_80Ry_2026-05-07/0X_lorrax_bispinor_fullbz_16gpu_2026-05-16/v3_sb/tmp/zeta_q_mu1.h5

  Zeta fitting: 46 r-chunks x 24576 r-points, 160 bands (150 left + 160 right)
  Output: /pscratch/sd/j/jackm/lorrax_sandbox/runs/CrI3/M_6x6_80Ry_2026-05-07/0X_lorrax_bispinor_fullbz_16gpu_2026-05-16/v3_sb/tmp/zeta_q_mu1.h5

  Zeta fitting: 46 r-chunks x 24576 r-points, 160 bands (150 left + 160 right)
  Output: /pscratch/sd/j/jackm/lorrax_sandbox/runs/CrI3/M_6x6_80Ry_2026-05-07/0X_lorrax_bispinor_fullbz_16gpu_2026-05-16/v3_sb/tmp/zeta_q_mu1.h5

  Zeta fitting: 46 r-chunks x 24576 r-points, 160 bands (150 left + 160 right)
  Output: /pscratch/sd/j/jackm/lorrax_sandbox/runs/CrI3/M_6x6_80Ry_2026-05-07/0X_lorrax_bispinor_fullbz_16gpu_2026-05-16/v3_sb/tmp/zeta_q_mu1.h5

  Zeta fitting: 46 r-chunks x 24576 r-points, 160 bands (150 left + 160 right)
  Output: /pscratch/sd/j/jackm/lorrax_sandbox/runs/CrI3/M_6x6_80Ry_2026-05-07/0X_lorrax_bispinor_fullbz_16gpu_2026-05-16/v3_sb/tmp/zeta_q_mu1.h5
  Left wfns:  (36, 150, 4, 1504)
  Right wfns: (36, 160, 4, 1504)
  Left wfns:  (36, 150, 4, 1504)
  Right wfns: (36, 160, 4, 1504)
  Left wfns:  (36, 150, 4, 1504)
  Right wfns: (36, 160, 4, 1504)
  Left wfns:  (36, 150, 4, 1504)
  Right wfns: (36, 160, 4, 1504)
  Left wfns:  (36, 150, 4, 1504)
  Right wfns: (36, 160, 4, 1504)
  Left wfns:  (36, 150, 4, 1504)
  Right wfns: (36, 160, 4, 1504)
  Left wfns:  (36, 150, 4, 1504)
  Right wfns: (36, 160, 4, 1504)
  Left wfns:  (36, 150, 4, 1504)
  Right wfns: (36, 160, 4, 1504)
  Left wfns:  (36, 150, 4, 1504)
  Right wfns: (36, 160, 4, 1504)
  Left wfns:  (36, 150, 4, 1504)
  Right wfns: (36, 160, 4, 1504)
  Left wfns:  (36, 150, 4, 1504)
  Right wfns: (36, 160, 4, 1504)
  Left wfns:  (36, 150, 4, 1504)
  Right wfns: (36, 160, 4, 1504)
  Left wfns:  (36, 150, 4, 1504)
  Right wfns: (36, 160, 4, 1504)
  Computing C_q via shard_map pipeline (open-spin, transverse γ̃^1)
  Computing C_q via shard_map pipeline (open-spin, transverse γ̃^1)
  Computing C_q via shard_map pipeline (open-spin, transverse γ̃^1)
  Computing C_q via shard_map pipeline (open-spin, transverse γ̃^1)
  Computing C_q via shard_map pipeline (open-spin, transverse γ̃^1)
  Computing C_q via shard_map pipeline (open-spin, transverse γ̃^1)
  Computing C_q via shard_map pipeline (open-spin, transverse γ̃^1)
  Computing C_q via shard_map pipeline (open-spin, transverse γ̃^1)
  Computing C_q via shard_map pipeline (open-spin, transverse γ̃^1)
  Computing C_q via shard_map pipeline (open-spin, transverse γ̃^1)
  Computing C_q via shard_map pipeline (open-spin, transverse γ̃^1)
  Computing C_q via shard_map pipeline (open-spin, transverse γ̃^1)
  Computing C_q via shard_map pipeline (open-spin, transverse γ̃^1)
  Computing C_q via shard_map pipeline (open-spin, transverse γ̃^1)
  Computing C_q via shard_map pipeline (open-spin, transverse γ̃^1)
  Pass through C_q  [γ̃^1 indefinite — path=cusolvermp_lu]
  L_q: (36, 1504, 1504)
  Pass through C_q  [γ̃^1 indefinite — path=cusolvermp_lu]
  L_q: (36, 1504, 1504)
  Pass through C_q  [γ̃^1 indefinite — path=cusolvermp_lu]
  L_q: (36, 1504, 1504)
  Pass through C_q  [γ̃^1 indefinite — path=cusolvermp_lu]
  L_q: (36, 1504, 1504)
  Pass through C_q  [γ̃^1 indefinite — path=cusolvermp_lu]
  L_q: (36, 1504, 1504)
  Pass through C_q  [γ̃^1 indefinite — path=cusolvermp_lu]
  L_q: (36, 1504, 1504)
  Pass through C_q  [γ̃^1 indefinite — path=cusolvermp_lu]
  L_q: (36, 1504, 1504)
  Pass through C_q  [γ̃^1 indefinite — path=cusolvermp_lu]
  L_q: (36, 1504, 1504)
  Pass through C_q  [γ̃^1 indefinite — path=cusolvermp_lu]
  L_q: (36, 1504, 1504)
  Pass through C_q  [γ̃^1 indefinite — path=cusolvermp_lu]
  L_q: (36, 1504, 1504)
  Pass through C_q  [γ̃^1 indefinite — path=cusolvermp_lu]
  L_q: (36, 1504, 1504)
  Pass through C_q  [γ̃^1 indefinite — path=cusolvermp_lu]
  L_q: (36, 1504, 1504)
  Pass through C_q  [γ̃^1 indefinite — path=cusolvermp_lu]
  L_q: (36, 1504, 1504)
  Pass through C_q  [γ̃^1 indefinite — path=cusolvermp_lu]
  L_q: (36, 1504, 1504)
  Pass through C_q  [γ̃^1 indefinite — path=cusolvermp_lu]
  L_q: (36, 1504, 1504)
  q axis on disk: full BZ (36 q-points) (write_ibz_only=False or closure check failed)
  q axis on disk: full BZ (36 q-points) (write_ibz_only=False or closure check failed)
  q axis on disk: full BZ (36 q-points) (write_ibz_only=False or closure check failed)
  q axis on disk: full BZ (36 q-points) (write_ibz_only=False or closure check failed)
  q axis on disk: full BZ (36 q-points) (write_ibz_only=False or closure check failed)
  q axis on disk: full BZ (36 q-points) (write_ibz_only=False or closure check failed)
  q axis on disk: full BZ (36 q-points) (write_ibz_only=False or closure check failed)
  q axis on disk: full BZ (36 q-points) (write_ibz_only=False or closure check failed)
  q axis on disk: full BZ (36 q-points) (write_ibz_only=False or closure check failed)
  q axis on disk: full BZ (36 q-points) (write_ibz_only=False or closure check failed)
  q axis on disk: full BZ (36 q-points) (write_ibz_only=False or closure check failed)
  q axis on disk: full BZ (36 q-points) (write_ibz_only=False or closure check failed)
  q axis on disk: full BZ (36 q-points) (write_ibz_only=False or closure check failed)
  q axis on disk: full BZ (36 q-points) (write_ibz_only=False or closure check failed)
  q axis on disk: full BZ (36 q-points) (write_ibz_only=False or closure check failed)
  q axis on disk: full BZ (36 q-points) (write_ibz_only=False or closure check failed)
  G-flat ζ sphere: ngkmax=59990, min ngk=59826, max ngk=59990 (5.332% of n_rtot)
/global/homes/j/jackm/software/lorrax_B/src/file_io/_slab_io_ffi.py:453: UserWarning: FFI backend: chunks/attrs on create_dataset currently no-op; pre-create with h5py if you need explicit chunking or attrs.
  warnings.warn(
/global/homes/j/jackm/software/lorrax_B/src/file_io/_slab_io_ffi.py:453: UserWarning: FFI backend: chunks/attrs on create_dataset currently no-op; pre-create with h5py if you need explicit chunking or attrs.
  warnings.warn(
/global/homes/j/jackm/software/lorrax_B/src/file_io/_slab_io_ffi.py:453: UserWarning: FFI backend: chunks/attrs on create_dataset currently no-op; pre-create with h5py if you need explicit chunking or attrs.
  warnings.warn(
/global/homes/j/jackm/software/lorrax_B/src/file_io/_slab_io_ffi.py:453: UserWarning: FFI backend: chunks/attrs on create_dataset currently no-op; pre-create with h5py if you need explicit chunking or attrs.
  warnings.warn(
/global/homes/j/jackm/software/lorrax_B/src/file_io/_slab_io_ffi.py:453: UserWarning: FFI backend: chunks/attrs on create_dataset currently no-op; pre-create with h5py if you need explicit chunking or attrs.
  warnings.warn(
/global/homes/j/jackm/software/lorrax_B/src/file_io/_slab_io_ffi.py:453: UserWarning: FFI backend: chunks/attrs on create_dataset currently no-op; pre-create with h5py if you need explicit chunking or attrs.
  warnings.warn(
/global/homes/j/jackm/software/lorrax_B/src/file_io/_slab_io_ffi.py:453: UserWarning: FFI backend: chunks/attrs on create_dataset currently no-op; pre-create with h5py if you need explicit chunking or attrs.
  warnings.warn(
/global/homes/j/jackm/software/lorrax_B/src/file_io/_slab_io_ffi.py:453: UserWarning: FFI backend: chunks/attrs on create_dataset currently no-op; pre-create with h5py if you need explicit chunking or attrs.
  warnings.warn(
/global/homes/j/jackm/software/lorrax_B/src/file_io/_slab_io_ffi.py:453: UserWarning: FFI backend: chunks/attrs on create_dataset currently no-op; pre-create with h5py if you need explicit chunking or attrs.
  warnings.warn(
/global/homes/j/jackm/software/lorrax_B/src/file_io/_slab_io_ffi.py:453: UserWarning: FFI backend: chunks/attrs on create_dataset currently no-op; pre-create with h5py if you need explicit chunking or attrs.
  warnings.warn(
/global/homes/j/jackm/software/lorrax_B/src/file_io/_slab_io_ffi.py:453: UserWarning: FFI backend: chunks/attrs on create_dataset currently no-op; pre-create with h5py if you need explicit chunking or attrs.
  warnings.warn(
/global/homes/j/jackm/software/lorrax_B/src/file_io/_slab_io_ffi.py:453: UserWarning: FFI backend: chunks/attrs on create_dataset currently no-op; pre-create with h5py if you need explicit chunking or attrs.
  warnings.warn(
/global/homes/j/jackm/software/lorrax_B/src/file_io/_slab_io_ffi.py:453: UserWarning: FFI backend: chunks/attrs on create_dataset currently no-op; pre-create with h5py if you need explicit chunking or attrs.
  warnings.warn(
/global/homes/j/jackm/software/lorrax_B/src/file_io/_slab_io_ffi.py:453: UserWarning: FFI backend: chunks/attrs on create_dataset currently no-op; pre-create with h5py if you need explicit chunking or attrs.
  warnings.warn(
/global/homes/j/jackm/software/lorrax_B/src/file_io/_slab_io_ffi.py:453: UserWarning: FFI backend: chunks/attrs on create_dataset currently no-op; pre-create with h5py if you need explicit chunking or attrs.
  warnings.warn(
/global/homes/j/jackm/software/lorrax_B/src/file_io/_slab_io_ffi.py:453: UserWarning: FFI backend: chunks/attrs on create_dataset currently no-op; pre-create with h5py if you need explicit chunking or attrs.
  warnings.warn(
  ψ(G-flat) host cache: 1.38 GB/process resident
  G-flat ζ accumulator: N=3384 rows/rank (n_q=36 × n_mu_local=94); chunk_size=100 → per-iter FFT box 1.80 GB/rank
[mem_probe pre_rchunk_loop] in_use=-0.00 GB  peak=-0.00 GB  live_count=96 live_total=59.72 GB
[mem_probe pre_rchunk_loop]   complex128 (36, 1504, 59990) x 1 = 51.97 GB
[mem_probe pre_rchunk_loop]   complex128 (36, 1504, 1504) x 1 = 1.30 GB
[mem_probe pre_rchunk_loop]   complex128 (36, 1504, 160, 4) x 2 = 1.11 GB
[mem_probe pre_rchunk_loop]   complex128 (36, 160, 4, 1504) x 2 = 1.11 GB
[mem_probe pre_rchunk_loop]   complex128 (36, 1504, 150, 4) x 2 = 1.04 GB
[mem_probe pre_rchunk_loop]   complex128 (36, 150, 4, 1504) x 2 = 1.04 GB
[mem_probe pre_rchunk_loop]   int32 (36, 75, 75, 200) x 6 = 0.97 GB
[mem_probe pre_rchunk_loop]   complex128 (36, 1520, 160, 4) x 1 = 0.56 GB
[mem_probe pre_rchunk_loop]   complex128 (36, 160, 4, 1520) x 1 = 0.56 GB
[mem_probe pre_rchunk_loop]   complex128 (36, 59990) x 1 = 0.03 GB
[mem_probe rchunk_start chunk=0] in_use=-0.00 GB  peak=-0.00 GB  live_count=96 live_total=59.72 GB
[mem_probe rchunk_start chunk=0]   complex128 (36, 1504, 59990) x 1 = 51.97 GB
[mem_probe rchunk_start chunk=0]   complex128 (36, 1504, 1504) x 1 = 1.30 GB
[mem_probe rchunk_start chunk=0]   complex128 (36, 1504, 160, 4) x 2 = 1.11 GB
[mem_probe rchunk_start chunk=0]   complex128 (36, 160, 4, 1504) x 2 = 1.11 GB
[mem_probe rchunk_start chunk=0]   complex128 (36, 1504, 150, 4) x 2 = 1.04 GB
[mem_probe rchunk_start chunk=0]   complex128 (36, 150, 4, 1504) x 2 = 1.04 GB
[mem_probe rchunk_start chunk=0]   int32 (36, 75, 75, 200) x 6 = 0.97 GB
[mem_probe rchunk_start chunk=0]   complex128 (36, 1520, 160, 4) x 1 = 0.56 GB
[mem_probe rchunk_start chunk=0]   complex128 (36, 160, 4, 1520) x 1 = 0.56 GB
[mem_probe rchunk_start chunk=0]   complex128 (36, 59990) x 1 = 0.03 GB
2026-05-17 15:52:06.580139: W external/xla/xla/hlo/transforms/simplifiers/hlo_rematerialization.cc:3021] Can't reduce memory use below 58.67GiB (62998929446 bytes) by rematerialization; only reduced to 60.72GiB (65201504360 bytes), down from 60.72GiB (65201504360 bytes) originally
2026-05-17 15:52:06.834951: W external/xla/xla/hlo/transforms/simplifiers/hlo_rematerialization.cc:3021] Can't reduce memory use below 58.67GiB (62998929446 bytes) by rematerialization; only reduced to 60.72GiB (65201504360 bytes), down from 60.72GiB (65201504360 bytes) originally
2026-05-17 15:52:06.837099: W external/xla/xla/hlo/transforms/simplifiers/hlo_rematerialization.cc:3021] Can't reduce memory use below 58.67GiB (62998929446 bytes) by rematerialization; only reduced to 60.72GiB (65201504360 bytes), down from 60.72GiB (65201504360 bytes) originally
2026-05-17 15:52:06.837850: W external/xla/xla/hlo/transforms/simplifiers/hlo_rematerialization.cc:3021] Can't reduce memory use below 58.67GiB (62998929446 bytes) by rematerialization; only reduced to 60.72GiB (65201504360 bytes), down from 60.72GiB (65201504360 bytes) originally
2026-05-17 15:52:06.838634: W external/xla/xla/hlo/transforms/simplifiers/hlo_rematerialization.cc:3021] Can't reduce memory use below 58.67GiB (62998929446 bytes) by rematerialization; only reduced to 60.72GiB (65201504360 bytes), down from 60.72GiB (65201504360 bytes) originally
2026-05-17 15:52:06.839943: W external/xla/xla/hlo/transforms/simplifiers/hlo_rematerialization.cc:3021] Can't reduce memory use below 58.67GiB (62998929446 bytes) by rematerialization; only reduced to 60.72GiB (65201504360 bytes), down from 60.72GiB (65201504360 bytes) originally
2026-05-17 15:52:06.841243: W external/xla/xla/hlo/transforms/simplifiers/hlo_rematerialization.cc:3021] Can't reduce memory use below 58.67GiB (62998929446 bytes) by rematerialization; only reduced to 60.72GiB (65201504360 bytes), down from 60.72GiB (65201504360 bytes) originally
2026-05-17 15:52:06.841266: W external/xla/xla/hlo/transforms/simplifiers/hlo_rematerialization.cc:3021] Can't reduce memory use below 58.67GiB (62998929446 bytes) by rematerialization; only reduced to 60.72GiB (65201504360 bytes), down from 60.72GiB (65201504360 bytes) originally
2026-05-17 15:52:06.841283: W external/xla/xla/hlo/transforms/simplifiers/hlo_rematerialization.cc:3021] Can't reduce memory use below 58.67GiB (62998929446 bytes) by rematerialization; only reduced to 60.72GiB (65201504360 bytes), down from 60.72GiB (65201504360 bytes) originally
2026-05-17 15:52:06.841432: W external/xla/xla/hlo/transforms/simplifiers/hlo_rematerialization.cc:3021] Can't reduce memory use below 58.67GiB (62998929446 bytes) by rematerialization; only reduced to 60.72GiB (65201504360 bytes), down from 60.72GiB (65201504360 bytes) originally
2026-05-17 15:52:06.841677: W external/xla/xla/hlo/transforms/simplifiers/hlo_rematerialization.cc:3021] Can't reduce memory use below 58.67GiB (62998929446 bytes) by rematerialization; only reduced to 60.72GiB (65201504360 bytes), down from 60.72GiB (65201504360 bytes) originally
2026-05-17 15:52:06.841778: W external/xla/xla/hlo/transforms/simplifiers/hlo_rematerialization.cc:3021] Can't reduce memory use below 58.67GiB (62998929446 bytes) by rematerialization; only reduced to 60.72GiB (65201504360 bytes), down from 60.72GiB (65201504360 bytes) originally
2026-05-17 15:52:06.841992: W external/xla/xla/hlo/transforms/simplifiers/hlo_rematerialization.cc:3021] Can't reduce memory use below 58.67GiB (62998929446 bytes) by rematerialization; only reduced to 60.72GiB (65201504360 bytes), down from 60.72GiB (65201504360 bytes) originally
2026-05-17 15:52:06.843543: W external/xla/xla/hlo/transforms/simplifiers/hlo_rematerialization.cc:3021] Can't reduce memory use below 58.67GiB (62998929446 bytes) by rematerialization; only reduced to 60.72GiB (65201504360 bytes), down from 60.72GiB (65201504360 bytes) originally
2026-05-17 15:52:06.847265: W external/xla/xla/hlo/transforms/simplifiers/hlo_rematerialization.cc:3021] Can't reduce memory use below 58.67GiB (62998929446 bytes) by rematerialization; only reduced to 60.72GiB (65201504360 bytes), down from 60.72GiB (65201504360 bytes) originally
2026-05-17 15:52:06.868332: W external/xla/xla/hlo/transforms/simplifiers/hlo_rematerialization.cc:3021] Can't reduce memory use below 58.67GiB (62998929446 bytes) by rematerialization; only reduced to 60.72GiB (65201504360 bytes), down from 60.72GiB (65201504360 bytes) originally
[rchunk_dbg]   z_q_build=4571ms solve=14995ms
[mem_probe after_fit_one_rchunk chunk=0] in_use=-0.00 GB  peak=-0.00 GB  live_count=97 live_total=81.02 GB
[mem_probe after_fit_one_rchunk chunk=0]   complex128 (36, 1504, 59990) x 1 = 51.97 GB
[mem_probe after_fit_one_rchunk chunk=0]   complex128 (36, 1504, 24576) x 1 = 21.29 GB
[mem_probe after_fit_one_rchunk chunk=0]   complex128 (36, 1504, 1504) x 1 = 1.30 GB
[mem_probe after_fit_one_rchunk chunk=0]   complex128 (36, 1504, 160, 4) x 2 = 1.11 GB
[mem_probe after_fit_one_rchunk chunk=0]   complex128 (36, 160, 4, 1504) x 2 = 1.11 GB
[mem_probe after_fit_one_rchunk chunk=0]   complex128 (36, 1504, 150, 4) x 2 = 1.04 GB
[mem_probe after_fit_one_rchunk chunk=0]   complex128 (36, 150, 4, 1504) x 2 = 1.04 GB
[mem_probe after_fit_one_rchunk chunk=0]   int32 (36, 75, 75, 200) x 6 = 0.97 GB
[mem_probe after_fit_one_rchunk chunk=0]   complex128 (36, 1520, 160, 4) x 1 = 0.56 GB
[mem_probe after_fit_one_rchunk chunk=0]   complex128 (36, 160, 4, 1520) x 1 = 0.56 GB
[mem_probe after_accumulate chunk=0] in_use=-0.00 GB  peak=-0.00 GB  live_count=105 live_total=59.74 GB
[mem_probe after_accumulate chunk=0]   complex128 (36, 1504, 59990) x 1 = 51.97 GB
[mem_probe after_accumulate chunk=0]   complex128 (36, 1504, 1504) x 1 = 1.30 GB
[mem_probe after_accumulate chunk=0]   complex128 (36, 1504, 160, 4) x 2 = 1.11 GB
[mem_probe after_accumulate chunk=0]   complex128 (36, 160, 4, 1504) x 2 = 1.11 GB
[mem_probe after_accumulate chunk=0]   complex128 (36, 1504, 150, 4) x 2 = 1.04 GB
[mem_probe after_accumulate chunk=0]   complex128 (36, 150, 4, 1504) x 2 = 1.04 GB
[mem_probe after_accumulate chunk=0]   int32 (36, 75, 75, 200) x 6 = 0.97 GB
[mem_probe after_accumulate chunk=0]   complex128 (36, 1520, 160, 4) x 1 = 0.56 GB
[mem_probe after_accumulate chunk=0]   complex128 (36, 160, 4, 1520) x 1 = 0.56 GB
[mem_probe after_accumulate chunk=0]   int32 (36, 59990) x 4 = 0.03 GB
[rchunk_dbg] chunk=1/46 r=[0,24576) fit=19589ms write=1246ms total=20835ms
Started zeta fitting at 15:52:27.
[ 15:52:27 | ░░░░░░░░░░ |   2% ] r-chunk  1 / 46 · ETA 0 s
[mem_probe rchunk_start chunk=1] in_use=-0.00 GB  peak=-0.00 GB  live_count=105 live_total=59.74 GB
[mem_probe rchunk_start chunk=1]   complex128 (36, 1504, 59990) x 1 = 51.97 GB
[mem_probe rchunk_start chunk=1]   complex128 (36, 1504, 1504) x 1 = 1.30 GB
[mem_probe rchunk_start chunk=1]   complex128 (36, 1504, 160, 4) x 2 = 1.11 GB
[mem_probe rchunk_start chunk=1]   complex128 (36, 160, 4, 1504) x 2 = 1.11 GB
[mem_probe rchunk_start chunk=1]   complex128 (36, 1504, 150, 4) x 2 = 1.04 GB
[mem_probe rchunk_start chunk=1]   complex128 (36, 150, 4, 1504) x 2 = 1.04 GB
[mem_probe rchunk_start chunk=1]   int32 (36, 75, 75, 200) x 6 = 0.97 GB
[mem_probe rchunk_start chunk=1]   complex128 (36, 1520, 160, 4) x 1 = 0.56 GB
[mem_probe rchunk_start chunk=1]   complex128 (36, 160, 4, 1520) x 1 = 0.56 GB
[mem_probe rchunk_start chunk=1]   int32 (36, 59990) x 4 = 0.03 GB
[rchunk_dbg]   z_q_build=5608ms solve=13128ms
[mem_probe after_fit_one_rchunk chunk=1] in_use=-0.00 GB  peak=-0.00 GB  live_count=106 live_total=81.03 GB
[mem_probe after_fit_one_rchunk chunk=1]   complex128 (36, 1504, 59990) x 1 = 51.97 GB
[mem_probe after_fit_one_rchunk chunk=1]   complex128 (36, 1504, 24576) x 1 = 21.29 GB
[mem_probe after_fit_one_rchunk chunk=1]   complex128 (36, 1504, 1504) x 1 = 1.30 GB
[mem_probe after_fit_one_rchunk chunk=1]   complex128 (36, 1504, 160, 4) x 2 = 1.11 GB
[mem_probe after_fit_one_rchunk chunk=1]   complex128 (36, 160, 4, 1504) x 2 = 1.11 GB
[mem_probe after_fit_one_rchunk chunk=1]   complex128 (36, 1504, 150, 4) x 2 = 1.04 GB
[mem_probe after_fit_one_rchunk chunk=1]   complex128 (36, 150, 4, 1504) x 2 = 1.04 GB
[mem_probe after_fit_one_rchunk chunk=1]   int32 (36, 75, 75, 200) x 6 = 0.97 GB
[mem_probe after_fit_one_rchunk chunk=1]   complex128 (36, 1520, 160, 4) x 1 = 0.56 GB
[mem_probe after_fit_one_rchunk chunk=1]   complex128 (36, 160, 4, 1520) x 1 = 0.56 GB
[mem_probe after_accumulate chunk=1] in_use=-0.00 GB  peak=-0.00 GB  live_count=105 live_total=59.74 GB
[mem_probe after_accumulate chunk=1]   complex128 (36, 1504, 59990) x 1 = 51.97 GB
[mem_probe after_accumulate chunk=1]   complex128 (36, 1504, 1504) x 1 = 1.30 GB
[mem_probe after_accumulate chunk=1]   complex128 (36, 1504, 160, 4) x 2 = 1.11 GB
[mem_probe after_accumulate chunk=1]   complex128 (36, 160, 4, 1504) x 2 = 1.11 GB
[mem_probe after_accumulate chunk=1]   complex128 (36, 1504, 150, 4) x 2 = 1.04 GB
[mem_probe after_accumulate chunk=1]   complex128 (36, 150, 4, 1504) x 2 = 1.04 GB
[mem_probe after_accumulate chunk=1]   int32 (36, 75, 75, 200) x 6 = 0.97 GB
[mem_probe after_accumulate chunk=1]   complex128 (36, 1520, 160, 4) x 1 = 0.56 GB
[mem_probe after_accumulate chunk=1]   complex128 (36, 160, 4, 1520) x 1 = 0.56 GB
[mem_probe after_accumulate chunk=1]   int32 (36, 59990) x 4 = 0.03 GB
[rchunk_dbg] chunk=2/46 r=[24576,49152) fit=18738ms write=607ms total=19344ms
[mem_probe rchunk_start chunk=2] in_use=-0.00 GB  peak=-0.00 GB  live_count=105 live_total=59.74 GB
[mem_probe rchunk_start chunk=2]   complex128 (36, 1504, 59990) x 1 = 51.97 GB
[mem_probe rchunk_start chunk=2]   complex128 (36, 1504, 1504) x 1 = 1.30 GB
[mem_probe rchunk_start chunk=2]   complex128 (36, 1504, 160, 4) x 2 = 1.11 GB
[mem_probe rchunk_start chunk=2]   complex128 (36, 160, 4, 1504) x 2 = 1.11 GB
[mem_probe rchunk_start chunk=2]   complex128 (36, 1504, 150, 4) x 2 = 1.04 GB
[mem_probe rchunk_start chunk=2]   complex128 (36, 150, 4, 1504) x 2 = 1.04 GB
[mem_probe rchunk_start chunk=2]   int32 (36, 75, 75, 200) x 6 = 0.97 GB
[mem_probe rchunk_start chunk=2]   complex128 (36, 1520, 160, 4) x 1 = 0.56 GB
[mem_probe rchunk_start chunk=2]   complex128 (36, 160, 4, 1520) x 1 = 0.56 GB
[mem_probe rchunk_start chunk=2]   int32 (36, 59990) x 4 = 0.03 GB
[rchunk_dbg]   z_q_build=4522ms solve=12903ms
[mem_probe after_fit_one_rchunk chunk=2] in_use=-0.00 GB  peak=-0.00 GB  live_count=106 live_total=81.03 GB
[mem_probe after_fit_one_rchunk chunk=2]   complex128 (36, 1504, 59990) x 1 = 51.97 GB
[mem_probe after_fit_one_rchunk chunk=2]   complex128 (36, 1504, 24576) x 1 = 21.29 GB
[mem_probe after_fit_one_rchunk chunk=2]   complex128 (36, 1504, 1504) x 1 = 1.30 GB
[mem_probe after_fit_one_rchunk chunk=2]   complex128 (36, 1504, 160, 4) x 2 = 1.11 GB
[mem_probe after_fit_one_rchunk chunk=2]   complex128 (36, 160, 4, 1504) x 2 = 1.11 GB
[mem_probe after_fit_one_rchunk chunk=2]   complex128 (36, 1504, 150, 4) x 2 = 1.04 GB
[mem_probe after_fit_one_rchunk chunk=2]   complex128 (36, 150, 4, 1504) x 2 = 1.04 GB
[mem_probe after_fit_one_rchunk chunk=2]   int32 (36, 75, 75, 200) x 6 = 0.97 GB
[mem_probe after_fit_one_rchunk chunk=2]   complex128 (36, 1520, 160, 4) x 1 = 0.56 GB
[mem_probe after_fit_one_rchunk chunk=2]   complex128 (36, 160, 4, 1520) x 1 = 0.56 GB
[mem_probe after_accumulate chunk=2] in_use=-0.00 GB  peak=-0.00 GB  live_count=105 live_total=59.74 GB
[mem_probe after_accumulate chunk=2]   complex128 (36, 1504, 59990) x 1 = 51.97 GB
[mem_probe after_accumulate chunk=2]   complex128 (36, 1504, 1504) x 1 = 1.30 GB
[mem_probe after_accumulate chunk=2]   complex128 (36, 1504, 160, 4) x 2 = 1.11 GB
[mem_probe after_accumulate chunk=2]   complex128 (36, 160, 4, 1504) x 2 = 1.11 GB
[mem_probe after_accumulate chunk=2]   complex128 (36, 1504, 150, 4) x 2 = 1.04 GB
[mem_probe after_accumulate chunk=2]   complex128 (36, 150, 4, 1504) x 2 = 1.04 GB
[mem_probe after_accumulate chunk=2]   int32 (36, 75, 75, 200) x 6 = 0.97 GB
[mem_probe after_accumulate chunk=2]   complex128 (36, 1520, 160, 4) x 1 = 0.56 GB
[mem_probe after_accumulate chunk=2]   complex128 (36, 160, 4, 1520) x 1 = 0.56 GB
[mem_probe after_accumulate chunk=2]   int32 (36, 59990) x 4 = 0.03 GB
[rchunk_dbg] chunk=3/46 r=[49152,73728) fit=17427ms write=557ms total=17983ms
[ 15:53:04 | █░░░░░░░░░ |   7% ] r-chunk  3 / 46 · ETA 535 s
[rchunk_dbg] LORRAX_MAX_RCHUNKS=3 reached after chunk 3; breaking r-chunk loop for profiling.
Finished zeta fitting at 15:53:04.  Elapsed: 37 s.
  [SlabIO.close] draining 1 pending writes for zeta_q_mu1.h5 …
  [SlabIO.close] Python dispatch drained in 12.9 s; joining writer thread
  [SlabIO.close] writer thread joined in 0.0 s; calling H5Fclose collectively
  [SlabIO.close] H5Fclose returned in 0.7 s
  Zeta output: /pscratch/sd/j/jackm/lorrax_sandbox/runs/CrI3/M_6x6_80Ry_2026-05-07/0X_lorrax_bispinor_fullbz_16gpu_2026-05-16/v3_sb/tmp/zeta_q_mu1.h5  shape: (n_q_disk=36 of 6·6·1=36 full-BZ, n_rtot=1125000, n_rmu=1504)
  Timing (46 r-chunks, 58.1s total):
    fit     55.42s  95.3%
    H5       2.67s   4.6%
  Zeta output: /pscratch/sd/j/jackm/lorrax_sandbox/runs/CrI3/M_6x6_80Ry_2026-05-07/0X_lorrax_bispinor_fullbz_16gpu_2026-05-16/v3_sb/tmp/zeta_q_mu1.h5  shape: (n_q_disk=36 of 6·6·1=36 full-BZ, n_rtot=1125000, n_rmu=1504)
  Timing (46 r-chunks, 58.1s total):
    fit     55.36s  95.2%
    H5       2.72s   4.7%
  Zeta output: /pscratch/sd/j/jackm/lorrax_sandbox/runs/CrI3/M_6x6_80Ry_2026-05-07/0X_lorrax_bispinor_fullbz_16gpu_2026-05-16/v3_sb/tmp/zeta_q_mu1.h5  shape: (n_q_disk=36 of 6·6·1=36 full-BZ, n_rtot=1125000, n_rmu=1504)
  Timing (46 r-chunks, 58.2s total):
    fit     54.11s  92.9%
  Zeta output: /pscratch/sd/j/jackm/lorrax_sandbox/runs/CrI3/M_6x6_80Ry_2026-05-07/0X_lorrax_bispinor_fullbz_16gpu_2026-05-16/v3_sb/tmp/zeta_q_mu1.h5  shape: (n_q_disk=36 of 6·6·1=36 full-BZ, n_rtot=1125000, n_rmu=1504)
  Timing (46 r-chunks, 58.1s total):
    fit     55.37s  95.2%
  Zeta output: /pscratch/sd/j/jackm/lorrax_sandbox/runs/CrI3/M_6x6_80Ry_2026-05-07/0X_lorrax_bispinor_fullbz_16gpu_2026-05-16/v3_sb/tmp/zeta_q_mu1.h5  shape: (n_q_disk=36 of 6·6·1=36 full-BZ, n_rtot=1125000, n_rmu=1504)
    H5       2.72s   4.7%
    H5       4.08s   7.0%
  Timing (46 r-chunks, 58.2s total):
    fit     54.12s  92.9%
    H5       4.08s   7.0%
  Zeta output: /pscratch/sd/j/jackm/lorrax_sandbox/runs/CrI3/M_6x6_80Ry_2026-05-07/0X_lorrax_bispinor_fullbz_16gpu_2026-05-16/v3_sb/tmp/zeta_q_mu1.h5  shape: (n_q_disk=36 of 6·6·1=36 full-BZ, n_rtot=1125000, n_rmu=1504)
  Zeta output: /pscratch/sd/j/jackm/lorrax_sandbox/runs/CrI3/M_6x6_80Ry_2026-05-07/0X_lorrax_bispinor_fullbz_16gpu_2026-05-16/v3_sb/tmp/zeta_q_mu1.h5  shape: (n_q_disk=36 of 6·6·1=36 full-BZ, n_rtot=1125000, n_rmu=1504)
  Timing (46 r-chunks, 58.3s total):
  Timing (46 r-chunks, 58.2s total):
  Zeta output: /pscratch/sd/j/jackm/lorrax_sandbox/runs/CrI3/M_6x6_80Ry_2026-05-07/0X_lorrax_bispinor_fullbz_16gpu_2026-05-16/v3_sb/tmp/zeta_q_mu1.h5  shape: (n_q_disk=36 of 6·6·1=36 full-BZ, n_rtot=1125000, n_rmu=1504)
  Timing (46 r-chunks, 58.3s total):
    fit     55.39s  95.1%
    H5       2.83s   4.9%
    fit     54.09s  92.9%
    H5       4.10s   7.0%
  Zeta output: /pscratch/sd/j/jackm/lorrax_sandbox/runs/CrI3/M_6x6_80Ry_2026-05-07/0X_lorrax_bispinor_fullbz_16gpu_2026-05-16/v3_sb/tmp/zeta_q_mu1.h5  shape: (n_q_disk=36 of 6·6·1=36 full-BZ, n_rtot=1125000, n_rmu=1504)
  Timing (46 r-chunks, 58.3s total):
    fit     55.38s  95.0%
    H5       2.87s   4.9%
    fit     55.36s  95.0%
    H5       2.86s   4.9%
  Zeta output: /pscratch/sd/j/jackm/lorrax_sandbox/runs/CrI3/M_6x6_80Ry_2026-05-07/0X_lorrax_bispinor_fullbz_16gpu_2026-05-16/v3_sb/tmp/zeta_q_mu1.h5  shape: (n_q_disk=36 of 6·6·1=36 full-BZ, n_rtot=1125000, n_rmu=1504)
  Timing (46 r-chunks, 58.3s total):
    fit     55.36s  95.0%
    H5       2.87s   4.9%
  Zeta output: /pscratch/sd/j/jackm/lorrax_sandbox/runs/CrI3/M_6x6_80Ry_2026-05-07/0X_lorrax_bispinor_fullbz_16gpu_2026-05-16/v3_sb/tmp/zeta_q_mu1.h5  shape: (n_q_disk=36 of 6·6·1=36 full-BZ, n_rtot=1125000, n_rmu=1504)
  Timing (46 r-chunks, 58.1s total):
    fit     55.39s  95.3%
    H5       2.70s   4.6%
  Zeta output: /pscratch/sd/j/jackm/lorrax_sandbox/runs/CrI3/M_6x6_80Ry_2026-05-07/0X_lorrax_bispinor_fullbz_16gpu_2026-05-16/v3_sb/tmp/zeta_q_mu1.h5  shape: (n_q_disk=36 of 6·6·1=36 full-BZ, n_rtot=1125000, n_rmu=1504)
  Timing (46 r-chunks, 58.2s total):
    fit     55.37s  95.2%
  Zeta output: /pscratch/sd/j/jackm/lorrax_sandbox/runs/CrI3/M_6x6_80Ry_2026-05-07/0X_lorrax_bispinor_fullbz_16gpu_2026-05-16/v3_sb/tmp/zeta_q_mu1.h5  shape: (n_q_disk=36 of 6·6·1=36 full-BZ, n_rtot=1125000, n_rmu=1504)
  Timing (46 r-chunks, 58.1s total):
    fit     55.35s  95.2%
    H5       2.75s   4.7%
    H5       2.74s   4.7%
  Zeta output: /pscratch/sd/j/jackm/lorrax_sandbox/runs/CrI3/M_6x6_80Ry_2026-05-07/0X_lorrax_bispinor_fullbz_16gpu_2026-05-16/v3_sb/tmp/zeta_q_mu1.h5  shape: (n_q_disk=36 of 6·6·1=36 full-BZ, n_rtot=1125000, n_rmu=1504)
  Timing (46 r-chunks, 58.2s total):
    fit     55.32s  95.1%
    H5       2.79s   4.8%
  Zeta output: /pscratch/sd/j/jackm/lorrax_sandbox/runs/CrI3/M_6x6_80Ry_2026-05-07/0X_lorrax_bispinor_fullbz_16gpu_2026-05-16/v3_sb/tmp/zeta_q_mu1.h5  shape: (n_q_disk=36 of 6·6·1=36 full-BZ, n_rtot=1125000, n_rmu=1504)
  Timing (46 r-chunks, 58.2s total):
    fit     55.35s  95.2%
    H5       2.76s   4.7%
  Zeta output: /pscratch/sd/j/jackm/lorrax_sandbox/runs/CrI3/M_6x6_80Ry_2026-05-07/0X_lorrax_bispinor_fullbz_16gpu_2026-05-16/v3_sb/tmp/zeta_q_mu1.h5  shape: (n_q_disk=36 of 6·6·1=36 full-BZ, n_rtot=1125000, n_rmu=1504)
  Timing (46 r-chunks, 58.2s total):
    fit     55.75s  95.8%
    H5       2.41s   4.1%
[mem_probe zeta_fit_end] in_use=-0.00 GB  peak=-0.00 GB  live_count=107 live_total=7.78 GB
[mem_probe zeta_fit_end]   complex128 (36, 1504, 1504) x 1 = 1.30 GB
[mem_probe zeta_fit_end]   complex128 (36, 1504, 160, 4) x 2 = 1.11 GB
[mem_probe zeta_fit_end]   complex128 (36, 160, 4, 1504) x 2 = 1.11 GB
[mem_probe zeta_fit_end]   complex128 (36, 1504, 150, 4) x 2 = 1.04 GB
[mem_probe zeta_fit_end]   complex128 (36, 150, 4, 1504) x 2 = 1.04 GB
[mem_probe zeta_fit_end]   int32 (36, 75, 75, 200) x 6 = 0.97 GB
[mem_probe zeta_fit_end]   complex128 (36, 1520, 160, 4) x 1 = 0.56 GB
[mem_probe zeta_fit_end]   complex128 (36, 160, 4, 1520) x 1 = 0.56 GB
[mem_probe zeta_fit_end]   int32 (36, 59990) x 4 = 0.03 GB
[mem_probe zeta_fit_end]   complex128 (36, 59990) x 1 = 0.03 GB

  Zeta fitting: 46 r-chunks x 24576 r-points, 160 bands (150 left + 160 right)
  Output: /pscratch/sd/j/jackm/lorrax_sandbox/runs/CrI3/M_6x6_80Ry_2026-05-07/0X_lorrax_bispinor_fullbz_16gpu_2026-05-16/v3_sb/tmp/zeta_q_mu2.h5

  Zeta fitting: 46 r-chunks x 24576 r-points, 160 bands (150 left + 160 right)
  Output: /pscratch/sd/j/jackm/lorrax_sandbox/runs/CrI3/M_6x6_80Ry_2026-05-07/0X_lorrax_bispinor_fullbz_16gpu_2026-05-16/v3_sb/tmp/zeta_q_mu2.h5

  Zeta fitting: 46 r-chunks x 24576 r-points, 160 bands (150 left + 160 right)
  Output: /pscratch/sd/j/jackm/lorrax_sandbox/runs/CrI3/M_6x6_80Ry_2026-05-07/0X_lorrax_bispinor_fullbz_16gpu_2026-05-16/v3_sb/tmp/zeta_q_mu2.h5

  Zeta fitting: 46 r-chunks x 24576 r-points, 160 bands (150 left + 160 right)
  Output: /pscratch/sd/j/jackm/lorrax_sandbox/runs/CrI3/M_6x6_80Ry_2026-05-07/0X_lorrax_bispinor_fullbz_16gpu_2026-05-16/v3_sb/tmp/zeta_q_mu2.h5

  Zeta fitting: 46 r-chunks x 24576 r-points, 160 bands (150 left + 160 right)
  Output: /pscratch/sd/j/jackm/lorrax_sandbox/runs/CrI3/M_6x6_80Ry_2026-05-07/0X_lorrax_bispinor_fullbz_16gpu_2026-05-16/v3_sb/tmp/zeta_q_mu2.h5

  Zeta fitting: 46 r-chunks x 24576 r-points, 160 bands (150 left + 160 right)
  Output: /pscratch/sd/j/jackm/lorrax_sandbox/runs/CrI3/M_6x6_80Ry_2026-05-07/0X_lorrax_bispinor_fullbz_16gpu_2026-05-16/v3_sb/tmp/zeta_q_mu2.h5

  Zeta fitting: 46 r-chunks x 24576 r-points, 160 bands (150 left + 160 right)
  Output: /pscratch/sd/j/jackm/lorrax_sandbox/runs/CrI3/M_6x6_80Ry_2026-05-07/0X_lorrax_bispinor_fullbz_16gpu_2026-05-16/v3_sb/tmp/zeta_q_mu2.h5

  Zeta fitting: 46 r-chunks x 24576 r-points, 160 bands (150 left + 160 right)
  Output: /pscratch/sd/j/jackm/lorrax_sandbox/runs/CrI3/M_6x6_80Ry_2026-05-07/0X_lorrax_bispinor_fullbz_16gpu_2026-05-16/v3_sb/tmp/zeta_q_mu2.h5

  Zeta fitting: 46 r-chunks x 24576 r-points, 160 bands (150 left + 160 right)
  Output: /pscratch/sd/j/jackm/lorrax_sandbox/runs/CrI3/M_6x6_80Ry_2026-05-07/0X_lorrax_bispinor_fullbz_16gpu_2026-05-16/v3_sb/tmp/zeta_q_mu2.h5

  Zeta fitting: 46 r-chunks x 24576 r-points, 160 bands (150 left + 160 right)
  Output: /pscratch/sd/j/jackm/lorrax_sandbox/runs/CrI3/M_6x6_80Ry_2026-05-07/0X_lorrax_bispinor_fullbz_16gpu_2026-05-16/v3_sb/tmp/zeta_q_mu2.h5

  Zeta fitting: 46 r-chunks x 24576 r-points, 160 bands (150 left + 160 right)
  Output: /pscratch/sd/j/jackm/lorrax_sandbox/runs/CrI3/M_6x6_80Ry_2026-05-07/0X_lorrax_bispinor_fullbz_16gpu_2026-05-16/v3_sb/tmp/zeta_q_mu2.h5

  Zeta fitting: 46 r-chunks x 24576 r-points, 160 bands (150 left + 160 right)
  Output: /pscratch/sd/j/jackm/lorrax_sandbox/runs/CrI3/M_6x6_80Ry_2026-05-07/0X_lorrax_bispinor_fullbz_16gpu_2026-05-16/v3_sb/tmp/zeta_q_mu2.h5

  Zeta fitting: 46 r-chunks x 24576 r-points, 160 bands (150 left + 160 right)
  Output: /pscratch/sd/j/jackm/lorrax_sandbox/runs/CrI3/M_6x6_80Ry_2026-05-07/0X_lorrax_bispinor_fullbz_16gpu_2026-05-16/v3_sb/tmp/zeta_q_mu2.h5

  Zeta fitting: 46 r-chunks x 24576 r-points, 160 bands (150 left + 160 right)
  Output: /pscratch/sd/j/jackm/lorrax_sandbox/runs/CrI3/M_6x6_80Ry_2026-05-07/0X_lorrax_bispinor_fullbz_16gpu_2026-05-16/v3_sb/tmp/zeta_q_mu2.h5

  Zeta fitting: 46 r-chunks x 24576 r-points, 160 bands (150 left + 160 right)
  Output: /pscratch/sd/j/jackm/lorrax_sandbox/runs/CrI3/M_6x6_80Ry_2026-05-07/0X_lorrax_bispinor_fullbz_16gpu_2026-05-16/v3_sb/tmp/zeta_q_mu2.h5
  [bispinor] μ_L=2 → /pscratch/sd/j/jackm/lorrax_sandbox/runs/CrI3/M_6x6_80Ry_2026-05-07/0X_lorrax_bispinor_fullbz_16gpu_2026-05-16/v3_sb/tmp/zeta_q_mu2.h5
[mem_probe zeta_fit_start] in_use=-0.00 GB  peak=-0.00 GB  live_count=89 live_total=3.28 GB
[mem_probe zeta_fit_start]   int32 (36, 75, 75, 200) x 6 = 0.97 GB
[mem_probe zeta_fit_start]   complex128 (36, 1520, 160, 4) x 1 = 0.56 GB
[mem_probe zeta_fit_start]   complex128 (36, 160, 4, 1520) x 1 = 0.56 GB
[mem_probe zeta_fit_start]   complex128 (36, 1504, 160, 4) x 1 = 0.55 GB
[mem_probe zeta_fit_start]   complex128 (36, 160, 4, 1504) x 1 = 0.55 GB
[mem_probe zeta_fit_start]   int32 (36, 59990) x 4 = 0.03 GB
[mem_probe zeta_fit_start]   complex128 (36, 59990) x 1 = 0.03 GB
[mem_probe zeta_fit_start]   complex128 (36, 1508) x 6 = 0.01 GB
[mem_probe zeta_fit_start]   complex128 (36, 1504) x 6 = 0.01 GB
[mem_probe zeta_fit_start]   complex128 (36, 200) x 4 = 0.00 GB

  Zeta fitting: 46 r-chunks x 24576 r-points, 160 bands (150 left + 160 right)
  Output: /pscratch/sd/j/jackm/lorrax_sandbox/runs/CrI3/M_6x6_80Ry_2026-05-07/0X_lorrax_bispinor_fullbz_16gpu_2026-05-16/v3_sb/tmp/zeta_q_mu2.h5
  Left wfns:  (36, 150, 4, 1504)
  Right wfns: (36, 160, 4, 1504)
  Computing C_q via shard_map pipeline (open-spin, transverse γ̃^2)
  Left wfns:  (36, 150, 4, 1504)
  Right wfns: (36, 160, 4, 1504)
  Left wfns:  (36, 150, 4, 1504)
  Right wfns: (36, 160, 4, 1504)
  Left wfns:  (36, 150, 4, 1504)
  Right wfns: (36, 160, 4, 1504)
  Left wfns:  (36, 150, 4, 1504)
  Right wfns: (36, 160, 4, 1504)
  Left wfns:  (36, 150, 4, 1504)
  Right wfns: (36, 160, 4, 1504)
  Left wfns:  (36, 150, 4, 1504)
  Right wfns: (36, 160, 4, 1504)
  Left wfns:  (36, 150, 4, 1504)
  Right wfns: (36, 160, 4, 1504)
  Left wfns:  (36, 150, 4, 1504)
  Right wfns: (36, 160, 4, 1504)
  Left wfns:  (36, 150, 4, 1504)
  Right wfns: (36, 160, 4, 1504)
  Left wfns:  (36, 150, 4, 1504)
  Right wfns: (36, 160, 4, 1504)
  Left wfns:  (36, 150, 4, 1504)
  Right wfns: (36, 160, 4, 1504)
  Left wfns:  (36, 150, 4, 1504)
  Right wfns: (36, 160, 4, 1504)
  Left wfns:  (36, 150, 4, 1504)
  Right wfns: (36, 160, 4, 1504)
  Left wfns:  (36, 150, 4, 1504)
  Right wfns: (36, 160, 4, 1504)
  Left wfns:  (36, 150, 4, 1504)
  Right wfns: (36, 160, 4, 1504)
  Pass through C_q  [γ̃^2 indefinite — path=cusolvermp_lu]
  L_q: (36, 1504, 1504)
  Computing C_q via shard_map pipeline (open-spin, transverse γ̃^2)
  Computing C_q via shard_map pipeline (open-spin, transverse γ̃^2)
  Computing C_q via shard_map pipeline (open-spin, transverse γ̃^2)
  Computing C_q via shard_map pipeline (open-spin, transverse γ̃^2)
  Computing C_q via shard_map pipeline (open-spin, transverse γ̃^2)
  Computing C_q via shard_map pipeline (open-spin, transverse γ̃^2)
  Computing C_q via shard_map pipeline (open-spin, transverse γ̃^2)
  Computing C_q via shard_map pipeline (open-spin, transverse γ̃^2)
  Computing C_q via shard_map pipeline (open-spin, transverse γ̃^2)
  Computing C_q via shard_map pipeline (open-spin, transverse γ̃^2)
  Computing C_q via shard_map pipeline (open-spin, transverse γ̃^2)
  Computing C_q via shard_map pipeline (open-spin, transverse γ̃^2)
  Computing C_q via shard_map pipeline (open-spin, transverse γ̃^2)
  Computing C_q via shard_map pipeline (open-spin, transverse γ̃^2)
  Computing C_q via shard_map pipeline (open-spin, transverse γ̃^2)
  Pass through C_q  [γ̃^2 indefinite — path=cusolvermp_lu]
  L_q: (36, 1504, 1504)
  Pass through C_q  [γ̃^2 indefinite — path=cusolvermp_lu]
  L_q: (36, 1504, 1504)
  Pass through C_q  [γ̃^2 indefinite — path=cusolvermp_lu]
  L_q: (36, 1504, 1504)
  Pass through C_q  [γ̃^2 indefinite — path=cusolvermp_lu]
  L_q: (36, 1504, 1504)
  Pass through C_q  [γ̃^2 indefinite — path=cusolvermp_lu]
  L_q: (36, 1504, 1504)
  Pass through C_q  [γ̃^2 indefinite — path=cusolvermp_lu]
  L_q: (36, 1504, 1504)
  Pass through C_q  [γ̃^2 indefinite — path=cusolvermp_lu]
  Pass through C_q  [γ̃^2 indefinite — path=cusolvermp_lu]
  L_q: (36, 1504, 1504)
  L_q: (36, 1504, 1504)
  Pass through C_q  [γ̃^2 indefinite — path=cusolvermp_lu]
  L_q: (36, 1504, 1504)
  Pass through C_q  [γ̃^2 indefinite — path=cusolvermp_lu]
  L_q: (36, 1504, 1504)
  Pass through C_q  [γ̃^2 indefinite — path=cusolvermp_lu]
  L_q: (36, 1504, 1504)
  Pass through C_q  [γ̃^2 indefinite — path=cusolvermp_lu]
  Pass through C_q  [γ̃^2 indefinite — path=cusolvermp_lu]
  L_q: (36, 1504, 1504)
  L_q: (36, 1504, 1504)
  Pass through C_q  [γ̃^2 indefinite — path=cusolvermp_lu]
  L_q: (36, 1504, 1504)
  Pass through C_q  [γ̃^2 indefinite — path=cusolvermp_lu]
  L_q: (36, 1504, 1504)
  q axis on disk: full BZ (36 q-points) (write_ibz_only=False or closure check failed)
  q axis on disk: full BZ (36 q-points) (write_ibz_only=False or closure check failed)
  q axis on disk: full BZ (36 q-points) (write_ibz_only=False or closure check failed)
  q axis on disk: full BZ (36 q-points) (write_ibz_only=False or closure check failed)
  q axis on disk: full BZ (36 q-points) (write_ibz_only=False or closure check failed)
  q axis on disk: full BZ (36 q-points) (write_ibz_only=False or closure check failed)
  q axis on disk: full BZ (36 q-points) (write_ibz_only=False or closure check failed)
  q axis on disk: full BZ (36 q-points) (write_ibz_only=False or closure check failed)
  q axis on disk: full BZ (36 q-points) (write_ibz_only=False or closure check failed)
  q axis on disk: full BZ (36 q-points) (write_ibz_only=False or closure check failed)
  q axis on disk: full BZ (36 q-points) (write_ibz_only=False or closure check failed)
  q axis on disk: full BZ (36 q-points) (write_ibz_only=False or closure check failed)
  q axis on disk: full BZ (36 q-points) (write_ibz_only=False or closure check failed)
  q axis on disk: full BZ (36 q-points) (write_ibz_only=False or closure check failed)
  q axis on disk: full BZ (36 q-points) (write_ibz_only=False or closure check failed)
  q axis on disk: full BZ (36 q-points) (write_ibz_only=False or closure check failed)
  G-flat ζ sphere: ngkmax=59990, min ngk=59826, max ngk=59990 (5.332% of n_rtot)
/global/homes/j/jackm/software/lorrax_B/src/file_io/_slab_io_ffi.py:453: UserWarning: FFI backend: chunks/attrs on create_dataset currently no-op; pre-create with h5py if you need explicit chunking or attrs.
  warnings.warn(
/global/homes/j/jackm/software/lorrax_B/src/file_io/_slab_io_ffi.py:453: UserWarning: FFI backend: chunks/attrs on create_dataset currently no-op; pre-create with h5py if you need explicit chunking or attrs.
  warnings.warn(
/global/homes/j/jackm/software/lorrax_B/src/file_io/_slab_io_ffi.py:453: UserWarning: FFI backend: chunks/attrs on create_dataset currently no-op; pre-create with h5py if you need explicit chunking or attrs.
  warnings.warn(
/global/homes/j/jackm/software/lorrax_B/src/file_io/_slab_io_ffi.py:453: UserWarning: FFI backend: chunks/attrs on create_dataset currently no-op; pre-create with h5py if you need explicit chunking or attrs.
  warnings.warn(
/global/homes/j/jackm/software/lorrax_B/src/file_io/_slab_io_ffi.py:453: UserWarning: FFI backend: chunks/attrs on create_dataset currently no-op; pre-create with h5py if you need explicit chunking or attrs.
  warnings.warn(
/global/homes/j/jackm/software/lorrax_B/src/file_io/_slab_io_ffi.py:453: UserWarning: FFI backend: chunks/attrs on create_dataset currently no-op; pre-create with h5py if you need explicit chunking or attrs.
  warnings.warn(
/global/homes/j/jackm/software/lorrax_B/src/file_io/_slab_io_ffi.py:453: UserWarning: FFI backend: chunks/attrs on create_dataset currently no-op; pre-create with h5py if you need explicit chunking or attrs.
  warnings.warn(
/global/homes/j/jackm/software/lorrax_B/src/file_io/_slab_io_ffi.py:453: UserWarning: FFI backend: chunks/attrs on create_dataset currently no-op; pre-create with h5py if you need explicit chunking or attrs.
  warnings.warn(
/global/homes/j/jackm/software/lorrax_B/src/file_io/_slab_io_ffi.py:453: UserWarning: FFI backend: chunks/attrs on create_dataset currently no-op; pre-create with h5py if you need explicit chunking or attrs.
  warnings.warn(
/global/homes/j/jackm/software/lorrax_B/src/file_io/_slab_io_ffi.py:453: UserWarning: FFI backend: chunks/attrs on create_dataset currently no-op; pre-create with h5py if you need explicit chunking or attrs.
  warnings.warn(
/global/homes/j/jackm/software/lorrax_B/src/file_io/_slab_io_ffi.py:453: UserWarning: FFI backend: chunks/attrs on create_dataset currently no-op; pre-create with h5py if you need explicit chunking or attrs.
  warnings.warn(
/global/homes/j/jackm/software/lorrax_B/src/file_io/_slab_io_ffi.py:453: UserWarning: FFI backend: chunks/attrs on create_dataset currently no-op; pre-create with h5py if you need explicit chunking or attrs.
  warnings.warn(
/global/homes/j/jackm/software/lorrax_B/src/file_io/_slab_io_ffi.py:453: UserWarning: FFI backend: chunks/attrs on create_dataset currently no-op; pre-create with h5py if you need explicit chunking or attrs.
  warnings.warn(
/global/homes/j/jackm/software/lorrax_B/src/file_io/_slab_io_ffi.py:453: UserWarning: FFI backend: chunks/attrs on create_dataset currently no-op; pre-create with h5py if you need explicit chunking or attrs.
  warnings.warn(
/global/homes/j/jackm/software/lorrax_B/src/file_io/_slab_io_ffi.py:453: UserWarning: FFI backend: chunks/attrs on create_dataset currently no-op; pre-create with h5py if you need explicit chunking or attrs.
  warnings.warn(
/global/homes/j/jackm/software/lorrax_B/src/file_io/_slab_io_ffi.py:453: UserWarning: FFI backend: chunks/attrs on create_dataset currently no-op; pre-create with h5py if you need explicit chunking or attrs.
  warnings.warn(
  ψ(G-flat) host cache: 1.38 GB/process resident
  G-flat ζ accumulator: N=3384 rows/rank (n_q=36 × n_mu_local=94); chunk_size=100 → per-iter FFT box 1.80 GB/rank
[mem_probe pre_rchunk_loop] in_use=-0.00 GB  peak=-0.00 GB  live_count=106 live_total=59.90 GB
[mem_probe pre_rchunk_loop]   complex128 (36, 1504, 59990) x 1 = 51.97 GB
[mem_probe pre_rchunk_loop]   complex128 (36, 1504, 1504) x 1 = 1.30 GB
[mem_probe pre_rchunk_loop]   int32 (36, 75, 75, 200) x 7 = 1.13 GB
[mem_probe pre_rchunk_loop]   complex128 (36, 1504, 160, 4) x 2 = 1.11 GB
[mem_probe pre_rchunk_loop]   complex128 (36, 160, 4, 1504) x 2 = 1.11 GB
[mem_probe pre_rchunk_loop]   complex128 (36, 1504, 150, 4) x 2 = 1.04 GB
[mem_probe pre_rchunk_loop]   complex128 (36, 150, 4, 1504) x 2 = 1.04 GB
[mem_probe pre_rchunk_loop]   complex128 (36, 1520, 160, 4) x 1 = 0.56 GB
[mem_probe pre_rchunk_loop]   complex128 (36, 160, 4, 1520) x 1 = 0.56 GB
[mem_probe pre_rchunk_loop]   int32 (36, 59990) x 4 = 0.03 GB
[mem_probe rchunk_start chunk=0] in_use=-0.00 GB  peak=-0.00 GB  live_count=106 live_total=59.90 GB
[mem_probe rchunk_start chunk=0]   complex128 (36, 1504, 59990) x 1 = 51.97 GB
[mem_probe rchunk_start chunk=0]   complex128 (36, 1504, 1504) x 1 = 1.30 GB
[mem_probe rchunk_start chunk=0]   int32 (36, 75, 75, 200) x 7 = 1.13 GB
[mem_probe rchunk_start chunk=0]   complex128 (36, 1504, 160, 4) x 2 = 1.11 GB
[mem_probe rchunk_start chunk=0]   complex128 (36, 160, 4, 1504) x 2 = 1.11 GB
[mem_probe rchunk_start chunk=0]   complex128 (36, 1504, 150, 4) x 2 = 1.04 GB
[mem_probe rchunk_start chunk=0]   complex128 (36, 150, 4, 1504) x 2 = 1.04 GB
[mem_probe rchunk_start chunk=0]   complex128 (36, 1520, 160, 4) x 1 = 0.56 GB
[mem_probe rchunk_start chunk=0]   complex128 (36, 160, 4, 1520) x 1 = 0.56 GB
[mem_probe rchunk_start chunk=0]   int32 (36, 59990) x 4 = 0.03 GB
2026-05-17 15:53:24.786022: W external/xla/xla/hlo/transforms/simplifiers/hlo_rematerialization.cc:3021] Can't reduce memory use below 58.67GiB (62998929446 bytes) by rematerialization; only reduced to 60.72GiB (65201504360 bytes), down from 60.72GiB (65201504360 bytes) originally
2026-05-17 15:53:25.043283: W external/xla/xla/hlo/transforms/simplifiers/hlo_rematerialization.cc:3021] Can't reduce memory use below 58.67GiB (62998929446 bytes) by rematerialization; only reduced to 60.72GiB (65201504360 bytes), down from 60.72GiB (65201504360 bytes) originally
2026-05-17 15:53:25.043680: W external/xla/xla/hlo/transforms/simplifiers/hlo_rematerialization.cc:3021] Can't reduce memory use below 58.67GiB (62998929446 bytes) by rematerialization; only reduced to 60.72GiB (65201504360 bytes), down from 60.72GiB (65201504360 bytes) originally
2026-05-17 15:53:25.044003: W external/xla/xla/hlo/transforms/simplifiers/hlo_rematerialization.cc:3021] Can't reduce memory use below 58.67GiB (62998929446 bytes) by rematerialization; only reduced to 60.72GiB (65201504360 bytes), down from 60.72GiB (65201504360 bytes) originally
2026-05-17 15:53:25.044527: W external/xla/xla/hlo/transforms/simplifiers/hlo_rematerialization.cc:3021] Can't reduce memory use below 58.67GiB (62998929446 bytes) by rematerialization; only reduced to 60.72GiB (65201504360 bytes), down from 60.72GiB (65201504360 bytes) originally
2026-05-17 15:53:25.045083: W external/xla/xla/hlo/transforms/simplifiers/hlo_rematerialization.cc:3021] Can't reduce memory use below 58.67GiB (62998929446 bytes) by rematerialization; only reduced to 60.72GiB (65201504360 bytes), down from 60.72GiB (65201504360 bytes) originally
2026-05-17 15:53:25.045793: W external/xla/xla/hlo/transforms/simplifiers/hlo_rematerialization.cc:3021] Can't reduce memory use below 58.67GiB (62998929446 bytes) by rematerialization; only reduced to 60.72GiB (65201504360 bytes), down from 60.72GiB (65201504360 bytes) originally
2026-05-17 15:53:25.046249: W external/xla/xla/hlo/transforms/simplifiers/hlo_rematerialization.cc:3021] Can't reduce memory use below 58.67GiB (62998929446 bytes) by rematerialization; only reduced to 60.72GiB (65201504360 bytes), down from 60.72GiB (65201504360 bytes) originally
2026-05-17 15:53:25.047657: W external/xla/xla/hlo/transforms/simplifiers/hlo_rematerialization.cc:3021] Can't reduce memory use below 58.67GiB (62998929446 bytes) by rematerialization; only reduced to 60.72GiB (65201504360 bytes), down from 60.72GiB (65201504360 bytes) originally
2026-05-17 15:53:25.048588: W external/xla/xla/hlo/transforms/simplifiers/hlo_rematerialization.cc:3021] Can't reduce memory use below 58.67GiB (62998929446 bytes) by rematerialization; only reduced to 60.72GiB (65201504360 bytes), down from 60.72GiB (65201504360 bytes) originally
2026-05-17 15:53:25.048655: W external/xla/xla/hlo/transforms/simplifiers/hlo_rematerialization.cc:3021] Can't reduce memory use below 58.67GiB (62998929446 bytes) by rematerialization; only reduced to 60.72GiB (65201504360 bytes), down from 60.72GiB (65201504360 bytes) originally
2026-05-17 15:53:25.049217: W external/xla/xla/hlo/transforms/simplifiers/hlo_rematerialization.cc:3021] Can't reduce memory use below 58.67GiB (62998929446 bytes) by rematerialization; only reduced to 60.72GiB (65201504360 bytes), down from 60.72GiB (65201504360 bytes) originally
2026-05-17 15:53:25.054311: W external/xla/xla/hlo/transforms/simplifiers/hlo_rematerialization.cc:3021] Can't reduce memory use below 58.67GiB (62998929446 bytes) by rematerialization; only reduced to 60.72GiB (65201504360 bytes), down from 60.72GiB (65201504360 bytes) originally
2026-05-17 15:53:25.055195: W external/xla/xla/hlo/transforms/simplifiers/hlo_rematerialization.cc:3021] Can't reduce memory use below 58.67GiB (62998929446 bytes) by rematerialization; only reduced to 60.72GiB (65201504360 bytes), down from 60.72GiB (65201504360 bytes) originally
2026-05-17 15:53:25.055613: W external/xla/xla/hlo/transforms/simplifiers/hlo_rematerialization.cc:3021] Can't reduce memory use below 58.67GiB (62998929446 bytes) by rematerialization; only reduced to 60.72GiB (65201504360 bytes), down from 60.72GiB (65201504360 bytes) originally
2026-05-17 15:53:25.057038: W external/xla/xla/hlo/transforms/simplifiers/hlo_rematerialization.cc:3021] Can't reduce memory use below 58.67GiB (62998929446 bytes) by rematerialization; only reduced to 60.72GiB (65201504360 bytes), down from 60.72GiB (65201504360 bytes) originally
[rchunk_dbg]   z_q_build=4603ms solve=13443ms
[mem_probe after_fit_one_rchunk chunk=0] in_use=-0.00 GB  peak=-0.00 GB  live_count=107 live_total=81.19 GB
[mem_probe after_fit_one_rchunk chunk=0]   complex128 (36, 1504, 59990) x 1 = 51.97 GB
[mem_probe after_fit_one_rchunk chunk=0]   complex128 (36, 1504, 24576) x 1 = 21.29 GB
[mem_probe after_fit_one_rchunk chunk=0]   complex128 (36, 1504, 1504) x 1 = 1.30 GB
[mem_probe after_fit_one_rchunk chunk=0]   int32 (36, 75, 75, 200) x 7 = 1.13 GB
[mem_probe after_fit_one_rchunk chunk=0]   complex128 (36, 1504, 160, 4) x 2 = 1.11 GB
[mem_probe after_fit_one_rchunk chunk=0]   complex128 (36, 160, 4, 1504) x 2 = 1.11 GB
[mem_probe after_fit_one_rchunk chunk=0]   complex128 (36, 1504, 150, 4) x 2 = 1.04 GB
[mem_probe after_fit_one_rchunk chunk=0]   complex128 (36, 150, 4, 1504) x 2 = 1.04 GB
[mem_probe after_fit_one_rchunk chunk=0]   complex128 (36, 1520, 160, 4) x 1 = 0.56 GB
[mem_probe after_fit_one_rchunk chunk=0]   complex128 (36, 160, 4, 1520) x 1 = 0.56 GB
[mem_probe after_accumulate chunk=0] in_use=-0.00 GB  peak=-0.00 GB  live_count=107 live_total=59.90 GB
[mem_probe after_accumulate chunk=0]   complex128 (36, 1504, 59990) x 1 = 51.97 GB
[mem_probe after_accumulate chunk=0]   complex128 (36, 1504, 1504) x 1 = 1.30 GB
[mem_probe after_accumulate chunk=0]   int32 (36, 75, 75, 200) x 7 = 1.13 GB
[mem_probe after_accumulate chunk=0]   complex128 (36, 1504, 160, 4) x 2 = 1.11 GB
[mem_probe after_accumulate chunk=0]   complex128 (36, 160, 4, 1504) x 2 = 1.11 GB
[mem_probe after_accumulate chunk=0]   complex128 (36, 1504, 150, 4) x 2 = 1.04 GB
[mem_probe after_accumulate chunk=0]   complex128 (36, 150, 4, 1504) x 2 = 1.04 GB
[mem_probe after_accumulate chunk=0]   complex128 (36, 1520, 160, 4) x 1 = 0.56 GB
[mem_probe after_accumulate chunk=0]   complex128 (36, 160, 4, 1520) x 1 = 0.56 GB
[mem_probe after_accumulate chunk=0]   int32 (36, 59990) x 4 = 0.03 GB
[rchunk_dbg] chunk=1/46 r=[0,24576) fit=18068ms write=791ms total=18860ms
Started zeta fitting at 15:53:43.
[ 15:53:43 | ░░░░░░░░░░ |   2% ] r-chunk  1 / 46 · ETA 0 s
[mem_probe rchunk_start chunk=1] in_use=-0.00 GB  peak=-0.00 GB  live_count=107 live_total=59.90 GB
[mem_probe rchunk_start chunk=1]   complex128 (36, 1504, 59990) x 1 = 51.97 GB
[mem_probe rchunk_start chunk=1]   complex128 (36, 1504, 1504) x 1 = 1.30 GB
[mem_probe rchunk_start chunk=1]   int32 (36, 75, 75, 200) x 7 = 1.13 GB
[mem_probe rchunk_start chunk=1]   complex128 (36, 1504, 160, 4) x 2 = 1.11 GB
[mem_probe rchunk_start chunk=1]   complex128 (36, 160, 4, 1504) x 2 = 1.11 GB
[mem_probe rchunk_start chunk=1]   complex128 (36, 1504, 150, 4) x 2 = 1.04 GB
[mem_probe rchunk_start chunk=1]   complex128 (36, 150, 4, 1504) x 2 = 1.04 GB
[mem_probe rchunk_start chunk=1]   complex128 (36, 1520, 160, 4) x 1 = 0.56 GB
[mem_probe rchunk_start chunk=1]   complex128 (36, 160, 4, 1520) x 1 = 0.56 GB
[mem_probe rchunk_start chunk=1]   int32 (36, 59990) x 4 = 0.03 GB
[rchunk_dbg]   z_q_build=5500ms solve=12795ms
[mem_probe after_fit_one_rchunk chunk=1] in_use=-0.00 GB  peak=-0.00 GB  live_count=108 live_total=81.19 GB
[mem_probe after_fit_one_rchunk chunk=1]   complex128 (36, 1504, 59990) x 1 = 51.97 GB
[mem_probe after_fit_one_rchunk chunk=1]   complex128 (36, 1504, 24576) x 1 = 21.29 GB
[mem_probe after_fit_one_rchunk chunk=1]   complex128 (36, 1504, 1504) x 1 = 1.30 GB
[mem_probe after_fit_one_rchunk chunk=1]   int32 (36, 75, 75, 200) x 7 = 1.13 GB
[mem_probe after_fit_one_rchunk chunk=1]   complex128 (36, 1504, 160, 4) x 2 = 1.11 GB
[mem_probe after_fit_one_rchunk chunk=1]   complex128 (36, 160, 4, 1504) x 2 = 1.11 GB
[mem_probe after_fit_one_rchunk chunk=1]   complex128 (36, 1504, 150, 4) x 2 = 1.04 GB
[mem_probe after_fit_one_rchunk chunk=1]   complex128 (36, 150, 4, 1504) x 2 = 1.04 GB
[mem_probe after_fit_one_rchunk chunk=1]   complex128 (36, 1520, 160, 4) x 1 = 0.56 GB
[mem_probe after_fit_one_rchunk chunk=1]   complex128 (36, 160, 4, 1520) x 1 = 0.56 GB
[mem_probe after_accumulate chunk=1] in_use=-0.00 GB  peak=-0.00 GB  live_count=107 live_total=59.90 GB
[mem_probe after_accumulate chunk=1]   complex128 (36, 1504, 59990) x 1 = 51.97 GB
[mem_probe after_accumulate chunk=1]   complex128 (36, 1504, 1504) x 1 = 1.30 GB
[mem_probe after_accumulate chunk=1]   int32 (36, 75, 75, 200) x 7 = 1.13 GB
[mem_probe after_accumulate chunk=1]   complex128 (36, 1504, 160, 4) x 2 = 1.11 GB
[mem_probe after_accumulate chunk=1]   complex128 (36, 160, 4, 1504) x 2 = 1.11 GB
[mem_probe after_accumulate chunk=1]   complex128 (36, 1504, 150, 4) x 2 = 1.04 GB
[mem_probe after_accumulate chunk=1]   complex128 (36, 150, 4, 1504) x 2 = 1.04 GB
[mem_probe after_accumulate chunk=1]   complex128 (36, 1520, 160, 4) x 1 = 0.56 GB
[mem_probe after_accumulate chunk=1]   complex128 (36, 160, 4, 1520) x 1 = 0.56 GB
[mem_probe after_accumulate chunk=1]   int32 (36, 59990) x 4 = 0.03 GB
[rchunk_dbg] chunk=2/46 r=[24576,49152) fit=18297ms write=581ms total=18879ms
[mem_probe rchunk_start chunk=2] in_use=-0.00 GB  peak=-0.00 GB  live_count=107 live_total=59.90 GB
[mem_probe rchunk_start chunk=2]   complex128 (36, 1504, 59990) x 1 = 51.97 GB
[mem_probe rchunk_start chunk=2]   complex128 (36, 1504, 1504) x 1 = 1.30 GB
[mem_probe rchunk_start chunk=2]   int32 (36, 75, 75, 200) x 7 = 1.13 GB
[mem_probe rchunk_start chunk=2]   complex128 (36, 1504, 160, 4) x 2 = 1.11 GB
[mem_probe rchunk_start chunk=2]   complex128 (36, 160, 4, 1504) x 2 = 1.11 GB
[mem_probe rchunk_start chunk=2]   complex128 (36, 1504, 150, 4) x 2 = 1.04 GB
[mem_probe rchunk_start chunk=2]   complex128 (36, 150, 4, 1504) x 2 = 1.04 GB
[mem_probe rchunk_start chunk=2]   complex128 (36, 1520, 160, 4) x 1 = 0.56 GB
[mem_probe rchunk_start chunk=2]   complex128 (36, 160, 4, 1520) x 1 = 0.56 GB
[mem_probe rchunk_start chunk=2]   int32 (36, 59990) x 4 = 0.03 GB
[rchunk_dbg]   z_q_build=4659ms solve=12794ms
[mem_probe after_fit_one_rchunk chunk=2] in_use=-0.00 GB  peak=-0.00 GB  live_count=108 live_total=81.19 GB
[mem_probe after_fit_one_rchunk chunk=2]   complex128 (36, 1504, 59990) x 1 = 51.97 GB
[mem_probe after_fit_one_rchunk chunk=2]   complex128 (36, 1504, 24576) x 1 = 21.29 GB
[mem_probe after_fit_one_rchunk chunk=2]   complex128 (36, 1504, 1504) x 1 = 1.30 GB
[mem_probe after_fit_one_rchunk chunk=2]   int32 (36, 75, 75, 200) x 7 = 1.13 GB
[mem_probe after_fit_one_rchunk chunk=2]   complex128 (36, 1504, 160, 4) x 2 = 1.11 GB
[mem_probe after_fit_one_rchunk chunk=2]   complex128 (36, 160, 4, 1504) x 2 = 1.11 GB
[mem_probe after_fit_one_rchunk chunk=2]   complex128 (36, 1504, 150, 4) x 2 = 1.04 GB
[mem_probe after_fit_one_rchunk chunk=2]   complex128 (36, 150, 4, 1504) x 2 = 1.04 GB
[mem_probe after_fit_one_rchunk chunk=2]   complex128 (36, 1520, 160, 4) x 1 = 0.56 GB
[mem_probe after_fit_one_rchunk chunk=2]   complex128 (36, 160, 4, 1520) x 1 = 0.56 GB
[mem_probe after_accumulate chunk=2] in_use=-0.00 GB  peak=-0.00 GB  live_count=107 live_total=59.90 GB
[mem_probe after_accumulate chunk=2]   complex128 (36, 1504, 59990) x 1 = 51.97 GB
[mem_probe after_accumulate chunk=2]   complex128 (36, 1504, 1504) x 1 = 1.30 GB
[mem_probe after_accumulate chunk=2]   int32 (36, 75, 75, 200) x 7 = 1.13 GB
[mem_probe after_accumulate chunk=2]   complex128 (36, 1504, 160, 4) x 2 = 1.11 GB
[mem_probe after_accumulate chunk=2]   complex128 (36, 160, 4, 1504) x 2 = 1.11 GB
[mem_probe after_accumulate chunk=2]   complex128 (36, 1504, 150, 4) x 2 = 1.04 GB
[mem_probe after_accumulate chunk=2]   complex128 (36, 150, 4, 1504) x 2 = 1.04 GB
[mem_probe after_accumulate chunk=2]   complex128 (36, 1520, 160, 4) x 1 = 0.56 GB
[mem_probe after_accumulate chunk=2]   complex128 (36, 160, 4, 1520) x 1 = 0.56 GB
[mem_probe after_accumulate chunk=2]   int32 (36, 59990) x 4 = 0.03 GB
[rchunk_dbg] chunk=3/46 r=[49152,73728) fit=17454ms write=591ms total=18046ms
[ 15:54:20 | █░░░░░░░░░ |   7% ] r-chunk  3 / 46 · ETA 529 s
[rchunk_dbg] LORRAX_MAX_RCHUNKS=3 reached after chunk 3; breaking r-chunk loop for profiling.
Finished zeta fitting at 15:54:20.  Elapsed: 37 s.
  [SlabIO.close] draining 1 pending writes for zeta_q_mu2.h5 …
  [SlabIO.close] Python dispatch drained in 13.5 s; joining writer thread
  [SlabIO.close] writer thread joined in 0.0 s; calling H5Fclose collectively
  [SlabIO.close] H5Fclose returned in 0.8 s
  Zeta output: /pscratch/sd/j/jackm/lorrax_sandbox/runs/CrI3/M_6x6_80Ry_2026-05-07/0X_lorrax_bispinor_fullbz_16gpu_2026-05-16/v3_sb/tmp/zeta_q_mu2.h5  shape: (n_q_disk=36 of 6·6·1=36 full-BZ, n_rtot=1125000, n_rmu=1504)
  Timing (46 r-chunks, 55.7s total):
    fit     53.50s  96.1%
    H5       2.14s   3.8%
  Zeta output: /pscratch/sd/j/jackm/lorrax_sandbox/runs/CrI3/M_6x6_80Ry_2026-05-07/0X_lorrax_bispinor_fullbz_16gpu_2026-05-16/v3_sb/tmp/zeta_q_mu2.h5  shape: (n_q_disk=36 of 6·6·1=36 full-BZ, n_rtot=1125000, n_rmu=1504)
  Timing (46 r-chunks, 55.7s total):
    fit     53.50s  96.1%
    H5       2.12s   3.8%
  Zeta output: /pscratch/sd/j/jackm/lorrax_sandbox/runs/CrI3/M_6x6_80Ry_2026-05-07/0X_lorrax_bispinor_fullbz_16gpu_2026-05-16/v3_sb/tmp/zeta_q_mu2.h5  shape: (n_q_disk=36 of 6·6·1=36 full-BZ, n_rtot=1125000, n_rmu=1504)
  Timing (46 r-chunks, 55.7s total):
    fit     53.52s  96.0%
    H5       2.17s   3.9%
  Zeta output: /pscratch/sd/j/jackm/lorrax_sandbox/runs/CrI3/M_6x6_80Ry_2026-05-07/0X_lorrax_bispinor_fullbz_16gpu_2026-05-16/v3_sb/tmp/zeta_q_mu2.h5  shape: (n_q_disk=36 of 6·6·1=36 full-BZ, n_rtot=1125000, n_rmu=1504)
  Timing (46 r-chunks, 55.8s total):
    fit     53.47s  95.9%
    H5       2.23s   4.0%
  Zeta output: /pscratch/sd/j/jackm/lorrax_sandbox/runs/CrI3/M_6x6_80Ry_2026-05-07/0X_lorrax_bispinor_fullbz_16gpu_2026-05-16/v3_sb/tmp/zeta_q_mu2.h5  shape: (n_q_disk=36 of 6·6·1=36 full-BZ, n_rtot=1125000, n_rmu=1504)
  Timing (46 r-chunks, 55.7s total):
  Zeta output: /pscratch/sd/j/jackm/lorrax_sandbox/runs/CrI3/M_6x6_80Ry_2026-05-07/0X_lorrax_bispinor_fullbz_16gpu_2026-05-16/v3_sb/tmp/zeta_q_mu2.h5  shape: (n_q_disk=36 of 6·6·1=36 full-BZ, n_rtot=1125000, n_rmu=1504)
  Timing (46 r-chunks, 55.7s total):
    fit     53.48s  95.9%
    H5       2.21s   4.0%
  Zeta output: /pscratch/sd/j/jackm/lorrax_sandbox/runs/CrI3/M_6x6_80Ry_2026-05-07/0X_lorrax_bispinor_fullbz_16gpu_2026-05-16/v3_sb/tmp/zeta_q_mu2.h5  shape: (n_q_disk=36 of 6·6·1=36 full-BZ, n_rtot=1125000, n_rmu=1504)
  Timing (46 r-chunks, 55.8s total):
    fit     52.26s  93.6%
  Zeta output: /pscratch/sd/j/jackm/lorrax_sandbox/runs/CrI3/M_6x6_80Ry_2026-05-07/0X_lorrax_bispinor_fullbz_16gpu_2026-05-16/v3_sb/tmp/zeta_q_mu2.h5  shape: (n_q_disk=36 of 6·6·1=36 full-BZ, n_rtot=1125000, n_rmu=1504)
  Timing (46 r-chunks, 55.7s total):
  Zeta output: /pscratch/sd/j/jackm/lorrax_sandbox/runs/CrI3/M_6x6_80Ry_2026-05-07/0X_lorrax_bispinor_fullbz_16gpu_2026-05-16/v3_sb/tmp/zeta_q_mu2.h5  shape: (n_q_disk=36 of 6·6·1=36 full-BZ, n_rtot=1125000, n_rmu=1504)
  Timing (46 r-chunks, 55.8s total):
    fit     53.49s  95.9%
    H5       3.53s   6.3%
    fit     53.47s  96.0%
    H5       2.21s   4.0%
    H5       2.21s   4.0%
  Zeta output: /pscratch/sd/j/jackm/lorrax_sandbox/runs/CrI3/M_6x6_80Ry_2026-05-07/0X_lorrax_bispinor_fullbz_16gpu_2026-05-16/v3_sb/tmp/zeta_q_mu2.h5  shape: (n_q_disk=36 of 6·6·1=36 full-BZ, n_rtot=1125000, n_rmu=1504)
  Timing (46 r-chunks, 55.8s total):
    fit     53.61s  96.1%
    H5       2.12s   3.8%
  Zeta output: /pscratch/sd/j/jackm/lorrax_sandbox/runs/CrI3/M_6x6_80Ry_2026-05-07/0X_lorrax_bispinor_fullbz_16gpu_2026-05-16/v3_sb/tmp/zeta_q_mu2.h5  shape: (n_q_disk=36 of 6·6·1=36 full-BZ, n_rtot=1125000, n_rmu=1504)
    fit     53.50s  96.1%
    H5       2.15s   3.9%
  Zeta output: /pscratch/sd/j/jackm/lorrax_sandbox/runs/CrI3/M_6x6_80Ry_2026-05-07/0X_lorrax_bispinor_fullbz_16gpu_2026-05-16/v3_sb/tmp/zeta_q_mu2.h5  shape: (n_q_disk=36 of 6·6·1=36 full-BZ, n_rtot=1125000, n_rmu=1504)
  Timing (46 r-chunks, 55.8s total):
    fit     52.24s  93.5%
    H5       3.56s   6.4%
  Zeta output: /pscratch/sd/j/jackm/lorrax_sandbox/runs/CrI3/M_6x6_80Ry_2026-05-07/0X_lorrax_bispinor_fullbz_16gpu_2026-05-16/v3_sb/tmp/zeta_q_mu2.h5  shape: (n_q_disk=36 of 6·6·1=36 full-BZ, n_rtot=1125000, n_rmu=1504)
  Timing (46 r-chunks, 55.8s total):
    fit     53.58s  96.0%
    H5       2.16s   3.9%
  Timing (46 r-chunks, 55.8s total):
    fit     53.58s  96.1%
    H5       2.15s   3.9%
  Zeta output: /pscratch/sd/j/jackm/lorrax_sandbox/runs/CrI3/M_6x6_80Ry_2026-05-07/0X_lorrax_bispinor_fullbz_16gpu_2026-05-16/v3_sb/tmp/zeta_q_mu2.h5  shape: (n_q_disk=36 of 6·6·1=36 full-BZ, n_rtot=1125000, n_rmu=1504)
  Timing (46 r-chunks, 55.8s total):
    fit     53.60s  96.1%
    H5       2.15s   3.9%
  Zeta output: /pscratch/sd/j/jackm/lorrax_sandbox/runs/CrI3/M_6x6_80Ry_2026-05-07/0X_lorrax_bispinor_fullbz_16gpu_2026-05-16/v3_sb/tmp/zeta_q_mu2.h5  shape: (n_q_disk=36 of 6·6·1=36 full-BZ, n_rtot=1125000, n_rmu=1504)
  Timing (46 r-chunks, 55.8s total):
    fit     52.23s  93.6%
    H5       3.55s   6.4%
  Zeta output: /pscratch/sd/j/jackm/lorrax_sandbox/runs/CrI3/M_6x6_80Ry_2026-05-07/0X_lorrax_bispinor_fullbz_16gpu_2026-05-16/v3_sb/tmp/zeta_q_mu2.h5  shape: (n_q_disk=36 of 6·6·1=36 full-BZ, n_rtot=1125000, n_rmu=1504)
  Timing (46 r-chunks, 55.8s total):
    fit     53.82s  96.4%
    H5       1.96s   3.5%
[mem_probe zeta_fit_end] in_use=-0.00 GB  peak=-0.00 GB  live_count=109 live_total=7.94 GB
[mem_probe zeta_fit_end]   complex128 (36, 1504, 1504) x 1 = 1.30 GB
[mem_probe zeta_fit_end]   int32 (36, 75, 75, 200) x 7 = 1.13 GB
[mem_probe zeta_fit_end]   complex128 (36, 1504, 160, 4) x 2 = 1.11 GB
[mem_probe zeta_fit_end]   complex128 (36, 160, 4, 1504) x 2 = 1.11 GB
[mem_probe zeta_fit_end]   complex128 (36, 1504, 150, 4) x 2 = 1.04 GB
[mem_probe zeta_fit_end]   complex128 (36, 150, 4, 1504) x 2 = 1.04 GB
[mem_probe zeta_fit_end]   complex128 (36, 1520, 160, 4) x 1 = 0.56 GB
[mem_probe zeta_fit_end]   complex128 (36, 160, 4, 1520) x 1 = 0.56 GB
[mem_probe zeta_fit_end]   int32 (36, 59990) x 4 = 0.03 GB
[mem_probe zeta_fit_end]   complex128 (36, 59990) x 1 = 0.03 GB

  Zeta fitting: 46 r-chunks x 24576 r-points, 160 bands (150 left + 160 right)
  Output: /pscratch/sd/j/jackm/lorrax_sandbox/runs/CrI3/M_6x6_80Ry_2026-05-07/0X_lorrax_bispinor_fullbz_16gpu_2026-05-16/v3_sb/tmp/zeta_q_mu3.h5

  Zeta fitting: 46 r-chunks x 24576 r-points, 160 bands (150 left + 160 right)
  Output: /pscratch/sd/j/jackm/lorrax_sandbox/runs/CrI3/M_6x6_80Ry_2026-05-07/0X_lorrax_bispinor_fullbz_16gpu_2026-05-16/v3_sb/tmp/zeta_q_mu3.h5

  Zeta fitting: 46 r-chunks x 24576 r-points, 160 bands (150 left + 160 right)
  Output: /pscratch/sd/j/jackm/lorrax_sandbox/runs/CrI3/M_6x6_80Ry_2026-05-07/0X_lorrax_bispinor_fullbz_16gpu_2026-05-16/v3_sb/tmp/zeta_q_mu3.h5

  Zeta fitting: 46 r-chunks x 24576 r-points, 160 bands (150 left + 160 right)
  Output: /pscratch/sd/j/jackm/lorrax_sandbox/runs/CrI3/M_6x6_80Ry_2026-05-07/0X_lorrax_bispinor_fullbz_16gpu_2026-05-16/v3_sb/tmp/zeta_q_mu3.h5

  Zeta fitting: 46 r-chunks x 24576 r-points, 160 bands (150 left + 160 right)
  Output: /pscratch/sd/j/jackm/lorrax_sandbox/runs/CrI3/M_6x6_80Ry_2026-05-07/0X_lorrax_bispinor_fullbz_16gpu_2026-05-16/v3_sb/tmp/zeta_q_mu3.h5

  Zeta fitting: 46 r-chunks x 24576 r-points, 160 bands (150 left + 160 right)
  Output: /pscratch/sd/j/jackm/lorrax_sandbox/runs/CrI3/M_6x6_80Ry_2026-05-07/0X_lorrax_bispinor_fullbz_16gpu_2026-05-16/v3_sb/tmp/zeta_q_mu3.h5

  Zeta fitting: 46 r-chunks x 24576 r-points, 160 bands (150 left + 160 right)
  Output: /pscratch/sd/j/jackm/lorrax_sandbox/runs/CrI3/M_6x6_80Ry_2026-05-07/0X_lorrax_bispinor_fullbz_16gpu_2026-05-16/v3_sb/tmp/zeta_q_mu3.h5

  Zeta fitting: 46 r-chunks x 24576 r-points, 160 bands (150 left + 160 right)
  Output: /pscratch/sd/j/jackm/lorrax_sandbox/runs/CrI3/M_6x6_80Ry_2026-05-07/0X_lorrax_bispinor_fullbz_16gpu_2026-05-16/v3_sb/tmp/zeta_q_mu3.h5

  Zeta fitting: 46 r-chunks x 24576 r-points, 160 bands (150 left + 160 right)
  Output: /pscratch/sd/j/jackm/lorrax_sandbox/runs/CrI3/M_6x6_80Ry_2026-05-07/0X_lorrax_bispinor_fullbz_16gpu_2026-05-16/v3_sb/tmp/zeta_q_mu3.h5

  Zeta fitting: 46 r-chunks x 24576 r-points, 160 bands (150 left + 160 right)
  Output: /pscratch/sd/j/jackm/lorrax_sandbox/runs/CrI3/M_6x6_80Ry_2026-05-07/0X_lorrax_bispinor_fullbz_16gpu_2026-05-16/v3_sb/tmp/zeta_q_mu3.h5

  Zeta fitting: 46 r-chunks x 24576 r-points, 160 bands (150 left + 160 right)
  Output: /pscratch/sd/j/jackm/lorrax_sandbox/runs/CrI3/M_6x6_80Ry_2026-05-07/0X_lorrax_bispinor_fullbz_16gpu_2026-05-16/v3_sb/tmp/zeta_q_mu3.h5

  Zeta fitting: 46 r-chunks x 24576 r-points, 160 bands (150 left + 160 right)
  Output: /pscratch/sd/j/jackm/lorrax_sandbox/runs/CrI3/M_6x6_80Ry_2026-05-07/0X_lorrax_bispinor_fullbz_16gpu_2026-05-16/v3_sb/tmp/zeta_q_mu3.h5

  Zeta fitting: 46 r-chunks x 24576 r-points, 160 bands (150 left + 160 right)
  Output: /pscratch/sd/j/jackm/lorrax_sandbox/runs/CrI3/M_6x6_80Ry_2026-05-07/0X_lorrax_bispinor_fullbz_16gpu_2026-05-16/v3_sb/tmp/zeta_q_mu3.h5

  Zeta fitting: 46 r-chunks x 24576 r-points, 160 bands (150 left + 160 right)
  Output: /pscratch/sd/j/jackm/lorrax_sandbox/runs/CrI3/M_6x6_80Ry_2026-05-07/0X_lorrax_bispinor_fullbz_16gpu_2026-05-16/v3_sb/tmp/zeta_q_mu3.h5

  Zeta fitting: 46 r-chunks x 24576 r-points, 160 bands (150 left + 160 right)
  Output: /pscratch/sd/j/jackm/lorrax_sandbox/runs/CrI3/M_6x6_80Ry_2026-05-07/0X_lorrax_bispinor_fullbz_16gpu_2026-05-16/v3_sb/tmp/zeta_q_mu3.h5
  [bispinor] μ_L=3 → /pscratch/sd/j/jackm/lorrax_sandbox/runs/CrI3/M_6x6_80Ry_2026-05-07/0X_lorrax_bispinor_fullbz_16gpu_2026-05-16/v3_sb/tmp/zeta_q_mu3.h5
[mem_probe zeta_fit_start] in_use=-0.00 GB  peak=-0.00 GB  live_count=91 live_total=3.44 GB
[mem_probe zeta_fit_start]   int32 (36, 75, 75, 200) x 7 = 1.13 GB
[mem_probe zeta_fit_start]   complex128 (36, 1520, 160, 4) x 1 = 0.56 GB
[mem_probe zeta_fit_start]   complex128 (36, 160, 4, 1520) x 1 = 0.56 GB
[mem_probe zeta_fit_start]   complex128 (36, 1504, 160, 4) x 1 = 0.55 GB
[mem_probe zeta_fit_start]   complex128 (36, 160, 4, 1504) x 1 = 0.55 GB
[mem_probe zeta_fit_start]   int32 (36, 59990) x 4 = 0.03 GB
[mem_probe zeta_fit_start]   complex128 (36, 59990) x 1 = 0.03 GB
[mem_probe zeta_fit_start]   complex128 (36, 1508) x 6 = 0.01 GB
[mem_probe zeta_fit_start]   complex128 (36, 1504) x 6 = 0.01 GB
[mem_probe zeta_fit_start]   complex128 (36, 200) x 4 = 0.00 GB

  Zeta fitting: 46 r-chunks x 24576 r-points, 160 bands (150 left + 160 right)
  Output: /pscratch/sd/j/jackm/lorrax_sandbox/runs/CrI3/M_6x6_80Ry_2026-05-07/0X_lorrax_bispinor_fullbz_16gpu_2026-05-16/v3_sb/tmp/zeta_q_mu3.h5
  Left wfns:  (36, 150, 4, 1504)
  Right wfns: (36, 160, 4, 1504)
  Computing C_q via shard_map pipeline (open-spin, transverse γ̃^3)
  Left wfns:  (36, 150, 4, 1504)
  Right wfns: (36, 160, 4, 1504)
  Left wfns:  (36, 150, 4, 1504)
  Right wfns: (36, 160, 4, 1504)
  Left wfns:  (36, 150, 4, 1504)
  Right wfns: (36, 160, 4, 1504)
  Left wfns:  (36, 150, 4, 1504)
  Right wfns: (36, 160, 4, 1504)
  Left wfns:  (36, 150, 4, 1504)
  Right wfns: (36, 160, 4, 1504)
  Left wfns:  (36, 150, 4, 1504)
  Right wfns: (36, 160, 4, 1504)
  Left wfns:  (36, 150, 4, 1504)
  Right wfns: (36, 160, 4, 1504)
  Left wfns:  (36, 150, 4, 1504)
  Right wfns: (36, 160, 4, 1504)
  Left wfns:  (36, 150, 4, 1504)
  Right wfns: (36, 160, 4, 1504)
  Left wfns:  (36, 150, 4, 1504)
  Right wfns: (36, 160, 4, 1504)
  Left wfns:  (36, 150, 4, 1504)
  Right wfns: (36, 160, 4, 1504)
  Left wfns:  (36, 150, 4, 1504)
  Right wfns: (36, 160, 4, 1504)
  Left wfns:  (36, 150, 4, 1504)
  Right wfns: (36, 160, 4, 1504)
  Left wfns:  (36, 150, 4, 1504)
  Right wfns: (36, 160, 4, 1504)
  Left wfns:  (36, 150, 4, 1504)
  Right wfns: (36, 160, 4, 1504)
  Pass through C_q  [γ̃^3 indefinite — path=cusolvermp_lu]
  L_q: (36, 1504, 1504)
  Computing C_q via shard_map pipeline (open-spin, transverse γ̃^3)
  Computing C_q via shard_map pipeline (open-spin, transverse γ̃^3)
  Computing C_q via shard_map pipeline (open-spin, transverse γ̃^3)
  Computing C_q via shard_map pipeline (open-spin, transverse γ̃^3)
  Computing C_q via shard_map pipeline (open-spin, transverse γ̃^3)
  Computing C_q via shard_map pipeline (open-spin, transverse γ̃^3)
  Computing C_q via shard_map pipeline (open-spin, transverse γ̃^3)
  Computing C_q via shard_map pipeline (open-spin, transverse γ̃^3)
  Computing C_q via shard_map pipeline (open-spin, transverse γ̃^3)
  Computing C_q via shard_map pipeline (open-spin, transverse γ̃^3)
  Computing C_q via shard_map pipeline (open-spin, transverse γ̃^3)
  Computing C_q via shard_map pipeline (open-spin, transverse γ̃^3)
  Computing C_q via shard_map pipeline (open-spin, transverse γ̃^3)
  Computing C_q via shard_map pipeline (open-spin, transverse γ̃^3)
  Computing C_q via shard_map pipeline (open-spin, transverse γ̃^3)
  Pass through C_q  [γ̃^3 indefinite — path=cusolvermp_lu]
  L_q: (36, 1504, 1504)
  Pass through C_q  [γ̃^3 indefinite — path=cusolvermp_lu]
  L_q: (36, 1504, 1504)
  Pass through C_q  [γ̃^3 indefinite — path=cusolvermp_lu]
  L_q: (36, 1504, 1504)
  Pass through C_q  [γ̃^3 indefinite — path=cusolvermp_lu]
  L_q: (36, 1504, 1504)
  Pass through C_q  [γ̃^3 indefinite — path=cusolvermp_lu]
  L_q: (36, 1504, 1504)
  Pass through C_q  [γ̃^3 indefinite — path=cusolvermp_lu]
  L_q: (36, 1504, 1504)
  Pass through C_q  [γ̃^3 indefinite — path=cusolvermp_lu]
  L_q: (36, 1504, 1504)
  Pass through C_q  [γ̃^3 indefinite — path=cusolvermp_lu]
  L_q: (36, 1504, 1504)
  Pass through C_q  [γ̃^3 indefinite — path=cusolvermp_lu]
  L_q: (36, 1504, 1504)
  Pass through C_q  [γ̃^3 indefinite — path=cusolvermp_lu]
  L_q: (36, 1504, 1504)
  Pass through C_q  [γ̃^3 indefinite — path=cusolvermp_lu]
  L_q: (36, 1504, 1504)
  Pass through C_q  [γ̃^3 indefinite — path=cusolvermp_lu]
  L_q: (36, 1504, 1504)
  Pass through C_q  [γ̃^3 indefinite — path=cusolvermp_lu]
  L_q: (36, 1504, 1504)
  Pass through C_q  [γ̃^3 indefinite — path=cusolvermp_lu]
  L_q: (36, 1504, 1504)
  Pass through C_q  [γ̃^3 indefinite — path=cusolvermp_lu]
  L_q: (36, 1504, 1504)
  q axis on disk: full BZ (36 q-points) (write_ibz_only=False or closure check failed)
  q axis on disk: full BZ (36 q-points) (write_ibz_only=False or closure check failed)
  q axis on disk: full BZ (36 q-points) (write_ibz_only=False or closure check failed)
  q axis on disk: full BZ (36 q-points) (write_ibz_only=False or closure check failed)
  q axis on disk: full BZ (36 q-points) (write_ibz_only=False or closure check failed)
  q axis on disk: full BZ (36 q-points) (write_ibz_only=False or closure check failed)
  q axis on disk: full BZ (36 q-points) (write_ibz_only=False or closure check failed)
  q axis on disk: full BZ (36 q-points) (write_ibz_only=False or closure check failed)
  q axis on disk: full BZ (36 q-points) (write_ibz_only=False or closure check failed)
  q axis on disk: full BZ (36 q-points) (write_ibz_only=False or closure check failed)
  q axis on disk: full BZ (36 q-points) (write_ibz_only=False or closure check failed)
  q axis on disk: full BZ (36 q-points) (write_ibz_only=False or closure check failed)
  q axis on disk: full BZ (36 q-points) (write_ibz_only=False or closure check failed)
  q axis on disk: full BZ (36 q-points) (write_ibz_only=False or closure check failed)
  q axis on disk: full BZ (36 q-points) (write_ibz_only=False or closure check failed)
  q axis on disk: full BZ (36 q-points) (write_ibz_only=False or closure check failed)
  G-flat ζ sphere: ngkmax=59990, min ngk=59826, max ngk=59990 (5.332% of n_rtot)
/global/homes/j/jackm/software/lorrax_B/src/file_io/_slab_io_ffi.py:453: UserWarning: FFI backend: chunks/attrs on create_dataset currently no-op; pre-create with h5py if you need explicit chunking or attrs.
  warnings.warn(
/global/homes/j/jackm/software/lorrax_B/src/file_io/_slab_io_ffi.py:453: UserWarning: FFI backend: chunks/attrs on create_dataset currently no-op; pre-create with h5py if you need explicit chunking or attrs.
  warnings.warn(
/global/homes/j/jackm/software/lorrax_B/src/file_io/_slab_io_ffi.py:453: UserWarning: FFI backend: chunks/attrs on create_dataset currently no-op; pre-create with h5py if you need explicit chunking or attrs.
  warnings.warn(
/global/homes/j/jackm/software/lorrax_B/src/file_io/_slab_io_ffi.py:453: UserWarning: FFI backend: chunks/attrs on create_dataset currently no-op; pre-create with h5py if you need explicit chunking or attrs.
  warnings.warn(
/global/homes/j/jackm/software/lorrax_B/src/file_io/_slab_io_ffi.py:453: UserWarning: FFI backend: chunks/attrs on create_dataset currently no-op; pre-create with h5py if you need explicit chunking or attrs.
  warnings.warn(
/global/homes/j/jackm/software/lorrax_B/src/file_io/_slab_io_ffi.py:453: UserWarning: FFI backend: chunks/attrs on create_dataset currently no-op; pre-create with h5py if you need explicit chunking or attrs.
  warnings.warn(
/global/homes/j/jackm/software/lorrax_B/src/file_io/_slab_io_ffi.py:453: UserWarning: FFI backend: chunks/attrs on create_dataset currently no-op; pre-create with h5py if you need explicit chunking or attrs.
  warnings.warn(
/global/homes/j/jackm/software/lorrax_B/src/file_io/_slab_io_ffi.py:453: UserWarning: FFI backend: chunks/attrs on create_dataset currently no-op; pre-create with h5py if you need explicit chunking or attrs.
  warnings.warn(
/global/homes/j/jackm/software/lorrax_B/src/file_io/_slab_io_ffi.py:453: UserWarning: FFI backend: chunks/attrs on create_dataset currently no-op; pre-create with h5py if you need explicit chunking or attrs.
  warnings.warn(
/global/homes/j/jackm/software/lorrax_B/src/file_io/_slab_io_ffi.py:453: UserWarning: FFI backend: chunks/attrs on create_dataset currently no-op; pre-create with h5py if you need explicit chunking or attrs.
  warnings.warn(
/global/homes/j/jackm/software/lorrax_B/src/file_io/_slab_io_ffi.py:453: UserWarning: FFI backend: chunks/attrs on create_dataset currently no-op; pre-create with h5py if you need explicit chunking or attrs.
  warnings.warn(
/global/homes/j/jackm/software/lorrax_B/src/file_io/_slab_io_ffi.py:453: UserWarning: FFI backend: chunks/attrs on create_dataset currently no-op; pre-create with h5py if you need explicit chunking or attrs.
  warnings.warn(
/global/homes/j/jackm/software/lorrax_B/src/file_io/_slab_io_ffi.py:453: UserWarning: FFI backend: chunks/attrs on create_dataset currently no-op; pre-create with h5py if you need explicit chunking or attrs.
  warnings.warn(
/global/homes/j/jackm/software/lorrax_B/src/file_io/_slab_io_ffi.py:453: UserWarning: FFI backend: chunks/attrs on create_dataset currently no-op; pre-create with h5py if you need explicit chunking or attrs.
  warnings.warn(
/global/homes/j/jackm/software/lorrax_B/src/file_io/_slab_io_ffi.py:453: UserWarning: FFI backend: chunks/attrs on create_dataset currently no-op; pre-create with h5py if you need explicit chunking or attrs.
  warnings.warn(
/global/homes/j/jackm/software/lorrax_B/src/file_io/_slab_io_ffi.py:453: UserWarning: FFI backend: chunks/attrs on create_dataset currently no-op; pre-create with h5py if you need explicit chunking or attrs.
  warnings.warn(
  ψ(G-flat) host cache: 1.38 GB/process resident
  G-flat ζ accumulator: N=3384 rows/rank (n_q=36 × n_mu_local=94); chunk_size=100 → per-iter FFT box 1.80 GB/rank
[mem_probe pre_rchunk_loop] in_use=-0.00 GB  peak=-0.00 GB  live_count=108 live_total=60.07 GB
[mem_probe pre_rchunk_loop]   complex128 (36, 1504, 59990) x 1 = 51.97 GB
[mem_probe pre_rchunk_loop]   complex128 (36, 1504, 1504) x 1 = 1.30 GB
[mem_probe pre_rchunk_loop]   int32 (36, 75, 75, 200) x 8 = 1.30 GB
[mem_probe pre_rchunk_loop]   complex128 (36, 1504, 160, 4) x 2 = 1.11 GB
[mem_probe pre_rchunk_loop]   complex128 (36, 160, 4, 1504) x 2 = 1.11 GB
[mem_probe pre_rchunk_loop]   complex128 (36, 1504, 150, 4) x 2 = 1.04 GB
[mem_probe pre_rchunk_loop]   complex128 (36, 150, 4, 1504) x 2 = 1.04 GB
[mem_probe pre_rchunk_loop]   complex128 (36, 1520, 160, 4) x 1 = 0.56 GB
[mem_probe pre_rchunk_loop]   complex128 (36, 160, 4, 1520) x 1 = 0.56 GB
[mem_probe pre_rchunk_loop]   int32 (36, 59990) x 4 = 0.03 GB
[mem_probe rchunk_start chunk=0] in_use=-0.00 GB  peak=-0.00 GB  live_count=108 live_total=60.07 GB
[mem_probe rchunk_start chunk=0]   complex128 (36, 1504, 59990) x 1 = 51.97 GB
[mem_probe rchunk_start chunk=0]   complex128 (36, 1504, 1504) x 1 = 1.30 GB
[mem_probe rchunk_start chunk=0]   int32 (36, 75, 75, 200) x 8 = 1.30 GB
[mem_probe rchunk_start chunk=0]   complex128 (36, 1504, 160, 4) x 2 = 1.11 GB
[mem_probe rchunk_start chunk=0]   complex128 (36, 160, 4, 1504) x 2 = 1.11 GB
[mem_probe rchunk_start chunk=0]   complex128 (36, 1504, 150, 4) x 2 = 1.04 GB
[mem_probe rchunk_start chunk=0]   complex128 (36, 150, 4, 1504) x 2 = 1.04 GB
[mem_probe rchunk_start chunk=0]   complex128 (36, 1520, 160, 4) x 1 = 0.56 GB
[mem_probe rchunk_start chunk=0]   complex128 (36, 160, 4, 1520) x 1 = 0.56 GB
[mem_probe rchunk_start chunk=0]   int32 (36, 59990) x 4 = 0.03 GB
2026-05-17 15:54:41.408083: W external/xla/xla/hlo/transforms/simplifiers/hlo_rematerialization.cc:3021] Can't reduce memory use below 58.67GiB (62998929446 bytes) by rematerialization; only reduced to 60.72GiB (65201504360 bytes), down from 60.72GiB (65201504360 bytes) originally
2026-05-17 15:54:41.663129: W external/xla/xla/hlo/transforms/simplifiers/hlo_rematerialization.cc:3021] Can't reduce memory use below 58.67GiB (62998929446 bytes) by rematerialization; only reduced to 60.72GiB (65201504360 bytes), down from 60.72GiB (65201504360 bytes) originally
2026-05-17 15:54:41.665214: W external/xla/xla/hlo/transforms/simplifiers/hlo_rematerialization.cc:3021] Can't reduce memory use below 58.67GiB (62998929446 bytes) by rematerialization; only reduced to 60.72GiB (65201504360 bytes), down from 60.72GiB (65201504360 bytes) originally
2026-05-17 15:54:41.665784: W external/xla/xla/hlo/transforms/simplifiers/hlo_rematerialization.cc:3021] Can't reduce memory use below 58.67GiB (62998929446 bytes) by rematerialization; only reduced to 60.72GiB (65201504360 bytes), down from 60.72GiB (65201504360 bytes) originally
2026-05-17 15:54:41.666462: W external/xla/xla/hlo/transforms/simplifiers/hlo_rematerialization.cc:3021] Can't reduce memory use below 58.67GiB (62998929446 bytes) by rematerialization; only reduced to 60.72GiB (65201504360 bytes), down from 60.72GiB (65201504360 bytes) originally
2026-05-17 15:54:41.666887: W external/xla/xla/hlo/transforms/simplifiers/hlo_rematerialization.cc:3021] Can't reduce memory use below 58.67GiB (62998929446 bytes) by rematerialization; only reduced to 60.72GiB (65201504360 bytes), down from 60.72GiB (65201504360 bytes) originally
2026-05-17 15:54:41.667243: W external/xla/xla/hlo/transforms/simplifiers/hlo_rematerialization.cc:3021] Can't reduce memory use below 58.67GiB (62998929446 bytes) by rematerialization; only reduced to 60.72GiB (65201504360 bytes), down from 60.72GiB (65201504360 bytes) originally
2026-05-17 15:54:41.667408: W external/xla/xla/hlo/transforms/simplifiers/hlo_rematerialization.cc:3021] Can't reduce memory use below 58.67GiB (62998929446 bytes) by rematerialization; only reduced to 60.72GiB (65201504360 bytes), down from 60.72GiB (65201504360 bytes) originally
2026-05-17 15:54:41.668688: W external/xla/xla/hlo/transforms/simplifiers/hlo_rematerialization.cc:3021] Can't reduce memory use below 58.67GiB (62998929446 bytes) by rematerialization; only reduced to 60.72GiB (65201504360 bytes), down from 60.72GiB (65201504360 bytes) originally
2026-05-17 15:54:41.669080: W external/xla/xla/hlo/transforms/simplifiers/hlo_rematerialization.cc:3021] Can't reduce memory use below 58.67GiB (62998929446 bytes) by rematerialization; only reduced to 60.72GiB (65201504360 bytes), down from 60.72GiB (65201504360 bytes) originally
2026-05-17 15:54:41.669631: W external/xla/xla/hlo/transforms/simplifiers/hlo_rematerialization.cc:3021] Can't reduce memory use below 58.67GiB (62998929446 bytes) by rematerialization; only reduced to 60.72GiB (65201504360 bytes), down from 60.72GiB (65201504360 bytes) originally
2026-05-17 15:54:41.670939: W external/xla/xla/hlo/transforms/simplifiers/hlo_rematerialization.cc:3021] Can't reduce memory use below 58.67GiB (62998929446 bytes) by rematerialization; only reduced to 60.72GiB (65201504360 bytes), down from 60.72GiB (65201504360 bytes) originally
2026-05-17 15:54:41.673400: W external/xla/xla/hlo/transforms/simplifiers/hlo_rematerialization.cc:3021] Can't reduce memory use below 58.67GiB (62998929446 bytes) by rematerialization; only reduced to 60.72GiB (65201504360 bytes), down from 60.72GiB (65201504360 bytes) originally
2026-05-17 15:54:41.674824: W external/xla/xla/hlo/transforms/simplifiers/hlo_rematerialization.cc:3021] Can't reduce memory use below 58.67GiB (62998929446 bytes) by rematerialization; only reduced to 60.72GiB (65201504360 bytes), down from 60.72GiB (65201504360 bytes) originally
2026-05-17 15:54:41.676111: W external/xla/xla/hlo/transforms/simplifiers/hlo_rematerialization.cc:3021] Can't reduce memory use below 58.67GiB (62998929446 bytes) by rematerialization; only reduced to 60.72GiB (65201504360 bytes), down from 60.72GiB (65201504360 bytes) originally
2026-05-17 15:54:41.681932: W external/xla/xla/hlo/transforms/simplifiers/hlo_rematerialization.cc:3021] Can't reduce memory use below 58.67GiB (62998929446 bytes) by rematerialization; only reduced to 60.72GiB (65201504360 bytes), down from 60.72GiB (65201504360 bytes) originally
[rchunk_dbg]   z_q_build=4574ms solve=13406ms
[mem_probe after_fit_one_rchunk chunk=0] in_use=-0.00 GB  peak=-0.00 GB  live_count=109 live_total=81.36 GB
[mem_probe after_fit_one_rchunk chunk=0]   complex128 (36, 1504, 59990) x 1 = 51.97 GB
[mem_probe after_fit_one_rchunk chunk=0]   complex128 (36, 1504, 24576) x 1 = 21.29 GB
[mem_probe after_fit_one_rchunk chunk=0]   complex128 (36, 1504, 1504) x 1 = 1.30 GB
[mem_probe after_fit_one_rchunk chunk=0]   int32 (36, 75, 75, 200) x 8 = 1.30 GB
[mem_probe after_fit_one_rchunk chunk=0]   complex128 (36, 1504, 160, 4) x 2 = 1.11 GB
[mem_probe after_fit_one_rchunk chunk=0]   complex128 (36, 160, 4, 1504) x 2 = 1.11 GB
[mem_probe after_fit_one_rchunk chunk=0]   complex128 (36, 1504, 150, 4) x 2 = 1.04 GB
[mem_probe after_fit_one_rchunk chunk=0]   complex128 (36, 150, 4, 1504) x 2 = 1.04 GB
[mem_probe after_fit_one_rchunk chunk=0]   complex128 (36, 1520, 160, 4) x 1 = 0.56 GB
[mem_probe after_fit_one_rchunk chunk=0]   complex128 (36, 160, 4, 1520) x 1 = 0.56 GB
[mem_probe after_accumulate chunk=0] in_use=-0.00 GB  peak=-0.00 GB  live_count=109 live_total=60.07 GB
[mem_probe after_accumulate chunk=0]   complex128 (36, 1504, 59990) x 1 = 51.97 GB
[mem_probe after_accumulate chunk=0]   complex128 (36, 1504, 1504) x 1 = 1.30 GB
[mem_probe after_accumulate chunk=0]   int32 (36, 75, 75, 200) x 8 = 1.30 GB
[mem_probe after_accumulate chunk=0]   complex128 (36, 1504, 160, 4) x 2 = 1.11 GB
[mem_probe after_accumulate chunk=0]   complex128 (36, 160, 4, 1504) x 2 = 1.11 GB
[mem_probe after_accumulate chunk=0]   complex128 (36, 1504, 150, 4) x 2 = 1.04 GB
[mem_probe after_accumulate chunk=0]   complex128 (36, 150, 4, 1504) x 2 = 1.04 GB
[mem_probe after_accumulate chunk=0]   complex128 (36, 1520, 160, 4) x 1 = 0.56 GB
[mem_probe after_accumulate chunk=0]   complex128 (36, 160, 4, 1520) x 1 = 0.56 GB
[mem_probe after_accumulate chunk=0]   int32 (36, 59990) x 4 = 0.03 GB
[rchunk_dbg] chunk=1/46 r=[0,24576) fit=18004ms write=760ms total=18764ms
Started zeta fitting at 15:54:59.
[ 15:54:59 | ░░░░░░░░░░ |   2% ] r-chunk  1 / 46 · ETA 0 s
[mem_probe rchunk_start chunk=1] in_use=-0.00 GB  peak=-0.00 GB  live_count=109 live_total=60.07 GB
[mem_probe rchunk_start chunk=1]   complex128 (36, 1504, 59990) x 1 = 51.97 GB
[mem_probe rchunk_start chunk=1]   complex128 (36, 1504, 1504) x 1 = 1.30 GB
[mem_probe rchunk_start chunk=1]   int32 (36, 75, 75, 200) x 8 = 1.30 GB
[mem_probe rchunk_start chunk=1]   complex128 (36, 1504, 160, 4) x 2 = 1.11 GB
[mem_probe rchunk_start chunk=1]   complex128 (36, 160, 4, 1504) x 2 = 1.11 GB
[mem_probe rchunk_start chunk=1]   complex128 (36, 1504, 150, 4) x 2 = 1.04 GB
[mem_probe rchunk_start chunk=1]   complex128 (36, 150, 4, 1504) x 2 = 1.04 GB
[mem_probe rchunk_start chunk=1]   complex128 (36, 1520, 160, 4) x 1 = 0.56 GB
[mem_probe rchunk_start chunk=1]   complex128 (36, 160, 4, 1520) x 1 = 0.56 GB
[mem_probe rchunk_start chunk=1]   int32 (36, 59990) x 4 = 0.03 GB
[rchunk_dbg]   z_q_build=5447ms solve=12796ms
[mem_probe after_fit_one_rchunk chunk=1] in_use=-0.00 GB  peak=-0.00 GB  live_count=110 live_total=81.36 GB
[mem_probe after_fit_one_rchunk chunk=1]   complex128 (36, 1504, 59990) x 1 = 51.97 GB
[mem_probe after_fit_one_rchunk chunk=1]   complex128 (36, 1504, 24576) x 1 = 21.29 GB
[mem_probe after_fit_one_rchunk chunk=1]   complex128 (36, 1504, 1504) x 1 = 1.30 GB
[mem_probe after_fit_one_rchunk chunk=1]   int32 (36, 75, 75, 200) x 8 = 1.30 GB
[mem_probe after_fit_one_rchunk chunk=1]   complex128 (36, 1504, 160, 4) x 2 = 1.11 GB
[mem_probe after_fit_one_rchunk chunk=1]   complex128 (36, 160, 4, 1504) x 2 = 1.11 GB
[mem_probe after_fit_one_rchunk chunk=1]   complex128 (36, 1504, 150, 4) x 2 = 1.04 GB
[mem_probe after_fit_one_rchunk chunk=1]   complex128 (36, 150, 4, 1504) x 2 = 1.04 GB
[mem_probe after_fit_one_rchunk chunk=1]   complex128 (36, 1520, 160, 4) x 1 = 0.56 GB
[mem_probe after_fit_one_rchunk chunk=1]   complex128 (36, 160, 4, 1520) x 1 = 0.56 GB
[mem_probe after_accumulate chunk=1] in_use=-0.00 GB  peak=-0.00 GB  live_count=109 live_total=60.07 GB
[mem_probe after_accumulate chunk=1]   complex128 (36, 1504, 59990) x 1 = 51.97 GB
[mem_probe after_accumulate chunk=1]   complex128 (36, 1504, 1504) x 1 = 1.30 GB
[mem_probe after_accumulate chunk=1]   int32 (36, 75, 75, 200) x 8 = 1.30 GB
[mem_probe after_accumulate chunk=1]   complex128 (36, 1504, 160, 4) x 2 = 1.11 GB
[mem_probe after_accumulate chunk=1]   complex128 (36, 160, 4, 1504) x 2 = 1.11 GB
[mem_probe after_accumulate chunk=1]   complex128 (36, 1504, 150, 4) x 2 = 1.04 GB
[mem_probe after_accumulate chunk=1]   complex128 (36, 150, 4, 1504) x 2 = 1.04 GB
[mem_probe after_accumulate chunk=1]   complex128 (36, 1520, 160, 4) x 1 = 0.56 GB
[mem_probe after_accumulate chunk=1]   complex128 (36, 160, 4, 1520) x 1 = 0.56 GB
[mem_probe after_accumulate chunk=1]   int32 (36, 59990) x 4 = 0.03 GB
[rchunk_dbg] chunk=2/46 r=[24576,49152) fit=18244ms write=563ms total=18807ms
[mem_probe rchunk_start chunk=2] in_use=-0.00 GB  peak=-0.00 GB  live_count=109 live_total=60.07 GB
[mem_probe rchunk_start chunk=2]   complex128 (36, 1504, 59990) x 1 = 51.97 GB
[mem_probe rchunk_start chunk=2]   complex128 (36, 1504, 1504) x 1 = 1.30 GB
[mem_probe rchunk_start chunk=2]   int32 (36, 75, 75, 200) x 8 = 1.30 GB
[mem_probe rchunk_start chunk=2]   complex128 (36, 1504, 160, 4) x 2 = 1.11 GB
[mem_probe rchunk_start chunk=2]   complex128 (36, 160, 4, 1504) x 2 = 1.11 GB
[mem_probe rchunk_start chunk=2]   complex128 (36, 1504, 150, 4) x 2 = 1.04 GB
[mem_probe rchunk_start chunk=2]   complex128 (36, 150, 4, 1504) x 2 = 1.04 GB
[mem_probe rchunk_start chunk=2]   complex128 (36, 1520, 160, 4) x 1 = 0.56 GB
[mem_probe rchunk_start chunk=2]   complex128 (36, 160, 4, 1520) x 1 = 0.56 GB
[mem_probe rchunk_start chunk=2]   int32 (36, 59990) x 4 = 0.03 GB
[rchunk_dbg]   z_q_build=4591ms solve=12759ms
[mem_probe after_fit_one_rchunk chunk=2] in_use=-0.00 GB  peak=-0.00 GB  live_count=110 live_total=81.36 GB
[mem_probe after_fit_one_rchunk chunk=2]   complex128 (36, 1504, 59990) x 1 = 51.97 GB
[mem_probe after_fit_one_rchunk chunk=2]   complex128 (36, 1504, 24576) x 1 = 21.29 GB
[mem_probe after_fit_one_rchunk chunk=2]   complex128 (36, 1504, 1504) x 1 = 1.30 GB
[mem_probe after_fit_one_rchunk chunk=2]   int32 (36, 75, 75, 200) x 8 = 1.30 GB
[mem_probe after_fit_one_rchunk chunk=2]   complex128 (36, 1504, 160, 4) x 2 = 1.11 GB
[mem_probe after_fit_one_rchunk chunk=2]   complex128 (36, 160, 4, 1504) x 2 = 1.11 GB
[mem_probe after_fit_one_rchunk chunk=2]   complex128 (36, 1504, 150, 4) x 2 = 1.04 GB
[mem_probe after_fit_one_rchunk chunk=2]   complex128 (36, 150, 4, 1504) x 2 = 1.04 GB
[mem_probe after_fit_one_rchunk chunk=2]   complex128 (36, 1520, 160, 4) x 1 = 0.56 GB
[mem_probe after_fit_one_rchunk chunk=2]   complex128 (36, 160, 4, 1520) x 1 = 0.56 GB
[mem_probe after_accumulate chunk=2] in_use=-0.00 GB  peak=-0.00 GB  live_count=109 live_total=60.07 GB
[mem_probe after_accumulate chunk=2]   complex128 (36, 1504, 59990) x 1 = 51.97 GB
[mem_probe after_accumulate chunk=2]   complex128 (36, 1504, 1504) x 1 = 1.30 GB
[mem_probe after_accumulate chunk=2]   int32 (36, 75, 75, 200) x 8 = 1.30 GB
[mem_probe after_accumulate chunk=2]   complex128 (36, 1504, 160, 4) x 2 = 1.11 GB
[mem_probe after_accumulate chunk=2]   complex128 (36, 160, 4, 1504) x 2 = 1.11 GB
[mem_probe after_accumulate chunk=2]   complex128 (36, 1504, 150, 4) x 2 = 1.04 GB
[mem_probe after_accumulate chunk=2]   complex128 (36, 150, 4, 1504) x 2 = 1.04 GB
[mem_probe after_accumulate chunk=2]   complex128 (36, 1520, 160, 4) x 1 = 0.56 GB
[mem_probe after_accumulate chunk=2]   complex128 (36, 160, 4, 1520) x 1 = 0.56 GB
[mem_probe after_accumulate chunk=2]   int32 (36, 59990) x 4 = 0.03 GB
[rchunk_dbg] chunk=3/46 r=[49152,73728) fit=17351ms write=617ms total=17968ms
[ 15:55:36 | █░░░░░░░░░ |   7% ] r-chunk  3 / 46 · ETA 527 s
[rchunk_dbg] LORRAX_MAX_RCHUNKS=3 reached after chunk 3; breaking r-chunk loop for profiling.
Finished zeta fitting at 15:55:36.  Elapsed: 37 s.
  [SlabIO.close] draining 1 pending writes for zeta_q_mu3.h5 …
  [SlabIO.close] Python dispatch drained in 12.6 s; joining writer thread
  [SlabIO.close] writer thread joined in 0.0 s; calling H5Fclose collectively
  [SlabIO.close] H5Fclose returned in 2.2 s
  Zeta output: /pscratch/sd/j/jackm/lorrax_sandbox/runs/CrI3/M_6x6_80Ry_2026-05-07/0X_lorrax_bispinor_fullbz_16gpu_2026-05-16/v3_sb/tmp/zeta_q_mu3.h5  shape: (n_q_disk=36 of 6·6·1=36 full-BZ, n_rtot=1125000, n_rmu=1504)
  Timing (46 r-chunks, 55.5s total):
    fit     53.25s  96.0%
    H5       2.15s   3.9%
  Zeta output: /pscratch/sd/j/jackm/lorrax_sandbox/runs/CrI3/M_6x6_80Ry_2026-05-07/0X_lorrax_bispinor_fullbz_16gpu_2026-05-16/v3_sb/tmp/zeta_q_mu3.h5  shape: (n_q_disk=36 of 6·6·1=36 full-BZ, n_rtot=1125000, n_rmu=1504)
  Timing (46 r-chunks, 55.5s total):
    fit     53.24s  96.0%
    H5       2.16s   3.9%
  Zeta output: /pscratch/sd/j/jackm/lorrax_sandbox/runs/CrI3/M_6x6_80Ry_2026-05-07/0X_lorrax_bispinor_fullbz_16gpu_2026-05-16/v3_sb/tmp/zeta_q_mu3.h5  shape: (n_q_disk=36 of 6·6·1=36 full-BZ, n_rtot=1125000, n_rmu=1504)
  Timing (46 r-chunks, 55.5s total):
    fit     53.25s  96.0%
    H5       2.16s   3.9%
  Zeta output: /pscratch/sd/j/jackm/lorrax_sandbox/runs/CrI3/M_6x6_80Ry_2026-05-07/0X_lorrax_bispinor_fullbz_16gpu_2026-05-16/v3_sb/tmp/zeta_q_mu3.h5  shape: (n_q_disk=36 of 6·6·1=36 full-BZ, n_rtot=1125000, n_rmu=1504)
  Timing (46 r-chunks, 55.5s total):
    fit     53.25s  96.0%
    H5       2.17s   3.9%
  Zeta output: /pscratch/sd/j/jackm/lorrax_sandbox/runs/CrI3/M_6x6_80Ry_2026-05-07/0X_lorrax_bispinor_fullbz_16gpu_2026-05-16/v3_sb/tmp/zeta_q_mu3.h5  shape: (n_q_disk=36 of 6·6·1=36 full-BZ, n_rtot=1125000, n_rmu=1504)
  Timing (46 r-chunks, 55.5s total):
    fit     53.31s  96.0%
    H5       2.14s   3.9%
  Zeta output: /pscratch/sd/j/jackm/lorrax_sandbox/runs/CrI3/M_6x6_80Ry_2026-05-07/0X_lorrax_bispinor_fullbz_16gpu_2026-05-16/v3_sb/tmp/zeta_q_mu3.h5  shape: (n_q_disk=36 of 6·6·1=36 full-BZ, n_rtot=1125000, n_rmu=1504)
  Zeta output: /pscratch/sd/j/jackm/lorrax_sandbox/runs/CrI3/M_6x6_80Ry_2026-05-07/0X_lorrax_bispinor_fullbz_16gpu_2026-05-16/v3_sb/tmp/zeta_q_mu3.h5  shape: (n_q_disk=36 of 6·6·1=36 full-BZ, n_rtot=1125000, n_rmu=1504)
  Timing (46 r-chunks, 55.5s total):
    fit     53.30s  96.0%
    H5       2.17s   3.9%
  Zeta output: /pscratch/sd/j/jackm/lorrax_sandbox/runs/CrI3/M_6x6_80Ry_2026-05-07/0X_lorrax_bispinor_fullbz_16gpu_2026-05-16/v3_sb/tmp/zeta_q_mu3.h5  shape: (n_q_disk=36 of 6·6·1=36 full-BZ, n_rtot=1125000, n_rmu=1504)
  Timing (46 r-chunks, 55.5s total):
    fit     53.30s  96.0%
    H5       2.16s   3.9%
  Timing (46 r-chunks, 55.5s total):
    fit     53.32s  96.1%
    H5       2.14s   3.9%
  Zeta output: /pscratch/sd/j/jackm/lorrax_sandbox/runs/CrI3/M_6x6_80Ry_2026-05-07/0X_lorrax_bispinor_fullbz_16gpu_2026-05-16/v3_sb/tmp/zeta_q_mu3.h5  shape: (n_q_disk=36 of 6·6·1=36 full-BZ, n_rtot=1125000, n_rmu=1504)
  Timing (46 r-chunks, 55.5s total):
  Zeta output: /pscratch/sd/j/jackm/lorrax_sandbox/runs/CrI3/M_6x6_80Ry_2026-05-07/0X_lorrax_bispinor_fullbz_16gpu_2026-05-16/v3_sb/tmp/zeta_q_mu3.h5  shape: (n_q_disk=36 of 6·6·1=36 full-BZ, n_rtot=1125000, n_rmu=1504)
  Timing (46 r-chunks, 55.6s total):
  Zeta output: /pscratch/sd/j/jackm/lorrax_sandbox/runs/CrI3/M_6x6_80Ry_2026-05-07/0X_lorrax_bispinor_fullbz_16gpu_2026-05-16/v3_sb/tmp/zeta_q_mu3.h5  shape: (n_q_disk=36 of 6·6·1=36 full-BZ, n_rtot=1125000, n_rmu=1504)
  Timing (46 r-chunks, 55.5s total):
    fit     53.23s  95.9%
    H5       2.19s   4.0%
  Zeta output: /pscratch/sd/j/jackm/lorrax_sandbox/runs/CrI3/M_6x6_80Ry_2026-05-07/0X_lorrax_bispinor_fullbz_16gpu_2026-05-16/v3_sb/tmp/zeta_q_mu3.h5  shape: (n_q_disk=36 of 6·6·1=36 full-BZ, n_rtot=1125000, n_rmu=1504)
  Zeta output: /pscratch/sd/j/jackm/lorrax_sandbox/runs/CrI3/M_6x6_80Ry_2026-05-07/0X_lorrax_bispinor_fullbz_16gpu_2026-05-16/v3_sb/tmp/zeta_q_mu3.h5  shape: (n_q_disk=36 of 6·6·1=36 full-BZ, n_rtot=1125000, n_rmu=1504)
  Timing (46 r-chunks, 55.5s total):
    fit     52.00s  93.5%
    H5       3.55s   6.4%
    fit     53.23s  96.0%
    H5       2.17s   3.9%
  Timing (46 r-chunks, 55.6s total):
    fit     52.02s  93.6%
    H5       3.52s   6.3%
    fit     53.21s  95.9%
    H5       2.20s   4.0%
  Zeta output: /pscratch/sd/j/jackm/lorrax_sandbox/runs/CrI3/M_6x6_80Ry_2026-05-07/0X_lorrax_bispinor_fullbz_16gpu_2026-05-16/v3_sb/tmp/zeta_q_mu3.h5  shape: (n_q_disk=36 of 6·6·1=36 full-BZ, n_rtot=1125000, n_rmu=1504)
  Timing (46 r-chunks, 55.6s total):
    fit     52.00s  93.5%
  Zeta output: /pscratch/sd/j/jackm/lorrax_sandbox/runs/CrI3/M_6x6_80Ry_2026-05-07/0X_lorrax_bispinor_fullbz_16gpu_2026-05-16/v3_sb/tmp/zeta_q_mu3.h5  shape: (n_q_disk=36 of 6·6·1=36 full-BZ, n_rtot=1125000, n_rmu=1504)
  Timing (46 r-chunks, 55.5s total):
    fit     53.22s  95.9%
    H5       3.56s   6.4%
    H5       2.21s   4.0%
  Zeta output: /pscratch/sd/j/jackm/lorrax_sandbox/runs/CrI3/M_6x6_80Ry_2026-05-07/0X_lorrax_bispinor_fullbz_16gpu_2026-05-16/v3_sb/tmp/zeta_q_mu3.h5  shape: (n_q_disk=36 of 6·6·1=36 full-BZ, n_rtot=1125000, n_rmu=1504)
  Timing (46 r-chunks, 55.6s total):
    fit     53.60s  96.4%
    H5       1.94s   3.5%
[mem_probe zeta_fit_end] in_use=-0.00 GB  peak=-0.00 GB  live_count=111 live_total=8.10 GB
[mem_probe zeta_fit_end]   complex128 (36, 1504, 1504) x 1 = 1.30 GB
[mem_probe zeta_fit_end]   int32 (36, 75, 75, 200) x 8 = 1.30 GB
[mem_probe zeta_fit_end]   complex128 (36, 1504, 160, 4) x 2 = 1.11 GB
[mem_probe zeta_fit_end]   complex128 (36, 160, 4, 1504) x 2 = 1.11 GB
[mem_probe zeta_fit_end]   complex128 (36, 1504, 150, 4) x 2 = 1.04 GB
[mem_probe zeta_fit_end]   complex128 (36, 150, 4, 1504) x 2 = 1.04 GB
[mem_probe zeta_fit_end]   complex128 (36, 1520, 160, 4) x 1 = 0.56 GB
[mem_probe zeta_fit_end]   complex128 (36, 160, 4, 1520) x 1 = 0.56 GB
[mem_probe zeta_fit_end]   int32 (36, 59990) x 4 = 0.03 GB
[mem_probe zeta_fit_end]   complex128 (36, 59990) x 1 = 0.03 GB
[profile] LORRAX_EXIT_AFTER_ZETA set: exiting cleanly after fit_zeta.
