[lxrun] JID 53054263 · 4 nodes · 22:40 left · 4/4 free · incoming: lx-B
  1  nid001056  free   —              —      —  ← starting lx-B  python3 -u /pscratch/sd/
  2  nid001057  free   —              —      —  ← starting lx-B  python3 -u /pscratch/sd/
  3  nid001060  free   —              —      —  ← starting lx-B  python3 -u /pscratch/sd/
  4  nid001061  free   —              —      —  ← starting lx-B  python3 -u /pscratch/sd/
srun: error: Unable to create step for job 53054263: Requested nodes are busy
tage: fft=16.79  zct=7.14  reshard=0.33  solve=0.25  gather=0.24 GB
    AOT fit_one_rchunk peak (driver-level): 0.63 GB
  [gflat_memory_model] band_chunk_size bumped from 2 to 16 to satisfy world_size=16 (band axis is sharded across all mesh ranks; per-device bands per bc = band_chunk // world_size must be ≥ 1).

  G-flat memory model — chunk plan + HWM estimate
    band_chunk         = 16
    r_chunk            = 8192  (30 chunks)
    gflat_chunk_size   = None
    budget             = 45.00 GB/dev
    HWM estimate       = 10.89 GB/dev (24% of budget) [bottleneck: D_accumulate]
    peak breakdown (GB/dev):
      D_accumulate............   10.89
      C_fit_one_rchunk........    4.40
      A_centroid..............    2.39
      B_CCT_chol..............    0.11

  Chunked ISDF fitting:
    Band chunks: 16
    R chunks:    8192 (contiguous r-space)
    Q chunks:    36
    GFlat cs:    0
    Zeta output: /pscratch/sd/j/jackm/lorrax_sandbox/runs/CrI3/M_6x6_30Ry_bispinor_2026-05-14/recon_sigma_b_gate_16gpu_v2_2026-05-16/tmp/zeta_q.h5
    cutoffs: zeta = 30.0 Ry, bare-Coulomb = 30.0 Ry  (ecutwfc=30.0, ecutrho=120.0)

  Zeta fitting: 30 r-chunks x 8192 r-points, 96 bands (84 left + 96 right)
  Output: /pscratch/sd/j/jackm/lorrax_sandbox/runs/CrI3/M_6x6_30Ry_bispinor_2026-05-14/recon_sigma_b_gate_16gpu_v2_2026-05-16/tmp/zeta_q.h5
  Left wfns:  (36, 84, 4, 304)
  Right wfns: (36, 96, 4, 304)
  Computing C_q via shard_map pipeline (open-spin, charge γ̃^0=I)
  Computing L_q = chol(C_q)  [PSD, charge channel, path=cusolvermp_cholesky]
  [gflat_memory_model] band_chunk_size bumped from 2 to 16 to satisfy world_size=16 (band axis is sharded across all mesh ranks; per-device bands per bc = band_chunk // world_size must be ≥ 1).

  Zeta fitting: 30 r-chunks x 8192 r-points, 96 bands (84 left + 96 right)
  Output: /pscratch/sd/j/jackm/lorrax_sandbox/runs/CrI3/M_6x6_30Ry_bispinor_2026-05-14/recon_sigma_b_gate_16gpu_v2_2026-05-16/tmp/zeta_q.h5
  [gflat_memory_model] band_chunk_size bumped from 2 to 16 to satisfy world_size=16 (band axis is sharded across all mesh ranks; per-device bands per bc = band_chunk // world_size must be ≥ 1).

  Zeta fitting: 30 r-chunks x 8192 r-points, 96 bands (84 left + 96 right)
  Output: /pscratch/sd/j/jackm/lorrax_sandbox/runs/CrI3/M_6x6_30Ry_bispinor_2026-05-14/recon_sigma_b_gate_16gpu_v2_2026-05-16/tmp/zeta_q.h5
  [gflat_memory_model] band_chunk_size bumped from 2 to 16 to satisfy world_size=16 (band axis is sharded across all mesh ranks; per-device bands per bc = band_chunk // world_size must be ≥ 1).

  Zeta fitting: 30 r-chunks x 8192 r-points, 96 bands (84 left + 96 right)
  Output: /pscratch/sd/j/jackm/lorrax_sandbox/runs/CrI3/M_6x6_30Ry_bispinor_2026-05-14/recon_sigma_b_gate_16gpu_v2_2026-05-16/tmp/zeta_q.h5
  [gflat_memory_model] band_chunk_size bumped from 2 to 16 to satisfy world_size=16 (band axis is sharded across all mesh ranks; per-device bands per bc = band_chunk // world_size must be ≥ 1).

  Zeta fitting: 30 r-chunks x 8192 r-points, 96 bands (84 left + 96 right)
  Output: /pscratch/sd/j/jackm/lorrax_sandbox/runs/CrI3/M_6x6_30Ry_bispinor_2026-05-14/recon_sigma_b_gate_16gpu_v2_2026-05-16/tmp/zeta_q.h5
  [gflat_memory_model] band_chunk_size bumped from 2 to 16 to satisfy world_size=16 (band axis is sharded across all mesh ranks; per-device bands per bc = band_chunk // world_size must be ≥ 1).

  Zeta fitting: 30 r-chunks x 8192 r-points, 96 bands (84 left + 96 right)
  Output: /pscratch/sd/j/jackm/lorrax_sandbox/runs/CrI3/M_6x6_30Ry_bispinor_2026-05-14/recon_sigma_b_gate_16gpu_v2_2026-05-16/tmp/zeta_q.h5
  [gflat_memory_model] band_chunk_size bumped from 2 to 16 to satisfy world_size=16 (band axis is sharded across all mesh ranks; per-device bands per bc = band_chunk // world_size must be ≥ 1).

  Zeta fitting: 30 r-chunks x 8192 r-points, 96 bands (84 left + 96 right)
  Output: /pscratch/sd/j/jackm/lorrax_sandbox/runs/CrI3/M_6x6_30Ry_bispinor_2026-05-14/recon_sigma_b_gate_16gpu_v2_2026-05-16/tmp/zeta_q.h5
  [gflat_memory_model] band_chunk_size bumped from 2 to 16 to satisfy world_size=16 (band axis is sharded across all mesh ranks; per-device bands per bc = band_chunk // world_size must be ≥ 1).

  Zeta fitting: 30 r-chunks x 8192 r-points, 96 bands (84 left + 96 right)
  Output: /pscratch/sd/j/jackm/lorrax_sandbox/runs/CrI3/M_6x6_30Ry_bispinor_2026-05-14/recon_sigma_b_gate_16gpu_v2_2026-05-16/tmp/zeta_q.h5
  [gflat_memory_model] band_chunk_size bumped from 2 to 16 to satisfy world_size=16 (band axis is sharded across all mesh ranks; per-device bands per bc = band_chunk // world_size must be ≥ 1).

  Zeta fitting: 30 r-chunks x 8192 r-points, 96 bands (84 left + 96 right)
  Output: /pscratch/sd/j/jackm/lorrax_sandbox/runs/CrI3/M_6x6_30Ry_bispinor_2026-05-14/recon_sigma_b_gate_16gpu_v2_2026-05-16/tmp/zeta_q.h5
  [gflat_memory_model] band_chunk_size bumped from 2 to 16 to satisfy world_size=16 (band axis is sharded across all mesh ranks; per-device bands per bc = band_chunk // world_size must be ≥ 1).

  Zeta fitting: 30 r-chunks x 8192 r-points, 96 bands (84 left + 96 right)
  Output: /pscratch/sd/j/jackm/lorrax_sandbox/runs/CrI3/M_6x6_30Ry_bispinor_2026-05-14/recon_sigma_b_gate_16gpu_v2_2026-05-16/tmp/zeta_q.h5
  [gflat_memory_model] band_chunk_size bumped from 2 to 16 to satisfy world_size=16 (band axis is sharded across all mesh ranks; per-device bands per bc = band_chunk // world_size must be ≥ 1).

  Zeta fitting: 30 r-chunks x 8192 r-points, 96 bands (84 left + 96 right)
  Output: /pscratch/sd/j/jackm/lorrax_sandbox/runs/CrI3/M_6x6_30Ry_bispinor_2026-05-14/recon_sigma_b_gate_16gpu_v2_2026-05-16/tmp/zeta_q.h5
  [gflat_memory_model] band_chunk_size bumped from 2 to 16 to satisfy world_size=16 (band axis is sharded across all mesh ranks; per-device bands per bc = band_chunk // world_size must be ≥ 1).

  Zeta fitting: 30 r-chunks x 8192 r-points, 96 bands (84 left + 96 right)
  Output: /pscratch/sd/j/jackm/lorrax_sandbox/runs/CrI3/M_6x6_30Ry_bispinor_2026-05-14/recon_sigma_b_gate_16gpu_v2_2026-05-16/tmp/zeta_q.h5
  [gflat_memory_model] band_chunk_size bumped from 2 to 16 to satisfy world_size=16 (band axis is sharded across all mesh ranks; per-device bands per bc = band_chunk // world_size must be ≥ 1).
  [gflat_memory_model] band_chunk_size bumped from 2 to 16 to satisfy world_size=16 (band axis is sharded across all mesh ranks; per-device bands per bc = band_chunk // world_size must be ≥ 1).

  Zeta fitting: 30 r-chunks x 8192 r-points, 96 bands (84 left + 96 right)
  Output: /pscratch/sd/j/jackm/lorrax_sandbox/runs/CrI3/M_6x6_30Ry_bispinor_2026-05-14/recon_sigma_b_gate_16gpu_v2_2026-05-16/tmp/zeta_q.h5

  Zeta fitting: 30 r-chunks x 8192 r-points, 96 bands (84 left + 96 right)
  Output: /pscratch/sd/j/jackm/lorrax_sandbox/runs/CrI3/M_6x6_30Ry_bispinor_2026-05-14/recon_sigma_b_gate_16gpu_v2_2026-05-16/tmp/zeta_q.h5
  [gflat_memory_model] band_chunk_size bumped from 2 to 16 to satisfy world_size=16 (band axis is sharded across all mesh ranks; per-device bands per bc = band_chunk // world_size must be ≥ 1).

  Zeta fitting: 30 r-chunks x 8192 r-points, 96 bands (84 left + 96 right)
  Output: /pscratch/sd/j/jackm/lorrax_sandbox/runs/CrI3/M_6x6_30Ry_bispinor_2026-05-14/recon_sigma_b_gate_16gpu_v2_2026-05-16/tmp/zeta_q.h5
  [gflat_memory_model] band_chunk_size bumped from 2 to 16 to satisfy world_size=16 (band axis is sharded across all mesh ranks; per-device bands per bc = band_chunk // world_size must be ≥ 1).

  Zeta fitting: 30 r-chunks x 8192 r-points, 96 bands (84 left + 96 right)
  Output: /pscratch/sd/j/jackm/lorrax_sandbox/runs/CrI3/M_6x6_30Ry_bispinor_2026-05-14/recon_sigma_b_gate_16gpu_v2_2026-05-16/tmp/zeta_q.h5
  Left wfns:  (36, 84, 4, 304)
  Right wfns: (36, 96, 4, 304)
  Left wfns:  (36, 84, 4, 304)
  Right wfns: (36, 96, 4, 304)
  Left wfns:  (36, 84, 4, 304)
  Right wfns: (36, 96, 4, 304)
  Left wfns:  (36, 84, 4, 304)
  Right wfns: (36, 96, 4, 304)
  Left wfns:  (36, 84, 4, 304)
  Right wfns: (36, 96, 4, 304)
  Left wfns:  (36, 84, 4, 304)
  Right wfns: (36, 96, 4, 304)
  Left wfns:  (36, 84, 4, 304)
  Right wfns: (36, 96, 4, 304)
  Left wfns:  (36, 84, 4, 304)
  Right wfns: (36, 96, 4, 304)
  Left wfns:  (36, 84, 4, 304)
  Right wfns: (36, 96, 4, 304)
  Left wfns:  (36, 84, 4, 304)
  Right wfns: (36, 96, 4, 304)
  Left wfns:  (36, 84, 4, 304)
  Right wfns: (36, 96, 4, 304)
  Left wfns:  (36, 84, 4, 304)
  Right wfns: (36, 96, 4, 304)
  Left wfns:  (36, 84, 4, 304)
  Right wfns: (36, 96, 4, 304)
  Left wfns:  (36, 84, 4, 304)
  Right wfns: (36, 96, 4, 304)
  Left wfns:  (36, 84, 4, 304)
  Right wfns: (36, 96, 4, 304)
  Computing C_q via shard_map pipeline (open-spin, charge γ̃^0=I)
  Computing C_q via shard_map pipeline (open-spin, charge γ̃^0=I)
  Computing C_q via shard_map pipeline (open-spin, charge γ̃^0=I)
  Computing C_q via shard_map pipeline (open-spin, charge γ̃^0=I)
  Computing C_q via shard_map pipeline (open-spin, charge γ̃^0=I)
  Computing C_q via shard_map pipeline (open-spin, charge γ̃^0=I)
  Computing C_q via shard_map pipeline (open-spin, charge γ̃^0=I)
  Computing C_q via shard_map pipeline (open-spin, charge γ̃^0=I)
  Computing C_q via shard_map pipeline (open-spin, charge γ̃^0=I)
  Computing C_q via shard_map pipeline (open-spin, charge γ̃^0=I)
  Computing C_q via shard_map pipeline (open-spin, charge γ̃^0=I)
  Computing C_q via shard_map pipeline (open-spin, charge γ̃^0=I)
  Computing C_q via shard_map pipeline (open-spin, charge γ̃^0=I)
  Computing C_q via shard_map pipeline (open-spin, charge γ̃^0=I)
  Computing C_q via shard_map pipeline (open-spin, charge γ̃^0=I)
  Computing L_q = chol(C_q)  [PSD, charge channel, path=cusolvermp_cholesky]
  Computing L_q = chol(C_q)  [PSD, charge channel, path=cusolvermp_cholesky]
  Computing L_q = chol(C_q)  [PSD, charge channel, path=cusolvermp_cholesky]
  Computing L_q = chol(C_q)  [PSD, charge channel, path=cusolvermp_cholesky]
  Computing L_q = chol(C_q)  [PSD, charge channel, path=cusolvermp_cholesky]
  Computing L_q = chol(C_q)  [PSD, charge channel, path=cusolvermp_cholesky]
  Computing L_q = chol(C_q)  [PSD, charge channel, path=cusolvermp_cholesky]
  Computing L_q = chol(C_q)  [PSD, charge channel, path=cusolvermp_cholesky]
  Computing L_q = chol(C_q)  [PSD, charge channel, path=cusolvermp_cholesky]
  Computing L_q = chol(C_q)  [PSD, charge channel, path=cusolvermp_cholesky]
  Computing L_q = chol(C_q)  [PSD, charge channel, path=cusolvermp_cholesky]
  Computing L_q = chol(C_q)  [PSD, charge channel, path=cusolvermp_cholesky]
  Computing L_q = chol(C_q)  [PSD, charge channel, path=cusolvermp_cholesky]
  Computing L_q = chol(C_q)  [PSD, charge channel, path=cusolvermp_cholesky]
  Computing L_q = chol(C_q)  [PSD, charge channel, path=cusolvermp_cholesky]
[lorrax cusolverMp] library 0.7.2, NCCL 2.26.3, comm path: NCCL, grid: 4x4 (row-major)
  L_q: (8, 304, 304)
  L_q: (8, 304, 304)
  L_q: (8, 304, 304)
  L_q: (8, 304, 304)
  L_q: (8, 304, 304)
  L_q: (8, 304, 304)
  L_q: (8, 304, 304)
  L_q: (8, 304, 304)
  L_q: (8, 304, 304)
  L_q: (8, 304, 304)
  L_q: (8, 304, 304)
  L_q: (8, 304, 304)
  L_q: (8, 304, 304)
  L_q: (8, 304, 304)
  L_q: (8, 304, 304)
  L_q: (8, 304, 304)
  q-IBZ reduction: 8 IBZ q-points / 36 full-BZ (disk shrink 4.5×)
  q-IBZ reduction: 8 IBZ q-points / 36 full-BZ (disk shrink 4.5×)
  q-IBZ reduction: 8 IBZ q-points / 36 full-BZ (disk shrink 4.5×)
  q-IBZ reduction: 8 IBZ q-points / 36 full-BZ (disk shrink 4.5×)
  q-IBZ reduction: 8 IBZ q-points / 36 full-BZ (disk shrink 4.5×)
  q-IBZ reduction: 8 IBZ q-points / 36 full-BZ (disk shrink 4.5×)
  q-IBZ reduction: 8 IBZ q-points / 36 full-BZ (disk shrink 4.5×)
  q-IBZ reduction: 8 IBZ q-points / 36 full-BZ (disk shrink 4.5×)
  q-IBZ reduction: 8 IBZ q-points / 36 full-BZ (disk shrink 4.5×)
  q-IBZ reduction: 8 IBZ q-points / 36 full-BZ (disk shrink 4.5×)
  q-IBZ reduction: 8 IBZ q-points / 36 full-BZ (disk shrink 4.5×)
  q-IBZ reduction: 8 IBZ q-points / 36 full-BZ (disk shrink 4.5×)
  q-IBZ reduction: 8 IBZ q-points / 36 full-BZ (disk shrink 4.5×)
  q-IBZ reduction: 8 IBZ q-points / 36 full-BZ (disk shrink 4.5×)
  q-IBZ reduction: 8 IBZ q-points / 36 full-BZ (disk shrink 4.5×)
  q-IBZ reduction: 8 IBZ q-points / 36 full-BZ (disk shrink 4.5×)
  G-flat ζ sphere: ngkmax=13789, min ngk=13739, max ngk=13789 (5.674% of n_rtot)
/global/homes/j/jackm/software/lorrax_B/src/file_io/_slab_io_ffi.py:453: UserWarning: FFI backend: chunks/attrs on create_dataset currently no-op; pre-create with h5py if you need explicit chunking or attrs.
  warnings.warn(
/global/homes/j/jackm/software/lorrax_B/src/file_io/_slab_io_ffi.py:453: UserWarning: FFI backend: chunks/attrs on create_dataset currently no-op; pre-create with h5py if you need explicit chunking or attrs.
  warnings.warn(
/global/homes/j/jackm/software/lorrax_B/src/file_io/_slab_io_ffi.py:453: UserWarning: FFI backend: chunks/attrs on create_dataset currently no-op; pre-create with h5py if you need explicit chunking or attrs.
  warnings.warn(
/global/homes/j/jackm/software/lorrax_B/src/file_io/_slab_io_ffi.py:453: UserWarning: FFI backend: chunks/attrs on create_dataset currently no-op; pre-create with h5py if you need explicit chunking or attrs.
  warnings.warn(
/global/homes/j/jackm/software/lorrax_B/src/file_io/_slab_io_ffi.py:453: UserWarning: FFI backend: chunks/attrs on create_dataset currently no-op; pre-create with h5py if you need explicit chunking or attrs.
  warnings.warn(
/global/homes/j/jackm/software/lorrax_B/src/file_io/_slab_io_ffi.py:453: UserWarning: FFI backend: chunks/attrs on create_dataset currently no-op; pre-create with h5py if you need explicit chunking or attrs.
  warnings.warn(
/global/homes/j/jackm/software/lorrax_B/src/file_io/_slab_io_ffi.py:453: UserWarning: FFI backend: chunks/attrs on create_dataset currently no-op; pre-create with h5py if you need explicit chunking or attrs.
  warnings.warn(
/global/homes/j/jackm/software/lorrax_B/src/file_io/_slab_io_ffi.py:453: UserWarning: FFI backend: chunks/attrs on create_dataset currently no-op; pre-create with h5py if you need explicit chunking or attrs.
  warnings.warn(
/global/homes/j/jackm/software/lorrax_B/src/file_io/_slab_io_ffi.py:453: UserWarning: FFI backend: chunks/attrs on create_dataset currently no-op; pre-create with h5py if you need explicit chunking or attrs.
  warnings.warn(
/global/homes/j/jackm/software/lorrax_B/src/file_io/_slab_io_ffi.py:453: UserWarning: FFI backend: chunks/attrs on create_dataset currently no-op; pre-create with h5py if you need explicit chunking or attrs.
  warnings.warn(
/global/homes/j/jackm/software/lorrax_B/src/file_io/_slab_io_ffi.py:453: UserWarning: FFI backend: chunks/attrs on create_dataset currently no-op; pre-create with h5py if you need explicit chunking or attrs.
  warnings.warn(
/global/homes/j/jackm/software/lorrax_B/src/file_io/_slab_io_ffi.py:453: UserWarning: FFI backend: chunks/attrs on create_dataset currently no-op; pre-create with h5py if you need explicit chunking or attrs.
  warnings.warn(
/global/homes/j/jackm/software/lorrax_B/src/file_io/_slab_io_ffi.py:453: UserWarning: FFI backend: chunks/attrs on create_dataset currently no-op; pre-create with h5py if you need explicit chunking or attrs.
  warnings.warn(
/global/homes/j/jackm/software/lorrax_B/src/file_io/_slab_io_ffi.py:453: UserWarning: FFI backend: chunks/attrs on create_dataset currently no-op; pre-create with h5py if you need explicit chunking or attrs.
  warnings.warn(
/global/homes/j/jackm/software/lorrax_B/src/file_io/_slab_io_ffi.py:453: UserWarning: FFI backend: chunks/attrs on create_dataset currently no-op; pre-create with h5py if you need explicit chunking or attrs.
  warnings.warn(
/global/homes/j/jackm/software/lorrax_B/src/file_io/_slab_io_ffi.py:453: UserWarning: FFI backend: chunks/attrs on create_dataset currently no-op; pre-create with h5py if you need explicit chunking or attrs.
  warnings.warn(
  ψ(G-flat) host cache: 0.19 GB/process resident
  G-flat ζ accumulator: N=152 rows/rank (n_q=8 × n_mu_local=19); chunk_size=152 → per-iter FFT box 0.59 GB/rank
Started zeta fitting at 22:47:23.
[ 22:47:23 | ░░░░░░░░░░ |   3% ] r-chunk  1 / 30 · ETA 0 s
[ 22:47:25 | █░░░░░░░░░ |  10% ] r-chunk  3 / 30 · ETA 22 s
[ 22:47:26 | █░░░░░░░░░ |  13% ] r-chunk  4 / 30 · ETA 22 s
[ 22:47:28 | ██░░░░░░░░ |  20% ] r-chunk  6 / 30 · ETA 21 s
[ 22:47:29 | ██░░░░░░░░ |  23% ] r-chunk  7 / 30 · ETA 20 s
[ 22:47:31 | ███░░░░░░░ |  30% ] r-chunk  9 / 30 · ETA 19 s
[ 22:47:32 | ███░░░░░░░ |  33% ] r-chunk 10 / 30 · ETA 18 s
[ 22:47:33 | ████░░░░░░ |  40% ] r-chunk 12 / 30 · ETA 16 s
[ 22:47:34 | ████░░░░░░ |  43% ] r-chunk 13 / 30 · ETA 15 s
[ 22:47:36 | █████░░░░░ |  50% ] r-chunk 15 / 30 · ETA 13 s
[ 22:47:37 | █████░░░░░ |  53% ] r-chunk 16 / 30 · ETA 13 s
[ 22:47:39 | ██████░░░░ |  60% ] r-chunk 18 / 30 · ETA 11 s
[ 22:47:40 | ██████░░░░ |  63% ] r-chunk 19 / 30 · ETA 10 s
[ 22:47:42 | ███████░░░ |  70% ] r-chunk 21 / 30 · ETA 8 s
[ 22:47:42 | ███████░░░ |  73% ] r-chunk 22 / 30 · ETA 7 s
[ 22:47:44 | ████████░░ |  80% ] r-chunk 24 / 30 · ETA 5 s
[ 22:47:45 | ████████░░ |  83% ] r-chunk 25 / 30 · ETA 4 s
[ 22:47:47 | █████████░ |  90% ] r-chunk 27 / 30 · ETA 3 s
[ 22:47:48 | █████████░ |  93% ] r-chunk 28 / 30 · ETA 2 s
[ 22:47:51 | ██████████ | 100% ] r-chunk 30 / 30 · ETA 0 s
Finished zeta fitting at 22:47:51.  Elapsed: 28 s.
  [SlabIO.close] draining 1 pending writes for zeta_q.h5 …
  [SlabIO.close] Python dispatch drained in 0.2 s; joining writer thread
  [SlabIO.close] writer thread joined in 0.0 s; calling H5Fclose collectively
  [SlabIO.close] H5Fclose returned in 0.0 s
  Zeta output: /pscratch/sd/j/jackm/lorrax_sandbox/runs/CrI3/M_6x6_30Ry_bispinor_2026-05-14/recon_sigma_b_gate_16gpu_v2_2026-05-16/tmp/zeta_q.h5  shape: (n_q_disk=8 of 6·6·1=36 full-BZ, n_rtot=243000, n_rmu=300)
  Timing (30 r-chunks, 31.1s total):
    fit     29.81s  95.8%
  Zeta output: /pscratch/sd/j/jackm/lorrax_sandbox/runs/CrI3/M_6x6_30Ry_bispinor_2026-05-14/recon_sigma_b_gate_16gpu_v2_2026-05-16/tmp/zeta_q.h5  shape: (n_q_disk=8 of 6·6·1=36 full-BZ, n_rtot=243000, n_rmu=300)
  Timing (30 r-chunks, 31.1s total):
    fit     29.76s  95.6%
  Zeta output: /pscratch/sd/j/jackm/lorrax_sandbox/runs/CrI3/M_6x6_30Ry_bispinor_2026-05-14/recon_sigma_b_gate_16gpu_v2_2026-05-16/tmp/zeta_q.h5  shape: (n_q_disk=8 of 6·6·1=36 full-BZ, n_rtot=243000, n_rmu=300)
  Timing (30 r-chunks, 31.1s total):
    fit     29.77s  95.6%
    H5       1.29s   4.2%
  Zeta output: /pscratch/sd/j/jackm/lorrax_sandbox/runs/CrI3/M_6x6_30Ry_bispinor_2026-05-14/recon_sigma_b_gate_16gpu_v2_2026-05-16/tmp/zeta_q.h5  shape: (n_q_disk=8 of 6·6·1=36 full-BZ, n_rtot=243000, n_rmu=300)
  Timing (30 r-chunks, 31.1s total):
    fit     29.73s  95.5%
    H5       1.31s   4.2%
  Zeta output: /pscratch/sd/j/jackm/lorrax_sandbox/runs/CrI3/M_6x6_30Ry_bispinor_2026-05-14/recon_sigma_b_gate_16gpu_v2_2026-05-16/tmp/zeta_q.h5  shape: (n_q_disk=8 of 6·6·1=36 full-BZ, n_rtot=243000, n_rmu=300)
  Timing (30 r-chunks, 31.1s total):
    H5       1.29s   4.1%
  Zeta output: /pscratch/sd/j/jackm/lorrax_sandbox/runs/CrI3/M_6x6_30Ry_bispinor_2026-05-14/recon_sigma_b_gate_16gpu_v2_2026-05-16/tmp/zeta_q.h5  shape: (n_q_disk=8 of 6·6·1=36 full-BZ, n_rtot=243000, n_rmu=300)
  Zeta output: /pscratch/sd/j/jackm/lorrax_sandbox/runs/CrI3/M_6x6_30Ry_bispinor_2026-05-14/recon_sigma_b_gate_16gpu_v2_2026-05-16/tmp/zeta_q.h5  shape: (n_q_disk=8 of 6·6·1=36 full-BZ, n_rtot=243000, n_rmu=300)
  Timing (30 r-chunks, 31.1s total):
    fit     29.74s  95.6%
    H5       1.30s   4.2%
    H5       1.24s   4.0%
  Zeta output: /pscratch/sd/j/jackm/lorrax_sandbox/runs/CrI3/M_6x6_30Ry_bispinor_2026-05-14/recon_sigma_b_gate_16gpu_v2_2026-05-16/tmp/zeta_q.h5  shape: (n_q_disk=8 of 6·6·1=36 full-BZ, n_rtot=243000, n_rmu=300)
  Timing (30 r-chunks, 31.1s total):
    fit     29.77s  95.6%
    H5       1.28s   4.1%
  Zeta output: /pscratch/sd/j/jackm/lorrax_sandbox/runs/CrI3/M_6x6_30Ry_bispinor_2026-05-14/recon_sigma_b_gate_16gpu_v2_2026-05-16/tmp/zeta_q.h5  shape: (n_q_disk=8 of 6·6·1=36 full-BZ, n_rtot=243000, n_rmu=300)
  Timing (30 r-chunks, 31.1s total):
  Zeta output: /pscratch/sd/j/jackm/lorrax_sandbox/runs/CrI3/M_6x6_30Ry_bispinor_2026-05-14/recon_sigma_b_gate_16gpu_v2_2026-05-16/tmp/zeta_q.h5  shape: (n_q_disk=8 of 6·6·1=36 full-BZ, n_rtot=243000, n_rmu=300)
  Timing (30 r-chunks, 31.1s total):
    fit     29.76s  95.6%
    fit     29.81s  95.8%
    H5       1.24s   4.0%
  Zeta output: /pscratch/sd/j/jackm/lorrax_sandbox/runs/CrI3/M_6x6_30Ry_bispinor_2026-05-14/recon_sigma_b_gate_16gpu_v2_2026-05-16/tmp/zeta_q.h5  shape: (n_q_disk=8 of 6·6·1=36 full-BZ, n_rtot=243000, n_rmu=300)
  Timing (30 r-chunks, 31.1s total):
    fit     29.75s  95.6%
  Zeta output: /pscratch/sd/j/jackm/lorrax_sandbox/runs/CrI3/M_6x6_30Ry_bispinor_2026-05-14/recon_sigma_b_gate_16gpu_v2_2026-05-16/tmp/zeta_q.h5  shape: (n_q_disk=8 of 6·6·1=36 full-BZ, n_rtot=243000, n_rmu=300)
  Timing (30 r-chunks, 31.1s total):
    fit     29.78s  95.6%
    H5       1.28s   4.1%
  Zeta output: /pscratch/sd/j/jackm/lorrax_sandbox/runs/CrI3/M_6x6_30Ry_bispinor_2026-05-14/recon_sigma_b_gate_16gpu_v2_2026-05-16/tmp/zeta_q.h5  shape: (n_q_disk=8 of 6·6·1=36 full-BZ, n_rtot=243000, n_rmu=300)
  Timing (30 r-chunks, 31.1s total):
    fit     29.75s  95.6%
    H5       1.29s   4.2%
  Zeta output: /pscratch/sd/j/jackm/lorrax_sandbox/runs/CrI3/M_6x6_30Ry_bispinor_2026-05-14/recon_sigma_b_gate_16gpu_v2_2026-05-16/tmp/zeta_q.h5  shape: (n_q_disk=8 of 6·6·1=36 full-BZ, n_rtot=243000, n_rmu=300)
  Timing (30 r-chunks, 31.1s total):
    fit     29.81s  95.8%
    H5       1.30s   4.2%
  Timing (30 r-chunks, 31.1s total):
    fit     29.76s  95.6%
    H5       1.30s   4.2%
    H5       1.28s   4.1%
    H5       1.24s   4.0%
  Zeta output: /pscratch/sd/j/jackm/lorrax_sandbox/runs/CrI3/M_6x6_30Ry_bispinor_2026-05-14/recon_sigma_b_gate_16gpu_v2_2026-05-16/tmp/zeta_q.h5  shape: (n_q_disk=8 of 6·6·1=36 full-BZ, n_rtot=243000, n_rmu=300)
  Timing (30 r-chunks, 31.1s total):
    fit     29.76s  95.6%
    H5       1.29s   4.2%
    fit     29.76s  95.6%
    H5       1.30s   4.2%
  Zeta output: /pscratch/sd/j/jackm/lorrax_sandbox/runs/CrI3/M_6x6_30Ry_bispinor_2026-05-14/recon_sigma_b_gate_16gpu_v2_2026-05-16/tmp/zeta_q.h5  shape: (n_q_disk=8 of 6·6·1=36 full-BZ, n_rtot=243000, n_rmu=300)
  Timing (30 r-chunks, 31.0s total):
    fit     30.42s  98.3%
    H5       0.47s   1.5%
    GPU high-water mark: 2.76 GB / 45.00 GB budget (6%)
    γ (runtime / AOT-pred) = 4.349  (AOT predicted 0.63 GB)

  [bispinor] fitting ζ^{μ_L=1,2,3} on current-density centroids: centroids_frac_298_current.txt
  [bispinor] μ_L=1 → /pscratch/sd/j/jackm/lorrax_sandbox/runs/CrI3/M_6x6_30Ry_bispinor_2026-05-14/recon_sigma_b_gate_16gpu_v2_2026-05-16/tmp/zeta_q_mu1.h5

  Zeta fitting: 30 r-chunks x 8192 r-points, 96 bands (84 left + 96 right)
  Output: /pscratch/sd/j/jackm/lorrax_sandbox/runs/CrI3/M_6x6_30Ry_bispinor_2026-05-14/recon_sigma_b_gate_16gpu_v2_2026-05-16/tmp/zeta_q_mu1.h5
  Left wfns:  (36, 84, 4, 304)
  Right wfns: (36, 96, 4, 304)
  Computing C_q via shard_map pipeline (open-spin, transverse γ̃^1)
  Pass through C_q  [γ̃^1 indefinite — path=cusolvermp_lu]
  L_q: (8, 304, 304)

  Zeta fitting: 30 r-chunks x 8192 r-points, 96 bands (84 left + 96 right)
  Output: /pscratch/sd/j/jackm/lorrax_sandbox/runs/CrI3/M_6x6_30Ry_bispinor_2026-05-14/recon_sigma_b_gate_16gpu_v2_2026-05-16/tmp/zeta_q_mu1.h5

  Zeta fitting: 30 r-chunks x 8192 r-points, 96 bands (84 left + 96 right)
  Output: /pscratch/sd/j/jackm/lorrax_sandbox/runs/CrI3/M_6x6_30Ry_bispinor_2026-05-14/recon_sigma_b_gate_16gpu_v2_2026-05-16/tmp/zeta_q_mu1.h5

  Zeta fitting: 30 r-chunks x 8192 r-points, 96 bands (84 left + 96 right)
  Output: /pscratch/sd/j/jackm/lorrax_sandbox/runs/CrI3/M_6x6_30Ry_bispinor_2026-05-14/recon_sigma_b_gate_16gpu_v2_2026-05-16/tmp/zeta_q_mu1.h5

  Zeta fitting: 30 r-chunks x 8192 r-points, 96 bands (84 left + 96 right)
  Output: /pscratch/sd/j/jackm/lorrax_sandbox/runs/CrI3/M_6x6_30Ry_bispinor_2026-05-14/recon_sigma_b_gate_16gpu_v2_2026-05-16/tmp/zeta_q_mu1.h5

  Zeta fitting: 30 r-chunks x 8192 r-points, 96 bands (84 left + 96 right)
  Output: /pscratch/sd/j/jackm/lorrax_sandbox/runs/CrI3/M_6x6_30Ry_bispinor_2026-05-14/recon_sigma_b_gate_16gpu_v2_2026-05-16/tmp/zeta_q_mu1.h5

  Zeta fitting: 30 r-chunks x 8192 r-points, 96 bands (84 left + 96 right)
  Output: /pscratch/sd/j/jackm/lorrax_sandbox/runs/CrI3/M_6x6_30Ry_bispinor_2026-05-14/recon_sigma_b_gate_16gpu_v2_2026-05-16/tmp/zeta_q_mu1.h5

  Zeta fitting: 30 r-chunks x 8192 r-points, 96 bands (84 left + 96 right)
  Output: /pscratch/sd/j/jackm/lorrax_sandbox/runs/CrI3/M_6x6_30Ry_bispinor_2026-05-14/recon_sigma_b_gate_16gpu_v2_2026-05-16/tmp/zeta_q_mu1.h5

  Zeta fitting: 30 r-chunks x 8192 r-points, 96 bands (84 left + 96 right)
  Output: /pscratch/sd/j/jackm/lorrax_sandbox/runs/CrI3/M_6x6_30Ry_bispinor_2026-05-14/recon_sigma_b_gate_16gpu_v2_2026-05-16/tmp/zeta_q_mu1.h5

  Zeta fitting: 30 r-chunks x 8192 r-points, 96 bands (84 left + 96 right)
  Output: /pscratch/sd/j/jackm/lorrax_sandbox/runs/CrI3/M_6x6_30Ry_bispinor_2026-05-14/recon_sigma_b_gate_16gpu_v2_2026-05-16/tmp/zeta_q_mu1.h5

  Zeta fitting: 30 r-chunks x 8192 r-points, 96 bands (84 left + 96 right)
  Output: /pscratch/sd/j/jackm/lorrax_sandbox/runs/CrI3/M_6x6_30Ry_bispinor_2026-05-14/recon_sigma_b_gate_16gpu_v2_2026-05-16/tmp/zeta_q_mu1.h5

  Zeta fitting: 30 r-chunks x 8192 r-points, 96 bands (84 left + 96 right)
  Output: /pscratch/sd/j/jackm/lorrax_sandbox/runs/CrI3/M_6x6_30Ry_bispinor_2026-05-14/recon_sigma_b_gate_16gpu_v2_2026-05-16/tmp/zeta_q_mu1.h5

  Zeta fitting: 30 r-chunks x 8192 r-points, 96 bands (84 left + 96 right)
  Output: /pscratch/sd/j/jackm/lorrax_sandbox/runs/CrI3/M_6x6_30Ry_bispinor_2026-05-14/recon_sigma_b_gate_16gpu_v2_2026-05-16/tmp/zeta_q_mu1.h5

  Zeta fitting: 30 r-chunks x 8192 r-points, 96 bands (84 left + 96 right)
  Output: /pscratch/sd/j/jackm/lorrax_sandbox/runs/CrI3/M_6x6_30Ry_bispinor_2026-05-14/recon_sigma_b_gate_16gpu_v2_2026-05-16/tmp/zeta_q_mu1.h5

  Zeta fitting: 30 r-chunks x 8192 r-points, 96 bands (84 left + 96 right)
  Output: /pscratch/sd/j/jackm/lorrax_sandbox/runs/CrI3/M_6x6_30Ry_bispinor_2026-05-14/recon_sigma_b_gate_16gpu_v2_2026-05-16/tmp/zeta_q_mu1.h5

  Zeta fitting: 30 r-chunks x 8192 r-points, 96 bands (84 left + 96 right)
  Output: /pscratch/sd/j/jackm/lorrax_sandbox/runs/CrI3/M_6x6_30Ry_bispinor_2026-05-14/recon_sigma_b_gate_16gpu_v2_2026-05-16/tmp/zeta_q_mu1.h5
  Left wfns:  (36, 84, 4, 304)
  Right wfns: (36, 96, 4, 304)
  Left wfns:  (36, 84, 4, 304)
  Right wfns: (36, 96, 4, 304)
  Left wfns:  (36, 84, 4, 304)
  Right wfns: (36, 96, 4, 304)
  Left wfns:  (36, 84, 4, 304)
  Right wfns: (36, 96, 4, 304)
  Left wfns:  (36, 84, 4, 304)
  Right wfns: (36, 96, 4, 304)
  Left wfns:  (36, 84, 4, 304)
  Right wfns: (36, 96, 4, 304)
  Left wfns:  (36, 84, 4, 304)
  Right wfns: (36, 96, 4, 304)
  Left wfns:  (36, 84, 4, 304)
  Right wfns: (36, 96, 4, 304)
  Left wfns:  (36, 84, 4, 304)
  Right wfns: (36, 96, 4, 304)
  Left wfns:  (36, 84, 4, 304)
  Right wfns: (36, 96, 4, 304)
  Left wfns:  (36, 84, 4, 304)
  Right wfns: (36, 96, 4, 304)
  Left wfns:  (36, 84, 4, 304)
  Right wfns: (36, 96, 4, 304)
  Left wfns:  (36, 84, 4, 304)
  Right wfns: (36, 96, 4, 304)
  Left wfns:  (36, 84, 4, 304)
  Right wfns: (36, 96, 4, 304)
  Left wfns:  (36, 84, 4, 304)
  Right wfns: (36, 96, 4, 304)
  Computing C_q via shard_map pipeline (open-spin, transverse γ̃^1)
  Computing C_q via shard_map pipeline (open-spin, transverse γ̃^1)
  Computing C_q via shard_map pipeline (open-spin, transverse γ̃^1)
  Computing C_q via shard_map pipeline (open-spin, transverse γ̃^1)
  Computing C_q via shard_map pipeline (open-spin, transverse γ̃^1)
  Computing C_q via shard_map pipeline (open-spin, transverse γ̃^1)
  Computing C_q via shard_map pipeline (open-spin, transverse γ̃^1)
  Computing C_q via shard_map pipeline (open-spin, transverse γ̃^1)
  Computing C_q via shard_map pipeline (open-spin, transverse γ̃^1)
  Computing C_q via shard_map pipeline (open-spin, transverse γ̃^1)
  Computing C_q via shard_map pipeline (open-spin, transverse γ̃^1)
  Computing C_q via shard_map pipeline (open-spin, transverse γ̃^1)
  Computing C_q via shard_map pipeline (open-spin, transverse γ̃^1)
  Computing C_q via shard_map pipeline (open-spin, transverse γ̃^1)
  Computing C_q via shard_map pipeline (open-spin, transverse γ̃^1)
  Pass through C_q  [γ̃^1 indefinite — path=cusolvermp_lu]
  Pass through C_q  [γ̃^1 indefinite — path=cusolvermp_lu]
  Pass through C_q  [γ̃^1 indefinite — path=cusolvermp_lu]
  Pass through C_q  [γ̃^1 indefinite — path=cusolvermp_lu]
  Pass through C_q  [γ̃^1 indefinite — path=cusolvermp_lu]
  Pass through C_q  [γ̃^1 indefinite — path=cusolvermp_lu]
  Pass through C_q  [γ̃^1 indefinite — path=cusolvermp_lu]
  Pass through C_q  [γ̃^1 indefinite — path=cusolvermp_lu]
  Pass through C_q  [γ̃^1 indefinite — path=cusolvermp_lu]
  Pass through C_q  [γ̃^1 indefinite — path=cusolvermp_lu]
  Pass through C_q  [γ̃^1 indefinite — path=cusolvermp_lu]
  Pass through C_q  [γ̃^1 indefinite — path=cusolvermp_lu]
  Pass through C_q  [γ̃^1 indefinite — path=cusolvermp_lu]
  Pass through C_q  [γ̃^1 indefinite — path=cusolvermp_lu]
  Pass through C_q  [γ̃^1 indefinite — path=cusolvermp_lu]
  L_q: (8, 304, 304)
  L_q: (8, 304, 304)
  L_q: (8, 304, 304)
  L_q: (8, 304, 304)
  L_q: (8, 304, 304)
  L_q: (8, 304, 304)
  L_q: (8, 304, 304)
  L_q: (8, 304, 304)
  L_q: (8, 304, 304)
  L_q: (8, 304, 304)
  L_q: (8, 304, 304)
  L_q: (8, 304, 304)
  L_q: (8, 304, 304)
  L_q: (8, 304, 304)
  L_q: (8, 304, 304)
  q-IBZ reduction: 8 IBZ q-points / 36 full-BZ (disk shrink 4.5×)
  q-IBZ reduction: 8 IBZ q-points / 36 full-BZ (disk shrink 4.5×)
  q-IBZ reduction: 8 IBZ q-points / 36 full-BZ (disk shrink 4.5×)
  q-IBZ reduction: 8 IBZ q-points / 36 full-BZ (disk shrink 4.5×)
  q-IBZ reduction: 8 IBZ q-points / 36 full-BZ (disk shrink 4.5×)
  q-IBZ reduction: 8 IBZ q-points / 36 full-BZ (disk shrink 4.5×)
  q-IBZ reduction: 8 IBZ q-points / 36 full-BZ (disk shrink 4.5×)
  q-IBZ reduction: 8 IBZ q-points / 36 full-BZ (disk shrink 4.5×)
  q-IBZ reduction: 8 IBZ q-points / 36 full-BZ (disk shrink 4.5×)
  q-IBZ reduction: 8 IBZ q-points / 36 full-BZ (disk shrink 4.5×)
  q-IBZ reduction: 8 IBZ q-points / 36 full-BZ (disk shrink 4.5×)
  q-IBZ reduction: 8 IBZ q-points / 36 full-BZ (disk shrink 4.5×)
  q-IBZ reduction: 8 IBZ q-points / 36 full-BZ (disk shrink 4.5×)
  q-IBZ reduction: 8 IBZ q-points / 36 full-BZ (disk shrink 4.5×)
  q-IBZ reduction: 8 IBZ q-points / 36 full-BZ (disk shrink 4.5×)
  q-IBZ reduction: 8 IBZ q-points / 36 full-BZ (disk shrink 4.5×)
  G-flat ζ sphere: ngkmax=13789, min ngk=13739, max ngk=13789 (5.674% of n_rtot)
/global/homes/j/jackm/software/lorrax_B/src/file_io/_slab_io_ffi.py:453: UserWarning: FFI backend: chunks/attrs on create_dataset currently no-op; pre-create with h5py if you need explicit chunking or attrs.
  warnings.warn(
/global/homes/j/jackm/software/lorrax_B/src/file_io/_slab_io_ffi.py:453: UserWarning: FFI backend: chunks/attrs on create_dataset currently no-op; pre-create with h5py if you need explicit chunking or attrs.
  warnings.warn(
/global/homes/j/jackm/software/lorrax_B/src/file_io/_slab_io_ffi.py:453: UserWarning: FFI backend: chunks/attrs on create_dataset currently no-op; pre-create with h5py if you need explicit chunking or attrs.
  warnings.warn(
/global/homes/j/jackm/software/lorrax_B/src/file_io/_slab_io_ffi.py:453: UserWarning: FFI backend: chunks/attrs on create_dataset currently no-op; pre-create with h5py if you need explicit chunking or attrs.
  warnings.warn(
/global/homes/j/jackm/software/lorrax_B/src/file_io/_slab_io_ffi.py:453: UserWarning: FFI backend: chunks/attrs on create_dataset currently no-op; pre-create with h5py if you need explicit chunking or attrs.
  warnings.warn(
/global/homes/j/jackm/software/lorrax_B/src/file_io/_slab_io_ffi.py:453: UserWarning: FFI backend: chunks/attrs on create_dataset currently no-op; pre-create with h5py if you need explicit chunking or attrs.
  warnings.warn(
/global/homes/j/jackm/software/lorrax_B/src/file_io/_slab_io_ffi.py:453: UserWarning: FFI backend: chunks/attrs on create_dataset currently no-op; pre-create with h5py if you need explicit chunking or attrs.
  warnings.warn(
/global/homes/j/jackm/software/lorrax_B/src/file_io/_slab_io_ffi.py:453: UserWarning: FFI backend: chunks/attrs on create_dataset currently no-op; pre-create with h5py if you need explicit chunking or attrs.
  warnings.warn(
/global/homes/j/jackm/software/lorrax_B/src/file_io/_slab_io_ffi.py:453: UserWarning: FFI backend: chunks/attrs on create_dataset currently no-op; pre-create with h5py if you need explicit chunking or attrs.
  warnings.warn(
/global/homes/j/jackm/software/lorrax_B/src/file_io/_slab_io_ffi.py:453: UserWarning: FFI backend: chunks/attrs on create_dataset currently no-op; pre-create with h5py if you need explicit chunking or attrs.
  warnings.warn(
/global/homes/j/jackm/software/lorrax_B/src/file_io/_slab_io_ffi.py:453: UserWarning: FFI backend: chunks/attrs on create_dataset currently no-op; pre-create with h5py if you need explicit chunking or attrs.
  warnings.warn(
/global/homes/j/jackm/software/lorrax_B/src/file_io/_slab_io_ffi.py:453: UserWarning: FFI backend: chunks/attrs on create_dataset currently no-op; pre-create with h5py if you need explicit chunking or attrs.
  warnings.warn(
/global/homes/j/jackm/software/lorrax_B/src/file_io/_slab_io_ffi.py:453: UserWarning: FFI backend: chunks/attrs on create_dataset currently no-op; pre-create with h5py if you need explicit chunking or attrs.
  warnings.warn(
/global/homes/j/jackm/software/lorrax_B/src/file_io/_slab_io_ffi.py:453: UserWarning: FFI backend: chunks/attrs on create_dataset currently no-op; pre-create with h5py if you need explicit chunking or attrs.
  warnings.warn(
/global/homes/j/jackm/software/lorrax_B/src/file_io/_slab_io_ffi.py:453: UserWarning: FFI backend: chunks/attrs on create_dataset currently no-op; pre-create with h5py if you need explicit chunking or attrs.
  warnings.warn(
/global/homes/j/jackm/software/lorrax_B/src/file_io/_slab_io_ffi.py:453: UserWarning: FFI backend: chunks/attrs on create_dataset currently no-op; pre-create with h5py if you need explicit chunking or attrs.
  warnings.warn(
  ψ(G-flat) host cache: 0.19 GB/process resident
  G-flat ζ accumulator: N=152 rows/rank (n_q=8 × n_mu_local=19); chunk_size=152 → per-iter FFT box 0.59 GB/rank
Started zeta fitting at 22:48:01.
[ 22:48:01 | ░░░░░░░░░░ |   3% ] r-chunk  1 / 30 · ETA 0 s
[ 22:48:03 | █░░░░░░░░░ |  10% ] r-chunk  3 / 30 · ETA 18 s
[ 22:48:04 | █░░░░░░░░░ |  13% ] r-chunk  4 / 30 · ETA 19 s
[ 22:48:06 | ██░░░░░░░░ |  20% ] r-chunk  6 / 30 · ETA 19 s
[ 22:48:06 | ██░░░░░░░░ |  23% ] r-chunk  7 / 30 · ETA 19 s
[ 22:48:08 | ███░░░░░░░ |  30% ] r-chunk  9 / 30 · ETA 18 s
[ 22:48:09 | ███░░░░░░░ |  33% ] r-chunk 10 / 30 · ETA 17 s
[ 22:48:11 | ████░░░░░░ |  40% ] r-chunk 12 / 30 · ETA 16 s
[ 22:48:12 | ████░░░░░░ |  43% ] r-chunk 13 / 30 · ETA 15 s
[ 22:48:14 | █████░░░░░ |  50% ] r-chunk 15 / 30 · ETA 13 s
[ 22:48:15 | █████░░░░░ |  53% ] r-chunk 16 / 30 · ETA 12 s
[ 22:48:17 | ██████░░░░ |  60% ] r-chunk 18 / 30 · ETA 11 s
[ 22:48:18 | ██████░░░░ |  63% ] r-chunk 19 / 30 · ETA 10 s
[ 22:48:20 | ███████░░░ |  70% ] r-chunk 21 / 30 · ETA 8 s
[ 22:48:21 | ███████░░░ |  73% ] r-chunk 22 / 30 · ETA 7 s
[ 22:48:22 | ████████░░ |  80% ] r-chunk 24 / 30 · ETA 5 s
[ 22:48:23 | ████████░░ |  83% ] r-chunk 25 / 30 · ETA 5 s
[ 22:48:25 | █████████░ |  90% ] r-chunk 27 / 30 · ETA 3 s
[ 22:48:26 | █████████░ |  93% ] r-chunk 28 / 30 · ETA 2 s
[ 22:48:29 | ██████████ | 100% ] r-chunk 30 / 30 · ETA 0 s
Finished zeta fitting at 22:48:29.  Elapsed: 28 s.
  [SlabIO.close] draining 1 pending writes for zeta_q_mu1.h5 …
  [SlabIO.close] Python dispatch drained in 0.1 s; joining writer thread
  [SlabIO.close] writer thread joined in 0.0 s; calling H5Fclose collectively
  [SlabIO.close] H5Fclose returned in 0.0 s
  Zeta output: /pscratch/sd/j/jackm/lorrax_sandbox/runs/CrI3/M_6x6_30Ry_bispinor_2026-05-14/recon_sigma_b_gate_16gpu_v2_2026-05-16/tmp/zeta_q_mu1.h5  shape: (n_q_disk=8 of 6·6·1=36 full-BZ, n_rtot=243000, n_rmu=298)
  Timing (30 r-chunks, 32.9s total):
    fit     32.10s  97.6%
    H5       0.71s   2.2%
  Zeta output: /pscratch/sd/j/jackm/lorrax_sandbox/runs/CrI3/M_6x6_30Ry_bispinor_2026-05-14/recon_sigma_b_gate_16gpu_v2_2026-05-16/tmp/zeta_q_mu1.h5  shape: (n_q_disk=8 of 6·6·1=36 full-BZ, n_rtot=243000, n_rmu=298)
  Timing (30 r-chunks, 32.9s total):
    fit     32.07s  97.6%
    H5       0.73s   2.2%
  Zeta output: /pscratch/sd/j/jackm/lorrax_sandbox/runs/CrI3/M_6x6_30Ry_bispinor_2026-05-14/recon_sigma_b_gate_16gpu_v2_2026-05-16/tmp/zeta_q_mu1.h5  shape: (n_q_disk=8 of 6·6·1=36 full-BZ, n_rtot=243000, n_rmu=298)
  Timing (30 r-chunks, 32.9s total):
  Zeta output: /pscratch/sd/j/jackm/lorrax_sandbox/runs/CrI3/M_6x6_30Ry_bispinor_2026-05-14/recon_sigma_b_gate_16gpu_v2_2026-05-16/tmp/zeta_q_mu1.h5  shape: (n_q_disk=8 of 6·6·1=36 full-BZ, n_rtot=243000, n_rmu=298)
  Timing (30 r-chunks, 32.9s total):
    fit     32.10s  97.6%
    H5       0.71s   2.2%
  Zeta output: /pscratch/sd/j/jackm/lorrax_sandbox/runs/CrI3/M_6x6_30Ry_bispinor_2026-05-14/recon_sigma_b_gate_16gpu_v2_2026-05-16/tmp/zeta_q_mu1.h5  shape: (n_q_disk=8 of 6·6·1=36 full-BZ, n_rtot=243000, n_rmu=298)
  Timing (30 r-chunks, 32.9s total):
    fit     32.05s  97.5%
    fit     32.06s  97.5%
    H5       0.75s   2.3%
  Zeta output: /pscratch/sd/j/jackm/lorrax_sandbox/runs/CrI3/M_6x6_30Ry_bispinor_2026-05-14/recon_sigma_b_gate_16gpu_v2_2026-05-16/tmp/zeta_q_mu1.h5  shape: (n_q_disk=8 of 6·6·1=36 full-BZ, n_rtot=243000, n_rmu=298)
  Zeta output: /pscratch/sd/j/jackm/lorrax_sandbox/runs/CrI3/M_6x6_30Ry_bispinor_2026-05-14/recon_sigma_b_gate_16gpu_v2_2026-05-16/tmp/zeta_q_mu1.h5  shape: (n_q_disk=8 of 6·6·1=36 full-BZ, n_rtot=243000, n_rmu=298)
  Timing (30 r-chunks, 32.9s total):
  Zeta output: /pscratch/sd/j/jackm/lorrax_sandbox/runs/CrI3/M_6x6_30Ry_bispinor_2026-05-14/recon_sigma_b_gate_16gpu_v2_2026-05-16/tmp/zeta_q_mu1.h5  shape: (n_q_disk=8 of 6·6·1=36 full-BZ, n_rtot=243000, n_rmu=298)
  Timing (30 r-chunks, 32.9s total):
  Zeta output: /pscratch/sd/j/jackm/lorrax_sandbox/runs/CrI3/M_6x6_30Ry_bispinor_2026-05-14/recon_sigma_b_gate_16gpu_v2_2026-05-16/tmp/zeta_q_mu1.h5  shape: (n_q_disk=8 of 6·6·1=36 full-BZ, n_rtot=243000, n_rmu=298)
  Timing (30 r-chunks, 32.9s total):
  Timing (30 r-chunks, 32.9s total):
  Zeta output: /pscratch/sd/j/jackm/lorrax_sandbox/runs/CrI3/M_6x6_30Ry_bispinor_2026-05-14/recon_sigma_b_gate_16gpu_v2_2026-05-16/tmp/zeta_q_mu1.h5  shape: (n_q_disk=8 of 6·6·1=36 full-BZ, n_rtot=243000, n_rmu=298)
  Timing (30 r-chunks, 32.9s total):
    fit     32.08s  97.6%
    H5       0.73s   2.2%
  Zeta output: /pscratch/sd/j/jackm/lorrax_sandbox/runs/CrI3/M_6x6_30Ry_bispinor_2026-05-14/recon_sigma_b_gate_16gpu_v2_2026-05-16/tmp/zeta_q_mu1.h5  shape: (n_q_disk=8 of 6·6·1=36 full-BZ, n_rtot=243000, n_rmu=298)
  Timing (30 r-chunks, 32.9s total):
    fit     32.05s  97.5%
    H5       0.76s   2.3%
    fit     32.07s  97.6%
    H5       0.74s   2.2%
    fit     32.10s  97.6%
    H5       0.71s   2.2%
    fit     32.08s  97.6%
    H5       0.73s   2.2%
  Zeta output: /pscratch/sd/j/jackm/lorrax_sandbox/runs/CrI3/M_6x6_30Ry_bispinor_2026-05-14/recon_sigma_b_gate_16gpu_v2_2026-05-16/tmp/zeta_q_mu1.h5  shape: (n_q_disk=8 of 6·6·1=36 full-BZ, n_rtot=243000, n_rmu=298)
  Timing (30 r-chunks, 32.9s total):
    fit     32.04s  97.5%
    H5       0.77s   2.4%
  Zeta output: /pscratch/sd/j/jackm/lorrax_sandbox/runs/CrI3/M_6x6_30Ry_bispinor_2026-05-14/recon_sigma_b_gate_16gpu_v2_2026-05-16/tmp/zeta_q_mu1.h5  shape: (n_q_disk=8 of 6·6·1=36 full-BZ, n_rtot=243000, n_rmu=298)
  Zeta output: /pscratch/sd/j/jackm/lorrax_sandbox/runs/CrI3/M_6x6_30Ry_bispinor_2026-05-14/recon_sigma_b_gate_16gpu_v2_2026-05-16/tmp/zeta_q_mu1.h5  shape: (n_q_disk=8 of 6·6·1=36 full-BZ, n_rtot=243000, n_rmu=298)
    H5       0.77s   2.3%
  Timing (30 r-chunks, 32.9s total):
    fit     32.06s  97.5%
  Timing (30 r-chunks, 32.9s total):
    fit     32.08s  97.6%
    H5       0.73s   2.2%
    fit     32.05s  97.5%
    H5       0.76s   2.3%
  Zeta output: /pscratch/sd/j/jackm/lorrax_sandbox/runs/CrI3/M_6x6_30Ry_bispinor_2026-05-14/recon_sigma_b_gate_16gpu_v2_2026-05-16/tmp/zeta_q_mu1.h5  shape: (n_q_disk=8 of 6·6·1=36 full-BZ, n_rtot=243000, n_rmu=298)
  Timing (30 r-chunks, 32.9s total):
    H5       0.74s   2.3%
    fit     32.06s  97.5%
    H5       0.75s   2.3%
  Zeta output: /pscratch/sd/j/jackm/lorrax_sandbox/runs/CrI3/M_6x6_30Ry_bispinor_2026-05-14/recon_sigma_b_gate_16gpu_v2_2026-05-16/tmp/zeta_q_mu1.h5  shape: (n_q_disk=8 of 6·6·1=36 full-BZ, n_rtot=243000, n_rmu=298)
  Timing (30 r-chunks, 32.7s total):
    fit     32.25s  98.5%
    H5       0.42s   1.3%

  Zeta fitting: 30 r-chunks x 8192 r-points, 96 bands (84 left + 96 right)
  Output: /pscratch/sd/j/jackm/lorrax_sandbox/runs/CrI3/M_6x6_30Ry_bispinor_2026-05-14/recon_sigma_b_gate_16gpu_v2_2026-05-16/tmp/zeta_q_mu2.h5

  Zeta fitting: 30 r-chunks x 8192 r-points, 96 bands (84 left + 96 right)
  Output: /pscratch/sd/j/jackm/lorrax_sandbox/runs/CrI3/M_6x6_30Ry_bispinor_2026-05-14/recon_sigma_b_gate_16gpu_v2_2026-05-16/tmp/zeta_q_mu2.h5

  Zeta fitting: 30 r-chunks x 8192 r-points, 96 bands (84 left + 96 right)
  Output: /pscratch/sd/j/jackm/lorrax_sandbox/runs/CrI3/M_6x6_30Ry_bispinor_2026-05-14/recon_sigma_b_gate_16gpu_v2_2026-05-16/tmp/zeta_q_mu2.h5

  Zeta fitting: 30 r-chunks x 8192 r-points, 96 bands (84 left + 96 right)
  Output: /pscratch/sd/j/jackm/lorrax_sandbox/runs/CrI3/M_6x6_30Ry_bispinor_2026-05-14/recon_sigma_b_gate_16gpu_v2_2026-05-16/tmp/zeta_q_mu2.h5
  [bispinor] μ_L=2 → /pscratch/sd/j/jackm/lorrax_sandbox/runs/CrI3/M_6x6_30Ry_bispinor_2026-05-14/recon_sigma_b_gate_16gpu_v2_2026-05-16/tmp/zeta_q_mu2.h5

  Zeta fitting: 30 r-chunks x 8192 r-points, 96 bands (84 left + 96 right)
  Output: /pscratch/sd/j/jackm/lorrax_sandbox/runs/CrI3/M_6x6_30Ry_bispinor_2026-05-14/recon_sigma_b_gate_16gpu_v2_2026-05-16/tmp/zeta_q_mu2.h5

  Zeta fitting: 30 r-chunks x 8192 r-points, 96 bands (84 left + 96 right)
  Output: /pscratch/sd/j/jackm/lorrax_sandbox/runs/CrI3/M_6x6_30Ry_bispinor_2026-05-14/recon_sigma_b_gate_16gpu_v2_2026-05-16/tmp/zeta_q_mu2.h5

  Zeta fitting: 30 r-chunks x 8192 r-points, 96 bands (84 left + 96 right)
  Output: /pscratch/sd/j/jackm/lorrax_sandbox/runs/CrI3/M_6x6_30Ry_bispinor_2026-05-14/recon_sigma_b_gate_16gpu_v2_2026-05-16/tmp/zeta_q_mu2.h5

  Zeta fitting: 30 r-chunks x 8192 r-points, 96 bands (84 left + 96 right)
  Output: /pscratch/sd/j/jackm/lorrax_sandbox/runs/CrI3/M_6x6_30Ry_bispinor_2026-05-14/recon_sigma_b_gate_16gpu_v2_2026-05-16/tmp/zeta_q_mu2.h5

  Zeta fitting: 30 r-chunks x 8192 r-points, 96 bands (84 left + 96 right)
  Output: /pscratch/sd/j/jackm/lorrax_sandbox/runs/CrI3/M_6x6_30Ry_bispinor_2026-05-14/recon_sigma_b_gate_16gpu_v2_2026-05-16/tmp/zeta_q_mu2.h5

  Zeta fitting: 30 r-chunks x 8192 r-points, 96 bands (84 left + 96 right)
  Output: /pscratch/sd/j/jackm/lorrax_sandbox/runs/CrI3/M_6x6_30Ry_bispinor_2026-05-14/recon_sigma_b_gate_16gpu_v2_2026-05-16/tmp/zeta_q_mu2.h5

  Zeta fitting: 30 r-chunks x 8192 r-points, 96 bands (84 left + 96 right)
  Output: /pscratch/sd/j/jackm/lorrax_sandbox/runs/CrI3/M_6x6_30Ry_bispinor_2026-05-14/recon_sigma_b_gate_16gpu_v2_2026-05-16/tmp/zeta_q_mu2.h5

  Zeta fitting: 30 r-chunks x 8192 r-points, 96 bands (84 left + 96 right)
  Output: /pscratch/sd/j/jackm/lorrax_sandbox/runs/CrI3/M_6x6_30Ry_bispinor_2026-05-14/recon_sigma_b_gate_16gpu_v2_2026-05-16/tmp/zeta_q_mu2.h5

  Zeta fitting: 30 r-chunks x 8192 r-points, 96 bands (84 left + 96 right)
  Output: /pscratch/sd/j/jackm/lorrax_sandbox/runs/CrI3/M_6x6_30Ry_bispinor_2026-05-14/recon_sigma_b_gate_16gpu_v2_2026-05-16/tmp/zeta_q_mu2.h5

  Zeta fitting: 30 r-chunks x 8192 r-points, 96 bands (84 left + 96 right)
  Output: /pscratch/sd/j/jackm/lorrax_sandbox/runs/CrI3/M_6x6_30Ry_bispinor_2026-05-14/recon_sigma_b_gate_16gpu_v2_2026-05-16/tmp/zeta_q_mu2.h5

  Zeta fitting: 30 r-chunks x 8192 r-points, 96 bands (84 left + 96 right)
  Output: /pscratch/sd/j/jackm/lorrax_sandbox/runs/CrI3/M_6x6_30Ry_bispinor_2026-05-14/recon_sigma_b_gate_16gpu_v2_2026-05-16/tmp/zeta_q_mu2.h5

  Zeta fitting: 30 r-chunks x 8192 r-points, 96 bands (84 left + 96 right)
  Output: /pscratch/sd/j/jackm/lorrax_sandbox/runs/CrI3/M_6x6_30Ry_bispinor_2026-05-14/recon_sigma_b_gate_16gpu_v2_2026-05-16/tmp/zeta_q_mu2.h5
  Left wfns:  (36, 84, 4, 304)
  Right wfns: (36, 96, 4, 304)
  Computing C_q via shard_map pipeline (open-spin, transverse γ̃^2)
  Left wfns:  (36, 84, 4, 304)
  Right wfns: (36, 96, 4, 304)
  Left wfns:  (36, 84, 4, 304)
  Right wfns: (36, 96, 4, 304)
  Left wfns:  (36, 84, 4, 304)
  Right wfns: (36, 96, 4, 304)
  Left wfns:  (36, 84, 4, 304)
  Right wfns: (36, 96, 4, 304)
  Left wfns:  (36, 84, 4, 304)
  Right wfns: (36, 96, 4, 304)
  Left wfns:  (36, 84, 4, 304)
  Right wfns: (36, 96, 4, 304)
  Left wfns:  (36, 84, 4, 304)
  Right wfns: (36, 96, 4, 304)
  Left wfns:  (36, 84, 4, 304)
  Right wfns: (36, 96, 4, 304)
  Left wfns:  (36, 84, 4, 304)
  Right wfns: (36, 96, 4, 304)
  Left wfns:  (36, 84, 4, 304)
  Right wfns: (36, 96, 4, 304)
  Left wfns:  (36, 84, 4, 304)
  Right wfns: (36, 96, 4, 304)
  Left wfns:  (36, 84, 4, 304)
  Right wfns: (36, 96, 4, 304)
  Left wfns:  (36, 84, 4, 304)
  Right wfns: (36, 96, 4, 304)
  Left wfns:  (36, 84, 4, 304)
  Right wfns: (36, 96, 4, 304)
  Left wfns:  (36, 84, 4, 304)
  Right wfns: (36, 96, 4, 304)
  Pass through C_q  [γ̃^2 indefinite — path=cusolvermp_lu]
  L_q: (8, 304, 304)
  Computing C_q via shard_map pipeline (open-spin, transverse γ̃^2)
  Computing C_q via shard_map pipeline (open-spin, transverse γ̃^2)
  Computing C_q via shard_map pipeline (open-spin, transverse γ̃^2)
  Computing C_q via shard_map pipeline (open-spin, transverse γ̃^2)
  Computing C_q via shard_map pipeline (open-spin, transverse γ̃^2)
  Computing C_q via shard_map pipeline (open-spin, transverse γ̃^2)
  Computing C_q via shard_map pipeline (open-spin, transverse γ̃^2)
  Computing C_q via shard_map pipeline (open-spin, transverse γ̃^2)
  Computing C_q via shard_map pipeline (open-spin, transverse γ̃^2)
  Computing C_q via shard_map pipeline (open-spin, transverse γ̃^2)
  Computing C_q via shard_map pipeline (open-spin, transverse γ̃^2)
  Computing C_q via shard_map pipeline (open-spin, transverse γ̃^2)
  Computing C_q via shard_map pipeline (open-spin, transverse γ̃^2)
  Computing C_q via shard_map pipeline (open-spin, transverse γ̃^2)
  Computing C_q via shard_map pipeline (open-spin, transverse γ̃^2)
  Pass through C_q  [γ̃^2 indefinite — path=cusolvermp_lu]
  Pass through C_q  [γ̃^2 indefinite — path=cusolvermp_lu]
  Pass through C_q  [γ̃^2 indefinite — path=cusolvermp_lu]
  Pass through C_q  [γ̃^2 indefinite — path=cusolvermp_lu]
  Pass through C_q  [γ̃^2 indefinite — path=cusolvermp_lu]
  Pass through C_q  [γ̃^2 indefinite — path=cusolvermp_lu]
  Pass through C_q  [γ̃^2 indefinite — path=cusolvermp_lu]
  Pass through C_q  [γ̃^2 indefinite — path=cusolvermp_lu]
  Pass through C_q  [γ̃^2 indefinite — path=cusolvermp_lu]
  Pass through C_q  [γ̃^2 indefinite — path=cusolvermp_lu]
  Pass through C_q  [γ̃^2 indefinite — path=cusolvermp_lu]
  Pass through C_q  [γ̃^2 indefinite — path=cusolvermp_lu]
  Pass through C_q  [γ̃^2 indefinite — path=cusolvermp_lu]
  Pass through C_q  [γ̃^2 indefinite — path=cusolvermp_lu]
  Pass through C_q  [γ̃^2 indefinite — path=cusolvermp_lu]
  L_q: (8, 304, 304)
  L_q: (8, 304, 304)
  L_q: (8, 304, 304)
  L_q: (8, 304, 304)
  L_q: (8, 304, 304)
  L_q: (8, 304, 304)
  L_q: (8, 304, 304)
  L_q: (8, 304, 304)
  L_q: (8, 304, 304)
  L_q: (8, 304, 304)
  L_q: (8, 304, 304)
  L_q: (8, 304, 304)
  L_q: (8, 304, 304)
  L_q: (8, 304, 304)
  L_q: (8, 304, 304)
  q-IBZ reduction: 8 IBZ q-points / 36 full-BZ (disk shrink 4.5×)
  q-IBZ reduction: 8 IBZ q-points / 36 full-BZ (disk shrink 4.5×)
  q-IBZ reduction: 8 IBZ q-points / 36 full-BZ (disk shrink 4.5×)
  q-IBZ reduction: 8 IBZ q-points / 36 full-BZ (disk shrink 4.5×)
  q-IBZ reduction: 8 IBZ q-points / 36 full-BZ (disk shrink 4.5×)
  q-IBZ reduction: 8 IBZ q-points / 36 full-BZ (disk shrink 4.5×)
  q-IBZ reduction: 8 IBZ q-points / 36 full-BZ (disk shrink 4.5×)
  q-IBZ reduction: 8 IBZ q-points / 36 full-BZ (disk shrink 4.5×)
  q-IBZ reduction: 8 IBZ q-points / 36 full-BZ (disk shrink 4.5×)
  q-IBZ reduction: 8 IBZ q-points / 36 full-BZ (disk shrink 4.5×)
  q-IBZ reduction: 8 IBZ q-points / 36 full-BZ (disk shrink 4.5×)
  q-IBZ reduction: 8 IBZ q-points / 36 full-BZ (disk shrink 4.5×)
  q-IBZ reduction: 8 IBZ q-points / 36 full-BZ (disk shrink 4.5×)
  q-IBZ reduction: 8 IBZ q-points / 36 full-BZ (disk shrink 4.5×)
  q-IBZ reduction: 8 IBZ q-points / 36 full-BZ (disk shrink 4.5×)
  q-IBZ reduction: 8 IBZ q-points / 36 full-BZ (disk shrink 4.5×)
  G-flat ζ sphere: ngkmax=13789, min ngk=13739, max ngk=13789 (5.674% of n_rtot)
/global/homes/j/jackm/software/lorrax_B/src/file_io/_slab_io_ffi.py:453: UserWarning: FFI backend: chunks/attrs on create_dataset currently no-op; pre-create with h5py if you need explicit chunking or attrs.
  warnings.warn(
/global/homes/j/jackm/software/lorrax_B/src/file_io/_slab_io_ffi.py:453: UserWarning: FFI backend: chunks/attrs on create_dataset currently no-op; pre-create with h5py if you need explicit chunking or attrs.
  warnings.warn(
/global/homes/j/jackm/software/lorrax_B/src/file_io/_slab_io_ffi.py:453: UserWarning: FFI backend: chunks/attrs on create_dataset currently no-op; pre-create with h5py if you need explicit chunking or attrs.
  warnings.warn(
/global/homes/j/jackm/software/lorrax_B/src/file_io/_slab_io_ffi.py:453: UserWarning: FFI backend: chunks/attrs on create_dataset currently no-op; pre-create with h5py if you need explicit chunking or attrs.
  warnings.warn(
/global/homes/j/jackm/software/lorrax_B/src/file_io/_slab_io_ffi.py:453: UserWarning: FFI backend: chunks/attrs on create_dataset currently no-op; pre-create with h5py if you need explicit chunking or attrs.
  warnings.warn(
/global/homes/j/jackm/software/lorrax_B/src/file_io/_slab_io_ffi.py:453: UserWarning: FFI backend: chunks/attrs on create_dataset currently no-op; pre-create with h5py if you need explicit chunking or attrs.
  warnings.warn(
/global/homes/j/jackm/software/lorrax_B/src/file_io/_slab_io_ffi.py:453: UserWarning: FFI backend: chunks/attrs on create_dataset currently no-op; pre-create with h5py if you need explicit chunking or attrs.
  warnings.warn(
/global/homes/j/jackm/software/lorrax_B/src/file_io/_slab_io_ffi.py:453: UserWarning: FFI backend: chunks/attrs on create_dataset currently no-op; pre-create with h5py if you need explicit chunking or attrs.
  warnings.warn(
/global/homes/j/jackm/software/lorrax_B/src/file_io/_slab_io_ffi.py:453: UserWarning: FFI backend: chunks/attrs on create_dataset currently no-op; pre-create with h5py if you need explicit chunking or attrs.
  warnings.warn(
/global/homes/j/jackm/software/lorrax_B/src/file_io/_slab_io_ffi.py:453: UserWarning: FFI backend: chunks/attrs on create_dataset currently no-op; pre-create with h5py if you need explicit chunking or attrs.
  warnings.warn(
/global/homes/j/jackm/software/lorrax_B/src/file_io/_slab_io_ffi.py:453: UserWarning: FFI backend: chunks/attrs on create_dataset currently no-op; pre-create with h5py if you need explicit chunking or attrs.
  warnings.warn(
/global/homes/j/jackm/software/lorrax_B/src/file_io/_slab_io_ffi.py:453: UserWarning: FFI backend: chunks/attrs on create_dataset currently no-op; pre-create with h5py if you need explicit chunking or attrs.
  warnings.warn(
/global/homes/j/jackm/software/lorrax_B/src/file_io/_slab_io_ffi.py:453: UserWarning: FFI backend: chunks/attrs on create_dataset currently no-op; pre-create with h5py if you need explicit chunking or attrs.
  warnings.warn(
/global/homes/j/jackm/software/lorrax_B/src/file_io/_slab_io_ffi.py:453: UserWarning: FFI backend: chunks/attrs on create_dataset currently no-op; pre-create with h5py if you need explicit chunking or attrs.
  warnings.warn(
/global/homes/j/jackm/software/lorrax_B/src/file_io/_slab_io_ffi.py:453: UserWarning: FFI backend: chunks/attrs on create_dataset currently no-op; pre-create with h5py if you need explicit chunking or attrs.
  warnings.warn(
/global/homes/j/jackm/software/lorrax_B/src/file_io/_slab_io_ffi.py:453: UserWarning: FFI backend: chunks/attrs on create_dataset currently no-op; pre-create with h5py if you need explicit chunking or attrs.
  warnings.warn(
  ψ(G-flat) host cache: 0.19 GB/process resident
  G-flat ζ accumulator: N=152 rows/rank (n_q=8 × n_mu_local=19); chunk_size=152 → per-iter FFT box 0.59 GB/rank
Started zeta fitting at 22:48:36.
[ 22:48:36 | ░░░░░░░░░░ |   3% ] r-chunk  1 / 30 · ETA 0 s
[ 22:48:38 | █░░░░░░░░░ |  10% ] r-chunk  3 / 30 · ETA 19 s
[ 22:48:39 | █░░░░░░░░░ |  13% ] r-chunk  4 / 30 · ETA 20 s
[ 22:48:40 | ██░░░░░░░░ |  20% ] r-chunk  6 / 30 · ETA 19 s
[ 22:48:41 | ██░░░░░░░░ |  23% ] r-chunk  7 / 30 · ETA 19 s
[ 22:48:43 | ███░░░░░░░ |  30% ] r-chunk  9 / 30 · ETA 18 s
[ 22:48:44 | ███░░░░░░░ |  33% ] r-chunk 10 / 30 · ETA 17 s
[ 22:48:46 | ████░░░░░░ |  40% ] r-chunk 12 / 30 · ETA 15 s
[ 22:48:47 | ████░░░░░░ |  43% ] r-chunk 13 / 30 · ETA 15 s
[ 22:48:49 | █████░░░░░ |  50% ] r-chunk 15 / 30 · ETA 13 s
[ 22:48:50 | █████░░░░░ |  53% ] r-chunk 16 / 30 · ETA 12 s
[ 22:48:51 | ██████░░░░ |  60% ] r-chunk 18 / 30 · ETA 11 s
[ 22:48:52 | ██████░░░░ |  63% ] r-chunk 19 / 30 · ETA 10 s
[ 22:48:54 | ███████░░░ |  70% ] r-chunk 21 / 30 · ETA 8 s
[ 22:48:55 | ███████░░░ |  73% ] r-chunk 22 / 30 · ETA 7 s
[ 22:48:57 | ████████░░ |  80% ] r-chunk 24 / 30 · ETA 5 s
[ 22:48:58 | ████████░░ |  83% ] r-chunk 25 / 30 · ETA 4 s
[ 22:49:00 | █████████░ |  90% ] r-chunk 27 / 30 · ETA 3 s
[ 22:49:01 | █████████░ |  93% ] r-chunk 28 / 30 · ETA 2 s
[ 22:49:04 | ██████████ | 100% ] r-chunk 30 / 30 · ETA 0 s
Finished zeta fitting at 22:49:04.  Elapsed: 28 s.
  [SlabIO.close] draining 1 pending writes for zeta_q_mu2.h5 …
  [SlabIO.close] Python dispatch drained in 0.1 s; joining writer thread
  [SlabIO.close] writer thread joined in 0.0 s; calling H5Fclose collectively
  [SlabIO.close] H5Fclose returned in 0.0 s
  Zeta output: /pscratch/sd/j/jackm/lorrax_sandbox/runs/CrI3/M_6x6_30Ry_bispinor_2026-05-14/recon_sigma_b_gate_16gpu_v2_2026-05-16/tmp/zeta_q_mu2.h5  shape: (n_q_disk=8 of 6·6·1=36 full-BZ, n_rtot=243000, n_rmu=298)
  Timing (30 r-chunks, 31.5s total):
    fit     30.71s  97.5%
  Zeta output: /pscratch/sd/j/jackm/lorrax_sandbox/runs/CrI3/M_6x6_30Ry_bispinor_2026-05-14/recon_sigma_b_gate_16gpu_v2_2026-05-16/tmp/zeta_q_mu2.h5  shape: (n_q_disk=8 of 6·6·1=36 full-BZ, n_rtot=243000, n_rmu=298)
  Timing (30 r-chunks, 31.5s total):
  Zeta output: /pscratch/sd/j/jackm/lorrax_sandbox/runs/CrI3/M_6x6_30Ry_bispinor_2026-05-14/recon_sigma_b_gate_16gpu_v2_2026-05-16/tmp/zeta_q_mu2.h5  shape: (n_q_disk=8 of 6·6·1=36 full-BZ, n_rtot=243000, n_rmu=298)
  Timing (30 r-chunks, 31.5s total):
    fit     30.71s  97.5%
    H5       0.71s   2.2%
  Zeta output: /pscratch/sd/j/jackm/lorrax_sandbox/runs/CrI3/M_6x6_30Ry_bispinor_2026-05-14/recon_sigma_b_gate_16gpu_v2_2026-05-16/tmp/zeta_q_mu2.h5  shape: (n_q_disk=8 of 6·6·1=36 full-BZ, n_rtot=243000, n_rmu=298)
  Timing (30 r-chunks, 31.5s total):
    fit     30.66s  97.5%
    H5       0.72s   2.3%
  Zeta output: /pscratch/sd/j/jackm/lorrax_sandbox/runs/CrI3/M_6x6_30Ry_bispinor_2026-05-14/recon_sigma_b_gate_16gpu_v2_2026-05-16/tmp/zeta_q_mu2.h5  shape: (n_q_disk=8 of 6·6·1=36 full-BZ, n_rtot=243000, n_rmu=298)
  Timing (30 r-chunks, 31.5s total):
    fit     30.66s  97.5%
    H5       0.71s   2.2%
  Zeta output: /pscratch/sd/j/jackm/lorrax_sandbox/runs/CrI3/M_6x6_30Ry_bispinor_2026-05-14/recon_sigma_b_gate_16gpu_v2_2026-05-16/tmp/zeta_q_mu2.h5  shape: (n_q_disk=8 of 6·6·1=36 full-BZ, n_rtot=243000, n_rmu=298)
  Timing (30 r-chunks, 31.5s total):
    fit     30.66s  97.4%
    H5       0.73s   2.3%
  Zeta output: /pscratch/sd/j/jackm/lorrax_sandbox/runs/CrI3/M_6x6_30Ry_bispinor_2026-05-14/recon_sigma_b_gate_16gpu_v2_2026-05-16/tmp/zeta_q_mu2.h5  shape: (n_q_disk=8 of 6·6·1=36 full-BZ, n_rtot=243000, n_rmu=298)
  Timing (30 r-chunks, 31.5s total):
    fit     30.66s  97.4%
    H5       0.73s   2.3%
  Zeta output: /pscratch/sd/j/jackm/lorrax_sandbox/runs/CrI3/M_6x6_30Ry_bispinor_2026-05-14/recon_sigma_b_gate_16gpu_v2_2026-05-16/tmp/zeta_q_mu2.h5  shape: (n_q_disk=8 of 6·6·1=36 full-BZ, n_rtot=243000, n_rmu=298)
  Timing (30 r-chunks, 31.5s total):
    fit     30.64s  97.4%
    H5       0.75s   2.4%
  Zeta output: /pscratch/sd/j/jackm/lorrax_sandbox/runs/CrI3/M_6x6_30Ry_bispinor_2026-05-14/recon_sigma_b_gate_16gpu_v2_2026-05-16/tmp/zeta_q_mu2.h5  shape: (n_q_disk=8 of 6·6·1=36 full-BZ, n_rtot=243000, n_rmu=298)
  Timing (30 r-chunks, 31.5s total):
  Zeta output: /pscratch/sd/j/jackm/lorrax_sandbox/runs/CrI3/M_6x6_30Ry_bispinor_2026-05-14/recon_sigma_b_gate_16gpu_v2_2026-05-16/tmp/zeta_q_mu2.h5  shape: (n_q_disk=8 of 6·6·1=36 full-BZ, n_rtot=243000, n_rmu=298)
    fit     30.71s  97.5%
    H5       0.71s   2.2%
  Zeta output: /pscratch/sd/j/jackm/lorrax_sandbox/runs/CrI3/M_6x6_30Ry_bispinor_2026-05-14/recon_sigma_b_gate_16gpu_v2_2026-05-16/tmp/zeta_q_mu2.h5  shape: (n_q_disk=8 of 6·6·1=36 full-BZ, n_rtot=243000, n_rmu=298)
  Zeta output: /pscratch/sd/j/jackm/lorrax_sandbox/runs/CrI3/M_6x6_30Ry_bispinor_2026-05-14/recon_sigma_b_gate_16gpu_v2_2026-05-16/tmp/zeta_q_mu2.h5  shape: (n_q_disk=8 of 6·6·1=36 full-BZ, n_rtot=243000, n_rmu=298)
  Timing (30 r-chunks, 31.5s total):
    fit     30.67s  97.4%
    H5       0.72s   2.3%
  Timing (30 r-chunks, 31.5s total):
    fit     30.65s  97.4%
  Zeta output: /pscratch/sd/j/jackm/lorrax_sandbox/runs/CrI3/M_6x6_30Ry_bispinor_2026-05-14/recon_sigma_b_gate_16gpu_v2_2026-05-16/tmp/zeta_q_mu2.h5  shape: (n_q_disk=8 of 6·6·1=36 full-BZ, n_rtot=243000, n_rmu=298)
  Timing (30 r-chunks, 31.5s total):
    fit     30.67s  97.4%
    H5       0.74s   2.3%
  Zeta output: /pscratch/sd/j/jackm/lorrax_sandbox/runs/CrI3/M_6x6_30Ry_bispinor_2026-05-14/recon_sigma_b_gate_16gpu_v2_2026-05-16/tmp/zeta_q_mu2.h5  shape: (n_q_disk=8 of 6·6·1=36 full-BZ, n_rtot=243000, n_rmu=298)
  Timing (30 r-chunks, 31.5s total):
    fit     30.67s  97.5%
    H5       0.72s   2.3%
    H5       0.74s   2.3%
    fit     30.67s  97.4%
    H5       0.74s   2.3%
  Timing (30 r-chunks, 31.5s total):
    fit     30.65s  97.4%
    H5       0.73s   2.3%
  Zeta output: /pscratch/sd/j/jackm/lorrax_sandbox/runs/CrI3/M_6x6_30Ry_bispinor_2026-05-14/recon_sigma_b_gate_16gpu_v2_2026-05-16/tmp/zeta_q_mu2.h5  shape: (n_q_disk=8 of 6·6·1=36 full-BZ, n_rtot=243000, n_rmu=298)
  Timing (30 r-chunks, 31.5s total):
    fit     30.67s  97.4%
    H5       0.74s   2.3%
    H5       0.74s   2.3%
  Zeta output: /pscratch/sd/j/jackm/lorrax_sandbox/runs/CrI3/M_6x6_30Ry_bispinor_2026-05-14/recon_sigma_b_gate_16gpu_v2_2026-05-16/tmp/zeta_q_mu2.h5  shape: (n_q_disk=8 of 6·6·1=36 full-BZ, n_rtot=243000, n_rmu=298)
  Timing (30 r-chunks, 31.3s total):
    fit     30.86s  98.5%
    H5       0.40s   1.3%

  Zeta fitting: 30 r-chunks x 8192 r-points, 96 bands (84 left + 96 right)
  Output: /pscratch/sd/j/jackm/lorrax_sandbox/runs/CrI3/M_6x6_30Ry_bispinor_2026-05-14/recon_sigma_b_gate_16gpu_v2_2026-05-16/tmp/zeta_q_mu3.h5

  Zeta fitting: 30 r-chunks x 8192 r-points, 96 bands (84 left + 96 right)
  Output: /pscratch/sd/j/jackm/lorrax_sandbox/runs/CrI3/M_6x6_30Ry_bispinor_2026-05-14/recon_sigma_b_gate_16gpu_v2_2026-05-16/tmp/zeta_q_mu3.h5
  [bispinor] μ_L=3 → /pscratch/sd/j/jackm/lorrax_sandbox/runs/CrI3/M_6x6_30Ry_bispinor_2026-05-14/recon_sigma_b_gate_16gpu_v2_2026-05-16/tmp/zeta_q_mu3.h5

  Zeta fitting: 30 r-chunks x 8192 r-points, 96 bands (84 left + 96 right)
  Output: /pscratch/sd/j/jackm/lorrax_sandbox/runs/CrI3/M_6x6_30Ry_bispinor_2026-05-14/recon_sigma_b_gate_16gpu_v2_2026-05-16/tmp/zeta_q_mu3.h5

  Zeta fitting: 30 r-chunks x 8192 r-points, 96 bands (84 left + 96 right)
  Output: /pscratch/sd/j/jackm/lorrax_sandbox/runs/CrI3/M_6x6_30Ry_bispinor_2026-05-14/recon_sigma_b_gate_16gpu_v2_2026-05-16/tmp/zeta_q_mu3.h5

  Zeta fitting: 30 r-chunks x 8192 r-points, 96 bands (84 left + 96 right)
  Output: /pscratch/sd/j/jackm/lorrax_sandbox/runs/CrI3/M_6x6_30Ry_bispinor_2026-05-14/recon_sigma_b_gate_16gpu_v2_2026-05-16/tmp/zeta_q_mu3.h5

  Zeta fitting: 30 r-chunks x 8192 r-points, 96 bands (84 left + 96 right)
  Output: /pscratch/sd/j/jackm/lorrax_sandbox/runs/CrI3/M_6x6_30Ry_bispinor_2026-05-14/recon_sigma_b_gate_16gpu_v2_2026-05-16/tmp/zeta_q_mu3.h5

  Zeta fitting: 30 r-chunks x 8192 r-points, 96 bands (84 left + 96 right)
  Output: /pscratch/sd/j/jackm/lorrax_sandbox/runs/CrI3/M_6x6_30Ry_bispinor_2026-05-14/recon_sigma_b_gate_16gpu_v2_2026-05-16/tmp/zeta_q_mu3.h5

  Zeta fitting: 30 r-chunks x 8192 r-points, 96 bands (84 left + 96 right)
  Output: /pscratch/sd/j/jackm/lorrax_sandbox/runs/CrI3/M_6x6_30Ry_bispinor_2026-05-14/recon_sigma_b_gate_16gpu_v2_2026-05-16/tmp/zeta_q_mu3.h5

  Zeta fitting: 30 r-chunks x 8192 r-points, 96 bands (84 left + 96 right)
  Output: /pscratch/sd/j/jackm/lorrax_sandbox/runs/CrI3/M_6x6_30Ry_bispinor_2026-05-14/recon_sigma_b_gate_16gpu_v2_2026-05-16/tmp/zeta_q_mu3.h5

  Zeta fitting: 30 r-chunks x 8192 r-points, 96 bands (84 left + 96 right)
  Output: /pscratch/sd/j/jackm/lorrax_sandbox/runs/CrI3/M_6x6_30Ry_bispinor_2026-05-14/recon_sigma_b_gate_16gpu_v2_2026-05-16/tmp/zeta_q_mu3.h5

  Zeta fitting: 30 r-chunks x 8192 r-points, 96 bands (84 left + 96 right)
  Output: /pscratch/sd/j/jackm/lorrax_sandbox/runs/CrI3/M_6x6_30Ry_bispinor_2026-05-14/recon_sigma_b_gate_16gpu_v2_2026-05-16/tmp/zeta_q_mu3.h5

  Zeta fitting: 30 r-chunks x 8192 r-points, 96 bands (84 left + 96 right)
  Output: /pscratch/sd/j/jackm/lorrax_sandbox/runs/CrI3/M_6x6_30Ry_bispinor_2026-05-14/recon_sigma_b_gate_16gpu_v2_2026-05-16/tmp/zeta_q_mu3.h5

  Zeta fitting: 30 r-chunks x 8192 r-points, 96 bands (84 left + 96 right)
  Output: /pscratch/sd/j/jackm/lorrax_sandbox/runs/CrI3/M_6x6_30Ry_bispinor_2026-05-14/recon_sigma_b_gate_16gpu_v2_2026-05-16/tmp/zeta_q_mu3.h5

  Zeta fitting: 30 r-chunks x 8192 r-points, 96 bands (84 left + 96 right)
  Output: /pscratch/sd/j/jackm/lorrax_sandbox/runs/CrI3/M_6x6_30Ry_bispinor_2026-05-14/recon_sigma_b_gate_16gpu_v2_2026-05-16/tmp/zeta_q_mu3.h5

  Zeta fitting: 30 r-chunks x 8192 r-points, 96 bands (84 left + 96 right)
  Output: /pscratch/sd/j/jackm/lorrax_sandbox/runs/CrI3/M_6x6_30Ry_bispinor_2026-05-14/recon_sigma_b_gate_16gpu_v2_2026-05-16/tmp/zeta_q_mu3.h5

  Zeta fitting: 30 r-chunks x 8192 r-points, 96 bands (84 left + 96 right)
  Output: /pscratch/sd/j/jackm/lorrax_sandbox/runs/CrI3/M_6x6_30Ry_bispinor_2026-05-14/recon_sigma_b_gate_16gpu_v2_2026-05-16/tmp/zeta_q_mu3.h5
  Left wfns:  (36, 84, 4, 304)
  Right wfns: (36, 96, 4, 304)
  Computing C_q via shard_map pipeline (open-spin, transverse γ̃^3)
  Left wfns:  (36, 84, 4, 304)
  Right wfns: (36, 96, 4, 304)
  Left wfns:  (36, 84, 4, 304)
  Right wfns: (36, 96, 4, 304)
  Left wfns:  (36, 84, 4, 304)
  Right wfns: (36, 96, 4, 304)
  Left wfns:  (36, 84, 4, 304)
  Right wfns: (36, 96, 4, 304)
  Left wfns:  (36, 84, 4, 304)
  Right wfns: (36, 96, 4, 304)
  Left wfns:  (36, 84, 4, 304)
  Right wfns: (36, 96, 4, 304)
  Left wfns:  (36, 84, 4, 304)
  Right wfns: (36, 96, 4, 304)
  Left wfns:  (36, 84, 4, 304)
  Right wfns: (36, 96, 4, 304)
  Left wfns:  (36, 84, 4, 304)
  Right wfns: (36, 96, 4, 304)
  Left wfns:  (36, 84, 4, 304)
  Right wfns: (36, 96, 4, 304)
  Left wfns:  (36, 84, 4, 304)
  Right wfns: (36, 96, 4, 304)
  Left wfns:  (36, 84, 4, 304)
  Right wfns: (36, 96, 4, 304)
  Left wfns:  (36, 84, 4, 304)
  Right wfns: (36, 96, 4, 304)
  Left wfns:  (36, 84, 4, 304)
  Right wfns: (36, 96, 4, 304)
  Left wfns:  (36, 84, 4, 304)
  Right wfns: (36, 96, 4, 304)
  Pass through C_q  [γ̃^3 indefinite — path=cusolvermp_lu]
  L_q: (8, 304, 304)
  Computing C_q via shard_map pipeline (open-spin, transverse γ̃^3)
  Computing C_q via shard_map pipeline (open-spin, transverse γ̃^3)
  Computing C_q via shard_map pipeline (open-spin, transverse γ̃^3)
  Computing C_q via shard_map pipeline (open-spin, transverse γ̃^3)
  Computing C_q via shard_map pipeline (open-spin, transverse γ̃^3)
  Computing C_q via shard_map pipeline (open-spin, transverse γ̃^3)
  Computing C_q via shard_map pipeline (open-spin, transverse γ̃^3)
  Computing C_q via shard_map pipeline (open-spin, transverse γ̃^3)
  Computing C_q via shard_map pipeline (open-spin, transverse γ̃^3)
  Computing C_q via shard_map pipeline (open-spin, transverse γ̃^3)
  Computing C_q via shard_map pipeline (open-spin, transverse γ̃^3)
  Computing C_q via shard_map pipeline (open-spin, transverse γ̃^3)
  Computing C_q via shard_map pipeline (open-spin, transverse γ̃^3)
  Computing C_q via shard_map pipeline (open-spin, transverse γ̃^3)
  Computing C_q via shard_map pipeline (open-spin, transverse γ̃^3)
  Pass through C_q  [γ̃^3 indefinite — path=cusolvermp_lu]
  Pass through C_q  [γ̃^3 indefinite — path=cusolvermp_lu]
  Pass through C_q  [γ̃^3 indefinite — path=cusolvermp_lu]
  Pass through C_q  [γ̃^3 indefinite — path=cusolvermp_lu]
  Pass through C_q  [γ̃^3 indefinite — path=cusolvermp_lu]
  Pass through C_q  [γ̃^3 indefinite — path=cusolvermp_lu]
  Pass through C_q  [γ̃^3 indefinite — path=cusolvermp_lu]
  Pass through C_q  [γ̃^3 indefinite — path=cusolvermp_lu]
  Pass through C_q  [γ̃^3 indefinite — path=cusolvermp_lu]
  Pass through C_q  [γ̃^3 indefinite — path=cusolvermp_lu]
  Pass through C_q  [γ̃^3 indefinite — path=cusolvermp_lu]
  Pass through C_q  [γ̃^3 indefinite — path=cusolvermp_lu]
  Pass through C_q  [γ̃^3 indefinite — path=cusolvermp_lu]
  Pass through C_q  [γ̃^3 indefinite — path=cusolvermp_lu]
  Pass through C_q  [γ̃^3 indefinite — path=cusolvermp_lu]
  L_q: (8, 304, 304)
  L_q: (8, 304, 304)
  L_q: (8, 304, 304)
  L_q: (8, 304, 304)
  L_q: (8, 304, 304)
  L_q: (8, 304, 304)
  L_q: (8, 304, 304)
  L_q: (8, 304, 304)
  L_q: (8, 304, 304)
  L_q: (8, 304, 304)
  L_q: (8, 304, 304)
  L_q: (8, 304, 304)
  L_q: (8, 304, 304)
  L_q: (8, 304, 304)
  L_q: (8, 304, 304)
  q-IBZ reduction: 8 IBZ q-points / 36 full-BZ (disk shrink 4.5×)
  q-IBZ reduction: 8 IBZ q-points / 36 full-BZ (disk shrink 4.5×)
  q-IBZ reduction: 8 IBZ q-points / 36 full-BZ (disk shrink 4.5×)
  q-IBZ reduction: 8 IBZ q-points / 36 full-BZ (disk shrink 4.5×)
  q-IBZ reduction: 8 IBZ q-points / 36 full-BZ (disk shrink 4.5×)
  q-IBZ reduction: 8 IBZ q-points / 36 full-BZ (disk shrink 4.5×)
  q-IBZ reduction: 8 IBZ q-points / 36 full-BZ (disk shrink 4.5×)
  q-IBZ reduction: 8 IBZ q-points / 36 full-BZ (disk shrink 4.5×)
  q-IBZ reduction: 8 IBZ q-points / 36 full-BZ (disk shrink 4.5×)
  q-IBZ reduction: 8 IBZ q-points / 36 full-BZ (disk shrink 4.5×)
  q-IBZ reduction: 8 IBZ q-points / 36 full-BZ (disk shrink 4.5×)
  q-IBZ reduction: 8 IBZ q-points / 36 full-BZ (disk shrink 4.5×)
  q-IBZ reduction: 8 IBZ q-points / 36 full-BZ (disk shrink 4.5×)
  q-IBZ reduction: 8 IBZ q-points / 36 full-BZ (disk shrink 4.5×)
  q-IBZ reduction: 8 IBZ q-points / 36 full-BZ (disk shrink 4.5×)
  q-IBZ reduction: 8 IBZ q-points / 36 full-BZ (disk shrink 4.5×)
  G-flat ζ sphere: ngkmax=13789, min ngk=13739, max ngk=13789 (5.674% of n_rtot)
/global/homes/j/jackm/software/lorrax_B/src/file_io/_slab_io_ffi.py:453: UserWarning: FFI backend: chunks/attrs on create_dataset currently no-op; pre-create with h5py if you need explicit chunking or attrs.
  warnings.warn(
/global/homes/j/jackm/software/lorrax_B/src/file_io/_slab_io_ffi.py:453: UserWarning: FFI backend: chunks/attrs on create_dataset currently no-op; pre-create with h5py if you need explicit chunking or attrs.
  warnings.warn(
/global/homes/j/jackm/software/lorrax_B/src/file_io/_slab_io_ffi.py:453: UserWarning: FFI backend: chunks/attrs on create_dataset currently no-op; pre-create with h5py if you need explicit chunking or attrs.
  warnings.warn(
/global/homes/j/jackm/software/lorrax_B/src/file_io/_slab_io_ffi.py:453: UserWarning: FFI backend: chunks/attrs on create_dataset currently no-op; pre-create with h5py if you need explicit chunking or attrs.
  warnings.warn(
/global/homes/j/jackm/software/lorrax_B/src/file_io/_slab_io_ffi.py:453: UserWarning: FFI backend: chunks/attrs on create_dataset currently no-op; pre-create with h5py if you need explicit chunking or attrs.
  warnings.warn(
/global/homes/j/jackm/software/lorrax_B/src/file_io/_slab_io_ffi.py:453: UserWarning: FFI backend: chunks/attrs on create_dataset currently no-op; pre-create with h5py if you need explicit chunking or attrs.
  warnings.warn(
/global/homes/j/jackm/software/lorrax_B/src/file_io/_slab_io_ffi.py:453: UserWarning: FFI backend: chunks/attrs on create_dataset currently no-op; pre-create with h5py if you need explicit chunking or attrs.
  warnings.warn(
/global/homes/j/jackm/software/lorrax_B/src/file_io/_slab_io_ffi.py:453: UserWarning: FFI backend: chunks/attrs on create_dataset currently no-op; pre-create with h5py if you need explicit chunking or attrs.
  warnings.warn(
/global/homes/j/jackm/software/lorrax_B/src/file_io/_slab_io_ffi.py:453: UserWarning: FFI backend: chunks/attrs on create_dataset currently no-op; pre-create with h5py if you need explicit chunking or attrs.
  warnings.warn(
/global/homes/j/jackm/software/lorrax_B/src/file_io/_slab_io_ffi.py:453: UserWarning: FFI backend: chunks/attrs on create_dataset currently no-op; pre-create with h5py if you need explicit chunking or attrs.
  warnings.warn(
/global/homes/j/jackm/software/lorrax_B/src/file_io/_slab_io_ffi.py:453: UserWarning: FFI backend: chunks/attrs on create_dataset currently no-op; pre-create with h5py if you need explicit chunking or attrs.
  warnings.warn(
/global/homes/j/jackm/software/lorrax_B/src/file_io/_slab_io_ffi.py:453: UserWarning: FFI backend: chunks/attrs on create_dataset currently no-op; pre-create with h5py if you need explicit chunking or attrs.
  warnings.warn(
/global/homes/j/jackm/software/lorrax_B/src/file_io/_slab_io_ffi.py:453: UserWarning: FFI backend: chunks/attrs on create_dataset currently no-op; pre-create with h5py if you need explicit chunking or attrs.
  warnings.warn(
/global/homes/j/jackm/software/lorrax_B/src/file_io/_slab_io_ffi.py:453: UserWarning: FFI backend: chunks/attrs on create_dataset currently no-op; pre-create with h5py if you need explicit chunking or attrs.
  warnings.warn(
/global/homes/j/jackm/software/lorrax_B/src/file_io/_slab_io_ffi.py:453: UserWarning: FFI backend: chunks/attrs on create_dataset currently no-op; pre-create with h5py if you need explicit chunking or attrs.
  warnings.warn(
/global/homes/j/jackm/software/lorrax_B/src/file_io/_slab_io_ffi.py:453: UserWarning: FFI backend: chunks/attrs on create_dataset currently no-op; pre-create with h5py if you need explicit chunking or attrs.
  warnings.warn(
  ψ(G-flat) host cache: 0.19 GB/process resident
  G-flat ζ accumulator: N=152 rows/rank (n_q=8 × n_mu_local=19); chunk_size=152 → per-iter FFT box 0.59 GB/rank
Started zeta fitting at 22:49:10.
[ 22:49:10 | ░░░░░░░░░░ |   3% ] r-chunk  1 / 30 · ETA 0 s
[ 22:49:12 | █░░░░░░░░░ |  10% ] r-chunk  3 / 30 · ETA 18 s
[ 22:49:13 | █░░░░░░░░░ |  13% ] r-chunk  4 / 30 · ETA 19 s
[ 22:49:15 | ██░░░░░░░░ |  20% ] r-chunk  6 / 30 · ETA 19 s
[ 22:49:16 | ██░░░░░░░░ |  23% ] r-chunk  7 / 30 · ETA 19 s
[ 22:49:18 | ███░░░░░░░ |  30% ] r-chunk  9 / 30 · ETA 18 s
[ 22:49:19 | ███░░░░░░░ |  33% ] r-chunk 10 / 30 · ETA 17 s
[ 22:49:21 | ████░░░░░░ |  40% ] r-chunk 12 / 30 · ETA 16 s
[ 22:49:21 | ████░░░░░░ |  43% ] r-chunk 13 / 30 · ETA 15 s
[ 22:49:23 | █████░░░░░ |  50% ] r-chunk 15 / 30 · ETA 13 s
[ 22:49:24 | █████░░░░░ |  53% ] r-chunk 16 / 30 · ETA 12 s
[ 22:49:26 | ██████░░░░ |  60% ] r-chunk 18 / 30 · ETA 11 s
[ 22:49:27 | ██████░░░░ |  63% ] r-chunk 19 / 30 · ETA 10 s
[ 22:49:29 | ███████░░░ |  70% ] r-chunk 21 / 30 · ETA 8 s
[ 22:49:30 | ███████░░░ |  73% ] r-chunk 22 / 30 · ETA 7 s
[ 22:49:32 | ████████░░ |  80% ] r-chunk 24 / 30 · ETA 5 s
[ 22:49:33 | ████████░░ |  83% ] r-chunk 25 / 30 · ETA 5 s
[ 22:49:34 | █████████░ |  90% ] r-chunk 27 / 30 · ETA 3 s
[ 22:49:35 | █████████░ |  93% ] r-chunk 28 / 30 · ETA 2 s
[ 22:49:38 | ██████████ | 100% ] r-chunk 30 / 30 · ETA 0 s
Finished zeta fitting at 22:49:38.  Elapsed: 28 s.
  [SlabIO.close] draining 1 pending writes for zeta_q_mu3.h5 …
  [SlabIO.close] Python dispatch drained in 0.2 s; joining writer thread
  [SlabIO.close] writer thread joined in 0.0 s; calling H5Fclose collectively
  [SlabIO.close] H5Fclose returned in 0.0 s
  Zeta output: /pscratch/sd/j/jackm/lorrax_sandbox/runs/CrI3/M_6x6_30Ry_bispinor_2026-05-14/recon_sigma_b_gate_16gpu_v2_2026-05-16/tmp/zeta_q_mu3.h5  shape: (n_q_disk=8 of 6·6·1=36 full-BZ, n_rtot=243000, n_rmu=298)
  Timing (30 r-chunks, 31.6s total):
    fit     30.86s  97.5%
  Zeta output: /pscratch/sd/j/jackm/lorrax_sandbox/runs/CrI3/M_6x6_30Ry_bispinor_2026-05-14/recon_sigma_b_gate_16gpu_v2_2026-05-16/tmp/zeta_q_mu3.h5  shape: (n_q_disk=8 of 6·6·1=36 full-BZ, n_rtot=243000, n_rmu=298)
  Timing (30 r-chunks, 31.6s total):
    fit     30.86s  97.5%
    H5       0.72s   2.3%
  Zeta output: /pscratch/sd/j/jackm/lorrax_sandbox/runs/CrI3/M_6x6_30Ry_bispinor_2026-05-14/recon_sigma_b_gate_16gpu_v2_2026-05-16/tmp/zeta_q_mu3.h5  shape: (n_q_disk=8 of 6·6·1=36 full-BZ, n_rtot=243000, n_rmu=298)
  Timing (30 r-chunks, 31.6s total):
    fit     30.84s  97.5%
  Zeta output: /pscratch/sd/j/jackm/lorrax_sandbox/runs/CrI3/M_6x6_30Ry_bispinor_2026-05-14/recon_sigma_b_gate_16gpu_v2_2026-05-16/tmp/zeta_q_mu3.h5  shape: (n_q_disk=8 of 6·6·1=36 full-BZ, n_rtot=243000, n_rmu=298)
  Timing (30 r-chunks, 31.6s total):
    fit     30.80s  97.4%
    H5       0.76s   2.4%
    H5       0.72s   2.3%
  Zeta output: /pscratch/sd/j/jackm/lorrax_sandbox/runs/CrI3/M_6x6_30Ry_bispinor_2026-05-14/recon_sigma_b_gate_16gpu_v2_2026-05-16/tmp/zeta_q_mu3.h5  shape: (n_q_disk=8 of 6·6·1=36 full-BZ, n_rtot=243000, n_rmu=298)
  Timing (30 r-chunks, 31.6s total):
    fit     30.84s  97.4%
    H5       0.74s   2.4%
  Zeta output: /pscratch/sd/j/jackm/lorrax_sandbox/runs/CrI3/M_6x6_30Ry_bispinor_2026-05-14/recon_sigma_b_gate_16gpu_v2_2026-05-16/tmp/zeta_q_mu3.h5  shape: (n_q_disk=8 of 6·6·1=36 full-BZ, n_rtot=243000, n_rmu=298)
  Timing (30 r-chunks, 31.6s total):
  Zeta output: /pscratch/sd/j/jackm/lorrax_sandbox/runs/CrI3/M_6x6_30Ry_bispinor_2026-05-14/recon_sigma_b_gate_16gpu_v2_2026-05-16/tmp/zeta_q_mu3.h5  shape: (n_q_disk=8 of 6·6·1=36 full-BZ, n_rtot=243000, n_rmu=298)
  Zeta output: /pscratch/sd/j/jackm/lorrax_sandbox/runs/CrI3/M_6x6_30Ry_bispinor_2026-05-14/recon_sigma_b_gate_16gpu_v2_2026-05-16/tmp/zeta_q_mu3.h5  shape: (n_q_disk=8 of 6·6·1=36 full-BZ, n_rtot=243000, n_rmu=298)
    H5       0.74s   2.3%
  Zeta output: /pscratch/sd/j/jackm/lorrax_sandbox/runs/CrI3/M_6x6_30Ry_bispinor_2026-05-14/recon_sigma_b_gate_16gpu_v2_2026-05-16/tmp/zeta_q_mu3.h5  shape: (n_q_disk=8 of 6·6·1=36 full-BZ, n_rtot=243000, n_rmu=298)
  Timing (30 r-chunks, 31.6s total):
    fit     30.84s  97.5%
    H5       0.74s   2.3%
  Zeta output: /pscratch/sd/j/jackm/lorrax_sandbox/runs/CrI3/M_6x6_30Ry_bispinor_2026-05-14/recon_sigma_b_gate_16gpu_v2_2026-05-16/tmp/zeta_q_mu3.h5  shape: (n_q_disk=8 of 6·6·1=36 full-BZ, n_rtot=243000, n_rmu=298)
  Timing (30 r-chunks, 31.6s total):
    fit     30.80s  97.3%
    H5       0.77s   2.4%
  Timing (30 r-chunks, 31.6s total):
  Zeta output: /pscratch/sd/j/jackm/lorrax_sandbox/runs/CrI3/M_6x6_30Ry_bispinor_2026-05-14/recon_sigma_b_gate_16gpu_v2_2026-05-16/tmp/zeta_q_mu3.h5  shape: (n_q_disk=8 of 6·6·1=36 full-BZ, n_rtot=243000, n_rmu=298)
  Zeta output: /pscratch/sd/j/jackm/lorrax_sandbox/runs/CrI3/M_6x6_30Ry_bispinor_2026-05-14/recon_sigma_b_gate_16gpu_v2_2026-05-16/tmp/zeta_q_mu3.h5  shape: (n_q_disk=8 of 6·6·1=36 full-BZ, n_rtot=243000, n_rmu=298)
  Timing (30 r-chunks, 31.6s total):
  Timing (30 r-chunks, 31.6s total):
    fit     30.80s  97.4%
    fit     30.86s  97.5%
    H5       0.72s   2.3%
  Timing (30 r-chunks, 31.6s total):
    fit     30.84s  97.5%
    H5       0.74s   2.3%
  Zeta output: /pscratch/sd/j/jackm/lorrax_sandbox/runs/CrI3/M_6x6_30Ry_bispinor_2026-05-14/recon_sigma_b_gate_16gpu_v2_2026-05-16/tmp/zeta_q_mu3.h5  shape: (n_q_disk=8 of 6·6·1=36 full-BZ, n_rtot=243000, n_rmu=298)
  Timing (30 r-chunks, 31.6s total):
    fit     30.80s  97.4%
    H5       0.77s   2.4%
    fit     30.84s  97.4%
    H5       0.74s   2.3%
  Zeta output: /pscratch/sd/j/jackm/lorrax_sandbox/runs/CrI3/M_6x6_30Ry_bispinor_2026-05-14/recon_sigma_b_gate_16gpu_v2_2026-05-16/tmp/zeta_q_mu3.h5  shape: (n_q_disk=8 of 6·6·1=36 full-BZ, n_rtot=243000, n_rmu=298)
  Timing (30 r-chunks, 31.6s total):
    fit     30.83s  97.4%
    H5       0.74s   2.3%
    H5       0.77s   2.4%
  Zeta output: /pscratch/sd/j/jackm/lorrax_sandbox/runs/CrI3/M_6x6_30Ry_bispinor_2026-05-14/recon_sigma_b_gate_16gpu_v2_2026-05-16/tmp/zeta_q_mu3.h5  shape: (n_q_disk=8 of 6·6·1=36 full-BZ, n_rtot=243000, n_rmu=298)
  Timing (30 r-chunks, 31.6s total):
    fit     30.84s  97.4%
    H5       0.74s   2.4%
    fit     30.84s  97.5%
    H5       0.74s   2.3%
  Zeta output: /pscratch/sd/j/jackm/lorrax_sandbox/runs/CrI3/M_6x6_30Ry_bispinor_2026-05-14/recon_sigma_b_gate_16gpu_v2_2026-05-16/tmp/zeta_q_mu3.h5  shape: (n_q_disk=8 of 6·6·1=36 full-BZ, n_rtot=243000, n_rmu=298)
  Timing (30 r-chunks, 31.5s total):
    fit     31.02s  98.5%
    H5       0.40s   1.3%
    V_q bare cutoff: 30.0 Ry
    V_q budget:    32.82 GB

  [bispinor] V_q^{μ_L,ν_L} → /pscratch/sd/j/jackm/lorrax_sandbox/runs/CrI3/M_6x6_30Ry_bispinor_2026-05-14/recon_sigma_b_gate_16gpu_v2_2026-05-16/tmp/v_q_bispinor.h5
  [SlabIO.close] draining 0 pending writes for v_q_bispinor.h5 …
  [SlabIO.close] Python dispatch drained in 0.0 s; joining writer thread
  [SlabIO.close] writer thread joined in 0.0 s; calling H5Fclose collectively
  [SlabIO.close] H5Fclose returned in 0.0 s
  [bispinor g-flat] tile 1/7 (μ_L=0, ν_L=0)  n_rmu_L=300 n_rmu_R=300  same_zeta=True  use_ibz=True
  V_q g-flat [V_qmunu_CC]: n_q_ibz=8, ngkmax=13789, g_chunk=1 (13789/q), n_rmu_L=300→304, n_rmu_R=300→304, unfold=IBZ→full
    [V_qmunu_CC] pre-read all 8 IBZ ζ̃ slabs (1 batched call): 0.19s
2026-05-16 22:49:40.469346: E external/xla/xla/service/spmd/spmd_partitioner.cc:620] [spmd] Involuntary full rematerialization. The compiler was not able to go from sharding {devices=[16,1,1]<=[16]} to {devices=[1,4,1,4]<=[16] last_tile_dim_replicate} without doing a full rematerialization of the tensor for HLO operation: %copy.7 = c128[1,304,13789]{2,1,0} copy(%reshape), sharding={devices=[16,1,1]<=[16]}, metadata={op_name="jit(fn)/jit(main)/sharding_constraint" source_file="/global/homes/j/jackm/software/lorrax_B/src/gw/v_q_g_flat.py" source_line=94}. You probably want to enrich the sharding annotations to prevent this from happening.
2026-05-16 22:49:40.469457: E external/xla/xla/service/spmd/spmd_partitioner.cc:620] [spmd] Involuntary full rematerialization. The compiler was not able to go from sharding {devices=[16,1,1]<=[16]} to {devices=[1,4,1,4]<=[4,4]T(1,0) last_tile_dim_replicate} without doing a full rematerialization of the tensor for HLO operation: %copy.7 = c128[1,304,13789]{2,1,0} copy(%reshape), sharding={devices=[16,1,1]<=[16]}, metadata={op_name="jit(fn)/jit(main)/sharding_constraint" source_file="/global/homes/j/jackm/software/lorrax_B/src/gw/v_q_g_flat.py" source_line=94}. You probably want to enrich the sharding annotations to prevent this from happening.
2026-05-16 22:49:40.469955: E external/xla/xla/service/spmd/spmd_partitioner.cc:620] [spmd] Involuntary full rematerialization. The compiler was not able to go from sharding {devices=[16,1,1]<=[16]} to {devices=[1,4,1,4]<=[16] last_tile_dim_replicate} without doing a full rematerialization of the tensor for HLO operation: %copy.7 = c128[1,304,13789]{2,1,0} copy(%reshape), sharding={devices=[16,1,1]<=[16]}, metadata={op_name="jit(fn)/jit(main)/sharding_constraint" source_file="/global/homes/j/jackm/software/lorrax_B/src/gw/v_q_g_flat.py" source_line=94}. You probably want to enrich the sharding annotations to prevent this from happening.
2026-05-16 22:49:40.470069: E external/xla/xla/service/spmd/spmd_partitioner.cc:620] [spmd] Involuntary full rematerialization. The compiler was not able to go from sharding {devices=[16,1,1]<=[16]} to {devices=[1,4,1,4]<=[4,4]T(1,0) last_tile_dim_replicate} without doing a full rematerialization of the tensor for HLO operation: %copy.7 = c128[1,304,13789]{2,1,0} copy(%reshape), sharding={devices=[16,1,1]<=[16]}, metadata={op_name="jit(fn)/jit(main)/sharding_constraint" source_file="/global/homes/j/jackm/software/lorrax_B/src/gw/v_q_g_flat.py" source_line=94}. You probably want to enrich the sharding annotations to prevent this from happening.
2026-05-16 22:49:40.470781: E external/xla/xla/service/spmd/spmd_partitioner.cc:620] [spmd] Involuntary full rematerialization. The compiler was not able to go from sharding {devices=[16,1,1]<=[16]} to {devices=[1,4,1,4]<=[16] last_tile_dim_replicate} without doing a full rematerialization of the tensor for HLO operation: %copy.7 = c128[1,304,13789]{2,1,0} copy(%reshape), sharding={devices=[16,1,1]<=[16]}, metadata={op_name="jit(fn)/jit(main)/sharding_constraint" source_file="/global/homes/j/jackm/software/lorrax_B/src/gw/v_q_g_flat.py" source_line=94}. You probably want to enrich the sharding annotations to prevent this from happening.
2026-05-16 22:49:40.470892: E external/xla/xla/service/spmd/spmd_partitioner.cc:620] [spmd] Involuntary full rematerialization. The compiler was not able to go from sharding {devices=[16,1,1]<=[16]} to {devices=[1,4,1,4]<=[4,4]T(1,0) last_tile_dim_replicate} without doing a full rematerialization of the tensor for HLO operation: %copy.7 = c128[1,304,13789]{2,1,0} copy(%reshape), sharding={devices=[16,1,1]<=[16]}, metadata={op_name="jit(fn)/jit(main)/sharding_constraint" source_file="/global/homes/j/jackm/software/lorrax_B/src/gw/v_q_g_flat.py" source_line=94}. You probably want to enrich the sharding annotations to prevent this from happening.
2026-05-16 22:49:40.471270: E external/xla/xla/service/spmd/spmd_partitioner.cc:620] [spmd] Involuntary full rematerialization. The compiler was not able to go from sharding {devices=[16,1,1]<=[16]} to {devices=[1,4,1,4]<=[16] last_tile_dim_replicate} without doing a full rematerialization of the tensor for HLO operation: %copy.7 = c128[1,304,13789]{2,1,0} copy(%reshape), sharding={devices=[16,1,1]<=[16]}, metadata={op_name="jit(fn)/jit(main)/sharding_constraint" source_file="/global/homes/j/jackm/software/lorrax_B/src/gw/v_q_g_flat.py" source_line=94}. You probably want to enrich the sharding annotations to prevent this from happening.
2026-05-16 22:49:40.471385: E external/xla/xla/service/spmd/spmd_partitioner.cc:620] [spmd] Involuntary full rematerialization. The compiler was not able to go from sharding {devices=[16,1,1]<=[16]} to {devices=[1,4,1,4]<=[4,4]T(1,0) last_tile_dim_replicate} without doing a full rematerialization of the tensor for HLO operation: %copy.7 = c128[1,304,13789]{2,1,0} copy(%reshape), sharding={devices=[16,1,1]<=[16]}, metadata={op_name="jit(fn)/jit(main)/sharding_constraint" source_file="/global/homes/j/jackm/software/lorrax_B/src/gw/v_q_g_flat.py" source_line=94}. You probably want to enrich the sharding annotations to prevent this from happening.
2026-05-16 22:49:40.471449: E external/xla/xla/service/spmd/spmd_partitioner.cc:620] [spmd] Involuntary full rematerialization. The compiler was not able to go from sharding {devices=[16,1,1]<=[16]} to {devices=[1,4,1,4]<=[16] last_tile_dim_replicate} without doing a full rematerialization of the tensor for HLO operation: %copy.7 = c128[1,304,13789]{2,1,0} copy(%reshape), sharding={devices=[16,1,1]<=[16]}, metadata={op_name="jit(fn)/jit(main)/sharding_constraint" source_file="/global/homes/j/jackm/software/lorrax_B/src/gw/v_q_g_flat.py" source_line=94}. You probably want to enrich the sharding annotations to prevent this from happening.
2026-05-16 22:49:40.471558: E external/xla/xla/service/spmd/spmd_partitioner.cc:620] [spmd] Involuntary full rematerialization. The compiler was not able to go from sharding {devices=[16,1,1]<=[16]} to {devices=[1,4,1,4]<=[4,4]T(1,0) last_tile_dim_replicate} without doing a full rematerialization of the tensor for HLO operation: %copy.7 = c128[1,304,13789]{2,1,0} copy(%reshape), sharding={devices=[16,1,1]<=[16]}, metadata={op_name="jit(fn)/jit(main)/sharding_constraint" source_file="/global/homes/j/jackm/software/lorrax_B/src/gw/v_q_g_flat.py" source_line=94}. You probably want to enrich the sharding annotations to prevent this from happening.
2026-05-16 22:49:40.471724: E external/xla/xla/service/spmd/spmd_partitioner.cc:620] [spmd] Involuntary full rematerialization. The compiler was not able to go from sharding {devices=[16,1,1]<=[16]} to {devices=[1,4,1,4]<=[16] last_tile_dim_replicate} without doing a full rematerialization of the tensor for HLO operation: %copy.7 = c128[1,304,13789]{2,1,0} copy(%reshape), sharding={devices=[16,1,1]<=[16]}, metadata={op_name="jit(fn)/jit(main)/sharding_constraint" source_file="/global/homes/j/jackm/software/lorrax_B/src/gw/v_q_g_flat.py" source_line=94}. You probably want to enrich the sharding annotations to prevent this from happening.
2026-05-16 22:49:40.471835: E external/xla/xla/service/spmd/spmd_partitioner.cc:620] [spmd] Involuntary full rematerialization. The compiler was not able to go from sharding {devices=[16,1,1]<=[16]} to {devices=[1,4,1,4]<=[4,4]T(1,0) last_tile_dim_replicate} without doing a full rematerialization of the tensor for HLO operation: %copy.7 = c128[1,304,13789]{2,1,0} copy(%reshape), sharding={devices=[16,1,1]<=[16]}, metadata={op_name="jit(fn)/jit(main)/sharding_constraint" source_file="/global/homes/j/jackm/software/lorrax_B/src/gw/v_q_g_flat.py" source_line=94}. You probably want to enrich the sharding annotations to prevent this from happening.
2026-05-16 22:49:40.471889: E external/xla/xla/service/spmd/spmd_partitioner.cc:620] [spmd] Involuntary full rematerialization. The compiler was not able to go from sharding {devices=[16,1,1]<=[16]} to {devices=[1,4,1,4]<=[16] last_tile_dim_replicate} without doing a full rematerialization of the tensor for HLO operation: %copy.7 = c128[1,304,13789]{2,1,0} copy(%reshape), sharding={devices=[16,1,1]<=[16]}, metadata={op_name="jit(fn)/jit(main)/sharding_constraint" source_file="/global/homes/j/jackm/software/lorrax_B/src/gw/v_q_g_flat.py" source_line=94}. You probably want to enrich the sharding annotations to prevent this from happening.
2026-05-16 22:49:40.472000: E external/xla/xla/service/spmd/spmd_partitioner.cc:620] [spmd] Involuntary full rematerialization. The compiler was not able to go from sharding {devices=[16,1,1]<=[16]} to {devices=[1,4,1,4]<=[4,4]T(1,0) last_tile_dim_replicate} without doing a full rematerialization of the tensor for HLO operation: %copy.7 = c128[1,304,13789]{2,1,0} copy(%reshape), sharding={devices=[16,1,1]<=[16]}, metadata={op_name="jit(fn)/jit(main)/sharding_constraint" source_file="/global/homes/j/jackm/software/lorrax_B/src/gw/v_q_g_flat.py" source_line=94}. You probably want to enrich the sharding annotations to prevent this from happening.
2026-05-16 22:49:40.472249: E external/xla/xla/service/spmd/spmd_partitioner.cc:620] [spmd] Involuntary full rematerialization. The compiler was not able to go from sharding {devices=[16,1,1]<=[16]} to {devices=[1,4,1,4]<=[16] last_tile_dim_replicate} without doing a full rematerialization of the tensor for HLO operation: %copy.7 = c128[1,304,13789]{2,1,0} copy(%reshape), sharding={devices=[16,1,1]<=[16]}, metadata={op_name="jit(fn)/jit(main)/sharding_constraint" source_file="/global/homes/j/jackm/software/lorrax_B/src/gw/v_q_g_flat.py" source_line=94}. You probably want to enrich the sharding annotations to prevent this from happening.
2026-05-16 22:49:40.472359: E external/xla/xla/service/spmd/spmd_partitioner.cc:620] [spmd] Involuntary full rematerialization. The compiler was not able to go from sharding {devices=[16,1,1]<=[16]} to {devices=[1,4,1,4]<=[4,4]T(1,0) last_tile_dim_replicate} without doing a full rematerialization of the tensor for HLO operation: %copy.7 = c128[1,304,13789]{2,1,0} copy(%reshape), sharding={devices=[16,1,1]<=[16]}, metadata={op_name="jit(fn)/jit(main)/sharding_constraint" source_file="/global/homes/j/jackm/software/lorrax_B/src/gw/v_q_g_flat.py" source_line=94}. You probably want to enrich the sharding annotations to prevent this from happening.
2026-05-16 22:49:40.472463: E external/xla/xla/service/spmd/spmd_partitioner.cc:620] [spmd] Involuntary full rematerialization. The compiler was not able to go from sharding {devices=[16,1,1]<=[16]} to {devices=[1,4,1,4]<=[16] last_tile_dim_replicate} without doing a full rematerialization of the tensor for HLO operation: %copy.7 = c128[1,304,13789]{2,1,0} copy(%reshape), sharding={devices=[16,1,1]<=[16]}, metadata={op_name="jit(fn)/jit(main)/sharding_constraint" source_file="/global/homes/j/jackm/software/lorrax_B/src/gw/v_q_g_flat.py" source_line=94}. You probably want to enrich the sharding annotations to prevent this from happening.
2026-05-16 22:49:40.472576: E external/xla/xla/service/spmd/spmd_partitioner.cc:620] [spmd] Involuntary full rematerialization. The compiler was not able to go from sharding {devices=[16,1,1]<=[16]} to {devices=[1,4,1,4]<=[4,4]T(1,0) last_tile_dim_replicate} without doing a full rematerialization of the tensor for HLO operation: %copy.7 = c128[1,304,13789]{2,1,0} copy(%reshape), sharding={devices=[16,1,1]<=[16]}, metadata={op_name="jit(fn)/jit(main)/sharding_constraint" source_file="/global/homes/j/jackm/software/lorrax_B/src/gw/v_q_g_flat.py" source_line=94}. You probably want to enrich the sharding annotations to prevent this from happening.
2026-05-16 22:49:40.472609: E external/xla/xla/service/spmd/spmd_partitioner.cc:620] [spmd] Involuntary full rematerialization. The compiler was not able to go from sharding {devices=[16,1,1]<=[16]} to {devices=[1,4,1,4]<=[16] last_tile_dim_replicate} without doing a full rematerialization of the tensor for HLO operation: %copy.7 = c128[1,304,13789]{2,1,0} copy(%reshape), sharding={devices=[16,1,1]<=[16]}, metadata={op_name="jit(fn)/jit(main)/sharding_constraint" source_file="/global/homes/j/jackm/software/lorrax_B/src/gw/v_q_g_flat.py" source_line=94}. You probably want to enrich the sharding annotations to prevent this from happening.
2026-05-16 22:49:40.472708: E external/xla/xla/service/spmd/spmd_partitioner.cc:620] [spmd] Involuntary full rematerialization. The compiler was not able to go from sharding {devices=[16,1,1]<=[16]} to {devices=[1,4,1,4]<=[4,4]T(1,0) last_tile_dim_replicate} without doing a full rematerialization of the tensor for HLO operation: %copy.7 = c128[1,304,13789]{2,1,0} copy(%reshape), sharding={devices=[16,1,1]<=[16]}, metadata={op_name="jit(fn)/jit(main)/sharding_constraint" source_file="/global/homes/j/jackm/software/lorrax_B/src/gw/v_q_g_flat.py" source_line=94}. You probably want to enrich the sharding annotations to prevent this from happening.
2026-05-16 22:49:40.472801: E external/xla/xla/service/spmd/spmd_partitioner.cc:620] [spmd] Involuntary full rematerialization. The compiler was not able to go from sharding {devices=[16,1,1]<=[16]} to {devices=[1,4,1,4]<=[16] last_tile_dim_replicate} without doing a full rematerialization of the tensor for HLO operation: %copy.7 = c128[1,304,13789]{2,1,0} copy(%reshape), sharding={devices=[16,1,1]<=[16]}, metadata={op_name="jit(fn)/jit(main)/sharding_constraint" source_file="/global/homes/j/jackm/software/lorrax_B/src/gw/v_q_g_flat.py" source_line=94}. You probably want to enrich the sharding annotations to prevent this from happening.
2026-05-16 22:49:40.472911: E external/xla/xla/service/spmd/spmd_partitioner.cc:620] [spmd] Involuntary full rematerialization. The compiler was not able to go from sharding {devices=[16,1,1]<=[16]} to {devices=[1,4,1,4]<=[4,4]T(1,0) last_tile_dim_replicate} without doing a full rematerialization of the tensor for HLO operation: %copy.7 = c128[1,304,13789]{2,1,0} copy(%reshape), sharding={devices=[16,1,1]<=[16]}, metadata={op_name="jit(fn)/jit(main)/sharding_constraint" source_file="/global/homes/j/jackm/software/lorrax_B/src/gw/v_q_g_flat.py" source_line=94}. You probably want to enrich the sharding annotations to prevent this from happening.
2026-05-16 22:49:40.473876: E external/xla/xla/service/spmd/spmd_partitioner.cc:620] [spmd] Involuntary full rematerialization. The compiler was not able to go from sharding {devices=[16,1,1]<=[16]} to {devices=[1,4,1,4]<=[16] last_tile_dim_replicate} without doing a full rematerialization of the tensor for HLO operation: %copy.7 = c128[1,304,13789]{2,1,0} copy(%reshape), sharding={devices=[16,1,1]<=[16]}, metadata={op_name="jit(fn)/jit(main)/sharding_constraint" source_file="/global/homes/j/jackm/software/lorrax_B/src/gw/v_q_g_flat.py" source_line=94}. You probably want to enrich the sharding annotations to prevent this from happening.
2026-05-16 22:49:40.473988: E external/xla/xla/service/spmd/spmd_partitioner.cc:620] [spmd] Involuntary full rematerialization. The compiler was not able to go from sharding {devices=[16,1,1]<=[16]} to {devices=[1,4,1,4]<=[4,4]T(1,0) last_tile_dim_replicate} without doing a full rematerialization of the tensor for HLO operation: %copy.7 = c128[1,304,13789]{2,1,0} copy(%reshape), sharding={devices=[16,1,1]<=[16]}, metadata={op_name="jit(fn)/jit(main)/sharding_constraint" source_file="/global/homes/j/jackm/software/lorrax_B/src/gw/v_q_g_flat.py" source_line=94}. You probably want to enrich the sharding annotations to prevent this from happening.
2026-05-16 22:49:40.474599: E external/xla/xla/service/spmd/spmd_partitioner.cc:620] [spmd] Involuntary full rematerialization. The compiler was not able to go from sharding {devices=[16,1,1]<=[16]} to {devices=[1,4,1,4]<=[16] last_tile_dim_replicate} without doing a full rematerialization of the tensor for HLO operation: %copy.7 = c128[1,304,13789]{2,1,0} copy(%reshape), sharding={devices=[16,1,1]<=[16]}, metadata={op_name="jit(fn)/jit(main)/sharding_constraint" source_file="/global/homes/j/jackm/software/lorrax_B/src/gw/v_q_g_flat.py" source_line=94}. You probably want to enrich the sharding annotations to prevent this from happening.
2026-05-16 22:49:40.474720: E external/xla/xla/service/spmd/spmd_partitioner.cc:620] [spmd] Involuntary full rematerialization. The compiler was not able to go from sharding {devices=[16,1,1]<=[16]} to {devices=[1,4,1,4]<=[4,4]T(1,0) last_tile_dim_replicate} without doing a full rematerialization of the tensor for HLO operation: %copy.7 = c128[1,304,13789]{2,1,0} copy(%reshape), sharding={devices=[16,1,1]<=[16]}, metadata={op_name="jit(fn)/jit(main)/sharding_constraint" source_file="/global/homes/j/jackm/software/lorrax_B/src/gw/v_q_g_flat.py" source_line=94}. You probably want to enrich the sharding annotations to prevent this from happening.
2026-05-16 22:49:40.475921: E external/xla/xla/service/spmd/spmd_partitioner.cc:620] [spmd] Involuntary full rematerialization. The compiler was not able to go from sharding {devices=[16,1,1]<=[16]} to {devices=[1,4,1,4]<=[16] last_tile_dim_replicate} without doing a full rematerialization of the tensor for HLO operation: %copy.7 = c128[1,304,13789]{2,1,0} copy(%reshape), sharding={devices=[16,1,1]<=[16]}, metadata={op_name="jit(fn)/jit(main)/sharding_constraint" source_file="/global/homes/j/jackm/software/lorrax_B/src/gw/v_q_g_flat.py" source_line=94}. You probably want to enrich the sharding annotations to prevent this from happening.
2026-05-16 22:49:40.476021: E external/xla/xla/service/spmd/spmd_partitioner.cc:620] [spmd] Involuntary full rematerialization. The compiler was not able to go from sharding {devices=[16,1,1]<=[16]} to {devices=[1,4,1,4]<=[4,4]T(1,0) last_tile_dim_replicate} without doing a full rematerialization of the tensor for HLO operation: %copy.7 = c128[1,304,13789]{2,1,0} copy(%reshape), sharding={devices=[16,1,1]<=[16]}, metadata={op_name="jit(fn)/jit(main)/sharding_constraint" source_file="/global/homes/j/jackm/software/lorrax_B/src/gw/v_q_g_flat.py" source_line=94}. You probably want to enrich the sharding annotations to prevent this from happening.
2026-05-16 22:49:40.477064: E external/xla/xla/service/spmd/spmd_partitioner.cc:620] [spmd] Involuntary full rematerialization. The compiler was not able to go from sharding {devices=[16,1,1]<=[16]} to {devices=[1,4,1,4]<=[16] last_tile_dim_replicate} without doing a full rematerialization of the tensor for HLO operation: %copy.7 = c128[1,304,13789]{2,1,0} copy(%reshape), sharding={devices=[16,1,1]<=[16]}, metadata={op_name="jit(fn)/jit(main)/sharding_constraint" source_file="/global/homes/j/jackm/software/lorrax_B/src/gw/v_q_g_flat.py" source_line=94}. You probably want to enrich the sharding annotations to prevent this from happening.
2026-05-16 22:49:40.477171: E external/xla/xla/service/spmd/spmd_partitioner.cc:620] [spmd] Involuntary full rematerialization. The compiler was not able to go from sharding {devices=[16,1,1]<=[16]} to {devices=[1,4,1,4]<=[4,4]T(1,0) last_tile_dim_replicate} without doing a full rematerialization of the tensor for HLO operation: %copy.7 = c128[1,304,13789]{2,1,0} copy(%reshape), sharding={devices=[16,1,1]<=[16]}, metadata={op_name="jit(fn)/jit(main)/sharding_constraint" source_file="/global/homes/j/jackm/software/lorrax_B/src/gw/v_q_g_flat.py" source_line=94}. You probably want to enrich the sharding annotations to prevent this from happening.
    [V_qmunu_CC] q=0/8: kernel=0.69s
    [V_qmunu_CC] q=1/8: kernel=0.15s
    [V_qmunu_CC] q=2/8: kernel=0.15s
    [V_qmunu_CC] q=3/8: kernel=0.15s
    [V_qmunu_CC] q=4/8: kernel=0.15s
    [V_qmunu_CC] q=5/8: kernel=0.15s
    [V_qmunu_CC] q=6/8: kernel=0.15s
    [V_qmunu_CC] q=7/8: kernel=0.16s
  [SlabIO.close] draining 1 pending writes for v_q_bispinor.h5 …
  [SlabIO.close] Python dispatch drained in 0.1 s; joining writer thread
  [SlabIO.close] writer thread joined in 0.0 s; calling H5Fclose collectively
  [SlabIO.close] H5Fclose returned in 0.0 s
  [bispinor g-flat] tile 2/7 (μ_L=1, ν_L=1)  n_rmu_L=298 n_rmu_R=298  same_zeta=True  use_ibz=True
  V_q g-flat [V_qmunu_TT_11]: n_q_ibz=8, ngkmax=13789, g_chunk=1 (13789/q), n_rmu_L=298→304, n_rmu_R=298→304, unfold=IBZ→full
    [V_qmunu_TT_11] pre-read all 8 IBZ ζ̃ slabs (1 batched call): 0.13s
2026-05-16 22:49:43.289146: E external/xla/xla/service/spmd/spmd_partitioner.cc:620] [spmd] Involuntary full rematerialization. The compiler was not able to go from sharding {devices=[16,1,1]<=[16]} to {devices=[1,4,1,4]<=[16] last_tile_dim_replicate} without doing a full rematerialization of the tensor for HLO operation: %copy.5 = c128[1,304,13789]{2,1,0} copy(%reshape), sharding={devices=[16,1,1]<=[16]}, metadata={op_name="jit(fn)/jit(main)/sharding_constraint" source_file="/global/homes/j/jackm/software/lorrax_B/src/gw/v_q_g_flat.py" source_line=94}. You probably want to enrich the sharding annotations to prevent this from happening.
2026-05-16 22:49:43.289237: E external/xla/xla/service/spmd/spmd_partitioner.cc:620] [spmd] Involuntary full rematerialization. The compiler was not able to go from sharding {devices=[16,1,1]<=[16]} to {devices=[1,4,1,4]<=[4,4]T(1,0) last_tile_dim_replicate} without doing a full rematerialization of the tensor for HLO operation: %copy.5 = c128[1,304,13789]{2,1,0} copy(%reshape), sharding={devices=[16,1,1]<=[16]}, metadata={op_name="jit(fn)/jit(main)/sharding_constraint" source_file="/global/homes/j/jackm/software/lorrax_B/src/gw/v_q_g_flat.py" source_line=94}. You probably want to enrich the sharding annotations to prevent this from happening.
2026-05-16 22:49:43.289392: E external/xla/xla/service/spmd/spmd_partitioner.cc:620] [spmd] Involuntary full rematerialization. The compiler was not able to go from sharding {devices=[16,1,1]<=[16]} to {devices=[1,4,1,4]<=[16] last_tile_dim_replicate} without doing a full rematerialization of the tensor for HLO operation: %copy.5 = c128[1,304,13789]{2,1,0} copy(%reshape), sharding={devices=[16,1,1]<=[16]}, metadata={op_name="jit(fn)/jit(main)/sharding_constraint" source_file="/global/homes/j/jackm/software/lorrax_B/src/gw/v_q_g_flat.py" source_line=94}. You probably want to enrich the sharding annotations to prevent this from happening.
2026-05-16 22:49:43.289378: E external/xla/xla/service/spmd/spmd_partitioner.cc:620] [spmd] Involuntary full rematerialization. The compiler was not able to go from sharding {devices=[16,1,1]<=[16]} to {devices=[1,4,1,4]<=[16] last_tile_dim_replicate} without doing a full rematerialization of the tensor for HLO operation: %copy.5 = c128[1,304,13789]{2,1,0} copy(%reshape), sharding={devices=[16,1,1]<=[16]}, metadata={op_name="jit(fn)/jit(main)/sharding_constraint" source_file="/global/homes/j/jackm/software/lorrax_B/src/gw/v_q_g_flat.py" source_line=94}. You probably want to enrich the sharding annotations to prevent this from happening.
2026-05-16 22:49:43.289370: E external/xla/xla/service/spmd/spmd_partitioner.cc:620] [spmd] Involuntary full rematerialization. The compiler was not able to go from sharding {devices=[16,1,1]<=[16]} to {devices=[1,4,1,4]<=[16] last_tile_dim_replicate} without doing a full rematerialization of the tensor for HLO operation: %copy.5 = c128[1,304,13789]{2,1,0} copy(%reshape), sharding={devices=[16,1,1]<=[16]}, metadata={op_name="jit(fn)/jit(main)/sharding_constraint" source_file="/global/homes/j/jackm/software/lorrax_B/src/gw/v_q_g_flat.py" source_line=94}. You probably want to enrich the sharding annotations to prevent this from happening.
2026-05-16 22:49:43.289484: E external/xla/xla/service/spmd/spmd_partitioner.cc:620] [spmd] Involuntary full rematerialization. The compiler was not able to go from sharding {devices=[16,1,1]<=[16]} to {devices=[1,4,1,4]<=[4,4]T(1,0) last_tile_dim_replicate} without doing a full rematerialization of the tensor for HLO operation: %copy.5 = c128[1,304,13789]{2,1,0} copy(%reshape), sharding={devices=[16,1,1]<=[16]}, metadata={op_name="jit(fn)/jit(main)/sharding_constraint" source_file="/global/homes/j/jackm/software/lorrax_B/src/gw/v_q_g_flat.py" source_line=94}. You probably want to enrich the sharding annotations to prevent this from happening.
2026-05-16 22:49:43.289471: E external/xla/xla/service/spmd/spmd_partitioner.cc:620] [spmd] Involuntary full rematerialization. The compiler was not able to go from sharding {devices=[16,1,1]<=[16]} to {devices=[1,4,1,4]<=[4,4]T(1,0) last_tile_dim_replicate} without doing a full rematerialization of the tensor for HLO operation: %copy.5 = c128[1,304,13789]{2,1,0} copy(%reshape), sharding={devices=[16,1,1]<=[16]}, metadata={op_name="jit(fn)/jit(main)/sharding_constraint" source_file="/global/homes/j/jackm/software/lorrax_B/src/gw/v_q_g_flat.py" source_line=94}. You probably want to enrich the sharding annotations to prevent this from happening.
2026-05-16 22:49:43.289467: E external/xla/xla/service/spmd/spmd_partitioner.cc:620] [spmd] Involuntary full rematerialization. The compiler was not able to go from sharding {devices=[16,1,1]<=[16]} to {devices=[1,4,1,4]<=[4,4]T(1,0) last_tile_dim_replicate} without doing a full rematerialization of the tensor for HLO operation: %copy.5 = c128[1,304,13789]{2,1,0} copy(%reshape), sharding={devices=[16,1,1]<=[16]}, metadata={op_name="jit(fn)/jit(main)/sharding_constraint" source_file="/global/homes/j/jackm/software/lorrax_B/src/gw/v_q_g_flat.py" source_line=94}. You probably want to enrich the sharding annotations to prevent this from happening.
2026-05-16 22:49:43.289446: E external/xla/xla/service/spmd/spmd_partitioner.cc:620] [spmd] Involuntary full rematerialization. The compiler was not able to go from sharding {devices=[16,1,1]<=[16]} to {devices=[1,4,1,4]<=[16] last_tile_dim_replicate} without doing a full rematerialization of the tensor for HLO operation: %copy.5 = c128[1,304,13789]{2,1,0} copy(%reshape), sharding={devices=[16,1,1]<=[16]}, metadata={op_name="jit(fn)/jit(main)/sharding_constraint" source_file="/global/homes/j/jackm/software/lorrax_B/src/gw/v_q_g_flat.py" source_line=94}. You probably want to enrich the sharding annotations to prevent this from happening.
2026-05-16 22:49:43.289536: E external/xla/xla/service/spmd/spmd_partitioner.cc:620] [spmd] Involuntary full rematerialization. The compiler was not able to go from sharding {devices=[16,1,1]<=[16]} to {devices=[1,4,1,4]<=[4,4]T(1,0) last_tile_dim_replicate} without doing a full rematerialization of the tensor for HLO operation: %copy.5 = c128[1,304,13789]{2,1,0} copy(%reshape), sharding={devices=[16,1,1]<=[16]}, metadata={op_name="jit(fn)/jit(main)/sharding_constraint" source_file="/global/homes/j/jackm/software/lorrax_B/src/gw/v_q_g_flat.py" source_line=94}. You probably want to enrich the sharding annotations to prevent this from happening.
2026-05-16 22:49:43.289640: E external/xla/xla/service/spmd/spmd_partitioner.cc:620] [spmd] Involuntary full rematerialization. The compiler was not able to go from sharding {devices=[16,1,1]<=[16]} to {devices=[1,4,1,4]<=[16] last_tile_dim_replicate} without doing a full rematerialization of the tensor for HLO operation: %copy.5 = c128[1,304,13789]{2,1,0} copy(%reshape), sharding={devices=[16,1,1]<=[16]}, metadata={op_name="jit(fn)/jit(main)/sharding_constraint" source_file="/global/homes/j/jackm/software/lorrax_B/src/gw/v_q_g_flat.py" source_line=94}. You probably want to enrich the sharding annotations to prevent this from happening.
2026-05-16 22:49:43.289732: E external/xla/xla/service/spmd/spmd_partitioner.cc:620] [spmd] Involuntary full rematerialization. The compiler was not able to go from sharding {devices=[16,1,1]<=[16]} to {devices=[1,4,1,4]<=[4,4]T(1,0) last_tile_dim_replicate} without doing a full rematerialization of the tensor for HLO operation: %copy.5 = c128[1,304,13789]{2,1,0} copy(%reshape), sharding={devices=[16,1,1]<=[16]}, metadata={op_name="jit(fn)/jit(main)/sharding_constraint" source_file="/global/homes/j/jackm/software/lorrax_B/src/gw/v_q_g_flat.py" source_line=94}. You probably want to enrich the sharding annotations to prevent this from happening.
2026-05-16 22:49:43.289701: E external/xla/xla/service/spmd/spmd_partitioner.cc:620] [spmd] Involuntary full rematerialization. The compiler was not able to go from sharding {devices=[16,1,1]<=[16]} to {devices=[1,4,1,4]<=[16] last_tile_dim_replicate} without doing a full rematerialization of the tensor for HLO operation: %copy.5 = c128[1,304,13789]{2,1,0} copy(%reshape), sharding={devices=[16,1,1]<=[16]}, metadata={op_name="jit(fn)/jit(main)/sharding_constraint" source_file="/global/homes/j/jackm/software/lorrax_B/src/gw/v_q_g_flat.py" source_line=94}. You probably want to enrich the sharding annotations to prevent this from happening.
2026-05-16 22:49:43.289793: E external/xla/xla/service/spmd/spmd_partitioner.cc:620] [spmd] Involuntary full rematerialization. The compiler was not able to go from sharding {devices=[16,1,1]<=[16]} to {devices=[1,4,1,4]<=[4,4]T(1,0) last_tile_dim_replicate} without doing a full rematerialization of the tensor for HLO operation: %copy.5 = c128[1,304,13789]{2,1,0} copy(%reshape), sharding={devices=[16,1,1]<=[16]}, metadata={op_name="jit(fn)/jit(main)/sharding_constraint" source_file="/global/homes/j/jackm/software/lorrax_B/src/gw/v_q_g_flat.py" source_line=94}. You probably want to enrich the sharding annotations to prevent this from happening.
2026-05-16 22:49:43.289702: E external/xla/xla/service/spmd/spmd_partitioner.cc:620] [spmd] Involuntary full rematerialization. The compiler was not able to go from sharding {devices=[16,1,1]<=[16]} to {devices=[1,4,1,4]<=[16] last_tile_dim_replicate} without doing a full rematerialization of the tensor for HLO operation: %copy.5 = c128[1,304,13789]{2,1,0} copy(%reshape), sharding={devices=[16,1,1]<=[16]}, metadata={op_name="jit(fn)/jit(main)/sharding_constraint" source_file="/global/homes/j/jackm/software/lorrax_B/src/gw/v_q_g_flat.py" source_line=94}. You probably want to enrich the sharding annotations to prevent this from happening.
2026-05-16 22:49:43.289776: E external/xla/xla/service/spmd/spmd_partitioner.cc:620] [spmd] Involuntary full rematerialization. The compiler was not able to go from sharding {devices=[16,1,1]<=[16]} to {devices=[1,4,1,4]<=[16] last_tile_dim_replicate} without doing a full rematerialization of the tensor for HLO operation: %copy.5 = c128[1,304,13789]{2,1,0} copy(%reshape), sharding={devices=[16,1,1]<=[16]}, metadata={op_name="jit(fn)/jit(main)/sharding_constraint" source_file="/global/homes/j/jackm/software/lorrax_B/src/gw/v_q_g_flat.py" source_line=94}. You probably want to enrich the sharding annotations to prevent this from happening.
2026-05-16 22:49:43.289755: E external/xla/xla/service/spmd/spmd_partitioner.cc:620] [spmd] Involuntary full rematerialization. The compiler was not able to go from sharding {devices=[16,1,1]<=[16]} to {devices=[1,4,1,4]<=[16] last_tile_dim_replicate} without doing a full rematerialization of the tensor for HLO operation: %copy.5 = c128[1,304,13789]{2,1,0} copy(%reshape), sharding={devices=[16,1,1]<=[16]}, metadata={op_name="jit(fn)/jit(main)/sharding_constraint" source_file="/global/homes/j/jackm/software/lorrax_B/src/gw/v_q_g_flat.py" source_line=94}. You probably want to enrich the sharding annotations to prevent this from happening.
2026-05-16 22:49:43.289868: E external/xla/xla/service/spmd/spmd_partitioner.cc:620] [spmd] Involuntary full rematerialization. The compiler was not able to go from sharding {devices=[16,1,1]<=[16]} to {devices=[1,4,1,4]<=[4,4]T(1,0) last_tile_dim_replicate} without doing a full rematerialization of the tensor for HLO operation: %copy.5 = c128[1,304,13789]{2,1,0} copy(%reshape), sharding={devices=[16,1,1]<=[16]}, metadata={op_name="jit(fn)/jit(main)/sharding_constraint" source_file="/global/homes/j/jackm/software/lorrax_B/src/gw/v_q_g_flat.py" source_line=94}. You probably want to enrich the sharding annotations to prevent this from happening.
2026-05-16 22:49:43.289793: E external/xla/xla/service/spmd/spmd_partitioner.cc:620] [spmd] Involuntary full rematerialization. The compiler was not able to go from sharding {devices=[16,1,1]<=[16]} to {devices=[1,4,1,4]<=[4,4]T(1,0) last_tile_dim_replicate} without doing a full rematerialization of the tensor for HLO operation: %copy.5 = c128[1,304,13789]{2,1,0} copy(%reshape), sharding={devices=[16,1,1]<=[16]}, metadata={op_name="jit(fn)/jit(main)/sharding_constraint" source_file="/global/homes/j/jackm/software/lorrax_B/src/gw/v_q_g_flat.py" source_line=94}. You probably want to enrich the sharding annotations to prevent this from happening.
2026-05-16 22:49:43.289799: E external/xla/xla/service/spmd/spmd_partitioner.cc:620] [spmd] Involuntary full rematerialization. The compiler was not able to go from sharding {devices=[16,1,1]<=[16]} to {devices=[1,4,1,4]<=[16] last_tile_dim_replicate} without doing a full rematerialization of the tensor for HLO operation: %copy.5 = c128[1,304,13789]{2,1,0} copy(%reshape), sharding={devices=[16,1,1]<=[16]}, metadata={op_name="jit(fn)/jit(main)/sharding_constraint" source_file="/global/homes/j/jackm/software/lorrax_B/src/gw/v_q_g_flat.py" source_line=94}. You probably want to enrich the sharding annotations to prevent this from happening.
2026-05-16 22:49:43.289843: E external/xla/xla/service/spmd/spmd_partitioner.cc:620] [spmd] Involuntary full rematerialization. The compiler was not able to go from sharding {devices=[16,1,1]<=[16]} to {devices=[1,4,1,4]<=[4,4]T(1,0) last_tile_dim_replicate} without doing a full rematerialization of the tensor for HLO operation: %copy.5 = c128[1,304,13789]{2,1,0} copy(%reshape), sharding={devices=[16,1,1]<=[16]}, metadata={op_name="jit(fn)/jit(main)/sharding_constraint" source_file="/global/homes/j/jackm/software/lorrax_B/src/gw/v_q_g_flat.py" source_line=94}. You probably want to enrich the sharding annotations to prevent this from happening.
2026-05-16 22:49:43.289889: E external/xla/xla/service/spmd/spmd_partitioner.cc:620] [spmd] Involuntary full rematerialization. The compiler was not able to go from sharding {devices=[16,1,1]<=[16]} to {devices=[1,4,1,4]<=[4,4]T(1,0) last_tile_dim_replicate} without doing a full rematerialization of the tensor for HLO operation: %copy.5 = c128[1,304,13789]{2,1,0} copy(%reshape), sharding={devices=[16,1,1]<=[16]}, metadata={op_name="jit(fn)/jit(main)/sharding_constraint" source_file="/global/homes/j/jackm/software/lorrax_B/src/gw/v_q_g_flat.py" source_line=94}. You probably want to enrich the sharding annotations to prevent this from happening.
2026-05-16 22:49:43.289992: E external/xla/xla/service/spmd/spmd_partitioner.cc:620] [spmd] Involuntary full rematerialization. The compiler was not able to go from sharding {devices=[16,1,1]<=[16]} to {devices=[1,4,1,4]<=[16] last_tile_dim_replicate} without doing a full rematerialization of the tensor for HLO operation: %copy.5 = c128[1,304,13789]{2,1,0} copy(%reshape), sharding={devices=[16,1,1]<=[16]}, metadata={op_name="jit(fn)/jit(main)/sharding_constraint" source_file="/global/homes/j/jackm/software/lorrax_B/src/gw/v_q_g_flat.py" source_line=94}. You probably want to enrich the sharding annotations to prevent this from happening.
2026-05-16 22:49:43.290061: E external/xla/xla/service/spmd/spmd_partitioner.cc:620] [spmd] Involuntary full rematerialization. The compiler was not able to go from sharding {devices=[16,1,1]<=[16]} to {devices=[1,4,1,4]<=[16] last_tile_dim_replicate} without doing a full rematerialization of the tensor for HLO operation: %copy.5 = c128[1,304,13789]{2,1,0} copy(%reshape), sharding={devices=[16,1,1]<=[16]}, metadata={op_name="jit(fn)/jit(main)/sharding_constraint" source_file="/global/homes/j/jackm/software/lorrax_B/src/gw/v_q_g_flat.py" source_line=94}. You probably want to enrich the sharding annotations to prevent this from happening.
2026-05-16 22:49:43.290085: E external/xla/xla/service/spmd/spmd_partitioner.cc:620] [spmd] Involuntary full rematerialization. The compiler was not able to go from sharding {devices=[16,1,1]<=[16]} to {devices=[1,4,1,4]<=[4,4]T(1,0) last_tile_dim_replicate} without doing a full rematerialization of the tensor for HLO operation: %copy.5 = c128[1,304,13789]{2,1,0} copy(%reshape), sharding={devices=[16,1,1]<=[16]}, metadata={op_name="jit(fn)/jit(main)/sharding_constraint" source_file="/global/homes/j/jackm/software/lorrax_B/src/gw/v_q_g_flat.py" source_line=94}. You probably want to enrich the sharding annotations to prevent this from happening.
2026-05-16 22:49:43.290148: E external/xla/xla/service/spmd/spmd_partitioner.cc:620] [spmd] Involuntary full rematerialization. The compiler was not able to go from sharding {devices=[16,1,1]<=[16]} to {devices=[1,4,1,4]<=[4,4]T(1,0) last_tile_dim_replicate} without doing a full rematerialization of the tensor for HLO operation: %copy.5 = c128[1,304,13789]{2,1,0} copy(%reshape), sharding={devices=[16,1,1]<=[16]}, metadata={op_name="jit(fn)/jit(main)/sharding_constraint" source_file="/global/homes/j/jackm/software/lorrax_B/src/gw/v_q_g_flat.py" source_line=94}. You probably want to enrich the sharding annotations to prevent this from happening.
2026-05-16 22:49:43.290130: E external/xla/xla/service/spmd/spmd_partitioner.cc:620] [spmd] Involuntary full rematerialization. The compiler was not able to go from sharding {devices=[16,1,1]<=[16]} to {devices=[1,4,1,4]<=[16] last_tile_dim_replicate} without doing a full rematerialization of the tensor for HLO operation: %copy.5 = c128[1,304,13789]{2,1,0} copy(%reshape), sharding={devices=[16,1,1]<=[16]}, metadata={op_name="jit(fn)/jit(main)/sharding_constraint" source_file="/global/homes/j/jackm/software/lorrax_B/src/gw/v_q_g_flat.py" source_line=94}. You probably want to enrich the sharding annotations to prevent this from happening.
2026-05-16 22:49:43.290181: E external/xla/xla/service/spmd/spmd_partitioner.cc:620] [spmd] Involuntary full rematerialization. The compiler was not able to go from sharding {devices=[16,1,1]<=[16]} to {devices=[1,4,1,4]<=[16] last_tile_dim_replicate} without doing a full rematerialization of the tensor for HLO operation: %copy.5 = c128[1,304,13789]{2,1,0} copy(%reshape), sharding={devices=[16,1,1]<=[16]}, metadata={op_name="jit(fn)/jit(main)/sharding_constraint" source_file="/global/homes/j/jackm/software/lorrax_B/src/gw/v_q_g_flat.py" source_line=94}. You probably want to enrich the sharding annotations to prevent this from happening.
2026-05-16 22:49:43.290222: E external/xla/xla/service/spmd/spmd_partitioner.cc:620] [spmd] Involuntary full rematerialization. The compiler was not able to go from sharding {devices=[16,1,1]<=[16]} to {devices=[1,4,1,4]<=[4,4]T(1,0) last_tile_dim_replicate} without doing a full rematerialization of the tensor for HLO operation: %copy.5 = c128[1,304,13789]{2,1,0} copy(%reshape), sharding={devices=[16,1,1]<=[16]}, metadata={op_name="jit(fn)/jit(main)/sharding_constraint" source_file="/global/homes/j/jackm/software/lorrax_B/src/gw/v_q_g_flat.py" source_line=94}. You probably want to enrich the sharding annotations to prevent this from happening.
2026-05-16 22:49:43.290271: E external/xla/xla/service/spmd/spmd_partitioner.cc:620] [spmd] Involuntary full rematerialization. The compiler was not able to go from sharding {devices=[16,1,1]<=[16]} to {devices=[1,4,1,4]<=[4,4]T(1,0) last_tile_dim_replicate} without doing a full rematerialization of the tensor for HLO operation: %copy.5 = c128[1,304,13789]{2,1,0} copy(%reshape), sharding={devices=[16,1,1]<=[16]}, metadata={op_name="jit(fn)/jit(main)/sharding_constraint" source_file="/global/homes/j/jackm/software/lorrax_B/src/gw/v_q_g_flat.py" source_line=94}. You probably want to enrich the sharding annotations to prevent this from happening.
    [V_qmunu_TT_11] q=0/8: kernel=0.32s
    [V_qmunu_TT_11] q=1/8: kernel=0.17s
    [V_qmunu_TT_11] q=2/8: kernel=0.15s
    [V_qmunu_TT_11] q=3/8: kernel=0.15s
    [V_qmunu_TT_11] q=4/8: kernel=0.15s
    [V_qmunu_TT_11] q=5/8: kernel=0.16s
    [V_qmunu_TT_11] q=6/8: kernel=0.15s
    [V_qmunu_TT_11] q=7/8: kernel=0.16s
  [bispinor g-flat] tile 3/7 (μ_L=2, ν_L=2)  n_rmu_L=298 n_rmu_R=298  same_zeta=True  use_ibz=True
  V_q g-flat [V_qmunu_TT_22]: n_q_ibz=8, ngkmax=13789, g_chunk=1 (13789/q), n_rmu_L=298→304, n_rmu_R=298→304, unfold=IBZ→full
    [V_qmunu_TT_22] pre-read all 8 IBZ ζ̃ slabs (1 batched call): 0.14s
    [V_qmunu_TT_22] q=0/8: kernel=0.17s
    [V_qmunu_TT_22] q=1/8: kernel=0.16s
    [V_qmunu_TT_22] q=2/8: kernel=0.15s
    [V_qmunu_TT_22] q=3/8: kernel=0.15s
    [V_qmunu_TT_22] q=4/8: kernel=0.16s
    [V_qmunu_TT_22] q=5/8: kernel=0.15s
    [V_qmunu_TT_22] q=6/8: kernel=0.15s
    [V_qmunu_TT_22] q=7/8: kernel=0.16s
  [bispinor g-flat] tile 4/7 (μ_L=3, ν_L=3)  n_rmu_L=298 n_rmu_R=298  same_zeta=True  use_ibz=True
  V_q g-flat [V_qmunu_TT_33]: n_q_ibz=8, ngkmax=13789, g_chunk=1 (13789/q), n_rmu_L=298→304, n_rmu_R=298→304, unfold=IBZ→full
    [V_qmunu_TT_33] pre-read all 8 IBZ ζ̃ slabs (1 batched call): 0.14s
    [V_qmunu_TT_33] q=0/8: kernel=0.16s
    [V_qmunu_TT_33] q=1/8: kernel=0.15s
    [V_qmunu_TT_33] q=2/8: kernel=0.15s
    [V_qmunu_TT_33] q=3/8: kernel=0.15s
    [V_qmunu_TT_33] q=4/8: kernel=0.15s
    [V_qmunu_TT_33] q=5/8: kernel=0.15s
    [V_qmunu_TT_33] q=6/8: kernel=0.15s
    [V_qmunu_TT_33] q=7/8: kernel=0.15s
  [bispinor g-flat] tile 5/7 (μ_L=1, ν_L=2)  n_rmu_L=298 n_rmu_R=298  same_zeta=False  use_ibz=True
  V_q g-flat [V_qmunu_TT_12]: n_q_ibz=8, ngkmax=13789, g_chunk=1 (13789/q), n_rmu_L=298→304, n_rmu_R=298→304, unfold=IBZ→full
    [V_qmunu_TT_12] pre-read all 8 IBZ ζ̃ slabs (1 batched call): 0.06s
2026-05-16 22:49:48.057584: E external/xla/xla/service/spmd/spmd_partitioner.cc:620] [spmd] Involuntary full rematerialization. The compiler was not able to go from sharding {devices=[16,1,1]<=[16]} to {devices=[1,4,1,4]<=[16] last_tile_dim_replicate} without doing a full rematerialization of the tensor for HLO operation: %copy.6 = c128[1,304,13789]{2,1,0} copy(%reshape), sharding={devices=[16,1,1]<=[16]}, metadata={op_name="jit(fn)/jit(main)/sharding_constraint" source_file="/global/homes/j/jackm/software/lorrax_B/src/gw/v_q_g_flat.py" source_line=94}. You probably want to enrich the sharding annotations to prevent this from happening.
2026-05-16 22:49:48.057614: E external/xla/xla/service/spmd/spmd_partitioner.cc:620] [spmd] Involuntary full rematerialization. The compiler was not able to go from sharding {devices=[16,1,1]<=[16]} to {devices=[1,4,1,4]<=[16] last_tile_dim_replicate} without doing a full rematerialization of the tensor for HLO operation: %copy.6 = c128[1,304,13789]{2,1,0} copy(%reshape), sharding={devices=[16,1,1]<=[16]}, metadata={op_name="jit(fn)/jit(main)/sharding_constraint" source_file="/global/homes/j/jackm/software/lorrax_B/src/gw/v_q_g_flat.py" source_line=94}. You probably want to enrich the sharding annotations to prevent this from happening.
2026-05-16 22:49:48.057725: E external/xla/xla/service/spmd/spmd_partitioner.cc:620] [spmd] Involuntary full rematerialization. The compiler was not able to go from sharding {devices=[16,1,1]<=[16]} to {devices=[1,4,1,4]<=[4,4]T(1,0) last_tile_dim_replicate} without doing a full rematerialization of the tensor for HLO operation: %copy.4 = c128[1,304,13789]{2,1,0} copy(%reshape), sharding={devices=[16,1,1]<=[16]}, metadata={op_name="jit(fn)/jit(main)/sharding_constraint" source_file="/global/homes/j/jackm/software/lorrax_B/src/gw/v_q_g_flat.py" source_line=98}. You probably want to enrich the sharding annotations to prevent this from happening.
2026-05-16 22:49:48.057749: E external/xla/xla/service/spmd/spmd_partitioner.cc:620] [spmd] Involuntary full rematerialization. The compiler was not able to go from sharding {devices=[16,1,1]<=[16]} to {devices=[1,4,1,4]<=[4,4]T(1,0) last_tile_dim_replicate} without doing a full rematerialization of the tensor for HLO operation: %copy.4 = c128[1,304,13789]{2,1,0} copy(%reshape), sharding={devices=[16,1,1]<=[16]}, metadata={op_name="jit(fn)/jit(main)/sharding_constraint" source_file="/global/homes/j/jackm/software/lorrax_B/src/gw/v_q_g_flat.py" source_line=98}. You probably want to enrich the sharding annotations to prevent this from happening.
2026-05-16 22:49:48.057969: E external/xla/xla/service/spmd/spmd_partitioner.cc:620] [spmd] Involuntary full rematerialization. The compiler was not able to go from sharding {devices=[16,1,1]<=[16]} to {devices=[1,4,1,4]<=[16] last_tile_dim_replicate} without doing a full rematerialization of the tensor for HLO operation: %copy.6 = c128[1,304,13789]{2,1,0} copy(%reshape), sharding={devices=[16,1,1]<=[16]}, metadata={op_name="jit(fn)/jit(main)/sharding_constraint" source_file="/global/homes/j/jackm/software/lorrax_B/src/gw/v_q_g_flat.py" source_line=94}. You probably want to enrich the sharding annotations to prevent this from happening.
2026-05-16 22:49:48.057931: E external/xla/xla/service/spmd/spmd_partitioner.cc:620] [spmd] Involuntary full rematerialization. The compiler was not able to go from sharding {devices=[16,1,1]<=[16]} to {devices=[1,4,1,4]<=[16] last_tile_dim_replicate} without doing a full rematerialization of the tensor for HLO operation: %copy.6 = c128[1,304,13789]{2,1,0} copy(%reshape), sharding={devices=[16,1,1]<=[16]}, metadata={op_name="jit(fn)/jit(main)/sharding_constraint" source_file="/global/homes/j/jackm/software/lorrax_B/src/gw/v_q_g_flat.py" source_line=94}. You probably want to enrich the sharding annotations to prevent this from happening.
2026-05-16 22:49:48.058068: E external/xla/xla/service/spmd/spmd_partitioner.cc:620] [spmd] Involuntary full rematerialization. The compiler was not able to go from sharding {devices=[16,1,1]<=[16]} to {devices=[1,4,1,4]<=[4,4]T(1,0) last_tile_dim_replicate} without doing a full rematerialization of the tensor for HLO operation: %copy.4 = c128[1,304,13789]{2,1,0} copy(%reshape), sharding={devices=[16,1,1]<=[16]}, metadata={op_name="jit(fn)/jit(main)/sharding_constraint" source_file="/global/homes/j/jackm/software/lorrax_B/src/gw/v_q_g_flat.py" source_line=98}. You probably want to enrich the sharding annotations to prevent this from happening.
2026-05-16 22:49:48.058044: E external/xla/xla/service/spmd/spmd_partitioner.cc:620] [spmd] Involuntary full rematerialization. The compiler was not able to go from sharding {devices=[16,1,1]<=[16]} to {devices=[1,4,1,4]<=[16] last_tile_dim_replicate} without doing a full rematerialization of the tensor for HLO operation: %copy.6 = c128[1,304,13789]{2,1,0} copy(%reshape), sharding={devices=[16,1,1]<=[16]}, metadata={op_name="jit(fn)/jit(main)/sharding_constraint" source_file="/global/homes/j/jackm/software/lorrax_B/src/gw/v_q_g_flat.py" source_line=94}. You probably want to enrich the sharding annotations to prevent this from happening.
2026-05-16 22:49:48.058026: E external/xla/xla/service/spmd/spmd_partitioner.cc:620] [spmd] Involuntary full rematerialization. The compiler was not able to go from sharding {devices=[16,1,1]<=[16]} to {devices=[1,4,1,4]<=[16] last_tile_dim_replicate} without doing a full rematerialization of the tensor for HLO operation: %copy.6 = c128[1,304,13789]{2,1,0} copy(%reshape), sharding={devices=[16,1,1]<=[16]}, metadata={op_name="jit(fn)/jit(main)/sharding_constraint" source_file="/global/homes/j/jackm/software/lorrax_B/src/gw/v_q_g_flat.py" source_line=94}. You probably want to enrich the sharding annotations to prevent this from happening.
2026-05-16 22:49:48.058177: E external/xla/xla/service/spmd/spmd_partitioner.cc:620] [spmd] Involuntary full rematerialization. The compiler was not able to go from sharding {devices=[16,1,1]<=[16]} to {devices=[1,4,1,4]<=[4,4]T(1,0) last_tile_dim_replicate} without doing a full rematerialization of the tensor for HLO operation: %copy.4 = c128[1,304,13789]{2,1,0} copy(%reshape), sharding={devices=[16,1,1]<=[16]}, metadata={op_name="jit(fn)/jit(main)/sharding_constraint" source_file="/global/homes/j/jackm/software/lorrax_B/src/gw/v_q_g_flat.py" source_line=98}. You probably want to enrich the sharding annotations to prevent this from happening.
2026-05-16 22:49:48.058160: E external/xla/xla/service/spmd/spmd_partitioner.cc:620] [spmd] Involuntary full rematerialization. The compiler was not able to go from sharding {devices=[16,1,1]<=[16]} to {devices=[1,4,1,4]<=[4,4]T(1,0) last_tile_dim_replicate} without doing a full rematerialization of the tensor for HLO operation: %copy.4 = c128[1,304,13789]{2,1,0} copy(%reshape), sharding={devices=[16,1,1]<=[16]}, metadata={op_name="jit(fn)/jit(main)/sharding_constraint" source_file="/global/homes/j/jackm/software/lorrax_B/src/gw/v_q_g_flat.py" source_line=98}. You probably want to enrich the sharding annotations to prevent this from happening.
2026-05-16 22:49:48.058132: E external/xla/xla/service/spmd/spmd_partitioner.cc:620] [spmd] Involuntary full rematerialization. The compiler was not able to go from sharding {devices=[16,1,1]<=[16]} to {devices=[1,4,1,4]<=[16] last_tile_dim_replicate} without doing a full rematerialization of the tensor for HLO operation: %copy.6 = c128[1,304,13789]{2,1,0} copy(%reshape), sharding={devices=[16,1,1]<=[16]}, metadata={op_name="jit(fn)/jit(main)/sharding_constraint" source_file="/global/homes/j/jackm/software/lorrax_B/src/gw/v_q_g_flat.py" source_line=94}. You probably want to enrich the sharding annotations to prevent this from happening.
2026-05-16 22:49:48.058103: E external/xla/xla/service/spmd/spmd_partitioner.cc:620] [spmd] Involuntary full rematerialization. The compiler was not able to go from sharding {devices=[16,1,1]<=[16]} to {devices=[1,4,1,4]<=[4,4]T(1,0) last_tile_dim_replicate} without doing a full rematerialization of the tensor for HLO operation: %copy.4 = c128[1,304,13789]{2,1,0} copy(%reshape), sharding={devices=[16,1,1]<=[16]}, metadata={op_name="jit(fn)/jit(main)/sharding_constraint" source_file="/global/homes/j/jackm/software/lorrax_B/src/gw/v_q_g_flat.py" source_line=98}. You probably want to enrich the sharding annotations to prevent this from happening.
2026-05-16 22:49:48.058266: E external/xla/xla/service/spmd/spmd_partitioner.cc:620] [spmd] Involuntary full rematerialization. The compiler was not able to go from sharding {devices=[16,1,1]<=[16]} to {devices=[1,4,1,4]<=[4,4]T(1,0) last_tile_dim_replicate} without doing a full rematerialization of the tensor for HLO operation: %copy.4 = c128[1,304,13789]{2,1,0} copy(%reshape), sharding={devices=[16,1,1]<=[16]}, metadata={op_name="jit(fn)/jit(main)/sharding_constraint" source_file="/global/homes/j/jackm/software/lorrax_B/src/gw/v_q_g_flat.py" source_line=98}. You probably want to enrich the sharding annotations to prevent this from happening.
2026-05-16 22:49:48.058280: E external/xla/xla/service/spmd/spmd_partitioner.cc:620] [spmd] Involuntary full rematerialization. The compiler was not able to go from sharding {devices=[16,1,1]<=[16]} to {devices=[1,4,1,4]<=[16] last_tile_dim_replicate} without doing a full rematerialization of the tensor for HLO operation: %copy.6 = c128[1,304,13789]{2,1,0} copy(%reshape), sharding={devices=[16,1,1]<=[16]}, metadata={op_name="jit(fn)/jit(main)/sharding_constraint" source_file="/global/homes/j/jackm/software/lorrax_B/src/gw/v_q_g_flat.py" source_line=94}. You probably want to enrich the sharding annotations to prevent this from happening.
2026-05-16 22:49:48.058356: E external/xla/xla/service/spmd/spmd_partitioner.cc:620] [spmd] Involuntary full rematerialization. The compiler was not able to go from sharding {devices=[16,1,1]<=[16]} to {devices=[1,4,1,4]<=[16] last_tile_dim_replicate} without doing a full rematerialization of the tensor for HLO operation: %copy.6 = c128[1,304,13789]{2,1,0} copy(%reshape), sharding={devices=[16,1,1]<=[16]}, metadata={op_name="jit(fn)/jit(main)/sharding_constraint" source_file="/global/homes/j/jackm/software/lorrax_B/src/gw/v_q_g_flat.py" source_line=94}. You probably want to enrich the sharding annotations to prevent this from happening.
2026-05-16 22:49:48.058340: E external/xla/xla/service/spmd/spmd_partitioner.cc:620] [spmd] Involuntary full rematerialization. The compiler was not able to go from sharding {devices=[16,1,1]<=[16]} to {devices=[1,4,1,4]<=[16] last_tile_dim_replicate} without doing a full rematerialization of the tensor for HLO operation: %copy.6 = c128[1,304,13789]{2,1,0} copy(%reshape), sharding={devices=[16,1,1]<=[16]}, metadata={op_name="jit(fn)/jit(main)/sharding_constraint" source_file="/global/homes/j/jackm/software/lorrax_B/src/gw/v_q_g_flat.py" source_line=94}. You probably want to enrich the sharding annotations to prevent this from happening.
2026-05-16 22:49:48.058416: E external/xla/xla/service/spmd/spmd_partitioner.cc:620] [spmd] Involuntary full rematerialization. The compiler was not able to go from sharding {devices=[16,1,1]<=[16]} to {devices=[1,4,1,4]<=[4,4]T(1,0) last_tile_dim_replicate} without doing a full rematerialization of the tensor for HLO operation: %copy.4 = c128[1,304,13789]{2,1,0} copy(%reshape), sharding={devices=[16,1,1]<=[16]}, metadata={op_name="jit(fn)/jit(main)/sharding_constraint" source_file="/global/homes/j/jackm/software/lorrax_B/src/gw/v_q_g_flat.py" source_line=98}. You probably want to enrich the sharding annotations to prevent this from happening.
2026-05-16 22:49:48.058471: E external/xla/xla/service/spmd/spmd_partitioner.cc:620] [spmd] Involuntary full rematerialization. The compiler was not able to go from sharding {devices=[16,1,1]<=[16]} to {devices=[1,4,1,4]<=[4,4]T(1,0) last_tile_dim_replicate} without doing a full rematerialization of the tensor for HLO operation: %copy.4 = c128[1,304,13789]{2,1,0} copy(%reshape), sharding={devices=[16,1,1]<=[16]}, metadata={op_name="jit(fn)/jit(main)/sharding_constraint" source_file="/global/homes/j/jackm/software/lorrax_B/src/gw/v_q_g_flat.py" source_line=98}. You probably want to enrich the sharding annotations to prevent this from happening.
2026-05-16 22:49:48.058487: E external/xla/xla/service/spmd/spmd_partitioner.cc:620] [spmd] Involuntary full rematerialization. The compiler was not able to go from sharding {devices=[16,1,1]<=[16]} to {devices=[1,4,1,4]<=[4,4]T(1,0) last_tile_dim_replicate} without doing a full rematerialization of the tensor for HLO operation: %copy.4 = c128[1,304,13789]{2,1,0} copy(%reshape), sharding={devices=[16,1,1]<=[16]}, metadata={op_name="jit(fn)/jit(main)/sharding_constraint" source_file="/global/homes/j/jackm/software/lorrax_B/src/gw/v_q_g_flat.py" source_line=98}. You probably want to enrich the sharding annotations to prevent this from happening.
2026-05-16 22:49:48.058617: E external/xla/xla/service/spmd/spmd_partitioner.cc:620] [spmd] Involuntary full rematerialization. The compiler was not able to go from sharding {devices=[16,1,1]<=[16]} to {devices=[1,4,1,4]<=[16] last_tile_dim_replicate} without doing a full rematerialization of the tensor for HLO operation: %copy.6 = c128[1,304,13789]{2,1,0} copy(%reshape), sharding={devices=[16,1,1]<=[16]}, metadata={op_name="jit(fn)/jit(main)/sharding_constraint" source_file="/global/homes/j/jackm/software/lorrax_B/src/gw/v_q_g_flat.py" source_line=94}. You probably want to enrich the sharding annotations to prevent this from happening.
2026-05-16 22:49:48.058659: E external/xla/xla/service/spmd/spmd_partitioner.cc:620] [spmd] Involuntary full rematerialization. The compiler was not able to go from sharding {devices=[16,1,1]<=[16]} to {devices=[1,4,1,4]<=[16] last_tile_dim_replicate} without doing a full rematerialization of the tensor for HLO operation: %copy.6 = c128[1,304,13789]{2,1,0} copy(%reshape), sharding={devices=[16,1,1]<=[16]}, metadata={op_name="jit(fn)/jit(main)/sharding_constraint" source_file="/global/homes/j/jackm/software/lorrax_B/src/gw/v_q_g_flat.py" source_line=94}. You probably want to enrich the sharding annotations to prevent this from happening.
2026-05-16 22:49:48.058676: E external/xla/xla/service/spmd/spmd_partitioner.cc:620] [spmd] Involuntary full rematerialization. The compiler was not able to go from sharding {devices=[16,1,1]<=[16]} to {devices=[1,4,1,4]<=[16] last_tile_dim_replicate} without doing a full rematerialization of the tensor for HLO operation: %copy.6 = c128[1,304,13789]{2,1,0} copy(%reshape), sharding={devices=[16,1,1]<=[16]}, metadata={op_name="jit(fn)/jit(main)/sharding_constraint" source_file="/global/homes/j/jackm/software/lorrax_B/src/gw/v_q_g_flat.py" source_line=94}. You probably want to enrich the sharding annotations to prevent this from happening.
2026-05-16 22:49:48.058702: E external/xla/xla/service/spmd/spmd_partitioner.cc:620] [spmd] Involuntary full rematerialization. The compiler was not able to go from sharding {devices=[16,1,1]<=[16]} to {devices=[1,4,1,4]<=[16] last_tile_dim_replicate} without doing a full rematerialization of the tensor for HLO operation: %copy.6 = c128[1,304,13789]{2,1,0} copy(%reshape), sharding={devices=[16,1,1]<=[16]}, metadata={op_name="jit(fn)/jit(main)/sharding_constraint" source_file="/global/homes/j/jackm/software/lorrax_B/src/gw/v_q_g_flat.py" source_line=94}. You probably want to enrich the sharding annotations to prevent this from happening.
2026-05-16 22:49:48.058794: E external/xla/xla/service/spmd/spmd_partitioner.cc:620] [spmd] Involuntary full rematerialization. The compiler was not able to go from sharding {devices=[16,1,1]<=[16]} to {devices=[1,4,1,4]<=[4,4]T(1,0) last_tile_dim_replicate} without doing a full rematerialization of the tensor for HLO operation: %copy.4 = c128[1,304,13789]{2,1,0} copy(%reshape), sharding={devices=[16,1,1]<=[16]}, metadata={op_name="jit(fn)/jit(main)/sharding_constraint" source_file="/global/homes/j/jackm/software/lorrax_B/src/gw/v_q_g_flat.py" source_line=98}. You probably want to enrich the sharding annotations to prevent this from happening.
2026-05-16 22:49:48.058732: E external/xla/xla/service/spmd/spmd_partitioner.cc:620] [spmd] Involuntary full rematerialization. The compiler was not able to go from sharding {devices=[16,1,1]<=[16]} to {devices=[1,4,1,4]<=[16] last_tile_dim_replicate} without doing a full rematerialization of the tensor for HLO operation: %copy.6 = c128[1,304,13789]{2,1,0} copy(%reshape), sharding={devices=[16,1,1]<=[16]}, metadata={op_name="jit(fn)/jit(main)/sharding_constraint" source_file="/global/homes/j/jackm/software/lorrax_B/src/gw/v_q_g_flat.py" source_line=94}. You probably want to enrich the sharding annotations to prevent this from happening.
2026-05-16 22:49:48.058765: E external/xla/xla/service/spmd/spmd_partitioner.cc:620] [spmd] Involuntary full rematerialization. The compiler was not able to go from sharding {devices=[16,1,1]<=[16]} to {devices=[1,4,1,4]<=[4,4]T(1,0) last_tile_dim_replicate} without doing a full rematerialization of the tensor for HLO operation: %copy.4 = c128[1,304,13789]{2,1,0} copy(%reshape), sharding={devices=[16,1,1]<=[16]}, metadata={op_name="jit(fn)/jit(main)/sharding_constraint" source_file="/global/homes/j/jackm/software/lorrax_B/src/gw/v_q_g_flat.py" source_line=98}. You probably want to enrich the sharding annotations to prevent this from happening.
2026-05-16 22:49:48.058828: E external/xla/xla/service/spmd/spmd_partitioner.cc:620] [spmd] Involuntary full rematerialization. The compiler was not able to go from sharding {devices=[16,1,1]<=[16]} to {devices=[1,4,1,4]<=[4,4]T(1,0) last_tile_dim_replicate} without doing a full rematerialization of the tensor for HLO operation: %copy.4 = c128[1,304,13789]{2,1,0} copy(%reshape), sharding={devices=[16,1,1]<=[16]}, metadata={op_name="jit(fn)/jit(main)/sharding_constraint" source_file="/global/homes/j/jackm/software/lorrax_B/src/gw/v_q_g_flat.py" source_line=98}. You probably want to enrich the sharding annotations to prevent this from happening.
2026-05-16 22:49:48.058858: E external/xla/xla/service/spmd/spmd_partitioner.cc:620] [spmd] Involuntary full rematerialization. The compiler was not able to go from sharding {devices=[16,1,1]<=[16]} to {devices=[1,4,1,4]<=[4,4]T(1,0) last_tile_dim_replicate} without doing a full rematerialization of the tensor for HLO operation: %copy.4 = c128[1,304,13789]{2,1,0} copy(%reshape), sharding={devices=[16,1,1]<=[16]}, metadata={op_name="jit(fn)/jit(main)/sharding_constraint" source_file="/global/homes/j/jackm/software/lorrax_B/src/gw/v_q_g_flat.py" source_line=98}. You probably want to enrich the sharding annotations to prevent this from happening.
2026-05-16 22:49:48.058877: E external/xla/xla/service/spmd/spmd_partitioner.cc:620] [spmd] Involuntary full rematerialization. The compiler was not able to go from sharding {devices=[16,1,1]<=[16]} to {devices=[1,4,1,4]<=[4,4]T(1,0) last_tile_dim_replicate} without doing a full rematerialization of the tensor for HLO operation: %copy.4 = c128[1,304,13789]{2,1,0} copy(%reshape), sharding={devices=[16,1,1]<=[16]}, metadata={op_name="jit(fn)/jit(main)/sharding_constraint" source_file="/global/homes/j/jackm/software/lorrax_B/src/gw/v_q_g_flat.py" source_line=98}. You probably want to enrich the sharding annotations to prevent this from happening.
    [V_qmunu_TT_12] q=0/8: kernel=0.39s
    [V_qmunu_TT_12] q=1/8: kernel=0.22s
    [V_qmunu_TT_12] q=2/8: kernel=0.25s
    [V_qmunu_TT_12] q=3/8: kernel=0.21s
    [V_qmunu_TT_12] q=4/8: kernel=0.23s
    [V_qmunu_TT_12] q=5/8: kernel=0.22s
    [V_qmunu_TT_12] q=6/8: kernel=0.22s
    [V_qmunu_TT_12] q=7/8: kernel=0.24s
  [bispinor g-flat] tile 6/7 (μ_L=1, ν_L=3)  n_rmu_L=298 n_rmu_R=298  same_zeta=False  use_ibz=True
  V_q g-flat [V_qmunu_TT_13]: n_q_ibz=8, ngkmax=13789, g_chunk=1 (13789/q), n_rmu_L=298→304, n_rmu_R=298→304, unfold=IBZ→full
    [V_qmunu_TT_13] pre-read all 8 IBZ ζ̃ slabs (1 batched call): 0.04s
    [V_qmunu_TT_13] q=0/8: kernel=0.23s
    [V_qmunu_TT_13] q=1/8: kernel=0.21s
    [V_qmunu_TT_13] q=2/8: kernel=0.23s
    [V_qmunu_TT_13] q=3/8: kernel=0.23s
    [V_qmunu_TT_13] q=4/8: kernel=0.21s
    [V_qmunu_TT_13] q=5/8: kernel=0.22s
    [V_qmunu_TT_13] q=6/8: kernel=0.21s
    [V_qmunu_TT_13] q=7/8: kernel=0.22s
  [bispinor g-flat] tile 7/7 (μ_L=2, ν_L=3)  n_rmu_L=298 n_rmu_R=298  same_zeta=False  use_ibz=True
  V_q g-flat [V_qmunu_TT_23]: n_q_ibz=8, ngkmax=13789, g_chunk=1 (13789/q), n_rmu_L=298→304, n_rmu_R=298→304, unfold=IBZ→full
    [V_qmunu_TT_23] pre-read all 8 IBZ ζ̃ slabs (1 batched call): 0.04s
    [V_qmunu_TT_23] q=0/8: kernel=0.23s
    [V_qmunu_TT_23] q=1/8: kernel=0.21s
    [V_qmunu_TT_23] q=2/8: kernel=0.21s
    [V_qmunu_TT_23] q=3/8: kernel=0.23s
    [V_qmunu_TT_23] q=4/8: kernel=0.22s
    [V_qmunu_TT_23] q=5/8: kernel=0.22s
    [V_qmunu_TT_23] q=6/8: kernel=0.22s
    [V_qmunu_TT_23] q=7/8: kernel=0.22s
  [SlabIO.close] draining 1 pending writes for v_q_bispinor.h5 …
  [SlabIO.close] Python dispatch drained in 0.8 s; joining writer thread
  [SlabIO.close] writer thread joined in 0.0 s; calling H5Fclose collectively
  [SlabIO.close] H5Fclose returned in 0.0 s
  [SlabIO.close] draining 1 pending writes for v_q_bispinor.h5 …
  [SlabIO.close] Python dispatch drained in 0.4 s; joining writer thread
  [SlabIO.close] writer thread joined in 0.0 s; calling H5Fclose collectively
  [SlabIO.close] H5Fclose returned in 0.0 s
  [SlabIO.close] draining 1 pending writes for v_q_bispinor.h5 …
  [SlabIO.close] Python dispatch drained in 0.5 s; joining writer thread
  [SlabIO.close] writer thread joined in 0.0 s; calling H5Fclose collectively
  [SlabIO.close] H5Fclose returned in 0.0 s
  [SlabIO.close] draining 1 pending writes for v_q_bispinor.h5 …
  [SlabIO.close] Python dispatch drained in 0.5 s; joining writer thread
  [SlabIO.close] writer thread joined in 0.0 s; calling H5Fclose collectively
  [SlabIO.close] H5Fclose returned in 0.0 s
  [SlabIO.close] draining 1 pending writes for v_q_bispinor.h5 …
  [SlabIO.close] Python dispatch drained in 0.5 s; joining writer thread
  [SlabIO.close] writer thread joined in 0.0 s; calling H5Fclose collectively
  [SlabIO.close] H5Fclose returned in 0.0 s
  [SlabIO.close] draining 1 pending writes for v_q_bispinor.h5 …
  [SlabIO.close] Python dispatch drained in 0.4 s; joining writer thread
  [SlabIO.close] writer thread joined in 0.0 s; calling H5Fclose collectively
  [SlabIO.close] H5Fclose returned in 0.0 s
  [SlabIO.close] draining 0 pending writes for zeta_q_mu3.h5 …
  [SlabIO.close] Python dispatch drained in 0.0 s; joining writer thread
  [SlabIO.close] writer thread joined in 0.0 s; calling H5Fclose collectively
  [SlabIO.close] H5Fclose returned in 0.0 s
  [SlabIO.close] draining 0 pending writes for zeta_q_mu2.h5 …
  [SlabIO.close] Python dispatch drained in 0.0 s; joining writer thread
  [SlabIO.close] writer thread joined in 0.0 s; calling H5Fclose collectively
  [SlabIO.close] H5Fclose returned in 0.0 s
  [SlabIO.close] draining 0 pending writes for zeta_q_mu1.h5 …
  [SlabIO.close] Python dispatch drained in 0.0 s; joining writer thread
  [SlabIO.close] writer thread joined in 0.0 s; calling H5Fclose collectively
  [SlabIO.close] H5Fclose returned in 0.0 s
  [SlabIO.close] draining 0 pending writes for zeta_q.h5 …
  [SlabIO.close] Python dispatch drained in 0.0 s; joining writer thread
  [SlabIO.close] writer thread joined in 0.0 s; calling H5Fclose collectively
  [SlabIO.close] H5Fclose returned in 0.0 s
  [SlabIO.close] draining 0 pending writes for v_q_bispinor.h5 …
  [SlabIO.close] Python dispatch drained in 0.0 s; joining writer thread
  [SlabIO.close] writer thread joined in 0.0 s; calling H5Fclose collectively
  [SlabIO.close] H5Fclose returned in 0.0 s

  V_q computed:
    Shape: (36, 304, 304)
    V_q=0 trace: 145491319.7554
  [SlabIO.close] draining 0 pending writes for isdf_tensors_300.h5 …
  [SlabIO.close] Python dispatch drained in 0.0 s; joining writer thread
  [SlabIO.close] writer thread joined in 0.0 s; calling H5Fclose collectively
  [SlabIO.close] H5Fclose returned in 0.0 s
  Wavefunctions built (b0:b4=96 bands, 4 sharded copies: xn/xr/yr/yn)
  Wavefunctions built (b0:b4=96 bands, 4 sharded copies: xn/xr/yr/yn)
  [bispinor] σ^B-side Wfns built on n_rmu_T=298 transverse centroids
  [SlabIO.close] draining 1 pending writes for isdf_tensors_300.h5 …
  [SlabIO.close] Python dispatch drained in 1.4 s; joining writer thread
  [SlabIO.close] writer thread joined in 0.0 s; calling H5Fclose collectively
  [SlabIO.close] H5Fclose returned in 2.7 s
  Chunked ISDF path complete

=== A: V_q from /pscratch/sd/j/jackm/lorrax_sandbox/runs/CrI3/M_6x6_30Ry_bispinor_2026-05-14/03_lorrax_bispinor_fullbz_16gpu_2026-05-16/tmp/v_q_bispinor.h5 ===
  Σ^B tile (μ_L=1, ν_L=1): tr Σ = -10.102927 eV
  Σ^B tile (μ_L=1, ν_L=2): tr Σ = -0.710534 eV
  Σ^B tile (μ_L=1, ν_L=3): tr Σ = -0.712845 eV
  Σ^B tile (μ_L=2, ν_L=1): tr Σ = -0.710534 eV
  Σ^B tile (μ_L=2, ν_L=2): tr Σ = -10.103431 eV
  Σ^B tile (μ_L=2, ν_L=3): tr Σ = -0.712786 eV
  Σ^B tile (μ_L=3, ν_L=1): tr Σ = -0.712845 eV
  Σ^B tile (μ_L=3, ν_L=2): tr Σ = -0.712786 eV
  Σ^B tile (μ_L=3, ν_L=3): tr Σ = -10.205773 eV
  [SlabIO.close] draining 0 pending writes for v_q_bispinor.h5 …
  [SlabIO.close] Python dispatch drained in 0.0 s; joining writer thread
  [SlabIO.close] writer thread joined in 0.0 s; calling H5Fclose collectively
  [SlabIO.close] H5Fclose returned in 0.0 s
  sig_x_scalar tr: -59361.970209 eV
  sig_x_b      tr: -34.684462 eV
  sig_x_total  tr: -59396.654671 eV

=== B: V_q from /pscratch/sd/j/jackm/lorrax_sandbox/runs/CrI3/M_6x6_30Ry_bispinor_2026-05-14/04_lorrax_bispinor_ibz_16gpu_2026-05-16/tmp/v_q_bispinor.h5 ===
  Σ^B tile (μ_L=1, ν_L=1): tr Σ = -10.711623 eV
  Σ^B tile (μ_L=1, ν_L=2): tr Σ = -0.102829 eV
  Σ^B tile (μ_L=1, ν_L=3): tr Σ = -0.712838 eV
  Σ^B tile (μ_L=2, ν_L=1): tr Σ = -0.102829 eV
  Σ^B tile (μ_L=2, ν_L=2): tr Σ = -10.711669 eV
  Σ^B tile (μ_L=2, ν_L=3): tr Σ = -0.712834 eV
  Σ^B tile (μ_L=3, ν_L=1): tr Σ = -0.712838 eV
  Σ^B tile (μ_L=3, ν_L=2): tr Σ = -0.712834 eV
  Σ^B tile (μ_L=3, ν_L=3): tr Σ = -10.205773 eV
  [SlabIO.close] draining 0 pending writes for v_q_bispinor.h5 …
  [SlabIO.close] Python dispatch drained in 0.0 s; joining writer thread
  [SlabIO.close] writer thread joined in 0.0 s; calling H5Fclose collectively
  [SlabIO.close] H5Fclose returned in 0.0 s
  sig_x_scalar tr: -59361.970209 eV
  sig_x_b      tr: -34.686066 eV
  sig_x_total  tr: -59396.656275 eV

Wrote /pscratch/sd/j/jackm/lorrax_sandbox/runs/CrI3/M_6x6_30Ry_bispinor_2026-05-14/sigma_b_gate_16gpu_v2_A.npz
Wrote /pscratch/sd/j/jackm/lorrax_sandbox/runs/CrI3/M_6x6_30Ry_bispinor_2026-05-14/sigma_b_gate_16gpu_v2_B.npz
