{
  "log_path": "/pscratch/sd/j/jackm/lorrax_sandbox/runs/MoS2/02_mos2_3x3_nosym/B_sternheimer_smoke/probe_dft2/compile.log",
  "xla": {
    "convert_element_type": [
      0.037863493,
      0.015069485,
      0.010077
    ],
    "broadcast_in_dim": [
      0.010508537
    ],
    "_moveaxis": [
      0.005096197,
      0.005910873
    ],
    "fft": [
      0.007846117
    ],
    "_reduce_prod": [
      0.010196447
    ],
    "sqrt": [
      0.008934021
    ],
    "multiply": [
      0.005024433,
      0.00682044
    ],
    "abs": [
      0.004180193
    ],
    "integer_pow": [
      0.00391531
    ],
    "_reduce_sum": [
      0.004132509,
      0.006091595
    ],
    "add": [
      0.004281521
    ],
    "_ionic_gspace_jit": [
      0.722697496
    ],
    "compute_V_H_and_V_xc": [
      0.048289776
    ]
  },
  "mlir": {
    "convert_element_type": [
      0.11332345,
      0.002030849,
      0.002415895
    ],
    "broadcast_in_dim": [
      0.001818657
    ],
    "_moveaxis": [
      0.001905203,
      0.001821756
    ],
    "fft": [
      0.002576828
    ],
    "_reduce_prod": [
      0.005702972
    ],
    "sqrt": [
      0.001543999
    ],
    "multiply": [
      0.001707315,
      0.00188756
    ],
    "abs": [
      0.001951694
    ],
    "integer_pow": [
      0.002025366
    ],
    "_reduce_sum": [
      0.002026796,
      0.002177238
    ],
    "add": [
      0.001947403
    ],
    "_ionic_gspace_jit": [
      0.025626898
    ],
    "compute_V_H_and_V_xc": [
      0.063227415
    ]
  },
  "trace": {
    "convert_element_type": [
      0.000285149,
      0.00020504,
      0.000464201
    ],
    "broadcast_in_dim": [
      0.000239849
    ],
    "_moveaxis": [
      0.000164986,
      0.000105143
    ],
    "fft": [
      0.000222445,
      0.000134945,
      0.00023365
    ],
    "_reduce_prod": [
      0.000457287
    ],
    "sqrt": [
      0.000209332,
      0.00024128,
      0.00014329
    ],
    "multiply": [
      0.000362873,
      0.000310898,
      0.000393152,
      0.00026536,
      0.000267982,
      0.000195742,
      0.000270128,
      0.0003407,
      0.000187874,
      0.000231981,
      0.000262976,
      0.000221014,
      0.000218868,
      0.000221729,
      0.000222206,
      0.00017786,
      0.000258923,
      0.000269175,
      0.000286102,
      0.00020647,
      0.000190735,
      0.000194073,
      0.000183344,
      0.000262022,
      0.000179768,
      0.000244141,
      0.000188351,
      0.000196218,
      0.000195503,
      0.000249386,
      0.000257254,
      0.000201702,
      0.000251055,
      0.00017643,
      0.000181437,
      0.000181437,
      0.00023222,
      0.000325203,
      0.000210285,
      0.000333548
    ],
    "absolute": [
      0.000188589
    ],
    "abs": [
      0.000554085
    ],
    "integer_pow": [
      0.000164509
    ],
    "_reduce_sum": [
      0.000406027,
      0.000290632,
      0.000453711
    ],
    "add": [
      0.000252008,
      0.000207186,
      0.000195265,
      0.000193596,
      0.00024581,
      0.000271082,
      0.000384331,
      0.000201702,
      0.000181198,
      0.000180483,
      0.000183344,
      0.000181913,
      0.000183821,
      0.000234604,
      0.000287294
    ],
    "less": [
      0.001257658,
      0.000273466,
      0.000260592,
      0.000399351
    ],
    "matmul": [
      0.000402689,
      0.001198053
    ],
    "exp": [
      0.00019598,
      0.000137091,
      0.000198841
    ],
    "species_structure_factors": [
      0.009945869
    ],
    "subtract": [
      0.000194073,
      0.000247478,
      0.000263691,
      0.000234127,
      0.00025773,
      0.000231743
    ],
    "true_divide": [
      0.000193357,
      0.000173569,
      0.000226736,
      0.000226498,
      0.000300646,
      0.000211239,
      0.023475885,
      0.000239611,
      0.000188589,
      0.000231743,
      0.000232458
    ],
    "floor": [
      0.000257492
    ],
    "maximum": [
      0.000280142,
      0.000240326,
      0.000279903
    ],
    "minimum": [
      0.000248432,
      0.000233889
    ],
    "clip": [
      0.001079798,
      0.001015663
    ],
    "_broadcast_arrays": [
      9.4891e-05,
      0.000200272,
      0.000183821,
      0.000191689,
      0.000188589
    ],
    "_where": [
      0.000477552,
      0.000664234,
      0.000603676,
      0.000618219,
      0.000617266
    ],
    "_take": [
      0.002497673
    ],
    "greater_equal": [
      0.000193357
    ],
    "less_equal": [
      0.000190973
    ],
    "bitwise_and": [
      0.000192404,
      0.00018692,
      0.000244617,
      0.000185966
    ],
    "interp_uniform_jax": [
      0.016020536
    ],
    "accumulate_species_on_G": [
      0.018196583
    ],
    "real": [
      0.000466347,
      7.081e-05
    ],
    "equal": [
      0.000225782,
      0.000243425,
      0.000226021,
      0.000225306
    ],
    "negative": [
      0.000208139,
      0.000124693,
      0.000121832,
      0.000132561
    ],
    "cos": [
      0.000141382,
      0.000140905
    ],
    "_squeeze": [
      6.9857e-05,
      0.001131773,
      8.3208e-05
    ],
    "_ionic_gspace_jit": [
      0.044048309
    ],
    "_power": [
      0.000293732
    ],
    "log": [
      0.000150204
    ],
    "greater": [
      0.000235558
    ],
    "compute_V_H_and_V_xc": [
      0.184435844
    ]
  },
  "cache_misses": [
    {
      "location": "/global/homes/j/jackm/software/lorrax_B/src/psp/scf_potential.py:147:12",
      "reason": "never seen function: convert_element_type id=140349466786880 defined at /opt/jax/jax/_src/dispatch.py:96"
    },
    {
      "location": "/global/homes/j/jackm/software/lorrax_B/src/psp/scf_potential.py:147:12",
      "reason": "never seen function: broadcast_in_dim id=140349202309312 defined at /opt/jax/jax/_src/dispatch.py:96 but seen another function defined on the same line; maybe the function is being re-defined repeatedly, preventing caching?"
    },
    {
      "location": "/global/homes/j/jackm/software/lorrax_B/src/psp/scf_potential.py:153:16",
      "reason": "never seen function: fft id=140350805213728 defined at /opt/jax/jax/_src/lax/fft.py:68"
    },
    {
      "location": "/global/homes/j/jackm/software/lorrax_B/src/psp/scf_potential.py:153:16",
      "reason": "never seen function: convert_element_type id=140349202562272 defined at /opt/jax/jax/_src/dispatch.py:96 but seen another function defined on the same line; maybe the function is being re-defined repeatedly, preventing caching?"
    },
    {
      "location": "/global/homes/j/jackm/software/lorrax_B/src/psp/scf_potential.py:154:32",
      "reason": "never seen function: integer_pow id=140349201978912 defined at /opt/jax/jax/_src/dispatch.py:96"
    },
    {
      "location": "/global/homes/j/jackm/software/lorrax_B/src/psp/ionic_gspace.py:233:16",
      "reason": "never seen function: species_structure_factors id=140350779956800 defined at /global/homes/j/jackm/software/lorrax_B/src/psp/ionic_gspace.py:31"
    },
    {
      "location": "/global/homes/j/jackm/software/lorrax_B/src/psp/radial/radial_jax.py:152:10",
      "reason": "never seen function: clip id=140350801225152 defined at /opt/jax/jax/_src/numpy/lax_numpy.py:3379"
    },
    {
      "location": "/global/homes/j/jackm/software/lorrax_B/src/psp/radial/radial_jax.py:153:8",
      "reason": "for clip defined at /opt/jax/jax/_src/numpy/lax_numpy.py:3379 never seen input type signature: arr: f64[46080],  min: f64[],  max: f64[] closest seen input type signature has 3 mismatches, including: * at arr, seen i32[46080], but now given f64[46080] * at min, seen i64[], but now given f64[] * at max, seen i64[], but now given f64[]"
    },
    {
      "location": "/global/homes/j/jackm/software/lorrax_B/src/psp/radial/radial_jax.py:155:11",