# Generated by LORRAX 0.1.0 at 2026-05-14 23:03:16 UTC
# Sigma frequency debug decomposition (per-(k, n) diagonals; all energies in eV).
# k               	n               	E_dft           	Edft-Ef         	kin_ion         	V_H             	x_bare          	x_head          	sex_0           	coh_0           	eqp0            	eqp1            

k-point 0:
               0	               0	       -5.697473	       -5.697473	       +1.784418	       +3.287390	      -39.392074	       -2.590893	      -39.392074	       +0.000000	      -73.712339	      -73.712339
               0	               1	       -5.697473	       -5.697473	       +1.784418	       +3.287390	      -39.392074	       -2.590893	      -39.392074	       +0.000000	      -73.712339	      -73.712339
               0	               2	       +6.249018	       +6.249018	      +12.633500	       +4.936185	      -61.587663	       -2.590893	      -61.587663	       +0.000000	     -105.605640	     -105.605640
               0	               3	       +6.249018	       +6.249018	      +12.633500	       +4.936185	      -61.587663	       -2.590893	      -61.587663	       +0.000000	     -105.605640	     -105.605640
               0	               4	       +6.296979	       +6.296979	      +12.685345	       +4.933515	      -61.535610	       -2.590893	      -61.535610	       +0.000000	     -105.452361	     -105.452361
               0	               5	       +6.296979	       +6.296979	      +12.685345	       +4.933515	      -61.535610	       -2.590893	      -61.535610	       +0.000000	     -105.452361	     -105.452361
               0	               6	       +6.296979	       +6.296979	      +12.685345	       +4.933515	      -61.535610	       -2.590893	      -61.535610	       +0.000000	     -105.452361	     -105.452361
               0	               7	       +6.296979	       +6.296979	      +12.685345	       +4.933515	      -61.535610	       -2.590893	      -61.535610	       +0.000000	     -105.452361	     -105.452361
               0	               8	       +8.798077	       +8.798077	      +16.911498	       +2.296730	      -27.072868	       +0.000000	      -27.072868	       +0.000000	      -34.937509	      -34.937509
               0	               9	       +8.798077	       +8.798077	      +16.911498	       +2.296730	      -27.072868	       +0.000000	      -27.072868	       +0.000000	      -34.937509	      -34.937509
               0	              10	       +8.833004	       +8.833004	      +16.953937	       +2.287306	      -26.993886	       +0.000000	      -26.993886	       +0.000000	      -34.746529	      -34.746529
               0	              11	       +8.833004	       +8.833004	      +16.953937	       +2.287306	      -26.993886	       +0.000000	      -26.993886	       +0.000000	      -34.746529	      -34.746529
               0	              12	       +8.833004	       +8.833004	      +16.953937	       +2.287306	      -26.993886	       +0.000000	      -26.993886	       +0.000000	      -34.746529	      -34.746529
               0	              13	       +8.833004	       +8.833004	      +16.953937	       +2.287306	      -26.993886	       +0.000000	      -26.993886	       +0.000000	      -34.746529	      -34.746529
               0	              14	       +9.629144	       +9.629144	      +16.423388	       +4.142714	      -38.467763	       +0.000000	      -38.467763	       +0.000000	      -56.369424	      -56.369424
               0	              15	       +9.629144	       +9.629144	      +16.423388	       +4.142714	      -38.467763	       +0.000000	      -38.467763	       +0.000000	      -56.369424	      -56.369424
               0	              16	      +14.014749	      +14.014749	      +22.123637	       +2.140991	      -34.639718	       +0.000000	      -34.639718	       +0.000000	      -45.014809	      -45.014809
               0	              17	      +14.014749	      +14.014749	      +22.123637	       +2.140991	      -34.639718	       +0.000000	      -34.639718	       +0.000000	      -45.014809	      -45.014809
               0	              18	      +14.014749	      +14.014749	      +22.123637	       +2.140991	      -34.639718	       +0.000000	      -34.639718	       +0.000000	      -45.014809	      -45.014809
               0	              19	      +14.014749	      +14.014749	      +22.123637	       +2.140991	      -34.639718	       +0.000000	      -34.639718	       +0.000000	      -45.014809	      -45.014809
               0	              20	      +14.243035	      +14.243035	      +24.808727	       -0.234665	      -22.606568	       +0.000000	      -22.606568	       +0.000000	      -20.639074	      -20.639074
               0	              21	      +14.243035	      +14.243035	      +24.808727	       -0.234665	      -22.606568	       +0.000000	      -22.606568	       +0.000000	      -20.639074	      -20.639074
               0	              22	      +17.510693	      +17.510693	      +27.642166	       -0.673250	       -8.932775	       +0.000000	       -8.932775	       +0.000000	       +9.103366	       +9.103366
               0	              23	      +17.510693	      +17.510693	      +27.642166	       -0.673250	       -8.932775	       +0.000000	       -8.932775	       +0.000000	       +9.103366	       +9.103366
               0	              24	      +17.521346	      +17.521346	      +27.653119	       -0.672920	       -8.925085	       +0.000000	       -8.925085	       +0.000000	       +9.130028	       +9.130028
               0	              25	      +17.521346	      +17.521346	      +27.653119	       -0.672920	       -8.925085	       +0.000000	       -8.925085	       +0.000000	       +9.130028	       +9.130028
               0	              26	      +17.521346	      +17.521346	      +27.653119	       -0.672920	       -8.925085	       +0.000000	       -8.925085	       +0.000000	       +9.130028	       +9.130028
               0	              27	      +17.521346	      +17.521346	      +27.653119	       -0.672920	       -8.925085	       +0.000000	       -8.925085	       +0.000000	       +9.130028	       +9.130028
               0	              28	      +21.692462	      +21.692462	      +33.700229	       -1.480048	      -10.489981	       +0.000000	      -10.489981	       +0.000000	      +11.240221	      +11.240221
               0	              29	      +21.692462	      +21.692462	      +33.700229	       -1.480048	      -10.489981	       +0.000000	      -10.489981	       +0.000000	      +11.240221	      +11.240221
               0	              30	      +29.380858	      +29.380858	      +37.182134	       +3.968203	      -52.193843	       +0.000000	      -52.193843	       +0.000000	      -63.237348	      -63.237348
               0	              31	      +29.380858	      +29.380858	      +37.182134	       +3.968203	      -52.193843	       +0.000000	      -52.193843	       +0.000000	      -63.237348	      -63.237348
               0	              32	      +29.382576	      +29.382576	      +37.185081	       +3.968099	      -52.192940	       +0.000000	      -52.192940	       +0.000000	      -63.232699	      -63.232699
               0	              33	      +29.382576	      +29.382576	      +37.185081	       +3.968099	      -52.192940	       +0.000000	      -52.192940	       +0.000000	      -63.232699	      -63.232699
               0	              34	      +29.382576	      +29.382576	      +37.185081	       +3.968099	      -52.192940	       +0.000000	      -52.192940	       +0.000000	      -63.232699	      -63.232699
               0	              35	      +29.382576	      +29.382576	      +37.185081	       +3.968099	      -52.192940	       +0.000000	      -52.192940	       +0.000000	      -63.232699	      -63.232699
               0	              36	      +30.461597	      +30.461597	      +37.546233	       +3.763717	      -41.077756	       +0.000000	      -41.077756	       +0.000000	      -40.845563	      -40.845563
               0	              37	      +30.461597	      +30.461597	      +37.546233	       +3.763717	      -41.077756	       +0.000000	      -41.077756	       +0.000000	      -40.845563	      -40.845563
               0	              38	      +30.461597	      +30.461597	      +37.546233	       +3.763717	      -41.077756	       +0.000000	      -41.077756	       +0.000000	      -40.845563	      -40.845563
               0	              39	      +30.461597	      +30.461597	      +37.546233	       +3.763717	      -41.077756	       +0.000000	      -41.077756	       +0.000000	      -40.845563	      -40.845563
               0	              40	      +32.042974	      +32.042974	      +39.365443	       +2.324747	      -71.861465	       +0.000000	      -71.861465	       +0.000000	     -102.032739	     -102.032739
               0	              41	      +32.042974	      +32.042974	      +39.365443	       +2.324747	      -71.861465	       +0.000000	      -71.861465	       +0.000000	     -102.032739	     -102.032739
               0	              42	      +32.127743	      +32.127743	      +39.444209	       +2.351515	      -71.989456	       +0.000000	      -71.989456	       +0.000000	     -102.183189	     -102.183189
               0	              43	      +32.127743	      +32.127743	      +39.444209	       +2.351515	      -71.989456	       +0.000000	      -71.989456	       +0.000000	     -102.183189	     -102.183189
               0	              44	      +32.127743	      +32.127743	      +39.444209	       +2.351515	      -71.989456	       +0.000000	      -71.989456	       +0.000000	     -102.183189	     -102.183189
               0	              45	      +32.127743	      +32.127743	      +39.444209	       +2.351515	      -71.989456	       +0.000000	      -71.989456	       +0.000000	     -102.183189	     -102.183189
               0	              46	      +35.634539	      +35.634539	      +43.772073	       +1.333560	      -24.558463	       +0.000000	      -24.558463	       +0.000000	       -4.011293	       -4.011293
               0	              47	      +35.634539	      +35.634539	      +43.772073	       +1.333560	      -24.558463	       +0.000000	      -24.558463	       +0.000000	       -4.011293	       -4.011293
               0	              48	      +35.634539	      +35.634539	      +43.772073	       +1.333560	      -24.558463	       +0.000000	      -24.558463	       +0.000000	       -4.011293	       -4.011293
               0	              49	      +35.634539	      +35.634539	      +43.772073	       +1.333560	      -24.558463	       +0.000000	      -24.558463	       +0.000000	       -4.011293	       -4.011293
               0	              50	      +35.634539	      +35.634539	      +43.772073	       +1.333560	      -24.558463	       +0.000000	      -24.558463	       +0.000000	       -4.011293	       -4.011293
               0	              51	      +35.634539	      +35.634539	      +43.772073	       +1.333560	      -24.558463	       +0.000000	      -24.558463	       +0.000000	       -4.011293	       -4.011293
               0	              52	      +41.091725	      +41.091725	      +49.401277	       +2.129698	      -39.479670	       +0.000000	      -39.479670	       +0.000000	      -27.428365	      -27.428365
               0	              53	      +41.091725	      +41.091725	      +49.401277	       +2.129698	      -39.479670	       +0.000000	      -39.479670	       +0.000000	      -27.428365	      -27.428365
               0	              54	      +41.091725	      +41.091725	      +49.401277	       +2.129698	      -39.479670	       +0.000000	      -39.479670	       +0.000000	      -27.428365	      -27.428365
               0	              55	      +41.091725	      +41.091725	      +49.401277	       +2.129698	      -39.479670	       +0.000000	      -39.479670	       +0.000000	      -27.428365	      -27.428365

k-point 1:
               1	               0	       -4.897281	       -4.897281	       +2.488940	       +3.420353	      -42.142136	       -2.590893	      -42.142136	       +0.000000	      -78.374978	      -78.374978
               1	               1	       -4.897281	       -4.897281	       +2.488940	       +3.420353	      -42.142136	       -2.590893	      -42.142136	       +0.000000	      -78.374978	      -78.374978
               1	               2	       +2.340153	       +2.340153	       +9.569372	       +3.654790	      -46.999396	       -2.590893	      -46.999396	       +0.000000	      -80.774630	      -80.774630
               1	               3	       +2.340153	       +2.340153	       +9.569372	       +3.654790	      -46.999396	       -2.590893	      -46.999396	       +0.000000	      -80.774630	      -80.774630
               1	               4	       +5.498636	       +5.498636	      +12.205874	       +4.434230	      -56.952610	       -2.590893	      -56.952610	       +0.000000	      -97.265116	      -97.265116
               1	               5	       +5.498636	       +5.498636	      +12.205874	       +4.434230	      -56.952610	       -2.590893	      -56.952610	       +0.000000	      -97.265116	      -97.265116
               1	               6	       +5.529910	       +5.529910	      +12.240703	       +4.430578	      -56.890023	       -2.590893	      -56.890023	       +0.000000	      -97.108765	      -97.108765
               1	               7	       +5.529910	       +5.529910	      +12.240703	       +4.430578	      -56.890023	       -2.590893	      -56.890023	       +0.000000	      -97.108765	      -97.108765
               1	               8	       +8.294527	       +8.294527	      +16.190612	       +2.703970	      -33.554093	       +0.000000	      -33.554093	       +0.000000	      -48.213604	      -48.213604
               1	               9	       +8.294527	       +8.294527	      +16.190612	       +2.703970	      -33.554093	       +0.000000	      -33.554093	       +0.000000	      -48.213604	      -48.213604
               1	              10	       +9.757278	       +9.757278	      +17.800925	       +2.392755	      -31.324965	       +0.000000	      -31.324965	       +0.000000	      -42.456250	      -42.456250
               1	              11	       +9.757278	       +9.757278	      +17.800925	       +2.392755	      -31.324965	       +0.000000	      -31.324965	       +0.000000	      -42.456250	      -42.456250
               1	              12	       +9.778784	       +9.778784	      +17.827455	       +2.386363	      -31.289453	       +0.000000	      -31.289453	       +0.000000	      -42.365088	      -42.365088
               1	              13	       +9.778784	       +9.778784	      +17.827455	       +2.386363	      -31.289453	       +0.000000	      -31.289453	       +0.000000	      -42.365088	      -42.365088
               1	              14	      +13.191998	      +13.191998	      +20.589607	       +3.502226	      -38.588855	       +0.000000	      -38.588855	       +0.000000	      -53.085877	      -53.085877
               1	              15	      +13.191998	      +13.191998	      +20.589607	       +3.502226	      -38.588855	       +0.000000	      -38.588855	       +0.000000	      -53.085877	      -53.085877
               1	              16	      +13.473781	      +13.473781	      +22.044043	       +1.579691	      -30.783261	       +0.000000	      -30.783261	       +0.000000	      -37.942789	      -37.942789
               1	              17	      +13.473781	      +13.473781	      +22.044043	       +1.579691	      -30.783261	       +0.000000	      -30.783261	       +0.000000	      -37.942789	      -37.942789
               1	              18	      +13.476682	      +13.476682	      +22.045540	       +1.582048	      -30.791396	       +0.000000	      -30.791396	       +0.000000	      -37.955205	      -37.955205
               1	              19	      +13.476682	      +13.476682	      +22.045540	       +1.582048	      -30.791396	       +0.000000	      -30.791396	       +0.000000	      -37.955205	      -37.955205
               1	              20	      +15.270821	      +15.270821	      +25.770274	       -0.484085	      -16.728143	       +0.000000	      -16.728143	       +0.000000	       -8.170098	       -8.170098
               1	              21	      +15.270821	      +15.270821	      +25.770274	       -0.484085	      -16.728143	       +0.000000	      -16.728143	       +0.000000	       -8.170098	       -8.170098
               1	              22	      +18.122226	      +18.122226	      +27.697220	       +0.992109	      -26.376691	       +0.000000	      -26.376691	       +0.000000	      -24.064052	      -24.064052
               1	              23	      +18.122226	      +18.122226	      +27.697220	       +0.992109	      -26.376691	       +0.000000	      -26.376691	       +0.000000	      -24.064052	      -24.064052
               1	              24	      +20.916820	      +20.916820	      +29.693906	       +1.152556	      -18.476810	       +0.000000	      -18.476810	       +0.000000	       -6.107159	       -6.107159
               1	              25	      +20.916820	      +20.916820	      +29.693906	       +1.152556	      -18.476810	       +0.000000	      -18.476810	       +0.000000	       -6.107159	       -6.107159
               1	              26	      +20.923626	      +20.923626	      +29.702791	       +1.150639	      -18.456335	       +0.000000	      -18.456335	       +0.000000	       -6.059240	       -6.059240
               1	              27	      +20.923626	      +20.923626	      +29.702791	       +1.150639	      -18.456335	       +0.000000	      -18.456335	       +0.000000	       -6.059240	       -6.059240
               1	              28	      +24.149045	      +24.149045	      +32.553099	       +2.138364	      -40.637856	       +0.000000	      -40.637856	       +0.000000	      -46.584248	      -46.584248
               1	              29	      +24.149045	      +24.149045	      +32.553099	       +2.138364	      -40.637856	       +0.000000	      -40.637856	       +0.000000	      -46.584248	      -46.584248
               1	              30	      +24.160338	      +24.160338	      +32.564892	       +2.141778	      -40.603361	       +0.000000	      -40.603361	       +0.000000	      -46.500051	      -46.500051
               1	              31	      +24.160338	      +24.160338	      +32.564892	       +2.141778	      -40.603361	       +0.000000	      -40.603361	       +0.000000	      -46.500051	      -46.500051
               1	              32	      +24.284860	      +24.284860	      +32.671624	       +2.209409	      -34.858599	       +0.000000	      -34.858599	       +0.000000	      -34.836165	      -34.836165
               1	              33	      +24.284860	      +24.284860	      +32.671624	       +2.209409	      -34.858599	       +0.000000	      -34.858599	       +0.000000	      -34.836165	      -34.836165
               1	              34	      +26.372016	      +26.372016	      +37.102695	       -0.514749	      -25.225082	       +0.000000	      -25.225082	       +0.000000	      -13.862217	      -13.862217
               1	              35	      +26.372016	      +26.372016	      +37.102695	       -0.514749	      -25.225082	       +0.000000	      -25.225082	       +0.000000	      -13.862217	      -13.862217
               1	              36	      +30.301567	      +30.301567	      +37.612991	       +3.997351	      -46.156812	       +0.000000	      -46.156812	       +0.000000	      -50.703282	      -50.703282
               1	              37	      +30.301567	      +30.301567	      +37.612991	       +3.997351	      -46.156812	       +0.000000	      -46.156812	       +0.000000	      -50.703282	      -50.703282
               1	              38	      +30.302563	      +30.302563	      +37.614041	       +3.997654	      -46.155621	       +0.000000	      -46.155621	       +0.000000	      -50.699547	      -50.699547
               1	              39	      +30.302563	      +30.302563	      +37.614041	       +3.997654	      -46.155621	       +0.000000	      -46.155621	       +0.000000	      -50.699547	      -50.699547
               1	              40	      +32.945319	      +32.945319	      +40.115593	       +2.871728	      -74.433760	       +0.000000	      -74.433760	       +0.000000	     -105.880198	     -105.880198
               1	              41	      +32.945319	      +32.945319	      +40.115593	       +2.871728	      -74.433760	       +0.000000	      -74.433760	       +0.000000	     -105.880198	     -105.880198
               1	              42	      +32.986328	      +32.986328	      +40.151862	       +2.889219	      -74.527408	       +0.000000	      -74.527408	       +0.000000	     -106.013735	     -106.013735
               1	              43	      +32.986328	      +32.986328	      +40.151862	       +2.889219	      -74.527408	       +0.000000	      -74.527408	       +0.000000	     -106.013735	     -106.013735
               1	              44	      +34.149826	      +34.149826	      +41.423286	       +4.209122	      -69.426363	       +0.000000	      -69.426363	       +0.000000	      -93.220318	      -93.220318
               1	              45	      +34.149826	      +34.149826	      +41.423286	       +4.209122	      -69.426363	       +0.000000	      -69.426363	       +0.000000	      -93.220318	      -93.220318
               1	              46	      +35.732341	      +35.732341	      +44.704423	       +0.765422	      -33.629208	       +0.000000	      -33.629208	       +0.000000	      -21.788570	      -21.788570
               1	              47	      +35.732341	      +35.732341	      +44.704423	       +0.765422	      -33.629208	       +0.000000	      -33.629208	       +0.000000	      -21.788570	      -21.788570
               1	              48	      +36.350067	      +36.350067	      +44.320011	       +1.556681	      -26.244356	       +0.000000	      -26.244356	       +0.000000	       -6.612020	       -6.612020
               1	              49	      +36.350067	      +36.350067	      +44.320011	       +1.556681	      -26.244356	       +0.000000	      -26.244356	       +0.000000	       -6.612020	       -6.612020
               1	              50	      +38.139382	      +38.139382	      +47.170801	       -0.467709	      -31.644010	       +0.000000	      -31.644010	       +0.000000	      -16.584929	      -16.584929
               1	              51	      +38.139382	      +38.139382	      +47.170801	       -0.467709	      -31.644010	       +0.000000	      -31.644010	       +0.000000	      -16.584929	      -16.584929
               1	              52	      +38.146252	      +38.146252	      +47.178132	       -0.472007	      -31.641334	       +0.000000	      -31.641334	       +0.000000	      -16.576543	      -16.576543
               1	              53	      +38.146252	      +38.146252	      +47.178132	       -0.472007	      -31.641334	       +0.000000	      -31.641334	       +0.000000	      -16.576543	      -16.576543
               1	              54	      +39.729174	      +39.729174	      +48.601542	       +0.610789	      -31.632155	       +0.000000	      -31.632155	       +0.000000	      -14.051980	      -14.051980
               1	              55	      +39.729174	      +39.729174	      +48.601542	       +0.610789	      -31.632155	       +0.000000	      -31.632155	       +0.000000	      -14.051980	      -14.051980

k-point 2:
               2	               0	       -3.363337	       -3.363337	       +3.633621	       +3.959495	      -47.126904	       -2.590893	      -47.126904	       +0.000000	      -86.660691	      -86.660691
               2	               1	       -3.363337	       -3.363337	       +3.633621	       +3.959495	      -47.126904	       -2.590893	      -47.126904	       +0.000000	      -86.660691	      -86.660691
               2	               2	       -0.707388	       -0.707388	       +7.102608	       +2.840054	      -42.395356	       -2.590893	      -42.395356	       +0.000000	      -74.848049	      -74.848049
               2	               3	       -0.707388	       -0.707388	       +7.102608	       +2.840054	      -42.395356	       -2.590893	      -42.395356	       +0.000000	      -74.848049	      -74.848049
               2	               4	       +5.057478	       +5.057478	      +11.805867	       +4.361332	      -57.150311	       -2.590893	      -57.150311	       +0.000000	      -98.133422	      -98.133422
               2	               5	       +5.057478	       +5.057478	      +11.805867	       +4.361332	      -57.150311	       -2.590893	      -57.150311	       +0.000000	      -98.133422	      -98.133422
               2	               6	       +5.089201	       +5.089201	      +11.840536	       +4.358541	      -57.105345	       -2.590893	      -57.105345	       +0.000000	      -98.011613	      -98.011613
               2	               7	       +5.089201	       +5.089201	      +11.840536	       +4.358541	      -57.105345	       -2.590893	      -57.105345	       +0.000000	      -98.011613	      -98.011613
               2	               8	       +7.805252	       +7.805252	      +15.693240	       +2.729049	      -35.815841	       +0.000000	      -35.815841	       +0.000000	      -53.209393	      -53.209393
               2	               9	       +7.805252	       +7.805252	      +15.693240	       +2.729049	      -35.815841	       +0.000000	      -35.815841	       +0.000000	      -53.209393	      -53.209393
               2	              10	       +9.594435	       +9.594435	      +18.157970	       +1.615243	      -27.081572	       +0.000000	      -27.081572	       +0.000000	      -34.389930	      -34.389930
               2	              11	       +9.594435	       +9.594435	      +18.157970	       +1.615243	      -27.081572	       +0.000000	      -27.081572	       +0.000000	      -34.389930	      -34.389930
               2	              12	       +9.608883	       +9.608883	      +18.178264	       +1.607231	      -27.041923	       +0.000000	      -27.041923	       +0.000000	      -34.298351	      -34.298351
               2	              13	       +9.608883	       +9.608883	      +18.178264	       +1.607231	      -27.041923	       +0.000000	      -27.041923	       +0.000000	      -34.298351	      -34.298351
               2	              14	      +14.000431	      +14.000431	      +24.734065	       -0.825447	       -8.962459	       +0.000000	       -8.962459	       +0.000000	       +5.983701	       +5.983701
               2	              15	      +14.000431	      +14.000431	      +24.734065	       -0.825447	       -8.962459	       +0.000000	       -8.962459	       +0.000000	       +5.983701	       +5.983701
               2	              16	      +16.847036	      +16.847036	      +24.686363	       +2.484182	      -41.847202	       +0.000000	      -41.847202	       +0.000000	      -56.523859	      -56.523859
               2	              17	      +16.847036	      +16.847036	      +24.686363	       +2.484182	      -41.847202	       +0.000000	      -41.847202	       +0.000000	      -56.523859	      -56.523859
               2	              18	      +16.847357	      +16.847357	      +24.686458	       +2.484651	      -41.848634	       +0.000000	      -41.848634	       +0.000000	      -56.526158	      -56.526158
               2	              19	      +16.847357	      +16.847357	      +24.686458	       +2.484651	      -41.848634	       +0.000000	      -41.848634	       +0.000000	      -56.526158	      -56.526158
               2	              20	      +17.601364	      +17.601364	      +25.689705	       +2.685238	      -31.827829	       +0.000000	      -31.827829	       +0.000000	      -35.280715	      -35.280715
               2	              21	      +17.601364	      +17.601364	      +25.689705	       +2.685238	      -31.827829	       +0.000000	      -31.827829	       +0.000000	      -35.280715	      -35.280715
               2	              22	      +17.629254	      +17.629254	      +25.707355	       +2.637741	      -29.606509	       +0.000000	      -29.606509	       +0.000000	      -30.867922	      -30.867922
               2	              23	      +17.629254	      +17.629254	      +25.707355	       +2.637741	      -29.606509	       +0.000000	      -29.606509	       +0.000000	      -30.867922	      -30.867922
               2	              24	      +17.653774	      +17.653774	      +25.791584	       +3.020450	      -44.839066	       +0.000000	      -44.839066	       +0.000000	      -60.866099	      -60.866099
               2	              25	      +17.653774	      +17.653774	      +25.791584	       +3.020450	      -44.839066	       +0.000000	      -44.839066	       +0.000000	      -60.866099	      -60.866099
               2	              26	      +19.282203	      +19.282203	      +26.815465	       +3.285936	      -38.153500	       +0.000000	      -38.153500	       +0.000000	      -46.205599	      -46.205599
               2	              27	      +19.282203	      +19.282203	      +26.815465	       +3.285936	      -38.153500	       +0.000000	      -38.153500	       +0.000000	      -46.205599	      -46.205599
               2	              28	      +25.679276	      +25.679276	      +33.696690	       +3.334740	      -32.278921	       +0.000000	      -32.278921	       +0.000000	      -27.526413	      -27.526413
               2	              29	      +25.679276	      +25.679276	      +33.696690	       +3.334740	      -32.278921	       +0.000000	      -32.278921	       +0.000000	      -27.526413	      -27.526413
               2	              30	      +26.283133	      +26.283133	      +35.172270	       +0.697716	      -54.804970	       +0.000000	      -54.804970	       +0.000000	      -73.739954	      -73.739954
               2	              31	      +26.283133	      +26.283133	      +35.172270	       +0.697716	      -54.804970	       +0.000000	      -54.804970	       +0.000000	      -73.739954	      -73.739954
               2	              32	      +27.933114	      +27.933114	      +37.233656	       +1.112074	      -25.911086	       +0.000000	      -25.911086	       +0.000000	      -13.476441	      -13.476441
               2	              33	      +27.933114	      +27.933114	      +37.233656	       +1.112074	      -25.911086	       +0.000000	      -25.911086	       +0.000000	      -13.476441	      -13.476441
               2	              34	      +27.934439	      +27.934439	      +37.237240	       +1.109551	      -25.878487	       +0.000000	      -25.878487	       +0.000000	      -13.410183	      -13.410183
               2	              35	      +27.934439	      +27.934439	      +37.237240	       +1.109551	      -25.878487	       +0.000000	      -25.878487	       +0.000000	      -13.410183	      -13.410183
               2	              36	      +28.087026	      +28.087026	      +35.955076	       +2.199123	      -25.815554	       +0.000000	      -25.815554	       +0.000000	      -13.476909	      -13.476909
               2	              37	      +28.087026	      +28.087026	      +35.955076	       +2.199123	      -25.815554	       +0.000000	      -25.815554	       +0.000000	      -13.476909	      -13.476909
               2	              38	      +28.094614	      +28.094614	      +35.961050	       +2.203783	      -25.828744	       +0.000000	      -25.828744	       +0.000000	      -13.492656	      -13.492656
               2	              39	      +28.094614	      +28.094614	      +35.961050	       +2.203783	      -25.828744	       +0.000000	      -25.828744	       +0.000000	      -13.492656	      -13.492656
               2	              40	      +32.007308	      +32.007308	      +42.183624	       +1.310834	      -16.049865	       +0.000000	      -16.049865	       +0.000000	      +11.394729	      +11.394729
               2	              41	      +32.007308	      +32.007308	      +42.183624	       +1.310834	      -16.049865	       +0.000000	      -16.049865	       +0.000000	      +11.394729	      +11.394729
               2	              42	      +32.719897	      +32.719897	      +41.046060	       +1.593405	      -57.514032	       +0.000000	      -57.514032	       +0.000000	      -72.388599	      -72.388599
               2	              43	      +32.719897	      +32.719897	      +41.046060	       +1.593405	      -57.514032	       +0.000000	      -57.514032	       +0.000000	      -72.388599	      -72.388599
               2	              44	      +32.720678	      +32.720678	      +41.045233	       +1.597102	      -57.547108	       +0.000000	      -57.547108	       +0.000000	      -72.451882	      -72.451882
               2	              45	      +32.720678	      +32.720678	      +41.045233	       +1.597102	      -57.547108	       +0.000000	      -57.547108	       +0.000000	      -72.451882	      -72.451882
               2	              46	      +33.750627	      +33.750627	      +40.763040	       +3.297485	      -81.475836	       +0.000000	      -81.475836	       +0.000000	     -118.891146	     -118.891146
               2	              47	      +33.750627	      +33.750627	      +40.763040	       +3.297485	      -81.475836	       +0.000000	      -81.475836	       +0.000000	     -118.891146	     -118.891146
               2	              48	      +33.789908	      +33.789908	      +40.793621	       +3.323560	      -81.638216	       +0.000000	      -81.638216	       +0.000000	     -119.159251	     -119.159251
               2	              49	      +33.789908	      +33.789908	      +40.793621	       +3.323560	      -81.638216	       +0.000000	      -81.638216	       +0.000000	     -119.159251	     -119.159251
               2	              50	      +34.628896	      +34.628896	      +45.905551	       -2.761749	      -13.472211	       +0.000000	      -13.472211	       +0.000000	      +16.199380	      +16.199380
               2	              51	      +34.628896	      +34.628896	      +45.905551	       -2.761749	      -13.472211	       +0.000000	      -13.472211	       +0.000000	      +16.199380	      +16.199380
               2	              52	      +37.451043	      +37.451043	      +44.953050	       +2.089681	      -27.717494	       +0.000000	      -27.717494	       +0.000000	       -8.392258	       -8.392258
               2	              53	      +37.451043	      +37.451043	      +44.953050	       +2.089681	      -27.717494	       +0.000000	      -27.717494	       +0.000000	       -8.392258	       -8.392258
               2	              54	      +38.629060	      +38.629060	      +48.127022	       -1.817565	      -15.996680	       +0.000000	      -15.996680	       +0.000000	      +14.316097	      +14.316097
               2	              55	      +38.629060	      +38.629060	      +48.127022	       -1.817565	      -15.996680	       +0.000000	      -15.996680	       +0.000000	      +14.316097	      +14.316097

k-point 3:
               3	               0	       -4.897281	       -4.897281	       +2.488941	       +3.420353	      -42.345977	       -2.590893	      -42.345977	       +0.000000	      -78.782660	      -78.782660
               3	               1	       -4.897281	       -4.897281	       +2.488941	       +3.420353	      -42.345977	       -2.590893	      -42.345977	       +0.000000	      -78.782660	      -78.782660
               3	               2	       +2.340153	       +2.340153	       +9.569374	       +3.654790	      -46.854569	       -2.590893	      -46.854569	       +0.000000	      -80.484974	      -80.484974
               3	               3	       +2.340153	       +2.340153	       +9.569374	       +3.654790	      -46.854569	       -2.590893	      -46.854569	       +0.000000	      -80.484974	      -80.484974
               3	               4	       +5.498636	       +5.498636	      +12.205955	       +4.434230	      -57.820905	       -2.590893	      -57.820905	       +0.000000	      -99.001625	      -99.001625
               3	               5	       +5.498636	       +5.498636	      +12.205955	       +4.434230	      -57.820905	       -2.590893	      -57.820905	       +0.000000	      -99.001625	      -99.001625
               3	               6	       +5.529910	       +5.529910	      +12.240624	       +4.430578	      -57.760268	       -2.590893	      -57.760268	       +0.000000	      -98.849333	      -98.849333
               3	               7	       +5.529910	       +5.529910	      +12.240624	       +4.430578	      -57.760268	       -2.590893	      -57.760268	       +0.000000	      -98.849333	      -98.849333
               3	               8	       +8.294527	       +8.294527	      +16.190613	       +2.703970	      -33.996306	       +0.000000	      -33.996306	       +0.000000	      -49.098029	      -49.098029
               3	               9	       +8.294527	       +8.294527	      +16.190613	       +2.703970	      -33.996306	       +0.000000	      -33.996306	       +0.000000	      -49.098029	      -49.098029
               3	              10	       +9.757278	       +9.757278	      +17.800980	       +2.392755	      -31.056793	       +0.000000	      -31.056793	       +0.000000	      -41.919850	      -41.919850
               3	              11	       +9.757278	       +9.757278	      +17.800980	       +2.392755	      -31.056793	       +0.000000	      -31.056793	       +0.000000	      -41.919850	      -41.919850
               3	              12	       +9.778784	       +9.778784	      +17.827400	       +2.386363	      -31.023553	       +0.000000	      -31.023553	       +0.000000	      -41.833342	      -41.833342
               3	              13	       +9.778784	       +9.778784	      +17.827400	       +2.386363	      -31.023553	       +0.000000	      -31.023553	       +0.000000	      -41.833342	      -41.833342
               3	              14	      +13.191998	      +13.191998	      +20.589607	       +3.502226	      -38.711475	       +0.000000	      -38.711475	       +0.000000	      -53.331117	      -53.331117
               3	              15	      +13.191998	      +13.191998	      +20.589607	       +3.502226	      -38.711475	       +0.000000	      -38.711475	       +0.000000	      -53.331117	      -53.331117
               3	              16	      +13.473781	      +13.473781	      +22.044050	       +1.579691	      -29.955638	       +0.000000	      -29.955638	       +0.000000	      -36.287534	      -36.287534
               3	              17	      +13.473781	      +13.473781	      +22.044050	       +1.579691	      -29.955638	       +0.000000	      -29.955638	       +0.000000	      -36.287534	      -36.287534
               3	              18	      +13.476682	      +13.476682	      +22.045533	       +1.582048	      -29.958708	       +0.000000	      -29.958708	       +0.000000	      -36.289835	      -36.289835
               3	              19	      +13.476682	      +13.476682	      +22.045533	       +1.582048	      -29.958708	       +0.000000	      -29.958708	       +0.000000	      -36.289835	      -36.289835
               3	              20	      +15.270821	      +15.270821	      +25.770274	       -0.484085	      -17.364232	       +0.000000	      -17.364232	       +0.000000	       -9.442277	       -9.442277
               3	              21	      +15.270821	      +15.270821	      +25.770274	       -0.484085	      -17.364232	       +0.000000	      -17.364232	       +0.000000	       -9.442277	       -9.442277
               3	              22	      +18.122226	      +18.122226	      +27.697221	       +0.992109	      -26.357679	       +0.000000	      -26.357679	       +0.000000	      -24.026027	      -24.026027
               3	              23	      +18.122226	      +18.122226	      +27.697221	       +0.992109	      -26.357679	       +0.000000	      -26.357679	       +0.000000	      -24.026027	      -24.026027
               3	              24	      +20.916820	      +20.916820	      +29.693923	       +1.152556	      -18.600305	       +0.000000	      -18.600305	       +0.000000	       -6.354131	       -6.354131
               3	              25	      +20.916820	      +20.916820	      +29.693923	       +1.152556	      -18.600305	       +0.000000	      -18.600305	       +0.000000	       -6.354131	       -6.354131
               3	              26	      +20.923626	      +20.923626	      +29.702774	       +1.150639	      -18.579072	       +0.000000	      -18.579072	       +0.000000	       -6.304731	       -6.304731
               3	              27	      +20.923626	      +20.923626	      +29.702774	       +1.150639	      -18.579072	       +0.000000	      -18.579072	       +0.000000	       -6.304731	       -6.304731
               3	              28	      +24.149045	      +24.149045	      +32.553140	       +2.138364	      -41.311847	       +0.000000	      -41.311847	       +0.000000	      -47.932189	      -47.932189
               3	              29	      +24.149045	      +24.149045	      +32.553140	       +2.138364	      -41.311847	       +0.000000	      -41.311847	       +0.000000	      -47.932188	      -47.932188
               3	              30	      +24.160338	      +24.160338	      +32.564865	       +2.141778	      -41.283798	       +0.000000	      -41.283798	       +0.000000	      -47.860952	      -47.860952
               3	              31	      +24.160338	      +24.160338	      +32.564865	       +2.141778	      -41.283798	       +0.000000	      -41.283798	       +0.000000	      -47.860952	      -47.860952
               3	              32	      +24.284860	      +24.284860	      +32.671612	       +2.209409	      -35.102252	       +0.000000	      -35.102252	       +0.000000	      -35.323483	      -35.323483
               3	              33	      +24.284860	      +24.284860	      +32.671612	       +2.209409	      -35.102252	       +0.000000	      -35.102252	       +0.000000	      -35.323483	      -35.323483
               3	              34	      +26.372016	      +26.372016	      +37.102695	       -0.514749	      -25.321123	       +0.000000	      -25.321123	       +0.000000	      -14.054299	      -14.054299
               3	              35	      +26.372016	      +26.372016	      +37.102695	       -0.514749	      -25.321123	       +0.000000	      -25.321123	       +0.000000	      -14.054299	      -14.054299
               3	              36	      +30.301567	      +30.301567	      +37.612994	       +3.997352	      -46.752502	       +0.000000	      -46.752502	       +0.000000	      -51.894659	      -51.894659
               3	              37	      +30.301567	      +30.301567	      +37.612994	       +3.997352	      -46.752502	       +0.000000	      -46.752502	       +0.000000	      -51.894659	      -51.894659
               3	              38	      +30.302563	      +30.302563	      +37.614038	       +3.997653	      -46.756416	       +0.000000	      -46.756416	       +0.000000	      -51.901141	      -51.901141
               3	              39	      +30.302563	      +30.302563	      +37.614038	       +3.997653	      -46.756416	       +0.000000	      -46.756416	       +0.000000	      -51.901141	      -51.901141
               3	              40	      +32.945319	      +32.945319	      +40.115700	       +2.871728	      -74.890994	       +0.000000	      -74.890994	       +0.000000	     -106.794560	     -106.794560
               3	              41	      +32.945319	      +32.945319	      +40.115700	       +2.871728	      -74.890994	       +0.000000	      -74.890994	       +0.000000	     -106.794560	     -106.794560
               3	              42	      +32.986328	      +32.986328	      +40.151758	       +2.889219	      -74.995568	       +0.000000	      -74.995568	       +0.000000	     -106.950158	     -106.950158
               3	              43	      +32.986328	      +32.986328	      +40.151758	       +2.889219	      -74.995568	       +0.000000	      -74.995568	       +0.000000	     -106.950158	     -106.950158
               3	              44	      +34.149826	      +34.149826	      +41.423286	       +4.209122	      -68.553490	       +0.000000	      -68.553490	       +0.000000	      -91.474572	      -91.474572
               3	              45	      +34.149826	      +34.149826	      +41.423286	       +4.209122	      -68.553490	       +0.000000	      -68.553490	       +0.000000	      -91.474572	      -91.474572
               3	              46	      +35.732341	      +35.732341	      +44.704422	       +0.765422	      -32.721858	       +0.000000	      -32.721858	       +0.000000	      -19.973873	      -19.973873
               3	              47	      +35.732341	      +35.732341	      +44.704422	       +0.765422	      -32.721858	       +0.000000	      -32.721858	       +0.000000	      -19.973873	      -19.973873
               3	              48	      +36.350067	      +36.350067	      +44.320011	       +1.556681	      -26.018836	       +0.000000	      -26.018836	       +0.000000	       -6.160980	       -6.160980
               3	              49	      +36.350067	      +36.350067	      +44.320011	       +1.556681	      -26.018836	       +0.000000	      -26.018836	       +0.000000	       -6.160980	       -6.160980
               3	              50	      +38.139382	      +38.139382	      +47.170819	       -0.467709	      -31.627500	       +0.000000	      -31.627500	       +0.000000	      -16.551890	      -16.551890
               3	              51	      +38.139382	      +38.139382	      +47.170819	       -0.467709	      -31.627500	       +0.000000	      -31.627500	       +0.000000	      -16.551890	      -16.551890
               3	              52	      +38.146252	      +38.146252	      +47.178115	       -0.472007	      -31.630789	       +0.000000	      -31.630789	       +0.000000	      -16.555469	      -16.555469
               3	              53	      +38.146252	      +38.146252	      +47.178115	       -0.472007	      -31.630789	       +0.000000	      -31.630789	       +0.000000	      -16.555469	      -16.555469
               3	              54	      +39.729174	      +39.729174	      +48.601556	       +0.610788	      -32.401217	       +0.000000	      -32.401217	       +0.000000	      -15.590091	      -15.590091
               3	              55	      +39.729174	      +39.729174	      +48.601556	       +0.610788	      -32.401217	       +0.000000	      -32.401217	       +0.000000	      -15.590091	      -15.590091

k-point 4:
               4	               0	       -4.897281	       -4.897281	       +2.488941	       +3.419332	      -42.204758	       -2.590893	      -42.204758	       +0.000000	      -78.501244	      -78.501244
               4	               1	       -4.897281	       -4.897281	       +2.488941	       +3.419332	      -42.204758	       -2.590893	      -42.204758	       +0.000000	      -78.501244	      -78.501244
               4	               2	       +2.340153	       +2.340153	       +9.569374	       +3.664203	      -47.219704	       -2.590893	      -47.219704	       +0.000000	      -81.205832	      -81.205832
               4	               3	       +2.340153	       +2.340153	       +9.569374	       +3.664203	      -47.219704	       -2.590893	      -47.219704	       +0.000000	      -81.205832	      -81.205832
               4	               4	       +5.498636	       +5.498636	      +12.205955	       +4.429253	      -56.907141	       -2.590893	      -56.907141	       +0.000000	      -97.179074	      -97.179074
               4	               5	       +5.498636	       +5.498636	      +12.205955	       +4.429253	      -56.907141	       -2.590893	      -56.907141	       +0.000000	      -97.179074	      -97.179074
               4	               6	       +5.529910	       +5.529910	      +12.240624	       +4.425612	      -56.851676	       -2.590893	      -56.851676	       +0.000000	      -97.037115	      -97.037115
               4	               7	       +5.529910	       +5.529910	      +12.240624	       +4.425612	      -56.851676	       -2.590893	      -56.851676	       +0.000000	      -97.037115	      -97.037115
               4	               8	       +8.294527	       +8.294527	      +16.190613	       +2.711286	      -33.774422	       +0.000000	      -33.774422	       +0.000000	      -48.646944	      -48.646944
               4	               9	       +8.294527	       +8.294527	      +16.190613	       +2.711286	      -33.774422	       +0.000000	      -33.774422	       +0.000000	      -48.646944	      -48.646944
               4	              10	       +9.757278	       +9.757278	      +17.800980	       +2.384125	      -31.314094	       +0.000000	      -31.314094	       +0.000000	      -42.443084	      -42.443084
               4	              11	       +9.757278	       +9.757278	      +17.800980	       +2.384125	      -31.314094	       +0.000000	      -31.314094	       +0.000000	      -42.443084	      -42.443084
               4	              12	       +9.778784	       +9.778784	      +17.827400	       +2.377745	      -31.280497	       +0.000000	      -31.280497	       +0.000000	      -42.355849	      -42.355849
               4	              13	       +9.778784	       +9.778784	      +17.827400	       +2.377745	      -31.280497	       +0.000000	      -31.280497	       +0.000000	      -42.355849	      -42.355849
               4	              14	      +13.191998	      +13.191998	      +20.589607	       +3.508040	      -38.416709	       +0.000000	      -38.416709	       +0.000000	      -52.735772	      -52.735772
               4	              15	      +13.191998	      +13.191998	      +20.589607	       +3.508040	      -38.416709	       +0.000000	      -38.416709	       +0.000000	      -52.735772	      -52.735772
               4	              16	      +13.473781	      +13.473781	      +22.044050	       +1.583871	      -30.597278	       +0.000000	      -30.597278	       +0.000000	      -37.566635	      -37.566635
               4	              17	      +13.473781	      +13.473781	      +22.044050	       +1.583871	      -30.597278	       +0.000000	      -30.597278	       +0.000000	      -37.566635	      -37.566635
               4	              18	      +13.476682	      +13.476682	      +22.045533	       +1.586257	      -30.604123	       +0.000000	      -30.604123	       +0.000000	      -37.576456	      -37.576456
               4	              19	      +13.476682	      +13.476682	      +22.045533	       +1.586257	      -30.604123	       +0.000000	      -30.604123	       +0.000000	      -37.576456	      -37.576456
               4	              20	      +15.270821	      +15.270821	      +25.770274	       -0.483108	      -16.745423	       +0.000000	      -16.745423	       +0.000000	       -8.203681	       -8.203681
               4	              21	      +15.270821	      +15.270821	      +25.770274	       -0.483108	      -16.745423	       +0.000000	      -16.745423	       +0.000000	       -8.203681	       -8.203681
               4	              22	      +18.122226	      +18.122226	      +27.697221	       +0.992609	      -26.419287	       +0.000000	      -26.419287	       +0.000000	      -24.148744	      -24.148744
               4	              23	      +18.122226	      +18.122226	      +27.697221	       +0.992609	      -26.419287	       +0.000000	      -26.419287	       +0.000000	      -24.148744	      -24.148744
               4	              24	      +20.916820	      +20.916820	      +29.693923	       +1.148905	      -18.631426	       +0.000000	      -18.631426	       +0.000000	       -6.420023	       -6.420023
               4	              25	      +20.916820	      +20.916820	      +29.693923	       +1.148905	      -18.631426	       +0.000000	      -18.631426	       +0.000000	       -6.420023	       -6.420023
               4	              26	      +20.923626	      +20.923626	      +29.702774	       +1.147016	      -18.609737	       +0.000000	      -18.609737	       +0.000000	       -6.369684	       -6.369684
               4	              27	      +20.923626	      +20.923626	      +29.702774	       +1.147016	      -18.609737	       +0.000000	      -18.609737	       +0.000000	       -6.369684	       -6.369684
               4	              28	      +24.149045	      +24.149045	      +32.553140	       +2.142334	      -40.698973	       +0.000000	      -40.698973	       +0.000000	      -46.702471	      -46.702471
               4	              29	      +24.149045	      +24.149045	      +32.553140	       +2.142334	      -40.698973	       +0.000000	      -40.698973	       +0.000000	      -46.702471	      -46.702471
               4	              30	      +24.160338	      +24.160338	      +32.564865	       +2.145782	      -40.668259	       +0.000000	      -40.668259	       +0.000000	      -46.625870	      -46.625870
               4	              31	      +24.160338	      +24.160338	      +32.564865	       +2.145782	      -40.668259	       +0.000000	      -40.668259	       +0.000000	      -46.625870	      -46.625870
               4	              32	      +24.284860	      +24.284860	      +32.671612	       +2.215689	      -35.085376	       +0.000000	      -35.085376	       +0.000000	      -35.283452	      -35.283452
               4	              33	      +24.284860	      +24.284860	      +32.671612	       +2.215689	      -35.085376	       +0.000000	      -35.085376	       +0.000000	      -35.283452	      -35.283452
               4	              34	      +26.372016	      +26.372016	      +37.102695	       -0.512831	      -25.017074	       +0.000000	      -25.017074	       +0.000000	      -13.444283	      -13.444283
               4	              35	      +26.372016	      +26.372016	      +37.102695	       -0.512831	      -25.017074	       +0.000000	      -25.017074	       +0.000000	      -13.444283	      -13.444283
               4	              36	      +30.301567	      +30.301567	      +37.612994	       +3.995736	      -46.443624	       +0.000000	      -46.443624	       +0.000000	      -51.278519	      -51.278519
               4	              37	      +30.301567	      +30.301567	      +37.612994	       +3.995736	      -46.443624	       +0.000000	      -46.443624	       +0.000000	      -51.278519	      -51.278519
               4	              38	      +30.302563	      +30.302563	      +37.614038	       +3.996023	      -46.447169	       +0.000000	      -46.447169	       +0.000000	      -51.284276	      -51.284276
               4	              39	      +30.302563	      +30.302563	      +37.614038	       +3.996023	      -46.447169	       +0.000000	      -46.447169	       +0.000000	      -51.284276	      -51.284276
               4	              40	      +32.945319	      +32.945319	      +40.115700	       +2.856991	      -73.926505	       +0.000000	      -73.926505	       +0.000000	     -104.880319	     -104.880319
               4	              41	      +32.945319	      +32.945319	      +40.115700	       +2.856991	      -73.926505	       +0.000000	      -73.926505	       +0.000000	     -104.880319	     -104.880319
               4	              42	      +32.986328	      +32.986328	      +40.151758	       +2.874336	      -74.026618	       +0.000000	      -74.026618	       +0.000000	     -105.027142	     -105.027142
               4	              43	      +32.986328	      +32.986328	      +40.151758	       +2.874336	      -74.026618	       +0.000000	      -74.026618	       +0.000000	     -105.027142	     -105.027142
               4	              44	      +34.149826	      +34.149826	      +41.423286	       +4.181532	      -69.772290	       +0.000000	      -69.772290	       +0.000000	      -93.939762	      -93.939762
               4	              45	      +34.149826	      +34.149826	      +41.423286	       +4.181532	      -69.772290	       +0.000000	      -69.772290	       +0.000000	      -93.939762	      -93.939762
               4	              46	      +35.732341	      +35.732341	      +44.704422	       +0.788477	      -33.509835	       +0.000000	      -33.509835	       +0.000000	      -21.526770	      -21.526770
               4	              47	      +35.732341	      +35.732341	      +44.704422	       +0.788477	      -33.509835	       +0.000000	      -33.509835	       +0.000000	      -21.526770	      -21.526770
               4	              48	      +36.350067	      +36.350067	      +44.320011	       +1.482492	      -26.336948	       +0.000000	      -26.336948	       +0.000000	       -6.871393	       -6.871393
               4	              49	      +36.350067	      +36.350067	      +44.320011	       +1.482492	      -26.336948	       +0.000000	      -26.336948	       +0.000000	       -6.871393	       -6.871393
               4	              50	      +38.139382	      +38.139382	      +47.170819	       -0.462698	      -31.905026	       +0.000000	      -31.905026	       +0.000000	      -17.101931	      -17.101931
               4	              51	      +38.139382	      +38.139382	      +47.170819	       -0.462698	      -31.905026	       +0.000000	      -31.905026	       +0.000000	      -17.101931	      -17.101931
               4	              52	      +38.146252	      +38.146252	      +47.178115	       -0.466982	      -31.904176	       +0.000000	      -31.904176	       +0.000000	      -17.097219	      -17.097219
               4	              53	      +38.146252	      +38.146252	      +47.178115	       -0.466982	      -31.904176	       +0.000000	      -31.904176	       +0.000000	      -17.097219	      -17.097219
               4	              54	      +39.729174	      +39.729174	      +48.601556	       +0.635972	      -31.705625	       +0.000000	      -31.705625	       +0.000000	      -14.173722	      -14.173722
               4	              55	      +39.729174	      +39.729174	      +48.601556	       +0.635972	      -31.705625	       +0.000000	      -31.705625	       +0.000000	      -14.173722	      -14.173722

k-point 5:
               5	               0	       -4.614925	       -4.614925	       +2.750870	       +3.449469	      -42.798927	       -2.590893	      -42.798927	       +0.000000	      -79.397514	      -79.397514
               5	               1	       -4.614925	       -4.614925	       +2.750870	       +3.449469	      -42.798927	       -2.590893	      -42.798927	       +0.000000	      -79.397514	      -79.397514
               5	               2	       +2.755221	       +2.755221	       +9.305040	       +4.618016	      -54.695942	       -2.590893	      -54.695942	       +0.000000	      -95.468827	      -95.468827
               5	               3	       +2.755221	       +2.755221	       +9.305040	       +4.618016	      -54.695942	       -2.590893	      -54.695942	       +0.000000	      -95.468827	      -95.468827
               5	               4	       +4.373519	       +4.373519	      +11.554673	       +3.723463	      -49.982020	       -2.590893	      -49.982020	       +0.000000	      -84.685904	      -84.685904
               5	               5	       +4.373519	       +4.373519	      +11.554673	       +3.723463	      -49.982020	       -2.590893	      -49.982020	       +0.000000	      -84.685904	      -84.685904
               5	               6	       +4.381957	       +4.381957	      +11.568582	       +3.715690	      -49.890474	       -2.590893	      -49.890474	       +0.000000	      -84.496675	      -84.496675
               5	               7	       +4.381957	       +4.381957	      +11.568582	       +3.715690	      -49.890474	       -2.590893	      -49.890474	       +0.000000	      -84.496675	      -84.496675
               5	               8	       +7.392382	       +7.392382	      +16.241814	       +1.414614	      -25.238812	       +0.000000	      -25.238812	       +0.000000	      -32.821196	      -32.821196
               5	               9	       +7.392382	       +7.392382	      +16.241814	       +1.414614	      -25.238812	       +0.000000	      -25.238812	       +0.000000	      -32.821196	      -32.821196
               5	              10	       +9.398127	       +9.398127	      +18.519978	       +0.959405	      -23.642052	       +0.000000	      -23.642052	       +0.000000	      -27.804723	      -27.804723
               5	              11	       +9.398127	       +9.398127	      +18.519978	       +0.959405	      -23.642052	       +0.000000	      -23.642052	       +0.000000	      -27.804723	      -27.804723
               5	              12	      +12.028949	      +12.028949	      +19.381494	       +3.451144	      -39.830920	       +0.000000	      -39.830920	       +0.000000	      -56.829201	      -56.829201
               5	              13	      +12.028949	      +12.028949	      +19.381494	       +3.451144	      -39.830920	       +0.000000	      -39.830920	       +0.000000	      -56.829201	      -56.829201
               5	              14	      +12.031515	      +12.031515	      +19.373905	       +3.467039	      -39.949468	       +0.000000	      -39.949468	       +0.000000	      -57.057991	      -57.057991
               5	              15	      +12.031515	      +12.031515	      +19.373905	       +3.467039	      -39.949468	       +0.000000	      -39.949468	       +0.000000	      -57.057991	      -57.057991
               5	              16	      +14.339292	      +14.339292	      +21.405259	       +3.805563	      -45.903210	       +0.000000	      -45.903210	       +0.000000	      -66.595598	      -66.595598
               5	              17	      +14.339292	      +14.339292	      +21.405259	       +3.805563	      -45.903210	       +0.000000	      -45.903210	       +0.000000	      -66.595598	      -66.595598
               5	              18	      +15.219769	      +15.219769	      +23.296614	       +2.178801	      -35.692667	       +0.000000	      -35.692667	       +0.000000	      -45.909918	      -45.909918
               5	              19	      +15.219769	      +15.219769	      +23.296614	       +2.178801	      -35.692667	       +0.000000	      -35.692667	       +0.000000	      -45.909918	      -45.909918
               5	              20	      +17.717556	      +17.717556	      +27.464505	       +0.958476	      -27.516700	       +0.000000	      -27.516700	       +0.000000	      -26.610419	      -26.610419
               5	              21	      +17.717556	      +17.717556	      +27.464505	       +0.958476	      -27.516700	       +0.000000	      -27.516700	       +0.000000	      -26.610419	      -26.610419
               5	              22	      +19.280829	      +19.280829	      +28.761587	       +0.180579	      -13.360307	       +0.000000	      -13.360307	       +0.000000	       +2.221553	       +2.221553
               5	              23	      +19.280829	      +19.280829	      +28.761587	       +0.180579	      -13.360307	       +0.000000	      -13.360307	       +0.000000	       +2.221553	       +2.221553
               5	              24	      +19.285927	      +19.285927	      +28.769756	       +0.176662	      -13.321236	       +0.000000	      -13.321236	       +0.000000	       +2.303946	       +2.303946
               5	              25	      +19.285927	      +19.285927	      +28.769756	       +0.176662	      -13.321236	       +0.000000	      -13.321236	       +0.000000	       +2.303946	       +2.303946
               5	              26	      +20.016253	      +20.016253	      +30.080584	       +0.257519	      -19.662156	       +0.000000	      -19.662156	       +0.000000	       -8.986209	       -8.986209
               5	              27	      +20.016253	      +20.016253	      +30.080584	       +0.257519	      -19.662156	       +0.000000	      -19.662156	       +0.000000	       -8.986209	       -8.986209
               5	              28	      +23.701060	      +23.701060	      +32.089878	       +2.336979	      -45.578463	       +0.000000	      -45.578463	       +0.000000	      -56.730070	      -56.730070
               5	              29	      +23.701060	      +23.701060	      +32.089878	       +2.336979	      -45.578463	       +0.000000	      -45.578463	       +0.000000	      -56.730070	      -56.730070
               5	              30	      +23.719363	      +23.719363	      +32.108630	       +2.342314	      -45.527791	       +0.000000	      -45.527791	       +0.000000	      -56.604638	      -56.604638
               5	              31	      +23.719363	      +23.719363	      +32.108630	       +2.342314	      -45.527791	       +0.000000	      -45.527791	       +0.000000	      -56.604638	      -56.604638
               5	              32	      +24.638544	      +24.638544	      +32.370408	       +2.728707	      -35.994167	       +0.000000	      -35.994167	       +0.000000	      -36.889219	      -36.889219
               5	              33	      +24.638544	      +24.638544	      +32.370408	       +2.728707	      -35.994167	       +0.000000	      -35.994167	       +0.000000	      -36.889219	      -36.889219
               5	              34	      +26.649740	      +26.649740	      +34.152486	       +2.650170	      -47.770132	       +0.000000	      -47.770132	       +0.000000	      -58.737609	      -58.737609
               5	              35	      +26.649740	      +26.649740	      +34.152486	       +2.650170	      -47.770132	       +0.000000	      -47.770132	       +0.000000	      -58.737609	      -58.737609
               5	              36	      +27.231264	      +27.231264	      +36.591006	       +1.262029	      -16.780147	       +0.000000	      -16.780147	       +0.000000	       +4.292742	       +4.292742
               5	              37	      +27.231264	      +27.231264	      +36.591006	       +1.262029	      -16.780147	       +0.000000	      -16.780147	       +0.000000	       +4.292742	       +4.292742
               5	              38	      +31.194220	      +31.194220	      +40.132771	       +2.305007	      -46.715206	       +0.000000	      -46.715206	       +0.000000	      -50.992635	      -50.992635
               5	              39	      +31.194220	      +31.194220	      +40.132771	       +2.305007	      -46.715206	       +0.000000	      -46.715206	       +0.000000	      -50.992635	      -50.992635
               5	              40	      +32.544431	      +32.544431	      +40.209582	       +2.504695	      -38.875179	       +0.000000	      -38.875179	       +0.000000	      -35.036081	      -35.036081
               5	              41	      +32.544431	      +32.544431	      +40.209582	       +2.504695	      -38.875179	       +0.000000	      -38.875179	       +0.000000	      -35.036081	      -35.036081
               5	              42	      +33.611925	      +33.611925	      +40.867335	       +3.510795	      -72.938042	       +0.000000	      -72.938042	       +0.000000	     -101.497953	     -101.497953
               5	              43	      +33.611925	      +33.611925	      +40.867335	       +3.510795	      -72.938042	       +0.000000	      -72.938042	       +0.000000	     -101.497953	     -101.497953
               5	              44	      +33.626510	      +33.626510	      +40.881623	       +3.527498	      -72.897469	       +0.000000	      -72.897469	       +0.000000	     -101.385817	     -101.385817
               5	              45	      +33.626510	      +33.626510	      +40.881623	       +3.527498	      -72.897469	       +0.000000	      -72.897469	       +0.000000	     -101.385817	     -101.385817
               5	              46	      +35.803158	      +35.803158	      +44.985227	       -0.290210	      -16.355460	       +0.000000	      -16.355460	       +0.000000	      +11.984096	      +11.984096
               5	              47	      +35.803158	      +35.803158	      +44.985227	       -0.290210	      -16.355460	       +0.000000	      -16.355460	       +0.000000	      +11.984096	      +11.984096
               5	              48	      +35.810398	      +35.810398	      +44.991980	       -0.310474	      -16.342061	       +0.000000	      -16.342061	       +0.000000	      +11.997384	      +11.997384
               5	              49	      +35.810398	      +35.810398	      +44.991980	       -0.310474	      -16.342061	       +0.000000	      -16.342061	       +0.000000	      +11.997384	      +11.997384
               5	              50	      +35.948236	      +35.948236	      +44.091022	       +3.043601	      -62.867615	       +0.000000	      -62.867615	       +0.000000	      -78.600607	      -78.600607
               5	              51	      +35.948236	      +35.948236	      +44.091022	       +3.043601	      -62.867615	       +0.000000	      -62.867615	       +0.000000	      -78.600607	      -78.600607
               5	              52	      +36.635940	      +36.635940	      +45.858684	       -0.868173	      -37.206292	       +0.000000	      -37.206292	       +0.000000	      -29.422072	      -29.422072
               5	              53	      +36.635940	      +36.635940	      +45.858684	       -0.868173	      -37.206292	       +0.000000	      -37.206292	       +0.000000	      -29.422072	      -29.422072
               5	              54	      +40.920502	      +40.920502	      +48.907548	       -0.505464	      -31.815511	       +0.000000	      -31.815511	       +0.000000	      -15.228937	      -15.228937
               5	              55	      +40.920502	      +40.920502	      +48.907548	       -0.505464	      -31.815511	       +0.000000	      -31.815511	       +0.000000	      -15.228937	      -15.228937

k-point 6:
               6	               0	       -2.977123	       -2.977123	       +4.097939	       +3.853836	      -47.590315	       -2.590893	      -47.590315	       +0.000000	      -87.228854	      -87.228854
               6	               1	       -2.977123	       -2.977123	       +4.097939	       +3.853836	      -47.590315	       -2.590893	      -47.590315	       +0.000000	      -87.228854	      -87.228854
               6	               2	       -0.116049	       -0.116049	       +6.990797	       +3.812954	      -49.260427	       -2.590893	      -49.260427	       +0.000000	      -87.717104	      -87.717104
               6	               3	       -0.116049	       -0.116049	       +6.990797	       +3.812954	      -49.260427	       -2.590893	      -49.260427	       +0.000000	      -87.717104	      -87.717104
               6	               4	       +2.729549	       +2.729549	      +10.535958	       +2.855505	      -42.116184	       -2.590893	      -42.116184	       +0.000000	      -70.840904	      -70.840904
               6	               5	       +2.729549	       +2.729549	      +10.535958	       +2.855505	      -42.116184	       -2.590893	      -42.116184	       +0.000000	      -70.840904	      -70.840904
               6	               6	       +4.062047	       +4.062047	      +11.255690	       +3.695136	      -52.236966	       -2.590893	      -52.236966	       +0.000000	      -89.523106	      -89.523106
               6	               7	       +4.062047	       +4.062047	      +11.255690	       +3.695136	      -52.236966	       -2.590893	      -52.236966	       +0.000000	      -89.523106	      -89.523106
               6	               8	       +7.784322	       +7.784322	      +16.814325	       +1.136446	      -27.567831	       +0.000000	      -27.567831	       +0.000000	      -37.184891	      -37.184891
               6	               9	       +7.784322	       +7.784322	      +16.814325	       +1.136446	      -27.567831	       +0.000000	      -27.567831	       +0.000000	      -37.184891	      -37.184891
               6	              10	      +10.722893	      +10.722893	      +19.246946	       +1.898937	      -31.534624	       +0.000000	      -31.534624	       +0.000000	      -41.923366	      -41.923366
               6	              11	      +10.722893	      +10.722893	      +19.246946	       +1.898937	      -31.534624	       +0.000000	      -31.534624	       +0.000000	      -41.923366	      -41.923366
               6	              12	      +12.017668	      +12.017668	      +19.532507	       +3.257751	      -38.054367	       +0.000000	      -38.054367	       +0.000000	      -53.318477	      -53.318477
               6	              13	      +12.017668	      +12.017668	      +19.532507	       +3.257751	      -38.054367	       +0.000000	      -38.054367	       +0.000000	      -53.318477	      -53.318477
               6	              14	      +12.190626	      +12.190626	      +20.186024	       +2.465113	      -33.503400	       +0.000000	      -33.503400	       +0.000000	      -44.355663	      -44.355663
               6	              15	      +12.190626	      +12.190626	      +20.186024	       +2.465113	      -33.503400	       +0.000000	      -33.503400	       +0.000000	      -44.355663	      -44.355663
               6	              16	      +16.490593	      +16.490593	      +24.768868	       +2.391431	      -30.363724	       +0.000000	      -30.363724	       +0.000000	      -33.567148	      -33.567148
               6	              17	      +16.490594	      +16.490594	      +24.768868	       +2.391431	      -30.363724	       +0.000000	      -30.363724	       +0.000000	      -33.567148	      -33.567148
               6	              18	      +16.831650	      +16.831650	      +24.714144	       +2.571198	      -41.116773	       +0.000000	      -41.116773	       +0.000000	      -54.948203	      -54.948203
               6	              19	      +16.831650	      +16.831650	      +24.714144	       +2.571198	      -41.116773	       +0.000000	      -41.116773	       +0.000000	      -54.948203	      -54.948203
               6	              20	      +18.448777	      +18.448777	      +26.127340	       +2.970720	      -39.057601	       +0.000000	      -39.057601	       +0.000000	      -49.017143	      -49.017143
               6	              21	      +18.448777	      +18.448777	      +26.127340	       +2.970720	      -39.057601	       +0.000000	      -39.057601	       +0.000000	      -49.017143	      -49.017143
               6	              22	      +18.994914	      +18.994914	      +26.926294	       +2.754146	      -41.206128	       +0.000000	      -41.206128	       +0.000000	      -52.731816	      -52.731816
               6	              23	      +18.994914	      +18.994914	      +26.926294	       +2.754146	      -41.206128	       +0.000000	      -41.206128	       +0.000000	      -52.731816	      -52.731816
               6	              24	      +19.316776	      +19.316776	      +28.331760	       +1.585919	      -31.563677	       +0.000000	      -31.563677	       +0.000000	      -33.209674	      -33.209674
               6	              25	      +19.316776	      +19.316776	      +28.331760	       +1.585919	      -31.563677	       +0.000000	      -31.563677	       +0.000000	      -33.209674	      -33.209674
               6	              26	      +23.142792	      +23.142792	      +31.864268	       +2.166615	      -37.586675	       +0.000000	      -37.586675	       +0.000000	      -41.142468	      -41.142468
               6	              27	      +23.142792	      +23.142792	      +31.864268	       +2.166615	      -37.586675	       +0.000000	      -37.586675	       +0.000000	      -41.142468	      -41.142468
               6	              28	      +24.020018	      +24.020018	      +32.282713	       +2.055695	      -26.721675	       +0.000000	      -26.721675	       +0.000000	      -19.104942	      -19.104942
               6	              29	      +24.020018	      +24.020018	      +32.282713	       +2.055695	      -26.721675	       +0.000000	      -26.721675	       +0.000000	      -19.104942	      -19.104942
               6	              30	      +24.916874	      +24.916874	      +32.199677	       +3.593518	      -45.796857	       +0.000000	      -45.796857	       +0.000000	      -55.800519	      -55.800519
               6	              31	      +24.916874	      +24.916874	      +32.199677	       +3.593518	      -45.796857	       +0.000000	      -45.796857	       +0.000000	      -55.800519	      -55.800519
               6	              32	      +25.658279	      +25.658279	      +34.480925	       +1.440056	      -38.037040	       +0.000000	      -38.037040	       +0.000000	      -40.153099	      -40.153099
               6	              33	      +25.658279	      +25.658279	      +34.480925	       +1.440056	      -38.037040	       +0.000000	      -38.037040	       +0.000000	      -40.153099	      -40.153099
               6	              34	      +25.894803	      +25.894803	      +34.572159	       +1.767512	      -30.714755	       +0.000000	      -30.714755	       +0.000000	      -25.089839	      -25.089839
               6	              35	      +25.894803	      +25.894803	      +34.572159	       +1.767512	      -30.714755	       +0.000000	      -30.714755	       +0.000000	      -25.089838	      -25.089838
               6	              36	      +26.228227	      +26.228227	      +35.046556	       +1.593040	      -32.408324	       +0.000000	      -32.408324	       +0.000000	      -28.177052	      -28.177052
               6	              37	      +26.228227	      +26.228227	      +35.046556	       +1.593040	      -32.408324	       +0.000000	      -32.408324	       +0.000000	      -28.177052	      -28.177052
               6	              38	      +29.216331	      +29.216331	      +38.284645	       +0.361919	      -38.194906	       +0.000000	      -38.194906	       +0.000000	      -37.743248	      -37.743248
               6	              39	      +29.216331	      +29.216331	      +38.284645	       +0.361919	      -38.194906	       +0.000000	      -38.194906	       +0.000000	      -37.743248	      -37.743248
               6	              40	      +30.034572	      +30.034572	      +37.802689	       +3.326250	      -40.127998	       +0.000000	      -40.127998	       +0.000000	      -39.127056	      -39.127056
               6	              41	      +30.034572	      +30.034572	      +37.802689	       +3.326250	      -40.127998	       +0.000000	      -40.127998	       +0.000000	      -39.127056	      -39.127056
               6	              42	      +31.480037	      +31.480037	      +40.463823	       +1.343263	      -34.201097	       +0.000000	      -34.201097	       +0.000000	      -26.595108	      -26.595108
               6	              43	      +31.480037	      +31.480037	      +40.463823	       +1.343263	      -34.201097	       +0.000000	      -34.201097	       +0.000000	      -26.595108	      -26.595108
               6	              44	      +31.875144	      +31.875144	      +41.154045	       -0.097660	      -29.588627	       +0.000000	      -29.588627	       +0.000000	      -18.120868	      -18.120868
               6	              45	      +31.875144	      +31.875144	      +41.154045	       -0.097660	      -29.588627	       +0.000000	      -29.588627	       +0.000000	      -18.120868	      -18.120868
               6	              46	      +34.110067	      +34.110067	      +44.019364	       -0.592447	      -19.485482	       +0.000000	      -19.485482	       +0.000000	       +4.455954	       +4.455954
               6	              47	      +34.110067	      +34.110067	      +44.019364	       -0.592447	      -19.485482	       +0.000000	      -19.485482	       +0.000000	       +4.455954	       +4.455954
               6	              48	      +35.433254	      +35.433254	      +43.671074	       +1.041691	      -50.089640	       +0.000000	      -50.089640	       +0.000000	      -55.466514	      -55.466514
               6	              49	      +35.433254	      +35.433254	      +43.671074	       +1.041691	      -50.089640	       +0.000000	      -50.089640	       +0.000000	      -55.466514	      -55.466514
               6	              50	      +35.605396	      +35.605396	      +44.511917	       +1.541398	      -44.548741	       +0.000000	      -44.548741	       +0.000000	      -43.044168	      -43.044168
               6	              51	      +35.605396	      +35.605396	      +44.511917	       +1.541398	      -44.548741	       +0.000000	      -44.548741	       +0.000000	      -43.044168	      -43.044168
               6	              52	      +35.696503	      +35.696503	      +44.197552	       +0.009684	      -42.169512	       +0.000000	      -42.169512	       +0.000000	      -40.131788	      -40.131788
               6	              53	      +35.696503	      +35.696503	      +44.197552	       +0.009684	      -42.169512	       +0.000000	      -42.169512	       +0.000000	      -40.131788	      -40.131788
               6	              54	      +37.475892	      +37.475892	      +46.754949	       +0.075037	      -34.914094	       +0.000000	      -34.914094	       +0.000000	      -22.998202	      -22.998202
               6	              55	      +37.475892	      +37.475892	      +46.754949	       +0.075037	      -34.914094	       +0.000000	      -34.914094	       +0.000000	      -22.998202	      -22.998202

k-point 7:
               7	               0	       -3.652141	       -3.652141	       +3.544673	       +3.681304	      -46.092522	       -2.590893	      -46.092522	       +0.000000	      -84.959067	      -84.959067
               7	               1	       -3.652141	       -3.652141	       +3.544673	       +3.681304	      -46.092522	       -2.590893	      -46.092522	       +0.000000	      -84.959067	      -84.959067
               7	               2	       +0.787803	       +0.787803	       +7.724260	       +4.063721	      -49.685316	       -2.590893	      -49.685316	       +0.000000	      -87.582651	      -87.582651
               7	               3	       +0.787803	       +0.787803	       +7.724260	       +4.063721	      -49.685316	       -2.590893	      -49.685316	       +0.000000	      -87.582651	      -87.582651
               7	               4	       +2.509647	       +2.509647	      +10.524591	       +2.558624	      -40.901384	       -2.590893	      -40.901384	       +0.000000	      -68.719553	      -68.719553
               7	               5	       +2.509647	       +2.509647	      +10.524591	       +2.558624	      -40.901384	       -2.590893	      -40.901384	       +0.000000	      -68.719553	      -68.719553
               7	               6	       +4.943158	       +4.943158	      +11.819006	       +4.166231	      -56.481524	       -2.590893	      -56.481524	       +0.000000	      -96.977810	      -96.977810
               7	               7	       +4.943158	       +4.943158	      +11.819006	       +4.166231	      -56.481524	       -2.590893	      -56.481524	       +0.000000	      -96.977810	      -96.977810
               7	               8	       +8.712783	       +8.712783	      +17.311174	       +1.669000	      -30.721750	       +0.000000	      -30.721750	       +0.000000	      -42.463326	      -42.463326
               7	               9	       +8.712783	       +8.712783	      +17.311174	       +1.669000	      -30.721750	       +0.000000	      -30.721750	       +0.000000	      -42.463326	      -42.463326
               7	              10	      +11.050364	      +11.050364	      +19.062554	       +2.453289	      -27.038069	       +0.000000	      -27.038069	       +0.000000	      -32.560294	      -32.560294
               7	              11	      +11.050364	      +11.050364	      +19.062554	       +2.453289	      -27.038069	       +0.000000	      -27.038069	       +0.000000	      -32.560294	      -32.560294
               7	              12	      +11.420223	      +11.420223	      +19.116458	       +3.187990	      -46.923760	       +0.000000	      -46.923760	       +0.000000	      -71.543071	      -71.543071
               7	              13	      +11.420223	      +11.420223	      +19.116458	       +3.187990	      -46.923760	       +0.000000	      -46.923760	       +0.000000	      -71.543071	      -71.543071
               7	              14	      +12.411762	      +12.411762	      +20.585142	       +2.344935	      -26.536546	       +0.000000	      -26.536546	       +0.000000	      -30.143017	      -30.143017
               7	              15	      +12.411762	      +12.411762	      +20.585142	       +2.344935	      -26.536546	       +0.000000	      -26.536546	       +0.000000	      -30.143017	      -30.143017
               7	              16	      +12.729589	      +12.729589	      +21.375180	       +1.506995	      -36.202740	       +0.000000	      -36.202740	       +0.000000	      -49.523304	      -49.523304
               7	              17	      +12.729589	      +12.729589	      +21.375180	       +1.506995	      -36.202740	       +0.000000	      -36.202740	       +0.000000	      -49.523304	      -49.523304
               7	              18	      +15.910103	      +15.910103	      +24.055257	       +2.502041	      -27.171413	       +0.000000	      -27.171413	       +0.000000	      -27.785529	      -27.785529
               7	              19	      +15.910103	      +15.910103	      +24.055257	       +2.502041	      -27.171413	       +0.000000	      -27.171413	       +0.000000	      -27.785529	      -27.785529
               7	              20	      +18.904572	      +18.904572	      +28.282798	       +1.071644	      -27.718120	       +0.000000	      -27.718120	       +0.000000	      -26.081798	      -26.081798
               7	              21	      +18.904572	      +18.904572	      +28.282798	       +1.071644	      -27.718120	       +0.000000	      -27.718120	       +0.000000	      -26.081798	      -26.081798
               7	              22	      +19.486085	      +19.486085	      +26.767427	       +3.512723	      -39.460988	       +0.000000	      -39.460988	       +0.000000	      -48.641826	      -48.641826
               7	              23	      +19.486085	      +19.486085	      +26.767426	       +3.512723	      -39.460988	       +0.000000	      -39.460988	       +0.000000	      -48.641826	      -48.641826
               7	              24	      +19.746882	      +19.746882	      +29.652684	       -0.038122	      -29.570434	       +0.000000	      -29.570434	       +0.000000	      -29.526306	      -29.526306
               7	              25	      +19.746882	      +19.746882	      +29.652684	       -0.038122	      -29.570434	       +0.000000	      -29.570434	       +0.000000	      -29.526306	      -29.526306
               7	              26	      +22.954193	      +22.954193	      +32.368138	       +1.039919	      -23.392075	       +0.000000	      -23.392075	       +0.000000	      -13.376094	      -13.376094
               7	              27	      +22.954193	      +22.954193	      +32.368138	       +1.039919	      -23.392075	       +0.000000	      -23.392075	       +0.000000	      -13.376094	      -13.376094
               7	              28	      +23.348114	      +23.348114	      +30.672381	       +3.559252	      -39.749443	       +0.000000	      -39.749443	       +0.000000	      -45.267252	      -45.267252
               7	              29	      +23.348114	      +23.348114	      +30.672381	       +3.559252	      -39.749443	       +0.000000	      -39.749443	       +0.000000	      -45.267252	      -45.267252
               7	              30	      +23.741265	      +23.741265	      +31.165697	       +3.547736	      -48.793406	       +0.000000	      -48.793406	       +0.000000	      -62.873379	      -62.873379
               7	              31	      +23.741265	      +23.741265	      +31.165697	       +3.547736	      -48.793406	       +0.000000	      -48.793406	       +0.000000	      -62.873379	      -62.873379
               7	              32	      +24.988924	      +24.988924	      +32.383286	       +3.298755	      -41.584912	       +0.000000	      -41.584912	       +0.000000	      -47.487784	      -47.487784
               7	              33	      +24.988924	      +24.988924	      +32.383286	       +3.298755	      -41.584912	       +0.000000	      -41.584912	       +0.000000	      -47.487784	      -47.487784
               7	              34	      +27.533701	      +27.533701	      +34.617617	       +3.467651	      -48.673815	       +0.000000	      -48.673815	       +0.000000	      -59.262361	      -59.262361
               7	              35	      +27.533701	      +27.533701	      +34.617617	       +3.467651	      -48.673815	       +0.000000	      -48.673815	       +0.000000	      -59.262361	      -59.262361
               7	              36	      +27.993170	      +27.993170	      +37.527727	       +0.437057	      -32.054003	       +0.000000	      -32.054003	       +0.000000	      -26.143223	      -26.143223
               7	              37	      +27.993170	      +27.993170	      +37.527727	       +0.437057	      -32.054003	       +0.000000	      -32.054003	       +0.000000	      -26.143223	      -26.143223
               7	              38	      +30.240858	      +30.240858	      +38.678003	       +2.498765	      -48.015956	       +0.000000	      -48.015956	       +0.000000	      -54.855145	      -54.855145
               7	              39	      +30.240858	      +30.240858	      +38.678003	       +2.498765	      -48.015956	       +0.000000	      -48.015956	       +0.000000	      -54.855145	      -54.855145
               7	              40	      +31.097912	      +31.097912	      +42.124424	       -0.929994	      -16.379534	       +0.000000	      -16.379534	       +0.000000	       +8.435362	       +8.435362
               7	              41	      +31.097912	      +31.097912	      +42.124424	       -0.929994	      -16.379534	       +0.000000	      -16.379534	       +0.000000	       +8.435362	       +8.435362
               7	              42	      +31.576764	      +31.576764	      +39.706331	       +2.047946	      -43.407699	       +0.000000	      -43.407699	       +0.000000	      -45.061121	      -45.061121
               7	              43	      +31.576764	      +31.576764	      +39.706331	       +2.047946	      -43.407699	       +0.000000	      -43.407699	       +0.000000	      -45.061121	      -45.061121
               7	              44	      +33.085153	      +33.085153	      +41.802649	       +0.697291	      -35.326293	       +0.000000	      -35.326293	       +0.000000	      -28.152647	      -28.152647
               7	              45	      +33.085153	      +33.085153	      +41.802649	       +0.697291	      -35.326293	       +0.000000	      -35.326293	       +0.000000	      -28.152647	      -28.152647
               7	              46	      +33.392607	      +33.392607	      +42.895964	       -0.412487	      -27.616714	       +0.000000	      -27.616714	       +0.000000	      -12.749951	      -12.749951
               7	              47	      +33.392607	      +33.392607	      +42.895964	       -0.412487	      -27.616714	       +0.000000	      -27.616714	       +0.000000	      -12.749951	      -12.749951
               7	              48	      +34.058356	      +34.058356	      +42.396661	       +1.529815	      -39.264654	       +0.000000	      -39.264654	       +0.000000	      -34.602832	      -34.602832
               7	              49	      +34.058356	      +34.058356	      +42.396661	       +1.529815	      -39.264654	       +0.000000	      -39.264654	       +0.000000	      -34.602832	      -34.602832
               7	              50	      +35.683006	      +35.683006	      +43.780321	       +0.494096	      -49.773931	       +0.000000	      -49.773931	       +0.000000	      -55.273445	      -55.273445
               7	              51	      +35.683006	      +35.683006	      +43.780321	       +0.494096	      -49.773931	       +0.000000	      -49.773931	       +0.000000	      -55.273445	      -55.273445
               7	              52	      +36.600157	      +36.600157	      +45.396038	       +1.267115	      -38.408146	       +0.000000	      -38.408146	       +0.000000	      -30.153139	      -30.153139
               7	              53	      +36.600157	      +36.600157	      +45.396038	       +1.267115	      -38.408146	       +0.000000	      -38.408146	       +0.000000	      -30.153139	      -30.153139
               7	              54	      +37.490963	      +37.490963	      +46.955029	       -0.850542	      -31.928968	       +0.000000	      -31.928968	       +0.000000	      -17.753450	      -17.753450
               7	              55	      +37.490963	      +37.490963	      +46.955029	       -0.850542	      -31.928968	       +0.000000	      -31.928968	       +0.000000	      -17.753450	      -17.753450

k-point 8:
               8	               0	       -3.363337	       -3.363337	       +3.633621	       +3.952688	      -47.166517	       -2.590893	      -47.166517	       +0.000000	      -86.746724	      -86.746724
               8	               1	       -3.363337	       -3.363337	       +3.633621	       +3.952688	      -47.166517	       -2.590893	      -47.166517	       +0.000000	      -86.746724	      -86.746724
               8	               2	       -0.707388	       -0.707388	       +7.102609	       +2.852967	      -42.103623	       -2.590893	      -42.103623	       +0.000000	      -74.251671	      -74.251671
               8	               3	       -0.707388	       -0.707388	       +7.102609	       +2.852967	      -42.103623	       -2.590893	      -42.103623	       +0.000000	      -74.251671	      -74.251671
               8	               4	       +5.057478	       +5.057478	      +11.805950	       +4.358426	      -57.120649	       -2.590893	      -57.120649	       +0.000000	      -98.076922	      -98.076922
               8	               5	       +5.057478	       +5.057478	      +11.805950	       +4.358426	      -57.120649	       -2.590893	      -57.120649	       +0.000000	      -98.076922	      -98.076922
               8	               6	       +5.089201	       +5.089201	      +11.840456	       +4.355645	      -57.076589	       -2.590893	      -57.076589	       +0.000000	      -97.957077	      -97.957077
               8	               7	       +5.089201	       +5.089201	      +11.840456	       +4.355645	      -57.076589	       -2.590893	      -57.076589	       +0.000000	      -97.957077	      -97.957077
               8	               8	       +7.805252	       +7.805252	      +15.693240	       +2.736458	      -35.852032	       +0.000000	      -35.852032	       +0.000000	      -53.274366	      -53.274366
               8	               9	       +7.805252	       +7.805252	      +15.693240	       +2.736458	      -35.852032	       +0.000000	      -35.852032	       +0.000000	      -53.274366	      -53.274366
               8	              10	       +9.594435	       +9.594435	      +18.158008	       +1.606685	      -27.108736	       +0.000000	      -27.108736	       +0.000000	      -34.452779	      -34.452779
               8	              11	       +9.594435	       +9.594435	      +18.158008	       +1.606685	      -27.108736	       +0.000000	      -27.108736	       +0.000000	      -34.452779	      -34.452779
               8	              12	       +9.608883	       +9.608883	      +18.178227	       +1.598698	      -27.069016	       +0.000000	      -27.069016	       +0.000000	      -34.361107	      -34.361107
               8	              13	       +9.608883	       +9.608883	      +18.178227	       +1.598698	      -27.069016	       +0.000000	      -27.069016	       +0.000000	      -34.361107	      -34.361107
               8	              14	      +14.000431	      +14.000431	      +24.734065	       -0.822354	       -8.921188	       +0.000000	       -8.921188	       +0.000000	       +6.069335	       +6.069335
               8	              15	      +14.000431	      +14.000431	      +24.734065	       -0.822354	       -8.921188	       +0.000000	       -8.921188	       +0.000000	       +6.069335	       +6.069335
               8	              16	      +16.847036	      +16.847036	      +24.686364	       +2.490002	      -41.707556	       +0.000000	      -41.707556	       +0.000000	      -56.238746	      -56.238746
               8	              17	      +16.847036	      +16.847036	      +24.686364	       +2.490002	      -41.707556	       +0.000000	      -41.707556	       +0.000000	      -56.238746	      -56.238746
               8	              18	      +16.847357	      +16.847357	      +24.686457	       +2.490474	      -41.710354	       +0.000000	      -41.710354	       +0.000000	      -56.243778	      -56.243778
               8	              19	      +16.847357	      +16.847357	      +24.686457	       +2.490474	      -41.710354	       +0.000000	      -41.710354	       +0.000000	      -56.243778	      -56.243778
               8	              20	      +17.601364	      +17.601364	      +25.689899	       +2.682332	      -31.775625	       +0.000000	      -31.775625	       +0.000000	      -35.179018	      -35.179018
               8	              21	      +17.601364	      +17.601364	      +25.689899	       +2.682332	      -31.775625	       +0.000000	      -31.775625	       +0.000000	      -35.179018	      -35.179018
               8	              22	      +17.629254	      +17.629254	      +25.707301	       +2.633864	      -29.575102	       +0.000000	      -29.575102	       +0.000000	      -30.809039	      -30.809039
               8	              23	      +17.629254	      +17.629254	      +25.707301	       +2.633864	      -29.575102	       +0.000000	      -29.575102	       +0.000000	      -30.809039	      -30.809039
               8	              24	      +17.653774	      +17.653774	      +25.791446	       +3.023786	      -44.675775	       +0.000000	      -44.675775	       +0.000000	      -60.536317	      -60.536317
               8	              25	      +17.653774	      +17.653774	      +25.791446	       +3.023786	      -44.675775	       +0.000000	      -44.675775	       +0.000000	      -60.536317	      -60.536317
               8	              26	      +19.282203	      +19.282203	      +26.815466	       +3.291306	      -37.929352	       +0.000000	      -37.929352	       +0.000000	      -45.751932	      -45.751932
               8	              27	      +19.282203	      +19.282203	      +26.815466	       +3.291306	      -37.929352	       +0.000000	      -37.929352	       +0.000000	      -45.751932	      -45.751932
               8	              28	      +25.679276	      +25.679276	      +33.696690	       +3.350952	      -31.897701	       +0.000000	      -31.897701	       +0.000000	      -26.747760	      -26.747760
               8	              29	      +25.679276	      +25.679276	      +33.696690	       +3.350952	      -31.897701	       +0.000000	      -31.897701	       +0.000000	      -26.747760	      -26.747760
               8	              30	      +26.283133	      +26.283133	      +35.172272	       +0.684103	      -55.034113	       +0.000000	      -55.034113	       +0.000000	      -74.211852	      -74.211852
               8	              31	      +26.283133	      +26.283133	      +35.172272	       +0.684103	      -55.034113	       +0.000000	      -55.034113	       +0.000000	      -74.211852	      -74.211852
               8	              32	      +27.933114	      +27.933114	      +37.233660	       +1.110166	      -25.919016	       +0.000000	      -25.919016	       +0.000000	      -13.494207	      -13.494207
               8	              33	      +27.933114	      +27.933114	      +37.233660	       +1.110166	      -25.919016	       +0.000000	      -25.919016	       +0.000000	      -13.494207	      -13.494207
               8	              34	      +27.934439	      +27.934439	      +37.237237	       +1.107638	      -25.887844	       +0.000000	      -25.887844	       +0.000000	      -13.430812	      -13.430812
               8	              35	      +27.934439	      +27.934439	      +37.237237	       +1.107638	      -25.887844	       +0.000000	      -25.887844	       +0.000000	      -13.430812	      -13.430812
               8	              36	      +28.087026	      +28.087026	      +35.955095	       +2.201396	      -25.846265	       +0.000000	      -25.846265	       +0.000000	      -13.536038	      -13.536038
               8	              37	      +28.087026	      +28.087026	      +35.955095	       +2.201396	      -25.846265	       +0.000000	      -25.846265	       +0.000000	      -13.536038	      -13.536038
               8	              38	      +28.094614	      +28.094614	      +35.961030	       +2.206103	      -25.857115	       +0.000000	      -25.857115	       +0.000000	      -13.547097	      -13.547097
               8	              39	      +28.094614	      +28.094614	      +35.961030	       +2.206103	      -25.857115	       +0.000000	      -25.857115	       +0.000000	      -13.547097	      -13.547097
               8	              40	      +32.007308	      +32.007308	      +42.183624	       +1.314622	      -16.055430	       +0.000000	      -16.055430	       +0.000000	      +11.387386	      +11.387386
               8	              41	      +32.007308	      +32.007308	      +42.183624	       +1.314622	      -16.055430	       +0.000000	      -16.055430	       +0.000000	      +11.387386	      +11.387386
               8	              42	      +32.719897	      +32.719897	      +41.046062	       +1.584951	      -58.087866	       +0.000000	      -58.087866	       +0.000000	      -73.544718	      -73.544718
               8	              43	      +32.719897	      +32.719897	      +41.046062	       +1.584951	      -58.087866	       +0.000000	      -58.087866	       +0.000000	      -73.544718	      -73.544718
               8	              44	      +32.720678	      +32.720678	      +41.045230	       +1.588649	      -58.116732	       +0.000000	      -58.116732	       +0.000000	      -73.599583	      -73.599583
               8	              45	      +32.720678	      +32.720678	      +41.045230	       +1.588649	      -58.116732	       +0.000000	      -58.116732	       +0.000000	      -73.599583	      -73.599583
               8	              46	      +33.750627	      +33.750627	      +40.763144	       +3.290786	      -80.970339	       +0.000000	      -80.970339	       +0.000000	     -117.886747	     -117.886747
               8	              47	      +33.750627	      +33.750627	      +40.763144	       +3.290786	      -80.970339	       +0.000000	      -80.970339	       +0.000000	     -117.886747	     -117.886747
               8	              48	      +33.789908	      +33.789908	      +40.793521	       +3.316801	      -81.138044	       +0.000000	      -81.138044	       +0.000000	     -118.165764	     -118.165764
               8	              49	      +33.789908	      +33.789908	      +40.793521	       +3.316801	      -81.138044	       +0.000000	      -81.138044	       +0.000000	     -118.165764	     -118.165764
               8	              50	      +34.628896	      +34.628896	      +45.905547	       -2.783027	      -13.391587	       +0.000000	      -13.391587	       +0.000000	      +16.339347	      +16.339347
               8	              51	      +34.628896	      +34.628896	      +45.905547	       -2.783027	      -13.391587	       +0.000000	      -13.391587	       +0.000000	      +16.339347	      +16.339347
               8	              52	      +37.451043	      +37.451043	      +44.953050	       +2.028094	      -27.838110	       +0.000000	      -27.838110	       +0.000000	       -8.695076	       -8.695076
               8	              53	      +37.451043	      +37.451043	      +44.953050	       +2.028094	      -27.838110	       +0.000000	      -27.838110	       +0.000000	       -8.695076	       -8.695076
               8	              54	      +38.629060	      +38.629060	      +48.127070	       -1.861166	      -15.996811	       +0.000000	      -15.996811	       +0.000000	      +14.272282	      +14.272282
               8	              55	      +38.629060	      +38.629060	      +48.127070	       -1.861166	      -15.996811	       +0.000000	      -15.996811	       +0.000000	      +14.272282	      +14.272282

k-point 9:
               9	               0	       -2.977123	       -2.977123	       +4.097939	       +3.849374	      -47.767852	       -2.590893	      -47.767852	       +0.000000	      -87.588390	      -87.588390
               9	               1	       -2.977123	       -2.977123	       +4.097939	       +3.849374	      -47.767852	       -2.590893	      -47.767852	       +0.000000	      -87.588390	      -87.588390
               9	               2	       -0.116049	       -0.116049	       +6.990797	       +3.824769	      -49.285089	       -2.590893	      -49.285089	       +0.000000	      -87.754612	      -87.754612
               9	               3	       -0.116049	       -0.116049	       +6.990797	       +3.824769	      -49.285089	       -2.590893	      -49.285089	       +0.000000	      -87.754612	      -87.754612
               9	               4	       +2.729549	       +2.729549	      +10.535960	       +2.847024	      -42.422982	       -2.590893	      -42.422982	       +0.000000	      -71.462980	      -71.462980
               9	               5	       +2.729549	       +2.729549	      +10.535960	       +2.847024	      -42.422982	       -2.590893	      -42.422982	       +0.000000	      -71.462980	      -71.462980
               9	               6	       +4.062047	       +4.062047	      +11.255691	       +3.696651	      -52.310809	       -2.590893	      -52.310809	       +0.000000	      -89.669278	      -89.669278
               9	               7	       +4.062047	       +4.062047	      +11.255691	       +3.696651	      -52.310809	       -2.590893	      -52.310809	       +0.000000	      -89.669278	      -89.669278
               9	               8	       +7.784322	       +7.784322	      +16.814325	       +1.136137	      -27.572566	       +0.000000	      -27.572566	       +0.000000	      -37.194671	      -37.194671
               9	               9	       +7.784322	       +7.784322	      +16.814325	       +1.136137	      -27.572566	       +0.000000	      -27.572566	       +0.000000	      -37.194671	      -37.194671
               9	              10	      +10.722893	      +10.722893	      +19.246948	       +1.899698	      -31.064281	       +0.000000	      -31.064281	       +0.000000	      -40.981917	      -40.981917
               9	              11	      +10.722893	      +10.722893	      +19.246948	       +1.899698	      -31.064281	       +0.000000	      -31.064281	       +0.000000	      -40.981917	      -40.981917
               9	              12	      +12.017668	      +12.017668	      +19.532508	       +3.255876	      -38.493917	       +0.000000	      -38.493917	       +0.000000	      -54.199450	      -54.199450
               9	              13	      +12.017668	      +12.017668	      +19.532508	       +3.255876	      -38.493917	       +0.000000	      -38.493917	       +0.000000	      -54.199450	      -54.199450
               9	              14	      +12.190626	      +12.190626	      +20.186023	       +2.460599	      -33.640803	       +0.000000	      -33.640803	       +0.000000	      -44.634983	      -44.634983
               9	              15	      +12.190626	      +12.190626	      +20.186023	       +2.460599	      -33.640803	       +0.000000	      -33.640803	       +0.000000	      -44.634983	      -44.634983
               9	              16	      +16.490593	      +16.490593	      +24.768868	       +2.393389	      -30.406886	       +0.000000	      -30.406886	       +0.000000	      -33.651515	      -33.651515
               9	              17	      +16.490594	      +16.490594	      +24.768868	       +2.393389	      -30.406886	       +0.000000	      -30.406886	       +0.000000	      -33.651515	      -33.651515
               9	              18	      +16.831650	      +16.831650	      +24.714144	       +2.574774	      -41.144402	       +0.000000	      -41.144402	       +0.000000	      -54.999886	      -54.999886
               9	              19	      +16.831650	      +16.831650	      +24.714144	       +2.574774	      -41.144402	       +0.000000	      -41.144402	       +0.000000	      -54.999886	      -54.999886
               9	              20	      +18.448777	      +18.448777	      +26.127340	       +2.973277	      -38.954841	       +0.000000	      -38.954841	       +0.000000	      -48.809064	      -48.809064
               9	              21	      +18.448777	      +18.448777	      +26.127340	       +2.973277	      -38.954841	       +0.000000	      -38.954841	       +0.000000	      -48.809064	      -48.809064
               9	              22	      +18.994914	      +18.994914	      +26.926294	       +2.757425	      -41.014001	       +0.000000	      -41.014001	       +0.000000	      -52.344282	      -52.344282
               9	              23	      +18.994914	      +18.994914	      +26.926294	       +2.757425	      -41.014001	       +0.000000	      -41.014001	       +0.000000	      -52.344282	      -52.344282
               9	              24	      +19.316776	      +19.316776	      +28.331760	       +1.587146	      -32.129804	       +0.000000	      -32.129804	       +0.000000	      -34.340701	      -34.340701
               9	              25	      +19.316776	      +19.316776	      +28.331760	       +1.587146	      -32.129804	       +0.000000	      -32.129804	       +0.000000	      -34.340701	      -34.340701
               9	              26	      +23.142792	      +23.142792	      +31.864269	       +2.169583	      -37.428352	       +0.000000	      -37.428352	       +0.000000	      -40.822852	      -40.822852
               9	              27	      +23.142792	      +23.142792	      +31.864269	       +2.169583	      -37.428352	       +0.000000	      -37.428352	       +0.000000	      -40.822852	      -40.822852
               9	              28	      +24.020018	      +24.020018	      +32.282713	       +2.049888	      -26.709557	       +0.000000	      -26.709557	       +0.000000	      -19.086513	      -19.086513
               9	              29	      +24.020018	      +24.020018	      +32.282713	       +2.049888	      -26.709557	       +0.000000	      -26.709557	       +0.000000	      -19.086513	      -19.086513
               9	              30	      +24.916874	      +24.916874	      +32.199678	       +3.592052	      -45.931316	       +0.000000	      -45.931316	       +0.000000	      -56.070903	      -56.070903
               9	              31	      +24.916874	      +24.916874	      +32.199678	       +3.592052	      -45.931316	       +0.000000	      -45.931316	       +0.000000	      -56.070903	      -56.070903
               9	              32	      +25.658279	      +25.658279	      +34.480923	       +1.431487	      -38.438673	       +0.000000	      -38.438673	       +0.000000	      -40.964936	      -40.964936
               9	              33	      +25.658279	      +25.658279	      +34.480923	       +1.431487	      -38.438673	       +0.000000	      -38.438673	       +0.000000	      -40.964936	      -40.964936
               9	              34	      +25.894803	      +25.894803	      +34.572158	       +1.762319	      -31.296806	       +0.000000	      -31.296806	       +0.000000	      -26.259134	      -26.259134
               9	              35	      +25.894803	      +25.894803	      +34.572158	       +1.762319	      -31.296806	       +0.000000	      -31.296806	       +0.000000	      -26.259134	      -26.259134
               9	              36	      +26.228227	      +26.228227	      +35.046556	       +1.592473	      -32.392751	       +0.000000	      -32.392751	       +0.000000	      -28.146473	      -28.146473
               9	              37	      +26.228227	      +26.228227	      +35.046556	       +1.592473	      -32.392751	       +0.000000	      -32.392751	       +0.000000	      -28.146473	      -28.146473
               9	              38	      +29.216331	      +29.216331	      +38.284645	       +0.360933	      -38.228588	       +0.000000	      -38.228588	       +0.000000	      -37.811597	      -37.811597
               9	              39	      +29.216331	      +29.216331	      +38.284645	       +0.360933	      -38.228588	       +0.000000	      -38.228588	       +0.000000	      -37.811597	      -37.811597
               9	              40	      +30.034572	      +30.034572	      +37.802690	       +3.317379	      -40.263569	       +0.000000	      -40.263569	       +0.000000	      -39.407069	      -39.407069
               9	              41	      +30.034572	      +30.034572	      +37.802689	       +3.317379	      -40.263569	       +0.000000	      -40.263569	       +0.000000	      -39.407069	      -39.407069
               9	              42	      +31.480037	      +31.480037	      +40.463823	       +1.345471	      -34.156247	       +0.000000	      -34.156247	       +0.000000	      -26.503200	      -26.503200
               9	              43	      +31.480037	      +31.480037	      +40.463823	       +1.345471	      -34.156247	       +0.000000	      -34.156247	       +0.000000	      -26.503200	      -26.503200
               9	              44	      +31.875144	      +31.875144	      +41.154045	       -0.105756	      -29.646685	       +0.000000	      -29.646685	       +0.000000	      -18.245081	      -18.245081
               9	              45	      +31.875144	      +31.875144	      +41.154045	       -0.105756	      -29.646685	       +0.000000	      -29.646685	       +0.000000	      -18.245081	      -18.245081
               9	              46	      +34.110067	      +34.110067	      +44.019365	       -0.593487	      -19.187597	       +0.000000	      -19.187597	       +0.000000	       +5.050683	       +5.050683
               9	              47	      +34.110067	      +34.110067	      +44.019365	       -0.593487	      -19.187597	       +0.000000	      -19.187597	       +0.000000	       +5.050683	       +5.050683
               9	              48	      +35.433254	      +35.433254	      +43.671075	       +1.036282	      -50.126412	       +0.000000	      -50.126412	       +0.000000	      -55.545468	      -55.545468
               9	              49	      +35.433254	      +35.433254	      +43.671075	       +1.036282	      -50.126412	       +0.000000	      -50.126412	       +0.000000	      -55.545468	      -55.545468
               9	              50	      +35.605396	      +35.605396	      +44.511917	       +1.567527	      -44.270261	       +0.000000	      -44.270261	       +0.000000	      -42.461079	      -42.461079
               9	              51	      +35.605396	      +35.605396	      +44.511917	       +1.567527	      -44.270261	       +0.000000	      -44.270261	       +0.000000	      -42.461079	      -42.461079
               9	              52	      +35.696503	      +35.696503	      +44.197552	       +0.020321	      -42.117815	       +0.000000	      -42.117815	       +0.000000	      -40.017757	      -40.017757
               9	              53	      +35.696503	      +35.696503	      +44.197552	       +0.020321	      -42.117815	       +0.000000	      -42.117815	       +0.000000	      -40.017757	      -40.017757
               9	              54	      +37.475892	      +37.475892	      +46.754949	       +0.069692	      -34.777044	       +0.000000	      -34.777044	       +0.000000	      -22.729447	      -22.729447
               9	              55	      +37.475892	      +37.475892	      +46.754949	       +0.069692	      -34.777044	       +0.000000	      -34.777044	       +0.000000	      -22.729447	      -22.729447

k-point 10:
              10	               0	       -1.550060	       -1.550060	       +5.444997	       +3.968822	      -49.682882	       -2.590893	      -49.682882	       +0.000000	      -89.951944	      -89.951944
              10	               1	       -1.550060	       -1.550060	       +5.444997	       +3.968822	      -49.682882	       -2.590893	      -49.682882	       +0.000000	      -89.951944	      -89.951944
              10	               2	       -1.550058	       -1.550058	       +5.444998	       +3.968822	      -49.682882	       -2.590893	      -49.682882	       +0.000000	      -89.951944	      -89.951944
              10	               3	       -1.550058	       -1.550058	       +5.444998	       +3.968822	      -49.682882	       -2.590893	      -49.682882	       +0.000000	      -89.951944	      -89.951944
              10	               4	       +3.412382	       +3.412382	      +10.769149	       +3.454045	      -49.123492	       -2.590893	      -49.123492	       +0.000000	      -84.023789	      -84.023789
              10	               5	       +3.412382	       +3.412382	      +10.769149	       +3.454045	      -49.123492	       -2.590893	      -49.123492	       +0.000000	      -84.023789	      -84.023789
              10	               6	       +3.412382	       +3.412382	      +10.769149	       +3.454045	      -49.123492	       -2.590893	      -49.123492	       +0.000000	      -84.023789	      -84.023789
              10	               7	       +3.412382	       +3.412382	      +10.769149	       +3.454045	      -49.123492	       -2.590893	      -49.123492	       +0.000000	      -84.023789	      -84.023789
              10	               8	       +6.973642	       +6.973642	      +16.284163	       +0.785814	      -23.373401	       +0.000000	      -23.373401	       +0.000000	      -29.676826	      -29.676826
              10	               9	       +6.973642	       +6.973642	      +16.284163	       +0.785814	      -23.373401	       +0.000000	      -23.373401	       +0.000000	      -29.676826	      -29.676826
              10	              10	       +6.973643	       +6.973643	      +16.284163	       +0.785814	      -23.373401	       +0.000000	      -23.373401	       +0.000000	      -29.676826	      -29.676826
              10	              11	       +6.973643	       +6.973643	      +16.284163	       +0.785814	      -23.373401	       +0.000000	      -23.373401	       +0.000000	      -29.676826	      -29.676826
              10	              12	      +16.370511	      +16.370511	      +23.754974	       +3.493261	      -25.226484	       +0.000000	      -25.226484	       +0.000000	      -23.204733	      -23.204733
              10	              13	      +16.370511	      +16.370511	      +23.754974	       +3.493261	      -25.226484	       +0.000000	      -25.226484	       +0.000000	      -23.204733	      -23.204733
              10	              14	      +16.370511	      +16.370511	      +23.754974	       +3.493261	      -25.226484	       +0.000000	      -25.226484	       +0.000000	      -23.204733	      -23.204733
              10	              15	      +16.370511	      +16.370511	      +23.754974	       +3.493261	      -25.226484	       +0.000000	      -25.226484	       +0.000000	      -23.204733	      -23.204733
              10	              16	      +17.284778	      +17.284778	      +24.610497	       +3.349335	      -61.014777	       +0.000000	      -61.014777	       +0.000000	      -94.069722	      -94.069722
              10	              17	      +17.284778	      +17.284778	      +24.610497	       +3.349335	      -61.014777	       +0.000000	      -61.014777	       +0.000000	      -94.069722	      -94.069722
              10	              18	      +17.284778	      +17.284778	      +24.610497	       +3.349335	      -61.014777	       +0.000000	      -61.014777	       +0.000000	      -94.069722	      -94.069722
              10	              19	      +17.284778	      +17.284778	      +24.610497	       +3.349335	      -61.014777	       +0.000000	      -61.014777	       +0.000000	      -94.069722	      -94.069722
              10	              20	      +18.816603	      +18.816603	      +26.787697	       +2.365605	      -36.468764	       +0.000000	      -36.468764	       +0.000000	      -43.784225	      -43.784225
              10	              21	      +18.816603	      +18.816603	      +26.787697	       +2.365605	      -36.468764	       +0.000000	      -36.468764	       +0.000000	      -43.784225	      -43.784225
              10	              22	      +18.816605	      +18.816605	      +26.787697	       +2.365605	      -36.468764	       +0.000000	      -36.468764	       +0.000000	      -43.784225	      -43.784225
              10	              23	      +18.816605	      +18.816605	      +26.787697	       +2.365605	      -36.468764	       +0.000000	      -36.468764	       +0.000000	      -43.784225	      -43.784225
              10	              24	      +19.332172	      +19.332172	      +26.859241	       +3.748367	      -47.653730	       +0.000000	      -47.653730	       +0.000000	      -64.699851	      -64.699851
              10	              25	      +19.332172	      +19.332172	      +26.859241	       +3.748367	      -47.653730	       +0.000000	      -47.653730	       +0.000000	      -64.699851	      -64.699851
              10	              26	      +19.332174	      +19.332174	      +26.859240	       +3.748367	      -47.653730	       +0.000000	      -47.653730	       +0.000000	      -64.699852	      -64.699852
              10	              27	      +19.332174	      +19.332174	      +26.859240	       +3.748367	      -47.653730	       +0.000000	      -47.653730	       +0.000000	      -64.699852	      -64.699852
              10	              28	      +25.151117	      +25.151117	      +34.257090	       +1.993434	      -26.460986	       +0.000000	      -26.460986	       +0.000000	      -16.671446	      -16.671446
              10	              29	      +25.151117	      +25.151117	      +34.257090	       +1.993434	      -26.460986	       +0.000000	      -26.460986	       +0.000000	      -16.671446	      -16.671446
              10	              30	      +25.151119	      +25.151119	      +34.257091	       +1.993434	      -26.460986	       +0.000000	      -26.460986	       +0.000000	      -16.671446	      -16.671446
              10	              31	      +25.151119	      +25.151119	      +34.257091	       +1.993434	      -26.460986	       +0.000000	      -26.460986	       +0.000000	      -16.671446	      -16.671446
              10	              32	      +26.013425	      +26.013425	      +36.289925	       -0.051970	      -10.567963	       +0.000000	      -10.567963	       +0.000000	      +15.102028	      +15.102028
              10	              33	      +26.013425	      +26.013425	      +36.289925	       -0.051970	      -10.567963	       +0.000000	      -10.567963	       +0.000000	      +15.102028	      +15.102028
              10	              34	      +26.013425	      +26.013425	      +36.289925	       -0.051970	      -10.567963	       +0.000000	      -10.567963	       +0.000000	      +15.102028	      +15.102028
              10	              35	      +26.013425	      +26.013425	      +36.289925	       -0.051970	      -10.567963	       +0.000000	      -10.567963	       +0.000000	      +15.102028	      +15.102028
              10	              36	      +26.507143	      +26.507143	      +35.640237	       +0.548053	      -32.913469	       +0.000000	      -32.913469	       +0.000000	      -29.638648	      -29.638648
              10	              37	      +26.507143	      +26.507143	      +35.640237	       +0.548053	      -32.913469	       +0.000000	      -32.913469	       +0.000000	      -29.638648	      -29.638648
              10	              38	      +26.507143	      +26.507143	      +35.640237	       +0.548053	      -32.913469	       +0.000000	      -32.913469	       +0.000000	      -29.638648	      -29.638648
              10	              39	      +26.507143	      +26.507143	      +35.640237	       +0.548053	      -32.913469	       +0.000000	      -32.913469	       +0.000000	      -29.638648	      -29.638648
              10	              40	      +27.810033	      +27.810033	      +37.578696	       -1.473977	      -28.056659	       +0.000000	      -28.056659	       +0.000000	      -20.008600	      -20.008600
              10	              41	      +27.810033	      +27.810033	      +37.578696	       -1.473977	      -28.056659	       +0.000000	      -28.056659	       +0.000000	      -20.008600	      -20.008600
              10	              42	      +27.810033	      +27.810033	      +37.578696	       -1.473977	      -28.056659	       +0.000000	      -28.056659	       +0.000000	      -20.008601	      -20.008601
              10	              43	      +27.810033	      +27.810033	      +37.578696	       -1.473977	      -28.056659	       +0.000000	      -28.056659	       +0.000000	      -20.008601	      -20.008601
              10	              44	      +31.745129	      +31.745129	      +38.751343	       +4.621361	      -52.041443	       +0.000000	      -52.041443	       +0.000000	      -60.710182	      -60.710182
              10	              45	      +31.745129	      +31.745129	      +38.751343	       +4.621361	      -52.041443	       +0.000000	      -52.041443	       +0.000000	      -60.710182	      -60.710182
              10	              46	      +31.745130	      +31.745130	      +38.751343	       +4.621361	      -52.041443	       +0.000000	      -52.041443	       +0.000000	      -60.710182	      -60.710182
              10	              47	      +31.745130	      +31.745130	      +38.751343	       +4.621361	      -52.041443	       +0.000000	      -52.041443	       +0.000000	      -60.710182	      -60.710182
              10	              48	      +35.791043	      +35.791043	      +43.005101	       +2.369668	      -68.804097	       +0.000000	      -68.804097	       +0.000000	      -92.233425	      -92.233425
              10	              49	      +35.791043	      +35.791043	      +43.005101	       +2.369668	      -68.804097	       +0.000000	      -68.804097	       +0.000000	      -92.233425	      -92.233425
              10	              50	      +35.791043	      +35.791043	      +43.005101	       +2.369668	      -68.804097	       +0.000000	      -68.804097	       +0.000000	      -92.233425	      -92.233425
              10	              51	      +35.791043	      +35.791043	      +43.005101	       +2.369668	      -68.804097	       +0.000000	      -68.804097	       +0.000000	      -92.233425	      -92.233425
              10	              52	      +40.523035	      +40.523035	      +50.030246	       -0.867576	      -19.055996	       +0.000000	      -19.055996	       +0.000000	      +11.050678	      +11.050678
              10	              53	      +40.523035	      +40.523035	      +50.030246	       -0.867576	      -19.055996	       +0.000000	      -19.055996	       +0.000000	      +11.050678	      +11.050678
              10	              54	      +40.523035	      +40.523035	      +50.030246	       -0.867576	      -19.055996	       +0.000000	      -19.055996	       +0.000000	      +11.050678	      +11.050678
              10	              55	      +40.523035	      +40.523035	      +50.030246	       -0.867576	      -19.055996	       +0.000000	      -19.055996	       +0.000000	      +11.050678	      +11.050678

k-point 11:
              11	               0	       -2.977123	       -2.977123	       +4.097939	       +3.849374	      -48.321582	       -2.590893	      -48.321582	       +0.000000	      -88.695851	      -88.695851
              11	               1	       -2.977123	       -2.977123	       +4.097939	       +3.849374	      -48.321582	       -2.590893	      -48.321582	       +0.000000	      -88.695851	      -88.695851
              11	               2	       -0.116049	       -0.116049	       +6.990797	       +3.824769	      -48.711337	       -2.590893	      -48.711337	       +0.000000	      -86.607108	      -86.607108
              11	               3	       -0.116049	       -0.116049	       +6.990797	       +3.824769	      -48.711337	       -2.590893	      -48.711337	       +0.000000	      -86.607108	      -86.607108
              11	               4	       +2.729549	       +2.729549	      +10.535958	       +2.847024	      -42.146678	       -2.590893	      -42.146678	       +0.000000	      -70.910373	      -70.910373
              11	               5	       +2.729549	       +2.729549	      +10.535958	       +2.847024	      -42.146678	       -2.590893	      -42.146678	       +0.000000	      -70.910373	      -70.910373
              11	               6	       +4.062047	       +4.062047	      +11.255690	       +3.696651	      -52.848725	       -2.590893	      -52.848725	       +0.000000	      -90.745109	      -90.745109
              11	               7	       +4.062047	       +4.062047	      +11.255690	       +3.696651	      -52.848725	       -2.590893	      -52.848725	       +0.000000	      -90.745109	      -90.745109
              11	               8	       +7.784322	       +7.784322	      +16.814325	       +1.136137	      -27.885515	       +0.000000	      -27.885515	       +0.000000	      -37.820569	      -37.820569
              11	               9	       +7.784322	       +7.784322	      +16.814325	       +1.136137	      -27.885515	       +0.000000	      -27.885515	       +0.000000	      -37.820569	      -37.820569
              11	              10	      +10.722893	      +10.722893	      +19.246946	       +1.899698	      -31.304226	       +0.000000	      -31.304226	       +0.000000	      -41.461809	      -41.461809
              11	              11	      +10.722893	      +10.722893	      +19.246946	       +1.899698	      -31.304226	       +0.000000	      -31.304226	       +0.000000	      -41.461809	      -41.461809
              11	              12	      +12.017668	      +12.017668	      +19.532507	       +3.255876	      -38.219305	       +0.000000	      -38.219305	       +0.000000	      -53.650228	      -53.650228
              11	              13	      +12.017668	      +12.017668	      +19.532507	       +3.255876	      -38.219305	       +0.000000	      -38.219305	       +0.000000	      -53.650228	      -53.650228
              11	              14	      +12.190626	      +12.190626	      +20.186024	       +2.460599	      -33.525277	       +0.000000	      -33.525277	       +0.000000	      -44.403930	      -44.403930
              11	              15	      +12.190626	      +12.190626	      +20.186024	       +2.460599	      -33.525277	       +0.000000	      -33.525277	       +0.000000	      -44.403930	      -44.403930
              11	              16	      +16.490593	      +16.490593	      +24.768868	       +2.393389	      -31.005053	       +0.000000	      -31.005053	       +0.000000	      -34.847848	      -34.847848
              11	              17	      +16.490594	      +16.490594	      +24.768868	       +2.393389	      -31.005053	       +0.000000	      -31.005053	       +0.000000	      -34.847848	      -34.847848
              11	              18	      +16.831650	      +16.831650	      +24.714144	       +2.574774	      -41.742869	       +0.000000	      -41.742869	       +0.000000	      -56.196819	      -56.196819
              11	              19	      +16.831650	      +16.831650	      +24.714144	       +2.574774	      -41.742869	       +0.000000	      -41.742869	       +0.000000	      -56.196819	      -56.196819
              11	              20	      +18.448777	      +18.448777	      +26.127340	       +2.973277	      -38.814555	       +0.000000	      -38.814555	       +0.000000	      -48.528494	      -48.528494
              11	              21	      +18.448777	      +18.448777	      +26.127340	       +2.973277	      -38.814555	       +0.000000	      -38.814555	       +0.000000	      -48.528494	      -48.528494
              11	              22	      +18.994914	      +18.994914	      +26.926294	       +2.757425	      -40.556624	       +0.000000	      -40.556624	       +0.000000	      -51.429530	      -51.429530
              11	              23	      +18.994914	      +18.994914	      +26.926294	       +2.757425	      -40.556624	       +0.000000	      -40.556624	       +0.000000	      -51.429530	      -51.429530
              11	              24	      +19.316776	      +19.316776	      +28.331760	       +1.587146	      -32.084394	       +0.000000	      -32.084394	       +0.000000	      -34.249882	      -34.249882
              11	              25	      +19.316776	      +19.316776	      +28.331760	       +1.587146	      -32.084394	       +0.000000	      -32.084394	       +0.000000	      -34.249882	      -34.249882
              11	              26	      +23.142792	      +23.142792	      +31.864268	       +2.169583	      -38.235571	       +0.000000	      -38.235571	       +0.000000	      -42.437292	      -42.437292
              11	              27	      +23.142792	      +23.142792	      +31.864268	       +2.169583	      -38.235571	       +0.000000	      -38.235571	       +0.000000	      -42.437292	      -42.437292
              11	              28	      +24.020018	      +24.020018	      +32.282713	       +2.049888	      -26.533275	       +0.000000	      -26.533275	       +0.000000	      -18.733949	      -18.733949
              11	              29	      +24.020018	      +24.020018	      +32.282713	       +2.049888	      -26.533275	       +0.000000	      -26.533275	       +0.000000	      -18.733949	      -18.733949
              11	              30	      +24.916874	      +24.916874	      +32.199677	       +3.592052	      -46.073774	       +0.000000	      -46.073774	       +0.000000	      -56.355819	      -56.355819
              11	              31	      +24.916874	      +24.916874	      +32.199677	       +3.592052	      -46.073774	       +0.000000	      -46.073774	       +0.000000	      -56.355819	      -56.355819
              11	              32	      +25.658279	      +25.658279	      +34.480925	       +1.431487	      -39.077477	       +0.000000	      -39.077477	       +0.000000	      -42.242542	      -42.242542
              11	              33	      +25.658279	      +25.658279	      +34.480925	       +1.431487	      -39.077477	       +0.000000	      -39.077477	       +0.000000	      -42.242542	      -42.242542
              11	              34	      +25.894803	      +25.894803	      +34.572159	       +1.762319	      -31.025721	       +0.000000	      -31.025721	       +0.000000	      -25.716964	      -25.716964
              11	              35	      +25.894803	      +25.894803	      +34.572159	       +1.762319	      -31.025721	       +0.000000	      -31.025721	       +0.000000	      -25.716964	      -25.716964
              11	              36	      +26.228227	      +26.228227	      +35.046556	       +1.592473	      -33.089847	       +0.000000	      -33.089847	       +0.000000	      -29.540664	      -29.540664
              11	              37	      +26.228227	      +26.228227	      +35.046556	       +1.592473	      -33.089847	       +0.000000	      -33.089847	       +0.000000	      -29.540664	      -29.540664
              11	              38	      +29.216331	      +29.216331	      +38.284645	       +0.360933	      -38.708164	       +0.000000	      -38.708164	       +0.000000	      -38.770749	      -38.770749
              11	              39	      +29.216331	      +29.216331	      +38.284645	       +0.360933	      -38.708164	       +0.000000	      -38.708164	       +0.000000	      -38.770749	      -38.770749
              11	              40	      +30.034572	      +30.034572	      +37.802689	       +3.317379	      -40.074107	       +0.000000	      -40.074107	       +0.000000	      -39.028147	      -39.028147
              11	              41	      +30.034572	      +30.034572	      +37.802689	       +3.317379	      -40.074107	       +0.000000	      -40.074107	       +0.000000	      -39.028147	      -39.028147
              11	              42	      +31.480037	      +31.480037	      +40.463823	       +1.345471	      -34.291749	       +0.000000	      -34.291749	       +0.000000	      -26.774203	      -26.774203
              11	              43	      +31.480037	      +31.480037	      +40.463823	       +1.345471	      -34.291749	       +0.000000	      -34.291749	       +0.000000	      -26.774203	      -26.774203
              11	              44	      +31.875144	      +31.875144	      +41.154045	       -0.105756	      -29.962963	       +0.000000	      -29.962963	       +0.000000	      -18.877636	      -18.877636
              11	              45	      +31.875144	      +31.875144	      +41.154045	       -0.105756	      -29.962963	       +0.000000	      -29.962963	       +0.000000	      -18.877636	      -18.877636
              11	              46	      +34.110067	      +34.110067	      +44.019364	       -0.593487	      -19.456091	       +0.000000	      -19.456091	       +0.000000	       +4.513696	       +4.513696
              11	              47	      +34.110067	      +34.110067	      +44.019364	       -0.593487	      -19.456091	       +0.000000	      -19.456091	       +0.000000	       +4.513696	       +4.513696
              11	              48	      +35.433254	      +35.433254	      +43.671074	       +1.036282	      -50.208320	       +0.000000	      -50.208320	       +0.000000	      -55.709282	      -55.709282
              11	              49	      +35.433254	      +35.433254	      +43.671074	       +1.036282	      -50.208320	       +0.000000	      -50.208320	       +0.000000	      -55.709282	      -55.709282
              11	              50	      +35.605396	      +35.605396	      +44.511917	       +1.567527	      -44.703796	       +0.000000	      -44.703796	       +0.000000	      -43.328148	      -43.328148
              11	              51	      +35.605396	      +35.605396	      +44.511917	       +1.567527	      -44.703796	       +0.000000	      -44.703796	       +0.000000	      -43.328148	      -43.328148
              11	              52	      +35.696503	      +35.696503	      +44.197552	       +0.020321	      -43.068087	       +0.000000	      -43.068087	       +0.000000	      -41.918302	      -41.918302
              11	              53	      +35.696503	      +35.696503	      +44.197552	       +0.020321	      -43.068087	       +0.000000	      -43.068087	       +0.000000	      -41.918302	      -41.918302
              11	              54	      +37.475892	      +37.475892	      +46.754949	       +0.069692	      -34.396627	       +0.000000	      -34.396627	       +0.000000	      -21.968613	      -21.968613
              11	              55	      +37.475892	      +37.475892	      +46.754949	       +0.069692	      -34.396627	       +0.000000	      -34.396627	       +0.000000	      -21.968613	      -21.968613

k-point 12:
              12	               0	       -4.897281	       -4.897281	       +2.488940	       +3.419332	      -42.396686	       -2.590893	      -42.396686	       +0.000000	      -78.885100	      -78.885100
              12	               1	       -4.897281	       -4.897281	       +2.488940	       +3.419332	      -42.396686	       -2.590893	      -42.396686	       +0.000000	      -78.885100	      -78.885100
              12	               2	       +2.340153	       +2.340153	       +9.569372	       +3.664203	      -46.570208	       -2.590893	      -46.570208	       +0.000000	      -79.906840	      -79.906840
              12	               3	       +2.340153	       +2.340153	       +9.569372	       +3.664203	      -46.570208	       -2.590893	      -46.570208	       +0.000000	      -79.906840	      -79.906840
              12	               4	       +5.498636	       +5.498636	      +12.205874	       +4.429253	      -57.576104	       -2.590893	      -57.576104	       +0.000000	      -98.517081	      -98.517081
              12	               5	       +5.498636	       +5.498636	      +12.205874	       +4.429253	      -57.576104	       -2.590893	      -57.576104	       +0.000000	      -98.517081	      -98.517081
              12	               6	       +5.529910	       +5.529910	      +12.240703	       +4.425612	      -57.519186	       -2.590893	      -57.519186	       +0.000000	      -98.372057	      -98.372057
              12	               7	       +5.529910	       +5.529910	      +12.240703	       +4.425612	      -57.519186	       -2.590893	      -57.519186	       +0.000000	      -98.372057	      -98.372057
              12	               8	       +8.294527	       +8.294527	      +16.190612	       +2.711286	      -34.106473	       +0.000000	      -34.106473	       +0.000000	      -49.311046	      -49.311046
              12	               9	       +8.294527	       +8.294527	      +16.190612	       +2.711286	      -34.106473	       +0.000000	      -34.106473	       +0.000000	      -49.311046	      -49.311046
              12	              10	       +9.757278	       +9.757278	      +17.800925	       +2.384125	      -31.010601	       +0.000000	      -31.010601	       +0.000000	      -41.836151	      -41.836151
              12	              11	       +9.757278	       +9.757278	      +17.800925	       +2.384125	      -31.010601	       +0.000000	      -31.010601	       +0.000000	      -41.836151	      -41.836151
              12	              12	       +9.778784	       +9.778784	      +17.827455	       +2.377745	      -30.979133	       +0.000000	      -30.979133	       +0.000000	      -41.753066	      -41.753066
              12	              13	       +9.778784	       +9.778784	      +17.827455	       +2.377745	      -30.979133	       +0.000000	      -30.979133	       +0.000000	      -41.753066	      -41.753066
              12	              14	      +13.191998	      +13.191998	      +20.589607	       +3.508040	      -38.583583	       +0.000000	      -38.583583	       +0.000000	      -53.069520	      -53.069520
              12	              15	      +13.191998	      +13.191998	      +20.589607	       +3.508040	      -38.583583	       +0.000000	      -38.583583	       +0.000000	      -53.069520	      -53.069520
              12	              16	      +13.473781	      +13.473781	      +22.044043	       +1.583871	      -30.030672	       +0.000000	      -30.030672	       +0.000000	      -36.433430	      -36.433430
              12	              17	      +13.473781	      +13.473781	      +22.044043	       +1.583871	      -30.030672	       +0.000000	      -30.030672	       +0.000000	      -36.433430	      -36.433430
              12	              18	      +13.476682	      +13.476682	      +22.045540	       +1.586257	      -30.035977	       +0.000000	      -30.035977	       +0.000000	      -36.440157	      -36.440157
              12	              19	      +13.476682	      +13.476682	      +22.045540	       +1.586257	      -30.035977	       +0.000000	      -30.035977	       +0.000000	      -36.440157	      -36.440157
              12	              20	      +15.270821	      +15.270821	      +25.770274	       -0.483108	      -17.184265	       +0.000000	      -17.184265	       +0.000000	       -9.081364	       -9.081364
              12	              21	      +15.270821	      +15.270821	      +25.770274	       -0.483108	      -17.184265	       +0.000000	      -17.184265	       +0.000000	       -9.081364	       -9.081364
              12	              22	      +18.122226	      +18.122226	      +27.697220	       +0.992609	      -26.538110	       +0.000000	      -26.538110	       +0.000000	      -24.386390	      -24.386390
              12	              23	      +18.122226	      +18.122226	      +27.697220	       +0.992609	      -26.538110	       +0.000000	      -26.538110	       +0.000000	      -24.386390	      -24.386390
              12	              24	      +20.916820	      +20.916820	      +29.693906	       +1.148905	      -18.553346	       +0.000000	      -18.553346	       +0.000000	       -6.263881	       -6.263881
              12	              25	      +20.916820	      +20.916820	      +29.693906	       +1.148905	      -18.553346	       +0.000000	      -18.553346	       +0.000000	       -6.263881	       -6.263881
              12	              26	      +20.923626	      +20.923626	      +29.702791	       +1.147016	      -18.534867	       +0.000000	      -18.534867	       +0.000000	       -6.219927	       -6.219927
              12	              27	      +20.923626	      +20.923626	      +29.702791	       +1.147016	      -18.534867	       +0.000000	      -18.534867	       +0.000000	       -6.219927	       -6.219927
              12	              28	      +24.149045	      +24.149045	      +32.553099	       +2.142334	      -40.960514	       +0.000000	      -40.960514	       +0.000000	      -47.225595	      -47.225595
              12	              29	      +24.149045	      +24.149045	      +32.553099	       +2.142334	      -40.960514	       +0.000000	      -40.960514	       +0.000000	      -47.225595	      -47.225595
              12	              30	      +24.160338	      +24.160338	      +32.564892	       +2.145782	      -40.935330	       +0.000000	      -40.935330	       +0.000000	      -47.159985	      -47.159985
              12	              31	      +24.160338	      +24.160338	      +32.564892	       +2.145782	      -40.935330	       +0.000000	      -40.935330	       +0.000000	      -47.159985	      -47.159985
              12	              32	      +24.284860	      +24.284860	      +32.671624	       +2.215689	      -34.781591	       +0.000000	      -34.781591	       +0.000000	      -34.675869	      -34.675869
              12	              33	      +24.284860	      +24.284860	      +32.671624	       +2.215689	      -34.781591	       +0.000000	      -34.781591	       +0.000000	      -34.675869	      -34.675869
              12	              34	      +26.372016	      +26.372016	      +37.102695	       -0.512831	      -25.251813	       +0.000000	      -25.251813	       +0.000000	      -13.913761	      -13.913761
              12	              35	      +26.372016	      +26.372016	      +37.102695	       -0.512831	      -25.251813	       +0.000000	      -25.251813	       +0.000000	      -13.913761	      -13.913761
              12	              36	      +30.301567	      +30.301567	      +37.612991	       +3.995735	      -47.144797	       +0.000000	      -47.144797	       +0.000000	      -52.680867	      -52.680867
              12	              37	      +30.301567	      +30.301567	      +37.612991	       +3.995735	      -47.144797	       +0.000000	      -47.144797	       +0.000000	      -52.680867	      -52.680867
              12	              38	      +30.302563	      +30.302563	      +37.614041	       +3.996024	      -47.147785	       +0.000000	      -47.147785	       +0.000000	      -52.685505	      -52.685505
              12	              39	      +30.302563	      +30.302563	      +37.614041	       +3.996024	      -47.147785	       +0.000000	      -47.147785	       +0.000000	      -52.685505	      -52.685505
              12	              40	      +32.945319	      +32.945319	      +40.115593	       +2.856991	      -74.573428	       +0.000000	      -74.573428	       +0.000000	     -106.174272	     -106.174272
              12	              41	      +32.945319	      +32.945319	      +40.115593	       +2.856991	      -74.573428	       +0.000000	      -74.573428	       +0.000000	     -106.174272	     -106.174272
              12	              42	      +32.986328	      +32.986328	      +40.151862	       +2.874336	      -74.684065	       +0.000000	      -74.684065	       +0.000000	     -106.341933	     -106.341933
              12	              43	      +32.986328	      +32.986328	      +40.151862	       +2.874336	      -74.684065	       +0.000000	      -74.684065	       +0.000000	     -106.341933	     -106.341933
              12	              44	      +34.149826	      +34.149826	      +41.423286	       +4.181532	      -68.910816	       +0.000000	      -68.910816	       +0.000000	      -92.216814	      -92.216814
              12	              45	      +34.149826	      +34.149826	      +41.423286	       +4.181532	      -68.910816	       +0.000000	      -68.910816	       +0.000000	      -92.216814	      -92.216814
              12	              46	      +35.732341	      +35.732341	      +44.704423	       +0.788477	      -32.674738	       +0.000000	      -32.674738	       +0.000000	      -19.856576	      -19.856576
              12	              47	      +35.732341	      +35.732341	      +44.704423	       +0.788477	      -32.674738	       +0.000000	      -32.674738	       +0.000000	      -19.856576	      -19.856576
              12	              48	      +36.350067	      +36.350067	      +44.320011	       +1.482492	      -26.134183	       +0.000000	      -26.134183	       +0.000000	       -6.465864	       -6.465864
              12	              49	      +36.350067	      +36.350067	      +44.320011	       +1.482492	      -26.134183	       +0.000000	      -26.134183	       +0.000000	       -6.465864	       -6.465864
              12	              50	      +38.139382	      +38.139382	      +47.170801	       -0.462698	      -31.451441	       +0.000000	      -31.451441	       +0.000000	      -16.194779	      -16.194779
              12	              51	      +38.139382	      +38.139382	      +47.170801	       -0.462698	      -31.451441	       +0.000000	      -31.451441	       +0.000000	      -16.194779	      -16.194779
              12	              52	      +38.146252	      +38.146252	      +47.178132	       -0.466982	      -31.455679	       +0.000000	      -31.455679	       +0.000000	      -16.200208	      -16.200208
              12	              53	      +38.146252	      +38.146252	      +47.178132	       -0.466982	      -31.455679	       +0.000000	      -31.455679	       +0.000000	      -16.200208	      -16.200208
              12	              54	      +39.729174	      +39.729174	      +48.601542	       +0.635973	      -32.012794	       +0.000000	      -32.012794	       +0.000000	      -14.788073	      -14.788073
              12	              55	      +39.729174	      +39.729174	      +48.601542	       +0.635973	      -32.012794	       +0.000000	      -32.012794	       +0.000000	      -14.788073	      -14.788073

k-point 13:
              13	               0	       -3.652141	       -3.652141	       +3.544673	       +3.681304	      -46.335851	       -2.590893	      -46.335851	       +0.000000	      -85.445726	      -85.445726
              13	               1	       -3.652141	       -3.652141	       +3.544673	       +3.681304	      -46.335851	       -2.590893	      -46.335851	       +0.000000	      -85.445726	      -85.445726
              13	               2	       +0.787803	       +0.787803	       +7.724261	       +4.063721	      -49.620944	       -2.590893	      -49.620944	       +0.000000	      -87.453906	      -87.453906
              13	               3	       +0.787803	       +0.787803	       +7.724261	       +4.063721	      -49.620944	       -2.590893	      -49.620944	       +0.000000	      -87.453906	      -87.453906
              13	               4	       +2.509647	       +2.509647	      +10.524592	       +2.558624	      -40.931427	       -2.590893	      -40.931427	       +0.000000	      -68.779637	      -68.779637
              13	               5	       +2.509647	       +2.509647	      +10.524592	       +2.558624	      -40.931427	       -2.590893	      -40.931427	       +0.000000	      -68.779637	      -68.779637
              13	               6	       +4.943158	       +4.943158	      +11.819007	       +4.166231	      -56.760763	       -2.590893	      -56.760763	       +0.000000	      -97.536287	      -97.536287
              13	               7	       +4.943158	       +4.943158	      +11.819007	       +4.166231	      -56.760763	       -2.590893	      -56.760763	       +0.000000	      -97.536287	      -97.536287
              13	               8	       +8.712783	       +8.712783	      +17.311174	       +1.669000	      -30.602613	       +0.000000	      -30.602613	       +0.000000	      -42.225052	      -42.225052
              13	               9	       +8.712783	       +8.712783	      +17.311174	       +1.669000	      -30.602613	       +0.000000	      -30.602613	       +0.000000	      -42.225052	      -42.225052
              13	              10	      +11.050364	      +11.050364	      +19.062555	       +2.453289	      -26.997896	       +0.000000	      -26.997896	       +0.000000	      -32.479946	      -32.479946
              13	              11	      +11.050364	      +11.050364	      +19.062555	       +2.453289	      -26.997896	       +0.000000	      -26.997896	       +0.000000	      -32.479946	      -32.479946
              13	              12	      +11.420223	      +11.420223	      +19.116461	       +3.187990	      -47.101867	       +0.000000	      -47.101867	       +0.000000	      -71.899282	      -71.899282
              13	              13	      +11.420223	      +11.420223	      +19.116461	       +3.187990	      -47.101867	       +0.000000	      -47.101867	       +0.000000	      -71.899282	      -71.899282
              13	              14	      +12.411762	      +12.411762	      +20.585141	       +2.344935	      -26.723989	       +0.000000	      -26.723989	       +0.000000	      -30.517903	      -30.517903
              13	              15	      +12.411762	      +12.411762	      +20.585141	       +2.344935	      -26.723989	       +0.000000	      -26.723989	       +0.000000	      -30.517903	      -30.517903
              13	              16	      +12.729589	      +12.729589	      +21.375180	       +1.506995	      -36.263787	       +0.000000	      -36.263787	       +0.000000	      -49.645399	      -49.645399
              13	              17	      +12.729589	      +12.729589	      +21.375180	       +1.506995	      -36.263787	       +0.000000	      -36.263787	       +0.000000	      -49.645399	      -49.645399
              13	              18	      +15.910103	      +15.910103	      +24.055257	       +2.502041	      -26.770260	       +0.000000	      -26.770260	       +0.000000	      -26.983222	      -26.983222
              13	              19	      +15.910103	      +15.910103	      +24.055257	       +2.502041	      -26.770260	       +0.000000	      -26.770260	       +0.000000	      -26.983222	      -26.983222
              13	              20	      +18.904572	      +18.904572	      +28.282799	       +1.071644	      -27.708878	       +0.000000	      -27.708878	       +0.000000	      -26.063313	      -26.063313
              13	              21	      +18.904572	      +18.904572	      +28.282799	       +1.071644	      -27.708878	       +0.000000	      -27.708878	       +0.000000	      -26.063313	      -26.063313
              13	              22	      +19.486085	      +19.486085	      +26.767428	       +3.512723	      -40.165487	       +0.000000	      -40.165487	       +0.000000	      -50.050824	      -50.050824
              13	              23	      +19.486085	      +19.486085	      +26.767427	       +3.512723	      -40.165487	       +0.000000	      -40.165487	       +0.000000	      -50.050824	      -50.050824
              13	              24	      +19.746882	      +19.746882	      +29.652683	       -0.038122	      -29.578221	       +0.000000	      -29.578221	       +0.000000	      -29.541880	      -29.541880
              13	              25	      +19.746882	      +19.746882	      +29.652683	       -0.038122	      -29.578221	       +0.000000	      -29.578221	       +0.000000	      -29.541880	      -29.541880
              13	              26	      +22.954193	      +22.954193	      +32.368143	       +1.039919	      -23.583253	       +0.000000	      -23.583253	       +0.000000	      -13.758443	      -13.758443
              13	              27	      +22.954193	      +22.954193	      +32.368143	       +1.039919	      -23.583253	       +0.000000	      -23.583253	       +0.000000	      -13.758443	      -13.758443
              13	              28	      +23.348114	      +23.348114	      +30.672381	       +3.559252	      -39.775108	       +0.000000	      -39.775108	       +0.000000	      -45.318582	      -45.318582
              13	              29	      +23.348114	      +23.348114	      +30.672381	       +3.559252	      -39.775108	       +0.000000	      -39.775108	       +0.000000	      -45.318582	      -45.318582
              13	              30	      +23.741265	      +23.741265	      +31.165693	       +3.547736	      -48.094477	       +0.000000	      -48.094477	       +0.000000	      -61.475524	      -61.475524
              13	              31	      +23.741265	      +23.741265	      +31.165693	       +3.547736	      -48.094477	       +0.000000	      -48.094477	       +0.000000	      -61.475524	      -61.475524
              13	              32	      +24.988924	      +24.988924	      +32.383285	       +3.298755	      -41.651664	       +0.000000	      -41.651664	       +0.000000	      -47.621287	      -47.621287
              13	              33	      +24.988924	      +24.988924	      +32.383285	       +3.298755	      -41.651664	       +0.000000	      -41.651664	       +0.000000	      -47.621287	      -47.621287
              13	              34	      +27.533701	      +27.533701	      +34.617617	       +3.467651	      -49.167485	       +0.000000	      -49.167485	       +0.000000	      -60.249702	      -60.249702
              13	              35	      +27.533701	      +27.533701	      +34.617617	       +3.467651	      -49.167485	       +0.000000	      -49.167485	       +0.000000	      -60.249702	      -60.249702
              13	              36	      +27.993170	      +27.993170	      +37.527727	       +0.437057	      -32.083452	       +0.000000	      -32.083452	       +0.000000	      -26.202120	      -26.202120
              13	              37	      +27.993170	      +27.993170	      +37.527727	       +0.437057	      -32.083452	       +0.000000	      -32.083452	       +0.000000	      -26.202120	      -26.202120
              13	              38	      +30.240858	      +30.240858	      +38.678004	       +2.498765	      -47.616610	       +0.000000	      -47.616610	       +0.000000	      -54.056451	      -54.056451
              13	              39	      +30.240858	      +30.240858	      +38.678004	       +2.498765	      -47.616610	       +0.000000	      -47.616610	       +0.000000	      -54.056451	      -54.056451
              13	              40	      +31.097912	      +31.097912	      +42.124424	       -0.929994	      -16.531842	       +0.000000	      -16.531842	       +0.000000	       +8.130746	       +8.130746
              13	              41	      +31.097912	      +31.097912	      +42.124424	       -0.929994	      -16.531842	       +0.000000	      -16.531842	       +0.000000	       +8.130746	       +8.130746
              13	              42	      +31.576764	      +31.576764	      +39.706331	       +2.047946	      -43.555992	       +0.000000	      -43.555992	       +0.000000	      -45.357707	      -45.357707
              13	              43	      +31.576764	      +31.576764	      +39.706331	       +2.047946	      -43.555992	       +0.000000	      -43.555992	       +0.000000	      -45.357707	      -45.357707
              13	              44	      +33.085153	      +33.085153	      +41.802653	       +0.697291	      -35.226349	       +0.000000	      -35.226349	       +0.000000	      -27.952756	      -27.952756
              13	              45	      +33.085153	      +33.085153	      +41.802653	       +0.697291	      -35.226349	       +0.000000	      -35.226349	       +0.000000	      -27.952756	      -27.952756
              13	              46	      +33.392607	      +33.392607	      +42.895960	       -0.412487	      -27.907298	       +0.000000	      -27.907298	       +0.000000	      -13.331123	      -13.331123
              13	              47	      +33.392607	      +33.392607	      +42.895960	       -0.412487	      -27.907298	       +0.000000	      -27.907298	       +0.000000	      -13.331123	      -13.331123
              13	              48	      +34.058356	      +34.058356	      +42.396661	       +1.529815	      -39.269403	       +0.000000	      -39.269403	       +0.000000	      -34.612329	      -34.612329
              13	              49	      +34.058356	      +34.058356	      +42.396661	       +1.529815	      -39.269403	       +0.000000	      -39.269403	       +0.000000	      -34.612329	      -34.612329
              13	              50	      +35.683006	      +35.683006	      +43.780323	       +0.494096	      -49.893646	       +0.000000	      -49.893646	       +0.000000	      -55.512872	      -55.512872
              13	              51	      +35.683006	      +35.683006	      +43.780323	       +0.494096	      -49.893646	       +0.000000	      -49.893646	       +0.000000	      -55.512872	      -55.512872
              13	              52	      +36.600157	      +36.600157	      +45.396038	       +1.267115	      -38.100299	       +0.000000	      -38.100299	       +0.000000	      -29.537446	      -29.537446
              13	              53	      +36.600157	      +36.600157	      +45.396038	       +1.267115	      -38.100299	       +0.000000	      -38.100299	       +0.000000	      -29.537446	      -29.537446
              13	              54	      +37.490963	      +37.490963	      +46.955028	       -0.850542	      -31.966056	       +0.000000	      -31.966056	       +0.000000	      -17.827625	      -17.827625
              13	              55	      +37.490963	      +37.490963	      +46.955028	       -0.850542	      -31.966056	       +0.000000	      -31.966056	       +0.000000	      -17.827625	      -17.827625

k-point 14:
              14	               0	       -2.977123	       -2.977123	       +4.097939	       +3.853836	      -48.402830	       -2.590893	      -48.402830	       +0.000000	      -88.853884	      -88.853884
              14	               1	       -2.977123	       -2.977123	       +4.097939	       +3.853836	      -48.402830	       -2.590893	      -48.402830	       +0.000000	      -88.853884	      -88.853884
              14	               2	       -0.116049	       -0.116049	       +6.990797	       +3.812954	      -49.181463	       -2.590893	      -49.181463	       +0.000000	      -87.559174	      -87.559174
              14	               3	       -0.116049	       -0.116049	       +6.990797	       +3.812954	      -49.181463	       -2.590893	      -49.181463	       +0.000000	      -87.559174	      -87.559174
              14	               4	       +2.729549	       +2.729549	      +10.535960	       +2.855505	      -42.659826	       -2.590893	      -42.659826	       +0.000000	      -71.928187	      -71.928187
              14	               5	       +2.729549	       +2.729549	      +10.535960	       +2.855505	      -42.659826	       -2.590893	      -42.659826	       +0.000000	      -71.928187	      -71.928187
              14	               6	       +4.062047	       +4.062047	      +11.255691	       +3.695136	      -52.979979	       -2.590893	      -52.979979	       +0.000000	      -91.009131	      -91.009131
              14	               7	       +4.062047	       +4.062047	      +11.255691	       +3.695136	      -52.979979	       -2.590893	      -52.979979	       +0.000000	      -91.009131	      -91.009131
              14	               8	       +7.784322	       +7.784322	      +16.814325	       +1.136446	      -27.844949	       +0.000000	      -27.844949	       +0.000000	      -37.739127	      -37.739127
              14	               9	       +7.784322	       +7.784322	      +16.814325	       +1.136446	      -27.844949	       +0.000000	      -27.844949	       +0.000000	      -37.739127	      -37.739127
              14	              10	      +10.722893	      +10.722893	      +19.246948	       +1.898937	      -30.859758	       +0.000000	      -30.859758	       +0.000000	      -40.573632	      -40.573632
              14	              11	      +10.722893	      +10.722893	      +19.246948	       +1.898937	      -30.859758	       +0.000000	      -30.859758	       +0.000000	      -40.573632	      -40.573632
              14	              12	      +12.017668	      +12.017668	      +19.532508	       +3.257751	      -38.588573	       +0.000000	      -38.588573	       +0.000000	      -54.386887	      -54.386887
              14	              13	      +12.017668	      +12.017668	      +19.532508	       +3.257751	      -38.588573	       +0.000000	      -38.588573	       +0.000000	      -54.386887	      -54.386887
              14	              14	      +12.190626	      +12.190626	      +20.186023	       +2.465113	      -33.338299	       +0.000000	      -33.338299	       +0.000000	      -44.025462	      -44.025462
              14	              15	      +12.190626	      +12.190626	      +20.186023	       +2.465113	      -33.338299	       +0.000000	      -33.338299	       +0.000000	      -44.025462	      -44.025462
              14	              16	      +16.490593	      +16.490593	      +24.768868	       +2.391431	      -31.379875	       +0.000000	      -31.379875	       +0.000000	      -35.599451	      -35.599451
              14	              17	      +16.490594	      +16.490594	      +24.768868	       +2.391431	      -31.379875	       +0.000000	      -31.379875	       +0.000000	      -35.599451	      -35.599451
              14	              18	      +16.831650	      +16.831650	      +24.714144	       +2.571198	      -42.001741	       +0.000000	      -42.001741	       +0.000000	      -56.718140	      -56.718140
              14	              19	      +16.831650	      +16.831650	      +24.714144	       +2.571198	      -42.001741	       +0.000000	      -42.001741	       +0.000000	      -56.718140	      -56.718140
              14	              20	      +18.448777	      +18.448777	      +26.127340	       +2.970720	      -39.070586	       +0.000000	      -39.070586	       +0.000000	      -49.043112	      -49.043112
              14	              21	      +18.448777	      +18.448777	      +26.127340	       +2.970720	      -39.070586	       +0.000000	      -39.070586	       +0.000000	      -49.043112	      -49.043112
              14	              22	      +18.994914	      +18.994914	      +26.926294	       +2.754146	      -40.664258	       +0.000000	      -40.664258	       +0.000000	      -51.648076	      -51.648076
              14	              23	      +18.994914	      +18.994914	      +26.926294	       +2.754146	      -40.664258	       +0.000000	      -40.664258	       +0.000000	      -51.648076	      -51.648076
              14	              24	      +19.316776	      +19.316776	      +28.331760	       +1.585919	      -32.650604	       +0.000000	      -32.650604	       +0.000000	      -35.383529	      -35.383529
              14	              25	      +19.316776	      +19.316776	      +28.331760	       +1.585919	      -32.650604	       +0.000000	      -32.650604	       +0.000000	      -35.383529	      -35.383529
              14	              26	      +23.142792	      +23.142792	      +31.864269	       +2.166615	      -37.470289	       +0.000000	      -37.470289	       +0.000000	      -40.909695	      -40.909695
              14	              27	      +23.142792	      +23.142792	      +31.864269	       +2.166615	      -37.470289	       +0.000000	      -37.470289	       +0.000000	      -40.909695	      -40.909695
              14	              28	      +24.020018	      +24.020018	      +32.282713	       +2.055695	      -26.769190	       +0.000000	      -26.769190	       +0.000000	      -19.199972	      -19.199972
              14	              29	      +24.020018	      +24.020018	      +32.282713	       +2.055695	      -26.769190	       +0.000000	      -26.769190	       +0.000000	      -19.199972	      -19.199972
              14	              30	      +24.916874	      +24.916874	      +32.199678	       +3.593518	      -46.514851	       +0.000000	      -46.514851	       +0.000000	      -57.236507	      -57.236507
              14	              31	      +24.916874	      +24.916874	      +32.199678	       +3.593518	      -46.514851	       +0.000000	      -46.514851	       +0.000000	      -57.236507	      -57.236507
              14	              32	      +25.658279	      +25.658279	      +34.480923	       +1.440056	      -38.855085	       +0.000000	      -38.855085	       +0.000000	      -41.789191	      -41.789191
              14	              33	      +25.658279	      +25.658279	      +34.480923	       +1.440056	      -38.855085	       +0.000000	      -38.855085	       +0.000000	      -41.789191	      -41.789191
              14	              34	      +25.894803	      +25.894803	      +34.572158	       +1.767512	      -30.941146	       +0.000000	      -30.941146	       +0.000000	      -25.542622	      -25.542622
              14	              35	      +25.894803	      +25.894803	      +34.572158	       +1.767512	      -30.941146	       +0.000000	      -30.941146	       +0.000000	      -25.542622	      -25.542622
              14	              36	      +26.228227	      +26.228227	      +35.046556	       +1.593040	      -32.825394	       +0.000000	      -32.825394	       +0.000000	      -29.011193	      -29.011193
              14	              37	      +26.228227	      +26.228227	      +35.046556	       +1.593040	      -32.825394	       +0.000000	      -32.825394	       +0.000000	      -29.011193	      -29.011193
              14	              38	      +29.216331	      +29.216331	      +38.284645	       +0.361919	      -38.552272	       +0.000000	      -38.552272	       +0.000000	      -38.457979	      -38.457979
              14	              39	      +29.216331	      +29.216331	      +38.284645	       +0.361919	      -38.552272	       +0.000000	      -38.552272	       +0.000000	      -38.457979	      -38.457979
              14	              40	      +30.034572	      +30.034572	      +37.802690	       +3.326250	      -40.352596	       +0.000000	      -40.352596	       +0.000000	      -39.576253	      -39.576253
              14	              41	      +30.034572	      +30.034572	      +37.802689	       +3.326250	      -40.352596	       +0.000000	      -40.352596	       +0.000000	      -39.576253	      -39.576253
              14	              42	      +31.480037	      +31.480037	      +40.463823	       +1.343263	      -34.517099	       +0.000000	      -34.517099	       +0.000000	      -27.227111	      -27.227111
              14	              43	      +31.480037	      +31.480037	      +40.463823	       +1.343263	      -34.517099	       +0.000000	      -34.517099	       +0.000000	      -27.227111	      -27.227111
              14	              44	      +31.875144	      +31.875144	      +41.154045	       -0.097660	      -30.323609	       +0.000000	      -30.323609	       +0.000000	      -19.590832	      -19.590832
              14	              45	      +31.875144	      +31.875144	      +41.154045	       -0.097660	      -30.323609	       +0.000000	      -30.323609	       +0.000000	      -19.590832	      -19.590832
              14	              46	      +34.110067	      +34.110067	      +44.019365	       -0.592447	      -19.499023	       +0.000000	      -19.499023	       +0.000000	       +4.428873	       +4.428873
              14	              47	      +34.110067	      +34.110067	      +44.019365	       -0.592447	      -19.499023	       +0.000000	      -19.499023	       +0.000000	       +4.428873	       +4.428873
              14	              48	      +35.433254	      +35.433254	      +43.671075	       +1.041691	      -50.211161	       +0.000000	      -50.211161	       +0.000000	      -55.709557	      -55.709557
              14	              49	      +35.433254	      +35.433254	      +43.671075	       +1.041691	      -50.211161	       +0.000000	      -50.211161	       +0.000000	      -55.709557	      -55.709557
              14	              50	      +35.605396	      +35.605396	      +44.511917	       +1.541398	      -44.755571	       +0.000000	      -44.755571	       +0.000000	      -43.457828	      -43.457828
              14	              51	      +35.605396	      +35.605396	      +44.511917	       +1.541398	      -44.755571	       +0.000000	      -44.755571	       +0.000000	      -43.457828	      -43.457828
              14	              52	      +35.696503	      +35.696503	      +44.197552	       +0.009684	      -43.388321	       +0.000000	      -43.388321	       +0.000000	      -42.569407	      -42.569407
              14	              53	      +35.696503	      +35.696503	      +44.197552	       +0.009684	      -43.388321	       +0.000000	      -43.388321	       +0.000000	      -42.569407	      -42.569407
              14	              54	      +37.475892	      +37.475892	      +46.754949	       +0.075037	      -34.068880	       +0.000000	      -34.068880	       +0.000000	      -21.307774	      -21.307774
              14	              55	      +37.475892	      +37.475892	      +46.754949	       +0.075037	      -34.068880	       +0.000000	      -34.068880	       +0.000000	      -21.307774	      -21.307774

k-point 15:
              15	               0	       -4.614925	       -4.614925	       +2.750870	       +3.449469	      -43.353952	       -2.590893	      -43.353952	       +0.000000	      -80.507564	      -80.507564
              15	               1	       -4.614925	       -4.614925	       +2.750870	       +3.449469	      -43.353952	       -2.590893	      -43.353952	       +0.000000	      -80.507564	      -80.507564
              15	               2	       +2.755221	       +2.755221	       +9.305042	       +4.618016	      -54.300626	       -2.590893	      -54.300626	       +0.000000	      -94.678193	      -94.678193
              15	               3	       +2.755221	       +2.755221	       +9.305042	       +4.618016	      -54.300626	       -2.590893	      -54.300626	       +0.000000	      -94.678193	      -94.678193
              15	               4	       +4.373519	       +4.373519	      +11.554705	       +3.723463	      -50.841316	       -2.590893	      -50.841316	       +0.000000	      -86.404463	      -86.404463
              15	               5	       +4.373519	       +4.373519	      +11.554705	       +3.723463	      -50.841316	       -2.590893	      -50.841316	       +0.000000	      -86.404463	      -86.404463
              15	               6	       +4.381957	       +4.381957	      +11.568551	       +3.715690	      -50.745116	       -2.590893	      -50.745116	       +0.000000	      -86.205990	      -86.205990
              15	               7	       +4.381957	       +4.381957	      +11.568551	       +3.715690	      -50.745116	       -2.590893	      -50.745116	       +0.000000	      -86.205990	      -86.205990
              15	               8	       +7.392382	       +7.392382	      +16.241815	       +1.414614	      -25.897814	       +0.000000	      -25.897814	       +0.000000	      -34.139199	      -34.139199
              15	               9	       +7.392382	       +7.392382	      +16.241815	       +1.414614	      -25.897814	       +0.000000	      -25.897814	       +0.000000	      -34.139199	      -34.139199
              15	              10	       +9.398127	       +9.398127	      +18.519978	       +0.959405	      -23.456893	       +0.000000	      -23.456893	       +0.000000	      -27.434404	      -27.434404
              15	              11	       +9.398127	       +9.398127	      +18.519978	       +0.959405	      -23.456893	       +0.000000	      -23.456893	       +0.000000	      -27.434404	      -27.434404
              15	              12	      +12.028949	      +12.028949	      +19.381505	       +3.451144	      -39.958753	       +0.000000	      -39.958753	       +0.000000	      -57.084856	      -57.084856
              15	              13	      +12.028949	      +12.028949	      +19.381505	       +3.451144	      -39.958753	       +0.000000	      -39.958753	       +0.000000	      -57.084856	      -57.084856
              15	              14	      +12.031515	      +12.031515	      +19.373896	       +3.467039	      -40.080284	       +0.000000	      -40.080284	       +0.000000	      -57.319632	      -57.319632
              15	              15	      +12.031515	      +12.031515	      +19.373896	       +3.467039	      -40.080284	       +0.000000	      -40.080284	       +0.000000	      -57.319632	      -57.319632
              15	              16	      +14.339292	      +14.339292	      +21.405258	       +3.805563	      -46.024027	       +0.000000	      -46.024027	       +0.000000	      -66.837234	      -66.837234
              15	              17	      +14.339292	      +14.339292	      +21.405258	       +3.805563	      -46.024027	       +0.000000	      -46.024027	       +0.000000	      -66.837234	      -66.837234
              15	              18	      +15.219769	      +15.219769	      +23.296614	       +2.178801	      -35.752284	       +0.000000	      -35.752284	       +0.000000	      -46.029152	      -46.029152
              15	              19	      +15.219769	      +15.219769	      +23.296614	       +2.178801	      -35.752284	       +0.000000	      -35.752284	       +0.000000	      -46.029152	      -46.029152
              15	              20	      +17.717556	      +17.717556	      +27.464506	       +0.958476	      -28.042694	       +0.000000	      -28.042694	       +0.000000	      -27.662407	      -27.662407
              15	              21	      +17.717556	      +17.717556	      +27.464506	       +0.958476	      -28.042694	       +0.000000	      -28.042694	       +0.000000	      -27.662407	      -27.662407
              15	              22	      +19.280829	      +19.280829	      +28.761607	       +0.180579	      -13.510088	       +0.000000	      -13.510088	       +0.000000	       +1.922010	       +1.922010
              15	              23	      +19.280829	      +19.280829	      +28.761607	       +0.180579	      -13.510088	       +0.000000	      -13.510088	       +0.000000	       +1.922010	       +1.922010
              15	              24	      +19.285927	      +19.285927	      +28.769737	       +0.176662	      -13.471400	       +0.000000	      -13.471400	       +0.000000	       +2.003599	       +2.003599
              15	              25	      +19.285927	      +19.285927	      +28.769737	       +0.176662	      -13.471400	       +0.000000	      -13.471400	       +0.000000	       +2.003599	       +2.003599
              15	              26	      +20.016253	      +20.016253	      +30.080584	       +0.257519	      -19.643939	       +0.000000	      -19.643939	       +0.000000	       -8.949776	       -8.949776
              15	              27	      +20.016253	      +20.016253	      +30.080584	       +0.257519	      -19.643939	       +0.000000	      -19.643939	       +0.000000	       -8.949776	       -8.949776
              15	              28	      +23.701060	      +23.701060	      +32.089950	       +2.336979	      -46.502124	       +0.000000	      -46.502124	       +0.000000	      -58.577320	      -58.577320
              15	              29	      +23.701060	      +23.701060	      +32.089950	       +2.336979	      -46.502124	       +0.000000	      -46.502124	       +0.000000	      -58.577320	      -58.577320
              15	              30	      +23.719363	      +23.719363	      +32.108561	       +2.342314	      -46.450983	       +0.000000	      -46.450983	       +0.000000	      -58.451092	      -58.451092
              15	              31	      +23.719363	      +23.719363	      +32.108561	       +2.342314	      -46.450983	       +0.000000	      -46.450983	       +0.000000	      -58.451092	      -58.451092
              15	              32	      +24.638544	      +24.638544	      +32.370408	       +2.728707	      -36.867452	       +0.000000	      -36.867452	       +0.000000	      -38.635789	      -38.635789
              15	              33	      +24.638544	      +24.638544	      +32.370408	       +2.728707	      -36.867452	       +0.000000	      -36.867452	       +0.000000	      -38.635789	      -38.635789
              15	              34	      +26.649740	      +26.649740	      +34.152485	       +2.650170	      -49.105544	       +0.000000	      -49.105544	       +0.000000	      -61.408433	      -61.408433
              15	              35	      +26.649740	      +26.649740	      +34.152485	       +2.650170	      -49.105544	       +0.000000	      -49.105544	       +0.000000	      -61.408433	      -61.408433
              15	              36	      +27.231264	      +27.231264	      +36.591006	       +1.262029	      -16.505725	       +0.000000	      -16.505725	       +0.000000	       +4.841586	       +4.841586
              15	              37	      +27.231264	      +27.231264	      +36.591006	       +1.262029	      -16.505725	       +0.000000	      -16.505725	       +0.000000	       +4.841586	       +4.841586
              15	              38	      +31.194220	      +31.194220	      +40.132771	       +2.305007	      -47.400786	       +0.000000	      -47.400786	       +0.000000	      -52.363795	      -52.363795
              15	              39	      +31.194220	      +31.194220	      +40.132771	       +2.305007	      -47.400786	       +0.000000	      -47.400786	       +0.000000	      -52.363795	      -52.363795
              15	              40	      +32.544431	      +32.544431	      +40.209582	       +2.504695	      -39.530445	       +0.000000	      -39.530445	       +0.000000	      -36.346614	      -36.346614
              15	              41	      +32.544431	      +32.544431	      +40.209582	       +2.504695	      -39.530445	       +0.000000	      -39.530445	       +0.000000	      -36.346614	      -36.346614
              15	              42	      +33.611925	      +33.611925	      +40.867392	       +3.510795	      -73.602029	       +0.000000	      -73.602029	       +0.000000	     -102.825870	     -102.825870
              15	              43	      +33.611925	      +33.611925	      +40.867392	       +3.510795	      -73.602029	       +0.000000	      -73.602029	       +0.000000	     -102.825870	     -102.825870
              15	              44	      +33.626510	      +33.626510	      +40.881568	       +3.527499	      -73.570980	       +0.000000	      -73.570980	       +0.000000	     -102.732894	     -102.732894
              15	              45	      +33.626510	      +33.626510	      +40.881568	       +3.527499	      -73.570980	       +0.000000	      -73.570980	       +0.000000	     -102.732894	     -102.732894
              15	              46	      +35.803158	      +35.803158	      +44.985256	       -0.290210	      -16.795008	       +0.000000	      -16.795008	       +0.000000	      +11.105030	      +11.105030
              15	              47	      +35.803158	      +35.803158	      +44.985256	       -0.290210	      -16.795008	       +0.000000	      -16.795008	       +0.000000	      +11.105030	      +11.105030
              15	              48	      +35.810398	      +35.810398	      +44.991953	       -0.310474	      -16.773813	       +0.000000	      -16.773813	       +0.000000	      +11.133854	      +11.133854
              15	              49	      +35.810398	      +35.810398	      +44.991953	       -0.310474	      -16.773813	       +0.000000	      -16.773813	       +0.000000	      +11.133854	      +11.133854
              15	              50	      +35.948236	      +35.948236	      +44.091018	       +3.043601	      -63.617095	       +0.000000	      -63.617095	       +0.000000	      -80.099571	      -80.099571
              15	              51	      +35.948236	      +35.948236	      +44.091018	       +3.043601	      -63.617095	       +0.000000	      -63.617095	       +0.000000	      -80.099570	      -80.099570
              15	              52	      +36.635940	      +36.635940	      +45.858683	       -0.868173	      -36.761044	       +0.000000	      -36.761044	       +0.000000	      -28.531578	      -28.531578
              15	              53	      +36.635940	      +36.635940	      +45.858683	       -0.868173	      -36.761044	       +0.000000	      -36.761044	       +0.000000	      -28.531578	      -28.531578
              15	              54	      +40.920502	      +40.920502	      +48.907548	       -0.505464	      -31.495157	       +0.000000	      -31.495157	       +0.000000	      -14.588230	      -14.588230
              15	              55	      +40.920502	      +40.920502	      +48.907548	       -0.505464	      -31.495157	       +0.000000	      -31.495157	       +0.000000	      -14.588230	      -14.588230

k-point 16:
              16	               0	       -4.897281	       -4.897281	       +2.488941	       +3.421536	      -41.960587	       -2.590893	      -41.960587	       +0.000000	      -78.010697	      -78.010697
              16	               1	       -4.897281	       -4.897281	       +2.488941	       +3.421536	      -41.960587	       -2.590893	      -41.960587	       +0.000000	      -78.010697	      -78.010697
              16	               2	       +2.340153	       +2.340153	       +9.569374	       +3.660023	      -48.145460	       -2.590893	      -48.145460	       +0.000000	      -83.061524	      -83.061524
              16	               3	       +2.340153	       +2.340153	       +9.569374	       +3.660023	      -48.145460	       -2.590893	      -48.145460	       +0.000000	      -83.061524	      -83.061524
              16	               4	       +5.498636	       +5.498636	      +12.205955	       +4.429421	      -57.080384	       -2.590893	      -57.080384	       +0.000000	      -97.525391	      -97.525391
              16	               5	       +5.498636	       +5.498636	      +12.205955	       +4.429421	      -57.080384	       -2.590893	      -57.080384	       +0.000000	      -97.525391	      -97.525391
              16	               6	       +5.529910	       +5.529910	      +12.240624	       +4.425776	      -57.020438	       -2.590893	      -57.020438	       +0.000000	      -97.374477	      -97.374477
              16	               7	       +5.529910	       +5.529910	      +12.240624	       +4.425776	      -57.020438	       -2.590893	      -57.020438	       +0.000000	      -97.374477	      -97.374477
              16	               8	       +8.294527	       +8.294527	      +16.190613	       +2.722700	      -33.334565	       +0.000000	      -33.334565	       +0.000000	      -47.755816	      -47.755816
              16	               9	       +8.294527	       +8.294527	      +16.190613	       +2.722700	      -33.334565	       +0.000000	      -33.334565	       +0.000000	      -47.755816	      -47.755816
              16	              10	       +9.757278	       +9.757278	      +17.800980	       +2.394320	      -31.606090	       +0.000000	      -31.606090	       +0.000000	      -43.016881	      -43.016881
              16	              11	       +9.757278	       +9.757278	      +17.800980	       +2.394320	      -31.606090	       +0.000000	      -31.606090	       +0.000000	      -43.016881	      -43.016881
              16	              12	       +9.778784	       +9.778784	      +17.827400	       +2.387717	      -31.572149	       +0.000000	      -31.572149	       +0.000000	      -42.929180	      -42.929180
              16	              13	       +9.778784	       +9.778784	      +17.827400	       +2.387717	      -31.572149	       +0.000000	      -31.572149	       +0.000000	      -42.929180	      -42.929180
              16	              14	      +13.191998	      +13.191998	      +20.589607	       +3.486971	      -38.862456	       +0.000000	      -38.862456	       +0.000000	      -53.648335	      -53.648335
              16	              15	      +13.191998	      +13.191998	      +20.589607	       +3.486971	      -38.862456	       +0.000000	      -38.862456	       +0.000000	      -53.648335	      -53.648335
              16	              16	      +13.473781	      +13.473781	      +22.044050	       +1.580926	      -30.428049	       +0.000000	      -30.428049	       +0.000000	      -37.231121	      -37.231121
              16	              17	      +13.473781	      +13.473781	      +22.044050	       +1.580926	      -30.428049	       +0.000000	      -30.428049	       +0.000000	      -37.231121	      -37.231121
              16	              18	      +13.476682	      +13.476682	      +22.045533	       +1.583178	      -30.431043	       +0.000000	      -30.431043	       +0.000000	      -37.233375	      -37.233375
              16	              19	      +13.476682	      +13.476682	      +22.045533	       +1.583178	      -30.431043	       +0.000000	      -30.431043	       +0.000000	      -37.233375	      -37.233375
              16	              20	      +15.270821	      +15.270821	      +25.770274	       -0.511525	      -17.139504	       +0.000000	      -17.139504	       +0.000000	       -9.020261	       -9.020261
              16	              21	      +15.270821	      +15.270821	      +25.770274	       -0.511525	      -17.139504	       +0.000000	      -17.139504	       +0.000000	       -9.020261	       -9.020261
              16	              22	      +18.122226	      +18.122226	      +27.697221	       +0.999617	      -25.967433	       +0.000000	      -25.967433	       +0.000000	      -23.238028	      -23.238028
              16	              23	      +18.122226	      +18.122226	      +27.697221	       +0.999617	      -25.967433	       +0.000000	      -25.967433	       +0.000000	      -23.238028	      -23.238028
              16	              24	      +20.916820	      +20.916820	      +29.693923	       +1.154463	      -18.399290	       +0.000000	      -18.399290	       +0.000000	       -5.950194	       -5.950194
              16	              25	      +20.916820	      +20.916820	      +29.693923	       +1.154463	      -18.399290	       +0.000000	      -18.399290	       +0.000000	       -5.950194	       -5.950194
              16	              26	      +20.923626	      +20.923626	      +29.702774	       +1.152405	      -18.379291	       +0.000000	      -18.379291	       +0.000000	       -5.903402	       -5.903402
              16	              27	      +20.923626	      +20.923626	      +29.702774	       +1.152405	      -18.379291	       +0.000000	      -18.379291	       +0.000000	       -5.903402	       -5.903402
              16	              28	      +24.149045	      +24.149045	      +32.553140	       +2.145702	      -41.574117	       +0.000000	      -41.574117	       +0.000000	      -48.449391	      -48.449391
              16	              29	      +24.149045	      +24.149045	      +32.553140	       +2.145702	      -41.574117	       +0.000000	      -41.574117	       +0.000000	      -48.449391	      -48.449391
              16	              30	      +24.160338	      +24.160338	      +32.564865	       +2.148923	      -41.538681	       +0.000000	      -41.538681	       +0.000000	      -48.363574	      -48.363574
              16	              31	      +24.160338	      +24.160338	      +32.564865	       +2.148923	      -41.538681	       +0.000000	      -41.538681	       +0.000000	      -48.363574	      -48.363574
              16	              32	      +24.284860	      +24.284860	      +32.671612	       +2.173393	      -35.402717	       +0.000000	      -35.402717	       +0.000000	      -35.960429	      -35.960429
              16	              33	      +24.284860	      +24.284860	      +32.671612	       +2.173393	      -35.402717	       +0.000000	      -35.402717	       +0.000000	      -35.960429	      -35.960429
              16	              34	      +26.372016	      +26.372016	      +37.102695	       -0.513875	      -25.287919	       +0.000000	      -25.287919	       +0.000000	      -13.987018	      -13.987018
              16	              35	      +26.372016	      +26.372016	      +37.102695	       -0.513875	      -25.287919	       +0.000000	      -25.287919	       +0.000000	      -13.987018	      -13.987018
              16	              36	      +30.301567	      +30.301567	      +37.612994	       +3.949565	      -45.309436	       +0.000000	      -45.309436	       +0.000000	      -49.056313	      -49.056313
              16	              37	      +30.301567	      +30.301567	      +37.612994	       +3.949565	      -45.309436	       +0.000000	      -45.309436	       +0.000000	      -49.056313	      -49.056313
              16	              38	      +30.302563	      +30.302563	      +37.614038	       +3.949931	      -45.312310	       +0.000000	      -45.312310	       +0.000000	      -49.060650	      -49.060650
              16	              39	      +30.302563	      +30.302563	      +37.614038	       +3.949931	      -45.312310	       +0.000000	      -45.312310	       +0.000000	      -49.060650	      -49.060650
              16	              40	      +32.945319	      +32.945319	      +40.115700	       +2.953443	      -74.583237	       +0.000000	      -74.583237	       +0.000000	     -106.097331	     -106.097331
              16	              41	      +32.945319	      +32.945319	      +40.115700	       +2.953443	      -74.583237	       +0.000000	      -74.583237	       +0.000000	     -106.097331	     -106.097331
              16	              42	      +32.986328	      +32.986328	      +40.151758	       +2.971941	      -74.678248	       +0.000000	      -74.678248	       +0.000000	     -106.232797	     -106.232797
              16	              43	      +32.986328	      +32.986328	      +40.151758	       +2.971941	      -74.678248	       +0.000000	      -74.678248	       +0.000000	     -106.232797	     -106.232797
              16	              44	      +34.149826	      +34.149826	      +41.423286	       +4.237757	      -68.804346	       +0.000000	      -68.804346	       +0.000000	      -91.947649	      -91.947649
              16	              45	      +34.149826	      +34.149826	      +41.423286	       +4.237757	      -68.804346	       +0.000000	      -68.804346	       +0.000000	      -91.947649	      -91.947649
              16	              46	      +35.732341	      +35.732341	      +44.704422	       +0.878691	      -33.653070	       +0.000000	      -33.653070	       +0.000000	      -21.723027	      -21.723027
              16	              47	      +35.732341	      +35.732341	      +44.704422	       +0.878691	      -33.653070	       +0.000000	      -33.653070	       +0.000000	      -21.723027	      -21.723027
              16	              48	      +36.350067	      +36.350067	      +44.320011	       +1.550693	      -26.296680	       +0.000000	      -26.296680	       +0.000000	       -6.722657	       -6.722657
              16	              49	      +36.350067	      +36.350067	      +44.320011	       +1.550693	      -26.296680	       +0.000000	      -26.296680	       +0.000000	       -6.722657	       -6.722657
              16	              50	      +38.139382	      +38.139382	      +47.170819	       -0.536554	      -32.600712	       +0.000000	      -32.600712	       +0.000000	      -18.567159	      -18.567159
              16	              51	      +38.139382	      +38.139382	      +47.170819	       -0.536554	      -32.600712	       +0.000000	      -32.600712	       +0.000000	      -18.567159	      -18.567159
              16	              52	      +38.146252	      +38.146252	      +47.178115	       -0.540542	      -32.607674	       +0.000000	      -32.607674	       +0.000000	      -18.577776	      -18.577776
              16	              53	      +38.146252	      +38.146252	      +47.178115	       -0.540542	      -32.607674	       +0.000000	      -32.607674	       +0.000000	      -18.577776	      -18.577776
              16	              54	      +39.729174	      +39.729174	      +48.601556	       +0.568610	      -32.398546	       +0.000000	      -32.398546	       +0.000000	      -15.626926	      -15.626926
              16	              55	      +39.729174	      +39.729174	      +48.601556	       +0.568610	      -32.398546	       +0.000000	      -32.398546	       +0.000000	      -15.626926	      -15.626926

k-point 17:
              17	               0	       -4.614925	       -4.614925	       +2.750870	       +3.449461	      -43.107469	       -2.590893	      -43.107469	       +0.000000	      -80.014607	      -80.014607
              17	               1	       -4.614925	       -4.614925	       +2.750870	       +3.449461	      -43.107469	       -2.590893	      -43.107469	       +0.000000	      -80.014607	      -80.014607
              17	               2	       +2.755221	       +2.755221	       +9.305042	       +4.618013	      -56.796741	       -2.590893	      -56.796741	       +0.000000	      -99.670427	      -99.670427
              17	               3	       +2.755221	       +2.755221	       +9.305042	       +4.618013	      -56.796741	       -2.590893	      -56.796741	       +0.000000	      -99.670427	      -99.670427
              17	               4	       +4.373519	       +4.373519	      +11.554705	       +3.724100	      -50.604031	       -2.590893	      -50.604031	       +0.000000	      -85.929257	      -85.929257
              17	               5	       +4.373519	       +4.373519	      +11.554705	       +3.724100	      -50.604031	       -2.590893	      -50.604031	       +0.000000	      -85.929257	      -85.929257
              17	               6	       +4.381957	       +4.381957	      +11.568551	       +3.716316	      -50.516429	       -2.590893	      -50.516429	       +0.000000	      -85.747991	      -85.747991
              17	               7	       +4.381957	       +4.381957	      +11.568551	       +3.716316	      -50.516429	       -2.590893	      -50.516429	       +0.000000	      -85.747991	      -85.747991
              17	               8	       +7.392382	       +7.392382	      +16.241815	       +1.412877	      -25.431906	       +0.000000	      -25.431906	       +0.000000	      -33.209120	      -33.209120
              17	               9	       +7.392382	       +7.392382	      +16.241815	       +1.412877	      -25.431906	       +0.000000	      -25.431906	       +0.000000	      -33.209120	      -33.209120
              17	              10	       +9.398127	       +9.398127	      +18.519978	       +0.957467	      -23.147899	       +0.000000	      -23.147899	       +0.000000	      -26.818353	      -26.818353
              17	              11	       +9.398127	       +9.398127	      +18.519978	       +0.957467	      -23.147899	       +0.000000	      -23.147899	       +0.000000	      -26.818353	      -26.818353
              17	              12	      +12.028949	      +12.028949	      +19.381505	       +3.450526	      -40.179973	       +0.000000	      -40.179973	       +0.000000	      -57.527916	      -57.527916
              17	              13	      +12.028949	      +12.028949	      +19.381505	       +3.450526	      -40.179973	       +0.000000	      -40.179973	       +0.000000	      -57.527916	      -57.527916
              17	              14	      +12.031515	      +12.031515	      +19.373896	       +3.466403	      -40.304042	       +0.000000	      -40.304042	       +0.000000	      -57.767785	      -57.767785
              17	              15	      +12.031515	      +12.031515	      +19.373896	       +3.466403	      -40.304042	       +0.000000	      -40.304042	       +0.000000	      -57.767785	      -57.767785
              17	              16	      +14.339292	      +14.339292	      +21.405258	       +3.803683	      -47.727281	       +0.000000	      -47.727281	       +0.000000	      -70.245621	      -70.245621
              17	              17	      +14.339292	      +14.339292	      +21.405258	       +3.803683	      -47.727281	       +0.000000	      -47.727281	       +0.000000	      -70.245621	      -70.245621
              17	              18	      +15.219769	      +15.219769	      +23.296614	       +2.187249	      -34.677654	       +0.000000	      -34.677654	       +0.000000	      -43.871445	      -43.871445
              17	              19	      +15.219769	      +15.219769	      +23.296614	       +2.187249	      -34.677654	       +0.000000	      -34.677654	       +0.000000	      -43.871445	      -43.871445
              17	              20	      +17.717556	      +17.717556	      +27.464506	       +0.955818	      -27.474042	       +0.000000	      -27.474042	       +0.000000	      -26.527760	      -26.527760
              17	              21	      +17.717556	      +17.717556	      +27.464506	       +0.955818	      -27.474042	       +0.000000	      -27.474042	       +0.000000	      -26.527760	      -26.527760
              17	              22	      +19.280829	      +19.280829	      +28.761607	       +0.181705	      -12.844497	       +0.000000	      -12.844497	       +0.000000	       +3.254317	       +3.254317
              17	              23	      +19.280829	      +19.280829	      +28.761607	       +0.181705	      -12.844497	       +0.000000	      -12.844497	       +0.000000	       +3.254317	       +3.254317
              17	              24	      +19.285927	      +19.285927	      +28.769737	       +0.177762	      -12.807475	       +0.000000	      -12.807475	       +0.000000	       +3.332550	       +3.332550
              17	              25	      +19.285927	      +19.285927	      +28.769737	       +0.177762	      -12.807475	       +0.000000	      -12.807475	       +0.000000	       +3.332550	       +3.332550
              17	              26	      +20.016253	      +20.016253	      +30.080584	       +0.257595	      -19.354569	       +0.000000	      -19.354569	       +0.000000	       -8.370959	       -8.370959
              17	              27	      +20.016253	      +20.016253	      +30.080584	       +0.257595	      -19.354569	       +0.000000	      -19.354569	       +0.000000	       -8.370959	       -8.370959
              17	              28	      +23.701060	      +23.701060	      +32.089950	       +2.331874	      -46.880280	       +0.000000	      -46.880280	       +0.000000	      -59.338738	      -59.338738
              17	              29	      +23.701060	      +23.701060	      +32.089950	       +2.331874	      -46.880280	       +0.000000	      -46.880280	       +0.000000	      -59.338738	      -59.338738
              17	              30	      +23.719363	      +23.719363	      +32.108561	       +2.337191	      -46.828822	       +0.000000	      -46.828822	       +0.000000	      -59.211892	      -59.211892
              17	              31	      +23.719363	      +23.719363	      +32.108561	       +2.337191	      -46.828822	       +0.000000	      -46.828822	       +0.000000	      -59.211892	      -59.211892
              17	              32	      +24.638544	      +24.638544	      +32.370408	       +2.736339	      -34.912709	       +0.000000	      -34.912709	       +0.000000	      -34.718671	      -34.718671
              17	              33	      +24.638544	      +24.638544	      +32.370408	       +2.736339	      -34.912709	       +0.000000	      -34.912709	       +0.000000	      -34.718671	      -34.718671
              17	              34	      +26.649740	      +26.649740	      +34.152485	       +2.660283	      -49.210007	       +0.000000	      -49.210007	       +0.000000	      -61.607246	      -61.607246
              17	              35	      +26.649740	      +26.649740	      +34.152485	       +2.660283	      -49.210007	       +0.000000	      -49.210007	       +0.000000	      -61.607246	      -61.607246
              17	              36	      +27.231264	      +27.231264	      +36.591006	       +1.261478	      -18.129761	       +0.000000	      -18.129761	       +0.000000	       +1.592963	       +1.592963
              17	              37	      +27.231264	      +27.231264	      +36.591006	       +1.261478	      -18.129761	       +0.000000	      -18.129761	       +0.000000	       +1.592963	       +1.592963
              17	              38	      +31.194220	      +31.194220	      +40.132771	       +2.320543	      -50.431194	       +0.000000	      -50.431194	       +0.000000	      -58.409073	      -58.409073
              17	              39	      +31.194220	      +31.194220	      +40.132771	       +2.320543	      -50.431194	       +0.000000	      -50.431194	       +0.000000	      -58.409073	      -58.409073
              17	              40	      +32.544431	      +32.544431	      +40.209582	       +2.513365	      -41.089812	       +0.000000	      -41.089812	       +0.000000	      -39.456678	      -39.456678
              17	              41	      +32.544431	      +32.544431	      +40.209582	       +2.513365	      -41.089812	       +0.000000	      -41.089812	       +0.000000	      -39.456678	      -39.456678
              17	              42	      +33.611925	      +33.611925	      +40.867392	       +3.500630	      -71.161460	       +0.000000	      -71.161460	       +0.000000	      -97.954898	      -97.954898
              17	              43	      +33.611925	      +33.611925	      +40.867392	       +3.500630	      -71.161460	       +0.000000	      -71.161460	       +0.000000	      -97.954898	      -97.954898
              17	              44	      +33.626510	      +33.626510	      +40.881568	       +3.517403	      -71.145393	       +0.000000	      -71.145393	       +0.000000	      -97.891814	      -97.891814
              17	              45	      +33.626510	      +33.626510	      +40.881568	       +3.517403	      -71.145393	       +0.000000	      -71.145393	       +0.000000	      -97.891814	      -97.891814
              17	              46	      +35.803158	      +35.803158	      +44.985256	       -0.301509	      -16.420520	       +0.000000	      -16.420520	       +0.000000	      +11.842708	      +11.842708
              17	              47	      +35.803158	      +35.803158	      +44.985256	       -0.301509	      -16.420520	       +0.000000	      -16.420520	       +0.000000	      +11.842708	      +11.842708
              17	              48	      +35.810398	      +35.810398	      +44.991953	       -0.321869	      -16.388662	       +0.000000	      -16.388662	       +0.000000	      +11.892759	      +11.892759
              17	              49	      +35.810398	      +35.810398	      +44.991953	       -0.321869	      -16.388662	       +0.000000	      -16.388662	       +0.000000	      +11.892759	      +11.892759
              17	              50	      +35.948236	      +35.948236	      +44.091018	       +3.052339	      -68.574091	       +0.000000	      -68.574091	       +0.000000	      -90.004824	      -90.004824
              17	              51	      +35.948236	      +35.948236	      +44.091018	       +3.052339	      -68.574091	       +0.000000	      -68.574091	       +0.000000	      -90.004824	      -90.004824
              17	              52	      +36.635940	      +36.635940	      +45.858683	       -0.862400	      -37.937892	       +0.000000	      -37.937892	       +0.000000	      -30.879501	      -30.879501
              17	              53	      +36.635940	      +36.635940	      +45.858683	       -0.862400	      -37.937892	       +0.000000	      -37.937892	       +0.000000	      -30.879501	      -30.879501
              17	              54	      +40.920502	      +40.920502	      +48.907548	       -0.519916	      -31.617747	       +0.000000	      -31.617747	       +0.000000	      -14.847862	      -14.847862
              17	              55	      +40.920502	      +40.920502	      +48.907548	       -0.519916	      -31.617747	       +0.000000	      -31.617747	       +0.000000	      -14.847862	      -14.847862

k-point 18:
              18	               0	       -2.977123	       -2.977123	       +4.097961	       +3.853282	      -48.113202	       -2.590893	      -48.113202	       +0.000000	      -88.275162	      -88.275162
              18	               1	       -2.977123	       -2.977123	       +4.097961	       +3.853282	      -48.113202	       -2.590893	      -48.113202	       +0.000000	      -88.275162	      -88.275162
              18	               2	       -0.116049	       -0.116049	       +6.990872	       +3.816097	      -49.935259	       -2.590893	      -49.935259	       +0.000000	      -89.063549	      -89.063549
              18	               3	       -0.116049	       -0.116049	       +6.990872	       +3.816097	      -49.935259	       -2.590893	      -49.935259	       +0.000000	      -89.063549	      -89.063549
              18	               4	       +2.729549	       +2.729549	      +10.536061	       +2.848257	      -43.287838	       -2.590893	      -43.287838	       +0.000000	      -73.191359	      -73.191359
              18	               5	       +2.729549	       +2.729549	      +10.536061	       +2.848257	      -43.287838	       -2.590893	      -43.287838	       +0.000000	      -73.191359	      -73.191359
              18	               6	       +4.062047	       +4.062047	      +11.255787	       +3.698977	      -52.219428	       -2.590893	      -52.219428	       +0.000000	      -89.484093	      -89.484093
              18	               7	       +4.062047	       +4.062047	      +11.255787	       +3.698977	      -52.219428	       -2.590893	      -52.219428	       +0.000000	      -89.484093	      -89.484093
              18	               8	       +7.784322	       +7.784322	      +16.814349	       +1.142022	      -27.570824	       +0.000000	      -27.570824	       +0.000000	      -37.185277	      -37.185277
              18	               9	       +7.784322	       +7.784322	      +16.814349	       +1.142022	      -27.570824	       +0.000000	      -27.570824	       +0.000000	      -37.185277	      -37.185277
              18	              10	      +10.722893	      +10.722893	      +19.247118	       +1.896883	      -32.334275	       +0.000000	      -32.334275	       +0.000000	      -43.524549	      -43.524549
              18	              11	      +10.722893	      +10.722893	      +19.247118	       +1.896883	      -32.334275	       +0.000000	      -32.334275	       +0.000000	      -43.524549	      -43.524549
              18	              12	      +12.017668	      +12.017668	      +19.532652	       +3.249831	      -37.981862	       +0.000000	      -37.981862	       +0.000000	      -53.181240	      -53.181240
              18	              13	      +12.017668	      +12.017668	      +19.532652	       +3.249831	      -37.981862	       +0.000000	      -37.981862	       +0.000000	      -53.181240	      -53.181240
              18	              14	      +12.190626	      +12.190626	      +20.185974	       +2.473067	      -33.825206	       +0.000000	      -33.825206	       +0.000000	      -44.991371	      -44.991371
              18	              15	      +12.190626	      +12.190626	      +20.185974	       +2.473067	      -33.825206	       +0.000000	      -33.825206	       +0.000000	      -44.991371	      -44.991371
              18	              16	      +16.490593	      +16.490593	      +24.769110	       +2.398426	      -29.862176	       +0.000000	      -29.862176	       +0.000000	      -32.556816	      -32.556816
              18	              17	      +16.490594	      +16.490594	      +24.769110	       +2.398426	      -29.862176	       +0.000000	      -29.862176	       +0.000000	      -32.556816	      -32.556816
              18	              18	      +16.831650	      +16.831650	      +24.714016	       +2.566363	      -40.254479	       +0.000000	      -40.254479	       +0.000000	      -53.228578	      -53.228578
              18	              19	      +16.831650	      +16.831650	      +24.714016	       +2.566363	      -40.254479	       +0.000000	      -40.254479	       +0.000000	      -53.228578	      -53.228578
              18	              20	      +18.448777	      +18.448777	      +26.127574	       +2.967780	      -38.673063	       +0.000000	      -38.673063	       +0.000000	      -48.250771	      -48.250771
              18	              21	      +18.448777	      +18.448777	      +26.127574	       +2.967780	      -38.673063	       +0.000000	      -38.673063	       +0.000000	      -48.250771	      -48.250771
              18	              22	      +18.994914	      +18.994914	      +26.926093	       +2.751166	      -41.872337	       +0.000000	      -41.872337	       +0.000000	      -54.067414	      -54.067414
              18	              23	      +18.994914	      +18.994914	      +26.926093	       +2.751166	      -41.872337	       +0.000000	      -41.872337	       +0.000000	      -54.067414	      -54.067414
              18	              24	      +19.316776	      +19.316776	      +28.331801	       +1.583002	      -32.136828	       +0.000000	      -32.136828	       +0.000000	      -34.358853	      -34.358853
              18	              25	      +19.316776	      +19.316776	      +28.331801	       +1.583002	      -32.136828	       +0.000000	      -32.136828	       +0.000000	      -34.358853	      -34.358853
              18	              26	      +23.142792	      +23.142792	      +31.864439	       +2.179881	      -37.572495	       +0.000000	      -37.572495	       +0.000000	      -41.100669	      -41.100669
              18	              27	      +23.142792	      +23.142792	      +31.864439	       +2.179881	      -37.572495	       +0.000000	      -37.572495	       +0.000000	      -41.100669	      -41.100669
              18	              28	      +24.020018	      +24.020018	      +32.282716	       +2.083716	      -26.206802	       +0.000000	      -26.206802	       +0.000000	      -18.047171	      -18.047171
              18	              29	      +24.020018	      +24.020018	      +32.282716	       +2.083716	      -26.206802	       +0.000000	      -26.206802	       +0.000000	      -18.047171	      -18.047171
              18	              30	      +24.916874	      +24.916874	      +32.199673	       +3.564212	      -46.054976	       +0.000000	      -46.054976	       +0.000000	      -56.346066	      -56.346066
              18	              31	      +24.916874	      +24.916874	      +32.199673	       +3.564212	      -46.054976	       +0.000000	      -46.054976	       +0.000000	      -56.346066	      -56.346066
              18	              32	      +25.658279	      +25.658279	      +34.480945	       +1.450159	      -39.157441	       +0.000000	      -39.157441	       +0.000000	      -42.383778	      -42.383778
              18	              33	      +25.658279	      +25.658279	      +34.480945	       +1.450159	      -39.157441	       +0.000000	      -39.157441	       +0.000000	      -42.383778	      -42.383778
              18	              34	      +25.894803	      +25.894803	      +34.572047	       +1.746505	      -31.381383	       +0.000000	      -31.381383	       +0.000000	      -26.444214	      -26.444214
              18	              35	      +25.894803	      +25.894803	      +34.572047	       +1.746505	      -31.381383	       +0.000000	      -31.381383	       +0.000000	      -26.444214	      -26.444214
              18	              36	      +26.228227	      +26.228227	      +35.046556	       +1.561019	      -33.651341	       +0.000000	      -33.651341	       +0.000000	      -30.695107	      -30.695107
              18	              37	      +26.228227	      +26.228227	      +35.046556	       +1.561019	      -33.651341	       +0.000000	      -33.651341	       +0.000000	      -30.695107	      -30.695107
              18	              38	      +29.216331	      +29.216331	      +38.284648	       +0.361326	      -40.149884	       +0.000000	      -40.149884	       +0.000000	      -41.653794	      -41.653794
              18	              39	      +29.216331	      +29.216331	      +38.284648	       +0.361326	      -40.149884	       +0.000000	      -40.149884	       +0.000000	      -41.653794	      -41.653794
              18	              40	      +30.034572	      +30.034572	      +37.802707	       +3.268408	      -41.095632	       +0.000000	      -41.095632	       +0.000000	      -41.120149	      -41.120149
              18	              41	      +30.034572	      +30.034572	      +37.802707	       +3.268408	      -41.095632	       +0.000000	      -41.095632	       +0.000000	      -41.120149	      -41.120149
              18	              42	      +31.480037	      +31.480037	      +40.463821	       +1.343956	      -34.719722	       +0.000000	      -34.719722	       +0.000000	      -27.631666	      -27.631666
              18	              43	      +31.480037	      +31.480037	      +40.463821	       +1.343956	      -34.719722	       +0.000000	      -34.719722	       +0.000000	      -27.631666	      -27.631666
              18	              44	      +31.875144	      +31.875144	      +41.154035	       -0.106190	      -30.361010	       +0.000000	      -30.361010	       +0.000000	      -19.674174	      -19.674174
              18	              45	      +31.875144	      +31.875144	      +41.154035	       -0.106190	      -30.361010	       +0.000000	      -30.361010	       +0.000000	      -19.674174	      -19.674174
              18	              46	      +34.110067	      +34.110067	      +44.019415	       -0.568789	      -19.029001	       +0.000000	      -19.029001	       +0.000000	       +5.392623	       +5.392623
              18	              47	      +34.110067	      +34.110067	      +44.019415	       -0.568789	      -19.029001	       +0.000000	      -19.029001	       +0.000000	       +5.392623	       +5.392623
              18	              48	      +35.433254	      +35.433254	      +43.671104	       +1.078144	      -48.679589	       +0.000000	      -48.679589	       +0.000000	      -52.609929	      -52.609929
              18	              49	      +35.433254	      +35.433254	      +43.671104	       +1.078144	      -48.679589	       +0.000000	      -48.679589	       +0.000000	      -52.609929	      -52.609929
              18	              50	      +35.605396	      +35.605396	      +44.511993	       +1.584515	      -45.967483	       +0.000000	      -45.967483	       +0.000000	      -45.838458	      -45.838458
              18	              51	      +35.605396	      +35.605396	      +44.511993	       +1.584515	      -45.967483	       +0.000000	      -45.967483	       +0.000000	      -45.838458	      -45.838458
              18	              52	      +35.696503	      +35.696503	      +44.197447	       +0.079706	      -41.316452	       +0.000000	      -41.316452	       +0.000000	      -38.355751	      -38.355751
              18	              53	      +35.696503	      +35.696503	      +44.197447	       +0.079706	      -41.316452	       +0.000000	      -41.316452	       +0.000000	      -38.355751	      -38.355751
              18	              54	      +37.475892	      +37.475892	      +46.754949	       +0.124742	      -34.820492	       +0.000000	      -34.820492	       +0.000000	      -22.761294	      -22.761294
              18	              55	      +37.475892	      +37.475892	      +46.754949	       +0.124742	      -34.820492	       +0.000000	      -34.820492	       +0.000000	      -22.761294	      -22.761294

k-point 19:
              19	               0	       -3.652141	       -3.652141	       +3.544688	       +3.683866	      -46.050379	       -2.590893	      -46.050379	       +0.000000	      -84.872204	      -84.872204
              19	               1	       -3.652141	       -3.652141	       +3.544688	       +3.683866	      -46.050379	       -2.590893	      -46.050379	       +0.000000	      -84.872204	      -84.872204
              19	               2	       +0.787803	       +0.787803	       +7.724352	       +4.056011	      -50.088527	       -2.590893	      -50.088527	       +0.000000	      -88.396691	      -88.396691
              19	               3	       +0.787803	       +0.787803	       +7.724352	       +4.056011	      -50.088527	       -2.590893	      -50.088527	       +0.000000	      -88.396691	      -88.396691
              19	               4	       +2.509647	       +2.509647	      +10.524779	       +2.562294	      -41.479109	       -2.590893	      -41.479109	       +0.000000	      -69.871145	      -69.871145
              19	               5	       +2.509647	       +2.509647	      +10.524779	       +2.562294	      -41.479109	       -2.590893	      -41.479109	       +0.000000	      -69.871145	      -69.871145
              19	               6	       +4.943158	       +4.943158	      +11.819135	       +4.168531	      -56.820125	       -2.590893	      -56.820125	       +0.000000	      -97.652585	      -97.652585
              19	               7	       +4.943158	       +4.943158	      +11.819135	       +4.168531	      -56.820125	       -2.590893	      -56.820125	       +0.000000	      -97.652585	      -97.652585
              19	               8	       +8.712783	       +8.712783	      +17.311238	       +1.676511	      -30.112219	       +0.000000	      -30.112219	       +0.000000	      -41.236689	      -41.236689
              19	               9	       +8.712783	       +8.712783	      +17.311238	       +1.676511	      -30.112219	       +0.000000	      -30.112219	       +0.000000	      -41.236689	      -41.236689
              19	              10	      +11.050364	      +11.050364	      +19.062741	       +2.452278	      -27.651072	       +0.000000	      -27.651072	       +0.000000	      -33.787126	      -33.787126
              19	              11	      +11.050364	      +11.050364	      +19.062741	       +2.452278	      -27.651072	       +0.000000	      -27.651072	       +0.000000	      -33.787126	      -33.787126
              19	              12	      +11.420223	      +11.420223	      +19.116639	       +3.179061	      -47.584860	       +0.000000	      -47.584860	       +0.000000	      -72.874019	      -72.874019
              19	              13	      +11.420223	      +11.420223	      +19.116639	       +3.179061	      -47.584860	       +0.000000	      -47.584860	       +0.000000	      -72.874019	      -72.874019
              19	              14	      +12.411762	      +12.411762	      +20.585085	       +2.340526	      -27.323266	       +0.000000	      -27.323266	       +0.000000	      -31.720922	      -31.720922
              19	              15	      +12.411762	      +12.411762	      +20.585085	       +2.340526	      -27.323266	       +0.000000	      -27.323266	       +0.000000	      -31.720922	      -31.720922
              19	              16	      +12.729589	      +12.729589	      +21.375117	       +1.505023	      -35.121592	       +0.000000	      -35.121592	       +0.000000	      -47.363045	      -47.363045
              19	              17	      +12.729589	      +12.729589	      +21.375117	       +1.505023	      -35.121592	       +0.000000	      -35.121592	       +0.000000	      -47.363045	      -47.363045
              19	              18	      +15.910103	      +15.910103	      +24.055256	       +2.497974	      -27.781638	       +0.000000	      -27.781638	       +0.000000	      -29.010045	      -29.010045
              19	              19	      +15.910103	      +15.910103	      +24.055256	       +2.497974	      -27.781638	       +0.000000	      -27.781638	       +0.000000	      -29.010045	      -29.010045
              19	              20	      +18.904572	      +18.904572	      +28.282817	       +1.051986	      -28.768376	       +0.000000	      -28.768376	       +0.000000	      -28.201950	      -28.201950
              19	              21	      +18.904572	      +18.904572	      +28.282817	       +1.051986	      -28.768376	       +0.000000	      -28.768376	       +0.000000	      -28.201950	      -28.201950
              19	              22	      +19.486085	      +19.486085	      +26.767524	       +3.511747	      -39.655753	       +0.000000	      -39.655753	       +0.000000	      -49.032235	      -49.032235
              19	              23	      +19.486085	      +19.486085	      +26.767523	       +3.511747	      -39.655753	       +0.000000	      -39.655753	       +0.000000	      -49.032235	      -49.032235
              19	              24	      +19.746882	      +19.746882	      +29.652659	       -0.060445	      -30.033639	       +0.000000	      -30.033639	       +0.000000	      -30.475065	      -30.475065
              19	              25	      +19.746882	      +19.746882	      +29.652659	       -0.060445	      -30.033639	       +0.000000	      -30.033639	       +0.000000	      -30.475065	      -30.475065
              19	              26	      +22.954193	      +22.954193	      +32.368626	       +1.049311	      -23.370397	       +0.000000	      -23.370397	       +0.000000	      -13.322857	      -13.322857
              19	              27	      +22.954193	      +22.954193	      +32.368626	       +1.049311	      -23.370397	       +0.000000	      -23.370397	       +0.000000	      -13.322857	      -13.322857
              19	              28	      +23.348114	      +23.348114	      +30.672400	       +3.573864	      -38.489117	       +0.000000	      -38.489117	       +0.000000	      -42.731969	      -42.731969
              19	              29	      +23.348114	      +23.348114	      +30.672400	       +3.573864	      -38.489117	       +0.000000	      -38.489117	       +0.000000	      -42.731969	      -42.731969
              19	              30	      +23.741265	      +23.741265	      +31.165646	       +3.524362	      -48.767825	       +0.000000	      -48.767825	       +0.000000	      -62.845641	      -62.845641
              19	              31	      +23.741265	      +23.741265	      +31.165646	       +3.524362	      -48.767825	       +0.000000	      -48.767825	       +0.000000	      -62.845641	      -62.845641
              19	              32	      +24.988924	      +24.988924	      +32.383000	       +3.311988	      -42.763445	       +0.000000	      -42.763445	       +0.000000	      -49.831902	      -49.831902
              19	              33	      +24.988924	      +24.988924	      +32.383000	       +3.311988	      -42.763445	       +0.000000	      -42.763445	       +0.000000	      -49.831902	      -49.831902
              19	              34	      +27.533701	      +27.533701	      +34.617652	       +3.467497	      -48.123343	       +0.000000	      -48.123343	       +0.000000	      -58.161537	      -58.161537
              19	              35	      +27.533701	      +27.533701	      +34.617652	       +3.467497	      -48.123343	       +0.000000	      -48.123343	       +0.000000	      -58.161537	      -58.161537
              19	              36	      +27.993170	      +27.993170	      +37.527723	       +0.424069	      -31.222927	       +0.000000	      -31.222927	       +0.000000	      -24.494062	      -24.494062
              19	              37	      +27.993170	      +27.993170	      +37.527723	       +0.424069	      -31.222927	       +0.000000	      -31.222927	       +0.000000	      -24.494062	      -24.494062
              19	              38	      +30.240858	      +30.240858	      +38.678094	       +2.535689	      -47.268150	       +0.000000	      -47.268150	       +0.000000	      -53.322517	      -53.322517
              19	              39	      +30.240858	      +30.240858	      +38.678094	       +2.535689	      -47.268150	       +0.000000	      -47.268150	       +0.000000	      -53.322517	      -53.322517
              19	              40	      +31.097912	      +31.097912	      +42.124453	       -0.941975	      -16.653903	       +0.000000	      -16.653903	       +0.000000	       +7.874673	       +7.874673
              19	              41	      +31.097912	      +31.097912	      +42.124453	       -0.941975	      -16.653903	       +0.000000	      -16.653903	       +0.000000	       +7.874673	       +7.874673
              19	              42	      +31.576764	      +31.576764	      +39.706306	       +2.097897	      -43.672210	       +0.000000	      -43.672210	       +0.000000	      -45.540217	      -45.540217
              19	              43	      +31.576764	      +31.576764	      +39.706306	       +2.097897	      -43.672210	       +0.000000	      -43.672210	       +0.000000	      -45.540217	      -45.540217
              19	              44	      +33.085153	      +33.085153	      +41.803148	       +0.720180	      -36.370594	       +0.000000	      -36.370594	       +0.000000	      -30.217860	      -30.217860
              19	              45	      +33.085153	      +33.085153	      +41.803148	       +0.720180	      -36.370594	       +0.000000	      -36.370594	       +0.000000	      -30.217860	      -30.217860
              19	              46	      +33.392607	      +33.392607	      +42.895487	       -0.407331	      -28.400943	       +0.000000	      -28.400943	       +0.000000	      -14.313730	      -14.313730
              19	              47	      +33.392607	      +33.392607	      +42.895487	       -0.407331	      -28.400943	       +0.000000	      -28.400943	       +0.000000	      -14.313730	      -14.313730
              19	              48	      +34.058356	      +34.058356	      +42.396661	       +1.509602	      -39.992444	       +0.000000	      -39.992444	       +0.000000	      -36.078625	      -36.078625
              19	              49	      +34.058356	      +34.058356	      +42.396661	       +1.509602	      -39.992444	       +0.000000	      -39.992444	       +0.000000	      -36.078625	      -36.078625
              19	              50	      +35.683006	      +35.683006	      +43.780507	       +0.628718	      -48.546527	       +0.000000	      -48.546527	       +0.000000	      -52.683828	      -52.683828
              19	              51	      +35.683006	      +35.683006	      +43.780507	       +0.628718	      -48.546527	       +0.000000	      -48.546527	       +0.000000	      -52.683828	      -52.683828
              19	              52	      +36.600157	      +36.600157	      +45.396028	       +1.330830	      -40.311159	       +0.000000	      -40.311159	       +0.000000	      -33.895460	      -33.895460
              19	              53	      +36.600157	      +36.600157	      +45.396028	       +1.330830	      -40.311159	       +0.000000	      -40.311159	       +0.000000	      -33.895460	      -33.895460
              19	              54	      +37.490963	      +37.490963	      +46.954915	       -0.877279	      -32.926752	       +0.000000	      -32.926752	       +0.000000	      -19.775869	      -19.775869
              19	              55	      +37.490963	      +37.490963	      +46.954915	       -0.877279	      -32.926752	       +0.000000	      -32.926752	       +0.000000	      -19.775869	      -19.775869

k-point 20:
              20	               0	       -4.614925	       -4.614925	       +2.750870	       +3.449651	      -43.100212	       -2.590893	      -43.100212	       +0.000000	      -79.999902	      -79.999902
              20	               1	       -4.614925	       -4.614925	       +2.750870	       +3.449651	      -43.100212	       -2.590893	      -43.100212	       +0.000000	      -79.999902	      -79.999902
              20	               2	       +2.755221	       +2.755221	       +9.305042	       +4.617566	      -56.316787	       -2.590893	      -56.316787	       +0.000000	      -98.710966	      -98.710966
              20	               3	       +2.755221	       +2.755221	       +9.305042	       +4.617566	      -56.316787	       -2.590893	      -56.316787	       +0.000000	      -98.710966	      -98.710966
              20	               4	       +4.373519	       +4.373519	      +11.554705	       +3.722462	      -50.897486	       -2.590893	      -50.897486	       +0.000000	      -86.517805	      -86.517805
              20	               5	       +4.373519	       +4.373519	      +11.554705	       +3.722462	      -50.897486	       -2.590893	      -50.897486	       +0.000000	      -86.517805	      -86.517805
              20	               6	       +4.381957	       +4.381957	      +11.568551	       +3.714648	      -50.804267	       -2.590893	      -50.804267	       +0.000000	      -86.325334	      -86.325334
              20	               7	       +4.381957	       +4.381957	      +11.568551	       +3.714648	      -50.804267	       -2.590893	      -50.804267	       +0.000000	      -86.325334	      -86.325334
              20	               8	       +7.392382	       +7.392382	      +16.241815	       +1.415251	      -25.794758	       +0.000000	      -25.794758	       +0.000000	      -33.932450	      -33.932450
              20	               9	       +7.392382	       +7.392382	      +16.241815	       +1.415251	      -25.794758	       +0.000000	      -25.794758	       +0.000000	      -33.932450	      -33.932450
              20	              10	       +9.398127	       +9.398127	      +18.519978	       +0.961697	      -23.412885	       +0.000000	      -23.412885	       +0.000000	      -27.344094	      -27.344094
              20	              11	       +9.398127	       +9.398127	      +18.519978	       +0.961697	      -23.412885	       +0.000000	      -23.412885	       +0.000000	      -27.344094	      -27.344094
              20	              12	      +12.028949	      +12.028949	      +19.381505	       +3.449654	      -40.179674	       +0.000000	      -40.179674	       +0.000000	      -57.528190	      -57.528190
              20	              13	      +12.028949	      +12.028949	      +19.381505	       +3.449654	      -40.179674	       +0.000000	      -40.179674	       +0.000000	      -57.528190	      -57.528190
              20	              14	      +12.031515	      +12.031515	      +19.373896	       +3.465578	      -40.305893	       +0.000000	      -40.305893	       +0.000000	      -57.772313	      -57.772313
              20	              15	      +12.031515	      +12.031515	      +19.373896	       +3.465578	      -40.305893	       +0.000000	      -40.305893	       +0.000000	      -57.772313	      -57.772313
              20	              16	      +14.339292	      +14.339292	      +21.405258	       +3.805633	      -47.148030	       +0.000000	      -47.148030	       +0.000000	      -69.085169	      -69.085169
              20	              17	      +14.339292	      +14.339292	      +21.405258	       +3.805633	      -47.148030	       +0.000000	      -47.148030	       +0.000000	      -69.085169	      -69.085169
              20	              18	      +15.219769	      +15.219769	      +23.296614	       +2.175646	      -34.916050	       +0.000000	      -34.916050	       +0.000000	      -44.359841	      -44.359841
              20	              19	      +15.219769	      +15.219769	      +23.296614	       +2.175646	      -34.916050	       +0.000000	      -34.916050	       +0.000000	      -44.359841	      -44.359841
              20	              20	      +17.717556	      +17.717556	      +27.464506	       +0.952185	      -27.467955	       +0.000000	      -27.467955	       +0.000000	      -26.519220	      -26.519220
              20	              21	      +17.717556	      +17.717556	      +27.464506	       +0.952185	      -27.467955	       +0.000000	      -27.467955	       +0.000000	      -26.519220	      -26.519220
              20	              22	      +19.280829	      +19.280829	      +28.761607	       +0.180967	      -12.947697	       +0.000000	      -12.947697	       +0.000000	       +3.047180	       +3.047180
              20	              23	      +19.280829	      +19.280829	      +28.761607	       +0.180967	      -12.947697	       +0.000000	      -12.947697	       +0.000000	       +3.047180	       +3.047180
              20	              24	      +19.285927	      +19.285927	      +28.769737	       +0.177039	      -12.910440	       +0.000000	      -12.910440	       +0.000000	       +3.125895	       +3.125895
              20	              25	      +19.285927	      +19.285927	      +28.769737	       +0.177039	      -12.910440	       +0.000000	      -12.910440	       +0.000000	       +3.125895	       +3.125895
              20	              26	      +20.016253	      +20.016253	      +30.080584	       +0.266966	      -19.549367	       +0.000000	      -19.549367	       +0.000000	       -8.751184	       -8.751184
              20	              27	      +20.016253	      +20.016253	      +30.080584	       +0.266966	      -19.549367	       +0.000000	      -19.549367	       +0.000000	       -8.751184	       -8.751184
              20	              28	      +23.701060	      +23.701060	      +32.089950	       +2.329463	      -47.063742	       +0.000000	      -47.063742	       +0.000000	      -59.708070	      -59.708070
              20	              29	      +23.701060	      +23.701060	      +32.089950	       +2.329463	      -47.063742	       +0.000000	      -47.063742	       +0.000000	      -59.708070	      -59.708070
              20	              30	      +23.719363	      +23.719363	      +32.108561	       +2.334845	      -47.009759	       +0.000000	      -47.009759	       +0.000000	      -59.576111	      -59.576111
              20	              31	      +23.719363	      +23.719363	      +32.108561	       +2.334845	      -47.009759	       +0.000000	      -47.009759	       +0.000000	      -59.576111	      -59.576111
              20	              32	      +24.638544	      +24.638544	      +32.370408	       +2.733524	      -35.034599	       +0.000000	      -35.034599	       +0.000000	      -34.965267	      -34.965267
              20	              33	      +24.638544	      +24.638544	      +32.370408	       +2.733524	      -35.034599	       +0.000000	      -35.034599	       +0.000000	      -34.965267	      -34.965267
              20	              34	      +26.649740	      +26.649740	      +34.152485	       +2.674796	      -49.185299	       +0.000000	      -49.185299	       +0.000000	      -61.543316	      -61.543316
              20	              35	      +26.649740	      +26.649740	      +34.152485	       +2.674796	      -49.185299	       +0.000000	      -49.185299	       +0.000000	      -61.543316	      -61.543316
              20	              36	      +27.231264	      +27.231264	      +36.591006	       +1.266115	      -17.860227	       +0.000000	      -17.860227	       +0.000000	       +2.136667	       +2.136667
              20	              37	      +27.231264	      +27.231264	      +36.591006	       +1.266115	      -17.860227	       +0.000000	      -17.860227	       +0.000000	       +2.136667	       +2.136667
              20	              38	      +31.194220	      +31.194220	      +40.132771	       +2.313382	      -49.206698	       +0.000000	      -49.206698	       +0.000000	      -55.967243	      -55.967243
              20	              39	      +31.194220	      +31.194220	      +40.132771	       +2.313382	      -49.206698	       +0.000000	      -49.206698	       +0.000000	      -55.967243	      -55.967243
              20	              40	      +32.544431	      +32.544431	      +40.209582	       +2.507317	      -40.984058	       +0.000000	      -40.984058	       +0.000000	      -39.251216	      -39.251216
              20	              41	      +32.544431	      +32.544431	      +40.209582	       +2.507317	      -40.984058	       +0.000000	      -40.984058	       +0.000000	      -39.251216	      -39.251216
              20	              42	      +33.611925	      +33.611925	      +40.867392	       +3.489712	      -72.448964	       +0.000000	      -72.448964	       +0.000000	     -100.540825	     -100.540825
              20	              43	      +33.611925	      +33.611925	      +40.867392	       +3.489712	      -72.448964	       +0.000000	      -72.448964	       +0.000000	     -100.540825	     -100.540825
              20	              44	      +33.626510	      +33.626510	      +40.881568	       +3.506401	      -72.425506	       +0.000000	      -72.425506	       +0.000000	     -100.463043	     -100.463043
              20	              45	      +33.626510	      +33.626510	      +40.881568	       +3.506401	      -72.425506	       +0.000000	      -72.425506	       +0.000000	     -100.463043	     -100.463043
              20	              46	      +35.803158	      +35.803158	      +44.985256	       -0.279843	      -16.366316	       +0.000000	      -16.366316	       +0.000000	      +11.972782	      +11.972782
              20	              47	      +35.803158	      +35.803158	      +44.985256	       -0.279843	      -16.366316	       +0.000000	      -16.366316	       +0.000000	      +11.972782	      +11.972782
              20	              48	      +35.810398	      +35.810398	      +44.991953	       -0.300410	      -16.341479	       +0.000000	      -16.341479	       +0.000000	      +12.008586	      +12.008586
              20	              49	      +35.810398	      +35.810398	      +44.991953	       -0.300410	      -16.341479	       +0.000000	      -16.341479	       +0.000000	      +12.008586	      +12.008586
              20	              50	      +35.948236	      +35.948236	      +44.091018	       +3.015116	      -66.969855	       +0.000000	      -66.969855	       +0.000000	      -86.833576	      -86.833576
              20	              51	      +35.948236	      +35.948236	      +44.091018	       +3.015116	      -66.969855	       +0.000000	      -66.969855	       +0.000000	      -86.833576	      -86.833576
              20	              52	      +36.635940	      +36.635940	      +45.858683	       -0.863948	      -38.334947	       +0.000000	      -38.334947	       +0.000000	      -31.675160	      -31.675160
              20	              53	      +36.635940	      +36.635940	      +45.858683	       -0.863948	      -38.334947	       +0.000000	      -38.334947	       +0.000000	      -31.675160	      -31.675160
              20	              54	      +40.920502	      +40.920502	      +48.907548	       -0.521924	      -31.488083	       +0.000000	      -31.488083	       +0.000000	      -14.590542	      -14.590542
              20	              55	      +40.920502	      +40.920502	      +48.907548	       -0.521924	      -31.488083	       +0.000000	      -31.488083	       +0.000000	      -14.590542	      -14.590542

k-point 21:
              21	               0	       -4.897281	       -4.897281	       +2.488945	       +3.419994	      -41.620748	       -2.590893	      -41.620748	       +0.000000	      -77.332557	      -77.332557
              21	               1	       -4.897281	       -4.897281	       +2.488945	       +3.419994	      -41.620748	       -2.590893	      -41.620748	       +0.000000	      -77.332557	      -77.332557
              21	               2	       +2.340153	       +2.340153	       +9.569532	       +3.658036	      -52.396314	       -2.590893	      -52.396314	       +0.000000	      -91.565060	      -91.565060
              21	               3	       +2.340153	       +2.340153	       +9.569532	       +3.658036	      -52.396314	       -2.590893	      -52.396314	       +0.000000	      -91.565060	      -91.565060
              21	               4	       +5.498636	       +5.498636	      +12.228125	       +4.432156	      -56.047000	       -2.590893	      -56.047000	       +0.000000	      -95.433719	      -95.433719
              21	               5	       +5.498636	       +5.498636	      +12.228125	       +4.432156	      -56.047000	       -2.590893	      -56.047000	       +0.000000	      -95.433719	      -95.433719
              21	               6	       +5.529910	       +5.529910	      +12.218756	       +4.428502	      -56.001851	       -2.590893	      -56.001851	       +0.000000	      -95.356444	      -95.356444
              21	               7	       +5.529910	       +5.529910	      +12.218756	       +4.428502	      -56.001851	       -2.590893	      -56.001851	       +0.000000	      -95.356444	      -95.356444
              21	               8	       +8.294527	       +8.294527	      +16.190693	       +2.707066	      -33.826139	       +0.000000	      -33.826139	       +0.000000	      -48.754518	      -48.754518
              21	               9	       +8.294527	       +8.294527	      +16.190693	       +2.707066	      -33.826139	       +0.000000	      -33.826139	       +0.000000	      -48.754518	      -48.754518
              21	              10	       +9.757278	       +9.757278	      +17.816162	       +2.391997	      -26.746142	       +0.000000	      -26.746142	       +0.000000	      -33.284123	      -33.284123
              21	              11	       +9.757278	       +9.757278	      +17.816162	       +2.391997	      -26.746142	       +0.000000	      -26.746142	       +0.000000	      -33.284123	      -33.284123
              21	              12	       +9.778784	       +9.778784	      +17.812357	       +2.385631	      -26.710949	       +0.000000	      -26.710949	       +0.000000	      -33.223911	      -33.223911
              21	              13	       +9.778784	       +9.778784	      +17.812357	       +2.385631	      -26.710949	       +0.000000	      -26.710949	       +0.000000	      -33.223911	      -33.223911
              21	              14	      +13.191998	      +13.191998	      +20.589571	       +3.503875	      -44.775584	       +0.000000	      -44.775584	       +0.000000	      -65.457722	      -65.457722
              21	              15	      +13.191998	      +13.191998	      +20.589571	       +3.503875	      -44.775584	       +0.000000	      -44.775584	       +0.000000	      -65.457722	      -65.457722
              21	              16	      +13.473781	      +13.473781	      +22.046083	       +1.580296	      -33.536588	       +0.000000	      -33.536588	       +0.000000	      -43.446798	      -43.446798
              21	              17	      +13.473781	      +13.473781	      +22.046083	       +1.580296	      -33.536588	       +0.000000	      -33.536588	       +0.000000	      -43.446798	      -43.446798
              21	              18	      +13.476682	      +13.476682	      +22.043491	       +1.582663	      -33.546333	       +0.000000	      -33.546333	       +0.000000	      -43.466513	      -43.466513
              21	              19	      +13.476682	      +13.476682	      +22.043491	       +1.582663	      -33.546333	       +0.000000	      -33.546333	       +0.000000	      -43.466513	      -43.466513
              21	              20	      +15.270821	      +15.270821	      +25.770276	       -0.483156	      -15.380468	       +0.000000	      -15.380468	       +0.000000	       -5.473817	       -5.473817
              21	              21	      +15.270821	      +15.270821	      +25.770276	       -0.483156	      -15.380468	       +0.000000	      -15.380468	       +0.000000	       -5.473817	       -5.473817
              21	              22	      +18.122226	      +18.122226	      +27.697273	       +0.990891	      -26.550356	       +0.000000	      -26.550356	       +0.000000	      -24.412547	      -24.412547
              21	              23	      +18.122226	      +18.122226	      +27.697273	       +0.990891	      -26.550356	       +0.000000	      -26.550356	       +0.000000	      -24.412547	      -24.412547
              21	              24	      +20.916820	      +20.916820	      +29.698714	       +1.150294	      -19.995139	       +0.000000	      -19.995139	       +0.000000	       -9.141270	       -9.141270
              21	              25	      +20.916820	      +20.916820	      +29.698714	       +1.150294	      -19.995139	       +0.000000	      -19.995139	       +0.000000	       -9.141270	       -9.141270
              21	              26	      +20.923626	      +20.923626	      +29.697999	       +1.148396	      -19.972773	       +0.000000	      -19.972773	       +0.000000	       -9.099150	       -9.099150
              21	              27	      +20.923626	      +20.923626	      +29.697999	       +1.148396	      -19.972773	       +0.000000	      -19.972773	       +0.000000	       -9.099150	       -9.099150
              21	              28	      +24.149045	      +24.149045	      +32.562093	       +2.142209	      -39.371035	       +0.000000	      -39.371035	       +0.000000	      -44.037768	      -44.037768
              21	              29	      +24.149045	      +24.149045	      +32.562093	       +2.142209	      -39.371035	       +0.000000	      -39.371035	       +0.000000	      -44.037768	      -44.037768
              21	              30	      +24.160338	      +24.160338	      +32.557352	       +2.145663	      -39.310474	       +0.000000	      -39.310474	       +0.000000	      -43.917933	      -43.917933
              21	              31	      +24.160338	      +24.160338	      +32.557352	       +2.145663	      -39.310474	       +0.000000	      -39.310474	       +0.000000	      -43.917933	      -43.917933
              21	              32	      +24.284860	      +24.284860	      +32.670404	       +2.215551	      -42.210792	       +0.000000	      -42.210792	       +0.000000	      -49.535629	      -49.535629
              21	              33	      +24.284860	      +24.284860	      +32.670404	       +2.215551	      -42.210792	       +0.000000	      -42.210792	       +0.000000	      -49.535629	      -49.535629
              21	              34	      +26.372016	      +26.372016	      +37.102722	       -0.515508	      -25.097244	       +0.000000	      -25.097244	       +0.000000	      -13.607273	      -13.607273
              21	              35	      +26.372016	      +26.372016	      +37.102722	       -0.515508	      -25.097244	       +0.000000	      -25.097244	       +0.000000	      -13.607273	      -13.607273
              21	              36	      +30.301567	      +30.301567	      +37.613698	       +3.989610	      -44.282429	       +0.000000	      -44.282429	       +0.000000	      -46.961550	      -46.961550
              21	              37	      +30.301567	      +30.301567	      +37.613698	       +3.989610	      -44.282429	       +0.000000	      -44.282429	       +0.000000	      -46.961550	      -46.961550
              21	              38	      +30.302563	      +30.302563	      +37.613345	       +3.989901	      -44.261560	       +0.000000	      -44.261560	       +0.000000	      -46.919873	      -46.919873
              21	              39	      +30.302563	      +30.302563	      +37.613345	       +3.989901	      -44.261560	       +0.000000	      -44.261560	       +0.000000	      -46.919873	      -46.919873
              21	              40	      +32.945319	      +32.945319	      +40.144707	       +2.863689	      -68.578214	       +0.000000	      -68.578214	       +0.000000	      -94.148032	      -94.148032
              21	              41	      +32.945319	      +32.945319	      +40.144707	       +2.863689	      -68.578214	       +0.000000	      -68.578214	       +0.000000	      -94.148032	      -94.148032
              21	              42	      +32.986328	      +32.986328	      +40.123044	       +2.881078	      -68.668313	       +0.000000	      -68.668313	       +0.000000	      -94.332504	      -94.332504
              21	              43	      +32.986328	      +32.986328	      +40.123044	       +2.881078	      -68.668313	       +0.000000	      -68.668313	       +0.000000	      -94.332504	      -94.332504
              21	              44	      +34.149826	      +34.149826	      +41.423296	       +4.180488	      -75.904680	       +0.000000	      -75.904680	       +0.000000	     -106.205576	     -106.205576
              21	              45	      +34.149826	      +34.149826	      +41.423296	       +4.180488	      -75.904680	       +0.000000	      -75.904680	       +0.000000	     -106.205576	     -106.205576
              21	              46	      +35.732341	      +35.732341	      +44.704332	       +0.774350	      -41.152084	       +0.000000	      -41.152084	       +0.000000	      -36.825486	      -36.825486
              21	              47	      +35.732341	      +35.732341	      +44.704332	       +0.774350	      -41.152084	       +0.000000	      -41.152084	       +0.000000	      -36.825486	      -36.825486
              21	              48	      +36.350067	      +36.350067	      +44.320011	       +1.533584	      -23.157204	       +0.000000	      -23.157204	       +0.000000	       -0.460813	       -0.460813
              21	              49	      +36.350067	      +36.350067	      +44.320011	       +1.533584	      -23.157204	       +0.000000	      -23.157204	       +0.000000	       -0.460813	       -0.460813
              21	              50	      +38.139382	      +38.139382	      +47.175647	       -0.468366	      -30.328394	       +0.000000	      -30.328394	       +0.000000	      -13.949507	      -13.949507
              21	              51	      +38.139382	      +38.139382	      +47.175647	       -0.468366	      -30.328394	       +0.000000	      -30.328394	       +0.000000	      -13.949507	      -13.949507
              21	              52	      +38.146252	      +38.146252	      +47.173293	       -0.472725	      -30.335156	       +0.000000	      -30.335156	       +0.000000	      -13.969744	      -13.969744
              21	              53	      +38.146252	      +38.146252	      +47.173293	       -0.472725	      -30.335156	       +0.000000	      -30.335156	       +0.000000	      -13.969744	      -13.969744
              21	              54	      +39.729174	      +39.729174	      +48.605355	       +0.637424	      -32.621838	       +0.000000	      -32.621838	       +0.000000	      -16.000898	      -16.000898
              21	              55	      +39.729174	      +39.729174	      +48.605355	       +0.637424	      -32.621838	       +0.000000	      -32.621838	       +0.000000	      -16.000898	      -16.000898

k-point 22:
              22	               0	       -3.652141	       -3.652141	       +3.544673	       +3.682893	      -45.480958	       -2.590893	      -45.480958	       +0.000000	      -83.734350	      -83.734350
              22	               1	       -3.652141	       -3.652141	       +3.544673	       +3.682893	      -45.480958	       -2.590893	      -45.480958	       +0.000000	      -83.734350	      -83.734350
              22	               2	       +0.787803	       +0.787803	       +7.724261	       +4.057904	      -54.357248	       -2.590893	      -54.357248	       +0.000000	      -96.932332	      -96.932332
              22	               3	       +0.787803	       +0.787803	       +7.724261	       +4.057904	      -54.357248	       -2.590893	      -54.357248	       +0.000000	      -96.932332	      -96.932332
              22	               4	       +2.509647	       +2.509647	      +10.524593	       +2.556802	      -41.669522	       -2.590893	      -41.669522	       +0.000000	      -70.257649	      -70.257649
              22	               5	       +2.509647	       +2.509647	      +10.524593	       +2.556802	      -41.669522	       -2.590893	      -41.669522	       +0.000000	      -70.257649	      -70.257649
              22	               6	       +4.943158	       +4.943158	      +11.819007	       +4.172443	      -54.134667	       -2.590893	      -54.134667	       +0.000000	      -92.277884	      -92.277884
              22	               7	       +4.943158	       +4.943158	      +11.819007	       +4.172443	      -54.134667	       -2.590893	      -54.134667	       +0.000000	      -92.277884	      -92.277884
              22	               8	       +8.712783	       +8.712783	      +17.311175	       +1.676903	      -25.217782	       +0.000000	      -25.217782	       +0.000000	      -31.447487	      -31.447487
              22	               9	       +8.712783	       +8.712783	      +17.311175	       +1.676903	      -25.217782	       +0.000000	      -25.217782	       +0.000000	      -31.447487	      -31.447487
              22	              10	      +11.050364	      +11.050364	      +19.062555	       +2.452761	      -27.250041	       +0.000000	      -27.250041	       +0.000000	      -32.984765	      -32.984765
              22	              11	      +11.050364	      +11.050364	      +19.062555	       +2.452761	      -27.250041	       +0.000000	      -27.250041	       +0.000000	      -32.984765	      -32.984765
              22	              12	      +11.420223	      +11.420223	      +19.116460	       +3.188628	      -50.445990	       +0.000000	      -50.445990	       +0.000000	      -78.586892	      -78.586892
              22	              13	      +11.420223	      +11.420223	      +19.116460	       +3.188628	      -50.445990	       +0.000000	      -50.445990	       +0.000000	      -78.586892	      -78.586892
              22	              14	      +12.411762	      +12.411762	      +20.585141	       +2.336886	      -29.315612	       +0.000000	      -29.315612	       +0.000000	      -35.709197	      -35.709197
              22	              15	      +12.411762	      +12.411762	      +20.585141	       +2.336886	      -29.315612	       +0.000000	      -29.315612	       +0.000000	      -35.709197	      -35.709197
              22	              16	      +12.729589	      +12.729589	      +21.375180	       +1.505641	      -35.526308	       +0.000000	      -35.526308	       +0.000000	      -48.171795	      -48.171795
              22	              17	      +12.729589	      +12.729589	      +21.375180	       +1.505641	      -35.526308	       +0.000000	      -35.526308	       +0.000000	      -48.171795	      -48.171795
              22	              18	      +15.910103	      +15.910103	      +24.055257	       +2.507145	      -30.686050	       +0.000000	      -30.686050	       +0.000000	      -34.809698	      -34.809698
              22	              19	      +15.910103	      +15.910103	      +24.055257	       +2.507145	      -30.686050	       +0.000000	      -30.686050	       +0.000000	      -34.809698	      -34.809698
              22	              20	      +18.904572	      +18.904572	      +28.282799	       +1.070875	      -27.162266	       +0.000000	      -27.162266	       +0.000000	      -24.970859	      -24.970859
              22	              21	      +18.904572	      +18.904572	      +28.282799	       +1.070875	      -27.162266	       +0.000000	      -27.162266	       +0.000000	      -24.970859	      -24.970859
              22	              22	      +19.486085	      +19.486085	      +26.767427	       +3.506409	      -47.438174	       +0.000000	      -47.438174	       +0.000000	      -64.602512	      -64.602512
              22	              23	      +19.486085	      +19.486085	      +26.767427	       +3.506409	      -47.438174	       +0.000000	      -47.438174	       +0.000000	      -64.602512	      -64.602512
              22	              24	      +19.746882	      +19.746882	      +29.652683	       -0.043438	      -26.601029	       +0.000000	      -26.601029	       +0.000000	      -23.592813	      -23.592813
              22	              25	      +19.746882	      +19.746882	      +29.652683	       -0.043438	      -26.601029	       +0.000000	      -26.601029	       +0.000000	      -23.592813	      -23.592813
              22	              26	      +22.954193	      +22.954193	      +32.368141	       +1.046455	      -23.786351	       +0.000000	      -23.786351	       +0.000000	      -14.158105	      -14.158105
              22	              27	      +22.954193	      +22.954193	      +32.368141	       +1.046455	      -23.786351	       +0.000000	      -23.786351	       +0.000000	      -14.158105	      -14.158105
              22	              28	      +23.348114	      +23.348114	      +30.672381	       +3.564260	      -35.192743	       +0.000000	      -35.192743	       +0.000000	      -36.148846	      -36.148846
              22	              29	      +23.348114	      +23.348114	      +30.672381	       +3.564260	      -35.192743	       +0.000000	      -35.192743	       +0.000000	      -36.148846	      -36.148846
              22	              30	      +23.741265	      +23.741265	      +31.165697	       +3.545049	      -52.673338	       +0.000000	      -52.673338	       +0.000000	      -70.635928	      -70.635928
              22	              31	      +23.741265	      +23.741265	      +31.165697	       +3.545049	      -52.673338	       +0.000000	      -52.673338	       +0.000000	      -70.635928	      -70.635928
              22	              32	      +24.988924	      +24.988924	      +32.383283	       +3.295709	      -40.849789	       +0.000000	      -40.849789	       +0.000000	      -46.020587	      -46.020587
              22	              33	      +24.988924	      +24.988924	      +32.383283	       +3.295709	      -40.849789	       +0.000000	      -40.849789	       +0.000000	      -46.020587	      -46.020587
              22	              34	      +27.533701	      +27.533701	      +34.617618	       +3.475982	      -49.446427	       +0.000000	      -49.446427	       +0.000000	      -60.799255	      -60.799255
              22	              35	      +27.533701	      +27.533701	      +34.617618	       +3.475982	      -49.446427	       +0.000000	      -49.446427	       +0.000000	      -60.799255	      -60.799255
              22	              36	      +27.993170	      +27.993170	      +37.527727	       +0.434965	      -29.173529	       +0.000000	      -29.173529	       +0.000000	      -20.384366	      -20.384366
              22	              37	      +27.993170	      +27.993170	      +37.527727	       +0.434965	      -29.173529	       +0.000000	      -29.173529	       +0.000000	      -20.384366	      -20.384366
              22	              38	      +30.240858	      +30.240858	      +38.678004	       +2.501662	      -54.753199	       +0.000000	      -54.753199	       +0.000000	      -68.326732	      -68.326732
              22	              39	      +30.240858	      +30.240858	      +38.678004	       +2.501662	      -54.753199	       +0.000000	      -54.753199	       +0.000000	      -68.326732	      -68.326732
              22	              40	      +31.097912	      +31.097912	      +42.124424	       -0.932882	      -14.661571	       +0.000000	      -14.661571	       +0.000000	      +11.868400	      +11.868400
              22	              41	      +31.097912	      +31.097912	      +42.124424	       -0.932882	      -14.661571	       +0.000000	      -14.661571	       +0.000000	      +11.868400	      +11.868400
              22	              42	      +31.576764	      +31.576764	      +39.706330	       +2.048390	      -44.612091	       +0.000000	      -44.612091	       +0.000000	      -47.469461	      -47.469461
              22	              43	      +31.576764	      +31.576764	      +39.706330	       +2.048390	      -44.612091	       +0.000000	      -44.612091	       +0.000000	      -47.469461	      -47.469461
              22	              44	      +33.085153	      +33.085153	      +41.802651	       +0.693894	      -36.776780	       +0.000000	      -36.776780	       +0.000000	      -31.057014	      -31.057014
              22	              45	      +33.085153	      +33.085153	      +41.802651	       +0.693894	      -36.776780	       +0.000000	      -36.776780	       +0.000000	      -31.057014	      -31.057014
              22	              46	      +33.392607	      +33.392607	      +42.895962	       -0.427554	      -27.806856	       +0.000000	      -27.806856	       +0.000000	      -13.145304	      -13.145304
              22	              47	      +33.392607	      +33.392607	      +42.895962	       -0.427554	      -27.806856	       +0.000000	      -27.806856	       +0.000000	      -13.145304	      -13.145304
              22	              48	      +34.058356	      +34.058356	      +42.396661	       +1.502530	      -43.191683	       +0.000000	      -43.191683	       +0.000000	      -42.484175	      -42.484175
              22	              49	      +34.058356	      +34.058356	      +42.396661	       +1.502530	      -43.191683	       +0.000000	      -43.191683	       +0.000000	      -42.484175	      -42.484175
              22	              50	      +35.683006	      +35.683006	      +43.780323	       +0.505013	      -41.325626	       +0.000000	      -41.325626	       +0.000000	      -38.365916	      -38.365916
              22	              51	      +35.683006	      +35.683006	      +43.780323	       +0.505013	      -41.325626	       +0.000000	      -41.325626	       +0.000000	      -38.365916	      -38.365916
              22	              52	      +36.600157	      +36.600157	      +45.396037	       +1.278358	      -41.563751	       +0.000000	      -41.563751	       +0.000000	      -36.453108	      -36.453108
              22	              53	      +36.600157	      +36.600157	      +45.396037	       +1.278358	      -41.563751	       +0.000000	      -41.563751	       +0.000000	      -36.453108	      -36.453108
              22	              54	      +37.490963	      +37.490963	      +46.955028	       -0.856824	      -27.334314	       +0.000000	      -27.334314	       +0.000000	       -8.570424	       -8.570424
              22	              55	      +37.490963	      +37.490963	      +46.955028	       -0.856824	      -27.334314	       +0.000000	      -27.334314	       +0.000000	       -8.570424	       -8.570424

k-point 23:
              23	               0	       -2.977123	       -2.977123	       +4.097939	       +3.853482	      -47.498105	       -2.590893	      -47.498105	       +0.000000	      -87.044789	      -87.044789
              23	               1	       -2.977123	       -2.977123	       +4.097939	       +3.853482	      -47.498105	       -2.590893	      -47.498105	       +0.000000	      -87.044789	      -87.044789
              23	               2	       -0.116049	       -0.116049	       +6.990797	       +3.814579	      -48.083579	       -2.590893	      -48.083579	       +0.000000	      -85.361781	      -85.361781
              23	               3	       -0.116049	       -0.116049	       +6.990797	       +3.814579	      -48.083579	       -2.590893	      -48.083579	       +0.000000	      -85.361781	      -85.361781
              23	               4	       +2.729549	       +2.729549	      +10.535960	       +2.848405	      -47.918628	       -2.590893	      -47.918628	       +0.000000	      -82.452891	      -82.452891
              23	               5	       +2.729549	       +2.729549	      +10.535960	       +2.848405	      -47.918628	       -2.590893	      -47.918628	       +0.000000	      -82.452891	      -82.452891
              23	               6	       +4.062047	       +4.062047	      +11.255690	       +3.700698	      -50.201045	       -2.590893	      -50.201045	       +0.000000	      -85.445701	      -85.445701
              23	               7	       +4.062047	       +4.062047	      +11.255690	       +3.700698	      -50.201045	       -2.590893	      -50.201045	       +0.000000	      -85.445701	      -85.445701
              23	               8	       +7.784322	       +7.784322	      +16.814325	       +1.142619	      -22.784037	       +0.000000	      -22.784037	       +0.000000	      -27.611131	      -27.611131
              23	               9	       +7.784322	       +7.784322	      +16.814325	       +1.142619	      -22.784037	       +0.000000	      -22.784037	       +0.000000	      -27.611131	      -27.611131
              23	              10	      +10.722893	      +10.722893	      +19.246947	       +1.899139	      -35.089407	       +0.000000	      -35.089407	       +0.000000	      -49.032729	      -49.032729
              23	              11	      +10.722893	      +10.722893	      +19.246947	       +1.899139	      -35.089407	       +0.000000	      -35.089407	       +0.000000	      -49.032729	      -49.032729
              23	              12	      +12.017668	      +12.017668	      +19.532509	       +3.252467	      -42.624561	       +0.000000	      -42.624561	       +0.000000	      -62.464147	      -62.464147
              23	              13	      +12.017668	      +12.017668	      +19.532508	       +3.252467	      -42.624561	       +0.000000	      -42.624561	       +0.000000	      -62.464147	      -62.464147
              23	              14	      +12.190626	      +12.190626	      +20.186023	       +2.462614	      -34.670079	       +0.000000	      -34.670079	       +0.000000	      -46.691520	      -46.691520
              23	              15	      +12.190626	      +12.190626	      +20.186023	       +2.462614	      -34.670079	       +0.000000	      -34.670079	       +0.000000	      -46.691520	      -46.691520
              23	              16	      +16.490593	      +16.490593	      +24.768871	       +2.388981	      -29.053972	       +0.000000	      -29.053972	       +0.000000	      -30.950092	      -30.950092
              23	              17	      +16.490594	      +16.490594	      +24.768871	       +2.388981	      -29.053972	       +0.000000	      -29.053972	       +0.000000	      -30.950092	      -30.950092
              23	              18	      +16.831650	      +16.831650	      +24.714143	       +2.572943	      -37.566634	       +0.000000	      -37.566634	       +0.000000	      -47.846183	      -47.846183
              23	              19	      +16.831650	      +16.831650	      +24.714143	       +2.572943	      -37.566634	       +0.000000	      -37.566634	       +0.000000	      -47.846183	      -47.846183
              23	              20	      +18.448777	      +18.448777	      +26.127342	       +2.978401	      -33.205719	       +0.000000	      -33.205719	       +0.000000	      -37.305695	      -37.305695
              23	              21	      +18.448777	      +18.448777	      +26.127342	       +2.978401	      -33.205719	       +0.000000	      -33.205719	       +0.000000	      -37.305695	      -37.305695
              23	              22	      +18.994914	      +18.994914	      +26.926291	       +2.755491	      -41.155624	       +0.000000	      -41.155624	       +0.000000	      -52.629466	      -52.629466
              23	              23	      +18.994914	      +18.994914	      +26.926291	       +2.755491	      -41.155624	       +0.000000	      -41.155624	       +0.000000	      -52.629466	      -52.629466
              23	              24	      +19.316776	      +19.316776	      +28.331760	       +1.583313	      -30.908645	       +0.000000	      -30.908645	       +0.000000	      -31.902218	      -31.902218
              23	              25	      +19.316776	      +19.316776	      +28.331760	       +1.583313	      -30.908645	       +0.000000	      -30.908645	       +0.000000	      -31.902218	      -31.902218
              23	              26	      +23.142792	      +23.142792	      +31.864270	       +2.165822	      -44.780373	       +0.000000	      -44.780373	       +0.000000	      -55.530655	      -55.530655
              23	              27	      +23.142792	      +23.142792	      +31.864270	       +2.165822	      -44.780373	       +0.000000	      -44.780373	       +0.000000	      -55.530655	      -55.530655
              23	              28	      +24.020018	      +24.020018	      +32.282713	       +2.049922	      -26.814845	       +0.000000	      -26.814845	       +0.000000	      -19.297055	      -19.297055
              23	              29	      +24.020018	      +24.020018	      +32.282713	       +2.049922	      -26.814845	       +0.000000	      -26.814845	       +0.000000	      -19.297055	      -19.297055
              23	              30	      +24.916874	      +24.916874	      +32.199677	       +3.588237	      -50.296002	       +0.000000	      -50.296002	       +0.000000	      -64.804090	      -64.804090
              23	              31	      +24.916874	      +24.916874	      +32.199677	       +3.588237	      -50.296002	       +0.000000	      -50.296002	       +0.000000	      -64.804090	      -64.804090
              23	              32	      +25.658279	      +25.658279	      +34.480925	       +1.447275	      -39.972077	       +0.000000	      -39.972077	       +0.000000	      -44.015953	      -44.015953
              23	              33	      +25.658279	      +25.658279	      +34.480925	       +1.447275	      -39.972077	       +0.000000	      -39.972077	       +0.000000	      -44.015953	      -44.015953
              23	              34	      +25.894803	      +25.894803	      +34.572158	       +1.766347	      -28.265014	       +0.000000	      -28.265014	       +0.000000	      -20.191524	      -20.191524
              23	              35	      +25.894803	      +25.894803	      +34.572158	       +1.766347	      -28.265014	       +0.000000	      -28.265014	       +0.000000	      -20.191524	      -20.191524
              23	              36	      +26.228227	      +26.228227	      +35.046556	       +1.589677	      -31.348006	       +0.000000	      -31.348006	       +0.000000	      -26.059778	      -26.059778
              23	              37	      +26.228227	      +26.228227	      +35.046556	       +1.589677	      -31.348006	       +0.000000	      -31.348006	       +0.000000	      -26.059778	      -26.059778
              23	              38	      +29.216331	      +29.216331	      +38.284645	       +0.369827	      -39.909988	       +0.000000	      -39.909988	       +0.000000	      -41.165503	      -41.165503
              23	              39	      +29.216331	      +29.216331	      +38.284645	       +0.369827	      -39.909988	       +0.000000	      -39.909988	       +0.000000	      -41.165503	      -41.165503
              23	              40	      +30.034572	      +30.034572	      +37.802689	       +3.329953	      -42.195618	       +0.000000	      -42.195618	       +0.000000	      -43.258594	      -43.258594
              23	              41	      +30.034572	      +30.034572	      +37.802689	       +3.329953	      -42.195618	       +0.000000	      -42.195618	       +0.000000	      -43.258594	      -43.258594
              23	              42	      +31.480037	      +31.480037	      +40.463824	       +1.338258	      -33.070613	       +0.000000	      -33.070613	       +0.000000	      -24.339144	      -24.339144
              23	              43	      +31.480037	      +31.480037	      +40.463824	       +1.338258	      -33.070613	       +0.000000	      -33.070613	       +0.000000	      -24.339144	      -24.339144
              23	              44	      +31.875144	      +31.875144	      +41.154045	       -0.085509	      -34.691067	       +0.000000	      -34.691067	       +0.000000	      -28.313598	      -28.313598
              23	              45	      +31.875144	      +31.875144	      +41.154045	       -0.085509	      -34.691067	       +0.000000	      -34.691067	       +0.000000	      -28.313598	      -28.313598
              23	              46	      +34.110067	      +34.110067	      +44.019365	       -0.611229	      -19.824666	       +0.000000	      -19.824666	       +0.000000	       +3.758804	       +3.758804
              23	              47	      +34.110067	      +34.110067	      +44.019365	       -0.611229	      -19.824666	       +0.000000	      -19.824666	       +0.000000	       +3.758804	       +3.758804
              23	              48	      +35.433254	      +35.433254	      +43.671075	       +1.036172	      -45.223388	       +0.000000	      -45.223388	       +0.000000	      -45.739530	      -45.739530
              23	              49	      +35.433254	      +35.433254	      +43.671075	       +1.036172	      -45.223388	       +0.000000	      -45.223388	       +0.000000	      -45.739530	      -45.739530
              23	              50	      +35.605396	      +35.605396	      +44.511918	       +1.539575	      -45.148328	       +0.000000	      -45.148328	       +0.000000	      -44.245163	      -44.245163
              23	              51	      +35.605396	      +35.605396	      +44.511918	       +1.539575	      -45.148328	       +0.000000	      -45.148328	       +0.000000	      -44.245163	      -44.245163
              23	              52	      +35.696503	      +35.696503	      +44.197551	       +0.005390	      -35.563661	       +0.000000	      -35.563661	       +0.000000	      -26.924382	      -26.924382
              23	              53	      +35.696503	      +35.696503	      +44.197551	       +0.005390	      -35.563661	       +0.000000	      -35.563661	       +0.000000	      -26.924382	      -26.924382
              23	              54	      +37.475892	      +37.475892	      +46.754949	       +0.065827	      -39.851518	       +0.000000	      -39.851518	       +0.000000	      -32.882260	      -32.882260
              23	              55	      +37.475892	      +37.475892	      +46.754949	       +0.065827	      -39.851518	       +0.000000	      -39.851518	       +0.000000	      -32.882260	      -32.882260

k-point 24:
              24	               0	       -2.977123	       -2.977123	       +4.097954	       +3.848846	      -47.848156	       -2.590893	      -47.848156	       +0.000000	      -87.749512	      -87.749512
              24	               1	       -2.977123	       -2.977123	       +4.097954	       +3.848846	      -47.848156	       -2.590893	      -47.848156	       +0.000000	      -87.749512	      -87.749512
              24	               2	       -0.116049	       -0.116049	       +6.990840	       +3.824931	      -49.368042	       -2.590893	      -49.368042	       +0.000000	      -87.920313	      -87.920313
              24	               3	       -0.116049	       -0.116049	       +6.990840	       +3.824931	      -49.368042	       -2.590893	      -49.368042	       +0.000000	      -87.920313	      -87.920313
              24	               4	       +2.729549	       +2.729549	      +10.536174	       +2.850015	      -43.014953	       -2.590893	      -43.014953	       +0.000000	      -72.643718	      -72.643718
              24	               5	       +2.729549	       +2.729549	      +10.536174	       +2.850015	      -43.014953	       -2.590893	      -43.014953	       +0.000000	      -72.643718	      -72.643718
              24	               6	       +4.062047	       +4.062047	      +11.255704	       +3.690675	      -52.266795	       -2.590893	      -52.266795	       +0.000000	      -89.587212	      -89.587212
              24	               7	       +4.062047	       +4.062047	      +11.255704	       +3.690675	      -52.266795	       -2.590893	      -52.266795	       +0.000000	      -89.587212	      -89.587212
              24	               8	       +7.784322	       +7.784322	      +16.814376	       +1.142107	      -27.670859	       +0.000000	      -27.670859	       +0.000000	      -37.385235	      -37.385235
              24	               9	       +7.784322	       +7.784322	      +16.814376	       +1.142107	      -27.670859	       +0.000000	      -27.670859	       +0.000000	      -37.385235	      -37.385235
              24	              10	      +10.722893	      +10.722893	      +19.247067	       +1.904470	      -32.244843	       +0.000000	      -32.244843	       +0.000000	      -43.338149	      -43.338149
              24	              11	      +10.722893	      +10.722893	      +19.247067	       +1.904470	      -32.244843	       +0.000000	      -32.244843	       +0.000000	      -43.338149	      -43.338149
              24	              12	      +12.017668	      +12.017668	      +19.532688	       +3.257179	      -37.553284	       +0.000000	      -37.553284	       +0.000000	      -52.316701	      -52.316701
              24	              13	      +12.017668	      +12.017668	      +19.532688	       +3.257179	      -37.553284	       +0.000000	      -37.553284	       +0.000000	      -52.316701	      -52.316701
              24	              14	      +12.190626	      +12.190626	      +20.185882	       +2.462374	      -33.972284	       +0.000000	      -33.972284	       +0.000000	      -45.296312	      -45.296312
              24	              15	      +12.190626	      +12.190626	      +20.185882	       +2.462374	      -33.972284	       +0.000000	      -33.972284	       +0.000000	      -45.296312	      -45.296312
              24	              16	      +16.490593	      +16.490593	      +24.769159	       +2.400748	      -29.912368	       +0.000000	      -29.912368	       +0.000000	      -32.654830	      -32.654830
              24	              17	      +16.490594	      +16.490594	      +24.769159	       +2.400748	      -29.912368	       +0.000000	      -29.912368	       +0.000000	      -32.654830	      -32.654830
              24	              18	      +16.831650	      +16.831650	      +24.713994	       +2.565493	      -40.700217	       +0.000000	      -40.700217	       +0.000000	      -54.120947	      -54.120947
              24	              19	      +16.831650	      +16.831650	      +24.713994	       +2.565493	      -40.700217	       +0.000000	      -40.700217	       +0.000000	      -54.120947	      -54.120947
              24	              20	      +18.448777	      +18.448777	      +26.127648	       +2.966335	      -38.283664	       +0.000000	      -38.283664	       +0.000000	      -47.473346	      -47.473346
              24	              21	      +18.448777	      +18.448777	      +26.127648	       +2.966335	      -38.283664	       +0.000000	      -38.283664	       +0.000000	      -47.473346	      -47.473346
              24	              22	      +18.994914	      +18.994914	      +26.926035	       +2.752166	      -40.720551	       +0.000000	      -40.720551	       +0.000000	      -51.762900	      -51.762900
              24	              23	      +18.994914	      +18.994914	      +26.926035	       +2.752166	      -40.720551	       +0.000000	      -40.720551	       +0.000000	      -51.762900	      -51.762900
              24	              24	      +19.316776	      +19.316776	      +28.331749	       +1.585869	      -31.651423	       +0.000000	      -31.651423	       +0.000000	      -33.385227	      -33.385227
              24	              25	      +19.316776	      +19.316776	      +28.331749	       +1.585869	      -31.651423	       +0.000000	      -31.651423	       +0.000000	      -33.385227	      -33.385227
              24	              26	      +23.142792	      +23.142792	      +31.864362	       +2.186790	      -37.844601	       +0.000000	      -37.844601	       +0.000000	      -41.638049	      -41.638049
              24	              27	      +23.142792	      +23.142792	      +31.864362	       +2.186790	      -37.844601	       +0.000000	      -37.844601	       +0.000000	      -41.638049	      -41.638049
              24	              28	      +24.020018	      +24.020018	      +32.282723	       +2.073431	      -26.217124	       +0.000000	      -26.217124	       +0.000000	      -18.078096	      -18.078096
              24	              29	      +24.020018	      +24.020018	      +32.282723	       +2.073431	      -26.217124	       +0.000000	      -26.217124	       +0.000000	      -18.078096	      -18.078096
              24	              30	      +24.916874	      +24.916874	      +32.199883	       +3.565786	      -46.845250	       +0.000000	      -46.845250	       +0.000000	      -57.924830	      -57.924830
              24	              31	      +24.916874	      +24.916874	      +32.199883	       +3.565786	      -46.845250	       +0.000000	      -46.845250	       +0.000000	      -57.924830	      -57.924830
              24	              32	      +25.658279	      +25.658279	      +34.480829	       +1.449548	      -38.582706	       +0.000000	      -38.582706	       +0.000000	      -41.235035	      -41.235035
              24	              33	      +25.658279	      +25.658279	      +34.480829	       +1.449548	      -38.582706	       +0.000000	      -38.582706	       +0.000000	      -41.235035	      -41.235035
              24	              34	      +25.894803	      +25.894803	      +34.572042	       +1.748635	      -31.277042	       +0.000000	      -31.277042	       +0.000000	      -26.233407	      -26.233407
              24	              35	      +25.894803	      +25.894803	      +34.572042	       +1.748635	      -31.277042	       +0.000000	      -31.277042	       +0.000000	      -26.233407	      -26.233407
              24	              36	      +26.228227	      +26.228227	      +35.046550	       +1.558489	      -33.276871	       +0.000000	      -33.276871	       +0.000000	      -29.948703	      -29.948703
              24	              37	      +26.228227	      +26.228227	      +35.046550	       +1.558489	      -33.276871	       +0.000000	      -33.276871	       +0.000000	      -29.948703	      -29.948703
              24	              38	      +29.216331	      +29.216331	      +38.284650	       +0.363869	      -39.633720	       +0.000000	      -39.633720	       +0.000000	      -40.618921	      -40.618921
              24	              39	      +29.216331	      +29.216331	      +38.284650	       +0.363869	      -39.633720	       +0.000000	      -39.633720	       +0.000000	      -40.618921	      -40.618921
              24	              40	      +30.034572	      +30.034572	      +37.802744	       +3.260998	      -40.957143	       +0.000000	      -40.957143	       +0.000000	      -40.850546	      -40.850546
              24	              41	      +30.034572	      +30.034572	      +37.802744	       +3.260998	      -40.957143	       +0.000000	      -40.957143	       +0.000000	      -40.850546	      -40.850546
              24	              42	      +31.480037	      +31.480037	      +40.463902	       +1.344849	      -34.511251	       +0.000000	      -34.511251	       +0.000000	      -27.213752	      -27.213752
              24	              43	      +31.480037	      +31.480037	      +40.463902	       +1.344849	      -34.511251	       +0.000000	      -34.511251	       +0.000000	      -27.213752	      -27.213752
              24	              44	      +31.875144	      +31.875144	      +41.153966	       -0.108343	      -30.486732	       +0.000000	      -30.486732	       +0.000000	      -19.927841	      -19.927841
              24	              45	      +31.875144	      +31.875144	      +41.153966	       -0.108343	      -30.486732	       +0.000000	      -30.486732	       +0.000000	      -19.927841	      -19.927841
              24	              46	      +34.110067	      +34.110067	      +44.019405	       -0.575326	      -19.005172	       +0.000000	      -19.005172	       +0.000000	       +5.433735	       +5.433735
              24	              47	      +34.110067	      +34.110067	      +44.019405	       -0.575326	      -19.005172	       +0.000000	      -19.005172	       +0.000000	       +5.433735	       +5.433735
              24	              48	      +35.433254	      +35.433254	      +43.671117	       +1.055127	      -49.669549	       +0.000000	      -49.669549	       +0.000000	      -54.612855	      -54.612855
              24	              49	      +35.433254	      +35.433254	      +43.671117	       +1.055127	      -49.669549	       +0.000000	      -49.669549	       +0.000000	      -54.612855	      -54.612855
              24	              50	      +35.605396	      +35.605396	      +44.512037	       +1.589906	      -45.311397	       +0.000000	      -45.311397	       +0.000000	      -44.520852	      -44.520852
              24	              51	      +35.605396	      +35.605396	      +44.512037	       +1.589906	      -45.311397	       +0.000000	      -45.311397	       +0.000000	      -44.520852	      -44.520852
              24	              52	      +35.696503	      +35.696503	      +44.197441	       +0.061152	      -41.755997	       +0.000000	      -41.755997	       +0.000000	      -39.253402	      -39.253402
              24	              53	      +35.696503	      +35.696503	      +44.197441	       +0.061152	      -41.755997	       +0.000000	      -41.755997	       +0.000000	      -39.253402	      -39.253402
              24	              54	      +37.475892	      +37.475892	      +46.754938	       +0.125797	      -34.585468	       +0.000000	      -34.585468	       +0.000000	      -22.290201	      -22.290201
              24	              55	      +37.475892	      +37.475892	      +46.754938	       +0.125797	      -34.585468	       +0.000000	      -34.585468	       +0.000000	      -22.290201	      -22.290201

k-point 25:
              25	               0	       -3.652141	       -3.652141	       +3.544688	       +3.680400	      -45.390292	       -2.590893	      -45.390292	       +0.000000	      -83.555497	      -83.555497
              25	               1	       -3.652141	       -3.652141	       +3.544688	       +3.680400	      -45.390292	       -2.590893	      -45.390292	       +0.000000	      -83.555497	      -83.555497
              25	               2	       +0.787803	       +0.787803	       +7.724351	       +4.065699	      -54.214508	       -2.590893	      -54.214508	       +0.000000	      -96.638967	      -96.638967
              25	               3	       +0.787803	       +0.787803	       +7.724351	       +4.065699	      -54.214508	       -2.590893	      -54.214508	       +0.000000	      -96.638967	      -96.638967
              25	               4	       +2.509647	       +2.509647	      +10.524782	       +2.559314	      -42.161660	       -2.590893	      -42.161660	       +0.000000	      -71.239225	      -71.239225
              25	               5	       +2.509647	       +2.509647	      +10.524782	       +2.559314	      -42.161660	       -2.590893	      -42.161660	       +0.000000	      -71.239225	      -71.239225
              25	               6	       +4.943158	       +4.943158	      +11.819135	       +4.163311	      -53.880963	       -2.590893	      -53.880963	       +0.000000	      -91.779480	      -91.779480
              25	               7	       +4.943158	       +4.943158	      +11.819135	       +4.163311	      -53.880963	       -2.590893	      -53.880963	       +0.000000	      -91.779480	      -91.779480
              25	               8	       +8.712783	       +8.712783	      +17.311245	       +1.670559	      -24.883949	       +0.000000	      -24.883949	       +0.000000	      -30.786094	      -30.786094
              25	               9	       +8.712783	       +8.712783	      +17.311245	       +1.670559	      -24.883949	       +0.000000	      -24.883949	       +0.000000	      -30.786094	      -30.786094
              25	              10	      +11.050364	      +11.050364	      +19.062745	       +2.452263	      -27.320094	       +0.000000	      -27.320094	       +0.000000	      -33.125178	      -33.125178
              25	              11	      +11.050364	      +11.050364	      +19.062745	       +2.452263	      -27.320094	       +0.000000	      -27.320094	       +0.000000	      -33.125178	      -33.125178
              25	              12	      +11.420223	      +11.420223	      +19.116617	       +3.191887	      -50.049810	       +0.000000	      -50.049810	       +0.000000	      -77.791117	      -77.791117
              25	              13	      +11.420223	      +11.420223	      +19.116617	       +3.191887	      -50.049810	       +0.000000	      -50.049810	       +0.000000	      -77.791117	      -77.791117
              25	              14	      +12.411762	      +12.411762	      +20.585089	       +2.342139	      -29.629034	       +0.000000	      -29.629034	       +0.000000	      -36.330841	      -36.330841
              25	              15	      +12.411762	      +12.411762	      +20.585089	       +2.342139	      -29.629034	       +0.000000	      -29.629034	       +0.000000	      -36.330841	      -36.330841
              25	              16	      +12.729589	      +12.729589	      +21.375116	       +1.510706	      -35.036334	       +0.000000	      -35.036334	       +0.000000	      -47.186846	      -47.186846
              25	              17	      +12.729589	      +12.729589	      +21.375116	       +1.510706	      -35.036334	       +0.000000	      -35.036334	       +0.000000	      -47.186846	      -47.186846
              25	              18	      +15.910103	      +15.910103	      +24.055257	       +2.504730	      -30.394472	       +0.000000	      -30.394472	       +0.000000	      -34.228956	      -34.228956
              25	              19	      +15.910103	      +15.910103	      +24.055257	       +2.504730	      -30.394472	       +0.000000	      -30.394472	       +0.000000	      -34.228956	      -34.228956
              25	              20	      +18.904572	      +18.904572	      +28.282816	       +1.067838	      -27.415924	       +0.000000	      -27.415924	       +0.000000	      -25.481193	      -25.481193
              25	              21	      +18.904572	      +18.904572	      +28.282816	       +1.067838	      -27.415924	       +0.000000	      -27.415924	       +0.000000	      -25.481193	      -25.481193
              25	              22	      +19.486085	      +19.486085	      +26.767519	       +3.510717	      -46.800613	       +0.000000	      -46.800613	       +0.000000	      -63.322990	      -63.322990
              25	              23	      +19.486085	      +19.486085	      +26.767519	       +3.510717	      -46.800613	       +0.000000	      -46.800613	       +0.000000	      -63.322990	      -63.322990
              25	              24	      +19.746882	      +19.746882	      +29.652662	       -0.040186	      -26.539038	       +0.000000	      -26.539038	       +0.000000	      -23.465600	      -23.465600
              25	              25	      +19.746882	      +19.746882	      +29.652662	       -0.040186	      -26.539038	       +0.000000	      -26.539038	       +0.000000	      -23.465601	      -23.465601
              25	              26	      +22.954193	      +22.954193	      +32.368593	       +1.042676	      -24.032861	       +0.000000	      -24.032861	       +0.000000	      -14.654453	      -14.654453
              25	              27	      +22.954193	      +22.954193	      +32.368593	       +1.042676	      -24.032861	       +0.000000	      -24.032861	       +0.000000	      -14.654453	      -14.654453
              25	              28	      +23.348114	      +23.348114	      +30.672400	       +3.557734	      -35.418659	       +0.000000	      -35.418659	       +0.000000	      -36.607183	      -36.607183
              25	              29	      +23.348114	      +23.348114	      +30.672400	       +3.557734	      -35.418659	       +0.000000	      -35.418659	       +0.000000	      -36.607183	      -36.607183
              25	              30	      +23.741265	      +23.741265	      +31.165712	       +3.547371	      -52.717124	       +0.000000	      -52.717124	       +0.000000	      -70.721165	      -70.721165
              25	              31	      +23.741265	      +23.741265	      +31.165712	       +3.547371	      -52.717124	       +0.000000	      -52.717124	       +0.000000	      -70.721165	      -70.721165
              25	              32	      +24.988924	      +24.988924	      +32.382971	       +3.287837	      -41.514031	       +0.000000	      -41.514031	       +0.000000	      -47.357253	      -47.357253
              25	              33	      +24.988924	      +24.988924	      +32.382971	       +3.287837	      -41.514031	       +0.000000	      -41.514031	       +0.000000	      -47.357253	      -47.357253
              25	              34	      +27.533701	      +27.533701	      +34.617651	       +3.464682	      -50.480140	       +0.000000	      -50.480140	       +0.000000	      -62.877947	      -62.877947
              25	              35	      +27.533701	      +27.533701	      +34.617651	       +3.464682	      -50.480140	       +0.000000	      -50.480140	       +0.000000	      -62.877947	      -62.877947
              25	              36	      +27.993170	      +27.993170	      +37.527722	       +0.439368	      -28.947956	       +0.000000	      -28.947956	       +0.000000	      -19.928822	      -19.928822
              25	              37	      +27.993170	      +27.993170	      +37.527722	       +0.439368	      -28.947956	       +0.000000	      -28.947956	       +0.000000	      -19.928822	      -19.928822
              25	              38	      +30.240858	      +30.240858	      +38.678090	       +2.489162	      -53.898375	       +0.000000	      -53.898375	       +0.000000	      -66.629498	      -66.629498
              25	              39	      +30.240858	      +30.240858	      +38.678090	       +2.489162	      -53.898375	       +0.000000	      -53.898375	       +0.000000	      -66.629498	      -66.629498
              25	              40	      +31.097912	      +31.097912	      +42.124464	       -0.929992	      -14.392040	       +0.000000	      -14.392040	       +0.000000	      +12.410393	      +12.410393
              25	              41	      +31.097912	      +31.097912	      +42.124464	       -0.929992	      -14.392040	       +0.000000	      -14.392040	       +0.000000	      +12.410393	      +12.410393
              25	              42	      +31.576764	      +31.576764	      +39.706301	       +2.054409	      -43.770704	       +0.000000	      -43.770704	       +0.000000	      -45.780697	      -45.780697
              25	              43	      +31.576764	      +31.576764	      +39.706301	       +2.054409	      -43.770704	       +0.000000	      -43.770704	       +0.000000	      -45.780697	      -45.780697
              25	              44	      +33.085153	      +33.085153	      +41.803147	       +0.706684	      -36.824827	       +0.000000	      -36.824827	       +0.000000	      -31.139824	      -31.139824
              25	              45	      +33.085153	      +33.085153	      +41.803147	       +0.706684	      -36.824827	       +0.000000	      -36.824827	       +0.000000	      -31.139824	      -31.139824
              25	              46	      +33.392607	      +33.392607	      +42.895490	       -0.418787	      -28.357001	       +0.000000	      -28.357001	       +0.000000	      -14.237300	      -14.237300
              25	              47	      +33.392607	      +33.392607	      +42.895490	       -0.418787	      -28.357001	       +0.000000	      -28.357001	       +0.000000	      -14.237300	      -14.237300
              25	              48	      +34.058356	      +34.058356	      +42.396661	       +1.526766	      -43.483871	       +0.000000	      -43.483871	       +0.000000	      -43.044316	      -43.044316
              25	              49	      +34.058356	      +34.058356	      +42.396661	       +1.526766	      -43.483871	       +0.000000	      -43.483871	       +0.000000	      -43.044316	      -43.044316
              25	              50	      +35.683006	      +35.683006	      +43.780514	       +0.469018	      -40.216490	       +0.000000	      -40.216490	       +0.000000	      -36.183449	      -36.183449
              25	              51	      +35.683006	      +35.683006	      +43.780514	       +0.469018	      -40.216490	       +0.000000	      -40.216490	       +0.000000	      -36.183449	      -36.183449
              25	              52	      +36.600157	      +36.600157	      +45.396024	       +1.252427	      -42.003832	       +0.000000	      -42.003832	       +0.000000	      -37.359214	      -37.359214
              25	              53	      +36.600157	      +36.600157	      +45.396024	       +1.252427	      -42.003832	       +0.000000	      -42.003832	       +0.000000	      -37.359214	      -37.359214
              25	              54	      +37.490963	      +37.490963	      +46.954916	       -0.842225	      -27.340106	       +0.000000	      -27.340106	       +0.000000	       -8.567522	       -8.567522
              25	              55	      +37.490963	      +37.490963	      +46.954916	       -0.842225	      -27.340106	       +0.000000	      -27.340106	       +0.000000	       -8.567522	       -8.567522

k-point 26:
              26	               0	       -2.977123	       -2.977123	       +4.097967	       +3.851790	      -46.709217	       -2.590893	      -46.709217	       +0.000000	      -85.468678	      -85.468678
              26	               1	       -2.977123	       -2.977123	       +4.097967	       +3.851790	      -46.709217	       -2.590893	      -46.709217	       +0.000000	      -85.468678	      -85.468678
              26	               2	       -0.116049	       -0.116049	       +6.990874	       +3.818780	      -54.224506	       -2.590893	      -54.224506	       +0.000000	      -97.639358	      -97.639358
              26	               3	       -0.116049	       -0.116049	       +6.990874	       +3.818780	      -54.224506	       -2.590893	      -54.224506	       +0.000000	      -97.639358	      -97.639358
              26	               4	       +2.729549	       +2.729549	      +10.536247	       +2.848541	      -42.713710	       -2.590893	      -42.713710	       +0.000000	      -72.042632	      -72.042632
              26	               5	       +2.729549	       +2.729549	      +10.536247	       +2.848541	      -42.713710	       -2.590893	      -42.713710	       +0.000000	      -72.042632	      -72.042632
              26	               6	       +4.062047	       +4.062047	      +11.255622	       +3.696264	      -49.481562	       -2.590893	      -49.481562	       +0.000000	      -84.011238	      -84.011238
              26	               7	       +4.062047	       +4.062047	      +11.255622	       +3.696264	      -49.481562	       -2.590893	      -49.481562	       +0.000000	      -84.011238	      -84.011238
              26	               8	       +7.784322	       +7.784322	      +16.814406	       +1.143630	      -23.288524	       +0.000000	      -23.288524	       +0.000000	      -28.619011	      -28.619011
              26	               9	       +7.784322	       +7.784322	      +16.814405	       +1.143630	      -23.288524	       +0.000000	      -23.288524	       +0.000000	      -28.619011	      -28.619011
              26	              10	      +10.722893	      +10.722893	      +19.247052	       +1.896446	      -34.795384	       +0.000000	      -34.795384	       +0.000000	      -48.447270	      -48.447270
              26	              11	      +10.722893	      +10.722893	      +19.247052	       +1.896446	      -34.795384	       +0.000000	      -34.795384	       +0.000000	      -48.447270	      -48.447270
              26	              12	      +12.017668	      +12.017668	      +19.532824	       +3.253632	      -40.140783	       +0.000000	      -40.140783	       +0.000000	      -57.495110	      -57.495110
              26	              13	      +12.017668	      +12.017668	      +19.532824	       +3.253632	      -40.140783	       +0.000000	      -40.140783	       +0.000000	      -57.495110	      -57.495110
              26	              14	      +12.190626	      +12.190626	      +20.185901	       +2.470228	      -30.223927	       +0.000000	      -30.223927	       +0.000000	      -37.791724	      -37.791724
              26	              15	      +12.190626	      +12.190626	      +20.185901	       +2.470228	      -30.223927	       +0.000000	      -30.223927	       +0.000000	      -37.791724	      -37.791724
              26	              16	      +16.490593	      +16.490593	      +24.769239	       +2.401128	      -32.399917	       +0.000000	      -32.399917	       +0.000000	      -37.629468	      -37.629468
              26	              17	      +16.490594	      +16.490594	      +24.769239	       +2.401128	      -32.399917	       +0.000000	      -32.399917	       +0.000000	      -37.629468	      -37.629468
              26	              18	      +16.831650	      +16.831650	      +24.713951	       +2.565265	      -41.249050	       +0.000000	      -41.249050	       +0.000000	      -55.218883	      -55.218883
              26	              19	      +16.831650	      +16.831650	      +24.713951	       +2.565265	      -41.249050	       +0.000000	      -41.249050	       +0.000000	      -55.218883	      -55.218883
              26	              20	      +18.448777	      +18.448777	      +26.127678	       +2.965013	      -41.797305	       +0.000000	      -41.797305	       +0.000000	      -54.501920	      -54.501920
              26	              21	      +18.448777	      +18.448777	      +26.127678	       +2.965013	      -41.797305	       +0.000000	      -41.797305	       +0.000000	      -54.501920	      -54.501920
              26	              22	      +18.994914	      +18.994914	      +26.926033	       +2.750853	      -46.807012	       +0.000000	      -46.807012	       +0.000000	      -63.937139	      -63.937139
              26	              23	      +18.994914	      +18.994914	      +26.926033	       +2.750853	      -46.807012	       +0.000000	      -46.807012	       +0.000000	      -63.937139	      -63.937139
              26	              24	      +19.316776	      +19.316776	      +28.331751	       +1.588299	      -33.660828	       +0.000000	      -33.660828	       +0.000000	      -37.401606	      -37.401606
              26	              25	      +19.316776	      +19.316776	      +28.331751	       +1.588299	      -33.660828	       +0.000000	      -33.660828	       +0.000000	      -37.401606	      -37.401606
              26	              26	      +23.142792	      +23.142792	      +31.864492	       +2.181010	      -40.537792	       +0.000000	      -40.537792	       +0.000000	      -47.030081	      -47.030081
              26	              27	      +23.142792	      +23.142792	      +31.864492	       +2.181010	      -40.537792	       +0.000000	      -40.537792	       +0.000000	      -47.030081	      -47.030081
              26	              28	      +24.020018	      +24.020018	      +32.282715	       +2.081700	      -24.837163	       +0.000000	      -24.837163	       +0.000000	      -15.309911	      -15.309911
              26	              29	      +24.020018	      +24.020018	      +32.282715	       +2.081700	      -24.837163	       +0.000000	      -24.837163	       +0.000000	      -15.309911	      -15.309911
              26	              30	      +24.916874	      +24.916874	      +32.199757	       +3.567290	      -50.305698	       +0.000000	      -50.305698	       +0.000000	      -64.844349	      -64.844349
              26	              31	      +24.916874	      +24.916874	      +32.199757	       +3.567290	      -50.305698	       +0.000000	      -50.305698	       +0.000000	      -64.844349	      -64.844349
              26	              32	      +25.658279	      +25.658279	      +34.480922	       +1.446488	      -34.620524	       +0.000000	      -34.620524	       +0.000000	      -33.313638	      -33.313638
              26	              33	      +25.658279	      +25.658279	      +34.480922	       +1.446488	      -34.620524	       +0.000000	      -34.620524	       +0.000000	      -33.313638	      -33.313638
              26	              34	      +25.894803	      +25.894803	      +34.571958	       +1.742681	      -26.540632	       +0.000000	      -26.540632	       +0.000000	      -16.766624	      -16.766624
              26	              35	      +25.894803	      +25.894803	      +34.571958	       +1.742681	      -26.540632	       +0.000000	      -26.540632	       +0.000000	      -16.766624	      -16.766624
              26	              36	      +26.228227	      +26.228227	      +35.046536	       +1.562879	      -33.788552	       +0.000000	      -33.788552	       +0.000000	      -30.967688	      -30.967688
              26	              37	      +26.228227	      +26.228227	      +35.046536	       +1.562879	      -33.788552	       +0.000000	      -33.788552	       +0.000000	      -30.967688	      -30.967688
              26	              38	      +29.216331	      +29.216331	      +38.284648	       +0.354835	      -36.446996	       +0.000000	      -36.446996	       +0.000000	      -34.254510	      -34.254510
              26	              39	      +29.216331	      +29.216331	      +38.284648	       +0.354835	      -36.446996	       +0.000000	      -36.446996	       +0.000000	      -34.254510	      -34.254510
              26	              40	      +30.034572	      +30.034572	      +37.802699	       +3.254170	      -40.781673	       +0.000000	      -40.781673	       +0.000000	      -40.506477	      -40.506477
              26	              41	      +30.034572	      +30.034572	      +37.802699	       +3.254170	      -40.781673	       +0.000000	      -40.781673	       +0.000000	      -40.506477	      -40.506477
              26	              42	      +31.480037	      +31.480037	      +40.463952	       +1.354112	      -36.291493	       +0.000000	      -36.291493	       +0.000000	      -30.764922	      -30.764922
              26	              43	      +31.480037	      +31.480037	      +40.463951	       +1.354112	      -36.291493	       +0.000000	      -36.291493	       +0.000000	      -30.764922	      -30.764922
              26	              44	      +31.875144	      +31.875144	      +41.153936	       -0.126803	      -35.016657	       +0.000000	      -35.016657	       +0.000000	      -29.006182	      -29.006182
              26	              45	      +31.875144	      +31.875144	      +41.153936	       -0.126803	      -35.016657	       +0.000000	      -35.016657	       +0.000000	      -29.006182	      -29.006182
              26	              46	      +34.110067	      +34.110067	      +44.019388	       -0.566551	      -19.261701	       +0.000000	      -19.261701	       +0.000000	       +4.929435	       +4.929435
              26	              47	      +34.110067	      +34.110067	      +44.019388	       -0.566551	      -19.261701	       +0.000000	      -19.261701	       +0.000000	       +4.929435	       +4.929435
              26	              48	      +35.433254	      +35.433254	      +43.671098	       +1.075683	      -42.855381	       +0.000000	      -42.855381	       +0.000000	      -40.963981	      -40.963981
              26	              49	      +35.433254	      +35.433254	      +43.671098	       +1.075683	      -42.855381	       +0.000000	      -42.855381	       +0.000000	      -40.963981	      -40.963981
              26	              50	      +35.605396	      +35.605396	      +44.512092	       +1.577687	      -39.839878	       +0.000000	      -39.839878	       +0.000000	      -33.589976	      -33.589976
              26	              51	      +35.605396	      +35.605396	      +44.512092	       +1.577687	      -39.839878	       +0.000000	      -39.839878	       +0.000000	      -33.589976	      -33.589976
              26	              52	      +35.696503	      +35.696503	      +44.197425	       +0.078828	      -40.047289	       +0.000000	      -40.047289	       +0.000000	      -35.818325	      -35.818325
              26	              53	      +35.696503	      +35.696503	      +44.197425	       +0.078828	      -40.047289	       +0.000000	      -40.047289	       +0.000000	      -35.818325	      -35.818325
              26	              54	      +37.475892	      +37.475892	      +46.754935	       +0.122069	      -35.299684	       +0.000000	      -35.299684	       +0.000000	      -23.722364	      -23.722364
              26	              55	      +37.475892	      +37.475892	      +46.754935	       +0.122069	      -35.299684	       +0.000000	      -35.299684	       +0.000000	      -23.722364	      -23.722364

k-point 27:
              27	               0	       -1.387966	       -1.387966	       +5.451537	       +4.181681	      -51.391096	       -2.590893	      -51.391096	       +0.000000	      -93.148973	      -93.148973
              27	               1	       -1.387964	       -1.387964	       +5.451537	       +4.181681	      -51.391096	       -2.590893	      -51.391096	       +0.000000	      -93.148973	      -93.148973
              27	               2	       -1.382360	       -1.382360	       +5.457457	       +4.181482	      -51.385473	       -2.590893	      -51.385473	       +0.000000	      -93.132006	      -93.132006
              27	               3	       -1.382358	       -1.382358	       +5.457457	       +4.181482	      -51.385473	       -2.590893	      -51.385473	       +0.000000	      -93.132006	      -93.132006
              27	               4	       +2.402472	       +2.402472	      +10.513974	       +2.419915	      -41.024884	       -2.590893	      -41.024884	       +0.000000	      -69.115879	      -69.115879
              27	               5	       +2.402472	       +2.402472	      +10.513973	       +2.419915	      -41.024884	       -2.590893	      -41.024884	       +0.000000	      -69.115879	      -69.115879
              27	               6	       +2.415304	       +2.415304	      +10.530733	       +2.414865	      -40.981296	       -2.590893	      -40.981296	       +0.000000	      -69.016994	      -69.016994
              27	               7	       +2.415304	       +2.415304	      +10.530733	       +2.414865	      -40.981296	       -2.590893	      -40.981296	       +0.000000	      -69.016994	      -69.016994
              27	               8	      +10.549128	      +10.549128	      +19.103389	       +1.931632	      -36.618180	       +0.000000	      -36.618180	       +0.000000	      -52.201339	      -52.201339
              27	               9	      +10.549128	      +10.549128	      +19.103389	       +1.931632	      -36.618180	       +0.000000	      -36.618180	       +0.000000	      -52.201339	      -52.201339
              27	              10	      +10.549303	      +10.549303	      +19.104039	       +1.931072	      -36.618793	       +0.000000	      -36.618793	       +0.000000	      -52.202475	      -52.202475
              27	              11	      +10.549303	      +10.549303	      +19.104038	       +1.931072	      -36.618793	       +0.000000	      -36.618793	       +0.000000	      -52.202475	      -52.202475
              27	              12	      +11.257997	      +11.257997	      +19.293894	       +2.403414	      -30.274588	       +0.000000	      -30.274588	       +0.000000	      -38.851869	      -38.851869
              27	              13	      +11.257998	      +11.257998	      +19.293894	       +2.403414	      -30.274588	       +0.000000	      -30.274588	       +0.000000	      -38.851868	      -38.851868
              27	              14	      +11.274461	      +11.274461	      +19.318004	       +2.392870	      -30.224717	       +0.000000	      -30.224717	       +0.000000	      -38.738560	      -38.738560
              27	              15	      +11.274462	      +11.274462	      +19.318005	       +2.392870	      -30.224717	       +0.000000	      -30.224717	       +0.000000	      -38.738559	      -38.738559
              27	              16	      +16.859270	      +16.859270	      +24.144277	       +3.579552	      -44.345141	       +0.000000	      -44.345141	       +0.000000	      -60.966454	      -60.966454
              27	              17	      +16.859271	      +16.859271	      +24.144277	       +3.579552	      -44.345141	       +0.000000	      -44.345141	       +0.000000	      -60.966453	      -60.966453
              27	              18	      +16.876285	      +16.876285	      +24.158913	       +3.583766	      -44.379180	       +0.000000	      -44.379180	       +0.000000	      -61.015680	      -61.015680
              27	              19	      +16.876286	      +16.876286	      +24.158914	       +3.583766	      -44.379180	       +0.000000	      -44.379180	       +0.000000	      -61.015680	      -61.015680
              27	              20	      +19.315119	      +19.315119	      +26.957562	       +3.024711	      -40.128148	       +0.000000	      -40.128148	       +0.000000	      -50.274023	      -50.274023
              27	              21	      +19.315119	      +19.315119	      +26.957563	       +3.024711	      -40.128148	       +0.000000	      -40.128148	       +0.000000	      -50.274022	      -50.274022
              27	              22	      +19.334960	      +19.334960	      +26.973288	       +3.032981	      -40.094497	       +0.000000	      -40.094497	       +0.000000	      -50.182725	      -50.182725
              27	              23	      +19.334960	      +19.334960	      +26.973289	       +3.032981	      -40.094497	       +0.000000	      -40.094497	       +0.000000	      -50.182724	      -50.182724
              27	              24	      +22.738903	      +22.738903	      +32.319189	       +1.240464	      -25.695786	       +0.000000	      -25.695786	       +0.000000	      -17.831919	      -17.831919
              27	              25	      +22.738903	      +22.738903	      +32.319189	       +1.240464	      -25.695786	       +0.000000	      -25.695786	       +0.000000	      -17.831919	      -17.831919
              27	              26	      +22.745080	      +22.745080	      +32.328972	       +1.236309	      -25.624589	       +0.000000	      -25.624589	       +0.000000	      -17.683898	      -17.683898
              27	              27	      +22.745080	      +22.745080	      +32.328971	       +1.236309	      -25.624589	       +0.000000	      -25.624589	       +0.000000	      -17.683898	      -17.683898
              27	              28	      +24.868442	      +24.868442	      +35.012989	       -0.805968	      -22.267929	       +0.000000	      -22.267929	       +0.000000	      -10.328836	      -10.328836
              27	              29	      +24.868443	      +24.868443	      +35.012989	       -0.805968	      -22.267929	       +0.000000	      -22.267929	       +0.000000	      -10.328836	      -10.328836
              27	              30	      +24.873409	      +24.873409	      +35.021808	       -0.809065	      -22.148761	       +0.000000	      -22.148761	       +0.000000	      -10.084779	      -10.084779
              27	              31	      +24.873410	      +24.873410	      +35.021808	       -0.809065	      -22.148761	       +0.000000	      -22.148761	       +0.000000	      -10.084780	      -10.084780
              27	              32	      +25.197867	      +25.197867	      +32.189265	       +3.950376	      -45.607681	       +0.000000	      -45.607681	       +0.000000	      -55.075720	      -55.075720
              27	              33	      +25.197868	      +25.197868	      +32.189266	       +3.950376	      -45.607681	       +0.000000	      -45.607681	       +0.000000	      -55.075719	      -55.075719
              27	              34	      +25.216670	      +25.216670	      +32.207542	       +3.957336	      -45.648837	       +0.000000	      -45.648837	       +0.000000	      -55.132795	      -55.132795
              27	              35	      +25.216670	      +25.216670	      +32.207543	       +3.957336	      -45.648837	       +0.000000	      -45.648837	       +0.000000	      -55.132794	      -55.132794
              27	              36	      +26.131259	      +26.131259	      +32.996662	       +4.206342	      -60.980268	       +0.000000	      -60.980268	       +0.000000	      -84.757532	      -84.757532
              27	              37	      +26.131260	      +26.131260	      +32.996663	       +4.206342	      -60.980268	       +0.000000	      -60.980268	       +0.000000	      -84.757532	      -84.757532
              27	              38	      +26.135330	      +26.135330	      +32.996674	       +4.212841	      -61.129977	       +0.000000	      -61.129977	       +0.000000	      -85.050439	      -85.050439
              27	              39	      +26.135331	      +26.135331	      +32.996674	       +4.212841	      -61.129977	       +0.000000	      -61.129977	       +0.000000	      -85.050439	      -85.050439
              27	              40	      +29.979956	      +29.979956	      +38.962890	       +1.430195	      -26.783347	       +0.000000	      -26.783347	       +0.000000	      -13.173608	      -13.173608
              27	              41	      +29.979957	      +29.979957	      +38.962890	       +1.430195	      -26.783347	       +0.000000	      -26.783347	       +0.000000	      -13.173608	      -13.173608
              27	              42	      +29.980931	      +29.980931	      +38.964435	       +1.432162	      -26.762001	       +0.000000	      -26.762001	       +0.000000	      -13.127405	      -13.127405
              27	              43	      +29.980931	      +29.980931	      +38.964435	       +1.432162	      -26.762001	       +0.000000	      -26.762001	       +0.000000	      -13.127404	      -13.127404
              27	              44	      +33.774408	      +33.774408	      +43.598737	       -0.756292	      -23.918678	       +0.000000	      -23.918678	       +0.000000	       -4.994911	       -4.994911
              27	              45	      +33.774409	      +33.774409	      +43.598737	       -0.756292	      -23.918678	       +0.000000	      -23.918678	       +0.000000	       -4.994911	       -4.994911
              27	              46	      +33.774437	      +33.774437	      +43.598683	       -0.756418	      -23.919393	       +0.000000	      -23.919393	       +0.000000	       -4.996521	       -4.996521
              27	              47	      +33.774437	      +33.774437	      +43.598683	       -0.756418	      -23.919393	       +0.000000	      -23.919393	       +0.000000	       -4.996521	       -4.996521
              27	              48	      +33.953377	      +33.953377	      +43.605512	       -0.387168	      -25.560682	       +0.000000	      -25.560682	       +0.000000	       -7.903020	       -7.903020
              27	              49	      +33.953378	      +33.953378	      +43.605512	       -0.387168	      -25.560682	       +0.000000	      -25.560682	       +0.000000	       -7.903020	       -7.903020
              27	              50	      +33.956093	      +33.956093	      +43.608135	       -0.389226	      -25.536127	       +0.000000	      -25.536127	       +0.000000	       -7.853345	       -7.853345
              27	              51	      +33.956093	      +33.956093	      +43.608135	       -0.389226	      -25.536127	       +0.000000	      -25.536127	       +0.000000	       -7.853345	       -7.853345
              27	              52	      +35.765739	      +35.765739	      +45.243956	       -1.488127	      -31.532530	       +0.000000	      -31.532530	       +0.000000	      -19.309232	      -19.309232
              27	              53	      +35.765740	      +35.765740	      +45.243956	       -1.488127	      -31.532530	       +0.000000	      -31.532530	       +0.000000	      -19.309232	      -19.309232
              27	              54	      +35.768305	      +35.768305	      +45.245680	       -1.485687	      -31.576466	       +0.000000	      -31.576466	       +0.000000	      -19.392939	      -19.392939
              27	              55	      +35.768306	      +35.768306	      +45.245680	       -1.485687	      -31.576466	       +0.000000	      -31.576466	       +0.000000	      -19.392939	      -19.392939

k-point 28:
              28	               0	       -3.652141	       -3.652141	       +3.544673	       +3.682049	      -46.061053	       -2.590893	      -46.061053	       +0.000000	      -84.895384	      -84.895384
              28	               1	       -3.652141	       -3.652141	       +3.544673	       +3.682049	      -46.061053	       -2.590893	      -46.061053	       +0.000000	      -84.895384	      -84.895384
              28	               2	       +0.787803	       +0.787803	       +7.724260	       +4.062565	      -49.920247	       -2.590893	      -49.920247	       +0.000000	      -88.053668	      -88.053668
              28	               3	       +0.787803	       +0.787803	       +7.724260	       +4.062565	      -49.920247	       -2.590893	      -49.920247	       +0.000000	      -88.053668	      -88.053668
              28	               4	       +2.509647	       +2.509647	      +10.524591	       +2.564617	      -41.110800	       -2.590893	      -41.110800	       +0.000000	      -69.132393	      -69.132393
              28	               5	       +2.509647	       +2.509647	      +10.524591	       +2.564617	      -41.110800	       -2.590893	      -41.110800	       +0.000000	      -69.132393	      -69.132393
              28	               6	       +4.943158	       +4.943158	      +11.819006	       +4.159209	      -56.756681	       -2.590893	      -56.756681	       +0.000000	      -97.535147	      -97.535147
              28	               7	       +4.943158	       +4.943158	      +11.819006	       +4.159209	      -56.756681	       -2.590893	      -56.756681	       +0.000000	      -97.535147	      -97.535147
              28	               8	       +8.712783	       +8.712783	      +17.311174	       +1.677709	      -30.629089	       +0.000000	      -30.629089	       +0.000000	      -42.269294	      -42.269294
              28	               9	       +8.712783	       +8.712783	      +17.311174	       +1.677709	      -30.629089	       +0.000000	      -30.629089	       +0.000000	      -42.269294	      -42.269294
              28	              10	      +11.050364	      +11.050364	      +19.062554	       +2.444968	      -27.526733	       +0.000000	      -27.526733	       +0.000000	      -33.545943	      -33.545943
              28	              11	      +11.050364	      +11.050364	      +19.062554	       +2.444968	      -27.526733	       +0.000000	      -27.526733	       +0.000000	      -33.545943	      -33.545943
              28	              12	      +11.420223	      +11.420223	      +19.116458	       +3.186826	      -47.236862	       +0.000000	      -47.236862	       +0.000000	      -72.170441	      -72.170441
              28	              13	      +11.420223	      +11.420223	      +19.116458	       +3.186826	      -47.236862	       +0.000000	      -47.236862	       +0.000000	      -72.170441	      -72.170441
              28	              14	      +12.411762	      +12.411762	      +20.585142	       +2.347240	      -26.870313	       +0.000000	      -26.870313	       +0.000000	      -30.808245	      -30.808245
              28	              15	      +12.411762	      +12.411762	      +20.585142	       +2.347240	      -26.870313	       +0.000000	      -26.870313	       +0.000000	      -30.808245	      -30.808245
              28	              16	      +12.729589	      +12.729589	      +21.375180	       +1.497793	      -35.641307	       +0.000000	      -35.641307	       +0.000000	      -48.409641	      -48.409641
              28	              17	      +12.729589	      +12.729589	      +21.375180	       +1.497793	      -35.641307	       +0.000000	      -35.641307	       +0.000000	      -48.409641	      -48.409641
              28	              18	      +15.910103	      +15.910103	      +24.055257	       +2.503599	      -27.843839	       +0.000000	      -27.843839	       +0.000000	      -29.128822	      -29.128822
              28	              19	      +15.910103	      +15.910103	      +24.055257	       +2.503599	      -27.843839	       +0.000000	      -27.843839	       +0.000000	      -29.128822	      -29.128822
              28	              20	      +18.904572	      +18.904572	      +28.282798	       +1.051610	      -28.176201	       +0.000000	      -28.176201	       +0.000000	      -27.017994	      -27.017994
              28	              21	      +18.904572	      +18.904572	      +28.282798	       +1.051610	      -28.176201	       +0.000000	      -28.176201	       +0.000000	      -27.017994	      -27.017994
              28	              22	      +19.486085	      +19.486085	      +26.767427	       +3.508778	      -40.254446	       +0.000000	      -40.254446	       +0.000000	      -50.232687	      -50.232687
              28	              23	      +19.486085	      +19.486085	      +26.767426	       +3.508778	      -40.254446	       +0.000000	      -40.254446	       +0.000000	      -50.232687	      -50.232687
              28	              24	      +19.746882	      +19.746882	      +29.652684	       -0.060872	      -29.862690	       +0.000000	      -29.862690	       +0.000000	      -30.133568	      -30.133568
              28	              25	      +19.746882	      +19.746882	      +29.652684	       -0.060872	      -29.862690	       +0.000000	      -29.862690	       +0.000000	      -30.133568	      -30.133568
              28	              26	      +22.954193	      +22.954193	      +32.368138	       +1.054691	      -23.503606	       +0.000000	      -23.503606	       +0.000000	      -13.584384	      -13.584384
              28	              27	      +22.954193	      +22.954193	      +32.368138	       +1.054691	      -23.503606	       +0.000000	      -23.503606	       +0.000000	      -13.584384	      -13.584384
              28	              28	      +23.348114	      +23.348114	      +30.672381	       +3.567412	      -38.383794	       +0.000000	      -38.383794	       +0.000000	      -42.527795	      -42.527795
              28	              29	      +23.348114	      +23.348114	      +30.672381	       +3.567412	      -38.383794	       +0.000000	      -38.383794	       +0.000000	      -42.527795	      -42.527795
              28	              30	      +23.741265	      +23.741265	      +31.165697	       +3.521526	      -48.846342	       +0.000000	      -48.846342	       +0.000000	      -63.005460	      -63.005460
              28	              31	      +23.741265	      +23.741265	      +31.165697	       +3.521526	      -48.846342	       +0.000000	      -48.846342	       +0.000000	      -63.005460	      -63.005460
              28	              32	      +24.988924	      +24.988924	      +32.383286	       +3.302708	      -41.778868	       +0.000000	      -41.778868	       +0.000000	      -47.871743	      -47.871743
              28	              33	      +24.988924	      +24.988924	      +32.383286	       +3.302708	      -41.778868	       +0.000000	      -41.778868	       +0.000000	      -47.871743	      -47.871743
              28	              34	      +27.533701	      +27.533701	      +34.617617	       +3.470162	      -47.993673	       +0.000000	      -47.993673	       +0.000000	      -57.899565	      -57.899565
              28	              35	      +27.533701	      +27.533701	      +34.617617	       +3.470162	      -47.993673	       +0.000000	      -47.993673	       +0.000000	      -57.899565	      -57.899565
              28	              36	      +27.993170	      +27.993170	      +37.527727	       +0.423379	      -31.919975	       +0.000000	      -31.919975	       +0.000000	      -25.888844	      -25.888844
              28	              37	      +27.993170	      +27.993170	      +37.527727	       +0.423379	      -31.919975	       +0.000000	      -31.919975	       +0.000000	      -25.888844	      -25.888844
              28	              38	      +30.240858	      +30.240858	      +38.678003	       +2.540170	      -47.892246	       +0.000000	      -47.892246	       +0.000000	      -54.566320	      -54.566320
              28	              39	      +30.240858	      +30.240858	      +38.678003	       +2.540170	      -47.892246	       +0.000000	      -47.892246	       +0.000000	      -54.566320	      -54.566320
              28	              40	      +31.097912	      +31.097912	      +42.124424	       -0.945349	      -16.658656	       +0.000000	      -16.658656	       +0.000000	       +7.861763	       +7.861763
              28	              41	      +31.097912	      +31.097912	      +42.124424	       -0.945349	      -16.658656	       +0.000000	      -16.658656	       +0.000000	       +7.861763	       +7.861763
              28	              42	      +31.576764	      +31.576764	      +39.706331	       +2.097969	      -44.036696	       +0.000000	      -44.036696	       +0.000000	      -46.269092	      -46.269092
              28	              43	      +31.576764	      +31.576764	      +39.706331	       +2.097969	      -44.036696	       +0.000000	      -44.036696	       +0.000000	      -46.269092	      -46.269092
              28	              44	      +33.085153	      +33.085153	      +41.802649	       +0.706469	      -35.971357	       +0.000000	      -35.971357	       +0.000000	      -29.433597	      -29.433597
              28	              45	      +33.085153	      +33.085153	      +41.802649	       +0.706469	      -35.971357	       +0.000000	      -35.971357	       +0.000000	      -29.433597	      -29.433597
              28	              46	      +33.392607	      +33.392607	      +42.895964	       -0.412781	      -27.911606	       +0.000000	      -27.911606	       +0.000000	      -13.340030	      -13.340030
              28	              47	      +33.392607	      +33.392607	      +42.895964	       -0.412781	      -27.911606	       +0.000000	      -27.911606	       +0.000000	      -13.340030	      -13.340030
              28	              48	      +34.058356	      +34.058356	      +42.396661	       +1.499716	      -39.881014	       +0.000000	      -39.881014	       +0.000000	      -35.865651	      -35.865651
              28	              49	      +34.058356	      +34.058356	      +42.396661	       +1.499716	      -39.881014	       +0.000000	      -39.881014	       +0.000000	      -35.865651	      -35.865651
              28	              50	      +35.683006	      +35.683006	      +43.780321	       +0.592858	      -49.322121	       +0.000000	      -49.322121	       +0.000000	      -54.271062	      -54.271062
              28	              51	      +35.683006	      +35.683006	      +43.780321	       +0.592858	      -49.322121	       +0.000000	      -49.322121	       +0.000000	      -54.271062	      -54.271062
              28	              52	      +36.600157	      +36.600157	      +45.396038	       +1.323468	      -40.104770	       +0.000000	      -40.104770	       +0.000000	      -33.490035	      -33.490035
              28	              53	      +36.600157	      +36.600157	      +45.396038	       +1.323468	      -40.104770	       +0.000000	      -40.104770	       +0.000000	      -33.490035	      -33.490035
              28	              54	      +37.490963	      +37.490963	      +46.955029	       -0.867923	      -32.682875	       +0.000000	      -32.682875	       +0.000000	      -19.278644	      -19.278644
              28	              55	      +37.490963	      +37.490963	      +46.955029	       -0.867923	      -32.682875	       +0.000000	      -32.682875	       +0.000000	      -19.278644	      -19.278644

k-point 29:
              29	               0	       -2.977123	       -2.977123	       +4.097957	       +3.849488	      -47.783832	       -2.590893	      -47.783832	       +0.000000	      -87.620219	      -87.620219
              29	               1	       -2.977123	       -2.977123	       +4.097957	       +3.849488	      -47.783832	       -2.590893	      -47.783832	       +0.000000	      -87.620219	      -87.620219
              29	               2	       -0.116049	       -0.116049	       +6.990861	       +3.823775	      -48.013594	       -2.590893	      -48.013594	       +0.000000	      -85.212552	      -85.212552
              29	               3	       -0.116049	       -0.116049	       +6.990861	       +3.823775	      -48.013594	       -2.590893	      -48.013594	       +0.000000	      -85.212552	      -85.212552
              29	               4	       +2.729549	       +2.729549	      +10.536181	       +2.850654	      -48.370497	       -2.590893	      -48.370497	       +0.000000	      -83.354158	      -83.354158
              29	               5	       +2.729549	       +2.729549	      +10.536181	       +2.850654	      -48.370497	       -2.590893	      -48.370497	       +0.000000	      -83.354158	      -83.354158
              29	               6	       +4.062047	       +4.062047	      +11.255785	       +3.694345	      -50.233665	       -2.590893	      -50.233665	       +0.000000	      -85.517199	      -85.517199
              29	               7	       +4.062047	       +4.062047	      +11.255785	       +3.694345	      -50.233665	       -2.590893	      -50.233665	       +0.000000	      -85.517199	      -85.517199
              29	               8	       +7.784322	       +7.784322	      +16.814368	       +1.136078	      -22.610578	       +0.000000	      -22.610578	       +0.000000	      -27.270711	      -27.270711
              29	               9	       +7.784322	       +7.784322	      +16.814368	       +1.136078	      -22.610578	       +0.000000	      -22.610578	       +0.000000	      -27.270711	      -27.270711
              29	              10	      +10.722893	      +10.722893	      +19.247187	       +1.899304	      -34.662689	       +0.000000	      -34.662689	       +0.000000	      -48.178888	      -48.178888
              29	              11	      +10.722893	      +10.722893	      +19.247187	       +1.899304	      -34.662689	       +0.000000	      -34.662689	       +0.000000	      -48.178888	      -48.178888
              29	              12	      +12.017668	      +12.017668	      +19.532666	       +3.258038	      -42.571178	       +0.000000	      -42.571178	       +0.000000	      -62.351653	      -62.351653
              29	              13	      +12.017668	      +12.017668	      +19.532666	       +3.258038	      -42.571178	       +0.000000	      -42.571178	       +0.000000	      -62.351653	      -62.351653
              29	              14	      +12.190626	      +12.190626	      +20.185864	       +2.457461	      -34.632783	       +0.000000	      -34.632783	       +0.000000	      -46.622241	      -46.622241
              29	              15	      +12.190626	      +12.190626	      +20.185864	       +2.457461	      -34.632783	       +0.000000	      -34.632783	       +0.000000	      -46.622241	      -46.622241
              29	              16	      +16.490593	      +16.490593	      +24.769107	       +2.394007	      -29.138227	       +0.000000	      -29.138227	       +0.000000	      -31.113340	      -31.113340
              29	              17	      +16.490594	      +16.490594	      +24.769107	       +2.394007	      -29.138227	       +0.000000	      -29.138227	       +0.000000	      -31.113340	      -31.113340
              29	              18	      +16.831650	      +16.831650	      +24.714038	       +2.574298	      -37.100527	       +0.000000	      -37.100527	       +0.000000	      -46.912719	      -46.912719
              29	              19	      +16.831650	      +16.831650	      +24.714038	       +2.574298	      -37.100527	       +0.000000	      -37.100527	       +0.000000	      -46.912719	      -46.912719
              29	              20	      +18.448777	      +18.448777	      +26.127616	       +2.975479	      -33.596129	       +0.000000	      -33.596129	       +0.000000	      -38.089163	      -38.089163
              29	              21	      +18.448777	      +18.448777	      +26.127616	       +2.975479	      -33.596129	       +0.000000	      -33.596129	       +0.000000	      -38.089163	      -38.089163
              29	              22	      +18.994914	      +18.994914	      +26.926086	       +2.754796	      -41.832495	       +0.000000	      -41.832495	       +0.000000	      -53.984109	      -53.984109
              29	              23	      +18.994914	      +18.994914	      +26.926086	       +2.754796	      -41.832495	       +0.000000	      -41.832495	       +0.000000	      -53.984109	      -53.984109
              29	              24	      +19.316776	      +19.316776	      +28.331772	       +1.585680	      -31.066999	       +0.000000	      -31.066999	       +0.000000	      -32.216547	      -32.216547
              29	              25	      +19.316776	      +19.316776	      +28.331772	       +1.585680	      -31.066999	       +0.000000	      -31.066999	       +0.000000	      -32.216547	      -32.216547
              29	              26	      +23.142792	      +23.142792	      +31.864392	       +2.169686	      -44.690725	       +0.000000	      -44.690725	       +0.000000	      -55.347371	      -55.347371
              29	              27	      +23.142792	      +23.142792	      +31.864392	       +2.169686	      -44.690725	       +0.000000	      -44.690725	       +0.000000	      -55.347371	      -55.347371
              29	              28	      +24.020018	      +24.020018	      +32.282730	       +2.051128	      -26.673141	       +0.000000	      -26.673141	       +0.000000	      -19.012424	      -19.012424
              29	              29	      +24.020018	      +24.020018	      +32.282730	       +2.051128	      -26.673141	       +0.000000	      -26.673141	       +0.000000	      -19.012424	      -19.012424
              29	              30	      +24.916874	      +24.916874	      +32.199968	       +3.598463	      -49.699234	       +0.000000	      -49.699234	       +0.000000	      -63.600038	      -63.600038
              29	              31	      +24.916874	      +24.916874	      +32.199968	       +3.598463	      -49.699234	       +0.000000	      -49.699234	       +0.000000	      -63.600038	      -63.600038
              29	              32	      +25.658279	      +25.658279	      +34.480735	       +1.433054	      -40.573011	       +0.000000	      -40.573011	       +0.000000	      -45.232234	      -45.232234
              29	              33	      +25.658279	      +25.658279	      +34.480735	       +1.433054	      -40.573011	       +0.000000	      -40.573011	       +0.000000	      -45.232234	      -45.232234
              29	              34	      +25.894803	      +25.894803	      +34.572056	       +1.762050	      -28.463531	       +0.000000	      -28.463531	       +0.000000	      -20.592957	      -20.592957
              29	              35	      +25.894803	      +25.894803	      +34.572056	       +1.762050	      -28.463531	       +0.000000	      -28.463531	       +0.000000	      -20.592957	      -20.592957
              29	              36	      +26.228227	      +26.228227	      +35.046552	       +1.591230	      -30.885454	       +0.000000	      -30.885454	       +0.000000	      -25.133125	      -25.133125
              29	              37	      +26.228227	      +26.228227	      +35.046552	       +1.591230	      -30.885454	       +0.000000	      -30.885454	       +0.000000	      -25.133126	      -25.133126
              29	              38	      +29.216331	      +29.216331	      +38.284653	       +0.364864	      -40.486213	       +0.000000	      -40.486213	       +0.000000	      -42.322909	      -42.322909
              29	              39	      +29.216331	      +29.216331	      +38.284653	       +0.364864	      -40.486213	       +0.000000	      -40.486213	       +0.000000	      -42.322909	      -42.322909
              29	              40	      +30.034572	      +30.034572	      +37.802782	       +3.325530	      -43.070525	       +0.000000	      -43.070525	       +0.000000	      -45.012739	      -45.012739
              29	              41	      +30.034572	      +30.034572	      +37.802782	       +3.325530	      -43.070525	       +0.000000	      -43.070525	       +0.000000	      -45.012739	      -45.012739
              29	              42	      +31.480037	      +31.480037	      +40.463851	       +1.349437	      -32.957340	       +0.000000	      -32.957340	       +0.000000	      -24.101391	      -24.101391
              29	              43	      +31.480037	      +31.480037	      +40.463851	       +1.349437	      -32.957340	       +0.000000	      -32.957340	       +0.000000	      -24.101391	      -24.101391
              29	              44	      +31.875144	      +31.875144	      +41.153987	       -0.099642	      -34.935404	       +0.000000	      -34.935404	       +0.000000	      -28.816463	      -28.816463
              29	              45	      +31.875144	      +31.875144	      +41.153987	       -0.099642	      -34.935404	       +0.000000	      -34.935404	       +0.000000	      -28.816463	      -28.816463
              29	              46	      +34.110067	      +34.110067	      +44.019427	       -0.597667	      -19.942658	       +0.000000	      -19.942658	       +0.000000	       +3.536444	       +3.536444
              29	              47	      +34.110067	      +34.110067	      +44.019427	       -0.597667	      -19.942658	       +0.000000	      -19.942658	       +0.000000	       +3.536444	       +3.536444
              29	              48	      +35.433254	      +35.433254	      +43.671136	       +1.021789	      -44.306646	       +0.000000	      -44.306646	       +0.000000	      -43.920367	      -43.920367
              29	              49	      +35.433254	      +35.433254	      +43.671136	       +1.021789	      -44.306646	       +0.000000	      -44.306646	       +0.000000	      -43.920367	      -43.920367
              29	              50	      +35.605396	      +35.605396	      +44.511982	       +1.547554	      -45.476992	       +0.000000	      -45.476992	       +0.000000	      -44.894449	      -44.894449
              29	              51	      +35.605396	      +35.605396	      +44.511982	       +1.547554	      -45.476992	       +0.000000	      -45.476992	       +0.000000	      -44.894449	      -44.894449
              29	              52	      +35.696503	      +35.696503	      +44.197457	       +0.004945	      -35.556923	       +0.000000	      -35.556923	       +0.000000	      -26.911443	      -26.911443
              29	              53	      +35.696503	      +35.696503	      +44.197457	       +0.004945	      -35.556923	       +0.000000	      -35.556923	       +0.000000	      -26.911443	      -26.911443
              29	              54	      +37.475892	      +37.475892	      +46.754943	       +0.081529	      -40.537661	       +0.000000	      -40.537661	       +0.000000	      -34.238850	      -34.238850
              29	              55	      +37.475892	      +37.475892	      +46.754943	       +0.081529	      -40.537661	       +0.000000	      -40.537661	       +0.000000	      -34.238850	      -34.238850

k-point 30:
              30	               0	       -1.387966	       -1.387966	       +5.451559	       +4.181818	      -51.988364	       -2.590893	      -51.988364	       +0.000000	      -94.343351	      -94.343351
              30	               1	       -1.387964	       -1.387964	       +5.451559	       +4.181818	      -51.988364	       -2.590893	      -51.988364	       +0.000000	      -94.343351	      -94.343351
              30	               2	       -1.382360	       -1.382360	       +5.457435	       +4.181633	      -51.984887	       -2.590893	      -51.984887	       +0.000000	      -94.330705	      -94.330705
              30	               3	       -1.382358	       -1.382358	       +5.457436	       +4.181633	      -51.984887	       -2.590893	      -51.984887	       +0.000000	      -94.330705	      -94.330705
              30	               4	       +2.402472	       +2.402472	      +10.514024	       +2.419758	      -41.395407	       -2.590893	      -41.395407	       +0.000000	      -69.857031	      -69.857031
              30	               5	       +2.402472	       +2.402472	      +10.514024	       +2.419758	      -41.395407	       -2.590893	      -41.395407	       +0.000000	      -69.857031	      -69.857031
              30	               6	       +2.415304	       +2.415304	      +10.530685	       +2.414708	      -41.354138	       -2.590893	      -41.354138	       +0.000000	      -69.762884	      -69.762884
              30	               7	       +2.415304	       +2.415304	      +10.530685	       +2.414708	      -41.354138	       -2.590893	      -41.354138	       +0.000000	      -69.762884	      -69.762884
              30	               8	      +10.549128	      +10.549128	      +19.103393	       +1.928838	      -36.584067	       +0.000000	      -36.584067	       +0.000000	      -52.135903	      -52.135903
              30	               9	      +10.549128	      +10.549128	      +19.103393	       +1.928838	      -36.584067	       +0.000000	      -36.584067	       +0.000000	      -52.135903	      -52.135903
              30	              10	      +10.549303	      +10.549303	      +19.104039	       +1.928279	      -36.584078	       +0.000000	      -36.584078	       +0.000000	      -52.135838	      -52.135838
              30	              11	      +10.549303	      +10.549303	      +19.104039	       +1.928279	      -36.584078	       +0.000000	      -36.584078	       +0.000000	      -52.135838	      -52.135838
              30	              12	      +11.257997	      +11.257997	      +19.293954	       +2.403321	      -30.033843	       +0.000000	      -30.033843	       +0.000000	      -38.370412	      -38.370412
              30	              13	      +11.257998	      +11.257998	      +19.293955	       +2.403321	      -30.033843	       +0.000000	      -30.033843	       +0.000000	      -38.370411	      -38.370411
              30	              14	      +11.274461	      +11.274461	      +19.317941	       +2.392797	      -29.982299	       +0.000000	      -29.982299	       +0.000000	      -38.253860	      -38.253860
              30	              15	      +11.274462	      +11.274462	      +19.317942	       +2.392797	      -29.982299	       +0.000000	      -29.982299	       +0.000000	      -38.253860	      -38.253860
              30	              16	      +16.859270	      +16.859270	      +24.144342	       +3.580521	      -45.037944	       +0.000000	      -45.037944	       +0.000000	      -62.351025	      -62.351025
              30	              17	      +16.859271	      +16.859271	      +24.144343	       +3.580521	      -45.037944	       +0.000000	      -45.037944	       +0.000000	      -62.351025	      -62.351025
              30	              18	      +16.876285	      +16.876285	      +24.158849	       +3.584548	      -45.072423	       +0.000000	      -45.072423	       +0.000000	      -62.401448	      -62.401448
              30	              19	      +16.876286	      +16.876286	      +24.158850	       +3.584548	      -45.072423	       +0.000000	      -45.072423	       +0.000000	      -62.401448	      -62.401448
              30	              20	      +19.315119	      +19.315119	      +26.957638	       +3.030432	      -41.098351	       +0.000000	      -41.098351	       +0.000000	      -52.208633	      -52.208633
              30	              21	      +19.315119	      +19.315119	      +26.957639	       +3.030432	      -41.098351	       +0.000000	      -41.098351	       +0.000000	      -52.208632	      -52.208632
              30	              22	      +19.334960	      +19.334960	      +26.973213	       +3.038625	      -41.062369	       +0.000000	      -41.062369	       +0.000000	      -52.112901	      -52.112901
              30	              23	      +19.334960	      +19.334960	      +26.973213	       +3.038625	      -41.062369	       +0.000000	      -41.062369	       +0.000000	      -52.112900	      -52.112900
              30	              24	      +22.738903	      +22.738903	      +32.319213	       +1.237519	      -25.714106	       +0.000000	      -25.714106	       +0.000000	      -17.871481	      -17.871481
              30	              25	      +22.738903	      +22.738903	      +32.319213	       +1.237519	      -25.714106	       +0.000000	      -25.714106	       +0.000000	      -17.871481	      -17.871481
              30	              26	      +22.745080	      +22.745080	      +32.328948	       +1.233352	      -25.646837	       +0.000000	      -25.646837	       +0.000000	      -17.731375	      -17.731375
              30	              27	      +22.745080	      +22.745080	      +32.328948	       +1.233352	      -25.646837	       +0.000000	      -25.646837	       +0.000000	      -17.731375	      -17.731375
              30	              28	      +24.868442	      +24.868442	      +35.013010	       -0.809329	      -22.644047	       +0.000000	      -22.644047	       +0.000000	      -11.084413	      -11.084413
              30	              29	      +24.868443	      +24.868443	      +35.013010	       -0.809329	      -22.644047	       +0.000000	      -22.644047	       +0.000000	      -11.084413	      -11.084413
              30	              30	      +24.873409	      +24.873409	      +35.021790	       -0.812337	      -22.524236	       +0.000000	      -22.524236	       +0.000000	      -10.839018	      -10.839018
              30	              31	      +24.873410	      +24.873410	      +35.021790	       -0.812337	      -22.524236	       +0.000000	      -22.524236	       +0.000000	      -10.839018	      -10.839018
              30	              32	      +25.197867	      +25.197867	      +32.189338	       +3.947245	      -45.559082	       +0.000000	      -45.559082	       +0.000000	      -54.981581	      -54.981581
              30	              33	      +25.197868	      +25.197868	      +32.189339	       +3.947245	      -45.559082	       +0.000000	      -45.559082	       +0.000000	      -54.981580	      -54.981580
              30	              34	      +25.216670	      +25.216670	      +32.207469	       +3.954217	      -45.596346	       +0.000000	      -45.596346	       +0.000000	      -55.031007	      -55.031007
              30	              35	      +25.216670	      +25.216670	      +32.207470	       +3.954217	      -45.596346	       +0.000000	      -45.596346	       +0.000000	      -55.031006	      -55.031006
              30	              36	      +26.131259	      +26.131259	      +32.996678	       +4.222600	      -61.183087	       +0.000000	      -61.183087	       +0.000000	      -85.146896	      -85.146896
              30	              37	      +26.131260	      +26.131260	      +32.996678	       +4.222600	      -61.183087	       +0.000000	      -61.183087	       +0.000000	      -85.146896	      -85.146896
              30	              38	      +26.135330	      +26.135330	      +32.996658	       +4.229066	      -61.334356	       +0.000000	      -61.334356	       +0.000000	      -85.442988	      -85.442988
              30	              39	      +26.135331	      +26.135331	      +32.996658	       +4.229066	      -61.334356	       +0.000000	      -61.334356	       +0.000000	      -85.442988	      -85.442988
              30	              40	      +29.979956	      +29.979956	      +38.962893	       +1.410790	      -27.130206	       +0.000000	      -27.130206	       +0.000000	      -13.886730	      -13.886730
              30	              41	      +29.979957	      +29.979957	      +38.962893	       +1.410790	      -27.130206	       +0.000000	      -27.130206	       +0.000000	      -13.886729	      -13.886729
              30	              42	      +29.980931	      +29.980931	      +38.964431	       +1.412784	      -27.110201	       +0.000000	      -27.110201	       +0.000000	      -13.843187	      -13.843187
              30	              43	      +29.980931	      +29.980931	      +38.964431	       +1.412784	      -27.110201	       +0.000000	      -27.110201	       +0.000000	      -13.843186	      -13.843186
              30	              44	      +33.774408	      +33.774408	      +43.598737	       -0.760071	      -24.005393	       +0.000000	      -24.005393	       +0.000000	       -5.172119	       -5.172119
              30	              45	      +33.774409	      +33.774409	      +43.598737	       -0.760071	      -24.005393	       +0.000000	      -24.005393	       +0.000000	       -5.172119	       -5.172119
              30	              46	      +33.774437	      +33.774437	      +43.598683	       -0.760196	      -24.005658	       +0.000000	      -24.005658	       +0.000000	       -5.172828	       -5.172828
              30	              47	      +33.774437	      +33.774437	      +43.598683	       -0.760196	      -24.005658	       +0.000000	      -24.005658	       +0.000000	       -5.172828	       -5.172828
              30	              48	      +33.953377	      +33.953377	      +43.605522	       -0.385448	      -25.880236	       +0.000000	      -25.880236	       +0.000000	       -8.540397	       -8.540397
              30	              49	      +33.953378	      +33.953378	      +43.605522	       -0.385448	      -25.880236	       +0.000000	      -25.880236	       +0.000000	       -8.540397	       -8.540397
              30	              50	      +33.956093	      +33.956093	      +43.608125	       -0.387558	      -25.855978	       +0.000000	      -25.855978	       +0.000000	       -8.491389	       -8.491389
              30	              51	      +33.956093	      +33.956093	      +43.608125	       -0.387558	      -25.855978	       +0.000000	      -25.855978	       +0.000000	       -8.491389	       -8.491389
              30	              52	      +35.765739	      +35.765739	      +45.243966	       -1.483776	      -31.629201	       +0.000000	      -31.629201	       +0.000000	      -19.498213	      -19.498213
              30	              53	      +35.765740	      +35.765740	      +45.243966	       -1.483776	      -31.629201	       +0.000000	      -31.629201	       +0.000000	      -19.498213	      -19.498213
              30	              54	      +35.768305	      +35.768305	      +45.245670	       -1.481341	      -31.675505	       +0.000000	      -31.675505	       +0.000000	      -19.586681	      -19.586681
              30	              55	      +35.768306	      +35.768306	      +45.245670	       -1.481341	      -31.675505	       +0.000000	      -31.675505	       +0.000000	      -19.586681	      -19.586681

k-point 31:
              31	               0	       -2.977123	       -2.977123	       +4.097939	       +3.853999	      -47.618045	       -2.590893	      -47.618045	       +0.000000	      -87.284151	      -87.284151
              31	               1	       -2.977123	       -2.977123	       +4.097939	       +3.853999	      -47.618045	       -2.590893	      -47.618045	       +0.000000	      -87.284151	      -87.284151
              31	               2	       -0.116049	       -0.116049	       +6.990797	       +3.816846	      -47.943201	       -2.590893	      -47.943201	       +0.000000	      -85.078759	      -85.078759
              31	               3	       -0.116049	       -0.116049	       +6.990797	       +3.816846	      -47.943201	       -2.590893	      -47.943201	       +0.000000	      -85.078759	      -85.078759
              31	               4	       +2.729549	       +2.729549	      +10.535960	       +2.849979	      -47.171664	       -2.590893	      -47.171664	       +0.000000	      -80.957389	      -80.957389
              31	               5	       +2.729549	       +2.729549	      +10.535960	       +2.849979	      -47.171664	       -2.590893	      -47.171664	       +0.000000	      -80.957389	      -80.957389
              31	               6	       +4.062047	       +4.062047	      +11.255690	       +3.694558	      -48.737491	       -2.590893	      -48.737491	       +0.000000	      -82.524735	      -82.524735
              31	               7	       +4.062047	       +4.062047	      +11.255690	       +3.694558	      -48.737491	       -2.590893	      -48.737491	       +0.000000	      -82.524735	      -82.524735
              31	               8	       +7.784322	       +7.784322	      +16.814325	       +1.145393	      -22.330432	       +0.000000	      -22.330432	       +0.000000	      -26.701147	      -26.701147
              31	               9	       +7.784322	       +7.784322	      +16.814325	       +1.145393	      -22.330432	       +0.000000	      -22.330432	       +0.000000	      -26.701147	      -26.701147
              31	              10	      +10.722893	      +10.722893	      +19.246947	       +1.890900	      -35.064961	       +0.000000	      -35.064961	       +0.000000	      -48.992076	      -48.992076
              31	              11	      +10.722893	      +10.722893	      +19.246947	       +1.890900	      -35.064961	       +0.000000	      -35.064961	       +0.000000	      -48.992076	      -48.992076
              31	              12	      +12.017668	      +12.017668	      +19.532509	       +3.254505	      -42.833179	       +0.000000	      -42.833179	       +0.000000	      -62.879345	      -62.879345
              31	              13	      +12.017668	      +12.017668	      +19.532508	       +3.254505	      -42.833179	       +0.000000	      -42.833179	       +0.000000	      -62.879345	      -62.879345
              31	              14	      +12.190626	      +12.190626	      +20.186023	       +2.462215	      -35.886612	       +0.000000	      -35.886612	       +0.000000	      -49.124985	      -49.124985
              31	              15	      +12.190626	      +12.190626	      +20.186023	       +2.462215	      -35.886612	       +0.000000	      -35.886612	       +0.000000	      -49.124985	      -49.124985
              31	              16	      +16.490593	      +16.490593	      +24.768871	       +2.390074	      -29.552121	       +0.000000	      -29.552121	       +0.000000	      -31.945298	      -31.945298
              31	              17	      +16.490594	      +16.490594	      +24.768871	       +2.390074	      -29.552121	       +0.000000	      -29.552121	       +0.000000	      -31.945298	      -31.945298
              31	              18	      +16.831650	      +16.831650	      +24.714143	       +2.561636	      -37.246943	       +0.000000	      -37.246943	       +0.000000	      -47.218107	      -47.218107
              31	              19	      +16.831650	      +16.831650	      +24.714143	       +2.561636	      -37.246943	       +0.000000	      -37.246943	       +0.000000	      -47.218107	      -47.218107
              31	              20	      +18.448777	      +18.448777	      +26.127342	       +2.975270	      -34.325235	       +0.000000	      -34.325235	       +0.000000	      -39.547857	      -39.547857
              31	              21	      +18.448777	      +18.448777	      +26.127342	       +2.975270	      -34.325235	       +0.000000	      -34.325235	       +0.000000	      -39.547857	      -39.547857
              31	              22	      +18.994914	      +18.994914	      +26.926291	       +2.752558	      -40.146670	       +0.000000	      -40.146670	       +0.000000	      -50.614490	      -50.614490
              31	              23	      +18.994914	      +18.994914	      +26.926291	       +2.752558	      -40.146670	       +0.000000	      -40.146670	       +0.000000	      -50.614490	      -50.614490
              31	              24	      +19.316776	      +19.316776	      +28.331760	       +1.557700	      -31.104564	       +0.000000	      -31.104564	       +0.000000	      -32.319668	      -32.319668
              31	              25	      +19.316776	      +19.316776	      +28.331760	       +1.557700	      -31.104564	       +0.000000	      -31.104564	       +0.000000	      -32.319668	      -32.319668
              31	              26	      +23.142792	      +23.142792	      +31.864270	       +2.175344	      -45.709112	       +0.000000	      -45.709112	       +0.000000	      -57.378611	      -57.378611
              31	              27	      +23.142792	      +23.142792	      +31.864270	       +2.175344	      -45.709112	       +0.000000	      -45.709112	       +0.000000	      -57.378611	      -57.378611
              31	              28	      +24.020018	      +24.020018	      +32.282713	       +2.045363	      -28.182274	       +0.000000	      -28.182274	       +0.000000	      -22.036472	      -22.036472
              31	              29	      +24.020018	      +24.020018	      +32.282713	       +2.045363	      -28.182274	       +0.000000	      -28.182274	       +0.000000	      -22.036472	      -22.036472
              31	              30	      +24.916874	      +24.916874	      +32.199677	       +3.597065	      -50.324558	       +0.000000	      -50.324558	       +0.000000	      -64.852374	      -64.852374
              31	              31	      +24.916874	      +24.916874	      +32.199677	       +3.597065	      -50.324558	       +0.000000	      -50.324558	       +0.000000	      -64.852374	      -64.852374
              31	              32	      +25.658279	      +25.658279	      +34.480925	       +1.458786	      -39.575396	       +0.000000	      -39.575396	       +0.000000	      -43.211081	      -43.211081
              31	              33	      +25.658279	      +25.658279	      +34.480925	       +1.458786	      -39.575396	       +0.000000	      -39.575396	       +0.000000	      -43.211081	      -43.211081
              31	              34	      +25.894803	      +25.894803	      +34.572158	       +1.765876	      -27.295889	       +0.000000	      -27.295889	       +0.000000	      -18.253744	      -18.253744
              31	              35	      +25.894803	      +25.894803	      +34.572158	       +1.765876	      -27.295889	       +0.000000	      -27.295889	       +0.000000	      -18.253744	      -18.253744
              31	              36	      +26.228227	      +26.228227	      +35.046556	       +1.581592	      -31.978103	       +0.000000	      -31.978103	       +0.000000	      -27.328058	      -27.328058
              31	              37	      +26.228227	      +26.228227	      +35.046556	       +1.581592	      -31.978103	       +0.000000	      -31.978103	       +0.000000	      -27.328058	      -27.328058
              31	              38	      +29.216331	      +29.216331	      +38.284645	       +0.364918	      -38.730668	       +0.000000	      -38.730668	       +0.000000	      -38.811773	      -38.811773
              31	              39	      +29.216331	      +29.216331	      +38.284645	       +0.364918	      -38.730668	       +0.000000	      -38.730668	       +0.000000	      -38.811773	      -38.811773
              31	              40	      +30.034572	      +30.034572	      +37.802689	       +3.299391	      -39.436575	       +0.000000	      -39.436575	       +0.000000	      -37.771070	      -37.771070
              31	              41	      +30.034572	      +30.034572	      +37.802689	       +3.299391	      -39.436575	       +0.000000	      -39.436575	       +0.000000	      -37.771070	      -37.771070
              31	              42	      +31.480037	      +31.480037	      +40.463824	       +1.378894	      -32.391389	       +0.000000	      -32.391389	       +0.000000	      -22.940061	      -22.940061
              31	              43	      +31.480037	      +31.480037	      +40.463824	       +1.378894	      -32.391389	       +0.000000	      -32.391389	       +0.000000	      -22.940061	      -22.940061
              31	              44	      +31.875144	      +31.875144	      +41.154045	       -0.096613	      -32.592120	       +0.000000	      -32.592120	       +0.000000	      -24.126808	      -24.126808
              31	              45	      +31.875144	      +31.875144	      +41.154045	       -0.096613	      -32.592120	       +0.000000	      -32.592120	       +0.000000	      -24.126808	      -24.126808
              31	              46	      +34.110067	      +34.110067	      +44.019365	       -0.584364	      -19.863635	       +0.000000	      -19.863635	       +0.000000	       +3.707730	       +3.707730
              31	              47	      +34.110067	      +34.110067	      +44.019365	       -0.584364	      -19.863635	       +0.000000	      -19.863635	       +0.000000	       +3.707730	       +3.707730
              31	              48	      +35.433254	      +35.433254	      +43.671075	       +1.104115	      -46.114917	       +0.000000	      -46.114917	       +0.000000	      -47.454644	      -47.454644
              31	              49	      +35.433254	      +35.433254	      +43.671075	       +1.104115	      -46.114917	       +0.000000	      -46.114917	       +0.000000	      -47.454644	      -47.454644
              31	              50	      +35.605396	      +35.605396	      +44.511918	       +1.564841	      -43.858299	       +0.000000	      -43.858299	       +0.000000	      -41.639838	      -41.639838
              31	              51	      +35.605396	      +35.605396	      +44.511918	       +1.564841	      -43.858299	       +0.000000	      -43.858299	       +0.000000	      -41.639838	      -41.639838
              31	              52	      +35.696503	      +35.696503	      +44.197551	       +0.045295	      -36.251850	       +0.000000	      -36.251850	       +0.000000	      -28.260855	      -28.260855
              31	              53	      +35.696503	      +35.696503	      +44.197551	       +0.045295	      -36.251850	       +0.000000	      -36.251850	       +0.000000	      -28.260855	      -28.260855
              31	              54	      +37.475892	      +37.475892	      +46.754949	       +0.130232	      -39.038041	       +0.000000	      -39.038041	       +0.000000	      -31.190900	      -31.190900
              31	              55	      +37.475892	      +37.475892	      +46.754949	       +0.130232	      -39.038041	       +0.000000	      -39.038041	       +0.000000	      -31.190900	      -31.190900

k-point 32:
              32	               0	       -3.363337	       -3.363337	       +3.633621	       +3.962263	      -46.670448	       -2.590893	      -46.670448	       +0.000000	      -85.745012	      -85.745012
              32	               1	       -3.363337	       -3.363337	       +3.633621	       +3.962263	      -46.670448	       -2.590893	      -46.670448	       +0.000000	      -85.745012	      -85.745012
              32	               2	       -0.707388	       -0.707388	       +7.102609	       +2.846012	      -42.894780	       -2.590893	      -42.894780	       +0.000000	      -75.840938	      -75.840938
              32	               3	       -0.707388	       -0.707388	       +7.102609	       +2.846012	      -42.894780	       -2.590893	      -42.894780	       +0.000000	      -75.840938	      -75.840938
              32	               4	       +5.057478	       +5.057478	      +11.805950	       +4.355886	      -56.598920	       -2.590893	      -56.598920	       +0.000000	      -97.036003	      -97.036003
              32	               5	       +5.057478	       +5.057478	      +11.805950	       +4.355886	      -56.598920	       -2.590893	      -56.598920	       +0.000000	      -97.036003	      -97.036003
              32	               6	       +5.089201	       +5.089201	      +11.840456	       +4.353084	      -56.555091	       -2.590893	      -56.555091	       +0.000000	      -96.916642	      -96.916642
              32	               7	       +5.089201	       +5.089201	      +11.840456	       +4.353084	      -56.555091	       -2.590893	      -56.555091	       +0.000000	      -96.916642	      -96.916642
              32	               8	       +7.805252	       +7.805252	      +15.693240	       +2.751251	      -35.508133	       +0.000000	      -35.508133	       +0.000000	      -52.571775	      -52.571775
              32	               9	       +7.805252	       +7.805252	      +15.693240	       +2.751251	      -35.508133	       +0.000000	      -35.508133	       +0.000000	      -52.571775	      -52.571775
              32	              10	       +9.594435	       +9.594435	      +18.158008	       +1.618690	      -27.286353	       +0.000000	      -27.286353	       +0.000000	      -34.796008	      -34.796008
              32	              11	       +9.594435	       +9.594435	      +18.158008	       +1.618690	      -27.286353	       +0.000000	      -27.286353	       +0.000000	      -34.796008	      -34.796008
              32	              12	       +9.608883	       +9.608883	      +18.178227	       +1.610622	      -27.248948	       +0.000000	      -27.248948	       +0.000000	      -34.709048	      -34.709048
              32	              13	       +9.608883	       +9.608883	      +18.178227	       +1.610622	      -27.248948	       +0.000000	      -27.248948	       +0.000000	      -34.709048	      -34.709048
              32	              14	      +14.000431	      +14.000431	      +24.734065	       -0.843112	       -9.213035	       +0.000000	       -9.213035	       +0.000000	       +5.464883	       +5.464883
              32	              15	      +14.000431	      +14.000431	      +24.734065	       -0.843112	       -9.213035	       +0.000000	       -9.213035	       +0.000000	       +5.464883	       +5.464883
              32	              16	      +16.847036	      +16.847036	      +24.686364	       +2.489970	      -41.950216	       +0.000000	      -41.950216	       +0.000000	      -56.724098	      -56.724098
              32	              17	      +16.847036	      +16.847036	      +24.686364	       +2.489970	      -41.950216	       +0.000000	      -41.950216	       +0.000000	      -56.724098	      -56.724098
              32	              18	      +16.847357	      +16.847357	      +24.686457	       +2.490414	      -41.952637	       +0.000000	      -41.952637	       +0.000000	      -56.728403	      -56.728403
              32	              19	      +16.847357	      +16.847357	      +24.686457	       +2.490414	      -41.952637	       +0.000000	      -41.952637	       +0.000000	      -56.728403	      -56.728403
              32	              20	      +17.601364	      +17.601364	      +25.689899	       +2.681827	      -31.917854	       +0.000000	      -31.917854	       +0.000000	      -35.463981	      -35.463981
              32	              21	      +17.601364	      +17.601364	      +25.689899	       +2.681827	      -31.917854	       +0.000000	      -31.917854	       +0.000000	      -35.463981	      -35.463981
              32	              22	      +17.629254	      +17.629254	      +25.707301	       +2.631819	      -29.692608	       +0.000000	      -29.692608	       +0.000000	      -31.046097	      -31.046097
              32	              23	      +17.629254	      +17.629254	      +25.707301	       +2.631819	      -29.692608	       +0.000000	      -29.692608	       +0.000000	      -31.046097	      -31.046097
              32	              24	      +17.653774	      +17.653774	      +25.791446	       +3.026620	      -44.929375	       +0.000000	      -44.929375	       +0.000000	      -61.040683	      -61.040683
              32	              25	      +17.653774	      +17.653774	      +25.791446	       +3.026620	      -44.929375	       +0.000000	      -44.929375	       +0.000000	      -61.040683	      -61.040683
              32	              26	      +19.282203	      +19.282203	      +26.815466	       +3.233290	      -37.520231	       +0.000000	      -37.520231	       +0.000000	      -44.991706	      -44.991706
              32	              27	      +19.282203	      +19.282203	      +26.815466	       +3.233290	      -37.520231	       +0.000000	      -37.520231	       +0.000000	      -44.991706	      -44.991706
              32	              28	      +25.679276	      +25.679276	      +33.696690	       +3.390667	      -32.982416	       +0.000000	      -32.982416	       +0.000000	      -28.877476	      -28.877476
              32	              29	      +25.679276	      +25.679276	      +33.696690	       +3.390667	      -32.982416	       +0.000000	      -32.982416	       +0.000000	      -28.877476	      -28.877476
              32	              30	      +26.283133	      +26.283133	      +35.172272	       +0.724773	      -54.207711	       +0.000000	      -54.207711	       +0.000000	      -72.518377	      -72.518377
              32	              31	      +26.283133	      +26.283133	      +35.172272	       +0.724773	      -54.207711	       +0.000000	      -54.207711	       +0.000000	      -72.518377	      -72.518377
              32	              32	      +27.933114	      +27.933114	      +37.233660	       +1.138142	      -25.837794	       +0.000000	      -25.837794	       +0.000000	      -13.303787	      -13.303787
              32	              33	      +27.933114	      +27.933114	      +37.233660	       +1.138142	      -25.837794	       +0.000000	      -25.837794	       +0.000000	      -13.303787	      -13.303787
              32	              34	      +27.934439	      +27.934439	      +37.237237	       +1.135612	      -25.812473	       +0.000000	      -25.812473	       +0.000000	      -13.252098	      -13.252098
              32	              35	      +27.934439	      +27.934439	      +37.237237	       +1.135612	      -25.812473	       +0.000000	      -25.812473	       +0.000000	      -13.252098	      -13.252098
              32	              36	      +28.087026	      +28.087026	      +35.955095	       +2.142639	      -25.533354	       +0.000000	      -25.533354	       +0.000000	      -12.968975	      -12.968975
              32	              37	      +28.087026	      +28.087026	      +35.955095	       +2.142639	      -25.533354	       +0.000000	      -25.533354	       +0.000000	      -12.968975	      -12.968975
              32	              38	      +28.094614	      +28.094614	      +35.961030	       +2.147024	      -25.544644	       +0.000000	      -25.544644	       +0.000000	      -12.981235	      -12.981235
              32	              39	      +28.094614	      +28.094614	      +35.961030	       +2.147024	      -25.544644	       +0.000000	      -25.544644	       +0.000000	      -12.981235	      -12.981235
              32	              40	      +32.007308	      +32.007308	      +42.183624	       +1.349869	      -15.834593	       +0.000000	      -15.834593	       +0.000000	      +11.864308	      +11.864308
              32	              41	      +32.007308	      +32.007308	      +42.183624	       +1.349869	      -15.834593	       +0.000000	      -15.834593	       +0.000000	      +11.864308	      +11.864308
              32	              42	      +32.719897	      +32.719897	      +41.046062	       +1.544400	      -56.336228	       +0.000000	      -56.336228	       +0.000000	      -70.081994	      -70.081994
              32	              43	      +32.719897	      +32.719897	      +41.046062	       +1.544400	      -56.336228	       +0.000000	      -56.336228	       +0.000000	      -70.081994	      -70.081994
              32	              44	      +32.720678	      +32.720678	      +41.045230	       +1.548169	      -56.371461	       +0.000000	      -56.371461	       +0.000000	      -70.149523	      -70.149523
              32	              45	      +32.720678	      +32.720678	      +41.045230	       +1.548169	      -56.371461	       +0.000000	      -56.371461	       +0.000000	      -70.149523	      -70.149523
              32	              46	      +33.750627	      +33.750627	      +40.763144	       +3.434446	      -81.293226	       +0.000000	      -81.293226	       +0.000000	     -118.388861	     -118.388861
              32	              47	      +33.750627	      +33.750627	      +40.763144	       +3.434446	      -81.293226	       +0.000000	      -81.293226	       +0.000000	     -118.388861	     -118.388861
              32	              48	      +33.789908	      +33.789908	      +40.793521	       +3.461752	      -81.460318	       +0.000000	      -81.460318	       +0.000000	     -118.665361	     -118.665361
              32	              49	      +33.789908	      +33.789908	      +40.793521	       +3.461752	      -81.460318	       +0.000000	      -81.460318	       +0.000000	     -118.665361	     -118.665361
              32	              50	      +34.628896	      +34.628896	      +45.905547	       -2.790772	      -13.270968	       +0.000000	      -13.270968	       +0.000000	      +16.572838	      +16.572838
              32	              51	      +34.628896	      +34.628896	      +45.905547	       -2.790772	      -13.270968	       +0.000000	      -13.270968	       +0.000000	      +16.572838	      +16.572838
              32	              52	      +37.451043	      +37.451043	      +44.953050	       +2.134423	      -27.802037	       +0.000000	      -27.802037	       +0.000000	       -8.516601	       -8.516601
              32	              53	      +37.451043	      +37.451043	      +44.953050	       +2.134423	      -27.802037	       +0.000000	      -27.802037	       +0.000000	       -8.516601	       -8.516601
              32	              54	      +38.629060	      +38.629060	      +48.127070	       -1.997367	      -16.258961	       +0.000000	      -16.258961	       +0.000000	      +13.611782	      +13.611782
              32	              55	      +38.629060	      +38.629060	      +48.127070	       -1.997367	      -16.258961	       +0.000000	      -16.258961	       +0.000000	      +13.611782	      +13.611782

k-point 33:
              33	               0	       -2.977123	       -2.977123	       +4.097954	       +3.853654	      -47.888656	       -2.590893	      -47.888656	       +0.000000	      -87.825704	      -87.825704
              33	               1	       -2.977123	       -2.977123	       +4.097954	       +3.853654	      -47.888656	       -2.590893	      -47.888656	       +0.000000	      -87.825704	      -87.825704
              33	               2	       -0.116049	       -0.116049	       +6.990840	       +3.817778	      -50.293663	       -2.590893	      -50.293663	       +0.000000	      -89.778707	      -89.778707
              33	               3	       -0.116049	       -0.116049	       +6.990840	       +3.817778	      -50.293663	       -2.590893	      -50.293663	       +0.000000	      -89.778707	      -89.778707
              33	               4	       +2.729549	       +2.729549	      +10.536174	       +2.846775	      -42.856563	       -2.590893	      -42.856563	       +0.000000	      -72.330177	      -72.330177
              33	               5	       +2.729549	       +2.729549	      +10.536174	       +2.846775	      -42.856563	       -2.590893	      -42.856563	       +0.000000	      -72.330177	      -72.330177
              33	               6	       +4.062047	       +4.062047	      +11.255704	       +3.698007	      -51.995186	       -2.590893	      -51.995186	       +0.000000	      -89.036661	      -89.036661
              33	               7	       +4.062047	       +4.062047	      +11.255704	       +3.698007	      -51.995186	       -2.590893	      -51.995186	       +0.000000	      -89.036661	      -89.036661
              33	               8	       +7.784322	       +7.784322	      +16.814376	       +1.143989	      -27.592899	       +0.000000	      -27.592899	       +0.000000	      -37.227434	      -37.227434
              33	               9	       +7.784322	       +7.784322	      +16.814376	       +1.143989	      -27.592899	       +0.000000	      -27.592899	       +0.000000	      -37.227434	      -37.227434
              33	              10	      +10.722893	      +10.722893	      +19.247067	       +1.890902	      -31.454111	       +0.000000	      -31.454111	       +0.000000	      -41.770254	      -41.770254
              33	              11	      +10.722893	      +10.722893	      +19.247067	       +1.890902	      -31.454111	       +0.000000	      -31.454111	       +0.000000	      -41.770254	      -41.770254
              33	              12	      +12.017668	      +12.017668	      +19.532688	       +3.252123	      -38.128345	       +0.000000	      -38.128345	       +0.000000	      -53.471878	      -53.471878
              33	              13	      +12.017668	      +12.017668	      +19.532688	       +3.252123	      -38.128345	       +0.000000	      -38.128345	       +0.000000	      -53.471878	      -53.471878
              33	              14	      +12.190626	      +12.190626	      +20.185882	       +2.467460	      -34.199696	       +0.000000	      -34.199696	       +0.000000	      -45.746050	      -45.746050
              33	              15	      +12.190626	      +12.190626	      +20.185882	       +2.467460	      -34.199696	       +0.000000	      -34.199696	       +0.000000	      -45.746050	      -45.746050
              33	              16	      +16.490593	      +16.490593	      +24.769159	       +2.385708	      -31.005662	       +0.000000	      -31.005662	       +0.000000	      -34.856457	      -34.856457
              33	              17	      +16.490594	      +16.490594	      +24.769159	       +2.385708	      -31.005662	       +0.000000	      -31.005662	       +0.000000	      -34.856457	      -34.856457
              33	              18	      +16.831650	      +16.831650	      +24.713994	       +2.564682	      -40.813724	       +0.000000	      -40.813724	       +0.000000	      -54.348773	      -54.348773
              33	              19	      +16.831650	      +16.831650	      +24.713994	       +2.564682	      -40.813724	       +0.000000	      -40.813724	       +0.000000	      -54.348773	      -54.348773
              33	              20	      +18.448777	      +18.448777	      +26.127648	       +2.974193	      -38.417917	       +0.000000	      -38.417917	       +0.000000	      -47.733993	      -47.733993
              33	              21	      +18.448777	      +18.448777	      +26.127648	       +2.974193	      -38.417917	       +0.000000	      -38.417917	       +0.000000	      -47.733993	      -47.733993
              33	              22	      +18.994914	      +18.994914	      +26.926035	       +2.750823	      -42.340562	       +0.000000	      -42.340562	       +0.000000	      -55.004266	      -55.004266
              33	              23	      +18.994914	      +18.994914	      +26.926035	       +2.750823	      -42.340562	       +0.000000	      -42.340562	       +0.000000	      -55.004266	      -55.004266
              33	              24	      +19.316776	      +19.316776	      +28.331749	       +1.553623	      -32.110837	       +0.000000	      -32.110837	       +0.000000	      -34.336302	      -34.336302
              33	              25	      +19.316776	      +19.316776	      +28.331749	       +1.553623	      -32.110837	       +0.000000	      -32.110837	       +0.000000	      -34.336302	      -34.336302
              33	              26	      +23.142792	      +23.142792	      +31.864362	       +2.176153	      -36.680540	       +0.000000	      -36.680540	       +0.000000	      -39.320564	      -39.320564
              33	              27	      +23.142792	      +23.142792	      +31.864362	       +2.176153	      -36.680540	       +0.000000	      -36.680540	       +0.000000	      -39.320564	      -39.320564
              33	              28	      +24.020018	      +24.020018	      +32.282723	       +2.046397	      -25.406378	       +0.000000	      -25.406378	       +0.000000	      -16.483637	      -16.483637
              33	              29	      +24.020018	      +24.020018	      +32.282723	       +2.046397	      -25.406378	       +0.000000	      -25.406378	       +0.000000	      -16.483637	      -16.483637
              33	              30	      +24.916874	      +24.916874	      +32.199883	       +3.594146	      -47.521691	       +0.000000	      -47.521691	       +0.000000	      -59.249353	      -59.249353
              33	              31	      +24.916874	      +24.916874	      +32.199883	       +3.594146	      -47.521691	       +0.000000	      -47.521691	       +0.000000	      -59.249353	      -59.249353
              33	              32	      +25.658279	      +25.658279	      +34.480829	       +1.458229	      -37.679454	       +0.000000	      -37.679454	       +0.000000	      -39.419851	      -39.419851
              33	              33	      +25.658279	      +25.658279	      +34.480829	       +1.458229	      -37.679454	       +0.000000	      -37.679454	       +0.000000	      -39.419851	      -39.419851
              33	              34	      +25.894803	      +25.894803	      +34.572042	       +1.767129	      -30.418835	       +0.000000	      -30.418835	       +0.000000	      -24.498500	      -24.498500
              33	              35	      +25.894803	      +25.894803	      +34.572042	       +1.767129	      -30.418835	       +0.000000	      -30.418835	       +0.000000	      -24.498500	      -24.498500
              33	              36	      +26.228227	      +26.228227	      +35.046550	       +1.580889	      -33.692881	       +0.000000	      -33.692881	       +0.000000	      -30.758322	      -30.758322
              33	              37	      +26.228227	      +26.228227	      +35.046550	       +1.580889	      -33.692881	       +0.000000	      -33.692881	       +0.000000	      -30.758322	      -30.758322
              33	              38	      +29.216331	      +29.216331	      +38.284650	       +0.370057	      -40.061845	       +0.000000	      -40.061845	       +0.000000	      -41.468983	      -41.468983
              33	              39	      +29.216331	      +29.216331	      +38.284650	       +0.370057	      -40.061845	       +0.000000	      -40.061845	       +0.000000	      -41.468983	      -41.468983
              33	              40	      +30.034572	      +30.034572	      +37.802744	       +3.307672	      -41.589067	       +0.000000	      -41.589067	       +0.000000	      -42.067718	      -42.067718
              33	              41	      +30.034572	      +30.034572	      +37.802744	       +3.307672	      -41.589067	       +0.000000	      -41.589067	       +0.000000	      -42.067718	      -42.067718
              33	              42	      +31.480037	      +31.480037	      +40.463902	       +1.369025	      -34.406861	       +0.000000	      -34.406861	       +0.000000	      -26.980795	      -26.980795
              33	              43	      +31.480037	      +31.480037	      +40.463902	       +1.369025	      -34.406861	       +0.000000	      -34.406861	       +0.000000	      -26.980795	      -26.980795
              33	              44	      +31.875144	      +31.875144	      +41.153966	       -0.084633	      -29.999897	       +0.000000	      -29.999897	       +0.000000	      -18.930462	      -18.930462
              33	              45	      +31.875144	      +31.875144	      +41.153966	       -0.084633	      -29.999897	       +0.000000	      -29.999897	       +0.000000	      -18.930462	      -18.930462
              33	              46	      +34.110067	      +34.110067	      +44.019405	       -0.589161	      -18.976580	       +0.000000	      -18.976580	       +0.000000	       +5.477083	       +5.477083
              33	              47	      +34.110067	      +34.110067	      +44.019405	       -0.589161	      -18.976580	       +0.000000	      -18.976580	       +0.000000	       +5.477083	       +5.477083
              33	              48	      +35.433254	      +35.433254	      +43.671117	       +1.103912	      -48.263305	       +0.000000	      -48.263305	       +0.000000	      -51.751580	      -51.751580
              33	              49	      +35.433254	      +35.433254	      +43.671117	       +1.103912	      -48.263305	       +0.000000	      -48.263305	       +0.000000	      -51.751580	      -51.751580
              33	              50	      +35.605396	      +35.605396	      +44.512037	       +1.591235	      -46.277382	       +0.000000	      -46.277382	       +0.000000	      -46.451492	      -46.451492
              33	              51	      +35.605396	      +35.605396	      +44.512037	       +1.591235	      -46.277382	       +0.000000	      -46.277382	       +0.000000	      -46.451492	      -46.451492
              33	              52	      +35.696503	      +35.696503	      +44.197441	       +0.049668	      -42.538004	       +0.000000	      -42.538004	       +0.000000	      -40.828900	      -40.828900
              33	              53	      +35.696503	      +35.696503	      +44.197441	       +0.049668	      -42.538004	       +0.000000	      -42.538004	       +0.000000	      -40.828900	      -40.828900
              33	              54	      +37.475892	      +37.475892	      +46.754938	       +0.134042	      -34.817487	       +0.000000	      -34.817487	       +0.000000	      -22.745993	      -22.745993
              33	              55	      +37.475892	      +37.475892	      +46.754938	       +0.134042	      -34.817487	       +0.000000	      -34.817487	       +0.000000	      -22.745993	      -22.745993

k-point 34:
              34	               0	       -1.550060	       -1.550060	       +5.444998	       +3.968426	      -50.842218	       -2.590893	      -50.842218	       +0.000000	      -92.271013	      -92.271013
              34	               1	       -1.550060	       -1.550060	       +5.444998	       +3.968426	      -50.842218	       -2.590893	      -50.842218	       +0.000000	      -92.271013	      -92.271013
              34	               2	       -1.550058	       -1.550058	       +5.444998	       +3.968426	      -50.842218	       -2.590893	      -50.842218	       +0.000000	      -92.271013	      -92.271013
              34	               3	       -1.550058	       -1.550058	       +5.444998	       +3.968426	      -50.842218	       -2.590893	      -50.842218	       +0.000000	      -92.271013	      -92.271013
              34	               4	       +3.412382	       +3.412382	      +10.769151	       +3.454850	      -49.351318	       -2.590893	      -49.351318	       +0.000000	      -84.478636	      -84.478636
              34	               5	       +3.412382	       +3.412382	      +10.769151	       +3.454850	      -49.351318	       -2.590893	      -49.351318	       +0.000000	      -84.478636	      -84.478636
              34	               6	       +3.412382	       +3.412382	      +10.769151	       +3.454850	      -49.351318	       -2.590893	      -49.351318	       +0.000000	      -84.478636	      -84.478636
              34	               7	       +3.412382	       +3.412382	      +10.769151	       +3.454850	      -49.351318	       -2.590893	      -49.351318	       +0.000000	      -84.478636	      -84.478636
              34	               8	       +6.973642	       +6.973642	      +16.284163	       +0.785158	      -23.663652	       +0.000000	      -23.663652	       +0.000000	      -30.257983	      -30.257983
              34	               9	       +6.973642	       +6.973642	      +16.284163	       +0.785158	      -23.663652	       +0.000000	      -23.663652	       +0.000000	      -30.257983	      -30.257983
              34	              10	       +6.973643	       +6.973643	      +16.284163	       +0.785158	      -23.663652	       +0.000000	      -23.663652	       +0.000000	      -30.257983	      -30.257983
              34	              11	       +6.973643	       +6.973643	      +16.284163	       +0.785158	      -23.663652	       +0.000000	      -23.663652	       +0.000000	      -30.257983	      -30.257983
              34	              12	      +16.370511	      +16.370511	      +23.754978	       +3.486270	      -26.525514	       +0.000000	      -26.525514	       +0.000000	      -25.809779	      -25.809779
              34	              13	      +16.370511	      +16.370511	      +23.754978	       +3.486270	      -26.525514	       +0.000000	      -26.525514	       +0.000000	      -25.809779	      -25.809779
              34	              14	      +16.370511	      +16.370511	      +23.754978	       +3.486270	      -26.525514	       +0.000000	      -26.525514	       +0.000000	      -25.809779	      -25.809779
              34	              15	      +16.370511	      +16.370511	      +23.754978	       +3.486270	      -26.525514	       +0.000000	      -26.525514	       +0.000000	      -25.809779	      -25.809779
              34	              16	      +17.284778	      +17.284778	      +24.610497	       +3.355420	      -60.686652	       +0.000000	      -60.686652	       +0.000000	      -93.407388	      -93.407388
              34	              17	      +17.284778	      +17.284778	      +24.610497	       +3.355420	      -60.686652	       +0.000000	      -60.686652	       +0.000000	      -93.407388	      -93.407388
              34	              18	      +17.284778	      +17.284778	      +24.610497	       +3.355420	      -60.686652	       +0.000000	      -60.686652	       +0.000000	      -93.407388	      -93.407388
              34	              19	      +17.284778	      +17.284778	      +24.610497	       +3.355420	      -60.686652	       +0.000000	      -60.686652	       +0.000000	      -93.407388	      -93.407388
              34	              20	      +18.816603	      +18.816603	      +26.787697	       +2.374899	      -35.070890	       +0.000000	      -35.070890	       +0.000000	      -40.979184	      -40.979184
              34	              21	      +18.816603	      +18.816603	      +26.787697	       +2.374899	      -35.070890	       +0.000000	      -35.070890	       +0.000000	      -40.979184	      -40.979184
              34	              22	      +18.816605	      +18.816605	      +26.787697	       +2.374899	      -35.070890	       +0.000000	      -35.070890	       +0.000000	      -40.979184	      -40.979184
              34	              23	      +18.816605	      +18.816605	      +26.787697	       +2.374899	      -35.070890	       +0.000000	      -35.070890	       +0.000000	      -40.979184	      -40.979184
              34	              24	      +19.332172	      +19.332172	      +26.859239	       +3.745481	      -48.080533	       +0.000000	      -48.080533	       +0.000000	      -65.556345	      -65.556345
              34	              25	      +19.332172	      +19.332172	      +26.859239	       +3.745481	      -48.080533	       +0.000000	      -48.080533	       +0.000000	      -65.556345	      -65.556345
              34	              26	      +19.332174	      +19.332174	      +26.859238	       +3.745481	      -48.080533	       +0.000000	      -48.080533	       +0.000000	      -65.556346	      -65.556346
              34	              27	      +19.332174	      +19.332174	      +26.859238	       +3.745481	      -48.080533	       +0.000000	      -48.080533	       +0.000000	      -65.556346	      -65.556346
              34	              28	      +25.151117	      +25.151117	      +34.257090	       +1.991791	      -28.312833	       +0.000000	      -28.312833	       +0.000000	      -20.376785	      -20.376785
              34	              29	      +25.151117	      +25.151117	      +34.257090	       +1.991791	      -28.312833	       +0.000000	      -28.312833	       +0.000000	      -20.376785	      -20.376785
              34	              30	      +25.151119	      +25.151119	      +34.257091	       +1.991791	      -28.312833	       +0.000000	      -28.312833	       +0.000000	      -20.376785	      -20.376785
              34	              31	      +25.151119	      +25.151119	      +34.257091	       +1.991791	      -28.312833	       +0.000000	      -28.312833	       +0.000000	      -20.376785	      -20.376785
              34	              32	      +26.013425	      +26.013425	      +36.289926	       -0.056877	      -10.650005	       +0.000000	      -10.650005	       +0.000000	      +14.933039	      +14.933039
              34	              33	      +26.013425	      +26.013425	      +36.289926	       -0.056877	      -10.650005	       +0.000000	      -10.650005	       +0.000000	      +14.933039	      +14.933039
              34	              34	      +26.013425	      +26.013425	      +36.289926	       -0.056877	      -10.650005	       +0.000000	      -10.650005	       +0.000000	      +14.933039	      +14.933039
              34	              35	      +26.013425	      +26.013425	      +36.289926	       -0.056877	      -10.650005	       +0.000000	      -10.650005	       +0.000000	      +14.933039	      +14.933039
              34	              36	      +26.507143	      +26.507143	      +35.640236	       +0.551016	      -33.468921	       +0.000000	      -33.468921	       +0.000000	      -30.746590	      -30.746590
              34	              37	      +26.507143	      +26.507143	      +35.640236	       +0.551016	      -33.468921	       +0.000000	      -33.468921	       +0.000000	      -30.746590	      -30.746590
              34	              38	      +26.507143	      +26.507143	      +35.640236	       +0.551016	      -33.468921	       +0.000000	      -33.468921	       +0.000000	      -30.746590	      -30.746590
              34	              39	      +26.507143	      +26.507143	      +35.640236	       +0.551016	      -33.468921	       +0.000000	      -33.468921	       +0.000000	      -30.746590	      -30.746590
              34	              40	      +27.810033	      +27.810033	      +37.578696	       -1.464193	      -28.152809	       +0.000000	      -28.152809	       +0.000000	      -20.191115	      -20.191115
              34	              41	      +27.810033	      +27.810033	      +37.578696	       -1.464193	      -28.152809	       +0.000000	      -28.152809	       +0.000000	      -20.191115	      -20.191115
              34	              42	      +27.810033	      +27.810033	      +37.578695	       -1.464193	      -28.152809	       +0.000000	      -28.152809	       +0.000000	      -20.191115	      -20.191115
              34	              43	      +27.810033	      +27.810033	      +37.578695	       -1.464193	      -28.152809	       +0.000000	      -28.152809	       +0.000000	      -20.191115	      -20.191115
              34	              44	      +31.745129	      +31.745129	      +38.751343	       +4.636777	      -56.225654	       +0.000000	      -56.225654	       +0.000000	      -69.063188	      -69.063188
              34	              45	      +31.745129	      +31.745129	      +38.751343	       +4.636777	      -56.225654	       +0.000000	      -56.225654	       +0.000000	      -69.063188	      -69.063188
              34	              46	      +31.745130	      +31.745130	      +38.751343	       +4.636777	      -56.225654	       +0.000000	      -56.225654	       +0.000000	      -69.063188	      -69.063188
              34	              47	      +31.745130	      +31.745130	      +38.751343	       +4.636777	      -56.225654	       +0.000000	      -56.225654	       +0.000000	      -69.063188	      -69.063188
              34	              48	      +35.791043	      +35.791043	      +43.005102	       +2.359659	      -66.444023	       +0.000000	      -66.444023	       +0.000000	      -87.523284	      -87.523284
              34	              49	      +35.791043	      +35.791043	      +43.005102	       +2.359659	      -66.444023	       +0.000000	      -66.444023	       +0.000000	      -87.523284	      -87.523284
              34	              50	      +35.791043	      +35.791043	      +43.005102	       +2.359659	      -66.444023	       +0.000000	      -66.444023	       +0.000000	      -87.523284	      -87.523284
              34	              51	      +35.791043	      +35.791043	      +43.005102	       +2.359659	      -66.444023	       +0.000000	      -66.444023	       +0.000000	      -87.523284	      -87.523284
              34	              52	      +40.523035	      +40.523035	      +50.030254	       -0.896473	      -18.976651	       +0.000000	      -18.976651	       +0.000000	      +11.180479	      +11.180479
              34	              53	      +40.523035	      +40.523035	      +50.030254	       -0.896473	      -18.976651	       +0.000000	      -18.976651	       +0.000000	      +11.180479	      +11.180479
              34	              54	      +40.523035	      +40.523035	      +50.030254	       -0.896473	      -18.976651	       +0.000000	      -18.976651	       +0.000000	      +11.180479	      +11.180479
              34	              55	      +40.523035	      +40.523035	      +50.030254	       -0.896473	      -18.976651	       +0.000000	      -18.976651	       +0.000000	      +11.180479	      +11.180479

k-point 35:
              35	               0	       -2.977123	       -2.977123	       +4.097957	       +3.853654	      -48.740308	       -2.590893	      -48.740308	       +0.000000	      -89.529005	      -89.529005
              35	               1	       -2.977123	       -2.977123	       +4.097957	       +3.853654	      -48.740308	       -2.590893	      -48.740308	       +0.000000	      -89.529005	      -89.529005
              35	               2	       -0.116049	       -0.116049	       +6.990861	       +3.817778	      -49.905889	       -2.590893	      -49.905889	       +0.000000	      -89.003139	      -89.003139
              35	               3	       -0.116049	       -0.116049	       +6.990861	       +3.817778	      -49.905889	       -2.590893	      -49.905889	       +0.000000	      -89.003139	      -89.003139
              35	               4	       +2.729549	       +2.729549	      +10.536182	       +2.846775	      -41.938031	       -2.590893	      -41.938031	       +0.000000	      -70.493106	      -70.493106
              35	               5	       +2.729549	       +2.729549	      +10.536182	       +2.846775	      -41.938031	       -2.590893	      -41.938031	       +0.000000	      -70.493106	      -70.493106
              35	               6	       +4.062047	       +4.062047	      +11.255784	       +3.698007	      -52.400406	       -2.590893	      -52.400406	       +0.000000	      -89.847022	      -89.847022
              35	               7	       +4.062047	       +4.062047	      +11.255784	       +3.698007	      -52.400406	       -2.590893	      -52.400406	       +0.000000	      -89.847022	      -89.847022
              35	               8	       +7.784322	       +7.784322	      +16.814367	       +1.143989	      -27.872796	       +0.000000	      -27.872796	       +0.000000	      -37.787235	      -37.787235
              35	               9	       +7.784322	       +7.784322	      +16.814367	       +1.143989	      -27.872796	       +0.000000	      -27.872796	       +0.000000	      -37.787235	      -37.787235
              35	              10	      +10.722893	      +10.722893	      +19.247195	       +1.890902	      -31.693026	       +0.000000	      -31.693026	       +0.000000	      -42.247955	      -42.247955
              35	              11	      +10.722893	      +10.722893	      +19.247195	       +1.890902	      -31.693026	       +0.000000	      -31.693026	       +0.000000	      -42.247955	      -42.247955
              35	              12	      +12.017668	      +12.017668	      +19.532662	       +3.252123	      -38.464397	       +0.000000	      -38.464397	       +0.000000	      -54.144010	      -54.144010
              35	              13	      +12.017668	      +12.017668	      +19.532662	       +3.252123	      -38.464397	       +0.000000	      -38.464397	       +0.000000	      -54.144010	      -54.144010
              35	              14	      +12.190626	      +12.190626	      +20.185867	       +2.467460	      -33.204548	       +0.000000	      -33.204548	       +0.000000	      -43.755768	      -43.755768
              35	              15	      +12.190626	      +12.190626	      +20.185867	       +2.467460	      -33.204548	       +0.000000	      -33.204548	       +0.000000	      -43.755768	      -43.755768
              35	              16	      +16.490593	      +16.490593	      +24.769077	       +2.385708	      -30.804739	       +0.000000	      -30.804739	       +0.000000	      -34.454694	      -34.454694
              35	              17	      +16.490594	      +16.490594	      +24.769077	       +2.385708	      -30.804739	       +0.000000	      -30.804739	       +0.000000	      -34.454694	      -34.454694
              35	              18	      +16.831650	      +16.831650	      +24.714057	       +2.564682	      -41.357451	       +0.000000	      -41.357451	       +0.000000	      -55.436162	      -55.436162
              35	              19	      +16.831650	      +16.831650	      +24.714057	       +2.564682	      -41.357451	       +0.000000	      -41.357451	       +0.000000	      -55.436162	      -55.436162
              35	              20	      +18.448777	      +18.448777	      +26.127586	       +2.974193	      -38.712739	       +0.000000	      -38.712739	       +0.000000	      -48.323699	      -48.323699
              35	              21	      +18.448777	      +18.448777	      +26.127586	       +2.974193	      -38.712739	       +0.000000	      -38.712739	       +0.000000	      -48.323699	      -48.323699
              35	              22	      +18.994914	      +18.994914	      +26.926121	       +2.750823	      -42.084011	       +0.000000	      -42.084011	       +0.000000	      -54.491078	      -54.491078
              35	              23	      +18.994914	      +18.994914	      +26.926121	       +2.750823	      -42.084011	       +0.000000	      -42.084011	       +0.000000	      -54.491078	      -54.491078
              35	              24	      +19.316776	      +19.316776	      +28.331773	       +1.553623	      -32.439923	       +0.000000	      -32.439923	       +0.000000	      -34.994449	      -34.994449
              35	              25	      +19.316776	      +19.316776	      +28.331773	       +1.553623	      -32.439923	       +0.000000	      -32.439923	       +0.000000	      -34.994449	      -34.994449
              35	              26	      +23.142792	      +23.142792	      +31.864396	       +2.176153	      -37.146840	       +0.000000	      -37.146840	       +0.000000	      -40.253130	      -40.253130
              35	              27	      +23.142792	      +23.142792	      +31.864396	       +2.176153	      -37.146840	       +0.000000	      -37.146840	       +0.000000	      -40.253130	      -40.253130
              35	              28	      +24.020018	      +24.020018	      +32.282731	       +2.046397	      -25.509702	       +0.000000	      -25.509702	       +0.000000	      -16.690278	      -16.690278
              35	              29	      +24.020018	      +24.020018	      +32.282731	       +2.046397	      -25.509702	       +0.000000	      -25.509702	       +0.000000	      -16.690278	      -16.690278
              35	              30	      +24.916874	      +24.916874	      +32.199976	       +3.594146	      -46.921304	       +0.000000	      -46.921304	       +0.000000	      -58.048485	      -58.048485
              35	              31	      +24.916874	      +24.916874	      +32.199976	       +3.594146	      -46.921304	       +0.000000	      -46.921304	       +0.000000	      -58.048485	      -58.048485
              35	              32	      +25.658279	      +25.658279	      +34.480719	       +1.458229	      -39.076833	       +0.000000	      -39.076833	       +0.000000	      -42.214717	      -42.214717
              35	              33	      +25.658279	      +25.658279	      +34.480719	       +1.458229	      -39.076833	       +0.000000	      -39.076833	       +0.000000	      -42.214717	      -42.214717
              35	              34	      +25.894803	      +25.894803	      +34.572062	       +1.767129	      -31.187393	       +0.000000	      -31.187393	       +0.000000	      -26.035595	      -26.035595
              35	              35	      +25.894803	      +25.894803	      +34.572062	       +1.767129	      -31.187393	       +0.000000	      -31.187393	       +0.000000	      -26.035595	      -26.035595
              35	              36	      +26.228227	      +26.228227	      +35.046550	       +1.580889	      -33.556399	       +0.000000	      -33.556399	       +0.000000	      -30.485359	      -30.485359
              35	              37	      +26.228227	      +26.228227	      +35.046550	       +1.580889	      -33.556399	       +0.000000	      -33.556399	       +0.000000	      -30.485359	      -30.485359
              35	              38	      +29.216331	      +29.216331	      +38.284654	       +0.370057	      -40.274487	       +0.000000	      -40.274487	       +0.000000	      -41.894264	      -41.894264
              35	              39	      +29.216331	      +29.216331	      +38.284654	       +0.370057	      -40.274487	       +0.000000	      -40.274487	       +0.000000	      -41.894264	      -41.894264
              35	              40	      +30.034572	      +30.034572	      +37.802784	       +3.307672	      -40.635261	       +0.000000	      -40.635261	       +0.000000	      -40.160066	      -40.160066
              35	              41	      +30.034572	      +30.034572	      +37.802784	       +3.307672	      -40.635261	       +0.000000	      -40.635261	       +0.000000	      -40.160066	      -40.160066
              35	              42	      +31.480037	      +31.480037	      +40.463846	       +1.369025	      -34.738783	       +0.000000	      -34.738783	       +0.000000	      -27.644695	      -27.644695
              35	              43	      +31.480037	      +31.480037	      +40.463846	       +1.369025	      -34.738783	       +0.000000	      -34.738783	       +0.000000	      -27.644695	      -27.644695
              35	              44	      +31.875144	      +31.875144	      +41.153989	       -0.084633	      -29.349424	       +0.000000	      -29.349424	       +0.000000	      -17.629493	      -17.629493
              35	              45	      +31.875144	      +31.875144	      +41.153989	       -0.084633	      -29.349424	       +0.000000	      -29.349424	       +0.000000	      -17.629493	      -17.629493
              35	              46	      +34.110067	      +34.110067	      +44.019425	       -0.589161	      -19.683589	       +0.000000	      -19.683589	       +0.000000	       +4.063086	       +4.063086
              35	              47	      +34.110067	      +34.110067	      +44.019425	       -0.589161	      -19.683589	       +0.000000	      -19.683589	       +0.000000	       +4.063086	       +4.063086
              35	              48	      +35.433254	      +35.433254	      +43.671136	       +1.103912	      -48.519664	       +0.000000	      -48.519664	       +0.000000	      -52.264280	      -52.264280
              35	              49	      +35.433254	      +35.433254	      +43.671136	       +1.103912	      -48.519664	       +0.000000	      -48.519664	       +0.000000	      -52.264280	      -52.264280
              35	              50	      +35.605396	      +35.605396	      +44.511967	       +1.591235	      -46.390823	       +0.000000	      -46.390823	       +0.000000	      -46.678445	      -46.678445
              35	              51	      +35.605396	      +35.605396	      +44.511967	       +1.591235	      -46.390823	       +0.000000	      -46.390823	       +0.000000	      -46.678445	      -46.678445
              35	              52	      +35.696503	      +35.696503	      +44.197471	       +0.049668	      -41.867467	       +0.000000	      -41.867467	       +0.000000	      -39.487796	      -39.487796
              35	              53	      +35.696503	      +35.696503	      +44.197471	       +0.049668	      -41.867467	       +0.000000	      -41.867467	       +0.000000	      -39.487796	      -39.487796
              35	              54	      +37.475892	      +37.475892	      +46.754944	       +0.134042	      -33.979837	       +0.000000	      -33.979837	       +0.000000	      -21.070687	      -21.070687
              35	              55	      +37.475892	      +37.475892	      +46.754944	       +0.134042	      -33.979837	       +0.000000	      -33.979837	       +0.000000	      -21.070687	      -21.070687

k-point 36:
              36	               0	       -2.977123	       -2.977123	       +4.097954	       +3.853906	      -47.861002	       -2.590893	      -47.861002	       +0.000000	      -87.770145	      -87.770145
              36	               1	       -2.977123	       -2.977123	       +4.097954	       +3.853906	      -47.861002	       -2.590893	      -47.861002	       +0.000000	      -87.770145	      -87.770145
              36	               2	       -0.116049	       -0.116049	       +6.990848	       +3.815094	      -50.188197	       -2.590893	      -50.188197	       +0.000000	      -89.570451	      -89.570451
              36	               3	       -0.116049	       -0.116049	       +6.990848	       +3.815094	      -50.188197	       -2.590893	      -50.188197	       +0.000000	      -89.570451	      -89.570451
              36	               4	       +2.729549	       +2.729549	      +10.536204	       +2.857285	      -43.126444	       -2.590893	      -43.126444	       +0.000000	      -72.859398	      -72.859398
              36	               5	       +2.729549	       +2.729549	      +10.536204	       +2.857285	      -43.126444	       -2.590893	      -43.126444	       +0.000000	      -72.859398	      -72.859398
              36	               6	       +4.062047	       +4.062047	      +11.255674	       +3.688030	      -52.395590	       -2.590893	      -52.395590	       +0.000000	      -89.847475	      -89.847475
              36	               7	       +4.062047	       +4.062047	      +11.255674	       +3.688030	      -52.395590	       -2.590893	      -52.395590	       +0.000000	      -89.847475	      -89.847475
              36	               8	       +7.784322	       +7.784322	      +16.814377	       +1.144468	      -27.708391	       +0.000000	      -27.708391	       +0.000000	      -37.457937	      -37.457937
              36	               9	       +7.784322	       +7.784322	      +16.814377	       +1.144468	      -27.708391	       +0.000000	      -27.708391	       +0.000000	      -37.457937	      -37.457937
              36	              10	      +10.722893	      +10.722893	      +19.247135	       +1.898201	      -31.508739	       +0.000000	      -31.508739	       +0.000000	      -41.872143	      -41.872143
              36	              11	      +10.722893	      +10.722893	      +19.247135	       +1.898201	      -31.508739	       +0.000000	      -31.508739	       +0.000000	      -41.872143	      -41.872143
              36	              12	      +12.017668	      +12.017668	      +19.532677	       +3.259175	      -37.786117	       +0.000000	      -37.786117	       +0.000000	      -52.780382	      -52.780382
              36	              13	      +12.017668	      +12.017668	      +19.532677	       +3.259175	      -37.786117	       +0.000000	      -37.786117	       +0.000000	      -52.780382	      -52.780382
              36	              14	      +12.190626	      +12.190626	      +20.185896	       +2.461266	      -34.056737	       +0.000000	      -34.056737	       +0.000000	      -45.466312	      -45.466312
              36	              15	      +12.190626	      +12.190626	      +20.185896	       +2.461266	      -34.056737	       +0.000000	      -34.056737	       +0.000000	      -45.466312	      -45.466312
              36	              16	      +16.490593	      +16.490593	      +24.768934	       +2.389892	      -31.238927	       +0.000000	      -31.238927	       +0.000000	      -35.319027	      -35.319027
              36	              17	      +16.490594	      +16.490594	      +24.768934	       +2.389892	      -31.238927	       +0.000000	      -31.238927	       +0.000000	      -35.319027	      -35.319027
              36	              18	      +16.831650	      +16.831650	      +24.714147	       +2.557550	      -40.738422	       +0.000000	      -40.738422	       +0.000000	      -54.205147	      -54.205147
              36	              19	      +16.831650	      +16.831650	      +24.714147	       +2.557550	      -40.738422	       +0.000000	      -40.738422	       +0.000000	      -54.205147	      -54.205147
              36	              20	      +18.448777	      +18.448777	      +26.127417	       +2.971342	      -38.796011	       +0.000000	      -38.796011	       +0.000000	      -48.493263	      -48.493263
              36	              21	      +18.448777	      +18.448777	      +26.127417	       +2.971342	      -38.796011	       +0.000000	      -38.796011	       +0.000000	      -48.493263	      -48.493263
              36	              22	      +18.994914	      +18.994914	      +26.926310	       +2.751222	      -42.008120	       +0.000000	      -42.008120	       +0.000000	      -54.338707	      -54.338707
              36	              23	      +18.994914	      +18.994914	      +26.926310	       +2.751222	      -42.008120	       +0.000000	      -42.008120	       +0.000000	      -54.338707	      -54.338707
              36	              24	      +19.316776	      +19.316776	      +28.331752	       +1.555299	      -31.903202	       +0.000000	      -31.903202	       +0.000000	      -33.919352	      -33.919352
              36	              25	      +19.316776	      +19.316776	      +28.331752	       +1.555299	      -31.903202	       +0.000000	      -31.903202	       +0.000000	      -33.919352	      -33.919352
              36	              26	      +23.142792	      +23.142792	      +31.864408	       +2.180275	      -36.670664	       +0.000000	      -36.670664	       +0.000000	      -39.296644	      -39.296644
              36	              27	      +23.142792	      +23.142792	      +31.864408	       +2.180275	      -36.670664	       +0.000000	      -36.670664	       +0.000000	      -39.296644	      -39.296644
              36	              28	      +24.020018	      +24.020018	      +32.282728	       +2.043100	      -25.682696	       +0.000000	      -25.682696	       +0.000000	      -17.039564	      -17.039564
              36	              29	      +24.020018	      +24.020018	      +32.282728	       +2.043100	      -25.682696	       +0.000000	      -25.682696	       +0.000000	      -17.039564	      -17.039564
              36	              30	      +24.916874	      +24.916874	      +32.199958	       +3.593506	      -47.127319	       +0.000000	      -47.127319	       +0.000000	      -58.461175	      -58.461175
              36	              31	      +24.916874	      +24.916874	      +32.199958	       +3.593506	      -47.127319	       +0.000000	      -47.127319	       +0.000000	      -58.461175	      -58.461175
              36	              32	      +25.658279	      +25.658279	      +34.480701	       +1.463421	      -38.205194	       +0.000000	      -38.205194	       +0.000000	      -40.466266	      -40.466266
              36	              33	      +25.658279	      +25.658279	      +34.480701	       +1.463421	      -38.205194	       +0.000000	      -38.205194	       +0.000000	      -40.466266	      -40.466266
              36	              34	      +25.894803	      +25.894803	      +34.572072	       +1.770851	      -30.730622	       +0.000000	      -30.730622	       +0.000000	      -25.118321	      -25.118321
              36	              35	      +25.894803	      +25.894803	      +34.572072	       +1.770851	      -30.730622	       +0.000000	      -30.730622	       +0.000000	      -25.118321	      -25.118321
              36	              36	      +26.228227	      +26.228227	      +35.046536	       +1.574066	      -33.354940	       +0.000000	      -33.354940	       +0.000000	      -30.089278	      -30.089278
              36	              37	      +26.228227	      +26.228227	      +35.046536	       +1.574066	      -33.354940	       +0.000000	      -33.354940	       +0.000000	      -30.089278	      -30.089278
              36	              38	      +29.216331	      +29.216331	      +38.284652	       +0.379661	      -39.045074	       +0.000000	      -39.045074	       +0.000000	      -39.425835	      -39.425835
              36	              39	      +29.216331	      +29.216331	      +38.284652	       +0.379661	      -39.045074	       +0.000000	      -39.045074	       +0.000000	      -39.425835	      -39.425835
              36	              40	      +30.034572	      +30.034572	      +37.802761	       +3.307122	      -41.288472	       +0.000000	      -41.288472	       +0.000000	      -41.467062	      -41.467062
              36	              41	      +30.034572	      +30.034572	      +37.802761	       +3.307122	      -41.288472	       +0.000000	      -41.288472	       +0.000000	      -41.467062	      -41.467062
              36	              42	      +31.480037	      +31.480037	      +40.463872	       +1.365625	      -34.478930	       +0.000000	      -34.478930	       +0.000000	      -27.128363	      -27.128363
              36	              43	      +31.480037	      +31.480037	      +40.463872	       +1.365625	      -34.478930	       +0.000000	      -34.478930	       +0.000000	      -27.128363	      -27.128363
              36	              44	      +31.875144	      +31.875144	      +41.153970	       -0.078134	      -30.529270	       +0.000000	      -30.529270	       +0.000000	      -19.982704	      -19.982704
              36	              45	      +31.875144	      +31.875144	      +41.153970	       -0.078134	      -30.529270	       +0.000000	      -30.529270	       +0.000000	      -19.982704	      -19.982704
              36	              46	      +34.110067	      +34.110067	      +44.019384	       -0.593315	      -19.078269	       +0.000000	      -19.078269	       +0.000000	       +5.269531	       +5.269531
              36	              47	      +34.110067	      +34.110067	      +44.019384	       -0.593315	      -19.078269	       +0.000000	      -19.078269	       +0.000000	       +5.269531	       +5.269531
              36	              48	      +35.433254	      +35.433254	      +43.671111	       +1.089364	      -48.708623	       +0.000000	      -48.708623	       +0.000000	      -52.656772	      -52.656772
              36	              49	      +35.433254	      +35.433254	      +43.671111	       +1.089364	      -48.708623	       +0.000000	      -48.708623	       +0.000000	      -52.656772	      -52.656772
              36	              50	      +35.605396	      +35.605396	      +44.511924	       +1.570760	      -45.799605	       +0.000000	      -45.799605	       +0.000000	      -45.516525	      -45.516525
              36	              51	      +35.605396	      +35.605396	      +44.511924	       +1.570760	      -45.799605	       +0.000000	      -45.799605	       +0.000000	      -45.516525	      -45.516525
              36	              52	      +35.696503	      +35.696503	      +44.197550	       +0.027285	      -42.846403	       +0.000000	      -42.846403	       +0.000000	      -41.467971	      -41.467971
              36	              53	      +35.696503	      +35.696503	      +44.197550	       +0.027285	      -42.846403	       +0.000000	      -42.846403	       +0.000000	      -41.467971	      -41.467971
              36	              54	      +37.475892	      +37.475892	      +46.754944	       +0.128831	      -34.269620	       +0.000000	      -34.269620	       +0.000000	      -21.655466	      -21.655466
              36	              55	      +37.475892	      +37.475892	      +46.754944	       +0.128831	      -34.269620	       +0.000000	      -34.269620	       +0.000000	      -21.655466	      -21.655466

k-point 37:
              37	               0	       -3.652141	       -3.652141	       +3.544673	       +3.683005	      -45.501007	       -2.590893	      -45.501007	       +0.000000	      -83.774335	      -83.774335
              37	               1	       -3.652141	       -3.652141	       +3.544673	       +3.683005	      -45.501007	       -2.590893	      -45.501007	       +0.000000	      -83.774335	      -83.774335
              37	               2	       +0.787803	       +0.787803	       +7.724261	       +4.058222	      -54.946915	       -2.590893	      -54.946915	       +0.000000	      -98.111348	      -98.111348
              37	               3	       +0.787803	       +0.787803	       +7.724261	       +4.058222	      -54.946915	       -2.590893	      -54.946915	       +0.000000	      -98.111348	      -98.111348
              37	               4	       +2.509647	       +2.509647	      +10.524593	       +2.562583	      -42.003651	       -2.590893	      -42.003651	       +0.000000	      -70.920126	      -70.920126
              37	               5	       +2.509647	       +2.509647	      +10.524593	       +2.562583	      -42.003651	       -2.590893	      -42.003651	       +0.000000	      -70.920126	      -70.920126
              37	               6	       +4.943158	       +4.943158	      +11.819007	       +4.165600	      -53.613190	       -2.590893	      -53.613190	       +0.000000	      -91.241774	      -91.241774
              37	               7	       +4.943158	       +4.943158	      +11.819007	       +4.165600	      -53.613190	       -2.590893	      -53.613190	       +0.000000	      -91.241774	      -91.241774
              37	               8	       +8.712783	       +8.712783	      +17.311175	       +1.679152	      -25.464956	       +0.000000	      -25.464956	       +0.000000	      -31.939586	      -31.939586
              37	               9	       +8.712783	       +8.712783	      +17.311175	       +1.679152	      -25.464956	       +0.000000	      -25.464956	       +0.000000	      -31.939586	      -31.939586
              37	              10	      +11.050364	      +11.050364	      +19.062555	       +2.450522	      -27.511555	       +0.000000	      -27.511555	       +0.000000	      -33.510033	      -33.510033
              37	              11	      +11.050364	      +11.050364	      +19.062555	       +2.450522	      -27.511555	       +0.000000	      -27.511555	       +0.000000	      -33.510033	      -33.510033
              37	              12	      +11.420223	      +11.420223	      +19.116460	       +3.179891	      -50.781026	       +0.000000	      -50.781026	       +0.000000	      -79.265700	      -79.265700
              37	              13	      +11.420223	      +11.420223	      +19.116460	       +3.179891	      -50.781026	       +0.000000	      -50.781026	       +0.000000	      -79.265700	      -79.265700
              37	              14	      +12.411762	      +12.411762	      +20.585141	       +2.345978	      -27.629134	       +0.000000	      -27.629134	       +0.000000	      -32.327149	      -32.327149
              37	              15	      +12.411762	      +12.411762	      +20.585141	       +2.345978	      -27.629134	       +0.000000	      -27.629134	       +0.000000	      -32.327149	      -32.327149
              37	              16	      +12.729589	      +12.729589	      +21.375180	       +1.502022	      -35.484751	       +0.000000	      -35.484751	       +0.000000	      -48.092300	      -48.092300
              37	              17	      +12.729589	      +12.729589	      +21.375180	       +1.502022	      -35.484751	       +0.000000	      -35.484751	       +0.000000	      -48.092300	      -48.092300
              37	              18	      +15.910103	      +15.910103	      +24.055257	       +2.495345	      -30.975056	       +0.000000	      -30.975056	       +0.000000	      -35.399512	      -35.399512
              37	              19	      +15.910103	      +15.910103	      +24.055257	       +2.495345	      -30.975056	       +0.000000	      -30.975056	       +0.000000	      -35.399512	      -35.399512
              37	              20	      +18.904572	      +18.904572	      +28.282799	       +1.056763	      -26.512021	       +0.000000	      -26.512021	       +0.000000	      -23.684481	      -23.684481
              37	              21	      +18.904572	      +18.904572	      +28.282799	       +1.056763	      -26.512021	       +0.000000	      -26.512021	       +0.000000	      -23.684481	      -23.684481
              37	              22	      +19.486085	      +19.486085	      +26.767427	       +3.506977	      -48.491634	       +0.000000	      -48.491634	       +0.000000	      -66.708863	      -66.708863
              37	              23	      +19.486085	      +19.486085	      +26.767427	       +3.506977	      -48.491634	       +0.000000	      -48.491634	       +0.000000	      -66.708863	      -66.708863
              37	              24	      +19.746882	      +19.746882	      +29.652683	       -0.055822	      -26.408323	       +0.000000	      -26.408323	       +0.000000	      -23.219785	      -23.219785
              37	              25	      +19.746882	      +19.746882	      +29.652683	       -0.055822	      -26.408323	       +0.000000	      -26.408323	       +0.000000	      -23.219785	      -23.219785
              37	              26	      +22.954193	      +22.954193	      +32.368141	       +1.046783	      -22.559031	       +0.000000	      -22.559031	       +0.000000	      -11.703138	      -11.703138
              37	              27	      +22.954193	      +22.954193	      +32.368141	       +1.046783	      -22.559031	       +0.000000	      -22.559031	       +0.000000	      -11.703138	      -11.703138
              37	              28	      +23.348114	      +23.348114	      +30.672381	       +3.566380	      -36.943715	       +0.000000	      -36.943715	       +0.000000	      -39.648669	      -39.648669
              37	              29	      +23.348114	      +23.348114	      +30.672381	       +3.566380	      -36.943715	       +0.000000	      -36.943715	       +0.000000	      -39.648669	      -39.648669
              37	              30	      +23.741265	      +23.741265	      +31.165697	       +3.525596	      -53.082152	       +0.000000	      -53.082152	       +0.000000	      -71.473010	      -71.473010
              37	              31	      +23.741265	      +23.741265	      +31.165697	       +3.525596	      -53.082152	       +0.000000	      -53.082152	       +0.000000	      -71.473010	      -71.473010
              37	              32	      +24.988924	      +24.988924	      +32.383283	       +3.313801	      -41.900871	       +0.000000	      -41.900871	       +0.000000	      -48.104658	      -48.104658
              37	              33	      +24.988924	      +24.988924	      +32.383283	       +3.313801	      -41.900871	       +0.000000	      -41.900871	       +0.000000	      -48.104658	      -48.104658
              37	              34	      +27.533701	      +27.533701	      +34.617618	       +3.455309	      -48.904837	       +0.000000	      -48.904837	       +0.000000	      -59.736748	      -59.736748
              37	              35	      +27.533701	      +27.533701	      +34.617618	       +3.455309	      -48.904837	       +0.000000	      -48.904837	       +0.000000	      -59.736748	      -59.736748
              37	              36	      +27.993170	      +27.993170	      +37.527727	       +0.423932	      -29.052590	       +0.000000	      -29.052590	       +0.000000	      -20.153521	      -20.153521
              37	              37	      +27.993170	      +27.993170	      +37.527727	       +0.423932	      -29.052590	       +0.000000	      -29.052590	       +0.000000	      -20.153521	      -20.153521
              37	              38	      +30.240858	      +30.240858	      +38.678004	       +2.526520	      -53.950330	       +0.000000	      -53.950330	       +0.000000	      -66.696136	      -66.696136
              37	              39	      +30.240858	      +30.240858	      +38.678004	       +2.526520	      -53.950330	       +0.000000	      -53.950330	       +0.000000	      -66.696136	      -66.696136
              37	              40	      +31.097912	      +31.097912	      +42.124424	       -0.940683	      -14.398425	       +0.000000	      -14.398425	       +0.000000	      +12.386892	      +12.386892
              37	              41	      +31.097912	      +31.097912	      +42.124424	       -0.940683	      -14.398425	       +0.000000	      -14.398425	       +0.000000	      +12.386892	      +12.386892
              37	              42	      +31.576764	      +31.576764	      +39.706330	       +2.105813	      -45.461265	       +0.000000	      -45.461265	       +0.000000	      -49.110387	      -49.110387
              37	              43	      +31.576764	      +31.576764	      +39.706330	       +2.105813	      -45.461265	       +0.000000	      -45.461265	       +0.000000	      -49.110387	      -49.110387
              37	              44	      +33.085153	      +33.085153	      +41.802651	       +0.710338	      -35.916768	       +0.000000	      -35.916768	       +0.000000	      -29.320548	      -29.320548
              37	              45	      +33.085153	      +33.085153	      +41.802651	       +0.710338	      -35.916768	       +0.000000	      -35.916768	       +0.000000	      -29.320548	      -29.320548
              37	              46	      +33.392607	      +33.392607	      +42.895962	       -0.403359	      -27.483526	       +0.000000	      -27.483526	       +0.000000	      -12.474448	      -12.474448
              37	              47	      +33.392607	      +33.392607	      +42.895962	       -0.403359	      -27.483526	       +0.000000	      -27.483526	       +0.000000	      -12.474448	      -12.474448
              37	              48	      +34.058356	      +34.058356	      +42.396661	       +1.507141	      -40.247853	       +0.000000	      -40.247853	       +0.000000	      -36.591903	      -36.591903
              37	              49	      +34.058356	      +34.058356	      +42.396661	       +1.507141	      -40.247853	       +0.000000	      -40.247853	       +0.000000	      -36.591903	      -36.591903
              37	              50	      +35.683006	      +35.683006	      +43.780323	       +0.622120	      -41.871924	       +0.000000	      -41.871924	       +0.000000	      -39.341405	      -39.341405
              37	              51	      +35.683006	      +35.683006	      +43.780323	       +0.622120	      -41.871924	       +0.000000	      -41.871924	       +0.000000	      -39.341405	      -39.341405
              37	              52	      +36.600157	      +36.600157	      +45.396037	       +1.310168	      -40.317985	       +0.000000	      -40.317985	       +0.000000	      -33.929765	      -33.929765
              37	              53	      +36.600157	      +36.600157	      +45.396037	       +1.310168	      -40.317985	       +0.000000	      -40.317985	       +0.000000	      -33.929765	      -33.929765
              37	              54	      +37.490963	      +37.490963	      +46.955028	       -0.884775	      -27.938958	       +0.000000	      -27.938958	       +0.000000	       -9.807663	       -9.807663
              37	              55	      +37.490963	      +37.490963	      +46.955028	       -0.884775	      -27.938958	       +0.000000	      -27.938958	       +0.000000	       -9.807663	       -9.807663

k-point 38:
              38	               0	       -2.977123	       -2.977123	       +4.097939	       +3.852265	      -47.202969	       -2.590893	      -47.202969	       +0.000000	      -86.455734	      -86.455734
              38	               1	       -2.977123	       -2.977123	       +4.097939	       +3.852265	      -47.202969	       -2.590893	      -47.202969	       +0.000000	      -86.455734	      -86.455734
              38	               2	       -0.116049	       -0.116049	       +6.990797	       +3.815782	      -54.862605	       -2.590893	      -54.862605	       +0.000000	      -98.918631	      -98.918631
              38	               3	       -0.116049	       -0.116049	       +6.990797	       +3.815782	      -54.862605	       -2.590893	      -54.862605	       +0.000000	      -98.918631	      -98.918631
              38	               4	       +2.729549	       +2.729549	      +10.535961	       +2.856382	      -43.239148	       -2.590893	      -43.239148	       +0.000000	      -73.085954	      -73.085954
              38	               5	       +2.729549	       +2.729549	      +10.535961	       +2.856382	      -43.239148	       -2.590893	      -43.239148	       +0.000000	      -73.085954	      -73.085954
              38	               6	       +4.062047	       +4.062047	      +11.255689	       +3.693446	      -50.485616	       -2.590893	      -50.485616	       +0.000000	      -86.022096	      -86.022096
              38	               7	       +4.062047	       +4.062047	      +11.255689	       +3.693446	      -50.485616	       -2.590893	      -50.485616	       +0.000000	      -86.022096	      -86.022096
              38	               8	       +7.784322	       +7.784322	      +16.814325	       +1.136660	      -23.530939	       +0.000000	      -23.530939	       +0.000000	      -29.110893	      -29.110893
              38	               9	       +7.784322	       +7.784322	      +16.814325	       +1.136660	      -23.530939	       +0.000000	      -23.530939	       +0.000000	      -29.110893	      -29.110893
              38	              10	      +10.722893	      +10.722893	      +19.246947	       +1.898447	      -35.299424	       +0.000000	      -35.299424	       +0.000000	      -49.453454	      -49.453454
              38	              11	      +10.722893	      +10.722893	      +19.246947	       +1.898447	      -35.299424	       +0.000000	      -35.299424	       +0.000000	      -49.453454	      -49.453454
              38	              12	      +12.017668	      +12.017668	      +19.532509	       +3.259826	      -40.066786	       +0.000000	      -40.066786	       +0.000000	      -57.341239	      -57.341239
              38	              13	      +12.017668	      +12.017668	      +19.532509	       +3.259826	      -40.066786	       +0.000000	      -40.066786	       +0.000000	      -57.341239	      -57.341239
              38	              14	      +12.190626	      +12.190626	      +20.186023	       +2.464483	      -30.083221	       +0.000000	      -30.083221	       +0.000000	      -37.515937	      -37.515937
              38	              15	      +12.190626	      +12.190626	      +20.186023	       +2.464483	      -30.083221	       +0.000000	      -30.083221	       +0.000000	      -37.515937	      -37.515937
              38	              16	      +16.490593	      +16.490593	      +24.768869	       +2.392976	      -32.273179	       +0.000000	      -32.273179	       +0.000000	      -37.384512	      -37.384512
              38	              17	      +16.490594	      +16.490594	      +24.768869	       +2.392976	      -32.273179	       +0.000000	      -32.273179	       +0.000000	      -37.384512	      -37.384512
              38	              18	      +16.831650	      +16.831650	      +24.714143	       +2.570849	      -41.366385	       +0.000000	      -41.366385	       +0.000000	      -55.447777	      -55.447777
              38	              19	      +16.831650	      +16.831650	      +24.714143	       +2.570849	      -41.366385	       +0.000000	      -41.366385	       +0.000000	      -55.447777	      -55.447777
              38	              20	      +18.448777	      +18.448777	      +26.127341	       +2.969845	      -40.934919	       +0.000000	      -40.934919	       +0.000000	      -52.772652	      -52.772652
              38	              21	      +18.448777	      +18.448777	      +26.127341	       +2.969845	      -40.934919	       +0.000000	      -40.934919	       +0.000000	      -52.772652	      -52.772652
              38	              22	      +18.994914	      +18.994914	      +26.926293	       +2.751252	      -47.989584	       +0.000000	      -47.989584	       +0.000000	      -66.301622	      -66.301622
              38	              23	      +18.994914	      +18.994914	      +26.926293	       +2.751252	      -47.989584	       +0.000000	      -47.989584	       +0.000000	      -66.301622	      -66.301622
              38	              24	      +19.316776	      +19.316776	      +28.331760	       +1.585728	      -34.267712	       +0.000000	      -34.267712	       +0.000000	      -38.617935	      -38.617935
              38	              25	      +19.316776	      +19.316776	      +28.331760	       +1.585728	      -34.267712	       +0.000000	      -34.267712	       +0.000000	      -38.617935	      -38.617935
              38	              26	      +23.142792	      +23.142792	      +31.864269	       +2.168767	      -38.877894	       +0.000000	      -38.877894	       +0.000000	      -43.722751	      -43.722751
              38	              27	      +23.142792	      +23.142792	      +31.864269	       +2.168767	      -38.877894	       +0.000000	      -38.877894	       +0.000000	      -43.722751	      -43.722751
              38	              28	      +24.020018	      +24.020018	      +32.282713	       +2.056721	      -23.448221	       +0.000000	      -23.448221	       +0.000000	      -12.557007	      -12.557007
              38	              29	      +24.020018	      +24.020018	      +32.282713	       +2.056721	      -23.448221	       +0.000000	      -23.448221	       +0.000000	      -12.557007	      -12.557007
              38	              30	      +24.916874	      +24.916874	      +32.199679	       +3.597555	      -51.467933	       +0.000000	      -51.467933	       +0.000000	      -67.138633	      -67.138633
              38	              31	      +24.916874	      +24.916874	      +32.199679	       +3.597555	      -51.467933	       +0.000000	      -51.467933	       +0.000000	      -67.138633	      -67.138633
              38	              32	      +25.658279	      +25.658279	      +34.480923	       +1.435577	      -35.615232	       +0.000000	      -35.615232	       +0.000000	      -35.313964	      -35.313964
              38	              33	      +25.658279	      +25.658279	      +34.480923	       +1.435577	      -35.615232	       +0.000000	      -35.615232	       +0.000000	      -35.313964	      -35.313964
              38	              34	      +25.894803	      +25.894803	      +34.572158	       +1.762209	      -27.869755	       +0.000000	      -27.869755	       +0.000000	      -19.405143	      -19.405143
              38	              35	      +25.894803	      +25.894803	      +34.572158	       +1.762209	      -27.869755	       +0.000000	      -27.869755	       +0.000000	      -19.405143	      -19.405143
              38	              36	      +26.228227	      +26.228227	      +35.046556	       +1.589581	      -34.431509	       +0.000000	      -34.431509	       +0.000000	      -32.226882	      -32.226882
              38	              37	      +26.228227	      +26.228227	      +35.046556	       +1.589581	      -34.431509	       +0.000000	      -34.431509	       +0.000000	      -32.226882	      -32.226882
              38	              38	      +29.216331	      +29.216331	      +38.284645	       +0.368617	      -38.042630	       +0.000000	      -38.042630	       +0.000000	      -37.431997	      -37.431997
              38	              39	      +29.216331	      +29.216331	      +38.284645	       +0.368617	      -38.042630	       +0.000000	      -38.042630	       +0.000000	      -37.431997	      -37.431997
              38	              40	      +30.034572	      +30.034572	      +37.802689	       +3.327099	      -43.552522	       +0.000000	      -43.552522	       +0.000000	      -45.975255	      -45.975255
              38	              41	      +30.034572	      +30.034572	      +37.802689	       +3.327099	      -43.552522	       +0.000000	      -43.552522	       +0.000000	      -45.975255	      -45.975255
              38	              42	      +31.480037	      +31.480037	      +40.463824	       +1.345954	      -36.120752	       +0.000000	      -36.120752	       +0.000000	      -30.431726	      -30.431726
              38	              43	      +31.480037	      +31.480037	      +40.463824	       +1.345954	      -36.120752	       +0.000000	      -36.120752	       +0.000000	      -30.431726	      -30.431726
              38	              44	      +31.875144	      +31.875144	      +41.154044	       -0.099842	      -36.335419	       +0.000000	      -36.335419	       +0.000000	      -31.616635	      -31.616635
              38	              45	      +31.875144	      +31.875144	      +41.154044	       -0.099842	      -36.335419	       +0.000000	      -36.335419	       +0.000000	      -31.616635	      -31.616635
              38	              46	      +34.110067	      +34.110067	      +44.019365	       -0.598470	      -18.494789	       +0.000000	      -18.494789	       +0.000000	       +6.431316	       +6.431316
              38	              47	      +34.110067	      +34.110067	      +44.019365	       -0.598470	      -18.494789	       +0.000000	      -18.494789	       +0.000000	       +6.431316	       +6.431316
              38	              48	      +35.433254	      +35.433254	      +43.671075	       +1.026688	      -41.454085	       +0.000000	      -41.454085	       +0.000000	      -38.210408	      -38.210408
              38	              49	      +35.433254	      +35.433254	      +43.671075	       +1.026688	      -41.454085	       +0.000000	      -41.454085	       +0.000000	      -38.210408	      -38.210408
              38	              50	      +35.605396	      +35.605396	      +44.511918	       +1.541717	      -42.589295	       +0.000000	      -42.589295	       +0.000000	      -39.124954	      -39.124954
              38	              51	      +35.605396	      +35.605396	      +44.511918	       +1.541717	      -42.589295	       +0.000000	      -42.589295	       +0.000000	      -39.124954	      -39.124954
              38	              52	      +35.696503	      +35.696503	      +44.197551	       +0.002259	      -39.362163	       +0.000000	      -39.362163	       +0.000000	      -34.524516	      -34.524516
              38	              53	      +35.696503	      +35.696503	      +44.197551	       +0.002259	      -39.362163	       +0.000000	      -39.362163	       +0.000000	      -34.524516	      -34.524516
              38	              54	      +37.475892	      +37.475892	      +46.754949	       +0.080845	      -36.560994	       +0.000000	      -36.560994	       +0.000000	      -26.286194	      -26.286194
              38	              55	      +37.475892	      +37.475892	      +46.754949	       +0.080845	      -36.560994	       +0.000000	      -36.560994	       +0.000000	      -26.286194	      -26.286194

k-point 39:
              39	               0	       -1.387966	       -1.387966	       +5.451559	       +4.181632	      -52.162795	       -2.590893	      -52.162795	       +0.000000	      -94.692398	      -94.692398
              39	               1	       -1.387964	       -1.387964	       +5.451559	       +4.181632	      -52.162795	       -2.590893	      -52.162795	       +0.000000	      -94.692398	      -94.692398
              39	               2	       -1.382360	       -1.382360	       +5.457435	       +4.181429	      -52.153796	       -2.590893	      -52.153796	       +0.000000	      -94.668728	      -94.668728
              39	               3	       -1.382358	       -1.382358	       +5.457436	       +4.181429	      -52.153796	       -2.590893	      -52.153796	       +0.000000	      -94.668728	      -94.668728
              39	               4	       +2.402472	       +2.402472	      +10.514024	       +2.420251	      -41.509540	       -2.590893	      -41.509540	       +0.000000	      -70.084805	      -70.084805
              39	               5	       +2.402472	       +2.402472	      +10.514024	       +2.420251	      -41.509540	       -2.590893	      -41.509540	       +0.000000	      -70.084805	      -70.084805
              39	               6	       +2.415304	       +2.415304	      +10.530685	       +2.415185	      -41.463999	       -2.590893	      -41.463999	       +0.000000	      -69.982129	      -69.982129
              39	               7	       +2.415304	       +2.415304	      +10.530685	       +2.415185	      -41.463999	       -2.590893	      -41.463999	       +0.000000	      -69.982129	      -69.982129
              39	               8	      +10.549128	      +10.549128	      +19.103393	       +1.929139	      -37.129441	       +0.000000	      -37.129441	       +0.000000	      -53.226349	      -53.226349
              39	               9	      +10.549128	      +10.549128	      +19.103393	       +1.929139	      -37.129441	       +0.000000	      -37.129441	       +0.000000	      -53.226350	      -53.226350
              39	              10	      +10.549303	      +10.549303	      +19.104039	       +1.928580	      -37.133006	       +0.000000	      -37.133006	       +0.000000	      -53.233393	      -53.233393
              39	              11	      +10.549303	      +10.549303	      +19.104039	       +1.928580	      -37.133006	       +0.000000	      -37.133006	       +0.000000	      -53.233394	      -53.233394
              39	              12	      +11.257997	      +11.257997	      +19.293954	       +2.405461	      -29.554945	       +0.000000	      -29.554945	       +0.000000	      -37.410474	      -37.410474
              39	              13	      +11.257998	      +11.257998	      +19.293955	       +2.405461	      -29.554945	       +0.000000	      -29.554945	       +0.000000	      -37.410473	      -37.410473
              39	              14	      +11.274461	      +11.274461	      +19.317941	       +2.394901	      -29.508336	       +0.000000	      -29.508336	       +0.000000	      -37.303830	      -37.303830
              39	              15	      +11.274462	      +11.274462	      +19.317942	       +2.394901	      -29.508336	       +0.000000	      -29.508336	       +0.000000	      -37.303829	      -37.303829
              39	              16	      +16.859270	      +16.859270	      +24.144342	       +3.580875	      -44.690642	       +0.000000	      -44.690642	       +0.000000	      -61.656068	      -61.656068
              39	              17	      +16.859271	      +16.859271	      +24.144343	       +3.580875	      -44.690642	       +0.000000	      -44.690642	       +0.000000	      -61.656067	      -61.656067
              39	              18	      +16.876285	      +16.876285	      +24.158849	       +3.585157	      -44.709758	       +0.000000	      -44.709758	       +0.000000	      -61.675510	      -61.675510
              39	              19	      +16.876286	      +16.876286	      +24.158850	       +3.585157	      -44.709758	       +0.000000	      -44.709758	       +0.000000	      -61.675509	      -61.675509
              39	              20	      +19.315119	      +19.315119	      +26.957638	       +3.018672	      -40.722492	       +0.000000	      -40.722492	       +0.000000	      -51.468673	      -51.468673
              39	              21	      +19.315119	      +19.315119	      +26.957639	       +3.018672	      -40.722492	       +0.000000	      -40.722492	       +0.000000	      -51.468672	      -51.468672
              39	              22	      +19.334960	      +19.334960	      +26.973213	       +3.026950	      -40.680502	       +0.000000	      -40.680502	       +0.000000	      -51.360841	      -51.360841
              39	              23	      +19.334960	      +19.334960	      +26.973213	       +3.026950	      -40.680502	       +0.000000	      -40.680502	       +0.000000	      -51.360841	      -51.360841
              39	              24	      +22.738903	      +22.738903	      +32.319213	       +1.240144	      -25.668605	       +0.000000	      -25.668605	       +0.000000	      -17.777853	      -17.777853
              39	              25	      +22.738903	      +22.738903	      +32.319213	       +1.240144	      -25.668605	       +0.000000	      -25.668605	       +0.000000	      -17.777853	      -17.777853
              39	              26	      +22.745080	      +22.745080	      +32.328948	       +1.235944	      -25.613526	       +0.000000	      -25.613526	       +0.000000	      -17.662159	      -17.662159
              39	              27	      +22.745080	      +22.745080	      +32.328948	       +1.235944	      -25.613526	       +0.000000	      -25.613526	       +0.000000	      -17.662159	      -17.662159
              39	              28	      +24.868442	      +24.868442	      +35.013010	       -0.801378	      -22.630685	       +0.000000	      -22.630685	       +0.000000	      -11.049737	      -11.049737
              39	              29	      +24.868443	      +24.868443	      +35.013010	       -0.801378	      -22.630685	       +0.000000	      -22.630685	       +0.000000	      -11.049737	      -11.049737
              39	              30	      +24.873409	      +24.873409	      +35.021790	       -0.804544	      -22.509828	       +0.000000	      -22.509828	       +0.000000	      -10.802409	      -10.802409
              39	              31	      +24.873410	      +24.873410	      +35.021790	       -0.804544	      -22.509828	       +0.000000	      -22.509828	       +0.000000	      -10.802409	      -10.802409
              39	              32	      +25.197867	      +25.197867	      +32.189338	       +3.955874	      -45.214663	       +0.000000	      -45.214663	       +0.000000	      -54.284114	      -54.284114
              39	              33	      +25.197868	      +25.197868	      +32.189339	       +3.955874	      -45.214663	       +0.000000	      -45.214663	       +0.000000	      -54.284113	      -54.284113
              39	              34	      +25.216670	      +25.216670	      +32.207469	       +3.962860	      -45.248203	       +0.000000	      -45.248203	       +0.000000	      -54.326077	      -54.326077
              39	              35	      +25.216670	      +25.216670	      +32.207470	       +3.962860	      -45.248203	       +0.000000	      -45.248203	       +0.000000	      -54.326077	      -54.326077
              39	              36	      +26.131259	      +26.131259	      +32.996678	       +4.205423	      -61.446241	       +0.000000	      -61.446241	       +0.000000	      -85.690381	      -85.690381
              39	              37	      +26.131260	      +26.131260	      +32.996678	       +4.205423	      -61.446241	       +0.000000	      -61.446241	       +0.000000	      -85.690380	      -85.690380
              39	              38	      +26.135330	      +26.135330	      +32.996658	       +4.211976	      -61.579711	       +0.000000	      -61.579711	       +0.000000	      -85.950787	      -85.950787
              39	              39	      +26.135331	      +26.135331	      +32.996658	       +4.211976	      -61.579711	       +0.000000	      -61.579711	       +0.000000	      -85.950787	      -85.950787
              39	              40	      +29.979956	      +29.979956	      +38.962893	       +1.439050	      -27.715312	       +0.000000	      -27.715312	       +0.000000	      -15.028681	      -15.028681
              39	              41	      +29.979957	      +29.979957	      +38.962893	       +1.439050	      -27.715312	       +0.000000	      -27.715312	       +0.000000	      -15.028680	      -15.028680
              39	              42	      +29.980931	      +29.980931	      +38.964431	       +1.441016	      -27.690372	       +0.000000	      -27.690372	       +0.000000	      -14.975298	      -14.975298
              39	              43	      +29.980931	      +29.980931	      +38.964431	       +1.441016	      -27.690372	       +0.000000	      -27.690372	       +0.000000	      -14.975297	      -14.975297
              39	              44	      +33.774408	      +33.774408	      +43.598737	       -0.759182	      -23.692619	       +0.000000	      -23.692619	       +0.000000	       -4.545682	       -4.545682
              39	              45	      +33.774409	      +33.774409	      +43.598737	       -0.759182	      -23.692619	       +0.000000	      -23.692619	       +0.000000	       -4.545682	       -4.545682
              39	              46	      +33.774437	      +33.774437	      +43.598683	       -0.759307	      -23.692261	       +0.000000	      -23.692261	       +0.000000	       -4.545146	       -4.545146
              39	              47	      +33.774437	      +33.774437	      +43.598683	       -0.759307	      -23.692261	       +0.000000	      -23.692261	       +0.000000	       -4.545146	       -4.545146
              39	              48	      +33.953377	      +33.953377	      +43.605522	       -0.388135	      -26.515048	       +0.000000	      -26.515048	       +0.000000	       -9.812708	       -9.812708
              39	              49	      +33.953378	      +33.953378	      +43.605522	       -0.388135	      -26.515048	       +0.000000	      -26.515048	       +0.000000	       -9.812708	       -9.812708
              39	              50	      +33.956093	      +33.956093	      +43.608125	       -0.390224	      -26.484549	       +0.000000	      -26.484549	       +0.000000	       -9.751198	       -9.751198
              39	              51	      +33.956093	      +33.956093	      +43.608125	       -0.390224	      -26.484549	       +0.000000	      -26.484549	       +0.000000	       -9.751198	       -9.751198
              39	              52	      +35.765739	      +35.765739	      +45.243966	       -1.493264	      -31.876698	       +0.000000	      -31.876698	       +0.000000	      -20.002693	      -20.002693
              39	              53	      +35.765740	      +35.765740	      +45.243966	       -1.493264	      -31.876698	       +0.000000	      -31.876698	       +0.000000	      -20.002692	      -20.002692
              39	              54	      +35.768305	      +35.768305	      +45.245670	       -1.490835	      -31.922745	       +0.000000	      -31.922745	       +0.000000	      -20.090655	      -20.090655
              39	              55	      +35.768306	      +35.768306	      +45.245670	       -1.490835	      -31.922745	       +0.000000	      -31.922745	       +0.000000	      -20.090655	      -20.090655

k-point 40:
              40	               0	       -1.550060	       -1.550060	       +5.444998	       +3.967824	      -50.394308	       -2.590893	      -50.394308	       +0.000000	      -91.375794	      -91.375794
              40	               1	       -1.550060	       -1.550060	       +5.444998	       +3.967824	      -50.394308	       -2.590893	      -50.394308	       +0.000000	      -91.375794	      -91.375794
              40	               2	       -1.550058	       -1.550058	       +5.444998	       +3.967824	      -50.394308	       -2.590893	      -50.394308	       +0.000000	      -91.375794	      -91.375794
              40	               3	       -1.550058	       -1.550058	       +5.444998	       +3.967824	      -50.394308	       -2.590893	      -50.394308	       +0.000000	      -91.375794	      -91.375794
              40	               4	       +3.412382	       +3.412382	      +10.769151	       +3.454767	      -49.405492	       -2.590893	      -49.405492	       +0.000000	      -84.587066	      -84.587066
              40	               5	       +3.412382	       +3.412382	      +10.769151	       +3.454767	      -49.405492	       -2.590893	      -49.405492	       +0.000000	      -84.587066	      -84.587066
              40	               6	       +3.412382	       +3.412382	      +10.769151	       +3.454767	      -49.405492	       -2.590893	      -49.405492	       +0.000000	      -84.587066	      -84.587066
              40	               7	       +3.412382	       +3.412382	      +10.769151	       +3.454767	      -49.405492	       -2.590893	      -49.405492	       +0.000000	      -84.587066	      -84.587066
              40	               8	       +6.973642	       +6.973642	      +16.284163	       +0.788306	      -23.615188	       +0.000000	      -23.615188	       +0.000000	      -30.157906	      -30.157906
              40	               9	       +6.973642	       +6.973642	      +16.284163	       +0.788306	      -23.615188	       +0.000000	      -23.615188	       +0.000000	      -30.157906	      -30.157906
              40	              10	       +6.973643	       +6.973643	      +16.284163	       +0.788306	      -23.615188	       +0.000000	      -23.615188	       +0.000000	      -30.157906	      -30.157906
              40	              11	       +6.973643	       +6.973643	      +16.284163	       +0.788306	      -23.615188	       +0.000000	      -23.615188	       +0.000000	      -30.157906	      -30.157906
              40	              12	      +16.370511	      +16.370511	      +23.754978	       +3.483580	      -26.134711	       +0.000000	      -26.134711	       +0.000000	      -25.030864	      -25.030864
              40	              13	      +16.370511	      +16.370511	      +23.754978	       +3.483580	      -26.134711	       +0.000000	      -26.134711	       +0.000000	      -25.030864	      -25.030864
              40	              14	      +16.370511	      +16.370511	      +23.754978	       +3.483580	      -26.134711	       +0.000000	      -26.134711	       +0.000000	      -25.030864	      -25.030864
              40	              15	      +16.370511	      +16.370511	      +23.754978	       +3.483580	      -26.134711	       +0.000000	      -26.134711	       +0.000000	      -25.030864	      -25.030864
              40	              16	      +17.284778	      +17.284778	      +24.610497	       +3.361860	      -60.809591	       +0.000000	      -60.809591	       +0.000000	      -93.646826	      -93.646826
              40	              17	      +17.284778	      +17.284778	      +24.610497	       +3.361860	      -60.809591	       +0.000000	      -60.809591	       +0.000000	      -93.646826	      -93.646826
              40	              18	      +17.284778	      +17.284778	      +24.610497	       +3.361860	      -60.809591	       +0.000000	      -60.809591	       +0.000000	      -93.646826	      -93.646826
              40	              19	      +17.284778	      +17.284778	      +24.610497	       +3.361860	      -60.809591	       +0.000000	      -60.809591	       +0.000000	      -93.646826	      -93.646826
              40	              20	      +18.816603	      +18.816603	      +26.787697	       +2.370156	      -35.217734	       +0.000000	      -35.217734	       +0.000000	      -41.277615	      -41.277615
              40	              21	      +18.816603	      +18.816603	      +26.787697	       +2.370156	      -35.217734	       +0.000000	      -35.217734	       +0.000000	      -41.277615	      -41.277615
              40	              22	      +18.816605	      +18.816605	      +26.787697	       +2.370156	      -35.217734	       +0.000000	      -35.217734	       +0.000000	      -41.277614	      -41.277614
              40	              23	      +18.816605	      +18.816605	      +26.787697	       +2.370156	      -35.217734	       +0.000000	      -35.217734	       +0.000000	      -41.277614	      -41.277614
              40	              24	      +19.332172	      +19.332172	      +26.859239	       +3.743794	      -47.491382	       +0.000000	      -47.491382	       +0.000000	      -64.379732	      -64.379732
              40	              25	      +19.332172	      +19.332172	      +26.859239	       +3.743794	      -47.491382	       +0.000000	      -47.491382	       +0.000000	      -64.379732	      -64.379732
              40	              26	      +19.332174	      +19.332174	      +26.859238	       +3.743794	      -47.491382	       +0.000000	      -47.491382	       +0.000000	      -64.379732	      -64.379732
              40	              27	      +19.332174	      +19.332174	      +26.859238	       +3.743794	      -47.491382	       +0.000000	      -47.491382	       +0.000000	      -64.379732	      -64.379732
              40	              28	      +25.151117	      +25.151117	      +34.257090	       +1.998892	      -27.837474	       +0.000000	      -27.837474	       +0.000000	      -19.418966	      -19.418966
              40	              29	      +25.151117	      +25.151117	      +34.257090	       +1.998892	      -27.837474	       +0.000000	      -27.837474	       +0.000000	      -19.418966	      -19.418966
              40	              30	      +25.151119	      +25.151119	      +34.257091	       +1.998892	      -27.837474	       +0.000000	      -27.837474	       +0.000000	      -19.418966	      -19.418966
              40	              31	      +25.151119	      +25.151119	      +34.257091	       +1.998892	      -27.837474	       +0.000000	      -27.837474	       +0.000000	      -19.418966	      -19.418966
              40	              32	      +26.013425	      +26.013425	      +36.289926	       -0.068637	      -10.666434	       +0.000000	      -10.666434	       +0.000000	      +14.888420	      +14.888420
              40	              33	      +26.013425	      +26.013425	      +36.289926	       -0.068637	      -10.666434	       +0.000000	      -10.666434	       +0.000000	      +14.888420	      +14.888420
              40	              34	      +26.013425	      +26.013425	      +36.289926	       -0.068637	      -10.666434	       +0.000000	      -10.666434	       +0.000000	      +14.888420	      +14.888420
              40	              35	      +26.013425	      +26.013425	      +36.289926	       -0.068637	      -10.666434	       +0.000000	      -10.666434	       +0.000000	      +14.888420	      +14.888420
              40	              36	      +26.507143	      +26.507143	      +35.640236	       +0.554533	      -33.015095	       +0.000000	      -33.015095	       +0.000000	      -29.835419	      -29.835419
              40	              37	      +26.507143	      +26.507143	      +35.640236	       +0.554533	      -33.015095	       +0.000000	      -33.015095	       +0.000000	      -29.835419	      -29.835419
              40	              38	      +26.507143	      +26.507143	      +35.640236	       +0.554533	      -33.015095	       +0.000000	      -33.015095	       +0.000000	      -29.835419	      -29.835419
              40	              39	      +26.507143	      +26.507143	      +35.640236	       +0.554533	      -33.015095	       +0.000000	      -33.015095	       +0.000000	      -29.835419	      -29.835419
              40	              40	      +27.810033	      +27.810033	      +37.578696	       -1.453983	      -28.113304	       +0.000000	      -28.113304	       +0.000000	      -20.101895	      -20.101895
              40	              41	      +27.810033	      +27.810033	      +37.578696	       -1.453983	      -28.113304	       +0.000000	      -28.113304	       +0.000000	      -20.101895	      -20.101895
              40	              42	      +27.810033	      +27.810033	      +37.578695	       -1.453983	      -28.113304	       +0.000000	      -28.113304	       +0.000000	      -20.101896	      -20.101896
              40	              43	      +27.810033	      +27.810033	      +37.578695	       -1.453983	      -28.113304	       +0.000000	      -28.113304	       +0.000000	      -20.101896	      -20.101896
              40	              44	      +31.745129	      +31.745129	      +38.751343	       +4.618030	      -55.101956	       +0.000000	      -55.101956	       +0.000000	      -66.834538	      -66.834538
              40	              45	      +31.745129	      +31.745129	      +38.751343	       +4.618030	      -55.101956	       +0.000000	      -55.101956	       +0.000000	      -66.834538	      -66.834538
              40	              46	      +31.745130	      +31.745130	      +38.751343	       +4.618030	      -55.101956	       +0.000000	      -55.101956	       +0.000000	      -66.834538	      -66.834538
              40	              47	      +31.745130	      +31.745130	      +38.751343	       +4.618030	      -55.101956	       +0.000000	      -55.101956	       +0.000000	      -66.834538	      -66.834538
              40	              48	      +35.791043	      +35.791043	      +43.005102	       +2.338310	      -67.549971	       +0.000000	      -67.549971	       +0.000000	      -89.756530	      -89.756530
              40	              49	      +35.791043	      +35.791043	      +43.005102	       +2.338310	      -67.549971	       +0.000000	      -67.549971	       +0.000000	      -89.756530	      -89.756530
              40	              50	      +35.791043	      +35.791043	      +43.005102	       +2.338310	      -67.549971	       +0.000000	      -67.549971	       +0.000000	      -89.756530	      -89.756530
              40	              51	      +35.791043	      +35.791043	      +43.005102	       +2.338310	      -67.549971	       +0.000000	      -67.549971	       +0.000000	      -89.756530	      -89.756530
              40	              52	      +40.523035	      +40.523035	      +50.030254	       -0.803049	      -18.794401	       +0.000000	      -18.794401	       +0.000000	      +11.638404	      +11.638404
              40	              53	      +40.523035	      +40.523035	      +50.030254	       -0.803049	      -18.794401	       +0.000000	      -18.794401	       +0.000000	      +11.638404	      +11.638404
              40	              54	      +40.523035	      +40.523035	      +50.030254	       -0.803049	      -18.794401	       +0.000000	      -18.794401	       +0.000000	      +11.638404	      +11.638404
              40	              55	      +40.523035	      +40.523035	      +50.030254	       -0.803049	      -18.794401	       +0.000000	      -18.794401	       +0.000000	      +11.638404	      +11.638404

k-point 41:
              41	               0	       -2.977123	       -2.977123	       +4.097956	       +3.851723	      -46.973931	       -2.590893	      -46.973931	       +0.000000	      -85.998182	      -85.998182
              41	               1	       -2.977123	       -2.977123	       +4.097956	       +3.851723	      -46.973931	       -2.590893	      -46.973931	       +0.000000	      -85.998182	      -85.998182
              41	               2	       -0.116049	       -0.116049	       +6.990858	       +3.818286	      -54.752853	       -2.590893	      -54.752853	       +0.000000	      -98.696561	      -98.696561
              41	               3	       -0.116049	       -0.116049	       +6.990858	       +3.818286	      -54.752853	       -2.590893	      -54.752853	       +0.000000	      -98.696561	      -98.696561
              41	               4	       +2.729549	       +2.729549	      +10.536197	       +2.845582	      -43.380028	       -2.590893	      -43.380028	       +0.000000	      -73.378277	      -73.378277
              41	               5	       +2.729549	       +2.729549	      +10.536197	       +2.845582	      -43.380028	       -2.590893	      -43.380028	       +0.000000	      -73.378277	      -73.378277
              41	               6	       +4.062047	       +4.062047	      +11.255773	       +3.701386	      -50.831753	       -2.590893	      -50.831753	       +0.000000	      -86.706347	      -86.706347
              41	               7	       +4.062047	       +4.062047	      +11.255773	       +3.701386	      -50.831753	       -2.590893	      -50.831753	       +0.000000	      -86.706347	      -86.706347
              41	               8	       +7.784322	       +7.784322	      +16.814371	       +1.142868	      -23.654462	       +0.000000	      -23.654462	       +0.000000	      -29.351684	      -29.351684
              41	               9	       +7.784322	       +7.784322	      +16.814371	       +1.142868	      -23.654462	       +0.000000	      -23.654462	       +0.000000	      -29.351684	      -29.351684
              41	              10	      +10.722893	      +10.722893	      +19.247189	       +1.898868	      -35.342455	       +0.000000	      -35.342455	       +0.000000	      -49.538853	      -49.538853
              41	              11	      +10.722893	      +10.722893	      +19.247189	       +1.898868	      -35.342455	       +0.000000	      -35.342455	       +0.000000	      -49.538853	      -49.538853
              41	              12	      +12.017668	      +12.017668	      +19.532669	       +3.253164	      -39.835876	       +0.000000	      -39.835876	       +0.000000	      -56.885918	      -56.885918
              41	              13	      +12.017668	      +12.017668	      +19.532669	       +3.253164	      -39.835876	       +0.000000	      -39.835876	       +0.000000	      -56.885918	      -56.885918
              41	              14	      +12.190626	      +12.190626	      +20.185856	       +2.464947	      -29.586140	       +0.000000	      -29.586140	       +0.000000	      -36.521477	      -36.521477
              41	              15	      +12.190626	      +12.190626	      +20.185856	       +2.464947	      -29.586140	       +0.000000	      -29.586140	       +0.000000	      -36.521477	      -36.521477
              41	              16	      +16.490593	      +16.490593	      +24.769087	       +2.388616	      -32.212019	       +0.000000	      -32.212019	       +0.000000	      -37.266334	      -37.266334
              41	              17	      +16.490594	      +16.490594	      +24.769087	       +2.388616	      -32.212019	       +0.000000	      -32.212019	       +0.000000	      -37.266334	      -37.266334
              41	              18	      +16.831650	      +16.831650	      +24.714052	       +2.573943	      -41.569532	       +0.000000	      -41.569532	       +0.000000	      -55.851068	      -55.851068
              41	              19	      +16.831650	      +16.831650	      +24.714052	       +2.573943	      -41.569532	       +0.000000	      -41.569532	       +0.000000	      -55.851068	      -55.851068
              41	              20	      +18.448777	      +18.448777	      +26.127599	       +2.974891	      -41.008671	       +0.000000	      -41.008671	       +0.000000	      -52.914853	      -52.914853
              41	              21	      +18.448777	      +18.448777	      +26.127599	       +2.974891	      -41.008671	       +0.000000	      -41.008671	       +0.000000	      -52.914853	      -52.914853
              41	              22	      +18.994914	      +18.994914	      +26.926110	       +2.754333	      -47.767389	       +0.000000	      -47.767389	       +0.000000	      -65.854335	      -65.854335
              41	              23	      +18.994914	      +18.994914	      +26.926110	       +2.754333	      -47.767389	       +0.000000	      -47.767389	       +0.000000	      -65.854335	      -65.854335
              41	              24	      +19.316776	      +19.316776	      +28.331767	       +1.584554	      -33.898844	       +0.000000	      -33.898844	       +0.000000	      -37.881367	      -37.881367
              41	              25	      +19.316776	      +19.316776	      +28.331767	       +1.584554	      -33.898844	       +0.000000	      -33.898844	       +0.000000	      -37.881367	      -37.881367
              41	              26	      +23.142792	      +23.142792	      +31.864389	       +2.167810	      -39.275630	       +0.000000	      -39.275630	       +0.000000	      -44.519062	      -44.519062
              41	              27	      +23.142792	      +23.142792	      +31.864389	       +2.167810	      -39.275630	       +0.000000	      -39.275630	       +0.000000	      -44.519062	      -44.519062
              41	              28	      +24.020018	      +24.020018	      +32.282731	       +2.049330	      -24.033874	       +0.000000	      -24.033874	       +0.000000	      -13.735686	      -13.735686
              41	              29	      +24.020018	      +24.020018	      +32.282731	       +2.049330	      -24.033874	       +0.000000	      -24.033874	       +0.000000	      -13.735686	      -13.735686
              41	              30	      +24.916874	      +24.916874	      +32.200000	       +3.587262	      -51.481956	       +0.000000	      -51.481956	       +0.000000	      -67.176650	      -67.176650
              41	              31	      +24.916874	      +24.916874	      +32.200000	       +3.587262	      -51.481956	       +0.000000	      -51.481956	       +0.000000	      -67.176650	      -67.176650
              41	              32	      +25.658279	      +25.658279	      +34.480708	       +1.442110	      -35.708379	       +0.000000	      -35.708379	       +0.000000	      -35.493940	      -35.493940
              41	              33	      +25.658279	      +25.658279	      +34.480708	       +1.442110	      -35.708379	       +0.000000	      -35.708379	       +0.000000	      -35.493940	      -35.493940
              41	              34	      +25.894803	      +25.894803	      +34.572059	       +1.762628	      -27.614637	       +0.000000	      -27.614637	       +0.000000	      -18.894588	      -18.894588
              41	              35	      +25.894803	      +25.894803	      +34.572059	       +1.762628	      -27.614637	       +0.000000	      -27.614637	       +0.000000	      -18.894588	      -18.894588
              41	              36	      +26.228227	      +26.228227	      +35.046550	       +1.589317	      -34.123954	       +0.000000	      -34.123954	       +0.000000	      -31.612041	      -31.612041
              41	              37	      +26.228227	      +26.228227	      +35.046550	       +1.589317	      -34.123954	       +0.000000	      -34.123954	       +0.000000	      -31.612041	      -31.612041
              41	              38	      +29.216331	      +29.216331	      +38.284654	       +0.370359	      -37.858787	       +0.000000	      -37.858787	       +0.000000	      -37.062562	      -37.062562
              41	              39	      +29.216331	      +29.216331	      +38.284654	       +0.370359	      -37.858787	       +0.000000	      -37.858787	       +0.000000	      -37.062562	      -37.062562
              41	              40	      +30.034572	      +30.034572	      +37.802788	       +3.323305	      -42.880720	       +0.000000	      -42.880720	       +0.000000	      -44.635346	      -44.635346
              41	              41	      +30.034572	      +30.034572	      +37.802788	       +3.323305	      -42.880720	       +0.000000	      -42.880720	       +0.000000	      -44.635346	      -44.635346
              41	              42	      +31.480037	      +31.480037	      +40.463857	       +1.337996	      -36.672785	       +0.000000	      -36.672785	       +0.000000	      -31.543717	      -31.543717
              41	              43	      +31.480037	      +31.480037	      +40.463857	       +1.337996	      -36.672785	       +0.000000	      -36.672785	       +0.000000	      -31.543717	      -31.543717
              41	              44	      +31.875144	      +31.875144	      +41.153979	       -0.093817	      -36.299631	       +0.000000	      -36.299631	       +0.000000	      -31.539100	      -31.539100
              41	              45	      +31.875144	      +31.875144	      +41.153979	       -0.093817	      -36.299631	       +0.000000	      -36.299631	       +0.000000	      -31.539100	      -31.539100
              41	              46	      +34.110067	      +34.110067	      +44.019424	       -0.613175	      -18.451062	       +0.000000	      -18.451062	       +0.000000	       +6.504126	       +6.504126
              41	              47	      +34.110067	      +34.110067	      +44.019424	       -0.613175	      -18.451062	       +0.000000	      -18.451062	       +0.000000	       +6.504126	       +6.504126
              41	              48	      +35.433254	      +35.433254	      +43.671137	       +1.034475	      -41.687309	       +0.000000	      -41.687309	       +0.000000	      -38.669005	      -38.669005
              41	              49	      +35.433254	      +35.433254	      +43.671137	       +1.034475	      -41.687309	       +0.000000	      -41.687309	       +0.000000	      -38.669005	      -38.669005
              41	              50	      +35.605396	      +35.605396	      +44.511974	       +1.558860	      -41.973799	       +0.000000	      -41.973799	       +0.000000	      -37.876764	      -37.876764
              41	              51	      +35.605396	      +35.605396	      +44.511974	       +1.558860	      -41.973799	       +0.000000	      -41.973799	       +0.000000	      -37.876764	      -37.876764
              41	              52	      +35.696503	      +35.696503	      +44.197468	       +0.011159	      -39.665738	       +0.000000	      -39.665738	       +0.000000	      -35.122849	      -35.122849
              41	              53	      +35.696503	      +35.696503	      +44.197468	       +0.011159	      -39.665738	       +0.000000	      -39.665738	       +0.000000	      -35.122849	      -35.122849
              41	              54	      +37.475892	      +37.475892	      +46.754942	       +0.062718	      -35.594742	       +0.000000	      -35.594742	       +0.000000	      -24.371824	      -24.371824
              41	              55	      +37.475892	      +37.475892	      +46.754942	       +0.062718	      -35.594742	       +0.000000	      -35.594742	       +0.000000	      -24.371824	      -24.371824

k-point 42:
              42	               0	       -3.363337	       -3.363337	       +3.633621	       +3.957254	      -45.427204	       -2.590893	      -45.427204	       +0.000000	      -83.263533	      -83.263533
              42	               1	       -3.363337	       -3.363337	       +3.633621	       +3.957254	      -45.427204	       -2.590893	      -45.427204	       +0.000000	      -83.263533	      -83.263533
              42	               2	       -0.707388	       -0.707388	       +7.102609	       +2.843603	      -49.215604	       -2.590893	      -49.215604	       +0.000000	      -88.484996	      -88.484996
              42	               3	       -0.707388	       -0.707388	       +7.102609	       +2.843603	      -49.215604	       -2.590893	      -49.215604	       +0.000000	      -88.484996	      -88.484996
              42	               4	       +5.057478	       +5.057478	      +11.806110	       +4.360773	      -56.348226	       -2.590893	      -56.348226	       +0.000000	      -96.529569	      -96.529569
              42	               5	       +5.057478	       +5.057478	      +11.806110	       +4.360773	      -56.348226	       -2.590893	      -56.348226	       +0.000000	      -96.529569	      -96.529569
              42	               6	       +5.089201	       +5.089201	      +11.840295	       +4.357982	      -56.313987	       -2.590893	      -56.313987	       +0.000000	      -96.429698	      -96.429698
              42	               7	       +5.089201	       +5.089201	      +11.840295	       +4.357982	      -56.313987	       -2.590893	      -56.313987	       +0.000000	      -96.429698	      -96.429698
              42	               8	       +7.805252	       +7.805252	      +15.693240	       +2.732640	      -36.979661	       +0.000000	      -36.979661	       +0.000000	      -55.533441	      -55.533441
              42	               9	       +7.805252	       +7.805252	      +15.693240	       +2.732640	      -36.979661	       +0.000000	      -36.979661	       +0.000000	      -55.533441	      -55.533441
              42	              10	       +9.594435	       +9.594435	      +18.158081	       +1.614861	      -23.433853	       +0.000000	      -23.433853	       +0.000000	      -27.094764	      -27.094764
              42	              11	       +9.594435	       +9.594435	      +18.158081	       +1.614861	      -23.433853	       +0.000000	      -23.433853	       +0.000000	      -27.094764	      -27.094764
              42	              12	       +9.608883	       +9.608883	      +18.178154	       +1.606871	      -23.403103	       +0.000000	      -23.403103	       +0.000000	      -27.021181	      -27.021181
              42	              13	       +9.608883	       +9.608883	      +18.178154	       +1.606871	      -23.403103	       +0.000000	      -23.403103	       +0.000000	      -27.021181	      -27.021181
              42	              14	      +14.000431	      +14.000431	      +24.734065	       -0.823523	       -7.566481	       +0.000000	       -7.566481	       +0.000000	       +8.777579	       +8.777579
              42	              15	      +14.000431	      +14.000431	      +24.734065	       -0.823523	       -7.566481	       +0.000000	       -7.566481	       +0.000000	       +8.777579	       +8.777579
              42	              16	      +16.847036	      +16.847036	      +24.686366	       +2.486739	      -41.102396	       +0.000000	      -41.102396	       +0.000000	      -55.031688	      -55.031688
              42	              17	      +16.847036	      +16.847036	      +24.686366	       +2.486739	      -41.102396	       +0.000000	      -41.102396	       +0.000000	      -55.031688	      -55.031688
              42	              18	      +16.847357	      +16.847357	      +24.686455	       +2.487213	      -41.100719	       +0.000000	      -41.100719	       +0.000000	      -55.027770	      -55.027770
              42	              19	      +16.847357	      +16.847357	      +24.686455	       +2.487213	      -41.100719	       +0.000000	      -41.100719	       +0.000000	      -55.027770	      -55.027770
              42	              20	      +17.601364	      +17.601364	      +25.689936	       +2.682077	      -39.024506	       +0.000000	      -39.024506	       +0.000000	      -49.677000	      -49.677000
              42	              21	      +17.601364	      +17.601364	      +25.689936	       +2.682077	      -39.024506	       +0.000000	      -39.024506	       +0.000000	      -49.677000	      -49.677000
              42	              22	      +17.629254	      +17.629254	      +25.707192	       +2.634404	      -36.259781	       +0.000000	      -36.259781	       +0.000000	      -44.177965	      -44.177965
              42	              23	      +17.629254	      +17.629254	      +25.707192	       +2.634404	      -36.259781	       +0.000000	      -36.259781	       +0.000000	      -44.177965	      -44.177965
              42	              24	      +17.653774	      +17.653774	      +25.791517	       +3.018802	      -55.200882	       +0.000000	      -55.200882	       +0.000000	      -81.591445	      -81.591445
              42	              25	      +17.653774	      +17.653774	      +25.791517	       +3.018802	      -55.200882	       +0.000000	      -55.200882	       +0.000000	      -81.591445	      -81.591445
              42	              26	      +19.282203	      +19.282203	      +26.815466	       +3.288962	      -44.304624	       +0.000000	      -44.304624	       +0.000000	      -58.504821	      -58.504821
              42	              27	      +19.282203	      +19.282203	      +26.815466	       +3.288962	      -44.304624	       +0.000000	      -44.304624	       +0.000000	      -58.504821	      -58.504821
              42	              28	      +25.679276	      +25.679276	      +33.696690	       +3.340531	      -39.766855	       +0.000000	      -39.766855	       +0.000000	      -42.496490	      -42.496490
              42	              29	      +25.679276	      +25.679276	      +33.696690	       +3.340531	      -39.766855	       +0.000000	      -39.766855	       +0.000000	      -42.496490	      -42.496490
              42	              30	      +26.283133	      +26.283133	      +35.172271	       +0.686307	      -53.976326	       +0.000000	      -53.976326	       +0.000000	      -72.094075	      -72.094075
              42	              31	      +26.283133	      +26.283133	      +35.172271	       +0.686307	      -53.976326	       +0.000000	      -53.976326	       +0.000000	      -72.094075	      -72.094075
              42	              32	      +27.933114	      +27.933114	      +37.233666	       +1.110451	      -23.453278	       +0.000000	      -23.453278	       +0.000000	       -8.562438	       -8.562438
              42	              33	      +27.933114	      +27.933114	      +37.233666	       +1.110451	      -23.453278	       +0.000000	      -23.453278	       +0.000000	       -8.562438	       -8.562438
              42	              34	      +27.934439	      +27.934439	      +37.237230	       +1.107924	      -23.424935	       +0.000000	      -23.424935	       +0.000000	       -8.504716	       -8.504716
              42	              35	      +27.934439	      +27.934439	      +37.237230	       +1.107924	      -23.424935	       +0.000000	      -23.424935	       +0.000000	       -8.504716	       -8.504716
              42	              36	      +28.087026	      +28.087026	      +35.955134	       +2.201994	      -24.890435	       +0.000000	      -24.890435	       +0.000000	      -11.623742	      -11.623742
              42	              37	      +28.087026	      +28.087026	      +35.955134	       +2.201994	      -24.890435	       +0.000000	      -24.890435	       +0.000000	      -11.623742	      -11.623742
              42	              38	      +28.094614	      +28.094614	      +35.960992	       +2.206673	      -24.895612	       +0.000000	      -24.895612	       +0.000000	      -11.623560	      -11.623560
              42	              39	      +28.094614	      +28.094614	      +35.960992	       +2.206673	      -24.895612	       +0.000000	      -24.895612	       +0.000000	      -11.623560	      -11.623560
              42	              40	      +32.007308	      +32.007308	      +42.183624	       +1.307994	      -15.414819	       +0.000000	      -15.414819	       +0.000000	      +12.661981	      +12.661981
              42	              41	      +32.007308	      +32.007308	      +42.183624	       +1.307994	      -15.414819	       +0.000000	      -15.414819	       +0.000000	      +12.661981	      +12.661981
              42	              42	      +32.719897	      +32.719897	      +41.046066	       +1.581213	      -55.738675	       +0.000000	      -55.738675	       +0.000000	      -68.850072	      -68.850072
              42	              43	      +32.719897	      +32.719897	      +41.046066	       +1.581213	      -55.738675	       +0.000000	      -55.738675	       +0.000000	      -68.850072	      -68.850072
              42	              44	      +32.720678	      +32.720678	      +41.045227	       +1.584916	      -55.769541	       +0.000000	      -55.769541	       +0.000000	      -68.908939	      -68.908939
              42	              45	      +32.720678	      +32.720678	      +41.045227	       +1.584916	      -55.769541	       +0.000000	      -55.769541	       +0.000000	      -68.908939	      -68.908939
              42	              46	      +33.750627	      +33.750627	      +40.763342	       +3.294780	      -75.021436	       +0.000000	      -75.021436	       +0.000000	     -105.984750	     -105.984750
              42	              47	      +33.750627	      +33.750627	      +40.763342	       +3.294780	      -75.021436	       +0.000000	      -75.021436	       +0.000000	     -105.984750	     -105.984750
              42	              48	      +33.789908	      +33.789908	      +40.793323	       +3.320790	      -75.218072	       +0.000000	      -75.218072	       +0.000000	     -106.322031	     -106.322031
              42	              49	      +33.789908	      +33.789908	      +40.793323	       +3.320790	      -75.218072	       +0.000000	      -75.218072	       +0.000000	     -106.322031	     -106.322031
              42	              50	      +34.628896	      +34.628896	      +45.905549	       -2.768306	      -13.342558	       +0.000000	      -13.342558	       +0.000000	      +16.452126	      +16.452126
              42	              51	      +34.628896	      +34.628896	      +45.905549	       -2.768306	      -13.342558	       +0.000000	      -13.342558	       +0.000000	      +16.452126	      +16.452126
              42	              52	      +37.451043	      +37.451043	      +44.953050	       +2.072934	      -24.099284	       +0.000000	      -24.099284	       +0.000000	       -1.172585	       -1.172585
              42	              53	      +37.451043	      +37.451043	      +44.953050	       +2.072934	      -24.099284	       +0.000000	      -24.099284	       +0.000000	       -1.172585	       -1.172585
              42	              54	      +38.629060	      +38.629060	      +48.127166	       -1.836249	      -19.094251	       +0.000000	      -19.094251	       +0.000000	       +8.102416	       +8.102416
              42	              55	      +38.629060	      +38.629060	      +48.127166	       -1.836249	      -19.094251	       +0.000000	      -19.094251	       +0.000000	       +8.102416	       +8.102416

k-point 43:
              43	               0	       -2.977123	       -2.977123	       +4.097955	       +3.851723	      -47.556299	       -2.590893	      -47.556299	       +0.000000	      -87.162920	      -87.162920
              43	               1	       -2.977123	       -2.977123	       +4.097955	       +3.851723	      -47.556299	       -2.590893	      -47.556299	       +0.000000	      -87.162920	      -87.162920
              43	               2	       -0.116049	       -0.116049	       +6.990844	       +3.818286	      -54.142656	       -2.590893	      -54.142656	       +0.000000	      -97.476182	      -97.476182
              43	               3	       -0.116049	       -0.116049	       +6.990844	       +3.818286	      -54.142656	       -2.590893	      -54.142656	       +0.000000	      -97.476182	      -97.476182
              43	               4	       +2.729549	       +2.729549	      +10.536187	       +2.845582	      -42.072309	       -2.590893	      -42.072309	       +0.000000	      -70.762849	      -70.762849
              43	               5	       +2.729549	       +2.729549	      +10.536187	       +2.845582	      -42.072309	       -2.590893	      -42.072309	       +0.000000	      -70.762849	      -70.762849
              43	               6	       +4.062047	       +4.062047	      +11.255711	       +3.701386	      -50.643774	       -2.590893	      -50.643774	       +0.000000	      -86.330451	      -86.330451
              43	               7	       +4.062047	       +4.062047	      +11.255711	       +3.701386	      -50.643774	       -2.590893	      -50.643774	       +0.000000	      -86.330451	      -86.330451
              43	               8	       +7.784322	       +7.784322	      +16.814379	       +1.142868	      -23.332928	       +0.000000	      -23.332928	       +0.000000	      -28.708610	      -28.708610
              43	               9	       +7.784322	       +7.784322	      +16.814379	       +1.142868	      -23.332928	       +0.000000	      -23.332928	       +0.000000	      -28.708610	      -28.708610
              43	              10	      +10.722893	      +10.722893	      +19.247078	       +1.898868	      -35.838215	       +0.000000	      -35.838215	       +0.000000	      -50.530485	      -50.530485
              43	              11	      +10.722893	      +10.722893	      +19.247078	       +1.898868	      -35.838215	       +0.000000	      -35.838215	       +0.000000	      -50.530485	      -50.530485
              43	              12	      +12.017668	      +12.017668	      +19.532699	       +3.253164	      -39.241393	       +0.000000	      -39.241393	       +0.000000	      -55.696922	      -55.696922
              43	              13	      +12.017668	      +12.017668	      +19.532699	       +3.253164	      -39.241393	       +0.000000	      -39.241393	       +0.000000	      -55.696922	      -55.696922
              43	              14	      +12.190626	      +12.190626	      +20.185871	       +2.464947	      -31.033246	       +0.000000	      -31.033246	       +0.000000	      -39.415674	      -39.415674
              43	              15	      +12.190626	      +12.190626	      +20.185871	       +2.464947	      -31.033246	       +0.000000	      -31.033246	       +0.000000	      -39.415674	      -39.415674
              43	              16	      +16.490593	      +16.490593	      +24.769186	       +2.388616	      -32.285224	       +0.000000	      -32.285224	       +0.000000	      -37.412646	      -37.412646
              43	              17	      +16.490594	      +16.490594	      +24.769186	       +2.388616	      -32.285224	       +0.000000	      -32.285224	       +0.000000	      -37.412646	      -37.412646
              43	              18	      +16.831650	      +16.831650	      +24.713979	       +2.573943	      -39.605404	       +0.000000	      -39.605404	       +0.000000	      -51.922886	      -51.922886
              43	              19	      +16.831650	      +16.831650	      +24.713979	       +2.573943	      -39.605404	       +0.000000	      -39.605404	       +0.000000	      -51.922886	      -51.922886
              43	              20	      +18.448777	      +18.448777	      +26.127678	       +2.974891	      -41.643765	       +0.000000	      -41.643765	       +0.000000	      -54.184962	      -54.184962
              43	              21	      +18.448777	      +18.448777	      +26.127678	       +2.974891	      -41.643765	       +0.000000	      -41.643765	       +0.000000	      -54.184962	      -54.184962
              43	              22	      +18.994914	      +18.994914	      +26.926007	       +2.754333	      -47.746127	       +0.000000	      -47.746127	       +0.000000	      -65.811915	      -65.811915
              43	              23	      +18.994914	      +18.994914	      +26.926007	       +2.754333	      -47.746127	       +0.000000	      -47.746127	       +0.000000	      -65.811915	      -65.811915
              43	              24	      +19.316776	      +19.316776	      +28.331749	       +1.584554	      -33.380572	       +0.000000	      -33.380572	       +0.000000	      -36.844841	      -36.844841
              43	              25	      +19.316776	      +19.316776	      +28.331749	       +1.584554	      -33.380572	       +0.000000	      -33.380572	       +0.000000	      -36.844841	      -36.844841
              43	              26	      +23.142792	      +23.142792	      +31.864367	       +2.167810	      -39.828324	       +0.000000	      -39.828324	       +0.000000	      -45.624471	      -45.624471
              43	              27	      +23.142792	      +23.142792	      +31.864367	       +2.167810	      -39.828324	       +0.000000	      -39.828324	       +0.000000	      -45.624471	      -45.624471
              43	              28	      +24.020018	      +24.020018	      +32.282723	       +2.049330	      -23.836512	       +0.000000	      -23.836512	       +0.000000	      -13.340970	      -13.340970
              43	              29	      +24.020018	      +24.020018	      +32.282723	       +2.049330	      -23.836512	       +0.000000	      -23.836512	       +0.000000	      -13.340970	      -13.340970
              43	              30	      +24.916874	      +24.916874	      +32.199898	       +3.587262	      -51.747511	       +0.000000	      -51.747511	       +0.000000	      -67.707861	      -67.707861
              43	              31	      +24.916874	      +24.916874	      +32.199898	       +3.587262	      -51.747511	       +0.000000	      -51.747511	       +0.000000	      -67.707861	      -67.707861
              43	              32	      +25.658279	      +25.658279	      +34.480823	       +1.442110	      -35.039510	       +0.000000	      -35.039510	       +0.000000	      -34.156088	      -34.156088
              43	              33	      +25.658279	      +25.658279	      +34.480823	       +1.442110	      -35.039510	       +0.000000	      -35.039510	       +0.000000	      -34.156088	      -34.156088
              43	              34	      +25.894803	      +25.894803	      +34.572034	       +1.762628	      -27.705068	       +0.000000	      -27.705068	       +0.000000	      -19.075474	      -19.075474
              43	              35	      +25.894803	      +25.894803	      +34.572034	       +1.762628	      -27.705068	       +0.000000	      -27.705068	       +0.000000	      -19.075474	      -19.075474
              43	              36	      +26.228227	      +26.228227	      +35.046551	       +1.589317	      -34.219210	       +0.000000	      -34.219210	       +0.000000	      -31.802553	      -31.802553
              43	              37	      +26.228227	      +26.228227	      +35.046551	       +1.589317	      -34.219210	       +0.000000	      -34.219210	       +0.000000	      -31.802553	      -31.802553
              43	              38	      +29.216331	      +29.216331	      +38.284651	       +0.370359	      -37.280839	       +0.000000	      -37.280839	       +0.000000	      -35.906669	      -35.906669
              43	              39	      +29.216331	      +29.216331	      +38.284651	       +0.370359	      -37.280839	       +0.000000	      -37.280839	       +0.000000	      -35.906669	      -35.906669
              43	              40	      +30.034572	      +30.034572	      +37.802749	       +3.323305	      -43.766443	       +0.000000	      -43.766443	       +0.000000	      -46.406832	      -46.406832
              43	              41	      +30.034572	      +30.034572	      +37.802749	       +3.323305	      -43.766443	       +0.000000	      -43.766443	       +0.000000	      -46.406832	      -46.406832
              43	              42	      +31.480037	      +31.480037	      +40.463905	       +1.337996	      -35.827090	       +0.000000	      -35.827090	       +0.000000	      -29.852278	      -29.852278
              43	              43	      +31.480037	      +31.480037	      +40.463905	       +1.337996	      -35.827090	       +0.000000	      -35.827090	       +0.000000	      -29.852278	      -29.852278
              43	              44	      +31.875144	      +31.875144	      +41.153961	       -0.093817	      -35.081264	       +0.000000	      -35.081264	       +0.000000	      -29.102384	      -29.102384
              43	              45	      +31.875144	      +31.875144	      +41.153961	       -0.093817	      -35.081264	       +0.000000	      -35.081264	       +0.000000	      -29.102384	      -29.102384
              43	              46	      +34.110067	      +34.110067	      +44.019410	       -0.613175	      -19.027913	       +0.000000	      -19.027913	       +0.000000	       +5.350408	       +5.350408
              43	              47	      +34.110067	      +34.110067	      +44.019410	       -0.613175	      -19.027913	       +0.000000	      -19.027913	       +0.000000	       +5.350408	       +5.350408
              43	              48	      +35.433254	      +35.433254	      +43.671121	       +1.034475	      -40.693035	       +0.000000	      -40.693035	       +0.000000	      -36.680474	      -36.680474
              43	              49	      +35.433254	      +35.433254	      +43.671121	       +1.034475	      -40.693035	       +0.000000	      -40.693035	       +0.000000	      -36.680474	      -36.680474
              43	              50	      +35.605396	      +35.605396	      +44.512048	       +1.558860	      -41.394766	       +0.000000	      -41.394766	       +0.000000	      -36.718623	      -36.718623
              43	              51	      +35.605396	      +35.605396	      +44.512048	       +1.558860	      -41.394766	       +0.000000	      -41.394766	       +0.000000	      -36.718623	      -36.718623
              43	              52	      +35.696503	      +35.696503	      +44.197429	       +0.011159	      -39.833131	       +0.000000	      -39.833131	       +0.000000	      -35.457675	      -35.457675
              43	              53	      +35.696503	      +35.696503	      +44.197429	       +0.011159	      -39.833131	       +0.000000	      -39.833131	       +0.000000	      -35.457675	      -35.457675
              43	              54	      +37.475892	      +37.475892	      +46.754937	       +0.062718	      -36.902739	       +0.000000	      -36.902739	       +0.000000	      -26.987824	      -26.987824
              43	              55	      +37.475892	      +37.475892	      +46.754937	       +0.062718	      -36.902739	       +0.000000	      -36.902739	       +0.000000	      -26.987824	      -26.987824

k-point 44:
              44	               0	       -2.977123	       -2.977123	       +4.097939	       +3.853906	      -48.489855	       -2.590893	      -48.489855	       +0.000000	      -89.027865	      -89.027865
              44	               1	       -2.977123	       -2.977123	       +4.097939	       +3.853906	      -48.489855	       -2.590893	      -48.489855	       +0.000000	      -89.027865	      -89.027865
              44	               2	       -0.116049	       -0.116049	       +6.990797	       +3.815094	      -49.444273	       -2.590893	      -49.444273	       +0.000000	      -88.082655	      -88.082655
              44	               3	       -0.116049	       -0.116049	       +6.990797	       +3.815094	      -49.444273	       -2.590893	      -49.444273	       +0.000000	      -88.082655	      -88.082655
              44	               4	       +2.729549	       +2.729549	      +10.535958	       +2.857285	      -41.292377	       -2.590893	      -41.292377	       +0.000000	      -69.191511	      -69.191511
              44	               5	       +2.729549	       +2.729549	      +10.535958	       +2.857285	      -41.292377	       -2.590893	      -41.292377	       +0.000000	      -69.191511	      -69.191511
              44	               6	       +4.062047	       +4.062047	      +11.255690	       +3.688030	      -52.434821	       -2.590893	      -52.434821	       +0.000000	      -89.925922	      -89.925922
              44	               7	       +4.062047	       +4.062047	      +11.255690	       +3.688030	      -52.434821	       -2.590893	      -52.434821	       +0.000000	      -89.925922	      -89.925922
              44	               8	       +7.784322	       +7.784322	      +16.814325	       +1.144468	      -28.025596	       +0.000000	      -28.025596	       +0.000000	      -38.092399	      -38.092399
              44	               9	       +7.784322	       +7.784322	      +16.814325	       +1.144468	      -28.025596	       +0.000000	      -28.025596	       +0.000000	      -38.092399	      -38.092399
              44	              10	      +10.722893	      +10.722893	      +19.246946	       +1.898201	      -31.532523	       +0.000000	      -31.532523	       +0.000000	      -41.919899	      -41.919899
              44	              11	      +10.722893	      +10.722893	      +19.246946	       +1.898201	      -31.532523	       +0.000000	      -31.532523	       +0.000000	      -41.919899	      -41.919899
              44	              12	      +12.017668	      +12.017668	      +19.532507	       +3.259175	      -38.204781	       +0.000000	      -38.204781	       +0.000000	      -53.617880	      -53.617880
              44	              13	      +12.017668	      +12.017668	      +19.532507	       +3.259175	      -38.204781	       +0.000000	      -38.204781	       +0.000000	      -53.617880	      -53.617880
              44	              14	      +12.190626	      +12.190626	      +20.186024	       +2.461266	      -33.375278	       +0.000000	      -33.375278	       +0.000000	      -44.103266	      -44.103266
              44	              15	      +12.190626	      +12.190626	      +20.186024	       +2.461266	      -33.375278	       +0.000000	      -33.375278	       +0.000000	      -44.103266	      -44.103266
              44	              16	      +16.490593	      +16.490593	      +24.768868	       +2.389892	      -30.660468	       +0.000000	      -30.660468	       +0.000000	      -34.162176	      -34.162176
              44	              17	      +16.490594	      +16.490594	      +24.768868	       +2.389892	      -30.660468	       +0.000000	      -30.660468	       +0.000000	      -34.162176	      -34.162176
              44	              18	      +16.831650	      +16.831650	      +24.714144	       +2.557550	      -41.613414	       +0.000000	      -41.613414	       +0.000000	      -55.955134	      -55.955134
              44	              19	      +16.831650	      +16.831650	      +24.714144	       +2.557550	      -41.613414	       +0.000000	      -41.613414	       +0.000000	      -55.955134	      -55.955134
              44	              20	      +18.448777	      +18.448777	      +26.127340	       +2.971342	      -38.468865	       +0.000000	      -38.468865	       +0.000000	      -47.839048	      -47.839048
              44	              21	      +18.448777	      +18.448777	      +26.127340	       +2.971342	      -38.468865	       +0.000000	      -38.468865	       +0.000000	      -47.839048	      -47.839048
              44	              22	      +18.994914	      +18.994914	      +26.926294	       +2.751222	      -41.696631	       +0.000000	      -41.696631	       +0.000000	      -53.715746	      -53.715746
              44	              23	      +18.994914	      +18.994914	      +26.926294	       +2.751222	      -41.696631	       +0.000000	      -41.696631	       +0.000000	      -53.715746	      -53.715746
              44	              24	      +19.316776	      +19.316776	      +28.331760	       +1.555299	      -32.027748	       +0.000000	      -32.027748	       +0.000000	      -34.168438	      -34.168438
              44	              25	      +19.316776	      +19.316776	      +28.331760	       +1.555299	      -32.027748	       +0.000000	      -32.027748	       +0.000000	      -34.168438	      -34.168438
              44	              26	      +23.142792	      +23.142792	      +31.864268	       +2.180275	      -37.277682	       +0.000000	      -37.277682	       +0.000000	      -40.510821	      -40.510821
              44	              27	      +23.142792	      +23.142792	      +31.864268	       +2.180275	      -37.277682	       +0.000000	      -37.277682	       +0.000000	      -40.510821	      -40.510821
              44	              28	      +24.020018	      +24.020018	      +32.282713	       +2.043100	      -25.588408	       +0.000000	      -25.588408	       +0.000000	      -16.851003	      -16.851003
              44	              29	      +24.020018	      +24.020018	      +32.282713	       +2.043100	      -25.588408	       +0.000000	      -25.588408	       +0.000000	      -16.851003	      -16.851003
              44	              30	      +24.916874	      +24.916874	      +32.199677	       +3.593506	      -47.294601	       +0.000000	      -47.294601	       +0.000000	      -58.796019	      -58.796019
              44	              31	      +24.916874	      +24.916874	      +32.199677	       +3.593506	      -47.294601	       +0.000000	      -47.294601	       +0.000000	      -58.796019	      -58.796019
              44	              32	      +25.658279	      +25.658279	      +34.480925	       +1.463421	      -38.231806	       +0.000000	      -38.231806	       +0.000000	      -40.519265	      -40.519265
              44	              33	      +25.658279	      +25.658279	      +34.480925	       +1.463421	      -38.231806	       +0.000000	      -38.231806	       +0.000000	      -40.519265	      -40.519265
              44	              34	      +25.894803	      +25.894803	      +34.572159	       +1.770851	      -30.786928	       +0.000000	      -30.786928	       +0.000000	      -25.230846	      -25.230846
              44	              35	      +25.894803	      +25.894803	      +34.572159	       +1.770851	      -30.786928	       +0.000000	      -30.786928	       +0.000000	      -25.230846	      -25.230846
              44	              36	      +26.228227	      +26.228227	      +35.046556	       +1.574066	      -32.947292	       +0.000000	      -32.947292	       +0.000000	      -29.273962	      -29.273962
              44	              37	      +26.228227	      +26.228227	      +35.046556	       +1.574066	      -32.947292	       +0.000000	      -32.947292	       +0.000000	      -29.273962	      -29.273962
              44	              38	      +29.216331	      +29.216331	      +38.284645	       +0.379661	      -39.366080	       +0.000000	      -39.366080	       +0.000000	      -40.067853	      -40.067853
              44	              39	      +29.216331	      +29.216331	      +38.284645	       +0.379661	      -39.366080	       +0.000000	      -39.366080	       +0.000000	      -40.067853	      -40.067853
              44	              40	      +30.034572	      +30.034572	      +37.802689	       +3.307122	      -40.747533	       +0.000000	      -40.747533	       +0.000000	      -40.385254	      -40.385254
              44	              41	      +30.034572	      +30.034572	      +37.802689	       +3.307122	      -40.747533	       +0.000000	      -40.747533	       +0.000000	      -40.385254	      -40.385254
              44	              42	      +31.480037	      +31.480037	      +40.463823	       +1.365625	      -34.542488	       +0.000000	      -34.542488	       +0.000000	      -27.255527	      -27.255527
              44	              43	      +31.480037	      +31.480037	      +40.463823	       +1.365625	      -34.542488	       +0.000000	      -34.542488	       +0.000000	      -27.255527	      -27.255527
              44	              44	      +31.875144	      +31.875144	      +41.154045	       -0.078133	      -28.950795	       +0.000000	      -28.950795	       +0.000000	      -16.825678	      -16.825678
              44	              45	      +31.875144	      +31.875144	      +41.154045	       -0.078133	      -28.950795	       +0.000000	      -28.950795	       +0.000000	      -16.825678	      -16.825678
              44	              46	      +34.110067	      +34.110067	      +44.019364	       -0.593315	      -19.609568	       +0.000000	      -19.609568	       +0.000000	       +4.206914	       +4.206914
              44	              47	      +34.110067	      +34.110067	      +44.019364	       -0.593315	      -19.609568	       +0.000000	      -19.609568	       +0.000000	       +4.206914	       +4.206914
              44	              48	      +35.433254	      +35.433254	      +43.671074	       +1.089364	      -49.059271	       +0.000000	      -49.059271	       +0.000000	      -53.358104	      -53.358104
              44	              49	      +35.433254	      +35.433254	      +43.671074	       +1.089364	      -49.059271	       +0.000000	      -49.059271	       +0.000000	      -53.358104	      -53.358104
              44	              50	      +35.605396	      +35.605396	      +44.511917	       +1.570760	      -46.112267	       +0.000000	      -46.112267	       +0.000000	      -46.141857	      -46.141857
              44	              51	      +35.605396	      +35.605396	      +44.511917	       +1.570760	      -46.112267	       +0.000000	      -46.112267	       +0.000000	      -46.141857	      -46.141857
              44	              52	      +35.696503	      +35.696503	      +44.197552	       +0.027285	      -42.658987	       +0.000000	      -42.658987	       +0.000000	      -41.093137	      -41.093137
              44	              53	      +35.696503	      +35.696503	      +44.197552	       +0.027285	      -42.658987	       +0.000000	      -42.658987	       +0.000000	      -41.093137	      -41.093137
              44	              54	      +37.475892	      +37.475892	      +46.754949	       +0.128831	      -33.928785	       +0.000000	      -33.928785	       +0.000000	      -20.973789	      -20.973789
              44	              55	      +37.475892	      +37.475892	      +46.754949	       +0.128831	      -33.928785	       +0.000000	      -33.928785	       +0.000000	      -20.973789	      -20.973789

k-point 45:
              45	               0	       -1.387966	       -1.387966	       +5.451537	       +4.181632	      -52.089611	       -2.590893	      -52.089611	       +0.000000	      -94.546053	      -94.546053
              45	               1	       -1.387964	       -1.387964	       +5.451537	       +4.181632	      -52.089611	       -2.590893	      -52.089611	       +0.000000	      -94.546053	      -94.546053
              45	               2	       -1.382360	       -1.382360	       +5.457457	       +4.181429	      -52.080422	       -2.590893	      -52.080422	       +0.000000	      -94.521958	      -94.521958
              45	               3	       -1.382358	       -1.382358	       +5.457457	       +4.181429	      -52.080422	       -2.590893	      -52.080422	       +0.000000	      -94.521958	      -94.521958
              45	               4	       +2.402472	       +2.402472	      +10.513974	       +2.420251	      -41.282366	       -2.590893	      -41.282366	       +0.000000	      -69.630508	      -69.630508
              45	               5	       +2.402472	       +2.402472	      +10.513973	       +2.420251	      -41.282366	       -2.590893	      -41.282366	       +0.000000	      -69.630508	      -69.630508
              45	               6	       +2.415304	       +2.415304	      +10.530733	       +2.415185	      -41.238072	       -2.590893	      -41.238072	       +0.000000	      -69.530226	      -69.530226
              45	               7	       +2.415304	       +2.415304	      +10.530733	       +2.415185	      -41.238072	       -2.590893	      -41.238072	       +0.000000	      -69.530227	      -69.530227
              45	               8	      +10.549128	      +10.549128	      +19.103389	       +1.929139	      -37.081261	       +0.000000	      -37.081261	       +0.000000	      -53.129994	      -53.129994
              45	               9	      +10.549128	      +10.549128	      +19.103389	       +1.929139	      -37.081261	       +0.000000	      -37.081261	       +0.000000	      -53.129995	      -53.129995
              45	              10	      +10.549303	      +10.549303	      +19.104039	       +1.928580	      -37.084025	       +0.000000	      -37.084025	       +0.000000	      -53.135432	      -53.135432
              45	              11	      +10.549303	      +10.549303	      +19.104038	       +1.928580	      -37.084025	       +0.000000	      -37.084025	       +0.000000	      -53.135432	      -53.135432
              45	              12	      +11.257997	      +11.257997	      +19.293894	       +2.405461	      -29.600764	       +0.000000	      -29.600764	       +0.000000	      -37.502174	      -37.502174
              45	              13	      +11.257998	      +11.257998	      +19.293894	       +2.405461	      -29.600764	       +0.000000	      -29.600764	       +0.000000	      -37.502173	      -37.502173
              45	              14	      +11.274461	      +11.274461	      +19.318004	       +2.394901	      -29.555766	       +0.000000	      -29.555766	       +0.000000	      -37.398627	      -37.398627
              45	              15	      +11.274462	      +11.274462	      +19.318005	       +2.394901	      -29.555766	       +0.000000	      -29.555766	       +0.000000	      -37.398627	      -37.398627
              45	              16	      +16.859270	      +16.859270	      +24.144277	       +3.580875	      -44.639018	       +0.000000	      -44.639018	       +0.000000	      -61.552885	      -61.552885
              45	              17	      +16.859271	      +16.859271	      +24.144277	       +3.580875	      -44.639018	       +0.000000	      -44.639018	       +0.000000	      -61.552885	      -61.552885
              45	              18	      +16.876285	      +16.876285	      +24.158913	       +3.585157	      -44.655446	       +0.000000	      -44.655446	       +0.000000	      -61.566822	      -61.566822
              45	              19	      +16.876286	      +16.876286	      +24.158914	       +3.585157	      -44.655446	       +0.000000	      -44.655446	       +0.000000	      -61.566821	      -61.566821
              45	              20	      +19.315119	      +19.315119	      +26.957562	       +3.018672	      -40.314391	       +0.000000	      -40.314391	       +0.000000	      -50.652548	      -50.652548
              45	              21	      +19.315119	      +19.315119	      +26.957563	       +3.018672	      -40.314391	       +0.000000	      -40.314391	       +0.000000	      -50.652548	      -50.652548
              45	              22	      +19.334960	      +19.334960	      +26.973288	       +3.026950	      -40.272702	       +0.000000	      -40.272702	       +0.000000	      -50.545166	      -50.545166
              45	              23	      +19.334960	      +19.334960	      +26.973289	       +3.026950	      -40.272702	       +0.000000	      -40.272702	       +0.000000	      -50.545165	      -50.545165
              45	              24	      +22.738903	      +22.738903	      +32.319189	       +1.240144	      -25.786455	       +0.000000	      -25.786455	       +0.000000	      -18.013576	      -18.013576
              45	              25	      +22.738903	      +22.738903	      +32.319189	       +1.240144	      -25.786455	       +0.000000	      -25.786455	       +0.000000	      -18.013576	      -18.013576
              45	              26	      +22.745080	      +22.745080	      +32.328972	       +1.235944	      -25.729744	       +0.000000	      -25.729744	       +0.000000	      -17.894572	      -17.894572
              45	              27	      +22.745080	      +22.745080	      +32.328971	       +1.235944	      -25.729744	       +0.000000	      -25.729744	       +0.000000	      -17.894572	      -17.894572
              45	              28	      +24.868442	      +24.868442	      +35.012989	       -0.801378	      -22.451181	       +0.000000	      -22.451181	       +0.000000	      -10.690751	      -10.690751
              45	              29	      +24.868443	      +24.868443	      +35.012989	       -0.801378	      -22.451181	       +0.000000	      -22.451181	       +0.000000	      -10.690751	      -10.690751
              45	              30	      +24.873409	      +24.873409	      +35.021808	       -0.804544	      -22.331266	       +0.000000	      -22.331266	       +0.000000	      -10.445268	      -10.445268
              45	              31	      +24.873410	      +24.873410	      +35.021808	       -0.804544	      -22.331266	       +0.000000	      -22.331266	       +0.000000	      -10.445268	      -10.445268
              45	              32	      +25.197867	      +25.197867	      +32.189265	       +3.955874	      -45.749570	       +0.000000	      -45.749570	       +0.000000	      -55.354000	      -55.354000
              45	              33	      +25.197868	      +25.197868	      +32.189266	       +3.955874	      -45.749570	       +0.000000	      -45.749570	       +0.000000	      -55.354000	      -55.354000
              45	              34	      +25.216670	      +25.216670	      +32.207542	       +3.962860	      -45.790416	       +0.000000	      -45.790416	       +0.000000	      -55.410430	      -55.410430
              45	              35	      +25.216670	      +25.216670	      +32.207543	       +3.962860	      -45.790416	       +0.000000	      -45.790416	       +0.000000	      -55.410430	      -55.410430
              45	              36	      +26.131259	      +26.131259	      +32.996662	       +4.205423	      -61.240472	       +0.000000	      -61.240472	       +0.000000	      -85.278858	      -85.278858
              45	              37	      +26.131260	      +26.131260	      +32.996663	       +4.205423	      -61.240472	       +0.000000	      -61.240472	       +0.000000	      -85.278858	      -85.278858
              45	              38	      +26.135330	      +26.135330	      +32.996674	       +4.211976	      -61.370478	       +0.000000	      -61.370478	       +0.000000	      -85.532305	      -85.532305
              45	              39	      +26.135331	      +26.135331	      +32.996674	       +4.211976	      -61.370478	       +0.000000	      -61.370478	       +0.000000	      -85.532305	      -85.532305
              45	              40	      +29.979956	      +29.979956	      +38.962890	       +1.439050	      -27.867169	       +0.000000	      -27.867169	       +0.000000	      -15.332398	      -15.332398
              45	              41	      +29.979957	      +29.979957	      +38.962890	       +1.439050	      -27.867169	       +0.000000	      -27.867169	       +0.000000	      -15.332397	      -15.332397
              45	              42	      +29.980931	      +29.980931	      +38.964435	       +1.441015	      -27.842204	       +0.000000	      -27.842204	       +0.000000	      -15.278958	      -15.278958
              45	              43	      +29.980931	      +29.980931	      +38.964435	       +1.441015	      -27.842204	       +0.000000	      -27.842204	       +0.000000	      -15.278958	      -15.278958
              45	              44	      +33.774408	      +33.774408	      +43.598737	       -0.759176	      -23.679186	       +0.000000	      -23.679186	       +0.000000	       -4.518811	       -4.518811
              45	              45	      +33.774409	      +33.774409	      +43.598737	       -0.759176	      -23.679186	       +0.000000	      -23.679186	       +0.000000	       -4.518811	       -4.518811
              45	              46	      +33.774437	      +33.774437	      +43.598683	       -0.759312	      -23.678796	       +0.000000	      -23.678796	       +0.000000	       -4.518221	       -4.518221
              45	              47	      +33.774437	      +33.774437	      +43.598683	       -0.759312	      -23.678796	       +0.000000	      -23.678796	       +0.000000	       -4.518221	       -4.518221
              45	              48	      +33.953377	      +33.953377	      +43.605512	       -0.388135	      -26.732491	       +0.000000	      -26.732491	       +0.000000	      -10.247604	      -10.247604
              45	              49	      +33.953378	      +33.953378	      +43.605512	       -0.388135	      -26.732491	       +0.000000	      -26.732491	       +0.000000	      -10.247604	      -10.247604
              45	              50	      +33.956093	      +33.956093	      +43.608135	       -0.390224	      -26.701536	       +0.000000	      -26.701536	       +0.000000	      -10.185161	      -10.185161
              45	              51	      +33.956093	      +33.956093	      +43.608135	       -0.390224	      -26.701536	       +0.000000	      -26.701536	       +0.000000	      -10.185161	      -10.185161
              45	              52	      +35.765739	      +35.765739	      +45.243956	       -1.493264	      -31.998136	       +0.000000	      -31.998136	       +0.000000	      -20.245579	      -20.245579
              45	              53	      +35.765740	      +35.765740	      +45.243956	       -1.493264	      -31.998136	       +0.000000	      -31.998136	       +0.000000	      -20.245579	      -20.245579
              45	              54	      +35.768305	      +35.768305	      +45.245680	       -1.490835	      -32.043230	       +0.000000	      -32.043230	       +0.000000	      -20.331616	      -20.331616
              45	              55	      +35.768306	      +35.768306	      +45.245680	       -1.490835	      -32.043230	       +0.000000	      -32.043230	       +0.000000	      -20.331616	      -20.331616

k-point 46:
              46	               0	       -2.977123	       -2.977123	       +4.097954	       +3.852265	      -47.764324	       -2.590893	      -47.764324	       +0.000000	      -87.578430	      -87.578430
              46	               1	       -2.977123	       -2.977123	       +4.097954	       +3.852265	      -47.764324	       -2.590893	      -47.764324	       +0.000000	      -87.578430	      -87.578430
              46	               2	       -0.116049	       -0.116049	       +6.990849	       +3.815782	      -54.503300	       -2.590893	      -54.503300	       +0.000000	      -98.199969	      -98.199969
              46	               3	       -0.116049	       -0.116049	       +6.990849	       +3.815782	      -54.503300	       -2.590893	      -54.503300	       +0.000000	      -98.199969	      -98.199969
              46	               4	       +2.729549	       +2.729549	      +10.536193	       +2.856382	      -42.337370	       -2.590893	      -42.337370	       +0.000000	      -71.282165	      -71.282165
              46	               5	       +2.729549	       +2.729549	      +10.536193	       +2.856382	      -42.337370	       -2.590893	      -42.337370	       +0.000000	      -71.282165	      -71.282165
              46	               6	       +4.062047	       +4.062047	      +11.255689	       +3.693446	      -50.547369	       -2.590893	      -50.547369	       +0.000000	      -86.145603	      -86.145603
              46	               7	       +4.062047	       +4.062047	      +11.255689	       +3.693446	      -50.547369	       -2.590893	      -50.547369	       +0.000000	      -86.145603	      -86.145603
              46	               8	       +7.784322	       +7.784322	      +16.814372	       +1.136660	      -23.464108	       +0.000000	      -23.464108	       +0.000000	      -28.977184	      -28.977184
              46	               9	       +7.784322	       +7.784322	      +16.814372	       +1.136660	      -23.464108	       +0.000000	      -23.464108	       +0.000000	      -28.977184	      -28.977184
              46	              10	      +10.722893	      +10.722893	      +19.247147	       +1.898447	      -35.767400	       +0.000000	      -35.767400	       +0.000000	      -50.389207	      -50.389207
              46	              11	      +10.722893	      +10.722893	      +19.247147	       +1.898447	      -35.767400	       +0.000000	      -35.767400	       +0.000000	      -50.389207	      -50.389207
              46	              12	      +12.017668	      +12.017668	      +19.532664	       +3.259826	      -39.106936	       +0.000000	      -39.106936	       +0.000000	      -55.421383	      -55.421383
              46	              13	      +12.017668	      +12.017668	      +19.532664	       +3.259826	      -39.106936	       +0.000000	      -39.106936	       +0.000000	      -55.421383	      -55.421383
              46	              14	      +12.190626	      +12.190626	      +20.185899	       +2.464483	      -31.061847	       +0.000000	      -31.061847	       +0.000000	      -39.473312	      -39.473312
              46	              15	      +12.190626	      +12.190626	      +20.185899	       +2.464483	      -31.061847	       +0.000000	      -31.061847	       +0.000000	      -39.473312	      -39.473312
              46	              16	      +16.490593	      +16.490593	      +24.768919	       +2.392976	      -32.251837	       +0.000000	      -32.251837	       +0.000000	      -37.341780	      -37.341780
              46	              17	      +16.490594	      +16.490594	      +24.768919	       +2.392976	      -32.251837	       +0.000000	      -32.251837	       +0.000000	      -37.341780	      -37.341780
              46	              18	      +16.831650	      +16.831650	      +24.714156	       +2.570849	      -39.620898	       +0.000000	      -39.620898	       +0.000000	      -51.956790	      -51.956790
              46	              19	      +16.831650	      +16.831650	      +24.714156	       +2.570849	      -39.620898	       +0.000000	      -39.620898	       +0.000000	      -51.956790	      -51.956790
              46	              20	      +18.448777	      +18.448777	      +26.127406	       +2.969845	      -41.575551	       +0.000000	      -41.575551	       +0.000000	      -54.053851	      -54.053851
              46	              21	      +18.448777	      +18.448777	      +26.127406	       +2.969845	      -41.575551	       +0.000000	      -41.575551	       +0.000000	      -54.053851	      -54.053851
              46	              22	      +18.994914	      +18.994914	      +26.926321	       +2.751252	      -48.122207	       +0.000000	      -48.122207	       +0.000000	      -66.566841	      -66.566841
              46	              23	      +18.994914	      +18.994914	      +26.926321	       +2.751252	      -48.122207	       +0.000000	      -48.122207	       +0.000000	      -66.566841	      -66.566841
              46	              24	      +19.316776	      +19.316776	      +28.331756	       +1.585728	      -33.917932	       +0.000000	      -33.917932	       +0.000000	      -37.918379	      -37.918379
              46	              25	      +19.316776	      +19.316776	      +28.331756	       +1.585728	      -33.917932	       +0.000000	      -33.917932	       +0.000000	      -37.918379	      -37.918379
              46	              26	      +23.142792	      +23.142792	      +31.864405	       +2.168767	      -39.207153	       +0.000000	      -39.207153	       +0.000000	      -44.381133	      -44.381133
              46	              27	      +23.142792	      +23.142792	      +31.864405	       +2.168767	      -39.207153	       +0.000000	      -39.207153	       +0.000000	      -44.381133	      -44.381133
              46	              28	      +24.020018	      +24.020018	      +32.282728	       +2.056721	      -23.650904	       +0.000000	      -23.650904	       +0.000000	      -12.962359	      -12.962359
              46	              29	      +24.020018	      +24.020018	      +32.282728	       +2.056721	      -23.650904	       +0.000000	      -23.650904	       +0.000000	      -12.962359	      -12.962359
              46	              30	      +24.916874	      +24.916874	      +32.199961	       +3.597555	      -52.186463	       +0.000000	      -52.186463	       +0.000000	      -68.575409	      -68.575409
              46	              31	      +24.916874	      +24.916874	      +32.199961	       +3.597555	      -52.186463	       +0.000000	      -52.186463	       +0.000000	      -68.575409	      -68.575409
              46	              32	      +25.658279	      +25.658279	      +34.480693	       +1.435577	      -35.759976	       +0.000000	      -35.759976	       +0.000000	      -35.603682	      -35.603682
              46	              33	      +25.658279	      +25.658279	      +34.480693	       +1.435577	      -35.759976	       +0.000000	      -35.759976	       +0.000000	      -35.603682	      -35.603682
              46	              34	      +25.894803	      +25.894803	      +34.572080	       +1.762209	      -28.433881	       +0.000000	      -28.433881	       +0.000000	      -20.533473	      -20.533473
              46	              35	      +25.894803	      +25.894803	      +34.572080	       +1.762209	      -28.433881	       +0.000000	      -28.433881	       +0.000000	      -20.533473	      -20.533473
              46	              36	      +26.228227	      +26.228227	      +35.046537	       +1.589581	      -34.826825	       +0.000000	      -34.826825	       +0.000000	      -33.017533	      -33.017533
              46	              37	      +26.228227	      +26.228227	      +35.046537	       +1.589581	      -34.826825	       +0.000000	      -34.826825	       +0.000000	      -33.017533	      -33.017533
              46	              38	      +29.216331	      +29.216331	      +38.284653	       +0.368617	      -38.003604	       +0.000000	      -38.003604	       +0.000000	      -37.353938	      -37.353938
              46	              39	      +29.216331	      +29.216331	      +38.284653	       +0.368617	      -38.003604	       +0.000000	      -38.003604	       +0.000000	      -37.353938	      -37.353938
              46	              40	      +30.034572	      +30.034572	      +37.802765	       +3.327099	      -44.006087	       +0.000000	      -44.006087	       +0.000000	      -46.882309	      -46.882309
              46	              41	      +30.034572	      +30.034572	      +37.802765	       +3.327099	      -44.006087	       +0.000000	      -44.006087	       +0.000000	      -46.882309	      -46.882309
              46	              42	      +31.480037	      +31.480037	      +40.463861	       +1.345954	      -35.727210	       +0.000000	      -35.727210	       +0.000000	      -29.644606	      -29.644606
              46	              43	      +31.480037	      +31.480037	      +40.463861	       +1.345954	      -35.727210	       +0.000000	      -35.727210	       +0.000000	      -29.644606	      -29.644606
              46	              44	      +31.875144	      +31.875144	      +41.153977	       -0.099842	      -35.256905	       +0.000000	      -35.256905	       +0.000000	      -29.459674	      -29.459674
              46	              45	      +31.875144	      +31.875144	      +41.153977	       -0.099842	      -35.256905	       +0.000000	      -35.256905	       +0.000000	      -29.459674	      -29.459674
              46	              46	      +34.110067	      +34.110067	      +44.019386	       -0.598470	      -18.669689	       +0.000000	      -18.669689	       +0.000000	       +6.081538	       +6.081538
              46	              47	      +34.110067	      +34.110067	      +44.019386	       -0.598470	      -18.669689	       +0.000000	      -18.669689	       +0.000000	       +6.081538	       +6.081538
              46	              48	      +35.433254	      +35.433254	      +43.671113	       +1.026688	      -40.054770	       +0.000000	      -40.054770	       +0.000000	      -35.411740	      -35.411740
              46	              49	      +35.433254	      +35.433254	      +43.671113	       +1.026688	      -40.054770	       +0.000000	      -40.054770	       +0.000000	      -35.411740	      -35.411740
              46	              50	      +35.605396	      +35.605396	      +44.511913	       +1.541717	      -42.335237	       +0.000000	      -42.335237	       +0.000000	      -38.616844	      -38.616844
              46	              51	      +35.605396	      +35.605396	      +44.511913	       +1.541717	      -42.335237	       +0.000000	      -42.335237	       +0.000000	      -38.616844	      -38.616844
              46	              52	      +35.696503	      +35.696503	      +44.197554	       +0.002259	      -39.336837	       +0.000000	      -39.336837	       +0.000000	      -34.473860	      -34.473860
              46	              53	      +35.696503	      +35.696503	      +44.197554	       +0.002259	      -39.336837	       +0.000000	      -39.336837	       +0.000000	      -34.473860	      -34.473860
              46	              54	      +37.475892	      +37.475892	      +46.754945	       +0.080845	      -37.083997	       +0.000000	      -37.083997	       +0.000000	      -27.332205	      -27.332205
              46	              55	      +37.475892	      +37.475892	      +46.754945	       +0.080845	      -37.083997	       +0.000000	      -37.083997	       +0.000000	      -27.332205	      -27.332205

k-point 47:
              47	               0	       -3.652141	       -3.652141	       +3.544673	       +3.683005	      -46.137348	       -2.590893	      -46.137348	       +0.000000	      -85.047018	      -85.047018
              47	               1	       -3.652141	       -3.652141	       +3.544673	       +3.683005	      -46.137348	       -2.590893	      -46.137348	       +0.000000	      -85.047018	      -85.047018
              47	               2	       +0.787803	       +0.787803	       +7.724261	       +4.058222	      -54.585931	       -2.590893	      -54.585931	       +0.000000	      -97.389379	      -97.389379
              47	               3	       +0.787803	       +0.787803	       +7.724261	       +4.058222	      -54.585931	       -2.590893	      -54.585931	       +0.000000	      -97.389379	      -97.389379
              47	               4	       +2.509647	       +2.509647	      +10.524593	       +2.562583	      -40.660028	       -2.590893	      -40.660028	       +0.000000	      -68.232881	      -68.232881
              47	               5	       +2.509647	       +2.509647	      +10.524593	       +2.562583	      -40.660028	       -2.590893	      -40.660028	       +0.000000	      -68.232881	      -68.232881
              47	               6	       +4.943158	       +4.943158	      +11.819007	       +4.165600	      -51.960565	       -2.590893	      -51.960565	       +0.000000	      -87.936524	      -87.936524
              47	               7	       +4.943158	       +4.943158	      +11.819007	       +4.165600	      -51.960565	       -2.590893	      -51.960565	       +0.000000	      -87.936524	      -87.936524
              47	               8	       +8.712783	       +8.712783	      +17.311175	       +1.679152	      -25.151787	       +0.000000	      -25.151787	       +0.000000	      -31.313246	      -31.313246
              47	               9	       +8.712783	       +8.712783	      +17.311175	       +1.679152	      -25.151787	       +0.000000	      -25.151787	       +0.000000	      -31.313246	      -31.313246
              47	              10	      +11.050364	      +11.050364	      +19.062555	       +2.450522	      -28.181517	       +0.000000	      -28.181517	       +0.000000	      -34.849956	      -34.849956
              47	              11	      +11.050364	      +11.050364	      +19.062555	       +2.450522	      -28.181517	       +0.000000	      -28.181517	       +0.000000	      -34.849956	      -34.849956
              47	              12	      +11.420223	      +11.420223	      +19.116460	       +3.179891	      -51.801931	       +0.000000	      -51.801931	       +0.000000	      -81.307510	      -81.307510
              47	              13	      +11.420223	      +11.420223	      +19.116460	       +3.179891	      -51.801931	       +0.000000	      -51.801931	       +0.000000	      -81.307510	      -81.307510
              47	              14	      +12.411762	      +12.411762	      +20.585141	       +2.345978	      -27.939263	       +0.000000	      -27.939263	       +0.000000	      -32.947408	      -32.947408
              47	              15	      +12.411762	      +12.411762	      +20.585141	       +2.345978	      -27.939263	       +0.000000	      -27.939263	       +0.000000	      -32.947408	      -32.947408
              47	              16	      +12.729589	      +12.729589	      +21.375180	       +1.502022	      -35.821820	       +0.000000	      -35.821820	       +0.000000	      -48.766439	      -48.766439
              47	              17	      +12.729589	      +12.729589	      +21.375180	       +1.502022	      -35.821820	       +0.000000	      -35.821820	       +0.000000	      -48.766439	      -48.766439
              47	              18	      +15.910103	      +15.910103	      +24.055257	       +2.495345	      -30.905154	       +0.000000	      -30.905154	       +0.000000	      -35.259706	      -35.259706
              47	              19	      +15.910103	      +15.910103	      +24.055257	       +2.495345	      -30.905154	       +0.000000	      -30.905154	       +0.000000	      -35.259706	      -35.259706
              47	              20	      +18.904572	      +18.904572	      +28.282799	       +1.056763	      -26.993759	       +0.000000	      -26.993759	       +0.000000	      -24.647957	      -24.647957
              47	              21	      +18.904572	      +18.904572	      +28.282799	       +1.056763	      -26.993759	       +0.000000	      -26.993759	       +0.000000	      -24.647957	      -24.647957
              47	              22	      +19.486085	      +19.486085	      +26.767427	       +3.506977	      -47.614215	       +0.000000	      -47.614215	       +0.000000	      -64.954025	      -64.954025
              47	              23	      +19.486085	      +19.486085	      +26.767427	       +3.506977	      -47.614215	       +0.000000	      -47.614215	       +0.000000	      -64.954025	      -64.954025
              47	              24	      +19.746882	      +19.746882	      +29.652683	       -0.055822	      -26.651483	       +0.000000	      -26.651483	       +0.000000	      -23.706105	      -23.706105
              47	              25	      +19.746882	      +19.746882	      +29.652683	       -0.055822	      -26.651483	       +0.000000	      -26.651483	       +0.000000	      -23.706105	      -23.706105
              47	              26	      +22.954193	      +22.954193	      +32.368141	       +1.046783	      -23.303214	       +0.000000	      -23.303214	       +0.000000	      -13.191505	      -13.191505
              47	              27	      +22.954193	      +22.954193	      +32.368141	       +1.046783	      -23.303214	       +0.000000	      -23.303214	       +0.000000	      -13.191505	      -13.191505
              47	              28	      +23.348114	      +23.348114	      +30.672381	       +3.566380	      -35.944833	       +0.000000	      -35.944833	       +0.000000	      -37.650904	      -37.650904
              47	              29	      +23.348114	      +23.348114	      +30.672381	       +3.566380	      -35.944833	       +0.000000	      -35.944833	       +0.000000	      -37.650904	      -37.650904
              47	              30	      +23.741265	      +23.741265	      +31.165697	       +3.525596	      -52.333489	       +0.000000	      -52.333489	       +0.000000	      -69.975684	      -69.975684
              47	              31	      +23.741265	      +23.741265	      +31.165697	       +3.525596	      -52.333489	       +0.000000	      -52.333489	       +0.000000	      -69.975684	      -69.975684
              47	              32	      +24.988924	      +24.988924	      +32.383283	       +3.313801	      -42.646089	       +0.000000	      -42.646089	       +0.000000	      -49.595094	      -49.595094
              47	              33	      +24.988924	      +24.988924	      +32.383283	       +3.313801	      -42.646089	       +0.000000	      -42.646089	       +0.000000	      -49.595094	      -49.595094
              47	              34	      +27.533701	      +27.533701	      +34.617618	       +3.455309	      -47.313054	       +0.000000	      -47.313054	       +0.000000	      -56.553181	      -56.553181
              47	              35	      +27.533701	      +27.533701	      +34.617618	       +3.455309	      -47.313054	       +0.000000	      -47.313054	       +0.000000	      -56.553181	      -56.553181
              47	              36	      +27.993170	      +27.993170	      +37.527727	       +0.423932	      -30.244985	       +0.000000	      -30.244985	       +0.000000	      -22.538311	      -22.538311
              47	              37	      +27.993170	      +27.993170	      +37.527727	       +0.423932	      -30.244985	       +0.000000	      -30.244985	       +0.000000	      -22.538311	      -22.538311
              47	              38	      +30.240858	      +30.240858	      +38.678004	       +2.526520	      -55.308239	       +0.000000	      -55.308239	       +0.000000	      -69.411954	      -69.411954
              47	              39	      +30.240858	      +30.240858	      +38.678004	       +2.526520	      -55.308239	       +0.000000	      -55.308239	       +0.000000	      -69.411954	      -69.411954
              47	              40	      +31.097912	      +31.097912	      +42.124424	       -0.940683	      -14.899313	       +0.000000	      -14.899313	       +0.000000	      +11.385116	      +11.385116
              47	              41	      +31.097912	      +31.097912	      +42.124424	       -0.940683	      -14.899313	       +0.000000	      -14.899313	       +0.000000	      +11.385116	      +11.385116
              47	              42	      +31.576764	      +31.576764	      +39.706330	       +2.105813	      -44.619698	       +0.000000	      -44.619698	       +0.000000	      -47.427253	      -47.427253
              47	              43	      +31.576764	      +31.576764	      +39.706330	       +2.105813	      -44.619698	       +0.000000	      -44.619698	       +0.000000	      -47.427253	      -47.427253
              47	              44	      +33.085153	      +33.085153	      +41.802651	       +0.710338	      -35.852946	       +0.000000	      -35.852946	       +0.000000	      -29.192903	      -29.192903
              47	              45	      +33.085153	      +33.085153	      +41.802651	       +0.710338	      -35.852946	       +0.000000	      -35.852946	       +0.000000	      -29.192903	      -29.192903
              47	              46	      +33.392607	      +33.392607	      +42.895962	       -0.403359	      -25.705539	       +0.000000	      -25.705539	       +0.000000	       -8.918474	       -8.918474
              47	              47	      +33.392607	      +33.392607	      +42.895962	       -0.403359	      -25.705539	       +0.000000	      -25.705539	       +0.000000	       -8.918474	       -8.918474
              47	              48	      +34.058356	      +34.058356	      +42.396661	       +1.507141	      -40.226601	       +0.000000	      -40.226601	       +0.000000	      -36.549400	      -36.549400
              47	              49	      +34.058356	      +34.058356	      +42.396661	       +1.507141	      -40.226601	       +0.000000	      -40.226601	       +0.000000	      -36.549400	      -36.549400
              47	              50	      +35.683006	      +35.683006	      +43.780323	       +0.622120	      -41.713873	       +0.000000	      -41.713873	       +0.000000	      -39.025303	      -39.025303
              47	              51	      +35.683006	      +35.683006	      +43.780323	       +0.622120	      -41.713873	       +0.000000	      -41.713873	       +0.000000	      -39.025303	      -39.025303
              47	              52	      +36.600157	      +36.600157	      +45.396037	       +1.310168	      -40.363056	       +0.000000	      -40.363056	       +0.000000	      -34.019907	      -34.019907
              47	              53	      +36.600157	      +36.600157	      +45.396037	       +1.310168	      -40.363056	       +0.000000	      -40.363056	       +0.000000	      -34.019907	      -34.019907
              47	              54	      +37.490963	      +37.490963	      +46.955028	       -0.884775	      -27.369706	       +0.000000	      -27.369706	       +0.000000	       -8.669158	       -8.669158
              47	              55	      +37.490963	      +37.490963	      +46.955028	       -0.884775	      -27.369706	       +0.000000	      -27.369706	       +0.000000	       -8.669158	       -8.669158

k-point 48:
              48	               0	       -4.897281	       -4.897281	       +2.488946	       +3.421536	      -42.130295	       -2.590893	      -42.130295	       +0.000000	      -78.350109	      -78.350109
              48	               1	       -4.897281	       -4.897281	       +2.488946	       +3.421536	      -42.130295	       -2.590893	      -42.130295	       +0.000000	      -78.350109	      -78.350109
              48	               2	       +2.340153	       +2.340153	       +9.569542	       +3.660023	      -46.337392	       -2.590893	      -46.337392	       +0.000000	      -79.445219	      -79.445219
              48	               3	       +2.340153	       +2.340153	       +9.569542	       +3.660023	      -46.337392	       -2.590893	      -46.337392	       +0.000000	      -79.445219	      -79.445219
              48	               4	       +5.498636	       +5.498636	      +12.225573	       +4.429421	      -56.717296	       -2.590893	      -56.717296	       +0.000000	      -96.779597	      -96.779597
              48	               5	       +5.498636	       +5.498636	      +12.225573	       +4.429421	      -56.717296	       -2.590893	      -56.717296	       +0.000000	      -96.779597	      -96.779597
              48	               6	       +5.529910	       +5.529910	      +12.221310	       +4.425776	      -56.663159	       -2.590893	      -56.663159	       +0.000000	      -96.679232	      -96.679232
              48	               7	       +5.529910	       +5.529910	      +12.221310	       +4.425776	      -56.663159	       -2.590893	      -56.663159	       +0.000000	      -96.679232	      -96.679232
              48	               8	       +8.294527	       +8.294527	      +16.190698	       +2.722700	      -33.288696	       +0.000000	      -33.288696	       +0.000000	      -47.663994	      -47.663994
              48	               9	       +8.294527	       +8.294527	      +16.190698	       +2.722700	      -33.288696	       +0.000000	      -33.288696	       +0.000000	      -47.663994	      -47.663994
              48	              10	       +9.757278	       +9.757278	      +17.814392	       +2.394320	      -31.202217	       +0.000000	      -31.202217	       +0.000000	      -42.195723	      -42.195723
              48	              11	       +9.757278	       +9.757278	      +17.814392	       +2.394320	      -31.202217	       +0.000000	      -31.202217	       +0.000000	      -42.195723	      -42.195723
              48	              12	       +9.778784	       +9.778784	      +17.814114	       +2.387717	      -31.182890	       +0.000000	      -31.182890	       +0.000000	      -42.163949	      -42.163949
              48	              13	       +9.778784	       +9.778784	      +17.814114	       +2.387717	      -31.182890	       +0.000000	      -31.182890	       +0.000000	      -42.163949	      -42.163949
              48	              14	      +13.191998	      +13.191998	      +20.589568	       +3.486971	      -39.014247	       +0.000000	      -39.014247	       +0.000000	      -53.951954	      -53.951954
              48	              15	      +13.191998	      +13.191998	      +20.589568	       +3.486971	      -39.014247	       +0.000000	      -39.014247	       +0.000000	      -53.951954	      -53.951954
              48	              16	      +13.473781	      +13.473781	      +22.045845	       +1.580926	      -29.942785	       +0.000000	      -29.942785	       +0.000000	      -36.258799	      -36.258799
              48	              17	      +13.473781	      +13.473781	      +22.045845	       +1.580926	      -29.942785	       +0.000000	      -29.942785	       +0.000000	      -36.258799	      -36.258799
              48	              18	      +13.476682	      +13.476682	      +22.043729	       +1.583178	      -29.946132	       +0.000000	      -29.946132	       +0.000000	      -36.265356	      -36.265356
              48	              19	      +13.476682	      +13.476682	      +22.043729	       +1.583178	      -29.946132	       +0.000000	      -29.946132	       +0.000000	      -36.265356	      -36.265356
              48	              20	      +15.270821	      +15.270821	      +25.770276	       -0.511525	      -17.418090	       +0.000000	      -17.418090	       +0.000000	       -9.577429	       -9.577429
              48	              21	      +15.270821	      +15.270821	      +25.770276	       -0.511525	      -17.418090	       +0.000000	      -17.418090	       +0.000000	       -9.577429	       -9.577429
              48	              22	      +18.122226	      +18.122226	      +27.697277	       +0.999617	      -26.138077	       +0.000000	      -26.138077	       +0.000000	      -23.579260	      -23.579260
              48	              23	      +18.122226	      +18.122226	      +27.697277	       +0.999617	      -26.138077	       +0.000000	      -26.138077	       +0.000000	      -23.579260	      -23.579260
              48	              24	      +20.916820	      +20.916820	      +29.698155	       +1.154463	      -18.592409	       +0.000000	      -18.592409	       +0.000000	       -6.332200	       -6.332200
              48	              25	      +20.916820	      +20.916820	      +29.698155	       +1.154463	      -18.592409	       +0.000000	      -18.592409	       +0.000000	       -6.332200	       -6.332200
              48	              26	      +20.923626	      +20.923626	      +29.698557	       +1.152405	      -18.571095	       +0.000000	      -18.571095	       +0.000000	       -6.291227	       -6.291227
              48	              27	      +20.923626	      +20.923626	      +29.698557	       +1.152405	      -18.571095	       +0.000000	      -18.571095	       +0.000000	       -6.291227	       -6.291227
              48	              28	      +24.149045	      +24.149045	      +32.561300	       +2.145702	      -41.529612	       +0.000000	      -41.529612	       +0.000000	      -48.352222	      -48.352222
              48	              29	      +24.149045	      +24.149045	      +32.561300	       +2.145702	      -41.529612	       +0.000000	      -41.529612	       +0.000000	      -48.352222	      -48.352222
              48	              30	      +24.160338	      +24.160338	      +32.558230	       +2.148923	      -41.510011	       +0.000000	      -41.510011	       +0.000000	      -48.312868	      -48.312868
              48	              31	      +24.160338	      +24.160338	      +32.558230	       +2.148923	      -41.510011	       +0.000000	      -41.510011	       +0.000000	      -48.312868	      -48.312868
              48	              32	      +24.284860	      +24.284860	      +32.670322	       +2.173393	      -33.434939	       +0.000000	      -33.434939	       +0.000000	      -32.026164	      -32.026164
              48	              33	      +24.284860	      +24.284860	      +32.670322	       +2.173393	      -33.434939	       +0.000000	      -33.434939	       +0.000000	      -32.026164	      -32.026164
              48	              34	      +26.372016	      +26.372016	      +37.102724	       -0.513875	      -25.002432	       +0.000000	      -25.002432	       +0.000000	      -13.416015	      -13.416015
              48	              35	      +26.372016	      +26.372016	      +37.102724	       -0.513875	      -25.002432	       +0.000000	      -25.002432	       +0.000000	      -13.416015	      -13.416015
              48	              36	      +30.301567	      +30.301567	      +37.613616	       +3.949565	      -45.114614	       +0.000000	      -45.114614	       +0.000000	      -48.666048	      -48.666048
              48	              37	      +30.301567	      +30.301567	      +37.613616	       +3.949565	      -45.114614	       +0.000000	      -45.114614	       +0.000000	      -48.666048	      -48.666048
              48	              38	      +30.302563	      +30.302563	      +37.613427	       +3.949931	      -45.115358	       +0.000000	      -45.115358	       +0.000000	      -48.667358	      -48.667358
              48	              39	      +30.302563	      +30.302563	      +37.613427	       +3.949931	      -45.115358	       +0.000000	      -45.115358	       +0.000000	      -48.667358	      -48.667358
              48	              40	      +32.945319	      +32.945319	      +40.141358	       +2.953443	      -74.859214	       +0.000000	      -74.859214	       +0.000000	     -106.623626	     -106.623626
              48	              41	      +32.945319	      +32.945319	      +40.141358	       +2.953443	      -74.859214	       +0.000000	      -74.859214	       +0.000000	     -106.623626	     -106.623626
              48	              42	      +32.986328	      +32.986328	      +40.126398	       +2.971941	      -74.937036	       +0.000000	      -74.937036	       +0.000000	     -106.775732	     -106.775732
              48	              43	      +32.986328	      +32.986328	      +40.126398	       +2.971941	      -74.937036	       +0.000000	      -74.937036	       +0.000000	     -106.775732	     -106.775732
              48	              44	      +34.149826	      +34.149826	      +41.423296	       +4.237757	      -67.015772	       +0.000000	      -67.015772	       +0.000000	      -88.370491	      -88.370491
              48	              45	      +34.149826	      +34.149826	      +41.423296	       +4.237757	      -67.015772	       +0.000000	      -67.015772	       +0.000000	      -88.370491	      -88.370491
              48	              46	      +35.732341	      +35.732341	      +44.704326	       +0.878691	      -33.168653	       +0.000000	      -33.168653	       +0.000000	      -20.754290	      -20.754290
              48	              47	      +35.732341	      +35.732341	      +44.704326	       +0.878691	      -33.168653	       +0.000000	      -33.168653	       +0.000000	      -20.754290	      -20.754290
              48	              48	      +36.350067	      +36.350067	      +44.320011	       +1.550693	      -25.845486	       +0.000000	      -25.845486	       +0.000000	       -5.820268	       -5.820268
              48	              49	      +36.350067	      +36.350067	      +44.320011	       +1.550693	      -25.845486	       +0.000000	      -25.845486	       +0.000000	       -5.820268	       -5.820268
              48	              50	      +38.139382	      +38.139382	      +47.175082	       -0.536554	      -30.869807	       +0.000000	      -30.869807	       +0.000000	      -15.101086	      -15.101086
              48	              51	      +38.139382	      +38.139382	      +47.175082	       -0.536554	      -30.869807	       +0.000000	      -30.869807	       +0.000000	      -15.101086	      -15.101086
              48	              52	      +38.146252	      +38.146252	      +47.173856	       -0.540542	      -30.875059	       +0.000000	      -30.875059	       +0.000000	      -15.116805	      -15.116805
              48	              53	      +38.146252	      +38.146252	      +47.173856	       -0.540542	      -30.875059	       +0.000000	      -30.875059	       +0.000000	      -15.116805	      -15.116805
              48	              54	      +39.729174	      +39.729174	      +48.604912	       +0.568610	      -32.430877	       +0.000000	      -32.430877	       +0.000000	      -15.688233	      -15.688233
              48	              55	      +39.729174	      +39.729174	      +48.604912	       +0.568610	      -32.430877	       +0.000000	      -32.430877	       +0.000000	      -15.688233	      -15.688233

k-point 49:
              49	               0	       -3.652141	       -3.652141	       +3.544673	       +3.683866	      -45.981521	       -2.590893	      -45.981521	       +0.000000	      -84.734503	      -84.734503
              49	               1	       -3.652141	       -3.652141	       +3.544673	       +3.683866	      -45.981521	       -2.590893	      -45.981521	       +0.000000	      -84.734503	      -84.734503
              49	               2	       +0.787803	       +0.787803	       +7.724260	       +4.056011	      -49.315485	       -2.590893	      -49.315485	       +0.000000	      -86.850699	      -86.850699
              49	               3	       +0.787803	       +0.787803	       +7.724260	       +4.056011	      -49.315485	       -2.590893	      -49.315485	       +0.000000	      -86.850699	      -86.850699
              49	               4	       +2.509647	       +2.509647	      +10.524591	       +2.562294	      -41.169577	       -2.590893	      -41.169577	       +0.000000	      -69.252269	      -69.252269
              49	               5	       +2.509647	       +2.509647	      +10.524591	       +2.562294	      -41.169577	       -2.590893	      -41.169577	       +0.000000	      -69.252269	      -69.252269
              49	               6	       +4.943158	       +4.943158	      +11.819006	       +4.168531	      -55.847359	       -2.590893	      -55.847359	       +0.000000	      -95.707181	      -95.707181
              49	               7	       +4.943158	       +4.943158	      +11.819006	       +4.168531	      -55.847359	       -2.590893	      -55.847359	       +0.000000	      -95.707181	      -95.707181
              49	               8	       +8.712783	       +8.712783	      +17.311174	       +1.676511	      -29.916088	       +0.000000	      -29.916088	       +0.000000	      -40.844492	      -40.844492
              49	               9	       +8.712783	       +8.712783	      +17.311174	       +1.676511	      -29.916088	       +0.000000	      -29.916088	       +0.000000	      -40.844492	      -40.844492
              49	              10	      +11.050364	      +11.050364	      +19.062554	       +2.452278	      -27.562067	       +0.000000	      -27.562067	       +0.000000	      -33.609301	      -33.609301
              49	              11	      +11.050364	      +11.050364	      +19.062554	       +2.452278	      -27.562067	       +0.000000	      -27.562067	       +0.000000	      -33.609301	      -33.609301
              49	              12	      +11.420223	      +11.420223	      +19.116458	       +3.179061	      -47.362831	       +0.000000	      -47.362831	       +0.000000	      -72.430143	      -72.430143
              49	              13	      +11.420223	      +11.420223	      +19.116458	       +3.179061	      -47.362831	       +0.000000	      -47.362831	       +0.000000	      -72.430143	      -72.430143
              49	              14	      +12.411762	      +12.411762	      +20.585142	       +2.340526	      -27.281589	       +0.000000	      -27.281589	       +0.000000	      -31.637510	      -31.637510
              49	              15	      +12.411762	      +12.411762	      +20.585142	       +2.340526	      -27.281589	       +0.000000	      -27.281589	       +0.000000	      -31.637510	      -31.637510
              49	              16	      +12.729589	      +12.729589	      +21.375180	       +1.505023	      -35.351928	       +0.000000	      -35.351928	       +0.000000	      -47.823653	      -47.823653
              49	              17	      +12.729589	      +12.729589	      +21.375180	       +1.505023	      -35.351928	       +0.000000	      -35.351928	       +0.000000	      -47.823653	      -47.823653
              49	              18	      +15.910103	      +15.910103	      +24.055257	       +2.497974	      -27.001648	       +0.000000	      -27.001648	       +0.000000	      -27.450065	      -27.450065
              49	              19	      +15.910103	      +15.910103	      +24.055257	       +2.497974	      -27.001648	       +0.000000	      -27.001648	       +0.000000	      -27.450065	      -27.450065
              49	              20	      +18.904572	      +18.904572	      +28.282798	       +1.051986	      -28.679696	       +0.000000	      -28.679696	       +0.000000	      -28.024607	      -28.024607
              49	              21	      +18.904572	      +18.904572	      +28.282798	       +1.051986	      -28.679696	       +0.000000	      -28.679696	       +0.000000	      -28.024607	      -28.024607
              49	              22	      +19.486085	      +19.486085	      +26.767427	       +3.511746	      -40.286296	       +0.000000	      -40.286296	       +0.000000	      -50.293419	      -50.293419
              49	              23	      +19.486085	      +19.486085	      +26.767426	       +3.511746	      -40.286296	       +0.000000	      -40.286296	       +0.000000	      -50.293419	      -50.293419
              49	              24	      +19.746882	      +19.746882	      +29.652684	       -0.060445	      -29.549315	       +0.000000	      -29.549315	       +0.000000	      -29.506391	      -29.506391
              49	              25	      +19.746882	      +19.746882	      +29.652684	       -0.060445	      -29.549315	       +0.000000	      -29.549315	       +0.000000	      -29.506391	      -29.506391
              49	              26	      +22.954193	      +22.954193	      +32.368138	       +1.049311	      -23.542794	       +0.000000	      -23.542794	       +0.000000	      -13.668141	      -13.668141
              49	              27	      +22.954193	      +22.954193	      +32.368138	       +1.049311	      -23.542794	       +0.000000	      -23.542794	       +0.000000	      -13.668141	      -13.668141
              49	              28	      +23.348114	      +23.348114	      +30.672381	       +3.573864	      -37.683180	       +0.000000	      -37.683180	       +0.000000	      -41.120114	      -41.120114
              49	              29	      +23.348114	      +23.348114	      +30.672381	       +3.573864	      -37.683180	       +0.000000	      -37.683180	       +0.000000	      -41.120114	      -41.120114
              49	              30	      +23.741265	      +23.741265	      +31.165697	       +3.524362	      -48.299150	       +0.000000	      -48.299150	       +0.000000	      -61.908241	      -61.908241
              49	              31	      +23.741265	      +23.741265	      +31.165697	       +3.524362	      -48.299150	       +0.000000	      -48.299150	       +0.000000	      -61.908241	      -61.908241
              49	              32	      +24.988924	      +24.988924	      +32.383286	       +3.311988	      -42.344227	       +0.000000	      -42.344227	       +0.000000	      -48.993180	      -48.993180
              49	              33	      +24.988924	      +24.988924	      +32.383286	       +3.311988	      -42.344227	       +0.000000	      -42.344227	       +0.000000	      -48.993180	      -48.993180
              49	              34	      +27.533701	      +27.533701	      +34.617617	       +3.467497	      -47.314014	       +0.000000	      -47.314014	       +0.000000	      -56.542914	      -56.542914
              49	              35	      +27.533701	      +27.533701	      +34.617617	       +3.467497	      -47.314014	       +0.000000	      -47.314014	       +0.000000	      -56.542914	      -56.542914
              49	              36	      +27.993170	      +27.993170	      +37.527727	       +0.424069	      -31.947007	       +0.000000	      -31.947007	       +0.000000	      -25.942218	      -25.942218
              49	              37	      +27.993170	      +27.993170	      +37.527727	       +0.424069	      -31.947007	       +0.000000	      -31.947007	       +0.000000	      -25.942218	      -25.942218
              49	              38	      +30.240858	      +30.240858	      +38.678003	       +2.535689	      -46.359801	       +0.000000	      -46.359801	       +0.000000	      -51.505911	      -51.505911
              49	              39	      +30.240858	      +30.240858	      +38.678003	       +2.535689	      -46.359801	       +0.000000	      -46.359801	       +0.000000	      -51.505911	      -51.505911
              49	              40	      +31.097912	      +31.097912	      +42.124424	       -0.941975	      -16.991128	       +0.000000	      -16.991128	       +0.000000	       +7.200193	       +7.200193
              49	              41	      +31.097912	      +31.097912	      +42.124424	       -0.941975	      -16.991128	       +0.000000	      -16.991128	       +0.000000	       +7.200193	       +7.200193
              49	              42	      +31.576764	      +31.576764	      +39.706331	       +2.097897	      -43.111227	       +0.000000	      -43.111227	       +0.000000	      -44.418226	      -44.418226
              49	              43	      +31.576764	      +31.576764	      +39.706331	       +2.097897	      -43.111227	       +0.000000	      -43.111227	       +0.000000	      -44.418226	      -44.418226
              49	              44	      +33.085153	      +33.085153	      +41.802649	       +0.720180	      -36.055164	       +0.000000	      -36.055164	       +0.000000	      -29.587498	      -29.587498
              49	              45	      +33.085153	      +33.085153	      +41.802649	       +0.720180	      -36.055164	       +0.000000	      -36.055164	       +0.000000	      -29.587498	      -29.587498
              49	              46	      +33.392607	      +33.392607	      +42.895964	       -0.407331	      -27.049795	       +0.000000	      -27.049795	       +0.000000	      -11.610957	      -11.610957
              49	              47	      +33.392607	      +33.392607	      +42.895964	       -0.407331	      -27.049795	       +0.000000	      -27.049795	       +0.000000	      -11.610958	      -11.610958
              49	              48	      +34.058356	      +34.058356	      +42.396661	       +1.509602	      -40.357878	       +0.000000	      -40.357878	       +0.000000	      -36.809493	      -36.809493
              49	              49	      +34.058356	      +34.058356	      +42.396661	       +1.509602	      -40.357878	       +0.000000	      -40.357878	       +0.000000	      -36.809493	      -36.809493
              49	              50	      +35.683006	      +35.683006	      +43.780321	       +0.628718	      -48.221463	       +0.000000	      -48.221463	       +0.000000	      -52.033885	      -52.033885
              49	              51	      +35.683006	      +35.683006	      +43.780321	       +0.628718	      -48.221463	       +0.000000	      -48.221463	       +0.000000	      -52.033885	      -52.033885
              49	              52	      +36.600157	      +36.600157	      +45.396038	       +1.330830	      -39.849916	       +0.000000	      -39.849916	       +0.000000	      -32.972964	      -32.972964
              49	              53	      +36.600157	      +36.600157	      +45.396038	       +1.330830	      -39.849916	       +0.000000	      -39.849916	       +0.000000	      -32.972964	      -32.972964
              49	              54	      +37.490963	      +37.490963	      +46.955029	       -0.877279	      -33.024722	       +0.000000	      -33.024722	       +0.000000	      -19.971694	      -19.971694
              49	              55	      +37.490963	      +37.490963	      +46.955029	       -0.877279	      -33.024722	       +0.000000	      -33.024722	       +0.000000	      -19.971694	      -19.971694

k-point 50:
              50	               0	       -2.977123	       -2.977123	       +4.097939	       +3.853282	      -48.762738	       -2.590893	      -48.762738	       +0.000000	      -89.574254	      -89.574254
              50	               1	       -2.977123	       -2.977123	       +4.097939	       +3.853282	      -48.762738	       -2.590893	      -48.762738	       +0.000000	      -89.574254	      -89.574254
              50	               2	       -0.116049	       -0.116049	       +6.990797	       +3.816097	      -49.368466	       -2.590893	      -49.368466	       +0.000000	      -87.930038	      -87.930038
              50	               3	       -0.116049	       -0.116049	       +6.990797	       +3.816097	      -49.368466	       -2.590893	      -49.368466	       +0.000000	      -87.930038	      -87.930038
              50	               4	       +2.729549	       +2.729549	      +10.535958	       +2.848257	      -42.456553	       -2.590893	      -42.456553	       +0.000000	      -71.528891	      -71.528891
              50	               5	       +2.729549	       +2.729549	      +10.535958	       +2.848257	      -42.456553	       -2.590893	      -42.456553	       +0.000000	      -71.528891	      -71.528891
              50	               6	       +4.062047	       +4.062047	      +11.255690	       +3.698977	      -52.079807	       -2.590893	      -52.079807	       +0.000000	      -89.204947	      -89.204947
              50	               7	       +4.062047	       +4.062047	      +11.255690	       +3.698977	      -52.079807	       -2.590893	      -52.079807	       +0.000000	      -89.204947	      -89.204947
              50	               8	       +7.784322	       +7.784322	      +16.814325	       +1.142022	      -27.630857	       +0.000000	      -27.630857	       +0.000000	      -37.305368	      -37.305368
              50	               9	       +7.784322	       +7.784322	      +16.814325	       +1.142022	      -27.630857	       +0.000000	      -27.630857	       +0.000000	      -37.305368	      -37.305368
              50	              10	      +10.722893	      +10.722893	      +19.246946	       +1.896883	      -30.934206	       +0.000000	      -30.934206	       +0.000000	      -40.724584	      -40.724584
              50	              11	      +10.722893	      +10.722893	      +19.246946	       +1.896883	      -30.934206	       +0.000000	      -30.934206	       +0.000000	      -40.724584	      -40.724584
              50	              12	      +12.017668	      +12.017668	      +19.532507	       +3.249831	      -39.261828	       +0.000000	      -39.261828	       +0.000000	      -55.741319	      -55.741319
              50	              13	      +12.017668	      +12.017668	      +19.532507	       +3.249831	      -39.261828	       +0.000000	      -39.261828	       +0.000000	      -55.741319	      -55.741319
              50	              14	      +12.190626	      +12.190626	      +20.186024	       +2.473067	      -33.540683	       +0.000000	      -33.540683	       +0.000000	      -44.422276	      -44.422276
              50	              15	      +12.190626	      +12.190626	      +20.186024	       +2.473067	      -33.540683	       +0.000000	      -33.540683	       +0.000000	      -44.422276	      -44.422276
              50	              16	      +16.490593	      +16.490593	      +24.768868	       +2.398426	      -30.604073	       +0.000000	      -30.604073	       +0.000000	      -34.040853	      -34.040853
              50	              17	      +16.490594	      +16.490594	      +24.768868	       +2.398426	      -30.604073	       +0.000000	      -30.604073	       +0.000000	      -34.040853	      -34.040853
              50	              18	      +16.831650	      +16.831650	      +24.714144	       +2.566363	      -41.119453	       +0.000000	      -41.119453	       +0.000000	      -54.958397	      -54.958397
              50	              19	      +16.831650	      +16.831650	      +24.714144	       +2.566363	      -41.119453	       +0.000000	      -41.119453	       +0.000000	      -54.958397	      -54.958397
              50	              20	      +18.448777	      +18.448777	      +26.127340	       +2.967780	      -37.833091	       +0.000000	      -37.833091	       +0.000000	      -46.571061	      -46.571061
              50	              21	      +18.448777	      +18.448777	      +26.127340	       +2.967780	      -37.833091	       +0.000000	      -37.833091	       +0.000000	      -46.571061	      -46.571061
              50	              22	      +18.994914	      +18.994914	      +26.926294	       +2.751166	      -41.387743	       +0.000000	      -41.387743	       +0.000000	      -53.098026	      -53.098026
              50	              23	      +18.994914	      +18.994914	      +26.926294	       +2.751166	      -41.387743	       +0.000000	      -41.387743	       +0.000000	      -53.098026	      -53.098026
              50	              24	      +19.316776	      +19.316776	      +28.331760	       +1.583002	      -33.026282	       +0.000000	      -33.026282	       +0.000000	      -36.137803	      -36.137803
              50	              25	      +19.316776	      +19.316776	      +28.331760	       +1.583002	      -33.026282	       +0.000000	      -33.026282	       +0.000000	      -36.137803	      -36.137803
              50	              26	      +23.142792	      +23.142792	      +31.864268	       +2.179881	      -37.328590	       +0.000000	      -37.328590	       +0.000000	      -40.613030	      -40.613030
              50	              27	      +23.142792	      +23.142792	      +31.864268	       +2.179881	      -37.328590	       +0.000000	      -37.328590	       +0.000000	      -40.613030	      -40.613030
              50	              28	      +24.020018	      +24.020018	      +32.282713	       +2.083716	      -25.505397	       +0.000000	      -25.505397	       +0.000000	      -16.644366	      -16.644366
              50	              29	      +24.020018	      +24.020018	      +32.282713	       +2.083716	      -25.505397	       +0.000000	      -25.505397	       +0.000000	      -16.644366	      -16.644366
              50	              30	      +24.916874	      +24.916874	      +32.199677	       +3.564212	      -48.126111	       +0.000000	      -48.126111	       +0.000000	      -60.488334	      -60.488334
              50	              31	      +24.916874	      +24.916874	      +32.199677	       +3.564212	      -48.126111	       +0.000000	      -48.126111	       +0.000000	      -60.488334	      -60.488334
              50	              32	      +25.658279	      +25.658279	      +34.480925	       +1.450159	      -38.963288	       +0.000000	      -38.963288	       +0.000000	      -41.995492	      -41.995492
              50	              33	      +25.658279	      +25.658279	      +34.480925	       +1.450159	      -38.963288	       +0.000000	      -38.963288	       +0.000000	      -41.995492	      -41.995492
              50	              34	      +25.894803	      +25.894803	      +34.572159	       +1.746505	      -31.550087	       +0.000000	      -31.550087	       +0.000000	      -26.781510	      -26.781510
              50	              35	      +25.894803	      +25.894803	      +34.572159	       +1.746505	      -31.550087	       +0.000000	      -31.550087	       +0.000000	      -26.781510	      -26.781510
              50	              36	      +26.228227	      +26.228227	      +35.046556	       +1.561019	      -33.759252	       +0.000000	      -33.759252	       +0.000000	      -30.910930	      -30.910930
              50	              37	      +26.228227	      +26.228227	      +35.046556	       +1.561019	      -33.759252	       +0.000000	      -33.759252	       +0.000000	      -30.910930	      -30.910930
              50	              38	      +29.216331	      +29.216331	      +38.284645	       +0.361326	      -39.905624	       +0.000000	      -39.905624	       +0.000000	      -41.165276	      -41.165276
              50	              39	      +29.216331	      +29.216331	      +38.284645	       +0.361326	      -39.905624	       +0.000000	      -39.905624	       +0.000000	      -41.165276	      -41.165276
              50	              40	      +30.034572	      +30.034572	      +37.802689	       +3.268408	      -40.690714	       +0.000000	      -40.690714	       +0.000000	      -40.310331	      -40.310331
              50	              41	      +30.034572	      +30.034572	      +37.802689	       +3.268408	      -40.690714	       +0.000000	      -40.690714	       +0.000000	      -40.310331	      -40.310331
              50	              42	      +31.480037	      +31.480037	      +40.463823	       +1.343956	      -34.572545	       +0.000000	      -34.572545	       +0.000000	      -27.337310	      -27.337310
              50	              43	      +31.480037	      +31.480037	      +40.463823	       +1.343956	      -34.572545	       +0.000000	      -34.572545	       +0.000000	      -27.337310	      -27.337310
              50	              44	      +31.875144	      +31.875144	      +41.154045	       -0.106190	      -29.071654	       +0.000000	      -29.071654	       +0.000000	      -17.095453	      -17.095453
              50	              45	      +31.875144	      +31.875144	      +41.154045	       -0.106190	      -29.071654	       +0.000000	      -29.071654	       +0.000000	      -17.095453	      -17.095453
              50	              46	      +34.110067	      +34.110067	      +44.019364	       -0.568789	      -19.219588	       +0.000000	      -19.219588	       +0.000000	       +5.011400	       +5.011400
              50	              47	      +34.110067	      +34.110067	      +44.019364	       -0.568789	      -19.219588	       +0.000000	      -19.219588	       +0.000000	       +5.011400	       +5.011400
              50	              48	      +35.433254	      +35.433254	      +43.671074	       +1.078144	      -49.919668	       +0.000000	      -49.919668	       +0.000000	      -55.090117	      -55.090117
              50	              49	      +35.433254	      +35.433254	      +43.671074	       +1.078144	      -49.919668	       +0.000000	      -49.919668	       +0.000000	      -55.090117	      -55.090117
              50	              50	      +35.605396	      +35.605396	      +44.511917	       +1.584515	      -45.995953	       +0.000000	      -45.995953	       +0.000000	      -45.895473	      -45.895473
              50	              51	      +35.605396	      +35.605396	      +44.511917	       +1.584515	      -45.995953	       +0.000000	      -45.995953	       +0.000000	      -45.895473	      -45.895473
              50	              52	      +35.696503	      +35.696503	      +44.197552	       +0.079706	      -42.201800	       +0.000000	      -42.201800	       +0.000000	      -40.126343	      -40.126343
              50	              53	      +35.696503	      +35.696503	      +44.197552	       +0.079706	      -42.201800	       +0.000000	      -42.201800	       +0.000000	      -40.126343	      -40.126343
              50	              54	      +37.475892	      +37.475892	      +46.754949	       +0.124742	      -34.399781	       +0.000000	      -34.399781	       +0.000000	      -21.919872	      -21.919872
              50	              55	      +37.475892	      +37.475892	      +46.754949	       +0.124742	      -34.399781	       +0.000000	      -34.399781	       +0.000000	      -21.919872	      -21.919872

k-point 51:
              51	               0	       -4.614925	       -4.614925	       +2.750870	       +3.449461	      -43.675173	       -2.590893	      -43.675173	       +0.000000	      -81.150014	      -81.150014
              51	               1	       -4.614925	       -4.614925	       +2.750870	       +3.449461	      -43.675173	       -2.590893	      -43.675173	       +0.000000	      -81.150014	      -81.150014
              51	               2	       +2.755221	       +2.755221	       +9.305040	       +4.618013	      -55.337786	       -2.590893	      -55.337786	       +0.000000	      -96.752520	      -96.752520
              51	               3	       +2.755221	       +2.755221	       +9.305040	       +4.618013	      -55.337786	       -2.590893	      -55.337786	       +0.000000	      -96.752520	      -96.752520
              51	               4	       +4.373519	       +4.373519	      +11.554673	       +3.724100	      -50.454374	       -2.590893	      -50.454374	       +0.000000	      -85.629976	      -85.629976
              51	               5	       +4.373519	       +4.373519	      +11.554673	       +3.724100	      -50.454374	       -2.590893	      -50.454374	       +0.000000	      -85.629976	      -85.629976
              51	               6	       +4.381957	       +4.381957	      +11.568582	       +3.716316	      -50.359532	       -2.590893	      -50.359532	       +0.000000	      -85.434167	      -85.434167
              51	               7	       +4.381957	       +4.381957	      +11.568582	       +3.716316	      -50.359532	       -2.590893	      -50.359532	       +0.000000	      -85.434167	      -85.434167
              51	               8	       +7.392382	       +7.392382	      +16.241814	       +1.412877	      -25.339561	       +0.000000	      -25.339561	       +0.000000	      -33.024430	      -33.024430
              51	               9	       +7.392382	       +7.392382	      +16.241814	       +1.412877	      -25.339561	       +0.000000	      -25.339561	       +0.000000	      -33.024430	      -33.024430
              51	              10	       +9.398127	       +9.398127	      +18.519978	       +0.957467	      -22.758402	       +0.000000	      -22.758402	       +0.000000	      -26.039360	      -26.039360
              51	              11	       +9.398127	       +9.398127	      +18.519978	       +0.957467	      -22.758402	       +0.000000	      -22.758402	       +0.000000	      -26.039360	      -26.039360
              51	              12	      +12.028949	      +12.028949	      +19.381494	       +3.450526	      -40.359951	       +0.000000	      -40.359951	       +0.000000	      -57.887882	      -57.887882
              51	              13	      +12.028949	      +12.028949	      +19.381494	       +3.450526	      -40.359951	       +0.000000	      -40.359951	       +0.000000	      -57.887882	      -57.887882
              51	              14	      +12.031515	      +12.031515	      +19.373905	       +3.466403	      -40.491728	       +0.000000	      -40.491728	       +0.000000	      -58.143148	      -58.143148
              51	              15	      +12.031515	      +12.031515	      +19.373905	       +3.466403	      -40.491728	       +0.000000	      -40.491728	       +0.000000	      -58.143148	      -58.143148
              51	              16	      +14.339292	      +14.339292	      +21.405259	       +3.803683	      -47.386065	       +0.000000	      -47.386065	       +0.000000	      -69.563187	      -69.563187
              51	              17	      +14.339292	      +14.339292	      +21.405259	       +3.803683	      -47.386065	       +0.000000	      -47.386065	       +0.000000	      -69.563187	      -69.563187
              51	              18	      +15.219769	      +15.219769	      +23.296614	       +2.187249	      -34.982273	       +0.000000	      -34.982273	       +0.000000	      -44.480683	      -44.480683
              51	              19	      +15.219769	      +15.219769	      +23.296614	       +2.187249	      -34.982273	       +0.000000	      -34.982273	       +0.000000	      -44.480683	      -44.480683
              51	              20	      +17.717556	      +17.717556	      +27.464505	       +0.955818	      -28.115350	       +0.000000	      -28.115350	       +0.000000	      -27.810378	      -27.810378
              51	              21	      +17.717556	      +17.717556	      +27.464505	       +0.955818	      -28.115350	       +0.000000	      -28.115350	       +0.000000	      -27.810378	      -27.810378
              51	              22	      +19.280829	      +19.280829	      +28.761587	       +0.181705	      -12.901530	       +0.000000	      -12.901530	       +0.000000	       +3.140231	       +3.140231
              51	              23	      +19.280829	      +19.280829	      +28.761587	       +0.181705	      -12.901530	       +0.000000	      -12.901530	       +0.000000	       +3.140231	       +3.140231
              51	              24	      +19.285927	      +19.285927	      +28.769756	       +0.177762	      -12.865618	       +0.000000	      -12.865618	       +0.000000	       +3.216283	       +3.216283
              51	              25	      +19.285927	      +19.285927	      +28.769756	       +0.177762	      -12.865618	       +0.000000	      -12.865618	       +0.000000	       +3.216283	       +3.216283
              51	              26	      +20.016253	      +20.016253	      +30.080584	       +0.257595	      -19.702806	       +0.000000	      -19.702806	       +0.000000	       -9.067434	       -9.067434
              51	              27	      +20.016253	      +20.016253	      +30.080584	       +0.257595	      -19.702806	       +0.000000	      -19.702806	       +0.000000	       -9.067434	       -9.067434
              51	              28	      +23.701060	      +23.701060	      +32.089878	       +2.331874	      -46.574685	       +0.000000	      -46.574685	       +0.000000	      -58.727618	      -58.727618
              51	              29	      +23.701060	      +23.701060	      +32.089878	       +2.331874	      -46.574685	       +0.000000	      -46.574685	       +0.000000	      -58.727618	      -58.727618
              51	              30	      +23.719363	      +23.719363	      +32.108630	       +2.337191	      -46.529517	       +0.000000	      -46.529517	       +0.000000	      -58.613214	      -58.613214
              51	              31	      +23.719363	      +23.719363	      +32.108630	       +2.337191	      -46.529517	       +0.000000	      -46.529517	       +0.000000	      -58.613214	      -58.613214
              51	              32	      +24.638544	      +24.638544	      +32.370408	       +2.736339	      -35.331917	       +0.000000	      -35.331917	       +0.000000	      -35.557087	      -35.557087
              51	              33	      +24.638544	      +24.638544	      +32.370408	       +2.736339	      -35.331917	       +0.000000	      -35.331917	       +0.000000	      -35.557087	      -35.557087
              51	              34	      +26.649740	      +26.649740	      +34.152486	       +2.660283	      -51.322443	       +0.000000	      -51.322443	       +0.000000	      -65.832118	      -65.832118
              51	              35	      +26.649740	      +26.649740	      +34.152486	       +2.660283	      -51.322443	       +0.000000	      -51.322443	       +0.000000	      -65.832118	      -65.832118
              51	              36	      +27.231264	      +27.231264	      +36.591006	       +1.261478	      -18.062184	       +0.000000	      -18.062184	       +0.000000	       +1.728115	       +1.728115
              51	              37	      +27.231264	      +27.231264	      +36.591006	       +1.261478	      -18.062184	       +0.000000	      -18.062184	       +0.000000	       +1.728115	       +1.728115
              51	              38	      +31.194220	      +31.194220	      +40.132771	       +2.320543	      -50.260923	       +0.000000	      -50.260923	       +0.000000	      -58.068531	      -58.068531
              51	              39	      +31.194220	      +31.194220	      +40.132771	       +2.320543	      -50.260923	       +0.000000	      -50.260923	       +0.000000	      -58.068531	      -58.068531
              51	              40	      +32.544431	      +32.544431	      +40.209582	       +2.513365	      -37.966266	       +0.000000	      -37.966266	       +0.000000	      -33.209586	      -33.209586
              51	              41	      +32.544431	      +32.544431	      +40.209582	       +2.513365	      -37.966266	       +0.000000	      -37.966266	       +0.000000	      -33.209586	      -33.209586
              51	              42	      +33.611925	      +33.611925	      +40.867335	       +3.500630	      -70.910262	       +0.000000	      -70.910262	       +0.000000	      -97.452559	      -97.452559
              51	              43	      +33.611925	      +33.611925	      +40.867335	       +3.500630	      -70.910262	       +0.000000	      -70.910262	       +0.000000	      -97.452559	      -97.452559
              51	              44	      +33.626510	      +33.626510	      +40.881623	       +3.517403	      -70.908417	       +0.000000	      -70.908417	       +0.000000	      -97.417808	      -97.417808
              51	              45	      +33.626510	      +33.626510	      +40.881623	       +3.517403	      -70.908417	       +0.000000	      -70.908417	       +0.000000	      -97.417808	      -97.417808
              51	              46	      +35.803158	      +35.803158	      +44.985227	       -0.301509	      -16.826255	       +0.000000	      -16.826255	       +0.000000	      +11.031208	      +11.031208
              51	              47	      +35.803158	      +35.803158	      +44.985227	       -0.301509	      -16.826255	       +0.000000	      -16.826255	       +0.000000	      +11.031208	      +11.031208
              51	              48	      +35.810398	      +35.810398	      +44.991980	       -0.321869	      -16.790554	       +0.000000	      -16.790554	       +0.000000	      +11.089002	      +11.089002
              51	              49	      +35.810398	      +35.810398	      +44.991980	       -0.321869	      -16.790554	       +0.000000	      -16.790554	       +0.000000	      +11.089002	      +11.089002
              51	              50	      +35.948236	      +35.948236	      +44.091022	       +3.052339	      -68.492406	       +0.000000	      -68.492406	       +0.000000	      -89.841451	      -89.841451
              51	              51	      +35.948236	      +35.948236	      +44.091022	       +3.052339	      -68.492406	       +0.000000	      -68.492406	       +0.000000	      -89.841451	      -89.841451
              51	              52	      +36.635940	      +36.635940	      +45.858684	       -0.862400	      -37.108208	       +0.000000	      -37.108208	       +0.000000	      -29.220133	      -29.220133
              51	              53	      +36.635940	      +36.635940	      +45.858684	       -0.862400	      -37.108208	       +0.000000	      -37.108208	       +0.000000	      -29.220133	      -29.220133
              51	              54	      +40.920502	      +40.920502	      +48.907548	       -0.519916	      -31.269474	       +0.000000	      -31.269474	       +0.000000	      -14.151316	      -14.151316
              51	              55	      +40.920502	      +40.920502	      +48.907548	       -0.519916	      -31.269474	       +0.000000	      -31.269474	       +0.000000	      -14.151316	      -14.151316

k-point 52:
              52	               0	       -3.652141	       -3.652141	       +3.544688	       +3.682049	      -46.253052	       -2.590893	      -46.253052	       +0.000000	      -85.279367	      -85.279367
              52	               1	       -3.652141	       -3.652141	       +3.544688	       +3.682049	      -46.253052	       -2.590893	      -46.253052	       +0.000000	      -85.279367	      -85.279367
              52	               2	       +0.787803	       +0.787803	       +7.724352	       +4.062565	      -49.789564	       -2.590893	      -49.789564	       +0.000000	      -87.792211	      -87.792211
              52	               3	       +0.787803	       +0.787803	       +7.724352	       +4.062565	      -49.789564	       -2.590893	      -49.789564	       +0.000000	      -87.792211	      -87.792211
              52	               4	       +2.509647	       +2.509647	      +10.524779	       +2.564617	      -40.939342	       -2.590893	      -40.939342	       +0.000000	      -68.789289	      -68.789289
              52	               5	       +2.509647	       +2.509647	      +10.524779	       +2.564617	      -40.939342	       -2.590893	      -40.939342	       +0.000000	      -68.789289	      -68.789289
              52	               6	       +4.943158	       +4.943158	      +11.819135	       +4.159209	      -56.542533	       -2.590893	      -56.542533	       +0.000000	      -97.106721	      -97.106721
              52	               7	       +4.943158	       +4.943158	      +11.819135	       +4.159209	      -56.542533	       -2.590893	      -56.542533	       +0.000000	      -97.106721	      -97.106721
              52	               8	       +8.712783	       +8.712783	      +17.311238	       +1.677709	      -30.409776	       +0.000000	      -30.409776	       +0.000000	      -41.830604	      -41.830604
              52	               9	       +8.712783	       +8.712783	      +17.311238	       +1.677709	      -30.409776	       +0.000000	      -30.409776	       +0.000000	      -41.830604	      -41.830604
              52	              10	      +11.050364	      +11.050364	      +19.062741	       +2.444968	      -27.467916	       +0.000000	      -27.467916	       +0.000000	      -33.428123	      -33.428123
              52	              11	      +11.050364	      +11.050364	      +19.062741	       +2.444968	      -27.467916	       +0.000000	      -27.467916	       +0.000000	      -33.428123	      -33.428123
              52	              12	      +11.420223	      +11.420223	      +19.116639	       +3.186826	      -47.315149	       +0.000000	      -47.315149	       +0.000000	      -72.326833	      -72.326833
              52	              13	      +11.420223	      +11.420223	      +19.116639	       +3.186826	      -47.315149	       +0.000000	      -47.315149	       +0.000000	      -72.326833	      -72.326833
              52	              14	      +12.411762	      +12.411762	      +20.585085	       +2.347240	      -27.034671	       +0.000000	      -27.034671	       +0.000000	      -31.137016	      -31.137016
              52	              15	      +12.411762	      +12.411762	      +20.585085	       +2.347240	      -27.034671	       +0.000000	      -27.034671	       +0.000000	      -31.137016	      -31.137016
              52	              16	      +12.729589	      +12.729589	      +21.375117	       +1.497793	      -35.236248	       +0.000000	      -35.236248	       +0.000000	      -47.599586	      -47.599586
              52	              17	      +12.729589	      +12.729589	      +21.375117	       +1.497793	      -35.236248	       +0.000000	      -35.236248	       +0.000000	      -47.599586	      -47.599586
              52	              18	      +15.910103	      +15.910103	      +24.055256	       +2.503599	      -27.338135	       +0.000000	      -27.338135	       +0.000000	      -28.117414	      -28.117414
              52	              19	      +15.910103	      +15.910103	      +24.055256	       +2.503599	      -27.338135	       +0.000000	      -27.338135	       +0.000000	      -28.117414	      -28.117414
              52	              20	      +18.904572	      +18.904572	      +28.282817	       +1.051610	      -28.365418	       +0.000000	      -28.365418	       +0.000000	      -27.396409	      -27.396409
              52	              21	      +18.904572	      +18.904572	      +28.282817	       +1.051610	      -28.365418	       +0.000000	      -28.365418	       +0.000000	      -27.396409	      -27.396409
              52	              22	      +19.486085	      +19.486085	      +26.767524	       +3.508778	      -40.978986	       +0.000000	      -40.978986	       +0.000000	      -51.681670	      -51.681670
              52	              23	      +19.486085	      +19.486085	      +26.767523	       +3.508778	      -40.978986	       +0.000000	      -40.978986	       +0.000000	      -51.681670	      -51.681670
              52	              24	      +19.746882	      +19.746882	      +29.652659	       -0.060872	      -29.744257	       +0.000000	      -29.744257	       +0.000000	      -29.896727	      -29.896727
              52	              25	      +19.746882	      +19.746882	      +29.652659	       -0.060872	      -29.744257	       +0.000000	      -29.744257	       +0.000000	      -29.896727	      -29.896727
              52	              26	      +22.954193	      +22.954193	      +32.368626	       +1.054691	      -23.554885	       +0.000000	      -23.554885	       +0.000000	      -13.686453	      -13.686453
              52	              27	      +22.954193	      +22.954193	      +32.368626	       +1.054691	      -23.554885	       +0.000000	      -23.554885	       +0.000000	      -13.686453	      -13.686453
              52	              28	      +23.348114	      +23.348114	      +30.672400	       +3.567412	      -38.696871	       +0.000000	      -38.696871	       +0.000000	      -43.153930	      -43.153930
              52	              29	      +23.348114	      +23.348114	      +30.672400	       +3.567412	      -38.696871	       +0.000000	      -38.696871	       +0.000000	      -43.153930	      -43.153930
              52	              30	      +23.741265	      +23.741265	      +31.165646	       +3.521526	      -47.715678	       +0.000000	      -47.715678	       +0.000000	      -60.744184	      -60.744184
              52	              31	      +23.741265	      +23.741265	      +31.165646	       +3.521526	      -47.715678	       +0.000000	      -47.715678	       +0.000000	      -60.744184	      -60.744184
              52	              32	      +24.988924	      +24.988924	      +32.383000	       +3.302708	      -42.194015	       +0.000000	      -42.194015	       +0.000000	      -48.702323	      -48.702323
              52	              33	      +24.988924	      +24.988924	      +32.383000	       +3.302708	      -42.194015	       +0.000000	      -42.194015	       +0.000000	      -48.702323	      -48.702323
              52	              34	      +27.533701	      +27.533701	      +34.617652	       +3.470162	      -47.698740	       +0.000000	      -47.698740	       +0.000000	      -57.309667	      -57.309667
              52	              35	      +27.533701	      +27.533701	      +34.617652	       +3.470162	      -47.698740	       +0.000000	      -47.698740	       +0.000000	      -57.309667	      -57.309667
              52	              36	      +27.993170	      +27.993170	      +37.527723	       +0.423379	      -31.877597	       +0.000000	      -31.877597	       +0.000000	      -25.804093	      -25.804093
              52	              37	      +27.993170	      +27.993170	      +37.527723	       +0.423379	      -31.877597	       +0.000000	      -31.877597	       +0.000000	      -25.804093	      -25.804093
              52	              38	      +30.240858	      +30.240858	      +38.678094	       +2.540170	      -47.380529	       +0.000000	      -47.380529	       +0.000000	      -53.542795	      -53.542795
              52	              39	      +30.240858	      +30.240858	      +38.678094	       +2.540170	      -47.380529	       +0.000000	      -47.380529	       +0.000000	      -53.542795	      -53.542795
              52	              40	      +31.097912	      +31.097912	      +42.124453	       -0.945349	      -16.726994	       +0.000000	      -16.726994	       +0.000000	       +7.725117	       +7.725117
              52	              41	      +31.097912	      +31.097912	      +42.124453	       -0.945349	      -16.726994	       +0.000000	      -16.726994	       +0.000000	       +7.725117	       +7.725117
              52	              42	      +31.576764	      +31.576764	      +39.706306	       +2.097969	      -42.973706	       +0.000000	      -42.973706	       +0.000000	      -44.143136	      -44.143136
              52	              43	      +31.576764	      +31.576764	      +39.706306	       +2.097969	      -42.973706	       +0.000000	      -42.973706	       +0.000000	      -44.143136	      -44.143136
              52	              44	      +33.085153	      +33.085153	      +41.803148	       +0.706469	      -36.213463	       +0.000000	      -36.213463	       +0.000000	      -29.917309	      -29.917309
              52	              45	      +33.085153	      +33.085153	      +41.803148	       +0.706469	      -36.213463	       +0.000000	      -36.213463	       +0.000000	      -29.917309	      -29.917309
              52	              46	      +33.392607	      +33.392607	      +42.895487	       -0.412781	      -27.837172	       +0.000000	      -27.837172	       +0.000000	      -13.191638	      -13.191638
              52	              47	      +33.392607	      +33.392607	      +42.895487	       -0.412781	      -27.837172	       +0.000000	      -27.837172	       +0.000000	      -13.191638	      -13.191638
              52	              48	      +34.058356	      +34.058356	      +42.396661	       +1.499716	      -40.109225	       +0.000000	      -40.109225	       +0.000000	      -36.322072	      -36.322072
              52	              49	      +34.058356	      +34.058356	      +42.396661	       +1.499716	      -40.109225	       +0.000000	      -40.109225	       +0.000000	      -36.322072	      -36.322072
              52	              50	      +35.683006	      +35.683006	      +43.780507	       +0.592858	      -49.202323	       +0.000000	      -49.202323	       +0.000000	      -54.031281	      -54.031281
              52	              51	      +35.683006	      +35.683006	      +43.780507	       +0.592858	      -49.202323	       +0.000000	      -49.202323	       +0.000000	      -54.031281	      -54.031281
              52	              52	      +36.600157	      +36.600157	      +45.396028	       +1.323468	      -39.115849	       +0.000000	      -39.115849	       +0.000000	      -31.512202	      -31.512202
              52	              53	      +36.600157	      +36.600157	      +45.396028	       +1.323468	      -39.115849	       +0.000000	      -39.115849	       +0.000000	      -31.512202	      -31.512202
              52	              54	      +37.490963	      +37.490963	      +46.954915	       -0.867923	      -32.622300	       +0.000000	      -32.622300	       +0.000000	      -19.157607	      -19.157607
              52	              55	      +37.490963	      +37.490963	      +46.954915	       -0.867923	      -32.622300	       +0.000000	      -32.622300	       +0.000000	      -19.157607	      -19.157607

k-point 53:
              53	               0	       -2.977123	       -2.977123	       +4.097968	       +3.853999	      -47.287351	       -2.590893	      -47.287351	       +0.000000	      -86.622736	      -86.622736
              53	               1	       -2.977123	       -2.977123	       +4.097968	       +3.853999	      -47.287351	       -2.590893	      -47.287351	       +0.000000	      -86.622736	      -86.622736
              53	               2	       -0.116049	       -0.116049	       +6.990877	       +3.816846	      -47.800367	       -2.590893	      -47.800367	       +0.000000	      -84.793011	      -84.793011
              53	               3	       -0.116049	       -0.116049	       +6.990877	       +3.816846	      -47.800367	       -2.590893	      -47.800367	       +0.000000	      -84.793011	      -84.793011
              53	               4	       +2.729549	       +2.729549	      +10.536231	       +2.849979	      -47.771354	       -2.590893	      -47.771354	       +0.000000	      -82.156497	      -82.156497
              53	               5	       +2.729549	       +2.729549	      +10.536231	       +2.849979	      -47.771354	       -2.590893	      -47.771354	       +0.000000	      -82.156497	      -82.156497
              53	               6	       +4.062047	       +4.062047	      +11.255635	       +3.694558	      -49.411190	       -2.590893	      -49.411190	       +0.000000	      -83.872186	      -83.872186
              53	               7	       +4.062047	       +4.062047	      +11.255635	       +3.694558	      -49.411190	       -2.590893	      -49.411190	       +0.000000	      -83.872186	      -83.872186
              53	               8	       +7.784322	       +7.784322	      +16.814402	       +1.145393	      -22.604910	       +0.000000	      -22.604910	       +0.000000	      -27.250024	      -27.250024
              53	               9	       +7.784322	       +7.784322	      +16.814402	       +1.145393	      -22.604910	       +0.000000	      -22.604910	       +0.000000	      -27.250024	      -27.250024
              53	              10	      +10.722893	      +10.722893	      +19.247050	       +1.890900	      -34.752616	       +0.000000	      -34.752616	       +0.000000	      -48.367281	      -48.367281
              53	              11	      +10.722893	      +10.722893	      +19.247050	       +1.890900	      -34.752616	       +0.000000	      -34.752616	       +0.000000	      -48.367281	      -48.367281
              53	              12	      +12.017668	      +12.017668	      +19.532821	       +3.254505	      -41.918176	       +0.000000	      -41.918176	       +0.000000	      -61.049027	      -61.049027
              53	              13	      +12.017668	      +12.017668	      +19.532821	       +3.254505	      -41.918176	       +0.000000	      -41.918176	       +0.000000	      -61.049027	      -61.049027
              53	              14	      +12.190626	      +12.190626	      +20.185910	       +2.462215	      -35.237590	       +0.000000	      -35.237590	       +0.000000	      -47.827056	      -47.827056
              53	              15	      +12.190626	      +12.190626	      +20.185910	       +2.462215	      -35.237590	       +0.000000	      -35.237590	       +0.000000	      -47.827056	      -47.827056
              53	              16	      +16.490593	      +16.490593	      +24.769258	       +2.390074	      -29.291314	       +0.000000	      -29.291314	       +0.000000	      -31.423297	      -31.423297
              53	              17	      +16.490594	      +16.490594	      +24.769258	       +2.390074	      -29.291314	       +0.000000	      -29.291314	       +0.000000	      -31.423297	      -31.423297
              53	              18	      +16.831650	      +16.831650	      +24.713937	       +2.561636	      -36.994014	       +0.000000	      -36.994014	       +0.000000	      -46.712456	      -46.712456
              53	              19	      +16.831650	      +16.831650	      +24.713937	       +2.561636	      -36.994014	       +0.000000	      -36.994014	       +0.000000	      -46.712456	      -46.712456
              53	              20	      +18.448777	      +18.448777	      +26.127695	       +2.975270	      -34.579670	       +0.000000	      -34.579670	       +0.000000	      -40.056376	      -40.056376
              53	              21	      +18.448777	      +18.448777	      +26.127695	       +2.975270	      -34.579670	       +0.000000	      -34.579670	       +0.000000	      -40.056376	      -40.056376
              53	              22	      +18.994914	      +18.994914	      +26.926009	       +2.752558	      -40.614234	       +0.000000	      -40.614234	       +0.000000	      -51.549902	      -51.549902
              53	              23	      +18.994914	      +18.994914	      +26.926009	       +2.752558	      -40.614234	       +0.000000	      -40.614234	       +0.000000	      -51.549902	      -51.549902
              53	              24	      +19.316776	      +19.316776	      +28.331756	       +1.557700	      -30.616666	       +0.000000	      -30.616666	       +0.000000	      -31.343876	      -31.343876
              53	              25	      +19.316776	      +19.316776	      +28.331756	       +1.557700	      -30.616666	       +0.000000	      -30.616666	       +0.000000	      -31.343876	      -31.343876
              53	              26	      +23.142792	      +23.142792	      +31.864496	       +2.175344	      -45.113283	       +0.000000	      -45.113283	       +0.000000	      -56.186726	      -56.186726
              53	              27	      +23.142792	      +23.142792	      +31.864496	       +2.175344	      -45.113283	       +0.000000	      -45.113283	       +0.000000	      -56.186726	      -56.186726
              53	              28	      +24.020018	      +24.020018	      +32.282714	       +2.045363	      -27.696688	       +0.000000	      -27.696688	       +0.000000	      -21.065299	      -21.065299
              53	              29	      +24.020018	      +24.020018	      +32.282714	       +2.045363	      -27.696688	       +0.000000	      -27.696688	       +0.000000	      -21.065299	      -21.065299
              53	              30	      +24.916874	      +24.916874	      +32.199726	       +3.597065	      -50.230443	       +0.000000	      -50.230443	       +0.000000	      -64.664095	      -64.664095
              53	              31	      +24.916874	      +24.916874	      +32.199726	       +3.597065	      -50.230443	       +0.000000	      -50.230443	       +0.000000	      -64.664095	      -64.664095
              53	              32	      +25.658279	      +25.658279	      +34.480949	       +1.458786	      -40.023387	       +0.000000	      -40.023387	       +0.000000	      -44.107039	      -44.107039
              53	              33	      +25.658279	      +25.658279	      +34.480949	       +1.458786	      -40.023387	       +0.000000	      -40.023387	       +0.000000	      -44.107039	      -44.107039
              53	              34	      +25.894803	      +25.894803	      +34.571955	       +1.765876	      -27.812374	       +0.000000	      -27.812374	       +0.000000	      -19.286917	      -19.286917
              53	              35	      +25.894803	      +25.894803	      +34.571955	       +1.765876	      -27.812374	       +0.000000	      -27.812374	       +0.000000	      -19.286917	      -19.286917
              53	              36	      +26.228227	      +26.228227	      +35.046539	       +1.581592	      -30.849143	       +0.000000	      -30.849143	       +0.000000	      -25.070155	      -25.070155
              53	              37	      +26.228227	      +26.228227	      +35.046538	       +1.581592	      -30.849143	       +0.000000	      -30.849143	       +0.000000	      -25.070155	      -25.070155
              53	              38	      +29.216331	      +29.216331	      +38.284647	       +0.364918	      -38.761060	       +0.000000	      -38.761060	       +0.000000	      -38.872556	      -38.872556
              53	              39	      +29.216331	      +29.216331	      +38.284647	       +0.364918	      -38.761060	       +0.000000	      -38.761060	       +0.000000	      -38.872556	      -38.872556
              53	              40	      +30.034572	      +30.034572	      +37.802693	       +3.299391	      -39.808248	       +0.000000	      -39.808248	       +0.000000	      -38.514413	      -38.514413
              53	              41	      +30.034572	      +30.034572	      +37.802693	       +3.299391	      -39.808248	       +0.000000	      -39.808248	       +0.000000	      -38.514413	      -38.514413
              53	              42	      +31.480037	      +31.480037	      +40.463946	       +1.378894	      -32.745066	       +0.000000	      -32.745066	       +0.000000	      -23.647292	      -23.647292
              53	              43	      +31.480037	      +31.480037	      +40.463946	       +1.378894	      -32.745066	       +0.000000	      -32.745066	       +0.000000	      -23.647292	      -23.647292
              53	              44	      +31.875144	      +31.875144	      +41.153943	       -0.096613	      -33.178593	       +0.000000	      -33.178593	       +0.000000	      -25.299855	      -25.299855
              53	              45	      +31.875144	      +31.875144	      +41.153943	       -0.096613	      -33.178593	       +0.000000	      -33.178593	       +0.000000	      -25.299855	      -25.299855
              53	              46	      +34.110067	      +34.110067	      +44.019391	       -0.584364	      -20.466994	       +0.000000	      -20.466994	       +0.000000	       +2.501039	       +2.501039
              53	              47	      +34.110067	      +34.110067	      +44.019391	       -0.584364	      -20.466994	       +0.000000	      -20.466994	       +0.000000	       +2.501039	       +2.501039
              53	              48	      +35.433254	      +35.433254	      +43.671097	       +1.104115	      -45.651249	       +0.000000	      -45.651249	       +0.000000	      -46.527285	      -46.527285
              53	              49	      +35.433254	      +35.433254	      +43.671097	       +1.104115	      -45.651249	       +0.000000	      -45.651249	       +0.000000	      -46.527285	      -46.527285
              53	              50	      +35.605396	      +35.605396	      +44.512099	       +1.564841	      -43.121285	       +0.000000	      -43.121285	       +0.000000	      -40.165630	      -40.165630
              53	              51	      +35.605396	      +35.605396	      +44.512099	       +1.564841	      -43.121285	       +0.000000	      -43.121285	       +0.000000	      -40.165630	      -40.165630
              53	              52	      +35.696503	      +35.696503	      +44.197413	       +0.045295	      -35.741863	       +0.000000	      -35.741863	       +0.000000	      -27.241018	      -27.241018
              53	              53	      +35.696503	      +35.696503	      +44.197413	       +0.045295	      -35.741863	       +0.000000	      -35.741863	       +0.000000	      -27.241018	      -27.241018
              53	              54	      +37.475892	      +37.475892	      +46.754936	       +0.130232	      -38.434924	       +0.000000	      -38.434924	       +0.000000	      -29.984681	      -29.984681
              53	              55	      +37.475892	      +37.475892	      +46.754936	       +0.130232	      -38.434924	       +0.000000	      -38.434924	       +0.000000	      -29.984681	      -29.984681

k-point 54:
              54	               0	       -1.387966	       -1.387966	       +5.451537	       +4.181818	      -51.867265	       -2.590893	      -51.867265	       +0.000000	      -94.101175	      -94.101175
              54	               1	       -1.387964	       -1.387964	       +5.451537	       +4.181818	      -51.867265	       -2.590893	      -51.867265	       +0.000000	      -94.101175	      -94.101175
              54	               2	       -1.382360	       -1.382360	       +5.457457	       +4.181633	      -51.862862	       -2.590893	      -51.862862	       +0.000000	      -94.086635	      -94.086635
              54	               3	       -1.382358	       -1.382358	       +5.457457	       +4.181633	      -51.862862	       -2.590893	      -51.862862	       +0.000000	      -94.086635	      -94.086635
              54	               4	       +2.402472	       +2.402472	      +10.513974	       +2.419758	      -41.313684	       -2.590893	      -41.313684	       +0.000000	      -69.693636	      -69.693636
              54	               5	       +2.402472	       +2.402472	      +10.513973	       +2.419758	      -41.313684	       -2.590893	      -41.313684	       +0.000000	      -69.693636	      -69.693636
              54	               6	       +2.415304	       +2.415304	      +10.530733	       +2.414708	      -41.270200	       -2.590893	      -41.270200	       +0.000000	      -69.594958	      -69.594958
              54	               7	       +2.415304	       +2.415304	      +10.530733	       +2.414708	      -41.270200	       -2.590893	      -41.270200	       +0.000000	      -69.594958	      -69.594958
              54	               8	      +10.549128	      +10.549128	      +19.103389	       +1.928838	      -36.465519	       +0.000000	      -36.465519	       +0.000000	      -51.898810	      -51.898810
              54	               9	      +10.549128	      +10.549128	      +19.103389	       +1.928838	      -36.465519	       +0.000000	      -36.465519	       +0.000000	      -51.898810	      -51.898810
              54	              10	      +10.549303	      +10.549303	      +19.104039	       +1.928279	      -36.467353	       +0.000000	      -36.467353	       +0.000000	      -51.902388	      -51.902388
              54	              11	      +10.549303	      +10.549303	      +19.104038	       +1.928279	      -36.467353	       +0.000000	      -36.467353	       +0.000000	      -51.902388	      -51.902388
              54	              12	      +11.257997	      +11.257997	      +19.293894	       +2.403321	      -30.075749	       +0.000000	      -30.075749	       +0.000000	      -38.454283	      -38.454283
              54	              13	      +11.257998	      +11.257998	      +19.293894	       +2.403321	      -30.075749	       +0.000000	      -30.075749	       +0.000000	      -38.454283	      -38.454283
              54	              14	      +11.274461	      +11.274461	      +19.318004	       +2.392797	      -30.030856	       +0.000000	      -30.030856	       +0.000000	      -38.350911	      -38.350911
              54	              15	      +11.274462	      +11.274462	      +19.318005	       +2.392797	      -30.030856	       +0.000000	      -30.030856	       +0.000000	      -38.350911	      -38.350911
              54	              16	      +16.859270	      +16.859270	      +24.144277	       +3.580521	      -45.050586	       +0.000000	      -45.050586	       +0.000000	      -62.376374	      -62.376374
              54	              17	      +16.859271	      +16.859271	      +24.144277	       +3.580521	      -45.050586	       +0.000000	      -45.050586	       +0.000000	      -62.376374	      -62.376374
              54	              18	      +16.876285	      +16.876285	      +24.158913	       +3.584548	      -45.082426	       +0.000000	      -45.082426	       +0.000000	      -62.421391	      -62.421391
              54	              19	      +16.876286	      +16.876286	      +24.158914	       +3.584548	      -45.082426	       +0.000000	      -45.082426	       +0.000000	      -62.421391	      -62.421391
              54	              20	      +19.315119	      +19.315119	      +26.957562	       +3.030432	      -40.751479	       +0.000000	      -40.751479	       +0.000000	      -51.514964	      -51.514964
              54	              21	      +19.315119	      +19.315119	      +26.957563	       +3.030432	      -40.751479	       +0.000000	      -40.751479	       +0.000000	      -51.514964	      -51.514964
              54	              22	      +19.334960	      +19.334960	      +26.973288	       +3.038625	      -40.713208	       +0.000000	      -40.713208	       +0.000000	      -51.414504	      -51.414504
              54	              23	      +19.334960	      +19.334960	      +26.973289	       +3.038625	      -40.713208	       +0.000000	      -40.713208	       +0.000000	      -51.414503	      -51.414503
              54	              24	      +22.738903	      +22.738903	      +32.319189	       +1.237519	      -25.757490	       +0.000000	      -25.757490	       +0.000000	      -17.958272	      -17.958272
              54	              25	      +22.738903	      +22.738903	      +32.319189	       +1.237519	      -25.757490	       +0.000000	      -25.757490	       +0.000000	      -17.958273	      -17.958273
              54	              26	      +22.745080	      +22.745080	      +32.328972	       +1.233352	      -25.686639	       +0.000000	      -25.686639	       +0.000000	      -17.810956	      -17.810956
              54	              27	      +22.745080	      +22.745080	      +32.328971	       +1.233352	      -25.686639	       +0.000000	      -25.686639	       +0.000000	      -17.810956	      -17.810956
              54	              28	      +24.868442	      +24.868442	      +35.012989	       -0.809329	      -22.478263	       +0.000000	      -22.478263	       +0.000000	      -10.752867	      -10.752867
              54	              29	      +24.868443	      +24.868443	      +35.012989	       -0.809329	      -22.478263	       +0.000000	      -22.478263	       +0.000000	      -10.752867	      -10.752867
              54	              30	      +24.873409	      +24.873409	      +35.021808	       -0.812337	      -22.359030	       +0.000000	      -22.359030	       +0.000000	      -10.508589	      -10.508589
              54	              31	      +24.873410	      +24.873410	      +35.021808	       -0.812337	      -22.359030	       +0.000000	      -22.359030	       +0.000000	      -10.508589	      -10.508589
              54	              32	      +25.197867	      +25.197867	      +32.189265	       +3.947245	      -46.171909	       +0.000000	      -46.171909	       +0.000000	      -56.207308	      -56.207308
              54	              33	      +25.197868	      +25.197868	      +32.189266	       +3.947245	      -46.171909	       +0.000000	      -46.171909	       +0.000000	      -56.207307	      -56.207307
              54	              34	      +25.216670	      +25.216670	      +32.207542	       +3.954217	      -46.214523	       +0.000000	      -46.214523	       +0.000000	      -56.267287	      -56.267287
              54	              35	      +25.216670	      +25.216670	      +32.207543	       +3.954217	      -46.214523	       +0.000000	      -46.214523	       +0.000000	      -56.267286	      -56.267286
              54	              36	      +26.131259	      +26.131259	      +32.996662	       +4.222600	      -60.948492	       +0.000000	      -60.948492	       +0.000000	      -84.677721	      -84.677721
              54	              37	      +26.131260	      +26.131260	      +32.996663	       +4.222600	      -60.948492	       +0.000000	      -60.948492	       +0.000000	      -84.677721	      -84.677721
              54	              38	      +26.135330	      +26.135330	      +32.996674	       +4.229066	      -61.089869	       +0.000000	      -61.089869	       +0.000000	      -84.953998	      -84.953998
              54	              39	      +26.135331	      +26.135331	      +32.996674	       +4.229066	      -61.089869	       +0.000000	      -61.089869	       +0.000000	      -84.953998	      -84.953998
              54	              40	      +29.979956	      +29.979956	      +38.962890	       +1.410791	      -27.299994	       +0.000000	      -27.299994	       +0.000000	      -14.226307	      -14.226307
              54	              41	      +29.979957	      +29.979957	      +38.962890	       +1.410791	      -27.299994	       +0.000000	      -27.299994	       +0.000000	      -14.226307	      -14.226307
              54	              42	      +29.980931	      +29.980931	      +38.964435	       +1.412784	      -27.275309	       +0.000000	      -27.275309	       +0.000000	      -14.173400	      -14.173400
              54	              43	      +29.980931	      +29.980931	      +38.964435	       +1.412784	      -27.275309	       +0.000000	      -27.275309	       +0.000000	      -14.173399	      -14.173399
              54	              44	      +33.774408	      +33.774408	      +43.598737	       -0.760071	      -24.011926	       +0.000000	      -24.011926	       +0.000000	       -5.185187	       -5.185187
              54	              45	      +33.774409	      +33.774409	      +43.598737	       -0.760071	      -24.011926	       +0.000000	      -24.011926	       +0.000000	       -5.185187	       -5.185187
              54	              46	      +33.774437	      +33.774437	      +43.598683	       -0.760196	      -24.009735	       +0.000000	      -24.009735	       +0.000000	       -5.180982	       -5.180982
              54	              47	      +33.774437	      +33.774437	      +43.598683	       -0.760196	      -24.009735	       +0.000000	      -24.009735	       +0.000000	       -5.180983	       -5.180983
              54	              48	      +33.953377	      +33.953377	      +43.605512	       -0.385448	      -26.012394	       +0.000000	      -26.012394	       +0.000000	       -8.804724	       -8.804724
              54	              49	      +33.953378	      +33.953378	      +43.605512	       -0.385448	      -26.012394	       +0.000000	      -26.012394	       +0.000000	       -8.804724	       -8.804724
              54	              50	      +33.956093	      +33.956093	      +43.608135	       -0.387558	      -25.983613	       +0.000000	      -25.983613	       +0.000000	       -8.746648	       -8.746648
              54	              51	      +33.956093	      +33.956093	      +43.608135	       -0.387558	      -25.983613	       +0.000000	      -25.983613	       +0.000000	       -8.746648	       -8.746648
              54	              52	      +35.765739	      +35.765739	      +45.243956	       -1.483777	      -31.776945	       +0.000000	      -31.776945	       +0.000000	      -19.793711	      -19.793711
              54	              53	      +35.765740	      +35.765740	      +45.243956	       -1.483777	      -31.776945	       +0.000000	      -31.776945	       +0.000000	      -19.793711	      -19.793711
              54	              54	      +35.768305	      +35.768305	      +45.245680	       -1.481341	      -31.821503	       +0.000000	      -31.821503	       +0.000000	      -19.878666	      -19.878666
              54	              55	      +35.768306	      +35.768306	      +45.245680	       -1.481341	      -31.821503	       +0.000000	      -31.821503	       +0.000000	      -19.878666	      -19.878666

k-point 55:
              55	               0	       -2.977123	       -2.977123	       +4.097955	       +3.849488	      -48.273429	       -2.590893	      -48.273429	       +0.000000	      -88.599415	      -88.599415
              55	               1	       -2.977123	       -2.977123	       +4.097955	       +3.849488	      -48.273429	       -2.590893	      -48.273429	       +0.000000	      -88.599415	      -88.599415
              55	               2	       -0.116049	       -0.116049	       +6.990843	       +3.823775	      -47.719438	       -2.590893	      -47.719438	       +0.000000	      -84.624258	      -84.624258
              55	               3	       -0.116049	       -0.116049	       +6.990843	       +3.823775	      -47.719438	       -2.590893	      -47.719438	       +0.000000	      -84.624258	      -84.624258
              55	               4	       +2.729549	       +2.729549	      +10.536195	       +2.850654	      -47.949593	       -2.590893	      -47.949593	       +0.000000	      -82.512338	      -82.512338
              55	               5	       +2.729549	       +2.729549	      +10.536195	       +2.850654	      -47.949593	       -2.590893	      -47.949593	       +0.000000	      -82.512338	      -82.512338
              55	               6	       +4.062047	       +4.062047	      +11.255705	       +3.694345	      -49.618021	       -2.590893	      -49.618021	       +0.000000	      -84.285993	      -84.285993
              55	               7	       +4.062047	       +4.062047	      +11.255705	       +3.694345	      -49.618021	       -2.590893	      -49.618021	       +0.000000	      -84.285993	      -84.285993
              55	               8	       +7.784322	       +7.784322	      +16.814381	       +1.136078	      -22.094031	       +0.000000	      -22.094031	       +0.000000	      -26.237603	      -26.237603
              55	               9	       +7.784322	       +7.784322	      +16.814381	       +1.136078	      -22.094031	       +0.000000	      -22.094031	       +0.000000	      -26.237603	      -26.237603
              55	              10	      +10.722893	      +10.722893	      +19.247079	       +1.899304	      -34.430378	       +0.000000	      -34.430378	       +0.000000	      -47.714373	      -47.714373
              55	              11	      +10.722893	      +10.722893	      +19.247079	       +1.899304	      -34.430378	       +0.000000	      -34.430378	       +0.000000	      -47.714373	      -47.714373
              55	              12	      +12.017668	      +12.017668	      +19.532701	       +3.258038	      -42.562707	       +0.000000	      -42.562707	       +0.000000	      -62.334675	      -62.334675
              55	              13	      +12.017668	      +12.017668	      +19.532701	       +3.258038	      -42.562707	       +0.000000	      -42.562707	       +0.000000	      -62.334675	      -62.334675
              55	              14	      +12.190626	      +12.190626	      +20.185867	       +2.457461	      -35.922428	       +0.000000	      -35.922428	       +0.000000	      -49.201528	      -49.201528
              55	              15	      +12.190626	      +12.190626	      +20.185866	       +2.457461	      -35.922428	       +0.000000	      -35.922428	       +0.000000	      -49.201528	      -49.201528
              55	              16	      +16.490593	      +16.490593	      +24.769176	       +2.394007	      -29.424430	       +0.000000	      -29.424430	       +0.000000	      -31.685677	      -31.685677
              55	              17	      +16.490594	      +16.490594	      +24.769176	       +2.394007	      -29.424430	       +0.000000	      -29.424430	       +0.000000	      -31.685677	      -31.685677
              55	              18	      +16.831650	      +16.831650	      +24.713986	       +2.574298	      -36.101545	       +0.000000	      -36.101545	       +0.000000	      -44.914806	      -44.914806
              55	              19	      +16.831650	      +16.831650	      +24.713986	       +2.574298	      -36.101545	       +0.000000	      -36.101545	       +0.000000	      -44.914806	      -44.914806
              55	              20	      +18.448777	      +18.448777	      +26.127669	       +2.975479	      -34.365882	       +0.000000	      -34.365882	       +0.000000	      -39.628615	      -39.628615
              55	              21	      +18.448777	      +18.448777	      +26.127669	       +2.975479	      -34.365882	       +0.000000	      -34.365882	       +0.000000	      -39.628615	      -39.628615
              55	              22	      +18.994914	      +18.994914	      +26.926019	       +2.754796	      -41.555181	       +0.000000	      -41.555181	       +0.000000	      -53.429547	      -53.429547
              55	              23	      +18.994914	      +18.994914	      +26.926019	       +2.754796	      -41.555181	       +0.000000	      -41.555181	       +0.000000	      -53.429547	      -53.429547
              55	              24	      +19.316776	      +19.316776	      +28.331746	       +1.585680	      -31.726857	       +0.000000	      -31.726857	       +0.000000	      -33.536288	      -33.536288
              55	              25	      +19.316776	      +19.316776	      +28.331746	       +1.585680	      -31.726857	       +0.000000	      -31.726857	       +0.000000	      -33.536288	      -33.536288
              55	              26	      +23.142792	      +23.142792	      +31.864366	       +2.169686	      -44.584756	       +0.000000	      -44.584756	       +0.000000	      -55.135461	      -55.135461
              55	              27	      +23.142792	      +23.142792	      +31.864366	       +2.169686	      -44.584756	       +0.000000	      -44.584756	       +0.000000	      -55.135461	      -55.135461
              55	              28	      +24.020018	      +24.020018	      +32.282724	       +2.051128	      -27.094601	       +0.000000	      -27.094601	       +0.000000	      -19.855349	      -19.855349
              55	              29	      +24.020018	      +24.020018	      +32.282724	       +2.051128	      -27.094601	       +0.000000	      -27.094601	       +0.000000	      -19.855349	      -19.855349
              55	              30	      +24.916874	      +24.916874	      +32.199914	       +3.598463	      -49.638454	       +0.000000	      -49.638454	       +0.000000	      -63.478533	      -63.478533
              55	              31	      +24.916874	      +24.916874	      +32.199914	       +3.598463	      -49.638454	       +0.000000	      -49.638454	       +0.000000	      -63.478533	      -63.478533
              55	              32	      +25.658279	      +25.658279	      +34.480810	       +1.433054	      -40.416079	       +0.000000	      -40.416079	       +0.000000	      -44.918295	      -44.918295
              55	              33	      +25.658279	      +25.658279	      +34.480810	       +1.433054	      -40.416079	       +0.000000	      -40.416079	       +0.000000	      -44.918295	      -44.918295
              55	              34	      +25.894803	      +25.894803	      +34.572036	       +1.762050	      -28.649486	       +0.000000	      -28.649486	       +0.000000	      -20.964887	      -20.964887
              55	              35	      +25.894803	      +25.894803	      +34.572036	       +1.762050	      -28.649486	       +0.000000	      -28.649486	       +0.000000	      -20.964887	      -20.964887
              55	              36	      +26.228227	      +26.228227	      +35.046549	       +1.591230	      -31.159302	       +0.000000	      -31.159302	       +0.000000	      -25.680825	      -25.680825
              55	              37	      +26.228227	      +26.228227	      +35.046549	       +1.591230	      -31.159302	       +0.000000	      -31.159302	       +0.000000	      -25.680825	      -25.680825
              55	              38	      +29.216331	      +29.216331	      +38.284651	       +0.364864	      -41.046984	       +0.000000	      -41.046984	       +0.000000	      -43.444453	      -43.444453
              55	              39	      +29.216331	      +29.216331	      +38.284651	       +0.364864	      -41.046984	       +0.000000	      -41.046984	       +0.000000	      -43.444453	      -43.444453
              55	              40	      +30.034572	      +30.034572	      +37.802752	       +3.325530	      -42.892134	       +0.000000	      -42.892134	       +0.000000	      -44.655986	      -44.655986
              55	              41	      +30.034572	      +30.034572	      +37.802752	       +3.325530	      -42.892134	       +0.000000	      -42.892134	       +0.000000	      -44.655986	      -44.655986
              55	              42	      +31.480037	      +31.480037	      +40.463908	       +1.349437	      -32.095061	       +0.000000	      -32.095061	       +0.000000	      -22.376777	      -22.376777
              55	              43	      +31.480037	      +31.480037	      +40.463908	       +1.349437	      -32.095061	       +0.000000	      -32.095061	       +0.000000	      -22.376777	      -22.376777
              55	              44	      +31.875144	      +31.875144	      +41.153958	       -0.099642	      -33.241523	       +0.000000	      -33.241523	       +0.000000	      -25.428731	      -25.428731
              55	              45	      +31.875144	      +31.875144	      +41.153958	       -0.099642	      -33.241523	       +0.000000	      -33.241523	       +0.000000	      -25.428731	      -25.428731
              55	              46	      +34.110067	      +34.110067	      +44.019408	       -0.597667	      -19.836130	       +0.000000	      -19.836130	       +0.000000	       +3.749481	       +3.749481
              55	              47	      +34.110067	      +34.110067	      +44.019408	       -0.597667	      -19.836130	       +0.000000	      -19.836130	       +0.000000	       +3.749481	       +3.749481
              55	              48	      +35.433254	      +35.433254	      +43.671122	       +1.021789	      -43.741904	       +0.000000	      -43.741904	       +0.000000	      -42.790898	      -42.790898
              55	              49	      +35.433254	      +35.433254	      +43.671122	       +1.021789	      -43.741904	       +0.000000	      -43.741904	       +0.000000	      -42.790898	      -42.790898
              55	              50	      +35.605396	      +35.605396	      +44.512044	       +1.547554	      -45.638038	       +0.000000	      -45.638038	       +0.000000	      -45.216479	      -45.216479
              55	              51	      +35.605396	      +35.605396	      +44.512044	       +1.547554	      -45.638038	       +0.000000	      -45.638038	       +0.000000	      -45.216479	      -45.216479
              55	              52	      +35.696503	      +35.696503	      +44.197435	       +0.004945	      -35.913949	       +0.000000	      -35.913949	       +0.000000	      -27.625517	      -27.625517
              55	              53	      +35.696503	      +35.696503	      +44.197435	       +0.004945	      -35.913949	       +0.000000	      -35.913949	       +0.000000	      -27.625517	      -27.625517
              55	              54	      +37.475892	      +37.475892	      +46.754937	       +0.081529	      -40.579121	       +0.000000	      -40.579121	       +0.000000	      -34.321776	      -34.321776
              55	              55	      +37.475892	      +37.475892	      +46.754937	       +0.081529	      -40.579121	       +0.000000	      -40.579121	       +0.000000	      -34.321776	      -34.321776

k-point 56:
              56	               0	       -2.977123	       -2.977123	       +4.097957	       +3.848846	      -48.757834	       -2.590893	      -48.757834	       +0.000000	      -89.568865	      -89.568865
              56	               1	       -2.977123	       -2.977123	       +4.097957	       +3.848846	      -48.757834	       -2.590893	      -48.757834	       +0.000000	      -89.568865	      -89.568865
              56	               2	       -0.116049	       -0.116049	       +6.990861	       +3.824931	      -49.054059	       -2.590893	      -49.054059	       +0.000000	      -87.292326	      -87.292326
              56	               3	       -0.116049	       -0.116049	       +6.990861	       +3.824931	      -49.054059	       -2.590893	      -49.054059	       +0.000000	      -87.292326	      -87.292326
              56	               4	       +2.729549	       +2.729549	      +10.536182	       +2.850015	      -42.368217	       -2.590893	      -42.368217	       +0.000000	      -71.350237	      -71.350237
              56	               5	       +2.729549	       +2.729549	      +10.536182	       +2.850015	      -42.368217	       -2.590893	      -42.368217	       +0.000000	      -71.350237	      -71.350237
              56	               6	       +4.062047	       +4.062047	      +11.255784	       +3.690675	      -52.289089	       -2.590893	      -52.289089	       +0.000000	      -89.631720	      -89.631720
              56	               7	       +4.062047	       +4.062047	      +11.255784	       +3.690675	      -52.289089	       -2.590893	      -52.289089	       +0.000000	      -89.631720	      -89.631720
              56	               8	       +7.784322	       +7.784322	      +16.814367	       +1.142107	      -27.833091	       +0.000000	      -27.833091	       +0.000000	      -37.709708	      -37.709708
              56	               9	       +7.784322	       +7.784322	      +16.814367	       +1.142107	      -27.833091	       +0.000000	      -27.833091	       +0.000000	      -37.709708	      -37.709708
              56	              10	      +10.722893	      +10.722893	      +19.247195	       +1.904470	      -31.035445	       +0.000000	      -31.035445	       +0.000000	      -40.919225	      -40.919225
              56	              11	      +10.722893	      +10.722893	      +19.247195	       +1.904470	      -31.035445	       +0.000000	      -31.035445	       +0.000000	      -40.919225	      -40.919225
              56	              12	      +12.017668	      +12.017668	      +19.532662	       +3.257179	      -39.446102	       +0.000000	      -39.446102	       +0.000000	      -56.102364	      -56.102364
              56	              13	      +12.017668	      +12.017668	      +19.532662	       +3.257179	      -39.446102	       +0.000000	      -39.446102	       +0.000000	      -56.102364	      -56.102364
              56	              14	      +12.190626	      +12.190626	      +20.185867	       +2.462374	      -33.383253	       +0.000000	      -33.383253	       +0.000000	      -44.118264	      -44.118264
              56	              15	      +12.190626	      +12.190626	      +20.185867	       +2.462374	      -33.383253	       +0.000000	      -33.383253	       +0.000000	      -44.118264	      -44.118264
              56	              16	      +16.490593	      +16.490593	      +24.769077	       +2.400748	      -30.045236	       +0.000000	      -30.045236	       +0.000000	      -32.920646	      -32.920646
              56	              17	      +16.490594	      +16.490594	      +24.769077	       +2.400748	      -30.045236	       +0.000000	      -30.045236	       +0.000000	      -32.920646	      -32.920646
              56	              18	      +16.831650	      +16.831650	      +24.714057	       +2.565493	      -40.869211	       +0.000000	      -40.869211	       +0.000000	      -54.458871	      -54.458871
              56	              19	      +16.831650	      +16.831650	      +24.714057	       +2.565493	      -40.869211	       +0.000000	      -40.869211	       +0.000000	      -54.458871	      -54.458871
              56	              20	      +18.448777	      +18.448777	      +26.127586	       +2.966335	      -38.596039	       +0.000000	      -38.596039	       +0.000000	      -48.098158	      -48.098158
              56	              21	      +18.448777	      +18.448777	      +26.127586	       +2.966335	      -38.596039	       +0.000000	      -38.596039	       +0.000000	      -48.098158	      -48.098158
              56	              22	      +18.994914	      +18.994914	      +26.926121	       +2.752166	      -40.588424	       +0.000000	      -40.588424	       +0.000000	      -51.498561	      -51.498561
              56	              23	      +18.994914	      +18.994914	      +26.926121	       +2.752166	      -40.588424	       +0.000000	      -40.588424	       +0.000000	      -51.498561	      -51.498561
              56	              24	      +19.316776	      +19.316776	      +28.331773	       +1.585869	      -32.908479	       +0.000000	      -32.908479	       +0.000000	      -35.899315	      -35.899315
              56	              25	      +19.316776	      +19.316776	      +28.331773	       +1.585869	      -32.908479	       +0.000000	      -32.908479	       +0.000000	      -35.899315	      -35.899315
              56	              26	      +23.142792	      +23.142792	      +31.864396	       +2.186790	      -37.573563	       +0.000000	      -37.573563	       +0.000000	      -41.095939	      -41.095939
              56	              27	      +23.142792	      +23.142792	      +31.864396	       +2.186790	      -37.573563	       +0.000000	      -37.573563	       +0.000000	      -41.095939	      -41.095939
              56	              28	      +24.020018	      +24.020018	      +32.282731	       +2.073431	      -25.804475	       +0.000000	      -25.804475	       +0.000000	      -17.252790	      -17.252790
              56	              29	      +24.020018	      +24.020018	      +32.282731	       +2.073431	      -25.804475	       +0.000000	      -25.804475	       +0.000000	      -17.252790	      -17.252790
              56	              30	      +24.916874	      +24.916874	      +32.199976	       +3.565786	      -47.560332	       +0.000000	      -47.560332	       +0.000000	      -59.354902	      -59.354902
              56	              31	      +24.916874	      +24.916874	      +32.199976	       +3.565786	      -47.560332	       +0.000000	      -47.560332	       +0.000000	      -59.354902	      -59.354902
              56	              32	      +25.658279	      +25.658279	      +34.480719	       +1.449548	      -39.258830	       +0.000000	      -39.258830	       +0.000000	      -42.587391	      -42.587391
              56	              33	      +25.658279	      +25.658279	      +34.480719	       +1.449548	      -39.258830	       +0.000000	      -39.258830	       +0.000000	      -42.587391	      -42.587391
              56	              34	      +25.894803	      +25.894803	      +34.572062	       +1.748635	      -31.378455	       +0.000000	      -31.378455	       +0.000000	      -26.436214	      -26.436214
              56	              35	      +25.894803	      +25.894803	      +34.572062	       +1.748635	      -31.378455	       +0.000000	      -31.378455	       +0.000000	      -26.436214	      -26.436214
              56	              36	      +26.228227	      +26.228227	      +35.046550	       +1.558489	      -33.276893	       +0.000000	      -33.276893	       +0.000000	      -29.948747	      -29.948747
              56	              37	      +26.228227	      +26.228227	      +35.046550	       +1.558489	      -33.276893	       +0.000000	      -33.276893	       +0.000000	      -29.948747	      -29.948747
              56	              38	      +29.216331	      +29.216331	      +38.284654	       +0.363869	      -39.743348	       +0.000000	      -39.743348	       +0.000000	      -40.838173	      -40.838173
              56	              39	      +29.216331	      +29.216331	      +38.284654	       +0.363869	      -39.743348	       +0.000000	      -39.743348	       +0.000000	      -40.838173	      -40.838173
              56	              40	      +30.034572	      +30.034572	      +37.802784	       +3.260998	      -40.629675	       +0.000000	      -40.629675	       +0.000000	      -40.195568	      -40.195568
              56	              41	      +30.034572	      +30.034572	      +37.802784	       +3.260998	      -40.629675	       +0.000000	      -40.629675	       +0.000000	      -40.195568	      -40.195568
              56	              42	      +31.480037	      +31.480037	      +40.463846	       +1.344849	      -33.969935	       +0.000000	      -33.969935	       +0.000000	      -26.131175	      -26.131175
              56	              43	      +31.480037	      +31.480037	      +40.463846	       +1.344849	      -33.969935	       +0.000000	      -33.969935	       +0.000000	      -26.131175	      -26.131175
              56	              44	      +31.875144	      +31.875144	      +41.153989	       -0.108343	      -29.427536	       +0.000000	      -29.427536	       +0.000000	      -17.809426	      -17.809426
              56	              45	      +31.875144	      +31.875144	      +41.153989	       -0.108343	      -29.427536	       +0.000000	      -29.427536	       +0.000000	      -17.809426	      -17.809426
              56	              46	      +34.110067	      +34.110067	      +44.019425	       -0.575326	      -19.234628	       +0.000000	      -19.234628	       +0.000000	       +4.974843	       +4.974843
              56	              47	      +34.110067	      +34.110067	      +44.019425	       -0.575326	      -19.234628	       +0.000000	      -19.234628	       +0.000000	       +4.974843	       +4.974843
              56	              48	      +35.433254	      +35.433254	      +43.671136	       +1.055127	      -50.547609	       +0.000000	      -50.547609	       +0.000000	      -56.368955	      -56.368955
              56	              49	      +35.433254	      +35.433254	      +43.671136	       +1.055127	      -50.547609	       +0.000000	      -50.547609	       +0.000000	      -56.368955	      -56.368955
              56	              50	      +35.605396	      +35.605396	      +44.511967	       +1.589905	      -44.768950	       +0.000000	      -44.768950	       +0.000000	      -43.436029	      -43.436029
              56	              51	      +35.605396	      +35.605396	      +44.511967	       +1.589905	      -44.768950	       +0.000000	      -44.768950	       +0.000000	      -43.436029	      -43.436029
              56	              52	      +35.696503	      +35.696503	      +44.197471	       +0.061152	      -42.384769	       +0.000000	      -42.384769	       +0.000000	      -40.510915	      -40.510915
              56	              53	      +35.696503	      +35.696503	      +44.197471	       +0.061152	      -42.384769	       +0.000000	      -42.384769	       +0.000000	      -40.510915	      -40.510915
              56	              54	      +37.475892	      +37.475892	      +46.754944	       +0.125797	      -34.310816	       +0.000000	      -34.310816	       +0.000000	      -21.740891	      -21.740891
              56	              55	      +37.475892	      +37.475892	      +46.754944	       +0.125797	      -34.310816	       +0.000000	      -34.310816	       +0.000000	      -21.740891	      -21.740891

k-point 57:
              57	               0	       -1.387966	       -1.387966	       +5.451559	       +4.181681	      -51.576321	       -2.590893	      -51.576321	       +0.000000	      -93.519403	      -93.519403
              57	               1	       -1.387964	       -1.387964	       +5.451559	       +4.181681	      -51.576321	       -2.590893	      -51.576321	       +0.000000	      -93.519403	      -93.519403
              57	               2	       -1.382360	       -1.382360	       +5.457435	       +4.181482	      -51.572260	       -2.590893	      -51.572260	       +0.000000	      -93.505602	      -93.505602
              57	               3	       -1.382358	       -1.382358	       +5.457436	       +4.181482	      -51.572260	       -2.590893	      -51.572260	       +0.000000	      -93.505602	      -93.505602
              57	               4	       +2.402472	       +2.402472	      +10.514024	       +2.419915	      -41.580207	       -2.590893	      -41.580207	       +0.000000	      -70.226476	      -70.226476
              57	               5	       +2.402472	       +2.402472	      +10.514024	       +2.419915	      -41.580207	       -2.590893	      -41.580207	       +0.000000	      -70.226476	      -70.226476
              57	               6	       +2.415304	       +2.415304	      +10.530685	       +2.414865	      -41.536493	       -2.590893	      -41.536493	       +0.000000	      -70.127437	      -70.127437
              57	               7	       +2.415304	       +2.415304	      +10.530685	       +2.414865	      -41.536493	       -2.590893	      -41.536493	       +0.000000	      -70.127438	      -70.127438
              57	               8	      +10.549128	      +10.549128	      +19.103393	       +1.931632	      -36.211623	       +0.000000	      -36.211623	       +0.000000	      -51.388222	      -51.388222
              57	               9	      +10.549128	      +10.549128	      +19.103393	       +1.931632	      -36.211623	       +0.000000	      -36.211623	       +0.000000	      -51.388222	      -51.388222
              57	              10	      +10.549303	      +10.549303	      +19.104039	       +1.931073	      -36.210599	       +0.000000	      -36.210599	       +0.000000	      -51.386086	      -51.386086
              57	              11	      +10.549303	      +10.549303	      +19.104039	       +1.931073	      -36.210599	       +0.000000	      -36.210599	       +0.000000	      -51.386086	      -51.386086
              57	              12	      +11.257997	      +11.257997	      +19.293954	       +2.403414	      -30.315923	       +0.000000	      -30.315923	       +0.000000	      -38.934477	      -38.934477
              57	              13	      +11.257998	      +11.257998	      +19.293955	       +2.403414	      -30.315923	       +0.000000	      -30.315923	       +0.000000	      -38.934477	      -38.934477
              57	              14	      +11.274461	      +11.274461	      +19.317941	       +2.392870	      -30.268599	       +0.000000	      -30.268599	       +0.000000	      -38.826385	      -38.826385
              57	              15	      +11.274462	      +11.274462	      +19.317942	       +2.392870	      -30.268599	       +0.000000	      -30.268599	       +0.000000	      -38.826385	      -38.826385
              57	              16	      +16.859270	      +16.859270	      +24.144342	       +3.579552	      -45.291005	       +0.000000	      -45.291005	       +0.000000	      -62.858115	      -62.858115
              57	              17	      +16.859271	      +16.859271	      +24.144343	       +3.579552	      -45.291005	       +0.000000	      -45.291005	       +0.000000	      -62.858114	      -62.858114
              57	              18	      +16.876285	      +16.876285	      +24.158849	       +3.583766	      -45.328174	       +0.000000	      -45.328174	       +0.000000	      -62.913733	      -62.913733
              57	              19	      +16.876286	      +16.876286	      +24.158850	       +3.583766	      -45.328174	       +0.000000	      -45.328174	       +0.000000	      -62.913732	      -62.913732
              57	              20	      +19.315119	      +19.315119	      +26.957638	       +3.024711	      -39.910422	       +0.000000	      -39.910422	       +0.000000	      -49.838495	      -49.838495
              57	              21	      +19.315119	      +19.315119	      +26.957639	       +3.024711	      -39.910422	       +0.000000	      -39.910422	       +0.000000	      -49.838494	      -49.838494
              57	              22	      +19.334960	      +19.334960	      +26.973213	       +3.032981	      -39.877640	       +0.000000	      -39.877640	       +0.000000	      -49.749087	      -49.749087
              57	              23	      +19.334960	      +19.334960	      +26.973213	       +3.032981	      -39.877640	       +0.000000	      -39.877640	       +0.000000	      -49.749086	      -49.749086
              57	              24	      +22.738903	      +22.738903	      +32.319213	       +1.240463	      -25.492377	       +0.000000	      -25.492377	       +0.000000	      -17.425077	      -17.425077
              57	              25	      +22.738903	      +22.738903	      +32.319213	       +1.240463	      -25.492377	       +0.000000	      -25.492377	       +0.000000	      -17.425077	      -17.425077
              57	              26	      +22.745080	      +22.745080	      +32.328948	       +1.236309	      -25.421294	       +0.000000	      -25.421294	       +0.000000	      -17.277332	      -17.277332
              57	              27	      +22.745080	      +22.745080	      +32.328948	       +1.236309	      -25.421294	       +0.000000	      -25.421294	       +0.000000	      -17.277332	      -17.277332
              57	              28	      +24.868442	      +24.868442	      +35.013010	       -0.805968	      -22.555270	       +0.000000	      -22.555270	       +0.000000	      -10.903497	      -10.903497
              57	              29	      +24.868443	      +24.868443	      +35.013010	       -0.805968	      -22.555270	       +0.000000	      -22.555270	       +0.000000	      -10.903497	      -10.903497
              57	              30	      +24.873409	      +24.873409	      +35.021790	       -0.809065	      -22.436753	       +0.000000	      -22.436753	       +0.000000	      -10.660782	      -10.660782
              57	              31	      +24.873410	      +24.873410	      +35.021790	       -0.809065	      -22.436753	       +0.000000	      -22.436753	       +0.000000	      -10.660782	      -10.660782
              57	              32	      +25.197867	      +25.197867	      +32.189338	       +3.950376	      -46.484517	       +0.000000	      -46.484517	       +0.000000	      -56.829320	      -56.829320
              57	              33	      +25.197868	      +25.197868	      +32.189339	       +3.950376	      -46.484517	       +0.000000	      -46.484517	       +0.000000	      -56.829319	      -56.829319
              57	              34	      +25.216670	      +25.216670	      +32.207469	       +3.957336	      -46.520998	       +0.000000	      -46.520998	       +0.000000	      -56.877191	      -56.877191
              57	              35	      +25.216670	      +25.216670	      +32.207470	       +3.957336	      -46.520998	       +0.000000	      -46.520998	       +0.000000	      -56.877190	      -56.877190
              57	              36	      +26.131259	      +26.131259	      +32.996678	       +4.206342	      -61.127672	       +0.000000	      -61.127672	       +0.000000	      -85.052323	      -85.052323
              57	              37	      +26.131260	      +26.131260	      +32.996678	       +4.206342	      -61.127672	       +0.000000	      -61.127672	       +0.000000	      -85.052323	      -85.052323
              57	              38	      +26.135330	      +26.135330	      +32.996658	       +4.212841	      -61.274884	       +0.000000	      -61.274884	       +0.000000	      -85.340268	      -85.340268
              57	              39	      +26.135331	      +26.135331	      +32.996658	       +4.212841	      -61.274884	       +0.000000	      -61.274884	       +0.000000	      -85.340268	      -85.340268
              57	              40	      +29.979956	      +29.979956	      +38.962893	       +1.430195	      -26.744901	       +0.000000	      -26.744901	       +0.000000	      -13.096714	      -13.096714
              57	              41	      +29.979957	      +29.979957	      +38.962893	       +1.430195	      -26.744901	       +0.000000	      -26.744901	       +0.000000	      -13.096714	      -13.096714
              57	              42	      +29.980931	      +29.980931	      +38.964431	       +1.432162	      -26.722989	       +0.000000	      -26.722989	       +0.000000	      -13.049385	      -13.049385
              57	              43	      +29.980931	      +29.980931	      +38.964431	       +1.432162	      -26.722989	       +0.000000	      -26.722989	       +0.000000	      -13.049385	      -13.049385
              57	              44	      +33.774408	      +33.774408	      +43.598737	       -0.756292	      -24.121781	       +0.000000	      -24.121781	       +0.000000	       -5.401118	       -5.401118
              57	              45	      +33.774409	      +33.774409	      +43.598737	       -0.756292	      -24.121781	       +0.000000	      -24.121781	       +0.000000	       -5.401118	       -5.401118
              57	              46	      +33.774437	      +33.774437	      +43.598683	       -0.756418	      -24.118580	       +0.000000	      -24.118580	       +0.000000	       -5.394896	       -5.394896
              57	              47	      +33.774437	      +33.774437	      +43.598683	       -0.756418	      -24.118580	       +0.000000	      -24.118580	       +0.000000	       -5.394896	       -5.394896
              57	              48	      +33.953377	      +33.953377	      +43.605522	       -0.387168	      -25.562145	       +0.000000	      -25.562145	       +0.000000	       -7.905935	       -7.905935
              57	              49	      +33.953378	      +33.953378	      +43.605522	       -0.387168	      -25.562145	       +0.000000	      -25.562145	       +0.000000	       -7.905935	       -7.905935
              57	              50	      +33.956093	      +33.956093	      +43.608125	       -0.389226	      -25.537180	       +0.000000	      -25.537180	       +0.000000	       -7.855460	       -7.855460
              57	              51	      +33.956093	      +33.956093	      +43.608125	       -0.389226	      -25.537180	       +0.000000	      -25.537180	       +0.000000	       -7.855460	       -7.855460
              57	              52	      +35.765739	      +35.765739	      +45.243966	       -1.488127	      -31.211595	       +0.000000	      -31.211595	       +0.000000	      -18.667352	      -18.667352
              57	              53	      +35.765740	      +35.765740	      +45.243966	       -1.488127	      -31.211595	       +0.000000	      -31.211595	       +0.000000	      -18.667352	      -18.667352
              57	              54	      +35.768305	      +35.768305	      +45.245670	       -1.485687	      -31.256423	       +0.000000	      -31.256423	       +0.000000	      -18.752864	      -18.752864
              57	              55	      +35.768306	      +35.768306	      +45.245670	       -1.485687	      -31.256423	       +0.000000	      -31.256423	       +0.000000	      -18.752864	      -18.752864

k-point 58:
              58	               0	       -2.977123	       -2.977123	       +4.097939	       +3.851790	      -47.243790	       -2.590893	      -47.243790	       +0.000000	      -86.537852	      -86.537852
              58	               1	       -2.977123	       -2.977123	       +4.097939	       +3.851790	      -47.243790	       -2.590893	      -47.243790	       +0.000000	      -86.537852	      -86.537852
              58	               2	       -0.116049	       -0.116049	       +6.990797	       +3.818780	      -53.946949	       -2.590893	      -53.946949	       +0.000000	      -97.084321	      -97.084321
              58	               3	       -0.116049	       -0.116049	       +6.990797	       +3.818780	      -53.946949	       -2.590893	      -53.946949	       +0.000000	      -97.084321	      -97.084321
              58	               4	       +2.729549	       +2.729549	      +10.535961	       +2.848541	      -42.849893	       -2.590893	      -42.849893	       +0.000000	      -72.315285	      -72.315285
              58	               5	       +2.729549	       +2.729549	      +10.535961	       +2.848541	      -42.849893	       -2.590893	      -42.849893	       +0.000000	      -72.315285	      -72.315285
              58	               6	       +4.062047	       +4.062047	      +11.255689	       +3.696264	      -50.212041	       -2.590893	      -50.212041	       +0.000000	      -85.472129	      -85.472129
              58	               7	       +4.062047	       +4.062047	      +11.255689	       +3.696264	      -50.212041	       -2.590893	      -50.212041	       +0.000000	      -85.472129	      -85.472129
              58	               8	       +7.784322	       +7.784322	      +16.814325	       +1.143630	      -23.665647	       +0.000000	      -23.665647	       +0.000000	      -29.373339	      -29.373339
              58	               9	       +7.784322	       +7.784322	      +16.814325	       +1.143630	      -23.665647	       +0.000000	      -23.665647	       +0.000000	      -29.373339	      -29.373339
              58	              10	      +10.722893	      +10.722893	      +19.246947	       +1.896446	      -35.946940	       +0.000000	      -35.946940	       +0.000000	      -50.750488	      -50.750488
              58	              11	      +10.722893	      +10.722893	      +19.246947	       +1.896446	      -35.946940	       +0.000000	      -35.946940	       +0.000000	      -50.750488	      -50.750488
              58	              12	      +12.017668	      +12.017668	      +19.532509	       +3.253632	      -38.931135	       +0.000000	      -38.931135	       +0.000000	      -55.076130	      -55.076130
              58	              13	      +12.017668	      +12.017668	      +19.532509	       +3.253632	      -38.931135	       +0.000000	      -38.931135	       +0.000000	      -55.076130	      -55.076130
              58	              14	      +12.190626	      +12.190626	      +20.186023	       +2.470228	      -29.821201	       +0.000000	      -29.821201	       +0.000000	      -36.986150	      -36.986150
              58	              15	      +12.190626	      +12.190626	      +20.186023	       +2.470228	      -29.821201	       +0.000000	      -29.821201	       +0.000000	      -36.986150	      -36.986150
              58	              16	      +16.490593	      +16.490593	      +24.768869	       +2.401128	      -32.057817	       +0.000000	      -32.057817	       +0.000000	      -36.945636	      -36.945636
              58	              17	      +16.490594	      +16.490594	      +24.768869	       +2.401128	      -32.057817	       +0.000000	      -32.057817	       +0.000000	      -36.945636	      -36.945636
              58	              18	      +16.831650	      +16.831650	      +24.714143	       +2.565265	      -40.743317	       +0.000000	      -40.743317	       +0.000000	      -54.207226	      -54.207226
              58	              19	      +16.831650	      +16.831650	      +24.714143	       +2.565265	      -40.743317	       +0.000000	      -40.743317	       +0.000000	      -54.207226	      -54.207226
              58	              20	      +18.448777	      +18.448777	      +26.127341	       +2.965013	      -42.236036	       +0.000000	      -42.236036	       +0.000000	      -55.379719	      -55.379719
              58	              21	      +18.448777	      +18.448777	      +26.127341	       +2.965013	      -42.236036	       +0.000000	      -42.236036	       +0.000000	      -55.379719	      -55.379719
              58	              22	      +18.994914	      +18.994914	      +26.926293	       +2.750853	      -46.997465	       +0.000000	      -46.997465	       +0.000000	      -64.317785	      -64.317785
              58	              23	      +18.994914	      +18.994914	      +26.926293	       +2.750853	      -46.997465	       +0.000000	      -46.997465	       +0.000000	      -64.317785	      -64.317785
              58	              24	      +19.316776	      +19.316776	      +28.331760	       +1.588299	      -33.385688	       +0.000000	      -33.385688	       +0.000000	      -36.851316	      -36.851316
              58	              25	      +19.316776	      +19.316776	      +28.331760	       +1.588299	      -33.385688	       +0.000000	      -33.385688	       +0.000000	      -36.851316	      -36.851316
              58	              26	      +23.142792	      +23.142792	      +31.864269	       +2.181010	      -41.212608	       +0.000000	      -41.212608	       +0.000000	      -48.379937	      -48.379937
              58	              27	      +23.142792	      +23.142792	      +31.864269	       +2.181010	      -41.212608	       +0.000000	      -41.212608	       +0.000000	      -48.379937	      -48.379937
              58	              28	      +24.020018	      +24.020018	      +32.282713	       +2.081700	      -25.625884	       +0.000000	      -25.625884	       +0.000000	      -16.887355	      -16.887355
              58	              29	      +24.020018	      +24.020018	      +32.282713	       +2.081700	      -25.625884	       +0.000000	      -25.625884	       +0.000000	      -16.887355	      -16.887355
              58	              30	      +24.916874	      +24.916874	      +32.199679	       +3.567290	      -52.086033	       +0.000000	      -52.086033	       +0.000000	      -68.405097	      -68.405097
              58	              31	      +24.916874	      +24.916874	      +32.199679	       +3.567290	      -52.086033	       +0.000000	      -52.086033	       +0.000000	      -68.405097	      -68.405097
              58	              32	      +25.658279	      +25.658279	      +34.480923	       +1.446488	      -35.808688	       +0.000000	      -35.808688	       +0.000000	      -35.689965	      -35.689965
              58	              33	      +25.658279	      +25.658279	      +34.480923	       +1.446488	      -35.808688	       +0.000000	      -35.808688	       +0.000000	      -35.689965	      -35.689965
              58	              34	      +25.894803	      +25.894803	      +34.572158	       +1.742681	      -27.432273	       +0.000000	      -27.432273	       +0.000000	      -18.549706	      -18.549706
              58	              35	      +25.894803	      +25.894803	      +34.572158	       +1.742681	      -27.432273	       +0.000000	      -27.432273	       +0.000000	      -18.549706	      -18.549706
              58	              36	      +26.228227	      +26.228227	      +35.046556	       +1.562879	      -33.963614	       +0.000000	      -33.963614	       +0.000000	      -31.317793	      -31.317793
              58	              37	      +26.228227	      +26.228227	      +35.046556	       +1.562879	      -33.963614	       +0.000000	      -33.963614	       +0.000000	      -31.317793	      -31.317793
              58	              38	      +29.216331	      +29.216331	      +38.284645	       +0.354835	      -36.709451	       +0.000000	      -36.709451	       +0.000000	      -34.779421	      -34.779421
              58	              39	      +29.216331	      +29.216331	      +38.284645	       +0.354835	      -36.709451	       +0.000000	      -36.709451	       +0.000000	      -34.779421	      -34.779421
              58	              40	      +30.034572	      +30.034572	      +37.802689	       +3.254170	      -41.106961	       +0.000000	      -41.106961	       +0.000000	      -41.157063	      -41.157063
              58	              41	      +30.034572	      +30.034572	      +37.802689	       +3.254170	      -41.106961	       +0.000000	      -41.106961	       +0.000000	      -41.157063	      -41.157063
              58	              42	      +31.480037	      +31.480037	      +40.463824	       +1.354112	      -37.162086	       +0.000000	      -37.162086	       +0.000000	      -32.506237	      -32.506237
              58	              43	      +31.480037	      +31.480037	      +40.463824	       +1.354112	      -37.162086	       +0.000000	      -37.162086	       +0.000000	      -32.506237	      -32.506237
              58	              44	      +31.875144	      +31.875144	      +41.154044	       -0.126803	      -34.898167	       +0.000000	      -34.898167	       +0.000000	      -28.769092	      -28.769092
              58	              45	      +31.875144	      +31.875144	      +41.154044	       -0.126803	      -34.898167	       +0.000000	      -34.898167	       +0.000000	      -28.769092	      -28.769092
              58	              46	      +34.110067	      +34.110067	      +44.019365	       -0.566551	      -18.766542	       +0.000000	      -18.766542	       +0.000000	       +5.919730	       +5.919730
              58	              47	      +34.110067	      +34.110067	      +44.019365	       -0.566551	      -18.766542	       +0.000000	      -18.766542	       +0.000000	       +5.919730	       +5.919730
              58	              48	      +35.433254	      +35.433254	      +43.671075	       +1.075683	      -41.440983	       +0.000000	      -41.440983	       +0.000000	      -38.135208	      -38.135208
              58	              49	      +35.433254	      +35.433254	      +43.671075	       +1.075683	      -41.440983	       +0.000000	      -41.440983	       +0.000000	      -38.135208	      -38.135208
              58	              50	      +35.605396	      +35.605396	      +44.511918	       +1.577687	      -40.902198	       +0.000000	      -40.902198	       +0.000000	      -35.714791	      -35.714791
              58	              51	      +35.605396	      +35.605396	      +44.511918	       +1.577687	      -40.902198	       +0.000000	      -40.902198	       +0.000000	      -35.714791	      -35.714791
              58	              52	      +35.696503	      +35.696503	      +44.197551	       +0.078828	      -39.137616	       +0.000000	      -39.137616	       +0.000000	      -33.998852	      -33.998852
              58	              53	      +35.696503	      +35.696503	      +44.197551	       +0.078828	      -39.137616	       +0.000000	      -39.137616	       +0.000000	      -33.998852	      -33.998852
              58	              54	      +37.475892	      +37.475892	      +46.754949	       +0.122069	      -35.445599	       +0.000000	      -35.445599	       +0.000000	      -24.014181	      -24.014181
              58	              55	      +37.475892	      +37.475892	      +46.754949	       +0.122069	      -35.445599	       +0.000000	      -35.445599	       +0.000000	      -24.014181	      -24.014181

k-point 59:
              59	               0	       -3.652141	       -3.652141	       +3.544673	       +3.680400	      -46.074400	       -2.590893	      -46.074400	       +0.000000	      -84.923727	      -84.923727
              59	               1	       -3.652141	       -3.652141	       +3.544673	       +3.680400	      -46.074400	       -2.590893	      -46.074400	       +0.000000	      -84.923727	      -84.923727
              59	               2	       +0.787803	       +0.787803	       +7.724261	       +4.065699	      -53.897659	       -2.590893	      -53.897659	       +0.000000	      -96.005357	      -96.005357
              59	               3	       +0.787803	       +0.787803	       +7.724261	       +4.065699	      -53.897659	       -2.590893	      -53.897659	       +0.000000	      -96.005357	      -96.005357
              59	               4	       +2.509647	       +2.509647	      +10.524593	       +2.559314	      -41.992632	       -2.590893	      -41.992632	       +0.000000	      -70.901358	      -70.901358
              59	               5	       +2.509647	       +2.509647	      +10.524593	       +2.559314	      -41.992632	       -2.590893	      -41.992632	       +0.000000	      -70.901358	      -70.901358
              59	               6	       +4.943158	       +4.943158	      +11.819007	       +4.163311	      -53.268160	       -2.590893	      -53.268160	       +0.000000	      -90.554003	      -90.554003
              59	               7	       +4.943158	       +4.943158	      +11.819007	       +4.163311	      -53.268160	       -2.590893	      -53.268160	       +0.000000	      -90.554003	      -90.554003
              59	               8	       +8.712783	       +8.712783	      +17.311175	       +1.670559	      -24.837882	       +0.000000	      -24.837882	       +0.000000	      -30.694030	      -30.694030
              59	               9	       +8.712783	       +8.712783	      +17.311175	       +1.670559	      -24.837882	       +0.000000	      -24.837882	       +0.000000	      -30.694030	      -30.694030
              59	              10	      +11.050364	      +11.050364	      +19.062555	       +2.452263	      -28.019047	       +0.000000	      -28.019047	       +0.000000	      -34.523275	      -34.523275
              59	              11	      +11.050364	      +11.050364	      +19.062555	       +2.452263	      -28.019047	       +0.000000	      -28.019047	       +0.000000	      -34.523275	      -34.523275
              59	              12	      +11.420223	      +11.420223	      +19.116460	       +3.191887	      -51.107642	       +0.000000	      -51.107642	       +0.000000	      -79.906938	      -79.906938
              59	              13	      +11.420223	      +11.420223	      +19.116460	       +3.191887	      -51.107642	       +0.000000	      -51.107642	       +0.000000	      -79.906938	      -79.906938
              59	              14	      +12.411762	      +12.411762	      +20.585141	       +2.342139	      -29.484881	       +0.000000	      -29.484881	       +0.000000	      -36.042483	      -36.042483
              59	              15	      +12.411762	      +12.411762	      +20.585141	       +2.342139	      -29.484881	       +0.000000	      -29.484881	       +0.000000	      -36.042483	      -36.042483
              59	              16	      +12.729589	      +12.729589	      +21.375180	       +1.510706	      -35.184614	       +0.000000	      -35.184614	       +0.000000	      -47.483343	      -47.483343
              59	              17	      +12.729589	      +12.729589	      +21.375180	       +1.510706	      -35.184614	       +0.000000	      -35.184614	       +0.000000	      -47.483343	      -47.483343
              59	              18	      +15.910103	      +15.910103	      +24.055257	       +2.504730	      -30.486402	       +0.000000	      -30.486402	       +0.000000	      -34.412816	      -34.412816
              59	              19	      +15.910103	      +15.910103	      +24.055257	       +2.504730	      -30.486402	       +0.000000	      -30.486402	       +0.000000	      -34.412816	      -34.412816
              59	              20	      +18.904572	      +18.904572	      +28.282799	       +1.067838	      -27.617175	       +0.000000	      -27.617175	       +0.000000	      -25.883715	      -25.883715
              59	              21	      +18.904572	      +18.904572	      +28.282799	       +1.067838	      -27.617175	       +0.000000	      -27.617175	       +0.000000	      -25.883715	      -25.883715
              59	              22	      +19.486085	      +19.486085	      +26.767427	       +3.510717	      -46.680579	       +0.000000	      -46.680579	       +0.000000	      -63.083014	      -63.083014
              59	              23	      +19.486085	      +19.486085	      +26.767427	       +3.510717	      -46.680579	       +0.000000	      -46.680579	       +0.000000	      -63.083014	      -63.083014
              59	              24	      +19.746882	      +19.746882	      +29.652683	       -0.040186	      -26.734627	       +0.000000	      -26.734627	       +0.000000	      -23.856758	      -23.856758
              59	              25	      +19.746882	      +19.746882	      +29.652683	       -0.040186	      -26.734627	       +0.000000	      -26.734627	       +0.000000	      -23.856758	      -23.856758
              59	              26	      +22.954193	      +22.954193	      +32.368141	       +1.042676	      -24.613109	       +0.000000	      -24.613109	       +0.000000	      -15.815401	      -15.815401
              59	              27	      +22.954193	      +22.954193	      +32.368141	       +1.042676	      -24.613109	       +0.000000	      -24.613109	       +0.000000	      -15.815401	      -15.815401
              59	              28	      +23.348114	      +23.348114	      +30.672381	       +3.557734	      -35.046457	       +0.000000	      -35.046457	       +0.000000	      -35.862798	      -35.862798
              59	              29	      +23.348114	      +23.348114	      +30.672381	       +3.557734	      -35.046457	       +0.000000	      -35.046457	       +0.000000	      -35.862798	      -35.862798
              59	              30	      +23.741265	      +23.741265	      +31.165697	       +3.547371	      -53.009676	       +0.000000	      -53.009676	       +0.000000	      -71.306282	      -71.306282
              59	              31	      +23.741265	      +23.741265	      +31.165697	       +3.547371	      -53.009676	       +0.000000	      -53.009676	       +0.000000	      -71.306282	      -71.306282
              59	              32	      +24.988924	      +24.988924	      +32.383283	       +3.287837	      -42.869225	       +0.000000	      -42.869225	       +0.000000	      -50.067329	      -50.067329
              59	              33	      +24.988924	      +24.988924	      +32.383283	       +3.287837	      -42.869225	       +0.000000	      -42.869225	       +0.000000	      -50.067329	      -50.067329
              59	              34	      +27.533701	      +27.533701	      +34.617618	       +3.464682	      -50.808167	       +0.000000	      -50.808167	       +0.000000	      -63.534034	      -63.534034
              59	              35	      +27.533701	      +27.533701	      +34.617618	       +3.464682	      -50.808167	       +0.000000	      -50.808167	       +0.000000	      -63.534034	      -63.534034
              59	              36	      +27.993170	      +27.993170	      +37.527727	       +0.439368	      -29.753693	       +0.000000	      -29.753693	       +0.000000	      -21.540291	      -21.540291
              59	              37	      +27.993170	      +27.993170	      +37.527727	       +0.439368	      -29.753693	       +0.000000	      -29.753693	       +0.000000	      -21.540291	      -21.540291
              59	              38	      +30.240858	      +30.240858	      +38.678004	       +2.489162	      -54.683073	       +0.000000	      -54.683073	       +0.000000	      -68.198979	      -68.198979
              59	              39	      +30.240858	      +30.240858	      +38.678004	       +2.489162	      -54.683073	       +0.000000	      -54.683073	       +0.000000	      -68.198979	      -68.198979
              59	              40	      +31.097912	      +31.097912	      +42.124424	       -0.929992	      -14.713544	       +0.000000	      -14.713544	       +0.000000	      +11.767345	      +11.767345
              59	              41	      +31.097912	      +31.097912	      +42.124424	       -0.929992	      -14.713544	       +0.000000	      -14.713544	       +0.000000	      +11.767345	      +11.767345
              59	              42	      +31.576764	      +31.576764	      +39.706330	       +2.054409	      -43.592491	       +0.000000	      -43.592491	       +0.000000	      -45.424244	      -45.424244
              59	              43	      +31.576764	      +31.576764	      +39.706330	       +2.054409	      -43.592491	       +0.000000	      -43.592491	       +0.000000	      -45.424244	      -45.424244
              59	              44	      +33.085153	      +33.085153	      +41.802651	       +0.706684	      -36.667093	       +0.000000	      -36.667093	       +0.000000	      -30.824850	      -30.824850
              59	              45	      +33.085153	      +33.085153	      +41.802651	       +0.706684	      -36.667093	       +0.000000	      -36.667093	       +0.000000	      -30.824850	      -30.824850
              59	              46	      +33.392607	      +33.392607	      +42.895962	       -0.418787	      -27.625060	       +0.000000	      -27.625060	       +0.000000	      -12.772946	      -12.772946
              59	              47	      +33.392607	      +33.392607	      +42.895962	       -0.418787	      -27.625060	       +0.000000	      -27.625060	       +0.000000	      -12.772946	      -12.772946
              59	              48	      +34.058356	      +34.058356	      +42.396661	       +1.526766	      -42.984525	       +0.000000	      -42.984525	       +0.000000	      -42.045623	      -42.045623
              59	              49	      +34.058356	      +34.058356	      +42.396661	       +1.526766	      -42.984525	       +0.000000	      -42.984525	       +0.000000	      -42.045623	      -42.045623
              59	              50	      +35.683006	      +35.683006	      +43.780323	       +0.469018	      -40.219801	       +0.000000	      -40.219801	       +0.000000	      -36.190262	      -36.190262
              59	              51	      +35.683006	      +35.683006	      +43.780323	       +0.469018	      -40.219801	       +0.000000	      -40.219801	       +0.000000	      -36.190262	      -36.190262
              59	              52	      +36.600157	      +36.600157	      +45.396037	       +1.252427	      -42.843854	       +0.000000	      -42.843854	       +0.000000	      -39.039244	      -39.039244
              59	              53	      +36.600157	      +36.600157	      +45.396037	       +1.252427	      -42.843854	       +0.000000	      -42.843854	       +0.000000	      -39.039244	      -39.039244
              59	              54	      +37.490963	      +37.490963	      +46.955028	       -0.842225	      -27.086103	       +0.000000	      -27.086103	       +0.000000	       -8.059404	       -8.059404
              59	              55	      +37.490963	      +37.490963	      +46.955028	       -0.842225	      -27.086103	       +0.000000	      -27.086103	       +0.000000	       -8.059404	       -8.059404

k-point 60:
              60	               0	       -4.614925	       -4.614925	       +2.750870	       +3.449651	      -43.662609	       -2.590893	      -43.662609	       +0.000000	      -81.124697	      -81.124697
              60	               1	       -4.614925	       -4.614925	       +2.750870	       +3.449651	      -43.662609	       -2.590893	      -43.662609	       +0.000000	      -81.124697	      -81.124697
              60	               2	       +2.755221	       +2.755221	       +9.305040	       +4.617566	      -54.439043	       -2.590893	      -54.439043	       +0.000000	      -94.955480	      -94.955480
              60	               3	       +2.755221	       +2.755221	       +9.305040	       +4.617566	      -54.439043	       -2.590893	      -54.439043	       +0.000000	      -94.955480	      -94.955480
              60	               4	       +4.373519	       +4.373519	      +11.554673	       +3.722462	      -50.487902	       -2.590893	      -50.487902	       +0.000000	      -85.698670	      -85.698670
              60	               5	       +4.373519	       +4.373519	      +11.554673	       +3.722462	      -50.487902	       -2.590893	      -50.487902	       +0.000000	      -85.698670	      -85.698670
              60	               6	       +4.381957	       +4.381957	      +11.568582	       +3.714648	      -50.390028	       -2.590893	      -50.390028	       +0.000000	      -85.496824	      -85.496824
              60	               7	       +4.381957	       +4.381957	      +11.568582	       +3.714648	      -50.390028	       -2.590893	      -50.390028	       +0.000000	      -85.496824	      -85.496824
              60	               8	       +7.392382	       +7.392382	      +16.241814	       +1.415251	      -25.436281	       +0.000000	      -25.436281	       +0.000000	      -33.215497	      -33.215497
              60	               9	       +7.392382	       +7.392382	      +16.241814	       +1.415251	      -25.436281	       +0.000000	      -25.436281	       +0.000000	      -33.215497	      -33.215497
              60	              10	       +9.398127	       +9.398127	      +18.519978	       +0.961697	      -23.271554	       +0.000000	      -23.271554	       +0.000000	      -27.061433	      -27.061433
              60	              11	       +9.398127	       +9.398127	      +18.519978	       +0.961697	      -23.271554	       +0.000000	      -23.271554	       +0.000000	      -27.061433	      -27.061433
              60	              12	      +12.028949	      +12.028949	      +19.381494	       +3.449654	      -40.554605	       +0.000000	      -40.554605	       +0.000000	      -58.278062	      -58.278062
              60	              13	      +12.028949	      +12.028949	      +19.381494	       +3.449654	      -40.554605	       +0.000000	      -40.554605	       +0.000000	      -58.278062	      -58.278062
              60	              14	      +12.031515	      +12.031515	      +19.373905	       +3.465578	      -40.686773	       +0.000000	      -40.686773	       +0.000000	      -58.534063	      -58.534063
              60	              15	      +12.031515	      +12.031515	      +19.373905	       +3.465578	      -40.686773	       +0.000000	      -40.686773	       +0.000000	      -58.534063	      -58.534063
              60	              16	      +14.339292	      +14.339292	      +21.405259	       +3.805633	      -46.642224	       +0.000000	      -46.642224	       +0.000000	      -68.073556	      -68.073556
              60	              17	      +14.339292	      +14.339292	      +21.405259	       +3.805633	      -46.642224	       +0.000000	      -46.642224	       +0.000000	      -68.073556	      -68.073556
              60	              18	      +15.219769	      +15.219769	      +23.296614	       +2.175646	      -35.239247	       +0.000000	      -35.239247	       +0.000000	      -45.006235	      -45.006235
              60	              19	      +15.219769	      +15.219769	      +23.296614	       +2.175646	      -35.239247	       +0.000000	      -35.239247	       +0.000000	      -45.006235	      -45.006235
              60	              20	      +17.717556	      +17.717556	      +27.464505	       +0.952185	      -28.315505	       +0.000000	      -28.315505	       +0.000000	      -28.214319	      -28.214319
              60	              21	      +17.717556	      +17.717556	      +27.464505	       +0.952185	      -28.315505	       +0.000000	      -28.315505	       +0.000000	      -28.214319	      -28.214319
              60	              22	      +19.280829	      +19.280829	      +28.761587	       +0.180967	      -12.969673	       +0.000000	      -12.969673	       +0.000000	       +3.003208	       +3.003208
              60	              23	      +19.280829	      +19.280829	      +28.761587	       +0.180967	      -12.969673	       +0.000000	      -12.969673	       +0.000000	       +3.003208	       +3.003208
              60	              24	      +19.285927	      +19.285927	      +28.769756	       +0.177039	      -12.932301	       +0.000000	      -12.932301	       +0.000000	       +3.082194	       +3.082194
              60	              25	      +19.285927	      +19.285927	      +28.769756	       +0.177039	      -12.932301	       +0.000000	      -12.932301	       +0.000000	       +3.082194	       +3.082194
              60	              26	      +20.016253	      +20.016253	      +30.080584	       +0.266966	      -19.918671	       +0.000000	      -19.918671	       +0.000000	       -9.489792	       -9.489792
              60	              27	      +20.016253	      +20.016253	      +30.080584	       +0.266966	      -19.918671	       +0.000000	      -19.918671	       +0.000000	       -9.489792	       -9.489792
              60	              28	      +23.701060	      +23.701060	      +32.089878	       +2.329463	      -46.414014	       +0.000000	      -46.414014	       +0.000000	      -58.408688	      -58.408688
              60	              29	      +23.701060	      +23.701060	      +32.089878	       +2.329463	      -46.414014	       +0.000000	      -46.414014	       +0.000000	      -58.408688	      -58.408688
              60	              30	      +23.719363	      +23.719363	      +32.108630	       +2.334845	      -46.373672	       +0.000000	      -46.373672	       +0.000000	      -58.303869	      -58.303869
              60	              31	      +23.719363	      +23.719363	      +32.108630	       +2.334845	      -46.373672	       +0.000000	      -46.373672	       +0.000000	      -58.303869	      -58.303869
              60	              32	      +24.638544	      +24.638544	      +32.370408	       +2.733524	      -35.039472	       +0.000000	      -35.039472	       +0.000000	      -34.975012	      -34.975012
              60	              33	      +24.638544	      +24.638544	      +32.370408	       +2.733524	      -35.039472	       +0.000000	      -35.039472	       +0.000000	      -34.975012	      -34.975012
              60	              34	      +26.649740	      +26.649740	      +34.152486	       +2.674796	      -50.437604	       +0.000000	      -50.437604	       +0.000000	      -64.047926	      -64.047926
              60	              35	      +26.649740	      +26.649740	      +34.152486	       +2.674796	      -50.437604	       +0.000000	      -50.437604	       +0.000000	      -64.047926	      -64.047926
              60	              36	      +27.231264	      +27.231264	      +36.591006	       +1.266115	      -17.665760	       +0.000000	      -17.665760	       +0.000000	       +2.525602	       +2.525602
              60	              37	      +27.231264	      +27.231264	      +36.591006	       +1.266115	      -17.665760	       +0.000000	      -17.665760	       +0.000000	       +2.525602	       +2.525602
              60	              38	      +31.194220	      +31.194220	      +40.132771	       +2.313382	      -49.412240	       +0.000000	      -49.412240	       +0.000000	      -56.378327	      -56.378327
              60	              39	      +31.194220	      +31.194220	      +40.132771	       +2.313382	      -49.412240	       +0.000000	      -49.412240	       +0.000000	      -56.378327	      -56.378327
              60	              40	      +32.544431	      +32.544431	      +40.209582	       +2.507317	      -38.604280	       +0.000000	      -38.604280	       +0.000000	      -34.491661	      -34.491661
              60	              41	      +32.544431	      +32.544431	      +40.209582	       +2.507317	      -38.604280	       +0.000000	      -38.604280	       +0.000000	      -34.491661	      -34.491661
              60	              42	      +33.611925	      +33.611925	      +40.867335	       +3.489712	      -71.878317	       +0.000000	      -71.878317	       +0.000000	      -99.399586	      -99.399586
              60	              43	      +33.611925	      +33.611925	      +40.867335	       +3.489712	      -71.878317	       +0.000000	      -71.878317	       +0.000000	      -99.399586	      -99.399586
              60	              44	      +33.626510	      +33.626510	      +40.881623	       +3.506401	      -71.856813	       +0.000000	      -71.856813	       +0.000000	      -99.325603	      -99.325603
              60	              45	      +33.626510	      +33.626510	      +40.881623	       +3.506401	      -71.856813	       +0.000000	      -71.856813	       +0.000000	      -99.325603	      -99.325603
              60	              46	      +35.803158	      +35.803158	      +44.985227	       -0.279843	      -16.786737	       +0.000000	      -16.786737	       +0.000000	      +11.131911	      +11.131911
              60	              47	      +35.803158	      +35.803158	      +44.985227	       -0.279843	      -16.786737	       +0.000000	      -16.786737	       +0.000000	      +11.131911	      +11.131911
              60	              48	      +35.810398	      +35.810398	      +44.991980	       -0.300410	      -16.763602	       +0.000000	      -16.763602	       +0.000000	      +11.164366	      +11.164366
              60	              49	      +35.810398	      +35.810398	      +44.991980	       -0.300410	      -16.763602	       +0.000000	      -16.763602	       +0.000000	      +11.164366	      +11.164366
              60	              50	      +35.948236	      +35.948236	      +44.091022	       +3.015116	      -66.935143	       +0.000000	      -66.935143	       +0.000000	      -86.764149	      -86.764149
              60	              51	      +35.948236	      +35.948236	      +44.091022	       +3.015116	      -66.935143	       +0.000000	      -66.935143	       +0.000000	      -86.764149	      -86.764149
              60	              52	      +36.635940	      +36.635940	      +45.858684	       -0.863948	      -36.767264	       +0.000000	      -36.767264	       +0.000000	      -28.539793	      -28.539793
              60	              53	      +36.635940	      +36.635940	      +45.858684	       -0.863948	      -36.767264	       +0.000000	      -36.767264	       +0.000000	      -28.539793	      -28.539793
              60	              54	      +40.920502	      +40.920502	      +48.907548	       -0.521924	      -31.372226	       +0.000000	      -31.372226	       +0.000000	      -14.358828	      -14.358828
              60	              55	      +40.920502	      +40.920502	      +48.907548	       -0.521924	      -31.372226	       +0.000000	      -31.372226	       +0.000000	      -14.358828	      -14.358828

k-point 61:
              61	               0	       -2.977123	       -2.977123	       +4.097960	       +3.853482	      -48.244383	       -2.590893	      -48.244383	       +0.000000	      -88.537324	      -88.537324
              61	               1	       -2.977123	       -2.977123	       +4.097960	       +3.853482	      -48.244383	       -2.590893	      -48.244383	       +0.000000	      -88.537324	      -88.537324
              61	               2	       -0.116049	       -0.116049	       +6.990871	       +3.814579	      -47.369739	       -2.590893	      -47.369739	       +0.000000	      -83.934028	      -83.934028
              61	               3	       -0.116049	       -0.116049	       +6.990871	       +3.814579	      -47.369739	       -2.590893	      -47.369739	       +0.000000	      -83.934028	      -83.934028
              61	               4	       +2.729549	       +2.729549	      +10.536059	       +2.848405	      -47.668366	       -2.590893	      -47.668366	       +0.000000	      -81.952268	      -81.952268
              61	               5	       +2.729549	       +2.729549	      +10.536058	       +2.848405	      -47.668366	       -2.590893	      -47.668366	       +0.000000	      -81.952268	      -81.952268
              61	               6	       +4.062047	       +4.062047	      +11.255795	       +3.700698	      -49.600852	       -2.590893	      -49.600852	       +0.000000	      -84.245210	      -84.245210
              61	               7	       +4.062047	       +4.062047	      +11.255795	       +3.700698	      -49.600852	       -2.590893	      -49.600852	       +0.000000	      -84.245210	      -84.245210
              61	               8	       +7.784322	       +7.784322	      +16.814347	       +1.142619	      -22.081828	       +0.000000	      -22.081828	       +0.000000	      -26.206690	      -26.206690
              61	               9	       +7.784322	       +7.784322	      +16.814347	       +1.142619	      -22.081828	       +0.000000	      -22.081828	       +0.000000	      -26.206690	      -26.206690
              61	              10	      +10.722893	      +10.722893	      +19.247131	       +1.899139	      -35.031918	       +0.000000	      -35.031918	       +0.000000	      -48.917567	      -48.917567
              61	              11	      +10.722893	      +10.722893	      +19.247131	       +1.899139	      -35.031918	       +0.000000	      -35.031918	       +0.000000	      -48.917567	      -48.917567
              61	              12	      +12.017668	      +12.017668	      +19.532640	       +3.252467	      -42.472926	       +0.000000	      -42.472926	       +0.000000	      -62.160745	      -62.160745
              61	              13	      +12.017668	      +12.017668	      +19.532640	       +3.252467	      -42.472926	       +0.000000	      -42.472926	       +0.000000	      -62.160745	      -62.160745
              61	              14	      +12.190626	      +12.190626	      +20.185972	       +2.462614	      -36.084392	       +0.000000	      -36.084392	       +0.000000	      -49.520197	      -49.520197
              61	              15	      +12.190626	      +12.190626	      +20.185972	       +2.462614	      -36.084392	       +0.000000	      -36.084392	       +0.000000	      -49.520197	      -49.520197
              61	              16	      +16.490593	      +16.490593	      +24.769085	       +2.388981	      -29.353547	       +0.000000	      -29.353547	       +0.000000	      -31.549027	      -31.549027
              61	              17	      +16.490594	      +16.490594	      +24.769085	       +2.388981	      -29.353547	       +0.000000	      -29.353547	       +0.000000	      -31.549027	      -31.549027
              61	              18	      +16.831650	      +16.831650	      +24.714033	       +2.572943	      -35.711278	       +0.000000	      -35.711278	       +0.000000	      -44.135581	      -44.135581
              61	              19	      +16.831650	      +16.831650	      +24.714033	       +2.572943	      -35.711278	       +0.000000	      -35.711278	       +0.000000	      -44.135581	      -44.135581
              61	              20	      +18.448777	      +18.448777	      +26.127554	       +2.978401	      -34.739841	       +0.000000	      -34.739841	       +0.000000	      -40.373727	      -40.373727
              61	              21	      +18.448777	      +18.448777	      +26.127554	       +2.978401	      -34.739841	       +0.000000	      -34.739841	       +0.000000	      -40.373727	      -40.373727
              61	              22	      +18.994914	      +18.994914	      +26.926115	       +2.755491	      -40.917922	       +0.000000	      -40.917922	       +0.000000	      -52.154239	      -52.154239
              61	              23	      +18.994914	      +18.994914	      +26.926115	       +2.755491	      -40.917922	       +0.000000	      -40.917922	       +0.000000	      -52.154239	      -52.154239
              61	              24	      +19.316776	      +19.316776	      +28.331802	       +1.583313	      -31.707686	       +0.000000	      -31.707686	       +0.000000	      -33.500257	      -33.500257
              61	              25	      +19.316776	      +19.316776	      +28.331802	       +1.583313	      -31.707686	       +0.000000	      -31.707686	       +0.000000	      -33.500257	      -33.500257
              61	              26	      +23.142792	      +23.142792	      +31.864435	       +2.165822	      -44.829516	       +0.000000	      -44.829516	       +0.000000	      -55.628776	      -55.628776
              61	              27	      +23.142792	      +23.142792	      +31.864435	       +2.165822	      -44.829516	       +0.000000	      -44.829516	       +0.000000	      -55.628776	      -55.628776
              61	              28	      +24.020018	      +24.020018	      +32.282717	       +2.049922	      -26.725134	       +0.000000	      -26.725134	       +0.000000	      -19.117629	      -19.117629
              61	              29	      +24.020018	      +24.020018	      +32.282717	       +2.049922	      -26.725134	       +0.000000	      -26.725134	       +0.000000	      -19.117629	      -19.117629
              61	              30	      +24.916874	      +24.916874	      +32.199693	       +3.588237	      -50.264405	       +0.000000	      -50.264405	       +0.000000	      -64.740881	      -64.740881
              61	              31	      +24.916874	      +24.916874	      +32.199693	       +3.588237	      -50.264405	       +0.000000	      -50.264405	       +0.000000	      -64.740881	      -64.740881
              61	              32	      +25.658279	      +25.658279	      +34.480924	       +1.447275	      -40.477014	       +0.000000	      -40.477014	       +0.000000	      -45.025829	      -45.025829
              61	              33	      +25.658279	      +25.658279	      +34.480924	       +1.447275	      -40.477014	       +0.000000	      -40.477014	       +0.000000	      -45.025829	      -45.025829
              61	              34	      +25.894803	      +25.894803	      +34.572056	       +1.766347	      -28.662811	       +0.000000	      -28.662811	       +0.000000	      -20.987218	      -20.987218
              61	              35	      +25.894803	      +25.894803	      +34.572056	       +1.766347	      -28.662811	       +0.000000	      -28.662811	       +0.000000	      -20.987218	      -20.987218
              61	              36	      +26.228227	      +26.228227	      +35.046557	       +1.589677	      -30.991097	       +0.000000	      -30.991097	       +0.000000	      -25.345959	      -25.345959
              61	              37	      +26.228227	      +26.228227	      +35.046556	       +1.589677	      -30.991097	       +0.000000	      -30.991097	       +0.000000	      -25.345960	      -25.345960
              61	              38	      +29.216331	      +29.216331	      +38.284648	       +0.369827	      -40.447646	       +0.000000	      -40.447646	       +0.000000	      -42.240816	      -42.240816
              61	              39	      +29.216331	      +29.216331	      +38.284648	       +0.369827	      -40.447646	       +0.000000	      -40.447646	       +0.000000	      -42.240816	      -42.240816
              61	              40	      +30.034572	      +30.034572	      +37.802714	       +3.329953	      -42.448687	       +0.000000	      -42.448687	       +0.000000	      -43.764706	      -43.764706
              61	              41	      +30.034572	      +30.034572	      +37.802714	       +3.329953	      -42.448687	       +0.000000	      -42.448687	       +0.000000	      -43.764706	      -43.764706
              61	              42	      +31.480037	      +31.480037	      +40.463812	       +1.338258	      -32.017703	       +0.000000	      -32.017703	       +0.000000	      -22.233335	      -22.233335
              61	              43	      +31.480037	      +31.480037	      +40.463812	       +1.338258	      -32.017703	       +0.000000	      -32.017703	       +0.000000	      -22.233335	      -22.233335
              61	              44	      +31.875144	      +31.875144	      +41.154039	       -0.085509	      -32.919618	       +0.000000	      -32.919618	       +0.000000	      -24.770707	      -24.770707
              61	              45	      +31.875144	      +31.875144	      +41.154039	       -0.085509	      -32.919618	       +0.000000	      -32.919618	       +0.000000	      -24.770707	      -24.770707
              61	              46	      +34.110067	      +34.110067	      +44.019416	       -0.611229	      -19.751197	       +0.000000	      -19.751197	       +0.000000	       +3.905794	       +3.905794
              61	              47	      +34.110067	      +34.110067	      +44.019416	       -0.611229	      -19.751197	       +0.000000	      -19.751197	       +0.000000	       +3.905794	       +3.905794
              61	              48	      +35.433254	      +35.433254	      +43.671106	       +1.036172	      -44.600680	       +0.000000	      -44.600680	       +0.000000	      -44.494081	      -44.494081
              61	              49	      +35.433254	      +35.433254	      +43.671106	       +1.036172	      -44.600680	       +0.000000	      -44.600680	       +0.000000	      -44.494081	      -44.494081
              61	              50	      +35.605396	      +35.605396	      +44.511978	       +1.539575	      -45.052102	       +0.000000	      -45.052102	       +0.000000	      -44.052650	      -44.052650
              61	              51	      +35.605396	      +35.605396	      +44.511978	       +1.539575	      -45.052102	       +0.000000	      -45.052102	       +0.000000	      -44.052650	      -44.052650
              61	              52	      +35.696503	      +35.696503	      +44.197457	       +0.005390	      -35.924285	       +0.000000	      -35.924285	       +0.000000	      -27.645724	      -27.645724
              61	              53	      +35.696503	      +35.696503	      +44.197457	       +0.005390	      -35.924285	       +0.000000	      -35.924285	       +0.000000	      -27.645724	      -27.645724
              61	              54	      +37.475892	      +37.475892	      +46.754950	       +0.065827	      -39.846625	       +0.000000	      -39.846625	       +0.000000	      -32.872473	      -32.872473
              61	              55	      +37.475892	      +37.475892	      +46.754950	       +0.065827	      -39.846625	       +0.000000	      -39.846625	       +0.000000	      -32.872473	      -32.872473

k-point 62:
              62	               0	       -3.652141	       -3.652141	       +3.544688	       +3.682893	      -46.187806	       -2.590893	      -46.187806	       +0.000000	      -85.148031	      -85.148031
              62	               1	       -3.652141	       -3.652141	       +3.544688	       +3.682893	      -46.187806	       -2.590893	      -46.187806	       +0.000000	      -85.148031	      -85.148031
              62	               2	       +0.787803	       +0.787803	       +7.724351	       +4.057904	      -54.196883	       -2.590893	      -54.196883	       +0.000000	      -96.611511	      -96.611511
              62	               3	       +0.787803	       +0.787803	       +7.724351	       +4.057904	      -54.196883	       -2.590893	      -54.196883	       +0.000000	      -96.611511	      -96.611511
              62	               4	       +2.509647	       +2.509647	      +10.524782	       +2.556802	      -41.983408	       -2.590893	      -41.983408	       +0.000000	      -70.885232	      -70.885232
              62	               5	       +2.509647	       +2.509647	      +10.524782	       +2.556802	      -41.983408	       -2.590893	      -41.983408	       +0.000000	      -70.885232	      -70.885232
              62	               6	       +4.943158	       +4.943158	      +11.819135	       +4.172443	      -53.863874	       -2.590893	      -53.863874	       +0.000000	      -91.736170	      -91.736170
              62	               7	       +4.943158	       +4.943158	      +11.819135	       +4.172443	      -53.863874	       -2.590893	      -53.863874	       +0.000000	      -91.736170	      -91.736170
              62	               8	       +8.712783	       +8.712783	      +17.311245	       +1.676903	      -25.293328	       +0.000000	      -25.293328	       +0.000000	      -31.598509	      -31.598509
              62	               9	       +8.712783	       +8.712783	      +17.311245	       +1.676903	      -25.293328	       +0.000000	      -25.293328	       +0.000000	      -31.598509	      -31.598509
              62	              10	      +11.050364	      +11.050364	      +19.062745	       +2.452761	      -28.061798	       +0.000000	      -28.061798	       +0.000000	      -34.608090	      -34.608090
              62	              11	      +11.050364	      +11.050364	      +19.062745	       +2.452761	      -28.061798	       +0.000000	      -28.061798	       +0.000000	      -34.608090	      -34.608090
              62	              12	      +11.420223	      +11.420223	      +19.116617	       +3.188628	      -51.377076	       +0.000000	      -51.377076	       +0.000000	      -80.448907	      -80.448907
              62	              13	      +11.420223	      +11.420223	      +19.116617	       +3.188628	      -51.377076	       +0.000000	      -51.377076	       +0.000000	      -80.448907	      -80.448907
              62	              14	      +12.411762	      +12.411762	      +20.585089	       +2.336886	      -28.816498	       +0.000000	      -28.816498	       +0.000000	      -34.711020	      -34.711020
              62	              15	      +12.411762	      +12.411762	      +20.585089	       +2.336886	      -28.816498	       +0.000000	      -28.816498	       +0.000000	      -34.711020	      -34.711020
              62	              16	      +12.729589	      +12.729589	      +21.375116	       +1.505641	      -35.169101	       +0.000000	      -35.169101	       +0.000000	      -47.457443	      -47.457443
              62	              17	      +12.729589	      +12.729589	      +21.375116	       +1.505641	      -35.169101	       +0.000000	      -35.169101	       +0.000000	      -47.457443	      -47.457443
              62	              18	      +15.910103	      +15.910103	      +24.055257	       +2.507145	      -30.982976	       +0.000000	      -30.982976	       +0.000000	      -35.403550	      -35.403550
              62	              19	      +15.910103	      +15.910103	      +24.055257	       +2.507145	      -30.982976	       +0.000000	      -30.982976	       +0.000000	      -35.403550	      -35.403550
              62	              20	      +18.904572	      +18.904572	      +28.282816	       +1.070875	      -27.354314	       +0.000000	      -27.354314	       +0.000000	      -25.354937	      -25.354937
              62	              21	      +18.904572	      +18.904572	      +28.282816	       +1.070875	      -27.354314	       +0.000000	      -27.354314	       +0.000000	      -25.354937	      -25.354937
              62	              22	      +19.486085	      +19.486085	      +26.767519	       +3.506409	      -47.658763	       +0.000000	      -47.658763	       +0.000000	      -65.043599	      -65.043599
              62	              23	      +19.486085	      +19.486085	      +26.767519	       +3.506409	      -47.658763	       +0.000000	      -47.658763	       +0.000000	      -65.043599	      -65.043599
              62	              24	      +19.746882	      +19.746882	      +29.652662	       -0.043438	      -26.718149	       +0.000000	      -26.718149	       +0.000000	      -23.827075	      -23.827075
              62	              25	      +19.746882	      +19.746882	      +29.652662	       -0.043438	      -26.718149	       +0.000000	      -26.718149	       +0.000000	      -23.827075	      -23.827075
              62	              26	      +22.954193	      +22.954193	      +32.368593	       +1.046455	      -24.206983	       +0.000000	      -24.206983	       +0.000000	      -14.998918	      -14.998918
              62	              27	      +22.954193	      +22.954193	      +32.368593	       +1.046455	      -24.206983	       +0.000000	      -24.206983	       +0.000000	      -14.998918	      -14.998918
              62	              28	      +23.348114	      +23.348114	      +30.672400	       +3.564260	      -35.635177	       +0.000000	      -35.635177	       +0.000000	      -37.033695	      -37.033695
              62	              29	      +23.348114	      +23.348114	      +30.672400	       +3.564260	      -35.635177	       +0.000000	      -35.635177	       +0.000000	      -37.033695	      -37.033695
              62	              30	      +23.741265	      +23.741265	      +31.165712	       +3.545049	      -53.627229	       +0.000000	      -53.627229	       +0.000000	      -72.543695	      -72.543695
              62	              31	      +23.741265	      +23.741265	      +31.165712	       +3.545049	      -53.627229	       +0.000000	      -53.627229	       +0.000000	      -72.543695	      -72.543695
              62	              32	      +24.988924	      +24.988924	      +32.382971	       +3.295709	      -42.864562	       +0.000000	      -42.864562	       +0.000000	      -50.050444	      -50.050444
              62	              33	      +24.988924	      +24.988924	      +32.382971	       +3.295709	      -42.864562	       +0.000000	      -42.864562	       +0.000000	      -50.050444	      -50.050444
              62	              34	      +27.533701	      +27.533701	      +34.617651	       +3.475982	      -50.473370	       +0.000000	      -50.473370	       +0.000000	      -62.853107	      -62.853107
              62	              35	      +27.533701	      +27.533701	      +34.617651	       +3.475982	      -50.473370	       +0.000000	      -50.473370	       +0.000000	      -62.853107	      -62.853107
              62	              36	      +27.993170	      +27.993170	      +37.527722	       +0.434965	      -29.623591	       +0.000000	      -29.623591	       +0.000000	      -21.284495	      -21.284495
              62	              37	      +27.993170	      +27.993170	      +37.527722	       +0.434965	      -29.623591	       +0.000000	      -29.623591	       +0.000000	      -21.284495	      -21.284495
              62	              38	      +30.240858	      +30.240858	      +38.678090	       +2.501662	      -55.123532	       +0.000000	      -55.123532	       +0.000000	      -69.067312	      -69.067312
              62	              39	      +30.240858	      +30.240858	      +38.678090	       +2.501662	      -55.123532	       +0.000000	      -55.123532	       +0.000000	      -69.067312	      -69.067312
              62	              40	      +31.097912	      +31.097912	      +42.124464	       -0.932882	      -14.681214	       +0.000000	      -14.681214	       +0.000000	      +11.829155	      +11.829155
              62	              41	      +31.097912	      +31.097912	      +42.124464	       -0.932882	      -14.681214	       +0.000000	      -14.681214	       +0.000000	      +11.829155	      +11.829155
              62	              42	      +31.576764	      +31.576764	      +39.706301	       +2.048390	      -44.153671	       +0.000000	      -44.153671	       +0.000000	      -46.552651	      -46.552651
              62	              43	      +31.576764	      +31.576764	      +39.706301	       +2.048390	      -44.153671	       +0.000000	      -44.153671	       +0.000000	      -46.552651	      -46.552651
              62	              44	      +33.085153	      +33.085153	      +41.803147	       +0.693894	      -36.743143	       +0.000000	      -36.743143	       +0.000000	      -30.989245	      -30.989245
              62	              45	      +33.085153	      +33.085153	      +41.803147	       +0.693894	      -36.743143	       +0.000000	      -36.743143	       +0.000000	      -30.989245	      -30.989245
              62	              46	      +33.392607	      +33.392607	      +42.895490	       -0.427554	      -27.668969	       +0.000000	      -27.668969	       +0.000000	      -12.870001	      -12.870001
              62	              47	      +33.392607	      +33.392607	      +42.895490	       -0.427554	      -27.668969	       +0.000000	      -27.668969	       +0.000000	      -12.870001	      -12.870001
              62	              48	      +34.058356	      +34.058356	      +42.396661	       +1.502530	      -42.364795	       +0.000000	      -42.364795	       +0.000000	      -40.830400	      -40.830400
              62	              49	      +34.058356	      +34.058356	      +42.396661	       +1.502530	      -42.364795	       +0.000000	      -42.364795	       +0.000000	      -40.830400	      -40.830400
              62	              50	      +35.683006	      +35.683006	      +43.780514	       +0.505013	      -41.066362	       +0.000000	      -41.066362	       +0.000000	      -37.847197	      -37.847197
              62	              51	      +35.683006	      +35.683006	      +43.780514	       +0.505013	      -41.066362	       +0.000000	      -41.066362	       +0.000000	      -37.847197	      -37.847197
              62	              52	      +36.600157	      +36.600157	      +45.396024	       +1.278358	      -42.585486	       +0.000000	      -42.585486	       +0.000000	      -38.496590	      -38.496590
              62	              53	      +36.600157	      +36.600157	      +45.396024	       +1.278358	      -42.585486	       +0.000000	      -42.585486	       +0.000000	      -38.496590	      -38.496590
              62	              54	      +37.490963	      +37.490963	      +46.954916	       -0.856824	      -27.377166	       +0.000000	      -27.377166	       +0.000000	       -8.656240	       -8.656240
              62	              55	      +37.490963	      +37.490963	      +46.954916	       -0.856824	      -27.377166	       +0.000000	      -27.377166	       +0.000000	       -8.656240	       -8.656240

k-point 63:
              63	               0	       -4.897281	       -4.897281	       +2.488941	       +3.419994	      -42.438389	       -2.590893	      -42.438389	       +0.000000	      -78.967843	      -78.967843
              63	               1	       -4.897281	       -4.897281	       +2.488941	       +3.419994	      -42.438389	       -2.590893	      -42.438389	       +0.000000	      -78.967843	      -78.967843
              63	               2	       +2.340153	       +2.340153	       +9.569373	       +3.658036	      -51.989285	       -2.590893	      -51.989285	       +0.000000	      -90.751161	      -90.751161
              63	               3	       +2.340153	       +2.340153	       +9.569373	       +3.658036	      -51.989285	       -2.590893	      -51.989285	       +0.000000	      -90.751161	      -90.751161
              63	               4	       +5.498636	       +5.498636	      +12.206113	       +4.432156	      -55.359314	       -2.590893	      -55.359314	       +0.000000	      -94.080358	      -94.080358
              63	               5	       +5.498636	       +5.498636	      +12.206113	       +4.432156	      -55.359314	       -2.590893	      -55.359314	       +0.000000	      -94.080358	      -94.080358
              63	               6	       +5.529910	       +5.529910	      +12.240465	       +4.428502	      -55.313201	       -2.590893	      -55.313201	       +0.000000	      -93.957434	      -93.957434
              63	               7	       +5.529910	       +5.529910	      +12.240465	       +4.428502	      -55.313201	       -2.590893	      -55.313201	       +0.000000	      -93.957434	      -93.957434
              63	               8	       +8.294527	       +8.294527	      +16.190613	       +2.707066	      -33.419566	       +0.000000	      -33.419566	       +0.000000	      -47.941454	      -47.941454
              63	               9	       +8.294527	       +8.294527	      +16.190613	       +2.707066	      -33.419566	       +0.000000	      -33.419566	       +0.000000	      -47.941454	      -47.941454
              63	              10	       +9.757278	       +9.757278	      +17.801090	       +2.391997	      -27.359398	       +0.000000	      -27.359398	       +0.000000	      -34.525708	      -34.525708
              63	              11	       +9.757278	       +9.757278	      +17.801090	       +2.391997	      -27.359398	       +0.000000	      -27.359398	       +0.000000	      -34.525708	      -34.525708
              63	              12	       +9.778784	       +9.778784	      +17.827291	       +2.385631	      -27.311451	       +0.000000	      -27.311451	       +0.000000	      -34.409979	      -34.409979
              63	              13	       +9.778784	       +9.778784	      +17.827291	       +2.385631	      -27.311451	       +0.000000	      -27.311451	       +0.000000	      -34.409979	      -34.409979
              63	              14	      +13.191998	      +13.191998	      +20.589607	       +3.503875	      -45.382821	       +0.000000	      -45.382821	       +0.000000	      -66.672161	      -66.672161
              63	              15	      +13.191998	      +13.191998	      +20.589607	       +3.503875	      -45.382821	       +0.000000	      -45.382821	       +0.000000	      -66.672161	      -66.672161
              63	              16	      +13.473781	      +13.473781	      +22.044065	       +1.580296	      -34.372787	       +0.000000	      -34.372787	       +0.000000	      -45.121214	      -45.121214
              63	              17	      +13.473781	      +13.473781	      +22.044065	       +1.580296	      -34.372787	       +0.000000	      -34.372787	       +0.000000	      -45.121214	      -45.121214
              63	              18	      +13.476682	      +13.476682	      +22.045518	       +1.582663	      -34.377482	       +0.000000	      -34.377482	       +0.000000	      -45.126783	      -45.126783
              63	              19	      +13.476682	      +13.476682	      +22.045518	       +1.582663	      -34.377482	       +0.000000	      -34.377482	       +0.000000	      -45.126783	      -45.126783
              63	              20	      +15.270821	      +15.270821	      +25.770274	       -0.483156	      -15.332545	       +0.000000	      -15.332545	       +0.000000	       -5.377972	       -5.377972
              63	              21	      +15.270821	      +15.270821	      +25.770274	       -0.483156	      -15.332545	       +0.000000	      -15.332545	       +0.000000	       -5.377972	       -5.377972
              63	              22	      +18.122226	      +18.122226	      +27.697221	       +0.990891	      -27.447413	       +0.000000	      -27.447413	       +0.000000	      -26.206715	      -26.206715
              63	              23	      +18.122226	      +18.122226	      +27.697221	       +0.990891	      -27.447413	       +0.000000	      -27.447413	       +0.000000	      -26.206715	      -26.206715
              63	              24	      +20.916820	      +20.916820	      +29.693958	       +1.150294	      -19.929039	       +0.000000	      -19.929039	       +0.000000	       -9.013826	       -9.013826
              63	              25	      +20.916820	      +20.916820	      +29.693958	       +1.150294	      -19.929039	       +0.000000	      -19.929039	       +0.000000	       -9.013826	       -9.013826
              63	              26	      +20.923626	      +20.923626	      +29.702740	       +1.148396	      -19.902413	       +0.000000	      -19.902413	       +0.000000	       -8.953690	       -8.953690
              63	              27	      +20.923626	      +20.923626	      +29.702740	       +1.148396	      -19.902413	       +0.000000	      -19.902413	       +0.000000	       -8.953690	       -8.953690
              63	              28	      +24.149045	      +24.149045	      +32.553190	       +2.142209	      -40.107534	       +0.000000	      -40.107534	       +0.000000	      -45.519668	      -45.519668
              63	              29	      +24.149045	      +24.149045	      +32.553190	       +2.142209	      -40.107534	       +0.000000	      -40.107534	       +0.000000	      -45.519668	      -45.519668
              63	              30	      +24.160338	      +24.160338	      +32.564811	       +2.145663	      -40.042601	       +0.000000	      -40.042601	       +0.000000	      -45.374728	      -45.374728
              63	              31	      +24.160338	      +24.160338	      +32.564811	       +2.145663	      -40.042601	       +0.000000	      -40.042601	       +0.000000	      -45.374728	      -45.374728
              63	              32	      +24.284860	      +24.284860	      +32.671617	       +2.215551	      -42.353470	       +0.000000	      -42.353470	       +0.000000	      -49.819772	      -49.819772
              63	              33	      +24.284860	      +24.284860	      +32.671617	       +2.215551	      -42.353470	       +0.000000	      -42.353470	       +0.000000	      -49.819772	      -49.819772
              63	              34	      +26.372016	      +26.372016	      +37.102695	       -0.515508	      -25.604828	       +0.000000	      -25.604828	       +0.000000	      -14.622468	      -14.622468
              63	              35	      +26.372016	      +26.372016	      +37.102695	       -0.515508	      -25.604828	       +0.000000	      -25.604828	       +0.000000	      -14.622468	      -14.622468
              63	              36	      +30.301567	      +30.301567	      +37.612999	       +3.989610	      -44.586241	       +0.000000	      -44.586241	       +0.000000	      -47.569874	      -47.569874
              63	              37	      +30.301567	      +30.301567	      +37.612999	       +3.989610	      -44.586241	       +0.000000	      -44.586241	       +0.000000	      -47.569874	      -47.569874
              63	              38	      +30.302563	      +30.302563	      +37.614033	       +3.989901	      -44.589694	       +0.000000	      -44.589694	       +0.000000	      -47.575454	      -47.575454
              63	              39	      +30.302563	      +30.302563	      +37.614033	       +3.989901	      -44.589694	       +0.000000	      -44.589694	       +0.000000	      -47.575454	      -47.575454
              63	              40	      +32.945319	      +32.945319	      +40.115908	       +2.863689	      -68.131595	       +0.000000	      -68.131595	       +0.000000	      -93.283595	      -93.283595
              63	              41	      +32.945319	      +32.945319	      +40.115908	       +2.863689	      -68.131595	       +0.000000	      -68.131595	       +0.000000	      -93.283595	      -93.283595
              63	              42	      +32.986328	      +32.986328	      +40.151550	       +2.881078	      -68.246609	       +0.000000	      -68.246609	       +0.000000	      -93.460589	      -93.460589
              63	              43	      +32.986328	      +32.986328	      +40.151550	       +2.881078	      -68.246609	       +0.000000	      -68.246609	       +0.000000	      -93.460589	      -93.460589
              63	              44	      +34.149826	      +34.149826	      +41.423286	       +4.180488	      -77.256559	       +0.000000	      -77.256559	       +0.000000	     -108.909345	     -108.909345
              63	              45	      +34.149826	      +34.149826	      +41.423286	       +4.180488	      -77.256559	       +0.000000	      -77.256559	       +0.000000	     -108.909345	     -108.909345
              63	              46	      +35.732341	      +35.732341	      +44.704422	       +0.774350	      -42.139105	       +0.000000	      -42.139105	       +0.000000	      -38.799438	      -38.799438
              63	              47	      +35.732341	      +35.732341	      +44.704422	       +0.774350	      -42.139105	       +0.000000	      -42.139105	       +0.000000	      -38.799438	      -38.799438
              63	              48	      +36.350067	      +36.350067	      +44.320011	       +1.533584	      -23.212878	       +0.000000	      -23.212878	       +0.000000	       -0.572161	       -0.572161
              63	              49	      +36.350067	      +36.350067	      +44.320011	       +1.533584	      -23.212878	       +0.000000	      -23.212878	       +0.000000	       -0.572161	       -0.572161
              63	              50	      +38.139382	      +38.139382	      +47.170854	       -0.468366	      -30.191080	       +0.000000	      -30.191080	       +0.000000	      -13.679671	      -13.679671
              63	              51	      +38.139382	      +38.139382	      +47.170854	       -0.468366	      -30.191080	       +0.000000	      -30.191080	       +0.000000	      -13.679671	      -13.679671
              63	              52	      +38.146252	      +38.146252	      +47.178080	       -0.472725	      -30.200768	       +0.000000	      -30.200768	       +0.000000	      -13.696183	      -13.696183
              63	              53	      +38.146252	      +38.146252	      +47.178080	       -0.472725	      -30.200768	       +0.000000	      -30.200768	       +0.000000	      -13.696183	      -13.696183
              63	              54	      +39.729174	      +39.729174	      +48.601583	       +0.637424	      -33.070189	       +0.000000	      -33.070189	       +0.000000	      -16.901372	      -16.901372
              63	              55	      +39.729174	      +39.729174	      +48.601583	       +0.637424	      -33.070189	       +0.000000	      -33.070189	       +0.000000	      -16.901372	      -16.901372
