{
  "cohsex@1e-4": {
    "status": "OK",
    "max_abs_delta_eV": 7.462591999999972,
    "per_col_max_eV": [
      0.0,
      0.0,
      0.050976999999999606,
      0.052995000000000125,
      0.06387800000000077,
      7.462591999999972
    ],
    "frozen_atol": 1e-06,
    "gate_would_pass": false
  },
  "cohsex@1e-5": {
    "status": "OK",
    "max_abs_delta_eV": 0.46819499999998015,
    "per_col_max_eV": [
      0.0,
      0.0,
      0.0033650000000005065,
      0.004110999999999976,
      0.0037890000000011526,
      0.46819499999998015
    ],
    "frozen_atol": 1e-06,
    "gate_would_pass": false
  },
  "cohsex@1e-6": {
    "status": "OK",
    "max_abs_delta_eV": 0.005225999999993292,
    "per_col_max_eV": [
      0.0,
      0.0,
      3.799999999998249e-05,
      4.600000000021254e-05,
      4.2000000000541604e-05,
      0.005225999999993292
    ],
    "frozen_atol": 1e-06,
    "gate_would_pass": false
  },
  "si_cohsex_3d@1e-4": {
    "status": "OK",
    "max_abs_delta_eV": 0.027734999999999843,
    "per_col_max_eV": [
      0.0,
      0.0,
      0.008615999999999957,
      0.019117999999998858,
      0.027734999999999843,
      0.019531000000000187
    ],
    "frozen_atol": 0.001,
    "gate_would_pass": false
  },
  "si_cohsex_3d@1e-5": {
    "status": "OK",
    "max_abs_delta_eV": 0.005356,
    "per_col_max_eV": [
      0.0,
      0.0,
      0.0008230000000000182,
      0.002473999999999421,
      0.003217999999999499,
      0.005356
    ],
    "frozen_atol": 0.001,
    "gate_would_pass": false
  },
  "si_cohsex_3d@1e-6": {
    "status": "OK",
    "max_abs_delta_eV": 0.0025229999999999975,
    "per_col_max_eV": [
      0.0,
      0.0,
      0.0003060000000001395,
      0.0008730000000003457,
      0.0009850000000000136,
      0.0025229999999999975
    ],
    "frozen_atol": 0.001,
    "gate_would_pass": false
  },
  "gnppm@1e-4": {
    "status": "OK",
    "max_abs_delta_eV": 42.63974799999999,
    "per_col_max_eV": [
      0.0,
      0.0,
      0.2972489999999999,
      0.8201590000000001,
      0.984191,
      42.63974799999999
    ],
    "frozen_atol": 1e-06,
    "gate_would_pass": false
  },
  "gnppm@1e-5": {
    "status": "OK",
    "max_abs_delta_eV": 26.559075,
    "per_col_max_eV": [
      0.0,
      0.0,
      0.2054860000000005,
      0.5384709999999999,
      0.5558680000000003,
      26.559075
    ],
    "frozen_atol": 1e-06,
    "gate_would_pass": false
  },
  "gnppm@1e-6": {
    "status": "OK",
    "max_abs_delta_eV": 8.615680999999995,
    "per_col_max_eV": [
      0.0,
      0.0,
      0.057774999999999466,
      0.2778369999999999,
      0.2849700000000013,
      8.615680999999995
    ],
    "frozen_atol": 1e-06,
    "gate_would_pass": false
  }
}