{
 "n_occ": 26,
 "n_cond_bse": 8,
 "windows": {
  "26,14/rank0": {
   "nb_window": 40,
   "rank": 1280,
   "a_band": 33,
   "window_anchored_at_Emin": true,
   "capacity_margin": 0.2222222222222222,
   "seconds": 22.79534935951233,
   "ongrid_max_deps_meV": 0.6349332877143753,
   "ongrid_deps_per_Q_meV": {
    "+0.0000,+0.5000,+0.0000": 0.442913230554138,
    "+0.0000,+0.0000,+0.0000": 0.348931378061185,
    "+0.3333,+0.3333,+0.0000": 0.6349332877143753
   },
   "min_transition_eV": [
    2.442018681280084,
    2.4374978533910587,
    2.423641516153405,
    2.400917698850139,
    2.345880115076667,
    2.2858525368238256,
    2.260252059210146,
    2.272719969682668,
    2.2872971066291723,
    2.2514501002206027,
    2.2392130292831345,
    2.2589513319775016,
    2.265303335808076,
    2.264995649009966,
    2.3013428444869564,
    2.3665004002847705,
    2.4467383673754477,
    2.526536597566572,
    2.5953980542051074,
    2.650414933643881,
    2.564004697294938,
    2.49717479835137,
    2.4401319637056926,
    2.3925264482951683,
    2.3710270326733984,
    2.2788529321171986,
    2.1543857130041784,
    2.0556271262256436,
    1.9949057119888083,
    1.9868559133525387,
    2.038311892010149,
    2.1373772767888006,
    2.243725786218807,
    2.2921486294574516,
    2.2383049827572323,
    2.134791861206812,
    2.018702540761285,
    1.9290258261355204,
    1.8923055746222515
   ],
   "M-Gamma": {
    "eps_d2_max_meV": 186.61372955889502,
    "eps_d2_mean_meV": 22.53252365730295,
    "mintrans_d2_max_meV": 50.42414335507424,
    "mintrans_d2_mean_meV": 20.107424947463404
   },
   "Gamma-K": {
    "eps_d2_max_meV": 185.3131441976147,
    "eps_d2_mean_meV": 27.557740820068002,
    "mintrans_d2_max_meV": 102.26648993886357,
    "mintrans_d2_mean_meV": 38.91673619829118
   },
   "rank_cap": 0,
   "rank_over_nk_nb": 0.2222222222222222
  }
 }
}