{
 "n_occ": 26,
 "n_cond_bse": 8,
 "windows": {
  "26,14": {
   "nb_window": 40,
   "rank": 1280,
   "a_band": 33,
   "window_anchored_at_Emin": true,
   "capacity_margin": 0.2222222222222222,
   "seconds": 17.787659168243408,
   "ongrid_max_deps_meV": 1742.477731437373,
   "ongrid_deps_per_Q_meV": {
    "+0.0000,+0.5000,+0.0000": 877.7489045312999,
    "+0.0000,+0.0000,+0.0000": 1742.477731437373,
    "+0.3333,+0.3333,+0.0000": 1678.8173604850913
   },
   "min_transition_eV": [
    2.4938005397629515,
    2.4623599481244445,
    2.3778563517012428,
    2.2479959707288257,
    2.1610551856718474,
    2.168004802513044,
    2.175378688066648,
    2.0760393161408053,
    2.0324849892299404,
    2.0763585137728433,
    2.208069961223789,
    2.466072784180908,
    2.6193565395688623,
    2.653517012077298,
    2.7130397102177284,
    2.808751380755168,
    2.8866811742733844,
    2.9594492875073746,
    3.047854005591745,
    3.027990618668237,
    2.9574566953948387,
    2.5726659874926012,
    2.420815774155471,
    2.417901903569672,
    2.4796435214897854,
    2.579557448857366,
    2.6895312250387895,
    2.51121482215321,
    2.4002764317330354,
    2.3414400928140493,
    2.357510428259559,
    2.4349915511245426,
    2.4274024605353324,
    2.41559470979405,
    2.3555592500941502,
    2.216557088327083,
    2.0942153719704986,
    2.0258417897583794,
    1.9995126420410383
   ],
   "M-Gamma": {
    "eps_d2_max_meV": 389.5248585827683,
    "eps_d2_mean_meV": 59.097596150817886,
    "mintrans_d2_max_meV": 126.2913755061725,
    "mintrans_d2_mean_meV": 62.88618465898518
   },
   "Gamma-K": {
    "eps_d2_max_meV": 361.123198138863,
    "eps_d2_mean_meV": 66.65098796019707,
    "mintrans_d2_max_meV": 314.2567846288394,
    "mintrans_d2_mean_meV": 93.45918178954696
   }
  }
 }
}