{
 "n_occ": 26,
 "n_cond_bse": 8,
 "windows": {
  "26,14": {
   "nb_window": 40,
   "rank": 1280,
   "a_band": 33,
   "window_anchored_at_Emin": true,
   "capacity_margin": 0.2222222222222222,
   "seconds": 107.62375783920288,
   "ongrid_max_deps_meV": 1742.4777314403402,
   "ongrid_deps_per_Q_meV": {
    "+0.0000,+0.5000,+0.0000": 1742.477731437373,
    "+0.0000,+0.0000,+0.0000": 1742.477731437373,
    "+0.3333,+0.3333,+0.0000": 1742.4777314403402
   },
   "min_transition_eV": [
    2.009144268919172,
    1.997153120489155,
    1.9815698326555513,
    1.918375384362934,
    1.8469986375981775,
    1.8236699534184997,
    1.9021247140629693,
    2.012286522429446,
    1.9224558564172025,
    1.9285783050613092,
    2.0806798166179887,
    2.080550699621718,
    2.110451743455689,
    2.1290044033814004,
    2.060941604795725,
    2.01592453139683,
    1.9322827120480783,
    1.861735194028345,
    1.8145545038910764,
    1.8070343227595826,
    1.8288540180943123,
    1.893519929760464,
    2.000562062722851,
    2.06131893420292,
    2.1459868298657105,
    2.181810038957654,
    2.1730808815150424,
    2.165032121731283,
    2.148961787898114,
    2.1685650661162565,
    2.1502086309074766,
    2.173080889315811,
    2.1777703905761503,
    2.1435551798948524,
    2.061320567295382,
    2.000563694744172,
    1.8935199315859736,
    1.8288540130115432,
    1.8070343227499128
   ],
   "M-Gamma": {
    "eps_d2_max_meV": 444.5011678424215,
    "eps_d2_mean_meV": 61.86067849778709,
    "mintrans_d2_max_meV": 199.99247437871995,
    "mintrans_d2_mean_meV": 61.159197031686034
   },
   "Gamma-K": {
    "eps_d2_max_meV": 481.1198539599562,
    "eps_d2_mean_meV": 68.28066646315281,
    "mintrans_d2_max_meV": 48.844686570847024,
    "mintrans_d2_mean_meV": 35.02640787562938
   }
  }
 }
}