{
 "n_occ": 26,
 "n_cond_bse": 8,
 "windows": {
  "26,14/rank0": {
   "nb_window": 40,
   "rank": 1280,
   "a_band": 33,
   "window_anchored_at_Emin": true,
   "capacity_margin": 0.2222222222222222,
   "seconds": 34.83590221405029,
   "ongrid_max_deps_meV": 0.7761815484439996,
   "ongrid_deps_per_Q_meV": {
    "+0.0000,+0.5000,+0.0000": 0.4429132305394103,
    "+0.0000,+0.0000,+0.0000": 0.4429132305394103,
    "+0.3333,+0.3333,+0.0000": 0.7761815484439996
   },
   "min_transition_eV": [
    2.442018681280086,
    2.4374978533910663,
    2.40981580228627,
    2.3404964868332554,
    2.2659952736939317,
    2.200057415304501,
    2.1533766822938576,
    2.1322499511342907,
    2.1392144671165787,
    2.159259713260326,
    2.1338858635542546,
    2.136572153104588,
    2.1675721661713436,
    2.216534863254001,
    2.259286924040487,
    2.3356548058539737,
    2.430866783567707,
    2.5056666414593933,
    2.5731082763211446,
    2.618290618282433,
    2.5640046972949406,
    2.497174798351361,
    2.40029248120895,
    2.2806982963286377,
    2.179171852331121,
    2.1006514975634514,
    2.0591556646502505,
    2.055627126225653,
    1.9949057119888143,
    1.986855913352541,
    2.0383118920101477,
    2.0572575173259326,
    2.081840657954972,
    2.1597969236037677,
    2.0689141521896937,
    2.0096614752903026,
    2.0073758907562835,
    1.9290258261355204,
    1.8923055746222546
   ],
   "M-Gamma": {
    "eps_d2_max_meV": 186.61372955889237,
    "eps_d2_mean_meV": 22.182797949373068,
    "mintrans_d2_max_meV": 45.41909584981831,
    "mintrans_d2_mean_meV": 21.83237089709922
   },
   "Gamma-K": {
    "eps_d2_max_meV": 277.34521662483627,
    "eps_d2_mean_meV": 29.1840278332669,
    "mintrans_d2_max_meV": 168.83903706286998,
    "mintrans_d2_mean_meV": 45.41087165929002
   },
   "rank_cap": 0,
   "rank_over_nk_nb": 0.2222222222222222
  }
 }
}