# Generated by LORRAX unknown at 2026-07-21 01:42:23 UTC
# Sigma frequency debug decomposition (per-(k, n) diagonals; all energies in eV).
# k               	n               	E_dft           	Edft-Ef         	kin_ion         	V_H             	x_bare          	x_head          	sig_c(Edft).Re  	sig_c(Edft).Im  	sig_c_head(Edft).Re	sig_c_head(Edft).Im	eqp0            	eqp1            

k-point 0:
               0	               0	      -65.484467	      -61.075453	     -633.566542	     +591.305087	      -39.367380	       -2.208900	       -9.123107	       -0.173310	       +0.160552	       +0.000000	      -90.751942	      -90.751942
               0	               1	      -65.484467	      -61.075453	     -633.566542	     +591.305087	      -39.367380	       -2.208900	       -9.122888	       -0.173210	       +0.160552	       +0.000000	      -90.751723	      -90.751723
               0	               2	      -42.100571	      -37.691557	     -603.387236	     +584.246086	      -33.227313	       -2.208900	       +1.238169	   -31802.854651	       +0.253277	       +0.000000	      -51.130294	      -51.130294
               0	               3	      -42.100571	      -37.691557	     -603.387236	     +584.246086	      -33.227313	       -2.208900	       +1.238634	   -31802.852315	       +0.253277	       +0.000000	      -51.129829	      -51.129829
               0	               4	      -39.580049	      -35.171035	     -594.480713	     +577.599743	      -32.582655	       -2.208900	       -0.972729	   +10185.427005	       +0.270091	       +0.000000	      -50.436354	      -50.436354
               0	               5	      -39.580049	      -35.171035	     -594.480713	     +577.599743	      -32.582655	       -2.208900	       -0.972176	   +10185.426166	       +0.270091	       +0.000000	      -50.435801	      -50.435801
               0	               6	      -39.404857	      -34.995843	     -604.079149	     +587.419025	      -32.563057	       -2.208900	       +4.625631	   +19805.055712	       +0.271343	       +0.000000	      -44.597551	      -44.597551
               0	               7	      -39.404857	      -34.995843	     -604.079149	     +587.419025	      -32.563057	       -2.208900	       +4.625816	   +19805.051118	       +0.271343	       +0.000000	      -44.597365	      -44.597365
               0	               8	      -19.386943	      -14.977929	     -389.972762	     +384.468936	      -21.655108	       -2.208900	       +5.824736	       +0.198336	       +0.576924	       +0.000000	      -21.334198	      -21.334198
               0	               9	      -19.386943	      -14.977929	     -389.972762	     +384.468936	      -21.655108	       -2.208900	       +5.824738	       +0.198336	       +0.576924	       +0.000000	      -21.334195	      -21.334195
               0	              10	      -18.188235	      -13.779222	     -356.540829	     +351.442580	      -21.503813	       -2.208900	       +5.503445	      -36.078238	       +0.618644	       +0.000001	      -21.098616	      -21.098616
               0	              11	      -18.188235	      -13.779222	     -356.540829	     +351.442580	      -21.503813	       -2.208900	       +5.503389	      -36.078238	       +0.618644	       +0.000001	      -21.098672	      -21.098672
               0	              12	      -10.891408	       -6.482395	     -392.608741	     +388.763751	      -17.489437	       -2.208900	       +4.078876	     -138.678817	       +0.801380	       +0.000001	      -17.255550	      -14.798302
               0	              13	      -10.891408	       -6.482395	     -392.608741	     +388.763751	      -17.489437	       -2.208900	       +4.078886	     -138.678865	       +0.801380	       +0.000001	      -17.255540	      -14.798296
               0	              14	       -7.880919	       -3.471905	     -488.232089	     +494.676605	      -18.279135	       -2.208900	       +2.451064	   -11750.730401	       +0.801403	       +0.000001	       -9.383554	       -9.021775
               0	              15	       -7.880919	       -3.471905	     -488.232089	     +494.676605	      -18.279135	       -2.208900	       +2.451066	   -11750.734044	       +0.801403	       +0.000001	       -9.383552	       -9.021774
               0	              16	       -7.821581	       -3.412567	     -483.643930	     +490.020818	      -18.133222	       -2.208900	       +2.416837	   +10286.796697	       +0.801512	       +0.000001	       -9.339497	       -8.973048
               0	              17	       -7.821581	       -3.412567	     -483.643930	     +490.020818	      -18.133222	       -2.208900	       +2.416855	   +10286.799738	       +0.801512	       +0.000001	       -9.339478	       -8.973034
               0	              18	       -7.130428	       -2.721415	     -294.918596	     +304.081303	      -15.687749	       -2.208900	       +2.593607	     +671.692874	       +0.801643	       +0.000001	       -3.931435	       -4.711620
               0	              19	       -7.130428	       -2.721415	     -294.918596	     +304.081303	      -15.687749	       -2.208900	       +2.593556	     +671.692851	       +0.801643	       +0.000001	       -3.931486	       -4.711659
               0	              20	       -6.799255	       -2.390241	     -453.270895	     +456.691951	      -17.834601	       -2.208900	       +1.605671	     -572.763062	       +0.801545	       +0.000001	      -12.807873	      -11.213797
               0	              21	       -6.799255	       -2.390241	     -453.270895	     +456.691951	      -17.834601	       -2.208900	       +1.605725	     -572.760439	       +0.801545	       +0.000001	      -12.807819	      -11.213757
               0	              22	       -6.718285	       -2.309271	     -452.781367	     +456.291125	      -17.725925	       -2.208900	       +1.543548	    -2185.453853	       +0.801626	       +0.000001	      -12.672619	      -11.101219
               0	              23	       -6.718285	       -2.309271	     -452.781367	     +456.291125	      -17.725925	       -2.208900	       +1.543521	    -2185.451223	       +0.801626	       +0.000001	      -12.672647	      -11.101239
               0	              24	       -5.398968	       -0.989955	     -402.917797	     +413.176703	      -16.523397	       -2.208900	       +0.197324	    +2057.994642	       +0.801363	       +0.000001	       -6.067167	       -5.938149
               0	              25	       -5.398968	       -0.989955	     -402.917797	     +413.176703	      -16.523397	       -2.208900	       +0.197491	    +2057.994801	       +0.801363	       +0.000001	       -6.067000	       -5.938014
               0	              26	       -2.591355	       +1.817659	     -410.014157	     +427.513225	      -11.161251	       +0.000000	       -3.332385	     +851.557747	       -0.801620	       -0.000001	       +3.005432	       +1.689194
               0	              27	       -2.591355	       +1.817659	     -410.014157	     +427.513225	      -11.161251	       +0.000000	       -3.332347	     +851.551413	       -0.801620	       -0.000001	       +3.005470	       +1.689223
               0	              28	       -2.515375	       +1.893639	     -408.313159	     +425.358847	      -11.088512	       +0.000000	       -3.372329	     -331.175207	       -0.801540	       -0.000001	       +2.584847	       +1.379929
               0	              29	       -2.515375	       +1.893639	     -408.313159	     +425.358847	      -11.088512	       +0.000000	       -3.372370	     -331.174096	       -0.801540	       -0.000001	       +2.584806	       +1.379898
               0	              30	       -2.347811	       +2.061203	     -391.701029	     +400.725856	      -11.168643	       +0.000000	       -3.362344	     +157.923046	       -0.801475	       -0.000001	       -5.506162	       -4.711391
               0	              31	       -2.347811	       +2.061203	     -391.701029	     +400.725856	      -11.168643	       +0.000000	       -3.362324	     +157.924212	       -0.801475	       -0.000001	       -5.506141	       -4.711376
               0	              32	       -2.339588	       +2.069426	     -389.765640	     +399.063953	      -11.172044	       +0.000000	       -3.349896	     -212.090233	       -0.801490	       -0.000001	       -5.223628	       -4.499405
               0	              33	       -2.339588	       +2.069426	     -389.765640	     +399.063953	      -11.172044	       +0.000000	       -3.349876	     -212.091019	       -0.801490	       -0.000001	       -5.223607	       -4.499389
               0	              34	       +1.083633	       +5.492647	     -423.689329	     +433.024158	       -6.244099	       +0.000000	       -4.333368	      +20.829378	       -0.801357	       -0.000001	       -1.242637	       -0.819872
               0	              35	       +1.083633	       +5.492647	     -423.689329	     +433.024158	       -6.244099	       +0.000000	       -4.333367	      +20.829379	       -0.801357	       -0.000001	       -1.242637	       -0.819872
               0	              36	       +3.734850	       +8.143864	     -325.044173	     +339.680608	       -5.805397	       +0.000000	       -4.644591	      +82.306898	       -0.801595	       -0.000001	       +4.186447	       +4.566350
               0	              37	       +3.734850	       +8.143864	     -325.044173	     +339.680608	       -5.805397	       +0.000000	       -4.644572	      +82.306899	       -0.801595	       -0.000001	       +4.186465	       +4.566384
               0	              38	       +3.946919	       +8.355933	     -128.255799	     +153.939540	       -3.896094	       +0.000000	       -3.931159	      +27.176580	       -0.801587	       -0.000001	      +17.856488	       -4.557287
               0	              39	       +3.946919	       +8.355933	     -128.255799	     +153.939540	       -3.896094	       +0.000000	       -3.931143	      +27.176586	       -0.801587	       -0.000001	      +17.856504	       -4.557297
               0	              40	       +4.785055	       +9.194069	      -15.930532	      +47.730351	       -2.449082	       +0.000000	       -3.344425	      +41.425652	       -0.801633	       -0.000001	      +26.006312	      +21.984147
               0	              41	       +4.785055	       +9.194069	      -15.930532	      +47.730351	       -2.449082	       +0.000000	       -3.344428	      +41.425653	       -0.801633	       -0.000001	      +26.006309	      +21.984144
               0	              42	       +5.503172	       +9.912186	     -345.077481	     +360.571665	       -5.867930	       +0.000000	       -5.235565	    +1844.021938	       -0.801513	       -0.000001	       +4.390690	       +4.589522
               0	              43	       +5.503172	       +9.912186	     -345.077481	     +360.571665	       -5.867930	       +0.000000	       -5.235568	    +1844.022163	       -0.801513	       -0.000001	       +4.390687	       +4.589520
               0	              44	       +5.579950	       +9.988964	     -343.542273	     +359.024297	       -5.864104	       +0.000000	       -5.224762	    -1671.804501	       -0.801365	       -0.000001	       +4.393159	       +4.566268
               0	              45	       +5.579950	       +9.988964	     -343.542273	     +359.024297	       -5.864104	       +0.000000	       -5.224761	    -1671.804679	       -0.801365	       -0.000001	       +4.393159	       +4.566268
               0	              46	       +7.479930	      +11.888944	     -318.712447	     +343.071529	       -5.693498	       +0.000000	       -5.240028	     -565.125703	       -0.698271	       -0.000001	      +13.425557	      +13.425557
               0	              47	       +7.479930	      +11.888944	     -318.712447	     +343.071529	       -5.693498	       +0.000000	       -5.240023	     -565.125834	       -0.698271	       -0.000001	      +13.425561	      +13.425561
               0	              48	       +7.497363	      +11.906377	     -319.930043	     +344.234504	       -5.700273	       +0.000000	       -5.261201	     +809.530942	       -0.697443	       -0.000001	      +13.342988	      +13.342988
               0	              49	       +7.497363	      +11.906377	     -319.930043	     +344.234504	       -5.700273	       +0.000000	       -5.261172	     +809.531113	       -0.697443	       -0.000001	      +13.343017	      +13.343017
               0	              50	       +7.654692	      +12.063706	     -261.961779	     +289.994961	       -5.755806	       +0.000000	       -4.174266	     -252.557195	       -0.690059	       -0.000001	      +18.103111	      +18.103111
               0	              51	       +7.654692	      +12.063706	     -261.961779	     +289.994961	       -5.755806	       +0.000000	       -4.174305	     -252.557380	       -0.690059	       -0.000001	      +18.103071	      +18.103071
               0	              52	      +10.761649	      +15.170663	     -298.264686	     +320.392442	       -5.330001	       +0.000000	       -4.604952	    -2172.537388	       -0.570736	       -0.000000	      +12.192803	      +12.192803
               0	              53	      +10.761649	      +15.170663	     -298.264686	     +320.392442	       -5.330001	       +0.000000	       -4.604959	    -2172.538367	       -0.570736	       -0.000000	      +12.192795	      +12.192795
               0	              54	      +10.776236	      +15.185250	     -298.403096	     +320.573998	       -5.327951	       +0.000000	       -4.613029	    +2269.397520	       -0.570273	       -0.000000	      +12.229922	      +12.229922
               0	              55	      +10.776236	      +15.185250	     -298.403096	     +320.573998	       -5.327951	       +0.000000	       -4.613023	    +2269.398231	       -0.570273	       -0.000000	      +12.229928	      +12.229928
               0	              56	      +10.850507	      +15.259521	     -342.313898	     +364.410734	       -3.372032	       +0.000000	       -4.225828	      +78.676005	       -0.567927	       -0.000000	      +14.498975	      +14.498975
               0	              57	      +10.850507	      +15.259521	     -342.313898	     +364.410734	       -3.372032	       +0.000000	       -4.225817	      +78.676007	       -0.567927	       -0.000000	      +14.498987	      +14.498987
               0	              58	      +11.100027	      +15.509040	     -312.924111	     +337.208218	       -5.877441	       +0.000000	       -4.491210	     -330.800243	       -0.560186	       -0.000000	      +13.915456	      +13.915456
               0	              59	      +11.100027	      +15.509040	     -312.924111	     +337.208218	       -5.877441	       +0.000000	       -4.491206	     -330.800777	       -0.560186	       -0.000000	      +13.915460	      +13.915460
               0	              60	      +11.106968	      +15.515981	     -312.468863	     +336.884451	       -5.895739	       +0.000000	       -4.481846	     +131.305768	       -0.559974	       -0.000000	      +14.038004	      +14.038004
               0	              61	      +11.106968	      +15.515981	     -312.468863	     +336.884451	       -5.895739	       +0.000000	       -4.481852	     +131.305198	       -0.559974	       -0.000000	      +14.037998	      +14.037998
               0	              62	      +11.233375	      +15.642389	     -118.421764	     +215.615051	       -2.431202	       +0.000000	       -2.964719	      -51.925442	       -0.556135	       -0.000000	      +91.797366	      +91.797366
               0	              63	      +11.233375	      +15.642389	     -118.421764	     +215.615051	       -2.431202	       +0.000000	       -2.964700	      -51.925446	       -0.556135	       -0.000000	      +91.797385	      +91.797385
               0	              64	      +14.035511	      +18.444525	      -21.437985	     +189.651649	       -2.091743	       +0.000000	       -1.479612	       +4.924252	       -0.482771	       -0.000000	     +164.642309	     +164.642309
               0	              65	      +14.035511	      +18.444525	      -21.437985	     +189.651649	       -2.091743	       +0.000000	       -1.479600	       +4.924252	       -0.482771	       -0.000000	     +164.642321	     +164.642321
               0	              66	      +14.277797	      +18.686811	      -37.866548	     +153.767157	       -1.885810	       +0.000000	       -2.599561	      +43.054673	       -0.477327	       -0.000000	     +111.415238	     +111.415238
               0	              67	      +14.277797	      +18.686811	      -37.866548	     +153.767157	       -1.885810	       +0.000000	       -2.599563	      +43.054645	       -0.477327	       -0.000000	     +111.415236	     +111.415236
               0	              68	      +14.661947	      +19.070961	     -110.753574	     +219.539459	       -2.953654	       +0.000000	       -2.512395	      -30.753688	       -0.468942	       -0.000000	     +103.319835	     +103.319835
               0	              69	      +14.661947	      +19.070961	     -110.753574	     +219.539459	       -2.953654	       +0.000000	       -2.512403	      -30.753742	       -0.468942	       -0.000000	     +103.319828	     +103.319828
               0	              70	      +16.071643	      +20.480656	      +42.340978	     +173.660461	       -1.648070	       +0.000000	       -2.250821	       +4.977699	       -0.440543	       -0.000000	     +212.102549	     +212.102549
               0	              71	      +16.071643	      +20.480656	      +42.340978	     +173.660461	       -1.648070	       +0.000000	       -2.250845	       +4.977701	       -0.440543	       -0.000000	     +212.102524	     +212.102524
               0	              72	      +18.061621	      +22.470634	     -261.937857	     +290.212836	       -3.239145	       +0.000000	       -3.507103	    +2132.502242	       -0.405848	       -0.000000	      +21.528730	      +21.528730
               0	              73	      +18.061621	      +22.470634	     -261.937857	     +290.212836	       -3.239145	       +0.000000	       -3.507088	    +2132.502070	       -0.405848	       -0.000000	      +21.528745	      +21.528745
               0	              74	      +18.238654	      +22.647668	     -253.387945	     +281.306871	       -3.176142	       +0.000000	       -3.443896	    -1692.613613	       -0.403024	       -0.000000	      +21.298887	      +21.298887
               0	              75	      +18.238654	      +22.647668	     -253.387945	     +281.306871	       -3.176142	       +0.000000	       -3.443914	    -1692.613541	       -0.403024	       -0.000000	      +21.298870	      +21.298870
               0	              76	      +20.596833	      +25.005846	      -92.098058	     +206.265739	       -2.258635	       +0.000000	       -0.930751	     +104.310604	       -0.368841	       -0.000000	     +110.978296	     +110.978296
               0	              77	      +20.596833	      +25.005846	      -92.098058	     +206.265739	       -2.258635	       +0.000000	       -0.930753	     +104.310617	       -0.368841	       -0.000000	     +110.978294	     +110.978294
               0	              78	      +20.823270	      +25.232283	     -118.538981	     +144.234994	       -1.996938	       +0.000000	       -3.001680	     -523.030866	       -0.365861	       -0.000000	      +20.697394	      +20.697394
               0	              79	      +20.823270	      +25.232283	     -118.538981	     +144.234994	       -1.996938	       +0.000000	       -3.001672	     -523.029110	       -0.365861	       -0.000000	      +20.697403	      +20.697403
               0	              80	      +20.838623	      +25.247637	     -118.088539	     +143.686490	       -1.995279	       +0.000000	       -3.005540	     +503.388496	       -0.365661	       -0.000000	      +20.597132	      +20.597132
               0	              81	      +20.838623	      +25.247637	     -118.088539	     +143.686490	       -1.995279	       +0.000000	       -3.005549	     +503.390181	       -0.365661	       -0.000000	      +20.597122	      +20.597122
               0	              82	      +21.148651	      +25.557664	      +97.303806	     +104.751276	       -1.129282	       +0.000000	       -1.885165	      +52.224422	       -0.361663	       -0.000000	     +199.040635	     +199.040635
               0	              83	      +21.148651	      +25.557664	      +97.303806	     +104.751276	       -1.129282	       +0.000000	       -1.885166	      +52.224432	       -0.361663	       -0.000000	     +199.040633	     +199.040633
               0	              84	      +21.801451	      +26.210465	      -54.360570	     +150.933166	       -1.613777	       +0.000000	       -2.325129	     +269.838378	       -0.353524	       -0.000000	      +92.633690	      +92.633690
               0	              85	      +21.801451	      +26.210465	      -54.360570	     +150.933166	       -1.613777	       +0.000000	       -2.325129	     +269.838333	       -0.353524	       -0.000000	      +92.633690	      +92.633690
               0	              86	      +22.264416	      +26.673430	     -205.910858	     +246.189756	       -3.073526	       +0.000000	       -2.897275	     -615.725188	       -0.347970	       -0.000000	      +34.308098	      +34.308098
               0	              87	      +22.264416	      +26.673430	     -205.910858	     +246.189756	       -3.073526	       +0.000000	       -2.897273	     -615.726617	       -0.347970	       -0.000000	      +34.308099	      +34.308099
               0	              88	      +22.311075	      +26.720089	     -203.511223	     +243.893338	       -3.068805	       +0.000000	       -2.878614	     +302.829614	       -0.347420	       -0.000000	      +34.434696	      +34.434696
               0	              89	      +22.311075	      +26.720089	     -203.511223	     +243.893338	       -3.068805	       +0.000000	       -2.878622	     +302.831620	       -0.347420	       -0.000000	      +34.434688	      +34.434688
               0	              90	      +22.988316	      +27.397330	      -86.489521	     +159.022356	       -1.860968	       +0.000000	       -2.427421	       +5.763853	       -0.339628	       -0.000000	      +68.244447	      +68.244447
               0	              91	      +22.988316	      +27.397330	      -86.489521	     +159.022356	       -1.860968	       +0.000000	       -2.427398	       +5.763852	       -0.339628	       -0.000000	      +68.244469	      +68.244469
               0	              92	      +23.435678	      +27.844691	      -45.650796	      +92.706741	       -1.600168	       +0.000000	       -2.580063	      +10.644182	       -0.334669	       -0.000000	      +42.875714	      +42.875714
               0	              93	      +23.435678	      +27.844691	      -45.650796	      +92.706741	       -1.600168	       +0.000000	       -2.580066	      +10.643478	       -0.334669	       -0.000000	      +42.875711	      +42.875711
               0	              94	      +23.447355	      +27.856368	      -45.323132	      +92.369758	       -1.598907	       +0.000000	       -2.577683	       -4.134996	       -0.334542	       -0.000000	      +42.870036	      +42.870036
               0	              95	      +23.447355	      +27.856368	      -45.323132	      +92.369758	       -1.598907	       +0.000000	       -2.577682	       -4.135731	       -0.334542	       -0.000000	      +42.870037	      +42.870037
               0	              96	      +24.078748	      +28.487761	     -204.438461	     +242.370590	       -2.618431	       +0.000000	       -3.122551	     +759.318638	       -0.327790	       -0.000000	      +32.191147	      +32.191147
               0	              97	      +24.078748	      +28.487761	     -204.438461	     +242.370590	       -2.618431	       +0.000000	       -3.122544	     +759.317602	       -0.327790	       -0.000000	      +32.191153	      +32.191153
               0	              98	      +24.087456	      +28.496470	      -54.060575	     +154.922683	       -1.807307	       +0.000000	       -0.670377	      +27.237164	       -0.327699	       -0.000000	      +98.384423	      +98.384423
               0	              99	      +24.087456	      +28.496470	      -54.060575	     +154.922683	       -1.807307	       +0.000000	       -0.670356	      +27.237188	       -0.327699	       -0.000000	      +98.384444	      +98.384444

k-point 1:
               1	               0	      -65.465980	      -61.056966	     -633.576818	     +591.585098	      -39.351765	       -2.208900	       -7.266712	   +25535.105850	       +0.160599	       +0.000000	      -88.610197	      -88.610197
               1	               1	      -65.465980	      -61.056966	     -633.576818	     +591.585098	      -39.351765	       -2.208900	       -7.265330	   +25518.104549	       +0.160599	       +0.000000	      -88.608814	      -88.608814
               1	               2	      -42.126171	      -37.717157	     -603.504547	     +584.289567	      -33.231290	       -2.208900	       +1.981566	   -35667.169250	       +0.253117	       +0.000000	      -50.464704	      -50.464704
               1	               3	      -42.126171	      -37.717157	     -603.504547	     +584.289567	      -33.231290	       -2.208900	       +2.002603	   -21607.092810	       +0.253117	       +0.000000	      -50.443666	      -50.443666
               1	               4	      -39.593526	      -35.184512	     -594.607914	     +577.576513	      -32.582261	       -2.208900	       +0.192883	   +35380.233062	       +0.269995	       +0.000000	      -49.420779	      -49.420779
               1	               5	      -39.593526	      -35.184512	     -594.607915	     +577.576513	      -32.582261	       -2.208900	       +0.202875	   +41608.991579	       +0.269995	       +0.000000	      -49.410788	      -49.410788
               1	               6	      -39.464894	      -35.055880	     -603.459730	     +586.749607	      -32.565758	       -2.208900	       +4.285800	    -8975.981528	       +0.270913	       +0.000000	      -44.990080	      -44.990080
               1	               7	      -39.464893	      -35.055880	     -603.459731	     +586.749607	      -32.565758	       -2.208900	       +4.314969	   +11299.055496	       +0.270913	       +0.000000	      -44.960913	      -44.960913
               1	               8	      -18.989633	      -14.580619	     -388.829326	     +381.047232	      -21.679672	       -2.208900	       +5.853915	   +17024.281004	       +0.590114	       +0.000000	      -23.607850	      -23.607850
               1	               9	      -18.989633	      -14.580619	     -388.829326	     +381.047232	      -21.679672	       -2.208900	       +5.853956	   +17111.100738	       +0.590114	       +0.000000	      -23.607809	      -23.607809
               1	              10	      -18.014213	      -13.605199	     -361.044908	     +354.470575	      -21.564626	       -2.208900	       +5.709371	   +19390.116368	       +0.625207	       +0.000001	      -22.429588	      -22.429588
               1	              11	      -18.014213	      -13.605199	     -361.044908	     +354.470575	      -21.564626	       -2.208900	       +5.709433	   +19404.384584	       +0.625207	       +0.000001	      -22.429527	      -22.429527
               1	              12	      -10.482477	       -6.073463	     -393.572519	     +394.051843	      -17.435741	       -2.208900	       +3.653966	   +42231.378189	       +0.801498	       +0.000001	      -13.302451	      -12.381257
               1	              13	      -10.482477	       -6.073463	     -393.572515	     +394.051843	      -17.435741	       -2.208900	       +3.653656	   +42336.357983	       +0.801498	       +0.000001	      -13.302757	      -12.381532
               1	              14	       -8.606804	       -4.197791	     -456.924029	     +462.251205	      -17.601062	       -2.208900	       +2.779260	   -38241.976498	       +0.801635	       +0.000001	       -9.494626	       -9.274132
               1	              15	       -8.606804	       -4.197790	     -456.923991	     +462.251205	      -17.601062	       -2.208900	       +2.779352	   -37912.146401	       +0.801635	       +0.000001	       -9.494495	       -9.273985
               1	              16	       -8.256218	       -3.847204	     -387.404627	     +394.883031	      -17.195658	       -2.208900	       +2.490109	   -24092.092676	       +0.801596	       +0.000001	       -7.227146	       -7.454041
               1	              17	       -8.256218	       -3.847204	     -387.404633	     +394.883031	      -17.195658	       -2.208900	       +2.490089	   -24054.634395	       +0.801596	       +0.000001	       -7.227171	       -7.454324
               1	              18	       -7.436881	       -3.027867	     -471.463067	     +478.358254	      -17.949656	       -2.208900	       +2.258140	    -1669.065296	       +0.801407	       +0.000001	       -8.796329	       -8.467179
               1	              19	       -7.436880	       -3.027867	     -471.462985	     +478.358254	      -17.949656	       -2.208900	       +2.258184	    -1691.443501	       +0.801407	       +0.000001	       -8.796202	       -8.467047
               1	              20	       -7.317414	       -2.908400	     -447.544298	     +453.087628	      -17.791940	       -2.208900	       +1.910733	   -17404.534754	       +0.801518	       +0.000001	      -10.337878	       -9.662261
               1	              21	       -7.317414	       -2.908400	     -447.544331	     +453.087628	      -17.791940	       -2.208900	       +1.910820	   -17470.356921	       +0.801518	       +0.000001	      -10.337824	       -9.661405
               1	              22	       -6.409757	       -2.000743	     -324.200186	     +330.897236	      -16.024820	       -2.208900	       +2.231465	   +77013.182708	       +0.801342	       +0.000001	       -7.096305	       -6.926973
               1	              23	       -6.409757	       -2.000743	     -324.200208	     +330.897236	      -16.024820	       -2.208900	       +2.231408	   +77041.638337	       +0.801342	       +0.000001	       -7.096384	       -6.927045
               1	              24	       -5.682865	       -1.273851	     -422.236508	     +427.802569	      -16.941504	       -2.208900	       +0.498989	   -11287.439073	       +0.801642	       +0.000001	      -10.876454	       -9.828946
               1	              25	       -5.682865	       -1.273851	     -422.236526	     +427.802569	      -16.941504	       -2.208900	       +0.498950	   -11654.297983	       +0.801642	       +0.000001	      -10.876512	       -9.828988
               1	              26	       -3.039484	       +1.369529	     -397.078202	     +410.341791	      -11.000971	       +0.000000	       -3.423357	   -13646.868923	       -0.801571	       -0.000001	       -1.160738	       -1.596838
               1	              27	       -3.039482	       +1.369531	     -397.078192	     +410.341791	      -11.000971	       +0.000000	       -3.423565	   -13956.641791	       -0.801571	       -0.000001	       -1.160937	       -1.596980
               1	              28	       -2.737502	       +1.671511	     -416.376115	     +427.209410	      -11.430431	       +0.000000	       -3.326131	   -11625.542361	       -0.801619	       -0.000001	       -3.923268	       -3.636969
               1	              29	       -2.737499	       +1.671514	     -416.376465	     +427.209410	      -11.430431	       +0.000000	       -3.326546	   -12450.770582	       -0.801619	       -0.000001	       -3.924032	       -3.637538
               1	              30	       -2.697296	       +1.711717	     -424.566808	     +436.029460	      -11.304085	       +0.000000	       -3.482899	   -32339.729290	       -0.801640	       -0.000001	       -3.324332	       -3.174361
               1	              31	       -2.697295	       +1.711719	     -424.567244	     +436.029460	      -11.304085	       +0.000000	       -3.483000	   -32229.861175	       -0.801640	       -0.000001	       -3.324869	       -3.174763
               1	              32	       -1.968038	       +2.440976	     -412.806566	     +427.453721	      -11.226746	       +0.000000	       -3.702165	   +48635.576412	       -0.801464	       -0.000001	       -0.281756	       -0.692469
               1	              33	       -1.968037	       +2.440976	     -412.806632	     +427.453721	      -11.226746	       +0.000000	       -3.702083	   +48961.189997	       -0.801464	       -0.000001	       -0.281739	       -0.692568
               1	              34	       +2.575037	       +6.984051	     -399.484367	     +412.571698	       -6.360192	       +0.000000	       -4.656833	    -6945.882517	       -0.801376	       -0.000001	       +2.070306	       +2.197142
               1	              35	       +2.575038	       +6.984051	     -399.484347	     +412.571698	       -6.360192	       +0.000000	       -4.656863	    -6903.863548	       -0.801376	       -0.000001	       +2.070297	       +2.197136
               1	              36	       +4.137793	       +8.546807	     -263.658500	     +281.447573	       -5.188339	       +0.000000	       -4.404753	  +122966.142606	       -0.801447	       -0.000001	       +8.195981	      +12.840855
               1	              37	       +4.137793	       +8.546807	     -263.658545	     +281.447573	       -5.188339	       +0.000000	       -4.404836	  +123028.478056	       -0.801447	       -0.000001	       +8.195853	      +12.837948
               1	              38	       +4.498560	       +8.907574	     -234.182247	     +253.365787	       -4.651959	       +0.000000	       -4.324245	   -48583.514349	       -0.801520	       -0.000001	      +10.207336	       +9.335111
               1	              39	       +4.498560	       +8.907574	     -234.182244	     +253.365787	       -4.651959	       +0.000000	       -4.324198	   -48591.487940	       -0.801520	       -0.000001	      +10.207385	       +9.335067
               1	              40	       +5.011368	       +9.420382	     -228.886999	     +250.544323	       -4.915494	       +0.000000	       -2.791567	  -171611.576030	       -0.801499	       -0.000001	      +13.950262	      +15.035259
               1	              41	       +5.011369	       +9.420383	     -228.886950	     +250.544323	       -4.915494	       +0.000000	       -2.791584	  -171522.761976	       -0.801499	       -0.000001	      +13.950295	      +15.031765
               1	              42	       +5.208690	       +9.617703	     -169.177425	     +193.614920	       -4.214934	       +0.000000	       -4.261095	   -18540.627618	       -0.801565	       -0.000001	      +15.961465	      +12.727858
               1	              43	       +5.208690	       +9.617703	     -169.177438	     +193.614920	       -4.214934	       +0.000000	       -4.261172	   -18495.160949	       -0.801565	       -0.000001	      +15.961376	      +12.727215
               1	              44	       +6.274230	      +10.683244	     -273.267422	     +296.038970	       -4.958931	       +0.000000	       -5.060700	   -64109.749238	       -0.760725	       -0.000001	      +12.751917	      +12.751917
               1	              45	       +6.274230	      +10.683244	     -273.267422	     +296.038970	       -4.958931	       +0.000000	       -5.060913	   -64126.692436	       -0.760725	       -0.000001	      +12.751704	      +12.751704
               1	              46	       +6.755121	      +11.164135	     -345.703607	     +363.581750	       -5.823897	       +0.000000	       -5.191424	    -5179.376850	       -0.734522	       -0.000001	       +6.862822	       +6.862822
               1	              47	       +6.755122	      +11.164135	     -345.703445	     +363.581750	       -5.823897	       +0.000000	       -5.191487	    -5208.205730	       -0.734522	       -0.000001	       +6.862921	       +6.862921
               1	              48	       +7.214026	      +11.623040	     -284.718810	     +308.606334	       -6.039122	       +0.000000	       -3.043540	  -322707.655348	       -0.711147	       -0.000001	      +14.804863	      +14.804863
               1	              49	       +7.214026	      +11.623040	     -284.718868	     +308.606334	       -6.039122	       +0.000000	       -3.042877	  -322867.962067	       -0.711147	       -0.000001	      +14.805467	      +14.805467
               1	              50	       +7.784806	      +12.193820	     -314.831951	     +338.486459	       -5.320069	       +0.000000	       -5.004005	    +3938.170520	       -0.684070	       -0.000001	      +13.330434	      +13.330434
               1	              51	       +7.784806	      +12.193820	     -314.831950	     +338.486459	       -5.320069	       +0.000000	       -5.003984	    +3950.905999	       -0.684070	       -0.000001	      +13.330456	      +13.330456
               1	              52	       +9.124082	      +13.533096	     -279.526610	     +305.890610	       -4.952655	       +0.000000	       -4.364600	    +2853.851794	       -0.627968	       -0.000001	      +17.046744	      +17.046744
               1	              53	       +9.124082	      +13.533096	     -279.526614	     +305.890610	       -4.952655	       +0.000000	       -4.364729	    +2797.464326	       -0.627968	       -0.000001	      +17.046611	      +17.046611
               1	              54	       +9.888660	      +14.297674	     -320.803997	     +342.178393	       -5.836912	       +0.000000	       -4.646143	   -38460.875966	       -0.599882	       -0.000000	      +10.891341	      +10.891341
               1	              55	       +9.888660	      +14.297674	     -320.804076	     +342.178393	       -5.836912	       +0.000000	       -4.646615	   -38616.245627	       -0.599882	       -0.000000	      +10.890790	      +10.890790
               1	              56	      +10.280456	      +14.689470	     -243.922506	     +287.466068	       -4.891570	       +0.000000	       -3.255373	   +69316.378488	       -0.586441	       -0.000000	      +35.396619	      +35.396619
               1	              57	      +10.280457	      +14.689470	     -243.922538	     +287.466068	       -4.891570	       +0.000000	       -3.255862	   +68970.448532	       -0.586441	       -0.000000	      +35.396098	      +35.396098
               1	              58	      +11.412539	      +15.821552	     -301.714103	     +330.788058	       -5.542101	       +0.000000	       -5.052956	   -27212.611488	       -0.550783	       -0.000000	      +18.478898	      +18.478898
               1	              59	      +11.412539	      +15.821552	     -301.714105	     +330.788058	       -5.542101	       +0.000000	       -5.052892	   -27195.437546	       -0.550783	       -0.000000	      +18.478960	      +18.478960
               1	              60	      +12.579023	      +16.988037	     -107.268943	     +218.994203	       -2.526793	       +0.000000	       -2.890051	   +80550.680919	       -0.518311	       -0.000000	     +106.308416	     +106.308416
               1	              61	      +12.579023	      +16.988037	     -107.268982	     +218.994203	       -2.526793	       +0.000000	       -2.890001	   +80537.867977	       -0.518311	       -0.000000	     +106.308428	     +106.308428
               1	              62	      +13.626951	      +18.035965	     -270.986855	     +321.668708	       -3.383390	       +0.000000	       -3.635442	   +50925.472802	       -0.492239	       -0.000000	      +43.663022	      +43.663022
               1	              63	      +13.626951	      +18.035965	     -270.986850	     +321.668708	       -3.383390	       +0.000000	       -3.635430	   +50860.386840	       -0.492239	       -0.000000	      +43.663038	      +43.663038
               1	              64	      +15.232396	      +19.641409	      +39.494480	     +124.620158	       -1.683503	       +0.000000	       -2.330382	   -22981.192464	       -0.457020	       -0.000000	     +160.100753	     +160.100753
               1	              65	      +15.232396	      +19.641410	      +39.494604	     +124.620158	       -1.683503	       +0.000000	       -2.330398	   -22985.105592	       -0.457020	       -0.000000	     +160.100861	     +160.100861
               1	              66	      +15.261278	      +19.670292	      -72.685439	     +212.417047	       -2.233072	       +0.000000	       -1.937185	   +64631.959439	       -0.456433	       -0.000000	     +135.561350	     +135.561350
               1	              67	      +15.261279	      +19.670292	      -72.685389	     +212.417047	       -2.233072	       +0.000000	       -1.937014	   +64630.946301	       -0.456433	       -0.000000	     +135.561572	     +135.561572
               1	              68	      +16.200358	      +20.609372	      +17.538963	     +172.260307	       -2.009713	       +0.000000	       -2.536131	   +17064.726527	       -0.438120	       -0.000000	     +185.253425	     +185.253425
               1	              69	      +16.200358	      +20.609372	      +17.538849	     +172.260307	       -2.009713	       +0.000000	       -2.536038	   +17036.117329	       -0.438120	       -0.000000	     +185.253405	     +185.253405
               1	              70	      +16.815710	      +21.224723	     -152.574167	     +186.034556	       -2.358432	       +0.000000	       -2.854480	   -53653.924372	       -0.426897	       -0.000000	      +28.247477	      +28.247477
               1	              71	      +16.815710	      +21.224723	     -152.574202	     +186.034556	       -2.358432	       +0.000000	       -2.854743	   -53650.745951	       -0.426897	       -0.000000	      +28.247180	      +28.247180
               1	              72	      +17.301584	      +21.710598	     -205.944905	     +247.043019	       -3.223439	       +0.000000	       -2.985603	   +32116.929585	       -0.418434	       -0.000000	      +34.889073	      +34.889073
               1	              73	      +17.301584	      +21.710598	     -205.944868	     +247.043019	       -3.223439	       +0.000000	       -2.985950	   +32081.695532	       -0.418434	       -0.000000	      +34.888763	      +34.888763
               1	              74	      +17.627891	      +22.036905	     -231.252403	     +275.843687	       -2.957249	       +0.000000	       -3.079463	   +35059.658255	       -0.412936	       -0.000000	      +38.554572	      +38.554572
               1	              75	      +17.627893	      +22.036906	     -231.252154	     +275.843687	       -2.957249	       +0.000000	       -3.079384	   +35054.985179	       -0.412936	       -0.000000	      +38.554900	      +38.554900
               1	              76	      +18.613617	      +23.022631	     -129.677542	     +201.760925	       -2.830591	       +0.000000	       -0.746764	   +55903.259865	       -0.397171	       -0.000000	      +68.506028	      +68.506028
               1	              77	      +18.613619	      +23.022632	     -129.675792	     +201.760925	       -2.830591	       +0.000000	       -0.744974	   +55962.585225	       -0.397171	       -0.000000	      +68.509568	      +68.509568
               1	              78	      +18.800907	      +23.209920	     -326.716832	     +356.803875	       -3.928976	       +0.000000	       -3.847519	   -37825.423320	       -0.394311	       -0.000000	      +22.310549	      +22.310549
               1	              79	      +18.800907	      +23.209920	     -326.718354	     +356.803875	       -3.928976	       +0.000000	       -3.848532	   -37899.249780	       -0.394311	       -0.000000	      +22.308013	      +22.308013
               1	              80	      +19.943885	      +24.352898	     -166.956409	     +200.310451	       -2.477890	       +0.000000	       -3.225741	   -18757.600403	       -0.377711	       -0.000000	      +27.650411	      +27.650411
               1	              81	      +19.943885	      +24.352899	     -166.956524	     +200.310451	       -2.477890	       +0.000000	       -3.225758	   -18761.753572	       -0.377711	       -0.000000	      +27.650279	      +27.650279
               1	              82	      +20.086113	      +24.495127	      -92.075013	     +124.464222	       -1.807775	       +0.000000	       -2.781546	    -8399.044518	       -0.375743	       -0.000000	      +27.799888	      +27.799888
               1	              83	      +20.086113	      +24.495127	      -92.075025	     +124.464222	       -1.807775	       +0.000000	       -2.781520	    -8388.260562	       -0.375743	       -0.000000	      +27.799902	      +27.799902
               1	              84	      +21.051088	      +25.460101	      -39.051985	      +97.177069	       -1.542679	       +0.000000	       -2.060543	    -8891.638344	       -0.362911	       -0.000000	      +54.521862	      +54.521862
               1	              85	      +21.051088	      +25.460102	      -39.051987	      +97.177069	       -1.542679	       +0.000000	       -2.060481	    -8914.212105	       -0.362911	       -0.000000	      +54.521922	      +54.521922
               1	              86	      +21.767447	      +26.176461	     +133.793018	     +105.987183	       -1.229991	       +0.000000	       -1.852734	   -13918.757691	       -0.353938	       -0.000000	     +236.697476	     +236.697476
               1	              87	      +21.767447	      +26.176461	     +133.793019	     +105.987183	       -1.229991	       +0.000000	       -1.852723	   -13922.220113	       -0.353938	       -0.000000	     +236.697488	     +236.697488
               1	              88	      +21.956552	      +26.365566	      -94.796423	     +165.664666	       -2.176078	       +0.000000	       -2.582107	   +11756.987407	       -0.351643	       -0.000000	      +66.110057	      +66.110057
               1	              89	      +21.956552	      +26.365566	      -94.796338	     +165.664666	       -2.176078	       +0.000000	       -2.582226	   +11676.970769	       -0.351643	       -0.000000	      +66.110024	      +66.110024
               1	              90	      +22.406962	      +26.815976	     -108.993051	     +223.773530	       -2.172408	       +0.000000	       -2.522412	    -3272.194893	       -0.346295	       -0.000000	     +110.085660	     +110.085660
               1	              91	      +22.406963	      +26.815976	     -108.993118	     +223.773530	       -2.172408	       +0.000000	       -2.522496	    -3324.030105	       -0.346295	       -0.000000	     +110.085509	     +110.085509
               1	              92	      +24.302513	      +28.711526	     -175.484537	     +257.463047	       -2.711205	       +0.000000	       -2.438503	   -74617.660754	       -0.325462	       -0.000000	      +76.828802	      +76.828802
               1	              93	      +24.302513	      +28.711527	     -175.484520	     +257.463047	       -2.711205	       +0.000000	       -2.438441	   -74634.280829	       -0.325462	       -0.000000	      +76.828881	      +76.828881
               1	              94	      +24.837759	      +29.246773	     -164.746640	     +233.032739	       -2.384419	       +0.000000	       -2.415304	   -25213.840797	       -0.320026	       -0.000000	      +63.486376	      +63.486376
               1	              95	      +24.837759	      +29.246773	     -164.746701	     +233.032739	       -2.384419	       +0.000000	       -2.415468	   -25216.585751	       -0.320026	       -0.000000	      +63.486152	      +63.486152
               1	              96	      +24.923414	      +29.332428	      -85.840147	     +132.678038	       -1.899056	       +0.000000	       -2.580876	   +30814.209084	       -0.319172	       -0.000000	      +42.357959	      +42.357959
               1	              97	      +24.923415	      +29.332428	      -85.840198	     +132.678038	       -1.899056	       +0.000000	       -2.580988	   +30834.301880	       -0.319172	       -0.000000	      +42.357795	      +42.357795
               1	              98	      +25.307741	      +29.716755	     -176.074132	     +236.835206	       -2.559359	       +0.000000	       -2.794444	   -24516.911181	       -0.315400	       -0.000000	      +55.407270	      +55.407270
               1	              99	      +25.307741	      +29.716755	     -176.073938	     +236.835206	       -2.559359	       +0.000000	       -2.794582	   -24390.500795	       -0.315400	       -0.000000	      +55.407326	      +55.407326

k-point 2:
               2	               0	      -65.505204	      -61.096190	     -633.777781	     +591.915728	      -39.349572	       -2.208900	       -4.211205	   +21100.125396	       +0.160500	       +0.000000	      -85.422829	      -85.422829
               2	               1	      -65.505204	      -61.096190	     -633.777781	     +591.915728	      -39.349572	       -2.208900	       -4.211874	   +21101.931086	       +0.160500	       +0.000000	      -85.423498	      -85.423498
               2	               2	      -42.186763	      -37.777749	     -603.693234	     +584.635751	      -33.239344	       -2.208900	       +2.776429	   -28695.670329	       +0.252739	       +0.000000	      -49.520398	      -49.520398
               2	               3	      -42.186763	      -37.777749	     -603.693234	     +584.635751	      -33.239344	       -2.208900	       +2.789626	   -12617.475276	       +0.252739	       +0.000000	      -49.507201	      -49.507201
               2	               4	      -39.675143	      -35.266129	     -597.974860	     +581.322394	      -32.577615	       -2.208900	       +2.654329	   +11114.689005	       +0.269417	       +0.000000	      -46.575752	      -46.575752
               2	               5	      -39.675143	      -35.266129	     -597.974856	     +581.322394	      -32.577615	       -2.208900	       +2.660873	   +19080.386249	       +0.269417	       +0.000000	      -46.569204	      -46.569204
               2	               6	      -39.538430	      -35.129416	     -599.270569	     +582.414167	      -32.579658	       -2.208900	       +2.709811	    -4046.047648	       +0.270388	       +0.000000	      -46.726250	      -46.726250
               2	               7	      -39.538430	      -35.129416	     -599.270573	     +582.414167	      -32.579658	       -2.208900	       +2.715816	    +3996.933009	       +0.270388	       +0.000000	      -46.720248	      -46.720248
               2	               8	      -18.072901	      -13.663887	     -388.723787	     +380.297200	      -21.714558	       -2.208900	       +5.793048	   +12602.155659	       +0.622978	       +0.000001	      -24.348097	      -24.348097
               2	               9	      -18.072901	      -13.663887	     -388.723788	     +380.297200	      -21.714558	       -2.208900	       +5.793077	   +12687.796086	       +0.622978	       +0.000001	      -24.348068	      -24.348068
               2	              10	      -17.618196	      -13.209182	     -372.423880	     +364.896118	      -21.686761	       -2.208900	       +6.087505	   +16783.288756	       +0.640676	       +0.000001	      -23.127018	      -23.127018
               2	              11	      -17.618196	      -13.209182	     -372.423880	     +364.896118	      -21.686761	       -2.208900	       +6.087561	   +16758.144562	       +0.640676	       +0.000001	      -23.126962	      -23.126962
               2	              12	      -10.544596	       -6.135582	     -419.382750	     +421.037751	      -17.666044	       -2.208900	       +3.727902	   +54201.922710	       +0.801586	       +0.000001	      -12.283140	      -11.833436
               2	              13	      -10.544596	       -6.135582	     -419.382757	     +421.037751	      -17.666044	       -2.208900	       +3.727855	   +54097.814518	       +0.801586	       +0.000001	      -12.283195	      -11.833485
               2	              14	       -9.558853	       -5.149839	     -379.422913	     +381.897490	      -17.204680	       -2.208900	       +3.214086	   +25111.105664	       +0.801601	       +0.000001	      -11.516017	      -10.985199
               2	              15	       -9.558853	       -5.149839	     -379.422917	     +381.897490	      -17.204680	       -2.208900	       +3.214162	   +25088.592587	       +0.801601	       +0.000001	      -11.515944	      -10.985132
               2	              16	       -9.179239	       -4.770225	     -372.771282	     +376.308578	      -17.036418	       -2.208900	       +3.105830	   +11100.099080	       +0.801643	       +0.000001	      -10.393291	      -10.088784
               2	              17	       -9.179239	       -4.770225	     -372.771280	     +376.308578	      -17.036418	       -2.208900	       +3.105707	   +11197.939024	       +0.801643	       +0.000001	      -10.393412	      -10.088939
               2	              18	       -8.134605	       -3.725591	     -442.233730	     +448.127825	      -18.014524	       -2.208900	       +2.364515	    -8970.390945	       +0.801644	       +0.000001	       -9.755913	       -9.408028
               2	              19	       -8.134605	       -3.725591	     -442.233740	     +448.127825	      -18.014524	       -2.208900	       +2.364518	    -9088.979909	       +0.801644	       +0.000001	       -9.755920	       -9.408000
               2	              20	       -7.026314	       -2.617300	     -314.876704	     +321.423602	      -16.429676	       -2.208900	       +2.494448	   -18701.863572	       +0.801564	       +0.000001	       -7.388330	       -7.295927
               2	              21	       -7.026314	       -2.617300	     -314.876717	     +321.423602	      -16.429676	       -2.208900	       +2.494459	   -18817.077662	       +0.801564	       +0.000001	       -7.388331	       -7.295937
               2	              22	       -6.612781	       -2.203767	     -420.518491	     +427.132636	      -17.110318	       -2.208900	       +1.960649	   -11987.338841	       +0.801637	       +0.000001	       -8.535524	       -8.069668
               2	              23	       -6.612778	       -2.203764	     -420.518195	     +427.132636	      -17.110318	       -2.208900	       +1.960780	   -10393.794844	       +0.801637	       +0.000001	       -8.535097	       -8.069360
               2	              24	       -6.332732	       -1.923718	     -452.415830	     +459.207115	      -16.650026	       -2.208900	       +0.947776	  -171298.453110	       +0.801494	       +0.000001	       -8.910965	       -8.375046
               2	              25	       -6.332729	       -1.923715	     -452.415515	     +459.207115	      -16.650026	       -2.208900	       +0.947889	  -170112.844140	       +0.801494	       +0.000001	       -8.910538	       -8.374715
               2	              26	       -3.126291	       +1.282723	     -471.305653	     +483.120829	      -12.508378	       +0.000000	       -3.347375	   +54126.288497	       -0.801639	       -0.000001	       -4.040577	       -3.819701
               2	              27	       -3.126289	       +1.282725	     -471.306029	     +483.120829	      -12.508378	       +0.000000	       -3.348975	   +46261.941918	       -0.801639	       -0.000001	       -4.042553	       -3.821078
               2	              28	       -2.998806	       +1.410208	     -440.911916	     +454.926182	      -11.751206	       +0.000000	       -4.003839	  +222509.727989	       -0.801516	       -0.000001	       -1.740780	       -1.997298
               2	              29	       -2.998804	       +1.410210	     -440.912289	     +454.926182	      -11.751206	       +0.000000	       -4.005237	  +214425.475424	       -0.801516	       -0.000001	       -1.742550	       -1.998919
               2	              30	       -1.891625	       +2.517389	     -423.381613	     +437.837352	      -10.708215	       +0.000000	       -3.994708	   +13651.662195	       -0.801382	       -0.000001	       -0.247184	       -0.658626
               2	              31	       -1.891624	       +2.517390	     -423.381648	     +437.837352	      -10.708215	       +0.000000	       -3.994639	   +14413.026726	       -0.801382	       -0.000001	       -0.247151	       -0.658694
               2	              32	       -1.279018	       +3.129996	     -408.920669	     +423.830703	      -11.226993	       +0.000000	       -4.110718	   +34947.573489	       -0.801580	       -0.000001	       -0.427677	       -0.576162
               2	              33	       -1.279017	       +3.129996	     -408.920702	     +423.830703	      -11.226993	       +0.000000	       -4.110864	   +35791.534552	       -0.801580	       -0.000001	       -0.427855	       -0.576278
               2	              34	       +2.651931	       +7.060945	     -333.205167	     +348.642885	       -6.146503	       +0.000000	       -5.288482	   +26052.751303	       -0.801475	       -0.000001	       +4.002733	       +3.393733
               2	              35	       +2.651931	       +7.060945	     -333.205210	     +348.642885	       -6.146503	       +0.000000	       -5.288458	   +26102.371841	       -0.801475	       -0.000001	       +4.002714	       +3.393754
               2	              36	       +2.909043	       +7.318057	     -306.441612	     +321.160943	       -5.579767	       +0.000000	       -4.593982	   -36008.381793	       -0.801620	       -0.000001	       +4.545582	       +4.230325
               2	              37	       +2.909043	       +7.318057	     -306.441617	     +321.160943	       -5.579767	       +0.000000	       -4.594027	   -36070.897319	       -0.801620	       -0.000001	       +4.545532	       +4.230328
               2	              38	       +3.282129	       +7.691143	     -317.279621	     +335.529683	       -6.188858	       +0.000000	       -5.281253	  -248280.608259	       -0.801631	       -0.000001	       +6.779951	      +27.817425
               2	              39	       +3.282130	       +7.691143	     -317.279673	     +335.529683	       -6.188858	       +0.000000	       -5.281219	  -248255.327897	       -0.801631	       -0.000001	       +6.779933	      +27.803914
               2	              40	       +5.167173	       +9.576186	     -197.518241	     +220.515260	       -4.690579	       +0.000000	       -4.796662	   +12298.652163	       -0.801502	       -0.000001	      +13.509778	      +11.414168
               2	              41	       +5.167173	       +9.576186	     -197.518218	     +220.515260	       -4.690579	       +0.000000	       -4.796515	   +12200.082380	       -0.801502	       -0.000001	      +13.509949	      +11.415534
               2	              42	       +5.582657	       +9.991671	     -276.984965	     +297.958709	       -5.844222	       +0.000000	       -3.124863	   +84840.318391	       -0.801359	       -0.000001	      +12.004659	       +8.395412
               2	              43	       +5.582658	       +9.991671	     -276.984942	     +297.958709	       -5.844222	       +0.000000	       -3.125157	   +84699.528362	       -0.801359	       -0.000001	      +12.004388	       +8.395223
               2	              44	       +7.149571	      +11.558585	     -356.575763	     +376.076454	       -6.069045	       +0.000000	       -5.075695	   -19891.287089	       -0.714339	       -0.000001	       +8.355951	       +8.355951
               2	              45	       +7.149571	      +11.558585	     -356.575854	     +376.076454	       -6.069045	       +0.000000	       -5.075564	   -19839.661485	       -0.714339	       -0.000001	       +8.355990	       +8.355990
               2	              46	       +7.620488	      +12.029502	     -163.886998	     +190.539111	       -3.824674	       +0.000000	       -4.051437	   -40127.309104	       -0.691651	       -0.000001	      +18.776003	      +18.776003
               2	              47	       +7.620488	      +12.029502	     -163.886982	     +190.539111	       -3.824674	       +0.000000	       -4.051427	   -40186.960389	       -0.691651	       -0.000001	      +18.776028	      +18.776028
               2	              48	       +7.714046	      +12.123060	     -293.822701	     +316.327104	       -4.865244	       +0.000000	       -4.251981	   -81182.670619	       -0.687314	       -0.000001	      +13.387178	      +13.387178
               2	              49	       +7.714046	      +12.123060	     -293.822747	     +316.327104	       -4.865244	       +0.000000	       -4.252121	   -81245.242535	       -0.687314	       -0.000001	      +13.386992	      +13.386992
               2	              50	       +9.159372	      +13.568385	     -304.334664	     +327.883150	       -4.957244	       +0.000000	       -4.716999	    +4385.534932	       -0.626614	       -0.000001	      +13.874243	      +13.874243
               2	              51	       +9.159372	      +13.568385	     -304.334666	     +327.883150	       -4.957244	       +0.000000	       -4.716980	    +4376.922423	       -0.626614	       -0.000001	      +13.874260	      +13.874260
               2	              52	       +9.701628	      +14.110642	     -195.385157	     +236.725185	       -3.730277	       +0.000000	       -3.603827	   -10521.459694	       -0.606517	       -0.000000	      +34.005925	      +34.005925
               2	              53	       +9.701629	      +14.110643	     -195.385014	     +236.725185	       -3.730277	       +0.000000	       -3.603743	   -10479.885570	       -0.606517	       -0.000000	      +34.006152	      +34.006152
               2	              54	      +10.083472	      +14.492486	     -329.257132	     +353.738965	       -5.351484	       +0.000000	       -4.830121	   -40697.938547	       -0.593122	       -0.000000	      +14.300228	      +14.300228
               2	              55	      +10.083473	      +14.492486	     -329.257082	     +353.738965	       -5.351484	       +0.000000	       -4.830054	   -40622.131750	       -0.593122	       -0.000000	      +14.300344	      +14.300344
               2	              56	      +10.160901	      +14.569915	     -270.708736	     +299.116273	       -4.687322	       +0.000000	       -4.723234	   +13671.247160	       -0.590478	       -0.000000	      +18.996981	      +18.996981
               2	              57	      +10.160901	      +14.569915	     -270.708832	     +299.116273	       -4.687322	       +0.000000	       -4.722972	   +13686.409005	       -0.590478	       -0.000000	      +18.997147	      +18.997147
               2	              58	      +12.372283	      +16.781297	     -307.658615	     +335.330297	       -5.545417	       +0.000000	       -5.426817	   -10767.043625	       -0.523784	       -0.000000	      +16.699447	      +16.699447
               2	              59	      +12.372283	      +16.781297	     -307.658618	     +335.330297	       -5.545417	       +0.000000	       -5.426824	   -10716.851729	       -0.523784	       -0.000000	      +16.699438	      +16.699438
               2	              60	      +13.551374	      +17.960387	      -96.883804	     +138.591069	       -2.050956	       +0.000000	       -2.861247	   +33008.512144	       -0.494031	       -0.000000	      +36.795062	      +36.795062
               2	              61	      +13.551374	      +17.960387	      -96.883808	     +138.591069	       -2.050956	       +0.000000	       -2.861220	   +32975.596647	       -0.494031	       -0.000000	      +36.795085	      +36.795085
               2	              62	      +13.877359	      +18.286372	      -73.919658	     +137.036649	       -2.049231	       +0.000000	       -3.019579	   +15120.050402	       -0.486393	       -0.000000	      +58.048181	      +58.048181
               2	              63	      +13.877359	      +18.286373	      -73.919615	     +137.036649	       -2.049231	       +0.000000	       -3.019518	   +15132.916614	       -0.486393	       -0.000000	      +58.048286	      +58.048286
               2	              64	      +14.834141	      +19.243155	      -48.447768	     +179.770374	       -2.620379	       +0.000000	       -2.236007	   -61018.735842	       -0.465278	       -0.000000	     +126.466220	     +126.466220
               2	              65	      +14.834141	      +19.243155	      -48.447697	     +179.770374	       -2.620379	       +0.000000	       -2.235863	   -61010.276081	       -0.465278	       -0.000000	     +126.466435	     +126.466435
               2	              66	      +15.592301	      +20.001315	      -99.485445	     +200.124750	       -2.826195	       +0.000000	       -2.972313	   -20146.983344	       -0.449805	       -0.000000	      +94.840798	      +94.840798
               2	              67	      +15.592301	      +20.001315	      -99.485430	     +200.124750	       -2.826195	       +0.000000	       -2.972328	   -20087.718279	       -0.449805	       -0.000000	      +94.840797	      +94.840797
               2	              68	      +16.262755	      +20.671768	     -269.570676	     +298.137542	       -3.271651	       +0.000000	       -3.825102	   -13914.487678	       -0.436956	       -0.000000	      +21.470114	      +21.470114
               2	              69	      +16.262755	      +20.671769	     -269.570741	     +298.137542	       -3.271651	       +0.000000	       -3.825023	   -13968.877279	       -0.436956	       -0.000000	      +21.470128	      +21.470128
               2	              70	      +17.047681	      +21.456695	     -239.515876	     +278.618458	       -3.205956	       +0.000000	       -3.055041	   +90507.487710	       -0.422814	       -0.000000	      +32.841586	      +32.841586
               2	              71	      +17.047682	      +21.456695	     -239.515874	     +278.618458	       -3.205956	       +0.000000	       -3.054933	   +90582.035337	       -0.422814	       -0.000000	      +32.841695	      +32.841695
               2	              72	      +17.205227	      +21.614241	      -19.550934	     +111.318543	       -1.839727	       +0.000000	       -2.476578	   -17180.943130	       -0.420086	       -0.000000	      +87.451304	      +87.451304
               2	              73	      +17.205227	      +21.614241	      -19.550916	     +111.318543	       -1.839727	       +0.000000	       -2.476567	   -17154.250449	       -0.420086	       -0.000000	      +87.451333	      +87.451333
               2	              74	      +17.670259	      +22.079273	     +149.559467	     +125.507003	       -1.600773	       +0.000000	       -1.626035	   +18909.760486	       -0.412233	       -0.000000	     +271.839663	     +271.839663
               2	              75	      +17.670259	      +22.079273	     +149.559434	     +125.507003	       -1.600773	       +0.000000	       -1.626147	   +18856.548236	       -0.412233	       -0.000000	     +271.839517	     +271.839517
               2	              76	      +19.471029	      +23.880043	     -170.272670	     +257.514437	       -2.889038	       +0.000000	       -3.120160	   +23443.639111	       -0.384406	       -0.000000	      +81.232570	      +81.232570
               2	              77	      +19.471030	      +23.880043	     -170.272649	     +257.514437	       -2.889038	       +0.000000	       -3.120136	   +23420.695335	       -0.384406	       -0.000000	      +81.232616	      +81.232616
               2	              78	      +19.564073	      +23.973086	     -243.648394	     +308.255580	       -2.924298	       +0.000000	       -3.351854	   +43815.626769	       -0.383070	       -0.000000	      +58.331035	      +58.331035
               2	              79	      +19.564073	      +23.973087	     -243.648409	     +308.255580	       -2.924298	       +0.000000	       -3.351983	   +43775.776420	       -0.383070	       -0.000000	      +58.330890	      +58.330890
               2	              80	      +19.767089	      +24.176103	      -89.369636	     +127.724628	       -1.997042	       +0.000000	       -2.860736	    +2849.083196	       -0.380187	       -0.000000	      +33.497214	      +33.497214
               2	              81	      +19.767089	      +24.176103	      -89.369658	     +127.724628	       -1.997042	       +0.000000	       -2.860744	    +2838.146497	       -0.380187	       -0.000000	      +33.497185	      +33.497185
               2	              82	      +20.779962	      +25.188976	      -82.586100	     +223.687502	       -2.439756	       +0.000000	       -2.589851	   +18970.582249	       -0.366427	       -0.000000	     +136.071796	     +136.071796
               2	              83	      +20.779962	      +25.188976	      -82.586091	     +223.687502	       -2.439756	       +0.000000	       -2.589979	   +19001.862364	       -0.366427	       -0.000000	     +136.071677	     +136.071677
               2	              84	      +21.104210	      +25.513224	     -208.465022	     +250.447725	       -2.922935	       +0.000000	       -3.252401	    -3495.262816	       -0.362230	       -0.000000	      +35.807367	      +35.807367
               2	              85	      +21.104212	      +25.513225	     -208.465612	     +250.447725	       -2.922935	       +0.000000	       -3.252371	    -3484.449463	       -0.362230	       -0.000000	      +35.806807	      +35.806807
               2	              86	      +21.222135	      +25.631149	     -227.964624	     +303.223231	       -2.928908	       +0.000000	       -3.253424	   -14463.570243	       -0.360728	       -0.000000	      +69.076274	      +69.076274
               2	              87	      +21.222137	      +25.631151	     -227.965074	     +303.223231	       -2.928908	       +0.000000	       -3.253178	   -14471.921825	       -0.360728	       -0.000000	      +69.076070	      +69.076070
               2	              88	      +22.748407	      +27.157421	     -148.288040	     +257.496256	       -2.607636	       +0.000000	       -2.662377	   +18671.605036	       -0.342348	       -0.000000	     +103.938203	     +103.938203
               2	              89	      +22.748408	      +27.157422	     -148.334886	     +257.496256	       -2.607636	       +0.000000	       -2.662508	   +18613.937294	       -0.342348	       -0.000000	     +103.891227	     +103.891227
               2	              90	      +22.758950	      +27.167963	      -26.131267	     +196.983979	       -2.079649	       +0.000000	       -1.938817	   +25932.392925	       -0.342227	       -0.000000	     +166.834247	     +166.834247
               2	              91	      +22.758951	      +27.167965	      -26.079589	     +196.983979	       -2.079649	       +0.000000	       -1.938382	   +25815.354458	       -0.342227	       -0.000000	     +166.886360	     +166.886360
               2	              92	      +22.917923	      +27.326936	     -230.644649	     +287.647759	       -3.118690	       +0.000000	       -3.347074	     -803.864279	       -0.340421	       -0.000000	      +50.537347	      +50.537347
               2	              93	      +22.917926	      +27.326940	     -230.637136	     +287.647759	       -3.118690	       +0.000000	       -3.346440	     -737.675741	       -0.340421	       -0.000000	      +50.545494	      +50.545494
               2	              94	      +22.949453	      +27.358467	      -32.333352	     +151.252391	       -1.669266	       +0.000000	       -2.253074	    +5194.701091	       -0.340065	       -0.000000	     +114.996699	     +114.996699
               2	              95	      +22.949453	      +27.358467	      -32.335825	     +151.252391	       -1.669266	       +0.000000	       -2.253096	    +5208.215560	       -0.340065	       -0.000000	     +114.994204	     +114.994204
               2	              96	      +24.063734	      +28.472748	     -144.156546	     +232.174228	       -2.623689	       +0.000000	       -1.544819	   +30244.798368	       -0.327947	       -0.000000	      +83.849175	      +83.849175
               2	              97	      +24.063736	      +28.472750	     -144.158326	     +232.174228	       -2.623689	       +0.000000	       -1.545109	   +30081.548477	       -0.327947	       -0.000000	      +83.847106	      +83.847106
               2	              98	      +24.084717	      +28.493731	      -72.628311	     +191.002940	       -2.112899	       +0.000000	       -1.990107	   +30637.743723	       -0.327727	       -0.000000	     +114.271622	     +114.271622
               2	              99	      +24.084718	      +28.493732	      -72.630213	     +191.002940	       -2.112899	       +0.000000	       -1.990168	   +30614.032890	       -0.327727	       -0.000000	     +114.269660	     +114.269660

k-point 3:
               3	               0	      -65.500819	      -61.091805	     -633.823552	     +592.229509	      -39.337177	       -2.208900	       -5.167912	       +0.323328	       +0.160511	       +0.000000	      -86.099132	      -86.099132
               3	               1	      -65.500819	      -61.091805	     -633.823552	     +592.229509	      -39.337177	       -2.208900	       -5.168191	       +0.323170	       +0.160511	       +0.000000	      -86.099410	      -86.099410
               3	               2	      -42.217310	      -37.808296	     -603.750836	     +584.957662	      -33.244880	       -2.208900	       +3.461140	   -16026.570766	       +0.252549	       +0.000000	      -48.576914	      -48.576914
               3	               3	      -42.217310	      -37.808296	     -603.750836	     +584.957662	      -33.244880	       -2.208900	       +3.462241	   -16026.574177	       +0.252549	       +0.000000	      -48.575813	      -48.575813
               3	               4	      -39.734211	      -35.325197	     -599.037118	     +582.619558	      -32.582900	       -2.208900	       +3.551345	   +14805.110084	       +0.268999	       +0.000000	      -45.449114	      -45.449114
               3	               5	      -39.734211	      -35.325197	     -599.037118	     +582.619558	      -32.582900	       -2.208900	       +3.552400	   +14805.125170	       +0.268999	       +0.000000	      -45.448059	      -45.448059
               3	               6	      -39.546668	      -35.137654	     -597.850850	     +581.426531	      -32.583073	       -2.208900	       +3.065605	    -1138.294723	       +0.270329	       +0.000000	      -45.941787	      -45.941787
               3	               7	      -39.546668	      -35.137654	     -597.850850	     +581.426531	      -32.583073	       -2.208900	       +3.066797	    -1138.293782	       +0.270329	       +0.000000	      -45.940594	      -45.940594
               3	               8	      -17.504561	      -13.095547	     -391.042295	     +382.604265	      -21.797929	       -2.208900	       +5.811787	     -180.913291	       +0.645257	       +0.000001	      -24.424171	      -24.424171
               3	               9	      -17.504561	      -13.095547	     -391.042295	     +382.604265	      -21.797929	       -2.208900	       +5.811728	     -180.913368	       +0.645257	       +0.000001	      -24.424230	      -24.424230
               3	              10	      -17.384382	      -12.975368	     -380.032686	     +373.996727	      -21.741896	       -2.208900	       +6.068318	     +280.102083	       +0.650173	       +0.000001	      -21.709537	      -21.709537
               3	              11	      -17.384382	      -12.975368	     -380.032686	     +373.996727	      -21.741896	       -2.208900	       +6.068315	     +280.102058	       +0.650173	       +0.000001	      -21.709541	      -21.709541
               3	              12	      -11.087343	       -6.678329	     -391.480309	     +391.097900	      -17.247267	       -2.208900	       +4.041367	      -37.588866	       +0.801624	       +0.000001	      -13.588309	      -12.935484
               3	              13	      -11.087343	       -6.678329	     -391.480309	     +391.097900	      -17.247267	       -2.208900	       +4.041352	      -37.588890	       +0.801624	       +0.000001	      -13.588324	      -12.935495
               3	              14	      -10.190433	       -5.781420	     -366.077697	     +365.850891	      -17.070838	       -2.208900	       +3.683255	     -241.219393	       +0.801639	       +0.000001	      -13.614389	      -12.625969
               3	              15	      -10.190433	       -5.781420	     -366.077697	     +365.850891	      -17.070838	       -2.208900	       +3.683227	     -241.219343	       +0.801639	       +0.000001	      -13.614417	      -12.625989
               3	              16	       -9.410898	       -5.001885	     -398.899548	     +403.371402	      -17.815752	       -2.208900	       +3.220793	     -193.008459	       +0.801345	       +0.000001	      -10.123104	       -9.919530
               3	              17	       -9.410898	       -5.001885	     -398.899548	     +403.371402	      -17.815752	       -2.208900	       +3.220295	     -193.008399	       +0.801345	       +0.000001	      -10.123602	       -9.919886
               3	              18	       -8.452993	       -4.043979	     -440.496321	     +446.570119	      -18.141685	       -2.208900	       +2.577859	      -69.538868	       +0.801441	       +0.000001	       -9.490027	       -9.260624
               3	              19	       -8.452993	       -4.043979	     -440.496321	     +446.570119	      -18.141685	       -2.208900	       +2.577901	      -69.538853	       +0.801441	       +0.000001	       -9.489985	       -9.260592
               3	              20	       -7.297424	       -2.888410	     -322.046628	     +327.866185	      -16.941603	       -2.208900	       +2.575705	     -216.528448	       +0.801547	       +0.000001	       -8.546341	       -8.230241
               3	              21	       -7.297424	       -2.888410	     -322.046628	     +327.866185	      -16.941603	       -2.208900	       +2.576345	     -216.528607	       +0.801547	       +0.000001	       -8.545701	       -8.229763
               3	              22	       -6.243181	       -1.834167	     -378.387870	     +382.805156	      -16.426428	       -2.208900	       +1.871447	    -1214.608535	       +0.801608	       +0.000001	      -10.137695	       -9.202395
               3	              23	       -6.243181	       -1.834167	     -378.387870	     +382.805156	      -16.426428	       -2.208900	       +1.871435	    -1214.609085	       +0.801608	       +0.000001	      -10.137707	       -9.202404
               3	              24	       -5.976810	       -1.567797	     -423.156827	     +433.050557	      -15.943890	       -2.208900	       +1.015855	     +519.554239	       +0.801487	       +0.000001	       -5.034306	       -5.243374
               3	              25	       -5.976810	       -1.567797	     -423.156827	     +433.050557	      -15.943890	       -2.208900	       +1.014587	     +519.553873	       +0.801487	       +0.000001	       -5.035574	       -5.244361
               3	              26	       -3.055309	       +1.353705	     -530.714179	     +547.370936	      -13.513918	       +0.000000	       -3.556752	     -630.018558	       -0.801589	       -0.000001	       -0.413913	       -1.075168
               3	              27	       -3.055309	       +1.353705	     -530.714179	     +547.370936	      -13.513918	       +0.000000	       -3.556802	     -630.018272	       -0.801589	       -0.000001	       -0.413962	       -1.075206
               3	              28	       -2.541875	       +1.867138	     -492.675894	     +508.816870	      -12.600707	       +0.000000	       -4.671325	    -1807.805847	       -0.801574	       -0.000001	       -1.131055	       -1.183399
               3	              29	       -2.541875	       +1.867138	     -492.675894	     +508.816870	      -12.600707	       +0.000000	       -4.671357	    -1807.807349	       -0.801574	       -0.000001	       -1.131087	       -1.183430
               3	              30	       -1.458358	       +2.950656	     -412.421717	     +428.550604	       -9.918832	       +0.000000	       -4.237598	    +1464.029035	       -0.801445	       -0.000001	       +1.972457	       +1.312833
               3	              31	       -1.458358	       +2.950656	     -412.421717	     +428.550604	       -9.918832	       +0.000000	       -4.237636	    +1464.029990	       -0.801445	       -0.000001	       +1.972419	       +1.312802
               3	              32	       -1.066726	       +3.342288	     -405.079735	     +418.814758	      -11.153454	       +0.000000	       -4.185651	     +628.092087	       -0.801600	       -0.000001	       -1.604083	       -1.586790
               3	              33	       -1.066726	       +3.342288	     -405.079735	     +418.814758	      -11.153454	       +0.000000	       -4.185674	     +628.092790	       -0.801600	       -0.000001	       -1.604106	       -1.586812
               3	              34	       +1.125877	       +5.534891	     -337.311338	     +351.008966	       -6.457350	       +0.000000	       -4.486942	     +137.693510	       -0.801422	       -0.000001	       +2.753337	       +2.524812
               3	              35	       +1.125877	       +5.534891	     -337.311338	     +351.008966	       -6.457350	       +0.000000	       -4.486954	     +137.693606	       -0.801422	       -0.000001	       +2.753324	       +2.524802
               3	              36	       +2.577522	       +6.986536	     -319.708018	     +337.114445	       -6.259366	       +0.000000	       -4.593796	     +551.933929	       -0.801371	       -0.000001	       +6.553265	       +5.077381
               3	              37	       +2.577522	       +6.986536	     -319.708018	     +337.114445	       -6.259366	       +0.000000	       -4.593686	     +551.934072	       -0.801371	       -0.000001	       +6.553375	       +5.077450
               3	              38	       +3.216076	       +7.625090	     -327.590096	     +345.228609	       -5.873733	       +0.000000	       -5.985676	     -684.037934	       -0.801574	       -0.000001	       +5.779104	       +5.310443
               3	              39	       +3.216076	       +7.625090	     -327.590096	     +345.228609	       -5.873733	       +0.000000	       -5.985628	     -684.037851	       -0.801574	       -0.000001	       +5.779153	       +5.310483
               3	              40	       +4.435330	       +8.844343	     -236.913749	     +255.319927	       -5.235069	       +0.000000	       -4.602351	     +518.222259	       -0.801598	       -0.000001	       +8.568758	       +7.236519
               3	              41	       +4.435330	       +8.844343	     -236.913749	     +255.319927	       -5.235069	       +0.000000	       -4.602408	     +518.222113	       -0.801598	       -0.000001	       +8.568701	       +7.236480
               3	              42	       +4.984520	       +9.393534	     -280.661256	     +298.214567	       -5.446616	       +0.000000	       -4.221581	       +6.387752	       -0.801540	       -0.000001	       +7.885115	       +6.571974
               3	              43	       +4.984520	       +9.393534	     -280.661256	     +298.214567	       -5.446616	       +0.000000	       -4.221341	       +6.387714	       -0.801540	       -0.000001	       +7.885354	       +6.572105
               3	              44	       +6.011775	      +10.420789	     -360.093480	     +376.069254	       -5.895866	       +0.000000	       -5.280023	      -65.883973	       -0.775829	       -0.000001	       +4.799885	       +4.812973
               3	              45	       +6.011775	      +10.420789	     -360.093480	     +376.069254	       -5.895866	       +0.000000	       -5.280029	      -65.883793	       -0.775829	       -0.000001	       +4.799879	       +4.812968
               3	              46	       +8.328524	      +12.737538	      -83.903956	     +110.508129	       -2.785838	       +0.000000	       -3.798635	      -32.260203	       -0.660127	       -0.000001	      +20.019700	      +20.019700
               3	              47	       +8.328524	      +12.737538	      -83.903956	     +110.508129	       -2.785838	       +0.000000	       -3.798638	      -32.260208	       -0.660127	       -0.000001	      +20.019697	      +20.019697
               3	              48	       +9.001866	      +13.410880	     -200.229487	     +226.582152	       -4.341778	       +0.000000	       -4.353150	       +0.922776	       -0.632703	       -0.000001	      +17.657738	      +17.657738
               3	              49	       +9.001866	      +13.410880	     -200.229487	     +226.582152	       -4.341778	       +0.000000	       -4.353130	       +0.922808	       -0.632703	       -0.000001	      +17.657757	      +17.657757
               3	              50	      +10.392904	      +14.801917	     -161.535896	     +196.273014	       -3.434446	       +0.000000	       -3.796814	      +43.621995	       -0.582694	       -0.000000	      +27.505858	      +27.505858
               3	              51	      +10.392904	      +14.801917	     -161.535896	     +196.273014	       -3.434446	       +0.000000	       -3.796871	      +43.622158	       -0.582694	       -0.000000	      +27.505802	      +27.505802
               3	              52	      +10.404016	      +14.813029	     -238.254198	     +265.866275	       -4.503413	       +0.000000	       -4.439458	      -52.196016	       -0.582326	       -0.000000	      +18.669206	      +18.669206
               3	              53	      +10.404016	      +14.813029	     -238.254198	     +265.866275	       -4.503413	       +0.000000	       -4.439478	      -52.196323	       -0.582326	       -0.000000	      +18.669186	      +18.669186
               3	              54	      +11.851113	      +16.260127	     -161.780800	     +202.166210	       -3.332825	       +0.000000	       -3.837578	      +70.295024	       -0.538108	       -0.000000	      +33.215006	      +33.215006
               3	              55	      +11.851113	      +16.260127	     -161.780800	     +202.166210	       -3.332825	       +0.000000	       -3.837560	      +70.294976	       -0.538108	       -0.000000	      +33.215025	      +33.215025
               3	              56	      +12.074724	      +16.483737	     -339.107520	     +365.369326	       -5.275277	       +0.000000	       -4.711306	      +17.053879	       -0.531867	       -0.000000	      +16.275223	      +16.275223
               3	              57	      +12.074724	      +16.483737	     -339.107520	     +365.369326	       -5.275277	       +0.000000	       -4.711308	      +17.053845	       -0.531867	       -0.000000	      +16.275221	      +16.275221
               3	              58	      +12.784646	      +17.193660	     -334.951505	     +362.808846	       -5.187001	       +0.000000	       -4.844038	      -23.776694	       -0.512979	       -0.000000	      +17.826301	      +17.826301
               3	              59	      +12.784646	      +17.193660	     -334.951505	     +362.808846	       -5.187001	       +0.000000	       -4.844027	      -23.776701	       -0.512979	       -0.000000	      +17.826312	      +17.826312
               3	              60	      +13.416472	      +17.825486	     -185.552780	     +227.702751	       -3.321191	       +0.000000	       -3.305749	      -22.758485	       -0.497263	       -0.000000	      +35.523031	      +35.523031
               3	              61	      +13.416472	      +17.825486	     -185.552780	     +227.702751	       -3.321191	       +0.000000	       -3.305917	      -22.758468	       -0.497263	       -0.000000	      +35.522863	      +35.522863
               3	              62	      +14.106289	      +18.515303	     -153.195827	     +218.045387	       -3.071409	       +0.000000	       -3.339569	      +14.522934	       -0.481168	       -0.000000	      +58.438583	      +58.438583
               3	              63	      +14.106289	      +18.515303	     -153.195827	     +218.045387	       -3.071409	       +0.000000	       -3.339541	      +14.522916	       -0.481168	       -0.000000	      +58.438611	      +58.438611
               3	              64	      +14.592480	      +19.001494	     -245.394199	     +285.167128	       -3.586881	       +0.000000	       -3.961662	      -81.877048	       -0.470436	       -0.000000	      +32.224386	      +32.224386
               3	              65	      +14.592480	      +19.001494	     -245.394199	     +285.167128	       -3.586881	       +0.000000	       -3.961674	      -81.877106	       -0.470436	       -0.000000	      +32.224374	      +32.224374
               3	              66	      +15.006387	      +19.415401	     -176.125719	     +248.630588	       -3.085400	       +0.000000	       -2.737166	     +223.223467	       -0.461670	       -0.000000	      +66.682303	      +66.682303
               3	              67	      +15.006387	      +19.415401	     -176.125719	     +248.630588	       -3.085400	       +0.000000	       -2.736993	     +223.223588	       -0.461670	       -0.000000	      +66.682476	      +66.682476
               3	              68	      +15.654729	      +20.063743	     -234.344407	     +264.115547	       -3.161590	       +0.000000	       -3.939496	      -61.135691	       -0.448577	       -0.000000	      +22.670054	      +22.670054
               3	              69	      +15.654729	      +20.063743	     -234.344407	     +264.115547	       -3.161590	       +0.000000	       -3.939489	      -61.135639	       -0.448577	       -0.000000	      +22.670060	      +22.670060
               3	              70	      +16.398697	      +20.807711	     -125.886003	     +184.948977	       -2.467538	       +0.000000	       -3.272060	    -1774.442321	       -0.434439	       -0.000000	      +53.323376	      +53.323376
               3	              71	      +16.398697	      +20.807711	     -125.886003	     +184.948977	       -2.467538	       +0.000000	       -3.272025	    -1774.442384	       -0.434439	       -0.000000	      +53.323411	      +53.323411
               3	              72	      +16.419681	      +20.828695	     -125.305154	     +184.693872	       -2.468310	       +0.000000	       -3.253832	    +1833.894174	       -0.434053	       -0.000000	      +53.666575	      +53.666575
               3	              73	      +16.419681	      +20.828695	     -125.305154	     +184.693872	       -2.468310	       +0.000000	       -3.253842	    +1833.894347	       -0.434053	       -0.000000	      +53.666565	      +53.666565
               3	              74	      +18.887447	      +23.296461	     -144.429224	     +275.629063	       -3.415396	       +0.000000	       -2.392501	     +231.706211	       -0.393003	       -0.000000	     +125.391942	     +125.391942
               3	              75	      +18.887447	      +23.296461	     -144.429224	     +275.629063	       -3.415396	       +0.000000	       -2.392863	     +231.706184	       -0.393003	       -0.000000	     +125.391579	     +125.391579
               3	              76	      +18.937882	      +23.346895	     -337.087509	     +368.695939	       -3.692319	       +0.000000	       -4.038679	     -326.646355	       -0.392245	       -0.000000	      +23.877432	      +23.877432
               3	              77	      +18.937882	      +23.346895	     -337.087509	     +368.695939	       -3.692319	       +0.000000	       -4.038698	     -326.646094	       -0.392245	       -0.000000	      +23.877413	      +23.877413
               3	              78	      +19.532495	      +23.941509	     +176.242751	     +126.064550	       -1.333922	       +0.000000	       -1.599145	       +2.786821	       -0.383522	       -0.000000	     +299.374234	     +299.374234
               3	              79	      +19.532495	      +23.941509	     +176.242751	     +126.064550	       -1.333922	       +0.000000	       -1.599158	       +2.786840	       -0.383522	       -0.000000	     +299.374221	     +299.374221
               3	              80	      +19.790940	      +24.199953	     -286.071261	     +324.188662	       -3.686735	       +0.000000	       -4.153425	      +39.667626	       -0.379851	       -0.000000	      +30.277241	      +30.277241
               3	              81	      +19.790940	      +24.199953	     -286.071261	     +324.188662	       -3.686735	       +0.000000	       -4.153459	      +39.667611	       -0.379851	       -0.000000	      +30.277207	      +30.277207
               3	              82	      +19.854083	      +24.263097	     +162.253788	     +134.132940	       -1.615322	       +0.000000	       -1.692149	       -9.766585	       -0.378965	       -0.000000	     +293.079257	     +293.079257
               3	              83	      +19.854083	      +24.263097	     +162.253788	     +134.132940	       -1.615322	       +0.000000	       -1.692240	       -9.766723	       -0.378965	       -0.000000	     +293.079166	     +293.079166
               3	              84	      +20.240131	      +24.649145	      -72.991311	     +116.639932	       -1.795747	       +0.000000	       -2.576178	       -0.510274	       -0.373634	       -0.000000	      +39.276695	      +39.276695
               3	              85	      +20.240131	      +24.649145	      -72.991311	     +116.639932	       -1.795747	       +0.000000	       -2.576179	       -0.510275	       -0.373634	       -0.000000	      +39.276695	      +39.276695
               3	              86	      +20.890365	      +25.299379	     +102.402625	     +126.121813	       -1.292603	       +0.000000	       -1.142972	       -9.544819	       -0.364987	       -0.000000	     +226.088863	     +226.088863
               3	              87	      +20.890365	      +25.299379	     +102.402625	     +126.121813	       -1.292603	       +0.000000	       -1.143000	       -9.544826	       -0.364987	       -0.000000	     +226.088835	     +226.088835
               3	              88	      +21.657673	      +26.066687	      +98.619688	      +98.783333	       -1.555558	       +0.000000	       -1.961839	      +26.438128	       -0.355285	       -0.000000	     +193.885625	     +193.885625
               3	              89	      +21.657673	      +26.066687	      +98.619688	      +98.783333	       -1.555558	       +0.000000	       -1.961811	      +26.438090	       -0.355285	       -0.000000	     +193.885653	     +193.885653
               3	              90	      +22.354608	      +26.763622	      -68.258323	     +128.721135	       -2.038731	       +0.000000	       -2.570345	      +28.615497	       -0.346908	       -0.000000	      +55.853736	      +55.853736
               3	              91	      +22.354608	      +26.763622	      -68.258323	     +128.721135	       -2.038731	       +0.000000	       -2.570343	      +28.615412	       -0.346908	       -0.000000	      +55.853738	      +55.853738
               3	              92	      +22.450991	      +26.860005	     -135.730017	     +217.325035	       -2.210748	       +0.000000	       -2.795071	      +32.436805	       -0.345781	       -0.000000	      +76.589199	      +76.589199
               3	              93	      +22.450991	      +26.860005	     -135.730017	     +217.325035	       -2.210748	       +0.000000	       -2.795078	      +32.436741	       -0.345781	       -0.000000	      +76.589192	      +76.589192
               3	              94	      +22.731816	      +27.140830	      -37.127919	     +162.082494	       -1.933533	       +0.000000	       -2.393882	      -28.158219	       -0.342537	       -0.000000	     +120.627160	     +120.627160
               3	              95	      +22.731816	      +27.140830	      -37.127919	     +162.082494	       -1.933533	       +0.000000	       -2.393864	      -28.158215	       -0.342537	       -0.000000	     +120.627178	     +120.627178
               3	              96	      +23.816698	      +28.225711	     -151.217473	     +265.495070	       -2.428144	       +0.000000	       -2.466614	      +29.005430	       -0.330559	       -0.000000	     +109.382839	     +109.382839
               3	              97	      +23.816698	      +28.225711	     -151.217473	     +265.495070	       -2.428144	       +0.000000	       -2.466678	      +29.005414	       -0.330559	       -0.000000	     +109.382774	     +109.382774
               3	              98	      +25.030295	      +29.439309	     -216.330334	     +309.068363	       -2.702460	       +0.000000	       -1.529076	      -87.713539	       -0.318114	       -0.000000	      +88.506494	      +88.506494
               3	              99	      +25.030295	      +29.439309	     -216.330334	     +309.068363	       -2.702460	       +0.000000	       -1.529155	      -87.713446	       -0.318114	       -0.000000	      +88.506414	      +88.506414

k-point 4:
               4	               0	      -65.505204	      -61.096190	     -633.777781	     +591.915728	      -39.349572	       -2.208900	       -4.216318	   +21100.125425	       +0.160500	       +0.000000	      -85.427942	      -85.427942
               4	               1	      -65.505204	      -61.096190	     -633.777781	     +591.915728	      -39.349572	       -2.208900	       -4.216749	   +21101.931117	       +0.160500	       +0.000000	      -85.428373	      -85.428373
               4	               2	      -42.186763	      -37.777749	     -603.693234	     +584.635751	      -33.239344	       -2.208900	       +2.765194	   -28695.669924	       +0.252739	       +0.000000	      -49.531633	      -49.531633
               4	               3	      -42.186763	      -37.777749	     -603.693234	     +584.635751	      -33.239344	       -2.208900	       +2.778446	   -12617.473835	       +0.252739	       +0.000000	      -49.518381	      -49.518381
               4	               4	      -39.675143	      -35.266129	     -597.974860	     +581.322394	      -32.577615	       -2.208900	       +2.640434	   +11114.687314	       +0.269417	       +0.000000	      -46.589647	      -46.589647
               4	               5	      -39.675143	      -35.266129	     -597.974856	     +581.322394	      -32.577615	       -2.208900	       +2.646907	   +19080.385192	       +0.269417	       +0.000000	      -46.583170	      -46.583170
               4	               6	      -39.538430	      -35.129416	     -599.270569	     +582.414167	      -32.579658	       -2.208900	       +2.702891	    -4046.047507	       +0.270388	       +0.000000	      -46.733169	      -46.733169
               4	               7	      -39.538430	      -35.129416	     -599.270573	     +582.414167	      -32.579658	       -2.208900	       +2.709654	    +3996.933449	       +0.270388	       +0.000000	      -46.726410	      -46.726410
               4	               8	      -18.072901	      -13.663887	     -388.723787	     +380.297200	      -21.714558	       -2.208900	       +5.793051	   +12602.155415	       +0.622978	       +0.000001	      -24.348094	      -24.348094
               4	               9	      -18.072901	      -13.663887	     -388.723788	     +380.297200	      -21.714558	       -2.208900	       +5.793100	   +12687.795808	       +0.622978	       +0.000001	      -24.348046	      -24.348046
               4	              10	      -17.618196	      -13.209182	     -372.423880	     +364.896118	      -21.686761	       -2.208900	       +6.087371	   +16783.288918	       +0.640676	       +0.000001	      -23.127152	      -23.127152
               4	              11	      -17.618196	      -13.209182	     -372.423880	     +364.896118	      -21.686761	       -2.208900	       +6.087422	   +16758.144756	       +0.640676	       +0.000001	      -23.127101	      -23.127101
               4	              12	      -10.544596	       -6.135582	     -419.382750	     +421.037751	      -17.666044	       -2.208900	       +3.727342	   +54201.923578	       +0.801586	       +0.000001	      -12.283701	      -11.833852
               4	              13	      -10.544596	       -6.135582	     -419.382757	     +421.037751	      -17.666044	       -2.208900	       +3.727304	   +54097.815337	       +0.801586	       +0.000001	      -12.283745	      -11.833893
               4	              14	       -9.558853	       -5.149839	     -379.422913	     +381.897490	      -17.204680	       -2.208900	       +3.214114	   +25111.106741	       +0.801601	       +0.000001	      -11.515989	      -10.985179
               4	              15	       -9.558853	       -5.149839	     -379.422917	     +381.897490	      -17.204680	       -2.208900	       +3.214183	   +25088.593572	       +0.801601	       +0.000001	      -11.515923	      -10.985116
               4	              16	       -9.179239	       -4.770225	     -372.771282	     +376.308578	      -17.036418	       -2.208900	       +3.104361	   +11100.098080	       +0.801643	       +0.000001	      -10.394760	      -10.089884
               4	              17	       -9.179239	       -4.770225	     -372.771280	     +376.308578	      -17.036418	       -2.208900	       +3.104370	   +11197.938073	       +0.801643	       +0.000001	      -10.394750	      -10.089941
               4	              18	       -8.134605	       -3.725591	     -442.233730	     +448.127825	      -18.014524	       -2.208900	       +2.362487	    -8970.390666	       +0.801644	       +0.000001	       -9.757941	       -9.409620
               4	              19	       -8.134605	       -3.725591	     -442.233740	     +448.127825	      -18.014524	       -2.208900	       +2.362419	    -9088.979769	       +0.801644	       +0.000001	       -9.758019	       -9.409647
               4	              20	       -7.026314	       -2.617300	     -314.876704	     +321.423602	      -16.429676	       -2.208900	       +2.494930	   -18701.864042	       +0.801564	       +0.000001	       -7.387847	       -7.295568
               4	              21	       -7.026314	       -2.617300	     -314.876717	     +321.423602	      -16.429676	       -2.208900	       +2.494809	   -18817.078307	       +0.801564	       +0.000001	       -7.387982	       -7.295677
               4	              22	       -6.612781	       -2.203767	     -420.518491	     +427.132636	      -17.110318	       -2.208900	       +1.960599	   -11987.340355	       +0.801637	       +0.000001	       -8.535574	       -8.069705
               4	              23	       -6.612778	       -2.203764	     -420.518195	     +427.132636	      -17.110318	       -2.208900	       +1.960989	   -10393.794832	       +0.801637	       +0.000001	       -8.534888	       -8.069201
               4	              24	       -6.332732	       -1.923718	     -452.415830	     +459.207115	      -16.650026	       -2.208900	       +0.941638	  -171298.450132	       +0.801494	       +0.000001	       -8.917103	       -8.379901
               4	              25	       -6.332729	       -1.923715	     -452.415515	     +459.207115	      -16.650026	       -2.208900	       +0.941916	  -170112.839470	       +0.801494	       +0.000001	       -8.916510	       -8.379440
               4	              26	       -3.126291	       +1.282723	     -471.305653	     +483.120829	      -12.508378	       +0.000000	       -3.346423	   +54126.288326	       -0.801639	       -0.000001	       -4.039625	       -3.818980
               4	              27	       -3.126289	       +1.282725	     -471.306029	     +483.120829	      -12.508378	       +0.000000	       -3.347657	   +46261.944060	       -0.801639	       -0.000001	       -4.041235	       -3.820079
               4	              28	       -2.998806	       +1.410208	     -440.911916	     +454.926182	      -11.751206	       +0.000000	       -4.012380	  +222509.721874	       -0.801516	       -0.000001	       -1.749320	       -2.004088
               4	              29	       -2.998804	       +1.410210	     -440.912289	     +454.926182	      -11.751206	       +0.000000	       -4.013919	  +214425.471777	       -0.801516	       -0.000001	       -1.751232	       -2.005820
               4	              30	       -1.891625	       +2.517389	     -423.381613	     +437.837352	      -10.708215	       +0.000000	       -3.987733	   +13651.662978	       -0.801382	       -0.000001	       -0.240210	       -0.653400
               4	              31	       -1.891624	       +2.517390	     -423.381648	     +437.837352	      -10.708215	       +0.000000	       -3.987503	   +14413.026456	       -0.801382	       -0.000001	       -0.240015	       -0.653349
               4	              32	       -1.279018	       +3.129996	     -408.920669	     +423.830703	      -11.226993	       +0.000000	       -4.117021	   +34947.572165	       -0.801580	       -0.000001	       -0.433979	       -0.581365
               4	              33	       -1.279017	       +3.129996	     -408.920702	     +423.830703	      -11.226993	       +0.000000	       -4.116969	   +35791.532015	       -0.801580	       -0.000001	       -0.433960	       -0.581318
               4	              34	       +2.651931	       +7.060945	     -333.205167	     +348.642885	       -6.146503	       +0.000000	       -5.289138	   +26052.750473	       -0.801475	       -0.000001	       +4.002077	       +3.393373
               4	              35	       +2.651931	       +7.060945	     -333.205210	     +348.642885	       -6.146503	       +0.000000	       -5.289179	   +26102.370866	       -0.801475	       -0.000001	       +4.001993	       +3.393358
               4	              36	       +2.909043	       +7.318057	     -306.441612	     +321.160943	       -5.579767	       +0.000000	       -4.596791	   -36008.383091	       -0.801620	       -0.000001	       +4.542772	       +4.228057
               4	              37	       +2.909043	       +7.318057	     -306.441617	     +321.160943	       -5.579767	       +0.000000	       -4.596827	   -36070.898586	       -0.801620	       -0.000001	       +4.542732	       +4.228068
               4	              38	       +3.282129	       +7.691143	     -317.279621	     +335.529683	       -6.188858	       +0.000000	       -5.283100	  -248280.604478	       -0.801631	       -0.000001	       +6.778104	      +27.804419
               4	              39	       +3.282130	       +7.691143	     -317.279673	     +335.529683	       -6.188858	       +0.000000	       -5.283040	  -248255.323972	       -0.801631	       -0.000001	       +6.778112	      +27.791099
               4	              40	       +5.167173	       +9.576186	     -197.518241	     +220.515260	       -4.690579	       +0.000000	       -4.796843	   +12298.649281	       -0.801502	       -0.000001	      +13.509598	      +11.414028
               4	              41	       +5.167173	       +9.576186	     -197.518218	     +220.515260	       -4.690579	       +0.000000	       -4.796743	   +12200.079554	       -0.801502	       -0.000001	      +13.509721	      +11.415358
               4	              42	       +5.582657	       +9.991671	     -276.984965	     +297.958709	       -5.844222	       +0.000000	       -3.127465	   +84840.313757	       -0.801359	       -0.000001	      +12.002057	       +8.394274
               4	              43	       +5.582658	       +9.991671	     -276.984942	     +297.958709	       -5.844222	       +0.000000	       -3.127889	   +84699.523632	       -0.801359	       -0.000001	      +12.001656	       +8.394027
               4	              44	       +7.149571	      +11.558585	     -356.575763	     +376.076454	       -6.069045	       +0.000000	       -5.074790	   -19891.287712	       -0.714339	       -0.000001	       +8.356856	       +8.356856
               4	              45	       +7.149571	      +11.558585	     -356.575854	     +376.076454	       -6.069045	       +0.000000	       -5.074675	   -19839.662097	       -0.714339	       -0.000001	       +8.356879	       +8.356879
               4	              46	       +7.620488	      +12.029502	     -163.886998	     +190.539111	       -3.824674	       +0.000000	       -4.051899	   -40127.310256	       -0.691651	       -0.000001	      +18.775540	      +18.775540
               4	              47	       +7.620488	      +12.029502	     -163.886982	     +190.539111	       -3.824674	       +0.000000	       -4.051914	   -40186.961578	       -0.691651	       -0.000001	      +18.775542	      +18.775542
               4	              48	       +7.714046	      +12.123060	     -293.822701	     +316.327104	       -4.865244	       +0.000000	       -4.252029	   -81182.671228	       -0.687314	       -0.000001	      +13.387129	      +13.387129
               4	              49	       +7.714046	      +12.123060	     -293.822747	     +316.327104	       -4.865244	       +0.000000	       -4.252164	   -81245.243331	       -0.687314	       -0.000001	      +13.386949	      +13.386949
               4	              50	       +9.159372	      +13.568385	     -304.334664	     +327.883150	       -4.957244	       +0.000000	       -4.716606	    +4385.535590	       -0.626614	       -0.000001	      +13.874635	      +13.874635
               4	              51	       +9.159372	      +13.568385	     -304.334666	     +327.883150	       -4.957244	       +0.000000	       -4.716582	    +4376.923077	       -0.626614	       -0.000001	      +13.874658	      +13.874658
               4	              52	       +9.701628	      +14.110642	     -195.385157	     +236.725185	       -3.730277	       +0.000000	       -3.603750	   -10521.460558	       -0.606517	       -0.000000	      +34.006002	      +34.006002
               4	              53	       +9.701629	      +14.110643	     -195.385014	     +236.725185	       -3.730277	       +0.000000	       -3.603723	   -10479.886618	       -0.606517	       -0.000000	      +34.006172	      +34.006172
               4	              54	      +10.083472	      +14.492486	     -329.257132	     +353.738965	       -5.351484	       +0.000000	       -4.829765	   -40697.939618	       -0.593122	       -0.000000	      +14.300584	      +14.300584
               4	              55	      +10.083473	      +14.492486	     -329.257082	     +353.738965	       -5.351484	       +0.000000	       -4.829853	   -40622.132995	       -0.593122	       -0.000000	      +14.300545	      +14.300545
               4	              56	      +10.160901	      +14.569915	     -270.708736	     +299.116273	       -4.687322	       +0.000000	       -4.720632	   +13671.248661	       -0.590478	       -0.000000	      +18.999583	      +18.999583
               4	              57	      +10.160901	      +14.569915	     -270.708832	     +299.116273	       -4.687322	       +0.000000	       -4.720358	   +13686.410578	       -0.590478	       -0.000000	      +18.999760	      +18.999760
               4	              58	      +12.372283	      +16.781297	     -307.658615	     +335.330297	       -5.545417	       +0.000000	       -5.425826	   -10767.041005	       -0.523784	       -0.000000	      +16.700438	      +16.700438
               4	              59	      +12.372283	      +16.781297	     -307.658618	     +335.330297	       -5.545417	       +0.000000	       -5.425814	   -10716.849156	       -0.523784	       -0.000000	      +16.700448	      +16.700448
               4	              60	      +13.551374	      +17.960387	      -96.883804	     +138.591069	       -2.050956	       +0.000000	       -2.861589	   +33008.511734	       -0.494031	       -0.000000	      +36.794719	      +36.794719
               4	              61	      +13.551374	      +17.960387	      -96.883808	     +138.591069	       -2.050956	       +0.000000	       -2.861555	   +32975.596249	       -0.494031	       -0.000000	      +36.794749	      +36.794749
               4	              62	      +13.877359	      +18.286372	      -73.919658	     +137.036649	       -2.049231	       +0.000000	       -3.019812	   +15120.050163	       -0.486393	       -0.000000	      +58.047948	      +58.047948
               4	              63	      +13.877359	      +18.286373	      -73.919615	     +137.036649	       -2.049231	       +0.000000	       -3.019756	   +15132.916388	       -0.486393	       -0.000000	      +58.048047	      +58.048047
               4	              64	      +14.834141	      +19.243155	      -48.447768	     +179.770374	       -2.620379	       +0.000000	       -2.236477	   -61018.733694	       -0.465278	       -0.000000	     +126.465750	     +126.465750
               4	              65	      +14.834141	      +19.243155	      -48.447697	     +179.770374	       -2.620379	       +0.000000	       -2.236343	   -61010.273938	       -0.465278	       -0.000000	     +126.465955	     +126.465955
               4	              66	      +15.592301	      +20.001315	      -99.485445	     +200.124750	       -2.826195	       +0.000000	       -2.972811	   -20146.983825	       -0.449805	       -0.000000	      +94.840300	      +94.840300
               4	              67	      +15.592301	      +20.001315	      -99.485430	     +200.124750	       -2.826195	       +0.000000	       -2.972806	   -20087.718757	       -0.449805	       -0.000000	      +94.840320	      +94.840320
               4	              68	      +16.262755	      +20.671768	     -269.570676	     +298.137542	       -3.271651	       +0.000000	       -3.825672	   -13914.487318	       -0.436956	       -0.000000	      +21.469544	      +21.469544
               4	              69	      +16.262755	      +20.671769	     -269.570741	     +298.137542	       -3.271651	       +0.000000	       -3.825649	   -13968.876892	       -0.436956	       -0.000000	      +21.469501	      +21.469501
               4	              70	      +17.047681	      +21.456695	     -239.515876	     +278.618458	       -3.205956	       +0.000000	       -3.055110	   +90507.483565	       -0.422814	       -0.000000	      +32.841517	      +32.841517
               4	              71	      +17.047682	      +21.456695	     -239.515874	     +278.618458	       -3.205956	       +0.000000	       -3.054923	   +90582.031101	       -0.422814	       -0.000000	      +32.841705	      +32.841705
               4	              72	      +17.205227	      +21.614241	      -19.550934	     +111.318543	       -1.839727	       +0.000000	       -2.477137	   -17180.943579	       -0.420086	       -0.000000	      +87.450746	      +87.450746
               4	              73	      +17.205227	      +21.614241	      -19.550916	     +111.318543	       -1.839727	       +0.000000	       -2.477118	   -17154.250959	       -0.420086	       -0.000000	      +87.450782	      +87.450782
               4	              74	      +17.670259	      +22.079273	     +149.559467	     +125.507003	       -1.600773	       +0.000000	       -1.626619	   +18909.760759	       -0.412233	       -0.000000	     +271.839079	     +271.839079
               4	              75	      +17.670259	      +22.079273	     +149.559434	     +125.507003	       -1.600773	       +0.000000	       -1.626759	   +18856.548545	       -0.412233	       -0.000000	     +271.838905	     +271.838905
               4	              76	      +19.471029	      +23.880043	     -170.272670	     +257.514437	       -2.889038	       +0.000000	       -3.119372	   +23443.638200	       -0.384406	       -0.000000	      +81.233358	      +81.233358
               4	              77	      +19.471030	      +23.880043	     -170.272649	     +257.514437	       -2.889038	       +0.000000	       -3.119342	   +23420.694499	       -0.384406	       -0.000000	      +81.233409	      +81.233409
               4	              78	      +19.564073	      +23.973086	     -243.648394	     +308.255580	       -2.924298	       +0.000000	       -3.351804	   +43815.627062	       -0.383070	       -0.000000	      +58.331084	      +58.331084
               4	              79	      +19.564073	      +23.973087	     -243.648409	     +308.255580	       -2.924298	       +0.000000	       -3.351927	   +43775.776728	       -0.383070	       -0.000000	      +58.330946	      +58.330946
               4	              80	      +19.767089	      +24.176103	      -89.369636	     +127.724628	       -1.997042	       +0.000000	       -2.860089	    +2849.083875	       -0.380187	       -0.000000	      +33.497861	      +33.497861
               4	              81	      +19.767089	      +24.176103	      -89.369658	     +127.724628	       -1.997042	       +0.000000	       -2.860078	    +2838.147198	       -0.380187	       -0.000000	      +33.497851	      +33.497851
               4	              82	      +20.779962	      +25.188976	      -82.586100	     +223.687502	       -2.439756	       +0.000000	       -2.589168	   +18970.579905	       -0.366427	       -0.000000	     +136.072479	     +136.072479
               4	              83	      +20.779962	      +25.188976	      -82.586091	     +223.687502	       -2.439756	       +0.000000	       -2.589284	   +19001.860031	       -0.366427	       -0.000000	     +136.072372	     +136.072372
               4	              84	      +21.104210	      +25.513224	     -208.465022	     +250.447725	       -2.922935	       +0.000000	       -3.252928	    -3495.263664	       -0.362230	       -0.000000	      +35.806840	      +35.806840
               4	              85	      +21.104212	      +25.513225	     -208.465612	     +250.447725	       -2.922935	       +0.000000	       -3.253046	    -3484.451297	       -0.362230	       -0.000000	      +35.806131	      +35.806131
               4	              86	      +21.222135	      +25.631149	     -227.964624	     +303.223231	       -2.928908	       +0.000000	       -3.253849	   -14463.569491	       -0.360728	       -0.000000	      +69.075849	      +69.075849
               4	              87	      +21.222137	      +25.631151	     -227.965074	     +303.223231	       -2.928908	       +0.000000	       -3.253698	   -14471.921985	       -0.360728	       -0.000000	      +69.075550	      +69.075550
               4	              88	      +22.748407	      +27.157421	     -148.288040	     +257.496256	       -2.607636	       +0.000000	       -2.663291	   +18671.604378	       -0.342348	       -0.000000	     +103.937289	     +103.937289
               4	              89	      +22.748408	      +27.157422	     -148.334886	     +257.496256	       -2.607636	       +0.000000	       -2.663371	   +18613.936671	       -0.342348	       -0.000000	     +103.890363	     +103.890363
               4	              90	      +22.758950	      +27.167963	      -26.131267	     +196.983979	       -2.079649	       +0.000000	       -1.939939	   +25932.392940	       -0.342227	       -0.000000	     +166.833125	     +166.833125
               4	              91	      +22.758951	      +27.167965	      -26.079589	     +196.983979	       -2.079649	       +0.000000	       -1.939490	   +25815.354402	       -0.342227	       -0.000000	     +166.885252	     +166.885252
               4	              92	      +22.917923	      +27.326936	     -230.644649	     +287.647759	       -3.118690	       +0.000000	       -3.346978	     -803.863713	       -0.340421	       -0.000000	      +50.537443	      +50.537443
               4	              93	      +22.917926	      +27.326940	     -230.637136	     +287.647759	       -3.118690	       +0.000000	       -3.346384	     -737.675222	       -0.340421	       -0.000000	      +50.545549	      +50.545549
               4	              94	      +22.949453	      +27.358467	      -32.333352	     +151.252391	       -1.669266	       +0.000000	       -2.252878	    +5194.701311	       -0.340065	       -0.000000	     +114.996895	     +114.996895
               4	              95	      +22.949453	      +27.358467	      -32.335825	     +151.252391	       -1.669266	       +0.000000	       -2.252899	    +5208.215745	       -0.340065	       -0.000000	     +114.994401	     +114.994401
               4	              96	      +24.063734	      +28.472748	     -144.156546	     +232.174228	       -2.623689	       +0.000000	       -1.545619	   +30244.795796	       -0.327947	       -0.000000	      +83.848375	      +83.848375
               4	              97	      +24.063736	      +28.472750	     -144.158326	     +232.174228	       -2.623689	       +0.000000	       -1.545891	   +30081.546066	       -0.327947	       -0.000000	      +83.846323	      +83.846323
               4	              98	      +24.084717	      +28.493731	      -72.628311	     +191.002940	       -2.112899	       +0.000000	       -1.991285	   +30637.746272	       -0.327727	       -0.000000	     +114.270444	     +114.270444
               4	              99	      +24.084718	      +28.493732	      -72.630213	     +191.002940	       -2.112899	       +0.000000	       -1.991317	   +30614.035470	       -0.327727	       -0.000000	     +114.268511	     +114.268511

k-point 5:
               5	               0	      -65.465980	      -61.056966	     -633.576818	     +591.585098	      -39.351765	       -2.208900	       -7.280270	   +25535.105497	       +0.160599	       +0.000000	      -88.623754	      -88.623754
               5	               1	      -65.465980	      -61.056966	     -633.576818	     +591.585098	      -39.351765	       -2.208900	       -7.278451	   +25518.104203	       +0.160599	       +0.000000	      -88.621936	      -88.621936
               5	               2	      -42.126171	      -37.717157	     -603.504547	     +584.289567	      -33.231290	       -2.208900	       +1.969632	   -35667.167065	       +0.253117	       +0.000000	      -50.476637	      -50.476637
               5	               3	      -42.126171	      -37.717157	     -603.504547	     +584.289567	      -33.231290	       -2.208900	       +1.990511	   -21607.092371	       +0.253117	       +0.000000	      -50.455758	      -50.455758
               5	               4	      -39.593526	      -35.184512	     -594.607914	     +577.576513	      -32.582261	       -2.208900	       +0.169967	   +35380.232064	       +0.269995	       +0.000000	      -49.443695	      -49.443695
               5	               5	      -39.593526	      -35.184512	     -594.607915	     +577.576513	      -32.582261	       -2.208900	       +0.179063	   +41608.989434	       +0.269995	       +0.000000	      -49.434599	      -49.434599
               5	               6	      -39.464894	      -35.055880	     -603.459730	     +586.749607	      -32.565758	       -2.208900	       +4.290406	    -8975.979694	       +0.270913	       +0.000000	      -44.985474	      -44.985474
               5	               7	      -39.464893	      -35.055880	     -603.459731	     +586.749607	      -32.565758	       -2.208900	       +4.319439	   +11299.054463	       +0.270913	       +0.000000	      -44.956442	      -44.956442
               5	               8	      -18.989633	      -14.580619	     -388.829326	     +381.047232	      -21.679672	       -2.208900	       +5.853386	   +17024.279625	       +0.590114	       +0.000000	      -23.608379	      -23.608379
               5	               9	      -18.989633	      -14.580619	     -388.829326	     +381.047232	      -21.679672	       -2.208900	       +5.853424	   +17111.099332	       +0.590114	       +0.000000	      -23.608341	      -23.608341
               5	              10	      -18.014213	      -13.605199	     -361.044908	     +354.470575	      -21.564626	       -2.208900	       +5.710168	   +19390.117121	       +0.625207	       +0.000001	      -22.428792	      -22.428792
               5	              11	      -18.014213	      -13.605199	     -361.044908	     +354.470575	      -21.564626	       -2.208900	       +5.710156	   +19404.385279	       +0.625207	       +0.000001	      -22.428803	      -22.428803
               5	              12	      -10.482477	       -6.073463	     -393.572519	     +394.051843	      -17.435741	       -2.208900	       +3.644327	   +42231.380911	       +0.801498	       +0.000001	      -13.312090	      -12.387747
               5	              13	      -10.482477	       -6.073463	     -393.572515	     +394.051843	      -17.435741	       -2.208900	       +3.644142	   +42336.360549	       +0.801498	       +0.000001	      -13.312271	      -12.387938
               5	              14	       -8.606804	       -4.197791	     -456.924029	     +462.251205	      -17.601062	       -2.208900	       +2.777766	   -38241.978011	       +0.801635	       +0.000001	       -9.496120	       -9.275255
               5	              15	       -8.606804	       -4.197790	     -456.923991	     +462.251205	      -17.601062	       -2.208900	       +2.777934	   -37912.147716	       +0.801635	       +0.000001	       -9.495914	       -9.275051
               5	              16	       -8.256218	       -3.847204	     -387.404627	     +394.883031	      -17.195658	       -2.208900	       +2.493189	   -24092.091405	       +0.801596	       +0.000001	       -7.224066	       -7.451638
               5	              17	       -8.256218	       -3.847204	     -387.404633	     +394.883031	      -17.195658	       -2.208900	       +2.493125	   -24054.632883	       +0.801596	       +0.000001	       -7.224135	       -7.451956
               5	              18	       -7.436881	       -3.027867	     -471.463067	     +478.358254	      -17.949656	       -2.208900	       +2.258855	    -1669.065745	       +0.801407	       +0.000001	       -8.795614	       -8.466637
               5	              19	       -7.436880	       -3.027867	     -471.462985	     +478.358254	      -17.949656	       -2.208900	       +2.258963	    -1691.443941	       +0.801407	       +0.000001	       -8.795424	       -8.466457
               5	              20	       -7.317414	       -2.908400	     -447.544298	     +453.087628	      -17.791940	       -2.208900	       +1.906182	   -17404.534570	       +0.801518	       +0.000001	      -10.342429	       -9.665789
               5	              21	       -7.317414	       -2.908400	     -447.544331	     +453.087628	      -17.791940	       -2.208900	       +1.906410	   -17470.357002	       +0.801518	       +0.000001	      -10.342234	       -9.664822
               5	              22	       -6.409757	       -2.000743	     -324.200186	     +330.897236	      -16.024820	       -2.208900	       +2.229004	   +77013.180683	       +0.801342	       +0.000001	       -7.098766	       -6.928827
               5	              23	       -6.409757	       -2.000743	     -324.200208	     +330.897236	      -16.024820	       -2.208900	       +2.229027	   +77041.636010	       +0.801342	       +0.000001	       -7.098765	       -6.928839
               5	              24	       -5.682865	       -1.273851	     -422.236508	     +427.802569	      -16.941504	       -2.208900	       +0.498549	   -11287.440423	       +0.801642	       +0.000001	      -10.876895	       -9.829270
               5	              25	       -5.682865	       -1.273851	     -422.236526	     +427.802569	      -16.941504	       -2.208900	       +0.498562	   -11654.298926	       +0.801642	       +0.000001	      -10.876900	       -9.829271
               5	              26	       -3.039484	       +1.369529	     -397.078202	     +410.341791	      -11.000971	       +0.000000	       -3.422195	   -13646.870368	       -0.801571	       -0.000001	       -1.159577	       -1.595945
               5	              27	       -3.039482	       +1.369531	     -397.078192	     +410.341791	      -11.000971	       +0.000000	       -3.422247	   -13956.642485	       -0.801571	       -0.000001	       -1.159619	       -1.595967
               5	              28	       -2.737502	       +1.671511	     -416.376115	     +427.209410	      -11.430431	       +0.000000	       -3.321769	   -11625.542533	       -0.801619	       -0.000001	       -3.918905	       -3.633658
               5	              29	       -2.737499	       +1.671514	     -416.376465	     +427.209410	      -11.430431	       +0.000000	       -3.321899	   -12450.769965	       -0.801619	       -0.000001	       -3.919385	       -3.634011
               5	              30	       -2.697296	       +1.711717	     -424.566808	     +436.029460	      -11.304085	       +0.000000	       -3.475635	   -32339.729427	       -0.801640	       -0.000001	       -3.317068	       -3.168832
               5	              31	       -2.697295	       +1.711719	     -424.567244	     +436.029460	      -11.304085	       +0.000000	       -3.475495	   -32229.862274	       -0.801640	       -0.000001	       -3.317364	       -3.169052
               5	              32	       -1.968038	       +2.440976	     -412.806566	     +427.453721	      -11.226746	       +0.000000	       -3.711543	   +48635.575117	       -0.801464	       -0.000001	       -0.291134	       -0.699555
               5	              33	       -1.968037	       +2.440976	     -412.806632	     +427.453721	      -11.226746	       +0.000000	       -3.711424	   +48961.187360	       -0.801464	       -0.000001	       -0.291080	       -0.699626
               5	              34	       +2.575037	       +6.984051	     -399.484367	     +412.571698	       -6.360192	       +0.000000	       -4.655704	    -6945.881574	       -0.801376	       -0.000001	       +2.071435	       +2.197987
               5	              35	       +2.575038	       +6.984051	     -399.484347	     +412.571698	       -6.360192	       +0.000000	       -4.655722	    -6903.862582	       -0.801376	       -0.000001	       +2.071438	       +2.197990
               5	              36	       +4.137793	       +8.546807	     -263.658500	     +281.447573	       -5.188339	       +0.000000	       -4.407281	  +122966.139717	       -0.801447	       -0.000001	       +8.193453	      +12.835411
               5	              37	       +4.137793	       +8.546807	     -263.658545	     +281.447573	       -5.188339	       +0.000000	       -4.407328	  +123028.475209	       -0.801447	       -0.000001	       +8.193361	      +12.832584
               5	              38	       +4.498560	       +8.907574	     -234.182247	     +253.365787	       -4.651959	       +0.000000	       -4.325152	   -48583.514528	       -0.801520	       -0.000001	      +10.206428	       +9.334343
               5	              39	       +4.498560	       +8.907574	     -234.182244	     +253.365787	       -4.651959	       +0.000000	       -4.325110	   -48591.488120	       -0.801520	       -0.000001	      +10.206474	       +9.334295
               5	              40	       +5.011368	       +9.420382	     -228.886999	     +250.544323	       -4.915494	       +0.000000	       -2.789550	  -171611.573393	       -0.801499	       -0.000001	      +13.952279	      +15.037555
               5	              41	       +5.011369	       +9.420383	     -228.886950	     +250.544323	       -4.915494	       +0.000000	       -2.789542	  -171522.759341	       -0.801499	       -0.000001	      +13.952337	      +15.034091
               5	              42	       +5.208690	       +9.617703	     -169.177425	     +193.614920	       -4.214934	       +0.000000	       -4.260197	   -18540.627715	       -0.801565	       -0.000001	      +15.962363	      +12.728485
               5	              43	       +5.208690	       +9.617703	     -169.177438	     +193.614920	       -4.214934	       +0.000000	       -4.260243	   -18495.161041	       -0.801565	       -0.000001	      +15.962304	      +12.727863
               5	              44	       +6.274230	      +10.683244	     -273.267422	     +296.038970	       -4.958931	       +0.000000	       -5.061999	   -64109.751242	       -0.760725	       -0.000001	      +12.750619	      +12.750619
               5	              45	       +6.274230	      +10.683244	     -273.267422	     +296.038970	       -4.958931	       +0.000000	       -5.062201	   -64126.694297	       -0.760725	       -0.000001	      +12.750417	      +12.750417
               5	              46	       +6.755121	      +11.164135	     -345.703607	     +363.581750	       -5.823897	       +0.000000	       -5.191221	    -5179.376717	       -0.734522	       -0.000001	       +6.863024	       +6.863024
               5	              47	       +6.755122	      +11.164135	     -345.703445	     +363.581750	       -5.823897	       +0.000000	       -5.191308	    -5208.205575	       -0.734522	       -0.000001	       +6.863099	       +6.863099
               5	              48	       +7.214026	      +11.623040	     -284.718810	     +308.606334	       -6.039122	       +0.000000	       -3.058212	  -322707.649829	       -0.711147	       -0.000001	      +14.790190	      +14.790190
               5	              49	       +7.214026	      +11.623040	     -284.718868	     +308.606334	       -6.039122	       +0.000000	       -3.057463	  -322867.956274	       -0.711147	       -0.000001	      +14.790881	      +14.790881
               5	              50	       +7.784806	      +12.193820	     -314.831951	     +338.486459	       -5.320069	       +0.000000	       -5.004807	    +3938.170735	       -0.684070	       -0.000001	      +13.329632	      +13.329632
               5	              51	       +7.784806	      +12.193820	     -314.831950	     +338.486459	       -5.320069	       +0.000000	       -5.004785	    +3950.906219	       -0.684070	       -0.000001	      +13.329656	      +13.329656
               5	              52	       +9.124082	      +13.533096	     -279.526610	     +305.890610	       -4.952655	       +0.000000	       -4.357154	    +2853.847447	       -0.627968	       -0.000001	      +17.054190	      +17.054190
               5	              53	       +9.124082	      +13.533096	     -279.526614	     +305.890610	       -4.952655	       +0.000000	       -4.357277	    +2797.459922	       -0.627968	       -0.000001	      +17.054063	      +17.054063
               5	              54	       +9.888660	      +14.297674	     -320.803997	     +342.178393	       -5.836912	       +0.000000	       -4.644672	   -38460.878442	       -0.599882	       -0.000000	      +10.892813	      +10.892813
               5	              55	       +9.888660	      +14.297674	     -320.804076	     +342.178393	       -5.836912	       +0.000000	       -4.644807	   -38616.247382	       -0.599882	       -0.000000	      +10.892598	      +10.892598
               5	              56	      +10.280456	      +14.689470	     -243.922506	     +287.466068	       -4.891570	       +0.000000	       -3.263357	   +69316.369207	       -0.586441	       -0.000000	      +35.388635	      +35.388635
               5	              57	      +10.280457	      +14.689470	     -243.922538	     +287.466068	       -4.891570	       +0.000000	       -3.263706	   +68970.440175	       -0.586441	       -0.000000	      +35.388254	      +35.388254
               5	              58	      +11.412539	      +15.821552	     -301.714103	     +330.788058	       -5.542101	       +0.000000	       -5.056275	   -27212.609229	       -0.550783	       -0.000000	      +18.475579	      +18.475579
               5	              59	      +11.412539	      +15.821552	     -301.714105	     +330.788058	       -5.542101	       +0.000000	       -5.056203	   -27195.435293	       -0.550783	       -0.000000	      +18.475649	      +18.475649
               5	              60	      +12.579023	      +16.988037	     -107.268943	     +218.994203	       -2.526793	       +0.000000	       -2.890722	   +80550.679522	       -0.518311	       -0.000000	     +106.307745	     +106.307745
               5	              61	      +12.579023	      +16.988037	     -107.268982	     +218.994203	       -2.526793	       +0.000000	       -2.890689	   +80537.866612	       -0.518311	       -0.000000	     +106.307740	     +106.307740
               5	              62	      +13.626951	      +18.035965	     -270.986855	     +321.668708	       -3.383390	       +0.000000	       -3.634027	   +50925.474286	       -0.492239	       -0.000000	      +43.664436	      +43.664436
               5	              63	      +13.626951	      +18.035965	     -270.986850	     +321.668708	       -3.383390	       +0.000000	       -3.634025	   +50860.388339	       -0.492239	       -0.000000	      +43.664443	      +43.664443
               5	              64	      +15.232396	      +19.641409	      +39.494480	     +124.620158	       -1.683503	       +0.000000	       -2.329848	   -22981.192707	       -0.457020	       -0.000000	     +160.101287	     +160.101287
               5	              65	      +15.232396	      +19.641410	      +39.494604	     +124.620158	       -1.683503	       +0.000000	       -2.329861	   -22985.105827	       -0.457020	       -0.000000	     +160.101398	     +160.101398
               5	              66	      +15.261278	      +19.670292	      -72.685439	     +212.417047	       -2.233072	       +0.000000	       -1.935778	   +64631.957857	       -0.456433	       -0.000000	     +135.562757	     +135.562757
               5	              67	      +15.261279	      +19.670292	      -72.685389	     +212.417047	       -2.233072	       +0.000000	       -1.935593	   +64630.944737	       -0.456433	       -0.000000	     +135.562992	     +135.562992
               5	              68	      +16.200358	      +20.609372	      +17.538963	     +172.260307	       -2.009713	       +0.000000	       -2.536739	   +17064.726674	       -0.438120	       -0.000000	     +185.252818	     +185.252818
               5	              69	      +16.200358	      +20.609372	      +17.538849	     +172.260307	       -2.009713	       +0.000000	       -2.536644	   +17036.117505	       -0.438120	       -0.000000	     +185.252799	     +185.252799
               5	              70	      +16.815710	      +21.224723	     -152.574167	     +186.034556	       -2.358432	       +0.000000	       -2.855643	   -53653.924937	       -0.426897	       -0.000000	      +28.246314	      +28.246314
               5	              71	      +16.815710	      +21.224723	     -152.574202	     +186.034556	       -2.358432	       +0.000000	       -2.855914	   -53650.746512	       -0.426897	       -0.000000	      +28.246009	      +28.246009
               5	              72	      +17.301584	      +21.710598	     -205.944905	     +247.043019	       -3.223439	       +0.000000	       -2.986084	   +32116.931292	       -0.418434	       -0.000000	      +34.888592	      +34.888592
               5	              73	      +17.301584	      +21.710598	     -205.944868	     +247.043019	       -3.223439	       +0.000000	       -2.986438	   +32081.697222	       -0.418434	       -0.000000	      +34.888274	      +34.888274
               5	              74	      +17.627891	      +22.036905	     -231.252403	     +275.843687	       -2.957249	       +0.000000	       -3.077825	   +35059.657489	       -0.412936	       -0.000000	      +38.556210	      +38.556210
               5	              75	      +17.627893	      +22.036906	     -231.252154	     +275.843687	       -2.957249	       +0.000000	       -3.077721	   +35054.984414	       -0.412936	       -0.000000	      +38.556563	      +38.556563
               5	              76	      +18.613617	      +23.022631	     -129.677542	     +201.760925	       -2.830591	       +0.000000	       -0.752500	   +55903.262617	       -0.397171	       -0.000000	      +68.500292	      +68.500292
               5	              77	      +18.613619	      +23.022632	     -129.675792	     +201.760925	       -2.830591	       +0.000000	       -0.750920	   +55962.587221	       -0.397171	       -0.000000	      +68.503623	      +68.503623
               5	              78	      +18.800907	      +23.209920	     -326.716832	     +356.803875	       -3.928976	       +0.000000	       -3.848364	   -37825.424688	       -0.394311	       -0.000000	      +22.309704	      +22.309704
               5	              79	      +18.800907	      +23.209920	     -326.718354	     +356.803875	       -3.928976	       +0.000000	       -3.849173	   -37899.250445	       -0.394311	       -0.000000	      +22.307372	      +22.307372
               5	              80	      +19.943885	      +24.352898	     -166.956409	     +200.310451	       -2.477890	       +0.000000	       -3.225305	   -18757.600151	       -0.377711	       -0.000000	      +27.650847	      +27.650847
               5	              81	      +19.943885	      +24.352899	     -166.956524	     +200.310451	       -2.477890	       +0.000000	       -3.225388	   -18761.753514	       -0.377711	       -0.000000	      +27.650648	      +27.650648
               5	              82	      +20.086113	      +24.495127	      -92.075013	     +124.464222	       -1.807775	       +0.000000	       -2.782012	    -8399.045014	       -0.375743	       -0.000000	      +27.799422	      +27.799422
               5	              83	      +20.086113	      +24.495127	      -92.075025	     +124.464222	       -1.807775	       +0.000000	       -2.781990	    -8388.261074	       -0.375743	       -0.000000	      +27.799432	      +27.799432
               5	              84	      +21.051088	      +25.460101	      -39.051985	      +97.177069	       -1.542679	       +0.000000	       -2.055751	    -8891.640662	       -0.362911	       -0.000000	      +54.526653	      +54.526653
               5	              85	      +21.051088	      +25.460102	      -39.051987	      +97.177069	       -1.542679	       +0.000000	       -2.055686	    -8914.214437	       -0.362911	       -0.000000	      +54.526717	      +54.526717
               5	              86	      +21.767447	      +26.176461	     +133.793018	     +105.987183	       -1.229991	       +0.000000	       -1.851923	   -13918.757720	       -0.353938	       -0.000000	     +236.698287	     +236.698287
               5	              87	      +21.767447	      +26.176461	     +133.793019	     +105.987183	       -1.229991	       +0.000000	       -1.851910	   -13922.220144	       -0.353938	       -0.000000	     +236.698301	     +236.698301
               5	              88	      +21.956552	      +26.365566	      -94.796423	     +165.664666	       -2.176078	       +0.000000	       -2.583418	   +11756.988039	       -0.351643	       -0.000000	      +66.108747	      +66.108747
               5	              89	      +21.956552	      +26.365566	      -94.796338	     +165.664666	       -2.176078	       +0.000000	       -2.583499	   +11676.971371	       -0.351643	       -0.000000	      +66.108751	      +66.108751
               5	              90	      +22.406962	      +26.815976	     -108.993051	     +223.773530	       -2.172408	       +0.000000	       -2.522002	    -3272.193467	       -0.346295	       -0.000000	     +110.086069	     +110.086069
               5	              91	      +22.406963	      +26.815976	     -108.993118	     +223.773530	       -2.172408	       +0.000000	       -2.522044	    -3324.028698	       -0.346295	       -0.000000	     +110.085961	     +110.085961
               5	              92	      +24.302513	      +28.711526	     -175.484537	     +257.463047	       -2.711205	       +0.000000	       -2.439685	   -74617.661102	       -0.325462	       -0.000000	      +76.827620	      +76.827620
               5	              93	      +24.302513	      +28.711527	     -175.484520	     +257.463047	       -2.711205	       +0.000000	       -2.439631	   -74634.280996	       -0.325462	       -0.000000	      +76.827690	      +76.827690
               5	              94	      +24.837759	      +29.246773	     -164.746640	     +233.032739	       -2.384419	       +0.000000	       -2.414262	   -25213.839708	       -0.320026	       -0.000000	      +63.487418	      +63.487418
               5	              95	      +24.837759	      +29.246773	     -164.746701	     +233.032739	       -2.384419	       +0.000000	       -2.414460	   -25216.585091	       -0.320026	       -0.000000	      +63.487159	      +63.487159
               5	              96	      +24.923414	      +29.332428	      -85.840147	     +132.678038	       -1.899056	       +0.000000	       -2.583125	   +30814.209729	       -0.319172	       -0.000000	      +42.355709	      +42.355709
               5	              97	      +24.923415	      +29.332428	      -85.840198	     +132.678038	       -1.899056	       +0.000000	       -2.583274	   +30834.302142	       -0.319172	       -0.000000	      +42.355510	      +42.355510
               5	              98	      +25.307741	      +29.716755	     -176.074132	     +236.835206	       -2.559359	       +0.000000	       -2.794041	   -24516.909702	       -0.315400	       -0.000000	      +55.407673	      +55.407673
               5	              99	      +25.307741	      +29.716755	     -176.073938	     +236.835206	       -2.559359	       +0.000000	       -2.794293	   -24390.499773	       -0.315400	       -0.000000	      +55.407615	      +55.407615

k-point 6:
               6	               0	      -65.465980	      -61.056966	     -633.576818	     +591.585109	      -39.351765	       -2.208900	       -7.261350	   +30906.244186	       +0.160599	       +0.000000	      -88.604825	      -88.604825
               6	               1	      -65.465980	      -61.056966	     -633.576818	     +591.585109	      -39.351765	       -2.208900	       -7.259848	   +30889.433524	       +0.160599	       +0.000000	      -88.603322	      -88.603322
               6	               2	      -42.126171	      -37.717157	     -603.504546	     +584.289565	      -33.231290	       -2.208900	       +1.971925	   -41372.353510	       +0.253117	       +0.000000	      -50.474346	      -50.474346
               6	               3	      -42.126171	      -37.717157	     -603.504546	     +584.289565	      -33.231290	       -2.208900	       +1.989778	   -25733.775567	       +0.253117	       +0.000000	      -50.456493	      -50.456493
               6	               4	      -39.593526	      -35.184512	     -594.607928	     +577.576526	      -32.582261	       -2.208900	       +0.203532	   +21050.442993	       +0.269995	       +0.000000	      -49.410131	      -49.410131
               6	               5	      -39.593526	      -35.184512	     -594.607928	     +577.576526	      -32.582261	       -2.208900	       +0.190594	   +16084.613161	       +0.269995	       +0.000000	      -49.423069	      -49.423069
               6	               6	      -39.464893	      -35.055879	     -603.459718	     +586.749593	      -32.565758	       -2.208900	       +4.299560	   +17905.364133	       +0.270913	       +0.000000	      -44.976323	      -44.976323
               6	               7	      -39.464893	      -35.055879	     -603.459718	     +586.749593	      -32.565758	       -2.208900	       +4.269066	    -2903.303267	       +0.270913	       +0.000000	      -45.006817	      -45.006817
               6	               8	      -18.989633	      -14.580620	     -388.829325	     +381.047234	      -21.679672	       -2.208900	       +5.858253	   +16235.183236	       +0.590114	       +0.000000	      -23.603510	      -23.603510
               6	               9	      -18.989633	      -14.580620	     -388.829325	     +381.047234	      -21.679672	       -2.208900	       +5.858334	   +16340.919169	       +0.590114	       +0.000000	      -23.603429	      -23.603429
               6	              10	      -18.014213	      -13.605200	     -361.044905	     +354.470572	      -21.564626	       -2.208900	       +5.713544	   +40602.787784	       +0.625207	       +0.000001	      -22.425416	      -22.425416
               6	              11	      -18.014213	      -13.605200	     -361.044905	     +354.470572	      -21.564626	       -2.208900	       +5.713624	   +40642.550876	       +0.625207	       +0.000001	      -22.425336	      -22.425336
               6	              12	      -10.482477	       -6.073463	     -393.572524	     +394.051840	      -17.435741	       -2.208900	       +3.652164	   +51715.980022	       +0.801498	       +0.000001	      -13.304262	      -12.382546
               6	              13	      -10.482477	       -6.073463	     -393.572519	     +394.051840	      -17.435741	       -2.208900	       +3.651848	   +51845.360710	       +0.801498	       +0.000001	      -13.304572	      -12.382812
               6	              14	       -8.606810	       -4.197796	     -456.924072	     +462.251255	      -17.601062	       -2.208900	       +2.780648	   -22614.060719	       +0.801635	       +0.000001	       -9.493231	       -9.273065
               6	              15	       -8.606810	       -4.197796	     -456.924045	     +462.251255	      -17.601062	       -2.208900	       +2.780837	   -22124.577491	       +0.801635	       +0.000001	       -9.493015	       -9.272836
               6	              16	       -8.256220	       -3.847206	     -387.404663	     +394.883058	      -17.195656	       -2.208900	       +2.499897	   +12884.635781	       +0.801596	       +0.000001	       -7.217363	       -7.445173
               6	              17	       -8.256220	       -3.847206	     -387.404664	     +394.883058	      -17.195656	       -2.208900	       +2.499905	   +13082.794978	       +0.801596	       +0.000001	       -7.217357	       -7.445305
               6	              18	       -7.436873	       -3.027859	     -471.463044	     +478.358247	      -17.949657	       -2.208900	       +2.257235	    -7446.621438	       +0.801406	       +0.000001	       -8.797220	       -8.467888
               6	              19	       -7.436873	       -3.027859	     -471.462984	     +478.358247	      -17.949657	       -2.208900	       +2.257226	    -7617.280402	       +0.801406	       +0.000001	       -8.797168	       -8.467844
               6	              20	       -7.317409	       -2.908395	     -447.544436	     +453.087735	      -17.791943	       -2.208900	       +1.902689	   -23438.145548	       +0.801518	       +0.000001	      -10.345955	       -9.675057
               6	              21	       -7.317409	       -2.908395	     -447.544404	     +453.087735	      -17.791943	       -2.208900	       +1.902524	   -23934.981901	       +0.801518	       +0.000001	      -10.346087	       -9.675644
               6	              22	       -6.409759	       -2.000746	     -324.200101	     +330.897149	      -16.024820	       -2.208900	       +2.231228	  +101719.544679	       +0.801342	       +0.000001	       -7.096544	       -6.927110
               6	              23	       -6.409759	       -2.000746	     -324.200119	     +330.897149	      -16.024820	       -2.208900	       +2.231233	  +102092.754909	       +0.801342	       +0.000001	       -7.096557	       -6.927126
               6	              24	       -5.682867	       -1.273853	     -422.236469	     +427.802502	      -16.941504	       -2.208900	       +0.502415	    -2172.921132	       +0.801642	       +0.000001	      -10.873056	       -9.826031
               6	              25	       -5.682867	       -1.273853	     -422.236461	     +427.802502	      -16.941504	       -2.208900	       +0.502256	    -1626.070430	       +0.801642	       +0.000001	      -10.873207	       -9.826138
               6	              26	       -3.039488	       +1.369525	     -397.078227	     +410.341811	      -11.000970	       +0.000000	       -3.425910	   -44954.699177	       -0.801571	       -0.000001	       -1.163296	       -1.599051
               6	              27	       -3.039487	       +1.369527	     -397.078225	     +410.341811	      -11.000970	       +0.000000	       -3.425997	   -45395.780537	       -0.801571	       -0.000001	       -1.163382	       -1.599106
               6	              28	       -2.737499	       +1.671515	     -416.378090	     +427.211477	      -11.430415	       +0.000000	       -3.324014	   -13142.696881	       -0.801619	       -0.000001	       -3.921042	       -3.635138
               6	              29	       -2.737496	       +1.671518	     -416.378329	     +427.211477	      -11.430415	       +0.000000	       -3.323792	   -12296.213335	       -0.801619	       -0.000001	       -3.921059	       -3.635160
               6	              30	       -2.697295	       +1.711719	     -424.565032	     +436.027494	      -11.304103	       +0.000000	       -3.480474	   -52223.214019	       -0.801640	       -0.000001	       -3.322115	       -3.172576
               6	              31	       -2.697294	       +1.711720	     -424.565342	     +436.027494	      -11.304103	       +0.000000	       -3.480245	   -50326.067250	       -0.801640	       -0.000001	       -3.322196	       -3.172649
               6	              32	       -1.968034	       +2.440980	     -412.806511	     +427.453680	      -11.226745	       +0.000000	       -3.711965	    +6679.682650	       -0.801463	       -0.000001	       -0.291540	       -0.698110
               6	              33	       -1.968034	       +2.440980	     -412.806569	     +427.453680	      -11.226745	       +0.000000	       -3.711971	    +7008.054005	       -0.801463	       -0.000001	       -0.291604	       -0.698234
               6	              34	       +2.575038	       +6.984051	     -399.484719	     +412.572038	       -6.360194	       +0.000000	       -4.653456	    -2520.616762	       -0.801376	       -0.000001	       +2.073669	       +2.199020
               6	              35	       +2.575038	       +6.984052	     -399.484696	     +412.572038	       -6.360194	       +0.000000	       -4.653436	    -2465.684376	       -0.801376	       -0.000001	       +2.073713	       +2.199051
               6	              36	       +4.137792	       +8.546805	     -263.658424	     +281.447499	       -5.188339	       +0.000000	       -4.401066	  +124241.835583	       -0.801447	       -0.000001	       +8.199671	      +12.802442
               6	              37	       +4.137792	       +8.546805	     -263.658477	     +281.447499	       -5.188339	       +0.000000	       -4.400921	  +124269.717937	       -0.801447	       -0.000001	       +8.199762	      +12.801667
               6	              38	       +4.498557	       +8.907571	     -234.182485	     +253.366002	       -4.651963	       +0.000000	       -4.316487	   -48436.991841	       -0.801520	       -0.000001	      +10.215068	       +9.360914
               6	              39	       +4.498557	       +8.907571	     -234.182485	     +253.366002	       -4.651963	       +0.000000	       -4.316852	   -48496.090257	       -0.801520	       -0.000001	      +10.214703	       +9.356163
               6	              40	       +5.011362	       +9.420376	     -228.886867	     +250.544185	       -4.915493	       +0.000000	       -2.790457	  -183244.247798	       -0.801499	       -0.000001	      +13.951369	      +15.088792
               6	              41	       +5.011363	       +9.420377	     -228.886827	     +250.544185	       -4.915493	       +0.000000	       -2.788217	  -182867.032552	       -0.801499	       -0.000001	      +13.953648	      +15.101348
               6	              42	       +5.208689	       +9.617702	     -169.177405	     +193.614887	       -4.214933	       +0.000000	       -4.273944	    -8261.455595	       -0.801565	       -0.000001	      +15.948605	      +12.739053
               6	              43	       +5.208689	       +9.617703	     -169.177418	     +193.614887	       -4.214933	       +0.000000	       -4.270761	    -7821.119333	       -0.801565	       -0.000001	      +15.951774	      +12.740968
               6	              44	       +6.274228	      +10.683242	     -273.267042	     +296.038617	       -4.958928	       +0.000000	       -5.083190	   -76749.131777	       -0.760725	       -0.000001	      +12.729457	      +12.729457
               6	              45	       +6.274228	      +10.683242	     -273.267044	     +296.038617	       -4.958928	       +0.000000	       -5.083613	   -76795.542203	       -0.760725	       -0.000001	      +12.729033	      +12.729033
               6	              46	       +6.755131	      +11.164144	     -345.703615	     +363.581778	       -5.823896	       +0.000000	       -5.183766	    -7323.270876	       -0.734521	       -0.000001	       +6.870501	       +6.870501
               6	              47	       +6.755131	      +11.164145	     -345.703448	     +363.581778	       -5.823896	       +0.000000	       -5.183909	    -7236.711736	       -0.734521	       -0.000001	       +6.870525	       +6.870525
               6	              48	       +7.214022	      +11.623035	     -284.718794	     +308.606310	       -6.039122	       +0.000000	       -3.055316	  -319769.179146	       -0.711147	       -0.000001	      +14.793078	      +14.793078
               6	              49	       +7.214022	      +11.623036	     -284.718864	     +308.606310	       -6.039122	       +0.000000	       -3.054777	  -319738.547561	       -0.711147	       -0.000001	      +14.793547	      +14.793547
               6	              50	       +7.784817	      +12.193831	     -314.831947	     +338.486467	       -5.320067	       +0.000000	       -5.016031	   +16547.026569	       -0.684069	       -0.000001	      +13.318422	      +13.318422
               6	              51	       +7.784817	      +12.193831	     -314.831945	     +338.486467	       -5.320067	       +0.000000	       -5.016369	   +16413.649102	       -0.684069	       -0.000001	      +13.318085	      +13.318085
               6	              52	       +9.124080	      +13.533094	     -279.526758	     +305.890740	       -4.952659	       +0.000000	       -4.357685	   +43753.283169	       -0.627968	       -0.000001	      +17.053637	      +17.053637
               6	              53	       +9.124080	      +13.533094	     -279.526761	     +305.890740	       -4.952659	       +0.000000	       -4.357406	   +43999.687824	       -0.627968	       -0.000001	      +17.053913	      +17.053913
               6	              54	       +9.888667	      +14.297680	     -320.803967	     +342.178401	       -5.836911	       +0.000000	       -4.646540	   -37408.159615	       -0.599881	       -0.000000	      +10.890984	      +10.890984
               6	              55	       +9.888667	      +14.297681	     -320.804109	     +342.178401	       -5.836911	       +0.000000	       -4.646847	   -38032.067284	       -0.599881	       -0.000000	      +10.890534	      +10.890534
               6	              56	      +10.280451	      +14.689465	     -243.922548	     +287.466113	       -4.891571	       +0.000000	       -3.257390	   +74286.037113	       -0.586441	       -0.000000	      +35.394604	      +35.394604
               6	              57	      +10.280451	      +14.689465	     -243.922656	     +287.466113	       -4.891571	       +0.000000	       -3.257773	   +74139.795637	       -0.586441	       -0.000000	      +35.394113	      +35.394113
               6	              58	      +11.412545	      +15.821559	     -301.714135	     +330.788097	       -5.542101	       +0.000000	       -5.057501	    -2703.936983	       -0.550783	       -0.000000	      +18.474361	      +18.474361
               6	              59	      +11.412545	      +15.821559	     -301.714137	     +330.788097	       -5.542101	       +0.000000	       -5.057238	    -2697.867331	       -0.550783	       -0.000000	      +18.474621	      +18.474621
               6	              60	      +12.579020	      +16.988033	     -107.269161	     +218.994302	       -2.526793	       +0.000000	       -2.886076	   +88147.663548	       -0.518311	       -0.000000	     +106.312272	     +106.312272
               6	              61	      +12.579020	      +16.988033	     -107.269186	     +218.994302	       -2.526793	       +0.000000	       -2.886050	   +88132.416328	       -0.518311	       -0.000000	     +106.312273	     +106.312273
               6	              62	      +13.626943	      +18.035957	     -270.987491	     +321.669082	       -3.383391	       +0.000000	       -3.633205	   +73744.795739	       -0.492239	       -0.000000	      +43.664995	      +43.664995
               6	              63	      +13.626943	      +18.035957	     -270.987486	     +321.669082	       -3.383391	       +0.000000	       -3.633193	   +73675.922086	       -0.492239	       -0.000000	      +43.665012	      +43.665012
               6	              64	      +15.232392	      +19.641406	      +39.495359	     +124.619568	       -1.683499	       +0.000000	       -2.329080	   -22680.073252	       -0.457020	       -0.000000	     +160.102348	     +160.102348
               6	              65	      +15.232392	      +19.641406	      +39.495418	     +124.619568	       -1.683499	       +0.000000	       -2.328166	   -22464.052091	       -0.457020	       -0.000000	     +160.103321	     +160.103321
               6	              66	      +15.261275	      +19.670289	      -72.685032	     +212.416953	       -2.233072	       +0.000000	       -1.944475	   +56219.004958	       -0.456433	       -0.000000	     +135.554375	     +135.554375
               6	              67	      +15.261276	      +19.670289	      -72.685031	     +212.416953	       -2.233072	       +0.000000	       -1.943347	   +56399.598231	       -0.456433	       -0.000000	     +135.555503	     +135.555503
               6	              68	      +16.200359	      +20.609372	      +17.538587	     +172.260435	       -2.009715	       +0.000000	       -2.541231	   +15461.969922	       -0.438120	       -0.000000	     +185.248077	     +185.248077
               6	              69	      +16.200359	      +20.609372	      +17.538492	     +172.260435	       -2.009715	       +0.000000	       -2.541051	   +15432.887421	       -0.438120	       -0.000000	     +185.248162	     +185.248162
               6	              70	      +16.815707	      +21.224720	     -152.573661	     +186.034111	       -2.358427	       +0.000000	       -2.840024	   -67733.981238	       -0.426897	       -0.000000	      +28.261999	      +28.261999
               6	              71	      +16.815707	      +21.224720	     -152.573613	     +186.034111	       -2.358427	       +0.000000	       -2.839683	   -67622.441682	       -0.426897	       -0.000000	      +28.262388	      +28.262388
               6	              72	      +17.301573	      +21.710587	     -205.945333	     +247.043412	       -3.223443	       +0.000000	       -2.971434	   +40287.936296	       -0.418434	       -0.000000	      +34.903202	      +34.903202
               6	              73	      +17.301573	      +21.710587	     -205.945307	     +247.043412	       -3.223443	       +0.000000	       -2.975430	   +40497.244831	       -0.418434	       -0.000000	      +34.899231	      +34.899231
               6	              74	      +17.627879	      +22.036893	     -231.252254	     +275.843417	       -2.957247	       +0.000000	       -3.084950	   +32178.274728	       -0.412936	       -0.000000	      +38.548966	      +38.548966
               6	              75	      +17.627881	      +22.036895	     -231.251999	     +275.843417	       -2.957247	       +0.000000	       -3.081643	   +31902.829019	       -0.412936	       -0.000000	      +38.552528	      +38.552528
               6	              76	      +18.613611	      +23.022625	     -129.677815	     +201.760684	       -2.830592	       +0.000000	       -0.766725	   +34078.346697	       -0.397171	       -0.000000	      +68.485552	      +68.485552
               6	              77	      +18.613614	      +23.022627	     -129.674713	     +201.760684	       -2.830592	       +0.000000	       -0.766127	   +34198.615315	       -0.397171	       -0.000000	      +68.489252	      +68.489252
               6	              78	      +18.800913	      +23.209927	     -326.719499	     +356.804275	       -3.928976	       +0.000000	       -3.856443	   -45352.535313	       -0.394311	       -0.000000	      +22.299357	      +22.299357
               6	              79	      +18.800914	      +23.209928	     -326.716670	     +356.804275	       -3.928976	       +0.000000	       -3.856585	   -45335.496032	       -0.394311	       -0.000000	      +22.302044	      +22.302044
               6	              80	      +19.943900	      +24.352914	     -166.956385	     +200.310342	       -2.477888	       +0.000000	       -3.219807	    -8955.999338	       -0.377711	       -0.000000	      +27.656262	      +27.656262
               6	              81	      +19.943901	      +24.352914	     -166.956309	     +200.310342	       -2.477888	       +0.000000	       -3.219274	    -8967.887323	       -0.377711	       -0.000000	      +27.656871	      +27.656871
               6	              82	      +20.086127	      +24.495141	      -92.075070	     +124.464264	       -1.807775	       +0.000000	       -2.784621	    -4908.684786	       -0.375743	       -0.000000	      +27.796797	      +27.796797
               6	              83	      +20.086127	      +24.495141	      -92.075075	     +124.464264	       -1.807775	       +0.000000	       -2.784539	    -4885.098199	       -0.375743	       -0.000000	      +27.796875	      +27.796875
               6	              84	      +21.051088	      +25.460102	      -39.052194	      +97.177262	       -1.542682	       +0.000000	       -2.062713	   -22323.045752	       -0.362911	       -0.000000	      +54.519674	      +54.519674
               6	              85	      +21.051089	      +25.460102	      -39.052193	      +97.177262	       -1.542682	       +0.000000	       -2.062857	   -22381.021125	       -0.362911	       -0.000000	      +54.519530	      +54.519530
               6	              86	      +21.767446	      +26.176460	     +133.793003	     +105.987239	       -1.229990	       +0.000000	       -1.850799	   -12037.109149	       -0.353938	       -0.000000	     +236.699453	     +236.699453
               6	              87	      +21.767446	      +26.176460	     +133.793003	     +105.987239	       -1.229990	       +0.000000	       -1.850799	   -12017.812782	       -0.353938	       -0.000000	     +236.699454	     +236.699454
               6	              88	      +21.956554	      +26.365568	      -94.796830	     +165.665003	       -2.176080	       +0.000000	       -2.591367	   +11623.010506	       -0.351643	       -0.000000	      +66.100726	      +66.100726
               6	              89	      +21.956555	      +26.365568	      -94.796803	     +165.665003	       -2.176080	       +0.000000	       -2.591758	   +11540.389785	       -0.351643	       -0.000000	      +66.100362	      +66.100362
               6	              90	      +22.406957	      +26.815971	     -108.992693	     +223.773327	       -2.172406	       +0.000000	       -2.526103	    +4875.515838	       -0.346295	       -0.000000	     +110.082125	     +110.082125
               6	              91	      +22.406957	      +26.815971	     -108.992713	     +223.773327	       -2.172406	       +0.000000	       -2.526330	    +4777.971232	       -0.346295	       -0.000000	     +110.081878	     +110.081878
               6	              92	      +24.302513	      +28.711527	     -175.484033	     +257.462676	       -2.711203	       +0.000000	       -2.435722	   -62463.663922	       -0.325462	       -0.000000	      +76.831719	      +76.831719
               6	              93	      +24.302514	      +28.711527	     -175.484027	     +257.462676	       -2.711203	       +0.000000	       -2.435719	   -62519.920544	       -0.325462	       -0.000000	      +76.831728	      +76.831728
               6	              94	      +24.837749	      +29.246763	     -164.747059	     +233.033283	       -2.384420	       +0.000000	       -2.408294	   -27679.510757	       -0.320026	       -0.000000	      +63.493510	      +63.493510
               6	              95	      +24.837750	      +29.246763	     -164.747444	     +233.033283	       -2.384420	       +0.000000	       -2.407921	   -27617.122185	       -0.320026	       -0.000000	      +63.493498	      +63.493498
               6	              96	      +24.923427	      +29.332440	      -85.839665	     +132.677651	       -1.899053	       +0.000000	       -2.594810	   +23188.780430	       -0.319172	       -0.000000	      +42.344122	      +42.344122
               6	              97	      +24.923427	      +29.332441	      -85.840061	     +132.677651	       -1.899053	       +0.000000	       -2.594680	   +23238.312921	       -0.319172	       -0.000000	      +42.343857	      +42.343857
               6	              98	      +25.307750	      +29.716764	     -176.074223	     +236.835341	       -2.559360	       +0.000000	       -2.790211	   -27305.965178	       -0.315400	       -0.000000	      +55.411548	      +55.411548
               6	              99	      +25.307750	      +29.716764	     -176.074341	     +236.835341	       -2.559360	       +0.000000	       -2.790350	   -27458.086570	       -0.315400	       -0.000000	      +55.411291	      +55.411291

k-point 7:
               7	               0	      -65.453770	      -61.044756	     -633.647270	     +591.620041	      -39.342203	       -2.208900	       -5.019998	   +33957.891323	       +0.160629	       +0.000000	      -86.389429	      -86.389429
               7	               1	      -65.453768	      -61.044754	     -633.647280	     +591.620041	      -39.342203	       -2.208900	       -5.155877	   +33560.865454	       +0.160629	       +0.000000	      -86.525318	      -86.525318
               7	               2	      -42.170480	      -37.761467	     -603.632483	     +584.882676	      -33.226701	       -2.208900	       +2.624567	   -69386.390239	       +0.252841	       +0.000000	      -49.351942	      -49.351942
               7	               3	      -42.163240	      -37.754226	     -603.663194	     +584.628406	      -33.245132	       -2.208900	       +2.600771	   +35359.646058	       +0.252886	       +0.000000	      -49.679149	      -49.679149
               7	               4	      -39.636361	      -35.227347	     -597.358347	     +580.804385	      -32.574103	       -2.208900	       +2.176487	   +11087.477703	       +0.269691	       +0.000000	      -46.951579	      -46.951579
               7	               5	      -39.634236	      -35.225222	     -596.521526	     +579.888772	      -32.579219	       -2.208900	       +1.878104	   +42013.069373	       +0.269706	       +0.000000	      -47.333870	      -47.333870
               7	               6	      -39.534290	      -35.125276	     -600.018951	     +583.775434	      -32.565681	       -2.208900	       +3.016896	   -14792.212072	       +0.270417	       +0.000000	      -45.792301	      -45.792301
               7	               7	      -39.525880	      -35.116866	     -600.921989	     +584.355806	      -32.581273	       -2.208900	       +3.314102	   +54520.251666	       +0.270477	       +0.000000	      -45.833354	      -45.833354
               7	               8	      -18.334012	      -13.924998	     -388.393263	     +379.442508	      -21.700151	       -2.208900	       +5.806935	   +40789.298200	       +0.613251	       +0.000000	      -24.843970	      -24.843970
               7	               9	      -18.318233	      -13.909219	     -388.100261	     +379.126370	      -21.702405	       -2.208900	       +5.816773	   +40121.733225	       +0.613830	       +0.000000	      -24.859523	      -24.859523
               7	              10	      -17.722541	      -13.313527	     -368.979336	     +361.719116	      -21.640787	       -2.208900	       +6.032289	   +45630.166936	       +0.636526	       +0.000001	      -22.868719	      -22.868719
               7	              11	      -17.721171	      -13.312157	     -368.936192	     +361.664914	      -21.640049	       -2.208900	       +6.028961	   +45487.127396	       +0.636580	       +0.000001	      -22.882366	      -22.882366
               7	              12	      -10.245733	       -5.836719	     -417.039891	     +418.350638	      -17.686950	       -2.208900	       +3.564357	  +120630.166082	       +0.801605	       +0.000001	      -12.811847	      -12.094453
               7	              13	      -10.220716	       -5.811702	     -418.160199	     +419.596780	      -17.715967	       -2.208900	       +3.556366	  +121201.067513	       +0.801624	       +0.000001	      -12.723020	      -12.024700
               7	              14	       -9.056402	       -4.647388	     -390.681029	     +396.976701	      -16.905967	       -2.208900	       +3.055347	   -30464.071603	       +0.801598	       +0.000001	       -7.554949	       -7.914354
               7	              15	       -9.046123	       -4.637110	     -391.940784	     +398.379711	      -16.955193	       -2.208900	       +3.052635	   -28251.616320	       +0.801588	       +0.000001	       -7.463632	       -7.845313
               7	              16	       -9.017563	       -4.608549	     -400.331594	     +404.041060	      -17.331205	       -2.208900	       +2.860090	   +37013.019683	       +0.801552	       +0.000001	      -10.761649	      -10.334842
               7	              17	       -8.988056	       -4.579042	     -398.934034	     +402.718415	      -17.258320	       -2.208900	       +2.841699	   +32514.228646	       +0.801507	       +0.000001	      -10.632240	      -10.230661
               7	              18	       -8.542472	       -4.133458	     -404.745945	     +412.068220	      -17.651245	       -2.208900	       +2.618297	   -10942.341802	       +0.801584	       +0.000001	       -7.710673	       -7.904930
               7	              19	       -8.516203	       -4.107189	     -402.413597	     +409.745300	      -17.596823	       -2.208900	       +2.613280	   -12257.305085	       +0.801551	       +0.000001	       -7.651840	       -7.850481
               7	              20	       -7.289167	       -2.880153	     -420.607797	     +425.797810	      -16.958310	       -2.208900	       +2.071282	   +71486.478191	       +0.801558	       +0.000001	       -9.697015	       -9.079533
               7	              21	       -7.213017	       -2.804003	     -419.748026	     +424.946500	      -16.934274	       -2.208900	       +2.050635	   +78959.409563	       +0.801629	       +0.000001	       -9.685166	       -9.075290
               7	              22	       -6.417984	       -2.008970	     -324.041829	     +328.941007	      -16.408199	       -2.208900	       +2.329096	   +83578.035765	       +0.801362	       +0.000001	       -9.179924	       -8.493459
               7	              23	       -6.383176	       -1.974162	     -322.396757	     +327.222953	      -16.351857	       -2.208900	       +2.319294	   +88368.248774	       +0.801398	       +0.000001	       -9.206368	       -8.506298
               7	              24	       -6.168062	       -1.759048	     -460.889652	     +468.733970	      -17.438230	       -2.208900	       +1.018779	  -140176.915826	       +0.801645	       +0.000001	       -8.575133	       -8.042491
               7	              25	       -6.099047	       -1.690034	     -463.646433	     +471.601560	      -17.378916	       -2.208900	       +0.933074	  -130456.822100	       +0.801631	       +0.000001	       -8.490715	       -7.963245
               7	              26	       -3.445806	       +0.963208	     -417.621922	     +429.285030	      -11.351074	       +0.000000	       -3.139350	   +46855.567662	       -0.801421	       -0.000001	       -2.827315	       -2.970763
               7	              27	       -3.384025	       +1.024989	     -416.263274	     +428.145390	      -11.212781	       +0.000000	       -3.243525	   +63496.482855	       -0.801400	       -0.000001	       -2.574190	       -2.760144
               7	              28	       -2.847939	       +1.561075	     -459.845942	     +472.803988	      -12.219484	       +0.000000	       -3.929838	  +114263.845307	       -0.801475	       -0.000001	       -3.191276	       -3.120667
               7	              29	       -2.831985	       +1.577029	     -457.405205	     +470.560150	      -12.133011	       +0.000000	       -3.969772	  +116935.043031	       -0.801504	       -0.000001	       -2.947838	       -2.924140
               7	              30	       -2.645250	       +1.763764	     -439.104649	     +453.000820	      -11.227987	       +0.000000	       -3.771313	   -79239.620100	       -0.801644	       -0.000001	       -1.103131	       -1.468419
               7	              31	       -2.592542	       +1.816471	     -438.230969	     +452.210172	      -11.148695	       +0.000000	       -3.791787	   -78556.935270	       -0.801621	       -0.000001	       -0.961280	       -1.350108
               7	              32	       -1.170745	       +3.238268	     -415.056657	     +429.539492	      -11.193176	       +0.000000	       -4.266358	  -168372.950869	       -0.801646	       -0.000001	       -0.976698	       -1.005348
               7	              33	       -1.137568	       +3.271445	     -414.830199	     +429.413082	      -11.155087	       +0.000000	       -4.265412	  -164643.681500	       -0.801642	       -0.000001	       -0.837616	       -0.877347
               7	              34	       +3.626563	       +8.035576	     -359.151900	     +373.837834	       -6.727166	       +0.000000	       -5.298042	   -13277.460093	       -0.801423	       -0.000001	       +2.660726	       +2.816583
               7	              35	       +3.659795	       +8.068809	     -357.964699	     +372.623320	       -6.715163	       +0.000000	       -5.292559	     +140.425747	       -0.801489	       -0.000001	       +2.650900	       +2.820272
               7	              36	       +4.108831	       +8.517845	     -275.081229	     +292.528930	       -4.946189	       +0.000000	       -4.362835	   +22087.175683	       -0.801384	       -0.000001	       +8.138677	       +7.154793
               7	              37	       +4.114100	       +8.523113	     -275.692588	     +293.125279	       -4.946269	       +0.000000	       -4.376473	   +20247.063729	       -0.801396	       -0.000001	       +8.109948	       +7.076923
               7	              38	       +4.242551	       +8.651565	     -227.776545	     +246.968568	       -4.679499	       +0.000000	       -3.870406	   -80725.870525	       -0.801602	       -0.000001	      +10.642119	     +196.750691
               7	              39	       +4.333533	       +8.742547	     -222.565351	     +242.035531	       -4.659086	       +0.000000	       -3.741819	   -78934.059137	       -0.801646	       -0.000001	      +11.069274	      +37.455528
               7	              40	       +4.972515	       +9.381529	     -359.293743	     +378.073069	       -6.453337	       +0.000000	       -4.995512	  -111029.907722	       -0.801557	       -0.000001	       +7.330477	       +7.076911
               7	              41	       +4.977831	       +9.386845	     -352.944255	     +371.953906	       -6.398882	       +0.000000	       -4.995108	  -114102.914547	       -0.801550	       -0.000001	       +7.615661	       +7.275262
               7	              42	       +5.116617	       +9.525631	     -227.555184	     +247.250423	       -4.476672	       +0.000000	       -4.402345	   +52180.430545	       -0.801401	       -0.000001	      +10.816222	       +8.987251
               7	              43	       +5.119136	       +9.528150	     -223.108365	     +242.860953	       -4.417982	       +0.000000	       -4.391529	   +51869.658147	       -0.801407	       -0.000001	      +10.943077	       +8.975609
               7	              44	       +6.377213	      +10.786226	     -351.321475	     +371.227934	       -6.222257	       +0.000000	       -1.635873	  -226227.181947	       -0.754957	       -0.000001	      +12.048329	      +12.048329
               7	              45	       +6.460964	      +10.869978	     -346.516337	     +366.608428	       -6.256530	       +0.000000	       -1.600267	  -292378.789985	       -0.750331	       -0.000001	      +12.235293	      +12.235293
               7	              46	       +6.974874	      +11.383888	     -272.098848	     +294.303839	       -5.312140	       +0.000000	       -5.214234	   -69738.474021	       -0.723139	       -0.000001	      +11.678617	      +11.678617
               7	              47	       +7.009349	      +11.418362	     -272.047570	     +294.040249	       -5.394826	       +0.000000	       -5.451057	   -55467.145514	       -0.721386	       -0.000001	      +11.146796	      +11.146796
               7	              48	       +7.026512	      +11.435526	     -275.726583	     +298.180815	       -5.247704	       +0.000000	       -4.883272	   -90221.104581	       -0.720516	       -0.000001	      +12.323256	      +12.323256
               7	              49	       +7.073709	      +11.482723	     -278.096415	     +300.875920	       -5.148953	       +0.000000	       -4.726860	   -61633.720804	       -0.718134	       -0.000001	      +12.903692	      +12.903692
               7	              50	       +7.846983	      +12.255997	     -182.775326	     +211.213039	       -3.989566	       +0.000000	       -3.862422	  -100199.945250	       -0.681244	       -0.000001	      +20.585724	      +20.585724
               7	              51	       +7.849611	      +12.258625	     -182.832941	     +211.283809	       -3.990884	       +0.000000	       -3.848688	   -96414.321142	       -0.681125	       -0.000001	      +20.611296	      +20.611296
               7	              52	       +9.209829	      +13.618843	     -262.871815	     +295.480526	       -4.721539	       +0.000000	       -4.473799	   -48348.924443	       -0.624688	       -0.000001	      +23.413374	      +23.413374
               7	              53	       +9.248768	      +13.657781	     -271.067431	     +302.667859	       -4.789082	       +0.000000	       -4.503545	   -48905.354429	       -0.623210	       -0.000001	      +22.307801	      +22.307801
               7	              54	       +9.762885	      +14.171898	     -290.189804	     +312.680217	       -5.269774	       +0.000000	       -4.732393	   -23780.517996	       -0.604328	       -0.000000	      +12.488246	      +12.488246
               7	              55	       +9.769420	      +14.178434	     -289.714136	     +312.241027	       -5.261321	       +0.000000	       -4.697995	   -27184.438441	       -0.604095	       -0.000000	      +12.567575	      +12.567575
               7	              56	      +10.615507	      +15.024521	     -239.377838	     +279.090333	       -4.338124	       +0.000000	       -3.935391	   +72218.672614	       -0.575416	       -0.000000	      +31.438980	      +31.438980
               7	              57	      +10.660554	      +15.069568	     -232.170057	     +273.701314	       -4.293784	       +0.000000	       -3.874392	   +80230.968262	       -0.573965	       -0.000000	      +33.363080	      +33.363080
               7	              58	      +12.076224	      +16.485237	     -279.626579	     +310.068061	       -4.836149	       +0.000000	       -5.159627	   +65060.898897	       -0.531826	       -0.000000	      +20.445707	      +20.445707
               7	              59	      +12.097786	      +16.506800	     -278.955257	     +309.568389	       -4.836988	       +0.000000	       -5.160873	   +65945.805115	       -0.531232	       -0.000000	      +20.615272	      +20.615272
               7	              60	      +14.435831	      +18.844845	      -78.597869	     +213.728720	       -2.594129	       +0.000000	       -2.995667	   +72633.171064	       -0.473841	       -0.000000	     +129.541055	     +129.541055
               7	              61	      +14.441031	      +18.850045	      -71.559737	     +210.646057	       -2.557832	       +0.000000	       -2.963953	   +71474.376840	       -0.473728	       -0.000000	     +133.564535	     +133.564535
               7	              62	      +15.090699	      +19.499713	     -147.731709	     +194.895745	       -2.497856	       +0.000000	       -3.359267	   -49242.002466	       -0.459924	       -0.000000	      +41.306914	      +41.306914
               7	              63	      +15.093929	      +19.502943	     -143.647759	     +193.089159	       -2.470420	       +0.000000	       -3.344128	   -44758.038652	       -0.459858	       -0.000000	      +43.626852	      +43.626852
               7	              64	      +15.220715	      +19.629729	      -75.245092	     +171.096811	       -2.337008	       +0.000000	       -2.942644	    +8552.415645	       -0.457258	       -0.000000	      +90.572067	      +90.572067
               7	              65	      +15.223428	      +19.632442	      -75.506920	     +171.049527	       -2.336043	       +0.000000	       -2.938698	    +8707.026353	       -0.457203	       -0.000000	      +90.267866	      +90.267866
               7	              66	      +15.554057	      +19.963071	     -105.241056	     +175.745417	       -2.520647	       +0.000000	       -3.011426	    -9575.017380	       -0.450561	       -0.000000	      +64.972288	      +64.972288
               7	              67	      +15.554321	      +19.963334	     -104.664944	     +175.065333	       -2.514449	       +0.000000	       -2.994034	   -10533.153101	       -0.450556	       -0.000000	      +64.891906	      +64.891906
               7	              68	      +15.934150	      +20.343163	     -200.835590	     +255.736918	       -3.453204	       +0.000000	       -2.639785	  +113778.449440	       -0.443161	       -0.000000	      +48.808339	      +48.808339
               7	              69	      +15.970730	      +20.379743	     -200.854815	     +255.379309	       -3.442871	       +0.000000	       -2.715906	  +108891.051269	       -0.442461	       -0.000000	      +48.365717	      +48.365717
               7	              70	      +16.783727	      +21.192741	     -118.536683	     +159.100887	       -2.127577	       +0.000000	       -2.777112	   +85889.455661	       -0.427466	       -0.000000	      +35.659516	      +35.659516
               7	              71	      +16.785560	      +21.194574	     -119.325154	     +159.532791	       -2.128398	       +0.000000	       -2.779971	   +86976.138702	       -0.427434	       -0.000000	      +35.299267	      +35.299267
               7	              72	      +16.917462	      +21.326476	      +36.095623	     +136.449102	       -1.991109	       +0.000000	       -2.542330	   +46854.193498	       -0.425097	       -0.000000	     +168.011287	     +168.011287
               7	              73	      +16.921487	      +21.330501	      +40.390856	     +135.850426	       -1.971437	       +0.000000	       -2.514633	   +45793.428534	       -0.425026	       -0.000000	     +171.755213	     +171.755213
               7	              74	      +17.693819	      +22.102833	     -150.527841	     +256.668028	       -2.738188	       +0.000000	       -3.320722	   -30252.134126	       -0.411843	       -0.000000	     +100.081278	     +100.081278
               7	              75	      +17.743611	      +22.152625	     -164.905377	     +263.743108	       -2.812033	       +0.000000	       -3.362099	   -31833.821384	       -0.411021	       -0.000000	      +92.663599	      +92.663599
               7	              76	      +18.030555	      +22.439569	      -92.377383	     +200.113518	       -2.395509	       +0.000000	       -2.949083	   +46379.909483	       -0.406347	       -0.000000	     +102.391544	     +102.391544
               7	              77	      +18.035039	      +22.444052	      -92.604460	     +200.283752	       -2.394613	       +0.000000	       -2.954486	   +46236.748354	       -0.406275	       -0.000000	     +102.330193	     +102.330193
               7	              78	      +19.504257	      +23.913270	     -247.682212	     +288.341866	       -3.191366	       +0.000000	       -3.537772	   -66630.688108	       -0.383928	       -0.000000	      +33.930516	      +33.930516
               7	              79	      +19.513749	      +23.922763	     -252.005797	     +289.591923	       -3.195580	       +0.000000	       -3.599905	   -79334.045049	       -0.383791	       -0.000000	      +30.790641	      +30.790641
               7	              80	      +19.632749	      +24.041763	     -229.696458	     +278.018119	       -2.963725	       +0.000000	       -2.981195	   -25440.658599	       -0.382090	       -0.000000	      +42.376740	      +42.376740
               7	              81	      +19.640331	      +24.049345	     -223.395214	     +274.233502	       -2.936633	       +0.000000	       -2.993635	   -19929.807287	       -0.381982	       -0.000000	      +44.908020	      +44.908020
               7	              82	      +19.713693	      +24.122706	     -200.984217	     +283.762391	       -3.081471	       +0.000000	       -1.877063	  +220030.051347	       -0.380941	       -0.000000	      +77.819640	      +77.819640
               7	              83	      +19.760144	      +24.169157	     -203.923328	     +287.066970	       -3.113833	       +0.000000	       -1.780043	  +246990.133333	       -0.380285	       -0.000000	      +78.249766	      +78.249766
               7	              84	      +21.307640	      +25.716654	     -202.979987	     +267.138093	       -2.849280	       +0.000000	       -2.038029	    -3663.991658	       -0.359646	       -0.000000	      +59.270796	      +59.270796
               7	              85	      +21.392883	      +25.801897	     -208.406590	     +275.634026	       -2.904089	       +0.000000	       -2.171206	    -3239.842504	       -0.358574	       -0.000000	      +62.152141	      +62.152141
               7	              86	      +21.447620	      +25.856634	      -97.644724	     +170.607171	       -2.184806	       +0.000000	       -2.346913	  -180455.605107	       -0.357889	       -0.000000	      +68.430728	      +68.430728
               7	              87	      +21.468236	      +25.877249	     -107.570025	     +181.447556	       -2.259982	       +0.000000	       -2.334400	  -163215.011317	       -0.357632	       -0.000000	      +69.283149	      +69.283149
               7	              88	      +22.135016	      +26.544030	      +20.901941	     +155.673239	       -1.721880	       +0.000000	       -2.110379	   +89420.750777	       -0.349505	       -0.000000	     +172.742921	     +172.742921
               7	              89	      +22.137849	      +26.546862	      +21.164197	     +155.174352	       -1.718301	       +0.000000	       -2.097139	   +88901.574370	       -0.349471	       -0.000000	     +172.523110	     +172.523110
               7	              90	      +22.483381	      +26.892395	     -120.273928	     +209.389988	       -2.278773	       +0.000000	       -2.850133	   -24840.342997	       -0.345404	       -0.000000	      +83.987153	      +83.987153
               7	              91	      +22.486117	      +26.895130	     -123.265479	     +211.512078	       -2.294694	       +0.000000	       -2.876064	   -27282.989592	       -0.345372	       -0.000000	      +83.075841	      +83.075841
               7	              92	      +23.579826	      +27.988840	     -246.663213	     +299.125742	       -2.940585	       +0.000000	       -3.007528	   -30075.365520	       -0.333102	       -0.000000	      +46.514416	      +46.514416
               7	              93	      +23.587959	      +27.996972	     -249.829677	     +302.066573	       -2.973215	       +0.000000	       -2.990492	   -30314.221731	       -0.333014	       -0.000000	      +46.273188	      +46.273188
               7	              94	      +23.734390	      +28.143404	     -210.417876	     +268.483719	       -2.741186	       +0.000000	       -2.799516	   +71229.273891	       -0.331438	       -0.000000	      +52.525142	      +52.525142
               7	              95	      +23.740279	      +28.149293	     -211.498842	     +269.364260	       -2.746505	       +0.000000	       -2.790429	   +71816.337423	       -0.331375	       -0.000000	      +52.328484	      +52.328484
               7	              96	      +24.301627	      +28.710641	      -43.791496	     +191.476292	       -2.017398	       +0.000000	       -2.373907	   +30130.784282	       -0.325471	       -0.000000	     +143.293491	     +143.293491
               7	              97	      +24.324366	      +28.733380	      -35.507768	     +188.166966	       -2.003027	       +0.000000	       -2.312328	   +34952.389397	       -0.325236	       -0.000000	     +148.343843	     +148.343843
               7	              98	      +24.372066	      +28.781080	     -122.060385	     +218.971659	       -2.180398	       +0.000000	       -2.486365	   +47102.989799	       -0.324745	       -0.000000	      +92.244511	      +92.244511
               7	              99	      +24.374805	      +28.783819	     -125.138395	     +219.801814	       -2.189229	       +0.000000	       -2.519305	   +48283.895182	       -0.324717	       -0.000000	      +89.954885	      +89.954885

k-point 8:
               8	               0	      -65.468367	      -61.059353	     -633.764260	     +591.487302	      -39.338470	       -2.208900	       -5.047580	   +24248.126108	       +0.160593	       +0.000000	      -86.663008	      -86.663008
               8	               1	      -65.468364	      -61.059350	     -633.764284	     +591.487302	      -39.338470	       -2.208900	       -4.851470	   +23451.270549	       +0.160593	       +0.000000	      -86.466922	      -86.466922
               8	               2	      -42.219225	      -37.810211	     -603.725833	     +585.118203	      -33.224832	       -2.208900	       +2.366742	  -128607.788558	       +0.252537	       +0.000000	      -49.465720	      -49.465720
               8	               3	      -42.204416	      -37.795402	     -603.795232	     +584.789604	      -33.260201	       -2.208900	       +2.263630	  +123225.035247	       +0.252630	       +0.000000	      -50.002198	      -50.002198
               8	               4	      -39.715679	      -35.306665	     -600.320383	     +584.118473	      -32.557251	       -2.208900	       +3.169815	  -106338.949487	       +0.269130	       +0.000000	      -45.589345	      -45.589345
               8	               5	      -39.696202	      -35.287188	     -599.283243	     +582.617948	      -32.594413	       -2.208900	       +2.621992	  +118856.153662	       +0.269268	       +0.000000	      -46.637716	      -46.637716
               8	               6	      -39.570622	      -35.161608	     -596.446046	     +580.035119	      -32.581754	       -2.208900	       +1.171453	   +43266.501881	       +0.270158	       +0.000000	      -47.821227	      -47.821227
               8	               7	      -39.568904	      -35.159890	     -597.619721	     +581.135186	      -32.583785	       -2.208900	       +1.714366	   +53605.818101	       +0.270171	       +0.000000	      -47.353954	      -47.353954
               8	               8	      -17.545460	      -13.136446	     -390.672717	     +382.274046	      -21.765158	       -2.208900	       +5.847965	   +31296.764314	       +0.643600	       +0.000001	      -24.315864	      -24.315864
               8	               9	      -17.506053	      -13.097040	     -390.004118	     +381.604638	      -21.775365	       -2.208900	       +5.847521	   +30294.644499	       +0.645196	       +0.000001	      -24.327324	      -24.327324
               8	              10	      -17.368642	      -12.959628	     -378.869782	     +373.128777	      -21.741880	       -2.208900	       +6.015021	   +34186.574346	       +0.650823	       +0.000001	      -21.467864	      -21.467864
               8	              11	      -17.365584	      -12.956570	     -378.802583	     +373.037496	      -21.740316	       -2.208900	       +6.017553	   +34315.166401	       +0.650949	       +0.000001	      -21.487849	      -21.487849
               8	              12	      -10.630580	       -6.221567	     -399.456085	     +399.646906	      -17.284415	       -2.208900	       +3.800691	   +20002.102901	       +0.801643	       +0.000001	      -13.292903	      -12.553027
               8	              13	      -10.619140	       -6.210126	     -399.118972	     +399.303092	      -17.295071	       -2.208900	       +3.800687	   +17980.321173	       +0.801640	       +0.000001	      -13.310263	      -12.561047
               8	              14	      -10.254303	       -5.845289	     -401.624681	     +402.275097	      -17.554689	       -2.208900	       +3.500897	   +12462.699024	       +0.801597	       +0.000001	      -13.403376	      -12.573429
               8	              15	      -10.244381	       -5.835368	     -402.397295	     +403.042895	      -17.556553	       -2.208900	       +3.481838	   +10204.540860	       +0.801607	       +0.000001	      -13.429115	      -12.590653
               8	              16	       -9.147467	       -4.738453	     -379.299702	     +383.019410	      -17.499933	       -2.208900	       +3.168950	   -15098.474260	       +0.801646	       +0.000001	      -10.611276	      -10.227516
               8	              17	       -9.142130	       -4.733117	     -381.741997	     +385.569893	      -17.546017	       -2.208900	       +3.164685	   -18843.252125	       +0.801645	       +0.000001	      -10.553436	      -10.184615
               8	              18	       -8.577065	       -4.168051	     -384.051425	     +388.134303	      -17.385022	       -2.208900	       +2.886364	   +13795.849960	       +0.801616	       +0.000001	      -10.415779	       -9.980447
               8	              19	       -8.560049	       -4.151035	     -383.940758	     +387.970903	      -17.389012	       -2.208900	       +2.873194	   +13551.792863	       +0.801602	       +0.000001	      -10.485673	      -10.034979
               8	              20	       -7.703410	       -3.294396	     -380.050303	     +383.395539	      -16.268862	       -2.208900	       +2.326691	   +27785.458412	       +0.801634	       +0.000001	      -10.596935	       -9.841567
               8	              21	       -7.638033	       -3.229019	     -379.765189	     +383.165675	      -16.281368	       -2.208900	       +2.301078	   +25539.369113	       +0.801645	       +0.000001	      -10.579804	       -9.833076
               8	              22	       -7.117239	       -2.708225	     -327.172577	     +332.038649	      -16.896397	       -2.208900	       +2.543152	    +5903.653419	       +0.801639	       +0.000001	       -9.487173	       -8.887781
               8	              23	       -7.105358	       -2.696345	     -327.962578	     +332.796004	      -16.871577	       -2.208900	       +2.530151	    +2479.251492	       +0.801634	       +0.000001	       -9.508000	       -8.899198
               8	              24	       -5.867651	       -1.458637	     -472.027282	     +482.522250	      -16.915683	       -2.208900	       +0.873280	  -180704.106211	       +0.801430	       +0.000001	       -5.547435	       -5.622366
               8	              25	       -5.764838	       -1.355824	     -470.508696	     +480.923752	      -16.756757	       -2.208900	       +0.765990	  -158441.907409	       +0.801587	       +0.000001	       -5.575711	       -5.619664
               8	              26	       -3.108351	       +1.300663	     -474.675553	     +487.570008	      -12.678803	       +0.000000	       -4.006853	  +149433.302728	       -0.801631	       -0.000001	       -3.791201	       -3.697605
               8	              27	       -3.088701	       +1.320313	     -468.611160	     +481.520855	      -12.559899	       +0.000000	       -3.884810	  +124853.097116	       -0.801618	       -0.000001	       -3.535014	       -3.468252
               8	              28	       -2.527642	       +1.881372	     -506.410458	     +521.205263	      -12.809873	       +0.000000	       -4.097816	  +207803.189278	       -0.801557	       -0.000001	       -2.112885	       -2.175146
               8	              29	       -2.424782	       +1.984232	     -501.384149	     +516.160084	      -12.563685	       +0.000000	       -4.081549	  +202464.031153	       -0.801376	       -0.000001	       -1.869299	       -1.958434
               8	              30	       -2.018801	       +2.390213	     -407.038939	     +424.009609	      -10.763630	       +0.000000	       -3.922747	   +15910.465036	       -0.801545	       -0.000001	       +2.284293	       +1.261168
               8	              31	       -2.014005	       +2.395009	     -409.224772	     +426.239231	      -10.787589	       +0.000000	       -3.926293	    +6563.052000	       -0.801538	       -0.000001	       +2.300577	       +1.264446
               8	              32	       -0.900229	       +3.508785	     -428.873339	     +446.791745	      -10.840104	       +0.000000	       -4.393867	  -147809.347399	       -0.801362	       -0.000001	       +2.684435	       +2.764760
               8	              33	       -0.871166	       +3.537847	     -430.937589	     +448.869903	      -10.832257	       +0.000000	       -4.418315	  -147522.906838	       -0.801428	       -0.000001	       +2.681742	       +2.720985
               8	              34	       +1.945964	       +6.354978	     -332.577188	     +347.679134	       -6.608722	       +0.000000	       -4.530412	   +19316.133806	       -0.801588	       -0.000001	       +3.962812	       +3.458430
               8	              35	       +1.983581	       +6.392594	     -329.168605	     +344.398944	       -6.546185	       +0.000000	       -4.514653	   +26158.671855	       -0.801542	       -0.000001	       +4.169500	       +3.626702
               8	              36	       +3.821256	       +8.230270	     -318.762875	     +335.331518	       -5.710915	       +0.000000	       -4.673884	   -42553.802245	       -0.801645	       -0.000001	       +6.183844	       +5.849960
               8	              37	       +3.848382	       +8.257396	     -311.311372	     +327.613446	       -5.663309	       +0.000000	       -4.638013	   -42083.510964	       -0.801645	       -0.000001	       +6.000752	       +5.668566
               8	              38	       +3.878474	       +8.287488	     -313.562966	     +330.002751	       -5.688015	       +0.000000	       -4.633719	   -39731.838019	       -0.801637	       -0.000001	       +6.118051	       +5.698433
               8	              39	       +3.888888	       +8.297901	     -319.969752	     +336.687126	       -5.709992	       +0.000000	       -4.660183	   -47283.362413	       -0.801632	       -0.000001	       +6.347199	       +5.928941
               8	              40	       +4.941517	       +9.350530	     -299.344477	     +319.307619	       -5.496681	       +0.000000	       -4.102596	   -29137.935678	       -0.801592	       -0.000001	      +10.363865	       +9.160200
               8	              41	       +4.945465	       +9.354479	     -304.430181	     +324.295978	       -5.577796	       +0.000000	       -4.131361	   -33667.832245	       -0.801588	       -0.000001	      +10.156641	       +8.904020
               8	              42	       +5.062525	       +9.471539	     -246.677218	     +265.779821	       -5.118854	       +0.000000	       -4.468699	    -5054.493170	       -0.801403	       -0.000001	       +9.515050	       +7.839680
               8	              43	       +5.065570	       +9.474584	     -247.010488	     +266.126258	       -5.122406	       +0.000000	       -4.431369	    -7576.239472	       -0.801397	       -0.000001	       +9.561994	       +7.817593
               8	              44	       +5.970865	      +10.379879	     -308.756563	     +328.061381	       -6.020135	       +0.000000	       -4.374482	   -61678.942743	       -0.778238	       -0.000001	       +8.910202	       +8.361374
               8	              45	       +5.985594	      +10.394607	     -307.589960	     +326.907375	       -6.012085	       +0.000000	       -4.322876	   -57608.422130	       -0.777369	       -0.000001	       +8.982454	       +8.462416
               8	              46	       +7.712105	      +12.121119	     -209.815891	     +231.125882	       -4.143325	       +0.000000	       -4.485421	   +12109.729421	       -0.687403	       -0.000001	      +12.681245	      +12.681245
               8	              47	       +7.716251	      +12.125265	     -209.555018	     +230.915440	       -4.137208	       +0.000000	       -4.486167	    +8614.706860	       -0.687212	       -0.000001	      +12.737047	      +12.737047
               8	              48	       +8.225873	      +12.634887	     -288.150018	     +311.653661	       -5.095529	       +0.000000	       -4.256030	     -276.484051	       -0.664518	       -0.000001	      +14.152084	      +14.152084
               8	              49	       +8.236319	      +12.645333	     -288.108622	     +311.683025	       -5.096314	       +0.000000	       -4.259533	     -359.142156	       -0.664069	       -0.000001	      +14.218556	      +14.218556
               8	              50	       +9.059442	      +13.468455	     -228.975654	     +252.477500	       -4.347812	       +0.000000	       -4.573819	   +29761.757526	       -0.630463	       -0.000001	      +14.580215	      +14.580215
               8	              51	       +9.065212	      +13.474226	     -230.373250	     +253.878754	       -4.357774	       +0.000000	       -4.576390	   +32755.914417	       -0.630240	       -0.000001	      +14.571340	      +14.571340
               8	              52	       +9.639270	      +14.048284	     -233.592701	     +258.496651	       -4.733164	       +0.000000	       -4.476067	   -93229.636778	       -0.608763	       -0.000000	      +15.694719	      +15.694719
               8	              53	       +9.642217	      +14.051231	     -232.697658	     +257.510910	       -4.722615	       +0.000000	       -4.466808	   -94250.879915	       -0.608656	       -0.000000	      +15.623830	      +15.623830
               8	              54	      +10.407412	      +14.816426	     -194.148350	     +232.343660	       -3.738731	       +0.000000	       -3.550825	   -68971.574899	       -0.582214	       -0.000000	      +30.905755	      +30.905755
               8	              55	      +10.439781	      +14.848795	     -198.142380	     +236.083756	       -3.774014	       +0.000000	       -3.541679	   -69930.348410	       -0.581146	       -0.000000	      +30.625683	      +30.625683
               8	              56	      +11.974981	      +16.383995	     -168.262226	     +205.756035	       -3.277380	       +0.000000	       -3.602662	   +18747.050570	       -0.534633	       -0.000000	      +30.613767	      +30.613767
               8	              57	      +11.982258	      +16.391271	     -173.149720	     +210.308590	       -3.333146	       +0.000000	       -3.603689	   +18570.546968	       -0.534430	       -0.000000	      +30.222035	      +30.222035
               8	              58	      +13.134240	      +17.543253	     -123.461067	     +170.305776	       -2.928877	       +0.000000	       -3.299449	    -6478.133361	       -0.504163	       -0.000000	      +40.616382	      +40.616382
               8	              59	      +13.137577	      +17.546590	     -126.055084	     +172.518972	       -2.937348	       +0.000000	       -3.297342	    -3631.611892	       -0.504080	       -0.000000	      +40.229198	      +40.229198
               8	              60	      +13.174709	      +17.583723	     -211.896259	     +247.537148	       -3.296762	       +0.000000	       -3.680197	   +45720.082495	       -0.503162	       -0.000000	      +28.663930	      +28.663930
               8	              61	      +13.179376	      +17.588390	     -218.598304	     +253.355293	       -3.317947	       +0.000000	       -3.708404	   +46745.672377	       -0.503046	       -0.000000	      +27.730638	      +27.730638
               8	              62	      +14.314029	      +18.723043	     -162.365418	     +212.578219	       -3.421412	       +0.000000	       -3.556933	   +50798.583940	       -0.476523	       -0.000000	      +43.234456	      +43.234456
               8	              63	      +14.317386	      +18.726400	     -162.059696	     +212.364699	       -3.420150	       +0.000000	       -3.546943	   +51471.711912	       -0.476449	       -0.000000	      +43.337909	      +43.337909
               8	              64	      +14.782137	      +19.191151	     -180.779463	     +227.704716	       -3.194824	       +0.000000	       -3.552847	   -74354.483412	       -0.466379	       -0.000000	      +40.177583	      +40.177583
               8	              65	      +14.823548	      +19.232562	     -178.948588	     +225.991852	       -3.166095	       +0.000000	       -3.531446	   -74063.587004	       -0.465502	       -0.000000	      +40.345722	      +40.345722
               8	              66	      +15.868746	      +20.277760	     -188.685569	     +272.131316	       -3.456953	       +0.000000	       -3.359865	   +15820.985667	       -0.444417	       -0.000000	      +76.628929	      +76.628929
               8	              67	      +15.902544	      +20.311558	     -191.820449	     +274.923322	       -3.486164	       +0.000000	       -3.366709	   +16894.049144	       -0.443767	       -0.000000	      +76.250000	      +76.250000
               8	              68	      +16.231157	      +20.640171	     -177.160625	     +224.267170	       -3.005485	       +0.000000	       -3.536171	   -11751.263954	       -0.437545	       -0.000000	      +40.564888	      +40.564888
               8	              69	      +16.237852	      +20.646866	     -175.165577	     +222.360631	       -2.992291	       +0.000000	       -3.519909	   -11717.196631	       -0.437420	       -0.000000	      +40.682853	      +40.682853
               8	              70	      +16.957421	      +21.366435	     -180.549353	     +229.800554	       -3.319505	       +0.000000	       -3.716862	   +73856.012914	       -0.424394	       -0.000000	      +42.214834	      +42.214834
               8	              71	      +16.962776	      +21.371790	     -183.856281	     +232.896569	       -3.347582	       +0.000000	       -3.723602	   +75791.023004	       -0.424300	       -0.000000	      +41.969104	      +41.969104
               8	              72	      +17.403839	      +21.812853	     -180.430192	     +247.375607	       -3.174855	       +0.000000	       -3.052920	   -33468.406407	       -0.416695	       -0.000000	      +60.717640	      +60.717640
               8	              73	      +17.455888	      +21.864901	     -179.009642	     +248.063252	       -3.155317	       +0.000000	       -3.109588	   -37101.514975	       -0.415816	       -0.000000	      +62.788705	      +62.788705
               8	              74	      +17.926362	      +22.335375	      -96.504166	     +234.690861	       -2.502901	       +0.000000	       -2.464344	   +36068.437855	       -0.408032	       -0.000000	     +133.219451	     +133.219451
               8	              75	      +17.928259	      +22.337273	      -92.292323	     +232.775991	       -2.480070	       +0.000000	       -2.461959	   +33455.840086	       -0.408001	       -0.000000	     +135.541638	     +135.541638
               8	              76	      +18.305841	      +22.714854	      -59.589614	     +156.965046	       -1.926168	       +0.000000	       -2.618264	  -109686.338338	       -0.401963	       -0.000000	      +92.831000	      +92.831000
               8	              77	      +18.308607	      +22.717621	      -58.904859	     +156.555684	       -1.923573	       +0.000000	       -2.626009	  -109456.849676	       -0.401919	       -0.000000	      +93.101243	      +93.101243
               8	              78	      +19.025700	      +23.434714	      -78.411227	     +221.675992	       -2.576866	       +0.000000	       -2.974682	   -43948.384352	       -0.390932	       -0.000000	     +137.713217	     +137.713217
               8	              79	      +19.025796	      +23.434810	      -76.236051	     +220.476678	       -2.563501	       +0.000000	       -2.967209	   -42908.136060	       -0.390931	       -0.000000	     +138.709917	     +138.709917
               8	              80	      +19.939298	      +24.348312	      -69.121870	     +228.501718	       -2.434498	       +0.000000	       -1.815154	  +211340.914339	       -0.377775	       -0.000000	     +155.130197	     +155.130197
               8	              81	      +19.940026	      +24.349040	      -68.337426	     +227.970557	       -2.431674	       +0.000000	       -1.801266	  +212121.760192	       -0.377765	       -0.000000	     +155.400191	     +155.400191
               8	              82	      +19.999129	      +24.408142	     -120.859054	     +239.116879	       -2.473975	       +0.000000	       -2.561970	   +65225.473575	       -0.376944	       -0.000000	     +113.221879	     +113.221879
               8	              83	      +20.005189	      +24.414203	     -119.695899	     +238.519921	       -2.469659	       +0.000000	       -2.553297	   +62219.053848	       -0.376860	       -0.000000	     +113.801066	     +113.801066
               8	              84	      +21.135556	      +25.544570	      +27.153039	     +190.263357	       -1.761148	       +0.000000	       -2.224151	   -22758.265188	       -0.361830	       -0.000000	     +213.431096	     +213.431096
               8	              85	      +21.153865	      +25.562878	      +28.694466	     +189.457512	       -1.758749	       +0.000000	       -2.218184	   -23963.916142	       -0.361596	       -0.000000	     +214.175045	     +214.175045
               8	              86	      +21.528363	      +25.937377	     -182.331592	     +268.226581	       -2.765536	       +0.000000	       -3.038568	   +32203.221883	       -0.356883	       -0.000000	      +80.090886	      +80.090886
               8	              87	      +21.532887	      +25.941901	     -183.940607	     +269.062864	       -2.770589	       +0.000000	       -3.035783	   +32966.560762	       -0.356827	       -0.000000	      +79.315885	      +79.315885
               8	              88	      +22.096341	      +26.505355	     -181.987812	     +268.470558	       -2.911738	       +0.000000	       -2.721594	   +45099.427917	       -0.349966	       -0.000000	      +80.849414	      +80.849414
               8	              89	      +22.098266	      +26.507279	     -180.878198	     +267.714152	       -2.905743	       +0.000000	       -2.711829	   +44754.405813	       -0.349943	       -0.000000	      +81.218381	      +81.218381
               8	              90	      +22.640343	      +27.049357	      -49.757334	     +198.856501	       -2.098280	       +0.000000	       -2.335874	   +12448.487221	       -0.343587	       -0.000000	     +144.665012	     +144.665012
               8	              91	      +22.645730	      +27.054743	      -48.345808	     +198.094474	       -2.088724	       +0.000000	       -2.347994	   +11573.367361	       -0.343525	       -0.000000	     +145.311949	     +145.311949
               8	              92	      +22.798636	      +27.207650	      -33.569022	     +227.556441	       -2.163905	       +0.000000	       -2.052651	   +95558.281086	       -0.341775	       -0.000000	     +189.770863	     +189.770863
               8	              93	      +22.799415	      +27.208429	      -37.483952	     +228.714425	       -2.183097	       +0.000000	       -2.053437	   +97037.158646	       -0.341766	       -0.000000	     +186.993940	     +186.993940
               8	              94	      +23.679972	      +28.088986	     -111.030333	     +215.027535	       -2.361021	       +0.000000	       -2.337023	   +28097.347111	       -0.332022	       -0.000000	      +99.299159	      +99.299159
               8	              95	      +23.683933	      +28.092947	     -108.967143	     +213.402378	       -2.349695	       +0.000000	       -2.352135	   +23944.662150	       -0.331979	       -0.000000	      +99.733405	      +99.733405
               8	              96	      +23.952070	      +28.361083	     -195.018922	     +278.216612	       -2.799320	       +0.000000	       -2.805264	   +40180.640653	       -0.329123	       -0.000000	      +77.593106	      +77.593106
               8	              97	      +23.979219	      +28.388233	     -194.945764	     +277.456104	       -2.799794	       +0.000000	       -2.817889	   +39507.639098	       -0.328836	       -0.000000	      +76.892657	      +76.892657
               8	              98	      +24.160320	      +28.569333	      -93.176149	     +237.391337	       -2.247850	       +0.000000	       -2.080842	   +37112.373555	       -0.326937	       -0.000000	     +139.886496	     +139.886496
               8	              99	      +24.160687	      +28.569701	      -93.051500	     +237.712778	       -2.250280	       +0.000000	       -2.067979	   +37334.431645	       -0.326934	       -0.000000	     +140.343019	     +140.343019

k-point 9:
               9	               0	      -65.468366	      -61.059353	     -633.764259	     +591.487309	      -39.338470	       -2.208900	       -5.045261	   +11381.333678	       +0.160593	       +0.000000	      -86.660682	      -86.660682
               9	               1	      -65.468363	      -61.059350	     -633.764284	     +591.487309	      -39.338470	       -2.208900	       -4.847881	   +11124.001938	       +0.160593	       +0.000000	      -86.463326	      -86.463326
               9	               2	      -42.219225	      -37.810211	     -603.725834	     +585.118201	      -33.224832	       -2.208900	       +2.362347	  -125707.307286	       +0.252537	       +0.000000	      -49.470118	      -49.470118
               9	               3	      -42.204416	      -37.795402	     -603.795232	     +584.789605	      -33.260201	       -2.208900	       +2.254837	  +111545.475876	       +0.252630	       +0.000000	      -50.010991	      -50.010991
               9	               4	      -39.715679	      -35.306665	     -600.320390	     +584.118475	      -32.557251	       -2.208900	       +3.175920	   -95493.132779	       +0.269130	       +0.000000	      -45.583246	      -45.583246
               9	               5	      -39.696202	      -35.287188	     -599.283256	     +582.617956	      -32.594414	       -2.208900	       +2.621799	  +114921.256216	       +0.269268	       +0.000000	      -46.637915	      -46.637915
               9	               6	      -39.570622	      -35.161608	     -596.446038	     +580.035112	      -32.581753	       -2.208900	       +1.148363	   +26697.178827	       +0.270158	       +0.000000	      -47.844316	      -47.844316
               9	               7	      -39.568904	      -35.159891	     -597.619708	     +581.135176	      -32.583785	       -2.208900	       +1.692535	   +37570.758038	       +0.270171	       +0.000000	      -47.375781	      -47.375781
               9	               8	      -17.545459	      -13.136445	     -390.672747	     +382.274073	      -21.765158	       -2.208900	       +5.796100	   +10162.875210	       +0.643600	       +0.000001	      -24.367732	      -24.367732
               9	               9	      -17.506052	      -13.097038	     -390.004148	     +381.604663	      -21.775365	       -2.208900	       +5.792908	    +9199.479092	       +0.645196	       +0.000001	      -24.381943	      -24.381943
               9	              10	      -17.368638	      -12.959625	     -378.869762	     +373.128766	      -21.741879	       -2.208900	       +5.950840	    +2641.325189	       +0.650823	       +0.000001	      -21.532035	      -21.532035
               9	              11	      -17.365581	      -12.956567	     -378.802563	     +373.037485	      -21.740315	       -2.208900	       +5.946446	    +1951.935241	       +0.650949	       +0.000001	      -21.558947	      -21.558947
               9	              12	      -10.630585	       -6.221572	     -399.456114	     +399.646919	      -17.284413	       -2.208900	       +3.792267	    +8200.467515	       +0.801643	       +0.000001	      -13.301341	      -12.576883
               9	              13	      -10.619144	       -6.210131	     -399.119013	     +399.303117	      -17.295070	       -2.208900	       +3.792344	    +8655.844515	       +0.801640	       +0.000001	      -13.318621	      -12.583758
               9	              14	      -10.254310	       -5.845296	     -401.624671	     +402.275083	      -17.554692	       -2.208900	       +3.497996	   +51045.627842	       +0.801597	       +0.000001	      -13.406284	      -12.585215
               9	              15	      -10.244388	       -5.835374	     -402.397284	     +403.042881	      -17.556556	       -2.208900	       +3.478847	   +48386.134743	       +0.801607	       +0.000001	      -13.432112	      -12.601996
               9	              16	       -9.147465	       -4.738451	     -379.299548	     +383.019268	      -17.499934	       -2.208900	       +3.155855	   +22398.334180	       +0.801646	       +0.000001	      -10.624359	      -10.236903
               9	              17	       -9.142129	       -4.733115	     -381.741848	     +385.569758	      -17.546018	       -2.208900	       +3.151536	   +19505.661828	       +0.801645	       +0.000001	      -10.566572	      -10.196040
               9	              18	       -8.577062	       -4.168048	     -384.051505	     +388.134407	      -17.385018	       -2.208900	       +2.868698	   +15382.183500	       +0.801616	       +0.000001	      -10.433417	       -9.986383
               9	              19	       -8.560046	       -4.151032	     -383.940841	     +387.971011	      -17.389007	       -2.208900	       +2.854640	   +17140.792434	       +0.801602	       +0.000001	      -10.504198	      -10.042115
               9	              20	       -7.703408	       -3.294394	     -380.050562	     +383.395784	      -16.268866	       -2.208900	       +2.320009	   +11202.491020	       +0.801634	       +0.000001	      -10.603634	       -9.847184
               9	              21	       -7.638031	       -3.229017	     -379.765463	     +383.165937	      -16.281372	       -2.208900	       +2.295139	    +6895.788446	       +0.801645	       +0.000001	      -10.585760	       -9.840561
               9	              22	       -7.117239	       -2.708226	     -327.172667	     +332.038698	      -16.896403	       -2.208900	       +2.554552	    +3671.119392	       +0.801639	       +0.000001	       -9.475820	       -8.877659
               9	              23	       -7.105359	       -2.696345	     -327.962668	     +332.796052	      -16.871583	       -2.208900	       +2.541318	    -1262.879793	       +0.801634	       +0.000001	       -9.496881	       -8.889979
               9	              24	       -5.867656	       -1.458642	     -472.027143	     +482.522087	      -16.915677	       -2.208900	       +0.866417	  -173374.760249	       +0.801430	       +0.000001	       -5.554316	       -5.627544
               9	              25	       -5.764843	       -1.355829	     -470.508591	     +480.923625	      -16.756751	       -2.208900	       +0.758472	  -154312.681212	       +0.801587	       +0.000001	       -5.583246	       -5.625397
               9	              26	       -3.108350	       +1.300664	     -474.674434	     +487.568921	      -12.678778	       +0.000000	       -4.014947	   +79830.478097	       -0.801631	       -0.000001	       -3.799237	       -3.703912
               9	              27	       -3.088701	       +1.320312	     -468.610089	     +481.519824	      -12.559875	       +0.000000	       -3.887412	   +86789.325284	       -0.801618	       -0.000001	       -3.537552	       -3.470254
               9	              28	       -2.527624	       +1.881390	     -506.411407	     +521.206218	      -12.809904	       +0.000000	       -4.123644	   +86798.510249	       -0.801557	       -0.000001	       -2.138737	       -2.197975
               9	              29	       -2.424766	       +1.984248	     -501.385152	     +516.161099	      -12.563716	       +0.000000	       -4.104640	   +94719.394135	       -0.801376	       -0.000001	       -1.892409	       -1.978801
               9	              30	       -2.018792	       +2.390222	     -407.038784	     +424.009469	      -10.763627	       +0.000000	       -3.934570	   -83921.299122	       -0.801545	       -0.000001	       +2.272488	       +1.228674
               9	              31	       -2.013997	       +2.395017	     -409.224639	     +426.239114	      -10.787586	       +0.000000	       -3.938067	   -93067.887374	       -0.801538	       -0.000001	       +2.288822	       +1.230853
               9	              32	       -0.900245	       +3.508769	     -428.873249	     +446.791606	      -10.840100	       +0.000000	       -4.342833	   -10307.512021	       -0.801362	       -0.000001	       +2.735424	       +2.842936
               9	              33	       -0.871182	       +3.537832	     -430.937547	     +448.869813	      -10.832253	       +0.000000	       -4.368713	   -16426.082283	       -0.801428	       -0.000001	       +2.731299	       +2.803749
               9	              34	       +1.945959	       +6.354972	     -332.577393	     +347.679351	       -6.608723	       +0.000000	       -4.540865	   +29998.389594	       -0.801588	       -0.000001	       +3.952370	       +3.427700
               9	              35	       +1.983576	       +6.392589	     -329.168781	     +344.399135	       -6.546186	       +0.000000	       -4.534135	   +38498.731139	       -0.801542	       -0.000001	       +4.150033	       +3.583486
               9	              36	       +3.821248	       +8.230262	     -318.763469	     +335.332115	       -5.710919	       +0.000000	       -4.657676	   +16523.521492	       -0.801645	       -0.000001	       +6.200051	       +5.835163
               9	              37	       +3.848374	       +8.257387	     -311.311890	     +327.613980	       -5.663311	       +0.000000	       -4.622970	    +3086.044424	       -0.801645	       -0.000001	       +6.015809	       +5.670780
               9	              38	       +3.878466	       +8.287479	     -313.562855	     +330.002625	       -5.688014	       +0.000000	       -4.621707	    +5901.311520	       -0.801637	       -0.000001	       +6.130049	       +5.700702
               9	              39	       +3.888878	       +8.297892	     -319.969880	     +336.687224	       -5.709995	       +0.000000	       -4.643437	   +15925.846837	       -0.801632	       -0.000001	       +6.363912	       +5.932545
               9	              40	       +4.941531	       +9.350544	     -299.342309	     +319.305480	       -5.496660	       +0.000000	       -4.110141	   -52314.647987	       -0.801592	       -0.000001	      +10.356370	       +9.093613
               9	              41	       +4.945480	       +9.354493	     -304.427940	     +324.293762	       -5.577773	       +0.000000	       -4.126113	   -54662.028546	       -0.801588	       -0.000001	      +10.161936	       +8.870747
               9	              42	       +5.062530	       +9.471544	     -246.679280	     +265.781926	       -5.118872	       +0.000000	       -4.433155	   -81673.250654	       -0.801403	       -0.000001	       +9.550620	       +7.599180
               9	              43	       +5.065575	       +9.474589	     -247.012495	     +266.128311	       -5.122424	       +0.000000	       -4.404799	   -79853.426753	       -0.801397	       -0.000001	       +9.588594	       +7.576923
               9	              44	       +5.970855	      +10.379869	     -308.756376	     +328.061152	       -6.020131	       +0.000000	       -4.229156	   +18228.830274	       -0.778239	       -0.000001	       +9.055489	       +8.514492
               9	              45	       +5.985585	      +10.394598	     -307.589772	     +326.907147	       -6.012081	       +0.000000	       -4.193134	   +21742.396603	       -0.777370	       -0.000001	       +9.112159	       +8.594921
               9	              46	       +7.712103	      +12.121117	     -209.816022	     +231.126021	       -4.143329	       +0.000000	       -4.540042	    -8055.215518	       -0.687403	       -0.000001	      +12.626628	      +12.626628
               9	              47	       +7.716249	      +12.125263	     -209.555168	     +230.915596	       -4.137211	       +0.000000	       -4.533725	   -12679.657188	       -0.687212	       -0.000001	      +12.689492	      +12.689492
               9	              48	       +8.225857	      +12.634871	     -288.150510	     +311.654158	       -5.095535	       +0.000000	       -4.263793	    +4931.678789	       -0.664519	       -0.000001	      +14.144320	      +14.144320
               9	              49	       +8.236303	      +12.645317	     -288.109114	     +311.683522	       -5.096320	       +0.000000	       -4.261020	    +3066.954539	       -0.664069	       -0.000001	      +14.217068	      +14.217068
               9	              50	       +9.059446	      +13.468459	     -228.976216	     +252.478061	       -4.347819	       +0.000000	       -4.466310	   +32626.788941	       -0.630463	       -0.000001	      +14.687715	      +14.687715
               9	              51	       +9.065216	      +13.474229	     -230.373801	     +253.879305	       -4.357780	       +0.000000	       -4.471100	   +34549.485700	       -0.630240	       -0.000001	      +14.676623	      +14.676623
               9	              52	       +9.639265	      +14.048278	     -233.590908	     +258.494858	       -4.733147	       +0.000000	       -4.553001	   -94559.965962	       -0.608763	       -0.000000	      +15.617801	      +15.617801
               9	              53	       +9.642212	      +14.051225	     -232.695856	     +257.509107	       -4.722598	       +0.000000	       -4.536280	   -99640.020650	       -0.608656	       -0.000000	      +15.554374	      +15.554374
               9	              54	      +10.407414	      +14.816427	     -194.148290	     +232.343607	       -3.738730	       +0.000000	       -3.529637	   -24815.191111	       -0.582214	       -0.000000	      +30.926950	      +30.926950
               9	              55	      +10.439783	      +14.848797	     -198.142295	     +236.083678	       -3.774013	       +0.000000	       -3.526465	   -26347.368464	       -0.581146	       -0.000000	      +30.640905	      +30.640905
               9	              56	      +11.974969	      +16.383983	     -168.261727	     +205.755469	       -3.277372	       +0.000000	       -3.535655	   -35496.022878	       -0.534633	       -0.000000	      +30.680716	      +30.680716
               9	              57	      +11.982246	      +16.391260	     -173.149100	     +210.307903	       -3.333137	       +0.000000	       -3.542755	   -43830.534333	       -0.534431	       -0.000000	      +30.282911	      +30.282911
               9	              58	      +13.134243	      +17.543257	     -123.459876	     +170.304586	       -2.928866	       +0.000000	       -3.363343	   -45878.496590	       -0.504163	       -0.000000	      +40.552501	      +40.552501
               9	              59	      +13.137581	      +17.546594	     -126.052739	     +172.516780	       -2.937332	       +0.000000	       -3.363443	   -48495.745511	       -0.504080	       -0.000000	      +40.163265	      +40.163265
               9	              60	      +13.174720	      +17.583734	     -211.896784	     +247.537522	       -3.296759	       +0.000000	       -3.742032	   -85899.361129	       -0.503161	       -0.000000	      +28.601948	      +28.601948
               9	              61	      +13.179388	      +17.588401	     -218.597604	     +253.354607	       -3.317938	       +0.000000	       -3.775641	   -87336.011706	       -0.503046	       -0.000000	      +27.663423	      +27.663423
               9	              62	      +14.314042	      +18.723056	     -162.366195	     +212.579084	       -3.421427	       +0.000000	       -3.579458	   +55986.678495	       -0.476523	       -0.000000	      +43.212004	      +43.212004
               9	              63	      +14.317398	      +18.726412	     -162.060469	     +212.365559	       -3.420165	       +0.000000	       -3.568902	   +56282.980402	       -0.476449	       -0.000000	      +43.316023	      +43.316023
               9	              64	      +14.782155	      +19.191168	     -180.779271	     +227.704902	       -3.194824	       +0.000000	       -3.523123	    +2960.970937	       -0.466378	       -0.000000	      +40.207683	      +40.207683
               9	              65	      +14.823564	      +19.232578	     -178.948306	     +225.991974	       -3.166095	       +0.000000	       -3.507422	     -244.231708	       -0.465502	       -0.000000	      +40.370150	      +40.370150
               9	              66	      +15.868750	      +20.277764	     -188.686737	     +272.132429	       -3.456964	       +0.000000	       -3.388174	   -25389.357506	       -0.444417	       -0.000000	      +76.600554	      +76.600554
               9	              67	      +15.902549	      +20.311563	     -191.821519	     +274.924317	       -3.486174	       +0.000000	       -3.393826	   -24640.536066	       -0.443767	       -0.000000	      +76.222798	      +76.222798
               9	              68	      +16.231173	      +20.640187	     -177.156584	     +224.263672	       -3.005457	       +0.000000	       -3.520365	   -29018.344176	       -0.437544	       -0.000000	      +40.581266	      +40.581266
               9	              69	      +16.237868	      +20.646882	     -175.161554	     +222.357148	       -2.992264	       +0.000000	       -3.504408	   -28795.541112	       -0.437419	       -0.000000	      +40.698922	      +40.698922
               9	              70	      +16.957432	      +21.366446	     -180.553504	     +229.804425	       -3.319529	       +0.000000	       -3.670511	   +81139.141815	       -0.424394	       -0.000000	      +42.260880	      +42.260880
               9	              71	      +16.962787	      +21.371800	     -183.860410	     +232.900422	       -3.347607	       +0.000000	       -3.676956	   +81363.086983	       -0.424300	       -0.000000	      +42.015450	      +42.015450
               9	              72	      +17.403842	      +21.812856	     -180.425878	     +247.373066	       -3.174834	       +0.000000	       -3.044003	   -40366.467405	       -0.416695	       -0.000000	      +60.728350	      +60.728350
               9	              73	      +17.455890	      +21.864904	     -179.004753	     +248.060445	       -3.155293	       +0.000000	       -3.094541	   -36517.171065	       -0.415816	       -0.000000	      +62.805858	      +62.805858
               9	              74	      +17.926375	      +22.335389	      -96.512043	     +234.694771	       -2.502938	       +0.000000	       -2.424449	   -41682.310884	       -0.408032	       -0.000000	     +133.255341	     +133.255341
               9	              75	      +17.928272	      +22.337285	      -92.299673	     +232.779620	       -2.480104	       +0.000000	       -2.424967	   -39150.174941	       -0.408001	       -0.000000	     +135.574875	     +135.574875
               9	              76	      +18.305844	      +22.714858	      -59.589787	     +156.965014	       -1.926166	       +0.000000	       -2.653700	   -42339.486771	       -0.401963	       -0.000000	      +92.795360	      +92.795360
               9	              77	      +18.308611	      +22.717625	      -58.905016	     +156.555639	       -1.923572	       +0.000000	       -2.654075	   -41900.884787	       -0.401919	       -0.000000	      +93.072976	      +93.072976
               9	              78	      +19.025700	      +23.434713	      -78.409621	     +221.675728	       -2.576859	       +0.000000	       -2.913922	    -2547.135029	       -0.390932	       -0.000000	     +137.775326	     +137.775326
               9	              79	      +19.025795	      +23.434809	      -76.234314	     +220.476353	       -2.563494	       +0.000000	       -2.902805	    -1235.513623	       -0.390931	       -0.000000	     +138.775740	     +138.775740
               9	              80	      +19.939293	      +24.348307	      -69.121994	     +228.501640	       -2.434497	       +0.000000	       -1.852363	   +86405.464581	       -0.377775	       -0.000000	     +155.092786	     +155.092786
               9	              81	      +19.940021	      +24.349035	      -68.337591	     +227.970494	       -2.431674	       +0.000000	       -1.839724	   +91781.684001	       -0.377765	       -0.000000	     +155.361505	     +155.361505
               9	              82	      +19.999146	      +24.408160	     -120.860058	     +239.117254	       -2.473980	       +0.000000	       -2.555634	   +44909.793564	       -0.376944	       -0.000000	     +113.227582	     +113.227582
               9	              83	      +20.005207	      +24.414220	     -119.696816	     +238.520265	       -2.469664	       +0.000000	       -2.545496	   +42515.998428	       -0.376860	       -0.000000	     +113.808289	     +113.808289
               9	              84	      +21.135551	      +25.544565	      +27.154195	     +190.262611	       -1.761147	       +0.000000	       -2.223554	    -4249.971941	       -0.361830	       -0.000000	     +213.432104	     +213.432104
               9	              85	      +21.153859	      +25.562873	      +28.695572	     +189.456789	       -1.758748	       +0.000000	       -2.214372	    -4521.958971	       -0.361596	       -0.000000	     +214.179241	     +214.179241
               9	              86	      +21.528329	      +25.937343	     -182.331172	     +268.226507	       -2.765539	       +0.000000	       -3.071497	   -15694.074699	       -0.356884	       -0.000000	      +80.058299	      +80.058299
               9	              87	      +21.532853	      +25.941867	     -183.940239	     +269.062818	       -2.770593	       +0.000000	       -3.076497	   -15123.622264	       -0.356828	       -0.000000	      +79.275489	      +79.275489
               9	              88	      +22.096328	      +26.505342	     -181.990468	     +268.471965	       -2.911752	       +0.000000	       -2.696234	   +59009.905543	       -0.349966	       -0.000000	      +80.873511	      +80.873511
               9	              89	      +22.098253	      +26.507267	     -180.880898	     +267.715564	       -2.905756	       +0.000000	       -2.691578	   +62651.789176	       -0.349943	       -0.000000	      +81.237332	      +81.237332
               9	              90	      +22.640336	      +27.049350	      -49.758313	     +198.857093	       -2.098283	       +0.000000	       -2.354500	   +42723.375978	       -0.343587	       -0.000000	     +144.645997	     +144.645997
               9	              91	      +22.645723	      +27.054737	      -48.346785	     +198.095069	       -2.088726	       +0.000000	       -2.353394	   +42006.245143	       -0.343525	       -0.000000	     +145.306165	     +145.306165
               9	              92	      +22.798622	      +27.207636	      -33.566509	     +227.554951	       -2.163890	       +0.000000	       -2.091158	   +62996.207576	       -0.341775	       -0.000000	     +189.733394	     +189.733394
               9	              93	      +22.799400	      +27.208413	      -37.481449	     +228.712943	       -2.183083	       +0.000000	       -2.091847	   +62099.920849	       -0.341766	       -0.000000	     +186.956565	     +186.956565
               9	              94	      +23.679958	      +28.088972	     -111.032116	     +215.028261	       -2.361029	       +0.000000	       -2.256874	   -33294.560026	       -0.332022	       -0.000000	      +99.378242	      +99.378242
               9	              95	      +23.683919	      +28.092933	     -108.969203	     +213.403302	       -2.349705	       +0.000000	       -2.264663	   -34810.053593	       -0.331980	       -0.000000	      +99.819731	      +99.819731
               9	              96	      +23.952064	      +28.361077	     -195.021228	     +278.217735	       -2.799332	       +0.000000	       -2.883461	   +29009.648867	       -0.329123	       -0.000000	      +77.513713	      +77.513713
               9	              97	      +23.979212	      +28.388225	     -194.948030	     +277.457207	       -2.799805	       +0.000000	       -2.897765	   +26939.558356	       -0.328836	       -0.000000	      +76.811607	      +76.811607
               9	              98	      +24.160332	      +28.569346	      -93.172244	     +237.389480	       -2.247835	       +0.000000	       -2.112219	   -15347.910008	       -0.326937	       -0.000000	     +139.857182	     +139.857182
               9	              99	      +24.160700	      +28.569713	      -93.047649	     +237.710900	       -2.250265	       +0.000000	       -2.094403	   -15102.483271	       -0.326933	       -0.000000	     +140.318583	     +140.318583

k-point 10:
              10	               0	      -65.453770	      -61.044756	     -633.647269	     +591.620025	      -39.342203	       -2.208900	       -5.017685	   +62619.038346	       +0.160629	       +0.000000	      -86.387132	      -86.387132
              10	               1	      -65.453768	      -61.044754	     -633.647280	     +591.620025	      -39.342203	       -2.208900	       -5.153086	   +61942.611320	       +0.160629	       +0.000000	      -86.522543	      -86.522543
              10	               2	      -42.170481	      -37.761467	     -603.632484	     +584.882669	      -33.226702	       -2.208900	       +2.616047	   -64839.491387	       +0.252841	       +0.000000	      -49.360470	      -49.360470
              10	               3	      -42.163240	      -37.754227	     -603.663195	     +584.628414	      -33.245132	       -2.208900	       +2.580031	   +27817.639030	       +0.252886	       +0.000000	      -49.699884	      -49.699884
              10	               4	      -39.636360	      -35.227347	     -597.358353	     +580.804375	      -32.574104	       -2.208900	       +2.174512	   +20151.029844	       +0.269691	       +0.000000	      -46.953570	      -46.953570
              10	               5	      -39.634236	      -35.225222	     -596.521526	     +579.888761	      -32.579221	       -2.208900	       +1.865321	   +50042.769230	       +0.269706	       +0.000000	      -47.346664	      -47.346664
              10	               6	      -39.534291	      -35.125277	     -600.018943	     +583.775431	      -32.565680	       -2.208900	       +3.001897	   -26168.940771	       +0.270417	       +0.000000	      -45.807295	      -45.807295
              10	               7	      -39.525881	      -35.116867	     -600.921987	     +584.355822	      -32.581272	       -2.208900	       +3.283830	   +32790.550283	       +0.270477	       +0.000000	      -45.863607	      -45.863607
              10	               8	      -18.334010	      -13.924997	     -388.393305	     +379.442533	      -21.700151	       -2.208900	       +5.810813	   +37263.393116	       +0.613251	       +0.000000	      -24.840110	      -24.840110
              10	               9	      -18.318231	      -13.909217	     -388.100304	     +379.126394	      -21.702405	       -2.208900	       +5.818078	   +37668.350324	       +0.613830	       +0.000000	      -24.858237	      -24.858237
              10	              10	      -17.722536	      -13.313522	     -368.979281	     +361.719076	      -21.640786	       -2.208900	       +5.854732	   -10836.896691	       +0.636526	       +0.000001	      -23.046260	      -23.046260
              10	              11	      -17.721166	      -13.312152	     -368.936137	     +361.664874	      -21.640048	       -2.208900	       +5.851344	   -11893.998716	       +0.636581	       +0.000001	      -23.059967	      -23.059967
              10	              12	      -10.245735	       -5.836721	     -417.039948	     +418.350707	      -17.686948	       -2.208900	       +3.517910	   +13897.108627	       +0.801605	       +0.000001	      -12.858278	      -12.147527
              10	              13	      -10.220717	       -5.811704	     -418.160250	     +419.596842	      -17.715964	       -2.208900	       +3.510372	   +10744.692068	       +0.801624	       +0.000001	      -12.769001	      -12.072745
              10	              14	       -9.056407	       -4.647394	     -390.681153	     +396.976833	      -16.905970	       -2.208900	       +3.024632	   -73873.717466	       +0.801598	       +0.000001	       -7.585658	       -7.944349
              10	              15	       -9.046129	       -4.637115	     -391.941032	     +398.379955	      -16.955199	       -2.208900	       +3.021365	   -70244.278582	       +0.801588	       +0.000001	       -7.494912	       -7.876499
              10	              16	       -9.017569	       -4.608556	     -400.332503	     +404.041933	      -17.331217	       -2.208900	       +2.853053	   +32245.234456	       +0.801552	       +0.000001	      -10.768733	      -10.348966
              10	              17	       -8.988062	       -4.579048	     -398.935004	     +402.719355	      -17.258330	       -2.208900	       +2.834361	   +23785.024895	       +0.801507	       +0.000001	      -10.639618	      -10.243461
              10	              18	       -8.542474	       -4.133460	     -404.745108	     +412.067409	      -17.651237	       -2.208900	       +2.603600	   +49731.073899	       +0.801584	       +0.000001	       -7.725336	       -7.913593
              10	              19	       -8.516204	       -4.107190	     -402.412923	     +409.744647	      -17.596816	       -2.208900	       +2.599412	   +47994.737895	       +0.801551	       +0.000001	       -7.665680	       -7.858436
              10	              20	       -7.289162	       -2.880149	     -420.607839	     +425.797846	      -16.958319	       -2.208900	       +2.078748	   +87447.791506	       +0.801558	       +0.000001	       -9.689563	       -9.076629
              10	              21	       -7.213013	       -2.803999	     -419.748050	     +424.946521	      -16.934284	       -2.208900	       +2.057879	   +93663.661468	       +0.801629	       +0.000001	       -9.677934	       -9.072285
              10	              22	       -6.417986	       -2.008972	     -324.041691	     +328.940842	      -16.408203	       -2.208900	       +2.348730	   +79217.649155	       +0.801362	       +0.000001	       -9.160322	       -8.465014
              10	              23	       -6.383177	       -1.974164	     -322.396771	     +327.222939	      -16.351863	       -2.208900	       +2.338683	   +82300.739617	       +0.801398	       +0.000001	       -9.187011	       -8.477105
              10	              24	       -6.168057	       -1.759043	     -460.889228	     +468.733545	      -17.438214	       -2.208900	       +1.023798	  -142955.977908	       +0.801645	       +0.000001	       -8.570099	       -8.035970
              10	              25	       -6.099043	       -1.690029	     -463.645887	     +471.601010	      -17.378900	       -2.208900	       +0.937166	  -135877.170287	       +0.801631	       +0.000001	       -8.486610	       -7.957380
              10	              26	       -3.445813	       +0.963201	     -417.622214	     +429.285352	      -11.351077	       +0.000000	       -3.121567	  +166464.210949	       -0.801421	       -0.000001	       -2.809506	       -2.956395
              10	              27	       -3.384031	       +1.024983	     -416.263679	     +428.145810	      -11.212784	       +0.000000	       -3.223803	  +192411.717316	       -0.801400	       -0.000001	       -2.554455	       -2.743901
              10	              28	       -2.847929	       +1.561085	     -459.845525	     +472.803553	      -12.219481	       +0.000000	       -3.946735	    -5208.001086	       -0.801475	       -0.000001	       -3.208189	       -3.133642
              10	              29	       -2.831975	       +1.577039	     -457.404862	     +470.559781	      -12.133006	       +0.000000	       -3.982498	   +27330.960094	       -0.801504	       -0.000001	       -2.960585	       -2.934161
              10	              30	       -2.645257	       +1.763757	     -439.104861	     +453.001000	      -11.227986	       +0.000000	       -3.770970	   -97208.521622	       -0.801644	       -0.000001	       -1.102817	       -1.467246
              10	              31	       -2.592549	       +1.816465	     -438.231206	     +452.210380	      -11.148692	       +0.000000	       -3.792178	  -103228.887360	       -0.801621	       -0.000001	       -0.961696	       -1.349412
              10	              32	       -1.170746	       +3.238267	     -415.056254	     +429.539104	      -11.193173	       +0.000000	       -4.236176	   -69606.891586	       -0.801646	       -0.000001	       -0.946499	       -0.977604
              10	              33	       -1.137569	       +3.271445	     -414.829839	     +429.412737	      -11.155084	       +0.000000	       -4.235571	   -68267.192846	       -0.801642	       -0.000001	       -0.807756	       -0.848823
              10	              34	       +3.626558	       +8.035571	     -359.151617	     +373.837523	       -6.727163	       +0.000000	       -5.323546	    -6240.706964	       -0.801423	       -0.000001	       +2.635198	       +2.804195
              10	              35	       +3.659790	       +8.068804	     -357.964320	     +372.622911	       -6.715158	       +0.000000	       -5.315100	    +6056.010943	       -0.801489	       -0.000001	       +2.628333	       +2.809730
              10	              36	       +4.108825	       +8.517839	     -275.080990	     +292.528701	       -4.946187	       +0.000000	       -4.349068	    +5390.835525	       -0.801383	       -0.000001	       +8.152456	       +7.163224
              10	              37	       +4.114094	       +8.523108	     -275.692340	     +293.125040	       -4.946267	       +0.000000	       -4.359929	    +5926.316756	       -0.801396	       -0.000001	       +8.126504	       +7.082537
              10	              38	       +4.242546	       +8.651559	     -227.779262	     +246.971224	       -4.679523	       +0.000000	       -3.917159	   -73782.854833	       -0.801602	       -0.000001	      +10.595280	     +377.361225
              10	              39	       +4.333528	       +8.742542	     -222.568307	     +242.038417	       -4.659114	       +0.000000	       -3.791767	   -76624.485967	       -0.801646	       -0.000001	      +11.019229	      +42.890868
              10	              40	       +4.972503	       +9.381517	     -359.291154	     +378.070670	       -6.453318	       +0.000000	       -4.967087	   -68722.606300	       -0.801557	       -0.000001	       +7.359110	       +7.036499
              10	              41	       +4.977818	       +9.386832	     -352.941760	     +371.951598	       -6.398865	       +0.000000	       -4.962565	   -67598.883657	       -0.801550	       -0.000001	       +7.648408	       +7.240318
              10	              42	       +5.116611	       +9.525625	     -227.555375	     +247.250543	       -4.476672	       +0.000000	       -4.473125	   +44324.249837	       -0.801401	       -0.000001	      +10.745371	       +8.605897
              10	              43	       +5.119130	       +9.528144	     -223.109035	     +242.861541	       -4.417988	       +0.000000	       -4.456700	   +44669.045318	       -0.801407	       -0.000001	      +10.877818	       +8.603188
              10	              44	       +6.377226	      +10.786239	     -351.321453	     +371.227958	       -6.222258	       +0.000000	       -1.632742	  -143071.309062	       -0.754956	       -0.000001	      +12.051505	      +12.051505
              10	              45	       +6.460976	      +10.869990	     -346.516241	     +366.608382	       -6.256530	       +0.000000	       -1.526851	  -166591.060076	       -0.750330	       -0.000001	      +12.308760	      +12.308760
              10	              46	       +6.974872	      +11.383886	     -272.098286	     +294.303212	       -5.312169	       +0.000000	       -5.093609	   -39856.585375	       -0.723140	       -0.000001	      +11.799147	      +11.799147
              10	              47	       +7.009344	      +11.418357	     -272.046812	     +294.039569	       -5.394822	       +0.000000	       -5.302231	   -39553.560310	       -0.721386	       -0.000001	      +11.295705	      +11.295705
              10	              48	       +7.026518	      +11.435532	     -275.726898	     +298.181277	       -5.247675	       +0.000000	       -4.800547	   -42311.112337	       -0.720515	       -0.000001	      +12.406157	      +12.406157
              10	              49	       +7.073719	      +11.482733	     -278.096945	     +300.876447	       -5.148957	       +0.000000	       -4.705677	   -25989.301871	       -0.718134	       -0.000001	      +12.924868	      +12.924868
              10	              50	       +7.846986	      +12.256000	     -182.775103	     +211.212786	       -3.989568	       +0.000000	       -3.815964	   -81648.758478	       -0.681244	       -0.000001	      +20.632151	      +20.632151
              10	              51	       +7.849614	      +12.258628	     -182.832709	     +211.283547	       -3.990885	       +0.000000	       -3.797366	   -79331.304696	       -0.681125	       -0.000001	      +20.662587	      +20.662587
              10	              52	       +9.209836	      +13.618849	     -262.871949	     +295.480661	       -4.721538	       +0.000000	       -4.453850	   -11774.174508	       -0.624688	       -0.000001	      +23.433323	      +23.433323
              10	              53	       +9.248774	      +13.657788	     -271.067623	     +302.668039	       -4.789082	       +0.000000	       -4.477729	   -12824.662447	       -0.623209	       -0.000001	      +22.333605	      +22.333605
              10	              54	       +9.762895	      +14.171908	     -290.190001	     +312.680407	       -5.269776	       +0.000000	       -4.692945	   -85522.013025	       -0.604328	       -0.000000	      +12.527684	      +12.527684
              10	              55	       +9.769431	      +14.178445	     -289.714338	     +312.241223	       -5.261323	       +0.000000	       -4.675297	   -96640.286613	       -0.604095	       -0.000000	      +12.590265	      +12.590265
              10	              56	      +10.615497	      +15.024511	     -239.378351	     +279.090728	       -4.338125	       +0.000000	       -3.810178	   -24774.286921	       -0.575416	       -0.000000	      +31.564074	      +31.564074
              10	              57	      +10.660545	      +15.069559	     -232.170507	     +273.701662	       -4.293785	       +0.000000	       -3.739584	   -17962.625769	       -0.573965	       -0.000000	      +33.497785	      +33.497785
              10	              58	      +12.076228	      +16.485242	     -279.626304	     +310.067740	       -4.836140	       +0.000000	       -5.116947	   -62015.939408	       -0.531826	       -0.000000	      +20.488348	      +20.488348
              10	              59	      +12.097790	      +16.506804	     -278.954978	     +309.568064	       -4.836980	       +0.000000	       -5.101287	   -63815.295527	       -0.531232	       -0.000000	      +20.674820	      +20.674820
              10	              60	      +14.435838	      +18.844852	      -78.596863	     +213.728493	       -2.594132	       +0.000000	       -2.989425	    +6826.727801	       -0.473841	       -0.000000	     +129.548074	     +129.548074
              10	              61	      +14.441038	      +18.850052	      -71.558518	     +210.645673	       -2.557833	       +0.000000	       -2.961412	    +8602.881788	       -0.473727	       -0.000000	     +133.567910	     +133.567910
              10	              62	      +15.090692	      +19.499705	     -147.732346	     +194.895235	       -2.497851	       +0.000000	       -3.354095	   -98966.472644	       -0.459925	       -0.000000	      +41.310943	      +41.310943
              10	              63	      +15.093921	      +19.502935	     -143.648242	     +193.088552	       -2.470413	       +0.000000	       -3.332497	   -94847.412275	       -0.459858	       -0.000000	      +43.637399	      +43.637399
              10	              64	      +15.220725	      +19.629739	      -75.244443	     +171.095609	       -2.336996	       +0.000000	       -2.941602	   +11817.046933	       -0.457258	       -0.000000	      +90.572568	      +90.572568
              10	              65	      +15.223438	      +19.632451	      -75.506266	     +171.048318	       -2.336031	       +0.000000	       -2.938606	   +11950.735128	       -0.457203	       -0.000000	      +90.267415	      +90.267415
              10	              66	      +15.554058	      +19.963072	     -105.240399	     +175.745790	       -2.520654	       +0.000000	       -2.988557	     +467.835673	       -0.450561	       -0.000000	      +64.996180	      +64.996180
              10	              67	      +15.554321	      +19.963335	     -104.664285	     +175.065696	       -2.514455	       +0.000000	       -2.981419	    -1310.280714	       -0.450556	       -0.000000	      +64.905538	      +64.905538
              10	              68	      +15.934143	      +20.343157	     -200.835596	     +255.737760	       -3.453206	       +0.000000	       -2.697932	   -11147.160720	       -0.443161	       -0.000000	      +48.751025	      +48.751025
              10	              69	      +15.970723	      +20.379737	     -200.854784	     +255.380165	       -3.442873	       +0.000000	       -2.756287	   -12857.636788	       -0.442461	       -0.000000	      +48.326221	      +48.326221
              10	              70	      +16.783729	      +21.192742	     -118.536554	     +159.100747	       -2.127576	       +0.000000	       -2.809835	   +28144.210956	       -0.427466	       -0.000000	      +35.626782	      +35.626782
              10	              71	      +16.785562	      +21.194576	     -119.325022	     +159.532640	       -2.128397	       +0.000000	       -2.810943	   +28376.725759	       -0.427434	       -0.000000	      +35.268278	      +35.268278
              10	              72	      +16.917464	      +21.326478	      +36.093029	     +136.449728	       -1.991122	       +0.000000	       -2.536314	    -8337.902603	       -0.425097	       -0.000000	     +168.015322	     +168.015322
              10	              73	      +16.921490	      +21.330504	      +40.388420	     +135.851108	       -1.971450	       +0.000000	       -2.510278	    -9420.337119	       -0.425026	       -0.000000	     +171.757799	     +171.757799
              10	              74	      +17.693825	      +22.102839	     -150.526538	     +256.667804	       -2.738177	       +0.000000	       -3.249519	   -15428.080590	       -0.411843	       -0.000000	     +100.153570	     +100.153570
              10	              75	      +17.743617	      +22.152631	     -164.904272	     +263.742912	       -2.812022	       +0.000000	       -3.298343	   -17106.786427	       -0.411021	       -0.000000	      +92.728275	      +92.728275
              10	              76	      +18.030567	      +22.439581	      -92.378387	     +200.113980	       -2.395518	       +0.000000	       -3.027987	    +6230.236528	       -0.406347	       -0.000000	     +102.312088	     +102.312088
              10	              77	      +18.035051	      +22.444065	      -92.605477	     +200.284227	       -2.394622	       +0.000000	       -3.036660	    +5018.872829	       -0.406275	       -0.000000	     +102.247469	     +102.247469
              10	              78	      +19.504283	      +23.913297	     -247.680520	     +288.341420	       -3.191369	       +0.000000	       -3.485512	   +21333.522986	       -0.383927	       -0.000000	      +33.984019	      +33.984019
              10	              79	      +19.513777	      +23.922790	     -252.005887	     +289.592100	       -3.195586	       +0.000000	       -3.549707	   +14456.636752	       -0.383791	       -0.000000	      +30.840919	      +30.840919
              10	              80	      +19.632764	      +24.041778	     -229.682242	     +278.010721	       -2.963712	       +0.000000	       -3.006382	    -6302.126463	       -0.382090	       -0.000000	      +42.358384	      +42.358384
              10	              81	      +19.640344	      +24.049358	     -223.368186	     +274.220018	       -2.936606	       +0.000000	       -3.014109	    -5975.866672	       -0.381982	       -0.000000	      +44.901116	      +44.901116
              10	              82	      +19.713689	      +24.122702	     -201.013373	     +283.776227	       -3.081499	       +0.000000	       -1.899426	  +125131.150235	       -0.380941	       -0.000000	      +77.781930	      +77.781930
              10	              83	      +19.760134	      +24.169148	     -203.937955	     +287.074147	       -3.113846	       +0.000000	       -1.807834	  +129715.564073	       -0.380285	       -0.000000	      +78.214513	      +78.214513
              10	              84	      +21.307646	      +25.716660	     -202.976307	     +267.135792	       -2.849255	       +0.000000	       -2.171123	   -44385.086577	       -0.359646	       -0.000000	      +59.139106	      +59.139106
              10	              85	      +21.392890	      +25.801904	     -208.403115	     +275.632176	       -2.904066	       +0.000000	       -2.307672	   -45506.946339	       -0.358574	       -0.000000	      +62.017323	      +62.017323
              10	              86	      +21.447627	      +25.856640	      -97.642520	     +170.604822	       -2.184787	       +0.000000	       -2.356862	   -49910.982561	       -0.357889	       -0.000000	      +68.420653	      +68.420653
              10	              87	      +21.468243	      +25.877257	     -107.568291	     +181.445841	       -2.259966	       +0.000000	       -2.363603	   -47425.227532	       -0.357632	       -0.000000	      +69.253981	      +69.253981
              10	              88	      +22.135011	      +26.544025	      +20.904860	     +155.671590	       -1.721865	       +0.000000	       -2.220532	   +17319.900317	       -0.349505	       -0.000000	     +172.634053	     +172.634053
              10	              89	      +22.137843	      +26.546857	      +21.167088	     +155.172720	       -1.718286	       +0.000000	       -2.202381	   +17734.416198	       -0.349471	       -0.000000	     +172.419140	     +172.419140
              10	              90	      +22.483378	      +26.892392	     -120.275801	     +209.390426	       -2.278783	       +0.000000	       -2.893289	   -24559.213100	       -0.345404	       -0.000000	      +83.942553	      +83.942553
              10	              91	      +22.486114	      +26.895128	     -123.267294	     +211.512498	       -2.294703	       +0.000000	       -2.920239	   -26538.265136	       -0.345372	       -0.000000	      +83.030262	      +83.030262
              10	              92	      +23.579833	      +27.988847	     -246.665892	     +299.128304	       -2.940605	       +0.000000	       -2.990573	   -53495.238135	       -0.333102	       -0.000000	      +46.531235	      +46.531235
              10	              93	      +23.587966	      +27.996980	     -249.832600	     +302.069296	       -2.973236	       +0.000000	       -2.980971	   -54859.708636	       -0.333014	       -0.000000	      +46.282490	      +46.282490
              10	              94	      +23.734400	      +28.143414	     -210.419368	     +268.484832	       -2.741200	       +0.000000	       -2.919741	   +29012.379059	       -0.331438	       -0.000000	      +52.404524	      +52.404524
              10	              95	      +23.740290	      +28.149303	     -211.500231	     +269.365314	       -2.746518	       +0.000000	       -2.906199	   +28996.797835	       -0.331375	       -0.000000	      +52.212365	      +52.212365
              10	              96	      +24.301640	      +28.710653	      -43.794938	     +191.477608	       -2.017407	       +0.000000	       -2.376096	    -6154.772492	       -0.325471	       -0.000000	     +143.289167	     +143.289167
              10	              97	      +24.324380	      +28.733393	      -35.510411	     +188.167942	       -2.003033	       +0.000000	       -2.323644	    -2451.091093	       -0.325236	       -0.000000	     +148.330855	     +148.330855
              10	              98	      +24.372062	      +28.781076	     -122.058274	     +218.970769	       -2.180391	       +0.000000	       -2.531993	     +612.392524	       -0.324745	       -0.000000	      +92.200112	      +92.200112
              10	              99	      +24.374801	      +28.783814	     -125.137144	     +219.801284	       -2.189224	       +0.000000	       -2.557438	    +1444.031301	       -0.324717	       -0.000000	      +89.917478	      +89.917478

k-point 11:
              11	               0	      -65.465980	      -61.056966	     -633.576818	     +591.585116	      -39.351765	       -2.208900	       -7.247554	   +74429.205212	       +0.160599	       +0.000000	      -88.591020	      -88.591020
              11	               1	      -65.465980	      -61.056966	     -633.576818	     +591.585116	      -39.351765	       -2.208900	       -7.248032	   +74384.585220	       +0.160599	       +0.000000	      -88.591499	      -88.591499
              11	               2	      -42.126171	      -37.717157	     -603.504547	     +584.289566	      -33.231290	       -2.208900	       +1.997076	   -22220.224940	       +0.253117	       +0.000000	      -50.449194	      -50.449194
              11	               3	      -42.126171	      -37.717157	     -603.504547	     +584.289566	      -33.231290	       -2.208900	       +1.995825	   -22321.035166	       +0.253117	       +0.000000	      -50.450445	      -50.450445
              11	               4	      -39.593525	      -35.184512	     -594.607890	     +577.576487	      -32.582261	       -2.208900	       +0.235023	   +48370.086356	       +0.269995	       +0.000000	      -49.378641	      -49.378641
              11	               5	      -39.593525	      -35.184512	     -594.607891	     +577.576487	      -32.582261	       -2.208900	       +0.232027	   +50245.394085	       +0.269995	       +0.000000	      -49.381639	      -49.381639
              11	               6	      -39.464894	      -35.055880	     -603.459753	     +586.749628	      -32.565757	       -2.208900	       +4.278047	    -7412.625228	       +0.270913	       +0.000000	      -44.997836	      -44.997836
              11	               7	      -39.464894	      -35.055880	     -603.459755	     +586.749628	      -32.565757	       -2.208900	       +4.272101	    -5580.660243	       +0.270913	       +0.000000	      -45.003783	      -45.003783
              11	               8	      -18.989633	      -14.580619	     -388.829343	     +381.047234	      -21.679672	       -2.208900	       +5.825387	   +41076.737217	       +0.590114	       +0.000000	      -23.636394	      -23.636394
              11	               9	      -18.989633	      -14.580619	     -388.829342	     +381.047234	      -21.679672	       -2.208900	       +5.825084	   +40884.382292	       +0.590114	       +0.000000	      -23.636697	      -23.636697
              11	              10	      -18.014211	      -13.605198	     -361.044875	     +354.470551	      -21.564625	       -2.208900	       +5.649550	    -2554.411514	       +0.625207	       +0.000001	      -22.489400	      -22.489400
              11	              11	      -18.014211	      -13.605198	     -361.044875	     +354.470551	      -21.564625	       -2.208900	       +5.649740	    -2570.635687	       +0.625207	       +0.000001	      -22.489210	      -22.489210
              11	              12	      -10.482477	       -6.073464	     -393.572504	     +394.051874	      -17.435741	       -2.208900	       +3.590777	  -132749.444088	       +0.801498	       +0.000001	      -13.365593	      -12.448975
              11	              13	      -10.482477	       -6.073464	     -393.572505	     +394.051874	      -17.435741	       -2.208900	       +3.590564	  -133088.753334	       +0.801498	       +0.000001	      -13.365808	      -12.449017
              11	              14	       -8.606805	       -4.197791	     -456.924091	     +462.251285	      -17.601058	       -2.208900	       +2.776679	   -27944.546308	       +0.801635	       +0.000001	       -9.497185	       -9.277200
              11	              15	       -8.606805	       -4.197791	     -456.924079	     +462.251285	      -17.601058	       -2.208900	       +2.776736	   -27468.714700	       +0.801635	       +0.000001	       -9.497117	       -9.277158
              11	              16	       -8.256205	       -3.847191	     -387.404242	     +394.882662	      -17.195645	       -2.208900	       +2.493921	   -33823.077483	       +0.801596	       +0.000001	       -7.223304	       -7.453446
              11	              17	       -8.256205	       -3.847191	     -387.404238	     +394.882662	      -17.195645	       -2.208900	       +2.493738	   -34845.229845	       +0.801596	       +0.000001	       -7.223482	       -7.453448
              11	              18	       -7.436883	       -3.027869	     -471.462841	     +478.358018	      -17.949662	       -2.208900	       +2.260590	   +12122.000369	       +0.801407	       +0.000001	       -8.793895	       -8.465102
              11	              19	       -7.436883	       -3.027869	     -471.462820	     +478.358018	      -17.949662	       -2.208900	       +2.260723	   +13455.588551	       +0.801407	       +0.000001	       -8.793741	       -8.464920
              11	              20	       -7.317435	       -2.908421	     -447.544541	     +453.087852	      -17.791953	       -2.208900	       +1.922486	   +70157.524915	       +0.801518	       +0.000001	      -10.326156	       -9.649617
              11	              21	       -7.317435	       -2.908421	     -447.544542	     +453.087852	      -17.791953	       -2.208900	       +1.922482	   +69751.222369	       +0.801518	       +0.000001	      -10.326160	       -9.649352
              11	              22	       -6.409754	       -2.000741	     -324.200447	     +330.897493	      -16.024818	       -2.208900	       +2.249660	  +150734.131868	       +0.801342	       +0.000001	       -7.078113	       -6.910658
              11	              23	       -6.409754	       -2.000741	     -324.200451	     +330.897493	      -16.024818	       -2.208900	       +2.249767	  +152145.225657	       +0.801342	       +0.000001	       -7.078010	       -6.910586
              11	              24	       -5.682858	       -1.273844	     -422.236321	     +427.802395	      -16.941500	       -2.208900	       +0.532479	  +112297.112521	       +0.801642	       +0.000001	      -10.842947	       -9.785238
              11	              25	       -5.682858	       -1.273844	     -422.236332	     +427.802395	      -16.941500	       -2.208900	       +0.532400	  +113286.671563	       +0.801642	       +0.000001	      -10.843037	       -9.785256
              11	              26	       -3.039476	       +1.369537	     -397.078221	     +410.341833	      -11.000966	       +0.000000	       -3.438903	   -78265.558448	       -0.801571	       -0.000001	       -1.176258	       -1.610676
              11	              27	       -3.039476	       +1.369538	     -397.078213	     +410.341833	      -11.000966	       +0.000000	       -3.439304	   -80274.917342	       -0.801571	       -0.000001	       -1.176651	       -1.611030
              11	              28	       -2.737514	       +1.671500	     -416.376847	     +427.210027	      -11.430434	       +0.000000	       -3.317398	   +48089.757578	       -0.801619	       -0.000001	       -3.914652	       -3.631525
              11	              29	       -2.737514	       +1.671500	     -416.376958	     +427.210027	      -11.430434	       +0.000000	       -3.318090	   +45185.356866	       -0.801619	       -0.000001	       -3.915455	       -3.632112
              11	              30	       -2.697310	       +1.711704	     -424.566755	     +436.029178	      -11.304099	       +0.000000	       -3.472958	   +34938.041163	       -0.801640	       -0.000001	       -3.314634	       -3.167699
              11	              31	       -2.697310	       +1.711704	     -424.566882	     +436.029178	      -11.304099	       +0.000000	       -3.473092	   +33196.997854	       -0.801640	       -0.000001	       -3.314894	       -3.167901
              11	              32	       -1.968022	       +2.440992	     -412.806375	     +427.453508	      -11.226738	       +0.000000	       -3.735010	  -187117.304055	       -0.801463	       -0.000001	       -0.314616	       -0.727759
              11	              33	       -1.968022	       +2.440992	     -412.806383	     +427.453508	      -11.226738	       +0.000000	       -3.734827	  -186874.259880	       -0.801463	       -0.000001	       -0.314440	       -0.727687
              11	              34	       +2.575040	       +6.984054	     -399.484182	     +412.571529	       -6.360192	       +0.000000	       -4.657789	   -36589.630877	       -0.801376	       -0.000001	       +2.069366	       +2.196164
              11	              35	       +2.575040	       +6.984054	     -399.484180	     +412.571529	       -6.360192	       +0.000000	       -4.657477	   -36333.620214	       -0.801376	       -0.000001	       +2.069680	       +2.196271
              11	              36	       +4.137787	       +8.546800	     -263.658682	     +281.447723	       -5.188331	       +0.000000	       -4.427477	  +107416.360637	       -0.801447	       -0.000001	       +8.173233	      +12.675275
              11	              37	       +4.137787	       +8.546800	     -263.658690	     +281.447723	       -5.188331	       +0.000000	       -4.427330	  +107534.906744	       -0.801447	       -0.000001	       +8.173372	      +12.679387
              11	              38	       +4.498559	       +8.907573	     -234.183079	     +253.366565	       -4.651972	       +0.000000	       -4.296840	   +27057.122769	       -0.801520	       -0.000001	      +10.234673	       +9.254286
              11	              39	       +4.498559	       +8.907573	     -234.183076	     +253.366565	       -4.651972	       +0.000000	       -4.295714	   +26893.449169	       -0.801520	       -0.000001	      +10.235803	       +9.259233
              11	              40	       +5.011376	       +9.420389	     -228.887191	     +250.544583	       -4.915501	       +0.000000	       -2.728538	   -87353.387784	       -0.801499	       -0.000001	      +14.013354	      +13.845573
              11	              41	       +5.011376	       +9.420389	     -228.887200	     +250.544583	       -4.915501	       +0.000000	       -2.725752	   -88875.178583	       -0.801499	       -0.000001	      +14.016130	      +13.836204
              11	              42	       +5.208688	       +9.617702	     -169.175499	     +193.613069	       -4.214916	       +0.000000	       -4.230372	   -29948.156410	       -0.801565	       -0.000001	      +15.992282	      +12.940534
              11	              43	       +5.208688	       +9.617702	     -169.175498	     +193.613069	       -4.214916	       +0.000000	       -4.231814	   -29644.753303	       -0.801565	       -0.000001	      +15.990841	      +12.941859
              11	              44	       +6.274246	      +10.683260	     -273.268305	     +296.039861	       -4.958932	       +0.000000	       -5.062177	   -68394.219167	       -0.760724	       -0.000001	      +12.750447	      +12.750447
              11	              45	       +6.274246	      +10.683260	     -273.268304	     +296.039861	       -4.958932	       +0.000000	       -5.063188	   -69109.100097	       -0.760724	       -0.000001	      +12.749437	      +12.749437
              11	              46	       +6.755119	      +11.164133	     -345.703411	     +363.581636	       -5.823898	       +0.000000	       -5.199768	   -17392.997478	       -0.734522	       -0.000001	       +6.854560	       +6.854560
              11	              47	       +6.755119	      +11.164133	     -345.703416	     +363.581636	       -5.823898	       +0.000000	       -5.199191	   -17295.949702	       -0.734522	       -0.000001	       +6.855131	       +6.855131
              11	              48	       +7.214025	      +11.623039	     -284.718518	     +308.606079	       -6.039120	       +0.000000	       -3.025086	  -226990.060169	       -0.711147	       -0.000001	      +14.823355	      +14.823355
              11	              49	       +7.214025	      +11.623039	     -284.718507	     +308.606079	       -6.039120	       +0.000000	       -3.023700	  -226996.642580	       -0.711147	       -0.000001	      +14.824752	      +14.824752
              11	              50	       +7.784789	      +12.193803	     -314.832155	     +338.486598	       -5.320071	       +0.000000	       -4.982157	   -79462.040225	       -0.684070	       -0.000001	      +13.352215	      +13.352215
              11	              51	       +7.784789	      +12.193803	     -314.832152	     +338.486598	       -5.320071	       +0.000000	       -4.982506	   -79606.797830	       -0.684070	       -0.000001	      +13.351870	      +13.351870
              11	              52	       +9.124074	      +13.533087	     -279.526920	     +305.890899	       -4.952656	       +0.000000	       -4.347777	  -180733.173100	       -0.627968	       -0.000001	      +17.063546	      +17.063546
              11	              53	       +9.124074	      +13.533087	     -279.526919	     +305.890899	       -4.952656	       +0.000000	       -4.344068	  -179636.581446	       -0.627968	       -0.000001	      +17.067256	      +17.067256
              11	              54	       +9.888652	      +14.297666	     -320.803996	     +342.178357	       -5.836913	       +0.000000	       -4.687931	   -89621.562857	       -0.599882	       -0.000000	      +10.849518	      +10.849518
              11	              55	       +9.888653	      +14.297667	     -320.804059	     +342.178357	       -5.836913	       +0.000000	       -4.687899	   -92734.283363	       -0.599882	       -0.000000	      +10.849487	      +10.849487
              11	              56	      +10.280469	      +14.689483	     -243.921981	     +287.465734	       -4.891567	       +0.000000	       -3.392206	   +34051.829024	       -0.586441	       -0.000000	      +35.259980	      +35.259980
              11	              57	      +10.280469	      +14.689483	     -243.922057	     +287.465734	       -4.891567	       +0.000000	       -3.390472	   +32041.033686	       -0.586441	       -0.000000	      +35.261638	      +35.261638
              11	              58	      +11.412548	      +15.821561	     -301.713936	     +330.787892	       -5.542100	       +0.000000	       -5.215676	  +104655.896612	       -0.550783	       -0.000000	      +18.316179	      +18.316179
              11	              59	      +11.412548	      +15.821561	     -301.713936	     +330.787892	       -5.542100	       +0.000000	       -5.214585	  +104467.440377	       -0.550783	       -0.000000	      +18.317270	      +18.317270
              11	              60	      +12.579027	      +16.988041	     -107.269264	     +218.994419	       -2.526796	       +0.000000	       -2.906542	  +103051.183911	       -0.518310	       -0.000000	     +106.291816	     +106.291816
              11	              61	      +12.579027	      +16.988041	     -107.269251	     +218.994419	       -2.526796	       +0.000000	       -2.906547	  +102847.917506	       -0.518310	       -0.000000	     +106.291825	     +106.291825
              11	              62	      +13.626960	      +18.035974	     -270.985966	     +321.668171	       -3.383390	       +0.000000	       -3.681980	   +20715.890215	       -0.492239	       -0.000000	      +43.616835	      +43.616835
              11	              63	      +13.626960	      +18.035974	     -270.985966	     +321.668171	       -3.383390	       +0.000000	       -3.681933	   +20546.225673	       -0.492239	       -0.000000	      +43.616882	      +43.616882
              11	              64	      +15.232399	      +19.641412	      +39.495574	     +124.619209	       -1.683498	       +0.000000	       -2.341546	   -64177.741463	       -0.457020	       -0.000000	     +160.089739	     +160.089739
              11	              65	      +15.232399	      +19.641412	      +39.495638	     +124.619209	       -1.683498	       +0.000000	       -2.342116	   -64222.528179	       -0.457020	       -0.000000	     +160.089234	     +160.089234
              11	              66	      +15.261285	      +19.670299	      -72.688044	     +212.418804	       -2.233083	       +0.000000	       -1.952205	   +39834.141221	       -0.456432	       -0.000000	     +135.545473	     +135.545473
              11	              67	      +15.261285	      +19.670299	      -72.687994	     +212.418804	       -2.233083	       +0.000000	       -1.952908	   +40400.946011	       -0.456432	       -0.000000	     +135.544818	     +135.544818
              11	              68	      +16.200348	      +20.609362	      +17.538772	     +172.260357	       -2.009713	       +0.000000	       -2.544125	    +7931.769112	       -0.438121	       -0.000000	     +185.245290	     +185.245290
              11	              69	      +16.200348	      +20.609362	      +17.538753	     +172.260357	       -2.009713	       +0.000000	       -2.544274	    +8091.003131	       -0.438121	       -0.000000	     +185.245122	     +185.245122
              11	              70	      +16.815713	      +21.224727	     -152.576905	     +186.036977	       -2.358461	       +0.000000	       -2.866842	   -38469.315997	       -0.426897	       -0.000000	      +28.234770	      +28.234770
              11	              71	      +16.815713	      +21.224727	     -152.576891	     +186.036977	       -2.358461	       +0.000000	       -2.865010	   -38230.167195	       -0.426897	       -0.000000	      +28.236615	      +28.236615
              11	              72	      +17.301589	      +21.710603	     -205.941553	     +247.039956	       -3.223403	       +0.000000	       -2.933791	   +95677.876174	       -0.418434	       -0.000000	      +34.941209	      +34.941209
              11	              73	      +17.301589	      +21.710603	     -205.941565	     +247.039956	       -3.223403	       +0.000000	       -2.933957	   +96039.671465	       -0.418434	       -0.000000	      +34.941032	      +34.941032
              11	              74	      +17.627895	      +22.036909	     -231.252410	     +275.843723	       -2.957249	       +0.000000	       -2.972041	   -53193.204056	       -0.412936	       -0.000000	      +38.662023	      +38.662023
              11	              75	      +17.627895	      +22.036909	     -231.252404	     +275.843723	       -2.957249	       +0.000000	       -2.973675	   -51229.796874	       -0.412936	       -0.000000	      +38.660395	      +38.660395
              11	              76	      +18.613624	      +23.022638	     -129.677270	     +201.761405	       -2.830591	       +0.000000	       -0.798137	   -47170.437605	       -0.397171	       -0.000000	      +68.455407	      +68.455407
              11	              77	      +18.613625	      +23.022639	     -129.675918	     +201.761405	       -2.830591	       +0.000000	       -0.800310	   -49294.721711	       -0.397171	       -0.000000	      +68.454587	      +68.454587
              11	              78	      +18.800892	      +23.209906	     -326.718284	     +356.804043	       -3.928982	       +0.000000	       -3.877614	   -24244.984246	       -0.394311	       -0.000000	      +22.279162	      +22.279162
              11	              79	      +18.800893	      +23.209907	     -326.716977	     +356.804043	       -3.928982	       +0.000000	       -3.877691	   -27014.722203	       -0.394311	       -0.000000	      +22.280393	      +22.280393
              11	              80	      +19.943876	      +24.352889	     -166.955765	     +200.309798	       -2.477885	       +0.000000	       -3.198967	   -18947.706483	       -0.377711	       -0.000000	      +27.677182	      +27.677182
              11	              81	      +19.943876	      +24.352890	     -166.955803	     +200.309798	       -2.477885	       +0.000000	       -3.198800	   -17733.857086	       -0.377711	       -0.000000	      +27.677310	      +27.677310
              11	              82	      +20.086100	      +24.495114	      -92.075477	     +124.464690	       -1.807779	       +0.000000	       -2.781066	   -37120.146035	       -0.375743	       -0.000000	      +27.800368	      +27.800368
              11	              83	      +20.086100	      +24.495114	      -92.075484	     +124.464690	       -1.807779	       +0.000000	       -2.781391	   -37317.403995	       -0.375743	       -0.000000	      +27.800036	      +27.800036
              11	              84	      +21.051086	      +25.460100	      -39.052071	      +97.177109	       -1.542679	       +0.000000	       -2.056896	   +21086.601848	       -0.362911	       -0.000000	      +54.525463	      +54.525463
              11	              85	      +21.051086	      +25.460100	      -39.052073	      +97.177109	       -1.542679	       +0.000000	       -2.056348	   +20892.149976	       -0.362911	       -0.000000	      +54.526009	      +54.526009
              11	              86	      +21.767448	      +26.176462	     +133.792998	     +105.987182	       -1.229991	       +0.000000	       -1.839981	     -465.589693	       -0.353938	       -0.000000	     +236.710209	     +236.710209
              11	              87	      +21.767448	      +26.176462	     +133.792998	     +105.987182	       -1.229991	       +0.000000	       -1.839905	     -344.018058	       -0.353938	       -0.000000	     +236.710285	     +236.710285
              11	              88	      +21.956563	      +26.365576	      -94.793170	     +165.662811	       -2.176067	       +0.000000	       -2.483955	   +44111.866021	       -0.351643	       -0.000000	      +66.209619	      +66.209619
              11	              89	      +21.956563	      +26.365577	      -94.793112	     +165.662811	       -2.176067	       +0.000000	       -2.483722	   +44369.995548	       -0.351643	       -0.000000	      +66.209911	      +66.209911
              11	              90	      +22.406965	      +26.815979	     -108.996714	     +223.775231	       -2.172418	       +0.000000	       -2.507914	   -19433.549126	       -0.346295	       -0.000000	     +110.098186	     +110.098186
              11	              91	      +22.406966	      +26.815980	     -108.996762	     +223.775231	       -2.172418	       +0.000000	       -2.507241	   -19201.379237	       -0.346295	       -0.000000	     +110.098811	     +110.098811
              11	              92	      +24.302515	      +28.711528	     -175.484168	     +257.463102	       -2.711205	       +0.000000	       -2.391089	    +6336.234006	       -0.325462	       -0.000000	      +76.876639	      +76.876639
              11	              93	      +24.302515	      +28.711529	     -175.484158	     +257.463102	       -2.711205	       +0.000000	       -2.391926	    +7739.097597	       -0.325462	       -0.000000	      +76.875813	      +76.875813
              11	              94	      +24.837782	      +29.246796	     -164.745243	     +233.031591	       -2.384413	       +0.000000	       -2.391332	   -21607.842940	       -0.320025	       -0.000000	      +63.510603	      +63.510603
              11	              95	      +24.837783	      +29.246797	     -164.745690	     +233.031591	       -2.384413	       +0.000000	       -2.391791	   -22588.489804	       -0.320025	       -0.000000	      +63.509697	      +63.509697
              11	              96	      +24.923395	      +29.332409	      -85.841316	     +132.679544	       -1.899069	       +0.000000	       -2.738441	   -19168.523062	       -0.319173	       -0.000000	      +42.200718	      +42.200718
              11	              97	      +24.923396	      +29.332409	      -85.841763	     +132.679544	       -1.899069	       +0.000000	       -2.738589	   -20377.538829	       -0.319173	       -0.000000	      +42.200122	      +42.200122
              11	              98	      +25.307746	      +29.716760	     -176.072269	     +236.833690	       -2.559347	       +0.000000	       -2.756369	   -20030.176789	       -0.315400	       -0.000000	      +55.445705	      +55.445705
              11	              99	      +25.307746	      +29.716760	     -176.072193	     +236.833690	       -2.559347	       +0.000000	       -2.756573	   -22459.405470	       -0.315400	       -0.000000	      +55.445577	      +55.445577

k-point 12:
              12	               0	      -65.505204	      -61.096190	     -633.777780	     +591.915740	      -39.349572	       -2.208900	       -4.209811	   +30349.577801	       +0.160500	       +0.000000	      -85.421423	      -85.421423
              12	               1	      -65.505204	      -61.096190	     -633.777780	     +591.915740	      -39.349572	       -2.208900	       -4.210075	   +30351.740806	       +0.160500	       +0.000000	      -85.421687	      -85.421687
              12	               2	      -42.186763	      -37.777749	     -603.693232	     +584.635748	      -33.239344	       -2.208900	       +2.754616	   -32760.015693	       +0.252739	       +0.000000	      -49.542213	      -49.542213
              12	               3	      -42.186763	      -37.777749	     -603.693232	     +584.635748	      -33.239344	       -2.208900	       +2.770672	   -11233.132492	       +0.252739	       +0.000000	      -49.526156	      -49.526156
              12	               4	      -39.675143	      -35.266129	     -597.974834	     +581.322368	      -32.577614	       -2.208900	       +2.676721	    -9688.113603	       +0.269417	       +0.000000	      -46.553359	      -46.553359
              12	               5	      -39.675143	      -35.266129	     -597.974834	     +581.322368	      -32.577614	       -2.208900	       +2.682343	    -2450.958646	       +0.269417	       +0.000000	      -46.547737	      -46.547737
              12	               6	      -39.538429	      -35.129415	     -599.270598	     +582.414195	      -32.579659	       -2.208900	       +2.678933	    +9579.747778	       +0.270388	       +0.000000	      -46.757130	      -46.757130
              12	               7	      -39.538429	      -35.129415	     -599.270598	     +582.414195	      -32.579659	       -2.208900	       +2.688697	   +23752.202992	       +0.270388	       +0.000000	      -46.747366	      -46.747366
              12	               8	      -18.072903	      -13.663889	     -388.723772	     +380.297179	      -21.714559	       -2.208900	       +5.799726	    +8919.023426	       +0.622978	       +0.000001	      -24.341426	      -24.341426
              12	               9	      -18.072903	      -13.663889	     -388.723772	     +380.297179	      -21.714559	       -2.208900	       +5.799770	    +9079.986646	       +0.622978	       +0.000001	      -24.341382	      -24.341382
              12	              10	      -17.618198	      -13.209184	     -372.423865	     +364.896094	      -21.686761	       -2.208900	       +6.081954	   +27329.141648	       +0.640676	       +0.000001	      -23.132579	      -23.132579
              12	              11	      -17.618198	      -13.209184	     -372.423865	     +364.896094	      -21.686761	       -2.208900	       +6.082110	   +27437.157732	       +0.640676	       +0.000001	      -23.132423	      -23.132423
              12	              12	      -10.544596	       -6.135583	     -419.382743	     +421.037750	      -17.666043	       -2.208900	       +3.733024	   +78813.851281	       +0.801586	       +0.000001	      -12.278012	      -11.828425
              12	              13	      -10.544596	       -6.135583	     -419.382748	     +421.037750	      -17.666043	       -2.208900	       +3.733038	   +78824.831747	       +0.801586	       +0.000001	      -12.278003	      -11.828436
              12	              14	       -9.558854	       -5.149840	     -379.422874	     +381.897456	      -17.204677	       -2.208900	       +3.218490	   +52372.852369	       +0.801601	       +0.000001	      -11.511605	      -10.982950
              12	              15	       -9.558854	       -5.149840	     -379.422879	     +381.897456	      -17.204677	       -2.208900	       +3.218525	   +52488.126476	       +0.801601	       +0.000001	      -11.511576	      -10.983020
              12	              16	       -9.179243	       -4.770230	     -372.771421	     +376.308704	      -17.036419	       -2.208900	       +3.103345	    +4723.011751	       +0.801643	       +0.000001	      -10.395791	      -10.090781
              12	              17	       -9.179243	       -4.770229	     -372.771416	     +376.308704	      -17.036419	       -2.208900	       +3.103200	    +4596.326036	       +0.801643	       +0.000001	      -10.395931	      -10.090916
              12	              18	       -8.134597	       -3.725583	     -442.233815	     +448.127922	      -18.014525	       -2.208900	       +2.358707	   -16799.762218	       +0.801644	       +0.000001	       -9.761711	       -9.411674
              12	              19	       -8.134597	       -3.725583	     -442.233826	     +448.127922	      -18.014525	       -2.208900	       +2.358674	   -17010.016162	       +0.801644	       +0.000001	       -9.761756	       -9.411709
              12	              20	       -7.026315	       -2.617302	     -314.876677	     +321.423558	      -16.429677	       -2.208900	       +2.495273	   -20436.098957	       +0.801564	       +0.000001	       -7.387523	       -7.295364
              12	              21	       -7.026315	       -2.617302	     -314.876668	     +321.423558	      -16.429677	       -2.208900	       +2.495246	   -20908.445713	       +0.801564	       +0.000001	       -7.387541	       -7.295376
              12	              22	       -6.612773	       -2.203759	     -420.518695	     +427.132928	      -17.110321	       -2.208900	       +1.959634	   -17210.247126	       +0.801637	       +0.000001	       -8.536454	       -8.070498
              12	              23	       -6.612771	       -2.203757	     -420.518546	     +427.132928	      -17.110321	       -2.208900	       +1.960413	   -14801.214289	       +0.801637	       +0.000001	       -8.535527	       -8.069775
              12	              24	       -6.332734	       -1.923720	     -452.415555	     +459.206918	      -16.650029	       -2.208900	       +0.941481	  -196675.208804	       +0.801494	       +0.000001	       -8.917184	       -8.380605
              12	              25	       -6.332732	       -1.923718	     -452.415402	     +459.206918	      -16.650029	       -2.208900	       +0.942201	  -195579.235978	       +0.801494	       +0.000001	       -8.916312	       -8.380004
              12	              26	       -3.126287	       +1.282727	     -471.305317	     +483.120454	      -12.508372	       +0.000000	       -3.344718	   +70887.389515	       -0.801639	       -0.000001	       -4.037953	       -3.817652
              12	              27	       -3.126286	       +1.282728	     -471.305559	     +483.120454	      -12.508372	       +0.000000	       -3.345365	   +62823.415265	       -0.801639	       -0.000001	       -4.038841	       -3.818250
              12	              28	       -2.998807	       +1.410207	     -440.912325	     +454.926510	      -11.751211	       +0.000000	       -4.001094	  +236772.385127	       -0.801516	       -0.000001	       -1.738120	       -1.994783
              12	              29	       -2.998805	       +1.410208	     -440.912573	     +454.926510	      -11.751211	       +0.000000	       -4.001830	  +228810.518094	       -0.801516	       -0.000001	       -1.739104	       -1.995724
              12	              30	       -1.891624	       +2.517390	     -423.381702	     +437.837444	      -10.708217	       +0.000000	       -3.989947	    +9929.479808	       -0.801382	       -0.000001	       -0.242422	       -0.657041
              12	              31	       -1.891623	       +2.517390	     -423.381731	     +437.837444	      -10.708217	       +0.000000	       -3.989872	   +10929.274529	       -0.801382	       -0.000001	       -0.242376	       -0.657169
              12	              32	       -1.279015	       +3.129999	     -408.920653	     +423.830693	      -11.226993	       +0.000000	       -4.113330	   +11041.824184	       -0.801580	       -0.000001	       -0.430283	       -0.574672
              12	              33	       -1.279014	       +3.129999	     -408.920680	     +423.830693	      -11.226993	       +0.000000	       -4.113269	   +11726.556005	       -0.801580	       -0.000001	       -0.430249	       -0.574608
              12	              34	       +2.651931	       +7.060945	     -333.205537	     +348.643254	       -6.146518	       +0.000000	       -5.296411	   +20619.428590	       -0.801475	       -0.000001	       +3.994787	       +3.391738
              12	              35	       +2.651931	       +7.060945	     -333.205581	     +348.643254	       -6.146518	       +0.000000	       -5.296473	   +20696.392634	       -0.801475	       -0.000001	       +3.994682	       +3.391561
              12	              36	       +2.909046	       +7.318059	     -306.441476	     +321.160788	       -5.579764	       +0.000000	       -4.593338	   -21720.504321	       -0.801620	       -0.000001	       +4.546209	       +4.241398
              12	              37	       +2.909046	       +7.318059	     -306.441480	     +321.160788	       -5.579764	       +0.000000	       -4.592930	   -21701.265884	       -0.801620	       -0.000001	       +4.546613	       +4.241889
              12	              38	       +3.282128	       +7.691141	     -317.279225	     +335.529274	       -6.188841	       +0.000000	       -5.280238	  -251044.184122	       -0.801631	       -0.000001	       +6.780970	      +28.302410
              12	              39	       +3.282128	       +7.691142	     -317.279276	     +335.529274	       -6.188841	       +0.000000	       -5.280590	  -250953.666713	       -0.801631	       -0.000001	       +6.780568	      +28.416726
              12	              40	       +5.167172	       +9.576186	     -197.518493	     +220.515513	       -4.690583	       +0.000000	       -4.805423	   +32508.278460	       -0.801502	       -0.000001	      +13.501014	      +11.336035
              12	              41	       +5.167172	       +9.576186	     -197.518472	     +220.515513	       -4.690583	       +0.000000	       -4.805646	   +32419.029849	       -0.801502	       -0.000001	      +13.500812	      +11.340006
              12	              42	       +5.582654	       +9.991668	     -276.985111	     +297.958842	       -5.844224	       +0.000000	       -3.127896	   +83748.338535	       -0.801359	       -0.000001	      +12.001611	       +8.403187
              12	              43	       +5.582655	       +9.991669	     -276.985091	     +297.958842	       -5.844224	       +0.000000	       -3.128561	   +83641.771872	       -0.801359	       -0.000001	      +12.000965	       +8.402099
              12	              44	       +7.149581	      +11.558595	     -356.575728	     +376.076445	       -6.069042	       +0.000000	       -5.080030	   -25832.893578	       -0.714339	       -0.000001	       +8.351644	       +8.351644
              12	              45	       +7.149582	      +11.558595	     -356.575838	     +376.076445	       -6.069042	       +0.000000	       -5.080299	   -25786.141746	       -0.714339	       -0.000001	       +8.351266	       +8.351266
              12	              46	       +7.620482	      +12.029496	     -163.886737	     +190.538857	       -3.824671	       +0.000000	       -4.042955	   -40603.902094	       -0.691651	       -0.000001	      +18.784494	      +18.784494
              12	              47	       +7.620482	      +12.029496	     -163.886720	     +190.538857	       -3.824671	       +0.000000	       -4.043139	   -40722.232459	       -0.691651	       -0.000001	      +18.784327	      +18.784327
              12	              48	       +7.714038	      +12.123051	     -293.822533	     +316.326940	       -4.865241	       +0.000000	       -4.250149	   -85249.244458	       -0.687314	       -0.000001	      +13.389016	      +13.389016
              12	              49	       +7.714038	      +12.123052	     -293.822612	     +316.326940	       -4.865241	       +0.000000	       -4.250378	   -85405.064378	       -0.687314	       -0.000001	      +13.388708	      +13.388708
              12	              50	       +9.159379	      +13.568393	     -304.334715	     +327.883193	       -4.957244	       +0.000000	       -4.729773	    +2484.359332	       -0.626613	       -0.000001	      +13.861461	      +13.861461
              12	              51	       +9.159379	      +13.568393	     -304.334713	     +327.883193	       -4.957244	       +0.000000	       -4.729816	    +2488.435277	       -0.626613	       -0.000001	      +13.861420	      +13.861420
              12	              52	       +9.701627	      +14.110640	     -195.384967	     +236.725100	       -3.730276	       +0.000000	       -3.601725	     -604.634304	       -0.606517	       -0.000000	      +34.008131	      +34.008131
              12	              53	       +9.701627	      +14.110640	     -195.384964	     +236.725100	       -3.730276	       +0.000000	       -3.601587	     -538.466225	       -0.606517	       -0.000000	      +34.008273	      +34.008273
              12	              54	      +10.083475	      +14.492489	     -329.256472	     +353.738413	       -5.351477	       +0.000000	       -4.829571	   -26639.803405	       -0.593122	       -0.000000	      +14.300893	      +14.300893
              12	              55	      +10.083475	      +14.492489	     -329.256526	     +353.738413	       -5.351477	       +0.000000	       -4.831592	   -27301.978664	       -0.593122	       -0.000000	      +14.298818	      +14.298818
              12	              56	      +10.160898	      +14.569912	     -270.709570	     +299.117039	       -4.687332	       +0.000000	       -4.726708	   +42191.334205	       -0.590478	       -0.000000	      +18.993429	      +18.993429
              12	              57	      +10.160898	      +14.569912	     -270.709632	     +299.117039	       -4.687332	       +0.000000	       -4.728827	   +41377.839946	       -0.590478	       -0.000000	      +18.991249	      +18.991249
              12	              58	      +12.372287	      +16.781301	     -307.658660	     +335.330364	       -5.545417	       +0.000000	       -5.393419	    -1559.671121	       -0.523784	       -0.000000	      +16.732868	      +16.732868
              12	              59	      +12.372287	      +16.781301	     -307.658665	     +335.330364	       -5.545417	       +0.000000	       -5.393536	    -1530.845739	       -0.523784	       -0.000000	      +16.732746	      +16.732746
              12	              60	      +13.551373	      +17.960387	      -96.883538	     +138.590865	       -2.050956	       +0.000000	       -2.849442	   +45367.627995	       -0.494031	       -0.000000	      +36.806929	      +36.806929
              12	              61	      +13.551373	      +17.960387	      -96.883542	     +138.590865	       -2.050956	       +0.000000	       -2.849320	   +45403.982022	       -0.494031	       -0.000000	      +36.807047	      +36.807047
              12	              62	      +13.877356	      +18.286370	      -73.919845	     +137.036515	       -2.049233	       +0.000000	       -3.011864	   +21601.369856	       -0.486393	       -0.000000	      +58.055571	      +58.055571
              12	              63	      +13.877356	      +18.286370	      -73.919809	     +137.036515	       -2.049233	       +0.000000	       -3.011624	   +21669.806367	       -0.486393	       -0.000000	      +58.055848	      +58.055848
              12	              64	      +14.834136	      +19.243150	      -48.447194	     +179.770341	       -2.620375	       +0.000000	       -2.242232	   -66204.609995	       -0.465278	       -0.000000	     +126.460540	     +126.460540
              12	              65	      +14.834136	      +19.243150	      -48.447133	     +179.770341	       -2.620375	       +0.000000	       -2.242124	   -66214.071065	       -0.465278	       -0.000000	     +126.460709	     +126.460709
              12	              66	      +15.592297	      +20.001310	      -99.485817	     +200.125069	       -2.826197	       +0.000000	       -2.990066	   -14774.267196	       -0.449806	       -0.000000	      +94.822990	      +94.822990
              12	              67	      +15.592297	      +20.001311	      -99.485809	     +200.125069	       -2.826197	       +0.000000	       -2.990081	   -14749.479579	       -0.449806	       -0.000000	      +94.822982	      +94.822982
              12	              68	      +16.262768	      +20.671782	     -269.570863	     +298.137723	       -3.271651	       +0.000000	       -3.831135	   -24493.105137	       -0.436955	       -0.000000	      +21.464074	      +21.464074
              12	              69	      +16.262768	      +20.671782	     -269.570920	     +298.137723	       -3.271651	       +0.000000	       -3.831534	   -24537.048391	       -0.436955	       -0.000000	      +21.463618	      +21.463618
              12	              70	      +17.047679	      +21.456693	     -239.516227	     +278.618988	       -3.205960	       +0.000000	       -3.054205	   +91293.749076	       -0.422814	       -0.000000	      +32.842595	      +32.842595
              12	              71	      +17.047679	      +21.456693	     -239.516238	     +278.618988	       -3.205960	       +0.000000	       -3.053917	   +91365.887728	       -0.422814	       -0.000000	      +32.842872	      +32.842872
              12	              72	      +17.205224	      +21.614238	      -19.551270	     +111.318881	       -1.839728	       +0.000000	       -2.478706	   -36026.181474	       -0.420086	       -0.000000	      +87.449176	      +87.449176
              12	              73	      +17.205224	      +21.614238	      -19.551258	     +111.318881	       -1.839728	       +0.000000	       -2.478545	   -35982.167373	       -0.420086	       -0.000000	      +87.449351	      +87.449351
              12	              74	      +17.670259	      +22.079273	     +149.559358	     +125.506896	       -1.600774	       +0.000000	       -1.623432	   +16719.771844	       -0.412233	       -0.000000	     +271.842049	     +271.842049
              12	              75	      +17.670259	      +22.079273	     +149.559326	     +125.506896	       -1.600774	       +0.000000	       -1.623465	   +16672.077671	       -0.412233	       -0.000000	     +271.841984	     +271.841984
              12	              76	      +19.471023	      +23.880037	     -170.273221	     +257.514776	       -2.889039	       +0.000000	       -3.117961	   +14460.764245	       -0.384406	       -0.000000	      +81.234555	      +81.234555
              12	              77	      +19.471023	      +23.880037	     -170.273233	     +257.514776	       -2.889039	       +0.000000	       -3.117727	   +14436.277444	       -0.384406	       -0.000000	      +81.234777	      +81.234777
              12	              78	      +19.564059	      +23.973073	     -243.649819	     +308.256439	       -2.924304	       +0.000000	       -3.350993	   +39951.940563	       -0.383070	       -0.000000	      +58.331323	      +58.331323
              12	              79	      +19.564059	      +23.973073	     -243.649842	     +308.256439	       -2.924304	       +0.000000	       -3.351298	   +39901.487183	       -0.383070	       -0.000000	      +58.330995	      +58.330995
              12	              80	      +19.767101	      +24.176114	      -89.370143	     +127.725078	       -1.997043	       +0.000000	       -2.850948	    +2280.018042	       -0.380187	       -0.000000	      +33.506944	      +33.506944
              12	              81	      +19.767101	      +24.176115	      -89.370166	     +127.725078	       -1.997043	       +0.000000	       -2.850912	    +2255.571880	       -0.380187	       -0.000000	      +33.506956	      +33.506956
              12	              82	      +20.779954	      +25.188968	      -82.584746	     +223.686735	       -2.439750	       +0.000000	       -2.588458	   +10238.779462	       -0.366427	       -0.000000	     +136.073780	     +136.073780
              12	              83	      +20.779954	      +25.188968	      -82.584737	     +223.686735	       -2.439750	       +0.000000	       -2.588483	    +9999.721090	       -0.366427	       -0.000000	     +136.073766	     +136.073766
              12	              84	      +21.104216	      +25.513230	     -208.466710	     +250.449904	       -2.922940	       +0.000000	       -3.245790	    +2651.723668	       -0.362230	       -0.000000	      +35.814463	      +35.814463
              12	              85	      +21.104217	      +25.513231	     -208.466981	     +250.449904	       -2.922940	       +0.000000	       -3.245930	    +2485.041213	       -0.362230	       -0.000000	      +35.814053	      +35.814053
              12	              86	      +21.222122	      +25.631136	     -227.964600	     +303.222041	       -2.928910	       +0.000000	       -3.264959	   -15745.774398	       -0.360728	       -0.000000	      +69.063572	      +69.063572
              12	              87	      +21.222123	      +25.631137	     -227.964803	     +303.222041	       -2.928910	       +0.000000	       -3.264815	   -15715.629527	       -0.360728	       -0.000000	      +69.063512	      +69.063512
              12	              88	      +22.748402	      +27.157416	     -148.218277	     +257.460393	       -2.607324	       +0.000000	       -2.664590	   +19833.488654	       -0.342348	       -0.000000	     +103.970202	     +103.970202
              12	              89	      +22.748403	      +27.157417	     -148.260010	     +257.460393	       -2.607324	       +0.000000	       -2.666240	   +19994.593548	       -0.342348	       -0.000000	     +103.926819	     +103.926819
              12	              90	      +22.758944	      +27.167958	      -26.197904	     +197.018358	       -2.079946	       +0.000000	       -1.956726	   +20217.914676	       -0.342227	       -0.000000	     +166.783783	     +166.783783
              12	              91	      +22.758945	      +27.167959	      -26.151580	     +197.018358	       -2.079946	       +0.000000	       -1.954975	   +19896.189715	       -0.342227	       -0.000000	     +166.831856	     +166.831856
              12	              92	      +22.917925	      +27.326939	     -230.643578	     +287.646784	       -3.118682	       +0.000000	       -3.348095	    -6957.063071	       -0.340421	       -0.000000	      +50.536429	      +50.536429
              12	              93	      +22.917928	      +27.326942	     -230.636920	     +287.646784	       -3.118682	       +0.000000	       -3.346274	    -6964.592849	       -0.340421	       -0.000000	      +50.544908	      +50.544908
              12	              94	      +22.949454	      +27.358468	      -32.334561	     +151.253118	       -1.669274	       +0.000000	       -2.239757	    +7531.162519	       -0.340065	       -0.000000	     +115.009526	     +115.009526
              12	              95	      +22.949454	      +27.358468	      -32.336508	     +151.253118	       -1.669274	       +0.000000	       -2.240887	    +7577.236665	       -0.340065	       -0.000000	     +115.006449	     +115.006449
              12	              96	      +24.063735	      +28.472749	     -144.150407	     +232.169982	       -2.623637	       +0.000000	       -1.542855	   +43229.029246	       -0.327947	       -0.000000	      +83.853083	      +83.853083
              12	              97	      +24.063736	      +28.472750	     -144.151207	     +232.169982	       -2.623637	       +0.000000	       -1.544570	   +42631.144491	       -0.327947	       -0.000000	      +83.850567	      +83.850567
              12	              98	      +24.084712	      +28.493726	      -72.635098	     +191.006577	       -2.112944	       +0.000000	       -1.963135	   +42198.203963	       -0.327727	       -0.000000	     +114.295400	     +114.295400
              12	              99	      +24.084713	      +28.493726	      -72.635998	     +191.006577	       -2.112944	       +0.000000	       -1.964147	   +41809.994257	       -0.327727	       -0.000000	     +114.293489	     +114.293489

k-point 13:
              13	               0	      -65.468367	      -61.059353	     -633.764259	     +591.487306	      -39.338470	       -2.208900	       -5.042554	   +26240.508039	       +0.160593	       +0.000000	      -86.657977	      -86.657977
              13	               1	      -65.468364	      -61.059350	     -633.764283	     +591.487306	      -39.338470	       -2.208900	       -4.845495	   +25463.454863	       +0.160593	       +0.000000	      -86.460943	      -86.460943
              13	               2	      -42.219225	      -37.810211	     -603.725832	     +585.118201	      -33.224832	       -2.208900	       +2.363399	  -132052.956325	       +0.252537	       +0.000000	      -49.469064	      -49.469064
              13	               3	      -42.204416	      -37.795402	     -603.795231	     +584.789602	      -33.260201	       -2.208900	       +2.252139	  +119928.441202	       +0.252630	       +0.000000	      -50.013690	      -50.013690
              13	               4	      -39.715679	      -35.306665	     -600.320359	     +584.118447	      -32.557250	       -2.208900	       +3.165725	  -118466.964756	       +0.269130	       +0.000000	      -45.593436	      -45.593436
              13	               5	      -39.696202	      -35.287188	     -599.283218	     +582.617921	      -32.594412	       -2.208900	       +2.623758	  +106300.235870	       +0.269268	       +0.000000	      -46.635952	      -46.635952
              13	               6	      -39.570621	      -35.161607	     -596.446071	     +580.035146	      -32.581754	       -2.208900	       +1.176455	   +56742.078522	       +0.270158	       +0.000000	      -47.816224	      -47.816224
              13	               7	      -39.568904	      -35.159890	     -597.619748	     +581.135214	      -32.583786	       -2.208900	       +1.702962	   +68141.338794	       +0.270171	       +0.000000	      -47.365359	      -47.365359
              13	               8	      -17.545462	      -13.136448	     -390.672697	     +382.274018	      -21.765158	       -2.208900	       +5.845676	   +22782.298209	       +0.643600	       +0.000001	      -24.318162	      -24.318162
              13	               9	      -17.506055	      -13.097041	     -390.004098	     +381.604609	      -21.775365	       -2.208900	       +5.844739	   +21440.373846	       +0.645196	       +0.000001	      -24.330116	      -24.330116
              13	              10	      -17.368643	      -12.959629	     -378.869769	     +373.128757	      -21.741880	       -2.208900	       +6.013785	   +30251.492771	       +0.650823	       +0.000001	      -21.469107	      -21.469107
              13	              11	      -17.365585	      -12.956572	     -378.802570	     +373.037477	      -21.740316	       -2.208900	       +6.016548	   +30253.398514	       +0.650949	       +0.000001	      -21.488861	      -21.488861
              13	              12	      -10.630581	       -6.221567	     -399.456048	     +399.646868	      -17.284413	       -2.208900	       +3.802064	   +28492.096606	       +0.801643	       +0.000001	      -13.291529	      -12.551604
              13	              13	      -10.619140	       -6.210127	     -399.118936	     +399.303055	      -17.295069	       -2.208900	       +3.801945	   +26668.349413	       +0.801640	       +0.000001	      -13.309004	      -12.559247
              13	              14	      -10.254302	       -5.845288	     -401.624591	     +402.275014	      -17.554686	       -2.208900	       +3.500282	   +15160.386756	       +0.801597	       +0.000001	      -13.403981	      -12.572051
              13	              15	      -10.244380	       -5.835367	     -402.397201	     +403.042809	      -17.556550	       -2.208900	       +3.481251	   +12669.078254	       +0.801607	       +0.000001	      -13.429691	      -12.589662
              13	              16	       -9.147469	       -4.738456	     -379.299829	     +383.019539	      -17.499934	       -2.208900	       +3.169214	   -13386.833041	       +0.801646	       +0.000001	      -10.611010	      -10.227442
              13	              17	       -9.142133	       -4.733119	     -381.742131	     +385.570030	      -17.546019	       -2.208900	       +3.164976	   -16773.052973	       +0.801645	       +0.000001	      -10.553144	      -10.184568
              13	              18	       -8.577062	       -4.168048	     -384.051451	     +388.134329	      -17.385024	       -2.208900	       +2.886909	   +20165.333444	       +0.801616	       +0.000001	      -10.415238	       -9.978028
              13	              19	       -8.560046	       -4.151032	     -383.940776	     +387.970920	      -17.389014	       -2.208900	       +2.873765	   +20559.663784	       +0.801602	       +0.000001	      -10.485105	      -10.032500
              13	              20	       -7.703405	       -3.294391	     -380.050336	     +383.395580	      -16.268862	       -2.208900	       +2.325485	   +23047.427977	       +0.801634	       +0.000001	      -10.598132	       -9.842160
              13	              21	       -7.638028	       -3.229014	     -379.765246	     +383.165741	      -16.281368	       -2.208900	       +2.299947	   +21810.542998	       +0.801645	       +0.000001	      -10.580926	       -9.833892
              13	              22	       -7.117239	       -2.708225	     -327.172650	     +332.038721	      -16.896397	       -2.208900	       +2.546061	    +2492.500330	       +0.801639	       +0.000001	       -9.484265	       -8.885187
              13	              23	       -7.105358	       -2.696344	     -327.962660	     +332.796086	      -16.871577	       -2.208900	       +2.533027	     -143.404806	       +0.801634	       +0.000001	       -9.505124	       -8.896822
              13	              24	       -5.867652	       -1.458639	     -472.027227	     +482.522186	      -16.915686	       -2.208900	       +0.873691	  -169494.555919	       +0.801430	       +0.000001	       -5.547036	       -5.622088
              13	              25	       -5.764839	       -1.355826	     -470.508654	     +480.923701	      -16.756760	       -2.208900	       +0.766370	  -146807.753719	       +0.801587	       +0.000001	       -5.575343	       -5.619399
              13	              26	       -3.108351	       +1.300663	     -474.675366	     +487.569828	      -12.678798	       +0.000000	       -4.005349	  +138070.982393	       -0.801631	       -0.000001	       -3.789685	       -3.696375
              13	              27	       -3.088702	       +1.320312	     -468.610962	     +481.520666	      -12.559894	       +0.000000	       -3.882206	  +116132.211105	       -0.801618	       -0.000001	       -3.532397	       -3.466069
              13	              28	       -2.527641	       +1.881373	     -506.410664	     +521.205469	      -12.809878	       +0.000000	       -4.099875	  +200065.643039	       -0.801557	       -0.000001	       -2.114948	       -2.177289
              13	              29	       -2.424782	       +1.984232	     -501.384348	     +516.160284	      -12.563689	       +0.000000	       -4.082937	  +197404.798647	       -0.801376	       -0.000001	       -1.870690	       -1.960176
              13	              30	       -2.018800	       +2.390214	     -407.039006	     +424.009681	      -10.763632	       +0.000000	       -3.921947	    +7691.585927	       -0.801545	       -0.000001	       +2.285096	       +1.268733
              13	              31	       -2.014005	       +2.395009	     -409.224845	     +426.239310	      -10.787591	       +0.000000	       -3.925555	    -2493.969807	       -0.801538	       -0.000001	       +2.301319	       +1.272040
              13	              32	       -0.900227	       +3.508787	     -428.873372	     +446.791777	      -10.840106	       +0.000000	       -4.397638	  -143143.776775	       -0.801362	       -0.000001	       +2.680661	       +2.786484
              13	              33	       -0.871164	       +3.537850	     -430.937629	     +448.869942	      -10.832259	       +0.000000	       -4.422119	  -143284.444486	       -0.801428	       -0.000001	       +2.677934	       +2.743066
              13	              34	       +1.945958	       +6.354972	     -332.577189	     +347.679121	       -6.608720	       +0.000000	       -4.527017	   +16616.608423	       -0.801588	       -0.000001	       +3.966195	       +3.465058
              13	              35	       +1.983574	       +6.392588	     -329.168619	     +344.398944	       -6.546184	       +0.000000	       -4.511488	   +22825.517066	       -0.801542	       -0.000001	       +4.172652	       +3.633414
              13	              36	       +3.821262	       +8.230276	     -318.762155	     +335.330781	       -5.710909	       +0.000000	       -4.666468	   -36187.368467	       -0.801645	       -0.000001	       +6.191250	       +5.867814
              13	              37	       +3.848386	       +8.257400	     -311.310403	     +327.612454	       -5.663301	       +0.000000	       -4.636872	   -18539.799255	       -0.801645	       -0.000001	       +6.001878	       +5.662228
              13	              38	       +3.878478	       +8.287492	     -313.563157	     +330.002969	       -5.688013	       +0.000000	       -4.633952	   -20058.062283	       -0.801637	       -0.000001	       +6.117847	       +5.703239
              13	              39	       +3.888893	       +8.297907	     -319.970182	     +336.687586	       -5.709992	       +0.000000	       -4.651537	   -44518.769038	       -0.801632	       -0.000001	       +6.355875	       +5.958813
              13	              40	       +4.941524	       +9.350538	     -299.343254	     +319.306378	       -5.496670	       +0.000000	       -4.110630	   -44631.119727	       -0.801592	       -0.000001	      +10.355825	       +9.169140
              13	              41	       +4.945472	       +9.354486	     -304.428949	     +324.294728	       -5.577784	       +0.000000	       -4.143821	   -49575.144998	       -0.801588	       -0.000001	      +10.144175	       +8.883583
              13	              42	       +5.062527	       +9.471541	     -246.678555	     +265.781176	       -5.118865	       +0.000000	       -4.465282	    +1411.622420	       -0.801403	       -0.000001	       +9.518474	       +7.815540
              13	              43	       +5.065572	       +9.474586	     -247.011826	     +266.127616	       -5.122418	       +0.000000	       -4.422776	    -1613.400409	       -0.801397	       -0.000001	       +9.570597	       +7.813695
              13	              44	       +5.970867	      +10.379881	     -308.756839	     +328.061642	       -6.020138	       +0.000000	       -4.370681	   -60891.566204	       -0.778238	       -0.000001	       +8.913984	       +8.365955
              13	              45	       +5.985595	      +10.394609	     -307.590225	     +326.907626	       -6.012089	       +0.000000	       -4.317678	   -56492.884554	       -0.777369	       -0.000001	       +8.987635	       +8.468438
              13	              46	       +7.712101	      +12.121115	     -209.815994	     +231.125975	       -4.143325	       +0.000000	       -4.491717	    +5094.543851	       -0.687404	       -0.000001	      +12.674939	      +12.674939
              13	              47	       +7.716247	      +12.125260	     -209.555133	     +230.915544	       -4.137208	       +0.000000	       -4.492385	    +1929.326882	       -0.687213	       -0.000001	      +12.730818	      +12.730818
              13	              48	       +8.225860	      +12.634874	     -288.150268	     +311.653887	       -5.095531	       +0.000000	       -4.254694	   +12778.787456	       -0.664519	       -0.000001	      +14.153394	      +14.153394
              13	              49	       +8.236306	      +12.645320	     -288.108876	     +311.683254	       -5.096316	       +0.000000	       -4.259944	   +13062.005551	       -0.664069	       -0.000001	      +14.218119	      +14.218119
              13	              50	       +9.059438	      +13.468452	     -228.975940	     +252.477823	       -4.347815	       +0.000000	       -4.573026	   +17689.782291	       -0.630464	       -0.000001	      +14.581042	      +14.581042
              13	              51	       +9.065208	      +13.474222	     -230.373508	     +253.879049	       -4.357776	       +0.000000	       -4.576057	   +20260.131980	       -0.630240	       -0.000001	      +14.571708	      +14.571708
              13	              52	       +9.639270	      +14.048284	     -233.592216	     +258.496142	       -4.733161	       +0.000000	       -4.491596	   -96439.644639	       -0.608763	       -0.000000	      +15.679168	      +15.679168
              13	              53	       +9.642217	      +14.051231	     -232.697189	     +257.510417	       -4.722612	       +0.000000	       -4.484265	   -97108.751703	       -0.608656	       -0.000000	      +15.606351	      +15.606351
              13	              54	      +10.407411	      +14.816425	     -194.147976	     +232.343318	       -3.738728	       +0.000000	       -3.541495	   -58067.002913	       -0.582214	       -0.000000	      +30.915119	      +30.915119
              13	              55	      +10.439780	      +14.848794	     -198.141991	     +236.083398	       -3.774011	       +0.000000	       -3.532087	   -59170.331640	       -0.581146	       -0.000000	      +30.635309	      +30.635309
              13	              56	      +11.974981	      +16.383995	     -168.261687	     +205.755585	       -3.277377	       +0.000000	       -3.594282	   +18947.157360	       -0.534633	       -0.000000	      +30.622239	      +30.622239
              13	              57	      +11.982258	      +16.391271	     -173.149135	     +210.308094	       -3.333143	       +0.000000	       -3.594779	   +18853.709330	       -0.534430	       -0.000000	      +30.231037	      +30.231037
              13	              58	      +13.134238	      +17.543252	     -123.460547	     +170.305345	       -2.928874	       +0.000000	       -3.302055	    -5085.675635	       -0.504163	       -0.000000	      +40.613868	      +40.613868
              13	              59	      +13.137575	      +17.546589	     -126.053958	     +172.518014	       -2.937343	       +0.000000	       -3.301090	    -2199.627196	       -0.504080	       -0.000000	      +40.225623	      +40.225623
              13	              60	      +13.174711	      +17.583725	     -211.897431	     +247.538204	       -3.296767	       +0.000000	       -3.692403	   +48060.792279	       -0.503162	       -0.000000	      +28.651603	      +28.651603
              13	              61	      +13.179378	      +17.588392	     -218.598879	     +253.355833	       -3.317949	       +0.000000	       -3.721649	   +48708.331240	       -0.503046	       -0.000000	      +27.717356	      +27.717356
              13	              62	      +14.314031	      +18.723045	     -162.365419	     +212.578248	       -3.421415	       +0.000000	       -3.560797	   +41514.375841	       -0.476523	       -0.000000	      +43.230617	      +43.230617
              13	              63	      +14.317388	      +18.726401	     -162.059699	     +212.364729	       -3.420153	       +0.000000	       -3.551200	   +42212.628942	       -0.476449	       -0.000000	      +43.333677	      +43.333677
              13	              64	      +14.782139	      +19.191153	     -180.779975	     +227.705178	       -3.194826	       +0.000000	       -3.550401	   -74129.951873	       -0.466379	       -0.000000	      +40.179976	      +40.179976
              13	              65	      +14.823550	      +19.232564	     -178.949083	     +225.992291	       -3.166097	       +0.000000	       -3.529608	   -73383.395244	       -0.465502	       -0.000000	      +40.347503	      +40.347503
              13	              66	      +15.868745	      +20.277759	     -188.685509	     +272.131397	       -3.456952	       +0.000000	       -3.354624	   +21302.809225	       -0.444417	       -0.000000	      +76.634313	      +76.634313
              13	              67	      +15.902543	      +20.311557	     -191.820403	     +274.923425	       -3.486163	       +0.000000	       -3.361580	   +21350.092222	       -0.443767	       -0.000000	      +76.255278	      +76.255278
              13	              68	      +16.231161	      +20.640175	     -177.161439	     +224.267962	       -3.005490	       +0.000000	       -3.530210	    -5699.670814	       -0.437545	       -0.000000	      +40.570823	      +40.570823
              13	              69	      +16.237856	      +20.646870	     -175.166397	     +222.361428	       -2.992296	       +0.000000	       -3.514414	    -5694.919866	       -0.437420	       -0.000000	      +40.688321	      +40.688321
              13	              70	      +16.957426	      +21.366440	     -180.548954	     +229.800167	       -3.319501	       +0.000000	       -3.724238	   +75339.660163	       -0.424394	       -0.000000	      +42.207474	      +42.207474
              13	              71	      +16.962780	      +21.371794	     -183.855878	     +232.896177	       -3.347579	       +0.000000	       -3.731029	   +76744.286176	       -0.424300	       -0.000000	      +41.961692	      +41.961692
              13	              72	      +17.403846	      +21.812859	     -180.428936	     +247.374947	       -3.174851	       +0.000000	       -3.052504	   -40568.054639	       -0.416695	       -0.000000	      +60.718656	      +60.718656
              13	              73	      +17.455894	      +21.864907	     -179.008051	     +248.062416	       -3.155310	       +0.000000	       -3.108989	   -44049.341897	       -0.415816	       -0.000000	      +62.790067	      +62.790067
              13	              74	      +17.926363	      +22.335377	      -96.505774	     +234.691774	       -2.502911	       +0.000000	       -2.461888	   +35045.596906	       -0.408032	       -0.000000	     +133.221201	     +133.221201
              13	              75	      +17.928260	      +22.337274	      -92.293588	     +232.776734	       -2.480078	       +0.000000	       -2.460486	   +32776.009138	       -0.408001	       -0.000000	     +135.542582	     +135.542582
              13	              76	      +18.305843	      +22.714857	      -59.589740	     +156.965259	       -1.926169	       +0.000000	       -2.607601	  -106199.364321	       -0.401963	       -0.000000	      +92.841749	      +92.841749
              13	              77	      +18.308610	      +22.717623	      -58.904983	     +156.555895	       -1.923574	       +0.000000	       -2.615946	  -106080.763533	       -0.401919	       -0.000000	      +93.111392	      +93.111392
              13	              78	      +19.025699	      +23.434713	      -78.411194	     +221.676095	       -2.576866	       +0.000000	       -2.973820	   -43433.301193	       -0.390932	       -0.000000	     +137.714216	     +137.714216
              13	              79	      +19.025795	      +23.434809	      -76.236015	     +220.476778	       -2.563501	       +0.000000	       -2.965500	   -42532.798338	       -0.390931	       -0.000000	     +138.711762	     +138.711762
              13	              80	      +19.939299	      +24.348313	      -69.121995	     +228.501695	       -2.434498	       +0.000000	       -1.816346	  +206451.286095	       -0.377775	       -0.000000	     +155.128856	     +155.128856
              13	              81	      +19.940027	      +24.349041	      -68.337556	     +227.970536	       -2.431674	       +0.000000	       -1.801272	  +207317.024962	       -0.377765	       -0.000000	     +155.400034	     +155.400034
              13	              82	      +19.999127	      +24.408141	     -120.859914	     +239.117344	       -2.473978	       +0.000000	       -2.560707	   +74525.415900	       -0.376944	       -0.000000	     +113.222745	     +113.222745
              13	              83	      +20.005188	      +24.414201	     -119.696767	     +238.520391	       -2.469662	       +0.000000	       -2.553132	   +71475.782813	       -0.376860	       -0.000000	     +113.800830	     +113.800830
              13	              84	      +21.135549	      +25.544562	      +27.153065	     +190.263420	       -1.761150	       +0.000000	       -2.221750	   -24294.759013	       -0.361830	       -0.000000	     +213.433585	     +213.433585
              13	              85	      +21.153857	      +25.562870	      +28.694474	     +189.457581	       -1.758750	       +0.000000	       -2.215456	   -25642.196869	       -0.361596	       -0.000000	     +214.177848	     +214.177848
              13	              86	      +21.528349	      +25.937363	     -182.331039	     +268.226161	       -2.765531	       +0.000000	       -3.047674	   +32519.232532	       -0.356884	       -0.000000	      +80.081917	      +80.081917
              13	              87	      +21.532873	      +25.941887	     -183.940053	     +269.062445	       -2.770585	       +0.000000	       -3.044550	   +32701.303173	       -0.356827	       -0.000000	      +79.307257	      +79.307257
              13	              88	      +22.096333	      +26.505347	     -181.989119	     +268.471065	       -2.911743	       +0.000000	       -2.713466	   +58505.917259	       -0.349966	       -0.000000	      +80.856738	      +80.856738
              13	              89	      +22.098257	      +26.507271	     -180.879493	     +267.714652	       -2.905748	       +0.000000	       -2.703872	   +58031.510798	       -0.349943	       -0.000000	      +81.225539	      +81.225539
              13	              90	      +22.640336	      +27.049349	      -49.756884	     +198.856282	       -2.098278	       +0.000000	       -2.339070	    -3365.562156	       -0.343587	       -0.000000	     +144.662050	     +144.662050
              13	              91	      +22.645723	      +27.054736	      -48.345355	     +198.094253	       -2.088721	       +0.000000	       -2.350227	    -3999.820286	       -0.343525	       -0.000000	     +145.309950	     +145.309950
              13	              92	      +22.798631	      +27.207645	      -33.567818	     +227.555796	       -2.163899	       +0.000000	       -2.056293	   +91432.487773	       -0.341775	       -0.000000	     +189.767786	     +189.767786
              13	              93	      +22.799409	      +27.208423	      -37.482770	     +228.713796	       -2.183092	       +0.000000	       -2.057368	   +93233.233676	       -0.341766	       -0.000000	     +186.990566	     +186.990566
              13	              94	      +23.679967	      +28.088981	     -111.031841	     +215.028790	       -2.361030	       +0.000000	       -2.328474	   +27384.632750	       -0.332022	       -0.000000	      +99.307445	      +99.307445
              13	              95	      +23.683928	      +28.092942	     -108.968676	     +213.403656	       -2.349705	       +0.000000	       -2.343836	   +22701.531229	       -0.331979	       -0.000000	      +99.741438	      +99.741438
              13	              96	      +23.952066	      +28.361079	     -195.020758	     +278.217692	       -2.799328	       +0.000000	       -2.816528	   +33463.530676	       -0.329123	       -0.000000	      +77.581078	      +77.581078
              13	              97	      +23.979216	      +28.388229	     -194.947644	     +277.457199	       -2.799801	       +0.000000	       -2.828861	   +32338.171735	       -0.328836	       -0.000000	      +76.880893	      +76.880893
              13	              98	      +24.160319	      +28.569333	      -93.175089	     +237.390605	       -2.247844	       +0.000000	       -2.072480	   +36239.720966	       -0.326937	       -0.000000	     +139.895192	     +139.895192
              13	              99	      +24.160687	      +28.569700	      -93.050419	     +237.712032	       -2.250274	       +0.000000	       -2.058863	   +36988.816104	       -0.326934	       -0.000000	     +140.352477	     +140.352477

k-point 14:
              14	               0	      -65.401753	      -60.992739	     -633.648116	     +590.275929	      -39.333206	       -2.208900	       -7.823450	   +17548.749004	       +0.160760	       +0.000000	      -90.528843	      -90.528843
              14	               1	      -65.401749	      -60.992735	     -633.648156	     +590.275929	      -39.333206	       -2.208900	       -7.420981	   +16633.773165	       +0.160760	       +0.000000	      -90.126413	      -90.126413
              14	               2	      -42.229735	      -37.820721	     -603.717109	     +585.472543	      -33.214971	       -2.208900	       +0.426234	  -195654.853761	       +0.252472	       +0.000000	      -51.033304	      -51.033304
              14	               3	      -42.207313	      -37.798299	     -603.824597	     +584.720069	      -33.268360	       -2.208900	       +0.236352	  +206405.459748	       +0.252612	       +0.000000	      -52.136536	      -52.136536
              14	               4	      -39.712518	      -35.303504	     -602.535351	     +587.215368	      -32.523940	       -2.208900	       +4.405897	  -279305.775395	       +0.269152	       +0.000000	      -43.438027	      -43.438027
              14	               5	      -39.665405	      -35.256391	     -602.958367	     +585.988861	      -32.609876	       -2.208900	       +4.372014	  +262814.800405	       +0.269485	       +0.000000	      -45.207368	      -45.207368
              14	               6	      -39.615870	      -35.206856	     -593.750843	     +577.582509	      -32.572582	       -2.208900	       -4.245158	    +2711.934279	       +0.269837	       +0.000000	      -52.986075	      -52.986075
              14	               7	      -39.600708	      -35.191694	     -593.967106	     +577.280967	      -32.599624	       -2.208900	       -4.327098	  +170257.586979	       +0.269944	       +0.000000	      -53.612861	      -53.612861
              14	               8	      -17.264211	      -12.855197	     -392.309694	     +383.339832	      -21.803340	       -2.208900	       +5.828322	   +20538.826858	       +0.655165	       +0.000001	      -24.944880	      -24.944880
              14	               9	      -17.213289	      -12.804275	     -381.692703	     +377.380906	      -21.781457	       -2.208900	       +6.003617	   +42484.541359	       +0.657303	       +0.000001	      -20.089638	      -20.089638
              14	              10	      -17.209746	      -12.800732	     -381.521853	     +377.189698	      -21.777958	       -2.208900	       +6.014011	   +42256.874474	       +0.657453	       +0.000001	      -20.096103	      -20.096103
              14	              11	      -17.200956	      -12.791942	     -391.207318	     +382.210092	      -21.822495	       -2.208900	       +5.831232	   +18189.083723	       +0.657823	       +0.000001	      -24.988489	      -24.988489
              14	              12	      -10.766231	       -6.357217	     -418.764713	     +417.985336	      -17.879627	       -2.208900	       +3.600930	   -19347.667587	       +0.801585	       +0.000001	      -15.058074	      -14.020453
              14	              13	      -10.757805	       -6.348792	     -420.097563	     +419.282429	      -17.893210	       -2.208900	       +3.577113	   -25703.265221	       +0.801594	       +0.000001	      -15.131232	      -14.074423
              14	              14	       -9.906112	       -5.497098	     -379.755444	     +378.861917	      -17.373697	       -2.208900	       +3.705714	   +69740.839058	       +0.801347	       +0.000001	      -14.561510	      -13.223876
              14	              15	       -9.870739	       -5.461726	     -379.990962	     +379.108598	      -17.350101	       -2.208900	       +3.683504	   +65964.901757	       +0.801424	       +0.000001	      -14.548961	      -13.207696
              14	              16	       -9.445776	       -5.036763	     -393.967626	     +395.219640	      -16.033068	       -2.208900	       +2.908726	   -73384.317580	       +0.801426	       +0.000001	      -11.872327	      -11.259953
              14	              17	       -9.385695	       -4.976681	     -392.139234	     +393.392977	      -16.093579	       -2.208900	       +2.907545	   -78961.379806	       +0.801392	       +0.000001	      -11.932291	      -11.289392
              14	              18	       -8.878070	       -4.469056	     -366.047940	     +372.107029	      -17.673213	       -2.208900	       +3.167455	    -3347.729196	       +0.801408	       +0.000001	       -8.446669	       -8.552970
              14	              19	       -8.854908	       -4.445894	     -369.281550	     +375.599581	      -17.745364	       -2.208900	       +3.156558	   -11038.230741	       +0.801454	       +0.000001	       -8.270775	       -8.414764
              14	              20	       -8.284119	       -3.875105	     -343.502271	     +347.010883	      -16.292216	       -2.208900	       +3.012369	   -21917.410099	       +0.801565	       +0.000001	       -9.771235	       -9.420163
              14	              21	       -8.234566	       -3.825552	     -343.343210	     +346.839825	      -16.235239	       -2.208900	       +2.982286	   -29567.861904	       +0.801615	       +0.000001	       -9.756339	       -9.400346
              14	              22	       -7.583150	       -3.174137	     -338.291092	     +339.994646	      -17.710483	       -2.208900	       +2.689255	   +30782.552624	       +0.801621	       +0.000001	      -13.317673	      -11.893614
              14	              23	       -7.561274	       -3.152260	     -337.388883	     +339.223604	      -17.665742	       -2.208900	       +2.676884	   +29125.977580	       +0.801603	       +0.000001	      -13.154136	      -11.779508
              14	              24	       -5.409091	       -1.000077	     -494.303446	     +507.891384	      -16.951238	       -2.208900	       +0.706732	  -133973.512729	       +0.801340	       +0.000001	       -2.656567	       -3.318547
              14	              25	       -5.275093	       -0.866079	     -492.037644	     +505.456589	      -16.672623	       -2.208900	       +0.568195	  -101115.397295	       +0.801575	       +0.000001	       -2.685483	       -3.306259
              14	              26	       -3.542935	       +0.866079	     -513.536133	     +524.386575	      -13.311095	       +0.000000	       -4.476014	  +337221.274833	       -0.801575	       -0.000001	       -6.936667	       -6.520563
              14	              27	       -3.539281	       +0.869733	     -513.036505	     +523.931957	      -13.240669	       +0.000000	       -4.525770	  +340026.324425	       -0.801571	       -0.000001	       -6.870986	       -6.482489
              14	              28	       -2.366516	       +2.042498	     -390.393342	     +409.815188	      -10.422819	       +0.000000	       -3.803149	   +46485.645216	       -0.801438	       -0.000001	       +5.195878	       +3.294487
              14	              29	       -2.336867	       +2.072147	     -390.940125	     +410.327035	      -10.429517	       +0.000000	       -3.803695	   +34033.229557	       -0.801495	       -0.000001	       +5.153697	       +3.231670
              14	              30	       -1.816692	       +2.592322	     -463.090785	     +477.075952	      -12.189627	       +0.000000	       -3.923630	  +122112.789801	       -0.801529	       -0.000001	       -2.128090	       -2.047504
              14	              31	       -1.687885	       +2.721129	     -465.255253	     +479.282209	      -12.060034	       +0.000000	       -4.030501	  +128668.653947	       -0.801643	       -0.000001	       -2.063580	       -1.967169
              14	              32	       -0.441932	       +3.967081	     -464.587753	     +487.464110	      -11.574756	       +0.000000	       -4.472946	   +25188.285364	       -0.801413	       -0.000001	       +6.828655	       +7.226440
              14	              33	       -0.365453	       +4.043561	     -465.195809	     +488.027976	      -11.525865	       +0.000000	       -4.468466	   +19056.180547	       -0.801440	       -0.000001	       +6.837836	       +7.360309
              14	              34	       +2.027517	       +6.436531	     -362.047237	     +377.240711	       -6.965724	       +0.000000	       -4.415575	   +15378.364645	       -0.801472	       -0.000001	       +3.812176	       +3.406312
              14	              35	       +2.166009	       +6.575023	     -359.614408	     +375.142054	       -6.918043	       +0.000000	       -4.403897	   +12187.576956	       -0.801500	       -0.000001	       +4.205706	       +3.748773
              14	              36	       +2.546329	       +6.955343	     -286.826222	     +304.694325	       -5.496584	       +0.000000	       -4.461524	   +31975.247980	       -0.801436	       -0.000001	       +7.909995	       +6.407012
              14	              37	       +2.549616	       +6.958630	     -286.272469	     +304.127267	       -5.486838	       +0.000000	       -4.461849	   +35241.886640	       -0.801430	       -0.000001	       +7.906112	       +6.378472
              14	              38	       +4.795571	       +9.204584	     -218.872450	     +236.141405	       -4.230497	       +0.000000	       -3.629373	  -106886.198711	       -0.801638	       -0.000001	       +9.409085	       +8.299798
              14	              39	       +4.805630	       +9.214644	     -218.844367	     +236.139842	       -4.229263	       +0.000000	       -3.645187	  -108010.989437	       -0.801641	       -0.000001	       +9.421024	       +8.243815
              14	              40	       +5.763805	      +10.172818	     -331.931398	     +350.990585	       -6.169386	       +0.000000	       -5.176250	    -1004.502860	       -0.790662	       -0.000001	       +7.713550	       +7.619320
              14	              41	       +5.819486	      +10.228500	     -330.281250	     +349.401109	       -6.173583	       +0.000000	       -5.090411	     +906.604209	       -0.787283	       -0.000001	       +7.855865	       +7.837093
              14	              42	       +6.369919	      +10.778933	     -358.839438	     +374.131992	       -5.727418	       +0.000000	       -4.996364	   +47560.387932	       -0.755363	       -0.000001	       +4.568772	       +4.568772
              14	              43	       +6.388270	      +10.797283	     -359.583564	     +374.704450	       -5.738521	       +0.000000	       -4.986039	   +49201.803084	       -0.754343	       -0.000001	       +4.396326	       +4.396326
              14	              44	       +7.152657	      +11.561671	     -196.018631	     +218.621113	       -4.467086	       +0.000000	       -4.882001	   -53933.736959	       -0.714186	       -0.000001	      +13.253395	      +13.253395
              14	              45	       +7.168996	      +11.578010	     -196.344002	     +218.859274	       -4.461880	       +0.000000	       -4.850010	   -54271.056525	       -0.713374	       -0.000001	      +13.203382	      +13.203382
              14	              46	       +7.275098	      +11.684111	     -297.490131	     +320.509878	       -5.465847	       +0.000000	       -4.911315	  -102896.406351	       -0.708147	       -0.000001	      +12.642586	      +12.642586
              14	              47	       +7.335306	      +11.744320	     -296.135234	     +319.302954	       -5.448620	       +0.000000	       -4.888852	  -102110.606671	       -0.705215	       -0.000001	      +12.830248	      +12.830248
              14	              48	       +7.705667	      +12.114681	     -309.935312	     +337.196528	       -5.384386	       +0.000000	       -2.535993	  +189344.047527	       -0.687700	       -0.000001	      +19.340839	      +19.340839
              14	              49	       +7.735533	      +12.144547	     -310.320157	     +337.550417	       -5.394173	       +0.000000	       -2.468718	  +178645.364715	       -0.686326	       -0.000001	      +19.367369	      +19.367369
              14	              50	       +7.753142	      +12.162156	     -323.356940	     +343.553605	       -5.687385	       +0.000000	       -5.417018	   -86197.960960	       -0.685518	       -0.000001	       +9.092262	       +9.092262
              14	              51	       +7.772107	      +12.181121	     -323.365249	     +343.564853	       -5.680731	       +0.000000	       -5.428338	   -80868.546316	       -0.684650	       -0.000001	       +9.090535	       +9.090535
              14	              52	       +9.011498	      +13.420512	     -165.072134	     +185.708509	       -3.764978	       +0.000000	       -4.251950	   -16912.434336	       -0.632327	       -0.000001	      +12.619448	      +12.619448
              14	              53	       +9.011504	      +13.420518	     -165.095770	     +185.708509	       -3.764978	       +0.000000	       -4.249709	   -16855.827837	       -0.632327	       -0.000001	      +12.598053	      +12.598053
              14	              54	      +10.574251	      +14.983265	     -210.282386	     +239.134614	       -3.141176	       +0.000000	       -4.066858	   -46191.146505	       -0.576751	       -0.000000	      +21.644194	      +21.644194
              14	              55	      +10.635186	      +15.044200	     -210.980443	     +240.004151	       -3.135102	       +0.000000	       -4.055799	   -45456.485529	       -0.574781	       -0.000000	      +21.832808	      +21.832808
              14	              56	      +11.716412	      +16.125426	     -150.876647	     +185.736873	       -3.236434	       +0.000000	       -2.044313	   -53915.727345	       -0.541938	       -0.000000	      +29.579479	      +29.579479
              14	              57	      +11.720744	      +16.129758	     -149.885875	     +184.797796	       -3.231250	       +0.000000	       -2.133425	   -52348.446857	       -0.541814	       -0.000000	      +29.547247	      +29.547247
              14	              58	      +12.955239	      +17.364253	      -47.283049	      +93.924472	       -2.457243	       +0.000000	       -3.086269	   -24185.904507	       -0.508639	       -0.000000	      +41.097911	      +41.097911
              14	              59	      +12.958489	      +17.367502	      -57.208534	     +103.147300	       -2.530707	       +0.000000	       -3.129858	   -26303.366071	       -0.508557	       -0.000000	      +40.278201	      +40.278201
              14	              60	      +13.252671	      +17.661685	     -277.911162	     +311.419143	       -3.824431	       +0.000000	       -4.046385	   -99928.399213	       -0.501244	       -0.000000	      +25.637165	      +25.637165
              14	              61	      +13.342427	      +17.751441	      -61.068876	     +105.936261	       -2.261334	       +0.000000	       -2.580400	   -97020.891327	       -0.499055	       -0.000000	      +40.025651	      +40.025651
              14	              62	      +13.364059	      +17.773073	     -132.758316	     +173.861189	       -2.790265	       +0.000000	       -3.016208	  -102158.007368	       -0.498530	       -0.000000	      +35.296399	      +35.296399
              14	              63	      +13.476003	      +17.885017	     -358.206228	     +387.467313	       -4.379305	       +0.000000	       -4.495975	  -111414.947288	       -0.495832	       -0.000000	      +20.385804	      +20.385804
              14	              64	      +14.107595	      +18.516609	     -105.969320	     +149.173813	       -2.934821	       +0.000000	       -3.513294	   +77348.449805	       -0.481139	       -0.000000	      +36.756378	      +36.756378
              14	              65	      +14.113370	      +18.522384	     -105.645824	     +148.900118	       -2.935691	       +0.000000	       -3.513169	   +75651.519481	       -0.481008	       -0.000000	      +36.805433	      +36.805433
              14	              66	      +14.875279	      +19.284292	      -75.453903	     +146.760408	       -2.878453	       +0.000000	       -3.059404	   +55116.345159	       -0.464411	       -0.000000	      +65.368648	      +65.368648
              14	              67	      +14.890626	      +19.299640	      -75.880135	     +147.298153	       -2.886032	       +0.000000	       -3.037880	   +54619.979007	       -0.464089	       -0.000000	      +65.494107	      +65.494107
              14	              68	      +15.448254	      +19.857268	     -149.157134	     +216.526393	       -3.238349	       +0.000000	       -3.314711	   -52839.663901	       -0.452666	       -0.000000	      +60.816200	      +60.816200
              14	              69	      +15.467093	      +19.876107	     -148.545160	     +216.296746	       -3.228912	       +0.000000	       -3.309611	   -49700.443112	       -0.452289	       -0.000000	      +61.213063	      +61.213063
              14	              70	      +17.704695	      +22.113709	     -122.874910	     +229.280536	       -2.737403	       +0.000000	       -2.599379	   +13179.356840	       -0.411663	       -0.000000	     +101.068844	     +101.068844
              14	              71	      +17.719314	      +22.128328	     -122.911296	     +229.704031	       -2.731673	       +0.000000	       -2.624044	   +15077.484722	       -0.411421	       -0.000000	     +101.437017	     +101.437017
              14	              72	      +19.267540	      +23.676554	     -294.171267	     +329.291788	       -3.191320	       +0.000000	       -3.781966	   +30768.427032	       -0.387361	       -0.000000	      +28.147235	      +28.147235
              14	              73	      +19.267695	      +23.676708	     -294.384729	     +329.469056	       -3.190102	       +0.000000	       -3.785580	   +28948.831094	       -0.387359	       -0.000000	      +28.108644	      +28.108644
              14	              74	      +20.137514	      +24.546528	     -283.365351	     +347.664763	       -3.635561	       +0.000000	       -3.993276	   -12409.909282	       -0.375036	       -0.000000	      +56.670575	      +56.670575
              14	              75	      +20.164076	      +24.573090	     -274.621678	     +342.731388	       -3.600390	       +0.000000	       -3.959000	   -11430.692508	       -0.374672	       -0.000000	      +60.550319	      +60.550319
              14	              76	      +20.174201	      +24.583214	     -310.090459	     +355.632697	       -3.765784	       +0.000000	       -2.750285	  +110747.048302	       -0.374534	       -0.000000	      +39.026168	      +39.026168
              14	              77	      +20.177655	      +24.586669	     -311.978670	     +356.909029	       -3.784213	       +0.000000	       -2.623047	  +114286.675724	       -0.374487	       -0.000000	      +38.523098	      +38.523098
              14	              78	      +20.213239	      +24.622253	      -58.350562	     +176.508197	       -2.195326	       +0.000000	       -2.768390	   +16796.837346	       -0.374001	       -0.000000	     +113.193918	     +113.193918
              14	              79	      +20.220905	      +24.629919	      -56.604147	     +175.396214	       -2.182076	       +0.000000	       -2.761013	   +14841.242403	       -0.373896	       -0.000000	     +113.848978	     +113.848978
              14	              80	      +20.465450	      +24.874464	     +198.473273	      +96.661081	       -1.083733	       +0.000000	       -1.615868	    -2396.733016	       -0.370592	       -0.000000	     +292.434754	     +292.434754
              14	              81	      +20.480211	      +24.889225	     +201.157414	      +96.438655	       -1.083372	       +0.000000	       -1.604459	    -2350.981023	       -0.370394	       -0.000000	     +294.908239	     +294.908239
              14	              82	      +20.512609	      +24.921623	      +42.669151	     +181.933519	       -1.791576	       +0.000000	       -2.162406	     -472.876096	       -0.369961	       -0.000000	     +220.648688	     +220.648688
              14	              83	      +20.520726	      +24.929740	     -250.310571	     +310.468240	       -3.575742	       +0.000000	       -3.874931	   -82312.196279	       -0.369853	       -0.000000	      +52.706995	      +52.706995
              14	              84	      +20.526788	      +24.935801	     +111.471350	     +149.505681	       -1.400385	       +0.000000	       -1.802016	   +12632.222473	       -0.369772	       -0.000000	     +257.774630	     +257.774630
              14	              85	      +20.554461	      +24.963475	     -193.626455	     +284.572902	       -3.236550	       +0.000000	       -3.533082	   -69293.687254	       -0.369404	       -0.000000	      +84.176814	      +84.176814
              14	              86	      +21.406838	      +25.815851	     -177.064061	     +264.091262	       -3.078553	       +0.000000	       -3.513688	   +72858.084648	       -0.358399	       -0.000000	      +80.434959	      +80.434959
              14	              87	      +21.420543	      +25.829557	     -174.768980	     +262.640015	       -3.065605	       +0.000000	       -3.503403	   +72936.359159	       -0.358228	       -0.000000	      +81.302027	      +81.302027
              14	              88	      +21.673206	      +26.082220	       -2.954833	     +165.208146	       -1.825628	       +0.000000	       -2.193235	   -11227.708492	       -0.355093	       -0.000000	     +158.234450	     +158.234450
              14	              89	      +21.673824	      +26.082837	       -3.539524	     +165.695938	       -1.831309	       +0.000000	       -2.185145	   -11259.130454	       -0.355086	       -0.000000	     +158.139960	     +158.139960
              14	              90	      +21.730669	      +26.139683	     +165.806377	     +139.805146	       -1.361222	       +0.000000	       -1.537438	    -1514.655670	       -0.354388	       -0.000000	     +302.712862	     +302.712862
              14	              91	      +21.732629	      +26.141642	     +166.100995	     +139.780157	       -1.356209	       +0.000000	       -1.543710	    -2523.439268	       -0.354364	       -0.000000	     +302.981233	     +302.981233
              14	              92	      +22.792822	      +27.201836	     -269.127241	     +339.629652	       -3.632830	       +0.000000	       -1.971339	  +268183.850198	       -0.341841	       -0.000000	      +64.898243	      +64.898243
              14	              93	      +22.797310	      +27.206324	     -269.619533	     +339.726722	       -3.643157	       +0.000000	       -2.045210	  +277353.176694	       -0.341790	       -0.000000	      +64.418823	      +64.418823
              14	              94	      +22.829911	      +27.238925	     -201.122417	     +268.240058	       -2.578547	       +0.000000	       -3.020951	   +33363.042944	       -0.341419	       -0.000000	      +61.518143	      +61.518143
              14	              95	      +22.891091	      +27.300104	     -206.325195	     +269.825094	       -2.596671	       +0.000000	       -3.042013	   +28722.749158	       -0.340725	       -0.000000	      +57.861215	      +57.861215
              14	              96	      +23.836684	      +28.245698	      +86.568231	     +148.034056	       -1.181988	       +0.000000	       -1.754777	   -19350.142128	       -0.330346	       -0.000000	     +231.665522	     +231.665522
              14	              97	      +23.839576	      +28.248590	      +84.899897	     +148.872511	       -1.189439	       +0.000000	       -1.762220	   -19416.599087	       -0.330315	       -0.000000	     +230.820748	     +230.820748
              14	              98	      +23.928702	      +28.337716	      -83.597624	     +245.854073	       -2.539775	       +0.000000	       -2.752614	    +4751.353403	       -0.329370	       -0.000000	     +156.964060	     +156.964060
              14	              99	      +23.929768	      +28.338782	      -85.760525	     +246.899142	       -2.560164	       +0.000000	       -2.770767	    +4273.282951	       -0.329358	       -0.000000	     +155.807687	     +155.807687

k-point 15:
              15	               0	      -65.468366	      -61.059353	     -633.764260	     +591.487315	      -39.338470	       -2.208900	       -5.042440	   +11490.160810	       +0.160593	       +0.000000	      -86.657855	      -86.657855
              15	               1	      -65.468363	      -61.059350	     -633.764284	     +591.487315	      -39.338470	       -2.208900	       -4.846350	   +11242.560187	       +0.160593	       +0.000000	      -86.461789	      -86.461789
              15	               2	      -42.219225	      -37.810211	     -603.725834	     +585.118199	      -33.224832	       -2.208900	       +2.373868	  -113341.220677	       +0.252537	       +0.000000	      -49.458599	      -49.458599
              15	               3	      -42.204416	      -37.795402	     -603.795233	     +584.789605	      -33.260201	       -2.208900	       +2.235680	   +95430.739305	       +0.252630	       +0.000000	      -50.030148	      -50.030148
              15	               4	      -39.715679	      -35.306665	     -600.320417	     +584.118499	      -32.557251	       -2.208900	       +3.186097	   -93164.403649	       +0.269130	       +0.000000	      -45.573072	      -45.573072
              15	               5	      -39.696202	      -35.287188	     -599.283279	     +582.617977	      -32.594414	       -2.208900	       +2.624827	   +92635.857752	       +0.269268	       +0.000000	      -46.634889	      -46.634889
              15	               6	      -39.570623	      -35.161609	     -596.446010	     +580.035080	      -32.581753	       -2.208900	       +1.158490	   +40257.548063	       +0.270158	       +0.000000	      -47.834194	      -47.834194
              15	               7	      -39.568905	      -35.159891	     -597.619684	     +581.135150	      -32.583784	       -2.208900	       +1.680821	   +47294.687822	       +0.270171	       +0.000000	      -47.387497	      -47.387497
              15	               8	      -17.545459	      -13.136446	     -390.672812	     +382.274148	      -21.765159	       -2.208900	       +5.796818	   +10884.694481	       +0.643600	       +0.000001	      -24.367005	      -24.367005
              15	               9	      -17.506053	      -13.097039	     -390.004214	     +381.604738	      -21.775365	       -2.208900	       +5.793599	    +9793.623066	       +0.645196	       +0.000001	      -24.381242	      -24.381242
              15	              10	      -17.368634	      -12.959620	     -378.869689	     +373.128690	      -21.741879	       -2.208900	       +5.950869	    +2713.347564	       +0.650823	       +0.000001	      -21.532009	      -21.532009
              15	              11	      -17.365576	      -12.956562	     -378.802488	     +373.037408	      -21.740314	       -2.208900	       +5.946067	    +1911.702108	       +0.650949	       +0.000001	      -21.559327	      -21.559327
              15	              12	      -10.630582	       -6.221569	     -399.456133	     +399.646939	      -17.284412	       -2.208900	       +3.792985	    +8716.277289	       +0.801643	       +0.000001	      -13.300620	      -12.576314
              15	              13	      -10.619141	       -6.210128	     -399.119030	     +399.303137	      -17.295069	       -2.208900	       +3.793006	    +9098.597464	       +0.801640	       +0.000001	      -13.317956	      -12.583281
              15	              14	      -10.254313	       -5.845300	     -401.624873	     +402.275303	      -17.554692	       -2.208900	       +3.498003	   +50933.320914	       +0.801597	       +0.000001	      -13.406258	      -12.585313
              15	              15	      -10.244392	       -5.835378	     -402.397491	     +403.043106	      -17.556556	       -2.208900	       +3.478763	   +47826.515903	       +0.801606	       +0.000001	      -13.432178	      -12.602092
              15	              16	       -9.147470	       -4.738456	     -379.299696	     +383.019414	      -17.499932	       -2.208900	       +3.154634	   +25630.693155	       +0.801646	       +0.000001	      -10.625580	      -10.238221
              15	              17	       -9.142133	       -4.733120	     -381.741980	     +385.569886	      -17.546016	       -2.208900	       +3.150383	   +22842.664227	       +0.801645	       +0.000001	      -10.567727	      -10.197328
              15	              18	       -8.577071	       -4.168057	     -384.051552	     +388.134439	      -17.385024	       -2.208900	       +2.869208	   +17079.819319	       +0.801616	       +0.000001	      -10.432929	       -9.986965
              15	              19	       -8.560055	       -4.151041	     -383.940897	     +387.971052	      -17.389013	       -2.208900	       +2.855112	   +17948.511733	       +0.801602	       +0.000001	      -10.503746	      -10.042748
              15	              20	       -7.703408	       -3.294394	     -380.050042	     +383.395248	      -16.268866	       -2.208900	       +2.320599	   +11619.446642	       +0.801634	       +0.000001	      -10.603061	       -9.846413
              15	              21	       -7.638031	       -3.229017	     -379.764875	     +383.165328	      -16.281373	       -2.208900	       +2.295720	    +7700.904421	       +0.801645	       +0.000001	      -10.585200	       -9.840116
              15	              22	       -7.117232	       -2.708218	     -327.172551	     +332.038607	      -16.896401	       -2.208900	       +2.555422	    +3113.844185	       +0.801639	       +0.000001	       -9.474923	       -8.878029
              15	              23	       -7.105351	       -2.696337	     -327.962532	     +332.795940	      -16.871581	       -2.208900	       +2.542224	     -810.100670	       +0.801634	       +0.000001	       -9.495948	       -8.890233
              15	              24	       -5.867653	       -1.458639	     -472.027498	     +482.522451	      -16.915682	       -2.208900	       +0.864998	  -183159.795033	       +0.801430	       +0.000001	       -5.555731	       -5.628576
              15	              25	       -5.764840	       -1.355826	     -470.508923	     +480.923963	      -16.756757	       -2.208900	       +0.757194	  -163190.050878	       +0.801587	       +0.000001	       -5.584522	       -5.626349
              15	              26	       -3.108348	       +1.300666	     -474.674356	     +487.568845	      -12.678779	       +0.000000	       -4.016974	   +79617.329642	       -0.801631	       -0.000001	       -3.801264	       -3.705964
              15	              27	       -3.088699	       +1.320315	     -468.609966	     +481.519696	      -12.559874	       +0.000000	       -3.890024	   +85889.909864	       -0.801618	       -0.000001	       -3.540167	       -3.472668
              15	              28	       -2.527624	       +1.881389	     -506.411239	     +521.206051	      -12.809899	       +0.000000	       -4.115188	   +77474.862596	       -0.801557	       -0.000001	       -2.130275	       -2.191159
              15	              29	       -2.424766	       +1.984248	     -501.384978	     +516.160921	      -12.563711	       +0.000000	       -4.097319	   +84260.494648	       -0.801376	       -0.000001	       -1.885087	       -1.973206
              15	              30	       -2.018797	       +2.390217	     -407.038735	     +424.009448	      -10.763622	       +0.000000	       -3.935143	   -85621.277608	       -0.801545	       -0.000001	       +2.271948	       +1.221231
              15	              31	       -2.014002	       +2.395012	     -409.224603	     +426.239106	      -10.787581	       +0.000000	       -3.938901	   -94812.908168	       -0.801538	       -0.000001	       +2.288021	       +1.222913
              15	              32	       -0.900251	       +3.508763	     -428.873079	     +446.791351	      -10.840099	       +0.000000	       -4.341095	    -8212.494285	       -0.801362	       -0.000001	       +2.737078	       +2.828494
              15	              33	       -0.871188	       +3.537826	     -430.937372	     +448.869553	      -10.832253	       +0.000000	       -4.367400	   -14238.350529	       -0.801428	       -0.000001	       +2.732529	       +2.789003
              15	              34	       +1.945954	       +6.354968	     -332.578025	     +347.679973	       -6.608732	       +0.000000	       -4.541563	   +30571.135466	       -0.801588	       -0.000001	       +3.951653	       +3.426774
              15	              35	       +1.983571	       +6.392585	     -329.169417	     +344.399759	       -6.546196	       +0.000000	       -4.534828	   +38751.147593	       -0.801542	       -0.000001	       +4.149318	       +3.582474
              15	              36	       +3.821254	       +8.230268	     -318.762032	     +335.330620	       -5.710911	       +0.000000	       -4.661602	   +15612.789872	       -0.801645	       -0.000001	       +6.196076	       +5.835666
              15	              37	       +3.848376	       +8.257390	     -311.310483	     +327.612509	       -5.663309	       +0.000000	       -4.627720	    +1502.360086	       -0.801645	       -0.000001	       +6.010997	       +5.658003
              15	              38	       +3.878470	       +8.287483	     -313.564152	     +330.003981	       -5.688024	       +0.000000	       -4.621183	    +7083.744884	       -0.801637	       -0.000001	       +6.130622	       +5.695968
              15	              39	       +3.888886	       +8.297899	     -319.971059	     +336.688473	       -5.709998	       +0.000000	       -4.641589	   +17558.797928	       -0.801632	       -0.000001	       +6.365827	       +5.942438
              15	              40	       +4.941519	       +9.350532	     -299.344250	     +319.307399	       -5.496677	       +0.000000	       -4.106043	   -45088.671937	       -0.801592	       -0.000001	      +10.360429	       +9.081999
              15	              41	       +4.945467	       +9.354481	     -304.429955	     +324.295755	       -5.577791	       +0.000000	       -4.129169	   -49813.258200	       -0.801588	       -0.000001	      +10.158840	       +8.877457
              15	              42	       +5.062526	       +9.471540	     -246.677477	     +265.780070	       -5.118856	       +0.000000	       -4.432938	   -80870.585440	       -0.801403	       -0.000001	       +9.550799	       +7.606927
              15	              43	       +5.065571	       +9.474585	     -247.010708	     +266.126469	       -5.122409	       +0.000000	       -4.397719	   -75822.106519	       -0.801397	       -0.000001	       +9.595634	       +7.573152
              15	              44	       +5.970863	      +10.379877	     -308.755694	     +328.060552	       -6.020123	       +0.000000	       -4.226016	   +18810.036592	       -0.778238	       -0.000001	       +9.058719	       +8.517891
              15	              45	       +5.985592	      +10.394606	     -307.589115	     +326.906570	       -6.012074	       +0.000000	       -4.189405	   +22354.945327	       -0.777369	       -0.000001	       +9.115976	       +8.598782
              15	              46	       +7.712110	      +12.121124	     -209.815691	     +231.125696	       -4.143324	       +0.000000	       -4.539867	    -8171.101608	       -0.687403	       -0.000001	      +12.626814	      +12.626814
              15	              47	       +7.716256	      +12.125270	     -209.554829	     +230.915265	       -4.137207	       +0.000000	       -4.533301	   -12679.418850	       -0.687212	       -0.000001	      +12.689928	      +12.689928
              15	              48	       +8.225864	      +12.634878	     -288.150470	     +311.654131	       -5.095534	       +0.000000	       -4.264063	    +4702.057924	       -0.664519	       -0.000001	      +14.144063	      +14.144063
              15	              49	       +8.236310	      +12.645323	     -288.109069	     +311.683490	       -5.096319	       +0.000000	       -4.261156	    +2819.971293	       -0.664069	       -0.000001	      +14.216947	      +14.216947
              15	              50	       +9.059452	      +13.468466	     -228.975719	     +252.477572	       -4.347815	       +0.000000	       -4.465378	   +33137.670278	       -0.630463	       -0.000001	      +14.688659	      +14.688659
              15	              51	       +9.065223	      +13.474236	     -230.373331	     +253.878844	       -4.357776	       +0.000000	       -4.469892	   +35037.280249	       -0.630239	       -0.000001	      +14.677844	      +14.677844
              15	              52	       +9.639267	      +14.048281	     -233.591784	     +258.495751	       -4.733155	       +0.000000	       -4.556041	   -99035.238500	       -0.608763	       -0.000000	      +15.614772	      +15.614772
              15	              53	       +9.642214	      +14.051227	     -232.696712	     +257.509979	       -4.722605	       +0.000000	       -4.538805	  -104107.771797	       -0.608656	       -0.000000	      +15.551857	      +15.551857
              15	              54	      +10.407411	      +14.816424	     -194.148990	     +232.344224	       -3.738736	       +0.000000	       -3.532227	   -26907.274576	       -0.582214	       -0.000000	      +30.924271	      +30.924271
              15	              55	      +10.439780	      +14.848794	     -198.143011	     +236.084311	       -3.774019	       +0.000000	       -3.529382	   -28624.277919	       -0.581146	       -0.000000	      +30.637899	      +30.637899
              15	              56	      +11.974972	      +16.383986	     -168.261597	     +205.755372	       -3.277368	       +0.000000	       -3.537337	   -36081.290108	       -0.534633	       -0.000000	      +30.679070	      +30.679070
              15	              57	      +11.982248	      +16.391262	     -173.149022	     +210.307860	       -3.333134	       +0.000000	       -3.545046	   -44620.946110	       -0.534430	       -0.000000	      +30.280658	      +30.280658
              15	              58	      +13.134247	      +17.543260	     -123.459982	     +170.304664	       -2.928863	       +0.000000	       -3.366065	   -47603.620404	       -0.504163	       -0.000000	      +40.549754	      +40.549754
              15	              59	      +13.137584	      +17.546597	     -126.053856	     +172.517741	       -2.937334	       +0.000000	       -3.365896	   -49775.471201	       -0.504080	       -0.000000	      +40.160655	      +40.160655
              15	              60	      +13.174717	      +17.583730	     -211.895467	     +247.536466	       -3.296756	       +0.000000	       -3.738639	   -83108.150240	       -0.503161	       -0.000000	      +28.605604	      +28.605604
              15	              61	      +13.179384	      +17.588398	     -218.597269	     +253.354402	       -3.317939	       +0.000000	       -3.771728	   -84034.048525	       -0.503046	       -0.000000	      +27.667466	      +27.667466
              15	              62	      +14.314040	      +18.723054	     -162.366487	     +212.579302	       -3.421427	       +0.000000	       -3.580030	   +57307.170188	       -0.476523	       -0.000000	      +43.211357	      +43.211357
              15	              63	      +14.317396	      +18.726410	     -162.060759	     +212.365775	       -3.420166	       +0.000000	       -3.569489	   +57614.212878	       -0.476449	       -0.000000	      +43.315361	      +43.315361
              15	              64	      +14.782152	      +19.191166	     -180.779313	     +227.704828	       -3.194825	       +0.000000	       -3.521734	    +2150.582116	       -0.466378	       -0.000000	      +40.208955	      +40.208955
              15	              65	      +14.823562	      +19.232576	     -178.948366	     +225.991923	       -3.166096	       +0.000000	       -3.505895	    -1217.745725	       -0.465502	       -0.000000	      +40.371565	      +40.371565
              15	              66	      +15.868758	      +20.277771	     -188.687182	     +272.132785	       -3.456969	       +0.000000	       -3.391521	   -27147.969292	       -0.444416	       -0.000000	      +76.597113	      +76.597113
              15	              67	      +15.902556	      +20.311570	     -191.821928	     +274.924637	       -3.486178	       +0.000000	       -3.397036	   -26210.453679	       -0.443766	       -0.000000	      +76.219495	      +76.219495
              15	              68	      +16.231175	      +20.640189	     -177.155603	     +224.262752	       -3.005450	       +0.000000	       -3.520757	   -28603.844276	       -0.437544	       -0.000000	      +40.580942	      +40.580942
              15	              69	      +16.237870	      +20.646883	     -175.160544	     +222.356204	       -2.992256	       +0.000000	       -3.504847	   -28466.435958	       -0.437419	       -0.000000	      +40.698557	      +40.698557
              15	              70	      +16.957433	      +21.366447	     -180.554554	     +229.805312	       -3.319539	       +0.000000	       -3.668100	   +81735.699098	       -0.424394	       -0.000000	      +42.263119	      +42.263119
              15	              71	      +16.962788	      +21.371802	     -183.861492	     +232.901336	       -3.347617	       +0.000000	       -3.674282	   +82035.250146	       -0.424299	       -0.000000	      +42.017945	      +42.017945
              15	              72	      +17.403832	      +21.812845	     -180.422601	     +247.370913	       -3.174813	       +0.000000	       -3.043320	   -39301.206299	       -0.416696	       -0.000000	      +60.730179	      +60.730179
              15	              73	      +17.455879	      +21.864893	     -179.001503	     +248.058352	       -3.155273	       +0.000000	       -3.093275	   -35452.677422	       -0.415816	       -0.000000	      +62.808302	      +62.808302
              15	              74	      +17.926378	      +22.335392	      -96.515088	     +234.695984	       -2.502950	       +0.000000	       -2.422030	   -40820.257116	       -0.408032	       -0.000000	     +133.255917	     +133.255917
              15	              75	      +17.928274	      +22.337288	      -92.302772	     +232.780905	       -2.480117	       +0.000000	       -2.422746	   -38443.262111	       -0.408001	       -0.000000	     +135.575271	     +135.575271
              15	              76	      +18.305840	      +22.714854	      -59.589685	     +156.964978	       -1.926168	       +0.000000	       -2.652696	   -42113.659467	       -0.401963	       -0.000000	      +92.796430	      +92.796430
              15	              77	      +18.308607	      +22.717620	      -58.904923	     +156.555610	       -1.923573	       +0.000000	       -2.653492	   -41675.539568	       -0.401919	       -0.000000	      +93.073621	      +93.073621
              15	              78	      +19.025693	      +23.434707	      -78.409017	     +221.675226	       -2.576856	       +0.000000	       -2.914225	    -3099.180353	       -0.390932	       -0.000000	     +137.775127	     +137.775127
              15	              79	      +19.025789	      +23.434802	      -76.233697	     +220.475846	       -2.563491	       +0.000000	       -2.902917	    -1647.223741	       -0.390931	       -0.000000	     +138.775741	     +138.775741
              15	              80	      +19.939287	      +24.348301	      -69.121385	     +228.501717	       -2.434497	       +0.000000	       -1.858779	   +82743.893142	       -0.377775	       -0.000000	     +155.087055	     +155.087055
              15	              81	      +19.940015	      +24.349029	      -68.336977	     +227.970554	       -2.431673	       +0.000000	       -1.846403	   +87959.976369	       -0.377765	       -0.000000	     +155.355501	     +155.355501
              15	              82	      +19.999147	      +24.408161	     -120.860168	     +239.117458	       -2.473982	       +0.000000	       -2.554078	   +43889.896487	       -0.376944	       -0.000000	     +113.229231	     +113.229231
              15	              83	      +20.005207	      +24.414221	     -119.696919	     +238.520468	       -2.469665	       +0.000000	       -2.543704	   +41645.093680	       -0.376860	       -0.000000	     +113.810178	     +113.810178
              15	              84	      +21.135561	      +25.544575	      +27.153212	     +190.263119	       -1.761150	       +0.000000	       -2.224039	    -4830.383723	       -0.361830	       -0.000000	     +213.431142	     +213.431142
              15	              85	      +21.153869	      +25.562883	      +28.694618	     +189.457284	       -1.758750	       +0.000000	       -2.215191	    -5210.344594	       -0.361596	       -0.000000	     +214.177961	     +214.177961
              15	              86	      +21.528341	      +25.937354	     -182.330622	     +268.226176	       -2.765537	       +0.000000	       -3.072939	   -16985.290275	       -0.356884	       -0.000000	      +80.057078	      +80.057078
              15	              87	      +21.532865	      +25.941878	     -183.939694	     +269.062488	       -2.770591	       +0.000000	       -3.077763	   -16433.521770	       -0.356828	       -0.000000	      +79.274441	      +79.274441
              15	              88	      +22.096326	      +26.505340	     -181.988726	     +268.471552	       -2.911746	       +0.000000	       -2.695274	   +58927.840500	       -0.349966	       -0.000000	      +80.875806	      +80.875806
              15	              89	      +22.098251	      +26.507265	     -180.879248	     +267.715204	       -2.905751	       +0.000000	       -2.690600	   +62422.779868	       -0.349943	       -0.000000	      +81.239605	      +81.239605
              15	              90	      +22.640344	      +27.049358	      -49.758952	     +198.857380	       -2.098287	       +0.000000	       -2.354386	   +43589.454147	       -0.343587	       -0.000000	     +144.645755	     +144.645755
              15	              91	      +22.645731	      +27.054744	      -48.347411	     +198.095349	       -2.088730	       +0.000000	       -2.353127	   +42956.913168	       -0.343525	       -0.000000	     +145.306080	     +145.306080
              15	              92	      +22.798633	      +27.207647	      -33.568222	     +227.555769	       -2.163900	       +0.000000	       -2.090368	   +63566.942049	       -0.341775	       -0.000000	     +189.733278	     +189.733278
              15	              93	      +22.799410	      +27.208424	      -37.483210	     +228.713773	       -2.183093	       +0.000000	       -2.091399	   +62432.533787	       -0.341766	       -0.000000	     +186.956071	     +186.956071
              15	              94	      +23.679960	      +28.088974	     -111.033114	     +215.028341	       -2.361029	       +0.000000	       -2.253984	   -33847.678804	       -0.332022	       -0.000000	      +99.380215	      +99.380215
              15	              95	      +23.683921	      +28.092935	     -108.970257	     +213.403407	       -2.349705	       +0.000000	       -2.262869	   -35827.839293	       -0.331980	       -0.000000	      +99.820576	      +99.820576
              15	              96	      +23.952070	      +28.361083	     -195.018940	     +278.216316	       -2.799316	       +0.000000	       -2.884109	   +27193.584623	       -0.329123	       -0.000000	      +77.513952	      +77.513952
              15	              97	      +23.979217	      +28.388231	     -194.945671	     +277.455744	       -2.799788	       +0.000000	       -2.897759	   +25634.123203	       -0.328836	       -0.000000	      +76.812526	      +76.812526
              15	              98	      +24.160328	      +28.569341	      -93.169844	     +237.388240	       -2.247822	       +0.000000	       -2.112631	   -14980.525924	       -0.326937	       -0.000000	     +139.857942	     +139.857942
              15	              99	      +24.160695	      +28.569709	      -93.045304	     +237.709695	       -2.250253	       +0.000000	       -2.094202	   -14760.775157	       -0.326933	       -0.000000	     +140.319936	     +140.319936

k-point 16:
              16	               0	      -65.505204	      -61.096190	     -633.777781	     +591.915737	      -39.349572	       -2.208900	       -4.223140	   +62004.122937	       +0.160500	       +0.000000	      -85.434756	      -85.434756
              16	               1	      -65.505204	      -61.096190	     -633.777781	     +591.915737	      -39.349572	       -2.208900	       -4.223235	   +61896.865156	       +0.160500	       +0.000000	      -85.434851	      -85.434851
              16	               2	      -42.186763	      -37.777749	     -603.693234	     +584.635752	      -33.239345	       -2.208900	       +2.764144	    -7440.219289	       +0.252739	       +0.000000	      -49.532683	      -49.532683
              16	               3	      -42.186763	      -37.777749	     -603.693234	     +584.635752	      -33.239345	       -2.208900	       +2.766000	   -12306.712810	       +0.252739	       +0.000000	      -49.530827	      -49.530827
              16	               4	      -39.675142	      -35.266128	     -597.974871	     +581.322404	      -32.577615	       -2.208900	       +2.689343	   +12199.110103	       +0.269417	       +0.000000	      -46.540739	      -46.540739
              16	               5	      -39.675142	      -35.266128	     -597.974867	     +581.322404	      -32.577615	       -2.208900	       +2.689429	   +12157.824229	       +0.269417	       +0.000000	      -46.540649	      -46.540649
              16	               6	      -39.538431	      -35.129418	     -599.270557	     +582.414154	      -32.579658	       -2.208900	       +2.677953	   +22583.158809	       +0.270388	       +0.000000	      -46.758108	      -46.758108
              16	               7	      -39.538431	      -35.129418	     -599.270561	     +582.414154	      -32.579658	       -2.208900	       +2.680085	   +18301.220025	       +0.270388	       +0.000000	      -46.755980	      -46.755980
              16	               8	      -18.072901	      -13.663888	     -388.723862	     +380.297283	      -21.714559	       -2.208900	       +5.809749	   +52659.886658	       +0.622978	       +0.000001	      -24.331389	      -24.331389
              16	               9	      -18.072901	      -13.663887	     -388.723861	     +380.297283	      -21.714559	       -2.208900	       +5.809760	   +52215.669047	       +0.622978	       +0.000001	      -24.331376	      -24.331376
              16	              10	      -17.618190	      -13.209176	     -372.423775	     +364.896020	      -21.686759	       -2.208900	       +5.827998	   -20730.750301	       +0.640676	       +0.000001	      -23.386515	      -23.386515
              16	              11	      -17.618190	      -13.209176	     -372.423775	     +364.896020	      -21.686759	       -2.208900	       +5.827603	   -20664.122499	       +0.640676	       +0.000001	      -23.386910	      -23.386910
              16	              12	      -10.544596	       -6.135582	     -419.382750	     +421.037774	      -17.666044	       -2.208900	       +3.695587	   -51636.269060	       +0.801586	       +0.000001	      -12.315433	      -11.840802
              16	              13	      -10.544596	       -6.135582	     -419.382749	     +421.037774	      -17.666044	       -2.208900	       +3.695541	   -51294.390815	       +0.801586	       +0.000001	      -12.315477	      -11.840798
              16	              14	       -9.558852	       -5.149838	     -379.423051	     +381.897634	      -17.204675	       -2.208900	       +3.205015	   +43720.980108	       +0.801601	       +0.000001	      -11.525076	      -10.998721
              16	              15	       -9.558852	       -5.149838	     -379.423053	     +381.897634	      -17.204675	       -2.208900	       +3.204965	   +43533.722007	       +0.801601	       +0.000001	      -11.525129	      -10.998727
              16	              16	       -9.179242	       -4.770228	     -372.771486	     +376.308749	      -17.036417	       -2.208900	       +3.092144	     +699.743183	       +0.801643	       +0.000001	      -10.407010	      -10.100715
              16	              17	       -9.179241	       -4.770228	     -372.771490	     +376.308749	      -17.036417	       -2.208900	       +3.092150	     +544.928451	       +0.801643	       +0.000001	      -10.407008	      -10.100706
              16	              18	       -8.134623	       -3.725609	     -442.233794	     +448.127845	      -18.014534	       -2.208900	       +2.376651	   +55338.512682	       +0.801644	       +0.000001	       -9.743832	       -9.399981
              16	              19	       -8.134623	       -3.725609	     -442.233793	     +448.127845	      -18.014534	       -2.208900	       +2.376524	   +53863.351902	       +0.801644	       +0.000001	       -9.743958	       -9.399964
              16	              20	       -7.026309	       -2.617295	     -314.876750	     +321.423664	      -16.429675	       -2.208900	       +2.533642	   +53809.046193	       +0.801564	       +0.000001	       -7.349120	       -7.265270
              16	              21	       -7.026309	       -2.617295	     -314.876754	     +321.423664	      -16.429675	       -2.208900	       +2.533573	   +53116.828520	       +0.801564	       +0.000001	       -7.349192	       -7.265326
              16	              22	       -6.612785	       -2.203771	     -420.518035	     +427.132209	      -17.110323	       -2.208900	       +1.965913	   +14317.003074	       +0.801637	       +0.000001	       -8.530236	       -8.063573
              16	              23	       -6.612784	       -2.203770	     -420.517887	     +427.132209	      -17.110323	       -2.208900	       +1.966386	   +20318.984925	       +0.801637	       +0.000001	       -8.529615	       -8.063060
              16	              24	       -6.332717	       -1.923703	     -452.415463	     +459.206831	      -16.650019	       -2.208900	       +0.976337	   -36277.561377	       +0.801494	       +0.000001	       -8.882313	       -8.343369
              16	              25	       -6.332716	       -1.923702	     -452.415301	     +459.206831	      -16.650019	       -2.208900	       +0.976914	   -28196.557632	       +0.801494	       +0.000001	       -8.881575	       -8.342635
              16	              26	       -3.126294	       +1.282720	     -471.305982	     +483.121042	      -12.508384	       +0.000000	       -3.346936	   +73101.973376	       -0.801639	       -0.000001	       -4.040260	       -3.819377
              16	              27	       -3.126293	       +1.282721	     -471.306117	     +483.121042	      -12.508384	       +0.000000	       -3.349054	   +53931.328891	       -0.801639	       -0.000001	       -4.042512	       -3.820972
              16	              28	       -2.998808	       +1.410206	     -440.911836	     +454.926002	      -11.751198	       +0.000000	       -4.041848	    -8453.288530	       -0.801516	       -0.000001	       -1.778879	       -2.030415
              16	              29	       -2.998807	       +1.410207	     -440.911961	     +454.926002	      -11.751198	       +0.000000	       -4.043430	   -24282.553975	       -0.801516	       -0.000001	       -1.780586	       -2.031886
              16	              30	       -1.891639	       +2.517375	     -423.381730	     +437.837433	      -10.708220	       +0.000000	       -3.997309	   -35687.458976	       -0.801382	       -0.000001	       -0.249826	       -0.655528
              16	              31	       -1.891639	       +2.517375	     -423.381737	     +437.837433	      -10.708220	       +0.000000	       -3.997624	   -39015.760996	       -0.801382	       -0.000001	       -0.250147	       -0.655777
              16	              32	       -1.279012	       +3.130002	     -408.920435	     +423.830497	      -11.226989	       +0.000000	       -4.149878	  -120187.927994	       -0.801580	       -0.000001	       -0.466805	       -0.621816
              16	              33	       -1.279011	       +3.130002	     -408.920440	     +423.830497	      -11.226989	       +0.000000	       -4.150068	  -120995.575589	       -0.801580	       -0.000001	       -0.467000	       -0.621981
              16	              34	       +2.651932	       +7.060946	     -333.205723	     +348.643459	       -6.146509	       +0.000000	       -5.204784	  +116305.375535	       -0.801475	       -0.000001	       +4.086442	       +3.458823
              16	              35	       +2.651932	       +7.060946	     -333.205723	     +348.643459	       -6.146509	       +0.000000	       -5.204543	  +115963.837953	       -0.801475	       -0.000001	       +4.086684	       +3.459123
              16	              36	       +2.909044	       +7.318058	     -306.441636	     +321.160957	       -5.579769	       +0.000000	       -4.521018	    +3475.258308	       -0.801620	       -0.000001	       +4.618534	       +4.282398
              16	              37	       +2.909044	       +7.318058	     -306.441635	     +321.160957	       -5.579769	       +0.000000	       -4.521392	    +3022.864391	       -0.801620	       -0.000001	       +4.618161	       +4.281530
              16	              38	       +3.282126	       +7.691139	     -317.279783	     +335.529807	       -6.188863	       +0.000000	       -5.231631	  -165196.207031	       -0.801631	       -0.000001	       +6.829530	      +30.331003
              16	              39	       +3.282126	       +7.691139	     -317.279782	     +335.529807	       -6.188863	       +0.000000	       -5.232382	  -164953.901364	       -0.801631	       -0.000001	       +6.828780	      +30.542790
              16	              40	       +5.167168	       +9.576182	     -197.517992	     +220.514955	       -4.690573	       +0.000000	       -4.702466	   +12708.218822	       -0.801502	       -0.000001	      +13.603924	      +11.303165
              16	              41	       +5.167168	       +9.576182	     -197.517990	     +220.514955	       -4.690573	       +0.000000	       -4.702504	   +12640.158384	       -0.801502	       -0.000001	      +13.603888	      +11.289329
              16	              42	       +5.582668	       +9.991682	     -276.984055	     +297.957867	       -5.844210	       +0.000000	       -3.094145	   -23235.538471	       -0.801359	       -0.000001	      +12.035457	       +8.392943
              16	              43	       +5.582668	       +9.991682	     -276.984051	     +297.957867	       -5.844210	       +0.000000	       -3.094332	   -23340.130248	       -0.801359	       -0.000001	      +12.035274	       +8.395243
              16	              44	       +7.149568	      +11.558582	     -356.575828	     +376.076453	       -6.069046	       +0.000000	       -5.303890	  -136633.448189	       -0.714340	       -0.000001	       +8.127690	       +8.127690
              16	              45	       +7.149568	      +11.558582	     -356.575809	     +376.076453	       -6.069046	       +0.000000	       -5.306446	  -137417.438662	       -0.714340	       -0.000001	       +8.125152	       +8.125152
              16	              46	       +7.620490	      +12.029504	     -163.886873	     +190.538977	       -3.824672	       +0.000000	       -3.967171	   -32477.634186	       -0.691651	       -0.000001	      +18.860262	      +18.860262
              16	              47	       +7.620490	      +12.029504	     -163.886872	     +190.538977	       -3.824672	       +0.000000	       -3.967364	   -32273.894444	       -0.691651	       -0.000001	      +18.860070	      +18.860070
              16	              48	       +7.714047	      +12.123060	     -293.822980	     +316.327337	       -4.865249	       +0.000000	       -4.225983	    +4114.333729	       -0.687314	       -0.000001	      +13.413126	      +13.413126
              16	              49	       +7.714047	      +12.123061	     -293.823013	     +316.327337	       -4.865249	       +0.000000	       -4.224790	    +4644.807554	       -0.687314	       -0.000001	      +13.414285	      +13.414285
              16	              50	       +9.159369	      +13.568383	     -304.334791	     +327.883279	       -4.957245	       +0.000000	       -4.703617	   +59047.466079	       -0.626614	       -0.000001	      +13.887626	      +13.887626
              16	              51	       +9.159369	      +13.568383	     -304.334790	     +327.883279	       -4.957245	       +0.000000	       -4.703203	   +58827.444146	       -0.626614	       -0.000001	      +13.888041	      +13.888041
              16	              52	       +9.701642	      +14.110656	     -195.385042	     +236.725144	       -3.730275	       +0.000000	       -3.562610	   +23491.044082	       -0.606517	       -0.000000	      +34.047216	      +34.047216
              16	              53	       +9.701642	      +14.110656	     -195.384902	     +236.725144	       -3.730275	       +0.000000	       -3.564219	   +22776.315401	       -0.606517	       -0.000000	      +34.045747	      +34.045747
              16	              54	      +10.083466	      +14.492480	     -329.259210	     +353.740908	       -5.351510	       +0.000000	       -4.853393	   -35113.175127	       -0.593123	       -0.000000	      +14.276795	      +14.276795
              16	              55	      +10.083467	      +14.492480	     -329.259107	     +353.740908	       -5.351510	       +0.000000	       -4.849702	   -35040.417907	       -0.593123	       -0.000000	      +14.280590	      +14.280590
              16	              56	      +10.160915	      +14.569929	     -270.706812	     +299.114515	       -4.687301	       +0.000000	       -4.724089	  -197157.651495	       -0.590478	       -0.000000	      +18.996312	      +18.996312
              16	              57	      +10.160915	      +14.569929	     -270.706846	     +299.114515	       -4.687301	       +0.000000	       -4.719562	  -195804.052797	       -0.590478	       -0.000000	      +19.000805	      +19.000805
              16	              58	      +12.372288	      +16.781302	     -307.658341	     +335.330033	       -5.545416	       +0.000000	       -4.992516	   -40863.072893	       -0.523784	       -0.000000	      +17.133760	      +17.133760
              16	              59	      +12.372288	      +16.781302	     -307.658339	     +335.330033	       -5.545416	       +0.000000	       -4.992683	   -40241.673283	       -0.523784	       -0.000000	      +17.133595	      +17.133595
              16	              60	      +13.551377	      +17.960391	      -96.883716	     +138.590946	       -2.050953	       +0.000000	       -2.857073	   -16461.548941	       -0.494031	       -0.000000	      +36.799204	      +36.799204
              16	              61	      +13.551377	      +17.960391	      -96.883716	     +138.590946	       -2.050953	       +0.000000	       -2.856598	   -16640.896780	       -0.494031	       -0.000000	      +36.799679	      +36.799679
              16	              62	      +13.877351	      +18.286365	      -73.920348	     +137.037198	       -2.049233	       +0.000000	       -3.031819	   -15038.607347	       -0.486393	       -0.000000	      +58.035798	      +58.035798
              16	              63	      +13.877351	      +18.286365	      -73.920341	     +137.037198	       -2.049233	       +0.000000	       -3.031515	   -15052.546762	       -0.486393	       -0.000000	      +58.036109	      +58.036109
              16	              64	      +14.834153	      +19.243167	      -48.447579	     +179.770444	       -2.620381	       +0.000000	       -2.160809	   +28582.754159	       -0.465278	       -0.000000	     +126.541675	     +126.541675
              16	              65	      +14.834153	      +19.243167	      -48.447568	     +179.770444	       -2.620381	       +0.000000	       -2.161659	   +29246.979355	       -0.465278	       -0.000000	     +126.540836	     +126.540836
              16	              66	      +15.592305	      +20.001318	      -99.485379	     +200.124613	       -2.826194	       +0.000000	       -2.982644	   +38457.012961	       -0.449805	       -0.000000	      +94.830395	      +94.830395
              16	              67	      +15.592305	      +20.001318	      -99.485372	     +200.124613	       -2.826194	       +0.000000	       -2.983379	   +38760.361074	       -0.449805	       -0.000000	      +94.829667	      +94.829667
              16	              68	      +16.262738	      +20.671751	     -269.571092	     +298.137914	       -3.271656	       +0.000000	       -3.777727	   -30604.141434	       -0.436956	       -0.000000	      +21.517439	      +21.517439
              16	              69	      +16.262738	      +20.671751	     -269.571100	     +298.137914	       -3.271656	       +0.000000	       -3.778082	   -29641.948264	       -0.436956	       -0.000000	      +21.517076	      +21.517076
              16	              70	      +17.047670	      +21.456684	     -239.517143	     +278.619402	       -3.205965	       +0.000000	       -3.070128	   -56959.367839	       -0.422815	       -0.000000	      +32.826165	      +32.826165
              16	              71	      +17.047670	      +21.456684	     -239.517131	     +278.619402	       -3.205965	       +0.000000	       -3.069729	   -57572.177511	       -0.422815	       -0.000000	      +32.826576	      +32.826576
              16	              72	      +17.205228	      +21.614241	      -19.550484	     +111.318127	       -1.839723	       +0.000000	       -2.491933	   -45710.389781	       -0.420086	       -0.000000	      +87.435987	      +87.435987
              16	              73	      +17.205228	      +21.614241	      -19.550479	     +111.318127	       -1.839723	       +0.000000	       -2.492279	   -45645.066923	       -0.420086	       -0.000000	      +87.435645	      +87.435645
              16	              74	      +17.670259	      +22.079272	     +149.560004	     +125.506209	       -1.600767	       +0.000000	       -1.597516	   +18592.207113	       -0.412233	       -0.000000	     +271.867929	     +271.867929
              16	              75	      +17.670259	      +22.079272	     +149.560002	     +125.506209	       -1.600767	       +0.000000	       -1.597222	   +18889.394328	       -0.412233	       -0.000000	     +271.868222	     +271.868222
              16	              76	      +19.471043	      +23.880057	     -170.270768	     +257.513328	       -2.889025	       +0.000000	       -3.140116	   +46133.972866	       -0.384406	       -0.000000	      +81.213420	      +81.213420
              16	              77	      +19.471043	      +23.880057	     -170.270802	     +257.513328	       -2.889025	       +0.000000	       -3.139871	   +46060.613429	       -0.384406	       -0.000000	      +81.213631	      +81.213631
              16	              78	      +19.564079	      +23.973092	     -243.647981	     +308.255426	       -2.924298	       +0.000000	       -3.407291	   -27153.785939	       -0.383070	       -0.000000	      +58.275855	      +58.275855
              16	              79	      +19.564079	      +23.973092	     -243.647974	     +308.255426	       -2.924298	       +0.000000	       -3.407410	   -27431.368119	       -0.383070	       -0.000000	      +58.275744	      +58.275744
              16	              80	      +19.767084	      +24.176098	      -89.369632	     +127.724658	       -1.997043	       +0.000000	       -2.818565	   +25850.348453	       -0.380187	       -0.000000	      +33.539418	      +33.539418
              16	              81	      +19.767084	      +24.176098	      -89.369630	     +127.724658	       -1.997043	       +0.000000	       -2.818225	   +25955.816334	       -0.380187	       -0.000000	      +33.539760	      +33.539760
              16	              82	      +20.779973	      +25.188986	      -82.585579	     +223.686984	       -2.439753	       +0.000000	       -2.623316	    +4639.080742	       -0.366427	       -0.000000	     +136.038336	     +136.038336
              16	              83	      +20.779973	      +25.188986	      -82.585561	     +223.686984	       -2.439753	       +0.000000	       -2.623059	    +4396.871688	       -0.366427	       -0.000000	     +136.038611	     +136.038611
              16	              84	      +21.104207	      +25.513220	     -208.461426	     +250.443418	       -2.922915	       +0.000000	       -3.242508	   -23070.247200	       -0.362230	       -0.000000	      +35.816569	      +35.816569
              16	              85	      +21.104208	      +25.513222	     -208.461745	     +250.443418	       -2.922915	       +0.000000	       -3.251041	   -29505.363318	       -0.362230	       -0.000000	      +35.807716	      +35.807716
              16	              86	      +21.222151	      +25.631165	     -227.964700	     +303.224474	       -2.928908	       +0.000000	       -3.206519	    -4653.035362	       -0.360728	       -0.000000	      +69.124347	      +69.124347
              16	              87	      +21.222153	      +25.631167	     -227.964946	     +303.224474	       -2.928908	       +0.000000	       -3.214088	   -10888.868301	       -0.360728	       -0.000000	      +69.116532	      +69.116532
              16	              88	      +22.748399	      +27.157413	     -148.646185	     +257.663310	       -2.609085	       +0.000000	       -2.642887	   +14768.851043	       -0.342348	       -0.000000	     +103.765153	     +103.765153
              16	              89	      +22.748399	      +27.157413	     -148.651301	     +257.663310	       -2.609085	       +0.000000	       -2.644743	   +15129.591175	       -0.342348	       -0.000000	     +103.758181	     +103.758181
              16	              90	      +22.758948	      +27.167962	      -25.775157	     +196.819020	       -2.078220	       +0.000000	       -1.950613	   -20259.230985	       -0.342227	       -0.000000	     +167.015030	     +167.015030
              16	              91	      +22.758948	      +27.167962	      -25.769801	     +196.819020	       -2.078220	       +0.000000	       -1.948126	   -20127.565585	       -0.342227	       -0.000000	     +167.022873	     +167.022873
              16	              92	      +22.917937	      +27.326950	     -230.639712	     +287.647124	       -3.118673	       +0.000000	       -3.239827	     -961.998363	       -0.340421	       -0.000000	      +50.648912	      +50.648912
              16	              93	      +22.917937	      +27.326950	     -230.638857	     +287.647124	       -3.118673	       +0.000000	       -3.238371	     +426.467714	       -0.340421	       -0.000000	      +50.651223	      +50.651223
              16	              94	      +22.949459	      +27.358472	      -32.339243	     +151.255698	       -1.669299	       +0.000000	       -2.239136	   -16688.152767	       -0.340065	       -0.000000	     +115.008019	     +115.008019
              16	              95	      +22.949459	      +27.358472	      -32.339769	     +151.255698	       -1.669299	       +0.000000	       -2.239713	   -16841.923396	       -0.340065	       -0.000000	     +115.006917	     +115.006917
              16	              96	      +24.063724	      +28.472738	     -144.176082	     +232.185798	       -2.623827	       +0.000000	       -1.593183	   -71697.741945	       -0.327947	       -0.000000	      +83.792706	      +83.792706
              16	              97	      +24.063725	      +28.472739	     -144.177061	     +232.185798	       -2.623827	       +0.000000	       -1.596942	   -72403.837101	       -0.327947	       -0.000000	      +83.787969	      +83.787969
              16	              98	      +24.084721	      +28.493734	      -72.606018	     +190.989584	       -2.112735	       +0.000000	       -2.060648	   +87894.034537	       -0.327727	       -0.000000	     +114.210184	     +114.210184
              16	              99	      +24.084721	      +28.493735	      -72.607019	     +190.989584	       -2.112735	       +0.000000	       -2.062985	   +87922.548132	       -0.327727	       -0.000000	     +114.206845	     +114.206845

k-point 17:
              17	               0	      -65.453770	      -61.044756	     -633.647269	     +591.620039	      -39.342203	       -2.208900	       -5.002818	   +68818.500434	       +0.160629	       +0.000000	      -86.372252	      -86.372252
              17	               1	      -65.453768	      -61.044754	     -633.647280	     +591.620039	      -39.342203	       -2.208900	       -5.139642	   +68248.448441	       +0.160629	       +0.000000	      -86.509087	      -86.509087
              17	               2	      -42.170480	      -37.761467	     -603.632483	     +584.882668	      -33.226702	       -2.208900	       +2.599849	   -59006.053899	       +0.252841	       +0.000000	      -49.376667	      -49.376667
              17	               3	      -42.163240	      -37.754226	     -603.663194	     +584.628410	      -33.245132	       -2.208900	       +2.549754	   +23805.082079	       +0.252886	       +0.000000	      -49.730164	      -49.730164
              17	               4	      -39.636360	      -35.227347	     -597.358343	     +580.804363	      -32.574103	       -2.208900	       +2.225534	    -7461.237292	       +0.269691	       +0.000000	      -46.902548	      -46.902548
              17	               5	      -39.634236	      -35.225222	     -596.521512	     +579.888745	      -32.579220	       -2.208900	       +1.923952	   +22874.093963	       +0.269706	       +0.000000	      -47.288035	      -47.288035
              17	               6	      -39.534290	      -35.125277	     -600.018955	     +583.775444	      -32.565681	       -2.208900	       +2.996699	    +2558.868865	       +0.270417	       +0.000000	      -45.812493	      -45.812493
              17	               7	      -39.525881	      -35.116867	     -600.922003	     +584.355835	      -32.581273	       -2.208900	       +3.259221	   +52050.884208	       +0.270477	       +0.000000	      -45.888221	      -45.888221
              17	               8	      -18.334012	      -13.924998	     -388.393300	     +379.442528	      -21.700151	       -2.208900	       +5.821700	   +37850.872304	       +0.613251	       +0.000000	      -24.829224	      -24.829224
              17	               9	      -18.318233	      -13.909219	     -388.100297	     +379.126387	      -21.702406	       -2.208900	       +5.828095	   +37712.632034	       +0.613830	       +0.000000	      -24.848221	      -24.848221
              17	              10	      -17.722537	      -13.313524	     -368.979268	     +361.719061	      -21.640786	       -2.208900	       +5.857940	    +5051.094308	       +0.636526	       +0.000001	      -23.043053	      -23.043053
              17	              11	      -17.721167	      -13.312153	     -368.936123	     +361.664859	      -21.640048	       -2.208900	       +5.854151	    +4310.024267	       +0.636581	       +0.000001	      -23.057161	      -23.057161
              17	              12	      -10.245734	       -5.836720	     -417.039922	     +418.350683	      -17.686948	       -2.208900	       +3.523145	   +39111.381997	       +0.801605	       +0.000001	      -12.853042	      -12.140155
              17	              13	      -10.220717	       -5.811703	     -418.160231	     +419.596825	      -17.715964	       -2.208900	       +3.515584	   +35815.404566	       +0.801624	       +0.000001	      -12.763786	      -12.065344
              17	              14	       -9.056408	       -4.647394	     -390.681240	     +396.976931	      -16.905969	       -2.208900	       +3.023726	   -88444.168899	       +0.801598	       +0.000001	       -7.586552	       -7.944481
              17	              15	       -9.046130	       -4.637116	     -391.941114	     +398.380047	      -16.955197	       -2.208900	       +3.020670	   -84489.379192	       +0.801588	       +0.000001	       -7.495594	       -7.876610
              17	              16	       -9.017568	       -4.608554	     -400.332646	     +404.042065	      -17.331218	       -2.208900	       +2.855817	   +43330.531992	       +0.801552	       +0.000001	      -10.765981	      -10.345711
              17	              17	       -8.988061	       -4.579047	     -398.935163	     +402.719502	      -17.258331	       -2.208900	       +2.837102	   +36338.710921	       +0.801507	       +0.000001	      -10.636890	      -10.240182
              17	              18	       -8.542472	       -4.133458	     -404.744993	     +412.067298	      -17.651233	       -2.208900	       +2.601418	   +18802.894156	       +0.801584	       +0.000001	       -7.727510	       -7.914394
              17	              19	       -8.516202	       -4.107188	     -402.412825	     +409.744552	      -17.596812	       -2.208900	       +2.597578	   +19506.832275	       +0.801551	       +0.000001	       -7.667507	       -7.858719
              17	              20	       -7.289164	       -2.880150	     -420.607711	     +425.797708	      -16.958319	       -2.208900	       +2.074445	   +48604.532027	       +0.801558	       +0.000001	       -9.693877	       -9.078130
              17	              21	       -7.213015	       -2.804001	     -419.747939	     +424.946399	      -16.934284	       -2.208900	       +2.053521	   +53863.748310	       +0.801629	       +0.000001	       -9.682303	       -9.074353
              17	              22	       -6.417987	       -2.008973	     -324.041578	     +328.940722	      -16.408204	       -2.208900	       +2.347213	   +56704.052025	       +0.801362	       +0.000001	       -9.161847	       -8.466653
              17	              23	       -6.383179	       -1.974165	     -322.396773	     +327.222937	      -16.351865	       -2.208900	       +2.337214	   +60133.394438	       +0.801398	       +0.000001	       -9.188487	       -8.478753
              17	              24	       -6.168054	       -1.759040	     -460.889384	     +468.733716	      -17.438219	       -2.208900	       +1.023373	  -155200.029164	       +0.801645	       +0.000001	       -8.570513	       -8.036313
              17	              25	       -6.099039	       -1.690026	     -463.645928	     +471.601065	      -17.378903	       -2.208900	       +0.936848	  -147989.623570	       +0.801631	       +0.000001	       -8.486918	       -7.957654
              17	              26	       -3.445813	       +0.963201	     -417.622185	     +429.285317	      -11.351077	       +0.000000	       -3.123332	  +149655.751458	       -0.801421	       -0.000001	       -2.811276	       -2.957898
              17	              27	       -3.384031	       +1.024983	     -416.263632	     +428.145760	      -11.212784	       +0.000000	       -3.224881	  +180433.346327	       -0.801400	       -0.000001	       -2.555537	       -2.744896
              17	              28	       -2.847931	       +1.561082	     -459.845630	     +472.803658	      -12.219480	       +0.000000	       -3.940283	   +26566.161741	       -0.801475	       -0.000001	       -3.201735	       -3.128701
              17	              29	       -2.831977	       +1.577037	     -457.404969	     +470.559888	      -12.133006	       +0.000000	       -3.975438	   +62379.436340	       -0.801504	       -0.000001	       -2.953525	       -2.928613
              17	              30	       -2.645251	       +1.763763	     -439.104819	     +453.000970	      -11.227986	       +0.000000	       -3.770250	  -106466.435406	       -0.801644	       -0.000001	       -1.102085	       -1.466958
              17	              31	       -2.592543	       +1.816471	     -438.231168	     +452.210354	      -11.148692	       +0.000000	       -3.790809	  -110508.754805	       -0.801621	       -0.000001	       -0.960316	       -1.348685
              17	              32	       -1.170750	       +3.238264	     -415.056321	     +429.539181	      -11.193174	       +0.000000	       -4.243722	   -75985.545171	       -0.801646	       -0.000001	       -0.954036	       -0.984531
              17	              33	       -1.137573	       +3.271441	     -414.829899	     +429.412808	      -11.155085	       +0.000000	       -4.243145	   -74489.382656	       -0.801642	       -0.000001	       -0.815321	       -0.855829
              17	              34	       +3.626558	       +8.035572	     -359.151969	     +373.837885	       -6.727168	       +0.000000	       -5.320424	    +1354.133125	       -0.801423	       -0.000001	       +2.638325	       +2.795467
              17	              35	       +3.659791	       +8.068805	     -357.964672	     +372.623275	       -6.715164	       +0.000000	       -5.311473	   +13399.146855	       -0.801489	       -0.000001	       +2.631966	       +2.801173
              17	              36	       +4.108830	       +8.517844	     -275.080572	     +292.528305	       -4.946184	       +0.000000	       -4.348962	   +11094.478876	       -0.801383	       -0.000001	       +8.152587	       +7.161963
              17	              37	       +4.114099	       +8.523113	     -275.691929	     +293.124651	       -4.946264	       +0.000000	       -4.361317	   +11895.369144	       -0.801396	       -0.000001	       +8.125141	       +7.078775
              17	              38	       +4.242548	       +8.651561	     -227.778808	     +246.970786	       -4.679519	       +0.000000	       -3.934261	  -105119.615171	       -0.801602	       -0.000001	      +10.578197	     +365.254093
              17	              39	       +4.333530	       +8.742544	     -222.567830	     +242.037956	       -4.659110	       +0.000000	       -3.808482	  -108908.574826	       -0.801646	       -0.000001	      +11.002535	      +43.285011
              17	              40	       +4.972504	       +9.381517	     -359.291412	     +378.070888	       -6.453317	       +0.000000	       -4.960976	   -90112.707285	       -0.801557	       -0.000001	       +7.365183	       +7.052538
              17	              41	       +4.977819	       +9.386833	     -352.942225	     +371.952020	       -6.398867	       +0.000000	       -4.956245	   -88464.821214	       -0.801550	       -0.000001	       +7.654684	       +7.260254
              17	              42	       +5.116614	       +9.525628	     -227.555258	     +247.250434	       -4.476672	       +0.000000	       -4.461434	   +53008.975767	       -0.801401	       -0.000001	      +10.757070	       +8.577234
              17	              43	       +5.119134	       +9.528147	     -223.109099	     +242.861612	       -4.417990	       +0.000000	       -4.446972	   +54378.509148	       -0.801407	       -0.000001	      +10.887551	       +8.581432
              17	              44	       +6.377229	      +10.786243	     -351.321470	     +371.227970	       -6.222255	       +0.000000	       -1.636078	  -145960.650532	       -0.754956	       -0.000001	      +12.048166	      +12.048166
              17	              45	       +6.460980	      +10.869994	     -346.516277	     +366.608410	       -6.256529	       +0.000000	       -1.532565	  -168040.867188	       -0.750330	       -0.000001	      +12.303039	      +12.303039
              17	              46	       +6.974874	      +11.383887	     -272.098702	     +294.303644	       -5.312161	       +0.000000	       -5.121171	   -53657.579225	       -0.723139	       -0.000001	      +11.771610	      +11.771610
              17	              47	       +7.009346	      +11.418360	     -272.047401	     +294.040117	       -5.394827	       +0.000000	       -5.330952	   -53917.626147	       -0.721386	       -0.000001	      +11.266937	      +11.266937
              17	              48	       +7.026516	      +11.435530	     -275.726770	     +298.181089	       -5.247687	       +0.000000	       -4.813830	   -53785.867209	       -0.720516	       -0.000001	      +12.392800	      +12.392800
              17	              49	       +7.073716	      +11.482729	     -278.096637	     +300.876138	       -5.148955	       +0.000000	       -4.715067	   -37198.041447	       -0.718134	       -0.000001	      +12.915479	      +12.915479
              17	              50	       +7.846985	      +12.255999	     -182.774939	     +211.212648	       -3.989564	       +0.000000	       -3.798695	   -60264.876304	       -0.681244	       -0.000001	      +20.649450	      +20.649450
              17	              51	       +7.849613	      +12.258627	     -182.832563	     +211.283426	       -3.990881	       +0.000000	       -3.779828	   -58474.028581	       -0.681125	       -0.000001	      +20.680154	      +20.680154
              17	              52	       +9.209831	      +13.618845	     -262.872091	     +295.480750	       -4.721539	       +0.000000	       -4.455339	   -26366.835346	       -0.624688	       -0.000001	      +23.431781	      +23.431781
              17	              53	       +9.248769	      +13.657783	     -271.067711	     +302.668082	       -4.789082	       +0.000000	       -4.479117	   -26003.396658	       -0.623209	       -0.000001	      +22.332172	      +22.332172
              17	              54	       +9.762892	      +14.171906	     -290.189898	     +312.680308	       -5.269774	       +0.000000	       -4.695066	   -64594.181930	       -0.604328	       -0.000000	      +12.525570	      +12.525570
              17	              55	       +9.769428	      +14.178442	     -289.714235	     +312.241125	       -5.261321	       +0.000000	       -4.678139	   -75412.776307	       -0.604095	       -0.000000	      +12.587429	      +12.587429
              17	              56	      +10.615502	      +15.024515	     -239.377971	     +279.090454	       -4.338124	       +0.000000	       -3.807609	   -10074.497035	       -0.575416	       -0.000000	      +31.566749	      +31.566749
              17	              57	      +10.660549	      +15.069563	     -232.170169	     +273.701420	       -4.293784	       +0.000000	       -3.737575	    -5165.286514	       -0.573965	       -0.000000	      +33.499892	      +33.499892
              17	              58	      +12.076226	      +16.485240	     -279.626536	     +310.067933	       -4.836143	       +0.000000	       -5.077221	    -9485.122512	       -0.531826	       -0.000000	      +20.528033	      +20.528033
              17	              59	      +12.097788	      +16.506802	     -278.955211	     +309.568259	       -4.836982	       +0.000000	       -5.061124	   -12496.602660	       -0.531232	       -0.000000	      +20.714940	      +20.714940
              17	              60	      +14.435833	      +18.844847	      -78.597868	     +213.728981	       -2.594136	       +0.000000	       -2.991370	   +10257.408373	       -0.473841	       -0.000000	     +129.545607	     +129.545607
              17	              61	      +14.441033	      +18.850047	      -71.559627	     +210.646224	       -2.557837	       +0.000000	       -2.963699	   +11791.436327	       -0.473728	       -0.000000	     +133.565061	     +133.565061
              17	              62	      +15.090693	      +19.499706	     -147.732284	     +194.895451	       -2.497853	       +0.000000	       -3.318390	   -75782.197744	       -0.459925	       -0.000000	      +41.346924	      +41.346924
              17	              63	      +15.093922	      +19.502936	     -143.648226	     +193.088781	       -2.470415	       +0.000000	       -3.295658	   -69110.399773	       -0.459858	       -0.000000	      +43.674482	      +43.674482
              17	              64	      +15.220724	      +19.629738	      -75.243668	     +171.096005	       -2.337001	       +0.000000	       -2.950633	   +12995.661026	       -0.457258	       -0.000000	      +90.564702	      +90.564702
              17	              65	      +15.223436	      +19.632450	      -75.505486	     +171.048722	       -2.336037	       +0.000000	       -2.947577	   +12597.129198	       -0.457203	       -0.000000	      +90.259623	      +90.259623
              17	              66	      +15.554056	      +19.963070	     -105.241775	     +175.745795	       -2.520652	       +0.000000	       -3.012970	     +814.613040	       -0.450561	       -0.000000	      +64.970398	      +64.970398
              17	              67	      +15.554319	      +19.963333	     -104.665654	     +175.065711	       -2.514454	       +0.000000	       -3.005180	     -472.319843	       -0.450556	       -0.000000	      +64.880423	      +64.880423
              17	              68	      +15.934146	      +20.343160	     -200.834561	     +255.736765	       -3.453198	       +0.000000	       -2.691009	    -3576.929253	       -0.443161	       -0.000000	      +48.757998	      +48.757998
              17	              69	      +15.970726	      +20.379740	     -200.853743	     +255.379150	       -3.442864	       +0.000000	       -2.748399	    -4453.276882	       -0.442461	       -0.000000	      +48.334145	      +48.334145
              17	              70	      +16.783727	      +21.192741	     -118.536586	     +159.100782	       -2.127577	       +0.000000	       -2.810018	   +34162.082945	       -0.427466	       -0.000000	      +35.626602	      +35.626602
              17	              71	      +16.785560	      +21.194574	     -119.325045	     +159.532675	       -2.128398	       +0.000000	       -2.810885	   +34494.450657	       -0.427434	       -0.000000	      +35.268347	      +35.268347
              17	              72	      +16.917463	      +21.326477	      +36.095468	     +136.449299	       -1.991112	       +0.000000	       -2.537010	    -5876.447672	       -0.425097	       -0.000000	     +168.016646	     +168.016646
              17	              73	      +16.921489	      +21.330503	      +40.390658	     +135.850682	       -1.971440	       +0.000000	       -2.511390	    -6951.295981	       -0.425026	       -0.000000	     +171.758509	     +171.758509
              17	              74	      +17.693829	      +22.102843	     -150.529323	     +256.668812	       -2.738193	       +0.000000	       -3.254951	    -6574.513714	       -0.411842	       -0.000000	     +100.146345	     +100.146345
              17	              75	      +17.743620	      +22.152634	     -164.906867	     +263.743897	       -2.812038	       +0.000000	       -3.303916	    -8005.349877	       -0.411021	       -0.000000	      +92.721075	      +92.721075
              17	              76	      +18.030562	      +22.439576	      -92.378256	     +200.114040	       -2.395516	       +0.000000	       -3.028587	   +10629.230688	       -0.406347	       -0.000000	     +102.311682	     +102.311682
              17	              77	      +18.035046	      +22.444060	      -92.605337	     +200.284279	       -2.394620	       +0.000000	       -3.036950	    +9004.668458	       -0.406275	       -0.000000	     +102.247372	     +102.247372
              17	              78	      +19.504270	      +23.913283	     -247.680852	     +288.341295	       -3.191367	       +0.000000	       -3.472470	   +15403.085609	       -0.383928	       -0.000000	      +33.996607	      +33.996607
              17	              79	      +19.513762	      +23.922776	     -252.005538	     +289.591778	       -3.195583	       +0.000000	       -3.534290	    +9747.821534	       -0.383791	       -0.000000	      +30.856366	      +30.856366
              17	              80	      +19.632757	      +24.041770	     -229.686345	     +278.012769	       -2.963714	       +0.000000	       -3.005746	    -7250.915681	       -0.382090	       -0.000000	      +42.356964	      +42.356964
              17	              81	      +19.640337	      +24.049351	     -223.376249	     +274.223934	       -2.936613	       +0.000000	       -3.012767	    -6228.148709	       -0.381982	       -0.000000	      +44.898305	      +44.898305
              17	              82	      +19.713690	      +24.122704	     -201.003860	     +283.771780	       -3.081488	       +0.000000	       -1.916112	  +107126.473319	       -0.380941	       -0.000000	      +77.770320	      +77.770320
              17	              83	      +19.760138	      +24.169152	     -203.933136	     +287.071799	       -3.113840	       +0.000000	       -1.824546	  +111989.268193	       -0.380285	       -0.000000	      +78.200277	      +78.200277
              17	              84	      +21.307641	      +25.716654	     -202.979679	     +267.138479	       -2.849278	       +0.000000	       -2.140682	   -24751.741583	       -0.359646	       -0.000000	      +59.168840	      +59.168840
              17	              85	      +21.392884	      +25.801897	     -208.407153	     +275.635382	       -2.904092	       +0.000000	       -2.270739	   -21720.159215	       -0.358574	       -0.000000	      +62.053398	      +62.053398
              17	              86	      +21.447627	      +25.856641	      -97.641297	     +170.603596	       -2.184780	       +0.000000	       -2.359224	   -65283.004965	       -0.357889	       -0.000000	      +68.418295	      +68.418295
              17	              87	      +21.468243	      +25.877256	     -107.567625	     +181.445055	       -2.259962	       +0.000000	       -2.358587	   -59632.276576	       -0.357632	       -0.000000	      +69.258881	      +69.258881
              17	              88	      +22.135009	      +26.544023	      +20.903085	     +155.672753	       -1.721875	       +0.000000	       -2.216318	   +22442.721084	       -0.349505	       -0.000000	     +172.637645	     +172.637645
              17	              89	      +22.137841	      +26.546855	      +21.165327	     +155.173876	       -1.718296	       +0.000000	       -2.198155	   +22565.667573	       -0.349471	       -0.000000	     +172.422752	     +172.422752
              17	              90	      +22.483376	      +26.892389	     -120.275467	     +209.390580	       -2.278784	       +0.000000	       -2.887679	   -25908.911762	       -0.345404	       -0.000000	      +83.948651	      +83.948651
              17	              91	      +22.486111	      +26.895125	     -123.266971	     +211.512656	       -2.294704	       +0.000000	       -2.914714	   -27625.297959	       -0.345372	       -0.000000	      +83.036267	      +83.036267
              17	              92	      +23.579826	      +27.988840	     -246.663928	     +299.126720	       -2.940594	       +0.000000	       -2.984463	   -66094.386452	       -0.333102	       -0.000000	      +46.537735	      +46.537735
              17	              93	      +23.587959	      +27.996973	     -249.830468	     +302.067602	       -2.973224	       +0.000000	       -2.974951	   -67378.166965	       -0.333014	       -0.000000	      +46.288959	      +46.288959
              17	              94	      +23.734389	      +28.143403	     -210.417692	     +268.483575	       -2.741187	       +0.000000	       -2.893600	   +44538.407088	       -0.331438	       -0.000000	      +52.431096	      +52.431096
              17	              95	      +23.740279	      +28.149292	     -211.498600	     +269.364082	       -2.746505	       +0.000000	       -2.877776	   +44449.678226	       -0.331375	       -0.000000	      +52.241200	      +52.241200
              17	              96	      +24.301638	      +28.710651	      -43.794221	     +191.477431	       -2.017403	       +0.000000	       -2.382877	    -9306.265238	       -0.325471	       -0.000000	     +143.282929	     +143.282929
              17	              97	      +24.324377	      +28.733391	      -35.509849	     +188.167829	       -2.003030	       +0.000000	       -2.328673	    -5474.297591	       -0.325236	       -0.000000	     +148.326278	     +148.326278
              17	              98	      +24.372065	      +28.781079	     -122.058979	     +218.971113	       -2.180393	       +0.000000	       -2.520721	    +6963.291301	       -0.324745	       -0.000000	      +92.211020	      +92.211020
              17	              99	      +24.374803	      +28.783817	     -125.137619	     +219.801529	       -2.189226	       +0.000000	       -2.548770	    +7484.651664	       -0.324717	       -0.000000	      +89.925914	      +89.925914

k-point 18:
              18	               0	      -65.500819	      -61.091806	     -633.823551	     +592.229520	      -39.337177	       -2.208900	       -5.173748	       +0.309046	       +0.160511	       +0.000000	      -86.104957	      -86.104957
              18	               1	      -65.500819	      -61.091806	     -633.823551	     +592.229520	      -39.337177	       -2.208900	       -5.173509	       +0.308641	       +0.160511	       +0.000000	      -86.104717	      -86.104717
              18	               2	      -42.217310	      -37.808296	     -603.750834	     +584.957659	      -33.244880	       -2.208900	       +3.473297	   -17431.723411	       +0.252549	       +0.000000	      -48.564758	      -48.564758
              18	               3	      -42.217310	      -37.808296	     -603.750834	     +584.957659	      -33.244880	       -2.208900	       +3.473848	   -17431.726954	       +0.252549	       +0.000000	      -48.564207	      -48.564207
              18	               4	      -39.734211	      -35.325197	     -599.037088	     +582.619530	      -32.582899	       -2.208900	       +3.579301	       -3.081660	       +0.268999	       +0.000000	      -45.421156	      -45.421156
              18	               5	      -39.734211	      -35.325197	     -599.037088	     +582.619530	      -32.582899	       -2.208900	       +3.577936	       -3.087945	       +0.268999	       +0.000000	      -45.422521	      -45.422521
              18	               6	      -39.546667	      -35.137653	     -597.850884	     +581.426563	      -32.583074	       -2.208900	       +3.028411	   +15240.917449	       +0.270329	       +0.000000	      -45.978984	      -45.978984
              18	               7	      -39.546667	      -35.137653	     -597.850884	     +581.426563	      -32.583074	       -2.208900	       +3.029414	   +15240.920965	       +0.270329	       +0.000000	      -45.977981	      -45.977981
              18	               8	      -17.504565	      -13.095551	     -391.042254	     +382.604215	      -21.797929	       -2.208900	       +5.812185	      -45.875962	       +0.645257	       +0.000001	      -24.423782	      -24.423782
              18	               9	      -17.504565	      -13.095551	     -391.042254	     +382.604215	      -21.797929	       -2.208900	       +5.812179	      -45.875989	       +0.645257	       +0.000001	      -24.423789	      -24.423789
              18	              10	      -17.384385	      -12.975372	     -380.032658	     +373.996688	      -21.741896	       -2.208900	       +6.068384	      +62.857328	       +0.650173	       +0.000001	      -21.709482	      -21.709482
              18	              11	      -17.384385	      -12.975372	     -380.032658	     +373.996688	      -21.741896	       -2.208900	       +6.068387	      +62.857348	       +0.650173	       +0.000001	      -21.709478	      -21.709478
              18	              12	      -11.087344	       -6.678330	     -391.480327	     +391.097913	      -17.247265	       -2.208900	       +4.041461	      -42.841745	       +0.801624	       +0.000001	      -13.588219	      -12.935785
              18	              13	      -11.087344	       -6.678330	     -391.480327	     +391.097913	      -17.247265	       -2.208900	       +4.041452	      -42.841744	       +0.801624	       +0.000001	      -13.588228	      -12.935792
              18	              14	      -10.190432	       -5.781419	     -366.077659	     +365.850862	      -17.070835	       -2.208900	       +3.683443	      -70.735512	       +0.801639	       +0.000001	      -13.614189	      -12.625793
              18	              15	      -10.190432	       -5.781419	     -366.077659	     +365.850862	      -17.070835	       -2.208900	       +3.683609	      -70.735554	       +0.801639	       +0.000001	      -13.614022	      -12.625675
              18	              16	       -9.410900	       -5.001886	     -398.899633	     +403.371467	      -17.815753	       -2.208900	       +3.219353	     -608.723068	       +0.801345	       +0.000001	      -10.124566	       -9.920917
              18	              17	       -9.410900	       -5.001886	     -398.899633	     +403.371467	      -17.815753	       -2.208900	       +3.219353	     -608.722955	       +0.801345	       +0.000001	      -10.124566	       -9.920917
              18	              18	       -8.452984	       -4.043970	     -440.496405	     +446.570218	      -18.141686	       -2.208900	       +2.576907	     -580.763645	       +0.801441	       +0.000001	       -9.490966	       -9.259855
              18	              19	       -8.452984	       -4.043970	     -440.496405	     +446.570218	      -18.141686	       -2.208900	       +2.577102	     -580.763631	       +0.801441	       +0.000001	       -9.490771	       -9.259704
              18	              20	       -7.297426	       -2.888412	     -322.046638	     +327.866184	      -16.941604	       -2.208900	       +2.576639	     -255.593945	       +0.801547	       +0.000001	       -8.545419	       -8.229636
              18	              21	       -7.297426	       -2.888412	     -322.046638	     +327.866184	      -16.941604	       -2.208900	       +2.576654	     -255.593930	       +0.801547	       +0.000001	       -8.545404	       -8.229626
              18	              22	       -6.243172	       -1.834159	     -378.388196	     +382.805505	      -16.426430	       -2.208900	       +1.871307	     -849.171370	       +0.801608	       +0.000001	      -10.137814	       -9.202570
              18	              23	       -6.243172	       -1.834159	     -378.388196	     +382.805505	      -16.426430	       -2.208900	       +1.871287	     -849.171200	       +0.801608	       +0.000001	      -10.137833	       -9.202585
              18	              24	       -5.976814	       -1.567800	     -423.156646	     +433.050370	      -15.943896	       -2.208900	       +1.015751	     +933.328153	       +0.801487	       +0.000001	       -5.034422	       -5.243390
              18	              25	       -5.976814	       -1.567800	     -423.156646	     +433.050370	      -15.943896	       -2.208900	       +1.015305	     +933.328435	       +0.801487	       +0.000001	       -5.034867	       -5.243737
              18	              26	       -3.055309	       +1.353704	     -530.713966	     +547.370735	      -13.513914	       +0.000000	       -3.556374	     -410.338843	       -0.801589	       -0.000001	       -0.413519	       -1.075689
              18	              27	       -3.055309	       +1.353704	     -530.713966	     +547.370735	      -13.513914	       +0.000000	       -3.556341	     -410.338258	       -0.801589	       -0.000001	       -0.413486	       -1.075664
              18	              28	       -2.541876	       +1.867137	     -492.676083	     +508.817054	      -12.600707	       +0.000000	       -4.666715	     -910.142451	       -0.801574	       -0.000001	       -1.126451	       -1.177706
              18	              29	       -2.541876	       +1.867137	     -492.676083	     +508.817054	      -12.600707	       +0.000000	       -4.666475	     -910.141392	       -0.801574	       -0.000001	       -1.126211	       -1.177475
              18	              30	       -1.458356	       +2.950658	     -412.421831	     +428.550722	       -9.918836	       +0.000000	       -4.242111	     +144.900544	       -0.801445	       -0.000001	       +1.967943	       +1.280279
              18	              31	       -1.458356	       +2.950658	     -412.421831	     +428.550722	       -9.918836	       +0.000000	       -4.242034	     +144.900149	       -0.801445	       -0.000001	       +1.968021	       +1.280341
              18	              32	       -1.066722	       +3.342292	     -405.079740	     +418.814772	      -11.153456	       +0.000000	       -4.173213	    +1114.289342	       -0.801600	       -0.000001	       -1.591637	       -1.576289
              18	              33	       -1.066722	       +3.342292	     -405.079740	     +418.814772	      -11.153456	       +0.000000	       -4.173302	    +1114.289433	       -0.801600	       -0.000001	       -1.591726	       -1.576375
              18	              34	       +1.125872	       +5.534885	     -337.311264	     +351.008896	       -6.457349	       +0.000000	       -4.485473	     +153.726809	       -0.801422	       -0.000001	       +2.754809	       +2.524080
              18	              35	       +1.125872	       +5.534885	     -337.311264	     +351.008896	       -6.457349	       +0.000000	       -4.485428	     +153.726711	       -0.801422	       -0.000001	       +2.754854	       +2.524119
              18	              36	       +2.577529	       +6.986543	     -319.708039	     +337.114454	       -6.259365	       +0.000000	       -4.593243	     +173.515033	       -0.801371	       -0.000001	       +6.553806	       +5.078888
              18	              37	       +2.577529	       +6.986543	     -319.708039	     +337.114454	       -6.259365	       +0.000000	       -4.593238	     +173.514942	       -0.801371	       -0.000001	       +6.553811	       +5.078891
              18	              38	       +3.216082	       +7.625095	     -327.589933	     +345.228446	       -5.873728	       +0.000000	       -5.987700	      -97.850950	       -0.801574	       -0.000001	       +5.777084	       +5.312778
              18	              39	       +3.216082	       +7.625095	     -327.589933	     +345.228446	       -5.873728	       +0.000000	       -5.987718	      -97.850977	       -0.801574	       -0.000001	       +5.777067	       +5.312763
              18	              40	       +4.435323	       +8.844337	     -236.913676	     +255.319861	       -5.235067	       +0.000000	       -4.608193	     +202.903986	       -0.801598	       -0.000001	       +8.562925	       +7.235440
              18	              41	       +4.435323	       +8.844337	     -236.913676	     +255.319861	       -5.235067	       +0.000000	       -4.608130	     +202.904165	       -0.801598	       -0.000001	       +8.562987	       +7.235482
              18	              42	       +4.984519	       +9.393532	     -280.661162	     +298.214476	       -5.446616	       +0.000000	       -4.221129	      +76.933290	       -0.801540	       -0.000001	       +7.885569	       +6.571206
              18	              43	       +4.984519	       +9.393532	     -280.661162	     +298.214476	       -5.446616	       +0.000000	       -4.221230	      +76.933113	       -0.801540	       -0.000001	       +7.885469	       +6.571151
              18	              44	       +6.011789	      +10.420802	     -360.093490	     +376.069281	       -5.895864	       +0.000000	       -5.280070	      -56.061122	       -0.775829	       -0.000001	       +4.799856	       +4.812963
              18	              45	       +6.011789	      +10.420802	     -360.093490	     +376.069281	       -5.895864	       +0.000000	       -5.280064	      -56.061494	       -0.775829	       -0.000001	       +4.799863	       +4.812969
              18	              46	       +8.328520	      +12.737534	      -83.903888	     +110.508069	       -2.785838	       +0.000000	       -3.798752	       -5.541951	       -0.660127	       -0.000001	      +20.019590	      +20.019590
              18	              47	       +8.328520	      +12.737534	      -83.903888	     +110.508069	       -2.785838	       +0.000000	       -3.798764	       -5.541945	       -0.660127	       -0.000001	      +20.019578	      +20.019578
              18	              48	       +9.001859	      +13.410873	     -200.229512	     +226.582172	       -4.341777	       +0.000000	       -4.353877	      +53.200063	       -0.632703	       -0.000001	      +17.657006	      +17.657006
              18	              49	       +9.001859	      +13.410873	     -200.229512	     +226.582172	       -4.341777	       +0.000000	       -4.353833	      +53.200114	       -0.632703	       -0.000001	      +17.657051	      +17.657051
              18	              50	      +10.392906	      +14.801920	     -161.504574	     +196.244665	       -3.434011	       +0.000000	       -3.799045	     -159.233427	       -0.582694	       -0.000000	      +27.507035	      +27.507035
              18	              51	      +10.392906	      +14.801920	     -161.504574	     +196.244665	       -3.434011	       +0.000000	       -3.799054	     -159.233453	       -0.582694	       -0.000000	      +27.507026	      +27.507026
              18	              52	      +10.404021	      +14.813035	     -238.285564	     +265.894691	       -4.503849	       +0.000000	       -4.437571	     +103.428061	       -0.582326	       -0.000000	      +18.667706	      +18.667706
              18	              53	      +10.404021	      +14.813035	     -238.285564	     +265.894691	       -4.503849	       +0.000000	       -4.437542	     +103.428166	       -0.582326	       -0.000000	      +18.667736	      +18.667736
              18	              54	      +11.851108	      +16.260121	     -161.780634	     +202.166073	       -3.332826	       +0.000000	       -3.837610	      +97.517763	       -0.538108	       -0.000000	      +33.215003	      +33.215003
              18	              55	      +11.851108	      +16.260121	     -161.780634	     +202.166073	       -3.332826	       +0.000000	       -3.837646	      +97.517687	       -0.538108	       -0.000000	      +33.214967	      +33.214967
              18	              56	      +12.074722	      +16.483736	     -339.107537	     +365.369362	       -5.275279	       +0.000000	       -4.711922	      -34.018804	       -0.531867	       -0.000000	      +16.274624	      +16.274624
              18	              57	      +12.074722	      +16.483736	     -339.107537	     +365.369362	       -5.275279	       +0.000000	       -4.711922	      -34.018747	       -0.531867	       -0.000000	      +16.274625	      +16.274625
              18	              58	      +12.784643	      +17.193657	     -334.951518	     +362.808868	       -5.187002	       +0.000000	       -4.844156	      -22.981418	       -0.512979	       -0.000000	      +17.826191	      +17.826191
              18	              59	      +12.784643	      +17.193657	     -334.951518	     +362.808868	       -5.187002	       +0.000000	       -4.844164	      -22.981438	       -0.512979	       -0.000000	      +17.826184	      +17.826184
              18	              60	      +13.416475	      +17.825489	     -185.553169	     +227.703179	       -3.321195	       +0.000000	       -3.305811	      +79.539847	       -0.497263	       -0.000000	      +35.523004	      +35.523004
              18	              61	      +13.416475	      +17.825489	     -185.553169	     +227.703179	       -3.321195	       +0.000000	       -3.305860	      +79.539748	       -0.497263	       -0.000000	      +35.522955	      +35.522955
              18	              62	      +14.106281	      +18.515295	     -153.195900	     +218.045437	       -3.071405	       +0.000000	       -3.339261	       -1.152005	       -0.481168	       -0.000000	      +58.438871	      +58.438871
              18	              63	      +14.106281	      +18.515295	     -153.195900	     +218.045437	       -3.071405	       +0.000000	       -3.339263	       -1.151986	       -0.481168	       -0.000000	      +58.438869	      +58.438869
              18	              64	      +14.592474	      +19.001487	     -245.394141	     +285.167032	       -3.586882	       +0.000000	       -3.961502	      +11.850534	       -0.470436	       -0.000000	      +32.224507	      +32.224507
              18	              65	      +14.592474	      +19.001487	     -245.394141	     +285.167032	       -3.586882	       +0.000000	       -3.961506	      +11.850490	       -0.470436	       -0.000000	      +32.224503	      +32.224503
              18	              66	      +15.006380	      +19.415394	     -176.127224	     +248.631873	       -3.085412	       +0.000000	       -2.737181	     +132.537980	       -0.461670	       -0.000000	      +66.682056	      +66.682056
              18	              67	      +15.006380	      +19.415394	     -176.127224	     +248.631873	       -3.085412	       +0.000000	       -2.737279	     +132.538111	       -0.461670	       -0.000000	      +66.681958	      +66.681958
              18	              68	      +15.654742	      +20.063756	     -234.344517	     +264.115642	       -3.161589	       +0.000000	       -3.939212	      -95.172614	       -0.448577	       -0.000000	      +22.670325	      +22.670325
              18	              69	      +15.654742	      +20.063756	     -234.344517	     +264.115642	       -3.161589	       +0.000000	       -3.939199	      -95.172509	       -0.448577	       -0.000000	      +22.670337	      +22.670337
              18	              70	      +16.398696	      +20.807710	     -125.880089	     +184.944802	       -2.467507	       +0.000000	       -3.276463	     -494.792236	       -0.434439	       -0.000000	      +53.320743	      +53.320743
              18	              71	      +16.398696	      +20.807710	     -125.880089	     +184.944802	       -2.467507	       +0.000000	       -3.276466	     -494.792151	       -0.434439	       -0.000000	      +53.320740	      +53.320740
              18	              72	      +16.419681	      +20.828694	     -125.310256	     +184.697479	       -2.468332	       +0.000000	       -3.249918	     +462.102339	       -0.434053	       -0.000000	      +53.668974	      +53.668974
              18	              73	      +16.419681	      +20.828694	     -125.310256	     +184.697479	       -2.468332	       +0.000000	       -3.249930	     +462.102197	       -0.434053	       -0.000000	      +53.668962	      +53.668962
              18	              74	      +18.887445	      +23.296459	     -144.426547	     +275.627750	       -3.415384	       +0.000000	       -2.392214	     +270.163100	       -0.393003	       -0.000000	     +125.393605	     +125.393605
              18	              75	      +18.887445	      +23.296459	     -144.426547	     +275.627750	       -3.415384	       +0.000000	       -2.392270	     +270.163535	       -0.393003	       -0.000000	     +125.393550	     +125.393550
              18	              76	      +18.937884	      +23.346898	     -337.087843	     +368.696154	       -3.692318	       +0.000000	       -4.038827	     -332.202100	       -0.392245	       -0.000000	      +23.877166	      +23.877166
              18	              77	      +18.937884	      +23.346898	     -337.087843	     +368.696154	       -3.692318	       +0.000000	       -4.038819	     -332.202011	       -0.392245	       -0.000000	      +23.877174	      +23.877174
              18	              78	      +19.532486	      +23.941500	     +176.240760	     +126.065616	       -1.333932	       +0.000000	       -1.599139	       +2.169724	       -0.383523	       -0.000000	     +299.373305	     +299.373305
              18	              79	      +19.532486	      +23.941500	     +176.240760	     +126.065616	       -1.333932	       +0.000000	       -1.599132	       +2.169767	       -0.383523	       -0.000000	     +299.373312	     +299.373312
              18	              80	      +19.790942	      +24.199956	     -286.071936	     +324.189978	       -3.686736	       +0.000000	       -4.151252	      -71.746114	       -0.379851	       -0.000000	      +30.280054	      +30.280054
              18	              81	      +19.790942	      +24.199956	     -286.071936	     +324.189978	       -3.686736	       +0.000000	       -4.151262	      -71.746186	       -0.379851	       -0.000000	      +30.280044	      +30.280044
              18	              82	      +19.854079	      +24.263093	     +162.251796	     +134.133728	       -1.615333	       +0.000000	       -1.693615	     +142.857283	       -0.378965	       -0.000000	     +293.076576	     +293.076576
              18	              83	      +19.854079	      +24.263093	     +162.251796	     +134.133728	       -1.615333	       +0.000000	       -1.693732	     +142.857496	       -0.378965	       -0.000000	     +293.076459	     +293.076459
              18	              84	      +20.240144	      +24.649158	      -72.989345	     +116.637973	       -1.795737	       +0.000000	       -2.576286	       +1.139903	       -0.373634	       -0.000000	      +39.276604	      +39.276604
              18	              85	      +20.240144	      +24.649158	      -72.989345	     +116.637973	       -1.795737	       +0.000000	       -2.576286	       +1.139901	       -0.373634	       -0.000000	      +39.276604	      +39.276604
              18	              86	      +20.890358	      +25.299372	     +102.402490	     +126.121961	       -1.292604	       +0.000000	       -1.142898	      +14.414472	       -0.364987	       -0.000000	     +226.088949	     +226.088949
              18	              87	      +20.890358	      +25.299372	     +102.402490	     +126.121961	       -1.292604	       +0.000000	       -1.142918	      +14.414497	       -0.364987	       -0.000000	     +226.088929	     +226.088929
              18	              88	      +21.657670	      +26.066684	      +98.619326	      +98.784343	       -1.555565	       +0.000000	       -1.961746	       +9.665836	       -0.355285	       -0.000000	     +193.886358	     +193.886358
              18	              89	      +21.657670	      +26.066684	      +98.619326	      +98.784343	       -1.555565	       +0.000000	       -1.961736	       +9.665846	       -0.355285	       -0.000000	     +193.886368	     +193.886368
              18	              90	      +22.354621	      +26.763635	      -68.258360	     +128.721105	       -2.038730	       +0.000000	       -2.570257	     +104.838304	       -0.346908	       -0.000000	      +55.853758	      +55.853758
              18	              91	      +22.354621	      +26.763635	      -68.258360	     +128.721105	       -2.038730	       +0.000000	       -2.570235	     +104.838368	       -0.346908	       -0.000000	      +55.853780	      +55.853780
              18	              92	      +22.450995	      +26.860009	     -135.730296	     +217.324314	       -2.210743	       +0.000000	       -2.796356	      -38.026347	       -0.345781	       -0.000000	      +76.586918	      +76.586918
              18	              93	      +22.450995	      +26.860009	     -135.730296	     +217.324314	       -2.210743	       +0.000000	       -2.796369	      -38.026370	       -0.345781	       -0.000000	      +76.586905	      +76.586905
              18	              94	      +22.731822	      +27.140835	      -37.127695	     +162.082707	       -1.933530	       +0.000000	       -2.394000	      -33.441210	       -0.342537	       -0.000000	     +120.627481	     +120.627481
              18	              95	      +22.731822	      +27.140835	      -37.127695	     +162.082707	       -1.933530	       +0.000000	       -2.393983	      -33.441214	       -0.342537	       -0.000000	     +120.627498	     +120.627498
              18	              96	      +23.816681	      +28.225694	     -151.218254	     +265.495287	       -2.428150	       +0.000000	       -2.467784	       +7.393501	       -0.330559	       -0.000000	     +109.381099	     +109.381099
              18	              97	      +23.816681	      +28.225694	     -151.218254	     +265.495287	       -2.428150	       +0.000000	       -2.467750	       +7.393525	       -0.330559	       -0.000000	     +109.381133	     +109.381133
              18	              98	      +25.030279	      +29.439293	     -216.330023	     +309.068154	       -2.702454	       +0.000000	       -1.527723	      +65.516946	       -0.318114	       -0.000000	      +88.507954	      +88.507954
              18	              99	      +25.030279	      +29.439293	     -216.330023	     +309.068154	       -2.702454	       +0.000000	       -1.527635	      +65.516991	       -0.318114	       -0.000000	      +88.508042	      +88.508042

k-point 19:
              19	               0	      -65.468367	      -61.059353	     -633.764259	     +591.487313	      -39.338470	       -2.208900	       -5.047672	    +7464.536333	       +0.160593	       +0.000000	      -86.663089	      -86.663089
              19	               1	      -65.468364	      -61.059350	     -633.764283	     +591.487313	      -39.338470	       -2.208900	       -4.849435	    +7154.739845	       +0.160593	       +0.000000	      -86.464876	      -86.464876
              19	               2	      -42.219225	      -37.810211	     -603.725832	     +585.118200	      -33.224832	       -2.208900	       +2.356471	  -123616.443864	       +0.252537	       +0.000000	      -49.475993	      -49.475993
              19	               3	      -42.204416	      -37.795402	     -603.795231	     +584.789602	      -33.260201	       -2.208900	       +2.244179	  +108260.894460	       +0.252630	       +0.000000	      -50.021651	      -50.021651
              19	               4	      -39.715679	      -35.306665	     -600.320366	     +584.118450	      -32.557250	       -2.208900	       +3.186074	  -115651.513860	       +0.269130	       +0.000000	      -45.573092	      -45.573092
              19	               5	      -39.696202	      -35.287188	     -599.283225	     +582.617924	      -32.594412	       -2.208900	       +2.640170	   +92664.704257	       +0.269268	       +0.000000	      -46.619544	      -46.619544
              19	               6	      -39.570621	      -35.161608	     -596.446064	     +580.035141	      -32.581754	       -2.208900	       +1.156351	   +43023.559337	       +0.270158	       +0.000000	      -47.836327	      -47.836327
              19	               7	      -39.568904	      -35.159890	     -597.619742	     +581.135210	      -32.583786	       -2.208900	       +1.686222	   +51074.653360	       +0.270171	       +0.000000	      -47.382096	      -47.382096
              19	               8	      -17.545462	      -13.136448	     -390.672720	     +382.274040	      -21.765159	       -2.208900	       +5.795037	   +12089.466471	       +0.643600	       +0.000001	      -24.368801	      -24.368801
              19	               9	      -17.506055	      -13.097041	     -390.004120	     +381.604628	      -21.775365	       -2.208900	       +5.789835	   +10903.433139	       +0.645196	       +0.000001	      -24.385022	      -24.385022
              19	              10	      -17.368641	      -12.959627	     -378.869736	     +373.128733	      -21.741880	       -2.208900	       +5.956605	    +9792.791782	       +0.650823	       +0.000001	      -21.526278	      -21.526278
              19	              11	      -17.365583	      -12.956569	     -378.802536	     +373.037452	      -21.740315	       -2.208900	       +5.952360	    +9296.673703	       +0.650949	       +0.000001	      -21.553040	      -21.553040
              19	              12	      -10.630584	       -6.221570	     -399.456125	     +399.646936	      -17.284412	       -2.208900	       +3.795570	   +18162.191018	       +0.801643	       +0.000001	      -13.298030	      -12.573891
              19	              13	      -10.619143	       -6.210129	     -399.119021	     +399.303132	      -17.295068	       -2.208900	       +3.795722	   +19081.031483	       +0.801640	       +0.000001	      -13.315235	      -12.580489
              19	              14	      -10.254308	       -5.845294	     -401.624658	     +402.275080	      -17.554690	       -2.208900	       +3.494496	   +21239.915745	       +0.801597	       +0.000001	      -13.409771	      -12.588524
              19	              15	      -10.244386	       -5.835373	     -402.397271	     +403.042878	      -17.556554	       -2.208900	       +3.475325	   +18006.040303	       +0.801607	       +0.000001	      -13.435622	      -12.605172
              19	              16	       -9.147467	       -4.738454	     -379.299660	     +383.019374	      -17.499934	       -2.208900	       +3.154335	   +13307.721562	       +0.801646	       +0.000001	      -10.625885	      -10.237558
              19	              17	       -9.142131	       -4.733117	     -381.741967	     +385.569871	      -17.546019	       -2.208900	       +3.150109	   +10537.399582	       +0.801645	       +0.000001	      -10.568006	      -10.196653
              19	              18	       -8.577057	       -4.168043	     -384.051492	     +388.134391	      -17.385016	       -2.208900	       +2.869399	    +6147.516475	       +0.801616	       +0.000001	      -10.432718	       -9.985750
              19	              19	       -8.560041	       -4.151027	     -383.940822	     +387.970988	      -17.389006	       -2.208900	       +2.855449	    +9057.035231	       +0.801602	       +0.000001	      -10.503391	      -10.041318
              19	              20	       -7.703407	       -3.294393	     -380.050603	     +383.395827	      -16.268868	       -2.208900	       +2.316912	   -18525.304425	       +0.801634	       +0.000001	      -10.606731	       -9.849386
              19	              21	       -7.638029	       -3.229016	     -379.765529	     +383.166005	      -16.281375	       -2.208900	       +2.292068	   -22105.920494	       +0.801645	       +0.000001	      -10.588830	       -9.842966
              19	              22	       -7.117241	       -2.708227	     -327.172690	     +332.038716	      -16.896405	       -2.208900	       +2.554370	    +4863.259301	       +0.801639	       +0.000001	       -9.476009	       -8.877898
              19	              23	       -7.105360	       -2.696347	     -327.962700	     +332.796079	      -16.871585	       -2.208900	       +2.541124	     +120.251819	       +0.801634	       +0.000001	       -9.497082	       -8.890156
              19	              24	       -5.867653	       -1.458640	     -472.027018	     +482.521965	      -16.915680	       -2.208900	       +0.866675	  -175306.674499	       +0.801430	       +0.000001	       -5.554058	       -5.627356
              19	              25	       -5.764841	       -1.355827	     -470.508466	     +480.923504	      -16.756754	       -2.208900	       +0.758689	  -156585.648813	       +0.801587	       +0.000001	       -5.583027	       -5.625234
              19	              26	       -3.108351	       +1.300663	     -474.674744	     +487.569228	      -12.678785	       +0.000000	       -4.016410	   +82294.396089	       -0.801631	       -0.000001	       -3.800711	       -3.705281
              19	              27	       -3.088702	       +1.320312	     -468.610398	     +481.520128	      -12.559881	       +0.000000	       -3.889706	   +89031.638476	       -0.801618	       -0.000001	       -3.539857	       -3.472228
              19	              28	       -2.527630	       +1.881384	     -506.411147	     +521.205956	      -12.809894	       +0.000000	       -4.117632	   +71146.455821	       -0.801557	       -0.000001	       -2.132718	       -2.192875
              19	              29	       -2.424771	       +1.984242	     -501.384880	     +516.160824	      -12.563706	       +0.000000	       -4.099346	   +79951.384168	       -0.801376	       -0.000001	       -1.887108	       -1.974463
              19	              30	       -2.018789	       +2.390225	     -407.038657	     +424.009344	      -10.763627	       +0.000000	       -3.931854	   -72221.254486	       -0.801545	       -0.000001	       +2.275207	       +1.248505
              19	              31	       -2.013993	       +2.395021	     -409.224523	     +426.239002	      -10.787586	       +0.000000	       -3.935615	   -82419.195671	       -0.801538	       -0.000001	       +2.291277	       +1.251723
              19	              32	       -0.900245	       +3.508769	     -428.873505	     +446.791881	      -10.840105	       +0.000000	       -4.355674	   -31058.979514	       -0.801362	       -0.000001	       +2.722597	       +2.880526
              19	              33	       -0.871182	       +3.537832	     -430.937807	     +448.870092	      -10.832258	       +0.000000	       -4.380930	   -37388.860934	       -0.801428	       -0.000001	       +2.719097	       +2.837721
              19	              34	       +1.945956	       +6.354969	     -332.577426	     +347.679382	       -6.608723	       +0.000000	       -4.539746	   +28146.778719	       -0.801588	       -0.000001	       +3.953487	       +3.424202
              19	              35	       +1.983573	       +6.392586	     -329.168828	     +344.399180	       -6.546187	       +0.000000	       -4.533051	   +35908.069212	       -0.801542	       -0.000001	       +4.151115	       +3.580035
              19	              36	       +3.821254	       +8.230268	     -318.763591	     +335.332264	       -5.710916	       +0.000000	       -4.667810	    +4609.804564	       -0.801645	       -0.000001	       +6.189947	       +5.831506
              19	              37	       +3.848380	       +8.257394	     -311.311964	     +327.614082	       -5.663306	       +0.000000	       -4.629773	     -147.938864	       -0.801645	       -0.000001	       +6.009039	       +5.660568
              19	              38	       +3.878472	       +8.287485	     -313.561973	     +330.001727	       -5.688004	       +0.000000	       -4.624824	    +3669.927254	       -0.801637	       -0.000001	       +6.126926	       +5.698389
              19	              39	       +3.888883	       +8.297897	     -319.969037	     +336.686363	       -5.709988	       +0.000000	       -4.650284	    +5112.761178	       -0.801632	       -0.000001	       +6.357053	       +5.934870
              19	              40	       +4.941539	       +9.350552	     -299.341193	     +319.304352	       -5.496651	       +0.000000	       -4.119661	   -44703.832562	       -0.801592	       -0.000001	      +10.346846	       +9.109035
              19	              41	       +4.945488	       +9.354501	     -304.426805	     +324.292616	       -5.577764	       +0.000000	       -4.138240	   -46866.479075	       -0.801588	       -0.000001	      +10.149806	       +8.915296
              19	              42	       +5.062533	       +9.471547	     -246.680552	     +265.783224	       -5.118884	       +0.000000	       -4.386875	   -61856.253151	       -0.801403	       -0.000001	       +9.596914	       +7.663934
              19	              43	       +5.065578	       +9.474592	     -247.013776	     +266.129620	       -5.122436	       +0.000000	       -4.361428	   -60720.421302	       -0.801397	       -0.000001	       +9.631980	       +7.616685
              19	              44	       +5.970859	      +10.379873	     -308.756650	     +328.061417	       -6.020135	       +0.000000	       -4.241410	    +1717.315914	       -0.778238	       -0.000001	       +9.043222	       +8.504375
              19	              45	       +5.985588	      +10.394602	     -307.590042	     +326.907408	       -6.012085	       +0.000000	       -4.202048	    +5553.563753	       -0.777370	       -0.000001	       +9.103232	       +8.588089
              19	              46	       +7.712102	      +12.121115	     -209.815646	     +231.125651	       -4.143324	       +0.000000	       -4.543232	   -17701.343504	       -0.687404	       -0.000001	      +12.623449	      +12.623449
              19	              47	       +7.716247	      +12.125261	     -209.554789	     +230.915223	       -4.137206	       +0.000000	       -4.537566	   -21790.039084	       -0.687213	       -0.000001	      +12.685662	      +12.685662
              19	              48	       +8.225852	      +12.634866	     -288.150323	     +311.653971	       -5.095532	       +0.000000	       -4.264478	    +2951.588943	       -0.664519	       -0.000001	      +14.143638	      +14.143638
              19	              49	       +8.236298	      +12.645312	     -288.108935	     +311.683343	       -5.096317	       +0.000000	       -4.260124	    +1102.313775	       -0.664070	       -0.000001	      +14.217966	      +14.217966
              19	              50	       +9.059441	      +13.468455	     -228.976810	     +252.478638	       -4.347824	       +0.000000	       -4.482402	   +40028.417505	       -0.630463	       -0.000001	      +14.671602	      +14.671602
              19	              51	       +9.065211	      +13.474225	     -230.374389	     +253.879876	       -4.357786	       +0.000000	       -4.487841	   +41601.162944	       -0.630240	       -0.000001	      +14.659860	      +14.659860
              19	              52	       +9.639266	      +14.048280	     -233.591017	     +258.494966	       -4.733148	       +0.000000	       -4.530997	   -80492.932416	       -0.608763	       -0.000000	      +15.639804	      +15.639804
              19	              53	       +9.642214	      +14.051227	     -232.695971	     +257.509223	       -4.722599	       +0.000000	       -4.514936	   -85421.232160	       -0.608656	       -0.000000	      +15.575717	      +15.575717
              19	              54	      +10.407415	      +14.816429	     -194.148049	     +232.343405	       -3.738729	       +0.000000	       -3.526680	   -28284.127635	       -0.582214	       -0.000000	      +30.929947	      +30.929947
              19	              55	      +10.439784	      +14.848798	     -198.142043	     +236.083465	       -3.774012	       +0.000000	       -3.523966	   -29332.675101	       -0.581146	       -0.000000	      +30.643444	      +30.643444
              19	              56	      +11.974973	      +16.383986	     -168.261838	     +205.755648	       -3.277376	       +0.000000	       -3.530960	   -24298.279080	       -0.534633	       -0.000000	      +30.685474	      +30.685474
              19	              57	      +11.982249	      +16.391263	     -173.149220	     +210.308089	       -3.333141	       +0.000000	       -3.537079	   -31144.389393	       -0.534430	       -0.000000	      +30.288649	      +30.288649
              19	              58	      +13.134240	      +17.543253	     -123.459770	     +170.304560	       -2.928869	       +0.000000	       -3.350104	   -32011.130153	       -0.504163	       -0.000000	      +40.565817	      +40.565817
              19	              59	      +13.137577	      +17.546591	     -126.051699	     +172.515942	       -2.937331	       +0.000000	       -3.349831	   -33792.192032	       -0.504080	       -0.000000	      +40.177081	      +40.177081
              19	              60	      +13.174721	      +17.583735	     -211.898642	     +247.539203	       -3.296768	       +0.000000	       -3.722862	   -64219.698028	       -0.503161	       -0.000000	      +28.620931	      +28.620931
              19	              61	      +13.179389	      +17.588403	     -218.598589	     +253.355528	       -3.317943	       +0.000000	       -3.756107	   -65331.425148	       -0.503046	       -0.000000	      +27.682890	      +27.682890
              19	              62	      +14.314038	      +18.723052	     -162.365841	     +212.578713	       -3.421423	       +0.000000	       -3.593465	   +47006.153957	       -0.476523	       -0.000000	      +43.197985	      +43.197985
              19	              63	      +14.317395	      +18.726409	     -162.060116	     +212.365190	       -3.420162	       +0.000000	       -3.582228	   +47245.854799	       -0.476449	       -0.000000	      +43.302684	      +43.302684
              19	              64	      +14.782147	      +19.191160	     -180.779775	     +227.705261	       -3.194826	       +0.000000	       -3.519054	    +5196.947817	       -0.466378	       -0.000000	      +40.211607	      +40.211607
              19	              65	      +14.823557	      +19.232571	     -178.948867	     +225.992374	       -3.166097	       +0.000000	       -3.502538	    +2592.162675	       -0.465502	       -0.000000	      +40.374873	      +40.374873
              19	              66	      +15.868744	      +20.277758	     -188.686639	     +272.132313	       -3.456962	       +0.000000	       -3.396378	   -28177.194571	       -0.444417	       -0.000000	      +76.592333	      +76.592333
              19	              67	      +15.902543	      +20.311557	     -191.821479	     +274.924259	       -3.486172	       +0.000000	       -3.401856	   -28158.907490	       -0.443767	       -0.000000	      +76.214752	      +76.214752
              19	              68	      +16.231168	      +20.640182	     -177.159002	     +224.265850	       -3.005472	       +0.000000	       -3.514128	   -20781.028321	       -0.437544	       -0.000000	      +40.587248	      +40.587248
              19	              69	      +16.237863	      +20.646877	     -175.163980	     +222.359333	       -2.992278	       +0.000000	       -3.498399	   -20764.685112	       -0.437419	       -0.000000	      +40.704675	      +40.704675
              19	              70	      +16.957430	      +21.366444	     -180.551228	     +229.802321	       -3.319515	       +0.000000	       -3.684711	   +95166.386494	       -0.424394	       -0.000000	      +42.246867	      +42.246867
              19	              71	      +16.962785	      +21.371798	     -183.858129	     +232.898315	       -3.347592	       +0.000000	       -3.691095	   +95319.749192	       -0.424300	       -0.000000	      +42.001499	      +42.001499
              19	              72	      +17.403844	      +21.812858	     -180.427630	     +247.374041	       -3.174844	       +0.000000	       -3.041355	   -30140.775234	       -0.416695	       -0.000000	      +60.730212	      +60.730212
              19	              73	      +17.455892	      +21.864906	     -179.006459	     +248.061370	       -3.155302	       +0.000000	       -3.091988	   -26403.711440	       -0.415816	       -0.000000	      +62.807620	      +62.807620
              19	              74	      +17.926368	      +22.335381	      -96.508429	     +234.693234	       -2.502924	       +0.000000	       -2.415600	   -40406.175890	       -0.408032	       -0.000000	     +133.266281	     +133.266281
              19	              75	      +17.928264	      +22.337278	      -92.296014	     +232.778050	       -2.480090	       +0.000000	       -2.416795	   -38432.039277	       -0.408001	       -0.000000	     +135.585151	     +135.585151
              19	              76	      +18.305848	      +22.714862	      -59.589374	     +156.964957	       -1.926165	       +0.000000	       -2.641882	   -38453.805144	       -0.401963	       -0.000000	      +92.807536	      +92.807536
              19	              77	      +18.308614	      +22.717628	      -58.904611	     +156.555588	       -1.923570	       +0.000000	       -2.644288	   -38084.502203	       -0.401919	       -0.000000	      +93.083118	      +93.083118
              19	              78	      +19.025700	      +23.434714	      -78.410584	     +221.675972	       -2.576863	       +0.000000	       -2.908699	    -2984.636862	       -0.390932	       -0.000000	     +137.779827	     +137.779827
              19	              79	      +19.025796	      +23.434809	      -76.235315	     +220.476621	       -2.563498	       +0.000000	       -2.898110	    -1571.275567	       -0.390931	       -0.000000	     +138.779699	     +138.779699
              19	              80	      +19.939298	      +24.348312	      -69.121782	     +228.501353	       -2.434495	       +0.000000	       -1.853912	   +90943.144952	       -0.377775	       -0.000000	     +155.091165	     +155.091165
              19	              81	      +19.940026	      +24.349040	      -68.337372	     +227.970203	       -2.431671	       +0.000000	       -1.841252	   +96053.797784	       -0.377765	       -0.000000	     +155.359908	     +155.359908
              19	              82	      +19.999140	      +24.408154	     -120.860776	     +239.117643	       -2.473981	       +0.000000	       -2.552424	   +51665.365372	       -0.376944	       -0.000000	     +113.230462	     +113.230462
              19	              83	      +20.005200	      +24.414214	     -119.697574	     +238.520671	       -2.469665	       +0.000000	       -2.541767	   +49442.150131	       -0.376860	       -0.000000	     +113.811665	     +113.811665
              19	              84	      +21.135545	      +25.544558	      +27.153776	     +190.262912	       -1.761149	       +0.000000	       -2.214686	    -3640.529916	       -0.361830	       -0.000000	     +213.440853	     +213.440853
              19	              85	      +21.153852	      +25.562866	      +28.695152	     +189.457092	       -1.758749	       +0.000000	       -2.206690	    -4638.002467	       -0.361596	       -0.000000	     +214.186805	     +214.186805
              19	              86	      +21.528327	      +25.937341	     -182.331075	     +268.226439	       -2.765537	       +0.000000	       -3.066950	   -14450.612712	       -0.356884	       -0.000000	      +80.062878	      +80.062878
              19	              87	      +21.532851	      +25.941865	     -183.940133	     +269.062747	       -2.770591	       +0.000000	       -3.070565	   -13796.118437	       -0.356828	       -0.000000	      +79.281458	      +79.281458
              19	              88	      +22.096331	      +26.505345	     -181.989536	     +268.471410	       -2.911745	       +0.000000	       -2.707080	   +44036.346112	       -0.349966	       -0.000000	      +80.863049	      +80.863049
              19	              89	      +22.098256	      +26.507270	     -180.879962	     +267.715011	       -2.905750	       +0.000000	       -2.701761	   +47580.940673	       -0.349943	       -0.000000	      +81.227538	      +81.227538
              19	              90	      +22.640330	      +27.049344	      -49.758256	     +198.857093	       -2.098284	       +0.000000	       -2.364498	   +46878.147788	       -0.343587	       -0.000000	     +144.636055	     +144.636055
              19	              91	      +22.645717	      +27.054731	      -48.346719	     +198.095064	       -2.088727	       +0.000000	       -2.363417	   +46356.243868	       -0.343525	       -0.000000	     +145.296201	     +145.296201
              19	              92	      +22.798624	      +27.207638	      -33.568045	     +227.555929	       -2.163900	       +0.000000	       -2.084766	   +71314.344650	       -0.341775	       -0.000000	     +189.739218	     +189.739218
              19	              93	      +22.799402	      +27.208416	      -37.482979	     +228.713916	       -2.183092	       +0.000000	       -2.085138	   +69596.251522	       -0.341766	       -0.000000	     +186.962708	     +186.962708
              19	              94	      +23.679963	      +28.088977	     -111.033591	     +215.029487	       -2.361036	       +0.000000	       -2.254606	    -5838.389139	       -0.332022	       -0.000000	      +99.380255	      +99.380255
              19	              95	      +23.683924	      +28.092938	     -108.970527	     +213.404420	       -2.349712	       +0.000000	       -2.262197	    -8125.066948	       -0.331980	       -0.000000	      +99.821984	      +99.821984
              19	              96	      +23.952060	      +28.361074	     -195.022759	     +278.218709	       -2.799340	       +0.000000	       -2.874637	   +36409.891553	       -0.329123	       -0.000000	      +77.521975	      +77.521975
              19	              97	      +23.979209	      +28.388222	     -194.949706	     +277.458271	       -2.799814	       +0.000000	       -2.887656	   +34465.567092	       -0.328836	       -0.000000	      +76.821095	      +76.821095
              19	              98	      +24.160324	      +28.569338	      -93.171130	     +237.388707	       -2.247828	       +0.000000	       -2.116358	   -18026.894659	       -0.326937	       -0.000000	     +139.853390	     +139.853390
              19	              99	      +24.160692	      +28.569705	      -93.046500	     +237.710126	       -2.250258	       +0.000000	       -2.098054	   -17865.318844	       -0.326934	       -0.000000	     +140.315314	     +140.315314

k-point 20:
              20	               0	      -65.468366	      -61.059353	     -633.764260	     +591.487315	      -39.338470	       -2.208900	       -5.044205	    +7576.068049	       +0.160593	       +0.000000	      -86.659619	      -86.659619
              20	               1	      -65.468363	      -61.059350	     -633.764284	     +591.487315	      -39.338470	       -2.208900	       -4.847913	    +7276.407606	       +0.160593	       +0.000000	      -86.463351	      -86.463351
              20	               2	      -42.219225	      -37.810211	     -603.725834	     +585.118200	      -33.224832	       -2.208900	       +2.366005	  -109830.251025	       +0.252537	       +0.000000	      -49.466461	      -49.466461
              20	               3	      -42.204416	      -37.795402	     -603.795232	     +584.789604	      -33.260201	       -2.208900	       +2.231574	   +96123.589348	       +0.252630	       +0.000000	      -50.034255	      -50.034255
              20	               4	      -39.715678	      -35.306665	     -600.320418	     +584.118501	      -32.557250	       -2.208900	       +3.193489	  -103412.639065	       +0.269130	       +0.000000	      -45.565678	      -45.565678
              20	               5	      -39.696201	      -35.287188	     -599.283274	     +582.617972	      -32.594413	       -2.208900	       +2.628908	   +81608.954793	       +0.269268	       +0.000000	      -46.630808	      -46.630808
              20	               6	      -39.570623	      -35.161609	     -596.446010	     +580.035081	      -32.581754	       -2.208900	       +1.156534	   +42795.651350	       +0.270158	       +0.000000	      -47.836148	      -47.836148
              20	               7	      -39.568905	      -35.159891	     -597.619691	     +581.135157	      -32.583785	       -2.208900	       +1.684723	   +48205.200515	       +0.270171	       +0.000000	      -47.383596	      -47.383596
              20	               8	      -17.545461	      -13.136447	     -390.672805	     +382.274143	      -21.765158	       -2.208900	       +5.795606	   +12688.369838	       +0.643600	       +0.000001	      -24.368214	      -24.368214
              20	               9	      -17.506054	      -13.097040	     -390.004205	     +381.604733	      -21.775365	       -2.208900	       +5.790445	   +11528.997701	       +0.645196	       +0.000001	      -24.384392	      -24.384392
              20	              10	      -17.368635	      -12.959621	     -378.869676	     +373.128677	      -21.741879	       -2.208900	       +5.957076	    +9879.503238	       +0.650823	       +0.000001	      -21.525801	      -21.525801
              20	              11	      -17.365577	      -12.956563	     -378.802475	     +373.037394	      -21.740314	       -2.208900	       +5.952764	    +9455.811320	       +0.650949	       +0.000001	      -21.552630	      -21.552630
              20	              12	      -10.630580	       -6.221566	     -399.456181	     +399.646994	      -17.284412	       -2.208900	       +3.794765	   +18760.433350	       +0.801643	       +0.000001	      -13.298834	      -12.574581
              20	              13	      -10.619139	       -6.210125	     -399.119075	     +399.303188	      -17.295069	       -2.208900	       +3.794898	   +19496.692118	       +0.801640	       +0.000001	      -13.316057	      -12.581195
              20	              14	      -10.254313	       -5.845299	     -401.624951	     +402.275383	      -17.554693	       -2.208900	       +3.495689	   +20791.514628	       +0.801597	       +0.000001	      -13.408571	      -12.587319
              20	              15	      -10.244391	       -5.835378	     -402.397572	     +403.043189	      -17.556557	       -2.208900	       +3.476465	   +17441.174642	       +0.801606	       +0.000001	      -13.434475	      -12.603875
              20	              16	       -9.147469	       -4.738456	     -379.299681	     +383.019391	      -17.499931	       -2.208900	       +3.154621	   +16927.412538	       +0.801646	       +0.000001	      -10.625600	      -10.237974
              20	              17	       -9.142133	       -4.733119	     -381.741965	     +385.569862	      -17.546015	       -2.208900	       +3.150416	   +14213.497476	       +0.801645	       +0.000001	      -10.567702	      -10.197042
              20	              18	       -8.577069	       -4.168055	     -384.051513	     +388.134397	      -17.385020	       -2.208900	       +2.868668	    +7640.482240	       +0.801616	       +0.000001	      -10.433468	       -9.988899
              20	              19	       -8.560053	       -4.151039	     -383.940860	     +387.971013	      -17.389009	       -2.208900	       +2.855098	   +10476.691783	       +0.801602	       +0.000001	      -10.503758	      -10.044208
              20	              20	       -7.703412	       -3.294398	     -380.050050	     +383.395250	      -16.268869	       -2.208900	       +2.317422	   -17942.042010	       +0.801634	       +0.000001	      -10.606247	       -9.849185
              20	              21	       -7.638034	       -3.229021	     -379.764884	     +383.165330	      -16.281375	       -2.208900	       +2.292611	   -21435.809697	       +0.801645	       +0.000001	      -10.588318	       -9.842771
              20	              22	       -7.117234	       -2.708220	     -327.172501	     +332.038553	      -16.896402	       -2.208900	       +2.555755	    +4596.958125	       +0.801639	       +0.000001	       -9.474595	       -8.877820
              20	              23	       -7.105353	       -2.696339	     -327.962482	     +332.795886	      -16.871583	       -2.208900	       +2.542435	     -166.141344	       +0.801634	       +0.000001	       -9.495744	       -8.889979
              20	              24	       -5.867649	       -1.458635	     -472.027429	     +482.522394	      -16.915681	       -2.208900	       +0.866294	  -185500.265611	       +0.801430	       +0.000001	       -5.554422	       -5.627603
              20	              25	       -5.764836	       -1.355822	     -470.508840	     +480.923892	      -16.756756	       -2.208900	       +0.758423	  -165790.460952	       +0.801587	       +0.000001	       -5.583280	       -5.625411
              20	              26	       -3.108348	       +1.300665	     -474.674853	     +487.569331	      -12.678790	       +0.000000	       -4.012930	   +82343.428021	       -0.801631	       -0.000001	       -3.797242	       -3.702463
              20	              27	       -3.088699	       +1.320315	     -468.610472	     +481.520190	      -12.559885	       +0.000000	       -3.885231	   +88494.238031	       -0.801618	       -0.000001	       -3.535398	       -3.468564
              20	              28	       -2.527631	       +1.881383	     -506.410773	     +521.205583	      -12.809885	       +0.000000	       -4.121812	   +61578.557561	       -0.801557	       -0.000001	       -2.136888	       -2.196389
              20	              29	       -2.424772	       +1.984242	     -501.384508	     +516.160446	      -12.563696	       +0.000000	       -4.102956	   +69516.506023	       -0.801376	       -0.000001	       -1.890714	       -1.977438
              20	              30	       -2.018795	       +2.390219	     -407.038541	     +424.009252	      -10.763620	       +0.000000	       -3.930949	   -74241.589129	       -0.801545	       -0.000001	       +2.276141	       +1.236113
              20	              31	       -2.013999	       +2.395015	     -409.224414	     +426.238915	      -10.787579	       +0.000000	       -3.934664	   -84057.565038	       -0.801538	       -0.000001	       +2.292258	       +1.239075
              20	              32	       -0.900253	       +3.508761	     -428.873301	     +446.791594	      -10.840102	       +0.000000	       -4.359064	   -29005.822886	       -0.801362	       -0.000001	       +2.719126	       +2.837074
              20	              33	       -0.871190	       +3.537824	     -430.937591	     +448.869793	      -10.832255	       +0.000000	       -4.384309	   -34922.250759	       -0.801428	       -0.000001	       +2.715638	       +2.793943
              20	              34	       +1.945957	       +6.354971	     -332.578056	     +347.680018	       -6.608733	       +0.000000	       -4.540404	   +28537.157768	       -0.801588	       -0.000001	       +3.952824	       +3.423641
              20	              35	       +1.983574	       +6.392588	     -329.169450	     +344.399804	       -6.546197	       +0.000000	       -4.533811	   +36257.854621	       -0.801542	       -0.000001	       +4.150347	       +3.579237
              20	              36	       +3.821254	       +8.230268	     -318.762874	     +335.331506	       -5.710914	       +0.000000	       -4.667329	    +4954.506762	       -0.801645	       -0.000001	       +6.190388	       +5.830837
              20	              37	       +3.848379	       +8.257392	     -311.311526	     +327.613602	       -5.663312	       +0.000000	       -4.629687	     -412.072134	       -0.801645	       -0.000001	       +6.009078	       +5.660239
              20	              38	       +3.878471	       +8.287485	     -313.563078	     +330.002865	       -5.688017	       +0.000000	       -4.624485	    +3562.329892	       -0.801637	       -0.000001	       +6.127285	       +5.698521
              20	              39	       +3.888885	       +8.297898	     -319.969787	     +336.687151	       -5.709991	       +0.000000	       -4.649694	    +5448.789858	       -0.801632	       -0.000001	       +6.357679	       +5.934620
              20	              40	       +4.941519	       +9.350533	     -299.344358	     +319.307512	       -5.496680	       +0.000000	       -4.117748	   -40057.883315	       -0.801592	       -0.000001	      +10.348725	       +9.112230
              20	              41	       +4.945468	       +9.354482	     -304.430053	     +324.295859	       -5.577794	       +0.000000	       -4.136019	   -41562.165237	       -0.801588	       -0.000001	      +10.151993	       +8.918818
              20	              42	       +5.062527	       +9.471541	     -246.677412	     +265.780012	       -5.118857	       +0.000000	       -4.384710	   -58485.714884	       -0.801403	       -0.000001	       +9.599033	       +7.662544
              20	              43	       +5.065572	       +9.474585	     -247.010651	     +266.126419	       -5.122409	       +0.000000	       -4.359154	   -57510.834322	       -0.801397	       -0.000001	       +9.634205	       +7.615208
              20	              44	       +5.970865	      +10.379879	     -308.755692	     +328.060556	       -6.020123	       +0.000000	       -4.239108	    +2128.597640	       -0.778238	       -0.000001	       +9.045632	       +8.506199
              20	              45	       +5.985594	      +10.394608	     -307.589120	     +326.906581	       -6.012075	       +0.000000	       -4.199315	    +6120.870477	       -0.777369	       -0.000001	       +9.106071	       +8.590486
              20	              46	       +7.712113	      +12.121127	     -209.815211	     +231.125233	       -4.143320	       +0.000000	       -4.541465	   -17755.298586	       -0.687403	       -0.000001	      +12.625238	      +12.625238
              20	              47	       +7.716259	      +12.125273	     -209.554335	     +230.914788	       -4.137202	       +0.000000	       -4.535664	   -21782.574692	       -0.687212	       -0.000001	      +12.687587	      +12.687587
              20	              48	       +8.225872	      +12.634886	     -288.150034	     +311.653718	       -5.095529	       +0.000000	       -4.264628	    +2761.451541	       -0.664518	       -0.000001	      +14.143527	      +14.143527
              20	              49	       +8.236318	      +12.645331	     -288.108636	     +311.683081	       -5.096314	       +0.000000	       -4.260436	     +933.116621	       -0.664069	       -0.000001	      +14.217695	      +14.217695
              20	              50	       +9.059451	      +13.468465	     -228.976026	     +252.477825	       -4.347817	       +0.000000	       -4.482282	   +40452.176890	       -0.630463	       -0.000001	      +14.671700	      +14.671700
              20	              51	       +9.065222	      +13.474235	     -230.373661	     +253.879119	       -4.357779	       +0.000000	       -4.487634	   +42035.770345	       -0.630239	       -0.000001	      +14.660046	      +14.660046
              20	              52	       +9.639269	      +14.048282	     -233.592377	     +258.496369	       -4.733160	       +0.000000	       -4.532551	   -84858.058320	       -0.608763	       -0.000000	      +15.638282	      +15.638282
              20	              53	       +9.642215	      +14.051229	     -232.697296	     +257.510589	       -4.722610	       +0.000000	       -4.516371	   -89869.009734	       -0.608656	       -0.000000	      +15.574312	      +15.574312
              20	              54	      +10.407413	      +14.816426	     -194.149123	     +232.344365	       -3.738738	       +0.000000	       -3.529082	   -30316.148102	       -0.582214	       -0.000000	      +30.927422	      +30.927422
              20	              55	      +10.439782	      +14.848795	     -198.143148	     +236.084456	       -3.774022	       +0.000000	       -3.526362	   -31415.441571	       -0.581146	       -0.000000	      +30.640924	      +30.640924
              20	              56	      +11.974975	      +16.383989	     -168.262248	     +205.756002	       -3.277375	       +0.000000	       -3.531958	   -25000.736501	       -0.534633	       -0.000000	      +30.684419	      +30.684419
              20	              57	      +11.982251	      +16.391265	     -173.149727	     +210.308542	       -3.333141	       +0.000000	       -3.538477	   -31933.623447	       -0.534430	       -0.000000	      +30.287197	      +30.287197
              20	              58	      +13.134244	      +17.543258	     -123.460397	     +170.305070	       -2.928868	       +0.000000	       -3.352856	   -33260.288924	       -0.504163	       -0.000000	      +40.562949	      +40.562949
              20	              59	      +13.137581	      +17.546595	     -126.053943	     +172.517861	       -2.937337	       +0.000000	       -3.352307	   -34919.803460	       -0.504080	       -0.000000	      +40.174274	      +40.174274
              20	              60	      +13.174716	      +17.583729	     -211.896154	     +247.537091	       -3.296760	       +0.000000	       -3.721297	   -61576.679371	       -0.503161	       -0.000000	      +28.622881	      +28.622881
              20	              61	      +13.179383	      +17.588397	     -218.597678	     +253.354783	       -3.317942	       +0.000000	       -3.754433	   -62558.871756	       -0.503046	       -0.000000	      +27.684731	      +27.684731
              20	              62	      +14.314035	      +18.723048	     -162.366132	     +212.578902	       -3.421421	       +0.000000	       -3.591538	   +48326.835664	       -0.476523	       -0.000000	      +43.199812	      +43.199812
              20	              63	      +14.317391	      +18.726405	     -162.060404	     +212.365376	       -3.420159	       +0.000000	       -3.580144	   +48658.754368	       -0.476449	       -0.000000	      +43.304670	      +43.304670
              20	              64	      +14.782142	      +19.191156	     -180.779305	     +227.704726	       -3.194824	       +0.000000	       -3.517672	    +4264.767558	       -0.466379	       -0.000000	      +40.212925	      +40.212925
              20	              65	      +14.823552	      +19.232566	     -178.948433	     +225.991884	       -3.166096	       +0.000000	       -3.501264	    +1501.965300	       -0.465502	       -0.000000	      +40.376091	      +40.376091
              20	              66	      +15.868752	      +20.277766	     -188.687145	     +272.132587	       -3.456967	       +0.000000	       -3.397824	   -29907.291599	       -0.444417	       -0.000000	      +76.590652	      +76.590652
              20	              67	      +15.902550	      +20.311564	     -191.821933	     +274.924476	       -3.486177	       +0.000000	       -3.403163	   -29773.416144	       -0.443767	       -0.000000	      +76.213203	      +76.213203
              20	              68	      +16.231166	      +20.640180	     -177.157207	     +224.264139	       -3.005460	       +0.000000	       -3.513586	   -20475.130973	       -0.437544	       -0.000000	      +40.587886	      +40.587886
              20	              69	      +16.237861	      +20.646875	     -175.162150	     +222.357593	       -2.992266	       +0.000000	       -3.497859	   -20482.966071	       -0.437420	       -0.000000	      +40.705317	      +40.705317
              20	              70	      +16.957427	      +21.366441	     -180.552676	     +229.803595	       -3.319528	       +0.000000	       -3.684718	   +95830.437964	       -0.424394	       -0.000000	      +42.246673	      +42.246673
              20	              71	      +16.962782	      +21.371796	     -183.859616	     +232.899621	       -3.347606	       +0.000000	       -3.690816	   +96065.209652	       -0.424300	       -0.000000	      +42.001583	      +42.001583
              20	              72	      +17.403827	      +21.812841	     -180.425607	     +247.372547	       -3.174828	       +0.000000	       -3.040330	   -29122.706586	       -0.416696	       -0.000000	      +60.731782	      +60.731782
              20	              73	      +17.455875	      +21.864889	     -179.004800	     +248.060113	       -3.155289	       +0.000000	       -3.090547	   -25426.076976	       -0.415816	       -0.000000	      +62.809477	      +62.809477
              20	              74	      +17.926369	      +22.335382	      -96.509866	     +234.693535	       -2.502926	       +0.000000	       -2.417612	   -39367.693413	       -0.408032	       -0.000000	     +133.263131	     +133.263131
              20	              75	      +17.928265	      +22.337279	      -92.297848	     +232.778592	       -2.480094	       +0.000000	       -2.418911	   -37583.813791	       -0.408001	       -0.000000	     +135.581739	     +135.581739
              20	              76	      +18.305841	      +22.714855	      -59.589146	     +156.964709	       -1.926166	       +0.000000	       -2.641481	   -38315.877999	       -0.401963	       -0.000000	      +92.807917	      +92.807917
              20	              77	      +18.308608	      +22.717621	      -58.904395	     +156.555348	       -1.923571	       +0.000000	       -2.643844	   -37912.248222	       -0.401919	       -0.000000	      +93.083538	      +93.083538
              20	              78	      +19.025695	      +23.434709	      -78.410013	     +221.675367	       -2.576860	       +0.000000	       -2.910344	    -3530.512876	       -0.390932	       -0.000000	     +137.778150	     +137.778150
              20	              79	      +19.025791	      +23.434804	      -76.234734	     +220.476014	       -2.563495	       +0.000000	       -2.899612	    -1986.122991	       -0.390931	       -0.000000	     +138.778173	     +138.778173
              20	              80	      +19.939291	      +24.348304	      -69.121048	     +228.501453	       -2.434495	       +0.000000	       -1.859344	   +87212.619188	       -0.377775	       -0.000000	     +155.086566	     +155.086566
              20	              81	      +19.940019	      +24.349032	      -68.336628	     +227.970285	       -2.431671	       +0.000000	       -1.847088	   +92251.820033	       -0.377765	       -0.000000	     +155.354898	     +155.354898
              20	              82	      +19.999142	      +24.408156	     -120.860027	     +239.117383	       -2.473980	       +0.000000	       -2.552363	   +50734.263022	       -0.376944	       -0.000000	     +113.231014	     +113.231014
              20	              83	      +20.005202	      +24.414216	     -119.696810	     +238.520404	       -2.469664	       +0.000000	       -2.541451	   +48610.157743	       -0.376860	       -0.000000	     +113.812479	     +113.812479
              20	              84	      +21.135562	      +25.544576	      +27.152766	     +190.263357	       -1.761150	       +0.000000	       -2.215125	    -4364.389247	       -0.361830	       -0.000000	     +213.439849	     +213.439849
              20	              85	      +21.153871	      +25.562884	      +28.694190	     +189.457519	       -1.758750	       +0.000000	       -2.207162	    -5367.894460	       -0.361596	       -0.000000	     +214.185798	     +214.185798
              20	              86	      +21.528353	      +25.937367	     -182.331078	     +268.226528	       -2.765539	       +0.000000	       -3.068382	   -15819.801404	       -0.356884	       -0.000000	      +80.061530	      +80.061530
              20	              87	      +21.532877	      +25.941891	     -183.940141	     +269.062836	       -2.770593	       +0.000000	       -3.072122	   -15256.068501	       -0.356827	       -0.000000	      +79.279981	      +79.279981
              20	              88	      +22.096338	      +26.505352	     -181.986487	     +268.470490	       -2.911734	       +0.000000	       -2.706610	   +44064.468958	       -0.349966	       -0.000000	      +80.865658	      +80.865658
              20	              89	      +22.098263	      +26.507276	     -180.877017	     +267.714151	       -2.905740	       +0.000000	       -2.701249	   +47508.761984	       -0.349943	       -0.000000	      +81.230145	      +81.230145
              20	              90	      +22.640345	      +27.049359	      -49.759345	     +198.857598	       -2.098291	       +0.000000	       -2.364621	   +47824.052424	       -0.343587	       -0.000000	     +144.635342	     +144.635342
              20	              91	      +22.645732	      +27.054746	      -48.347798	     +198.095563	       -2.088734	       +0.000000	       -2.363546	   +47369.082195	       -0.343525	       -0.000000	     +145.295486	     +145.295486
              20	              92	      +22.798641	      +27.207655	      -33.570963	     +227.557393	       -2.163915	       +0.000000	       -2.084916	   +71887.567578	       -0.341774	       -0.000000	     +189.737598	     +189.737598
              20	              93	      +22.799418	      +27.208432	      -37.485922	     +228.715375	       -2.183108	       +0.000000	       -2.085694	   +69994.276001	       -0.341766	       -0.000000	     +186.960652	     +186.960652
              20	              94	      +23.679970	      +28.088984	     -111.033081	     +215.028314	       -2.361027	       +0.000000	       -2.251739	    -6630.872309	       -0.332022	       -0.000000	      +99.382467	      +99.382467
              20	              95	      +23.683931	      +28.092944	     -108.970048	     +213.403247	       -2.349702	       +0.000000	       -2.259479	    -8921.561950	       -0.331979	       -0.000000	      +99.824018	      +99.824018
              20	              96	      +23.952070	      +28.361083	     -195.018634	     +278.216211	       -2.799316	       +0.000000	       -2.875444	   +35032.447274	       -0.329123	       -0.000000	      +77.522817	      +77.522817
              20	              97	      +23.979218	      +28.388232	     -194.945468	     +277.455714	       -2.799789	       +0.000000	       -2.888522	   +33033.500505	       -0.328836	       -0.000000	      +76.821935	      +76.821935
              20	              98	      +24.160320	      +28.569334	      -93.169791	     +237.388199	       -2.247822	       +0.000000	       -2.114630	   -17622.443836	       -0.326937	       -0.000000	     +139.855956	     +139.855956
              20	              99	      +24.160688	      +28.569701	      -93.045236	     +237.709667	       -2.250252	       +0.000000	       -2.096149	   -17383.947277	       -0.326934	       -0.000000	     +140.318030	     +140.318030

k-point 21:
              21	               0	      -65.500819	      -61.091805	     -633.823552	     +592.229505	      -39.337177	       -2.208900	       -5.164284	       +0.292739	       +0.160511	       +0.000000	      -86.095508	      -86.095508
              21	               1	      -65.500819	      -61.091805	     -633.823552	     +592.229505	      -39.337177	       -2.208900	       -5.164734	       +0.292652	       +0.160511	       +0.000000	      -86.095958	      -86.095958
              21	               2	      -42.217310	      -37.808297	     -603.750836	     +584.957662	      -33.244880	       -2.208900	       +3.472899	   -15583.992721	       +0.252549	       +0.000000	      -48.565155	      -48.565155
              21	               3	      -42.217310	      -37.808297	     -603.750836	     +584.957662	      -33.244880	       -2.208900	       +3.472469	   -15584.002197	       +0.252549	       +0.000000	      -48.565585	      -48.565585
              21	               4	      -39.734210	      -35.325197	     -599.037143	     +582.619577	      -32.582900	       -2.208900	       +3.574601	    -1578.098363	       +0.268999	       +0.000000	      -45.425865	      -45.425865
              21	               5	      -39.734210	      -35.325197	     -599.037143	     +582.619577	      -32.582900	       -2.208900	       +3.574869	    -1578.089633	       +0.268999	       +0.000000	      -45.425597	      -45.425597
              21	               6	      -39.546669	      -35.137655	     -597.850824	     +581.426510	      -32.583072	       -2.208900	       +3.028412	   +14965.993724	       +0.270329	       +0.000000	      -45.978975	      -45.978975
              21	               7	      -39.546669	      -35.137655	     -597.850824	     +581.426510	      -32.583072	       -2.208900	       +3.031898	   +14965.987788	       +0.270329	       +0.000000	      -45.975489	      -45.975489
              21	               8	      -17.504562	      -13.095549	     -391.042430	     +382.604400	      -21.797929	       -2.208900	       +5.811626	      -52.217304	       +0.645257	       +0.000001	      -24.424334	      -24.424334
              21	               9	      -17.504562	      -13.095549	     -391.042430	     +382.604400	      -21.797929	       -2.208900	       +5.811632	      -52.217344	       +0.645257	       +0.000001	      -24.424327	      -24.424327
              21	              10	      -17.384373	      -12.975359	     -380.032546	     +373.996584	      -21.741895	       -2.208900	       +6.068240	      +63.191504	       +0.650174	       +0.000001	      -21.709617	      -21.709617
              21	              11	      -17.384373	      -12.975359	     -380.032546	     +373.996584	      -21.741895	       -2.208900	       +6.068238	      +63.191561	       +0.650174	       +0.000001	      -21.709619	      -21.709619
              21	              12	      -11.087338	       -6.678325	     -391.480281	     +391.097874	      -17.247265	       -2.208900	       +4.041331	      -47.125177	       +0.801624	       +0.000001	      -13.588341	      -12.935071
              21	              13	      -11.087338	       -6.678325	     -391.480281	     +391.097874	      -17.247265	       -2.208900	       +4.041334	      -47.125178	       +0.801624	       +0.000001	      -13.588338	      -12.935069
              21	              14	      -10.190441	       -5.781428	     -366.077955	     +365.851158	      -17.070838	       -2.208900	       +3.683914	      -70.213555	       +0.801639	       +0.000001	      -13.613720	      -12.625957
              21	              15	      -10.190441	       -5.781428	     -366.077955	     +365.851158	      -17.070838	       -2.208900	       +3.683541	      -70.213565	       +0.801639	       +0.000001	      -13.614093	      -12.626223
              21	              16	       -9.410904	       -5.001890	     -398.899454	     +403.371332	      -17.815747	       -2.208900	       +3.220515	     -632.641846	       +0.801345	       +0.000001	      -10.123354	       -9.919786
              21	              17	       -9.410904	       -5.001890	     -398.899454	     +403.371332	      -17.815747	       -2.208900	       +3.220562	     -632.642043	       +0.801345	       +0.000001	      -10.123307	       -9.919752
              21	              18	       -8.453010	       -4.043996	     -440.496374	     +446.570155	      -18.141693	       -2.208900	       +2.576521	     -592.141629	       +0.801441	       +0.000001	       -9.491392	       -9.262868
              21	              19	       -8.453010	       -4.043996	     -440.496374	     +446.570155	      -18.141693	       -2.208900	       +2.576519	     -592.141756	       +0.801441	       +0.000001	       -9.491393	       -9.262869
              21	              20	       -7.297411	       -2.888397	     -322.046561	     +327.866155	      -16.941599	       -2.208900	       +2.576427	     -247.512293	       +0.801547	       +0.000001	       -8.545578	       -8.230144
              21	              21	       -7.297411	       -2.888397	     -322.046561	     +327.866155	      -16.941599	       -2.208900	       +2.576324	     -247.512379	       +0.801547	       +0.000001	       -8.545681	       -8.230221
              21	              22	       -6.243191	       -1.834177	     -378.387649	     +382.804870	      -16.426439	       -2.208900	       +1.871368	    -1027.675984	       +0.801608	       +0.000001	      -10.137849	       -9.202183
              21	              23	       -6.243191	       -1.834177	     -378.387649	     +382.804870	      -16.426439	       -2.208900	       +1.871366	    -1027.677085	       +0.801608	       +0.000001	      -10.137851	       -9.202185
              21	              24	       -5.976798	       -1.567784	     -423.156948	     +433.050698	      -15.943889	       -2.208900	       +1.015799	    +1100.723206	       +0.801487	       +0.000001	       -5.034340	       -5.243077
              21	              25	       -5.976798	       -1.567784	     -423.156948	     +433.050698	      -15.943889	       -2.208900	       +1.016284	    +1100.724282	       +0.801487	       +0.000001	       -5.033855	       -5.242699
              21	              26	       -3.055304	       +1.353709	     -530.714078	     +547.370823	      -13.513921	       +0.000000	       -3.557263	     -459.872665	       -0.801589	       -0.000001	       -0.414438	       -1.075769
              21	              27	       -3.055304	       +1.353709	     -530.714078	     +547.370823	      -13.513921	       +0.000000	       -3.557284	     -459.873006	       -0.801589	       -0.000001	       -0.414459	       -1.075784
              21	              28	       -2.541874	       +1.867140	     -492.675502	     +508.816556	      -12.600694	       +0.000000	       -4.665300	     -876.468848	       -0.801574	       -0.000001	       -1.124939	       -1.177277
              21	              29	       -2.541874	       +1.867140	     -492.675502	     +508.816556	      -12.600694	       +0.000000	       -4.665766	     -876.468251	       -0.801574	       -0.000001	       -1.125406	       -1.177726
              21	              30	       -1.458378	       +2.950636	     -412.421695	     +428.550535	       -9.918835	       +0.000000	       -4.238177	     +131.582720	       -0.801445	       -0.000001	       +1.971829	       +1.336887
              21	              31	       -1.458378	       +2.950636	     -412.421695	     +428.550535	       -9.918835	       +0.000000	       -4.238427	     +131.582104	       -0.801445	       -0.000001	       +1.971578	       +1.336684
              21	              32	       -1.066723	       +3.342291	     -405.079491	     +418.814477	      -11.153452	       +0.000000	       -4.191063	    +1132.461118	       -0.801600	       -0.000001	       -1.609529	       -1.588631
              21	              33	       -1.066723	       +3.342291	     -405.079491	     +418.814477	      -11.153452	       +0.000000	       -4.191035	    +1132.461884	       -0.801600	       -0.000001	       -1.609501	       -1.588603
              21	              34	       +1.125871	       +5.534885	     -337.312133	     +351.009727	       -6.457366	       +0.000000	       -4.486668	     +154.195732	       -0.801422	       -0.000001	       +2.753560	       +2.524536
              21	              35	       +1.125871	       +5.534885	     -337.312133	     +351.009727	       -6.457366	       +0.000000	       -4.486688	     +154.195793	       -0.801422	       -0.000001	       +2.753540	       +2.524519
              21	              36	       +2.577515	       +6.986529	     -319.707826	     +337.114221	       -6.259359	       +0.000000	       -4.595542	     +176.600862	       -0.801371	       -0.000001	       +6.551494	       +5.079982
              21	              37	       +2.577515	       +6.986529	     -319.707826	     +337.114221	       -6.259359	       +0.000000	       -4.595509	     +176.600855	       -0.801371	       -0.000001	       +6.551526	       +5.080002
              21	              38	       +3.216071	       +7.625085	     -327.590114	     +345.228588	       -5.873731	       +0.000000	       -5.987752	      -97.235327	       -0.801574	       -0.000001	       +5.776991	       +5.307007
              21	              39	       +3.216071	       +7.625085	     -327.590114	     +345.228588	       -5.873731	       +0.000000	       -5.987772	      -97.235336	       -0.801574	       -0.000001	       +5.776971	       +5.306990
              21	              40	       +4.435338	       +8.844352	     -236.913797	     +255.319960	       -5.235071	       +0.000000	       -4.605818	     +210.222693	       -0.801598	       -0.000001	       +8.565274	       +7.227787
              21	              41	       +4.435338	       +8.844352	     -236.913797	     +255.319960	       -5.235071	       +0.000000	       -4.605892	     +210.222874	       -0.801598	       -0.000001	       +8.565200	       +7.227736
              21	              42	       +4.984539	       +9.393553	     -280.660695	     +298.214055	       -5.446606	       +0.000000	       -4.219519	      +72.529940	       -0.801540	       -0.000001	       +7.887234	       +6.573363
              21	              43	       +4.984539	       +9.393553	     -280.660695	     +298.214055	       -5.446606	       +0.000000	       -4.219455	      +72.529891	       -0.801540	       -0.000001	       +7.887299	       +6.573398
              21	              44	       +6.011770	      +10.420783	     -360.093591	     +376.069334	       -5.895866	       +0.000000	       -5.281046	      -57.797666	       -0.775830	       -0.000001	       +4.798831	       +4.812101
              21	              45	       +6.011770	      +10.420783	     -360.093591	     +376.069334	       -5.895866	       +0.000000	       -5.281054	      -57.797477	       -0.775830	       -0.000001	       +4.798823	       +4.812093
              21	              46	       +8.328525	      +12.737539	      -83.903932	     +110.508075	       -2.785836	       +0.000000	       -3.798415	       -5.357803	       -0.660127	       -0.000001	      +20.019893	      +20.019893
              21	              47	       +8.328525	      +12.737539	      -83.903932	     +110.508075	       -2.785836	       +0.000000	       -3.798415	       -5.357802	       -0.660127	       -0.000001	      +20.019892	      +20.019892
              21	              48	       +9.001863	      +13.410876	     -200.229561	     +226.582180	       -4.341778	       +0.000000	       -4.351246	      +56.747576	       -0.632703	       -0.000001	      +17.659594	      +17.659594
              21	              49	       +9.001863	      +13.410876	     -200.229561	     +226.582180	       -4.341778	       +0.000000	       -4.351227	      +56.747581	       -0.632703	       -0.000001	      +17.659614	      +17.659614
              21	              50	      +10.392910	      +14.801924	     -161.587997	     +196.320226	       -3.435171	       +0.000000	       -3.798742	     -171.081683	       -0.582694	       -0.000000	      +27.498315	      +27.498315
              21	              51	      +10.392910	      +14.801924	     -161.587997	     +196.320226	       -3.435171	       +0.000000	       -3.798744	     -171.081964	       -0.582694	       -0.000000	      +27.498314	      +27.498314
              21	              52	      +10.404018	      +14.813031	     -238.202187	     +265.819209	       -4.502688	       +0.000000	       -4.437900	     +112.975931	       -0.582326	       -0.000000	      +18.676434	      +18.676434
              21	              53	      +10.404018	      +14.813031	     -238.202187	     +265.819209	       -4.502688	       +0.000000	       -4.437899	     +112.975951	       -0.582326	       -0.000000	      +18.676435	      +18.676435
              21	              54	      +11.851126	      +16.260140	     -161.779977	     +202.165551	       -3.332822	       +0.000000	       -3.837388	      +99.947719	       -0.538108	       -0.000000	      +33.215363	      +33.215363
              21	              55	      +11.851126	      +16.260140	     -161.779977	     +202.165551	       -3.332822	       +0.000000	       -3.837438	      +99.947846	       -0.538108	       -0.000000	      +33.215313	      +33.215313
              21	              56	      +12.074707	      +16.483721	     -339.107507	     +365.369312	       -5.275275	       +0.000000	       -4.711692	      -37.370317	       -0.531868	       -0.000000	      +16.274838	      +16.274838
              21	              57	      +12.074707	      +16.483721	     -339.107507	     +365.369312	       -5.275275	       +0.000000	       -4.711699	      -37.370113	       -0.531868	       -0.000000	      +16.274831	      +16.274831
              21	              58	      +12.784666	      +17.193680	     -334.951142	     +362.808639	       -5.186998	       +0.000000	       -4.843526	      -22.809019	       -0.512979	       -0.000000	      +17.826972	      +17.826972
              21	              59	      +12.784666	      +17.193680	     -334.951142	     +362.808639	       -5.186998	       +0.000000	       -4.843542	      -22.808995	       -0.512979	       -0.000000	      +17.826957	      +17.826957
              21	              60	      +13.416474	      +17.825488	     -185.553204	     +227.702985	       -3.321195	       +0.000000	       -3.304214	      +77.722105	       -0.497263	       -0.000000	      +35.524372	      +35.524372
              21	              61	      +13.416474	      +17.825488	     -185.553204	     +227.702985	       -3.321195	       +0.000000	       -3.304284	      +77.722056	       -0.497263	       -0.000000	      +35.524302	      +35.524302
              21	              62	      +14.106291	      +18.515304	     -153.195696	     +218.045219	       -3.071405	       +0.000000	       -3.339492	       -2.274474	       -0.481168	       -0.000000	      +58.438627	      +58.438627
              21	              63	      +14.106291	      +18.515304	     -153.195696	     +218.045219	       -3.071405	       +0.000000	       -3.339462	       -2.274496	       -0.481168	       -0.000000	      +58.438656	      +58.438656
              21	              64	      +14.592491	      +19.001505	     -245.394556	     +285.167445	       -3.586877	       +0.000000	       -3.960732	      +14.045105	       -0.470436	       -0.000000	      +32.225280	      +32.225280
              21	              65	      +14.592491	      +19.001505	     -245.394556	     +285.167445	       -3.586877	       +0.000000	       -3.960731	      +14.045144	       -0.470436	       -0.000000	      +32.225282	      +32.225282
              21	              66	      +15.006409	      +19.415422	     -176.123960	     +248.629310	       -3.085388	       +0.000000	       -2.735745	     +131.398457	       -0.461670	       -0.000000	      +66.684218	      +66.684218
              21	              67	      +15.006409	      +19.415422	     -176.123960	     +248.629310	       -3.085388	       +0.000000	       -2.735713	     +131.398463	       -0.461670	       -0.000000	      +66.684250	      +66.684250
              21	              68	      +15.654714	      +20.063728	     -234.344802	     +264.115972	       -3.161597	       +0.000000	       -3.940788	      -93.826071	       -0.448577	       -0.000000	      +22.668785	      +22.668785
              21	              69	      +15.654714	      +20.063728	     -234.344802	     +264.115972	       -3.161597	       +0.000000	       -3.940794	      -93.826043	       -0.448577	       -0.000000	      +22.668778	      +22.668778
              21	              70	      +16.398692	      +20.807705	     -125.927636	     +184.978503	       -2.467742	       +0.000000	       -3.275998	     -489.636373	       -0.434439	       -0.000000	      +53.307127	      +53.307127
              21	              71	      +16.398692	      +20.807705	     -125.927636	     +184.978503	       -2.467742	       +0.000000	       -3.275966	     -489.636406	       -0.434439	       -0.000000	      +53.307159	      +53.307159
              21	              72	      +16.419676	      +20.828690	     -125.265012	     +184.665617	       -2.468124	       +0.000000	       -3.248957	     +458.279858	       -0.434053	       -0.000000	      +53.683523	      +53.683523
              21	              73	      +16.419676	      +20.828690	     -125.265012	     +184.665617	       -2.468124	       +0.000000	       -3.248910	     +458.280099	       -0.434053	       -0.000000	      +53.683571	      +53.683571
              21	              74	      +18.887435	      +23.296449	     -144.435008	     +275.631956	       -3.415439	       +0.000000	       -2.397202	     +281.158138	       -0.393003	       -0.000000	     +125.384307	     +125.384307
              21	              75	      +18.887435	      +23.296449	     -144.435008	     +275.631956	       -3.415439	       +0.000000	       -2.397211	     +281.157981	       -0.393003	       -0.000000	     +125.384297	     +125.384297
              21	              76	      +18.937913	      +23.346927	     -337.089840	     +368.696817	       -3.692319	       +0.000000	       -4.039242	     -340.946776	       -0.392245	       -0.000000	      +23.875416	      +23.875416
              21	              77	      +18.937913	      +23.346927	     -337.089840	     +368.696817	       -3.692319	       +0.000000	       -4.039228	     -340.946910	       -0.392245	       -0.000000	      +23.875430	      +23.875430
              21	              78	      +19.532499	      +23.941513	     +176.243330	     +126.064321	       -1.333913	       +0.000000	       -1.598766	       +2.498532	       -0.383522	       -0.000000	     +299.374972	     +299.374972
              21	              79	      +19.532499	      +23.941513	     +176.243330	     +126.064321	       -1.333913	       +0.000000	       -1.598772	       +2.498524	       -0.383522	       -0.000000	     +299.374966	     +299.374966
              21	              80	      +19.790918	      +24.199932	     -286.081838	     +324.196524	       -3.686787	       +0.000000	       -4.154859	      -64.119201	       -0.379851	       -0.000000	      +30.273040	      +30.273040
              21	              81	      +19.790918	      +24.199932	     -286.081838	     +324.196524	       -3.686787	       +0.000000	       -4.154864	      -64.119170	       -0.379851	       -0.000000	      +30.273035	      +30.273035
              21	              82	      +19.854085	      +24.263099	     +162.266110	     +134.127049	       -1.615257	       +0.000000	       -1.693584	     +129.741066	       -0.378965	       -0.000000	     +293.084318	     +293.084318
              21	              83	      +19.854085	      +24.263099	     +162.266110	     +134.127049	       -1.615257	       +0.000000	       -1.693611	     +129.741053	       -0.378965	       -0.000000	     +293.084291	     +293.084291
              21	              84	      +20.240113	      +24.649127	      -72.985980	     +116.634758	       -1.795726	       +0.000000	       -2.576360	       +1.378999	       -0.373634	       -0.000000	      +39.276692	      +39.276692
              21	              85	      +20.240113	      +24.649127	      -72.985980	     +116.634758	       -1.795726	       +0.000000	       -2.576360	       +1.378997	       -0.373634	       -0.000000	      +39.276693	      +39.276693
              21	              86	      +20.890375	      +25.299389	     +102.403519	     +126.121382	       -1.292598	       +0.000000	       -1.142420	      +13.781878	       -0.364987	       -0.000000	     +226.089883	     +226.089883
              21	              87	      +20.890375	      +25.299389	     +102.403519	     +126.121382	       -1.292598	       +0.000000	       -1.142399	      +13.781869	       -0.364987	       -0.000000	     +226.089904	     +226.089904
              21	              88	      +21.657671	      +26.066685	      +98.619305	      +98.782864	       -1.555555	       +0.000000	       -1.961461	       +9.680145	       -0.355285	       -0.000000	     +193.885153	     +193.885153
              21	              89	      +21.657671	      +26.066685	      +98.619305	      +98.782864	       -1.555555	       +0.000000	       -1.961458	       +9.680147	       -0.355285	       -0.000000	     +193.885155	     +193.885155
              21	              90	      +22.354583	      +26.763597	      -68.258041	     +128.720646	       -2.038731	       +0.000000	       -2.570503	      +99.647293	       -0.346909	       -0.000000	      +55.853370	      +55.853370
              21	              91	      +22.354583	      +26.763597	      -68.258041	     +128.720646	       -2.038731	       +0.000000	       -2.570506	      +99.647388	       -0.346909	       -0.000000	      +55.853368	      +55.853368
              21	              92	      +22.450994	      +26.860008	     -135.730448	     +217.326210	       -2.210754	       +0.000000	       -2.793377	      -34.631182	       -0.345781	       -0.000000	      +76.591631	      +76.591631
              21	              93	      +22.450994	      +26.860008	     -135.730448	     +217.326210	       -2.210754	       +0.000000	       -2.793371	      -34.631095	       -0.345781	       -0.000000	      +76.591638	      +76.591638
              21	              94	      +22.731799	      +27.140812	      -37.126996	     +162.082033	       -1.933531	       +0.000000	       -2.393299	      -33.157545	       -0.342538	       -0.000000	     +120.628207	     +120.628207
              21	              95	      +22.731799	      +27.140812	      -37.126996	     +162.082033	       -1.933531	       +0.000000	       -2.393268	      -33.157516	       -0.342538	       -0.000000	     +120.628238	     +120.628238
              21	              96	      +23.816731	      +28.225744	     -151.216340	     +265.494029	       -2.428139	       +0.000000	       -2.466765	       +7.867271	       -0.330558	       -0.000000	     +109.382785	     +109.382785
              21	              97	      +23.816731	      +28.225744	     -151.216340	     +265.494029	       -2.428139	       +0.000000	       -2.466600	       +7.867267	       -0.330558	       -0.000000	     +109.382951	     +109.382951
              21	              98	      +25.030316	      +29.439330	     -216.330861	     +309.068718	       -2.702464	       +0.000000	       -1.527437	      +64.498501	       -0.318114	       -0.000000	      +88.507957	      +88.507957
              21	              99	      +25.030316	      +29.439330	     -216.330861	     +309.068718	       -2.702464	       +0.000000	       -1.527471	      +64.498511	       -0.318114	       -0.000000	      +88.507923	      +88.507923

k-point 22:
              22	               0	      -65.468366	      -61.059353	     -633.764260	     +591.487315	      -39.338470	       -2.208900	       -5.034588	    +7576.067939	       +0.160593	       +0.000000	      -86.650002	      -86.650002
              22	               1	      -65.468363	      -61.059350	     -633.764284	     +591.487315	      -39.338470	       -2.208900	       -4.837486	    +7276.407502	       +0.160593	       +0.000000	      -86.452924	      -86.452924
              22	               2	      -42.219225	      -37.810211	     -603.725834	     +585.118200	      -33.224832	       -2.208900	       +2.366890	  -109830.251444	       +0.252537	       +0.000000	      -49.465576	      -49.465576
              22	               3	      -42.204416	      -37.795402	     -603.795232	     +584.789604	      -33.260201	       -2.208900	       +2.232609	   +96123.590490	       +0.252630	       +0.000000	      -50.033220	      -50.033220
              22	               4	      -39.715678	      -35.306665	     -600.320418	     +584.118501	      -32.557250	       -2.208900	       +3.195090	  -103412.639910	       +0.269130	       +0.000000	      -45.564077	      -45.564077
              22	               5	      -39.696201	      -35.287188	     -599.283274	     +582.617972	      -32.594413	       -2.208900	       +2.629655	   +81608.955246	       +0.269268	       +0.000000	      -46.630061	      -46.630061
              22	               6	      -39.570623	      -35.161609	     -596.446010	     +580.035081	      -32.581754	       -2.208900	       +1.156764	   +42795.651043	       +0.270158	       +0.000000	      -47.835919	      -47.835919
              22	               7	      -39.568905	      -35.159891	     -597.619691	     +581.135157	      -32.583785	       -2.208900	       +1.685723	   +48205.200537	       +0.270171	       +0.000000	      -47.382596	      -47.382596
              22	               8	      -17.545461	      -13.136447	     -390.672805	     +382.274143	      -21.765158	       -2.208900	       +5.795397	   +12688.370071	       +0.643600	       +0.000001	      -24.368423	      -24.368423
              22	               9	      -17.506054	      -13.097040	     -390.004205	     +381.604733	      -21.775365	       -2.208900	       +5.790240	   +11528.997987	       +0.645196	       +0.000001	      -24.384597	      -24.384597
              22	              10	      -17.368635	      -12.959621	     -378.869676	     +373.128677	      -21.741879	       -2.208900	       +5.957353	    +9879.501626	       +0.650823	       +0.000001	      -21.525525	      -21.525525
              22	              11	      -17.365577	      -12.956563	     -378.802475	     +373.037394	      -21.740314	       -2.208900	       +5.953060	    +9455.809722	       +0.650949	       +0.000001	      -21.552334	      -21.552334
              22	              12	      -10.630580	       -6.221566	     -399.456181	     +399.646994	      -17.284412	       -2.208900	       +3.795317	   +18760.433158	       +0.801643	       +0.000001	      -13.298281	      -12.574179
              22	              13	      -10.619139	       -6.210125	     -399.119075	     +399.303188	      -17.295069	       -2.208900	       +3.795441	   +19496.691933	       +0.801640	       +0.000001	      -13.315514	      -12.580801
              22	              14	      -10.254313	       -5.845299	     -401.624951	     +402.275383	      -17.554693	       -2.208900	       +3.494818	   +20791.512327	       +0.801597	       +0.000001	      -13.409443	      -12.587963
              22	              15	      -10.244391	       -5.835378	     -402.397572	     +403.043189	      -17.556557	       -2.208900	       +3.475551	   +17441.172210	       +0.801606	       +0.000001	      -13.435389	      -12.604550
              22	              16	       -9.147469	       -4.738456	     -379.299681	     +383.019391	      -17.499931	       -2.208900	       +3.155231	   +16927.412770	       +0.801646	       +0.000001	      -10.624990	      -10.237523
              22	              17	       -9.142133	       -4.733119	     -381.741965	     +385.569862	      -17.546015	       -2.208900	       +3.151053	   +14213.497577	       +0.801645	       +0.000001	      -10.567064	      -10.196570
              22	              18	       -8.577069	       -4.168055	     -384.051513	     +388.134397	      -17.385020	       -2.208900	       +2.869428	    +7640.485746	       +0.801616	       +0.000001	      -10.432708	       -9.988322
              22	              19	       -8.560053	       -4.151039	     -383.940860	     +387.971013	      -17.389009	       -2.208900	       +2.855793	   +10476.695504	       +0.801602	       +0.000001	      -10.503064	      -10.043678
              22	              20	       -7.703412	       -3.294398	     -380.050050	     +383.395250	      -16.268869	       -2.208900	       +2.317240	   -17942.043762	       +0.801634	       +0.000001	      -10.606428	       -9.849320
              22	              21	       -7.638034	       -3.229021	     -379.764884	     +383.165330	      -16.281375	       -2.208900	       +2.292345	   -21435.811417	       +0.801645	       +0.000001	      -10.588584	       -9.842971
              22	              22	       -7.117234	       -2.708220	     -327.172501	     +332.038553	      -16.896402	       -2.208900	       +2.554429	    +4596.960415	       +0.801639	       +0.000001	       -9.475921	       -8.878810
              22	              23	       -7.105353	       -2.696339	     -327.962482	     +332.795886	      -16.871583	       -2.208900	       +2.541236	     -166.139267	       +0.801634	       +0.000001	       -9.496943	       -8.890874
              22	              24	       -5.867649	       -1.458635	     -472.027429	     +482.522394	      -16.915681	       -2.208900	       +0.865482	  -185500.260322	       +0.801430	       +0.000001	       -5.555234	       -5.628226
              22	              25	       -5.764836	       -1.355822	     -470.508840	     +480.923892	      -16.756756	       -2.208900	       +0.757723	  -165790.455501	       +0.801587	       +0.000001	       -5.583981	       -5.625949
              22	              26	       -3.108348	       +1.300665	     -474.674853	     +487.569331	      -12.678790	       +0.000000	       -4.017685	   +82343.440180	       -0.801631	       -0.000001	       -3.801997	       -3.706565
              22	              27	       -3.088699	       +1.320315	     -468.610472	     +481.520190	      -12.559885	       +0.000000	       -3.890818	   +88494.249674	       -0.801618	       -0.000001	       -3.540986	       -3.473316
              22	              28	       -2.527631	       +1.881383	     -506.410773	     +521.205583	      -12.809885	       +0.000000	       -4.120152	   +61578.554595	       -0.801557	       -0.000001	       -2.135227	       -2.194981
              22	              29	       -2.424772	       +1.984242	     -501.384508	     +516.160446	      -12.563696	       +0.000000	       -4.101757	   +69516.502960	       -0.801376	       -0.000001	       -1.889516	       -1.976434
              22	              30	       -2.018795	       +2.390219	     -407.038541	     +424.009252	      -10.763620	       +0.000000	       -3.931558	   -74241.586419	       -0.801545	       -0.000001	       +2.275532	       +1.235652
              22	              31	       -2.013999	       +2.395015	     -409.224414	     +426.238915	      -10.787579	       +0.000000	       -3.935354	   -84057.562952	       -0.801538	       -0.000001	       +2.291568	       +1.238555
              22	              32	       -0.900253	       +3.508761	     -428.873301	     +446.791594	      -10.840102	       +0.000000	       -4.353190	   -29005.824584	       -0.801362	       -0.000001	       +2.725000	       +2.843127
              22	              33	       -0.871190	       +3.537824	     -430.937591	     +448.869793	      -10.832255	       +0.000000	       -4.378434	   -34922.253098	       -0.801428	       -0.000001	       +2.721512	       +2.799933
              22	              34	       +1.945957	       +6.354971	     -332.578056	     +347.680018	       -6.608733	       +0.000000	       -4.541361	   +28537.156602	       -0.801588	       -0.000001	       +3.951867	       +3.422938
              22	              35	       +1.983574	       +6.392588	     -329.169450	     +344.399804	       -6.546197	       +0.000000	       -4.534612	   +36257.853333	       -0.801542	       -0.000001	       +4.149545	       +3.578648
              22	              36	       +3.821254	       +8.230268	     -318.762874	     +335.331506	       -5.710914	       +0.000000	       -4.667509	    +4954.507035	       -0.801645	       -0.000001	       +6.190208	       +5.830684
              22	              37	       +3.848379	       +8.257392	     -311.311526	     +327.613602	       -5.663312	       +0.000000	       -4.629499	     -412.071554	       -0.801645	       -0.000001	       +6.009266	       +5.660397
              22	              38	       +3.878471	       +8.287485	     -313.563078	     +330.002865	       -5.688017	       +0.000000	       -4.624501	    +3562.330276	       -0.801637	       -0.000001	       +6.127269	       +5.698509
              22	              39	       +3.888885	       +8.297898	     -319.969787	     +336.687151	       -5.709991	       +0.000000	       -4.650162	    +5448.789933	       -0.801632	       -0.000001	       +6.357212	       +5.934233
              22	              40	       +4.941519	       +9.350533	     -299.344358	     +319.307512	       -5.496680	       +0.000000	       -4.118528	   -40057.885645	       -0.801592	       -0.000001	      +10.347945	       +9.111630
              22	              41	       +4.945468	       +9.354482	     -304.430053	     +324.295859	       -5.577794	       +0.000000	       -4.136727	   -41562.167653	       -0.801588	       -0.000001	      +10.151285	       +8.918280
              22	              42	       +5.062527	       +9.471541	     -246.677412	     +265.780012	       -5.118857	       +0.000000	       -4.384787	   -58485.720103	       -0.801403	       -0.000001	       +9.598956	       +7.662500
              22	              43	       +5.065572	       +9.474585	     -247.010651	     +266.126419	       -5.122409	       +0.000000	       -4.359263	   -57510.839501	       -0.801397	       -0.000001	       +9.634095	       +7.615147
              22	              44	       +5.970865	      +10.379879	     -308.755692	     +328.060556	       -6.020123	       +0.000000	       -4.237721	    +2128.597410	       -0.778238	       -0.000001	       +9.047019	       +8.507343
              22	              45	       +5.985594	      +10.394608	     -307.589120	     +326.906581	       -6.012075	       +0.000000	       -4.198090	    +6120.870323	       -0.777369	       -0.000001	       +9.107296	       +8.591509
              22	              46	       +7.712113	      +12.121127	     -209.815211	     +231.125233	       -4.143320	       +0.000000	       -4.541586	   -17755.299051	       -0.687403	       -0.000001	      +12.625116	      +12.625116
              22	              47	       +7.716259	      +12.125273	     -209.554335	     +230.914788	       -4.137202	       +0.000000	       -4.535788	   -21782.575159	       -0.687212	       -0.000001	      +12.687463	      +12.687463
              22	              48	       +8.225872	      +12.634886	     -288.150034	     +311.653718	       -5.095529	       +0.000000	       -4.265638	    +2761.450944	       -0.664518	       -0.000001	      +14.142517	      +14.142517
              22	              49	       +8.236318	      +12.645331	     -288.108636	     +311.683081	       -5.096314	       +0.000000	       -4.261457	     +933.116106	       -0.664069	       -0.000001	      +14.216674	      +14.216674
              22	              50	       +9.059451	      +13.468465	     -228.976026	     +252.477825	       -4.347817	       +0.000000	       -4.482197	   +40452.179297	       -0.630463	       -0.000001	      +14.671785	      +14.671785
              22	              51	       +9.065222	      +13.474235	     -230.373661	     +253.879119	       -4.357779	       +0.000000	       -4.487593	   +42035.772700	       -0.630239	       -0.000001	      +14.660087	      +14.660087
              22	              52	       +9.639269	      +14.048282	     -233.592377	     +258.496369	       -4.733160	       +0.000000	       -4.532889	   -84858.056066	       -0.608763	       -0.000000	      +15.637944	      +15.637944
              22	              53	       +9.642215	      +14.051229	     -232.697296	     +257.510589	       -4.722610	       +0.000000	       -4.516731	   -89869.007361	       -0.608656	       -0.000000	      +15.573952	      +15.573952
              22	              54	      +10.407413	      +14.816426	     -194.149123	     +232.344365	       -3.738738	       +0.000000	       -3.530233	   -30316.146418	       -0.582214	       -0.000000	      +30.926271	      +30.926271
              22	              55	      +10.439782	      +14.848795	     -198.143148	     +236.084456	       -3.774022	       +0.000000	       -3.527460	   -31415.439952	       -0.581146	       -0.000000	      +30.639826	      +30.639826
              22	              56	      +11.974975	      +16.383989	     -168.262248	     +205.756002	       -3.277375	       +0.000000	       -3.532590	   -25000.736516	       -0.534633	       -0.000000	      +30.683787	      +30.683787
              22	              57	      +11.982251	      +16.391265	     -173.149727	     +210.308542	       -3.333141	       +0.000000	       -3.539067	   -31933.623570	       -0.534430	       -0.000000	      +30.286607	      +30.286607
              22	              58	      +13.134244	      +17.543258	     -123.460397	     +170.305070	       -2.928868	       +0.000000	       -3.353081	   -33260.288973	       -0.504163	       -0.000000	      +40.562724	      +40.562724
              22	              59	      +13.137581	      +17.546595	     -126.053943	     +172.517861	       -2.937337	       +0.000000	       -3.352500	   -34919.803562	       -0.504080	       -0.000000	      +40.174081	      +40.174081
              22	              60	      +13.174716	      +17.583729	     -211.896154	     +247.537091	       -3.296760	       +0.000000	       -3.720601	   -61576.679761	       -0.503161	       -0.000000	      +28.623577	      +28.623577
              22	              61	      +13.179383	      +17.588397	     -218.597678	     +253.354783	       -3.317942	       +0.000000	       -3.753663	   -62558.872058	       -0.503046	       -0.000000	      +27.685502	      +27.685502
              22	              62	      +14.314035	      +18.723048	     -162.366132	     +212.578902	       -3.421421	       +0.000000	       -3.591688	   +48326.834173	       -0.476523	       -0.000000	      +43.199661	      +43.199661
              22	              63	      +14.317391	      +18.726405	     -162.060404	     +212.365376	       -3.420159	       +0.000000	       -3.580318	   +48658.752917	       -0.476449	       -0.000000	      +43.304495	      +43.304495
              22	              64	      +14.782142	      +19.191156	     -180.779305	     +227.704726	       -3.194824	       +0.000000	       -3.517864	    +4264.766886	       -0.466379	       -0.000000	      +40.212733	      +40.212733
              22	              65	      +14.823552	      +19.232566	     -178.948433	     +225.991884	       -3.166096	       +0.000000	       -3.501450	    +1501.964754	       -0.465502	       -0.000000	      +40.375905	      +40.375905
              22	              66	      +15.868752	      +20.277766	     -188.687145	     +272.132587	       -3.456967	       +0.000000	       -3.398348	   -29907.291457	       -0.444417	       -0.000000	      +76.590128	      +76.590128
              22	              67	      +15.902550	      +20.311564	     -191.821933	     +274.924476	       -3.486177	       +0.000000	       -3.403633	   -29773.416048	       -0.443767	       -0.000000	      +76.212733	      +76.212733
              22	              68	      +16.231166	      +20.640180	     -177.157207	     +224.264139	       -3.005460	       +0.000000	       -3.513446	   -20475.131529	       -0.437544	       -0.000000	      +40.588025	      +40.588025
              22	              69	      +16.237861	      +20.646875	     -175.162150	     +222.357593	       -2.992266	       +0.000000	       -3.497712	   -20482.966622	       -0.437420	       -0.000000	      +40.705464	      +40.705464
              22	              70	      +16.957427	      +21.366441	     -180.552676	     +229.803595	       -3.319528	       +0.000000	       -3.684012	   +95830.436434	       -0.424394	       -0.000000	      +42.247379	      +42.247379
              22	              71	      +16.962782	      +21.371796	     -183.859616	     +232.899621	       -3.347606	       +0.000000	       -3.690117	   +96065.208213	       -0.424300	       -0.000000	      +42.002282	      +42.002282
              22	              72	      +17.403827	      +21.812841	     -180.425607	     +247.372547	       -3.174828	       +0.000000	       -3.040027	   -29122.705930	       -0.416696	       -0.000000	      +60.732085	      +60.732085
              22	              73	      +17.455875	      +21.864889	     -179.004800	     +248.060113	       -3.155289	       +0.000000	       -3.090306	   -25426.076402	       -0.415816	       -0.000000	      +62.809718	      +62.809718
              22	              74	      +17.926369	      +22.335382	      -96.509866	     +234.693535	       -2.502926	       +0.000000	       -2.416102	   -39367.691987	       -0.408032	       -0.000000	     +133.264641	     +133.264641
              22	              75	      +17.928265	      +22.337279	      -92.297848	     +232.778592	       -2.480094	       +0.000000	       -2.417380	   -37583.812342	       -0.408001	       -0.000000	     +135.583270	     +135.583270
              22	              76	      +18.305841	      +22.714855	      -59.589146	     +156.964709	       -1.926166	       +0.000000	       -2.641283	   -38315.877691	       -0.401963	       -0.000000	      +92.808114	      +92.808114
              22	              77	      +18.308608	      +22.717621	      -58.904395	     +156.555348	       -1.923571	       +0.000000	       -2.643676	   -37912.247929	       -0.401919	       -0.000000	      +93.083706	      +93.083706
              22	              78	      +19.025695	      +23.434709	      -78.410013	     +221.675367	       -2.576860	       +0.000000	       -2.909596	    -3530.514162	       -0.390932	       -0.000000	     +137.778898	     +137.778898
              22	              79	      +19.025791	      +23.434804	      -76.234734	     +220.476014	       -2.563495	       +0.000000	       -2.898850	    -1986.124311	       -0.390931	       -0.000000	     +138.778936	     +138.778936
              22	              80	      +19.939291	      +24.348304	      -69.121048	     +228.501453	       -2.434495	       +0.000000	       -1.859851	   +87212.617852	       -0.377775	       -0.000000	     +155.086059	     +155.086059
              22	              81	      +19.940019	      +24.349032	      -68.336628	     +227.970285	       -2.431671	       +0.000000	       -1.847584	   +92251.818630	       -0.377765	       -0.000000	     +155.354402	     +155.354402
              22	              82	      +19.999142	      +24.408156	     -120.860027	     +239.117383	       -2.473980	       +0.000000	       -2.551641	   +50734.263172	       -0.376944	       -0.000000	     +113.231735	     +113.231735
              22	              83	      +20.005202	      +24.414216	     -119.696810	     +238.520404	       -2.469664	       +0.000000	       -2.540730	   +48610.157924	       -0.376860	       -0.000000	     +113.813201	     +113.813201
              22	              84	      +21.135562	      +25.544576	      +27.152766	     +190.263357	       -1.761150	       +0.000000	       -2.215196	    -4364.388951	       -0.361830	       -0.000000	     +213.439778	     +213.439778
              22	              85	      +21.153871	      +25.562884	      +28.694190	     +189.457519	       -1.758750	       +0.000000	       -2.207210	    -5367.894187	       -0.361596	       -0.000000	     +214.185749	     +214.185749
              22	              86	      +21.528353	      +25.937367	     -182.331078	     +268.226528	       -2.765539	       +0.000000	       -3.068402	   -15819.801101	       -0.356884	       -0.000000	      +80.061510	      +80.061510
              22	              87	      +21.532877	      +25.941891	     -183.940141	     +269.062836	       -2.770593	       +0.000000	       -3.072132	   -15256.068209	       -0.356827	       -0.000000	      +79.279971	      +79.279971
              22	              88	      +22.096338	      +26.505352	     -181.986487	     +268.470490	       -2.911734	       +0.000000	       -2.707047	   +44064.469644	       -0.349966	       -0.000000	      +80.865221	      +80.865221
              22	              89	      +22.098263	      +26.507276	     -180.877017	     +267.714151	       -2.905740	       +0.000000	       -2.701648	   +47508.762649	       -0.349943	       -0.000000	      +81.229746	      +81.229746
              22	              90	      +22.640345	      +27.049359	      -49.759345	     +198.857598	       -2.098291	       +0.000000	       -2.364446	   +47824.053387	       -0.343587	       -0.000000	     +144.635516	     +144.635516
              22	              91	      +22.645732	      +27.054746	      -48.347798	     +198.095563	       -2.088734	       +0.000000	       -2.363343	   +47369.083144	       -0.343525	       -0.000000	     +145.295688	     +145.295688
              22	              92	      +22.798641	      +27.207655	      -33.570963	     +227.557393	       -2.163915	       +0.000000	       -2.085039	   +71887.568609	       -0.341774	       -0.000000	     +189.737475	     +189.737475
              22	              93	      +22.799418	      +27.208432	      -37.485922	     +228.715375	       -2.183108	       +0.000000	       -2.085839	   +69994.277114	       -0.341766	       -0.000000	     +186.960506	     +186.960506
              22	              94	      +23.679970	      +28.088984	     -111.033081	     +215.028314	       -2.361027	       +0.000000	       -2.252652	    -6630.872997	       -0.332022	       -0.000000	      +99.381554	      +99.381554
              22	              95	      +23.683931	      +28.092944	     -108.970048	     +213.403247	       -2.349702	       +0.000000	       -2.260313	    -8921.562579	       -0.331979	       -0.000000	      +99.823184	      +99.823184
              22	              96	      +23.952070	      +28.361083	     -195.018634	     +278.216211	       -2.799316	       +0.000000	       -2.874604	   +35032.446199	       -0.329123	       -0.000000	      +77.523657	      +77.523657
              22	              97	      +23.979218	      +28.388232	     -194.945468	     +277.455714	       -2.799789	       +0.000000	       -2.887679	   +33033.499515	       -0.328836	       -0.000000	      +76.822778	      +76.822778
              22	              98	      +24.160320	      +28.569334	      -93.169791	     +237.388199	       -2.247822	       +0.000000	       -2.116128	   -17622.446336	       -0.326937	       -0.000000	     +139.854459	     +139.854459
              22	              99	      +24.160688	      +28.569701	      -93.045236	     +237.709667	       -2.250252	       +0.000000	       -2.097630	   -17383.949737	       -0.326934	       -0.000000	     +140.316549	     +140.316549

k-point 23:
              23	               0	      -65.468367	      -61.059353	     -633.764259	     +591.487313	      -39.338470	       -2.208900	       -5.040563	    +7464.536174	       +0.160593	       +0.000000	      -86.655980	      -86.655980
              23	               1	      -65.468364	      -61.059350	     -633.764283	     +591.487313	      -39.338470	       -2.208900	       -4.842428	    +7154.739689	       +0.160593	       +0.000000	      -86.457869	      -86.457869
              23	               2	      -42.219225	      -37.810211	     -603.725832	     +585.118200	      -33.224832	       -2.208900	       +2.354878	  -123616.446689	       +0.252537	       +0.000000	      -49.477586	      -49.477586
              23	               3	      -42.204416	      -37.795402	     -603.795231	     +584.789602	      -33.260201	       -2.208900	       +2.242621	  +108260.898305	       +0.252630	       +0.000000	      -50.023209	      -50.023209
              23	               4	      -39.715679	      -35.306665	     -600.320366	     +584.118450	      -32.557250	       -2.208900	       +3.182072	  -115651.516478	       +0.269130	       +0.000000	      -45.577094	      -45.577094
              23	               5	      -39.696202	      -35.287188	     -599.283225	     +582.617924	      -32.594412	       -2.208900	       +2.637483	   +92664.707022	       +0.269268	       +0.000000	      -46.622231	      -46.622231
              23	               6	      -39.570621	      -35.161608	     -596.446064	     +580.035141	      -32.581754	       -2.208900	       +1.157035	   +43023.558411	       +0.270158	       +0.000000	      -47.835643	      -47.835643
              23	               7	      -39.568904	      -35.159890	     -597.619742	     +581.135210	      -32.583786	       -2.208900	       +1.686329	   +51074.653558	       +0.270171	       +0.000000	      -47.381989	      -47.381989
              23	               8	      -17.545462	      -13.136448	     -390.672720	     +382.274040	      -21.765159	       -2.208900	       +5.795071	   +12089.466028	       +0.643600	       +0.000001	      -24.368767	      -24.368767
              23	               9	      -17.506055	      -13.097041	     -390.004120	     +381.604628	      -21.775365	       -2.208900	       +5.789864	   +10903.432704	       +0.645196	       +0.000001	      -24.384993	      -24.384993
              23	              10	      -17.368641	      -12.959627	     -378.869736	     +373.128733	      -21.741880	       -2.208900	       +5.956814	    +9792.789339	       +0.650823	       +0.000001	      -21.526069	      -21.526069
              23	              11	      -17.365583	      -12.956569	     -378.802536	     +373.037452	      -21.740315	       -2.208900	       +5.952586	    +9296.671243	       +0.650949	       +0.000001	      -21.552814	      -21.552814
              23	              12	      -10.630584	       -6.221570	     -399.456125	     +399.646936	      -17.284412	       -2.208900	       +3.794664	   +18162.191277	       +0.801643	       +0.000001	      -13.298936	      -12.574551
              23	              13	      -10.619143	       -6.210129	     -399.119021	     +399.303132	      -17.295068	       -2.208900	       +3.794787	   +19081.031797	       +0.801640	       +0.000001	      -13.316170	      -12.581169
              23	              14	      -10.254308	       -5.845294	     -401.624658	     +402.275080	      -17.554690	       -2.208900	       +3.494712	   +21239.912823	       +0.801597	       +0.000001	      -13.409556	      -12.588364
              23	              15	      -10.244386	       -5.835373	     -402.397271	     +403.042878	      -17.556554	       -2.208900	       +3.475574	   +18006.037343	       +0.801607	       +0.000001	      -13.435374	      -12.604988
              23	              16	       -9.147467	       -4.738454	     -379.299660	     +383.019374	      -17.499934	       -2.208900	       +3.152800	   +13307.722215	       +0.801646	       +0.000001	      -10.627420	      -10.238691
              23	              17	       -9.142131	       -4.733117	     -381.741967	     +385.569871	      -17.546019	       -2.208900	       +3.148524	   +10537.400237	       +0.801645	       +0.000001	      -10.569591	      -10.197826
              23	              18	       -8.577057	       -4.168043	     -384.051492	     +388.134391	      -17.385016	       -2.208900	       +2.868945	    +6147.519960	       +0.801616	       +0.000001	      -10.433173	       -9.986094
              23	              19	       -8.560041	       -4.151027	     -383.940822	     +387.970988	      -17.389006	       -2.208900	       +2.855134	    +9057.039091	       +0.801602	       +0.000001	      -10.503706	      -10.041557
              23	              20	       -7.703407	       -3.294393	     -380.050603	     +383.395827	      -16.268868	       -2.208900	       +2.317701	   -18525.304229	       +0.801634	       +0.000001	      -10.605943	       -9.848803
              23	              21	       -7.638029	       -3.229016	     -379.765529	     +383.166005	      -16.281375	       -2.208900	       +2.292861	   -22105.920313	       +0.801645	       +0.000001	      -10.588037	       -9.842373
              23	              22	       -7.117241	       -2.708227	     -327.172690	     +332.038716	      -16.896405	       -2.208900	       +2.556704	    +4863.263348	       +0.801639	       +0.000001	       -9.473675	       -8.876158
              23	              23	       -7.105360	       -2.696347	     -327.962700	     +332.796079	      -16.871585	       -2.208900	       +2.543412	     +120.255654	       +0.801634	       +0.000001	       -9.494793	       -8.888450
              23	              24	       -5.867653	       -1.458640	     -472.027018	     +482.521965	      -16.915680	       -2.208900	       +0.866667	  -175306.672704	       +0.801430	       +0.000001	       -5.554065	       -5.627362
              23	              25	       -5.764841	       -1.355827	     -470.508466	     +480.923504	      -16.756754	       -2.208900	       +0.758760	  -156585.646947	       +0.801587	       +0.000001	       -5.582956	       -5.625179
              23	              26	       -3.108351	       +1.300663	     -474.674744	     +487.569228	      -12.678785	       +0.000000	       -4.015353	   +82294.412433	       -0.801631	       -0.000001	       -3.799654	       -3.704368
              23	              27	       -3.088702	       +1.320312	     -468.610398	     +481.520128	      -12.559881	       +0.000000	       -3.887909	   +89031.655396	       -0.801618	       -0.000001	       -3.538060	       -3.470699
              23	              28	       -2.527630	       +1.881384	     -506.411147	     +521.205956	      -12.809894	       +0.000000	       -4.121846	   +71146.452028	       -0.801557	       -0.000001	       -2.136932	       -2.196447
              23	              29	       -2.424771	       +1.984242	     -501.384880	     +516.160824	      -12.563706	       +0.000000	       -4.103274	   +79951.380977	       -0.801376	       -0.000001	       -1.891037	       -1.977753
              23	              30	       -2.018789	       +2.390225	     -407.038657	     +424.009344	      -10.763627	       +0.000000	       -3.930775	   -72221.251847	       -0.801545	       -0.000001	       +2.276285	       +1.249323
              23	              31	       -2.013993	       +2.395021	     -409.224523	     +426.239002	      -10.787586	       +0.000000	       -3.934452	   -82419.194444	       -0.801538	       -0.000001	       +2.292440	       +1.252601
              23	              32	       -0.900245	       +3.508769	     -428.873505	     +446.791881	      -10.840105	       +0.000000	       -4.357131	   -31058.983490	       -0.801362	       -0.000001	       +2.721140	       +2.879013
              23	              33	       -0.871182	       +3.537832	     -430.937807	     +448.870092	      -10.832258	       +0.000000	       -4.382266	   -37388.866064	       -0.801428	       -0.000001	       +2.717761	       +2.836347
              23	              34	       +1.945956	       +6.354969	     -332.577426	     +347.679382	       -6.608723	       +0.000000	       -4.538856	   +28146.776286	       -0.801588	       -0.000001	       +3.954377	       +3.424856
              23	              35	       +1.983573	       +6.392586	     -329.168828	     +344.399180	       -6.546187	       +0.000000	       -4.532260	   +35908.066840	       -0.801542	       -0.000001	       +4.151906	       +3.580616
              23	              36	       +3.821254	       +8.230268	     -318.763591	     +335.332264	       -5.710916	       +0.000000	       -4.667306	    +4609.804092	       -0.801645	       -0.000001	       +6.190451	       +5.831934
              23	              37	       +3.848380	       +8.257394	     -311.311964	     +327.614082	       -5.663306	       +0.000000	       -4.629566	     -147.939934	       -0.801645	       -0.000001	       +6.009246	       +5.660742
              23	              38	       +3.878472	       +8.287485	     -313.561973	     +330.001727	       -5.688004	       +0.000000	       -4.624424	    +3669.926346	       -0.801637	       -0.000001	       +6.127326	       +5.698713
              23	              39	       +3.888883	       +8.297897	     -319.969037	     +336.686363	       -5.709988	       +0.000000	       -4.649498	    +5112.760822	       -0.801632	       -0.000001	       +6.357840	       +5.935522
              23	              40	       +4.941539	       +9.350552	     -299.341193	     +319.304352	       -5.496651	       +0.000000	       -4.119624	   -44703.833214	       -0.801592	       -0.000001	      +10.346883	       +9.109063
              23	              41	       +4.945488	       +9.354501	     -304.426805	     +324.292616	       -5.577764	       +0.000000	       -4.138125	   -46866.479942	       -0.801588	       -0.000001	      +10.149922	       +8.915384
              23	              42	       +5.062533	       +9.471547	     -246.680552	     +265.783224	       -5.118884	       +0.000000	       -4.386344	   -61856.254846	       -0.801403	       -0.000001	       +9.597444	       +7.664237
              23	              43	       +5.065578	       +9.474592	     -247.013776	     +266.129620	       -5.122436	       +0.000000	       -4.360892	   -60720.422984	       -0.801397	       -0.000001	       +9.632516	       +7.616984
              23	              44	       +5.970859	      +10.379873	     -308.756650	     +328.061417	       -6.020135	       +0.000000	       -4.244377	    +1717.315103	       -0.778238	       -0.000001	       +9.040255	       +8.501928
              23	              45	       +5.985588	      +10.394602	     -307.590042	     +326.907408	       -6.012085	       +0.000000	       -4.205028	    +5553.562896	       -0.777370	       -0.000001	       +9.100253	       +8.585602
              23	              46	       +7.712102	      +12.121115	     -209.815646	     +231.125651	       -4.143324	       +0.000000	       -4.542621	   -17701.341555	       -0.687404	       -0.000001	      +12.624060	      +12.624060
              23	              47	       +7.716247	      +12.125261	     -209.554789	     +230.915223	       -4.137206	       +0.000000	       -4.536955	   -21790.037155	       -0.687213	       -0.000001	      +12.686273	      +12.686273
              23	              48	       +8.225852	      +12.634866	     -288.150323	     +311.653971	       -5.095532	       +0.000000	       -4.264034	    +2951.588467	       -0.664519	       -0.000001	      +14.144082	      +14.144082
              23	              49	       +8.236298	      +12.645312	     -288.108935	     +311.683343	       -5.096317	       +0.000000	       -4.259650	    +1102.313272	       -0.664070	       -0.000001	      +14.218440	      +14.218440
              23	              50	       +9.059441	      +13.468455	     -228.976810	     +252.478638	       -4.347824	       +0.000000	       -4.482424	   +40028.417440	       -0.630463	       -0.000001	      +14.671580	      +14.671580
              23	              51	       +9.065211	      +13.474225	     -230.374389	     +253.879876	       -4.357786	       +0.000000	       -4.487854	   +41601.162898	       -0.630240	       -0.000001	      +14.659848	      +14.659848
              23	              52	       +9.639266	      +14.048280	     -233.591017	     +258.494966	       -4.733148	       +0.000000	       -4.530876	   -80492.933878	       -0.608763	       -0.000000	      +15.639925	      +15.639925
              23	              53	       +9.642214	      +14.051227	     -232.695971	     +257.509223	       -4.722599	       +0.000000	       -4.514838	   -85421.233798	       -0.608656	       -0.000000	      +15.575815	      +15.575815
              23	              54	      +10.407415	      +14.816429	     -194.148049	     +232.343405	       -3.738729	       +0.000000	       -3.526221	   -28284.124552	       -0.582214	       -0.000000	      +30.930405	      +30.930405
              23	              55	      +10.439784	      +14.848798	     -198.142043	     +236.083465	       -3.774012	       +0.000000	       -3.523525	   -29332.671950	       -0.581146	       -0.000000	      +30.643884	      +30.643884
              23	              56	      +11.974973	      +16.383986	     -168.261838	     +205.755648	       -3.277376	       +0.000000	       -3.530630	   -24298.281804	       -0.534633	       -0.000000	      +30.685804	      +30.685804
              23	              57	      +11.982249	      +16.391263	     -173.149220	     +210.308089	       -3.333141	       +0.000000	       -3.536791	   -31144.392225	       -0.534430	       -0.000000	      +30.288937	      +30.288937
              23	              58	      +13.134240	      +17.543253	     -123.459770	     +170.304560	       -2.928869	       +0.000000	       -3.350163	   -32011.129863	       -0.504163	       -0.000000	      +40.565758	      +40.565758
              23	              59	      +13.137577	      +17.546591	     -126.051699	     +172.515942	       -2.937331	       +0.000000	       -3.349934	   -33792.191676	       -0.504080	       -0.000000	      +40.176979	      +40.176979
              23	              60	      +13.174721	      +17.583735	     -211.898642	     +247.539203	       -3.296768	       +0.000000	       -3.723634	   -64219.697451	       -0.503161	       -0.000000	      +28.620159	      +28.620159
              23	              61	      +13.179389	      +17.588403	     -218.598589	     +253.355528	       -3.317943	       +0.000000	       -3.756890	   -65331.424470	       -0.503046	       -0.000000	      +27.682106	      +27.682106
              23	              62	      +14.314038	      +18.723052	     -162.365841	     +212.578713	       -3.421423	       +0.000000	       -3.592072	   +47006.155916	       -0.476523	       -0.000000	      +43.199377	      +43.199377
              23	              63	      +14.317395	      +18.726409	     -162.060116	     +212.365190	       -3.420162	       +0.000000	       -3.580826	   +47245.856802	       -0.476449	       -0.000000	      +43.304086	      +43.304086
              23	              64	      +14.782147	      +19.191160	     -180.779775	     +227.705261	       -3.194826	       +0.000000	       -3.518898	    +5196.946589	       -0.466378	       -0.000000	      +40.211763	      +40.211763
              23	              65	      +14.823557	      +19.232571	     -178.948867	     +225.992374	       -3.166097	       +0.000000	       -3.502406	    +2592.161430	       -0.465502	       -0.000000	      +40.375004	      +40.375004
              23	              66	      +15.868744	      +20.277758	     -188.686639	     +272.132313	       -3.456962	       +0.000000	       -3.396197	   -28177.195846	       -0.444417	       -0.000000	      +76.592514	      +76.592514
              23	              67	      +15.902543	      +20.311557	     -191.821479	     +274.924259	       -3.486172	       +0.000000	       -3.401706	   -28158.908908	       -0.443767	       -0.000000	      +76.214902	      +76.214902
              23	              68	      +16.231168	      +20.640182	     -177.159002	     +224.265850	       -3.005472	       +0.000000	       -3.513765	   -20781.029380	       -0.437544	       -0.000000	      +40.587612	      +40.587612
              23	              69	      +16.237863	      +20.646877	     -175.163980	     +222.359333	       -2.992278	       +0.000000	       -3.498068	   -20764.686156	       -0.437419	       -0.000000	      +40.705006	      +40.705006
              23	              70	      +16.957430	      +21.366444	     -180.551228	     +229.802321	       -3.319515	       +0.000000	       -3.685032	   +95166.384428	       -0.424394	       -0.000000	      +42.246546	      +42.246546
              23	              71	      +16.962785	      +21.371798	     -183.858129	     +232.898315	       -3.347592	       +0.000000	       -3.691380	   +95319.747102	       -0.424300	       -0.000000	      +42.001214	      +42.001214
              23	              72	      +17.403844	      +21.812858	     -180.427630	     +247.374041	       -3.174844	       +0.000000	       -3.041838	   -30140.776670	       -0.416695	       -0.000000	      +60.729729	      +60.729729
              23	              73	      +17.455892	      +21.864906	     -179.006459	     +248.061370	       -3.155302	       +0.000000	       -3.092414	   -26403.712704	       -0.415816	       -0.000000	      +62.807195	      +62.807195
              23	              74	      +17.926368	      +22.335381	      -96.508429	     +234.693234	       -2.502924	       +0.000000	       -2.417417	   -40406.172243	       -0.408032	       -0.000000	     +133.264464	     +133.264464
              23	              75	      +17.928264	      +22.337278	      -92.296014	     +232.778050	       -2.480090	       +0.000000	       -2.418577	   -38432.035727	       -0.408001	       -0.000000	     +135.583369	     +135.583369
              23	              76	      +18.305848	      +22.714862	      -59.589374	     +156.964957	       -1.926165	       +0.000000	       -2.642500	   -38453.805397	       -0.401963	       -0.000000	      +92.806918	      +92.806918
              23	              77	      +18.308614	      +22.717628	      -58.904611	     +156.555588	       -1.923570	       +0.000000	       -2.644886	   -38084.502475	       -0.401919	       -0.000000	      +93.082520	      +93.082520
              23	              78	      +19.025700	      +23.434714	      -78.410584	     +221.675972	       -2.576863	       +0.000000	       -2.909346	    -2984.640014	       -0.390932	       -0.000000	     +137.779179	     +137.779179
              23	              79	      +19.025796	      +23.434809	      -76.235315	     +220.476621	       -2.563498	       +0.000000	       -2.898787	    -1571.278661	       -0.390931	       -0.000000	     +138.779022	     +138.779022
              23	              80	      +19.939298	      +24.348312	      -69.121782	     +228.501353	       -2.434495	       +0.000000	       -1.854756	   +90943.144105	       -0.377775	       -0.000000	     +155.090321	     +155.090321
              23	              81	      +19.940026	      +24.349040	      -68.337372	     +227.970203	       -2.431671	       +0.000000	       -1.842100	   +96053.797081	       -0.377765	       -0.000000	     +155.359061	     +155.359061
              23	              82	      +19.999140	      +24.408154	     -120.860776	     +239.117643	       -2.473981	       +0.000000	       -2.553707	   +51665.365155	       -0.376944	       -0.000000	     +113.229179	     +113.229179
              23	              83	      +20.005200	      +24.414214	     -119.697574	     +238.520671	       -2.469665	       +0.000000	       -2.543071	   +49442.149870	       -0.376860	       -0.000000	     +113.810361	     +113.810361
              23	              84	      +21.135545	      +25.544558	      +27.153776	     +190.262912	       -1.761149	       +0.000000	       -2.214638	    -3640.530561	       -0.361830	       -0.000000	     +213.440901	     +213.440901
              23	              85	      +21.153852	      +25.562866	      +28.695152	     +189.457092	       -1.758749	       +0.000000	       -2.206655	    -4638.003085	       -0.361596	       -0.000000	     +214.186840	     +214.186840
              23	              86	      +21.528327	      +25.937341	     -182.331075	     +268.226439	       -2.765537	       +0.000000	       -3.066941	   -14450.610852	       -0.356884	       -0.000000	      +80.062887	      +80.062887
              23	              87	      +21.532851	      +25.941865	     -183.940133	     +269.062747	       -2.770591	       +0.000000	       -3.070583	   -13796.116633	       -0.356828	       -0.000000	      +79.281440	      +79.281440
              23	              88	      +22.096331	      +26.505345	     -181.989536	     +268.471410	       -2.911745	       +0.000000	       -2.707378	   +44036.348164	       -0.349966	       -0.000000	      +80.862751	      +80.862751
              23	              89	      +22.098256	      +26.507270	     -180.879962	     +267.715011	       -2.905750	       +0.000000	       -2.702131	   +47580.942738	       -0.349943	       -0.000000	      +81.227168	      +81.227168
              23	              90	      +22.640330	      +27.049344	      -49.758256	     +198.857093	       -2.098284	       +0.000000	       -2.364397	   +46878.147420	       -0.343587	       -0.000000	     +144.636156	     +144.636156
              23	              91	      +22.645717	      +27.054731	      -48.346719	     +198.095064	       -2.088727	       +0.000000	       -2.363320	   +46356.243460	       -0.343525	       -0.000000	     +145.296298	     +145.296298
              23	              92	      +22.798624	      +27.207638	      -33.568045	     +227.555929	       -2.163900	       +0.000000	       -2.085273	   +71314.345054	       -0.341775	       -0.000000	     +189.738711	     +189.738711
              23	              93	      +22.799402	      +27.208416	      -37.482979	     +228.713916	       -2.183092	       +0.000000	       -2.085615	   +69596.251956	       -0.341766	       -0.000000	     +186.962231	     +186.962231
              23	              94	      +23.679963	      +28.088977	     -111.033591	     +215.029487	       -2.361036	       +0.000000	       -2.254600	    -5838.389539	       -0.332022	       -0.000000	      +99.380260	      +99.380260
              23	              95	      +23.683924	      +28.092938	     -108.970527	     +213.404420	       -2.349712	       +0.000000	       -2.262206	    -8125.067383	       -0.331980	       -0.000000	      +99.821976	      +99.821976
              23	              96	      +23.952060	      +28.361074	     -195.022759	     +278.218709	       -2.799340	       +0.000000	       -2.875304	   +36409.891325	       -0.329123	       -0.000000	      +77.521307	      +77.521307
              23	              97	      +23.979209	      +28.388222	     -194.949706	     +277.458271	       -2.799814	       +0.000000	       -2.888292	   +34465.566823	       -0.328836	       -0.000000	      +76.820460	      +76.820460
              23	              98	      +24.160324	      +28.569338	      -93.171130	     +237.388707	       -2.247828	       +0.000000	       -2.115366	   -18026.892773	       -0.326937	       -0.000000	     +139.854383	     +139.854383
              23	              99	      +24.160692	      +28.569705	      -93.046500	     +237.710126	       -2.250258	       +0.000000	       -2.097060	   -17865.316978	       -0.326934	       -0.000000	     +140.316309	     +140.316309

k-point 24:
              24	               0	      -65.505204	      -61.096190	     -633.777780	     +591.915740	      -39.349572	       -2.208900	       -4.218949	   +30349.577649	       +0.160500	       +0.000000	      -85.430561	      -85.430561
              24	               1	      -65.505204	      -61.096190	     -633.777780	     +591.915740	      -39.349572	       -2.208900	       -4.219484	   +30351.740651	       +0.160500	       +0.000000	      -85.431096	      -85.431096
              24	               2	      -42.186763	      -37.777749	     -603.693232	     +584.635748	      -33.239344	       -2.208900	       +2.750999	   -32760.017360	       +0.252739	       +0.000000	      -49.545829	      -49.545829
              24	               3	      -42.186763	      -37.777749	     -603.693232	     +584.635748	      -33.239344	       -2.208900	       +2.767114	   -11233.129852	       +0.252739	       +0.000000	      -49.529714	      -49.529714
              24	               4	      -39.675143	      -35.266129	     -597.974834	     +581.322368	      -32.577614	       -2.208900	       +2.674070	    -9688.114763	       +0.269417	       +0.000000	      -46.556010	      -46.556010
              24	               5	      -39.675143	      -35.266129	     -597.974834	     +581.322368	      -32.577614	       -2.208900	       +2.682125	    -2450.957892	       +0.269417	       +0.000000	      -46.547954	      -46.547954
              24	               6	      -39.538429	      -35.129415	     -599.270598	     +582.414195	      -32.579659	       -2.208900	       +2.674418	    +9579.746043	       +0.270388	       +0.000000	      -46.761645	      -46.761645
              24	               7	      -39.538429	      -35.129415	     -599.270598	     +582.414195	      -32.579659	       -2.208900	       +2.682828	   +23752.203622	       +0.270388	       +0.000000	      -46.753234	      -46.753234
              24	               8	      -18.072903	      -13.663889	     -388.723772	     +380.297179	      -21.714559	       -2.208900	       +5.799278	    +8919.023649	       +0.622978	       +0.000001	      -24.341874	      -24.341874
              24	               9	      -18.072903	      -13.663889	     -388.723772	     +380.297179	      -21.714559	       -2.208900	       +5.799320	    +9079.986908	       +0.622978	       +0.000001	      -24.341832	      -24.341832
              24	              10	      -17.618198	      -13.209184	     -372.423865	     +364.896094	      -21.686761	       -2.208900	       +6.080734	   +27329.142756	       +0.640676	       +0.000001	      -23.133799	      -23.133799
              24	              11	      -17.618198	      -13.209184	     -372.423865	     +364.896094	      -21.686761	       -2.208900	       +6.080829	   +27437.158848	       +0.640676	       +0.000001	      -23.133703	      -23.133703
              24	              12	      -10.544596	       -6.135583	     -419.382743	     +421.037750	      -17.666043	       -2.208900	       +3.733448	   +78813.850569	       +0.801586	       +0.000001	      -12.277588	      -11.828111
              24	              13	      -10.544596	       -6.135583	     -419.382748	     +421.037750	      -17.666043	       -2.208900	       +3.733453	   +78824.831056	       +0.801586	       +0.000001	      -12.277588	      -11.828129
              24	              14	       -9.558854	       -5.149840	     -379.422874	     +381.897456	      -17.204677	       -2.208900	       +3.215325	   +52372.851844	       +0.801601	       +0.000001	      -11.514769	      -10.985258
              24	              15	       -9.558854	       -5.149840	     -379.422879	     +381.897456	      -17.204677	       -2.208900	       +3.215417	   +52488.126082	       +0.801601	       +0.000001	      -11.514683	      -10.985286
              24	              16	       -9.179243	       -4.770230	     -372.771421	     +376.308704	      -17.036419	       -2.208900	       +3.104516	    +4723.011055	       +0.801643	       +0.000001	      -10.394620	      -10.089902
              24	              17	       -9.179243	       -4.770229	     -372.771416	     +376.308704	      -17.036419	       -2.208900	       +3.104438	    +4596.325358	       +0.801643	       +0.000001	      -10.394693	      -10.089988
              24	              18	       -8.134597	       -3.725583	     -442.233815	     +448.127922	      -18.014525	       -2.208900	       +2.360817	   -16799.762205	       +0.801644	       +0.000001	       -9.759601	       -9.410020
              24	              19	       -8.134597	       -3.725583	     -442.233826	     +448.127922	      -18.014525	       -2.208900	       +2.360794	   -17010.016441	       +0.801644	       +0.000001	       -9.759636	       -9.410048
              24	              20	       -7.026315	       -2.617302	     -314.876677	     +321.423558	      -16.429677	       -2.208900	       +2.494288	   -20436.100075	       +0.801564	       +0.000001	       -7.388508	       -7.296097
              24	              21	       -7.026315	       -2.617302	     -314.876668	     +321.423558	      -16.429677	       -2.208900	       +2.494245	   -20908.446731	       +0.801564	       +0.000001	       -7.388542	       -7.296121
              24	              22	       -6.612773	       -2.203759	     -420.518695	     +427.132928	      -17.110321	       -2.208900	       +1.959865	   -17210.247571	       +0.801637	       +0.000001	       -8.536223	       -8.070323
              24	              23	       -6.612771	       -2.203757	     -420.518546	     +427.132928	      -17.110321	       -2.208900	       +1.959811	   -14801.214388	       +0.801637	       +0.000001	       -8.536129	       -8.070230
              24	              24	       -6.332734	       -1.923720	     -452.415555	     +459.206918	      -16.650029	       -2.208900	       +0.941051	  -196675.208856	       +0.801494	       +0.000001	       -8.917615	       -8.380944
              24	              25	       -6.332732	       -1.923718	     -452.415402	     +459.206918	      -16.650029	       -2.208900	       +0.940791	  -195579.235864	       +0.801494	       +0.000001	       -8.917722	       -8.381119
              24	              26	       -3.126287	       +1.282727	     -471.305317	     +483.120454	      -12.508372	       +0.000000	       -3.345621	   +70887.389066	       -0.801639	       -0.000001	       -4.038856	       -3.818337
              24	              27	       -3.126286	       +1.282728	     -471.305559	     +483.120454	      -12.508372	       +0.000000	       -3.346846	   +62823.414969	       -0.801639	       -0.000001	       -4.040323	       -3.819374
              24	              28	       -2.998807	       +1.410207	     -440.912325	     +454.926510	      -11.751211	       +0.000000	       -4.009693	  +236772.371958	       -0.801516	       -0.000001	       -1.746720	       -2.001625
              24	              29	       -2.998805	       +1.410208	     -440.912573	     +454.926510	      -11.751211	       +0.000000	       -4.010913	  +228810.505134	       -0.801516	       -0.000001	       -1.748187	       -2.002951
              24	              30	       -1.891624	       +2.517390	     -423.381702	     +437.837444	      -10.708217	       +0.000000	       -3.995968	    +9929.480771	       -0.801382	       -0.000001	       -0.248443	       -0.661542
              24	              31	       -1.891623	       +2.517390	     -423.381731	     +437.837444	      -10.708217	       +0.000000	       -3.995862	   +10929.273029	       -0.801382	       -0.000001	       -0.248367	       -0.661647
              24	              32	       -1.279015	       +3.129999	     -408.920653	     +423.830693	      -11.226993	       +0.000000	       -4.104922	   +11041.824837	       -0.801580	       -0.000001	       -0.421875	       -0.567698
              24	              33	       -1.279014	       +3.129999	     -408.920680	     +423.830693	      -11.226993	       +0.000000	       -4.105046	   +11726.554483	       -0.801580	       -0.000001	       -0.422026	       -0.567788
              24	              34	       +2.651931	       +7.060945	     -333.205537	     +348.643254	       -6.146518	       +0.000000	       -5.297362	   +20619.426057	       -0.801475	       -0.000001	       +3.993837	       +3.391215
              24	              35	       +2.651931	       +7.060945	     -333.205581	     +348.643254	       -6.146518	       +0.000000	       -5.297486	   +20696.390268	       -0.801475	       -0.000001	       +3.993668	       +3.391003
              24	              36	       +2.909046	       +7.318059	     -306.441476	     +321.160788	       -5.579764	       +0.000000	       -4.592002	   -21720.504249	       -0.801620	       -0.000001	       +4.547545	       +4.242485
              24	              37	       +2.909046	       +7.318059	     -306.441480	     +321.160788	       -5.579764	       +0.000000	       -4.591632	   -21701.265857	       -0.801620	       -0.000001	       +4.547911	       +4.242946
              24	              38	       +3.282128	       +7.691141	     -317.279225	     +335.529274	       -6.188841	       +0.000000	       -5.281368	  -251044.180626	       -0.801631	       -0.000001	       +6.779840	      +28.294605
              24	              39	       +3.282128	       +7.691142	     -317.279276	     +335.529274	       -6.188841	       +0.000000	       -5.281701	  -250953.663400	       -0.801631	       -0.000001	       +6.779457	      +28.409027
              24	              40	       +5.167172	       +9.576186	     -197.518493	     +220.515513	       -4.690583	       +0.000000	       -4.806508	   +32508.279341	       -0.801502	       -0.000001	      +13.499929	      +11.335242
              24	              41	       +5.167172	       +9.576186	     -197.518472	     +220.515513	       -4.690583	       +0.000000	       -4.806730	   +32419.030468	       -0.801502	       -0.000001	      +13.499728	      +11.339213
              24	              42	       +5.582654	       +9.991668	     -276.985111	     +297.958842	       -5.844224	       +0.000000	       -3.127658	   +83748.335431	       -0.801359	       -0.000001	      +12.001849	       +8.403293
              24	              43	       +5.582655	       +9.991669	     -276.985091	     +297.958842	       -5.844224	       +0.000000	       -3.128397	   +83641.768802	       -0.801359	       -0.000001	      +12.001129	       +8.402172
              24	              44	       +7.149581	      +11.558595	     -356.575728	     +376.076445	       -6.069042	       +0.000000	       -5.079350	   -25832.893592	       -0.714339	       -0.000001	       +8.352324	       +8.352324
              24	              45	       +7.149582	      +11.558595	     -356.575838	     +376.076445	       -6.069042	       +0.000000	       -5.079500	   -25786.142109	       -0.714339	       -0.000001	       +8.352065	       +8.352065
              24	              46	       +7.620482	      +12.029496	     -163.886737	     +190.538857	       -3.824671	       +0.000000	       -4.044076	   -40603.902732	       -0.691651	       -0.000001	      +18.783373	      +18.783373
              24	              47	       +7.620482	      +12.029496	     -163.886720	     +190.538857	       -3.824671	       +0.000000	       -4.044254	   -40722.233087	       -0.691651	       -0.000001	      +18.783212	      +18.783212
              24	              48	       +7.714038	      +12.123051	     -293.822533	     +316.326940	       -4.865241	       +0.000000	       -4.250396	   -85249.244056	       -0.687314	       -0.000001	      +13.388769	      +13.388769
              24	              49	       +7.714038	      +12.123052	     -293.822612	     +316.326940	       -4.865241	       +0.000000	       -4.250573	   -85405.063885	       -0.687314	       -0.000001	      +13.388513	      +13.388513
              24	              50	       +9.159379	      +13.568393	     -304.334715	     +327.883193	       -4.957244	       +0.000000	       -4.729664	    +2484.359485	       -0.626613	       -0.000001	      +13.861570	      +13.861570
              24	              51	       +9.159379	      +13.568393	     -304.334713	     +327.883193	       -4.957244	       +0.000000	       -4.729718	    +2488.435408	       -0.626613	       -0.000001	      +13.861518	      +13.861518
              24	              52	       +9.701627	      +14.110640	     -195.384967	     +236.725100	       -3.730276	       +0.000000	       -3.603220	     -604.634674	       -0.606517	       -0.000000	      +34.006636	      +34.006636
              24	              53	       +9.701627	      +14.110640	     -195.384964	     +236.725100	       -3.730276	       +0.000000	       -3.603062	     -538.466482	       -0.606517	       -0.000000	      +34.006797	      +34.006797
              24	              54	      +10.083475	      +14.492489	     -329.256472	     +353.738413	       -5.351477	       +0.000000	       -4.829811	   -26639.803885	       -0.593122	       -0.000000	      +14.300653	      +14.300653
              24	              55	      +10.083475	      +14.492489	     -329.256526	     +353.738413	       -5.351477	       +0.000000	       -4.831766	   -27301.979060	       -0.593122	       -0.000000	      +14.298644	      +14.298644
              24	              56	      +10.160898	      +14.569912	     -270.709570	     +299.117039	       -4.687332	       +0.000000	       -4.730853	   +42191.334338	       -0.590478	       -0.000000	      +18.989284	      +18.989284
              24	              57	      +10.160898	      +14.569912	     -270.709632	     +299.117039	       -4.687332	       +0.000000	       -4.732997	   +41377.839918	       -0.590478	       -0.000000	      +18.987078	      +18.987078
              24	              58	      +12.372287	      +16.781301	     -307.658660	     +335.330364	       -5.545417	       +0.000000	       -5.392286	    -1559.670010	       -0.523784	       -0.000000	      +16.734001	      +16.734001
              24	              59	      +12.372287	      +16.781301	     -307.658665	     +335.330364	       -5.545417	       +0.000000	       -5.392410	    -1530.844663	       -0.523784	       -0.000000	      +16.733872	      +16.733872
              24	              60	      +13.551373	      +17.960387	      -96.883538	     +138.590865	       -2.050956	       +0.000000	       -2.851056	   +45367.627487	       -0.494031	       -0.000000	      +36.805315	      +36.805315
              24	              61	      +13.551373	      +17.960387	      -96.883542	     +138.590865	       -2.050956	       +0.000000	       -2.850974	   +45403.981486	       -0.494031	       -0.000000	      +36.805394	      +36.805394
              24	              62	      +13.877356	      +18.286370	      -73.919845	     +137.036515	       -2.049233	       +0.000000	       -3.011746	   +21601.370565	       -0.486393	       -0.000000	      +58.055690	      +58.055690
              24	              63	      +13.877356	      +18.286370	      -73.919809	     +137.036515	       -2.049233	       +0.000000	       -3.011495	   +21669.807039	       -0.486393	       -0.000000	      +58.055977	      +58.055977
              24	              64	      +14.834136	      +19.243150	      -48.447194	     +179.770341	       -2.620375	       +0.000000	       -2.242291	   -66204.607480	       -0.465278	       -0.000000	     +126.460481	     +126.460481
              24	              65	      +14.834136	      +19.243150	      -48.447133	     +179.770341	       -2.620375	       +0.000000	       -2.242102	   -66214.068584	       -0.465278	       -0.000000	     +126.460731	     +126.460731
              24	              66	      +15.592297	      +20.001310	      -99.485817	     +200.125069	       -2.826197	       +0.000000	       -2.991468	   -14774.267376	       -0.449806	       -0.000000	      +94.821588	      +94.821588
              24	              67	      +15.592297	      +20.001311	      -99.485809	     +200.125069	       -2.826197	       +0.000000	       -2.991512	   -14749.479797	       -0.449806	       -0.000000	      +94.821551	      +94.821551
              24	              68	      +16.262768	      +20.671782	     -269.570863	     +298.137723	       -3.271651	       +0.000000	       -3.830221	   -24493.104991	       -0.436955	       -0.000000	      +21.464988	      +21.464988
              24	              69	      +16.262768	      +20.671782	     -269.570920	     +298.137723	       -3.271651	       +0.000000	       -3.830573	   -24537.048327	       -0.436955	       -0.000000	      +21.464579	      +21.464579
              24	              70	      +17.047679	      +21.456693	     -239.516227	     +278.618988	       -3.205960	       +0.000000	       -3.054953	   +91293.751244	       -0.422814	       -0.000000	      +32.841847	      +32.841847
              24	              71	      +17.047679	      +21.456693	     -239.516238	     +278.618988	       -3.205960	       +0.000000	       -3.054693	   +91365.890037	       -0.422814	       -0.000000	      +32.842097	      +32.842097
              24	              72	      +17.205224	      +21.614238	      -19.551270	     +111.318881	       -1.839728	       +0.000000	       -2.479210	   -36026.180745	       -0.420086	       -0.000000	      +87.448672	      +87.448672
              24	              73	      +17.205224	      +21.614238	      -19.551258	     +111.318881	       -1.839728	       +0.000000	       -2.479062	   -35982.166497	       -0.420086	       -0.000000	      +87.448833	      +87.448833
              24	              74	      +17.670259	      +22.079273	     +149.559358	     +125.506896	       -1.600774	       +0.000000	       -1.622583	   +16719.772249	       -0.412233	       -0.000000	     +271.842897	     +271.842897
              24	              75	      +17.670259	      +22.079273	     +149.559326	     +125.506896	       -1.600774	       +0.000000	       -1.622662	   +16672.078079	       -0.412233	       -0.000000	     +271.842787	     +271.842787
              24	              76	      +19.471023	      +23.880037	     -170.273221	     +257.514776	       -2.889039	       +0.000000	       -3.118390	   +14460.763457	       -0.384406	       -0.000000	      +81.234126	      +81.234126
              24	              77	      +19.471023	      +23.880037	     -170.273233	     +257.514776	       -2.889039	       +0.000000	       -3.118177	   +14436.276595	       -0.384406	       -0.000000	      +81.234327	      +81.234327
              24	              78	      +19.564059	      +23.973073	     -243.649819	     +308.256439	       -2.924304	       +0.000000	       -3.351467	   +39951.939707	       -0.383070	       -0.000000	      +58.330848	      +58.330848
              24	              79	      +19.564059	      +23.973073	     -243.649842	     +308.256439	       -2.924304	       +0.000000	       -3.351763	   +39901.486321	       -0.383070	       -0.000000	      +58.330530	      +58.330530
              24	              80	      +19.767101	      +24.176114	      -89.370143	     +127.725078	       -1.997043	       +0.000000	       -2.850933	    +2280.018528	       -0.380187	       -0.000000	      +33.506959	      +33.506959
              24	              81	      +19.767101	      +24.176115	      -89.370166	     +127.725078	       -1.997043	       +0.000000	       -2.850902	    +2255.572374	       -0.380187	       -0.000000	      +33.506967	      +33.506967
              24	              82	      +20.779954	      +25.188968	      -82.584746	     +223.686735	       -2.439750	       +0.000000	       -2.588625	   +10238.779424	       -0.366427	       -0.000000	     +136.073613	     +136.073613
              24	              83	      +20.779954	      +25.188968	      -82.584737	     +223.686735	       -2.439750	       +0.000000	       -2.588659	    +9999.721134	       -0.366427	       -0.000000	     +136.073590	     +136.073590
              24	              84	      +21.104216	      +25.513230	     -208.466710	     +250.449904	       -2.922940	       +0.000000	       -3.245301	    +2651.723296	       -0.362230	       -0.000000	      +35.814952	      +35.814952
              24	              85	      +21.104217	      +25.513231	     -208.466981	     +250.449904	       -2.922940	       +0.000000	       -3.245425	    +2485.042557	       -0.362230	       -0.000000	      +35.814558	      +35.814558
              24	              86	      +21.222122	      +25.631136	     -227.964600	     +303.222041	       -2.928910	       +0.000000	       -3.264951	   -15745.775304	       -0.360728	       -0.000000	      +69.063580	      +69.063580
              24	              87	      +21.222123	      +25.631137	     -227.964803	     +303.222041	       -2.928910	       +0.000000	       -3.264774	   -15715.628753	       -0.360728	       -0.000000	      +69.063554	      +69.063554
              24	              88	      +22.748402	      +27.157416	     -148.218277	     +257.460393	       -2.607324	       +0.000000	       -2.664084	   +19833.488905	       -0.342348	       -0.000000	     +103.970707	     +103.970707
              24	              89	      +22.748403	      +27.157417	     -148.260010	     +257.460393	       -2.607324	       +0.000000	       -2.665621	   +19994.594012	       -0.342348	       -0.000000	     +103.927438	     +103.927438
              24	              90	      +22.758944	      +27.167958	      -26.197904	     +197.018358	       -2.079946	       +0.000000	       -1.956489	   +20217.915691	       -0.342227	       -0.000000	     +166.784019	     +166.784019
              24	              91	      +22.758945	      +27.167959	      -26.151580	     +197.018358	       -2.079946	       +0.000000	       -1.954499	   +19896.191005	       -0.342227	       -0.000000	     +166.832332	     +166.832332
              24	              92	      +22.917925	      +27.326939	     -230.643578	     +287.646784	       -3.118682	       +0.000000	       -3.348468	    -6957.062940	       -0.340421	       -0.000000	      +50.536057	      +50.536057
              24	              93	      +22.917928	      +27.326942	     -230.636920	     +287.646784	       -3.118682	       +0.000000	       -3.346281	    -6964.592380	       -0.340421	       -0.000000	      +50.544901	      +50.544901
              24	              94	      +22.949454	      +27.358468	      -32.334561	     +151.253118	       -1.669274	       +0.000000	       -2.239943	    +7531.162610	       -0.340065	       -0.000000	     +115.009339	     +115.009339
              24	              95	      +22.949454	      +27.358468	      -32.336508	     +151.253118	       -1.669274	       +0.000000	       -2.241085	    +7577.236738	       -0.340065	       -0.000000	     +115.006251	     +115.006251
              24	              96	      +24.063735	      +28.472749	     -144.150407	     +232.169982	       -2.623637	       +0.000000	       -1.543080	   +43229.025818	       -0.327947	       -0.000000	      +83.852858	      +83.852858
              24	              97	      +24.063736	      +28.472750	     -144.151207	     +232.169982	       -2.623637	       +0.000000	       -1.544779	   +42631.141158	       -0.327947	       -0.000000	      +83.850358	      +83.850358
              24	              98	      +24.084712	      +28.493726	      -72.635098	     +191.006577	       -2.112944	       +0.000000	       -1.964334	   +42198.204026	       -0.327727	       -0.000000	     +114.294202	     +114.294202
              24	              99	      +24.084713	      +28.493726	      -72.635998	     +191.006577	       -2.112944	       +0.000000	       -1.965361	   +41809.994221	       -0.327727	       -0.000000	     +114.292275	     +114.292275

k-point 25:
              25	               0	      -65.453770	      -61.044756	     -633.647269	     +591.620039	      -39.342203	       -2.208900	       -5.011891	   +68818.500440	       +0.160629	       +0.000000	      -86.381324	      -86.381324
              25	               1	      -65.453768	      -61.044754	     -633.647280	     +591.620039	      -39.342203	       -2.208900	       -5.149101	   +68248.448453	       +0.160629	       +0.000000	      -86.518546	      -86.518546
              25	               2	      -42.170480	      -37.761467	     -603.632483	     +584.882668	      -33.226702	       -2.208900	       +2.597432	   -59006.054494	       +0.252841	       +0.000000	      -49.379085	      -49.379085
              25	               3	      -42.163240	      -37.754226	     -603.663194	     +584.628410	      -33.245132	       -2.208900	       +2.546982	   +23805.081580	       +0.252886	       +0.000000	      -49.732935	      -49.732935
              25	               4	      -39.636360	      -35.227347	     -597.358343	     +580.804363	      -32.574103	       -2.208900	       +2.222476	    -7461.237588	       +0.269691	       +0.000000	      -46.905607	      -46.905607
              25	               5	      -39.634236	      -35.225222	     -596.521512	     +579.888745	      -32.579220	       -2.208900	       +1.919632	   +22874.093766	       +0.269706	       +0.000000	      -47.292354	      -47.292354
              25	               6	      -39.534290	      -35.125277	     -600.018955	     +583.775444	      -32.565681	       -2.208900	       +2.995739	    +2558.869260	       +0.270417	       +0.000000	      -45.813453	      -45.813453
              25	               7	      -39.525881	      -35.116867	     -600.922003	     +584.355835	      -32.581273	       -2.208900	       +3.259103	   +52050.884394	       +0.270477	       +0.000000	      -45.888338	      -45.888338
              25	               8	      -18.334012	      -13.924998	     -388.393300	     +379.442528	      -21.700151	       -2.208900	       +5.821862	   +37850.873434	       +0.613251	       +0.000000	      -24.829062	      -24.829062
              25	               9	      -18.318233	      -13.909219	     -388.100297	     +379.126387	      -21.702406	       -2.208900	       +5.828254	   +37712.633110	       +0.613830	       +0.000000	      -24.848062	      -24.848062
              25	              10	      -17.722537	      -13.313524	     -368.979268	     +361.719061	      -21.640786	       -2.208900	       +5.857097	    +5051.097549	       +0.636526	       +0.000001	      -23.043896	      -23.043896
              25	              11	      -17.721167	      -13.312153	     -368.936123	     +361.664859	      -21.640048	       -2.208900	       +5.853295	    +4310.027510	       +0.636581	       +0.000001	      -23.058018	      -23.058018
              25	              12	      -10.245734	       -5.836720	     -417.039922	     +418.350683	      -17.686948	       -2.208900	       +3.523931	   +39111.378941	       +0.801605	       +0.000001	      -12.852256	      -12.139584
              25	              13	      -10.220717	       -5.811703	     -418.160231	     +419.596825	      -17.715964	       -2.208900	       +3.516395	   +35815.401618	       +0.801624	       +0.000001	      -12.762974	      -12.064756
              25	              14	       -9.056408	       -4.647394	     -390.681240	     +396.976931	      -16.905969	       -2.208900	       +3.024059	   -88444.173360	       +0.801598	       +0.000001	       -7.586219	       -7.944230
              25	              15	       -9.046130	       -4.637116	     -391.941114	     +398.380047	      -16.955197	       -2.208900	       +3.021018	   -84489.383759	       +0.801588	       +0.000001	       -7.495246	       -7.876348
              25	              16	       -9.017568	       -4.608554	     -400.332646	     +404.042065	      -17.331218	       -2.208900	       +2.855995	   +43330.529161	       +0.801552	       +0.000001	      -10.765803	      -10.345576
              25	              17	       -8.988061	       -4.579047	     -398.935163	     +402.719502	      -17.258331	       -2.208900	       +2.837299	   +36338.708072	       +0.801507	       +0.000001	      -10.636692	      -10.240033
              25	              18	       -8.542472	       -4.133458	     -404.744993	     +412.067298	      -17.651233	       -2.208900	       +2.600575	   +18802.899349	       +0.801584	       +0.000001	       -7.728354	       -7.915044
              25	              19	       -8.516202	       -4.107188	     -402.412825	     +409.744552	      -17.596812	       -2.208900	       +2.596702	   +19506.837275	       +0.801551	       +0.000001	       -7.668383	       -7.859397
              25	              20	       -7.289164	       -2.880150	     -420.607711	     +425.797708	      -16.958319	       -2.208900	       +2.072604	   +48604.535091	       +0.801558	       +0.000001	       -9.695717	       -9.079498
              25	              21	       -7.213015	       -2.804001	     -419.747939	     +424.946399	      -16.934284	       -2.208900	       +2.051639	   +53863.751335	       +0.801629	       +0.000001	       -9.684185	       -9.075769
              25	              22	       -6.417987	       -2.008973	     -324.041578	     +328.940722	      -16.408204	       -2.208900	       +2.346804	   +56704.047864	       +0.801362	       +0.000001	       -9.162256	       -8.466957
              25	              23	       -6.383179	       -1.974165	     -322.396773	     +327.222937	      -16.351865	       -2.208900	       +2.336719	   +60133.390055	       +0.801398	       +0.000001	       -9.188982	       -8.479121
              25	              24	       -6.168054	       -1.759040	     -460.889384	     +468.733716	      -17.438219	       -2.208900	       +1.023319	  -155200.026559	       +0.801645	       +0.000001	       -8.570568	       -8.036357
              25	              25	       -6.099039	       -1.690026	     -463.645928	     +471.601065	      -17.378903	       -2.208900	       +0.936804	  -147989.620950	       +0.801631	       +0.000001	       -8.486962	       -7.957689
              25	              26	       -3.445813	       +0.963201	     -417.622185	     +429.285317	      -11.351077	       +0.000000	       -3.121397	  +149655.745821	       -0.801421	       -0.000001	       -2.809341	       -2.956411
              25	              27	       -3.384031	       +1.024983	     -416.263632	     +428.145760	      -11.212784	       +0.000000	       -3.223030	  +180433.339001	       -0.801400	       -0.000001	       -2.553687	       -2.743470
              25	              28	       -2.847931	       +1.561082	     -459.845630	     +472.803658	      -12.219480	       +0.000000	       -3.947280	   +26566.150847	       -0.801475	       -0.000001	       -3.208732	       -3.134255
              25	              29	       -2.831977	       +1.577037	     -457.404969	     +470.559888	      -12.133006	       +0.000000	       -3.982078	   +62379.424348	       -0.801504	       -0.000001	       -2.960164	       -2.933892
              25	              30	       -2.645251	       +1.763763	     -439.104819	     +453.000970	      -11.227986	       +0.000000	       -3.771654	  -106466.428354	       -0.801644	       -0.000001	       -1.103489	       -1.468030
              25	              31	       -2.592543	       +1.816471	     -438.231168	     +452.210354	      -11.148692	       +0.000000	       -3.792142	  -110508.747689	       -0.801621	       -0.000001	       -0.961649	       -1.349701
              25	              32	       -1.170750	       +3.238264	     -415.056321	     +429.539181	      -11.193174	       +0.000000	       -4.243033	   -75985.556640	       -0.801646	       -0.000001	       -0.953346	       -0.983938
              25	              33	       -1.137573	       +3.271441	     -414.829899	     +429.412808	      -11.155085	       +0.000000	       -4.242552	   -74489.394309	       -0.801642	       -0.000001	       -0.814727	       -0.855310
              25	              34	       +3.626558	       +8.035572	     -359.151969	     +373.837885	       -6.727168	       +0.000000	       -5.319029	    +1354.138263	       -0.801423	       -0.000001	       +2.639719	       +2.796639
              25	              35	       +3.659791	       +8.068805	     -357.964672	     +372.623275	       -6.715164	       +0.000000	       -5.310195	   +13399.151702	       -0.801489	       -0.000001	       +2.633244	       +2.802241
              25	              36	       +4.108830	       +8.517844	     -275.080572	     +292.528305	       -4.946184	       +0.000000	       -4.349163	   +11094.479741	       -0.801383	       -0.000001	       +8.152387	       +7.161811
              25	              37	       +4.114099	       +8.523113	     -275.691929	     +293.124651	       -4.946264	       +0.000000	       -4.361493	   +11895.370097	       -0.801396	       -0.000001	       +8.124965	       +7.078645
              25	              38	       +4.242548	       +8.651561	     -227.778808	     +246.970786	       -4.679519	       +0.000000	       -3.935903	  -105119.619278	       -0.801602	       -0.000001	      +10.576555	     +365.151762
              25	              39	       +4.333530	       +8.742544	     -222.567830	     +242.037956	       -4.659110	       +0.000000	       -3.810148	  -108908.579214	       -0.801646	       -0.000001	      +11.000869	      +43.275162
              25	              40	       +4.972504	       +9.381517	     -359.291412	     +378.070888	       -6.453317	       +0.000000	       -4.961038	   -90112.707502	       -0.801557	       -0.000001	       +7.365121	       +7.052483
              25	              41	       +4.977819	       +9.386833	     -352.942225	     +371.952020	       -6.398867	       +0.000000	       -4.956265	   -88464.821345	       -0.801550	       -0.000001	       +7.654663	       +7.260236
              25	              42	       +5.116614	       +9.525628	     -227.555258	     +247.250434	       -4.476672	       +0.000000	       -4.461927	   +53008.976259	       -0.801401	       -0.000001	      +10.756577	       +8.576932
              25	              43	       +5.119134	       +9.528147	     -223.109099	     +242.861612	       -4.417990	       +0.000000	       -4.447464	   +54378.509677	       -0.801407	       -0.000001	      +10.887059	       +8.581137
              25	              44	       +6.377229	      +10.786243	     -351.321470	     +371.227970	       -6.222255	       +0.000000	       -1.630996	  -145960.639732	       -0.754956	       -0.000001	      +12.053248	      +12.053248
              25	              45	       +6.460980	      +10.869994	     -346.516277	     +366.608410	       -6.256529	       +0.000000	       -1.527214	  -168040.855932	       -0.750330	       -0.000001	      +12.308390	      +12.308390
              25	              46	       +6.974874	      +11.383887	     -272.098702	     +294.303644	       -5.312161	       +0.000000	       -5.120119	   -53657.575915	       -0.723139	       -0.000001	      +11.772662	      +11.772662
              25	              47	       +7.009346	      +11.418360	     -272.047401	     +294.040117	       -5.394827	       +0.000000	       -5.329933	   -53917.621508	       -0.721386	       -0.000001	      +11.267957	      +11.267957
              25	              48	       +7.026516	      +11.435530	     -275.726770	     +298.181089	       -5.247687	       +0.000000	       -4.812800	   -53785.865684	       -0.720516	       -0.000001	      +12.393831	      +12.393831
              25	              49	       +7.073716	      +11.482729	     -278.096637	     +300.876138	       -5.148955	       +0.000000	       -4.714414	   -37198.041566	       -0.718134	       -0.000001	      +12.916131	      +12.916131
              25	              50	       +7.846985	      +12.255999	     -182.774939	     +211.212648	       -3.989564	       +0.000000	       -3.799693	   -60264.878390	       -0.681244	       -0.000001	      +20.648452	      +20.648452
              25	              51	       +7.849613	      +12.258627	     -182.832563	     +211.283426	       -3.990881	       +0.000000	       -3.780770	   -58474.030615	       -0.681125	       -0.000001	      +20.679212	      +20.679212
              25	              52	       +9.209831	      +13.618845	     -262.872091	     +295.480750	       -4.721539	       +0.000000	       -4.455209	   -26366.833622	       -0.624688	       -0.000001	      +23.431911	      +23.431911
              25	              53	       +9.248769	      +13.657783	     -271.067711	     +302.668082	       -4.789082	       +0.000000	       -4.479025	   -26003.394839	       -0.623209	       -0.000001	      +22.332264	      +22.332264
              25	              54	       +9.762892	      +14.171906	     -290.189898	     +312.680308	       -5.269774	       +0.000000	       -4.695759	   -64594.177109	       -0.604328	       -0.000000	      +12.524877	      +12.524877
              25	              55	       +9.769428	      +14.178442	     -289.714235	     +312.241125	       -5.261321	       +0.000000	       -4.678804	   -75412.771558	       -0.604095	       -0.000000	      +12.586765	      +12.586765
              25	              56	      +10.615502	      +15.024515	     -239.377971	     +279.090454	       -4.338124	       +0.000000	       -3.806093	   -10074.498280	       -0.575416	       -0.000000	      +31.568266	      +31.568266
              25	              57	      +10.660549	      +15.069563	     -232.170169	     +273.701420	       -4.293784	       +0.000000	       -3.735924	    -5165.287570	       -0.573965	       -0.000000	      +33.501543	      +33.501543
              25	              58	      +12.076226	      +16.485240	     -279.626536	     +310.067933	       -4.836143	       +0.000000	       -5.077848	    -9485.125377	       -0.531826	       -0.000000	      +20.527406	      +20.527406
              25	              59	      +12.097788	      +16.506802	     -278.955211	     +309.568259	       -4.836982	       +0.000000	       -5.061724	   -12496.605610	       -0.531232	       -0.000000	      +20.714341	      +20.714341
              25	              60	      +14.435833	      +18.844847	      -78.597868	     +213.728981	       -2.594136	       +0.000000	       -2.991138	   +10257.408941	       -0.473841	       -0.000000	     +129.545839	     +129.545839
              25	              61	      +14.441033	      +18.850047	      -71.559627	     +210.646224	       -2.557837	       +0.000000	       -2.963483	   +11791.436878	       -0.473728	       -0.000000	     +133.565277	     +133.565277
              25	              62	      +15.090693	      +19.499706	     -147.732284	     +194.895451	       -2.497853	       +0.000000	       -3.318181	   -75782.198117	       -0.459925	       -0.000000	      +41.347133	      +41.347133
              25	              63	      +15.093922	      +19.502936	     -143.648226	     +193.088781	       -2.470415	       +0.000000	       -3.295509	   -69110.400336	       -0.459858	       -0.000000	      +43.674631	      +43.674631
              25	              64	      +15.220724	      +19.629738	      -75.243668	     +171.096005	       -2.337001	       +0.000000	       -2.950968	   +12995.660318	       -0.457258	       -0.000000	      +90.564367	      +90.564367
              25	              65	      +15.223436	      +19.632450	      -75.505486	     +171.048722	       -2.336037	       +0.000000	       -2.947896	   +12597.128496	       -0.457203	       -0.000000	      +90.259303	      +90.259303
              25	              66	      +15.554056	      +19.963070	     -105.241775	     +175.745795	       -2.520652	       +0.000000	       -3.013307	     +814.612734	       -0.450561	       -0.000000	      +64.970060	      +64.970060
              25	              67	      +15.554319	      +19.963333	     -104.665654	     +175.065711	       -2.514454	       +0.000000	       -3.005510	     -472.320176	       -0.450556	       -0.000000	      +64.880093	      +64.880093
              25	              68	      +15.934146	      +20.343160	     -200.834561	     +255.736765	       -3.453198	       +0.000000	       -2.689125	    -3576.923920	       -0.443161	       -0.000000	      +48.759882	      +48.759882
              25	              69	      +15.970726	      +20.379740	     -200.853743	     +255.379150	       -3.442864	       +0.000000	       -2.746508	    -4453.271566	       -0.442461	       -0.000000	      +48.336036	      +48.336036
              25	              70	      +16.783727	      +21.192741	     -118.536586	     +159.100782	       -2.127577	       +0.000000	       -2.811240	   +34162.082542	       -0.427466	       -0.000000	      +35.625379	      +35.625379
              25	              71	      +16.785560	      +21.194574	     -119.325045	     +159.532675	       -2.128398	       +0.000000	       -2.812148	   +34494.450188	       -0.427434	       -0.000000	      +35.267084	      +35.267084
              25	              72	      +16.917463	      +21.326477	      +36.095468	     +136.449299	       -1.991112	       +0.000000	       -2.536921	    -5876.446929	       -0.425097	       -0.000000	     +168.016735	     +168.016735
              25	              73	      +16.921489	      +21.330503	      +40.390658	     +135.850682	       -1.971440	       +0.000000	       -2.511318	    -6951.295281	       -0.425026	       -0.000000	     +171.758581	     +171.758581
              25	              74	      +17.693829	      +22.102843	     -150.529323	     +256.668812	       -2.738193	       +0.000000	       -3.254824	    -6574.513573	       -0.411842	       -0.000000	     +100.146472	     +100.146472
              25	              75	      +17.743620	      +22.152634	     -164.906867	     +263.743897	       -2.812038	       +0.000000	       -3.303815	    -8005.349774	       -0.411021	       -0.000000	      +92.721176	      +92.721176
              25	              76	      +18.030562	      +22.439576	      -92.378256	     +200.114040	       -2.395516	       +0.000000	       -3.028220	   +10629.230322	       -0.406347	       -0.000000	     +102.312049	     +102.312049
              25	              77	      +18.035046	      +22.444060	      -92.605337	     +200.284279	       -2.394620	       +0.000000	       -3.036577	    +9004.668131	       -0.406275	       -0.000000	     +102.247744	     +102.247744
              25	              78	      +19.504270	      +23.913283	     -247.680852	     +288.341295	       -3.191367	       +0.000000	       -3.472994	   +15403.086541	       -0.383928	       -0.000000	      +33.996083	      +33.996083
              25	              79	      +19.513762	      +23.922776	     -252.005538	     +289.591778	       -3.195583	       +0.000000	       -3.534856	    +9747.822504	       -0.383791	       -0.000000	      +30.855800	      +30.855800
              25	              80	      +19.632757	      +24.041770	     -229.686345	     +278.012769	       -2.963714	       +0.000000	       -3.005948	    -7250.915454	       -0.382090	       -0.000000	      +42.356761	      +42.356761
              25	              81	      +19.640337	      +24.049351	     -223.376249	     +274.223934	       -2.936613	       +0.000000	       -3.013003	    -6228.148624	       -0.381982	       -0.000000	      +44.898069	      +44.898069
              25	              82	      +19.713690	      +24.122704	     -201.003860	     +283.771780	       -3.081488	       +0.000000	       -1.915411	  +107126.473708	       -0.380941	       -0.000000	      +77.771021	      +77.771021
              25	              83	      +19.760138	      +24.169152	     -203.933136	     +287.071799	       -3.113840	       +0.000000	       -1.823835	  +111989.268479	       -0.380285	       -0.000000	      +78.200988	      +78.200988
              25	              84	      +21.307641	      +25.716654	     -202.979679	     +267.138479	       -2.849278	       +0.000000	       -2.140859	   -24751.743926	       -0.359646	       -0.000000	      +59.168663	      +59.168663
              25	              85	      +21.392884	      +25.801897	     -208.407153	     +275.635382	       -2.904092	       +0.000000	       -2.270805	   -21720.161964	       -0.358574	       -0.000000	      +62.053331	      +62.053331
              25	              86	      +21.447627	      +25.856641	      -97.641297	     +170.603596	       -2.184780	       +0.000000	       -2.360305	   -65283.004892	       -0.357889	       -0.000000	      +68.417214	      +68.417214
              25	              87	      +21.468243	      +25.877256	     -107.567625	     +181.445055	       -2.259962	       +0.000000	       -2.359610	   -59632.276863	       -0.357632	       -0.000000	      +69.257858	      +69.257858
              25	              88	      +22.135009	      +26.544023	      +20.903085	     +155.672753	       -1.721875	       +0.000000	       -2.214513	   +22442.722460	       -0.349505	       -0.000000	     +172.639450	     +172.639450
              25	              89	      +22.137841	      +26.546855	      +21.165327	     +155.173876	       -1.718296	       +0.000000	       -2.196315	   +22565.668961	       -0.349471	       -0.000000	     +172.424592	     +172.424592
              25	              90	      +22.483376	      +26.892389	     -120.275467	     +209.390580	       -2.278784	       +0.000000	       -2.888601	   -25908.916555	       -0.345404	       -0.000000	      +83.947729	      +83.947729
              25	              91	      +22.486111	      +26.895125	     -123.266971	     +211.512656	       -2.294704	       +0.000000	       -2.915620	   -27625.302778	       -0.345372	       -0.000000	      +83.035361	      +83.035361
              25	              92	      +23.579826	      +27.988840	     -246.663928	     +299.126720	       -2.940594	       +0.000000	       -2.985469	   -66094.386053	       -0.333102	       -0.000000	      +46.536729	      +46.536729
              25	              93	      +23.587959	      +27.996973	     -249.830468	     +302.067602	       -2.973224	       +0.000000	       -2.975982	   -67378.166628	       -0.333014	       -0.000000	      +46.287929	      +46.287929
              25	              94	      +23.734389	      +28.143403	     -210.417692	     +268.483575	       -2.741187	       +0.000000	       -2.893127	   +44538.408218	       -0.331438	       -0.000000	      +52.431570	      +52.431570
              25	              95	      +23.740279	      +28.149292	     -211.498600	     +269.364082	       -2.746505	       +0.000000	       -2.877295	   +44449.679345	       -0.331375	       -0.000000	      +52.241681	      +52.241681
              25	              96	      +24.301638	      +28.710651	      -43.794221	     +191.477431	       -2.017403	       +0.000000	       -2.382635	    -9306.265022	       -0.325471	       -0.000000	     +143.283171	     +143.283171
              25	              97	      +24.324377	      +28.733391	      -35.509849	     +188.167829	       -2.003030	       +0.000000	       -2.328342	    -5474.297441	       -0.325236	       -0.000000	     +148.326609	     +148.326609
              25	              98	      +24.372065	      +28.781079	     -122.058979	     +218.971113	       -2.180393	       +0.000000	       -2.521984	    +6963.291882	       -0.324745	       -0.000000	      +92.209757	      +92.209757
              25	              99	      +24.374803	      +28.783817	     -125.137619	     +219.801529	       -2.189226	       +0.000000	       -2.550070	    +7484.652273	       -0.324717	       -0.000000	      +89.924613	      +89.924613

k-point 26:
              26	               0	      -65.505204	      -61.096190	     -633.777781	     +591.915737	      -39.349572	       -2.208900	       -4.221391	   +62004.122785	       +0.160500	       +0.000000	      -85.433007	      -85.433007
              26	               1	      -65.505204	      -61.096190	     -633.777781	     +591.915737	      -39.349572	       -2.208900	       -4.220611	   +61896.865022	       +0.160500	       +0.000000	      -85.432227	      -85.432227
              26	               2	      -42.186763	      -37.777749	     -603.693234	     +584.635752	      -33.239345	       -2.208900	       +2.765860	    -7440.221860	       +0.252739	       +0.000000	      -49.530967	      -49.530967
              26	               3	      -42.186763	      -37.777749	     -603.693234	     +584.635752	      -33.239345	       -2.208900	       +2.766983	   -12306.712459	       +0.252739	       +0.000000	      -49.529844	      -49.529844
              26	               4	      -39.675142	      -35.266128	     -597.974871	     +581.322404	      -32.577615	       -2.208900	       +2.687964	   +12199.109641	       +0.269417	       +0.000000	      -46.542118	      -46.542118
              26	               5	      -39.675142	      -35.266128	     -597.974867	     +581.322404	      -32.577615	       -2.208900	       +2.689754	   +12157.825237	       +0.269417	       +0.000000	      -46.540324	      -46.540324
              26	               6	      -39.538431	      -35.129418	     -599.270557	     +582.414154	      -32.579658	       -2.208900	       +2.682090	   +22583.158803	       +0.270388	       +0.000000	      -46.753971	      -46.753971
              26	               7	      -39.538431	      -35.129418	     -599.270561	     +582.414154	      -32.579658	       -2.208900	       +2.682955	   +18301.221271	       +0.270388	       +0.000000	      -46.753110	      -46.753110
              26	               8	      -18.072901	      -13.663888	     -388.723862	     +380.297283	      -21.714559	       -2.208900	       +5.810530	   +52659.886844	       +0.622978	       +0.000001	      -24.330608	      -24.330608
              26	               9	      -18.072901	      -13.663887	     -388.723861	     +380.297283	      -21.714559	       -2.208900	       +5.810556	   +52215.669217	       +0.622978	       +0.000001	      -24.330580	      -24.330580
              26	              10	      -17.618190	      -13.209176	     -372.423775	     +364.896020	      -21.686759	       -2.208900	       +5.828369	   -20730.749439	       +0.640676	       +0.000001	      -23.386145	      -23.386145
              26	              11	      -17.618190	      -13.209176	     -372.423775	     +364.896020	      -21.686759	       -2.208900	       +5.827981	   -20664.121670	       +0.640676	       +0.000001	      -23.386532	      -23.386532
              26	              12	      -10.544596	       -6.135582	     -419.382750	     +421.037774	      -17.666044	       -2.208900	       +3.694870	   -51636.269031	       +0.801586	       +0.000001	      -12.316149	      -11.841327
              26	              13	      -10.544596	       -6.135582	     -419.382749	     +421.037774	      -17.666044	       -2.208900	       +3.694825	   -51294.390852	       +0.801586	       +0.000001	      -12.316193	      -11.841322
              26	              14	       -9.558852	       -5.149838	     -379.423051	     +381.897634	      -17.204675	       -2.208900	       +3.207565	   +43720.978806	       +0.801601	       +0.000001	      -11.522527	      -10.996854
              26	              15	       -9.558852	       -5.149838	     -379.423053	     +381.897634	      -17.204675	       -2.208900	       +3.207497	   +43533.720827	       +0.801601	       +0.000001	      -11.522597	      -10.996873
              26	              16	       -9.179242	       -4.770228	     -372.771486	     +376.308749	      -17.036417	       -2.208900	       +3.091039	     +699.738550	       +0.801643	       +0.000001	      -10.408116	      -10.101545
              26	              17	       -9.179241	       -4.770228	     -372.771490	     +376.308749	      -17.036417	       -2.208900	       +3.091091	     +544.923863	       +0.801643	       +0.000001	      -10.408066	      -10.101501
              26	              18	       -8.134623	       -3.725609	     -442.233794	     +448.127845	      -18.014534	       -2.208900	       +2.373310	   +55338.513923	       +0.801644	       +0.000001	       -9.747173	       -9.402605
              26	              19	       -8.134623	       -3.725609	     -442.233793	     +448.127845	      -18.014534	       -2.208900	       +2.373287	   +53863.353212	       +0.801644	       +0.000001	       -9.747194	       -9.402506
              26	              20	       -7.026309	       -2.617295	     -314.876750	     +321.423664	      -16.429675	       -2.208900	       +2.535822	   +53809.047617	       +0.801564	       +0.000001	       -7.346940	       -7.263657
              26	              21	       -7.026309	       -2.617295	     -314.876754	     +321.423664	      -16.429675	       -2.208900	       +2.535803	   +53116.829952	       +0.801564	       +0.000001	       -7.346962	       -7.263675
              26	              22	       -6.612785	       -2.203771	     -420.518035	     +427.132209	      -17.110323	       -2.208900	       +1.965831	   +14317.004035	       +0.801637	       +0.000001	       -8.530318	       -8.063635
              26	              23	       -6.612784	       -2.203770	     -420.517887	     +427.132209	      -17.110323	       -2.208900	       +1.967230	   +20318.985130	       +0.801637	       +0.000001	       -8.528771	       -8.062422
              26	              24	       -6.332717	       -1.923703	     -452.415463	     +459.206831	      -16.650019	       -2.208900	       +0.973590	   -36277.558211	       +0.801494	       +0.000001	       -8.885061	       -8.345533
              26	              25	       -6.332716	       -1.923702	     -452.415301	     +459.206831	      -16.650019	       -2.208900	       +0.975303	   -28196.554932	       +0.801494	       +0.000001	       -8.883186	       -8.343905
              26	              26	       -3.126294	       +1.282720	     -471.305982	     +483.121042	      -12.508384	       +0.000000	       -3.344642	   +73101.970784	       -0.801639	       -0.000001	       -4.037966	       -3.817636
              26	              27	       -3.126293	       +1.282721	     -471.306117	     +483.121042	      -12.508384	       +0.000000	       -3.346085	   +53931.329634	       -0.801639	       -0.000001	       -4.039544	       -3.818721
              26	              28	       -2.998808	       +1.410206	     -440.911836	     +454.926002	      -11.751198	       +0.000000	       -4.040182	    -8453.299716	       -0.801516	       -0.000001	       -1.777214	       -2.029092
              26	              29	       -2.998807	       +1.410207	     -440.911961	     +454.926002	      -11.751198	       +0.000000	       -4.041397	   -24282.561578	       -0.801516	       -0.000001	       -1.778554	       -2.030272
              26	              30	       -1.891639	       +2.517375	     -423.381730	     +437.837433	      -10.708220	       +0.000000	       -3.992481	   -35687.463281	       -0.801382	       -0.000001	       -0.244998	       -0.651899
              26	              31	       -1.891639	       +2.517375	     -423.381737	     +437.837433	      -10.708220	       +0.000000	       -3.992508	   -39015.764213	       -0.801382	       -0.000001	       -0.245031	       -0.651930
              26	              32	       -1.279012	       +3.130002	     -408.920435	     +423.830497	      -11.226989	       +0.000000	       -4.158240	  -120187.929496	       -0.801580	       -0.000001	       -0.475166	       -0.628579
              26	              33	       -1.279011	       +3.130002	     -408.920440	     +423.830497	      -11.226989	       +0.000000	       -4.158272	  -120995.575977	       -0.801580	       -0.000001	       -0.475204	       -0.628616
              26	              34	       +2.651932	       +7.060946	     -333.205723	     +348.643459	       -6.146509	       +0.000000	       -5.206051	  +116305.373841	       -0.801475	       -0.000001	       +4.085176	       +3.458111
              26	              35	       +2.651932	       +7.060946	     -333.205723	     +348.643459	       -6.146509	       +0.000000	       -5.205889	  +115963.836285	       -0.801475	       -0.000001	       +4.085338	       +3.458365
              26	              36	       +2.909044	       +7.318058	     -306.441636	     +321.160957	       -5.579769	       +0.000000	       -4.521486	    +3475.259925	       -0.801620	       -0.000001	       +4.618066	       +4.282022
              26	              37	       +2.909044	       +7.318058	     -306.441635	     +321.160957	       -5.579769	       +0.000000	       -4.521843	    +3022.866052	       -0.801620	       -0.000001	       +4.617709	       +4.281167
              26	              38	       +3.282126	       +7.691139	     -317.279783	     +335.529807	       -6.188863	       +0.000000	       -5.230776	  -165196.205538	       -0.801631	       -0.000001	       +6.830385	      +30.337713
              26	              39	       +3.282126	       +7.691139	     -317.279782	     +335.529807	       -6.188863	       +0.000000	       -5.231601	  -164953.899921	       -0.801631	       -0.000001	       +6.829561	      +30.548994
              26	              40	       +5.167168	       +9.576182	     -197.517992	     +220.514955	       -4.690573	       +0.000000	       -4.702101	   +12708.222762	       -0.801502	       -0.000001	      +13.604289	      +11.303424
              26	              41	       +5.167168	       +9.576182	     -197.517990	     +220.514955	       -4.690573	       +0.000000	       -4.702204	   +12640.162338	       -0.801502	       -0.000001	      +13.604188	      +11.289540
              26	              42	       +5.582668	       +9.991682	     -276.984055	     +297.957867	       -5.844210	       +0.000000	       -3.091242	   -23235.528526	       -0.801359	       -0.000001	      +12.038361	       +8.394209
              26	              43	       +5.582668	       +9.991682	     -276.984051	     +297.957867	       -5.844210	       +0.000000	       -3.091735	   -23340.120386	       -0.801359	       -0.000001	      +12.037871	       +8.396377
              26	              44	       +7.149568	      +11.558582	     -356.575828	     +376.076453	       -6.069046	       +0.000000	       -5.304812	  -136633.446421	       -0.714340	       -0.000001	       +8.126768	       +8.126768
              26	              45	       +7.149568	      +11.558582	     -356.575809	     +376.076453	       -6.069046	       +0.000000	       -5.307303	  -137417.436838	       -0.714340	       -0.000001	       +8.124296	       +8.124296
              26	              46	       +7.620490	      +12.029504	     -163.886873	     +190.538977	       -3.824672	       +0.000000	       -3.966927	   -32477.634270	       -0.691651	       -0.000001	      +18.860505	      +18.860505
              26	              47	       +7.620490	      +12.029504	     -163.886872	     +190.538977	       -3.824672	       +0.000000	       -3.967124	   -32273.894561	       -0.691651	       -0.000001	      +18.860309	      +18.860309
              26	              48	       +7.714047	      +12.123060	     -293.822980	     +316.327337	       -4.865249	       +0.000000	       -4.225969	    +4114.336629	       -0.687314	       -0.000001	      +13.413139	      +13.413139
              26	              49	       +7.714047	      +12.123061	     -293.823013	     +316.327337	       -4.865249	       +0.000000	       -4.224580	    +4644.810442	       -0.687314	       -0.000001	      +13.414495	      +13.414495
              26	              50	       +9.159369	      +13.568383	     -304.334791	     +327.883279	       -4.957245	       +0.000000	       -4.703510	   +59047.465630	       -0.626614	       -0.000001	      +13.887733	      +13.887733
              26	              51	       +9.159369	      +13.568383	     -304.334790	     +327.883279	       -4.957245	       +0.000000	       -4.703100	   +58827.443681	       -0.626614	       -0.000001	      +13.888143	      +13.888143
              26	              52	       +9.701642	      +14.110656	     -195.385042	     +236.725144	       -3.730275	       +0.000000	       -3.560481	   +23491.046472	       -0.606517	       -0.000000	      +34.049345	      +34.049345
              26	              53	       +9.701642	      +14.110656	     -195.384902	     +236.725144	       -3.730275	       +0.000000	       -3.562022	   +22776.317847	       -0.606517	       -0.000000	      +34.047944	      +34.047944
              26	              54	      +10.083466	      +14.492480	     -329.259210	     +353.740908	       -5.351510	       +0.000000	       -4.853233	   -35113.175087	       -0.593123	       -0.000000	      +14.276955	      +14.276955
              26	              55	      +10.083467	      +14.492480	     -329.259107	     +353.740908	       -5.351510	       +0.000000	       -4.849500	   -35040.417769	       -0.593123	       -0.000000	      +14.280792	      +14.280792
              26	              56	      +10.160915	      +14.569929	     -270.706812	     +299.114515	       -4.687301	       +0.000000	       -4.722575	  -197157.652377	       -0.590478	       -0.000000	      +18.997826	      +18.997826
              26	              57	      +10.160915	      +14.569929	     -270.706846	     +299.114515	       -4.687301	       +0.000000	       -4.718002	  -195804.053735	       -0.590478	       -0.000000	      +19.002365	      +19.002365
              26	              58	      +12.372288	      +16.781302	     -307.658341	     +335.330033	       -5.545416	       +0.000000	       -4.994034	   -40863.071444	       -0.523784	       -0.000000	      +17.132242	      +17.132242
              26	              59	      +12.372288	      +16.781302	     -307.658339	     +335.330033	       -5.545416	       +0.000000	       -4.994158	   -40241.671767	       -0.523784	       -0.000000	      +17.132120	      +17.132120
              26	              60	      +13.551377	      +17.960391	      -96.883716	     +138.590946	       -2.050953	       +0.000000	       -2.856540	   -16461.548419	       -0.494031	       -0.000000	      +36.799736	      +36.799736
              26	              61	      +13.551377	      +17.960391	      -96.883716	     +138.590946	       -2.050953	       +0.000000	       -2.856040	   -16640.896289	       -0.494031	       -0.000000	      +36.800237	      +36.800237
              26	              62	      +13.877351	      +18.286365	      -73.920348	     +137.037198	       -2.049233	       +0.000000	       -3.031707	   -15038.606296	       -0.486393	       -0.000000	      +58.035910	      +58.035910
              26	              63	      +13.877351	      +18.286365	      -73.920341	     +137.037198	       -2.049233	       +0.000000	       -3.031418	   -15052.545723	       -0.486393	       -0.000000	      +58.036206	      +58.036206
              26	              64	      +14.834153	      +19.243167	      -48.447579	     +179.770444	       -2.620381	       +0.000000	       -2.158473	   +28582.756618	       -0.465278	       -0.000000	     +126.544011	     +126.544011
              26	              65	      +14.834153	      +19.243167	      -48.447568	     +179.770444	       -2.620381	       +0.000000	       -2.159245	   +29246.981866	       -0.465278	       -0.000000	     +126.543250	     +126.543250
              26	              66	      +15.592305	      +20.001318	      -99.485379	     +200.124613	       -2.826194	       +0.000000	       -2.982286	   +38457.011360	       -0.449805	       -0.000000	      +94.830753	      +94.830753
              26	              67	      +15.592305	      +20.001318	      -99.485372	     +200.124613	       -2.826194	       +0.000000	       -2.983038	   +38760.359494	       -0.449805	       -0.000000	      +94.830008	      +94.830008
              26	              68	      +16.262738	      +20.671751	     -269.571092	     +298.137914	       -3.271656	       +0.000000	       -3.778361	   -30604.141442	       -0.436956	       -0.000000	      +21.516805	      +21.516805
              26	              69	      +16.262738	      +20.671751	     -269.571100	     +298.137914	       -3.271656	       +0.000000	       -3.778696	   -29641.948289	       -0.436956	       -0.000000	      +21.516462	      +21.516462
              26	              70	      +17.047670	      +21.456684	     -239.517143	     +278.619402	       -3.205965	       +0.000000	       -3.071752	   -56959.364562	       -0.422815	       -0.000000	      +32.824541	      +32.824541
              26	              71	      +17.047670	      +21.456684	     -239.517131	     +278.619402	       -3.205965	       +0.000000	       -3.071323	   -57572.174188	       -0.422815	       -0.000000	      +32.824982	      +32.824982
              26	              72	      +17.205228	      +21.614241	      -19.550484	     +111.318127	       -1.839723	       +0.000000	       -2.492389	   -45710.389909	       -0.420086	       -0.000000	      +87.435531	      +87.435531
              26	              73	      +17.205228	      +21.614241	      -19.550479	     +111.318127	       -1.839723	       +0.000000	       -2.492737	   -45645.067036	       -0.420086	       -0.000000	      +87.435187	      +87.435187
              26	              74	      +17.670259	      +22.079272	     +149.560004	     +125.506209	       -1.600767	       +0.000000	       -1.598441	   +18592.209580	       -0.412233	       -0.000000	     +271.867004	     +271.867004
              26	              75	      +17.670259	      +22.079272	     +149.560002	     +125.506209	       -1.600767	       +0.000000	       -1.598191	   +18889.396740	       -0.412233	       -0.000000	     +271.867253	     +271.867253
              26	              76	      +19.471043	      +23.880057	     -170.270768	     +257.513328	       -2.889025	       +0.000000	       -3.139921	   +46133.973005	       -0.384406	       -0.000000	      +81.213615	      +81.213615
              26	              77	      +19.471043	      +23.880057	     -170.270802	     +257.513328	       -2.889025	       +0.000000	       -3.139698	   +46060.613608	       -0.384406	       -0.000000	      +81.213804	      +81.213804
              26	              78	      +19.564079	      +23.973092	     -243.647981	     +308.255426	       -2.924298	       +0.000000	       -3.406048	   -27153.786528	       -0.383070	       -0.000000	      +58.277098	      +58.277098
              26	              79	      +19.564079	      +23.973092	     -243.647974	     +308.255426	       -2.924298	       +0.000000	       -3.406152	   -27431.368685	       -0.383070	       -0.000000	      +58.277001	      +58.277001
              26	              80	      +19.767084	      +24.176098	      -89.369632	     +127.724658	       -1.997043	       +0.000000	       -2.818147	   +25850.348067	       -0.380187	       -0.000000	      +33.539836	      +33.539836
              26	              81	      +19.767084	      +24.176098	      -89.369630	     +127.724658	       -1.997043	       +0.000000	       -2.817809	   +25955.815941	       -0.380187	       -0.000000	      +33.540176	      +33.540176
              26	              82	      +20.779973	      +25.188986	      -82.585579	     +223.686984	       -2.439753	       +0.000000	       -2.624963	    +4639.082243	       -0.366427	       -0.000000	     +136.036688	     +136.036688
              26	              83	      +20.779973	      +25.188986	      -82.585561	     +223.686984	       -2.439753	       +0.000000	       -2.624677	    +4396.873178	       -0.366427	       -0.000000	     +136.036993	     +136.036993
              26	              84	      +21.104207	      +25.513220	     -208.461426	     +250.443418	       -2.922915	       +0.000000	       -3.242900	   -23070.248083	       -0.362230	       -0.000000	      +35.816177	      +35.816177
              26	              85	      +21.104208	      +25.513222	     -208.461745	     +250.443418	       -2.922915	       +0.000000	       -3.251269	   -29505.363929	       -0.362230	       -0.000000	      +35.807489	      +35.807489
              26	              86	      +21.222151	      +25.631165	     -227.964700	     +303.224474	       -2.928908	       +0.000000	       -3.206790	    -4653.035871	       -0.360728	       -0.000000	      +69.124076	      +69.124076
              26	              87	      +21.222153	      +25.631167	     -227.964946	     +303.224474	       -2.928908	       +0.000000	       -3.214165	   -10888.868638	       -0.360728	       -0.000000	      +69.116454	      +69.116454
              26	              88	      +22.748399	      +27.157413	     -148.646185	     +257.663310	       -2.609085	       +0.000000	       -2.643401	   +14768.852288	       -0.342348	       -0.000000	     +103.764639	     +103.764639
              26	              89	      +22.748399	      +27.157413	     -148.651301	     +257.663310	       -2.609085	       +0.000000	       -2.645229	   +15129.592352	       -0.342348	       -0.000000	     +103.757695	     +103.757695
              26	              90	      +22.758948	      +27.167962	      -25.775157	     +196.819020	       -2.078220	       +0.000000	       -1.950479	   -20259.228588	       -0.342227	       -0.000000	     +167.015164	     +167.015164
              26	              91	      +22.758948	      +27.167962	      -25.769801	     +196.819020	       -2.078220	       +0.000000	       -1.948032	   -20127.563140	       -0.342227	       -0.000000	     +167.022967	     +167.022967
              26	              92	      +22.917937	      +27.326950	     -230.639712	     +287.647124	       -3.118673	       +0.000000	       -3.239566	     -961.998035	       -0.340421	       -0.000000	      +50.649173	      +50.649173
              26	              93	      +22.917937	      +27.326950	     -230.638857	     +287.647124	       -3.118673	       +0.000000	       -3.238172	     +426.467933	       -0.340421	       -0.000000	      +50.651422	      +50.651422
              26	              94	      +22.949459	      +27.358472	      -32.339243	     +151.255698	       -1.669299	       +0.000000	       -2.239095	   -16688.153715	       -0.340065	       -0.000000	     +115.008061	     +115.008061
              26	              95	      +22.949459	      +27.358472	      -32.339769	     +151.255698	       -1.669299	       +0.000000	       -2.239656	   -16841.924331	       -0.340065	       -0.000000	     +115.006973	     +115.006973
              26	              96	      +24.063724	      +28.472738	     -144.176082	     +232.185798	       -2.623827	       +0.000000	       -1.596889	   -71697.750293	       -0.327947	       -0.000000	      +83.789000	      +83.789000
              26	              97	      +24.063725	      +28.472739	     -144.177061	     +232.185798	       -2.623827	       +0.000000	       -1.600719	   -72403.845428	       -0.327947	       -0.000000	      +83.784191	      +83.784191
              26	              98	      +24.084721	      +28.493734	      -72.606018	     +190.989584	       -2.112735	       +0.000000	       -2.059406	   +87894.032954	       -0.327727	       -0.000000	     +114.211426	     +114.211426
              26	              99	      +24.084721	      +28.493735	      -72.607019	     +190.989584	       -2.112735	       +0.000000	       -2.061774	   +87922.546484	       -0.327727	       -0.000000	     +114.208056	     +114.208056

k-point 27:
              27	               0	      -65.468366	      -61.059353	     -633.764260	     +591.487315	      -39.338470	       -2.208900	       -5.034048	   +11490.160837	       +0.160593	       +0.000000	      -86.649463	      -86.649463
              27	               1	      -65.468363	      -61.059350	     -633.764284	     +591.487315	      -39.338470	       -2.208900	       -4.837716	   +11242.560214	       +0.160593	       +0.000000	      -86.453155	      -86.453155
              27	               2	      -42.219225	      -37.810211	     -603.725834	     +585.118199	      -33.224832	       -2.208900	       +2.376579	  -113341.222005	       +0.252537	       +0.000000	      -49.455888	      -49.455888
              27	               3	      -42.204416	      -37.795402	     -603.795233	     +584.789605	      -33.260201	       -2.208900	       +2.239040	   +95430.739345	       +0.252630	       +0.000000	      -50.026789	      -50.026789
              27	               4	      -39.715679	      -35.306665	     -600.320417	     +584.118499	      -32.557251	       -2.208900	       +3.188004	   -93164.404113	       +0.269130	       +0.000000	      -45.571165	      -45.571165
              27	               5	      -39.696202	      -35.287188	     -599.283279	     +582.617977	      -32.594414	       -2.208900	       +2.625892	   +92635.858521	       +0.269268	       +0.000000	      -46.633824	      -46.633824
              27	               6	      -39.570623	      -35.161609	     -596.446010	     +580.035080	      -32.581753	       -2.208900	       +1.162762	   +40257.548694	       +0.270158	       +0.000000	      -47.829921	      -47.829921
              27	               7	      -39.568905	      -35.159891	     -597.619684	     +581.135150	      -32.583784	       -2.208900	       +1.686073	   +47294.688641	       +0.270171	       +0.000000	      -47.382246	      -47.382246
              27	               8	      -17.545459	      -13.136446	     -390.672812	     +382.274148	      -21.765159	       -2.208900	       +5.797419	   +10884.693521	       +0.643600	       +0.000001	      -24.366405	      -24.366405
              27	               9	      -17.506053	      -13.097039	     -390.004214	     +381.604738	      -21.775365	       -2.208900	       +5.794194	    +9793.622021	       +0.645196	       +0.000001	      -24.380647	      -24.380647
              27	              10	      -17.368634	      -12.959620	     -378.869689	     +373.128690	      -21.741879	       -2.208900	       +5.951544	    +2713.348956	       +0.650823	       +0.000001	      -21.531333	      -21.531333
              27	              11	      -17.365576	      -12.956562	     -378.802488	     +373.037408	      -21.740314	       -2.208900	       +5.946739	    +1911.703490	       +0.650949	       +0.000001	      -21.558656	      -21.558656
              27	              12	      -10.630582	       -6.221569	     -399.456133	     +399.646939	      -17.284412	       -2.208900	       +3.792592	    +8716.278343	       +0.801643	       +0.000001	      -13.301013	      -12.576600
              27	              13	      -10.619141	       -6.210128	     -399.119030	     +399.303137	      -17.295069	       -2.208900	       +3.792591	    +9098.598621	       +0.801640	       +0.000001	      -13.318372	      -12.583583
              27	              14	      -10.254313	       -5.845300	     -401.624873	     +402.275303	      -17.554692	       -2.208900	       +3.498331	   +50933.321090	       +0.801597	       +0.000001	      -13.405930	      -12.585070
              27	              15	      -10.244392	       -5.835378	     -402.397491	     +403.043106	      -17.556556	       -2.208900	       +3.479107	   +47826.516097	       +0.801606	       +0.000001	      -13.431834	      -12.601837
              27	              16	       -9.147470	       -4.738456	     -379.299696	     +383.019414	      -17.499932	       -2.208900	       +3.156516	   +25630.692848	       +0.801646	       +0.000001	      -10.623698	      -10.236832
              27	              17	       -9.142133	       -4.733120	     -381.741980	     +385.569886	      -17.546016	       -2.208900	       +3.152344	   +22842.663937	       +0.801645	       +0.000001	      -10.565766	      -10.195876
              27	              18	       -8.577071	       -4.168057	     -384.051552	     +388.134439	      -17.385024	       -2.208900	       +2.868693	   +17079.814887	       +0.801616	       +0.000001	      -10.433444	       -9.987356
              27	              19	       -8.560055	       -4.151041	     -383.940897	     +387.971052	      -17.389013	       -2.208900	       +2.854619	   +17948.507264	       +0.801602	       +0.000001	      -10.504239	      -10.043123
              27	              20	       -7.703408	       -3.294394	     -380.050042	     +383.395248	      -16.268866	       -2.208900	       +2.320123	   +11619.448287	       +0.801634	       +0.000001	      -10.603537	       -9.846766
              27	              21	       -7.638031	       -3.229017	     -379.764875	     +383.165328	      -16.281373	       -2.208900	       +2.295219	    +7700.906075	       +0.801645	       +0.000001	      -10.585701	       -9.840490
              27	              22	       -7.117232	       -2.708218	     -327.172551	     +332.038607	      -16.896401	       -2.208900	       +2.554495	    +3113.845527	       +0.801639	       +0.000001	       -9.475849	       -8.878722
              27	              23	       -7.105351	       -2.696337	     -327.962532	     +332.795940	      -16.871581	       -2.208900	       +2.541321	     -810.099213	       +0.801634	       +0.000001	       -9.496852	       -8.890908
              27	              24	       -5.867653	       -1.458639	     -472.027498	     +482.522451	      -16.915682	       -2.208900	       +0.865925	  -183159.795389	       +0.801430	       +0.000001	       -5.554804	       -5.627865
              27	              25	       -5.764840	       -1.355826	     -470.508923	     +480.923963	      -16.756757	       -2.208900	       +0.758127	  -163190.051424	       +0.801587	       +0.000001	       -5.583589	       -5.625632
              27	              26	       -3.108348	       +1.300666	     -474.674356	     +487.568845	      -12.678779	       +0.000000	       -4.016807	   +79617.321758	       -0.801631	       -0.000001	       -3.801097	       -3.705822
              27	              27	       -3.088699	       +1.320315	     -468.609966	     +481.519696	      -12.559874	       +0.000000	       -3.889140	   +85889.901693	       -0.801618	       -0.000001	       -3.539283	       -3.471917
              27	              28	       -2.527624	       +1.881389	     -506.411239	     +521.206051	      -12.809899	       +0.000000	       -4.123099	   +77474.866160	       -0.801557	       -0.000001	       -2.138186	       -2.197856
              27	              29	       -2.424766	       +1.984248	     -501.384978	     +516.160921	      -12.563711	       +0.000000	       -4.104049	   +84260.497587	       -0.801376	       -0.000001	       -1.891816	       -1.978835
              27	              30	       -2.018797	       +2.390217	     -407.038735	     +424.009448	      -10.763622	       +0.000000	       -3.934522	   -85621.274955	       -0.801545	       -0.000001	       +2.272569	       +1.221701
              27	              31	       -2.014002	       +2.395012	     -409.224603	     +426.239106	      -10.787581	       +0.000000	       -3.938228	   -94812.906012	       -0.801538	       -0.000001	       +2.288694	       +1.223421
              27	              32	       -0.900251	       +3.508763	     -428.873079	     +446.791351	      -10.840099	       +0.000000	       -4.341575	    -8212.497149	       -0.801362	       -0.000001	       +2.736598	       +2.827996
              27	              33	       -0.871188	       +3.537826	     -430.937372	     +448.869553	      -10.832253	       +0.000000	       -4.367743	   -14238.353962	       -0.801428	       -0.000001	       +2.732186	       +2.788649
              27	              34	       +1.945954	       +6.354968	     -332.578025	     +347.679973	       -6.608732	       +0.000000	       -4.541421	   +30571.136334	       -0.801588	       -0.000001	       +3.951795	       +3.426879
              27	              35	       +1.983571	       +6.392585	     -329.169417	     +344.399759	       -6.546196	       +0.000000	       -4.534754	   +38751.148571	       -0.801542	       -0.000001	       +4.149392	       +3.582529
              27	              36	       +3.821254	       +8.230268	     -318.762032	     +335.330620	       -5.710911	       +0.000000	       -4.660699	   +15612.789943	       -0.801645	       -0.000001	       +6.196978	       +5.836431
              27	              37	       +3.848376	       +8.257390	     -311.310483	     +327.612509	       -5.663309	       +0.000000	       -4.626510	    +1502.359930	       -0.801645	       -0.000001	       +6.012208	       +5.659015
              27	              38	       +3.878470	       +8.287483	     -313.564152	     +330.003981	       -5.688024	       +0.000000	       -4.619846	    +7083.744767	       -0.801637	       -0.000001	       +6.131959	       +5.697047
              27	              39	       +3.888886	       +8.297899	     -319.971059	     +336.688473	       -5.709998	       +0.000000	       -4.640360	   +17558.798007	       -0.801632	       -0.000001	       +6.367055	       +5.943456
              27	              40	       +4.941519	       +9.350532	     -299.344250	     +319.307399	       -5.496677	       +0.000000	       -4.106268	   -45088.670786	       -0.801592	       -0.000001	      +10.360203	       +9.081823
              27	              41	       +4.945467	       +9.354481	     -304.429955	     +324.295755	       -5.577791	       +0.000000	       -4.129704	   -49813.256886	       -0.801588	       -0.000001	      +10.158304	       +8.877051
              27	              42	       +5.062526	       +9.471540	     -246.677477	     +265.780070	       -5.118856	       +0.000000	       -4.433026	   -80870.581789	       -0.801403	       -0.000001	       +9.550711	       +7.606877
              27	              43	       +5.065571	       +9.474585	     -247.010708	     +266.126469	       -5.122409	       +0.000000	       -4.397674	   -75822.102828	       -0.801397	       -0.000001	       +9.595679	       +7.573176
              27	              44	       +5.970863	      +10.379877	     -308.755694	     +328.060552	       -6.020123	       +0.000000	       -4.225907	   +18810.040879	       -0.778238	       -0.000001	       +9.058828	       +8.517982
              27	              45	       +5.985592	      +10.394606	     -307.589115	     +326.906570	       -6.012074	       +0.000000	       -4.189386	   +22354.949700	       -0.777369	       -0.000001	       +9.115995	       +8.598798
              27	              46	       +7.712110	      +12.121124	     -209.815691	     +231.125696	       -4.143324	       +0.000000	       -4.539111	    -8171.101739	       -0.687403	       -0.000001	      +12.627570	      +12.627570
              27	              47	       +7.716256	      +12.125270	     -209.554829	     +230.915265	       -4.137207	       +0.000000	       -4.532563	   -12679.418999	       -0.687212	       -0.000001	      +12.690666	      +12.690666
              27	              48	       +8.225864	      +12.634878	     -288.150470	     +311.654131	       -5.095534	       +0.000000	       -4.264162	    +4702.058066	       -0.664519	       -0.000001	      +14.143964	      +14.143964
              27	              49	       +8.236310	      +12.645323	     -288.109069	     +311.683490	       -5.096319	       +0.000000	       -4.261227	    +2819.971302	       -0.664069	       -0.000001	      +14.216876	      +14.216876
              27	              50	       +9.059452	      +13.468466	     -228.975719	     +252.477572	       -4.347815	       +0.000000	       -4.465523	   +33137.670738	       -0.630463	       -0.000001	      +14.688515	      +14.688515
              27	              51	       +9.065223	      +13.474236	     -230.373331	     +253.878844	       -4.357776	       +0.000000	       -4.470034	   +35037.280711	       -0.630239	       -0.000001	      +14.677702	      +14.677702
              27	              52	       +9.639267	      +14.048281	     -233.591784	     +258.495751	       -4.733155	       +0.000000	       -4.555499	   -99035.236764	       -0.608763	       -0.000000	      +15.615314	      +15.615314
              27	              53	       +9.642214	      +14.051227	     -232.696712	     +257.509979	       -4.722605	       +0.000000	       -4.538161	  -104107.769993	       -0.608656	       -0.000000	      +15.552501	      +15.552501
              27	              54	      +10.407411	      +14.816424	     -194.148990	     +232.344224	       -3.738736	       +0.000000	       -3.531955	   -26907.277746	       -0.582214	       -0.000000	      +30.924543	      +30.924543
              27	              55	      +10.439780	      +14.848794	     -198.143011	     +236.084311	       -3.774019	       +0.000000	       -3.529192	   -28624.280995	       -0.581146	       -0.000000	      +30.638089	      +30.638089
              27	              56	      +11.974972	      +16.383986	     -168.261597	     +205.755372	       -3.277368	       +0.000000	       -3.537064	   -36081.286447	       -0.534633	       -0.000000	      +30.679343	      +30.679343
              27	              57	      +11.982248	      +16.391262	     -173.149022	     +210.307860	       -3.333134	       +0.000000	       -3.544732	   -44620.942222	       -0.534430	       -0.000000	      +30.280973	      +30.280973
              27	              58	      +13.134247	      +17.543260	     -123.459982	     +170.304664	       -2.928863	       +0.000000	       -3.366438	   -47603.621439	       -0.504163	       -0.000000	      +40.549381	      +40.549381
              27	              59	      +13.137584	      +17.546597	     -126.053856	     +172.517741	       -2.937334	       +0.000000	       -3.366280	   -49775.472113	       -0.504080	       -0.000000	      +40.160271	      +40.160271
              27	              60	      +13.174717	      +17.583730	     -211.895467	     +247.536466	       -3.296756	       +0.000000	       -3.739147	   -83108.150287	       -0.503161	       -0.000000	      +28.605097	      +28.605097
              27	              61	      +13.179384	      +17.588398	     -218.597269	     +253.354402	       -3.317939	       +0.000000	       -3.772235	   -84034.048671	       -0.503046	       -0.000000	      +27.666959	      +27.666959
              27	              62	      +14.314040	      +18.723054	     -162.366487	     +212.579302	       -3.421427	       +0.000000	       -3.578363	   +57307.170382	       -0.476523	       -0.000000	      +43.213024	      +43.213024
              27	              63	      +14.317396	      +18.726410	     -162.060759	     +212.365775	       -3.420166	       +0.000000	       -3.567800	   +57614.213005	       -0.476449	       -0.000000	      +43.317050	      +43.317050
              27	              64	      +14.782152	      +19.191166	     -180.779313	     +227.704828	       -3.194825	       +0.000000	       -3.522004	    +2150.583948	       -0.466378	       -0.000000	      +40.208685	      +40.208685
              27	              65	      +14.823562	      +19.232576	     -178.948366	     +225.991923	       -3.166096	       +0.000000	       -3.506184	    -1217.744034	       -0.465502	       -0.000000	      +40.371277	      +40.371277
              27	              66	      +15.868758	      +20.277771	     -188.687182	     +272.132785	       -3.456969	       +0.000000	       -3.390235	   -27147.969444	       -0.444416	       -0.000000	      +76.598400	      +76.598400
              27	              67	      +15.902556	      +20.311570	     -191.821928	     +274.924637	       -3.486178	       +0.000000	       -3.395729	   -26210.453756	       -0.443766	       -0.000000	      +76.220802	      +76.220802
              27	              68	      +16.231175	      +20.640189	     -177.155603	     +224.262752	       -3.005450	       +0.000000	       -3.520319	   -28603.843663	       -0.437544	       -0.000000	      +40.581379	      +40.581379
              27	              69	      +16.237870	      +20.646883	     -175.160544	     +222.356204	       -2.992256	       +0.000000	       -3.504413	   -28466.435362	       -0.437419	       -0.000000	      +40.698991	      +40.698991
              27	              70	      +16.957433	      +21.366447	     -180.554554	     +229.805312	       -3.319539	       +0.000000	       -3.669811	   +81735.700801	       -0.424394	       -0.000000	      +42.261408	      +42.261408
              27	              71	      +16.962788	      +21.371802	     -183.861492	     +232.901336	       -3.347617	       +0.000000	       -3.675986	   +82035.251782	       -0.424299	       -0.000000	      +42.016240	      +42.016240
              27	              72	      +17.403832	      +21.812845	     -180.422601	     +247.370913	       -3.174813	       +0.000000	       -3.043554	   -39301.206633	       -0.416696	       -0.000000	      +60.729945	      +60.729945
              27	              73	      +17.455879	      +21.864893	     -179.001503	     +248.058352	       -3.155273	       +0.000000	       -3.093462	   -35452.677840	       -0.415816	       -0.000000	      +62.808115	      +62.808115
              27	              74	      +17.926378	      +22.335392	      -96.515088	     +234.695984	       -2.502950	       +0.000000	       -2.424170	   -40820.259493	       -0.408032	       -0.000000	     +133.253776	     +133.253776
              27	              75	      +17.928274	      +22.337288	      -92.302772	     +232.780905	       -2.480117	       +0.000000	       -2.424775	   -38443.264552	       -0.408001	       -0.000000	     +135.573241	     +135.573241
              27	              76	      +18.305840	      +22.714854	      -59.589685	     +156.964978	       -1.926168	       +0.000000	       -2.652272	   -42113.659498	       -0.401963	       -0.000000	      +92.796854	      +92.796854
              27	              77	      +18.308607	      +22.717620	      -58.904923	     +156.555610	       -1.923573	       +0.000000	       -2.653019	   -41675.539552	       -0.401919	       -0.000000	      +93.074094	      +93.074094
              27	              78	      +19.025693	      +23.434707	      -78.409017	     +221.675226	       -2.576856	       +0.000000	       -2.914685	    -3099.178923	       -0.390932	       -0.000000	     +137.774668	     +137.774668
              27	              79	      +19.025789	      +23.434802	      -76.233697	     +220.475846	       -2.563491	       +0.000000	       -2.903374	    -1647.222307	       -0.390931	       -0.000000	     +138.775283	     +138.775283
              27	              80	      +19.939287	      +24.348301	      -69.121385	     +228.501717	       -2.434497	       +0.000000	       -1.857946	   +82743.896319	       -0.377775	       -0.000000	     +155.087888	     +155.087888
              27	              81	      +19.940015	      +24.349029	      -68.336977	     +227.970554	       -2.431673	       +0.000000	       -1.845540	   +87959.979519	       -0.377765	       -0.000000	     +155.356364	     +155.356364
              27	              82	      +19.999147	      +24.408161	     -120.860168	     +239.117458	       -2.473982	       +0.000000	       -2.554605	   +43889.894091	       -0.376944	       -0.000000	     +113.228704	     +113.228704
              27	              83	      +20.005207	      +24.414221	     -119.696919	     +238.520468	       -2.469665	       +0.000000	       -2.544257	   +41645.091241	       -0.376860	       -0.000000	     +113.809626	     +113.809626
              27	              84	      +21.135561	      +25.544575	      +27.153212	     +190.263119	       -1.761150	       +0.000000	       -2.223805	    -4830.384806	       -0.361830	       -0.000000	     +213.431376	     +213.431376
              27	              85	      +21.153869	      +25.562883	      +28.694618	     +189.457284	       -1.758750	       +0.000000	       -2.214967	    -5210.345666	       -0.361596	       -0.000000	     +214.178185	     +214.178185
              27	              86	      +21.528341	      +25.937354	     -182.330622	     +268.226176	       -2.765537	       +0.000000	       -3.072453	   -16985.291162	       -0.356884	       -0.000000	      +80.057564	      +80.057564
              27	              87	      +21.532865	      +25.941878	     -183.939694	     +269.062488	       -2.770591	       +0.000000	       -3.077326	   -16433.522635	       -0.356828	       -0.000000	      +79.274878	      +79.274878
              27	              88	      +22.096326	      +26.505340	     -181.988726	     +268.471552	       -2.911746	       +0.000000	       -2.695483	   +58927.838202	       -0.349966	       -0.000000	      +80.875596	      +80.875596
              27	              89	      +22.098251	      +26.507265	     -180.879248	     +267.715204	       -2.905751	       +0.000000	       -2.690842	   +62422.777570	       -0.349943	       -0.000000	      +81.239363	      +81.239363
              27	              90	      +22.640344	      +27.049358	      -49.758952	     +198.857380	       -2.098287	       +0.000000	       -2.354306	   +43589.452890	       -0.343587	       -0.000000	     +144.645834	     +144.645834
              27	              91	      +22.645731	      +27.054744	      -48.347411	     +198.095349	       -2.088730	       +0.000000	       -2.353030	   +42956.911905	       -0.343525	       -0.000000	     +145.306177	     +145.306177
              27	              92	      +22.798633	      +27.207647	      -33.568222	     +227.555769	       -2.163900	       +0.000000	       -2.091110	   +63566.941259	       -0.341775	       -0.000000	     +189.732536	     +189.732536
              27	              93	      +22.799410	      +27.208424	      -37.483210	     +228.713773	       -2.183093	       +0.000000	       -2.092009	   +62432.532917	       -0.341766	       -0.000000	     +186.955461	     +186.955461
              27	              94	      +23.679960	      +28.088974	     -111.033114	     +215.028341	       -2.361029	       +0.000000	       -2.254247	   -33847.678883	       -0.332022	       -0.000000	      +99.379951	      +99.379951
              27	              95	      +23.683921	      +28.092935	     -108.970257	     +213.403407	       -2.349705	       +0.000000	       -2.263078	   -35827.839384	       -0.331980	       -0.000000	      +99.820366	      +99.820366
              27	              96	      +23.952070	      +28.361083	     -195.018940	     +278.216316	       -2.799316	       +0.000000	       -2.884515	   +27193.585729	       -0.329123	       -0.000000	      +77.513546	      +77.513546
              27	              97	      +23.979217	      +28.388231	     -194.945671	     +277.455744	       -2.799788	       +0.000000	       -2.898158	   +25634.124210	       -0.328836	       -0.000000	      +76.812127	      +76.812127
              27	              98	      +24.160328	      +28.569341	      -93.169844	     +237.388240	       -2.247822	       +0.000000	       -2.112884	   -14980.525268	       -0.326937	       -0.000000	     +139.857689	     +139.857689
              27	              99	      +24.160695	      +28.569709	      -93.045304	     +237.709695	       -2.250253	       +0.000000	       -2.094458	   -14760.774502	       -0.326933	       -0.000000	     +140.319681	     +140.319681

k-point 28:
              28	               0	      -65.401753	      -60.992739	     -633.648116	     +590.275929	      -39.333206	       -2.208900	       -7.815307	   +17548.748935	       +0.160760	       +0.000000	      -90.520700	      -90.520700
              28	               1	      -65.401749	      -60.992735	     -633.648156	     +590.275929	      -39.333206	       -2.208900	       -7.412445	   +16633.773096	       +0.160760	       +0.000000	      -90.117877	      -90.117877
              28	               2	      -42.229735	      -37.820721	     -603.717109	     +585.472543	      -33.214971	       -2.208900	       +0.424334	  -195654.856466	       +0.252472	       +0.000000	      -51.035204	      -51.035204
              28	               3	      -42.207313	      -37.798299	     -603.824597	     +584.720069	      -33.268360	       -2.208900	       +0.234590	  +206405.463013	       +0.252612	       +0.000000	      -52.138298	      -52.138298
              28	               4	      -39.712518	      -35.303504	     -602.535351	     +587.215368	      -32.523940	       -2.208900	       +4.406906	  -279305.779365	       +0.269152	       +0.000000	      -43.437017	      -43.437017
              28	               5	      -39.665405	      -35.256391	     -602.958367	     +585.988861	      -32.609876	       -2.208900	       +4.372841	  +262814.804455	       +0.269485	       +0.000000	      -45.206541	      -45.206541
              28	               6	      -39.615870	      -35.206856	     -593.750843	     +577.582509	      -32.572582	       -2.208900	       -4.249810	    +2711.932859	       +0.269837	       +0.000000	      -52.990726	      -52.990726
              28	               7	      -39.600708	      -35.191694	     -593.967106	     +577.280967	      -32.599624	       -2.208900	       -4.332348	  +170257.587830	       +0.269944	       +0.000000	      -53.618111	      -53.618111
              28	               8	      -17.264211	      -12.855197	     -392.309694	     +383.339832	      -21.803340	       -2.208900	       +5.828605	   +20538.826539	       +0.655165	       +0.000001	      -24.944596	      -24.944596
              28	               9	      -17.213289	      -12.804275	     -381.692703	     +377.380906	      -21.781457	       -2.208900	       +6.004102	   +42484.541549	       +0.657303	       +0.000001	      -20.089153	      -20.089153
              28	              10	      -17.209746	      -12.800732	     -381.521853	     +377.189698	      -21.777958	       -2.208900	       +6.014513	   +42256.874646	       +0.657453	       +0.000001	      -20.095600	      -20.095600
              28	              11	      -17.200956	      -12.791942	     -391.207318	     +382.210092	      -21.822495	       -2.208900	       +5.831501	   +18189.083384	       +0.657823	       +0.000001	      -24.988219	      -24.988219
              28	              12	      -10.766231	       -6.357217	     -418.764713	     +417.985336	      -17.879627	       -2.208900	       +3.600697	   -19347.668652	       +0.801585	       +0.000001	      -15.058307	      -14.020630
              28	              13	      -10.757805	       -6.348792	     -420.097563	     +419.282429	      -17.893210	       -2.208900	       +3.576861	   -25703.266289	       +0.801594	       +0.000001	      -15.131484	      -14.074615
              28	              14	       -9.906112	       -5.497098	     -379.755444	     +378.861917	      -17.373697	       -2.208900	       +3.706085	   +69740.838153	       +0.801347	       +0.000001	      -14.561139	      -13.223611
              28	              15	       -9.870739	       -5.461726	     -379.990962	     +379.108598	      -17.350101	       -2.208900	       +3.683890	   +65964.900842	       +0.801424	       +0.000001	      -14.548575	      -13.207420
              28	              16	       -9.445776	       -5.036763	     -393.967626	     +395.219640	      -16.033068	       -2.208900	       +2.908877	   -73384.316938	       +0.801426	       +0.000001	      -11.872176	      -11.259840
              28	              17	       -9.385695	       -4.976681	     -392.139234	     +393.392977	      -16.093579	       -2.208900	       +2.907690	   -78961.379096	       +0.801392	       +0.000001	      -11.932146	      -11.289284
              28	              18	       -8.878070	       -4.469056	     -366.047940	     +372.107029	      -17.673213	       -2.208900	       +3.167518	    -3347.728239	       +0.801408	       +0.000001	       -8.446606	       -8.552923
              28	              19	       -8.854908	       -4.445894	     -369.281550	     +375.599581	      -17.745364	       -2.208900	       +3.156621	   -11038.229758	       +0.801454	       +0.000001	       -8.270712	       -8.414717
              28	              20	       -8.284119	       -3.875105	     -343.502271	     +347.010883	      -16.292216	       -2.208900	       +3.011794	   -21917.411551	       +0.801565	       +0.000001	       -9.771811	       -9.420603
              28	              21	       -8.234566	       -3.825552	     -343.343210	     +346.839825	      -16.235239	       -2.208900	       +2.981691	   -29567.863315	       +0.801615	       +0.000001	       -9.756933	       -9.400801
              28	              22	       -7.583150	       -3.174137	     -338.291092	     +339.994646	      -17.710483	       -2.208900	       +2.687929	   +30782.555779	       +0.801621	       +0.000001	      -13.318999	      -11.894612
              28	              23	       -7.561274	       -3.152260	     -337.388883	     +339.223604	      -17.665742	       -2.208900	       +2.675550	   +29125.980663	       +0.801603	       +0.000001	      -13.155470	      -11.780515
              28	              24	       -5.409091	       -1.000077	     -494.303446	     +507.891384	      -16.951238	       -2.208900	       +0.706766	  -133973.512768	       +0.801340	       +0.000001	       -2.656534	       -3.318522
              28	              25	       -5.275093	       -0.866079	     -492.037644	     +505.456589	      -16.672623	       -2.208900	       +0.568272	  -101115.397292	       +0.801575	       +0.000001	       -2.685405	       -3.306277
              28	              26	       -3.542935	       +0.866079	     -513.536133	     +524.386575	      -13.311095	       +0.000000	       -4.484161	  +337221.275139	       -0.801575	       -0.000001	       -6.944814	       -6.527724
              28	              27	       -3.539281	       +0.869733	     -513.036505	     +523.931957	      -13.240669	       +0.000000	       -4.533960	  +340026.324698	       -0.801571	       -0.000001	       -6.879176	       -6.489737
              28	              28	       -2.366516	       +2.042498	     -390.393342	     +409.815188	      -10.422819	       +0.000000	       -3.801955	   +46485.650126	       -0.801438	       -0.000001	       +5.197071	       +3.295379
              28	              29	       -2.336867	       +2.072147	     -390.940125	     +410.327035	      -10.429517	       +0.000000	       -3.802463	   +34033.234426	       -0.801495	       -0.000001	       +5.154929	       +3.232585
              28	              30	       -1.816692	       +2.592322	     -463.090785	     +477.075952	      -12.189627	       +0.000000	       -3.923914	  +122112.792097	       -0.801529	       -0.000001	       -2.128374	       -2.047715
              28	              31	       -1.687885	       +2.721129	     -465.255253	     +479.282209	      -12.060034	       +0.000000	       -4.030805	  +128668.656241	       -0.801643	       -0.000001	       -2.063884	       -1.967394
              28	              32	       -0.441932	       +3.967081	     -464.587753	     +487.464110	      -11.574756	       +0.000000	       -4.472044	   +25188.276925	       -0.801413	       -0.000001	       +6.829556	       +7.227390
              28	              33	       -0.365453	       +4.043561	     -465.195809	     +488.027976	      -11.525865	       +0.000000	       -4.467568	   +19056.172001	       -0.801440	       -0.000001	       +6.838733	       +7.361271
              28	              34	       +2.027517	       +6.436531	     -362.047237	     +377.240711	       -6.965724	       +0.000000	       -4.415771	   +15378.363682	       -0.801472	       -0.000001	       +3.811980	       +3.406160
              28	              35	       +2.166009	       +6.575023	     -359.614408	     +375.142054	       -6.918043	       +0.000000	       -4.404070	   +12187.576103	       -0.801500	       -0.000001	       +4.205533	       +3.748639
              28	              36	       +2.546329	       +6.955343	     -286.826222	     +304.694325	       -5.496584	       +0.000000	       -4.462165	   +31975.249119	       -0.801436	       -0.000001	       +7.909354	       +6.406550
              28	              37	       +2.549616	       +6.958630	     -286.272469	     +304.127267	       -5.486838	       +0.000000	       -4.462514	   +35241.887803	       -0.801430	       -0.000001	       +7.905446	       +6.377996
              28	              38	       +4.795571	       +9.204584	     -218.872450	     +236.141405	       -4.230497	       +0.000000	       -3.628908	  -106886.198407	       -0.801638	       -0.000001	       +9.409550	       +8.300151
              28	              39	       +4.805630	       +9.214644	     -218.844367	     +236.139842	       -4.229263	       +0.000000	       -3.644702	  -108010.989150	       -0.801641	       -0.000001	       +9.421510	       +8.244177
              28	              40	       +5.763805	      +10.172818	     -331.931398	     +350.990585	       -6.169386	       +0.000000	       -5.176393	    -1004.503360	       -0.790662	       -0.000001	       +7.713407	       +7.619184
              28	              41	       +5.819486	      +10.228500	     -330.281250	     +349.401109	       -6.173583	       +0.000000	       -5.090548	     +906.603759	       -0.787283	       -0.000001	       +7.855728	       +7.836957
              28	              42	       +6.369919	      +10.778933	     -358.839438	     +374.131992	       -5.727418	       +0.000000	       -4.996556	   +47560.388512	       -0.755363	       -0.000001	       +4.568580	       +4.568580
              28	              43	       +6.388270	      +10.797283	     -359.583564	     +374.704450	       -5.738521	       +0.000000	       -4.986241	   +49201.803778	       -0.754343	       -0.000001	       +4.396124	       +4.396124
              28	              44	       +7.152657	      +11.561671	     -196.018631	     +218.621113	       -4.467086	       +0.000000	       -4.882049	   -53933.733740	       -0.714186	       -0.000001	      +13.253347	      +13.253347
              28	              45	       +7.168996	      +11.578010	     -196.344002	     +218.859274	       -4.461880	       +0.000000	       -4.850068	   -54271.053217	       -0.713374	       -0.000001	      +13.203324	      +13.203324
              28	              46	       +7.275098	      +11.684111	     -297.490131	     +320.509878	       -5.465847	       +0.000000	       -4.911317	  -102896.407614	       -0.708147	       -0.000001	      +12.642583	      +12.642583
              28	              47	       +7.335306	      +11.744320	     -296.135234	     +319.302954	       -5.448620	       +0.000000	       -4.888864	  -102110.607966	       -0.705215	       -0.000001	      +12.830236	      +12.830236
              28	              48	       +7.705667	      +12.114681	     -309.935312	     +337.196528	       -5.384386	       +0.000000	       -2.535382	  +189344.047038	       -0.687700	       -0.000001	      +19.341449	      +19.341449
              28	              49	       +7.735533	      +12.144547	     -310.320157	     +337.550417	       -5.394173	       +0.000000	       -2.468056	  +178645.364235	       -0.686326	       -0.000001	      +19.368031	      +19.368031
              28	              50	       +7.753142	      +12.162156	     -323.356940	     +343.553605	       -5.687385	       +0.000000	       -5.417268	   -86197.960321	       -0.685518	       -0.000001	       +9.092011	       +9.092011
              28	              51	       +7.772107	      +12.181121	     -323.365249	     +343.564853	       -5.680731	       +0.000000	       -5.428603	   -80868.545672	       -0.684650	       -0.000001	       +9.090271	       +9.090271
              28	              52	       +9.011498	      +13.420512	     -165.072134	     +185.708509	       -3.764978	       +0.000000	       -4.252370	   -16912.434278	       -0.632327	       -0.000001	      +12.619027	      +12.619027
              28	              53	       +9.011504	      +13.420518	     -165.095770	     +185.708509	       -3.764978	       +0.000000	       -4.250136	   -16855.827782	       -0.632327	       -0.000001	      +12.597625	      +12.597625
              28	              54	      +10.574251	      +14.983265	     -210.282386	     +239.134614	       -3.141176	       +0.000000	       -4.066770	   -46191.146187	       -0.576751	       -0.000000	      +21.644282	      +21.644282
              28	              55	      +10.635186	      +15.044200	     -210.980443	     +240.004151	       -3.135102	       +0.000000	       -4.055709	   -45456.485177	       -0.574781	       -0.000000	      +21.832897	      +21.832897
              28	              56	      +11.716412	      +16.125426	     -150.876647	     +185.736873	       -3.236434	       +0.000000	       -2.045936	   -53915.725935	       -0.541938	       -0.000000	      +29.577856	      +29.577856
              28	              57	      +11.720744	      +16.129758	     -149.885875	     +184.797796	       -3.231250	       +0.000000	       -2.135059	   -52348.445412	       -0.541814	       -0.000000	      +29.545613	      +29.545613
              28	              58	      +12.955239	      +17.364253	      -47.283049	      +93.924472	       -2.457243	       +0.000000	       -3.086643	   -24185.905259	       -0.508639	       -0.000000	      +41.097537	      +41.097537
              28	              59	      +12.958489	      +17.367502	      -57.208534	     +103.147300	       -2.530707	       +0.000000	       -3.130243	   -26303.366812	       -0.508557	       -0.000000	      +40.277815	      +40.277815
              28	              60	      +13.252671	      +17.661685	     -277.911162	     +311.419143	       -3.824431	       +0.000000	       -4.046387	   -99928.399330	       -0.501244	       -0.000000	      +25.637163	      +25.637163
              28	              61	      +13.342427	      +17.751441	      -61.068876	     +105.936261	       -2.261334	       +0.000000	       -2.579317	   -97020.890946	       -0.499055	       -0.000000	      +40.026734	      +40.026734
              28	              62	      +13.364059	      +17.773073	     -132.758316	     +173.861189	       -2.790265	       +0.000000	       -3.015461	  -102158.007140	       -0.498530	       -0.000000	      +35.297147	      +35.297147
              28	              63	      +13.476003	      +17.885017	     -358.206228	     +387.467313	       -4.379305	       +0.000000	       -4.496274	  -111414.947584	       -0.495832	       -0.000000	      +20.385506	      +20.385506
              28	              64	      +14.107595	      +18.516609	     -105.969320	     +149.173813	       -2.934821	       +0.000000	       -3.513270	   +77348.449597	       -0.481139	       -0.000000	      +36.756402	      +36.756402
              28	              65	      +14.113370	      +18.522384	     -105.645824	     +148.900118	       -2.935691	       +0.000000	       -3.513154	   +75651.519265	       -0.481008	       -0.000000	      +36.805448	      +36.805448
              28	              66	      +14.875279	      +19.284292	      -75.453903	     +146.760408	       -2.878453	       +0.000000	       -3.060127	   +55116.347179	       -0.464411	       -0.000000	      +65.367926	      +65.367926
              28	              67	      +14.890626	      +19.299640	      -75.880135	     +147.298153	       -2.886032	       +0.000000	       -3.038615	   +54619.980990	       -0.464089	       -0.000000	      +65.493372	      +65.493372
              28	              68	      +15.448254	      +19.857268	     -149.157134	     +216.526393	       -3.238349	       +0.000000	       -3.314207	   -52839.664265	       -0.452666	       -0.000000	      +60.816704	      +60.816704
              28	              69	      +15.467093	      +19.876107	     -148.545160	     +216.296746	       -3.228912	       +0.000000	       -3.309114	   -49700.443480	       -0.452289	       -0.000000	      +61.213560	      +61.213560
              28	              70	      +17.704695	      +22.113709	     -122.874910	     +229.280536	       -2.737403	       +0.000000	       -2.599608	   +13179.357006	       -0.411663	       -0.000000	     +101.068614	     +101.068614
              28	              71	      +17.719314	      +22.128328	     -122.911296	     +229.704031	       -2.731673	       +0.000000	       -2.624276	   +15077.484893	       -0.411421	       -0.000000	     +101.436785	     +101.436785
              28	              72	      +19.267540	      +23.676554	     -294.171267	     +329.291788	       -3.191320	       +0.000000	       -3.781680	   +30768.426307	       -0.387361	       -0.000000	      +28.147520	      +28.147520
              28	              73	      +19.267695	      +23.676708	     -294.384729	     +329.469056	       -3.190102	       +0.000000	       -3.785303	   +28948.830327	       -0.387359	       -0.000000	      +28.108922	      +28.108922
              28	              74	      +20.137514	      +24.546528	     -283.365351	     +347.664763	       -3.635561	       +0.000000	       -3.992864	   -12409.909307	       -0.375036	       -0.000000	      +56.670988	      +56.670988
              28	              75	      +20.164076	      +24.573090	     -274.621678	     +342.731388	       -3.600390	       +0.000000	       -3.958597	   -11430.692526	       -0.374672	       -0.000000	      +60.550722	      +60.550722
              28	              76	      +20.174201	      +24.583214	     -310.090459	     +355.632697	       -3.765784	       +0.000000	       -2.750389	  +110747.047975	       -0.374534	       -0.000000	      +39.026064	      +39.026064
              28	              77	      +20.177655	      +24.586669	     -311.978670	     +356.909029	       -3.784213	       +0.000000	       -2.623162	  +114286.675395	       -0.374487	       -0.000000	      +38.522983	      +38.522983
              28	              78	      +20.213239	      +24.622253	      -58.350562	     +176.508197	       -2.195326	       +0.000000	       -2.768745	   +16796.836118	       -0.374001	       -0.000000	     +113.193563	     +113.193563
              28	              79	      +20.220905	      +24.629919	      -56.604147	     +175.396214	       -2.182076	       +0.000000	       -2.761376	   +14841.241165	       -0.373896	       -0.000000	     +113.848614	     +113.848614
              28	              80	      +20.465450	      +24.874464	     +198.473273	      +96.661081	       -1.083733	       +0.000000	       -1.615778	    -2396.733166	       -0.370592	       -0.000000	     +292.434843	     +292.434843
              28	              81	      +20.480211	      +24.889225	     +201.157414	      +96.438655	       -1.083372	       +0.000000	       -1.604369	    -2350.981178	       -0.370394	       -0.000000	     +294.908329	     +294.908329
              28	              82	      +20.512609	      +24.921623	      +42.669151	     +181.933519	       -1.791576	       +0.000000	       -2.162482	     -472.875931	       -0.369961	       -0.000000	     +220.648612	     +220.648612
              28	              83	      +20.520726	      +24.929740	     -250.310571	     +310.468240	       -3.575742	       +0.000000	       -3.875086	   -82312.195922	       -0.369853	       -0.000000	      +52.706840	      +52.706840
              28	              84	      +20.526788	      +24.935801	     +111.471350	     +149.505681	       -1.400385	       +0.000000	       -1.802080	   +12632.222571	       -0.369772	       -0.000000	     +257.774566	     +257.774566
              28	              85	      +20.554461	      +24.963475	     -193.626455	     +284.572902	       -3.236550	       +0.000000	       -3.533220	   -69293.686973	       -0.369404	       -0.000000	      +84.176676	      +84.176676
              28	              86	      +21.406838	      +25.815851	     -177.064061	     +264.091262	       -3.078553	       +0.000000	       -3.514312	   +72858.084803	       -0.358399	       -0.000000	      +80.434335	      +80.434335
              28	              87	      +21.420543	      +25.829557	     -174.768980	     +262.640015	       -3.065605	       +0.000000	       -3.504011	   +72936.359319	       -0.358228	       -0.000000	      +81.301419	      +81.301419
              28	              88	      +21.673206	      +26.082220	       -2.954833	     +165.208146	       -1.825628	       +0.000000	       -2.193257	   -11227.707860	       -0.355093	       -0.000000	     +158.234429	     +158.234429
              28	              89	      +21.673824	      +26.082837	       -3.539524	     +165.695938	       -1.831309	       +0.000000	       -2.185165	   -11259.129821	       -0.355086	       -0.000000	     +158.139940	     +158.139940
              28	              90	      +21.730669	      +26.139683	     +165.806377	     +139.805146	       -1.361222	       +0.000000	       -1.537321	    -1514.655777	       -0.354388	       -0.000000	     +302.712979	     +302.712979
              28	              91	      +21.732629	      +26.141642	     +166.100995	     +139.780157	       -1.356209	       +0.000000	       -1.543598	    -2523.439370	       -0.354364	       -0.000000	     +302.981346	     +302.981346
              28	              92	      +22.792822	      +27.201836	     -269.127241	     +339.629652	       -3.632830	       +0.000000	       -1.969032	  +268183.849146	       -0.341841	       -0.000000	      +64.900550	      +64.900550
              28	              93	      +22.797310	      +27.206324	     -269.619533	     +339.726722	       -3.643157	       +0.000000	       -2.042884	  +277353.175620	       -0.341790	       -0.000000	      +64.421149	      +64.421149
              28	              94	      +22.829911	      +27.238925	     -201.122417	     +268.240058	       -2.578547	       +0.000000	       -3.020545	   +33363.043011	       -0.341419	       -0.000000	      +61.518549	      +61.518549
              28	              95	      +22.891091	      +27.300104	     -206.325195	     +269.825094	       -2.596671	       +0.000000	       -3.041599	   +28722.749232	       -0.340725	       -0.000000	      +57.861630	      +57.861630
              28	              96	      +23.836684	      +28.245698	      +86.568231	     +148.034056	       -1.181988	       +0.000000	       -1.754723	   -19350.142186	       -0.330346	       -0.000000	     +231.665577	     +231.665577
              28	              97	      +23.839576	      +28.248590	      +84.899897	     +148.872511	       -1.189439	       +0.000000	       -1.762165	   -19416.599146	       -0.330315	       -0.000000	     +230.820804	     +230.820804
              28	              98	      +23.928702	      +28.337716	      -83.597624	     +245.854073	       -2.539775	       +0.000000	       -2.751870	    +4751.354614	       -0.329370	       -0.000000	     +156.964804	     +156.964804
              28	              99	      +23.929768	      +28.338782	      -85.760525	     +246.899142	       -2.560164	       +0.000000	       -2.770007	    +4273.284185	       -0.329358	       -0.000000	     +155.808447	     +155.808447

k-point 29:
              29	               0	      -65.468367	      -61.059353	     -633.764259	     +591.487306	      -39.338470	       -2.208900	       -5.045450	   +26240.507998	       +0.160593	       +0.000000	      -86.660873	      -86.660873
              29	               1	      -65.468364	      -61.059350	     -633.764283	     +591.487306	      -39.338470	       -2.208900	       -4.848163	   +25463.454821	       +0.160593	       +0.000000	      -86.463611	      -86.463611
              29	               2	      -42.219225	      -37.810211	     -603.725832	     +585.118201	      -33.224832	       -2.208900	       +2.358984	  -132052.959667	       +0.252537	       +0.000000	      -49.473478	      -49.473478
              29	               3	      -42.204416	      -37.795402	     -603.795231	     +584.789602	      -33.260201	       -2.208900	       +2.247838	  +119928.446190	       +0.252630	       +0.000000	      -50.017992	      -50.017992
              29	               4	      -39.715679	      -35.306665	     -600.320359	     +584.118447	      -32.557250	       -2.208900	       +3.163955	  -118466.968574	       +0.269130	       +0.000000	      -45.595207	      -45.595207
              29	               5	      -39.696202	      -35.287188	     -599.283218	     +582.617921	      -32.594412	       -2.208900	       +2.622068	  +106300.238778	       +0.269268	       +0.000000	      -46.637641	      -46.637641
              29	               6	      -39.570621	      -35.161607	     -596.446071	     +580.035146	      -32.581754	       -2.208900	       +1.169431	   +56742.077392	       +0.270158	       +0.000000	      -47.823248	      -47.823248
              29	               7	      -39.568904	      -35.159890	     -597.619748	     +581.135214	      -32.583786	       -2.208900	       +1.696307	   +68141.338983	       +0.270171	       +0.000000	      -47.372014	      -47.372014
              29	               8	      -17.545462	      -13.136448	     -390.672697	     +382.274018	      -21.765158	       -2.208900	       +5.845319	   +22782.297764	       +0.643600	       +0.000001	      -24.318519	      -24.318519
              29	               9	      -17.506055	      -13.097041	     -390.004098	     +381.604609	      -21.775365	       -2.208900	       +5.844377	   +21440.373369	       +0.645196	       +0.000001	      -24.330478	      -24.330478
              29	              10	      -17.368643	      -12.959629	     -378.869769	     +373.128757	      -21.741880	       -2.208900	       +6.013605	   +30251.491607	       +0.650823	       +0.000001	      -21.469287	      -21.469287
              29	              11	      -17.365585	      -12.956572	     -378.802570	     +373.037477	      -21.740316	       -2.208900	       +6.016405	   +30253.397383	       +0.650949	       +0.000001	      -21.489004	      -21.489004
              29	              12	      -10.630581	       -6.221567	     -399.456048	     +399.646868	      -17.284413	       -2.208900	       +3.801971	   +28492.096490	       +0.801643	       +0.000001	      -13.291622	      -12.551671
              29	              13	      -10.619140	       -6.210127	     -399.118936	     +399.303055	      -17.295069	       -2.208900	       +3.801879	   +26668.349258	       +0.801640	       +0.000001	      -13.309070	      -12.559294
              29	              14	      -10.254302	       -5.845288	     -401.624591	     +402.275014	      -17.554686	       -2.208900	       +3.498889	   +15160.385263	       +0.801597	       +0.000001	      -13.405374	      -12.573076
              29	              15	      -10.244380	       -5.835367	     -402.397201	     +403.042809	      -17.556550	       -2.208900	       +3.479740	   +12669.076696	       +0.801607	       +0.000001	      -13.431202	      -12.590776
              29	              16	       -9.147469	       -4.738456	     -379.299829	     +383.019539	      -17.499934	       -2.208900	       +3.169044	   -13386.829556	       +0.801646	       +0.000001	      -10.611180	      -10.227566
              29	              17	       -9.142133	       -4.733119	     -381.742131	     +385.570030	      -17.546019	       -2.208900	       +3.164667	   -16773.049427	       +0.801645	       +0.000001	      -10.553453	      -10.184795
              29	              18	       -8.577062	       -4.168048	     -384.051451	     +388.134329	      -17.385024	       -2.208900	       +2.885963	   +20165.336907	       +0.801616	       +0.000001	      -10.416184	       -9.978750
              29	              19	       -8.560046	       -4.151032	     -383.940776	     +387.970920	      -17.389014	       -2.208900	       +2.872666	   +20559.667619	       +0.801602	       +0.000001	      -10.486204	      -10.033342
              29	              20	       -7.703405	       -3.294391	     -380.050336	     +383.395580	      -16.268862	       -2.208900	       +2.326651	   +23047.426039	       +0.801634	       +0.000001	      -10.596966	       -9.841298
              29	              21	       -7.638028	       -3.229014	     -379.765246	     +383.165741	      -16.281368	       -2.208900	       +2.301151	   +21810.541079	       +0.801645	       +0.000001	      -10.579722	       -9.832994
              29	              22	       -7.117239	       -2.708225	     -327.172650	     +332.038721	      -16.896397	       -2.208900	       +2.545720	    +2492.500243	       +0.801639	       +0.000001	       -9.484605	       -8.885440
              29	              23	       -7.105358	       -2.696344	     -327.962660	     +332.796086	      -16.871577	       -2.208900	       +2.532654	     -143.404991	       +0.801634	       +0.000001	       -9.505497	       -8.897100
              29	              24	       -5.867652	       -1.458639	     -472.027227	     +482.522186	      -16.915686	       -2.208900	       +0.869682	  -169494.556742	       +0.801430	       +0.000001	       -5.551045	       -5.625159
              29	              25	       -5.764839	       -1.355826	     -470.508654	     +480.923701	      -16.756760	       -2.208900	       +0.762083	  -146807.754539	       +0.801587	       +0.000001	       -5.579629	       -5.622689
              29	              26	       -3.108351	       +1.300663	     -474.675366	     +487.569828	      -12.678798	       +0.000000	       -4.015612	  +138070.976317	       -0.801631	       -0.000001	       -3.799948	       -3.705236
              29	              27	       -3.088702	       +1.320312	     -468.610962	     +481.520666	      -12.559894	       +0.000000	       -3.892583	  +116132.204496	       -0.801618	       -0.000001	       -3.542773	       -3.474896
              29	              28	       -2.527641	       +1.881373	     -506.410664	     +521.205469	      -12.809878	       +0.000000	       -4.096683	  +200065.648126	       -0.801557	       -0.000001	       -2.111756	       -2.174579
              29	              29	       -2.424782	       +1.984232	     -501.384348	     +516.160284	      -12.563689	       +0.000000	       -4.080117	  +197404.803430	       -0.801376	       -0.000001	       -1.867870	       -1.957812
              29	              30	       -2.018800	       +2.390214	     -407.039006	     +424.009681	      -10.763632	       +0.000000	       -3.921115	    +7691.587541	       -0.801545	       -0.000001	       +2.285928	       +1.269369
              29	              31	       -2.014005	       +2.395009	     -409.224845	     +426.239310	      -10.787591	       +0.000000	       -3.924823	    -2493.969579	       -0.801538	       -0.000001	       +2.302050	       +1.272598
              29	              32	       -0.900227	       +3.508787	     -428.873372	     +446.791777	      -10.840106	       +0.000000	       -4.395114	  -143143.784409	       -0.801362	       -0.000001	       +2.683184	       +2.789083
              29	              33	       -0.871164	       +3.537850	     -430.937629	     +448.869942	      -10.832259	       +0.000000	       -4.419909	  -143284.453215	       -0.801428	       -0.000001	       +2.680145	       +2.745319
              29	              34	       +1.945958	       +6.354972	     -332.577189	     +347.679121	       -6.608720	       +0.000000	       -4.526716	   +16616.609680	       -0.801588	       -0.000001	       +3.966496	       +3.465285
              29	              35	       +1.983574	       +6.392588	     -329.168619	     +344.398944	       -6.546184	       +0.000000	       -4.511081	   +22825.518424	       -0.801542	       -0.000001	       +4.173059	       +3.633721
              29	              36	       +3.821262	       +8.230276	     -318.762155	     +335.330781	       -5.710909	       +0.000000	       -4.667039	   -36187.369280	       -0.801645	       -0.000001	       +6.190679	       +5.867322
              29	              37	       +3.848386	       +8.257400	     -311.310403	     +327.612454	       -5.663301	       +0.000000	       -4.637157	   -18539.800495	       -0.801645	       -0.000001	       +6.001594	       +5.661989
              29	              38	       +3.878478	       +8.287492	     -313.563157	     +330.002969	       -5.688013	       +0.000000	       -4.634357	   -20058.063403	       -0.801637	       -0.000001	       +6.117442	       +5.702910
              29	              39	       +3.888893	       +8.297907	     -319.970182	     +336.687586	       -5.709992	       +0.000000	       -4.652412	   -44518.769806	       -0.801632	       -0.000001	       +6.355001	       +5.958079
              29	              40	       +4.941524	       +9.350538	     -299.343254	     +319.306378	       -5.496670	       +0.000000	       -4.109744	   -44631.117066	       -0.801592	       -0.000001	      +10.356710	       +9.169836
              29	              41	       +4.945472	       +9.354486	     -304.428949	     +324.294728	       -5.577784	       +0.000000	       -4.142686	   -49575.142578	       -0.801588	       -0.000001	      +10.145310	       +8.884446
              29	              42	       +5.062527	       +9.471541	     -246.678555	     +265.781176	       -5.118865	       +0.000000	       -4.465505	    +1411.625486	       -0.801403	       -0.000001	       +9.518251	       +7.815406
              29	              43	       +5.065572	       +9.474586	     -247.011826	     +266.127616	       -5.122418	       +0.000000	       -4.423076	    -1613.397304	       -0.801397	       -0.000001	       +9.570296	       +7.813516
              29	              44	       +5.970867	      +10.379881	     -308.756839	     +328.061642	       -6.020138	       +0.000000	       -4.369497	   -60891.565417	       -0.778238	       -0.000001	       +8.915168	       +8.366919
              29	              45	       +5.985595	      +10.394609	     -307.590225	     +326.907626	       -6.012089	       +0.000000	       -4.316409	   -56492.883984	       -0.777369	       -0.000001	       +8.988904	       +8.469487
              29	              46	       +7.712101	      +12.121115	     -209.815994	     +231.125975	       -4.143325	       +0.000000	       -4.491533	    +5094.544897	       -0.687404	       -0.000001	      +12.675122	      +12.675122
              29	              47	       +7.716247	      +12.125260	     -209.555133	     +230.915544	       -4.137208	       +0.000000	       -4.492214	    +1929.327944	       -0.687213	       -0.000001	      +12.730990	      +12.730990
              29	              48	       +8.225860	      +12.634874	     -288.150268	     +311.653887	       -5.095531	       +0.000000	       -4.254305	   +12778.785200	       -0.664519	       -0.000001	      +14.153784	      +14.153784
              29	              49	       +8.236306	      +12.645320	     -288.108876	     +311.683254	       -5.096316	       +0.000000	       -4.259635	   +13062.003375	       -0.664069	       -0.000001	      +14.218428	      +14.218428
              29	              50	       +9.059438	      +13.468452	     -228.975940	     +252.477823	       -4.347815	       +0.000000	       -4.574641	   +17689.782587	       -0.630464	       -0.000001	      +14.579427	      +14.579427
              29	              51	       +9.065208	      +13.474222	     -230.373508	     +253.879049	       -4.357776	       +0.000000	       -4.577679	   +20260.132251	       -0.630240	       -0.000001	      +14.570085	      +14.570085
              29	              52	       +9.639270	      +14.048284	     -233.592216	     +258.496142	       -4.733161	       +0.000000	       -4.491499	   -96439.647003	       -0.608763	       -0.000000	      +15.679265	      +15.679265
              29	              53	       +9.642217	      +14.051231	     -232.697189	     +257.510417	       -4.722612	       +0.000000	       -4.484149	   -97108.754251	       -0.608656	       -0.000000	      +15.606467	      +15.606467
              29	              54	      +10.407411	      +14.816425	     -194.147976	     +232.343318	       -3.738728	       +0.000000	       -3.544027	   -58067.001985	       -0.582214	       -0.000000	      +30.912587	      +30.912587
              29	              55	      +10.439780	      +14.848794	     -198.141991	     +236.083398	       -3.774011	       +0.000000	       -3.534510	   -59170.330749	       -0.581146	       -0.000000	      +30.632886	      +30.632886
              29	              56	      +11.974981	      +16.383995	     -168.261687	     +205.755585	       -3.277377	       +0.000000	       -3.592865	   +18947.155243	       -0.534633	       -0.000000	      +30.623657	      +30.623657
              29	              57	      +11.982258	      +16.391271	     -173.149135	     +210.308094	       -3.333143	       +0.000000	       -3.593334	   +18853.707048	       -0.534430	       -0.000000	      +30.232482	      +30.232482
              29	              58	      +13.134238	      +17.543252	     -123.460547	     +170.305345	       -2.928874	       +0.000000	       -3.301598	    -5085.675790	       -0.504163	       -0.000000	      +40.614325	      +40.614325
              29	              59	      +13.137575	      +17.546589	     -126.053958	     +172.518014	       -2.937343	       +0.000000	       -3.300638	    -2199.627266	       -0.504080	       -0.000000	      +40.226075	      +40.226075
              29	              60	      +13.174711	      +17.583725	     -211.897431	     +247.538204	       -3.296767	       +0.000000	       -3.692426	   +48060.793156	       -0.503162	       -0.000000	      +28.651581	      +28.651581
              29	              61	      +13.179378	      +17.588392	     -218.598879	     +253.355833	       -3.317949	       +0.000000	       -3.721731	   +48708.332273	       -0.503046	       -0.000000	      +27.717273	      +27.717273
              29	              62	      +14.314031	      +18.723045	     -162.365419	     +212.578248	       -3.421415	       +0.000000	       -3.561336	   +41514.376643	       -0.476523	       -0.000000	      +43.230078	      +43.230078
              29	              63	      +14.317388	      +18.726401	     -162.059699	     +212.364729	       -3.420153	       +0.000000	       -3.551782	   +42212.629775	       -0.476449	       -0.000000	      +43.333095	      +43.333095
              29	              64	      +14.782139	      +19.191153	     -180.779975	     +227.705178	       -3.194826	       +0.000000	       -3.550289	   -74129.951961	       -0.466379	       -0.000000	      +40.180088	      +40.180088
              29	              65	      +14.823550	      +19.232564	     -178.949083	     +225.992291	       -3.166097	       +0.000000	       -3.529516	   -73383.395303	       -0.465502	       -0.000000	      +40.347595	      +40.347595
              29	              66	      +15.868745	      +20.277759	     -188.685509	     +272.131397	       -3.456952	       +0.000000	       -3.355173	   +21302.808821	       -0.444417	       -0.000000	      +76.633764	      +76.633764
              29	              67	      +15.902543	      +20.311557	     -191.820403	     +274.923425	       -3.486163	       +0.000000	       -3.362113	   +21350.091857	       -0.443767	       -0.000000	      +76.254745	      +76.254745
              29	              68	      +16.231161	      +20.640175	     -177.161439	     +224.267962	       -3.005490	       +0.000000	       -3.530664	    -5699.669799	       -0.437545	       -0.000000	      +40.570369	      +40.570369
              29	              69	      +16.237856	      +20.646870	     -175.166397	     +222.361428	       -2.992296	       +0.000000	       -3.514858	    -5694.918844	       -0.437420	       -0.000000	      +40.687877	      +40.687877
              29	              70	      +16.957426	      +21.366440	     -180.548954	     +229.800167	       -3.319501	       +0.000000	       -3.726477	   +75339.660896	       -0.424394	       -0.000000	      +42.205234	      +42.205234
              29	              71	      +16.962780	      +21.371794	     -183.855878	     +232.896177	       -3.347579	       +0.000000	       -3.733276	   +76744.286984	       -0.424300	       -0.000000	      +41.959445	      +41.959445
              29	              72	      +17.403846	      +21.812859	     -180.428936	     +247.374947	       -3.174851	       +0.000000	       -3.051385	   -40568.057688	       -0.416695	       -0.000000	      +60.719775	      +60.719775
              29	              73	      +17.455894	      +21.864907	     -179.008051	     +248.062416	       -3.155310	       +0.000000	       -3.107923	   -44049.344861	       -0.415816	       -0.000000	      +62.791133	      +62.791133
              29	              74	      +17.926363	      +22.335377	      -96.505774	     +234.691774	       -2.502911	       +0.000000	       -2.461522	   +35045.598720	       -0.408032	       -0.000000	     +133.221567	     +133.221567
              29	              75	      +17.928260	      +22.337274	      -92.293588	     +232.776734	       -2.480078	       +0.000000	       -2.460271	   +32776.010991	       -0.408001	       -0.000000	     +135.542797	     +135.542797
              29	              76	      +18.305843	      +22.714857	      -59.589740	     +156.965259	       -1.926169	       +0.000000	       -2.607655	  -106199.365450	       -0.401963	       -0.000000	      +92.841695	      +92.841695
              29	              77	      +18.308610	      +22.717623	      -58.904983	     +156.555895	       -1.923574	       +0.000000	       -2.616030	  -106080.764710	       -0.401919	       -0.000000	      +93.111309	      +93.111309
              29	              78	      +19.025699	      +23.434713	      -78.411194	     +221.676095	       -2.576866	       +0.000000	       -2.971420	   -43433.303168	       -0.390932	       -0.000000	     +137.716615	     +137.716615
              29	              79	      +19.025795	      +23.434809	      -76.236015	     +220.476778	       -2.563501	       +0.000000	       -2.963064	   -42532.800356	       -0.390931	       -0.000000	     +138.714198	     +138.714198
              29	              80	      +19.939299	      +24.348313	      -69.121995	     +228.501695	       -2.434498	       +0.000000	       -1.816201	  +206451.285894	       -0.377775	       -0.000000	     +155.129001	     +155.129001
              29	              81	      +19.940027	      +24.349041	      -68.337556	     +227.970536	       -2.431674	       +0.000000	       -1.801133	  +207317.024753	       -0.377765	       -0.000000	     +155.400173	     +155.400173
              29	              82	      +19.999127	      +24.408141	     -120.859914	     +239.117344	       -2.473978	       +0.000000	       -2.559521	   +74525.414311	       -0.376944	       -0.000000	     +113.223931	     +113.223931
              29	              83	      +20.005188	      +24.414201	     -119.696767	     +238.520391	       -2.469662	       +0.000000	       -2.551915	   +71475.781147	       -0.376860	       -0.000000	     +113.802047	     +113.802047
              29	              84	      +21.135549	      +25.544562	      +27.153065	     +190.263420	       -1.761150	       +0.000000	       -2.221764	   -24294.758690	       -0.361830	       -0.000000	     +213.433571	     +213.433571
              29	              85	      +21.153857	      +25.562870	      +28.694474	     +189.457581	       -1.758750	       +0.000000	       -2.215464	   -25642.196525	       -0.361596	       -0.000000	     +214.177840	     +214.177840
              29	              86	      +21.528349	      +25.937363	     -182.331039	     +268.226161	       -2.765531	       +0.000000	       -3.047528	   +32519.232462	       -0.356884	       -0.000000	      +80.082063	      +80.082063
              29	              87	      +21.532873	      +25.941887	     -183.940053	     +269.062445	       -2.770585	       +0.000000	       -3.044355	   +32701.303086	       -0.356827	       -0.000000	      +79.307452	      +79.307452
              29	              88	      +22.096333	      +26.505347	     -181.989119	     +268.471065	       -2.911743	       +0.000000	       -2.713826	   +58505.916946	       -0.349966	       -0.000000	      +80.856377	      +80.856377
              29	              89	      +22.098257	      +26.507271	     -180.879493	     +267.714652	       -2.905748	       +0.000000	       -2.704235	   +58031.510534	       -0.349943	       -0.000000	      +81.225176	      +81.225176
              29	              90	      +22.640336	      +27.049349	      -49.756884	     +198.856282	       -2.098278	       +0.000000	       -2.338909	    -3365.562830	       -0.343587	       -0.000000	     +144.662211	     +144.662211
              29	              91	      +22.645723	      +27.054736	      -48.345355	     +198.094253	       -2.088721	       +0.000000	       -2.350059	    -3999.820968	       -0.343525	       -0.000000	     +145.310119	     +145.310119
              29	              92	      +22.798631	      +27.207645	      -33.567818	     +227.555796	       -2.163899	       +0.000000	       -2.055760	   +91432.488461	       -0.341775	       -0.000000	     +189.768319	     +189.768319
              29	              93	      +22.799409	      +27.208423	      -37.482770	     +228.713796	       -2.183092	       +0.000000	       -2.056892	   +93233.234303	       -0.341766	       -0.000000	     +186.991043	     +186.991043
              29	              94	      +23.679967	      +28.088981	     -111.031841	     +215.028790	       -2.361030	       +0.000000	       -2.328046	   +27384.637246	       -0.332022	       -0.000000	      +99.307873	      +99.307873
              29	              95	      +23.683928	      +28.092942	     -108.968676	     +213.403656	       -2.349705	       +0.000000	       -2.343431	   +22701.535688	       -0.331979	       -0.000000	      +99.741844	      +99.741844
              29	              96	      +23.952066	      +28.361079	     -195.020758	     +278.217692	       -2.799328	       +0.000000	       -2.816971	   +33463.529164	       -0.329123	       -0.000000	      +77.580636	      +77.580636
              29	              97	      +23.979216	      +28.388229	     -194.947644	     +277.457199	       -2.799801	       +0.000000	       -2.829341	   +32338.170214	       -0.328836	       -0.000000	      +76.880413	      +76.880413
              29	              98	      +24.160319	      +28.569333	      -93.175089	     +237.390605	       -2.247844	       +0.000000	       -2.073695	   +36239.723570	       -0.326937	       -0.000000	     +139.893977	     +139.893977
              29	              99	      +24.160687	      +28.569700	      -93.050419	     +237.712032	       -2.250274	       +0.000000	       -2.060112	   +36988.818834	       -0.326934	       -0.000000	     +140.351228	     +140.351228

k-point 30:
              30	               0	      -65.465980	      -61.056966	     -633.576818	     +591.585109	      -39.351765	       -2.208900	       -7.276695	   +30906.244122	       +0.160599	       +0.000000	      -88.620169	      -88.620169
              30	               1	      -65.465980	      -61.056966	     -633.576818	     +591.585109	      -39.351765	       -2.208900	       -7.275180	   +30889.433456	       +0.160599	       +0.000000	      -88.618654	      -88.618654
              30	               2	      -42.126171	      -37.717157	     -603.504546	     +584.289565	      -33.231290	       -2.208900	       +1.965014	   -41372.351684	       +0.253117	       +0.000000	      -50.481257	      -50.481257
              30	               3	      -42.126171	      -37.717157	     -603.504546	     +584.289565	      -33.231290	       -2.208900	       +1.983061	   -25733.776745	       +0.253117	       +0.000000	      -50.463209	      -50.463209
              30	               4	      -39.593526	      -35.184512	     -594.607928	     +577.576526	      -32.582261	       -2.208900	       +0.191883	   +21050.441881	       +0.269995	       +0.000000	      -49.421779	      -49.421779
              30	               5	      -39.593526	      -35.184512	     -594.607928	     +577.576526	      -32.582261	       -2.208900	       +0.180549	   +16084.613717	       +0.269995	       +0.000000	      -49.433114	      -49.433114
              30	               6	      -39.464893	      -35.055879	     -603.459718	     +586.749593	      -32.565758	       -2.208900	       +4.299170	   +17905.361796	       +0.270913	       +0.000000	      -44.976714	      -44.976714
              30	               7	      -39.464893	      -35.055879	     -603.459718	     +586.749593	      -32.565758	       -2.208900	       +4.269103	    -2903.301196	       +0.270913	       +0.000000	      -45.006781	      -45.006781
              30	               8	      -18.989633	      -14.580620	     -388.829325	     +381.047234	      -21.679672	       -2.208900	       +5.857939	   +16235.183648	       +0.590114	       +0.000000	      -23.603825	      -23.603825
              30	               9	      -18.989633	      -14.580620	     -388.829325	     +381.047234	      -21.679672	       -2.208900	       +5.857995	   +16340.919603	       +0.590114	       +0.000000	      -23.603768	      -23.603768
              30	              10	      -18.014213	      -13.605200	     -361.044905	     +354.470572	      -21.564626	       -2.208900	       +5.710889	   +40602.788450	       +0.625207	       +0.000001	      -22.428071	      -22.428071
              30	              11	      -18.014213	      -13.605200	     -361.044905	     +354.470572	      -21.564626	       -2.208900	       +5.710879	   +40642.551625	       +0.625207	       +0.000001	      -22.428081	      -22.428081
              30	              12	      -10.482477	       -6.073463	     -393.572524	     +394.051840	      -17.435741	       -2.208900	       +3.648810	   +51715.977560	       +0.801498	       +0.000001	      -13.307615	      -12.384804
              30	              13	      -10.482477	       -6.073463	     -393.572519	     +394.051840	      -17.435741	       -2.208900	       +3.648661	   +51845.358428	       +0.801498	       +0.000001	      -13.307759	      -12.384958
              30	              14	       -8.606810	       -4.197796	     -456.924072	     +462.251255	      -17.601062	       -2.208900	       +2.780041	   -22614.061089	       +0.801635	       +0.000001	       -9.493838	       -9.273521
              30	              15	       -8.606810	       -4.197796	     -456.924045	     +462.251255	      -17.601062	       -2.208900	       +2.780094	   -22124.577716	       +0.801635	       +0.000001	       -9.493758	       -9.273394
              30	              16	       -8.256220	       -3.847206	     -387.404663	     +394.883058	      -17.195656	       -2.208900	       +2.496821	   +12884.635615	       +0.801596	       +0.000001	       -7.220440	       -7.447577
              30	              17	       -8.256220	       -3.847206	     -387.404664	     +394.883058	      -17.195656	       -2.208900	       +2.496834	   +13082.794985	       +0.801596	       +0.000001	       -7.220428	       -7.447704
              30	              18	       -7.436873	       -3.027859	     -471.463044	     +478.358247	      -17.949657	       -2.208900	       +2.257356	    -7446.621379	       +0.801406	       +0.000001	       -8.797099	       -8.467797
              30	              19	       -7.436873	       -3.027859	     -471.462984	     +478.358247	      -17.949657	       -2.208900	       +2.257350	    -7617.280518	       +0.801406	       +0.000001	       -8.797044	       -8.467751
              30	              20	       -7.317409	       -2.908395	     -447.544436	     +453.087735	      -17.791943	       -2.208900	       +1.908117	   -23438.145517	       +0.801518	       +0.000001	      -10.340527	       -9.670840
              30	              21	       -7.317409	       -2.908395	     -447.544404	     +453.087735	      -17.791943	       -2.208900	       +1.907896	   -23934.982198	       +0.801518	       +0.000001	      -10.340715	       -9.671470
              30	              22	       -6.409759	       -2.000746	     -324.200101	     +330.897149	      -16.024820	       -2.208900	       +2.233471	  +101719.544311	       +0.801342	       +0.000001	       -7.094301	       -6.925420
              30	              23	       -6.409759	       -2.000746	     -324.200119	     +330.897149	      -16.024820	       -2.208900	       +2.233556	  +102092.755093	       +0.801342	       +0.000001	       -7.094233	       -6.925376
              30	              24	       -5.682867	       -1.273853	     -422.236469	     +427.802502	      -16.941504	       -2.208900	       +0.496684	    -2172.919775	       +0.801642	       +0.000001	      -10.878788	       -9.830585
              30	              25	       -5.682867	       -1.273853	     -422.236461	     +427.802502	      -16.941504	       -2.208900	       +0.496918	    -1626.068831	       +0.801642	       +0.000001	      -10.878545	       -9.830379
              30	              26	       -3.039488	       +1.369525	     -397.078227	     +410.341811	      -11.000970	       +0.000000	       -3.427011	   -44954.711911	       -0.801571	       -0.000001	       -1.164397	       -1.599895
              30	              27	       -3.039487	       +1.369527	     -397.078225	     +410.341811	      -11.000970	       +0.000000	       -3.427450	   -45395.793818	       -0.801571	       -0.000001	       -1.164834	       -1.600219
              30	              28	       -2.737499	       +1.671515	     -416.378090	     +427.211477	      -11.430415	       +0.000000	       -3.326443	   -13142.696503	       -0.801619	       -0.000001	       -3.923471	       -3.636981
              30	              29	       -2.737496	       +1.671518	     -416.378329	     +427.211477	      -11.430415	       +0.000000	       -3.326741	   -12296.213435	       -0.801619	       -0.000001	       -3.924008	       -3.637398
              30	              30	       -2.697295	       +1.711719	     -424.565032	     +436.027494	      -11.304103	       +0.000000	       -3.486039	   -52223.213390	       -0.801640	       -0.000001	       -3.327680	       -3.176810
              30	              31	       -2.697294	       +1.711720	     -424.565342	     +436.027494	      -11.304103	       +0.000000	       -3.485776	   -50326.067946	       -0.801640	       -0.000001	       -3.327727	       -3.176858
              30	              32	       -1.968034	       +2.440980	     -412.806511	     +427.453680	      -11.226745	       +0.000000	       -3.704330	    +6679.683019	       -0.801463	       -0.000001	       -0.283906	       -0.692331
              30	              33	       -1.968034	       +2.440980	     -412.806569	     +427.453680	      -11.226745	       +0.000000	       -3.704260	    +7008.053175	       -0.801463	       -0.000001	       -0.283893	       -0.692397
              30	              34	       +2.575038	       +6.984051	     -399.484719	     +412.572038	       -6.360194	       +0.000000	       -4.653230	    -2520.616166	       -0.801376	       -0.000001	       +2.073895	       +2.199189
              30	              35	       +2.575038	       +6.984052	     -399.484696	     +412.572038	       -6.360194	       +0.000000	       -4.653230	    -2465.683782	       -0.801376	       -0.000001	       +2.073918	       +2.199204
              30	              36	       +4.137792	       +8.546805	     -263.658424	     +281.447499	       -5.188339	       +0.000000	       -4.400400	  +124241.833558	       -0.801447	       -0.000001	       +8.200337	      +12.803866
              30	              37	       +4.137792	       +8.546805	     -263.658477	     +281.447499	       -5.188339	       +0.000000	       -4.400218	  +124269.715893	       -0.801447	       -0.000001	       +8.200466	      +12.803169
              30	              38	       +4.498557	       +8.907571	     -234.182485	     +253.366002	       -4.651963	       +0.000000	       -4.315724	   -48436.991789	       -0.801520	       -0.000001	      +10.215831	       +9.361563
              30	              39	       +4.498557	       +8.907571	     -234.182485	     +253.366002	       -4.651963	       +0.000000	       -4.316104	   -48496.090203	       -0.801520	       -0.000001	      +10.215451	       +9.356798
              30	              40	       +5.011362	       +9.420376	     -228.886867	     +250.544185	       -4.915493	       +0.000000	       -2.794355	  -183244.251470	       -0.801499	       -0.000001	      +13.947470	      +15.084398
              30	              41	       +5.011363	       +9.420377	     -228.886827	     +250.544185	       -4.915493	       +0.000000	       -2.792049	  -182867.036065	       -0.801499	       -0.000001	      +13.949816	      +15.097022
              30	              42	       +5.208689	       +9.617702	     -169.177405	     +193.614887	       -4.214933	       +0.000000	       -4.274465	    -8261.455473	       -0.801565	       -0.000001	      +15.948084	      +12.738689
              30	              43	       +5.208689	       +9.617703	     -169.177418	     +193.614887	       -4.214933	       +0.000000	       -4.271298	    -7821.119112	       -0.801565	       -0.000001	      +15.951238	      +12.740593
              30	              44	       +6.274228	      +10.683242	     -273.267042	     +296.038617	       -4.958928	       +0.000000	       -5.082863	   -76749.131320	       -0.760725	       -0.000001	      +12.729784	      +12.729784
              30	              45	       +6.274228	      +10.683242	     -273.267044	     +296.038617	       -4.958928	       +0.000000	       -5.083298	   -76795.541877	       -0.760725	       -0.000001	      +12.729347	      +12.729347
              30	              46	       +6.755131	      +11.164144	     -345.703615	     +363.581778	       -5.823896	       +0.000000	       -5.183507	    -7323.271564	       -0.734521	       -0.000001	       +6.870759	       +6.870759
              30	              47	       +6.755131	      +11.164145	     -345.703448	     +363.581778	       -5.823896	       +0.000000	       -5.183674	    -7236.712322	       -0.734521	       -0.000001	       +6.870760	       +6.870760
              30	              48	       +7.214022	      +11.623035	     -284.718794	     +308.606310	       -6.039122	       +0.000000	       -3.057621	  -319769.172465	       -0.711147	       -0.000001	      +14.790772	      +14.790772
              30	              49	       +7.214022	      +11.623036	     -284.718864	     +308.606310	       -6.039122	       +0.000000	       -3.056893	  -319738.541069	       -0.711147	       -0.000001	      +14.791431	      +14.791431
              30	              50	       +7.784817	      +12.193831	     -314.831947	     +338.486467	       -5.320067	       +0.000000	       -5.016709	   +16547.027001	       -0.684069	       -0.000001	      +13.317743	      +13.317743
              30	              51	       +7.784817	      +12.193831	     -314.831945	     +338.486467	       -5.320067	       +0.000000	       -5.017086	   +16413.649560	       -0.684069	       -0.000001	      +13.317368	      +13.317368
              30	              52	       +9.124080	      +13.533094	     -279.526758	     +305.890740	       -4.952659	       +0.000000	       -4.365545	   +43753.282846	       -0.627968	       -0.000001	      +17.045777	      +17.045777
              30	              53	       +9.124080	      +13.533094	     -279.526761	     +305.890740	       -4.952659	       +0.000000	       -4.365249	   +43999.687432	       -0.627968	       -0.000001	      +17.046070	      +17.046070
              30	              54	       +9.888667	      +14.297680	     -320.803967	     +342.178401	       -5.836911	       +0.000000	       -4.645871	   -37408.160246	       -0.599881	       -0.000000	      +10.891653	      +10.891653
              30	              55	       +9.888667	      +14.297681	     -320.804109	     +342.178401	       -5.836911	       +0.000000	       -4.646539	   -38032.067530	       -0.599881	       -0.000000	      +10.890842	      +10.890842
              30	              56	      +10.280451	      +14.689465	     -243.922548	     +287.466113	       -4.891571	       +0.000000	       -3.259751	   +74286.034529	       -0.586441	       -0.000000	      +35.392243	      +35.392243
              30	              57	      +10.280451	      +14.689465	     -243.922656	     +287.466113	       -4.891571	       +0.000000	       -3.260617	   +74139.793200	       -0.586441	       -0.000000	      +35.391269	      +35.391269
              30	              58	      +11.412545	      +15.821559	     -301.714135	     +330.788097	       -5.542101	       +0.000000	       -5.053152	    -2703.936851	       -0.550783	       -0.000000	      +18.478710	      +18.478710
              30	              59	      +11.412545	      +15.821559	     -301.714137	     +330.788097	       -5.542101	       +0.000000	       -5.052988	    -2697.867360	       -0.550783	       -0.000000	      +18.478872	      +18.478872
              30	              60	      +12.579020	      +16.988033	     -107.269161	     +218.994302	       -2.526793	       +0.000000	       -2.887154	   +88147.664830	       -0.518311	       -0.000000	     +106.311194	     +106.311194
              30	              61	      +12.579020	      +16.988033	     -107.269186	     +218.994302	       -2.526793	       +0.000000	       -2.887130	   +88132.417579	       -0.518311	       -0.000000	     +106.311192	     +106.311192
              30	              62	      +13.626943	      +18.035957	     -270.987491	     +321.669082	       -3.383391	       +0.000000	       -3.633787	   +73744.794641	       -0.492239	       -0.000000	      +43.664413	      +43.664413
              30	              63	      +13.626943	      +18.035957	     -270.987486	     +321.669082	       -3.383391	       +0.000000	       -3.633748	   +73675.920947	       -0.492239	       -0.000000	      +43.664457	      +43.664457
              30	              64	      +15.232392	      +19.641406	      +39.495359	     +124.619568	       -1.683499	       +0.000000	       -2.329772	   -22680.073408	       -0.457020	       -0.000000	     +160.101656	     +160.101656
              30	              65	      +15.232392	      +19.641406	      +39.495418	     +124.619568	       -1.683499	       +0.000000	       -2.328865	   -22464.052255	       -0.457020	       -0.000000	     +160.102622	     +160.102622
              30	              66	      +15.261275	      +19.670289	      -72.685032	     +212.416953	       -2.233072	       +0.000000	       -1.946137	   +56219.003936	       -0.456433	       -0.000000	     +135.552712	     +135.552712
              30	              67	      +15.261276	      +19.670289	      -72.685031	     +212.416953	       -2.233072	       +0.000000	       -1.944995	   +56399.597159	       -0.456433	       -0.000000	     +135.553855	     +135.553855
              30	              68	      +16.200359	      +20.609372	      +17.538587	     +172.260435	       -2.009715	       +0.000000	       -2.541289	   +15461.969386	       -0.438120	       -0.000000	     +185.248020	     +185.248020
              30	              69	      +16.200359	      +20.609372	      +17.538492	     +172.260435	       -2.009715	       +0.000000	       -2.541116	   +15432.886887	       -0.438120	       -0.000000	     +185.248096	     +185.248096
              30	              70	      +16.815707	      +21.224720	     -152.573661	     +186.034111	       -2.358427	       +0.000000	       -2.838876	   -67733.980752	       -0.426897	       -0.000000	      +28.263147	      +28.263147
              30	              71	      +16.815707	      +21.224720	     -152.573613	     +186.034111	       -2.358427	       +0.000000	       -2.838502	   -67622.441213	       -0.426897	       -0.000000	      +28.263569	      +28.263569
              30	              72	      +17.301573	      +21.710587	     -205.945333	     +247.043412	       -3.223443	       +0.000000	       -2.972277	   +40287.937234	       -0.418434	       -0.000000	      +34.902359	      +34.902359
              30	              73	      +17.301573	      +21.710587	     -205.945307	     +247.043412	       -3.223443	       +0.000000	       -2.976283	   +40497.245778	       -0.418434	       -0.000000	      +34.898378	      +34.898378
              30	              74	      +17.627879	      +22.036893	     -231.252254	     +275.843417	       -2.957247	       +0.000000	       -3.086413	   +32178.274285	       -0.412936	       -0.000000	      +38.547504	      +38.547504
              30	              75	      +17.627881	      +22.036895	     -231.251999	     +275.843417	       -2.957247	       +0.000000	       -3.083051	   +31902.828579	       -0.412936	       -0.000000	      +38.551120	      +38.551120
              30	              76	      +18.613611	      +23.022625	     -129.677815	     +201.760684	       -2.830592	       +0.000000	       -0.761624	   +34078.350267	       -0.397171	       -0.000000	      +68.490653	      +68.490653
              30	              77	      +18.613614	      +23.022627	     -129.674713	     +201.760684	       -2.830592	       +0.000000	       -0.760537	   +34198.618746	       -0.397171	       -0.000000	      +68.494842	      +68.494842
              30	              78	      +18.800913	      +23.209927	     -326.719499	     +356.804275	       -3.928976	       +0.000000	       -3.856078	   -45352.535397	       -0.394311	       -0.000000	      +22.299722	      +22.299722
              30	              79	      +18.800914	      +23.209928	     -326.716670	     +356.804275	       -3.928976	       +0.000000	       -3.855918	   -45335.496143	       -0.394311	       -0.000000	      +22.302711	      +22.302711
              30	              80	      +19.943900	      +24.352914	     -166.956385	     +200.310342	       -2.477888	       +0.000000	       -3.219426	    -8955.998536	       -0.377711	       -0.000000	      +27.656643	      +27.656643
              30	              81	      +19.943901	      +24.352914	     -166.956309	     +200.310342	       -2.477888	       +0.000000	       -3.218969	    -8967.886414	       -0.377711	       -0.000000	      +27.657177	      +27.657177
              30	              82	      +20.086127	      +24.495141	      -92.075070	     +124.464264	       -1.807775	       +0.000000	       -2.784313	    -4908.684447	       -0.375743	       -0.000000	      +27.797105	      +27.797105
              30	              83	      +20.086127	      +24.495141	      -92.075075	     +124.464264	       -1.807775	       +0.000000	       -2.784224	    -4885.097852	       -0.375743	       -0.000000	      +27.797190	      +27.797190
              30	              84	      +21.051088	      +25.460102	      -39.052194	      +97.177262	       -1.542682	       +0.000000	       -2.066723	   -22323.044994	       -0.362911	       -0.000000	      +54.515664	      +54.515664
              30	              85	      +21.051089	      +25.460102	      -39.052193	      +97.177262	       -1.542682	       +0.000000	       -2.066822	   -22381.020324	       -0.362911	       -0.000000	      +54.515565	      +54.515565
              30	              86	      +21.767446	      +26.176460	     +133.793003	     +105.987239	       -1.229990	       +0.000000	       -1.851346	   -12037.109101	       -0.353938	       -0.000000	     +236.698905	     +236.698905
              30	              87	      +21.767446	      +26.176460	     +133.793003	     +105.987239	       -1.229990	       +0.000000	       -1.851335	   -12017.812744	       -0.353938	       -0.000000	     +236.698917	     +236.698917
              30	              88	      +21.956554	      +26.365568	      -94.796830	     +165.665003	       -2.176080	       +0.000000	       -2.591499	   +11623.009587	       -0.351643	       -0.000000	      +66.100593	      +66.100593
              30	              89	      +21.956555	      +26.365568	      -94.796803	     +165.665003	       -2.176080	       +0.000000	       -2.591823	   +11540.388888	       -0.351643	       -0.000000	      +66.100297	      +66.100297
              30	              90	      +22.406957	      +26.815971	     -108.992693	     +223.773327	       -2.172406	       +0.000000	       -2.526665	    +4875.516142	       -0.346295	       -0.000000	     +110.081562	     +110.081562
              30	              91	      +22.406957	      +26.815971	     -108.992713	     +223.773327	       -2.172406	       +0.000000	       -2.526865	    +4777.971571	       -0.346295	       -0.000000	     +110.081343	     +110.081343
              30	              92	      +24.302513	      +28.711527	     -175.484033	     +257.462676	       -2.711203	       +0.000000	       -2.434367	   -62463.665340	       -0.325462	       -0.000000	      +76.833073	      +76.833073
              30	              93	      +24.302514	      +28.711527	     -175.484027	     +257.462676	       -2.711203	       +0.000000	       -2.434379	   -62519.921838	       -0.325462	       -0.000000	      +76.833068	      +76.833068
              30	              94	      +24.837749	      +29.246763	     -164.747059	     +233.033283	       -2.384420	       +0.000000	       -2.407438	   -27679.510163	       -0.320026	       -0.000000	      +63.494366	      +63.494366
              30	              95	      +24.837750	      +29.246763	     -164.747444	     +233.033283	       -2.384420	       +0.000000	       -2.407188	   -27617.121264	       -0.320026	       -0.000000	      +63.494230	      +63.494230
              30	              96	      +24.923427	      +29.332440	      -85.839665	     +132.677651	       -1.899053	       +0.000000	       -2.592600	   +23188.779892	       -0.319172	       -0.000000	      +42.346332	      +42.346332
              30	              97	      +24.923427	      +29.332441	      -85.840061	     +132.677651	       -1.899053	       +0.000000	       -2.592593	   +23238.312768	       -0.319172	       -0.000000	      +42.345943	      +42.345943
              30	              98	      +25.307750	      +29.716764	     -176.074223	     +236.835341	       -2.559360	       +0.000000	       -2.790275	   -27305.964520	       -0.315400	       -0.000000	      +55.411484	      +55.411484
              30	              99	      +25.307750	      +29.716764	     -176.074341	     +236.835341	       -2.559360	       +0.000000	       -2.790533	   -27458.086066	       -0.315400	       -0.000000	      +55.411108	      +55.411108

k-point 31:
              31	               0	      -65.465980	      -61.056966	     -633.576818	     +591.585116	      -39.351765	       -2.208900	       -7.242066	   +74429.205730	       +0.160599	       +0.000000	      -88.585532	      -88.585532
              31	               1	      -65.465980	      -61.056966	     -633.576818	     +591.585116	      -39.351765	       -2.208900	       -7.241801	   +74384.585753	       +0.160599	       +0.000000	      -88.585267	      -88.585267
              31	               2	      -42.126171	      -37.717157	     -603.504547	     +584.289566	      -33.231290	       -2.208900	       +1.998660	   -22220.227787	       +0.253117	       +0.000000	      -50.447610	      -50.447610
              31	               3	      -42.126171	      -37.717157	     -603.504547	     +584.289566	      -33.231290	       -2.208900	       +1.996803	   -22321.033749	       +0.253117	       +0.000000	      -50.449468	      -50.449468
              31	               4	      -39.593525	      -35.184512	     -594.607890	     +577.576487	      -32.582261	       -2.208900	       +0.235852	   +48370.085732	       +0.269995	       +0.000000	      -49.377813	      -49.377813
              31	               5	      -39.593525	      -35.184512	     -594.607891	     +577.576487	      -32.582261	       -2.208900	       +0.232353	   +50245.395774	       +0.269995	       +0.000000	      -49.381312	      -49.381312
              31	               6	      -39.464894	      -35.055880	     -603.459753	     +586.749628	      -32.565757	       -2.208900	       +4.280035	    -7412.628541	       +0.270913	       +0.000000	      -44.995847	      -44.995847
              31	               7	      -39.464894	      -35.055880	     -603.459755	     +586.749628	      -32.565757	       -2.208900	       +4.273834	    -5580.657164	       +0.270913	       +0.000000	      -45.002050	      -45.002050
              31	               8	      -18.989633	      -14.580619	     -388.829343	     +381.047234	      -21.679672	       -2.208900	       +5.825727	   +41076.739126	       +0.590114	       +0.000000	      -23.636054	      -23.636054
              31	               9	      -18.989633	      -14.580619	     -388.829342	     +381.047234	      -21.679672	       -2.208900	       +5.825421	   +40884.384182	       +0.590114	       +0.000000	      -23.636360	      -23.636360
              31	              10	      -18.014211	      -13.605198	     -361.044875	     +354.470551	      -21.564625	       -2.208900	       +5.647614	    -2554.409862	       +0.625207	       +0.000001	      -22.491336	      -22.491336
              31	              11	      -18.014211	      -13.605198	     -361.044875	     +354.470551	      -21.564625	       -2.208900	       +5.647770	    -2570.634029	       +0.625207	       +0.000001	      -22.491180	      -22.491180
              31	              12	      -10.482477	       -6.073464	     -393.572504	     +394.051874	      -17.435741	       -2.208900	       +3.595407	  -132749.452372	       +0.801498	       +0.000001	      -13.360963	      -12.445816
              31	              13	      -10.482477	       -6.073464	     -393.572505	     +394.051874	      -17.435741	       -2.208900	       +3.595343	  -133088.761645	       +0.801498	       +0.000001	      -13.361029	      -12.445757
              31	              14	       -8.606805	       -4.197791	     -456.924091	     +462.251285	      -17.601058	       -2.208900	       +2.776016	   -27944.547333	       +0.801635	       +0.000001	       -9.497848	       -9.277699
              31	              15	       -8.606805	       -4.197791	     -456.924079	     +462.251285	      -17.601058	       -2.208900	       +2.776271	   -27468.715926	       +0.801635	       +0.000001	       -9.497582	       -9.277508
              31	              16	       -8.256205	       -3.847191	     -387.404242	     +394.882662	      -17.195645	       -2.208900	       +2.498907	   -33823.080452	       +0.801596	       +0.000001	       -7.218318	       -7.449569
              31	              17	       -8.256205	       -3.847191	     -387.404238	     +394.882662	      -17.195645	       -2.208900	       +2.498798	   -34845.232517	       +0.801596	       +0.000001	       -7.218422	       -7.449513
              31	              18	       -7.436883	       -3.027869	     -471.462841	     +478.358018	      -17.949662	       -2.208900	       +2.260851	   +12122.000417	       +0.801407	       +0.000001	       -8.793634	       -8.464905
              31	              19	       -7.436883	       -3.027869	     -471.462820	     +478.358018	      -17.949662	       -2.208900	       +2.261011	   +13455.588724	       +0.801407	       +0.000001	       -8.793453	       -8.464702
              31	              20	       -7.317435	       -2.908421	     -447.544541	     +453.087852	      -17.791953	       -2.208900	       +1.915469	   +70157.525037	       +0.801518	       +0.000001	      -10.333173	       -9.655047
              31	              21	       -7.317435	       -2.908421	     -447.544542	     +453.087852	      -17.791953	       -2.208900	       +1.915592	   +69751.222837	       +0.801518	       +0.000001	      -10.333051	       -9.654683
              31	              22	       -6.409754	       -2.000741	     -324.200447	     +330.897493	      -16.024818	       -2.208900	       +2.252391	  +150734.132099	       +0.801342	       +0.000001	       -7.075382	       -6.908611
              31	              23	       -6.409754	       -2.000741	     -324.200451	     +330.897493	      -16.024818	       -2.208900	       +2.252540	  +152145.226284	       +0.801342	       +0.000001	       -7.075237	       -6.908508
              31	              24	       -5.682858	       -1.273844	     -422.236321	     +427.802395	      -16.941500	       -2.208900	       +0.525611	  +112297.129172	       +0.801642	       +0.000001	      -10.849815	       -9.790700
              31	              25	       -5.682858	       -1.273844	     -422.236332	     +427.802395	      -16.941500	       -2.208900	       +0.525982	  +113286.688262	       +0.801642	       +0.000001	      -10.849455	       -9.790360
              31	              26	       -3.039476	       +1.369537	     -397.078221	     +410.341833	      -11.000966	       +0.000000	       -3.437852	   -78265.572690	       -0.801571	       -0.000001	       -1.175207	       -1.609870
              31	              27	       -3.039476	       +1.369538	     -397.078213	     +410.341833	      -11.000966	       +0.000000	       -3.437684	   -80274.930471	       -0.801571	       -0.000001	       -1.175030	       -1.609787
              31	              28	       -2.737514	       +1.671500	     -416.376847	     +427.210027	      -11.430434	       +0.000000	       -3.313596	   +48089.757629	       -0.801619	       -0.000001	       -3.910851	       -3.628636
              31	              29	       -2.737514	       +1.671500	     -416.376958	     +427.210027	      -11.430434	       +0.000000	       -3.313294	   +45185.358005	       -0.801619	       -0.000001	       -3.910659	       -3.628466
              31	              30	       -2.697310	       +1.711704	     -424.566755	     +436.029178	      -11.304099	       +0.000000	       -3.466197	   +34938.041262	       -0.801640	       -0.000001	       -3.307872	       -3.162545
              31	              31	       -2.697310	       +1.711704	     -424.566882	     +436.029178	      -11.304099	       +0.000000	       -3.466118	   +33196.999481	       -0.801640	       -0.000001	       -3.307920	       -3.162585
              31	              32	       -1.968022	       +2.440992	     -412.806375	     +427.453508	      -11.226738	       +0.000000	       -3.745947	  -187117.298764	       -0.801463	       -0.000001	       -0.325552	       -0.735955
              31	              33	       -1.968022	       +2.440992	     -412.806383	     +427.453508	      -11.226738	       +0.000000	       -3.745916	  -186874.253148	       -0.801463	       -0.000001	       -0.325529	       -0.735998
              31	              34	       +2.575040	       +6.984054	     -399.484182	     +412.571529	       -6.360192	       +0.000000	       -4.658667	   -36589.629863	       -0.801376	       -0.000001	       +2.068489	       +2.195507
              31	              35	       +2.575040	       +6.984054	     -399.484180	     +412.571529	       -6.360192	       +0.000000	       -4.658349	   -36333.619220	       -0.801376	       -0.000001	       +2.068809	       +2.195618
              31	              36	       +4.137787	       +8.546800	     -263.658682	     +281.447723	       -5.188331	       +0.000000	       -4.427593	  +107416.357283	       -0.801447	       -0.000001	       +8.173118	      +12.675055
              31	              37	       +4.137787	       +8.546800	     -263.658690	     +281.447723	       -5.188331	       +0.000000	       -4.427422	  +107534.903392	       -0.801447	       -0.000001	       +8.173280	      +12.679217
              31	              38	       +4.498559	       +8.907573	     -234.183079	     +253.366565	       -4.651972	       +0.000000	       -4.297122	   +27057.122352	       -0.801520	       -0.000001	      +10.234391	       +9.254052
              31	              39	       +4.498559	       +8.907573	     -234.183076	     +253.366565	       -4.651972	       +0.000000	       -4.296001	   +26893.448747	       -0.801520	       -0.000001	      +10.235516	       +9.258995
              31	              40	       +5.011376	       +9.420389	     -228.887191	     +250.544583	       -4.915501	       +0.000000	       -2.731316	   -87353.391702	       -0.801499	       -0.000001	      +14.010576	      +13.842812
              31	              41	       +5.011376	       +9.420389	     -228.887200	     +250.544583	       -4.915501	       +0.000000	       -2.728364	   -88875.182518	       -0.801499	       -0.000001	      +14.013518	      +13.833609
              31	              42	       +5.208688	       +9.617702	     -169.175499	     +193.613069	       -4.214916	       +0.000000	       -4.228260	   -29948.156746	       -0.801565	       -0.000001	      +15.994394	      +12.942050
              31	              43	       +5.208688	       +9.617702	     -169.175498	     +193.613069	       -4.214916	       +0.000000	       -4.229707	   -29644.753739	       -0.801565	       -0.000001	      +15.992948	      +12.943370
              31	              44	       +6.274246	      +10.683260	     -273.268305	     +296.039861	       -4.958932	       +0.000000	       -5.064854	   -68394.219310	       -0.760724	       -0.000001	      +12.747770	      +12.747770
              31	              45	       +6.274246	      +10.683260	     -273.268304	     +296.039861	       -4.958932	       +0.000000	       -5.065851	   -69109.100294	       -0.760724	       -0.000001	      +12.746774	      +12.746774
              31	              46	       +6.755119	      +11.164133	     -345.703411	     +363.581636	       -5.823898	       +0.000000	       -5.199710	   -17392.996820	       -0.734522	       -0.000001	       +6.854618	       +6.854618
              31	              47	       +6.755119	      +11.164133	     -345.703416	     +363.581636	       -5.823898	       +0.000000	       -5.199076	   -17295.949016	       -0.734522	       -0.000001	       +6.855246	       +6.855246
              31	              48	       +7.214025	      +11.623039	     -284.718518	     +308.606079	       -6.039120	       +0.000000	       -3.012917	  -226990.070602	       -0.711147	       -0.000001	      +14.835523	      +14.835523
              31	              49	       +7.214025	      +11.623039	     -284.718507	     +308.606079	       -6.039120	       +0.000000	       -3.011564	  -226996.652984	       -0.711147	       -0.000001	      +14.836888	      +14.836888
              31	              50	       +7.784789	      +12.193803	     -314.832155	     +338.486598	       -5.320071	       +0.000000	       -4.983306	   -79462.039547	       -0.684070	       -0.000001	      +13.351066	      +13.351066
              31	              51	       +7.784789	      +12.193803	     -314.832152	     +338.486598	       -5.320071	       +0.000000	       -4.983661	   -79606.797135	       -0.684070	       -0.000001	      +13.350715	      +13.350715
              31	              52	       +9.124074	      +13.533087	     -279.526920	     +305.890899	       -4.952656	       +0.000000	       -4.344331	  -180733.165556	       -0.627968	       -0.000001	      +17.066992	      +17.066992
              31	              53	       +9.124074	      +13.533087	     -279.526919	     +305.890899	       -4.952656	       +0.000000	       -4.340676	  -179636.573956	       -0.627968	       -0.000001	      +17.070648	      +17.070648
              31	              54	       +9.888652	      +14.297666	     -320.803996	     +342.178357	       -5.836913	       +0.000000	       -4.686973	   -89621.562628	       -0.599882	       -0.000000	      +10.850476	      +10.850476
              31	              55	       +9.888653	      +14.297667	     -320.804059	     +342.178357	       -5.836913	       +0.000000	       -4.686980	   -92734.283601	       -0.599882	       -0.000000	      +10.850406	      +10.850406
              31	              56	      +10.280469	      +14.689483	     -243.921981	     +287.465734	       -4.891567	       +0.000000	       -3.390419	   +34051.830532	       -0.586441	       -0.000000	      +35.261767	      +35.261767
              31	              57	      +10.280469	      +14.689483	     -243.922057	     +287.465734	       -4.891567	       +0.000000	       -3.388703	   +32041.034586	       -0.586441	       -0.000000	      +35.263407	      +35.263407
              31	              58	      +11.412548	      +15.821561	     -301.713936	     +330.787892	       -5.542100	       +0.000000	       -5.219215	  +104655.891593	       -0.550783	       -0.000000	      +18.312640	      +18.312640
              31	              59	      +11.412548	      +15.821561	     -301.713936	     +330.787892	       -5.542100	       +0.000000	       -5.218176	  +104467.435354	       -0.550783	       -0.000000	      +18.313680	      +18.313680
              31	              60	      +12.579027	      +16.988041	     -107.269264	     +218.994419	       -2.526796	       +0.000000	       -2.906380	  +103051.185560	       -0.518310	       -0.000000	     +106.291979	     +106.291979
              31	              61	      +12.579027	      +16.988041	     -107.269251	     +218.994419	       -2.526796	       +0.000000	       -2.906374	  +102847.919134	       -0.518310	       -0.000000	     +106.291998	     +106.291998
              31	              62	      +13.626960	      +18.035974	     -270.985966	     +321.668171	       -3.383390	       +0.000000	       -3.683901	   +20715.890271	       -0.492239	       -0.000000	      +43.614913	      +43.614913
              31	              63	      +13.626960	      +18.035974	     -270.985966	     +321.668171	       -3.383390	       +0.000000	       -3.683850	   +20546.225735	       -0.492239	       -0.000000	      +43.614964	      +43.614964
              31	              64	      +15.232399	      +19.641412	      +39.495574	     +124.619209	       -1.683498	       +0.000000	       -2.341010	   -64177.740421	       -0.457020	       -0.000000	     +160.090275	     +160.090275
              31	              65	      +15.232399	      +19.641412	      +39.495638	     +124.619209	       -1.683498	       +0.000000	       -2.341583	   -64222.527120	       -0.457020	       -0.000000	     +160.089767	     +160.089767
              31	              66	      +15.261285	      +19.670299	      -72.688044	     +212.418804	       -2.233083	       +0.000000	       -1.952927	   +39834.144656	       -0.456432	       -0.000000	     +135.544751	     +135.544751
              31	              67	      +15.261285	      +19.670299	      -72.687994	     +212.418804	       -2.233083	       +0.000000	       -1.953638	   +40400.949406	       -0.456432	       -0.000000	     +135.544089	     +135.544089
              31	              68	      +16.200348	      +20.609362	      +17.538772	     +172.260357	       -2.009713	       +0.000000	       -2.544096	    +7931.769220	       -0.438121	       -0.000000	     +185.245319	     +185.245319
              31	              69	      +16.200348	      +20.609362	      +17.538753	     +172.260357	       -2.009713	       +0.000000	       -2.544228	    +8091.003243	       -0.438121	       -0.000000	     +185.245168	     +185.245168
              31	              70	      +16.815713	      +21.224727	     -152.576905	     +186.036977	       -2.358461	       +0.000000	       -2.867766	   -38469.313466	       -0.426897	       -0.000000	      +28.233846	      +28.233846
              31	              71	      +16.815713	      +21.224727	     -152.576891	     +186.036977	       -2.358461	       +0.000000	       -2.865967	   -38230.164641	       -0.426897	       -0.000000	      +28.235659	      +28.235659
              31	              72	      +17.301589	      +21.710603	     -205.941553	     +247.039956	       -3.223403	       +0.000000	       -2.932789	   +95677.872984	       -0.418434	       -0.000000	      +34.942211	      +34.942211
              31	              73	      +17.301589	      +21.710603	     -205.941565	     +247.039956	       -3.223403	       +0.000000	       -2.932940	   +96039.668291	       -0.418434	       -0.000000	      +34.942049	      +34.942049
              31	              74	      +17.627895	      +22.036909	     -231.252410	     +275.843723	       -2.957249	       +0.000000	       -2.972296	   -53193.205592	       -0.412936	       -0.000000	      +38.661768	      +38.661768
              31	              75	      +17.627895	      +22.036909	     -231.252404	     +275.843723	       -2.957249	       +0.000000	       -2.973862	   -51229.798192	       -0.412936	       -0.000000	      +38.660208	      +38.660208
              31	              76	      +18.613624	      +23.022638	     -129.677270	     +201.761405	       -2.830591	       +0.000000	       -0.798303	   -47170.444119	       -0.397171	       -0.000000	      +68.455240	      +68.455240
              31	              77	      +18.613625	      +23.022639	     -129.675918	     +201.761405	       -2.830591	       +0.000000	       -0.799841	   -49294.728127	       -0.397171	       -0.000000	      +68.455056	      +68.455056
              31	              78	      +18.800892	      +23.209906	     -326.718284	     +356.804043	       -3.928982	       +0.000000	       -3.878973	   -24244.983175	       -0.394311	       -0.000000	      +22.277804	      +22.277804
              31	              79	      +18.800893	      +23.209907	     -326.716977	     +356.804043	       -3.928982	       +0.000000	       -3.878449	   -27014.721227	       -0.394311	       -0.000000	      +22.279634	      +22.279634
              31	              80	      +19.943876	      +24.352889	     -166.955765	     +200.309798	       -2.477885	       +0.000000	       -3.198634	   -18947.707566	       -0.377711	       -0.000000	      +27.677514	      +27.677514
              31	              81	      +19.943876	      +24.352890	     -166.955803	     +200.309798	       -2.477885	       +0.000000	       -3.198401	   -17733.858212	       -0.377711	       -0.000000	      +27.677709	      +27.677709
              31	              82	      +20.086100	      +24.495114	      -92.075477	     +124.464690	       -1.807779	       +0.000000	       -2.781589	   -37120.145381	       -0.375743	       -0.000000	      +27.799845	      +27.799845
              31	              83	      +20.086100	      +24.495114	      -92.075484	     +124.464690	       -1.807779	       +0.000000	       -2.781917	   -37317.403331	       -0.375743	       -0.000000	      +27.799510	      +27.799510
              31	              84	      +21.051086	      +25.460100	      -39.052071	      +97.177109	       -1.542679	       +0.000000	       -2.057103	   +21086.604937	       -0.362911	       -0.000000	      +54.525256	      +54.525256
              31	              85	      +21.051086	      +25.460100	      -39.052073	      +97.177109	       -1.542679	       +0.000000	       -2.056541	   +20892.153082	       -0.362911	       -0.000000	      +54.525815	      +54.525815
              31	              86	      +21.767448	      +26.176462	     +133.792998	     +105.987182	       -1.229991	       +0.000000	       -1.840478	     -465.589476	       -0.353938	       -0.000000	     +236.709711	     +236.709711
              31	              87	      +21.767448	      +26.176462	     +133.792998	     +105.987182	       -1.229991	       +0.000000	       -1.840405	     -344.017831	       -0.353938	       -0.000000	     +236.709785	     +236.709785
              31	              88	      +21.956563	      +26.365576	      -94.793170	     +165.662811	       -2.176067	       +0.000000	       -2.481528	   +44111.862510	       -0.351643	       -0.000000	      +66.212047	      +66.212047
              31	              89	      +21.956563	      +26.365577	      -94.793112	     +165.662811	       -2.176067	       +0.000000	       -2.481308	   +44369.992033	       -0.351643	       -0.000000	      +66.212324	      +66.212324
              31	              90	      +22.406965	      +26.815979	     -108.996714	     +223.775231	       -2.172418	       +0.000000	       -2.508682	   -19433.549316	       -0.346295	       -0.000000	     +110.097417	     +110.097417
              31	              91	      +22.406966	      +26.815980	     -108.996762	     +223.775231	       -2.172418	       +0.000000	       -2.508003	   -19201.379430	       -0.346295	       -0.000000	     +110.098049	     +110.098049
              31	              92	      +24.302515	      +28.711528	     -175.484168	     +257.463102	       -2.711205	       +0.000000	       -2.391781	    +6336.233742	       -0.325462	       -0.000000	      +76.875948	      +76.875948
              31	              93	      +24.302515	      +28.711529	     -175.484158	     +257.463102	       -2.711205	       +0.000000	       -2.392582	    +7739.097334	       -0.325462	       -0.000000	      +76.875157	      +76.875157
              31	              94	      +24.837782	      +29.246796	     -164.745243	     +233.031591	       -2.384413	       +0.000000	       -2.391557	   -21607.842832	       -0.320025	       -0.000000	      +63.510378	      +63.510378
              31	              95	      +24.837783	      +29.246797	     -164.745690	     +233.031591	       -2.384413	       +0.000000	       -2.392072	   -22588.489212	       -0.320025	       -0.000000	      +63.509416	      +63.509416
              31	              96	      +24.923395	      +29.332409	      -85.841316	     +132.679544	       -1.899069	       +0.000000	       -2.740421	   -19168.525222	       -0.319173	       -0.000000	      +42.198737	      +42.198737
              31	              97	      +24.923396	      +29.332409	      -85.841763	     +132.679544	       -1.899069	       +0.000000	       -2.740619	   -20377.540533	       -0.319173	       -0.000000	      +42.198092	      +42.198092
              31	              98	      +25.307746	      +29.716760	     -176.072269	     +236.833690	       -2.559347	       +0.000000	       -2.756258	   -20030.176023	       -0.315400	       -0.000000	      +55.445815	      +55.445815
              31	              99	      +25.307746	      +29.716760	     -176.072193	     +236.833690	       -2.559347	       +0.000000	       -2.756755	   -22459.404686	       -0.315400	       -0.000000	      +55.445395	      +55.445395

k-point 32:
              32	               0	      -65.453770	      -61.044756	     -633.647269	     +591.620025	      -39.342203	       -2.208900	       -5.008051	   +62619.038428	       +0.160629	       +0.000000	      -86.377498	      -86.377498
              32	               1	      -65.453768	      -61.044754	     -633.647280	     +591.620025	      -39.342203	       -2.208900	       -5.142915	   +61942.611420	       +0.160629	       +0.000000	      -86.512373	      -86.512373
              32	               2	      -42.170481	      -37.761467	     -603.632484	     +584.882669	      -33.226702	       -2.208900	       +2.624686	   -64839.492585	       +0.252841	       +0.000000	      -49.351831	      -49.351831
              32	               3	      -42.163240	      -37.754227	     -603.663195	     +584.628414	      -33.245132	       -2.208900	       +2.588947	   +27817.638272	       +0.252886	       +0.000000	      -49.690967	      -49.690967
              32	               4	      -39.636360	      -35.227347	     -597.358353	     +580.804375	      -32.574104	       -2.208900	       +2.186835	   +20151.030890	       +0.269691	       +0.000000	      -46.941247	      -46.941247
              32	               5	      -39.634236	      -35.225222	     -596.521526	     +579.888761	      -32.579221	       -2.208900	       +1.877890	   +50042.770641	       +0.269706	       +0.000000	      -47.334095	      -47.334095
              32	               6	      -39.534291	      -35.125277	     -600.018943	     +583.775431	      -32.565680	       -2.208900	       +3.004933	   -26168.940884	       +0.270417	       +0.000000	      -45.804258	      -45.804258
              32	               7	      -39.525881	      -35.116867	     -600.921987	     +584.355822	      -32.581272	       -2.208900	       +3.286685	   +32790.550228	       +0.270477	       +0.000000	      -45.860752	      -45.860752
              32	               8	      -18.334010	      -13.924997	     -388.393305	     +379.442533	      -21.700151	       -2.208900	       +5.811509	   +37263.393893	       +0.613251	       +0.000000	      -24.839414	      -24.839414
              32	               9	      -18.318231	      -13.909217	     -388.100304	     +379.126394	      -21.702405	       -2.208900	       +5.818752	   +37668.351045	       +0.613830	       +0.000000	      -24.857563	      -24.857563
              32	              10	      -17.722536	      -13.313522	     -368.979281	     +361.719076	      -21.640786	       -2.208900	       +5.854811	   -10836.896604	       +0.636526	       +0.000001	      -23.046181	      -23.046181
              32	              11	      -17.721166	      -13.312152	     -368.936137	     +361.664874	      -21.640048	       -2.208900	       +5.851431	   -11893.998638	       +0.636581	       +0.000001	      -23.059880	      -23.059880
              32	              12	      -10.245735	       -5.836721	     -417.039948	     +418.350707	      -17.686948	       -2.208900	       +3.518437	   +13897.106945	       +0.801605	       +0.000001	      -12.857752	      -12.147144
              32	              13	      -10.220717	       -5.811704	     -418.160250	     +419.596842	      -17.715964	       -2.208900	       +3.510912	   +10744.690567	       +0.801624	       +0.000001	      -12.768460	      -12.072352
              32	              14	       -9.056407	       -4.647394	     -390.681153	     +396.976833	      -16.905970	       -2.208900	       +3.026172	   -73873.720600	       +0.801598	       +0.000001	       -7.584118	       -7.943184
              32	              15	       -9.046129	       -4.637115	     -391.941032	     +398.379955	      -16.955199	       -2.208900	       +3.022741	   -70244.281691	       +0.801588	       +0.000001	       -7.493535	       -7.875461
              32	              16	       -9.017569	       -4.608556	     -400.332503	     +404.041933	      -17.331217	       -2.208900	       +2.853473	   +32245.235607	       +0.801552	       +0.000001	      -10.768313	      -10.348646
              32	              17	       -8.988062	       -4.579048	     -398.935004	     +402.719355	      -17.258330	       -2.208900	       +2.834933	   +23785.025924	       +0.801507	       +0.000001	      -10.639045	      -10.243025
              32	              18	       -8.542474	       -4.133460	     -404.745108	     +412.067409	      -17.651237	       -2.208900	       +2.604325	   +49731.073378	       +0.801584	       +0.000001	       -7.724612	       -7.913036
              32	              19	       -8.516204	       -4.107190	     -402.412923	     +409.744647	      -17.596816	       -2.208900	       +2.600216	   +47994.737406	       +0.801551	       +0.000001	       -7.664876	       -7.857814
              32	              20	       -7.289162	       -2.880149	     -420.607839	     +425.797846	      -16.958319	       -2.208900	       +2.079284	   +87447.795039	       +0.801558	       +0.000001	       -9.689028	       -9.076231
              32	              21	       -7.213013	       -2.803999	     -419.748050	     +424.946521	      -16.934284	       -2.208900	       +2.058527	   +93663.665080	       +0.801629	       +0.000001	       -9.677286	       -9.071796
              32	              22	       -6.417986	       -2.008972	     -324.041691	     +328.940842	      -16.408203	       -2.208900	       +2.351155	   +79217.648191	       +0.801362	       +0.000001	       -9.157897	       -8.463205
              32	              23	       -6.383177	       -1.974164	     -322.396771	     +327.222939	      -16.351863	       -2.208900	       +2.341204	   +82300.738480	       +0.801398	       +0.000001	       -9.184490	       -8.475224
              32	              24	       -6.168057	       -1.759043	     -460.889228	     +468.733545	      -17.438214	       -2.208900	       +1.025145	  -142955.977931	       +0.801645	       +0.000001	       -8.568753	       -8.034926
              32	              25	       -6.099043	       -1.690029	     -463.645887	     +471.601010	      -17.378900	       -2.208900	       +0.938482	  -135877.170648	       +0.801631	       +0.000001	       -8.485295	       -7.956359
              32	              26	       -3.445813	       +0.963201	     -417.622214	     +429.285352	      -11.351077	       +0.000000	       -3.119239	  +166464.211236	       -0.801421	       -0.000001	       -2.807179	       -2.954605
              32	              27	       -3.384031	       +1.024983	     -416.263679	     +428.145810	      -11.212784	       +0.000000	       -3.221161	  +192411.716994	       -0.801400	       -0.000001	       -2.551813	       -2.741863
              32	              28	       -2.847929	       +1.561085	     -459.845525	     +472.803553	      -12.219481	       +0.000000	       -3.946770	    -5208.011012	       -0.801475	       -0.000001	       -3.208223	       -3.133668
              32	              29	       -2.831975	       +1.577039	     -457.404862	     +470.559781	      -12.133006	       +0.000000	       -3.982218	   +27330.949937	       -0.801504	       -0.000001	       -2.960305	       -2.933938
              32	              30	       -2.645257	       +1.763757	     -439.104861	     +453.001000	      -11.227986	       +0.000000	       -3.772895	   -97208.528167	       -0.801644	       -0.000001	       -1.104742	       -1.468714
              32	              31	       -2.592549	       +1.816465	     -438.231206	     +452.210380	      -11.148692	       +0.000000	       -3.794120	  -103228.893669	       -0.801621	       -0.000001	       -0.963638	       -1.350891
              32	              32	       -1.170746	       +3.238267	     -415.056254	     +429.539104	      -11.193173	       +0.000000	       -4.237189	   -69606.885593	       -0.801646	       -0.000001	       -0.947512	       -0.978477
              32	              33	       -1.137569	       +3.271445	     -414.829839	     +429.412737	      -11.155084	       +0.000000	       -4.236651	   -68267.186552	       -0.801642	       -0.000001	       -0.808837	       -0.849769
              32	              34	       +3.626558	       +8.035571	     -359.151617	     +373.837523	       -6.727163	       +0.000000	       -5.321351	    -6240.700754	       -0.801423	       -0.000001	       +2.637392	       +2.806015
              32	              35	       +3.659790	       +8.068804	     -357.964320	     +372.622911	       -6.715158	       +0.000000	       -5.312994	    +6056.016895	       -0.801489	       -0.000001	       +2.630440	       +2.811466
              32	              36	       +4.108825	       +8.517839	     -275.080990	     +292.528701	       -4.946187	       +0.000000	       -4.348596	    +5390.835651	       -0.801383	       -0.000001	       +8.152928	       +7.163581
              32	              37	       +4.114094	       +8.523108	     -275.692340	     +293.125040	       -4.946267	       +0.000000	       -4.359475	    +5926.316946	       -0.801396	       -0.000001	       +8.126958	       +7.082873
              32	              38	       +4.242546	       +8.651559	     -227.779262	     +246.971224	       -4.679523	       +0.000000	       -3.916102	   -73782.858526	       -0.801602	       -0.000001	      +10.596337	     +377.404562
              32	              39	       +4.333528	       +8.742542	     -222.568307	     +242.038417	       -4.659114	       +0.000000	       -3.790802	   -76624.489920	       -0.801646	       -0.000001	      +11.020194	      +42.896223
              32	              40	       +4.972503	       +9.381517	     -359.291154	     +378.070670	       -6.453318	       +0.000000	       -4.967118	   -68722.606832	       -0.801557	       -0.000001	       +7.359080	       +7.036473
              32	              41	       +4.977818	       +9.386832	     -352.941760	     +371.951598	       -6.398865	       +0.000000	       -4.962602	   -67598.884110	       -0.801550	       -0.000001	       +7.648371	       +7.240286
              32	              42	       +5.116611	       +9.525625	     -227.555375	     +247.250543	       -4.476672	       +0.000000	       -4.473698	   +44324.251491	       -0.801401	       -0.000001	      +10.744799	       +8.605541
              32	              43	       +5.119130	       +9.528144	     -223.109035	     +242.861541	       -4.417988	       +0.000000	       -4.457286	   +44669.046994	       -0.801407	       -0.000001	      +10.877232	       +8.602833
              32	              44	       +6.377226	      +10.786239	     -351.321453	     +371.227958	       -6.222258	       +0.000000	       -1.631329	  -143071.290419	       -0.754956	       -0.000001	      +12.052918	      +12.052918
              32	              45	       +6.460976	      +10.869990	     -346.516241	     +366.608382	       -6.256530	       +0.000000	       -1.525521	  -166591.040934	       -0.750330	       -0.000001	      +12.310090	      +12.310090
              32	              46	       +6.974872	      +11.383886	     -272.098286	     +294.303212	       -5.312169	       +0.000000	       -5.094353	   -39856.585123	       -0.723140	       -0.000001	      +11.798403	      +11.798403
              32	              47	       +7.009344	      +11.418357	     -272.046812	     +294.039569	       -5.394822	       +0.000000	       -5.302935	   -39553.560318	       -0.721386	       -0.000001	      +11.295001	      +11.295001
              32	              48	       +7.026518	      +11.435532	     -275.726898	     +298.181277	       -5.247675	       +0.000000	       -4.801385	   -42311.112790	       -0.720515	       -0.000001	      +12.405319	      +12.405319
              32	              49	       +7.073719	      +11.482733	     -278.096945	     +300.876447	       -5.148957	       +0.000000	       -4.706454	   -25989.302582	       -0.718134	       -0.000001	      +12.924091	      +12.924091
              32	              50	       +7.846986	      +12.256000	     -182.775103	     +211.212786	       -3.989568	       +0.000000	       -3.815552	   -81648.758762	       -0.681244	       -0.000001	      +20.632563	      +20.632563
              32	              51	       +7.849614	      +12.258628	     -182.832709	     +211.283547	       -3.990885	       +0.000000	       -3.796891	   -79331.304975	       -0.681125	       -0.000001	      +20.663062	      +20.663062
              32	              52	       +9.209836	      +13.618849	     -262.871949	     +295.480661	       -4.721538	       +0.000000	       -4.452463	   -11774.171544	       -0.624688	       -0.000001	      +23.434711	      +23.434711
              32	              53	       +9.248774	      +13.657788	     -271.067623	     +302.668039	       -4.789082	       +0.000000	       -4.476338	   -12824.659374	       -0.623209	       -0.000001	      +22.334996	      +22.334996
              32	              54	       +9.762895	      +14.171908	     -290.190001	     +312.680407	       -5.269776	       +0.000000	       -4.690464	   -85522.009020	       -0.604328	       -0.000000	      +12.530166	      +12.530166
              32	              55	       +9.769431	      +14.178445	     -289.714338	     +312.241223	       -5.261323	       +0.000000	       -4.672759	   -96640.282667	       -0.604095	       -0.000000	      +12.592803	      +12.592803
              32	              56	      +10.615497	      +15.024511	     -239.378351	     +279.090728	       -4.338125	       +0.000000	       -3.809205	   -24774.282271	       -0.575416	       -0.000000	      +31.565047	      +31.565047
              32	              57	      +10.660545	      +15.069559	     -232.170507	     +273.701662	       -4.293785	       +0.000000	       -3.738414	   -17962.620645	       -0.573965	       -0.000000	      +33.498955	      +33.498955
              32	              58	      +12.076228	      +16.485242	     -279.626304	     +310.067740	       -4.836140	       +0.000000	       -5.117522	   -62015.940027	       -0.531826	       -0.000000	      +20.487773	      +20.487773
              32	              59	      +12.097790	      +16.506804	     -278.954978	     +309.568064	       -4.836980	       +0.000000	       -5.101894	   -63815.296154	       -0.531232	       -0.000000	      +20.674213	      +20.674213
              32	              60	      +14.435838	      +18.844852	      -78.596863	     +213.728493	       -2.594132	       +0.000000	       -2.989014	    +6826.728161	       -0.473841	       -0.000000	     +129.548485	     +129.548485
              32	              61	      +14.441038	      +18.850052	      -71.558518	     +210.645673	       -2.557833	       +0.000000	       -2.961027	    +8602.882084	       -0.473727	       -0.000000	     +133.568295	     +133.568295
              32	              62	      +15.090692	      +19.499705	     -147.732346	     +194.895235	       -2.497851	       +0.000000	       -3.354606	   -98966.472859	       -0.459925	       -0.000000	      +41.310432	      +41.310432
              32	              63	      +15.093921	      +19.502935	     -143.648242	     +193.088552	       -2.470413	       +0.000000	       -3.333077	   -94847.412630	       -0.459858	       -0.000000	      +43.636820	      +43.636820
              32	              64	      +15.220725	      +19.629739	      -75.244443	     +171.095609	       -2.336996	       +0.000000	       -2.941889	   +11817.046683	       -0.457258	       -0.000000	      +90.572282	      +90.572282
              32	              65	      +15.223438	      +19.632451	      -75.506266	     +171.048318	       -2.336031	       +0.000000	       -2.938876	   +11950.734908	       -0.457203	       -0.000000	      +90.267144	      +90.267144
              32	              66	      +15.554058	      +19.963072	     -105.240399	     +175.745790	       -2.520654	       +0.000000	       -2.988797	     +467.833236	       -0.450561	       -0.000000	      +64.995940	      +64.995940
              32	              67	      +15.554321	      +19.963335	     -104.664285	     +175.065696	       -2.514455	       +0.000000	       -2.981682	    -1310.283147	       -0.450556	       -0.000000	      +64.905274	      +64.905274
              32	              68	      +15.934143	      +20.343157	     -200.835596	     +255.737760	       -3.453206	       +0.000000	       -2.697636	   -11147.157497	       -0.443161	       -0.000000	      +48.751322	      +48.751322
              32	              69	      +15.970723	      +20.379737	     -200.854784	     +255.380165	       -3.442873	       +0.000000	       -2.756029	   -12857.633641	       -0.442461	       -0.000000	      +48.326479	      +48.326479
              32	              70	      +16.783729	      +21.192742	     -118.536554	     +159.100747	       -2.127576	       +0.000000	       -2.811142	   +28144.210189	       -0.427466	       -0.000000	      +35.625474	      +35.625474
              32	              71	      +16.785562	      +21.194576	     -119.325022	     +159.532640	       -2.128397	       +0.000000	       -2.812283	   +28376.724913	       -0.427434	       -0.000000	      +35.266938	      +35.266938
              32	              72	      +16.917464	      +21.326478	      +36.093029	     +136.449728	       -1.991122	       +0.000000	       -2.536145	    -8337.901998	       -0.425097	       -0.000000	     +168.015490	     +168.015490
              32	              73	      +16.921490	      +21.330504	      +40.388420	     +135.851108	       -1.971450	       +0.000000	       -2.510124	    -9420.336577	       -0.425026	       -0.000000	     +171.757954	     +171.757954
              32	              74	      +17.693825	      +22.102839	     -150.526538	     +256.667804	       -2.738177	       +0.000000	       -3.249592	   -15428.080942	       -0.411843	       -0.000000	     +100.153497	     +100.153497
              32	              75	      +17.743617	      +22.152631	     -164.904272	     +263.742912	       -2.812022	       +0.000000	       -3.298454	   -17106.786835	       -0.411021	       -0.000000	      +92.728163	      +92.728163
              32	              76	      +18.030567	      +22.439581	      -92.378387	     +200.113980	       -2.395518	       +0.000000	       -3.027885	    +6230.235812	       -0.406347	       -0.000000	     +102.312190	     +102.312190
              32	              77	      +18.035051	      +22.444065	      -92.605477	     +200.284227	       -2.394622	       +0.000000	       -3.036548	    +5018.872141	       -0.406275	       -0.000000	     +102.247581	     +102.247581
              32	              78	      +19.504283	      +23.913297	     -247.680520	     +288.341420	       -3.191369	       +0.000000	       -3.484918	   +21333.523717	       -0.383927	       -0.000000	      +33.984613	      +33.984613
              32	              79	      +19.513777	      +23.922790	     -252.005887	     +289.592100	       -3.195586	       +0.000000	       -3.549094	   +14456.637262	       -0.383791	       -0.000000	      +30.841533	      +30.841533
              32	              80	      +19.632764	      +24.041778	     -229.682242	     +278.010721	       -2.963712	       +0.000000	       -3.006245	    -6302.126132	       -0.382090	       -0.000000	      +42.358521	      +42.358521
              32	              81	      +19.640344	      +24.049358	     -223.368186	     +274.220018	       -2.936606	       +0.000000	       -3.014018	    -5975.866438	       -0.381982	       -0.000000	      +44.901208	      +44.901208
              32	              82	      +19.713689	      +24.122702	     -201.013373	     +283.776227	       -3.081499	       +0.000000	       -1.898962	  +125131.153439	       -0.380941	       -0.000000	      +77.782393	      +77.782393
              32	              83	      +19.760134	      +24.169148	     -203.937955	     +287.074147	       -3.113846	       +0.000000	       -1.807486	  +129715.567454	       -0.380285	       -0.000000	      +78.214861	      +78.214861
              32	              84	      +21.307646	      +25.716660	     -202.976307	     +267.135792	       -2.849255	       +0.000000	       -2.171628	   -44385.087017	       -0.359646	       -0.000000	      +59.138601	      +59.138601
              32	              85	      +21.392890	      +25.801904	     -208.403115	     +275.632176	       -2.904066	       +0.000000	       -2.308196	   -45506.946849	       -0.358574	       -0.000000	      +62.016799	      +62.016799
              32	              86	      +21.447627	      +25.856640	      -97.642520	     +170.604822	       -2.184787	       +0.000000	       -2.357417	   -49910.982880	       -0.357889	       -0.000000	      +68.420098	      +68.420098
              32	              87	      +21.468243	      +25.877257	     -107.568291	     +181.445841	       -2.259966	       +0.000000	       -2.364240	   -47425.227852	       -0.357632	       -0.000000	      +69.253344	      +69.253344
              32	              88	      +22.135011	      +26.544025	      +20.904860	     +155.671590	       -1.721865	       +0.000000	       -2.219669	   +17319.900758	       -0.349505	       -0.000000	     +172.634916	     +172.634916
              32	              89	      +22.137843	      +26.546857	      +21.167088	     +155.172720	       -1.718286	       +0.000000	       -2.201512	   +17734.416647	       -0.349471	       -0.000000	     +172.420010	     +172.420010
              32	              90	      +22.483378	      +26.892392	     -120.275801	     +209.390426	       -2.278783	       +0.000000	       -2.894837	   -24559.219101	       -0.345404	       -0.000000	      +83.941005	      +83.941005
              32	              91	      +22.486114	      +26.895128	     -123.267294	     +211.512498	       -2.294703	       +0.000000	       -2.921794	   -26538.271169	       -0.345372	       -0.000000	      +83.028707	      +83.028707
              32	              92	      +23.579833	      +27.988847	     -246.665892	     +299.128304	       -2.940605	       +0.000000	       -2.991071	   -53495.241003	       -0.333102	       -0.000000	      +46.530736	      +46.530736
              32	              93	      +23.587966	      +27.996980	     -249.832600	     +302.069296	       -2.973236	       +0.000000	       -2.981498	   -54859.711659	       -0.333014	       -0.000000	      +46.281962	      +46.281962
              32	              94	      +23.734400	      +28.143414	     -210.419368	     +268.484832	       -2.741200	       +0.000000	       -2.919570	   +29012.377050	       -0.331438	       -0.000000	      +52.404694	      +52.404694
              32	              95	      +23.740290	      +28.149303	     -211.500231	     +269.365314	       -2.746518	       +0.000000	       -2.906047	   +28996.795758	       -0.331375	       -0.000000	      +52.212517	      +52.212517
              32	              96	      +24.301640	      +28.710653	      -43.794938	     +191.477608	       -2.017407	       +0.000000	       -2.375561	    -6154.772395	       -0.325471	       -0.000000	     +143.289702	     +143.289702
              32	              97	      +24.324380	      +28.733393	      -35.510411	     +188.167942	       -2.003033	       +0.000000	       -2.323037	    -2451.091021	       -0.325236	       -0.000000	     +148.331462	     +148.331462
              32	              98	      +24.372062	      +28.781076	     -122.058274	     +218.970769	       -2.180391	       +0.000000	       -2.531721	     +612.392731	       -0.324745	       -0.000000	      +92.200384	      +92.200384
              32	              99	      +24.374801	      +28.783814	     -125.137144	     +219.801284	       -2.189224	       +0.000000	       -2.557174	    +1444.031500	       -0.324717	       -0.000000	      +89.917742	      +89.917742

k-point 33:
              33	               0	      -65.468366	      -61.059353	     -633.764259	     +591.487309	      -39.338470	       -2.208900	       -5.040667	   +11381.333754	       +0.160593	       +0.000000	      -86.656088	      -86.656088
              33	               1	      -65.468363	      -61.059350	     -633.764284	     +591.487309	      -39.338470	       -2.208900	       -4.843034	   +11124.002015	       +0.160593	       +0.000000	      -86.458479	      -86.458479
              33	               2	      -42.219225	      -37.810211	     -603.725834	     +585.118201	      -33.224832	       -2.208900	       +2.366519	  -125707.309131	       +0.252537	       +0.000000	      -49.465946	      -49.465946
              33	               3	      -42.204416	      -37.795402	     -603.795232	     +584.789605	      -33.260201	       -2.208900	       +2.259261	  +111545.477047	       +0.252630	       +0.000000	      -50.006567	      -50.006567
              33	               4	      -39.715679	      -35.306665	     -600.320390	     +584.118475	      -32.557251	       -2.208900	       +3.180348	   -95493.133573	       +0.269130	       +0.000000	      -45.578817	      -45.578817
              33	               5	      -39.696202	      -35.287188	     -599.283256	     +582.617956	      -32.594414	       -2.208900	       +2.626816	  +114921.258191	       +0.269268	       +0.000000	      -46.632898	      -46.632898
              33	               6	      -39.570622	      -35.161608	     -596.446038	     +580.035112	      -32.581753	       -2.208900	       +1.151240	   +26697.178998	       +0.270158	       +0.000000	      -47.841440	      -47.841440
              33	               7	      -39.568904	      -35.159891	     -597.619708	     +581.135176	      -32.583785	       -2.208900	       +1.695644	   +37570.758345	       +0.270171	       +0.000000	      -47.372673	      -47.372673
              33	               8	      -17.545459	      -13.136445	     -390.672747	     +382.274073	      -21.765158	       -2.208900	       +5.796500	   +10162.874331	       +0.643600	       +0.000001	      -24.367332	      -24.367332
              33	               9	      -17.506052	      -13.097038	     -390.004148	     +381.604663	      -21.775365	       -2.208900	       +5.793289	    +9199.478140	       +0.645196	       +0.000001	      -24.381562	      -24.381562
              33	              10	      -17.368638	      -12.959625	     -378.869762	     +373.128766	      -21.741879	       -2.208900	       +5.950731	    +2641.326314	       +0.650823	       +0.000001	      -21.532144	      -21.532144
              33	              11	      -17.365581	      -12.956567	     -378.802563	     +373.037485	      -21.740315	       -2.208900	       +5.946358	    +1951.936356	       +0.650949	       +0.000001	      -21.559034	      -21.559034
              33	              12	      -10.630585	       -6.221572	     -399.456114	     +399.646919	      -17.284413	       -2.208900	       +3.793081	    +8200.468017	       +0.801643	       +0.000001	      -13.300528	      -12.576290
              33	              13	      -10.619144	       -6.210131	     -399.119013	     +399.303117	      -17.295070	       -2.208900	       +3.793172	    +8655.845090	       +0.801640	       +0.000001	      -13.317793	      -12.583155
              33	              14	      -10.254310	       -5.845296	     -401.624671	     +402.275083	      -17.554692	       -2.208900	       +3.497865	   +51045.628214	       +0.801597	       +0.000001	      -13.406415	      -12.585312
              33	              15	      -10.244388	       -5.835374	     -402.397284	     +403.042881	      -17.556556	       -2.208900	       +3.478708	   +48386.135176	       +0.801607	       +0.000001	      -13.432251	      -12.602099
              33	              16	       -9.147465	       -4.738451	     -379.299548	     +383.019268	      -17.499934	       -2.208900	       +3.154217	   +22398.336275	       +0.801646	       +0.000001	      -10.625997	      -10.238111
              33	              17	       -9.142129	       -4.733115	     -381.741848	     +385.569758	      -17.546018	       -2.208900	       +3.149911	   +19505.664099	       +0.801645	       +0.000001	      -10.568197	      -10.197242
              33	              18	       -8.577062	       -4.168048	     -384.051505	     +388.134407	      -17.385018	       -2.208900	       +2.869369	   +15382.179173	       +0.801616	       +0.000001	      -10.432746	       -9.985875
              33	              19	       -8.560046	       -4.151032	     -383.940841	     +387.971011	      -17.389007	       -2.208900	       +2.855319	   +17140.788069	       +0.801602	       +0.000001	      -10.503518	      -10.041598
              33	              20	       -7.703408	       -3.294394	     -380.050562	     +383.395784	      -16.268866	       -2.208900	       +2.319960	   +11202.490415	       +0.801634	       +0.000001	      -10.603683	       -9.847220
              33	              21	       -7.638031	       -3.229017	     -379.765463	     +383.165937	      -16.281372	       -2.208900	       +2.295085	    +6895.787807	       +0.801645	       +0.000001	      -10.585813	       -9.840601
              33	              22	       -7.117239	       -2.708226	     -327.172667	     +332.038698	      -16.896403	       -2.208900	       +2.555191	    +3671.120439	       +0.801639	       +0.000001	       -9.475181	       -8.877182
              33	              23	       -7.105359	       -2.696345	     -327.962668	     +332.796052	      -16.871583	       -2.208900	       +2.541916	    -1262.878642	       +0.801634	       +0.000001	       -9.496283	       -8.889532
              33	              24	       -5.867656	       -1.458642	     -472.027143	     +482.522087	      -16.915677	       -2.208900	       +0.866421	  -173374.764763	       +0.801430	       +0.000001	       -5.554312	       -5.627541
              33	              25	       -5.764843	       -1.355829	     -470.508591	     +480.923625	      -16.756751	       -2.208900	       +0.758507	  -154312.685970	       +0.801587	       +0.000001	       -5.583210	       -5.625369
              33	              26	       -3.108350	       +1.300664	     -474.674434	     +487.568921	      -12.678778	       +0.000000	       -4.020512	   +79830.470305	       -0.801631	       -0.000001	       -3.804803	       -3.708710
              33	              27	       -3.088701	       +1.320312	     -468.610089	     +481.519824	      -12.559875	       +0.000000	       -3.893290	   +86789.317610	       -0.801618	       -0.000001	       -3.543430	       -3.475251
              33	              28	       -2.527624	       +1.881390	     -506.411407	     +521.206218	      -12.809904	       +0.000000	       -4.116705	   +86798.512518	       -0.801557	       -0.000001	       -2.131798	       -2.192095
              33	              29	       -2.424766	       +1.984248	     -501.385152	     +516.161099	      -12.563716	       +0.000000	       -4.098168	   +94719.396267	       -0.801376	       -0.000001	       -1.885937	       -1.973382
              33	              30	       -2.018792	       +2.390222	     -407.038784	     +424.009469	      -10.763627	       +0.000000	       -3.936452	   -83921.297643	       -0.801545	       -0.000001	       +2.270606	       +1.227254
              33	              31	       -2.013997	       +2.395017	     -409.224639	     +426.239114	      -10.787586	       +0.000000	       -3.940092	   -93067.886441	       -0.801538	       -0.000001	       +2.286797	       +1.229330
              33	              32	       -0.900245	       +3.508769	     -428.873249	     +446.791606	      -10.840100	       +0.000000	       -4.341023	   -10307.514316	       -0.801362	       -0.000001	       +2.737234	       +2.844793
              33	              33	       -0.871182	       +3.537832	     -430.937547	     +448.869813	      -10.832253	       +0.000000	       -4.367126	   -16426.085152	       -0.801428	       -0.000001	       +2.732886	       +2.805364
              33	              34	       +1.945959	       +6.354972	     -332.577393	     +347.679351	       -6.608723	       +0.000000	       -4.539359	   +29998.392568	       -0.801588	       -0.000001	       +3.953876	       +3.428811
              33	              35	       +1.983576	       +6.392589	     -329.168781	     +344.399135	       -6.546186	       +0.000000	       -4.532557	   +38498.734159	       -0.801542	       -0.000001	       +4.151610	       +3.584650
              33	              36	       +3.821248	       +8.230262	     -318.763469	     +335.332115	       -5.710919	       +0.000000	       -4.658499	   +16523.521546	       -0.801645	       -0.000001	       +6.199229	       +5.834467
              33	              37	       +3.848374	       +8.257387	     -311.311890	     +327.613980	       -5.663311	       +0.000000	       -4.623777	    +3086.044221	       -0.801645	       -0.000001	       +6.015002	       +5.670102
              33	              38	       +3.878466	       +8.287479	     -313.562855	     +330.002625	       -5.688014	       +0.000000	       -4.622760	    +5901.311363	       -0.801637	       -0.000001	       +6.128996	       +5.699850
              33	              39	       +3.888878	       +8.297892	     -319.969880	     +336.687224	       -5.709995	       +0.000000	       -4.644532	   +15925.846786	       -0.801632	       -0.000001	       +6.362817	       +5.931642
              33	              40	       +4.941531	       +9.350544	     -299.342309	     +319.305480	       -5.496660	       +0.000000	       -4.111166	   -52314.647154	       -0.801592	       -0.000001	      +10.355344	       +9.092826
              33	              41	       +4.945480	       +9.354493	     -304.427940	     +324.293762	       -5.577773	       +0.000000	       -4.126996	   -54662.027086	       -0.801588	       -0.000001	      +10.161053	       +8.870081
              33	              42	       +5.062530	       +9.471544	     -246.679280	     +265.781926	       -5.118872	       +0.000000	       -4.432771	   -81673.245709	       -0.801403	       -0.000001	       +9.551003	       +7.599397
              33	              43	       +5.065575	       +9.474589	     -247.012495	     +266.128311	       -5.122424	       +0.000000	       -4.404485	   -79853.421930	       -0.801397	       -0.000001	       +9.588908	       +7.577097
              33	              44	       +5.970855	      +10.379869	     -308.756376	     +328.061152	       -6.020131	       +0.000000	       -4.229520	   +18228.835778	       -0.778239	       -0.000001	       +9.055126	       +8.514192
              33	              45	       +5.985585	      +10.394598	     -307.589772	     +326.907147	       -6.012081	       +0.000000	       -4.193391	   +21742.402431	       -0.777370	       -0.000001	       +9.111902	       +8.594707
              33	              46	       +7.712103	      +12.121117	     -209.816022	     +231.126021	       -4.143329	       +0.000000	       -4.540783	    -8055.215586	       -0.687403	       -0.000001	      +12.625887	      +12.625887
              33	              47	       +7.716249	      +12.125263	     -209.555168	     +230.915596	       -4.137211	       +0.000000	       -4.534443	   -12679.657283	       -0.687212	       -0.000001	      +12.688774	      +12.688774
              33	              48	       +8.225857	      +12.634871	     -288.150510	     +311.654158	       -5.095535	       +0.000000	       -4.262765	    +4931.679493	       -0.664519	       -0.000001	      +14.145348	      +14.145348
              33	              49	       +8.236303	      +12.645317	     -288.109114	     +311.683522	       -5.096320	       +0.000000	       -4.260027	    +3066.955129	       -0.664069	       -0.000001	      +14.218061	      +14.218061
              33	              50	       +9.059446	      +13.468459	     -228.976216	     +252.478061	       -4.347819	       +0.000000	       -4.465380	   +32626.790320	       -0.630463	       -0.000001	      +14.688646	      +14.688646
              33	              51	       +9.065216	      +13.474229	     -230.373801	     +253.879305	       -4.357780	       +0.000000	       -4.470153	   +34549.487088	       -0.630240	       -0.000001	      +14.677571	      +14.677571
              33	              52	       +9.639265	      +14.048278	     -233.590908	     +258.494858	       -4.733147	       +0.000000	       -4.552883	   -94559.963441	       -0.608763	       -0.000000	      +15.617919	      +15.617919
              33	              53	       +9.642212	      +14.051225	     -232.695856	     +257.509107	       -4.722598	       +0.000000	       -4.536136	   -99640.017973	       -0.608656	       -0.000000	      +15.554517	      +15.554517
              33	              54	      +10.407414	      +14.816427	     -194.148290	     +232.343607	       -3.738730	       +0.000000	       -3.530791	   -24815.195990	       -0.582214	       -0.000000	      +30.925796	      +30.925796
              33	              55	      +10.439783	      +14.848797	     -198.142295	     +236.083678	       -3.774013	       +0.000000	       -3.527563	   -26347.373363	       -0.581146	       -0.000000	      +30.639807	      +30.639807
              33	              56	      +11.974969	      +16.383983	     -168.261727	     +205.755469	       -3.277372	       +0.000000	       -3.535900	   -35496.019335	       -0.534633	       -0.000000	      +30.680471	      +30.680471
              33	              57	      +11.982246	      +16.391260	     -173.149100	     +210.307903	       -3.333137	       +0.000000	       -3.543043	   -43830.530720	       -0.534431	       -0.000000	      +30.282623	      +30.282623
              33	              58	      +13.134243	      +17.543257	     -123.459876	     +170.304586	       -2.928866	       +0.000000	       -3.362616	   -45878.496974	       -0.504163	       -0.000000	      +40.553228	      +40.553228
              33	              59	      +13.137581	      +17.546594	     -126.052739	     +172.516780	       -2.937332	       +0.000000	       -3.362735	   -48495.745876	       -0.504080	       -0.000000	      +40.163974	      +40.163974
              33	              60	      +13.174720	      +17.583734	     -211.896784	     +247.537522	       -3.296759	       +0.000000	       -3.741493	   -85899.361530	       -0.503161	       -0.000000	      +28.602487	      +28.602487
              33	              61	      +13.179388	      +17.588401	     -218.597604	     +253.354607	       -3.317938	       +0.000000	       -3.775116	   -87336.012211	       -0.503046	       -0.000000	      +27.663948	      +27.663948
              33	              62	      +14.314042	      +18.723056	     -162.366195	     +212.579084	       -3.421427	       +0.000000	       -3.582396	   +55986.677445	       -0.476523	       -0.000000	      +43.209066	      +43.209066
              33	              63	      +14.317398	      +18.726412	     -162.060469	     +212.365559	       -3.420165	       +0.000000	       -3.571841	   +56282.979314	       -0.476449	       -0.000000	      +43.313084	      +43.313084
              33	              64	      +14.782155	      +19.191168	     -180.779271	     +227.704902	       -3.194824	       +0.000000	       -3.522823	    +2960.973283	       -0.466378	       -0.000000	      +40.207984	      +40.207984
              33	              65	      +14.823564	      +19.232578	     -178.948306	     +225.991974	       -3.166095	       +0.000000	       -3.507100	     -244.229460	       -0.465502	       -0.000000	      +40.370473	      +40.370473
              33	              66	      +15.868750	      +20.277764	     -188.686737	     +272.132429	       -3.456964	       +0.000000	       -3.389286	   -25389.357389	       -0.444417	       -0.000000	      +76.599442	      +76.599442
              33	              67	      +15.902549	      +20.311563	     -191.821519	     +274.924317	       -3.486174	       +0.000000	       -3.394905	   -24640.535916	       -0.443767	       -0.000000	      +76.221719	      +76.221719
              33	              68	      +16.231173	      +20.640187	     -177.156584	     +224.263672	       -3.005457	       +0.000000	       -3.520944	   -29018.342999	       -0.437544	       -0.000000	      +40.580686	      +40.580686
              33	              69	      +16.237868	      +20.646882	     -175.161554	     +222.357148	       -2.992264	       +0.000000	       -3.504975	   -28795.539949	       -0.437419	       -0.000000	      +40.698356	      +40.698356
              33	              70	      +16.957432	      +21.366446	     -180.553504	     +229.804425	       -3.319529	       +0.000000	       -3.668893	   +81139.142599	       -0.424394	       -0.000000	      +42.262499	      +42.262499
              33	              71	      +16.962787	      +21.371800	     -183.860410	     +232.900422	       -3.347607	       +0.000000	       -3.675355	   +81363.087733	       -0.424300	       -0.000000	      +42.017051	      +42.017051
              33	              72	      +17.403842	      +21.812856	     -180.425878	     +247.373066	       -3.174834	       +0.000000	       -3.044277	   -40366.466711	       -0.416695	       -0.000000	      +60.728076	      +60.728076
              33	              73	      +17.455890	      +21.864904	     -179.004753	     +248.060445	       -3.155293	       +0.000000	       -3.094915	   -36517.170494	       -0.415816	       -0.000000	      +62.805484	      +62.805484
              33	              74	      +17.926375	      +22.335389	      -96.512043	     +234.694771	       -2.502938	       +0.000000	       -2.422222	   -41682.315905	       -0.408032	       -0.000000	     +133.257567	     +133.257567
              33	              75	      +17.928272	      +22.337285	      -92.299673	     +232.779620	       -2.480104	       +0.000000	       -2.422872	   -39150.179991	       -0.408001	       -0.000000	     +135.576970	     +135.576970
              33	              76	      +18.305844	      +22.714858	      -59.589787	     +156.965014	       -1.926166	       +0.000000	       -2.653314	   -42339.486548	       -0.401963	       -0.000000	      +92.795746	      +92.795746
              33	              77	      +18.308611	      +22.717625	      -58.905016	     +156.555639	       -1.923572	       +0.000000	       -2.653700	   -41900.884498	       -0.401919	       -0.000000	      +93.073351	      +93.073351
              33	              78	      +19.025700	      +23.434713	      -78.409621	     +221.675728	       -2.576859	       +0.000000	       -2.913658	    -2547.131883	       -0.390932	       -0.000000	     +137.775590	     +137.775590
              33	              79	      +19.025795	      +23.434809	      -76.234314	     +220.476353	       -2.563494	       +0.000000	       -2.902533	    -1235.510519	       -0.390931	       -0.000000	     +138.776012	     +138.776012
              33	              80	      +19.939293	      +24.348307	      -69.121994	     +228.501640	       -2.434497	       +0.000000	       -1.852727	   +86405.467749	       -0.377775	       -0.000000	     +155.092422	     +155.092422
              33	              81	      +19.940021	      +24.349035	      -68.337591	     +227.970494	       -2.431674	       +0.000000	       -1.840124	   +91781.687124	       -0.377765	       -0.000000	     +155.361105	     +155.361105
              33	              82	      +19.999146	      +24.408160	     -120.860058	     +239.117254	       -2.473980	       +0.000000	       -2.555085	   +44909.793681	       -0.376944	       -0.000000	     +113.228131	     +113.228131
              33	              83	      +20.005207	      +24.414220	     -119.696816	     +238.520265	       -2.469664	       +0.000000	       -2.544927	   +42515.998555	       -0.376860	       -0.000000	     +113.808859	     +113.808859
              33	              84	      +21.135551	      +25.544565	      +27.154195	     +190.262611	       -1.761147	       +0.000000	       -2.223718	    -4249.971784	       -0.361830	       -0.000000	     +213.431941	     +213.431941
              33	              85	      +21.153859	      +25.562873	      +28.695572	     +189.456789	       -1.758748	       +0.000000	       -2.214519	    -4521.958801	       -0.361596	       -0.000000	     +214.179094	     +214.179094
              33	              86	      +21.528329	      +25.937343	     -182.331172	     +268.226507	       -2.765539	       +0.000000	       -3.071736	   -15694.076531	       -0.356884	       -0.000000	      +80.058060	      +80.058060
              33	              87	      +21.532853	      +25.941867	     -183.940239	     +269.062818	       -2.770593	       +0.000000	       -3.076715	   -15123.624078	       -0.356828	       -0.000000	      +79.275271	      +79.275271
              33	              88	      +22.096328	      +26.505342	     -181.990468	     +268.471965	       -2.911752	       +0.000000	       -2.695941	   +59009.904077	       -0.349966	       -0.000000	      +80.873804	      +80.873804
              33	              89	      +22.098253	      +26.507267	     -180.880898	     +267.715564	       -2.905756	       +0.000000	       -2.691228	   +62651.787697	       -0.349943	       -0.000000	      +81.237682	      +81.237682
              33	              90	      +22.640336	      +27.049350	      -49.758313	     +198.857093	       -2.098283	       +0.000000	       -2.354202	   +42723.374227	       -0.343587	       -0.000000	     +144.646296	     +144.646296
              33	              91	      +22.645723	      +27.054737	      -48.346785	     +198.095069	       -2.088726	       +0.000000	       -2.353101	   +42006.243385	       -0.343525	       -0.000000	     +145.306458	     +145.306458
              33	              92	      +22.798622	      +27.207636	      -33.566509	     +227.554951	       -2.163890	       +0.000000	       -2.090281	   +62996.207327	       -0.341775	       -0.000000	     +189.734270	     +189.734270
              33	              93	      +22.799400	      +27.208413	      -37.481449	     +228.712943	       -2.183083	       +0.000000	       -2.091099	   +62099.920512	       -0.341766	       -0.000000	     +186.957313	     +186.957313
              33	              94	      +23.679958	      +28.088972	     -111.032116	     +215.028261	       -2.361029	       +0.000000	       -2.254920	   -33294.559721	       -0.332022	       -0.000000	      +99.380196	      +99.380196
              33	              95	      +23.683919	      +28.092933	     -108.969203	     +213.403302	       -2.349705	       +0.000000	       -2.262747	   -34810.053292	       -0.331980	       -0.000000	      +99.821647	      +99.821647
              33	              96	      +23.952064	      +28.361077	     -195.021228	     +278.217735	       -2.799332	       +0.000000	       -2.883152	   +29009.649687	       -0.329123	       -0.000000	      +77.514022	      +77.514022
              33	              97	      +23.979212	      +28.388225	     -194.948030	     +277.457207	       -2.799805	       +0.000000	       -2.897496	   +26939.559092	       -0.328836	       -0.000000	      +76.811876	      +76.811876
              33	              98	      +24.160332	      +28.569346	      -93.172244	     +237.389480	       -2.247835	       +0.000000	       -2.112537	   -15347.910743	       -0.326937	       -0.000000	     +139.856864	     +139.856864
              33	              99	      +24.160700	      +28.569713	      -93.047649	     +237.710900	       -2.250265	       +0.000000	       -2.094711	   -15102.484018	       -0.326933	       -0.000000	     +140.318275	     +140.318275

k-point 34:
              34	               0	      -65.468367	      -61.059353	     -633.764260	     +591.487302	      -39.338470	       -2.208900	       -5.049006	   +24248.126232	       +0.160593	       +0.000000	      -86.664434	      -86.664434
              34	               1	      -65.468364	      -61.059350	     -633.764284	     +591.487302	      -39.338470	       -2.208900	       -4.852654	   +23451.270685	       +0.160593	       +0.000000	      -86.468106	      -86.468106
              34	               2	      -42.219225	      -37.810211	     -603.725833	     +585.118203	      -33.224832	       -2.208900	       +2.360390	  -128607.790360	       +0.252537	       +0.000000	      -49.472072	      -49.472072
              34	               3	      -42.204416	      -37.795402	     -603.795232	     +584.789604	      -33.260201	       -2.208900	       +2.257385	  +123225.038241	       +0.252630	       +0.000000	      -50.008444	      -50.008444
              34	               4	      -39.715679	      -35.306665	     -600.320383	     +584.118473	      -32.557251	       -2.208900	       +3.166749	  -106338.952287	       +0.269130	       +0.000000	      -45.592410	      -45.592410
              34	               5	      -39.696202	      -35.287188	     -599.283243	     +582.617948	      -32.594413	       -2.208900	       +2.616724	  +118856.154893	       +0.269268	       +0.000000	      -46.642985	      -46.642985
              34	               6	      -39.570622	      -35.161608	     -596.446046	     +580.035119	      -32.581754	       -2.208900	       +1.161962	   +43266.501941	       +0.270158	       +0.000000	      -47.830719	      -47.830719
              34	               7	      -39.568904	      -35.159890	     -597.619721	     +581.135186	      -32.583785	       -2.208900	       +1.707107	   +53605.818680	       +0.270171	       +0.000000	      -47.361213	      -47.361213
              34	               8	      -17.545460	      -13.136446	     -390.672717	     +382.274046	      -21.765158	       -2.208900	       +5.848424	   +31296.764153	       +0.643600	       +0.000001	      -24.315405	      -24.315405
              34	               9	      -17.506053	      -13.097040	     -390.004118	     +381.604638	      -21.775365	       -2.208900	       +5.847953	   +30294.644349	       +0.645196	       +0.000001	      -24.326892	      -24.326892
              34	              10	      -17.368642	      -12.959628	     -378.869782	     +373.128777	      -21.741880	       -2.208900	       +6.013833	   +34186.573625	       +0.650823	       +0.000001	      -21.469051	      -21.469051
              34	              11	      -17.365584	      -12.956570	     -378.802583	     +373.037496	      -21.740316	       -2.208900	       +6.016384	   +34315.165662	       +0.650949	       +0.000001	      -21.489018	      -21.489018
              34	              12	      -10.630580	       -6.221567	     -399.456085	     +399.646906	      -17.284415	       -2.208900	       +3.800586	   +20002.103428	       +0.801643	       +0.000001	      -13.293008	      -12.553102
              34	              13	      -10.619140	       -6.210126	     -399.118972	     +399.303092	      -17.295071	       -2.208900	       +3.800590	   +17980.321792	       +0.801640	       +0.000001	      -13.310361	      -12.561117
              34	              14	      -10.254303	       -5.845289	     -401.624681	     +402.275097	      -17.554689	       -2.208900	       +3.501165	   +12462.698866	       +0.801597	       +0.000001	      -13.403109	      -12.573232
              34	              15	      -10.244381	       -5.835368	     -402.397295	     +403.042895	      -17.556553	       -2.208900	       +3.482093	   +10204.540761	       +0.801607	       +0.000001	      -13.428860	      -12.590465
              34	              16	       -9.147467	       -4.738453	     -379.299702	     +383.019410	      -17.499933	       -2.208900	       +3.169568	   -15098.474710	       +0.801646	       +0.000001	      -10.610657	      -10.227060
              34	              17	       -9.142130	       -4.733117	     -381.741997	     +385.569893	      -17.546017	       -2.208900	       +3.165252	   -18843.252568	       +0.801645	       +0.000001	      -10.552870	      -10.184197
              34	              18	       -8.577065	       -4.168051	     -384.051425	     +388.134303	      -17.385022	       -2.208900	       +2.885661	   +13795.851836	       +0.801616	       +0.000001	      -10.416482	       -9.980983
              34	              19	       -8.560049	       -4.151035	     -383.940758	     +387.970903	      -17.389012	       -2.208900	       +2.872603	   +13551.794839	       +0.801602	       +0.000001	      -10.486264	      -10.035432
              34	              20	       -7.703410	       -3.294396	     -380.050303	     +383.395539	      -16.268862	       -2.208900	       +2.326434	   +27785.459147	       +0.801634	       +0.000001	      -10.597191	       -9.841755
              34	              21	       -7.638033	       -3.229019	     -379.765189	     +383.165675	      -16.281368	       -2.208900	       +2.300806	   +25539.369773	       +0.801645	       +0.000001	      -10.580075	       -9.833278
              34	              22	       -7.117239	       -2.708225	     -327.172577	     +332.038649	      -16.896397	       -2.208900	       +2.547165	    +5903.652667	       +0.801639	       +0.000001	       -9.483161	       -8.884783
              34	              23	       -7.105358	       -2.696345	     -327.962578	     +332.796004	      -16.871577	       -2.208900	       +2.533931	    +2479.250616	       +0.801634	       +0.000001	       -9.504221	       -8.896376
              34	              24	       -5.867651	       -1.458637	     -472.027282	     +482.522250	      -16.915683	       -2.208900	       +0.866960	  -180704.105615	       +0.801430	       +0.000001	       -5.553755	       -5.627207
              34	              25	       -5.764838	       -1.355824	     -470.508696	     +480.923752	      -16.756757	       -2.208900	       +0.759260	  -158441.906903	       +0.801587	       +0.000001	       -5.582441	       -5.624831
              34	              26	       -3.108351	       +1.300663	     -474.675553	     +487.570008	      -12.678803	       +0.000000	       -4.013147	  +149433.295925	       -0.801631	       -0.000001	       -3.797495	       -3.703038
              34	              27	       -3.088701	       +1.320313	     -468.611160	     +481.520855	      -12.559899	       +0.000000	       -3.889522	  +124853.090082	       -0.801618	       -0.000001	       -3.539726	       -3.472260
              34	              28	       -2.527642	       +1.881372	     -506.410458	     +521.205263	      -12.809873	       +0.000000	       -4.101017	  +207803.189990	       -0.801557	       -0.000001	       -2.116086	       -2.177865
              34	              29	       -2.424782	       +1.984232	     -501.384149	     +516.160084	      -12.563685	       +0.000000	       -4.083858	  +202464.031378	       -0.801376	       -0.000001	       -1.871609	       -1.960372
              34	              30	       -2.018801	       +2.390213	     -407.038939	     +424.009609	      -10.763630	       +0.000000	       -3.921410	   +15910.465428	       -0.801545	       -0.000001	       +2.285631	       +1.262182
              34	              31	       -2.014005	       +2.395009	     -409.224772	     +426.239231	      -10.787589	       +0.000000	       -3.924874	    +6563.051965	       -0.801538	       -0.000001	       +2.301997	       +1.265520
              34	              32	       -0.900229	       +3.508785	     -428.873339	     +446.791745	      -10.840104	       +0.000000	       -4.397154	  -147809.350178	       -0.801362	       -0.000001	       +2.681148	       +2.761403
              34	              33	       -0.871166	       +3.537847	     -430.937589	     +448.869903	      -10.832257	       +0.000000	       -4.421660	  -147522.910233	       -0.801428	       -0.000001	       +2.678397	       +2.717607
              34	              34	       +1.945964	       +6.354978	     -332.577188	     +347.679134	       -6.608722	       +0.000000	       -4.530540	   +19316.133077	       -0.801588	       -0.000001	       +3.962685	       +3.458334
              34	              35	       +1.983581	       +6.392594	     -329.168605	     +344.398944	       -6.546185	       +0.000000	       -4.514892	   +26158.671194	       -0.801542	       -0.000001	       +4.169261	       +3.626523
              34	              36	       +3.821256	       +8.230270	     -318.762875	     +335.331518	       -5.710915	       +0.000000	       -4.674437	   -42553.801424	       -0.801645	       -0.000001	       +6.183290	       +5.849486
              34	              37	       +3.848382	       +8.257396	     -311.311372	     +327.613446	       -5.663309	       +0.000000	       -4.639150	   -42083.509550	       -0.801645	       -0.000001	       +5.999615	       +5.667603
              34	              38	       +3.878474	       +8.287488	     -313.562966	     +330.002751	       -5.688015	       +0.000000	       -4.634652	   -39731.836807	       -0.801637	       -0.000001	       +6.117118	       +5.697674
              34	              39	       +3.888888	       +8.297901	     -319.969752	     +336.687126	       -5.709992	       +0.000000	       -4.660495	   -47283.361933	       -0.801632	       -0.000001	       +6.346887	       +5.928683
              34	              40	       +4.941517	       +9.350530	     -299.344477	     +319.307619	       -5.496681	       +0.000000	       -4.102547	   -29137.935464	       -0.801592	       -0.000001	      +10.363913	       +9.160238
              34	              41	       +4.945465	       +9.354479	     -304.430181	     +324.295978	       -5.577796	       +0.000000	       -4.131505	   -33667.831948	       -0.801588	       -0.000001	      +10.156497	       +8.903911
              34	              42	       +5.062525	       +9.471539	     -246.677218	     +265.779821	       -5.118854	       +0.000000	       -4.468724	    -5054.495463	       -0.801403	       -0.000001	       +9.515024	       +7.839662
              34	              43	       +5.065570	       +9.474584	     -247.010488	     +266.126258	       -5.122406	       +0.000000	       -4.431413	    -7576.241777	       -0.801397	       -0.000001	       +9.561951	       +7.817565
              34	              44	       +5.970865	      +10.379879	     -308.756563	     +328.061381	       -6.020135	       +0.000000	       -4.375067	   -61678.945418	       -0.778238	       -0.000001	       +8.909616	       +8.360898
              34	              45	       +5.985594	      +10.394607	     -307.589960	     +326.907375	       -6.012085	       +0.000000	       -4.323434	   -57608.424896	       -0.777369	       -0.000001	       +8.981896	       +8.461955
              34	              46	       +7.712105	      +12.121119	     -209.815891	     +231.125882	       -4.143325	       +0.000000	       -4.485564	   +12109.729626	       -0.687403	       -0.000001	      +12.681102	      +12.681102
              34	              47	       +7.716251	      +12.125265	     -209.555018	     +230.915440	       -4.137208	       +0.000000	       -4.486304	    +8614.706991	       -0.687212	       -0.000001	      +12.736910	      +12.736910
              34	              48	       +8.225873	      +12.634887	     -288.150018	     +311.653661	       -5.095529	       +0.000000	       -4.255597	     -276.484776	       -0.664518	       -0.000001	      +14.152518	      +14.152518
              34	              49	       +8.236319	      +12.645333	     -288.108622	     +311.683025	       -5.096314	       +0.000000	       -4.259064	     -359.142934	       -0.664069	       -0.000001	      +14.219025	      +14.219025
              34	              50	       +9.059442	      +13.468455	     -228.975654	     +252.477500	       -4.347812	       +0.000000	       -4.573173	   +29761.760354	       -0.630463	       -0.000001	      +14.580860	      +14.580860
              34	              51	       +9.065212	      +13.474226	     -230.373250	     +253.878754	       -4.357774	       +0.000000	       -4.575718	   +32755.917232	       -0.630240	       -0.000001	      +14.572012	      +14.572012
              34	              52	       +9.639270	      +14.048284	     -233.592701	     +258.496651	       -4.733164	       +0.000000	       -4.475559	   -93229.632487	       -0.608763	       -0.000000	      +15.695227	      +15.695227
              34	              53	       +9.642217	      +14.051231	     -232.697658	     +257.510910	       -4.722615	       +0.000000	       -4.466336	   -94250.875459	       -0.608656	       -0.000000	      +15.624302	      +15.624302
              34	              54	      +10.407412	      +14.816426	     -194.148350	     +232.343660	       -3.738731	       +0.000000	       -3.551296	   -68971.575949	       -0.582214	       -0.000000	      +30.905284	      +30.905284
              34	              55	      +10.439781	      +14.848795	     -198.142380	     +236.083756	       -3.774014	       +0.000000	       -3.542217	   -69930.349403	       -0.581146	       -0.000000	      +30.625145	      +30.625145
              34	              56	      +11.974981	      +16.383995	     -168.262226	     +205.756035	       -3.277380	       +0.000000	       -3.602716	   +18747.049981	       -0.534633	       -0.000000	      +30.613714	      +30.613714
              34	              57	      +11.982258	      +16.391271	     -173.149720	     +210.308590	       -3.333146	       +0.000000	       -3.603811	   +18570.546550	       -0.534430	       -0.000000	      +30.221913	      +30.221913
              34	              58	      +13.134240	      +17.543253	     -123.461067	     +170.305776	       -2.928877	       +0.000000	       -3.297760	    -6478.132811	       -0.504163	       -0.000000	      +40.618072	      +40.618072
              34	              59	      +13.137577	      +17.546590	     -126.055084	     +172.518972	       -2.937348	       +0.000000	       -3.295734	    -3631.611402	       -0.504080	       -0.000000	      +40.230805	      +40.230805
              34	              60	      +13.174709	      +17.583723	     -211.896259	     +247.537148	       -3.296762	       +0.000000	       -3.680411	   +45720.082415	       -0.503162	       -0.000000	      +28.663716	      +28.663716
              34	              61	      +13.179376	      +17.588390	     -218.598304	     +253.355293	       -3.317947	       +0.000000	       -3.708749	   +46745.672175	       -0.503046	       -0.000000	      +27.730294	      +27.730294
              34	              62	      +14.314029	      +18.723043	     -162.365418	     +212.578219	       -3.421412	       +0.000000	       -3.558432	   +50798.582702	       -0.476523	       -0.000000	      +43.232957	      +43.232957
              34	              63	      +14.317386	      +18.726400	     -162.059696	     +212.364699	       -3.420150	       +0.000000	       -3.548410	   +51471.710656	       -0.476449	       -0.000000	      +43.336442	      +43.336442
              34	              64	      +14.782137	      +19.191151	     -180.779463	     +227.704716	       -3.194824	       +0.000000	       -3.552834	   -74354.483201	       -0.466379	       -0.000000	      +40.177596	      +40.177596
              34	              65	      +14.823548	      +19.232562	     -178.948588	     +225.991852	       -3.166095	       +0.000000	       -3.531382	   -74063.586814	       -0.465502	       -0.000000	      +40.345787	      +40.345787
              34	              66	      +15.868746	      +20.277760	     -188.685569	     +272.131316	       -3.456953	       +0.000000	       -3.360179	   +15820.986274	       -0.444417	       -0.000000	      +76.628615	      +76.628615
              34	              67	      +15.902544	      +20.311558	     -191.820449	     +274.923322	       -3.486164	       +0.000000	       -3.367025	   +16894.049757	       -0.443767	       -0.000000	      +76.249684	      +76.249684
              34	              68	      +16.231157	      +20.640171	     -177.160625	     +224.267170	       -3.005485	       +0.000000	       -3.536585	   -11751.263666	       -0.437545	       -0.000000	      +40.564475	      +40.564475
              34	              69	      +16.237852	      +20.646866	     -175.165577	     +222.360631	       -2.992291	       +0.000000	       -3.520325	   -11717.196363	       -0.437420	       -0.000000	      +40.682438	      +40.682438
              34	              70	      +16.957421	      +21.366435	     -180.549353	     +229.800554	       -3.319505	       +0.000000	       -3.716642	   +73856.014795	       -0.424394	       -0.000000	      +42.215054	      +42.215054
              34	              71	      +16.962776	      +21.371790	     -183.856281	     +232.896569	       -3.347582	       +0.000000	       -3.723330	   +75791.024878	       -0.424300	       -0.000000	      +41.969376	      +41.969376
              34	              72	      +17.403839	      +21.812853	     -180.430192	     +247.375607	       -3.174855	       +0.000000	       -3.054062	   -33468.405668	       -0.416695	       -0.000000	      +60.716498	      +60.716498
              34	              73	      +17.455888	      +21.864901	     -179.009642	     +248.063252	       -3.155317	       +0.000000	       -3.110645	   -37101.514420	       -0.415816	       -0.000000	      +62.787648	      +62.787648
              34	              74	      +17.926362	      +22.335375	      -96.504166	     +234.690861	       -2.502901	       +0.000000	       -2.465232	   +36068.436851	       -0.408032	       -0.000000	     +133.218562	     +133.218562
              34	              75	      +17.928259	      +22.337273	      -92.292323	     +232.775991	       -2.480070	       +0.000000	       -2.462740	   +33455.839073	       -0.408001	       -0.000000	     +135.540857	     +135.540857
              34	              76	      +18.305841	      +22.714854	      -59.589614	     +156.965046	       -1.926168	       +0.000000	       -2.618829	  -109686.336962	       -0.401963	       -0.000000	      +92.830435	      +92.830435
              34	              77	      +18.308607	      +22.717621	      -58.904859	     +156.555684	       -1.923573	       +0.000000	       -2.626575	  -109456.848324	       -0.401919	       -0.000000	      +93.100677	      +93.100677
              34	              78	      +19.025700	      +23.434714	      -78.411227	     +221.675992	       -2.576866	       +0.000000	       -2.974880	   -43948.383484	       -0.390932	       -0.000000	     +137.713019	     +137.713019
              34	              79	      +19.025796	      +23.434810	      -76.236051	     +220.476678	       -2.563501	       +0.000000	       -2.967427	   -42908.135136	       -0.390931	       -0.000000	     +138.709698	     +138.709698
              34	              80	      +19.939298	      +24.348312	      -69.121870	     +228.501718	       -2.434498	       +0.000000	       -1.814818	  +211340.916254	       -0.377775	       -0.000000	     +155.130532	     +155.130532
              34	              81	      +19.940026	      +24.349040	      -68.337426	     +227.970557	       -2.431674	       +0.000000	       -1.800979	  +212121.762136	       -0.377765	       -0.000000	     +155.400478	     +155.400478
              34	              82	      +19.999129	      +24.408142	     -120.859054	     +239.116879	       -2.473975	       +0.000000	       -2.561727	   +65225.471771	       -0.376944	       -0.000000	     +113.222122	     +113.222122
              34	              83	      +20.005189	      +24.414203	     -119.695899	     +238.519921	       -2.469659	       +0.000000	       -2.553049	   +62219.052073	       -0.376860	       -0.000000	     +113.801314	     +113.801314
              34	              84	      +21.135556	      +25.544570	      +27.153039	     +190.263357	       -1.761148	       +0.000000	       -2.223738	   -22758.265013	       -0.361830	       -0.000000	     +213.431509	     +213.431509
              34	              85	      +21.153865	      +25.562878	      +28.694466	     +189.457512	       -1.758749	       +0.000000	       -2.217783	   -23963.915988	       -0.361596	       -0.000000	     +214.175446	     +214.175446
              34	              86	      +21.528363	      +25.937377	     -182.331592	     +268.226581	       -2.765536	       +0.000000	       -3.039095	   +32203.221716	       -0.356883	       -0.000000	      +80.090359	      +80.090359
              34	              87	      +21.532887	      +25.941901	     -183.940607	     +269.062864	       -2.770589	       +0.000000	       -3.036335	   +32966.560560	       -0.356827	       -0.000000	      +79.315333	      +79.315333
              34	              88	      +22.096341	      +26.505355	     -181.987812	     +268.470558	       -2.911738	       +0.000000	       -2.721017	   +45099.428103	       -0.349966	       -0.000000	      +80.849991	      +80.849991
              34	              89	      +22.098266	      +26.507279	     -180.878198	     +267.714152	       -2.905743	       +0.000000	       -2.711267	   +44754.405949	       -0.349943	       -0.000000	      +81.218944	      +81.218944
              34	              90	      +22.640343	      +27.049357	      -49.757334	     +198.856501	       -2.098280	       +0.000000	       -2.335215	   +12448.486921	       -0.343587	       -0.000000	     +144.665671	     +144.665671
              34	              91	      +22.645730	      +27.054743	      -48.345808	     +198.094474	       -2.088724	       +0.000000	       -2.347363	   +11573.367079	       -0.343525	       -0.000000	     +145.312580	     +145.312580
              34	              92	      +22.798636	      +27.207650	      -33.569022	     +227.556441	       -2.163905	       +0.000000	       -2.052787	   +95558.282132	       -0.341775	       -0.000000	     +189.770727	     +189.770727
              34	              93	      +22.799415	      +27.208429	      -37.483952	     +228.714425	       -2.183097	       +0.000000	       -2.053569	   +97037.159729	       -0.341766	       -0.000000	     +186.993807	     +186.993807
              34	              94	      +23.679972	      +28.088986	     -111.030333	     +215.027535	       -2.361021	       +0.000000	       -2.335386	   +28097.344176	       -0.332022	       -0.000000	      +99.300795	      +99.300795
              34	              95	      +23.683933	      +28.092947	     -108.967143	     +213.402378	       -2.349695	       +0.000000	       -2.350580	   +23944.659219	       -0.331979	       -0.000000	      +99.734960	      +99.734960
              34	              96	      +23.952070	      +28.361083	     -195.018922	     +278.216612	       -2.799320	       +0.000000	       -2.805131	   +40180.641883	       -0.329123	       -0.000000	      +77.593238	      +77.593238
              34	              97	      +23.979219	      +28.388233	     -194.945764	     +277.456104	       -2.799794	       +0.000000	       -2.817765	   +39507.640423	       -0.328836	       -0.000000	      +76.892781	      +76.892781
              34	              98	      +24.160320	      +28.569333	      -93.176149	     +237.391337	       -2.247850	       +0.000000	       -2.080637	   +37112.369189	       -0.326937	       -0.000000	     +139.886701	     +139.886701
              34	              99	      +24.160687	      +28.569701	      -93.051500	     +237.712778	       -2.250280	       +0.000000	       -2.067762	   +37334.427186	       -0.326934	       -0.000000	     +140.343236	     +140.343236

k-point 35:
              35	               0	      -65.453770	      -61.044756	     -633.647270	     +591.620041	      -39.342203	       -2.208900	       -5.034961	   +33957.891395	       +0.160629	       +0.000000	      -86.404393	      -86.404393
              35	               1	      -65.453768	      -61.044754	     -633.647280	     +591.620041	      -39.342203	       -2.208900	       -5.170687	   +33560.865517	       +0.160629	       +0.000000	      -86.540129	      -86.540129
              35	               2	      -42.170480	      -37.761467	     -603.632483	     +584.882676	      -33.226701	       -2.208900	       +2.612985	   -69386.390657	       +0.252841	       +0.000000	      -49.363523	      -49.363523
              35	               3	      -42.163240	      -37.754226	     -603.663194	     +584.628406	      -33.245132	       -2.208900	       +2.589098	   +35359.648264	       +0.252886	       +0.000000	      -49.690823	      -49.690823
              35	               4	      -39.636361	      -35.227347	     -597.358347	     +580.804385	      -32.574103	       -2.208900	       +2.160659	   +11087.476714	       +0.269691	       +0.000000	      -46.967406	      -46.967406
              35	               5	      -39.634236	      -35.225222	     -596.521526	     +579.888772	      -32.579219	       -2.208900	       +1.861729	   +42013.068931	       +0.269706	       +0.000000	      -47.350245	      -47.350245
              35	               6	      -39.534290	      -35.125276	     -600.018951	     +583.775434	      -32.565681	       -2.208900	       +3.011971	   -14792.213292	       +0.270417	       +0.000000	      -45.797226	      -45.797226
              35	               7	      -39.525880	      -35.116866	     -600.921989	     +584.355806	      -32.581273	       -2.208900	       +3.310579	   +54520.252480	       +0.270477	       +0.000000	      -45.836877	      -45.836877
              35	               8	      -18.334012	      -13.924998	     -388.393263	     +379.442508	      -21.700151	       -2.208900	       +5.806783	   +40789.297813	       +0.613251	       +0.000000	      -24.844122	      -24.844122
              35	               9	      -18.318233	      -13.909219	     -388.100261	     +379.126370	      -21.702405	       -2.208900	       +5.816634	   +40121.732859	       +0.613830	       +0.000000	      -24.859662	      -24.859662
              35	              10	      -17.722541	      -13.313527	     -368.979336	     +361.719116	      -21.640787	       -2.208900	       +6.030801	   +45630.166055	       +0.636526	       +0.000001	      -22.870206	      -22.870206
              35	              11	      -17.721171	      -13.312157	     -368.936192	     +361.664914	      -21.640049	       -2.208900	       +6.027520	   +45487.126486	       +0.636580	       +0.000001	      -22.883806	      -22.883806
              35	              12	      -10.245733	       -5.836719	     -417.039891	     +418.350638	      -17.686950	       -2.208900	       +3.560704	  +120630.166893	       +0.801605	       +0.000001	      -12.815500	      -12.097085
              35	              13	      -10.220716	       -5.811702	     -418.160199	     +419.596780	      -17.715967	       -2.208900	       +3.552752	  +121201.068286	       +0.801624	       +0.000001	      -12.726634	      -12.027305
              35	              14	       -9.056402	       -4.647388	     -390.681029	     +396.976701	      -16.905967	       -2.208900	       +3.051247	   -30464.072037	       +0.801598	       +0.000001	       -7.559048	       -7.917472
              35	              15	       -9.046123	       -4.637110	     -391.940784	     +398.379711	      -16.955193	       -2.208900	       +3.048574	   -28251.616776	       +0.801588	       +0.000001	       -7.467693	       -7.848394
              35	              16	       -9.017563	       -4.608549	     -400.331594	     +404.041060	      -17.331205	       -2.208900	       +2.859959	   +37013.021687	       +0.801552	       +0.000001	      -10.761780	      -10.334941
              35	              17	       -8.988056	       -4.579042	     -398.934034	     +402.718415	      -17.258320	       -2.208900	       +2.841348	   +32514.230571	       +0.801507	       +0.000001	      -10.632592	      -10.230927
              35	              18	       -8.542472	       -4.133458	     -404.745945	     +412.068220	      -17.651245	       -2.208900	       +2.619230	   -10942.342223	       +0.801584	       +0.000001	       -7.709740	       -7.904214
              35	              19	       -8.516203	       -4.107189	     -402.413597	     +409.745300	      -17.596823	       -2.208900	       +2.614224	   -12257.305402	       +0.801551	       +0.000001	       -7.650896	       -7.849753
              35	              20	       -7.289167	       -2.880153	     -420.607797	     +425.797810	      -16.958310	       -2.208900	       +2.071477	   +71486.476926	       +0.801558	       +0.000001	       -9.696819	       -9.079386
              35	              21	       -7.213017	       -2.804003	     -419.748026	     +424.946500	      -16.934274	       -2.208900	       +2.050714	   +78959.408313	       +0.801629	       +0.000001	       -9.685087	       -9.075229
              35	              22	       -6.417984	       -2.008970	     -324.041829	     +328.941007	      -16.408199	       -2.208900	       +2.328869	   +83578.035889	       +0.801362	       +0.000001	       -9.180151	       -8.493629
              35	              23	       -6.383176	       -1.974162	     -322.396757	     +327.222953	      -16.351857	       -2.208900	       +2.318847	   +88368.248673	       +0.801398	       +0.000001	       -9.206814	       -8.506633
              35	              24	       -6.168062	       -1.759048	     -460.889652	     +468.733970	      -17.438230	       -2.208900	       +1.015357	  -140176.912859	       +0.801645	       +0.000001	       -8.578555	       -8.045149
              35	              25	       -6.099047	       -1.690034	     -463.646433	     +471.601560	      -17.378916	       -2.208900	       +0.929228	  -130456.819057	       +0.801631	       +0.000001	       -8.494561	       -7.966235
              35	              26	       -3.445806	       +0.963208	     -417.621922	     +429.285030	      -11.351074	       +0.000000	       -3.138176	   +46855.561937	       -0.801421	       -0.000001	       -2.826141	       -2.969861
              35	              27	       -3.384025	       +1.024989	     -416.263274	     +428.145390	      -11.212781	       +0.000000	       -3.242422	   +63496.475730	       -0.801400	       -0.000001	       -2.573087	       -2.759293
              35	              28	       -2.847939	       +1.561075	     -459.845942	     +472.803988	      -12.219484	       +0.000000	       -3.933307	  +114263.842870	       -0.801475	       -0.000001	       -3.194745	       -3.123424
              35	              29	       -2.831985	       +1.577029	     -457.405205	     +470.560150	      -12.133011	       +0.000000	       -3.972856	  +116935.039474	       -0.801504	       -0.000001	       -2.950922	       -2.926593
              35	              30	       -2.645250	       +1.763764	     -439.104649	     +453.000820	      -11.227987	       +0.000000	       -3.769439	   -79239.629680	       -0.801644	       -0.000001	       -1.101256	       -1.466990
              35	              31	       -2.592542	       +1.816471	     -438.230969	     +452.210172	      -11.148695	       +0.000000	       -3.789850	   -78556.944394	       -0.801621	       -0.000001	       -0.959343	       -1.348635
              35	              32	       -1.170745	       +3.238268	     -415.056657	     +429.539492	      -11.193176	       +0.000000	       -4.266045	  -168372.945714	       -0.801646	       -0.000001	       -0.976386	       -1.005082
              35	              33	       -1.137568	       +3.271445	     -414.830199	     +429.413082	      -11.155087	       +0.000000	       -4.265018	  -164643.676046	       -0.801642	       -0.000001	       -0.837222	       -0.877005
              35	              34	       +3.626563	       +8.035576	     -359.151900	     +373.837834	       -6.727166	       +0.000000	       -5.300390	   -13277.458780	       -0.801423	       -0.000001	       +2.658378	       +2.814614
              35	              35	       +3.659795	       +8.068809	     -357.964699	     +372.623320	       -6.715163	       +0.000000	       -5.294892	     +140.426991	       -0.801489	       -0.000001	       +2.648567	       +2.818332
              35	              36	       +4.108831	       +8.517845	     -275.081229	     +292.528930	       -4.946189	       +0.000000	       -4.363595	   +22087.176847	       -0.801384	       -0.000001	       +8.137917	       +7.154218
              35	              37	       +4.114100	       +8.523113	     -275.692588	     +293.125279	       -4.946269	       +0.000000	       -4.377243	   +20247.064931	       -0.801396	       -0.000001	       +8.109179	       +7.076352
              35	              38	       +4.242551	       +8.651565	     -227.776545	     +246.968568	       -4.679499	       +0.000000	       -3.870167	   -80725.872074	       -0.801602	       -0.000001	      +10.642358	     +196.766790
              35	              39	       +4.333533	       +8.742547	     -222.565351	     +242.035531	       -4.659086	       +0.000000	       -3.741476	   -78934.060688	       -0.801646	       -0.000001	      +11.069618	      +37.457470
              35	              40	       +4.972515	       +9.381529	     -359.293743	     +378.073069	       -6.453337	       +0.000000	       -4.995290	  -111029.908067	       -0.801557	       -0.000001	       +7.330699	       +7.077109
              35	              41	       +4.977831	       +9.386845	     -352.944255	     +371.953906	       -6.398882	       +0.000000	       -4.994909	  -114102.914881	       -0.801550	       -0.000001	       +7.615860	       +7.275435
              35	              42	       +5.116617	       +9.525631	     -227.555184	     +247.250423	       -4.476672	       +0.000000	       -4.402258	   +52180.429702	       -0.801401	       -0.000001	      +10.816309	       +8.987311
              35	              43	       +5.119136	       +9.528150	     -223.108365	     +242.860953	       -4.417982	       +0.000000	       -4.391437	   +51869.657312	       -0.801407	       -0.000001	      +10.943169	       +8.975671
              35	              44	       +6.377213	      +10.786226	     -351.321475	     +371.227934	       -6.222257	       +0.000000	       -1.644078	  -226227.183213	       -0.754957	       -0.000001	      +12.040124	      +12.040124
              35	              45	       +6.460964	      +10.869978	     -346.516337	     +366.608428	       -6.256530	       +0.000000	       -1.609272	  -292378.790870	       -0.750331	       -0.000001	      +12.226288	      +12.226288
              35	              46	       +6.974874	      +11.383888	     -272.098848	     +294.303839	       -5.312140	       +0.000000	       -5.215268	   -69738.476195	       -0.723139	       -0.000001	      +11.677583	      +11.677583
              35	              47	       +7.009349	      +11.418362	     -272.047570	     +294.040249	       -5.394826	       +0.000000	       -5.452955	   -55467.148882	       -0.721386	       -0.000001	      +11.144898	      +11.144898
              35	              48	       +7.026512	      +11.435526	     -275.726583	     +298.180815	       -5.247704	       +0.000000	       -4.883242	   -90221.105153	       -0.720516	       -0.000001	      +12.323286	      +12.323286
              35	              49	       +7.073709	      +11.482723	     -278.096415	     +300.875920	       -5.148953	       +0.000000	       -4.725616	   -61633.720526	       -0.718134	       -0.000001	      +12.904936	      +12.904936
              35	              50	       +7.846983	      +12.255997	     -182.775326	     +211.213039	       -3.989566	       +0.000000	       -3.863628	  -100199.945564	       -0.681244	       -0.000001	      +20.584519	      +20.584519
              35	              51	       +7.849611	      +12.258625	     -182.832941	     +211.283809	       -3.990884	       +0.000000	       -3.849896	   -96414.321470	       -0.681125	       -0.000001	      +20.610088	      +20.610088
              35	              52	       +9.209829	      +13.618843	     -262.871815	     +295.480526	       -4.721539	       +0.000000	       -4.474410	   -48348.925128	       -0.624688	       -0.000001	      +23.412763	      +23.412763
              35	              53	       +9.248768	      +13.657781	     -271.067431	     +302.667859	       -4.789082	       +0.000000	       -4.504159	   -48905.355098	       -0.623210	       -0.000001	      +22.307187	      +22.307187
              35	              54	       +9.762885	      +14.171898	     -290.189804	     +312.680217	       -5.269774	       +0.000000	       -4.731747	   -23780.518223	       -0.604328	       -0.000000	      +12.488891	      +12.488891
              35	              55	       +9.769420	      +14.178434	     -289.714136	     +312.241027	       -5.261321	       +0.000000	       -4.697388	   -27184.438664	       -0.604095	       -0.000000	      +12.568182	      +12.568182
              35	              56	      +10.615507	      +15.024521	     -239.377838	     +279.090333	       -4.338124	       +0.000000	       -3.936934	   +72218.669557	       -0.575416	       -0.000000	      +31.437437	      +31.437437
              35	              57	      +10.660554	      +15.069568	     -232.170057	     +273.701314	       -4.293784	       +0.000000	       -3.876106	   +80230.965054	       -0.573965	       -0.000000	      +33.361366	      +33.361366
              35	              58	      +12.076224	      +16.485237	     -279.626579	     +310.068061	       -4.836149	       +0.000000	       -5.158354	   +65060.900185	       -0.531826	       -0.000000	      +20.446979	      +20.446979
              35	              59	      +12.097786	      +16.506800	     -278.955257	     +309.568389	       -4.836988	       +0.000000	       -5.159577	   +65945.806445	       -0.531232	       -0.000000	      +20.616567	      +20.616567
              35	              60	      +14.435831	      +18.844845	      -78.597869	     +213.728720	       -2.594129	       +0.000000	       -2.996016	   +72633.170940	       -0.473841	       -0.000000	     +129.540706	     +129.540706
              35	              61	      +14.441031	      +18.850045	      -71.559737	     +210.646057	       -2.557832	       +0.000000	       -2.964282	   +71474.376734	       -0.473728	       -0.000000	     +133.564206	     +133.564206
              35	              62	      +15.090699	      +19.499713	     -147.731709	     +194.895745	       -2.497856	       +0.000000	       -3.358195	   -49242.002905	       -0.459924	       -0.000000	      +41.307985	      +41.307985
              35	              63	      +15.093929	      +19.502943	     -143.647759	     +193.089159	       -2.470420	       +0.000000	       -3.343121	   -44758.039118	       -0.459858	       -0.000000	      +43.627859	      +43.627859
              35	              64	      +15.220715	      +19.629729	      -75.245092	     +171.096811	       -2.337008	       +0.000000	       -2.942525	    +8552.415723	       -0.457258	       -0.000000	      +90.572186	      +90.572186
              35	              65	      +15.223428	      +19.632442	      -75.506920	     +171.049527	       -2.336043	       +0.000000	       -2.938582	    +8707.026428	       -0.457203	       -0.000000	      +90.267982	      +90.267982
              35	              66	      +15.554057	      +19.963071	     -105.241056	     +175.745417	       -2.520647	       +0.000000	       -3.011673	    -9575.017473	       -0.450561	       -0.000000	      +64.972041	      +64.972041
              35	              67	      +15.554321	      +19.963334	     -104.664944	     +175.065333	       -2.514449	       +0.000000	       -2.994308	   -10533.153184	       -0.450556	       -0.000000	      +64.891633	      +64.891633
              35	              68	      +15.934150	      +20.343163	     -200.835590	     +255.736918	       -3.453204	       +0.000000	       -2.642104	  +113778.452184	       -0.443161	       -0.000000	      +48.806020	      +48.806020
              35	              69	      +15.970730	      +20.379743	     -200.854815	     +255.379309	       -3.442871	       +0.000000	       -2.718073	  +108891.053944	       -0.442461	       -0.000000	      +48.363550	      +48.363550
              35	              70	      +16.783727	      +21.192741	     -118.536683	     +159.100887	       -2.127577	       +0.000000	       -2.777759	   +85889.455740	       -0.427466	       -0.000000	      +35.658868	      +35.658868
              35	              71	      +16.785560	      +21.194574	     -119.325154	     +159.532791	       -2.128398	       +0.000000	       -2.780612	   +86976.138782	       -0.427434	       -0.000000	      +35.298627	      +35.298627
              35	              72	      +16.917462	      +21.326476	      +36.095623	     +136.449102	       -1.991109	       +0.000000	       -2.543252	   +46854.193730	       -0.425097	       -0.000000	     +168.010365	     +168.010365
              35	              73	      +16.921487	      +21.330501	      +40.390856	     +135.850426	       -1.971437	       +0.000000	       -2.515553	   +45793.428780	       -0.425026	       -0.000000	     +171.754292	     +171.754292
              35	              74	      +17.693819	      +22.102833	     -150.527841	     +256.668028	       -2.738188	       +0.000000	       -3.320743	   -30252.134115	       -0.411843	       -0.000000	     +100.081256	     +100.081256
              35	              75	      +17.743611	      +22.152625	     -164.905377	     +263.743108	       -2.812033	       +0.000000	       -3.362118	   -31833.821385	       -0.411021	       -0.000000	      +92.663580	      +92.663580
              35	              76	      +18.030555	      +22.439569	      -92.377383	     +200.113518	       -2.395509	       +0.000000	       -2.948228	   +46379.909365	       -0.406347	       -0.000000	     +102.392398	     +102.392398
              35	              77	      +18.035039	      +22.444052	      -92.604460	     +200.283752	       -2.394613	       +0.000000	       -2.953628	   +46236.748211	       -0.406275	       -0.000000	     +102.331051	     +102.331051
              35	              78	      +19.504257	      +23.913270	     -247.682212	     +288.341866	       -3.191366	       +0.000000	       -3.539118	   -66630.687325	       -0.383928	       -0.000000	      +33.929170	      +33.929170
              35	              79	      +19.513749	      +23.922763	     -252.005797	     +289.591923	       -3.195580	       +0.000000	       -3.601104	   -79334.044168	       -0.383791	       -0.000000	      +30.789442	      +30.789442
              35	              80	      +19.632749	      +24.041763	     -229.696458	     +278.018119	       -2.963725	       +0.000000	       -2.980490	   -25440.659253	       -0.382090	       -0.000000	      +42.377445	      +42.377445
              35	              81	      +19.640331	      +24.049345	     -223.395214	     +274.233502	       -2.936633	       +0.000000	       -2.992854	   -19929.808005	       -0.381982	       -0.000000	      +44.908802	      +44.908802
              35	              82	      +19.713693	      +24.122706	     -200.984217	     +283.762391	       -3.081471	       +0.000000	       -1.879257	  +220030.050423	       -0.380941	       -0.000000	      +77.817446	      +77.817446
              35	              83	      +19.760144	      +24.169157	     -203.923328	     +287.066970	       -3.113833	       +0.000000	       -1.782264	  +246990.132290	       -0.380285	       -0.000000	      +78.247545	      +78.247545
              35	              84	      +21.307640	      +25.716654	     -202.979987	     +267.138093	       -2.849280	       +0.000000	       -2.038293	    -3663.992763	       -0.359646	       -0.000000	      +59.270532	      +59.270532
              35	              85	      +21.392883	      +25.801897	     -208.406590	     +275.634026	       -2.904089	       +0.000000	       -2.171268	    -3239.843993	       -0.358574	       -0.000000	      +62.152079	      +62.152079
              35	              86	      +21.447620	      +25.856634	      -97.644724	     +170.607171	       -2.184806	       +0.000000	       -2.347929	  -180455.605447	       -0.357889	       -0.000000	      +68.429712	      +68.429712
              35	              87	      +21.468236	      +25.877249	     -107.570025	     +181.447556	       -2.259982	       +0.000000	       -2.335287	  -163215.011985	       -0.357632	       -0.000000	      +69.282262	      +69.282262
              35	              88	      +22.135016	      +26.544030	      +20.901941	     +155.673239	       -1.721880	       +0.000000	       -2.111047	   +89420.751153	       -0.349505	       -0.000000	     +172.742254	     +172.742254
              35	              89	      +22.137849	      +26.546862	      +21.164197	     +155.174352	       -1.718301	       +0.000000	       -2.097819	   +88901.574749	       -0.349471	       -0.000000	     +172.522430	     +172.522430
              35	              90	      +22.483381	      +26.892395	     -120.273928	     +209.389988	       -2.278773	       +0.000000	       -2.849177	   -24840.341897	       -0.345404	       -0.000000	      +83.988109	      +83.988109
              35	              91	      +22.486117	      +26.895130	     -123.265479	     +211.512078	       -2.294694	       +0.000000	       -2.875100	   -27282.988457	       -0.345372	       -0.000000	      +83.076806	      +83.076806
              35	              92	      +23.579826	      +27.988840	     -246.663213	     +299.125742	       -2.940585	       +0.000000	       -3.006424	   -30075.365469	       -0.333102	       -0.000000	      +46.515520	      +46.515520
              35	              93	      +23.587959	      +27.996972	     -249.829677	     +302.066573	       -2.973215	       +0.000000	       -2.989381	   -30314.221709	       -0.333014	       -0.000000	      +46.274299	      +46.274299
              35	              94	      +23.734390	      +28.143404	     -210.417876	     +268.483719	       -2.741186	       +0.000000	       -2.799989	   +71229.273558	       -0.331438	       -0.000000	      +52.524668	      +52.524668
              35	              95	      +23.740279	      +28.149293	     -211.498842	     +269.364260	       -2.746505	       +0.000000	       -2.790903	   +71816.337077	       -0.331375	       -0.000000	      +52.328010	      +52.328010
              35	              96	      +24.301627	      +28.710641	      -43.791496	     +191.476292	       -2.017398	       +0.000000	       -2.373625	   +30130.784135	       -0.325471	       -0.000000	     +143.293773	     +143.293773
              35	              97	      +24.324366	      +28.733380	      -35.507768	     +188.166966	       -2.003027	       +0.000000	       -2.312041	   +34952.389206	       -0.325236	       -0.000000	     +148.344130	     +148.344130
              35	              98	      +24.372066	      +28.781080	     -122.060385	     +218.971659	       -2.180398	       +0.000000	       -2.486369	   +47102.990011	       -0.324745	       -0.000000	      +92.244507	      +92.244507
              35	              99	      +24.374805	      +28.783819	     -125.138395	     +219.801814	       -2.189229	       +0.000000	       -2.519340	   +48283.895392	       -0.324717	       -0.000000	      +89.954851	      +89.954851
