
 BerkeleyGW version 4.0
 Epsilon code, Complex version, run on 24-Apr-2026 at 13:02:51 -0700

 Running MPI version (parallel)
 Running with 4 MPI task(s)
 Computing the static inverse dielectric matrix

 We are using matrix communication scheme

 We are communicating via MPI

 We are using no truncation
 Highest occupied band (unshifted grid) = 8
 Valence max    (unshifted grid) = 6.296978 eV
 Conduction min (unshifted grid) = 6.973641 eV
 Middle energy  (unshifted grid) = 6.635309 eV
 Fermi  energy  (unshifted grid) = 6.635309 eV

 Highest occupied band (shifted grid) = 8
 Running with 1 valence pools
 Number of conduction bands per processor: 13
 Number of valence bands per processor: 8

 Memory available: 59609.6 MB per PE
 Memory required for execution: 70.8 MB per PE
 Memory required for vcoul: 0.0 MB per PE

 Cell Volume = 0.270107161E+03

 Number of electrons per unit cell (from ifmax) = 8.000000
 Number of electrons per unit cell (from occupations) = 8.000000
 Plasma Frequency = 1.220146 Ry

 - Screened Coulomb cutoff: 25.000 Ry
 - Total number of bands: 60
 - Number of q-points: 8

 Scissors parameters:
 - Valence:    es =   0.0000 eV, e0 =   0.0000 eV, edel =   0.0000
 - Conduction: es =   0.0000 eV, e0 =   0.0000 eV, edel =   0.0000
 Highest occupied band (shifted grid) = 8


     q= 0.0003 0.0000 0.0000  nmtx=     537  nrk= 20

           independent matrix elements of chi       spin index= 1 1

          g          g**2          gp          gp**2          chi(g,gp)
    0    0    0   0.00000         0    0    0   0.00000       -0.0000000650   0.0000000000
    0    0    0   0.00000        -1   -1   -1   1.12482       -0.0000031123   0.0000000000
    0    0    0   0.00000        -1    0    0   1.12482        0.0000093811   0.0000000000
    0    0    0   0.00000         0   -1    0   1.12482       -0.0000031357  -0.0000000000
    0    0    0   0.00000         0    0   -1   1.12482       -0.0000031357  -0.0000000000
    0    0    0   0.00000         0    0    1   1.12482        0.0000031123  -0.0000000000
    0    0    0   0.00000         0    1    0   1.12482        0.0000031123  -0.0000000000
    0    0    0   0.00000         1    0    0   1.12482       -0.0000093627  -0.0000000000
    0    0    0   0.00000         1    1    1   1.12482        0.0000031357   0.0000000000
    0    0    0   0.00000        -1   -1    0   1.49976        0.0000000055   0.0000000000
    0    0    0   0.00000        -1    0   -1   1.49976        0.0000000055   0.0000000000
    0    0    0   0.00000         0   -1   -1   1.49976       -0.0000000055   0.0000000000
    0    0    0   0.00000         0    1    1   1.49976       -0.0000000055  -0.0000000000
    0    0    0   0.00000         1    0    1   1.49976        0.0000000055  -0.0000000000
    0    0    0   0.00000         1    1    0   1.49976        0.0000000055  -0.0000000000
    0    0    0   0.00000        -2   -1   -1   2.99952        0.0000046288   0.0000000000
    0    0    0   0.00000        -1   -2   -1   2.99952       -0.0000000015   0.0000000000
    0    0    0   0.00000        -1   -1   -2   2.99952       -0.0000000015   0.0000000000
    0    0    0   0.00000        -1    0    1   2.99952       -0.0000046288  -0.0000000000
    0    0    0   0.00000        -1    1    0   2.99952       -0.0000046288  -0.0000000000
    0    0    0   0.00000         0   -1    1   2.99952        0.0000000015  -0.0000000000
    0    0    0   0.00000         0    1   -1   2.99952        0.0000000015  -0.0000000000
    0    0    0   0.00000         1   -1    0   2.99952        0.0000046232  -0.0000000000
    0    0    0   0.00000         1    0   -1   2.99952        0.0000046232  -0.0000000000
    0    0    0   0.00000         1    1    2   2.99952       -0.0000000015   0.0000000000
    0    0    0   0.00000         1    2    1   2.99952       -0.0000000015   0.0000000000
    0    0    0   0.00000         2    1    1   2.99952       -0.0000046232  -0.0000000000
    0    0    0   0.00000        -2   -2   -1   4.12435        0.0000025226  -0.0000000000
    0    0    0   0.00000        -2   -1   -2   4.12435        0.0000025226  -0.0000000000
    0    0    0   0.00000        -2   -1    0   4.12435        0.0000061266  -0.0000000000
    0    0    0   0.00000        -2    0   -1   4.12435        0.0000061266  -0.0000000000
    0    0    0   0.00000        -1   -2   -2   4.12435        0.0000010722   0.0000000000
    0    0    0   0.00000         2    2    0   5.99905       -0.0000012027   0.0000000000
    0    0    0   0.00000        -3   -2   -2   7.12387       -0.0000000104  -0.0000000000
    0    0    0   0.00000        -3   -1   -1   7.12387       -0.0000015446   0.0000000000
    0    0    0   0.00000        -2   -3   -2   7.12387        0.0000007791  -0.0000000000
    0    0    0   0.00000        -2   -2   -3   7.12387        0.0000007791  -0.0000000000
    0    0    0   0.00000        -2    0    1   7.12387        0.0000015446  -0.0000000000
    0    0    0   0.00000        -2    1    0   7.12387        0.0000015446  -0.0000000000
    0    0    0   0.00000        -1   -3   -1   7.12387        0.0000007748   0.0000000000
    0    0    0   0.00000        -1   -1   -3   7.12387        0.0000007748  -0.0000000000
    0    0    0   0.00000        -1    0    2   7.12387       -0.0000000104  -0.0000000000
    0    0    0   0.00000        -1    2    0   7.12387       -0.0000000104  -0.0000000000
    0    0    0   0.00000         0   -2    1   7.12387       -0.0000007748   0.0000000000
    0    0    0   0.00000         0   -1    2   7.12387        0.0000007791  -0.0000000000
    0    0    0   0.00000         0    1   -2   7.12387       -0.0000007748  -0.0000000000
    0    0    0   0.00000         0    2   -1   7.12387        0.0000007791  -0.0000000000
    0    0    0   0.00000         1   -2    0   7.12387        0.0000000136  -0.0000000000
    0    0    0   0.00000         1    0   -2   7.12387        0.0000000136  -0.0000000000
    0    0    0   0.00000         1    1    3   7.12387       -0.0000007791   0.0000000000
    0    0    0   0.00000         1    3    1   7.12387       -0.0000007791   0.0000000000
    0    0    0   0.00000         2   -1    0   7.12387       -0.0000015391  -0.0000000000
    0    0    0   0.00000         2    0   -1   7.12387       -0.0000015391  -0.0000000000
    0    0    0   0.00000         2    2    3   7.12387       -0.0000007748  -0.0000000000
    0    0    0   0.00000         2    3    2   7.12387       -0.0000007748   0.0000000000
    0    0    0   0.00000         3    1    1   7.12387        0.0000015391   0.0000000000
    0    0    0   0.00000         3    2    2   7.12387        0.0000000136  -0.0000000000
    0    0    0   0.00000        -3   -2   -1   7.49881       -0.0000006989  -0.0000000000
    0    0    0   0.00000        -3   -1   -2   7.49881       -0.0000006989  -0.0000000000
    0    0    0   0.00000        -2   -3   -1   7.49881        0.0000006995  -0.0000000000
    0    0    0   0.00000        -2   -1   -3   7.49881        0.0000006995   0.0000000000
    0    0    0   0.00000        -2   -1    1   7.49881        0.0000006989   0.0000000000
    0    0    0   0.00000        -2    1   -1   7.49881        0.0000006989   0.0000000000
    0    0    0   0.00000        -1   -3   -2   7.49881        0.0000006980  -0.0000000000
    0    0    0   0.00000         1    0    3   8.99857       -0.0000000600   0.0000000000
    0    0    0   0.00000         1    1   -2   8.99857       -0.0000000492  -0.0000000000
    0    0    0   0.00000         1    3    0   8.99857       -0.0000000600   0.0000000000
    0    0    0   0.00000         2   -1   -1   8.99857       -0.0000001579   0.0000000000
    0    0    0   0.00000         2    3    3   8.99857       -0.0000000563   0.0000000000
    0    0    0   0.00000         3    0    1   8.99857        0.0000001579  -0.0000000000
    0    0    0   0.00000         3    1    0   8.99857        0.0000001579  -0.0000000000
    0    0    0   0.00000         3    2    3   8.99857       -0.0000000492  -0.0000000000
    0    0    0   0.00000         3    3    2   8.99857       -0.0000000492   0.0000000000
    0    0    0   0.00000        -3   -3   -3  10.12339       -0.0000002492  -0.0000000000
    0    0    0   0.00000        -3   -3   -1  10.12339        0.0000001122   0.0000000000
    0    0    0   0.00000        -3   -2    0  10.12339       -0.0000002921  -0.0000000000
    0    0    0   0.00000        -3   -1   -3  10.12339        0.0000001122  -0.0000000000
    0    0    0   0.00000        -3    0   -2  10.12339       -0.0000002921  -0.0000000000
    0    0    0   0.00000        -3    0    0  10.12339        0.0000007483   0.0000000000
    0    0    0   0.00000        -2   -3    0  10.12339        0.0000000692  -0.0000000000
    0    0    0   0.00000        -2   -2    1  10.12339       -0.0000001122   0.0000000000
    0    0    0   0.00000        -2    0   -3  10.12339        0.0000000692   0.0000000000
    0    0    0   0.00000        -2    1   -2  10.12339       -0.0000001122  -0.0000000000
    0    0    0   0.00000        -1   -3   -3  10.12339        0.0000000702  -0.0000000000
    0    0    0   0.00000        -1    2    2  10.12339       -0.0000002921  -0.0000000000
    0    0    0   0.00000         0   -3   -2  10.12339        0.0000001097   0.0000000000
    0    0    0   0.00000         0   -3    0  10.12339       -0.0000002496   0.0000000000
    0    0    0   0.00000         0   -2   -3  10.12339        0.0000001097   0.0000000000
    0    0    0   0.00000         0    0   -3  10.12339       -0.0000002496   0.0000000000
    0    0    0   0.00000         0    0    3  10.12339        0.0000002492   0.0000000000
    0    0    0   0.00000         0    2    3  10.12339       -0.0000001122  -0.0000000000
    0    0    0   0.00000         0    3    0  10.12339        0.0000002492   0.0000000000
    0    0    0   0.00000         0    3    2  10.12339       -0.0000001122   0.0000000000
    0    0    0   0.00000         1   -2   -2  10.12339        0.0000002912  -0.0000000000
    0    0    0   0.00000         1    3    3  10.12339       -0.0000000692  -0.0000000000
    0    0    0   0.00000         2   -1    2  10.12339        0.0000001097   0.0000000000
    0    0    0   0.00000        -2   -1   -4  13.12292        0.0000000228   0.0000000000
    0    0    0   0.00000        -2   -1    2  13.12292        0.0000001063  -0.0000000000
    0    0    0   0.00000        -2    1    2  13.12292        0.0000001213   0.0000000000
    0    0    0   0.00000        -2    2   -1  13.12292        0.0000001063   0.0000000000
    0    0    0   0.00000        -2    2    1  13.12292        0.0000001213   0.0000000000
    0    0    0   0.00000        -1   -4   -2  13.12292       -0.0000000365   0.0000000000
    0    0    0   0.00000        -1   -3    1  13.12292       -0.0000000228  -0.0000000000
    0    0    0   0.00000        -1   -2   -4  13.12292       -0.0000000365   0.0000000000
    0    0    0   0.00000        -1   -2    2  13.12292        0.0000000367  -0.0000000000
    0    0    0   0.00000        -1    1   -3  13.12292       -0.0000000228  -0.0000000000
    0    0    0   0.00000        -1    1    3  13.12292       -0.0000001063  -0.0000000000
    0    0    0   0.00000        -1    2   -2  13.12292        0.0000000367   0.0000000000
    0    0    0   0.00000        -1    3    1  13.12292       -0.0000001063   0.0000000000
    0    0    0   0.00000         1   -3   -1  13.12292        0.0000001065  -0.0000000000
    0    0    0   0.00000         1   -2    2  13.12292       -0.0000000365   0.0000000000
    0    0    0   0.00000         1   -1   -3  13.12292        0.0000001065  -0.0000000000
    0    0    0   0.00000         1   -1    3  13.12292        0.0000000217   0.0000000000
    0    0    0   0.00000         1    2   -2  13.12292       -0.0000000365  -0.0000000000
    0    0    0   0.00000         1    2    4  13.12292        0.0000000367   0.0000000000
    0    0    0   0.00000         1    3   -1  13.12292        0.0000000217   0.0000000000
    0    0    0   0.00000         1    4    2  13.12292        0.0000000367  -0.0000000000
    0    0    0   0.00000         2   -2   -1  13.12292       -0.0000001201   0.0000000000
    0    0    0   0.00000         2   -2    1  13.12292       -0.0000001065   0.0000000000
    0    0    0   0.00000         2   -1   -2  13.12292       -0.0000001201   0.0000000000
    0    0    0   0.00000         2    1   -2  13.12292       -0.0000001065   0.0000000000
    0    0    0   0.00000         2    1    4  13.12292       -0.0000000217  -0.0000000000
    0    0    0   0.00000         2    3    4  13.12292        0.0000000228   0.0000000000
    0    0    0   0.00000         2    4    1  13.12292       -0.0000000217  -0.0000000000
    0    0    0   0.00000         2    4    3  13.12292        0.0000000228   0.0000000000
    0    0    0   0.00000         3   -1    1  13.12292        0.0000001201  -0.0000000000
    0    0    0   0.00000         3    1   -1  13.12292        0.0000001201  -0.0000000000
    0    0    0   0.00000         3    2    4  13.12292       -0.0000000365   0.0000000000
    0    0    0   0.00000         3    4    3  13.49786        0.0000000760   0.0000000000
    0    0    0   0.00000         4    1    1  13.49786        0.0000003448  -0.0000000000
    0    0    0   0.00000         4    3    3  13.49786        0.0000001916  -0.0000000000
    0    0    0   0.00000        -4   -3   -1  14.99762        0.0000002032   0.0000000000
    0    0    0   0.00000        -4   -1   -3  14.99762        0.0000002032  -0.0000000000
    0    0    0   0.00000        -3   -4   -1  14.99762        0.0000001125   0.0000000000
    0    0    0   0.00000        -3   -2    1  14.99762       -0.0000002032   0.0000000000
    0    0    0   0.00000        -3   -1   -4  14.99762        0.0000001125  -0.0000000000
    0    0    0   0.00000        -3    1   -2  14.99762       -0.0000002032  -0.0000000000
    0    0    0   0.00000        -2   -3    1  14.99762       -0.0000001125   0.0000000000
    0    0    0   0.00000        -2    1   -3  14.99762       -0.0000001125  -0.0000000000
    0    0    0   0.00000        -1   -4   -3  14.99762       -0.0000001118  -0.0000000000
    0    0    0   0.00000        -1   -3   -4  14.99762       -0.0000001118  -0.0000000000
    0    0    0   0.00000        -1    2    3  14.99762       -0.0000002032  -0.0000000000
    0    0    0   0.00000        -1    3    2  14.99762       -0.0000002032   0.0000000000
    0    0    0   0.00000         1   -3   -2  14.99762        0.0000002026   0.0000000000
    0    0    0   0.00000         1   -2   -3  14.99762        0.0000002026   0.0000000000
    0    0    0   0.00000         1    3    4  14.99762        0.0000001125   0.0000000000
    0    0    0   0.00000         1    4    3  14.99762        0.0000001125  -0.0000000000
    0    0    0   0.00000         2   -1    3  14.99762        0.0000001118   0.0000000000
    0    0    0   0.00000         2    3   -1  14.99762        0.0000001118   0.0000000000
    0    0    0   0.00000         3   -1    2  14.99762        0.0000002026   0.0000000000
    0    0    0   0.00000         3    1    4  14.99762       -0.0000001118  -0.0000000000
    0    0    0   0.00000         3    2   -1  14.99762        0.0000002026   0.0000000000
    0    0    0   0.00000         3    4    1  14.99762       -0.0000001118  -0.0000000000
    0    0    0   0.00000         4    1    3  14.99762       -0.0000002026  -0.0000000000
    0    0    0   0.00000         4    3    1  14.99762       -0.0000002026  -0.0000000000
    0    0    0   0.00000        -4   -4   -3  16.12244       -0.0000001528  -0.0000000000
    0    0    0   0.00000        -4   -3   -4  16.12244       -0.0000001528   0.0000000000
    0    0    0   0.00000        -4   -1    0  16.12244       -0.0000003106  -0.0000000000
    0    0    0   0.00000        -4    0   -1  16.12244       -0.0000003106  -0.0000000000
    0    0    0   0.00000        -3   -4   -4  16.12244       -0.0000000058   0.0000000000
    0    0    0   0.00000         0    4    2  16.49738       -0.0000000462   0.0000000000
    0    0    0   0.00000         2   -2   -2  16.49738        0.0000000171   0.0000000000
    0    0    0   0.00000         2   -2    2  16.49738        0.0000000455   0.0000000000
    0    0    0   0.00000         2    0    4  16.49738        0.0000000750   0.0000000000
    0    0    0   0.00000         2    2   -2  16.49738        0.0000000455  -0.0000000000
    0    0    0   0.00000         2    4    0  16.49738        0.0000000750   0.0000000000
    0    0    0   0.00000         2    4    4  16.49738       -0.0000000748   0.0000000000
    0    0    0   0.00000         4    0    2  16.49738        0.0000000171   0.0000000000
    0    0    0   0.00000         4    2    0  16.49738        0.0000000171   0.0000000000
    0    0    0   0.00000         4    2    4  16.49738        0.0000000455  -0.0000000000
    0    0    0   0.00000         4    4    2  16.49738        0.0000000455   0.0000000000
    0    0    0   0.00000        -4   -4   -4  17.99714       -0.0000000819  -0.0000000000
    0    0    0   0.00000        -4    0    0  17.99714       -0.0000002459  -0.0000000000
    0    0    0   0.00000         0   -4    0  17.99714        0.0000000818   0.0000000000
    0    0    0   0.00000         0    0   -4  17.99714        0.0000000818   0.0000000000
    0    0    0   0.00000         0    0    4  17.99714       -0.0000000819  -0.0000000000
    0    0    0   0.00000         0    4    0  17.99714       -0.0000000819  -0.0000000000
    0    0    0   0.00000         4    0    0  17.99714        0.0000002454  -0.0000000000
    0    0    0   0.00000         4    4    4  17.99714        0.0000000818   0.0000000000
    0    0    0   0.00000        -5   -3   -3  19.12197       -0.0000001548  -0.0000000000
    0    0    0   0.00000        -5   -2   -2  19.12197        0.0000000979   0.0000000000
    0    0    0   0.00000        -4   -4   -1  19.12197        0.0000000566  -0.0000000000
    0    0    0   0.00000        -4   -3    0  19.12197        0.0000000940  -0.0000000000
    0    0    0   0.00000        -4   -1   -4  19.12197        0.0000000566  -0.0000000000
    0    0    0   0.00000        -4    0   -3  19.12197        0.0000000940  -0.0000000000
    0    0    0   0.00000        -3   -5   -3  19.12197        0.0000000282  -0.0000000000
    0    0    0   0.00000        -3   -4    0  19.12197        0.0000000199  -0.0000000000
    0    0    0   0.00000        -3   -3   -5  19.12197        0.0000000282   0.0000000000
    0    0    0   0.00000        -3   -3    1  19.12197       -0.0000000566   0.0000000000
    0    0    0   0.00000        -3    0   -4  19.12197        0.0000000199  -0.0000000000
    0    0    0   0.00000        -3    0    2  19.12197        0.0000000979  -0.0000000000
    0    0    0   0.00000        -3    1   -3  19.12197       -0.0000000566   0.0000000000
    0    0    0   0.00000         4    4    1  19.12197       -0.0000000569  -0.0000000000
    0    0    0   0.00000         5    2    2  19.12197       -0.0000000980  -0.0000000000
    0    0    0   0.00000         5    3    3  19.12197        0.0000001543  -0.0000000000
    0    0    0   0.00000        -5   -3   -2  19.49691       -0.0000000619  -0.0000000000
    0    0    0   0.00000        -5   -2   -3  19.49691       -0.0000000619  -0.0000000000
    0    0    0   0.00000        -3   -5   -2  19.49691        0.0000000615  -0.0000000000
    0    0    0   0.00000        -3   -2   -5  19.49691        0.0000000615   0.0000000000
    0    0    0   0.00000        -3   -1    2  19.49691       -0.0000000619  -0.0000000000
    0    0    0   0.00000        -3    2   -1  19.49691       -0.0000000619  -0.0000000000
    0    0    0   0.00000        -2   -5   -3  19.49691        0.0000000617  -0.0000000000
    0    0    0   0.00000        -2   -3   -5  19.49691        0.0000000617   0.0000000000
    0    0    0   0.00000        -2    1    3  19.49691        0.0000000619   0.0000000000
    0    0    0   0.00000        -2    3    1  19.49691        0.0000000619   0.0000000000
    0    0    0   0.00000        -1   -3    2  19.49691        0.0000000615   0.0000000000
    0    0    0   0.00000        -1    2   -3  19.49691        0.0000000615  -0.0000000000
    0    0    0   0.00000         1   -2    3  19.49691       -0.0000000617  -0.0000000000
    0    0    0   0.00000         1    3   -2  19.49691       -0.0000000617   0.0000000000
    0    0    0   0.00000         2   -3   -1  19.49691       -0.0000000614   0.0000000000
    0    0    0   0.00000         2   -1   -3  19.49691       -0.0000000614   0.0000000000
    0    0    0   0.00000         2    3    5  19.49691       -0.0000000615   0.0000000000
    0    0    0   0.00000         2    5    3  19.49691       -0.0000000615  -0.0000000000
    0    0    0   0.00000         3   -2    1  19.49691        0.0000000614  -0.0000000000
    0    0    0   0.00000         3    1   -2  19.49691        0.0000000614  -0.0000000000
    0    0    0   0.00000         3    2    5  19.49691       -0.0000000617   0.0000000000
    0    0    0   0.00000         3    5    2  19.49691       -0.0000000617  -0.0000000000
    0    0    0   0.00000         5    2    3  19.49691        0.0000000614  -0.0000000000
    0    0    0   0.00000         5    3    2  19.49691        0.0000000614  -0.0000000000
    0    0    0   0.00000        -5   -4   -3  20.99667       -0.0000000715   0.0000000000
    0    0    0   0.00000        -5   -3   -4  20.99667       -0.0000000715   0.0000000000
    0    0    0   0.00000        -5   -2   -1  20.99667        0.0000001176   0.0000000000
    0    0    0   0.00000        -5   -1   -2  20.99667        0.0000001176   0.0000000000
    0    0    0   0.00000        -4   -5   -3  20.99667       -0.0000000421  -0.0000000000
    0    0    0   0.00000         3   -1   -2  20.99667       -0.0000001174   0.0000000000
    0    0    0   0.00000         3    4    5  20.99667        0.0000000039  -0.0000000000
    0    0    0   0.00000         3    5    4  20.99667        0.0000000039   0.0000000000
    0    0    0   0.00000         4   -1    1  20.99667        0.0000001174  -0.0000000000
    0    0    0   0.00000         4    1   -1  20.99667        0.0000001174  -0.0000000000
    0    0    0   0.00000         4    3    5  20.99667        0.0000000421  -0.0000000000
    0    0    0   0.00000         4    5    3  20.99667        0.0000000421   0.0000000000
    0    0    0   0.00000         5    1    2  20.99667       -0.0000001174   0.0000000000
    0    0    0   0.00000         5    2    1  20.99667       -0.0000001174   0.0000000000
    0    0    0   0.00000         5    3    4  20.99667        0.0000000715   0.0000000000
    0    0    0   0.00000         5    4    3  20.99667        0.0000000715   0.0000000000
    0    0    0   0.00000        -5   -4   -4  22.12149        0.0000000043  -0.0000000000
    0    0    0   0.00000        -5   -4   -2  22.12149       -0.0000000700  -0.0000000000
    0    0    0   0.00000        -5   -3   -1  22.12149        0.0000000234   0.0000000000
    0    0    0   0.00000        -5   -2   -4  22.12149       -0.0000000700   0.0000000000
    0    0    0   0.00000        -5   -1   -3  22.12149        0.0000000234  -0.0000000000
    0    0    0   0.00000        -5   -1   -1  22.12149        0.0000000653  -0.0000000000
    0    0    0   0.00000        -4   -5   -4  22.12149       -0.0000000346  -0.0000000000
    0    0    0   0.00000        -4   -5   -2  22.12149       -0.0000000110  -0.0000000000
    0    0    0   0.00000        -4   -4   -5  22.12149       -0.0000000346  -0.0000000000
    0    0    0   0.00000        -4   -2   -5  22.12149       -0.0000000110   0.0000000000
    0    0    0   0.00000        -4   -2    1  22.12149       -0.0000000234   0.0000000000
    0    0    0   0.00000        -4    0    1  22.12149       -0.0000000653   0.0000000000
    0    0    0   0.00000        -4    1   -2  22.12149       -0.0000000234  -0.0000000000
    0    0    0   0.00000        -4    1    0  22.12149       -0.0000000653   0.0000000000
    0    0    0   0.00000        -3   -5   -1  22.12149        0.0000000572   0.0000000000
    0    0    0   0.00000        -3   -2    2  22.12149       -0.0000000700   0.0000000000
    0    0    0   0.00000        -3   -1   -5  22.12149        0.0000000572   0.0000000000
    0    0    0   0.00000        -3    2   -2  22.12149       -0.0000000700   0.0000000000
    0    0    0   0.00000        -2   -5   -4  22.12149        0.0000000573   0.0000000000
    0    0    0   0.00000        -2   -4   -5  22.12149        0.0000000573   0.0000000000
    0    0    0   0.00000        -2   -4    1  22.12149       -0.0000000572  -0.0000000000
    0    0    0   0.00000         2    5    4  22.12149       -0.0000000572  -0.0000000000
    0    0    0   0.00000         3   -2    2  22.12149        0.0000000698   0.0000000000
    0    0    0   0.00000         3    1    5  22.12149       -0.0000000573  -0.0000000000
    0    0    0   0.00000         3    2   -2  22.12149        0.0000000698  -0.0000000000
    0    0    0   0.00000         3    5    1  22.12149       -0.0000000573  -0.0000000000
    0    0    0   0.00000         4   -1    0  22.12149        0.0000000650  -0.0000000000
    0    0    0   0.00000         4   -1    2  22.12149        0.0000000236   0.0000000000
    0    0    0   0.00000         4    0   -1  22.12149        0.0000000650  -0.0000000000
    0    0    0   0.00000         4    2   -1  22.12149        0.0000000236   0.0000000000
    0    0    0   0.00000         4    2    5  22.12149        0.0000000109  -0.0000000000
    0    0    0   0.00000         4    4    5  22.12149        0.0000000347   0.0000000000
    0    0    0   0.00000         4    5    2  22.12149        0.0000000109   0.0000000000
    0    0    0   0.00000         4    5    4  22.12149        0.0000000347  -0.0000000000
    0    0    0   0.00000         5    1    1  22.12149       -0.0000000650   0.0000000000
    0    0    0   0.00000         5    1    3  22.12149       -0.0000000236  -0.0000000000
    0    0    0   0.00000         5    2    4  22.12149        0.0000000698  -0.0000000000
    0    0    0   0.00000         5    3    1  22.12149       -0.0000000236  -0.0000000000
    0    0    0   0.00000         5    4    2  22.12149        0.0000000698   0.0000000000
    0    0    0   0.00000         5    4    4  22.12149       -0.0000000040  -0.0000000000
    0    0    0   0.00000        -4   -4    0  23.99619        0.0000000240  -0.0000000000
    0    0    0   0.00000        -4    0   -4  23.99619        0.0000000240  -0.0000000000
    0    0    0   0.00000         0   -4   -4  23.99619       -0.0000000241  -0.0000000000
    0    0    0   0.00000         0    4    4  23.99619        0.0000000240  -0.0000000000
    0    0    0   0.00000         4    0    4  23.99619       -0.0000000241  -0.0000000000
    0    0    0   0.00000         4    4    0  23.99619       -0.0000000241  -0.0000000000
   -1   -1   -1   1.12482        -1   -1   -1   1.12482       -0.0341202628  -0.0000000000
   -1    0    0   1.12482        -1    0    0   1.12482       -0.0341217270   0.0000000000
    0   -1    0   1.12482         0   -1    0   1.12482       -0.0341187941   0.0000000000
    0    0   -1   1.12482         0    0   -1   1.12482       -0.0341187941  -0.0000000000
    0    0    1   1.12482         0    0    1   1.12482       -0.0341202628   0.0000000000
    0    1    0   1.12482         0    1    0   1.12482       -0.0341202628  -0.0000000000
    1    0    0   1.12482         1    0    0   1.12482       -0.0341173208   0.0000000000
    1    1    1   1.12482         1    1    1   1.12482       -0.0341187941  -0.0000000000
   -1   -1    0   1.49976        -1   -1    0   1.49976       -0.0345777747   0.0000000000
   -1    0   -1   1.49976        -1    0   -1   1.49976       -0.0345777747  -0.0000000000
    0   -1   -1   1.49976         0   -1   -1   1.49976       -0.0345690741  -0.0000000000
    0    1    1   1.49976         0    1    1   1.49976       -0.0345777747  -0.0000000000
    1    0    1   1.49976         1    0    1   1.49976       -0.0345690741  -0.0000000000
    1    1    0   1.49976         1    1    0   1.49976       -0.0345690741   0.0000000000
   -2   -1   -1   2.99952        -2   -1   -1   2.99952       -0.0234361970  -0.0000000000
   -1   -2   -1   2.99952        -1   -2   -1   2.99952       -0.0234251258   0.0000000000
   -1   -1   -2   2.99952        -1   -1   -2   2.99952       -0.0234251258  -0.0000000000
   -1    0    1   2.99952        -1    0    1   2.99952       -0.0234361970  -0.0000000000
   -1    1    0   2.99952        -1    1    0   2.99952       -0.0234361970   0.0000000000
    0   -1    1   2.99952         0   -1    1   2.99952       -0.0234251258  -0.0000000000
    0    1   -1   2.99952         0    1   -1   2.99952       -0.0234251258  -0.0000000000
    1   -1    0   2.99952         1   -1    0   2.99952       -0.0234140485  -0.0000000000
    1    0   -1   2.99952         1    0   -1   2.99952       -0.0234140485  -0.0000000000
    1    1    2   2.99952         1    1    2   2.99952       -0.0234251258   0.0000000000
    1    2    1   2.99952         1    2    1   2.99952       -0.0234251258   0.0000000000
    2    1    1   2.99952         2    1    1   2.99952       -0.0234140485  -0.0000000000
   -2   -2   -1   4.12435        -2   -2   -1   4.12435       -0.0137146800  -0.0000000000
   -2   -1   -2   4.12435        -2   -1   -2   4.12435       -0.0137146800  -0.0000000000
   -2   -1    0   4.12435        -2   -1    0   4.12435       -0.0137182897  -0.0000000000
   -2    0   -1   4.12435        -2    0   -1   4.12435       -0.0137182897  -0.0000000000
   -1   -2   -2   4.12435        -1   -2   -2   4.12435       -0.0137064507   0.0000000000
    2    2    0   5.99905         2    2    0   5.99905       -0.0044118261  -0.0000000000
   -3   -2   -2   7.12387        -3   -2   -2   7.12387       -0.0022654215  -0.0000000000
   -3   -1   -1   7.12387        -3   -1   -1   7.12387       -0.0022662967  -0.0000000000
   -2   -3   -2   7.12387        -2   -3   -2   7.12387       -0.0022639939  -0.0000000000
   -2   -2   -3   7.12387        -2   -2   -3   7.12387       -0.0022639939  -0.0000000000
   -2    0    1   7.12387        -2    0    1   7.12387       -0.0022662967  -0.0000000000
   -2    1    0   7.12387        -2    1    0   7.12387       -0.0022662967  -0.0000000000
   -1   -3   -1   7.12387        -1   -3   -1   7.12387       -0.0022631189   0.0000000000
   -1   -1   -3   7.12387        -1   -1   -3   7.12387       -0.0022631189   0.0000000000
   -1    0    2   7.12387        -1    0    2   7.12387       -0.0022654215   0.0000000000
   -1    2    0   7.12387        -1    2    0   7.12387       -0.0022654215  -0.0000000000
    0   -2    1   7.12387         0   -2    1   7.12387       -0.0022631189   0.0000000000
    0   -1    2   7.12387         0   -1    2   7.12387       -0.0022639939  -0.0000000000
    0    1   -2   7.12387         0    1   -2   7.12387       -0.0022631189   0.0000000000
    0    2   -1   7.12387         0    2   -1   7.12387       -0.0022639939   0.0000000000
    1   -2    0   7.12387         1   -2    0   7.12387       -0.0022616916  -0.0000000000
    1    0   -2   7.12387         1    0   -2   7.12387       -0.0022616916  -0.0000000000
    1    1    3   7.12387         1    1    3   7.12387       -0.0022639939  -0.0000000000
    1    3    1   7.12387         1    3    1   7.12387       -0.0022639939  -0.0000000000
    2   -1    0   7.12387         2   -1    0   7.12387       -0.0022608169  -0.0000000000
    2    0   -1   7.12387         2    0   -1   7.12387       -0.0022608169   0.0000000000
    2    2    3   7.12387         2    2    3   7.12387       -0.0022631189  -0.0000000000
    2    3    2   7.12387         2    3    2   7.12387       -0.0022631189   0.0000000000
    3    1    1   7.12387         3    1    1   7.12387       -0.0022608169  -0.0000000000
    3    2    2   7.12387         3    2    2   7.12387       -0.0022616916  -0.0000000000
   -3   -2   -1   7.49881        -3   -2   -1   7.49881       -0.0017729280  -0.0000000000
   -3   -1   -2   7.49881        -3   -1   -2   7.49881       -0.0017729280  -0.0000000000
   -2   -3   -1   7.49881        -2   -3   -1   7.49881       -0.0017718408  -0.0000000000
   -2   -1   -3   7.49881        -2   -1   -3   7.49881       -0.0017718408   0.0000000000
   -2   -1    1   7.49881        -2   -1    1   7.49881       -0.0017729280   0.0000000000
   -2    1   -1   7.49881        -2    1   -1   7.49881       -0.0017729280  -0.0000000000
   -1   -3   -2   7.49881        -1   -3   -2   7.49881       -0.0017706849  -0.0000000000
    1    0    3   8.99857         1    0    3   8.99857       -0.0007040591   0.0000000000
    1    1   -2   8.99857         1    1   -2   8.99857       -0.0007036566   0.0000000000
    1    3    0   8.99857         1    3    0   8.99857       -0.0007040591   0.0000000000
    2   -1   -1   8.99857         2   -1   -1   8.99857       -0.0007032542  -0.0000000000
    2    3    3   8.99857         2    3    3   8.99857       -0.0007040260  -0.0000000000
    3    0    1   8.99857         3    0    1   8.99857       -0.0007032542   0.0000000000
    3    1    0   8.99857         3    1    0   8.99857       -0.0007032542   0.0000000000
    3    2    3   8.99857         3    2    3   8.99857       -0.0007036566   0.0000000000
    3    3    2   8.99857         3    3    2   8.99857       -0.0007036566   0.0000000000
   -3   -3   -3  10.12339        -3   -3   -3  10.12339       -0.0003754444   0.0000000000
   -3   -3   -1  10.12339        -3   -3   -1  10.12339       -0.0003883945   0.0000000000
   -3   -2    0  10.12339        -3   -2    0  10.12339       -0.0003884762   0.0000000000
   -3   -1   -3  10.12339        -3   -1   -3  10.12339       -0.0003883945  -0.0000000000
   -3    0   -2  10.12339        -3    0   -2  10.12339       -0.0003884762  -0.0000000000
   -3    0    0  10.12339        -3    0    0  10.12339       -0.0003757098   0.0000000000
   -2   -3    0  10.12339        -2   -3    0  10.12339       -0.0003883126   0.0000000000
   -2   -2    1  10.12339        -2   -2    1  10.12339       -0.0003883945   0.0000000000
   -2    0   -3  10.12339        -2    0   -3  10.12339       -0.0003883126   0.0000000000
   -2    1   -2  10.12339        -2    1   -2  10.12339       -0.0003883945  -0.0000000000
   -1   -3   -3  10.12339        -1   -3   -3  10.12339       -0.0003880071  -0.0000000000
   -1    2    2  10.12339        -1    2    2  10.12339       -0.0003884762   0.0000000000
    0   -3   -2  10.12339         0   -3   -2  10.12339       -0.0003879254  -0.0000000000
    0   -3    0  10.12339         0   -3    0  10.12339       -0.0003751791   0.0000000000
    0   -2   -3  10.12339         0   -2   -3  10.12339       -0.0003879254  -0.0000000000
    0    0   -3  10.12339         0    0   -3  10.12339       -0.0003751791   0.0000000000
    0    0    3  10.12339         0    0    3  10.12339       -0.0003754444   0.0000000000
    0    2    3  10.12339         0    2    3  10.12339       -0.0003883945  -0.0000000000
    0    3    0  10.12339         0    3    0  10.12339       -0.0003754444   0.0000000000
    0    3    2  10.12339         0    3    2  10.12339       -0.0003883945  -0.0000000000
    1   -2   -2  10.12339         1   -2   -2  10.12339       -0.0003878436   0.0000000000
    1    3    3  10.12339         1    3    3  10.12339       -0.0003883126  -0.0000000000
    2   -1    2  10.12339         2   -1    2  10.12339       -0.0003879254  -0.0000000000
   -2   -1   -4  13.12292        -2   -1   -4  13.12292       -0.0001189555  -0.0000000000
   -2   -1    2  13.12292        -2   -1    2  13.12292       -0.0001190207  -0.0000000000
   -2    1    2  13.12292        -2    1    2  13.12292       -0.0001190490  -0.0000000000
   -2    2   -1  13.12292        -2    2   -1  13.12292       -0.0001190207   0.0000000000
   -2    2    1  13.12292        -2    2    1  13.12292       -0.0001190490  -0.0000000000
   -1   -4   -2  13.12292        -1   -4   -2  13.12292       -0.0001189091  -0.0000000000
   -1   -3    1  13.12292        -1   -3    1  13.12292       -0.0001189555   0.0000000000
   -1   -2   -4  13.12292        -1   -2   -4  13.12292       -0.0001189091  -0.0000000000
   -1   -2    2  13.12292        -1   -2    2  13.12292       -0.0001189838  -0.0000000000
   -1    1   -3  13.12292        -1    1   -3  13.12292       -0.0001189555  -0.0000000000
   -1    1    3  13.12292        -1    1    3  13.12292       -0.0001190207   0.0000000000
   -1    2   -2  13.12292        -1    2   -2  13.12292       -0.0001189838  -0.0000000000
   -1    3    1  13.12292        -1    3    1  13.12292       -0.0001190207  -0.0000000000
    1   -3   -1  13.12292         1   -3   -1  13.12292       -0.0001188723  -0.0000000000
    1   -2    2  13.12292         1   -2    2  13.12292       -0.0001189091   0.0000000000
    1   -1   -3  13.12292         1   -1   -3  13.12292       -0.0001188723  -0.0000000000
    1   -1    3  13.12292         1   -1    3  13.12292       -0.0001189375   0.0000000000
    1    2   -2  13.12292         1    2   -2  13.12292       -0.0001189091  -0.0000000000
    1    2    4  13.12292         1    2    4  13.12292       -0.0001189838  -0.0000000000
    1    3   -1  13.12292         1    3   -1  13.12292       -0.0001189375   0.0000000000
    1    4    2  13.12292         1    4    2  13.12292       -0.0001189838   0.0000000000
    2   -2   -1  13.12292         2   -2   -1  13.12292       -0.0001188440   0.0000000000
    2   -2    1  13.12292         2   -2    1  13.12292       -0.0001188723   0.0000000000
    2   -1   -2  13.12292         2   -1   -2  13.12292       -0.0001188440  -0.0000000000
    2    1   -2  13.12292         2    1   -2  13.12292       -0.0001188723  -0.0000000000
    2    1    4  13.12292         2    1    4  13.12292       -0.0001189375   0.0000000000
    2    3    4  13.12292         2    3    4  13.12292       -0.0001189555   0.0000000000
    2    4    1  13.12292         2    4    1  13.12292       -0.0001189375  -0.0000000000
    2    4    3  13.12292         2    4    3  13.12292       -0.0001189555   0.0000000000
    3   -1    1  13.12292         3   -1    1  13.12292       -0.0001188440  -0.0000000000
    3    1   -1  13.12292         3    1   -1  13.12292       -0.0001188440   0.0000000000
    3    2    4  13.12292         3    2    4  13.12292       -0.0001189091  -0.0000000000
    3    4    3  13.49786         3    4    3  13.49786       -0.0001069979   0.0000000000
    4    1    1  13.49786         4    1    1  13.49786       -0.0001069241  -0.0000000000
    4    3    3  13.49786         4    3    3  13.49786       -0.0001069568  -0.0000000000
   -4   -3   -1  14.99762        -4   -3   -1  14.99762       -0.0000592616  -0.0000000000
   -4   -1   -3  14.99762        -4   -1   -3  14.99762       -0.0000592616  -0.0000000000
   -3   -4   -1  14.99762        -3   -4   -1  14.99762       -0.0000592454   0.0000000000
   -3   -2    1  14.99762        -3   -2    1  14.99762       -0.0000592616  -0.0000000000
   -3   -1   -4  14.99762        -3   -1   -4  14.99762       -0.0000592454   0.0000000000
   -3    1   -2  14.99762        -3    1   -2  14.99762       -0.0000592616  -0.0000000000
   -2   -3    1  14.99762        -2   -3    1  14.99762       -0.0000592454   0.0000000000
   -2    1   -3  14.99762        -2    1   -3  14.99762       -0.0000592454  -0.0000000000
   -1   -4   -3  14.99762        -1   -4   -3  14.99762       -0.0000592047   0.0000000000
   -1   -3   -4  14.99762        -1   -3   -4  14.99762       -0.0000592047   0.0000000000
   -1    2    3  14.99762        -1    2    3  14.99762       -0.0000592616  -0.0000000000
   -1    3    2  14.99762        -1    3    2  14.99762       -0.0000592616  -0.0000000000
    1   -3   -2  14.99762         1   -3   -2  14.99762       -0.0000591885   0.0000000000
    1   -2   -3  14.99762         1   -2   -3  14.99762       -0.0000591885  -0.0000000000
    1    3    4  14.99762         1    3    4  14.99762       -0.0000592454  -0.0000000000
    1    4    3  14.99762         1    4    3  14.99762       -0.0000592454  -0.0000000000
    2   -1    3  14.99762         2   -1    3  14.99762       -0.0000592047   0.0000000000
    2    3   -1  14.99762         2    3   -1  14.99762       -0.0000592047   0.0000000000
    3   -1    2  14.99762         3   -1    2  14.99762       -0.0000591885   0.0000000000
    3    1    4  14.99762         3    1    4  14.99762       -0.0000592047   0.0000000000
    3    2   -1  14.99762         3    2   -1  14.99762       -0.0000591885  -0.0000000000
    3    4    1  14.99762         3    4    1  14.99762       -0.0000592047   0.0000000000
    4    1    3  14.99762         4    1    3  14.99762       -0.0000591885  -0.0000000000
    4    3    1  14.99762         4    3    1  14.99762       -0.0000591885   0.0000000000
   -4   -4   -3  16.12244        -4   -4   -3  16.12244       -0.0000479809  -0.0000000000
   -4   -3   -4  16.12244        -4   -3   -4  16.12244       -0.0000479809  -0.0000000000
   -4   -1    0  16.12244        -4   -1    0  16.12244       -0.0000479995  -0.0000000000
   -4    0   -1  16.12244        -4    0   -1  16.12244       -0.0000479995  -0.0000000000
   -3   -4   -4  16.12244        -3   -4   -4  16.12244       -0.0000479638  -0.0000000000
    0    4    2  16.49738         0    4    2  16.49738       -0.0000363420   0.0000000000
    2   -2   -2  16.49738         2   -2   -2  16.49738       -0.0000362994   0.0000000000
    2   -2    2  16.49738         2   -2    2  16.49738       -0.0000363102   0.0000000000
    2    0    4  16.49738         2    0    4  16.49738       -0.0000363210   0.0000000000
    2    2   -2  16.49738         2    2   -2  16.49738       -0.0000363102  -0.0000000000
    2    4    0  16.49738         2    4    0  16.49738       -0.0000363210   0.0000000000
    2    4    4  16.49738         2    4    4  16.49738       -0.0000363312   0.0000000000
    4    0    2  16.49738         4    0    2  16.49738       -0.0000362994  -0.0000000000
    4    2    0  16.49738         4    2    0  16.49738       -0.0000362994   0.0000000000
    4    2    4  16.49738         4    2    4  16.49738       -0.0000363102  -0.0000000000
    4    4    2  16.49738         4    4    2  16.49738       -0.0000363102   0.0000000000
   -4   -4   -4  17.99714        -4   -4   -4  17.99714       -0.0000288050  -0.0000000000
   -4    0    0  17.99714        -4    0    0  17.99714       -0.0000288226  -0.0000000000
    0   -4    0  17.99714         0   -4    0  17.99714       -0.0000287875   0.0000000000
    0    0   -4  17.99714         0    0   -4  17.99714       -0.0000287875  -0.0000000000
    0    0    4  17.99714         0    0    4  17.99714       -0.0000288050  -0.0000000000
    0    4    0  17.99714         0    4    0  17.99714       -0.0000288050  -0.0000000000
    4    0    0  17.99714         4    0    0  17.99714       -0.0000287699   0.0000000000
    4    4    4  17.99714         4    4    4  17.99714       -0.0000287875   0.0000000000
   -5   -3   -3  19.12197        -5   -3   -3  19.12197       -0.0000197936  -0.0000000000
   -5   -2   -2  19.12197        -5   -2   -2  19.12197       -0.0000197946   0.0000000000
   -4   -4   -1  19.12197        -4   -4   -1  19.12197       -0.0000168855   0.0000000000
   -4   -3    0  19.12197        -4   -3    0  19.12197       -0.0000168877   0.0000000000
   -4   -1   -4  19.12197        -4   -1   -4  19.12197       -0.0000168855   0.0000000000
   -4    0   -3  19.12197        -4    0   -3  19.12197       -0.0000168877   0.0000000000
   -3   -5   -3  19.12197        -3   -5   -3  19.12197       -0.0000197808   0.0000000000
   -3   -4    0  19.12197        -3   -4    0  19.12197       -0.0000168833   0.0000000000
   -3   -3   -5  19.12197        -3   -3   -5  19.12197       -0.0000197808   0.0000000000
   -3   -3    1  19.12197        -3   -3    1  19.12197       -0.0000168855   0.0000000000
   -3    0   -4  19.12197        -3    0   -4  19.12197       -0.0000168833  -0.0000000000
   -3    0    2  19.12197        -3    0    2  19.12197       -0.0000197946  -0.0000000000
   -3    1   -3  19.12197        -3    1   -3  19.12197       -0.0000168855  -0.0000000000
    4    4    1  19.12197         4    4    1  19.12197       -0.0000168711  -0.0000000000
    5    2    2  19.12197         5    2    2  19.12197       -0.0000197660  -0.0000000000
    5    3    3  19.12197         5    3    3  19.12197       -0.0000197671   0.0000000000
   -5   -3   -2  19.49691        -5   -3   -2  19.49691       -0.0000166265  -0.0000000000
   -5   -2   -3  19.49691        -5   -2   -3  19.49691       -0.0000166265   0.0000000000
   -3   -5   -2  19.49691        -3   -5   -2  19.49691       -0.0000166166   0.0000000000
   -3   -2   -5  19.49691        -3   -2   -5  19.49691       -0.0000166166   0.0000000000
   -3   -1    2  19.49691        -3   -1    2  19.49691       -0.0000166265   0.0000000000
   -3    2   -1  19.49691        -3    2   -1  19.49691       -0.0000166265  -0.0000000000
   -2   -5   -3  19.49691        -2   -5   -3  19.49691       -0.0000166128  -0.0000000000
   -2   -3   -5  19.49691        -2   -3   -5  19.49691       -0.0000166128  -0.0000000000
   -2    1    3  19.49691        -2    1    3  19.49691       -0.0000166265   0.0000000000
   -2    3    1  19.49691        -2    3    1  19.49691       -0.0000166265  -0.0000000000
   -1   -3    2  19.49691        -1   -3    2  19.49691       -0.0000166166  -0.0000000000
   -1    2   -3  19.49691        -1    2   -3  19.49691       -0.0000166166   0.0000000000
    1   -2    3  19.49691         1   -2    3  19.49691       -0.0000166128   0.0000000000
    1    3   -2  19.49691         1    3   -2  19.49691       -0.0000166128   0.0000000000
    2   -3   -1  19.49691         2   -3   -1  19.49691       -0.0000166030  -0.0000000000
    2   -1   -3  19.49691         2   -1   -3  19.49691       -0.0000166030  -0.0000000000
    2    3    5  19.49691         2    3    5  19.49691       -0.0000166166   0.0000000000
    2    5    3  19.49691         2    5    3  19.49691       -0.0000166166  -0.0000000000
    3   -2    1  19.49691         3   -2    1  19.49691       -0.0000166030   0.0000000000
    3    1   -2  19.49691         3    1   -2  19.49691       -0.0000166030  -0.0000000000
    3    2    5  19.49691         3    2    5  19.49691       -0.0000166128  -0.0000000000
    3    5    2  19.49691         3    5    2  19.49691       -0.0000166128   0.0000000000
    5    2    3  19.49691         5    2    3  19.49691       -0.0000166030  -0.0000000000
    5    3    2  19.49691         5    3    2  19.49691       -0.0000166030  -0.0000000000
   -5   -4   -3  20.99667        -5   -4   -3  20.99667       -0.0000119987  -0.0000000000
   -5   -3   -4  20.99667        -5   -3   -4  20.99667       -0.0000119987  -0.0000000000
   -5   -2   -1  20.99667        -5   -2   -1  20.99667       -0.0000120015   0.0000000000
   -5   -1   -2  20.99667        -5   -1   -2  20.99667       -0.0000120015   0.0000000000
   -4   -5   -3  20.99667        -4   -5   -3  20.99667       -0.0000119959   0.0000000000
    3   -1   -2  20.99667         3   -1   -2  20.99667       -0.0000119849  -0.0000000000
    3    4    5  20.99667         3    4    5  20.99667       -0.0000119932   0.0000000000
    3    5    4  20.99667         3    5    4  20.99667       -0.0000119932  -0.0000000000
    4   -1    1  20.99667         4   -1    1  20.99667       -0.0000119849  -0.0000000000
    4    1   -1  20.99667         4    1   -1  20.99667       -0.0000119849   0.0000000000
    4    3    5  20.99667         4    3    5  20.99667       -0.0000119905  -0.0000000000
    4    5    3  20.99667         4    5    3  20.99667       -0.0000119905  -0.0000000000
    5    1    2  20.99667         5    1    2  20.99667       -0.0000119849  -0.0000000000
    5    2    1  20.99667         5    2    1  20.99667       -0.0000119849  -0.0000000000
    5    3    4  20.99667         5    3    4  20.99667       -0.0000119877  -0.0000000000
    5    4    3  20.99667         5    4    3  20.99667       -0.0000119877   0.0000000000
   -5   -4   -4  22.12149        -5   -4   -4  22.12149       -0.0000085342  -0.0000000000
   -5   -4   -2  22.12149        -5   -4   -2  22.12149       -0.0000081909  -0.0000000000
   -5   -3   -1  22.12149        -5   -3   -1  22.12149       -0.0000081916  -0.0000000000
   -5   -2   -4  22.12149        -5   -2   -4  22.12149       -0.0000081909   0.0000000000
   -5   -1   -3  22.12149        -5   -1   -3  22.12149       -0.0000081916   0.0000000000
   -5   -1   -1  22.12149        -5   -1   -1  22.12149       -0.0000085383  -0.0000000000
   -4   -5   -4  22.12149        -4   -5   -4  22.12149       -0.0000085327   0.0000000000
   -4   -5   -2  22.12149        -4   -5   -2  22.12149       -0.0000081890   0.0000000000
   -4   -4   -5  22.12149        -4   -4   -5  22.12149       -0.0000085327  -0.0000000000
   -4   -2   -5  22.12149        -4   -2   -5  22.12149       -0.0000081890   0.0000000000
   -4   -2    1  22.12149        -4   -2    1  22.12149       -0.0000081916   0.0000000000
   -4    0    1  22.12149        -4    0    1  22.12149       -0.0000085383   0.0000000000
   -4    1   -2  22.12149        -4    1   -2  22.12149       -0.0000081916   0.0000000000
   -4    1    0  22.12149        -4    1    0  22.12149       -0.0000085383  -0.0000000000
   -3   -5   -1  22.12149        -3   -5   -1  22.12149       -0.0000081882  -0.0000000000
   -3   -2    2  22.12149        -3   -2    2  22.12149       -0.0000081909  -0.0000000000
   -3   -1   -5  22.12149        -3   -1   -5  22.12149       -0.0000081882   0.0000000000
   -3    2   -2  22.12149        -3    2   -2  22.12149       -0.0000081909  -0.0000000000
   -2   -5   -4  22.12149        -2   -5   -4  22.12149       -0.0000081858   0.0000000000
   -2   -4   -5  22.12149        -2   -4   -5  22.12149       -0.0000081858  -0.0000000000
   -2   -4    1  22.12149        -2   -4    1  22.12149       -0.0000081882   0.0000000000
    2    5    4  22.12149         2    5    4  22.12149       -0.0000081882   0.0000000000
    3   -2    2  22.12149         3   -2    2  22.12149       -0.0000081831  -0.0000000000
    3    1    5  22.12149         3    1    5  22.12149       -0.0000081858   0.0000000000
    3    2   -2  22.12149         3    2   -2  22.12149       -0.0000081831  -0.0000000000
    3    5    1  22.12149         3    5    1  22.12149       -0.0000081858   0.0000000000
    4   -1    0  22.12149         4   -1    0  22.12149       -0.0000085230  -0.0000000000
    4   -1    2  22.12149         4   -1    2  22.12149       -0.0000081824  -0.0000000000
    4    0   -1  22.12149         4    0   -1  22.12149       -0.0000085230  -0.0000000000
    4    2   -1  22.12149         4    2   -1  22.12149       -0.0000081824  -0.0000000000
    4    2    5  22.12149         4    2    5  22.12149       -0.0000081851  -0.0000000000
    4    4    5  22.12149         4    4    5  22.12149       -0.0000085286   0.0000000000
    4    5    2  22.12149         4    5    2  22.12149       -0.0000081851  -0.0000000000
    4    5    4  22.12149         4    5    4  22.12149       -0.0000085286   0.0000000000
    5    1    1  22.12149         5    1    1  22.12149       -0.0000085230  -0.0000000000
    5    1    3  22.12149         5    1    3  22.12149       -0.0000081824   0.0000000000
    5    2    4  22.12149         5    2    4  22.12149       -0.0000081831  -0.0000000000
    5    3    1  22.12149         5    3    1  22.12149       -0.0000081824   0.0000000000
    5    4    2  22.12149         5    4    2  22.12149       -0.0000081831  -0.0000000000
    5    4    4  22.12149         5    4    4  22.12149       -0.0000085271   0.0000000000
   -4   -4    0  23.99619        -4   -4    0  23.99619       -0.0000049575  -0.0000000000
   -4    0   -4  23.99619        -4    0   -4  23.99619       -0.0000049575  -0.0000000000
    0   -4   -4  23.99619         0   -4   -4  23.99619       -0.0000049541  -0.0000000000
    0    4    4  23.99619         0    4    4  23.99619       -0.0000049575   0.0000000000
    4    0    4  23.99619         4    0    4  23.99619       -0.0000049541   0.0000000000
    4    4    0  23.99619         4    4    0  23.99619       -0.0000049541  -0.0000000000
 
 For q0 points, you should check the symmetry (eps(G,G') = eps*(-G,-G')) by
 using the eps0sym code. Wavefunction convergence, as well as a finite q-shift
 may cause this property of eps(G,G') to be broken.


             g                   gp         inverse epsilon           nspin= 1
         0    0    0         0    0    0        0.04550552   0.00000000
        -1   -1   -1         0    0    0       -0.00000174  -0.00000000
        -1   -1   -1        -1   -1   -1        0.60127801  -0.00000000
        -1    0    0        -1   -1   -1       -0.00077984  -0.00000000
        -1    0    0        -1    0    0        0.60981692   0.00000000
         0   -1    0        -1    0    0        0.00243482  -0.00000000
         0   -1    0         0   -1    0        0.60138831   0.00000000
         0    0   -1         0   -1    0        0.00673273  -0.00000000
         0    0   -1         0    0   -1        0.60138831   0.00000000
         0    0    1         0    0   -1        0.06020117  -0.00000000
         0    0    1         0    0    1        0.60127801   0.00000000
         0    1    0         0    0    1        0.00674516   0.00000000
         0    1    0         0    1    0        0.60127801  -0.00000000
         1    0    0         0    1    0        0.00243749  -0.00000000
         1    0    0         1    0    0        0.61005717   0.00000000
         1    1    1         1    0    0       -0.00078032   0.00000000
         1    1    1         1    1    1        0.60138831  -0.00000000
        -1   -1    0         1    1    1        0.00700809   0.00000000
        -1   -1    0        -1   -1    0        0.66283349   0.00000000
        -1    0   -1        -1   -1    0        0.01176260   0.00000000
        -1    0   -1        -1    0   -1        0.66283349  -0.00000000
         0   -1   -1        -1    0   -1        0.01176117   0.00000000
         0   -1   -1         0   -1   -1        0.66300676  -0.00000000
         0    1    1         0   -1   -1       -0.00965182  -0.00000000
         0    1    1         0    1    1        0.66283349  -0.00000000
         1    0    1         0    1    1        0.01176117  -0.00000000
         1    0    1         1    0    1        0.66300676  -0.00000000
         1    1    0         1    0    1        0.01176571  -0.00000000
         1    1    0         1    1    0        0.66300676  -0.00000000
        -2   -1   -1         1    1    0        0.00000258   0.00000000
        -2   -1   -1        -2   -1   -1        0.85588821  -0.00000000
        -1   -2   -1        -2   -1   -1        0.01005405  -0.00000000
        -1   -2   -1        -1   -2   -1        0.85332577   0.00000000
        -1   -1   -2        -1   -2   -1        0.01005083  -0.00000000
        -1   -1   -2        -1   -1   -2        0.85332577   0.00000000
        -1    0    1        -1   -1   -2       -0.00549867   0.00000000
        -1    0    1        -1    0    1        0.85588821  -0.00000000
        -1    1    0        -1    0    1        0.01271572   0.00000000
        -1    1    0        -1    1    0        0.85588821   0.00000000
         0   -1    1        -1    1    0        0.00549730  -0.00000000
         0   -1    1         0   -1    1        0.85332577  -0.00000000
         0    1   -1         0   -1    1        0.02378494  -0.00000000
         0    1   -1         0    1   -1        0.85332577  -0.00000000
         1   -1    0         0    1   -1        0.00549821  -0.00000000
         1   -1    0         1   -1    0        0.85606354  -0.00000000
         1    0   -1         1   -1    0        0.01268584  -0.00000000
         1    0   -1         1    0   -1        0.85606354  -0.00000000
         1    1    2         1    0   -1       -0.00549959  -0.00000000
         1    1    2         1    1    2        0.85332577   0.00000000
         1    2    1         1    1    2        0.01005052  -0.00000000
         1    2    1         1    2    1        0.85332577   0.00000000
         2    1    1         1    2    1        0.01004474   0.00000000
         2    1    1         2    1    1        0.85606354  -0.00000000
        -2   -2   -1         2    1    1        0.00529970   0.00000000
        -2   -2   -1        -2   -2   -1        0.93230894  -0.00000000
        -2   -1   -2        -2   -2   -1       -0.00031927  -0.00000000
        -2   -1   -2        -2   -1   -2        0.93230894  -0.00000000
        -2   -1    0        -2   -1   -2       -0.00514755   0.00000000
        -2   -1    0        -2   -1    0        0.93411340  -0.00000000
        -2    0   -1        -2   -1    0        0.00151093  -0.00000000
        -2    0   -1        -2    0   -1        0.93411340  -0.00000000
        -1   -2   -2        -2    0   -1        0.00121472   0.00000000
        -1   -2   -2        -1   -2   -2        0.93202375   0.00000000
         2    2    0        -1   -2   -2        0.00123981  -0.00000000
         2    2    0         2    2    0        0.98346740  -0.00000000
        -3   -2   -2         2    2    0        0.00078323   0.00000000
        -3   -2   -2        -3   -2   -2        0.99318482  -0.00000000
        -3   -1   -1        -3   -2   -2        0.00063077  -0.00000000
        -3   -1   -1        -3   -1   -1        0.99323565  -0.00000000
        -2   -3   -2        -3   -1   -1        0.00001564   0.00000000
        -2   -3   -2        -2   -3   -2        0.99320523  -0.00000000
        -2   -2   -3        -2   -3   -2       -0.00116725  -0.00000000
        -2   -2   -3        -2   -2   -3        0.99320523  -0.00000000
        -2    0    1        -2   -2   -3       -0.00028250   0.00000000
        -2    0    1        -2    0    1        0.99323565  -0.00000000
        -2    1    0        -2    0    1       -0.00112925  -0.00000000
        -2    1    0        -2    1    0        0.99323565  -0.00000000
        -1   -3   -1        -2    1    0        0.00100657   0.00000000
        -1   -3   -1        -1   -3   -1        0.99320786   0.00000000
        -1   -1   -3        -1   -3   -1        0.00103175   0.00000000
        -1   -1   -3        -1   -1   -3        0.99320786   0.00000000
        -1    0    2        -1   -1   -3       -0.00024622   0.00000000
        -1    0    2        -1    0    2        0.99318482   0.00000000
        -1    2    0        -1    0    2        0.00101772  -0.00000000
        -1    2    0        -1    2    0        0.99318482  -0.00000000
         0   -2    1        -1    2    0        0.00024618  -0.00000000
         0   -2    1         0   -2    1        0.99320786  -0.00000000
         0   -1    2         0   -2    1       -0.00064316  -0.00000000
         0   -1    2         0   -1    2        0.99320523  -0.00000000
         0    1   -2         0   -1    2        0.00063348  -0.00000000
         0    1   -2         0    1   -2        0.99320786   0.00000000
         0    2   -1         0    1   -2       -0.00064316   0.00000000
         0    2   -1         0    2   -1        0.99320523   0.00000000
         1   -2    0         0    2   -1        0.00024602   0.00000000
         1   -2    0         1   -2    0        0.99319810  -0.00000000
         1    0   -2         1   -2    0        0.00101613  -0.00000000
         1    0   -2         1    0   -2        0.99319810  -0.00000000
         1    1    3         1    0   -2       -0.00024606  -0.00000000
         1    1    3         1    1    3        0.99320523  -0.00000000
         1    3    1         1    1    3        0.00103227   0.00000000
         1    3    1         1    3    1        0.99320523  -0.00000000
         2   -1    0         1    3    1        0.00100572  -0.00000000
         2   -1    0         2   -1    0        0.99325411  -0.00000000
         2    0   -1         2   -1    0       -0.00112810  -0.00000000
         2    0   -1         2    0   -1        0.99325411   0.00000000
         2    2    3         2    0   -1       -0.00028256   0.00000000
         2    2    3         2    2    3        0.99320786  -0.00000000
         2    3    2         2    2    3       -0.00116678   0.00000000
         2    3    2         2    3    2        0.99320786   0.00000000
         3    1    1         2    3    2        0.00001533  -0.00000000
         3    1    1         3    1    1        0.99325411  -0.00000000
         3    2    2         3    1    1        0.00063229   0.00000000
         3    2    2         3    2    2        0.99319810  -0.00000000
        -3   -2   -1         3    2    2        0.00045277  -0.00000000
        -3   -2   -1        -3   -2   -1        0.99491019  -0.00000000
        -3   -1   -2        -3   -2   -1       -0.00067464  -0.00000000
        -3   -1   -2        -3   -1   -2        0.99491019  -0.00000000
        -2   -3   -1        -3   -1   -2        0.00111300   0.00000000
        -2   -3   -1        -2   -3   -1        0.99491404  -0.00000000
        -2   -1   -3        -2   -3   -1        0.00089957   0.00000000
        -2   -1   -3        -2   -1   -3        0.99491404   0.00000000
        -2   -1    1        -2   -1   -3        0.00023912   0.00000000
        -2   -1    1        -2   -1    1        0.99491019   0.00000000
        -2    1   -1        -2   -1    1        0.00090020   0.00000000
        -2    1   -1        -2    1   -1        0.99491019  -0.00000000
        -1   -3   -2        -2    1   -1        0.00062830   0.00000000
        -1   -3   -2        -1   -3   -2        0.99491772  -0.00000000
         1    0    3        -1   -3   -2        0.00000097  -0.00000000
         1    0    3         1    0    3        0.99828290   0.00000000
         1    1   -2         1    0    3        0.00006897  -0.00000000
         1    1   -2         1    1   -2        0.99828420  -0.00000000
         1    3    0         1    1   -2       -0.00017774  -0.00000000
         1    3    0         1    3    0        0.99828290   0.00000000
         2   -1   -1         1    3    0        0.00014180  -0.00000000
         2   -1   -1         2   -1   -1        0.99828614  -0.00000000
         2    3    3         2   -1   -1       -0.00035865  -0.00000000
         2    3    3         2    3    3        0.99828299  -0.00000000
         3    0    1         2    3    3       -0.00031380  -0.00000000
         3    0    1         3    0    1        0.99828614   0.00000000
         3    1    0         3    0    1       -0.00031138  -0.00000000
         3    1    0         3    1    0        0.99828614   0.00000000
         3    2    3         3    1    0       -0.00032409   0.00000000
         3    2    3         3    2    3        0.99828420   0.00000000
         3    3    2         3    2    3       -0.00031238   0.00000000
         3    3    2         3    3    2        0.99828420   0.00000000
        -3   -3   -3         3    3    2        0.00013775   0.00000000
        -3   -3   -3        -3   -3   -3        0.99921248   0.00000000
        -3   -3   -1        -3   -3   -3       -0.00006239  -0.00000000
        -3   -3   -1        -3   -3   -1        0.99915854   0.00000000
        -3   -2    0        -3   -3   -1        0.00009965   0.00000000
        -3   -2    0        -3   -2    0        0.99916017   0.00000000
        -3   -1   -3        -3   -2    0       -0.00008087  -0.00000000
        -3   -1   -3        -3   -1   -3        0.99915854  -0.00000000
        -3    0   -2        -3   -1   -3        0.00009965  -0.00000000
        -3    0   -2        -3    0   -2        0.99916017  -0.00000000
        -3    0    0        -3    0   -2       -0.00006618   0.00000000
        -3    0    0        -3    0    0        0.99921878   0.00000000
        -2   -3    0        -3    0    0       -0.00007349  -0.00000000
        -2   -3    0        -2   -3    0        0.99915804   0.00000000
        -2   -2    1        -2   -3    0       -0.00010101   0.00000000
        -2   -2    1        -2   -2    1        0.99915854   0.00000000
        -2    0   -3        -2   -2    1        0.00005281  -0.00000000
        -2    0   -3        -2    0   -3        0.99915804   0.00000000
        -2    1   -2        -2    0   -3       -0.00010101   0.00000000
        -2    1   -2        -2    1   -2        0.99915854  -0.00000000
        -1   -3   -3        -2    1   -2        0.00000170   0.00000000
        -1   -3   -3        -1   -3   -3        0.99915881  -0.00000000
        -1    2    2        -1   -3   -3       -0.00002057   0.00000000
        -1    2    2        -1    2    2        0.99916017   0.00000000
         0   -3   -2        -1    2    2        0.00006075  -0.00000000
         0   -3   -2         0   -3   -2        0.99915972  -0.00000000
         0   -3    0         0   -3   -2       -0.00006225  -0.00000000
         0   -3    0         0   -3    0        0.99921315   0.00000000
         0   -2   -3         0   -3    0       -0.00007406  -0.00000000
         0   -2   -3         0   -2   -3        0.99915972  -0.00000000
         0    0   -3         0   -2   -3       -0.00006225   0.00000000
         0    0   -3         0    0   -3        0.99921315   0.00000000
         0    0    3         0    0   -3        0.00011838   0.00000000
         0    0    3         0    0    3        0.99921248   0.00000000
         0    2    3         0    0    3       -0.00006239   0.00000000
         0    2    3         0    2    3        0.99915854  -0.00000000
         0    3    0         0    2    3       -0.00007405   0.00000000
         0    3    0         0    3    0        0.99921248   0.00000000
         0    3    2         0    3    0       -0.00006239   0.00000000
         0    3    2         0    3    2        0.99915854  -0.00000000
         1   -2   -2         0    3    2        0.00006067   0.00000000
         1   -2   -2         1   -2   -2        0.99916177   0.00000000
         1    3    3         1   -2   -2       -0.00002055  -0.00000000
         1    3    3         1    3    3        0.99915804  -0.00000000
         2   -1    2         1    3    3        0.00000166  -0.00000000
         2   -1    2         2   -1    2        0.99915972  -0.00000000
        -2   -1   -4         2   -1    2        0.00000323  -0.00000000
        -2   -1   -4        -2   -1   -4        0.99980550  -0.00000000
        -2   -1    2        -2   -1   -4        0.00000363  -0.00000000
        -2   -1    2        -2   -1    2        0.99980568   0.00000000
        -2    1    2        -2   -1    2       -0.00001360  -0.00000000
        -2    1    2        -2    1    2        0.99980593  -0.00000000
        -2    2   -1        -2    1    2       -0.00002772   0.00000000
        -2    2   -1        -2    2   -1        0.99980568  -0.00000000
        -2    2    1        -2    2   -1       -0.00001360   0.00000000
        -2    2    1        -2    2    1        0.99980593  -0.00000000
        -1   -4   -2        -2    2    1       -0.00000871  -0.00000000
        -1   -4   -2        -1   -4   -2        0.99980569  -0.00000000
        -1   -3    1        -1   -4   -2       -0.00003388   0.00000000
        -1   -3    1        -1   -3    1        0.99980550   0.00000000
        -1   -2   -4        -1   -3    1        0.00003598  -0.00000000
        -1   -2   -4        -1   -2   -4        0.99980569  -0.00000000
        -1   -2    2        -1   -2   -4        0.00000346   0.00000000
        -1   -2    2        -1   -2    2        0.99980555  -0.00000000
        -1    1   -3        -1   -2    2       -0.00000780   0.00000000
        -1    1   -3        -1    1   -3        0.99980550   0.00000000
        -1    1    3        -1    1   -3        0.00000363  -0.00000000
        -1    1    3        -1    1    3        0.99980568   0.00000000
        -1    2   -2        -1    1    3        0.00003581   0.00000000
        -1    2   -2        -1    2   -2        0.99980555  -0.00000000
        -1    3    1        -1    2   -2       -0.00003411  -0.00000000
        -1    3    1        -1    3    1        0.99980568  -0.00000000
         1   -3   -1        -1    3    1        0.00000553  -0.00000000
         1   -3   -1         1   -3   -1        0.99980597  -0.00000000
         1   -2    2         1   -3   -1       -0.00003405   0.00000000
         1   -2    2         1   -2    2        0.99980569   0.00000000
         1   -1   -3         1   -2    2        0.00003574  -0.00000000
         1   -1   -3         1   -1   -3        0.99980597  -0.00000000
         1   -1    3         1   -1   -3        0.00000360   0.00000000
         1   -1    3         1   -1    3        0.99980555   0.00000000
         1    2   -2         1   -1    3       -0.00000779  -0.00000000
         1    2   -2         1    2   -2        0.99980569  -0.00000000
         1    2    4         1    2   -2        0.00000346  -0.00000000
         1    2    4         1    2    4        0.99980555  -0.00000000
         1    3   -1         1    2    4        0.00003598  -0.00000000
         1    3   -1         1    3   -1        0.99980555   0.00000000
         1    4    2         1    3   -1       -0.00003387  -0.00000000
         1    4    2         1    4    2        0.99980555   0.00000000
         2   -2   -1         1    4    2       -0.00000872  -0.00000000
         2   -2   -1         2   -2   -1        0.99980630   0.00000000
         2   -2    1         2   -2   -1       -0.00001358   0.00000000
         2   -2    1         2   -2    1        0.99980597   0.00000000
         2   -1   -2         2   -2    1       -0.00002767   0.00000000
         2   -1   -2         2   -1   -2        0.99980630  -0.00000000
         2    1   -2         2   -1   -2       -0.00001358  -0.00000000
         2    1   -2         2    1   -2        0.99980597  -0.00000000
         2    1    4         2    1   -2        0.00000360   0.00000000
         2    1    4         2    1    4        0.99980555   0.00000000
         2    3    4         2    1    4       -0.00001403   0.00000000
         2    3    4         2    3    4        0.99980550   0.00000000
         2    4    1         2    3    4       -0.00002813  -0.00000000
         2    4    1         2    4    1        0.99980555  -0.00000000
         2    4    3         2    4    1       -0.00001403   0.00000000
         2    4    3         2    4    3        0.99980550   0.00000000
         3   -1    1         2    4    3       -0.00001268  -0.00000000
         3   -1    1         3   -1    1        0.99980630  -0.00000000
         3    1   -1         3   -1    1        0.00005034  -0.00000000
         3    1   -1         3    1   -1        0.99980630   0.00000000
         3    2    4         3    1   -1       -0.00000903   0.00000000
         3    2    4         3    2    4        0.99980569  -0.00000000
         3    4    3         3    2    4        0.00000862  -0.00000000
         3    4    3         3    4    3        0.99983151   0.00000000
         4    1    1         3    4    3       -0.00004426   0.00000000
         4    1    1         4    1    1        0.99983316  -0.00000000
         4    3    3         4    1    1        0.00002709   0.00000000
         4    3    3         4    3    3        0.99983216  -0.00000000
        -4   -3   -1         4    3    3       -0.00000364   0.00000000
        -4   -3   -1        -4   -3   -1        0.99991850   0.00000000
        -4   -1   -3        -4   -3   -1        0.00001031   0.00000000
        -4   -1   -3        -4   -1   -3        0.99991850  -0.00000000
        -3   -4   -1        -4   -1   -3        0.00001099  -0.00000000
        -3   -4   -1        -3   -4   -1        0.99991789   0.00000000
        -3   -2    1        -3   -4   -1        0.00002631  -0.00000000
        -3   -2    1        -3   -2    1        0.99991850  -0.00000000
        -3   -1   -4        -3   -2    1        0.00000564  -0.00000000
        -3   -1   -4        -3   -1   -4        0.99991789   0.00000000
        -3    1   -2        -3   -1   -4        0.00002631   0.00000000
        -3    1   -2        -3    1   -2        0.99991850   0.00000000
        -2   -3    1        -3    1   -2       -0.00001309  -0.00000000
        -2   -3    1        -2   -3    1        0.99991789   0.00000000
        -2    1   -3        -2   -3    1       -0.00000693   0.00000000
        -2    1   -3        -2    1   -3        0.99991789  -0.00000000
        -1   -4   -3        -2    1   -3        0.00000668  -0.00000000
        -1   -4   -3        -1   -4   -3        0.99991795   0.00000000
        -1   -3   -4        -1   -4   -3       -0.00005080   0.00000000
        -1   -3   -4        -1   -3   -4        0.99991795   0.00000000
        -1    2    3        -1   -3   -4       -0.00003058  -0.00000000
        -1    2    3        -1    2    3        0.99991850  -0.00000000
        -1    3    2        -1    2    3       -0.00005020   0.00000000
        -1    3    2        -1    3    2        0.99991850  -0.00000000
         1   -3   -2        -1    3    2        0.00005136  -0.00000000
         1   -3   -2         1   -3   -2        0.99991862   0.00000000
         1   -2   -3         1   -3   -2       -0.00005014   0.00000000
         1   -2   -3         1   -2   -3        0.99991862  -0.00000000
         1    3    4         1   -2   -3       -0.00003055  -0.00000000
         1    3    4         1    3    4        0.99991789  -0.00000000
         1    4    3         1    3    4       -0.00005083   0.00000000
         1    4    3         1    4    3        0.99991789  -0.00000000
         2   -1    3         1    4    3        0.00000668  -0.00000000
         2   -1    3         2   -1    3        0.99991795   0.00000000
         2    3   -1         2   -1    3       -0.00000693   0.00000000
         2    3   -1         2    3   -1        0.99991795   0.00000000
         3   -1    2         2    3   -1       -0.00001307   0.00000000
         3   -1    2         3   -1    2        0.99991862  -0.00000000
         3    1    4         3   -1    2        0.00002629  -0.00000000
         3    1    4         3    1    4        0.99991795   0.00000000
         3    2   -1         3    1    4        0.00000562  -0.00000000
         3    2   -1         3    2   -1        0.99991862  -0.00000000
         3    4    1         3    2   -1        0.00002629   0.00000000
         3    4    1         3    4    1        0.99991795   0.00000000
         4    1    3         3    4    1        0.00001098  -0.00000000
         4    1    3         4    1    3        0.99991862  -0.00000000
         4    3    1         4    1    3        0.00001029   0.00000000
         4    3    1         4    3    1        0.99991862   0.00000000
        -4   -4   -3         4    3    1       -0.00001629  -0.00000000
        -4   -4   -3        -4   -4   -3        0.99993651  -0.00000000
        -4   -3   -4        -4   -4   -3       -0.00003675  -0.00000000
        -4   -3   -4        -4   -3   -4        0.99993651  -0.00000000
        -4   -1    0        -4   -3   -4        0.00000304   0.00000000
        -4   -1    0        -4   -1    0        0.99993772  -0.00000000
        -4    0   -1        -4   -1    0       -0.00003552  -0.00000000
        -4    0   -1        -4    0   -1        0.99993772  -0.00000000
        -3   -4   -4        -4    0   -1       -0.00000344   0.00000000
        -3   -4   -4        -3   -4   -4        0.99993611  -0.00000000
         0    4    2        -3   -4   -4       -0.00000052   0.00000000
         0    4    2         0    4    2        0.99995117   0.00000000
         2   -2   -2         0    4    2        0.00001317  -0.00000000
         2   -2   -2         2   -2   -2        0.99995121   0.00000000
         2   -2    2         2   -2   -2       -0.00000701   0.00000000
         2   -2    2         2   -2    2        0.99995122   0.00000000
         2    0    4         2   -2    2        0.00001599  -0.00000000
         2    0    4         2    0    4        0.99995127   0.00000000
         2    2   -2         2    0    4        0.00000634   0.00000000
         2    2   -2         2    2   -2        0.99995122   0.00000000
         2    4    0         2    2   -2        0.00001599   0.00000000
         2    4    0         2    4    0        0.99995127   0.00000000
         2    4    4         2    4    0       -0.00000713  -0.00000000
         2    4    4         2    4    4        0.99995125   0.00000000
         4    0    2         2    4    4       -0.00000193   0.00000000
         4    0    2         4    0    2        0.99995121  -0.00000000
         4    2    0         4    0    2        0.00000832  -0.00000000
         4    2    0         4    2    0        0.99995121   0.00000000
         4    2    4         4    2    0       -0.00000701  -0.00000000
         4    2    4         4    2    4        0.99995122  -0.00000000
         4    4    2         4    2    4        0.00000835  -0.00000000
         4    4    2         4    4    2        0.99995122   0.00000000
        -4   -4   -4         4    4    2        0.00000057  -0.00000000
        -4   -4   -4        -4   -4   -4        0.99996540  -0.00000000
        -4    0    0        -4   -4   -4        0.00000557  -0.00000000
        -4    0    0        -4    0    0        0.99996634  -0.00000000
         0   -4    0        -4    0    0       -0.00000539  -0.00000000
         0   -4    0         0   -4    0        0.99996542   0.00000000
         0    0   -4         0   -4    0       -0.00000490  -0.00000000
         0    0   -4         0    0   -4        0.99996542  -0.00000000
         0    0    4         0    0   -4        0.00002762   0.00000000
         0    0    4         0    0    4        0.99996540   0.00000000
         0    4    0         0    0    4       -0.00000490  -0.00000000
         0    4    0         0    4    0        0.99996540  -0.00000000
         4    0    0         0    4    0       -0.00000538   0.00000000
         4    0    0         4    0    0        0.99996641   0.00000000
         4    4    4         4    0    0        0.00000556  -0.00000000
         4    4    4         4    4    4        0.99996542  -0.00000000
        -5   -3   -3         4    4    4        0.00000877  -0.00000000
        -5   -3   -3        -5   -3   -3        0.99997809  -0.00000000
        -5   -2   -2        -5   -3   -3       -0.00000042   0.00000000
        -5   -2   -2        -5   -2   -2        0.99997789   0.00000000
        -4   -4   -1        -5   -2   -2       -0.00000249   0.00000000
        -4   -4   -1        -4   -4   -1        0.99998117   0.00000000
        -4   -3    0        -4   -4   -1        0.00000028   0.00000000
        -4   -3    0        -4   -3    0        0.99998126   0.00000000
        -4   -1   -4        -4   -3    0       -0.00000076   0.00000000
        -4   -1   -4        -4   -1   -4        0.99998117   0.00000000
        -4    0   -3        -4   -1   -4        0.00000028   0.00000000
        -4    0   -3        -4    0   -3        0.99998126   0.00000000
        -3   -5   -3        -4    0   -3       -0.00000144   0.00000000
        -3   -5   -3        -3   -5   -3        0.99997776   0.00000000
        -3   -4    0        -3   -5   -3        0.00000261  -0.00000000
        -3   -4    0        -3   -4    0        0.99998112   0.00000000
        -3   -3   -5        -3   -4    0       -0.00000146  -0.00000000
        -3   -3   -5        -3   -3   -5        0.99997776   0.00000000
        -3   -3    1        -3   -3   -5        0.00000014  -0.00000000
        -3   -3    1        -3   -3    1        0.99998117   0.00000000
        -3    0   -4        -3   -3    1        0.00000004  -0.00000000
        -3    0   -4        -3    0   -4        0.99998112  -0.00000000
        -3    0    2        -3    0   -4        0.00000022   0.00000000
        -3    0    2        -3    0    2        0.99997789   0.00000000
        -3    1   -3        -3    0    2       -0.00000158   0.00000000
        -3    1   -3        -3    1   -3        0.99998117  -0.00000000
         4    4    1        -3    1   -3        0.00000009   0.00000000
         4    4    1         4    4    1        0.99998119  -0.00000000
         5    2    2         4    4    1       -0.00000249   0.00000000
         5    2    2         5    2    2        0.99997793   0.00000000
         5    3    3         5    2    2       -0.00000042  -0.00000000
         5    3    3         5    3    3        0.99997812   0.00000000
        -5   -3   -2         5    3    3       -0.00000905  -0.00000000
        -5   -3   -2        -5   -3   -2        0.99998102  -0.00000000
        -5   -2   -3        -5   -3   -2       -0.00001112  -0.00000000
        -5   -2   -3        -5   -2   -3        0.99998102   0.00000000
        -3   -5   -2        -5   -2   -3        0.00000456  -0.00000000
        -3   -5   -2        -3   -5   -2        0.99998104   0.00000000
        -3   -2   -5        -3   -5   -2        0.00000421   0.00000000
        -3   -2   -5        -3   -2   -5        0.99998104   0.00000000
        -3   -1    2        -3   -2   -5       -0.00000469  -0.00000000
        -3   -1    2        -3   -1    2        0.99998102   0.00000000
        -3    2   -1        -3   -1    2        0.00000421  -0.00000000
        -3    2   -1        -3    2   -1        0.99998102  -0.00000000
        -2   -5   -3        -3    2   -1       -0.00000389   0.00000000
        -2   -5   -3        -2   -5   -3        0.99998104  -0.00000000
        -2   -3   -5        -2   -5   -3        0.00000083   0.00000000
        -2   -3   -5        -2   -3   -5        0.99998104  -0.00000000
        -2    1    3        -2   -3   -5       -0.00000071   0.00000000
        -2    1    3        -2    1    3        0.99998102   0.00000000
        -2    3    1        -2    1    3        0.00000084  -0.00000000
        -2    3    1        -2    3    1        0.99998102  -0.00000000
        -1   -3    2        -2    3    1        0.00000469  -0.00000000
        -1   -3    2        -1   -3    2        0.99998104  -0.00000000
        -1    2   -3        -1   -3    2        0.00000915  -0.00000000
        -1    2   -3        -1    2   -3        0.99998104   0.00000000
         1   -2    3        -1    2   -3       -0.00001380  -0.00000000
         1   -2    3         1   -2    3        0.99998104  -0.00000000
         1    3   -2         1   -2    3        0.00000915   0.00000000
         1    3   -2         1    3   -2        0.99998104   0.00000000
         2   -3   -1         1    3   -2        0.00000469   0.00000000
         2   -3   -1         2   -3   -1        0.99998105  -0.00000000
         2   -1   -3         2   -3   -1        0.00000083  -0.00000000
         2   -1   -3         2   -1   -3        0.99998105  -0.00000000
         2    3    5         2   -1   -3       -0.00000070  -0.00000000
         2    3    5         2    3    5        0.99998104   0.00000000
         2    5    3         2    3    5        0.00000084   0.00000000
         2    5    3         2    5    3        0.99998104  -0.00000000
         3   -2    1         2    5    3       -0.00000389  -0.00000000
         3   -2    1         3   -2    1        0.99998105   0.00000000
         3    1   -2         3   -2    1        0.00000421   0.00000000
         3    1   -2         3    1   -2        0.99998105  -0.00000000
         3    2    5         3    1   -2       -0.00000469   0.00000000
         3    2    5         3    2    5        0.99998104  -0.00000000
         3    5    2         3    2    5        0.00000421  -0.00000000
         3    5    2         3    5    2        0.99998104  -0.00000000
         5    2    3         3    5    2        0.00000456   0.00000000
         5    2    3         5    2    3        0.99998105  -0.00000000
         5    3    2         5    2    3       -0.00001110  -0.00000000
         5    3    2         5    3    2        0.99998105  -0.00000000
        -5   -4   -3         5    3    2       -0.00000054   0.00000000
        -5   -4   -3        -5   -4   -3        0.99998806   0.00000000
        -5   -3   -4        -5   -4   -3       -0.00000818  -0.00000000
        -5   -3   -4        -5   -3   -4        0.99998806  -0.00000000
        -5   -2   -1        -5   -3   -4        0.00000207  -0.00000000
        -5   -2   -1        -5   -2   -1        0.99998819   0.00000000
        -5   -1   -2        -5   -2   -1       -0.00000805  -0.00000000
        -5   -1   -2        -5   -1   -2        0.99998819   0.00000000
        -4   -5   -3        -5   -1   -2       -0.00000172   0.00000000
        -4   -5   -3        -4   -5   -3        0.99998801   0.00000000
         3   -1   -2        -4   -5   -3        0.00000105   0.00000000
         3   -1   -2         3   -1   -2        0.99998820  -0.00000000
         3    4    5         3   -1   -2        0.00000213   0.00000000
         3    4    5         3    4    5        0.99998799   0.00000000
         3    5    4         3    4    5       -0.00000866  -0.00000000
         3    5    4         3    5    4        0.99998799  -0.00000000
         4   -1    1         3    5    4       -0.00000069   0.00000000
         4   -1    1         4   -1    1        0.99998820  -0.00000000
         4    1   -1         4   -1    1       -0.00000159  -0.00000000
         4    1   -1         4    1   -1        0.99998820   0.00000000
         4    3    5         4    1   -1        0.00000101  -0.00000000
         4    3    5         4    3    5        0.99998802  -0.00000000
         4    5    3         4    3    5       -0.00000177  -0.00000000
         4    5    3         4    5    3        0.99998802   0.00000000
         5    1    2         4    5    3       -0.00000172  -0.00000000
         5    1    2         5    1    2        0.99998820  -0.00000000
         5    2    1         5    1    2       -0.00000804   0.00000000
         5    2    1         5    2    1        0.99998820  -0.00000000
         5    3    4         5    2    1        0.00000207   0.00000000
         5    3    4         5    3    4        0.99998807  -0.00000000
         5    4    3         5    3    4       -0.00000817   0.00000000
         5    4    3         5    4    3        0.99998807   0.00000000
        -5   -4   -4         5    4    3        0.00000573   0.00000000
        -5   -4   -4        -5   -4   -4        0.99999171  -0.00000000
        -5   -4   -2        -5   -4   -4       -0.00000108  -0.00000000
        -5   -4   -2        -5   -4   -2        0.99999208  -0.00000000
        -5   -3   -1        -5   -4   -2       -0.00000071   0.00000000
        -5   -3   -1        -5   -3   -1        0.99999202  -0.00000000
        -5   -2   -4        -5   -3   -1       -0.00000078   0.00000000
        -5   -2   -4        -5   -2   -4        0.99999208   0.00000000
        -5   -1   -3        -5   -2   -4       -0.00000071   0.00000000
        -5   -1   -3        -5   -1   -3        0.99999202   0.00000000
        -5   -1   -1        -5   -1   -3       -0.00000105  -0.00000000
        -5   -1   -1        -5   -1   -1        0.99999176  -0.00000000
        -4   -5   -4        -5   -1   -1        0.00000004   0.00000000
        -4   -5   -4        -4   -5   -4        0.99999172   0.00000000
        -4   -5   -2        -4   -5   -4       -0.00000107  -0.00000000
        -4   -5   -2        -4   -5   -2        0.99999202   0.00000000
        -4   -4   -5        -4   -5   -2       -0.00000175   0.00000000
        -4   -4   -5        -4   -4   -5        0.99999172  -0.00000000
        -4   -2   -5        -4   -4   -5       -0.00000107   0.00000000
        -4   -2   -5        -4   -2   -5        0.99999202  -0.00000000
        -4   -2    1        -4   -2   -5        0.00000022  -0.00000000
        -4   -2    1        -4   -2    1        0.99999202   0.00000000
        -4    0    1        -4   -2    1       -0.00000105  -0.00000000
        -4    0    1        -4    0    1        0.99999176  -0.00000000
        -4    1   -2        -4    0    1       -0.00000173   0.00000000
        -4    1   -2        -4    1   -2        0.99999202   0.00000000
        -4    1    0        -4    1   -2       -0.00000105   0.00000000
        -4    1    0        -4    1    0        0.99999176  -0.00000000
        -3   -5   -1        -4    1    0       -0.00000063   0.00000000
        -3   -5   -1        -3   -5   -1        0.99999206  -0.00000000
        -3   -2    2        -3   -5   -1       -0.00000018   0.00000000
        -3   -2    2        -3   -2    2        0.99999208  -0.00000000
        -3   -1   -5        -3   -2    2       -0.00000140  -0.00000000
        -3   -1   -5        -3   -1   -5        0.99999206   0.00000000
        -3    2   -2        -3   -1   -5       -0.00000018   0.00000000
        -3    2   -2        -3    2   -2        0.99999208  -0.00000000
        -2   -5   -4        -3    2   -2       -0.00000131   0.00000000
        -2   -5   -4        -2   -5   -4        0.99999206   0.00000000
        -2   -4   -5        -2   -5   -4       -0.00000544   0.00000000
        -2   -4   -5        -2   -4   -5        0.99999206  -0.00000000
        -2   -4    1        -2   -4   -5        0.00000017   0.00000000
        -2   -4    1        -2   -4    1        0.99999206   0.00000000
         2    5    4        -2   -4    1       -0.00000118   0.00000000
         2    5    4         2    5    4        0.99999206   0.00000000
         3   -2    2         2    5    4       -0.00000130  -0.00000000
         3   -2    2         3   -2    2        0.99999209   0.00000000
         3    1    5         3   -2    2       -0.00000018   0.00000000
         3    1    5         3    1    5        0.99999206   0.00000000
         3    2   -2         3    1    5       -0.00000140   0.00000000
         3    2   -2         3    2   -2        0.99999209  -0.00000000
         3    5    1         3    2   -2       -0.00000018   0.00000000
         3    5    1         3    5    1        0.99999206   0.00000000
         4   -1    0         3    5    1       -0.00000063  -0.00000000
         4   -1    0         4   -1    0        0.99999177  -0.00000000
         4   -1    2         4   -1    0       -0.00000105   0.00000000
         4   -1    2         4   -1    2        0.99999204  -0.00000000
         4    0   -1         4   -1    2       -0.00000173   0.00000000
         4    0   -1         4    0   -1        0.99999177  -0.00000000
         4    2   -1         4    0   -1       -0.00000105   0.00000000
         4    2   -1         4    2   -1        0.99999204  -0.00000000
         4    2    5         4    2   -1        0.00000022  -0.00000000
         4    2    5         4    2    5        0.99999202  -0.00000000
         4    4    5         4    2    5       -0.00000107  -0.00000000
         4    4    5         4    4    5        0.99999173   0.00000000
         4    5    2         4    4    5       -0.00000175  -0.00000000
         4    5    2         4    5    2        0.99999202  -0.00000000
         4    5    4         4    5    2       -0.00000107   0.00000000
         4    5    4         4    5    4        0.99999173   0.00000000
         5    1    1         4    5    4        0.00000004  -0.00000000
         5    1    1         5    1    1        0.99999177  -0.00000000
         5    1    3         5    1    1       -0.00000105  -0.00000000
         5    1    3         5    1    3        0.99999204   0.00000000
         5    2    4         5    1    3       -0.00000071  -0.00000000
         5    2    4         5    2    4        0.99999209  -0.00000000
         5    3    1         5    2    4       -0.00000078  -0.00000000
         5    3    1         5    3    1        0.99999204  -0.00000000
         5    4    2         5    3    1       -0.00000071   0.00000000
         5    4    2         5    4    2        0.99999209  -0.00000000
         5    4    4         5    4    2       -0.00000108   0.00000000
         5    4    4         5    4    4        0.99999172   0.00000000
        -4   -4    0         5    4    4        0.00000031   0.00000000
        -4   -4    0        -4   -4    0        0.99999566  -0.00000000
        -4    0   -4        -4   -4    0       -0.00000010   0.00000000
        -4    0   -4        -4    0   -4        0.99999566  -0.00000000
         0   -4   -4        -4    0   -4       -0.00000013  -0.00000000
         0   -4   -4         0   -4   -4        0.99999566  -0.00000000
         0    4    4         0   -4   -4        0.00000230  -0.00000000
         0    4    4         0    4    4        0.99999566  -0.00000000
         4    0    4         0    4    4       -0.00000013  -0.00000000
         4    0    4         4    0    4        0.99999566   0.00000000
         4    4    0         4    0    4       -0.00000010   0.00000000
         4    4    0         4    4    0        0.99999566  -0.00000000


     q= 0.0000 0.0000 0.2500  nmtx=     570  nrk= 20

           independent matrix elements of chi       spin index= 1 1

          g          g**2          gp          gp**2          chi(g,gp)
    0    0    0   0.07030         0    0    0   0.07030       -0.0156258618   0.0000000000
    0    0    0   0.07030         0    0   -1   0.63271        0.0066113395   0.0000000000
    0    0    0   0.07030        -1   -1   -1   1.00765        0.0021607479  -0.0000000000
    0    0    0   0.07030         0    1    0   1.00765       -0.0021607479   0.0000000000
    0    0    0   0.07030         1    0    0   1.00765       -0.0021607479   0.0000000000
    0    0    0   0.07030        -1    0   -1   1.19512        0.0008200897  -0.0000000000
    0    0    0   0.07030         0   -1   -1   1.19512        0.0008200897  -0.0000000000
    0    0    0   0.07030         1    1    0   1.19512       -0.0008200897   0.0000000000
    0    0    0   0.07030        -1    0    0   1.38259       -0.0049694486  -0.0000000000
    0    0    0   0.07030         0   -1    0   1.38259       -0.0049694486  -0.0000000000
    0    0    0   0.07030         1    1    1   1.38259        0.0049694486   0.0000000000
    0    0    0   0.07030         0    0    1   1.75753       -0.0045306298   0.0000000000
    0    0    0   0.07030        -1   -1    0   1.94500       -0.0006209525  -0.0000000000
    0    0    0   0.07030         0    1    1   1.94500        0.0006209525   0.0000000000
    0    0    0   0.07030         1    0    1   1.94500        0.0006209525  -0.0000000000
    0    0    0   0.07030        -1   -1   -2   2.31994        0.0001355052  -0.0000000000
    0    0    0   0.07030         0    1   -1   2.31994       -0.0001355052  -0.0000000000
    0    0    0   0.07030         1    0   -1   2.31994       -0.0001355052  -0.0000000000
    0    0    0   0.07030        -2   -1   -1   3.06983        0.0003682644   0.0000000000
    0    0    0   0.07030        -1   -2   -1   3.06983        0.0003682644  -0.0000000000
    0    0    0   0.07030        -1    1    0   3.06983       -0.0003682644   0.0000000000
    0    0    0   0.07030         1   -1    0   3.06983       -0.0003682644  -0.0000000000
    0    0    0   0.07030         1    2    1   3.06983        0.0003682644   0.0000000000
    0    0    0   0.07030         2    1    1   3.06983        0.0003682644  -0.0000000000
    0    0    0   0.07030        -1    0   -2   3.25730        0.0022143100  -0.0000000000
    0    0    0   0.07030         0   -1   -2   3.25730        0.0022143100  -0.0000000000
    0    0    0   0.07030         1    1   -1   3.25730       -0.0022143100  -0.0000000000
    0    0    0   0.07030         0    0   -2   3.44477        0.0060424476   0.0000000000
    0    0    0   0.07030        -2   -1   -2   3.63224        0.0004619347   0.0000000000
    0    0    0   0.07030        -1   -2   -2   3.63224        0.0004619347   0.0000000000
    0    0    0   0.07030        -1    1   -1   3.63224       -0.0004619347  -0.0000000000
    0    0    0   0.07030         1   -1   -1   3.63224       -0.0004619347  -0.0000000000
    0    0    0   0.07030         1    0   -2   5.88188        0.0015691525   0.0000000000
    0    0    0   0.07030        -2   -2   -3   6.25682        0.0005184776  -0.0000000000
    0    0    0   0.07030         0    2   -1   6.25682        0.0005184776   0.0000000000
    0    0    0   0.07030         2    0   -1   6.25682        0.0005184776  -0.0000000000
    0    0    0   0.07030        -2   -1   -3   6.44429       -0.0002255204  -0.0000000000
    0    0    0   0.07030        -1   -2   -3   6.44429       -0.0002255204   0.0000000000
    0    0    0   0.07030        -1    1   -2   6.44429        0.0002255204  -0.0000000000
    0    0    0   0.07030         1   -1   -2   6.44429        0.0002255204   0.0000000000
    0    0    0   0.07030         1    2   -1   6.44429       -0.0002255204  -0.0000000000
    0    0    0   0.07030         2    1   -1   6.44429       -0.0002255204   0.0000000000
    0    0    0   0.07030        -2   -2    0   6.81923       -0.0009808481  -0.0000000000
    0    0    0   0.07030         0    2    2   6.81923       -0.0009808481  -0.0000000000
    0    0    0   0.07030         2    0    2   6.81923       -0.0009808481   0.0000000000
    0    0    0   0.07030        -3   -2   -2   7.00670        0.0004826066  -0.0000000000
    0    0    0   0.07030        -2   -3   -2   7.00670        0.0004826066   0.0000000000
    0    0    0   0.07030        -1    2    0   7.00670        0.0004826066   0.0000000000
    0    0    0   0.07030         1    3    1   7.00670       -0.0004826066   0.0000000000
    0    0    0   0.07030         2   -1    0   7.00670        0.0004826066  -0.0000000000
    0    0    0   0.07030         3    1    1   7.00670       -0.0004826066  -0.0000000000
    0    0    0   0.07030        -3   -1   -2   7.19417        0.0003784391   0.0000000000
    0    0    0   0.07030        -2    1   -1   7.19417       -0.0003784391  -0.0000000000
    0    0    0   0.07030        -1   -3   -2   7.19417        0.0003784391   0.0000000000
    0    0    0   0.07030         1   -2   -1   7.19417       -0.0003784391   0.0000000000
    0    0    0   0.07030         2    3    1   7.19417       -0.0003784391   0.0000000000
    0    0    0   0.07030         3    2    1   7.19417       -0.0003784391  -0.0000000000
    0    0    0   0.07030        -3   -1   -1   7.38164        0.0002331820   0.0000000000
    0    0    0   0.07030        -2    1    0   7.38164       -0.0002331820   0.0000000000
    0    0    0   0.07030        -1   -3   -1   7.38164        0.0002331820  -0.0000000000
    0    0    0   0.07030         1   -2    0   7.38164       -0.0002331820  -0.0000000000
    0    0    0   0.07030         2    3    2   7.38164       -0.0002331820  -0.0000000000
    0    0    0   0.07030         3    2    2   7.38164       -0.0002331820   0.0000000000
    0    0    0   0.07030        -1    0   -3   7.56911       -0.0005350167  -0.0000000000
    0    0    0   0.07030         0   -3   -1   9.06887       -0.0001462213   0.0000000000
    0    0    0   0.07030         0    3    1   9.06887       -0.0002587224   0.0000000000
    0    0    0   0.07030         3    0    1   9.06887       -0.0002587224  -0.0000000000
    0    0    0   0.07030         3    3    2   9.06887        0.0001462213  -0.0000000000
    0    0    0   0.07030        -3   -1   -3   9.25634        0.0002497537  -0.0000000000
    0    0    0   0.07030        -2    1   -2   9.25634       -0.0002497537   0.0000000000
    0    0    0   0.07030        -1   -3   -3   9.25634        0.0002497537   0.0000000000
    0    0    0   0.07030         1   -2   -2   9.25634       -0.0002497537   0.0000000000
    0    0    0   0.07030         2    3    0   9.25634       -0.0002497537   0.0000000000
    0    0    0   0.07030         3    2    0   9.25634       -0.0002497537   0.0000000000
    0    0    0   0.07030        -3   -3   -3   9.63128        0.0000060876  -0.0000000000
    0    0    0   0.07030        -3    0   -2   9.63128       -0.0000082573   0.0000000000
    0    0    0   0.07030         0   -3   -2   9.63128       -0.0000082573   0.0000000000
    0    0    0   0.07030         0    3    0   9.63128       -0.0000060876  -0.0000000000
    0    0    0   0.07030         3    0    0   9.63128       -0.0000060876   0.0000000000
    0    0    0   0.07030         3    3    1   9.63128        0.0000082573  -0.0000000000
    0    0    0   0.07030        -3   -1    0   9.81875       -0.0002349239   0.0000000000
    0    0    0   0.07030        -2    1    1   9.81875        0.0002349239  -0.0000000000
    0    0    0   0.07030        -1   -3    0   9.81875       -0.0002349239   0.0000000000
    0    0    0   0.07030         1   -2    1   9.81875        0.0002349239  -0.0000000000
    0    0    0   0.07030         2    3    3   9.81875        0.0002349239  -0.0000000000
    0    0    0   0.07030         3    2    3   9.81875        0.0002349239  -0.0000000000
    0    0    0   0.07030        -2   -2   -4  10.56864        0.0003282561   0.0000000000
    0    0    0   0.07030        -1   -1    2  10.56864        0.0002698153   0.0000000000
    0    0    0   0.07030         0    1    3  10.56864       -0.0002698153  -0.0000000000
    0    0    0   0.07030         0    2   -2  10.56864        0.0003282561  -0.0000000000
    0    0    0   0.07030         1    0    3  10.56864       -0.0002698153  -0.0000000000
    0    0    0   0.07030         2    0   -2  10.56864        0.0003282561  -0.0000000000
    0    0    0   0.07030        -3   -3   -1  10.75611        0.0001680825   0.0000000000
    0    0    0   0.07030        -3    0    0  10.75611       -0.0002591244   0.0000000000
    0    0    0   0.07030         0   -3    0  10.75611       -0.0002591244   0.0000000000
    0    0    0   0.07030         0    3    2  10.75611       -0.0001680825  -0.0000000000
    0    0    0   0.07030         4    2    2  12.06840        0.0000860536   0.0000000000
    0    0    0   0.07030        -3   -3   -4  12.44334       -0.0001659217   0.0000000000
    0    0    0   0.07030        -3    0   -3  12.44334        0.0000869795  -0.0000000000
    0    0    0   0.07030         0   -3   -3  12.44334        0.0000869795   0.0000000000
    0    0    0   0.07030         0    3   -1  12.44334        0.0001659217  -0.0000000000
    0    0    0   0.07030         3    0   -1  12.44334        0.0001659217  -0.0000000000
    0    0    0   0.07030         3    3    0  12.44334       -0.0000869795   0.0000000000
    0    0    0   0.07030        -4   -2   -3  12.63081        0.0000321824  -0.0000000000
    0    0    0   0.07030        -2   -4   -3  12.63081        0.0000321824   0.0000000000
    0    0    0   0.07030        -2    2   -1  12.63081        0.0000321824   0.0000000000
    0    0    0   0.07030         2   -2   -1  12.63081        0.0000321824  -0.0000000000
    0    0    0   0.07030         2    4    1  12.63081        0.0000321824  -0.0000000000
    0    0    0   0.07030         4    2    1  12.63081        0.0000321824   0.0000000000
    0    0    0   0.07030        -4   -1   -2  13.00575        0.0000654198   0.0000000000
    0    0    0   0.07030        -3    1   -1  13.00575       -0.0000654198   0.0000000000
    0    0    0   0.07030        -1   -4   -2  13.00575        0.0000654198  -0.0000000000
    0    0    0   0.07030         1   -3   -1  13.00575       -0.0000654198   0.0000000000
    0    0    0   0.07030         3    4    2  13.00575        0.0000654198   0.0000000000
    0    0    0   0.07030         4    3    2  13.00575        0.0000654198  -0.0000000000
    0    0    0   0.07030        -4   -3   -3  13.19322       -0.0000241893   0.0000000000
    0    0    0   0.07030        -3   -4   -3  13.19322       -0.0000241893   0.0000000000
    0    0    0   0.07030        -1    3    0  13.19322        0.0000241893  -0.0000000000
    0    0    0   0.07030         1    4    1  13.19322       -0.0000241893   0.0000000000
    0    0    0   0.07030         3   -1    0  13.19322        0.0000241893  -0.0000000000
    0    0    0   0.07030         4    1    1  13.19322       -0.0000241893   0.0000000000
    0    0    0   0.07030        -4   -3   -2  13.38069        0.0000732219  -0.0000000000
    0    0    0   0.07030        -3   -4   -2  13.38069        0.0000732219   0.0000000000
    0    0    0   0.07030        -1    3    1  13.38069       -0.0000732219  -0.0000000000
    0    0    0   0.07030         1    4    2  13.38069        0.0000732219  -0.0000000000
    0    0    0   0.07030         3   -1    1  13.38069       -0.0000732219   0.0000000000
    0    0    0   0.07030         4    1    2  13.38069        0.0000732219   0.0000000000
    0    0    0   0.07030        -3   -1   -4  13.56816        0.0000922758   0.0000000000
    0    0    0   0.07030         1   -2    2  14.50551        0.0000158183  -0.0000000000
    0    0    0   0.07030         2    3    4  14.50551        0.0000158183  -0.0000000000
    0    0    0   0.07030         3    2    4  14.50551        0.0000158183   0.0000000000
    0    0    0   0.07030        -3   -3    0  14.69298       -0.0000495827  -0.0000000000
    0    0    0   0.07030        -3    0    1  14.69298       -0.0000518589   0.0000000000
    0    0    0   0.07030        -2    0   -4  14.69298        0.0000878102  -0.0000000000
    0    0    0   0.07030         0   -3    1  14.69298       -0.0000518589   0.0000000000
    0    0    0   0.07030         0   -2   -4  14.69298        0.0000878102  -0.0000000000
    0    0    0   0.07030         0    3    3  14.69298        0.0000495827  -0.0000000000
    0    0    0   0.07030         2    2   -2  14.69298        0.0000878102  -0.0000000000
    0    0    0   0.07030         3    0    3  14.69298        0.0000495827   0.0000000000
    0    0    0   0.07030         3    3    4  14.69298        0.0000518589  -0.0000000000
    0    0    0   0.07030        -2   -1    2  14.88045        0.0001105861   0.0000000000
    0    0    0   0.07030        -1   -2    2  14.88045        0.0001105861   0.0000000000
    0    0    0   0.07030        -1    1    3  14.88045       -0.0001105861  -0.0000000000
    0    0    0   0.07030         1   -1    3  14.88045       -0.0001105861  -0.0000000000
    0    0    0   0.07030         1    2    4  14.88045        0.0001105861   0.0000000000
    0    0    0   0.07030         2    1    4  14.88045        0.0001105861   0.0000000000
    0    0    0   0.07030        -4   -3   -4  15.25539       -0.0000879773   0.0000000000
    0    0    0   0.07030        -3   -4   -4  15.25539       -0.0000879773   0.0000000000
    0    0    0   0.07030        -1    3   -1  15.25539        0.0000879773  -0.0000000000
    0    0    0   0.07030         1    4    0  15.25539       -0.0000879773   0.0000000000
    0    0    0   0.07030         3   -1   -1  15.25539        0.0000879773  -0.0000000000
    0    0    0   0.07030         4    1    0  15.25539       -0.0000879773   0.0000000000
    0    0    0   0.07030        -4   -2   -4  15.44286       -0.0000618614   0.0000000000
    0    0    0   0.07030        -2   -4   -4  15.44286       -0.0000618614   0.0000000000
    0    0    0   0.07030        -2    2   -2  15.44286       -0.0000618614   0.0000000000
    0    0    0   0.07030        -1    0    3  15.44286       -0.0001972502  -0.0000000000
    0    0    0   0.07030         0   -1    3  15.44286       -0.0001972502   0.0000000000
    0    0    0   0.07030         1    1    4  15.44286        0.0001972502   0.0000000000
    0    0    0   0.07030         2   -2   -2  15.44286       -0.0000618614   0.0000000000
    0    0    0   0.07030         2    4    0  15.44286       -0.0000618614   0.0000000000
    0    0    0   0.07030         2    0   -3  17.13009       -0.0000160969  -0.0000000000
    0    0    0   0.07030         3    4    4  17.13009        0.0000220483  -0.0000000000
    0    0    0   0.07030         4    3    4  17.13009        0.0000220483  -0.0000000000
    0    0    0   0.07030        -4   -4   -4  17.31756       -0.0000303565   0.0000000000
    0    0    0   0.07030         0    4    0  17.31756       -0.0000303565   0.0000000000
    0    0    0   0.07030         4    0    0  17.31756       -0.0000303565   0.0000000000
    0    0    0   0.07030        -3   -3   -5  17.50503       -0.0000944729  -0.0000000000
    0    0    0   0.07030        -3    0   -4  17.50503        0.0000563712   0.0000000000
    0    0    0   0.07030         0   -3   -4  17.50503        0.0000563712   0.0000000000
    0    0    0   0.07030         0    3   -2  17.50503        0.0000944729   0.0000000000
    0    0    0   0.07030         3    0   -2  17.50503        0.0000944729   0.0000000000
    0    0    0   0.07030         3    3   -1  17.50503       -0.0000563712  -0.0000000000
    0    0    0   0.07030        -4   -2    0  17.69250       -0.0000063459  -0.0000000000
    0    0    0   0.07030        -3   -2   -5  17.69250       -0.0000867421   0.0000000000
    0    0    0   0.07030        -2   -4    0  17.69250       -0.0000063459   0.0000000000
    0    0    0   0.07030        -2   -3   -5  17.69250       -0.0000867421   0.0000000000
    0    0    0   0.07030        -2    2    2  17.69250       -0.0000063459   0.0000000000
    0    0    0   0.07030        -1    2   -3  17.69250       -0.0000867421   0.0000000000
    0    0    0   0.07030         1    3   -2  17.69250        0.0000867421  -0.0000000000
    0    0    0   0.07030         2   -2    2  17.69250       -0.0000063459  -0.0000000000
    0    0    0   0.07030         2   -1   -3  17.69250       -0.0000867421   0.0000000000
    0    0    0   0.07030         2    4    4  17.69250       -0.0000063459   0.0000000000
    0    0    0   0.07030         3    1   -2  17.69250        0.0000867421  -0.0000000000
    0    0    0   0.07030         4    2    4  17.69250       -0.0000063459   0.0000000000
    0    0    0   0.07030        -4   -1   -4  17.87997       -0.0000149414   0.0000000000
    0    0    0   0.07030        -3    1   -3  17.87997        0.0000149414  -0.0000000000
    0    0    0   0.07030        -1   -4   -4  17.87997       -0.0000149414   0.0000000000
    0    0    0   0.07030         1   -3   -3  17.87997        0.0000149414  -0.0000000000
    0    0    0   0.07030         3    4    0  17.87997       -0.0000149414   0.0000000000
    0    0    0   0.07030         4    3    0  17.87997       -0.0000149414   0.0000000000
    0    0    0   0.07030        -4    0   -3  18.25492        0.0000080708   0.0000000000
    0    0    0   0.07030        -1   -1    3  18.25492       -0.0000950376  -0.0000000000
    0    0    0   0.07030         3    5    3  19.37974       -0.0000138509   0.0000000000
    0    0    0   0.07030         5    3    3  19.37974       -0.0000138509  -0.0000000000
    0    0    0   0.07030        -4   -3   -5  19.56721       -0.0000078067  -0.0000000000
    0    0    0   0.07030        -3   -4   -5  19.56721       -0.0000078067   0.0000000000
    0    0    0   0.07030        -1    3   -2  19.56721        0.0000078067   0.0000000000
    0    0    0   0.07030         1    4   -1  19.56721       -0.0000078067  -0.0000000000
    0    0    0   0.07030         3   -1   -2  19.56721        0.0000078067   0.0000000000
    0    0    0   0.07030         4    1   -1  19.56721       -0.0000078067   0.0000000000
    0    0    0   0.07030        -1   -1   -5  19.75468        0.0000412984  -0.0000000000
    0    0    0   0.07030         0    1   -4  19.75468       -0.0000412984   0.0000000000
    0    0    0   0.07030         1    0   -4  19.75468       -0.0000412984   0.0000000000
    0    0    0   0.07030        -5   -3   -2  19.94215        0.0000337093  -0.0000000000
    0    0    0   0.07030        -3   -5   -2  19.94215        0.0000337093   0.0000000000
    0    0    0   0.07030        -2    3    1  19.94215       -0.0000337093   0.0000000000
    0    0    0   0.07030         2    5    3  19.94215       -0.0000337093   0.0000000000
    0    0    0   0.07030         3   -2    1  19.94215       -0.0000337093   0.0000000000
    0    0    0   0.07030         5    2    3  19.94215       -0.0000337093  -0.0000000000
    0    0    0   0.07030        -4   -4   -1  20.12962        0.0000277511   0.0000000000
    0    0    0   0.07030        -3   -1   -5  20.12962       -0.0000418694   0.0000000000
    0    0    0   0.07030        -2    1   -4  20.12962        0.0000418694  -0.0000000000
    0    0    0   0.07030        -1   -3   -5  20.12962       -0.0000418694   0.0000000000
    0    0    0   0.07030         0    4    3  20.12962        0.0000277511   0.0000000000
    0    0    0   0.07030         1   -2   -4  20.12962        0.0000418694  -0.0000000000
    0    0    0   0.07030         2    3   -2  20.12962        0.0000418694  -0.0000000000
    0    0    0   0.07030         3    2   -2  20.12962        0.0000418694  -0.0000000000
    0    0    0   0.07030         4    0    3  20.12962        0.0000277511   0.0000000000
    0    0    0   0.07030        -5   -3   -4  20.31709       -0.0000034117  -0.0000000000
    0    0    0   0.07030        -3   -5   -4  20.31709       -0.0000034117   0.0000000000
    0    0    0   0.07030        -2    3   -1  20.31709        0.0000034117  -0.0000000000
    0    0    0   0.07030         0    0    4  20.31709        0.0000212085   0.0000000000
    0    0    0   0.07030         2    5    1  20.31709        0.0000034117   0.0000000000
    0    0    0   0.07030         3   -2   -1  20.31709        0.0000034117   0.0000000000
    0    0    0   0.07030         5    1    2  21.06697        0.0000020522   0.0000000000
    0    0    0   0.07030         5    4    3  21.06697        0.0000090234  -0.0000000000
    0    0    0   0.07030        -5   -2   -4  21.25444        0.0000051526   0.0000000000
    0    0    0   0.07030        -3    2   -2  21.25444        0.0000051526   0.0000000000
    0    0    0   0.07030        -2   -5   -4  21.25444        0.0000051526   0.0000000000
    0    0    0   0.07030        -2    0    3  21.25444       -0.0000363869  -0.0000000000
    0    0    0   0.07030         0   -2    3  21.25444       -0.0000363869  -0.0000000000
    0    0    0   0.07030         2   -3   -2  21.25444        0.0000051526   0.0000000000
    0    0    0   0.07030         2    2    5  21.25444       -0.0000363869  -0.0000000000
    0    0    0   0.07030         3    5    1  21.25444       -0.0000051526   0.0000000000
    0    0    0   0.07030         5    3    1  21.25444       -0.0000051526  -0.0000000000
    0    0    0   0.07030        -3   -1    2  21.44191        0.0000111495   0.0000000000
    0    0    0   0.07030        -2    1    3  21.44191       -0.0000111495  -0.0000000000
    0    0    0   0.07030        -1   -3    2  21.44191        0.0000111495  -0.0000000000
    0    0    0   0.07030         1   -2    3  21.44191       -0.0000111495  -0.0000000000
    0    0    0   0.07030         2    3    5  21.44191       -0.0000111495  -0.0000000000
    0    0    0   0.07030         3    2    5  21.44191       -0.0000111495  -0.0000000000
    0    0    0   0.07030        -5   -4   -4  21.62938       -0.0000116584   0.0000000000
    0    0    0   0.07030        -5   -1   -3  21.62938        0.0000115438   0.0000000000
    0    0    0   0.07030        -4   -5   -4  21.62938       -0.0000116584   0.0000000000
    0    0    0   0.07030        -4    1   -2  21.62938       -0.0000115438   0.0000000000
    0    0    0   0.07030        -1   -5   -3  21.62938        0.0000115438  -0.0000000000
    0    0    0   0.07030        -1    4    0  21.62938       -0.0000116584   0.0000000000
    0    0    0   0.07030         1   -4   -2  21.62938       -0.0000115438   0.0000000000
    0    0    0   0.07030         1    5    1  21.62938        0.0000116584  -0.0000000000
    0    0    0   0.07030         4   -1    0  21.62938       -0.0000116584   0.0000000000
    0    0    0   0.07030         4    5    2  21.62938       -0.0000115438   0.0000000000
    0    0    0   0.07030         5    1    1  21.62938        0.0000116584   0.0000000000
    0    0    0   0.07030         5    4    2  21.62938       -0.0000115438   0.0000000000
    0    0    0   0.07030        -5   -2   -1  21.81685       -0.0000112250  -0.0000000000
    0    0    0   0.07030        -3    2    1  21.81685       -0.0000112250   0.0000000000
    0    0    0   0.07030        -2   -5   -1  21.81685       -0.0000112250  -0.0000000000
    0    0    0   0.07030        -2    3    2  23.12914       -0.0000067943  -0.0000000000
    0    0    0   0.07030         2    5    4  23.12914       -0.0000067943   0.0000000000
    0    0    0   0.07030         3   -2    2  23.12914       -0.0000067943   0.0000000000
    0    0    0   0.07030         5    2    4  23.12914       -0.0000067943   0.0000000000
    0    0    0   0.07030        -2   -1    3  23.31661       -0.0000109444  -0.0000000000
    0    0    0   0.07030        -1   -2    3  23.31661       -0.0000109444  -0.0000000000
    0    0    0   0.07030        -1    1    4  23.31661        0.0000109444   0.0000000000
    0    0    0   0.07030         1   -1    4  23.31661        0.0000109444   0.0000000000
    0    0    0   0.07030         1    2    5  23.31661       -0.0000109444  -0.0000000000
    0    0    0   0.07030         2    1    5  23.31661       -0.0000109444  -0.0000000000
    0    0    0   0.07030        -4    0    1  23.50408       -0.0000028330  -0.0000000000
    0    0    0   0.07030         0   -4    1  23.50408       -0.0000028330   0.0000000000
    0    0    0   0.07030         4    4    5  23.50408       -0.0000028330   0.0000000000
    0    0    0   0.07030        -4   -1   -5  23.69155       -0.0000255424  -0.0000000000
    0    0    0   0.07030        -3    1   -4  23.69155        0.0000255424  -0.0000000000
    0    0    0   0.07030        -1   -4   -5  23.69155       -0.0000255424  -0.0000000000
    0    0    0   0.07030         1   -3   -4  23.69155        0.0000255424   0.0000000000
    0    0    0   0.07030         3    4   -1  23.69155       -0.0000255424  -0.0000000000
    0    0    0   0.07030         4    3   -1  23.69155       -0.0000255424   0.0000000000
    0    0    0   0.07030        -5   -3   -5  23.87902        0.0000177228  -0.0000000000
    0    0    0   0.07030        -4   -2    1  23.87902        0.0000048684   0.0000000000
    0    0    0   0.07030        -3   -5   -5  23.87902        0.0000177228  -0.0000000000
    0    0    0   0.07030        -2   -4    1  23.87902        0.0000048684   0.0000000000
    0    0    0   0.07030        -2    2    3  23.87902        0.0000048684  -0.0000000000
    0    0    0   0.07030        -2    3   -2  23.87902       -0.0000177228   0.0000000000
    0    0    0   0.07030         2   -2    3  23.87902        0.0000048684   0.0000000000
    0    0    0   0.07030         2    4    5  23.87902        0.0000048684   0.0000000000
    0    0    0   0.07030         2    5    0  23.87902       -0.0000177228   0.0000000000
    0    0    0   0.07030         3   -2   -2  23.87902       -0.0000177228   0.0000000000
    0    0    0   0.07030         4    2    5  23.87902        0.0000048684   0.0000000000
    0    0    0   0.07030         5    2    0  23.87902       -0.0000177228   0.0000000000
    0    0    0   0.07030        -3   -2    2  24.25396        0.0000127320   0.0000000000
    0    0   -1   0.63271         0    0   -1   0.63271       -0.0322062967  -0.0000000000
   -1   -1   -1   1.00765        -1   -1   -1   1.00765       -0.0358034789  -0.0000000000
    0    1    0   1.00765         0    1    0   1.00765       -0.0358034789   0.0000000000
    1    0    0   1.00765         1    0    0   1.00765       -0.0358034789  -0.0000000000
   -1    0   -1   1.19512        -1    0   -1   1.19512       -0.0361630773  -0.0000000000
    0   -1   -1   1.19512         0   -1   -1   1.19512       -0.0361630773  -0.0000000000
    1    1    0   1.19512         1    1    0   1.19512       -0.0361630773   0.0000000000
   -1    0    0   1.38259        -1    0    0   1.38259       -0.0341360725   0.0000000000
    0   -1    0   1.38259         0   -1    0   1.38259       -0.0341360725   0.0000000000
    1    1    1   1.38259         1    1    1   1.38259       -0.0341360725   0.0000000000
    0    0    1   1.75753         0    0    1   1.75753       -0.0314011091   0.0000000000
   -1   -1    0   1.94500        -1   -1    0   1.94500       -0.0314384439  -0.0000000000
    0    1    1   1.94500         0    1    1   1.94500       -0.0314384439  -0.0000000000
    1    0    1   1.94500         1    0    1   1.94500       -0.0314384439   0.0000000000
   -1   -1   -2   2.31994        -1   -1   -2   2.31994       -0.0278396380   0.0000000000
    0    1   -1   2.31994         0    1   -1   2.31994       -0.0278396380  -0.0000000000
    1    0   -1   2.31994         1    0   -1   2.31994       -0.0278396380   0.0000000000
   -2   -1   -1   3.06983        -2   -1   -1   3.06983       -0.0229063021  -0.0000000000
   -1   -2   -1   3.06983        -1   -2   -1   3.06983       -0.0229063021  -0.0000000000
   -1    1    0   3.06983        -1    1    0   3.06983       -0.0229063021  -0.0000000000
    1   -1    0   3.06983         1   -1    0   3.06983       -0.0229063021  -0.0000000000
    1    2    1   3.06983         1    2    1   3.06983       -0.0229063021   0.0000000000
    2    1    1   3.06983         2    1    1   3.06983       -0.0229063021   0.0000000000
   -1    0   -2   3.25730        -1    0   -2   3.25730       -0.0200468182  -0.0000000000
    0   -1   -2   3.25730         0   -1   -2   3.25730       -0.0200468182   0.0000000000
    1    1   -1   3.25730         1    1   -1   3.25730       -0.0200468182   0.0000000000
    0    0   -2   3.44477         0    0   -2   3.44477       -0.0193925548  -0.0000000000
   -2   -1   -2   3.63224        -2   -1   -2   3.63224       -0.0175259174   0.0000000000
   -1   -2   -2   3.63224        -1   -2   -2   3.63224       -0.0175259174  -0.0000000000
   -1    1   -1   3.63224        -1    1   -1   3.63224       -0.0175259174  -0.0000000000
    1   -1   -1   3.63224         1   -1   -1   3.63224       -0.0175259174  -0.0000000000
    1    0   -2   5.88188         1    0   -2   5.88188       -0.0049931551  -0.0000000000
   -2   -2   -3   6.25682        -2   -2   -3   6.25682       -0.0039363073  -0.0000000000
    0    2   -1   6.25682         0    2   -1   6.25682       -0.0039363073   0.0000000000
    2    0   -1   6.25682         2    0   -1   6.25682       -0.0039363073  -0.0000000000
   -2   -1   -3   6.44429        -2   -1   -3   6.44429       -0.0034612730   0.0000000000
   -1   -2   -3   6.44429        -1   -2   -3   6.44429       -0.0034612730   0.0000000000
   -1    1   -2   6.44429        -1    1   -2   6.44429       -0.0034612730   0.0000000000
    1   -1   -2   6.44429         1   -1   -2   6.44429       -0.0034612730  -0.0000000000
    1    2   -1   6.44429         1    2   -1   6.44429       -0.0034612730  -0.0000000000
    2    1   -1   6.44429         2    1   -1   6.44429       -0.0034612730  -0.0000000000
   -2   -2    0   6.81923        -2   -2    0   6.81923       -0.0026407032  -0.0000000000
    0    2    2   6.81923         0    2    2   6.81923       -0.0026407032  -0.0000000000
    2    0    2   6.81923         2    0    2   6.81923       -0.0026407032   0.0000000000
   -3   -2   -2   7.00670        -3   -2   -2   7.00670       -0.0024565923  -0.0000000000
   -2   -3   -2   7.00670        -2   -3   -2   7.00670       -0.0024565923  -0.0000000000
   -1    2    0   7.00670        -1    2    0   7.00670       -0.0024565923   0.0000000000
    1    3    1   7.00670         1    3    1   7.00670       -0.0024565923  -0.0000000000
    2   -1    0   7.00670         2   -1    0   7.00670       -0.0024565923  -0.0000000000
    3    1    1   7.00670         3    1    1   7.00670       -0.0024565923  -0.0000000000
   -3   -1   -2   7.19417        -3   -1   -2   7.19417       -0.0021526796  -0.0000000000
   -2    1   -1   7.19417        -2    1   -1   7.19417       -0.0021526796  -0.0000000000
   -1   -3   -2   7.19417        -1   -3   -2   7.19417       -0.0021526796   0.0000000000
    1   -2   -1   7.19417         1   -2   -1   7.19417       -0.0021526796  -0.0000000000
    2    3    1   7.19417         2    3    1   7.19417       -0.0021526796   0.0000000000
    3    2    1   7.19417         3    2    1   7.19417       -0.0021526796  -0.0000000000
   -3   -1   -1   7.38164        -3   -1   -1   7.38164       -0.0018846829   0.0000000000
   -2    1    0   7.38164        -2    1    0   7.38164       -0.0018846829  -0.0000000000
   -1   -3   -1   7.38164        -1   -3   -1   7.38164       -0.0018846829  -0.0000000000
    1   -2    0   7.38164         1   -2    0   7.38164       -0.0018846829  -0.0000000000
    2    3    2   7.38164         2    3    2   7.38164       -0.0018846829  -0.0000000000
    3    2    2   7.38164         3    2    2   7.38164       -0.0018846829  -0.0000000000
   -1    0   -3   7.56911        -1    0   -3   7.56911       -0.0016675069  -0.0000000000
    0   -3   -1   9.06887         0   -3   -1   9.06887       -0.0006585614   0.0000000000
    0    3    1   9.06887         0    3    1   9.06887       -0.0006811468   0.0000000000
    3    0    1   9.06887         3    0    1   9.06887       -0.0006811468  -0.0000000000
    3    3    2   9.06887         3    3    2   9.06887       -0.0006585614  -0.0000000000
   -3   -1   -3   9.25634        -3   -1   -3   9.25634       -0.0006172046  -0.0000000000
   -2    1   -2   9.25634        -2    1   -2   9.25634       -0.0006172046   0.0000000000
   -1   -3   -3   9.25634        -1   -3   -3   9.25634       -0.0006172046  -0.0000000000
    1   -2   -2   9.25634         1   -2   -2   9.25634       -0.0006172046   0.0000000000
    2    3    0   9.25634         2    3    0   9.25634       -0.0006172046   0.0000000000
    3    2    0   9.25634         3    2    0   9.25634       -0.0006172046   0.0000000000
   -3   -3   -3   9.63128        -3   -3   -3   9.63128       -0.0004780883   0.0000000000
   -3    0   -2   9.63128        -3    0   -2   9.63128       -0.0005018801  -0.0000000000
    0   -3   -2   9.63128         0   -3   -2   9.63128       -0.0005018801  -0.0000000000
    0    3    0   9.63128         0    3    0   9.63128       -0.0004780883  -0.0000000000
    3    0    0   9.63128         3    0    0   9.63128       -0.0004780883  -0.0000000000
    3    3    1   9.63128         3    3    1   9.63128       -0.0005018801   0.0000000000
   -3   -1    0   9.81875        -3   -1    0   9.81875       -0.0004658540   0.0000000000
   -2    1    1   9.81875        -2    1    1   9.81875       -0.0004658540   0.0000000000
   -1   -3    0   9.81875        -1   -3    0   9.81875       -0.0004658540  -0.0000000000
    1   -2    1   9.81875         1   -2    1   9.81875       -0.0004658540  -0.0000000000
    2    3    3   9.81875         2    3    3   9.81875       -0.0004658540   0.0000000000
    3    2    3   9.81875         3    2    3   9.81875       -0.0004658540  -0.0000000000
   -2   -2   -4  10.56864        -2   -2   -4  10.56864       -0.0003663770  -0.0000000000
   -1   -1    2  10.56864        -1   -1    2  10.56864       -0.0003239482  -0.0000000000
    0    1    3  10.56864         0    1    3  10.56864       -0.0003239482  -0.0000000000
    0    2   -2  10.56864         0    2   -2  10.56864       -0.0003663770  -0.0000000000
    1    0    3  10.56864         1    0    3  10.56864       -0.0003239482  -0.0000000000
    2    0   -2  10.56864         2    0   -2  10.56864       -0.0003663770   0.0000000000
   -3   -3   -1  10.75611        -3   -3   -1  10.75611       -0.0002792166  -0.0000000000
   -3    0    0  10.75611        -3    0    0  10.75611       -0.0002885203  -0.0000000000
    0   -3    0  10.75611         0   -3    0  10.75611       -0.0002885203  -0.0000000000
    0    3    2  10.75611         0    3    2  10.75611       -0.0002792166  -0.0000000000
    4    2    2  12.06840         4    2    2  12.06840       -0.0001935079   0.0000000000
   -3   -3   -4  12.44334        -3   -3   -4  12.44334       -0.0001553077   0.0000000000
   -3    0   -3  12.44334        -3    0   -3  12.44334       -0.0001345079  -0.0000000000
    0   -3   -3  12.44334         0   -3   -3  12.44334       -0.0001345079   0.0000000000
    0    3   -1  12.44334         0    3   -1  12.44334       -0.0001553077  -0.0000000000
    3    0   -1  12.44334         3    0   -1  12.44334       -0.0001553077   0.0000000000
    3    3    0  12.44334         3    3    0  12.44334       -0.0001345079   0.0000000000
   -4   -2   -3  12.63081        -4   -2   -3  12.63081       -0.0001470192   0.0000000000
   -2   -4   -3  12.63081        -2   -4   -3  12.63081       -0.0001470192  -0.0000000000
   -2    2   -1  12.63081        -2    2   -1  12.63081       -0.0001470192  -0.0000000000
    2   -2   -1  12.63081         2   -2   -1  12.63081       -0.0001470192  -0.0000000000
    2    4    1  12.63081         2    4    1  12.63081       -0.0001470192  -0.0000000000
    4    2    1  12.63081         4    2    1  12.63081       -0.0001470192  -0.0000000000
   -4   -1   -2  13.00575        -4   -1   -2  13.00575       -0.0001235741   0.0000000000
   -3    1   -1  13.00575        -3    1   -1  13.00575       -0.0001235741  -0.0000000000
   -1   -4   -2  13.00575        -1   -4   -2  13.00575       -0.0001235741  -0.0000000000
    1   -3   -1  13.00575         1   -3   -1  13.00575       -0.0001235741  -0.0000000000
    3    4    2  13.00575         3    4    2  13.00575       -0.0001235741   0.0000000000
    4    3    2  13.00575         4    3    2  13.00575       -0.0001235741   0.0000000000
   -4   -3   -3  13.19322        -4   -3   -3  13.19322       -0.0001178029   0.0000000000
   -3   -4   -3  13.19322        -3   -4   -3  13.19322       -0.0001178029   0.0000000000
   -1    3    0  13.19322        -1    3    0  13.19322       -0.0001178029   0.0000000000
    1    4    1  13.19322         1    4    1  13.19322       -0.0001178029   0.0000000000
    3   -1    0  13.19322         3   -1    0  13.19322       -0.0001178029   0.0000000000
    4    1    1  13.19322         4    1    1  13.19322       -0.0001178029   0.0000000000
   -4   -3   -2  13.38069        -4   -3   -2  13.38069       -0.0001058520   0.0000000000
   -3   -4   -2  13.38069        -3   -4   -2  13.38069       -0.0001058520   0.0000000000
   -1    3    1  13.38069        -1    3    1  13.38069       -0.0001058520   0.0000000000
    1    4    2  13.38069         1    4    2  13.38069       -0.0001058520   0.0000000000
    3   -1    1  13.38069         3   -1    1  13.38069       -0.0001058520  -0.0000000000
    4    1    2  13.38069         4    1    2  13.38069       -0.0001058520   0.0000000000
   -3   -1   -4  13.56816        -3   -1   -4  13.56816       -0.0000940063  -0.0000000000
    1   -2    2  14.50551         1   -2    2  14.50551       -0.0000729848   0.0000000000
    2    3    4  14.50551         2    3    4  14.50551       -0.0000729848   0.0000000000
    3    2    4  14.50551         3    2    4  14.50551       -0.0000729848   0.0000000000
   -3   -3    0  14.69298        -3   -3    0  14.69298       -0.0000599720   0.0000000000
   -3    0    1  14.69298        -3    0    1  14.69298       -0.0000704455   0.0000000000
   -2    0   -4  14.69298        -2    0   -4  14.69298       -0.0000656369  -0.0000000000
    0   -3    1  14.69298         0   -3    1  14.69298       -0.0000704455  -0.0000000000
    0   -2   -4  14.69298         0   -2   -4  14.69298       -0.0000656369   0.0000000000
    0    3    3  14.69298         0    3    3  14.69298       -0.0000599720  -0.0000000000
    2    2   -2  14.69298         2    2   -2  14.69298       -0.0000656369   0.0000000000
    3    0    3  14.69298         3    0    3  14.69298       -0.0000599720   0.0000000000
    3    3    4  14.69298         3    3    4  14.69298       -0.0000704455   0.0000000000
   -2   -1    2  14.88045        -2   -1    2  14.88045       -0.0000643717   0.0000000000
   -1   -2    2  14.88045        -1   -2    2  14.88045       -0.0000643717   0.0000000000
   -1    1    3  14.88045        -1    1    3  14.88045       -0.0000643717   0.0000000000
    1   -1    3  14.88045         1   -1    3  14.88045       -0.0000643717  -0.0000000000
    1    2    4  14.88045         1    2    4  14.88045       -0.0000643717   0.0000000000
    2    1    4  14.88045         2    1    4  14.88045       -0.0000643717   0.0000000000
   -4   -3   -4  15.25539        -4   -3   -4  15.25539       -0.0000622402   0.0000000000
   -3   -4   -4  15.25539        -3   -4   -4  15.25539       -0.0000622402  -0.0000000000
   -1    3   -1  15.25539        -1    3   -1  15.25539       -0.0000622402  -0.0000000000
    1    4    0  15.25539         1    4    0  15.25539       -0.0000622402   0.0000000000
    3   -1   -1  15.25539         3   -1   -1  15.25539       -0.0000622402   0.0000000000
    4    1    0  15.25539         4    1    0  15.25539       -0.0000622402   0.0000000000
   -4   -2   -4  15.44286        -4   -2   -4  15.44286       -0.0000515462  -0.0000000000
   -2   -4   -4  15.44286        -2   -4   -4  15.44286       -0.0000515462  -0.0000000000
   -2    2   -2  15.44286        -2    2   -2  15.44286       -0.0000515462  -0.0000000000
   -1    0    3  15.44286        -1    0    3  15.44286       -0.0000573096   0.0000000000
    0   -1    3  15.44286         0   -1    3  15.44286       -0.0000573096   0.0000000000
    1    1    4  15.44286         1    1    4  15.44286       -0.0000573096   0.0000000000
    2   -2   -2  15.44286         2   -2   -2  15.44286       -0.0000515462  -0.0000000000
    2    4    0  15.44286         2    4    0  15.44286       -0.0000515462   0.0000000000
    2    0   -3  17.13009         2    0   -3  17.13009       -0.0000350876  -0.0000000000
    3    4    4  17.13009         3    4    4  17.13009       -0.0000352382   0.0000000000
    4    3    4  17.13009         4    3    4  17.13009       -0.0000352382   0.0000000000
   -4   -4   -4  17.31756        -4   -4   -4  17.31756       -0.0000353319   0.0000000000
    0    4    0  17.31756         0    4    0  17.31756       -0.0000353319   0.0000000000
    4    0    0  17.31756         4    0    0  17.31756       -0.0000353319   0.0000000000
   -3   -3   -5  17.50503        -3   -3   -5  17.50503       -0.0000310448  -0.0000000000
   -3    0   -4  17.50503        -3    0   -4  17.50503       -0.0000259805   0.0000000000
    0   -3   -4  17.50503         0   -3   -4  17.50503       -0.0000259805   0.0000000000
    0    3   -2  17.50503         0    3   -2  17.50503       -0.0000310448  -0.0000000000
    3    0   -2  17.50503         3    0   -2  17.50503       -0.0000310448   0.0000000000
    3    3   -1  17.50503         3    3   -1  17.50503       -0.0000259805   0.0000000000
   -4   -2    0  17.69250        -4   -2    0  17.69250       -0.0000255523   0.0000000000
   -3   -2   -5  17.69250        -3   -2   -5  17.69250       -0.0000286385  -0.0000000000
   -2   -4    0  17.69250        -2   -4    0  17.69250       -0.0000255523  -0.0000000000
   -2   -3   -5  17.69250        -2   -3   -5  17.69250       -0.0000286385   0.0000000000
   -2    2    2  17.69250        -2    2    2  17.69250       -0.0000255523  -0.0000000000
   -1    2   -3  17.69250        -1    2   -3  17.69250       -0.0000286385  -0.0000000000
    1    3   -2  17.69250         1    3   -2  17.69250       -0.0000286385  -0.0000000000
    2   -2    2  17.69250         2   -2    2  17.69250       -0.0000255523  -0.0000000000
    2   -1   -3  17.69250         2   -1   -3  17.69250       -0.0000286385  -0.0000000000
    2    4    4  17.69250         2    4    4  17.69250       -0.0000255523  -0.0000000000
    3    1   -2  17.69250         3    1   -2  17.69250       -0.0000286385  -0.0000000000
    4    2    4  17.69250         4    2    4  17.69250       -0.0000255523   0.0000000000
   -4   -1   -4  17.87997        -4   -1   -4  17.87997       -0.0000240074  -0.0000000000
   -3    1   -3  17.87997        -3    1   -3  17.87997       -0.0000240074  -0.0000000000
   -1   -4   -4  17.87997        -1   -4   -4  17.87997       -0.0000240074   0.0000000000
    1   -3   -3  17.87997         1   -3   -3  17.87997       -0.0000240074  -0.0000000000
    3    4    0  17.87997         3    4    0  17.87997       -0.0000240074  -0.0000000000
    4    3    0  17.87997         4    3    0  17.87997       -0.0000240074  -0.0000000000
   -4    0   -3  18.25492        -4    0   -3  18.25492       -0.0000212222  -0.0000000000
   -1   -1    3  18.25492        -1   -1    3  18.25492       -0.0000254332   0.0000000000
    3    5    3  19.37974         3    5    3  19.37974       -0.0000184546  -0.0000000000
    5    3    3  19.37974         5    3    3  19.37974       -0.0000184546  -0.0000000000
   -4   -3   -5  19.56721        -4   -3   -5  19.56721       -0.0000175057   0.0000000000
   -3   -4   -5  19.56721        -3   -4   -5  19.56721       -0.0000175057  -0.0000000000
   -1    3   -2  19.56721        -1    3   -2  19.56721       -0.0000175057  -0.0000000000
    1    4   -1  19.56721         1    4   -1  19.56721       -0.0000175057  -0.0000000000
    3   -1   -2  19.56721         3   -1   -2  19.56721       -0.0000175057  -0.0000000000
    4    1   -1  19.56721         4    1   -1  19.56721       -0.0000175057  -0.0000000000
   -1   -1   -5  19.75468        -1   -1   -5  19.75468       -0.0000169274  -0.0000000000
    0    1   -4  19.75468         0    1   -4  19.75468       -0.0000169274  -0.0000000000
    1    0   -4  19.75468         1    0   -4  19.75468       -0.0000169274  -0.0000000000
   -5   -3   -2  19.94215        -5   -3   -2  19.94215       -0.0000145368  -0.0000000000
   -3   -5   -2  19.94215        -3   -5   -2  19.94215       -0.0000145368  -0.0000000000
   -2    3    1  19.94215        -2    3    1  19.94215       -0.0000145368  -0.0000000000
    2    5    3  19.94215         2    5    3  19.94215       -0.0000145368   0.0000000000
    3   -2    1  19.94215         3   -2    1  19.94215       -0.0000145368  -0.0000000000
    5    2    3  19.94215         5    2    3  19.94215       -0.0000145368   0.0000000000
   -4   -4   -1  20.12962        -4   -4   -1  20.12962       -0.0000127616  -0.0000000000
   -3   -1   -5  20.12962        -3   -1   -5  20.12962       -0.0000137848  -0.0000000000
   -2    1   -4  20.12962        -2    1   -4  20.12962       -0.0000137848  -0.0000000000
   -1   -3   -5  20.12962        -1   -3   -5  20.12962       -0.0000137848  -0.0000000000
    0    4    3  20.12962         0    4    3  20.12962       -0.0000127616   0.0000000000
    1   -2   -4  20.12962         1   -2   -4  20.12962       -0.0000137848  -0.0000000000
    2    3   -2  20.12962         2    3   -2  20.12962       -0.0000137848  -0.0000000000
    3    2   -2  20.12962         3    2   -2  20.12962       -0.0000137848   0.0000000000
    4    0    3  20.12962         4    0    3  20.12962       -0.0000127616  -0.0000000000
   -5   -3   -4  20.31709        -5   -3   -4  20.31709       -0.0000142229  -0.0000000000
   -3   -5   -4  20.31709        -3   -5   -4  20.31709       -0.0000142229  -0.0000000000
   -2    3   -1  20.31709        -2    3   -1  20.31709       -0.0000142229  -0.0000000000
    0    0    4  20.31709         0    0    4  20.31709       -0.0000133496   0.0000000000
    2    5    1  20.31709         2    5    1  20.31709       -0.0000142229   0.0000000000
    3   -2   -1  20.31709         3   -2   -1  20.31709       -0.0000142229  -0.0000000000
    5    1    2  21.06697         5    1    2  21.06697       -0.0000112036  -0.0000000000
    5    4    3  21.06697         5    4    3  21.06697       -0.0000117062   0.0000000000
   -5   -2   -4  21.25444        -5   -2   -4  21.25444       -0.0000100826  -0.0000000000
   -3    2   -2  21.25444        -3    2   -2  21.25444       -0.0000100826   0.0000000000
   -2   -5   -4  21.25444        -2   -5   -4  21.25444       -0.0000100826  -0.0000000000
   -2    0    3  21.25444        -2    0    3  21.25444       -0.0000108358  -0.0000000000
    0   -2    3  21.25444         0   -2    3  21.25444       -0.0000108358  -0.0000000000
    2   -3   -2  21.25444         2   -3   -2  21.25444       -0.0000100826  -0.0000000000
    2    2    5  21.25444         2    2    5  21.25444       -0.0000108358  -0.0000000000
    3    5    1  21.25444         3    5    1  21.25444       -0.0000100826  -0.0000000000
    5    3    1  21.25444         5    3    1  21.25444       -0.0000100826  -0.0000000000
   -3   -1    2  21.44191        -3   -1    2  21.44191       -0.0000094771  -0.0000000000
   -2    1    3  21.44191        -2    1    3  21.44191       -0.0000094771  -0.0000000000
   -1   -3    2  21.44191        -1   -3    2  21.44191       -0.0000094771  -0.0000000000
    1   -2    3  21.44191         1   -2    3  21.44191       -0.0000094771   0.0000000000
    2    3    5  21.44191         2    3    5  21.44191       -0.0000094771  -0.0000000000
    3    2    5  21.44191         3    2    5  21.44191       -0.0000094771  -0.0000000000
   -5   -4   -4  21.62938        -5   -4   -4  21.62938       -0.0000099795   0.0000000000
   -5   -1   -3  21.62938        -5   -1   -3  21.62938       -0.0000092665   0.0000000000
   -4   -5   -4  21.62938        -4   -5   -4  21.62938       -0.0000099795  -0.0000000000
   -4    1   -2  21.62938        -4    1   -2  21.62938       -0.0000092665   0.0000000000
   -1   -5   -3  21.62938        -1   -5   -3  21.62938       -0.0000092665   0.0000000000
   -1    4    0  21.62938        -1    4    0  21.62938       -0.0000099795   0.0000000000
    1   -4   -2  21.62938         1   -4   -2  21.62938       -0.0000092665   0.0000000000
    1    5    1  21.62938         1    5    1  21.62938       -0.0000099795  -0.0000000000
    4   -1    0  21.62938         4   -1    0  21.62938       -0.0000099795   0.0000000000
    4    5    2  21.62938         4    5    2  21.62938       -0.0000092665  -0.0000000000
    5    1    1  21.62938         5    1    1  21.62938       -0.0000099795   0.0000000000
    5    4    2  21.62938         5    4    2  21.62938       -0.0000092665   0.0000000000
   -5   -2   -1  21.81685        -5   -2   -1  21.81685       -0.0000095985  -0.0000000000
   -3    2    1  21.81685        -3    2    1  21.81685       -0.0000095985  -0.0000000000
   -2   -5   -1  21.81685        -2   -5   -1  21.81685       -0.0000095985  -0.0000000000
   -2    3    2  23.12914        -2    3    2  23.12914       -0.0000063966   0.0000000000
    2    5    4  23.12914         2    5    4  23.12914       -0.0000063966   0.0000000000
    3   -2    2  23.12914         3   -2    2  23.12914       -0.0000063966   0.0000000000
    5    2    4  23.12914         5    2    4  23.12914       -0.0000063966   0.0000000000
   -2   -1    3  23.31661        -2   -1    3  23.31661       -0.0000064437   0.0000000000
   -1   -2    3  23.31661        -1   -2    3  23.31661       -0.0000064437   0.0000000000
   -1    1    4  23.31661        -1    1    4  23.31661       -0.0000064437   0.0000000000
    1   -1    4  23.31661         1   -1    4  23.31661       -0.0000064437   0.0000000000
    1    2    5  23.31661         1    2    5  23.31661       -0.0000064437   0.0000000000
    2    1    5  23.31661         2    1    5  23.31661       -0.0000064437   0.0000000000
   -4    0    1  23.50408        -4    0    1  23.50408       -0.0000058750  -0.0000000000
    0   -4    1  23.50408         0   -4    1  23.50408       -0.0000058750  -0.0000000000
    4    4    5  23.50408         4    4    5  23.50408       -0.0000058750  -0.0000000000
   -4   -1   -5  23.69155        -4   -1   -5  23.69155       -0.0000056365  -0.0000000000
   -3    1   -4  23.69155        -3    1   -4  23.69155       -0.0000056365  -0.0000000000
   -1   -4   -5  23.69155        -1   -4   -5  23.69155       -0.0000056365   0.0000000000
    1   -3   -4  23.69155         1   -3   -4  23.69155       -0.0000056365  -0.0000000000
    3    4   -1  23.69155         3    4   -1  23.69155       -0.0000056365  -0.0000000000
    4    3   -1  23.69155         4    3   -1  23.69155       -0.0000056365  -0.0000000000
   -5   -3   -5  23.87902        -5   -3   -5  23.87902       -0.0000056677  -0.0000000000
   -4   -2    1  23.87902        -4   -2    1  23.87902       -0.0000053389   0.0000000000
   -3   -5   -5  23.87902        -3   -5   -5  23.87902       -0.0000056677  -0.0000000000
   -2   -4    1  23.87902        -2   -4    1  23.87902       -0.0000053389  -0.0000000000
   -2    2    3  23.87902        -2    2    3  23.87902       -0.0000053389  -0.0000000000
   -2    3   -2  23.87902        -2    3   -2  23.87902       -0.0000056677  -0.0000000000
    2   -2    3  23.87902         2   -2    3  23.87902       -0.0000053389   0.0000000000
    2    4    5  23.87902         2    4    5  23.87902       -0.0000053389   0.0000000000
    2    5    0  23.87902         2    5    0  23.87902       -0.0000056677  -0.0000000000
    3   -2   -2  23.87902         3   -2   -2  23.87902       -0.0000056677  -0.0000000000
    4    2    5  23.87902         4    2    5  23.87902       -0.0000053389   0.0000000000
    5    2    0  23.87902         5    2    0  23.87902       -0.0000056677  -0.0000000000
   -3   -2    2  24.25396        -3   -2    2  24.25396       -0.0000049443  -0.0000000000


             g                   gp         inverse epsilon           nspin= 1
         0    0    0         0    0    0        0.17455395   0.00000000
         0    0   -1         0    0    0        0.01809006  -0.00000000
         0    0   -1         0    0   -1        0.48936661  -0.00000000
        -1   -1   -1         0    0   -1       -0.00172958  -0.00000000
        -1   -1   -1        -1   -1   -1        0.56162621  -0.00000000
         0    1    0        -1   -1   -1       -0.01332589  -0.00000000
         0    1    0         0    1    0        0.56162621   0.00000000
         1    0    0         0    1    0        0.01332589   0.00000000
         1    0    0         1    0    0        0.56162621  -0.00000000
        -1    0   -1         1    0    0        0.00398274  -0.00000000
        -1    0   -1        -1    0   -1        0.60080977  -0.00000000
         0   -1   -1        -1    0   -1        0.01034253   0.00000000
         0   -1   -1         0   -1   -1        0.60080977  -0.00000000
         1    1    0         0   -1   -1       -0.01034253  -0.00000000
         1    1    0         1    1    0        0.60080977   0.00000000
        -1    0    0         1    1    0        0.00622464   0.00000000
        -1    0    0        -1    0    0        0.65641303   0.00000000
         0   -1    0        -1    0    0        0.00746413   0.00000000
         0   -1    0         0   -1    0        0.65641303   0.00000000
         1    1    1         0   -1    0       -0.00746413  -0.00000000
         1    1    1         1    1    1        0.65641303   0.00000000
         0    0    1         1    1    1       -0.00173167   0.00000000
         0    0    1         0    0    1        0.72500777   0.00000000
        -1   -1    0         0    0    1        0.04683979   0.00000000
        -1   -1    0        -1   -1    0        0.73714538  -0.00000000
         0    1    1        -1   -1    0       -0.01445779  -0.00000000
         0    1    1         0    1    1        0.73714538  -0.00000000
         1    0    1         0    1    1        0.01445779   0.00000000
         1    0    1         1    0    1        0.73714538   0.00000000
        -1   -1   -2         1    0    1        0.00227205   0.00000000
        -1   -1   -2        -1   -1   -2        0.79356934   0.00000000
         0    1   -1        -1   -1   -2       -0.01358298  -0.00000000
         0    1   -1         0    1   -1        0.79356934  -0.00000000
         1    0   -1         0    1   -1        0.01358298   0.00000000
         1    0   -1         1    0   -1        0.79356934   0.00000000
        -2   -1   -1         1    0   -1       -0.00819300  -0.00000000
        -2   -1   -1        -2   -1   -1        0.85923537  -0.00000000
        -1   -2   -1        -2   -1   -1        0.01006842  -0.00000000
        -1   -2   -1        -1   -2   -1        0.85923537  -0.00000000
        -1    1    0        -1   -2   -1       -0.00519443  -0.00000000
        -1    1    0        -1    1    0        0.85923537   0.00000000
         1   -1    0        -1    1    0        0.01976443   0.00000000
         1   -1    0         1   -1    0        0.85923537  -0.00000000
         1    2    1         1   -1    0       -0.00519443   0.00000000
         1    2    1         1    2    1        0.85923537   0.00000000
         2    1    1         1    2    1        0.00895994   0.00000000
         2    1    1         2    1    1        0.85923537   0.00000000
        -1    0   -2         2    1    1        0.00201966   0.00000000
        -1    0   -2        -1    0   -2        0.88154300   0.00000000
         0   -1   -2        -1    0   -2        0.00711912   0.00000000
         0   -1   -2         0   -1   -2        0.88154300   0.00000000
         1    1   -1         0   -1   -2       -0.00711912   0.00000000
         1    1   -1         1    1   -1        0.88154300   0.00000000
         0    0   -2         1    1   -1        0.03045560  -0.00000000
         0    0   -2         0    0   -2        0.89891030  -0.00000000
        -2   -1   -2         0    0   -2       -0.00799798   0.00000000
        -2   -1   -2        -2   -1   -2        0.90472885  -0.00000000
        -1   -2   -2        -2   -1   -2        0.00278515  -0.00000000
        -1   -2   -2        -1   -2   -2        0.90472885  -0.00000000
        -1    1   -1        -1   -2   -2       -0.00647866  -0.00000000
        -1    1   -1        -1    1   -1        0.90472885  -0.00000000
         1   -1   -1        -1    1   -1        0.00846845   0.00000000
         1   -1   -1         1   -1   -1        0.90472885  -0.00000000
         1    0   -2         1   -1   -1       -0.00040123  -0.00000000
         1    0   -2         1    0   -2        0.98213873  -0.00000000
        -2   -2   -3         1    0   -2       -0.00035877   0.00000000
        -2   -2   -3        -2   -2   -3        0.98650571  -0.00000000
         0    2   -1        -2   -2   -3        0.00147429  -0.00000000
         0    2   -1         0    2   -1        0.98650571   0.00000000
         2    0   -1         0    2   -1        0.00147429  -0.00000000
         2    0   -1         2    0   -1        0.98650571  -0.00000000
        -2   -1   -3         2    0   -1        0.00101819  -0.00000000
        -2   -1   -3        -2   -1   -3        0.98828842  -0.00000000
        -1   -2   -3        -2   -1   -3       -0.00096611   0.00000000
        -1   -2   -3        -1   -2   -3        0.98828842   0.00000000
        -1    1   -2        -1   -2   -3       -0.00240559   0.00000000
        -1    1   -2        -1    1   -2        0.98828842   0.00000000
         1   -1   -2        -1    1   -2        0.00164928  -0.00000000
         1   -1   -2         1   -1   -2        0.98828842  -0.00000000
         1    2   -1         1   -1   -2       -0.00240559   0.00000000
         1    2   -1         1    2   -1        0.98828842  -0.00000000
         2    1   -1         1    2   -1       -0.00114167  -0.00000000
         2    1   -1         2    1   -1        0.98828842  -0.00000000
        -2   -2    0         2    1   -1       -0.00001828   0.00000000
        -2   -2    0        -2   -2    0        0.99130667  -0.00000000
         0    2    2        -2   -2    0        0.00141690  -0.00000000
         0    2    2         0    2    2        0.99130667  -0.00000000
         2    0    2         0    2    2        0.00141690   0.00000000
         2    0    2         2    0    2        0.99130667   0.00000000
        -3   -2   -2         2    0    2        0.00072354   0.00000000
        -3   -2   -2        -3   -2   -2        0.99253958  -0.00000000
        -2   -3   -2        -3   -2   -2       -0.00122262  -0.00000000
        -2   -3   -2        -2   -3   -2        0.99253958  -0.00000000
        -1    2    0        -2   -3   -2       -0.00100055  -0.00000000
        -1    2    0        -1    2    0        0.99253958   0.00000000
         1    3    1        -1    2    0        0.00122262   0.00000000
         1    3    1         1    3    1        0.99253958  -0.00000000
         2   -1    0         1    3    1        0.00100055  -0.00000000
         2   -1    0         2   -1    0        0.99253958  -0.00000000
         3    1    1         2   -1    0        0.00122262   0.00000000
         3    1    1         3    1    1        0.99253958  -0.00000000
        -3   -1   -2         3    1    1        0.00041411  -0.00000000
        -3   -1   -2        -3   -1   -2        0.99358530  -0.00000000
        -2    1   -1        -3   -1   -2        0.00110301   0.00000000
        -2    1   -1        -2    1   -1        0.99358530  -0.00000000
        -1   -3   -2        -2    1   -1        0.00080972   0.00000000
        -1   -3   -2        -1   -3   -2        0.99358530  -0.00000000
         1   -2   -1        -1   -3   -2        0.00110301  -0.00000000
         1   -2   -1         1   -2   -1        0.99358530  -0.00000000
         2    3    1         1   -2   -1       -0.00080972  -0.00000000
         2    3    1         2    3    1        0.99358530   0.00000000
         3    2    1         2    3    1       -0.00110301  -0.00000000
         3    2    1         3    2    1        0.99358530  -0.00000000
        -3   -1   -1         3    2    1        0.00035960  -0.00000000
        -3   -1   -1        -3   -1   -1        0.99448610   0.00000000
        -2    1    0        -3   -1   -1        0.00098827   0.00000000
        -2    1    0        -2    1    0        0.99448610  -0.00000000
        -1   -3   -1        -2    1    0        0.00083682   0.00000000
        -1   -3   -1        -1   -3   -1        0.99448610  -0.00000000
         1   -2    0        -1   -3   -1        0.00098827  -0.00000000
         1   -2    0         1   -2    0        0.99448610  -0.00000000
         2    3    2         1   -2    0       -0.00083682   0.00000000
         2    3    2         2    3    2        0.99448610  -0.00000000
         3    2    2         2    3    2       -0.00098827  -0.00000000
         3    2    2         3    2    2        0.99448610  -0.00000000
        -1    0   -3         3    2    2        0.00055406   0.00000000
        -1    0   -3        -1    0   -3        0.99522352  -0.00000000
         0   -3   -1        -1    0   -3       -0.00024823  -0.00000000
         0   -3   -1         0   -3   -1        0.99840657   0.00000000
         0    3    1         0   -3   -1        0.00023868  -0.00000000
         0    3    1         0    3    1        0.99835272  -0.00000000
         3    0    1         0    3    1       -0.00031236   0.00000000
         3    0    1         3    0    1        0.99835272  -0.00000000
         3    3    2         3    0    1       -0.00031430   0.00000000
         3    3    2         3    3    2        0.99840657  -0.00000000
        -3   -1   -3         3    3    2       -0.00010630   0.00000000
        -3   -1   -3        -3   -1   -3        0.99854135  -0.00000000
        -2    1   -2        -3   -1   -3        0.00054509   0.00000000
        -2    1   -2        -2    1   -2        0.99854135   0.00000000
        -1   -3   -3        -2    1   -2        0.00005615   0.00000000
        -1   -3   -3        -1   -3   -3        0.99854135  -0.00000000
         1   -2   -2        -1   -3   -3        0.00054509  -0.00000000
         1   -2   -2         1   -2   -2        0.99854135   0.00000000
         2    3    0         1   -2   -2       -0.00005615   0.00000000
         2    3    0         2    3    0        0.99854135   0.00000000
         3    2    0         2    3    0       -0.00054509  -0.00000000
         3    2    0         3    2    0        0.99854135  -0.00000000
        -3   -3   -3         3    2    0        0.00004531   0.00000000
        -3   -3   -3        -3   -3   -3        0.99893067   0.00000000
        -3    0   -2        -3   -3   -3       -0.00021771  -0.00000000
        -3    0   -2        -3    0   -2        0.99885443  -0.00000000
         0   -3   -2        -3    0   -2       -0.00022890  -0.00000000
         0   -3   -2         0   -3   -2        0.99885443  -0.00000000
         0    3    0         0   -3   -2       -0.00000763  -0.00000000
         0    3    0         0    3    0        0.99893067  -0.00000000
         3    0    0         0    3    0       -0.00018091  -0.00000000
         3    0    0         3    0    0        0.99893067  -0.00000000
         3    3    1         3    0    0       -0.00021771   0.00000000
         3    3    1         3    3    1        0.99885443   0.00000000
        -3   -1    0         3    3    1        0.00013114  -0.00000000
        -3   -1    0        -3   -1    0        0.99896144   0.00000000
        -2    1    1        -3   -1    0        0.00018288  -0.00000000
        -2    1    1        -2    1    1        0.99896144  -0.00000000
        -1   -3    0        -2    1    1        0.00002726   0.00000000
        -1   -3    0        -1   -3    0        0.99896144  -0.00000000
         1   -2    1        -1   -3    0        0.00018288  -0.00000000
         1   -2    1         1   -2    1        0.99896144  -0.00000000
         2    3    3         1   -2    1       -0.00002726   0.00000000
         2    3    3         2    3    3        0.99896144   0.00000000
         3    2    3         2    3    3       -0.00018288   0.00000000
         3    2    3         3    2    3        0.99896144  -0.00000000
        -2   -2   -4         3    2    3        0.00008143   0.00000000
        -2   -2   -4        -2   -2   -4        0.99927810  -0.00000000
        -1   -1    2        -2   -2   -4       -0.00014898  -0.00000000
        -1   -1    2        -1   -1    2        0.99933149  -0.00000000
         0    1    3        -1   -1    2        0.00011846   0.00000000
         0    1    3         0    1    3        0.99933149  -0.00000000
         0    2   -2         0    1    3        0.00014898  -0.00000000
         0    2   -2         0    2   -2        0.99927810  -0.00000000
         1    0    3         0    2   -2       -0.00000908   0.00000000
         1    0    3         1    0    3        0.99933149  -0.00000000
         2    0   -2         1    0    3        0.00014898  -0.00000000
         2    0   -2         2    0   -2        0.99927810   0.00000000
        -3   -3   -1         2    0   -2       -0.00009821  -0.00000000
        -3   -3   -1        -3   -3   -1        0.99943212  -0.00000000
        -3    0    0        -3   -3   -1       -0.00008804   0.00000000
        -3    0    0        -3    0    0        0.99943610  -0.00000000
         0   -3    0        -3    0    0       -0.00006498  -0.00000000
         0   -3    0         0   -3    0        0.99943610   0.00000000
         0    3    2         0   -3    0       -0.00010483  -0.00000000
         0    3    2         0    3    2        0.99943212  -0.00000000
         4    2    2         0    3    2       -0.00000080  -0.00000000
         4    2    2         4    2    2        0.99966242   0.00000000
        -3   -3   -4         4    2    2        0.00001764   0.00000000
        -3   -3   -4        -3   -3   -4        0.99973512  -0.00000000
        -3    0   -3        -3   -3   -4       -0.00001765  -0.00000000
        -3    0   -3        -3    0   -3        0.99976236   0.00000000
         0   -3   -3        -3    0   -3       -0.00002152   0.00000000
         0   -3   -3         0   -3   -3        0.99976236   0.00000000
         0    3   -1         0   -3   -3       -0.00006267   0.00000000
         0    3   -1         0    3   -1        0.99973512  -0.00000000
         3    0   -1         0    3   -1       -0.00001292  -0.00000000
         3    0   -1         3    0   -1        0.99973512   0.00000000
         3    3    0         3    0   -1       -0.00001765   0.00000000
         3    3    0         3    3    0        0.99976236   0.00000000
        -4   -2   -3         3    3    0       -0.00003157   0.00000000
        -4   -2   -3        -4   -2   -3        0.99975249   0.00000000
        -2   -4   -3        -4   -2   -3        0.00005508  -0.00000000
        -2   -4   -3        -2   -4   -3        0.99975249  -0.00000000
        -2    2   -1        -2   -4   -3       -0.00005932   0.00000000
        -2    2   -1        -2    2   -1        0.99975249   0.00000000
         2   -2   -1        -2    2   -1        0.00005991  -0.00000000
         2   -2   -1         2   -2   -1        0.99975249  -0.00000000
         2    4    1         2   -2   -1       -0.00005932  -0.00000000
         2    4    1         2    4    1        0.99975249  -0.00000000
         4    2    1         2    4    1        0.00005600   0.00000000
         4    2    1         4    2    1        0.99975249  -0.00000000
        -4   -1   -2         4    2    1        0.00000874  -0.00000000
        -4   -1   -2        -4   -1   -2        0.99979467   0.00000000
        -3    1   -1        -4   -1   -2        0.00009717   0.00000000
        -3    1   -1        -3    1   -1        0.99979467  -0.00000000
        -1   -4   -2        -3    1   -1        0.00003767  -0.00000000
        -1   -4   -2        -1   -4   -2        0.99979467  -0.00000000
         1   -3   -1        -1   -4   -2        0.00009717  -0.00000000
         1   -3   -1         1   -3   -1        0.99979467  -0.00000000
         3    4    2         1   -3   -1        0.00003767  -0.00000000
         3    4    2         3    4    2        0.99979467   0.00000000
         4    3    2         3    4    2       -0.00009717   0.00000000
         4    3    2         4    3    2        0.99979467   0.00000000
        -4   -3   -3         4    3    2       -0.00005283   0.00000000
        -4   -3   -3        -4   -3   -3        0.99980879   0.00000000
        -3   -4   -3        -4   -3   -3       -0.00008145  -0.00000000
        -3   -4   -3        -3   -4   -3        0.99980879   0.00000000
        -1    3    0        -3   -4   -3        0.00004087   0.00000000
        -1    3    0        -1    3    0        0.99980879   0.00000000
         1    4    1        -1    3    0        0.00008145  -0.00000000
         1    4    1         1    4    1        0.99980879   0.00000000
         3   -1    0         1    4    1        0.00004087   0.00000000
         3   -1    0         3   -1    0        0.99980879   0.00000000
         4    1    1         3   -1    0        0.00008145   0.00000000
         4    1    1         4    1    1        0.99980879   0.00000000
        -4   -3   -2         4    1    1        0.00001823   0.00000000
        -4   -3   -2        -4   -3   -2        0.99983242   0.00000000
        -3   -4   -2        -4   -3   -2       -0.00009031  -0.00000000
        -3   -4   -2        -3   -4   -2        0.99983242   0.00000000
        -1    3    1        -3   -4   -2        0.00003090  -0.00000000
        -1    3    1        -1    3    1        0.99983242   0.00000000
         1    4    2        -1    3    1        0.00009031   0.00000000
         1    4    2         1    4    2        0.99983242   0.00000000
         3   -1    1         1    4    2        0.00003090  -0.00000000
         3   -1    1         3   -1    1        0.99983242  -0.00000000
         4    1    2         3   -1    1        0.00009031   0.00000000
         4    1    2         4    1    2        0.99983242   0.00000000
        -3   -1   -4         4    1    2        0.00000615   0.00000000
        -3   -1   -4        -3   -1   -4        0.99985591  -0.00000000
         1   -2    2        -3   -1   -4       -0.00000440   0.00000000
         1   -2    2         1   -2    2        0.99989263   0.00000000
         2    3    4         1   -2    2        0.00001600   0.00000000
         2    3    4         2    3    4        0.99989263   0.00000000
         3    2    4         2    3    4       -0.00003985   0.00000000
         3    2    4         3    2    4        0.99989263   0.00000000
        -3   -3    0         3    2    4       -0.00000738   0.00000000
        -3   -3    0        -3   -3    0        0.99991212  -0.00000000
        -3    0    1        -3   -3    0        0.00000044  -0.00000000
        -3    0    1        -3    0    1        0.99989918   0.00000000
        -2    0   -4        -3    0    1        0.00001106   0.00000000
        -2    0   -4        -2    0   -4        0.99990225  -0.00000000
         0   -3    1        -2    0   -4       -0.00000322   0.00000000
         0   -3    1         0   -3    1        0.99989918  -0.00000000
         0   -2   -4         0   -3    1        0.00001106   0.00000000
         0   -2   -4         0   -2   -4        0.99990225   0.00000000
         0    3    3         0   -2   -4       -0.00004537  -0.00000000
         0    3    3         0    3    3        0.99991212  -0.00000000
         2    2   -2         0    3    3        0.00001790   0.00000000
         2    2   -2         2    2   -2        0.99990225   0.00000000
         3    0    3         2    2   -2        0.00001790   0.00000000
         3    0    3         3    0    3        0.99991212   0.00000000
         3    3    4         3    0    3        0.00000044  -0.00000000
         3    3    4         3    3    4        0.99989918   0.00000000
        -2   -1    2         3    3    4       -0.00000865  -0.00000000
        -2   -1    2        -2   -1    2        0.99990786   0.00000000
        -1   -2    2        -2   -1    2       -0.00005575  -0.00000000
        -1   -2    2        -1   -2    2        0.99990786   0.00000000
        -1    1    3        -1   -2    2       -0.00001115  -0.00000000
        -1    1    3        -1    1    3        0.99990786   0.00000000
         1   -1    3        -1    1    3        0.00002525   0.00000000
         1   -1    3         1   -1    3        0.99990786  -0.00000000
         1    2    4         1   -1    3       -0.00001115  -0.00000000
         1    2    4         1    2    4        0.99990786  -0.00000000
         2    1    4         1    2    4       -0.00003559  -0.00000000
         2    1    4         2    1    4        0.99990786   0.00000000
        -4   -3   -4         2    1    4       -0.00000116  -0.00000000
        -4   -3   -4        -4   -3   -4        0.99991308   0.00000000
        -3   -4   -4        -4   -3   -4       -0.00004674  -0.00000000
        -3   -4   -4        -3   -4   -4        0.99991308  -0.00000000
        -1    3   -1        -3   -4   -4        0.00001799   0.00000000
        -1    3   -1        -1    3   -1        0.99991308  -0.00000000
         1    4    0        -1    3   -1        0.00004674  -0.00000000
         1    4    0         1    4    0        0.99991308   0.00000000
         3   -1   -1         1    4    0        0.00001799  -0.00000000
         3   -1   -1         3   -1   -1        0.99991308   0.00000000
         4    1    0         3   -1   -1        0.00004674   0.00000000
         4    1    0         4    1    0        0.99991308   0.00000000
        -4   -2   -4         4    1    0       -0.00000779   0.00000000
        -4   -2   -4        -4   -2   -4        0.99992651  -0.00000000
        -2   -4   -4        -4   -2   -4        0.00001630  -0.00000000
        -2   -4   -4        -2   -4   -4        0.99992651  -0.00000000
        -2    2   -2        -2   -4   -4       -0.00001212  -0.00000000
        -2    2   -2        -2    2   -2        0.99992651  -0.00000000
        -1    0    3        -2    2   -2        0.00001551  -0.00000000
        -1    0    3        -1    0    3        0.99992361   0.00000000
         0   -1    3        -1    0    3       -0.00004643   0.00000000
         0   -1    3         0   -1    3        0.99992361   0.00000000
         1    1    4         0   -1    3        0.00004643  -0.00000000
         1    1    4         1    1    4        0.99992361   0.00000000
         2   -2   -2         1    1    4       -0.00001583  -0.00000000
         2   -2   -2         2   -2   -2        0.99992651  -0.00000000
         2    4    0         2   -2   -2       -0.00001212   0.00000000
         2    4    0         2    4    0        0.99992651   0.00000000
         2    0   -3         2    4    0        0.00000906   0.00000000
         2    0   -3         2    0   -3        0.99995543  -0.00000000
         3    4    4         2    0   -3        0.00000869  -0.00000000
         3    4    4         3    4    4        0.99995608   0.00000000
         4    3    4         3    4    4       -0.00002703  -0.00000000
         4    3    4         4    3    4        0.99995608   0.00000000
        -4   -4   -4         4    3    4        0.00002030   0.00000000
        -4   -4   -4        -4   -4   -4        0.99995579   0.00000000
         0    4    0        -4   -4   -4       -0.00000680   0.00000000
         0    4    0         0    4    0        0.99995579   0.00000000
         4    0    0         0    4    0       -0.00000680  -0.00000000
         4    0    0         4    0    0        0.99995579   0.00000000
        -3   -3   -5         4    0    0       -0.00000329  -0.00000000
        -3   -3   -5        -3   -3   -5        0.99996257  -0.00000000
        -3    0   -4        -3   -3   -5        0.00000223   0.00000000
        -3    0   -4        -3    0   -4        0.99996877   0.00000000
         0   -3   -4        -3    0   -4        0.00000296   0.00000000
         0   -3   -4         0   -3   -4        0.99996877   0.00000000
         0    3   -2         0   -3   -4       -0.00000378   0.00000000
         0    3   -2         0    3   -2        0.99996257  -0.00000000
         3    0   -2         0    3   -2        0.00000345   0.00000000
         3    0   -2         3    0   -2        0.99996257   0.00000000
         3    3   -1         3    0   -2        0.00000223   0.00000000
         3    3   -1         3    3   -1        0.99996877   0.00000000
        -4   -2    0         3    3   -1       -0.00001023   0.00000000
        -4   -2    0        -4   -2    0        0.99996839   0.00000000
        -3   -2   -5        -4   -2    0       -0.00000019   0.00000000
        -3   -2   -5        -3   -2   -5        0.99996477  -0.00000000
        -2   -4    0        -3   -2   -5        0.00000330   0.00000000
        -2   -4    0        -2   -4    0        0.99996839  -0.00000000
        -2   -3   -5        -2   -4    0       -0.00000019  -0.00000000
        -2   -3   -5        -2   -3   -5        0.99996477   0.00000000
        -2    2    2        -2   -3   -5        0.00000179  -0.00000000
        -2    2    2        -2    2    2        0.99996839  -0.00000000
        -1    2   -3        -2    2    2       -0.00000019   0.00000000
        -1    2   -3        -1    2   -3        0.99996477  -0.00000000
         1    3   -2        -1    2   -3        0.00001843   0.00000000
         1    3   -2         1    3   -2        0.99996477  -0.00000000
         2   -2    2         1    3   -2        0.00000465  -0.00000000
         2   -2    2         2   -2    2        0.99996839  -0.00000000
         2   -1   -3         2   -2    2       -0.00000019   0.00000000
         2   -1   -3         2   -1   -3        0.99996477  -0.00000000
         2    4    4         2   -1   -3        0.00000179  -0.00000000
         2    4    4         2    4    4        0.99996839  -0.00000000
         3    1   -2         2    4    4       -0.00000578   0.00000000
         3    1   -2         3    1   -2        0.99996477  -0.00000000
         4    2    4         3    1   -2        0.00000019   0.00000000
         4    2    4         4    2    4        0.99996839   0.00000000
        -4   -1   -4         4    2    4       -0.00001459  -0.00000000
        -4   -1   -4        -4   -1   -4        0.99997154  -0.00000000
        -3    1   -3        -4   -1   -4        0.00001853   0.00000000
        -3    1   -3        -3    1   -3        0.99997154  -0.00000000
        -1   -4   -4        -3    1   -3        0.00000258  -0.00000000
        -1   -4   -4        -1   -4   -4        0.99997154   0.00000000
         1   -3   -3        -1   -4   -4        0.00001853  -0.00000000
         1   -3   -3         1   -3   -3        0.99997154  -0.00000000
         3    4    0         1   -3   -3        0.00000258  -0.00000000
         3    4    0         3    4    0        0.99997154  -0.00000000
         4    3    0         3    4    0       -0.00001853  -0.00000000
         4    3    0         4    3    0        0.99997154  -0.00000000
        -4    0   -3         4    3    0       -0.00000009  -0.00000000
        -4    0   -3        -4    0   -3        0.99997482   0.00000000
        -1   -1    3        -4    0   -3       -0.00000433   0.00000000
        -1   -1    3        -1   -1    3        0.99997041  -0.00000000
         3    5    3        -1   -1    3        0.00000137  -0.00000000
         3    5    3         3    5    3        0.99997985  -0.00000000
         5    3    3         3    5    3       -0.00000004  -0.00000000
         5    3    3         5    3    3        0.99997985   0.00000000
        -4   -3   -5         5    3    3        0.00000657   0.00000000
        -4   -3   -5        -4   -3   -5        0.99998095   0.00000000
        -3   -4   -5        -4   -3   -5       -0.00001278   0.00000000
        -3   -4   -5        -3   -4   -5        0.99998095  -0.00000000
        -1    3   -2        -3   -4   -5        0.00000106   0.00000000
        -1    3   -2        -1    3   -2        0.99998095  -0.00000000
         1    4   -1        -1    3   -2        0.00001278   0.00000000
         1    4   -1         1    4   -1        0.99998095  -0.00000000
         3   -1   -2         1    4   -1        0.00000106  -0.00000000
         3   -1   -2         3   -1   -2        0.99998095  -0.00000000
         4    1   -1         3   -1   -2        0.00001278   0.00000000
         4    1   -1         4    1   -1        0.99998095  -0.00000000
        -1   -1   -5         4    1   -1       -0.00000208   0.00000000
        -1   -1   -5        -1   -1   -5        0.99998166  -0.00000000
         0    1   -4        -1   -1   -5        0.00001347  -0.00000000
         0    1   -4         0    1   -4        0.99998166  -0.00000000
         1    0   -4         0    1   -4       -0.00001347   0.00000000
         1    0   -4         1    0   -4        0.99998166  -0.00000000
        -5   -3   -2         1    0   -4       -0.00000194  -0.00000000
        -5   -3   -2        -5   -3   -2        0.99998400  -0.00000000
        -3   -5   -2        -5   -3   -2        0.00000039  -0.00000000
        -3   -5   -2        -3   -5   -2        0.99998400  -0.00000000
        -2    3    1        -3   -5   -2        0.00000330   0.00000000
        -2    3    1        -2    3    1        0.99998400  -0.00000000
         2    5    3        -2    3    1        0.00000039   0.00000000
         2    5    3         2    5    3        0.99998400   0.00000000
         3   -2    1         2    5    3       -0.00000330  -0.00000000
         3   -2    1         3   -2    1        0.99998400  -0.00000000
         5    2    3         3   -2    1        0.00000039   0.00000000
         5    2    3         5    2    3        0.99998400   0.00000000
        -4   -4   -1         5    2    3        0.00000066   0.00000000
        -4   -4   -1        -4   -4   -1        0.99998661  -0.00000000
        -3   -1   -5        -4   -4   -1       -0.00000067  -0.00000000
        -3   -1   -5        -3   -1   -5        0.99998536   0.00000000
        -2    1   -4        -3   -1   -5        0.00000980   0.00000000
        -2    1   -4        -2    1   -4        0.99998536  -0.00000000
        -1   -3   -5        -2    1   -4       -0.00000328   0.00000000
        -1   -3   -5        -1   -3   -5        0.99998536  -0.00000000
         0    4    3        -1   -3   -5        0.00000565   0.00000000
         0    4    3         0    4    3        0.99998661   0.00000000
         1   -2   -4         0    4    3       -0.00000565   0.00000000
         1   -2   -4         1   -2   -4        0.99998536  -0.00000000
         2    3   -2         1   -2   -4        0.00000328  -0.00000000
         2    3   -2         2    3   -2        0.99998536  -0.00000000
         3    2   -2         2    3   -2       -0.00000980   0.00000000
         3    2   -2         3    2   -2        0.99998536   0.00000000
         4    0    3         3    2   -2        0.00000067   0.00000000
         4    0    3         4    0    3        0.99998661  -0.00000000
        -5   -3   -4         4    0    3       -0.00000282  -0.00000000
        -5   -3   -4        -5   -3   -4        0.99998525  -0.00000000
        -3   -5   -4        -5   -3   -4       -0.00000162  -0.00000000
        -3   -5   -4        -3   -5   -4        0.99998525  -0.00000000
        -2    3   -1        -3   -5   -4        0.00000207  -0.00000000
        -2    3   -1        -2    3   -1        0.99998525  -0.00000000
         0    0    4        -2    3   -1        0.00000215  -0.00000000
         0    0    4         0    0    4        0.99998568   0.00000000
         2    5    1         0    0    4        0.00000215  -0.00000000
         2    5    1         2    5    1        0.99998525   0.00000000
         3   -2   -1         2    5    1       -0.00000207  -0.00000000
         3   -2   -1         3   -2   -1        0.99998525   0.00000000
         5    1    2         3   -2   -1       -0.00000307  -0.00000000
         5    1    2         5    1    2        0.99998873  -0.00000000
         5    4    3         5    1    2        0.00000203   0.00000000
         5    4    3         5    4    3        0.99998821   0.00000000
        -5   -2   -4         5    4    3        0.00000274  -0.00000000
        -5   -2   -4        -5   -2   -4        0.99998967  -0.00000000
        -3    2   -2        -5   -2   -4       -0.00000024  -0.00000000
        -3    2   -2        -3    2   -2        0.99998967   0.00000000
        -2   -5   -4        -3    2   -2       -0.00000189   0.00000000
        -2   -5   -4        -2   -5   -4        0.99998967  -0.00000000
        -2    0    3        -2   -5   -4        0.00000190   0.00000000
        -2    0    3        -2    0    3        0.99998931  -0.00000000
         0   -2    3        -2    0    3       -0.00000121   0.00000000
         0   -2    3         0   -2    3        0.99998931  -0.00000000
         2   -3   -2         0   -2    3       -0.00000015  -0.00000000
         2   -3   -2         2   -3   -2        0.99998967  -0.00000000
         2    2    5         2   -3   -2        0.00000190   0.00000000
         2    2    5         2    2    5        0.99998931  -0.00000000
         3    5    1         2    2    5        0.00000015   0.00000000
         3    5    1         3    5    1        0.99998967  -0.00000000
         5    3    1         3    5    1       -0.00000024   0.00000000
         5    3    1         5    3    1        0.99998967  -0.00000000
        -3   -1    2         5    3    1       -0.00000184   0.00000000
        -3   -1    2        -3   -1    2        0.99999022  -0.00000000
        -2    1    3        -3   -1    2        0.00000601  -0.00000000
        -2    1    3        -2    1    3        0.99999022   0.00000000
        -1   -3    2        -2    1    3       -0.00000209   0.00000000
        -1   -3    2        -1   -3    2        0.99999022   0.00000000
         1   -2    3        -1   -3    2        0.00000601  -0.00000000
         1   -2    3         1   -2    3        0.99999022   0.00000000
         2    3    5         1   -2    3        0.00000209  -0.00000000
         2    3    5         2    3    5        0.99999022  -0.00000000
         3    2    5         2    3    5       -0.00000601   0.00000000
         3    2    5         3    2    5        0.99999022  -0.00000000
        -5   -4   -4         3    2    5        0.00000019  -0.00000000
        -5   -4   -4        -5   -4   -4        0.99999011   0.00000000
        -5   -1   -3        -5   -4   -4        0.00000175  -0.00000000
        -5   -1   -3        -5   -1   -3        0.99999088   0.00000000
        -4   -5   -4        -5   -1   -3       -0.00000133   0.00000000
        -4   -5   -4        -4   -5   -4        0.99999011  -0.00000000
        -4    1   -2        -4   -5   -4        0.00000083   0.00000000
        -4    1   -2        -4    1   -2        0.99999088   0.00000000
        -1   -5   -3        -4    1   -2        0.00000127  -0.00000000
        -1   -5   -3        -1   -5   -3        0.99999088   0.00000000
        -1    4    0        -1   -5   -3       -0.00000382  -0.00000000
        -1    4    0        -1    4    0        0.99999011   0.00000000
         1   -4   -2        -1    4    0        0.00000515  -0.00000000
         1   -4   -2         1   -4   -2        0.99999088   0.00000000
         1    5    1         1   -4   -2       -0.00000382  -0.00000000
         1    5    1         1    5    1        0.99999011  -0.00000000
         4   -1    0         1    5    1        0.00000107  -0.00000000
         4   -1    0         4   -1    0        0.99999011   0.00000000
         4    5    2         4   -1    0        0.00000083   0.00000000
         4    5    2         4    5    2        0.99999088  -0.00000000
         5    1    1         4    5    2       -0.00000163  -0.00000000
         5    1    1         5    1    1        0.99999011   0.00000000
         5    4    2         5    1    1        0.00000175  -0.00000000
         5    4    2         5    4    2        0.99999088   0.00000000
        -5   -2   -1         5    4    2       -0.00000254  -0.00000000
        -5   -2   -1        -5   -2   -1        0.99999071  -0.00000000
        -3    2    1        -5   -2   -1       -0.00000159   0.00000000
        -3    2    1        -3    2    1        0.99999071  -0.00000000
        -2   -5   -1        -3    2    1       -0.00000118   0.00000000
        -2   -5   -1        -2   -5   -1        0.99999071  -0.00000000
        -2    3    2        -2   -5   -1        0.00000079   0.00000000
        -2    3    2        -2    3    2        0.99999407   0.00000000
         2    5    4        -2    3    2       -0.00000034   0.00000000
         2    5    4         2    5    4        0.99999407   0.00000000
         3   -2    2         2    5    4       -0.00000079  -0.00000000
         3   -2    2         3   -2    2        0.99999407   0.00000000
         5    2    4         3   -2    2       -0.00000034   0.00000000
         5    2    4         5    2    4        0.99999407   0.00000000
        -2   -1    3         5    2    4        0.00000002  -0.00000000
        -2   -1    3        -2   -1    3        0.99999419   0.00000000
        -1   -2    3        -2   -1    3       -0.00000425   0.00000000
        -1   -2    3        -1   -2    3        0.99999419   0.00000000
        -1    1    4        -1   -2    3        0.00000189   0.00000000
        -1    1    4        -1    1    4        0.99999419   0.00000000
         1   -1    4        -1    1    4       -0.00000112   0.00000000
         1   -1    4         1   -1    4        0.99999419   0.00000000
         1    2    5         1   -1    4        0.00000189  -0.00000000
         1    2    5         1    2    5        0.99999419   0.00000000
         2    1    5         1    2    5       -0.00000412   0.00000000
         2    1    5         2    1    5        0.99999419   0.00000000
        -4    0    1         2    1    5       -0.00000072   0.00000000
        -4    0    1        -4    0    1        0.99999470   0.00000000
         0   -4    1        -4    0    1       -0.00000017  -0.00000000
         0   -4    1         0   -4    1        0.99999470  -0.00000000
         4    4    5         0   -4    1       -0.00000017  -0.00000000
         4    4    5         4    4    5        0.99999470  -0.00000000
        -4   -1   -5         4    4    5        0.00000058  -0.00000000
        -4   -1   -5        -4   -1   -5        0.99999494  -0.00000000
        -3    1   -4        -4   -1   -5        0.00000347   0.00000000
        -3    1   -4        -3    1   -4        0.99999494   0.00000000
        -1   -4   -5        -3    1   -4       -0.00000048  -0.00000000
        -1   -4   -5        -1   -4   -5        0.99999494   0.00000000
         1   -3   -4        -1   -4   -5        0.00000347  -0.00000000
         1   -3   -4         1   -3   -4        0.99999494   0.00000000
         3    4   -1         1   -3   -4       -0.00000048  -0.00000000
         3    4   -1         3    4   -1        0.99999494  -0.00000000
         4    3   -1         3    4   -1       -0.00000347   0.00000000
         4    3   -1         4    3   -1        0.99999494  -0.00000000
        -5   -3   -5         4    3   -1        0.00000033  -0.00000000
        -5   -3   -5        -5   -3   -5        0.99999494  -0.00000000
        -4   -2    1        -5   -3   -5        0.00000070   0.00000000
        -4   -2    1        -4   -2    1        0.99999513   0.00000000
        -3   -5   -5        -4   -2    1        0.00000011   0.00000000
        -3   -5   -5        -3   -5   -5        0.99999494  -0.00000000
        -2   -4    1        -3   -5   -5        0.00000070  -0.00000000
        -2   -4    1        -2   -4    1        0.99999513  -0.00000000
        -2    2    3        -2   -4    1        0.00000068  -0.00000000
        -2    2    3        -2    2    3        0.99999513  -0.00000000
        -2    3   -2        -2    2    3       -0.00000070   0.00000000
        -2    3   -2        -2    3   -2        0.99999494  -0.00000000
         2   -2    3        -2    3   -2       -0.00000217   0.00000000
         2   -2    3         2   -2    3        0.99999513   0.00000000
         2    4    5         2   -2    3        0.00000068   0.00000000
         2    4    5         2    4    5        0.99999513   0.00000000
         2    5    0         2    4    5       -0.00000070  -0.00000000
         2    5    0         2    5    0        0.99999494  -0.00000000
         3   -2   -2         2    5    0       -0.00000054  -0.00000000
         3   -2   -2         3   -2   -2        0.99999494  -0.00000000
         4    2    5         3   -2   -2       -0.00000011  -0.00000000
         4    2    5         4    2    5        0.99999513   0.00000000
         5    2    0         4    2    5       -0.00000070   0.00000000
         5    2    0         5    2    0        0.99999494  -0.00000000
        -3   -2    2         5    2    0       -0.00000012  -0.00000000
        -3   -2    2        -3   -2    2        0.99999567  -0.00000000


     q= 0.0000 0.0000 0.5000  nmtx=     568  nrk= 13

           independent matrix elements of chi       spin index= 1 1

          g          g**2          gp          gp**2          chi(g,gp)
    0    0   -1   0.28121         0    0   -1   0.28121       -0.0269331839  -0.0000000000
    0    0    0   0.28121         0    0   -1   0.28121        0.0079899173   0.0000000000
    0    0    0   0.28121         0    0    0   0.28121       -0.0269331839  -0.0000000000
    0    0    0   0.28121        -1   -1   -1   1.03109        0.0051500045   0.0000000000
    0    0    0   0.28121        -1    0   -1   1.03109        0.0016587548  -0.0000000000
    0    0    0   0.28121         0   -1   -1   1.03109        0.0016587548  -0.0000000000
    0    0    0   0.28121         0    1    0   1.03109       -0.0051500045   0.0000000000
    0    0    0   0.28121         1    0    0   1.03109       -0.0051500045   0.0000000000
    0    0    0   0.28121         1    1    0   1.03109       -0.0016587548   0.0000000000
    0    0    0   0.28121        -1   -1   -2   1.78097       -0.0011037547   0.0000000000
    0    0    0   0.28121        -1    0    0   1.78097       -0.0069232585   0.0000000000
    0    0    0   0.28121         0   -1    0   1.78097       -0.0069232585  -0.0000000000
    0    0    0   0.28121         0    1   -1   1.78097        0.0011037547  -0.0000000000
    0    0    0   0.28121         1    0   -1   1.78097        0.0011037547   0.0000000000
    0    0    0   0.28121         1    1    1   1.78097        0.0069232585   0.0000000000
    0    0    0   0.28121        -1   -1    0   2.53085       -0.0007071939  -0.0000000000
    0    0    0   0.28121        -1    0   -2   2.53085        0.0014675056  -0.0000000000
    0    0    0   0.28121         0   -1   -2   2.53085        0.0014675056  -0.0000000000
    0    0    0   0.28121         0    0   -2   2.53085        0.0072725710  -0.0000000000
    0    0    0   0.28121         0    0    1   2.53085       -0.0059465705  -0.0000000000
    0    0    0   0.28121         0    1    1   2.53085        0.0007071939   0.0000000000
    0    0    0   0.28121         1    0    1   2.53085        0.0007071939  -0.0000000000
    0    0    0   0.28121         1    1   -1   2.53085       -0.0014675056  -0.0000000000
    0    0    0   0.28121        -2   -1   -2   3.28073       -0.0000288094   0.0000000000
    0    0    0   0.28121        -2   -1   -1   3.28073        0.0001880828   0.0000000000
    0    0    0   0.28121        -1   -2   -2   3.28073       -0.0000288094   0.0000000000
    0    0    0   0.28121        -1   -2   -1   3.28073        0.0001880828  -0.0000000000
    0    0    0   0.28121        -1    1   -1   3.28073        0.0000288094  -0.0000000000
    0    0    0   0.28121        -1    1    0   3.28073       -0.0001880828   0.0000000000
    0    0    0   0.28121         1   -1   -1   3.28073        0.0000288094  -0.0000000000
    0    0    0   0.28121         1   -1    0   3.28073       -0.0001880828  -0.0000000000
    0    0    0   0.28121         1    2    0   3.28073       -0.0000288094  -0.0000000000
    0    0    0   0.28121         1    2    1   3.28073        0.0001880828   0.0000000000
    0    0    0   0.28121         1    2   -1   5.53037       -0.0000182487  -0.0000000000
    0    0    0   0.28121         1    2    2   5.53037       -0.0014300591   0.0000000000
    0    0    0   0.28121         2    0   -1   5.53037        0.0009915862   0.0000000000
    0    0    0   0.28121         2    1   -1   5.53037       -0.0000182487   0.0000000000
    0    0    0   0.28121         2    1    2   5.53037       -0.0014300591   0.0000000000
    0    0    0   0.28121         2    2    2   5.53037       -0.0018651541  -0.0000000000
    0    0    0   0.28121        -1   -1    1   6.28025        0.0014015920   0.0000000000
    0    0    0   0.28121        -1    0   -3   6.28025       -0.0009927713   0.0000000000
    0    0    0   0.28121         0   -1   -3   6.28025       -0.0009927713  -0.0000000000
    0    0    0   0.28121         0    1    2   6.28025       -0.0014015920  -0.0000000000
    0    0    0   0.28121         1    0    2   6.28025       -0.0014015920  -0.0000000000
    0    0    0   0.28121         1    1   -2   6.28025        0.0009927713  -0.0000000000
    0    0    0   0.28121        -3   -2   -2   7.03013        0.0006712676  -0.0000000000
    0    0    0   0.28121        -3   -1   -2   7.03013        0.0004825367   0.0000000000
    0    0    0   0.28121        -2   -3   -2   7.03013        0.0006712676   0.0000000000
    0    0    0   0.28121        -2    1   -1   7.03013       -0.0004825367   0.0000000000
    0    0    0   0.28121        -1   -3   -2   7.03013        0.0004825367   0.0000000000
    0    0    0   0.28121        -1    2    0   7.03013        0.0006712676   0.0000000000
    0    0    0   0.28121         0    0   -3   7.03013        0.0000485861   0.0000000000
    0    0    0   0.28121         0    0    2   7.03013       -0.0017200899  -0.0000000000
    0    0    0   0.28121         1   -2   -1   7.03013       -0.0004825367  -0.0000000000
    0    0    0   0.28121         1    3    1   7.03013       -0.0006712676   0.0000000000
    0    0    0   0.28121         2   -1    0   7.03013        0.0006712676   0.0000000000
    0    0    0   0.28121         2    3    1   7.03013       -0.0004825367   0.0000000000
    0    0    0   0.28121         3    1    1   7.03013       -0.0006712676  -0.0000000000
    0    0    0   0.28121         3    2    1   7.03013       -0.0004825367   0.0000000000
    0    0    0   0.28121        -3   -2   -3   7.78002        0.0005019505  -0.0000000000
    0    0    0   0.28121        -3   -1   -1   7.78002        0.0000901140   0.0000000000
    0    0    0   0.28121        -2   -3   -3   7.78002        0.0005019505  -0.0000000000
    0    0    0   0.28121        -2   -2    0   7.78002       -0.0011430832  -0.0000000000
    0    0    0   0.28121        -2    0   -3   7.78002       -0.0001628494   0.0000000000
    0    0    0   0.28121        -2    1    0   7.78002       -0.0000901140   0.0000000000
    0    0    0   0.28121         0   -2    1   9.27978        0.0001987584  -0.0000000000
    0    0    0   0.28121         0    2   -2   9.27978        0.0004614355   0.0000000000
    0    0    0   0.28121         0    3    0   9.27978       -0.0001318972   0.0000000000
    0    0    0   0.28121         0    3    1   9.27978       -0.0004884073   0.0000000000
    0    0    0   0.28121         2    0   -2   9.27978        0.0004614355  -0.0000000000
    0    0    0   0.28121         2    2    3   9.27978        0.0001987584  -0.0000000000
    0    0    0   0.28121         3    0    0   9.27978       -0.0001318972   0.0000000000
    0    0    0   0.28121         3    0    1   9.27978       -0.0004884073  -0.0000000000
    0    0    0   0.28121         3    3    1   9.27978        0.0000485204  -0.0000000000
    0    0    0   0.28121         3    3    2   9.27978        0.0003501480  -0.0000000000
    0    0    0   0.28121        -2   -1   -4  10.02966        0.0003338005  -0.0000000000
    0    0    0   0.28121        -2   -1    1  10.02966        0.0001302214   0.0000000000
    0    0    0   0.28121        -1   -2   -4  10.02966        0.0003338005  -0.0000000000
    0    0    0   0.28121        -1   -2    1  10.02966        0.0001302214  -0.0000000000
    0    0    0   0.28121        -1   -1   -4  10.02966       -0.0000066990  -0.0000000000
    0    0    0   0.28121        -1    0    2  10.02966       -0.0000094350   0.0000000000
    0    0    0   0.28121        -1    1   -3  10.02966       -0.0003338005   0.0000000000
    0    0    0   0.28121        -1    1    2  10.02966       -0.0001302214   0.0000000000
    0    0    0   0.28121         0   -1    2  10.02966       -0.0000094350   0.0000000000
    0    0    0   0.28121         0    1   -3  10.02966        0.0000066990   0.0000000000
    0    0    0   0.28121         1   -1   -3  10.02966       -0.0003338005   0.0000000000
    0    0    0   0.28121         1   -1    2  10.02966       -0.0001302214  -0.0000000000
    0    0    0   0.28121         1    0   -3  10.02966        0.0000066990  -0.0000000000
    0    0    0   0.28121         1    1    3  10.02966        0.0000094350   0.0000000000
    0    0    0   0.28121         1    2   -2  10.02966        0.0003338005   0.0000000000
    0    0    0   0.28121         1    2    3  10.02966        0.0001302214   0.0000000000
    0    0    0   0.28121         2    1   -2  10.02966        0.0003338005   0.0000000000
    0    0    0   0.28121         2    1    3  10.02966        0.0001302214  -0.0000000000
    0    0    0   0.28121        -3   -2   -4  10.77954       -0.0000200901  -0.0000000000
    0    0    0   0.28121        -3   -1    0  10.77954       -0.0003985295   0.0000000000
    0    0    0   0.28121        -2   -3   -4  10.77954       -0.0000200901   0.0000000000
    0    0    0   0.28121        -2    1    1  10.77954        0.0003985295  -0.0000000000
    0    0    0   0.28121        -1    0   -4  12.27930       -0.0000095154  -0.0000000000
    0    0    0   0.28121        -1    2    2  12.27930       -0.0002737690   0.0000000000
    0    0    0   0.28121         0   -1   -4  12.27930       -0.0000095154  -0.0000000000
    0    0    0   0.28121         0    1    3  12.27930       -0.0003710964  -0.0000000000
    0    0    0   0.28121         1   -2   -3  12.27930       -0.0000757599  -0.0000000000
    0    0    0   0.28121         1    0    3  12.27930       -0.0003710964  -0.0000000000
    0    0    0   0.28121         1    1   -3  12.27930        0.0000095154  -0.0000000000
    0    0    0   0.28121         1    3    3  12.27930        0.0002737690  -0.0000000000
    0    0    0   0.28121         2   -2   -1  12.27930        0.0000527900  -0.0000000000
    0    0    0   0.28121         2   -2    0  12.27930        0.0001774173  -0.0000000000
    0    0    0   0.28121         2   -1    2  12.27930       -0.0002737690   0.0000000000
    0    0    0   0.28121         2    3   -1  12.27930       -0.0000757599  -0.0000000000
    0    0    0   0.28121         2    4    1  12.27930        0.0000527900  -0.0000000000
    0    0    0   0.28121         2    4    2  12.27930        0.0001774173   0.0000000000
    0    0    0   0.28121         3    1    3  12.27930        0.0002737690  -0.0000000000
    0    0    0   0.28121         3    2   -1  12.27930       -0.0000757599  -0.0000000000
    0    0    0   0.28121         4    2    1  12.27930        0.0000527900   0.0000000000
    0    0    0   0.28121         4    2    2  12.27930        0.0001774173   0.0000000000
    0    0    0   0.28121        -4   -3   -3  13.02918       -0.0000099351  -0.0000000000
    0    0    0   0.28121        -4   -1   -2  13.02918        0.0001286153   0.0000000000
    0    0    0   0.28121        -3   -4   -3  13.02918       -0.0000099351   0.0000000000
    0    0    0   0.28121        -3    1   -1  13.02918       -0.0001286153  -0.0000000000
    0    0    0   0.28121        -2   -2    1  13.02918       -0.0001521457  -0.0000000000
    0    0    0   0.28121        -2    0   -4  13.02918        0.0001744009  -0.0000000000
    0    0    0   0.28121        -1   -4   -2  13.02918        0.0001286153  -0.0000000000
    0    0    0   0.28121        -1    3    0  13.02918        0.0000099351  -0.0000000000
    0    0    0   0.28121         0   -2   -4  13.02918        0.0001744009  -0.0000000000
    0    0    0   0.28121         0    2    3  13.02918       -0.0001521457  -0.0000000000
    0    0    0   0.28121         1   -3   -1  13.02918       -0.0001286153   0.0000000000
    0    0    0   0.28121         1    4    1  13.02918       -0.0000099351  -0.0000000000
    0    0    0   0.28121         2    0    3  13.02918       -0.0001521457  -0.0000000000
    0    0    0   0.28121         2    2   -2  13.02918        0.0001744009   0.0000000000
    0    0    0   0.28121         2   -2   -2  14.52894       -0.0000846849   0.0000000000
    0    0    0   0.28121         2   -2    1  14.52894        0.0001099683   0.0000000000
    0    0    0   0.28121         2    4    0  14.52894       -0.0000846849  -0.0000000000
    0    0    0   0.28121         2    4    3  14.52894        0.0001099683  -0.0000000000
    0    0    0   0.28121         3   -1   -1  14.52894        0.0000920433   0.0000000000
    0    0    0   0.28121         3    4    3  14.52894        0.0000746020   0.0000000000
    0    0    0   0.28121         4    1    0  14.52894       -0.0000920433   0.0000000000
    0    0    0   0.28121         4    2    0  14.52894       -0.0000846849   0.0000000000
    0    0    0   0.28121         4    2    3  14.52894        0.0001099683  -0.0000000000
    0    0    0   0.28121         4    3    3  14.52894        0.0000746020  -0.0000000000
    0    0    0   0.28121        -2   -2   -5  15.27882       -0.0000861493   0.0000000000
    0    0    0   0.28121        -2    0    2  15.27882        0.0001412835   0.0000000000
    0    0    0   0.28121         0   -2    2  15.27882        0.0001412835   0.0000000000
    0    0    0   0.28121         0    2   -3  15.27882       -0.0000861493   0.0000000000
    0    0    0   0.28121         2    0   -3  15.27882       -0.0000861493  -0.0000000000
    0    0    0   0.28121         2    2    4  15.27882        0.0001412835   0.0000000000
    0    0    0   0.28121        -4   -4   -3  16.02871       -0.0000110277  -0.0000000000
    0    0    0   0.28121        -4    0   -2  16.02871        0.0000004207  -0.0000000000
    0    0    0   0.28121        -3   -3   -5  16.02871       -0.0001010770   0.0000000000
    0    0    0   0.28121        -3   -3    0  16.02871       -0.0000545868   0.0000000000
    0    0    0   0.28121        -3   -2   -5  16.02871       -0.0001331001  -0.0000000000
    0    0    0   0.28121        -3   -1    1  16.02871       -0.0000814228   0.0000000000
    0    0    0   0.28121        -3    0   -4  16.02871        0.0000466425   0.0000000000
    0    0    0   0.28121        -3    0    1  16.02871       -0.0000605366   0.0000000000
    0    0    0   0.28121        -2   -3   -5  16.02871       -0.0001331001   0.0000000000
    0    0    0   0.28121        -2    1    2  16.02871        0.0000814228   0.0000000000
    0    0    0   0.28121        -1   -3    1  16.02871       -0.0000814228  -0.0000000000
    0    0    0   0.28121        -1    2   -3  16.02871       -0.0001331001   0.0000000000
    0    0    0   0.28121         0   -4   -2  16.02871        0.0000004207  -0.0000000000
    0    0    0   0.28121         0   -3   -4  16.02871        0.0000466425   0.0000000000
    0    0    0   0.28121         0   -3    1  16.02871       -0.0000605366  -0.0000000000
    0    0    0   0.28121         0    3   -2  16.02871        0.0001010770  -0.0000000000
    0    0    0   0.28121         1   -1    3  16.77859       -0.0001763307  -0.0000000000
    0    0    0   0.28121         1    2   -3  16.77859       -0.0000312199  -0.0000000000
    0    0    0   0.28121         1    2    4  16.77859        0.0001763307   0.0000000000
    0    0    0   0.28121         1    4    3  16.77859        0.0001002911  -0.0000000000
    0    0    0   0.28121         2    1   -3  16.77859       -0.0000312199   0.0000000000
    0    0    0   0.28121         2    1    4  16.77859        0.0001763307   0.0000000000
    0    0    0   0.28121         3   -1    2  16.77859       -0.0001002911  -0.0000000000
    0    0    0   0.28121         3    4    0  16.77859       -0.0000503508   0.0000000000
    0    0    0   0.28121         4    0    0  16.77859       -0.0000234795  -0.0000000000
    0    0    0   0.28121         4    1    3  16.77859        0.0001002911   0.0000000000
    0    0    0   0.28121         4    3    0  16.77859       -0.0000503508   0.0000000000
    0    0    0   0.28121         4    4    3  16.77859       -0.0000058985  -0.0000000000
    0    0    0   0.28121        -4   -4   -2  17.52847        0.0000625940  -0.0000000000
    0    0    0   0.28121        -4    0   -3  17.52847       -0.0000057927   0.0000000000
    0    0    0   0.28121        -1   -1   -5  17.52847        0.0000243262  -0.0000000000
    0    0    0   0.28121        -1    0    3  17.52847       -0.0001885731  -0.0000000000
    0    0    0   0.28121         0   -4   -3  17.52847       -0.0000057927   0.0000000000
    0    0    0   0.28121         0   -1    3  17.52847       -0.0001885731  -0.0000000000
    0    0    0   0.28121         0    1   -4  17.52847       -0.0000243262   0.0000000000
    0    0    0   0.28121         0    4    2  17.52847        0.0000625940   0.0000000000
    0    0    0   0.28121         1    0   -4  17.52847       -0.0000243262   0.0000000000
    0    0    0   0.28121         1    1    4  17.52847        0.0001885731   0.0000000000
    0    0    0   0.28121         4    0    2  17.52847        0.0000625940   0.0000000000
    0    0    0   0.28121         4    4    1  17.52847       -0.0000057927   0.0000000000
    0    0    0   0.28121        -4   -3   -5  18.27835        0.0000231304   0.0000000000
    0    0    0   0.28121        -4   -1    0  18.27835       -0.0000071777   0.0000000000
    0    0    0   0.28121        -3   -4   -5  18.27835        0.0000231304   0.0000000000
    0    0    0   0.28121        -3   -2    1  18.27835       -0.0000939624   0.0000000000
    0    0    0   0.28121        -3   -1   -5  18.27835       -0.0001002537  -0.0000000000
    0    0    0   0.28121        -3    1    1  18.27835        0.0000071777  -0.0000000000
    0    0    0   0.28121        -2   -3    1  18.27835       -0.0000939624  -0.0000000000
    0    0    0   0.28121        -2    1   -4  18.27835        0.0001002537  -0.0000000000
    0    0    0   0.28121         2    4    4  19.02823       -0.0000073278   0.0000000000
    0    0    0   0.28121         2    5    2  19.02823       -0.0000212695   0.0000000000
    0    0    0   0.28121         3   -2    0  19.02823       -0.0000212695   0.0000000000
    0    0    0   0.28121         3    5    2  19.02823       -0.0000241220   0.0000000000
    0    0    0   0.28121         4    2   -1  19.02823       -0.0000135501   0.0000000000
    0    0    0   0.28121         4    2    4  19.02823       -0.0000073278  -0.0000000000
    0    0    0   0.28121         5    2    2  19.02823       -0.0000212695   0.0000000000
    0    0    0   0.28121         5    3    2  19.02823       -0.0000241220  -0.0000000000
    0    0    0   0.28121        -5   -3   -4  19.77811        0.0000135165  -0.0000000000
    0    0    0   0.28121        -5   -2   -2  19.77811        0.0000166030  -0.0000000000
    0    0    0   0.28121        -4   -4   -5  19.77811        0.0000447938   0.0000000000
    0    0    0   0.28121        -4    0    0  19.77811       -0.0000144163   0.0000000000
    0    0    0   0.28121        -3   -5   -4  19.77811        0.0000135165  -0.0000000000
    0    0    0   0.28121        -3    2    0  19.77811        0.0000166030  -0.0000000000
    0    0    0   0.28121        -2   -5   -2  19.77811        0.0000166030  -0.0000000000
    0    0    0   0.28121        -2    3   -1  19.77811       -0.0000135165   0.0000000000
    0    0    0   0.28121         0   -4    0  19.77811       -0.0000144163   0.0000000000
    0    0    0   0.28121         0    4   -1  19.77811        0.0000447938  -0.0000000000
    0    0    0   0.28121         2   -3    0  19.77811        0.0000166030  -0.0000000000
    0    0    0   0.28121         2    5    1  19.77811       -0.0000135165   0.0000000000
    0    0    0   0.28121         3   -2   -1  19.77811       -0.0000135165   0.0000000000
    0    0    0   0.28121         3    5    3  19.77811       -0.0000166030   0.0000000000
    0    0    0   0.28121         4    0   -1  19.77811        0.0000447938  -0.0000000000
    0    0    0   0.28121         4    4    4  19.77811       -0.0000144163   0.0000000000
    0    0    0   0.28121         5    2    1  19.77811       -0.0000135165   0.0000000000
    0    0    0   0.28121         5    3    3  19.77811       -0.0000166030   0.0000000000
    0    0    0   0.28121        -5   -3   -2  20.52799        0.0000353492  -0.0000000000
    0    0    0   0.28121        -5   -2   -4  20.52799        0.0000238116  -0.0000000000
    0    0    0   0.28121        -3   -5   -2  20.52799        0.0000353492   0.0000000000
    0    0    0   0.28121        -3    2   -2  20.52799        0.0000238116  -0.0000000000
    0    0    0   0.28121        -2   -5   -4  20.52799        0.0000238116   0.0000000000
    0    0    0   0.28121        -2   -2    2  20.52799        0.0000744910   0.0000000000
    0    0    0   0.28121         0   -4   -4  21.27787       -0.0000476104   0.0000000000
    0    0    0   0.28121         0    4    3  21.27787        0.0000523408  -0.0000000000
    0    0    0   0.28121         1   -4   -2  21.27787       -0.0000000328  -0.0000000000
    0    0    0   0.28121         1   -4   -1  21.27787        0.0000122202  -0.0000000000
    0    0    0   0.28121         1    5    1  21.27787        0.0000111091  -0.0000000000
    0    0    0   0.28121         1    5    2  21.27787        0.0000028096   0.0000000000
    0    0    0   0.28121         4   -1    0  21.27787       -0.0000111091  -0.0000000000
    0    0    0   0.28121         4   -1    1  21.27787       -0.0000028096  -0.0000000000
    0    0    0   0.28121         4    0    3  21.27787        0.0000523408  -0.0000000000
    0    0    0   0.28121         4    4    0  21.27787       -0.0000476104   0.0000000000
    0    0    0   0.28121         4    5    2  21.27787       -0.0000000328   0.0000000000
    0    0    0   0.28121         4    5    3  21.27787        0.0000122202  -0.0000000000
    0    0    0   0.28121         5    1    1  21.27787        0.0000111091   0.0000000000
    0    0    0   0.28121         5    1    2  21.27787        0.0000028096   0.0000000000
    0    0    0   0.28121         5    4    2  21.27787       -0.0000000328   0.0000000000
    0    0    0   0.28121         5    4    3  21.27787        0.0000122202   0.0000000000
    0    0    0   0.28121        -4   -3    0  22.02775        0.0000107695  -0.0000000000
    0    0    0   0.28121        -4   -1   -5  22.02775       -0.0000332159  -0.0000000000
    0    0    0   0.28121        -3   -4    0  22.02775        0.0000107695  -0.0000000000
    0    0    0   0.28121        -3    1   -4  22.02775        0.0000332159  -0.0000000000
    0    0    0   0.28121        -1   -4   -5  22.02775       -0.0000332159  -0.0000000000
    0    0    0   0.28121        -1    3    3  22.02775       -0.0000107695  -0.0000000000
    0    0    0   0.28121         1   -3   -4  22.02775        0.0000332159   0.0000000000
    0    0    0   0.28121         1    4    4  22.02775        0.0000107695   0.0000000000
    0    0    0   0.28121         3   -1    3  22.02775       -0.0000107695   0.0000000000
    0    0    0   0.28121         3    4   -1  22.02775       -0.0000332159  -0.0000000000
    0    0    0   0.28121         4    1    4  22.02775        0.0000107695  -0.0000000000
    0    0    0   0.28121         4    3   -1  22.02775       -0.0000332159  -0.0000000000
    0    0    0   0.28121        -5   -3   -5  22.77763        0.0000323129  -0.0000000000
    0    0    0   0.28121        -5   -2   -1  22.77763        0.0000023130  -0.0000000000
    0    0    0   0.28121        -3   -5   -5  22.77763        0.0000323129  -0.0000000000
    0    0    0   0.28121        -3   -3   -6  22.77763        0.0000498991   0.0000000000
    0    0    0   0.28121        -2   -3   -6  23.52752        0.0000069627  -0.0000000000
    0    0    0   0.28121        -2   -2   -6  23.52752       -0.0000386112  -0.0000000000
    0    0    0   0.28121        -2    0    3  23.52752       -0.0000121879  -0.0000000000
    0    0    0   0.28121        -2    1    3  23.52752       -0.0000213894  -0.0000000000
    0    0    0   0.28121        -1   -5   -4  23.52752        0.0000103106  -0.0000000000
    0    0    0   0.28121        -1   -5   -1  23.52752       -0.0000040916  -0.0000000000
    0    0    0   0.28121        -1   -3    2  23.52752        0.0000213894  -0.0000000000
    0    0    0   0.28121        -1    2   -4  23.52752        0.0000069627  -0.0000000000
    0    0    0   0.28121        -1    4   -1  23.52752        0.0000013580  -0.0000000000
    0    0    0   0.28121        -1    4    2  23.52752        0.0000214776  -0.0000000000
    0    0    0   0.28121         0   -2    3  23.52752       -0.0000121879  -0.0000000000
    0    0    0   0.28121         0    2   -4  23.52752       -0.0000386112  -0.0000000000
    0    0    0   0.28121         1   -4   -3  23.52752       -0.0000103106   0.0000000000
    0    0    0   0.28121         1   -4    0  23.52752        0.0000040916  -0.0000000000
    0    0    0   0.28121         1   -2    3  23.52752       -0.0000213894  -0.0000000000
    0    0    0   0.28121         1    3   -3  23.52752       -0.0000069627   0.0000000000
    0    0    0   0.28121         1    5    0  23.52752       -0.0000013580  -0.0000000000
    0    0    0   0.28121         1    5    3  23.52752       -0.0000214776   0.0000000000
    0    0    0   0.28121         2   -1   -4  23.52752        0.0000069627  -0.0000000000
    0    0    0   0.28121         2    0   -4  23.52752       -0.0000386112  -0.0000000000
    0    0    0   0.28121         2    2    5  23.52752       -0.0000121879  -0.0000000000
    0    0    0   0.28121         2    3    5  23.52752       -0.0000213894  -0.0000000000
    0    0    0   0.28121         3    1   -3  23.52752       -0.0000069627   0.0000000000
    0    0    0   0.28121         3    2    5  23.52752       -0.0000213894  -0.0000000000
    0    0    0   0.28121         4   -1   -1  23.52752        0.0000013580  -0.0000000000
    0    0    0   0.28121         4   -1    2  23.52752        0.0000214776  -0.0000000000
    0    0    0   0.28121         4    5    1  23.52752       -0.0000103106   0.0000000000
    0    0    0   0.28121         4    5    4  23.52752        0.0000040916  -0.0000000000
    0    0    0   0.28121         5    1    0  23.52752       -0.0000013580   0.0000000000
    0    0    0   0.28121         5    1    3  23.52752       -0.0000214776   0.0000000000
    0    0    0   0.28121         5    4    1  23.52752       -0.0000103106   0.0000000000
    0    0    0   0.28121         5    4    4  23.52752        0.0000040916   0.0000000000
   -1   -1   -1   1.03109        -1   -1   -1   1.03109       -0.0365918131   0.0000000000
   -1    0   -1   1.03109        -1    0   -1   1.03109       -0.0365918131   0.0000000000
    0   -1   -1   1.03109         0   -1   -1   1.03109       -0.0365918131   0.0000000000
    0    1    0   1.03109         0    1    0   1.03109       -0.0365918131   0.0000000000
    1    0    0   1.03109         1    0    0   1.03109       -0.0365918131   0.0000000000
    1    1    0   1.03109         1    1    0   1.03109       -0.0365918131   0.0000000000
   -1   -1   -2   1.78097        -1   -1   -2   1.78097       -0.0316802444   0.0000000000
   -1    0    0   1.78097        -1    0    0   1.78097       -0.0316802444   0.0000000000
    0   -1    0   1.78097         0   -1    0   1.78097       -0.0316802444   0.0000000000
    0    1   -1   1.78097         0    1   -1   1.78097       -0.0316802444   0.0000000000
    1    0   -1   1.78097         1    0   -1   1.78097       -0.0316802444   0.0000000000
    1    1    1   1.78097         1    1    1   1.78097       -0.0316802444   0.0000000000
   -1   -1    0   2.53085        -1   -1    0   2.53085       -0.0263816019  -0.0000000000
   -1    0   -2   2.53085        -1    0   -2   2.53085       -0.0263816019  -0.0000000000
    0   -1   -2   2.53085         0   -1   -2   2.53085       -0.0263816019  -0.0000000000
    0    0   -2   2.53085         0    0   -2   2.53085       -0.0262765389  -0.0000000000
    0    0    1   2.53085         0    0    1   2.53085       -0.0262765389  -0.0000000000
    0    1    1   2.53085         0    1    1   2.53085       -0.0263816019  -0.0000000000
    1    0    1   2.53085         1    0    1   2.53085       -0.0263816019  -0.0000000000
    1    1   -1   2.53085         1    1   -1   2.53085       -0.0263816019  -0.0000000000
   -2   -1   -2   3.28073        -2   -1   -2   3.28073       -0.0208780350   0.0000000000
   -2   -1   -1   3.28073        -2   -1   -1   3.28073       -0.0208780350  -0.0000000000
   -1   -2   -2   3.28073        -1   -2   -2   3.28073       -0.0208780350   0.0000000000
   -1   -2   -1   3.28073        -1   -2   -1   3.28073       -0.0208780350   0.0000000000
   -1    1   -1   3.28073        -1    1   -1   3.28073       -0.0208780350   0.0000000000
   -1    1    0   3.28073        -1    1    0   3.28073       -0.0208780350  -0.0000000000
    1   -1   -1   3.28073         1   -1   -1   3.28073       -0.0208780350  -0.0000000000
    1   -1    0   3.28073         1   -1    0   3.28073       -0.0208780350  -0.0000000000
    1    2    0   3.28073         1    2    0   3.28073       -0.0208780350  -0.0000000000
    1    2    1   3.28073         1    2    1   3.28073       -0.0208780350   0.0000000000
    1    2   -1   5.53037         1    2   -1   5.53037       -0.0060753603   0.0000000000
    1    2    2   5.53037         1    2    2   5.53037       -0.0060753603   0.0000000000
    2    0   -1   5.53037         2    0   -1   5.53037       -0.0061437520  -0.0000000000
    2    1   -1   5.53037         2    1   -1   5.53037       -0.0060753603  -0.0000000000
    2    1    2   5.53037         2    1    2   5.53037       -0.0060753603  -0.0000000000
    2    2    2   5.53037         2    2    2   5.53037       -0.0061437520  -0.0000000000
   -1   -1    1   6.28025        -1   -1    1   6.28025       -0.0037917935  -0.0000000000
   -1    0   -3   6.28025        -1    0   -3   6.28025       -0.0037917935   0.0000000000
    0   -1   -3   6.28025         0   -1   -3   6.28025       -0.0037917935   0.0000000000
    0    1    2   6.28025         0    1    2   6.28025       -0.0037917935   0.0000000000
    1    0    2   6.28025         1    0    2   6.28025       -0.0037917935   0.0000000000
    1    1   -2   6.28025         1    1   -2   6.28025       -0.0037917935  -0.0000000000
   -3   -2   -2   7.03013        -3   -2   -2   7.03013       -0.0024045578   0.0000000000
   -3   -1   -2   7.03013        -3   -1   -2   7.03013       -0.0024045578   0.0000000000
   -2   -3   -2   7.03013        -2   -3   -2   7.03013       -0.0024045578   0.0000000000
   -2    1   -1   7.03013        -2    1   -1   7.03013       -0.0024045578   0.0000000000
   -1   -3   -2   7.03013        -1   -3   -2   7.03013       -0.0024045578  -0.0000000000
   -1    2    0   7.03013        -1    2    0   7.03013       -0.0024045578  -0.0000000000
    0    0   -3   7.03013         0    0   -3   7.03013       -0.0022487130  -0.0000000000
    0    0    2   7.03013         0    0    2   7.03013       -0.0022487130  -0.0000000000
    1   -2   -1   7.03013         1   -2   -1   7.03013       -0.0024045578   0.0000000000
    1    3    1   7.03013         1    3    1   7.03013       -0.0024045578  -0.0000000000
    2   -1    0   7.03013         2   -1    0   7.03013       -0.0024045578   0.0000000000
    2    3    1   7.03013         2    3    1   7.03013       -0.0024045578   0.0000000000
    3    1    1   7.03013         3    1    1   7.03013       -0.0024045578  -0.0000000000
    3    2    1   7.03013         3    2    1   7.03013       -0.0024045578   0.0000000000
   -3   -2   -3   7.78002        -3   -2   -3   7.78002       -0.0014527606   0.0000000000
   -3   -1   -1   7.78002        -3   -1   -1   7.78002       -0.0014527606   0.0000000000
   -2   -3   -3   7.78002        -2   -3   -3   7.78002       -0.0014527606   0.0000000000
   -2   -2    0   7.78002        -2   -2    0   7.78002       -0.0014323548  -0.0000000000
   -2    0   -3   7.78002        -2    0   -3   7.78002       -0.0014323548  -0.0000000000
   -2    1    0   7.78002        -2    1    0   7.78002       -0.0014527606   0.0000000000
    0   -2    1   9.27978         0   -2    1   9.27978       -0.0006452329   0.0000000000
    0    2   -2   9.27978         0    2   -2   9.27978       -0.0006452329   0.0000000000
    0    3    0   9.27978         0    3    0   9.27978       -0.0005787953  -0.0000000000
    0    3    1   9.27978         0    3    1   9.27978       -0.0006032780  -0.0000000000
    2    0   -2   9.27978         2    0   -2   9.27978       -0.0006452329   0.0000000000
    2    2    3   9.27978         2    2    3   9.27978       -0.0006452329   0.0000000000
    3    0    0   9.27978         3    0    0   9.27978       -0.0005787953   0.0000000000
    3    0    1   9.27978         3    0    1   9.27978       -0.0006032780   0.0000000000
    3    3    1   9.27978         3    3    1   9.27978       -0.0006032780   0.0000000000
    3    3    2   9.27978         3    3    2   9.27978       -0.0005787953  -0.0000000000
   -2   -1   -4  10.02966        -2   -1   -4  10.02966       -0.0004311899  -0.0000000000
   -2   -1    1  10.02966        -2   -1    1  10.02966       -0.0004311899   0.0000000000
   -1   -2   -4  10.02966        -1   -2   -4  10.02966       -0.0004311899  -0.0000000000
   -1   -2    1  10.02966        -1   -2    1  10.02966       -0.0004311899  -0.0000000000
   -1   -1   -4  10.02966        -1   -1   -4  10.02966       -0.0004186514  -0.0000000000
   -1    0    2  10.02966        -1    0    2  10.02966       -0.0004186514  -0.0000000000
   -1    1   -3  10.02966        -1    1   -3  10.02966       -0.0004311899  -0.0000000000
   -1    1    2  10.02966        -1    1    2  10.02966       -0.0004311899  -0.0000000000
    0   -1    2  10.02966         0   -1    2  10.02966       -0.0004186514  -0.0000000000
    0    1   -3  10.02966         0    1   -3  10.02966       -0.0004186514  -0.0000000000
    1   -1   -3  10.02966         1   -1   -3  10.02966       -0.0004311899  -0.0000000000
    1   -1    2  10.02966         1   -1    2  10.02966       -0.0004311899   0.0000000000
    1    0   -3  10.02966         1    0   -3  10.02966       -0.0004186514  -0.0000000000
    1    1    3  10.02966         1    1    3  10.02966       -0.0004186514  -0.0000000000
    1    2   -2  10.02966         1    2   -2  10.02966       -0.0004311899   0.0000000000
    1    2    3  10.02966         1    2    3  10.02966       -0.0004311899  -0.0000000000
    2    1   -2  10.02966         2    1   -2  10.02966       -0.0004311899  -0.0000000000
    2    1    3  10.02966         2    1    3  10.02966       -0.0004311899  -0.0000000000
   -3   -2   -4  10.77954        -3   -2   -4  10.77954       -0.0003000649  -0.0000000000
   -3   -1    0  10.77954        -3   -1    0  10.77954       -0.0003000649   0.0000000000
   -2   -3   -4  10.77954        -2   -3   -4  10.77954       -0.0003000649   0.0000000000
   -2    1    1  10.77954        -2    1    1  10.77954       -0.0003000649   0.0000000000
   -1    0   -4  12.27930        -1    0   -4  12.27930       -0.0001642930  -0.0000000000
   -1    2    2  12.27930        -1    2    2  12.27930       -0.0001501167  -0.0000000000
    0   -1   -4  12.27930         0   -1   -4  12.27930       -0.0001642930  -0.0000000000
    0    1    3  12.27930         0    1    3  12.27930       -0.0001642930  -0.0000000000
    1   -2   -3  12.27930         1   -2   -3  12.27930       -0.0001501167   0.0000000000
    1    0    3  12.27930         1    0    3  12.27930       -0.0001642930   0.0000000000
    1    1   -3  12.27930         1    1   -3  12.27930       -0.0001642930   0.0000000000
    1    3    3  12.27930         1    3    3  12.27930       -0.0001501167   0.0000000000
    2   -2   -1  12.27930         2   -2   -1  12.27930       -0.0001732087  -0.0000000000
    2   -2    0  12.27930         2   -2    0  12.27930       -0.0001732087   0.0000000000
    2   -1    2  12.27930         2   -1    2  12.27930       -0.0001501167   0.0000000000
    2    3   -1  12.27930         2    3   -1  12.27930       -0.0001501167   0.0000000000
    2    4    1  12.27930         2    4    1  12.27930       -0.0001732087   0.0000000000
    2    4    2  12.27930         2    4    2  12.27930       -0.0001732087   0.0000000000
    3    1    3  12.27930         3    1    3  12.27930       -0.0001501167  -0.0000000000
    3    2   -1  12.27930         3    2   -1  12.27930       -0.0001501167  -0.0000000000
    4    2    1  12.27930         4    2    1  12.27930       -0.0001732087   0.0000000000
    4    2    2  12.27930         4    2    2  12.27930       -0.0001732087   0.0000000000
   -4   -3   -3  13.02918        -4   -3   -3  13.02918       -0.0001237175  -0.0000000000
   -4   -1   -2  13.02918        -4   -1   -2  13.02918       -0.0001237175   0.0000000000
   -3   -4   -3  13.02918        -3   -4   -3  13.02918       -0.0001237175  -0.0000000000
   -3    1   -1  13.02918        -3    1   -1  13.02918       -0.0001237175  -0.0000000000
   -2   -2    1  13.02918        -2   -2    1  13.02918       -0.0001153621   0.0000000000
   -2    0   -4  13.02918        -2    0   -4  13.02918       -0.0001153621   0.0000000000
   -1   -4   -2  13.02918        -1   -4   -2  13.02918       -0.0001237175   0.0000000000
   -1    3    0  13.02918        -1    3    0  13.02918       -0.0001237175  -0.0000000000
    0   -2   -4  13.02918         0   -2   -4  13.02918       -0.0001153621   0.0000000000
    0    2    3  13.02918         0    2    3  13.02918       -0.0001153621   0.0000000000
    1   -3   -1  13.02918         1   -3   -1  13.02918       -0.0001237175  -0.0000000000
    1    4    1  13.02918         1    4    1  13.02918       -0.0001237175  -0.0000000000
    2    0    3  13.02918         2    0    3  13.02918       -0.0001153621   0.0000000000
    2    2   -2  13.02918         2    2   -2  13.02918       -0.0001153621   0.0000000000
    2   -2   -2  14.52894         2   -2   -2  14.52894       -0.0000700976  -0.0000000000
    2   -2    1  14.52894         2   -2    1  14.52894       -0.0000700976  -0.0000000000
    2    4    0  14.52894         2    4    0  14.52894       -0.0000700976  -0.0000000000
    2    4    3  14.52894         2    4    3  14.52894       -0.0000700976  -0.0000000000
    3   -1   -1  14.52894         3   -1   -1  14.52894       -0.0000779728  -0.0000000000
    3    4    3  14.52894         3    4    3  14.52894       -0.0000779728  -0.0000000000
    4    1    0  14.52894         4    1    0  14.52894       -0.0000779728  -0.0000000000
    4    2    0  14.52894         4    2    0  14.52894       -0.0000700976   0.0000000000
    4    2    3  14.52894         4    2    3  14.52894       -0.0000700976   0.0000000000
    4    3    3  14.52894         4    3    3  14.52894       -0.0000779728  -0.0000000000
   -2   -2   -5  15.27882        -2   -2   -5  15.27882       -0.0000613700  -0.0000000000
   -2    0    2  15.27882        -2    0    2  15.27882       -0.0000613700  -0.0000000000
    0   -2    2  15.27882         0   -2    2  15.27882       -0.0000613700  -0.0000000000
    0    2   -3  15.27882         0    2   -3  15.27882       -0.0000613700  -0.0000000000
    2    0   -3  15.27882         2    0   -3  15.27882       -0.0000613700   0.0000000000
    2    2    4  15.27882         2    2    4  15.27882       -0.0000613700  -0.0000000000
   -4   -4   -3  16.02871        -4   -4   -3  16.02871       -0.0000445946   0.0000000000
   -4    0   -2  16.02871        -4    0   -2  16.02871       -0.0000445946  -0.0000000000
   -3   -3   -5  16.02871        -3   -3   -5  16.02871       -0.0000461427   0.0000000000
   -3   -3    0  16.02871        -3   -3    0  16.02871       -0.0000394805   0.0000000000
   -3   -2   -5  16.02871        -3   -2   -5  16.02871       -0.0000457433  -0.0000000000
   -3   -1    1  16.02871        -3   -1    1  16.02871       -0.0000457433  -0.0000000000
   -3    0   -4  16.02871        -3    0   -4  16.02871       -0.0000394805  -0.0000000000
   -3    0    1  16.02871        -3    0    1  16.02871       -0.0000461427   0.0000000000
   -2   -3   -5  16.02871        -2   -3   -5  16.02871       -0.0000457433  -0.0000000000
   -2    1    2  16.02871        -2    1    2  16.02871       -0.0000457433   0.0000000000
   -1   -3    1  16.02871        -1   -3    1  16.02871       -0.0000457433   0.0000000000
   -1    2   -3  16.02871        -1    2   -3  16.02871       -0.0000457433  -0.0000000000
    0   -4   -2  16.02871         0   -4   -2  16.02871       -0.0000445946   0.0000000000
    0   -3   -4  16.02871         0   -3   -4  16.02871       -0.0000394805   0.0000000000
    0   -3    1  16.02871         0   -3    1  16.02871       -0.0000461427  -0.0000000000
    0    3   -2  16.02871         0    3   -2  16.02871       -0.0000461427   0.0000000000
    1   -1    3  16.77859         1   -1    3  16.77859       -0.0000362972   0.0000000000
    1    2   -3  16.77859         1    2   -3  16.77859       -0.0000362972  -0.0000000000
    1    2    4  16.77859         1    2    4  16.77859       -0.0000362972  -0.0000000000
    1    4    3  16.77859         1    4    3  16.77859       -0.0000328699  -0.0000000000
    2    1   -3  16.77859         2    1   -3  16.77859       -0.0000362972  -0.0000000000
    2    1    4  16.77859         2    1    4  16.77859       -0.0000362972   0.0000000000
    3   -1    2  16.77859         3   -1    2  16.77859       -0.0000328699  -0.0000000000
    3    4    0  16.77859         3    4    0  16.77859       -0.0000328699  -0.0000000000
    4    0    0  16.77859         4    0    0  16.77859       -0.0000409524   0.0000000000
    4    1    3  16.77859         4    1    3  16.77859       -0.0000328699   0.0000000000
    4    3    0  16.77859         4    3    0  16.77859       -0.0000328699   0.0000000000
    4    4    3  16.77859         4    4    3  16.77859       -0.0000409524   0.0000000000
   -4   -4   -2  17.52847        -4   -4   -2  17.52847       -0.0000261111   0.0000000000
   -4    0   -3  17.52847        -4    0   -3  17.52847       -0.0000261111   0.0000000000
   -1   -1   -5  17.52847        -1   -1   -5  17.52847       -0.0000311057   0.0000000000
   -1    0    3  17.52847        -1    0    3  17.52847       -0.0000311057  -0.0000000000
    0   -4   -3  17.52847         0   -4   -3  17.52847       -0.0000261111   0.0000000000
    0   -1    3  17.52847         0   -1    3  17.52847       -0.0000311057  -0.0000000000
    0    1   -4  17.52847         0    1   -4  17.52847       -0.0000311057  -0.0000000000
    0    4    2  17.52847         0    4    2  17.52847       -0.0000261111   0.0000000000
    1    0   -4  17.52847         1    0   -4  17.52847       -0.0000311057   0.0000000000
    1    1    4  17.52847         1    1    4  17.52847       -0.0000311057  -0.0000000000
    4    0    2  17.52847         4    0    2  17.52847       -0.0000261111   0.0000000000
    4    4    1  17.52847         4    4    1  17.52847       -0.0000261111  -0.0000000000
   -4   -3   -5  18.27835        -4   -3   -5  18.27835       -0.0000249193   0.0000000000
   -4   -1    0  18.27835        -4   -1    0  18.27835       -0.0000249193   0.0000000000
   -3   -4   -5  18.27835        -3   -4   -5  18.27835       -0.0000249193   0.0000000000
   -3   -2    1  18.27835        -3   -2    1  18.27835       -0.0000228870  -0.0000000000
   -3   -1   -5  18.27835        -3   -1   -5  18.27835       -0.0000228870   0.0000000000
   -3    1    1  18.27835        -3    1    1  18.27835       -0.0000249193   0.0000000000
   -2   -3    1  18.27835        -2   -3    1  18.27835       -0.0000228870   0.0000000000
   -2    1   -4  18.27835        -2    1   -4  18.27835       -0.0000228870  -0.0000000000
    2    4    4  19.02823         2    4    4  19.02823       -0.0000176074   0.0000000000
    2    5    2  19.02823         2    5    2  19.02823       -0.0000194103  -0.0000000000
    3   -2    0  19.02823         3   -2    0  19.02823       -0.0000194103  -0.0000000000
    3    5    2  19.02823         3    5    2  19.02823       -0.0000194103  -0.0000000000
    4    2   -1  19.02823         4    2   -1  19.02823       -0.0000176074   0.0000000000
    4    2    4  19.02823         4    2    4  19.02823       -0.0000176074   0.0000000000
    5    2    2  19.02823         5    2    2  19.02823       -0.0000194103   0.0000000000
    5    3    2  19.02823         5    3    2  19.02823       -0.0000194103  -0.0000000000
   -5   -3   -4  19.77811        -5   -3   -4  19.77811       -0.0000164076  -0.0000000000
   -5   -2   -2  19.77811        -5   -2   -2  19.77811       -0.0000164076   0.0000000000
   -4   -4   -5  19.77811        -4   -4   -5  19.77811       -0.0000164051   0.0000000000
   -4    0    0  19.77811        -4    0    0  19.77811       -0.0000164051  -0.0000000000
   -3   -5   -4  19.77811        -3   -5   -4  19.77811       -0.0000164076   0.0000000000
   -3    2    0  19.77811        -3    2    0  19.77811       -0.0000164076   0.0000000000
   -2   -5   -2  19.77811        -2   -5   -2  19.77811       -0.0000164076  -0.0000000000
   -2    3   -1  19.77811        -2    3   -1  19.77811       -0.0000164076   0.0000000000
    0   -4    0  19.77811         0   -4    0  19.77811       -0.0000164051   0.0000000000
    0    4   -1  19.77811         0    4   -1  19.77811       -0.0000164051  -0.0000000000
    2   -3    0  19.77811         2   -3    0  19.77811       -0.0000164076  -0.0000000000
    2    5    1  19.77811         2    5    1  19.77811       -0.0000164076  -0.0000000000
    3   -2   -1  19.77811         3   -2   -1  19.77811       -0.0000164076   0.0000000000
    3    5    3  19.77811         3    5    3  19.77811       -0.0000164076  -0.0000000000
    4    0   -1  19.77811         4    0   -1  19.77811       -0.0000164051  -0.0000000000
    4    4    4  19.77811         4    4    4  19.77811       -0.0000164051   0.0000000000
    5    2    1  19.77811         5    2    1  19.77811       -0.0000164076  -0.0000000000
    5    3    3  19.77811         5    3    3  19.77811       -0.0000164076  -0.0000000000
   -5   -3   -2  20.52799        -5   -3   -2  20.52799       -0.0000122344   0.0000000000
   -5   -2   -4  20.52799        -5   -2   -4  20.52799       -0.0000122344  -0.0000000000
   -3   -5   -2  20.52799        -3   -5   -2  20.52799       -0.0000122344   0.0000000000
   -3    2   -2  20.52799        -3    2   -2  20.52799       -0.0000122344  -0.0000000000
   -2   -5   -4  20.52799        -2   -5   -4  20.52799       -0.0000122344  -0.0000000000
   -2   -2    2  20.52799        -2   -2    2  20.52799       -0.0000122058   0.0000000000
    0   -4   -4  21.27787         0   -4   -4  21.27787       -0.0000094040  -0.0000000000
    0    4    3  21.27787         0    4    3  21.27787       -0.0000094040  -0.0000000000
    1   -4   -2  21.27787         1   -4   -2  21.27787       -0.0000101970   0.0000000000
    1   -4   -1  21.27787         1   -4   -1  21.27787       -0.0000109719   0.0000000000
    1    5    1  21.27787         1    5    1  21.27787       -0.0000109719   0.0000000000
    1    5    2  21.27787         1    5    2  21.27787       -0.0000101970   0.0000000000
    4   -1    0  21.27787         4   -1    0  21.27787       -0.0000109719   0.0000000000
    4   -1    1  21.27787         4   -1    1  21.27787       -0.0000101970   0.0000000000
    4    0    3  21.27787         4    0    3  21.27787       -0.0000094040  -0.0000000000
    4    4    0  21.27787         4    4    0  21.27787       -0.0000094040   0.0000000000
    4    5    2  21.27787         4    5    2  21.27787       -0.0000101970  -0.0000000000
    4    5    3  21.27787         4    5    3  21.27787       -0.0000109719   0.0000000000
    5    1    1  21.27787         5    1    1  21.27787       -0.0000109719   0.0000000000
    5    1    2  21.27787         5    1    2  21.27787       -0.0000101970   0.0000000000
    5    4    2  21.27787         5    4    2  21.27787       -0.0000101970   0.0000000000
    5    4    3  21.27787         5    4    3  21.27787       -0.0000109719  -0.0000000000
   -4   -3    0  22.02775        -4   -3    0  22.02775       -0.0000082562  -0.0000000000
   -4   -1   -5  22.02775        -4   -1   -5  22.02775       -0.0000082562   0.0000000000
   -3   -4    0  22.02775        -3   -4    0  22.02775       -0.0000082562  -0.0000000000
   -3    1   -4  22.02775        -3    1   -4  22.02775       -0.0000082562  -0.0000000000
   -1   -4   -5  22.02775        -1   -4   -5  22.02775       -0.0000082562   0.0000000000
   -1    3    3  22.02775        -1    3    3  22.02775       -0.0000082562   0.0000000000
    1   -3   -4  22.02775         1   -3   -4  22.02775       -0.0000082562   0.0000000000
    1    4    4  22.02775         1    4    4  22.02775       -0.0000082562   0.0000000000
    3   -1    3  22.02775         3   -1    3  22.02775       -0.0000082562   0.0000000000
    3    4   -1  22.02775         3    4   -1  22.02775       -0.0000082562  -0.0000000000
    4    1    4  22.02775         4    1    4  22.02775       -0.0000082562  -0.0000000000
    4    3   -1  22.02775         4    3   -1  22.02775       -0.0000082562  -0.0000000000
   -5   -3   -5  22.77763        -5   -3   -5  22.77763       -0.0000074377  -0.0000000000
   -5   -2   -1  22.77763        -5   -2   -1  22.77763       -0.0000074377  -0.0000000000
   -3   -5   -5  22.77763        -3   -5   -5  22.77763       -0.0000074377  -0.0000000000
   -3   -3   -6  22.77763        -3   -3   -6  22.77763       -0.0000070607   0.0000000000
   -2   -3   -6  23.52752        -2   -3   -6  23.52752       -0.0000057644   0.0000000000
   -2   -2   -6  23.52752        -2   -2   -6  23.52752       -0.0000061970  -0.0000000000
   -2    0    3  23.52752        -2    0    3  23.52752       -0.0000061970  -0.0000000000
   -2    1    3  23.52752        -2    1    3  23.52752       -0.0000057644   0.0000000000
   -1   -5   -4  23.52752        -1   -5   -4  23.52752       -0.0000057782  -0.0000000000
   -1   -5   -1  23.52752        -1   -5   -1  23.52752       -0.0000054687   0.0000000000
   -1   -3    2  23.52752        -1   -3    2  23.52752       -0.0000057644   0.0000000000
   -1    2   -4  23.52752        -1    2   -4  23.52752       -0.0000057644   0.0000000000
   -1    4   -1  23.52752        -1    4   -1  23.52752       -0.0000054687   0.0000000000
   -1    4    2  23.52752        -1    4    2  23.52752       -0.0000057782  -0.0000000000
    0   -2    3  23.52752         0   -2    3  23.52752       -0.0000061970  -0.0000000000
    0    2   -4  23.52752         0    2   -4  23.52752       -0.0000061970  -0.0000000000
    1   -4   -3  23.52752         1   -4   -3  23.52752       -0.0000057782   0.0000000000
    1   -4    0  23.52752         1   -4    0  23.52752       -0.0000054687  -0.0000000000
    1   -2    3  23.52752         1   -2    3  23.52752       -0.0000057644  -0.0000000000
    1    3   -3  23.52752         1    3   -3  23.52752       -0.0000057644  -0.0000000000
    1    5    0  23.52752         1    5    0  23.52752       -0.0000054687   0.0000000000
    1    5    3  23.52752         1    5    3  23.52752       -0.0000057782   0.0000000000
    2   -1   -4  23.52752         2   -1   -4  23.52752       -0.0000057644  -0.0000000000
    2    0   -4  23.52752         2    0   -4  23.52752       -0.0000061970  -0.0000000000
    2    2    5  23.52752         2    2    5  23.52752       -0.0000061970  -0.0000000000
    2    3    5  23.52752         2    3    5  23.52752       -0.0000057644  -0.0000000000
    3    1   -3  23.52752         3    1   -3  23.52752       -0.0000057644  -0.0000000000
    3    2    5  23.52752         3    2    5  23.52752       -0.0000057644   0.0000000000
    4   -1   -1  23.52752         4   -1   -1  23.52752       -0.0000054687   0.0000000000
    4   -1    2  23.52752         4   -1    2  23.52752       -0.0000057782   0.0000000000
    4    5    1  23.52752         4    5    1  23.52752       -0.0000057782   0.0000000000
    4    5    4  23.52752         4    5    4  23.52752       -0.0000054687  -0.0000000000
    5    1    0  23.52752         5    1    0  23.52752       -0.0000054687   0.0000000000
    5    1    3  23.52752         5    1    3  23.52752       -0.0000057782  -0.0000000000
    5    4    1  23.52752         5    4    1  23.52752       -0.0000057782  -0.0000000000
    5    4    4  23.52752         5    4    4  23.52752       -0.0000054687   0.0000000000


             g                   gp         inverse epsilon           nspin= 1
         0    0   -1         0    0   -1        0.33441207  -0.00000000
         0    0    0         0    0   -1        0.06106998   0.00000000
         0    0    0         0    0    0        0.33441207  -0.00000000
        -1   -1   -1         0    0    0        0.02182798   0.00000000
        -1   -1   -1        -1   -1   -1        0.56340035   0.00000000
        -1    0   -1        -1   -1   -1       -0.05114560  -0.00000000
        -1    0   -1        -1    0   -1        0.56340035   0.00000000
         0   -1   -1        -1    0   -1        0.01240942   0.00000000
         0   -1   -1         0   -1   -1        0.56340035   0.00000000
         0    1    0         0   -1   -1       -0.00016229  -0.00000000
         0    1    0         0    1    0        0.56340035   0.00000000
         1    0    0         0    1    0        0.01240942   0.00000000
         1    0    0         1    0    0        0.56340035   0.00000000
         1    1    0         1    0    0       -0.05114560   0.00000000
         1    1    0         1    1    0        0.56340035   0.00000000
        -1   -1   -2         1    1    0        0.02721291  -0.00000000
        -1   -1   -2        -1   -1   -2        0.72485098   0.00000000
        -1    0    0        -1   -1   -2       -0.00299289   0.00000000
        -1    0    0        -1    0    0        0.72485098   0.00000000
         0   -1    0        -1    0    0        0.00977011   0.00000000
         0   -1    0         0   -1    0        0.72485098   0.00000000
         0    1   -1         0   -1    0        0.03356393  -0.00000000
         0    1   -1         0    1   -1        0.72485098   0.00000000
         1    0   -1         0    1   -1        0.00977011  -0.00000000
         1    0   -1         1    0   -1        0.72485098   0.00000000
         1    1    1         1    0   -1       -0.00299289   0.00000000
         1    1    1         1    1    1        0.72485098   0.00000000
        -1   -1    0         1    1    1       -0.00534772  -0.00000000
        -1   -1    0        -1   -1    0        0.81260314  -0.00000000
        -1    0   -2        -1   -1    0        0.01000013   0.00000000
        -1    0   -2        -1    0   -2        0.81260314  -0.00000000
         0   -1   -2        -1    0   -2        0.01316412   0.00000000
         0   -1   -2         0   -1   -2        0.81260314  -0.00000000
         0    0   -2         0   -1   -2       -0.04222138   0.00000000
         0    0   -2         0    0   -2        0.82030767  -0.00000000
         0    0    1         0    0   -2       -0.02303673   0.00000000
         0    0    1         0    0    1        0.82030767  -0.00000000
         0    1    1         0    0    1       -0.04222138   0.00000000
         0    1    1         0    1    1        0.81260314  -0.00000000
         1    0    1         0    1    1        0.01316412   0.00000000
         1    0    1         1    0    1        0.81260314  -0.00000000
         1    1   -1         1    0    1        0.01000013  -0.00000000
         1    1   -1         1    1   -1        0.81260314  -0.00000000
        -2   -1   -2         1    1   -1        0.00197117   0.00000000
        -2   -1   -2        -2   -1   -2        0.87779068   0.00000000
        -2   -1   -1        -2   -1   -2       -0.03968820   0.00000000
        -2   -1   -1        -2   -1   -1        0.87779068  -0.00000000
        -1   -2   -2        -2   -1   -1        0.01292344  -0.00000000
        -1   -2   -2        -1   -2   -2        0.87779068   0.00000000
        -1   -2   -1        -1   -2   -2       -0.03968820  -0.00000000
        -1   -2   -1        -1   -2   -1        0.87779068   0.00000000
        -1    1   -1        -1   -2   -1       -0.00366174   0.00000000
        -1    1   -1        -1    1   -1        0.87779068   0.00000000
        -1    1    0        -1    1   -1       -0.03968820   0.00000000
        -1    1    0        -1    1    0        0.87779068  -0.00000000
         1   -1   -1        -1    1    0        0.01395033  -0.00000000
         1   -1   -1         1   -1   -1        0.87779068  -0.00000000
         1   -1    0         1   -1   -1       -0.03968820   0.00000000
         1   -1    0         1   -1    0        0.87779068  -0.00000000
         1    2    0         1   -1    0       -0.00366174  -0.00000000
         1    2    0         1    2    0        0.87779068  -0.00000000
         1    2    1         1    2    0       -0.03968820   0.00000000
         1    2    1         1    2    1        0.87779068   0.00000000
         1    2   -1         1    2    1       -0.00458924   0.00000000
         1    2   -1         1    2   -1        0.97627936   0.00000000
         1    2    2         1    2   -1       -0.00317254  -0.00000000
         1    2    2         1    2    2        0.97627936   0.00000000
         2    0   -1         1    2    2        0.00008261   0.00000000
         2    0   -1         2    0   -1        0.97650588  -0.00000000
         2    1   -1         2    0   -1       -0.00928211   0.00000000
         2    1   -1         2    1   -1        0.97627936  -0.00000000
         2    1    2         2    1   -1       -0.00317254   0.00000000
         2    1    2         2    1    2        0.97627936  -0.00000000
         2    2    2         2    1    2       -0.00928211   0.00000000
         2    2    2         2    2    2        0.97650588  -0.00000000
        -1   -1    1         2    2    2        0.00143070   0.00000000
        -1   -1    1        -1   -1    1        0.98699753  -0.00000000
        -1    0   -3        -1   -1    1        0.00146149   0.00000000
        -1    0   -3        -1    0   -3        0.98699753   0.00000000
         0   -1   -3        -1    0   -3       -0.00114228   0.00000000
         0   -1   -3         0   -1   -3        0.98699753   0.00000000
         0    1    2         0   -1   -3       -0.00053518  -0.00000000
         0    1    2         0    1    2        0.98699753   0.00000000
         1    0    2         0    1    2       -0.00114228   0.00000000
         1    0    2         1    0    2        0.98699753   0.00000000
         1    1   -2         1    0    2        0.00146149  -0.00000000
         1    1   -2         1    1   -2        0.98699753  -0.00000000
        -3   -2   -2         1    1   -2       -0.00055227  -0.00000000
        -3   -2   -2        -3   -2   -2        0.99269720   0.00000000
        -3   -1   -2        -3   -2   -2       -0.00297649  -0.00000000
        -3   -1   -2        -3   -1   -2        0.99269720   0.00000000
        -2   -3   -2        -3   -1   -2        0.00051810   0.00000000
        -2   -3   -2        -2   -3   -2        0.99269720   0.00000000
        -2    1   -1        -2   -3   -2       -0.00022582  -0.00000000
        -2    1   -1        -2    1   -1        0.99269720   0.00000000
        -1   -3   -2        -2    1   -1        0.00095719   0.00000000
        -1   -3   -2        -1   -3   -2        0.99269720  -0.00000000
        -1    2    0        -1   -3   -2       -0.00063189  -0.00000000
        -1    2    0        -1    2    0        0.99269720   0.00000000
         0    0   -3        -1    2    0       -0.00033904   0.00000000
         0    0   -3         0    0   -3        0.99301474  -0.00000000
         0    0    2         0    0   -3       -0.00048812  -0.00000000
         0    0    2         0    0    2        0.99301474  -0.00000000
         1   -2   -1         0    0    2       -0.00033904  -0.00000000
         1   -2   -1         1   -2   -1        0.99269720   0.00000000
         1    3    1         1   -2   -1       -0.00063189   0.00000000
         1    3    1         1    3    1        0.99269720  -0.00000000
         2   -1    0         1    3    1        0.00095719  -0.00000000
         2   -1    0         2   -1    0        0.99269720   0.00000000
         2    3    1         2   -1    0       -0.00022582   0.00000000
         2    3    1         2    3    1        0.99269720   0.00000000
         3    1    1         2    3    1        0.00051810  -0.00000000
         3    1    1         3    1    1        0.99269720  -0.00000000
         3    2    1         3    1    1       -0.00297649   0.00000000
         3    2    1         3    2    1        0.99269720   0.00000000
        -3   -2   -3         3    2    1        0.00039665  -0.00000000
        -3   -2   -3        -3   -2   -3        0.99595025  -0.00000000
        -3   -1   -1        -3   -2   -3        0.00009101  -0.00000000
        -3   -1   -1        -3   -1   -1        0.99595025   0.00000000
        -2   -3   -3        -3   -1   -1       -0.00070234  -0.00000000
        -2   -3   -3        -2   -3   -3        0.99595025   0.00000000
        -2   -2    0        -2   -3   -3       -0.00100305   0.00000000
        -2   -2    0        -2   -2    0        0.99585980  -0.00000000
        -2    0   -3        -2   -2    0       -0.00013324   0.00000000
        -2    0   -3        -2    0   -3        0.99585980  -0.00000000
        -2    1    0        -2    0   -3       -0.00100305  -0.00000000
        -2    1    0        -2    1    0        0.99595025   0.00000000
         0   -2    1        -2    1    0       -0.00021085  -0.00000000
         0   -2    1         0   -2    1        0.99854015   0.00000000
         0    2   -2         0   -2    1        0.00019552  -0.00000000
         0    2   -2         0    2   -2        0.99854015   0.00000000
         0    3    0         0    2   -2       -0.00003945  -0.00000000
         0    3    0         0    3    0        0.99864222  -0.00000000
         0    3    1         0    3    0       -0.00050179   0.00000000
         0    3    1         0    3    1        0.99857302  -0.00000000
         2    0   -2         0    3    1        0.00030224   0.00000000
         2    0   -2         2    0   -2        0.99854015   0.00000000
         2    2    3         2    0   -2       -0.00027688   0.00000000
         2    2    3         2    2    3        0.99854015   0.00000000
         3    0    0         2    2    3       -0.00027954  -0.00000000
         3    0    0         3    0    0        0.99864222   0.00000000
         3    0    1         3    0    0       -0.00050179   0.00000000
         3    0    1         3    0    1        0.99857302   0.00000000
         3    3    1         3    0    1       -0.00039337  -0.00000000
         3    3    1         3    3    1        0.99857302   0.00000000
         3    3    2         3    3    1       -0.00050179   0.00000000
         3    3    2         3    3    2        0.99864222  -0.00000000
        -2   -1   -4         3    3    2       -0.00011318  -0.00000000
        -2   -1   -4        -2   -1   -4        0.99909021  -0.00000000
        -2   -1    1        -2   -1   -4        0.00005086  -0.00000000
        -2   -1    1        -2   -1    1        0.99909021  -0.00000000
        -1   -2   -4        -2   -1    1        0.00008829  -0.00000000
        -1   -2   -4        -1   -2   -4        0.99909021  -0.00000000
        -1   -2    1        -1   -2   -4        0.00005086  -0.00000000
        -1   -2    1        -1   -2    1        0.99909021  -0.00000000
        -1   -1   -4        -1   -2    1        0.00013944   0.00000000
        -1   -1   -4        -1   -1   -4        0.99908769  -0.00000000
        -1    0    2        -1   -1   -4        0.00006617   0.00000000
        -1    0    2        -1    0    2        0.99908769  -0.00000000
        -1    1   -3        -1    0    2        0.00013944   0.00000000
        -1    1   -3        -1    1   -3        0.99909021  -0.00000000
        -1    1    2        -1    1   -3        0.00005086   0.00000000
        -1    1    2        -1    1    2        0.99909021  -0.00000000
         0   -1    2        -1    1    2       -0.00001300  -0.00000000
         0   -1    2         0   -1    2        0.99908769  -0.00000000
         0    1   -3         0   -1    2       -0.00016376   0.00000000
         0    1   -3         0    1   -3        0.99908769  -0.00000000
         1   -1   -3         0    1   -3       -0.00001300  -0.00000000
         1   -1   -3         1   -1   -3        0.99909021  -0.00000000
         1   -1    2         1   -1   -3        0.00005086   0.00000000
         1   -1    2         1   -1    2        0.99909021   0.00000000
         1    0   -3         1   -1    2        0.00013944   0.00000000
         1    0   -3         1    0   -3        0.99908769  -0.00000000
         1    1    3         1    0   -3        0.00006617   0.00000000
         1    1    3         1    1    3        0.99908769  -0.00000000
         1    2   -2         1    1    3        0.00013944   0.00000000
         1    2   -2         1    2   -2        0.99909021  -0.00000000
         1    2    3         1    2   -2        0.00005086   0.00000000
         1    2    3         1    2    3        0.99909021  -0.00000000
         2    1   -2         1    2    3        0.00008829   0.00000000
         2    1   -2         2    1   -2        0.99909021  -0.00000000
         2    1    3         2    1   -2        0.00005086  -0.00000000
         2    1    3         2    1    3        0.99909021  -0.00000000
        -3   -2   -4         2    1    3        0.00005240  -0.00000000
        -3   -2   -4        -3   -2   -4        0.99939043  -0.00000000
        -3   -1    0        -3   -2   -4       -0.00004157   0.00000000
        -3   -1    0        -3   -1    0        0.99939043   0.00000000
        -2   -3   -4        -3   -1    0       -0.00002006  -0.00000000
        -2   -3   -4        -2   -3   -4        0.99939043   0.00000000
        -2    1    1        -2   -3   -4       -0.00011794   0.00000000
        -2    1    1        -2    1    1        0.99939043   0.00000000
        -1    0   -4        -2    1    1        0.00005664   0.00000000
        -1    0   -4        -1    0   -4        0.99971179  -0.00000000
        -1    2    2        -1    0   -4       -0.00006558  -0.00000000
        -1    2    2        -1    2    2        0.99974185  -0.00000000
         0   -1   -4        -1    2    2        0.00002119  -0.00000000
         0   -1   -4         0   -1   -4        0.99971179  -0.00000000
         0    1    3         0   -1   -4        0.00006725  -0.00000000
         0    1    3         0    1    3        0.99971179  -0.00000000
         1   -2   -3         0    1    3        0.00002119   0.00000000
         1   -2   -3         1   -2   -3        0.99974185   0.00000000
         1    0    3         1   -2   -3       -0.00006558  -0.00000000
         1    0    3         1    0    3        0.99971179  -0.00000000
         1    1   -3         1    0    3        0.00000452  -0.00000000
         1    1   -3         1    1   -3        0.99971179   0.00000000
         1    3    3         1    1   -3       -0.00006558   0.00000000
         1    3    3         1    3    3        0.99974185   0.00000000
         2   -2   -1         1    3    3       -0.00005893   0.00000000
         2   -2   -1         2   -2   -1        0.99970202  -0.00000000
         2   -2    0         2   -2   -1       -0.00013391   0.00000000
         2   -2    0         2   -2    0        0.99970202   0.00000000
         2   -1    2         2   -2    0        0.00004649  -0.00000000
         2   -1    2         2   -1    2        0.99974185   0.00000000
         2    3   -1         2   -1    2       -0.00003419  -0.00000000
         2    3   -1         2    3   -1        0.99974185   0.00000000
         2    4    1         2    3   -1        0.00004649   0.00000000
         2    4    1         2    4    1        0.99970202   0.00000000
         2    4    2         2    4    1       -0.00013391  -0.00000000
         2    4    2         2    4    2        0.99970202   0.00000000
         3    1    3         2    4    2        0.00001221   0.00000000
         3    1    3         3    1    3        0.99974185   0.00000000
         3    2   -1         3    1    3       -0.00000775  -0.00000000
         3    2   -1         3    2   -1        0.99974185  -0.00000000
         4    2    1         3    2   -1        0.00004649  -0.00000000
         4    2    1         4    2    1        0.99970202   0.00000000
         4    2    2         4    2    1       -0.00013391   0.00000000
         4    2    2         4    2    2        0.99970202   0.00000000
        -4   -3   -3         4    2    2        0.00000758   0.00000000
        -4   -3   -3        -4   -3   -3        0.99979563  -0.00000000
        -4   -1   -2        -4   -3   -3        0.00006492  -0.00000000
        -4   -1   -2        -4   -1   -2        0.99979563   0.00000000
        -3   -4   -3        -4   -1   -2       -0.00003854   0.00000000
        -3   -4   -3        -3   -4   -3        0.99979563  -0.00000000
        -3    1   -1        -3   -4   -3       -0.00000588  -0.00000000
        -3    1   -1        -3    1   -1        0.99979563  -0.00000000
        -2   -2    1        -3    1   -1        0.00002282  -0.00000000
        -2   -2    1        -2   -2    1        0.99980798   0.00000000
        -2    0   -4        -2   -2    1        0.00002416  -0.00000000
        -2    0   -4        -2    0   -4        0.99980798   0.00000000
        -1   -4   -2        -2    0   -4       -0.00001953  -0.00000000
        -1   -4   -2        -1   -4   -2        0.99979563   0.00000000
        -1    3    0        -1   -4   -2        0.00001315  -0.00000000
        -1    3    0        -1    3    0        0.99979563  -0.00000000
         0   -2   -4        -1    3    0       -0.00004698  -0.00000000
         0   -2   -4         0   -2   -4        0.99980798   0.00000000
         0    2    3         0   -2   -4       -0.00006744  -0.00000000
         0    2    3         0    2    3        0.99980798   0.00000000
         1   -3   -1         0    2    3       -0.00004698   0.00000000
         1   -3   -1         1   -3   -1        0.99979563  -0.00000000
         1    4    1         1   -3   -1        0.00001315  -0.00000000
         1    4    1         1    4    1        0.99979563   0.00000000
         2    0    3         1    4    1       -0.00001953   0.00000000
         2    0    3         2    0    3        0.99980798   0.00000000
         2    2   -2         2    0    3        0.00002416   0.00000000
         2    2   -2         2    2   -2        0.99980798   0.00000000
         2   -2   -2         2    2   -2       -0.00002073  -0.00000000
         2   -2   -2         2   -2   -2        0.99989479  -0.00000000
         2   -2    1         2   -2   -2       -0.00001159  -0.00000000
         2   -2    1         2   -2    1        0.99989479   0.00000000
         2    4    0         2   -2    1        0.00001617  -0.00000000
         2    4    0         2    4    0        0.99989479  -0.00000000
         2    4    3         2    4    0       -0.00001159   0.00000000
         2    4    3         2    4    3        0.99989479  -0.00000000
         3   -1   -1         2    4    3       -0.00002682  -0.00000000
         3   -1   -1         3   -1   -1        0.99988641  -0.00000000
         3    4    3         3   -1   -1       -0.00000096   0.00000000
         3    4    3         3    4    3        0.99988641  -0.00000000
         4    1    0         3    4    3       -0.00001950  -0.00000000
         4    1    0         4    1    0        0.99988641  -0.00000000
         4    2    0         4    1    0       -0.00004929  -0.00000000
         4    2    0         4    2    0        0.99989479   0.00000000
         4    2    3         4    2    0       -0.00001159  -0.00000000
         4    2    3         4    2    3        0.99989479   0.00000000
         4    3    3         4    2    3       -0.00004929  -0.00000000
         4    3    3         4    3    3        0.99988641  -0.00000000
        -2   -2   -5         4    3    3       -0.00000347   0.00000000
        -2   -2   -5        -2   -2   -5        0.99991363  -0.00000000
        -2    0    2        -2   -2   -5       -0.00001068  -0.00000000
        -2    0    2        -2    0    2        0.99991363  -0.00000000
         0   -2    2        -2    0    2        0.00001669   0.00000000
         0   -2    2         0   -2    2        0.99991363  -0.00000000
         0    2   -3         0   -2    2        0.00003582   0.00000000
         0    2   -3         0    2   -3        0.99991363  -0.00000000
         2    0   -3         0    2   -3        0.00001669   0.00000000
         2    0   -3         2    0   -3        0.99991363   0.00000000
         2    2    4         2    0   -3       -0.00001068   0.00000000
         2    2    4         2    2    4        0.99991363  -0.00000000
        -4   -4   -3         2    2    4        0.00000827   0.00000000
        -4   -4   -3        -4   -4   -3        0.99993911   0.00000000
        -4    0   -2        -4   -4   -3       -0.00000081  -0.00000000
        -4    0   -2        -4    0   -2        0.99993911   0.00000000
        -3   -3   -5        -4    0   -2       -0.00001058   0.00000000
        -3   -3   -5        -3   -3   -5        0.99993917   0.00000000
        -3   -3    0        -3   -3   -5       -0.00000263  -0.00000000
        -3   -3    0        -3   -3    0        0.99994776   0.00000000
        -3   -2   -5        -3   -3    0        0.00000230   0.00000000
        -3   -2   -5        -3   -2   -5        0.99993860  -0.00000000
        -3   -1    1        -3   -2   -5       -0.00000622   0.00000000
        -3   -1    1        -3   -1    1        0.99993860  -0.00000000
        -3    0   -4        -3   -1    1        0.00000230  -0.00000000
        -3    0   -4        -3    0   -4        0.99994776  -0.00000000
        -3    0    1        -3    0   -4       -0.00000263   0.00000000
        -3    0    1        -3    0    1        0.99993917   0.00000000
        -2   -3   -5        -3    0    1       -0.00001227  -0.00000000
        -2   -3   -5        -2   -3   -5        0.99993860   0.00000000
        -2    1    2        -2   -3   -5        0.00000017   0.00000000
        -2    1    2        -2    1    2        0.99993860   0.00000000
        -1   -3    1        -2    1    2       -0.00001102   0.00000000
        -1   -3    1        -1   -3    1        0.99993860   0.00000000
        -1    2   -3        -1   -3    1        0.00001394  -0.00000000
        -1    2   -3        -1    2   -3        0.99993860   0.00000000
         0   -4   -2        -1    2   -3        0.00001003   0.00000000
         0   -4   -2         0   -4   -2        0.99993911   0.00000000
         0   -3   -4         0   -4   -2       -0.00000901  -0.00000000
         0   -3   -4         0   -3   -4        0.99994776   0.00000000
         0   -3    1         0   -3   -4       -0.00000263   0.00000000
         0   -3    1         0   -3    1        0.99993917  -0.00000000
         0    3   -2         0   -3    1       -0.00002370   0.00000000
         0    3   -2         0    3   -2        0.99993917   0.00000000
         1   -1    3         0    3   -2       -0.00000093  -0.00000000
         1   -1    3         1   -1    3        0.99995439  -0.00000000
         1    2   -3         1   -1    3       -0.00001132  -0.00000000
         1    2   -3         1    2   -3        0.99995439  -0.00000000
         1    2    4         1    2   -3       -0.00000618   0.00000000
         1    2    4         1    2    4        0.99995439  -0.00000000
         1    4    3         1    2    4       -0.00000723  -0.00000000
         1    4    3         1    4    3        0.99995880  -0.00000000
         2    1   -3         1    4    3       -0.00000847   0.00000000
         2    1   -3         2    1   -3        0.99995439  -0.00000000
         2    1    4         2    1   -3       -0.00000618  -0.00000000
         2    1    4         2    1    4        0.99995439   0.00000000
         3   -1    2         2    1    4        0.00000231   0.00000000
         3   -1    2         3   -1    2        0.99995880  -0.00000000
         3    4    0         3   -1    2        0.00000375  -0.00000000
         3    4    0         3    4    0        0.99995880  -0.00000000
         4    0    0         3    4    0       -0.00000761   0.00000000
         4    0    0         4    0    0        0.99994742   0.00000000
         4    1    3         4    0    0        0.00000411   0.00000000
         4    1    3         4    1    3        0.99995880   0.00000000
         4    3    0         4    1    3        0.00000304   0.00000000
         4    3    0         4    3    0        0.99995880   0.00000000
         4    4    3         4    3    0        0.00000411  -0.00000000
         4    4    3         4    4    3        0.99994742   0.00000000
        -4   -4   -2         4    4    3       -0.00000898  -0.00000000
        -4   -4   -2        -4   -4   -2        0.99996764   0.00000000
        -4    0   -3        -4   -4   -2       -0.00000482  -0.00000000
        -4    0   -3        -4    0   -3        0.99996764   0.00000000
        -1   -1   -5        -4    0   -3        0.00000639  -0.00000000
        -1   -1   -5        -1   -1   -5        0.99996262   0.00000000
        -1    0    3        -1   -1   -5        0.00001536  -0.00000000
        -1    0    3        -1    0    3        0.99996262  -0.00000000
         0   -4   -3        -1    0    3       -0.00000417  -0.00000000
         0   -4   -3         0   -4   -3        0.99996764   0.00000000
         0   -1    3         0   -4   -3       -0.00000175  -0.00000000
         0   -1    3         0   -1    3        0.99996262   0.00000000
         0    1   -4         0   -1    3       -0.00002062   0.00000000
         0    1   -4         0    1   -4        0.99996262  -0.00000000
         0    4    2         0    1   -4       -0.00000175  -0.00000000
         0    4    2         0    4    2        0.99996764   0.00000000
         1    0   -4         0    4    2       -0.00000417   0.00000000
         1    0   -4         1    0   -4        0.99996262   0.00000000
         1    1    4         1    0   -4        0.00001536   0.00000000
         1    1    4         1    1    4        0.99996262   0.00000000
         4    0    2         1    1    4        0.00000639   0.00000000
         4    0    2         4    0    2        0.99996764   0.00000000
         4    4    1         4    0    2       -0.00000482   0.00000000
         4    4    1         4    4    1        0.99996764  -0.00000000
        -4   -3   -5         4    4    1        0.00000188   0.00000000
        -4   -3   -5        -4   -3   -5        0.99997085   0.00000000
        -4   -1    0        -4   -3   -5        0.00000302  -0.00000000
        -4   -1    0        -4   -1    0        0.99997085   0.00000000
        -3   -4   -5        -4   -1    0       -0.00000052   0.00000000
        -3   -4   -5        -3   -4   -5        0.99997085   0.00000000
        -3   -2    1        -3   -4   -5       -0.00000035   0.00000000
        -3   -2    1        -3   -2    1        0.99997359   0.00000000
        -3   -1   -5        -3   -2    1        0.00000348   0.00000000
        -3   -1   -5        -3   -1   -5        0.99997359   0.00000000
        -3    1    1        -3   -1   -5       -0.00000035  -0.00000000
        -3    1    1        -3    1    1        0.99997085   0.00000000
        -2   -3    1        -3    1    1       -0.00000466   0.00000000
        -2   -3    1        -2   -3    1        0.99997359   0.00000000
        -2    1   -4        -2   -3    1        0.00000022  -0.00000000
        -2    1   -4        -2    1   -4        0.99997359  -0.00000000
         2    4    4        -2    1   -4       -0.00000312   0.00000000
         2    4    4         2    4    4        0.99997994   0.00000000
         2    5    2         2    4    4       -0.00000467   0.00000000
         2    5    2         2    5    2        0.99997750  -0.00000000
         3   -2    0         2    5    2       -0.00000399  -0.00000000
         3   -2    0         3   -2    0        0.99997750  -0.00000000
         3    5    2         3   -2    0       -0.00000264   0.00000000
         3    5    2         3    5    2        0.99997750  -0.00000000
         4    2   -1         3    5    2       -0.00000327  -0.00000000
         4    2   -1         4    2   -1        0.99997994   0.00000000
         4    2    4         4    2   -1       -0.00000098  -0.00000000
         4    2    4         4    2    4        0.99997994   0.00000000
         5    2    2         4    2    4       -0.00000467   0.00000000
         5    2    2         5    2    2        0.99997750   0.00000000
         5    3    2         5    2    2       -0.00001353  -0.00000000
         5    3    2         5    3    2        0.99997750  -0.00000000
        -5   -3   -4         5    3    2       -0.00000001   0.00000000
        -5   -3   -4        -5   -3   -4        0.99998252  -0.00000000
        -5   -2   -2        -5   -3   -4        0.00000508   0.00000000
        -5   -2   -2        -5   -2   -2        0.99998252   0.00000000
        -4   -4   -5        -5   -2   -2       -0.00000123  -0.00000000
        -4   -4   -5        -4   -4   -5        0.99998199   0.00000000
        -4    0    0        -4   -4   -5        0.00000213  -0.00000000
        -4    0    0        -4    0    0        0.99998199  -0.00000000
        -3   -5   -4        -4    0    0       -0.00000024   0.00000000
        -3   -5   -4        -3   -5   -4        0.99998252   0.00000000
        -3    2    0        -3   -5   -4        0.00000248  -0.00000000
        -3    2    0        -3    2    0        0.99998252   0.00000000
        -2   -5   -2        -3    2    0       -0.00000264   0.00000000
        -2   -5   -2        -2   -5   -2        0.99998252  -0.00000000
        -2    3   -1        -2   -5   -2        0.00000281   0.00000000
        -2    3   -1        -2    3   -1        0.99998252   0.00000000
         0   -4    0        -2    3   -1       -0.00000950  -0.00000000
         0   -4    0         0   -4    0        0.99998199   0.00000000
         0    4   -1         0   -4    0        0.00001286  -0.00000000
         0    4   -1         0    4   -1        0.99998199  -0.00000000
         2   -3    0         0    4   -1       -0.00000950   0.00000000
         2   -3    0         2   -3    0        0.99998252  -0.00000000
         2    5    1         2   -3    0        0.00000281   0.00000000
         2    5    1         2    5    1        0.99998252  -0.00000000
         3   -2   -1         2    5    1       -0.00000264   0.00000000
         3   -2   -1         3   -2   -1        0.99998252   0.00000000
         3    5    3         3   -2   -1        0.00000248   0.00000000
         3    5    3         3    5    3        0.99998252  -0.00000000
         4    0   -1         3    5    3       -0.00000024   0.00000000
         4    0   -1         4    0   -1        0.99998199  -0.00000000
         4    4    4         4    0   -1        0.00000213   0.00000000
         4    4    4         4    4    4        0.99998199   0.00000000
         5    2    1         4    4    4       -0.00000123  -0.00000000
         5    2    1         5    2    1        0.99998252  -0.00000000
         5    3    3         5    2    1        0.00000508   0.00000000
         5    3    3         5    3    3        0.99998252  -0.00000000
        -5   -3   -2         5    3    3       -0.00000434  -0.00000000
        -5   -3   -2        -5   -3   -2        0.99998700   0.00000000
        -5   -2   -4        -5   -3   -2       -0.00000331   0.00000000
        -5   -2   -4        -5   -2   -4        0.99998700  -0.00000000
        -3   -5   -2        -5   -2   -4        0.00000296  -0.00000000
        -3   -5   -2        -3   -5   -2        0.99998700  -0.00000000
        -3    2   -2        -3   -5   -2       -0.00000354  -0.00000000
        -3    2   -2        -3    2   -2        0.99998700  -0.00000000
        -2   -5   -4        -3    2   -2       -0.00000261  -0.00000000
        -2   -5   -4        -2   -5   -4        0.99998700  -0.00000000
        -2   -2    2        -2   -5   -4        0.00000027   0.00000000
        -2   -2    2        -2   -2    2        0.99998722   0.00000000
         0   -4   -4        -2   -2    2       -0.00000064  -0.00000000
         0   -4   -4         0   -4   -4        0.99999071  -0.00000000
         0    4    3         0   -4   -4        0.00000458  -0.00000000
         0    4    3         0    4    3        0.99999071  -0.00000000
         1   -4   -2         0    4    3       -0.00000429  -0.00000000
         1   -4   -2         1   -4   -2        0.99998983   0.00000000
         1   -4   -1         1   -4   -2       -0.00000668  -0.00000000
         1   -4   -1         1   -4   -1        0.99998896   0.00000000
         1    5    1         1   -4   -1       -0.00000610  -0.00000000
         1    5    1         1    5    1        0.99998896   0.00000000
         1    5    2         1    5    1       -0.00000668   0.00000000
         1    5    2         1    5    2        0.99998983   0.00000000
         4   -1    0         1    5    2        0.00000089   0.00000000
         4   -1    0         4   -1    0        0.99998896   0.00000000
         4   -1    1         4   -1    0       -0.00000668  -0.00000000
         4   -1    1         4   -1    1        0.99998983   0.00000000
         4    0    3         4   -1    1        0.00000328   0.00000000
         4    0    3         4    0    3        0.99999071  -0.00000000
         4    4    0         4    0    3        0.00000024  -0.00000000
         4    4    0         4    4    0        0.99999071   0.00000000
         4    5    2         4    4    0        0.00000328  -0.00000000
         4    5    2         4    5    2        0.99998983  -0.00000000
         4    5    3         4    5    2       -0.00000668  -0.00000000
         4    5    3         4    5    3        0.99998896   0.00000000
         5    1    1         4    5    3       -0.00000112  -0.00000000
         5    1    1         5    1    1        0.99998896   0.00000000
         5    1    2         5    1    1       -0.00000668  -0.00000000
         5    1    2         5    1    2        0.99998983   0.00000000
         5    4    2         5    1    2       -0.00000013  -0.00000000
         5    4    2         5    4    2        0.99998983   0.00000000
         5    4    3         5    4    2       -0.00000668  -0.00000000
         5    4    3         5    4    3        0.99998896  -0.00000000
        -4   -3    0         5    4    3       -0.00000072  -0.00000000
        -4   -3    0        -4   -3    0        0.99999208  -0.00000000
        -4   -1   -5        -4   -3    0       -0.00000043  -0.00000000
        -4   -1   -5        -4   -1   -5        0.99999208   0.00000000
        -3   -4    0        -4   -1   -5        0.00000045   0.00000000
        -3   -4    0        -3   -4    0        0.99999208  -0.00000000
        -3    1   -4        -3   -4    0       -0.00000085   0.00000000
        -3    1   -4        -3    1   -4        0.99999208  -0.00000000
        -1   -4   -5        -3    1   -4       -0.00000032  -0.00000000
        -1   -4   -5        -1   -4   -5        0.99999208   0.00000000
        -1    3    3        -1   -4   -5        0.00000307   0.00000000
        -1    3    3        -1    3    3        0.99999208   0.00000000
         1   -3   -4        -1    3    3       -0.00000375   0.00000000
         1   -3   -4         1   -3   -4        0.99999208   0.00000000
         1    4    4         1   -3   -4        0.00000307  -0.00000000
         1    4    4         1    4    4        0.99999208   0.00000000
         3   -1    3         1    4    4       -0.00000032  -0.00000000
         3   -1    3         3   -1    3        0.99999208   0.00000000
         3    4   -1         3   -1    3       -0.00000085   0.00000000
         3    4   -1         3    4   -1        0.99999208  -0.00000000
         4    1    4         3    4   -1        0.00000045   0.00000000
         4    1    4         4    1    4        0.99999208  -0.00000000
         4    3   -1         4    1    4       -0.00000043  -0.00000000
         4    3   -1         4    3   -1        0.99999208  -0.00000000
        -5   -3   -5         4    3   -1        0.00000043  -0.00000000
        -5   -3   -5        -5   -3   -5        0.99999308  -0.00000000
        -5   -2   -1        -5   -3   -5        0.00000032   0.00000000
        -5   -2   -1        -5   -2   -1        0.99999308  -0.00000000
        -3   -5   -5        -5   -2   -1       -0.00000087   0.00000000
        -3   -5   -5        -3   -5   -5        0.99999308  -0.00000000
        -3   -3   -6        -3   -5   -5       -0.00000227  -0.00000000
        -3   -3   -6        -3   -3   -6        0.99999327   0.00000000
        -2   -3   -6        -3   -3   -6       -0.00000367   0.00000000
        -2   -3   -6        -2   -3   -6        0.99999462   0.00000000
        -2   -2   -6        -2   -3   -6       -0.00000347  -0.00000000
        -2   -2   -6        -2   -2   -6        0.99999442  -0.00000000
        -2    0    3        -2   -2   -6       -0.00000129  -0.00000000
        -2    0    3        -2    0    3        0.99999442  -0.00000000
        -2    1    3        -2    0    3       -0.00000347   0.00000000
        -2    1    3        -2    1    3        0.99999462   0.00000000
        -1   -5   -4        -2    1    3        0.00000030  -0.00000000
        -1   -5   -4        -1   -5   -4        0.99999466  -0.00000000
        -1   -5   -1        -1   -5   -4        0.00000004  -0.00000000
        -1   -5   -1        -1   -5   -1        0.99999501   0.00000000
        -1   -3    2        -1   -5   -1        0.00000027   0.00000000
        -1   -3    2        -1   -3    2        0.99999462   0.00000000
        -1    2   -4        -1   -3    2        0.00000157  -0.00000000
        -1    2   -4        -1    2   -4        0.99999462   0.00000000
        -1    4   -1        -1    2   -4        0.00000027  -0.00000000
        -1    4   -1        -1    4   -1        0.99999501   0.00000000
        -1    4    2        -1    4   -1        0.00000004   0.00000000
        -1    4    2        -1    4    2        0.99999466   0.00000000
         0   -2    3        -1    4    2        0.00000050  -0.00000000
         0   -2    3         0   -2    3        0.99999442  -0.00000000
         0    2   -4         0   -2    3       -0.00000269   0.00000000
         0    2   -4         0    2   -4        0.99999442  -0.00000000
         1   -4   -3         0    2   -4        0.00000050   0.00000000
         1   -4   -3         1   -4   -3        0.99999466  -0.00000000
         1   -4    0         1   -4   -3        0.00000004  -0.00000000
         1   -4    0         1   -4    0        0.99999501  -0.00000000
         1   -2    3         1   -4    0        0.00000027  -0.00000000
         1   -2    3         1   -2    3        0.99999462  -0.00000000
         1    3   -3         1   -2    3        0.00000157  -0.00000000
         1    3   -3         1    3   -3        0.99999462  -0.00000000
         1    5    0         1    3   -3        0.00000027  -0.00000000
         1    5    0         1    5    0        0.99999501  -0.00000000
         1    5    3         1    5    0        0.00000004   0.00000000
         1    5    3         1    5    3        0.99999466   0.00000000
         2   -1   -4         1    5    3        0.00000030   0.00000000
         2   -1   -4         2   -1   -4        0.99999462  -0.00000000
         2    0   -4         2   -1   -4       -0.00000347  -0.00000000
         2    0   -4         2    0   -4        0.99999442  -0.00000000
         2    2    5         2    0   -4       -0.00000129  -0.00000000
         2    2    5         2    2    5        0.99999442  -0.00000000
         2    3    5         2    2    5       -0.00000347   0.00000000
         2    3    5         2    3    5        0.99999462  -0.00000000
         3    1   -3         2    3    5        0.00000003  -0.00000000
         3    1   -3         3    1   -3        0.99999462   0.00000000
         3    2    5         3    1   -3        0.00000012   0.00000000
         3    2    5         3    2    5        0.99999462   0.00000000
         4   -1   -1         3    2    5        0.00000000  -0.00000000
         4   -1   -1         4   -1   -1        0.99999501   0.00000000
         4   -1    2         4   -1   -1        0.00000004  -0.00000000
         4   -1    2         4   -1    2        0.99999466  -0.00000000
         4    5    1         4   -1    2        0.00000005   0.00000000
         4    5    1         4    5    1        0.99999466   0.00000000
         4    5    4         4    5    1        0.00000004   0.00000000
         4    5    4         4    5    4        0.99999501  -0.00000000
         5    1    0         4    5    4        0.00000064   0.00000000
         5    1    0         5    1    0        0.99999501   0.00000000
         5    1    3         5    1    0        0.00000004  -0.00000000
         5    1    3         5    1    3        0.99999466   0.00000000
         5    4    1         5    1    3        0.00000035  -0.00000000
         5    4    1         5    4    1        0.99999466  -0.00000000
         5    4    4         5    4    1        0.00000004   0.00000000
         5    4    4         5    4    4        0.99999501   0.00000000


     q= 0.0000 0.2500 0.2500  nmtx=     576  nrk= 18

           independent matrix elements of chi       spin index= 1 1

          g          g**2          gp          gp**2          chi(g,gp)
    0    0    0   0.09374         0    0    0   0.09374       -0.0199975688  -0.0000000000
    0    0    0   0.09374        -1   -1   -1   0.84362        0.0001683480   0.0000000000
    0    0    0   0.09374         0   -1   -1   0.84362       -0.0000000000   0.0000000000
    0    0    0   0.09374         0   -1    0   0.84362       -0.0001683480   0.0000000000
    0    0    0   0.09374         0    0   -1   0.84362       -0.0001683480   0.0000000000
    0    0    0   0.09374         1    0    0   0.84362       -0.0001683480  -0.0000000000
    0    0    0   0.09374        -1   -1    0   1.59350       -0.0000000000  -0.0000000000
    0    0    0   0.09374        -1    0   -1   1.59350        0.0000000000   0.0000000000
    0    0    0   0.09374        -1    0    0   1.59350       -0.0060680015  -0.0000000000
    0    0    0   0.09374         0    0    1   1.59350       -0.0060680015  -0.0000000000
    0    0    0   0.09374         0    1    0   1.59350       -0.0060680015  -0.0000000000
    0    0    0   0.09374         1    0    1   1.59350       -0.0000000000  -0.0000000000
    0    0    0   0.09374         1    1    0   1.59350        0.0000000000  -0.0000000000
    0    0    0   0.09374         1    1    1   1.59350        0.0060680015   0.0000000000
    0    0    0   0.09374        -1   -2   -1   2.34338        0.0009766877  -0.0000000000
    0    0    0   0.09374        -1   -1   -2   2.34338        0.0009766877  -0.0000000000
    0    0    0   0.09374         0    1    1   2.34338        0.0000000000  -0.0000000000
    0    0    0   0.09374         1   -1    0   2.34338       -0.0009766877   0.0000000000
    0    0    0   0.09374         1    0   -1   2.34338       -0.0009766877   0.0000000000
    0    0    0   0.09374        -2   -1   -1   3.09326       -0.0005433690   0.0000000000
    0    0    0   0.09374        -1   -2   -2   3.09326        0.0022695907  -0.0000000000
    0    0    0   0.09374         0   -2   -1   3.09326        0.0022695907   0.0000000000
    0    0    0   0.09374         0   -1   -2   3.09326        0.0022695907  -0.0000000000
    0    0    0   0.09374         0   -1    1   3.09326        0.0005433690  -0.0000000000
    0    0    0   0.09374         0    1   -1   3.09326        0.0005433690   0.0000000000
    0    0    0   0.09374         1   -1   -1   3.09326       -0.0022695907   0.0000000000
    0    0    0   0.09374         2    1    1   3.09326       -0.0005433690   0.0000000000
    0    0    0   0.09374        -2   -2   -2   3.84314        0.0026629480  -0.0000000000
    0    0    0   0.09374        -2   -2   -1   3.84314        0.0004330579  -0.0000000000
    0    0    0   0.09374        -2   -1   -2   3.84314        0.0004330579   0.0000000000
    0    0    0   0.09374        -1   -2    0   3.84314        0.0004330579   0.0000000000
    0    0    0   0.09374        -1    0   -2   3.84314        0.0004330579   0.0000000000
    0    0    0   0.09374        -1   -3   -2   6.09278        0.0000000000  -0.0000000000
    0    0    0   0.09374        -1   -3   -1   6.09278       -0.0009011342  -0.0000000000
    0    0    0   0.09374        -1   -2   -3   6.09278       -0.0000000000  -0.0000000000
    0    0    0   0.09374        -1   -1   -3   6.09278       -0.0009011342   0.0000000000
    0    0    0   0.09374         1   -2   -1   6.09278        0.0000000000   0.0000000000
    0    0    0   0.09374         1   -2    0   6.09278        0.0009011342   0.0000000000
    0    0    0   0.09374         1   -1   -2   6.09278       -0.0000000000  -0.0000000000
    0    0    0   0.09374         1    0   -2   6.09278        0.0009011342  -0.0000000000
    0    0    0   0.09374         2   -1    0   6.09278        0.0009011342  -0.0000000000
    0    0    0   0.09374         2    0   -1   6.09278        0.0009011342  -0.0000000000
    0    0    0   0.09374         2    0    2   6.09278       -0.0009907331   0.0000000000
    0    0    0   0.09374         2    2    0   6.09278       -0.0009907331   0.0000000000
    0    0    0   0.09374        -3   -2   -2   6.84266        0.0010657720  -0.0000000000
    0    0    0   0.09374        -2   -3   -1   6.84266        0.0000000000  -0.0000000000
    0    0    0   0.09374        -2   -1   -3   6.84266       -0.0000000000  -0.0000000000
    0    0    0   0.09374         0   -2    1   6.84266        0.0010657720  -0.0000000000
    0    0    0   0.09374         0    1   -2   6.84266        0.0010657720  -0.0000000000
    0    0    0   0.09374         2   -1    1   6.84266       -0.0000000000   0.0000000000
    0    0    0   0.09374         2    1   -1   6.84266        0.0000000000   0.0000000000
    0    0    0   0.09374         3    1    1   6.84266       -0.0010657720   0.0000000000
    0    0    0   0.09374        -3   -2   -1   7.59254        0.0005386801   0.0000000000
    0    0    0   0.09374        -3   -1   -2   7.59254        0.0005386801   0.0000000000
    0    0    0   0.09374        -3   -1   -1   7.59254        0.0002751957  -0.0000000000
    0    0    0   0.09374        -2   -3   -3   7.59254        0.0003614532  -0.0000000000
    0    0    0   0.09374        -1   -2    1   7.59254        0.0005386801   0.0000000000
    0    0    0   0.09374        -1    1   -2   7.59254        0.0005386801   0.0000000000
    0    0    0   0.09374         0   -3   -1   7.59254       -0.0003614532   0.0000000000
    0    0    0   0.09374         0   -1   -3   7.59254       -0.0003614532   0.0000000000
    0    0    0   0.09374         0   -1    2   7.59254       -0.0002751957   0.0000000000
    0    0    0   0.09374         0    2   -1   7.59254       -0.0002751957   0.0000000000
    0    0    0   0.09374         0    2    2   7.59254       -0.0010378005  -0.0000000000
    0    0    0   0.09374         1   -1    2   7.59254       -0.0005386801  -0.0000000000
    0    0    0   0.09374         0   -3    0   9.09231        0.0000285307   0.0000000000
    0    0    0   0.09374         0    0   -3   9.09231        0.0000285307   0.0000000000
    0    0    0   0.09374         1    2    3   9.09231        0.0000000000   0.0000000000
    0    0    0   0.09374         1    3    2   9.09231       -0.0000000000  -0.0000000000
    0    0    0   0.09374         3    0    0   9.09231        0.0000285307   0.0000000000
    0    0    0   0.09374        -3   -3   -1   9.84219        0.0003108363  -0.0000000000
    0    0    0   0.09374        -3   -1   -3   9.84219        0.0003108363  -0.0000000000
    0    0    0   0.09374        -3   -1    0   9.84219       -0.0002864730  -0.0000000000
    0    0    0   0.09374        -3    0   -1   9.84219       -0.0002864730  -0.0000000000
    0    0    0   0.09374        -2   -3    0   9.84219       -0.0003108363   0.0000000000
    0    0    0   0.09374        -2    0   -3   9.84219       -0.0003108363   0.0000000000
    0    0    0   0.09374        -1   -1    2   9.84219        0.0002864730   0.0000000000
    0    0    0   0.09374        -1    2   -1   9.84219        0.0002864730   0.0000000000
    0    0    0   0.09374         1    0    3   9.84219       -0.0002864730   0.0000000000
    0    0    0   0.09374         1    3    0   9.84219       -0.0002864730  -0.0000000000
    0    0    0   0.09374         2   -1    2   9.84219       -0.0003108363  -0.0000000000
    0    0    0   0.09374         2    2   -1   9.84219       -0.0003108363   0.0000000000
    0    0    0   0.09374         3    0    2   9.84219       -0.0003108363   0.0000000000
    0    0    0   0.09374         3    2    0   9.84219       -0.0003108363  -0.0000000000
    0    0    0   0.09374         3    2    3   9.84219        0.0002864730   0.0000000000
    0    0    0   0.09374         3    3    2   9.84219        0.0002864730   0.0000000000
    0    0    0   0.09374        -3   -2    0  10.59207       -0.0001406347   0.0000000000
    0    0    0   0.09374        -3    0   -2  10.59207       -0.0001406347  -0.0000000000
    0    0    0   0.09374        -2   -4   -2  10.59207        0.0003512590  -0.0000000000
    0    0    0   0.09374        -2   -2   -4  10.59207        0.0003512590  -0.0000000000
    0    0    0   0.09374        -2   -2    1  10.59207       -0.0001406347   0.0000000000
    0    0    0   0.09374        -2    1   -2  10.59207       -0.0001406347   0.0000000000
    0    0    0   0.09374        -2    1    1  10.59207        0.0002298449  -0.0000000000
    0    0    0   0.09374         0    1    3  10.59207       -0.0002298449   0.0000000000
    0    0    0   0.09374         0    3    1  10.59207       -0.0002298449   0.0000000000
    0    0    0   0.09374         2   -2    0  10.59207        0.0003512590  -0.0000000000
    0    0    0   0.09374         2    0   -2  10.59207        0.0003512590  -0.0000000000
    0    0    0   0.09374         1   -3    0  12.09183        0.0001259582  -0.0000000000
    0    0    0   0.09374         1    0   -3  12.09183        0.0001259582   0.0000000000
    0    0    0   0.09374         1    3    3  12.09183        0.0001074180   0.0000000000
    0    0    0   0.09374         2   -2    1  12.09183        0.0001342104   0.0000000000
    0    0    0   0.09374         2    1   -2  12.09183        0.0001342104  -0.0000000000
    0    0    0   0.09374         3   -1    0  12.09183        0.0001259582   0.0000000000
    0    0    0   0.09374         3   -1    1  12.09183       -0.0001342104   0.0000000000
    0    0    0   0.09374         3    0   -1  12.09183        0.0001259582  -0.0000000000
    0    0    0   0.09374         3    1   -1  12.09183       -0.0001342104  -0.0000000000
    0    0    0   0.09374         4    2    2  12.09183        0.0001481051   0.0000000000
    0    0    0   0.09374        -4   -3   -3  12.84171       -0.0000367381  -0.0000000000
    0    0    0   0.09374        -4   -3   -2  12.84171        0.0000984916  -0.0000000000
    0    0    0   0.09374        -4   -2   -3  12.84171        0.0000984916   0.0000000000
    0    0    0   0.09374        -1   -4   -3  12.84171        0.0001500011   0.0000000000
    0    0    0   0.09374        -1   -3   -4  12.84171        0.0001500011   0.0000000000
    0    0    0   0.09374        -1   -3    1  12.84171       -0.0000984916  -0.0000000000
    0    0    0   0.09374        -1    1   -3  12.84171       -0.0000984916  -0.0000000000
    0    0    0   0.09374         0   -3    1  12.84171        0.0000367381  -0.0000000000
    0    0    0   0.09374         0    1   -3  12.84171        0.0000367381   0.0000000000
    0    0    0   0.09374         1   -3   -2  12.84171       -0.0001500011  -0.0000000000
    0    0    0   0.09374         1   -2   -3  12.84171       -0.0001500011  -0.0000000000
    0    0    0   0.09374         1   -2    2  12.84171        0.0000984916   0.0000000000
    0    0    0   0.09374         1    2   -2  12.84171        0.0000984916   0.0000000000
    0    0    0   0.09374         4    1    1  12.84171       -0.0000367381  -0.0000000000
    0    0    0   0.09374         4    1    2  12.84171        0.0000984916   0.0000000000
    0    0    0   0.09374         4    2    1  12.84171        0.0000984916   0.0000000000
    0    0    0   0.09374        -4   -2   -1  13.59159        0.0000814635   0.0000000000
    0    0    0   0.09374        -4   -1   -2  13.59159        0.0000814635   0.0000000000
    0    0    0   0.09374        -3   -3    0  13.59159        0.0000000000   0.0000000000
    0    0    0   0.09374        -3    0   -3  13.59159        0.0000000000  -0.0000000000
    0    0    0   0.09374        -2    0    2  13.59159        0.0000286180   0.0000000000
    0    0    0   0.09374        -2    2    0  13.59159        0.0000286180   0.0000000000
    0    0    0   0.09374         3    4    2  14.34147        0.0000628073  -0.0000000000
    0    0    0   0.09374         4    3    3  14.34147        0.0000919495  -0.0000000000
    0    0    0   0.09374        -4   -4   -3  15.09135       -0.0000701796   0.0000000000
    0    0    0   0.09374        -4   -3   -4  15.09135       -0.0000701796   0.0000000000
    0    0    0   0.09374        -4   -3   -1  15.09135        0.0000574615  -0.0000000000
    0    0    0   0.09374        -4   -1   -3  15.09135        0.0000574615  -0.0000000000
    0    0    0   0.09374        -3    0    1  15.09135       -0.0001229889   0.0000000000
    0    0    0   0.09374        -3    1    0  15.09135       -0.0001229889  -0.0000000000
    0    0    0   0.09374        -2   -3    1  15.09135       -0.0000574615   0.0000000000
    0    0    0   0.09374        -2    1   -3  15.09135       -0.0000574615   0.0000000000
    0    0    0   0.09374        -2    1    2  15.09135        0.0000580034   0.0000000000
    0    0    0   0.09374        -2    2    1  15.09135        0.0000580034   0.0000000000
    0    0    0   0.09374        -1   -4    0  15.09135       -0.0000701796   0.0000000000
    0    0    0   0.09374        -1    0   -4  15.09135       -0.0000701796   0.0000000000
    0    0    0   0.09374        -1    0    3  15.09135       -0.0001229889  -0.0000000000
    0    0    0   0.09374        -1    1    3  15.09135       -0.0000580034   0.0000000000
    0    0    0   0.09374        -1    3    0  15.09135       -0.0001229889  -0.0000000000
    0    0    0   0.09374        -1    3    1  15.09135       -0.0000580034  -0.0000000000
    0    0    0   0.09374         1   -3    1  15.09135        0.0000701796  -0.0000000000
    0    0    0   0.09374         1    1   -3  15.09135        0.0000701796   0.0000000000
    0    0    0   0.09374         1    1    4  15.09135        0.0001229889  -0.0000000000
    0    0    0   0.09374         1    2    4  15.09135        0.0000580034   0.0000000000
    0    0    0   0.09374         1    4    1  15.09135        0.0001229889   0.0000000000
    0    0    0   0.09374         1    4    2  15.09135        0.0000580034   0.0000000000
    0    0    0   0.09374         2   -1    3  15.09135       -0.0000574615   0.0000000000
    0    0    0   0.09374         2    3   -1  15.09135       -0.0000574615  -0.0000000000
    0    0    0   0.09374         2    3    4  15.09135        0.0000580034   0.0000000000
    0    0    0   0.09374         2    4    3  15.09135        0.0000580034   0.0000000000
    0    0    0   0.09374         3    3    4  15.09135        0.0001229889   0.0000000000
    0    0    0   0.09374         3    4    3  15.09135        0.0001229889   0.0000000000
    0    0    0   0.09374         4    0    1  15.09135       -0.0000701796  -0.0000000000
    0    0    0   0.09374         4    1    0  15.09135       -0.0000701796  -0.0000000000
    0    0    0   0.09374        -2   -2   -5  17.34100        0.0000513646  -0.0000000000
    0    0    0   0.09374        -2   -2    2  17.34100        0.0000021163   0.0000000000
    0    0    0   0.09374        -2    2   -2  17.34100        0.0000021163   0.0000000000
    0    0    0   0.09374        -1   -1    3  17.34100       -0.0000449609  -0.0000000000
    0    0    0   0.09374        -1    2    3  17.34100       -0.0000154030  -0.0000000000
    0    0    0   0.09374        -1    3   -1  17.34100       -0.0000449609   0.0000000000
    0    0    0   0.09374        -1    3    2  17.34100       -0.0000154030  -0.0000000000
    0    0    0   0.09374         1    0    4  17.34100        0.0000449609  -0.0000000000
    0    0    0   0.09374         1    3    4  17.34100        0.0000154030   0.0000000000
    0    0    0   0.09374         1    4    0  17.34100        0.0000449609   0.0000000000
    0    0    0   0.09374         1    4    3  17.34100        0.0000154030   0.0000000000
    0    0    0   0.09374         2   -3   -1  17.34100        0.0000000000  -0.0000000000
    0    0    0   0.09374         2   -3    0  17.34100        0.0000513646  -0.0000000000
    0    0    0   0.09374         2   -1   -3  17.34100       -0.0000000000   0.0000000000
    0    0    0   0.09374         2    0   -3  17.34100        0.0000513646   0.0000000000
    0    0    0   0.09374         2    0    4  17.34100        0.0000021163   0.0000000000
    0    0    0   0.09374         2    4    0  17.34100        0.0000021163  -0.0000000000
    0    0    0   0.09374         3   -2    0  17.34100        0.0000513646   0.0000000000
    0    0    0   0.09374         3    0   -2  17.34100        0.0000513646  -0.0000000000
    0    0    0   0.09374         4    2    4  17.34100        0.0000021163  -0.0000000000
    0    0    0   0.09374         4    3    4  17.34100        0.0000449609  -0.0000000000
    0    0    0   0.09374         4    4    2  17.34100        0.0000021163   0.0000000000
    0    0    0   0.09374         4    4    3  17.34100        0.0000449609  -0.0000000000
    0    0    0   0.09374        -3   -5   -2  18.09088       -0.0000000000   0.0000000000
    0    0    0   0.09374        -3   -2   -5  18.09088        0.0000000000  -0.0000000000
    0    0    0   0.09374        -3    1    1  18.09088       -0.0000689345  -0.0000000000
    0    0    0   0.09374         0    1    4  18.09088        0.0000689345  -0.0000000000
    0    0    0   0.09374         0    4    1  18.09088        0.0000689345   0.0000000000
    0    0    0   0.09374         3   -2    1  18.09088       -0.0000000000   0.0000000000
    0    0    0   0.09374         3    1   -2  18.09088        0.0000000000  -0.0000000000
    0    0    0   0.09374         3    4    4  18.09088        0.0000689345   0.0000000000
    0    0    0   0.09374        -5   -3   -3  18.84076        0.0000383107  -0.0000000000
    0    0    0   0.09374        -3    1   -3  19.59064        0.0000110815   0.0000000000
    0    0    0   0.09374        -2   -5   -4  19.59064       -0.0000217866   0.0000000000
    0    0    0   0.09374        -2   -5   -1  19.59064        0.0000158288   0.0000000000
    0    0    0   0.09374        -2   -4   -5  19.59064       -0.0000217866  -0.0000000000
    0    0    0   0.09374        -2   -1   -5  19.59064        0.0000158288  -0.0000000000
    0    0    0   0.09374        -1   -5   -3  19.59064        0.0000217866   0.0000000000
    0    0    0   0.09374        -1   -3   -5  19.59064        0.0000217866  -0.0000000000
    0    0    0   0.09374        -1   -3    2  19.59064       -0.0000508245  -0.0000000000
    0    0    0   0.09374        -1    2   -3  19.59064       -0.0000508245   0.0000000000
    0    0    0   0.09374         0   -2    3  19.59064        0.0000144346   0.0000000000
    0    0    0   0.09374         0    0    4  19.59064        0.0000257650   0.0000000000
    0    0    0   0.09374         0    3   -2  19.59064        0.0000144346   0.0000000000
    0    0    0   0.09374         0    4    0  19.59064        0.0000257650  -0.0000000000
    0    0    0   0.09374         1   -4   -2  19.59064       -0.0000217866   0.0000000000
    0    0    0   0.09374         1   -2   -4  19.59064       -0.0000217866  -0.0000000000
    0    0    0   0.09374         1   -2    3  19.59064        0.0000508245  -0.0000000000
    0    0    0   0.09374         1    3   -2  19.59064        0.0000508245   0.0000000000
    0    0    0   0.09374         2   -3   -2  19.59064       -0.0000217866  -0.0000000000
    0    0    0   0.09374         2   -3    1  19.59064        0.0000158288  -0.0000000000
    0    0    0   0.09374         2   -2   -3  19.59064       -0.0000217866   0.0000000000
    0    0    0   0.09374         2    1   -3  19.59064        0.0000158288   0.0000000000
    0    0    0   0.09374         3    0    4  19.59064       -0.0000110815  -0.0000000000
    0    0    0   0.09374         3    4    0  19.59064       -0.0000110815  -0.0000000000
    0    0    0   0.09374         4   -1    1  19.59064       -0.0000158288  -0.0000000000
    0    0    0   0.09374         4    1   -1  19.59064       -0.0000158288  -0.0000000000
    0    0    0   0.09374         4    1    4  19.59064       -0.0000110815  -0.0000000000
    0    0    0   0.09374         4    4    1  19.59064       -0.0000110815  -0.0000000000
    0    0    0   0.09374         4    4    4  19.59064        0.0000257650   0.0000000000
    0    0    0   0.09374         5    2    3  19.59064       -0.0000508245  -0.0000000000
    0    0    0   0.09374         5    3    2  19.59064       -0.0000508245   0.0000000000
    0    0    0   0.09374         5    3    3  19.59064       -0.0000144346  -0.0000000000
    0    0    0   0.09374        -5   -4   -3  20.34052       -0.0000008255  -0.0000000000
    0    0    0   0.09374         3    2   -2  21.09040        0.0000114370   0.0000000000
    0    0    0   0.09374         3    2    5  21.09040        0.0000000000   0.0000000000
    0    0    0   0.09374         3    3    5  21.09040        0.0000278688   0.0000000000
    0    0    0   0.09374         3    5    2  21.09040       -0.0000000000   0.0000000000
    0    0    0   0.09374         3    5    3  21.09040        0.0000278688   0.0000000000
    0    0    0   0.09374         4   -1    2  21.09040        0.0000114370   0.0000000000
    0    0    0   0.09374         4    2   -1  21.09040        0.0000114370  -0.0000000000
    0    0    0   0.09374         5    1    1  21.09040        0.0000256001  -0.0000000000
    0    0    0   0.09374        -5   -4   -2  21.84028        0.0000360975   0.0000000000
    0    0    0   0.09374        -5   -2   -4  21.84028        0.0000360975   0.0000000000
    0    0    0   0.09374        -5   -2   -1  21.84028       -0.0000218761   0.0000000000
    0    0    0   0.09374        -5   -1   -2  21.84028       -0.0000218761  -0.0000000000
    0    0    0   0.09374        -2   -4    1  21.84028        0.0000360975   0.0000000000
    0    0    0   0.09374        -2    1   -4  21.84028        0.0000360975   0.0000000000
    0    0    0   0.09374        -2    1    3  21.84028       -0.0000000000   0.0000000000
    0    0    0   0.09374        -2    3    1  21.84028        0.0000000000  -0.0000000000
    0    0    0   0.09374        -1   -2    3  21.84028       -0.0000218761  -0.0000000000
    0    0    0   0.09374        -1    3   -2  21.84028       -0.0000218761   0.0000000000
    0    0    0   0.09374        -1    3    3  21.84028       -0.0000115487  -0.0000000000
    0    0    0   0.09374         0    3    4  21.84028        0.0000115487   0.0000000000
    0    0    0   0.09374         0    4    3  21.84028        0.0000115487   0.0000000000
    0    0    0   0.09374         1   -1    4  21.84028        0.0000218761  -0.0000000000
    0    0    0   0.09374         1    4   -1  21.84028        0.0000218761   0.0000000000
    0    0    0   0.09374         1    4    4  21.84028        0.0000115487   0.0000000000
    0    0    0   0.09374         2   -2    3  21.84028        0.0000360975   0.0000000000
    0    0    0   0.09374         2    3   -2  21.84028        0.0000360975   0.0000000000
    0    0    0   0.09374         2    3    5  21.84028        0.0000000000   0.0000000000
    0    0    0   0.09374         2    5    3  21.84028       -0.0000000000  -0.0000000000
    0    0    0   0.09374         5    1    3  21.84028       -0.0000360975  -0.0000000000
    0    0    0   0.09374         5    3    1  21.84028       -0.0000360975  -0.0000000000
    0    0    0   0.09374         5    3    4  21.84028        0.0000218761   0.0000000000
    0    0    0   0.09374         5    4    3  21.84028        0.0000218761  -0.0000000000
    0    0    0   0.09374        -1    1    4  23.34005        0.0000105498   0.0000000000
    0    0    0   0.09374        -1    4    1  23.34005        0.0000105498   0.0000000000
    0    0    0   0.09374         0   -5   -1  23.34005       -0.0000122986  -0.0000000000
    0    0    0   0.09374         0   -1   -5  23.34005       -0.0000122986  -0.0000000000
    0    0    0   0.09374         0   -1    4  23.34005        0.0000144516  -0.0000000000
    0    0    0   0.09374         0    4   -1  23.34005        0.0000144516  -0.0000000000
    0    0    0   0.09374         1    2    5  23.34005       -0.0000105498  -0.0000000000
    0    0    0   0.09374         1    5    2  23.34005       -0.0000105498  -0.0000000000
    0    0    0   0.09374         3    1    5  23.34005       -0.0000103811   0.0000000000
    0    0    0   0.09374         3    4    5  23.34005        0.0000105498   0.0000000000
    0    0    0   0.09374         3    5    1  23.34005       -0.0000103811  -0.0000000000
    0    0    0   0.09374         3    5    4  23.34005        0.0000105498  -0.0000000000
    0    0    0   0.09374         4   -1   -1  23.34005        0.0000122986   0.0000000000
    0    0    0   0.09374         4    2    5  23.34005        0.0000103811   0.0000000000
    0    0    0   0.09374         4    5    2  23.34005        0.0000103811   0.0000000000
    0    0    0   0.09374         5    4    4  23.34005        0.0000144516  -0.0000000000
    0    0    0   0.09374        -5   -5   -4  24.08993       -0.0000162482  -0.0000000000
    0    0    0   0.09374        -5   -5   -3  24.08993       -0.0000065784  -0.0000000000
    0    0    0   0.09374        -5   -4   -5  24.08993       -0.0000162482  -0.0000000000
    0    0    0   0.09374        -5   -3   -5  24.08993       -0.0000065784  -0.0000000000
    0    0    0   0.09374        -4   -4    0  24.08993       -0.0000152288  -0.0000000000
    0    0    0   0.09374        -4    0   -4  24.08993       -0.0000152288  -0.0000000000
    0    0    0   0.09374        -4    0    1  24.08993       -0.0000091380   0.0000000000
    0    0    0   0.09374        -4    1    0  24.08993       -0.0000091380  -0.0000000000
    0    0    0   0.09374        -2   -5   -5  24.08993        0.0000128740   0.0000000000
    0    0    0   0.09374        -2   -5    0  24.08993        0.0000065784   0.0000000000
    0    0    0   0.09374        -2    0   -5  24.08993        0.0000065784   0.0000000000
    0    0    0   0.09374        -1   -5    0  24.08993        0.0000162482   0.0000000000
    0    0    0   0.09374        -1    0   -5  24.08993        0.0000162482  -0.0000000000
    0    0    0   0.09374        -1    0    4  24.08993       -0.0000091380   0.0000000000
    0    0    0   0.09374        -1    4    0  24.08993       -0.0000091380  -0.0000000000
    0    0    0   0.09374         0   -5   -3  24.08993       -0.0000128740  -0.0000000000
   -1   -1   -1   0.84362        -1   -1   -1   0.84362       -0.0355556883   0.0000000000
    0   -1   -1   0.84362         0   -1   -1   0.84362       -0.0360684084   0.0000000000
    0   -1    0   0.84362         0   -1    0   0.84362       -0.0355556883   0.0000000000
    0    0   -1   0.84362         0    0   -1   0.84362       -0.0355556883   0.0000000000
    1    0    0   0.84362         1    0    0   0.84362       -0.0355556883   0.0000000000
   -1   -1    0   1.59350        -1   -1    0   1.59350       -0.0342713952   0.0000000000
   -1    0   -1   1.59350        -1    0   -1   1.59350       -0.0342713952  -0.0000000000
   -1    0    0   1.59350        -1    0    0   1.59350       -0.0330759374  -0.0000000000
    0    0    1   1.59350         0    0    1   1.59350       -0.0330759374  -0.0000000000
    0    1    0   1.59350         0    1    0   1.59350       -0.0330759374   0.0000000000
    1    0    1   1.59350         1    0    1   1.59350       -0.0342713952  -0.0000000000
    1    1    0   1.59350         1    1    0   1.59350       -0.0342713952  -0.0000000000
    1    1    1   1.59350         1    1    1   1.59350       -0.0330759374  -0.0000000000
   -1   -2   -1   2.34338        -1   -2   -1   2.34338       -0.0278927512  -0.0000000000
   -1   -1   -2   2.34338        -1   -1   -2   2.34338       -0.0278927512   0.0000000000
    0    1    1   2.34338         0    1    1   2.34338       -0.0279646640   0.0000000000
    1   -1    0   2.34338         1   -1    0   2.34338       -0.0278927512   0.0000000000
    1    0   -1   2.34338         1    0   -1   2.34338       -0.0278927512  -0.0000000000
   -2   -1   -1   3.09326        -2   -1   -1   3.09326       -0.0227569407   0.0000000000
   -1   -2   -2   3.09326        -1   -2   -2   3.09326       -0.0217026129   0.0000000000
    0   -2   -1   3.09326         0   -2   -1   3.09326       -0.0217026129   0.0000000000
    0   -1   -2   3.09326         0   -1   -2   3.09326       -0.0217026129  -0.0000000000
    0   -1    1   3.09326         0   -1    1   3.09326       -0.0227569407   0.0000000000
    0    1   -1   3.09326         0    1   -1   3.09326       -0.0227569407  -0.0000000000
    1   -1   -1   3.09326         1   -1   -1   3.09326       -0.0217026129   0.0000000000
    2    1    1   3.09326         2    1    1   3.09326       -0.0227569407  -0.0000000000
   -2   -2   -2   3.84314        -2   -2   -2   3.84314       -0.0164367621  -0.0000000000
   -2   -2   -1   3.84314        -2   -2   -1   3.84314       -0.0156397794  -0.0000000000
   -2   -1   -2   3.84314        -2   -1   -2   3.84314       -0.0156397794  -0.0000000000
   -1   -2    0   3.84314        -1   -2    0   3.84314       -0.0156397794   0.0000000000
   -1    0   -2   3.84314        -1    0   -2   3.84314       -0.0156397794   0.0000000000
   -1   -3   -2   6.09278        -1   -3   -2   6.09278       -0.0043349906  -0.0000000000
   -1   -3   -1   6.09278        -1   -3   -1   6.09278       -0.0043945208  -0.0000000000
   -1   -2   -3   6.09278        -1   -2   -3   6.09278       -0.0043349906   0.0000000000
   -1   -1   -3   6.09278        -1   -1   -3   6.09278       -0.0043945208  -0.0000000000
    1   -2   -1   6.09278         1   -2   -1   6.09278       -0.0043349906   0.0000000000
    1   -2    0   6.09278         1   -2    0   6.09278       -0.0043945208  -0.0000000000
    1   -1   -2   6.09278         1   -1   -2   6.09278       -0.0043349906  -0.0000000000
    1    0   -2   6.09278         1    0   -2   6.09278       -0.0043945208   0.0000000000
    2   -1    0   6.09278         2   -1    0   6.09278       -0.0043945208   0.0000000000
    2    0   -1   6.09278         2    0   -1   6.09278       -0.0043945208   0.0000000000
    2    0    2   6.09278         2    0    2   6.09278       -0.0042250622   0.0000000000
    2    2    0   6.09278         2    2    0   6.09278       -0.0042250622   0.0000000000
   -3   -2   -2   6.84266        -3   -2   -2   6.84266       -0.0027261903  -0.0000000000
   -2   -3   -1   6.84266        -2   -3   -1   6.84266       -0.0026676791  -0.0000000000
   -2   -1   -3   6.84266        -2   -1   -3   6.84266       -0.0026676791  -0.0000000000
    0   -2    1   6.84266         0   -2    1   6.84266       -0.0027261903   0.0000000000
    0    1   -2   6.84266         0    1   -2   6.84266       -0.0027261903  -0.0000000000
    2   -1    1   6.84266         2   -1    1   6.84266       -0.0026676791  -0.0000000000
    2    1   -1   6.84266         2    1   -1   6.84266       -0.0026676791  -0.0000000000
    3    1    1   6.84266         3    1    1   6.84266       -0.0027261903   0.0000000000
   -3   -2   -1   7.59254        -3   -2   -1   7.59254       -0.0016506177   0.0000000000
   -3   -1   -2   7.59254        -3   -1   -2   7.59254       -0.0016506177   0.0000000000
   -3   -1   -1   7.59254        -3   -1   -1   7.59254       -0.0016101116   0.0000000000
   -2   -3   -3   7.59254        -2   -3   -3   7.59254       -0.0016288086  -0.0000000000
   -1   -2    1   7.59254        -1   -2    1   7.59254       -0.0016506177   0.0000000000
   -1    1   -2   7.59254        -1    1   -2   7.59254       -0.0016506177  -0.0000000000
    0   -3   -1   7.59254         0   -3   -1   7.59254       -0.0016288086  -0.0000000000
    0   -1   -3   7.59254         0   -1   -3   7.59254       -0.0016288086  -0.0000000000
    0   -1    2   7.59254         0   -1    2   7.59254       -0.0016101116  -0.0000000000
    0    2   -1   7.59254         0    2   -1   7.59254       -0.0016101116  -0.0000000000
    0    2    2   7.59254         0    2    2   7.59254       -0.0016040896   0.0000000000
    1   -1    2   7.59254         1   -1    2   7.59254       -0.0016506177   0.0000000000
    0   -3    0   9.09231         0   -3    0   9.09231       -0.0006378427   0.0000000000
    0    0   -3   9.09231         0    0   -3   9.09231       -0.0006378427   0.0000000000
    1    2    3   9.09231         1    2    3   9.09231       -0.0006795419   0.0000000000
    1    3    2   9.09231         1    3    2   9.09231       -0.0006795419  -0.0000000000
    3    0    0   9.09231         3    0    0   9.09231       -0.0006378427   0.0000000000
   -3   -3   -1   9.84219        -3   -3   -1   9.84219       -0.0004465804  -0.0000000000
   -3   -1   -3   9.84219        -3   -1   -3   9.84219       -0.0004465804   0.0000000000
   -3   -1    0   9.84219        -3   -1    0   9.84219       -0.0004496109  -0.0000000000
   -3    0   -1   9.84219        -3    0   -1   9.84219       -0.0004496109  -0.0000000000
   -2   -3    0   9.84219        -2   -3    0   9.84219       -0.0004465804   0.0000000000
   -2    0   -3   9.84219        -2    0   -3   9.84219       -0.0004465804  -0.0000000000
   -1   -1    2   9.84219        -1   -1    2   9.84219       -0.0004496109  -0.0000000000
   -1    2   -1   9.84219        -1    2   -1   9.84219       -0.0004496109  -0.0000000000
    1    0    3   9.84219         1    0    3   9.84219       -0.0004496109  -0.0000000000
    1    3    0   9.84219         1    3    0   9.84219       -0.0004496109  -0.0000000000
    2   -1    2   9.84219         2   -1    2   9.84219       -0.0004465804   0.0000000000
    2    2   -1   9.84219         2    2   -1   9.84219       -0.0004465804   0.0000000000
    3    0    2   9.84219         3    0    2   9.84219       -0.0004465804   0.0000000000
    3    2    0   9.84219         3    2    0   9.84219       -0.0004465804  -0.0000000000
    3    2    3   9.84219         3    2    3   9.84219       -0.0004496109  -0.0000000000
    3    3    2   9.84219         3    3    2   9.84219       -0.0004496109  -0.0000000000
   -3   -2    0  10.59207        -3   -2    0  10.59207       -0.0003130431  -0.0000000000
   -3    0   -2  10.59207        -3    0   -2  10.59207       -0.0003130431  -0.0000000000
   -2   -4   -2  10.59207        -2   -4   -2  10.59207       -0.0003637605  -0.0000000000
   -2   -2   -4  10.59207        -2   -2   -4  10.59207       -0.0003637605  -0.0000000000
   -2   -2    1  10.59207        -2   -2    1  10.59207       -0.0003130431   0.0000000000
   -2    1   -2  10.59207        -2    1   -2  10.59207       -0.0003130431  -0.0000000000
   -2    1    1  10.59207        -2    1    1  10.59207       -0.0003230874   0.0000000000
    0    1    3  10.59207         0    1    3  10.59207       -0.0003230874  -0.0000000000
    0    3    1  10.59207         0    3    1  10.59207       -0.0003230874  -0.0000000000
    2   -2    0  10.59207         2   -2    0  10.59207       -0.0003637605  -0.0000000000
    2    0   -2  10.59207         2    0   -2  10.59207       -0.0003637605   0.0000000000
    1   -3    0  12.09183         1   -3    0  12.09183       -0.0001758465  -0.0000000000
    1    0   -3  12.09183         1    0   -3  12.09183       -0.0001758465  -0.0000000000
    1    3    3  12.09183         1    3    3  12.09183       -0.0001589199  -0.0000000000
    2   -2    1  12.09183         2   -2    1  12.09183       -0.0001728050   0.0000000000
    2    1   -2  12.09183         2    1   -2  12.09183       -0.0001728050   0.0000000000
    3   -1    0  12.09183         3   -1    0  12.09183       -0.0001758465   0.0000000000
    3   -1    1  12.09183         3   -1    1  12.09183       -0.0001728050   0.0000000000
    3    0   -1  12.09183         3    0   -1  12.09183       -0.0001758465  -0.0000000000
    3    1   -1  12.09183         3    1   -1  12.09183       -0.0001728050   0.0000000000
    4    2    2  12.09183         4    2    2  12.09183       -0.0001877425   0.0000000000
   -4   -3   -3  12.84171        -4   -3   -3  12.84171       -0.0001341713  -0.0000000000
   -4   -3   -2  12.84171        -4   -3   -2  12.84171       -0.0001321335   0.0000000000
   -4   -2   -3  12.84171        -4   -2   -3  12.84171       -0.0001321335   0.0000000000
   -1   -4   -3  12.84171        -1   -4   -3  12.84171       -0.0001247459   0.0000000000
   -1   -3   -4  12.84171        -1   -3   -4  12.84171       -0.0001247459  -0.0000000000
   -1   -3    1  12.84171        -1   -3    1  12.84171       -0.0001321335   0.0000000000
   -1    1   -3  12.84171        -1    1   -3  12.84171       -0.0001321335   0.0000000000
    0   -3    1  12.84171         0   -3    1  12.84171       -0.0001341713  -0.0000000000
    0    1   -3  12.84171         0    1   -3  12.84171       -0.0001341713  -0.0000000000
    1   -3   -2  12.84171         1   -3   -2  12.84171       -0.0001247459   0.0000000000
    1   -2   -3  12.84171         1   -2   -3  12.84171       -0.0001247459  -0.0000000000
    1   -2    2  12.84171         1   -2    2  12.84171       -0.0001321335  -0.0000000000
    1    2   -2  12.84171         1    2   -2  12.84171       -0.0001321335   0.0000000000
    4    1    1  12.84171         4    1    1  12.84171       -0.0001341713   0.0000000000
    4    1    2  12.84171         4    1    2  12.84171       -0.0001321335  -0.0000000000
    4    2    1  12.84171         4    2    1  12.84171       -0.0001321335  -0.0000000000
   -4   -2   -1  13.59159        -4   -2   -1  13.59159       -0.0000993007  -0.0000000000
   -4   -1   -2  13.59159        -4   -1   -2  13.59159       -0.0000993007   0.0000000000
   -3   -3    0  13.59159        -3   -3    0  13.59159       -0.0000884335  -0.0000000000
   -3    0   -3  13.59159        -3    0   -3  13.59159       -0.0000884335   0.0000000000
   -2    0    2  13.59159        -2    0    2  13.59159       -0.0001076636   0.0000000000
   -2    2    0  13.59159        -2    2    0  13.59159       -0.0001076636  -0.0000000000
    3    4    2  14.34147         3    4    2  14.34147       -0.0000778088  -0.0000000000
    4    3    3  14.34147         4    3    3  14.34147       -0.0000844051  -0.0000000000
   -4   -4   -3  15.09135        -4   -4   -3  15.09135       -0.0000628643   0.0000000000
   -4   -3   -4  15.09135        -4   -3   -4  15.09135       -0.0000628643   0.0000000000
   -4   -3   -1  15.09135        -4   -3   -1  15.09135       -0.0000562423   0.0000000000
   -4   -1   -3  15.09135        -4   -1   -3  15.09135       -0.0000562423  -0.0000000000
   -3    0    1  15.09135        -3    0    1  15.09135       -0.0000631030   0.0000000000
   -3    1    0  15.09135        -3    1    0  15.09135       -0.0000631030  -0.0000000000
   -2   -3    1  15.09135        -2   -3    1  15.09135       -0.0000562423  -0.0000000000
   -2    1   -3  15.09135        -2    1   -3  15.09135       -0.0000562423  -0.0000000000
   -2    1    2  15.09135        -2    1    2  15.09135       -0.0000591857   0.0000000000
   -2    2    1  15.09135        -2    2    1  15.09135       -0.0000591857  -0.0000000000
   -1   -4    0  15.09135        -1   -4    0  15.09135       -0.0000628643   0.0000000000
   -1    0   -4  15.09135        -1    0   -4  15.09135       -0.0000628643   0.0000000000
   -1    0    3  15.09135        -1    0    3  15.09135       -0.0000631030  -0.0000000000
   -1    1    3  15.09135        -1    1    3  15.09135       -0.0000591857   0.0000000000
   -1    3    0  15.09135        -1    3    0  15.09135       -0.0000631030  -0.0000000000
   -1    3    1  15.09135        -1    3    1  15.09135       -0.0000591857  -0.0000000000
    1   -3    1  15.09135         1   -3    1  15.09135       -0.0000628643   0.0000000000
    1    1   -3  15.09135         1    1   -3  15.09135       -0.0000628643   0.0000000000
    1    1    4  15.09135         1    1    4  15.09135       -0.0000631030  -0.0000000000
    1    2    4  15.09135         1    2    4  15.09135       -0.0000591857   0.0000000000
    1    4    1  15.09135         1    4    1  15.09135       -0.0000631030  -0.0000000000
    1    4    2  15.09135         1    4    2  15.09135       -0.0000591857   0.0000000000
    2   -1    3  15.09135         2   -1    3  15.09135       -0.0000562423   0.0000000000
    2    3   -1  15.09135         2    3   -1  15.09135       -0.0000562423  -0.0000000000
    2    3    4  15.09135         2    3    4  15.09135       -0.0000591857  -0.0000000000
    2    4    3  15.09135         2    4    3  15.09135       -0.0000591857  -0.0000000000
    3    3    4  15.09135         3    3    4  15.09135       -0.0000631030  -0.0000000000
    3    4    3  15.09135         3    4    3  15.09135       -0.0000631030  -0.0000000000
    4    0    1  15.09135         4    0    1  15.09135       -0.0000628643   0.0000000000
    4    1    0  15.09135         4    1    0  15.09135       -0.0000628643   0.0000000000
   -2   -2   -5  17.34100        -2   -2   -5  17.34100       -0.0000326160  -0.0000000000
   -2   -2    2  17.34100        -2   -2    2  17.34100       -0.0000289189  -0.0000000000
   -2    2   -2  17.34100        -2    2   -2  17.34100       -0.0000289189  -0.0000000000
   -1   -1    3  17.34100        -1   -1    3  17.34100       -0.0000337033   0.0000000000
   -1    2    3  17.34100        -1    2    3  17.34100       -0.0000286358   0.0000000000
   -1    3   -1  17.34100        -1    3   -1  17.34100       -0.0000337033   0.0000000000
   -1    3    2  17.34100        -1    3    2  17.34100       -0.0000286358  -0.0000000000
    1    0    4  17.34100         1    0    4  17.34100       -0.0000337033   0.0000000000
    1    3    4  17.34100         1    3    4  17.34100       -0.0000286358   0.0000000000
    1    4    0  17.34100         1    4    0  17.34100       -0.0000337033  -0.0000000000
    1    4    3  17.34100         1    4    3  17.34100       -0.0000286358   0.0000000000
    2   -3   -1  17.34100         2   -3   -1  17.34100       -0.0000324788  -0.0000000000
    2   -3    0  17.34100         2   -3    0  17.34100       -0.0000326160   0.0000000000
    2   -1   -3  17.34100         2   -1   -3  17.34100       -0.0000324788   0.0000000000
    2    0   -3  17.34100         2    0   -3  17.34100       -0.0000326160   0.0000000000
    2    0    4  17.34100         2    0    4  17.34100       -0.0000289189   0.0000000000
    2    4    0  17.34100         2    4    0  17.34100       -0.0000289189  -0.0000000000
    3   -2    0  17.34100         3   -2    0  17.34100       -0.0000326160   0.0000000000
    3    0   -2  17.34100         3    0   -2  17.34100       -0.0000326160   0.0000000000
    4    2    4  17.34100         4    2    4  17.34100       -0.0000289189  -0.0000000000
    4    3    4  17.34100         4    3    4  17.34100       -0.0000337033   0.0000000000
    4    4    2  17.34100         4    4    2  17.34100       -0.0000289189  -0.0000000000
    4    4    3  17.34100         4    4    3  17.34100       -0.0000337033   0.0000000000
   -3   -5   -2  18.09088        -3   -5   -2  18.09088       -0.0000253301  -0.0000000000
   -3   -2   -5  18.09088        -3   -2   -5  18.09088       -0.0000253301   0.0000000000
   -3    1    1  18.09088        -3    1    1  18.09088       -0.0000263603   0.0000000000
    0    1    4  18.09088         0    1    4  18.09088       -0.0000263603   0.0000000000
    0    4    1  18.09088         0    4    1  18.09088       -0.0000263603   0.0000000000
    3   -2    1  18.09088         3   -2    1  18.09088       -0.0000253301  -0.0000000000
    3    1   -2  18.09088         3    1   -2  18.09088       -0.0000253301  -0.0000000000
    3    4    4  18.09088         3    4    4  18.09088       -0.0000263603   0.0000000000
   -5   -3   -3  18.84076        -5   -3   -3  18.84076       -0.0000206408  -0.0000000000
   -3    1   -3  19.59064        -3    1   -3  19.59064       -0.0000150297  -0.0000000000
   -2   -5   -4  19.59064        -2   -5   -4  19.59064       -0.0000157109   0.0000000000
   -2   -5   -1  19.59064        -2   -5   -1  19.59064       -0.0000165616  -0.0000000000
   -2   -4   -5  19.59064        -2   -4   -5  19.59064       -0.0000157109  -0.0000000000
   -2   -1   -5  19.59064        -2   -1   -5  19.59064       -0.0000165616   0.0000000000
   -1   -5   -3  19.59064        -1   -5   -3  19.59064       -0.0000157109  -0.0000000000
   -1   -3   -5  19.59064        -1   -3   -5  19.59064       -0.0000157109  -0.0000000000
   -1   -3    2  19.59064        -1   -3    2  19.59064       -0.0000161748   0.0000000000
   -1    2   -3  19.59064        -1    2   -3  19.59064       -0.0000161748   0.0000000000
    0   -2    3  19.59064         0   -2    3  19.59064       -0.0000174080  -0.0000000000
    0    0    4  19.59064         0    0    4  19.59064       -0.0000170084   0.0000000000
    0    3   -2  19.59064         0    3   -2  19.59064       -0.0000174080   0.0000000000
    0    4    0  19.59064         0    4    0  19.59064       -0.0000170084   0.0000000000
    1   -4   -2  19.59064         1   -4   -2  19.59064       -0.0000157109   0.0000000000
    1   -2   -4  19.59064         1   -2   -4  19.59064       -0.0000157109   0.0000000000
    1   -2    3  19.59064         1   -2    3  19.59064       -0.0000161748  -0.0000000000
    1    3   -2  19.59064         1    3   -2  19.59064       -0.0000161748  -0.0000000000
    2   -3   -2  19.59064         2   -3   -2  19.59064       -0.0000157109  -0.0000000000
    2   -3    1  19.59064         2   -3    1  19.59064       -0.0000165616  -0.0000000000
    2   -2   -3  19.59064         2   -2   -3  19.59064       -0.0000157109   0.0000000000
    2    1   -3  19.59064         2    1   -3  19.59064       -0.0000165616  -0.0000000000
    3    0    4  19.59064         3    0    4  19.59064       -0.0000150297   0.0000000000
    3    4    0  19.59064         3    4    0  19.59064       -0.0000150297   0.0000000000
    4   -1    1  19.59064         4   -1    1  19.59064       -0.0000165616  -0.0000000000
    4    1   -1  19.59064         4    1   -1  19.59064       -0.0000165616   0.0000000000
    4    1    4  19.59064         4    1    4  19.59064       -0.0000150297  -0.0000000000
    4    4    1  19.59064         4    4    1  19.59064       -0.0000150297  -0.0000000000
    4    4    4  19.59064         4    4    4  19.59064       -0.0000170084   0.0000000000
    5    2    3  19.59064         5    2    3  19.59064       -0.0000161748  -0.0000000000
    5    3    2  19.59064         5    3    2  19.59064       -0.0000161748  -0.0000000000
    5    3    3  19.59064         5    3    3  19.59064       -0.0000174080  -0.0000000000
   -5   -4   -3  20.34052        -5   -4   -3  20.34052       -0.0000134814  -0.0000000000
    3    2   -2  21.09040         3    2   -2  21.09040       -0.0000104969   0.0000000000
    3    2    5  21.09040         3    2    5  21.09040       -0.0000103938   0.0000000000
    3    3    5  21.09040         3    3    5  21.09040       -0.0000111425   0.0000000000
    3    5    2  21.09040         3    5    2  21.09040       -0.0000103938   0.0000000000
    3    5    3  21.09040         3    5    3  21.09040       -0.0000111425   0.0000000000
    4   -1    2  21.09040         4   -1    2  21.09040       -0.0000104969  -0.0000000000
    4    2   -1  21.09040         4    2   -1  21.09040       -0.0000104969  -0.0000000000
    5    1    1  21.09040         5    1    1  21.09040       -0.0000116371   0.0000000000
   -5   -4   -2  21.84028        -5   -4   -2  21.84028       -0.0000087152  -0.0000000000
   -5   -2   -4  21.84028        -5   -2   -4  21.84028       -0.0000087152   0.0000000000
   -5   -2   -1  21.84028        -5   -2   -1  21.84028       -0.0000094408   0.0000000000
   -5   -1   -2  21.84028        -5   -1   -2  21.84028       -0.0000094408   0.0000000000
   -2   -4    1  21.84028        -2   -4    1  21.84028       -0.0000087152  -0.0000000000
   -2    1   -4  21.84028        -2    1   -4  21.84028       -0.0000087152   0.0000000000
   -2    1    3  21.84028        -2    1    3  21.84028       -0.0000085630   0.0000000000
   -2    3    1  21.84028        -2    3    1  21.84028       -0.0000085630   0.0000000000
   -1   -2    3  21.84028        -1   -2    3  21.84028       -0.0000094408   0.0000000000
   -1    3   -2  21.84028        -1    3   -2  21.84028       -0.0000094408   0.0000000000
   -1    3    3  21.84028        -1    3    3  21.84028       -0.0000084640  -0.0000000000
    0    3    4  21.84028         0    3    4  21.84028       -0.0000084640   0.0000000000
    0    4    3  21.84028         0    4    3  21.84028       -0.0000084640   0.0000000000
    1   -1    4  21.84028         1   -1    4  21.84028       -0.0000094408   0.0000000000
    1    4   -1  21.84028         1    4   -1  21.84028       -0.0000094408   0.0000000000
    1    4    4  21.84028         1    4    4  21.84028       -0.0000084640  -0.0000000000
    2   -2    3  21.84028         2   -2    3  21.84028       -0.0000087152  -0.0000000000
    2    3   -2  21.84028         2    3   -2  21.84028       -0.0000087152   0.0000000000
    2    3    5  21.84028         2    3    5  21.84028       -0.0000085630  -0.0000000000
    2    5    3  21.84028         2    5    3  21.84028       -0.0000085630  -0.0000000000
    5    1    3  21.84028         5    1    3  21.84028       -0.0000087152  -0.0000000000
    5    3    1  21.84028         5    3    1  21.84028       -0.0000087152   0.0000000000
    5    3    4  21.84028         5    3    4  21.84028       -0.0000094408  -0.0000000000
    5    4    3  21.84028         5    4    3  21.84028       -0.0000094408   0.0000000000
   -1    1    4  23.34005        -1    1    4  23.34005       -0.0000064761  -0.0000000000
   -1    4    1  23.34005        -1    4    1  23.34005       -0.0000064761  -0.0000000000
    0   -5   -1  23.34005         0   -5   -1  23.34005       -0.0000057174   0.0000000000
    0   -1   -5  23.34005         0   -1   -5  23.34005       -0.0000057174   0.0000000000
    0   -1    4  23.34005         0   -1    4  23.34005       -0.0000056486  -0.0000000000
    0    4   -1  23.34005         0    4   -1  23.34005       -0.0000056486  -0.0000000000
    1    2    5  23.34005         1    2    5  23.34005       -0.0000064761  -0.0000000000
    1    5    2  23.34005         1    5    2  23.34005       -0.0000064761   0.0000000000
    3    1    5  23.34005         3    1    5  23.34005       -0.0000060757  -0.0000000000
    3    4    5  23.34005         3    4    5  23.34005       -0.0000064761   0.0000000000
    3    5    1  23.34005         3    5    1  23.34005       -0.0000060757  -0.0000000000
    3    5    4  23.34005         3    5    4  23.34005       -0.0000064761   0.0000000000
    4   -1   -1  23.34005         4   -1   -1  23.34005       -0.0000057174   0.0000000000
    4    2    5  23.34005         4    2    5  23.34005       -0.0000060757   0.0000000000
    4    5    2  23.34005         4    5    2  23.34005       -0.0000060757   0.0000000000
    5    4    4  23.34005         5    4    4  23.34005       -0.0000056486  -0.0000000000
   -5   -5   -4  24.08993        -5   -5   -4  24.08993       -0.0000049814  -0.0000000000
   -5   -5   -3  24.08993        -5   -5   -3  24.08993       -0.0000052427   0.0000000000
   -5   -4   -5  24.08993        -5   -4   -5  24.08993       -0.0000049814  -0.0000000000
   -5   -3   -5  24.08993        -5   -3   -5  24.08993       -0.0000052427  -0.0000000000
   -4   -4    0  24.08993        -4   -4    0  24.08993       -0.0000048821   0.0000000000
   -4    0   -4  24.08993        -4    0   -4  24.08993       -0.0000048821   0.0000000000
   -4    0    1  24.08993        -4    0    1  24.08993       -0.0000048830   0.0000000000
   -4    1    0  24.08993        -4    1    0  24.08993       -0.0000048830  -0.0000000000
   -2   -5   -5  24.08993        -2   -5   -5  24.08993       -0.0000049899   0.0000000000
   -2   -5    0  24.08993        -2   -5    0  24.08993       -0.0000052427   0.0000000000
   -2    0   -5  24.08993        -2    0   -5  24.08993       -0.0000052427  -0.0000000000
   -1   -5    0  24.08993        -1   -5    0  24.08993       -0.0000049814   0.0000000000
   -1    0   -5  24.08993        -1    0   -5  24.08993       -0.0000049814  -0.0000000000
   -1    0    4  24.08993        -1    0    4  24.08993       -0.0000048830   0.0000000000
   -1    4    0  24.08993        -1    4    0  24.08993       -0.0000048830  -0.0000000000
    0   -5   -3  24.08993         0   -5   -3  24.08993       -0.0000049899   0.0000000000


             g                   gp         inverse epsilon           nspin= 1
         0    0    0         0    0    0        0.17326237  -0.00000000
        -1   -1   -1         0    0    0        0.00094530  -0.00000000
        -1   -1   -1        -1   -1   -1        0.51927762   0.00000000
         0   -1   -1        -1   -1   -1       -0.04473662   0.00000000
         0   -1   -1         0   -1   -1        0.51314738   0.00000000
         0   -1    0         0   -1   -1       -0.04473662  -0.00000000
         0   -1    0         0   -1    0        0.51927762   0.00000000
         0    0   -1         0   -1    0        0.03374875  -0.00000000
         0    0   -1         0    0   -1        0.51927762   0.00000000
         1    0    0         0    0   -1        0.00175160  -0.00000000
         1    0    0         1    0    0        0.51927762   0.00000000
        -1   -1    0         1    0    0        0.00418328   0.00000000
        -1   -1    0        -1   -1    0        0.68002737   0.00000000
        -1    0   -1        -1   -1    0        0.01004815   0.00000000
        -1    0   -1        -1    0   -1        0.68002737  -0.00000000
        -1    0    0        -1    0   -1       -0.05017289  -0.00000000
        -1    0    0        -1    0    0        0.69572803  -0.00000000
         0    0    1        -1    0    0        0.00201341  -0.00000000
         0    0    1         0    0    1        0.69572803  -0.00000000
         0    1    0         0    0    1        0.01105733  -0.00000000
         0    1    0         0    1    0        0.69572803   0.00000000
         1    0    1         0    1    0       -0.00254733  -0.00000000
         1    0    1         1    0    1        0.68002737  -0.00000000
         1    1    0         1    0    1        0.01004815  -0.00000000
         1    1    0         1    1    0        0.68002737  -0.00000000
         1    1    1         1    1    0       -0.05017289   0.00000000
         1    1    1         1    1    1        0.69572803  -0.00000000
        -1   -2   -1         1    1    1        0.01705058  -0.00000000
        -1   -2   -1        -1   -2   -1        0.79446957  -0.00000000
        -1   -1   -2        -1   -2   -1        0.01493768   0.00000000
        -1   -1   -2        -1   -1   -2        0.79446957   0.00000000
         0    1    1        -1   -1   -2        0.00000000   0.00000000
         0    1    1         0    1    1        0.79074703   0.00000000
         1   -1    0         0    1    1       -0.00000000  -0.00000000
         1   -1    0         1   -1    0        0.79446957   0.00000000
         1    0   -1         1   -1    0        0.01493768  -0.00000000
         1    0   -1         1    0   -1        0.79446957  -0.00000000
        -2   -1   -1         1    0   -1       -0.00673065  -0.00000000
        -2   -1   -1        -2   -1   -1        0.86136087   0.00000000
        -1   -2   -2        -2   -1   -1        0.01340734   0.00000000
        -1   -2   -2        -1   -2   -2        0.86907663   0.00000000
         0   -2   -1        -1   -2   -2       -0.00178470   0.00000000
         0   -2   -1         0   -2   -1        0.86907663   0.00000000
         0   -1   -2         0   -2   -1        0.01014599  -0.00000000
         0   -1   -2         0   -1   -2        0.86907663  -0.00000000
         0   -1    1         0   -1   -2       -0.00528901  -0.00000000
         0   -1    1         0   -1    1        0.86136087   0.00000000
         0    1   -1         0   -1    1        0.01815181   0.00000000
         0    1   -1         0    1   -1        0.86136087  -0.00000000
         1   -1   -1         0    1   -1        0.00750880   0.00000000
         1   -1   -1         1   -1   -1        0.86907663   0.00000000
         2    1    1         1   -1   -1       -0.01340734   0.00000000
         2    1    1         2    1    1        0.86136087  -0.00000000
        -2   -2   -2         2    1    1        0.00886020   0.00000000
        -2   -2   -2        -2   -2   -2        0.91776841  -0.00000000
        -2   -2   -1        -2   -2   -2       -0.02823592   0.00000000
        -2   -2   -1        -2   -2   -1        0.91746210  -0.00000000
        -2   -1   -2        -2   -2   -1       -0.00017801  -0.00000000
        -2   -1   -2        -2   -1   -2        0.91746210   0.00000000
        -1   -2    0        -2   -1   -2        0.00062509  -0.00000000
        -1   -2    0        -1   -2    0        0.91746210   0.00000000
        -1    0   -2        -1   -2    0        0.00616640   0.00000000
        -1    0   -2        -1    0   -2        0.91746210   0.00000000
        -1   -3   -2        -1    0   -2       -0.00260245  -0.00000000
        -1   -3   -2        -1   -3   -2        0.98462231  -0.00000000
        -1   -3   -1        -1   -3   -2       -0.00616765  -0.00000000
        -1   -3   -1        -1   -3   -1        0.98462815  -0.00000000
        -1   -2   -3        -1   -3   -1        0.00165051   0.00000000
        -1   -2   -3        -1   -2   -3        0.98462231   0.00000000
        -1   -1   -3        -1   -2   -3       -0.00616765   0.00000000
        -1   -1   -3        -1   -1   -3        0.98462815  -0.00000000
         1   -2   -1        -1   -1   -3       -0.00207061   0.00000000
         1   -2   -1         1   -2   -1        0.98462231   0.00000000
         1   -2    0         1   -2   -1       -0.00616765   0.00000000
         1   -2    0         1   -2    0        0.98462815  -0.00000000
         1   -1   -2         1   -2    0        0.00165051  -0.00000000
         1   -1   -2         1   -1   -2        0.98462231  -0.00000000
         1    0   -2         1   -1   -2       -0.00616765   0.00000000
         1    0   -2         1    0   -2        0.98462815  -0.00000000
         2   -1    0         1    0   -2       -0.00030948  -0.00000000
         2   -1    0         2   -1    0        0.98462815  -0.00000000
         2    0   -1         2   -1    0       -0.00164660  -0.00000000
         2    0   -1         2    0   -1        0.98462815  -0.00000000
         2    0    2         2    0   -1       -0.00250061  -0.00000000
         2    0    2         2    0    2        0.98452773   0.00000000
         2    2    0         2    0    2        0.00190721  -0.00000000
         2    2    0         2    2    0        0.98452773   0.00000000
        -3   -2   -2         2    2    0        0.00084916   0.00000000
        -3   -2   -2        -3   -2   -2        0.99160359  -0.00000000
        -2   -3   -1        -3   -2   -2        0.00064095   0.00000000
        -2   -3   -1        -2   -3   -1        0.99141495  -0.00000000
        -2   -1   -3        -2   -3   -1        0.00132306   0.00000000
        -2   -1   -3        -2   -1   -3        0.99141495  -0.00000000
         0   -2    1        -2   -1   -3        0.00081344   0.00000000
         0   -2    1         0   -2    1        0.99160359  -0.00000000
         0    1   -2         0   -2    1       -0.00043102  -0.00000000
         0    1   -2         0    1   -2        0.99160359  -0.00000000
         2   -1    1         0    1   -2        0.00081344  -0.00000000
         2   -1    1         2   -1    1        0.99141495  -0.00000000
         2    1   -1         2   -1    1        0.00132306  -0.00000000
         2    1   -1         2    1   -1        0.99141495  -0.00000000
         3    1    1         2    1   -1       -0.00064095   0.00000000
         3    1    1         3    1    1        0.99160359  -0.00000000
        -3   -2   -1         3    1    1        0.00039153  -0.00000000
        -3   -2   -1        -3   -2   -1        0.99531152   0.00000000
        -3   -1   -2        -3   -2   -1       -0.00061950   0.00000000
        -3   -1   -2        -3   -1   -2        0.99531152   0.00000000
        -3   -1   -1        -3   -1   -2       -0.00187966  -0.00000000
        -3   -1   -1        -3   -1   -1        0.99538048  -0.00000000
        -2   -3   -3        -3   -1   -1       -0.00073517  -0.00000000
        -2   -3   -3        -2   -3   -3        0.99533101  -0.00000000
        -1   -2    1        -2   -3   -3       -0.00000304   0.00000000
        -1   -2    1        -1   -2    1        0.99531152   0.00000000
        -1    1   -2        -1   -2    1       -0.00068168   0.00000000
        -1    1   -2        -1    1   -2        0.99531152  -0.00000000
         0   -3   -1        -1    1   -2        0.00023017   0.00000000
         0   -3   -1         0   -3   -1        0.99533101  -0.00000000
         0   -1   -3         0   -3   -1        0.00077286  -0.00000000
         0   -1   -3         0   -1   -3        0.99533101  -0.00000000
         0   -1    2         0   -1   -3        0.00006041   0.00000000
         0   -1    2         0   -1    2        0.99538048  -0.00000000
         0    2   -1         0   -1    2       -0.00063515  -0.00000000
         0    2   -1         0    2   -1        0.99538048  -0.00000000
         0    2    2         0    2   -1       -0.00109716  -0.00000000
         0    2    2         0    2    2        0.99526230   0.00000000
         1   -1    2         0    2    2       -0.00016522  -0.00000000
         1   -1    2         1   -1    2        0.99531152   0.00000000
         0   -3    0         1   -1    2        0.00009140  -0.00000000
         0   -3    0         0   -3    0        0.99847812   0.00000000
         0    0   -3         0   -3    0       -0.00027843   0.00000000
         0    0   -3         0    0   -3        0.99847812   0.00000000
         1    2    3         0    0   -3       -0.00011317   0.00000000
         1    2    3         1    2    3        0.99841010   0.00000000
         1    3    2         1    2    3       -0.00056195   0.00000000
         1    3    2         1    3    2        0.99841010  -0.00000000
         3    0    0         1    3    2        0.00008077   0.00000000
         3    0    0         3    0    0        0.99847812   0.00000000
        -3   -3   -1         3    0    0        0.00005533  -0.00000000
        -3   -3   -1        -3   -3   -1        0.99900546  -0.00000000
        -3   -1   -3        -3   -3   -1        0.00019806   0.00000000
        -3   -1   -3        -3   -1   -3        0.99900546  -0.00000000
        -3   -1    0        -3   -1   -3       -0.00027949   0.00000000
        -3   -1    0        -3   -1    0        0.99899997   0.00000000
        -3    0   -1        -3   -1    0       -0.00018380   0.00000000
        -3    0   -1        -3    0   -1        0.99899997   0.00000000
        -2   -3    0        -3    0   -1        0.00009962  -0.00000000
        -2   -3    0        -2   -3    0        0.99900546   0.00000000
        -2    0   -3        -2   -3    0       -0.00020333   0.00000000
        -2    0   -3        -2    0   -3        0.99900546   0.00000000
        -1   -1    2        -2    0   -3        0.00010259   0.00000000
        -1   -1    2        -1   -1    2        0.99899997  -0.00000000
        -1    2   -1        -1   -1    2       -0.00016897  -0.00000000
        -1    2   -1        -1    2   -1        0.99899997   0.00000000
         1    0    3        -1    2   -1        0.00023342  -0.00000000
         1    0    3         1    0    3        0.99899997  -0.00000000
         1    3    0         1    0    3       -0.00016897  -0.00000000
         1    3    0         1    3    0        0.99899997  -0.00000000
         2   -1    2         1    3    0       -0.00010259  -0.00000000
         2   -1    2         2   -1    2        0.99900546  -0.00000000
         2    2   -1         2   -1    2       -0.00020333  -0.00000000
         2    2   -1         2    2   -1        0.99900546   0.00000000
         3    0    2         2    2   -1       -0.00000347  -0.00000000
         3    0    2         3    0    2        0.99900546   0.00000000
         3    2    0         3    0    2        0.00019806  -0.00000000
         3    2    0         3    2    0        0.99900546   0.00000000
         3    2    3         3    2    0       -0.00027949   0.00000000
         3    2    3         3    2    3        0.99899997  -0.00000000
         3    3    2         3    2    3       -0.00018380  -0.00000000
         3    3    2         3    3    2        0.99899997   0.00000000
        -3   -2    0         3    3    2        0.00013280   0.00000000
        -3   -2    0        -3   -2    0        0.99935795  -0.00000000
        -3    0   -2        -3   -2    0        0.00011554  -0.00000000
        -3    0   -2        -3    0   -2        0.99935795   0.00000000
        -2   -4   -2        -3    0   -2        0.00003566   0.00000000
        -2   -4   -2        -2   -4   -2        0.99928570  -0.00000000
        -2   -2   -4        -2   -4   -2        0.00011166  -0.00000000
        -2   -2   -4        -2   -2   -4        0.99928570  -0.00000000
        -2   -2    1        -2   -2   -4        0.00002844  -0.00000000
        -2   -2    1        -2   -2    1        0.99935795   0.00000000
        -2    1   -2        -2   -2    1       -0.00010362  -0.00000000
        -2    1   -2        -2    1   -2        0.99935795  -0.00000000
        -2    1    1        -2    1   -2       -0.00016224  -0.00000000
        -2    1    1        -2    1    1        0.99933086   0.00000000
         0    1    3        -2    1    1        0.00003211   0.00000000
         0    1    3         0    1    3        0.99933086  -0.00000000
         0    3    1         0    1    3        0.00018009  -0.00000000
         0    3    1         0    3    1        0.99933086  -0.00000000
         2   -2    0         0    3    1       -0.00001019  -0.00000000
         2   -2    0         2   -2    0        0.99928570  -0.00000000
         2    0   -2         2   -2    0        0.00011166   0.00000000
         2    0   -2         2    0   -2        0.99928570   0.00000000
         1   -3    0         2    0   -2       -0.00000708  -0.00000000
         1   -3    0         1   -3    0        0.99968686  -0.00000000
         1    0   -3         1   -3    0       -0.00002141   0.00000000
         1    0   -3         1    0   -3        0.99968686   0.00000000
         1    3    3         1    0   -3       -0.00004704  -0.00000000
         1    3    3         1    3    3        0.99971832  -0.00000000
         2   -2    1         1    3    3       -0.00001229  -0.00000000
         2   -2    1         2   -2    1        0.99969285   0.00000000
         2    1   -2         2   -2    1       -0.00002699  -0.00000000
         2    1   -2         2    1   -2        0.99969285   0.00000000
         3   -1    0         2    1   -2        0.00006433   0.00000000
         3   -1    0         3   -1    0        0.99968686   0.00000000
         3   -1    1         3   -1    0       -0.00012254   0.00000000
         3   -1    1         3   -1    1        0.99969285   0.00000000
         3    0   -1         3   -1    1        0.00001589  -0.00000000
         3    0   -1         3    0   -1        0.99968686  -0.00000000
         3    1   -1         3    0   -1       -0.00012254  -0.00000000
         3    1   -1         3    1   -1        0.99969285  -0.00000000
         4    2    2         3    1   -1        0.00002448  -0.00000000
         4    2    2         4    2    2        0.99967127   0.00000000
        -4   -3   -3         4    2    2        0.00001039   0.00000000
        -4   -3   -3        -4   -3   -3        0.99977568  -0.00000000
        -4   -3   -2        -4   -3   -3       -0.00009459   0.00000000
        -4   -3   -2        -4   -3   -2        0.99978367   0.00000000
        -4   -2   -3        -4   -3   -2       -0.00006608   0.00000000
        -4   -2   -3        -4   -2   -3        0.99978367   0.00000000
        -1   -4   -3        -4   -2   -3        0.00000979  -0.00000000
        -1   -4   -3        -1   -4   -3        0.99980064   0.00000000
        -1   -3   -4        -1   -4   -3       -0.00011083   0.00000000
        -1   -3   -4        -1   -3   -4        0.99980064  -0.00000000
        -1   -3    1        -1   -3   -4       -0.00000445   0.00000000
        -1   -3    1        -1   -3    1        0.99978367   0.00000000
        -1    1   -3        -1   -3    1        0.00003868   0.00000000
        -1    1   -3        -1    1   -3        0.99978367   0.00000000
         0   -3    1        -1    1   -3        0.00003975  -0.00000000
         0   -3    1         0   -3    1        0.99977568  -0.00000000
         0    1   -3         0   -3    1        0.00003791   0.00000000
         0    1   -3         0    1   -3        0.99977568  -0.00000000
         1   -3   -2         0    1   -3        0.00001106   0.00000000
         1   -3   -2         1   -3   -2        0.99980064   0.00000000
         1   -2   -3         1   -3   -2       -0.00011083  -0.00000000
         1   -2   -3         1   -2   -3        0.99980064   0.00000000
         1   -2    2         1   -2   -3       -0.00000445  -0.00000000
         1   -2    2         1   -2    2        0.99978367  -0.00000000
         1    2   -2         1   -2    2        0.00003868   0.00000000
         1    2   -2         1    2   -2        0.99978367   0.00000000
         4    1    1         1    2   -2       -0.00003014   0.00000000
         4    1    1         4    1    1        0.99977568   0.00000000
         4    1    2         4    1    1       -0.00009459   0.00000000
         4    1    2         4    1    2        0.99978367  -0.00000000
         4    2    1         4    1    2       -0.00006608  -0.00000000
         4    2    1         4    2    1        0.99978367  -0.00000000
        -4   -2   -1         4    2    1        0.00000317   0.00000000
        -4   -2   -1        -4   -2   -1        0.99984186  -0.00000000
        -4   -1   -2        -4   -2   -1       -0.00005213   0.00000000
        -4   -1   -2        -4   -1   -2        0.99984186   0.00000000
        -3   -3    0        -4   -1   -2        0.00002380  -0.00000000
        -3   -3    0        -3   -3    0        0.99985951  -0.00000000
        -3    0   -3        -3   -3    0       -0.00000709  -0.00000000
        -3    0   -3        -3    0   -3        0.99985951   0.00000000
        -2    0    2        -3    0   -3        0.00000545   0.00000000
        -2    0    2        -2    0    2        0.99983151   0.00000000
        -2    2    0        -2    0    2        0.00002954  -0.00000000
        -2    2    0        -2    2    0        0.99983151  -0.00000000
         3    4    2        -2    2    0        0.00000965   0.00000000
         3    4    2         3    4    2        0.99988406  -0.00000000
         4    3    3         3    4    2       -0.00001962   0.00000000
         4    3    3         4    3    3        0.99987730  -0.00000000
        -4   -4   -3         4    3    3       -0.00002692  -0.00000000
        -4   -4   -3        -4   -4   -3        0.99991009   0.00000000
        -4   -3   -4        -4   -4   -3       -0.00004198   0.00000000
        -4   -3   -4        -4   -3   -4        0.99991009   0.00000000
        -4   -3   -1        -4   -3   -4       -0.00000636   0.00000000
        -4   -3   -1        -4   -3   -1        0.99992137  -0.00000000
        -4   -1   -3        -4   -3   -1        0.00001004   0.00000000
        -4   -1   -3        -4   -1   -3        0.99992137  -0.00000000
        -3    0    1        -4   -1   -3        0.00000161  -0.00000000
        -3    0    1        -3    0    1        0.99991281   0.00000000
        -3    1    0        -3    0    1       -0.00005179  -0.00000000
        -3    1    0        -3    1    0        0.99991281  -0.00000000
        -2   -3    1        -3    1    0       -0.00000074  -0.00000000
        -2   -3    1        -2   -3    1        0.99992137  -0.00000000
        -2    1   -3        -2   -3    1       -0.00000847  -0.00000000
        -2    1   -3        -2    1   -3        0.99992137  -0.00000000
        -2    1    2        -2    1   -3       -0.00000169   0.00000000
        -2    1    2        -2    1    2        0.99991628   0.00000000
        -2    2    1        -2    1    2       -0.00005170  -0.00000000
        -2    2    1        -2    2    1        0.99991628  -0.00000000
        -1   -4    0        -2    2    1       -0.00000457   0.00000000
        -1   -4    0        -1   -4    0        0.99991009   0.00000000
        -1    0   -4        -1   -4    0       -0.00001095   0.00000000
        -1    0   -4        -1    0   -4        0.99991009   0.00000000
        -1    0    3        -1    0   -4        0.00000338   0.00000000
        -1    0    3        -1    0    3        0.99991281  -0.00000000
        -1    1    3        -1    0    3       -0.00003984   0.00000000
        -1    1    3        -1    1    3        0.99991628   0.00000000
        -1    3    0        -1    1    3        0.00001019   0.00000000
        -1    3    0        -1    3    0        0.99991281  -0.00000000
        -1    3    1        -1    3    0       -0.00003984   0.00000000
        -1    3    1        -1    3    1        0.99991628  -0.00000000
         1   -3    1        -1    3    1       -0.00000494   0.00000000
         1   -3    1         1   -3    1        0.99991009   0.00000000
         1    1   -3         1   -3    1       -0.00001095  -0.00000000
         1    1   -3         1    1   -3        0.99991009   0.00000000
         1    1    4         1    1   -3        0.00000338   0.00000000
         1    1    4         1    1    4        0.99991281   0.00000000
         1    2    4         1    1    4       -0.00003984   0.00000000
         1    2    4         1    2    4        0.99991628   0.00000000
         1    4    1         1    2    4        0.00001019   0.00000000
         1    4    1         1    4    1        0.99991281  -0.00000000
         1    4    2         1    4    1       -0.00003984   0.00000000
         1    4    2         1    4    2        0.99991628   0.00000000
         2   -1    3         1    4    2        0.00001338   0.00000000
         2   -1    3         2   -1    3        0.99992137   0.00000000
         2    3   -1         2   -1    3       -0.00000847   0.00000000
         2    3   -1         2    3   -1        0.99992137  -0.00000000
         2    3    4         2    3   -1       -0.00000169  -0.00000000
         2    3    4         2    3    4        0.99991628  -0.00000000
         2    4    3         2    3    4       -0.00005170   0.00000000
         2    4    3         2    4    3        0.99991628  -0.00000000
         3    3    4         2    4    3       -0.00001936  -0.00000000
         3    3    4         3    3    4        0.99991281  -0.00000000
         3    4    3         3    3    4       -0.00005179   0.00000000
         3    4    3         3    4    3        0.99991281  -0.00000000
         4    0    1         3    4    3       -0.00001313  -0.00000000
         4    0    1         4    0    1        0.99991009   0.00000000
         4    1    0         4    0    1       -0.00004198  -0.00000000
         4    1    0         4    1    0        0.99991009   0.00000000
        -2   -2   -5         4    1    0        0.00000180   0.00000000
        -2   -2   -5        -2   -2   -5        0.99995968  -0.00000000
        -2   -2    2        -2   -2   -5       -0.00000717  -0.00000000
        -2   -2    2        -2   -2    2        0.99996362  -0.00000000
        -2    2   -2        -2   -2    2       -0.00000660  -0.00000000
        -2    2   -2        -2    2   -2        0.99996362   0.00000000
        -1   -1    3        -2    2   -2        0.00000560  -0.00000000
        -1   -1    3        -1   -1    3        0.99995846   0.00000000
        -1    2    3        -1   -1    3       -0.00000023   0.00000000
        -1    2    3        -1    2    3        0.99996547   0.00000000
        -1    3   -1        -1    2    3       -0.00000621  -0.00000000
        -1    3   -1        -1    3   -1        0.99995846   0.00000000
        -1    3    2        -1    3   -1       -0.00000023   0.00000000
        -1    3    2        -1    3    2        0.99996547  -0.00000000
         1    0    4        -1    3    2        0.00000491   0.00000000
         1    0    4         1    0    4        0.99995846   0.00000000
         1    3    4         1    0    4       -0.00000023  -0.00000000
         1    3    4         1    3    4        0.99996547   0.00000000
         1    4    0         1    3    4       -0.00000621  -0.00000000
         1    4    0         1    4    0        0.99995846  -0.00000000
         1    4    3         1    4    0       -0.00000023   0.00000000
         1    4    3         1    4    3        0.99996547   0.00000000
         2   -3   -1         1    4    3       -0.00000223   0.00000000
         2   -3   -1         2   -3   -1        0.99995876  -0.00000000
         2   -3    0         2   -3   -1       -0.00002328   0.00000000
         2   -3    0         2   -3    0        0.99995968   0.00000000
         2   -1   -3         2   -3    0        0.00000435  -0.00000000
         2   -1   -3         2   -1   -3        0.99995876   0.00000000
         2    0   -3         2   -1   -3       -0.00002328  -0.00000000
         2    0   -3         2    0   -3        0.99995968   0.00000000
         2    0    4         2    0   -3       -0.00000717  -0.00000000
         2    0    4         2    0    4        0.99996362   0.00000000
         2    4    0         2    0    4       -0.00000660   0.00000000
         2    4    0         2    4    0        0.99996362   0.00000000
         3   -2    0         2    4    0        0.00000390  -0.00000000
         3   -2    0         3   -2    0        0.99995968   0.00000000
         3    0   -2         3   -2    0        0.00000625  -0.00000000
         3    0   -2         3    0   -2        0.99995968  -0.00000000
         4    2    4         3    0   -2        0.00000148   0.00000000
         4    2    4         4    2    4        0.99996362  -0.00000000
         4    3    4         4    2    4       -0.00002143   0.00000000
         4    3    4         4    3    4        0.99995846   0.00000000
         4    4    2         4    3    4       -0.00000809  -0.00000000
         4    4    2         4    4    2        0.99996362  -0.00000000
         4    4    3         4    4    2       -0.00002143  -0.00000000
         4    4    3         4    4    3        0.99995846   0.00000000
        -3   -5   -2         4    4    3       -0.00000995  -0.00000000
        -3   -5   -2        -3   -5   -2        0.99996962  -0.00000000
        -3   -2   -5        -3   -5   -2        0.00000470   0.00000000
        -3   -2   -5        -3   -2   -5        0.99996962   0.00000000
        -3    1    1        -3   -2   -5       -0.00000032   0.00000000
        -3    1    1        -3    1    1        0.99996906   0.00000000
         0    1    4        -3    1    1       -0.00000021  -0.00000000
         0    1    4         0    1    4        0.99996906   0.00000000
         0    4    1         0    1    4        0.00000317  -0.00000000
         0    4    1         0    4    1        0.99996906   0.00000000
         3   -2    1         0    4    1       -0.00000347   0.00000000
         3   -2    1         3   -2    1        0.99996962  -0.00000000
         3    1   -2         3   -2    1        0.00000470   0.00000000
         3    1   -2         3    1   -2        0.99996962  -0.00000000
         3    4    4         3    1   -2       -0.00000032   0.00000000
         3    4    4         3    4    4        0.99996906   0.00000000
        -5   -3   -3         3    4    4        0.00000203   0.00000000
        -5   -3   -3        -5   -3   -3        0.99997573  -0.00000000
        -3    1   -3        -5   -3   -3        0.00000144   0.00000000
        -3    1   -3        -3    1   -3        0.99998348  -0.00000000
        -2   -5   -4        -3    1   -3       -0.00000007  -0.00000000
        -2   -5   -4        -2   -5   -4        0.99998288   0.00000000
        -2   -5   -1        -2   -5   -4       -0.00000045   0.00000000
        -2   -5   -1        -2   -5   -1        0.99998193  -0.00000000
        -2   -4   -5        -2   -5   -1       -0.00000348  -0.00000000
        -2   -4   -5        -2   -4   -5        0.99998288   0.00000000
        -2   -1   -5        -2   -4   -5       -0.00000045   0.00000000
        -2   -1   -5        -2   -1   -5        0.99998193   0.00000000
        -1   -5   -3        -2   -1   -5        0.00000052  -0.00000000
        -1   -5   -3        -1   -5   -3        0.99998288  -0.00000000
        -1   -3   -5        -1   -5   -3        0.00000058   0.00000000
        -1   -3   -5        -1   -3   -5        0.99998288  -0.00000000
        -1   -3    2        -1   -3   -5       -0.00000476  -0.00000000
        -1   -3    2        -1   -3    2        0.99998204  -0.00000000
        -1    2   -3        -1   -3    2        0.00000850   0.00000000
        -1    2   -3        -1    2   -3        0.99998204   0.00000000
         0   -2    3        -1    2   -3       -0.00000713  -0.00000000
         0   -2    3         0   -2    3        0.99998135  -0.00000000
         0    0    4         0   -2    3        0.00000954  -0.00000000
         0    0    4         0    0    4        0.99998110   0.00000000
         0    3   -2         0    0    4       -0.00000047  -0.00000000
         0    3   -2         0    3   -2        0.99998135   0.00000000
         0    4    0         0    3   -2        0.00000954  -0.00000000
         0    4    0         0    4    0        0.99998110   0.00000000
         1   -4   -2         0    4    0        0.00000434  -0.00000000
         1   -4   -2         1   -4   -2        0.99998288   0.00000000
         1   -2   -4         1   -4   -2        0.00000058   0.00000000
         1   -2   -4         1   -2   -4        0.99998288   0.00000000
         1   -2    3         1   -2   -4       -0.00000476  -0.00000000
         1   -2    3         1   -2    3        0.99998204  -0.00000000
         1    3   -2         1   -2    3        0.00000850  -0.00000000
         1    3   -2         1    3   -2        0.99998204  -0.00000000
         2   -3   -2         1    3   -2        0.00000110  -0.00000000
         2   -3   -2         2   -3   -2        0.99998288  -0.00000000
         2   -3    1         2   -3   -2       -0.00000045  -0.00000000
         2   -3    1         2   -3    1        0.99998193  -0.00000000
         2   -2   -3         2   -3    1       -0.00000348   0.00000000
         2   -2   -3         2   -2   -3        0.99998288   0.00000000
         2    1   -3         2   -2   -3       -0.00000045   0.00000000
         2    1   -3         2    1   -3        0.99998193  -0.00000000
         3    0    4         2    1   -3       -0.00000266  -0.00000000
         3    0    4         3    0    4        0.99998348   0.00000000
         3    4    0         3    0    4       -0.00000256   0.00000000
         3    4    0         3    4    0        0.99998348   0.00000000
         4   -1    1         3    4    0       -0.00000010   0.00000000
         4   -1    1         4   -1    1        0.99998193   0.00000000
         4    1   -1         4   -1    1       -0.00000104  -0.00000000
         4    1   -1         4    1   -1        0.99998193   0.00000000
         4    1    4         4    1   -1       -0.00000102  -0.00000000
         4    1    4         4    1    4        0.99998348  -0.00000000
         4    4    1         4    1    4        0.00000272  -0.00000000
         4    4    1         4    4    1        0.99998348  -0.00000000
         4    4    4         4    4    1       -0.00000026   0.00000000
         4    4    4         4    4    4        0.99998110   0.00000000
         5    2    3         4    4    4       -0.00000226  -0.00000000
         5    2    3         5    2    3        0.99998204  -0.00000000
         5    3    2         5    2    3       -0.00001051  -0.00000000
         5    3    2         5    3    2        0.99998204  -0.00000000
         5    3    3         5    3    2       -0.00001084   0.00000000
         5    3    3         5    3    3        0.99998135  -0.00000000
        -5   -4   -3         5    3    3        0.00000758  -0.00000000
        -5   -4   -3        -5   -4   -3        0.99998592   0.00000000
         3    2   -2        -5   -4   -3        0.00000013   0.00000000
         3    2   -2         3    2   -2        0.99998932   0.00000000
         3    2    5         3    2   -2       -0.00000265   0.00000000
         3    2    5         3    2    5        0.99998903   0.00000000
         3    3    5         3    2    5       -0.00000677   0.00000000
         3    3    5         3    3    5        0.99998877  -0.00000000
         3    5    2         3    3    5        0.00000095   0.00000000
         3    5    2         3    5    2        0.99998903   0.00000000
         3    5    3         3    5    2       -0.00000677  -0.00000000
         3    5    3         3    5    3        0.99998877   0.00000000
         4   -1    2         3    5    3       -0.00000028  -0.00000000
         4   -1    2         4   -1    2        0.99998932  -0.00000000
         4    2   -1         4   -1    2        0.00000250  -0.00000000
         4    2   -1         4    2   -1        0.99998932  -0.00000000
         5    1    1         4    2   -1        0.00000091  -0.00000000
         5    1    1         5    1    1        0.99998822   0.00000000
        -5   -4   -2         5    1    1        0.00000005   0.00000000
        -5   -4   -2        -5   -4   -2        0.99999134  -0.00000000
        -5   -2   -4        -5   -4   -2       -0.00000041   0.00000000
        -5   -2   -4        -5   -2   -4        0.99999134   0.00000000
        -5   -2   -1        -5   -2   -4        0.00000007   0.00000000
        -5   -2   -1        -5   -2   -1        0.99999078   0.00000000
        -5   -1   -2        -5   -2   -1       -0.00000658  -0.00000000
        -5   -1   -2        -5   -1   -2        0.99999078   0.00000000
        -2   -4    1        -5   -1   -2       -0.00000068  -0.00000000
        -2   -4    1        -2   -4    1        0.99999134  -0.00000000
        -2    1   -4        -2   -4    1        0.00000066  -0.00000000
        -2    1   -4        -2    1   -4        0.99999134   0.00000000
        -2    1    3        -2    1   -4       -0.00000204   0.00000000
        -2    1    3        -2    1    3        0.99999131   0.00000000
        -2    3    1        -2    1    3       -0.00000048  -0.00000000
        -2    3    1        -2    3    1        0.99999131   0.00000000
        -1   -2    3        -2    3    1        0.00000049   0.00000000
        -1   -2    3        -1   -2    3        0.99999078   0.00000000
        -1    3   -2        -1   -2    3        0.00000102   0.00000000
        -1    3   -2        -1    3   -2        0.99999078   0.00000000
        -1    3    3        -1    3   -2       -0.00000047   0.00000000
        -1    3    3        -1    3    3        0.99999171  -0.00000000
         0    3    4        -1    3    3        0.00000001   0.00000000
         0    3    4         0    3    4        0.99999171   0.00000000
         0    4    3         0    3    4       -0.00000551   0.00000000
         0    4    3         0    4    3        0.99999171  -0.00000000
         1   -1    4         0    4    3       -0.00000044  -0.00000000
         1   -1    4         1   -1    4        0.99999078   0.00000000
         1    4   -1         1   -1    4        0.00000102  -0.00000000
         1    4   -1         1    4   -1        0.99999078   0.00000000
         1    4    4         1    4   -1       -0.00000047   0.00000000
         1    4    4         1    4    4        0.99999171  -0.00000000
         2   -2    3         1    4    4       -0.00000012   0.00000000
         2   -2    3         2   -2    3        0.99999134   0.00000000
         2    3   -2         2   -2    3        0.00000066   0.00000000
         2    3   -2         2    3   -2        0.99999134  -0.00000000
         2    3    5         2    3   -2       -0.00000204  -0.00000000
         2    3    5         2    3    5        0.99999131  -0.00000000
         2    5    3         2    3    5       -0.00000048   0.00000000
         2    5    3         2    5    3        0.99999131  -0.00000000
         5    1    3         2    5    3        0.00000086   0.00000000
         5    1    3         5    1    3        0.99999134  -0.00000000
         5    3    1         5    1    3       -0.00000041  -0.00000000
         5    3    1         5    3    1        0.99999134   0.00000000
         5    3    4         5    3    1        0.00000007   0.00000000
         5    3    4         5    3    4        0.99999078  -0.00000000
         5    4    3         5    3    4       -0.00000658   0.00000000
         5    4    3         5    4    3        0.99999078   0.00000000
        -1    1    4         5    4    3       -0.00000003  -0.00000000
        -1    1    4        -1    1    4        0.99999421  -0.00000000
        -1    4    1        -1    1    4        0.00000124  -0.00000000
        -1    4    1        -1    4    1        0.99999421  -0.00000000
         0   -5   -1        -1    4    1       -0.00000144  -0.00000000
         0   -5   -1         0   -5   -1        0.99999477   0.00000000
         0   -1   -5         0   -5   -1       -0.00000022  -0.00000000
         0   -1   -5         0   -1   -5        0.99999477   0.00000000
         0   -1    4         0   -1   -5        0.00000004  -0.00000000
         0   -1    4         0   -1    4        0.99999481  -0.00000000
         0    4   -1         0   -1    4       -0.00000004   0.00000000
         0    4   -1         0    4   -1        0.99999481   0.00000000
         1    2    5         0    4   -1        0.00000003   0.00000000
         1    2    5         1    2    5        0.99999421  -0.00000000
         1    5    2         1    2    5        0.00000124   0.00000000
         1    5    2         1    5    2        0.99999421   0.00000000
         3    1    5         1    5    2        0.00000010  -0.00000000
         3    1    5         3    1    5        0.99999440  -0.00000000
         3    4    5         3    1    5        0.00000012   0.00000000
         3    4    5         3    4    5        0.99999421   0.00000000
         3    5    1         3    4    5       -0.00000098  -0.00000000
         3    5    1         3    5    1        0.99999440  -0.00000000
         3    5    4         3    5    1        0.00000012   0.00000000
         3    5    4         3    5    4        0.99999421   0.00000000
         4   -1   -1         3    5    4        0.00000021   0.00000000
         4   -1   -1         4   -1   -1        0.99999477   0.00000000
         4    2    5         4   -1   -1        0.00000054   0.00000000
         4    2    5         4    2    5        0.99999440   0.00000000
         4    5    2         4    2    5        0.00000096   0.00000000
         4    5    2         4    5    2        0.99999440   0.00000000
         5    4    4         4    5    2       -0.00000075   0.00000000
         5    4    4         5    4    4        0.99999481   0.00000000
        -5   -5   -4         5    4    4       -0.00000023   0.00000000
        -5   -5   -4        -5   -5   -4        0.99999555   0.00000000
        -5   -5   -3        -5   -5   -4       -0.00000306   0.00000000
        -5   -5   -3        -5   -5   -3        0.99999536   0.00000000
        -5   -4   -5        -5   -5   -3       -0.00000172   0.00000000
        -5   -4   -5        -5   -4   -5        0.99999555  -0.00000000
        -5   -3   -5        -5   -4   -5       -0.00000306   0.00000000
        -5   -3   -5        -5   -3   -5        0.99999536  -0.00000000
        -4   -4    0        -5   -3   -5       -0.00000036  -0.00000000
        -4   -4    0        -4   -4    0        0.99999573   0.00000000
        -4    0   -4        -4   -4    0       -0.00000010   0.00000000
        -4    0   -4        -4    0   -4        0.99999573   0.00000000
        -4    0    1        -4    0   -4       -0.00000017  -0.00000000
        -4    0    1        -4    0    1        0.99999568   0.00000000
        -4    1    0        -4    0    1       -0.00000302  -0.00000000
        -4    1    0        -4    1    0        0.99999568  -0.00000000
        -2   -5   -5        -4    1    0       -0.00000071  -0.00000000
        -2   -5   -5        -2   -5   -5        0.99999552   0.00000000
        -2   -5    0        -2   -5   -5       -0.00000030   0.00000000
        -2   -5    0        -2   -5    0        0.99999536   0.00000000
        -2    0   -5        -2   -5    0       -0.00000028   0.00000000
        -2    0   -5        -2    0   -5        0.99999536  -0.00000000
        -1   -5    0        -2    0   -5       -0.00000021  -0.00000000
        -1   -5    0        -1   -5    0        0.99999555   0.00000000
        -1    0   -5        -1   -5    0       -0.00000023  -0.00000000
        -1    0   -5        -1    0   -5        0.99999555  -0.00000000
        -1    0    4        -1    0   -5       -0.00000031   0.00000000
        -1    0    4        -1    0    4        0.99999568   0.00000000
        -1    4    0        -1    0    4       -0.00000006  -0.00000000
        -1    4    0        -1    4    0        0.99999568  -0.00000000
         0   -5   -3        -1    4    0       -0.00000122  -0.00000000
         0   -5   -3         0   -5   -3        0.99999552   0.00000000


     q= 0.0000 0.2500 0.5000  nmtx=     562  nrk= 40

           independent matrix elements of chi       spin index= 1 1

          g          g**2          gp          gp**2          chi(g,gp)
    0    0    0   0.25777         0    0    0   0.25777       -0.0303477596  -0.0000000000
    0    0    0   0.25777         0    0   -1   0.44524        0.0015983156   0.0000000000
    0    0    0   0.25777         0   -1   -1   0.63271        0.0018709098  -0.0000000000
    0    0    0   0.25777        -1   -1   -1   0.82018        0.0039626586   0.0000000000
    0    0    0   0.25777         1    0    0   0.82018       -0.0039626586  -0.0000000000
    0    0    0   0.25777         0   -1    0   1.19512       -0.0044012253  -0.0000000000
    0    0    0   0.25777        -1    0   -1   1.38259        0.0000723387  -0.0000000000
    0    0    0   0.25777         1    1    0   1.38259       -0.0000723387  -0.0000000000
    0    0    0   0.25777         0    1    0   1.57006       -0.0068376351  -0.0000000000
    0    0    0   0.25777        -1   -1   -2   1.75753       -0.0011521343  -0.0000000000
    0    0    0   0.25777         1    0   -1   1.75753        0.0011521343   0.0000000000
    0    0    0   0.25777        -1    0    0   1.94500       -0.0077611509  -0.0000000000
    0    0    0   0.25777         1    1    1   1.94500        0.0077611509   0.0000000000
    0    0    0   0.25777        -1   -1    0   2.13247       -0.0001545988  -0.0000000000
    0    0    0   0.25777         1    0    1   2.13247        0.0001545988  -0.0000000000
    0    0    0   0.25777         0   -1   -2   2.31994        0.0011982698  -0.0000000000
    0    0    0   0.25777         0    0    1   2.31994       -0.0069925442   0.0000000000
    0    0    0   0.25777        -1   -2   -1   2.50741        0.0014508846  -0.0000000000
    0    0    0   0.25777         0    1   -1   2.50741       -0.0007550875   0.0000000000
    0    0    0   0.25777         1   -1    0   2.50741       -0.0014508846   0.0000000000
    0    0    0   0.25777        -1   -2   -2   2.69488        0.0017819675  -0.0000000000
    0    0    0   0.25777         1   -1   -1   2.69488       -0.0017819675   0.0000000000
    0    0    0   0.25777         0    0   -2   2.88236        0.0056915869   0.0000000000
    0    0    0   0.25777         0    1    1   2.88236        0.0003658914   0.0000000000
    0    0    0   0.25777        -1    0   -2   3.06983        0.0012343943  -0.0000000000
    0    0    0   0.25777         0   -2   -1   3.06983        0.0021616522  -0.0000000000
    0    0    0   0.25777         1    1   -1   3.06983       -0.0012343943  -0.0000000000
    0    0    0   0.25777        -2   -1   -1   3.25730       -0.0003765227  -0.0000000000
    0    0    0   0.25777         2    1    1   3.25730       -0.0003765227   0.0000000000
    0    0    0   0.25777        -2   -1   -2   3.44477       -0.0001888951   0.0000000000
    0    0    0   0.25777         2    1    0   3.44477       -0.0001888951   0.0000000000
    0    0    0   0.25777        -2   -2   -2   3.63224        0.0021443351  -0.0000000000
    0    0    0   0.25777        -2    0    0   5.88188       -0.0022271025   0.0000000000
    0    0    0   0.25777        -1   -3   -2   5.88188        0.0000084462  -0.0000000000
    0    0    0   0.25777         1   -2   -1   5.88188       -0.0000084462   0.0000000000
    0    0    0   0.25777         2    1   -1   5.88188       -0.0000863069   0.0000000000
    0    0    0   0.25777         2    2    2   5.88188       -0.0022271025  -0.0000000000
    0    0    0   0.25777        -2   -3   -2   6.06935        0.0008522532   0.0000000000
    0    0    0   0.25777        -1    1    1   6.06935        0.0014099500   0.0000000000
    0    0    0   0.25777         1    2    2   6.06935       -0.0014099500   0.0000000000
    0    0    0   0.25777         2   -1    0   6.06935        0.0008522532   0.0000000000
    0    0    0   0.25777         0   -1   -3   6.25682       -0.0013335687  -0.0000000000
    0    0    0   0.25777        -1   -3   -1   6.44429       -0.0003960224  -0.0000000000
    0    0    0   0.25777         0    1    2   6.44429       -0.0011398640  -0.0000000000
    0    0    0   0.25777         1   -2    0   6.44429        0.0003960224  -0.0000000000
    0    0    0   0.25777        -1    1   -2   6.63176        0.0005491523  -0.0000000000
    0    0    0   0.25777         0    0    2   6.63176       -0.0020460547  -0.0000000000
    0    0    0   0.25777         1    2   -1   6.63176       -0.0005491523   0.0000000000
    0    0    0   0.25777        -3   -2   -2   6.81923        0.0011343393  -0.0000000000
    0    0    0   0.25777         0    2   -1   6.81923       -0.0001917791   0.0000000000
    0    0    0   0.25777         3    1    1   6.81923       -0.0011343393   0.0000000000
    0    0    0   0.25777        -2   -3   -3   7.00670        0.0006108913  -0.0000000000
    0    0    0   0.25777        -2   -2    0   7.00670       -0.0014642611   0.0000000000
    0    0    0   0.25777        -1    0   -3   7.00670       -0.0008164639   0.0000000000
    0    0    0   0.25777         1    1   -2   7.00670        0.0008164639   0.0000000000
    0    0    0   0.25777         2   -1   -1   7.00670        0.0006108913  -0.0000000000
    0    0    0   0.25777         2    0    2   7.00670       -0.0014642611   0.0000000000
    0    0    0   0.25777         0   -2   -3   7.19417       -0.0002426471  -0.0000000000
    0    0    0   0.25777        -3   -1   -2   7.38164        0.0006577964   0.0000000000
    0    0    0   0.25777        -2   -3   -1   7.38164        0.0001880061   0.0000000000
    0    0    0   0.25777         2   -1    1   7.38164        0.0001880061   0.0000000000
    0    0    0   0.25777         3    2    1   7.38164       -0.0006577964  -0.0000000000
    0    0    0   0.25777        -1   -3   -3   7.56911        0.0003441048   0.0000000000
    0    0    0   0.25777         0    0   -3   7.56911        0.0000099168   0.0000000000
    0    0    0   0.25777         1    3    0   9.25634       -0.0004373083  -0.0000000000
    0    0    0   0.25777         2    0   -2   9.25634        0.0007209633  -0.0000000000
    0    0    0   0.25777        -2    0    1   9.44381        0.0000291562   0.0000000000
    0    0    0   0.25777         2    2    3   9.44381        0.0000291562   0.0000000000
    0    0    0   0.25777        -2   -1    1   9.63128        0.0001398228   0.0000000000
    0    0    0   0.25777        -1    2    1   9.63128        0.0000671302   0.0000000000
    0    0    0   0.25777         1    3    2   9.63128       -0.0000671302   0.0000000000
    0    0    0   0.25777         2    1    3   9.63128        0.0001398228   0.0000000000
    0    0    0   0.25777        -2    1   -2   9.81875       -0.0003472240   0.0000000000
    0    0    0   0.25777        -1   -2   -4   9.81875        0.0004391211  -0.0000000000
    0    0    0   0.25777        -1    0    2   9.81875       -0.0000822506   0.0000000000
    0    0    0   0.25777         0   -3    0   9.81875       -0.0003219527   0.0000000000
    0    0    0   0.25777         1   -1   -3   9.81875       -0.0004391211   0.0000000000
    0    0    0   0.25777         1    1    3   9.81875        0.0000822506   0.0000000000
    0    0    0   0.25777         2    3    0   9.81875       -0.0003472240   0.0000000000
    0    0    0   0.25777        -3    0   -1  10.00622       -0.0005036580  -0.0000000000
    0    0    0   0.25777         3    3    2  10.00622        0.0005036580   0.0000000000
    0    0    0   0.25777        -3    0   -2  10.19369       -0.0001779484  -0.0000000000
    0    0    0   0.25777        -2   -3   -4  10.19369        0.0001010726  -0.0000000000
    0    0    0   0.25777         2   -1   -2  10.19369        0.0001010726   0.0000000000
    0    0    0   0.25777         3    3    1  10.19369        0.0001779484   0.0000000000
    0    0    0   0.25777        -1   -1   -4  10.38116       -0.0001158466  -0.0000000000
    0    0    0   0.25777        -1    1    2  10.38116       -0.0000420345   0.0000000000
    0    0    0   0.25777         0   -3   -3  10.38116        0.0000663522  -0.0000000000
    0    0    0   0.25777         1    0   -3  10.38116        0.0001158466  -0.0000000000
    0    0    0   0.25777         1    2    3  10.38116        0.0000420345   0.0000000000
    0    0    0   0.25777        -3   -3   -1  10.56864        0.0003643771   0.0000000000
    0    0    0   0.25777        -2   -1   -4  10.56864        0.0002913077  -0.0000000000
    0    0    0   0.25777         2    1   -2  10.56864        0.0002913077   0.0000000000
    0    0    0   0.25777         3    0    2  10.56864       -0.0003643771  -0.0000000000
    0    0    0   0.25777        -3   -1    0  10.75611       -0.0003648423  -0.0000000000
    0    0    0   0.25777        -2   -4   -2  10.75611        0.0002843759  -0.0000000000
    0    0    0   0.25777        -4   -2   -2  12.25587        0.0002099028   0.0000000000
    0    0    0   0.25777        -1   -4   -3  12.25587        0.0000947142   0.0000000000
    0    0    0   0.25777         0    1    3  12.25587       -0.0002526300   0.0000000000
    0    0    0   0.25777         1   -3   -2  12.25587       -0.0000947142  -0.0000000000
    0    0    0   0.25777         4    2    2  12.25587        0.0002099028   0.0000000000
    0    0    0   0.25777        -4   -2   -3  12.44334        0.0001192752  -0.0000000000
    0    0    0   0.25777        -3   -4   -2  12.44334        0.0001754693  -0.0000000000
    0    0    0   0.25777        -1    2   -2  12.44334        0.0000133187   0.0000000000
    0    0    0   0.25777         0   -1   -4  12.44334       -0.0001744258  -0.0000000000
    0    0    0   0.25777         1    3   -1  12.44334       -0.0000133187  -0.0000000000
    0    0    0   0.25777         3   -1    1  12.44334       -0.0001754693  -0.0000000000
    0    0    0   0.25777         4    2    1  12.44334        0.0001192752   0.0000000000
    0    0    0   0.25777        -4   -3   -3  12.63081       -0.0000178725   0.0000000000
    0    0    0   0.25777        -3    0   -3  12.63081        0.0000883368  -0.0000000000
    0    0    0   0.25777        -1   -4   -1  12.63081       -0.0000491463   0.0000000000
    0    0    0   0.25777         0   -2   -4  12.63081        0.0000978756  -0.0000000000
    0    0    0   0.25777         1   -3    0  12.63081        0.0000491463  -0.0000000000
    0    0    0   0.25777         3    3    0  12.63081       -0.0000883368   0.0000000000
    0    0    0   0.25777         4    1    1  12.63081       -0.0000178725   0.0000000000
    0    0    0   0.25777        -2   -4   -1  12.81828        0.0001667505   0.0000000000
    0    0    0   0.25777         0    3    2  12.81828       -0.0002271454   0.0000000000
    0    0    0   0.25777         2   -2    1  12.81828        0.0001667505   0.0000000000
    0    0    0   0.25777        -3   -1   -4  13.00575        0.0001363282  -0.0000000000
    0    0    0   0.25777         3    2   -1  13.00575       -0.0001363282  -0.0000000000
    0    0    0   0.25777        -4   -3   -2  13.19322        0.0001541767  -0.0000000000
    0    0    0   0.25777        -1    0   -4  13.19322       -0.0000346205   0.0000000000
    0    0    0   0.25777        -1    2    2  13.19322       -0.0001871573   0.0000000000
    0    0    0   0.25777         0    0    3  13.19322       -0.0004983855  -0.0000000000
    0    0    0   0.25777         1    1   -3  13.19322        0.0000346205  -0.0000000000
    0    0    0   0.25777         1    3    3  13.19322        0.0001871573  -0.0000000000
    0    0    0   0.25777         4    1    2  13.19322        0.0001541767   0.0000000000
    0    0    0   0.25777        -2   -4   -4  13.38069       -0.0000774619   0.0000000000
    0    0    0   0.25777        -3   -3    0  14.88045       -0.0000488062  -0.0000000000
    0    0    0   0.25777        -1    3    0  14.88045       -0.0000751514   0.0000000000
    0    0    0   0.25777         1    4    1  14.88045        0.0000751514   0.0000000000
    0    0    0   0.25777         3    0    3  14.88045        0.0000488062  -0.0000000000
    0    0    0   0.25777         4    2    0  14.88045       -0.0000194832   0.0000000000
    0    0    0   0.25777         4    3    3  14.88045        0.0001041376  -0.0000000000
    0    0    0   0.25777        -4   -4   -3  15.06792       -0.0000323377   0.0000000000
    0    0    0   0.25777         0   -3   -4  15.06792        0.0000646148   0.0000000000
    0    0    0   0.25777         4    0    1  15.06792       -0.0000323377  -0.0000000000
    0    0    0   0.25777        -3   -4   -1  15.25539        0.0001348069   0.0000000000
    0    0    0   0.25777        -3    1   -2  15.25539       -0.0000857297  -0.0000000000
    0    0    0   0.25777        -2    0    2  15.25539        0.0000717412   0.0000000000
    0    0    0   0.25777         2    2    4  15.25539        0.0000717412  -0.0000000000
    0    0    0   0.25777         3   -1    2  15.25539       -0.0001348069   0.0000000000
    0    0    0   0.25777         3    4    1  15.25539        0.0000857297  -0.0000000000
    0    0    0   0.25777        -2   -2   -5  15.44286        0.0000160334   0.0000000000
    0    0    0   0.25777        -1   -4   -4  15.44286       -0.0000091845   0.0000000000
    0    0    0   0.25777        -1   -2    2  15.44286        0.0002125709   0.0000000000
    0    0    0   0.25777        -1    3    1  15.44286       -0.0001378455  -0.0000000000
    0    0    0   0.25777         1   -3   -3  15.44286        0.0000091845  -0.0000000000
    0    0    0   0.25777         1   -1    3  15.44286       -0.0002125709  -0.0000000000
    0    0    0   0.25777         1    4    2  15.44286        0.0001378455   0.0000000000
    0    0    0   0.25777         2    0   -3  15.44286        0.0000160334  -0.0000000000
    0    0    0   0.25777        -3    1    0  15.63033       -0.0001332811  -0.0000000000
    0    0    0   0.25777        -2   -3   -5  15.63033       -0.0000901295  -0.0000000000
    0    0    0   0.25777         2   -1   -3  15.63033       -0.0000901295   0.0000000000
    0    0    0   0.25777         3    4    3  15.63033        0.0001332811  -0.0000000000
    0    0    0   0.25777        -3   -3   -5  15.81780       -0.0001173039   0.0000000000
    0    0    0   0.25777        -3   -1    1  15.81780       -0.0000595690  -0.0000000000
    0    0    0   0.25777        -2    2    1  15.81780        0.0001266787   0.0000000000
    0    0    0   0.25777         0   -4   -3  15.81780       -0.0000233324   0.0000000000
    0    0    0   0.25777         2    4    3  15.81780        0.0001266787  -0.0000000000
    0    0    0   0.25777        -2   -4    0  17.13009        0.0000099525   0.0000000000
    0    0    0   0.25777        -1    0    3  17.13009       -0.0001761640  -0.0000000000
    0    0    0   0.25777         0    3    3  17.13009        0.0000168365  -0.0000000000
    0    0    0   0.25777         1    1    4  17.13009        0.0001761640   0.0000000000
    0    0    0   0.25777         2   -3   -1  17.13009        0.0000441718  -0.0000000000
    0    0    0   0.25777         2   -2    2  17.13009        0.0000099525   0.0000000000
    0    0    0   0.25777         4    4    2  17.13009        0.0000292836   0.0000000000
    0    0    0   0.25777        -3   -5   -3  17.31756        0.0000061389   0.0000000000
    0    0    0   0.25777        -3    0   -4  17.31756        0.0000260410  -0.0000000000
    0    0    0   0.25777         3   -2    0  17.31756       -0.0000061389  -0.0000000000
    0    0    0   0.25777         3    3   -1  17.31756       -0.0000260410  -0.0000000000
    0    0    0   0.25777        -3   -4   -5  17.50503       -0.0000176403   0.0000000000
    0    0    0   0.25777        -3   -2    1  17.50503       -0.0000763050   0.0000000000
    0    0    0   0.25777        -2   -1   -5  17.50503       -0.0000106395  -0.0000000000
    0    0    0   0.25777         0   -4    0  17.50503       -0.0000497802   0.0000000000
    0    0    0   0.25777         2    1   -3  17.50503       -0.0000106395  -0.0000000000
    0    0    0   0.25777         3   -1   -2  17.50503        0.0000176403  -0.0000000000
    0    0    0   0.25777         3    1    4  17.50503        0.0000763050  -0.0000000000
    0    0    0   0.25777        -4   -1   -4  17.69250       -0.0000136275   0.0000000000
    0    0    0   0.25777        -4    0   -1  17.69250        0.0000228189   0.0000000000
    0    0    0   0.25777        -2   -5   -2  17.69250        0.0000410360  -0.0000000000
    0    0    0   0.25777        -1   -3   -5  17.69250       -0.0000409041   0.0000000000
    0    0    0   0.25777         1   -2   -4  17.69250        0.0000409041  -0.0000000000
    0    0    0   0.25777         2   -3    0  17.69250        0.0000410360  -0.0000000000
    0    0    0   0.25777         4    3    0  17.69250       -0.0000136275   0.0000000000
    0    0    0   0.25777         4    4    3  17.69250        0.0000228189  -0.0000000000
    0    0    0   0.25777        -1    2   -3  17.87997       -0.0001008191  -0.0000000000
    0    0    0   0.25777         1    3   -2  17.87997        0.0001008191  -0.0000000000
    0    0    0   0.25777        -2   -4   -5  18.06744       -0.0000300491   0.0000000000
    0    0    0   0.25777        -1   -1   -5  18.06744        0.0000176547   0.0000000000
    0    0    0   0.25777         0    3   -2  18.06744        0.0000151251   0.0000000000
    0    0    0   0.25777         0    4    1  18.06744        0.0000099638  -0.0000000000
    0    0    0   0.25777        -3    1    1  19.19227       -0.0000323354  -0.0000000000
    0    0    0   0.25777        -1   -5   -3  19.19227        0.0000165098   0.0000000000
    0    0    0   0.25777         1   -4   -2  19.19227       -0.0000165098  -0.0000000000
    0    0    0   0.25777         3    2   -2  19.19227        0.0000615526  -0.0000000000
    0    0    0   0.25777         3    4    4  19.19227        0.0000323354  -0.0000000000
    0    0    0   0.25777         4    0   -1  19.19227        0.0000215070  -0.0000000000
    0    0    0   0.25777        -5   -2   -3  19.37974        0.0000408617  -0.0000000000
    0    0    0   0.25777        -2   -2    2  19.37974        0.0000567667  -0.0000000000
    0    0    0   0.25777         0    4    2  19.37974        0.0000459335   0.0000000000
    0    0    0   0.25777         2    0    4  19.37974        0.0000567667  -0.0000000000
    0    0    0   0.25777         5    3    2  19.37974       -0.0000408617   0.0000000000
    0    0    0   0.25777        -4   -2   -5  19.56721        0.0000074345   0.0000000000
    0    0    0   0.25777        -1   -1    3  19.56721       -0.0000428093  -0.0000000000
    0    0    0   0.25777         1    0    4  19.56721        0.0000428093   0.0000000000
    0    0    0   0.25777         4    2   -1  19.56721        0.0000074345  -0.0000000000
    0    0    0   0.25777        -5   -3   -4  19.75468        0.0000136085  -0.0000000000
    0    0    0   0.25777        -4   -5   -3  19.75468        0.0000040448  -0.0000000000
    0    0    0   0.25777         0   -4   -4  19.75468       -0.0000402410   0.0000000000
    0    0    0   0.25777         4   -1    1  19.75468        0.0000040448  -0.0000000000
    0    0    0   0.25777         5    2    1  19.75468       -0.0000136085   0.0000000000
    0    0    0   0.25777        -5   -2   -2  19.94215        0.0000112326   0.0000000000
    0    0    0   0.25777        -4   -5   -4  19.94215       -0.0000043196   0.0000000000
    0    0    0   0.25777        -4   -4   -1  19.94215        0.0000406149  -0.0000000000
    0    0    0   0.25777        -2    1   -4  19.94215        0.0000960090   0.0000000000
    0    0    0   0.25777         2    3   -2  19.94215        0.0000960090   0.0000000000
    0    0    0   0.25777         4   -1    0  19.94215       -0.0000043196  -0.0000000000
    0    0    0   0.25777         4    0    3  19.94215        0.0000406149  -0.0000000000
    0    0    0   0.25777         5    3    3  19.94215       -0.0000112326  -0.0000000000
    0    0    0   0.25777        -5   -3   -2  20.12962        0.0000534123  -0.0000000000
    0    0    0   0.25777        -2    2    2  20.12962        0.0000263087   0.0000000000
    0    0    0   0.25777         2    4    4  20.12962        0.0000263087   0.0000000000
    0    0    0   0.25777         5    2    3  20.12962       -0.0000534123  -0.0000000000
    0    0    0   0.25777        -3   -3    1  21.44191       -0.0000353924   0.0000000000
    0    0    0   0.25777        -3    2    0  21.44191       -0.0000011779  -0.0000000000
    0    0    0   0.25777         3   -2   -2  21.44191       -0.0000338269   0.0000000000
    0    0    0   0.25777         3    0    4  21.44191        0.0000353924  -0.0000000000
    0    0    0   0.25777         3    5    3  21.44191        0.0000011779  -0.0000000000
    0    0    0   0.25777        -1   -5   -4  21.62938        0.0000163660   0.0000000000
    0    0    0   0.25777        -1   -3    2  21.62938       -0.0000090349   0.0000000000
    0    0    0   0.25777        -1    0   -5  21.62938        0.0000400910   0.0000000000
    0    0    0   0.25777         1   -4   -3  21.62938       -0.0000163660   0.0000000000
    0    0    0   0.25777         1   -2    3  21.62938        0.0000090349  -0.0000000000
    0    0    0   0.25777         1    1   -4  21.62938       -0.0000400910  -0.0000000000
    0    0    0   0.25777        -4   -5   -2  21.81685        0.0000277876   0.0000000000
    0    0    0   0.25777        -2    0   -5  21.81685       -0.0000077055   0.0000000000
    0    0    0   0.25777         0   -2    3  21.81685        0.0000145716   0.0000000000
    0    0    0   0.25777         2    2   -3  21.81685       -0.0000077055   0.0000000000
    0    0    0   0.25777         4   -1    2  21.81685        0.0000277876   0.0000000000
    0    0    0   0.25777        -5   -1   -2  22.00432       -0.0000163171   0.0000000000
    0    0    0   0.25777        -2    3   -1  22.00432       -0.0000091919  -0.0000000000
    0    0    0   0.25777        -1   -4    1  22.00432       -0.0000215540  -0.0000000000
    0    0    0   0.25777         0   -3   -5  22.00432       -0.0000435457   0.0000000000
    0    0    0   0.25777         0    0    4  22.00432       -0.0000204442   0.0000000000
    0    0    0   0.25777         1   -3    2  22.00432        0.0000215540   0.0000000000
    0    0    0   0.25777         2    5    1  22.00432       -0.0000091919  -0.0000000000
    0    0    0   0.25777         5    4    3  22.00432        0.0000163171   0.0000000000
    0    0    0   0.25777        -5   -1   -3  22.19179       -0.0000002380  -0.0000000000
    0    0    0   0.25777        -3   -5   -1  22.19179        0.0000019622  -0.0000000000
    0    0    0   0.25777         0    4   -1  22.19179        0.0000380128   0.0000000000
    0    0    0   0.25777         3   -2    2  22.19179       -0.0000019622   0.0000000000
    0    0    0   0.25777         5    4    2  22.19179        0.0000002380   0.0000000000
    0    0    0   0.25777        -4   -5   -5  22.37926        0.0000084614  -0.0000000000
    0    0    0   0.25777        -2    3    1  22.37926       -0.0000083131  -0.0000000000
    0    0    0   0.25777         2    5    3  22.37926       -0.0000083131  -0.0000000000
    0    0    0   0.25777        -1    3    3  23.31661       -0.0000243473  -0.0000000000
    0    0    0   0.25777         1    4    4  23.31661        0.0000243473   0.0000000000
    0    0    0   0.25777         2   -1   -4  23.31661        0.0000096849   0.0000000000
    0    0    0   0.25777         2    2    5  23.31661       -0.0000251770  -0.0000000000
    0    0    0   0.25777        -1    4    1  23.50408       -0.0000169495  -0.0000000000
    0    0    0   0.25777         0   -5   -3  23.50408       -0.0000402159   0.0000000000
    0    0    0   0.25777         1    5    2  23.50408        0.0000169495   0.0000000000
    0    0    0   0.25777        -5   -3   -1  23.69155        0.0000083819  -0.0000000000
    0    0    0   0.25777        -3   -4   -6  23.69155        0.0000461445  -0.0000000000
    0    0    0   0.25777        -2   -4    1  23.69155        0.0000033852  -0.0000000000
    0    0    0   0.25777        -1    4    0  23.69155       -0.0000185638  -0.0000000000
    0    0    0   0.25777         0    0   -5  23.69155        0.0000496093   0.0000000000
    0    0    0   0.25777         0    3    4  23.69155        0.0000342188  -0.0000000000
    0    0    0   0.25777         1    5    1  23.69155        0.0000185638   0.0000000000
    0    0    0   0.25777         2   -2    3  23.69155        0.0000033852   0.0000000000
    0    0    0   0.25777         3   -1   -3  23.69155       -0.0000461445   0.0000000000
    0    0    0   0.25777         5    2    4  23.69155       -0.0000083819   0.0000000000
    0    0    0   0.25777        -5   -5   -4  23.87902       -0.0000307857  -0.0000000000
    0    0    0   0.25777        -3    1   -4  23.87902        0.0000305271   0.0000000000
    0    0    0   0.25777        -2   -2   -6  23.87902       -0.0000170409  -0.0000000000
    0    0    0   0.25777        -2    1    3  23.87902       -0.0000099291   0.0000000000
    0    0    0   0.25777         0   -5   -1  23.87902       -0.0000192572   0.0000000000
    0    0    0   0.25777         2    0   -4  23.87902       -0.0000170409  -0.0000000000
    0    0    0   0.25777         2    3    5  23.87902       -0.0000099291   0.0000000000
    0    0    0   0.25777         3    4   -1  23.87902       -0.0000305271  -0.0000000000
    0    0    0   0.25777         5    0    1  23.87902        0.0000307857   0.0000000000
    0    0    0   0.25777        -5   -1   -1  24.06649       -0.0000051485   0.0000000000
    0    0    0   0.25777        -3   -2   -6  24.06649        0.0000170590   0.0000000000
    0    0    0   0.25777         3    1   -3  24.06649       -0.0000170590  -0.0000000000
    0    0    0   0.25777         5    4    4  24.06649        0.0000051485   0.0000000000
    0    0    0   0.25777        -4   -1    1  24.25396        0.0000072625  -0.0000000000
    0    0    0   0.25777        -3    0   -5  24.25396       -0.0000544021   0.0000000000
    0    0   -1   0.44524         0    0   -1   0.44524       -0.0335596895  -0.0000000000
    0   -1   -1   0.63271         0   -1   -1   0.63271       -0.0363912589  -0.0000000000
   -1   -1   -1   0.82018        -1   -1   -1   0.82018       -0.0370705328  -0.0000000000
    1    0    0   0.82018         1    0    0   0.82018       -0.0370705328   0.0000000000
    0   -1    0   1.19512         0   -1    0   1.19512       -0.0347191469  -0.0000000000
   -1    0   -1   1.38259        -1    0   -1   1.38259       -0.0353302608   0.0000000000
    1    1    0   1.38259         1    1    0   1.38259       -0.0353302608   0.0000000000
    0    1    0   1.57006         0    1    0   1.57006       -0.0335465780  -0.0000000000
   -1   -1   -2   1.75753        -1   -1   -2   1.75753       -0.0320389123   0.0000000000
    1    0   -1   1.75753         1    0   -1   1.75753       -0.0320389123  -0.0000000000
   -1    0    0   1.94500        -1    0    0   1.94500       -0.0309183600   0.0000000000
    1    1    1   1.94500         1    1    1   1.94500       -0.0309183600   0.0000000000
   -1   -1    0   2.13247        -1   -1    0   2.13247       -0.0298590977   0.0000000000
    1    0    1   2.13247         1    0    1   2.13247       -0.0298590977  -0.0000000000
    0   -1   -2   2.31994         0   -1   -2   2.31994       -0.0278649635  -0.0000000000
    0    0    1   2.31994         0    0    1   2.31994       -0.0280108873  -0.0000000000
   -1   -2   -1   2.50741        -1   -2   -1   2.50741       -0.0266760410   0.0000000000
    0    1   -1   2.50741         0    1   -1   2.50741       -0.0267382400   0.0000000000
    1   -1    0   2.50741         1   -1    0   2.50741       -0.0266760410   0.0000000000
   -1   -2   -2   2.69488        -1   -2   -2   2.69488       -0.0251714248   0.0000000000
    1   -1   -1   2.69488         1   -1   -1   2.69488       -0.0251714248  -0.0000000000
    0    0   -2   2.88236         0    0   -2   2.88236       -0.0239190258   0.0000000000
    0    1    1   2.88236         0    1    1   2.88236       -0.0232298955  -0.0000000000
   -1    0   -2   3.06983        -1    0   -2   3.06983       -0.0217280639   0.0000000000
    0   -2   -1   3.06983         0   -2   -1   3.06983       -0.0222484816   0.0000000000
    1    1   -1   3.06983         1    1   -1   3.06983       -0.0217280639   0.0000000000
   -2   -1   -1   3.25730        -2   -1   -1   3.25730       -0.0213454716  -0.0000000000
    2    1    1   3.25730         2    1    1   3.25730       -0.0213454716   0.0000000000
   -2   -1   -2   3.44477        -2   -1   -2   3.44477       -0.0191611784   0.0000000000
    2    1    0   3.44477         2    1    0   3.44477       -0.0191611784   0.0000000000
   -2   -2   -2   3.63224        -2   -2   -2   3.63224       -0.0181154115   0.0000000000
   -2    0    0   5.88188        -2    0    0   5.88188       -0.0048671113  -0.0000000000
   -1   -3   -2   5.88188        -1   -3   -2   5.88188       -0.0049524417  -0.0000000000
    1   -2   -1   5.88188         1   -2   -1   5.88188       -0.0049524417   0.0000000000
    2    1   -1   5.88188         2    1   -1   5.88188       -0.0048678669  -0.0000000000
    2    2    2   5.88188         2    2    2   5.88188       -0.0048671113  -0.0000000000
   -2   -3   -2   6.06935        -2   -3   -2   6.06935       -0.0044306625   0.0000000000
   -1    1    1   6.06935        -1    1    1   6.06935       -0.0043334939   0.0000000000
    1    2    2   6.06935         1    2    2   6.06935       -0.0043334939   0.0000000000
    2   -1    0   6.06935         2   -1    0   6.06935       -0.0044306625   0.0000000000
    0   -1   -3   6.25682         0   -1   -3   6.25682       -0.0038611620   0.0000000000
   -1   -3   -1   6.44429        -1   -3   -1   6.44429       -0.0034615791  -0.0000000000
    0    1    2   6.44429         0    1    2   6.44429       -0.0033955034  -0.0000000000
    1   -2    0   6.44429         1   -2    0   6.44429       -0.0034615791   0.0000000000
   -1    1   -2   6.63176        -1    1   -2   6.63176       -0.0030484966   0.0000000000
    0    0    2   6.63176         0    0    2   6.63176       -0.0029271870  -0.0000000000
    1    2   -1   6.63176         1    2   -1   6.63176       -0.0030484966   0.0000000000
   -3   -2   -2   6.81923        -3   -2   -2   6.81923       -0.0027633647  -0.0000000000
    0    2   -1   6.81923         0    2   -1   6.81923       -0.0026257858  -0.0000000000
    3    1    1   6.81923         3    1    1   6.81923       -0.0027633647  -0.0000000000
   -2   -3   -3   7.00670        -2   -3   -3   7.00670       -0.0023781342  -0.0000000000
   -2   -2    0   7.00670        -2   -2    0   7.00670       -0.0023622924  -0.0000000000
   -1    0   -3   7.00670        -1    0   -3   7.00670       -0.0023784194   0.0000000000
    1    1   -2   7.00670         1    1   -2   7.00670       -0.0023784194   0.0000000000
    2   -1   -1   7.00670         2   -1   -1   7.00670       -0.0023781342   0.0000000000
    2    0    2   7.00670         2    0    2   7.00670       -0.0023622924  -0.0000000000
    0   -2   -3   7.19417         0   -2   -3   7.19417       -0.0021080562   0.0000000000
   -3   -1   -2   7.38164        -3   -1   -2   7.38164       -0.0018876557   0.0000000000
   -2   -3   -1   7.38164        -2   -3   -1   7.38164       -0.0018724677  -0.0000000000
    2   -1    1   7.38164         2   -1    1   7.38164       -0.0018724677  -0.0000000000
    3    2    1   7.38164         3    2    1   7.38164       -0.0018876557  -0.0000000000
   -1   -3   -3   7.56911        -1   -3   -3   7.56911       -0.0016666156   0.0000000000
    0    0   -3   7.56911         0    0   -3   7.56911       -0.0015935931  -0.0000000000
    1    3    0   9.25634         1    3    0   9.25634       -0.0006074419  -0.0000000000
    2    0   -2   9.25634         2    0   -2   9.25634       -0.0006567424  -0.0000000000
   -2    0    1   9.44381        -2    0    1   9.44381       -0.0005816457   0.0000000000
    2    2    3   9.44381         2    2    3   9.44381       -0.0005816457  -0.0000000000
   -2   -1    1   9.63128        -2   -1    1   9.63128       -0.0005291511   0.0000000000
   -1    2    1   9.63128        -1    2    1   9.63128       -0.0005077126   0.0000000000
    1    3    2   9.63128         1    3    2   9.63128       -0.0005077126   0.0000000000
    2    1    3   9.63128         2    1    3   9.63128       -0.0005291511   0.0000000000
   -2    1   -2   9.81875        -2    1   -2   9.81875       -0.0004598582   0.0000000000
   -1   -2   -4   9.81875        -1   -2   -4   9.81875       -0.0004831577   0.0000000000
   -1    0    2   9.81875        -1    0    2   9.81875       -0.0004663129   0.0000000000
    0   -3    0   9.81875         0   -3    0   9.81875       -0.0004465224  -0.0000000000
    1   -1   -3   9.81875         1   -1   -3   9.81875       -0.0004831577  -0.0000000000
    1    1    3   9.81875         1    1    3   9.81875       -0.0004663129   0.0000000000
    2    3    0   9.81875         2    3    0   9.81875       -0.0004598582  -0.0000000000
   -3    0   -1  10.00622        -3    0   -1  10.00622       -0.0004107676  -0.0000000000
    3    3    2  10.00622         3    3    2  10.00622       -0.0004107676  -0.0000000000
   -3    0   -2  10.19369        -3    0   -2  10.19369       -0.0003808482   0.0000000000
   -2   -3   -4  10.19369        -2   -3   -4  10.19369       -0.0003994891  -0.0000000000
    2   -1   -2  10.19369         2   -1   -2  10.19369       -0.0003994891   0.0000000000
    3    3    1  10.19369         3    3    1  10.19369       -0.0003808482   0.0000000000
   -1   -1   -4  10.38116        -1   -1   -4  10.38116       -0.0003542200  -0.0000000000
   -1    1    2  10.38116        -1    1    2  10.38116       -0.0003578163   0.0000000000
    0   -3   -3  10.38116         0   -3   -3  10.38116       -0.0003341995  -0.0000000000
    1    0   -3  10.38116         1    0   -3  10.38116       -0.0003542200   0.0000000000
    1    2    3  10.38116         1    2    3  10.38116       -0.0003578163  -0.0000000000
   -3   -3   -1  10.56864        -3   -3   -1  10.56864       -0.0003058610   0.0000000000
   -2   -1   -4  10.56864        -2   -1   -4  10.56864       -0.0003282508   0.0000000000
    2    1   -2  10.56864         2    1   -2  10.56864       -0.0003282508   0.0000000000
    3    0    2  10.56864         3    0    2  10.56864       -0.0003058610  -0.0000000000
   -3   -1    0  10.75611        -3   -1    0  10.75611       -0.0002961276   0.0000000000
   -2   -4   -2  10.75611        -2   -4   -2  10.75611       -0.0003265255  -0.0000000000
   -4   -2   -2  12.25587        -4   -2   -2  12.25587       -0.0001724419   0.0000000000
   -1   -4   -3  12.25587        -1   -4   -3  12.25587       -0.0001574099   0.0000000000
    0    1    3  12.25587         0    1    3  12.25587       -0.0001605143  -0.0000000000
    1   -3   -2  12.25587         1   -3   -2  12.25587       -0.0001574099  -0.0000000000
    4    2    2  12.25587         4    2    2  12.25587       -0.0001724419   0.0000000000
   -4   -2   -3  12.44334        -4   -2   -3  12.44334       -0.0001573776  -0.0000000000
   -3   -4   -2  12.44334        -3   -4   -2  12.44334       -0.0001447819   0.0000000000
   -1    2   -2  12.44334        -1    2   -2  12.44334       -0.0001504725  -0.0000000000
    0   -1   -4  12.44334         0   -1   -4  12.44334       -0.0001563244   0.0000000000
    1    3   -1  12.44334         1    3   -1  12.44334       -0.0001504725  -0.0000000000
    3   -1    1  12.44334         3   -1    1  12.44334       -0.0001447819   0.0000000000
    4    2    1  12.44334         4    2    1  12.44334       -0.0001573776  -0.0000000000
   -4   -3   -3  12.63081        -4   -3   -3  12.63081       -0.0001459105  -0.0000000000
   -3    0   -3  12.63081        -3    0   -3  12.63081       -0.0001256016   0.0000000000
   -1   -4   -1  12.63081        -1   -4   -1  12.63081       -0.0001447562   0.0000000000
    0   -2   -4  12.63081         0   -2   -4  12.63081       -0.0001389501   0.0000000000
    1   -3    0  12.63081         1   -3    0  12.63081       -0.0001447562  -0.0000000000
    3    3    0  12.63081         3    3    0  12.63081       -0.0001256016  -0.0000000000
    4    1    1  12.63081         4    1    1  12.63081       -0.0001459105  -0.0000000000
   -2   -4   -1  12.81828        -2   -4   -1  12.81828       -0.0001281815   0.0000000000
    0    3    2  12.81828         0    3    2  12.81828       -0.0001175993   0.0000000000
    2   -2    1  12.81828         2   -2    1  12.81828       -0.0001281815  -0.0000000000
   -3   -1   -4  13.00575        -3   -1   -4  13.00575       -0.0001105681   0.0000000000
    3    2   -1  13.00575         3    2   -1  13.00575       -0.0001105681  -0.0000000000
   -4   -3   -2  13.19322        -4   -3   -2  13.19322       -0.0001123162  -0.0000000000
   -1    0   -4  13.19322        -1    0   -4  13.19322       -0.0001165387  -0.0000000000
   -1    2    2  13.19322        -1    2    2  13.19322       -0.0001050498  -0.0000000000
    0    0    3  13.19322         0    0    3  13.19322       -0.0001246389  -0.0000000000
    1    1   -3  13.19322         1    1   -3  13.19322       -0.0001165387  -0.0000000000
    1    3    3  13.19322         1    3    3  13.19322       -0.0001050498  -0.0000000000
    4    1    2  13.19322         4    1    2  13.19322       -0.0001123162   0.0000000000
   -2   -4   -4  13.38069        -2   -4   -4  13.38069       -0.0001058590   0.0000000000
   -3   -3    0  14.88045        -3   -3    0  14.88045       -0.0000570484  -0.0000000000
   -1    3    0  14.88045        -1    3    0  14.88045       -0.0000658898  -0.0000000000
    1    4    1  14.88045         1    4    1  14.88045       -0.0000658898  -0.0000000000
    3    0    3  14.88045         3    0    3  14.88045       -0.0000570484  -0.0000000000
    4    2    0  14.88045         4    2    0  14.88045       -0.0000616172   0.0000000000
    4    3    3  14.88045         4    3    3  14.88045       -0.0000717924  -0.0000000000
   -4   -4   -3  15.06792        -4   -4   -3  15.06792       -0.0000607499   0.0000000000
    0   -3   -4  15.06792         0   -3   -4  15.06792       -0.0000545760   0.0000000000
    4    0    1  15.06792         4    0    1  15.06792       -0.0000607499  -0.0000000000
   -3   -4   -1  15.25539        -3   -4   -1  15.25539       -0.0000511659   0.0000000000
   -3    1   -2  15.25539        -3    1   -2  15.25539       -0.0000556196  -0.0000000000
   -2    0    2  15.25539        -2    0    2  15.25539       -0.0000605726  -0.0000000000
    2    2    4  15.25539         2    2    4  15.25539       -0.0000605726  -0.0000000000
    3   -1    2  15.25539         3   -1    2  15.25539       -0.0000511659  -0.0000000000
    3    4    1  15.25539         3    4    1  15.25539       -0.0000556196   0.0000000000
   -2   -2   -5  15.44286        -2   -2   -5  15.44286       -0.0000572309  -0.0000000000
   -1   -4   -4  15.44286        -1   -4   -4  15.44286       -0.0000496401   0.0000000000
   -1   -2    2  15.44286        -1   -2    2  15.44286       -0.0000542999  -0.0000000000
   -1    3    1  15.44286        -1    3    1  15.44286       -0.0000524050   0.0000000000
    1   -3   -3  15.44286         1   -3   -3  15.44286       -0.0000496401  -0.0000000000
    1   -1    3  15.44286         1   -1    3  15.44286       -0.0000542999  -0.0000000000
    1    4    2  15.44286         1    4    2  15.44286       -0.0000524050   0.0000000000
    2    0   -3  15.44286         2    0   -3  15.44286       -0.0000572309   0.0000000000
   -3    1    0  15.63033        -3    1    0  15.63033       -0.0000540666  -0.0000000000
   -2   -3   -5  15.63033        -2   -3   -5  15.63033       -0.0000538371   0.0000000000
    2   -1   -3  15.63033         2   -1   -3  15.63033       -0.0000538371  -0.0000000000
    3    4    3  15.63033         3    4    3  15.63033       -0.0000540666  -0.0000000000
   -3   -3   -5  15.81780        -3   -3   -5  15.81780       -0.0000492762  -0.0000000000
   -3   -1    1  15.81780        -3   -1    1  15.81780       -0.0000482583  -0.0000000000
   -2    2    1  15.81780        -2    2    1  15.81780       -0.0000462534  -0.0000000000
    0   -4   -3  15.81780         0   -4   -3  15.81780       -0.0000436260  -0.0000000000
    2    4    3  15.81780         2    4    3  15.81780       -0.0000462534   0.0000000000
   -2   -4    0  17.13009        -2   -4    0  17.13009       -0.0000304032  -0.0000000000
   -1    0    3  17.13009        -1    0    3  17.13009       -0.0000346465   0.0000000000
    0    3    3  17.13009         0    3    3  17.13009       -0.0000283742  -0.0000000000
    1    1    4  17.13009         1    1    4  17.13009       -0.0000346465   0.0000000000
    2   -3   -1  17.13009         2   -3   -1  17.13009       -0.0000341960  -0.0000000000
    2   -2    2  17.13009         2   -2    2  17.13009       -0.0000304032  -0.0000000000
    4    4    2  17.13009         4    4    2  17.13009       -0.0000318171   0.0000000000
   -3   -5   -3  17.31756        -3   -5   -3  17.31756       -0.0000319869   0.0000000000
   -3    0   -4  17.31756        -3    0   -4  17.31756       -0.0000270244   0.0000000000
    3   -2    0  17.31756         3   -2    0  17.31756       -0.0000319869   0.0000000000
    3    3   -1  17.31756         3    3   -1  17.31756       -0.0000270244   0.0000000000
   -3   -4   -5  17.50503        -3   -4   -5  17.50503       -0.0000307856  -0.0000000000
   -3   -2    1  17.50503        -3   -2    1  17.50503       -0.0000282909  -0.0000000000
   -2   -1   -5  17.50503        -2   -1   -5  17.50503       -0.0000284760  -0.0000000000
    0   -4    0  17.50503         0   -4    0  17.50503       -0.0000326253  -0.0000000000
    2    1   -3  17.50503         2    1   -3  17.50503       -0.0000284760  -0.0000000000
    3   -1   -2  17.50503         3   -1   -2  17.50503       -0.0000307856   0.0000000000
    3    1    4  17.50503         3    1    4  17.50503       -0.0000282909   0.0000000000
   -4   -1   -4  17.69250        -4   -1   -4  17.69250       -0.0000247330  -0.0000000000
   -4    0   -1  17.69250        -4    0   -1  17.69250       -0.0000306359   0.0000000000
   -2   -5   -2  17.69250        -2   -5   -2  17.69250       -0.0000288810   0.0000000000
   -1   -3   -5  17.69250        -1   -3   -5  17.69250       -0.0000271509  -0.0000000000
    1   -2   -4  17.69250         1   -2   -4  17.69250       -0.0000271509  -0.0000000000
    2   -3    0  17.69250         2   -3    0  17.69250       -0.0000288810   0.0000000000
    4    3    0  17.69250         4    3    0  17.69250       -0.0000247330  -0.0000000000
    4    4    3  17.69250         4    4    3  17.69250       -0.0000306359   0.0000000000
   -1    2   -3  17.87997        -1    2   -3  17.87997       -0.0000260350   0.0000000000
    1    3   -2  17.87997         1    3   -2  17.87997       -0.0000260350   0.0000000000
   -2   -4   -5  18.06744        -2   -4   -5  18.06744       -0.0000234463  -0.0000000000
   -1   -1   -5  18.06744        -1   -1   -5  18.06744       -0.0000269465  -0.0000000000
    0    3   -2  18.06744         0    3   -2  18.06744       -0.0000263123   0.0000000000
    0    4    1  18.06744         0    4    1  18.06744       -0.0000252053   0.0000000000
   -3    1    1  19.19227        -3    1    1  19.19227       -0.0000192089   0.0000000000
   -1   -5   -3  19.19227        -1   -5   -3  19.19227       -0.0000173932   0.0000000000
    1   -4   -2  19.19227         1   -4   -2  19.19227       -0.0000173932  -0.0000000000
    3    2   -2  19.19227         3    2   -2  19.19227       -0.0000172388  -0.0000000000
    3    4    4  19.19227         3    4    4  19.19227       -0.0000192089  -0.0000000000
    4    0   -1  19.19227         4    0   -1  19.19227       -0.0000196915   0.0000000000
   -5   -2   -3  19.37974        -5   -2   -3  19.37974       -0.0000173612   0.0000000000
   -2   -2    2  19.37974        -2   -2    2  19.37974       -0.0000166783  -0.0000000000
    0    4    2  19.37974         0    4    2  19.37974       -0.0000158291   0.0000000000
    2    0    4  19.37974         2    0    4  19.37974       -0.0000166783   0.0000000000
    5    3    2  19.37974         5    3    2  19.37974       -0.0000173612  -0.0000000000
   -4   -2   -5  19.56721        -4   -2   -5  19.56721       -0.0000152965  -0.0000000000
   -1   -1    3  19.56721        -1   -1    3  19.56721       -0.0000172009   0.0000000000
    1    0    4  19.56721         1    0    4  19.56721       -0.0000172009   0.0000000000
    4    2   -1  19.56721         4    2   -1  19.56721       -0.0000152965   0.0000000000
   -5   -3   -4  19.75468        -5   -3   -4  19.75468       -0.0000158031  -0.0000000000
   -4   -5   -3  19.75468        -4   -5   -3  19.75468       -0.0000150565  -0.0000000000
    0   -4   -4  19.75468         0   -4   -4  19.75468       -0.0000137231  -0.0000000000
    4   -1    1  19.75468         4   -1    1  19.75468       -0.0000150565  -0.0000000000
    5    2    1  19.75468         5    2    1  19.75468       -0.0000158031  -0.0000000000
   -5   -2   -2  19.94215        -5   -2   -2  19.94215       -0.0000157369  -0.0000000000
   -4   -5   -4  19.94215        -4   -5   -4  19.94215       -0.0000159115  -0.0000000000
   -4   -4   -1  19.94215        -4   -4   -1  19.94215       -0.0000132218   0.0000000000
   -2    1   -4  19.94215        -2    1   -4  19.94215       -0.0000142515   0.0000000000
    2    3   -2  19.94215         2    3   -2  19.94215       -0.0000142515   0.0000000000
    4   -1    0  19.94215         4   -1    0  19.94215       -0.0000159115   0.0000000000
    4    0    3  19.94215         4    0    3  19.94215       -0.0000132218   0.0000000000
    5    3    3  19.94215         5    3    3  19.94215       -0.0000157369  -0.0000000000
   -5   -3   -2  20.12962        -5   -3   -2  20.12962       -0.0000136973  -0.0000000000
   -2    2    2  20.12962        -2    2    2  20.12962       -0.0000131614   0.0000000000
    2    4    4  20.12962         2    4    4  20.12962       -0.0000131614  -0.0000000000
    5    2    3  20.12962         5    2    3  20.12962       -0.0000136973  -0.0000000000
   -3   -3    1  21.44191        -3   -3    1  21.44191       -0.0000094787   0.0000000000
   -3    2    0  21.44191        -3    2    0  21.44191       -0.0000102468  -0.0000000000
    3   -2   -2  21.44191         3   -2   -2  21.44191       -0.0000105128   0.0000000000
    3    0    4  21.44191         3    0    4  21.44191       -0.0000094787  -0.0000000000
    3    5    3  21.44191         3    5    3  21.44191       -0.0000102468  -0.0000000000
   -1   -5   -4  21.62938        -1   -5   -4  21.62938       -0.0000092500  -0.0000000000
   -1   -3    2  21.62938        -1   -3    2  21.62938       -0.0000092695  -0.0000000000
   -1    0   -5  21.62938        -1    0   -5  21.62938       -0.0000097227  -0.0000000000
    1   -4   -3  21.62938         1   -4   -3  21.62938       -0.0000092500  -0.0000000000
    1   -2    3  21.62938         1   -2    3  21.62938       -0.0000092695  -0.0000000000
    1    1   -4  21.62938         1    1   -4  21.62938       -0.0000097227  -0.0000000000
   -4   -5   -2  21.81685        -4   -5   -2  21.81685       -0.0000086691   0.0000000000
   -2    0   -5  21.81685        -2    0   -5  21.81685       -0.0000088360  -0.0000000000
    0   -2    3  21.81685         0   -2    3  21.81685       -0.0000093402   0.0000000000
    2    2   -3  21.81685         2    2   -3  21.81685       -0.0000088360   0.0000000000
    4   -1    2  21.81685         4   -1    2  21.81685       -0.0000086691  -0.0000000000
   -5   -1   -2  22.00432        -5   -1   -2  22.00432       -0.0000088489   0.0000000000
   -2    3   -1  22.00432        -2    3   -1  22.00432       -0.0000090276  -0.0000000000
   -1   -4    1  22.00432        -1   -4    1  22.00432       -0.0000086206  -0.0000000000
    0   -3   -5  22.00432         0   -3   -5  22.00432       -0.0000082411   0.0000000000
    0    0    4  22.00432         0    0    4  22.00432       -0.0000077961  -0.0000000000
    1   -3    2  22.00432         1   -3    2  22.00432       -0.0000086206   0.0000000000
    2    5    1  22.00432         2    5    1  22.00432       -0.0000090276  -0.0000000000
    5    4    3  22.00432         5    4    3  22.00432       -0.0000088489  -0.0000000000
   -5   -1   -3  22.19179        -5   -1   -3  22.19179       -0.0000080921  -0.0000000000
   -3   -5   -1  22.19179        -3   -5   -1  22.19179       -0.0000078801  -0.0000000000
    0    4   -1  22.19179         0    4   -1  22.19179       -0.0000076336  -0.0000000000
    3   -2    2  22.19179         3   -2    2  22.19179       -0.0000078801   0.0000000000
    5    4    2  22.19179         5    4    2  22.19179       -0.0000080921   0.0000000000
   -4   -5   -5  22.37926        -4   -5   -5  22.37926       -0.0000074396   0.0000000000
   -2    3    1  22.37926        -2    3    1  22.37926       -0.0000075303  -0.0000000000
    2    5    3  22.37926         2    5    3  22.37926       -0.0000075303  -0.0000000000
   -1    3    3  23.31661        -1    3    3  23.31661       -0.0000060346  -0.0000000000
    1    4    4  23.31661         1    4    4  23.31661       -0.0000060346   0.0000000000
    2   -1   -4  23.31661         2   -1   -4  23.31661       -0.0000062008   0.0000000000
    2    2    5  23.31661         2    2    5  23.31661       -0.0000064196  -0.0000000000
   -1    4    1  23.50408        -1    4    1  23.50408       -0.0000060345   0.0000000000
    0   -5   -3  23.50408         0   -5   -3  23.50408       -0.0000057802  -0.0000000000
    1    5    2  23.50408         1    5    2  23.50408       -0.0000060345  -0.0000000000
   -5   -3   -1  23.69155        -5   -3   -1  23.69155       -0.0000055529   0.0000000000
   -3   -4   -6  23.69155        -3   -4   -6  23.69155       -0.0000059508   0.0000000000
   -2   -4    1  23.69155        -2   -4    1  23.69155       -0.0000055777  -0.0000000000
   -1    4    0  23.69155        -1    4    0  23.69155       -0.0000055685   0.0000000000
    0    0   -5  23.69155         0    0   -5  23.69155       -0.0000048470  -0.0000000000
    0    3    4  23.69155         0    3    4  23.69155       -0.0000054904   0.0000000000
    1    5    1  23.69155         1    5    1  23.69155       -0.0000055685   0.0000000000
    2   -2    3  23.69155         2   -2    3  23.69155       -0.0000055777  -0.0000000000
    3   -1   -3  23.69155         3   -1   -3  23.69155       -0.0000059508  -0.0000000000
    5    2    4  23.69155         5    2    4  23.69155       -0.0000055529   0.0000000000
   -5   -5   -4  23.87902        -5   -5   -4  23.87902       -0.0000054138  -0.0000000000
   -3    1   -4  23.87902        -3    1   -4  23.87902       -0.0000052674   0.0000000000
   -2   -2   -6  23.87902        -2   -2   -6  23.87902       -0.0000057196   0.0000000000
   -2    1    3  23.87902        -2    1    3  23.87902       -0.0000052699   0.0000000000
    0   -5   -1  23.87902         0   -5   -1  23.87902       -0.0000046841   0.0000000000
    2    0   -4  23.87902         2    0   -4  23.87902       -0.0000057196   0.0000000000
    2    3    5  23.87902         2    3    5  23.87902       -0.0000052699   0.0000000000
    3    4   -1  23.87902         3    4   -1  23.87902       -0.0000052674   0.0000000000
    5    0    1  23.87902         5    0    1  23.87902       -0.0000054138   0.0000000000
   -5   -1   -1  24.06649        -5   -1   -1  24.06649       -0.0000045377   0.0000000000
   -3   -2   -6  24.06649        -3   -2   -6  24.06649       -0.0000051561  -0.0000000000
    3    1   -3  24.06649         3    1   -3  24.06649       -0.0000051561  -0.0000000000
    5    4    4  24.06649         5    4    4  24.06649       -0.0000045377   0.0000000000
   -4   -1    1  24.25396        -4   -1    1  24.25396       -0.0000051663  -0.0000000000
   -3    0   -5  24.25396        -3    0   -5  24.25396       -0.0000047967   0.0000000000


             g                   gp         inverse epsilon           nspin= 1
         0    0    0         0    0    0        0.27736282  -0.00000000
         0    0   -1         0    0    0        0.00422881  -0.00000000
         0    0   -1         0    0   -1        0.37803564  -0.00000000
         0   -1   -1         0    0   -1       -0.02510690   0.00000000
         0   -1   -1         0   -1   -1        0.44123485  -0.00000000
        -1   -1   -1         0   -1   -1       -0.04040015   0.00000000
        -1   -1   -1        -1   -1   -1        0.50389932  -0.00000000
         1    0    0        -1   -1   -1       -0.02799108  -0.00000000
         1    0    0         1    0    0        0.50389932   0.00000000
         0   -1    0         1    0    0       -0.00118011   0.00000000
         0   -1    0         0   -1    0        0.61311959  -0.00000000
        -1    0   -1         0   -1    0       -0.00290374  -0.00000000
        -1    0   -1        -1    0   -1        0.64330334  -0.00000000
         1    1    0        -1    0   -1       -0.00858874  -0.00000000
         1    1    0         1    1    0        0.64330334   0.00000000
         0    1    0         1    1    0       -0.04759021   0.00000000
         0    1    0         0    1    0        0.68359075  -0.00000000
        -1   -1   -2         0    1    0        0.00107131  -0.00000000
        -1   -1   -2        -1   -1   -2        0.71734405   0.00000000
         1    0   -1        -1   -1   -2       -0.01152496   0.00000000
         1    0   -1         1    0   -1        0.71734405  -0.00000000
        -1    0    0         1    0   -1        0.02395202  -0.00000000
        -1    0    0        -1    0    0        0.74792042   0.00000000
         1    1    1        -1    0    0       -0.01217599  -0.00000000
         1    1    1         1    1    1        0.74792042   0.00000000
        -1   -1    0         1    1    1       -0.00509325  -0.00000000
        -1   -1    0        -1   -1    0        0.76467605   0.00000000
         1    0    1        -1   -1    0       -0.01289797   0.00000000
         1    0    1         1    0    1        0.76467605  -0.00000000
         0   -1   -2         1    0    1       -0.01285106   0.00000000
         0   -1   -2         0   -1   -2        0.79099484  -0.00000000
         0    0    1         0   -1   -2       -0.02262403  -0.00000000
         0    0    1         0    0    1        0.79637036  -0.00000000
        -1   -2   -1         0    0    1       -0.00970165   0.00000000
        -1   -2   -1        -1   -2   -1        0.81164755  -0.00000000
         0    1   -1        -1   -2   -1       -0.01639106   0.00000000
         0    1   -1         0    1   -1        0.81450005   0.00000000
         1   -1    0         0    1   -1        0.01639106   0.00000000
         1   -1    0         1   -1    0        0.81164755   0.00000000
        -1   -2   -2         1   -1    0       -0.01337877   0.00000000
        -1   -2   -2        -1   -2   -2        0.83266803   0.00000000
         1   -1   -1        -1   -2   -2       -0.01191401  -0.00000000
         1   -1   -1         1   -1   -1        0.83266803   0.00000000
         0    0   -2         1   -1   -1        0.00851468   0.00000000
         0    0   -2         0    0   -2        0.85141258   0.00000000
         0    1    1         0    0   -2       -0.00987773  -0.00000000
         0    1    1         0    1    1        0.84793219  -0.00000000
        -1    0   -2         0    1    1       -0.00879461  -0.00000000
        -1    0   -2        -1    0   -2        0.86464344   0.00000000
         0   -2   -1        -1    0   -2        0.00958549   0.00000000
         0   -2   -1         0   -2   -1        0.86714219   0.00000000
         1    1   -1         0   -2   -1       -0.00958549  -0.00000000
         1    1   -1         1    1   -1        0.86464344   0.00000000
        -2   -1   -1         1    1   -1       -0.00371763   0.00000000
        -2   -1   -1        -2   -1   -1        0.87550585  -0.00000000
         2    1    1        -2   -1   -1        0.01343238  -0.00000000
         2    1    1         2    1    1        0.87550585  -0.00000000
        -2   -1   -2         2    1    1        0.01122044   0.00000000
        -2   -1   -2        -2   -1   -2        0.89053317   0.00000000
         2    1    0        -2   -1   -2        0.01012563  -0.00000000
         2    1    0         2    1    0        0.89053317   0.00000000
        -2   -2   -2         2    1    0        0.00722656   0.00000000
        -2   -2   -2        -2   -2   -2        0.90408958   0.00000000
        -2    0    0        -2   -2   -2       -0.00717861  -0.00000000
        -2    0    0        -2    0    0        0.98234558  -0.00000000
        -1   -3   -2        -2    0    0        0.00000128  -0.00000000
        -1   -3   -2        -1   -3   -2        0.98195118  -0.00000000
         1   -2   -1        -1   -3   -2        0.00125722  -0.00000000
         1   -2   -1         1   -2   -1        0.98195118   0.00000000
         2    1   -1         1   -2   -1       -0.00331951  -0.00000000
         2    1   -1         2    1   -1        0.98182912  -0.00000000
         2    2    2         2    1   -1       -0.00367952  -0.00000000
         2    2    2         2    2    2        0.98234558  -0.00000000
        -2   -3   -2         2    2    2        0.00175672   0.00000000
        -2   -3   -2        -2   -3   -2        0.98434274   0.00000000
        -1    1    1        -2   -3   -2        0.00027287   0.00000000
        -1    1    1        -1    1    1        0.98443164   0.00000000
         1    2    2        -1    1    1        0.00088120   0.00000000
         1    2    2         1    2    2        0.98443164   0.00000000
         2   -1    0         1    2    2       -0.00027287   0.00000000
         2   -1    0         2   -1    0        0.98434274   0.00000000
         0   -1   -3         2   -1    0       -0.00135381  -0.00000000
         0   -1   -3         0   -1   -3        0.98678505   0.00000000
        -1   -3   -1         0   -1   -3        0.00077040  -0.00000000
        -1   -3   -1        -1   -3   -1        0.98843428  -0.00000000
         0    1    2        -1   -3   -1        0.00036006  -0.00000000
         0    1    2         0    1    2        0.98847777  -0.00000000
         1   -2    0         0    1    2       -0.00036006   0.00000000
         1   -2    0         1   -2    0        0.98843428   0.00000000
        -1    1   -2         1   -2    0       -0.00074253   0.00000000
        -1    1   -2        -1    1   -2        0.99000978   0.00000000
         0    0    2        -1    1   -2        0.00119018   0.00000000
         0    0    2         0    0    2        0.99040139  -0.00000000
         1    2   -1         0    0    2       -0.00119018   0.00000000
         1    2   -1         1    2   -1        0.99000978   0.00000000
        -3   -2   -2         1    2   -1       -0.00052519  -0.00000000
        -3   -2   -2        -3   -2   -2        0.99140482   0.00000000
         0    2   -1        -3   -2   -2        0.00031014   0.00000000
         0    2   -1         0    2   -1        0.99160758  -0.00000000
         3    1    1         0    2   -1       -0.00031014   0.00000000
         3    1    1         3    1    1        0.99140482  -0.00000000
        -2   -3   -3         3    1    1        0.00097544   0.00000000
        -2   -3   -3        -2   -3   -3        0.99263077  -0.00000000
        -2   -2    0        -2   -3   -3       -0.00179110   0.00000000
        -2   -2    0        -2   -2    0        0.99246817  -0.00000000
        -1    0   -3        -2   -2    0       -0.00100212   0.00000000
        -1    0   -3        -1    0   -3        0.99260171   0.00000000
         1    1   -2        -1    0   -3        0.00093710   0.00000000
         1    1   -2         1    1   -2        0.99260171   0.00000000
         2   -1   -1         1    1   -2        0.00172265   0.00000000
         2   -1   -1         2   -1   -1        0.99263077   0.00000000
         2    0    2         2   -1   -1       -0.00179110  -0.00000000
         2    0    2         2    0    2        0.99246817  -0.00000000
         0   -2   -3         2    0    2       -0.00034495  -0.00000000
         0   -2   -3         0   -2   -3        0.99346981   0.00000000
        -3   -1   -2         0   -2   -3        0.00006580  -0.00000000
        -3   -1   -2        -3   -1   -2        0.99449827   0.00000000
        -2   -3   -1        -3   -1   -2        0.00130168   0.00000000
        -2   -3   -1        -2   -3   -1        0.99439546  -0.00000000
         2   -1    1        -2   -3   -1        0.00102000   0.00000000
         2   -1    1         2   -1    1        0.99439546   0.00000000
         3    2    1         2   -1    1       -0.00130168   0.00000000
         3    2    1         3    2    1        0.99449827  -0.00000000
        -1   -3   -3         3    2    1        0.00074091   0.00000000
        -1   -3   -3        -1   -3   -3        0.99514528   0.00000000
         0    0   -3        -1   -3   -3       -0.00117809   0.00000000
         0    0   -3         0    0   -3        0.99537400   0.00000000
         1    3    0         0    0   -3        0.00048704   0.00000000
         1    3    0         1    3    0        0.99856638  -0.00000000
         2    0   -2         1    3    0       -0.00025789   0.00000000
         2    0   -2         2    0   -2        0.99853065  -0.00000000
        -2    0    1         2    0   -2        0.00014881   0.00000000
        -2    0    1        -2    0    1        0.99868383  -0.00000000
         2    2    3        -2    0    1        0.00025709  -0.00000000
         2    2    3         2    2    3        0.99868383  -0.00000000
        -2   -1    1         2    2    3        0.00017959   0.00000000
        -2   -1    1        -2   -1    1        0.99883881   0.00000000
        -1    2    1        -2   -1    1       -0.00023381   0.00000000
        -1    2    1        -1    2    1        0.99887691   0.00000000
         1    3    2        -1    2    1        0.00045484   0.00000000
         1    3    2         1    3    2        0.99887691   0.00000000
         2    1    3         1    3    2        0.00023381   0.00000000
         2    1    3         2    1    3        0.99883881   0.00000000
        -2    1   -2         2    1    3       -0.00016028   0.00000000
        -2    1   -2        -2    1   -2        0.99898950   0.00000000
        -1   -2   -4        -2    1   -2       -0.00022055   0.00000000
        -1   -2   -4        -1   -2   -4        0.99895891  -0.00000000
        -1    0    2        -1   -2   -4       -0.00001141   0.00000000
        -1    0    2        -1    0    2        0.99896313   0.00000000
         0   -3    0        -1    0    2       -0.00023643   0.00000000
         0   -3    0         0   -3    0        0.99902161  -0.00000000
         1   -1   -3         0   -3    0       -0.00002583  -0.00000000
         1   -1   -3         1   -1   -3        0.99895891  -0.00000000
         1    1    3         1   -1   -3       -0.00001141   0.00000000
         1    1    3         1    1    3        0.99896313   0.00000000
         2    3    0         1    1    3       -0.00000153   0.00000000
         2    3    0         2    3    0        0.99898950  -0.00000000
        -3    0   -1         2    3    0       -0.00001644   0.00000000
        -3    0   -1        -3    0   -1        0.99911443  -0.00000000
         3    3    2        -3    0   -1        0.00013973   0.00000000
         3    3    2         3    3    2        0.99911443  -0.00000000
        -3    0   -2         3    3    2        0.00012146  -0.00000000
        -3    0   -2        -3    0   -2        0.99918592   0.00000000
        -2   -3   -4        -3    0   -2       -0.00018116   0.00000000
        -2   -3   -4        -2   -3   -4        0.99915053  -0.00000000
         2   -1   -2        -2   -3   -4        0.00020414  -0.00000000
         2   -1   -2         2   -1   -2        0.99915053  -0.00000000
         3    3    1         2   -1   -2        0.00018116  -0.00000000
         3    3    1         3    3    1        0.99918592  -0.00000000
        -1   -1   -4         3    3    1        0.00006728  -0.00000000
        -1   -1   -4        -1   -1   -4        0.99925669   0.00000000
        -1    1    2        -1   -1   -4       -0.00008117  -0.00000000
        -1    1    2        -1    1    2        0.99927235   0.00000000
         0   -3   -3        -1    1    2        0.00001868  -0.00000000
         0   -3   -3         0   -3   -3        0.99928255  -0.00000000
         1    0   -3         0   -3   -3       -0.00012278   0.00000000
         1    0   -3         1    0   -3        0.99925669   0.00000000
         1    2    3         1    0   -3       -0.00008117  -0.00000000
         1    2    3         1    2    3        0.99927235   0.00000000
        -3   -3   -1         1    2    3        0.00003234  -0.00000000
        -3   -3   -1        -3   -3   -1        0.99936433   0.00000000
        -2   -1   -4        -3   -3   -1        0.00000692   0.00000000
        -2   -1   -4        -2   -1   -4        0.99933612   0.00000000
         2    1   -2        -2   -1   -4        0.00011107  -0.00000000
         2    1   -2         2    1   -2        0.99933612   0.00000000
         3    0    2         2    1   -2       -0.00000692  -0.00000000
         3    0    2         3    0    2        0.99936433  -0.00000000
        -3   -1    0         3    0    2       -0.00007128  -0.00000000
        -3   -1    0        -3   -1    0        0.99939360   0.00000000
        -2   -4   -2        -3   -1    0       -0.00015348   0.00000000
        -2   -4   -2        -2   -4   -2        0.99935887  -0.00000000
        -4   -2   -2        -2   -4   -2        0.00008209   0.00000000
        -4   -2   -2        -4   -2   -2        0.99969998   0.00000000
        -1   -4   -3        -4   -2   -2        0.00002245  -0.00000000
        -1   -4   -3        -1   -4   -3        0.99973241   0.00000000
         0    1    3        -1   -4   -3        0.00005726   0.00000000
         0    1    3         0    1    3        0.99971048  -0.00000000
         1   -3   -2         0    1    3       -0.00005726   0.00000000
         1   -3   -2         1   -3   -2        0.99973241  -0.00000000
         4    2    2         1   -3   -2       -0.00002245  -0.00000000
         4    2    2         4    2    2        0.99969998  -0.00000000
        -4   -2   -3         4    2    2        0.00008057   0.00000000
        -4   -2   -3        -4   -2   -3        0.99973457  -0.00000000
        -3   -4   -2        -4   -2   -3        0.00003695  -0.00000000
        -3   -4   -2        -3   -4   -2        0.99975234  -0.00000000
        -1    2   -2        -3   -4   -2       -0.00005951   0.00000000
        -1    2   -2        -1    2   -2        0.99973464  -0.00000000
         0   -1   -4        -1    2   -2       -0.00006656  -0.00000000
         0   -1   -4         0   -1   -4        0.99973561   0.00000000
         1    3   -1         0   -1   -4        0.00006656  -0.00000000
         1    3   -1         1    3   -1        0.99973464  -0.00000000
         3   -1    1         1    3   -1       -0.00005951   0.00000000
         3   -1    1         3   -1    1        0.99975234   0.00000000
         4    2    1         3   -1    1       -0.00003695   0.00000000
         4    2    1         4    2    1        0.99973457  -0.00000000
        -4   -3   -3         4    2    1        0.00006282  -0.00000000
        -4   -3   -3        -4   -3   -3        0.99975199  -0.00000000
        -3    0   -3        -4   -3   -3       -0.00001931  -0.00000000
        -3    0   -3        -3    0   -3        0.99978583   0.00000000
        -1   -4   -1        -3    0   -3       -0.00005783  -0.00000000
        -1   -4   -1        -1   -4   -1        0.99975524   0.00000000
         0   -2   -4        -1   -4   -1        0.00003104   0.00000000
         0   -2   -4         0   -2   -4        0.99976067   0.00000000
         1   -3    0         0   -2   -4       -0.00003104   0.00000000
         1   -3    0         1   -3    0        0.99975524  -0.00000000
         3    3    0         1   -3    0       -0.00005783  -0.00000000
         3    3    0         3    3    0        0.99978583  -0.00000000
         4    1    1         3    3    0        0.00001931  -0.00000000
         4    1    1         4    1    1        0.99975199  -0.00000000
        -2   -4   -1         4    1    1        0.00004246   0.00000000
        -2   -4   -1        -2   -4   -1        0.99978382   0.00000000
         0    3    2        -2   -4   -1        0.00003994  -0.00000000
         0    3    2         0    3    2        0.99980417   0.00000000
         2   -2    1         0    3    2        0.00003994  -0.00000000
         2   -2    1         2   -2    1        0.99978382  -0.00000000
        -3   -1   -4         2   -2    1        0.00000022   0.00000000
        -3   -1   -4        -3   -1   -4        0.99982014   0.00000000
         3    2   -1        -3   -1   -4        0.00001271   0.00000000
         3    2   -1         3    2   -1        0.99982014   0.00000000
        -4   -3   -2         3    2   -1       -0.00001793  -0.00000000
        -4   -3   -2        -4   -3   -2        0.99982213  -0.00000000
        -1    0   -4        -4   -3   -2        0.00000426   0.00000000
        -1    0   -4        -1    0   -4        0.99980820  -0.00000000
        -1    2    2        -1    0   -4       -0.00004375  -0.00000000
        -1    2    2        -1    2    2        0.99983164  -0.00000000
         0    0    3        -1    2    2        0.00000365   0.00000000
         0    0    3         0    0    3        0.99980630   0.00000000
         1    1   -3         0    0    3       -0.00004025   0.00000000
         1    1   -3         1    1   -3        0.99980820  -0.00000000
         1    3    3         1    1   -3       -0.00004375  -0.00000000
         1    3    3         1    3    3        0.99983164  -0.00000000
         4    1    2         1    3    3        0.00001339  -0.00000000
         4    1    2         4    1    2        0.99982213   0.00000000
        -2   -4   -4         4    1    2       -0.00003353   0.00000000
        -2   -4   -4        -2   -4   -4        0.99982601   0.00000000
        -3   -3    0        -2   -4   -4       -0.00001354   0.00000000
        -3   -3    0        -3   -3    0        0.99991854  -0.00000000
        -1    3    0        -3   -3    0       -0.00001770   0.00000000
        -1    3    0        -1    3    0        0.99990671  -0.00000000
         1    4    1        -1    3    0        0.00005479  -0.00000000
         1    4    1         1    4    1        0.99990671  -0.00000000
         3    0    3         1    4    1       -0.00001770  -0.00000000
         3    0    3         3    0    3        0.99991854  -0.00000000
         4    2    0         3    0    3        0.00001111  -0.00000000
         4    2    0         4    2    0        0.99991099   0.00000000
         4    3    3         4    2    0        0.00000524  -0.00000000
         4    3    3         4    3    3        0.99989873   0.00000000
        -4   -4   -3         4    3    3       -0.00002013  -0.00000000
        -4   -4   -3        -4   -4   -3        0.99991194  -0.00000000
         0   -3   -4        -4   -4   -3       -0.00001292   0.00000000
         0   -3   -4         0   -3   -4        0.99992377   0.00000000
         4    0    1         0   -3   -4       -0.00001292  -0.00000000
         4    0    1         4    0    1        0.99991194   0.00000000
        -3   -4   -1         4    0    1        0.00001150   0.00000000
        -3   -4   -1        -3   -4   -1        0.99992948   0.00000000
        -3    1   -2        -3   -4   -1        0.00000471   0.00000000
        -3    1   -2        -3    1   -2        0.99992319   0.00000000
        -2    0    2        -3    1   -2       -0.00001235   0.00000000
        -2    0    2        -2    0    2        0.99991353  -0.00000000
         2    2    4        -2    0    2        0.00001569  -0.00000000
         2    2    4         2    2    4        0.99991353  -0.00000000
         3   -1    2         2    2    4       -0.00001278  -0.00000000
         3   -1    2         3   -1    2        0.99992948   0.00000000
         3    4    1         3   -1    2        0.00000471   0.00000000
         3    4    1         3    4    1        0.99992319   0.00000000
        -2   -2   -5         3    4    1       -0.00000900   0.00000000
        -2   -2   -5        -2   -2   -5        0.99992090  -0.00000000
        -1   -4   -4        -2   -2   -5       -0.00000133  -0.00000000
        -1   -4   -4        -1   -4   -4        0.99993248   0.00000000
        -1   -2    2        -1   -4   -4       -0.00001303  -0.00000000
        -1   -2    2        -1   -2    2        0.99992524  -0.00000000
        -1    3    1        -1   -2    2        0.00000497   0.00000000
        -1    3    1        -1    3    1        0.99992843   0.00000000
         1   -3   -3        -1    3    1        0.00003463  -0.00000000
         1   -3   -3         1   -3   -3        0.99993248  -0.00000000
         1   -1    3         1   -3   -3       -0.00001303  -0.00000000
         1   -1    3         1   -1    3        0.99992524   0.00000000
         1    4    2         1   -1    3        0.00000497   0.00000000
         1    4    2         1    4    2        0.99992843   0.00000000
         2    0   -3         1    4    2       -0.00001569   0.00000000
         2    0   -3         2    0   -3        0.99992090   0.00000000
        -3    1    0         2    0   -3       -0.00000021  -0.00000000
        -3    1    0        -3    1    0        0.99992721  -0.00000000
        -2   -3   -5        -3    1    0       -0.00001480  -0.00000000
        -2   -3   -5        -2   -3   -5        0.99992609  -0.00000000
         2   -1   -3        -2   -3   -5        0.00001161  -0.00000000
         2   -1   -3         2   -1   -3        0.99992609  -0.00000000
         3    4    3         2   -1   -3        0.00001480  -0.00000000
         3    4    3         3    4    3        0.99992721  -0.00000000
        -3   -3   -5         3    4    3       -0.00000917  -0.00000000
        -3   -3   -5        -3   -3   -5        0.99993406  -0.00000000
        -3   -1    1        -3   -3   -5       -0.00000661   0.00000000
        -3   -1    1        -3   -1    1        0.99993401  -0.00000000
        -2    2    1        -3   -1    1       -0.00000284   0.00000000
        -2    2    1        -2    2    1        0.99993721  -0.00000000
         0   -4   -3        -2    2    1        0.00002475  -0.00000000
         0   -4   -3         0   -4   -3        0.99994083  -0.00000000
         2    4    3         0   -4   -3        0.00002475   0.00000000
         2    4    3         2    4    3        0.99993721  -0.00000000
        -2   -4    0         2    4    3       -0.00000496  -0.00000000
        -2   -4    0        -2   -4    0        0.99996179  -0.00000000
        -1    0    3        -2   -4    0        0.00000595  -0.00000000
        -1    0    3        -1    0    3        0.99995759   0.00000000
         0    3    3        -1    0    3        0.00000270   0.00000000
         0    3    3         0    3    3        0.99996502  -0.00000000
         1    1    4         0    3    3       -0.00000270   0.00000000
         1    1    4         1    1    4        0.99995759   0.00000000
         2   -3   -1         1    1    4       -0.00000587   0.00000000
         2   -3   -1         2   -3   -1        0.99995582  -0.00000000
         2   -2    2         2   -3   -1        0.00000188  -0.00000000
         2   -2    2         2   -2    2        0.99996179  -0.00000000
         4    4    2         2   -2    2       -0.00000282  -0.00000000
         4    4    2         4    4    2        0.99995971   0.00000000
        -3   -5   -3         4    4    2       -0.00001496  -0.00000000
        -3   -5   -3        -3   -5   -3        0.99995977   0.00000000
        -3    0   -4        -3   -5   -3       -0.00000063  -0.00000000
        -3    0   -4        -3    0   -4        0.99996709   0.00000000
         3   -2    0        -3    0   -4        0.00000429   0.00000000
         3   -2    0         3   -2    0        0.99995977   0.00000000
         3    3   -1         3   -2    0       -0.00000063  -0.00000000
         3    3   -1         3    3   -1        0.99996709   0.00000000
        -3   -4   -5         3    3   -1       -0.00000583   0.00000000
        -3   -4   -5        -3   -4   -5        0.99996261  -0.00000000
        -3   -2    1        -3   -4   -5       -0.00000124   0.00000000
        -3   -2    1        -3   -2    1        0.99996553  -0.00000000
        -2   -1   -5        -3   -2    1        0.00000711  -0.00000000
        -2   -1   -5        -2   -1   -5        0.99996514  -0.00000000
         0   -4    0        -2   -1   -5        0.00000565   0.00000000
         0   -4    0         0   -4    0        0.99995973  -0.00000000
         2    1   -3         0   -4    0        0.00000565   0.00000000
         2    1   -3         2    1   -3        0.99996514  -0.00000000
         3   -1   -2         2    1   -3       -0.00000334   0.00000000
         3   -1   -2         3   -1   -2        0.99996261   0.00000000
         3    1    4         3   -1   -2       -0.00000124  -0.00000000
         3    1    4         3    1    4        0.99996553   0.00000000
        -4   -1   -4         3    1    4        0.00001161   0.00000000
        -4   -1   -4        -4   -1   -4        0.99997069   0.00000000
        -4    0   -1        -4   -1   -4        0.00000355   0.00000000
        -4    0   -1        -4    0   -1        0.99996260   0.00000000
        -2   -5   -2        -4    0   -1        0.00000439  -0.00000000
        -2   -5   -2        -2   -5   -2        0.99996519   0.00000000
        -1   -3   -5        -2   -5   -2        0.00000614   0.00000000
        -1   -3   -5        -1   -3   -5        0.99996764  -0.00000000
         1   -2   -4        -1   -3   -5        0.00002140  -0.00000000
         1   -2   -4         1   -2   -4        0.99996764  -0.00000000
         2   -3    0         1   -2   -4       -0.00000614   0.00000000
         2   -3    0         2   -3    0        0.99996519   0.00000000
         4    3    0         2   -3    0       -0.00000361   0.00000000
         4    3    0         4    3    0        0.99997069  -0.00000000
         4    4    3         4    3    0        0.00000355  -0.00000000
         4    4    3         4    4    3        0.99996260   0.00000000
        -1    2   -3         4    4    3        0.00000019   0.00000000
        -1    2   -3        -1    2   -3        0.99996847   0.00000000
         1    3   -2        -1    2   -3        0.00001640   0.00000000
         1    3   -2         1    3   -2        0.99996847   0.00000000
        -2   -4   -5         1    3   -2        0.00000215   0.00000000
        -2   -4   -5        -2   -4   -5        0.99997218  -0.00000000
        -1   -1   -5        -2   -4   -5        0.00000314   0.00000000
        -1   -1   -5        -1   -1   -5        0.99996802  -0.00000000
         0    3   -2        -1   -1   -5        0.00000396  -0.00000000
         0    3   -2         0    3   -2        0.99996926  -0.00000000
         0    4    1         0    3   -2        0.00000521  -0.00000000
         0    4    1         0    4    1        0.99996990   0.00000000
        -3    1    1         0    4    1       -0.00000008   0.00000000
        -3    1    1        -3    1    1        0.99997868   0.00000000
        -1   -5   -3        -3    1    1       -0.00000194   0.00000000
        -1   -5   -3        -1   -5   -3        0.99998062   0.00000000
         1   -4   -2        -1   -5   -3        0.00001279  -0.00000000
         1   -4   -2         1   -4   -2        0.99998062  -0.00000000
         3    2   -2         1   -4   -2       -0.00000074   0.00000000
         3    2   -2         3    2   -2        0.99998091  -0.00000000
         3    4    4         3    2   -2        0.00000014   0.00000000
         3    4    4         3    4    4        0.99997868  -0.00000000
         4    0   -1         3    4    4       -0.00000063  -0.00000000
         4    0   -1         4    0   -1        0.99997771   0.00000000
        -5   -2   -3         4    0   -1       -0.00000451   0.00000000
        -5   -2   -3        -5   -2   -3        0.99998064   0.00000000
        -2   -2    2        -5   -2   -3        0.00000310   0.00000000
        -2   -2    2        -2   -2    2        0.99998149  -0.00000000
         0    4    2        -2   -2    2        0.00000007  -0.00000000
         0    4    2         0    4    2        0.99998225   0.00000000
         2    0    4         0    4    2        0.00000007   0.00000000
         2    0    4         2    0    4        0.99998149  -0.00000000
         5    3    2         2    0    4       -0.00000310   0.00000000
         5    3    2         5    3    2        0.99998064  -0.00000000
        -4   -2   -5         5    3    2       -0.00000082  -0.00000000
        -4   -2   -5        -4   -2   -5        0.99998315  -0.00000000
        -1   -1    3        -4   -2   -5        0.00000193   0.00000000
        -1   -1    3        -1   -1    3        0.99998092   0.00000000
         1    0    4        -1   -1    3        0.00001390  -0.00000000
         1    0    4         1    0    4        0.99998092   0.00000000
         4    2   -1         1    0    4       -0.00000193   0.00000000
         4    2   -1         4    2   -1        0.99998315   0.00000000
        -5   -3   -4         4    2   -1       -0.00000037  -0.00000000
        -5   -3   -4        -5   -3   -4        0.99998293  -0.00000000
        -4   -5   -3        -5   -3   -4       -0.00000267  -0.00000000
        -4   -5   -3        -4   -5   -3        0.99998367  -0.00000000
         0   -4   -4        -4   -5   -3       -0.00000293   0.00000000
         0   -4   -4         0   -4   -4        0.99998543  -0.00000000
         4   -1    1         0   -4   -4       -0.00000293   0.00000000
         4   -1    1         4   -1    1        0.99998367  -0.00000000
         5    2    1         4   -1    1        0.00000267   0.00000000
         5    2    1         5    2    1        0.99998293   0.00000000
        -5   -2   -2         5    2    1        0.00000830   0.00000000
        -5   -2   -2        -5   -2   -2        0.99998339  -0.00000000
        -4   -5   -4        -5   -2   -2       -0.00000155   0.00000000
        -4   -5   -4        -4   -5   -4        0.99998276  -0.00000000
        -4   -4   -1        -4   -5   -4        0.00000219  -0.00000000
        -4   -4   -1        -4   -4   -1        0.99998608   0.00000000
        -2    1   -4        -4   -4   -1        0.00000223   0.00000000
        -2    1   -4        -2    1   -4        0.99998469   0.00000000
         2    3   -2        -2    1   -4        0.00000002  -0.00000000
         2    3   -2         2    3   -2        0.99998469   0.00000000
         4   -1    0         2    3   -2        0.00000075  -0.00000000
         4   -1    0         4   -1    0        0.99998276   0.00000000
         4    0    3         4   -1    0        0.00000219   0.00000000
         4    0    3         4    0    3        0.99998608  -0.00000000
         5    3    3         4    0    3        0.00000189  -0.00000000
         5    3    3         5    3    3        0.99998339  -0.00000000
        -5   -3   -2         5    3    3       -0.00000484  -0.00000000
        -5   -3   -2        -5   -3   -2        0.99998532  -0.00000000
        -2    2    2        -5   -3   -2       -0.00000335   0.00000000
        -2    2    2        -2    2    2        0.99998585   0.00000000
         2    4    4        -2    2    2       -0.00000002   0.00000000
         2    4    4         2    4    4        0.99998585  -0.00000000
         5    2    3         2    4    4        0.00000335   0.00000000
         5    2    3         5    2    3        0.99998532  -0.00000000
        -3   -3    1         5    2    3       -0.00000152  -0.00000000
        -3   -3    1        -3   -3    1        0.99999045   0.00000000
        -3    2    0        -3   -3    1       -0.00000089  -0.00000000
        -3    2    0        -3    2    0        0.99998992  -0.00000000
         3   -2   -2        -3    2    0        0.00000654  -0.00000000
         3   -2   -2         3   -2   -2        0.99998954   0.00000000
         3    0    4         3   -2   -2        0.00000062  -0.00000000
         3    0    4         3    0    4        0.99999045  -0.00000000
         3    5    3         3    0    4       -0.00000089   0.00000000
         3    5    3         3    5    3        0.99998992  -0.00000000
        -1   -5   -4         3    5    3       -0.00000302  -0.00000000
        -1   -5   -4        -1   -5   -4        0.99999089  -0.00000000
        -1   -3    2        -1   -5   -4        0.00000095  -0.00000000
        -1   -3    2        -1   -3    2        0.99999076   0.00000000
        -1    0   -5        -1   -3    2       -0.00000379   0.00000000
        -1    0   -5        -1    0   -5        0.99999027  -0.00000000
         1   -4   -3        -1    0   -5        0.00000079  -0.00000000
         1   -4   -3         1   -4   -3        0.99999089  -0.00000000
         1   -2    3         1   -4   -3        0.00000095  -0.00000000
         1   -2    3         1   -2    3        0.99999076  -0.00000000
         1    1   -4         1   -2    3       -0.00000379   0.00000000
         1    1   -4         1    1   -4        0.99999027   0.00000000
        -4   -5   -2         1    1   -4       -0.00000115  -0.00000000
        -4   -5   -2        -4   -5   -2        0.99999149   0.00000000
        -2    0   -5        -4   -5   -2        0.00000100   0.00000000
        -2    0   -5        -2    0   -5        0.99999132  -0.00000000
         0   -2    3        -2    0   -5        0.00000466   0.00000000
         0   -2    3         0   -2    3        0.99999100   0.00000000
         2    2   -3         0   -2    3        0.00000466  -0.00000000
         2    2   -3         2    2   -3        0.99999132   0.00000000
         4   -1    2         2    2   -3        0.00000100  -0.00000000
         4   -1    2         4   -1    2        0.99999149  -0.00000000
        -5   -1   -2         4   -1    2       -0.00000201  -0.00000000
        -5   -1   -2        -5   -1   -2        0.99999132   0.00000000
        -2    3   -1        -5   -1   -2        0.00000056   0.00000000
        -2    3   -1        -2    3   -1        0.99999140  -0.00000000
        -1   -4    1        -2    3   -1       -0.00000150   0.00000000
        -1   -4    1        -1   -4    1        0.99999168  -0.00000000
         0   -3   -5        -1   -4    1        0.00000109   0.00000000
         0   -3   -5         0   -3   -5        0.99999188   0.00000000
         0    0    4         0   -3   -5       -0.00000226   0.00000000
         0    0    4         0    0    4        0.99999234  -0.00000000
         1   -3    2         0    0    4       -0.00000051  -0.00000000
         1   -3    2         1   -3    2        0.99999168   0.00000000
         2    5    1         1   -3    2        0.00000150   0.00000000
         2    5    1         2    5    1        0.99999140  -0.00000000
         5    4    3         2    5    1       -0.00000056   0.00000000
         5    4    3         5    4    3        0.99999132  -0.00000000
        -5   -1   -3         5    4    3       -0.00000057  -0.00000000
        -5   -1   -3        -5   -1   -3        0.99999226  -0.00000000
        -3   -5   -1        -5   -1   -3        0.00000073   0.00000000
        -3   -5   -1        -3   -5   -1        0.99999234  -0.00000000
         0    4   -1        -3   -5   -1       -0.00000192  -0.00000000
         0    4   -1         0    4   -1        0.99999257  -0.00000000
         3   -2    2         0    4   -1        0.00000192   0.00000000
         3   -2    2         3   -2    2        0.99999234   0.00000000
         5    4    2         3   -2    2        0.00000073  -0.00000000
         5    4    2         5    4    2        0.99999226   0.00000000
        -4   -5   -5         5    4    2        0.00000244   0.00000000
        -4   -5   -5        -4   -5   -5        0.99999285   0.00000000
        -2    3    1        -4   -5   -5       -0.00000116   0.00000000
        -2    3    1        -2    3    1        0.99999260  -0.00000000
         2    5    3        -2    3    1       -0.00000053  -0.00000000
         2    5    3         2    5    3        0.99999260  -0.00000000
        -1    3    3         2    5    3        0.00000084   0.00000000
        -1    3    3        -1    3    3        0.99999449   0.00000000
         1    4    4        -1    3    3        0.00000371  -0.00000000
         1    4    4         1    4    4        0.99999449   0.00000000
         2   -1   -4         1    4    4       -0.00000062  -0.00000000
         2   -1   -4         2   -1   -4        0.99999423   0.00000000
         2    2    5         2   -1   -4       -0.00000102   0.00000000
         2    2    5         2    2    5        0.99999416  -0.00000000
        -1    4    1         2    2    5       -0.00000070   0.00000000
        -1    4    1        -1    4    1        0.99999460   0.00000000
         0   -5   -3        -1    4    1       -0.00000282   0.00000000
         0   -5   -3         0   -5   -3        0.99999472  -0.00000000
         1    5    2         0   -5   -3        0.00000282   0.00000000
         1    5    2         1    5    2        0.99999460  -0.00000000
        -5   -3   -1         1    5    2       -0.00000050  -0.00000000
        -5   -3   -1        -5   -3   -1        0.99999501   0.00000000
        -3   -4   -6        -5   -3   -1       -0.00000022  -0.00000000
        -3   -4   -6        -3   -4   -6        0.99999469   0.00000000
        -2   -4    1        -3   -4   -6       -0.00000054  -0.00000000
        -2   -4    1        -2   -4    1        0.99999482  -0.00000000
        -1    4    0        -2   -4    1       -0.00000040   0.00000000
        -1    4    0        -1    4    0        0.99999499   0.00000000
         0    0   -5        -1    4    0        0.00000055   0.00000000
         0    0   -5         0    0   -5        0.99999566  -0.00000000
         0    3    4         0    0   -5       -0.00000008  -0.00000000
         0    3    4         0    3    4        0.99999501   0.00000000
         1    5    1         0    3    4        0.00000082   0.00000000
         1    5    1         1    5    1        0.99999499   0.00000000
         2   -2    3         1    5    1        0.00000040   0.00000000
         2   -2    3         2   -2    3        0.99999482  -0.00000000
         3   -1   -3         2   -2    3        0.00000054   0.00000000
         3   -1   -3         3   -1   -3        0.99999469  -0.00000000
         5    2    4         3   -1   -3       -0.00000022   0.00000000
         5    2    4         5    2    4        0.99999501   0.00000000
        -5   -5   -4         5    2    4        0.00000094   0.00000000
        -5   -5   -4        -5   -5   -4        0.99999511   0.00000000
        -3    1   -4        -5   -5   -4        0.00000059   0.00000000
        -3    1   -4        -3    1   -4        0.99999525   0.00000000
        -2   -2   -6        -3    1   -4       -0.00000023   0.00000000
        -2   -2   -6        -2   -2   -6        0.99999495   0.00000000
        -2    1    3        -2   -2   -6       -0.00000039  -0.00000000
        -2    1    3        -2    1    3        0.99999513   0.00000000
         0   -5   -1        -2    1    3       -0.00000065   0.00000000
         0   -5   -1         0   -5   -1        0.99999583   0.00000000
         2    0   -4         0   -5   -1        0.00000027   0.00000000
         2    0   -4         2    0   -4        0.99999495  -0.00000000
         2    3    5         2    0   -4       -0.00000039   0.00000000
         2    3    5         2    3    5        0.99999513   0.00000000
         3    4   -1         2    3    5        0.00000019  -0.00000000
         3    4   -1         3    4   -1        0.99999525   0.00000000
         5    0    1         3    4   -1        0.00000059  -0.00000000
         5    0    1         5    0    1        0.99999511   0.00000000
        -5   -1   -1         5    0    1       -0.00000011  -0.00000000
        -5   -1   -1        -5   -1   -1        0.99999599   0.00000000
        -3   -2   -6        -5   -1   -1       -0.00000044   0.00000000
        -3   -2   -6        -3   -2   -6        0.99999534  -0.00000000
         3    1   -3        -3   -2   -6       -0.00000063   0.00000000
         3    1   -3         3    1   -3        0.99999534  -0.00000000
         5    4    4         3    1   -3       -0.00000044  -0.00000000
         5    4    4         5    4    4        0.99999599   0.00000000
        -4   -1    1         5    4    4       -0.00000034   0.00000000
        -4   -1    1        -4   -1    1        0.99999554  -0.00000000
        -3    0   -5        -4   -1    1        0.00000031   0.00000000
        -3    0   -5        -3    0   -5        0.99999571   0.00000000


     q= 0.0000 0.2500 0.7500  nmtx=     574  nrk= 26

           independent matrix elements of chi       spin index= 1 1

          g          g**2          gp          gp**2          chi(g,gp)
    0    0   -1   0.18747         0    0   -1   0.18747       -0.0272333803   0.0000000000
    0   -1   -1   0.56241         0   -1   -1   0.56241       -0.0348551948   0.0000000000
    0    0    0   0.56241         0    0   -1   0.18747        0.0012115685  -0.0000000000
    0    0    0   0.56241         0   -1   -1   0.56241        0.0031341679  -0.0000000000
    0    0    0   0.56241         0    0    0   0.56241       -0.0348551948   0.0000000000
    0    0    0   0.56241        -1   -1   -1   0.93735        0.0063428812  -0.0000000000
    0    0    0   0.56241         1    0    0   0.93735       -0.0063428812  -0.0000000000
    0    0    0   0.56241        -1   -1   -2   1.31229       -0.0014844380   0.0000000000
    0    0    0   0.56241        -1    0   -1   1.31229        0.0002547203   0.0000000000
    0    0    0   0.56241         1    0   -1   1.31229        0.0014844380  -0.0000000000
    0    0    0   0.56241         1    1    0   1.31229       -0.0002547203   0.0000000000
    0    0    0   0.56241         0   -1   -2   1.68723        0.0005683818  -0.0000000000
    0    0    0   0.56241         0   -1    0   1.68723       -0.0061817738  -0.0000000000
    0    0    0   0.56241         0    1    0   1.68723       -0.0073831938  -0.0000000000
    0    0    0   0.56241         0    0   -2   2.06217        0.0062032403   0.0000000000
    0    0    0   0.56241         0    1   -1   2.06217       -0.0001434597  -0.0000000000
    0    0    0   0.56241        -1   -2   -2   2.43711        0.0012496402  -0.0000000000
    0    0    0   0.56241        -1    0   -2   2.43711        0.0007749273  -0.0000000000
    0    0    0   0.56241        -1    0    0   2.43711       -0.0078480463   0.0000000000
    0    0    0   0.56241         1   -1   -1   2.43711       -0.0012496402   0.0000000000
    0    0    0   0.56241         1    1   -1   2.43711       -0.0007749273  -0.0000000000
    0    0    0   0.56241         1    1    1   2.43711        0.0078480463   0.0000000000
    0    0    0   0.56241        -1   -2   -1   2.81205        0.0006207726   0.0000000000
    0    0    0   0.56241        -1   -1    0   2.81205        0.0000691394   0.0000000000
    0    0    0   0.56241         1   -1    0   2.81205       -0.0006207726   0.0000000000
    0    0    0   0.56241         1    0    1   2.81205       -0.0000691394   0.0000000000
    0    0    0   0.56241        -2   -1   -2   3.18699       -0.0004722710   0.0000000000
    0    0    0   0.56241         0   -2   -1   3.18699        0.0009658166   0.0000000000
    0    0    0   0.56241         0    0    1   3.18699       -0.0075434274  -0.0000000000
    0    0    0   0.56241         2    1    0   3.18699       -0.0004722710  -0.0000000000
    0    0    0   0.56241        -2   -2   -2   3.56193        0.0014692307  -0.0000000000
    0    0    0   0.56241        -2   -1   -1   3.56193       -0.0007427665  -0.0000000000
    0    0    0   0.56241         0   -2   -2   3.56193        0.0005807622  -0.0000000000
    0    0    0   0.56241         0    1    1   3.56193        0.0003220040  -0.0000000000
    0    0    0   0.56241         1    1   -2   5.81158        0.0011060411  -0.0000000000
    0    0    0   0.56241         1    1    2   5.81158        0.0004334982  -0.0000000000
    0    0    0   0.56241         1    2   -1   5.81158       -0.0005014363  -0.0000000000
    0    0    0   0.56241        -2   -3   -2   6.18652        0.0009964220  -0.0000000000
    0    0    0   0.56241        -2   -1    0   6.18652       -0.0013844216   0.0000000000
    0    0    0   0.56241         0   -2   -3   6.18652       -0.0001748340  -0.0000000000
    0    0    0   0.56241         0    0   -3   6.18652       -0.0001510574   0.0000000000
    0    0    0   0.56241         0    2   -1   6.18652        0.0000680529  -0.0000000000
    0    0    0   0.56241         0    2    1   6.18652       -0.0011816454  -0.0000000000
    0    0    0   0.56241         2   -1    0   6.18652        0.0009964220   0.0000000000
    0    0    0   0.56241         2    1    2   6.18652       -0.0013844216  -0.0000000000
    0    0    0   0.56241        -2   -3   -3   6.56146        0.0008185485  -0.0000000000
    0    0    0   0.56241        -2    0    0   6.56146       -0.0019562561  -0.0000000000
    0    0    0   0.56241         2   -1   -1   6.56146        0.0008185485  -0.0000000000
    0    0    0   0.56241         2    2    2   6.56146       -0.0019562561  -0.0000000000
    0    0    0   0.56241        -3   -2   -2   6.93640        0.0011956536   0.0000000000
    0    0    0   0.56241        -1   -3   -3   6.93640        0.0004771833   0.0000000000
    0    0    0   0.56241        -1   -3   -1   6.93640       -0.0004291571  -0.0000000000
    0    0    0   0.56241        -1   -1    1   6.93640        0.0012271504   0.0000000000
    0    0    0   0.56241        -1    1    1   6.93640        0.0011168803   0.0000000000
    0    0    0   0.56241         1   -2   -2   6.93640       -0.0004771833  -0.0000000000
    0    0    0   0.56241         1   -2    0   6.93640        0.0004291571  -0.0000000000
    0    0    0   0.56241         1    0    2   6.93640       -0.0012271504  -0.0000000000
    0    0    0   0.56241         1    2    2   6.93640       -0.0011168803  -0.0000000000
    0    0    0   0.56241         3    1    1   6.93640       -0.0011956536   0.0000000000
    0    0    0   0.56241        -3   -2   -3   7.31134        0.0010078243  -0.0000000000
    0    0    0   0.56241        -3   -1   -2   7.31134        0.0007095099   0.0000000000
    0    0    0   0.56241         3    1    0   7.31134       -0.0010078243   0.0000000000
    0    0    0   0.56241         3    2    1   7.31134       -0.0007095099   0.0000000000
    0    0    0   0.56241        -2    0   -3   7.68628       -0.0004079815   0.0000000000
    0    0    0   0.56241         0   -3   -2   7.68628       -0.0001579617   0.0000000000
    0    0    0   0.56241         0    1    2   7.68628       -0.0006099174  -0.0000000000
    0    0    0   0.56241        -2    1    0   9.18604        0.0001078907  -0.0000000000
    0    0    0   0.56241         0   -2    1   9.18604        0.0005948514   0.0000000000
    0    0    0   0.56241         2   -1   -2   9.18604        0.0000676259  -0.0000000000
    0    0    0   0.56241         2    1   -2   9.18604        0.0003908819  -0.0000000000
    0    0    0   0.56241         2    3    0   9.18604       -0.0004843624  -0.0000000000
    0    0    0   0.56241         2    3    2   9.18604        0.0001078907   0.0000000000
    0    0    0   0.56241         0   -3   -3   9.56098        0.0001018714   0.0000000000
    0    0    0   0.56241         0    1   -3   9.56098       -0.0000450787  -0.0000000000
    0    0    0   0.56241         0    2   -2   9.56098        0.0001967400   0.0000000000
    0    0    0   0.56241         0    2    2   9.56098       -0.0008691090   0.0000000000
    0    0    0   0.56241        -3   -2   -4   9.93592        0.0001445416  -0.0000000000
    0    0    0   0.56241        -3    0   -2   9.93592       -0.0002128648   0.0000000000
    0    0    0   0.56241        -1    1   -3   9.93592       -0.0002035383  -0.0000000000
    0    0    0   0.56241         1    2   -2   9.93592        0.0002035383   0.0000000000
    0    0    0   0.56241         3    1   -1   9.93592       -0.0001445416  -0.0000000000
    0    0    0   0.56241         3    3    1   9.93592        0.0002128648  -0.0000000000
    0    0    0   0.56241        -3   -3   -4  10.31086       -0.0002743249   0.0000000000
    0    0    0   0.56241        -3    0   -1  10.31086       -0.0006220740   0.0000000000
    0    0    0   0.56241        -1   -3   -4  10.31086        0.0001624190   0.0000000000
    0    0    0   0.56241        -1   -3    0  10.31086       -0.0007407928   0.0000000000
    0    0    0   0.56241        -1   -2    1  10.31086        0.0001453447  -0.0000000000
    0    0    0   0.56241        -1    2    1  10.31086        0.0000967963   0.0000000000
    0    0    0   0.56241         1   -2   -3  10.31086       -0.0001624190  -0.0000000000
    0    0    0   0.56241         1   -2    1  10.31086        0.0007407928   0.0000000000
    0    0    0   0.56241         1   -1    2  10.31086       -0.0001453447   0.0000000000
    0    0    0   0.56241         1    3    2  10.31086       -0.0000967963  -0.0000000000
    0    0    0   0.56241         3    0   -1  10.31086        0.0002743249  -0.0000000000
    0    0    0   0.56241         3    3    2  10.31086        0.0006220740  -0.0000000000
    0    0    0   0.56241        -2   -4   -3  10.68580        0.0001537292   0.0000000000
    0    0    0   0.56241        -2    0    1  10.68580        0.0000598940  -0.0000000000
    0    0    0   0.56241         0   -3    0  10.68580       -0.0004794370   0.0000000000
    0    0    0   0.56241         0   -1   -4  10.68580       -0.0001306622   0.0000000000
    0    0    0   0.56241        -4   -2   -3  12.18557        0.0001206937  -0.0000000000
    0    0    0   0.56241        -2   -3    0  12.18557       -0.0004333152   0.0000000000
    0    0    0   0.56241         2   -1    2  12.18557       -0.0004333152  -0.0000000000
    0    0    0   0.56241         4    2    1  12.18557        0.0001206937   0.0000000000
    0    0    0   0.56241        -4   -3   -3  12.56051       -0.0000003292  -0.0000000000
    0    0    0   0.56241        -4   -2   -2  12.56051        0.0002730299   0.0000000000
    0    0    0   0.56241        -2   -4   -4  12.56051       -0.0000771072   0.0000000000
    0    0    0   0.56241        -2    0   -4  12.56051        0.0001454817   0.0000000000
    0    0    0   0.56241        -2    1   -3  12.56051       -0.0000475531   0.0000000000
    0    0    0   0.56241        -2    1    1  12.56051        0.0003841820  -0.0000000000
    0    0    0   0.56241         0    0   -4  12.56051        0.0000178184   0.0000000000
    0    0    0   0.56241         0    3   -1  12.56051        0.0000133000  -0.0000000000
    0    0    0   0.56241         2   -2   -2  12.56051       -0.0000771072  -0.0000000000
    0    0    0   0.56241         2    2   -2  12.56051        0.0001454817   0.0000000000
    0    0    0   0.56241         2    3   -1  12.56051       -0.0000475531  -0.0000000000
    0    0    0   0.56241         2    3    3  12.56051        0.0003841820  -0.0000000000
    0    0    0   0.56241         4    1    1  12.56051       -0.0000003292   0.0000000000
    0    0    0   0.56241         4    2    2  12.56051        0.0002730299   0.0000000000
    0    0    0   0.56241        -3   -4   -4  12.93545       -0.0001452017   0.0000000000
    0    0    0   0.56241        -3   -4   -2  12.93545        0.0002336250   0.0000000000
    0    0    0   0.56241        -3   -2    0  12.93545       -0.0003316799  -0.0000000000
    0    0    0   0.56241        -3    0    0  12.93545       -0.0004944260   0.0000000000
    0    0    0   0.56241         3   -1   -1  12.93545        0.0001452017  -0.0000000000
    0    0    0   0.56241         3   -1    1  12.93545       -0.0002336250   0.0000000000
    0    0    0   0.56241         3    1    3  12.93545        0.0003316799   0.0000000000
    0    0    0   0.56241         3    3    3  12.93545        0.0004944260  -0.0000000000
    0    0    0   0.56241        -1   -4   -1  13.31039        0.0000054548   0.0000000000
    0    0    0   0.56241        -1   -1    2  13.31039        0.0004085081   0.0000000000
    0    0    0   0.56241         1   -3    0  13.31039       -0.0000054548   0.0000000000
    0    0    0   0.56241         1    0    3  13.31039       -0.0004085081  -0.0000000000
    0    0    0   0.56241        -4   -3   -4  13.68533       -0.0000994857   0.0000000000
    0    0    0   0.56241        -4   -3   -2  13.68533        0.0002019376   0.0000000000
    0    0    0   0.56241        -3   -2   -5  14.81015       -0.0000854406  -0.0000000000
    0    0    0   0.56241        -3    1   -2  14.81015       -0.0001042048  -0.0000000000
    0    0    0   0.56241        -1   -2   -5  14.81015       -0.0000122572   0.0000000000
    0    0    0   0.56241        -1    3    0  14.81015       -0.0000664337  -0.0000000000
    0    0    0   0.56241         1   -1   -4  14.81015        0.0000122572  -0.0000000000
    0    0    0   0.56241         1    4    1  14.81015        0.0000664337   0.0000000000
    0    0    0   0.56241         3    1   -2  14.81015        0.0000854406  -0.0000000000
    0    0    0   0.56241         3    4    1  14.81015        0.0001042048  -0.0000000000
    0    0    0   0.56241        -4   -4   -3  15.18509       -0.0000275117  -0.0000000000
    0    0    0   0.56241        -4   -2   -1  15.18509        0.0001432505   0.0000000000
    0    0    0   0.56241         0   -4   -3  15.18509       -0.0000601867   0.0000000000
    0    0    0   0.56241         0   -4   -1  15.18509       -0.0000908436  -0.0000000000
    0    0    0   0.56241         0    0    3  15.18509       -0.0004117958  -0.0000000000
    0    0    0   0.56241         0    2   -3  15.18509       -0.0001830853   0.0000000000
    0    0    0   0.56241         0    2    3  15.18509       -0.0001529784  -0.0000000000
    0    0    0   0.56241         4    0    1  15.18509       -0.0000275117   0.0000000000
    0    0    0   0.56241         4    2    3  15.18509        0.0001432505   0.0000000000
    0    0    0   0.56241        -4   -4   -4  15.56003       -0.0000370360   0.0000000000
    0    0    0   0.56241        -4   -1   -1  15.56003        0.0001156193   0.0000000000
    0    0    0   0.56241        -2   -1   -5  15.56003       -0.0000689412   0.0000000000
    0    0    0   0.56241        -2    2   -2  15.56003       -0.0000552763   0.0000000000
    0    0    0   0.56241         0   -3    1  15.56003       -0.0000557075   0.0000000000
    0    0    0   0.56241         0   -2    2  15.56003        0.0002778547   0.0000000000
    0    0    0   0.56241         2    1   -3  15.56003       -0.0000689412   0.0000000000
    0    0    0   0.56241         2    4    0  15.56003       -0.0000552763  -0.0000000000
    0    0    0   0.56241         4    0    0  15.56003       -0.0000370360   0.0000000000
    0    0    0   0.56241         4    3    3  15.56003        0.0001156193  -0.0000000000
    0    0    0   0.56241        -3    0   -4  15.93497        0.0000108531  -0.0000000000
    0    0    0   0.56241        -1   -3   -5  15.93497       -0.0000867091   0.0000000000
    0    0    0   0.56241        -1   -3    1  15.93497       -0.0001863342  -0.0000000000
    0    0    0   0.56241        -1   -1   -5  15.93497       -0.0000154568   0.0000000000
    0    0    0   0.56241        -1    3   -1  15.93497        0.0000218057   0.0000000000
    0    0    0   0.56241        -2    0    2  17.05979        0.0001329086   0.0000000000
    0    0    0   0.56241         2   -3   -1  17.05979        0.0000485318   0.0000000000
    0    0    0   0.56241         2    2    4  17.05979        0.0001329086  -0.0000000000
    0    0    0   0.56241         4    0    2  17.05979        0.0000691841  -0.0000000000
    0    0    0   0.56241         4    1   -1  17.05979        0.0000280669  -0.0000000000
    0    0    0   0.56241         4    1    3  17.05979        0.0001351698  -0.0000000000
    0    0    0   0.56241         4    4    2  17.05979        0.0000440427   0.0000000000
    0    0    0   0.56241        -3   -5   -3  17.43473        0.0000157270   0.0000000000
    0    0    0   0.56241        -3   -1   -5  17.43473       -0.0001068897   0.0000000000
    0    0    0   0.56241        -3   -1    1  17.43473       -0.0001064932  -0.0000000000
    0    0    0   0.56241        -3    1   -3  17.43473        0.0000576704  -0.0000000000
    0    0    0   0.56241        -1   -4    0  17.43473       -0.0000691780   0.0000000000
    0    0    0   0.56241        -1   -2    2  17.43473        0.0002057028  -0.0000000000
    0    0    0   0.56241         1   -3    1  17.43473        0.0000691780  -0.0000000000
    0    0    0   0.56241         1   -1    3  17.43473       -0.0002057028  -0.0000000000
    0    0    0   0.56241         3   -2    0  17.43473       -0.0000157270   0.0000000000
    0    0    0   0.56241         3    2   -2  17.43473        0.0001068897  -0.0000000000
    0    0    0   0.56241         3    2    4  17.43473        0.0001064932  -0.0000000000
    0    0    0   0.56241         3    4    0  17.43473       -0.0000576704  -0.0000000000
    0    0    0   0.56241        -3   -5   -4  17.80967        0.0000208473  -0.0000000000
    0    0    0   0.56241        -3    0    1  17.80967       -0.0000945664  -0.0000000000
    0    0    0   0.56241         3   -2   -1  17.80967       -0.0000208473   0.0000000000
    0    0    0   0.56241         3    3    4  17.80967        0.0000945664  -0.0000000000
    0    0    0   0.56241        -4   -4   -5  18.18461        0.0000362470  -0.0000000000
    0    0    0   0.56241        -4   -2   -5  18.18461        0.0000320998   0.0000000000
    0    0    0   0.56241        -4    0   -3  18.18461       -0.0000006690  -0.0000000000
    0    0    0   0.56241        -4    0   -1  18.18461        0.0000118043   0.0000000000
    0    0    0   0.56241        -2   -5   -4  18.18461        0.0000512731   0.0000000000
    0    0    0   0.56241        -2   -5   -2  18.18461        0.0000420536  -0.0000000000
    0    0    0   0.56241        -2   -1    2  18.18461        0.0001689700  -0.0000000000
    0    0    0   0.56241        -2    1   -4  18.18461        0.0001391697   0.0000000000
    0    0    0   0.56241        -2    1    2  18.18461        0.0001092063   0.0000000000
    0    0    0   0.56241        -1   -4   -5  19.30944       -0.0000189606   0.0000000000
    0    0    0   0.56241        -1    0   -5  19.30944        0.0000552189  -0.0000000000
    0    0    0   0.56241        -1    0    3  19.30944       -0.0001416965  -0.0000000000
    0    0    0   0.56241        -1    3   -2  19.30944       -0.0000625391   0.0000000000
    0    0    0   0.56241        -1    3    2  19.30944       -0.0001131068  -0.0000000000
    0    0    0   0.56241         1   -4   -1  19.30944        0.0000116589   0.0000000000
    0    0    0   0.56241         1   -3   -4  19.30944        0.0000189606  -0.0000000000
    0    0    0   0.56241         1    1   -4  19.30944       -0.0000552189  -0.0000000000
    0    0    0   0.56241         1    1    4  19.30944        0.0001416965   0.0000000000
    0    0    0   0.56241         1    4   -1  19.30944        0.0000625391  -0.0000000000
    0    0    0   0.56241         1    4    3  19.30944        0.0001131068   0.0000000000
    0    0    0   0.56241         3   -2    1  19.30944       -0.0000317522  -0.0000000000
    0    0    0   0.56241         3    1    4  19.30944        0.0001229188   0.0000000000
    0    0    0   0.56241         5    2    1  19.30944       -0.0000357483   0.0000000000
    0    0    0   0.56241         5    3    2  19.30944       -0.0000306048  -0.0000000000
    0    0    0   0.56241        -4   -5   -4  19.68438       -0.0000034069  -0.0000000000
    0    0    0   0.56241        -4   -1    0  19.68438       -0.0000051004   0.0000000000
    0    0    0   0.56241        -2    0   -5  19.68438       -0.0000334383   0.0000000000
    0    0    0   0.56241        -2    2   -3  19.68438        0.0000114698   0.0000000000
    0    0    0   0.56241         2    2   -3  19.68438       -0.0000334383   0.0000000000
    0    0    0   0.56241         2    4   -1  19.68438        0.0000114698  -0.0000000000
    0    0    0   0.56241         4   -1    0  19.68438       -0.0000034069   0.0000000000
    0    0    0   0.56241         4    3    4  19.68438       -0.0000051004  -0.0000000000
    0    0    0   0.56241        -4   -5   -3  20.05932        0.0000039703  -0.0000000000
    0    0    0   0.56241        -4   -2    0  20.05932       -0.0000046089  -0.0000000000
    0    0    0   0.56241         0   -3   -5  20.05932       -0.0000834570  -0.0000000000
    0    0    0   0.56241         0    4    2  20.05932        0.0000431226   0.0000000000
    0    0    0   0.56241         4   -1    1  20.05932        0.0000039703  -0.0000000000
    0    0    0   0.56241         4    2    4  20.05932       -0.0000046089  -0.0000000000
    0    0    0   0.56241        -5   -4   -4  20.43426       -0.0000109673  -0.0000000000
    0    0    0   0.56241        -5   -2   -4  20.43426        0.0000558452   0.0000000000
    0    0    0   0.56241        -5   -2   -2  20.43426        0.0000102785   0.0000000000
    0    0    0   0.56241        -2   -5   -1  21.55908        0.0000202411   0.0000000000
    0    0    0   0.56241        -2   -2   -6  21.55908       -0.0000230339  -0.0000000000
    0    0    0   0.56241        -2   -2    2  21.55908        0.0000567670   0.0000000000
    0    0    0   0.56241        -2    2    2  21.55908        0.0000249604   0.0000000000
    0    0    0   0.56241        -2    3   -1  21.55908       -0.0000107516  -0.0000000000
    0    0    0   0.56241         2   -3   -3  21.55908        0.0000707226   0.0000000000
    0    0    0   0.56241         2   -3    1  21.55908        0.0000202411   0.0000000000
    0    0    0   0.56241         2    0   -4  21.55908       -0.0000230339   0.0000000000
    0    0    0   0.56241         2    0    4  21.55908        0.0000567670   0.0000000000
    0    0    0   0.56241         2    4    4  21.55908        0.0000249604   0.0000000000
    0    0    0   0.56241         2    5    1  21.55908       -0.0000107516  -0.0000000000
    0    0    0   0.56241         4   -1   -1  21.55908       -0.0000035644  -0.0000000000
    0    0    0   0.56241         4    3   -1  21.55908       -0.0000147027  -0.0000000000
    0    0    0   0.56241         4    4    0  21.55908       -0.0000642364  -0.0000000000
    0    0    0   0.56241         4    4    4  21.55908       -0.0000327674   0.0000000000
    0    0    0   0.56241        -5   -3   -5  21.93402        0.0000282795  -0.0000000000
    0    0    0   0.56241        -5   -1   -3  21.93402       -0.0000127098  -0.0000000000
    0    0    0   0.56241        -3   -4   -6  21.93402        0.0000656334   0.0000000000
    0    0    0   0.56241        -3   -4    0  21.93402        0.0000341632  -0.0000000000
    0    0    0   0.56241        -3   -2   -6  21.93402        0.0000376943  -0.0000000000
    0    0    0   0.56241        -3    2   -2  21.93402        0.0000139938   0.0000000000
    0    0    0   0.56241        -3    2    0  21.93402        0.0000052882  -0.0000000000
    0    0    0   0.56241        -1   -5   -1  21.93402       -0.0000005460  -0.0000000000
    0    0    0   0.56241        -1   -1    3  21.93402       -0.0000110414  -0.0000000000
    0    0    0   0.56241         1   -4    0  21.93402        0.0000005460   0.0000000000
    0    0    0   0.56241         1    0    4  21.93402        0.0000110414   0.0000000000
    0    0    0   0.56241         3   -1   -3  21.93402       -0.0000656334   0.0000000000
    0    0    0   0.56241         3   -1    3  21.93402       -0.0000341632   0.0000000000
    0    0    0   0.56241         3    1   -3  21.93402       -0.0000376943  -0.0000000000
    0    0    0   0.56241         3    5    1  21.93402       -0.0000139938  -0.0000000000
    0    0    0   0.56241         3    5    3  21.93402       -0.0000052882   0.0000000000
    0    0    0   0.56241         5    2    0  21.93402       -0.0000282795   0.0000000000
    0    0    0   0.56241        -5   -4   -2  23.43378        0.0000315827  -0.0000000000
    0    0    0   0.56241        -3   -5   -1  23.43378        0.0000139694  -0.0000000000
    0    0    0   0.56241        -3   -3    1  23.43378       -0.0000592197   0.0000000000
    0    0    0   0.56241        -1   -2   -6  23.43378       -0.0000571724   0.0000000000
    0    0    0   0.56241        -1    2   -4  23.43378        0.0000242479   0.0000000000
    0    0    0   0.56241        -1    4    0  23.43378       -0.0000208127  -0.0000000000
    0    0    0   0.56241         1   -1   -5  23.43378        0.0000571724  -0.0000000000
    0    0    0   0.56241         1    3   -3  23.43378       -0.0000242479   0.0000000000
    0    0    0   0.56241         1    5    1  23.43378        0.0000208127  -0.0000000000
    0    0    0   0.56241         3   -2    2  23.43378       -0.0000139694   0.0000000000
    0    0    0   0.56241         3    0    4  23.43378        0.0000592197  -0.0000000000
    0    0    0   0.56241         5    1    3  23.43378       -0.0000315827   0.0000000000
    0    0    0   0.56241        -5   -5   -4  23.80872       -0.0000374352  -0.0000000000
    0    0    0   0.56241        -5   -2   -5  23.80872        0.0000633442  -0.0000000000
    0    0    0   0.56241        -5   -2   -1  23.80872        0.0000025068   0.0000000000
    0    0    0   0.56241        -5   -1   -4  23.80872        0.0000160458   0.0000000000
    0    0    0   0.56241        -1   -4    1  23.80872       -0.0000358406   0.0000000000
    0    0    0   0.56241        -1   -3   -6  23.80872       -0.0000121534  -0.0000000000
    0    0    0   0.56241        -1   -3    2  23.80872        0.0000024826  -0.0000000000
    0    0    0   0.56241        -1    4    1  23.80872       -0.0000186892   0.0000000000
    0    0    0   0.56241         1   -3    2  23.80872        0.0000358406   0.0000000000
    0    0    0   0.56241         1   -2   -5  23.80872        0.0000121534  -0.0000000000
    0    0    0   0.56241         1   -2    3  23.80872       -0.0000024826   0.0000000000
    0    0    0   0.56241         1    5    2  23.80872        0.0000186892   0.0000000000
    0    0    0   0.56241         5    0    1  23.80872        0.0000374352   0.0000000000
    0    0    0   0.56241         5    3    0  23.80872       -0.0000633442  -0.0000000000
    0    0    0   0.56241         5    3    4  23.80872       -0.0000025068  -0.0000000000
    0    0    0   0.56241         5    4    1  23.80872       -0.0000160458   0.0000000000
    0    0    0   0.56241        -2   -1   -6  24.18366       -0.0000664533   0.0000000000
    0    0    0   0.56241        -2    3   -2  24.18366       -0.0000336522  -0.0000000000
    0    0    0   0.56241         0   -4   -5  24.18366       -0.0000526213  -0.0000000000
    0    0    0   0.56241         0   -4    1  24.18366       -0.0000371543  -0.0000000000
   -1   -1   -1   0.93735        -1   -1   -1   0.93735       -0.0373660305  -0.0000000000
    1    0    0   0.93735         1    0    0   0.93735       -0.0373660305  -0.0000000000
   -1   -1   -2   1.31229        -1   -1   -2   1.31229       -0.0351358621   0.0000000000
   -1    0   -1   1.31229        -1    0   -1   1.31229       -0.0351358621   0.0000000000
    1    0   -1   1.31229         1    0   -1   1.31229       -0.0351358621   0.0000000000
    1    1    0   1.31229         1    1    0   1.31229       -0.0351358621   0.0000000000
    0   -1   -2   1.68723         0   -1   -2   1.68723       -0.0330814372  -0.0000000000
    0   -1    0   1.68723         0   -1    0   1.68723       -0.0314948897  -0.0000000000
    0    1    0   1.68723         0    1    0   1.68723       -0.0330814372  -0.0000000000
    0    0   -2   2.06217         0    0   -2   2.06217       -0.0298236259   0.0000000000
    0    1   -1   2.06217         0    1   -1   2.06217       -0.0298236259   0.0000000000
   -1   -2   -2   2.43711        -1   -2   -2   2.43711       -0.0272686105   0.0000000000
   -1    0   -2   2.43711        -1    0   -2   2.43711       -0.0272964508  -0.0000000000
   -1    0    0   2.43711        -1    0    0   2.43711       -0.0272686105   0.0000000000
    1   -1   -1   2.43711         1   -1   -1   2.43711       -0.0272686105   0.0000000000
    1    1   -1   2.43711         1    1   -1   2.43711       -0.0272964508  -0.0000000000
    1    1    1   2.43711         1    1    1   2.43711       -0.0272686105  -0.0000000000
   -1   -2   -1   2.81205        -1   -2   -1   2.81205       -0.0239782010  -0.0000000000
   -1   -1    0   2.81205        -1   -1    0   2.81205       -0.0239782010   0.0000000000
    1   -1    0   2.81205         1   -1    0   2.81205       -0.0239782010   0.0000000000
    1    0    1   2.81205         1    0    1   2.81205       -0.0239782010  -0.0000000000
   -2   -1   -2   3.18699        -2   -1   -2   3.18699       -0.0216386774  -0.0000000000
    0   -2   -1   3.18699         0   -2   -1   3.18699       -0.0214739006   0.0000000000
    0    0    1   3.18699         0    0    1   3.18699       -0.0214739006   0.0000000000
    2    1    0   3.18699         2    1    0   3.18699       -0.0216386774  -0.0000000000
   -2   -2   -2   3.56193        -2   -2   -2   3.56193       -0.0184475916   0.0000000000
   -2   -1   -1   3.56193        -2   -1   -1   3.56193       -0.0184475916  -0.0000000000
    0   -2   -2   3.56193         0   -2   -2   3.56193       -0.0174262521  -0.0000000000
    0    1    1   3.56193         0    1    1   3.56193       -0.0174262521  -0.0000000000
    1    1   -2   5.81158         1    1   -2   5.81158       -0.0051014065  -0.0000000000
    1    1    2   5.81158         1    1    2   5.81158       -0.0051890896   0.0000000000
    1    2   -1   5.81158         1    2   -1   5.81158       -0.0051014065  -0.0000000000
   -2   -3   -2   6.18652        -2   -3   -2   6.18652       -0.0040955547  -0.0000000000
   -2   -1    0   6.18652        -2   -1    0   6.18652       -0.0040955547  -0.0000000000
    0   -2   -3   6.18652         0   -2   -3   6.18652       -0.0040093806  -0.0000000000
    0    0   -3   6.18652         0    0   -3   6.18652       -0.0039139037  -0.0000000000
    0    2   -1   6.18652         0    2   -1   6.18652       -0.0039139037  -0.0000000000
    0    2    1   6.18652         0    2    1   6.18652       -0.0040093806   0.0000000000
    2   -1    0   6.18652         2   -1    0   6.18652       -0.0040955547   0.0000000000
    2    1    2   6.18652         2    1    2   6.18652       -0.0040955547  -0.0000000000
   -2   -3   -3   6.56146        -2   -3   -3   6.56146       -0.0031843549   0.0000000000
   -2    0    0   6.56146        -2    0    0   6.56146       -0.0031843549   0.0000000000
    2   -1   -1   6.56146         2   -1   -1   6.56146       -0.0031843549   0.0000000000
    2    2    2   6.56146         2    2    2   6.56146       -0.0031843549   0.0000000000
   -3   -2   -2   6.93640        -3   -2   -2   6.93640       -0.0025554958  -0.0000000000
   -1   -3   -3   6.93640        -1   -3   -3   6.93640       -0.0025008655  -0.0000000000
   -1   -3   -1   6.93640        -1   -3   -1   6.93640       -0.0025068842  -0.0000000000
   -1   -1    1   6.93640        -1   -1    1   6.93640       -0.0025068842   0.0000000000
   -1    1    1   6.93640        -1    1    1   6.93640       -0.0025008655   0.0000000000
    1   -2   -2   6.93640         1   -2   -2   6.93640       -0.0025008655  -0.0000000000
    1   -2    0   6.93640         1   -2    0   6.93640       -0.0025068842  -0.0000000000
    1    0    2   6.93640         1    0    2   6.93640       -0.0025068842  -0.0000000000
    1    2    2   6.93640         1    2    2   6.93640       -0.0025008655  -0.0000000000
    3    1    1   6.93640         3    1    1   6.93640       -0.0025554958   0.0000000000
   -3   -2   -3   7.31134        -3   -2   -3   7.31134       -0.0019837282  -0.0000000000
   -3   -1   -2   7.31134        -3   -1   -2   7.31134       -0.0019837282   0.0000000000
    3    1    0   7.31134         3    1    0   7.31134       -0.0019837282  -0.0000000000
    3    2    1   7.31134         3    2    1   7.31134       -0.0019837282  -0.0000000000
   -2    0   -3   7.68628        -2    0   -3   7.68628       -0.0015196162  -0.0000000000
    0   -3   -2   7.68628         0   -3   -2   7.68628       -0.0015345717   0.0000000000
    0    1    2   7.68628         0    1    2   7.68628       -0.0015345717   0.0000000000
   -2    1    0   9.18604        -2    1    0   9.18604       -0.0006469327  -0.0000000000
    0   -2    1   9.18604         0   -2    1   9.18604       -0.0006819020   0.0000000000
    2   -1   -2   9.18604         2   -1   -2   9.18604       -0.0006469327  -0.0000000000
    2    1   -2   9.18604         2    1   -2   9.18604       -0.0006440979   0.0000000000
    2    3    0   9.18604         2    3    0   9.18604       -0.0006440979   0.0000000000
    2    3    2   9.18604         2    3    2   9.18604       -0.0006469327  -0.0000000000
    0   -3   -3   9.56098         0   -3   -3   9.56098       -0.0005104415   0.0000000000
    0    1   -3   9.56098         0    1   -3   9.56098       -0.0005316840   0.0000000000
    0    2   -2   9.56098         0    2   -2   9.56098       -0.0005316840  -0.0000000000
    0    2    2   9.56098         0    2    2   9.56098       -0.0005104415   0.0000000000
   -3   -2   -4   9.93592        -3   -2   -4   9.93592       -0.0004390986   0.0000000000
   -3    0   -2   9.93592        -3    0   -2   9.93592       -0.0004390986   0.0000000000
   -1    1   -3   9.93592        -1    1   -3   9.93592       -0.0004476355   0.0000000000
    1    2   -2   9.93592         1    2   -2   9.93592       -0.0004476355   0.0000000000
    3    1   -1   9.93592         3    1   -1   9.93592       -0.0004390986  -0.0000000000
    3    3    1   9.93592         3    3    1   9.93592       -0.0004390986   0.0000000000
   -3   -3   -4  10.31086        -3   -3   -4  10.31086       -0.0003521485  -0.0000000000
   -3    0   -1  10.31086        -3    0   -1  10.31086       -0.0003521485  -0.0000000000
   -1   -3   -4  10.31086        -1   -3   -4  10.31086       -0.0003595824  -0.0000000000
   -1   -3    0  10.31086        -1   -3    0  10.31086       -0.0003787171  -0.0000000000
   -1   -2    1  10.31086        -1   -2    1  10.31086       -0.0003787171   0.0000000000
   -1    2    1  10.31086        -1    2    1  10.31086       -0.0003595824  -0.0000000000
    1   -2   -3  10.31086         1   -2   -3  10.31086       -0.0003595824  -0.0000000000
    1   -2    1  10.31086         1   -2    1  10.31086       -0.0003787171   0.0000000000
    1   -1    2  10.31086         1   -1    2  10.31086       -0.0003787171  -0.0000000000
    1    3    2  10.31086         1    3    2  10.31086       -0.0003595824  -0.0000000000
    3    0   -1  10.31086         3    0   -1  10.31086       -0.0003521485  -0.0000000000
    3    3    2  10.31086         3    3    2  10.31086       -0.0003521485   0.0000000000
   -2   -4   -3  10.68580        -2   -4   -3  10.68580       -0.0003360757   0.0000000000
   -2    0    1  10.68580        -2    0    1  10.68580       -0.0003360757   0.0000000000
    0   -3    0  10.68580         0   -3    0  10.68580       -0.0003069869  -0.0000000000
    0   -1   -4  10.68580         0   -1   -4  10.68580       -0.0003060279  -0.0000000000
   -4   -2   -3  12.18557        -4   -2   -3  12.18557       -0.0001798600  -0.0000000000
   -2   -3    0  12.18557        -2   -3    0  12.18557       -0.0001556389  -0.0000000000
    2   -1    2  12.18557         2   -1    2  12.18557       -0.0001556389  -0.0000000000
    4    2    1  12.18557         4    2    1  12.18557       -0.0001798600  -0.0000000000
   -4   -3   -3  12.56051        -4   -3   -3  12.56051       -0.0001497264   0.0000000000
   -4   -2   -2  12.56051        -4   -2   -2  12.56051       -0.0001497264   0.0000000000
   -2   -4   -4  12.56051        -2   -4   -4  12.56051       -0.0001436063   0.0000000000
   -2    0   -4  12.56051        -2    0   -4  12.56051       -0.0001348659   0.0000000000
   -2    1   -3  12.56051        -2    1   -3  12.56051       -0.0001348659  -0.0000000000
   -2    1    1  12.56051        -2    1    1  12.56051       -0.0001436063  -0.0000000000
    0    0   -4  12.56051         0    0   -4  12.56051       -0.0001521290   0.0000000000
    0    3   -1  12.56051         0    3   -1  12.56051       -0.0001521290   0.0000000000
    2   -2   -2  12.56051         2   -2   -2  12.56051       -0.0001436063  -0.0000000000
    2    2   -2  12.56051         2    2   -2  12.56051       -0.0001348659  -0.0000000000
    2    3   -1  12.56051         2    3   -1  12.56051       -0.0001348659   0.0000000000
    2    3    3  12.56051         2    3    3  12.56051       -0.0001436063  -0.0000000000
    4    1    1  12.56051         4    1    1  12.56051       -0.0001497264  -0.0000000000
    4    2    2  12.56051         4    2    2  12.56051       -0.0001497264   0.0000000000
   -3   -4   -4  12.93545        -3   -4   -4  12.93545       -0.0001321908   0.0000000000
   -3   -4   -2  12.93545        -3   -4   -2  12.93545       -0.0001184166   0.0000000000
   -3   -2    0  12.93545        -3   -2    0  12.93545       -0.0001184166   0.0000000000
   -3    0    0  12.93545        -3    0    0  12.93545       -0.0001321908  -0.0000000000
    3   -1   -1  12.93545         3   -1   -1  12.93545       -0.0001321908  -0.0000000000
    3   -1    1  12.93545         3   -1    1  12.93545       -0.0001184166   0.0000000000
    3    1    3  12.93545         3    1    3  12.93545       -0.0001184166   0.0000000000
    3    3    3  12.93545         3    3    3  12.93545       -0.0001321908  -0.0000000000
   -1   -4   -1  13.31039        -1   -4   -1  13.31039       -0.0001145260  -0.0000000000
   -1   -1    2  13.31039        -1   -1    2  13.31039       -0.0001145260  -0.0000000000
    1   -3    0  13.31039         1   -3    0  13.31039       -0.0001145260  -0.0000000000
    1    0    3  13.31039         1    0    3  13.31039       -0.0001145260  -0.0000000000
   -4   -3   -4  13.68533        -4   -3   -4  13.68533       -0.0000997076  -0.0000000000
   -4   -3   -2  13.68533        -4   -3   -2  13.68533       -0.0000924638   0.0000000000
   -3   -2   -5  14.81015        -3   -2   -5  14.81015       -0.0000654679  -0.0000000000
   -3    1   -2  14.81015        -3    1   -2  14.81015       -0.0000654679  -0.0000000000
   -1   -2   -5  14.81015        -1   -2   -5  14.81015       -0.0000663290   0.0000000000
   -1    3    0  14.81015        -1    3    0  14.81015       -0.0000663290  -0.0000000000
    1   -1   -4  14.81015         1   -1   -4  14.81015       -0.0000663290  -0.0000000000
    1    4    1  14.81015         1    4    1  14.81015       -0.0000663290   0.0000000000
    3    1   -2  14.81015         3    1   -2  14.81015       -0.0000654679  -0.0000000000
    3    4    1  14.81015         3    4    1  14.81015       -0.0000654679  -0.0000000000
   -4   -4   -3  15.18509        -4   -4   -3  15.18509       -0.0000566987  -0.0000000000
   -4   -2   -1  15.18509        -4   -2   -1  15.18509       -0.0000566987  -0.0000000000
    0   -4   -3  15.18509         0   -4   -3  15.18509       -0.0000540233  -0.0000000000
    0   -4   -1  15.18509         0   -4   -1  15.18509       -0.0000670847   0.0000000000
    0    0    3  15.18509         0    0    3  15.18509       -0.0000670847   0.0000000000
    0    2   -3  15.18509         0    2   -3  15.18509       -0.0000608068   0.0000000000
    0    2    3  15.18509         0    2    3  15.18509       -0.0000540233  -0.0000000000
    4    0    1  15.18509         4    0    1  15.18509       -0.0000566987   0.0000000000
    4    2    3  15.18509         4    2    3  15.18509       -0.0000566987   0.0000000000
   -4   -4   -4  15.56003        -4   -4   -4  15.56003       -0.0000583396  -0.0000000000
   -4   -1   -1  15.56003        -4   -1   -1  15.56003       -0.0000583396  -0.0000000000
   -2   -1   -5  15.56003        -2   -1   -5  15.56003       -0.0000508607  -0.0000000000
   -2    2   -2  15.56003        -2    2   -2  15.56003       -0.0000508607   0.0000000000
    0   -3    1  15.56003         0   -3    1  15.56003       -0.0000543390   0.0000000000
    0   -2    2  15.56003         0   -2    2  15.56003       -0.0000543390  -0.0000000000
    2    1   -3  15.56003         2    1   -3  15.56003       -0.0000508607  -0.0000000000
    2    4    0  15.56003         2    4    0  15.56003       -0.0000508607  -0.0000000000
    4    0    0  15.56003         4    0    0  15.56003       -0.0000583396   0.0000000000
    4    3    3  15.56003         4    3    3  15.56003       -0.0000583396  -0.0000000000
   -3    0   -4  15.93497        -3    0   -4  15.93497       -0.0000406872  -0.0000000000
   -1   -3   -5  15.93497        -1   -3   -5  15.93497       -0.0000445185   0.0000000000
   -1   -3    1  15.93497        -1   -3    1  15.93497       -0.0000485794  -0.0000000000
   -1   -1   -5  15.93497        -1   -1   -5  15.93497       -0.0000502458   0.0000000000
   -1    3   -1  15.93497        -1    3   -1  15.93497       -0.0000502458   0.0000000000
   -2    0    2  17.05979        -2    0    2  17.05979       -0.0000350651   0.0000000000
    2   -3   -1  17.05979         2   -3   -1  17.05979       -0.0000350651   0.0000000000
    2    2    4  17.05979         2    2    4  17.05979       -0.0000350651   0.0000000000
    4    0    2  17.05979         4    0    2  17.05979       -0.0000301196   0.0000000000
    4    1   -1  17.05979         4    1   -1  17.05979       -0.0000341287   0.0000000000
    4    1    3  17.05979         4    1    3  17.05979       -0.0000301196  -0.0000000000
    4    4    2  17.05979         4    4    2  17.05979       -0.0000341287  -0.0000000000
   -3   -5   -3  17.43473        -3   -5   -3  17.43473       -0.0000306470   0.0000000000
   -3   -1   -5  17.43473        -3   -1   -5  17.43473       -0.0000277550   0.0000000000
   -3   -1    1  17.43473        -3   -1    1  17.43473       -0.0000306470   0.0000000000
   -3    1   -3  17.43473        -3    1   -3  17.43473       -0.0000277550  -0.0000000000
   -1   -4    0  17.43473        -1   -4    0  17.43473       -0.0000302410  -0.0000000000
   -1   -2    2  17.43473        -1   -2    2  17.43473       -0.0000302410  -0.0000000000
    1   -3    1  17.43473         1   -3    1  17.43473       -0.0000302410   0.0000000000
    1   -1    3  17.43473         1   -1    3  17.43473       -0.0000302410  -0.0000000000
    3   -2    0  17.43473         3   -2    0  17.43473       -0.0000306470  -0.0000000000
    3    2   -2  17.43473         3    2   -2  17.43473       -0.0000277550  -0.0000000000
    3    2    4  17.43473         3    2    4  17.43473       -0.0000306470  -0.0000000000
    3    4    0  17.43473         3    4    0  17.43473       -0.0000277550  -0.0000000000
   -3   -5   -4  17.80967        -3   -5   -4  17.80967       -0.0000283134  -0.0000000000
   -3    0    1  17.80967        -3    0    1  17.80967       -0.0000283134  -0.0000000000
    3   -2   -1  17.80967         3   -2   -1  17.80967       -0.0000283134  -0.0000000000
    3    3    4  17.80967         3    3    4  17.80967       -0.0000283134  -0.0000000000
   -4   -4   -5  18.18461        -4   -4   -5  18.18461       -0.0000267138   0.0000000000
   -4   -2   -5  18.18461        -4   -2   -5  18.18461       -0.0000220929   0.0000000000
   -4    0   -3  18.18461        -4    0   -3  18.18461       -0.0000220929  -0.0000000000
   -4    0   -1  18.18461        -4    0   -1  18.18461       -0.0000267138  -0.0000000000
   -2   -5   -4  18.18461        -2   -5   -4  18.18461       -0.0000239107  -0.0000000000
   -2   -5   -2  18.18461        -2   -5   -2  18.18461       -0.0000248342   0.0000000000
   -2   -1    2  18.18461        -2   -1    2  18.18461       -0.0000248342  -0.0000000000
   -2    1   -4  18.18461        -2    1   -4  18.18461       -0.0000230328   0.0000000000
   -2    1    2  18.18461        -2    1    2  18.18461       -0.0000239107  -0.0000000000
   -1   -4   -5  19.30944        -1   -4   -5  19.30944       -0.0000162739  -0.0000000000
   -1    0   -5  19.30944        -1    0   -5  19.30944       -0.0000186550   0.0000000000
   -1    0    3  19.30944        -1    0    3  19.30944       -0.0000190268   0.0000000000
   -1    3   -2  19.30944        -1    3   -2  19.30944       -0.0000186550  -0.0000000000
   -1    3    2  19.30944        -1    3    2  19.30944       -0.0000162739  -0.0000000000
    1   -4   -1  19.30944         1   -4   -1  19.30944       -0.0000190268   0.0000000000
    1   -3   -4  19.30944         1   -3   -4  19.30944       -0.0000162739  -0.0000000000
    1    1   -4  19.30944         1    1   -4  19.30944       -0.0000186550  -0.0000000000
    1    1    4  19.30944         1    1    4  19.30944       -0.0000190268   0.0000000000
    1    4   -1  19.30944         1    4   -1  19.30944       -0.0000186550   0.0000000000
    1    4    3  19.30944         1    4    3  19.30944       -0.0000162739  -0.0000000000
    3   -2    1  19.30944         3   -2    1  19.30944       -0.0000171635  -0.0000000000
    3    1    4  19.30944         3    1    4  19.30944       -0.0000171635  -0.0000000000
    5    2    1  19.30944         5    2    1  19.30944       -0.0000181600  -0.0000000000
    5    3    2  19.30944         5    3    2  19.30944       -0.0000181600   0.0000000000
   -4   -5   -4  19.68438        -4   -5   -4  19.68438       -0.0000170491  -0.0000000000
   -4   -1    0  19.68438        -4   -1    0  19.68438       -0.0000170491   0.0000000000
   -2    0   -5  19.68438        -2    0   -5  19.68438       -0.0000149687   0.0000000000
   -2    2   -3  19.68438        -2    2   -3  19.68438       -0.0000149687  -0.0000000000
    2    2   -3  19.68438         2    2   -3  19.68438       -0.0000149687  -0.0000000000
    2    4   -1  19.68438         2    4   -1  19.68438       -0.0000149687   0.0000000000
    4   -1    0  19.68438         4   -1    0  19.68438       -0.0000170491   0.0000000000
    4    3    4  19.68438         4    3    4  19.68438       -0.0000170491  -0.0000000000
   -4   -5   -3  20.05932        -4   -5   -3  20.05932       -0.0000136291   0.0000000000
   -4   -2    0  20.05932        -4   -2    0  20.05932       -0.0000136291  -0.0000000000
    0   -3   -5  20.05932         0   -3   -5  20.05932       -0.0000132377   0.0000000000
    0    4    2  20.05932         0    4    2  20.05932       -0.0000132377   0.0000000000
    4   -1    1  20.05932         4   -1    1  20.05932       -0.0000136291  -0.0000000000
    4    2    4  20.05932         4    2    4  20.05932       -0.0000136291  -0.0000000000
   -5   -4   -4  20.43426        -5   -4   -4  20.43426       -0.0000138575   0.0000000000
   -5   -2   -4  20.43426        -5   -2   -4  20.43426       -0.0000125722  -0.0000000000
   -5   -2   -2  20.43426        -5   -2   -2  20.43426       -0.0000138575  -0.0000000000
   -2   -5   -1  21.55908        -2   -5   -1  21.55908       -0.0000098255  -0.0000000000
   -2   -2   -6  21.55908        -2   -2   -6  21.55908       -0.0000100584   0.0000000000
   -2   -2    2  21.55908        -2   -2    2  21.55908       -0.0000098255   0.0000000000
   -2    2    2  21.55908        -2    2    2  21.55908       -0.0000092001  -0.0000000000
   -2    3   -1  21.55908        -2    3   -1  21.55908       -0.0000100584  -0.0000000000
    2   -3   -3  21.55908         2   -3   -3  21.55908       -0.0000092001   0.0000000000
    2   -3    1  21.55908         2   -3    1  21.55908       -0.0000098255  -0.0000000000
    2    0   -4  21.55908         2    0   -4  21.55908       -0.0000100584   0.0000000000
    2    0    4  21.55908         2    0    4  21.55908       -0.0000098255  -0.0000000000
    2    4    4  21.55908         2    4    4  21.55908       -0.0000092001  -0.0000000000
    2    5    1  21.55908         2    5    1  21.55908       -0.0000100584   0.0000000000
    4   -1   -1  21.55908         4   -1   -1  21.55908       -0.0000095730  -0.0000000000
    4    3   -1  21.55908         4    3   -1  21.55908       -0.0000090449   0.0000000000
    4    4    0  21.55908         4    4    0  21.55908       -0.0000090449  -0.0000000000
    4    4    4  21.55908         4    4    4  21.55908       -0.0000095730   0.0000000000
   -5   -3   -5  21.93402        -5   -3   -5  21.93402       -0.0000089339  -0.0000000000
   -5   -1   -3  21.93402        -5   -1   -3  21.93402       -0.0000089339  -0.0000000000
   -3   -4   -6  21.93402        -3   -4   -6  21.93402       -0.0000090909  -0.0000000000
   -3   -4    0  21.93402        -3   -4    0  21.93402       -0.0000085418   0.0000000000
   -3   -2   -6  21.93402        -3   -2   -6  21.93402       -0.0000084711  -0.0000000000
   -3    2   -2  21.93402        -3    2   -2  21.93402       -0.0000084711   0.0000000000
   -3    2    0  21.93402        -3    2    0  21.93402       -0.0000090909   0.0000000000
   -1   -5   -1  21.93402        -1   -5   -1  21.93402       -0.0000087656   0.0000000000
   -1   -1    3  21.93402        -1   -1    3  21.93402       -0.0000087656  -0.0000000000
    1   -4    0  21.93402         1   -4    0  21.93402       -0.0000087656  -0.0000000000
    1    0    4  21.93402         1    0    4  21.93402       -0.0000087656   0.0000000000
    3   -1   -3  21.93402         3   -1   -3  21.93402       -0.0000090909  -0.0000000000
    3   -1    3  21.93402         3   -1    3  21.93402       -0.0000085418  -0.0000000000
    3    1   -3  21.93402         3    1   -3  21.93402       -0.0000084711  -0.0000000000
    3    5    1  21.93402         3    5    1  21.93402       -0.0000084711  -0.0000000000
    3    5    3  21.93402         3    5    3  21.93402       -0.0000090909   0.0000000000
    5    2    0  21.93402         5    2    0  21.93402       -0.0000089339  -0.0000000000
   -5   -4   -2  23.43378        -5   -4   -2  23.43378       -0.0000059275  -0.0000000000
   -3   -5   -1  23.43378        -3   -5   -1  23.43378       -0.0000058446   0.0000000000
   -3   -3    1  23.43378        -3   -3    1  23.43378       -0.0000058446   0.0000000000
   -1   -2   -6  23.43378        -1   -2   -6  23.43378       -0.0000060714  -0.0000000000
   -1    2   -4  23.43378        -1    2   -4  23.43378       -0.0000058052  -0.0000000000
   -1    4    0  23.43378        -1    4    0  23.43378       -0.0000060714  -0.0000000000
    1   -1   -5  23.43378         1   -1   -5  23.43378       -0.0000060714  -0.0000000000
    1    3   -3  23.43378         1    3   -3  23.43378       -0.0000058052  -0.0000000000
    1    5    1  23.43378         1    5    1  23.43378       -0.0000060714  -0.0000000000
    3   -2    2  23.43378         3   -2    2  23.43378       -0.0000058446  -0.0000000000
    3    0    4  23.43378         3    0    4  23.43378       -0.0000058446  -0.0000000000
    5    1    3  23.43378         5    1    3  23.43378       -0.0000059275  -0.0000000000
   -5   -5   -4  23.80872        -5   -5   -4  23.80872       -0.0000056427   0.0000000000
   -5   -2   -5  23.80872        -5   -2   -5  23.80872       -0.0000053710  -0.0000000000
   -5   -2   -1  23.80872        -5   -2   -1  23.80872       -0.0000056427  -0.0000000000
   -5   -1   -4  23.80872        -5   -1   -4  23.80872       -0.0000053710   0.0000000000
   -1   -4    1  23.80872        -1   -4    1  23.80872       -0.0000056256  -0.0000000000
   -1   -3   -6  23.80872        -1   -3   -6  23.80872       -0.0000054912  -0.0000000000
   -1   -3    2  23.80872        -1   -3    2  23.80872       -0.0000056256   0.0000000000
   -1    4    1  23.80872        -1    4    1  23.80872       -0.0000054912   0.0000000000
    1   -3    2  23.80872         1   -3    2  23.80872       -0.0000056256  -0.0000000000
    1   -2   -5  23.80872         1   -2   -5  23.80872       -0.0000054912   0.0000000000
    1   -2    3  23.80872         1   -2    3  23.80872       -0.0000056256  -0.0000000000
    1    5    2  23.80872         1    5    2  23.80872       -0.0000054912  -0.0000000000
    5    0    1  23.80872         5    0    1  23.80872       -0.0000056427   0.0000000000
    5    3    0  23.80872         5    3    0  23.80872       -0.0000053710   0.0000000000
    5    3    4  23.80872         5    3    4  23.80872       -0.0000056427   0.0000000000
    5    4    1  23.80872         5    4    1  23.80872       -0.0000053710  -0.0000000000
   -2   -1   -6  24.18366        -2   -1   -6  24.18366       -0.0000051227   0.0000000000
   -2    3   -2  24.18366        -2    3   -2  24.18366       -0.0000051227   0.0000000000
    0   -4   -5  24.18366         0   -4   -5  24.18366       -0.0000048158  -0.0000000000
    0   -4    1  24.18366         0   -4    1  24.18366       -0.0000052832   0.0000000000


             g                   gp         inverse epsilon           nspin= 1
         0    0   -1         0    0   -1        0.23889521   0.00000000
         0   -1   -1         0    0   -1        0.00270453  -0.00000000
         0   -1   -1         0   -1   -1        0.42375212   0.00000000
         0    0    0         0   -1   -1        0.01952941  -0.00000000
         0    0    0         0    0    0        0.42375212   0.00000000
        -1   -1   -1         0    0    0        0.03621248   0.00000000
        -1   -1   -1        -1   -1   -1        0.53523041   0.00000000
         1    0    0        -1   -1   -1       -0.01655453  -0.00000000
         1    0    0         1    0    0        0.53523041  -0.00000000
        -1   -1   -2         1    0    0        0.00026833  -0.00000000
        -1   -1   -2        -1   -1   -2        0.63407640   0.00000000
        -1    0   -1        -1   -1   -2        0.00021979  -0.00000000
        -1    0   -1        -1    0   -1        0.63407640   0.00000000
         1    0   -1        -1    0   -1        0.03748603  -0.00000000
         1    0   -1         1    0   -1        0.63407640   0.00000000
         1    1    0         1    0   -1        0.00021979   0.00000000
         1    1    0         1    1    0        0.63407640   0.00000000
         0   -1   -2         1    1    0        0.00276388  -0.00000000
         0   -1   -2         0   -1   -2        0.69890919  -0.00000000
         0   -1    0         0   -1   -2        0.02166137  -0.00000000
         0   -1    0         0   -1    0        0.71146889  -0.00000000
         0    1    0         0   -1    0        0.02166137   0.00000000
         0    1    0         0    1    0        0.69890919  -0.00000000
         0    0   -2         0    1    0       -0.00182801  -0.00000000
         0    0   -2         0    0   -2        0.76562635   0.00000000
         0    1   -1         0    0   -2        0.00061433   0.00000000
         0    1   -1         0    1   -1        0.76562635   0.00000000
        -1   -2   -2         0    1   -1       -0.00946087  -0.00000000
        -1   -2   -2        -1   -2   -2        0.80615374   0.00000000
        -1    0   -2        -1   -2   -2        0.00317864  -0.00000000
        -1    0   -2        -1    0   -2        0.80138501  -0.00000000
        -1    0    0        -1    0   -2        0.00317864   0.00000000
        -1    0    0        -1    0    0        0.80615374   0.00000000
         1   -1   -1        -1    0    0        0.02072650   0.00000000
         1   -1   -1         1   -1   -1        0.80615374   0.00000000
         1    1   -1         1   -1   -1        0.00317864  -0.00000000
         1    1   -1         1    1   -1        0.80138501  -0.00000000
         1    1    1         1    1   -1        0.00317864   0.00000000
         1    1    1         1    1    1        0.80615374   0.00000000
        -1   -2   -1         1    1    1        0.01023698   0.00000000
        -1   -2   -1        -1   -2   -1        0.84233914  -0.00000000
        -1   -1    0        -1   -2   -1        0.00180963   0.00000000
        -1   -1    0        -1   -1    0        0.84233914   0.00000000
         1   -1    0        -1   -1    0        0.00126356   0.00000000
         1   -1    0         1   -1    0        0.84233914   0.00000000
         1    0    1         1   -1    0        0.00180963  -0.00000000
         1    0    1         1    0    1        0.84233914  -0.00000000
        -2   -1   -2         1    0    1        0.00157178  -0.00000000
        -2   -1   -2        -2   -1   -2        0.86972496  -0.00000000
         0   -2   -1        -2   -1   -2       -0.00019853  -0.00000000
         0   -2   -1         0   -2   -1        0.87709516   0.00000000
         0    0    1         0   -2   -1       -0.01054894  -0.00000000
         0    0    1         0    0    1        0.87709516   0.00000000
         2    1    0         0    0    1       -0.00019853   0.00000000
         2    1    0         2    1    0        0.86972496   0.00000000
        -2   -2   -2         2    1    0        0.00989686  -0.00000000
        -2   -2   -2        -2   -2   -2        0.89963381   0.00000000
        -2   -1   -1        -2   -2   -2       -0.00716778   0.00000000
        -2   -1   -1        -2   -1   -1        0.89963381  -0.00000000
         0   -2   -2        -2   -1   -1        0.00766482   0.00000000
         0   -2   -2         0   -2   -2        0.90207197  -0.00000000
         0    1    1         0   -2   -2        0.00001370   0.00000000
         0    1    1         0    1    1        0.90207197  -0.00000000
         1    1   -2         0    1    1       -0.00060543  -0.00000000
         1    1   -2         1    1   -2        0.98111180  -0.00000000
         1    1    2         1    1   -2        0.00225671   0.00000000
         1    1    2         1    1    2        0.98099467   0.00000000
         1    2   -1         1    1    2       -0.00020190   0.00000000
         1    2   -1         1    2   -1        0.98111180  -0.00000000
        -2   -3   -2         1    2   -1       -0.00106471   0.00000000
        -2   -3   -2        -2   -3   -2        0.98569434  -0.00000000
        -2   -1    0        -2   -3   -2       -0.00351014  -0.00000000
        -2   -1    0        -2   -1    0        0.98569434  -0.00000000
         0   -2   -3        -2   -1    0       -0.00000502  -0.00000000
         0   -2   -3         0   -2   -3        0.98562011  -0.00000000
         0    0   -3         0   -2   -3       -0.00202861  -0.00000000
         0    0   -3         0    0   -3        0.98639324  -0.00000000
         0    2   -1         0    0   -3       -0.00304792   0.00000000
         0    2   -1         0    2   -1        0.98639324  -0.00000000
         0    2    1         0    2   -1       -0.00202861  -0.00000000
         0    2    1         0    2    1        0.98562011   0.00000000
         2   -1    0         0    2    1       -0.00000502   0.00000000
         2   -1    0         2   -1    0        0.98569434  -0.00000000
         2    1    2         2   -1    0       -0.00351014   0.00000000
         2    1    2         2    1    2        0.98569434  -0.00000000
        -2   -3   -3         2    1    2        0.00143007  -0.00000000
        -2   -3   -3        -2   -3   -3        0.98951429   0.00000000
        -2    0    0        -2   -3   -3       -0.00052943  -0.00000000
        -2    0    0        -2    0    0        0.98951429   0.00000000
         2   -1   -1        -2    0    0        0.00074580  -0.00000000
         2   -1   -1         2   -1   -1        0.98951429   0.00000000
         2    2    2         2   -1   -1       -0.00052943   0.00000000
         2    2    2         2    2    2        0.98951429   0.00000000
        -3   -2   -2         2    2    2        0.00106881   0.00000000
        -3   -2   -2        -3   -2   -2        0.99215045  -0.00000000
        -1   -3   -3        -3   -2   -2        0.00165810   0.00000000
        -1   -3   -3        -1   -3   -3        0.99209093  -0.00000000
        -1   -3   -1        -1   -3   -3       -0.00123383  -0.00000000
        -1   -3   -1        -1   -3   -1        0.99218868  -0.00000000
        -1   -1    1        -1   -3   -1       -0.00181139  -0.00000000
        -1   -1    1        -1   -1    1        0.99218868   0.00000000
        -1    1    1        -1   -1    1       -0.00123383   0.00000000
        -1    1    1        -1    1    1        0.99209093   0.00000000
         1   -2   -2        -1    1    1        0.00050173  -0.00000000
         1   -2   -2         1   -2   -2        0.99209093  -0.00000000
         1   -2    0         1   -2   -2       -0.00123383  -0.00000000
         1   -2    0         1   -2    0        0.99218868  -0.00000000
         1    0    2         1   -2    0       -0.00181139  -0.00000000
         1    0    2         1    0    2        0.99218868  -0.00000000
         1    2    2         1    0    2       -0.00123383   0.00000000
         1    2    2         1    2    2        0.99209093  -0.00000000
         3    1    1         1    2    2        0.00165810  -0.00000000
         3    1    1         3    1    1        0.99215045   0.00000000
        -3   -2   -3         3    1    1        0.00033451  -0.00000000
        -3   -2   -3        -3   -2   -3        0.99416514  -0.00000000
        -3   -1   -2        -3   -2   -3        0.00060665  -0.00000000
        -3   -1   -2        -3   -1   -2        0.99416514   0.00000000
         3    1    0        -3   -1   -2        0.00045557   0.00000000
         3    1    0         3    1    0        0.99416514  -0.00000000
         3    2    1         3    1    0        0.00060665   0.00000000
         3    2    1         3    2    1        0.99416514  -0.00000000
        -2    0   -3         3    2    1        0.00052640   0.00000000
        -2    0   -3        -2    0   -3        0.99556418  -0.00000000
         0   -3   -2        -2    0   -3       -0.00053214  -0.00000000
         0   -3   -2         0   -3   -2        0.99561208   0.00000000
         0    1    2         0   -3   -2       -0.00074094  -0.00000000
         0    1    2         0    1    2        0.99561208   0.00000000
        -2    1    0         0    1    2       -0.00038799  -0.00000000
        -2    1    0        -2    1    0        0.99847276  -0.00000000
         0   -2    1        -2    1    0       -0.00009824   0.00000000
         0   -2    1         0   -2    1        0.99849352   0.00000000
         2   -1   -2         0   -2    1       -0.00009824  -0.00000000
         2   -1   -2         2   -1   -2        0.99847276  -0.00000000
         2    1   -2         2   -1   -2       -0.00017645   0.00000000
         2    1   -2         2    1   -2        0.99849755   0.00000000
         2    3    0         2    1   -2       -0.00017894  -0.00000000
         2    3    0         2    3    0        0.99849755   0.00000000
         2    3    2         2    3    0       -0.00017645   0.00000000
         2    3    2         2    3    2        0.99847276  -0.00000000
         0   -3   -3         2    3    2        0.00013528  -0.00000000
         0   -3   -3         0   -3   -3        0.99880904   0.00000000
         0    1   -3         0   -3   -3       -0.00009265  -0.00000000
         0    1   -3         0    1   -3        0.99879344   0.00000000
         0    2   -2         0    1   -3       -0.00038195   0.00000000
         0    2   -2         0    2   -2        0.99879344  -0.00000000
         0    2    2         0    2   -2       -0.00009265   0.00000000
         0    2    2         0    2    2        0.99880904   0.00000000
        -3   -2   -4         0    2    2        0.00016879  -0.00000000
        -3   -2   -4        -3   -2   -4        0.99903757  -0.00000000
        -3    0   -2        -3   -2   -4       -0.00003118  -0.00000000
        -3    0   -2        -3    0   -2        0.99903757  -0.00000000
        -1    1   -3        -3    0   -2        0.00002630   0.00000000
        -1    1   -3        -1    1   -3        0.99904493   0.00000000
         1    2   -2        -1    1   -3        0.00013617   0.00000000
         1    2   -2         1    2   -2        0.99904493   0.00000000
         3    1   -1         1    2   -2        0.00002630  -0.00000000
         3    1   -1         3    1   -1        0.99903757   0.00000000
         3    3    1         3    1   -1       -0.00003118  -0.00000000
         3    3    1         3    3    1        0.99903757   0.00000000
        -3   -3   -4         3    3    1        0.00001511  -0.00000000
        -3   -3   -4        -3   -3   -4        0.99927150  -0.00000000
        -3    0   -1        -3   -3   -4        0.00002705  -0.00000000
        -3    0   -1        -3    0   -1        0.99927150  -0.00000000
        -1   -3   -4        -3    0   -1        0.00013265   0.00000000
        -1   -3   -4        -1   -3   -4        0.99925426  -0.00000000
        -1   -3    0        -1   -3   -4       -0.00009200  -0.00000000
        -1   -3    0        -1   -3    0        0.99921504  -0.00000000
        -1   -2    1        -1   -3    0       -0.00021875  -0.00000000
        -1   -2    1        -1   -2    1        0.99921504   0.00000000
        -1    2    1        -1   -2    1       -0.00009200  -0.00000000
        -1    2    1        -1    2    1        0.99925426  -0.00000000
         1   -2   -3        -1    2    1       -0.00002815   0.00000000
         1   -2   -3         1   -2   -3        0.99925426  -0.00000000
         1   -2    1         1   -2   -3       -0.00009200   0.00000000
         1   -2    1         1   -2    1        0.99921504  -0.00000000
         1   -1    2         1   -2    1       -0.00021875  -0.00000000
         1   -1    2         1   -1    2        0.99921504  -0.00000000
         1    3    2         1   -1    2       -0.00009200   0.00000000
         1    3    2         1    3    2        0.99925426  -0.00000000
         3    0   -1         1    3    2        0.00013265  -0.00000000
         3    0   -1         3    0   -1        0.99927150  -0.00000000
         3    3    2         3    0   -1        0.00002705   0.00000000
         3    3    2         3    3    2        0.99927150  -0.00000000
        -2   -4   -3         3    3    2        0.00006750  -0.00000000
        -2   -4   -3        -2   -4   -3        0.99933026  -0.00000000
        -2    0    1        -2   -4   -3       -0.00006743  -0.00000000
        -2    0    1        -2    0    1        0.99933026   0.00000000
         0   -3    0        -2    0    1       -0.00000314  -0.00000000
         0   -3    0         0   -3    0        0.99938039  -0.00000000
         0   -1   -4         0   -3    0        0.00001861  -0.00000000
         0   -1   -4         0   -1   -4        0.99939050  -0.00000000
        -4   -2   -3         0   -1   -4       -0.00002948  -0.00000000
        -4   -2   -3        -4   -2   -3        0.99968947  -0.00000000
        -2   -3    0        -4   -2   -3       -0.00007353   0.00000000
        -2   -3    0        -2   -3    0        0.99973316  -0.00000000
         2   -1    2        -2   -3    0        0.00005632   0.00000000
         2   -1    2         2   -1    2        0.99973316  -0.00000000
         4    2    1         2   -1    2       -0.00007353   0.00000000
         4    2    1         4    2    1        0.99968947  -0.00000000
        -4   -3   -3         4    2    1        0.00008033   0.00000000
        -4   -3   -3        -4   -3   -3        0.99974389   0.00000000
        -4   -2   -2        -4   -3   -3        0.00005761   0.00000000
        -4   -2   -2        -4   -2   -2        0.99974389   0.00000000
        -2   -4   -4        -4   -2   -2        0.00000066  -0.00000000
        -2   -4   -4        -2   -4   -4        0.99974921   0.00000000
        -2    0   -4        -2   -4   -4       -0.00003593   0.00000000
        -2    0   -4        -2    0   -4        0.99976958  -0.00000000
        -2    1   -3        -2    0   -4       -0.00003093   0.00000000
        -2    1   -3        -2    1   -3        0.99976958  -0.00000000
        -2    1    1        -2    1   -3       -0.00003593  -0.00000000
        -2    1    1        -2    1    1        0.99974921  -0.00000000
         0    0   -4        -2    1    1        0.00005474   0.00000000
         0    0   -4         0    0   -4        0.99975221   0.00000000
         0    3   -1         0    0   -4       -0.00002069  -0.00000000
         0    3   -1         0    3   -1        0.99975221   0.00000000
         2   -2   -2         0    3   -1        0.00005474   0.00000000
         2   -2   -2         2   -2   -2        0.99974921  -0.00000000
         2    2   -2         2   -2   -2       -0.00003593   0.00000000
         2    2   -2         2    2   -2        0.99976958  -0.00000000
         2    3   -1         2    2   -2       -0.00003093  -0.00000000
         2    3   -1         2    3   -1        0.99976958  -0.00000000
         2    3    3         2    3   -1       -0.00003593  -0.00000000
         2    3    3         2    3    3        0.99974921  -0.00000000
         4    1    1         2    3    3        0.00000066   0.00000000
         4    1    1         4    1    1        0.99974389  -0.00000000
         4    2    2         4    1    1        0.00005761  -0.00000000
         4    2    2         4    2    2        0.99974389   0.00000000
        -3   -4   -4         4    2    2        0.00001216  -0.00000000
        -3   -4   -4        -3   -4   -4        0.99978509   0.00000000
        -3   -4   -2        -3   -4   -4       -0.00000269  -0.00000000
        -3   -4   -2        -3   -4   -2        0.99980753   0.00000000
        -3   -2    0        -3   -4   -2        0.00004153   0.00000000
        -3   -2    0        -3   -2    0        0.99980753   0.00000000
        -3    0    0        -3   -2    0       -0.00000269  -0.00000000
        -3    0    0        -3    0    0        0.99978509   0.00000000
         3   -1   -1        -3    0    0       -0.00005933  -0.00000000
         3   -1   -1         3   -1   -1        0.99978509  -0.00000000
         3   -1    1         3   -1   -1       -0.00000269   0.00000000
         3   -1    1         3   -1    1        0.99980753   0.00000000
         3    1    3         3   -1    1        0.00004153  -0.00000000
         3    1    3         3    1    3        0.99980753   0.00000000
         3    3    3         3    1    3       -0.00000269   0.00000000
         3    3    3         3    3    3        0.99978509  -0.00000000
        -1   -4   -1         3    3    3       -0.00002885   0.00000000
        -1   -4   -1        -1   -4   -1        0.99981654  -0.00000000
        -1   -1    2        -1   -4   -1       -0.00001330  -0.00000000
        -1   -1    2        -1   -1    2        0.99981654  -0.00000000
         1   -3    0        -1   -1    2        0.00001479  -0.00000000
         1   -3    0         1   -3    0        0.99981654  -0.00000000
         1    0    3         1   -3    0       -0.00001330   0.00000000
         1    0    3         1    0    3        0.99981654  -0.00000000
        -4   -3   -4         1    0    3       -0.00002551  -0.00000000
        -4   -3   -4        -4   -3   -4        0.99984486  -0.00000000
        -4   -3   -2        -4   -3   -4       -0.00000434  -0.00000000
        -4   -3   -2        -4   -3   -2        0.99985922   0.00000000
        -3   -2   -5        -4   -3   -2        0.00000820  -0.00000000
        -3   -2   -5        -3   -2   -5        0.99990669  -0.00000000
        -3    1   -2        -3   -2   -5        0.00000120   0.00000000
        -3    1   -2        -3    1   -2        0.99990669  -0.00000000
        -1   -2   -5        -3    1   -2       -0.00000431  -0.00000000
        -1   -2   -5        -1   -2   -5        0.99990557   0.00000000
        -1    3    0        -1   -2   -5       -0.00000153   0.00000000
        -1    3    0        -1    3    0        0.99990557  -0.00000000
         1   -1   -4        -1    3    0        0.00000020   0.00000000
         1   -1   -4         1   -1   -4        0.99990557  -0.00000000
         1    4    1         1   -1   -4       -0.00000153  -0.00000000
         1    4    1         1    4    1        0.99990557   0.00000000
         3    1   -2         1    4    1       -0.00000431   0.00000000
         3    1   -2         3    1   -2        0.99990669  -0.00000000
         3    4    1         3    1   -2        0.00000120  -0.00000000
         3    4    1         3    4    1        0.99990669  -0.00000000
        -4   -4   -3         3    4    1       -0.00002489  -0.00000000
        -4   -4   -3        -4   -4   -3        0.99991774   0.00000000
        -4   -2   -1        -4   -4   -3        0.00002277  -0.00000000
        -4   -2   -1        -4   -2   -1        0.99991774  -0.00000000
         0   -4   -3        -4   -2   -1       -0.00001474  -0.00000000
         0   -4   -3         0   -4   -3        0.99992292  -0.00000000
         0   -4   -1         0   -4   -3       -0.00000206  -0.00000000
         0   -4   -1         0   -4   -1        0.99990678   0.00000000
         0    0    3         0   -4   -1        0.00001565   0.00000000
         0    0    3         0    0    3        0.99990678   0.00000000
         0    2   -3         0    0    3       -0.00000783   0.00000000
         0    2   -3         0    2   -3        0.99991253   0.00000000
         0    2    3         0    2   -3       -0.00000101  -0.00000000
         0    2    3         0    2    3        0.99992292  -0.00000000
         4    0    1         0    2    3       -0.00001474   0.00000000
         4    0    1         4    0    1        0.99991774   0.00000000
         4    2    3         4    0    1        0.00002277   0.00000000
         4    2    3         4    2    3        0.99991774   0.00000000
        -4   -4   -4         4    2    3       -0.00001262  -0.00000000
        -4   -4   -4        -4   -4   -4        0.99992032  -0.00000000
        -4   -1   -1        -4   -4   -4        0.00000213  -0.00000000
        -4   -1   -1        -4   -1   -1        0.99992032   0.00000000
        -2   -1   -5        -4   -1   -1        0.00000080  -0.00000000
        -2   -1   -5        -2   -1   -5        0.99992964  -0.00000000
        -2    2   -2        -2   -1   -5       -0.00000239   0.00000000
        -2    2   -2        -2    2   -2        0.99992964   0.00000000
         0   -3    1        -2    2   -2        0.00001387   0.00000000
         0   -3    1         0   -3    1        0.99992624   0.00000000
         0   -2    2         0   -3    1       -0.00000497  -0.00000000
         0   -2    2         0   -2    2        0.99992624  -0.00000000
         2    1   -3         0   -2    2        0.00001387   0.00000000
         2    1   -3         2    1   -3        0.99992964  -0.00000000
         2    4    0         2    1   -3       -0.00000239  -0.00000000
         2    4    0         2    4    0        0.99992964  -0.00000000
         4    0    0         2    4    0        0.00000080  -0.00000000
         4    0    0         4    0    0        0.99992032   0.00000000
         4    3    3         4    0    0        0.00000213   0.00000000
         4    3    3         4    3    3        0.99992032  -0.00000000
        -3    0   -4         4    3    3       -0.00000487   0.00000000
        -3    0   -4        -3    0   -4        0.99994582  -0.00000000
        -1   -3   -5        -3    0   -4       -0.00000045   0.00000000
        -1   -3   -5        -1   -3   -5        0.99994122   0.00000000
        -1   -3    1        -1   -3   -5       -0.00000150  -0.00000000
        -1   -3    1        -1   -3    1        0.99993513  -0.00000000
        -1   -1   -5        -1   -3    1       -0.00000030  -0.00000000
        -1   -1   -5        -1   -1   -5        0.99993392   0.00000000
        -1    3   -1        -1   -1   -5        0.00001159   0.00000000
        -1    3   -1        -1    3   -1        0.99993392   0.00000000
        -2    0    2        -1    3   -1        0.00000145  -0.00000000
        -2    0    2        -2    0    2        0.99995469   0.00000000
         2   -3   -1        -2    0    2        0.00000124   0.00000000
         2   -3   -1         2   -3   -1        0.99995469   0.00000000
         2    2    4         2   -3   -1       -0.00000089   0.00000000
         2    2    4         2    2    4        0.99995469   0.00000000
         4    0    2         2    2    4        0.00000309   0.00000000
         4    0    2         4    0    2        0.99996215  -0.00000000
         4    1   -1         4    0    2       -0.00000128  -0.00000000
         4    1   -1         4    1   -1        0.99995676   0.00000000
         4    1    3         4    1   -1       -0.00000542  -0.00000000
         4    1    3         4    1    3        0.99996215  -0.00000000
         4    4    2         4    1    3       -0.00000128  -0.00000000
         4    4    2         4    4    2        0.99995676  -0.00000000
        -3   -5   -3         4    4    2       -0.00001512  -0.00000000
        -3   -5   -3        -3   -5   -3        0.99996161   0.00000000
        -3   -1   -5        -3   -5   -3       -0.00000086  -0.00000000
        -3   -1   -5        -3   -1   -5        0.99996640   0.00000000
        -3   -1    1        -3   -1   -5       -0.00000015  -0.00000000
        -3   -1    1        -3   -1    1        0.99996161   0.00000000
        -3    1   -3        -3   -1    1       -0.00000086   0.00000000
        -3    1   -3        -3    1   -3        0.99996640  -0.00000000
        -1   -4    0        -3    1   -3       -0.00000143   0.00000000
        -1   -4    0        -1   -4    0        0.99996309  -0.00000000
        -1   -2    2        -1   -4    0        0.00000914   0.00000000
        -1   -2    2        -1   -2    2        0.99996309  -0.00000000
         1   -3    1        -1   -2    2       -0.00000305  -0.00000000
         1   -3    1         1   -3    1        0.99996309   0.00000000
         1   -1    3         1   -3    1        0.00000914  -0.00000000
         1   -1    3         1   -1    3        0.99996309  -0.00000000
         3   -2    0         1   -1    3       -0.00000051   0.00000000
         3   -2    0         3   -2    0        0.99996161  -0.00000000
         3    2   -2         3   -2    0       -0.00000086   0.00000000
         3    2   -2         3    2   -2        0.99996640  -0.00000000
         3    2    4         3    2   -2       -0.00000015   0.00000000
         3    2    4         3    2    4        0.99996161  -0.00000000
         3    4    0         3    2    4       -0.00000086  -0.00000000
         3    4    0         3    4    0        0.99996640  -0.00000000
        -3   -5   -4         3    4    0       -0.00000653  -0.00000000
        -3   -5   -4        -3   -5   -4        0.99996641  -0.00000000
        -3    0    1        -3   -5   -4        0.00000102  -0.00000000
        -3    0    1        -3    0    1        0.99996641  -0.00000000
         3   -2   -1        -3    0    1        0.00000224   0.00000000
         3   -2   -1         3   -2   -1        0.99996641  -0.00000000
         3    3    4         3   -2   -1        0.00000102   0.00000000
         3    3    4         3    3    4        0.99996641   0.00000000
        -4   -4   -5         3    3    4        0.00001420   0.00000000
        -4   -4   -5        -4   -4   -5        0.99996804   0.00000000
        -4   -2   -5        -4   -4   -5       -0.00000255   0.00000000
        -4   -2   -5        -4   -2   -5        0.99997367   0.00000000
        -4    0   -3        -4   -2   -5        0.00000994   0.00000000
        -4    0   -3        -4    0   -3        0.99997367  -0.00000000
        -4    0   -1        -4    0   -3       -0.00000255   0.00000000
        -4    0   -1        -4    0   -1        0.99996804  -0.00000000
        -2   -5   -4        -4    0   -1       -0.00000003  -0.00000000
        -2   -5   -4        -2   -5   -4        0.99997151  -0.00000000
        -2   -5   -2        -2   -5   -4       -0.00000319  -0.00000000
        -2   -5   -2        -2   -5   -2        0.99997099   0.00000000
        -2   -1    2        -2   -5   -2        0.00000608  -0.00000000
        -2   -1    2        -2   -1    2        0.99997099  -0.00000000
        -2    1   -4        -2   -1    2        0.00000424  -0.00000000
        -2    1   -4        -2    1   -4        0.99997316   0.00000000
        -2    1    2        -2    1   -4        0.00000001  -0.00000000
        -2    1    2        -2    1    2        0.99997151  -0.00000000
        -1   -4   -5        -2    1    2       -0.00000427  -0.00000000
        -1   -4   -5        -1   -4   -5        0.99998223  -0.00000000
        -1    0   -5        -1   -4   -5       -0.00000201  -0.00000000
        -1    0   -5        -1    0   -5        0.99997935  -0.00000000
        -1    0    3        -1    0   -5        0.00001051  -0.00000000
        -1    0    3        -1    0    3        0.99997890   0.00000000
        -1    3   -2        -1    0    3        0.00000087   0.00000000
        -1    3   -2        -1    3   -2        0.99997935  -0.00000000
        -1    3    2        -1    3   -2       -0.00000201   0.00000000
        -1    3    2        -1    3    2        0.99998223  -0.00000000
         1   -4   -1        -1    3    2        0.00000398  -0.00000000
         1   -4   -1         1   -4   -1        0.99997890   0.00000000
         1   -3   -4         1   -4   -1       -0.00000154   0.00000000
         1   -3   -4         1   -3   -4        0.99998223  -0.00000000
         1    1   -4         1   -3   -4       -0.00000201   0.00000000
         1    1   -4         1    1   -4        0.99997935  -0.00000000
         1    1    4         1    1   -4        0.00001051  -0.00000000
         1    1    4         1    1    4        0.99997890   0.00000000
         1    4   -1         1    1    4        0.00000087   0.00000000
         1    4   -1         1    4   -1        0.99997935   0.00000000
         1    4    3         1    4   -1       -0.00000201   0.00000000
         1    4    3         1    4    3        0.99998223  -0.00000000
         3   -2    1         1    4    3       -0.00000036  -0.00000000
         3   -2    1         3   -2    1        0.99998088  -0.00000000
         3    1    4         3   -2    1       -0.00000013   0.00000000
         3    1    4         3    1    4        0.99998088  -0.00000000
         5    2    1         3    1    4        0.00000374   0.00000000
         5    2    1         5    2    1        0.99997977   0.00000000
         5    3    2         5    2    1       -0.00000067  -0.00000000
         5    3    2         5    3    2        0.99997977   0.00000000
        -4   -5   -4         5    3    2        0.00000596  -0.00000000
        -4   -5   -4        -4   -5   -4        0.99998142  -0.00000000
        -4   -1    0        -4   -5   -4        0.00000367  -0.00000000
        -4   -1    0        -4   -1    0        0.99998142   0.00000000
        -2    0   -5        -4   -1    0        0.00000145   0.00000000
        -2    0   -5        -2    0   -5        0.99998360   0.00000000
        -2    2   -3        -2    0   -5        0.00000581  -0.00000000
        -2    2   -3        -2    2   -3        0.99998360   0.00000000
         2    2   -3        -2    2   -3       -0.00000259   0.00000000
         2    2   -3         2    2   -3        0.99998360  -0.00000000
         2    4   -1         2    2   -3        0.00000581   0.00000000
         2    4   -1         2    4   -1        0.99998360   0.00000000
         4   -1    0         2    4   -1        0.00000145  -0.00000000
         4   -1    0         4   -1    0        0.99998142   0.00000000
         4    3    4         4   -1    0        0.00000367   0.00000000
         4    3    4         4    3    4        0.99998142  -0.00000000
        -4   -5   -3         4    3    4        0.00000233  -0.00000000
        -4   -5   -3        -4   -5   -3        0.99998546   0.00000000
        -4   -2    0        -4   -5   -3        0.00000034  -0.00000000
        -4   -2    0        -4   -2    0        0.99998546  -0.00000000
         0   -3   -5        -4   -2    0       -0.00000017   0.00000000
         0   -3   -5         0   -3   -5        0.99998565   0.00000000
         0    4    2         0   -3   -5       -0.00000127  -0.00000000
         0    4    2         0    4    2        0.99998565   0.00000000
         4   -1    1         0    4    2       -0.00000017  -0.00000000
         4   -1    1         4   -1    1        0.99998546  -0.00000000
         4    2    4         4   -1    1        0.00000034   0.00000000
         4    2    4         4    2    4        0.99998546  -0.00000000
        -5   -4   -4         4    2    4        0.00000309   0.00000000
        -5   -4   -4        -5   -4   -4        0.99998565   0.00000000
        -5   -2   -4        -5   -4   -4       -0.00000143  -0.00000000
        -5   -2   -4        -5   -2   -4        0.99998658  -0.00000000
        -5   -2   -2        -5   -2   -4       -0.00000143   0.00000000
        -5   -2   -2        -5   -2   -2        0.99998565  -0.00000000
        -2   -5   -1        -5   -2   -2        0.00000147  -0.00000000
        -2   -5   -1        -2   -5   -1        0.99999024  -0.00000000
        -2   -2   -6        -2   -5   -1        0.00000023  -0.00000000
        -2   -2   -6        -2   -2   -6        0.99999022   0.00000000
        -2   -2    2        -2   -2   -6        0.00000156  -0.00000000
        -2   -2    2        -2   -2    2        0.99999024   0.00000000
        -2    2    2        -2   -2    2       -0.00000110   0.00000000
        -2    2    2        -2    2    2        0.99999080  -0.00000000
        -2    3   -1        -2    2    2       -0.00000096   0.00000000
        -2    3   -1        -2    3   -1        0.99999022  -0.00000000
         2   -3   -3        -2    3   -1       -0.00000219  -0.00000000
         2   -3   -3         2   -3   -3        0.99999080  -0.00000000
         2   -3    1         2   -3   -3       -0.00000110  -0.00000000
         2   -3    1         2   -3    1        0.99999024  -0.00000000
         2    0   -4         2   -3    1        0.00000023  -0.00000000
         2    0   -4         2    0   -4        0.99999022   0.00000000
         2    0    4         2    0   -4        0.00000156   0.00000000
         2    0    4         2    0    4        0.99999024  -0.00000000
         2    4    4         2    0    4       -0.00000110   0.00000000
         2    4    4         2    4    4        0.99999080   0.00000000
         2    5    1         2    4    4       -0.00000096   0.00000000
         2    5    1         2    5    1        0.99999022   0.00000000
         4   -1   -1         2    5    1       -0.00000044  -0.00000000
         4   -1   -1         4   -1   -1        0.99999040  -0.00000000
         4    3   -1         4   -1   -1       -0.00000094  -0.00000000
         4    3   -1         4    3   -1        0.99999119   0.00000000
         4    4    0         4    3   -1        0.00000007  -0.00000000
         4    4    0         4    4    0        0.99999119  -0.00000000
         4    4    4         4    4    0       -0.00000094   0.00000000
         4    4    4         4    4    4        0.99999040   0.00000000
        -5   -3   -5         4    4    4        0.00000400   0.00000000
        -5   -3   -5        -5   -3   -5        0.99999135  -0.00000000
        -5   -1   -3        -5   -3   -5        0.00000304   0.00000000
        -5   -1   -3        -5   -1   -3        0.99999135  -0.00000000
        -3   -4   -6        -5   -1   -3       -0.00000155  -0.00000000
        -3   -4   -6        -3   -4   -6        0.99999129  -0.00000000
        -3   -4    0        -3   -4   -6        0.00000010  -0.00000000
        -3   -4    0        -3   -4    0        0.99999190  -0.00000000
        -3   -2   -6        -3   -4    0        0.00000118  -0.00000000
        -3   -2   -6        -3   -2   -6        0.99999158  -0.00000000
        -3    2   -2        -3   -2   -6        0.00000193  -0.00000000
        -3    2   -2        -3    2   -2        0.99999158   0.00000000
        -3    2    0        -3    2   -2       -0.00000094   0.00000000
        -3    2    0        -3    2    0        0.99999129   0.00000000
        -1   -5   -1        -3    2    0        0.00000027  -0.00000000
        -1   -5   -1        -1   -5   -1        0.99999135   0.00000000
        -1   -1    3        -1   -5   -1        0.00000183  -0.00000000
        -1   -1    3        -1   -1    3        0.99999135   0.00000000
         1   -4    0        -1   -1    3       -0.00000164  -0.00000000
         1   -4    0         1   -4    0        0.99999135  -0.00000000
         1    0    4         1   -4    0        0.00000183   0.00000000
         1    0    4         1    0    4        0.99999135   0.00000000
         3   -1   -3         1    0    4        0.00000027   0.00000000
         3   -1   -3         3   -1   -3        0.99999129  -0.00000000
         3   -1    3         3   -1   -3        0.00000010  -0.00000000
         3   -1    3         3   -1    3        0.99999190  -0.00000000
         3    1   -3         3   -1    3        0.00000118  -0.00000000
         3    1   -3         3    1   -3        0.99999158  -0.00000000
         3    5    1         3    1   -3        0.00000193   0.00000000
         3    5    1         3    5    1        0.99999158  -0.00000000
         3    5    3         3    5    1       -0.00000094  -0.00000000
         3    5    3         3    5    3        0.99999129   0.00000000
         5    2    0         3    5    3       -0.00000155  -0.00000000
         5    2    0         5    2    0        0.99999135  -0.00000000
        -5   -4   -2         5    2    0       -0.00000023   0.00000000
        -5   -4   -2        -5   -4   -2        0.99999447  -0.00000000
        -3   -5   -1        -5   -4   -2       -0.00000007   0.00000000
        -3   -5   -1        -3   -5   -1        0.99999459   0.00000000
        -3   -3    1        -3   -5   -1        0.00000237   0.00000000
        -3   -3    1        -3   -3    1        0.99999459  -0.00000000
        -1   -2   -6        -3   -3    1        0.00000018  -0.00000000
        -1   -2   -6        -1   -2   -6        0.99999448  -0.00000000
        -1    2   -4        -1   -2   -6       -0.00000023  -0.00000000
        -1    2   -4        -1    2   -4        0.99999453  -0.00000000
        -1    4    0        -1    2   -4       -0.00000023   0.00000000
        -1    4    0        -1    4    0        0.99999448  -0.00000000
         1   -1   -5        -1    4    0       -0.00000079  -0.00000000
         1   -1   -5         1   -1   -5        0.99999448  -0.00000000
         1    3   -3         1   -1   -5       -0.00000023  -0.00000000
         1    3   -3         1    3   -3        0.99999453  -0.00000000
         1    5    1         1    3   -3       -0.00000023   0.00000000
         1    5    1         1    5    1        0.99999448  -0.00000000
         3   -2    2         1    5    1        0.00000018   0.00000000
         3   -2    2         3   -2    2        0.99999459  -0.00000000
         3    0    4         3   -2    2        0.00000237  -0.00000000
         3    0    4         3    0    4        0.99999459  -0.00000000
         5    1    3         3    0    4       -0.00000007  -0.00000000
         5    1    3         5    1    3        0.99999447  -0.00000000
        -5   -5   -4         5    1    3        0.00000009   0.00000000
        -5   -5   -4        -5   -5   -4        0.99999491   0.00000000
        -5   -2   -5        -5   -5   -4       -0.00000078  -0.00000000
        -5   -2   -5        -5   -2   -5        0.99999513  -0.00000000
        -5   -2   -1        -5   -2   -5       -0.00000041  -0.00000000
        -5   -2   -1        -5   -2   -1        0.99999491  -0.00000000
        -5   -1   -4        -5   -2   -1       -0.00000078   0.00000000
        -5   -1   -4        -5   -1   -4        0.99999513   0.00000000
        -1   -4    1        -5   -1   -4        0.00000006  -0.00000000
        -1   -4    1        -1   -4    1        0.99999493  -0.00000000
        -1   -3   -6        -1   -4    1       -0.00000048  -0.00000000
        -1   -3   -6        -1   -3   -6        0.99999512  -0.00000000
        -1   -3    2        -1   -3   -6        0.00000001  -0.00000000
        -1   -3    2        -1   -3    2        0.99999493   0.00000000
        -1    4    1        -1   -3    2       -0.00000048  -0.00000000
        -1    4    1        -1    4    1        0.99999512   0.00000000
         1   -3    2        -1    4    1       -0.00000014   0.00000000
         1   -3    2         1   -3    2        0.99999493  -0.00000000
         1   -2   -5         1   -3    2       -0.00000048  -0.00000000
         1   -2   -5         1   -2   -5        0.99999512   0.00000000
         1   -2    3         1   -2   -5        0.00000001  -0.00000000
         1   -2    3         1   -2    3        0.99999493  -0.00000000
         1    5    2         1   -2    3       -0.00000048  -0.00000000
         1    5    2         1    5    2        0.99999512  -0.00000000
         5    0    1         1    5    2       -0.00000007  -0.00000000
         5    0    1         5    0    1        0.99999491   0.00000000
         5    3    0         5    0    1       -0.00000078  -0.00000000
         5    3    0         5    3    0        0.99999513   0.00000000
         5    3    4         5    3    0       -0.00000041   0.00000000
         5    3    4         5    3    4        0.99999491   0.00000000
         5    4    1         5    3    4       -0.00000078  -0.00000000
         5    4    1         5    4    1        0.99999513  -0.00000000
        -2   -1   -6         5    4    1       -0.00000017   0.00000000
        -2   -1   -6        -2   -1   -6        0.99999550   0.00000000
        -2    3   -2        -2   -1   -6        0.00000091  -0.00000000
        -2    3   -2        -2    3   -2        0.99999550  -0.00000000
         0   -4   -5        -2    3   -2       -0.00000059  -0.00000000
         0   -4   -5         0   -4   -5        0.99999580  -0.00000000
         0   -4    1         0   -4   -5        0.00000017  -0.00000000
         0   -4    1         0   -4    1        0.99999540   0.00000000


     q= 0.0000 0.5000 0.5000  nmtx=     588  nrk= 13

           independent matrix elements of chi       spin index= 1 1

          g          g**2          gp          gp**2          chi(g,gp)
    0   -1   -1   0.37494         0   -1   -1   0.37494       -0.0330231492  -0.0000000000
    0    0    0   0.37494         0   -1   -1   0.37494       -0.0000000000   0.0000000000
    0    0    0   0.37494         0    0    0   0.37494       -0.0330231492  -0.0000000000
    0    0    0   0.37494        -1   -1   -1   0.74988        0.0033471345   0.0000000000
    0    0    0   0.37494         0   -1    0   0.74988       -0.0033471345   0.0000000000
    0    0    0   0.37494         0    0   -1   0.74988       -0.0033471345   0.0000000000
    0    0    0   0.37494         1    0    0   0.74988       -0.0033471345  -0.0000000000
    0    0    0   0.37494        -1   -2   -1   1.87470       -0.0000026976   0.0000000000
    0    0    0   0.37494        -1   -1   -2   1.87470       -0.0000026976  -0.0000000000
    0    0    0   0.37494        -1   -1    0   1.87470       -0.0000000000   0.0000000000
    0    0    0   0.37494        -1    0   -1   1.87470        0.0000000000   0.0000000000
    0    0    0   0.37494         1   -1    0   1.87470        0.0000026976   0.0000000000
    0    0    0   0.37494         1    0   -1   1.87470        0.0000026976  -0.0000000000
    0    0    0   0.37494         1    0    1   1.87470       -0.0000000000   0.0000000000
    0    0    0   0.37494         1    1    0   1.87470       -0.0000000000  -0.0000000000
    0    0    0   0.37494        -1   -2   -2   2.24964        0.0019488451  -0.0000000000
    0    0    0   0.37494        -1    0    0   2.24964       -0.0078513825  -0.0000000000
    0    0    0   0.37494         0   -2   -1   2.24964        0.0019488451  -0.0000000000
    0    0    0   0.37494         0   -1   -2   2.24964        0.0019488451  -0.0000000000
    0    0    0   0.37494         0    0    1   2.24964       -0.0078513825  -0.0000000000
    0    0    0   0.37494         0    1    0   2.24964       -0.0078513825   0.0000000000
    0    0    0   0.37494         1   -1   -1   2.24964       -0.0019488451   0.0000000000
    0    0    0   0.37494         1    1    1   2.24964        0.0078513825   0.0000000000
    0    0    0   0.37494        -2   -2   -2   3.37446        0.0021774996  -0.0000000000
    0    0    0   0.37494        -2   -1   -1   3.37446       -0.0008128483  -0.0000000000
    0    0    0   0.37494         0   -2   -2   3.37446        0.0009660038  -0.0000000000
    0    0    0   0.37494         0   -2    0   3.37446        0.0021774996  -0.0000000000
    0    0    0   0.37494         0   -1    1   3.37446        0.0008128483   0.0000000000
    0    0    0   0.37494         0    0   -2   3.37446        0.0021774996  -0.0000000000
    0    0    0   0.37494         0    1   -1   3.37446        0.0008128483   0.0000000000
    0    0    0   0.37494         0    1    1   3.37446        0.0000000000   0.0000000000
    0    0    0   0.37494         2    0    0   3.37446        0.0021774996  -0.0000000000
    0    0    0   0.37494         2    1    1   3.37446       -0.0008128483  -0.0000000000
    0    0    0   0.37494        -2   -3   -3   6.37399        0.0007811987  -0.0000000000
    0    0    0   0.37494        -2   -3   -1   6.37399       -0.0000000000  -0.0000000000
    0    0    0   0.37494        -2   -2    0   6.37399       -0.0016265225   0.0000000000
    0    0    0   0.37494        -2   -1   -3   6.37399       -0.0000000000   0.0000000000
    0    0    0   0.37494        -2    0   -2   6.37399       -0.0016265225  -0.0000000000
    0    0    0   0.37494        -2    0    0   6.37399       -0.0019638764  -0.0000000000
    0    0    0   0.37494         0   -3   -1   6.37399       -0.0007811987   0.0000000000
    0    0    0   0.37494         0   -1   -3   6.37399       -0.0007811987   0.0000000000
    0    0    0   0.37494         0    0    2   6.37399       -0.0019638764  -0.0000000000
    0    0    0   0.37494         0    2    0   6.37399       -0.0019638764  -0.0000000000
    0    0    0   0.37494         2   -1   -1   6.37399        0.0007811987   0.0000000000
    0    0    0   0.37494         2   -1    1   6.37399       -0.0000000000   0.0000000000
    0    0    0   0.37494         2    0    2   6.37399       -0.0016265225  -0.0000000000
    0    0    0   0.37494         2    1   -1   6.37399        0.0000000000   0.0000000000
    0    0    0   0.37494         2    2    0   6.37399       -0.0016265225   0.0000000000
    0    0    0   0.37494         2    2    2   6.37399       -0.0019638764   0.0000000000
    0    0    0   0.37494        -3   -2   -2   6.74893        0.0012499097  -0.0000000000
    0    0    0   0.37494        -1   -3   -3   6.74893        0.0003278830   0.0000000000
    0    0    0   0.37494        -1    1    1   6.74893        0.0010330292   0.0000000000
    0    0    0   0.37494         0   -3   -2   6.74893       -0.0003278830  -0.0000000000
    0    0    0   0.37494         0   -2   -3   6.74893       -0.0003278830  -0.0000000000
    0    0    0   0.37494         0   -2    1   6.74893        0.0012499097   0.0000000000
    0    0    0   0.37494         0    1   -2   6.74893        0.0012499097  -0.0000000000
    0    0    0   0.37494         0    1    2   6.74893       -0.0010330292  -0.0000000000
    0    0    0   0.37494         0    2    1   6.74893       -0.0010330292   0.0000000000
    0    0    0   0.37494         1   -2   -2   6.74893       -0.0003278830  -0.0000000000
    0    0    0   0.37494         1    2    2   6.74893       -0.0010330292  -0.0000000000
    0    0    0   0.37494         3    1    1   6.74893       -0.0012499097   0.0000000000
    0    0    0   0.37494        -3   -3   -2   7.87375        0.0009027352  -0.0000000000
    0    0    0   0.37494        -3   -2   -3   7.87375        0.0009027352  -0.0000000000
    0    0    0   0.37494        -3   -2   -1   7.87375        0.0004178801  -0.0000000000
    0    0    0   0.37494        -3   -1   -2   7.87375        0.0004178801   0.0000000000
    0    0    0   0.37494        -2   -4   -3   9.74845        0.0001783593   0.0000000000
    0    0    0   0.37494        -2   -3   -4   9.74845        0.0001783593  -0.0000000000
    0    0    0   0.37494        -2   -3    0   9.74845       -0.0004875204   0.0000000000
    0    0    0   0.37494        -2    0   -3   9.74845       -0.0004875204  -0.0000000000
    0    0    0   0.37494        -2    0    1   9.74845        0.0000650509   0.0000000000
    0    0    0   0.37494        -2    1    0   9.74845        0.0000650509  -0.0000000000
    0    0    0   0.37494        -1   -4   -2   9.74845        0.0001783593   0.0000000000
    0    0    0   0.37494        -1   -2   -4   9.74845        0.0001783593   0.0000000000
    0    0    0   0.37494        -1    0    2   9.74845        0.0000650509   0.0000000000
    0    0    0   0.37494        -1    2    0   9.74845        0.0000650509  -0.0000000000
    0    0    0   0.37494         1   -3   -1   9.74845       -0.0001783593   0.0000000000
    0    0    0   0.37494         1   -1   -3   9.74845       -0.0001783593  -0.0000000000
    0    0    0   0.37494         1    1    3   9.74845       -0.0000650509   0.0000000000
    0    0    0   0.37494         1    3    1   9.74845       -0.0000650509   0.0000000000
    0    0    0   0.37494         2   -2   -1   9.74845        0.0001783593  -0.0000000000
    0    0    0   0.37494         2   -1   -2   9.74845        0.0001783593  -0.0000000000
    0    0    0   0.37494         2   -1    2   9.74845       -0.0004875204  -0.0000000000
    0    0    0   0.37494         2    2   -1   9.74845       -0.0004875204   0.0000000000
    0    0    0   0.37494         2    2    3   9.74845        0.0000650509   0.0000000000
    0    0    0   0.37494         2    3    2   9.74845        0.0000650509  -0.0000000000
    0    0    0   0.37494         3    0    2   9.74845       -0.0004875204  -0.0000000000
    0    0    0   0.37494         3    2    0   9.74845       -0.0004875204  -0.0000000000
    0    0    0   0.37494        -3   -4   -3  10.87327       -0.0001193572   0.0000000000
    0    0    0   0.37494        -3   -3   -4  10.87327       -0.0001193572   0.0000000000
    0    0    0   0.37494        -3   -1    0  10.87327       -0.0004789666  -0.0000000000
    0    0    0   0.37494        -3    0   -1  10.87327       -0.0004789666   0.0000000000
    0    0    0   0.37494        -1   -4   -3  10.87327        0.0001449198   0.0000000000
    0    0    0   0.37494        -1   -4   -1  10.87327       -0.0001193572   0.0000000000
    0    0    0   0.37494        -1   -3   -4  10.87327        0.0001449198   0.0000000000
    0    0    0   0.37494        -1   -1   -4  10.87327       -0.0001193572   0.0000000000
    0    0    0   0.37494        -1   -1    2  10.87327        0.0004789666   0.0000000000
    0    0    0   0.37494        -1    1    2  10.87327        0.0000000000   0.0000000000
    0    0    0   0.37494        -2   -4   -4  12.37304       -0.0000590642  -0.0000000000
    0    0    0   0.37494        -2    1    1  12.37304        0.0003444862   0.0000000000
    0    0    0   0.37494         0   -4   -2  12.37304       -0.0000590642   0.0000000000
    0    0    0   0.37494         0   -3    1  12.37304       -0.0000062868  -0.0000000000
    0    0    0   0.37494         0   -2   -4  12.37304       -0.0000590642  -0.0000000000
    0    0    0   0.37494         0   -2    2  12.37304        0.0002540592   0.0000000000
    0    0    0   0.37494         0    1   -3  12.37304       -0.0000062868  -0.0000000000
    0    0    0   0.37494         0    1    3  12.37304       -0.0003444862   0.0000000000
    0    0    0   0.37494         0    2   -2  12.37304        0.0002540592   0.0000000000
    0    0    0   0.37494         0    3    1  12.37304       -0.0003444862   0.0000000000
    0    0    0   0.37494         2   -2   -2  12.37304       -0.0000590642  -0.0000000000
    0    0    0   0.37494         2    3    3  12.37304        0.0003444862   0.0000000000
    0    0    0   0.37494         4    1    1  12.37304        0.0000062868   0.0000000000
    0    0    0   0.37494         4    2    2  12.37304        0.0002540592   0.0000000000
    0    0    0   0.37494        -4   -3   -2  12.74798        0.0001734971   0.0000000000
    0    0    0   0.37494        -4   -2   -3  12.74798        0.0001734971  -0.0000000000
    0    0    0   0.37494        -3   -4   -4  12.74798       -0.0001587030   0.0000000000
    0    0    0   0.37494        -3    0    0  12.74798       -0.0004682755  -0.0000000000
    0    0    0   0.37494        -1   -3    1  12.74798       -0.0001734971  -0.0000000000
    0    0    0   0.37494        -1    1   -3  12.74798       -0.0001734971  -0.0000000000
    0    0    0   0.37494         0   -4   -1  12.74798       -0.0001587030   0.0000000000
    0    0    0   0.37494         0   -1   -4  12.74798       -0.0001587030  -0.0000000000
    0    0    0   0.37494         0    0    3  12.74798       -0.0004682755  -0.0000000000
    0    0    0   0.37494         0    3    0  12.74798       -0.0004682755   0.0000000000
    0    0    0   0.37494         1   -2    2  12.74798        0.0001734971   0.0000000000
    0    0    0   0.37494         1    2   -2  12.74798        0.0001734971   0.0000000000
    0    0    0   0.37494         3   -1   -1  12.74798        0.0001587030   0.0000000000
    0    0    0   0.37494         3    3    3  12.74798        0.0004682755   0.0000000000
    0    0    0   0.37494         4    1    2  12.74798        0.0001734971  -0.0000000000
    0    0    0   0.37494         4    2    1  12.74798        0.0001734971   0.0000000000
    0    0    0   0.37494        -3   -4   -1  13.87280        0.0001551427  -0.0000000000
    0    0    0   0.37494        -3   -3    0  13.87280        0.0000000000  -0.0000000000
    0    0    0   0.37494        -4   -3   -1  15.37256        0.0001095906  -0.0000000000
    0    0    0   0.37494        -4   -2   -4  15.37256        0.0000396825   0.0000000000
    0    0    0   0.37494        -4   -1   -3  15.37256        0.0001095906  -0.0000000000
    0    0    0   0.37494        -4   -1   -1  15.37256        0.0001148299   0.0000000000
    0    0    0   0.37494        -2   -5   -3  15.37256        0.0000000000   0.0000000000
    0    0    0   0.37494        -2   -4    0  15.37256        0.0000396825   0.0000000000
    0    0    0   0.37494        -2   -3   -5  15.37256        0.0000000000  -0.0000000000
    0    0    0   0.37494        -2   -3    1  15.37256       -0.0001095906   0.0000000000
    0    0    0   0.37494        -2    0   -4  15.37256        0.0000396825   0.0000000000
    0    0    0   0.37494        -2    0    2  15.37256        0.0001416558   0.0000000000
    0    0    0   0.37494        -2    1   -3  15.37256       -0.0001095906  -0.0000000000
    0    0    0   0.37494        -2    2    0  15.37256        0.0001416558  -0.0000000000
    0    0    0   0.37494         0   -4    0  15.37256       -0.0000445661   0.0000000000
    0    0    0   0.37494         0   -1    3  15.37256       -0.0001148299  -0.0000000000
    0    0    0   0.37494         0    0   -4  15.37256       -0.0000445661   0.0000000000
    0    0    0   0.37494         0    3   -1  15.37256       -0.0001148299   0.0000000000
    0    0    0   0.37494         2   -3   -1  15.37256        0.0000000000  -0.0000000000
    0    0    0   0.37494         2   -2    2  15.37256        0.0000396825   0.0000000000
    0    0    0   0.37494         2   -1   -3  15.37256        0.0000000000   0.0000000000
    0    0    0   0.37494         2   -1    3  15.37256       -0.0001095906   0.0000000000
    0    0    0   0.37494         2    2   -2  15.37256        0.0000396825  -0.0000000000
    0    0    0   0.37494         2    2    4  15.37256        0.0001416558   0.0000000000
    0    0    0   0.37494         2    3   -1  15.37256       -0.0001095906  -0.0000000000
    0    0    0   0.37494         2    4    2  15.37256        0.0001416558  -0.0000000000
    0    0    0   0.37494         4    0    0  15.37256       -0.0000445661   0.0000000000
    0    0    0   0.37494         4    0    2  15.37256        0.0000396825   0.0000000000
    0    0    0   0.37494         4    1    3  15.37256        0.0001095906  -0.0000000000
    0    0    0   0.37494         4    2    0  15.37256        0.0000396825   0.0000000000
    0    0    0   0.37494         4    3    1  15.37256        0.0001095906   0.0000000000
    0    0    0   0.37494         4    3    3  15.37256        0.0001148299  -0.0000000000
    0    0    0   0.37494        -3   -5   -3  15.74750       -0.0000383956   0.0000000000
    0    0    0   0.37494        -3   -3   -5  15.74750       -0.0000383956   0.0000000000
    0    0    0   0.37494         3   -1   -2  16.87232       -0.0000019080  -0.0000000000
    0    0    0   0.37494         3    1   -2  16.87232        0.0000000000  -0.0000000000
    0    0    0   0.37494         3    1    4  16.87232        0.0000954956  -0.0000000000
    0    0    0   0.37494         3    3    4  16.87232        0.0001270243   0.0000000000
    0    0    0   0.37494         3    4    1  16.87232        0.0000954956  -0.0000000000
    0    0    0   0.37494         3    4    3  16.87232        0.0001270243   0.0000000000
    0    0    0   0.37494        -2   -5   -4  17.24726        0.0000104975  -0.0000000000
    0    0    0   0.37494        -2   -4   -5  17.24726        0.0000104975  -0.0000000000
    0    0    0   0.37494        -2    1    2  17.24726        0.0001258450  -0.0000000000
    0    0    0   0.37494        -2    2    1  17.24726        0.0001258450   0.0000000000
    0    0    0   0.37494        -1   -5   -3  17.24726       -0.0000104975   0.0000000000
    0    0    0   0.37494        -1   -3   -5  17.24726       -0.0000104975   0.0000000000
    0    0    0   0.37494        -1    1    3  17.24726       -0.0001258450   0.0000000000
    0    0    0   0.37494        -1    3    1  17.24726       -0.0001258450  -0.0000000000
    0    0    0   0.37494         1   -4   -2  17.24726        0.0000104975   0.0000000000
    0    0    0   0.37494         1   -2   -4  17.24726        0.0000104975  -0.0000000000
    0    0    0   0.37494         1    2    4  17.24726        0.0001258450   0.0000000000
    0    0    0   0.37494         1    4    2  17.24726        0.0001258450   0.0000000000
    0    0    0   0.37494         2   -3   -2  17.24726        0.0000104975  -0.0000000000
    0    0    0   0.37494         2   -2   -3  17.24726        0.0000104975  -0.0000000000
    0    0    0   0.37494         2    3    4  17.24726        0.0001258450   0.0000000000
    0    0    0   0.37494         2    4    3  17.24726        0.0001258450   0.0000000000
    0    0    0   0.37494        -4   -5   -3  18.37208        0.0000108026   0.0000000000
    0    0    0   0.37494        -4   -3   -5  18.37208        0.0000108026  -0.0000000000
    0    0    0   0.37494        -4   -2    0  18.37208        0.0000174905  -0.0000000000
    0    0    0   0.37494        -4    0   -2  18.37208        0.0000174905   0.0000000000
    0    0    0   0.37494        -2   -5   -1  18.37208       -0.0000108026   0.0000000000
    0    0    0   0.37494        -2   -2    2  18.37208        0.0000174905   0.0000000000
    0    0    0   0.37494        -2   -1   -5  18.37208       -0.0000108026   0.0000000000
    0    0    0   0.37494        -2    2   -2  18.37208        0.0000174905   0.0000000000
    0    0    0   0.37494         0   -4   -4  18.37208       -0.0000588388   0.0000000000
    0    0    0   0.37494         0    3    3  18.37208        0.0000000000  -0.0000000000
    0    0    0   0.37494         4    3    0  18.74702        0.0000179708  -0.0000000000
    0    0    0   0.37494         4    3    4  18.74702        0.0000203179  -0.0000000000
    0    0    0   0.37494         4    4    3  18.74702        0.0000203179  -0.0000000000
    0    0    0   0.37494         5    2    2  18.74702       -0.0000489422   0.0000000000
    0    0    0   0.37494        -5   -4   -3  19.87185        0.0000234691   0.0000000000
    0    0    0   0.37494        -5   -3   -4  19.87185        0.0000234691  -0.0000000000
    0    0    0   0.37494        -5   -3   -2  19.87185        0.0000414958  -0.0000000000
    0    0    0   0.37494        -5   -2   -3  19.87185        0.0000414958  -0.0000000000
    0    0    0   0.37494        -1   -5   -4  19.87185        0.0000000000   0.0000000000
    0    0    0   0.37494        -1   -4   -5  19.87185        0.0000000000   0.0000000000
    0    0    0   0.37494        -1   -4    1  19.87185        0.0000234691  -0.0000000000
    0    0    0   0.37494        -1   -3    2  19.87185       -0.0000414958  -0.0000000000
    0    0    0   0.37494        -1    1   -4  19.87185        0.0000234691  -0.0000000000
    0    0    0   0.37494        -1    2   -3  19.87185       -0.0000414958  -0.0000000000
    0    0    0   0.37494        -1    2    3  19.87185       -0.0000971070  -0.0000000000
    0    0    0   0.37494        -1    3    2  19.87185       -0.0000971070  -0.0000000000
    0    0    0   0.37494         1   -4   -3  19.87185        0.0000000000  -0.0000000000
    0    0    0   0.37494         1   -3   -4  19.87185        0.0000000000  -0.0000000000
    0    0    0   0.37494         1   -3    2  19.87185       -0.0000234691   0.0000000000
    0    0    0   0.37494         1   -2    3  19.87185        0.0000414958   0.0000000000
    0    0    0   0.37494         1    2   -3  19.87185       -0.0000234691   0.0000000000
    0    0    0   0.37494         1    3   -2  19.87185        0.0000414958  -0.0000000000
    0    0    0   0.37494         1    3    4  19.87185        0.0000971070   0.0000000000
    0    0    0   0.37494         1    4    3  19.87185        0.0000971070   0.0000000000
    0    0    0   0.37494         5    1    2  19.87185       -0.0000234691   0.0000000000
    0    0    0   0.37494         5    2    1  19.87185       -0.0000234691   0.0000000000
    0    0    0   0.37494         5    2    3  19.87185       -0.0000414958  -0.0000000000
    0    0    0   0.37494         5    3    2  19.87185       -0.0000414958   0.0000000000
    0    0    0   0.37494        -5   -4   -4  20.24679       -0.0000113234  -0.0000000000
    0    0    0   0.37494        -5   -2   -2  20.24679        0.0000059000   0.0000000000
    0    0    0   0.37494        -4   -5   -2  20.24679        0.0000287007   0.0000000000
    0    0    0   0.37494        -4   -3    0  20.24679        0.0000047710  -0.0000000000
    0    0    0   0.37494         0   -5   -3  21.37161       -0.0000562061  -0.0000000000
    0    0    0   0.37494         0   -5   -1  21.37161       -0.0000078378   0.0000000000
    0    0    0   0.37494         0   -3   -5  21.37161       -0.0000562061  -0.0000000000
    0    0    0   0.37494         0   -1   -5  21.37161       -0.0000078378   0.0000000000
    0    0    0   0.37494         0    0    4  21.37161       -0.0000213521  -0.0000000000
    0    0    0   0.37494         0    2    4  21.37161        0.0000399524  -0.0000000000
    0    0    0   0.37494         0    4    0  21.37161       -0.0000213521  -0.0000000000
    0    0    0   0.37494         0    4    2  21.37161        0.0000399524   0.0000000000
    0    0    0   0.37494         2   -3   -3  21.37161        0.0000562061  -0.0000000000
    0    0    0   0.37494         2    4    4  21.37161        0.0000399524   0.0000000000
    0    0    0   0.37494         4   -1   -1  21.37161        0.0000078378   0.0000000000
    0    0    0   0.37494         4    4    4  21.37161       -0.0000213521  -0.0000000000
    0    0    0   0.37494        -5   -4   -2  21.74655        0.0000462013   0.0000000000
    0    0    0   0.37494        -5   -2   -4  21.74655        0.0000462013   0.0000000000
    0    0    0   0.37494        -2   -4    1  21.74655        0.0000462013  -0.0000000000
    0    0    0   0.37494        -2    1   -4  21.74655        0.0000462013   0.0000000000
    0    0    0   0.37494         2   -2    3  21.74655        0.0000462013   0.0000000000
    0    0    0   0.37494         2    3   -2  21.74655        0.0000462013  -0.0000000000
    0    0    0   0.37494         5    1    3  21.74655       -0.0000462013  -0.0000000000
    0    0    0   0.37494         5    3    1  21.74655       -0.0000462013   0.0000000000
    0    0    0   0.37494        -5   -5   -4  22.87137       -0.0000263857  -0.0000000000
    0    0    0   0.37494        -5   -4   -5  22.87137       -0.0000263857  -0.0000000000
    0    0    0   0.37494        -5   -2   -1  22.87137       -0.0000119925   0.0000000000
    0    0    0   0.37494        -5   -1   -2  22.87137       -0.0000119925  -0.0000000000
    0    0    0   0.37494        -3   -6   -3  22.87137        0.0000425767  -0.0000000000
    0    0    0   0.37494        -3   -3   -6  22.87137        0.0000425767   0.0000000000
    0    0    0   0.37494        -3   -1    2  22.87137       -0.0000000000   0.0000000000
    0    0    0   0.37494        -3    2   -1  22.87137        0.0000000000  -0.0000000000
    0    0    0   0.37494        -1   -5    0  22.87137        0.0000263857   0.0000000000
    0    0    0   0.37494        -1   -2    3  22.87137       -0.0000119925   0.0000000000
    0    0    0   0.37494        -1    0   -5  22.87137        0.0000263857   0.0000000000
    0    0    0   0.37494        -1    3   -2  22.87137       -0.0000119925  -0.0000000000
    0    0    0   0.37494         2    2   -3  23.24631       -0.0000069641   0.0000000000
    0    0    0   0.37494         2    2    5  23.24631       -0.0000013151   0.0000000000
    0    0    0   0.37494         2    4   -1  23.24631        0.0000008283   0.0000000000
    0    0    0   0.37494         2    5    2  23.24631       -0.0000013151  -0.0000000000
    0    0    0   0.37494         3   -3   -1  23.24631       -0.0000364353  -0.0000000000
    0    0    0   0.37494         3   -1   -3  23.24631       -0.0000364353   0.0000000000
    0    0    0   0.37494         3    3    5  23.24631        0.0000013151   0.0000000000
    0    0    0   0.37494         3    5    3  23.24631        0.0000013151  -0.0000000000
    0    0    0   0.37494         5    0    2  23.24631       -0.0000069641   0.0000000000
    0    0    0   0.37494         5    2    0  23.24631       -0.0000069641  -0.0000000000
    0    0    0   0.37494         5    2    4  23.24631        0.0000008283   0.0000000000
    0    0    0   0.37494         5    4    2  23.24631        0.0000008283   0.0000000000
    0    0    0   0.37494        -4   -6   -4  24.37113        0.0000023925  -0.0000000000
    0    0    0   0.37494        -4   -5   -1  24.37113        0.0000000000   0.0000000000
    0    0    0   0.37494        -4   -4   -6  24.37113        0.0000023925   0.0000000000
    0    0    0   0.37494        -4   -4    0  24.37113       -0.0000196691  -0.0000000000
    0    0    0   0.37494        -4   -1   -5  24.37113       -0.0000000000   0.0000000000
    0    0    0   0.37494        -4   -1    1  24.37113       -0.0000059127  -0.0000000000
    0    0    0   0.37494        -4    0   -4  24.37113       -0.0000196691  -0.0000000000
    0    0    0   0.37494        -4    1   -1  24.37113       -0.0000059127   0.0000000000
    0    0    0   0.37494        -2   -6   -4  24.37113        0.0000485047   0.0000000000
    0    0    0   0.37494        -2   -6   -2  24.37113        0.0000023925  -0.0000000000
    0    0    0   0.37494        -2   -4   -6  24.37113        0.0000485047   0.0000000000
    0    0    0   0.37494        -2   -2   -6  24.37113        0.0000023925  -0.0000000000
    0    0    0   0.37494        -2   -1    3  24.37113        0.0000059127   0.0000000000
    0    0    0   0.37494        -2    1    3  24.37113       -0.0000000000   0.0000000000
    0    0    0   0.37494        -2    3   -1  24.37113        0.0000059127  -0.0000000000
    0    0    0   0.37494        -2    3    1  24.37113        0.0000000000   0.0000000000
    0    0    0   0.37494         2   -4   -2  24.37113        0.0000485047   0.0000000000
    0    0    0   0.37494         2   -4    0  24.37113        0.0000023925  -0.0000000000
    0    0    0   0.37494         2   -2   -4  24.37113        0.0000485047   0.0000000000
    0    0    0   0.37494         2    0   -4  24.37113        0.0000023925  -0.0000000000
    0    0    0   0.37494         1   -4   -4  24.74607       -0.0000362661  -0.0000000000
    0    0    0   0.37494         1    4    4  24.74607        0.0000454695   0.0000000000
    0    0    0   0.37494         3   -3    1  24.74607       -0.0000284711   0.0000000000
    0    0    0   0.37494         3    1   -3  24.74607       -0.0000284711  -0.0000000000
    0    0    0   0.37494         3    1    5  24.74607       -0.0000042325  -0.0000000000
    0    0    0   0.37494         3    5    1  24.74607       -0.0000042325  -0.0000000000
    0    0    0   0.37494         4   -2    1  24.74607        0.0000284711  -0.0000000000
    0    0    0   0.37494         4    1   -2  24.74607        0.0000284711  -0.0000000000
    0    0    0   0.37494         4    2    5  24.74607        0.0000042325   0.0000000000
    0    0    0   0.37494         4    5    2  24.74607        0.0000042325   0.0000000000
    0    0    0   0.37494         5    0    0  24.74607        0.0000404313  -0.0000000000
    0    0    0   0.37494         5    4    4  24.74607       -0.0000092250   0.0000000000
   -1   -1   -1   0.74988        -1   -1   -1   0.74988       -0.0359505543  -0.0000000000
    0   -1    0   0.74988         0   -1    0   0.74988       -0.0359505543   0.0000000000
    0    0   -1   0.74988         0    0   -1   0.74988       -0.0359505543  -0.0000000000
    1    0    0   0.74988         1    0    0   0.74988       -0.0359505543  -0.0000000000
   -1   -2   -1   1.87470        -1   -2   -1   1.87470       -0.0321131719   0.0000000000
   -1   -1   -2   1.87470        -1   -1   -2   1.87470       -0.0321131719   0.0000000000
   -1   -1    0   1.87470        -1   -1    0   1.87470       -0.0321131719   0.0000000000
   -1    0   -1   1.87470        -1    0   -1   1.87470       -0.0321131719   0.0000000000
    1   -1    0   1.87470         1   -1    0   1.87470       -0.0321131719   0.0000000000
    1    0   -1   1.87470         1    0   -1   1.87470       -0.0321131719   0.0000000000
    1    0    1   1.87470         1    0    1   1.87470       -0.0321131719  -0.0000000000
    1    1    0   1.87470         1    1    0   1.87470       -0.0321131719  -0.0000000000
   -1   -2   -2   2.24964        -1   -2   -2   2.24964       -0.0287302360   0.0000000000
   -1    0    0   2.24964        -1    0    0   2.24964       -0.0287302360  -0.0000000000
    0   -2   -1   2.24964         0   -2   -1   2.24964       -0.0287302360  -0.0000000000
    0   -1   -2   2.24964         0   -1   -2   2.24964       -0.0287302360  -0.0000000000
    0    0    1   2.24964         0    0    1   2.24964       -0.0287302360  -0.0000000000
    0    1    0   2.24964         0    1    0   2.24964       -0.0287302360  -0.0000000000
    1   -1   -1   2.24964         1   -1   -1   2.24964       -0.0287302360  -0.0000000000
    1    1    1   2.24964         1    1    1   2.24964       -0.0287302360  -0.0000000000
   -2   -2   -2   3.37446        -2   -2   -2   3.37446       -0.0205233584   0.0000000000
   -2   -1   -1   3.37446        -2   -1   -1   3.37446       -0.0205233584   0.0000000000
    0   -2   -2   3.37446         0   -2   -2   3.37446       -0.0190262457  -0.0000000000
    0   -2    0   3.37446         0   -2    0   3.37446       -0.0205233584   0.0000000000
    0   -1    1   3.37446         0   -1    1   3.37446       -0.0205233584   0.0000000000
    0    0   -2   3.37446         0    0   -2   3.37446       -0.0205233584   0.0000000000
    0    1   -1   3.37446         0    1   -1   3.37446       -0.0205233584   0.0000000000
    0    1    1   3.37446         0    1    1   3.37446       -0.0190262457  -0.0000000000
    2    0    0   3.37446         2    0    0   3.37446       -0.0205233584   0.0000000000
    2    1    1   3.37446         2    1    1   3.37446       -0.0205233584   0.0000000000
   -2   -3   -3   6.37399        -2   -3   -3   6.37399       -0.0035659077  -0.0000000000
   -2   -3   -1   6.37399        -2   -3   -1   6.37399       -0.0035617974   0.0000000000
   -2   -2    0   6.37399        -2   -2    0   6.37399       -0.0035617974  -0.0000000000
   -2   -1   -3   6.37399        -2   -1   -3   6.37399       -0.0035617974  -0.0000000000
   -2    0   -2   6.37399        -2    0   -2   6.37399       -0.0035617974  -0.0000000000
   -2    0    0   6.37399        -2    0    0   6.37399       -0.0035659077   0.0000000000
    0   -3   -1   6.37399         0   -3   -1   6.37399       -0.0035659077  -0.0000000000
    0   -1   -3   6.37399         0   -1   -3   6.37399       -0.0035659077  -0.0000000000
    0    0    2   6.37399         0    0    2   6.37399       -0.0035659077  -0.0000000000
    0    2    0   6.37399         0    2    0   6.37399       -0.0035659077  -0.0000000000
    2   -1   -1   6.37399         2   -1   -1   6.37399       -0.0035659077   0.0000000000
    2   -1    1   6.37399         2   -1    1   6.37399       -0.0035617974   0.0000000000
    2    0    2   6.37399         2    0    2   6.37399       -0.0035617974  -0.0000000000
    2    1   -1   6.37399         2    1   -1   6.37399       -0.0035617974   0.0000000000
    2    2    0   6.37399         2    2    0   6.37399       -0.0035617974  -0.0000000000
    2    2    2   6.37399         2    2    2   6.37399       -0.0035659077   0.0000000000
   -3   -2   -2   6.74893        -3   -2   -2   6.74893       -0.0028953285  -0.0000000000
   -1   -3   -3   6.74893        -1   -3   -3   6.74893       -0.0028073141  -0.0000000000
   -1    1    1   6.74893        -1    1    1   6.74893       -0.0028073141   0.0000000000
    0   -3   -2   6.74893         0   -3   -2   6.74893       -0.0028073141  -0.0000000000
    0   -2   -3   6.74893         0   -2   -3   6.74893       -0.0028073141  -0.0000000000
    0   -2    1   6.74893         0   -2    1   6.74893       -0.0028953285   0.0000000000
    0    1   -2   6.74893         0    1   -2   6.74893       -0.0028953285   0.0000000000
    0    1    2   6.74893         0    1    2   6.74893       -0.0028073141   0.0000000000
    0    2    1   6.74893         0    2    1   6.74893       -0.0028073141  -0.0000000000
    1   -2   -2   6.74893         1   -2   -2   6.74893       -0.0028073141   0.0000000000
    1    2    2   6.74893         1    2    2   6.74893       -0.0028073141   0.0000000000
    3    1    1   6.74893         3    1    1   6.74893       -0.0028953285   0.0000000000
   -3   -3   -2   7.87375        -3   -3   -2   7.87375       -0.0013760405   0.0000000000
   -3   -2   -3   7.87375        -3   -2   -3   7.87375       -0.0013760405  -0.0000000000
   -3   -2   -1   7.87375        -3   -2   -1   7.87375       -0.0013760405  -0.0000000000
   -3   -1   -2   7.87375        -3   -1   -2   7.87375       -0.0013760405  -0.0000000000
   -2   -4   -3   9.74845        -2   -4   -3   9.74845       -0.0005003939   0.0000000000
   -2   -3   -4   9.74845        -2   -3   -4   9.74845       -0.0005003939  -0.0000000000
   -2   -3    0   9.74845        -2   -3    0   9.74845       -0.0004667220   0.0000000000
   -2    0   -3   9.74845        -2    0   -3   9.74845       -0.0004667220   0.0000000000
   -2    0    1   9.74845        -2    0    1   9.74845       -0.0005003939  -0.0000000000
   -2    1    0   9.74845        -2    1    0   9.74845       -0.0005003939  -0.0000000000
   -1   -4   -2   9.74845        -1   -4   -2   9.74845       -0.0005003939  -0.0000000000
   -1   -2   -4   9.74845        -1   -2   -4   9.74845       -0.0005003939  -0.0000000000
   -1    0    2   9.74845        -1    0    2   9.74845       -0.0005003939   0.0000000000
   -1    2    0   9.74845        -1    2    0   9.74845       -0.0005003939  -0.0000000000
    1   -3   -1   9.74845         1   -3   -1   9.74845       -0.0005003939   0.0000000000
    1   -1   -3   9.74845         1   -1   -3   9.74845       -0.0005003939  -0.0000000000
    1    1    3   9.74845         1    1    3   9.74845       -0.0005003939   0.0000000000
    1    3    1   9.74845         1    3    1   9.74845       -0.0005003939  -0.0000000000
    2   -2   -1   9.74845         2   -2   -1   9.74845       -0.0005003939  -0.0000000000
    2   -1   -2   9.74845         2   -1   -2   9.74845       -0.0005003939  -0.0000000000
    2   -1    2   9.74845         2   -1    2   9.74845       -0.0004667220  -0.0000000000
    2    2   -1   9.74845         2    2   -1   9.74845       -0.0004667220   0.0000000000
    2    2    3   9.74845         2    2    3   9.74845       -0.0005003939  -0.0000000000
    2    3    2   9.74845         2    3    2   9.74845       -0.0005003939  -0.0000000000
    3    0    2   9.74845         3    0    2   9.74845       -0.0004667220  -0.0000000000
    3    2    0   9.74845         3    2    0   9.74845       -0.0004667220   0.0000000000
   -3   -4   -3  10.87327        -3   -4   -3  10.87327       -0.0002819311   0.0000000000
   -3   -3   -4  10.87327        -3   -3   -4  10.87327       -0.0002819311   0.0000000000
   -3   -1    0  10.87327        -3   -1    0  10.87327       -0.0002819311   0.0000000000
   -3    0   -1  10.87327        -3    0   -1  10.87327       -0.0002819311  -0.0000000000
   -1   -4   -3  10.87327        -1   -4   -3  10.87327       -0.0002844849  -0.0000000000
   -1   -4   -1  10.87327        -1   -4   -1  10.87327       -0.0002819311  -0.0000000000
   -1   -3   -4  10.87327        -1   -3   -4  10.87327       -0.0002844849  -0.0000000000
   -1   -1   -4  10.87327        -1   -1   -4  10.87327       -0.0002819311   0.0000000000
   -1   -1    2  10.87327        -1   -1    2  10.87327       -0.0002819311   0.0000000000
   -1    1    2  10.87327        -1    1    2  10.87327       -0.0002844849  -0.0000000000
   -2   -4   -4  12.37304        -2   -4   -4  12.37304       -0.0001553491  -0.0000000000
   -2    1    1  12.37304        -2    1    1  12.37304       -0.0001553491  -0.0000000000
    0   -4   -2  12.37304         0   -4   -2  12.37304       -0.0001553491  -0.0000000000
    0   -3    1  12.37304         0   -3    1  12.37304       -0.0001640780   0.0000000000
    0   -2   -4  12.37304         0   -2   -4  12.37304       -0.0001553491  -0.0000000000
    0   -2    2  12.37304         0   -2    2  12.37304       -0.0001640780  -0.0000000000
    0    1   -3  12.37304         0    1   -3  12.37304       -0.0001640780   0.0000000000
    0    1    3  12.37304         0    1    3  12.37304       -0.0001553491  -0.0000000000
    0    2   -2  12.37304         0    2   -2  12.37304       -0.0001640780   0.0000000000
    0    3    1  12.37304         0    3    1  12.37304       -0.0001553491  -0.0000000000
    2   -2   -2  12.37304         2   -2   -2  12.37304       -0.0001553491  -0.0000000000
    2    3    3  12.37304         2    3    3  12.37304       -0.0001553491  -0.0000000000
    4    1    1  12.37304         4    1    1  12.37304       -0.0001640780   0.0000000000
    4    2    2  12.37304         4    2    2  12.37304       -0.0001640780   0.0000000000
   -4   -3   -2  12.74798        -4   -3   -2  12.74798       -0.0001357450   0.0000000000
   -4   -2   -3  12.74798        -4   -2   -3  12.74798       -0.0001357450  -0.0000000000
   -3   -4   -4  12.74798        -3   -4   -4  12.74798       -0.0001422355   0.0000000000
   -3    0    0  12.74798        -3    0    0  12.74798       -0.0001422355   0.0000000000
   -1   -3    1  12.74798        -1   -3    1  12.74798       -0.0001357450  -0.0000000000
   -1    1   -3  12.74798        -1    1   -3  12.74798       -0.0001357450  -0.0000000000
    0   -4   -1  12.74798         0   -4   -1  12.74798       -0.0001422355  -0.0000000000
    0   -1   -4  12.74798         0   -1   -4  12.74798       -0.0001422355   0.0000000000
    0    0    3  12.74798         0    0    3  12.74798       -0.0001422355  -0.0000000000
    0    3    0  12.74798         0    3    0  12.74798       -0.0001422355  -0.0000000000
    1   -2    2  12.74798         1   -2    2  12.74798       -0.0001357450  -0.0000000000
    1    2   -2  12.74798         1    2   -2  12.74798       -0.0001357450  -0.0000000000
    3   -1   -1  12.74798         3   -1   -1  12.74798       -0.0001422355  -0.0000000000
    3    3    3  12.74798         3    3    3  12.74798       -0.0001422355  -0.0000000000
    4    1    2  12.74798         4    1    2  12.74798       -0.0001357450  -0.0000000000
    4    2    1  12.74798         4    2    1  12.74798       -0.0001357450   0.0000000000
   -3   -4   -1  13.87280        -3   -4   -1  13.87280       -0.0000801176  -0.0000000000
   -3   -3    0  13.87280        -3   -3    0  13.87280       -0.0000801176  -0.0000000000
   -4   -3   -1  15.37256        -4   -3   -1  15.37256       -0.0000515118  -0.0000000000
   -4   -2   -4  15.37256        -4   -2   -4  15.37256       -0.0000515118   0.0000000000
   -4   -1   -3  15.37256        -4   -1   -3  15.37256       -0.0000515118  -0.0000000000
   -4   -1   -1  15.37256        -4   -1   -1  15.37256       -0.0000626628   0.0000000000
   -2   -5   -3  15.37256        -2   -5   -3  15.37256       -0.0000597784   0.0000000000
   -2   -4    0  15.37256        -2   -4    0  15.37256       -0.0000515118   0.0000000000
   -2   -3   -5  15.37256        -2   -3   -5  15.37256       -0.0000597784   0.0000000000
   -2   -3    1  15.37256        -2   -3    1  15.37256       -0.0000515118  -0.0000000000
   -2    0   -4  15.37256        -2    0   -4  15.37256       -0.0000515118   0.0000000000
   -2    0    2  15.37256        -2    0    2  15.37256       -0.0000597784   0.0000000000
   -2    1   -3  15.37256        -2    1   -3  15.37256       -0.0000515118  -0.0000000000
   -2    2    0  15.37256        -2    2    0  15.37256       -0.0000597784   0.0000000000
    0   -4    0  15.37256         0   -4    0  15.37256       -0.0000626628  -0.0000000000
    0   -1    3  15.37256         0   -1    3  15.37256       -0.0000626628   0.0000000000
    0    0   -4  15.37256         0    0   -4  15.37256       -0.0000626628  -0.0000000000
    0    3   -1  15.37256         0    3   -1  15.37256       -0.0000626628  -0.0000000000
    2   -3   -1  15.37256         2   -3   -1  15.37256       -0.0000597784   0.0000000000
    2   -2    2  15.37256         2   -2    2  15.37256       -0.0000515118  -0.0000000000
    2   -1   -3  15.37256         2   -1   -3  15.37256       -0.0000597784  -0.0000000000
    2   -1    3  15.37256         2   -1    3  15.37256       -0.0000515118   0.0000000000
    2    2   -2  15.37256         2    2   -2  15.37256       -0.0000515118   0.0000000000
    2    2    4  15.37256         2    2    4  15.37256       -0.0000597784  -0.0000000000
    2    3   -1  15.37256         2    3   -1  15.37256       -0.0000515118  -0.0000000000
    2    4    2  15.37256         2    4    2  15.37256       -0.0000597784   0.0000000000
    4    0    0  15.37256         4    0    0  15.37256       -0.0000626628  -0.0000000000
    4    0    2  15.37256         4    0    2  15.37256       -0.0000515118  -0.0000000000
    4    1    3  15.37256         4    1    3  15.37256       -0.0000515118  -0.0000000000
    4    2    0  15.37256         4    2    0  15.37256       -0.0000515118   0.0000000000
    4    3    1  15.37256         4    3    1  15.37256       -0.0000515118  -0.0000000000
    4    3    3  15.37256         4    3    3  15.37256       -0.0000626628  -0.0000000000
   -3   -5   -3  15.74750        -3   -5   -3  15.74750       -0.0000507057  -0.0000000000
   -3   -3   -5  15.74750        -3   -3   -5  15.74750       -0.0000507057   0.0000000000
    3   -1   -2  16.87232         3   -1   -2  16.87232       -0.0000369018  -0.0000000000
    3    1   -2  16.87232         3    1   -2  16.87232       -0.0000347271  -0.0000000000
    3    1    4  16.87232         3    1    4  16.87232       -0.0000347271  -0.0000000000
    3    3    4  16.87232         3    3    4  16.87232       -0.0000369018  -0.0000000000
    3    4    1  16.87232         3    4    1  16.87232       -0.0000347271   0.0000000000
    3    4    3  16.87232         3    4    3  16.87232       -0.0000369018   0.0000000000
   -2   -5   -4  17.24726        -2   -5   -4  17.24726       -0.0000307214  -0.0000000000
   -2   -4   -5  17.24726        -2   -4   -5  17.24726       -0.0000307214  -0.0000000000
   -2    1    2  17.24726        -2    1    2  17.24726       -0.0000307214   0.0000000000
   -2    2    1  17.24726        -2    2    1  17.24726       -0.0000307214  -0.0000000000
   -1   -5   -3  17.24726        -1   -5   -3  17.24726       -0.0000307214  -0.0000000000
   -1   -3   -5  17.24726        -1   -3   -5  17.24726       -0.0000307214  -0.0000000000
   -1    1    3  17.24726        -1    1    3  17.24726       -0.0000307214   0.0000000000
   -1    3    1  17.24726        -1    3    1  17.24726       -0.0000307214  -0.0000000000
    1   -4   -2  17.24726         1   -4   -2  17.24726       -0.0000307214   0.0000000000
    1   -2   -4  17.24726         1   -2   -4  17.24726       -0.0000307214   0.0000000000
    1    2    4  17.24726         1    2    4  17.24726       -0.0000307214  -0.0000000000
    1    4    2  17.24726         1    4    2  17.24726       -0.0000307214   0.0000000000
    2   -3   -2  17.24726         2   -3   -2  17.24726       -0.0000307214   0.0000000000
    2   -2   -3  17.24726         2   -2   -3  17.24726       -0.0000307214   0.0000000000
    2    3    4  17.24726         2    3    4  17.24726       -0.0000307214  -0.0000000000
    2    4    3  17.24726         2    4    3  17.24726       -0.0000307214   0.0000000000
   -4   -5   -3  18.37208        -4   -5   -3  18.37208       -0.0000220203  -0.0000000000
   -4   -3   -5  18.37208        -4   -3   -5  18.37208       -0.0000220203  -0.0000000000
   -4   -2    0  18.37208        -4   -2    0  18.37208       -0.0000220203  -0.0000000000
   -4    0   -2  18.37208        -4    0   -2  18.37208       -0.0000220203  -0.0000000000
   -2   -5   -1  18.37208        -2   -5   -1  18.37208       -0.0000220203  -0.0000000000
   -2   -2    2  18.37208        -2   -2    2  18.37208       -0.0000220203  -0.0000000000
   -2   -1   -5  18.37208        -2   -1   -5  18.37208       -0.0000220203  -0.0000000000
   -2    2   -2  18.37208        -2    2   -2  18.37208       -0.0000220203  -0.0000000000
    0   -4   -4  18.37208         0   -4   -4  18.37208       -0.0000201077  -0.0000000000
    0    3    3  18.37208         0    3    3  18.37208       -0.0000201077  -0.0000000000
    4    3    0  18.74702         4    3    0  18.74702       -0.0000182413   0.0000000000
    4    3    4  18.74702         4    3    4  18.74702       -0.0000221940   0.0000000000
    4    4    3  18.74702         4    4    3  18.74702       -0.0000221940   0.0000000000
    5    2    2  18.74702         5    2    2  18.74702       -0.0000213312   0.0000000000
   -5   -4   -3  19.87185        -5   -4   -3  19.87185       -0.0000149268  -0.0000000000
   -5   -3   -4  19.87185        -5   -3   -4  19.87185       -0.0000149268  -0.0000000000
   -5   -3   -2  19.87185        -5   -3   -2  19.87185       -0.0000149268   0.0000000000
   -5   -2   -3  19.87185        -5   -2   -3  19.87185       -0.0000149268   0.0000000000
   -1   -5   -4  19.87185        -1   -5   -4  19.87185       -0.0000148265   0.0000000000
   -1   -4   -5  19.87185        -1   -4   -5  19.87185       -0.0000148265   0.0000000000
   -1   -4    1  19.87185        -1   -4    1  19.87185       -0.0000149268   0.0000000000
   -1   -3    2  19.87185        -1   -3    2  19.87185       -0.0000149268   0.0000000000
   -1    1   -4  19.87185        -1    1   -4  19.87185       -0.0000149268  -0.0000000000
   -1    2   -3  19.87185        -1    2   -3  19.87185       -0.0000149268  -0.0000000000
   -1    2    3  19.87185        -1    2    3  19.87185       -0.0000148265   0.0000000000
   -1    3    2  19.87185        -1    3    2  19.87185       -0.0000148265   0.0000000000
    1   -4   -3  19.87185         1   -4   -3  19.87185       -0.0000148265   0.0000000000
    1   -3   -4  19.87185         1   -3   -4  19.87185       -0.0000148265   0.0000000000
    1   -3    2  19.87185         1   -3    2  19.87185       -0.0000149268  -0.0000000000
    1   -2    3  19.87185         1   -2    3  19.87185       -0.0000149268   0.0000000000
    1    2   -3  19.87185         1    2   -3  19.87185       -0.0000149268   0.0000000000
    1    3   -2  19.87185         1    3   -2  19.87185       -0.0000149268  -0.0000000000
    1    3    4  19.87185         1    3    4  19.87185       -0.0000148265  -0.0000000000
    1    4    3  19.87185         1    4    3  19.87185       -0.0000148265  -0.0000000000
    5    1    2  19.87185         5    1    2  19.87185       -0.0000149268   0.0000000000
    5    2    1  19.87185         5    2    1  19.87185       -0.0000149268   0.0000000000
    5    2    3  19.87185         5    2    3  19.87185       -0.0000149268  -0.0000000000
    5    3    2  19.87185         5    3    2  19.87185       -0.0000149268  -0.0000000000
   -5   -4   -4  20.24679        -5   -4   -4  20.24679       -0.0000144319   0.0000000000
   -5   -2   -2  20.24679        -5   -2   -2  20.24679       -0.0000144319   0.0000000000
   -4   -5   -2  20.24679        -4   -5   -2  20.24679       -0.0000128141  -0.0000000000
   -4   -3    0  20.24679        -4   -3    0  20.24679       -0.0000128141  -0.0000000000
    0   -5   -3  21.37161         0   -5   -3  21.37161       -0.0000096351   0.0000000000
    0   -5   -1  21.37161         0   -5   -1  21.37161       -0.0000098037   0.0000000000
    0   -3   -5  21.37161         0   -3   -5  21.37161       -0.0000096351  -0.0000000000
    0   -1   -5  21.37161         0   -1   -5  21.37161       -0.0000098037   0.0000000000
    0    0    4  21.37161         0    0    4  21.37161       -0.0000098037   0.0000000000
    0    2    4  21.37161         0    2    4  21.37161       -0.0000096351  -0.0000000000
    0    4    0  21.37161         0    4    0  21.37161       -0.0000098037  -0.0000000000
    0    4    2  21.37161         0    4    2  21.37161       -0.0000096351   0.0000000000
    2   -3   -3  21.37161         2   -3   -3  21.37161       -0.0000096351   0.0000000000
    2    4    4  21.37161         2    4    4  21.37161       -0.0000096351  -0.0000000000
    4   -1   -1  21.37161         4   -1   -1  21.37161       -0.0000098037  -0.0000000000
    4    4    4  21.37161         4    4    4  21.37161       -0.0000098037  -0.0000000000
   -5   -4   -2  21.74655        -5   -4   -2  21.74655       -0.0000089404  -0.0000000000
   -5   -2   -4  21.74655        -5   -2   -4  21.74655       -0.0000089404   0.0000000000
   -2   -4    1  21.74655        -2   -4    1  21.74655       -0.0000089404  -0.0000000000
   -2    1   -4  21.74655        -2    1   -4  21.74655       -0.0000089404  -0.0000000000
    2   -2    3  21.74655         2   -2    3  21.74655       -0.0000089404  -0.0000000000
    2    3   -2  21.74655         2    3   -2  21.74655       -0.0000089404  -0.0000000000
    5    1    3  21.74655         5    1    3  21.74655       -0.0000089404   0.0000000000
    5    3    1  21.74655         5    3    1  21.74655       -0.0000089404   0.0000000000
   -5   -5   -4  22.87137        -5   -5   -4  22.87137       -0.0000069829  -0.0000000000
   -5   -4   -5  22.87137        -5   -4   -5  22.87137       -0.0000069829  -0.0000000000
   -5   -2   -1  22.87137        -5   -2   -1  22.87137       -0.0000069829  -0.0000000000
   -5   -1   -2  22.87137        -5   -1   -2  22.87137       -0.0000069829  -0.0000000000
   -3   -6   -3  22.87137        -3   -6   -3  22.87137       -0.0000066872   0.0000000000
   -3   -3   -6  22.87137        -3   -3   -6  22.87137       -0.0000066872  -0.0000000000
   -3   -1    2  22.87137        -3   -1    2  22.87137       -0.0000066872   0.0000000000
   -3    2   -1  22.87137        -3    2   -1  22.87137       -0.0000066872   0.0000000000
   -1   -5    0  22.87137        -1   -5    0  22.87137       -0.0000069829  -0.0000000000
   -1   -2    3  22.87137        -1   -2    3  22.87137       -0.0000069829  -0.0000000000
   -1    0   -5  22.87137        -1    0   -5  22.87137       -0.0000069829   0.0000000000
   -1    3   -2  22.87137        -1    3   -2  22.87137       -0.0000069829  -0.0000000000
    2    2   -3  23.24631         2    2   -3  23.24631       -0.0000062192  -0.0000000000
    2    2    5  23.24631         2    2    5  23.24631       -0.0000065428  -0.0000000000
    2    4   -1  23.24631         2    4   -1  23.24631       -0.0000062192  -0.0000000000
    2    5    2  23.24631         2    5    2  23.24631       -0.0000065428   0.0000000000
    3   -3   -1  23.24631         3   -3   -1  23.24631       -0.0000065428  -0.0000000000
    3   -1   -3  23.24631         3   -1   -3  23.24631       -0.0000065428   0.0000000000
    3    3    5  23.24631         3    3    5  23.24631       -0.0000065428  -0.0000000000
    3    5    3  23.24631         3    5    3  23.24631       -0.0000065428   0.0000000000
    5    0    2  23.24631         5    0    2  23.24631       -0.0000062192   0.0000000000
    5    2    0  23.24631         5    2    0  23.24631       -0.0000062192   0.0000000000
    5    2    4  23.24631         5    2    4  23.24631       -0.0000062192   0.0000000000
    5    4    2  23.24631         5    4    2  23.24631       -0.0000062192  -0.0000000000
   -4   -6   -4  24.37113        -4   -6   -4  24.37113       -0.0000050396   0.0000000000
   -4   -5   -1  24.37113        -4   -5   -1  24.37113       -0.0000046627   0.0000000000
   -4   -4   -6  24.37113        -4   -4   -6  24.37113       -0.0000050396   0.0000000000
   -4   -4    0  24.37113        -4   -4    0  24.37113       -0.0000046627  -0.0000000000
   -4   -1   -5  24.37113        -4   -1   -5  24.37113       -0.0000046627  -0.0000000000
   -4   -1    1  24.37113        -4   -1    1  24.37113       -0.0000050396  -0.0000000000
   -4    0   -4  24.37113        -4    0   -4  24.37113       -0.0000046627   0.0000000000
   -4    1   -1  24.37113        -4    1   -1  24.37113       -0.0000050396  -0.0000000000
   -2   -6   -4  24.37113        -2   -6   -4  24.37113       -0.0000047082   0.0000000000
   -2   -6   -2  24.37113        -2   -6   -2  24.37113       -0.0000050396  -0.0000000000
   -2   -4   -6  24.37113        -2   -4   -6  24.37113       -0.0000047082  -0.0000000000
   -2   -2   -6  24.37113        -2   -2   -6  24.37113       -0.0000050396   0.0000000000
   -2   -1    3  24.37113        -2   -1    3  24.37113       -0.0000050396   0.0000000000
   -2    1    3  24.37113        -2    1    3  24.37113       -0.0000047082   0.0000000000
   -2    3   -1  24.37113        -2    3   -1  24.37113       -0.0000050396  -0.0000000000
   -2    3    1  24.37113        -2    3    1  24.37113       -0.0000047082  -0.0000000000
    2   -4   -2  24.37113         2   -4   -2  24.37113       -0.0000047082   0.0000000000
    2   -4    0  24.37113         2   -4    0  24.37113       -0.0000050396  -0.0000000000
    2   -2   -4  24.37113         2   -2   -4  24.37113       -0.0000047082   0.0000000000
    2    0   -4  24.37113         2    0   -4  24.37113       -0.0000050396  -0.0000000000
    1   -4   -4  24.74607         1   -4   -4  24.74607       -0.0000043709   0.0000000000
    1    4    4  24.74607         1    4    4  24.74607       -0.0000043709   0.0000000000
    3   -3    1  24.74607         3   -3    1  24.74607       -0.0000044216   0.0000000000
    3    1   -3  24.74607         3    1   -3  24.74607       -0.0000044216  -0.0000000000
    3    1    5  24.74607         3    1    5  24.74607       -0.0000044216   0.0000000000
    3    5    1  24.74607         3    5    1  24.74607       -0.0000044216   0.0000000000
    4   -2    1  24.74607         4   -2    1  24.74607       -0.0000044216  -0.0000000000
    4    1   -2  24.74607         4    1   -2  24.74607       -0.0000044216   0.0000000000
    4    2    5  24.74607         4    2    5  24.74607       -0.0000044216  -0.0000000000
    4    5    2  24.74607         4    5    2  24.74607       -0.0000044216  -0.0000000000
    5    0    0  24.74607         5    0    0  24.74607       -0.0000037487  -0.0000000000
    5    4    4  24.74607         5    4    4  24.74607       -0.0000037487   0.0000000000


             g                   gp         inverse epsilon           nspin= 1
         0   -1   -1         0   -1   -1        0.33591590  -0.00000000
         0    0    0         0   -1   -1       -0.00000000   0.00000000
         0    0    0         0    0    0        0.33591590  -0.00000000
        -1   -1   -1         0    0    0        0.02028790  -0.00000000
        -1   -1   -1        -1   -1   -1        0.48982094  -0.00000000
         0   -1    0        -1   -1   -1       -0.00000000  -0.00000000
         0   -1    0         0   -1    0        0.48982094   0.00000000
         0    0   -1         0   -1    0        0.04303503   0.00000000
         0    0   -1         0    0   -1        0.48982094  -0.00000000
         1    0    0         0    0   -1        0.00000000  -0.00000000
         1    0    0         1    0    0        0.48982094  -0.00000000
        -1   -2   -1         1    0    0        0.00342779   0.00000000
        -1   -2   -1        -1   -2   -1        0.72906247   0.00000000
        -1   -1   -2        -1   -2   -1        0.01007079  -0.00000000
        -1   -1   -2        -1   -1   -2        0.72906247   0.00000000
        -1   -1    0        -1   -1   -2        0.01448312  -0.00000000
        -1   -1    0        -1   -1    0        0.72906247   0.00000000
        -1    0   -1        -1   -1    0        0.01007079   0.00000000
        -1    0   -1        -1    0   -1        0.72906247   0.00000000
         1   -1    0        -1    0   -1       -0.00000000  -0.00000000
         1   -1    0         1   -1    0        0.72906247  -0.00000000
         1    0   -1         1   -1    0        0.01007079  -0.00000000
         1    0   -1         1    0   -1        0.72906247   0.00000000
         1    0    1         1    0   -1        0.01448312   0.00000000
         1    0    1         1    0    1        0.72906247  -0.00000000
         1    1    0         1    0    1        0.01007079  -0.00000000
         1    1    0         1    1    0        0.72906247  -0.00000000
        -1   -2   -2         1    1    0        0.01670255   0.00000000
        -1   -2   -2        -1   -2   -2        0.78569853   0.00000000
        -1    0    0        -1   -2   -2       -0.00681580  -0.00000000
        -1    0    0        -1    0    0        0.78569853  -0.00000000
         0   -2   -1        -1    0    0        0.00000000  -0.00000000
         0   -2   -1         0   -2   -1        0.78569853  -0.00000000
         0   -1   -2         0   -2   -1        0.01309764   0.00000000
         0   -1   -2         0   -1   -2        0.78569853  -0.00000000
         0    0    1         0   -1   -2       -0.02918195  -0.00000000
         0    0    1         0    0    1        0.78569853  -0.00000000
         0    1    0         0    0    1        0.01309764   0.00000000
         0    1    0         0    1    0        0.78569853  -0.00000000
         1   -1   -1         0    1    0        0.00000000  -0.00000000
         1   -1   -1         1   -1   -1        0.78569853  -0.00000000
         1    1    1         1   -1   -1       -0.00681580  -0.00000000
         1    1    1         1    1    1        0.78569853  -0.00000000
        -2   -2   -2         1    1    1        0.00765918   0.00000000
        -2   -2   -2        -2   -2   -2        0.88440735   0.00000000
        -2   -1   -1        -2   -2   -2       -0.01091949  -0.00000000
        -2   -1   -1        -2   -1   -1        0.88440735   0.00000000
         0   -2   -2        -2   -1   -1        0.00728764   0.00000000
         0   -2   -2         0   -2   -2        0.88799422  -0.00000000
         0   -2    0         0   -2   -2       -0.00288780  -0.00000000
         0   -2    0         0   -2    0        0.88440735   0.00000000
         0   -1    1         0   -2    0        0.01091949  -0.00000000
         0   -1    1         0   -1    1        0.88440735   0.00000000
         0    0   -2         0   -1    1       -0.01366486   0.00000000
         0    0   -2         0    0   -2        0.88440735   0.00000000
         0    1   -1         0    0   -2        0.01091949   0.00000000
         0    1   -1         0    1   -1        0.88440735   0.00000000
         0    1    1         0    1   -1       -0.00288780   0.00000000
         0    1    1         0    1    1        0.88799422  -0.00000000
         2    0    0         0    1    1        0.00728764  -0.00000000
         2    0    0         2    0    0        0.88440735   0.00000000
         2    1    1         2    0    0       -0.01091949   0.00000000
         2    1    1         2    1    1        0.88440735  -0.00000000
        -2   -3   -3         2    1    1        0.00267547   0.00000000
        -2   -3   -3        -2   -3   -3        0.98795929  -0.00000000
        -2   -3   -1        -2   -3   -3       -0.00183395  -0.00000000
        -2   -3   -1        -2   -3   -1        0.98760272   0.00000000
        -2   -2    0        -2   -3   -1        0.00000000   0.00000000
        -2   -2    0        -2   -2    0        0.98760272  -0.00000000
        -2   -1   -3        -2   -2    0       -0.00037717   0.00000000
        -2   -1   -3        -2   -1   -3        0.98760272  -0.00000000
        -2    0   -2        -2   -1   -3        0.00000000  -0.00000000
        -2    0   -2        -2    0   -2        0.98760272  -0.00000000
        -2    0    0        -2    0   -2       -0.00183395   0.00000000
        -2    0    0        -2    0    0        0.98795929   0.00000000
         0   -3   -1        -2    0    0       -0.00000000  -0.00000000
         0   -3   -1         0   -3   -1        0.98795929  -0.00000000
         0   -1   -3         0   -3   -1        0.00144279  -0.00000000
         0   -1   -3         0   -1   -3        0.98795929  -0.00000000
         0    0    2         0   -1   -3       -0.00090281  -0.00000000
         0    0    2         0    0    2        0.98795929  -0.00000000
         0    2    0         0    0    2        0.00144279   0.00000000
         0    2    0         0    2    0        0.98795929  -0.00000000
         2   -1   -1         0    2    0        0.00000000  -0.00000000
         2   -1   -1         2   -1   -1        0.98795929   0.00000000
         2   -1    1         2   -1   -1       -0.00183395  -0.00000000
         2   -1    1         2   -1    1        0.98760272  -0.00000000
         2    0    2         2   -1    1       -0.00000000  -0.00000000
         2    0    2         2    0    2        0.98760272  -0.00000000
         2    1   -1         2    0    2       -0.00037717  -0.00000000
         2    1   -1         2    1   -1        0.98760272   0.00000000
         2    2    0         2    1   -1        0.00000000   0.00000000
         2    2    0         2    2    0        0.98760272  -0.00000000
         2    2    2         2    2    0       -0.00183395   0.00000000
         2    2    2         2    2    2        0.98795929   0.00000000
        -3   -2   -2         2    2    2        0.00108000  -0.00000000
        -3   -2   -2        -3   -2   -2        0.99092128  -0.00000000
        -1   -3   -3        -3   -2   -2        0.00181793   0.00000000
        -1   -3   -3        -1   -3   -3        0.99084757  -0.00000000
        -1    1    1        -1   -3   -3       -0.00111899  -0.00000000
        -1    1    1        -1    1    1        0.99084757   0.00000000
         0   -3   -2        -1    1    1        0.00000000  -0.00000000
         0   -3   -2         0   -3   -2        0.99084757  -0.00000000
         0   -2   -3         0   -3   -2       -0.00110653   0.00000000
         0   -2   -3         0   -2   -3        0.99084757  -0.00000000
         0   -2    1         0   -2   -3        0.00085024  -0.00000000
         0   -2    1         0   -2    1        0.99092128   0.00000000
         0    1   -2         0   -2    1       -0.00041876   0.00000000
         0    1   -2         0    1   -2        0.99092128   0.00000000
         0    1    2         0    1   -2        0.00085024   0.00000000
         0    1    2         0    1    2        0.99084757   0.00000000
         0    2    1         0    1    2       -0.00110653   0.00000000
         0    2    1         0    2    1        0.99084757  -0.00000000
         1   -2   -2         0    2    1        0.00000000   0.00000000
         1   -2   -2         1   -2   -2        0.99084757   0.00000000
         1    2    2         1   -2   -2       -0.00111899  -0.00000000
         1    2    2         1    2    2        0.99084757   0.00000000
         3    1    1         1    2    2        0.00181793  -0.00000000
         3    1    1         3    1    1        0.99092128   0.00000000
        -3   -3   -2         3    1    1        0.00036795   0.00000000
        -3   -3   -2        -3   -3   -2        0.99621799   0.00000000
        -3   -2   -3        -3   -3   -2       -0.00056952  -0.00000000
        -3   -2   -3        -3   -2   -3        0.99621799  -0.00000000
        -3   -2   -1        -3   -2   -3       -0.00061665  -0.00000000
        -3   -2   -1        -3   -2   -1        0.99621799  -0.00000000
        -3   -1   -2        -3   -2   -1       -0.00056952   0.00000000
        -3   -1   -2        -3   -1   -2        0.99621799  -0.00000000
        -2   -4   -3        -3   -1   -2       -0.00028351   0.00000000
        -2   -4   -3        -2   -4   -3        0.99889780   0.00000000
        -2   -3   -4        -2   -4   -3       -0.00037086   0.00000000
        -2   -3   -4        -2   -3   -4        0.99889780  -0.00000000
        -2   -3    0        -2   -3   -4       -0.00009226  -0.00000000
        -2   -3    0        -2   -3    0        0.99894983   0.00000000
        -2    0   -3        -2   -3    0       -0.00021892  -0.00000000
        -2    0   -3        -2    0   -3        0.99894983  -0.00000000
        -2    0    1        -2    0   -3       -0.00009226   0.00000000
        -2    0    1        -2    0    1        0.99889780  -0.00000000
        -2    1    0        -2    0    1       -0.00037086  -0.00000000
        -2    1    0        -2    1    0        0.99889780  -0.00000000
        -1   -4   -2        -2    1    0        0.00000201  -0.00000000
        -1   -4   -2        -1   -4   -2        0.99889780  -0.00000000
        -1   -2   -4        -1   -4   -2        0.00024713  -0.00000000
        -1   -2   -4        -1   -2   -4        0.99889780  -0.00000000
        -1    0    2        -1   -2   -4        0.00002560   0.00000000
        -1    0    2        -1    0    2        0.99889780   0.00000000
        -1    2    0        -1    0    2        0.00024713  -0.00000000
        -1    2    0        -1    2    0        0.99889780  -0.00000000
         1   -3   -1        -1    2    0       -0.00022567   0.00000000
         1   -3   -1         1   -3   -1        0.99889780   0.00000000
         1   -1   -3         1   -3   -1        0.00024713   0.00000000
         1   -1   -3         1   -1   -3        0.99889780  -0.00000000
         1    1    3         1   -1   -3        0.00002560   0.00000000
         1    1    3         1    1    3        0.99889780   0.00000000
         1    3    1         1    1    3        0.00024713  -0.00000000
         1    3    1         1    3    1        0.99889780  -0.00000000
         2   -2   -1         1    3    1        0.00000201  -0.00000000
         2   -2   -1         2   -2   -1        0.99889780  -0.00000000
         2   -1   -2         2   -2   -1       -0.00037086  -0.00000000
         2   -1   -2         2   -1   -2        0.99889780  -0.00000000
         2   -1    2         2   -1   -2       -0.00009226  -0.00000000
         2   -1    2         2   -1    2        0.99894983  -0.00000000
         2    2   -1         2   -1    2       -0.00021892  -0.00000000
         2    2   -1         2    2   -1        0.99894983   0.00000000
         2    2    3         2    2   -1       -0.00009226   0.00000000
         2    2    3         2    2    3        0.99889780   0.00000000
         2    3    2         2    2    3       -0.00037086   0.00000000
         2    3    2         2    3    2        0.99889780  -0.00000000
         3    0    2         2    3    2       -0.00009954   0.00000000
         3    0    2         3    0    2        0.99894983  -0.00000000
         3    2    0         3    0    2        0.00020903  -0.00000000
         3    2    0         3    2    0        0.99894983   0.00000000
        -3   -4   -3         3    2    0       -0.00003343  -0.00000000
        -3   -4   -3        -3   -4   -3        0.99943678   0.00000000
        -3   -3   -4        -3   -4   -3       -0.00011310   0.00000000
        -3   -3   -4        -3   -3   -4        0.99943678   0.00000000
        -3   -1    0        -3   -3   -4        0.00000994   0.00000000
        -3   -1    0        -3   -1    0        0.99943678   0.00000000
        -3    0   -1        -3   -1    0       -0.00011310   0.00000000
        -3    0   -1        -3    0   -1        0.99943678  -0.00000000
        -1   -4   -3        -3    0   -1        0.00010660   0.00000000
        -1   -4   -3        -1   -4   -3        0.99945627  -0.00000000
        -1   -4   -1        -1   -4   -3       -0.00003145   0.00000000
        -1   -4   -1        -1   -4   -1        0.99943678  -0.00000000
        -1   -3   -4        -1   -4   -1       -0.00006633  -0.00000000
        -1   -3   -4        -1   -3   -4        0.99945627  -0.00000000
        -1   -1   -4        -1   -3   -4       -0.00003145   0.00000000
        -1   -1   -4        -1   -1   -4        0.99943678   0.00000000
        -1   -1    2        -1   -1   -4        0.00007285  -0.00000000
        -1   -1    2        -1   -1    2        0.99943678   0.00000000
        -1    1    2        -1   -1    2       -0.00003145   0.00000000
        -1    1    2        -1    1    2        0.99945627  -0.00000000
        -2   -4   -4        -1    1    2        0.00005542   0.00000000
        -2   -4   -4        -2   -4   -4        0.99972421  -0.00000000
        -2    1    1        -2   -4   -4       -0.00000561   0.00000000
        -2    1    1        -2    1    1        0.99972421  -0.00000000
         0   -4   -2        -2    1    1       -0.00000000  -0.00000000
         0   -4   -2         0   -4   -2        0.99972421  -0.00000000
         0   -3    1         0   -4   -2       -0.00005937   0.00000000
         0   -3    1         0   -3    1        0.99971689   0.00000000
         0   -2   -4         0   -3    1        0.00006602   0.00000000
         0   -2   -4         0   -2   -4        0.99972421  -0.00000000
         0   -2    2         0   -2   -4        0.00001529  -0.00000000
         0   -2    2         0   -2    2        0.99971689   0.00000000
         0    1   -3         0   -2    2       -0.00001113   0.00000000
         0    1   -3         0    1   -3        0.99971689   0.00000000
         0    1    3         0    1   -3        0.00001529  -0.00000000
         0    1    3         0    1    3        0.99972421  -0.00000000
         0    2   -2         0    1    3        0.00006602   0.00000000
         0    2   -2         0    2   -2        0.99971689   0.00000000
         0    3    1         0    2   -2       -0.00005937   0.00000000
         0    3    1         0    3    1        0.99972421  -0.00000000
         2   -2   -2         0    3    1        0.00000000   0.00000000
         2   -2   -2         2   -2   -2        0.99972421  -0.00000000
         2    3    3         2   -2   -2       -0.00000561   0.00000000
         2    3    3         2    3    3        0.99972421  -0.00000000
         4    1    1         2    3    3        0.00000021   0.00000000
         4    1    1         4    1    1        0.99971689   0.00000000
         4    2    2         4    1    1        0.00006967   0.00000000
         4    2    2         4    2    2        0.99971689   0.00000000
        -4   -3   -2         4    2    2        0.00005852  -0.00000000
        -4   -3   -2        -4   -3   -2        0.99977751   0.00000000
        -4   -2   -3        -4   -3   -2       -0.00006651   0.00000000
        -4   -2   -3        -4   -2   -3        0.99977751  -0.00000000
        -3   -4   -4        -4   -2   -3        0.00000836  -0.00000000
        -3   -4   -4        -3   -4   -4        0.99976802   0.00000000
        -3    0    0        -3   -4   -4        0.00001195  -0.00000000
        -3    0    0        -3    0    0        0.99976802   0.00000000
        -1   -3    1        -3    0    0        0.00003402  -0.00000000
        -1   -3    1        -1   -3    1        0.99977751  -0.00000000
        -1    1   -3        -1   -3    1        0.00004294  -0.00000000
        -1    1   -3        -1    1   -3        0.99977751  -0.00000000
         0   -4   -1        -1    1   -3       -0.00000181  -0.00000000
         0   -4   -1         0   -4   -1        0.99976802  -0.00000000
         0   -1   -4         0   -4   -1       -0.00000595   0.00000000
         0   -1   -4         0   -1   -4        0.99976802   0.00000000
         0    0    3         0   -1   -4        0.00007860   0.00000000
         0    0    3         0    0    3        0.99976802  -0.00000000
         0    3    0         0    0    3       -0.00000595  -0.00000000
         0    3    0         0    3    0        0.99976802  -0.00000000
         1   -2    2         0    3    0       -0.00000181   0.00000000
         1   -2    2         1   -2    2        0.99977751  -0.00000000
         1    2   -2         1   -2    2        0.00004294   0.00000000
         1    2   -2         1    2   -2        0.99977751  -0.00000000
         3   -1   -1         1    2   -2        0.00003402  -0.00000000
         3   -1   -1         3   -1   -1        0.99976802  -0.00000000
         3    3    3         3   -1   -1        0.00001195   0.00000000
         3    3    3         3    3    3        0.99976802  -0.00000000
         4    1    2         3    3    3        0.00000836   0.00000000
         4    1    2         4    1    2        0.99977751  -0.00000000
         4    2    1         4    1    2       -0.00006651  -0.00000000
         4    2    1         4    2    1        0.99977751   0.00000000
        -3   -4   -1         4    2    1        0.00001253   0.00000000
        -3   -4   -1        -3   -4   -1        0.99987723   0.00000000
        -3   -3    0        -3   -4   -1        0.00000000   0.00000000
        -3   -3    0        -3   -3    0        0.99987723  -0.00000000
        -4   -3   -1        -3   -3    0       -0.00000376   0.00000000
        -4   -3   -1        -4   -3   -1        0.99992841  -0.00000000
        -4   -2   -4        -4   -3   -1       -0.00000495  -0.00000000
        -4   -2   -4        -4   -2   -4        0.99992841   0.00000000
        -4   -1   -3        -4   -2   -4        0.00000404   0.00000000
        -4   -1   -3        -4   -1   -3        0.99992841   0.00000000
        -4   -1   -1        -4   -1   -3       -0.00000198  -0.00000000
        -4   -1   -1        -4   -1   -1        0.99991410   0.00000000
        -2   -5   -3        -4   -1   -1        0.00000366   0.00000000
        -2   -5   -3        -2   -5   -3        0.99991607   0.00000000
        -2   -4    0        -2   -5   -3       -0.00000035   0.00000000
        -2   -4    0        -2   -4    0        0.99992841  -0.00000000
        -2   -3   -5        -2   -4    0        0.00000676  -0.00000000
        -2   -3   -5        -2   -3   -5        0.99991607   0.00000000
        -2   -3    1        -2   -3   -5       -0.00000112  -0.00000000
        -2   -3    1        -2   -3    1        0.99992841  -0.00000000
        -2    0   -4        -2   -3    1       -0.00000059  -0.00000000
        -2    0   -4        -2    0   -4        0.99992841  -0.00000000
        -2    0    2        -2    0   -4       -0.00000112   0.00000000
        -2    0    2        -2    0    2        0.99991607   0.00000000
        -2    1   -3        -2    0    2        0.00000676  -0.00000000
        -2    1   -3        -2    1   -3        0.99992841  -0.00000000
        -2    2    0        -2    1   -3       -0.00000035  -0.00000000
        -2    2    0        -2    2    0        0.99991607   0.00000000
         0   -4    0        -2    2    0       -0.00000625   0.00000000
         0   -4    0         0   -4    0        0.99991410  -0.00000000
         0   -1    3         0   -4    0       -0.00000286  -0.00000000
         0   -1    3         0   -1    3        0.99991410  -0.00000000
         0    0   -4         0   -1    3       -0.00001004  -0.00000000
         0    0   -4         0    0   -4        0.99991410  -0.00000000
         0    3   -1         0    0   -4       -0.00000286  -0.00000000
         0    3   -1         0    3   -1        0.99991410  -0.00000000
         2   -3   -1         0    3   -1       -0.00000625  -0.00000000
         2   -3   -1         2   -3   -1        0.99991607   0.00000000
         2   -2    2         2   -3   -1       -0.00000035  -0.00000000
         2   -2    2         2   -2    2        0.99992841  -0.00000000
         2   -1   -3         2   -2    2        0.00000676   0.00000000
         2   -1   -3         2   -1   -3        0.99991607   0.00000000
         2   -1    3         2   -1   -3       -0.00000112   0.00000000
         2   -1    3         2   -1    3        0.99992841  -0.00000000
         2    2   -2         2   -1    3       -0.00000059  -0.00000000
         2    2   -2         2    2   -2        0.99992841  -0.00000000
         2    2    4         2    2   -2       -0.00000112  -0.00000000
         2    2    4         2    2    4        0.99991607  -0.00000000
         2    3   -1         2    2    4        0.00000676  -0.00000000
         2    3   -1         2    3   -1        0.99992841  -0.00000000
         2    4    2         2    3   -1       -0.00000035  -0.00000000
         2    4    2         2    4    2        0.99991607  -0.00000000
         4    0    0         2    4    2        0.00000366  -0.00000000
         4    0    0         4    0    0        0.99991410   0.00000000
         4    0    2         4    0    0       -0.00000198  -0.00000000
         4    0    2         4    0    2        0.99992841  -0.00000000
         4    1    3         4    0    2        0.00000404   0.00000000
         4    1    3         4    1    3        0.99992841  -0.00000000
         4    2    0         4    1    3       -0.00000495   0.00000000
         4    2    0         4    2    0        0.99992841   0.00000000
         4    3    1         4    2    0        0.00000404  -0.00000000
         4    3    1         4    3    1        0.99992841  -0.00000000
         4    3    3         4    3    1       -0.00000198   0.00000000
         4    3    3         4    3    3        0.99991410  -0.00000000
        -3   -5   -3         4    3    3       -0.00001179  -0.00000000
        -3   -5   -3        -3   -5   -3        0.99993131  -0.00000000
        -3   -3   -5        -3   -5   -3        0.00001551   0.00000000
        -3   -3   -5        -3   -3   -5        0.99993131   0.00000000
         3   -1   -2        -3   -3   -5       -0.00000152  -0.00000000
         3   -1   -2         3   -1   -2        0.99995409  -0.00000000
         3    1   -2         3   -1   -2       -0.00000221  -0.00000000
         3    1   -2         3    1   -2        0.99995608  -0.00000000
         3    1    4         3    1   -2       -0.00000077  -0.00000000
         3    1    4         3    1    4        0.99995608  -0.00000000
         3    3    4         3    1    4       -0.00000221   0.00000000
         3    3    4         3    3    4        0.99995409  -0.00000000
         3    4    1         3    3    4       -0.00000195  -0.00000000
         3    4    1         3    4    1        0.99995608   0.00000000
         3    4    3         3    4    1       -0.00000221   0.00000000
         3    4    3         3    4    3        0.99995409   0.00000000
        -2   -5   -4         3    4    3       -0.00001627  -0.00000000
        -2   -5   -4        -2   -5   -4        0.99996223  -0.00000000
        -2   -4   -5        -2   -5   -4       -0.00002477   0.00000000
        -2   -4   -5        -2   -4   -5        0.99996223  -0.00000000
        -2    1    2        -2   -4   -5        0.00000054   0.00000000
        -2    1    2        -2    1    2        0.99996223   0.00000000
        -2    2    1        -2    1    2       -0.00002477   0.00000000
        -2    2    1        -2    2    1        0.99996223  -0.00000000
        -1   -5   -3        -2    2    1       -0.00000252  -0.00000000
        -1   -5   -3        -1   -5   -3        0.99996223  -0.00000000
        -1   -3   -5        -1   -5   -3        0.00000402   0.00000000
        -1   -3   -5        -1   -3   -5        0.99996223  -0.00000000
        -1    1    3        -1   -3   -5       -0.00001790  -0.00000000
        -1    1    3        -1    1    3        0.99996223   0.00000000
        -1    3    1        -1    1    3        0.00000402  -0.00000000
        -1    3    1        -1    3    1        0.99996223  -0.00000000
         1   -4   -2        -1    3    1        0.00002616   0.00000000
         1   -4   -2         1   -4   -2        0.99996223   0.00000000
         1   -2   -4         1   -4   -2        0.00000402  -0.00000000
         1   -2   -4         1   -2   -4        0.99996223   0.00000000
         1    2    4         1   -2   -4       -0.00001790   0.00000000
         1    2    4         1    2    4        0.99996223  -0.00000000
         1    4    2         1    2    4        0.00000402   0.00000000
         1    4    2         1    4    2        0.99996223   0.00000000
         2   -3   -2         1    4    2       -0.00000252  -0.00000000
         2   -3   -2         2   -3   -2        0.99996223   0.00000000
         2   -2   -3         2   -3   -2       -0.00002477  -0.00000000
         2   -2   -3         2   -2   -3        0.99996223   0.00000000
         2    3    4         2   -2   -3        0.00000054  -0.00000000
         2    3    4         2    3    4        0.99996223  -0.00000000
         2    4    3         2    3    4       -0.00002477   0.00000000
         2    4    3         2    4    3        0.99996223   0.00000000
        -4   -5   -3         2    4    3       -0.00000304  -0.00000000
        -4   -5   -3        -4   -5   -3        0.99997416  -0.00000000
        -4   -3   -5        -4   -5   -3        0.00000110   0.00000000
        -4   -3   -5        -4   -3   -5        0.99997416  -0.00000000
        -4   -2    0        -4   -3   -5        0.00000147  -0.00000000
        -4   -2    0        -4   -2    0        0.99997416  -0.00000000
        -4    0   -2        -4   -2    0        0.00000110  -0.00000000
        -4    0   -2        -4    0   -2        0.99997416  -0.00000000
        -2   -5   -1        -4    0   -2        0.00000205  -0.00000000
        -2   -5   -1        -2   -5   -1        0.99997416  -0.00000000
        -2   -2    2        -2   -5   -1       -0.00000041  -0.00000000
        -2   -2    2        -2   -2    2        0.99997416  -0.00000000
        -2   -1   -5        -2   -2    2       -0.00000321   0.00000000
        -2   -1   -5        -2   -1   -5        0.99997416  -0.00000000
        -2    2   -2        -2   -1   -5       -0.00000041   0.00000000
        -2    2   -2        -2    2   -2        0.99997416  -0.00000000
         0   -4   -4        -2    2   -2       -0.00000122  -0.00000000
         0   -4   -4         0   -4   -4        0.99997713  -0.00000000
         0    3    3         0   -4   -4       -0.00000000  -0.00000000
         0    3    3         0    3    3        0.99997713  -0.00000000
         4    3    0         0    3    3       -0.00000057   0.00000000
         4    3    0         4    3    0        0.99997958   0.00000000
         4    3    4         4    3    0       -0.00000232  -0.00000000
         4    3    4         4    3    4        0.99997438   0.00000000
         4    4    3         4    3    4       -0.00001881   0.00000000
         4    4    3         4    4    3        0.99997438   0.00000000
         5    2    2         4    4    3       -0.00000079  -0.00000000
         5    2    2         5    2    2        0.99997479   0.00000000
        -5   -4   -3         5    2    2       -0.00000901  -0.00000000
        -5   -4   -3        -5   -4   -3        0.99998393  -0.00000000
        -5   -3   -4        -5   -4   -3       -0.00000974   0.00000000
        -5   -3   -4        -5   -3   -4        0.99998393  -0.00000000
        -5   -3   -2        -5   -3   -4       -0.00000211  -0.00000000
        -5   -3   -2        -5   -3   -2        0.99998393   0.00000000
        -5   -2   -3        -5   -3   -2       -0.00000974   0.00000000
        -5   -2   -3        -5   -2   -3        0.99998393   0.00000000
        -1   -5   -4        -5   -2   -3       -0.00000071  -0.00000000
        -1   -5   -4        -1   -5   -4        0.99998454  -0.00000000
        -1   -4   -5        -1   -5   -4       -0.00001024   0.00000000
        -1   -4   -5        -1   -4   -5        0.99998454   0.00000000
        -1   -4    1        -1   -4   -5        0.00000028   0.00000000
        -1   -4    1        -1   -4    1        0.99998393   0.00000000
        -1   -3    2        -1   -4    1        0.00000120   0.00000000
        -1   -3    2        -1   -3    2        0.99998393   0.00000000
        -1    1   -4        -1   -3    2       -0.00000016   0.00000000
        -1    1   -4        -1    1   -4        0.99998393  -0.00000000
        -1    2   -3        -1    1   -4        0.00000120   0.00000000
        -1    2   -3        -1    2   -3        0.99998393  -0.00000000
        -1    2    3        -1    2   -3        0.00000028  -0.00000000
        -1    2    3        -1    2    3        0.99998454   0.00000000
        -1    3    2        -1    2    3       -0.00001024   0.00000000
        -1    3    2        -1    3    2        0.99998454   0.00000000
         1   -4   -3        -1    3    2        0.00000000   0.00000000
         1   -4   -3         1   -4   -3        0.99998454   0.00000000
         1   -3   -4         1   -4   -3       -0.00001024  -0.00000000
         1   -3   -4         1   -3   -4        0.99998454   0.00000000
         1   -3    2         1   -3   -4        0.00000028  -0.00000000
         1   -3    2         1   -3    2        0.99998393  -0.00000000
         1   -2    3         1   -3    2        0.00000120   0.00000000
         1   -2    3         1   -2    3        0.99998393   0.00000000
         1    2   -3         1   -2    3       -0.00000016  -0.00000000
         1    2   -3         1    2   -3        0.99998393   0.00000000
         1    3   -2         1    2   -3        0.00000120   0.00000000
         1    3   -2         1    3   -2        0.99998393  -0.00000000
         1    3    4         1    3   -2        0.00000028  -0.00000000
         1    3    4         1    3    4        0.99998454  -0.00000000
         1    4    3         1    3    4       -0.00001024   0.00000000
         1    4    3         1    4    3        0.99998454  -0.00000000
         5    1    2         1    4    3       -0.00000071   0.00000000
         5    1    2         5    1    2        0.99998393   0.00000000
         5    2    1         5    1    2       -0.00000974  -0.00000000
         5    2    1         5    2    1        0.99998393  -0.00000000
         5    2    3         5    2    1       -0.00000211   0.00000000
         5    2    3         5    2    3        0.99998393  -0.00000000
         5    3    2         5    2    3       -0.00000974  -0.00000000
         5    3    2         5    3    2        0.99998393  -0.00000000
        -5   -4   -4         5    3    2        0.00000680  -0.00000000
        -5   -4   -4        -5   -4   -4        0.99998489  -0.00000000
        -5   -2   -2        -5   -4   -4        0.00000443   0.00000000
        -5   -2   -2        -5   -2   -2        0.99998489   0.00000000
        -4   -5   -2        -5   -2   -2       -0.00000133  -0.00000000
        -4   -5   -2        -4   -5   -2        0.99998641  -0.00000000
        -4   -3    0        -4   -5   -2        0.00000564  -0.00000000
        -4   -3    0        -4   -3    0        0.99998641  -0.00000000
         0   -5   -3        -4   -3    0       -0.00000068   0.00000000
         0   -5   -3         0   -5   -3        0.99999028   0.00000000
         0   -5   -1         0   -5   -3       -0.00000136  -0.00000000
         0   -5   -1         0   -5   -1        0.99999008   0.00000000
         0   -3   -5         0   -5   -1       -0.00000066  -0.00000000
         0   -3   -5         0   -3   -5        0.99999028  -0.00000000
         0   -1   -5         0   -3   -5       -0.00000136  -0.00000000
         0   -1   -5         0   -1   -5        0.99999008   0.00000000
         0    0    4         0   -1   -5       -0.00000337  -0.00000000
         0    0    4         0    0    4        0.99999008   0.00000000
         0    2    4         0    0    4       -0.00000136   0.00000000
         0    2    4         0    2    4        0.99999028  -0.00000000
         0    4    0         0    2    4       -0.00000066   0.00000000
         0    4    0         0    4    0        0.99999008  -0.00000000
         0    4    2         0    4    0       -0.00000136   0.00000000
         0    4    2         0    4    2        0.99999028  -0.00000000
         2   -3   -3         0    4    2        0.00000000   0.00000000
         2   -3   -3         2   -3   -3        0.99999028   0.00000000
         2    4    4         2   -3   -3        0.00000115   0.00000000
         2    4    4         2    4    4        0.99999028  -0.00000000
         4   -1   -1         2    4    4       -0.00000162  -0.00000000
         4   -1   -1         4   -1   -1        0.99999008  -0.00000000
         4    4    4         4   -1   -1        0.00000083   0.00000000
         4    4    4         4    4    4        0.99999008  -0.00000000
        -5   -4   -2         4    4    4        0.00000022  -0.00000000
        -5   -4   -2        -5   -4   -2        0.99999109  -0.00000000
        -5   -2   -4        -5   -4   -2       -0.00000045   0.00000000
        -5   -2   -4        -5   -2   -4        0.99999109  -0.00000000
        -2   -4    1        -5   -2   -4       -0.00000000  -0.00000000
        -2   -4    1        -2   -4    1        0.99999109  -0.00000000
        -2    1   -4        -2   -4    1        0.00000070  -0.00000000
        -2    1   -4        -2    1   -4        0.99999109  -0.00000000
         2   -2    3        -2    1   -4        0.00000643  -0.00000000
         2   -2    3         2   -2    3        0.99999109  -0.00000000
         2    3   -2         2   -2    3        0.00000070   0.00000000
         2    3   -2         2    3   -2        0.99999109  -0.00000000
         5    1    3         2    3   -2       -0.00000000  -0.00000000
         5    1    3         5    1    3        0.99999109   0.00000000
         5    3    1         5    1    3       -0.00000045  -0.00000000
         5    3    1         5    3    1        0.99999109   0.00000000
        -5   -5   -4         5    3    1        0.00000211  -0.00000000
        -5   -5   -4        -5   -5   -4        0.99999341  -0.00000000
        -5   -4   -5        -5   -5   -4       -0.00000470   0.00000000
        -5   -4   -5        -5   -4   -5        0.99999341  -0.00000000
        -5   -2   -1        -5   -4   -5        0.00000048  -0.00000000
        -5   -2   -1        -5   -2   -1        0.99999341  -0.00000000
        -5   -1   -2        -5   -2   -1       -0.00000470  -0.00000000
        -5   -1   -2        -5   -1   -2        0.99999341  -0.00000000
        -3   -6   -3        -5   -1   -2       -0.00000050   0.00000000
        -3   -6   -3        -3   -6   -3        0.99999354   0.00000000
        -3   -3   -6        -3   -6   -3        0.00000130  -0.00000000
        -3   -3   -6        -3   -3   -6        0.99999354  -0.00000000
        -3   -1    2        -3   -3   -6        0.00000070   0.00000000
        -3   -1    2        -3   -1    2        0.99999354  -0.00000000
        -3    2   -1        -3   -1    2        0.00000130  -0.00000000
        -3    2   -1        -3    2   -1        0.99999354   0.00000000
        -1   -5    0        -3    2   -1       -0.00000005   0.00000000
        -1   -5    0        -1   -5    0        0.99999341  -0.00000000
        -1   -2    3        -1   -5    0       -0.00000023  -0.00000000
        -1   -2    3        -1   -2    3        0.99999341  -0.00000000
        -1    0   -5        -1   -2    3        0.00000193  -0.00000000
        -1    0   -5        -1    0   -5        0.99999341   0.00000000
        -1    3   -2        -1    0   -5       -0.00000023   0.00000000
        -1    3   -2        -1    3   -2        0.99999341  -0.00000000
         2    2   -3        -1    3   -2       -0.00000028   0.00000000
         2    2   -3         2    2   -3        0.99999431  -0.00000000
         2    2    5         2    2   -3        0.00000017  -0.00000000
         2    2    5         2    2    5        0.99999400  -0.00000000
         2    4   -1         2    2    5        0.00000046  -0.00000000
         2    4   -1         2    4   -1        0.99999431  -0.00000000
         2    5    2         2    4   -1        0.00000158  -0.00000000
         2    5    2         2    5    2        0.99999400   0.00000000
         3   -3   -1         2    5    2       -0.00000031   0.00000000
         3   -3   -1         3   -3   -1        0.99999400  -0.00000000
         3   -1   -3         3   -3   -1       -0.00000083  -0.00000000
         3   -1   -3         3   -1   -3        0.99999400   0.00000000
         3    3    5         3   -1   -3        0.00000099   0.00000000
         3    3    5         3    3    5        0.99999400  -0.00000000
         3    5    3         3    3    5       -0.00000083   0.00000000
         3    5    3         3    5    3        0.99999400   0.00000000
         5    0    2         3    5    3       -0.00000026   0.00000000
         5    0    2         5    0    2        0.99999431   0.00000000
         5    2    0         5    0    2       -0.00000080  -0.00000000
         5    2    0         5    2    0        0.99999431   0.00000000
         5    2    4         5    2    0       -0.00000061   0.00000000
         5    2    4         5    2    4        0.99999431   0.00000000
         5    4    2         5    2    4       -0.00000080   0.00000000
         5    4    2         5    4    2        0.99999431  -0.00000000
        -4   -6   -4         5    4    2        0.00000186  -0.00000000
        -4   -6   -4        -4   -6   -4        0.99999565   0.00000000
        -4   -5   -1        -4   -6   -4        0.00000100   0.00000000
        -4   -5   -1        -4   -5   -1        0.99999597   0.00000000
        -4   -4   -6        -4   -5   -1       -0.00000052  -0.00000000
        -4   -4   -6        -4   -4   -6        0.99999565   0.00000000
        -4   -4    0        -4   -4   -6        0.00000013   0.00000000
        -4   -4    0        -4   -4    0        0.99999597  -0.00000000
        -4   -1   -5        -4   -4    0       -0.00000005  -0.00000000
        -4   -1   -5        -4   -1   -5        0.99999597  -0.00000000
        -4   -1    1        -4   -1   -5        0.00000013  -0.00000000
        -4   -1    1        -4   -1    1        0.99999565  -0.00000000
        -4    0   -4        -4   -1    1       -0.00000052   0.00000000
        -4    0   -4        -4    0   -4        0.99999597   0.00000000
        -4    1   -1        -4    0   -4        0.00000100   0.00000000
        -4    1   -1        -4    1   -1        0.99999565  -0.00000000
        -2   -6   -4        -4    1   -1       -0.00000053   0.00000000
        -2   -6   -4        -2   -6   -4        0.99999573   0.00000000
        -2   -6   -2        -2   -6   -4       -0.00000046  -0.00000000
        -2   -6   -2        -2   -6   -2        0.99999565   0.00000000
        -2   -4   -6        -2   -6   -2       -0.00000023  -0.00000000
        -2   -4   -6        -2   -4   -6        0.99999573  -0.00000000
        -2   -2   -6        -2   -4   -6       -0.00000046   0.00000000
        -2   -2   -6        -2   -2   -6        0.99999565   0.00000000
        -2   -1    3        -2   -2   -6       -0.00000093  -0.00000000
        -2   -1    3        -2   -1    3        0.99999565   0.00000000
        -2    1    3        -2   -1    3       -0.00000046   0.00000000
        -2    1    3        -2    1    3        0.99999573  -0.00000000
        -2    3   -1        -2    1    3       -0.00000023   0.00000000
        -2    3   -1        -2    3   -1        0.99999565  -0.00000000
        -2    3    1        -2    3   -1       -0.00000046   0.00000000
        -2    3    1        -2    3    1        0.99999573  -0.00000000
         2   -4   -2        -2    3    1       -0.00000000   0.00000000
         2   -4   -2         2   -4   -2        0.99999573   0.00000000
         2   -4    0         2   -4   -2       -0.00000046  -0.00000000
         2   -4    0         2   -4    0        0.99999565  -0.00000000
         2   -2   -4         2   -4    0       -0.00000023  -0.00000000
         2   -2   -4         2   -2   -4        0.99999573   0.00000000
         2    0   -4         2   -2   -4       -0.00000046  -0.00000000
         2    0   -4         2    0   -4        0.99999565  -0.00000000
         1   -4   -4         2    0   -4        0.00000021   0.00000000
         1   -4   -4         1   -4   -4        0.99999624   0.00000000
         1    4    4         1   -4   -4        0.00000143  -0.00000000
         1    4    4         1    4    4        0.99999624   0.00000000
         3   -3    1         1    4    4       -0.00000047  -0.00000000
         3   -3    1         3   -3    1        0.99999615   0.00000000
         3    1   -3         3   -3    1        0.00000011   0.00000000
         3    1   -3         3    1   -3        0.99999615  -0.00000000
         3    1    5         3    1   -3       -0.00000007  -0.00000000
         3    1    5         3    1    5        0.99999615   0.00000000
         3    5    1         3    1    5        0.00000011   0.00000000
         3    5    1         3    5    1        0.99999615   0.00000000
         4   -2    1         3    5    1       -0.00000039   0.00000000
         4   -2    1         4   -2    1        0.99999615  -0.00000000
         4    1   -2         4   -2    1        0.00000040  -0.00000000
         4    1   -2         4    1   -2        0.99999615   0.00000000
         4    2    5         4    1   -2       -0.00000026   0.00000000
         4    2    5         4    2    5        0.99999615  -0.00000000
         4    5    2         4    2    5        0.00000040  -0.00000000
         4    5    2         4    5    2        0.99999615  -0.00000000
         5    0    0         4    5    2        0.00000005  -0.00000000
         5    0    0         5    0    0        0.99999682  -0.00000000
         5    4    4         5    0    0        0.00000072  -0.00000000
         5    4    4         5    4    4        0.99999682   0.00000000


     q= 0.2500 0.5000 0.7500  nmtx=     560  nrk= 16

           independent matrix elements of chi       spin index= 1 1

          g          g**2          gp          gp**2          chi(g,gp)
   -1   -1   -1   0.46868        -1   -1   -1   0.46868       -0.0358757188   0.0000000000
    0   -1   -1   0.46868         0   -1   -1   0.46868       -0.0358757188   0.0000000000
    0    0   -1   0.46868         0    0   -1   0.46868       -0.0358757188   0.0000000000
    0    0    0   0.46868        -1   -1   -1   0.46868        0.0034676117  -0.0000000000
    0    0    0   0.46868         0   -1   -1   0.46868        0.0000000000  -0.0000000000
    0    0    0   0.46868         0    0   -1   0.46868       -0.0034676117   0.0000000000
    0    0    0   0.46868         0    0    0   0.46868       -0.0358757188   0.0000000000
    0    0    0   0.46868        -1   -1   -2   1.21856       -0.0030518547  -0.0000000000
    0    0    0   0.46868        -1    0   -1   1.21856        0.0000000000   0.0000000000
    0    0    0   0.46868         0   -1    0   1.21856       -0.0064508950   0.0000000000
    0    0    0   0.46868         1    0    0   1.21856       -0.0064508950   0.0000000000
    0    0    0   0.46868        -1   -2   -2   1.96844        0.0004302129  -0.0000000000
    0    0    0   0.46868        -1   -2   -1   1.96844        0.0001270033  -0.0000000000
    0    0    0   0.46868        -1   -1    0   1.96844        0.0001072256  -0.0000000000
    0    0    0   0.46868        -1    0    0   1.96844       -0.0079149166   0.0000000000
    0    0    0   0.46868         0   -1   -2   1.96844        0.0004302129   0.0000000000
    0    0    0   0.46868         0    1    0   1.96844       -0.0079149166   0.0000000000
    0    0    0   0.46868         1    0   -1   1.96844       -0.0001270033   0.0000000000
    0    0    0   0.46868         1    1    0   1.96844        0.0001072256  -0.0000000000
    0    0    0   0.46868        -2   -2   -2   2.71832        0.0045070332  -0.0000000000
    0    0    0   0.46868        -2   -1   -2   2.71832        0.0009410806  -0.0000000000
    0    0    0   0.46868        -2   -1   -1   2.71832        0.0005101813   0.0000000000
    0    0    0   0.46868        -1    0   -2   2.71832        0.0009410806  -0.0000000000
    0    0    0   0.46868         0   -2   -1   2.71832        0.0017861842   0.0000000000
    0    0    0   0.46868         0    0   -2   2.71832        0.0045070332  -0.0000000000
    0    0    0   0.46868         0    0    1   2.71832       -0.0077438956   0.0000000000
    0    0    0   0.46868         0    1   -1   2.71832       -0.0005101813   0.0000000000
    0    0    0   0.46868         1   -1   -1   2.71832       -0.0017861842  -0.0000000000
    0    0    0   0.46868         1   -1    0   2.71832       -0.0013856624   0.0000000000
    0    0    0   0.46868         1    0    1   2.71832       -0.0000000000   0.0000000000
    0    0    0   0.46868         1    1    1   2.71832        0.0077438956   0.0000000000
    0    0    0   0.46868        -2   -2   -1   3.46820        0.0001086673   0.0000000000
    0    0    0   0.46868         0   -2   -2   3.46820        0.0005227045   0.0000000000
    0    0    0   0.46868         0    1    1   3.46820       -0.0000000000   0.0000000000
    0    0    0   0.46868         1    1   -1   3.46820       -0.0001086673  -0.0000000000
    0    0    0   0.46868         1   -2   -1   5.71784       -0.0000000000   0.0000000000
    0    0    0   0.46868         1    1    2   5.71784        0.0003125129  -0.0000000000
    0    0    0   0.46868         2    0   -1   5.71784        0.0009286917  -0.0000000000
    0    0    0   0.46868         2    2    1   5.71784       -0.0022340287  -0.0000000000
    0    0    0   0.46868        -3   -2   -3   6.46772        0.0011256659   0.0000000000
    0    0    0   0.46868        -3   -1   -2   6.46772        0.0007637682  -0.0000000000
    0    0    0   0.46868        -2   -3   -1   6.46772        0.0002193177   0.0000000000
    0    0    0   0.46868        -2   -2    0   6.46772       -0.0018162837   0.0000000000
    0    0    0   0.46868        -1   -3   -3   6.46772        0.0003959614  -0.0000000000
    0    0    0   0.46868        -1    0   -3   6.46772       -0.0011256659   0.0000000000
    0    0    0   0.46868        -1    1   -2   6.46772        0.0007637682  -0.0000000000
    0    0    0   0.46868        -1    1    1   6.46772        0.0012019714   0.0000000000
    0    0    0   0.46868         0   -2   -3   6.46772       -0.0003959614  -0.0000000000
    0    0    0   0.46868         0    2    1   6.46772       -0.0012019714   0.0000000000
    0    0    0   0.46868         1   -2    0   6.46772        0.0004478156  -0.0000000000
    0    0    0   0.46868         1    0    2   6.46772       -0.0015244458  -0.0000000000
    0    0    0   0.46868         2   -1    0   6.46772        0.0004478156  -0.0000000000
    0    0    0   0.46868         2    1   -1   6.46772       -0.0002193177  -0.0000000000
    0    0    0   0.46868         2    1    2   6.46772       -0.0015244458  -0.0000000000
    0    0    0   0.46868         2    2    0   6.46772       -0.0018162837  -0.0000000000
    0    0    0   0.46868        -3   -3   -3   7.21760        0.0001469101  -0.0000000000
    0    0    0   0.46868        -3   -3   -2   7.21760        0.0009038803  -0.0000000000
    0    0    0   0.46868        -3   -2   -1   7.21760        0.0003144867  -0.0000000000
    0    0    0   0.46868        -3   -1   -1   7.21760        0.0000359718  -0.0000000000
    0    0    0   0.46868         0   -3   -2   7.21760       -0.0003399611   0.0000000000
    0    0    0   0.46868         0   -3   -1   7.21760       -0.0004162963   0.0000000000
    0    0    0   0.46868         0    0   -3   7.21760       -0.0001469101   0.0000000000
    0    0    0   0.46868         0    0    2   7.21760       -0.0017978307  -0.0000000000
    0    0    0   0.46868         0    1    2   7.21760       -0.0009328093   0.0000000000
    0    0    0   0.46868         0    2   -1   7.21760       -0.0000359718   0.0000000000
    0    0    0   0.46868         1   -2   -2   7.21760       -0.0003399611   0.0000000000
    0    0    0   0.46868         1    1   -2   7.21760        0.0009038803  -0.0000000000
    0    0    0   0.46868        -1    2   -1   9.46725        0.0006212847  -0.0000000000
    0    0    0   0.46868         0   -3   -3   9.46725        0.0000000000  -0.0000000000
    0    0    0   0.46868         0   -3    0   9.46725       -0.0004303885   0.0000000000
    0    0    0   0.46868         0   -1    2   9.46725        0.0002050831   0.0000000000
    0    0    0   0.46868         0    2    2   9.46725       -0.0009077321   0.0000000000
    0    0    0   0.46868         1   -2    1   9.46725        0.0007814159  -0.0000000000
    0    0    0   0.46868         1   -1   -3   9.46725       -0.0004369391  -0.0000000000
    0    0    0   0.46868         1   -1    2   9.46725       -0.0001636780  -0.0000000000
    0    0    0   0.46868         1    3    1   9.46725       -0.0002965864   0.0000000000
    0    0    0   0.46868         2    0   -2   9.46725        0.0005239020  -0.0000000000
    0    0    0   0.46868         2    2   -1   9.46725       -0.0004286719   0.0000000000
    0    0    0   0.46868         2    3    1   9.46725       -0.0002912701  -0.0000000000
    0    0    0   0.46868         3    0    0   9.46725       -0.0004303885   0.0000000000
    0    0    0   0.46868         3    0    1   9.46725       -0.0007814159   0.0000000000
    0    0    0   0.46868         3    1    2   9.46725       -0.0001636780   0.0000000000
    0    0    0   0.46868         3    2    2   9.46725        0.0002050831   0.0000000000
    0    0    0   0.46868        -3   -4   -3  10.21713       -0.0000158245  -0.0000000000
    0    0    0   0.46868        -3   -1    0  10.21713       -0.0005039825   0.0000000000
    0    0    0   0.46868        -2   -3    0  10.21713       -0.0006040266   0.0000000000
    0    0    0   0.46868        -1   -4   -2  10.21713       -0.0000205135  -0.0000000000
    0    0    0   0.46868        -1   -3   -4  10.21713        0.0002388703   0.0000000000
    0    0    0   0.46868        -1    0    2  10.21713        0.0000057233   0.0000000000
    0    0    0   0.46868        -1    2    1  10.21713        0.0000000000  -0.0000000000
    0    0    0   0.46868         1    0   -3  10.21713        0.0000158245  -0.0000000000
    0    0    0   0.46868         1    3    0  10.21713       -0.0005039825   0.0000000000
    0    0    0   0.46868         2   -1   -2  10.21713       -0.0000205135   0.0000000000
    0    0    0   0.46868         2    3    2  10.21713        0.0000057233  -0.0000000000
    0    0    0   0.46868         3    2    0  10.21713       -0.0006040266  -0.0000000000
    0    0    0   0.46868        -4   -3   -3  10.96701       -0.0000149334  -0.0000000000
    0    0    0   0.46868        -4   -2   -3  10.96701        0.0001158457  -0.0000000000
    0    0    0   0.46868        -4   -2   -2  10.96701        0.0002020421  -0.0000000000
    0    0    0   0.46868        -3   -4   -2  10.96701        0.0002963177   0.0000000000
    0    0    0   0.46868         1    2   -2  11.71689        0.0001977900  -0.0000000000
    0    0    0   0.46868         1    2    3  11.71689        0.0000000000   0.0000000000
    0    0    0   0.46868         2   -1    2  11.71689       -0.0004102148  -0.0000000000
    0    0    0   0.46868         3    0   -1  11.71689        0.0001217281  -0.0000000000
    0    0    0   0.46868         3    0    2  11.71689       -0.0004102148  -0.0000000000
    0    0    0   0.46868         3    1   -1  11.71689       -0.0001917900  -0.0000000000
    0    0    0   0.46868         3    3    1  11.71689        0.0002576037  -0.0000000000
    0    0    0   0.46868         3    3    2  11.71689        0.0005720425  -0.0000000000
    0    0    0   0.46868        -4   -3   -4  12.46677       -0.0000833446  -0.0000000000
    0    0    0   0.46868        -4   -1   -2  12.46677        0.0001247730  -0.0000000000
    0    0    0   0.46868        -1    0   -4  12.46677       -0.0000833446  -0.0000000000
    0    0    0   0.46868        -1    2   -2  12.46677        0.0001247730  -0.0000000000
    0    0    0   0.46868         1   -3    0  12.46677       -0.0000046630  -0.0000000000
    0    0    0   0.46868         1    0    3  12.46677       -0.0004517546  -0.0000000000
    0    0    0   0.46868         3   -1    0  12.46677       -0.0000046630  -0.0000000000
    0    0    0   0.46868         3    2    3  12.46677        0.0004517546   0.0000000000
    0    0    0   0.46868        -4   -4   -3  13.21665        0.0000107903  -0.0000000000
    0    0    0   0.46868        -4   -2   -4  13.21665        0.0000264633   0.0000000000
    0    0    0   0.46868        -4   -2   -1  13.21665        0.0000581311  -0.0000000000
    0    0    0   0.46868        -4   -1   -3  13.21665        0.0000702605  -0.0000000000
    0    0    0   0.46868        -2    0   -4  13.21665        0.0000264633  -0.0000000000
    0    0    0   0.46868        -2    1   -3  13.21665       -0.0000702605   0.0000000000
    0    0    0   0.46868         0   -4   -2  13.21665       -0.0001300619  -0.0000000000
    0    0    0   0.46868         0    1    3  13.21665       -0.0003048298   0.0000000000
    0    0    0   0.46868         1    1   -3  13.21665       -0.0000107903   0.0000000000
    0    0    0   0.46868         1    3   -1  13.21665       -0.0000581311   0.0000000000
    0    0    0   0.46868         2   -2   -2  13.21665       -0.0001300619  -0.0000000000
    0    0    0   0.46868         2   -2    1  13.21665        0.0002031355  -0.0000000000
    0    0    0   0.46868         2    0    3  13.21665       -0.0002836951  -0.0000000000
    0    0    0   0.46868         2    3    3  13.21665        0.0003048298  -0.0000000000
    0    0    0   0.46868         3   -1    1  13.21665       -0.0002031355   0.0000000000
    0    0    0   0.46868         3    1    3  13.21665        0.0002836951   0.0000000000
    0    0    0   0.46868         0   -4   -3  14.71641       -0.0000666543  -0.0000000000
    0    0    0   0.46868         0    2    3  14.71641       -0.0001620475   0.0000000000
    0    0    0   0.46868         1   -3   -3  14.71641        0.0000666543  -0.0000000000
    0    0    0   0.46868         1   -2    2  14.71641        0.0002088010   0.0000000000
    0    0    0   0.46868         1    3    3  14.71641        0.0001620475  -0.0000000000
    0    0    0   0.46868         2    2   -2  14.71641        0.0001186482   0.0000000000
    0    0    0   0.46868         2    3   -1  14.71641       -0.0000978119   0.0000000000
    0    0    0   0.46868         4    1    2  14.71641        0.0002088010   0.0000000000
    0    0    0   0.46868        -3   -5   -3  15.46630        0.0000583341  -0.0000000000
    0    0    0   0.46868        -3   -4   -5  15.46630       -0.0000124532   0.0000000000
    0    0    0   0.46868        -3   -1    1  15.46630       -0.0000798697  -0.0000000000
    0    0    0   0.46868        -3    1    0  15.46630       -0.0000933995   0.0000000000
    0    0    0   0.46868        -2   -5   -3  15.46630        0.0001325987   0.0000000000
    0    0    0   0.46868        -2    0    2  15.46630        0.0001696871   0.0000000000
    0    0    0   0.46868        -1   -4    0  15.46630       -0.0000878267  -0.0000000000
    0    0    0   0.46868        -1   -2   -5  15.46630        0.0000124532  -0.0000000000
    0    0    0   0.46868        -1   -2    2  15.46630        0.0002459230   0.0000000000
    0    0    0   0.46868        -1    3    0  15.46630       -0.0000933995   0.0000000000
    0    0    0   0.46868         2   -1   -3  15.46630       -0.0001325986  -0.0000000000
    0    0    0   0.46868         2    0   -3  15.46630       -0.0000583341   0.0000000000
    0    0    0   0.46868         2    4    1  15.46630        0.0000798697   0.0000000000
    0    0    0   0.46868         2    4    2  15.46630        0.0001696871   0.0000000000
    0    0    0   0.46868         4    1    0  15.46630       -0.0000878267  -0.0000000000
    0    0    0   0.46868         4    3    2  15.46630        0.0002459230   0.0000000000
    0    0    0   0.46868        -4   -3   -5  16.21618        0.0000311659   0.0000000000
    0    0    0   0.46868        -4   -1   -4  16.21618       -0.0000209941   0.0000000000
    0    0    0   0.46868        -4    0   -2  16.21618       -0.0000057520  -0.0000000000
    0    0    0   0.46868        -3   -5   -4  16.21618        0.0000144449   0.0000000000
    0    0    0   0.46868        -3    0   -4  16.21618       -0.0000209941  -0.0000000000
    0    0    0   0.46868        -3    0    1  16.21618       -0.0000642918  -0.0000000000
    0    0    0   0.46868        -2   -5   -2  16.21618        0.0000827137  -0.0000000000
    0    0    0   0.46868        -2   -4   -5  16.21618        0.0000393856  -0.0000000000
    0    0    0   0.46868         1   -2   -4  16.96606        0.0000927451  -0.0000000000
    0    0    0   0.46868         1    4    2  16.96606        0.0001228222   0.0000000000
    0    0    0   0.46868         2   -3   -1  16.96606        0.0000000000   0.0000000000
    0    0    0   0.46868         2    2    4  16.96606        0.0001067416  -0.0000000000
    0    0    0   0.46868         3    1   -2  16.96606        0.0000753770  -0.0000000000
    0    0    0   0.46868         3    4    1  16.96606        0.0001209632  -0.0000000000
    0    0    0   0.46868         4    0    0  16.96606       -0.0000479407  -0.0000000000
    0    0    0   0.46868         4    3    3  16.96606        0.0001487559   0.0000000000
    0    0    0   0.46868        -5   -3   -4  17.71594        0.0000814983   0.0000000000
    0    0    0   0.46868        -5   -2   -3  17.71594        0.0000723891  -0.0000000000
    0    0    0   0.46868        -4   -5   -4  17.71594       -0.0000046945   0.0000000000
    0    0    0   0.46868        -4   -5   -3  17.71594        0.0000406100  -0.0000000000
    0    0    0   0.46868        -4   -2   -5  17.71594        0.0000632195  -0.0000000000
    0    0    0   0.46868        -4   -2    0  17.71594       -0.0000493337   0.0000000000
    0    0    0   0.46868        -4   -1    0  17.71594       -0.0000181452  -0.0000000000
    0    0    0   0.46868        -4    0   -3  17.71594       -0.0000248931  -0.0000000000
    0    0    0   0.46868        -3   -1   -5  17.71594       -0.0000632195   0.0000000000
    0    0    0   0.46868        -3    1   -3  17.71594        0.0000248931   0.0000000000
    0    0    0   0.46868        -1   -5   -3  17.71594        0.0000236763  -0.0000000000
    0    0    0   0.46868        -1   -5   -2  17.71594       -0.0000287886   0.0000000000
    0    0    0   0.46868        -1    0    3  17.71594       -0.0001645543   0.0000000000
    0    0    0   0.46868        -1    1   -4  17.71594        0.0000814983  -0.0000000000
    0    0    0   0.46868        -1    1    3  17.71594       -0.0001443379   0.0000000000
    0    0    0   0.46868        -1    2   -3  17.71594       -0.0000723891  -0.0000000000
    0    0    0   0.46868         1    0   -4  17.71594       -0.0000046945   0.0000000000
    0    0    0   0.46868         1    4    0  17.71594       -0.0000181452   0.0000000000
    0    0    0   0.46868         2   -3    0  17.71594        0.0000045455   0.0000000000
    0    0    0   0.46868         2   -2   -3  17.71594       -0.0000236763  -0.0000000000
    0    0    0   0.46868         2   -2    2  17.71594        0.0000410788   0.0000000000
    0    0    0   0.46868         2   -1    3  17.71594       -0.0001405908  -0.0000000000
    0    0    0   0.46868         2    1   -3  17.71594       -0.0000406100  -0.0000000000
    0    0    0   0.46868         2    1    4  17.71594        0.0001309931   0.0000000000
    0    0    0   0.46868        -2   -5   -1  19.21570       -0.0000044975   0.0000000000
    0    0    0   0.46868        -2   -2    2  19.21570        0.0000684369   0.0000000000
    0    0    0   0.46868        -2    1   -4  19.21570        0.0000965714   0.0000000000
    0    0    0   0.46868        -1   -4   -5  19.21570       -0.0000000000  -0.0000000000
    0    0    0   0.46868        -1    3    2  19.21570       -0.0001285570   0.0000000000
    0    0    0   0.46868         0   -2   -5  19.21570       -0.0000240660  -0.0000000000
    0    0    0   0.46868         0    4    1  19.21570       -0.0000125273   0.0000000000
    0    0    0   0.46868         3   -2    1  19.21570       -0.0000000000  -0.0000000000
    0    0    0   0.46868         3    1    4  19.21570        0.0001084187  -0.0000000000
    0    0    0   0.46868         4    1   -1  19.21570        0.0000044975  -0.0000000000
    0    0    0   0.46868         4    3    0  19.21570        0.0000022670  -0.0000000000
    0    0    0   0.46868         4    4    2  19.21570        0.0000684369   0.0000000000
    0    0    0   0.46868        -4   -5   -5  19.96558       -0.0000220389   0.0000000000
    0    0    0   0.46868        -4   -5   -2  19.96558        0.0000685708  -0.0000000000
    0    0    0   0.46868        -4   -3    0  19.96558       -0.0000248917   0.0000000000
    0    0    0   0.46868        -4    0    0  19.96558       -0.0000276693   0.0000000000
    0    0    0   0.46868        -1   -5   -4  19.96558        0.0000422689  -0.0000000000
    0    0    0   0.46868        -1   -5   -1  19.96558       -0.0000319411   0.0000000000
    0    0    0   0.46868        -1   -1    3  19.96558       -0.0000221771  -0.0000000000
    0    0    0   0.46868        -1    2    3  19.96558       -0.0001001888  -0.0000000000
    0    0    0   0.46868         0   -1   -5  19.96558        0.0000220389  -0.0000000000
    0    0    0   0.46868         0    4    0  19.96558       -0.0000276693   0.0000000000
    0    0    0   0.46868         1   -3   -4  19.96558        0.0000422689   0.0000000000
    0    0    0   0.46868         1    4    3  19.96558        0.0001001888   0.0000000000
    0    0    0   0.46868         3    2   -2  19.96558        0.0000685708  -0.0000000000
    0    0    0   0.46868         3    4    0  19.96558       -0.0000248917   0.0000000000
    0    0    0   0.46868         4    0   -1  19.96558        0.0000319411  -0.0000000000
    0    0    0   0.46868         4    4    3  19.96558        0.0000221771   0.0000000000
    0    0    0   0.46868        -5   -4   -5  20.71546       -0.0000309659  -0.0000000000
    0    0    0   0.46868        -5   -4   -2  20.71546        0.0000888013  -0.0000000000
    0    0    0   0.46868        -5   -3   -5  20.71546        0.0000382818  -0.0000000000
    0    0    0   0.46868        -5   -1   -3  20.71546       -0.0000130851  -0.0000000000
    0    0    0   0.46868        -3   -4   -6  21.46534        0.0000452509   0.0000000000
    0    0    0   0.46868        -3    2    0  21.46534        0.0000207314   0.0000000000
    0    0    0   0.46868        -2   -3   -6  21.46534        0.0000452509  -0.0000000000
    0    0    0   0.46868        -2    3    0  21.46534        0.0000207314   0.0000000000
    0    0    0   0.46868        -1   -4    1  21.46534       -0.0000132650   0.0000000000
    0    0    0   0.46868        -1   -3    2  21.46534       -0.0000084425   0.0000000000
    0    0    0   0.46868         0   -5   -2  21.46534       -0.0000666765   0.0000000000
    0    0    0   0.46868         0    1    4  21.46534        0.0000298771   0.0000000000
    0    0    0   0.46868         1    1   -4  21.46534       -0.0000496657   0.0000000000
    0    0    0   0.46868         1    4   -1  21.46534        0.0000346954  -0.0000000000
    0    0    0   0.46868         3   -2   -2  21.46534       -0.0000666765   0.0000000000
    0    0    0   0.46868         3   -1    3  21.46534       -0.0000410447   0.0000000000
    0    0    0   0.46868         3    4    4  21.46534        0.0000298771   0.0000000000
    0    0    0   0.46868         4    0    3  21.46534        0.0000410447  -0.0000000000
    0    0    0   0.46868         5    2    1  21.46534        0.0000132650  -0.0000000000
    0    0    0   0.46868         5    3    2  21.46534       -0.0000084425   0.0000000000
    0    0    0   0.46868        -5   -5   -3  22.21522        0.0000085476  -0.0000000000
    0    0    0   0.46868        -5   -3   -1  22.21522        0.0000060529   0.0000000000
    0    0    0   0.46868        -4   -4   -6  22.21522        0.0000028394  -0.0000000000
    0    0    0   0.46868        -4   -3   -6  22.21522        0.0000489117  -0.0000000000
    0    0    0   0.46868        -4    1   -2  22.21522        0.0000053428  -0.0000000000
    0    0    0   0.46868        -4    1   -1  22.21522       -0.0000106228  -0.0000000000
    0    0    0   0.46868        -3   -2   -6  22.21522        0.0000489117   0.0000000000
    0    0    0   0.46868        -3    2   -2  22.21522        0.0000053428  -0.0000000000
    0    0    0   0.46868        -2   -2   -6  22.21522        0.0000028394  -0.0000000000
    0    0    0   0.46868        -2    3   -1  22.21522        0.0000106228   0.0000000000
    0    0    0   0.46868         0   -5   -3  22.21522       -0.0000657506  -0.0000000000
    0    0    0   0.46868         0   -4    1  22.21522       -0.0000275356  -0.0000000000
    0    0    0   0.46868         0   -2    3  22.21522        0.0000165927   0.0000000000
    0    0    0   0.46868         0    2    4  22.21522        0.0000426166  -0.0000000000
    0    0    0   0.46868         1   -3    2  22.21522        0.0000138287   0.0000000000
    0    0    0   0.46868         1   -2    3  22.21522        0.0000175153   0.0000000000
    0    0    0   0.46868         4   -1    2  22.96511        0.0000086424   0.0000000000
    0    0    0   0.46868         4    1    4  22.96511        0.0000342961  -0.0000000000
    0    0    0   0.46868         4    4    4  22.96511       -0.0000384569   0.0000000000
    0    0    0   0.46868         5    3    1  22.96511       -0.0000067461  -0.0000000000
    0    0    0   0.46868        -4   -6   -4  23.71499       -0.0000321122   0.0000000000
    0    0    0   0.46868        -4   -1    1  23.71499       -0.0000017957  -0.0000000000
    0    0    0   0.46868        -2   -6   -3  23.71499        0.0000715863   0.0000000000
    0    0    0   0.46868        -2    0    3  23.71499       -0.0000060139   0.0000000000
    0    0    0   0.46868         2    0   -4  23.71499       -0.0000321122   0.0000000000
    0    0    0   0.46868         2    5    1  23.71499        0.0000017957   0.0000000000
    0    0    0   0.46868         3   -1   -3  23.71499       -0.0000715863  -0.0000000000
    0    0    0   0.46868         3    5    3  23.71499        0.0000060139  -0.0000000000
    0    0    0   0.46868        -4   -6   -3  24.46487        0.0000182834  -0.0000000000
    0    0    0   0.46868        -4   -5   -6  24.46487       -0.0000410042  -0.0000000000
    0    0    0   0.46868        -4   -5   -1  24.46487        0.0000162885   0.0000000000
    0    0    0   0.46868        -4   -4    0  24.46487       -0.0000136020  -0.0000000000
    0    0    0   0.46868        -4   -2   -6  24.46487        0.0000712012  -0.0000000000
    0    0    0   0.46868        -4   -2    1  24.46487       -0.0000080844  -0.0000000000
    0    0    0   0.46868        -4    1   -3  24.46487       -0.0000000000  -0.0000000000
    0    0    0   0.46868        -4    1    0  24.46487       -0.0000283519   0.0000000000
    0    0    0   0.46868        -3   -5   -6  24.46487       -0.0000009721   0.0000000000
    0    0    0   0.46868        -3    2    1  24.46487        0.0000321980  -0.0000000000
    0    0    0   0.46868        -2   -6   -4  24.46487        0.0000618835   0.0000000000
    0    0    0   0.46868        -2   -5    0  24.46487       -0.0000043372  -0.0000000000
    0    0    0   0.46868        -2   -3    2  24.46487       -0.0000039387   0.0000000000
    0    0    0   0.46868        -2    1    3  24.46487       -0.0000040972   0.0000000000
    0    0    0   0.46868        -1   -5   -5  24.46487        0.0000567941  -0.0000000000
    0    0    0   0.46868        -1   -5    0  24.46487        0.0000177354   0.0000000000
    0    0    0   0.46868        -1   -3   -6  24.46487       -0.0000009721  -0.0000000000
    0    0    0   0.46868        -1   -2   -6  24.46487       -0.0000410042  -0.0000000000
    0    0    0   0.46868        -1   -2    3  24.46487        0.0000200575  -0.0000000000
    0    0    0   0.46868        -1    3    3  24.46487       -0.0000458695   0.0000000000
   -1   -1   -2   1.21856        -1   -1   -2   1.21856       -0.0355472805   0.0000000000
   -1    0   -1   1.21856        -1    0   -1   1.21856       -0.0355472805   0.0000000000
    0   -1    0   1.21856         0   -1    0   1.21856       -0.0355472805   0.0000000000
    1    0    0   1.21856         1    0    0   1.21856       -0.0355472805   0.0000000000
   -1   -2   -2   1.96844        -1   -2   -2   1.96844       -0.0307388200   0.0000000000
   -1   -2   -1   1.96844        -1   -2   -1   1.96844       -0.0307388200   0.0000000000
   -1   -1    0   1.96844        -1   -1    0   1.96844       -0.0307388200   0.0000000000
   -1    0    0   1.96844        -1    0    0   1.96844       -0.0307388200   0.0000000000
    0   -1   -2   1.96844         0   -1   -2   1.96844       -0.0307388200   0.0000000000
    0    1    0   1.96844         0    1    0   1.96844       -0.0307388200  -0.0000000000
    1    0   -1   1.96844         1    0   -1   1.96844       -0.0307388200   0.0000000000
    1    1    0   1.96844         1    1    0   1.96844       -0.0307388200   0.0000000000
   -2   -2   -2   2.71832        -2   -2   -2   2.71832       -0.0251806180   0.0000000000
   -2   -1   -2   2.71832        -2   -1   -2   2.71832       -0.0248546176   0.0000000000
   -2   -1   -1   2.71832        -2   -1   -1   2.71832       -0.0251806180   0.0000000000
   -1    0   -2   2.71832        -1    0   -2   2.71832       -0.0248546176   0.0000000000
    0   -2   -1   2.71832         0   -2   -1   2.71832       -0.0251806180  -0.0000000000
    0    0   -2   2.71832         0    0   -2   2.71832       -0.0251806180  -0.0000000000
    0    0    1   2.71832         0    0    1   2.71832       -0.0251806180   0.0000000000
    0    1   -1   2.71832         0    1   -1   2.71832       -0.0251806180   0.0000000000
    1   -1   -1   2.71832         1   -1   -1   2.71832       -0.0251806180  -0.0000000000
    1   -1    0   2.71832         1   -1    0   2.71832       -0.0248546176   0.0000000000
    1    0    1   2.71832         1    0    1   2.71832       -0.0248546176  -0.0000000000
    1    1    1   2.71832         1    1    1   2.71832       -0.0251806180   0.0000000000
   -2   -2   -1   3.46820        -2   -2   -1   3.46820       -0.0182369085  -0.0000000000
    0   -2   -2   3.46820         0   -2   -2   3.46820       -0.0182369085  -0.0000000000
    0    1    1   3.46820         0    1    1   3.46820       -0.0182369085  -0.0000000000
    1    1   -1   3.46820         1    1   -1   3.46820       -0.0182369085   0.0000000000
    1   -2   -1   5.71784         1   -2   -1   5.71784       -0.0054762695  -0.0000000000
    1    1    2   5.71784         1    1    2   5.71784       -0.0054762695   0.0000000000
    2    0   -1   5.71784         2    0   -1   5.71784       -0.0054328286   0.0000000000
    2    2    1   5.71784         2    2    1   5.71784       -0.0054328286   0.0000000000
   -3   -2   -3   6.46772        -3   -2   -3   6.46772       -0.0033887072   0.0000000000
   -3   -1   -2   6.46772        -3   -1   -2   6.46772       -0.0033887072   0.0000000000
   -2   -3   -1   6.46772        -2   -3   -1   6.46772       -0.0033609942  -0.0000000000
   -2   -2    0   6.46772        -2   -2    0   6.46772       -0.0033609942  -0.0000000000
   -1   -3   -3   6.46772        -1   -3   -3   6.46772       -0.0033609942   0.0000000000
   -1    0   -3   6.46772        -1    0   -3   6.46772       -0.0033887072   0.0000000000
   -1    1   -2   6.46772        -1    1   -2   6.46772       -0.0033887072  -0.0000000000
   -1    1    1   6.46772        -1    1    1   6.46772       -0.0033609942  -0.0000000000
    0   -2   -3   6.46772         0   -2   -3   6.46772       -0.0033609942   0.0000000000
    0    2    1   6.46772         0    2    1   6.46772       -0.0033609942   0.0000000000
    1   -2    0   6.46772         1   -2    0   6.46772       -0.0033887072  -0.0000000000
    1    0    2   6.46772         1    0    2   6.46772       -0.0033887072   0.0000000000
    2   -1    0   6.46772         2   -1    0   6.46772       -0.0033887072  -0.0000000000
    2    1   -1   6.46772         2    1   -1   6.46772       -0.0033609942  -0.0000000000
    2    1    2   6.46772         2    1    2   6.46772       -0.0033887072   0.0000000000
    2    2    0   6.46772         2    2    0   6.46772       -0.0033609942  -0.0000000000
   -3   -3   -3   7.21760        -3   -3   -3   7.21760       -0.0020144536  -0.0000000000
   -3   -3   -2   7.21760        -3   -3   -2   7.21760       -0.0020756556   0.0000000000
   -3   -2   -1   7.21760        -3   -2   -1   7.21760       -0.0020756556   0.0000000000
   -3   -1   -1   7.21760        -3   -1   -1   7.21760       -0.0020144536  -0.0000000000
    0   -3   -2   7.21760         0   -3   -2   7.21760       -0.0020756556  -0.0000000000
    0   -3   -1   7.21760         0   -3   -1   7.21760       -0.0020144536  -0.0000000000
    0    0   -3   7.21760         0    0   -3   7.21760       -0.0020144536  -0.0000000000
    0    0    2   7.21760         0    0    2   7.21760       -0.0020144536  -0.0000000000
    0    1    2   7.21760         0    1    2   7.21760       -0.0020756556   0.0000000000
    0    2   -1   7.21760         0    2   -1   7.21760       -0.0020144536  -0.0000000000
    1   -2   -2   7.21760         1   -2   -2   7.21760       -0.0020756556  -0.0000000000
    1    1   -2   7.21760         1    1   -2   7.21760       -0.0020756556   0.0000000000
   -1    2   -1   9.46725        -1    2   -1   9.46725       -0.0005388684  -0.0000000000
    0   -3   -3   9.46725         0   -3   -3   9.46725       -0.0005365322   0.0000000000
    0   -3    0   9.46725         0   -3    0   9.46725       -0.0005388684  -0.0000000000
    0   -1    2   9.46725         0   -1    2   9.46725       -0.0005388684   0.0000000000
    0    2    2   9.46725         0    2    2   9.46725       -0.0005365322   0.0000000000
    1   -2    1   9.46725         1   -2    1   9.46725       -0.0005538719   0.0000000000
    1   -1   -3   9.46725         1   -1   -3   9.46725       -0.0005786514   0.0000000000
    1   -1    2   9.46725         1   -1    2   9.46725       -0.0005538719  -0.0000000000
    1    3    1   9.46725         1    3    1   9.46725       -0.0005786514  -0.0000000000
    2    0   -2   9.46725         2    0   -2   9.46725       -0.0005786514   0.0000000000
    2    2   -1   9.46725         2    2   -1   9.46725       -0.0005365322   0.0000000000
    2    3    1   9.46725         2    3    1   9.46725       -0.0005786514   0.0000000000
    3    0    0   9.46725         3    0    0   9.46725       -0.0005388684   0.0000000000
    3    0    1   9.46725         3    0    1   9.46725       -0.0005538719  -0.0000000000
    3    1    2   9.46725         3    1    2   9.46725       -0.0005538719   0.0000000000
    3    2    2   9.46725         3    2    2   9.46725       -0.0005388684   0.0000000000
   -3   -4   -3  10.21713        -3   -4   -3  10.21713       -0.0003833328  -0.0000000000
   -3   -1    0  10.21713        -3   -1    0  10.21713       -0.0003833328  -0.0000000000
   -2   -3    0  10.21713        -2   -3    0  10.21713       -0.0003763686   0.0000000000
   -1   -4   -2  10.21713        -1   -4   -2  10.21713       -0.0003833328  -0.0000000000
   -1   -3   -4  10.21713        -1   -3   -4  10.21713       -0.0003763686   0.0000000000
   -1    0    2  10.21713        -1    0    2  10.21713       -0.0003833328   0.0000000000
   -1    2    1  10.21713        -1    2    1  10.21713       -0.0003763686  -0.0000000000
    1    0   -3  10.21713         1    0   -3  10.21713       -0.0003833328  -0.0000000000
    1    3    0  10.21713         1    3    0  10.21713       -0.0003833328   0.0000000000
    2   -1   -2  10.21713         2   -1   -2  10.21713       -0.0003833328  -0.0000000000
    2    3    2  10.21713         2    3    2  10.21713       -0.0003833328  -0.0000000000
    3    2    0  10.21713         3    2    0  10.21713       -0.0003763686   0.0000000000
   -4   -3   -3  10.96701        -4   -3   -3  10.96701       -0.0002843995   0.0000000000
   -4   -2   -3  10.96701        -4   -2   -3  10.96701       -0.0002858496   0.0000000000
   -4   -2   -2  10.96701        -4   -2   -2  10.96701       -0.0002843995   0.0000000000
   -3   -4   -2  10.96701        -3   -4   -2  10.96701       -0.0002686668   0.0000000000
    1    2   -2  11.71689         1    2   -2  11.71689       -0.0001988247  -0.0000000000
    1    2    3  11.71689         1    2    3  11.71689       -0.0001988247  -0.0000000000
    2   -1    2  11.71689         2   -1    2  11.71689       -0.0001820853  -0.0000000000
    3    0   -1  11.71689         3    0   -1  11.71689       -0.0002023001  -0.0000000000
    3    0    2  11.71689         3    0    2  11.71689       -0.0001820853  -0.0000000000
    3    1   -1  11.71689         3    1   -1  11.71689       -0.0001980221   0.0000000000
    3    3    1  11.71689         3    3    1  11.71689       -0.0001980221  -0.0000000000
    3    3    2  11.71689         3    3    2  11.71689       -0.0002023001   0.0000000000
   -4   -3   -4  12.46677        -4   -3   -4  12.46677       -0.0001512382  -0.0000000000
   -4   -1   -2  12.46677        -4   -1   -2  12.46677       -0.0001512382  -0.0000000000
   -1    0   -4  12.46677        -1    0   -4  12.46677       -0.0001512382  -0.0000000000
   -1    2   -2  12.46677        -1    2   -2  12.46677       -0.0001512382  -0.0000000000
    1   -3    0  12.46677         1   -3    0  12.46677       -0.0001512382  -0.0000000000
    1    0    3  12.46677         1    0    3  12.46677       -0.0001512382  -0.0000000000
    3   -1    0  12.46677         3   -1    0  12.46677       -0.0001512382   0.0000000000
    3    2    3  12.46677         3    2    3  12.46677       -0.0001512382  -0.0000000000
   -4   -4   -3  13.21665        -4   -4   -3  13.21665       -0.0001120127  -0.0000000000
   -4   -2   -4  13.21665        -4   -2   -4  13.21665       -0.0001071210  -0.0000000000
   -4   -2   -1  13.21665        -4   -2   -1  13.21665       -0.0001120127  -0.0000000000
   -4   -1   -3  13.21665        -4   -1   -3  13.21665       -0.0001071210  -0.0000000000
   -2    0   -4  13.21665        -2    0   -4  13.21665       -0.0001071210   0.0000000000
   -2    1   -3  13.21665        -2    1   -3  13.21665       -0.0001071210  -0.0000000000
    0   -4   -2  13.21665         0   -4   -2  13.21665       -0.0001120127  -0.0000000000
    0    1    3  13.21665         0    1    3  13.21665       -0.0001120127  -0.0000000000
    1    1   -3  13.21665         1    1   -3  13.21665       -0.0001120127   0.0000000000
    1    3   -1  13.21665         1    3   -1  13.21665       -0.0001120127  -0.0000000000
    2   -2   -2  13.21665         2   -2   -2  13.21665       -0.0001120127   0.0000000000
    2   -2    1  13.21665         2   -2    1  13.21665       -0.0001071210   0.0000000000
    2    0    3  13.21665         2    0    3  13.21665       -0.0001071210  -0.0000000000
    2    3    3  13.21665         2    3    3  13.21665       -0.0001120127   0.0000000000
    3   -1    1  13.21665         3   -1    1  13.21665       -0.0001071210   0.0000000000
    3    1    3  13.21665         3    1    3  13.21665       -0.0001071210   0.0000000000
    0   -4   -3  14.71641         0   -4   -3  14.71641       -0.0000624856  -0.0000000000
    0    2    3  14.71641         0    2    3  14.71641       -0.0000624856  -0.0000000000
    1   -3   -3  14.71641         1   -3   -3  14.71641       -0.0000624856   0.0000000000
    1   -2    2  14.71641         1   -2    2  14.71641       -0.0000675189   0.0000000000
    1    3    3  14.71641         1    3    3  14.71641       -0.0000624856   0.0000000000
    2    2   -2  14.71641         2    2   -2  14.71641       -0.0000624856   0.0000000000
    2    3   -1  14.71641         2    3   -1  14.71641       -0.0000624856  -0.0000000000
    4    1    2  14.71641         4    1    2  14.71641       -0.0000675189   0.0000000000
   -3   -5   -3  15.46630        -3   -5   -3  15.46630       -0.0000557156  -0.0000000000
   -3   -4   -5  15.46630        -3   -4   -5  15.46630       -0.0000551139  -0.0000000000
   -3   -1    1  15.46630        -3   -1    1  15.46630       -0.0000557156  -0.0000000000
   -3    1    0  15.46630        -3    1    0  15.46630       -0.0000551139   0.0000000000
   -2   -5   -3  15.46630        -2   -5   -3  15.46630       -0.0000557156   0.0000000000
   -2    0    2  15.46630        -2    0    2  15.46630       -0.0000557156  -0.0000000000
   -1   -4    0  15.46630        -1   -4    0  15.46630       -0.0000551139  -0.0000000000
   -1   -2   -5  15.46630        -1   -2   -5  15.46630       -0.0000551139   0.0000000000
   -1   -2    2  15.46630        -1   -2    2  15.46630       -0.0000551139   0.0000000000
   -1    3    0  15.46630        -1    3    0  15.46630       -0.0000551139   0.0000000000
    2   -1   -3  15.46630         2   -1   -3  15.46630       -0.0000557156  -0.0000000000
    2    0   -3  15.46630         2    0   -3  15.46630       -0.0000557156  -0.0000000000
    2    4    1  15.46630         2    4    1  15.46630       -0.0000557156  -0.0000000000
    2    4    2  15.46630         2    4    2  15.46630       -0.0000557156  -0.0000000000
    4    1    0  15.46630         4    1    0  15.46630       -0.0000551139   0.0000000000
    4    3    2  15.46630         4    3    2  15.46630       -0.0000551139   0.0000000000
   -4   -3   -5  16.21618        -4   -3   -5  16.21618       -0.0000420187   0.0000000000
   -4   -1   -4  16.21618        -4   -1   -4  16.21618       -0.0000373646   0.0000000000
   -4    0   -2  16.21618        -4    0   -2  16.21618       -0.0000420187   0.0000000000
   -3   -5   -4  16.21618        -3   -5   -4  16.21618       -0.0000435001   0.0000000000
   -3    0   -4  16.21618        -3    0   -4  16.21618       -0.0000373646   0.0000000000
   -3    0    1  16.21618        -3    0    1  16.21618       -0.0000435001  -0.0000000000
   -2   -5   -2  16.21618        -2   -5   -2  16.21618       -0.0000435001   0.0000000000
   -2   -4   -5  16.21618        -2   -4   -5  16.21618       -0.0000407225  -0.0000000000
    1   -2   -4  16.96606         1   -2   -4  16.96606       -0.0000335206   0.0000000000
    1    4    2  16.96606         1    4    2  16.96606       -0.0000335206  -0.0000000000
    2   -3   -1  16.96606         2   -3   -1  16.96606       -0.0000355321  -0.0000000000
    2    2    4  16.96606         2    2    4  16.96606       -0.0000355321   0.0000000000
    3    1   -2  16.96606         3    1   -2  16.96606       -0.0000335206  -0.0000000000
    3    4    1  16.96606         3    4    1  16.96606       -0.0000335206   0.0000000000
    4    0    0  16.96606         4    0    0  16.96606       -0.0000378778   0.0000000000
    4    3    3  16.96606         4    3    3  16.96606       -0.0000378778   0.0000000000
   -5   -3   -4  17.71594        -5   -3   -4  17.71594       -0.0000276562   0.0000000000
   -5   -2   -3  17.71594        -5   -2   -3  17.71594       -0.0000276562  -0.0000000000
   -4   -5   -4  17.71594        -4   -5   -4  17.71594       -0.0000295357   0.0000000000
   -4   -5   -3  17.71594        -4   -5   -3  17.71594       -0.0000259462   0.0000000000
   -4   -2   -5  17.71594        -4   -2   -5  17.71594       -0.0000252792   0.0000000000
   -4   -2    0  17.71594        -4   -2    0  17.71594       -0.0000259462   0.0000000000
   -4   -1    0  17.71594        -4   -1    0  17.71594       -0.0000295357   0.0000000000
   -4    0   -3  17.71594        -4    0   -3  17.71594       -0.0000252792   0.0000000000
   -3   -1   -5  17.71594        -3   -1   -5  17.71594       -0.0000252792  -0.0000000000
   -3    1   -3  17.71594        -3    1   -3  17.71594       -0.0000252792   0.0000000000
   -1   -5   -3  17.71594        -1   -5   -3  17.71594       -0.0000259462  -0.0000000000
   -1   -5   -2  17.71594        -1   -5   -2  17.71594       -0.0000295357  -0.0000000000
   -1    0    3  17.71594        -1    0    3  17.71594       -0.0000295357  -0.0000000000
   -1    1   -4  17.71594        -1    1   -4  17.71594       -0.0000276562  -0.0000000000
   -1    1    3  17.71594        -1    1    3  17.71594       -0.0000259462  -0.0000000000
   -1    2   -3  17.71594        -1    2   -3  17.71594       -0.0000276562   0.0000000000
    1    0   -4  17.71594         1    0   -4  17.71594       -0.0000295357  -0.0000000000
    1    4    0  17.71594         1    4    0  17.71594       -0.0000295357   0.0000000000
    2   -3    0  17.71594         2   -3    0  17.71594       -0.0000276562   0.0000000000
    2   -2   -3  17.71594         2   -2   -3  17.71594       -0.0000259462  -0.0000000000
    2   -2    2  17.71594         2   -2    2  17.71594       -0.0000252792   0.0000000000
    2   -1    3  17.71594         2   -1    3  17.71594       -0.0000252792  -0.0000000000
    2    1   -3  17.71594         2    1   -3  17.71594       -0.0000259462  -0.0000000000
    2    1    4  17.71594         2    1    4  17.71594       -0.0000276562  -0.0000000000
   -2   -5   -1  19.21570        -2   -5   -1  19.21570       -0.0000181635  -0.0000000000
   -2   -2    2  19.21570        -2   -2    2  19.21570       -0.0000181635  -0.0000000000
   -2    1   -4  19.21570        -2    1   -4  19.21570       -0.0000173777  -0.0000000000
   -1   -4   -5  19.21570        -1   -4   -5  19.21570       -0.0000167492   0.0000000000
   -1    3    2  19.21570        -1    3    2  19.21570       -0.0000167492   0.0000000000
    0   -2   -5  19.21570         0   -2   -5  19.21570       -0.0000181635  -0.0000000000
    0    4    1  19.21570         0    4    1  19.21570       -0.0000181635   0.0000000000
    3   -2    1  19.21570         3   -2    1  19.21570       -0.0000173777  -0.0000000000
    3    1    4  19.21570         3    1    4  19.21570       -0.0000173777  -0.0000000000
    4    1   -1  19.21570         4    1   -1  19.21570       -0.0000181635   0.0000000000
    4    3    0  19.21570         4    3    0  19.21570       -0.0000167492   0.0000000000
    4    4    2  19.21570         4    4    2  19.21570       -0.0000181635  -0.0000000000
   -4   -5   -5  19.96558        -4   -5   -5  19.96558       -0.0000153101  -0.0000000000
   -4   -5   -2  19.96558        -4   -5   -2  19.96558       -0.0000138997  -0.0000000000
   -4   -3    0  19.96558        -4   -3    0  19.96558       -0.0000138997  -0.0000000000
   -4    0    0  19.96558        -4    0    0  19.96558       -0.0000153101   0.0000000000
   -1   -5   -4  19.96558        -1   -5   -4  19.96558       -0.0000138997  -0.0000000000
   -1   -5   -1  19.96558        -1   -5   -1  19.96558       -0.0000153101   0.0000000000
   -1   -1    3  19.96558        -1   -1    3  19.96558       -0.0000153101  -0.0000000000
   -1    2    3  19.96558        -1    2    3  19.96558       -0.0000138997  -0.0000000000
    0   -1   -5  19.96558         0   -1   -5  19.96558       -0.0000153101  -0.0000000000
    0    4    0  19.96558         0    4    0  19.96558       -0.0000153101  -0.0000000000
    1   -3   -4  19.96558         1   -3   -4  19.96558       -0.0000138997  -0.0000000000
    1    4    3  19.96558         1    4    3  19.96558       -0.0000138997  -0.0000000000
    3    2   -2  19.96558         3    2   -2  19.96558       -0.0000138997   0.0000000000
    3    4    0  19.96558         3    4    0  19.96558       -0.0000138997   0.0000000000
    4    0   -1  19.96558         4    0   -1  19.96558       -0.0000153101   0.0000000000
    4    4    3  19.96558         4    4    3  19.96558       -0.0000153101  -0.0000000000
   -5   -4   -5  20.71546        -5   -4   -5  20.71546       -0.0000125638   0.0000000000
   -5   -4   -2  20.71546        -5   -4   -2  20.71546       -0.0000115521  -0.0000000000
   -5   -3   -5  20.71546        -5   -3   -5  20.71546       -0.0000116833  -0.0000000000
   -5   -1   -3  20.71546        -5   -1   -3  20.71546       -0.0000116833   0.0000000000
   -3   -4   -6  21.46534        -3   -4   -6  21.46534       -0.0000098576   0.0000000000
   -3    2    0  21.46534        -3    2    0  21.46534       -0.0000098576   0.0000000000
   -2   -3   -6  21.46534        -2   -3   -6  21.46534       -0.0000098576  -0.0000000000
   -2    3    0  21.46534        -2    3    0  21.46534       -0.0000098576   0.0000000000
   -1   -4    1  21.46534        -1   -4    1  21.46534       -0.0000098576   0.0000000000
   -1   -3    2  21.46534        -1   -3    2  21.46534       -0.0000098576  -0.0000000000
    0   -5   -2  21.46534         0   -5   -2  21.46534       -0.0000103262   0.0000000000
    0    1    4  21.46534         0    1    4  21.46534       -0.0000103262  -0.0000000000
    1    1   -4  21.46534         1    1   -4  21.46534       -0.0000103262  -0.0000000000
    1    4   -1  21.46534         1    4   -1  21.46534       -0.0000103262  -0.0000000000
    3   -2   -2  21.46534         3   -2   -2  21.46534       -0.0000103262   0.0000000000
    3   -1    3  21.46534         3   -1    3  21.46534       -0.0000091719   0.0000000000
    3    4    4  21.46534         3    4    4  21.46534       -0.0000103262   0.0000000000
    4    0    3  21.46534         4    0    3  21.46534       -0.0000091719   0.0000000000
    5    2    1  21.46534         5    2    1  21.46534       -0.0000098576   0.0000000000
    5    3    2  21.46534         5    3    2  21.46534       -0.0000098576  -0.0000000000
   -5   -5   -3  22.21522        -5   -5   -3  22.21522       -0.0000078744  -0.0000000000
   -5   -3   -1  22.21522        -5   -3   -1  22.21522       -0.0000078744  -0.0000000000
   -4   -4   -6  22.21522        -4   -4   -6  22.21522       -0.0000084462   0.0000000000
   -4   -3   -6  22.21522        -4   -3   -6  22.21522       -0.0000079935   0.0000000000
   -4    1   -2  22.21522        -4    1   -2  22.21522       -0.0000079935   0.0000000000
   -4    1   -1  22.21522        -4    1   -1  22.21522       -0.0000084462  -0.0000000000
   -3   -2   -6  22.21522        -3   -2   -6  22.21522       -0.0000079935   0.0000000000
   -3    2   -2  22.21522        -3    2   -2  22.21522       -0.0000079935   0.0000000000
   -2   -2   -6  22.21522        -2   -2   -6  22.21522       -0.0000084462  -0.0000000000
   -2    3   -1  22.21522        -2    3   -1  22.21522       -0.0000084462  -0.0000000000
    0   -5   -3  22.21522         0   -5   -3  22.21522       -0.0000078744  -0.0000000000
    0   -4    1  22.21522         0   -4    1  22.21522       -0.0000084462  -0.0000000000
    0   -2    3  22.21522         0   -2    3  22.21522       -0.0000084462   0.0000000000
    0    2    4  22.21522         0    2    4  22.21522       -0.0000078744  -0.0000000000
    1   -3    2  22.21522         1   -3    2  22.21522       -0.0000079935   0.0000000000
    1   -2    3  22.21522         1   -2    3  22.21522       -0.0000079935  -0.0000000000
    4   -1    2  22.96511         4   -1    2  22.96511       -0.0000065009   0.0000000000
    4    1    4  22.96511         4    1    4  22.96511       -0.0000065009   0.0000000000
    4    4    4  22.96511         4    4    4  22.96511       -0.0000060152   0.0000000000
    5    3    1  22.96511         5    3    1  22.96511       -0.0000065825   0.0000000000
   -4   -6   -4  23.71499        -4   -6   -4  23.71499       -0.0000059044  -0.0000000000
   -4   -1    1  23.71499        -4   -1    1  23.71499       -0.0000059044  -0.0000000000
   -2   -6   -3  23.71499        -2   -6   -3  23.71499       -0.0000059044   0.0000000000
   -2    0    3  23.71499        -2    0    3  23.71499       -0.0000059044  -0.0000000000
    2    0   -4  23.71499         2    0   -4  23.71499       -0.0000059044  -0.0000000000
    2    5    1  23.71499         2    5    1  23.71499       -0.0000059044  -0.0000000000
    3   -1   -3  23.71499         3   -1   -3  23.71499       -0.0000059044  -0.0000000000
    3    5    3  23.71499         3    5    3  23.71499       -0.0000059044   0.0000000000
   -4   -6   -3  24.46487        -4   -6   -3  24.46487       -0.0000046412  -0.0000000000
   -4   -5   -6  24.46487        -4   -5   -6  24.46487       -0.0000045325  -0.0000000000
   -4   -5   -1  24.46487        -4   -5   -1  24.46487       -0.0000046019  -0.0000000000
   -4   -4    0  24.46487        -4   -4    0  24.46487       -0.0000046019   0.0000000000
   -4   -2   -6  24.46487        -4   -2   -6  24.46487       -0.0000046569  -0.0000000000
   -4   -2    1  24.46487        -4   -2    1  24.46487       -0.0000046412  -0.0000000000
   -4    1   -3  24.46487        -4    1   -3  24.46487       -0.0000046569  -0.0000000000
   -4    1    0  24.46487        -4    1    0  24.46487       -0.0000045325  -0.0000000000
   -3   -5   -6  24.46487        -3   -5   -6  24.46487       -0.0000047589  -0.0000000000
   -3    2    1  24.46487        -3    2    1  24.46487       -0.0000047589   0.0000000000
   -2   -6   -4  24.46487        -2   -6   -4  24.46487       -0.0000046412   0.0000000000
   -2   -5    0  24.46487        -2   -5    0  24.46487       -0.0000047589   0.0000000000
   -2   -3    2  24.46487        -2   -3    2  24.46487       -0.0000047589   0.0000000000
   -2    1    3  24.46487        -2    1    3  24.46487       -0.0000046412   0.0000000000
   -1   -5   -5  24.46487        -1   -5   -5  24.46487       -0.0000046019   0.0000000000
   -1   -5    0  24.46487        -1   -5    0  24.46487       -0.0000045325   0.0000000000
   -1   -3   -6  24.46487        -1   -3   -6  24.46487       -0.0000047589   0.0000000000
   -1   -2   -6  24.46487        -1   -2   -6  24.46487       -0.0000045325   0.0000000000
   -1   -2    3  24.46487        -1   -2    3  24.46487       -0.0000045325  -0.0000000000
   -1    3    3  24.46487        -1    3    3  24.46487       -0.0000046019  -0.0000000000


             g                   gp         inverse epsilon           nspin= 1
        -1   -1   -1        -1   -1   -1        0.37322265   0.00000000
         0   -1   -1        -1   -1   -1       -0.02851492  -0.00000000
         0   -1   -1         0   -1   -1        0.37322265   0.00000000
         0    0   -1         0   -1   -1       -0.02851492   0.00000000
         0    0   -1         0    0   -1        0.37322265   0.00000000
         0    0    0         0    0   -1       -0.02851492   0.00000000
         0    0    0         0    0    0        0.37322265   0.00000000
        -1   -1   -2         0    0    0       -0.01620165  -0.00000000
        -1   -1   -2        -1   -1   -2        0.61291212   0.00000000
        -1    0   -1        -1   -1   -2        0.00000000  -0.00000000
        -1    0   -1        -1    0   -1        0.61291212   0.00000000
         0   -1    0        -1    0   -1        0.00178371   0.00000000
         0   -1    0         0   -1    0        0.61291212   0.00000000
         1    0    0         0   -1    0       -0.00000000   0.00000000
         1    0    0         1    0    0        0.61291212   0.00000000
        -1   -2   -2         1    0    0        0.01852036  -0.00000000
        -1   -2   -2        -1   -2   -2        0.74644882   0.00000000
        -1   -2   -1        -1   -2   -2       -0.04481930  -0.00000000
        -1   -2   -1        -1   -2   -1        0.74644882   0.00000000
        -1   -1    0        -1   -2   -1        0.00255451   0.00000000
        -1   -1    0        -1   -1    0        0.74644882   0.00000000
        -1    0    0        -1   -1    0       -0.04481930   0.00000000
        -1    0    0        -1    0    0        0.74644882   0.00000000
         0   -1   -2        -1    0    0        0.00000000   0.00000000
         0   -1   -2         0   -1   -2        0.74644882   0.00000000
         0    1    0         0   -1   -2       -0.00280637   0.00000000
         0    1    0         0    1    0        0.74644882  -0.00000000
         1    0   -1         0    1    0        0.00443312  -0.00000000
         1    0   -1         1    0   -1        0.74644882   0.00000000
         1    1    0         1    0   -1       -0.00255451   0.00000000
         1    1    0         1    1    0        0.74644882   0.00000000
        -2   -2   -2         1    1    0        0.01869545   0.00000000
        -2   -2   -2        -2   -2   -2        0.83565500   0.00000000
        -2   -1   -2        -2   -2   -2       -0.04142966  -0.00000000
        -2   -1   -2        -2   -1   -2        0.83249784   0.00000000
        -2   -1   -1        -2   -1   -2       -0.04142966   0.00000000
        -2   -1   -1        -2   -1   -1        0.83565500   0.00000000
        -1    0   -2        -2   -1   -1        0.01084758   0.00000000
        -1    0   -2        -1    0   -2        0.83249784  -0.00000000
         0   -2   -1        -1    0   -2        0.01177729   0.00000000
         0   -2   -1         0   -2   -1        0.83565500  -0.00000000
         0    0   -2         0   -2   -1        0.00776334   0.00000000
         0    0   -2         0    0   -2        0.83565499  -0.00000000
         0    0    1         0    0   -2       -0.01643490  -0.00000000
         0    0    1         0    0    1        0.83565500   0.00000000
         0    1   -1         0    0    1        0.00776334  -0.00000000
         0    1   -1         0    1   -1        0.83565499   0.00000000
         1   -1   -1         0    1   -1        0.00776334   0.00000000
         1   -1   -1         1   -1   -1        0.83565500   0.00000000
         1   -1    0         1   -1   -1       -0.04142966  -0.00000000
         1   -1    0         1   -1    0        0.83249784   0.00000000
         1    0    1         1   -1    0        0.00000000  -0.00000000
         1    0    1         1    0    1        0.83249784  -0.00000000
         1    1    1         1    0    1       -0.04142966  -0.00000000
         1    1    1         1    1    1        0.83565499   0.00000000
        -2   -2   -1         1    1    1        0.00801375   0.00000000
        -2   -2   -1        -2   -2   -1        0.89514954  -0.00000000
         0   -2   -2        -2   -2   -1        0.00848055   0.00000000
         0   -2   -2         0   -2   -2        0.89514954  -0.00000000
         0    1    1         0   -2   -2        0.00000000   0.00000000
         0    1    1         0    1    1        0.89514954  -0.00000000
         1    1   -1         0    1    1        0.00848055   0.00000000
         1    1   -1         1    1   -1        0.89514954   0.00000000
         1   -2   -1         1    1   -1       -0.00256387  -0.00000000
         1   -2   -1         1   -2   -1        0.97957245  -0.00000000
         1    1    2         1   -2   -1       -0.00000000   0.00000000
         1    1    2         1    1    2        0.97957245   0.00000000
         2    0   -1         1    1    2       -0.00075981   0.00000000
         2    0   -1         2    0   -1        0.97982003   0.00000000
         2    2    1         2    0   -1       -0.00475772  -0.00000000
         2    2    1         2    2    1        0.97982003   0.00000000
        -3   -2   -3         2    2    1        0.00153930  -0.00000000
        -3   -2   -3        -3   -2   -3        0.98867207   0.00000000
        -3   -1   -2        -3   -2   -3        0.00037190  -0.00000000
        -3   -1   -2        -3   -1   -2        0.98867207   0.00000000
        -2   -3   -1        -3   -1   -2        0.00247788  -0.00000000
        -2   -3   -1        -2   -3   -1        0.98851686   0.00000000
        -2   -2    0        -2   -3   -1       -0.00012184   0.00000000
        -2   -2    0        -2   -2    0        0.98851686  -0.00000000
        -1   -3   -3        -2   -2    0       -0.00099512  -0.00000000
        -1   -3   -3        -1   -3   -3        0.98851686   0.00000000
        -1    0   -3        -1   -3   -3       -0.00208880   0.00000000
        -1    0   -3        -1    0   -3        0.98867207   0.00000000
        -1    1   -2        -1    0   -3       -0.00037190   0.00000000
        -1    1   -2        -1    1   -2        0.98867207  -0.00000000
        -1    1    1        -1    1   -2       -0.00208880  -0.00000000
        -1    1    1        -1    1    1        0.98851686  -0.00000000
         0   -2   -3        -1    1    1       -0.00000000   0.00000000
         0   -2   -3         0   -2   -3        0.98851686   0.00000000
         0    2    1         0   -2   -3       -0.00115318  -0.00000000
         0    2    1         0    2    1        0.98851686   0.00000000
         1   -2    0         0    2    1        0.00149227  -0.00000000
         1   -2    0         1   -2    0        0.98867207  -0.00000000
         1    0    2         1   -2    0       -0.00272852   0.00000000
         1    0    2         1    0    2        0.98867207   0.00000000
         2   -1    0         1    0    2       -0.00000000  -0.00000000
         2   -1    0         2   -1    0        0.98867207  -0.00000000
         2    1   -1         2   -1    0        0.00097797   0.00000000
         2    1   -1         2    1   -1        0.98851686  -0.00000000
         2    1    2         2    1   -1       -0.00208880   0.00000000
         2    1    2         2    1    2        0.98867207  -0.00000000
         2    2    0         2    1    2        0.00097797  -0.00000000
         2    2    0         2    2    0        0.98851686  -0.00000000
        -3   -3   -3         2    2    0        0.00083285  -0.00000000
        -3   -3   -3        -3   -3   -3        0.99388133  -0.00000000
        -3   -3   -2        -3   -3   -3       -0.00253730  -0.00000000
        -3   -3   -2        -3   -3   -2        0.99368720   0.00000000
        -3   -2   -1        -3   -3   -2        0.00037058  -0.00000000
        -3   -2   -1        -3   -2   -1        0.99368720   0.00000000
        -3   -1   -1        -3   -2   -1       -0.00253730   0.00000000
        -3   -1   -1        -3   -1   -1        0.99388133  -0.00000000
         0   -3   -2        -3   -1   -1       -0.00080209  -0.00000000
         0   -3   -2         0   -3   -2        0.99368720  -0.00000000
         0   -3   -1         0   -3   -2       -0.00253730   0.00000000
         0   -3   -1         0   -3   -1        0.99388133  -0.00000000
         0    0   -3         0   -3   -1       -0.00033716   0.00000000
         0    0   -3         0    0   -3        0.99388133  -0.00000000
         0    0    2         0    0   -3       -0.00031667  -0.00000000
         0    0    2         0    0    2        0.99388133  -0.00000000
         0    1    2         0    0    2       -0.00253730  -0.00000000
         0    1    2         0    1    2        0.99368720   0.00000000
         0    2   -1         0    1    2        0.00007753   0.00000000
         0    2   -1         0    2   -1        0.99388133  -0.00000000
         1   -2   -2         0    2   -1        0.00080209  -0.00000000
         1   -2   -2         1   -2   -2        0.99368720   0.00000000
         1    1   -2         1   -2   -2       -0.00137083   0.00000000
         1    1   -2         1    1   -2        0.99368720   0.00000000
        -1    2   -1         1    1   -2        0.00058886  -0.00000000
        -1    2   -1        -1    2   -1        0.99876735  -0.00000000
         0   -3   -3        -1    2   -1       -0.00004388   0.00000000
         0   -3   -3         0   -3   -3        0.99873547   0.00000000
         0   -3    0         0   -3   -3       -0.00034308   0.00000000
         0   -3    0         0   -3    0        0.99876735  -0.00000000
         0   -1    2         0   -3    0       -0.00005149  -0.00000000
         0   -1    2         0   -1    2        0.99876735   0.00000000
         0    2    2         0   -1    2       -0.00034308  -0.00000000
         0    2    2         0    2    2        0.99873547   0.00000000
         1   -2    1         0    2    2        0.00004697  -0.00000000
         1   -2    1         1   -2    1        0.99873360   0.00000000
         1   -1   -3         1   -2    1        0.00013426   0.00000000
         1   -1   -3         1   -1   -3        0.99871121   0.00000000
         1   -1    2         1   -1   -3        0.00009906  -0.00000000
         1   -1    2         1   -1    2        0.99873360  -0.00000000
         1    3    1         1   -1    2        0.00013426   0.00000000
         1    3    1         1    3    1        0.99871121  -0.00000000
         2    0   -2         1    3    1       -0.00002944   0.00000000
         2    0   -2         2    0   -2        0.99871121   0.00000000
         2    2   -1         2    0   -2        0.00008597   0.00000000
         2    2   -1         2    2   -1        0.99873547   0.00000000
         2    3    1         2    2   -1        0.00008597  -0.00000000
         2    3    1         2    3    1        0.99871121   0.00000000
         3    0    0         2    3    1       -0.00023862   0.00000000
         3    0    0         3    0    0        0.99876735   0.00000000
         3    0    1         3    0    0       -0.00045376  -0.00000000
         3    0    1         3    0    1        0.99873360  -0.00000000
         3    1    2         3    0    1        0.00028401   0.00000000
         3    1    2         3    1    2        0.99873360   0.00000000
         3    2    2         3    1    2       -0.00045376  -0.00000000
         3    2    2         3    2    2        0.99876735  -0.00000000
        -3   -4   -3         3    2    2        0.00009219  -0.00000000
        -3   -4   -3        -3   -4   -3        0.99917655  -0.00000000
        -3   -1    0        -3   -4   -3        0.00000014   0.00000000
        -3   -1    0        -3   -1    0        0.99917655  -0.00000000
        -2   -3    0        -3   -1    0       -0.00003815  -0.00000000
        -2   -3    0        -2   -3    0        0.99921632   0.00000000
        -1   -4   -2        -2   -3    0        0.00001426  -0.00000000
        -1   -4   -2        -1   -4   -2        0.99917655   0.00000000
        -1   -3   -4        -1   -4   -2       -0.00003815  -0.00000000
        -1   -3   -4        -1   -3   -4        0.99921632   0.00000000
        -1    0    2        -1   -3   -4       -0.00003358  -0.00000000
        -1    0    2        -1    0    2        0.99917655   0.00000000
        -1    2    1        -1    0    2       -0.00003815  -0.00000000
        -1    2    1        -1    2    1        0.99921632  -0.00000000
         1    0   -3        -1    2    1        0.00017246   0.00000000
         1    0   -3         1    0   -3        0.99917655  -0.00000000
         1    3    0         1    0   -3       -0.00000014  -0.00000000
         1    3    0         1    3    0        0.99917655   0.00000000
         2   -1   -2         1    3    0        0.00001786  -0.00000000
         2   -1   -2         2   -1   -2        0.99917655  -0.00000000
         2    3    2         2   -1   -2       -0.00011105  -0.00000000
         2    3    2         2    3    2        0.99917655  -0.00000000
         3    2    0         2    3    2       -0.00001426  -0.00000000
         3    2    0         3    2    0        0.99921632   0.00000000
        -4   -3   -3         3    2    0        0.00003270  -0.00000000
        -4   -3   -3        -4   -3   -3        0.99943616   0.00000000
        -4   -2   -3        -4   -3   -3       -0.00021870  -0.00000000
        -4   -2   -3        -4   -2   -3        0.99944650   0.00000000
        -4   -2   -2        -4   -2   -3       -0.00021870  -0.00000000
        -4   -2   -2        -4   -2   -2        0.99943616   0.00000000
        -3   -4   -2        -4   -2   -2       -0.00003302  -0.00000000
        -3   -4   -2        -3   -4   -2        0.99948148   0.00000000
         1    2   -2        -3   -4   -2       -0.00002166  -0.00000000
         1    2   -2         1    2   -2        0.99964358  -0.00000000
         1    2    3         1    2   -2       -0.00000398  -0.00000000
         1    2    3         1    2    3        0.99964358  -0.00000000
         2   -1    2         1    2    3       -0.00006447  -0.00000000
         2   -1    2         2   -1    2        0.99966499  -0.00000000
         3    0   -1         2   -1    2        0.00002809  -0.00000000
         3    0   -1         3    0   -1        0.99963530  -0.00000000
         3    0    2         3    0   -1       -0.00007677  -0.00000000
         3    0    2         3    0    2        0.99966499  -0.00000000
         3    1   -1         3    0    2       -0.00004003   0.00000000
         3    1   -1         3    1   -1        0.99963319   0.00000000
         3    3    1         3    1   -1        0.00005262   0.00000000
         3    3    1         3    3    1        0.99963319  -0.00000000
         3    3    2         3    3    1       -0.00013728  -0.00000000
         3    3    2         3    3    2        0.99963530   0.00000000
        -4   -3   -4         3    3    2       -0.00000427  -0.00000000
        -4   -3   -4        -4   -3   -4        0.99973742  -0.00000000
        -4   -1   -2        -4   -3   -4        0.00003899   0.00000000
        -4   -1   -2        -4   -1   -2        0.99973742  -0.00000000
        -1    0   -4        -4   -1   -2        0.00000000  -0.00000000
        -1    0   -4        -1    0   -4        0.99973742  -0.00000000
        -1    2   -2        -1    0   -4        0.00003899  -0.00000000
        -1    2   -2        -1    2   -2        0.99973742  -0.00000000
         1   -3    0        -1    2   -2        0.00004511   0.00000000
         1   -3    0         1   -3    0        0.99973742  -0.00000000
         1    0    3         1   -3    0       -0.00001741  -0.00000000
         1    0    3         1    0    3        0.99973742   0.00000000
         3   -1    0         1    0    3       -0.00000000  -0.00000000
         3   -1    0         3   -1    0        0.99973742   0.00000000
         3    2    3         3   -1    0        0.00001741  -0.00000000
         3    2    3         3    2    3        0.99973742  -0.00000000
        -4   -4   -3         3    2    3        0.00001980   0.00000000
        -4   -4   -3        -4   -4   -3        0.99981288  -0.00000000
        -4   -2   -4        -4   -4   -3       -0.00000087   0.00000000
        -4   -2   -4        -4   -2   -4        0.99982615  -0.00000000
        -4   -2   -1        -4   -2   -4       -0.00002784   0.00000000
        -4   -2   -1        -4   -2   -1        0.99981288  -0.00000000
        -4   -1   -3        -4   -2   -1       -0.00000087   0.00000000
        -4   -1   -3        -4   -1   -3        0.99982615  -0.00000000
        -2    0   -4        -4   -1   -3       -0.00000000   0.00000000
        -2    0   -4        -2    0   -4        0.99982615   0.00000000
        -2    1   -3        -2    0   -4       -0.00002273   0.00000000
        -2    1   -3        -2    1   -3        0.99982615  -0.00000000
         0   -4   -2        -2    1   -3       -0.00000589  -0.00000000
         0   -4   -2         0   -4   -2        0.99981288  -0.00000000
         0    1    3         0   -4   -2       -0.00000171   0.00000000
         0    1    3         0    1    3        0.99981288  -0.00000000
         1    1   -3         0    1    3        0.00002376   0.00000000
         1    1   -3         1    1   -3        0.99981288   0.00000000
         1    3   -1         1    1   -3        0.00004023  -0.00000000
         1    3   -1         1    3   -1        0.99981288  -0.00000000
         2   -2   -2         1    3   -1        0.00001877   0.00000000
         2   -2   -2         2   -2   -2        0.99981288   0.00000000
         2   -2    1         2   -2   -2       -0.00002784  -0.00000000
         2   -2    1         2   -2    1        0.99982615   0.00000000
         2    0    3         2   -2    1        0.00004171   0.00000000
         2    0    3         2    0    3        0.99982615  -0.00000000
         2    3    3         2    0    3       -0.00002784   0.00000000
         2    3    3         2    3    3        0.99981288   0.00000000
         3   -1    1         2    3    3       -0.00001198  -0.00000000
         3   -1    1         3   -1    1        0.99982615   0.00000000
         3    1    3         3   -1    1        0.00004171   0.00000000
         3    1    3         3    1    3        0.99982615   0.00000000
         0   -4   -3         3    1    3        0.00000486  -0.00000000
         0   -4   -3         0   -4   -3        0.99990940  -0.00000000
         0    2    3         0   -4   -3       -0.00002181  -0.00000000
         0    2    3         0    2    3        0.99990940  -0.00000000
         1   -3   -3         0    2    3       -0.00000000   0.00000000
         1   -3   -3         1   -3   -3        0.99990940   0.00000000
         1   -2    2         1   -3   -3        0.00000258   0.00000000
         1   -2    2         1   -2    2        0.99990386   0.00000000
         1    3    3         1   -2    2        0.00000258  -0.00000000
         1    3    3         1    3    3        0.99990940   0.00000000
         2    2   -2         1    3    3        0.00000299  -0.00000000
         2    2   -2         2    2   -2        0.99990940   0.00000000
         2    3   -1         2    2   -2       -0.00000622  -0.00000000
         2    3   -1         2    3   -1        0.99990940  -0.00000000
         4    1    2         2    3   -1       -0.00000943  -0.00000000
         4    1    2         4    1    2        0.99990386   0.00000000
        -3   -5   -3         4    1    2       -0.00000121  -0.00000000
        -3   -5   -3        -3   -5   -3        0.99992202  -0.00000000
        -3   -4   -5        -3   -5   -3       -0.00000793  -0.00000000
        -3   -4   -5        -3   -4   -5        0.99992454  -0.00000000
        -3   -1    1        -3   -4   -5       -0.00000637  -0.00000000
        -3   -1    1        -3   -1    1        0.99992202  -0.00000000
        -3    1    0        -3   -1    1       -0.00000793  -0.00000000
        -3    1    0        -3    1    0        0.99992454  -0.00000000
        -2   -5   -3        -3    1    0       -0.00001503  -0.00000000
        -2   -5   -3        -2   -5   -3        0.99992202   0.00000000
        -2    0    2        -2   -5   -3       -0.00000038  -0.00000000
        -2    0    2        -2    0    2        0.99992202  -0.00000000
        -1   -4    0        -2    0    2       -0.00000603   0.00000000
        -1   -4    0        -1   -4    0        0.99992454  -0.00000000
        -1   -2   -5        -1   -4    0        0.00001359   0.00000000
        -1   -2   -5        -1   -2   -5        0.99992454   0.00000000
        -1   -2    2        -1   -2   -5        0.00000021  -0.00000000
        -1   -2    2        -1   -2    2        0.99992454   0.00000000
        -1    3    0        -1   -2    2        0.00001359  -0.00000000
        -1    3    0        -1    3    0        0.99992454  -0.00000000
         2   -1   -3        -1    3    0        0.00001503   0.00000000
         2   -1   -3         2   -1   -3        0.99992202  -0.00000000
         2    0   -3         2   -1   -3       -0.00004194  -0.00000000
         2    0   -3         2    0   -3        0.99992202  -0.00000000
         2    4    1         2    0   -3        0.00001086  -0.00000000
         2    4    1         2    4    1        0.99992202  -0.00000000
         2    4    2         2    4    1       -0.00004194   0.00000000
         2    4    2         2    4    2        0.99992202  -0.00000000
         4    1    0         2    4    2       -0.00000603   0.00000000
         4    1    0         4    1    0        0.99992454   0.00000000
         4    3    2         4    1    0        0.00001519   0.00000000
         4    3    2         4    3    2        0.99992454   0.00000000
        -4   -3   -5         4    3    2       -0.00000582   0.00000000
        -4   -3   -5        -4   -3   -5        0.99994390   0.00000000
        -4   -1   -4        -4   -3   -5        0.00001723   0.00000000
        -4   -1   -4        -4   -1   -4        0.99995132   0.00000000
        -4    0   -2        -4   -1   -4        0.00001723   0.00000000
        -4    0   -2        -4    0   -2        0.99994390   0.00000000
        -3   -5   -4        -4    0   -2       -0.00000233   0.00000000
        -3   -5   -4        -3   -5   -4        0.99994343   0.00000000
        -3    0   -4        -3   -5   -4       -0.00000258  -0.00000000
        -3    0   -4        -3    0   -4        0.99995132   0.00000000
        -3    0    1        -3    0   -4       -0.00000258   0.00000000
        -3    0    1        -3    0    1        0.99994343  -0.00000000
        -2   -5   -2        -3    0    1       -0.00000304  -0.00000000
        -2   -5   -2        -2   -5   -2        0.99994343  -0.00000000
        -2   -4   -5        -2   -5   -2       -0.00000599   0.00000000
        -2   -4   -5        -2   -4   -5        0.99994674  -0.00000000
         1   -2   -4        -2   -4   -5       -0.00000094   0.00000000
         1   -2   -4         1   -2   -4        0.99995795   0.00000000
         1    4    2         1   -2   -4        0.00000390   0.00000000
         1    4    2         1    4    2        0.99995795  -0.00000000
         2   -3   -1         1    4    2        0.00000020   0.00000000
         2   -3   -1         2   -3   -1        0.99995337  -0.00000000
         2    2    4         2   -3   -1        0.00000000   0.00000000
         2    2    4         2    2    4        0.99995337   0.00000000
         3    1   -2         2    2    4       -0.00000088   0.00000000
         3    1   -2         3    1   -2        0.99995795  -0.00000000
         3    4    1         3    1   -2        0.00000041  -0.00000000
         3    4    1         3    4    1        0.99995795   0.00000000
         4    0    0         3    4    1       -0.00000733  -0.00000000
         4    0    0         4    0    0        0.99995213   0.00000000
         4    3    3         4    0    0        0.00000017   0.00000000
         4    3    3         4    3    3        0.99995213   0.00000000
        -5   -3   -4         4    3    3        0.00000138   0.00000000
        -5   -3   -4        -5   -3   -4        0.99996633   0.00000000
        -5   -2   -3        -5   -3   -4       -0.00000062  -0.00000000
        -5   -2   -3        -5   -2   -3        0.99996633  -0.00000000
        -4   -5   -4        -5   -2   -3       -0.00000205   0.00000000
        -4   -5   -4        -4   -5   -4        0.99996449  -0.00000000
        -4   -5   -3        -4   -5   -4       -0.00001828   0.00000000
        -4   -5   -3        -4   -5   -3        0.99996848   0.00000000
        -4   -2   -5        -4   -5   -3        0.00000542  -0.00000000
        -4   -2   -5        -4   -2   -5        0.99996940   0.00000000
        -4   -2    0        -4   -2   -5       -0.00000154   0.00000000
        -4   -2    0        -4   -2    0        0.99996848   0.00000000
        -4   -1    0        -4   -2    0       -0.00001828  -0.00000000
        -4   -1    0        -4   -1    0        0.99996449   0.00000000
        -4    0   -3        -4   -1    0       -0.00000141   0.00000000
        -4    0   -3        -4    0   -3        0.99996940  -0.00000000
        -3   -1   -5        -4    0   -3        0.00000000   0.00000000
        -3   -1   -5        -3   -1   -5        0.99996940  -0.00000000
        -3    1   -3        -3   -1   -5        0.00001175  -0.00000000
        -3    1   -3        -3    1   -3        0.99996940   0.00000000
        -1   -5   -3        -3    1   -3        0.00000534  -0.00000000
        -1   -5   -3        -1   -5   -3        0.99996848  -0.00000000
        -1   -5   -2        -1   -5   -3       -0.00001828  -0.00000000
        -1   -5   -2        -1   -5   -2        0.99996449  -0.00000000
        -1    0    3        -1   -5   -2       -0.00000224   0.00000000
        -1    0    3        -1    0    3        0.99996449  -0.00000000
        -1    1   -4        -1    0    3       -0.00000265  -0.00000000
        -1    1   -4        -1    1   -4        0.99996633  -0.00000000
        -1    1    3        -1    1   -4       -0.00000692  -0.00000000
        -1    1    3        -1    1    3        0.99996848  -0.00000000
        -1    2   -3        -1    1    3        0.00000291  -0.00000000
        -1    2   -3        -1    2   -3        0.99996633   0.00000000
         1    0   -4        -1    2   -3        0.00000205  -0.00000000
         1    0   -4         1    0   -4        0.99996449  -0.00000000
         1    4    0         1    0   -4        0.00000678  -0.00000000
         1    4    0         1    4    0        0.99996449   0.00000000
         2   -3    0         1    4    0       -0.00000265   0.00000000
         2   -3    0         2   -3    0        0.99996633  -0.00000000
         2   -2   -3         2   -3    0       -0.00000347  -0.00000000
         2   -2   -3         2   -2   -3        0.99996848  -0.00000000
         2   -2    2         2   -2   -3       -0.00000154  -0.00000000
         2   -2    2         2   -2    2        0.99996940   0.00000000
         2   -1    3         2   -2    2        0.00000013  -0.00000000
         2   -1    3         2   -1    3        0.99996940  -0.00000000
         2    1   -3         2   -1    3        0.00000534  -0.00000000
         2    1   -3         2    1   -3        0.99996848  -0.00000000
         2    1    4         2    1   -3       -0.00000692   0.00000000
         2    1    4         2    1    4        0.99996633  -0.00000000
        -2   -5   -1         2    1    4        0.00000137   0.00000000
        -2   -5   -1        -2   -5   -1        0.99997969  -0.00000000
        -2   -2    2        -2   -5   -1       -0.00000006   0.00000000
        -2   -2    2        -2   -2    2        0.99997969  -0.00000000
        -2    1   -4        -2   -2    2       -0.00000012   0.00000000
        -2    1   -4        -2    1   -4        0.99998047  -0.00000000
        -1   -4   -5        -2    1   -4       -0.00000047  -0.00000000
        -1   -4   -5        -1   -4   -5        0.99998188   0.00000000
        -1    3    2        -1   -4   -5       -0.00000000  -0.00000000
        -1    3    2        -1    3    2        0.99998188   0.00000000
         0   -2   -5        -1    3    2       -0.00000110   0.00000000
         0   -2   -5         0   -2   -5        0.99997969  -0.00000000
         0    4    1         0   -2   -5        0.00000349  -0.00000000
         0    4    1         0    4    1        0.99997969   0.00000000
         3   -2    1         0    4    1       -0.00000012   0.00000000
         3   -2    1         3   -2    1        0.99998047  -0.00000000
         3    1    4         3   -2    1       -0.00000000  -0.00000000
         3    1    4         3    1    4        0.99998047  -0.00000000
         4    1   -1         3    1    4       -0.00000104  -0.00000000
         4    1   -1         4    1   -1        0.99997969   0.00000000
         4    3    0         4    1   -1        0.00000634  -0.00000000
         4    3    0         4    3    0        0.99998188   0.00000000
         4    4    2         4    3    0        0.00000634  -0.00000000
         4    4    2         4    4    2        0.99997969  -0.00000000
        -4   -5   -5         4    4    2        0.00001027   0.00000000
        -4   -5   -5        -4   -5   -5        0.99998330  -0.00000000
        -4   -5   -2        -4   -5   -5       -0.00000001   0.00000000
        -4   -5   -2        -4   -5   -2        0.99998528  -0.00000000
        -4   -3    0        -4   -5   -2        0.00000602  -0.00000000
        -4   -3    0        -4   -3    0        0.99998528  -0.00000000
        -4    0    0        -4   -3    0       -0.00000001  -0.00000000
        -4    0    0        -4    0    0        0.99998330   0.00000000
        -1   -5   -4        -4    0    0        0.00000074  -0.00000000
        -1   -5   -4        -1   -5   -4        0.99998528  -0.00000000
        -1   -5   -1        -1   -5   -4       -0.00000001  -0.00000000
        -1   -5   -1        -1   -5   -1        0.99998330   0.00000000
        -1   -1    3        -1   -5   -1        0.00000313  -0.00000000
        -1   -1    3        -1   -1    3        0.99998330  -0.00000000
        -1    2    3        -1   -1    3       -0.00000001   0.00000000
        -1    2    3        -1    2    3        0.99998528  -0.00000000
         0   -1   -5        -1    2    3       -0.00000004   0.00000000
         0   -1   -5         0   -1   -5        0.99998330  -0.00000000
         0    4    0         0   -1   -5       -0.00000134  -0.00000000
         0    4    0         0    4    0        0.99998330  -0.00000000
         1   -3   -4         0    4    0        0.00000074  -0.00000000
         1   -3   -4         1   -3   -4        0.99998528  -0.00000000
         1    4    3         1   -3   -4        0.00000053   0.00000000
         1    4    3         1    4    3        0.99998528  -0.00000000
         3    2   -2         1    4    3        0.00000029   0.00000000
         3    2   -2         3    2   -2        0.99998528   0.00000000
         3    4    0         3    2   -2        0.00000602  -0.00000000
         3    4    0         3    4    0        0.99998528   0.00000000
         4    0   -1         3    4    0       -0.00000268   0.00000000
         4    0   -1         4    0   -1        0.99998330  -0.00000000
         4    4    3         4    0   -1        0.00000313   0.00000000
         4    4    3         4    4    3        0.99998330  -0.00000000
        -5   -4   -5         4    4    3        0.00000886   0.00000000
        -5   -4   -5        -5   -4   -5        0.99998684   0.00000000
        -5   -4   -2        -5   -4   -5        0.00000009  -0.00000000
        -5   -4   -2        -5   -4   -2        0.99998808  -0.00000000
        -5   -3   -5        -5   -4   -2       -0.00000083   0.00000000
        -5   -3   -5        -5   -3   -5        0.99998790  -0.00000000
        -5   -1   -3        -5   -3   -5        0.00000413  -0.00000000
        -5   -1   -3        -5   -1   -3        0.99998790   0.00000000
        -3   -4   -6        -5   -1   -3       -0.00000189   0.00000000
        -3   -4   -6        -3   -4   -6        0.99999019   0.00000000
        -3    2    0        -3   -4   -6        0.00000172  -0.00000000
        -3    2    0        -3    2    0        0.99999019   0.00000000
        -2   -3   -6        -3    2    0        0.00000000  -0.00000000
        -2   -3   -6        -2   -3   -6        0.99999019  -0.00000000
        -2    3    0        -2   -3   -6        0.00000172  -0.00000000
        -2    3    0        -2    3    0        0.99999019   0.00000000
        -1   -4    1        -2    3    0       -0.00000074   0.00000000
        -1   -4    1        -1   -4    1        0.99999019   0.00000000
        -1   -3    2        -1   -4    1        0.00000055   0.00000000
        -1   -3    2        -1   -3    2        0.99999019  -0.00000000
         0   -5   -2        -1   -3    2       -0.00000085  -0.00000000
         0   -5   -2         0   -5   -2        0.99998967   0.00000000
         0    1    4         0   -5   -2        0.00000151  -0.00000000
         0    1    4         0    1    4        0.99998967  -0.00000000
         1    1   -4         0    1    4        0.00000428   0.00000000
         1    1   -4         1    1   -4        0.99998967  -0.00000000
         1    4   -1         1    1   -4       -0.00000014   0.00000000
         1    4   -1         1    4   -1        0.99998967   0.00000000
         3   -2   -2         1    4   -1        0.00000051   0.00000000
         3   -2   -2         3   -2   -2        0.99998967   0.00000000
         3   -1    3         3   -2   -2        0.00000072   0.00000000
         3   -1    3         3   -1    3        0.99999105  -0.00000000
         3    4    4         3   -1    3        0.00000072  -0.00000000
         3    4    4         3    4    4        0.99998967   0.00000000
         4    0    3         3    4    4       -0.00000137  -0.00000000
         4    0    3         4    0    3        0.99999105   0.00000000
         5    2    1         4    0    3        0.00000055   0.00000000
         5    2    1         5    2    1        0.99999019   0.00000000
         5    3    2         5    2    1       -0.00000055  -0.00000000
         5    3    2         5    3    2        0.99999019  -0.00000000
        -5   -5   -3         5    3    2        0.00000295   0.00000000
        -5   -5   -3        -5   -5   -3        0.99999240  -0.00000000
        -5   -3   -1        -5   -5   -3        0.00000292  -0.00000000
        -5   -3   -1        -5   -3   -1        0.99999240  -0.00000000
        -4   -4   -6        -5   -3   -1       -0.00000056  -0.00000000
        -4   -4   -6        -4   -4   -6        0.99999198   0.00000000
        -4   -3   -6        -4   -4   -6       -0.00000493   0.00000000
        -4   -3   -6        -4   -3   -6        0.99999228   0.00000000
        -4    1   -2        -4   -3   -6        0.00000177  -0.00000000
        -4    1   -2        -4    1   -2        0.99999228   0.00000000
        -4    1   -1        -4    1   -2       -0.00000493   0.00000000
        -4    1   -1        -4    1   -1        0.99999198  -0.00000000
        -3   -2   -6        -4    1   -1        0.00000077   0.00000000
        -3   -2   -6        -3   -2   -6        0.99999228   0.00000000
        -3    2   -2        -3   -2   -6        0.00000177  -0.00000000
        -3    2   -2        -3    2   -2        0.99999228   0.00000000
        -2   -2   -6        -3    2   -2        0.00000116   0.00000000
        -2   -2   -6        -2   -2   -6        0.99999198  -0.00000000
        -2    3   -1        -2   -2   -6       -0.00000038  -0.00000000
        -2    3   -1        -2    3   -1        0.99999198  -0.00000000
         0   -5   -3        -2    3   -1        0.00000325  -0.00000000
         0   -5   -3         0   -5   -3        0.99999240  -0.00000000
         0   -4    1         0   -5   -3        0.00000113   0.00000000
         0   -4    1         0   -4    1        0.99999198  -0.00000000
         0   -2    3         0   -4    1        0.00000277   0.00000000
         0   -2    3         0   -2    3        0.99999198   0.00000000
         0    2    4         0   -2    3        0.00000113  -0.00000000
         0    2    4         0    2    4        0.99999240  -0.00000000
         1   -3    2         0    2    4        0.00000082   0.00000000
         1   -3    2         1   -3    2        0.99999228  -0.00000000
         1   -2    3         1   -3    2        0.00000065  -0.00000000
         1   -2    3         1   -2    3        0.99999228  -0.00000000
         4   -1    2         1   -2    3       -0.00000022  -0.00000000
         4   -1    2         4   -1    2        0.99999389   0.00000000
         4    1    4         4   -1    2        0.00000269  -0.00000000
         4    1    4         4    1    4        0.99999389   0.00000000
         4    4    4         4    1    4       -0.00000012  -0.00000000
         4    4    4         4    4    4        0.99999438   0.00000000
         5    3    1         4    4    4       -0.00000063  -0.00000000
         5    3    1         5    3    1        0.99999371   0.00000000
        -4   -6   -4         5    3    1        0.00000037   0.00000000
        -4   -6   -4        -4   -6   -4        0.99999475  -0.00000000
        -4   -1    1        -4   -6   -4        0.00000013   0.00000000
        -4   -1    1        -4   -1    1        0.99999475  -0.00000000
        -2   -6   -3        -4   -1    1       -0.00000015   0.00000000
        -2   -6   -3        -2   -6   -3        0.99999475   0.00000000
        -2    0    3        -2   -6   -3        0.00000051  -0.00000000
        -2    0    3        -2    0    3        0.99999475  -0.00000000
         2    0   -4        -2    0    3       -0.00000251  -0.00000000
         2    0   -4         2    0   -4        0.99999475  -0.00000000
         2    5    1         2    0   -4       -0.00000013   0.00000000
         2    5    1         2    5    1        0.99999475   0.00000000
         3   -1   -3         2    5    1       -0.00000015   0.00000000
         3   -1   -3         3   -1   -3        0.99999475  -0.00000000
         3    5    3         3   -1   -3        0.00000051   0.00000000
         3    5    3         3    5    3        0.99999475   0.00000000
        -4   -6   -3         3    5    3        0.00000178  -0.00000000
        -4   -6   -3        -4   -6   -3        0.99999584  -0.00000000
        -4   -5   -6        -4   -6   -3       -0.00000077   0.00000000
        -4   -5   -6        -4   -5   -6        0.99999604  -0.00000000
        -4   -5   -1        -4   -5   -6       -0.00000019   0.00000000
        -4   -5   -1        -4   -5   -1        0.99999603  -0.00000000
        -4   -4    0        -4   -5   -1       -0.00000000  -0.00000000
        -4   -4    0        -4   -4    0        0.99999603   0.00000000
        -4   -2   -6        -4   -4    0        0.00000037  -0.00000000
        -4   -2   -6        -4   -2   -6        0.99999579  -0.00000000
        -4   -2    1        -4   -2   -6       -0.00000069  -0.00000000
        -4   -2    1        -4   -2    1        0.99999584   0.00000000
        -4    1   -3        -4   -2    1        0.00000051  -0.00000000
        -4    1   -3        -4    1   -3        0.99999579  -0.00000000
        -4    1    0        -4    1   -3        0.00000013   0.00000000
        -4    1    0        -4    1    0        0.99999604  -0.00000000
        -3   -5   -6        -4    1    0        0.00000041  -0.00000000
        -3   -5   -6        -3   -5   -6        0.99999590  -0.00000000
        -3    2    1        -3   -5   -6        0.00000026  -0.00000000
        -3    2    1        -3    2    1        0.99999590  -0.00000000
        -2   -6   -4        -3    2    1       -0.00000000  -0.00000000
        -2   -6   -4        -2   -6   -4        0.99999584   0.00000000
        -2   -5    0        -2   -6   -4        0.00000040   0.00000000
        -2   -5    0        -2   -5    0        0.99999590   0.00000000
        -2   -3    2        -2   -5    0        0.00000167   0.00000000
        -2   -3    2        -2   -3    2        0.99999590   0.00000000
        -2    1    3        -2   -3    2        0.00000040  -0.00000000
        -2    1    3        -2    1    3        0.99999584   0.00000000
        -1   -5   -5        -2    1    3       -0.00000047  -0.00000000
        -1   -5   -5        -1   -5   -5        0.99999603   0.00000000
        -1   -5    0        -1   -5   -5       -0.00000019  -0.00000000
        -1   -5    0        -1   -5    0        0.99999604   0.00000000
        -1   -3   -6        -1   -5    0        0.00000020  -0.00000000
        -1   -3   -6        -1   -3   -6        0.99999590   0.00000000
        -1   -2   -6        -1   -3   -6       -0.00000266  -0.00000000
        -1   -2   -6        -1   -2   -6        0.99999604   0.00000000
        -1   -2    3        -1   -2   -6       -0.00000034  -0.00000000
        -1   -2    3        -1   -2    3        0.99999604  -0.00000000
        -1    3    3        -1   -2    3       -0.00000019   0.00000000
        -1    3    3        -1    3    3        0.99999603  -0.00000000
