
 BerkeleyGW version 4.0
 Epsilon code, Complex version, run on 30-Apr-2026 at 22:42:40 -0700

 Running MPI version (parallel)
 Running with 4 MPI task(s)
 Computing the static inverse dielectric matrix

 We are using matrix communication scheme

 We are communicating via MPI

 We are using no truncation
 Highest occupied band (unshifted grid) = 8
 Valence max    (unshifted grid) = 6.280881 eV
 Conduction min (unshifted grid) = 6.973623 eV
 Middle energy  (unshifted grid) = 6.627252 eV
 Fermi  energy  (unshifted grid) = 6.627252 eV

 Highest occupied band (shifted grid) = 8
 Running with 1 valence pools
 Number of conduction bands per processor: 13
 Number of valence bands per processor: 8

 Memory available: 60293.4 MB per PE
 Memory required for execution: 70.8 MB per PE
 Memory required for vcoul: 0.0 MB per PE

 Cell Volume = 0.270107161E+03

 Number of electrons per unit cell (from ifmax) = 8.000000
 Number of electrons per unit cell (from occupations) = 8.000000
 Plasma Frequency = 1.220146 Ry

 - Screened Coulomb cutoff: 25.000 Ry
 - Total number of bands: 60
 - Number of q-points: 8

 Scissors parameters:
 - Valence:    es =   0.0000 eV, e0 =   0.0000 eV, edel =   0.0000
 - Conduction: es =   0.0000 eV, e0 =   0.0000 eV, edel =   0.0000
 Highest occupied band (shifted grid) = 8


     q= 0.0003 0.0000 0.0000  nmtx=     537  nrk= 20

           independent matrix elements of chi       spin index= 1 1

          g          g**2          gp          gp**2          chi(g,gp)
    0    0    0   0.00000         0    0    0   0.00000       -0.0000000649  -0.0000000000
    0    0    0   0.00000        -1   -1   -1   1.12482       -0.0000031122   0.0000000000
    0    0    0   0.00000        -1    0    0   1.12482        0.0000093809  -0.0000000000
    0    0    0   0.00000         0   -1    0   1.12482       -0.0000031355   0.0000000000
    0    0    0   0.00000         0    0   -1   1.12482       -0.0000031354   0.0000000000
    0    0    0   0.00000         0    0    1   1.12482        0.0000031122  -0.0000000000
    0    0    0   0.00000         0    1    0   1.12482        0.0000031123  -0.0000000000
    0    0    0   0.00000         1    0    0   1.12482       -0.0000093623  -0.0000000000
    0    0    0   0.00000         1    1    1   1.12482        0.0000031354  -0.0000000000
    0    0    0   0.00000        -1   -1    0   1.49976        0.0000000056   0.0000000000
    0    0    0   0.00000        -1    0   -1   1.49976        0.0000000056   0.0000000000
    0    0    0   0.00000         0   -1   -1   1.49976       -0.0000000057  -0.0000000000
    0    0    0   0.00000         0    1    1   1.49976       -0.0000000055  -0.0000000000
    0    0    0   0.00000         1    0    1   1.49976        0.0000000056   0.0000000000
    0    0    0   0.00000         1    1    0   1.49976        0.0000000055   0.0000000000
    0    0    0   0.00000        -2   -1   -1   2.99952        0.0000046279  -0.0000000000
    0    0    0   0.00000        -1   -2   -1   2.99952       -0.0000000015   0.0000000000
    0    0    0   0.00000        -1   -1   -2   2.99952       -0.0000000014  -0.0000000000
    0    0    0   0.00000        -1    0    1   2.99952       -0.0000046278   0.0000000000
    0    0    0   0.00000        -1    1    0   2.99952       -0.0000046278   0.0000000000
    0    0    0   0.00000         0   -1    1   2.99952        0.0000000014   0.0000000000
    0    0    0   0.00000         0    1   -1   2.99952        0.0000000016  -0.0000000000
    0    0    0   0.00000         1   -1    0   2.99952        0.0000046226   0.0000000000
    0    0    0   0.00000         1    0   -1   2.99952        0.0000046227   0.0000000000
    0    0    0   0.00000         1    1    2   2.99952       -0.0000000016   0.0000000000
    0    0    0   0.00000         1    2    1   2.99952       -0.0000000014  -0.0000000000
    0    0    0   0.00000         2    1    1   2.99952       -0.0000046227  -0.0000000000
    0    0    0   0.00000        -2   -2   -1   4.12435        0.0000025223  -0.0000000000
    0    0    0   0.00000        -2   -1   -2   4.12435        0.0000025224   0.0000000000
    0    0    0   0.00000        -2   -1    0   4.12435        0.0000061258  -0.0000000000
    0    0    0   0.00000        -2    0   -1   4.12435        0.0000061257  -0.0000000000
    0    0    0   0.00000        -1   -2   -2   4.12435        0.0000010720   0.0000000000
    0    0    0   0.00000         2    2    0   5.99905       -0.0000012026   0.0000000000
    0    0    0   0.00000        -3   -2   -2   7.12387       -0.0000000105   0.0000000000
    0    0    0   0.00000        -3   -1   -1   7.12387       -0.0000015444   0.0000000000
    0    0    0   0.00000        -2   -3   -2   7.12387        0.0000007788   0.0000000001
    0    0    0   0.00000        -2   -2   -3   7.12387        0.0000007790  -0.0000000001
    0    0    0   0.00000        -2    0    1   7.12387        0.0000015445  -0.0000000000
    0    0    0   0.00000        -2    1    0   7.12387        0.0000015445  -0.0000000000
    0    0    0   0.00000        -1   -3   -1   7.12387        0.0000007747   0.0000000001
    0    0    0   0.00000        -1   -1   -3   7.12387        0.0000007748  -0.0000000001
    0    0    0   0.00000        -1    0    2   7.12387       -0.0000000104   0.0000000000
    0    0    0   0.00000        -1    2    0   7.12387       -0.0000000105   0.0000000000
    0    0    0   0.00000         0   -2    1   7.12387       -0.0000007749   0.0000000001
    0    0    0   0.00000         0   -1    2   7.12387        0.0000007791  -0.0000000001
    0    0    0   0.00000         0    1   -2   7.12387       -0.0000007747  -0.0000000001
    0    0    0   0.00000         0    2   -1   7.12387        0.0000007789   0.0000000001
    0    0    0   0.00000         1   -2    0   7.12387        0.0000000135   0.0000000000
    0    0    0   0.00000         1    0   -2   7.12387        0.0000000136   0.0000000000
    0    0    0   0.00000         1    1    3   7.12387       -0.0000007788  -0.0000000001
    0    0    0   0.00000         1    3    1   7.12387       -0.0000007790   0.0000000001
    0    0    0   0.00000         2   -1    0   7.12387       -0.0000015389   0.0000000000
    0    0    0   0.00000         2    0   -1   7.12387       -0.0000015389  -0.0000000000
    0    0    0   0.00000         2    2    3   7.12387       -0.0000007746  -0.0000000001
    0    0    0   0.00000         2    3    2   7.12387       -0.0000007748   0.0000000001
    0    0    0   0.00000         3    1    1   7.12387        0.0000015389   0.0000000000
    0    0    0   0.00000         3    2    2   7.12387        0.0000000136   0.0000000000
    0    0    0   0.00000        -3   -2   -1   7.49881       -0.0000006989   0.0000000000
    0    0    0   0.00000        -3   -1   -2   7.49881       -0.0000006987  -0.0000000000
    0    0    0   0.00000        -2   -3   -1   7.49881        0.0000006994   0.0000000001
    0    0    0   0.00000        -2   -1   -3   7.49881        0.0000006997  -0.0000000001
    0    0    0   0.00000        -2   -1    1   7.49881        0.0000006987   0.0000000000
    0    0    0   0.00000        -2    1   -1   7.49881        0.0000006989  -0.0000000000
    0    0    0   0.00000        -1   -3   -2   7.49881        0.0000006978   0.0000000000
    0    0    0   0.00000         1    0    3   8.99857       -0.0000000600   0.0000000000
    0    0    0   0.00000         1    1   -2   8.99857       -0.0000000492  -0.0000000000
    0    0    0   0.00000         1    3    0   8.99857       -0.0000000600   0.0000000000
    0    0    0   0.00000         2   -1   -1   8.99857       -0.0000001578   0.0000000000
    0    0    0   0.00000         2    3    3   8.99857       -0.0000000564  -0.0000000000
    0    0    0   0.00000         3    0    1   8.99857        0.0000001578  -0.0000000000
    0    0    0   0.00000         3    1    0   8.99857        0.0000001578  -0.0000000000
    0    0    0   0.00000         3    2    3   8.99857       -0.0000000492  -0.0000000000
    0    0    0   0.00000         3    3    2   8.99857       -0.0000000492   0.0000000000
    0    0    0   0.00000        -3   -3   -3  10.12339       -0.0000002492   0.0000000000
    0    0    0   0.00000        -3   -3   -1  10.12339        0.0000001121   0.0000000000
    0    0    0   0.00000        -3   -2    0  10.12339       -0.0000002920  -0.0000000000
    0    0    0   0.00000        -3   -1   -3  10.12339        0.0000001123  -0.0000000000
    0    0    0   0.00000        -3    0   -2  10.12339       -0.0000002920  -0.0000000000
    0    0    0   0.00000        -3    0    0  10.12339        0.0000007483   0.0000000000
    0    0    0   0.00000        -2   -3    0  10.12339        0.0000000693   0.0000000000
    0    0    0   0.00000        -2   -2    1  10.12339       -0.0000001122   0.0000000000
    0    0    0   0.00000        -2    0   -3  10.12339        0.0000000693   0.0000000000
    0    0    0   0.00000        -2    1   -2  10.12339       -0.0000001121  -0.0000000000
    0    0    0   0.00000        -1   -3   -3  10.12339        0.0000000702  -0.0000000000
    0    0    0   0.00000        -1    2    2  10.12339       -0.0000002920  -0.0000000000
    0    0    0   0.00000         0   -3   -2  10.12339        0.0000001097   0.0000000000
    0    0    0   0.00000         0   -3    0  10.12339       -0.0000002496   0.0000000000
    0    0    0   0.00000         0   -2   -3  10.12339        0.0000001097  -0.0000000000
    0    0    0   0.00000         0    0   -3  10.12339       -0.0000002496   0.0000000000
    0    0    0   0.00000         0    0    3  10.12339        0.0000002492  -0.0000000000
    0    0    0   0.00000         0    2    3  10.12339       -0.0000001122  -0.0000000000
    0    0    0   0.00000         0    3    0  10.12339        0.0000002492  -0.0000000000
    0    0    0   0.00000         0    3    2  10.12339       -0.0000001122   0.0000000000
    0    0    0   0.00000         1   -2   -2  10.12339        0.0000002912   0.0000000000
    0    0    0   0.00000         1    3    3  10.12339       -0.0000000693  -0.0000000000
    0    0    0   0.00000         2   -1    2  10.12339        0.0000001097  -0.0000000000
    0    0    0   0.00000        -2   -1   -4  13.12292        0.0000000228  -0.0000000000
    0    0    0   0.00000        -2   -1    2  13.12292        0.0000001063   0.0000000000
    0    0    0   0.00000        -2    1    2  13.12292        0.0000001213   0.0000000000
    0    0    0   0.00000        -2    2   -1  13.12292        0.0000001063  -0.0000000000
    0    0    0   0.00000        -2    2    1  13.12292        0.0000001213  -0.0000000000
    0    0    0   0.00000        -1   -4   -2  13.12292       -0.0000000365   0.0000000000
    0    0    0   0.00000        -1   -3    1  13.12292       -0.0000000228   0.0000000000
    0    0    0   0.00000        -1   -2   -4  13.12292       -0.0000000364  -0.0000000000
    0    0    0   0.00000        -1   -2    2  13.12292        0.0000000367   0.0000000000
    0    0    0   0.00000        -1    1   -3  13.12292       -0.0000000228  -0.0000000000
    0    0    0   0.00000        -1    1    3  13.12292       -0.0000001063   0.0000000000
    0    0    0   0.00000        -1    2   -2  13.12292        0.0000000367  -0.0000000000
    0    0    0   0.00000        -1    3    1  13.12292       -0.0000001063  -0.0000000000
    0    0    0   0.00000         1   -3   -1  13.12292        0.0000001065   0.0000000000
    0    0    0   0.00000         1   -2    2  13.12292       -0.0000000364  -0.0000000000
    0    0    0   0.00000         1   -1   -3  13.12292        0.0000001065  -0.0000000000
    0    0    0   0.00000         1   -1    3  13.12292        0.0000000217  -0.0000000000
    0    0    0   0.00000         1    2   -2  13.12292       -0.0000000365   0.0000000000
    0    0    0   0.00000         1    2    4  13.12292        0.0000000367  -0.0000000000
    0    0    0   0.00000         1    3   -1  13.12292        0.0000000217   0.0000000000
    0    0    0   0.00000         1    4    2  13.12292        0.0000000367   0.0000000000
    0    0    0   0.00000         2   -2   -1  13.12292       -0.0000001201   0.0000000000
    0    0    0   0.00000         2   -2    1  13.12292       -0.0000001065   0.0000000000
    0    0    0   0.00000         2   -1   -2  13.12292       -0.0000001200  -0.0000000000
    0    0    0   0.00000         2    1   -2  13.12292       -0.0000001065  -0.0000000000
    0    0    0   0.00000         2    1    4  13.12292       -0.0000000217  -0.0000000000
    0    0    0   0.00000         2    3    4  13.12292        0.0000000228   0.0000000000
    0    0    0   0.00000         2    4    1  13.12292       -0.0000000217   0.0000000000
    0    0    0   0.00000         2    4    3  13.12292        0.0000000228  -0.0000000000
    0    0    0   0.00000         3   -1    1  13.12292        0.0000001200   0.0000000000
    0    0    0   0.00000         3    1   -1  13.12292        0.0000001200  -0.0000000000
    0    0    0   0.00000         3    2    4  13.12292       -0.0000000365   0.0000000000
    0    0    0   0.00000         3    4    3  13.49786        0.0000000760  -0.0000000000
    0    0    0   0.00000         4    1    1  13.49786        0.0000003448   0.0000000000
    0    0    0   0.00000         4    3    3  13.49786        0.0000001916   0.0000000000
    0    0    0   0.00000        -4   -3   -1  14.99762        0.0000002031   0.0000000000
    0    0    0   0.00000        -4   -1   -3  14.99762        0.0000002032  -0.0000000000
    0    0    0   0.00000        -3   -4   -1  14.99762        0.0000001125   0.0000000000
    0    0    0   0.00000        -3   -2    1  14.99762       -0.0000002032   0.0000000000
    0    0    0   0.00000        -3   -1   -4  14.99762        0.0000001125  -0.0000000000
    0    0    0   0.00000        -3    1   -2  14.99762       -0.0000002032  -0.0000000000
    0    0    0   0.00000        -2   -3    1  14.99762       -0.0000001125   0.0000000000
    0    0    0   0.00000        -2    1   -3  14.99762       -0.0000001125  -0.0000000000
    0    0    0   0.00000        -1   -4   -3  14.99762       -0.0000001118   0.0000000000
    0    0    0   0.00000        -1   -3   -4  14.99762       -0.0000001118  -0.0000000000
    0    0    0   0.00000        -1    2    3  14.99762       -0.0000002032  -0.0000000000
    0    0    0   0.00000        -1    3    2  14.99762       -0.0000002032   0.0000000000
    0    0    0   0.00000         1   -3   -2  14.99762        0.0000002026  -0.0000000000
    0    0    0   0.00000         1   -2   -3  14.99762        0.0000002026   0.0000000000
    0    0    0   0.00000         1    3    4  14.99762        0.0000001125   0.0000000000
    0    0    0   0.00000         1    4    3  14.99762        0.0000001125  -0.0000000000
    0    0    0   0.00000         2   -1    3  14.99762        0.0000001118   0.0000000000
    0    0    0   0.00000         2    3   -1  14.99762        0.0000001118  -0.0000000000
    0    0    0   0.00000         3   -1    2  14.99762        0.0000002026   0.0000000000
    0    0    0   0.00000         3    1    4  14.99762       -0.0000001118   0.0000000000
    0    0    0   0.00000         3    2   -1  14.99762        0.0000002026  -0.0000000000
    0    0    0   0.00000         3    4    1  14.99762       -0.0000001118  -0.0000000000
    0    0    0   0.00000         4    1    3  14.99762       -0.0000002026   0.0000000000
    0    0    0   0.00000         4    3    1  14.99762       -0.0000002026  -0.0000000000
    0    0    0   0.00000        -4   -4   -3  16.12244       -0.0000001528  -0.0000000000
    0    0    0   0.00000        -4   -3   -4  16.12244       -0.0000001528   0.0000000000
    0    0    0   0.00000        -4   -1    0  16.12244       -0.0000003106  -0.0000000000
    0    0    0   0.00000        -4    0   -1  16.12244       -0.0000003106  -0.0000000000
    0    0    0   0.00000        -3   -4   -4  16.12244       -0.0000000058  -0.0000000000
    0    0    0   0.00000         0    4    2  16.49738       -0.0000000462   0.0000000000
    0    0    0   0.00000         2   -2   -2  16.49738        0.0000000171  -0.0000000000
    0    0    0   0.00000         2   -2    2  16.49738        0.0000000455  -0.0000000000
    0    0    0   0.00000         2    0    4  16.49738        0.0000000750  -0.0000000000
    0    0    0   0.00000         2    2   -2  16.49738        0.0000000455   0.0000000000
    0    0    0   0.00000         2    4    0  16.49738        0.0000000750  -0.0000000000
    0    0    0   0.00000         2    4    4  16.49738       -0.0000000748   0.0000000000
    0    0    0   0.00000         4    0    2  16.49738        0.0000000171  -0.0000000000
    0    0    0   0.00000         4    2    0  16.49738        0.0000000171  -0.0000000000
    0    0    0   0.00000         4    2    4  16.49738        0.0000000455   0.0000000000
    0    0    0   0.00000         4    4    2  16.49738        0.0000000455  -0.0000000000
    0    0    0   0.00000        -4   -4   -4  17.99714       -0.0000000819  -0.0000000000
    0    0    0   0.00000        -4    0    0  17.99714       -0.0000002459   0.0000000000
    0    0    0   0.00000         0   -4    0  17.99714        0.0000000818   0.0000000000
    0    0    0   0.00000         0    0   -4  17.99714        0.0000000818   0.0000000000
    0    0    0   0.00000         0    0    4  17.99714       -0.0000000819  -0.0000000000
    0    0    0   0.00000         0    4    0  17.99714       -0.0000000819  -0.0000000000
    0    0    0   0.00000         4    0    0  17.99714        0.0000002454  -0.0000000000
    0    0    0   0.00000         4    4    4  17.99714        0.0000000818   0.0000000000
    0    0    0   0.00000        -5   -3   -3  19.12197       -0.0000001548   0.0000000000
    0    0    0   0.00000        -5   -2   -2  19.12197        0.0000000979  -0.0000000000
    0    0    0   0.00000        -4   -4   -1  19.12197        0.0000000566  -0.0000000000
    0    0    0   0.00000        -4   -3    0  19.12197        0.0000000940  -0.0000000000
    0    0    0   0.00000        -4   -1   -4  19.12197        0.0000000566   0.0000000000
    0    0    0   0.00000        -4    0   -3  19.12197        0.0000000940  -0.0000000000
    0    0    0   0.00000        -3   -5   -3  19.12197        0.0000000282  -0.0000000000
    0    0    0   0.00000        -3   -4    0  19.12197        0.0000000199  -0.0000000000
    0    0    0   0.00000        -3   -3   -5  19.12197        0.0000000282   0.0000000000
    0    0    0   0.00000        -3   -3    1  19.12197       -0.0000000566  -0.0000000000
    0    0    0   0.00000        -3    0   -4  19.12197        0.0000000199  -0.0000000000
    0    0    0   0.00000        -3    0    2  19.12197        0.0000000979  -0.0000000000
    0    0    0   0.00000        -3    1   -3  19.12197       -0.0000000566   0.0000000000
    0    0    0   0.00000         4    4    1  19.12197       -0.0000000568  -0.0000000000
    0    0    0   0.00000         5    2    2  19.12197       -0.0000000980  -0.0000000000
    0    0    0   0.00000         5    3    3  19.12197        0.0000001543  -0.0000000000
    0    0    0   0.00000        -5   -3   -2  19.49691       -0.0000000618  -0.0000000000
    0    0    0   0.00000        -5   -2   -3  19.49691       -0.0000000619   0.0000000000
    0    0    0   0.00000        -3   -5   -2  19.49691        0.0000000615  -0.0000000000
    0    0    0   0.00000        -3   -2   -5  19.49691        0.0000000615   0.0000000000
    0    0    0   0.00000        -3   -1    2  19.49691       -0.0000000619   0.0000000000
    0    0    0   0.00000        -3    2   -1  19.49691       -0.0000000618  -0.0000000000
    0    0    0   0.00000        -2   -5   -3  19.49691        0.0000000617  -0.0000000000
    0    0    0   0.00000        -2   -3   -5  19.49691        0.0000000617   0.0000000000
    0    0    0   0.00000        -2    1    3  19.49691        0.0000000618   0.0000000000
    0    0    0   0.00000        -2    3    1  19.49691        0.0000000618  -0.0000000000
    0    0    0   0.00000        -1   -3    2  19.49691        0.0000000615   0.0000000000
    0    0    0   0.00000        -1    2   -3  19.49691        0.0000000615  -0.0000000000
    0    0    0   0.00000         1   -2    3  19.49691       -0.0000000617  -0.0000000000
    0    0    0   0.00000         1    3   -2  19.49691       -0.0000000617   0.0000000000
    0    0    0   0.00000         2   -3   -1  19.49691       -0.0000000614  -0.0000000000
    0    0    0   0.00000         2   -1   -3  19.49691       -0.0000000614   0.0000000000
    0    0    0   0.00000         2    3    5  19.49691       -0.0000000615   0.0000000000
    0    0    0   0.00000         2    5    3  19.49691       -0.0000000615  -0.0000000000
    0    0    0   0.00000         3   -2    1  19.49691        0.0000000614  -0.0000000000
    0    0    0   0.00000         3    1   -2  19.49691        0.0000000614   0.0000000000
    0    0    0   0.00000         3    2    5  19.49691       -0.0000000617   0.0000000000
    0    0    0   0.00000         3    5    2  19.49691       -0.0000000617  -0.0000000000
    0    0    0   0.00000         5    2    3  19.49691        0.0000000614   0.0000000000
    0    0    0   0.00000         5    3    2  19.49691        0.0000000614  -0.0000000000
    0    0    0   0.00000        -5   -4   -3  20.99667       -0.0000000714   0.0000000000
    0    0    0   0.00000        -5   -3   -4  20.99667       -0.0000000714  -0.0000000000
    0    0    0   0.00000        -5   -2   -1  20.99667        0.0000001176   0.0000000000
    0    0    0   0.00000        -5   -1   -2  20.99667        0.0000001176  -0.0000000000
    0    0    0   0.00000        -4   -5   -3  20.99667       -0.0000000420  -0.0000000000
    0    0    0   0.00000         3   -1   -2  20.99667       -0.0000001174  -0.0000000000
    0    0    0   0.00000         3    4    5  20.99667        0.0000000039  -0.0000000000
    0    0    0   0.00000         3    5    4  20.99667        0.0000000039   0.0000000000
    0    0    0   0.00000         4   -1    1  20.99667        0.0000001174   0.0000000000
    0    0    0   0.00000         4    1   -1  20.99667        0.0000001174  -0.0000000000
    0    0    0   0.00000         4    3    5  20.99667        0.0000000421  -0.0000000000
    0    0    0   0.00000         4    5    3  20.99667        0.0000000421   0.0000000000
    0    0    0   0.00000         5    1    2  20.99667       -0.0000001174   0.0000000000
    0    0    0   0.00000         5    2    1  20.99667       -0.0000001174  -0.0000000000
    0    0    0   0.00000         5    3    4  20.99667        0.0000000715  -0.0000000000
    0    0    0   0.00000         5    4    3  20.99667        0.0000000715   0.0000000000
    0    0    0   0.00000        -5   -4   -4  22.12149        0.0000000043   0.0000000000
    0    0    0   0.00000        -5   -4   -2  22.12149       -0.0000000700  -0.0000000000
    0    0    0   0.00000        -5   -3   -1  22.12149        0.0000000234  -0.0000000000
    0    0    0   0.00000        -5   -2   -4  22.12149       -0.0000000700   0.0000000000
    0    0    0   0.00000        -5   -1   -3  22.12149        0.0000000234   0.0000000000
    0    0    0   0.00000        -5   -1   -1  22.12149        0.0000000652  -0.0000000000
    0    0    0   0.00000        -4   -5   -4  22.12149       -0.0000000346   0.0000000000
    0    0    0   0.00000        -4   -5   -2  22.12149       -0.0000000110  -0.0000000000
    0    0    0   0.00000        -4   -4   -5  22.12149       -0.0000000345  -0.0000000000
    0    0    0   0.00000        -4   -2   -5  22.12149       -0.0000000110   0.0000000000
    0    0    0   0.00000        -4   -2    1  22.12149       -0.0000000234  -0.0000000000
    0    0    0   0.00000        -4    0    1  22.12149       -0.0000000652   0.0000000000
    0    0    0   0.00000        -4    1   -2  22.12149       -0.0000000234   0.0000000000
    0    0    0   0.00000        -4    1    0  22.12149       -0.0000000652   0.0000000000
    0    0    0   0.00000        -3   -5   -1  22.12149        0.0000000572  -0.0000000000
    0    0    0   0.00000        -3   -2    2  22.12149       -0.0000000700   0.0000000000
    0    0    0   0.00000        -3   -1   -5  22.12149        0.0000000572   0.0000000000
    0    0    0   0.00000        -3    2   -2  22.12149       -0.0000000700  -0.0000000000
    0    0    0   0.00000        -2   -5   -4  22.12149        0.0000000573  -0.0000000000
    0    0    0   0.00000        -2   -4   -5  22.12149        0.0000000573   0.0000000000
    0    0    0   0.00000        -2   -4    1  22.12149       -0.0000000572  -0.0000000000
    0    0    0   0.00000         2    5    4  22.12149       -0.0000000572  -0.0000000000
    0    0    0   0.00000         3   -2    2  22.12149        0.0000000698  -0.0000000000
    0    0    0   0.00000         3    1    5  22.12149       -0.0000000573   0.0000000000
    0    0    0   0.00000         3    2   -2  22.12149        0.0000000698   0.0000000000
    0    0    0   0.00000         3    5    1  22.12149       -0.0000000573  -0.0000000000
    0    0    0   0.00000         4   -1    0  22.12149        0.0000000650  -0.0000000000
    0    0    0   0.00000         4   -1    2  22.12149        0.0000000236   0.0000000000
    0    0    0   0.00000         4    0   -1  22.12149        0.0000000650  -0.0000000000
    0    0    0   0.00000         4    2   -1  22.12149        0.0000000236  -0.0000000000
    0    0    0   0.00000         4    2    5  22.12149        0.0000000109   0.0000000000
    0    0    0   0.00000         4    4    5  22.12149        0.0000000347  -0.0000000000
    0    0    0   0.00000         4    5    2  22.12149        0.0000000109  -0.0000000000
    0    0    0   0.00000         4    5    4  22.12149        0.0000000347   0.0000000000
    0    0    0   0.00000         5    1    1  22.12149       -0.0000000650   0.0000000000
    0    0    0   0.00000         5    1    3  22.12149       -0.0000000236   0.0000000000
    0    0    0   0.00000         5    2    4  22.12149        0.0000000698   0.0000000000
    0    0    0   0.00000         5    3    1  22.12149       -0.0000000236  -0.0000000000
    0    0    0   0.00000         5    4    2  22.12149        0.0000000698  -0.0000000000
    0    0    0   0.00000         5    4    4  22.12149       -0.0000000040   0.0000000000
    0    0    0   0.00000        -4   -4    0  23.99619        0.0000000240  -0.0000000000
    0    0    0   0.00000        -4    0   -4  23.99619        0.0000000240  -0.0000000000
    0    0    0   0.00000         0   -4   -4  23.99619       -0.0000000241  -0.0000000000
    0    0    0   0.00000         0    4    4  23.99619        0.0000000240  -0.0000000000
    0    0    0   0.00000         4    0    4  23.99619       -0.0000000241  -0.0000000000
    0    0    0   0.00000         4    4    0  23.99619       -0.0000000241  -0.0000000000
   -1   -1   -1   1.12482        -1   -1   -1   1.12482       -0.0341185519  -0.0000000000
   -1    0    0   1.12482        -1    0    0   1.12482       -0.0341193045  -0.0000000000
    0   -1    0   1.12482         0   -1    0   1.12482       -0.0341213964   0.0000000000
    0    0   -1   1.12482         0    0   -1   1.12482       -0.0341186239   0.0000000000
    0    0    1   1.12482         0    0    1   1.12482       -0.0341201652   0.0000000000
    0    1    0   1.12482         0    1    0   1.12482       -0.0341207313   0.0000000000
    1    0    0   1.12482         1    0    0   1.12482       -0.0341182732   0.0000000000
    1    1    1   1.12482         1    1    1   1.12482       -0.0341181104  -0.0000000000
   -1   -1    0   1.49976        -1   -1    0   1.49976       -0.0345751249   0.0000000000
   -1    0   -1   1.49976        -1    0   -1   1.49976       -0.0345720317   0.0000000000
    0   -1   -1   1.49976         0   -1   -1   1.49976       -0.0345731732   0.0000000000
    0    1    1   1.49976         0    1    1   1.49976       -0.0345749916   0.0000000000
    1    0    1   1.49976         1    0    1   1.49976       -0.0345736550   0.0000000000
    1    1    0   1.49976         1    1    0   1.49976       -0.0345698646   0.0000000000
   -2   -1   -1   2.99952        -2   -1   -1   2.99952       -0.0234248857  -0.0000000000
   -1   -2   -1   2.99952        -1   -2   -1   2.99952       -0.0234307649   0.0000000000
   -1   -1   -2   2.99952        -1   -1   -2   2.99952       -0.0234201178  -0.0000000000
   -1    0    1   2.99952        -1    0    1   2.99952       -0.0234282663   0.0000000000
   -1    1    0   2.99952        -1    1    0   2.99952       -0.0234203886   0.0000000000
    0   -1    1   2.99952         0   -1    1   2.99952       -0.0234295102  -0.0000000000
    0    1   -1   2.99952         0    1   -1   2.99952       -0.0234245319  -0.0000000000
    1   -1    0   2.99952         1   -1    0   2.99952       -0.0234270448   0.0000000000
    1    0   -1   2.99952         1    0   -1   2.99952       -0.0234190392   0.0000000000
    1    1    2   2.99952         1    1    2   2.99952       -0.0234280579  -0.0000000000
    1    2    1   2.99952         1    2    1   2.99952       -0.0234228238   0.0000000000
    2    1    1   2.99952         2    1    1   2.99952       -0.0234236008  -0.0000000000
   -2   -2   -1   4.12435        -2   -2   -1   4.12435       -0.0137073691   0.0000000000
   -2   -1   -2   4.12435        -2   -1   -2   4.12435       -0.0137076269  -0.0000000000
   -2   -1    0   4.12435        -2   -1    0   4.12435       -0.0137177528  -0.0000000000
   -2    0   -1   4.12435        -2    0   -1   4.12435       -0.0137096472   0.0000000000
   -1   -2   -2   4.12435        -1   -2   -2   4.12435       -0.0137139385  -0.0000000000
    2    2    0   5.99905         2    2    0   5.99905       -0.0044132366  -0.0000000000
   -3   -2   -2   7.12387        -3   -2   -2   7.12387       -0.0022615688   0.0000000000
   -3   -1   -1   7.12387        -3   -1   -1   7.12387       -0.0022633909  -0.0000000000
   -2   -3   -2   7.12387        -2   -3   -2   7.12387       -0.0022668641  -0.0000000000
   -2   -2   -3   7.12387        -2   -2   -3   7.12387       -0.0022611538   0.0000000000
   -2    0    1   7.12387        -2    0    1   7.12387       -0.0022638570   0.0000000000
   -2    1    0   7.12387        -2    1    0   7.12387       -0.0022601448   0.0000000000
   -1   -3   -1   7.12387        -1   -3   -1   7.12387       -0.0022658634  -0.0000000000
   -1   -1   -3   7.12387        -1   -1   -3   7.12387       -0.0022621640   0.0000000000
   -1    0    2   7.12387        -1    0    2   7.12387       -0.0022632909  -0.0000000000
   -1    2    0   7.12387        -1    2    0   7.12387       -0.0022587613  -0.0000000000
    0   -2    1   7.12387         0   -2    1   7.12387       -0.0022636464   0.0000000000
    0   -1    2   7.12387         0   -1    2   7.12387       -0.0022634301   0.0000000000
    0    1   -2   7.12387         0    1   -2   7.12387       -0.0022636615   0.0000000000
    0    2   -1   7.12387         0    2   -1   7.12387       -0.0022662554   0.0000000000
    1   -2    0   7.12387         1   -2    0   7.12387       -0.0022668993   0.0000000000
    1    0   -2   7.12387         1    0   -2   7.12387       -0.0022620056  -0.0000000000
    1    1    3   7.12387         1    1    3   7.12387       -0.0022667865  -0.0000000000
    1    3    1   7.12387         1    3    1   7.12387       -0.0022636190   0.0000000000
    2   -1    0   7.12387         2   -1    0   7.12387       -0.0022651335   0.0000000000
    2    0   -1   7.12387         2    0   -1   7.12387       -0.0022614916   0.0000000000
    2    2    3   7.12387         2    2    3   7.12387       -0.0022649278  -0.0000000000
    2    3    2   7.12387         2    3    2   7.12387       -0.0022607099  -0.0000000000
    3    1    1   7.12387         3    1    1   7.12387       -0.0022647027  -0.0000000000
    3    2    2   7.12387         3    2    2   7.12387       -0.0022649966   0.0000000000
   -3   -2   -1   7.49881        -3   -2   -1   7.49881       -0.0017673090  -0.0000000000
   -3   -1   -2   7.49881        -3   -1   -2   7.49881       -0.0017721701  -0.0000000000
   -2   -3   -1   7.49881        -2   -3   -1   7.49881       -0.0017708103  -0.0000000000
   -2   -1   -3   7.49881        -2   -1   -3   7.49881       -0.0017695597  -0.0000000000
   -2   -1    1   7.49881        -2   -1    1   7.49881       -0.0017734295  -0.0000000000
   -2    1   -1   7.49881        -2    1   -1   7.49881       -0.0017650517   0.0000000000
   -1   -3   -2   7.49881        -1   -3   -2   7.49881       -0.0017754844  -0.0000000000
    1    0    3   8.99857         1    0    3   8.99857       -0.0007042840  -0.0000000000
    1    1   -2   8.99857         1    1   -2   8.99857       -0.0007037354   0.0000000000
    1    3    0   8.99857         1    3    0   8.99857       -0.0007034850   0.0000000000
    2   -1   -1   8.99857         2   -1   -1   8.99857       -0.0007042688   0.0000000000
    2    3    3   8.99857         2    3    3   8.99857       -0.0007044418  -0.0000000000
    3    0    1   8.99857         3    0    1   8.99857       -0.0007040309  -0.0000000000
    3    1    0   8.99857         3    1    0   8.99857       -0.0007042847  -0.0000000000
    3    2    3   8.99857         3    2    3   8.99857       -0.0007046543  -0.0000000000
    3    3    2   8.99857         3    3    2   8.99857       -0.0007034922   0.0000000000
   -3   -3   -3  10.12339        -3   -3   -3  10.12339       -0.0003754034   0.0000000000
   -3   -3   -1  10.12339        -3   -3   -1  10.12339       -0.0003881766   0.0000000000
   -3   -2    0  10.12339        -3   -2    0  10.12339       -0.0003877158   0.0000000000
   -3   -1   -3  10.12339        -3   -1   -3  10.12339       -0.0003877030   0.0000000000
   -3    0   -2  10.12339        -3    0   -2  10.12339       -0.0003878069   0.0000000000
   -3    0    0  10.12339        -3    0    0  10.12339       -0.0003754753  -0.0000000000
   -2   -3    0  10.12339        -2   -3    0  10.12339       -0.0003883263  -0.0000000000
   -2   -2    1  10.12339        -2   -2    1  10.12339       -0.0003884669  -0.0000000000
   -2    0   -3  10.12339        -2    0   -3  10.12339       -0.0003880876  -0.0000000000
   -2    1   -2  10.12339        -2    1   -2  10.12339       -0.0003876118  -0.0000000000
   -1   -3   -3  10.12339        -1   -3   -3  10.12339       -0.0003882814   0.0000000000
   -1    2    2  10.12339        -1    2    2  10.12339       -0.0003879594  -0.0000000000
    0   -3   -2  10.12339         0   -3   -2  10.12339       -0.0003885721  -0.0000000000
    0   -3    0  10.12339         0   -3    0  10.12339       -0.0003752175   0.0000000000
    0   -2   -3  10.12339         0   -2   -3  10.12339       -0.0003881551  -0.0000000000
    0    0   -3  10.12339         0    0   -3  10.12339       -0.0003751624   0.0000000000
    0    0    3  10.12339         0    0    3  10.12339       -0.0003754306   0.0000000000
    0    2    3  10.12339         0    2    3  10.12339       -0.0003881075  -0.0000000000
    0    3    0  10.12339         0    3    0  10.12339       -0.0003751072  -0.0000000000
    0    3    2  10.12339         0    3    2  10.12339       -0.0003881864   0.0000000000
    1   -2   -2  10.12339         1   -2   -2  10.12339       -0.0003885376   0.0000000000
    1    3    3  10.12339         1    3    3  10.12339       -0.0003883460  -0.0000000000
    2   -1    2  10.12339         2   -1    2  10.12339       -0.0003886220   0.0000000000
   -2   -1   -4  13.12292        -2   -1   -4  13.12292       -0.0001187254   0.0000000000
   -2   -1    2  13.12292        -2   -1    2  13.12292       -0.0001190587   0.0000000000
   -2    1    2  13.12292        -2    1    2  13.12292       -0.0001187762  -0.0000000000
   -2    2   -1  13.12292        -2    2   -1  13.12292       -0.0001187781   0.0000000000
   -2    2    1  13.12292        -2    2    1  13.12292       -0.0001190948   0.0000000000
   -1   -4   -2  13.12292        -1   -4   -2  13.12292       -0.0001190533  -0.0000000000
   -1   -3    1  13.12292        -1   -3    1  13.12292       -0.0001190247  -0.0000000000
   -1   -2   -4  13.12292        -1   -2   -4  13.12292       -0.0001188822   0.0000000000
   -1   -2    2  13.12292        -1   -2    2  13.12292       -0.0001190955   0.0000000000
   -1    1   -3  13.12292        -1    1   -3  13.12292       -0.0001189719   0.0000000000
   -1    1    3  13.12292        -1    1    3  13.12292       -0.0001188715  -0.0000000000
   -1    2   -2  13.12292        -1    2   -2  13.12292       -0.0001188038   0.0000000000
   -1    3    1  13.12292        -1    3    1  13.12292       -0.0001189560   0.0000000000
    1   -3   -1  13.12292         1   -3   -1  13.12292       -0.0001189930   0.0000000000
    1   -2    2  13.12292         1   -2    2  13.12292       -0.0001187797  -0.0000000000
    1   -1   -3  13.12292         1   -1   -3  13.12292       -0.0001188856  -0.0000000000
    1   -1    3  13.12292         1   -1    3  13.12292       -0.0001191466   0.0000000000
    1    2   -2  13.12292         1    2   -2  13.12292       -0.0001190893  -0.0000000000
    1    2    4  13.12292         1    2    4  13.12292       -0.0001187469   0.0000000000
    1    3   -1  13.12292         1    3   -1  13.12292       -0.0001189003   0.0000000000
    1    4    2  13.12292         1    4    2  13.12292       -0.0001192189   0.0000000000
    2   -2   -1  13.12292         2   -2   -1  13.12292       -0.0001191107   0.0000000000
    2   -2    1  13.12292         2   -2    1  13.12292       -0.0001189884   0.0000000000
    2   -1   -2  13.12292         2   -1   -2  13.12292       -0.0001187145   0.0000000000
    2    1   -2  13.12292         2    1   -2  13.12292       -0.0001188994  -0.0000000000
    2    1    4  13.12292         2    1    4  13.12292       -0.0001189327  -0.0000000000
    2    3    4  13.12292         2    3    4  13.12292       -0.0001190346   0.0000000000
    2    4    1  13.12292         2    4    1  13.12292       -0.0001186912   0.0000000000
    2    4    3  13.12292         2    4    3  13.12292       -0.0001190568   0.0000000000
    3   -1    1  13.12292         3   -1    1  13.12292       -0.0001187306   0.0000000000
    3    1   -1  13.12292         3    1   -1  13.12292       -0.0001191128   0.0000000000
    3    2    4  13.12292         3    2    4  13.12292       -0.0001190760  -0.0000000000
    3    4    3  13.49786         3    4    3  13.49786       -0.0001069696  -0.0000000000
    4    1    1  13.49786         4    1    1  13.49786       -0.0001070450   0.0000000000
    4    3    3  13.49786         4    3    3  13.49786       -0.0001070413  -0.0000000000
   -4   -3   -1  14.99762        -4   -3   -1  14.99762       -0.0000592501   0.0000000000
   -4   -1   -3  14.99762        -4   -1   -3  14.99762       -0.0000592631  -0.0000000000
   -3   -4   -1  14.99762        -3   -4   -1  14.99762       -0.0000592047  -0.0000000000
   -3   -2    1  14.99762        -3   -2    1  14.99762       -0.0000592686  -0.0000000000
   -3   -1   -4  14.99762        -3   -1   -4  14.99762       -0.0000592085  -0.0000000000
   -3    1   -2  14.99762        -3    1   -2  14.99762       -0.0000592371  -0.0000000000
   -2   -3    1  14.99762        -2   -3    1  14.99762       -0.0000592353  -0.0000000000
   -2    1   -3  14.99762        -2    1   -3  14.99762       -0.0000592488  -0.0000000000
   -1   -4   -3  14.99762        -1   -4   -3  14.99762       -0.0000592433  -0.0000000000
   -1   -3   -4  14.99762        -1   -3   -4  14.99762       -0.0000591893  -0.0000000000
   -1    2    3  14.99762        -1    2    3  14.99762       -0.0000592826   0.0000000000
   -1    3    2  14.99762        -1    3    2  14.99762       -0.0000592812  -0.0000000000
    1   -3   -2  14.99762         1   -3   -2  14.99762       -0.0000592088   0.0000000000
    1   -2   -3  14.99762         1   -2   -3  14.99762       -0.0000592033  -0.0000000000
    1    3    4  14.99762         1    3    4  14.99762       -0.0000592224  -0.0000000000
    1    4    3  14.99762         1    4    3  14.99762       -0.0000592693  -0.0000000000
    2   -1    3  14.99762         2   -1    3  14.99762       -0.0000591892  -0.0000000000
    2    3   -1  14.99762         2    3   -1  14.99762       -0.0000592359  -0.0000000000
    3   -1    2  14.99762         3   -1    2  14.99762       -0.0000591853  -0.0000000000
    3    1    4  14.99762         3    1    4  14.99762       -0.0000592029   0.0000000000
    3    2   -1  14.99762         3    2   -1  14.99762       -0.0000591688  -0.0000000000
    3    4    1  14.99762         3    4    1  14.99762       -0.0000591513  -0.0000000000
    4    1    3  14.99762         4    1    3  14.99762       -0.0000591781  -0.0000000000
    4    3    1  14.99762         4    3    1  14.99762       -0.0000591834   0.0000000000
   -4   -4   -3  16.12244        -4   -4   -3  16.12244       -0.0000480170  -0.0000000000
   -4   -3   -4  16.12244        -4   -3   -4  16.12244       -0.0000479454   0.0000000000
   -4   -1    0  16.12244        -4   -1    0  16.12244       -0.0000478870   0.0000000000
   -4    0   -1  16.12244        -4    0   -1  16.12244       -0.0000479312  -0.0000000000
   -3   -4   -4  16.12244        -3   -4   -4  16.12244       -0.0000479286   0.0000000000
    0    4    2  16.49738         0    4    2  16.49738       -0.0000363446   0.0000000000
    2   -2   -2  16.49738         2   -2   -2  16.49738       -0.0000363564   0.0000000000
    2   -2    2  16.49738         2   -2    2  16.49738       -0.0000363174  -0.0000000000
    2    0    4  16.49738         2    0    4  16.49738       -0.0000363435  -0.0000000000
    2    2   -2  16.49738         2    2   -2  16.49738       -0.0000363133   0.0000000000
    2    4    0  16.49738         2    4    0  16.49738       -0.0000362422  -0.0000000000
    2    4    4  16.49738         2    4    4  16.49738       -0.0000364133  -0.0000000000
    4    0    2  16.49738         4    0    2  16.49738       -0.0000363516   0.0000000000
    4    2    0  16.49738         4    2    0  16.49738       -0.0000363554   0.0000000000
    4    2    4  16.49738         4    2    4  16.49738       -0.0000363141  -0.0000000000
    4    4    2  16.49738         4    4    2  16.49738       -0.0000363516  -0.0000000000
   -4   -4   -4  17.99714        -4   -4   -4  17.99714       -0.0000288114   0.0000000000
   -4    0    0  17.99714        -4    0    0  17.99714       -0.0000287942  -0.0000000000
    0   -4    0  17.99714         0   -4    0  17.99714       -0.0000287809   0.0000000000
    0    0   -4  17.99714         0    0   -4  17.99714       -0.0000287828  -0.0000000000
    0    0    4  17.99714         0    0    4  17.99714       -0.0000288030  -0.0000000000
    0    4    0  17.99714         0    4    0  17.99714       -0.0000287668  -0.0000000000
    4    0    0  17.99714         4    0    0  17.99714       -0.0000287957  -0.0000000000
    4    4    4  17.99714         4    4    4  17.99714       -0.0000288083  -0.0000000000
   -5   -3   -3  19.12197        -5   -3   -3  19.12197       -0.0000197891  -0.0000000000
   -5   -2   -2  19.12197        -5   -2   -2  19.12197       -0.0000197847  -0.0000000000
   -4   -4   -1  19.12197        -4   -4   -1  19.12197       -0.0000168600   0.0000000000
   -4   -3    0  19.12197        -4   -3    0  19.12197       -0.0000168709  -0.0000000000
   -4   -1   -4  19.12197        -4   -1   -4  19.12197       -0.0000169060  -0.0000000000
   -4    0   -3  19.12197        -4    0   -3  19.12197       -0.0000168648   0.0000000000
   -3   -5   -3  19.12197        -3   -5   -3  19.12197       -0.0000197865   0.0000000000
   -3   -4    0  19.12197        -3   -4    0  19.12197       -0.0000169078  -0.0000000000
   -3   -3   -5  19.12197        -3   -3   -5  19.12197       -0.0000197744   0.0000000000
   -3   -3    1  19.12197        -3   -3    1  19.12197       -0.0000168757  -0.0000000000
   -3    0   -4  19.12197        -3    0   -4  19.12197       -0.0000168784   0.0000000000
   -3    0    2  19.12197        -3    0    2  19.12197       -0.0000197872   0.0000000000
   -3    1   -3  19.12197        -3    1   -3  19.12197       -0.0000168755   0.0000000000
    4    4    1  19.12197         4    4    1  19.12197       -0.0000168840  -0.0000000000
    5    2    2  19.12197         5    2    2  19.12197       -0.0000197857   0.0000000000
    5    3    3  19.12197         5    3    3  19.12197       -0.0000197697   0.0000000000
   -5   -3   -2  19.49691        -5   -3   -2  19.49691       -0.0000166054  -0.0000000000
   -5   -2   -3  19.49691        -5   -2   -3  19.49691       -0.0000166176  -0.0000000000
   -3   -5   -2  19.49691        -3   -5   -2  19.49691       -0.0000166211   0.0000000000
   -3   -2   -5  19.49691        -3   -2   -5  19.49691       -0.0000166187   0.0000000000
   -3   -1    2  19.49691        -3   -1    2  19.49691       -0.0000166159   0.0000000000
   -3    2   -1  19.49691        -3    2   -1  19.49691       -0.0000165942   0.0000000000
   -2   -5   -3  19.49691        -2   -5   -3  19.49691       -0.0000166293  -0.0000000000
   -2   -3   -5  19.49691        -2   -3   -5  19.49691       -0.0000166001  -0.0000000000
   -2    1    3  19.49691        -2    1    3  19.49691       -0.0000166090  -0.0000000000
   -2    3    1  19.49691        -2    3    1  19.49691       -0.0000166014   0.0000000000
   -1   -3    2  19.49691        -1   -3    2  19.49691       -0.0000166322   0.0000000000
   -1    2   -3  19.49691        -1    2   -3  19.49691       -0.0000166174  -0.0000000000
    1   -2    3  19.49691         1   -2    3  19.49691       -0.0000166078   0.0000000000
    1    3   -2  19.49691         1    3   -2  19.49691       -0.0000166113   0.0000000000
    2   -3   -1  19.49691         2   -3   -1  19.49691       -0.0000166288  -0.0000000000
    2   -1   -3  19.49691         2   -1   -3  19.49691       -0.0000165996   0.0000000000
    2    3    5  19.49691         2    3    5  19.49691       -0.0000166338  -0.0000000000
    2    5    3  19.49691         2    5    3  19.49691       -0.0000166262  -0.0000000000
    3   -2    1  19.49691         3   -2    1  19.49691       -0.0000166117  -0.0000000000
    3    1   -2  19.49691         3    1   -2  19.49691       -0.0000166165  -0.0000000000
    3    2    5  19.49691         3    2    5  19.49691       -0.0000166120  -0.0000000000
    3    5    2  19.49691         3    5    2  19.49691       -0.0000165974   0.0000000000
    5    2    3  19.49691         5    2    3  19.49691       -0.0000166251   0.0000000000
    5    3    2  19.49691         5    3    2  19.49691       -0.0000166160   0.0000000000
   -5   -4   -3  20.99667        -5   -4   -3  20.99667       -0.0000119931  -0.0000000000
   -5   -3   -4  20.99667        -5   -3   -4  20.99667       -0.0000119999   0.0000000000
   -5   -2   -1  20.99667        -5   -2   -1  20.99667       -0.0000119938  -0.0000000000
   -5   -1   -2  20.99667        -5   -1   -2  20.99667       -0.0000120137   0.0000000000
   -4   -5   -3  20.99667        -4   -5   -3  20.99667       -0.0000119948   0.0000000000
    3   -1   -2  20.99667         3   -1   -2  20.99667       -0.0000119765  -0.0000000000
    3    4    5  20.99667         3    4    5  20.99667       -0.0000120005  -0.0000000000
    3    5    4  20.99667         3    5    4  20.99667       -0.0000120039  -0.0000000000
    4   -1    1  20.99667         4   -1    1  20.99667       -0.0000119759   0.0000000000
    4    1   -1  20.99667         4    1   -1  20.99667       -0.0000119825   0.0000000000
    4    3    5  20.99667         4    3    5  20.99667       -0.0000119991  -0.0000000000
    4    5    3  20.99667         4    5    3  20.99667       -0.0000119685  -0.0000000000
    5    1    2  20.99667         5    1    2  20.99667       -0.0000119814   0.0000000000
    5    2    1  20.99667         5    2    1  20.99667       -0.0000119869  -0.0000000000
    5    3    4  20.99667         5    3    4  20.99667       -0.0000119909   0.0000000000
    5    4    3  20.99667         5    4    3  20.99667       -0.0000119810   0.0000000000
   -5   -4   -4  22.12149        -5   -4   -4  22.12149       -0.0000085349  -0.0000000000
   -5   -4   -2  22.12149        -5   -4   -2  22.12149       -0.0000081794  -0.0000000000
   -5   -3   -1  22.12149        -5   -3   -1  22.12149       -0.0000081859   0.0000000000
   -5   -2   -4  22.12149        -5   -2   -4  22.12149       -0.0000081931   0.0000000000
   -5   -1   -3  22.12149        -5   -1   -3  22.12149       -0.0000081859  -0.0000000000
   -5   -1   -1  22.12149        -5   -1   -1  22.12149       -0.0000085430   0.0000000000
   -4   -5   -4  22.12149        -4   -5   -4  22.12149       -0.0000085381   0.0000000000
   -4   -5   -2  22.12149        -4   -5   -2  22.12149       -0.0000081949  -0.0000000000
   -4   -4   -5  22.12149        -4   -4   -5  22.12149       -0.0000085350   0.0000000000
   -4   -2   -5  22.12149        -4   -2   -5  22.12149       -0.0000081849  -0.0000000000
   -4   -2    1  22.12149        -4   -2    1  22.12149       -0.0000081788   0.0000000000
   -4    0    1  22.12149        -4    0    1  22.12149       -0.0000085428   0.0000000000
   -4    1   -2  22.12149        -4    1   -2  22.12149       -0.0000081869   0.0000000000
   -4    1    0  22.12149        -4    1    0  22.12149       -0.0000085424   0.0000000000
   -3   -5   -1  22.12149        -3   -5   -1  22.12149       -0.0000081897  -0.0000000000
   -3   -2    2  22.12149        -3   -2    2  22.12149       -0.0000081927   0.0000000000
   -3   -1   -5  22.12149        -3   -1   -5  22.12149       -0.0000081958   0.0000000000
   -3    2   -2  22.12149        -3    2   -2  22.12149       -0.0000081739  -0.0000000000
   -2   -5   -4  22.12149        -2   -5   -4  22.12149       -0.0000081856   0.0000000000
   -2   -4   -5  22.12149        -2   -4   -5  22.12149       -0.0000081914  -0.0000000000
   -2   -4    1  22.12149        -2   -4    1  22.12149       -0.0000081857   0.0000000000
    2    5    4  22.12149         2    5    4  22.12149       -0.0000082027   0.0000000000
    3   -2    2  22.12149         3   -2    2  22.12149       -0.0000081746   0.0000000000
    3    1    5  22.12149         3    1    5  22.12149       -0.0000081779  -0.0000000000
    3    2   -2  22.12149         3    2   -2  22.12149       -0.0000081902   0.0000000000
    3    5    1  22.12149         3    5    1  22.12149       -0.0000081819  -0.0000000000
    4   -1    0  22.12149         4   -1    0  22.12149       -0.0000085190  -0.0000000000
    4   -1    2  22.12149         4   -1    2  22.12149       -0.0000081926   0.0000000000
    4    0   -1  22.12149         4    0   -1  22.12149       -0.0000085186  -0.0000000000
    4    2   -1  22.12149         4    2   -1  22.12149       -0.0000081750   0.0000000000
    4    2    5  22.12149         4    2    5  22.12149       -0.0000081851   0.0000000000
    4    4    5  22.12149         4    4    5  22.12149       -0.0000085305   0.0000000000
    4    5    2  22.12149         4    5    2  22.12149       -0.0000081721  -0.0000000000
    4    5    4  22.12149         4    5    4  22.12149       -0.0000085254   0.0000000000
    5    1    1  22.12149         5    1    1  22.12149       -0.0000085192  -0.0000000000
    5    1    3  22.12149         5    1    3  22.12149       -0.0000081737   0.0000000000
    5    2    4  22.12149         5    2    4  22.12149       -0.0000081933   0.0000000000
    5    3    1  22.12149         5    3    1  22.12149       -0.0000082001   0.0000000000
    5    4    2  22.12149         5    4    2  22.12149       -0.0000081775   0.0000000000
    5    4    4  22.12149         5    4    4  22.12149       -0.0000085291  -0.0000000000
   -4   -4    0  23.99619        -4   -4    0  23.99619       -0.0000049540   0.0000000000
   -4    0   -4  23.99619        -4    0   -4  23.99619       -0.0000049537   0.0000000000
    0   -4   -4  23.99619         0   -4   -4  23.99619       -0.0000049590   0.0000000000
    0    4    4  23.99619         0    4    4  23.99619       -0.0000049591   0.0000000000
    4    0    4  23.99619         4    0    4  23.99619       -0.0000049553   0.0000000000
    4    4    0  23.99619         4    4    0  23.99619       -0.0000049522  -0.0000000000
 
 For q0 points, you should check the symmetry (eps(G,G') = eps*(-G,-G')) by
 using the eps0sym code. Wavefunction convergence, as well as a finite q-shift
 may cause this property of eps(G,G') to be broken.


             g                   gp         inverse epsilon           nspin= 1
         0    0    0         0    0    0        0.04551610  -0.00000000
        -1   -1   -1         0    0    0       -0.00000174  -0.00000000
        -1   -1   -1        -1   -1   -1        0.60128374  -0.00000000
        -1    0    0        -1   -1   -1       -0.00078689   0.00000000
        -1    0    0        -1    0    0        0.60983050  -0.00000000
         0   -1    0        -1    0    0        0.00243647   0.00000000
         0   -1    0         0   -1    0        0.60137889   0.00000000
         0    0   -1         0   -1    0        0.00672293   0.00000001
         0    0   -1         0    0   -1        0.60138990   0.00000000
         0    0    1         0    0   -1        0.06020169   0.00000000
         0    0    1         0    0    1        0.60127924   0.00000000
         0    1    0         0    0    1        0.00674310   0.00000001
         0    1    0         0    1    0        0.60127470   0.00000000
         1    0    0         0    1    0        0.00243723   0.00000000
         1    0    0         1    0    0        0.61005990   0.00000000
         1    1    1         1    0    0       -0.00077577  -0.00000000
         1    1    1         1    1    1        0.60139118  -0.00000000
        -1   -1    0         1    1    1        0.00699772   0.00000001
        -1   -1    0        -1   -1    0        0.66284770   0.00000000
        -1    0   -1        -1   -1    0        0.01175284  -0.00001189
        -1    0   -1        -1    0   -1        0.66286971   0.00000000
         0   -1   -1        -1    0   -1        0.01176742  -0.00001193
         0   -1   -1         0   -1   -1        0.66298394   0.00000000
         0    1    1         0   -1   -1       -0.00965581   0.00000000
         0    1    1         0    1    1        0.66285239   0.00000000
         1    0    1         0    1    1        0.01175945   0.00001193
         1    0    1         1    0    1        0.66298039   0.00000000
         1    1    0         1    0    1        0.01177099   0.00001191
         1    1    0         1    1    0        0.66300012   0.00000000
        -2   -1   -1         1    1    0        0.00000002   0.00000479
        -2   -1   -1        -2   -1   -1        0.85595077  -0.00000000
        -1   -2   -1        -2   -1   -1        0.01007528   0.00002149
        -1   -2   -1        -1   -2   -1        0.85329635   0.00000000
        -1   -1   -2        -1   -2   -1        0.01002485   0.00002150
        -1   -1   -2        -1   -1   -2        0.85335180  -0.00000000
        -1    0    1        -1   -1   -2       -0.00550804  -0.00000800
        -1    0    1        -1    0    1        0.85593600   0.00000000
        -1    1    0        -1    0    1        0.01272131  -0.00003024
        -1    1    0        -1    1    0        0.85597375   0.00000000
         0   -1    1        -1    1    0        0.00550690  -0.00000800
         0   -1    1         0   -1    1        0.85329430  -0.00000000
         0    1   -1         0   -1    1        0.02375595   0.00000000
         0    1   -1         0    1   -1        0.85333252  -0.00000000
         1   -1    0         0    1   -1        0.00552123   0.00000800
         1   -1    0         1   -1    0        0.85599621   0.00000000
         1    0   -1         1   -1    0        0.01266374  -0.00002150
         1    0   -1         1    0   -1        0.85603388   0.00000000
         1    1    2         1    0   -1       -0.00552862   0.00000800
         1    1    2         1    1    2        0.85331366  -0.00000000
         1    2    1         1    1    2        0.01002709   0.00003023
         1    2    1         1    2    1        0.85333450   0.00000000
         2    1    1         1    2    1        0.01006538   0.00003023
         2    1    1         2    1    1        0.85601094  -0.00000000
        -2   -2   -1         2    1    1        0.00528739  -0.00000964
        -2   -2   -1        -2   -2   -1        0.93234553   0.00000000
        -2   -1   -2        -2   -2   -1       -0.00033099   0.00001727
        -2   -1   -2        -2   -1   -2        0.93234178  -0.00000000
        -2   -1    0        -2   -1   -2       -0.00514602  -0.00000117
        -2   -1    0        -2   -1    0        0.93411685  -0.00000000
        -2    0   -1        -2   -1    0        0.00150094  -0.00002324
        -2    0   -1        -2    0   -1        0.93415349   0.00000000
        -1   -2   -2        -2    0   -1        0.00121988  -0.00000435
        -1   -2   -2        -1   -2   -2        0.93198744   0.00000000
         2    2    0        -1   -2   -2        0.00124982   0.00000427
         2    2    0         2    2    0        0.98346227  -0.00000000
        -3   -2   -2         2    2    0        0.00077760   0.00000271
        -3   -2   -2        -3   -2   -2        0.99319772   0.00000000
        -3   -1   -1        -3   -2   -2        0.00062926   0.00000000
        -3   -1   -1        -3   -1   -1        0.99324533  -0.00000000
        -2   -3   -2        -3   -1   -1        0.00001007   0.00000381
        -2   -3   -2        -2   -3   -2        0.99319503  -0.00000000
        -2   -2   -3        -2   -3   -2       -0.00116434   0.00001538
        -2   -2   -3        -2   -2   -3        0.99321504   0.00000000
        -2    0    1        -2   -2   -3       -0.00028473   0.00000148
        -2    0    1        -2    0    1        0.99324390   0.00000000
        -2    1    0        -2    0    1       -0.00113151  -0.00001449
        -2    1    0        -2    1    0        0.99325671   0.00000000
        -1   -3   -1        -2    1    0        0.00100587   0.00000183
        -1   -3   -1        -1   -3   -1        0.99319851  -0.00000000
        -1   -1   -3        -1   -3   -1        0.00103201  -0.00000120
        -1   -1   -3        -1   -1   -3        0.99321095   0.00000000
        -1    0    2        -1   -1   -3       -0.00024552  -0.00000056
        -1    0    2        -1    0    2        0.99319224  -0.00000000
        -1    2    0        -1    0    2        0.00100947   0.00000192
        -1    2    0        -1    2    0        0.99320773  -0.00000000
         0   -2    1        -1    2    0        0.00024684  -0.00000056
         0   -2    1         0   -2    1        0.99320591   0.00000000
         0   -1    2         0   -2    1       -0.00064842   0.00000001
         0   -1    2         0   -1    2        0.99320731   0.00000000
         0    1   -2         0   -1    2        0.00062938  -0.00000004
         0    1   -2         0    1   -2        0.99320593   0.00000000
         0    2   -1         0    1   -2       -0.00063568  -0.00000001
         0    2   -1         0    2   -1        0.99319684   0.00000000
         1   -2    0         0    2   -1        0.00024446   0.00000056
         1   -2    0         1   -2    0        0.99318074   0.00000000
         1    0   -2         1   -2    0        0.00101966   0.00000117
         1    0   -2         1    0   -2        0.99319728  -0.00000000
         1    1    3         1    0   -2       -0.00024517   0.00000056
         1    1    3         1    1    3        0.99319538  -0.00000000
         1    3    1         1    1    3        0.00103459  -0.00000196
         1    3    1         1    3    1        0.99320639   0.00000000
         2   -1    0         1    3    1        0.00101000   0.00000323
         2   -1    0         2   -1    0        0.99323978   0.00000000
         2    0   -1         2   -1    0       -0.00113414  -0.00001539
         2    0   -1         2    0   -1        0.99325233   0.00000000
         2    2    3         2    0   -1       -0.00027337  -0.00000141
         2    2    3         2    2    3        0.99320191  -0.00000000
         2    3    2         2    2    3       -0.00117255   0.00001444
         2    3    2         2    3    2        0.99321586  -0.00000000
         3    1    1         2    3    2        0.00001844   0.00000460
         3    1    1         3    1    1        0.99324108  -0.00000000
         3    2    2         3    1    1        0.00063043   0.00000000
         3    2    2         3    2    2        0.99318674   0.00000000
        -3   -2   -1         3    2    2        0.00044824   0.00000196
        -3   -2   -1        -3   -2   -1        0.99492913  -0.00000000
        -3   -1   -2        -3   -2   -1       -0.00067717  -0.00000172
        -3   -1   -2        -3   -1   -2        0.99491256  -0.00000000
        -2   -3   -1        -3   -1   -2        0.00111221   0.00000653
        -2   -3   -1        -2   -3   -1        0.99491701  -0.00000000
        -2   -1   -3        -2   -3   -1        0.00090004   0.00000353
        -2   -1   -3        -2   -1   -3        0.99492145  -0.00000000
        -2   -1    1        -2   -1   -3        0.00024254   0.00000032
        -2   -1    1        -2   -1    1        0.99490882  -0.00000000
        -2    1   -1        -2   -1    1        0.00089483  -0.00000412
        -2    1   -1        -2    1   -1        0.99493649   0.00000000
        -1   -3   -2        -2    1   -1        0.00062867  -0.00000103
        -1   -3   -2        -1   -3   -2        0.99490216  -0.00000000
         1    0    3        -1   -3   -2        0.00000020   0.00000074
         1    0    3         1    0    3        0.99828243  -0.00000000
         1    1   -2         1    0    3        0.00006973  -0.00000040
         1    1   -2         1    1   -2        0.99828419   0.00000000
         1    3    0         1    1   -2       -0.00017784  -0.00000062
         1    3    0         1    3    0        0.99828439  -0.00000000
         2   -1   -1         1    3    0        0.00014124  -0.00000044
         2   -1   -1         2   -1   -1        0.99828354   0.00000000
         2    3    3         2   -1   -1       -0.00035919  -0.00000000
         2    3    3         2    3    3        0.99828195  -0.00000000
         3    0    1         2    3    3       -0.00031333   0.00000045
         3    0    1         3    0    1        0.99828423  -0.00000000
         3    1    0         3    0    1       -0.00031294  -0.00000119
         3    1    0         3    1    0        0.99828346  -0.00000000
         3    2    3         3    1    0       -0.00032521   0.00000002
         3    2    3         3    2    3        0.99828174  -0.00000000
         3    3    2         3    2    3       -0.00031417   0.00000046
         3    3    2         3    3    2        0.99828457  -0.00000000
        -3   -3   -3         3    3    2        0.00013759   0.00000000
        -3   -3   -3        -3   -3   -3        0.99921253   0.00000000
        -3   -3   -1        -3   -3   -3       -0.00006282  -0.00000000
        -3   -3   -1        -3   -3   -1        0.99915911   0.00000000
        -3   -2    0        -3   -3   -1        0.00010171  -0.00000089
        -3   -2    0        -3   -2    0        0.99916204   0.00000000
        -3   -1   -3        -3   -2    0       -0.00008179  -0.00000017
        -3   -1   -3        -3   -1   -3        0.99916012   0.00000000
        -3    0   -2        -3   -1   -3        0.00009958   0.00000089
        -3    0   -2        -3    0   -2        0.99916184   0.00000000
        -3    0    0        -3    0   -2       -0.00006595  -0.00000000
        -3    0    0        -3    0    0        0.99921923  -0.00000000
        -2   -3    0        -3    0    0       -0.00007393   0.00000000
        -2   -3    0        -2   -3    0        0.99915791  -0.00000000
        -2   -2    1        -2   -3    0       -0.00009968  -0.00000089
        -2   -2    1        -2   -2    1        0.99915834  -0.00000000
        -2    0   -3        -2   -2    1        0.00005239  -0.00000012
        -2    0   -3        -2    0   -3        0.99915864  -0.00000000
        -2    1   -2        -2    0   -3       -0.00010039   0.00000089
        -2    1   -2        -2    1   -2        0.99916043  -0.00000000
        -1   -3   -3        -2    1   -2        0.00000149   0.00000017
        -1   -3   -3        -1   -3   -3        0.99915821   0.00000000
        -1    2    2        -1   -3   -3       -0.00002187   0.00000000
        -1    2    2        -1    2    2        0.99916150  -0.00000000
         0   -3   -2        -1    2    2        0.00006032  -0.00000000
         0   -3   -2         0   -3   -2        0.99915821  -0.00000000
         0   -3    0         0   -3   -2       -0.00006314   0.00000000
         0   -3    0         0   -3    0        0.99921311   0.00000000
         0   -2   -3         0   -3    0       -0.00007463   0.00000000
         0   -2   -3         0   -2   -3        0.99915914  -0.00000000
         0    0   -3         0   -2   -3       -0.00006075  -0.00000000
         0    0   -3         0    0   -3        0.99921319  -0.00000000
         0    0    3         0    0   -3        0.00011833  -0.00000000
         0    0    3         0    0    3        0.99921250  -0.00000000
         0    2    3         0    0    3       -0.00006362  -0.00000000
         0    2    3         0    2    3        0.99915929   0.00000000
         0    3    0         0    2    3       -0.00007441   0.00000000
         0    3    0         0    3    0        0.99921314  -0.00000000
         0    3    2         0    3    0       -0.00006178   0.00000000
         0    3    2         0    3    2        0.99915906   0.00000000
         1   -2   -2         0    3    2        0.00006078  -0.00000000
         1   -2   -2         1   -2   -2        0.99916009   0.00000000
         1    3    3         1   -2   -2       -0.00001890  -0.00000000
         1    3    3         1    3    3        0.99915797  -0.00000000
         2   -1    2         1    3    3        0.00000271   0.00000013
         2   -1    2         2   -1    2        0.99915800   0.00000000
        -2   -1   -4         2   -1    2        0.00000294   0.00000008
        -2   -1   -4        -2   -1   -4        0.99980590   0.00000000
        -2   -1    2        -2   -1   -4        0.00000380   0.00000003
        -2   -1    2        -2   -1    2        0.99980563   0.00000000
        -2    1    2        -2   -1    2       -0.00001353  -0.00000005
        -2    1    2        -2    1    2        0.99980642  -0.00000000
        -2    2   -1        -2    1    2       -0.00002781   0.00000013
        -2    2   -1        -2    2   -1        0.99980608   0.00000000
        -2    2    1        -2    2   -1       -0.00001376   0.00000005
        -2    2    1        -2    2    1        0.99980583   0.00000000
        -1   -4   -2        -2    2    1       -0.00000885  -0.00000006
        -1   -4   -2        -1   -4   -2        0.99980543  -0.00000000
        -1   -3    1        -1   -4   -2       -0.00003410  -0.00000014
        -1   -3    1        -1   -3    1        0.99980539  -0.00000000
        -1   -2   -4        -1   -3    1        0.00003597  -0.00000015
        -1   -2   -4        -1   -2   -4        0.99980571   0.00000000
        -1   -2    2        -1   -2   -4        0.00000346  -0.00000003
        -1   -2    2        -1   -2    2        0.99980538   0.00000000
        -1    1   -3        -1   -2    2       -0.00000784   0.00000004
        -1    1   -3        -1    1   -3        0.99980548   0.00000000
        -1    1    3        -1    1   -3        0.00000355  -0.00000003
        -1    1    3        -1    1    3        0.99980592  -0.00000000
        -1    2   -2        -1    1    3        0.00003569   0.00000014
        -1    2   -2        -1    2   -2        0.99980587   0.00000000
        -1    3    1        -1    2   -2       -0.00003425   0.00000009
        -1    3    1        -1    3    1        0.99980580   0.00000000
         1   -3   -1        -1    3    1        0.00000557   0.00000001
         1   -3   -1         1   -3   -1        0.99980577   0.00000000
         1   -2    2         1   -3   -1       -0.00003409   0.00000014
         1   -2    2         1   -2    2        0.99980592   0.00000000
         1   -1   -3         1   -2    2        0.00003569   0.00000016
         1   -1   -3         1   -1   -3        0.99980592  -0.00000000
         1   -1    3         1   -1   -3        0.00000340   0.00000003
         1   -1    3         1   -1    3        0.99980518   0.00000000
         1    2   -2         1   -1    3       -0.00000793  -0.00000004
         1    2   -2         1    2   -2        0.99980540  -0.00000000
         1    2    4         1    2   -2        0.00000349   0.00000003
         1    2    4         1    2    4        0.99980594   0.00000000
         1    3   -1         1    2    4        0.00003608  -0.00000014
         1    3   -1         1    3   -1        0.99980559   0.00000000
         1    4    2         1    3   -1       -0.00003397  -0.00000009
         1    4    2         1    4    2        0.99980514  -0.00000000
         2   -2   -1         1    4    2       -0.00000869  -0.00000006
         2   -2   -1         2   -2   -1        0.99980583   0.00000000
         2   -2    1         2   -2   -1       -0.00001388  -0.00000005
         2   -2    1         2   -2    1        0.99980575   0.00000000
         2   -1   -2         2   -2    1       -0.00002785   0.00000016
         2   -1   -2         2   -1   -2        0.99980656   0.00000000
         2    1   -2         2   -1   -2       -0.00001321   0.00000005
         2    1   -2         2    1   -2        0.99980593  -0.00000000
         2    1    4         2    1   -2        0.00000368  -0.00000003
         2    1    4         2    1    4        0.99980555  -0.00000000
         2    3    4         2    1    4       -0.00001399   0.00000005
         2    3    4         2    3    4        0.99980538   0.00000000
         2    4    1         2    3    4       -0.00002821  -0.00000013
         2    4    1         2    4    1        0.99980596   0.00000000
         2    4    3         2    4    1       -0.00001392  -0.00000005
         2    4    3         2    4    3        0.99980533   0.00000000
         3   -1    1         2    4    3       -0.00001273   0.00000007
         3   -1    1         3   -1    1        0.99980652   0.00000000
         3    1   -1         3   -1    1        0.00005030   0.00000002
         3    1   -1         3    1   -1        0.99980583   0.00000000
         3    2    4         3    1   -1       -0.00000919   0.00000004
         3    2    4         3    2    4        0.99980538  -0.00000000
         3    4    3         3    2    4        0.00000857   0.00000014
         3    4    3         3    4    3        0.99983156  -0.00000000
         4    1    1         3    4    3       -0.00004432  -0.00000012
         4    1    1         4    1    1        0.99983294   0.00000000
         4    3    3         4    1    1        0.00002709   0.00000000
         4    3    3         4    3    3        0.99983200  -0.00000000
        -4   -3   -1         4    3    3       -0.00000366   0.00000007
        -4   -3   -1        -4   -3   -1        0.99991851   0.00000000
        -4   -1   -3        -4   -3   -1        0.00001029   0.00000003
        -4   -1   -3        -4   -1   -3        0.99991850  -0.00000000
        -3   -4   -1        -4   -1   -3        0.00001100  -0.00000006
        -3   -4   -1        -3   -4   -1        0.99991793  -0.00000000
        -3   -2    1        -3   -4   -1        0.00002628   0.00000000
        -3   -2    1        -3   -2    1        0.99991850   0.00000000
        -3   -1   -4        -3   -2    1        0.00000563   0.00000002
        -3   -1   -4        -3   -1   -4        0.99991794  -0.00000000
        -3    1   -2        -3   -1   -4        0.00002630  -0.00000000
        -3    1   -2        -3    1   -2        0.99991853  -0.00000000
        -2   -3    1        -3    1   -2       -0.00001317   0.00000002
        -2   -3    1        -2   -3    1        0.99991791  -0.00000000
        -2    1   -3        -2   -3    1       -0.00000696  -0.00000003
        -2    1   -3        -2    1   -3        0.99991788  -0.00000000
        -1   -4   -3        -2    1   -3        0.00000670   0.00000001
        -1   -4   -3        -1   -4   -3        0.99991791  -0.00000000
        -1   -3   -4        -1   -4   -3       -0.00005082  -0.00000001
        -1   -3   -4        -1   -3   -4        0.99991797  -0.00000000
        -1    2    3        -1   -3   -4       -0.00003061   0.00000001
        -1    2    3        -1    2    3        0.99991846   0.00000000
        -1    3    2        -1    2    3       -0.00005023  -0.00000001
        -1    3    2        -1    3    2        0.99991848  -0.00000000
         1   -3   -2        -1    3    2        0.00005138  -0.00000000
         1   -3   -2         1   -3   -2        0.99991860  -0.00000000
         1   -2   -3         1   -3   -2       -0.00005018   0.00000001
         1   -2   -3         1   -2   -3        0.99991858  -0.00000000
         1    3    4         1   -2   -3       -0.00003049  -0.00000001
         1    3    4         1    3    4        0.99991792   0.00000000
         1    4    3         1    3    4       -0.00005083   0.00000001
         1    4    3         1    4    3        0.99991787  -0.00000000
         2   -1    3         1    4    3        0.00000669  -0.00000001
         2   -1    3         2   -1    3        0.99991797  -0.00000000
         2    3   -1         2   -1    3       -0.00000687   0.00000003
         2    3   -1         2    3   -1        0.99991791  -0.00000000
         3   -1    2         2    3   -1       -0.00001304   0.00000000
         3   -1    2         3   -1    2        0.99991861  -0.00000000
         3    1    4         3   -1    2        0.00002630  -0.00000000
         3    1    4         3    1    4        0.99991795   0.00000000
         3    2   -1         3    1    4        0.00000562  -0.00000001
         3    2   -1         3    2   -1        0.99991866  -0.00000000
         3    4    1         3    2   -1        0.00002631   0.00000000
         3    4    1         3    4    1        0.99991801  -0.00000000
         4    1    3         3    4    1        0.00001095  -0.00000004
         4    1    3         4    1    3        0.99991865  -0.00000000
         4    3    1         4    1    3        0.00001027  -0.00000003
         4    3    1         4    3    1        0.99991861   0.00000000
        -4   -4   -3         4    3    1       -0.00001629  -0.00000001
        -4   -4   -3        -4   -4   -3        0.99993646  -0.00000000
        -4   -3   -4        -4   -4   -3       -0.00003675   0.00000001
        -4   -3   -4        -4   -3   -4        0.99993657   0.00000000
        -4   -1    0        -4   -3   -4        0.00000304   0.00000001
        -4   -1    0        -4   -1    0        0.99993790   0.00000000
        -4    0   -1        -4   -1    0       -0.00003546   0.00000000
        -4    0   -1        -4    0   -1        0.99993783  -0.00000000
        -3   -4   -4        -4    0   -1       -0.00000346  -0.00000001
        -3   -4   -4        -3   -4   -4        0.99993617   0.00000000
         0    4    2        -3   -4   -4       -0.00000048  -0.00000001
         0    4    2         0    4    2        0.99995117   0.00000000
         2   -2   -2         0    4    2        0.00001321  -0.00000000
         2   -2   -2         2   -2   -2        0.99995113   0.00000000
         2   -2    2         2   -2   -2       -0.00000704  -0.00000000
         2   -2    2         2   -2    2        0.99995121  -0.00000000
         2    0    4         2   -2    2        0.00001601   0.00000003
         2    0    4         2    0    4        0.99995124  -0.00000000
         2    2   -2         2    0    4        0.00000635   0.00000000
         2    2   -2         2    2   -2        0.99995121  -0.00000000
         2    4    0         2    2   -2        0.00001593  -0.00000003
         2    4    0         2    4    0        0.99995138  -0.00000000
         2    4    4         2    4    0       -0.00000714  -0.00000000
         2    4    4         2    4    4        0.99995114  -0.00000000
         4    0    2         2    4    4       -0.00000191   0.00000001
         4    0    2         4    0    2        0.99995113   0.00000000
         4    2    0         4    0    2        0.00000836   0.00000006
         4    2    0         4    2    0        0.99995113   0.00000000
         4    2    4         4    2    0       -0.00000703   0.00000000
         4    2    4         4    2    4        0.99995121  -0.00000000
         4    4    2         4    2    4        0.00000834  -0.00000005
         4    4    2         4    4    2        0.99995116  -0.00000000
        -4   -4   -4         4    4    2        0.00000058  -0.00000000
        -4   -4   -4        -4   -4   -4        0.99996539   0.00000000
        -4    0    0        -4   -4   -4        0.00000557   0.00000000
        -4    0    0        -4    0    0        0.99996638  -0.00000000
         0   -4    0        -4    0    0       -0.00000538  -0.00000000
         0   -4    0         0   -4    0        0.99996543   0.00000000
         0    0   -4         0   -4    0       -0.00000489   0.00000000
         0    0   -4         0    0   -4        0.99996543  -0.00000000
         0    0    4         0    0   -4        0.00002761  -0.00000000
         0    0    4         0    0    4        0.99996540  -0.00000000
         0    4    0         0    0    4       -0.00000489  -0.00000000
         0    4    0         0    4    0        0.99996544  -0.00000000
         4    0    0         0    4    0       -0.00000538  -0.00000000
         4    0    0         4    0    0        0.99996637  -0.00000000
         4    4    4         4    0    0        0.00000556  -0.00000000
         4    4    4         4    4    4        0.99996539  -0.00000000
        -5   -3   -3         4    4    4        0.00000878  -0.00000000
        -5   -3   -3        -5   -3   -3        0.99997810  -0.00000000
        -5   -2   -2        -5   -3   -3       -0.00000042   0.00000000
        -5   -2   -2        -5   -2   -2        0.99997790  -0.00000000
        -4   -4   -1        -5   -2   -2       -0.00000251   0.00000003
        -4   -4   -1        -4   -4   -1        0.99998119   0.00000000
        -4   -3    0        -4   -4   -1        0.00000027  -0.00000000
        -4   -3    0        -4   -3    0        0.99998128  -0.00000000
        -4   -1   -4        -4   -3    0       -0.00000077   0.00000000
        -4   -1   -4        -4   -1   -4        0.99998114  -0.00000000
        -4    0   -3        -4   -1   -4        0.00000029   0.00000000
        -4    0   -3        -4    0   -3        0.99998128   0.00000000
        -3   -5   -3        -4    0   -3       -0.00000145  -0.00000002
        -3   -5   -3        -3   -5   -3        0.99997775   0.00000000
        -3   -4    0        -3   -5   -3        0.00000261  -0.00000004
        -3   -4    0        -3   -4    0        0.99998109  -0.00000000
        -3   -3   -5        -3   -4    0       -0.00000145  -0.00000002
        -3   -3   -5        -3   -3   -5        0.99997777   0.00000000
        -3   -3    1        -3   -3   -5        0.00000015   0.00000000
        -3   -3    1        -3   -3    1        0.99998118  -0.00000000
        -3    0   -4        -3   -3    1        0.00000005   0.00000000
        -3    0   -4        -3    0   -4        0.99998112   0.00000000
        -3    0    2        -3    0   -4        0.00000024  -0.00000000
        -3    0    2        -3    0    2        0.99997790   0.00000000
        -3    1   -3        -3    0    2       -0.00000156   0.00000001
        -3    1   -3        -3    1   -3        0.99998118   0.00000000
         4    4    1        -3    1   -3        0.00000009   0.00000001
         4    4    1         4    4    1        0.99998117  -0.00000000
         5    2    2         4    4    1       -0.00000251   0.00000004
         5    2    2         5    2    2        0.99997791   0.00000000
         5    3    3         5    2    2       -0.00000043   0.00000000
         5    3    3         5    3    3        0.99997812   0.00000000
        -5   -3   -2         5    3    3       -0.00000906   0.00000001
        -5   -3   -2        -5   -3   -2        0.99998105  -0.00000000
        -5   -2   -3        -5   -3   -2       -0.00001112   0.00000000
        -5   -2   -3        -5   -2   -3        0.99998104  -0.00000000
        -3   -5   -2        -5   -2   -3        0.00000456   0.00000002
        -3   -5   -2        -3   -5   -2        0.99998103   0.00000000
        -3   -2   -5        -3   -5   -2        0.00000421   0.00000001
        -3   -2   -5        -3   -2   -5        0.99998103   0.00000000
        -3   -1    2        -3   -2   -5       -0.00000469  -0.00000000
        -3   -1    2        -3   -1    2        0.99998104   0.00000000
        -3    2   -1        -3   -1    2        0.00000421  -0.00000001
        -3    2   -1        -3    2   -1        0.99998106   0.00000000
        -2   -5   -3        -3    2   -1       -0.00000389   0.00000000
        -2   -5   -3        -2   -5   -3        0.99998102  -0.00000000
        -2   -3   -5        -2   -5   -3        0.00000083   0.00000002
        -2   -3   -5        -2   -3   -5        0.99998106  -0.00000000
        -2    1    3        -2   -3   -5       -0.00000071  -0.00000000
        -2    1    3        -2    1    3        0.99998104  -0.00000000
        -2    3    1        -2    1    3        0.00000084  -0.00000002
        -2    3    1        -2    3    1        0.99998105   0.00000000
        -1   -3    2        -2    3    1        0.00000470  -0.00000000
        -1   -3    2        -1   -3    2        0.99998102   0.00000000
        -1    2   -3        -1   -3    2        0.00000916   0.00000000
        -1    2   -3        -1    2   -3        0.99998104  -0.00000000
         1   -2    3        -1    2   -3       -0.00001379  -0.00000000
         1   -2    3         1   -2    3        0.99998105   0.00000000
         1    3   -2         1   -2    3        0.00000915  -0.00000000
         1    3   -2         1    3   -2        0.99998104   0.00000000
         2   -3   -1         1    3   -2        0.00000469   0.00000000
         2   -3   -1         2   -3   -1        0.99998102  -0.00000000
         2   -1   -3         2   -3   -1        0.00000082  -0.00000002
         2   -1   -3         2   -1   -3        0.99998106   0.00000000
         2    3    5         2   -1   -3       -0.00000071   0.00000000
         2    3    5         2    3    5        0.99998102  -0.00000000
         2    5    3         2    3    5        0.00000082   0.00000002
         2    5    3         2    5    3        0.99998103  -0.00000000
         3   -2    1         2    5    3       -0.00000389   0.00000000
         3   -2    1         3   -2    1        0.99998105   0.00000000
         3    1   -2         3   -2    1        0.00000421  -0.00000001
         3    1   -2         3    1   -2        0.99998104  -0.00000000
         3    2    5         3    1   -2       -0.00000470   0.00000000
         3    2    5         3    2    5        0.99998104  -0.00000000
         3    5    2         3    2    5        0.00000421   0.00000001
         3    5    2         3    5    2        0.99998106   0.00000000
         5    2    3         3    5    2        0.00000455   0.00000002
         5    2    3         5    2    3        0.99998103   0.00000000
         5    3    2         5    2    3       -0.00001111  -0.00000000
         5    3    2         5    3    2        0.99998104   0.00000000
        -5   -4   -3         5    3    2       -0.00000056  -0.00000000
        -5   -4   -3        -5   -4   -3        0.99998806  -0.00000000
        -5   -3   -4        -5   -4   -3       -0.00000818   0.00000001
        -5   -3   -4        -5   -3   -4        0.99998806   0.00000000
        -5   -2   -1        -5   -3   -4        0.00000208   0.00000000
        -5   -2   -1        -5   -2   -1        0.99998820  -0.00000000
        -5   -1   -2        -5   -2   -1       -0.00000806   0.00000000
        -5   -1   -2        -5   -1   -2        0.99998817   0.00000000
        -4   -5   -3        -5   -1   -2       -0.00000173  -0.00000000
        -4   -5   -3        -4   -5   -3        0.99998801   0.00000000
         3   -1   -2        -4   -5   -3        0.00000105  -0.00000000
         3   -1   -2         3   -1   -2        0.99998821  -0.00000000
         3    4    5         3   -1   -2        0.00000213   0.00000000
         3    4    5         3    4    5        0.99998798  -0.00000000
         3    5    4         3    4    5       -0.00000868   0.00000001
         3    5    4         3    5    4        0.99998798  -0.00000000
         4   -1    1         3    5    4       -0.00000070  -0.00000000
         4   -1    1         4   -1    1        0.99998822   0.00000000
         4    1   -1         4   -1    1       -0.00000160  -0.00000001
         4    1   -1         4    1   -1        0.99998821   0.00000000
         4    3    5         4    1   -1        0.00000102  -0.00000000
         4    3    5         4    3    5        0.99998801  -0.00000000
         4    5    3         4    3    5       -0.00000177   0.00000000
         4    5    3         4    5    3        0.99998804  -0.00000000
         5    1    2         4    5    3       -0.00000171  -0.00000000
         5    1    2         5    1    2        0.99998821   0.00000000
         5    2    1         5    1    2       -0.00000804  -0.00000001
         5    2    1         5    2    1        0.99998820   0.00000000
         5    3    4         5    2    1        0.00000206  -0.00000000
         5    3    4         5    3    4        0.99998807   0.00000000
         5    4    3         5    3    4       -0.00000817  -0.00000000
         5    4    3         5    4    3        0.99998808   0.00000000
        -5   -4   -4         5    4    3        0.00000573   0.00000000
        -5   -4   -4        -5   -4   -4        0.99999171  -0.00000000
        -5   -4   -2        -5   -4   -4       -0.00000108  -0.00000000
        -5   -4   -2        -5   -4   -2        0.99999209  -0.00000000
        -5   -3   -1        -5   -4   -2       -0.00000071   0.00000000
        -5   -3   -1        -5   -3   -1        0.99999203   0.00000000
        -5   -2   -4        -5   -3   -1       -0.00000078  -0.00000000
        -5   -2   -4        -5   -2   -4        0.99999208   0.00000000
        -5   -1   -3        -5   -2   -4       -0.00000070  -0.00000000
        -5   -1   -3        -5   -1   -3        0.99999203  -0.00000000
        -5   -1   -1        -5   -1   -3       -0.00000105   0.00000000
        -5   -1   -1        -5   -1   -1        0.99999175   0.00000000
        -4   -5   -4        -5   -1   -1        0.00000003   0.00000000
        -4   -5   -4        -4   -5   -4        0.99999172   0.00000000
        -4   -5   -2        -4   -5   -4       -0.00000108   0.00000000
        -4   -5   -2        -4   -5   -2        0.99999201  -0.00000000
        -4   -4   -5        -4   -5   -2       -0.00000175  -0.00000000
        -4   -4   -5        -4   -4   -5        0.99999172   0.00000000
        -4   -2   -5        -4   -4   -5       -0.00000107  -0.00000000
        -4   -2   -5        -4   -2   -5        0.99999202  -0.00000000
        -4   -2    1        -4   -2   -5        0.00000023   0.00000000
        -4   -2    1        -4   -2    1        0.99999204   0.00000000
        -4    0    1        -4   -2    1       -0.00000105   0.00000000
        -4    0    1        -4    0    1        0.99999175   0.00000000
        -4    1   -2        -4    0    1       -0.00000173   0.00000000
        -4    1   -2        -4    1   -2        0.99999203   0.00000000
        -4    1    0        -4    1   -2       -0.00000105  -0.00000000
        -4    1    0        -4    1    0        0.99999175   0.00000000
        -3   -5   -1        -4    1    0       -0.00000063  -0.00000000
        -3   -5   -1        -3   -5   -1        0.99999206  -0.00000000
        -3   -2    2        -3   -5   -1       -0.00000019  -0.00000000
        -3   -2    2        -3   -2    2        0.99999208   0.00000000
        -3   -1   -5        -3   -2    2       -0.00000140   0.00000000
        -3   -1   -5        -3   -1   -5        0.99999205   0.00000000
        -3    2   -2        -3   -1   -5       -0.00000019   0.00000000
        -3    2   -2        -3    2   -2        0.99999210  -0.00000000
        -2   -5   -4        -3    2   -2       -0.00000130  -0.00000000
        -2   -5   -4        -2   -5   -4        0.99999206   0.00000000
        -2   -4   -5        -2   -5   -4       -0.00000544  -0.00000000
        -2   -4   -5        -2   -4   -5        0.99999205  -0.00000000
        -2   -4    1        -2   -4   -5        0.00000016  -0.00000000
        -2   -4    1        -2   -4    1        0.99999206   0.00000000
         2    5    4        -2   -4    1       -0.00000117  -0.00000000
         2    5    4         2    5    4        0.99999204   0.00000000
         3   -2    2         2    5    4       -0.00000131  -0.00000000
         3   -2    2         3   -2    2        0.99999210   0.00000000
         3    1    5         3   -2    2       -0.00000017   0.00000000
         3    1    5         3    1    5        0.99999207   0.00000000
         3    2   -2         3    1    5       -0.00000139  -0.00000000
         3    2   -2         3    2   -2        0.99999208   0.00000000
         3    5    1         3    2   -2       -0.00000017  -0.00000000
         3    5    1         3    5    1        0.99999206   0.00000000
         4   -1    0         3    5    1       -0.00000063  -0.00000000
         4   -1    0         4   -1    0        0.99999178  -0.00000000
         4   -1    2         4   -1    0       -0.00000105  -0.00000000
         4   -1    2         4   -1    2        0.99999202   0.00000000
         4    0   -1         4   -1    2       -0.00000173   0.00000000
         4    0   -1         4    0   -1        0.99999178  -0.00000000
         4    2   -1         4    0   -1       -0.00000104   0.00000000
         4    2   -1         4    2   -1        0.99999204   0.00000000
         4    2    5         4    2   -1        0.00000022  -0.00000000
         4    2    5         4    2    5        0.99999202   0.00000000
         4    4    5         4    2    5       -0.00000107  -0.00000000
         4    4    5         4    4    5        0.99999173   0.00000000
         4    5    2         4    4    5       -0.00000174  -0.00000000
         4    5    2         4    5    2        0.99999203   0.00000000
         4    5    4         4    5    2       -0.00000106   0.00000000
         4    5    4         4    5    4        0.99999173   0.00000000
         5    1    1         4    5    4        0.00000004  -0.00000000
         5    1    1         5    1    1        0.99999178  -0.00000000
         5    1    3         5    1    1       -0.00000104   0.00000000
         5    1    3         5    1    3        0.99999205   0.00000000
         5    2    4         5    1    3       -0.00000072  -0.00000000
         5    2    4         5    2    4        0.99999208   0.00000000
         5    3    1         5    2    4       -0.00000078   0.00000000
         5    3    1         5    3    1        0.99999202   0.00000000
         5    4    2         5    3    1       -0.00000072   0.00000000
         5    4    2         5    4    2        0.99999209   0.00000000
         5    4    4         5    4    2       -0.00000107  -0.00000000
         5    4    4         5    4    4        0.99999172  -0.00000000
        -4   -4    0         5    4    4        0.00000031  -0.00000000
        -4   -4    0        -4   -4    0        0.99999566  -0.00000000
        -4    0   -4        -4   -4    0       -0.00000011   0.00000000
        -4    0   -4        -4    0   -4        0.99999566   0.00000000
         0   -4   -4        -4    0   -4       -0.00000013   0.00000000
         0   -4   -4         0   -4   -4        0.99999565   0.00000000
         0    4    4         0   -4   -4        0.00000231  -0.00000000
         0    4    4         0    4    4        0.99999565   0.00000000
         4    0    4         0    4    4       -0.00000013  -0.00000000
         4    0    4         4    0    4        0.99999566   0.00000000
         4    4    0         4    0    4       -0.00000010  -0.00000000
         4    4    0         4    4    0        0.99999566  -0.00000000


     q= 0.0000 0.0000 0.2500  nmtx=     570  nrk= 20

           independent matrix elements of chi       spin index= 1 1

          g          g**2          gp          gp**2          chi(g,gp)
    0    0    0   0.07030         0    0    0   0.07030       -0.0156251859  -0.0000000000
    0    0    0   0.07030         0    0   -1   0.63271        0.0066114623   0.0000000000
    0    0    0   0.07030        -1   -1   -1   1.00765        0.0021605798   0.0000000000
    0    0    0   0.07030         0    1    0   1.00765       -0.0021606584   0.0000000000
    0    0    0   0.07030         1    0    0   1.00765       -0.0021606459  -0.0000000000
    0    0    0   0.07030        -1    0   -1   1.19512        0.0008200445   0.0000000000
    0    0    0   0.07030         0   -1   -1   1.19512        0.0008200067   0.0000000000
    0    0    0   0.07030         1    1    0   1.19512       -0.0008201031  -0.0000000000
    0    0    0   0.07030        -1    0    0   1.38259       -0.0049691396  -0.0000000000
    0    0    0   0.07030         0   -1    0   1.38259       -0.0049691159  -0.0000000000
    0    0    0   0.07030         1    1    1   1.38259        0.0049692954   0.0000000000
    0    0    0   0.07030         0    0    1   1.75753       -0.0045307336   0.0000000000
    0    0    0   0.07030        -1   -1    0   1.94500       -0.0006206876   0.0000000000
    0    0    0   0.07030         0    1    1   1.94500        0.0006209014  -0.0000000000
    0    0    0   0.07030         1    0    1   1.94500        0.0006208796  -0.0000000000
    0    0    0   0.07030        -1   -1   -2   2.31994        0.0001356962  -0.0000000000
    0    0    0   0.07030         0    1   -1   2.31994       -0.0001357844  -0.0000000000
    0    0    0   0.07030         1    0   -1   2.31994       -0.0001357392  -0.0000000000
    0    0    0   0.07030        -2   -1   -1   3.06983        0.0003681442   0.0000000345
    0    0    0   0.07030        -1   -2   -1   3.06983        0.0003681706  -0.0000000345
    0    0    0   0.07030        -1    1    0   3.06983       -0.0003682552   0.0000000345
    0    0    0   0.07030         1   -1    0   3.06983       -0.0003681854  -0.0000000345
    0    0    0   0.07030         1    2    1   3.06983        0.0003682656   0.0000000345
    0    0    0   0.07030         2    1    1   3.06983        0.0003682893  -0.0000000345
    0    0    0   0.07030        -1    0   -2   3.25730        0.0022143384   0.0000000000
    0    0    0   0.07030         0   -1   -2   3.25730        0.0022143094   0.0000000000
    0    0    0   0.07030         1    1   -1   3.25730       -0.0022145066  -0.0000000000
    0    0    0   0.07030         0    0   -2   3.44477        0.0060424556   0.0000000000
    0    0    0   0.07030        -2   -1   -2   3.63224        0.0004622620  -0.0000001202
    0    0    0   0.07030        -1   -2   -2   3.63224        0.0004618285   0.0000001202
    0    0    0   0.07030        -1    1   -1   3.63224       -0.0004618595  -0.0000001202
    0    0    0   0.07030         1   -1   -1   3.63224       -0.0004622954   0.0000001202
    0    0    0   0.07030         1    0   -2   5.88188        0.0015690415   0.0000000000
    0    0    0   0.07030        -2   -2   -3   6.25682        0.0005184233  -0.0000000000
    0    0    0   0.07030         0    2   -1   6.25682        0.0005184540  -0.0000000000
    0    0    0   0.07030         2    0   -1   6.25682        0.0005184992  -0.0000000000
    0    0    0   0.07030        -2   -1   -3   6.44429       -0.0002252479  -0.0000000264
    0    0    0   0.07030        -1   -2   -3   6.44429       -0.0002256125   0.0000000264
    0    0    0   0.07030        -1    1   -2   6.44429        0.0002255238  -0.0000000264
    0    0    0   0.07030         1   -1   -2   6.44429        0.0002251492   0.0000000264
    0    0    0   0.07030         1    2   -1   6.44429       -0.0002252447  -0.0000000264
    0    0    0   0.07030         2    1   -1   6.44429       -0.0002256049   0.0000000264
    0    0    0   0.07030        -2   -2    0   6.81923       -0.0009808550   0.0000000000
    0    0    0   0.07030         0    2    2   6.81923       -0.0009808636   0.0000000000
    0    0    0   0.07030         2    0    2   6.81923       -0.0009808903   0.0000000000
    0    0    0   0.07030        -3   -2   -2   7.00670        0.0004827777   0.0000000819
    0    0    0   0.07030        -2   -3   -2   7.00670        0.0004822509  -0.0000000819
    0    0    0   0.07030        -1    2    0   7.00670        0.0004822127  -0.0000000819
    0    0    0   0.07030         1    3    1   7.00670       -0.0004827462  -0.0000000819
    0    0    0   0.07030         2   -1    0   7.00670        0.0004827489   0.0000000819
    0    0    0   0.07030         3    1    1   7.00670       -0.0004822411   0.0000000819
    0    0    0   0.07030        -3   -1   -2   7.19417        0.0003786140   0.0000000617
    0    0    0   0.07030        -2    1   -1   7.19417       -0.0003781497   0.0000000617
    0    0    0   0.07030        -1   -3   -2   7.19417        0.0003780803  -0.0000000617
    0    0    0   0.07030         1   -2   -1   7.19417       -0.0003786299  -0.0000000617
    0    0    0   0.07030         2    3    1   7.19417       -0.0003786695  -0.0000000617
    0    0    0   0.07030         3    2    1   7.19417       -0.0003781648   0.0000000617
    0    0    0   0.07030        -3   -1   -1   7.38164        0.0002332762   0.0000000900
    0    0    0   0.07030        -2    1    0   7.38164       -0.0002329362   0.0000000900
    0    0    0   0.07030        -1   -3   -1   7.38164        0.0002330379  -0.0000000900
    0    0    0   0.07030         1   -2    0   7.38164       -0.0002331816  -0.0000000900
    0    0    0   0.07030         2    3    2   7.38164       -0.0002332911  -0.0000000900
    0    0    0   0.07030         3    2    2   7.38164       -0.0002330509   0.0000000900
    0    0    0   0.07030        -1    0   -3   7.56911       -0.0005350598   0.0000000000
    0    0    0   0.07030         0   -3   -1   9.06887       -0.0001462348  -0.0000000000
    0    0    0   0.07030         0    3    1   9.06887       -0.0002586514   0.0000000000
    0    0    0   0.07030         3    0    1   9.06887       -0.0002586487   0.0000000000
    0    0    0   0.07030         3    3    2   9.06887        0.0001462613   0.0000000000
    0    0    0   0.07030        -3   -1   -3   9.25634        0.0002498447   0.0000000333
    0    0    0   0.07030        -2    1   -2   9.25634       -0.0002496910   0.0000000333
    0    0    0   0.07030        -1   -3   -3   9.25634        0.0002496084  -0.0000000333
    0    0    0   0.07030         1   -2   -2   9.25634       -0.0002498784  -0.0000000333
    0    0    0   0.07030         2    3    0   9.25634       -0.0002498257  -0.0000000333
    0    0    0   0.07030         3    2    0   9.25634       -0.0002496264   0.0000000333
    0    0    0   0.07030        -3   -3   -3   9.63128        0.0000060360   0.0000000000
    0    0    0   0.07030        -3    0   -2   9.63128       -0.0000082855  -0.0000000000
    0    0    0   0.07030         0   -3   -2   9.63128       -0.0000082957  -0.0000000000
    0    0    0   0.07030         0    3    0   9.63128       -0.0000060674  -0.0000000000
    0    0    0   0.07030         3    0    0   9.63128       -0.0000060556  -0.0000000000
    0    0    0   0.07030         3    3    1   9.63128        0.0000082884   0.0000000000
    0    0    0   0.07030        -3   -1    0   9.81875       -0.0002349208   0.0000000124
    0    0    0   0.07030        -2    1    1   9.81875        0.0002349628   0.0000000124
    0    0    0   0.07030        -1   -3    0   9.81875       -0.0002349253  -0.0000000124
    0    0    0   0.07030         1   -2    1   9.81875        0.0002349525  -0.0000000124
    0    0    0   0.07030         2    3    3   9.81875        0.0002349212  -0.0000000124
    0    0    0   0.07030         3    2    3   9.81875        0.0002349278   0.0000000124
    0    0    0   0.07030        -2   -2   -4  10.56864        0.0003282573   0.0000000000
    0    0    0   0.07030        -1   -1    2  10.56864        0.0002698053   0.0000000000
    0    0    0   0.07030         0    1    3  10.56864       -0.0002697934   0.0000000000
    0    0    0   0.07030         0    2   -2  10.56864        0.0003282562   0.0000000000
    0    0    0   0.07030         1    0    3  10.56864       -0.0002698032   0.0000000000
    0    0    0   0.07030         2    0   -2  10.56864        0.0003282680  -0.0000000000
    0    0    0   0.07030        -3   -3   -1  10.75611        0.0001680905  -0.0000000000
    0    0    0   0.07030        -3    0    0  10.75611       -0.0002591140  -0.0000000000
    0    0    0   0.07030         0   -3    0  10.75611       -0.0002591151  -0.0000000000
    0    0    0   0.07030         0    3    2  10.75611       -0.0001680418   0.0000000000
    0    0    0   0.07030         4    2    2  12.06840        0.0000860151  -0.0000000011
    0    0    0   0.07030        -3   -3   -4  12.44334       -0.0001659123  -0.0000000000
    0    0    0   0.07030        -3    0   -3  12.44334        0.0000869831   0.0000000000
    0    0    0   0.07030         0   -3   -3  12.44334        0.0000869696   0.0000000000
    0    0    0   0.07030         0    3   -1  12.44334        0.0001659251   0.0000000000
    0    0    0   0.07030         3    0   -1  12.44334        0.0001659370   0.0000000000
    0    0    0   0.07030         3    3    0  12.44334       -0.0000869567  -0.0000000000
    0    0    0   0.07030        -4   -2   -3  12.63081        0.0000321461  -0.0000000148
    0    0    0   0.07030        -2   -4   -3  12.63081        0.0000322212   0.0000000148
    0    0    0   0.07030        -2    2   -1  12.63081        0.0000322130   0.0000000148
    0    0    0   0.07030         2   -2   -1  12.63081        0.0000321399  -0.0000000148
    0    0    0   0.07030         2    4    1  12.63081        0.0000321487  -0.0000000148
    0    0    0   0.07030         4    2    1  12.63081        0.0000322240   0.0000000148
    0    0    0   0.07030        -4   -1   -2  13.00575        0.0000654447   0.0000000195
    0    0    0   0.07030        -3    1   -1  13.00575       -0.0000653736   0.0000000195
    0    0    0   0.07030        -1   -4   -2  13.00575        0.0000653519  -0.0000000195
    0    0    0   0.07030         1   -3   -1  13.00575       -0.0000654524  -0.0000000195
    0    0    0   0.07030         3    4    2  13.00575        0.0000654726   0.0000000195
    0    0    0   0.07030         4    3    2  13.00575        0.0000653824  -0.0000000195
    0    0    0   0.07030        -4   -3   -3  13.19322       -0.0000242316  -0.0000000249
    0    0    0   0.07030        -3   -4   -3  13.19322       -0.0000241341   0.0000000249
    0    0    0   0.07030        -1    3    0  13.19322        0.0000241270  -0.0000000249
    0    0    0   0.07030         1    4    1  13.19322       -0.0000242166  -0.0000000249
    0    0    0   0.07030         3   -1    0  13.19322        0.0000242312   0.0000000249
    0    0    0   0.07030         4    1    1  13.19322       -0.0000241242   0.0000000249
    0    0    0   0.07030        -4   -3   -2  13.38069        0.0000731656  -0.0000000189
    0    0    0   0.07030        -3   -4   -2  13.38069        0.0000732002   0.0000000189
    0    0    0   0.07030        -1    3    1  13.38069       -0.0000732325  -0.0000000189
    0    0    0   0.07030         1    4    2  13.38069        0.0000731957  -0.0000000189
    0    0    0   0.07030         3   -1    1  13.38069       -0.0000731901   0.0000000189
    0    0    0   0.07030         4    1    2  13.38069        0.0000732319   0.0000000189
    0    0    0   0.07030        -3   -1   -4  13.56816        0.0000923017   0.0000000064
    0    0    0   0.07030         1   -2    2  14.50551        0.0000158255   0.0000000082
    0    0    0   0.07030         2    3    4  14.50551        0.0000158315   0.0000000082
    0    0    0   0.07030         3    2    4  14.50551        0.0000158186  -0.0000000082
    0    0    0   0.07030        -3   -3    0  14.69298       -0.0000495546  -0.0000000000
    0    0    0   0.07030        -3    0    1  14.69298       -0.0000518563   0.0000000000
    0    0    0   0.07030        -2    0   -4  14.69298        0.0000878175  -0.0000000000
    0    0    0   0.07030         0   -3    1  14.69298       -0.0000518633   0.0000000000
    0    0    0   0.07030         0   -2   -4  14.69298        0.0000878161  -0.0000000000
    0    0    0   0.07030         0    3    3  14.69298        0.0000495787   0.0000000000
    0    0    0   0.07030         2    2   -2  14.69298        0.0000878071  -0.0000000000
    0    0    0   0.07030         3    0    3  14.69298        0.0000495850   0.0000000000
    0    0    0   0.07030         3    3    4  14.69298        0.0000518839  -0.0000000000
    0    0    0   0.07030        -2   -1    2  14.88045        0.0001105637  -0.0000000039
    0    0    0   0.07030        -1   -2    2  14.88045        0.0001105655   0.0000000039
    0    0    0   0.07030        -1    1    3  14.88045       -0.0001105687  -0.0000000039
    0    0    0   0.07030         1   -1    3  14.88045       -0.0001105659   0.0000000039
    0    0    0   0.07030         1    2    4  14.88045        0.0001105534  -0.0000000039
    0    0    0   0.07030         2    1    4  14.88045        0.0001105643   0.0000000039
    0    0    0   0.07030        -4   -3   -4  15.25539       -0.0000879820  -0.0000000133
    0    0    0   0.07030        -3   -4   -4  15.25539       -0.0000879281   0.0000000133
    0    0    0   0.07030        -1    3   -1  15.25539        0.0000879451  -0.0000000133
    0    0    0   0.07030         1    4    0  15.25539       -0.0000879841  -0.0000000133
    0    0    0   0.07030         3   -1   -1  15.25539        0.0000879984   0.0000000133
    0    0    0   0.07030         4    1    0  15.25539       -0.0000879403   0.0000000133
    0    0    0   0.07030        -4   -2   -4  15.44286       -0.0000618851  -0.0000000139
    0    0    0   0.07030        -2   -4   -4  15.44286       -0.0000618115   0.0000000139
    0    0    0   0.07030        -2    2   -2  15.44286       -0.0000618404   0.0000000139
    0    0    0   0.07030        -1    0    3  15.44286       -0.0001972416   0.0000000000
    0    0    0   0.07030         0   -1    3  15.44286       -0.0001972396   0.0000000000
    0    0    0   0.07030         1    1    4  15.44286        0.0001972373  -0.0000000000
    0    0    0   0.07030         2   -2   -2  15.44286       -0.0000619066  -0.0000000139
    0    0    0   0.07030         2    4    0  15.44286       -0.0000618838  -0.0000000139
    0    0    0   0.07030         2    0   -3  17.13009       -0.0000160899  -0.0000000000
    0    0    0   0.07030         3    4    4  17.13009        0.0000220623   0.0000000077
    0    0    0   0.07030         4    3    4  17.13009        0.0000220467  -0.0000000077
    0    0    0   0.07030        -4   -4   -4  17.31756       -0.0000303353  -0.0000000000
    0    0    0   0.07030         0    4    0  17.31756       -0.0000303421  -0.0000000000
    0    0    0   0.07030         4    0    0  17.31756       -0.0000303408  -0.0000000000
    0    0    0   0.07030        -3   -3   -5  17.50503       -0.0000944679  -0.0000000000
    0    0    0   0.07030        -3    0   -4  17.50503        0.0000563817  -0.0000000000
    0    0    0   0.07030         0   -3   -4  17.50503        0.0000563764  -0.0000000000
    0    0    0   0.07030         0    3   -2  17.50503        0.0000944762  -0.0000000000
    0    0    0   0.07030         3    0   -2  17.50503        0.0000944805  -0.0000000000
    0    0    0   0.07030         3    3   -1  17.50503       -0.0000563685  -0.0000000000
    0    0    0   0.07030        -4   -2    0  17.69250       -0.0000063291   0.0000000133
    0    0    0   0.07030        -3   -2   -5  17.69250       -0.0000867455  -0.0000000022
    0    0    0   0.07030        -2   -4    0  17.69250       -0.0000063404  -0.0000000133
    0    0    0   0.07030        -2   -3   -5  17.69250       -0.0000867243   0.0000000022
    0    0    0   0.07030        -2    2    2  17.69250       -0.0000063557  -0.0000000133
    0    0    0   0.07030        -1    2   -3  17.69250       -0.0000867392   0.0000000022
    0    0    0   0.07030         1    3   -2  17.69250        0.0000867492   0.0000000022
    0    0    0   0.07030         2   -2    2  17.69250       -0.0000063382   0.0000000133
    0    0    0   0.07030         2   -1   -3  17.69250       -0.0000867608  -0.0000000022
    0    0    0   0.07030         2    4    4  17.69250       -0.0000063291   0.0000000133
    0    0    0   0.07030         3    1   -2  17.69250        0.0000867310  -0.0000000022
    0    0    0   0.07030         4    2    4  17.69250       -0.0000063522  -0.0000000133
    0    0    0   0.07030        -4   -1   -4  17.87997       -0.0000149354  -0.0000000027
    0    0    0   0.07030        -3    1   -3  17.87997        0.0000149320  -0.0000000027
    0    0    0   0.07030        -1   -4   -4  17.87997       -0.0000149255   0.0000000027
    0    0    0   0.07030         1   -3   -3  17.87997        0.0000149389   0.0000000027
    0    0    0   0.07030         3    4    0  17.87997       -0.0000149285  -0.0000000027
    0    0    0   0.07030         4    3    0  17.87997       -0.0000149198   0.0000000027
    0    0    0   0.07030        -4    0   -3  18.25492        0.0000080752   0.0000000000
    0    0    0   0.07030        -1   -1    3  18.25492       -0.0000950441  -0.0000000000
    0    0    0   0.07030         3    5    3  19.37974       -0.0000138479   0.0000000106
    0    0    0   0.07030         5    3    3  19.37974       -0.0000138622  -0.0000000106
    0    0    0   0.07030        -4   -3   -5  19.56721       -0.0000078094  -0.0000000017
    0    0    0   0.07030        -3   -4   -5  19.56721       -0.0000077988   0.0000000017
    0    0    0   0.07030        -1    3   -2  19.56721        0.0000078035  -0.0000000017
    0    0    0   0.07030         1    4   -1  19.56721       -0.0000078111  -0.0000000017
    0    0    0   0.07030         3   -1   -2  19.56721        0.0000078126   0.0000000017
    0    0    0   0.07030         4    1   -1  19.56721       -0.0000078041   0.0000000017
    0    0    0   0.07030        -1   -1   -5  19.75468        0.0000413059   0.0000000000
    0    0    0   0.07030         0    1   -4  19.75468       -0.0000413065  -0.0000000000
    0    0    0   0.07030         1    0   -4  19.75468       -0.0000413069  -0.0000000000
    0    0    0   0.07030        -5   -3   -2  19.94215        0.0000336909  -0.0000000143
    0    0    0   0.07030        -3   -5   -2  19.94215        0.0000337111   0.0000000143
    0    0    0   0.07030        -2    3    1  19.94215       -0.0000337194  -0.0000000143
    0    0    0   0.07030         2    5    3  19.94215       -0.0000336971   0.0000000143
    0    0    0   0.07030         3   -2    1  19.94215       -0.0000336961   0.0000000143
    0    0    0   0.07030         5    2    3  19.94215       -0.0000337229  -0.0000000143
    0    0    0   0.07030        -4   -4   -1  20.12962        0.0000277325   0.0000000000
    0    0    0   0.07030        -3   -1   -5  20.12962       -0.0000418581  -0.0000000005
    0    0    0   0.07030        -2    1   -4  20.12962        0.0000418592  -0.0000000005
    0    0    0   0.07030        -1   -3   -5  20.12962       -0.0000418559   0.0000000005
    0    0    0   0.07030         0    4    3  20.12962        0.0000277434   0.0000000000
    0    0    0   0.07030         1   -2   -4  20.12962        0.0000418618   0.0000000005
    0    0    0   0.07030         2    3   -2  20.12962        0.0000418592   0.0000000005
    0    0    0   0.07030         3    2   -2  20.12962        0.0000418566  -0.0000000005
    0    0    0   0.07030         4    0    3  20.12962        0.0000277435  -0.0000000000
    0    0    0   0.07030        -5   -3   -4  20.31709       -0.0000034132  -0.0000000022
    0    0    0   0.07030        -3   -5   -4  20.31709       -0.0000033984   0.0000000022
    0    0    0   0.07030        -2    3   -1  20.31709        0.0000034034  -0.0000000022
    0    0    0   0.07030         0    0    4  20.31709        0.0000212187   0.0000000000
    0    0    0   0.07030         2    5    1  20.31709        0.0000034186   0.0000000022
    0    0    0   0.07030         3   -2   -1  20.31709        0.0000034160   0.0000000022
    0    0    0   0.07030         5    1    2  21.06697        0.0000020390  -0.0000000006
    0    0    0   0.07030         5    4    3  21.06697        0.0000090106   0.0000000006
    0    0    0   0.07030        -5   -2   -4  21.25444        0.0000051417  -0.0000000074
    0    0    0   0.07030        -3    2   -2  21.25444        0.0000051572   0.0000000074
    0    0    0   0.07030        -2   -5   -4  21.25444        0.0000051697   0.0000000074
    0    0    0   0.07030        -2    0    3  21.25444       -0.0000363938   0.0000000000
    0    0    0   0.07030         0   -2    3  21.25444       -0.0000363920  -0.0000000000
    0    0    0   0.07030         2   -3   -2  21.25444        0.0000051337  -0.0000000074
    0    0    0   0.07030         2    2    5  21.25444       -0.0000363917   0.0000000000
    0    0    0   0.07030         3    5    1  21.25444       -0.0000051377   0.0000000074
    0    0    0   0.07030         5    3    1  21.25444       -0.0000051634  -0.0000000074
    0    0    0   0.07030        -3   -1    2  21.44191        0.0000111497  -0.0000000024
    0    0    0   0.07030        -2    1    3  21.44191       -0.0000111525  -0.0000000024
    0    0    0   0.07030        -1   -3    2  21.44191        0.0000111481   0.0000000024
    0    0    0   0.07030         1   -2    3  21.44191       -0.0000111501   0.0000000024
    0    0    0   0.07030         2    3    5  21.44191       -0.0000111446   0.0000000024
    0    0    0   0.07030         3    2    5  21.44191       -0.0000111479  -0.0000000024
    0    0    0   0.07030        -5   -4   -4  21.62938       -0.0000116472   0.0000000036
    0    0    0   0.07030        -5   -1   -3  21.62938        0.0000115474  -0.0000000037
    0    0    0   0.07030        -4   -5   -4  21.62938       -0.0000116514  -0.0000000036
    0    0    0   0.07030        -4    1   -2  21.62938       -0.0000115507  -0.0000000037
    0    0    0   0.07030        -1   -5   -3  21.62938        0.0000115534   0.0000000037
    0    0    0   0.07030        -1    4    0  21.62938       -0.0000116542  -0.0000000036
    0    0    0   0.07030         1   -4   -2  21.62938       -0.0000115477   0.0000000037
    0    0    0   0.07030         1    5    1  21.62938        0.0000116537  -0.0000000036
    0    0    0   0.07030         4   -1    0  21.62938       -0.0000116463   0.0000000036
    0    0    0   0.07030         4    5    2  21.62938       -0.0000115548   0.0000000037
    0    0    0   0.07030         5    1    1  21.62938        0.0000116564   0.0000000036
    0    0    0   0.07030         5    4    2  21.62938       -0.0000115594  -0.0000000037
    0    0    0   0.07030        -5   -2   -1  21.81685       -0.0000112292   0.0000000011
    0    0    0   0.07030        -3    2    1  21.81685       -0.0000112217  -0.0000000011
    0    0    0   0.07030        -2   -5   -1  21.81685       -0.0000112264  -0.0000000011
    0    0    0   0.07030        -2    3    2  23.12914       -0.0000067956  -0.0000000045
    0    0    0   0.07030         2    5    4  23.12914       -0.0000067872   0.0000000045
    0    0    0   0.07030         3   -2    2  23.12914       -0.0000067875   0.0000000045
    0    0    0   0.07030         5    2    4  23.12914       -0.0000067950  -0.0000000045
    0    0    0   0.07030        -2   -1    3  23.31661       -0.0000109502   0.0000000001
    0    0    0   0.07030        -1   -2    3  23.31661       -0.0000109504  -0.0000000001
    0    0    0   0.07030        -1    1    4  23.31661        0.0000109508   0.0000000001
    0    0    0   0.07030         1   -1    4  23.31661        0.0000109493  -0.0000000001
    0    0    0   0.07030         1    2    5  23.31661       -0.0000109508   0.0000000001
    0    0    0   0.07030         2    1    5  23.31661       -0.0000109504  -0.0000000001
    0    0    0   0.07030        -4    0    1  23.50408       -0.0000028313  -0.0000000000
    0    0    0   0.07030         0   -4    1  23.50408       -0.0000028318  -0.0000000000
    0    0    0   0.07030         4    4    5  23.50408       -0.0000028387  -0.0000000000
    0    0    0   0.07030        -4   -1   -5  23.69155       -0.0000255416  -0.0000000020
    0    0    0   0.07030        -3    1   -4  23.69155        0.0000255388  -0.0000000020
    0    0    0   0.07030        -1   -4   -5  23.69155       -0.0000255328   0.0000000020
    0    0    0   0.07030         1   -3   -4  23.69155        0.0000255442   0.0000000020
    0    0    0   0.07030         3    4   -1  23.69155       -0.0000255378  -0.0000000020
    0    0    0   0.07030         4    3   -1  23.69155       -0.0000255310   0.0000000020
    0    0    0   0.07030        -5   -3   -5  23.87902        0.0000177230   0.0000000035
    0    0    0   0.07030        -4   -2    1  23.87902        0.0000048740   0.0000000020
    0    0    0   0.07030        -3   -5   -5  23.87902        0.0000177197  -0.0000000035
    0    0    0   0.07030        -2   -4    1  23.87902        0.0000048724  -0.0000000020
    0    0    0   0.07030        -2    2    3  23.87902        0.0000048670  -0.0000000020
    0    0    0   0.07030        -2    3   -2  23.87902       -0.0000177229   0.0000000035
    0    0    0   0.07030         2   -2    3  23.87902        0.0000048709   0.0000000020
    0    0    0   0.07030         2    4    5  23.87902        0.0000048745   0.0000000020
    0    0    0   0.07030         2    5    0  23.87902       -0.0000177202  -0.0000000035
    0    0    0   0.07030         3   -2   -2  23.87902       -0.0000177274  -0.0000000035
    0    0    0   0.07030         4    2    5  23.87902        0.0000048692  -0.0000000020
    0    0    0   0.07030         5    2    0  23.87902       -0.0000177166   0.0000000035
    0    0    0   0.07030        -3   -2    2  24.25396        0.0000127372  -0.0000000015
    0    0   -1   0.63271         0    0   -1   0.63271       -0.0322061117  -0.0000000000
   -1   -1   -1   1.00765        -1   -1   -1   1.00765       -0.0358037993   0.0000000000
    0    1    0   1.00765         0    1    0   1.00765       -0.0358031839  -0.0000000000
    1    0    0   1.00765         1    0    0   1.00765       -0.0358034101  -0.0000000000
   -1    0   -1   1.19512        -1    0   -1   1.19512       -0.0361626987   0.0000000000
    0   -1   -1   1.19512         0   -1   -1   1.19512       -0.0361639164   0.0000000000
    1    1    0   1.19512         1    1    0   1.19512       -0.0361633972   0.0000000000
   -1    0    0   1.38259        -1    0    0   1.38259       -0.0341344682   0.0000000000
    0   -1    0   1.38259         0   -1    0   1.38259       -0.0341360770  -0.0000000000
    1    1    1   1.38259         1    1    1   1.38259       -0.0341430727   0.0000000000
    0    0    1   1.75753         0    0    1   1.75753       -0.0313904169  -0.0000000000
   -1   -1    0   1.94500        -1   -1    0   1.94500       -0.0314323040  -0.0000000000
    0    1    1   1.94500         0    1    1   1.94500       -0.0314357928   0.0000000000
    1    0    1   1.94500         1    0    1   1.94500       -0.0314372896  -0.0000000000
   -1   -1   -2   2.31994        -1   -1   -2   2.31994       -0.0278335017  -0.0000000000
    0    1   -1   2.31994         0    1   -1   2.31994       -0.0278386504   0.0000000000
    1    0   -1   2.31994         1    0   -1   2.31994       -0.0278449727  -0.0000000000
   -2   -1   -1   3.06983        -2   -1   -1   3.06983       -0.0229022694   0.0000000000
   -1   -2   -1   3.06983        -1   -2   -1   3.06983       -0.0229097902   0.0000000000
   -1    1    0   3.06983        -1    1    0   3.06983       -0.0229088945  -0.0000000000
    1   -1    0   3.06983         1   -1    0   3.06983       -0.0229018227  -0.0000000000
    1    2    1   3.06983         1    2    1   3.06983       -0.0229060960   0.0000000000
    2    1    1   3.06983         2    1    1   3.06983       -0.0229144121   0.0000000000
   -1    0   -2   3.25730        -1    0   -2   3.25730       -0.0200403042   0.0000000000
    0   -1   -2   3.25730         0   -1   -2   3.25730       -0.0200434346  -0.0000000000
    1    1   -1   3.25730         1    1   -1   3.25730       -0.0200490263   0.0000000000
    0    0   -2   3.44477         0    0   -2   3.44477       -0.0193795089   0.0000000000
   -2   -1   -2   3.63224        -2   -1   -2   3.63224       -0.0175253413   0.0000000000
   -1   -2   -2   3.63224        -1   -2   -2   3.63224       -0.0175300095  -0.0000000000
   -1    1   -1   3.63224        -1    1   -1   3.63224       -0.0175249430   0.0000000000
    1   -1   -1   3.63224         1   -1   -1   3.63224       -0.0175270880   0.0000000000
    1    0   -2   5.88188         1    0   -2   5.88188       -0.0049929332  -0.0000000000
   -2   -2   -3   6.25682        -2   -2   -3   6.25682       -0.0039362164  -0.0000000000
    0    2   -1   6.25682         0    2   -1   6.25682       -0.0039383766  -0.0000000000
    2    0   -1   6.25682         2    0   -1   6.25682       -0.0039415380  -0.0000000000
   -2   -1   -3   6.44429        -2   -1   -3   6.44429       -0.0034598792  -0.0000000000
   -1   -2   -3   6.44429        -1   -2   -3   6.44429       -0.0034607211   0.0000000000
   -1    1   -2   6.44429        -1    1   -2   6.44429       -0.0034609801  -0.0000000000
    1   -1   -2   6.44429         1   -1   -2   6.44429       -0.0034635131   0.0000000000
    1    2   -1   6.44429         1    2   -1   6.44429       -0.0034634232   0.0000000000
    2    1   -1   6.44429         2    1   -1   6.44429       -0.0034639087   0.0000000000
   -2   -2    0   6.81923        -2   -2    0   6.81923       -0.0026393205  -0.0000000000
    0    2    2   6.81923         0    2    2   6.81923       -0.0026402637  -0.0000000000
    2    0    2   6.81923         2    0    2   6.81923       -0.0026409581  -0.0000000000
   -3   -2   -2   7.00670        -3   -2   -2   7.00670       -0.0024511092   0.0000000000
   -2   -3   -2   7.00670        -2   -3   -2   7.00670       -0.0024613139  -0.0000000000
   -1    2    0   7.00670        -1    2    0   7.00670       -0.0024598072  -0.0000000000
    1    3    1   7.00670         1    3    1   7.00670       -0.0024518448   0.0000000000
    2   -1    0   7.00670         2   -1    0   7.00670       -0.0024513396   0.0000000000
    3    1    1   7.00670         3    1    1   7.00670       -0.0024607678  -0.0000000000
   -3   -1   -2   7.19417        -3   -1   -2   7.19417       -0.0021517710  -0.0000000000
   -2    1   -1   7.19417        -2    1   -1   7.19417       -0.0021511570  -0.0000000000
   -1   -3   -2   7.19417        -1   -3   -2   7.19417       -0.0021542054   0.0000000000
    1   -2   -1   7.19417         1   -2   -1   7.19417       -0.0021521208  -0.0000000000
    2    3    1   7.19417         2    3    1   7.19417       -0.0021511066  -0.0000000000
    3    2    1   7.19417         3    2    1   7.19417       -0.0021525341  -0.0000000000
   -3   -1   -1   7.38164        -3   -1   -1   7.38164       -0.0018800570   0.0000000000
   -2    1    0   7.38164        -2    1    0   7.38164       -0.0018868148  -0.0000000000
   -1   -3   -1   7.38164        -1   -3   -1   7.38164       -0.0018853402  -0.0000000000
    1   -2    0   7.38164         1   -2    0   7.38164       -0.0018810893  -0.0000000000
    2    3    2   7.38164         2    3    2   7.38164       -0.0018831320   0.0000000000
    3    2    2   7.38164         3    2    2   7.38164       -0.0018891024  -0.0000000000
   -1    0   -3   7.56911        -1    0   -3   7.56911       -0.0016660182   0.0000000000
    0   -3   -1   9.06887         0   -3   -1   9.06887       -0.0006586922  -0.0000000000
    0    3    1   9.06887         0    3    1   9.06887       -0.0006815962  -0.0000000000
    3    0    1   9.06887         3    0    1   9.06887       -0.0006814325  -0.0000000000
    3    3    2   9.06887         3    3    2   9.06887       -0.0006579706  -0.0000000000
   -3   -1   -3   9.25634        -3   -1   -3   9.25634       -0.0006161669  -0.0000000000
   -2    1   -2   9.25634        -2    1   -2   9.25634       -0.0006158937  -0.0000000000
   -1   -3   -3   9.25634        -1   -3   -3   9.25634       -0.0006171942  -0.0000000000
    1   -2   -2   9.25634         1   -2   -2   9.25634       -0.0006179300   0.0000000000
    2    3    0   9.25634         2    3    0   9.25634       -0.0006177232   0.0000000000
    3    2    0   9.25634         3    2    0   9.25634       -0.0006180287  -0.0000000000
   -3   -3   -3   9.63128        -3   -3   -3   9.63128       -0.0004775788   0.0000000000
   -3    0   -2   9.63128        -3    0   -2   9.63128       -0.0005019348   0.0000000000
    0   -3   -2   9.63128         0   -3   -2   9.63128       -0.0005021459   0.0000000000
    0    3    0   9.63128         0    3    0   9.63128       -0.0004778846  -0.0000000000
    3    0    0   9.63128         3    0    0   9.63128       -0.0004777900  -0.0000000000
    3    3    1   9.63128         3    3    1   9.63128       -0.0005020879   0.0000000000
   -3   -1    0   9.81875        -3   -1    0   9.81875       -0.0004653104   0.0000000000
   -2    1    1   9.81875        -2    1    1   9.81875       -0.0004652615   0.0000000000
   -1   -3    0   9.81875        -1   -3    0   9.81875       -0.0004651369   0.0000000000
    1   -2    1   9.81875         1   -2    1   9.81875       -0.0004659841   0.0000000000
    2    3    3   9.81875         2    3    3   9.81875       -0.0004659836  -0.0000000000
    3    2    3   9.81875         3    2    3   9.81875       -0.0004658033  -0.0000000000
   -2   -2   -4  10.56864        -2   -2   -4  10.56864       -0.0003661119   0.0000000000
   -1   -1    2  10.56864        -1   -1    2  10.56864       -0.0003241221   0.0000000000
    0    1    3  10.56864         0    1    3  10.56864       -0.0003241153   0.0000000000
    0    2   -2  10.56864         0    2   -2  10.56864       -0.0003662778  -0.0000000000
    1    0    3  10.56864         1    0    3  10.56864       -0.0003240262   0.0000000000
    2    0   -2  10.56864         2    0   -2  10.56864       -0.0003664863   0.0000000000
   -3   -3   -1  10.75611        -3   -3   -1  10.75611       -0.0002791640  -0.0000000000
   -3    0    0  10.75611        -3    0    0  10.75611       -0.0002884594  -0.0000000000
    0   -3    0  10.75611         0   -3    0  10.75611       -0.0002886105  -0.0000000000
    0    3    2  10.75611         0    3    2  10.75611       -0.0002793590   0.0000000000
    4    2    2  12.06840         4    2    2  12.06840       -0.0001940239  -0.0000000000
   -3   -3   -4  12.44334        -3   -3   -4  12.44334       -0.0001552129  -0.0000000000
   -3    0   -3  12.44334        -3    0   -3  12.44334       -0.0001344065  -0.0000000000
    0   -3   -3  12.44334         0   -3   -3  12.44334       -0.0001345943  -0.0000000000
    0    3   -1  12.44334         0    3   -1  12.44334       -0.0001553525  -0.0000000000
    3    0   -1  12.44334         3    0   -1  12.44334       -0.0001554223  -0.0000000000
    3    3    0  12.44334         3    3    0  12.44334       -0.0001344581  -0.0000000000
   -4   -2   -3  12.63081        -4   -2   -3  12.63081       -0.0001471735  -0.0000000000
   -2   -4   -3  12.63081        -2   -4   -3  12.63081       -0.0001470056  -0.0000000000
   -2    2   -1  12.63081        -2    2   -1  12.63081       -0.0001469227   0.0000000000
    2   -2   -1  12.63081         2   -2   -1  12.63081       -0.0001472158   0.0000000000
    2    4    1  12.63081         2    4    1  12.63081       -0.0001471582   0.0000000000
    4    2    1  12.63081         4    2    1  12.63081       -0.0001469970   0.0000000000
   -4   -1   -2  13.00575        -4   -1   -2  13.00575       -0.0001235461  -0.0000000000
   -3    1   -1  13.00575        -3    1   -1  13.00575       -0.0001233939  -0.0000000000
   -1   -4   -2  13.00575        -1   -4   -2  13.00575       -0.0001237391   0.0000000000
    1   -3   -1  13.00575         1   -3   -1  13.00575       -0.0001234778   0.0000000000
    3    4    2  13.00575         3    4    2  13.00575       -0.0001233603   0.0000000000
    4    3    2  13.00575         4    3    2  13.00575       -0.0001236140  -0.0000000000
   -4   -3   -3  13.19322        -4   -3   -3  13.19322       -0.0001175910   0.0000000000
   -3   -4   -3  13.19322        -3   -4   -3  13.19322       -0.0001178750   0.0000000000
   -1    3    0  13.19322        -1    3    0  13.19322       -0.0001178728   0.0000000000
    1    4    1  13.19322         1    4    1  13.19322       -0.0001176295  -0.0000000000
    3   -1    0  13.19322         3   -1    0  13.19322       -0.0001175741  -0.0000000000
    4    1    1  13.19322         4    1    1  13.19322       -0.0001178512   0.0000000000
   -4   -3   -2  13.38069        -4   -3   -2  13.38069       -0.0001056562  -0.0000000000
   -3   -4   -2  13.38069        -3   -4   -2  13.38069       -0.0001057614   0.0000000000
   -1    3    1  13.38069        -1    3    1  13.38069       -0.0001059679   0.0000000000
    1    4    2  13.38069         1    4    2  13.38069       -0.0001059739  -0.0000000000
    3   -1    1  13.38069         3   -1    1  13.38069       -0.0001056954  -0.0000000000
    4    1    2  13.38069         4    1    2  13.38069       -0.0001061690  -0.0000000000
   -3   -1   -4  13.56816        -3   -1   -4  13.56816       -0.0000938757  -0.0000000000
    1   -2    2  14.50551         1   -2    2  14.50551       -0.0000729371   0.0000000000
    2    3    4  14.50551         2    3    4  14.50551       -0.0000729746   0.0000000000
    3    2    4  14.50551         3    2    4  14.50551       -0.0000729623   0.0000000000
   -3   -3    0  14.69298        -3   -3    0  14.69298       -0.0000599044  -0.0000000000
   -3    0    1  14.69298        -3    0    1  14.69298       -0.0000703673  -0.0000000000
   -2    0   -4  14.69298        -2    0   -4  14.69298       -0.0000656284  -0.0000000000
    0   -3    1  14.69298         0   -3    1  14.69298       -0.0000705080  -0.0000000000
    0   -2   -4  14.69298         0   -2   -4  14.69298       -0.0000657083  -0.0000000000
    0    3    3  14.69298         0    3    3  14.69298       -0.0000600210  -0.0000000000
    2    2   -2  14.69298         2    2   -2  14.69298       -0.0000657089   0.0000000000
    3    0    3  14.69298         3    0    3  14.69298       -0.0000599622   0.0000000000
    3    3    4  14.69298         3    3    4  14.69298       -0.0000705186   0.0000000000
   -2   -1    2  14.88045        -2   -1    2  14.88045       -0.0000643933  -0.0000000000
   -1   -2    2  14.88045        -1   -2    2  14.88045       -0.0000644070  -0.0000000000
   -1    1    3  14.88045        -1    1    3  14.88045       -0.0000643979  -0.0000000000
    1   -1    3  14.88045         1   -1    3  14.88045       -0.0000644161   0.0000000000
    1    2    4  14.88045         1    2    4  14.88045       -0.0000644043   0.0000000000
    2    1    4  14.88045         2    1    4  14.88045       -0.0000644273   0.0000000000
   -4   -3   -4  15.25539        -4   -3   -4  15.25539       -0.0000621487   0.0000000000
   -3   -4   -4  15.25539        -3   -4   -4  15.25539       -0.0000622196  -0.0000000000
   -1    3   -1  15.25539        -1    3   -1  15.25539       -0.0000622413  -0.0000000000
    1    4    0  15.25539         1    4    0  15.25539       -0.0000622528  -0.0000000000
    3   -1   -1  15.25539         3   -1   -1  15.25539       -0.0000622613  -0.0000000000
    4    1    0  15.25539         4    1    0  15.25539       -0.0000622825  -0.0000000000
   -4   -2   -4  15.44286        -4   -2   -4  15.44286       -0.0000515363   0.0000000000
   -2   -4   -4  15.44286        -2   -4   -4  15.44286       -0.0000514883   0.0000000000
   -2    2   -2  15.44286        -2    2   -2  15.44286       -0.0000515129  -0.0000000000
   -1    0    3  15.44286        -1    0    3  15.44286       -0.0000573180  -0.0000000000
    0   -1    3  15.44286         0   -1    3  15.44286       -0.0000573553  -0.0000000000
    1    1    4  15.44286         1    1    4  15.44286       -0.0000573589  -0.0000000000
    2   -2   -2  15.44286         2   -2   -2  15.44286       -0.0000515916   0.0000000000
    2    4    0  15.44286         2    4    0  15.44286       -0.0000515748   0.0000000000
    2    0   -3  17.13009         2    0   -3  17.13009       -0.0000351123  -0.0000000000
    3    4    4  17.13009         3    4    4  17.13009       -0.0000352331  -0.0000000000
    4    3    4  17.13009         4    3    4  17.13009       -0.0000352365   0.0000000000
   -4   -4   -4  17.31756        -4   -4   -4  17.31756       -0.0000352956   0.0000000000
    0    4    0  17.31756         0    4    0  17.31756       -0.0000353271  -0.0000000000
    4    0    0  17.31756         4    0    0  17.31756       -0.0000353178  -0.0000000000
   -3   -3   -5  17.50503        -3   -3   -5  17.50503       -0.0000310146   0.0000000000
   -3    0   -4  17.50503        -3    0   -4  17.50503       -0.0000259337   0.0000000000
    0   -3   -4  17.50503         0   -3   -4  17.50503       -0.0000260098  -0.0000000000
    0    3   -2  17.50503         0    3   -2  17.50503       -0.0000310401   0.0000000000
    3    0   -2  17.50503         3    0   -2  17.50503       -0.0000310502   0.0000000000
    3    3   -1  17.50503         3    3   -1  17.50503       -0.0000260022  -0.0000000000
   -4   -2    0  17.69250        -4   -2    0  17.69250       -0.0000255307  -0.0000000000
   -3   -2   -5  17.69250        -3   -2   -5  17.69250       -0.0000286018  -0.0000000000
   -2   -4    0  17.69250        -2   -4    0  17.69250       -0.0000255590   0.0000000000
   -2   -3   -5  17.69250        -2   -3   -5  17.69250       -0.0000286376  -0.0000000000
   -2    2    2  17.69250        -2    2    2  17.69250       -0.0000255147  -0.0000000000
   -1    2   -3  17.69250        -1    2   -3  17.69250       -0.0000286363  -0.0000000000
    1    3   -2  17.69250         1    3   -2  17.69250       -0.0000286315  -0.0000000000
    2   -2    2  17.69250         2   -2    2  17.69250       -0.0000255429  -0.0000000000
    2   -1   -3  17.69250         2   -1   -3  17.69250       -0.0000286288  -0.0000000000
    2    4    4  17.69250         2    4    4  17.69250       -0.0000255794  -0.0000000000
    3    1   -2  17.69250         3    1   -2  17.69250       -0.0000286506  -0.0000000000
    4    2    4  17.69250         4    2    4  17.69250       -0.0000255411  -0.0000000000
   -4   -1   -4  17.87997        -4   -1   -4  17.87997       -0.0000240100  -0.0000000000
   -3    1   -3  17.87997        -3    1   -3  17.87997       -0.0000240118  -0.0000000000
   -1   -4   -4  17.87997        -1   -4   -4  17.87997       -0.0000239989  -0.0000000000
    1   -3   -3  17.87997         1   -3   -3  17.87997       -0.0000240203  -0.0000000000
    3    4    0  17.87997         3    4    0  17.87997       -0.0000239822  -0.0000000000
    4    3    0  17.87997         4    3    0  17.87997       -0.0000239705   0.0000000000
   -4    0   -3  18.25492        -4    0   -3  18.25492       -0.0000211700   0.0000000000
   -1   -1    3  18.25492        -1   -1    3  18.25492       -0.0000254580  -0.0000000000
    3    5    3  19.37974         3    5    3  19.37974       -0.0000184153  -0.0000000000
    5    3    3  19.37974         5    3    3  19.37974       -0.0000185002   0.0000000000
   -4   -3   -5  19.56721        -4   -3   -5  19.56721       -0.0000174812   0.0000000000
   -3   -4   -5  19.56721        -3   -4   -5  19.56721       -0.0000174752   0.0000000000
   -1    3   -2  19.56721        -1    3   -2  19.56721       -0.0000174755   0.0000000000
    1    4   -1  19.56721         1    4   -1  19.56721       -0.0000174990   0.0000000000
    3   -1   -2  19.56721         3   -1   -2  19.56721       -0.0000175000  -0.0000000000
    4    1   -1  19.56721         4    1   -1  19.56721       -0.0000174948   0.0000000000
   -1   -1   -5  19.75468        -1   -1   -5  19.75468       -0.0000169358   0.0000000000
    0    1   -4  19.75468         0    1   -4  19.75468       -0.0000169360   0.0000000000
    1    0   -4  19.75468         1    0   -4  19.75468       -0.0000169350   0.0000000000
   -5   -3   -2  19.94215        -5   -3   -2  19.94215       -0.0000145097   0.0000000000
   -3   -5   -2  19.94215        -3   -5   -2  19.94215       -0.0000145430  -0.0000000000
   -2    3    1  19.94215        -2    3    1  19.94215       -0.0000145422  -0.0000000000
    2    5    3  19.94215         2    5    3  19.94215       -0.0000145287   0.0000000000
    3   -2    1  19.94215         3   -2    1  19.94215       -0.0000145158   0.0000000000
    5    2    3  19.94215         5    2    3  19.94215       -0.0000145536   0.0000000000
   -4   -4   -1  20.12962        -4   -4   -1  20.12962       -0.0000127361   0.0000000000
   -3   -1   -5  20.12962        -3   -1   -5  20.12962       -0.0000137768   0.0000000000
   -2    1   -4  20.12962        -2    1   -4  20.12962       -0.0000137923   0.0000000000
   -1   -3   -5  20.12962        -1   -3   -5  20.12962       -0.0000137919   0.0000000000
    0    4    3  20.12962         0    4    3  20.12962       -0.0000127685   0.0000000000
    1   -2   -4  20.12962         1   -2   -4  20.12962       -0.0000137882   0.0000000000
    2    3   -2  20.12962         2    3   -2  20.12962       -0.0000137845   0.0000000000
    3    2   -2  20.12962         3    2   -2  20.12962       -0.0000137925   0.0000000000
    4    0    3  20.12962         4    0    3  20.12962       -0.0000127669   0.0000000000
   -5   -3   -4  20.31709        -5   -3   -4  20.31709       -0.0000142224  -0.0000000000
   -3   -5   -4  20.31709        -3   -5   -4  20.31709       -0.0000142160   0.0000000000
   -2    3   -1  20.31709        -2    3   -1  20.31709       -0.0000142181  -0.0000000000
    0    0    4  20.31709         0    0    4  20.31709       -0.0000133591   0.0000000000
    2    5    1  20.31709         2    5    1  20.31709       -0.0000142229  -0.0000000000
    3   -2   -1  20.31709         3   -2   -1  20.31709       -0.0000142212  -0.0000000000
    5    1    2  21.06697         5    1    2  21.06697       -0.0000112139   0.0000000000
    5    4    3  21.06697         5    4    3  21.06697       -0.0000117118  -0.0000000000
   -5   -2   -4  21.25444        -5   -2   -4  21.25444       -0.0000100685   0.0000000000
   -3    2   -2  21.25444        -3    2   -2  21.25444       -0.0000100706  -0.0000000000
   -2   -5   -4  21.25444        -2   -5   -4  21.25444       -0.0000100771  -0.0000000000
   -2    0    3  21.25444        -2    0    3  21.25444       -0.0000108226   0.0000000000
    0   -2    3  21.25444         0   -2    3  21.25444       -0.0000108444  -0.0000000000
    2   -3   -2  21.25444         2   -3   -2  21.25444       -0.0000100805   0.0000000000
    2    2    5  21.25444         2    2    5  21.25444       -0.0000108458   0.0000000000
    3    5    1  21.25444         3    5    1  21.25444       -0.0000100812   0.0000000000
    5    3    1  21.25444         5    3    1  21.25444       -0.0000100982   0.0000000000
   -3   -1    2  21.44191        -3   -1    2  21.44191       -0.0000094697  -0.0000000000
   -2    1    3  21.44191        -2    1    3  21.44191       -0.0000094646  -0.0000000000
   -1   -3    2  21.44191        -1   -3    2  21.44191       -0.0000094891  -0.0000000000
    1   -2    3  21.44191         1   -2    3  21.44191       -0.0000094824  -0.0000000000
    2    3    5  21.44191         2    3    5  21.44191       -0.0000094892   0.0000000000
    3    2    5  21.44191         3    2    5  21.44191       -0.0000094831  -0.0000000000
   -5   -4   -4  21.62938        -5   -4   -4  21.62938       -0.0000099880  -0.0000000000
   -5   -1   -3  21.62938        -5   -1   -3  21.62938       -0.0000092726  -0.0000000000
   -4   -5   -4  21.62938        -4   -5   -4  21.62938       -0.0000099766  -0.0000000000
   -4    1   -2  21.62938        -4    1   -2  21.62938       -0.0000092768  -0.0000000000
   -1   -5   -3  21.62938        -1   -5   -3  21.62938       -0.0000092875  -0.0000000000
   -1    4    0  21.62938        -1    4    0  21.62938       -0.0000099865  -0.0000000000
    1   -4   -2  21.62938         1   -4   -2  21.62938       -0.0000092690  -0.0000000000
    1    5    1  21.62938         1    5    1  21.62938       -0.0000099825   0.0000000000
    4   -1    0  21.62938         4   -1    0  21.62938       -0.0000099694  -0.0000000000
    4    5    2  21.62938         4    5    2  21.62938       -0.0000092591  -0.0000000000
    5    1    1  21.62938         5    1    1  21.62938       -0.0000099829   0.0000000000
    5    4    2  21.62938         5    4    2  21.62938       -0.0000092653  -0.0000000000
   -5   -2   -1  21.81685        -5   -2   -1  21.81685       -0.0000095911   0.0000000000
   -3    2    1  21.81685        -3    2    1  21.81685       -0.0000095883  -0.0000000000
   -2   -5   -1  21.81685        -2   -5   -1  21.81685       -0.0000095994  -0.0000000000
   -2    3    2  23.12914        -2    3    2  23.12914       -0.0000063938  -0.0000000000
    2    5    4  23.12914         2    5    4  23.12914       -0.0000063931   0.0000000000
    3   -2    2  23.12914         3   -2    2  23.12914       -0.0000063851  -0.0000000000
    5    2    4  23.12914         5    2    4  23.12914       -0.0000064079  -0.0000000000
   -2   -1    3  23.31661        -2   -1    3  23.31661       -0.0000064424  -0.0000000000
   -1   -2    3  23.31661        -1   -2    3  23.31661       -0.0000064513  -0.0000000000
   -1    1    4  23.31661        -1    1    4  23.31661       -0.0000064455  -0.0000000000
    1   -1    4  23.31661         1   -1    4  23.31661       -0.0000064423   0.0000000000
    1    2    5  23.31661         1    2    5  23.31661       -0.0000064491   0.0000000000
    2    1    5  23.31661         2    1    5  23.31661       -0.0000064446  -0.0000000000
   -4    0    1  23.50408        -4    0    1  23.50408       -0.0000058711  -0.0000000000
    0   -4    1  23.50408         0   -4    1  23.50408       -0.0000058720   0.0000000000
    4    4    5  23.50408         4    4    5  23.50408       -0.0000058664  -0.0000000000
   -4   -1   -5  23.69155        -4   -1   -5  23.69155       -0.0000056333   0.0000000000
   -3    1   -4  23.69155        -3    1   -4  23.69155       -0.0000056339   0.0000000000
   -1   -4   -5  23.69155        -1   -4   -5  23.69155       -0.0000056357  -0.0000000000
    1   -3   -4  23.69155         1   -3   -4  23.69155       -0.0000056443  -0.0000000000
    3    4   -1  23.69155         3    4   -1  23.69155       -0.0000056371   0.0000000000
    4    3   -1  23.69155         4    3   -1  23.69155       -0.0000056312  -0.0000000000
   -5   -3   -5  23.87902        -5   -3   -5  23.87902       -0.0000056680   0.0000000000
   -4   -2    1  23.87902        -4   -2    1  23.87902       -0.0000053374   0.0000000000
   -3   -5   -5  23.87902        -3   -5   -5  23.87902       -0.0000056592  -0.0000000000
   -2   -4    1  23.87902        -2   -4    1  23.87902       -0.0000053374   0.0000000000
   -2    2    3  23.87902        -2    2    3  23.87902       -0.0000053378  -0.0000000000
   -2    3   -2  23.87902        -2    3   -2  23.87902       -0.0000056596   0.0000000000
    2   -2    3  23.87902         2   -2    3  23.87902       -0.0000053420  -0.0000000000
    2    4    5  23.87902         2    4    5  23.87902       -0.0000053424   0.0000000000
    2    5    0  23.87902         2    5    0  23.87902       -0.0000056639  -0.0000000000
    3   -2   -2  23.87902         3   -2   -2  23.87902       -0.0000056684  -0.0000000000
    4    2    5  23.87902         4    2    5  23.87902       -0.0000053399   0.0000000000
    5    2    0  23.87902         5    2    0  23.87902       -0.0000056647  -0.0000000000
   -3   -2    2  24.25396        -3   -2    2  24.25396       -0.0000049407   0.0000000000


             g                   gp         inverse epsilon           nspin= 1
         0    0    0         0    0    0        0.17456195  -0.00000000
         0    0   -1         0    0    0        0.01809131  -0.00000000
         0    0   -1         0    0   -1        0.48936464  -0.00000000
        -1   -1   -1         0    0   -1       -0.00172812   0.00000000
        -1   -1   -1        -1   -1   -1        0.56162960   0.00000000
         0    1    0        -1   -1   -1       -0.01332698  -0.00000632
         0    1    0         0    1    0        0.56162873  -0.00000000
         1    0    0         0    1    0        0.01332972   0.00000632
         1    0    0         1    0    0        0.56162972  -0.00000000
        -1    0   -1         1    0    0        0.00398460  -0.00000000
        -1    0   -1        -1    0   -1        0.60081358   0.00000000
         0   -1   -1        -1    0   -1        0.01034895  -0.00000477
         0   -1   -1         0   -1   -1        0.60080559   0.00000000
         1    1    0         0   -1   -1       -0.01034430   0.00000476
         1    1    0         1    1    0        0.60080593   0.00000000
        -1    0    0         1    1    0        0.00622141  -0.00000681
        -1    0    0        -1    0    0        0.65642530   0.00000000
         0   -1    0        -1    0    0        0.00746903  -0.00002459
         0   -1    0         0   -1    0        0.65641379  -0.00000000
         1    1    1         0   -1    0       -0.00746477   0.00002459
         1    1    1         1    1    1        0.65637610   0.00000000
         0    0    1         1    1    1       -0.00173621  -0.00000000
         0    0    1         0    0    1        0.72508039  -0.00000000
        -1   -1    0         0    0    1        0.04685582  -0.00000000
        -1   -1    0        -1   -1    0        0.73718118  -0.00000000
         0    1    1        -1   -1    0       -0.01445320   0.00000546
         0    1    1         0    1    1        0.73716696   0.00000000
         1    0    1         0    1    1        0.01443951  -0.00000546
         1    0    1         1    0    1        0.73715903  -0.00000000
        -1   -1   -2         1    0    1        0.00227526   0.00001148
        -1   -1   -2        -1   -1   -2        0.79360417  -0.00000000
         0    1   -1        -1   -1   -2       -0.01355674   0.00003408
         0    1   -1         0    1   -1        0.79357628  -0.00000000
         1    0   -1         0    1   -1        0.01356144  -0.00003408
         1    0   -1         1    0   -1        0.79354426   0.00000000
        -2   -1   -1         1    0   -1       -0.00820750  -0.00001094
        -2   -1   -1        -2   -1   -1        0.85925200  -0.00000000
        -1   -2   -1        -2   -1   -1        0.01009318   0.00001485
        -1   -2   -1        -1   -2   -1        0.85922256   0.00000000
        -1    1    0        -1   -2   -1       -0.00516652  -0.00000264
        -1    1    0        -1    1    0        0.85922894  -0.00000000
         1   -1    0        -1    1    0        0.01977486  -0.00000305
         1   -1    0         1   -1    0        0.85925450  -0.00000000
         1    2    1         1   -1    0       -0.00520885   0.00000264
         1    2    1         1    2    1        0.85922942   0.00000000
         2    1    1         1    2    1        0.00898573   0.00003515
         2    1    1         2    1    1        0.85919462   0.00000000
        -1    0   -2         2    1    1        0.00202570  -0.00000898
        -1    0   -2        -1    0   -2        0.88157729   0.00000000
         0   -1   -2        -1    0   -2        0.00711532  -0.00002847
         0   -1   -2         0   -1   -2        0.88156427   0.00000000
         1    1   -1         0   -1   -2       -0.00709504   0.00002846
         1    1   -1         1    1   -1        0.88153685   0.00000000
         0    0   -2         1    1   -1        0.03047509  -0.00000000
         0    0   -2         0    0   -2        0.89899024   0.00000000
        -2   -1   -2         0    0   -2       -0.00799592   0.00000414
        -2   -1   -2        -2   -1   -2        0.90472804   0.00000000
        -1   -2   -2        -2   -1   -2        0.00278003   0.00003332
        -1   -2   -2        -1   -2   -2        0.90470879  -0.00000000
        -1    1   -1        -1   -2   -2       -0.00647901   0.00001762
        -1    1   -1        -1    1   -1        0.90473906   0.00000000
         1   -1   -1        -1    1   -1        0.00846575   0.00000426
         1   -1   -1         1   -1   -1        0.90472109   0.00000000
         1    0   -2         1   -1   -1       -0.00040267  -0.00001252
         1    0   -2         1    0   -2        0.98214014  -0.00000000
        -2   -2   -3         1    0   -2       -0.00035172   0.00000317
        -2   -2   -3        -2   -2   -3        0.98650549  -0.00000000
         0    2   -1        -2   -2   -3        0.00148217   0.00000492
         0    2   -1         0    2   -1        0.98649719  -0.00000000
         2    0   -1         0    2   -1        0.00147895   0.00000492
         2    0   -1         2    0   -1        0.98648644  -0.00000000
        -2   -1   -3         2    0   -1        0.00102222   0.00000098
        -2   -1   -3        -2   -1   -3        0.98829232  -0.00000000
        -1   -2   -3        -2   -1   -3       -0.00096884  -0.00000184
        -1   -2   -3        -1   -2   -3        0.98829138   0.00000000
        -1    1   -2        -1   -2   -3       -0.00240503   0.00000676
        -1    1   -2        -1    1   -2        0.98828911  -0.00000000
         1   -1   -2        -1    1   -2        0.00165128  -0.00000227
         1   -1   -2         1   -1   -2        0.98827915   0.00000000
         1    2   -1         1   -1   -2       -0.00240776  -0.00000676
         1    2   -1         1    2   -1        0.98827991  -0.00000000
         2    1   -1         1    2   -1       -0.00114688  -0.00001409
         2    1   -1         2    1   -1        0.98827936   0.00000000
        -2   -2    0         2    1   -1       -0.00001655   0.00000188
        -2   -2    0        -2   -2    0        0.99131110  -0.00000000
         0    2    2        -2   -2    0        0.00141652  -0.00000198
         0    2    2         0    2    2        0.99130821  -0.00000000
         2    0    2         0    2    2        0.00141664  -0.00000198
         2    0    2         2    0    2        0.99130574  -0.00000000
        -3   -2   -2         2    0    2        0.00072403  -0.00000209
        -3   -2   -2        -3   -2   -2        0.99255897   0.00000000
        -2   -3   -2        -3   -2   -2       -0.00122808   0.00001831
        -2   -3   -2        -2   -3   -2        0.99252307  -0.00000000
        -1    2    0        -2   -3   -2       -0.00100469  -0.00000199
        -1    2    0        -1    2    0        0.99252855  -0.00000000
         1    3    1        -1    2    0        0.00123181   0.00001831
         1    3    1         1    3    1        0.99255651   0.00000000
         2   -1    0         1    3    1        0.00100143   0.00000199
         2   -1    0         2   -1    0        0.99255813   0.00000000
         3    1    1         2   -1    0        0.00122880  -0.00001831
         3    1    1         3    1    1        0.99252539  -0.00000000
        -3   -1   -2         3    1    1        0.00041600   0.00000160
        -3   -1   -2        -3   -1   -2        0.99358853  -0.00000000
        -2    1   -1        -3   -1   -2        0.00110699  -0.00001483
        -2    1   -1        -2    1   -1        0.99359093  -0.00000000
        -1   -3   -2        -2    1   -1        0.00081050   0.00000044
        -1   -3   -2        -1   -3   -2        0.99358035   0.00000000
         1   -2   -1        -1   -3   -2        0.00111380   0.00001483
         1   -2   -1         1   -2   -1        0.99358714  -0.00000000
         2    3    1         1   -2   -1       -0.00080904  -0.00000044
         2    3    1         2    3    1        0.99359025  -0.00000000
         3    2    1         2    3    1       -0.00110781   0.00001483
         3    2    1         3    2    1        0.99358615  -0.00000000
        -3   -1   -1         3    2    1        0.00036238  -0.00000310
        -3   -1   -1        -3   -1   -1        0.99450146   0.00000000
        -2    1    0        -3   -1   -1        0.00099343  -0.00000722
        -2    1    0        -2    1    0        0.99447927  -0.00000000
        -1   -3   -1        -2    1    0        0.00083487   0.00000134
        -1   -3   -1        -1   -3   -1        0.99448399  -0.00000000
         1   -2    0        -1   -3   -1        0.00099444   0.00000722
         1   -2    0         1   -2    0        0.99449838  -0.00000000
         2    3    2         1   -2    0       -0.00084026  -0.00000134
         2    3    2         2    3    2        0.99449142   0.00000000
         3    2    2         2    3    2       -0.00098175   0.00000723
         3    2    2         3    2    2        0.99447149  -0.00000000
        -1    0   -3         3    2    2        0.00055425  -0.00000203
        -1    0   -3        -1    0   -3        0.99522846   0.00000000
         0   -3   -1        -1    0   -3       -0.00024807   0.00000025
         0   -3   -1         0   -3   -1        0.99840628   0.00000000
         0    3    1         0   -3   -1        0.00023997  -0.00000000
         0    3    1         0    3    1        0.99835166  -0.00000000
         3    0    1         0    3    1       -0.00031174   0.00000039
         3    0    1         3    0    1        0.99835203  -0.00000000
         3    3    2         3    0    1       -0.00031431   0.00000044
         3    3    2         3    3    2        0.99840809   0.00000000
        -3   -1   -3         3    3    2       -0.00010586  -0.00000082
        -3   -1   -3        -3   -1   -3        0.99854398  -0.00000000
        -2    1   -2        -3   -1   -3        0.00054414  -0.00000071
        -2    1   -2        -2    1   -2        0.99854483  -0.00000000
        -1   -3   -3        -2    1   -2        0.00005612   0.00000011
        -1   -3   -3        -1   -3   -3        0.99854152  -0.00000000
         1   -2   -2        -1   -3   -3        0.00054770   0.00000071
         1   -2   -2         1   -2   -2        0.99853943   0.00000000
         2    3    0         1   -2   -2       -0.00005587  -0.00000012
         2    3    0         2    3    0        0.99853998   0.00000000
         3    2    0         2    3    0       -0.00054634   0.00000071
         3    2    0         3    2    0        0.99853924  -0.00000000
        -3   -3   -3         3    2    0        0.00004472  -0.00000014
        -3   -3   -3        -3   -3   -3        0.99893181  -0.00000000
        -3    0   -2        -3   -3   -3       -0.00021677   0.00000052
        -3    0   -2        -3    0   -2        0.99885436   0.00000000
         0   -3   -2        -3    0   -2       -0.00022902   0.00000031
         0   -3   -2         0   -3   -2        0.99885379   0.00000000
         0    3    0         0   -3   -2       -0.00000702  -0.00000000
         0    3    0         0    3    0        0.99893119  -0.00000000
         3    0    0         0    3    0       -0.00018082  -0.00000009
         3    0    0         3    0    0        0.99893146  -0.00000000
         3    3    1         3    0    0       -0.00021785  -0.00000052
         3    3    1         3    3    1        0.99885384   0.00000000
        -3   -1    0         3    3    1        0.00013126  -0.00000023
        -3   -1    0        -3   -1    0        0.99896266   0.00000000
        -2    1    1        -3   -1    0        0.00018259   0.00000035
        -2    1    1        -2    1    1        0.99896284  -0.00000000
        -1   -3    0        -2    1    1        0.00002794   0.00000002
        -1   -3    0        -1   -3    0        0.99896315  -0.00000000
         1   -2    1        -1   -3    0        0.00018329  -0.00000035
         1   -2    1         1   -2    1        0.99896106  -0.00000000
         2    3    3         1   -2    1       -0.00002666  -0.00000002
         2    3    3         2    3    3        0.99896103  -0.00000000
         3    2    3         2    3    3       -0.00018214  -0.00000035
         3    2    3         3    2    3        0.99896155  -0.00000000
        -2   -2   -4         3    2    3        0.00008165  -0.00000020
        -2   -2   -4        -2   -2   -4        0.99927863   0.00000000
        -1   -1    2        -2   -2   -4       -0.00014921   0.00000000
        -1   -1    2        -1   -1    2        0.99933114   0.00000000
         0    1    3        -1   -1    2        0.00011836   0.00000036
         0    1    3         0    1    3        0.99933116   0.00000000
         0    2   -2         0    1    3        0.00014917   0.00000000
         0    2   -2         0    2   -2        0.99927827  -0.00000000
         1    0    3         0    2   -2       -0.00000911  -0.00000010
         1    0    3         1    0    3        0.99933137   0.00000000
         2    0   -2         1    0    3        0.00014944   0.00000000
         2    0   -2         2    0   -2        0.99927781   0.00000000
        -3   -3   -1         2    0   -2       -0.00009906  -0.00000024
        -3   -3   -1        -3   -3   -1        0.99943225  -0.00000000
        -3    0    0        -3   -3   -1       -0.00008782  -0.00000022
        -3    0    0        -3    0    0        0.99943621  -0.00000000
         0   -3    0        -3    0    0       -0.00006501   0.00000003
         0   -3    0         0   -3    0        0.99943592  -0.00000000
         0    3    2         0   -3    0       -0.00010491   0.00000000
         0    3    2         0    3    2        0.99943179   0.00000000
         4    2    2         0    3    2       -0.00000045   0.00000051
         4    2    2         4    2    2        0.99966147  -0.00000000
        -3   -3   -4         4    2    2        0.00001786  -0.00000003
        -3   -3   -4        -3   -3   -4        0.99973529  -0.00000000
        -3    0   -3        -3   -3   -4       -0.00001754   0.00000006
        -3    0   -3        -3    0   -3        0.99976255  -0.00000000
         0   -3   -3        -3    0   -3       -0.00002141   0.00000005
         0   -3   -3         0   -3   -3        0.99976219  -0.00000000
         0    3   -1         0   -3   -3       -0.00006280  -0.00000000
         0    3   -1         0    3   -1        0.99973503  -0.00000000
         3    0   -1         0    3   -1       -0.00001281   0.00000009
         3    0   -1         3    0   -1        0.99973490  -0.00000000
         3    3    0         3    0   -1       -0.00001771  -0.00000006
         3    3    0         3    3    0        0.99976243  -0.00000000
        -4   -2   -3         3    3    0       -0.00003176   0.00000022
        -4   -2   -3        -4   -2   -3        0.99975223   0.00000000
        -2   -4   -3        -4   -2   -3        0.00005525  -0.00000004
        -2   -4   -3        -2   -4   -3        0.99975250  -0.00000000
        -2    2   -1        -2   -4   -3       -0.00005923  -0.00000006
        -2    2   -1        -2    2   -1        0.99975266   0.00000000
         2   -2   -1        -2    2   -1        0.00006006   0.00000009
         2   -2   -1         2   -2   -1        0.99975211   0.00000000
         2    4    1         2   -2   -1       -0.00005955   0.00000006
         2    4    1         2    4    1        0.99975223   0.00000000
         4    2    1         2    4    1        0.00005581   0.00000010
         4    2    1         4    2    1        0.99975255   0.00000000
        -4   -1   -2         4    2    1        0.00000865  -0.00000009
        -4   -1   -2        -4   -1   -2        0.99979472  -0.00000000
        -3    1   -1        -4   -1   -2        0.00009711  -0.00000042
        -3    1   -1        -3    1   -1        0.99979501  -0.00000000
        -1   -4   -2        -3    1   -1        0.00003763   0.00000006
        -1   -4   -2        -1   -4   -2        0.99979439   0.00000000
         1   -3   -1        -1   -4   -2        0.00009745   0.00000042
         1   -3   -1         1   -3   -1        0.99979485   0.00000000
         3    4    2         1   -3   -1        0.00003753   0.00000006
         3    4    2         3    4    2        0.99979505   0.00000000
         4    3    2         3    4    2       -0.00009696   0.00000042
         4    3    2         4    3    2        0.99979462  -0.00000000
        -4   -3   -3         4    3    2       -0.00005280   0.00000006
        -4   -3   -3        -4   -3   -3        0.99980918  -0.00000000
        -3   -4   -3        -4   -3   -3       -0.00008147   0.00000031
        -3   -4   -3        -3   -4   -3        0.99980866   0.00000000
        -1    3    0        -3   -4   -3        0.00004089   0.00000005
        -1    3    0        -1    3    0        0.99980868   0.00000000
         1    4    1        -1    3    0        0.00008149   0.00000031
         1    4    1         1    4    1        0.99980911   0.00000000
         3   -1    0         1    4    1        0.00004085   0.00000005
         3   -1    0         3   -1    0        0.99980922  -0.00000000
         4    1    1         3   -1    0        0.00008138  -0.00000031
         4    1    1         4    1    1        0.99980872   0.00000000
        -4   -3   -2         4    1    1        0.00001831  -0.00000008
        -4   -3   -2        -4   -3   -2        0.99983276  -0.00000000
        -3   -4   -2        -4   -3   -2       -0.00009007   0.00000018
        -3   -4   -2        -3   -4   -2        0.99983257   0.00000000
        -1    3    1        -3   -4   -2        0.00003075  -0.00000006
        -1    3    1        -1    3    1        0.99983222  -0.00000000
         1    4    2        -1    3    1        0.00009062   0.00000018
         1    4    2         1    4    2        0.99983223  -0.00000000
         3   -1    1         1    4    2        0.00003101  -0.00000006
         3   -1    1         3   -1    1        0.99983271  -0.00000000
         4    1    2         3   -1    1        0.00009047  -0.00000018
         4    1    2         4    1    2        0.99983188  -0.00000000
        -3   -1   -4         4    1    2        0.00000602   0.00000003
        -3   -1   -4        -3   -1   -4        0.99985612   0.00000000
         1   -2    2        -3   -1   -4       -0.00000447   0.00000005
         1   -2    2         1   -2    2        0.99989270   0.00000000
         2    3    4         1   -2    2        0.00001601  -0.00000004
         2    3    4         2    3    4        0.99989265   0.00000000
         3    2    4         2    3    4       -0.00003979  -0.00000005
         3    2    4         3    2    4        0.99989266   0.00000000
        -3   -3    0         3    2    4       -0.00000743   0.00000001
        -3   -3    0        -3   -3    0        0.99991223  -0.00000000
        -3    0    1        -3   -3    0        0.00000047  -0.00000006
        -3    0    1        -3    0    1        0.99989930  -0.00000000
        -2    0   -4        -3    0    1        0.00001098   0.00000000
        -2    0   -4        -2    0   -4        0.99990227  -0.00000000
         0   -3    1        -2    0   -4       -0.00000320   0.00000000
         0   -3    1         0   -3    1        0.99989908  -0.00000000
         0   -2   -4         0   -3    1        0.00001111   0.00000000
         0   -2   -4         0   -2   -4        0.99990214  -0.00000000
         0    3    3         0   -2   -4       -0.00004538  -0.00000000
         0    3    3         0    3    3        0.99991205  -0.00000000
         2    2   -2         0    3    3        0.00001798   0.00000003
         2    2   -2         2    2   -2        0.99990214   0.00000000
         3    0    3         2    2   -2        0.00001790   0.00000003
         3    0    3         3    0    3        0.99991213   0.00000000
         3    3    4         3    0    3        0.00000039   0.00000006
         3    3    4         3    3    4        0.99989905   0.00000000
        -2   -1    2         3    3    4       -0.00000865  -0.00000002
        -2   -1    2        -2   -1    2        0.99990783  -0.00000000
        -1   -2    2        -2   -1    2       -0.00005577  -0.00000014
        -1   -2    2        -1   -2    2        0.99990781  -0.00000000
        -1    1    3        -1   -2    2       -0.00001117  -0.00000005
        -1    1    3        -1    1    3        0.99990782  -0.00000000
         1   -1    3        -1    1    3        0.00002531  -0.00000002
         1   -1    3         1   -1    3        0.99990780   0.00000000
         1    2    4         1   -1    3       -0.00001114   0.00000005
         1    2    4         1    2    4        0.99990781   0.00000000
         2    1    4         1    2    4       -0.00003567   0.00000009
         2    1    4         2    1    4        0.99990777   0.00000000
        -4   -3   -4         2    1    4       -0.00000120   0.00000000
        -4   -3   -4        -4   -3   -4        0.99991322   0.00000000
        -3   -4   -4        -4   -3   -4       -0.00004675   0.00000001
        -3   -4   -4        -3   -4   -4        0.99991310  -0.00000000
        -1    3   -1        -3   -4   -4        0.00001798  -0.00000004
        -1    3   -1        -1    3   -1        0.99991308  -0.00000000
         1    4    0        -1    3   -1        0.00004679   0.00000001
         1    4    0         1    4    0        0.99991306  -0.00000000
         3   -1   -1         1    4    0        0.00001806  -0.00000004
         3   -1   -1         3   -1   -1        0.99991304  -0.00000000
         4    1    0         3   -1   -1        0.00004673  -0.00000001
         4    1    0         4    1    0        0.99991301   0.00000000
        -4   -2   -4         4    1    0       -0.00000783   0.00000001
        -4   -2   -4        -4   -2   -4        0.99992653   0.00000000
        -2   -4   -4        -4   -2   -4        0.00001634  -0.00000004
        -2   -4   -4        -2   -4   -4        0.99992660   0.00000000
        -2    2   -2        -2   -4   -4       -0.00001212  -0.00000002
        -2    2   -2        -2    2   -2        0.99992656  -0.00000000
        -1    0    3        -2    2   -2        0.00001546   0.00000000
        -1    0    3        -1    0    3        0.99992360  -0.00000000
         0   -1    3        -1    0    3       -0.00004652  -0.00000005
         0   -1    3         0   -1    3        0.99992354  -0.00000000
         1    1    4         0   -1    3        0.00004640   0.00000005
         1    1    4         1    1    4        0.99992354  -0.00000000
         2   -2   -2         1    1    4       -0.00001586   0.00000001
         2   -2   -2         2   -2   -2        0.99992645   0.00000000
         2    4    0         2   -2   -2       -0.00001214   0.00000002
         2    4    0         2    4    0        0.99992647   0.00000000
         2    0   -3         2    4    0        0.00000908   0.00000002
         2    0   -3         2    0   -3        0.99995540  -0.00000000
         3    4    4         2    0   -3        0.00000867   0.00000000
         3    4    4         3    4    4        0.99995608  -0.00000000
         4    3    4         3    4    4       -0.00002701  -0.00000002
         4    3    4         4    3    4        0.99995609   0.00000000
        -4   -4   -4         4    3    4        0.00002031  -0.00000001
        -4   -4   -4        -4   -4   -4        0.99995584   0.00000000
         0    4    0        -4   -4   -4       -0.00000678  -0.00000001
         0    4    0         0    4    0        0.99995580  -0.00000000
         4    0    0         0    4    0       -0.00000679  -0.00000001
         4    0    0         4    0    0        0.99995581  -0.00000000
        -3   -3   -5         4    0    0       -0.00000329   0.00000002
        -3   -3   -5        -3   -3   -5        0.99996261   0.00000000
        -3    0   -4        -3   -3   -5        0.00000223   0.00000004
        -3    0   -4        -3    0   -4        0.99996883   0.00000000
         0   -3   -4        -3    0   -4        0.00000296   0.00000001
         0   -3   -4         0   -3   -4        0.99996873  -0.00000000
         0    3   -2         0   -3   -4       -0.00000382   0.00000000
         0    3   -2         0    3   -2        0.99996257   0.00000000
         3    0   -2         0    3   -2        0.00000343   0.00000004
         3    0   -2         3    0   -2        0.99996256   0.00000000
         3    3   -1         3    0   -2        0.00000220  -0.00000004
         3    3   -1         3    3   -1        0.99996874  -0.00000000
        -4   -2    0         3    3   -1       -0.00001019  -0.00000001
        -4   -2    0        -4   -2    0        0.99996842  -0.00000000
        -3   -2   -5        -4   -2    0       -0.00000020   0.00000003
        -3   -2   -5        -3   -2   -5        0.99996482  -0.00000000
        -2   -4    0        -3   -2   -5        0.00000331   0.00000001
        -2   -4    0        -2   -4    0        0.99996838   0.00000000
        -2   -3   -5        -2   -4    0       -0.00000018  -0.00000003
        -2   -3   -5        -2   -3   -5        0.99996477  -0.00000000
        -2    2    2        -2   -3   -5        0.00000179  -0.00000001
        -2    2    2        -2    2    2        0.99996844  -0.00000000
        -1    2   -3        -2    2    2       -0.00000023  -0.00000003
        -1    2   -3        -1    2   -3        0.99996477  -0.00000000
         1    3   -2        -1    2   -3        0.00001843   0.00000000
         1    3   -2         1    3   -2        0.99996478  -0.00000000
         2   -2    2         1    3   -2        0.00000465  -0.00000000
         2   -2    2         2   -2    2        0.99996841  -0.00000000
         2   -1   -3         2   -2    2       -0.00000019   0.00000003
         2   -1   -3         2   -1   -3        0.99996479  -0.00000000
         2    4    4         2   -1   -3        0.00000177   0.00000001
         2    4    4         2    4    4        0.99996836  -0.00000000
         3    1   -2         2    4    4       -0.00000582  -0.00000000
         3    1   -2         3    1   -2        0.99996475  -0.00000000
         4    2    4         3    1   -2        0.00000019  -0.00000003
         4    2    4         4    2    4        0.99996841  -0.00000000
        -4   -1   -4         4    2    4       -0.00001461  -0.00000001
        -4   -1   -4        -4   -1   -4        0.99997154   0.00000000
        -3    1   -3        -4   -1   -4        0.00001854   0.00000000
        -3    1   -3        -3    1   -3        0.99997154  -0.00000000
        -1   -4   -4        -3    1   -3        0.00000261  -0.00000000
        -1   -4   -4        -1   -4   -4        0.99997156  -0.00000000
         1   -3   -3        -1   -4   -4        0.00001853  -0.00000000
         1   -3   -3         1   -3   -3        0.99997153  -0.00000000
         3    4    0         1   -3   -3        0.00000260  -0.00000000
         3    4    0         3    4    0        0.99997157  -0.00000000
         4    3    0         3    4    0       -0.00001850  -0.00000000
         4    3    0         4    3    0        0.99997159   0.00000000
        -4    0   -3         4    3    0       -0.00000009  -0.00000001
        -4    0   -3        -4    0   -3        0.99997488   0.00000000
        -1   -1    3        -4    0   -3       -0.00000433   0.00000001
        -1   -1    3        -1   -1    3        0.99997038  -0.00000000
         3    5    3        -1   -1    3        0.00000136   0.00000000
         3    5    3         3    5    3        0.99997990  -0.00000000
         5    3    3         3    5    3       -0.00000004   0.00000002
         5    3    3         5    3    3        0.99997980   0.00000000
        -4   -3   -5         5    3    3        0.00000655  -0.00000000
        -4   -3   -5        -4   -3   -5        0.99998097   0.00000000
        -3   -4   -5        -4   -3   -5       -0.00001276   0.00000001
        -3   -4   -5        -3   -4   -5        0.99998098   0.00000000
        -1    3   -2        -3   -4   -5        0.00000106  -0.00000001
        -1    3   -2        -1    3   -2        0.99998098   0.00000000
         1    4   -1        -1    3   -2        0.00001277   0.00000001
         1    4   -1         1    4   -1        0.99998095   0.00000000
         3   -1   -2         1    4   -1        0.00000106  -0.00000001
         3   -1   -2         3   -1   -2        0.99998095  -0.00000000
         4    1   -1         3   -1   -2        0.00001275  -0.00000001
         4    1   -1         4    1   -1        0.99998096   0.00000000
        -1   -1   -5         4    1   -1       -0.00000209  -0.00000001
        -1   -1   -5        -1   -1   -5        0.99998166   0.00000000
         0    1   -4        -1   -1   -5        0.00001349   0.00000000
         0    1   -4         0    1   -4        0.99998166   0.00000000
         1    0   -4         0    1   -4       -0.00001349  -0.00000000
         1    0   -4         1    0   -4        0.99998166   0.00000000
        -5   -3   -2         1    0   -4       -0.00000193  -0.00000001
        -5   -3   -2        -5   -3   -2        0.99998403   0.00000000
        -3   -5   -2        -5   -3   -2        0.00000040   0.00000002
        -3   -5   -2        -3   -5   -2        0.99998399  -0.00000000
        -2    3    1        -3   -5   -2        0.00000330  -0.00000001
        -2    3    1        -2    3    1        0.99998399  -0.00000000
         2    5    3        -2    3    1        0.00000038  -0.00000002
         2    5    3         2    5    3        0.99998401   0.00000000
         3   -2    1         2    5    3       -0.00000330   0.00000001
         3   -2    1         3   -2    1        0.99998402   0.00000000
         5    2    3         3   -2    1        0.00000038   0.00000002
         5    2    3         5    2    3        0.99998398   0.00000000
        -4   -4   -1         5    2    3        0.00000065   0.00000002
        -4   -4   -1        -4   -4   -1        0.99998663   0.00000000
        -3   -1   -5        -4   -4   -1       -0.00000067  -0.00000000
        -3   -1   -5        -3   -1   -5        0.99998537  -0.00000000
        -2    1   -4        -3   -1   -5        0.00000980  -0.00000001
        -2    1   -4        -2    1   -4        0.99998536   0.00000000
        -1   -3   -5        -2    1   -4       -0.00000328   0.00000001
        -1   -3   -5        -1   -3   -5        0.99998535   0.00000000
         0    4    3        -1   -3   -5        0.00000564   0.00000000
         0    4    3         0    4    3        0.99998660   0.00000000
         1   -2   -4         0    4    3       -0.00000565  -0.00000000
         1   -2   -4         1   -2   -4        0.99998536   0.00000000
         2    3   -2         1   -2   -4        0.00000328  -0.00000001
         2    3   -2         2    3   -2        0.99998537   0.00000000
         3    2   -2         2    3   -2       -0.00000980   0.00000001
         3    2   -2         3    2   -2        0.99998535   0.00000000
         4    0    3         3    2   -2        0.00000066   0.00000000
         4    0    3         4    0    3        0.99998660   0.00000000
        -5   -3   -4         4    0    3       -0.00000284  -0.00000000
        -5   -3   -4        -5   -3   -4        0.99998525  -0.00000000
        -3   -5   -4        -5   -3   -4       -0.00000161   0.00000000
        -3   -5   -4        -3   -5   -4        0.99998526   0.00000000
        -2    3   -1        -3   -5   -4        0.00000206   0.00000000
        -2    3   -1        -2    3   -1        0.99998526  -0.00000000
         0    0    4        -2    3   -1        0.00000216   0.00000000
         0    0    4         0    0    4        0.99998568   0.00000000
         2    5    1         0    0    4        0.00000215   0.00000000
         2    5    1         2    5    1        0.99998525  -0.00000000
         3   -2   -1         2    5    1       -0.00000208  -0.00000000
         3   -2   -1         3   -2   -1        0.99998525  -0.00000000
         5    1    2         3   -2   -1       -0.00000307  -0.00000001
         5    1    2         5    1    2        0.99998872   0.00000000
         5    4    3         5    1    2        0.00000205   0.00000000
         5    4    3         5    4    3        0.99998820  -0.00000000
        -5   -2   -4         5    4    3        0.00000272  -0.00000001
        -5   -2   -4        -5   -2   -4        0.99998969   0.00000000
        -3    2   -2        -5   -2   -4       -0.00000023   0.00000001
        -3    2   -2        -3    2   -2        0.99998969  -0.00000000
        -2   -5   -4        -3    2   -2       -0.00000188  -0.00000000
        -2   -5   -4        -2   -5   -4        0.99998968   0.00000000
        -2    0    3        -2   -5   -4        0.00000192   0.00000001
        -2    0    3        -2    0    3        0.99998933   0.00000000
         0   -2    3        -2    0    3       -0.00000123  -0.00000001
         0   -2    3         0   -2    3        0.99998930  -0.00000000
         2   -3   -2         0   -2    3       -0.00000015   0.00000001
         2   -3   -2         2   -3   -2        0.99998968   0.00000000
         2    2    5         2   -3   -2        0.00000190  -0.00000001
         2    2    5         2    2    5        0.99998930   0.00000000
         3    5    1         2    2    5        0.00000015  -0.00000001
         3    5    1         3    5    1        0.99998968   0.00000000
         5    3    1         3    5    1       -0.00000023   0.00000001
         5    3    1         5    3    1        0.99998966   0.00000000
        -3   -1    2         5    3    1       -0.00000184  -0.00000001
        -3   -1    2        -3   -1    2        0.99999023  -0.00000000
        -2    1    3        -3   -1    2        0.00000600   0.00000000
        -2    1    3        -2    1    3        0.99999023  -0.00000000
        -1   -3    2        -2    1    3       -0.00000208   0.00000001
        -1   -3    2        -1   -3    2        0.99999020  -0.00000000
         1   -2    3        -1   -3    2        0.00000602  -0.00000000
         1   -2    3         1   -2    3        0.99999021   0.00000000
         2    3    5         1   -2    3        0.00000209  -0.00000001
         2    3    5         2    3    5        0.99999020   0.00000000
         3    2    5         2    3    5       -0.00000602  -0.00000000
         3    2    5         3    2    5        0.99999021  -0.00000000
        -5   -4   -4         3    2    5        0.00000020  -0.00000000
        -5   -4   -4        -5   -4   -4        0.99999010  -0.00000000
        -5   -1   -3        -5   -4   -4        0.00000176   0.00000001
        -5   -1   -3        -5   -1   -3        0.99999087  -0.00000000
        -4   -5   -4        -5   -1   -3       -0.00000132   0.00000000
        -4   -5   -4        -4   -5   -4        0.99999011  -0.00000000
        -4    1   -2        -4   -5   -4        0.00000083   0.00000000
        -4    1   -2        -4    1   -2        0.99999087  -0.00000000
        -1   -5   -3        -4    1   -2        0.00000127   0.00000000
        -1   -5   -3        -1   -5   -3        0.99999086   0.00000000
        -1    4    0        -1   -5   -3       -0.00000383   0.00000001
        -1    4    0        -1    4    0        0.99999010  -0.00000000
         1   -4   -2        -1    4    0        0.00000516   0.00000000
         1   -4   -2         1   -4   -2        0.99999088   0.00000000
         1    5    1         1   -4   -2       -0.00000383  -0.00000001
         1    5    1         1    5    1        0.99999010   0.00000000
         4   -1    0         1    5    1        0.00000106  -0.00000000
         4   -1    0         4   -1    0        0.99999012  -0.00000000
         4    5    2         4   -1    0        0.00000083  -0.00000000
         4    5    2         4    5    2        0.99999088  -0.00000000
         5    1    1         4    5    2       -0.00000163   0.00000000
         5    1    1         5    1    1        0.99999010   0.00000000
         5    4    2         5    1    1        0.00000176  -0.00000001
         5    4    2         5    4    2        0.99999088  -0.00000000
        -5   -2   -1         5    4    2       -0.00000253  -0.00000000
        -5   -2   -1        -5   -2   -1        0.99999072  -0.00000000
        -3    2    1        -5   -2   -1       -0.00000159  -0.00000000
        -3    2    1        -3    2    1        0.99999072  -0.00000000
        -2   -5   -1        -3    2    1       -0.00000119  -0.00000000
        -2   -5   -1        -2   -5   -1        0.99999071  -0.00000000
        -2    3    2        -2   -5   -1        0.00000078   0.00000000
        -2    3    2        -2    3    2        0.99999407  -0.00000000
         2    5    4        -2    3    2       -0.00000035  -0.00000000
         2    5    4         2    5    4        0.99999407   0.00000000
         3   -2    2         2    5    4       -0.00000078  -0.00000000
         3   -2    2         3   -2    2        0.99999408  -0.00000000
         5    2    4         3   -2    2       -0.00000035   0.00000000
         5    2    4         5    2    4        0.99999406  -0.00000000
        -2   -1    3         5    2    4        0.00000002  -0.00000000
        -2   -1    3        -2   -1    3        0.99999419  -0.00000000
        -1   -2    3        -2   -1    3       -0.00000425  -0.00000000
        -1   -2    3        -1   -2    3        0.99999418  -0.00000000
        -1    1    4        -1   -2    3        0.00000189   0.00000000
        -1    1    4        -1    1    4        0.99999419  -0.00000000
         1   -1    4        -1    1    4       -0.00000113  -0.00000000
         1   -1    4         1   -1    4        0.99999419   0.00000000
         1    2    5         1   -1    4        0.00000189  -0.00000000
         1    2    5         1    2    5        0.99999418   0.00000000
         2    1    5         1    2    5       -0.00000413  -0.00000000
         2    1    5         2    1    5        0.99999419   0.00000000
        -4    0    1         2    1    5       -0.00000072   0.00000000
        -4    0    1        -4    0    1        0.99999470  -0.00000000
         0   -4    1        -4    0    1       -0.00000017  -0.00000000
         0   -4    1         0   -4    1        0.99999470   0.00000000
         4    4    5         0   -4    1       -0.00000017  -0.00000000
         4    4    5         4    4    5        0.99999470  -0.00000000
        -4   -1   -5         4    4    5        0.00000057   0.00000000
        -4   -1   -5        -4   -1   -5        0.99999494   0.00000000
        -3    1   -4        -4   -1   -5        0.00000347   0.00000000
        -3    1   -4        -3    1   -4        0.99999494   0.00000000
        -1   -4   -5        -3    1   -4       -0.00000048  -0.00000000
        -1   -4   -5        -1   -4   -5        0.99999494  -0.00000000
         1   -3   -4        -1   -4   -5        0.00000348  -0.00000000
         1   -3   -4         1   -3   -4        0.99999493  -0.00000000
         3    4   -1         1   -3   -4       -0.00000049  -0.00000000
         3    4   -1         3    4   -1        0.99999494   0.00000000
         4    3   -1         3    4   -1       -0.00000347  -0.00000000
         4    3   -1         4    3   -1        0.99999494   0.00000000
        -5   -3   -5         4    3   -1        0.00000033  -0.00000000
        -5   -3   -5        -5   -3   -5        0.99999494   0.00000000
        -4   -2    1        -5   -3   -5        0.00000070   0.00000000
        -4   -2    1        -4   -2    1        0.99999513   0.00000000
        -3   -5   -5        -4   -2    1        0.00000010   0.00000000
        -3   -5   -5        -3   -5   -5        0.99999495  -0.00000000
        -2   -4    1        -3   -5   -5        0.00000070  -0.00000000
        -2   -4    1        -2   -4    1        0.99999513   0.00000000
        -2    2    3        -2   -4    1        0.00000068   0.00000000
        -2    2    3        -2    2    3        0.99999513  -0.00000000
        -2    3   -2        -2    2    3       -0.00000070  -0.00000000
        -2    3   -2        -2    3   -2        0.99999495   0.00000000
         2   -2    3        -2    3   -2       -0.00000217   0.00000000
         2   -2    3         2   -2    3        0.99999513   0.00000000
         2    4    5         2   -2    3        0.00000067  -0.00000000
         2    4    5         2    4    5        0.99999513   0.00000000
         2    5    0         2    4    5       -0.00000070   0.00000000
         2    5    0         2    5    0        0.99999495  -0.00000000
         3   -2   -2         2    5    0       -0.00000054  -0.00000000
         3   -2   -2         3   -2   -2        0.99999494  -0.00000000
         4    2    5         3   -2   -2       -0.00000011  -0.00000000
         4    2    5         4    2    5        0.99999513   0.00000000
         5    2    0         4    2    5       -0.00000070  -0.00000000
         5    2    0         5    2    0        0.99999495  -0.00000000
        -3   -2    2         5    2    0       -0.00000012  -0.00000000
        -3   -2    2        -3   -2    2        0.99999567   0.00000000


     q= 0.0000 0.0000 0.5000  nmtx=     568  nrk= 13

           independent matrix elements of chi       spin index= 1 1

          g          g**2          gp          gp**2          chi(g,gp)
    0    0   -1   0.28121         0    0   -1   0.28121       -0.0269327932  -0.0000000000
    0    0    0   0.28121         0    0   -1   0.28121        0.0079900739   0.0000000000
    0    0    0   0.28121         0    0    0   0.28121       -0.0269327932  -0.0000000000
    0    0    0   0.28121        -1   -1   -1   1.03109        0.0051498181   0.0000000242
    0    0    0   0.28121        -1    0   -1   1.03109        0.0016587628  -0.0000000165
    0    0    0   0.28121         0   -1   -1   1.03109        0.0016586940   0.0000000000
    0    0    0   0.28121         0    1    0   1.03109       -0.0051498373  -0.0000000000
    0    0    0   0.28121         1    0    0   1.03109       -0.0051499098   0.0000000242
    0    0    0   0.28121         1    1    0   1.03109       -0.0016587328  -0.0000000165
    0    0    0   0.28121        -1   -1   -2   1.78097       -0.0011036021  -0.0000000598
    0    0    0   0.28121        -1    0    0   1.78097       -0.0069226259  -0.0000000378
    0    0    0   0.28121         0   -1    0   1.78097       -0.0069225833  -0.0000000000
    0    0    0   0.28121         0    1   -1   1.78097        0.0011031129   0.0000000000
    0    0    0   0.28121         1    0   -1   1.78097        0.0011030346  -0.0000000598
    0    0    0   0.28121         1    1    1   1.78097        0.0069231436  -0.0000000378
    0    0    0   0.28121        -1   -1    0   2.53085       -0.0007067913  -0.0000000762
    0    0    0   0.28121        -1    0   -2   2.53085        0.0014678326   0.0000000685
    0    0    0   0.28121         0   -1   -2   2.53085        0.0014676347  -0.0000000000
    0    0    0   0.28121         0    0   -2   2.53085        0.0072724366  -0.0000000000
    0    0    0   0.28121         0    0    1   2.53085       -0.0059462571   0.0000000000
    0    0    0   0.28121         0    1    1   2.53085        0.0007072712  -0.0000000000
    0    0    0   0.28121         1    0    1   2.53085        0.0007070716  -0.0000000762
    0    0    0   0.28121         1    1   -1   2.53085       -0.0014680781   0.0000000685
    0    0    0   0.28121        -2   -1   -2   3.28073       -0.0000286683  -0.0000002653
    0    0    0   0.28121        -2   -1   -1   3.28073        0.0001873831   0.0000000753
    0    0    0   0.28121        -1   -2   -2   3.28073       -0.0000290235   0.0000002780
    0    0    0   0.28121        -1   -2   -1   3.28073        0.0001878624  -0.0000000409
    0    0    0   0.28121        -1    1   -1   3.28073        0.0000288201  -0.0000003127
    0    0    0   0.28121        -1    1    0   3.28073       -0.0001879451   0.0000001069
    0    0    0   0.28121         1   -1   -1   3.28073        0.0000284944   0.0000002780
    0    0    0   0.28121         1   -1    0   3.28073       -0.0001875470  -0.0000000409
    0    0    0   0.28121         1    2    0   3.28073       -0.0000283479  -0.0000003127
    0    0    0   0.28121         1    2    1   3.28073        0.0001878016   0.0000001069
    0    0    0   0.28121         1    2   -1   5.53037       -0.0000179768  -0.0000001467
    0    0    0   0.28121         1    2    2   5.53037       -0.0014304308  -0.0000000310
    0    0    0   0.28121         2    0   -1   5.53037        0.0009916085   0.0000000656
    0    0    0   0.28121         2    1   -1   5.53037       -0.0000182073   0.0000002047
    0    0    0   0.28121         2    1    2   5.53037       -0.0014299950   0.0000000989
    0    0    0   0.28121         2    2    2   5.53037       -0.0018654588   0.0000000924
    0    0    0   0.28121        -1   -1    1   6.28025        0.0014016870  -0.0000000269
    0    0    0   0.28121        -1    0   -3   6.28025       -0.0009926206   0.0000001126
    0    0    0   0.28121         0   -1   -3   6.28025       -0.0009928023   0.0000000000
    0    0    0   0.28121         0    1    2   6.28025       -0.0014015347  -0.0000000000
    0    0    0   0.28121         1    0    2   6.28025       -0.0014015817  -0.0000000269
    0    0    0   0.28121         1    1   -2   6.28025        0.0009927007   0.0000001125
    0    0    0   0.28121        -3   -2   -2   7.03013        0.0006717419   0.0000002690
    0    0    0   0.28121        -3   -1   -2   7.03013        0.0004827756   0.0000001622
    0    0    0   0.28121        -2   -3   -2   7.03013        0.0006707446  -0.0000002213
    0    0    0   0.28121        -2    1   -1   7.03013       -0.0004819840   0.0000001667
    0    0    0   0.28121        -1   -3   -2   7.03013        0.0004818536  -0.0000001900
    0    0    0   0.28121        -1    2    0   7.03013        0.0006705973  -0.0000001992
    0    0    0   0.28121         0    0   -3   7.03013        0.0000483781   0.0000000000
    0    0    0   0.28121         0    0    2   7.03013       -0.0017199828  -0.0000000000
    0    0    0   0.28121         1   -2   -1   7.03013       -0.0004827928  -0.0000001900
    0    0    0   0.28121         1    3    1   7.03013       -0.0006715213  -0.0000001992
    0    0    0   0.28121         2   -1    0   7.03013        0.0006715880   0.0000002213
    0    0    0   0.28121         2    3    1   7.03013       -0.0004829022  -0.0000001667
    0    0    0   0.28121         3    1    1   7.03013       -0.0006705645   0.0000002690
    0    0    0   0.28121         3    2    1   7.03013       -0.0004820426   0.0000001622
    0    0    0   0.28121        -3   -2   -3   7.78002        0.0005020777   0.0000001736
    0    0    0   0.28121        -3   -1   -1   7.78002        0.0000902852   0.0000002053
    0    0    0   0.28121        -2   -3   -3   7.78002        0.0005016673  -0.0000001872
    0    0    0   0.28121        -2   -2    0   7.78002       -0.0011430894  -0.0000000059
    0    0    0   0.28121        -2    0   -3   7.78002       -0.0001628081   0.0000000195
    0    0    0   0.28121        -2    1    0   7.78002       -0.0000897321   0.0000001856
    0    0    0   0.28121         0   -2    1   9.27978        0.0001987811   0.0000000000
    0    0    0   0.28121         0    2   -2   9.27978        0.0004614341   0.0000000000
    0    0    0   0.28121         0    3    0   9.27978       -0.0001319357   0.0000000000
    0    0    0   0.28121         0    3    1   9.27978       -0.0004883015   0.0000000000
    0    0    0   0.28121         2    0   -2   9.27978        0.0004614733   0.0000000312
    0    0    0   0.28121         2    2    3   9.27978        0.0001986238   0.0000000437
    0    0    0   0.28121         3    0    0   9.27978       -0.0001319325   0.0000000042
    0    0    0   0.28121         3    0    1   9.27978       -0.0004882950   0.0000000240
    0    0    0   0.28121         3    3    1   9.27978        0.0000486132  -0.0000000084
    0    0    0   0.28121         3    3    2   9.27978        0.0003502000  -0.0000000118
    0    0    0   0.28121        -2   -1   -4  10.02966        0.0003338141  -0.0000000444
    0    0    0   0.28121        -2   -1    1  10.02966        0.0001301272  -0.0000000533
    0    0    0   0.28121        -1   -2   -4  10.02966        0.0003337663  -0.0000000174
    0    0    0   0.28121        -1   -2    1  10.02966        0.0001302215   0.0000000472
    0    0    0   0.28121        -1   -1   -4  10.02966       -0.0000066574  -0.0000000049
    0    0    0   0.28121        -1    0    2  10.02966       -0.0000093994  -0.0000000153
    0    0    0   0.28121        -1    1   -3  10.02966       -0.0003338790   0.0000000224
    0    0    0   0.28121        -1    1    2  10.02966       -0.0001302040  -0.0000000306
    0    0    0   0.28121         0   -1    2  10.02966       -0.0000093773   0.0000000000
    0    0    0   0.28121         0    1   -3  10.02966        0.0000065560  -0.0000000000
    0    0    0   0.28121         1   -1   -3  10.02966       -0.0003340305  -0.0000000174
    0    0    0   0.28121         1   -1    2  10.02966       -0.0001301097   0.0000000472
    0    0    0   0.28121         1    0   -3  10.02966        0.0000065273  -0.0000000049
    0    0    0   0.28121         1    1    3  10.02966        0.0000093912  -0.0000000153
    0    0    0   0.28121         1    2   -2  10.02966        0.0003338886   0.0000000224
    0    0    0   0.28121         1    2    3  10.02966        0.0001300786  -0.0000000306
    0    0    0   0.28121         2    1   -2  10.02966        0.0003338566   0.0000000444
    0    0    0   0.28121         2    1    3  10.02966        0.0001301868   0.0000000533
    0    0    0   0.28121        -3   -2   -4  10.77954       -0.0000200295   0.0000000433
    0    0    0   0.28121        -3   -1    0  10.77954       -0.0003985235   0.0000000238
    0    0    0   0.28121        -2   -3   -4  10.77954       -0.0000200469  -0.0000000362
    0    0    0   0.28121        -2    1    1  10.77954        0.0003985704   0.0000000164
    0    0    0   0.28121        -1    0   -4  12.27930       -0.0000095124   0.0000000113
    0    0    0   0.28121        -1    2    2  12.27930       -0.0002737941  -0.0000000431
    0    0    0   0.28121         0   -1   -4  12.27930       -0.0000095204   0.0000000000
    0    0    0   0.28121         0    1    3  12.27930       -0.0003710615  -0.0000000000
    0    0    0   0.28121         1   -2   -3  12.27930       -0.0000758597  -0.0000000354
    0    0    0   0.28121         1    0    3  12.27930       -0.0003710657  -0.0000000058
    0    0    0   0.28121         1    1   -3  12.27930        0.0000094805   0.0000000113
    0    0    0   0.28121         1    3    3  12.27930        0.0002736937  -0.0000000431
    0    0    0   0.28121         2   -2   -1  12.27930        0.0000527555  -0.0000000346
    0    0    0   0.28121         2   -2    0  12.27930        0.0001775091   0.0000000056
    0    0    0   0.28121         2   -1    2  12.27930       -0.0002737291   0.0000000577
    0    0    0   0.28121         2    3   -1  12.27930       -0.0000758049  -0.0000000334
    0    0    0   0.28121         2    4    1  12.27930        0.0000527878  -0.0000000387
    0    0    0   0.28121         2    4    2  12.27930        0.0001774625   0.0000000018
    0    0    0   0.28121         3    1    3  12.27930        0.0002737553   0.0000000504
    0    0    0   0.28121         3    2   -1  12.27930       -0.0000757486   0.0000000174
    0    0    0   0.28121         4    2    1  12.27930        0.0000528743   0.0000000207
    0    0    0   0.28121         4    2    2  12.27930        0.0001772925  -0.0000000272
    0    0    0   0.28121        -4   -3   -3  13.02918       -0.0000100363  -0.0000000716
    0    0    0   0.28121        -4   -1   -2  13.02918        0.0001286505   0.0000000622
    0    0    0   0.28121        -3   -4   -3  13.02918       -0.0000098546   0.0000000691
    0    0    0   0.28121        -3    1   -1  13.02918       -0.0001285045   0.0000000479
    0    0    0   0.28121        -2   -2    1  13.02918       -0.0001521507   0.0000000015
    0    0    0   0.28121        -2    0   -4  13.02918        0.0001744051  -0.0000000095
    0    0    0   0.28121        -1   -4   -2  13.02918        0.0001284422  -0.0000000581
    0    0    0   0.28121        -1    3    0  13.02918        0.0000098196  -0.0000000657
    0    0    0   0.28121         0   -2   -4  13.02918        0.0001744245  -0.0000000000
    0    0    0   0.28121         0    2    3  13.02918       -0.0001521404  -0.0000000000
    0    0    0   0.28121         1   -3   -1  13.02918       -0.0001286816  -0.0000000581
    0    0    0   0.28121         1    4    1  13.02918       -0.0000099574  -0.0000000657
    0    0    0   0.28121         2    0    3  13.02918       -0.0001521346  -0.0000000015
    0    0    0   0.28121         2    2   -2  13.02918        0.0001744266   0.0000000095
    0    0    0   0.28121         2   -2   -2  14.52894       -0.0000847790  -0.0000000429
    0    0    0   0.28121         2   -2    1  14.52894        0.0001100197   0.0000000523
    0    0    0   0.28121         2    4    0  14.52894       -0.0000846903  -0.0000000407
    0    0    0   0.28121         2    4    3  14.52894        0.0001100191   0.0000000478
    0    0    0   0.28121         3   -1   -1  14.52894        0.0000921126   0.0000000478
    0    0    0   0.28121         3    4    3  14.52894        0.0000746827   0.0000000532
    0    0    0   0.28121         4    1    0  14.52894       -0.0000919680   0.0000000458
    0    0    0   0.28121         4    2    0  14.52894       -0.0000845991   0.0000000329
    0    0    0   0.28121         4    2    3  14.52894        0.0001098658  -0.0000000589
    0    0    0   0.28121         4    3    3  14.52894        0.0000745769  -0.0000000618
    0    0    0   0.28121        -2   -2   -5  15.27882       -0.0000861096  -0.0000000035
    0    0    0   0.28121        -2    0    2  15.27882        0.0001412631  -0.0000000101
    0    0    0   0.28121         0   -2    2  15.27882        0.0001412705  -0.0000000000
    0    0    0   0.28121         0    2   -3  15.27882       -0.0000861516  -0.0000000000
    0    0    0   0.28121         2    0   -3  15.27882       -0.0000861575   0.0000000035
    0    0    0   0.28121         2    2    4  15.27882        0.0001412444   0.0000000101
    0    0    0   0.28121        -4   -4   -3  16.02871       -0.0000110233  -0.0000000064
    0    0    0   0.28121        -4    0   -2  16.02871        0.0000004061  -0.0000000015
    0    0    0   0.28121        -3   -3   -5  16.02871       -0.0001010541   0.0000000071
    0    0    0   0.28121        -3   -3    0  16.02871       -0.0000545314  -0.0000000026
    0    0    0   0.28121        -3   -2   -5  16.02871       -0.0001330656   0.0000000039
    0    0    0   0.28121        -3   -1    1  16.02871       -0.0000814229  -0.0000000105
    0    0    0   0.28121        -3    0   -4  16.02871        0.0000466652  -0.0000000050
    0    0    0   0.28121        -3    0    1  16.02871       -0.0000605275  -0.0000000057
    0    0    0   0.28121        -2   -3   -5  16.02871       -0.0001330526   0.0000000054
    0    0    0   0.28121        -2    1    2  16.02871        0.0000813978  -0.0000000140
    0    0    0   0.28121        -1   -3    1  16.02871       -0.0000813988   0.0000000136
    0    0    0   0.28121        -1    2   -3  16.02871       -0.0001331166   0.0000000052
    0    0    0   0.28121         0   -4   -2  16.02871        0.0000003946  -0.0000000000
    0    0    0   0.28121         0   -3   -4  16.02871        0.0000466600   0.0000000000
    0    0    0   0.28121         0   -3    1  16.02871       -0.0000605334   0.0000000000
    0    0    0   0.28121         0    3   -2  16.02871        0.0001010908  -0.0000000000
    0    0    0   0.28121         1   -1    3  16.77859       -0.0001763062   0.0000000069
    0    0    0   0.28121         1    2   -3  16.77859       -0.0000311992   0.0000000064
    0    0    0   0.28121         1    2    4  16.77859        0.0001762912  -0.0000000018
    0    0    0   0.28121         1    4    3  16.77859        0.0001002637  -0.0000000016
    0    0    0   0.28121         2    1   -3  16.77859       -0.0000312013   0.0000000060
    0    0    0   0.28121         2    1    4  16.77859        0.0001762995   0.0000000082
    0    0    0   0.28121         3   -1    2  16.77859       -0.0001002651   0.0000000073
    0    0    0   0.28121         3    4    0  16.77859       -0.0000503041  -0.0000000084
    0    0    0   0.28121         4    0    0  16.77859       -0.0000234690   0.0000000030
    0    0    0   0.28121         4    1    3  16.77859        0.0001002333  -0.0000000037
    0    0    0   0.28121         4    3    0  16.77859       -0.0000503038  -0.0000000002
    0    0    0   0.28121         4    4    3  16.77859       -0.0000059129   0.0000000024
    0    0    0   0.28121        -4   -4   -2  17.52847        0.0000625402   0.0000000009
    0    0    0   0.28121        -4    0   -3  17.52847       -0.0000057862   0.0000000017
    0    0    0   0.28121        -1   -1   -5  17.52847        0.0000243437  -0.0000000035
    0    0    0   0.28121        -1    0    3  17.52847       -0.0001885749  -0.0000000009
    0    0    0   0.28121         0   -4   -3  17.52847       -0.0000057985  -0.0000000000
    0    0    0   0.28121         0   -1    3  17.52847       -0.0001885716   0.0000000000
    0    0    0   0.28121         0    1   -4  17.52847       -0.0000243582  -0.0000000000
    0    0    0   0.28121         0    4    2  17.52847        0.0000626060  -0.0000000000
    0    0    0   0.28121         1    0   -4  17.52847       -0.0000243667  -0.0000000035
    0    0    0   0.28121         1    1    4  17.52847        0.0001885645  -0.0000000009
    0    0    0   0.28121         4    0    2  17.52847        0.0000626081  -0.0000000009
    0    0    0   0.28121         4    4    1  17.52847       -0.0000057847  -0.0000000017
    0    0    0   0.28121        -4   -3   -5  18.27835        0.0000231077  -0.0000000099
    0    0    0   0.28121        -4   -1    0  18.27835       -0.0000071482   0.0000000202
    0    0    0   0.28121        -3   -4   -5  18.27835        0.0000231438   0.0000000133
    0    0    0   0.28121        -3   -2    1  18.27835       -0.0000939362   0.0000000028
    0    0    0   0.28121        -3   -1   -5  18.27835       -0.0001002170   0.0000000015
    0    0    0   0.28121        -3    1    1  18.27835        0.0000071916   0.0000000153
    0    0    0   0.28121        -2   -3    1  18.27835       -0.0000939374  -0.0000000030
    0    0    0   0.28121        -2    1   -4  18.27835        0.0001002355   0.0000000001
    0    0    0   0.28121         2    4    4  19.02823       -0.0000072942   0.0000000258
    0    0    0   0.28121         2    5    2  19.02823       -0.0000212427   0.0000000316
    0    0    0   0.28121         3   -2    0  19.02823       -0.0000212211   0.0000000332
    0    0    0   0.28121         3    5    2  19.02823       -0.0000240996   0.0000000403
    0    0    0   0.28121         4    2   -1  19.02823       -0.0000135351   0.0000000134
    0    0    0   0.28121         4    2    4  19.02823       -0.0000073412  -0.0000000268
    0    0    0   0.28121         5    2    2  19.02823       -0.0000213361  -0.0000000388
    0    0    0   0.28121         5    3    2  19.02823       -0.0000241753  -0.0000000391
    0    0    0   0.28121        -5   -3   -4  19.77811        0.0000135002  -0.0000000149
    0    0    0   0.28121        -5   -2   -2  19.77811        0.0000165748  -0.0000000237
    0    0    0   0.28121        -4   -4   -5  19.77811        0.0000447850   0.0000000003
    0    0    0   0.28121        -4    0    0  19.77811       -0.0000143979   0.0000000003
    0    0    0   0.28121        -3   -5   -4  19.77811        0.0000135501   0.0000000105
    0    0    0   0.28121        -3    2    0  19.77811        0.0000166129   0.0000000284
    0    0    0   0.28121        -2   -5   -2  19.77811        0.0000165913   0.0000000294
    0    0    0   0.28121        -2    3   -1  19.77811       -0.0000135298  -0.0000000071
    0    0    0   0.28121         0   -4    0  19.77811       -0.0000144004   0.0000000000
    0    0    0   0.28121         0    4   -1  19.77811        0.0000447814   0.0000000000
    0    0    0   0.28121         2   -3    0  19.77811        0.0000165947  -0.0000000294
    0    0    0   0.28121         2    5    1  19.77811       -0.0000134902   0.0000000071
    0    0    0   0.28121         3   -2   -1  19.77811       -0.0000134888   0.0000000105
    0    0    0   0.28121         3    5    3  19.77811       -0.0000165955   0.0000000284
    0    0    0   0.28121         4    0   -1  19.77811        0.0000447847  -0.0000000003
    0    0    0   0.28121         4    4    4  19.77811       -0.0000144268  -0.0000000003
    0    0    0   0.28121         5    2    1  19.77811       -0.0000135309  -0.0000000149
    0    0    0   0.28121         5    3    3  19.77811       -0.0000166141  -0.0000000237
    0    0    0   0.28121        -5   -3   -2  20.52799        0.0000353000  -0.0000000346
    0    0    0   0.28121        -5   -2   -4  20.52799        0.0000237926  -0.0000000265
    0    0    0   0.28121        -3   -5   -2  20.52799        0.0000353522   0.0000000369
    0    0    0   0.28121        -3    2   -2  20.52799        0.0000238129   0.0000000225
    0    0    0   0.28121        -2   -5   -4  20.52799        0.0000238573   0.0000000254
    0    0    0   0.28121        -2   -2    2  20.52799        0.0000744912   0.0000000021
    0    0    0   0.28121         0   -4   -4  21.27787       -0.0000475973  -0.0000000000
    0    0    0   0.28121         0    4    3  21.27787        0.0000523283  -0.0000000000
    0    0    0   0.28121         1   -4   -2  21.27787       -0.0000000329   0.0000000089
    0    0    0   0.28121         1   -4   -1  21.27787        0.0000122093  -0.0000000010
    0    0    0   0.28121         1    5    1  21.27787        0.0000111129  -0.0000000109
    0    0    0   0.28121         1    5    2  21.27787        0.0000028048   0.0000000008
    0    0    0   0.28121         4   -1    0  21.27787       -0.0000110971   0.0000000102
    0    0    0   0.28121         4   -1    1  21.27787       -0.0000028033   0.0000000015
    0    0    0   0.28121         4    0    3  21.27787        0.0000523237  -0.0000000035
    0    0    0   0.28121         4    4    0  21.27787       -0.0000475812  -0.0000000021
    0    0    0   0.28121         4    5    2  21.27787       -0.0000000607   0.0000000121
    0    0    0   0.28121         4    5    3  21.27787        0.0000121825   0.0000000007
    0    0    0   0.28121         5    1    1  21.27787        0.0000111183   0.0000000084
    0    0    0   0.28121         5    1    2  21.27787        0.0000027810  -0.0000000058
    0    0    0   0.28121         5    4    2  21.27787       -0.0000000685  -0.0000000057
    0    0    0   0.28121         5    4    3  21.27787        0.0000122019   0.0000000042
    0    0    0   0.28121        -4   -3    0  22.02775        0.0000107762   0.0000000069
    0    0    0   0.28121        -4   -1   -5  22.02775       -0.0000332083  -0.0000000042
    0    0    0   0.28121        -3   -4    0  22.02775        0.0000107659  -0.0000000084
    0    0    0   0.28121        -3    1   -4  22.02775        0.0000332182  -0.0000000073
    0    0    0   0.28121        -1   -4   -5  22.02775       -0.0000332006   0.0000000055
    0    0    0   0.28121        -1    3    3  22.02775       -0.0000107500   0.0000000085
    0    0    0   0.28121         1   -3   -4  22.02775        0.0000332238   0.0000000055
    0    0    0   0.28121         1    4    4  22.02775        0.0000107652   0.0000000085
    0    0    0   0.28121         3   -1    3  22.02775       -0.0000107622  -0.0000000084
    0    0    0   0.28121         3    4   -1  22.02775       -0.0000332017  -0.0000000073
    0    0    0   0.28121         4    1    4  22.02775        0.0000107485  -0.0000000069
    0    0    0   0.28121         4    3   -1  22.02775       -0.0000331974   0.0000000042
    0    0    0   0.28121        -5   -3   -5  22.77763        0.0000323038   0.0000000061
    0    0    0   0.28121        -5   -2   -1  22.77763        0.0000022995   0.0000000002
    0    0    0   0.28121        -3   -5   -5  22.77763        0.0000323104  -0.0000000047
    0    0    0   0.28121        -3   -3   -6  22.77763        0.0000498881   0.0000000023
    0    0    0   0.28121        -2   -3   -6  23.52752        0.0000069676   0.0000000031
    0    0    0   0.28121        -2   -2   -6  23.52752       -0.0000385957  -0.0000000000
    0    0    0   0.28121        -2    0    3  23.52752       -0.0000122040  -0.0000000029
    0    0    0   0.28121        -2    1    3  23.52752       -0.0000214035  -0.0000000041
    0    0    0   0.28121        -1   -5   -4  23.52752        0.0000103232   0.0000000093
    0    0    0   0.28121        -1   -5   -1  23.52752       -0.0000041125  -0.0000000095
    0    0    0   0.28121        -1   -3    2  23.52752        0.0000213950   0.0000000046
    0    0    0   0.28121        -1    2   -4  23.52752        0.0000069523   0.0000000029
    0    0    0   0.28121        -1    4   -1  23.52752        0.0000013580  -0.0000000090
    0    0    0   0.28121        -1    4    2  23.52752        0.0000214915   0.0000000097
    0    0    0   0.28121         0   -2    3  23.52752       -0.0000121992  -0.0000000000
    0    0    0   0.28121         0    2   -4  23.52752       -0.0000386106  -0.0000000000
    0    0    0   0.28121         1   -4   -3  23.52752       -0.0000102985   0.0000000093
    0    0    0   0.28121         1   -4    0  23.52752        0.0000040826  -0.0000000095
    0    0    0   0.28121         1   -2    3  23.52752       -0.0000213923   0.0000000046
    0    0    0   0.28121         1    3   -3  23.52752       -0.0000069565   0.0000000029
    0    0    0   0.28121         1    5    0  23.52752       -0.0000013522  -0.0000000090
    0    0    0   0.28121         1    5    3  23.52752       -0.0000214781   0.0000000097
    0    0    0   0.28121         2   -1   -4  23.52752        0.0000069448  -0.0000000031
    0    0    0   0.28121         2    0   -4  23.52752       -0.0000386144   0.0000000000
    0    0    0   0.28121         2    2    5  23.52752       -0.0000121958   0.0000000029
    0    0    0   0.28121         2    3    5  23.52752       -0.0000213804   0.0000000041
    0    0    0   0.28121         3    1   -3  23.52752       -0.0000069558  -0.0000000005
    0    0    0   0.28121         3    2    5  23.52752       -0.0000213870  -0.0000000021
    0    0    0   0.28121         4   -1   -1  23.52752        0.0000013712   0.0000000070
    0    0    0   0.28121         4   -1    2  23.52752        0.0000214756  -0.0000000088
    0    0    0   0.28121         4    5    1  23.52752       -0.0000103182   0.0000000104
    0    0    0   0.28121         4    5    4  23.52752        0.0000040584  -0.0000000099
    0    0    0   0.28121         5    1    0  23.52752       -0.0000013387   0.0000000105
    0    0    0   0.28121         5    1    3  23.52752       -0.0000215004  -0.0000000105
    0    0    0   0.28121         5    4    1  23.52752       -0.0000103304  -0.0000000090
    0    0    0   0.28121         5    4    4  23.52752        0.0000040795   0.0000000081
   -1   -1   -1   1.03109        -1   -1   -1   1.03109       -0.0365898592   0.0000000000
   -1    0   -1   1.03109        -1    0   -1   1.03109       -0.0365935535  -0.0000000000
    0   -1   -1   1.03109         0   -1   -1   1.03109       -0.0365923359  -0.0000000000
    0    1    0   1.03109         0    1    0   1.03109       -0.0365923359  -0.0000000000
    1    0    0   1.03109         1    0    0   1.03109       -0.0365935058  -0.0000000000
    1    1    0   1.03109         1    1    0   1.03109       -0.0365898115   0.0000000000
   -1   -1   -2   1.78097        -1   -1   -2   1.78097       -0.0316764513   0.0000000000
   -1    0    0   1.78097        -1    0    0   1.78097       -0.0316762723   0.0000000000
    0   -1    0   1.78097         0   -1    0   1.78097       -0.0316804208   0.0000000000
    0    1   -1   1.78097         0    1   -1   1.78097       -0.0316804208  -0.0000000000
    1    0   -1   1.78097         1    0   -1   1.78097       -0.0316874681   0.0000000000
    1    1    1   1.78097         1    1    1   1.78097       -0.0316876471   0.0000000000
   -1   -1    0   2.53085        -1   -1    0   2.53085       -0.0263756543   0.0000000000
   -1    0   -2   2.53085        -1    0   -2   2.53085       -0.0263753733  -0.0000000000
    0   -1   -2   2.53085         0   -1   -2   2.53085       -0.0263786979   0.0000000000
    0    0   -2   2.53085         0    0   -2   2.53085       -0.0262638360  -0.0000000000
    0    0    1   2.53085         0    0    1   2.53085       -0.0262638360  -0.0000000000
    0    1    1   2.53085         0    1    1   2.53085       -0.0263786979   0.0000000000
    1    0    1   2.53085         1    0    1   2.53085       -0.0263822782   0.0000000000
    1    1   -1   2.53085         1    1   -1   2.53085       -0.0263825591   0.0000000000
   -2   -1   -2   3.28073        -2   -1   -2   3.28073       -0.0208777846  -0.0000000000
   -2   -1   -1   3.28073        -2   -1   -1   3.28073       -0.0208757922  -0.0000000000
   -1   -2   -2   3.28073        -1   -2   -2   3.28073       -0.0208817786   0.0000000000
   -1   -2   -1   3.28073        -1   -2   -1   3.28073       -0.0208759247   0.0000000000
   -1    1   -1   3.28073        -1    1   -1   3.28073       -0.0208791998   0.0000000000
   -1    1    0   3.28073        -1    1    0   3.28073       -0.0208790916  -0.0000000000
    1   -1   -1   3.28073         1   -1   -1   3.28073       -0.0208793852  -0.0000000000
    1   -1    0   3.28073         1   -1    0   3.28073       -0.0208796394  -0.0000000000
    1    2    0   3.28073         1    2    0   3.28073       -0.0208763642   0.0000000000
    1    2    1   3.28073         1    2    1   3.28073       -0.0208820722  -0.0000000000
    1    2   -1   5.53037         1    2   -1   5.53037       -0.0060746511  -0.0000000000
    1    2    2   5.53037         1    2    2   5.53037       -0.0060770840  -0.0000000000
    2    0   -1   5.53037         2    0   -1   5.53037       -0.0061500624  -0.0000000000
    2    1   -1   5.53037         2    1   -1   5.53037       -0.0060814019  -0.0000000000
    2    1    2   5.53037         2    1    2   5.53037       -0.0060802524  -0.0000000000
    2    2    2   5.53037         2    2    2   5.53037       -0.0061497122  -0.0000000000
   -1   -1    1   6.28025        -1   -1    1   6.28025       -0.0037881113  -0.0000000000
   -1    0   -3   6.28025        -1    0   -3   6.28025       -0.0037880675  -0.0000000000
    0   -1   -3   6.28025         0   -1   -3   6.28025       -0.0037894037   0.0000000000
    0    1    2   6.28025         0    1    2   6.28025       -0.0037894037  -0.0000000000
    1    0    2   6.28025         1    0    2   6.28025       -0.0037898171   0.0000000000
    1    1   -2   6.28025         1    1   -2   6.28025       -0.0037898609   0.0000000000
   -3   -2   -2   7.03013        -3   -2   -2   7.03013       -0.0024029072   0.0000000000
   -3   -1   -2   7.03013        -3   -1   -2   7.03013       -0.0024051623   0.0000000000
   -2   -3   -2   7.03013        -2   -3   -2   7.03013       -0.0024028767   0.0000000000
   -2    1   -1   7.03013        -2    1   -1   7.03013       -0.0024048201   0.0000000000
   -1   -3   -2   7.03013        -1   -3   -2   7.03013       -0.0024057462  -0.0000000000
   -1    2    0   7.03013        -1    2    0   7.03013       -0.0024034515   0.0000000000
    0    0   -3   7.03013         0    0   -3   7.03013       -0.0022492492   0.0000000000
    0    0    2   7.03013         0    0    2   7.03013       -0.0022492492   0.0000000000
    1   -2   -1   7.03013         1   -2   -1   7.03013       -0.0024031599   0.0000000000
    1    3    1   7.03013         1    3    1   7.03013       -0.0024054547  -0.0000000000
    2   -1    0   7.03013         2   -1    0   7.03013       -0.0024044986   0.0000000000
    2    3    1   7.03013         2    3    1   7.03013       -0.0024025553   0.0000000000
    3    1    1   7.03013         3    1    1   7.03013       -0.0024052838   0.0000000000
    3    2    1   7.03013         3    2    1   7.03013       -0.0024030287   0.0000000000
   -3   -2   -3   7.78002        -3   -2   -3   7.78002       -0.0014519263  -0.0000000000
   -3   -1   -1   7.78002        -3   -1   -1   7.78002       -0.0014504628   0.0000000000
   -2   -3   -3   7.78002        -2   -3   -3   7.78002       -0.0014533147   0.0000000000
   -2   -2    0   7.78002        -2   -2    0   7.78002       -0.0014316542  -0.0000000000
   -2    0   -3   7.78002        -2    0   -3   7.78002       -0.0014313066  -0.0000000000
   -2    1    0   7.78002        -2    1    0   7.78002       -0.0014515722   0.0000000000
    0   -2    1   9.27978         0   -2    1   9.27978       -0.0006453427   0.0000000000
    0    2   -2   9.27978         0    2   -2   9.27978       -0.0006453427  -0.0000000000
    0    3    0   9.27978         0    3    0   9.27978       -0.0005787498  -0.0000000000
    0    3    1   9.27978         0    3    1   9.27978       -0.0006036361   0.0000000000
    2    0   -2   9.27978         2    0   -2   9.27978       -0.0006460749   0.0000000000
    2    2    3   9.27978         2    2    3   9.27978       -0.0006454426  -0.0000000000
    3    0    0   9.27978         3    0    0   9.27978       -0.0005784594   0.0000000000
    3    0    1   9.27978         3    0    1   9.27978       -0.0006036072   0.0000000000
    3    3    1   9.27978         3    3    1   9.27978       -0.0006032893  -0.0000000000
    3    3    2   9.27978         3    3    2   9.27978       -0.0005782064  -0.0000000000
   -2   -1   -4  10.02966        -2   -1   -4  10.02966       -0.0004303973  -0.0000000000
   -2   -1    1  10.02966        -2   -1    1  10.02966       -0.0004307859   0.0000000000
   -1   -2   -4  10.02966        -1   -2   -4  10.02966       -0.0004310146  -0.0000000000
   -1   -2    1  10.02966        -1   -2    1  10.02966       -0.0004307804  -0.0000000000
   -1   -1   -4  10.02966        -1   -1   -4  10.02966       -0.0004186628  -0.0000000000
   -1    0    2  10.02966        -1    0    2  10.02966       -0.0004190108  -0.0000000000
   -1    1   -3  10.02966        -1    1   -3  10.02966       -0.0004308541   0.0000000000
   -1    1    2  10.02966        -1    1    2  10.02966       -0.0004309964   0.0000000000
    0   -1    2  10.02966         0   -1    2  10.02966       -0.0004187504  -0.0000000000
    0    1   -3  10.02966         0    1   -3  10.02966       -0.0004187504   0.0000000000
    1   -1   -3  10.02966         1   -1   -3  10.02966       -0.0004310657  -0.0000000000
    1   -1    2  10.02966         1   -1    2  10.02966       -0.0004310259   0.0000000000
    1    0   -3  10.02966         1    0   -3  10.02966       -0.0004188941   0.0000000000
    1    1    3  10.02966         1    1    3  10.02966       -0.0004185461  -0.0000000000
    1    2   -2  10.02966         1    2   -2  10.02966       -0.0004309523   0.0000000000
    1    2    3  10.02966         1    2    3  10.02966       -0.0004310838  -0.0000000000
    2    1   -2  10.02966         2    1   -2  10.02966       -0.0004315868   0.0000000000
    2    1    3  10.02966         2    1    3  10.02966       -0.0004311982   0.0000000000
   -3   -2   -4  10.77954        -3   -2   -4  10.77954       -0.0002996910  -0.0000000000
   -3   -1    0  10.77954        -3   -1    0  10.77954       -0.0002997371  -0.0000000000
   -2   -3   -4  10.77954        -2   -3   -4  10.77954       -0.0002997629  -0.0000000000
   -2    1    1  10.77954        -2    1    1  10.77954       -0.0002997646  -0.0000000000
   -1    0   -4  12.27930        -1    0   -4  12.27930       -0.0001643747   0.0000000000
   -1    2    2  12.27930        -1    2    2  12.27930       -0.0001499743   0.0000000000
    0   -1   -4  12.27930         0   -1   -4  12.27930       -0.0001643481   0.0000000000
    0    1    3  12.27930         0    1    3  12.27930       -0.0001643481  -0.0000000000
    1   -2   -3  12.27930         1   -2   -3  12.27930       -0.0001501461   0.0000000000
    1    0    3  12.27930         1    0    3  12.27930       -0.0001643417   0.0000000000
    1    1   -3  12.27930         1    1   -3  12.27930       -0.0001642786   0.0000000000
    1    3    3  12.27930         1    3    3  12.27930       -0.0001502073   0.0000000000
    2   -2   -1  12.27930         2   -2   -1  12.27930       -0.0001732378   0.0000000000
    2   -2    0  12.27930         2   -2    0  12.27930       -0.0001732756  -0.0000000000
    2   -1    2  12.27930         2   -1    2  12.27930       -0.0001501015   0.0000000000
    2    3   -1  12.27930         2    3   -1  12.27930       -0.0001501082   0.0000000000
    2    4    1  12.27930         2    4    1  12.27930       -0.0001731276  -0.0000000000
    2    4    2  12.27930         2    4    2  12.27930       -0.0001735468   0.0000000000
    3    1    3  12.27930         3    1    3  12.27930       -0.0001501411   0.0000000000
    3    2   -1  12.27930         3    2   -1  12.27930       -0.0001501048  -0.0000000000
    4    2    1  12.27930         4    2    1  12.27930       -0.0001732807   0.0000000000
    4    2    2  12.27930         4    2    2  12.27930       -0.0001735306  -0.0000000000
   -4   -3   -3  13.02918        -4   -3   -3  13.02918       -0.0001236048   0.0000000000
   -4   -1   -2  13.02918        -4   -1   -2  13.02918       -0.0001236710  -0.0000000000
   -3   -4   -3  13.02918        -3   -4   -3  13.02918       -0.0001236631   0.0000000000
   -3    1   -1  13.02918        -3    1   -1  13.02918       -0.0001236327   0.0000000000
   -2   -2    1  13.02918        -2   -2    1  13.02918       -0.0001152882  -0.0000000000
   -2    0   -4  13.02918        -2    0   -4  13.02918       -0.0001152327   0.0000000000
   -1   -4   -2  13.02918        -1   -4   -2  13.02918       -0.0001238341  -0.0000000000
   -1    3    0  13.02918        -1    3    0  13.02918       -0.0001237195   0.0000000000
    0   -2   -4  13.02918         0   -2   -4  13.02918       -0.0001154315   0.0000000000
    0    2    3  13.02918         0    2    3  13.02918       -0.0001154315   0.0000000000
    1   -3   -1  13.02918         1   -3   -1  13.02918       -0.0001235458   0.0000000000
    1    4    1  13.02918         1    4    1  13.02918       -0.0001236604  -0.0000000000
    2    0    3  13.02918         2    0    3  13.02918       -0.0001153987   0.0000000000
    2    2   -2  13.02918         2    2   -2  13.02918       -0.0001154542  -0.0000000000
    2   -2   -2  14.52894         2   -2   -2  14.52894       -0.0000701403  -0.0000000000
    2   -2    1  14.52894         2   -2    1  14.52894       -0.0000701433   0.0000000000
    2    4    0  14.52894         2    4    0  14.52894       -0.0000700907   0.0000000000
    2    4    3  14.52894         2    4    3  14.52894       -0.0000701839  -0.0000000000
    3   -1   -1  14.52894         3   -1   -1  14.52894       -0.0000779599  -0.0000000000
    3    4    3  14.52894         3    4    3  14.52894       -0.0000779975  -0.0000000000
    4    1    0  14.52894         4    1    0  14.52894       -0.0000779574   0.0000000000
    4    2    0  14.52894         4    2    0  14.52894       -0.0000700290   0.0000000000
    4    2    3  14.52894         4    2    3  14.52894       -0.0000700760  -0.0000000000
    4    3    3  14.52894         4    3    3  14.52894       -0.0000779995  -0.0000000000
   -2   -2   -5  15.27882        -2   -2   -5  15.27882       -0.0000613652  -0.0000000000
   -2    0    2  15.27882        -2    0    2  15.27882       -0.0000614168  -0.0000000000
    0   -2    2  15.27882         0   -2    2  15.27882       -0.0000613894  -0.0000000000
    0    2   -3  15.27882         0    2   -3  15.27882       -0.0000613894   0.0000000000
    2    0   -3  15.27882         2    0   -3  15.27882       -0.0000614133  -0.0000000000
    2    2    4  15.27882         2    2    4  15.27882       -0.0000613616   0.0000000000
   -4   -4   -3  16.02871        -4   -4   -3  16.02871       -0.0000445933  -0.0000000000
   -4    0   -2  16.02871        -4    0   -2  16.02871       -0.0000445734   0.0000000000
   -3   -3   -5  16.02871        -3   -3   -5  16.02871       -0.0000461074   0.0000000000
   -3   -3    0  16.02871        -3   -3    0  16.02871       -0.0000393976   0.0000000000
   -3   -2   -5  16.02871        -3   -2   -5  16.02871       -0.0000456794   0.0000000000
   -3   -1    1  16.02871        -3   -1    1  16.02871       -0.0000456836   0.0000000000
   -3    0   -4  16.02871        -3    0   -4  16.02871       -0.0000394460   0.0000000000
   -3    0    1  16.02871        -3    0    1  16.02871       -0.0000461170   0.0000000000
   -2   -3   -5  16.02871        -2   -3   -5  16.02871       -0.0000457260   0.0000000000
   -2    1    2  16.02871        -2    1    2  16.02871       -0.0000457214   0.0000000000
   -1   -3    1  16.02871        -1   -3    1  16.02871       -0.0000457181   0.0000000000
   -1    2   -3  16.02871        -1    2   -3  16.02871       -0.0000457174   0.0000000000
    0   -4   -2  16.02871         0   -4   -2  16.02871       -0.0000445826  -0.0000000000
    0   -3   -4  16.02871         0   -3   -4  16.02871       -0.0000395149   0.0000000000
    0   -3    1  16.02871         0   -3    1  16.02871       -0.0000461574   0.0000000000
    0    3   -2  16.02871         0    3   -2  16.02871       -0.0000461574  -0.0000000000
    1   -1    3  16.77859         1   -1    3  16.77859       -0.0000362929   0.0000000000
    1    2   -3  16.77859         1    2   -3  16.77859       -0.0000363035  -0.0000000000
    1    2    4  16.77859         1    2    4  16.77859       -0.0000363103  -0.0000000000
    1    4    3  16.77859         1    4    3  16.77859       -0.0000328894   0.0000000000
    2    1   -3  16.77859         2    1   -3  16.77859       -0.0000363180   0.0000000000
    2    1    4  16.77859         2    1    4  16.77859       -0.0000362895   0.0000000000
    3   -1    2  16.77859         3   -1    2  16.77859       -0.0000328372  -0.0000000000
    3    4    0  16.77859         3    4    0  16.77859       -0.0000328190  -0.0000000000
    4    0    0  16.77859         4    0    0  16.77859       -0.0000409166  -0.0000000000
    4    1    3  16.77859         4    1    3  16.77859       -0.0000328541  -0.0000000000
    4    3    0  16.77859         4    3    0  16.77859       -0.0000328293   0.0000000000
    4    4    3  16.77859         4    4    3  16.77859       -0.0000409339  -0.0000000000
   -4   -4   -2  17.52847        -4   -4   -2  17.52847       -0.0000260582   0.0000000000
   -4    0   -3  17.52847        -4    0   -3  17.52847       -0.0000260656   0.0000000000
   -1   -1   -5  17.52847        -1   -1   -5  17.52847       -0.0000311089   0.0000000000
   -1    0    3  17.52847        -1    0    3  17.52847       -0.0000311408   0.0000000000
    0   -4   -3  17.52847         0   -4   -3  17.52847       -0.0000261233   0.0000000000
    0   -1    3  17.52847         0   -1    3  17.52847       -0.0000311262   0.0000000000
    0    1   -4  17.52847         0    1   -4  17.52847       -0.0000311262   0.0000000000
    0    4    2  17.52847         0    4    2  17.52847       -0.0000261233  -0.0000000000
    1    0   -4  17.52847         1    0   -4  17.52847       -0.0000311421   0.0000000000
    1    1    4  17.52847         1    1    4  17.52847       -0.0000311102   0.0000000000
    4    0    2  17.52847         4    0    2  17.52847       -0.0000261226  -0.0000000000
    4    4    1  17.52847         4    4    1  17.52847       -0.0000261151   0.0000000000
   -4   -3   -5  18.27835        -4   -3   -5  18.27835       -0.0000248812  -0.0000000000
   -4   -1    0  18.27835        -4   -1    0  18.27835       -0.0000249053  -0.0000000000
   -3   -4   -5  18.27835        -3   -4   -5  18.27835       -0.0000248794   0.0000000000
   -3   -2    1  18.27835        -3   -2    1  18.27835       -0.0000228736   0.0000000000
   -3   -1   -5  18.27835        -3   -1   -5  18.27835       -0.0000228647   0.0000000000
   -3    1    1  18.27835        -3    1    1  18.27835       -0.0000248865  -0.0000000000
   -2   -3    1  18.27835        -2   -3    1  18.27835       -0.0000228831   0.0000000000
   -2    1   -4  18.27835        -2    1   -4  18.27835       -0.0000228762   0.0000000000
    2    4    4  19.02823         2    4    4  19.02823       -0.0000176232   0.0000000000
    2    5    2  19.02823         2    5    2  19.02823       -0.0000194139  -0.0000000000
    3   -2    0  19.02823         3   -2    0  19.02823       -0.0000193998  -0.0000000000
    3    5    2  19.02823         3    5    2  19.02823       -0.0000193977  -0.0000000000
    4    2   -1  19.02823         4    2   -1  19.02823       -0.0000176099   0.0000000000
    4    2    4  19.02823         4    2    4  19.02823       -0.0000176107  -0.0000000000
    5    2    2  19.02823         5    2    2  19.02823       -0.0000194121  -0.0000000000
    5    3    2  19.02823         5    3    2  19.02823       -0.0000194035   0.0000000000
   -5   -3   -4  19.77811        -5   -3   -4  19.77811       -0.0000164096  -0.0000000000
   -5   -2   -2  19.77811        -5   -2   -2  19.77811       -0.0000163999  -0.0000000000
   -4   -4   -5  19.77811        -4   -4   -5  19.77811       -0.0000163806   0.0000000000
   -4    0    0  19.77811        -4    0    0  19.77811       -0.0000163918  -0.0000000000
   -3   -5   -4  19.77811        -3   -5   -4  19.77811       -0.0000164088   0.0000000000
   -3    2    0  19.77811        -3    2    0  19.77811       -0.0000163828   0.0000000000
   -2   -5   -2  19.77811        -2   -5   -2  19.77811       -0.0000164039  -0.0000000000
   -2    3   -1  19.77811        -2    3   -1  19.77811       -0.0000164052   0.0000000000
    0   -4    0  19.77811         0   -4    0  19.77811       -0.0000163994  -0.0000000000
    0    4   -1  19.77811         0    4   -1  19.77811       -0.0000163994  -0.0000000000
    2   -3    0  19.77811         2   -3    0  19.77811       -0.0000163973  -0.0000000000
    2    5    1  19.77811         2    5    1  19.77811       -0.0000163960   0.0000000000
    3   -2   -1  19.77811         3   -2   -1  19.77811       -0.0000163936  -0.0000000000
    3    5    3  19.77811         3    5    3  19.77811       -0.0000164196  -0.0000000000
    4    0   -1  19.77811         4    0   -1  19.77811       -0.0000163895  -0.0000000000
    4    4    4  19.77811         4    4    4  19.77811       -0.0000163784   0.0000000000
    5    2    1  19.77811         5    2    1  19.77811       -0.0000164242   0.0000000000
    5    3    3  19.77811         5    3    3  19.77811       -0.0000164339   0.0000000000
   -5   -3   -2  20.52799        -5   -3   -2  20.52799       -0.0000122221  -0.0000000000
   -5   -2   -4  20.52799        -5   -2   -4  20.52799       -0.0000122204  -0.0000000000
   -3   -5   -2  20.52799        -3   -5   -2  20.52799       -0.0000122277  -0.0000000000
   -3    2   -2  20.52799        -3    2   -2  20.52799       -0.0000122221   0.0000000000
   -2   -5   -4  20.52799        -2   -5   -4  20.52799       -0.0000122311  -0.0000000000
   -2   -2    2  20.52799        -2   -2    2  20.52799       -0.0000122102  -0.0000000000
    0   -4   -4  21.27787         0   -4   -4  21.27787       -0.0000094119  -0.0000000000
    0    4    3  21.27787         0    4    3  21.27787       -0.0000094119   0.0000000000
    1   -4   -2  21.27787         1   -4   -2  21.27787       -0.0000102036  -0.0000000000
    1   -4   -1  21.27787         1   -4   -1  21.27787       -0.0000109618  -0.0000000000
    1    5    1  21.27787         1    5    1  21.27787       -0.0000109747   0.0000000000
    1    5    2  21.27787         1    5    2  21.27787       -0.0000102095  -0.0000000000
    4   -1    0  21.27787         4   -1    0  21.27787       -0.0000109500  -0.0000000000
    4   -1    1  21.27787         4   -1    1  21.27787       -0.0000101898  -0.0000000000
    4    0    3  21.27787         4    0    3  21.27787       -0.0000094069  -0.0000000000
    4    4    0  21.27787         4    4    0  21.27787       -0.0000093936   0.0000000000
    4    5    2  21.27787         4    5    2  21.27787       -0.0000101865  -0.0000000000
    4    5    3  21.27787         4    5    3  21.27787       -0.0000109618  -0.0000000000
    5    1    1  21.27787         5    1    1  21.27787       -0.0000109766  -0.0000000000
    5    1    2  21.27787         5    1    2  21.27787       -0.0000101989  -0.0000000000
    5    4    2  21.27787         5    4    2  21.27787       -0.0000101909  -0.0000000000
    5    4    3  21.27787         5    4    3  21.27787       -0.0000109729   0.0000000000
   -4   -3    0  22.02775        -4   -3    0  22.02775       -0.0000082493  -0.0000000000
   -4   -1   -5  22.02775        -4   -1   -5  22.02775       -0.0000082545  -0.0000000000
   -3   -4    0  22.02775        -3   -4    0  22.02775       -0.0000082546   0.0000000000
   -3    1   -4  22.02775        -3    1   -4  22.02775       -0.0000082612   0.0000000000
   -1   -4   -5  22.02775        -1   -4   -5  22.02775       -0.0000082550   0.0000000000
   -1    3    3  22.02775        -1    3    3  22.02775       -0.0000082539   0.0000000000
    1   -3   -4  22.02775         1   -3   -4  22.02775       -0.0000082634   0.0000000000
    1    4    4  22.02775         1    4    4  22.02775       -0.0000082645   0.0000000000
    3   -1    3  22.02775         3   -1    3  22.02775       -0.0000082549   0.0000000000
    3    4   -1  22.02775         3    4   -1  22.02775       -0.0000082484  -0.0000000000
    4    1    4  22.02775         4    1    4  22.02775       -0.0000082499   0.0000000000
    4    3   -1  22.02775         4    3   -1  22.02775       -0.0000082446   0.0000000000
   -5   -3   -5  22.77763        -5   -3   -5  22.77763       -0.0000074383   0.0000000000
   -5   -2   -1  22.77763        -5   -2   -1  22.77763       -0.0000074325  -0.0000000000
   -3   -5   -5  22.77763        -3   -5   -5  22.77763       -0.0000074341  -0.0000000000
   -3   -3   -6  22.77763        -3   -3   -6  22.77763       -0.0000070558  -0.0000000000
   -2   -3   -6  23.52752        -2   -3   -6  23.52752       -0.0000057595   0.0000000000
   -2   -2   -6  23.52752        -2   -2   -6  23.52752       -0.0000061924   0.0000000000
   -2    0    3  23.52752        -2    0    3  23.52752       -0.0000062011  -0.0000000000
   -2    1    3  23.52752        -2    1    3  23.52752       -0.0000057605  -0.0000000000
   -1   -5   -4  23.52752        -1   -5   -4  23.52752       -0.0000057769   0.0000000000
   -1   -5   -1  23.52752        -1   -5   -1  23.52752       -0.0000054747  -0.0000000000
   -1   -3    2  23.52752        -1   -3    2  23.52752       -0.0000057698  -0.0000000000
   -1    2   -4  23.52752        -1    2   -4  23.52752       -0.0000057660  -0.0000000000
   -1    4   -1  23.52752        -1    4   -1  23.52752       -0.0000054719  -0.0000000000
   -1    4    2  23.52752        -1    4    2  23.52752       -0.0000057781   0.0000000000
    0   -2    3  23.52752         0   -2    3  23.52752       -0.0000061978   0.0000000000
    0    2   -4  23.52752         0    2   -4  23.52752       -0.0000061978  -0.0000000000
    1   -4   -3  23.52752         1   -4   -3  23.52752       -0.0000057831   0.0000000000
    1   -4    0  23.52752         1   -4    0  23.52752       -0.0000054650  -0.0000000000
    1   -2    3  23.52752         1   -2    3  23.52752       -0.0000057597   0.0000000000
    1    3   -3  23.52752         1    3   -3  23.52752       -0.0000057635  -0.0000000000
    1    5    0  23.52752         1    5    0  23.52752       -0.0000054678  -0.0000000000
    1    5    3  23.52752         1    5    3  23.52752       -0.0000057820   0.0000000000
    2   -1   -4  23.52752         2   -1   -4  23.52752       -0.0000057646   0.0000000000
    2    0   -4  23.52752         2    0   -4  23.52752       -0.0000062008   0.0000000000
    2    2    5  23.52752         2    2    5  23.52752       -0.0000061921   0.0000000000
    2    3    5  23.52752         2    3    5  23.52752       -0.0000057636   0.0000000000
    3    1   -3  23.52752         3    1   -3  23.52752       -0.0000057682  -0.0000000000
    3    2    5  23.52752         3    2    5  23.52752       -0.0000057622   0.0000000000
    4   -1   -1  23.52752         4   -1   -1  23.52752       -0.0000054596  -0.0000000000
    4   -1    2  23.52752         4   -1    2  23.52752       -0.0000057774   0.0000000000
    4    5    1  23.52752         4    5    1  23.52752       -0.0000057757  -0.0000000000
    4    5    4  23.52752         4    5    4  23.52752       -0.0000054640  -0.0000000000
    5    1    0  23.52752         5    1    0  23.52752       -0.0000054661  -0.0000000000
    5    1    3  23.52752         5    1    3  23.52752       -0.0000057694   0.0000000000
    5    4    1  23.52752         5    4    1  23.52752       -0.0000057697   0.0000000000
    5    4    4  23.52752         5    4    4  23.52752       -0.0000054663  -0.0000000000


             g                   gp         inverse epsilon           nspin= 1
         0    0   -1         0    0   -1        0.33441605  -0.00000000
         0    0    0         0    0   -1        0.06107321  -0.00000000
         0    0    0         0    0    0        0.33441605  -0.00000000
        -1   -1   -1         0    0    0        0.02182983   0.00000060
        -1   -1   -1        -1   -1   -1        0.56341723  -0.00000000
        -1    0   -1        -1   -1   -1       -0.05115405  -0.00000052
        -1    0   -1        -1    0   -1        0.56338949  -0.00000000
         0   -1   -1        -1    0   -1        0.01241928   0.00000900
         0   -1   -1         0   -1   -1        0.56339718   0.00000000
         0    1    0         0   -1   -1       -0.00015409   0.00000000
         0    1    0         0    1    0        0.56339718  -0.00000000
         1    0    0         0    1    0        0.01241996   0.00000141
         1    0    0         1    0    0        0.56338835  -0.00000000
         1    1    0         1    0    0       -0.05114444   0.00000052
         1    1    0         1    1    0        0.56341609   0.00000000
        -1   -1   -2         1    1    0        0.02721296  -0.00000075
        -1   -1   -2        -1   -1   -2        0.72487655   0.00000000
        -1    0    0        -1   -1   -2       -0.00299268  -0.00000236
        -1    0    0        -1    0    0        0.72487245   0.00000000
         0   -1    0        -1    0    0        0.00975966  -0.00003876
         0   -1    0         0   -1    0        0.72485147   0.00000000
         0    1   -1         0   -1    0        0.03356974  -0.00000000
         0    1   -1         0    1   -1        0.72485147  -0.00000000
         1    0   -1         0    1   -1        0.00976865  -0.00003005
         1    0   -1         1    0   -1        0.72481073   0.00000000
         1    1    1         1    0   -1       -0.00298268   0.00000236
         1    1    1         1    1    1        0.72481484   0.00000000
        -1   -1    0         1    1    1       -0.00537573   0.00000548
        -1   -1    0        -1   -1    0        0.81263481   0.00000000
        -1    0   -2        -1   -1    0        0.00998270  -0.00000252
        -1    0   -2        -1    0   -2        0.81263900   0.00000000
         0   -1   -2        -1    0   -2        0.01315648  -0.00002751
         0   -1   -2         0   -1   -2        0.81262387   0.00000000
         0    0   -2         0   -1   -2       -0.04221469   0.00000000
         0    0   -2         0    0   -2        0.82039483  -0.00000000
         0    0    1         0    0   -2       -0.02311798  -0.00000000
         0    0    1         0    0    1        0.82039483  -0.00000000
         0    1    1         0    0    1       -0.04221469   0.00000000
         0    1    1         0    1    1        0.81262387   0.00000000
         1    0    1         0    1    1        0.01313717  -0.00002647
         1    0    1         1    0    1        0.81260689   0.00000000
         1    1   -1         1    0    1        0.01000957   0.00000252
         1    1   -1         1    1   -1        0.81260270   0.00000000
        -2   -1   -2         1    1   -1        0.00196233   0.00000421
        -2   -1   -2        -2   -1   -2        0.87779137  -0.00000000
        -2   -1   -1        -2   -1   -2       -0.03968145  -0.00000056
        -2   -1   -1        -2   -1   -1        0.87779912  -0.00000000
        -1   -2   -2        -2   -1   -1        0.01290529   0.00000151
        -1   -2   -2        -1   -2   -2        0.87777292   0.00000000
        -1   -2   -1        -1   -2   -2       -0.03968584  -0.00000432
        -1   -2   -1        -1   -2   -1        0.87780509   0.00000000
        -1    1   -1        -1   -2   -1       -0.00365217  -0.00000092
        -1    1   -1        -1    1   -1        0.87778848   0.00000000
        -1    1    0        -1    1   -1       -0.03970107  -0.00000432
        -1    1    0        -1    1    0        0.87778448  -0.00000000
         1   -1   -1        -1    1    0        0.01393013   0.00001365
         1   -1   -1         1   -1   -1        0.87778048   0.00000000
         1   -1    0         1   -1   -1       -0.03970511   0.00000432
         1   -1    0         1   -1    0        0.87778101   0.00000000
         1    2    0         1   -1    0       -0.00368139   0.00000093
         1    2    0         1    2    0        0.87779761   0.00000000
         1    2    1         1    2    0       -0.03968988   0.00000432
         1    2    1         1    2    1        0.87776892   0.00000000
         1    2   -1         1    2    1       -0.00457770  -0.00000163
         1    2   -1         1    2   -1        0.97628188  -0.00000000
         1    2    2         1    2   -1       -0.00316580   0.00000182
         1    2    2         1    2    2        0.97627093  -0.00000000
         2    0   -1         1    2    2        0.00009293  -0.00000311
         2    0   -1         2    0   -1        0.97648032  -0.00000000
         2    1   -1         2    0   -1       -0.00929983  -0.00000481
         2    1   -1         2    1   -1        0.97625428   0.00000000
         2    1    2         2    1   -1       -0.00318129   0.00000084
         2    1    2         2    1    2        0.97625901  -0.00000000
         2    2    2         2    1    2       -0.00929800  -0.00000355
         2    2    2         2    2    2        0.97648391  -0.00000000
        -1   -1    1         2    2    2        0.00143151  -0.00000036
        -1   -1    1        -1   -1    1        0.98701177  -0.00000000
        -1    0   -3        -1   -1    1        0.00146297  -0.00000238
        -1    0   -3        -1    0   -3        0.98701244  -0.00000000
         0   -1   -3        -1    0   -3       -0.00115157  -0.00000549
         0   -1   -3         0   -1   -3        0.98700738   0.00000000
         0    1    2         0   -1   -3       -0.00053325   0.00000000
         0    1    2         0    1    2        0.98700739  -0.00000000
         1    0    2         0    1    2       -0.00115117  -0.00000583
         1    0    2         1    0    2        0.98700623   0.00000000
         1    1   -2         1    0    2        0.00147010   0.00000238
         1    1   -2         1    1   -2        0.98700556  -0.00000000
        -3   -2   -2         1    1   -2       -0.00054529   0.00000198
        -3   -2   -2        -3   -2   -2        0.99270330   0.00000000
        -3   -1   -2        -3   -2   -2       -0.00296396  -0.00000095
        -3   -1   -2        -3   -1   -2        0.99269569   0.00000000
        -2   -3   -2        -3   -1   -2        0.00052267   0.00000853
        -2   -3   -2        -2   -3   -2        0.99270292   0.00000000
        -2    1   -1        -2   -3   -2       -0.00022219   0.00000100
        -2    1   -1        -2    1   -1        0.99269608   0.00000000
        -1   -3   -2        -2    1   -1        0.00095842   0.00000057
        -1   -3   -2        -1   -3   -2        0.99269332  -0.00000000
        -1    2    0        -1   -3   -2       -0.00063694  -0.00000067
        -1    2    0        -1    2    0        0.99270101   0.00000000
         0    0   -3        -1    2    0       -0.00033798   0.00000055
         0    0   -3         0    0   -3        0.99301259   0.00000000
         0    0    2         0    0   -3       -0.00048833  -0.00000000
         0    0    2         0    0    2        0.99301258   0.00000000
         1   -2   -1         0    0    2       -0.00033906   0.00000029
         1   -2   -1         1   -2   -1        0.99270229   0.00000000
         1    3    1         1   -2   -1       -0.00063416   0.00000067
         1    3    1         1    3    1        0.99269459  -0.00000000
         2   -1    0         1    3    1        0.00095876   0.00000084
         2   -1    0         2   -1    0        0.99269736   0.00000000
         2    3    1         2   -1    0       -0.00022896  -0.00000100
         2    3    1         2    3    1        0.99270420   0.00000000
         3    1    1         2    3    1        0.00050868   0.00001014
         3    1    1         3    1    1        0.99269502   0.00000000
         3    2    1         3    1    1       -0.00298170   0.00000095
         3    2    1         3    2    1        0.99270262   0.00000000
        -3   -2   -3         3    2    1        0.00039285   0.00000133
        -3   -2   -3        -3   -2   -3        0.99595302  -0.00000000
        -3   -1   -1        -3   -2   -3        0.00008840   0.00000012
        -3   -1   -1        -3   -1   -1        0.99595732   0.00000000
        -2   -3   -3        -3   -1   -1       -0.00070117  -0.00000096
        -2   -3   -3        -2   -3   -3        0.99594860   0.00000000
        -2   -2    0        -2   -3   -3       -0.00100525  -0.00000369
        -2   -2    0        -2   -2    0        0.99586170  -0.00000000
        -2    0   -3        -2   -2    0       -0.00013002   0.00000019
        -2    0   -3        -2    0   -3        0.99586284  -0.00000000
        -2    1    0        -2    0   -3       -0.00100450   0.00000268
        -2    1    0        -2    1    0        0.99595381   0.00000000
         0   -2    1        -2    1    0       -0.00020889   0.00000127
         0   -2    1         0   -2    1        0.99853973   0.00000000
         0    2   -2         0   -2    1        0.00019645  -0.00000000
         0    2   -2         0    2   -2        0.99853973   0.00000000
         0    3    0         0    2   -2       -0.00004037  -0.00000000
         0    3    0         0    3    0        0.99864238  -0.00000000
         0    3    1         0    3    0       -0.00050213   0.00000000
         0    3    1         0    3    1        0.99857217   0.00000000
         2    0   -2         0    3    1        0.00030264   0.00000031
         2    0   -2         2    0   -2        0.99853791   0.00000000
         2    2    3         2    0   -2       -0.00027805  -0.00000001
         2    2    3         2    2    3        0.99853952  -0.00000000
         3    0    0         2    2    3       -0.00027894  -0.00000026
         3    0    0         3    0    0        0.99864307   0.00000000
         3    0    1         3    0    0       -0.00050141   0.00000024
         3    0    1         3    0    1        0.99857215   0.00000000
         3    3    1         3    0    1       -0.00039559  -0.00000019
         3    3    1         3    3    1        0.99857295  -0.00000000
         3    3    2         3    3    1       -0.00050250   0.00000024
         3    3    2         3    3    2        0.99864372  -0.00000000
        -2   -1   -4         3    3    2       -0.00011307  -0.00000012
        -2   -1   -4        -2   -1   -4        0.99909208  -0.00000000
        -2   -1    1        -2   -1   -4        0.00005059  -0.00000020
        -2   -1    1        -2   -1    1        0.99909120   0.00000000
        -1   -2   -4        -2   -1    1        0.00008768   0.00000018
        -1   -2   -4        -1   -2   -4        0.99909067  -0.00000000
        -1   -2    1        -1   -2   -4        0.00005064  -0.00000006
        -1   -2    1        -1   -2    1        0.99909125  -0.00000000
        -1   -1   -4        -1   -2    1        0.00013913  -0.00000005
        -1   -1   -4        -1   -1   -4        0.99908768   0.00000000
        -1    0    2        -1   -1   -4        0.00006679  -0.00000018
        -1    0    2        -1    0    2        0.99908691  -0.00000000
        -1    1   -3        -1    0    2        0.00013977  -0.00000046
        -1    1   -3        -1    1   -3        0.99909106   0.00000000
        -1    1    2        -1    1   -3        0.00005014  -0.00000006
        -1    1    2        -1    1    2        0.99909075   0.00000000
         0   -1    2        -1    1    2       -0.00001366  -0.00000007
         0   -1    2         0   -1    2        0.99908750  -0.00000000
         0    1   -3         0   -1    2       -0.00016393  -0.00000000
         0    1   -3         0    1   -3        0.99908750   0.00000000
         1   -1   -3         0    1   -3       -0.00001375  -0.00000013
         1   -1   -3         1   -1   -3        0.99909056  -0.00000000
         1   -1    2         1   -1   -3        0.00005047   0.00000006
         1   -1    2         1   -1    2        0.99909060   0.00000000
         1    0   -3         1   -1    2        0.00013959   0.00000005
         1    0   -3         1    0   -3        0.99908721  -0.00000000
         1    1    3         1    0   -3        0.00006663   0.00000018
         1    1    3         1    1    3        0.99908798  -0.00000000
         1    2   -2         1    1    3        0.00013895   0.00000046
         1    2   -2         1    2   -2        0.99909079   0.00000000
         1    2    3         1    2   -2        0.00005098   0.00000006
         1    2    3         1    2    3        0.99909048  -0.00000000
         2    1   -2         1    2    3        0.00008902   0.00000001
         2    1   -2         2    1   -2        0.99908933   0.00000000
         2    1    3         2    1   -2        0.00005048   0.00000020
         2    1    3         2    1    3        0.99909021   0.00000000
        -3   -2   -4         2    1    3        0.00005300   0.00000008
        -3   -2   -4        -3   -2   -4        0.99939122  -0.00000000
        -3   -1    0        -3   -2   -4       -0.00004098  -0.00000001
        -3   -1    0        -3   -1    0        0.99939112  -0.00000000
        -2   -3   -4        -3   -1    0       -0.00002003  -0.00000018
        -2   -3   -4        -2   -3   -4        0.99939106  -0.00000000
        -2    1    1        -2   -3   -4       -0.00011774  -0.00000010
        -2    1    1        -2    1    1        0.99939103  -0.00000000
        -1    0   -4        -2    1    1        0.00005693   0.00000006
        -1    0   -4        -1    0   -4        0.99971165   0.00000000
        -1    2    2        -1    0   -4       -0.00006583   0.00000007
        -1    2    2        -1    2    2        0.99974215   0.00000000
         0   -1   -4        -1    2    2        0.00002117  -0.00000002
         0   -1   -4         0   -1   -4        0.99971171   0.00000000
         0    1    3         0   -1   -4        0.00006714  -0.00000000
         0    1    3         0    1    3        0.99971171  -0.00000000
         1   -2   -3         0    1    3        0.00002131  -0.00000006
         1   -2   -3         1   -2   -3        0.99974179   0.00000000
         1    0    3         1   -2   -3       -0.00006561   0.00000006
         1    0    3         1    0    3        0.99971171   0.00000000
         1    1   -3         1    0    3        0.00000483   0.00000007
         1    1   -3         1    1   -3        0.99971185   0.00000000
         1    3    3         1    1   -3       -0.00006548  -0.00000007
         1    3    3         1    3    3        0.99974167   0.00000000
         2   -2   -1         1    3    3       -0.00005913   0.00000006
         2   -2   -1         2   -2   -1        0.99970195  -0.00000000
         2   -2    0         2   -2   -1       -0.00013442   0.00000012
         2   -2    0         2   -2    0        0.99970187  -0.00000000
         2   -1    2         2   -2    0        0.00004611  -0.00000001
         2   -1    2         2   -1    2        0.99974189   0.00000000
         2    3   -1         2   -1    2       -0.00003407  -0.00000003
         2    3   -1         2    3   -1        0.99974186   0.00000000
         2    4    1         2    3   -1        0.00004613   0.00000000
         2    4    1         2    4    1        0.99970219  -0.00000000
         2    4    2         2    4    1       -0.00013435   0.00000012
         2    4    2         2    4    2        0.99970138   0.00000000
         3    1    3         2    4    2        0.00001274   0.00000013
         3    1    3         3    1    3        0.99974182   0.00000000
         3    2   -1         3    1    3       -0.00000765   0.00000002
         3    2   -1         3    2   -1        0.99974187  -0.00000000
         4    2    1         3    2   -1        0.00004685  -0.00000007
         4    2    1         4    2    1        0.99970192   0.00000000
         4    2    2         4    2    1       -0.00013402   0.00000007
         4    2    2         4    2    2        0.99970143  -0.00000000
        -4   -3   -3         4    2    2        0.00000769  -0.00000005
        -4   -3   -3        -4   -3   -3        0.99979585   0.00000000
        -4   -1   -2        -4   -3   -3        0.00006478  -0.00000001
        -4   -1   -2        -4   -1   -2        0.99979573  -0.00000000
        -3   -4   -3        -4   -1   -2       -0.00003855  -0.00000022
        -3   -4   -3        -3   -4   -3        0.99979573   0.00000000
        -3    1   -1        -3   -4   -3       -0.00000585  -0.00000001
        -3    1   -1        -3    1   -1        0.99979577   0.00000000
        -2   -2    1        -3    1   -1        0.00002289   0.00000017
        -2   -2    1        -2   -2    1        0.99980813  -0.00000000
        -2    0   -4        -2   -2    1        0.00002431  -0.00000001
        -2    0   -4        -2    0   -4        0.99980822  -0.00000000
        -1   -4   -2        -2    0   -4       -0.00001948  -0.00000007
        -1   -4   -2        -1   -4   -2        0.99979543   0.00000000
        -1    3    0        -1   -4   -2        0.00001303  -0.00000004
        -1    3    0        -1    3    0        0.99979563   0.00000000
         0   -2   -4        -1    3    0       -0.00004697  -0.00000001
         0   -2   -4         0   -2   -4        0.99980786   0.00000000
         0    2    3         0   -2   -4       -0.00006746   0.00000000
         0    2    3         0    2    3        0.99980786   0.00000000
         1   -3   -1         0    2    3       -0.00004702   0.00000001
         1   -3   -1         1   -3   -1        0.99979596   0.00000000
         1    4    1         1   -3   -1        0.00001298   0.00000004
         1    4    1         1    4    1        0.99979575  -0.00000000
         2    0    3         1    4    1       -0.00001958  -0.00000003
         2    0    3         2    0    3        0.99980791   0.00000000
         2    2   -2         2    0    3        0.00002400   0.00000001
         2    2   -2         2    2   -2        0.99980781  -0.00000000
         2   -2   -2         2    2   -2       -0.00002079   0.00000002
         2   -2   -2         2   -2   -2        0.99989473  -0.00000000
         2   -2    1         2   -2   -2       -0.00001175   0.00000002
         2   -2    1         2   -2    1        0.99989471   0.00000000
         2    4    0         2   -2    1        0.00001626  -0.00000001
         2    4    0         2    4    0        0.99989480   0.00000000
         2    4    3         2    4    0       -0.00001172   0.00000002
         2    4    3         2    4    3        0.99989466  -0.00000000
         3   -1   -1         2    4    3       -0.00002685  -0.00000000
         3   -1   -1         3   -1   -1        0.99988643  -0.00000000
         3    4    3         3   -1   -1       -0.00000094  -0.00000000
         3    4    3         3    4    3        0.99988637  -0.00000000
         4    1    0         3    4    3       -0.00001949   0.00000002
         4    1    0         4    1    0        0.99988643   0.00000000
         4    2    0         4    1    0       -0.00004941   0.00000002
         4    2    0         4    2    0        0.99989489   0.00000000
         4    2    3         4    2    0       -0.00001157   0.00000001
         4    2    3         4    2    3        0.99989482   0.00000000
         4    3    3         4    2    3       -0.00004938  -0.00000004
         4    3    3         4    3    3        0.99988637   0.00000000
        -2   -2   -5         4    3    3       -0.00000345   0.00000001
        -2   -2   -5        -2   -2   -5        0.99991362  -0.00000000
        -2    0    2        -2   -2   -5       -0.00001066  -0.00000000
        -2    0    2        -2    0    2        0.99991355  -0.00000000
         0   -2    2        -2    0    2        0.00001672  -0.00000004
         0   -2    2         0   -2    2        0.99991360  -0.00000000
         0    2   -3         0   -2    2        0.00003585  -0.00000000
         0    2   -3         0    2   -3        0.99991360   0.00000000
         2    0   -3         0    2   -3        0.00001673  -0.00000003
         2    0   -3         2    0   -3        0.99991357  -0.00000000
         2    2    4         2    0   -3       -0.00001073   0.00000000
         2    2    4         2    2    4        0.99991364  -0.00000000
        -4   -4   -3         2    2    4        0.00000825   0.00000000
        -4   -4   -3        -4   -4   -3        0.99993911  -0.00000000
        -4    0   -2        -4   -4   -3       -0.00000083  -0.00000001
        -4    0   -2        -4    0   -2        0.99993914   0.00000000
        -3   -3   -5        -4    0   -2       -0.00001054  -0.00000002
        -3   -3   -5        -3   -3   -5        0.99993922   0.00000000
        -3   -3    0        -3   -3   -5       -0.00000265  -0.00000001
        -3   -3    0        -3   -3    0        0.99994788   0.00000000
        -3   -2   -5        -3   -3    0        0.00000228   0.00000002
        -3   -2   -5        -3   -2   -5        0.99993869  -0.00000000
        -3   -1    1        -3   -2   -5       -0.00000615   0.00000000
        -3   -1    1        -3   -1    1        0.99993869   0.00000000
        -3    0   -4        -3   -1    1        0.00000232  -0.00000001
        -3    0   -4        -3    0   -4        0.99994780   0.00000000
        -3    0    1        -3    0   -4       -0.00000263  -0.00000001
        -3    0    1        -3    0    1        0.99993920   0.00000000
        -2   -3   -5        -3    0    1       -0.00001223   0.00000001
        -2   -3   -5        -2   -3   -5        0.99993861   0.00000000
        -2    1    2        -2   -3   -5        0.00000020   0.00000000
        -2    1    2        -2    1    2        0.99993862   0.00000000
        -1   -3    1        -2    1    2       -0.00001100   0.00000001
        -1   -3    1        -1   -3    1        0.99993864   0.00000000
        -1    2   -3        -1   -3    1        0.00001396  -0.00000000
        -1    2   -3        -1    2   -3        0.99993864   0.00000000
         0   -4   -2        -1    2   -3        0.00001002  -0.00000001
         0   -4   -2         0   -4   -2        0.99993912  -0.00000000
         0   -3   -4         0   -4   -2       -0.00000899   0.00000000
         0   -3   -4         0   -3   -4        0.99994771   0.00000000
         0   -3    1         0   -3   -4       -0.00000266   0.00000000
         0   -3    1         0   -3    1        0.99993915   0.00000000
         0    3   -2         0   -3    1       -0.00002367   0.00000000
         0    3   -2         0    3   -2        0.99993915  -0.00000000
         1   -1    3         0    3   -2       -0.00000091   0.00000001
         1   -1    3         1   -1    3        0.99995439  -0.00000000
         1    2   -3         1   -1    3       -0.00001128   0.00000000
         1    2   -3         1    2   -3        0.99995438  -0.00000000
         1    2    4         1    2   -3       -0.00000620  -0.00000000
         1    2    4         1    2    4        0.99995437  -0.00000000
         1    4    3         1    2    4       -0.00000722  -0.00000000
         1    4    3         1    4    3        0.99995878   0.00000000
         2    1   -3         1    4    3       -0.00000846  -0.00000000
         2    1   -3         2    1   -3        0.99995436   0.00000000
         2    1    4         2    1   -3       -0.00000621   0.00000001
         2    1    4         2    1    4        0.99995440   0.00000000
         3   -1    2         2    1    4        0.00000230   0.00000000
         3   -1    2         3   -1    2        0.99995885  -0.00000000
         3    4    0         3   -1    2        0.00000374  -0.00000001
         3    4    0         3    4    0        0.99995887  -0.00000000
         4    0    0         3    4    0       -0.00000762   0.00000001
         4    0    0         4    0    0        0.99994747  -0.00000000
         4    1    3         4    0    0        0.00000411  -0.00000001
         4    1    3         4    1    3        0.99995883  -0.00000000
         4    3    0         4    1    3        0.00000300  -0.00000001
         4    3    0         4    3    0        0.99995886   0.00000000
         4    4    3         4    3    0        0.00000410   0.00000001
         4    4    3         4    4    3        0.99994745  -0.00000000
        -4   -4   -2         4    4    3       -0.00000895  -0.00000000
        -4   -4   -2        -4   -4   -2        0.99996771  -0.00000000
        -4    0   -3        -4   -4   -2       -0.00000481   0.00000000
        -4    0   -3        -4    0   -3        0.99996770   0.00000000
        -1   -1   -5        -4    0   -3        0.00000637   0.00000000
        -1   -1   -5        -1   -1   -5        0.99996262   0.00000000
        -1    0    3        -1   -1   -5        0.00001540  -0.00000001
        -1    0    3        -1    0    3        0.99996257   0.00000000
         0   -4   -3        -1    0    3       -0.00000420   0.00000000
         0   -4   -3         0   -4   -3        0.99996763   0.00000000
         0   -1    3         0   -4   -3       -0.00000177   0.00000000
         0   -1    3         0   -1    3        0.99996259   0.00000000
         0    1   -4         0   -1    3       -0.00002063   0.00000000
         0    1   -4         0    1   -4        0.99996259   0.00000000
         0    4    2         0    1   -4       -0.00000177  -0.00000000
         0    4    2         0    4    2        0.99996763  -0.00000000
         1    0   -4         0    4    2       -0.00000417   0.00000001
         1    0   -4         1    0   -4        0.99996257   0.00000000
         1    1    4         1    0   -4        0.00001539   0.00000001
         1    1    4         1    1    4        0.99996261   0.00000000
         4    0    2         1    1    4        0.00000640   0.00000000
         4    0    2         4    0    2        0.99996763  -0.00000000
         4    4    1         4    0    2       -0.00000480  -0.00000000
         4    4    1         4    4    1        0.99996764  -0.00000000
        -4   -3   -5         4    4    1        0.00000186   0.00000002
        -4   -3   -5        -4   -3   -5        0.99997090  -0.00000000
        -4   -1    0        -4   -3   -5        0.00000303   0.00000000
        -4   -1    0        -4   -1    0        0.99997087  -0.00000000
        -3   -4   -5        -4   -1    0       -0.00000052   0.00000001
        -3   -4   -5        -3   -4   -5        0.99997090   0.00000000
        -3   -2    1        -3   -4   -5       -0.00000034   0.00000001
        -3   -2    1        -3   -2    1        0.99997360   0.00000000
        -3   -1   -5        -3   -2    1        0.00000348   0.00000000
        -3   -1   -5        -3   -1   -5        0.99997361   0.00000000
        -3    1    1        -3   -1   -5       -0.00000034  -0.00000000
        -3    1    1        -3    1    1        0.99997089  -0.00000000
        -2   -3    1        -3    1    1       -0.00000464  -0.00000000
        -2   -3    1        -2   -3    1        0.99997359   0.00000000
        -2    1   -4        -2   -3    1        0.00000023   0.00000000
        -2    1   -4        -2    1   -4        0.99997360   0.00000000
         2    4    4        -2    1   -4       -0.00000311  -0.00000001
         2    4    4         2    4    4        0.99997992   0.00000000
         2    5    2         2    4    4       -0.00000468   0.00000001
         2    5    2         2    5    2        0.99997750   0.00000000
         3   -2    0         2    5    2       -0.00000400  -0.00000000
         3   -2    0         3   -2    0        0.99997751  -0.00000000
         3    5    2         3   -2    0       -0.00000264  -0.00000000
         3    5    2         3    5    2        0.99997752  -0.00000000
         4    2   -1         3    5    2       -0.00000327  -0.00000000
         4    2   -1         4    2   -1        0.99997994   0.00000000
         4    2    4         4    2   -1       -0.00000097   0.00000000
         4    2    4         4    2    4        0.99997994  -0.00000000
         5    2    2         4    2    4       -0.00000463  -0.00000001
         5    2    2         5    2    2        0.99997750  -0.00000000
         5    3    2         5    2    2       -0.00001354  -0.00000000
         5    3    2         5    3    2        0.99997751   0.00000000
        -5   -3   -4         5    3    2       -0.00000002  -0.00000000
        -5   -3   -4        -5   -3   -4        0.99998252  -0.00000000
        -5   -2   -2        -5   -3   -4        0.00000509   0.00000000
        -5   -2   -2        -5   -2   -2        0.99998253  -0.00000000
        -4   -4   -5        -5   -2   -2       -0.00000121  -0.00000000
        -4   -4   -5        -4   -4   -5        0.99998202   0.00000000
        -4    0    0        -4   -4   -5        0.00000212  -0.00000000
        -4    0    0        -4    0    0        0.99998200   0.00000000
        -3   -5   -4        -4    0    0       -0.00000024   0.00000001
        -3   -5   -4        -3   -5   -4        0.99998252   0.00000000
        -3    2    0        -3   -5   -4        0.00000247   0.00000000
        -3    2    0        -3    2    0        0.99998254   0.00000000
        -2   -5   -2        -3    2    0       -0.00000263  -0.00000000
        -2   -5   -2        -2   -5   -2        0.99998252  -0.00000000
        -2    3   -1        -2   -5   -2        0.00000283   0.00000001
        -2    3   -1        -2    3   -1        0.99998252   0.00000000
         0   -4    0        -2    3   -1       -0.00000949   0.00000001
         0   -4    0         0   -4    0        0.99998199  -0.00000000
         0    4   -1         0   -4    0        0.00001285   0.00000000
         0    4   -1         0    4   -1        0.99998199   0.00000000
         2   -3    0         0    4   -1       -0.00000950  -0.00000001
         2   -3    0         2   -3    0        0.99998253  -0.00000000
         2    5    1         2   -3    0        0.00000279  -0.00000001
         2    5    1         2    5    1        0.99998253   0.00000000
         3   -2   -1         2    5    1       -0.00000265   0.00000000
         3   -2   -1         3   -2   -1        0.99998253  -0.00000000
         3    5    3         3   -2   -1        0.00000248  -0.00000000
         3    5    3         3    5    3        0.99998250  -0.00000000
         4    0   -1         3    5    3       -0.00000024   0.00000000
         4    0   -1         4    0   -1        0.99998200  -0.00000000
         4    4    4         4    0   -1        0.00000212   0.00000000
         4    4    4         4    4    4        0.99998202   0.00000000
         5    2    1         4    4    4       -0.00000122  -0.00000000
         5    2    1         5    2    1        0.99998250   0.00000000
         5    3    3         5    2    1        0.00000511  -0.00000000
         5    3    3         5    3    3        0.99998249   0.00000000
        -5   -3   -2         5    3    3       -0.00000433   0.00000001
        -5   -3   -2        -5   -3   -2        0.99998701  -0.00000000
        -5   -2   -4        -5   -3   -2       -0.00000332   0.00000000
        -5   -2   -4        -5   -2   -4        0.99998701  -0.00000000
        -3   -5   -2        -5   -2   -4        0.00000296   0.00000001
        -3   -5   -2        -3   -5   -2        0.99998701  -0.00000000
        -3    2   -2        -3   -5   -2       -0.00000354   0.00000000
        -3    2   -2        -3    2   -2        0.99998701   0.00000000
        -2   -5   -4        -3    2   -2       -0.00000260  -0.00000000
        -2   -5   -4        -2   -5   -4        0.99998700   0.00000000
        -2   -2    2        -2   -5   -4        0.00000026   0.00000000
        -2   -2    2        -2   -2    2        0.99998722  -0.00000000
         0   -4   -4        -2   -2    2       -0.00000064   0.00000000
         0   -4   -4         0   -4   -4        0.99999070  -0.00000000
         0    4    3         0   -4   -4        0.00000459   0.00000000
         0    4    3         0    4    3        0.99999070   0.00000000
         1   -4   -2         0    4    3       -0.00000430   0.00000000
         1   -4   -2         1   -4   -2        0.99998982  -0.00000000
         1   -4   -1         1   -4   -2       -0.00000668   0.00000000
         1   -4   -1         1   -4   -1        0.99998897  -0.00000000
         1    5    1         1   -4   -1       -0.00000612   0.00000001
         1    5    1         1    5    1        0.99998896   0.00000000
         1    5    2         1    5    1       -0.00000669  -0.00000000
         1    5    2         1    5    2        0.99998981  -0.00000000
         4   -1    0         1    5    2        0.00000088  -0.00000000
         4   -1    0         4   -1    0        0.99998898  -0.00000000
         4   -1    1         4   -1    0       -0.00000667  -0.00000000
         4   -1    1         4   -1    1        0.99998983  -0.00000000
         4    0    3         4   -1    1        0.00000327   0.00000000
         4    0    3         4    0    3        0.99999071  -0.00000000
         4    4    0         4    0    3        0.00000025   0.00000000
         4    4    0         4    4    0        0.99999072   0.00000000
         4    5    2         4    4    0        0.00000326  -0.00000000
         4    5    2         4    5    2        0.99998984   0.00000000
         4    5    3         4    5    2       -0.00000668   0.00000000
         4    5    3         4    5    3        0.99998897  -0.00000000
         5    1    1         4    5    3       -0.00000112   0.00000000
         5    1    1         5    1    1        0.99998895  -0.00000000
         5    1    2         5    1    1       -0.00000668   0.00000000
         5    1    2         5    1    2        0.99998982  -0.00000000
         5    4    2         5    1    2       -0.00000012   0.00000000
         5    4    2         5    4    2        0.99998983  -0.00000000
         5    4    3         5    4    2       -0.00000668   0.00000000
         5    4    3         5    4    3        0.99998896   0.00000000
        -4   -3    0         5    4    3       -0.00000073  -0.00000001
        -4   -3    0        -4   -3    0        0.99999208  -0.00000000
        -4   -1   -5        -4   -3    0       -0.00000043   0.00000000
        -4   -1   -5        -4   -1   -5        0.99999208  -0.00000000
        -3   -4    0        -4   -1   -5        0.00000046  -0.00000000
        -3   -4    0        -3   -4    0        0.99999208  -0.00000000
        -3    1   -4        -3   -4    0       -0.00000086  -0.00000000
        -3    1   -4        -3    1   -4        0.99999207   0.00000000
        -1   -4   -5        -3    1   -4       -0.00000031  -0.00000000
        -1   -4   -5        -1   -4   -5        0.99999208   0.00000000
        -1    3    3        -1   -4   -5        0.00000307  -0.00000000
        -1    3    3        -1    3    3        0.99999208   0.00000000
         1   -3   -4        -1    3    3       -0.00000375  -0.00000000
         1   -3   -4         1   -3   -4        0.99999207   0.00000000
         1    4    4         1   -3   -4        0.00000308   0.00000000
         1    4    4         1    4    4        0.99999207   0.00000000
         3   -1    3         1    4    4       -0.00000032  -0.00000000
         3   -1    3         3   -1    3        0.99999208   0.00000000
         3    4   -1         3   -1    3       -0.00000085   0.00000000
         3    4   -1         3    4   -1        0.99999208  -0.00000000
         4    1    4         3    4   -1        0.00000044  -0.00000000
         4    1    4         4    1    4        0.99999208   0.00000000
         4    3   -1         4    1    4       -0.00000044  -0.00000000
         4    3   -1         4    3   -1        0.99999209   0.00000000
        -5   -3   -5         4    3   -1        0.00000044  -0.00000001
        -5   -3   -5        -5   -3   -5        0.99999308   0.00000000
        -5   -2   -1        -5   -3   -5        0.00000034   0.00000000
        -5   -2   -1        -5   -2   -1        0.99999308  -0.00000000
        -3   -5   -5        -5   -2   -1       -0.00000087   0.00000000
        -3   -5   -5        -3   -5   -5        0.99999308  -0.00000000
        -3   -3   -6        -3   -5   -5       -0.00000226   0.00000000
        -3   -3   -6        -3   -3   -6        0.99999327  -0.00000000
        -2   -3   -6        -3   -3   -6       -0.00000367   0.00000000
        -2   -3   -6        -2   -3   -6        0.99999463   0.00000000
        -2   -2   -6        -2   -3   -6       -0.00000346   0.00000000
        -2   -2   -6        -2   -2   -6        0.99999442   0.00000000
        -2    0    3        -2   -2   -6       -0.00000129   0.00000000
        -2    0    3        -2    0    3        0.99999441  -0.00000000
        -2    1    3        -2    0    3       -0.00000347  -0.00000000
        -2    1    3        -2    1    3        0.99999463  -0.00000000
        -1   -5   -4        -2    1    3        0.00000030  -0.00000000
        -1   -5   -4        -1   -5   -4        0.99999466   0.00000000
        -1   -5   -1        -1   -5   -4        0.00000003  -0.00000000
        -1   -5   -1        -1   -5   -1        0.99999501  -0.00000000
        -1   -3    2        -1   -5   -1        0.00000027  -0.00000000
        -1   -3    2        -1   -3    2        0.99999462  -0.00000000
        -1    2   -4        -1   -3    2        0.00000156   0.00000000
        -1    2   -4        -1    2   -4        0.99999462  -0.00000000
        -1    4   -1        -1    2   -4        0.00000027   0.00000000
        -1    4   -1        -1    4   -1        0.99999501  -0.00000000
        -1    4    2        -1    4   -1        0.00000004   0.00000000
        -1    4    2        -1    4    2        0.99999466   0.00000000
         0   -2    3        -1    4    2        0.00000050   0.00000000
         0   -2    3         0   -2    3        0.99999442   0.00000000
         0    2   -4         0   -2    3       -0.00000269  -0.00000000
         0    2   -4         0    2   -4        0.99999442  -0.00000000
         1   -4   -3         0    2   -4        0.00000050   0.00000000
         1   -4   -3         1   -4   -3        0.99999466   0.00000000
         1   -4    0         1   -4   -3        0.00000003   0.00000000
         1   -4    0         1   -4    0        0.99999502  -0.00000000
         1   -2    3         1   -4    0        0.00000027   0.00000000
         1   -2    3         1   -2    3        0.99999463   0.00000000
         1    3   -3         1   -2    3        0.00000157  -0.00000000
         1    3   -3         1    3   -3        0.99999462  -0.00000000
         1    5    0         1    3   -3        0.00000027  -0.00000000
         1    5    0         1    5    0        0.99999501  -0.00000000
         1    5    3         1    5    0        0.00000003  -0.00000000
         1    5    3         1    5    3        0.99999466   0.00000000
         2   -1   -4         1    5    3        0.00000030  -0.00000000
         2   -1   -4         2   -1   -4        0.99999462  -0.00000000
         2    0   -4         2   -1   -4       -0.00000347  -0.00000000
         2    0   -4         2    0   -4        0.99999442   0.00000000
         2    2    5         2    0   -4       -0.00000129  -0.00000000
         2    2    5         2    2    5        0.99999442   0.00000000
         2    3    5         2    2    5       -0.00000347   0.00000000
         2    3    5         2    3    5        0.99999462   0.00000000
         3    1   -3         2    3    5        0.00000003  -0.00000000
         3    1   -3         3    1   -3        0.99999462  -0.00000000
         3    2    5         3    1   -3        0.00000012   0.00000000
         3    2    5         3    2    5        0.99999462   0.00000000
         4   -1   -1         3    2    5        0.00000000   0.00000000
         4   -1   -1         4   -1   -1        0.99999502  -0.00000000
         4   -1    2         4   -1   -1        0.00000004  -0.00000000
         4   -1    2         4   -1    2        0.99999466   0.00000000
         4    5    1         4   -1    2        0.00000005   0.00000000
         4    5    1         4    5    1        0.99999467  -0.00000000
         4    5    4         4    5    1        0.00000004   0.00000000
         4    5    4         4    5    4        0.99999502  -0.00000000
         5    1    0         4    5    4        0.00000064  -0.00000000
         5    1    0         5    1    0        0.99999501  -0.00000000
         5    1    3         5    1    0        0.00000004   0.00000000
         5    1    3         5    1    3        0.99999467   0.00000000
         5    4    1         5    1    3        0.00000035  -0.00000000
         5    4    1         5    4    1        0.99999467   0.00000000
         5    4    4         5    4    1        0.00000004  -0.00000000
         5    4    4         5    4    4        0.99999502  -0.00000000


     q= 0.0000 0.2500 0.2500  nmtx=     576  nrk= 18

           independent matrix elements of chi       spin index= 1 1

          g          g**2          gp          gp**2          chi(g,gp)
    0    0    0   0.09374         0    0    0   0.09374       -0.0199968896   0.0000000000
    0    0    0   0.09374        -1   -1   -1   0.84362        0.0001682221   0.0000000000
    0    0    0   0.09374         0   -1   -1   0.84362        0.0000000006  -0.0000000000
    0    0    0   0.09374         0   -1    0   0.84362       -0.0001682234  -0.0000000000
    0    0    0   0.09374         0    0   -1   0.84362       -0.0001682234   0.0000000000
    0    0    0   0.09374         1    0    0   0.84362       -0.0001682221  -0.0000000000
    0    0    0   0.09374        -1   -1    0   1.59350        0.0000001262  -0.0000000610
    0    0    0   0.09374        -1    0   -1   1.59350       -0.0000001280   0.0000000610
    0    0    0   0.09374        -1    0    0   1.59350       -0.0060679032   0.0000000000
    0    0    0   0.09374         0    0    1   1.59350       -0.0060678976  -0.0000000000
    0    0    0   0.09374         0    1    0   1.59350       -0.0060678976   0.0000000000
    0    0    0   0.09374         1    0    1   1.59350        0.0000001280  -0.0000000610
    0    0    0   0.09374         1    1    0   1.59350       -0.0000001262   0.0000000610
    0    0    0   0.09374         1    1    1   1.59350        0.0060679032  -0.0000000000
    0    0    0   0.09374        -1   -2   -1   2.34338        0.0009768581   0.0000000000
    0    0    0   0.09374        -1   -1   -2   2.34338        0.0009769122  -0.0000000000
    0    0    0   0.09374         0    1    1   2.34338        0.0000000113   0.0000000000
    0    0    0   0.09374         1   -1    0   2.34338       -0.0009769122   0.0000000000
    0    0    0   0.09374         1    0   -1   2.34338       -0.0009768581  -0.0000000000
    0    0    0   0.09374        -2   -1   -1   3.09326       -0.0005432692   0.0000000000
    0    0    0   0.09374        -1   -2   -2   3.09326        0.0022696424  -0.0000000000
    0    0    0   0.09374         0   -2   -1   3.09326        0.0022696515  -0.0000000000
    0    0    0   0.09374         0   -1   -2   3.09326        0.0022696515  -0.0000000000
    0    0    0   0.09374         0   -1    1   3.09326        0.0005432701  -0.0000000000
    0    0    0   0.09374         0    1   -1   3.09326        0.0005432701  -0.0000000000
    0    0    0   0.09374         1   -1   -1   3.09326       -0.0022696424   0.0000000000
    0    0    0   0.09374         2    1    1   3.09326       -0.0005432692   0.0000000000
    0    0    0   0.09374        -2   -2   -2   3.84314        0.0026629809  -0.0000000000
    0    0    0   0.09374        -2   -2   -1   3.84314        0.0004328874   0.0000001908
    0    0    0   0.09374        -2   -1   -2   3.84314        0.0004334338  -0.0000001908
    0    0    0   0.09374        -1   -2    0   3.84314        0.0004333338  -0.0000001908
    0    0    0   0.09374        -1    0   -2   3.84314        0.0004329890   0.0000001908
    0    0    0   0.09374        -1   -3   -2   6.09278       -0.0000000973  -0.0000001648
    0    0    0   0.09374        -1   -3   -1   6.09278       -0.0009011364  -0.0000001060
    0    0    0   0.09374        -1   -2   -3   6.09278        0.0000000938   0.0000001648
    0    0    0   0.09374        -1   -1   -3   6.09278       -0.0009008557   0.0000001060
    0    0    0   0.09374         1   -2   -1   6.09278       -0.0000000938  -0.0000001648
    0    0    0   0.09374         1   -2    0   6.09278        0.0009008557  -0.0000001060
    0    0    0   0.09374         1   -1   -2   6.09278        0.0000000973   0.0000001648
    0    0    0   0.09374         1    0   -2   6.09278        0.0009011364   0.0000001060
    0    0    0   0.09374         2   -1    0   6.09278        0.0009011816   0.0000001060
    0    0    0   0.09374         2    0   -1   6.09278        0.0009008164  -0.0000001060
    0    0    0   0.09374         2    0    2   6.09278       -0.0009907201   0.0000000000
    0    0    0   0.09374         2    2    0   6.09278       -0.0009906842   0.0000000000
    0    0    0   0.09374        -3   -2   -2   6.84266        0.0010658056  -0.0000000000
    0    0    0   0.09374        -2   -3   -1   6.84266       -0.0000001629   0.0000000290
    0    0    0   0.09374        -2   -1   -3   6.84266        0.0000001645  -0.0000000290
    0    0    0   0.09374         0   -2    1   6.84266        0.0010658073  -0.0000000000
    0    0    0   0.09374         0    1   -2   6.84266        0.0010658073  -0.0000000000
    0    0    0   0.09374         2   -1    1   6.84266        0.0000001645  -0.0000000290
    0    0    0   0.09374         2    1   -1   6.84266       -0.0000001629   0.0000000290
    0    0    0   0.09374         3    1    1   6.84266       -0.0010658056   0.0000000000
    0    0    0   0.09374        -3   -2   -1   7.59254        0.0005387097   0.0000000391
    0    0    0   0.09374        -3   -1   -2   7.59254        0.0005386799  -0.0000000391
    0    0    0   0.09374        -3   -1   -1   7.59254        0.0002751052  -0.0000000000
    0    0    0   0.09374        -2   -3   -3   7.59254        0.0003614619   0.0000000000
    0    0    0   0.09374        -1   -2    1   7.59254        0.0005386166  -0.0000000391
    0    0    0   0.09374        -1    1   -2   7.59254        0.0005387740   0.0000000391
    0    0    0   0.09374         0   -3   -1   7.59254       -0.0003614568  -0.0000000000
    0    0    0   0.09374         0   -1   -3   7.59254       -0.0003614568  -0.0000000000
    0    0    0   0.09374         0   -1    2   7.59254       -0.0002751028   0.0000000000
    0    0    0   0.09374         0    2   -1   7.59254       -0.0002751028   0.0000000000
    0    0    0   0.09374         0    2    2   7.59254       -0.0010377126   0.0000000000
    0    0    0   0.09374         1   -1    2   7.59254       -0.0005387740  -0.0000000391
    0    0    0   0.09374         0   -3    0   9.09231        0.0000286189   0.0000000000
    0    0    0   0.09374         0    0   -3   9.09231        0.0000286189   0.0000000000
    0    0    0   0.09374         1    2    3   9.09231        0.0000000955   0.0000000158
    0    0    0   0.09374         1    3    2   9.09231       -0.0000000980  -0.0000000158
    0    0    0   0.09374         3    0    0   9.09231        0.0000286179   0.0000000000
    0    0    0   0.09374        -3   -3   -1   9.84219        0.0003107652   0.0000000045
    0    0    0   0.09374        -3   -1   -3   9.84219        0.0003108425  -0.0000000045
    0    0    0   0.09374        -3   -1    0   9.84219       -0.0002864837   0.0000000023
    0    0    0   0.09374        -3    0   -1   9.84219       -0.0002865651  -0.0000000023
    0    0    0   0.09374        -2   -3    0   9.84219       -0.0003108240   0.0000000045
    0    0    0   0.09374        -2    0   -3   9.84219       -0.0003107829  -0.0000000045
    0    0    0   0.09374        -1   -1    2   9.84219        0.0002865479   0.0000000023
    0    0    0   0.09374        -1    2   -1   9.84219        0.0002865002  -0.0000000023
    0    0    0   0.09374         1    0    3   9.84219       -0.0002865002   0.0000000023
    0    0    0   0.09374         1    3    0   9.84219       -0.0002865479  -0.0000000023
    0    0    0   0.09374         2   -1    2   9.84219       -0.0003107829  -0.0000000045
    0    0    0   0.09374         2    2   -1   9.84219       -0.0003108240   0.0000000045
    0    0    0   0.09374         3    0    2   9.84219       -0.0003108425   0.0000000045
    0    0    0   0.09374         3    2    0   9.84219       -0.0003107652  -0.0000000045
    0    0    0   0.09374         3    2    3   9.84219        0.0002865651   0.0000000023
    0    0    0   0.09374         3    3    2   9.84219        0.0002864837  -0.0000000023
    0    0    0   0.09374        -3   -2    0  10.59207       -0.0001405946   0.0000000294
    0    0    0   0.09374        -3    0   -2  10.59207       -0.0001407149  -0.0000000294
    0    0    0   0.09374        -2   -4   -2  10.59207        0.0003511932  -0.0000000000
    0    0    0   0.09374        -2   -2   -4  10.59207        0.0003512021  -0.0000000000
    0    0    0   0.09374        -2   -2    1  10.59207       -0.0001407097  -0.0000000294
    0    0    0   0.09374        -2    1   -2  10.59207       -0.0001405966   0.0000000294
    0    0    0   0.09374        -2    1    1  10.59207        0.0002298269  -0.0000000000
    0    0    0   0.09374         0    1    3  10.59207       -0.0002298239   0.0000000000
    0    0    0   0.09374         0    3    1  10.59207       -0.0002298239   0.0000000000
    0    0    0   0.09374         2   -2    0  10.59207        0.0003512021  -0.0000000000
    0    0    0   0.09374         2    0   -2  10.59207        0.0003511932  -0.0000000000
    0    0    0   0.09374         1   -3    0  12.09183        0.0001259266  -0.0000000226
    0    0    0   0.09374         1    0   -3  12.09183        0.0001260041   0.0000000226
    0    0    0   0.09374         1    3    3  12.09183        0.0001073591   0.0000000000
    0    0    0   0.09374         2   -2    1  12.09183        0.0001341862   0.0000000063
    0    0    0   0.09374         2    1   -2  12.09183        0.0001341423  -0.0000000063
    0    0    0   0.09374         3   -1    0  12.09183        0.0001260131   0.0000000226
    0    0    0   0.09374         3   -1    1  12.09183       -0.0001341356   0.0000000063
    0    0    0   0.09374         3    0   -1  12.09183        0.0001259195  -0.0000000226
    0    0    0   0.09374         3    1   -1  12.09183       -0.0001341918  -0.0000000063
    0    0    0   0.09374         4    2    2  12.09183        0.0001481259   0.0000000000
    0    0    0   0.09374        -4   -3   -3  12.84171       -0.0000367577   0.0000000000
    0    0    0   0.09374        -4   -3   -2  12.84171        0.0000984606  -0.0000000036
    0    0    0   0.09374        -4   -2   -3  12.84171        0.0000984877   0.0000000036
    0    0    0   0.09374        -1   -4   -3  12.84171        0.0001501052   0.0000000000
    0    0    0   0.09374        -1   -3   -4  12.84171        0.0001501039   0.0000000000
    0    0    0   0.09374        -1   -3    1  12.84171       -0.0000984984  -0.0000000036
    0    0    0   0.09374        -1    1   -3  12.84171       -0.0000984510   0.0000000036
    0    0    0   0.09374         0   -3    1  12.84171        0.0000367573  -0.0000000000
    0    0    0   0.09374         0    1   -3  12.84171        0.0000367573  -0.0000000000
    0    0    0   0.09374         1   -3   -2  12.84171       -0.0001501039  -0.0000000000
    0    0    0   0.09374         1   -2   -3  12.84171       -0.0001501052  -0.0000000000
    0    0    0   0.09374         1   -2    2  12.84171        0.0000984510  -0.0000000036
    0    0    0   0.09374         1    2   -2  12.84171        0.0000984984   0.0000000036
    0    0    0   0.09374         4    1    1  12.84171       -0.0000367577   0.0000000000
    0    0    0   0.09374         4    1    2  12.84171        0.0000984877   0.0000000036
    0    0    0   0.09374         4    2    1  12.84171        0.0000984606  -0.0000000036
    0    0    0   0.09374        -4   -2   -1  13.59159        0.0000814635   0.0000000076
    0    0    0   0.09374        -4   -1   -2  13.59159        0.0000814772  -0.0000000076
    0    0    0   0.09374        -3   -3    0  13.59159        0.0000000126   0.0000000105
    0    0    0   0.09374        -3    0   -3  13.59159       -0.0000000131  -0.0000000105
    0    0    0   0.09374        -2    0    2  13.59159        0.0000286198  -0.0000000000
    0    0    0   0.09374        -2    2    0  13.59159        0.0000286124  -0.0000000000
    0    0    0   0.09374         3    4    2  14.34147        0.0000628356   0.0000000176
    0    0    0   0.09374         4    3    3  14.34147        0.0000919248  -0.0000000000
    0    0    0   0.09374        -4   -4   -3  15.09135       -0.0000701375   0.0000000061
    0    0    0   0.09374        -4   -3   -4  15.09135       -0.0000701861  -0.0000000061
    0    0    0   0.09374        -4   -3   -1  15.09135        0.0000574350   0.0000000020
    0    0    0   0.09374        -4   -1   -3  15.09135        0.0000574826  -0.0000000020
    0    0    0   0.09374        -3    0    1  15.09135       -0.0001230027  -0.0000000120
    0    0    0   0.09374        -3    1    0  15.09135       -0.0001229486   0.0000000120
    0    0    0   0.09374        -2   -3    1  15.09135       -0.0000574780   0.0000000020
    0    0    0   0.09374        -2    1   -3  15.09135       -0.0000574402  -0.0000000020
    0    0    0   0.09374        -2    1    2  15.09135        0.0000579971   0.0000000065
    0    0    0   0.09374        -2    2    1  15.09135        0.0000579623  -0.0000000065
    0    0    0   0.09374        -1   -4    0  15.09135       -0.0000701838  -0.0000000061
    0    0    0   0.09374        -1    0   -4  15.09135       -0.0000701384   0.0000000061
    0    0    0   0.09374        -1    0    3  15.09135       -0.0001229454   0.0000000120
    0    0    0   0.09374        -1    1    3  15.09135       -0.0000579642   0.0000000065
    0    0    0   0.09374        -1    3    0  15.09135       -0.0001230073  -0.0000000120
    0    0    0   0.09374        -1    3    1  15.09135       -0.0000579940  -0.0000000065
    0    0    0   0.09374         1   -3    1  15.09135        0.0000701384  -0.0000000061
    0    0    0   0.09374         1    1   -3  15.09135        0.0000701838   0.0000000061
    0    0    0   0.09374         1    1    4  15.09135        0.0001230073   0.0000000120
    0    0    0   0.09374         1    2    4  15.09135        0.0000579940   0.0000000065
    0    0    0   0.09374         1    4    1  15.09135        0.0001229454  -0.0000000120
    0    0    0   0.09374         1    4    2  15.09135        0.0000579642  -0.0000000065
    0    0    0   0.09374         2   -1    3  15.09135       -0.0000574402  -0.0000000020
    0    0    0   0.09374         2    3   -1  15.09135       -0.0000574780   0.0000000020
    0    0    0   0.09374         2    3    4  15.09135        0.0000579623  -0.0000000065
    0    0    0   0.09374         2    4    3  15.09135        0.0000579971   0.0000000065
    0    0    0   0.09374         3    3    4  15.09135        0.0001229486  -0.0000000120
    0    0    0   0.09374         3    4    3  15.09135        0.0001230027   0.0000000120
    0    0    0   0.09374         4    0    1  15.09135       -0.0000701861  -0.0000000061
    0    0    0   0.09374         4    1    0  15.09135       -0.0000701375   0.0000000061
    0    0    0   0.09374        -2   -2   -5  17.34100        0.0000513365  -0.0000000091
    0    0    0   0.09374        -2   -2    2  17.34100        0.0000020907  -0.0000000095
    0    0    0   0.09374        -2    2   -2  17.34100        0.0000021281   0.0000000095
    0    0    0   0.09374        -1   -1    3  17.34100       -0.0000449226   0.0000000032
    0    0    0   0.09374        -1    2    3  17.34100       -0.0000153546   0.0000000000
    0    0    0   0.09374        -1    3   -1  17.34100       -0.0000449572  -0.0000000032
    0    0    0   0.09374        -1    3    2  17.34100       -0.0000153523  -0.0000000000
    0    0    0   0.09374         1    0    4  17.34100        0.0000449572   0.0000000032
    0    0    0   0.09374         1    3    4  17.34100        0.0000153523  -0.0000000000
    0    0    0   0.09374         1    4    0  17.34100        0.0000449226  -0.0000000032
    0    0    0   0.09374         1    4    3  17.34100        0.0000153546   0.0000000000
    0    0    0   0.09374         2   -3   -1  17.34100       -0.0000000192  -0.0000000117
    0    0    0   0.09374         2   -3    0  17.34100        0.0000513365  -0.0000000091
    0    0    0   0.09374         2   -1   -3  17.34100        0.0000000192   0.0000000117
    0    0    0   0.09374         2    0   -3  17.34100        0.0000513747   0.0000000091
    0    0    0   0.09374         2    0    4  17.34100        0.0000021281   0.0000000095
    0    0    0   0.09374         2    4    0  17.34100        0.0000020907  -0.0000000095
    0    0    0   0.09374         3   -2    0  17.34100        0.0000513748   0.0000000091
    0    0    0   0.09374         3    0   -2  17.34100        0.0000513374  -0.0000000091
    0    0    0   0.09374         4    2    4  17.34100        0.0000020932  -0.0000000095
    0    0    0   0.09374         4    3    4  17.34100        0.0000449226  -0.0000000032
    0    0    0   0.09374         4    4    2  17.34100        0.0000021241   0.0000000095
    0    0    0   0.09374         4    4    3  17.34100        0.0000449564   0.0000000032
    0    0    0   0.09374        -3   -5   -2  18.09088        0.0000000210   0.0000000105
    0    0    0   0.09374        -3   -2   -5  18.09088       -0.0000000217  -0.0000000105
    0    0    0   0.09374        -3    1    1  18.09088       -0.0000689385   0.0000000000
    0    0    0   0.09374         0    1    4  18.09088        0.0000689392  -0.0000000000
    0    0    0   0.09374         0    4    1  18.09088        0.0000689392  -0.0000000000
    0    0    0   0.09374         3   -2    1  18.09088        0.0000000217   0.0000000105
    0    0    0   0.09374         3    1   -2  18.09088       -0.0000000210  -0.0000000105
    0    0    0   0.09374         3    4    4  18.09088        0.0000689385  -0.0000000000
    0    0    0   0.09374        -5   -3   -3  18.84076        0.0000383079  -0.0000000000
    0    0    0   0.09374        -3    1   -3  19.59064        0.0000110762  -0.0000000037
    0    0    0   0.09374        -2   -5   -4  19.59064       -0.0000218045   0.0000000028
    0    0    0   0.09374        -2   -5   -1  19.59064        0.0000158205  -0.0000000011
    0    0    0   0.09374        -2   -4   -5  19.59064       -0.0000218126  -0.0000000028
    0    0    0   0.09374        -2   -1   -5  19.59064        0.0000158024   0.0000000011
    0    0    0   0.09374        -1   -5   -3  19.59064        0.0000218134   0.0000000028
    0    0    0   0.09374        -1   -3   -5  19.59064        0.0000218036  -0.0000000028
    0    0    0   0.09374        -1   -3    2  19.59064       -0.0000508285  -0.0000000000
    0    0    0   0.09374        -1    2   -3  19.59064       -0.0000508204   0.0000000000
    0    0    0   0.09374         0   -2    3  19.59064        0.0000144479  -0.0000000000
    0    0    0   0.09374         0    0    4  19.59064        0.0000257568  -0.0000000000
    0    0    0   0.09374         0    3   -2  19.59064        0.0000144479  -0.0000000000
    0    0    0   0.09374         0    4    0  19.59064        0.0000257568  -0.0000000000
    0    0    0   0.09374         1   -4   -2  19.59064       -0.0000218036   0.0000000028
    0    0    0   0.09374         1   -2   -4  19.59064       -0.0000218134  -0.0000000028
    0    0    0   0.09374         1   -2    3  19.59064        0.0000508204  -0.0000000000
    0    0    0   0.09374         1    3   -2  19.59064        0.0000508285   0.0000000000
    0    0    0   0.09374         2   -3   -2  19.59064       -0.0000218126  -0.0000000028
    0    0    0   0.09374         2   -3    1  19.59064        0.0000158024   0.0000000011
    0    0    0   0.09374         2   -2   -3  19.59064       -0.0000218045   0.0000000028
    0    0    0   0.09374         2    1   -3  19.59064        0.0000158205  -0.0000000011
    0    0    0   0.09374         3    0    4  19.59064       -0.0000110762   0.0000000037
    0    0    0   0.09374         3    4    0  19.59064       -0.0000110819  -0.0000000037
    0    0    0   0.09374         4   -1    1  19.59064       -0.0000158188   0.0000000011
    0    0    0   0.09374         4    1   -1  19.59064       -0.0000158045  -0.0000000011
    0    0    0   0.09374         4    1    4  19.59064       -0.0000110787  -0.0000000037
    0    0    0   0.09374         4    4    1  19.59064       -0.0000110801   0.0000000037
    0    0    0   0.09374         4    4    4  19.59064        0.0000257565  -0.0000000000
    0    0    0   0.09374         5    2    3  19.59064       -0.0000508259  -0.0000000000
    0    0    0   0.09374         5    3    2  19.59064       -0.0000508231   0.0000000000
    0    0    0   0.09374         5    3    3  19.59064       -0.0000144477  -0.0000000000
    0    0    0   0.09374        -5   -4   -3  20.34052       -0.0000008095  -0.0000000018
    0    0    0   0.09374         3    2   -2  21.09040        0.0000114358  -0.0000000041
    0    0    0   0.09374         3    2    5  21.09040       -0.0000000133  -0.0000000102
    0    0    0   0.09374         3    3    5  21.09040        0.0000278595  -0.0000000058
    0    0    0   0.09374         3    5    2  21.09040        0.0000000127   0.0000000102
    0    0    0   0.09374         3    5    3  21.09040        0.0000278783   0.0000000058
    0    0    0   0.09374         4   -1    2  21.09040        0.0000114356  -0.0000000041
    0    0    0   0.09374         4    2   -1  21.09040        0.0000114545   0.0000000041
    0    0    0   0.09374         5    1    1  21.09040        0.0000255884  -0.0000000000
    0    0    0   0.09374        -5   -4   -2  21.84028        0.0000361068  -0.0000000007
    0    0    0   0.09374        -5   -2   -4  21.84028        0.0000360863   0.0000000007
    0    0    0   0.09374        -5   -2   -1  21.84028       -0.0000218720   0.0000000023
    0    0    0   0.09374        -5   -1   -2  21.84028       -0.0000218537  -0.0000000023
    0    0    0   0.09374        -2   -4    1  21.84028        0.0000360883   0.0000000007
    0    0    0   0.09374        -2    1   -4  21.84028        0.0000361047  -0.0000000007
    0    0    0   0.09374        -2    1    3  21.84028        0.0000000081   0.0000000067
    0    0    0   0.09374        -2    3    1  21.84028       -0.0000000083  -0.0000000067
    0    0    0   0.09374        -1   -2    3  21.84028       -0.0000218549  -0.0000000023
    0    0    0   0.09374        -1    3   -2  21.84028       -0.0000218703   0.0000000023
    0    0    0   0.09374        -1    3    3  21.84028       -0.0000115235  -0.0000000000
    0    0    0   0.09374         0    3    4  21.84028        0.0000115234  -0.0000000000
    0    0    0   0.09374         0    4    3  21.84028        0.0000115234   0.0000000000
    0    0    0   0.09374         1   -1    4  21.84028        0.0000218703  -0.0000000023
    0    0    0   0.09374         1    4   -1  21.84028        0.0000218549   0.0000000023
    0    0    0   0.09374         1    4    4  21.84028        0.0000115235  -0.0000000000
    0    0    0   0.09374         2   -2    3  21.84028        0.0000361047  -0.0000000007
    0    0    0   0.09374         2    3   -2  21.84028        0.0000360883   0.0000000007
    0    0    0   0.09374         2    3    5  21.84028       -0.0000000083  -0.0000000067
    0    0    0   0.09374         2    5    3  21.84028        0.0000000081   0.0000000067
    0    0    0   0.09374         5    1    3  21.84028       -0.0000360863  -0.0000000007
    0    0    0   0.09374         5    3    1  21.84028       -0.0000361068   0.0000000007
    0    0    0   0.09374         5    3    4  21.84028        0.0000218537   0.0000000023
    0    0    0   0.09374         5    4    3  21.84028        0.0000218720  -0.0000000023
    0    0    0   0.09374        -1    1    4  23.34005        0.0000105545   0.0000000006
    0    0    0   0.09374        -1    4    1  23.34005        0.0000105611  -0.0000000006
    0    0    0   0.09374         0   -5   -1  23.34005       -0.0000123067  -0.0000000000
    0    0    0   0.09374         0   -1   -5  23.34005       -0.0000123067  -0.0000000000
    0    0    0   0.09374         0   -1    4  23.34005        0.0000144441  -0.0000000000
    0    0    0   0.09374         0    4   -1  23.34005        0.0000144441  -0.0000000000
    0    0    0   0.09374         1    2    5  23.34005       -0.0000105611   0.0000000006
    0    0    0   0.09374         1    5    2  23.34005       -0.0000105545  -0.0000000006
    0    0    0   0.09374         3    1    5  23.34005       -0.0000103841  -0.0000000028
    0    0    0   0.09374         3    4    5  23.34005        0.0000105564   0.0000000006
    0    0    0   0.09374         3    5    1  23.34005       -0.0000103661   0.0000000028
    0    0    0   0.09374         3    5    4  23.34005        0.0000105585  -0.0000000006
    0    0    0   0.09374         4   -1   -1  23.34005        0.0000123070   0.0000000000
    0    0    0   0.09374         4    2    5  23.34005        0.0000103656  -0.0000000028
    0    0    0   0.09374         4    5    2  23.34005        0.0000103840   0.0000000028
    0    0    0   0.09374         5    4    4  23.34005        0.0000144443  -0.0000000000
    0    0    0   0.09374        -5   -5   -4  24.08993       -0.0000162444  -0.0000000024
    0    0    0   0.09374        -5   -5   -3  24.08993       -0.0000065673  -0.0000000049
    0    0    0   0.09374        -5   -4   -5  24.08993       -0.0000162366   0.0000000024
    0    0    0   0.09374        -5   -3   -5  24.08993       -0.0000065739   0.0000000049
    0    0    0   0.09374        -4   -4    0  24.08993       -0.0000152289   0.0000000000
    0    0    0   0.09374        -4    0   -4  24.08993       -0.0000152271   0.0000000000
    0    0    0   0.09374        -4    0    1  24.08993       -0.0000091400  -0.0000000034
    0    0    0   0.09374        -4    1    0  24.08993       -0.0000091395   0.0000000034
    0    0    0   0.09374        -2   -5   -5  24.08993        0.0000128567   0.0000000000
    0    0    0   0.09374        -2   -5    0  24.08993        0.0000065753  -0.0000000049
    0    0    0   0.09374        -2    0   -5  24.08993        0.0000065663   0.0000000049
    0    0    0   0.09374        -1   -5    0  24.08993        0.0000162369  -0.0000000024
    0    0    0   0.09374        -1    0   -5  24.08993        0.0000162447   0.0000000024
    0    0    0   0.09374        -1    0    4  24.08993       -0.0000091401   0.0000000034
    0    0    0   0.09374        -1    4    0  24.08993       -0.0000091394  -0.0000000034
    0    0    0   0.09374         0   -5   -3  24.08993       -0.0000128569  -0.0000000000
   -1   -1   -1   0.84362        -1   -1   -1   0.84362       -0.0355550882   0.0000000000
    0   -1   -1   0.84362         0   -1   -1   0.84362       -0.0360682318  -0.0000000000
    0   -1    0   0.84362         0   -1    0   0.84362       -0.0355550834   0.0000000000
    0    0   -1   0.84362         0    0   -1   0.84362       -0.0355550834   0.0000000000
    1    0    0   0.84362         1    0    0   0.84362       -0.0355550882   0.0000000000
   -1   -1    0   1.59350        -1   -1    0   1.59350       -0.0342683100   0.0000000000
   -1    0   -1   1.59350        -1    0   -1   1.59350       -0.0342691462   0.0000000000
   -1    0    0   1.59350        -1    0    0   1.59350       -0.0330770224   0.0000000000
    0    0    1   1.59350         0    0    1   1.59350       -0.0330770409   0.0000000000
    0    1    0   1.59350         0    1    0   1.59350       -0.0330770409   0.0000000000
    1    0    1   1.59350         1    0    1   1.59350       -0.0342691462   0.0000000000
    1    1    0   1.59350         1    1    0   1.59350       -0.0342683100   0.0000000000
    1    1    1   1.59350         1    1    1   1.59350       -0.0330770224  -0.0000000000
   -1   -2   -1   2.34338        -1   -2   -1   2.34338       -0.0278879959   0.0000000000
   -1   -1   -2   2.34338        -1   -1   -2   2.34338       -0.0278915404  -0.0000000000
    0    1    1   2.34338         0    1    1   2.34338       -0.0279665968  -0.0000000000
    1   -1    0   2.34338         1   -1    0   2.34338       -0.0278915404   0.0000000000
    1    0   -1   2.34338         1    0   -1   2.34338       -0.0278879959   0.0000000000
   -2   -1   -1   3.09326        -2   -1   -1   3.09326       -0.0227541751  -0.0000000000
   -1   -2   -2   3.09326        -1   -2   -2   3.09326       -0.0217064742   0.0000000000
    0   -2   -1   3.09326         0   -2   -1   3.09326       -0.0217066468   0.0000000000
    0   -1   -2   3.09326         0   -1   -2   3.09326       -0.0217066468  -0.0000000000
    0   -1    1   3.09326         0   -1    1   3.09326       -0.0227541775  -0.0000000000
    0    1   -1   3.09326         0    1   -1   3.09326       -0.0227541775   0.0000000000
    1   -1   -1   3.09326         1   -1   -1   3.09326       -0.0217064742   0.0000000000
    2    1    1   3.09326         2    1    1   3.09326       -0.0227541751  -0.0000000000
   -2   -2   -2   3.84314        -2   -2   -2   3.84314       -0.0164298628  -0.0000000000
   -2   -2   -1   3.84314        -2   -2   -1   3.84314       -0.0156342535   0.0000000000
   -2   -1   -2   3.84314        -2   -1   -2   3.84314       -0.0156391631  -0.0000000000
   -1   -2    0   3.84314        -1   -2    0   3.84314       -0.0156386336  -0.0000000000
   -1    0   -2   3.84314        -1    0   -2   3.84314       -0.0156347629  -0.0000000000
   -1   -3   -2   6.09278        -1   -3   -2   6.09278       -0.0043381764   0.0000000000
   -1   -3   -1   6.09278        -1   -3   -1   6.09278       -0.0043897176   0.0000000000
   -1   -2   -3   6.09278        -1   -2   -3   6.09278       -0.0043409850   0.0000000000
   -1   -1   -3   6.09278        -1   -1   -3   6.09278       -0.0043979148  -0.0000000000
    1   -2   -1   6.09278         1   -2   -1   6.09278       -0.0043409850  -0.0000000000
    1   -2    0   6.09278         1   -2    0   6.09278       -0.0043979148  -0.0000000000
    1   -1   -2   6.09278         1   -1   -2   6.09278       -0.0043381764   0.0000000000
    1    0   -2   6.09278         1    0   -2   6.09278       -0.0043897176   0.0000000000
    2   -1    0   6.09278         2   -1    0   6.09278       -0.0043922160   0.0000000000
    2    0   -1   6.09278         2    0   -1   6.09278       -0.0043954354  -0.0000000000
    2    0    2   6.09278         2    0    2   6.09278       -0.0042238600  -0.0000000000
    2    2    0   6.09278         2    2    0   6.09278       -0.0042236575   0.0000000000
   -3   -2   -2   6.84266        -3   -2   -2   6.84266       -0.0027244400   0.0000000000
   -2   -3   -1   6.84266        -2   -3   -1   6.84266       -0.0026649003   0.0000000000
   -2   -1   -3   6.84266        -2   -1   -3   6.84266       -0.0026654281   0.0000000000
    0   -2    1   6.84266         0   -2    1   6.84266       -0.0027244282   0.0000000000
    0    1   -2   6.84266         0    1   -2   6.84266       -0.0027244282   0.0000000000
    2   -1    1   6.84266         2   -1    1   6.84266       -0.0026654281   0.0000000000
    2    1   -1   6.84266         2    1   -1   6.84266       -0.0026649003   0.0000000000
    3    1    1   6.84266         3    1    1   6.84266       -0.0027244400   0.0000000000
   -3   -2   -1   7.59254        -3   -2   -1   7.59254       -0.0016463010   0.0000000000
   -3   -1   -2   7.59254        -3   -1   -2   7.59254       -0.0016536600  -0.0000000000
   -3   -1   -1   7.59254        -3   -1   -1   7.59254       -0.0016100981  -0.0000000000
   -2   -3   -3   7.59254        -2   -3   -3   7.59254       -0.0016307939  -0.0000000000
   -1   -2    1   7.59254        -1   -2    1   7.59254       -0.0016534579  -0.0000000000
   -1    1   -2   7.59254        -1    1   -2   7.59254       -0.0016465186  -0.0000000000
    0   -3   -1   7.59254         0   -3   -1   7.59254       -0.0016307815  -0.0000000000
    0   -1   -3   7.59254         0   -1   -3   7.59254       -0.0016307815  -0.0000000000
    0   -1    2   7.59254         0   -1    2   7.59254       -0.0016101058  -0.0000000000
    0    2   -1   7.59254         0    2   -1   7.59254       -0.0016101058  -0.0000000000
    0    2    2   7.59254         0    2    2   7.59254       -0.0016049132  -0.0000000000
    1   -1    2   7.59254         1   -1    2   7.59254       -0.0016465186   0.0000000000
    0   -3    0   9.09231         0   -3    0   9.09231       -0.0006374975  -0.0000000000
    0    0   -3   9.09231         0    0   -3   9.09231       -0.0006374975   0.0000000000
    1    2    3   9.09231         1    2    3   9.09231       -0.0006804692   0.0000000000
    1    3    2   9.09231         1    3    2   9.09231       -0.0006796226  -0.0000000000
    3    0    0   9.09231         3    0    0   9.09231       -0.0006374972   0.0000000000
   -3   -3   -1   9.84219        -3   -3   -1   9.84219       -0.0004465851   0.0000000000
   -3   -1   -3   9.84219        -3   -1   -3   9.84219       -0.0004459573  -0.0000000000
   -3   -1    0   9.84219        -3   -1    0   9.84219       -0.0004489249  -0.0000000000
   -3    0   -1   9.84219        -3    0   -1   9.84219       -0.0004496782  -0.0000000000
   -2   -3    0   9.84219        -2   -3    0   9.84219       -0.0004459126   0.0000000000
   -2    0   -3   9.84219        -2    0   -3   9.84219       -0.0004466329   0.0000000000
   -1   -1    2   9.84219        -1   -1    2   9.84219       -0.0004495580  -0.0000000000
   -1    2   -1   9.84219        -1    2   -1   9.84219       -0.0004490489  -0.0000000000
    1    0    3   9.84219         1    0    3   9.84219       -0.0004490489  -0.0000000000
    1    3    0   9.84219         1    3    0   9.84219       -0.0004495580   0.0000000000
    2   -1    2   9.84219         2   -1    2   9.84219       -0.0004466329  -0.0000000000
    2    2   -1   9.84219         2    2   -1   9.84219       -0.0004459126   0.0000000000
    3    0    2   9.84219         3    0    2   9.84219       -0.0004459573  -0.0000000000
    3    2    0   9.84219         3    2    0   9.84219       -0.0004465851   0.0000000000
    3    2    3   9.84219         3    2    3   9.84219       -0.0004496782  -0.0000000000
    3    3    2   9.84219         3    3    2   9.84219       -0.0004489249   0.0000000000
   -3   -2    0  10.59207        -3   -2    0  10.59207       -0.0003123783   0.0000000000
   -3    0   -2  10.59207        -3    0   -2  10.59207       -0.0003133590   0.0000000000
   -2   -4   -2  10.59207        -2   -4   -2  10.59207       -0.0003634621  -0.0000000000
   -2   -2   -4  10.59207        -2   -2   -4  10.59207       -0.0003635921   0.0000000000
   -2   -2    1  10.59207        -2   -2    1  10.59207       -0.0003132937  -0.0000000000
   -2    1   -2  10.59207        -2    1   -2  10.59207       -0.0003124491   0.0000000000
   -2    1    1  10.59207        -2    1    1  10.59207       -0.0003233990   0.0000000000
    0    1    3  10.59207         0    1    3  10.59207       -0.0003234022  -0.0000000000
    0    3    1  10.59207         0    3    1  10.59207       -0.0003234022  -0.0000000000
    2   -2    0  10.59207         2   -2    0  10.59207       -0.0003635921  -0.0000000000
    2    0   -2  10.59207         2    0   -2  10.59207       -0.0003634621   0.0000000000
    1   -3    0  12.09183         1   -3    0  12.09183       -0.0001760030   0.0000000000
    1    0   -3  12.09183         1    0   -3  12.09183       -0.0001756293  -0.0000000000
    1    3    3  12.09183         1    3    3  12.09183       -0.0001590715   0.0000000000
    2   -2    1  12.09183         2   -2    1  12.09183       -0.0001726004   0.0000000000
    2    1   -2  12.09183         2    1   -2  12.09183       -0.0001724810  -0.0000000000
    3   -1    0  12.09183         3   -1    0  12.09183       -0.0001756729   0.0000000000
    3   -1    1  12.09183         3   -1    1  12.09183       -0.0001724905  -0.0000000000
    3    0   -1  12.09183         3    0   -1  12.09183       -0.0001759533   0.0000000000
    3    1   -1  12.09183         3    1   -1  12.09183       -0.0001725886  -0.0000000000
    4    2    2  12.09183         4    2    2  12.09183       -0.0001878898   0.0000000000
   -4   -3   -3  12.84171        -4   -3   -3  12.84171       -0.0001341157   0.0000000000
   -4   -3   -2  12.84171        -4   -3   -2  12.84171       -0.0001320530   0.0000000000
   -4   -2   -3  12.84171        -4   -2   -3  12.84171       -0.0001323748   0.0000000000
   -1   -4   -3  12.84171        -1   -4   -3  12.84171       -0.0001250154  -0.0000000000
   -1   -3   -4  12.84171        -1   -3   -4  12.84171       -0.0001249921  -0.0000000000
   -1   -3    1  12.84171        -1   -3    1  12.84171       -0.0001323637   0.0000000000
   -1    1   -3  12.84171        -1    1   -3  12.84171       -0.0001320674   0.0000000000
    0   -3    1  12.84171         0   -3    1  12.84171       -0.0001341170   0.0000000000
    0    1   -3  12.84171         0    1   -3  12.84171       -0.0001341170  -0.0000000000
    1   -3   -2  12.84171         1   -3   -2  12.84171       -0.0001249921   0.0000000000
    1   -2   -3  12.84171         1   -2   -3  12.84171       -0.0001250154  -0.0000000000
    1   -2    2  12.84171         1   -2    2  12.84171       -0.0001320674  -0.0000000000
    1    2   -2  12.84171         1    2   -2  12.84171       -0.0001323637   0.0000000000
    4    1    1  12.84171         4    1    1  12.84171       -0.0001341157  -0.0000000000
    4    1    2  12.84171         4    1    2  12.84171       -0.0001323748   0.0000000000
    4    2    1  12.84171         4    2    1  12.84171       -0.0001320530  -0.0000000000
   -4   -2   -1  13.59159        -4   -2   -1  13.59159       -0.0000992040  -0.0000000000
   -4   -1   -2  13.59159        -4   -1   -2  13.59159       -0.0000993207  -0.0000000000
   -3   -3    0  13.59159        -3   -3    0  13.59159       -0.0000883321   0.0000000000
   -3    0   -3  13.59159        -3    0   -3  13.59159       -0.0000883385   0.0000000000
   -2    0    2  13.59159        -2    0    2  13.59159       -0.0001076782  -0.0000000000
   -2    2    0  13.59159        -2    2    0  13.59159       -0.0001077082  -0.0000000000
    3    4    2  14.34147         3    4    2  14.34147       -0.0000777505  -0.0000000000
    4    3    3  14.34147         4    3    3  14.34147       -0.0000844017   0.0000000000
   -4   -4   -3  15.09135        -4   -4   -3  15.09135       -0.0000629369  -0.0000000000
   -4   -3   -4  15.09135        -4   -3   -4  15.09135       -0.0000627626  -0.0000000000
   -4   -3   -1  15.09135        -4   -3   -1  15.09135       -0.0000563125  -0.0000000000
   -4   -1   -3  15.09135        -4   -1   -3  15.09135       -0.0000561361  -0.0000000000
   -3    0    1  15.09135        -3    0    1  15.09135       -0.0000630775   0.0000000000
   -3    1    0  15.09135        -3    1    0  15.09135       -0.0000631399  -0.0000000000
   -2   -3    1  15.09135        -2   -3    1  15.09135       -0.0000561341  -0.0000000000
   -2    1   -3  15.09135        -2    1   -3  15.09135       -0.0000563143  -0.0000000000
   -2    1    2  15.09135        -2    1    2  15.09135       -0.0000591527   0.0000000000
   -2    2    1  15.09135        -2    2    1  15.09135       -0.0000592794   0.0000000000
   -1   -4    0  15.09135        -1   -4    0  15.09135       -0.0000627434  -0.0000000000
   -1    0   -4  15.09135        -1    0   -4  15.09135       -0.0000629558   0.0000000000
   -1    0    3  15.09135        -1    0    3  15.09135       -0.0000630846  -0.0000000000
   -1    1    3  15.09135        -1    1    3  15.09135       -0.0000592604   0.0000000000
   -1    3    0  15.09135        -1    3    0  15.09135       -0.0000631344  -0.0000000000
   -1    3    1  15.09135        -1    3    1  15.09135       -0.0000591720   0.0000000000
    1   -3    1  15.09135         1   -3    1  15.09135       -0.0000629558   0.0000000000
    1    1   -3  15.09135         1    1   -3  15.09135       -0.0000627434  -0.0000000000
    1    1    4  15.09135         1    1    4  15.09135       -0.0000631344  -0.0000000000
    1    2    4  15.09135         1    2    4  15.09135       -0.0000591720   0.0000000000
    1    4    1  15.09135         1    4    1  15.09135       -0.0000630846  -0.0000000000
    1    4    2  15.09135         1    4    2  15.09135       -0.0000592604   0.0000000000
    2   -1    3  15.09135         2   -1    3  15.09135       -0.0000563143  -0.0000000000
    2    3   -1  15.09135         2    3   -1  15.09135       -0.0000561341  -0.0000000000
    2    3    4  15.09135         2    3    4  15.09135       -0.0000592794   0.0000000000
    2    4    3  15.09135         2    4    3  15.09135       -0.0000591527   0.0000000000
    3    3    4  15.09135         3    3    4  15.09135       -0.0000631399  -0.0000000000
    3    4    3  15.09135         3    4    3  15.09135       -0.0000630775  -0.0000000000
    4    0    1  15.09135         4    0    1  15.09135       -0.0000627626  -0.0000000000
    4    1    0  15.09135         4    1    0  15.09135       -0.0000629369  -0.0000000000
   -2   -2   -5  17.34100        -2   -2   -5  17.34100       -0.0000326191  -0.0000000000
   -2   -2    2  17.34100        -2   -2    2  17.34100       -0.0000289391  -0.0000000000
   -2    2   -2  17.34100        -2    2   -2  17.34100       -0.0000288809   0.0000000000
   -1   -1    3  17.34100        -1   -1    3  17.34100       -0.0000337026  -0.0000000000
   -1    2    3  17.34100        -1    2    3  17.34100       -0.0000286751   0.0000000000
   -1    3   -1  17.34100        -1    3   -1  17.34100       -0.0000336605  -0.0000000000
   -1    3    2  17.34100        -1    3    2  17.34100       -0.0000286723   0.0000000000
    1    0    4  17.34100         1    0    4  17.34100       -0.0000336605  -0.0000000000
    1    3    4  17.34100         1    3    4  17.34100       -0.0000286723   0.0000000000
    1    4    0  17.34100         1    4    0  17.34100       -0.0000337026  -0.0000000000
    1    4    3  17.34100         1    4    3  17.34100       -0.0000286751   0.0000000000
    2   -3   -1  17.34100         2   -3   -1  17.34100       -0.0000325065   0.0000000000
    2   -3    0  17.34100         2   -3    0  17.34100       -0.0000326191   0.0000000000
    2   -1   -3  17.34100         2   -1   -3  17.34100       -0.0000324918   0.0000000000
    2    0   -3  17.34100         2    0   -3  17.34100       -0.0000326056   0.0000000000
    2    0    4  17.34100         2    0    4  17.34100       -0.0000288809   0.0000000000
    2    4    0  17.34100         2    4    0  17.34100       -0.0000289391  -0.0000000000
    3   -2    0  17.34100         3   -2    0  17.34100       -0.0000326254   0.0000000000
    3    0   -2  17.34100         3    0   -2  17.34100       -0.0000325997  -0.0000000000
    4    2    4  17.34100         4    2    4  17.34100       -0.0000289525   0.0000000000
    4    3    4  17.34100         4    3    4  17.34100       -0.0000337152  -0.0000000000
    4    4    2  17.34100         4    4    2  17.34100       -0.0000288672   0.0000000000
    4    4    3  17.34100         4    4    3  17.34100       -0.0000336463  -0.0000000000
   -3   -5   -2  18.09088        -3   -5   -2  18.09088       -0.0000253062  -0.0000000000
   -3   -2   -5  18.09088        -3   -2   -5  18.09088       -0.0000253188  -0.0000000000
   -3    1    1  18.09088        -3    1    1  18.09088       -0.0000263646  -0.0000000000
    0    1    4  18.09088         0    1    4  18.09088       -0.0000263668  -0.0000000000
    0    4    1  18.09088         0    4    1  18.09088       -0.0000263668   0.0000000000
    3   -2    1  18.09088         3   -2    1  18.09088       -0.0000253188   0.0000000000
    3    1   -2  18.09088         3    1   -2  18.09088       -0.0000253062  -0.0000000000
    3    4    4  18.09088         3    4    4  18.09088       -0.0000263646  -0.0000000000
   -5   -3   -3  18.84076        -5   -3   -3  18.84076       -0.0000206355  -0.0000000000
   -3    1   -3  19.59064        -3    1   -3  19.59064       -0.0000150348   0.0000000000
   -2   -5   -4  19.59064        -2   -5   -4  19.59064       -0.0000157243  -0.0000000000
   -2   -5   -1  19.59064        -2   -5   -1  19.59064       -0.0000165150  -0.0000000000
   -2   -4   -5  19.59064        -2   -4   -5  19.59064       -0.0000157357   0.0000000000
   -2   -1   -5  19.59064        -2   -1   -5  19.59064       -0.0000165685   0.0000000000
   -1   -5   -3  19.59064        -1   -5   -3  19.59064       -0.0000157327   0.0000000000
   -1   -3   -5  19.59064        -1   -3   -5  19.59064       -0.0000157270   0.0000000000
   -1   -3    2  19.59064        -1   -3    2  19.59064       -0.0000161946  -0.0000000000
   -1    2   -3  19.59064        -1    2   -3  19.59064       -0.0000161505  -0.0000000000
    0   -2    3  19.59064         0   -2    3  19.59064       -0.0000174235   0.0000000000
    0    0    4  19.59064         0    0    4  19.59064       -0.0000169993   0.0000000000
    0    3   -2  19.59064         0    3   -2  19.59064       -0.0000174235  -0.0000000000
    0    4    0  19.59064         0    4    0  19.59064       -0.0000169993   0.0000000000
    1   -4   -2  19.59064         1   -4   -2  19.59064       -0.0000157270  -0.0000000000
    1   -2   -4  19.59064         1   -2   -4  19.59064       -0.0000157327   0.0000000000
    1   -2    3  19.59064         1   -2    3  19.59064       -0.0000161505   0.0000000000
    1    3   -2  19.59064         1    3   -2  19.59064       -0.0000161946   0.0000000000
    2   -3   -2  19.59064         2   -3   -2  19.59064       -0.0000157357   0.0000000000
    2   -3    1  19.59064         2   -3    1  19.59064       -0.0000165685   0.0000000000
    2   -2   -3  19.59064         2   -2   -3  19.59064       -0.0000157243  -0.0000000000
    2    1   -3  19.59064         2    1   -3  19.59064       -0.0000165150  -0.0000000000
    3    0    4  19.59064         3    0    4  19.59064       -0.0000150348  -0.0000000000
    3    4    0  19.59064         3    4    0  19.59064       -0.0000149927  -0.0000000000
    4   -1    1  19.59064         4   -1    1  19.59064       -0.0000165183  -0.0000000000
    4    1   -1  19.59064         4    1   -1  19.59064       -0.0000165657  -0.0000000000
    4    1    4  19.59064         4    1    4  19.59064       -0.0000149959   0.0000000000
    4    4    1  19.59064         4    4    1  19.59064       -0.0000150317  -0.0000000000
    4    4    4  19.59064         4    4    4  19.59064       -0.0000169989   0.0000000000
    5    2    3  19.59064         5    2    3  19.59064       -0.0000161957  -0.0000000000
    5    3    2  19.59064         5    3    2  19.59064       -0.0000161492  -0.0000000000
    5    3    3  19.59064         5    3    3  19.59064       -0.0000174235  -0.0000000000
   -5   -4   -3  20.34052        -5   -4   -3  20.34052       -0.0000135166   0.0000000000
    3    2   -2  21.09040         3    2   -2  21.09040       -0.0000104815  -0.0000000000
    3    2    5  21.09040         3    2    5  21.09040       -0.0000104065   0.0000000000
    3    3    5  21.09040         3    3    5  21.09040       -0.0000111318   0.0000000000
    3    5    2  21.09040         3    5    2  21.09040       -0.0000103906   0.0000000000
    3    5    3  21.09040         3    5    3  21.09040       -0.0000111536  -0.0000000000
    4   -1    2  21.09040         4   -1    2  21.09040       -0.0000104847  -0.0000000000
    4    2   -1  21.09040         4    2   -1  21.09040       -0.0000104895  -0.0000000000
    5    1    1  21.09040         5    1    1  21.09040       -0.0000116517   0.0000000000
   -5   -4   -2  21.84028        -5   -4   -2  21.84028       -0.0000087199   0.0000000000
   -5   -2   -4  21.84028        -5   -2   -4  21.84028       -0.0000086998   0.0000000000
   -5   -2   -1  21.84028        -5   -2   -1  21.84028       -0.0000094354   0.0000000000
   -5   -1   -2  21.84028        -5   -1   -2  21.84028       -0.0000094551   0.0000000000
   -2   -4    1  21.84028        -2   -4    1  21.84028       -0.0000086996   0.0000000000
   -2    1   -4  21.84028        -2    1   -4  21.84028       -0.0000087202   0.0000000000
   -2    1    3  21.84028        -2    1    3  21.84028       -0.0000085576   0.0000000000
   -2    3    1  21.84028        -2    3    1  21.84028       -0.0000085705  -0.0000000000
   -1   -2    3  21.84028        -1   -2    3  21.84028       -0.0000094537  -0.0000000000
   -1    3   -2  21.84028        -1    3   -2  21.84028       -0.0000094365  -0.0000000000
   -1    3    3  21.84028        -1    3    3  21.84028       -0.0000084799   0.0000000000
    0    3    4  21.84028         0    3    4  21.84028       -0.0000084799   0.0000000000
    0    4    3  21.84028         0    4    3  21.84028       -0.0000084799  -0.0000000000
    1   -1    4  21.84028         1   -1    4  21.84028       -0.0000094365   0.0000000000
    1    4   -1  21.84028         1    4   -1  21.84028       -0.0000094537   0.0000000000
    1    4    4  21.84028         1    4    4  21.84028       -0.0000084799   0.0000000000
    2   -2    3  21.84028         2   -2    3  21.84028       -0.0000087202   0.0000000000
    2    3   -2  21.84028         2    3   -2  21.84028       -0.0000086996  -0.0000000000
    2    3    5  21.84028         2    3    5  21.84028       -0.0000085705  -0.0000000000
    2    5    3  21.84028         2    5    3  21.84028       -0.0000085576   0.0000000000
    5    1    3  21.84028         5    1    3  21.84028       -0.0000086998  -0.0000000000
    5    3    1  21.84028         5    3    1  21.84028       -0.0000087199   0.0000000000
    5    3    4  21.84028         5    3    4  21.84028       -0.0000094551  -0.0000000000
    5    4    3  21.84028         5    4    3  21.84028       -0.0000094354   0.0000000000
   -1    1    4  23.34005        -1    1    4  23.34005       -0.0000064740  -0.0000000000
   -1    4    1  23.34005        -1    4    1  23.34005       -0.0000064865   0.0000000000
    0   -5   -1  23.34005         0   -5   -1  23.34005       -0.0000057162   0.0000000000
    0   -1   -5  23.34005         0   -1   -5  23.34005       -0.0000057162   0.0000000000
    0   -1    4  23.34005         0   -1    4  23.34005       -0.0000056502  -0.0000000000
    0    4   -1  23.34005         0    4   -1  23.34005       -0.0000056502   0.0000000000
    1    2    5  23.34005         1    2    5  23.34005       -0.0000064865  -0.0000000000
    1    5    2  23.34005         1    5    2  23.34005       -0.0000064740  -0.0000000000
    3    1    5  23.34005         3    1    5  23.34005       -0.0000060673   0.0000000000
    3    4    5  23.34005         3    4    5  23.34005       -0.0000064753   0.0000000000
    3    5    1  23.34005         3    5    1  23.34005       -0.0000060757   0.0000000000
    3    5    4  23.34005         3    5    4  23.34005       -0.0000064849   0.0000000000
    4   -1   -1  23.34005         4   -1   -1  23.34005       -0.0000057158   0.0000000000
    4    2    5  23.34005         4    2    5  23.34005       -0.0000060789   0.0000000000
    4    5    2  23.34005         4    5    2  23.34005       -0.0000060640   0.0000000000
    5    4    4  23.34005         5    4    4  23.34005       -0.0000056503  -0.0000000000
   -5   -5   -4  24.08993        -5   -5   -4  24.08993       -0.0000049756   0.0000000000
   -5   -5   -3  24.08993        -5   -5   -3  24.08993       -0.0000052420  -0.0000000000
   -5   -4   -5  24.08993        -5   -4   -5  24.08993       -0.0000049851   0.0000000000
   -5   -3   -5  24.08993        -5   -3   -5  24.08993       -0.0000052390   0.0000000000
   -4   -4    0  24.08993        -4   -4    0  24.08993       -0.0000048720  -0.0000000000
   -4    0   -4  24.08993        -4    0   -4  24.08993       -0.0000048729   0.0000000000
   -4    0    1  24.08993        -4    0    1  24.08993       -0.0000048807   0.0000000000
   -4    1    0  24.08993        -4    1    0  24.08993       -0.0000048821   0.0000000000
   -2   -5   -5  24.08993        -2   -5   -5  24.08993       -0.0000050010  -0.0000000000
   -2   -5    0  24.08993        -2   -5    0  24.08993       -0.0000052383   0.0000000000
   -2    0   -5  24.08993        -2    0   -5  24.08993       -0.0000052429   0.0000000000
   -1   -5    0  24.08993        -1   -5    0  24.08993       -0.0000049845  -0.0000000000
   -1    0   -5  24.08993        -1    0   -5  24.08993       -0.0000049766   0.0000000000
   -1    0    4  24.08993        -1    0    4  24.08993       -0.0000048824   0.0000000000
   -1    4    0  24.08993        -1    4    0  24.08993       -0.0000048803   0.0000000000
    0   -5   -3  24.08993         0   -5   -3  24.08993       -0.0000050009  -0.0000000000


             g                   gp         inverse epsilon           nspin= 1
         0    0    0         0    0    0        0.17326535   0.00000000
        -1   -1   -1         0    0    0        0.00094509   0.00000000
        -1   -1   -1        -1   -1   -1        0.51928104   0.00000000
         0   -1   -1        -1   -1   -1       -0.04474036   0.00000000
         0   -1   -1         0   -1   -1        0.51315016   0.00000000
         0   -1    0         0   -1   -1       -0.04474037  -0.00000000
         0   -1    0         0   -1    0        0.51928110   0.00000000
         0    0   -1         0   -1    0        0.03375237  -0.00000000
         0    0   -1         0    0   -1        0.51928110   0.00000000
         1    0    0         0    0   -1        0.00174779   0.00000326
         1    0    0         1    0    0        0.51928104   0.00000000
        -1   -1    0         1    0    0        0.00417917  -0.00000371
        -1   -1    0        -1   -1    0        0.68004731  -0.00000000
        -1    0   -1        -1   -1    0        0.01004275  -0.00002278
        -1    0   -1        -1    0   -1        0.68004353  -0.00000000
        -1    0    0        -1    0   -1       -0.05019457  -0.00001165
        -1    0    0        -1    0    0        0.69572078   0.00000000
         0    0    1        -1    0    0        0.00199829  -0.00001906
         0    0    1         0    0    1        0.69572067   0.00000000
         0    1    0         0    0    1        0.01101502  -0.00000000
         0    1    0         0    1    0        0.69572067   0.00000000
         1    0    1         0    1    0       -0.00253774  -0.00001845
         1    0    1         1    0    1        0.68004353   0.00000000
         1    1    0         1    0    1        0.01004275   0.00002278
         1    1    0         1    1    0        0.68004731   0.00000000
         1    1    1         1    1    0       -0.05016142   0.00001166
         1    1    1         1    1    1        0.69572078  -0.00000000
        -1   -2   -1         1    1    1        0.01704449   0.00000627
        -1   -2   -1        -1   -2   -1        0.79450035   0.00000000
        -1   -1   -2        -1   -2   -1        0.01491268   0.00004041
        -1   -1   -2        -1   -1   -2        0.79447998   0.00000000
         0    1    1        -1   -1   -2       -0.00001099   0.00001682
         0    1    1         0    1    1        0.79074436  -0.00000000
         1   -1    0         0    1    1        0.00001099   0.00001682
         1   -1    0         1   -1    0        0.79447998   0.00000000
         1    0   -1         1   -1    0        0.01491268  -0.00004041
         1    0   -1         1    0   -1        0.79450035   0.00000000
        -2   -1   -1         1    0   -1       -0.00674249  -0.00000083
        -2   -1   -1        -2   -1   -1        0.86137377  -0.00000000
        -1   -2   -2        -2   -1   -1        0.01338151  -0.00000000
        -1   -2   -2        -1   -2   -2        0.86905376   0.00000000
         0   -2   -1        -1   -2   -2       -0.00176931  -0.00000212
         0   -2   -1         0   -2   -1        0.86905271   0.00000000
         0   -1   -2         0   -2   -1        0.01011742  -0.00000000
         0   -1   -2         0   -1   -2        0.86905271  -0.00000000
         0   -1    1         0   -1   -2       -0.00528336  -0.00000000
         0   -1    1         0   -1    1        0.86137375  -0.00000000
         0    1   -1         0   -1    1        0.01809209   0.00000000
         0    1   -1         0    1   -1        0.86137375   0.00000000
         1   -1   -1         0    1   -1        0.00752769  -0.00002219
         1   -1   -1         1   -1   -1        0.86905376   0.00000000
         2    1    1         1   -1   -1       -0.01338151  -0.00000000
         2    1    1         2    1    1        0.86137377   0.00000000
        -2   -2   -2         2    1    1        0.00888573   0.00000000
        -2   -2   -2        -2   -2   -2        0.91780203  -0.00000000
        -2   -2   -1        -2   -2   -2       -0.02822962  -0.00000245
        -2   -2   -1        -2   -2   -1        0.91748842   0.00000000
        -2   -1   -2        -2   -2   -1       -0.00019340   0.00000741
        -2   -1   -2        -2   -1   -2        0.91746803  -0.00000000
        -1   -2    0        -2   -1   -2        0.00063455  -0.00000071
        -1   -2    0        -1   -2    0        0.91747049  -0.00000000
        -1    0   -2        -1   -2    0        0.00613763  -0.00000370
        -1    0   -2        -1    0   -2        0.91748611  -0.00000000
        -1   -3   -2        -1    0   -2       -0.00260263  -0.00000277
        -1   -3   -2        -1   -3   -2        0.98461039   0.00000000
        -1   -3   -1        -1   -3   -2       -0.00615871  -0.00000262
        -1   -3   -1        -1   -3   -1        0.98464675   0.00000000
        -1   -2   -3        -1   -3   -1        0.00164131   0.00001067
        -1   -2   -3        -1   -2   -3        0.98459926   0.00000000
        -1   -1   -3        -1   -2   -3       -0.00618004   0.00000262
        -1   -1   -3        -1   -1   -3        0.98461486  -0.00000000
         1   -2   -1        -1   -1   -3       -0.00208477   0.00000512
         1   -2   -1         1   -2   -1        0.98459926  -0.00000000
         1   -2    0         1   -2   -1       -0.00618004   0.00000262
         1   -2    0         1   -2    0        0.98461486  -0.00000000
         1   -1   -2         1   -2    0        0.00164704  -0.00001067
         1   -1   -2         1   -1   -2        0.98461039   0.00000000
         1    0   -2         1   -1   -2       -0.00615871  -0.00000262
         1    0   -2         1    0   -2        0.98464675   0.00000000
         2   -1    0         1    0   -2       -0.00030976   0.00000179
         2   -1    0         2   -1    0        0.98463723  -0.00000000
         2    0   -1         2   -1    0       -0.00165579  -0.00002343
         2    0   -1         2    0   -1        0.98462434  -0.00000000
         2    0    2         2    0   -1       -0.00249024   0.00000129
         2    0    2         2    0    2        0.98453217  -0.00000000
         2    2    0         2    0    2        0.00190407   0.00000070
         2    2    0         2    2    0        0.98453282   0.00000000
        -3   -2   -2         2    2    0        0.00084600   0.00000144
        -3   -2   -2        -3   -2   -2        0.99160961   0.00000000
        -2   -3   -1        -3   -2   -2        0.00063222   0.00000844
        -2   -3   -1        -2   -3   -1        0.99142474   0.00000000
        -2   -1   -3        -2   -3   -1        0.00131951   0.00000419
        -2   -1   -3        -2   -1   -3        0.99142290   0.00000000
         0   -2    1        -2   -1   -3        0.00081210   0.00000123
         0   -2    1         0   -2    1        0.99160966   0.00000000
         0    1   -2         0   -2    1       -0.00043618  -0.00000000
         0    1   -2         0    1   -2        0.99160966   0.00000000
         2   -1    1         0    1   -2        0.00081210  -0.00000123
         2   -1    1         2   -1    1        0.99142290   0.00000000
         2    1   -1         2   -1    1        0.00131951  -0.00000419
         2    1   -1         2    1   -1        0.99142474   0.00000000
         3    1    1         2    1   -1       -0.00063222   0.00000844
         3    1    1         3    1    1        0.99160961   0.00000000
        -3   -2   -1         3    1    1        0.00039273  -0.00000205
        -3   -2   -1        -3   -2   -1        0.99532491   0.00000000
        -3   -1   -2        -3   -2   -1       -0.00062022   0.00000019
        -3   -1   -2        -3   -1   -2        0.99530196  -0.00000000
        -3   -1   -1        -3   -1   -2       -0.00188199  -0.00000116
        -3   -1   -1        -3   -1   -1        0.99538035  -0.00000000
        -2   -3   -3        -3   -1   -1       -0.00073554  -0.00000000
        -2   -3   -3        -2   -3   -3        0.99532485  -0.00000000
        -1   -2    1        -2   -3   -3       -0.00000568  -0.00000002
        -1   -2    1        -1   -2    1        0.99530251  -0.00000000
        -1    1   -2        -1   -2    1       -0.00068071  -0.00000232
        -1    1   -2        -1    1   -2        0.99532431  -0.00000000
         0   -3   -1        -1    1   -2        0.00023352  -0.00000121
         0   -3   -1         0   -3   -1        0.99532489  -0.00000000
         0   -1   -3         0   -3   -1        0.00077654  -0.00000000
         0   -1   -3         0   -1   -3        0.99532489  -0.00000000
         0   -1    2         0   -1   -3        0.00006303  -0.00000000
         0   -1    2         0   -1    2        0.99538033  -0.00000000
         0    2   -1         0   -1    2       -0.00063726   0.00000000
         0    2   -1         0    2   -1        0.99538033  -0.00000000
         0    2    2         0    2   -1       -0.00109646   0.00000000
         0    2    2         0    2    2        0.99526005  -0.00000000
         1   -1    2         0    2    2       -0.00017050  -0.00000177
         1   -1    2         1   -1    2        0.99532431   0.00000000
         0   -3    0         1   -1    2        0.00008938   0.00000054
         0   -3    0         0   -3    0        0.99847897  -0.00000000
         0    0   -3         0   -3    0       -0.00027878   0.00000000
         0    0   -3         0    0   -3        0.99847897   0.00000000
         1    2    3         0    0   -3       -0.00011271  -0.00000043
         1    2    3         1    2    3        0.99840765   0.00000000
         1    3    2         1    2    3       -0.00056395   0.00000315
         1    3    2         1    3    2        0.99840998  -0.00000000
         3    0    0         1    3    2        0.00008199   0.00000065
         3    0    0         3    0    0        0.99847896   0.00000000
        -3   -3   -1         3    0    0        0.00005487  -0.00000018
        -3   -3   -1        -3   -3   -1        0.99900543   0.00000000
        -3   -1   -3        -3   -3   -1        0.00019721   0.00000012
        -3   -1   -3        -3   -1   -3        0.99900683  -0.00000000
        -3   -1    0        -3   -1   -3       -0.00027884  -0.00000004
        -3   -1    0        -3   -1    0        0.99900155  -0.00000000
        -3    0   -1        -3   -1    0       -0.00018344  -0.00000053
        -3    0   -1        -3    0   -1        0.99899983  -0.00000000
        -2   -3    0        -3    0   -1        0.00009915   0.00000041
        -2   -3    0        -2   -3    0        0.99900694   0.00000000
        -2    0   -3        -2   -3    0       -0.00020303   0.00000043
        -2    0   -3        -2    0   -3        0.99900532   0.00000000
        -1   -1    2        -2    0   -3        0.00010235   0.00000038
        -1   -1    2        -1   -1    2        0.99900013  -0.00000000
        -1    2   -1        -1   -1    2       -0.00016918   0.00000005
        -1    2   -1        -1    2   -1        0.99900125  -0.00000000
         1    0    3        -1    2   -1        0.00023322  -0.00000000
         1    0    3         1    0    3        0.99900125  -0.00000000
         1    3    0         1    0    3       -0.00016918  -0.00000005
         1    3    0         1    3    0        0.99900013  -0.00000000
         2   -1    2         1    3    0       -0.00010235   0.00000038
         2   -1    2         2   -1    2        0.99900532  -0.00000000
         2    2   -1         2   -1    2       -0.00020303  -0.00000043
         2    2   -1         2    2   -1        0.99900694   0.00000000
         3    0    2         2    2   -1       -0.00000283   0.00000033
         3    0    2         3    0    2        0.99900683  -0.00000000
         3    2    0         3    0    2        0.00019721  -0.00000012
         3    2    0         3    2    0        0.99900543   0.00000000
         3    2    3         3    2    0       -0.00028041   0.00000004
         3    2    3         3    2    3        0.99899983  -0.00000000
         3    3    2         3    2    3       -0.00018344   0.00000053
         3    3    2         3    3    2        0.99900155   0.00000000
        -3   -2    0         3    3    2        0.00013329  -0.00000004
        -3   -2    0        -3   -2    0        0.99935939   0.00000000
        -3    0   -2        -3   -2    0        0.00011524  -0.00000000
        -3    0   -2        -3    0   -2        0.99935724  -0.00000000
        -2   -4   -2        -3    0   -2        0.00003589   0.00000032
        -2   -4   -2        -2   -4   -2        0.99928629  -0.00000000
        -2   -2   -4        -2   -4   -2        0.00011102   0.00000048
        -2   -2   -4        -2   -2   -4        0.99928599   0.00000000
        -2   -2    1        -2   -2   -4        0.00002870  -0.00000017
        -2   -2    1        -2   -2    1        0.99935738  -0.00000000
        -2    1   -2        -2   -2    1       -0.00010351  -0.00000059
        -2    1   -2        -2    1   -2        0.99935924  -0.00000000
        -2    1    1        -2    1   -2       -0.00016275  -0.00000008
        -2    1    1        -2    1    1        0.99933017   0.00000000
         0    1    3        -2    1    1        0.00003207  -0.00000000
         0    1    3         0    1    3        0.99933016  -0.00000000
         0    3    1         0    1    3        0.00018019   0.00000000
         0    3    1         0    3    1        0.99933016  -0.00000000
         2   -2    0         0    3    1       -0.00001064  -0.00000026
         2   -2    0         2   -2    0        0.99928599   0.00000000
         2    0   -2         2   -2    0        0.00011102  -0.00000048
         2    0   -2         2    0   -2        0.99928629   0.00000000
         1   -3    0         2    0   -2       -0.00000731  -0.00000032
         1   -3    0         1   -3    0        0.99968654   0.00000000
         1    0   -3         1   -3    0       -0.00002153   0.00000005
         1    0   -3         1    0   -3        0.99968729   0.00000000
         1    3    3         1    0   -3       -0.00004693  -0.00000017
         1    3    3         1    3    3        0.99971804   0.00000000
         2   -2    1         1    3    3       -0.00001222   0.00000005
         2   -2    1         2   -2    1        0.99969321   0.00000000
         2    1   -2         2   -2    1       -0.00002691  -0.00000044
         2    1   -2         2    1   -2        0.99969348   0.00000000
         3   -1    0         2    1   -2        0.00006387   0.00000045
         3   -1    0         3   -1    0        0.99968721   0.00000000
         3   -1    1         3   -1    0       -0.00012256   0.00000017
         3   -1    1         3   -1    1        0.99969346  -0.00000000
         3    0   -1         3   -1    1        0.00001592  -0.00000025
         3    0   -1         3    0   -1        0.99968663   0.00000000
         3    1   -1         3    0   -1       -0.00012237  -0.00000017
         3    1   -1         3    1   -1        0.99969323  -0.00000000
         4    2    2         3    1   -1        0.00002442  -0.00000014
         4    2    2         4    2    2        0.99967104   0.00000000
        -4   -3   -3         4    2    2        0.00001060   0.00000000
        -4   -3   -3        -4   -3   -3        0.99977580   0.00000000
        -4   -3   -2        -4   -3   -3       -0.00009448   0.00000000
        -4   -3   -2        -4   -3   -2        0.99978383   0.00000000
        -4   -2   -3        -4   -3   -2       -0.00006655   0.00000006
        -4   -2   -3        -4   -2   -3        0.99978328   0.00000000
        -1   -4   -3        -4   -2   -3        0.00000979   0.00000001
        -1   -4   -3        -1   -4   -3        0.99980016  -0.00000000
        -1   -3   -4        -1   -4   -3       -0.00011124   0.00000006
        -1   -3   -4        -1   -3   -4        0.99980021  -0.00000000
        -1   -3    1        -1   -3   -4       -0.00000440   0.00000001
        -1   -3    1        -1   -3    1        0.99978329   0.00000000
        -1    1   -3        -1   -3    1        0.00003895  -0.00000006
        -1    1   -3        -1    1   -3        0.99978381   0.00000000
         0   -3    1        -1    1   -3        0.00003974  -0.00000001
         0   -3    1         0   -3    1        0.99977579   0.00000000
         0    1   -3         0   -3    1        0.00003780   0.00000000
         0    1   -3         0    1   -3        0.99977579   0.00000000
         1   -3   -2         0    1   -3        0.00001095  -0.00000001
         1   -3   -2         1   -3   -2        0.99980021   0.00000000
         1   -2   -3         1   -3   -2       -0.00011124  -0.00000006
         1   -2   -3         1   -2   -3        0.99980016  -0.00000000
         1   -2    2         1   -2   -3       -0.00000439  -0.00000001
         1   -2    2         1   -2    2        0.99978381  -0.00000000
         1    2   -2         1   -2    2        0.00003895   0.00000006
         1    2   -2         1    2   -2        0.99978329   0.00000000
         4    1    1         1    2   -2       -0.00003021  -0.00000005
         4    1    1         4    1    1        0.99977580  -0.00000000
         4    1    2         4    1    1       -0.00009489  -0.00000000
         4    1    2         4    1    2        0.99978328   0.00000000
         4    2    1         4    1    2       -0.00006655  -0.00000006
         4    2    1         4    2    1        0.99978383  -0.00000000
        -4   -2   -1         4    2    1        0.00000335   0.00000008
        -4   -2   -1        -4   -2   -1        0.99984203  -0.00000000
        -4   -1   -2        -4   -2   -1       -0.00005214   0.00000012
        -4   -1   -2        -4   -1   -2        0.99984182  -0.00000000
        -3   -3    0        -4   -1   -2        0.00002376   0.00000001
        -3   -3    0        -3   -3    0        0.99985968   0.00000000
        -3    0   -3        -3   -3    0       -0.00000713  -0.00000012
        -3    0   -3        -3    0   -3        0.99985966   0.00000000
        -2    0    2        -3    0   -3        0.00000546  -0.00000001
        -2    0    2        -2    0    2        0.99983147  -0.00000000
        -2    2    0        -2    0    2        0.00002944   0.00000004
        -2    2    0        -2    2    0        0.99983142  -0.00000000
         3    4    2        -2    2    0        0.00000954  -0.00000008
         3    4    2         3    4    2        0.99988414  -0.00000000
         4    3    3         3    4    2       -0.00001965   0.00000008
         4    3    3         4    3    3        0.99987730   0.00000000
        -4   -4   -3         4    3    3       -0.00002695  -0.00000001
        -4   -4   -3        -4   -4   -3        0.99990997  -0.00000000
        -4   -3   -4        -4   -4   -3       -0.00004201   0.00000003
        -4   -3   -4        -4   -3   -4        0.99991026  -0.00000000
        -4   -3   -1        -4   -3   -4       -0.00000630   0.00000008
        -4   -3   -1        -4   -3   -1        0.99992127  -0.00000000
        -4   -1   -3        -4   -3   -1        0.00000994   0.00000007
        -4   -1   -3        -4   -1   -3        0.99992153  -0.00000000
        -3    0    1        -4   -1   -3        0.00000169   0.00000001
        -3    0    1        -3    0    1        0.99991285   0.00000000
        -3    1    0        -3    0    1       -0.00005181  -0.00000013
        -3    1    0        -3    1    0        0.99991276  -0.00000000
        -2   -3    1        -3    1    0       -0.00000068   0.00000001
        -2   -3    1        -2   -3    1        0.99992154  -0.00000000
        -2    1   -3        -2   -3    1       -0.00000839   0.00000007
        -2    1   -3        -2    1   -3        0.99992127  -0.00000000
        -2    1    2        -2    1   -3       -0.00000172  -0.00000001
        -2    1    2        -2    1    2        0.99991632   0.00000000
        -2    2    1        -2    1    2       -0.00005176  -0.00000009
        -2    2    1        -2    2    1        0.99991614   0.00000000
        -1   -4    0        -2    2    1       -0.00000454   0.00000000
        -1   -4    0        -1   -4    0        0.99991029  -0.00000000
        -1    0   -4        -1   -4    0       -0.00001099  -0.00000003
        -1    0   -4        -1    0   -4        0.99990994   0.00000000
        -1    0    3        -1    0   -4        0.00000338  -0.00000001
        -1    0    3        -1    0    3        0.99991284  -0.00000000
        -1    1    3        -1    0    3       -0.00003984   0.00000001
        -1    1    3        -1    1    3        0.99991616   0.00000000
        -1    3    0        -1    1    3        0.00001018  -0.00000005
        -1    3    0        -1    3    0        0.99991276  -0.00000000
        -1    3    1        -1    3    0       -0.00003976  -0.00000001
        -1    3    1        -1    3    1        0.99991629   0.00000000
         1   -3    1        -1    3    1       -0.00000487   0.00000003
         1   -3    1         1   -3    1        0.99990994   0.00000000
         1    1   -3         1   -3    1       -0.00001099   0.00000003
         1    1   -3         1    1   -3        0.99991029   0.00000000
         1    1    4         1    1   -3        0.00000340   0.00000001
         1    1    4         1    1    4        0.99991276  -0.00000000
         1    2    4         1    1    4       -0.00003976  -0.00000001
         1    2    4         1    2    4        0.99991629   0.00000000
         1    4    1         1    2    4        0.00001016   0.00000005
         1    4    1         1    4    1        0.99991284  -0.00000000
         1    4    2         1    4    1       -0.00003984   0.00000001
         1    4    2         1    4    2        0.99991616   0.00000000
         2   -1    3         1    4    2        0.00001353   0.00000003
         2   -1    3         2   -1    3        0.99992127  -0.00000000
         2    3   -1         2   -1    3       -0.00000839  -0.00000007
         2    3   -1         2    3   -1        0.99992154  -0.00000000
         2    3    4         2    3   -1       -0.00000168   0.00000001
         2    3    4         2    3    4        0.99991614   0.00000000
         2    4    3         2    3    4       -0.00005176   0.00000009
         2    4    3         2    4    3        0.99991632   0.00000000
         3    3    4         2    4    3       -0.00001934  -0.00000011
         3    3    4         3    3    4        0.99991276  -0.00000000
         3    4    3         3    3    4       -0.00005181   0.00000013
         3    4    3         3    4    3        0.99991285  -0.00000000
         4    0    1         3    4    3       -0.00001319  -0.00000001
         4    0    1         4    0    1        0.99991026  -0.00000000
         4    1    0         4    0    1       -0.00004201  -0.00000003
         4    1    0         4    1    0        0.99990997  -0.00000000
        -2   -2   -5         4    1    0        0.00000181  -0.00000001
        -2   -2   -5        -2   -2   -5        0.99995967  -0.00000000
        -2   -2    2        -2   -2   -5       -0.00000716  -0.00000000
        -2   -2    2        -2   -2    2        0.99996360  -0.00000000
        -2    2   -2        -2   -2    2       -0.00000660  -0.00000000
        -2    2   -2        -2    2   -2        0.99996367   0.00000000
        -1   -1    3        -2    2   -2        0.00000559   0.00000001
        -1   -1    3        -1   -1    3        0.99995846  -0.00000000
        -1    2    3        -1   -1    3       -0.00000027   0.00000002
        -1    2    3        -1    2    3        0.99996542   0.00000000
        -1    3   -1        -1    2    3       -0.00000620   0.00000001
        -1    3   -1        -1    3   -1        0.99995852  -0.00000000
        -1    3    2        -1    3   -1       -0.00000019  -0.00000002
        -1    3    2        -1    3    2        0.99996542   0.00000000
         1    0    4        -1    3    2        0.00000491  -0.00000002
         1    0    4         1    0    4        0.99995852  -0.00000000
         1    3    4         1    0    4       -0.00000019  -0.00000002
         1    3    4         1    3    4        0.99996542  -0.00000000
         1    4    0         1    3    4       -0.00000622  -0.00000001
         1    4    0         1    4    0        0.99995846  -0.00000000
         1    4    3         1    4    0       -0.00000027   0.00000002
         1    4    3         1    4    3        0.99996542   0.00000000
         2   -3   -1         1    4    3       -0.00000227  -0.00000001
         2   -3   -1         2   -3   -1        0.99995872   0.00000000
         2   -3    0         2   -3   -1       -0.00002330   0.00000001
         2   -3    0         2   -3    0        0.99995967  -0.00000000
         2   -1   -3         2   -3    0        0.00000435   0.00000000
         2   -1   -3         2   -1   -3        0.99995874   0.00000000
         2    0   -3         2   -1   -3       -0.00002327  -0.00000001
         2    0   -3         2    0   -3        0.99995969   0.00000000
         2    0    4         2    0   -3       -0.00000716   0.00000000
         2    0    4         2    0    4        0.99996367   0.00000000
         2    4    0         2    0    4       -0.00000660   0.00000000
         2    4    0         2    4    0        0.99996360  -0.00000000
         3   -2    0         2    4    0        0.00000394  -0.00000001
         3   -2    0         3   -2    0        0.99995967   0.00000000
         3    0   -2         3   -2    0        0.00000624  -0.00000005
         3    0   -2         3    0   -2        0.99995970  -0.00000000
         4    2    4         3    0   -2        0.00000149  -0.00000003
         4    2    4         4    2    4        0.99996358   0.00000000
         4    3    4         4    2    4       -0.00002145   0.00000000
         4    3    4         4    3    4        0.99995844  -0.00000000
         4    4    2         4    3    4       -0.00000810   0.00000000
         4    4    2         4    4    2        0.99996369   0.00000000
         4    4    3         4    4    2       -0.00002140  -0.00000000
         4    4    3         4    4    3        0.99995853  -0.00000000
        -3   -5   -2         4    4    3       -0.00000991   0.00000000
        -3   -5   -2        -3   -5   -2        0.99996965  -0.00000000
        -3   -2   -5        -3   -5   -2        0.00000469   0.00000000
        -3   -2   -5        -3   -2   -5        0.99996964  -0.00000000
        -3    1    1        -3   -2   -5       -0.00000030  -0.00000001
        -3    1    1        -3    1    1        0.99996905  -0.00000000
         0    1    4        -3    1    1       -0.00000020   0.00000003
         0    1    4         0    1    4        0.99996905  -0.00000000
         0    4    1         0    1    4        0.00000318  -0.00000000
         0    4    1         0    4    1        0.99996905   0.00000000
         3   -2    1         0    4    1       -0.00000349  -0.00000000
         3   -2    1         3   -2    1        0.99996964   0.00000000
         3    1   -2         3   -2    1        0.00000469  -0.00000000
         3    1   -2         3    1   -2        0.99996965  -0.00000000
         3    4    4         3    1   -2       -0.00000035   0.00000001
         3    4    4         3    4    4        0.99996905  -0.00000000
        -5   -3   -3         3    4    4        0.00000202   0.00000000
        -5   -3   -3        -5   -3   -3        0.99997574  -0.00000000
        -3    1   -3        -5   -3   -3        0.00000146   0.00000000
        -3    1   -3        -3    1   -3        0.99998348   0.00000000
        -2   -5   -4        -3    1   -3       -0.00000010   0.00000001
        -2   -5   -4        -2   -5   -4        0.99998286  -0.00000000
        -2   -5   -1        -2   -5   -4       -0.00000045  -0.00000000
        -2   -5   -1        -2   -5   -1        0.99998199  -0.00000000
        -2   -4   -5        -2   -5   -1       -0.00000349   0.00000000
        -2   -4   -5        -2   -4   -5        0.99998285   0.00000000
        -2   -1   -5        -2   -4   -5       -0.00000046   0.00000000
        -2   -1   -5        -2   -1   -5        0.99998192   0.00000000
        -1   -5   -3        -2   -1   -5        0.00000052   0.00000000
        -1   -5   -3        -1   -5   -3        0.99998285   0.00000000
        -1   -3   -5        -1   -5   -3        0.00000057   0.00000001
        -1   -3   -5        -1   -3   -5        0.99998286   0.00000000
        -1   -3    2        -1   -3   -5       -0.00000477  -0.00000000
        -1   -3    2        -1   -3    2        0.99998202  -0.00000000
        -1    2   -3        -1   -3    2        0.00000851  -0.00000001
        -1    2   -3        -1    2   -3        0.99998207  -0.00000000
         0   -2    3        -1    2   -3       -0.00000712  -0.00000001
         0   -2    3         0   -2    3        0.99998133   0.00000000
         0    0    4         0   -2    3        0.00000953  -0.00000000
         0    0    4         0    0    4        0.99998111   0.00000000
         0    3   -2         0    0    4       -0.00000049   0.00000000
         0    3   -2         0    3   -2        0.99998133  -0.00000000
         0    4    0         0    3   -2        0.00000953  -0.00000000
         0    4    0         0    4    0        0.99998111   0.00000000
         1   -4   -2         0    4    0        0.00000434   0.00000001
         1   -4   -2         1   -4   -2        0.99998286  -0.00000000
         1   -2   -4         1   -4   -2        0.00000057  -0.00000001
         1   -2   -4         1   -2   -4        0.99998285   0.00000000
         1   -2    3         1   -2   -4       -0.00000477   0.00000000
         1   -2    3         1   -2    3        0.99998207   0.00000000
         1    3   -2         1   -2    3        0.00000851   0.00000001
         1    3   -2         1    3   -2        0.99998202   0.00000000
         2   -3   -2         1    3   -2        0.00000110  -0.00000001
         2   -3   -2         2   -3   -2        0.99998285   0.00000000
         2   -3    1         2   -3   -2       -0.00000046   0.00000000
         2   -3    1         2   -3    1        0.99998192   0.00000000
         2   -2   -3         2   -3    1       -0.00000346  -0.00000000
         2   -2   -3         2   -2   -3        0.99998286  -0.00000000
         2    1   -3         2   -2   -3       -0.00000045  -0.00000000
         2    1   -3         2    1   -3        0.99998199  -0.00000000
         3    0    4         2    1   -3       -0.00000265   0.00000001
         3    0    4         3    0    4        0.99998348  -0.00000000
         3    4    0         3    0    4       -0.00000256  -0.00000000
         3    4    0         3    4    0        0.99998352  -0.00000000
         4   -1    1         3    4    0       -0.00000011   0.00000001
         4   -1    1         4   -1    1        0.99998198   0.00000000
         4    1   -1         4   -1    1       -0.00000106  -0.00000002
         4    1   -1         4    1   -1        0.99998193  -0.00000000
         4    1    4         4    1   -1       -0.00000102  -0.00000001
         4    1    4         4    1    4        0.99998352   0.00000000
         4    4    1         4    1    4        0.00000271   0.00000000
         4    4    1         4    4    1        0.99998348  -0.00000000
         4    4    4         4    4    1       -0.00000027  -0.00000000
         4    4    4         4    4    4        0.99998111   0.00000000
         5    2    3         4    4    4       -0.00000226  -0.00000000
         5    2    3         5    2    3        0.99998202  -0.00000000
         5    3    2         5    2    3       -0.00001052   0.00000000
         5    3    2         5    3    2        0.99998207  -0.00000000
         5    3    3         5    3    2       -0.00001084  -0.00000001
         5    3    3         5    3    3        0.99998133  -0.00000000
        -5   -4   -3         5    3    3        0.00000759   0.00000000
        -5   -4   -3        -5   -4   -3        0.99998588   0.00000000
         3    2   -2        -5   -4   -3        0.00000013   0.00000001
         3    2   -2         3    2   -2        0.99998934  -0.00000000
         3    2    5         3    2   -2       -0.00000265   0.00000000
         3    2    5         3    2    5        0.99998902   0.00000000
         3    3    5         3    2    5       -0.00000677  -0.00000000
         3    3    5         3    3    5        0.99998878   0.00000000
         3    5    2         3    3    5        0.00000095   0.00000002
         3    5    2         3    5    2        0.99998903   0.00000000
         3    5    3         3    5    2       -0.00000677   0.00000000
         3    5    3         3    5    3        0.99998876  -0.00000000
         4   -1    2         3    5    3       -0.00000030  -0.00000001
         4   -1    2         4   -1    2        0.99998933  -0.00000000
         4    2   -1         4   -1    2        0.00000249  -0.00000001
         4    2   -1         4    2   -1        0.99998933   0.00000000
         5    1    1         4    2   -1        0.00000094  -0.00000001
         5    1    1         5    1    1        0.99998821   0.00000000
        -5   -4   -2         5    1    1        0.00000003  -0.00000001
        -5   -4   -2        -5   -4   -2        0.99999133   0.00000000
        -5   -2   -4        -5   -4   -2       -0.00000042   0.00000001
        -5   -2   -4        -5   -2   -4        0.99999135   0.00000000
        -5   -2   -1        -5   -2   -4        0.00000008   0.00000001
        -5   -2   -1        -5   -2   -1        0.99999078   0.00000000
        -5   -1   -2        -5   -2   -1       -0.00000659   0.00000000
        -5   -1   -2        -5   -1   -2        0.99999076   0.00000000
        -2   -4    1        -5   -1   -2       -0.00000068  -0.00000000
        -2   -4    1        -2   -4    1        0.99999135   0.00000000
        -2    1   -4        -2   -4    1        0.00000066   0.00000001
        -2    1   -4        -2    1   -4        0.99999133   0.00000000
        -2    1    3        -2    1   -4       -0.00000204  -0.00000000
        -2    1    3        -2    1    3        0.99999132   0.00000000
        -2    3    1        -2    1    3       -0.00000048  -0.00000002
        -2    3    1        -2    3    1        0.99999130  -0.00000000
        -1   -2    3        -2    3    1        0.00000049  -0.00000000
        -1   -2    3        -1   -2    3        0.99999076  -0.00000000
        -1    3   -2        -1   -2    3        0.00000103   0.00000000
        -1    3   -2        -1    3   -2        0.99999078  -0.00000000
        -1    3    3        -1    3   -2       -0.00000046  -0.00000000
        -1    3    3        -1    3    3        0.99999170   0.00000000
         0    3    4        -1    3    3        0.00000001   0.00000000
         0    3    4         0    3    4        0.99999170  -0.00000000
         0    4    3         0    3    4       -0.00000553   0.00000000
         0    4    3         0    4    3        0.99999170  -0.00000000
         1   -1    4         0    4    3       -0.00000044   0.00000000
         1   -1    4         1   -1    4        0.99999078   0.00000000
         1    4   -1         1   -1    4        0.00000103  -0.00000000
         1    4   -1         1    4   -1        0.99999076   0.00000000
         1    4    4         1    4   -1       -0.00000048   0.00000000
         1    4    4         1    4    4        0.99999170   0.00000000
         2   -2    3         1    4    4       -0.00000011   0.00000001
         2   -2    3         2   -2    3        0.99999133   0.00000000
         2    3   -2         2   -2    3        0.00000066  -0.00000001
         2    3   -2         2    3   -2        0.99999135   0.00000000
         2    3    5         2    3   -2       -0.00000205   0.00000000
         2    3    5         2    3    5        0.99999130  -0.00000000
         2    5    3         2    3    5       -0.00000048   0.00000002
         2    5    3         2    5    3        0.99999132  -0.00000000
         5    1    3         2    5    3        0.00000086  -0.00000000
         5    1    3         5    1    3        0.99999135  -0.00000000
         5    3    1         5    1    3       -0.00000042  -0.00000001
         5    3    1         5    3    1        0.99999133   0.00000000
         5    3    4         5    3    1        0.00000008  -0.00000001
         5    3    4         5    3    4        0.99999076  -0.00000000
         5    4    3         5    3    4       -0.00000659  -0.00000000
         5    4    3         5    4    3        0.99999078   0.00000000
        -1    1    4         5    4    3       -0.00000003  -0.00000000
        -1    1    4        -1    1    4        0.99999421  -0.00000000
        -1    4    1        -1    1    4        0.00000124   0.00000000
        -1    4    1        -1    4    1        0.99999420   0.00000000
         0   -5   -1        -1    4    1       -0.00000144  -0.00000000
         0   -5   -1         0   -5   -1        0.99999477   0.00000000
         0   -1   -5         0   -5   -1       -0.00000022   0.00000000
         0   -1   -5         0   -1   -5        0.99999477   0.00000000
         0   -1    4         0   -1   -5        0.00000004  -0.00000000
         0   -1    4         0   -1    4        0.99999481  -0.00000000
         0    4   -1         0   -1    4       -0.00000004  -0.00000000
         0    4   -1         0    4   -1        0.99999481   0.00000000
         1    2    5         0    4   -1        0.00000004   0.00000000
         1    2    5         1    2    5        0.99999420  -0.00000000
         1    5    2         1    2    5        0.00000124  -0.00000000
         1    5    2         1    5    2        0.99999421  -0.00000000
         3    1    5         1    5    2        0.00000010   0.00000000
         3    1    5         3    1    5        0.99999441   0.00000000
         3    4    5         3    1    5        0.00000012  -0.00000000
         3    4    5         3    4    5        0.99999421   0.00000000
         3    5    1         3    4    5       -0.00000098   0.00000000
         3    5    1         3    5    1        0.99999440   0.00000000
         3    5    4         3    5    1        0.00000011   0.00000000
         3    5    4         3    5    4        0.99999420   0.00000000
         4   -1   -1         3    5    4        0.00000020   0.00000000
         4   -1   -1         4   -1   -1        0.99999477   0.00000000
         4    2    5         4   -1   -1        0.00000054  -0.00000000
         4    2    5         4    2    5        0.99999440   0.00000000
         4    5    2         4    2    5        0.00000096   0.00000000
         4    5    2         4    5    2        0.99999441   0.00000000
         5    4    4         4    5    2       -0.00000074  -0.00000000
         5    4    4         5    4    4        0.99999481  -0.00000000
        -5   -5   -4         5    4    4       -0.00000023  -0.00000000
        -5   -5   -4        -5   -5   -4        0.99999555   0.00000000
        -5   -5   -3        -5   -5   -4       -0.00000306  -0.00000000
        -5   -5   -3        -5   -5   -3        0.99999536  -0.00000000
        -5   -4   -5        -5   -5   -3       -0.00000172   0.00000000
        -5   -4   -5        -5   -4   -5        0.99999555   0.00000000
        -5   -3   -5        -5   -4   -5       -0.00000307   0.00000000
        -5   -3   -5        -5   -3   -5        0.99999536   0.00000000
        -4   -4    0        -5   -3   -5       -0.00000035   0.00000000
        -4   -4    0        -4   -4    0        0.99999574  -0.00000000
        -4    0   -4        -4   -4    0       -0.00000010   0.00000000
        -4    0   -4        -4    0   -4        0.99999574   0.00000000
        -4    0    1        -4    0   -4       -0.00000017   0.00000000
        -4    0    1        -4    0    1        0.99999568   0.00000000
        -4    1    0        -4    0    1       -0.00000302  -0.00000000
        -4    1    0        -4    1    0        0.99999568   0.00000000
        -2   -5   -5        -4    1    0       -0.00000071   0.00000000
        -2   -5   -5        -2   -5   -5        0.99999550  -0.00000000
        -2   -5    0        -2   -5   -5       -0.00000030   0.00000000
        -2   -5    0        -2   -5    0        0.99999536   0.00000000
        -2    0   -5        -2   -5    0       -0.00000027   0.00000000
        -2    0   -5        -2    0   -5        0.99999536   0.00000000
        -1   -5    0        -2    0   -5       -0.00000021   0.00000000
        -1   -5    0        -1   -5    0        0.99999555  -0.00000000
        -1    0   -5        -1   -5    0       -0.00000023  -0.00000000
        -1    0   -5        -1    0   -5        0.99999555   0.00000000
        -1    0    4        -1    0   -5       -0.00000031   0.00000000
        -1    0    4        -1    0    4        0.99999568   0.00000000
        -1    4    0        -1    0    4       -0.00000006  -0.00000000
        -1    4    0        -1    4    0        0.99999568   0.00000000
         0   -5   -3        -1    4    0       -0.00000122  -0.00000000
         0   -5   -3         0   -5   -3        0.99999550  -0.00000000


     q= 0.0000 0.2500 0.5000  nmtx=     562  nrk= 40

           independent matrix elements of chi       spin index= 1 1

          g          g**2          gp          gp**2          chi(g,gp)
    0    0    0   0.25777         0    0    0   0.25777       -0.0303472067  -0.0000000000
    0    0    0   0.25777         0    0   -1   0.44524        0.0015984662   0.0000000039
    0    0    0   0.25777         0   -1   -1   0.63271        0.0018709357  -0.0000000085
    0    0    0   0.25777        -1   -1   -1   0.82018        0.0039626374   0.0000000584
    0    0    0   0.25777         1    0    0   0.82018       -0.0039626077   0.0000000395
    0    0    0   0.25777         0   -1    0   1.19512       -0.0044013386   0.0000001979
    0    0    0   0.25777        -1    0   -1   1.38259        0.0000723323  -0.0000001948
    0    0    0   0.25777         1    1    0   1.38259       -0.0000726458  -0.0000001477
    0    0    0   0.25777         0    1    0   1.57006       -0.0068378170   0.0000000499
    0    0    0   0.25777        -1   -1   -2   1.75753       -0.0011515174  -0.0000000289
    0    0    0   0.25777         1    0   -1   1.75753        0.0011516248   0.0000000653
    0    0    0   0.25777        -1    0    0   1.94500       -0.0077611083  -0.0000000869
    0    0    0   0.25777         1    1    1   1.94500        0.0077614835  -0.0000000573
    0    0    0   0.25777        -1   -1    0   2.13247       -0.0001546981  -0.0000000331
    0    0    0   0.25777         1    0    1   2.13247        0.0001548690  -0.0000000223
    0    0    0   0.25777         0   -1   -2   2.31994        0.0011985459   0.0000000425
    0    0    0   0.25777         0    0    1   2.31994       -0.0069924796   0.0000000048
    0    0    0   0.25777        -1   -2   -1   2.50741        0.0014511245  -0.0000001030
    0    0    0   0.25777         0    1   -1   2.50741       -0.0007556177   0.0000001952
    0    0    0   0.25777         1   -1    0   2.50741       -0.0014513432   0.0000000185
    0    0    0   0.25777        -1   -2   -2   2.69488        0.0017819315  -0.0000000848
    0    0    0   0.25777         1   -1   -1   2.69488       -0.0017820930   0.0000000870
    0    0    0   0.25777         0    0   -2   2.88236        0.0056916869   0.0000000609
    0    0    0   0.25777         0    1    1   2.88236        0.0003657913   0.0000000054
    0    0    0   0.25777        -1    0   -2   3.06983        0.0012345805   0.0000000886
    0    0    0   0.25777         0   -2   -1   3.06983        0.0021619475  -0.0000000123
    0    0    0   0.25777         1    1   -1   3.06983       -0.0012347144   0.0000000735
    0    0    0   0.25777        -2   -1   -1   3.25730       -0.0003765953   0.0000001923
    0    0    0   0.25777         2    1    1   3.25730       -0.0003761695   0.0000000847
    0    0    0   0.25777        -2   -1   -2   3.44477       -0.0001884052  -0.0000000376
    0    0    0   0.25777         2    1    0   3.44477       -0.0001887418   0.0000000717
    0    0    0   0.25777        -2   -2   -2   3.63224        0.0021445362   0.0000000091
    0    0    0   0.25777        -2    0    0   5.88188       -0.0022266593  -0.0000000048
    0    0    0   0.25777        -1   -3   -2   5.88188        0.0000080439   0.0000000650
    0    0    0   0.25777         1   -2   -1   5.88188       -0.0000085096  -0.0000002474
    0    0    0   0.25777         2    1   -1   5.88188       -0.0000864896  -0.0000000426
    0    0    0   0.25777         2    2    2   5.88188       -0.0022271853  -0.0000000013
    0    0    0   0.25777        -2   -3   -2   6.06935        0.0008520735   0.0000001564
    0    0    0   0.25777        -1    1    1   6.06935        0.0014100194  -0.0000000582
    0    0    0   0.25777         1    2    2   6.06935       -0.0014101485  -0.0000001957
    0    0    0   0.25777         2   -1    0   6.06935        0.0008523093   0.0000002741
    0    0    0   0.25777         0   -1   -3   6.25682       -0.0013339942   0.0000000363
    0    0    0   0.25777        -1   -3   -1   6.44429       -0.0003961468   0.0000001780
    0    0    0   0.25777         0    1    2   6.44429       -0.0011399855  -0.0000000377
    0    0    0   0.25777         1   -2    0   6.44429        0.0003958640  -0.0000002051
    0    0    0   0.25777        -1    1   -2   6.63176        0.0005493662  -0.0000001139
    0    0    0   0.25777         0    0    2   6.63176       -0.0020459455  -0.0000001372
    0    0    0   0.25777         1    2   -1   6.63176       -0.0005494340   0.0000001798
    0    0    0   0.25777        -3   -2   -2   6.81923        0.0011345446  -0.0000000969
    0    0    0   0.25777         0    2   -1   6.81923       -0.0001917786   0.0000001741
    0    0    0   0.25777         3    1    1   6.81923       -0.0011343593  -0.0000000649
    0    0    0   0.25777        -2   -3   -3   7.00670        0.0006109577   0.0000000777
    0    0    0   0.25777        -2   -2    0   7.00670       -0.0014640582  -0.0000000760
    0    0    0   0.25777        -1    0   -3   7.00670       -0.0008161567   0.0000001007
    0    0    0   0.25777         1    1   -2   7.00670        0.0008160192   0.0000000118
    0    0    0   0.25777         2   -1   -1   7.00670        0.0006109125   0.0000001918
    0    0    0   0.25777         2    0    2   7.00670       -0.0014643312   0.0000000776
    0    0    0   0.25777         0   -2   -3   7.19417       -0.0002431727  -0.0000000804
    0    0    0   0.25777        -3   -1   -2   7.38164        0.0006579792   0.0000000373
    0    0    0   0.25777        -2   -3   -1   7.38164        0.0001880199   0.0000001981
    0    0    0   0.25777         2   -1    1   7.38164        0.0001880487   0.0000001410
    0    0    0   0.25777         3    2    1   7.38164       -0.0006577882  -0.0000000095
    0    0    0   0.25777        -1   -3   -3   7.56911        0.0003444122  -0.0000000223
    0    0    0   0.25777         0    0   -3   7.56911        0.0000101785   0.0000000151
    0    0    0   0.25777         1    3    0   9.25634       -0.0004374511  -0.0000001077
    0    0    0   0.25777         2    0   -2   9.25634        0.0007209748  -0.0000000481
    0    0    0   0.25777        -2    0    1   9.44381        0.0000293716  -0.0000000265
    0    0    0   0.25777         2    2    3   9.44381        0.0000291808   0.0000000522
    0    0    0   0.25777        -2   -1    1   9.63128        0.0001397987   0.0000000126
    0    0    0   0.25777        -1    2    1   9.63128        0.0000670423  -0.0000000770
    0    0    0   0.25777         1    3    2   9.63128       -0.0000673199  -0.0000001296
    0    0    0   0.25777         2    1    3   9.63128        0.0001398942   0.0000001605
    0    0    0   0.25777        -2    1   -2   9.81875       -0.0003473064   0.0000000766
    0    0    0   0.25777        -1   -2   -4   9.81875        0.0004392597  -0.0000000411
    0    0    0   0.25777        -1    0    2   9.81875       -0.0000822006   0.0000000184
    0    0    0   0.25777         0   -3    0   9.81875       -0.0003218744   0.0000000695
    0    0    0   0.25777         1   -1   -3   9.81875       -0.0004393214   0.0000001282
    0    0    0   0.25777         1    1    3   9.81875        0.0000822564  -0.0000000055
    0    0    0   0.25777         2    3    0   9.81875       -0.0003472724  -0.0000000863
    0    0    0   0.25777        -3    0   -1  10.00622       -0.0005037972   0.0000000334
    0    0    0   0.25777         3    3    2  10.00622        0.0005036915  -0.0000000649
    0    0    0   0.25777        -3    0   -2  10.19369       -0.0001780242  -0.0000000200
    0    0    0   0.25777        -2   -3   -4  10.19369        0.0001010957   0.0000000606
    0    0    0   0.25777         2   -1   -2  10.19369        0.0001010478   0.0000001031
    0    0    0   0.25777         3    3    1  10.19369        0.0001778937  -0.0000000620
    0    0    0   0.25777        -1   -1   -4  10.38116       -0.0001158347  -0.0000000018
    0    0    0   0.25777        -1    1    2  10.38116       -0.0000421060   0.0000000187
    0    0    0   0.25777         0   -3   -3  10.38116        0.0000663529  -0.0000000100
    0    0    0   0.25777         1    0   -3  10.38116        0.0001159286   0.0000000709
    0    0    0   0.25777         1    2    3  10.38116        0.0000420239  -0.0000000530
    0    0    0   0.25777        -3   -3   -1  10.56864        0.0003643474   0.0000000849
    0    0    0   0.25777        -2   -1   -4  10.56864        0.0002912330   0.0000000164
    0    0    0   0.25777         2    1   -2  10.56864        0.0002911332  -0.0000000655
    0    0    0   0.25777         3    0    2  10.56864       -0.0003643161  -0.0000000246
    0    0    0   0.25777        -3   -1    0  10.75611       -0.0003648941   0.0000000423
    0    0    0   0.25777        -2   -4   -2  10.75611        0.0002843593  -0.0000000179
    0    0    0   0.25777        -4   -2   -2  12.25587        0.0002099258  -0.0000000419
    0    0    0   0.25777        -1   -4   -3  12.25587        0.0000948336  -0.0000000187
    0    0    0   0.25777         0    1    3  12.25587       -0.0002525994  -0.0000000350
    0    0    0   0.25777         1   -3   -2  12.25587       -0.0000948193  -0.0000000123
    0    0    0   0.25777         4    2    2  12.25587        0.0002099561  -0.0000000087
    0    0    0   0.25777        -4   -2   -3  12.44334        0.0001191984  -0.0000000116
    0    0    0   0.25777        -3   -4   -2  12.44334        0.0001754418  -0.0000000083
    0    0    0   0.25777        -1    2   -2  12.44334        0.0000133596  -0.0000000019
    0    0    0   0.25777         0   -1   -4  12.44334       -0.0001745152  -0.0000000054
    0    0    0   0.25777         1    3   -1  12.44334       -0.0000133665   0.0000000045
    0    0    0   0.25777         3   -1    1  12.44334       -0.0001754167   0.0000000208
    0    0    0   0.25777         4    2    1  12.44334        0.0001192939  -0.0000000152
    0    0    0   0.25777        -4   -3   -3  12.63081       -0.0000179590   0.0000000182
    0    0    0   0.25777        -3    0   -3  12.63081        0.0000883846   0.0000000000
    0    0    0   0.25777        -1   -4   -1  12.63081       -0.0000492376   0.0000000189
    0    0    0   0.25777         0   -2   -4  12.63081        0.0000978599  -0.0000000585
    0    0    0   0.25777         1   -3    0  12.63081        0.0000491481  -0.0000000433
    0    0    0   0.25777         3    3    0  12.63081       -0.0000883653  -0.0000000124
    0    0    0   0.25777         4    1    1  12.63081       -0.0000178709  -0.0000000125
    0    0    0   0.25777        -2   -4   -1  12.81828        0.0001667230   0.0000000115
    0    0    0   0.25777         0    3    2  12.81828       -0.0002271277  -0.0000000110
    0    0    0   0.25777         2   -2    1  12.81828        0.0001667245   0.0000000255
    0    0    0   0.25777        -3   -1   -4  13.00575        0.0001362517  -0.0000000031
    0    0    0   0.25777         3    2   -1  13.00575       -0.0001362464   0.0000000449
    0    0    0   0.25777        -4   -3   -2  13.19322        0.0001541031  -0.0000000064
    0    0    0   0.25777        -1    0   -4  13.19322       -0.0000345795   0.0000000457
    0    0    0   0.25777        -1    2    2  13.19322       -0.0001871552   0.0000000078
    0    0    0   0.25777         0    0    3  13.19322       -0.0004983490  -0.0000000514
    0    0    0   0.25777         1    1   -3  13.19322        0.0000345971  -0.0000000211
    0    0    0   0.25777         1    3    3  13.19322        0.0001870730  -0.0000000337
    0    0    0   0.25777         4    1    2  13.19322        0.0001542567   0.0000000047
    0    0    0   0.25777        -2   -4   -4  13.38069       -0.0000774365   0.0000000295
    0    0    0   0.25777        -3   -3    0  14.88045       -0.0000487778   0.0000000238
    0    0    0   0.25777        -1    3    0  14.88045       -0.0000751430  -0.0000000620
    0    0    0   0.25777         1    4    1  14.88045        0.0000750735  -0.0000000199
    0    0    0   0.25777         3    0    3  14.88045        0.0000488511   0.0000000141
    0    0    0   0.25777         4    2    0  14.88045       -0.0000194787   0.0000000243
    0    0    0   0.25777         4    3    3  14.88045        0.0001040801  -0.0000000007
    0    0    0   0.25777        -4   -4   -3  15.06792       -0.0000323058  -0.0000000112
    0    0    0   0.25777         0   -3   -4  15.06792        0.0000647190  -0.0000000200
    0    0    0   0.25777         4    0    1  15.06792       -0.0000323315  -0.0000000509
    0    0    0   0.25777        -3   -4   -1  15.25539        0.0001347793   0.0000000189
    0    0    0   0.25777        -3    1   -2  15.25539       -0.0000857606   0.0000000127
    0    0    0   0.25777        -2    0    2  15.25539        0.0000717572   0.0000000035
    0    0    0   0.25777         2    2    4  15.25539        0.0000717231   0.0000000188
    0    0    0   0.25777         3   -1    2  15.25539       -0.0001347774  -0.0000000038
    0    0    0   0.25777         3    4    1  15.25539        0.0000857462   0.0000000005
    0    0    0   0.25777        -2   -2   -5  15.44286        0.0000160031   0.0000000028
    0    0    0   0.25777        -1   -4   -4  15.44286       -0.0000091020   0.0000000117
    0    0    0   0.25777        -1   -2    2  15.44286        0.0002125449   0.0000000221
    0    0    0   0.25777        -1    3    1  15.44286       -0.0001378448  -0.0000000169
    0    0    0   0.25777         1   -3   -3  15.44286        0.0000091421  -0.0000000098
    0    0    0   0.25777         1   -1    3  15.44286       -0.0002125603  -0.0000000340
    0    0    0   0.25777         1    4    2  15.44286        0.0001378037  -0.0000000251
    0    0    0   0.25777         2    0   -3  15.44286        0.0000160491   0.0000000067
    0    0    0   0.25777        -3    1    0  15.63033       -0.0001332034   0.0000000325
    0    0    0   0.25777        -2   -3   -5  15.63033       -0.0000901426   0.0000000228
    0    0    0   0.25777         2   -1   -3  15.63033       -0.0000901619   0.0000000438
    0    0    0   0.25777         3    4    3  15.63033        0.0001333140   0.0000000363
    0    0    0   0.25777        -3   -3   -5  15.81780       -0.0001173001  -0.0000000034
    0    0    0   0.25777        -3   -1    1  15.81780       -0.0000595647  -0.0000000093
    0    0    0   0.25777        -2    2    1  15.81780        0.0001266354  -0.0000000297
    0    0    0   0.25777         0   -4   -3  15.81780       -0.0000233049   0.0000000021
    0    0    0   0.25777         2    4    3  15.81780        0.0001266965   0.0000000352
    0    0    0   0.25777        -2   -4    0  17.13009        0.0000099567   0.0000000015
    0    0    0   0.25777        -1    0    3  17.13009       -0.0001761504   0.0000000014
    0    0    0   0.25777         0    3    3  17.13009        0.0000168347  -0.0000000223
    0    0    0   0.25777         1    1    4  17.13009        0.0001761575   0.0000000161
    0    0    0   0.25777         2   -3   -1  17.13009        0.0000441452  -0.0000000312
    0    0    0   0.25777         2   -2    2  17.13009        0.0000099578   0.0000000021
    0    0    0   0.25777         4    4    2  17.13009        0.0000292969   0.0000000110
    0    0    0   0.25777        -3   -5   -3  17.31756        0.0000061788   0.0000000009
    0    0    0   0.25777        -3    0   -4  17.31756        0.0000260359   0.0000000114
    0    0    0   0.25777         3   -2    0  17.31756       -0.0000061453   0.0000000470
    0    0    0   0.25777         3    3   -1  17.31756       -0.0000260117   0.0000000063
    0    0    0   0.25777        -3   -4   -5  17.50503       -0.0000176423  -0.0000000125
    0    0    0   0.25777        -3   -2    1  17.50503       -0.0000762981  -0.0000000159
    0    0    0   0.25777        -2   -1   -5  17.50503       -0.0000106786  -0.0000000020
    0    0    0   0.25777         0   -4    0  17.50503       -0.0000497642   0.0000000314
    0    0    0   0.25777         2    1   -3  17.50503       -0.0000106781  -0.0000000207
    0    0    0   0.25777         3   -1   -2  17.50503        0.0000176526   0.0000000135
    0    0    0   0.25777         3    1    4  17.50503        0.0000763224  -0.0000000054
    0    0    0   0.25777        -4   -1   -4  17.69250       -0.0000136629  -0.0000000123
    0    0    0   0.25777        -4    0   -1  17.69250        0.0000227704   0.0000000037
    0    0    0   0.25777        -2   -5   -2  17.69250        0.0000410665  -0.0000000096
    0    0    0   0.25777        -1   -3   -5  17.69250       -0.0000408544   0.0000000124
    0    0    0   0.25777         1   -2   -4  17.69250        0.0000408565  -0.0000000122
    0    0    0   0.25777         2   -3    0  17.69250        0.0000409953  -0.0000000171
    0    0    0   0.25777         4    3    0  17.69250       -0.0000136478  -0.0000000063
    0    0    0   0.25777         4    4    3  17.69250        0.0000228007   0.0000000201
    0    0    0   0.25777        -1    2   -3  17.87997       -0.0001008109  -0.0000000203
    0    0    0   0.25777         1    3   -2  17.87997        0.0001007970   0.0000000232
    0    0    0   0.25777        -2   -4   -5  18.06744       -0.0000300770   0.0000000107
    0    0    0   0.25777        -1   -1   -5  18.06744        0.0000176407   0.0000000010
    0    0    0   0.25777         0    3   -2  18.06744        0.0000151396   0.0000000249
    0    0    0   0.25777         0    4    1  18.06744        0.0000099407   0.0000000094
    0    0    0   0.25777        -3    1    1  19.19227       -0.0000323056  -0.0000000038
    0    0    0   0.25777        -1   -5   -3  19.19227        0.0000165421  -0.0000000072
    0    0    0   0.25777         1   -4   -2  19.19227       -0.0000165077   0.0000000103
    0    0    0   0.25777         3    2   -2  19.19227        0.0000615653   0.0000000056
    0    0    0   0.25777         3    4    4  19.19227        0.0000323516   0.0000000122
    0    0    0   0.25777         4    0   -1  19.19227        0.0000215287  -0.0000000089
    0    0    0   0.25777        -5   -2   -3  19.37974        0.0000408488  -0.0000000032
    0    0    0   0.25777        -2   -2    2  19.37974        0.0000567458  -0.0000000005
    0    0    0   0.25777         0    4    2  19.37974        0.0000459239  -0.0000000006
    0    0    0   0.25777         2    0    4  19.37974        0.0000567659   0.0000000272
    0    0    0   0.25777         5    3    2  19.37974       -0.0000408746  -0.0000000044
    0    0    0   0.25777        -4   -2   -5  19.56721        0.0000074337  -0.0000000084
    0    0    0   0.25777        -1   -1    3  19.56721       -0.0000427900   0.0000000048
    0    0    0   0.25777         1    0    4  19.56721        0.0000427977   0.0000000078
    0    0    0   0.25777         4    2   -1  19.56721        0.0000074514   0.0000000251
    0    0    0   0.25777        -5   -3   -4  19.75468        0.0000136182   0.0000000016
    0    0    0   0.25777        -4   -5   -3  19.75468        0.0000040669  -0.0000000111
    0    0    0   0.25777         0   -4   -4  19.75468       -0.0000401958   0.0000000012
    0    0    0   0.25777         4   -1    1  19.75468        0.0000040680  -0.0000000209
    0    0    0   0.25777         5    2    1  19.75468       -0.0000136037  -0.0000000053
    0    0    0   0.25777        -5   -2   -2  19.94215        0.0000112420  -0.0000000113
    0    0    0   0.25777        -4   -5   -4  19.94215       -0.0000043148  -0.0000000144
    0    0    0   0.25777        -4   -4   -1  19.94215        0.0000405923   0.0000000069
    0    0    0   0.25777        -2    1   -4  19.94215        0.0000960211   0.0000000111
    0    0    0   0.25777         2    3   -2  19.94215        0.0000960111   0.0000000023
    0    0    0   0.25777         4   -1    0  19.94215       -0.0000042883  -0.0000000004
    0    0    0   0.25777         4    0    3  19.94215        0.0000406321  -0.0000000051
    0    0    0   0.25777         5    3    3  19.94215       -0.0000112750   0.0000000039
    0    0    0   0.25777        -5   -3   -2  20.12962        0.0000534015  -0.0000000040
    0    0    0   0.25777        -2    2    2  20.12962        0.0000262865   0.0000000007
    0    0    0   0.25777         2    4    4  20.12962        0.0000263229   0.0000000214
    0    0    0   0.25777         5    2    3  20.12962       -0.0000534520   0.0000000016
    0    0    0   0.25777        -3   -3    1  21.44191       -0.0000353831  -0.0000000056
    0    0    0   0.25777        -3    2    0  21.44191       -0.0000011641   0.0000000149
    0    0    0   0.25777         3   -2   -2  21.44191       -0.0000338489   0.0000000060
    0    0    0   0.25777         3    0    4  21.44191        0.0000354084   0.0000000056
    0    0    0   0.25777         3    5    3  21.44191        0.0000011896   0.0000000144
    0    0    0   0.25777        -1   -5   -4  21.62938        0.0000163831   0.0000000028
    0    0    0   0.25777        -1   -3    2  21.62938       -0.0000090476   0.0000000099
    0    0    0   0.25777        -1    0   -5  21.62938        0.0000400773   0.0000000192
    0    0    0   0.25777         1   -4   -3  21.62938       -0.0000163580   0.0000000064
    0    0    0   0.25777         1   -2    3  21.62938        0.0000090435  -0.0000000169
    0    0    0   0.25777         1    1   -4  21.62938       -0.0000400661  -0.0000000083
    0    0    0   0.25777        -4   -5   -2  21.81685        0.0000277972  -0.0000000065
    0    0    0   0.25777        -2    0   -5  21.81685       -0.0000077194   0.0000000160
    0    0    0   0.25777         0   -2    3  21.81685        0.0000145931  -0.0000000097
    0    0    0   0.25777         2    2   -3  21.81685       -0.0000077330  -0.0000000015
    0    0    0   0.25777         4   -1    2  21.81685        0.0000278018  -0.0000000200
    0    0    0   0.25777        -5   -1   -2  22.00432       -0.0000163030  -0.0000000088
    0    0    0   0.25777        -2    3   -1  22.00432       -0.0000091826   0.0000000007
    0    0    0   0.25777        -1   -4    1  22.00432       -0.0000215691   0.0000000087
    0    0    0   0.25777         0   -3   -5  22.00432       -0.0000435030  -0.0000000036
    0    0    0   0.25777         0    0    4  22.00432       -0.0000204460  -0.0000000097
    0    0    0   0.25777         1   -3    2  22.00432        0.0000215607  -0.0000000130
    0    0    0   0.25777         2    5    1  22.00432       -0.0000091658   0.0000000077
    0    0    0   0.25777         5    4    3  22.00432        0.0000162978   0.0000000091
    0    0    0   0.25777        -5   -1   -3  22.19179       -0.0000002312  -0.0000000043
    0    0    0   0.25777        -3   -5   -1  22.19179        0.0000019633   0.0000000032
    0    0    0   0.25777         0    4   -1  22.19179        0.0000380020  -0.0000000132
    0    0    0   0.25777         3   -2    2  22.19179       -0.0000019501   0.0000000074
    0    0    0   0.25777         5    4    2  22.19179        0.0000002350   0.0000000037
    0    0    0   0.25777        -4   -5   -5  22.37926        0.0000084649  -0.0000000096
    0    0    0   0.25777        -2    3    1  22.37926       -0.0000083252  -0.0000000207
    0    0    0   0.25777         2    5    3  22.37926       -0.0000082958   0.0000000152
    0    0    0   0.25777        -1    3    3  23.31661       -0.0000243165  -0.0000000027
    0    0    0   0.25777         1    4    4  23.31661        0.0000243222   0.0000000107
    0    0    0   0.25777         2   -1   -4  23.31661        0.0000096684   0.0000000107
    0    0    0   0.25777         2    2    5  23.31661       -0.0000251815   0.0000000007
    0    0    0   0.25777        -1    4    1  23.50408       -0.0000169390   0.0000000020
    0    0    0   0.25777         0   -5   -3  23.50408       -0.0000402202  -0.0000000045
    0    0    0   0.25777         1    5    2  23.50408        0.0000169494  -0.0000000010
    0    0    0   0.25777        -5   -3   -1  23.69155        0.0000083744   0.0000000013
    0    0    0   0.25777        -3   -4   -6  23.69155        0.0000461478  -0.0000000066
    0    0    0   0.25777        -2   -4    1  23.69155        0.0000033806  -0.0000000042
    0    0    0   0.25777        -1    4    0  23.69155       -0.0000185636  -0.0000000172
    0    0    0   0.25777         0    0   -5  23.69155        0.0000495968   0.0000000109
    0    0    0   0.25777         0    3    4  23.69155        0.0000341900  -0.0000000074
    0    0    0   0.25777         1    5    1  23.69155        0.0000185677   0.0000000042
    0    0    0   0.25777         2   -2    3  23.69155        0.0000033821  -0.0000000007
    0    0    0   0.25777         3   -1   -3  23.69155       -0.0000461450   0.0000000020
    0    0    0   0.25777         5    2    4  23.69155       -0.0000084180   0.0000000020
    0    0    0   0.25777        -5   -5   -4  23.87902       -0.0000307790  -0.0000000071
    0    0    0   0.25777        -3    1   -4  23.87902        0.0000305341   0.0000000038
    0    0    0   0.25777        -2   -2   -6  23.87902       -0.0000170416  -0.0000000055
    0    0    0   0.25777        -2    1    3  23.87902       -0.0000099364   0.0000000109
    0    0    0   0.25777         0   -5   -1  23.87902       -0.0000192720  -0.0000000001
    0    0    0   0.25777         2    0   -4  23.87902       -0.0000170310   0.0000000023
    0    0    0   0.25777         2    3    5  23.87902       -0.0000099279   0.0000000037
    0    0    0   0.25777         3    4   -1  23.87902       -0.0000305284  -0.0000000014
    0    0    0   0.25777         5    0    1  23.87902        0.0000307807  -0.0000000129
    0    0    0   0.25777        -5   -1   -1  24.06649       -0.0000051513  -0.0000000034
    0    0    0   0.25777        -3   -2   -6  24.06649        0.0000170593  -0.0000000065
    0    0    0   0.25777         3    1   -3  24.06649       -0.0000170680  -0.0000000114
    0    0    0   0.25777         5    4    4  24.06649        0.0000051400   0.0000000055
    0    0    0   0.25777        -4   -1    1  24.25396        0.0000072570   0.0000000012
    0    0    0   0.25777        -3    0   -5  24.25396       -0.0000544123   0.0000000014
    0    0   -1   0.44524         0    0   -1   0.44524       -0.0335592194  -0.0000000000
    0   -1   -1   0.63271         0   -1   -1   0.63271       -0.0363909493  -0.0000000000
   -1   -1   -1   0.82018        -1   -1   -1   0.82018       -0.0370695689  -0.0000000000
    1    0    0   0.82018         1    0    0   0.82018       -0.0370707556   0.0000000000
    0   -1    0   1.19512         0   -1    0   1.19512       -0.0347173188  -0.0000000000
   -1    0   -1   1.38259        -1    0   -1   1.38259       -0.0353335178  -0.0000000000
    1    1    0   1.38259         1    1    0   1.38259       -0.0353269298  -0.0000000000
    0    1    0   1.57006         0    1    0   1.57006       -0.0335496421  -0.0000000000
   -1   -1   -2   1.75753        -1   -1   -2   1.75753       -0.0320388050  -0.0000000000
    1    0   -1   1.75753         1    0   -1   1.75753       -0.0320435251   0.0000000000
   -1    0    0   1.94500        -1    0    0   1.94500       -0.0309145368   0.0000000000
    1    1    1   1.94500         1    1    1   1.94500       -0.0309243369   0.0000000000
   -1   -1    0   2.13247        -1   -1    0   2.13247       -0.0298473158  -0.0000000000
    1    0    1   2.13247         1    0    1   2.13247       -0.0298538274   0.0000000000
    0   -1   -2   2.31994         0   -1   -2   2.31994       -0.0278741998   0.0000000000
    0    0    1   2.31994         0    0    1   2.31994       -0.0280123889  -0.0000000000
   -1   -2   -1   2.50741        -1   -2   -1   2.50741       -0.0266653372   0.0000000000
    0    1   -1   2.50741         0    1   -1   2.50741       -0.0267359222  -0.0000000000
    1   -1    0   2.50741         1   -1    0   2.50741       -0.0266625412   0.0000000000
   -1   -2   -2   2.69488        -1   -2   -2   2.69488       -0.0251743476   0.0000000000
    1   -1   -1   2.69488         1   -1   -1   2.69488       -0.0251743234   0.0000000000
    0    0   -2   2.88236         0    0   -2   2.88236       -0.0239192224  -0.0000000000
    0    1    1   2.88236         0    1    1   2.88236       -0.0232347042  -0.0000000000
   -1    0   -2   3.06983        -1    0   -2   3.06983       -0.0217285189  -0.0000000000
    0   -2   -1   3.06983         0   -2   -1   3.06983       -0.0222481536   0.0000000000
    1    1   -1   3.06983         1    1   -1   3.06983       -0.0217289231   0.0000000000
   -2   -1   -1   3.25730        -2   -1   -1   3.25730       -0.0213381791   0.0000000000
    2    1    1   3.25730         2    1    1   3.25730       -0.0213406833   0.0000000000
   -2   -1   -2   3.44477        -2   -1   -2   3.44477       -0.0191643929  -0.0000000000
    2    1    0   3.44477         2    1    0   3.44477       -0.0191585032   0.0000000000
   -2   -2   -2   3.63224        -2   -2   -2   3.63224       -0.0181078010  -0.0000000000
   -2    0    0   5.88188        -2    0    0   5.88188       -0.0048668752  -0.0000000000
   -1   -3   -2   5.88188        -1   -3   -2   5.88188       -0.0049539627   0.0000000000
    1   -2   -1   5.88188         1   -2   -1   5.88188       -0.0049512779   0.0000000000
    2    1   -1   5.88188         2    1   -1   5.88188       -0.0048683406   0.0000000000
    2    2    2   5.88188         2    2    2   5.88188       -0.0048691485   0.0000000000
   -2   -3   -2   6.06935        -2   -3   -2   6.06935       -0.0044258191   0.0000000000
   -1    1    1   6.06935        -1    1    1   6.06935       -0.0043378171  -0.0000000000
    1    2    2   6.06935         1    2    2   6.06935       -0.0043387052  -0.0000000000
    2   -1    0   6.06935         2   -1    0   6.06935       -0.0044224485   0.0000000000
    0   -1   -3   6.25682         0   -1   -3   6.25682       -0.0038687799   0.0000000000
   -1   -3   -1   6.44429        -1   -3   -1   6.44429       -0.0034563692   0.0000000000
    0    1    2   6.44429         0    1    2   6.44429       -0.0033995909   0.0000000000
    1   -2    0   6.44429         1   -2    0   6.44429       -0.0034574714   0.0000000000
   -1    1   -2   6.63176        -1    1   -2   6.63176       -0.0030489157   0.0000000000
    0    0    2   6.63176         0    0    2   6.63176       -0.0029268830  -0.0000000000
    1    2   -1   6.63176         1    2   -1   6.63176       -0.0030507672   0.0000000000
   -3   -2   -2   6.81923        -3   -2   -2   6.81923       -0.0027614277   0.0000000000
    0    2   -1   6.81923         0    2   -1   6.81923       -0.0026269019   0.0000000000
    3    1    1   6.81923         3    1    1   6.81923       -0.0027617746   0.0000000000
   -2   -3   -3   7.00670        -2   -3   -3   7.00670       -0.0023803024   0.0000000000
   -2   -2    0   7.00670        -2   -2    0   7.00670       -0.0023597067   0.0000000000
   -1    0   -3   7.00670        -1    0   -3   7.00670       -0.0023820459   0.0000000000
    1    1   -2   7.00670         1    1   -2   7.00670       -0.0023797784   0.0000000000
    2   -1   -1   7.00670         2   -1   -1   7.00670       -0.0023796669   0.0000000000
    2    0    2   7.00670         2    0    2   7.00670       -0.0023598125   0.0000000000
    0   -2   -3   7.19417         0   -2   -3   7.19417       -0.0021123352   0.0000000000
   -3   -1   -2   7.38164        -3   -1   -2   7.38164       -0.0018911777  -0.0000000000
   -2   -3   -1   7.38164        -2   -3   -1   7.38164       -0.0018686625   0.0000000000
    2   -1    1   7.38164         2   -1    1   7.38164       -0.0018699840   0.0000000000
    3    2    1   7.38164         3    2    1   7.38164       -0.0018848310  -0.0000000000
   -1   -3   -3   7.56911        -1   -3   -3   7.56911       -0.0016688705  -0.0000000000
    0    0   -3   7.56911         0    0   -3   7.56911       -0.0015927079  -0.0000000000
    1    3    0   9.25634         1    3    0   9.25634       -0.0006075067   0.0000000000
    2    0   -2   9.25634         2    0   -2   9.25634       -0.0006575985   0.0000000000
   -2    0    1   9.44381        -2    0    1   9.44381       -0.0005814857   0.0000000000
    2    2    3   9.44381         2    2    3   9.44381       -0.0005815334   0.0000000000
   -2   -1    1   9.63128        -2   -1    1   9.63128       -0.0005278790   0.0000000000
   -1    2    1   9.63128        -1    2    1   9.63128       -0.0005083430   0.0000000000
    1    3    2   9.63128         1    3    2   9.63128       -0.0005081391  -0.0000000000
    2    1    3   9.63128         2    1    3   9.63128       -0.0005288358   0.0000000000
   -2    1   -2   9.81875        -2    1   -2   9.81875       -0.0004598368   0.0000000000
   -1   -2   -4   9.81875        -1   -2   -4   9.81875       -0.0004840186  -0.0000000000
   -1    0    2   9.81875        -1    0    2   9.81875       -0.0004664191  -0.0000000000
    0   -3    0   9.81875         0   -3    0   9.81875       -0.0004462812  -0.0000000000
    1   -1   -3   9.81875         1   -1   -3   9.81875       -0.0004843462  -0.0000000000
    1    1    3   9.81875         1    1    3   9.81875       -0.0004658402  -0.0000000000
    2    3    0   9.81875         2    3    0   9.81875       -0.0004599963  -0.0000000000
   -3    0   -1  10.00622        -3    0   -1  10.00622       -0.0004110639   0.0000000000
    3    3    2  10.00622         3    3    2  10.00622       -0.0004105216   0.0000000000
   -3    0   -2  10.19369        -3    0   -2  10.19369       -0.0003809841  -0.0000000000
   -2   -3   -4  10.19369        -2   -3   -4  10.19369       -0.0004000372  -0.0000000000
    2   -1   -2  10.19369         2   -1   -2  10.19369       -0.0004001177   0.0000000000
    3    3    1  10.19369         3    3    1  10.19369       -0.0003802638  -0.0000000000
   -1   -1   -4  10.38116        -1   -1   -4  10.38116       -0.0003541580  -0.0000000000
   -1    1    2  10.38116        -1    1    2  10.38116       -0.0003582361  -0.0000000000
    0   -3   -3  10.38116         0   -3   -3  10.38116       -0.0003348827  -0.0000000000
    1    0   -3  10.38116         1    0   -3  10.38116       -0.0003540467   0.0000000000
    1    2    3  10.38116         1    2    3  10.38116       -0.0003582761  -0.0000000000
   -3   -3   -1  10.56864        -3   -3   -1  10.56864       -0.0003055972   0.0000000000
   -2   -1   -4  10.56864        -2   -1   -4  10.56864       -0.0003281419  -0.0000000000
    2    1   -2  10.56864         2    1   -2  10.56864       -0.0003282793   0.0000000000
    3    0    2  10.56864         3    0    2  10.56864       -0.0003056013   0.0000000000
   -3   -1    0  10.75611        -3   -1    0  10.75611       -0.0002956833  -0.0000000000
   -2   -4   -2  10.75611        -2   -4   -2  10.75611       -0.0003260239  -0.0000000000
   -4   -2   -2  12.25587        -4   -2   -2  12.25587       -0.0001725458  -0.0000000000
   -1   -4   -3  12.25587        -1   -4   -3  12.25587       -0.0001576370  -0.0000000000
    0    1    3  12.25587         0    1    3  12.25587       -0.0001605661   0.0000000000
    1   -3   -2  12.25587         1   -3   -2  12.25587       -0.0001575156  -0.0000000000
    4    2    2  12.25587         4    2    2  12.25587       -0.0001725239   0.0000000000
   -4   -2   -3  12.44334        -4   -2   -3  12.44334       -0.0001577769  -0.0000000000
   -3   -4   -2  12.44334        -3   -4   -2  12.44334       -0.0001445333  -0.0000000000
   -1    2   -2  12.44334        -1    2   -2  12.44334       -0.0001505698   0.0000000000
    0   -1   -4  12.44334         0   -1   -4  12.44334       -0.0001564106   0.0000000000
    1    3   -1  12.44334         1    3   -1  12.44334       -0.0001506266  -0.0000000000
    3   -1    1  12.44334         3   -1    1  12.44334       -0.0001443952  -0.0000000000
    4    2    1  12.44334         4    2    1  12.44334       -0.0001573930   0.0000000000
   -4   -3   -3  12.63081        -4   -3   -3  12.63081       -0.0001458305   0.0000000000
   -3    0   -3  12.63081        -3    0   -3  12.63081       -0.0001254740  -0.0000000000
   -1   -4   -1  12.63081        -1   -4   -1  12.63081       -0.0001445758   0.0000000000
    0   -2   -4  12.63081         0   -2   -4  12.63081       -0.0001391435   0.0000000000
    1   -3    0  12.63081         1   -3    0  12.63081       -0.0001447130   0.0000000000
    3    3    0  12.63081         3    3    0  12.63081       -0.0001254210  -0.0000000000
    4    1    1  12.63081         4    1    1  12.63081       -0.0001459485  -0.0000000000
   -2   -4   -1  12.81828        -2   -4   -1  12.81828       -0.0001280136  -0.0000000000
    0    3    2  12.81828         0    3    2  12.81828       -0.0001177606   0.0000000000
    2   -2    1  12.81828         2   -2    1  12.81828       -0.0001279449  -0.0000000000
   -3   -1   -4  13.00575        -3   -1   -4  13.00575       -0.0001104935  -0.0000000000
    3    2   -1  13.00575         3    2   -1  13.00575       -0.0001105301   0.0000000000
   -4   -3   -2  13.19322        -4   -3   -2  13.19322       -0.0001121853   0.0000000000
   -1    0   -4  13.19322        -1    0   -4  13.19322       -0.0001166090   0.0000000000
   -1    2    2  13.19322        -1    2    2  13.19322       -0.0001051739  -0.0000000000
    0    0    3  13.19322         0    0    3  13.19322       -0.0001246045   0.0000000000
    1    1   -3  13.19322         1    1   -3  13.19322       -0.0001164457   0.0000000000
    1    3    3  13.19322         1    3    3  13.19322       -0.0001052242  -0.0000000000
    4    1    2  13.19322         4    1    2  13.19322       -0.0001124300   0.0000000000
   -2   -4   -4  13.38069        -2   -4   -4  13.38069       -0.0001059531   0.0000000000
   -3   -3    0  14.88045        -3   -3    0  14.88045       -0.0000568880   0.0000000000
   -1    3    0  14.88045        -1    3    0  14.88045       -0.0000660109   0.0000000000
    1    4    1  14.88045         1    4    1  14.88045       -0.0000658905  -0.0000000000
    3    0    3  14.88045         3    0    3  14.88045       -0.0000570492  -0.0000000000
    4    2    0  14.88045         4    2    0  14.88045       -0.0000615159  -0.0000000000
    4    3    3  14.88045         4    3    3  14.88045       -0.0000718353  -0.0000000000
   -4   -4   -3  15.06792        -4   -4   -3  15.06792       -0.0000607648   0.0000000000
    0   -3   -4  15.06792         0   -3   -4  15.06792       -0.0000547110  -0.0000000000
    4    0    1  15.06792         4    0    1  15.06792       -0.0000606990   0.0000000000
   -3   -4   -1  15.25539        -3   -4   -1  15.25539       -0.0000511482  -0.0000000000
   -3    1   -2  15.25539        -3    1   -2  15.25539       -0.0000555588  -0.0000000000
   -2    0    2  15.25539        -2    0    2  15.25539       -0.0000605963  -0.0000000000
    2    2    4  15.25539         2    2    4  15.25539       -0.0000605501   0.0000000000
    3   -1    2  15.25539         3   -1    2  15.25539       -0.0000510350  -0.0000000000
    3    4    1  15.25539         3    4    1  15.25539       -0.0000555819  -0.0000000000
   -2   -2   -5  15.44286        -2   -2   -5  15.44286       -0.0000572413  -0.0000000000
   -1   -4   -4  15.44286        -1   -4   -4  15.44286       -0.0000497550  -0.0000000000
   -1   -2    2  15.44286        -1   -2    2  15.44286       -0.0000543065   0.0000000000
   -1    3    1  15.44286        -1    3    1  15.44286       -0.0000524237   0.0000000000
    1   -3   -3  15.44286         1   -3   -3  15.44286       -0.0000497375   0.0000000000
    1   -1    3  15.44286         1   -1    3  15.44286       -0.0000542570   0.0000000000
    1    4    2  15.44286         1    4    2  15.44286       -0.0000524702  -0.0000000000
    2    0   -3  15.44286         2    0   -3  15.44286       -0.0000572434  -0.0000000000
   -3    1    0  15.63033        -3    1    0  15.63033       -0.0000541141   0.0000000000
   -2   -3   -5  15.63033        -2   -3   -5  15.63033       -0.0000539139  -0.0000000000
    2   -1   -3  15.63033         2   -1   -3  15.63033       -0.0000539018   0.0000000000
    3    4    3  15.63033         3    4    3  15.63033       -0.0000540472  -0.0000000000
   -3   -3   -5  15.81780        -3   -3   -5  15.81780       -0.0000492808  -0.0000000000
   -3   -1    1  15.81780        -3   -1    1  15.81780       -0.0000481941  -0.0000000000
   -2    2    1  15.81780        -2    2    1  15.81780       -0.0000463061  -0.0000000000
    0   -4   -3  15.81780         0   -4   -3  15.81780       -0.0000436736  -0.0000000000
    2    4    3  15.81780         2    4    3  15.81780       -0.0000462418  -0.0000000000
   -2   -4    0  17.13009        -2   -4    0  17.13009       -0.0000304235  -0.0000000000
   -1    0    3  17.13009        -1    0    3  17.13009       -0.0000346191   0.0000000000
    0    3    3  17.13009         0    3    3  17.13009       -0.0000284413   0.0000000000
    1    1    4  17.13009         1    1    4  17.13009       -0.0000346253   0.0000000000
    2   -3   -1  17.13009         2   -3   -1  17.13009       -0.0000341986  -0.0000000000
    2   -2    2  17.13009         2   -2    2  17.13009       -0.0000303615   0.0000000000
    4    4    2  17.13009         4    4    2  17.13009       -0.0000317586   0.0000000000
   -3   -5   -3  17.31756        -3   -5   -3  17.31756       -0.0000319553  -0.0000000000
   -3    0   -4  17.31756        -3    0   -4  17.31756       -0.0000269865   0.0000000000
    3   -2    0  17.31756         3   -2    0  17.31756       -0.0000319479  -0.0000000000
    3    3   -1  17.31756         3    3   -1  17.31756       -0.0000270063  -0.0000000000
   -3   -4   -5  17.50503        -3   -4   -5  17.50503       -0.0000307919   0.0000000000
   -3   -2    1  17.50503        -3   -2    1  17.50503       -0.0000282548  -0.0000000000
   -2   -1   -5  17.50503        -2   -1   -5  17.50503       -0.0000284748   0.0000000000
    0   -4    0  17.50503         0   -4    0  17.50503       -0.0000326675   0.0000000000
    2    1   -3  17.50503         2    1   -3  17.50503       -0.0000284624   0.0000000000
    3   -1   -2  17.50503         3   -1   -2  17.50503       -0.0000308044   0.0000000000
    3    1    4  17.50503         3    1    4  17.50503       -0.0000282709  -0.0000000000
   -4   -1   -4  17.69250        -4   -1   -4  17.69250       -0.0000247070  -0.0000000000
   -4    0   -1  17.69250        -4    0   -1  17.69250       -0.0000306283   0.0000000000
   -2   -5   -2  17.69250        -2   -5   -2  17.69250       -0.0000288832   0.0000000000
   -1   -3   -5  17.69250        -1   -3   -5  17.69250       -0.0000271783   0.0000000000
    1   -2   -4  17.69250         1   -2   -4  17.69250       -0.0000271760  -0.0000000000
    2   -3    0  17.69250         2   -3    0  17.69250       -0.0000288514   0.0000000000
    4    3    0  17.69250         4    3    0  17.69250       -0.0000246685  -0.0000000000
    4    4    3  17.69250         4    4    3  17.69250       -0.0000306130  -0.0000000000
   -1    2   -3  17.87997        -1    2   -3  17.87997       -0.0000260426  -0.0000000000
    1    3   -2  17.87997         1    3   -2  17.87997       -0.0000260674  -0.0000000000
   -2   -4   -5  18.06744        -2   -4   -5  18.06744       -0.0000234636   0.0000000000
   -1   -1   -5  18.06744        -1   -1   -5  18.06744       -0.0000269026   0.0000000000
    0    3   -2  18.06744         0    3   -2  18.06744       -0.0000263300  -0.0000000000
    0    4    1  18.06744         0    4    1  18.06744       -0.0000252179  -0.0000000000
   -3    1    1  19.19227        -3    1    1  19.19227       -0.0000192092   0.0000000000
   -1   -5   -3  19.19227        -1   -5   -3  19.19227       -0.0000174063  -0.0000000000
    1   -4   -2  19.19227         1   -4   -2  19.19227       -0.0000173858   0.0000000000
    3    2   -2  19.19227         3    2   -2  19.19227       -0.0000172377  -0.0000000000
    3    4    4  19.19227         3    4    4  19.19227       -0.0000192082   0.0000000000
    4    0   -1  19.19227         4    0   -1  19.19227       -0.0000196956   0.0000000000
   -5   -2   -3  19.37974        -5   -2   -3  19.37974       -0.0000173873  -0.0000000000
   -2   -2    2  19.37974        -2   -2    2  19.37974       -0.0000166758  -0.0000000000
    0    4    2  19.37974         0    4    2  19.37974       -0.0000158400  -0.0000000000
    2    0    4  19.37974         2    0    4  19.37974       -0.0000166626  -0.0000000000
    5    3    2  19.37974         5    3    2  19.37974       -0.0000173403  -0.0000000000
   -4   -2   -5  19.56721        -4   -2   -5  19.56721       -0.0000152965   0.0000000000
   -1   -1    3  19.56721        -1   -1    3  19.56721       -0.0000171943  -0.0000000000
    1    0    4  19.56721         1    0    4  19.56721       -0.0000171858  -0.0000000000
    4    2   -1  19.56721         4    2   -1  19.56721       -0.0000152933  -0.0000000000
   -5   -3   -4  19.75468        -5   -3   -4  19.75468       -0.0000157984  -0.0000000000
   -4   -5   -3  19.75468        -4   -5   -3  19.75468       -0.0000150542  -0.0000000000
    0   -4   -4  19.75468         0   -4   -4  19.75468       -0.0000137625   0.0000000000
    4   -1    1  19.75468         4   -1    1  19.75468       -0.0000150114  -0.0000000000
    5    2    1  19.75468         5    2    1  19.75468       -0.0000158194  -0.0000000000
   -5   -2   -2  19.94215        -5   -2   -2  19.94215       -0.0000157544   0.0000000000
   -4   -5   -4  19.94215        -4   -5   -4  19.94215       -0.0000158954   0.0000000000
   -4   -4   -1  19.94215        -4   -4   -1  19.94215       -0.0000131902  -0.0000000000
   -2    1   -4  19.94215        -2    1   -4  19.94215       -0.0000142490   0.0000000000
    2    3   -2  19.94215         2    3   -2  19.94215       -0.0000142482  -0.0000000000
    4   -1    0  19.94215         4   -1    0  19.94215       -0.0000158832   0.0000000000
    4    0    3  19.94215         4    0    3  19.94215       -0.0000132133  -0.0000000000
    5    3    3  19.94215         5    3    3  19.94215       -0.0000157618  -0.0000000000
   -5   -3   -2  20.12962        -5   -3   -2  20.12962       -0.0000136830   0.0000000000
   -2    2    2  20.12962        -2    2    2  20.12962       -0.0000131600  -0.0000000000
    2    4    4  20.12962         2    4    4  20.12962       -0.0000131713  -0.0000000000
    5    2    3  20.12962         5    2    3  20.12962       -0.0000137177   0.0000000000
   -3   -3    1  21.44191        -3   -3    1  21.44191       -0.0000094597  -0.0000000000
   -3    2    0  21.44191        -3    2    0  21.44191       -0.0000102527  -0.0000000000
    3   -2   -2  21.44191         3   -2   -2  21.44191       -0.0000105143  -0.0000000000
    3    0    4  21.44191         3    0    4  21.44191       -0.0000094722   0.0000000000
    3    5    3  21.44191         3    5    3  21.44191       -0.0000102577  -0.0000000000
   -1   -5   -4  21.62938        -1   -5   -4  21.62938       -0.0000092573   0.0000000000
   -1   -3    2  21.62938        -1   -3    2  21.62938       -0.0000092814  -0.0000000000
   -1    0   -5  21.62938        -1    0   -5  21.62938       -0.0000097083  -0.0000000000
    1   -4   -3  21.62938         1   -4   -3  21.62938       -0.0000092654   0.0000000000
    1   -2    3  21.62938         1   -2    3  21.62938       -0.0000092586  -0.0000000000
    1    1   -4  21.62938         1    1   -4  21.62938       -0.0000097136   0.0000000000
   -4   -5   -2  21.81685        -4   -5   -2  21.81685       -0.0000086586   0.0000000000
   -2    0   -5  21.81685        -2    0   -5  21.81685       -0.0000088311   0.0000000000
    0   -2    3  21.81685         0   -2    3  21.81685       -0.0000093447  -0.0000000000
    2    2   -3  21.81685         2    2   -3  21.81685       -0.0000088316   0.0000000000
    4   -1    2  21.81685         4   -1    2  21.81685       -0.0000086561   0.0000000000
   -5   -1   -2  22.00432        -5   -1   -2  22.00432       -0.0000088563  -0.0000000000
   -2    3   -1  22.00432        -2    3   -1  22.00432       -0.0000090226  -0.0000000000
   -1   -4    1  22.00432        -1   -4    1  22.00432       -0.0000086146   0.0000000000
    0   -3   -5  22.00432         0   -3   -5  22.00432       -0.0000082575  -0.0000000000
    0    0    4  22.00432         0    0    4  22.00432       -0.0000077917   0.0000000000
    1   -3    2  22.00432         1   -3    2  22.00432       -0.0000086310   0.0000000000
    2    5    1  22.00432         2    5    1  22.00432       -0.0000090197  -0.0000000000
    5    4    3  22.00432         5    4    3  22.00432       -0.0000088521  -0.0000000000
   -5   -1   -3  22.19179        -5   -1   -3  22.19179       -0.0000080994  -0.0000000000
   -3   -5   -1  22.19179        -3   -5   -1  22.19179       -0.0000078776  -0.0000000000
    0    4   -1  22.19179         0    4   -1  22.19179       -0.0000076365   0.0000000000
    3   -2    2  22.19179         3   -2    2  22.19179       -0.0000078710  -0.0000000000
    5    4    2  22.19179         5    4    2  22.19179       -0.0000080730   0.0000000000
   -4   -5   -5  22.37926        -4   -5   -5  22.37926       -0.0000074357  -0.0000000000
   -2    3    1  22.37926        -2    3    1  22.37926       -0.0000075411   0.0000000000
    2    5    3  22.37926         2    5    3  22.37926       -0.0000075294  -0.0000000000
   -1    3    3  23.31661        -1    3    3  23.31661       -0.0000060456  -0.0000000000
    1    4    4  23.31661         1    4    4  23.31661       -0.0000060460   0.0000000000
    2   -1   -4  23.31661         2   -1   -4  23.31661       -0.0000062082   0.0000000000
    2    2    5  23.31661         2    2    5  23.31661       -0.0000064177  -0.0000000000
   -1    4    1  23.50408        -1    4    1  23.50408       -0.0000060425   0.0000000000
    0   -5   -3  23.50408         0   -5   -3  23.50408       -0.0000057779  -0.0000000000
    1    5    2  23.50408         1    5    2  23.50408       -0.0000060322   0.0000000000
   -5   -3   -1  23.69155        -5   -3   -1  23.69155       -0.0000055430   0.0000000000
   -3   -4   -6  23.69155        -3   -4   -6  23.69155       -0.0000059529   0.0000000000
   -2   -4    1  23.69155        -2   -4    1  23.69155       -0.0000055745   0.0000000000
   -1    4    0  23.69155        -1    4    0  23.69155       -0.0000055653  -0.0000000000
    0    0   -5  23.69155         0    0   -5  23.69155       -0.0000048434  -0.0000000000
    0    3    4  23.69155         0    3    4  23.69155       -0.0000054996   0.0000000000
    1    5    1  23.69155         1    5    1  23.69155       -0.0000055672  -0.0000000000
    2   -2    3  23.69155         2   -2    3  23.69155       -0.0000055755  -0.0000000000
    3   -1   -3  23.69155         3   -1   -3  23.69155       -0.0000059512  -0.0000000000
    5    2    4  23.69155         5    2    4  23.69155       -0.0000055626   0.0000000000
   -5   -5   -4  23.87902        -5   -5   -4  23.87902       -0.0000054072   0.0000000000
   -3    1   -4  23.87902        -3    1   -4  23.87902       -0.0000052640  -0.0000000000
   -2   -2   -6  23.87902        -2   -2   -6  23.87902       -0.0000057142  -0.0000000000
   -2    1    3  23.87902        -2    1    3  23.87902       -0.0000052636   0.0000000000
    0   -5   -1  23.87902         0   -5   -1  23.87902       -0.0000046834   0.0000000000
    2    0   -4  23.87902         2    0   -4  23.87902       -0.0000057175  -0.0000000000
    2    3    5  23.87902         2    3    5  23.87902       -0.0000052744   0.0000000000
    3    4   -1  23.87902         3    4   -1  23.87902       -0.0000052663  -0.0000000000
    5    0    1  23.87902         5    0    1  23.87902       -0.0000054164  -0.0000000000
   -5   -1   -1  24.06649        -5   -1   -1  24.06649       -0.0000045391   0.0000000000
   -3   -2   -6  24.06649        -3   -2   -6  24.06649       -0.0000051517  -0.0000000000
    3    1   -3  24.06649         3    1   -3  24.06649       -0.0000051540   0.0000000000
    5    4    4  24.06649         5    4    4  24.06649       -0.0000045386   0.0000000000
   -4   -1    1  24.25396        -4   -1    1  24.25396       -0.0000051612  -0.0000000000
   -3    0   -5  24.25396        -3    0   -5  24.25396       -0.0000047925  -0.0000000000


             g                   gp         inverse epsilon           nspin= 1
         0    0    0         0    0    0        0.27736571  -0.00000000
         0    0   -1         0    0    0        0.00422987  -0.00000023
         0    0   -1         0    0   -1        0.37803982  -0.00000000
         0   -1   -1         0    0   -1       -0.02510667  -0.00000089
         0   -1   -1         0   -1   -1        0.44123542  -0.00000000
        -1   -1   -1         0   -1   -1       -0.04040146  -0.00000290
        -1   -1   -1        -1   -1   -1        0.50390819   0.00000000
         1    0    0        -1   -1   -1       -0.02799405   0.00000243
         1    0    0         1    0    0        0.50389573   0.00000000
         0   -1    0         1    0    0       -0.00117536   0.00000521
         0   -1    0         0   -1    0        0.61312744   0.00000000
        -1    0   -1         0   -1    0       -0.00291988  -0.00000296
        -1    0   -1        -1    0   -1        0.64328856  -0.00000000
         1    1    0        -1    0   -1       -0.00859525   0.00001019
         1    1    0         1    1    0        0.64332406  -0.00000000
         0    1    0         1    1    0       -0.04760487   0.00000055
         0    1    0         0    1    0        0.68357383  -0.00000000
        -1   -1   -2         0    1    0        0.00107995   0.00000413
        -1   -1   -2        -1   -1   -2        0.71734621   0.00000000
         1    0   -1        -1   -1   -2       -0.01150972  -0.00003171
         1    0   -1         1    0   -1        0.71732406   0.00000000
        -1    0    0         1    0   -1        0.02395476  -0.00000240
        -1    0    0        -1    0    0        0.74793967   0.00000000
         1    1    1        -1    0    0       -0.01213891  -0.00001987
         1    1    1         1    1    1        0.74788310   0.00000000
        -1   -1    0         1    1    1       -0.00512727   0.00001327
        -1   -1    0        -1   -1    0        0.76474318  -0.00000000
         1    0    1        -1   -1    0       -0.01288605  -0.00001509
         1    0    1         1    0    1        0.76471352   0.00000000
         0   -1   -2         1    0    1       -0.01286668  -0.00000536
         0   -1   -2         0   -1   -2        0.79094024  -0.00000000
         0    0    1         0   -1   -2       -0.02261493  -0.00000343
         0    0    1         0    0    1        0.79635551  -0.00000000
        -1   -2   -1         0    0    1       -0.00971234  -0.00000679
        -1   -2   -1        -1   -2   -1        0.81171498   0.00000000
         0    1   -1        -1   -2   -1       -0.01638768   0.00001315
         0    1   -1         0    1   -1        0.81451312  -0.00000000
         1   -1    0         0    1   -1        0.01638750   0.00001111
         1   -1    0         1   -1    0        0.81172235   0.00000000
        -1   -2   -2         1   -1    0       -0.01340022  -0.00000634
        -1   -2   -2        -1   -2   -2        0.83264871   0.00000000
         1   -1   -1        -1   -2   -2       -0.01188029   0.00001523
         1   -1   -1         1   -1   -1        0.83264672   0.00000000
         0    0   -2         1   -1   -1        0.00850315   0.00000262
         0    0   -2         0    0   -2        0.85140784  -0.00000000
         0    1    1         0    0   -2       -0.00988224   0.00000081
         0    1    1         0    1    1        0.84790640  -0.00000000
        -1    0   -2         0    1    1       -0.00878498   0.00000780
        -1    0   -2        -1    0   -2        0.86464107  -0.00000000
         0   -2   -1        -1    0   -2        0.00960786  -0.00000203
         0   -2   -1         0   -2   -1        0.86714282   0.00000000
         1    1   -1         0   -2   -1       -0.00960447   0.00001668
         1    1   -1         1    1   -1        0.86464087   0.00000000
        -2   -1   -1         1    1   -1       -0.00368277  -0.00000145
        -2   -1   -1        -2   -1   -1        0.87554474   0.00000000
         2    1    1        -2   -1   -1        0.01337775   0.00000113
         2    1    1         2    1    1        0.87553234   0.00000000
        -2   -1   -2         2    1    1        0.01122703  -0.00000044
        -2   -1   -2        -2   -1   -2        0.89051789  -0.00000000
         2    1    0        -2   -1   -2        0.01009712  -0.00000678
         2    1    0         2    1    0        0.89054823   0.00000000
        -2   -2   -2         2    1    0        0.00723160   0.00001142
        -2   -2   -2        -2   -2   -2        0.90412885   0.00000000
        -2    0    0        -2   -2   -2       -0.00717803  -0.00000403
        -2    0    0        -2    0    0        0.98234672   0.00000000
        -1   -3   -2        -2    0    0        0.00000391  -0.00000193
        -1   -3   -2        -1   -3   -2        0.98194543   0.00000000
         1   -2   -1        -1   -3   -2        0.00126603   0.00001553
         1   -2   -1         1   -2   -1        0.98195560   0.00000000
         2    1   -1         1   -2   -1       -0.00330969   0.00000242
         2    1   -1         2    1   -1        0.98182752   0.00000000
         2    2    2         2    1   -1       -0.00367228   0.00000403
         2    2    2         2    2    2        0.98233927   0.00000000
        -2   -3   -2         2    2    2        0.00175505  -0.00000099
        -2   -3   -2        -2   -3   -2        0.98436165   0.00000000
        -1    1    1        -2   -3   -2        0.00027511   0.00000195
        -1    1    1        -1    1    1        0.98441645   0.00000000
         1    2    2        -1    1    1        0.00090227  -0.00000904
         1    2    2         1    2    2        0.98441216   0.00000000
         2   -1    0         1    2    2       -0.00027840  -0.00000219
         2   -1    0         2   -1    0        0.98437419   0.00000000
         0   -1   -3         2   -1    0       -0.00135598  -0.00000093
         0   -1   -3         0   -1   -3        0.98675558   0.00000000
        -1   -3   -1         0   -1   -3        0.00077277  -0.00000324
        -1   -3   -1        -1   -3   -1        0.98845291   0.00000000
         0    1    2        -1   -3   -1        0.00035454   0.00000251
         0    1    2         0    1    2        0.98846291   0.00000000
         1   -2    0         0    1    2       -0.00036740  -0.00000283
         1   -2    0         1   -2    0        0.98844873   0.00000000
        -1    1   -2         1   -2    0       -0.00073743   0.00000246
        -1    1   -2        -1    1   -2        0.99000800   0.00000000
         0    0    2        -1    1   -2        0.00118901  -0.00000218
         0    0    2         0    0    2        0.99040260  -0.00000000
         1    2   -1         0    0    2       -0.00119197  -0.00000030
         1    2   -1         1    2   -1        0.99000159   0.00000000
        -3   -2   -2         1    2   -1       -0.00052785  -0.00000065
        -3   -2   -2        -3   -2   -2        0.99141166   0.00000000
         0    2   -1        -3   -2   -2        0.00030330  -0.00000103
         0    2   -1         0    2   -1        0.99160358   0.00000000
         3    1    1         0    2   -1       -0.00031083  -0.00000559
         3    1    1         3    1    1        0.99141036   0.00000000
        -2   -3   -3         3    1    1        0.00097440   0.00000094
        -2   -3   -3        -2   -3   -3        0.99262341   0.00000000
        -2   -2    0        -2   -3   -3       -0.00179828   0.00000089
        -2   -2    0        -2   -2    0        0.99247630   0.00000000
        -1    0   -3        -2   -2    0       -0.00100547  -0.00000078
        -1    0   -3        -1    0   -3        0.99258907   0.00000000
         1    1   -2        -1    0   -3        0.00094209  -0.00000321
         1    1   -2         1    1   -2        0.99259644   0.00000000
         2   -1   -1         1    1   -2        0.00172163   0.00000158
         2   -1   -1         2   -1   -1        0.99262600   0.00000000
         2    0    2         2   -1   -1       -0.00178437   0.00000639
         2    0    2         2    0    2        0.99247652   0.00000000
         0   -2   -3         2    0    2       -0.00034356   0.00000151
         0   -2   -3         0   -2   -3        0.99345599   0.00000000
        -3   -1   -2         0   -2   -3        0.00006801   0.00000082
        -3   -1   -2        -3   -1   -2        0.99448711  -0.00000000
        -2   -3   -1        -3   -1   -2        0.00129643   0.00000135
        -2   -3   -1        -2   -3   -1        0.99440800   0.00000000
         2   -1    1        -2   -3   -1        0.00101610   0.00000222
         2   -1    1         2   -1    1        0.99440334   0.00000000
         3    2    1         2   -1    1       -0.00129785  -0.00000200
         3    2    1         3    2    1        0.99450761  -0.00000000
        -1   -3   -3         3    2    1        0.00073998  -0.00000142
        -1   -3   -3        -1   -3   -3        0.99513815  -0.00000000
         0    0   -3        -1   -3   -3       -0.00117637   0.00000069
         0    0   -3         0    0   -3        0.99537680  -0.00000000
         1    3    0         0    0   -3        0.00048629   0.00000046
         1    3    0         1    3    0        0.99856625   0.00000000
         2    0   -2         1    3    0       -0.00025898   0.00000043
         2    0   -2         2    0   -2        0.99852848   0.00000000
        -2    0    1         2    0   -2        0.00014909  -0.00000053
        -2    0    1        -2    0    1        0.99868423   0.00000000
         2    2    3        -2    0    1        0.00025592  -0.00000009
         2    2    3         2    2    3        0.99868405   0.00000000
        -2   -1    1         2    2    3        0.00018045   0.00000062
        -2   -1    1        -2   -1    1        0.99884181   0.00000000
        -1    2    1        -2   -1    1       -0.00023291  -0.00000065
        -1    2    1        -1    2    1        0.99887538   0.00000000
         1    3    2        -1    2    1        0.00045641   0.00000043
         1    3    2         1    3    2        0.99887595  -0.00000000
         2    1    3         1    3    2        0.00023476   0.00000041
         2    1    3         2    1    3        0.99883959  -0.00000000
        -2    1   -2         2    1    3       -0.00016096   0.00000055
        -2    1   -2        -2    1   -2        0.99898956   0.00000000
        -1   -2   -4        -2    1   -2       -0.00022061  -0.00000007
        -1   -2   -4        -1   -2   -4        0.99895681  -0.00000000
        -1    0    2        -1   -2   -4       -0.00001152   0.00000002
        -1    0    2        -1    0    2        0.99896279  -0.00000000
         0   -3    0        -1    0    2       -0.00023612   0.00000020
         0   -3    0         0   -3    0        0.99902216  -0.00000000
         1   -1   -3         0   -3    0       -0.00002572   0.00000055
         1   -1   -3         1   -1   -3        0.99895605   0.00000000
         1    1    3         1   -1   -3       -0.00001141   0.00000002
         1    1    3         1    1    3        0.99896423   0.00000000
         2    3    0         1    1    3       -0.00000165   0.00000003
         2    3    0         2    3    0        0.99898907  -0.00000000
        -3    0   -1         2    3    0       -0.00001668  -0.00000015
        -3    0   -1        -3    0   -1        0.99911381   0.00000000
         3    3    2        -3    0   -1        0.00013996   0.00000018
         3    3    2         3    3    2        0.99911496   0.00000000
        -3    0   -2         3    3    2        0.00012085   0.00000002
        -3    0   -2        -3    0   -2        0.99918559  -0.00000000
        -2   -3   -4        -3    0   -2       -0.00018119  -0.00000025
        -2   -3   -4        -2   -3   -4        0.99914929  -0.00000000
         2   -1   -2        -2   -3   -4        0.00020490   0.00000020
         2   -1   -2         2   -1   -2        0.99914910   0.00000000
         3    3    1         2   -1   -2        0.00018110  -0.00000012
         3    3    1         3    3    1        0.99918720  -0.00000000
        -1   -1   -4         3    3    1        0.00006745   0.00000032
        -1   -1   -4        -1   -1   -4        0.99925682  -0.00000000
        -1    1    2        -1   -1   -4       -0.00008152   0.00000028
        -1    1    2        -1    1    2        0.99927139  -0.00000000
         0   -3   -3        -1    1    2        0.00001795   0.00000014
         0   -3   -3         0   -3   -3        0.99928111  -0.00000000
         1    0   -3         0   -3   -3       -0.00012298   0.00000026
         1    0   -3         1    0   -3        0.99925710  -0.00000000
         1    2    3         1    0   -3       -0.00008107   0.00000004
         1    2    3         1    2    3        0.99927123  -0.00000000
        -3   -3   -1         1    2    3        0.00003238   0.00000002
        -3   -3   -1        -3   -3   -1        0.99936488   0.00000000
        -2   -1   -4        -3   -3   -1        0.00000678   0.00000001
        -2   -1   -4        -2   -1   -4        0.99933632   0.00000000
         2    1   -2        -2   -1   -4        0.00011073  -0.00000045
         2    1   -2         2    1   -2        0.99933604   0.00000000
         3    0    2         2    1   -2       -0.00000681  -0.00000021
         3    0    2         3    0    2        0.99936482  -0.00000000
        -3   -1    0         3    0    2       -0.00007122   0.00000019
        -3   -1    0        -3   -1    0        0.99939454  -0.00000000
        -2   -4   -2        -3   -1    0       -0.00015349   0.00000004
        -2   -4   -2        -2   -4   -2        0.99935993  -0.00000000
        -4   -2   -2        -2   -4   -2        0.00008237   0.00000008
        -4   -2   -2        -4   -2   -2        0.99969984  -0.00000000
        -1   -4   -3        -4   -2   -2        0.00002253   0.00000005
        -1   -4   -3        -1   -4   -3        0.99973197  -0.00000000
         0    1    3        -1   -4   -3        0.00005730   0.00000005
         0    1    3         0    1    3        0.99971039   0.00000000
         1   -3   -2         0    1    3       -0.00005715  -0.00000009
         1   -3   -2         1   -3   -2        0.99973222  -0.00000000
         4    2    2         1   -3   -2       -0.00002230  -0.00000002
         4    2    2         4    2    2        0.99969985   0.00000000
        -4   -2   -3         4    2    2        0.00008102   0.00000001
        -4   -2   -3        -4   -2   -3        0.99973386  -0.00000000
        -3   -4   -2        -4   -2   -3        0.00003666   0.00000008
        -3   -4   -2        -3   -4   -2        0.99975278  -0.00000000
        -1    2   -2        -3   -4   -2       -0.00005926   0.00000022
        -1    2   -2        -1    2   -2        0.99973446   0.00000000
         0   -1   -4        -1    2   -2       -0.00006671  -0.00000003
         0   -1   -4         0   -1   -4        0.99973544   0.00000000
         1    3   -1         0   -1   -4        0.00006661   0.00000006
         1    3   -1         1    3   -1        0.99973436   0.00000000
         3   -1    1         1    3   -1       -0.00005928  -0.00000026
         3   -1    1         3   -1    1        0.99975306  -0.00000000
         4    2    1         3   -1    1       -0.00003656   0.00000019
         4    2    1         4    2    1        0.99973458   0.00000000
        -4   -3   -3         4    2    1        0.00006302  -0.00000002
        -4   -3   -3        -4   -3   -3        0.99975215  -0.00000000
        -3    0   -3        -4   -3   -3       -0.00001906   0.00000000
        -3    0   -3        -3    0   -3        0.99978605   0.00000000
        -1   -4   -1        -3    0   -3       -0.00005770  -0.00000014
        -1   -4   -1        -1   -4   -1        0.99975560   0.00000000
         0   -2   -4        -1   -4   -1        0.00003097   0.00000010
         0   -2   -4         0   -2   -4        0.99976033  -0.00000000
         1   -3    0         0   -2   -4       -0.00003113  -0.00000007
         1   -3    0         1   -3    0        0.99975533   0.00000000
         3    3    0         1   -3    0       -0.00005784   0.00000002
         3    3    0         3    3    0        0.99978614  -0.00000000
         4    1    1         3    3    0        0.00001947   0.00000006
         4    1    1         4    1    1        0.99975194  -0.00000000
        -2   -4   -1         4    1    1        0.00004231  -0.00000015
        -2   -4   -1        -2   -4   -1        0.99978414  -0.00000000
         0    3    2        -2   -4   -1        0.00004008  -0.00000007
         0    3    2         0    3    2        0.99980389   0.00000000
         2   -2    1         0    3    2        0.00003969  -0.00000010
         2   -2    1         2   -2    1        0.99978424   0.00000000
        -3   -1   -4         2   -2    1        0.00000030   0.00000001
        -3   -1   -4        -3   -1   -4        0.99982024  -0.00000000
         3    2   -1        -3   -1   -4        0.00001277  -0.00000007
         3    2   -1         3    2   -1        0.99982018   0.00000000
        -4   -3   -2         3    2   -1       -0.00001817   0.00000003
        -4   -3   -2        -4   -3   -2        0.99982238   0.00000000
        -1    0   -4        -4   -3   -2        0.00000422   0.00000009
        -1    0   -4        -1    0   -4        0.99980806   0.00000000
        -1    2    2        -1    0   -4       -0.00004386   0.00000008
        -1    2    2        -1    2    2        0.99983144  -0.00000000
         0    0    3        -1    2    2        0.00000368   0.00000003
         0    0    3         0    0    3        0.99980637   0.00000000
         1    1   -3         0    0    3       -0.00004021   0.00000002
         1    1   -3         1    1   -3        0.99980836   0.00000000
         1    3    3         1    1   -3       -0.00004374  -0.00000006
         1    3    3         1    3    3        0.99983134  -0.00000000
         4    1    2         1    3    3        0.00001349   0.00000004
         4    1    2         4    1    2        0.99982196   0.00000000
        -2   -4   -4         4    1    2       -0.00003365  -0.00000008
        -2   -4   -4        -2   -4   -4        0.99982584  -0.00000000
        -3   -3    0        -2   -4   -4       -0.00001346   0.00000002
        -3   -3    0        -3   -3    0        0.99991879   0.00000000
        -1    3    0        -3   -3    0       -0.00001772  -0.00000000
        -1    3    0        -1    3    0        0.99990651   0.00000000
         1    4    1        -1    3    0        0.00005481   0.00000012
         1    4    1         1    4    1        0.99990670   0.00000000
         3    0    3         1    4    1       -0.00001769   0.00000005
         3    0    3         3    0    3        0.99991853  -0.00000000
         4    2    0         3    0    3        0.00001102   0.00000009
         4    2    0         4    2    0        0.99991114  -0.00000000
         4    3    3         4    2    0        0.00000524  -0.00000006
         4    3    3         4    3    3        0.99989866  -0.00000000
        -4   -4   -3         4    3    3       -0.00002008   0.00000005
        -4   -4   -3        -4   -4   -3        0.99991192   0.00000000
         0   -3   -4        -4   -4   -3       -0.00001299   0.00000000
         0   -3   -4         0   -3   -4        0.99992357  -0.00000000
         4    0    1         0   -3   -4       -0.00001291   0.00000005
         4    0    1         4    0    1        0.99991202   0.00000000
        -3   -4   -1         4    0    1        0.00001146   0.00000004
        -3   -4   -1        -3   -4   -1        0.99992950  -0.00000000
        -3    1   -2        -3   -4   -1        0.00000468  -0.00000001
        -3    1   -2        -3    1   -2        0.99992328  -0.00000000
        -2    0    2        -3    1   -2       -0.00001229   0.00000001
        -2    0    2        -2    0    2        0.99991348  -0.00000000
         2    2    4        -2    0    2        0.00001566   0.00000000
         2    2    4         2    2    4        0.99991356   0.00000000
         3   -1    2         2    2    4       -0.00001275  -0.00000000
         3   -1    2         3   -1    2        0.99992967  -0.00000000
         3    4    1         3   -1    2        0.00000473  -0.00000001
         3    4    1         3    4    1        0.99992324  -0.00000000
        -2   -2   -5         3    4    1       -0.00000901   0.00000001
        -2   -2   -5        -2   -2   -5        0.99992088  -0.00000000
        -1   -4   -4        -2   -2   -5       -0.00000127  -0.00000001
        -1   -4   -4        -1   -4   -4        0.99993232  -0.00000000
        -1   -2    2        -1   -4   -4       -0.00001301   0.00000004
        -1   -2    2        -1   -2    2        0.99992524   0.00000000
        -1    3    1        -1   -2    2        0.00000499  -0.00000000
        -1    3    1        -1    3    1        0.99992841   0.00000000
         1   -3   -3        -1    3    1        0.00003468   0.00000000
         1   -3   -3         1   -3   -3        0.99993234   0.00000000
         1   -1    3         1   -3   -3       -0.00001301   0.00000005
         1   -1    3         1   -1    3        0.99992531   0.00000000
         1    4    2         1   -1    3        0.00000502  -0.00000003
         1    4    2         1    4    2        0.99992834  -0.00000000
         2    0   -3         1    4    2       -0.00001574  -0.00000001
         2    0   -3         2    0   -3        0.99992088  -0.00000000
        -3    1    0         2    0   -3       -0.00000021   0.00000002
        -3    1    0        -3    1    0        0.99992714   0.00000000
        -2   -3   -5        -3    1    0       -0.00001488   0.00000000
        -2   -3   -5        -2   -3   -5        0.99992597  -0.00000000
         2   -1   -3        -2   -3   -5        0.00001160   0.00000001
         2   -1   -3         2   -1   -3        0.99992599   0.00000000
         3    4    3         2   -1   -3        0.00001486   0.00000001
         3    4    3         3    4    3        0.99992724  -0.00000000
        -3   -3   -5         3    4    3       -0.00000919  -0.00000001
        -3   -3   -5        -3   -3   -5        0.99993405  -0.00000000
        -3   -1    1        -3   -3   -5       -0.00000658  -0.00000002
        -3   -1    1        -3   -1    1        0.99993409   0.00000000
        -2    2    1        -3   -1    1       -0.00000285  -0.00000002
        -2    2    1        -2    2    1        0.99993714  -0.00000000
         0   -4   -3        -2    2    1        0.00002481  -0.00000001
         0   -4   -3         0   -4   -3        0.99994076  -0.00000000
         2    4    3         0   -4   -3        0.00002470  -0.00000000
         2    4    3         2    4    3        0.99993723  -0.00000000
        -2   -4    0         2    4    3       -0.00000496  -0.00000002
        -2   -4    0        -2   -4    0        0.99996176  -0.00000000
        -1    0    3        -2   -4    0        0.00000598  -0.00000003
        -1    0    3        -1    0    3        0.99995762   0.00000000
         0    3    3        -1    0    3        0.00000270   0.00000001
         0    3    3         0    3    3        0.99996493   0.00000000
         1    1    4         0    3    3       -0.00000270   0.00000002
         1    1    4         1    1    4        0.99995762  -0.00000000
         2   -3   -1         1    1    4       -0.00000589  -0.00000000
         2   -3   -1         2   -3   -1        0.99995581  -0.00000000
         2   -2    2         2   -3   -1        0.00000188  -0.00000000
         2   -2    2         2   -2    2        0.99996185   0.00000000
         4    4    2         2   -2    2       -0.00000281  -0.00000000
         4    4    2         4    4    2        0.99995978   0.00000000
        -3   -5   -3         4    4    2       -0.00001492   0.00000004
        -3   -5   -3        -3   -5   -3        0.99995981  -0.00000000
        -3    0   -4        -3   -5   -3       -0.00000064   0.00000001
        -3    0   -4        -3    0   -4        0.99996714   0.00000000
         3   -2    0        -3    0   -4        0.00000427   0.00000000
         3   -2    0         3   -2    0        0.99995982  -0.00000000
         3    3   -1         3   -2    0       -0.00000062   0.00000000
         3    3   -1         3    3   -1        0.99996711  -0.00000000
        -3   -4   -5         3    3   -1       -0.00000588   0.00000002
        -3   -4   -5        -3   -4   -5        0.99996260   0.00000000
        -3   -2    1        -3   -4   -5       -0.00000120   0.00000001
        -3   -2    1        -3   -2    1        0.99996557  -0.00000000
        -2   -1   -5        -3   -2    1        0.00000710  -0.00000000
        -2   -1   -5        -2   -1   -5        0.99996513   0.00000000
         0   -4    0        -2   -1   -5        0.00000567   0.00000002
         0   -4    0         0   -4    0        0.99995968   0.00000000
         2    1   -3         0   -4    0        0.00000567  -0.00000003
         2    1   -3         2    1   -3        0.99996515   0.00000000
         3   -1   -2         2    1   -3       -0.00000336   0.00000003
         3   -1   -2         3   -1   -2        0.99996258   0.00000000
         3    1    4         3   -1   -2       -0.00000127  -0.00000003
         3    1    4         3    1    4        0.99996555  -0.00000000
        -4   -1   -4         3    1    4        0.00001158   0.00000002
        -4   -1   -4        -4   -1   -4        0.99997073  -0.00000000
        -4    0   -1        -4   -1   -4        0.00000355  -0.00000001
        -4    0   -1        -4    0   -1        0.99996261   0.00000000
        -2   -5   -2        -4    0   -1        0.00000436  -0.00000001
        -2   -5   -2        -2   -5   -2        0.99996519   0.00000000
        -1   -3   -5        -2   -5   -2        0.00000613   0.00000001
        -1   -3   -5        -1   -3   -5        0.99996761   0.00000000
         1   -2   -4        -1   -3   -5        0.00002142  -0.00000000
         1   -2   -4         1   -2   -4        0.99996761  -0.00000000
         2   -3    0         1   -2   -4       -0.00000612  -0.00000000
         2   -3    0         2   -3    0        0.99996522   0.00000000
         4    3    0         2   -3    0       -0.00000362  -0.00000001
         4    3    0         4    3    0        0.99997078  -0.00000000
         4    4    3         4    3    0        0.00000353  -0.00000002
         4    4    3         4    4    3        0.99996262  -0.00000000
        -1    2   -3         4    4    3        0.00000021  -0.00000000
        -1    2   -3        -1    2   -3        0.99996846   0.00000000
         1    3   -2        -1    2   -3        0.00001643   0.00000001
         1    3   -2         1    3   -2        0.99996843  -0.00000000
        -2   -4   -5         1    3   -2        0.00000213   0.00000000
        -2   -4   -5        -2   -4   -5        0.99997216   0.00000000
        -1   -1   -5        -2   -4   -5        0.00000316  -0.00000001
        -1   -1   -5        -1   -1   -5        0.99996807   0.00000000
         0    3   -2        -1   -1   -5        0.00000395   0.00000000
         0    3   -2         0    3   -2        0.99996924  -0.00000000
         0    4    1         0    3   -2        0.00000520   0.00000001
         0    4    1         0    4    1        0.99996988  -0.00000000
        -3    1    1         0    4    1       -0.00000012   0.00000002
        -3    1    1        -3    1    1        0.99997868   0.00000000
        -1   -5   -3        -3    1    1       -0.00000193   0.00000000
        -1   -5   -3        -1   -5   -3        0.99998061  -0.00000000
         1   -4   -2        -1   -5   -3        0.00001279   0.00000001
         1   -4   -2         1   -4   -2        0.99998063   0.00000000
         3    2   -2         1   -4   -2       -0.00000074   0.00000000
         3    2   -2         3    2   -2        0.99998091  -0.00000000
         3    4    4         3    2   -2        0.00000013  -0.00000001
         3    4    4         3    4    4        0.99997868  -0.00000000
         4    0   -1         3    4    4       -0.00000063  -0.00000000
         4    0   -1         4    0   -1        0.99997771   0.00000000
        -5   -2   -3         4    0   -1       -0.00000451  -0.00000002
        -5   -2   -3        -5   -2   -3        0.99998061  -0.00000000
        -2   -2    2        -5   -2   -3        0.00000309   0.00000001
        -2   -2    2        -2   -2    2        0.99998149  -0.00000000
         0    4    2        -2   -2    2        0.00000006   0.00000001
         0    4    2         0    4    2        0.99998224  -0.00000000
         2    0    4         0    4    2        0.00000008  -0.00000001
         2    0    4         2    0    4        0.99998151  -0.00000000
         5    3    2         2    0    4       -0.00000310   0.00000000
         5    3    2         5    3    2        0.99998066  -0.00000000
        -4   -2   -5         5    3    2       -0.00000086  -0.00000001
        -4   -2   -5        -4   -2   -5        0.99998315  -0.00000000
        -1   -1    3        -4   -2   -5        0.00000193  -0.00000001
        -1   -1    3        -1   -1    3        0.99998093  -0.00000000
         1    0    4        -1   -1    3        0.00001389   0.00000000
         1    0    4         1    0    4        0.99998094  -0.00000000
         4    2   -1         1    0    4       -0.00000192  -0.00000000
         4    2   -1         4    2   -1        0.99998315  -0.00000000
        -5   -3   -4         4    2   -1       -0.00000034  -0.00000001
        -5   -3   -4        -5   -3   -4        0.99998294  -0.00000000
        -4   -5   -3        -5   -3   -4       -0.00000269  -0.00000002
        -4   -5   -3        -4   -5   -3        0.99998367  -0.00000000
         0   -4   -4        -4   -5   -3       -0.00000294  -0.00000001
         0   -4   -4         0   -4   -4        0.99998538  -0.00000000
         4   -1    1         0   -4   -4       -0.00000292   0.00000001
         4   -1    1         4   -1    1        0.99998372  -0.00000000
         5    2    1         4   -1    1        0.00000267   0.00000001
         5    2    1         5    2    1        0.99998292  -0.00000000
        -5   -2   -2         5    2    1        0.00000832   0.00000001
        -5   -2   -2        -5   -2   -2        0.99998337   0.00000000
        -4   -5   -4        -5   -2   -2       -0.00000155  -0.00000000
        -4   -5   -4        -4   -5   -4        0.99998278   0.00000000
        -4   -4   -1        -4   -5   -4        0.00000218   0.00000000
        -4   -4   -1        -4   -4   -1        0.99998612  -0.00000000
        -2    1   -4        -4   -4   -1        0.00000223   0.00000000
        -2    1   -4        -2    1   -4        0.99998469   0.00000000
         2    3   -2        -2    1   -4        0.00000002   0.00000000
         2    3   -2         2    3   -2        0.99998469  -0.00000000
         4   -1    0         2    3   -2        0.00000076  -0.00000001
         4   -1    0         4   -1    0        0.99998279   0.00000000
         4    0    3         4   -1    0        0.00000218   0.00000000
         4    0    3         4    0    3        0.99998609  -0.00000000
         5    3    3         4    0    3        0.00000191  -0.00000000
         5    3    3         5    3    3        0.99998336  -0.00000000
        -5   -3   -2         5    3    3       -0.00000483  -0.00000000
        -5   -3   -2        -5   -3   -2        0.99998533   0.00000000
        -2    2    2        -5   -3   -2       -0.00000334  -0.00000001
        -2    2    2        -2    2    2        0.99998586  -0.00000000
         2    4    4        -2    2    2       -0.00000004   0.00000000
         2    4    4         2    4    4        0.99998584  -0.00000000
         5    2    3         2    4    4        0.00000336   0.00000000
         5    2    3         5    2    3        0.99998530   0.00000000
        -3   -3    1         5    2    3       -0.00000152   0.00000000
        -3   -3    1        -3   -3    1        0.99999047  -0.00000000
        -3    2    0        -3   -3    1       -0.00000088   0.00000000
        -3    2    0        -3    2    0        0.99998992  -0.00000000
         3   -2   -2        -3    2    0        0.00000654  -0.00000000
         3   -2   -2         3   -2   -2        0.99998954  -0.00000000
         3    0    4         3   -2   -2        0.00000062  -0.00000000
         3    0    4         3    0    4        0.99999045   0.00000000
         3    5    3         3    0    4       -0.00000089   0.00000000
         3    5    3         3    5    3        0.99998991  -0.00000000
        -1   -5   -4         3    5    3       -0.00000303   0.00000001
        -1   -5   -4        -1   -5   -4        0.99999088  -0.00000000
        -1   -3    2        -1   -5   -4        0.00000096   0.00000001
        -1   -3    2        -1   -3    2        0.99999075  -0.00000000
        -1    0   -5        -1   -3    2       -0.00000379  -0.00000001
        -1    0   -5        -1    0   -5        0.99999028  -0.00000000
         1   -4   -3        -1    0   -5        0.00000079   0.00000000
         1   -4   -3         1   -4   -3        0.99999087   0.00000000
         1   -2    3         1   -4   -3        0.00000095   0.00000000
         1   -2    3         1   -2    3        0.99999078  -0.00000000
         1    1   -4         1   -2    3       -0.00000379  -0.00000001
         1    1   -4         1    1   -4        0.99999028  -0.00000000
        -4   -5   -2         1    1   -4       -0.00000114  -0.00000000
        -4   -5   -2        -4   -5   -2        0.99999150   0.00000000
        -2    0   -5        -4   -5   -2        0.00000099   0.00000000
        -2    0   -5        -2    0   -5        0.99999132   0.00000000
         0   -2    3        -2    0   -5        0.00000466   0.00000000
         0   -2    3         0   -2    3        0.99999100   0.00000000
         2    2   -3         0   -2    3        0.00000466   0.00000000
         2    2   -3         2    2   -3        0.99999132   0.00000000
         4   -1    2         2    2   -3        0.00000100   0.00000000
         4   -1    2         4   -1    2        0.99999150   0.00000000
        -5   -1   -2         4   -1    2       -0.00000201  -0.00000000
        -5   -1   -2        -5   -1   -2        0.99999131   0.00000000
        -2    3   -1        -5   -1   -2        0.00000057   0.00000000
        -2    3   -1        -2    3   -1        0.99999140   0.00000000
        -1   -4    1        -2    3   -1       -0.00000151  -0.00000000
        -1   -4    1        -1   -4    1        0.99999169   0.00000000
         0   -3   -5        -1   -4    1        0.00000108   0.00000001
         0   -3   -5         0   -3   -5        0.99999186  -0.00000000
         0    0    4         0   -3   -5       -0.00000226  -0.00000000
         0    0    4         0    0    4        0.99999234   0.00000000
         1   -3    2         0    0    4       -0.00000051  -0.00000000
         1   -3    2         1   -3    2        0.99999167   0.00000000
         2    5    1         1   -3    2        0.00000151  -0.00000001
         2    5    1         2    5    1        0.99999141  -0.00000000
         5    4    3         2    5    1       -0.00000056  -0.00000001
         5    4    3         5    4    3        0.99999132  -0.00000000
        -5   -1   -3         5    4    3       -0.00000059  -0.00000000
        -5   -1   -3        -5   -1   -3        0.99999226  -0.00000000
        -3   -5   -1        -5   -1   -3        0.00000073  -0.00000000
        -3   -5   -1        -3   -5   -1        0.99999234  -0.00000000
         0    4   -1        -3   -5   -1       -0.00000193  -0.00000000
         0    4   -1         0    4   -1        0.99999257   0.00000000
         3   -2    2         0    4   -1        0.00000193  -0.00000000
         3   -2    2         3   -2    2        0.99999235  -0.00000000
         5    4    2         3   -2    2        0.00000073  -0.00000000
         5    4    2         5    4    2        0.99999228   0.00000000
        -4   -5   -5         5    4    2        0.00000244  -0.00000001
        -4   -5   -5        -4   -5   -5        0.99999286  -0.00000000
        -2    3    1        -4   -5   -5       -0.00000116   0.00000000
        -2    3    1        -2    3    1        0.99999259   0.00000000
         2    5    3        -2    3    1       -0.00000053  -0.00000001
         2    5    3         2    5    3        0.99999261  -0.00000000
        -1    3    3         2    5    3        0.00000084   0.00000000
        -1    3    3        -1    3    3        0.99999448  -0.00000000
         1    4    4        -1    3    3        0.00000372  -0.00000000
         1    4    4         1    4    4        0.99999448  -0.00000000
         2   -1   -4         1    4    4       -0.00000062   0.00000000
         2   -1   -4         2   -1   -4        0.99999422   0.00000000
         2    2    5         2   -1   -4       -0.00000102  -0.00000000
         2    2    5         2    2    5        0.99999416  -0.00000000
        -1    4    1         2    2    5       -0.00000070  -0.00000000
        -1    4    1        -1    4    1        0.99999459   0.00000000
         0   -5   -3        -1    4    1       -0.00000282  -0.00000000
         0   -5   -3         0   -5   -3        0.99999472  -0.00000000
         1    5    2         0   -5   -3        0.00000282  -0.00000000
         1    5    2         1    5    2        0.99999460   0.00000000
        -5   -3   -1         1    5    2       -0.00000050   0.00000000
        -5   -3   -1        -5   -3   -1        0.99999502  -0.00000000
        -3   -4   -6        -5   -3   -1       -0.00000022   0.00000000
        -3   -4   -6        -3   -4   -6        0.99999469   0.00000000
        -2   -4    1        -3   -4   -6       -0.00000054   0.00000000
        -2   -4    1        -2   -4    1        0.99999483   0.00000000
        -1    4    0        -2   -4    1       -0.00000040  -0.00000000
        -1    4    0        -1    4    0        0.99999499  -0.00000000
         0    0   -5        -1    4    0        0.00000055  -0.00000000
         0    0   -5         0    0   -5        0.99999567  -0.00000000
         0    3    4         0    0   -5       -0.00000008   0.00000000
         0    3    4         0    3    4        0.99999500   0.00000000
         1    5    1         0    3    4        0.00000082  -0.00000000
         1    5    1         1    5    1        0.99999499  -0.00000000
         2   -2    3         1    5    1        0.00000040  -0.00000000
         2   -2    3         2   -2    3        0.99999483  -0.00000000
         3   -1   -3         2   -2    3        0.00000054  -0.00000000
         3   -1   -3         3   -1   -3        0.99999469  -0.00000000
         5    2    4         3   -1   -3       -0.00000022   0.00000000
         5    2    4         5    2    4        0.99999500   0.00000000
        -5   -5   -4         5    2    4        0.00000094  -0.00000000
        -5   -5   -4        -5   -5   -4        0.99999511   0.00000000
        -3    1   -4        -5   -5   -4        0.00000059  -0.00000000
        -3    1   -4        -3    1   -4        0.99999525  -0.00000000
        -2   -2   -6        -3    1   -4       -0.00000024   0.00000000
        -2   -2   -6        -2   -2   -6        0.99999496  -0.00000000
        -2    1    3        -2   -2   -6       -0.00000039  -0.00000000
        -2    1    3        -2    1    3        0.99999514   0.00000000
         0   -5   -1        -2    1    3       -0.00000065   0.00000000
         0   -5   -1         0   -5   -1        0.99999583  -0.00000000
         2    0   -4         0   -5   -1        0.00000027   0.00000000
         2    0   -4         2    0   -4        0.99999495  -0.00000000
         2    3    5         2    0   -4       -0.00000038   0.00000000
         2    3    5         2    3    5        0.99999513  -0.00000000
         3    4   -1         2    3    5        0.00000019   0.00000000
         3    4   -1         3    4   -1        0.99999525  -0.00000000
         5    0    1         3    4   -1        0.00000059  -0.00000000
         5    0    1         5    0    1        0.99999510  -0.00000000
        -5   -1   -1         5    0    1       -0.00000011   0.00000000
        -5   -1   -1        -5   -1   -1        0.99999599   0.00000000
        -3   -2   -6        -5   -1   -1       -0.00000044  -0.00000000
        -3   -2   -6        -3   -2   -6        0.99999535  -0.00000000
         3    1   -3        -3   -2   -6       -0.00000063  -0.00000000
         3    1   -3         3    1   -3        0.99999534   0.00000000
         5    4    4         3    1   -3       -0.00000044   0.00000000
         5    4    4         5    4    4        0.99999599   0.00000000
        -4   -1    1         5    4    4       -0.00000034   0.00000000
        -4   -1    1        -4   -1    1        0.99999554  -0.00000000
        -3    0   -5        -4   -1    1        0.00000031  -0.00000000
        -3    0   -5        -3    0   -5        0.99999572  -0.00000000


     q= 0.0000 0.2500 0.7500  nmtx=     574  nrk= 26

           independent matrix elements of chi       spin index= 1 1

          g          g**2          gp          gp**2          chi(g,gp)
    0    0   -1   0.18747         0    0   -1   0.18747       -0.0272327021   0.0000000000
    0   -1   -1   0.56241         0   -1   -1   0.56241       -0.0348549338  -0.0000000000
    0    0    0   0.56241         0    0   -1   0.18747        0.0012117129  -0.0000000019
    0    0    0   0.56241         0   -1   -1   0.56241        0.0031344718  -0.0000000000
    0    0    0   0.56241         0    0    0   0.56241       -0.0348549338  -0.0000000000
    0    0    0   0.56241        -1   -1   -1   0.93735        0.0063429613   0.0000000974
    0    0    0   0.56241         1    0    0   0.93735       -0.0063426547   0.0000001659
    0    0    0   0.56241        -1   -1   -2   1.31229       -0.0014840413   0.0000002588
    0    0    0   0.56241        -1    0   -1   1.31229        0.0002545661  -0.0000002368
    0    0    0   0.56241         1    0   -1   1.31229        0.0014837237   0.0000003640
    0    0    0   0.56241         1    1    0   1.31229       -0.0002546896  -0.0000001142
    0    0    0   0.56241         0   -1   -2   1.68723        0.0005691602   0.0000001662
    0    0    0   0.56241         0   -1    0   1.68723       -0.0061825999  -0.0000001354
    0    0    0   0.56241         0    1    0   1.68723       -0.0073836752  -0.0000000366
    0    0    0   0.56241         0    0   -2   2.06217        0.0062031323   0.0000000240
    0    0    0   0.56241         0    1   -1   2.06217       -0.0001452644   0.0000001080
    0    0    0   0.56241        -1   -2   -2   2.43711        0.0012498109   0.0000004843
    0    0    0   0.56241        -1    0   -2   2.43711        0.0007742071   0.0000001481
    0    0    0   0.56241        -1    0    0   2.43711       -0.0078476643   0.0000006228
    0    0    0   0.56241         1   -1   -1   2.43711       -0.0012498310   0.0000002392
    0    0    0   0.56241         1    1   -1   2.43711       -0.0007755816   0.0000002820
    0    0    0   0.56241         1    1    1   2.43711        0.0078482196   0.0000002030
    0    0    0   0.56241        -1   -2   -1   2.81205        0.0006213647  -0.0000001598
    0    0    0   0.56241        -1   -1    0   2.81205        0.0000691046  -0.0000000571
    0    0    0   0.56241         1   -1    0   2.81205       -0.0006211454  -0.0000006117
    0    0    0   0.56241         1    0    1   2.81205       -0.0000684281  -0.0000001879
    0    0    0   0.56241        -2   -1   -2   3.18699       -0.0004721313  -0.0000001497
    0    0    0   0.56241         0   -2   -1   3.18699        0.0009670676   0.0000000505
    0    0    0   0.56241         0    0    1   3.18699       -0.0075433878  -0.0000000258
    0    0    0   0.56241         2    1    0   3.18699       -0.0004718173  -0.0000000630
    0    0    0   0.56241        -2   -2   -2   3.56193        0.0014697135  -0.0000002423
    0    0    0   0.56241        -2   -1   -1   3.56193       -0.0007431041   0.0000002258
    0    0    0   0.56241         0   -2   -2   3.56193        0.0005800771   0.0000000432
    0    0    0   0.56241         0    1    1   3.56193        0.0003215701  -0.0000001120
    0    0    0   0.56241         1    1   -2   5.81158        0.0011054395   0.0000001715
    0    0    0   0.56241         1    1    2   5.81158        0.0004337654  -0.0000001183
    0    0    0   0.56241         1    2   -1   5.81158       -0.0005014784   0.0000002979
    0    0    0   0.56241        -2   -3   -2   6.18652        0.0009964487  -0.0000005524
    0    0    0   0.56241        -2   -1    0   6.18652       -0.0013843811  -0.0000002655
    0    0    0   0.56241         0   -2   -3   6.18652       -0.0001755603  -0.0000000241
    0    0    0   0.56241         0    0   -3   6.18652       -0.0001508145  -0.0000000719
    0    0    0   0.56241         0    2   -1   6.18652        0.0000677611   0.0000000393
    0    0    0   0.56241         0    2    1   6.18652       -0.0011820704   0.0000000228
    0    0    0   0.56241         2   -1    0   6.18652        0.0009965044   0.0000008195
    0    0    0   0.56241         2    1    2   6.18652       -0.0013844357   0.0000001993
    0    0    0   0.56241        -2   -3   -3   6.56146        0.0008183883  -0.0000006251
    0    0    0   0.56241        -2    0    0   6.56146       -0.0019555758   0.0000003836
    0    0    0   0.56241         2   -1   -1   6.56146        0.0008189017   0.0000007676
    0    0    0   0.56241         2    2    2   6.56146       -0.0019564480  -0.0000003424
    0    0    0   0.56241        -3   -2   -2   6.93640        0.0011963551   0.0000004106
    0    0    0   0.56241        -1   -3   -3   6.93640        0.0004773075  -0.0000004640
    0    0    0   0.56241        -1   -3   -1   6.93640       -0.0004289034  -0.0000002366
    0    0    0   0.56241        -1   -1    1   6.93640        0.0012275534  -0.0000001089
    0    0    0   0.56241        -1    1    1   6.93640        0.0011170488  -0.0000002656
    0    0    0   0.56241         1   -2   -2   6.93640       -0.0004780541  -0.0000004327
    0    0    0   0.56241         1   -2    0   6.93640        0.0004294972  -0.0000004576
    0    0    0   0.56241         1    0    2   6.93640       -0.0012266276  -0.0000001336
    0    0    0   0.56241         1    2    2   6.93640       -0.0011171331  -0.0000005312
    0    0    0   0.56241         3    1    1   6.93640       -0.0011947014   0.0000005959
    0    0    0   0.56241        -3   -2   -3   7.31134        0.0010077229   0.0000004787
    0    0    0   0.56241        -3   -1   -2   7.31134        0.0007093702   0.0000004330
    0    0    0   0.56241         3    1    0   7.31134       -0.0010076149   0.0000007747
    0    0    0   0.56241         3    2    1   7.31134       -0.0007090230   0.0000005632
    0    0    0   0.56241        -2    0   -3   7.68628       -0.0004078680   0.0000001830
    0    0    0   0.56241         0   -3   -2   7.68628       -0.0001580299   0.0000000070
    0    0    0   0.56241         0    1    2   7.68628       -0.0006097236   0.0000000736
    0    0    0   0.56241        -2    1    0   9.18604        0.0001083809   0.0000003535
    0    0    0   0.56241         0   -2    1   9.18604        0.0005949506  -0.0000001125
    0    0    0   0.56241         2   -1   -2   9.18604        0.0000678654   0.0000001531
    0    0    0   0.56241         2    1   -2   9.18604        0.0003908273  -0.0000001352
    0    0    0   0.56241         2    3    0   9.18604       -0.0004845500  -0.0000003039
    0    0    0   0.56241         2    3    2   9.18604        0.0001079413  -0.0000002293
    0    0    0   0.56241         0   -3   -3   9.56098        0.0001019181  -0.0000000265
    0    0    0   0.56241         0    1   -3   9.56098       -0.0000450824  -0.0000000945
    0    0    0   0.56241         0    2   -2   9.56098        0.0001966068  -0.0000000505
    0    0    0   0.56241         0    2    2   9.56098       -0.0008690575  -0.0000000037
    0    0    0   0.56241        -3   -2   -4   9.93592        0.0001443769   0.0000000968
    0    0    0   0.56241        -3    0   -2   9.93592       -0.0002130285  -0.0000000090
    0    0    0   0.56241        -1    1   -3   9.93592       -0.0002036278   0.0000000418
    0    0    0   0.56241         1    2   -2   9.93592        0.0002033710   0.0000001303
    0    0    0   0.56241         3    1   -1   9.93592       -0.0001446842   0.0000001726
    0    0    0   0.56241         3    3    1   9.93592        0.0002129715   0.0000000533
    0    0    0   0.56241        -3   -3   -4  10.31086       -0.0002744831   0.0000000627
    0    0    0   0.56241        -3    0   -1  10.31086       -0.0006221770   0.0000000577
    0    0    0   0.56241        -1   -3   -4  10.31086        0.0001626195  -0.0000000807
    0    0    0   0.56241        -1   -3    0  10.31086       -0.0007406308   0.0000000048
    0    0    0   0.56241        -1   -2    1  10.31086        0.0001455303   0.0000000052
    0    0    0   0.56241        -1    2    1  10.31086        0.0000966336  -0.0000002589
    0    0    0   0.56241         1   -2   -3  10.31086       -0.0001629818  -0.0000001260
    0    0    0   0.56241         1   -2    1  10.31086        0.0007410493  -0.0000000837
    0    0    0   0.56241         1   -1    2  10.31086       -0.0001450762  -0.0000000482
    0    0    0   0.56241         1    3    2  10.31086       -0.0000969097  -0.0000003183
    0    0    0   0.56241         3    0   -1  10.31086        0.0002743861   0.0000000222
    0    0    0   0.56241         3    3    2  10.31086        0.0006221936   0.0000000961
    0    0    0   0.56241        -2   -4   -3  10.68580        0.0001536937   0.0000000022
    0    0    0   0.56241        -2    0    1  10.68580        0.0000601783   0.0000000708
    0    0    0   0.56241         0   -3    0  10.68580       -0.0004792741  -0.0000000098
    0    0    0   0.56241         0   -1   -4  10.68580       -0.0001307934  -0.0000000206
    0    0    0   0.56241        -4   -2   -3  12.18557        0.0001206411  -0.0000000613
    0    0    0   0.56241        -2   -3    0  12.18557       -0.0004333138  -0.0000000372
    0    0    0   0.56241         2   -1    2  12.18557       -0.0004333350   0.0000000487
    0    0    0   0.56241         4    2    1  12.18557        0.0001207744  -0.0000000090
    0    0    0   0.56241        -4   -3   -3  12.56051       -0.0000005846  -0.0000001071
    0    0    0   0.56241        -4   -2   -2  12.56051        0.0002731511   0.0000000314
    0    0    0   0.56241        -2   -4   -4  12.56051       -0.0000770459   0.0000001494
    0    0    0   0.56241        -2    0   -4  12.56051        0.0001455250   0.0000000835
    0    0    0   0.56241        -2    1   -3  12.56051       -0.0000475574   0.0000001131
    0    0    0   0.56241        -2    1    1  12.56051        0.0003842527   0.0000000017
    0    0    0   0.56241         0    0   -4  12.56051        0.0000178796  -0.0000000153
    0    0    0   0.56241         0    3   -1  12.56051        0.0000133213   0.0000000168
    0    0    0   0.56241         2   -2   -2  12.56051       -0.0000772729  -0.0000001007
    0    0    0   0.56241         2    2   -2  12.56051        0.0001455175  -0.0000000318
    0    0    0   0.56241         2    3   -1  12.56051       -0.0000475048  -0.0000000766
    0    0    0   0.56241         2    3    3  12.56051        0.0003841774   0.0000000674
    0    0    0   0.56241         4    1    1  12.56051       -0.0000001487   0.0000001095
    0    0    0   0.56241         4    2    2  12.56051        0.0002728802  -0.0000000770
    0    0    0   0.56241        -3   -4   -4  12.93545       -0.0001451995   0.0000001716
    0    0    0   0.56241        -3   -4   -2  12.93545        0.0002335687   0.0000000504
    0    0    0   0.56241        -3   -2    0  12.93545       -0.0003316707   0.0000000577
    0    0    0   0.56241        -3    0    0  12.93545       -0.0004943063   0.0000000654
    0    0    0   0.56241         3   -1   -1  12.93545        0.0001453529   0.0000001881
    0    0    0   0.56241         3   -1    1  12.93545       -0.0002335711   0.0000000590
    0    0    0   0.56241         3    1    3  12.93545        0.0003317132   0.0000001001
    0    0    0   0.56241         3    3    3  12.93545        0.0004944559   0.0000000912
    0    0    0   0.56241        -1   -4   -1  13.31039        0.0000053580  -0.0000000685
    0    0    0   0.56241        -1   -1    2  13.31039        0.0004085695  -0.0000000217
    0    0    0   0.56241         1   -3    0  13.31039       -0.0000053848  -0.0000001099
    0    0    0   0.56241         1    0    3  13.31039       -0.0004084965   0.0000000164
    0    0    0   0.56241        -4   -3   -4  13.68533       -0.0000995597  -0.0000001034
    0    0    0   0.56241        -4   -3   -2  13.68533        0.0002018640  -0.0000000669
    0    0    0   0.56241        -3   -2   -5  14.81015       -0.0000854126  -0.0000000403
    0    0    0   0.56241        -3    1   -2  14.81015       -0.0001042055   0.0000000638
    0    0    0   0.56241        -1   -2   -5  14.81015       -0.0000122309   0.0000000183
    0    0    0   0.56241        -1    3    0  14.81015       -0.0000664491  -0.0000001241
    0    0    0   0.56241         1   -1   -4  14.81015        0.0000121397  -0.0000000090
    0    0    0   0.56241         1    4    1  14.81015        0.0000663803  -0.0000001086
    0    0    0   0.56241         3    1   -2  14.81015        0.0000854482  -0.0000000345
    0    0    0   0.56241         3    4    1  14.81015        0.0001043096   0.0000000587
    0    0    0   0.56241        -4   -4   -3  15.18509       -0.0000275917  -0.0000000066
    0    0    0   0.56241        -4   -2   -1  15.18509        0.0001432773   0.0000001031
    0    0    0   0.56241         0   -4   -3  15.18509       -0.0000601515  -0.0000000062
    0    0    0   0.56241         0   -4   -1  15.18509       -0.0000908433   0.0000000029
    0    0    0   0.56241         0    0    3  15.18509       -0.0004117265   0.0000000014
    0    0    0   0.56241         0    2   -3  15.18509       -0.0001831306  -0.0000000276
    0    0    0   0.56241         0    2    3  15.18509       -0.0001529534  -0.0000000145
    0    0    0   0.56241         4    0    1  15.18509       -0.0000274254  -0.0000000241
    0    0    0   0.56241         4    2    3  15.18509        0.0001431295  -0.0000000963
    0    0    0   0.56241        -4   -4   -4  15.56003       -0.0000369995  -0.0000000067
    0    0    0   0.56241        -4   -1   -1  15.56003        0.0001155386   0.0000000614
    0    0    0   0.56241        -2   -1   -5  15.56003       -0.0000689441   0.0000000257
    0    0    0   0.56241        -2    2   -2  15.56003       -0.0000553104   0.0000001005
    0    0    0   0.56241         0   -3    1  15.56003       -0.0000556542  -0.0000000032
    0    0    0   0.56241         0   -2    2  15.56003        0.0002779065  -0.0000000319
    0    0    0   0.56241         2    1   -3  15.56003       -0.0000689969  -0.0000000134
    0    0    0   0.56241         2    4    0  15.56003       -0.0000553161  -0.0000000937
    0    0    0   0.56241         4    0    0  15.56003       -0.0000370063   0.0000000156
    0    0    0   0.56241         4    3    3  15.56003        0.0001155348  -0.0000000733
    0    0    0   0.56241        -3    0   -4  15.93497        0.0000108569   0.0000000184
    0    0    0   0.56241        -1   -3   -5  15.93497       -0.0000865831   0.0000000126
    0    0    0   0.56241        -1   -3    1  15.93497       -0.0001862862   0.0000000181
    0    0    0   0.56241        -1   -1   -5  15.93497       -0.0000155195   0.0000000206
    0    0    0   0.56241        -1    3   -1  15.93497        0.0000218165  -0.0000000836
    0    0    0   0.56241        -2    0    2  17.05979        0.0001329153   0.0000000048
    0    0    0   0.56241         2   -3   -1  17.05979        0.0000484852  -0.0000000693
    0    0    0   0.56241         2    2    4  17.05979        0.0001328705   0.0000000037
    0    0    0   0.56241         4    0    2  17.05979        0.0000692176  -0.0000000040
    0    0    0   0.56241         4    1   -1  17.05979        0.0000280459   0.0000000772
    0    0    0   0.56241         4    1    3  17.05979        0.0001351301  -0.0000000032
    0    0    0   0.56241         4    4    2  17.05979        0.0000440119  -0.0000000015
    0    0    0   0.56241        -3   -5   -3  17.43473        0.0000157535   0.0000000730
    0    0    0   0.56241        -3   -1   -5  17.43473       -0.0001068950  -0.0000000233
    0    0    0   0.56241        -3   -1    1  17.43473       -0.0001064581  -0.0000000304
    0    0    0   0.56241        -3    1   -3  17.43473        0.0000577006   0.0000000062
    0    0    0   0.56241        -1   -4    0  17.43473       -0.0000692019  -0.0000000137
    0    0    0   0.56241        -1   -2    2  17.43473        0.0002057301   0.0000000012
    0    0    0   0.56241         1   -3    1  17.43473        0.0000692264  -0.0000000210
    0    0    0   0.56241         1   -1    3  17.43473       -0.0002056871  -0.0000000055
    0    0    0   0.56241         3   -2    0  17.43473       -0.0000156952   0.0000001084
    0    0    0   0.56241         3    2   -2  17.43473        0.0001069361  -0.0000000071
    0    0    0   0.56241         3    2    4  17.43473        0.0001065007  -0.0000000211
    0    0    0   0.56241         3    4    0  17.43473       -0.0000576608   0.0000000026
    0    0    0   0.56241        -3   -5   -4  17.80967        0.0000208705   0.0000000511
    0    0    0   0.56241        -3    0    1  17.80967       -0.0000944972   0.0000000168
    0    0    0   0.56241         3   -2   -1  17.80967       -0.0000208192   0.0000000744
    0    0    0   0.56241         3    3    4  17.80967        0.0000945832   0.0000000196
    0    0    0   0.56241        -4   -4   -5  18.18461        0.0000362834  -0.0000000254
    0    0    0   0.56241        -4   -2   -5  18.18461        0.0000321109  -0.0000000609
    0    0    0   0.56241        -4    0   -3  18.18461       -0.0000006828  -0.0000000104
    0    0    0   0.56241        -4    0   -1  18.18461        0.0000117477  -0.0000000096
    0    0    0   0.56241        -2   -5   -4  18.18461        0.0000513130   0.0000000799
    0    0    0   0.56241        -2   -5   -2  18.18461        0.0000420516   0.0000000215
    0    0    0   0.56241        -2   -1    2  18.18461        0.0001689797  -0.0000000040
    0    0    0   0.56241        -2    1   -4  18.18461        0.0001391865   0.0000000323
    0    0    0   0.56241        -2    1    2  18.18461        0.0001091719  -0.0000000214
    0    0    0   0.56241        -1   -4   -5  19.30944       -0.0000189167   0.0000000270
    0    0    0   0.56241        -1    0   -5  19.30944        0.0000551859   0.0000000179
    0    0    0   0.56241        -1    0    3  19.30944       -0.0001416671  -0.0000000004
    0    0    0   0.56241        -1    3   -2  19.30944       -0.0000625379  -0.0000000257
    0    0    0   0.56241        -1    3    2  19.30944       -0.0001130494   0.0000000105
    0    0    0   0.56241         1   -4   -1  19.30944        0.0000116687  -0.0000000215
    0    0    0   0.56241         1   -3   -4  19.30944        0.0000189776   0.0000000125
    0    0    0   0.56241         1    1   -4  19.30944       -0.0000552290   0.0000000071
    0    0    0   0.56241         1    1    4  19.30944        0.0001416350   0.0000000070
    0    0    0   0.56241         1    4   -1  19.30944        0.0000625109  -0.0000000093
    0    0    0   0.56241         1    4    3  19.30944        0.0001130588  -0.0000000006
    0    0    0   0.56241         3   -2    1  19.30944       -0.0000317314   0.0000000551
    0    0    0   0.56241         3    1    4  19.30944        0.0001229316  -0.0000000019
    0    0    0   0.56241         5    2    1  19.30944       -0.0000357698  -0.0000000673
    0    0    0   0.56241         5    3    2  19.30944       -0.0000306733  -0.0000000701
    0    0    0   0.56241        -4   -5   -4  19.68438       -0.0000033721  -0.0000000215
    0    0    0   0.56241        -4   -1    0  19.68438       -0.0000051277   0.0000000127
    0    0    0   0.56241        -2    0   -5  19.68438       -0.0000334429   0.0000000201
    0    0    0   0.56241        -2    2   -3  19.68438        0.0000114503   0.0000000403
    0    0    0   0.56241         2    2   -3  19.68438       -0.0000334594  -0.0000000106
    0    0    0   0.56241         2    4   -1  19.68438        0.0000114494  -0.0000000328
    0    0    0   0.56241         4   -1    0  19.68438       -0.0000033689   0.0000000167
    0    0    0   0.56241         4    3    4  19.68438       -0.0000051246  -0.0000000249
    0    0    0   0.56241        -4   -5   -3  20.05932        0.0000039782  -0.0000000010
    0    0    0   0.56241        -4   -2    0  20.05932       -0.0000046213   0.0000000426
    0    0    0   0.56241         0   -3   -5  20.05932       -0.0000834018   0.0000000044
    0    0    0   0.56241         0    4    2  20.05932        0.0000431254  -0.0000000067
    0    0    0   0.56241         4   -1    1  20.05932        0.0000040030  -0.0000000236
    0    0    0   0.56241         4    2    4  20.05932       -0.0000046414  -0.0000000466
    0    0    0   0.56241        -5   -4   -4  20.43426       -0.0000109165   0.0000000013
    0    0    0   0.56241        -5   -2   -4  20.43426        0.0000558300  -0.0000000538
    0    0    0   0.56241        -5   -2   -2  20.43426        0.0000102928  -0.0000000365
    0    0    0   0.56241        -2   -5   -1  21.55908        0.0000202201   0.0000000002
    0    0    0   0.56241        -2   -2   -6  21.55908       -0.0000229762  -0.0000000035
    0    0    0   0.56241        -2   -2    2  21.55908        0.0000567787  -0.0000000030
    0    0    0   0.56241        -2    2    2  21.55908        0.0000249390  -0.0000000311
    0    0    0   0.56241        -2    3   -1  21.55908       -0.0000107553  -0.0000000199
    0    0    0   0.56241         2   -3   -3  21.55908        0.0000706761  -0.0000000264
    0    0    0   0.56241         2   -3    1  21.55908        0.0000202541   0.0000000157
    0    0    0   0.56241         2    0   -4  21.55908       -0.0000230446   0.0000000051
    0    0    0   0.56241         2    0    4  21.55908        0.0000567375   0.0000000191
    0    0    0   0.56241         2    4    4  21.55908        0.0000249879   0.0000000491
    0    0    0   0.56241         2    5    1  21.55908       -0.0000107037   0.0000000122
    0    0    0   0.56241         4   -1   -1  21.55908       -0.0000035224   0.0000000333
    0    0    0   0.56241         4    3   -1  21.55908       -0.0000147051   0.0000000308
    0    0    0   0.56241         4    4    0  21.55908       -0.0000642268  -0.0000000057
    0    0    0   0.56241         4    4    4  21.55908       -0.0000327851  -0.0000000087
    0    0    0   0.56241        -5   -3   -5  21.93402        0.0000283063   0.0000000048
    0    0    0   0.56241        -5   -1   -3  21.93402       -0.0000127099  -0.0000000142
    0    0    0   0.56241        -3   -4   -6  21.93402        0.0000656023  -0.0000000183
    0    0    0   0.56241        -3   -4    0  21.93402        0.0000341438   0.0000000084
    0    0    0   0.56241        -3   -2   -6  21.93402        0.0000377134  -0.0000000205
    0    0    0   0.56241        -3    2   -2  21.93402        0.0000139969   0.0000000579
    0    0    0   0.56241        -3    2    0  21.93402        0.0000053071   0.0000000435
    0    0    0   0.56241        -1   -5   -1  21.93402       -0.0000005917  -0.0000000109
    0    0    0   0.56241        -1   -1    3  21.93402       -0.0000110278  -0.0000000056
    0    0    0   0.56241         1   -4    0  21.93402        0.0000005578  -0.0000000180
    0    0    0   0.56241         1    0    4  21.93402        0.0000110079   0.0000000167
    0    0    0   0.56241         3   -1   -3  21.93402       -0.0000656214  -0.0000000070
    0    0    0   0.56241         3   -1    3  21.93402       -0.0000341724  -0.0000000053
    0    0    0   0.56241         3    1   -3  21.93402       -0.0000376904  -0.0000000178
    0    0    0   0.56241         3    5    1  21.93402       -0.0000139498   0.0000000445
    0    0    0   0.56241         3    5    3  21.93402       -0.0000052962   0.0000000370
    0    0    0   0.56241         5    2    0  21.93402       -0.0000282695  -0.0000000140
    0    0    0   0.56241        -5   -4   -2  23.43378        0.0000315581  -0.0000000320
    0    0    0   0.56241        -3   -5   -1  23.43378        0.0000139712   0.0000000142
    0    0    0   0.56241        -3   -3    1  23.43378       -0.0000592184  -0.0000000053
    0    0    0   0.56241        -1   -2   -6  23.43378       -0.0000571276   0.0000000020
    0    0    0   0.56241        -1    2   -4  23.43378        0.0000242402   0.0000000020
    0    0    0   0.56241        -1    4    0  23.43378       -0.0000208107  -0.0000000159
    0    0    0   0.56241         1   -1   -5  23.43378        0.0000571547  -0.0000000011
    0    0    0   0.56241         1    3   -3  23.43378       -0.0000242497   0.0000000046
    0    0    0   0.56241         1    5    1  23.43378        0.0000208271  -0.0000000210
    0    0    0   0.56241         3   -2    2  23.43378       -0.0000139677   0.0000000032
    0    0    0   0.56241         3    0    4  23.43378        0.0000592301   0.0000000076
    0    0    0   0.56241         5    1    3  23.43378       -0.0000316171  -0.0000000167
    0    0    0   0.56241        -5   -5   -4  23.80872       -0.0000373896  -0.0000000057
    0    0    0   0.56241        -5   -2   -5  23.80872        0.0000633556  -0.0000000143
    0    0    0   0.56241        -5   -2   -1  23.80872        0.0000025124   0.0000000084
    0    0    0   0.56241        -5   -1   -4  23.80872        0.0000160383  -0.0000000224
    0    0    0   0.56241        -1   -4    1  23.80872       -0.0000358517  -0.0000000005
    0    0    0   0.56241        -1   -3   -6  23.80872       -0.0000121139   0.0000000033
    0    0    0   0.56241        -1   -3    2  23.80872        0.0000025003   0.0000000085
    0    0    0   0.56241        -1    4    1  23.80872       -0.0000186730   0.0000000104
    0    0    0   0.56241         1   -3    2  23.80872        0.0000358711   0.0000000011
    0    0    0   0.56241         1   -2   -5  23.80872        0.0000121472   0.0000000038
    0    0    0   0.56241         1   -2    3  23.80872       -0.0000024782  -0.0000000069
    0    0    0   0.56241         1    5    2  23.80872        0.0000186863  -0.0000000051
    0    0    0   0.56241         5    0    1  23.80872        0.0000374323  -0.0000000118
    0    0    0   0.56241         5    3    0  23.80872       -0.0000633425  -0.0000000303
    0    0    0   0.56241         5    3    4  23.80872       -0.0000025144   0.0000000030
    0    0    0   0.56241         5    4    1  23.80872       -0.0000160512  -0.0000000256
    0    0    0   0.56241        -2   -1   -6  24.18366       -0.0000664223  -0.0000000026
    0    0    0   0.56241        -2    3   -2  24.18366       -0.0000336575   0.0000000170
    0    0    0   0.56241         0   -4   -5  24.18366       -0.0000526091  -0.0000000009
    0    0    0   0.56241         0   -4    1  24.18366       -0.0000371470   0.0000000014
   -1   -1   -1   0.93735        -1   -1   -1   0.93735       -0.0373657502  -0.0000000000
    1    0    0   0.93735         1    0    0   0.93735       -0.0373657224  -0.0000000000
   -1   -1   -2   1.31229        -1   -1   -2   1.31229       -0.0351357699   0.0000000000
   -1    0   -1   1.31229        -1    0   -1   1.31229       -0.0351382036   0.0000000000
    1    0   -1   1.31229         1    0   -1   1.31229       -0.0351380097   0.0000000000
    1    1    0   1.31229         1    1    0   1.31229       -0.0351355760   0.0000000000
    0   -1   -2   1.68723         0   -1   -2   1.68723       -0.0330877040  -0.0000000000
    0   -1    0   1.68723         0   -1    0   1.68723       -0.0314914029   0.0000000000
    0    1    0   1.68723         0    1    0   1.68723       -0.0330877040  -0.0000000000
    0    0   -2   2.06217         0    0   -2   2.06217       -0.0298199052  -0.0000000000
    0    1   -1   2.06217         0    1   -1   2.06217       -0.0298199052  -0.0000000000
   -1   -2   -2   2.43711        -1   -2   -2   2.43711       -0.0272725013   0.0000000000
   -1    0   -2   2.43711        -1    0   -2   2.43711       -0.0272989056   0.0000000000
   -1    0    0   2.43711        -1    0    0   2.43711       -0.0272673252   0.0000000000
    1   -1   -1   2.43711         1   -1   -1   2.43711       -0.0272642957   0.0000000000
    1    1   -1   2.43711         1    1   -1   2.43711       -0.0272949508   0.0000000000
    1    1    1   2.43711         1    1    1   2.43711       -0.0272694718   0.0000000000
   -1   -2   -1   2.81205        -1   -2   -1   2.81205       -0.0239679475  -0.0000000000
   -1   -1    0   2.81205        -1   -1    0   2.81205       -0.0239661649   0.0000000000
    1   -1    0   2.81205         1   -1    0   2.81205       -0.0239698222  -0.0000000000
    1    0    1   2.81205         1    0    1   2.81205       -0.0239716047  -0.0000000000
   -2   -1   -2   3.18699        -2   -1   -2   3.18699       -0.0216399949   0.0000000000
    0   -2   -1   3.18699         0   -2   -1   3.18699       -0.0214733170   0.0000000000
    0    0    1   3.18699         0    0    1   3.18699       -0.0214733170  -0.0000000000
    2    1    0   3.18699         2    1    0   3.18699       -0.0216406483   0.0000000000
   -2   -2   -2   3.56193        -2   -2   -2   3.56193       -0.0184431283  -0.0000000000
   -2   -1   -1   3.56193        -2   -1   -1   3.56193       -0.0184385285  -0.0000000000
    0   -2   -2   3.56193         0   -2   -2   3.56193       -0.0174303933  -0.0000000000
    0    1    1   3.56193         0    1    1   3.56193       -0.0174303933  -0.0000000000
    1    1   -2   5.81158         1    1   -2   5.81158       -0.0050994301  -0.0000000000
    1    1    2   5.81158         1    1    2   5.81158       -0.0051877983  -0.0000000000
    1    2   -1   5.81158         1    2   -1   5.81158       -0.0051010602  -0.0000000000
   -2   -3   -2   6.18652        -2   -3   -2   6.18652       -0.0040891035  -0.0000000000
   -2   -1    0   6.18652        -2   -1    0   6.18652       -0.0040872919  -0.0000000000
    0   -2   -3   6.18652         0   -2   -3   6.18652       -0.0040134413   0.0000000000
    0    0   -3   6.18652         0    0   -3   6.18652       -0.0039136740  -0.0000000000
    0    2   -1   6.18652         0    2   -1   6.18652       -0.0039136740   0.0000000000
    0    2    1   6.18652         0    2    1   6.18652       -0.0040134413   0.0000000000
    2   -1    0   6.18652         2   -1    0   6.18652       -0.0040873668  -0.0000000000
    2    1    2   6.18652         2    1    2   6.18652       -0.0040891784  -0.0000000000
   -2   -3   -3   6.56146        -2   -3   -3   6.56146       -0.0031854745   0.0000000000
   -2    0    0   6.56146        -2    0    0   6.56146       -0.0031841022   0.0000000000
    2   -1   -1   6.56146         2   -1   -1   6.56146       -0.0031835946   0.0000000000
    2    2    2   6.56146         2    2    2   6.56146       -0.0031849670   0.0000000000
   -3   -2   -2   6.93640        -3   -2   -2   6.93640       -0.0025539907   0.0000000000
   -1   -3   -3   6.93640        -1   -3   -3   6.93640       -0.0025042158   0.0000000000
   -1   -3   -1   6.93640        -1   -3   -1   6.93640       -0.0024999921   0.0000000000
   -1   -1    1   6.93640        -1   -1    1   6.93640       -0.0025029632   0.0000000000
   -1    1    1   6.93640        -1    1    1   6.93640       -0.0025037639   0.0000000000
    1   -2   -2   6.93640         1   -2   -2   6.93640       -0.0025030847   0.0000000000
    1   -2    0   6.93640         1   -2    0   6.93640       -0.0025038244   0.0000000000
    1    0    2   6.93640         1    0    2   6.93640       -0.0025008533   0.0000000000
    1    2    2   6.93640         1    2    2   6.93640       -0.0025035367   0.0000000000
    3    1    1   6.93640         3    1    1   6.93640       -0.0025535672   0.0000000000
   -3   -2   -3   7.31134        -3   -2   -3   7.31134       -0.0019831915  -0.0000000000
   -3   -1   -2   7.31134        -3   -1   -2   7.31134       -0.0019847583   0.0000000000
    3    1    0   7.31134         3    1    0   7.31134       -0.0019848574  -0.0000000000
    3    2    1   7.31134         3    2    1   7.31134       -0.0019832907  -0.0000000000
   -2    0   -3   7.68628        -2    0   -3   7.68628       -0.0015199947   0.0000000000
    0   -3   -2   7.68628         0   -3   -2   7.68628       -0.0015355561   0.0000000000
    0    1    2   7.68628         0    1    2   7.68628       -0.0015355561   0.0000000000
   -2    1    0   9.18604        -2    1    0   9.18604       -0.0006476300   0.0000000000
    0   -2    1   9.18604         0   -2    1   9.18604       -0.0006813573  -0.0000000000
    2   -1   -2   9.18604         2   -1   -2   9.18604       -0.0006479401   0.0000000000
    2    1   -2   9.18604         2    1   -2   9.18604       -0.0006439788  -0.0000000000
    2    3    0   9.18604         2    3    0   9.18604       -0.0006443242   0.0000000000
    2    3    2   9.18604         2    3    2   9.18604       -0.0006478972  -0.0000000000
    0   -3   -3   9.56098         0   -3   -3   9.56098       -0.0005112176  -0.0000000000
    0    1   -3   9.56098         0    1   -3   9.56098       -0.0005323156  -0.0000000000
    0    2   -2   9.56098         0    2   -2   9.56098       -0.0005323156  -0.0000000000
    0    2    2   9.56098         0    2    2   9.56098       -0.0005112176  -0.0000000000
   -3   -2   -4   9.93592        -3   -2   -4   9.93592       -0.0004384570  -0.0000000000
   -3    0   -2   9.93592        -3    0   -2   9.93592       -0.0004390998   0.0000000000
   -1    1   -3   9.93592        -1    1   -3   9.93592       -0.0004481003   0.0000000000
    1    2   -2   9.93592         1    2   -2   9.93592       -0.0004473771   0.0000000000
    3    1   -1   9.93592         3    1   -1   9.93592       -0.0004390704   0.0000000000
    3    3    1   9.93592         3    3    1   9.93592       -0.0004384276  -0.0000000000
   -3   -3   -4  10.31086        -3   -3   -4  10.31086       -0.0003519872   0.0000000000
   -3    0   -1  10.31086        -3    0   -1  10.31086       -0.0003524897   0.0000000000
   -1   -3   -4  10.31086        -1   -3   -4  10.31086       -0.0003601565   0.0000000000
   -1   -3    0  10.31086        -1   -3    0  10.31086       -0.0003781192   0.0000000000
   -1   -2    1  10.31086        -1   -2    1  10.31086       -0.0003781670   0.0000000000
   -1    2    1  10.31086        -1    2    1  10.31086       -0.0003600186   0.0000000000
    1   -2   -3  10.31086         1   -2   -3  10.31086       -0.0003600528   0.0000000000
    1   -2    1  10.31086         1   -2    1  10.31086       -0.0003785519   0.0000000000
    1   -1    2  10.31086         1   -1    2  10.31086       -0.0003785041   0.0000000000
    1    3    2  10.31086         1    3    2  10.31086       -0.0003601908   0.0000000000
    3    0   -1  10.31086         3    0   -1  10.31086       -0.0003524180  -0.0000000000
    3    3    2  10.31086         3    3    2  10.31086       -0.0003519156   0.0000000000
   -2   -4   -3  10.68580        -2   -4   -3  10.68580       -0.0003363263  -0.0000000000
   -2    0    1  10.68580        -2    0    1  10.68580       -0.0003359231  -0.0000000000
    0   -3    0  10.68580         0   -3    0  10.68580       -0.0003068241  -0.0000000000
    0   -1   -4  10.68580         0   -1   -4  10.68580       -0.0003061405   0.0000000000
   -4   -2   -3  12.18557        -4   -2   -3  12.18557       -0.0001800981   0.0000000000
   -2   -3    0  12.18557        -2   -3    0  12.18557       -0.0001554785  -0.0000000000
    2   -1    2  12.18557         2   -1    2  12.18557       -0.0001554951  -0.0000000000
    4    2    1  12.18557         4    2    1  12.18557       -0.0001801057   0.0000000000
   -4   -3   -3  12.56051        -4   -3   -3  12.56051       -0.0001495967   0.0000000000
   -4   -2   -2  12.56051        -4   -2   -2  12.56051       -0.0001499257  -0.0000000000
   -2   -4   -4  12.56051        -2   -4   -4  12.56051       -0.0001438124  -0.0000000000
   -2    0   -4  12.56051        -2    0   -4  12.56051       -0.0001348723  -0.0000000000
   -2    1   -3  12.56051        -2    1   -3  12.56051       -0.0001348889  -0.0000000000
   -2    1    1  12.56051        -2    1    1  12.56051       -0.0001437778   0.0000000000
    0    0   -4  12.56051         0    0   -4  12.56051       -0.0001520821   0.0000000000
    0    3   -1  12.56051         0    3   -1  12.56051       -0.0001520821   0.0000000000
    2   -2   -2  12.56051         2   -2   -2  12.56051       -0.0001437076   0.0000000000
    2    2   -2  12.56051         2    2   -2  12.56051       -0.0001348295  -0.0000000000
    2    3   -1  12.56051         2    3   -1  12.56051       -0.0001348129  -0.0000000000
    2    3    3  12.56051         2    3    3  12.56051       -0.0001437421  -0.0000000000
    4    1    1  12.56051         4    1    1  12.56051       -0.0001498989  -0.0000000000
    4    2    2  12.56051         4    2    2  12.56051       -0.0001495699   0.0000000000
   -3   -4   -4  12.93545        -3   -4   -4  12.93545       -0.0001322161  -0.0000000000
   -3   -4   -2  12.93545        -3   -4   -2  12.93545       -0.0001182100   0.0000000000
   -3   -2    0  12.93545        -3   -2    0  12.93545       -0.0001182039  -0.0000000000
   -3    0    0  12.93545        -3    0    0  12.93545       -0.0001322324  -0.0000000000
    3   -1   -1  12.93545         3   -1   -1  12.93545       -0.0001322258  -0.0000000000
    3   -1    1  12.93545         3   -1    1  12.93545       -0.0001181914   0.0000000000
    3    1    3  12.93545         3    1    3  12.93545       -0.0001181975   0.0000000000
    3    3    3  12.93545         3    3    3  12.93545       -0.0001322094  -0.0000000000
   -1   -4   -1  13.31039        -1   -4   -1  13.31039       -0.0001143101   0.0000000000
   -1   -1    2  13.31039        -1   -1    2  13.31039       -0.0001144767   0.0000000000
    1   -3    0  13.31039         1   -3    0  13.31039       -0.0001144840   0.0000000000
    1    0    3  13.31039         1    0    3  13.31039       -0.0001143174  -0.0000000000
   -4   -3   -4  13.68533        -4   -3   -4  13.68533       -0.0000996507   0.0000000000
   -4   -3   -2  13.68533        -4   -3   -2  13.68533       -0.0000924864   0.0000000000
   -3   -2   -5  14.81015        -3   -2   -5  14.81015       -0.0000654124   0.0000000000
   -3    1   -2  14.81015        -3    1   -2  14.81015       -0.0000654132   0.0000000000
   -1   -2   -5  14.81015        -1   -2   -5  14.81015       -0.0000663784  -0.0000000000
   -1    3    0  14.81015        -1    3    0  14.81015       -0.0000663706  -0.0000000000
    1   -1   -4  14.81015         1   -1   -4  14.81015       -0.0000663654  -0.0000000000
    1    4    1  14.81015         1    4    1  14.81015       -0.0000663731  -0.0000000000
    3    1   -2  14.81015         3    1   -2  14.81015       -0.0000654194  -0.0000000000
    3    4    1  14.81015         3    4    1  14.81015       -0.0000654187   0.0000000000
   -4   -4   -3  15.18509        -4   -4   -3  15.18509       -0.0000566644   0.0000000000
   -4   -2   -1  15.18509        -4   -2   -1  15.18509       -0.0000567163   0.0000000000
    0   -4   -3  15.18509         0   -4   -3  15.18509       -0.0000540903  -0.0000000000
    0   -4   -1  15.18509         0   -4   -1  15.18509       -0.0000670595  -0.0000000000
    0    0    3  15.18509         0    0    3  15.18509       -0.0000670595   0.0000000000
    0    2   -3  15.18509         0    2   -3  15.18509       -0.0000608850  -0.0000000000
    0    2    3  15.18509         0    2    3  15.18509       -0.0000540903  -0.0000000000
    4    0    1  15.18509         4    0    1  15.18509       -0.0000567033   0.0000000000
    4    2    3  15.18509         4    2    3  15.18509       -0.0000566513   0.0000000000
   -4   -4   -4  15.56003        -4   -4   -4  15.56003       -0.0000583453  -0.0000000000
   -4   -1   -1  15.56003        -4   -1   -1  15.56003       -0.0000583545   0.0000000000
   -2   -1   -5  15.56003        -2   -1   -5  15.56003       -0.0000508913   0.0000000000
   -2    2   -2  15.56003        -2    2   -2  15.56003       -0.0000508533   0.0000000000
    0   -3    1  15.56003         0   -3    1  15.56003       -0.0000543029  -0.0000000000
    0   -2    2  15.56003         0   -2    2  15.56003       -0.0000543029  -0.0000000000
    2    1   -3  15.56003         2    1   -3  15.56003       -0.0000508613   0.0000000000
    2    4    0  15.56003         2    4    0  15.56003       -0.0000508993   0.0000000000
    4    0    0  15.56003         4    0    0  15.56003       -0.0000583566   0.0000000000
    4    3    3  15.56003         4    3    3  15.56003       -0.0000583474  -0.0000000000
   -3    0   -4  15.93497        -3    0   -4  15.93497       -0.0000406569   0.0000000000
   -1   -3   -5  15.93497        -1   -3   -5  15.93497       -0.0000445646   0.0000000000
   -1   -3    1  15.93497        -1   -3    1  15.93497       -0.0000485462  -0.0000000000
   -1   -1   -5  15.93497        -1   -1   -5  15.93497       -0.0000502441   0.0000000000
   -1    3   -1  15.93497        -1    3   -1  15.93497       -0.0000502039   0.0000000000
   -2    0    2  17.05979        -2    0    2  17.05979       -0.0000350531   0.0000000000
    2   -3   -1  17.05979         2   -3   -1  17.05979       -0.0000350485  -0.0000000000
    2    2    4  17.05979         2    2    4  17.05979       -0.0000350756  -0.0000000000
    4    0    2  17.05979         4    0    2  17.05979       -0.0000301644  -0.0000000000
    4    1   -1  17.05979         4    1   -1  17.05979       -0.0000341447   0.0000000000
    4    1    3  17.05979         4    1    3  17.05979       -0.0000300404  -0.0000000000
    4    4    2  17.05979         4    4    2  17.05979       -0.0000340601   0.0000000000
   -3   -5   -3  17.43473        -3   -5   -3  17.43473       -0.0000306274   0.0000000000
   -3   -1   -5  17.43473        -3   -1   -5  17.43473       -0.0000277287   0.0000000000
   -3   -1    1  17.43473        -3   -1    1  17.43473       -0.0000306078   0.0000000000
   -3    1   -3  17.43473        -3    1   -3  17.43473       -0.0000277353  -0.0000000000
   -1   -4    0  17.43473        -1   -4    0  17.43473       -0.0000302249  -0.0000000000
   -1   -2    2  17.43473        -1   -2    2  17.43473       -0.0000302430   0.0000000000
    1   -3    1  17.43473         1   -3    1  17.43473       -0.0000302578   0.0000000000
    1   -1    3  17.43473         1   -1    3  17.43473       -0.0000302397   0.0000000000
    3   -2    0  17.43473         3   -2    0  17.43473       -0.0000305982   0.0000000000
    3    2   -2  17.43473         3    2   -2  17.43473       -0.0000277301  -0.0000000000
    3    2    4  17.43473         3    2    4  17.43473       -0.0000306177   0.0000000000
    3    4    0  17.43473         3    4    0  17.43473       -0.0000277234   0.0000000000
   -3   -5   -4  17.80967        -3   -5   -4  17.80967       -0.0000283047   0.0000000000
   -3    0    1  17.80967        -3    0    1  17.80967       -0.0000283154   0.0000000000
    3   -2   -1  17.80967         3   -2   -1  17.80967       -0.0000282993   0.0000000000
    3    3    4  17.80967         3    3    4  17.80967       -0.0000282886  -0.0000000000
   -4   -4   -5  18.18461        -4   -4   -5  18.18461       -0.0000266729   0.0000000000
   -4   -2   -5  18.18461        -4   -2   -5  18.18461       -0.0000220879   0.0000000000
   -4    0   -3  18.18461        -4    0   -3  18.18461       -0.0000220651  -0.0000000000
   -4    0   -1  18.18461        -4    0   -1  18.18461       -0.0000267233  -0.0000000000
   -2   -5   -4  18.18461        -2   -5   -4  18.18461       -0.0000239132   0.0000000000
   -2   -5   -2  18.18461        -2   -5   -2  18.18461       -0.0000248029  -0.0000000000
   -2   -1    2  18.18461        -2   -1    2  18.18461       -0.0000248018  -0.0000000000
   -2    1   -4  18.18461        -2    1   -4  18.18461       -0.0000230355  -0.0000000000
   -2    1    2  18.18461        -2    1    2  18.18461       -0.0000239322   0.0000000000
   -1   -4   -5  19.30944        -1   -4   -5  19.30944       -0.0000162977  -0.0000000000
   -1    0   -5  19.30944        -1    0   -5  19.30944       -0.0000186717  -0.0000000000
   -1    0    3  19.30944        -1    0    3  19.30944       -0.0000190103   0.0000000000
   -1    3   -2  19.30944        -1    3   -2  19.30944       -0.0000186498   0.0000000000
   -1    3    2  19.30944        -1    3    2  19.30944       -0.0000163104  -0.0000000000
    1   -4   -1  19.30944         1   -4   -1  19.30944       -0.0000190049   0.0000000000
    1   -3   -4  19.30944         1   -3   -4  19.30944       -0.0000163106  -0.0000000000
    1    1   -4  19.30944         1    1   -4  19.30944       -0.0000186484  -0.0000000000
    1    1    4  19.30944         1    1    4  19.30944       -0.0000190323  -0.0000000000
    1    4   -1  19.30944         1    4   -1  19.30944       -0.0000186704  -0.0000000000
    1    4    3  19.30944         1    4    3  19.30944       -0.0000162978  -0.0000000000
    3   -2    1  19.30944         3   -2    1  19.30944       -0.0000171448   0.0000000000
    3    1    4  19.30944         3    1    4  19.30944       -0.0000171536  -0.0000000000
    5    2    1  19.30944         5    2    1  19.30944       -0.0000181914   0.0000000000
    5    3    2  19.30944         5    3    2  19.30944       -0.0000181377   0.0000000000
   -4   -5   -4  19.68438        -4   -5   -4  19.68438       -0.0000170325  -0.0000000000
   -4   -1    0  19.68438        -4   -1    0  19.68438       -0.0000170336   0.0000000000
   -2    0   -5  19.68438        -2    0   -5  19.68438       -0.0000149823  -0.0000000000
   -2    2   -3  19.68438        -2    2   -3  19.68438       -0.0000149562  -0.0000000000
    2    2   -3  19.68438         2    2   -3  19.68438       -0.0000149527  -0.0000000000
    2    4   -1  19.68438         2    4   -1  19.68438       -0.0000149787  -0.0000000000
    4   -1    0  19.68438         4   -1    0  19.68438       -0.0000170267   0.0000000000
    4    3    4  19.68438         4    3    4  19.68438       -0.0000170256  -0.0000000000
   -4   -5   -3  20.05932        -4   -5   -3  20.05932       -0.0000136246   0.0000000000
   -4   -2    0  20.05932        -4   -2    0  20.05932       -0.0000136072  -0.0000000000
    0   -3   -5  20.05932         0   -3   -5  20.05932       -0.0000132577   0.0000000000
    0    4    2  20.05932         0    4    2  20.05932       -0.0000132577   0.0000000000
    4   -1    1  20.05932         4   -1    1  20.05932       -0.0000136003  -0.0000000000
    4    2    4  20.05932         4    2    4  20.05932       -0.0000136177   0.0000000000
   -5   -4   -4  20.43426        -5   -4   -4  20.43426       -0.0000138681  -0.0000000000
   -5   -2   -4  20.43426        -5   -2   -4  20.43426       -0.0000125690  -0.0000000000
   -5   -2   -2  20.43426        -5   -2   -2  20.43426       -0.0000138831   0.0000000000
   -2   -5   -1  21.55908        -2   -5   -1  21.55908       -0.0000098192  -0.0000000000
   -2   -2   -6  21.55908        -2   -2   -6  21.55908       -0.0000100509   0.0000000000
   -2   -2    2  21.55908        -2   -2    2  21.55908       -0.0000098085   0.0000000000
   -2    2    2  21.55908        -2    2    2  21.55908       -0.0000092049   0.0000000000
   -2    3   -1  21.55908        -2    3   -1  21.55908       -0.0000100479   0.0000000000
    2   -3   -3  21.55908         2   -3   -3  21.55908       -0.0000092061  -0.0000000000
    2   -3    1  21.55908         2   -3    1  21.55908       -0.0000098147   0.0000000000
    2    0   -4  21.55908         2    0   -4  21.55908       -0.0000100513   0.0000000000
    2    0    4  21.55908         2    0    4  21.55908       -0.0000098254  -0.0000000000
    2    4    4  21.55908         2    4    4  21.55908       -0.0000092114   0.0000000000
    2    5    1  21.55908         2    5    1  21.55908       -0.0000100544   0.0000000000
    4   -1   -1  21.55908         4   -1   -1  21.55908       -0.0000095685   0.0000000000
    4    3   -1  21.55908         4    3   -1  21.55908       -0.0000090210   0.0000000000
    4    4    0  21.55908         4    4    0  21.55908       -0.0000090349  -0.0000000000
    4    4    4  21.55908         4    4    4  21.55908       -0.0000095675  -0.0000000000
   -5   -3   -5  21.93402        -5   -3   -5  21.93402       -0.0000089197   0.0000000000
   -5   -1   -3  21.93402        -5   -1   -3  21.93402       -0.0000089437   0.0000000000
   -3   -4   -6  21.93402        -3   -4   -6  21.93402       -0.0000090999   0.0000000000
   -3   -4    0  21.93402        -3   -4    0  21.93402       -0.0000085289  -0.0000000000
   -3   -2   -6  21.93402        -3   -2   -6  21.93402       -0.0000084722  -0.0000000000
   -3    2   -2  21.93402        -3    2   -2  21.93402       -0.0000084696  -0.0000000000
   -3    2    0  21.93402        -3    2    0  21.93402       -0.0000090877  -0.0000000000
   -1   -5   -1  21.93402        -1   -5   -1  21.93402       -0.0000087736  -0.0000000000
   -1   -1    3  21.93402        -1   -1    3  21.93402       -0.0000087600   0.0000000000
    1   -4    0  21.93402         1   -4    0  21.93402       -0.0000087604  -0.0000000000
    1    0    4  21.93402         1    0    4  21.93402       -0.0000087740  -0.0000000000
    3   -1   -3  21.93402         3   -1   -3  21.93402       -0.0000090928  -0.0000000000
    3   -1    3  21.93402         3   -1    3  21.93402       -0.0000085320  -0.0000000000
    3    1   -3  21.93402         3    1   -3  21.93402       -0.0000084719  -0.0000000000
    3    5    1  21.93402         3    5    1  21.93402       -0.0000084744  -0.0000000000
    3    5    3  21.93402         3    5    3  21.93402       -0.0000091050  -0.0000000000
    5    2    0  21.93402         5    2    0  21.93402       -0.0000089453   0.0000000000
   -5   -4   -2  23.43378        -5   -4   -2  23.43378       -0.0000059250   0.0000000000
   -3   -5   -1  23.43378        -3   -5   -1  23.43378       -0.0000058362  -0.0000000000
   -3   -3    1  23.43378        -3   -3    1  23.43378       -0.0000058348   0.0000000000
   -1   -2   -6  23.43378        -1   -2   -6  23.43378       -0.0000060701   0.0000000000
   -1    2   -4  23.43378        -1    2   -4  23.43378       -0.0000058065   0.0000000000
   -1    4    0  23.43378        -1    4    0  23.43378       -0.0000060682   0.0000000000
    1   -1   -5  23.43378         1   -1   -5  23.43378       -0.0000060696  -0.0000000000
    1    3   -3  23.43378         1    3   -3  23.43378       -0.0000058051   0.0000000000
    1    5    1  23.43378         1    5    1  23.43378       -0.0000060715   0.0000000000
    3   -2    2  23.43378         3   -2    2  23.43378       -0.0000058382   0.0000000000
    3    0    4  23.43378         3    0    4  23.43378       -0.0000058396   0.0000000000
    5    1    3  23.43378         5    1    3  23.43378       -0.0000059249  -0.0000000000
   -5   -5   -4  23.80872        -5   -5   -4  23.80872       -0.0000056372  -0.0000000000
   -5   -2   -5  23.80872        -5   -2   -5  23.80872       -0.0000053546  -0.0000000000
   -5   -2   -1  23.80872        -5   -2   -1  23.80872       -0.0000056494   0.0000000000
   -5   -1   -4  23.80872        -5   -1   -4  23.80872       -0.0000053715   0.0000000000
   -1   -4    1  23.80872        -1   -4    1  23.80872       -0.0000056261  -0.0000000000
   -1   -3   -6  23.80872        -1   -3   -6  23.80872       -0.0000054919  -0.0000000000
   -1   -3    2  23.80872        -1   -3    2  23.80872       -0.0000056306   0.0000000000
   -1    4    1  23.80872        -1    4    1  23.80872       -0.0000054962   0.0000000000
    1   -3    2  23.80872         1   -3    2  23.80872       -0.0000056328   0.0000000000
    1   -2   -5  23.80872         1   -2   -5  23.80872       -0.0000054980  -0.0000000000
    1   -2    3  23.80872         1   -2    3  23.80872       -0.0000056283  -0.0000000000
    1    5    2  23.80872         1    5    2  23.80872       -0.0000054936  -0.0000000000
    5    0    1  23.80872         5    0    1  23.80872       -0.0000056476   0.0000000000
    5    3    0  23.80872         5    3    0  23.80872       -0.0000053723  -0.0000000000
    5    3    4  23.80872         5    3    4  23.80872       -0.0000056354  -0.0000000000
    5    4    1  23.80872         5    4    1  23.80872       -0.0000053553  -0.0000000000
   -2   -1   -6  24.18366        -2   -1   -6  24.18366       -0.0000051203  -0.0000000000
   -2    3   -2  24.18366        -2    3   -2  24.18366       -0.0000051184  -0.0000000000
    0   -4   -5  24.18366         0   -4   -5  24.18366       -0.0000048305  -0.0000000000
    0   -4    1  24.18366         0   -4    1  24.18366       -0.0000052885   0.0000000000


             g                   gp         inverse epsilon           nspin= 1
         0    0   -1         0    0   -1        0.23890183   0.00000000
         0   -1   -1         0    0   -1        0.00270580   0.00000002
         0   -1   -1         0   -1   -1        0.42375424  -0.00000000
         0    0    0         0   -1   -1        0.01953115  -0.00000000
         0    0    0         0    0    0        0.42375424  -0.00000000
        -1   -1   -1         0    0    0        0.03621330  -0.00000069
        -1   -1   -1        -1   -1   -1        0.53523168  -0.00000000
         1    0    0        -1   -1   -1       -0.01656208   0.00000021
         1    0    0         1    0    0        0.53523243  -0.00000000
        -1   -1   -2         1    0    0        0.00026803  -0.00000574
        -1   -1   -2        -1   -1   -2        0.63408200   0.00000000
        -1    0   -1        -1   -1   -2        0.00022696   0.00000102
        -1    0   -1        -1    0   -1        0.63406934   0.00000000
         1    0   -1        -1    0   -1        0.03749152   0.00000086
         1    0   -1         1    0   -1        0.63407268   0.00000000
         1    1    0         1    0   -1        0.00022879  -0.00000102
         1    1    0         1    1    0        0.63408534   0.00000000
         0   -1   -2         1    1    0        0.00277513  -0.00000622
         0   -1   -2         0   -1   -2        0.69887383  -0.00000000
         0   -1    0         0   -1   -2        0.02166667  -0.00000182
         0   -1    0         0   -1    0        0.71148799  -0.00000000
         0    1    0         0   -1    0        0.02166667   0.00000182
         0    1    0         0    1    0        0.69887383  -0.00000000
         0    0   -2         0    1    0       -0.00180170  -0.00000147
         0    0   -2         0    0   -2        0.76565085  -0.00000000
         0    1   -1         0    0   -2        0.00063056  -0.00000000
         0    1   -1         0    1   -1        0.76565085  -0.00000000
        -1   -2   -2         0    1   -1       -0.00947443  -0.00001442
        -1   -2   -2        -1   -2   -2        0.80613114   0.00000000
        -1    0   -2        -1   -2   -2        0.00318321  -0.00000364
        -1    0   -2        -1    0   -2        0.80136949   0.00000000
        -1    0    0        -1    0   -2        0.00313626   0.00000230
        -1    0    0        -1    0    0        0.80615971   0.00000000
         1   -1   -1        -1    0    0        0.02070822  -0.00000925
         1   -1   -1         1   -1   -1        0.80617818   0.00000000
         1    1   -1         1   -1   -1        0.00313417  -0.00000197
         1    1   -1         1    1   -1        0.80139467   0.00000000
         1    1    1         1    1   -1        0.00318113   0.00000330
         1    1    1         1    1    1        0.80614960   0.00000000
        -1   -2   -1         1    1    1        0.01022471   0.00001360
        -1   -2   -1        -1   -2   -1        0.84239968  -0.00000000
        -1   -1    0        -1   -2   -1        0.00182212  -0.00000756
        -1   -1    0        -1   -1    0        0.84240358   0.00000000
         1   -1    0        -1   -1    0        0.00125893   0.00000006
         1   -1    0         1   -1    0        0.84238073  -0.00000000
         1    0    1         1   -1    0        0.00179903   0.00000756
         1    0    1         1    0    1        0.84237683  -0.00000000
        -2   -1   -2         1    0    1        0.00155996  -0.00000334
        -2   -1   -2        -2   -1   -2        0.86971934   0.00000000
         0   -2   -1        -2   -1   -2       -0.00020885  -0.00000632
         0   -2   -1         0   -2   -1        0.87709833   0.00000000
         0    0    1         0   -2   -1       -0.01053231  -0.00000000
         0    0    1         0    0    1        0.87709832  -0.00000000
         2    1    0         0    0    1       -0.00020684   0.00000265
         2    1    0         2    1    0        0.86971677   0.00000000
        -2   -2   -2         2    1    0        0.00990866   0.00000198
        -2   -2   -2        -2   -2   -2        0.89965532  -0.00000000
        -2   -1   -1        -2   -2   -2       -0.00718616  -0.00000206
        -2   -1   -1        -2   -1   -1        0.89968476  -0.00000000
         0   -2   -2        -2   -1   -1        0.00764376   0.00000393
         0   -2   -2         0   -2   -2        0.90205093  -0.00000000
         0    1    1         0   -2   -2        0.00003479  -0.00000000
         0    1    1         0    1    1        0.90205093  -0.00000000
         1    1   -2         0    1    1       -0.00060007   0.00000056
         1    1   -2         1    1   -2        0.98112013  -0.00000000
         1    1    2         1    1   -2        0.00225518   0.00000163
         1    1    2         1    1    2        0.98100045  -0.00000000
         1    2   -1         1    1    2       -0.00020593   0.00000113
         1    2   -1         1    2   -1        0.98111251  -0.00000000
        -2   -3   -2         1    2   -1       -0.00106619  -0.00000038
        -2   -3   -2        -2   -3   -2        0.98571939  -0.00000000
        -2   -1    0        -2   -3   -2       -0.00350696  -0.00000615
        -2   -1    0        -2   -1    0        0.98572552  -0.00000000
         0   -2   -3        -2   -1    0       -0.00001254   0.00000169
         0   -2   -3         0   -2   -3        0.98560578   0.00000000
         0    0   -3         0   -2   -3       -0.00203117  -0.00000187
         0    0   -3         0    0   -3        0.98639381  -0.00000000
         0    2   -1         0    0   -3       -0.00304409  -0.00000000
         0    2   -1         0    2   -1        0.98639381   0.00000000
         0    2    1         0    2   -1       -0.00203117   0.00000187
         0    2    1         0    2    1        0.98560578   0.00000000
         2   -1    0         0    2    1       -0.00001251  -0.00000143
         2   -1    0         2   -1    0        0.98572534  -0.00000000
         2    1    2         2   -1    0       -0.00350503   0.00000614
         2    1    2         2    1    2        0.98571921  -0.00000000
        -2   -3   -3         2    1    2        0.00142685   0.00000420
        -2   -3   -3        -2   -3   -3        0.98951093   0.00000000
        -2    0    0        -2   -3   -3       -0.00053166  -0.00000489
        -2    0    0        -2    0    0        0.98951604   0.00000000
         2   -1   -1        -2    0    0        0.00074755   0.00000004
         2   -1   -1         2   -1   -1        0.98951769   0.00000000
         2    2    2         2   -1   -1       -0.00053103   0.00000489
         2    2    2         2    2    2        0.98951258   0.00000000
        -3   -2   -2         2    2    2        0.00106400   0.00000084
        -3   -2   -2        -3   -2   -2        0.99215560   0.00000000
        -1   -3   -3        -3   -2   -2        0.00165543   0.00000151
        -1   -3   -3        -1   -3   -3        0.99207956   0.00000000
        -1   -3   -1        -1   -3   -3       -0.00123284   0.00000133
        -1   -3   -1        -1   -3   -1        0.99221217   0.00000000
        -1   -1    1        -1   -3   -1       -0.00181039  -0.00000212
        -1   -1    1        -1   -1    1        0.99220200   0.00000000
        -1    1    1        -1   -1    1       -0.00122832  -0.00000219
        -1    1    1        -1    1    1        0.99208190   0.00000000
         1   -2   -2        -1    1    1        0.00050334   0.00000028
         1   -2   -2         1   -2   -2        0.99208422   0.00000000
         1   -2    0         1   -2   -2       -0.00122820   0.00000147
         1   -2    0         1   -2    0        0.99219907   0.00000000
         1    0    2         1   -2    0       -0.00180978   0.00000212
         1    0    2         1    0    2        0.99220924   0.00000000
         1    2    2         1    0    2       -0.00123273  -0.00000061
         1    2    2         1    2    2        0.99208188   0.00000000
         3    1    1         1    2    2        0.00165530  -0.00000193
         3    1    1         3    1    1        0.99215691   0.00000000
        -3   -2   -3         3    1    1        0.00033718  -0.00000089
        -3   -2   -3        -3   -2   -3        0.99416721  -0.00000000
        -3   -1   -2        -3   -2   -3        0.00061034   0.00000371
        -3   -1   -2        -3   -1   -2        0.99416207   0.00000000
         3    1    0        -3   -1   -2        0.00045624  -0.00000004
         3    1    0         3    1    0        0.99416178  -0.00000000
         3    2    1         3    1    0        0.00061033  -0.00000371
         3    2    1         3    2    1        0.99416693  -0.00000000
        -2    0   -3         3    2    1        0.00052682   0.00000044
        -2    0   -3        -2    0   -3        0.99556264   0.00000000
         0   -3   -2        -2    0   -3       -0.00052834  -0.00000038
         0   -3   -2         0   -3   -2        0.99560966   0.00000000
         0    1    2         0   -3   -2       -0.00074342   0.00000000
         0    1    2         0    1    2        0.99560966   0.00000000
        -2    1    0         0    1    2       -0.00038721   0.00000155
        -2    1    0        -2    1    0        0.99847100   0.00000000
         0   -2    1        -2    1    0       -0.00009727   0.00000020
         0   -2    1         0   -2    1        0.99849510  -0.00000000
         2   -1   -2         0   -2    1       -0.00009778  -0.00000073
         2   -1   -2         2   -1   -2        0.99847022   0.00000000
         2    1   -2         2   -1   -2       -0.00017913  -0.00000038
         2    1   -2         2    1   -2        0.99849778  -0.00000000
         2    3    0         2    1   -2       -0.00018088  -0.00000114
         2    3    0         2    3    0        0.99849693   0.00000000
         2    3    2         2    3    0       -0.00017706  -0.00000010
         2    3    2         2    3    2        0.99847041  -0.00000000
         0   -3   -3         2    3    2        0.00013563   0.00000009
         0   -3   -3         0   -3   -3        0.99880734  -0.00000000
         0    1   -3         0   -3   -3       -0.00009280   0.00000012
         0    1   -3         0    1   -3        0.99879193  -0.00000000
         0    2   -2         0    1   -3       -0.00038260   0.00000000
         0    2   -2         0    2   -2        0.99879193  -0.00000000
         0    2    2         0    2   -2       -0.00009280  -0.00000012
         0    2    2         0    2    2        0.99880734  -0.00000000
        -3   -2   -4         0    2    2        0.00016891   0.00000017
        -3   -2   -4        -3   -2   -4        0.99903902  -0.00000000
        -3    0   -2        -3   -2   -4       -0.00003139  -0.00000102
        -3    0   -2        -3    0   -2        0.99903755   0.00000000
        -1    1   -3        -3    0   -2        0.00002657  -0.00000028
        -1    1   -3        -1    1   -3        0.99904384   0.00000000
         1    2   -2        -1    1   -3        0.00013730  -0.00000002
         1    2   -2         1    2   -2        0.99904561   0.00000000
         3    1   -1         1    2   -2        0.00002690   0.00000016
         3    1   -1         3    1   -1        0.99903766   0.00000000
         3    3    1         3    1   -1       -0.00003164   0.00000102
         3    3    1         3    3    1        0.99903914  -0.00000000
        -3   -3   -4         3    3    1        0.00001482   0.00000027
        -3   -3   -4        -3   -3   -4        0.99927184   0.00000000
        -3    0   -1        -3   -3   -4        0.00002730   0.00000015
        -3    0   -1        -3    0   -1        0.99927079   0.00000000
        -1   -3   -4        -3    0   -1        0.00013311  -0.00000027
        -1   -3   -4        -1   -3   -4        0.99925301   0.00000000
        -1   -3    0        -1   -3   -4       -0.00009249  -0.00000002
        -1   -3    0        -1   -3    0        0.99921640   0.00000000
        -1   -2    1        -1   -3    0       -0.00021764  -0.00000017
        -1   -2    1        -1   -2    1        0.99921638  -0.00000000
        -1    2    1        -1   -2    1       -0.00009150  -0.00000042
        -1    2    1        -1    2    1        0.99925332   0.00000000
         1   -2   -3        -1    2    1       -0.00002908   0.00000003
         1   -2   -3         1   -2   -3        0.99925324   0.00000000
         1   -2    1         1   -2   -3       -0.00009171   0.00000038
         1   -2    1         1   -2    1        0.99921549   0.00000000
         1   -1    2         1   -2    1       -0.00021815   0.00000017
         1   -1    2         1   -1    2        0.99921551   0.00000000
         1    3    2         1   -1    2       -0.00009270   0.00000007
         1    3    2         1    3    2        0.99925294   0.00000000
         3    0   -1         1    3    2        0.00013305   0.00000029
         3    0   -1         3    0   -1        0.99927096  -0.00000000
         3    3    2         3    0   -1        0.00002728  -0.00000015
         3    3    2         3    3    2        0.99927201   0.00000000
        -2   -4   -3         3    3    2        0.00006768   0.00000007
        -2   -4   -3        -2   -4   -3        0.99932967  -0.00000000
        -2    0    1        -2   -4   -3       -0.00006780  -0.00000008
        -2    0    1        -2    0    1        0.99933054  -0.00000000
         0   -3    0        -2    0    1       -0.00000296   0.00000038
         0   -3    0         0   -3    0        0.99938075  -0.00000000
         0   -1   -4         0   -3    0        0.00001818   0.00000004
         0   -1   -4         0   -1   -4        0.99939026   0.00000000
        -4   -2   -3         0   -1   -4       -0.00002922   0.00000018
        -4   -2   -3        -4   -2   -3        0.99968907   0.00000000
        -2   -3    0        -4   -2   -3       -0.00007331  -0.00000004
        -2   -3    0        -2   -3    0        0.99973346  -0.00000000
         2   -1    2        -2   -3    0        0.00005592   0.00000004
         2   -1    2         2   -1    2        0.99973345  -0.00000000
         4    2    1         2   -1    2       -0.00007337   0.00000006
         4    2    1         4    2    1        0.99968905   0.00000000
        -4   -3   -3         4    2    1        0.00008034  -0.00000001
        -4   -3   -3        -4   -3   -3        0.99974414   0.00000000
        -4   -2   -2        -4   -3   -3        0.00005736   0.00000003
        -4   -2   -2        -4   -2   -2        0.99974357  -0.00000000
        -2   -4   -4        -4   -2   -2        0.00000087  -0.00000004
        -2   -4   -4        -2   -4   -4        0.99974882  -0.00000000
        -2    0   -4        -2   -4   -4       -0.00003602  -0.00000006
        -2    0   -4        -2    0   -4        0.99976956  -0.00000000
        -2    1   -3        -2    0   -4       -0.00003102   0.00000009
        -2    1   -3        -2    1   -3        0.99976953  -0.00000000
        -2    1    1        -2    1   -3       -0.00003602  -0.00000008
        -2    1    1        -2    1    1        0.99974889   0.00000000
         0    0   -4        -2    1    1        0.00005461  -0.00000000
         0    0   -4         0    0   -4        0.99975230   0.00000000
         0    3   -1         0    0   -4       -0.00002067  -0.00000000
         0    3   -1         0    3   -1        0.99975230  -0.00000000
         2   -2   -2         0    3   -1        0.00005458  -0.00000001
         2   -2   -2         2   -2   -2        0.99974903   0.00000000
         2    2   -2         2   -2   -2       -0.00003600   0.00000006
         2    2   -2         2    2   -2        0.99976964  -0.00000000
         2    3   -1         2    2   -2       -0.00003117  -0.00000009
         2    3   -1         2    3   -1        0.99976967  -0.00000000
         2    3    3         2    3   -1       -0.00003601   0.00000008
         2    3    3         2    3    3        0.99974896  -0.00000000
         4    1    1         2    3    3        0.00000088   0.00000005
         4    1    1         4    1    1        0.99974361  -0.00000000
         4    2    2         4    1    1        0.00005732  -0.00000003
         4    2    2         4    2    2        0.99974418   0.00000000
        -3   -4   -4         4    2    2        0.00001204  -0.00000003
        -3   -4   -4        -3   -4   -4        0.99978504  -0.00000000
        -3   -4   -2        -3   -4   -4       -0.00000292  -0.00000013
        -3   -4   -2        -3   -4   -2        0.99980788   0.00000000
        -3   -2    0        -3   -4   -2        0.00004132   0.00000003
        -3   -2    0        -3   -2    0        0.99980790   0.00000000
        -3    0    0        -3   -2    0       -0.00000246  -0.00000004
        -3    0    0        -3    0    0        0.99978503  -0.00000000
         3   -1   -1        -3    0    0       -0.00005930   0.00000000
         3   -1   -1         3   -1   -1        0.99978504  -0.00000000
         3   -1    1         3   -1   -1       -0.00000251   0.00000007
         3   -1    1         3   -1    1        0.99980793   0.00000000
         3    1    3         3   -1    1        0.00004138  -0.00000003
         3    1    3         3    1    3        0.99980791   0.00000000
         3    3    3         3    1    3       -0.00000296   0.00000010
         3    3    3         3    3    3        0.99978505  -0.00000000
        -1   -4   -1         3    3    3       -0.00002893  -0.00000012
        -1   -4   -1        -1   -4   -1        0.99981694   0.00000000
        -1   -1    2        -1   -4   -1       -0.00001320  -0.00000002
        -1   -1    2        -1   -1    2        0.99981662   0.00000000
         1   -3    0        -1   -1    2        0.00001483  -0.00000001
         1   -3    0         1   -3    0        0.99981661   0.00000000
         1    0    3         1   -3    0       -0.00001321   0.00000002
         1    0    3         1    0    3        0.99981692  -0.00000000
        -4   -3   -4         1    0    3       -0.00002544   0.00000001
        -4   -3   -4        -4   -3   -4        0.99984496   0.00000000
        -4   -3   -2        -4   -3   -4       -0.00000439   0.00000002
        -4   -3   -2        -4   -3   -2        0.99985919  -0.00000000
        -3   -2   -5        -4   -3   -2        0.00000814   0.00000002
        -3   -2   -5        -3   -2   -5        0.99990677   0.00000000
        -3    1   -2        -3   -2   -5        0.00000120  -0.00000001
        -3    1   -2        -3    1   -2        0.99990676  -0.00000000
        -1   -2   -5        -3    1   -2       -0.00000431   0.00000000
        -1   -2   -5        -1   -2   -5        0.99990550  -0.00000000
        -1    3    0        -1   -2   -5       -0.00000151   0.00000002
        -1    3    0        -1    3    0        0.99990550  -0.00000000
         1   -1   -4        -1    3    0        0.00000018   0.00000000
         1   -1   -4         1   -1   -4        0.99990551  -0.00000000
         1    4    1         1   -1   -4       -0.00000150  -0.00000002
         1    4    1         1    4    1        0.99990551  -0.00000000
         3    1   -2         1    4    1       -0.00000430  -0.00000001
         3    1   -2         3    1   -2        0.99990676  -0.00000000
         3    4    1         3    1   -2        0.00000121   0.00000001
         3    4    1         3    4    1        0.99990677  -0.00000000
        -4   -4   -3         3    4    1       -0.00002492  -0.00000001
        -4   -4   -3        -4   -4   -3        0.99991780   0.00000000
        -4   -2   -1        -4   -4   -3        0.00002278   0.00000006
        -4   -2   -1        -4   -2   -1        0.99991771   0.00000000
         0   -4   -3        -4   -2   -1       -0.00001480  -0.00000002
         0   -4   -3         0   -4   -3        0.99992282  -0.00000000
         0   -4   -1         0   -4   -3       -0.00000197   0.00000001
         0   -4   -1         0   -4   -1        0.99990682  -0.00000000
         0    0    3         0   -4   -1        0.00001566  -0.00000000
         0    0    3         0    0    3        0.99990682   0.00000000
         0    2   -3         0    0    3       -0.00000783   0.00000001
         0    2   -3         0    2   -3        0.99991242  -0.00000000
         0    2    3         0    2   -3       -0.00000108   0.00000001
         0    2    3         0    2    3        0.99992282  -0.00000000
         4    0    1         0    2    3       -0.00001480   0.00000002
         4    0    1         4    0    1        0.99991773   0.00000000
         4    2    3         4    0    1        0.00002278  -0.00000006
         4    2    3         4    2    3        0.99991782   0.00000000
        -4   -4   -4         4    2    3       -0.00001257  -0.00000002
        -4   -4   -4        -4   -4   -4        0.99992031  -0.00000000
        -4   -1   -1        -4   -4   -4        0.00000210   0.00000003
        -4   -1   -1        -4   -1   -1        0.99992030   0.00000000
        -2   -1   -5        -4   -1   -1        0.00000079  -0.00000001
        -2   -1   -5        -2   -1   -5        0.99992960   0.00000000
        -2    2   -2        -2   -1   -5       -0.00000238   0.00000002
        -2    2   -2        -2    2   -2        0.99992965   0.00000000
         0   -3    1        -2    2   -2        0.00001382  -0.00000003
         0   -3    1         0   -3    1        0.99992631  -0.00000000
         0   -2    2         0   -3    1       -0.00000493   0.00000000
         0   -2    2         0   -2    2        0.99992631  -0.00000000
         2    1   -3         0   -2    2        0.00001384   0.00000004
         2    1   -3         2    1   -3        0.99992964   0.00000000
         2    4    0         2    1   -3       -0.00000244  -0.00000002
         2    4    0         2    4    0        0.99992958   0.00000000
         4    0    0         2    4    0        0.00000078   0.00000001
         4    0    0         4    0    0        0.99992030   0.00000000
         4    3    3         4    0    0        0.00000210  -0.00000003
         4    3    3         4    3    3        0.99992031  -0.00000000
        -3    0   -4         4    3    3       -0.00000486   0.00000002
        -3    0   -4        -3    0   -4        0.99994585   0.00000000
        -1   -3   -5        -3    0   -4       -0.00000045  -0.00000000
        -1   -3   -5        -1   -3   -5        0.99994116   0.00000000
        -1   -3    1        -1   -3   -5       -0.00000148   0.00000002
        -1   -3    1        -1   -3    1        0.99993518  -0.00000000
        -1   -1   -5        -1   -3    1       -0.00000033  -0.00000000
        -1   -1   -5        -1   -1   -5        0.99993392   0.00000000
        -1    3   -1        -1   -1   -5        0.00001157   0.00000000
        -1    3   -1        -1    3   -1        0.99993398   0.00000000
        -2    0    2        -1    3   -1        0.00000143  -0.00000001
        -2    0    2        -2    0    2        0.99995471   0.00000000
         2   -3   -1        -2    0    2        0.00000124   0.00000000
         2   -3   -1         2   -3   -1        0.99995471  -0.00000000
         2    2    4         2   -3   -1       -0.00000089   0.00000000
         2    2    4         2    2    4        0.99995468  -0.00000000
         4    0    2         2    2    4        0.00000310   0.00000000
         4    0    2         4    0    2        0.99996209  -0.00000000
         4    1   -1         4    0    2       -0.00000126   0.00000000
         4    1   -1         4    1   -1        0.99995674   0.00000000
         4    1    3         4    1   -1       -0.00000539  -0.00000003
         4    1    3         4    1    3        0.99996225  -0.00000000
         4    4    2         4    1    3       -0.00000132  -0.00000000
         4    4    2         4    4    2        0.99995685   0.00000000
        -3   -5   -3         4    4    2       -0.00001507   0.00000002
        -3   -5   -3        -3   -5   -3        0.99996163   0.00000000
        -3   -1   -5        -3   -5   -3       -0.00000085  -0.00000000
        -3   -1   -5        -3   -1   -5        0.99996643   0.00000000
        -3   -1    1        -3   -1   -5       -0.00000013  -0.00000001
        -3   -1    1        -3   -1    1        0.99996165   0.00000000
        -3    1   -3        -3   -1    1       -0.00000086   0.00000000
        -3    1   -3        -3    1   -3        0.99996642  -0.00000000
        -1   -4    0        -3    1   -3       -0.00000140  -0.00000000
        -1   -4    0        -1   -4    0        0.99996312  -0.00000000
        -1   -2    2        -1   -4    0        0.00000916  -0.00000001
        -1   -2    2        -1   -2    2        0.99996309   0.00000000
         1   -3    1        -1   -2    2       -0.00000307  -0.00000000
         1   -3    1         1   -3    1        0.99996307   0.00000000
         1   -1    3         1   -3    1        0.00000915   0.00000001
         1   -1    3         1   -1    3        0.99996310  -0.00000000
         3   -2    0         1   -1    3       -0.00000049   0.00000001
         3   -2    0         3   -2    0        0.99996167   0.00000000
         3    2   -2         3   -2    0       -0.00000086   0.00000000
         3    2   -2         3    2   -2        0.99996643  -0.00000000
         3    2    4         3    2   -2       -0.00000013   0.00000001
         3    2    4         3    2    4        0.99996164   0.00000000
         3    4    0         3    2    4       -0.00000084   0.00000000
         3    4    0         3    4    0        0.99996643   0.00000000
        -3   -5   -4         3    4    0       -0.00000653  -0.00000001
        -3   -5   -4        -3   -5   -4        0.99996642   0.00000000
        -3    0    1        -3   -5   -4        0.00000102   0.00000002
        -3    0    1        -3    0    1        0.99996641  -0.00000000
         3   -2   -1        -3    0    1        0.00000225   0.00000000
         3   -2   -1         3   -2   -1        0.99996643   0.00000000
         3    3    4         3   -2   -1        0.00000102  -0.00000002
         3    3    4         3    3    4        0.99996644  -0.00000000
        -4   -4   -5         3    3    4        0.00001419  -0.00000002
        -4   -4   -5        -4   -4   -5        0.99996809   0.00000000
        -4   -2   -5        -4   -4   -5       -0.00000253   0.00000002
        -4   -2   -5        -4   -2   -5        0.99997368   0.00000000
        -4    0   -3        -4   -2   -5        0.00000991  -0.00000002
        -4    0   -3        -4    0   -3        0.99997370  -0.00000000
        -4    0   -1        -4    0   -3       -0.00000256   0.00000001
        -4    0   -1        -4    0   -1        0.99996804   0.00000000
        -2   -5   -4        -4    0   -1       -0.00000004   0.00000001
        -2   -5   -4        -2   -5   -4        0.99997150   0.00000000
        -2   -5   -2        -2   -5   -4       -0.00000319   0.00000000
        -2   -5   -2        -2   -5   -2        0.99997104  -0.00000000
        -2   -1    2        -2   -5   -2        0.00000607  -0.00000000
        -2   -1    2        -2   -1    2        0.99997103  -0.00000000
        -2    1   -4        -2   -1    2        0.00000423  -0.00000001
        -2    1   -4        -2    1   -4        0.99997316  -0.00000000
        -2    1    2        -2    1   -4       -0.00000001  -0.00000000
        -2    1    2        -2    1    2        0.99997148   0.00000000
        -1   -4   -5        -2    1    2       -0.00000428   0.00000001
        -1   -4   -5        -1   -4   -5        0.99998220  -0.00000000
        -1    0   -5        -1   -4   -5       -0.00000203  -0.00000001
        -1    0   -5        -1    0   -5        0.99997933  -0.00000000
        -1    0    3        -1    0   -5        0.00001052   0.00000001
        -1    0    3        -1    0    3        0.99997892   0.00000000
        -1    3   -2        -1    0    3        0.00000087  -0.00000001
        -1    3   -2        -1    3   -2        0.99997936   0.00000000
        -1    3    2        -1    3   -2       -0.00000202  -0.00000001
        -1    3    2        -1    3    2        0.99998219  -0.00000000
         1   -4   -1        -1    3    2        0.00000397   0.00000000
         1   -4   -1         1   -4   -1        0.99997893   0.00000000
         1   -3   -4         1   -4   -1       -0.00000153  -0.00000001
         1   -3   -4         1   -3   -4        0.99998219  -0.00000000
         1    1   -4         1   -3   -4       -0.00000202   0.00000000
         1    1   -4         1    1   -4        0.99997936  -0.00000000
         1    1    4         1    1   -4        0.00001052  -0.00000000
         1    1    4         1    1    4        0.99997889  -0.00000000
         1    4   -1         1    1    4        0.00000087   0.00000000
         1    4   -1         1    4   -1        0.99997933  -0.00000000
         1    4    3         1    4   -1       -0.00000202   0.00000001
         1    4    3         1    4    3        0.99998220  -0.00000000
         3   -2    1         1    4    3       -0.00000035   0.00000000
         3   -2    1         3   -2    1        0.99998090   0.00000000
         3    1    4         3   -2    1       -0.00000012  -0.00000000
         3    1    4         3    1    4        0.99998089  -0.00000000
         5    2    1         3    1    4        0.00000375  -0.00000001
         5    2    1         5    2    1        0.99997974   0.00000000
         5    3    2         5    2    1       -0.00000065   0.00000000
         5    3    2         5    3    2        0.99997980  -0.00000000
        -4   -5   -4         5    3    2        0.00000594   0.00000001
        -4   -5   -4        -4   -5   -4        0.99998144  -0.00000000
        -4   -1    0        -4   -5   -4        0.00000368   0.00000000
        -4   -1    0        -4   -1    0        0.99998144   0.00000000
        -2    0   -5        -4   -1    0        0.00000146   0.00000000
        -2    0   -5        -2    0   -5        0.99998359  -0.00000000
        -2    2   -3        -2    0   -5        0.00000581   0.00000001
        -2    2   -3        -2    2   -3        0.99998361  -0.00000000
         2    2   -3        -2    2   -3       -0.00000259   0.00000000
         2    2   -3         2    2   -3        0.99998362  -0.00000000
         2    4   -1         2    2   -3        0.00000579  -0.00000001
         2    4   -1         2    4   -1        0.99998359  -0.00000000
         4   -1    0         2    4   -1        0.00000146  -0.00000000
         4   -1    0         4   -1    0        0.99998145  -0.00000000
         4    3    4         4   -1    0        0.00000367  -0.00000000
         4    3    4         4    3    4        0.99998145  -0.00000000
        -4   -5   -3         4    3    4        0.00000235   0.00000000
        -4   -5   -3        -4   -5   -3        0.99998547   0.00000000
        -4   -2    0        -4   -5   -3        0.00000035   0.00000000
        -4   -2    0        -4   -2    0        0.99998548  -0.00000000
         0   -3   -5        -4   -2    0       -0.00000016  -0.00000000
         0   -3   -5         0   -3   -5        0.99998562   0.00000000
         0    4    2         0   -3   -5       -0.00000126   0.00000000
         0    4    2         0    4    2        0.99998562   0.00000000
         4   -1    1         0    4    2       -0.00000016   0.00000000
         4   -1    1         4   -1    1        0.99998549  -0.00000000
         4    2    4         4   -1    1        0.00000035  -0.00000000
         4    2    4         4    2    4        0.99998547   0.00000000
        -5   -4   -4         4    2    4        0.00000312  -0.00000001
        -5   -4   -4        -5   -4   -4        0.99998564  -0.00000000
        -5   -2   -4        -5   -4   -4       -0.00000140   0.00000001
        -5   -2   -4        -5   -2   -4        0.99998658  -0.00000000
        -5   -2   -2        -5   -2   -4       -0.00000145   0.00000001
        -5   -2   -2        -5   -2   -2        0.99998563   0.00000000
        -2   -5   -1        -5   -2   -2        0.00000147   0.00000000
        -2   -5   -1        -2   -5   -1        0.99999025  -0.00000000
        -2   -2   -6        -2   -5   -1        0.00000023   0.00000001
        -2   -2   -6        -2   -2   -6        0.99999023   0.00000000
        -2   -2    2        -2   -2   -6        0.00000157   0.00000000
        -2   -2    2        -2   -2    2        0.99999026   0.00000000
        -2    2    2        -2   -2    2       -0.00000110  -0.00000000
        -2    2    2        -2    2    2        0.99999079   0.00000000
        -2    3   -1        -2    2    2       -0.00000096  -0.00000001
        -2    3   -1        -2    3   -1        0.99999023   0.00000000
         2   -3   -3        -2    3   -1       -0.00000219   0.00000000
         2   -3   -3         2   -3   -3        0.99999079  -0.00000000
         2   -3    1         2   -3   -3       -0.00000110   0.00000000
         2   -3    1         2   -3    1        0.99999026   0.00000000
         2    0   -4         2   -3    1        0.00000022  -0.00000001
         2    0   -4         2    0   -4        0.99999023   0.00000000
         2    0    4         2    0   -4        0.00000157  -0.00000000
         2    0    4         2    0    4        0.99999025  -0.00000000
         2    4    4         2    0    4       -0.00000111  -0.00000000
         2    4    4         2    4    4        0.99999078   0.00000000
         2    5    1         2    4    4       -0.00000096   0.00000001
         2    5    1         2    5    1        0.99999023   0.00000000
         4   -1   -1         2    5    1       -0.00000045  -0.00000000
         4   -1   -1         4   -1   -1        0.99999041   0.00000000
         4    3   -1         4   -1   -1       -0.00000093  -0.00000000
         4    3   -1         4    3   -1        0.99999121   0.00000000
         4    4    0         4    3   -1        0.00000008   0.00000000
         4    4    0         4    4    0        0.99999120  -0.00000000
         4    4    4         4    4    0       -0.00000094  -0.00000000
         4    4    4         4    4    4        0.99999041  -0.00000000
        -5   -3   -5         4    4    4        0.00000399  -0.00000000
        -5   -3   -5        -5   -3   -5        0.99999137  -0.00000000
        -5   -1   -3        -5   -3   -5        0.00000304  -0.00000001
        -5   -1   -3        -5   -1   -3        0.99999134  -0.00000000
        -3   -4   -6        -5   -1   -3       -0.00000155  -0.00000000
        -3   -4   -6        -3   -4   -6        0.99999129   0.00000000
        -3   -4    0        -3   -4   -6        0.00000010  -0.00000000
        -3   -4    0        -3   -4    0        0.99999191  -0.00000000
        -3   -2   -6        -3   -4    0        0.00000118  -0.00000000
        -3   -2   -6        -3   -2   -6        0.99999158  -0.00000000
        -3    2   -2        -3   -2   -6        0.00000193   0.00000000
        -3    2   -2        -3    2   -2        0.99999158  -0.00000000
        -3    2    0        -3    2   -2       -0.00000095  -0.00000000
        -3    2    0        -3    2    0        0.99999130  -0.00000000
        -1   -5   -1        -3    2    0        0.00000026   0.00000000
        -1   -5   -1        -1   -5   -1        0.99999134  -0.00000000
        -1   -1    3        -1   -5   -1        0.00000183  -0.00000000
        -1   -1    3        -1   -1    3        0.99999136   0.00000000
         1   -4    0        -1   -1    3       -0.00000164  -0.00000000
         1   -4    0         1   -4    0        0.99999136  -0.00000000
         1    0    4         1   -4    0        0.00000183   0.00000000
         1    0    4         1    0    4        0.99999134  -0.00000000
         3   -1   -3         1    0    4        0.00000026   0.00000000
         3   -1   -3         3   -1   -3        0.99999129  -0.00000000
         3   -1    3         3   -1   -3        0.00000011   0.00000000
         3   -1    3         3   -1    3        0.99999191  -0.00000000
         3    1   -3         3   -1    3        0.00000118   0.00000000
         3    1   -3         3    1   -3        0.99999158  -0.00000000
         3    5    1         3    1   -3        0.00000193  -0.00000000
         3    5    1         3    5    1        0.99999157  -0.00000000
         3    5    3         3    5    1       -0.00000095   0.00000000
         3    5    3         3    5    3        0.99999128  -0.00000000
         5    2    0         3    5    3       -0.00000155   0.00000000
         5    2    0         5    2    0        0.99999134   0.00000000
        -5   -4   -2         5    2    0       -0.00000024  -0.00000000
        -5   -4   -2        -5   -4   -2        0.99999448   0.00000000
        -3   -5   -1        -5   -4   -2       -0.00000007   0.00000000
        -3   -5   -1        -3   -5   -1        0.99999460  -0.00000000
        -3   -3    1        -3   -5   -1        0.00000237  -0.00000000
        -3   -3    1        -3   -3    1        0.99999460   0.00000000
        -1   -2   -6        -3   -3    1        0.00000018  -0.00000000
        -1   -2   -6        -1   -2   -6        0.99999448   0.00000000
        -1    2   -4        -1   -2   -6       -0.00000023  -0.00000000
        -1    2   -4        -1    2   -4        0.99999453   0.00000000
        -1    4    0        -1    2   -4       -0.00000023   0.00000000
        -1    4    0        -1    4    0        0.99999448   0.00000000
         1   -1   -5        -1    4    0       -0.00000079   0.00000000
         1   -1   -5         1   -1   -5        0.99999448  -0.00000000
         1    3   -3         1   -1   -5       -0.00000023  -0.00000000
         1    3   -3         1    3   -3        0.99999453   0.00000000
         1    5    1         1    3   -3       -0.00000023   0.00000000
         1    5    1         1    5    1        0.99999448   0.00000000
         3   -2    2         1    5    1        0.00000018   0.00000000
         3   -2    2         3   -2    2        0.99999460   0.00000000
         3    0    4         3   -2    2        0.00000237   0.00000000
         3    0    4         3    0    4        0.99999460   0.00000000
         5    1    3         3    0    4       -0.00000007  -0.00000000
         5    1    3         5    1    3        0.99999448  -0.00000000
        -5   -5   -4         5    1    3        0.00000009  -0.00000000
        -5   -5   -4        -5   -5   -4        0.99999491  -0.00000000
        -5   -2   -5        -5   -5   -4       -0.00000078   0.00000000
        -5   -2   -5        -5   -2   -5        0.99999515  -0.00000000
        -5   -2   -1        -5   -2   -5       -0.00000040   0.00000000
        -5   -2   -1        -5   -2   -1        0.99999490   0.00000000
        -5   -1   -4        -5   -2   -1       -0.00000079  -0.00000000
        -5   -1   -4        -5   -1   -4        0.99999513   0.00000000
        -1   -4    1        -5   -1   -4        0.00000006  -0.00000000
        -1   -4    1        -1   -4    1        0.99999493  -0.00000000
        -1   -3   -6        -1   -4    1       -0.00000048  -0.00000000
        -1   -3   -6        -1   -3   -6        0.99999512   0.00000000
        -1   -3    2        -1   -3   -6        0.00000001  -0.00000000
        -1   -3    2        -1   -3    2        0.99999493   0.00000000
        -1    4    1        -1   -3    2       -0.00000048   0.00000000
        -1    4    1        -1    4    1        0.99999512   0.00000000
         1   -3    2        -1    4    1       -0.00000013  -0.00000000
         1   -3    2         1   -3    2        0.99999493   0.00000000
         1   -2   -5         1   -3    2       -0.00000048   0.00000000
         1   -2   -5         1   -2   -5        0.99999512  -0.00000000
         1   -2    3         1   -2   -5        0.00000000  -0.00000000
         1   -2    3         1   -2    3        0.99999493  -0.00000000
         1    5    2         1   -2    3       -0.00000048  -0.00000000
         1    5    2         1    5    2        0.99999512  -0.00000000
         5    0    1         1    5    2       -0.00000007   0.00000000
         5    0    1         5    0    1        0.99999490   0.00000000
         5    3    0         5    0    1       -0.00000079  -0.00000000
         5    3    0         5    3    0        0.99999513  -0.00000000
         5    3    4         5    3    0       -0.00000040  -0.00000000
         5    3    4         5    3    4        0.99999491  -0.00000000
         5    4    1         5    3    4       -0.00000078   0.00000000
         5    4    1         5    4    1        0.99999515  -0.00000000
        -2   -1   -6         5    4    1       -0.00000017   0.00000000
        -2   -1   -6        -2   -1   -6        0.99999551  -0.00000000
        -2    3   -2        -2   -1   -6        0.00000091   0.00000000
        -2    3   -2        -2    3   -2        0.99999551   0.00000000
         0   -4   -5        -2    3   -2       -0.00000059   0.00000000
         0   -4   -5         0   -4   -5        0.99999578  -0.00000000
         0   -4    1         0   -4   -5        0.00000017  -0.00000000
         0   -4    1         0   -4    1        0.99999540  -0.00000000


     q= 0.0000 0.5000 0.5000  nmtx=     588  nrk= 13

           independent matrix elements of chi       spin index= 1 1

          g          g**2          gp          gp**2          chi(g,gp)
    0   -1   -1   0.37494         0   -1   -1   0.37494       -0.0330222497   0.0000000000
    0    0    0   0.37494         0   -1   -1   0.37494        0.0000000000   0.0000000000
    0    0    0   0.37494         0    0    0   0.37494       -0.0330222497   0.0000000000
    0    0    0   0.37494        -1   -1   -1   0.74988        0.0033474122   0.0000000000
    0    0    0   0.37494         0   -1    0   0.74988       -0.0033474109  -0.0000000000
    0    0    0   0.37494         0    0   -1   0.74988       -0.0033474109  -0.0000000000
    0    0    0   0.37494         1    0    0   0.74988       -0.0033474122  -0.0000000000
    0    0    0   0.37494        -1   -2   -1   1.87470       -0.0000015564  -0.0000001481
    0    0    0   0.37494        -1   -1   -2   1.87470       -0.0000017254   0.0000001481
    0    0    0   0.37494        -1   -1    0   1.87470        0.0000000217   0.0000001410
    0    0    0   0.37494        -1    0   -1   1.87470       -0.0000000300  -0.0000001410
    0    0    0   0.37494         1   -1    0   1.87470        0.0000017254  -0.0000001481
    0    0    0   0.37494         1    0   -1   1.87470        0.0000015564   0.0000001481
    0    0    0   0.37494         1    0    1   1.87470        0.0000000300   0.0000001410
    0    0    0   0.37494         1    1    0   1.87470       -0.0000000217  -0.0000001410
    0    0    0   0.37494        -1   -2   -2   2.24964        0.0019492712  -0.0000000000
    0    0    0   0.37494        -1    0    0   2.24964       -0.0078510349   0.0000000000
    0    0    0   0.37494         0   -2   -1   2.24964        0.0019492868  -0.0000000000
    0    0    0   0.37494         0   -1   -2   2.24964        0.0019492868  -0.0000000000
    0    0    0   0.37494         0    0    1   2.24964       -0.0078510178  -0.0000000000
    0    0    0   0.37494         0    1    0   2.24964       -0.0078510178  -0.0000000000
    0    0    0   0.37494         1   -1   -1   2.24964       -0.0019492712   0.0000000000
    0    0    0   0.37494         1    1    1   2.24964        0.0078510349   0.0000000000
    0    0    0   0.37494        -2   -2   -2   3.37446        0.0021781823  -0.0000000000
    0    0    0   0.37494        -2   -1   -1   3.37446       -0.0008126711  -0.0000000000
    0    0    0   0.37494         0   -2   -2   3.37446        0.0009646659  -0.0000000000
    0    0    0   0.37494         0   -2    0   3.37446        0.0021781891  -0.0000000000
    0    0    0   0.37494         0   -1    1   3.37446        0.0008126752   0.0000000000
    0    0    0   0.37494         0    0   -2   3.37446        0.0021781891  -0.0000000000
    0    0    0   0.37494         0    1   -1   3.37446        0.0008126752   0.0000000000
    0    0    0   0.37494         0    1    1   3.37446        0.0000000180   0.0000000000
    0    0    0   0.37494         2    0    0   3.37446        0.0021781823  -0.0000000000
    0    0    0   0.37494         2    1    1   3.37446       -0.0008126711   0.0000000000
    0    0    0   0.37494        -2   -3   -3   6.37399        0.0007811920  -0.0000000000
    0    0    0   0.37494        -2   -3   -1   6.37399       -0.0000003065   0.0000000220
    0    0    0   0.37494        -2   -2    0   6.37399       -0.0016267317  -0.0000000952
    0    0    0   0.37494        -2   -1   -3   6.37399        0.0000003106  -0.0000000220
    0    0    0   0.37494        -2    0   -2   6.37399       -0.0016264321   0.0000000952
    0    0    0   0.37494        -2    0    0   6.37399       -0.0019636306  -0.0000000000
    0    0    0   0.37494         0   -3   -1   6.37399       -0.0007811782   0.0000000000
    0    0    0   0.37494         0   -1   -3   6.37399       -0.0007811782   0.0000000000
    0    0    0   0.37494         0    0    2   6.37399       -0.0019636312  -0.0000000000
    0    0    0   0.37494         0    2    0   6.37399       -0.0019636312  -0.0000000000
    0    0    0   0.37494         2   -1   -1   6.37399        0.0007811920  -0.0000000000
    0    0    0   0.37494         2   -1    1   6.37399        0.0000003106  -0.0000000220
    0    0    0   0.37494         2    0    2   6.37399       -0.0016264321   0.0000000952
    0    0    0   0.37494         2    1   -1   6.37399       -0.0000003065   0.0000000220
    0    0    0   0.37494         2    2    0   6.37399       -0.0016267317  -0.0000000952
    0    0    0   0.37494         2    2    2   6.37399       -0.0019636306  -0.0000000000
    0    0    0   0.37494        -3   -2   -2   6.74893        0.0012502322  -0.0000000000
    0    0    0   0.37494        -1   -3   -3   6.74893        0.0003287911   0.0000000000
    0    0    0   0.37494        -1    1    1   6.74893        0.0010332219   0.0000000000
    0    0    0   0.37494         0   -3   -2   6.74893       -0.0003287915  -0.0000000000
    0    0    0   0.37494         0   -2   -3   6.74893       -0.0003287915  -0.0000000000
    0    0    0   0.37494         0   -2    1   6.74893        0.0012502337   0.0000000000
    0    0    0   0.37494         0    1   -2   6.74893        0.0012502337  -0.0000000000
    0    0    0   0.37494         0    1    2   6.74893       -0.0010332148   0.0000000000
    0    0    0   0.37494         0    2    1   6.74893       -0.0010332148   0.0000000000
    0    0    0   0.37494         1   -2   -2   6.74893       -0.0003287911  -0.0000000000
    0    0    0   0.37494         1    2    2   6.74893       -0.0010332219   0.0000000000
    0    0    0   0.37494         3    1    1   6.74893       -0.0012502322   0.0000000000
    0    0    0   0.37494        -3   -3   -2   7.87375        0.0009027118  -0.0000000977
    0    0    0   0.37494        -3   -2   -3   7.87375        0.0009024830   0.0000000977
    0    0    0   0.37494        -3   -2   -1   7.87375        0.0004178524   0.0000000490
    0    0    0   0.37494        -3   -1   -2   7.87375        0.0004179391  -0.0000000490
    0    0    0   0.37494        -2   -4   -3   9.74845        0.0001783671   0.0000000358
    0    0    0   0.37494        -2   -3   -4   9.74845        0.0001783515  -0.0000000358
    0    0    0   0.37494        -2   -3    0   9.74845       -0.0004876370   0.0000000262
    0    0    0   0.37494        -2    0   -3   9.74845       -0.0004873687  -0.0000000262
    0    0    0   0.37494        -2    0    1   9.74845        0.0000650517  -0.0000000374
    0    0    0   0.37494        -2    1    0   9.74845        0.0000652819   0.0000000374
    0    0    0   0.37494        -1   -4   -2   9.74845        0.0001783395  -0.0000000813
    0    0    0   0.37494        -1   -2   -4   9.74845        0.0001783721   0.0000000813
    0    0    0   0.37494        -1    0    2   9.74845        0.0000651366   0.0000000399
    0    0    0   0.37494        -1    2    0   9.74845        0.0000651974  -0.0000000399
    0    0    0   0.37494         1   -3   -1   9.74845       -0.0001783721  -0.0000000813
    0    0    0   0.37494         1   -1   -3   9.74845       -0.0001783395   0.0000000813
    0    0    0   0.37494         1    1    3   9.74845       -0.0000651974   0.0000000399
    0    0    0   0.37494         1    3    1   9.74845       -0.0000651366  -0.0000000399
    0    0    0   0.37494         2   -2   -1   9.74845        0.0001783515  -0.0000000358
    0    0    0   0.37494         2   -1   -2   9.74845        0.0001783671   0.0000000358
    0    0    0   0.37494         2   -1    2   9.74845       -0.0004873687  -0.0000000262
    0    0    0   0.37494         2    2   -1   9.74845       -0.0004876370   0.0000000262
    0    0    0   0.37494         2    2    3   9.74845        0.0000652819   0.0000000374
    0    0    0   0.37494         2    3    2   9.74845        0.0000650517  -0.0000000374
    0    0    0   0.37494         3    0    2   9.74845       -0.0004874970   0.0000000074
    0    0    0   0.37494         3    2    0   9.74845       -0.0004875098  -0.0000000074
    0    0    0   0.37494        -3   -4   -3  10.87327       -0.0001193947   0.0000000436
    0    0    0   0.37494        -3   -3   -4  10.87327       -0.0001195313  -0.0000000436
    0    0    0   0.37494        -3   -1    0  10.87327       -0.0004789870  -0.0000000174
    0    0    0   0.37494        -3    0   -1  10.87327       -0.0004790859   0.0000000174
    0    0    0   0.37494        -1   -4   -3  10.87327        0.0001453128  -0.0000000112
    0    0    0   0.37494        -1   -4   -1  10.87327       -0.0001195302  -0.0000000277
    0    0    0   0.37494        -1   -3   -4  10.87327        0.0001453233   0.0000000112
    0    0    0   0.37494        -1   -1   -4  10.87327       -0.0001193925   0.0000000277
    0    0    0   0.37494        -1   -1    2  10.87327        0.0004790058  -0.0000000040
    0    0    0   0.37494        -1    1    2  10.87327        0.0000000232   0.0000000192
    0    0    0   0.37494        -2   -4   -4  12.37304       -0.0000591821   0.0000000000
    0    0    0   0.37494        -2    1    1  12.37304        0.0003444690  -0.0000000000
    0    0    0   0.37494         0   -4   -2  12.37304       -0.0000591829   0.0000000000
    0    0    0   0.37494         0   -3    1  12.37304       -0.0000061822   0.0000000000
    0    0    0   0.37494         0   -2   -4  12.37304       -0.0000591829  -0.0000000000
    0    0    0   0.37494         0   -2    2  12.37304        0.0002541385  -0.0000000000
    0    0    0   0.37494         0    1   -3  12.37304       -0.0000061822   0.0000000000
    0    0    0   0.37494         0    1    3  12.37304       -0.0003444695   0.0000000000
    0    0    0   0.37494         0    2   -2  12.37304        0.0002541385   0.0000000000
    0    0    0   0.37494         0    3    1  12.37304       -0.0003444695   0.0000000000
    0    0    0   0.37494         2   -2   -2  12.37304       -0.0000591821  -0.0000000000
    0    0    0   0.37494         2    3    3  12.37304        0.0003444690   0.0000000000
    0    0    0   0.37494         4    1    1  12.37304        0.0000061817   0.0000000000
    0    0    0   0.37494         4    2    2  12.37304        0.0002541368  -0.0000000000
    0    0    0   0.37494        -4   -3   -2  12.74798        0.0001735073  -0.0000000084
    0    0    0   0.37494        -4   -2   -3  12.74798        0.0001734601   0.0000000084
    0    0    0   0.37494        -3   -4   -4  12.74798       -0.0001587602   0.0000000000
    0    0    0   0.37494        -3    0    0  12.74798       -0.0004682194   0.0000000000
    0    0    0   0.37494        -1   -3    1  12.74798       -0.0001735171  -0.0000000336
    0    0    0   0.37494        -1    1   -3  12.74798       -0.0001734495   0.0000000336
    0    0    0   0.37494         0   -4   -1  12.74798       -0.0001587567   0.0000000000
    0    0    0   0.37494         0   -1   -4  12.74798       -0.0001587567  -0.0000000000
    0    0    0   0.37494         0    0    3  12.74798       -0.0004682219   0.0000000000
    0    0    0   0.37494         0    3    0  12.74798       -0.0004682219   0.0000000000
    0    0    0   0.37494         1   -2    2  12.74798        0.0001734495  -0.0000000336
    0    0    0   0.37494         1    2   -2  12.74798        0.0001735171   0.0000000336
    0    0    0   0.37494         3   -1   -1  12.74798        0.0001587602  -0.0000000000
    0    0    0   0.37494         3    3    3  12.74798        0.0004682194  -0.0000000000
    0    0    0   0.37494         4    1    2  12.74798        0.0001734601   0.0000000084
    0    0    0   0.37494         4    2    1  12.74798        0.0001735073  -0.0000000084
    0    0    0   0.37494        -3   -4   -1  13.87280        0.0001551201  -0.0000000100
    0    0    0   0.37494        -3   -3    0  13.87280        0.0000000003   0.0000000222
    0    0    0   0.37494        -4   -3   -1  15.37256        0.0001095919   0.0000000074
    0    0    0   0.37494        -4   -2   -4  15.37256        0.0000396426  -0.0000000126
    0    0    0   0.37494        -4   -1   -3  15.37256        0.0001096047  -0.0000000074
    0    0    0   0.37494        -4   -1   -1  15.37256        0.0001147564  -0.0000000000
    0    0    0   0.37494        -2   -5   -3  15.37256        0.0000000191   0.0000000194
    0    0    0   0.37494        -2   -4    0  15.37256        0.0000396583  -0.0000000003
    0    0    0   0.37494        -2   -3   -5  15.37256       -0.0000000190  -0.0000000194
    0    0    0   0.37494        -2   -3    1  15.37256       -0.0001096287  -0.0000000084
    0    0    0   0.37494        -2    0   -4  15.37256        0.0000396817   0.0000000003
    0    0    0   0.37494        -2    0    2  15.37256        0.0001416095   0.0000000031
    0    0    0   0.37494        -2    1   -3  15.37256       -0.0001095689   0.0000000084
    0    0    0   0.37494        -2    2    0  15.37256        0.0001416801  -0.0000000031
    0    0    0   0.37494         0   -4    0  15.37256       -0.0000445089  -0.0000000000
    0    0    0   0.37494         0   -1    3  15.37256       -0.0001147577   0.0000000000
    0    0    0   0.37494         0    0   -4  15.37256       -0.0000445089  -0.0000000000
    0    0    0   0.37494         0    3   -1  15.37256       -0.0001147577   0.0000000000
    0    0    0   0.37494         2   -3   -1  15.37256       -0.0000000190  -0.0000000194
    0    0    0   0.37494         2   -2    2  15.37256        0.0000396817   0.0000000003
    0    0    0   0.37494         2   -1   -3  15.37256        0.0000000191   0.0000000194
    0    0    0   0.37494         2   -1    3  15.37256       -0.0001095689   0.0000000084
    0    0    0   0.37494         2    2   -2  15.37256        0.0000396583  -0.0000000003
    0    0    0   0.37494         2    2    4  15.37256        0.0001416801  -0.0000000031
    0    0    0   0.37494         2    3   -1  15.37256       -0.0001096287  -0.0000000084
    0    0    0   0.37494         2    4    2  15.37256        0.0001416095   0.0000000031
    0    0    0   0.37494         4    0    0  15.37256       -0.0000445111   0.0000000000
    0    0    0   0.37494         4    0    2  15.37256        0.0000396426  -0.0000000126
    0    0    0   0.37494         4    1    3  15.37256        0.0001096047  -0.0000000074
    0    0    0   0.37494         4    2    0  15.37256        0.0000396958   0.0000000126
    0    0    0   0.37494         4    3    1  15.37256        0.0001095919   0.0000000074
    0    0    0   0.37494         4    3    3  15.37256        0.0001147564  -0.0000000000
    0    0    0   0.37494        -3   -5   -3  15.74750       -0.0000383542   0.0000000277
    0    0    0   0.37494        -3   -3   -5  15.74750       -0.0000383997  -0.0000000277
    0    0    0   0.37494         3   -1   -2  16.87232       -0.0000019106  -0.0000000071
    0    0    0   0.37494         3    1   -2  16.87232       -0.0000000283  -0.0000000164
    0    0    0   0.37494         3    1    4  16.87232        0.0000955217  -0.0000000137
    0    0    0   0.37494         3    3    4  16.87232        0.0001269717  -0.0000000117
    0    0    0   0.37494         3    4    1  16.87232        0.0000954996   0.0000000137
    0    0    0   0.37494         3    4    3  16.87232        0.0001269936   0.0000000117
    0    0    0   0.37494        -2   -5   -4  17.24726        0.0000104359   0.0000000065
    0    0    0   0.37494        -2   -4   -5  17.24726        0.0000104248  -0.0000000065
    0    0    0   0.37494        -2    1    2  17.24726        0.0001257960   0.0000000077
    0    0    0   0.37494        -2    2    1  17.24726        0.0001258070  -0.0000000077
    0    0    0   0.37494        -1   -5   -3  17.24726       -0.0000104275   0.0000000002
    0    0    0   0.37494        -1   -3   -5  17.24726       -0.0000104336  -0.0000000002
    0    0    0   0.37494        -1    1    3  17.24726       -0.0001257898   0.0000000070
    0    0    0   0.37494        -1    3    1  17.24726       -0.0001258131  -0.0000000070
    0    0    0   0.37494         1   -4   -2  17.24726        0.0000104336   0.0000000002
    0    0    0   0.37494         1   -2   -4  17.24726        0.0000104275  -0.0000000002
    0    0    0   0.37494         1    2    4  17.24726        0.0001258131   0.0000000070
    0    0    0   0.37494         1    4    2  17.24726        0.0001257898  -0.0000000070
    0    0    0   0.37494         2   -3   -2  17.24726        0.0000104248  -0.0000000065
    0    0    0   0.37494         2   -2   -3  17.24726        0.0000104359   0.0000000065
    0    0    0   0.37494         2    3    4  17.24726        0.0001258070  -0.0000000077
    0    0    0   0.37494         2    4    3  17.24726        0.0001257960   0.0000000077
    0    0    0   0.37494        -4   -5   -3  18.37208        0.0000108422   0.0000000105
    0    0    0   0.37494        -4   -3   -5  18.37208        0.0000108457  -0.0000000105
    0    0    0   0.37494        -4   -2    0  18.37208        0.0000174692   0.0000000098
    0    0    0   0.37494        -4    0   -2  18.37208        0.0000174536  -0.0000000098
    0    0    0   0.37494        -2   -5   -1  18.37208       -0.0000108272  -0.0000000101
    0    0    0   0.37494        -2   -2    2  18.37208        0.0000174454  -0.0000000238
    0    0    0   0.37494        -2   -1   -5  18.37208       -0.0000108623   0.0000000101
    0    0    0   0.37494        -2    2   -2  18.37208        0.0000174794   0.0000000238
    0    0    0   0.37494         0   -4   -4  18.37208       -0.0000587262  -0.0000000000
    0    0    0   0.37494         0    3    3  18.37208       -0.0000000004  -0.0000000000
    0    0    0   0.37494         4    3    0  18.74702        0.0000179618   0.0000000067
    0    0    0   0.37494         4    3    4  18.74702        0.0000202610   0.0000000011
    0    0    0   0.37494         4    4    3  18.74702        0.0000202884  -0.0000000011
    0    0    0   0.37494         5    2    2  18.74702       -0.0000489275  -0.0000000000
    0    0    0   0.37494        -5   -4   -3  19.87185        0.0000234752   0.0000000018
    0    0    0   0.37494        -5   -3   -4  19.87185        0.0000234675  -0.0000000018
    0    0    0   0.37494        -5   -3   -2  19.87185        0.0000415099   0.0000000010
    0    0    0   0.37494        -5   -2   -3  19.87185        0.0000415069  -0.0000000010
    0    0    0   0.37494        -1   -5   -4  19.87185        0.0000000016   0.0000000003
    0    0    0   0.37494        -1   -4   -5  19.87185       -0.0000000013  -0.0000000003
    0    0    0   0.37494        -1   -4    1  19.87185        0.0000234562   0.0000000011
    0    0    0   0.37494        -1   -3    2  19.87185       -0.0000415158  -0.0000000072
    0    0    0   0.37494        -1    1   -4  19.87185        0.0000234873  -0.0000000011
    0    0    0   0.37494        -1    2   -3  19.87185       -0.0000415002   0.0000000072
    0    0    0   0.37494        -1    2    3  19.87185       -0.0000970344  -0.0000000003
    0    0    0   0.37494        -1    3    2  19.87185       -0.0000970419   0.0000000003
    0    0    0   0.37494         1   -4   -3  19.87185        0.0000000013   0.0000000003
    0    0    0   0.37494         1   -3   -4  19.87185       -0.0000000016  -0.0000000003
    0    0    0   0.37494         1   -3    2  19.87185       -0.0000234873   0.0000000011
    0    0    0   0.37494         1   -2    3  19.87185        0.0000415002  -0.0000000072
    0    0    0   0.37494         1    2   -3  19.87185       -0.0000234562  -0.0000000011
    0    0    0   0.37494         1    3   -2  19.87185        0.0000415158   0.0000000072
    0    0    0   0.37494         1    3    4  19.87185        0.0000970419  -0.0000000003
    0    0    0   0.37494         1    4    3  19.87185        0.0000970344   0.0000000003
    0    0    0   0.37494         5    1    2  19.87185       -0.0000234675   0.0000000018
    0    0    0   0.37494         5    2    1  19.87185       -0.0000234752  -0.0000000018
    0    0    0   0.37494         5    2    3  19.87185       -0.0000415069   0.0000000010
    0    0    0   0.37494         5    3    2  19.87185       -0.0000415099  -0.0000000010
    0    0    0   0.37494        -5   -4   -4  20.24679       -0.0000112987  -0.0000000000
    0    0    0   0.37494        -5   -2   -2  20.24679        0.0000059395   0.0000000000
    0    0    0   0.37494        -4   -5   -2  20.24679        0.0000287235   0.0000000137
    0    0    0   0.37494        -4   -3    0  20.24679        0.0000047712   0.0000000083
    0    0    0   0.37494         0   -5   -3  21.37161       -0.0000561668  -0.0000000000
    0    0    0   0.37494         0   -5   -1  21.37161       -0.0000078682  -0.0000000000
    0    0    0   0.37494         0   -3   -5  21.37161       -0.0000561668  -0.0000000000
    0    0    0   0.37494         0   -1   -5  21.37161       -0.0000078682  -0.0000000000
    0    0    0   0.37494         0    0    4  21.37161       -0.0000213578   0.0000000000
    0    0    0   0.37494         0    2    4  21.37161        0.0000399435  -0.0000000000
    0    0    0   0.37494         0    4    0  21.37161       -0.0000213578   0.0000000000
    0    0    0   0.37494         0    4    2  21.37161        0.0000399435  -0.0000000000
    0    0    0   0.37494         2   -3   -3  21.37161        0.0000561665   0.0000000000
    0    0    0   0.37494         2    4    4  21.37161        0.0000399437   0.0000000000
    0    0    0   0.37494         4   -1   -1  21.37161        0.0000078688   0.0000000000
    0    0    0   0.37494         4    4    4  21.37161       -0.0000213570   0.0000000000
    0    0    0   0.37494        -5   -4   -2  21.74655        0.0000462084   0.0000000028
    0    0    0   0.37494        -5   -2   -4  21.74655        0.0000461921  -0.0000000028
    0    0    0   0.37494        -2   -4    1  21.74655        0.0000461959   0.0000000008
    0    0    0   0.37494        -2    1   -4  21.74655        0.0000462046  -0.0000000008
    0    0    0   0.37494         2   -2    3  21.74655        0.0000462046  -0.0000000008
    0    0    0   0.37494         2    3   -2  21.74655        0.0000461959   0.0000000008
    0    0    0   0.37494         5    1    3  21.74655       -0.0000461921   0.0000000028
    0    0    0   0.37494         5    3    1  21.74655       -0.0000462084  -0.0000000028
    0    0    0   0.37494        -5   -5   -4  22.87137       -0.0000263749  -0.0000000041
    0    0    0   0.37494        -5   -4   -5  22.87137       -0.0000263583   0.0000000041
    0    0    0   0.37494        -5   -2   -1  22.87137       -0.0000119781   0.0000000031
    0    0    0   0.37494        -5   -1   -2  22.87137       -0.0000119586  -0.0000000031
    0    0    0   0.37494        -3   -6   -3  22.87137        0.0000425922   0.0000000063
    0    0    0   0.37494        -3   -3   -6  22.87137        0.0000425956  -0.0000000063
    0    0    0   0.37494        -3   -1    2  22.87137       -0.0000000080  -0.0000000138
    0    0    0   0.37494        -3    2   -1  22.87137        0.0000000086   0.0000000138
    0    0    0   0.37494        -1   -5    0  22.87137        0.0000263661  -0.0000000031
    0    0    0   0.37494        -1   -2    3  22.87137       -0.0000119654  -0.0000000001
    0    0    0   0.37494        -1    0   -5  22.87137        0.0000263683   0.0000000031
    0    0    0   0.37494        -1    3   -2  22.87137       -0.0000119699   0.0000000001
    0    0    0   0.37494         2    2   -3  23.24631       -0.0000069655  -0.0000000074
    0    0    0   0.37494         2    2    5  23.24631       -0.0000013115  -0.0000000097
    0    0    0   0.37494         2    4   -1  23.24631        0.0000007944  -0.0000000034
    0    0    0   0.37494         2    5    2  23.24631       -0.0000013181   0.0000000097
    0    0    0   0.37494         3   -3   -1  23.24631       -0.0000364509   0.0000000028
    0    0    0   0.37494         3   -1   -3  23.24631       -0.0000364372  -0.0000000028
    0    0    0   0.37494         3    3    5  23.24631        0.0000013037  -0.0000000051
    0    0    0   0.37494         3    5    3  23.24631        0.0000013256   0.0000000051
    0    0    0   0.37494         5    0    2  23.24631       -0.0000069795  -0.0000000042
    0    0    0   0.37494         5    2    0  23.24631       -0.0000069758   0.0000000042
    0    0    0   0.37494         5    2    4  23.24631        0.0000007950   0.0000000044
    0    0    0   0.37494         5    4    2  23.24631        0.0000008217  -0.0000000044
    0    0    0   0.37494        -4   -6   -4  24.37113        0.0000023946  -0.0000000017
    0    0    0   0.37494        -4   -5   -1  24.37113       -0.0000000057   0.0000000083
    0    0    0   0.37494        -4   -4   -6  24.37113        0.0000024145   0.0000000017
    0    0    0   0.37494        -4   -4    0  24.37113       -0.0000196678   0.0000000020
    0    0    0   0.37494        -4   -1   -5  24.37113        0.0000000054  -0.0000000083
    0    0    0   0.37494        -4   -1    1  24.37113       -0.0000059081  -0.0000000049
    0    0    0   0.37494        -4    0   -4  24.37113       -0.0000196668  -0.0000000020
    0    0    0   0.37494        -4    1   -1  24.37113       -0.0000059339   0.0000000049
    0    0    0   0.37494        -2   -6   -4  24.37113        0.0000484936   0.0000000024
    0    0    0   0.37494        -2   -6   -2  24.37113        0.0000024115   0.0000000021
    0    0    0   0.37494        -2   -4   -6  24.37113        0.0000484945  -0.0000000024
    0    0    0   0.37494        -2   -2   -6  24.37113        0.0000023968  -0.0000000021
    0    0    0   0.37494        -2   -1    3  24.37113        0.0000059185   0.0000000014
    0    0    0   0.37494        -2    1    3  24.37113        0.0000000014   0.0000000082
    0    0    0   0.37494        -2    3   -1  24.37113        0.0000059241  -0.0000000014
    0    0    0   0.37494        -2    3    1  24.37113       -0.0000000015  -0.0000000082
    0    0    0   0.37494         2   -4   -2  24.37113        0.0000484945  -0.0000000024
    0    0    0   0.37494         2   -4    0  24.37113        0.0000023968  -0.0000000021
    0    0    0   0.37494         2   -2   -4  24.37113        0.0000484936   0.0000000024
    0    0    0   0.37494         2    0   -4  24.37113        0.0000024115   0.0000000021
    0    0    0   0.37494         1   -4   -4  24.74607       -0.0000362445  -0.0000000000
    0    0    0   0.37494         1    4    4  24.74607        0.0000454345   0.0000000000
    0    0    0   0.37494         3   -3    1  24.74607       -0.0000284854   0.0000000076
    0    0    0   0.37494         3    1   -3  24.74607       -0.0000284868  -0.0000000076
    0    0    0   0.37494         3    1    5  24.74607       -0.0000042265  -0.0000000086
    0    0    0   0.37494         3    5    1  24.74607       -0.0000042159   0.0000000086
    0    0    0   0.37494         4   -2    1  24.74607        0.0000284928   0.0000000003
    0    0    0   0.37494         4    1   -2  24.74607        0.0000284797  -0.0000000003
    0    0    0   0.37494         4    2    5  24.74607        0.0000042071  -0.0000000007
    0    0    0   0.37494         4    5    2  24.74607        0.0000042349   0.0000000007
    0    0    0   0.37494         5    0    0  24.74607        0.0000404223  -0.0000000000
    0    0    0   0.37494         5    4    4  24.74607       -0.0000092257   0.0000000000
   -1   -1   -1   0.74988        -1   -1   -1   0.74988       -0.0359498672   0.0000000000
    0   -1    0   0.74988         0   -1    0   0.74988       -0.0359498672   0.0000000000
    0    0   -1   0.74988         0    0   -1   0.74988       -0.0359498672   0.0000000000
    1    0    0   0.74988         1    0    0   0.74988       -0.0359498672   0.0000000000
   -1   -2   -1   1.87470        -1   -2   -1   1.87470       -0.0321066836  -0.0000000000
   -1   -1   -2   1.87470        -1   -1   -2   1.87470       -0.0321102971   0.0000000000
   -1   -1    0   1.87470        -1   -1    0   1.87470       -0.0321066836  -0.0000000000
   -1    0   -1   1.87470        -1    0   -1   1.87470       -0.0321102971   0.0000000000
    1   -1    0   1.87470         1   -1    0   1.87470       -0.0321102971   0.0000000000
    1    0   -1   1.87470         1    0   -1   1.87470       -0.0321066836  -0.0000000000
    1    0    1   1.87470         1    0    1   1.87470       -0.0321102971   0.0000000000
    1    1    0   1.87470         1    1    0   1.87470       -0.0321066836  -0.0000000000
   -1   -2   -2   2.24964        -1   -2   -2   2.24964       -0.0287330331   0.0000000000
   -1    0    0   2.24964        -1    0    0   2.24964       -0.0287331292  -0.0000000000
    0   -2   -1   2.24964         0   -2   -1   2.24964       -0.0287331292  -0.0000000000
    0   -1   -2   2.24964         0   -1   -2   2.24964       -0.0287331292  -0.0000000000
    0    0    1   2.24964         0    0    1   2.24964       -0.0287330331   0.0000000000
    0    1    0   2.24964         0    1    0   2.24964       -0.0287330331  -0.0000000000
    1   -1   -1   2.24964         1   -1   -1   2.24964       -0.0287330331  -0.0000000000
    1    1    1   2.24964         1    1    1   2.24964       -0.0287331292   0.0000000000
   -2   -2   -2   3.37446        -2   -2   -2   3.37446       -0.0205165687  -0.0000000000
   -2   -1   -1   3.37446        -2   -1   -1   3.37446       -0.0205165684   0.0000000000
    0   -2   -2   3.37446         0   -2   -2   3.37446       -0.0190263544   0.0000000000
    0   -2    0   3.37446         0   -2    0   3.37446       -0.0205165684   0.0000000000
    0   -1    1   3.37446         0   -1    1   3.37446       -0.0205165687   0.0000000000
    0    0   -2   3.37446         0    0   -2   3.37446       -0.0205165684   0.0000000000
    0    1   -1   3.37446         0    1   -1   3.37446       -0.0205165687   0.0000000000
    0    1    1   3.37446         0    1    1   3.37446       -0.0190263544   0.0000000000
    2    0    0   3.37446         2    0    0   3.37446       -0.0205165687   0.0000000000
    2    1    1   3.37446         2    1    1   3.37446       -0.0205165684  -0.0000000000
   -2   -3   -3   6.37399        -2   -3   -3   6.37399       -0.0035680434   0.0000000000
   -2   -3   -1   6.37399        -2   -3   -1   6.37399       -0.0035588381  -0.0000000000
   -2   -2    0   6.37399        -2   -2    0   6.37399       -0.0035588381  -0.0000000000
   -2   -1   -3   6.37399        -2   -1   -3   6.37399       -0.0035591887   0.0000000000
   -2    0   -2   6.37399        -2    0   -2   6.37399       -0.0035591887  -0.0000000000
   -2    0    0   6.37399        -2    0    0   6.37399       -0.0035680332   0.0000000000
    0   -3   -1   6.37399         0   -3   -1   6.37399       -0.0035680332  -0.0000000000
    0   -1   -3   6.37399         0   -1   -3   6.37399       -0.0035680332  -0.0000000000
    0    0    2   6.37399         0    0    2   6.37399       -0.0035680434  -0.0000000000
    0    2    0   6.37399         0    2    0   6.37399       -0.0035680434  -0.0000000000
    2   -1   -1   6.37399         2   -1   -1   6.37399       -0.0035680434   0.0000000000
    2   -1    1   6.37399         2   -1    1   6.37399       -0.0035591887  -0.0000000000
    2    0    2   6.37399         2    0    2   6.37399       -0.0035591887   0.0000000000
    2    1   -1   6.37399         2    1   -1   6.37399       -0.0035588381   0.0000000000
    2    2    0   6.37399         2    2    0   6.37399       -0.0035588381  -0.0000000000
    2    2    2   6.37399         2    2    2   6.37399       -0.0035680332  -0.0000000000
   -3   -2   -2   6.74893        -3   -2   -2   6.74893       -0.0028935967  -0.0000000000
   -1   -3   -3   6.74893        -1   -3   -3   6.74893       -0.0028113335   0.0000000000
   -1    1    1   6.74893        -1    1    1   6.74893       -0.0028113137   0.0000000000
    0   -3   -2   6.74893         0   -3   -2   6.74893       -0.0028113137   0.0000000000
    0   -2   -3   6.74893         0   -2   -3   6.74893       -0.0028113137   0.0000000000
    0   -2    1   6.74893         0   -2    1   6.74893       -0.0028935967   0.0000000000
    0    1   -2   6.74893         0    1   -2   6.74893       -0.0028935967   0.0000000000
    0    1    2   6.74893         0    1    2   6.74893       -0.0028113335  -0.0000000000
    0    2    1   6.74893         0    2    1   6.74893       -0.0028113335  -0.0000000000
    1   -2   -2   6.74893         1   -2   -2   6.74893       -0.0028113335  -0.0000000000
    1    2    2   6.74893         1    2    2   6.74893       -0.0028113137  -0.0000000000
    3    1    1   6.74893         3    1    1   6.74893       -0.0028935967   0.0000000000
   -3   -3   -2   7.87375        -3   -3   -2   7.87375       -0.0013773992  -0.0000000000
   -3   -2   -3   7.87375        -3   -2   -3   7.87375       -0.0013738133  -0.0000000000
   -3   -2   -1   7.87375        -3   -2   -1   7.87375       -0.0013716267   0.0000000000
   -3   -1   -2   7.87375        -3   -1   -2   7.87375       -0.0013795832   0.0000000000
   -2   -4   -3   9.74845        -2   -4   -3   9.74845       -0.0005010798   0.0000000000
   -2   -3   -4   9.74845        -2   -3   -4   9.74845       -0.0005003172   0.0000000000
   -2   -3    0   9.74845        -2   -3    0   9.74845       -0.0004663029   0.0000000000
   -2    0   -3   9.74845        -2    0   -3   9.74845       -0.0004664896  -0.0000000000
   -2    0    1   9.74845        -2    0    1   9.74845       -0.0005008733   0.0000000000
   -2    1    0   9.74845        -2    1    0   9.74845       -0.0005005314  -0.0000000000
   -1   -4   -2   9.74845        -1   -4   -2   9.74845       -0.0005008733   0.0000000000
   -1   -2   -4   9.74845        -1   -2   -4   9.74845       -0.0005005314  -0.0000000000
   -1    0    2   9.74845        -1    0    2   9.74845       -0.0005010798   0.0000000000
   -1    2    0   9.74845        -1    2    0   9.74845       -0.0005003172   0.0000000000
    1   -3   -1   9.74845         1   -3   -1   9.74845       -0.0005005314  -0.0000000000
    1   -1   -3   9.74845         1   -1   -3   9.74845       -0.0005008733  -0.0000000000
    1    1    3   9.74845         1    1    3   9.74845       -0.0005003172   0.0000000000
    1    3    1   9.74845         1    3    1   9.74845       -0.0005010798   0.0000000000
    2   -2   -1   9.74845         2   -2   -1   9.74845       -0.0005003172   0.0000000000
    2   -1   -2   9.74845         2   -1   -2   9.74845       -0.0005010798  -0.0000000000
    2   -1    2   9.74845         2   -1    2   9.74845       -0.0004664896   0.0000000000
    2    2   -1   9.74845         2    2   -1   9.74845       -0.0004663029   0.0000000000
    2    2    3   9.74845         2    2    3   9.74845       -0.0005005314   0.0000000000
    2    3    2   9.74845         2    3    2   9.74845       -0.0005008733   0.0000000000
    3    0    2   9.74845         3    0    2   9.74845       -0.0004664896   0.0000000000
    3    2    0   9.74845         3    2    0   9.74845       -0.0004663029  -0.0000000000
   -3   -4   -3  10.87327        -3   -4   -3  10.87327       -0.0002818822  -0.0000000000
   -3   -3   -4  10.87327        -3   -3   -4  10.87327       -0.0002816407  -0.0000000000
   -3   -1    0  10.87327        -3   -1    0  10.87327       -0.0002815345   0.0000000000
   -3    0   -1  10.87327        -3    0   -1  10.87327       -0.0002819997  -0.0000000000
   -1   -4   -3  10.87327        -1   -4   -3  10.87327       -0.0002850567   0.0000000000
   -1   -4   -1  10.87327        -1   -4   -1  10.87327       -0.0002815345   0.0000000000
   -1   -3   -4  10.87327        -1   -3   -4  10.87327       -0.0002848525   0.0000000000
   -1   -1   -4  10.87327        -1   -1   -4  10.87327       -0.0002819997  -0.0000000000
   -1   -1    2  10.87327        -1   -1    2  10.87327       -0.0002818822  -0.0000000000
   -1    1    2  10.87327        -1    1    2  10.87327       -0.0002850567   0.0000000000
   -2   -4   -4  12.37304        -2   -4   -4  12.37304       -0.0001554944   0.0000000000
   -2    1    1  12.37304        -2    1    1  12.37304       -0.0001554940   0.0000000000
    0   -4   -2  12.37304         0   -4   -2  12.37304       -0.0001554940   0.0000000000
    0   -3    1  12.37304         0   -3    1  12.37304       -0.0001640998  -0.0000000000
    0   -2   -4  12.37304         0   -2   -4  12.37304       -0.0001554940   0.0000000000
    0   -2    2  12.37304         0   -2    2  12.37304       -0.0001640979   0.0000000000
    0    1   -3  12.37304         0    1   -3  12.37304       -0.0001640998  -0.0000000000
    0    1    3  12.37304         0    1    3  12.37304       -0.0001554944   0.0000000000
    0    2   -2  12.37304         0    2   -2  12.37304       -0.0001640979  -0.0000000000
    0    3    1  12.37304         0    3    1  12.37304       -0.0001554944   0.0000000000
    2   -2   -2  12.37304         2   -2   -2  12.37304       -0.0001554944   0.0000000000
    2    3    3  12.37304         2    3    3  12.37304       -0.0001554940   0.0000000000
    4    1    1  12.37304         4    1    1  12.37304       -0.0001640979   0.0000000000
    4    2    2  12.37304         4    2    2  12.37304       -0.0001640998   0.0000000000
   -4   -3   -2  12.74798        -4   -3   -2  12.74798       -0.0001356799   0.0000000000
   -4   -2   -3  12.74798        -4   -2   -3  12.74798       -0.0001359845   0.0000000000
   -3   -4   -4  12.74798        -3   -4   -4  12.74798       -0.0001422932  -0.0000000000
   -3    0    0  12.74798        -3    0    0  12.74798       -0.0001422924  -0.0000000000
   -1   -3    1  12.74798        -1   -3    1  12.74798       -0.0001356799  -0.0000000000
   -1    1   -3  12.74798        -1    1   -3  12.74798       -0.0001359845   0.0000000000
    0   -4   -1  12.74798         0   -4   -1  12.74798       -0.0001422924  -0.0000000000
    0   -1   -4  12.74798         0   -1   -4  12.74798       -0.0001422924  -0.0000000000
    0    0    3  12.74798         0    0    3  12.74798       -0.0001422932  -0.0000000000
    0    3    0  12.74798         0    3    0  12.74798       -0.0001422932  -0.0000000000
    1   -2    2  12.74798         1   -2    2  12.74798       -0.0001359845  -0.0000000000
    1    2   -2  12.74798         1    2   -2  12.74798       -0.0001356799   0.0000000000
    3   -1   -1  12.74798         3   -1   -1  12.74798       -0.0001422932  -0.0000000000
    3    3    3  12.74798         3    3    3  12.74798       -0.0001422924  -0.0000000000
    4    1    2  12.74798         4    1    2  12.74798       -0.0001359845  -0.0000000000
    4    2    1  12.74798         4    2    1  12.74798       -0.0001356799  -0.0000000000
   -3   -4   -1  13.87280        -3   -4   -1  13.87280       -0.0000799943   0.0000000000
   -3   -3    0  13.87280        -3   -3    0  13.87280       -0.0000799943  -0.0000000000
   -4   -3   -1  15.37256        -4   -3   -1  15.37256       -0.0000515781  -0.0000000000
   -4   -2   -4  15.37256        -4   -2   -4  15.37256       -0.0000516097  -0.0000000000
   -4   -1   -3  15.37256        -4   -1   -3  15.37256       -0.0000513934  -0.0000000000
   -4   -1   -1  15.37256        -4   -1   -1  15.37256       -0.0000626631  -0.0000000000
   -2   -5   -3  15.37256        -2   -5   -3  15.37256       -0.0000598267  -0.0000000000
   -2   -4    0  15.37256        -2   -4    0  15.37256       -0.0000515781   0.0000000000
   -2   -3   -5  15.37256        -2   -3   -5  15.37256       -0.0000597943  -0.0000000000
   -2   -3    1  15.37256        -2   -3    1  15.37256       -0.0000513610  -0.0000000000
   -2    0   -4  15.37256        -2    0   -4  15.37256       -0.0000513934  -0.0000000000
   -2    0    2  15.37256        -2    0    2  15.37256       -0.0000598267  -0.0000000000
   -2    1   -3  15.37256        -2    1   -3  15.37256       -0.0000516097   0.0000000000
   -2    2    0  15.37256        -2    2    0  15.37256       -0.0000597943  -0.0000000000
    0   -4    0  15.37256         0   -4    0  15.37256       -0.0000626631  -0.0000000000
    0   -1    3  15.37256         0   -1    3  15.37256       -0.0000626645  -0.0000000000
    0    0   -4  15.37256         0    0   -4  15.37256       -0.0000626631  -0.0000000000
    0    3   -1  15.37256         0    3   -1  15.37256       -0.0000626645  -0.0000000000
    2   -3   -1  15.37256         2   -3   -1  15.37256       -0.0000597943  -0.0000000000
    2   -2    2  15.37256         2   -2    2  15.37256       -0.0000513934   0.0000000000
    2   -1   -3  15.37256         2   -1   -3  15.37256       -0.0000598267   0.0000000000
    2   -1    3  15.37256         2   -1    3  15.37256       -0.0000516097  -0.0000000000
    2    2   -2  15.37256         2    2   -2  15.37256       -0.0000515781  -0.0000000000
    2    2    4  15.37256         2    2    4  15.37256       -0.0000597943   0.0000000000
    2    3   -1  15.37256         2    3   -1  15.37256       -0.0000513610   0.0000000000
    2    4    2  15.37256         2    4    2  15.37256       -0.0000598267   0.0000000000
    4    0    0  15.37256         4    0    0  15.37256       -0.0000626645  -0.0000000000
    4    0    2  15.37256         4    0    2  15.37256       -0.0000516097   0.0000000000
    4    1    3  15.37256         4    1    3  15.37256       -0.0000513934  -0.0000000000
    4    2    0  15.37256         4    2    0  15.37256       -0.0000513610   0.0000000000
    4    3    1  15.37256         4    3    1  15.37256       -0.0000515781  -0.0000000000
    4    3    3  15.37256         4    3    3  15.37256       -0.0000626631  -0.0000000000
   -3   -5   -3  15.74750        -3   -5   -3  15.74750       -0.0000507144  -0.0000000000
   -3   -3   -5  15.74750        -3   -3   -5  15.74750       -0.0000506960  -0.0000000000
    3   -1   -2  16.87232         3   -1   -2  16.87232       -0.0000369078   0.0000000000
    3    1   -2  16.87232         3    1   -2  16.87232       -0.0000347018  -0.0000000000
    3    1    4  16.87232         3    1    4  16.87232       -0.0000346944   0.0000000000
    3    3    4  16.87232         3    3    4  16.87232       -0.0000368802   0.0000000000
    3    4    1  16.87232         3    4    1  16.87232       -0.0000347018  -0.0000000000
    3    4    3  16.87232         3    4    3  16.87232       -0.0000369263  -0.0000000000
   -2   -5   -4  17.24726        -2   -5   -4  17.24726       -0.0000307464  -0.0000000000
   -2   -4   -5  17.24726        -2   -4   -5  17.24726       -0.0000307373   0.0000000000
   -2    1    2  17.24726        -2    1    2  17.24726       -0.0000307431  -0.0000000000
   -2    2    1  17.24726        -2    2    1  17.24726       -0.0000307403  -0.0000000000
   -1   -5   -3  17.24726        -1   -5   -3  17.24726       -0.0000307431   0.0000000000
   -1   -3   -5  17.24726        -1   -3   -5  17.24726       -0.0000307403  -0.0000000000
   -1    1    3  17.24726        -1    1    3  17.24726       -0.0000307464   0.0000000000
   -1    3    1  17.24726        -1    3    1  17.24726       -0.0000307373   0.0000000000
    1   -4   -2  17.24726         1   -4   -2  17.24726       -0.0000307403   0.0000000000
    1   -2   -4  17.24726         1   -2   -4  17.24726       -0.0000307431  -0.0000000000
    1    2    4  17.24726         1    2    4  17.24726       -0.0000307373   0.0000000000
    1    4    2  17.24726         1    4    2  17.24726       -0.0000307464  -0.0000000000
    2   -3   -2  17.24726         2   -3   -2  17.24726       -0.0000307373   0.0000000000
    2   -2   -3  17.24726         2   -2   -3  17.24726       -0.0000307464  -0.0000000000
    2    3    4  17.24726         2    3    4  17.24726       -0.0000307403   0.0000000000
    2    4    3  17.24726         2    4    3  17.24726       -0.0000307431   0.0000000000
   -4   -5   -3  18.37208        -4   -5   -3  18.37208       -0.0000220411   0.0000000000
   -4   -3   -5  18.37208        -4   -3   -5  18.37208       -0.0000219805  -0.0000000000
   -4   -2    0  18.37208        -4   -2    0  18.37208       -0.0000219807  -0.0000000000
   -4    0   -2  18.37208        -4    0   -2  18.37208       -0.0000220404  -0.0000000000
   -2   -5   -1  18.37208        -2   -5   -1  18.37208       -0.0000219807  -0.0000000000
   -2   -2    2  18.37208        -2   -2    2  18.37208       -0.0000220411   0.0000000000
   -2   -1   -5  18.37208        -2   -1   -5  18.37208       -0.0000220404   0.0000000000
   -2    2   -2  18.37208        -2    2   -2  18.37208       -0.0000219805   0.0000000000
    0   -4   -4  18.37208         0   -4   -4  18.37208       -0.0000201622   0.0000000000
    0    3    3  18.37208         0    3    3  18.37208       -0.0000201622   0.0000000000
    4    3    0  18.74702         4    3    0  18.74702       -0.0000182002  -0.0000000000
    4    3    4  18.74702         4    3    4  18.74702       -0.0000221681  -0.0000000000
    4    4    3  18.74702         4    4    3  18.74702       -0.0000221830  -0.0000000000
    5    2    2  18.74702         5    2    2  18.74702       -0.0000213234  -0.0000000000
   -5   -4   -3  19.87185        -5   -4   -3  19.87185       -0.0000149545   0.0000000000
   -5   -3   -4  19.87185        -5   -3   -4  19.87185       -0.0000149070  -0.0000000000
   -5   -3   -2  19.87185        -5   -3   -2  19.87185       -0.0000148939   0.0000000000
   -5   -2   -3  19.87185        -5   -2   -3  19.87185       -0.0000149674   0.0000000000
   -1   -5   -4  19.87185        -1   -5   -4  19.87185       -0.0000148434   0.0000000000
   -1   -4   -5  19.87185        -1   -4   -5  19.87185       -0.0000148433  -0.0000000000
   -1   -4    1  19.87185        -1   -4    1  19.87185       -0.0000148939   0.0000000000
   -1   -3    2  19.87185        -1   -3    2  19.87185       -0.0000149545   0.0000000000
   -1    1   -4  19.87185        -1    1   -4  19.87185       -0.0000149674  -0.0000000000
   -1    2   -3  19.87185        -1    2   -3  19.87185       -0.0000149070   0.0000000000
   -1    2    3  19.87185        -1    2    3  19.87185       -0.0000148434   0.0000000000
   -1    3    2  19.87185        -1    3    2  19.87185       -0.0000148433   0.0000000000
    1   -4   -3  19.87185         1   -4   -3  19.87185       -0.0000148433   0.0000000000
    1   -3   -4  19.87185         1   -3   -4  19.87185       -0.0000148434   0.0000000000
    1   -3    2  19.87185         1   -3    2  19.87185       -0.0000149674   0.0000000000
    1   -2    3  19.87185         1   -2    3  19.87185       -0.0000149070   0.0000000000
    1    2   -3  19.87185         1    2   -3  19.87185       -0.0000148939   0.0000000000
    1    3   -2  19.87185         1    3   -2  19.87185       -0.0000149545  -0.0000000000
    1    3    4  19.87185         1    3    4  19.87185       -0.0000148433  -0.0000000000
    1    4    3  19.87185         1    4    3  19.87185       -0.0000148434   0.0000000000
    5    1    2  19.87185         5    1    2  19.87185       -0.0000149070   0.0000000000
    5    2    1  19.87185         5    2    1  19.87185       -0.0000149545   0.0000000000
    5    2    3  19.87185         5    2    3  19.87185       -0.0000149674   0.0000000000
    5    3    2  19.87185         5    3    2  19.87185       -0.0000148939  -0.0000000000
   -5   -4   -4  20.24679        -5   -4   -4  20.24679       -0.0000144484   0.0000000000
   -5   -2   -2  20.24679        -5   -2   -2  20.24679       -0.0000144484  -0.0000000000
   -4   -5   -2  20.24679        -4   -5   -2  20.24679       -0.0000127977   0.0000000000
   -4   -3    0  20.24679        -4   -3    0  20.24679       -0.0000128081   0.0000000000
    0   -5   -3  21.37161         0   -5   -3  21.37161       -0.0000096414  -0.0000000000
    0   -5   -1  21.37161         0   -5   -1  21.37161       -0.0000097975   0.0000000000
    0   -3   -5  21.37161         0   -3   -5  21.37161       -0.0000096414  -0.0000000000
    0   -1   -5  21.37161         0   -1   -5  21.37161       -0.0000097975   0.0000000000
    0    0    4  21.37161         0    0    4  21.37161       -0.0000097971  -0.0000000000
    0    2    4  21.37161         0    2    4  21.37161       -0.0000096416  -0.0000000000
    0    4    0  21.37161         0    4    0  21.37161       -0.0000097971  -0.0000000000
    0    4    2  21.37161         0    4    2  21.37161       -0.0000096416  -0.0000000000
    2   -3   -3  21.37161         2   -3   -3  21.37161       -0.0000096416  -0.0000000000
    2    4    4  21.37161         2    4    4  21.37161       -0.0000096414  -0.0000000000
    4   -1   -1  21.37161         4   -1   -1  21.37161       -0.0000097971  -0.0000000000
    4    4    4  21.37161         4    4    4  21.37161       -0.0000097975  -0.0000000000
   -5   -4   -2  21.74655        -5   -4   -2  21.74655       -0.0000089369  -0.0000000000
   -5   -2   -4  21.74655        -5   -2   -4  21.74655       -0.0000089356  -0.0000000000
   -2   -4    1  21.74655        -2   -4    1  21.74655       -0.0000089369  -0.0000000000
   -2    1   -4  21.74655        -2    1   -4  21.74655       -0.0000089356   0.0000000000
    2   -2    3  21.74655         2   -2    3  21.74655       -0.0000089356  -0.0000000000
    2    3   -2  21.74655         2    3   -2  21.74655       -0.0000089369  -0.0000000000
    5    1    3  21.74655         5    1    3  21.74655       -0.0000089356  -0.0000000000
    5    3    1  21.74655         5    3    1  21.74655       -0.0000089369  -0.0000000000
   -5   -5   -4  22.87137        -5   -5   -4  22.87137       -0.0000069812  -0.0000000000
   -5   -4   -5  22.87137        -5   -4   -5  22.87137       -0.0000069872  -0.0000000000
   -5   -2   -1  22.87137        -5   -2   -1  22.87137       -0.0000069850   0.0000000000
   -5   -1   -2  22.87137        -5   -1   -2  22.87137       -0.0000069838   0.0000000000
   -3   -6   -3  22.87137        -3   -6   -3  22.87137       -0.0000066865   0.0000000000
   -3   -3   -6  22.87137        -3   -3   -6  22.87137       -0.0000066866   0.0000000000
   -3   -1    2  22.87137        -3   -1    2  22.87137       -0.0000066865  -0.0000000000
   -3    2   -1  22.87137        -3    2   -1  22.87137       -0.0000066866   0.0000000000
   -1   -5    0  22.87137        -1   -5    0  22.87137       -0.0000069850  -0.0000000000
   -1   -2    3  22.87137        -1   -2    3  22.87137       -0.0000069812   0.0000000000
   -1    0   -5  22.87137        -1    0   -5  22.87137       -0.0000069838   0.0000000000
   -1    3   -2  22.87137        -1    3   -2  22.87137       -0.0000069872   0.0000000000
    2    2   -3  23.24631         2    2   -3  23.24631       -0.0000062067  -0.0000000000
    2    2    5  23.24631         2    2    5  23.24631       -0.0000065441  -0.0000000000
    2    4   -1  23.24631         2    4   -1  23.24631       -0.0000062245   0.0000000000
    2    5    2  23.24631         2    5    2  23.24631       -0.0000065399   0.0000000000
    3   -3   -1  23.24631         3   -3   -1  23.24631       -0.0000065441   0.0000000000
    3   -1   -3  23.24631         3   -1   -3  23.24631       -0.0000065399   0.0000000000
    3    3    5  23.24631         3    3    5  23.24631       -0.0000065336   0.0000000000
    3    5    3  23.24631         3    5    3  23.24631       -0.0000065502   0.0000000000
    5    0    2  23.24631         5    0    2  23.24631       -0.0000062128   0.0000000000
    5    2    0  23.24631         5    2    0  23.24631       -0.0000062245   0.0000000000
    5    2    4  23.24631         5    2    4  23.24631       -0.0000062306  -0.0000000000
    5    4    2  23.24631         5    4    2  23.24631       -0.0000062067  -0.0000000000
   -4   -6   -4  24.37113        -4   -6   -4  24.37113       -0.0000050376  -0.0000000000
   -4   -5   -1  24.37113        -4   -5   -1  24.37113       -0.0000046524   0.0000000000
   -4   -4   -6  24.37113        -4   -4   -6  24.37113       -0.0000050334  -0.0000000000
   -4   -4    0  24.37113        -4   -4    0  24.37113       -0.0000046524   0.0000000000
   -4   -1   -5  24.37113        -4   -1   -5  24.37113       -0.0000046579   0.0000000000
   -4   -1    1  24.37113        -4   -1    1  24.37113       -0.0000050377   0.0000000000
   -4    0   -4  24.37113        -4    0   -4  24.37113       -0.0000046579   0.0000000000
   -4    1   -1  24.37113        -4    1   -1  24.37113       -0.0000050335   0.0000000000
   -2   -6   -4  24.37113        -2   -6   -4  24.37113       -0.0000047089   0.0000000000
   -2   -6   -2  24.37113        -2   -6   -2  24.37113       -0.0000050377  -0.0000000000
   -2   -4   -6  24.37113        -2   -4   -6  24.37113       -0.0000047086  -0.0000000000
   -2   -2   -6  24.37113        -2   -2   -6  24.37113       -0.0000050335  -0.0000000000
   -2   -1    3  24.37113        -2   -1    3  24.37113       -0.0000050376   0.0000000000
   -2    1    3  24.37113        -2    1    3  24.37113       -0.0000047089  -0.0000000000
   -2    3   -1  24.37113        -2    3   -1  24.37113       -0.0000050334  -0.0000000000
   -2    3    1  24.37113        -2    3    1  24.37113       -0.0000047086  -0.0000000000
    2   -4   -2  24.37113         2   -4   -2  24.37113       -0.0000047086  -0.0000000000
    2   -4    0  24.37113         2   -4    0  24.37113       -0.0000050335   0.0000000000
    2   -2   -4  24.37113         2   -2   -4  24.37113       -0.0000047089  -0.0000000000
    2    0   -4  24.37113         2    0   -4  24.37113       -0.0000050377   0.0000000000
    1   -4   -4  24.74607         1   -4   -4  24.74607       -0.0000043787  -0.0000000000
    1    4    4  24.74607         1    4    4  24.74607       -0.0000043787  -0.0000000000
    3   -3    1  24.74607         3   -3    1  24.74607       -0.0000044195   0.0000000000
    3    1   -3  24.74607         3    1   -3  24.74607       -0.0000044152   0.0000000000
    3    1    5  24.74607         3    1    5  24.74607       -0.0000044132   0.0000000000
    3    5    1  24.74607         3    5    1  24.74607       -0.0000044215   0.0000000000
    4   -2    1  24.74607         4   -2    1  24.74607       -0.0000044132   0.0000000000
    4    1   -2  24.74607         4    1   -2  24.74607       -0.0000044215  -0.0000000000
    4    2    5  24.74607         4    2    5  24.74607       -0.0000044195   0.0000000000
    4    5    2  24.74607         4    5    2  24.74607       -0.0000044152  -0.0000000000
    5    0    0  24.74607         5    0    0  24.74607       -0.0000037483   0.0000000000
    5    4    4  24.74607         5    4    4  24.74607       -0.0000037484   0.0000000000


             g                   gp         inverse epsilon           nspin= 1
         0   -1   -1         0   -1   -1        0.33592018   0.00000000
         0    0    0         0   -1   -1       -0.00000000  -0.00000000
         0    0    0         0    0    0        0.33592018   0.00000000
        -1   -1   -1         0    0    0        0.02028901  -0.00000000
        -1   -1   -1        -1   -1   -1        0.48982483   0.00000000
         0   -1    0        -1   -1   -1       -0.00000000   0.00000403
         0   -1    0         0   -1    0        0.48982483   0.00000000
         0    0   -1         0   -1    0        0.04303278   0.00000000
         0    0   -1         0    0   -1        0.48982483   0.00000000
         1    0    0         0    0   -1        0.00000000   0.00000403
         1    0    0         1    0    0        0.48982483   0.00000000
        -1   -2   -1         1    0    0        0.00341724   0.00000019
        -1   -2   -1        -1   -2   -1        0.72910311  -0.00000000
        -1   -1   -2        -1   -2   -1        0.01006171   0.00002818
        -1   -1   -2        -1   -1   -2        0.72908398   0.00000000
        -1   -1    0        -1   -1   -2        0.01447786   0.00000382
        -1   -1    0        -1   -1    0        0.72910311  -0.00000000
        -1    0   -1        -1   -1    0        0.01006255  -0.00003410
        -1    0   -1        -1    0   -1        0.72908398  -0.00000000
         1   -1    0        -1    0   -1        0.00000000   0.00000746
         1   -1    0         1   -1    0        0.72908398   0.00000000
         1    0   -1         1   -1    0        0.01006171  -0.00002818
         1    0   -1         1    0   -1        0.72910311   0.00000000
         1    0    1         1    0   -1        0.01450984  -0.00000382
         1    0    1         1    0    1        0.72908398   0.00000000
         1    1    0         1    0    1        0.01006255   0.00003410
         1    1    0         1    1    0        0.72910311  -0.00000000
        -1   -2   -2         1    1    0        0.01669585   0.00000784
        -1   -2   -2        -1   -2   -2        0.78567831   0.00000000
        -1    0    0        -1   -2   -2       -0.00680659   0.00000000
        -1    0    0        -1    0    0        0.78567761  -0.00000000
         0   -2   -1        -1    0    0       -0.00000000   0.00000107
         0   -2   -1         0   -2   -1        0.78567761   0.00000000
         0   -1   -2         0   -2   -1        0.01305949   0.00000000
         0   -1   -2         0   -1   -2        0.78567761  -0.00000000
         0    0    1         0   -1   -2       -0.02917297   0.00000000
         0    0    1         0    0    1        0.78567831   0.00000000
         0    1    0         0    0    1        0.01306150   0.00000000
         0    1    0         0    1    0        0.78567831  -0.00000000
         1   -1   -1         0    1    0       -0.00000000   0.00000322
         1   -1   -1         1   -1   -1        0.78567831   0.00000000
         1    1    1         1   -1   -1       -0.00680659   0.00000000
         1    1    1         1    1    1        0.78567761   0.00000000
        -2   -2   -2         1    1    1        0.00766139  -0.00000000
        -2   -2   -2        -2   -2   -2        0.88444354  -0.00000000
        -2   -1   -1        -2   -2   -2       -0.01093213  -0.00000000
        -2   -1   -1        -2   -1   -1        0.88444361   0.00000000
         0   -2   -2        -2   -1   -1        0.00727706   0.00000000
         0   -2   -2         0   -2   -2        0.88799492   0.00000000
         0   -2    0         0   -2   -2       -0.00289235  -0.00000000
         0   -2    0         0   -2    0        0.88444361   0.00000000
         0   -1    1         0   -2    0        0.01093213  -0.00000000
         0   -1    1         0   -1    1        0.88444354   0.00000000
         0    0   -2         0   -1    1       -0.01369903  -0.00000000
         0    0   -2         0    0   -2        0.88444361   0.00000000
         0    1   -1         0    0   -2        0.01093213  -0.00000000
         0    1   -1         0    1   -1        0.88444354   0.00000000
         0    1    1         0    1   -1       -0.00289207   0.00000000
         0    1    1         0    1    1        0.88799492   0.00000000
         2    0    0         0    1    1        0.00727688   0.00000000
         2    0    0         2    0    0        0.88444354   0.00000000
         2    1    1         2    0    0       -0.01093213  -0.00000000
         2    1    1         2    1    1        0.88444361  -0.00000000
        -2   -3   -3         2    1    1        0.00267423   0.00000000
        -2   -3   -3        -2   -3   -3        0.98795187   0.00000000
        -2   -3   -1        -2   -3   -3       -0.00183752  -0.00000127
        -2   -3   -1        -2   -3   -1        0.98761346  -0.00000000
        -2   -2    0        -2   -3   -1        0.00000000  -0.00000753
        -2   -2    0        -2   -2    0        0.98761346  -0.00000000
        -2   -1   -3        -2   -2    0       -0.00037655  -0.00000105
        -2   -1   -3        -2   -1   -3        0.98761238   0.00000000
        -2    0   -2        -2   -1   -3        0.00000000   0.00000753
        -2    0   -2        -2    0   -2        0.98761238   0.00000000
        -2    0    0        -2    0   -2       -0.00184018   0.00000049
        -2    0    0        -2    0    0        0.98795190   0.00000000
         0   -3   -1        -2    0    0       -0.00000000   0.00000262
         0   -3   -1         0   -3   -1        0.98795190  -0.00000000
         0   -1   -3         0   -3   -1        0.00144835  -0.00000000
         0   -1   -3         0   -1   -3        0.98795190  -0.00000000
         0    0    2         0   -1   -3       -0.00090445   0.00000000
         0    0    2         0    0    2        0.98795187  -0.00000000
         0    2    0         0    0    2        0.00144840   0.00000000
         0    2    0         0    2    0        0.98795187  -0.00000000
         2   -1   -1         0    2    0       -0.00000000   0.00000383
         2   -1   -1         2   -1   -1        0.98795187   0.00000000
         2   -1    1         2   -1   -1       -0.00183348   0.00000127
         2   -1    1         2   -1    1        0.98761238   0.00000000
         2    0    2         2   -1    1        0.00000000   0.00000753
         2    0    2         2    0    2        0.98761238   0.00000000
         2    1   -1         2    0    2       -0.00038615   0.00000105
         2    1   -1         2    1   -1        0.98761346   0.00000000
         2    2    0         2    1   -1        0.00000000  -0.00000753
         2    2    0         2    2    0        0.98761346  -0.00000000
         2    2    2         2    2    0       -0.00183082  -0.00000049
         2    2    2         2    2    2        0.98795190  -0.00000000
        -3   -2   -2         2    2    2        0.00108081   0.00000000
        -3   -2   -2        -3   -2   -2        0.99092761  -0.00000000
        -1   -3   -3        -3   -2   -2        0.00181792   0.00000000
        -1   -3   -3        -1   -3   -3        0.99083374   0.00000000
        -1    1    1        -1   -3   -3       -0.00112917  -0.00000000
        -1    1    1        -1    1    1        0.99083381   0.00000000
         0   -3   -2        -1    1    1        0.00000000  -0.00000015
         0   -3   -2         0   -3   -2        0.99083381   0.00000000
         0   -2   -3         0   -3   -2       -0.00112092  -0.00000000
         0   -2   -3         0   -2   -3        0.99083381   0.00000000
         0   -2    1         0   -2   -3        0.00085175   0.00000000
         0   -2    1         0   -2    1        0.99092761   0.00000000
         0    1   -2         0   -2    1       -0.00042565  -0.00000000
         0    1   -2         0    1   -2        0.99092761   0.00000000
         0    1    2         0    1   -2        0.00085186  -0.00000000
         0    1    2         0    1    2        0.99083374  -0.00000000
         0    2    1         0    1    2       -0.00112077   0.00000000
         0    2    1         0    2    1        0.99083374  -0.00000000
         1   -2   -2         0    2    1       -0.00000000   0.00000132
         1   -2   -2         1   -2   -2        0.99083374   0.00000000
         1    2    2         1   -2   -2       -0.00112917  -0.00000000
         1    2    2         1    2    2        0.99083381   0.00000000
         3    1    1         1    2    2        0.00181791  -0.00000000
         3    1    1         3    1    1        0.99092761   0.00000000
        -3   -3   -2         3    1    1        0.00036559  -0.00000086
        -3   -3   -2        -3   -3   -2        0.99621375  -0.00000000
        -3   -2   -3        -3   -3   -2       -0.00057210   0.00000005
        -3   -2   -3        -3   -2   -3        0.99622468  -0.00000000
        -3   -2   -1        -3   -2   -3       -0.00061693   0.00000036
        -3   -2   -1        -3   -2   -1        0.99623125   0.00000000
        -3   -1   -2        -3   -2   -1       -0.00057207  -0.00000087
        -3   -1   -2        -3   -1   -2        0.99620719   0.00000000
        -2   -4   -3        -3   -1   -2       -0.00028541  -0.00000000
        -2   -4   -3        -2   -4   -3        0.99889613   0.00000000
        -2   -3   -4        -2   -4   -3       -0.00037170   0.00000050
        -2   -3   -4        -2   -3   -4        0.99889792   0.00000000
        -2   -3    0        -2   -3   -4       -0.00009194  -0.00000039
        -2   -3    0        -2   -3    0        0.99895074   0.00000000
        -2    0   -3        -2   -3    0       -0.00021886  -0.00000012
        -2    0   -3        -2    0   -3        0.99895033  -0.00000000
        -2    0    1        -2    0   -3       -0.00009216   0.00000014
        -2    0    1        -2    0    1        0.99889662   0.00000000
        -2    1    0        -2    0    1       -0.00037170  -0.00000052
        -2    1    0        -2    1    0        0.99889742   0.00000000
        -1   -4   -2        -2    1    0        0.00000225  -0.00000010
        -1   -4   -2        -1   -4   -2        0.99889662   0.00000000
        -1   -2   -4        -1   -4   -2        0.00024739   0.00000041
        -1   -2   -4        -1   -2   -4        0.99889742  -0.00000000
        -1    0    2        -1   -2   -4        0.00002490   0.00000027
        -1    0    2        -1    0    2        0.99889613   0.00000000
        -1    2    0        -1    0    2        0.00024739  -0.00000048
        -1    2    0        -1    2    0        0.99889792   0.00000000
         1   -3   -1        -1    2    0       -0.00022546   0.00000019
         1   -3   -1         1   -3   -1        0.99889742   0.00000000
         1   -1   -3         1   -3   -1        0.00024739  -0.00000041
         1   -1   -3         1   -1   -3        0.99889662  -0.00000000
         1    1    3         1   -1   -3        0.00002599  -0.00000027
         1    1    3         1    1    3        0.99889792   0.00000000
         1    3    1         1    1    3        0.00024739   0.00000048
         1    3    1         1    3    1        0.99889613   0.00000000
         2   -2   -1         1    3    1        0.00000189  -0.00000034
         2   -2   -1         2   -2   -1        0.99889792   0.00000000
         2   -1   -2         2   -2   -1       -0.00037170  -0.00000050
         2   -1   -2         2   -1   -2        0.99889613  -0.00000000
         2   -1    2         2   -1   -2       -0.00009219   0.00000039
         2   -1    2         2   -1    2        0.99895033   0.00000000
         2    2   -1         2   -1    2       -0.00021886   0.00000012
         2    2   -1         2    2   -1        0.99895074   0.00000000
         2    2    3         2    2   -1       -0.00009197  -0.00000014
         2    2    3         2    2    3        0.99889742   0.00000000
         2    3    2         2    2    3       -0.00037170   0.00000052
         2    3    2         2    3    2        0.99889662   0.00000000
         3    0    2         2    3    2       -0.00009751   0.00000068
         3    0    2         3    0    2        0.99895033   0.00000000
         3    2    0         3    0    2        0.00020813   0.00000001
         3    2    0         3    2    0        0.99895074  -0.00000000
        -3   -4   -3         3    2    0       -0.00003349   0.00000006
        -3   -4   -3        -3   -4   -3        0.99943688   0.00000000
        -3   -3   -4        -3   -4   -3       -0.00011290   0.00000052
        -3   -3   -4        -3   -3   -4        0.99943738   0.00000000
        -3   -1    0        -3   -3   -4        0.00000989   0.00000003
        -3   -1    0        -3   -1    0        0.99943760   0.00000000
        -3    0   -1        -3   -1    0       -0.00011290  -0.00000044
        -3    0   -1        -3    0   -1        0.99943663  -0.00000000
        -1   -4   -3        -3    0   -1        0.00010658   0.00000006
        -1   -4   -3        -1   -4   -3        0.99945501   0.00000000
        -1   -4   -1        -1   -4   -3       -0.00003115   0.00000030
        -1   -4   -1        -1   -4   -1        0.99943760   0.00000000
        -1   -3   -4        -1   -4   -1       -0.00006614  -0.00000024
        -1   -3   -4        -1   -3   -4        0.99945546   0.00000000
        -1   -1   -4        -1   -3   -4       -0.00003159  -0.00000030
        -1   -1   -4        -1   -1   -4        0.99943663  -0.00000000
        -1   -1    2        -1   -1   -4        0.00007258   0.00000006
        -1   -1    2        -1   -1    2        0.99943688  -0.00000000
        -1    1    2        -1   -1    2       -0.00003189   0.00000026
        -1    1    2        -1    1    2        0.99945501   0.00000000
        -2   -4   -4        -1    1    2        0.00005576   0.00000012
        -2   -4   -4        -2   -4   -4        0.99972393   0.00000000
        -2    1    1        -2   -4   -4       -0.00000560   0.00000000
        -2    1    1        -2    1    1        0.99972393   0.00000000
         0   -4   -2        -2    1    1        0.00000000   0.00000002
         0   -4   -2         0   -4   -2        0.99972393   0.00000000
         0   -3    1         0   -4   -2       -0.00005962   0.00000000
         0   -3    1         0   -3    1        0.99971688  -0.00000000
         0   -2   -4         0   -3    1        0.00006619  -0.00000000
         0   -2   -4         0   -2   -4        0.99972393   0.00000000
         0   -2    2         0   -2   -4        0.00001522  -0.00000000
         0   -2    2         0   -2    2        0.99971688   0.00000000
         0    1   -3         0   -2    2       -0.00001140   0.00000000
         0    1   -3         0    1   -3        0.99971688   0.00000000
         0    1    3         0    1   -3        0.00001523  -0.00000000
         0    1    3         0    1    3        0.99972393   0.00000000
         0    2   -2         0    1    3        0.00006619   0.00000000
         0    2   -2         0    2   -2        0.99971688  -0.00000000
         0    3    1         0    2   -2       -0.00005962  -0.00000000
         0    3    1         0    3    1        0.99972393   0.00000000
         2   -2   -2         0    3    1       -0.00000000  -0.00000003
         2   -2   -2         2   -2   -2        0.99972393   0.00000000
         2    3    3         2   -2   -2       -0.00000560   0.00000000
         2    3    3         2    3    3        0.99972393   0.00000000
         4    1    1         2    3    3        0.00000032   0.00000000
         4    1    1         4    1    1        0.99971688   0.00000000
         4    2    2         4    1    1        0.00006940   0.00000000
         4    2    2         4    2    2        0.99971688   0.00000000
        -4   -3   -2         4    2    2        0.00005870   0.00000003
        -4   -3   -2        -4   -3   -2        0.99977767   0.00000000
        -4   -2   -3        -4   -3   -2       -0.00006702   0.00000006
        -4   -2   -3        -4   -2   -3        0.99977710   0.00000000
        -3   -4   -4        -4   -2   -3        0.00000853  -0.00000011
        -3   -4   -4        -3   -4   -4        0.99976792  -0.00000000
        -3    0    0        -3   -4   -4        0.00001191   0.00000000
        -3    0    0        -3    0    0        0.99976792  -0.00000000
        -1   -3    1        -3    0    0        0.00003410  -0.00000001
        -1   -3    1        -1   -3    1        0.99977767  -0.00000000
        -1    1   -3        -1   -3    1        0.00004321  -0.00000006
        -1    1   -3        -1    1   -3        0.99977710   0.00000000
         0   -4   -1        -1    1   -3       -0.00000214   0.00000005
         0   -4   -1         0   -4   -1        0.99976792  -0.00000000
         0   -1   -4         0   -4   -1       -0.00000587  -0.00000000
         0   -1   -4         0   -1   -4        0.99976792  -0.00000000
         0    0    3         0   -1   -4        0.00007862   0.00000000
         0    0    3         0    0    3        0.99976792  -0.00000000
         0    3    0         0    0    3       -0.00000587   0.00000000
         0    3    0         0    3    0        0.99976792  -0.00000000
         1   -2    2         0    3    0       -0.00000181   0.00000009
         1   -2    2         1   -2    2        0.99977710  -0.00000000
         1    2   -2         1   -2    2        0.00004321   0.00000006
         1    2   -2         1    2   -2        0.99977767   0.00000000
         3   -1   -1         1    2   -2        0.00003394   0.00000003
         3   -1   -1         3   -1   -1        0.99976792  -0.00000000
         3    3    3         3   -1   -1        0.00001191   0.00000000
         3    3    3         3    3    3        0.99976792  -0.00000000
         4    1    2         3    3    3        0.00000802  -0.00000008
         4    1    2         4    1    2        0.99977710  -0.00000000
         4    2    1         4    1    2       -0.00006702  -0.00000006
         4    2    1         4    2    1        0.99977767  -0.00000000
        -3   -4   -1         4    2    1        0.00001272   0.00000004
        -3   -4   -1        -3   -4   -1        0.99987742   0.00000000
        -3   -3    0        -3   -4   -1       -0.00000000   0.00000007
        -3   -3    0        -3   -3    0        0.99987742  -0.00000000
        -4   -3   -1        -3   -3    0       -0.00000382  -0.00000001
        -4   -3   -1        -4   -3   -1        0.99992831  -0.00000000
        -4   -2   -4        -4   -3   -1       -0.00000504   0.00000001
        -4   -2   -4        -4   -2   -4        0.99992827  -0.00000000
        -4   -1   -3        -4   -2   -4        0.00000400   0.00000002
        -4   -1   -3        -4   -1   -3        0.99992859  -0.00000000
        -4   -1   -1        -4   -1   -3       -0.00000203  -0.00000000
        -4   -1   -1        -4   -1   -1        0.99991410  -0.00000000
        -2   -5   -3        -4   -1   -1        0.00000369  -0.00000000
        -2   -5   -3        -2   -5   -3        0.99991600  -0.00000000
        -2   -4    0        -2   -5   -3       -0.00000044  -0.00000002
        -2   -4    0        -2   -4    0        0.99992831   0.00000000
        -2   -3   -5        -2   -4    0        0.00000684  -0.00000003
        -2   -3   -5        -2   -3   -5        0.99991604  -0.00000000
        -2   -3    1        -2   -3   -5       -0.00000107  -0.00000000
        -2   -3    1        -2   -3    1        0.99992863   0.00000000
        -2    0   -4        -2   -3    1       -0.00000058   0.00000001
        -2    0   -4        -2    0   -4        0.99992859   0.00000000
        -2    0    2        -2    0   -4       -0.00000111  -0.00000001
        -2    0    2        -2    0    2        0.99991600  -0.00000000
        -2    1   -3        -2    0    2        0.00000688   0.00000002
        -2    1   -3        -2    1   -3        0.99992827  -0.00000000
        -2    2    0        -2    1   -3       -0.00000046   0.00000000
        -2    2    0        -2    2    0        0.99991604  -0.00000000
         0   -4    0        -2    2    0       -0.00000621  -0.00000001
         0   -4    0         0   -4    0        0.99991410  -0.00000000
         0   -1    3         0   -4    0       -0.00000282  -0.00000000
         0   -1    3         0   -1    3        0.99991410  -0.00000000
         0    0   -4         0   -1    3       -0.00001002  -0.00000000
         0    0   -4         0    0   -4        0.99991410  -0.00000000
         0    3   -1         0    0   -4       -0.00000282  -0.00000000
         0    3   -1         0    3   -1        0.99991410  -0.00000000
         2   -3   -1         0    3   -1       -0.00000626   0.00000001
         2   -3   -1         2   -3   -1        0.99991604  -0.00000000
         2   -2    2         2   -3   -1       -0.00000035   0.00000002
         2   -2    2         2   -2    2        0.99992859   0.00000000
         2   -1   -3         2   -2    2        0.00000673   0.00000003
         2   -1   -3         2   -1   -3        0.99991600   0.00000000
         2   -1    3         2   -1   -3       -0.00000119   0.00000000
         2   -1    3         2   -1    3        0.99992827  -0.00000000
         2    2   -2         2   -1    3       -0.00000069  -0.00000001
         2    2   -2         2    2   -2        0.99992831   0.00000000
         2    2    4         2    2   -2       -0.00000114   0.00000001
         2    2    4         2    2    4        0.99991604   0.00000000
         2    3   -1         2    2    4        0.00000669  -0.00000002
         2    3   -1         2    3   -1        0.99992863   0.00000000
         2    4    2         2    3   -1       -0.00000033  -0.00000000
         2    4    2         2    4    2        0.99991600   0.00000000
         4    0    0         2    4    2        0.00000361   0.00000000
         4    0    0         4    0    0        0.99991410  -0.00000000
         4    0    2         4    0    0       -0.00000197  -0.00000002
         4    0    2         4    0    2        0.99992827   0.00000000
         4    1    3         4    0    2        0.00000400   0.00000002
         4    1    3         4    1    3        0.99992859  -0.00000000
         4    2    0         4    1    3       -0.00000498  -0.00000001
         4    2    0         4    2    0        0.99992863   0.00000000
         4    3    1         4    2    0        0.00000409  -0.00000002
         4    3    1         4    3    1        0.99992831  -0.00000000
         4    3    3         4    3    1       -0.00000196   0.00000000
         4    3    3         4    3    3        0.99991410  -0.00000000
        -3   -5   -3         4    3    3       -0.00001176  -0.00000001
        -3   -5   -3        -3   -5   -3        0.99993129  -0.00000000
        -3   -3   -5        -3   -5   -3        0.00001548   0.00000006
        -3   -3   -5        -3   -3   -5        0.99993132  -0.00000000
         3   -1   -2        -3   -3   -5       -0.00000153  -0.00000000
         3   -1   -2         3   -1   -2        0.99995408   0.00000000
         3    1   -2         3   -1   -2       -0.00000222   0.00000000
         3    1   -2         3    1   -2        0.99995610  -0.00000000
         3    1    4         3    1   -2       -0.00000073   0.00000000
         3    1    4         3    1    4        0.99995612   0.00000000
         3    3    4         3    1    4       -0.00000225  -0.00000000
         3    3    4         3    3    4        0.99995412   0.00000000
         3    4    1         3    3    4       -0.00000192   0.00000001
         3    4    1         3    4    1        0.99995610  -0.00000000
         3    4    3         3    4    1       -0.00000219   0.00000000
         3    4    3         3    4    3        0.99995405  -0.00000000
        -2   -5   -4         3    4    3       -0.00001629  -0.00000000
        -2   -5   -4        -2   -5   -4        0.99996219  -0.00000000
        -2   -4   -5        -2   -5   -4       -0.00002479   0.00000000
        -2   -4   -5        -2   -4   -5        0.99996220   0.00000000
        -2    1    2        -2   -4   -5        0.00000055  -0.00000000
        -2    1    2        -2    1    2        0.99996220   0.00000000
        -2    2    1        -2    1    2       -0.00002479  -0.00000001
        -2    2    1        -2    2    1        0.99996220  -0.00000000
        -1   -5   -3        -2    2    1       -0.00000255  -0.00000001
        -1   -5   -3        -1   -5   -3        0.99996220   0.00000000
        -1   -3   -5        -1   -5   -3        0.00000400   0.00000002
        -1   -3   -5        -1   -3   -5        0.99996220  -0.00000000
        -1    1    3        -1   -3   -5       -0.00001793   0.00000001
        -1    1    3        -1    1    3        0.99996219   0.00000000
        -1    3    1        -1    1    3        0.00000400  -0.00000001
        -1    3    1        -1    3    1        0.99996220   0.00000000
         1   -4   -2        -1    3    1        0.00002618   0.00000000
         1   -4   -2         1   -4   -2        0.99996220   0.00000000
         1   -2   -4         1   -4   -2        0.00000400  -0.00000002
         1   -2   -4         1   -2   -4        0.99996220  -0.00000000
         1    2    4         1   -2   -4       -0.00001791  -0.00000001
         1    2    4         1    2    4        0.99996220   0.00000000
         1    4    2         1    2    4        0.00000400   0.00000001
         1    4    2         1    4    2        0.99996219  -0.00000000
         2   -3   -2         1    4    2       -0.00000255  -0.00000002
         2   -3   -2         2   -3   -2        0.99996220   0.00000000
         2   -2   -3         2   -3   -2       -0.00002479  -0.00000000
         2   -2   -3         2   -2   -3        0.99996219  -0.00000000
         2    3    4         2   -2   -3        0.00000053   0.00000000
         2    3    4         2    3    4        0.99996220   0.00000000
         2    4    3         2    3    4       -0.00002479   0.00000001
         2    4    3         2    4    3        0.99996220   0.00000000
        -4   -5   -3         2    4    3       -0.00000302   0.00000001
        -4   -5   -3        -4   -5   -3        0.99997414   0.00000000
        -4   -3   -5        -4   -5   -3        0.00000108   0.00000001
        -4   -3   -5        -4   -3   -5        0.99997421  -0.00000000
        -4   -2    0        -4   -3   -5        0.00000145  -0.00000000
        -4   -2    0        -4   -2    0        0.99997421  -0.00000000
        -4    0   -2        -4   -2    0        0.00000108  -0.00000001
        -4    0   -2        -4    0   -2        0.99997414  -0.00000000
        -2   -5   -1        -4    0   -2        0.00000202   0.00000001
        -2   -5   -1        -2   -5   -1        0.99997421  -0.00000000
        -2   -2    2        -2   -5   -1       -0.00000044  -0.00000001
        -2   -2    2        -2   -2    2        0.99997414   0.00000000
        -2   -1   -5        -2   -2    2       -0.00000320   0.00000000
        -2   -1   -5        -2   -1   -5        0.99997414   0.00000000
        -2    2   -2        -2   -1   -5       -0.00000039   0.00000001
        -2    2   -2        -2    2   -2        0.99997421   0.00000000
         0   -4   -4        -2    2   -2       -0.00000122  -0.00000000
         0   -4   -4         0   -4   -4        0.99997706   0.00000000
         0    3    3         0   -4   -4        0.00000000   0.00000000
         0    3    3         0    3    3        0.99997706   0.00000000
         4    3    0         0    3    3       -0.00000057   0.00000000
         4    3    0         4    3    0        0.99997963   0.00000000
         4    3    4         4    3    0       -0.00000231   0.00000000
         4    3    4         4    3    4        0.99997442  -0.00000000
         4    4    3         4    3    4       -0.00001879   0.00000000
         4    4    3         4    4    3        0.99997439  -0.00000000
         5    2    2         4    4    3       -0.00000078   0.00000000
         5    2    2         5    2    2        0.99997480  -0.00000000
        -5   -4   -3         5    2    2       -0.00000902  -0.00000000
        -5   -4   -3        -5   -4   -3        0.99998390   0.00000000
        -5   -3   -4        -5   -4   -3       -0.00000975   0.00000001
        -5   -3   -4        -5   -3   -4        0.99998396  -0.00000000
        -5   -3   -2        -5   -3   -4       -0.00000210   0.00000000
        -5   -3   -2        -5   -3   -2        0.99998397   0.00000000
        -5   -2   -3        -5   -3   -2       -0.00000975  -0.00000001
        -5   -2   -3        -5   -2   -3        0.99998388   0.00000000
        -1   -5   -4        -5   -2   -3       -0.00000069  -0.00000000
        -1   -5   -4        -1   -5   -4        0.99998452   0.00000000
        -1   -4   -5        -1   -5   -4       -0.00001025  -0.00000000
        -1   -4   -5        -1   -4   -5        0.99998451  -0.00000000
        -1   -4    1        -1   -4   -5        0.00000029   0.00000000
        -1   -4    1        -1   -4    1        0.99998397   0.00000000
        -1   -3    2        -1   -4    1        0.00000119  -0.00000000
        -1   -3    2        -1   -3    2        0.99998390   0.00000000
        -1    1   -4        -1   -3    2       -0.00000014  -0.00000000
        -1    1   -4        -1    1   -4        0.99998388  -0.00000000
        -1    2   -3        -1    1   -4        0.00000117   0.00000000
        -1    2   -3        -1    2   -3        0.99998396   0.00000000
        -1    2    3        -1    2   -3        0.00000028  -0.00000001
        -1    2    3        -1    2    3        0.99998452   0.00000000
        -1    3    2        -1    2    3       -0.00001025   0.00000000
        -1    3    2        -1    3    2        0.99998451  -0.00000000
         1   -4   -3        -1    3    2       -0.00000000   0.00000000
         1   -4   -3         1   -4   -3        0.99998451   0.00000000
         1   -3   -4         1   -4   -3       -0.00001025   0.00000000
         1   -3   -4         1   -3   -4        0.99998452   0.00000000
         1   -3    2         1   -3   -4        0.00000027  -0.00000000
         1   -3    2         1   -3    2        0.99998388   0.00000000
         1   -2    3         1   -3    2        0.00000117   0.00000000
         1   -2    3         1   -2    3        0.99998396   0.00000000
         1    2   -3         1   -2    3       -0.00000014   0.00000000
         1    2   -3         1    2   -3        0.99998397   0.00000000
         1    3   -2         1    2   -3        0.00000119  -0.00000000
         1    3   -2         1    3   -2        0.99998390  -0.00000000
         1    3    4         1    3   -2        0.00000027   0.00000001
         1    3    4         1    3    4        0.99998451  -0.00000000
         1    4    3         1    3    4       -0.00001025  -0.00000000
         1    4    3         1    4    3        0.99998452   0.00000000
         5    1    2         1    4    3       -0.00000070  -0.00000001
         5    1    2         5    1    2        0.99998396   0.00000000
         5    2    1         5    1    2       -0.00000975  -0.00000001
         5    2    1         5    2    1        0.99998390   0.00000000
         5    2    3         5    2    1       -0.00000209  -0.00000000
         5    2    3         5    2    3        0.99998388  -0.00000000
         5    3    2         5    2    3       -0.00000975   0.00000001
         5    3    2         5    3    2        0.99998397  -0.00000000
        -5   -4   -4         5    3    2        0.00000680   0.00000000
        -5   -4   -4        -5   -4   -4        0.99998487   0.00000000
        -5   -2   -2        -5   -4   -4        0.00000445   0.00000000
        -5   -2   -2        -5   -2   -2        0.99998487  -0.00000000
        -4   -5   -2        -5   -2   -2       -0.00000131   0.00000001
        -4   -5   -2        -4   -5   -2        0.99998643   0.00000000
        -4   -3    0        -4   -5   -2        0.00000563  -0.00000000
        -4   -3    0        -4   -3    0        0.99998642   0.00000000
         0   -5   -3        -4   -3    0       -0.00000069   0.00000000
         0   -5   -3         0   -5   -3        0.99999027  -0.00000000
         0   -5   -1         0   -5   -3       -0.00000136   0.00000000
         0   -5   -1         0   -5   -1        0.99999008   0.00000000
         0   -3   -5         0   -5   -1       -0.00000067   0.00000000
         0   -3   -5         0   -3   -5        0.99999027  -0.00000000
         0   -1   -5         0   -3   -5       -0.00000136   0.00000000
         0   -1   -5         0   -1   -5        0.99999008   0.00000000
         0    0    4         0   -1   -5       -0.00000337  -0.00000000
         0    0    4         0    0    4        0.99999008  -0.00000000
         0    2    4         0    0    4       -0.00000136   0.00000000
         0    2    4         0    2    4        0.99999027  -0.00000000
         0    4    0         0    2    4       -0.00000067   0.00000000
         0    4    0         0    4    0        0.99999008  -0.00000000
         0    4    2         0    4    0       -0.00000136   0.00000000
         0    4    2         0    4    2        0.99999027   0.00000000
         2   -3   -3         0    4    2        0.00000000  -0.00000000
         2   -3   -3         2   -3   -3        0.99999027   0.00000000
         2    4    4         2   -3   -3        0.00000116  -0.00000000
         2    4    4         2    4    4        0.99999027  -0.00000000
         4   -1   -1         2    4    4       -0.00000162  -0.00000000
         4   -1   -1         4   -1   -1        0.99999008  -0.00000000
         4    4    4         4   -1   -1        0.00000082  -0.00000000
         4    4    4         4    4    4        0.99999008  -0.00000000
        -5   -4   -2         4    4    4        0.00000021  -0.00000000
        -5   -4   -2        -5   -4   -2        0.99999110  -0.00000000
        -5   -2   -4        -5   -4   -2       -0.00000045  -0.00000000
        -5   -2   -4        -5   -2   -4        0.99999110  -0.00000000
        -2   -4    1        -5   -2   -4       -0.00000000  -0.00000001
        -2   -4    1        -2   -4    1        0.99999110  -0.00000000
        -2    1   -4        -2   -4    1        0.00000071   0.00000000
        -2    1   -4        -2    1   -4        0.99999110   0.00000000
         2   -2    3        -2    1   -4        0.00000643  -0.00000000
         2   -2    3         2   -2    3        0.99999110  -0.00000000
         2    3   -2         2   -2    3        0.00000071  -0.00000000
         2    3   -2         2    3   -2        0.99999110  -0.00000000
         5    1    3         2    3   -2        0.00000000  -0.00000001
         5    1    3         5    1    3        0.99999110  -0.00000000
         5    3    1         5    1    3       -0.00000045   0.00000000
         5    3    1         5    3    1        0.99999110  -0.00000000
        -5   -5   -4         5    3    1        0.00000210   0.00000000
        -5   -5   -4        -5   -5   -4        0.99999341  -0.00000000
        -5   -4   -5        -5   -5   -4       -0.00000470   0.00000000
        -5   -4   -5        -5   -4   -5        0.99999341  -0.00000000
        -5   -2   -1        -5   -4   -5        0.00000049   0.00000000
        -5   -2   -1        -5   -2   -1        0.99999341   0.00000000
        -5   -1   -2        -5   -2   -1       -0.00000470   0.00000000
        -5   -1   -2        -5   -1   -2        0.99999341   0.00000000
        -3   -6   -3        -5   -1   -2       -0.00000050   0.00000000
        -3   -6   -3        -3   -6   -3        0.99999354   0.00000000
        -3   -3   -6        -3   -6   -3        0.00000130   0.00000000
        -3   -3   -6        -3   -3   -6        0.99999354   0.00000000
        -3   -1    2        -3   -3   -6        0.00000070   0.00000000
        -3   -1    2        -3   -1    2        0.99999354   0.00000000
        -3    2   -1        -3   -1    2        0.00000130  -0.00000000
        -3    2   -1        -3    2   -1        0.99999354   0.00000000
        -1   -5    0        -3    2   -1       -0.00000004   0.00000000
        -1   -5    0        -1   -5    0        0.99999341  -0.00000000
        -1   -2    3        -1   -5    0       -0.00000023   0.00000000
        -1   -2    3        -1   -2    3        0.99999341  -0.00000000
        -1    0   -5        -1   -2    3        0.00000193  -0.00000000
        -1    0   -5        -1    0   -5        0.99999341   0.00000000
        -1    3   -2        -1    0   -5       -0.00000024  -0.00000000
        -1    3   -2        -1    3   -2        0.99999341   0.00000000
         2    2   -3        -1    3   -2       -0.00000029   0.00000000
         2    2   -3         2    2   -3        0.99999432  -0.00000000
         2    2    5         2    2   -3        0.00000017   0.00000000
         2    2    5         2    2    5        0.99999400  -0.00000000
         2    4   -1         2    2    5        0.00000046   0.00000000
         2    4   -1         2    4   -1        0.99999430   0.00000000
         2    5    2         2    4   -1        0.00000157   0.00000000
         2    5    2         2    5    2        0.99999400   0.00000000
         3   -3   -1         2    5    2       -0.00000031   0.00000000
         3   -3   -1         3   -3   -1        0.99999400   0.00000000
         3   -1   -3         3   -3   -1       -0.00000083  -0.00000000
         3   -1   -3         3   -1   -3        0.99999400   0.00000000
         3    3    5         3   -1   -3        0.00000099   0.00000000
         3    3    5         3    3    5        0.99999401   0.00000000
         3    5    3         3    3    5       -0.00000083   0.00000000
         3    5    3         3    5    3        0.99999399   0.00000000
         5    0    2         3    5    3       -0.00000026  -0.00000000
         5    0    2         5    0    2        0.99999431   0.00000000
         5    2    0         5    0    2       -0.00000081  -0.00000000
         5    2    0         5    2    0        0.99999430   0.00000000
         5    2    4         5    2    0       -0.00000060  -0.00000000
         5    2    4         5    2    4        0.99999429  -0.00000000
         5    4    2         5    2    4       -0.00000081   0.00000000
         5    4    2         5    4    2        0.99999432   0.00000000
        -4   -6   -4         5    4    2        0.00000186  -0.00000000
        -4   -6   -4        -4   -6   -4        0.99999566  -0.00000000
        -4   -5   -1        -4   -6   -4        0.00000100   0.00000000
        -4   -5   -1        -4   -5   -1        0.99999598   0.00000000
        -4   -4   -6        -4   -5   -1       -0.00000051  -0.00000000
        -4   -4   -6        -4   -4   -6        0.99999566  -0.00000000
        -4   -4    0        -4   -4   -6        0.00000013   0.00000000
        -4   -4    0        -4   -4    0        0.99999598   0.00000000
        -4   -1   -5        -4   -4    0       -0.00000005   0.00000000
        -4   -1   -5        -4   -1   -5        0.99999597   0.00000000
        -4   -1    1        -4   -1   -5        0.00000013  -0.00000000
        -4   -1    1        -4   -1    1        0.99999566   0.00000000
        -4    0   -4        -4   -1    1       -0.00000051   0.00000000
        -4    0   -4        -4    0   -4        0.99999597   0.00000000
        -4    1   -1        -4    0   -4        0.00000100  -0.00000000
        -4    1   -1        -4    1   -1        0.99999566   0.00000000
        -2   -6   -4        -4    1   -1       -0.00000053  -0.00000000
        -2   -6   -4        -2   -6   -4        0.99999573   0.00000000
        -2   -6   -2        -2   -6   -4       -0.00000047  -0.00000000
        -2   -6   -2        -2   -6   -2        0.99999566  -0.00000000
        -2   -4   -6        -2   -6   -2       -0.00000023   0.00000000
        -2   -4   -6        -2   -4   -6        0.99999573  -0.00000000
        -2   -2   -6        -2   -4   -6       -0.00000046   0.00000000
        -2   -2   -6        -2   -2   -6        0.99999566   0.00000000
        -2   -1    3        -2   -2   -6       -0.00000093  -0.00000000
        -2   -1    3        -2   -1    3        0.99999566   0.00000000
        -2    1    3        -2   -1    3       -0.00000046  -0.00000000
        -2    1    3        -2    1    3        0.99999573  -0.00000000
        -2    3   -1        -2    1    3       -0.00000023  -0.00000000
        -2    3   -1        -2    3   -1        0.99999566  -0.00000000
        -2    3    1        -2    3   -1       -0.00000046   0.00000000
        -2    3    1        -2    3    1        0.99999573  -0.00000000
         2   -4   -2        -2    3    1       -0.00000000  -0.00000000
         2   -4   -2         2   -4   -2        0.99999573  -0.00000000
         2   -4    0         2   -4   -2       -0.00000046   0.00000000
         2   -4    0         2   -4    0        0.99999566   0.00000000
         2   -2   -4         2   -4    0       -0.00000023  -0.00000000
         2   -2   -4         2   -2   -4        0.99999573  -0.00000000
         2    0   -4         2   -2   -4       -0.00000047  -0.00000000
         2    0   -4         2    0   -4        0.99999566   0.00000000
         1   -4   -4         2    0   -4        0.00000022  -0.00000000
         1   -4   -4         1   -4   -4        0.99999624  -0.00000000
         1    4    4         1   -4   -4        0.00000144  -0.00000000
         1    4    4         1    4    4        0.99999624  -0.00000000
         3   -3    1         1    4    4       -0.00000047   0.00000000
         3   -3    1         3   -3    1        0.99999615   0.00000000
         3    1   -3         3   -3    1        0.00000011  -0.00000000
         3    1   -3         3    1   -3        0.99999615   0.00000000
         3    1    5         3    1   -3       -0.00000007  -0.00000000
         3    1    5         3    1    5        0.99999616   0.00000000
         3    5    1         3    1    5        0.00000011   0.00000000
         3    5    1         3    5    1        0.99999615   0.00000000
         4   -2    1         3    5    1       -0.00000039  -0.00000000
         4   -2    1         4   -2    1        0.99999616   0.00000000
         4    1   -2         4   -2    1        0.00000040  -0.00000000
         4    1   -2         4    1   -2        0.99999615  -0.00000000
         4    2    5         4    1   -2       -0.00000026  -0.00000000
         4    2    5         4    2    5        0.99999615   0.00000000
         4    5    2         4    2    5        0.00000040   0.00000000
         4    5    2         4    5    2        0.99999615   0.00000000
         5    0    0         4    5    2        0.00000005   0.00000000
         5    0    0         5    0    0        0.99999682   0.00000000
         5    4    4         5    0    0        0.00000072   0.00000000
         5    4    4         5    4    4        0.99999682   0.00000000


     q= 0.2500 0.5000 0.7500  nmtx=     560  nrk= 16

           independent matrix elements of chi       spin index= 1 1

          g          g**2          gp          gp**2          chi(g,gp)
   -1   -1   -1   0.46868        -1   -1   -1   0.46868       -0.0358751129  -0.0000000000
    0   -1   -1   0.46868         0   -1   -1   0.46868       -0.0358750944   0.0000000000
    0    0   -1   0.46868         0    0   -1   0.46868       -0.0358751129   0.0000000000
    0    0    0   0.46868        -1   -1   -1   0.46868        0.0034676746  -0.0000000105
    0    0    0   0.46868         0   -1   -1   0.46868        0.0000000000   0.0000000971
    0    0    0   0.46868         0    0   -1   0.46868       -0.0034676771   0.0000000105
    0    0    0   0.46868         0    0    0   0.46868       -0.0358750944   0.0000000000
    0    0    0   0.46868        -1   -1   -2   1.21856       -0.0030520304   0.0000002126
    0    0    0   0.46868        -1    0   -1   1.21856       -0.0000000076  -0.0000002215
    0    0    0   0.46868         0   -1    0   1.21856       -0.0064509409  -0.0000004602
    0    0    0   0.46868         1    0    0   1.21856       -0.0064509209   0.0000003533
    0    0    0   0.46868        -1   -2   -2   1.96844        0.0004307629   0.0000001656
    0    0    0   0.46868        -1   -2   -1   1.96844        0.0001273542  -0.0000002536
    0    0    0   0.46868        -1   -1    0   1.96844        0.0001079155  -0.0000002473
    0    0    0   0.46868        -1    0    0   1.96844       -0.0079153362   0.0000002209
    0    0    0   0.46868         0   -1   -2   1.96844        0.0004307923  -0.0000004694
    0    0    0   0.46868         0    1    0   1.96844       -0.0079153036  -0.0000006975
    0    0    0   0.46868         1    0   -1   1.96844       -0.0001273222   0.0000001281
    0    0    0   0.46868         1    1    0   1.96844        0.0001079299  -0.0000002303
    0    0    0   0.46868        -2   -2   -2   2.71832        0.0045074325   0.0000001189
    0    0    0   0.46868        -2   -1   -2   2.71832        0.0009406952   0.0000001696
    0    0    0   0.46868        -2   -1   -1   2.71832        0.0005106163   0.0000003576
    0    0    0   0.46868        -1    0   -2   2.71832        0.0009407044   0.0000005796
    0    0    0   0.46868         0   -2   -1   2.71832        0.0017866427   0.0000001302
    0    0    0   0.46868         0    0   -2   2.71832        0.0045074591   0.0000000233
    0    0    0   0.46868         0    0    1   2.71832       -0.0077444029   0.0000001078
    0    0    0   0.46868         0    1   -1   2.71832       -0.0005106313   0.0000000011
    0    0    0   0.46868         1   -1   -1   2.71832       -0.0017866289   0.0000005662
    0    0    0   0.46868         1   -1    0   2.71832       -0.0013871204   0.0000000958
    0    0    0   0.46868         1    0    1   2.71832        0.0000000077  -0.0000000302
    0    0    0   0.46868         1    1    1   2.71832        0.0077443958   0.0000003047
    0    0    0   0.46868        -2   -2   -1   3.46820        0.0001080183   0.0000000626
    0    0    0   0.46868         0   -2   -2   3.46820        0.0005219337  -0.0000001415
    0    0    0   0.46868         0    1    1   3.46820        0.0000000138   0.0000000351
    0    0    0   0.46868         1    1   -1   3.46820       -0.0001080130   0.0000004109
    0    0    0   0.46868         1   -2   -1   5.71784        0.0000000121  -0.0000003303
    0    0    0   0.46868         1    1    2   5.71784        0.0003123501   0.0000001400
    0    0    0   0.46868         2    0   -1   5.71784        0.0009288523  -0.0000001948
    0    0    0   0.46868         2    2    1   5.71784       -0.0022341674  -0.0000003020
    0    0    0   0.46868        -3   -2   -3   6.46772        0.0011257914   0.0000007818
    0    0    0   0.46868        -3   -1   -2   6.46772        0.0007632063   0.0000003201
    0    0    0   0.46868        -2   -3   -1   6.46772        0.0002193224  -0.0000004221
    0    0    0   0.46868        -2   -2    0   6.46772       -0.0018167317   0.0000000602
    0    0    0   0.46868        -1   -3   -3   6.46772        0.0003960467  -0.0000003776
    0    0    0   0.46868        -1    0   -3   6.46772       -0.0011258111   0.0000005083
    0    0    0   0.46868        -1    1   -2   6.46772        0.0007632117   0.0000001890
    0    0    0   0.46868        -1    1    1   6.46772        0.0012021965  -0.0000000857
    0    0    0   0.46868         0   -2   -3   6.46772       -0.0003960367  -0.0000003363
    0    0    0   0.46868         0    2    1   6.46772       -0.0012021848  -0.0000002067
    0    0    0   0.46868         1   -2    0   6.46772        0.0004472908  -0.0000003716
    0    0    0   0.46868         1    0    2   6.46772       -0.0015247032  -0.0000002168
    0    0    0   0.46868         2   -1    0   6.46772        0.0004472805   0.0000004843
    0    0    0   0.46868         2    1   -1   6.46772       -0.0002193082  -0.0000003223
    0    0    0   0.46868         2    1    2   6.46772       -0.0015247205   0.0000002801
    0    0    0   0.46868         2    2    0   6.46772       -0.0018167363  -0.0000003157
    0    0    0   0.46868        -3   -3   -3   7.21760        0.0001467134  -0.0000000822
    0    0    0   0.46868        -3   -3   -2   7.21760        0.0009046991  -0.0000001955
    0    0    0   0.46868        -3   -2   -1   7.21760        0.0003144381   0.0000002954
    0    0    0   0.46868        -3   -1   -1   7.21760        0.0000358276   0.0000000380
    0    0    0   0.46868         0   -3   -2   7.21760       -0.0003400531   0.0000000410
    0    0    0   0.46868         0   -3   -1   7.21760       -0.0004160705   0.0000000631
    0    0    0   0.46868         0    0   -3   7.21760       -0.0001467130   0.0000000543
    0    0    0   0.46868         0    0    2   7.21760       -0.0017976650   0.0000001169
    0    0    0   0.46868         0    1    2   7.21760       -0.0009324279   0.0000002114
    0    0    0   0.46868         0    2   -1   7.21760       -0.0000358294   0.0000000073
    0    0    0   0.46868         1   -2   -2   7.21760       -0.0003400474  -0.0000002007
    0    0    0   0.46868         1    1   -2   7.21760        0.0009047010   0.0000000581
    0    0    0   0.46868        -1    2   -1   9.46725        0.0006212792  -0.0000001799
    0    0    0   0.46868         0   -3   -3   9.46725       -0.0000000007  -0.0000000644
    0    0    0   0.46868         0   -3    0   9.46725       -0.0004302826  -0.0000001047
    0    0    0   0.46868         0   -1    2   9.46725        0.0002051275   0.0000000322
    0    0    0   0.46868         0    2    2   9.46725       -0.0009076262  -0.0000000174
    0    0    0   0.46868         1   -2    1   9.46725        0.0007813597   0.0000001721
    0    0    0   0.46868         1   -1   -3   9.46725       -0.0004368555  -0.0000001132
    0    0    0   0.46868         1   -1    2   9.46725       -0.0001637626  -0.0000001227
    0    0    0   0.46868         1    3    1   9.46725       -0.0002963997  -0.0000001293
    0    0    0   0.46868         2    0   -2   9.46725        0.0005241633   0.0000000193
    0    0    0   0.46868         2    2   -1   9.46725       -0.0004289117  -0.0000000556
    0    0    0   0.46868         2    3    1   9.46725       -0.0002913079  -0.0000002426
    0    0    0   0.46868         3    0    0   9.46725       -0.0004302785   0.0000001119
    0    0    0   0.46868         3    0    1   9.46725       -0.0007813518   0.0000001679
    0    0    0   0.46868         3    1    2   9.46725       -0.0001637602   0.0000001684
    0    0    0   0.46868         3    2    2   9.46725        0.0002051338   0.0000001470
    0    0    0   0.46868        -3   -4   -3  10.21713       -0.0000160811   0.0000000837
    0    0    0   0.46868        -3   -1    0  10.21713       -0.0005038368  -0.0000000021
    0    0    0   0.46868        -2   -3    0  10.21713       -0.0006042153  -0.0000001737
    0    0    0   0.46868        -1   -4   -2  10.21713       -0.0000204721  -0.0000001664
    0    0    0   0.46868        -1   -3   -4  10.21713        0.0002387346  -0.0000000304
    0    0    0   0.46868        -1    0    2  10.21713        0.0000057645   0.0000000277
    0    0    0   0.46868        -1    2    1  10.21713        0.0000000020  -0.0000001794
    0    0    0   0.46868         1    0   -3  10.21713        0.0000160759   0.0000000399
    0    0    0   0.46868         1    3    0  10.21713       -0.0005038349  -0.0000000387
    0    0    0   0.46868         2   -1   -2  10.21713       -0.0000204735   0.0000000646
    0    0    0   0.46868         2    3    2  10.21713        0.0000057683  -0.0000000442
    0    0    0   0.46868         3    2    0  10.21713       -0.0006042145   0.0000000908
    0    0    0   0.46868        -4   -3   -3  10.96701       -0.0000150369  -0.0000001021
    0    0    0   0.46868        -4   -2   -3  10.96701        0.0001159603   0.0000001462
    0    0    0   0.46868        -4   -2   -2  10.96701        0.0002021659   0.0000001612
    0    0    0   0.46868        -3   -4   -2  10.96701        0.0002964666   0.0000000032
    0    0    0   0.46868         1    2   -2  11.71689        0.0001979358   0.0000000533
    0    0    0   0.46868         1    2    3  11.71689       -0.0000000022  -0.0000000463
    0    0    0   0.46868         2   -1    2  11.71689       -0.0004102541   0.0000000349
    0    0    0   0.46868         3    0   -1  11.71689        0.0001217869  -0.0000000323
    0    0    0   0.46868         3    0    2  11.71689       -0.0004102528   0.0000000572
    0    0    0   0.46868         3    1   -1  11.71689       -0.0001918571  -0.0000000709
    0    0    0   0.46868         3    3    1  11.71689        0.0002576482   0.0000000648
    0    0    0   0.46868         3    3    2  11.71689        0.0005720552   0.0000000974
    0    0    0   0.46868        -4   -3   -4  12.46677       -0.0000833905  -0.0000001799
    0    0    0   0.46868        -4   -1   -2  12.46677        0.0001246800   0.0000001253
    0    0    0   0.46868        -1    0   -4  12.46677       -0.0000833910   0.0000000716
    0    0    0   0.46868        -1    2   -2  12.46677        0.0001246816  -0.0000000499
    0    0    0   0.46868         1   -3    0  12.46677       -0.0000046554  -0.0000001086
    0    0    0   0.46868         1    0    3  12.46677       -0.0004518332  -0.0000000034
    0    0    0   0.46868         3   -1    0  12.46677       -0.0000046563   0.0000001396
    0    0    0   0.46868         3    2    3  12.46677        0.0004518355  -0.0000000485
    0    0    0   0.46868        -4   -4   -3  13.21665        0.0000106338   0.0000000428
    0    0    0   0.46868        -4   -2   -4  13.21665        0.0000264617  -0.0000000592
    0    0    0   0.46868        -4   -2   -1  13.21665        0.0000580757   0.0000001000
    0    0    0   0.46868        -4   -1   -3  13.21665        0.0000702714   0.0000001567
    0    0    0   0.46868        -2    0   -4  13.21665        0.0000264616   0.0000000096
    0    0    0   0.46868        -2    1   -3  13.21665       -0.0000702741   0.0000001026
    0    0    0   0.46868         0   -4   -2  13.21665       -0.0001300861   0.0000000110
    0    0    0   0.46868         0    1    3  13.21665       -0.0003047770   0.0000000581
    0    0    0   0.46868         1    1   -3  13.21665       -0.0000106369  -0.0000000045
    0    0    0   0.46868         1    3   -1  13.21665       -0.0000580768   0.0000000892
    0    0    0   0.46868         2   -2   -2  13.21665       -0.0001300850  -0.0000000613
    0    0    0   0.46868         2   -2    1  13.21665        0.0002030805   0.0000001051
    0    0    0   0.46868         2    0    3  13.21665       -0.0002837496   0.0000000568
    0    0    0   0.46868         2    3    3  13.21665        0.0003047777   0.0000000176
    0    0    0   0.46868         3   -1    1  13.21665       -0.0002030798   0.0000001532
    0    0    0   0.46868         3    1    3  13.21665        0.0002837482  -0.0000000037
    0    0    0   0.46868         0   -4   -3  14.71641       -0.0000666493  -0.0000000156
    0    0    0   0.46868         0    2    3  14.71641       -0.0001620564  -0.0000000015
    0    0    0   0.46868         1   -3   -3  14.71641        0.0000666493  -0.0000000154
    0    0    0   0.46868         1   -2    2  14.71641        0.0002087915   0.0000000385
    0    0    0   0.46868         1    3    3  14.71641        0.0001620549   0.0000000028
    0    0    0   0.46868         2    2   -2  14.71641        0.0001186539   0.0000000011
    0    0    0   0.46868         2    3   -1  14.71641       -0.0000978561  -0.0000000222
    0    0    0   0.46868         4    1    2  14.71641        0.0002087910  -0.0000000284
    0    0    0   0.46868        -3   -5   -3  15.46630        0.0000582593   0.0000000910
    0    0    0   0.46868        -3   -4   -5  15.46630       -0.0000123793   0.0000000516
    0    0    0   0.46868        -3   -1    1  15.46630       -0.0000798275  -0.0000000454
    0    0    0   0.46868        -3    1    0  15.46630       -0.0000933824   0.0000000772
    0    0    0   0.46868        -2   -5   -3  15.46630        0.0001325820   0.0000000251
    0    0    0   0.46868        -2    0    2  15.46630        0.0001696292  -0.0000000311
    0    0    0   0.46868        -1   -4    0  15.46630       -0.0000878623  -0.0000000959
    0    0    0   0.46868        -1   -2   -5  15.46630        0.0000123759   0.0000000229
    0    0    0   0.46868        -1   -2    2  15.46630        0.0002459260   0.0000000484
    0    0    0   0.46868        -1    3    0  15.46630       -0.0000933829  -0.0000000565
    0    0    0   0.46868         2   -1   -3  15.46630       -0.0001325824  -0.0000000036
    0    0    0   0.46868         2    0   -3  15.46630       -0.0000582613   0.0000000234
    0    0    0   0.46868         2    4    1  15.46630        0.0000798291  -0.0000000444
    0    0    0   0.46868         2    4    2  15.46630        0.0001696283   0.0000000466
    0    0    0   0.46868         4    1    0  15.46630       -0.0000878624   0.0000000697
    0    0    0   0.46868         4    3    2  15.46630        0.0002459221  -0.0000000303
    0    0    0   0.46868        -4   -3   -5  16.21618        0.0000312518  -0.0000000791
    0    0    0   0.46868        -4   -1   -4  16.21618       -0.0000210150   0.0000000440
    0    0    0   0.46868        -4    0   -2  16.21618       -0.0000058054  -0.0000000387
    0    0    0   0.46868        -3   -5   -4  16.21618        0.0000144329   0.0000000967
    0    0    0   0.46868        -3    0   -4  16.21618       -0.0000210151   0.0000000025
    0    0    0   0.46868        -3    0    1  16.21618       -0.0000643145  -0.0000000241
    0    0    0   0.46868        -2   -5   -2  16.21618        0.0000827490   0.0000000043
    0    0    0   0.46868        -2   -4   -5  16.21618        0.0000393995   0.0000000401
    0    0    0   0.46868         1   -2   -4  16.96606        0.0000927240  -0.0000000323
    0    0    0   0.46868         1    4    2  16.96606        0.0001228472   0.0000000123
    0    0    0   0.46868         2   -3   -1  16.96606        0.0000000004  -0.0000000611
    0    0    0   0.46868         2    2    4  16.96606        0.0001067747  -0.0000000248
    0    0    0   0.46868         3    1   -2  16.96606        0.0000753787  -0.0000000340
    0    0    0   0.46868         3    4    1  16.96606        0.0001209498   0.0000000429
    0    0    0   0.46868         4    0    0  16.96606       -0.0000479275   0.0000000433
    0    0    0   0.46868         4    3    3  16.96606        0.0001487158  -0.0000000429
    0    0    0   0.46868        -5   -3   -4  17.71594        0.0000815043  -0.0000000871
    0    0    0   0.46868        -5   -2   -3  17.71594        0.0000724301  -0.0000000266
    0    0    0   0.46868        -4   -5   -4  17.71594       -0.0000046634   0.0000000284
    0    0    0   0.46868        -4   -5   -3  17.71594        0.0000405659   0.0000000508
    0    0    0   0.46868        -4   -2   -5  17.71594        0.0000632666  -0.0000000677
    0    0    0   0.46868        -4   -2    0  17.71594       -0.0000493646   0.0000000472
    0    0    0   0.46868        -4   -1    0  17.71594       -0.0000181347   0.0000000091
    0    0    0   0.46868        -4    0   -3  17.71594       -0.0000248957   0.0000000019
    0    0    0   0.46868        -3   -1   -5  17.71594       -0.0000632664   0.0000000039
    0    0    0   0.46868        -3    1   -3  17.71594        0.0000248945  -0.0000000102
    0    0    0   0.46868        -1   -5   -3  17.71594        0.0000236857  -0.0000000188
    0    0    0   0.46868        -1   -5   -2  17.71594       -0.0000287832  -0.0000000185
    0    0    0   0.46868        -1    0    3  17.71594       -0.0001644814   0.0000000350
    0    0    0   0.46868        -1    1   -4  17.71594        0.0000815028   0.0000000413
    0    0    0   0.46868        -1    1    3  17.71594       -0.0001442546   0.0000000397
    0    0    0   0.46868        -1    2   -3  17.71594       -0.0000724309   0.0000000020
    0    0    0   0.46868         1    0   -4  17.71594       -0.0000046640   0.0000000010
    0    0    0   0.46868         1    4    0  17.71594       -0.0000181336  -0.0000000435
    0    0    0   0.46868         2   -3    0  17.71594        0.0000045220  -0.0000000432
    0    0    0   0.46868         2   -2   -3  17.71594       -0.0000236851  -0.0000000301
    0    0    0   0.46868         2   -2    2  17.71594        0.0000410635   0.0000000264
    0    0    0   0.46868         2   -1    3  17.71594       -0.0001406140  -0.0000000084
    0    0    0   0.46868         2    1   -3  17.71594       -0.0000405658  -0.0000000021
    0    0    0   0.46868         2    1    4  17.71594        0.0001310125  -0.0000000015
    0    0    0   0.46868        -2   -5   -1  19.21570       -0.0000044854   0.0000000004
    0    0    0   0.46868        -2   -2    2  19.21570        0.0000684111  -0.0000000060
    0    0    0   0.46868        -2    1   -4  19.21570        0.0000965894   0.0000000207
    0    0    0   0.46868        -1   -4   -5  19.21570        0.0000000001   0.0000000208
    0    0    0   0.46868        -1    3    2  19.21570       -0.0001285532  -0.0000000084
    0    0    0   0.46868         0   -2   -5  19.21570       -0.0000241057   0.0000000014
    0    0    0   0.46868         0    4    1  19.21570       -0.0000125108  -0.0000000099
    0    0    0   0.46868         3   -2    1  19.21570        0.0000000001   0.0000000552
    0    0    0   0.46868         3    1    4  19.21570        0.0001084556  -0.0000000290
    0    0    0   0.46868         4    1   -1  19.21570        0.0000044852   0.0000000121
    0    0    0   0.46868         4    3    0  19.21570        0.0000022687   0.0000000253
    0    0    0   0.46868         4    4    2  19.21570        0.0000684081   0.0000000005
    0    0    0   0.46868        -4   -5   -5  19.96558       -0.0000219864  -0.0000000043
    0    0    0   0.46868        -4   -5   -2  19.96558        0.0000685597   0.0000000376
    0    0    0   0.46868        -4   -3    0  19.96558       -0.0000249091   0.0000000099
    0    0    0   0.46868        -4    0    0  19.96558       -0.0000276612  -0.0000000131
    0    0    0   0.46868        -1   -5   -4  19.96558        0.0000422657   0.0000000068
    0    0    0   0.46868        -1   -5   -1  19.96558       -0.0000319558  -0.0000000053
    0    0    0   0.46868        -1   -1    3  19.96558       -0.0000221457   0.0000000037
    0    0    0   0.46868        -1    2    3  19.96558       -0.0001001696   0.0000000091
    0    0    0   0.46868         0   -1   -5  19.96558        0.0000219877  -0.0000000077
    0    0    0   0.46868         0    4    0  19.96558       -0.0000276602   0.0000000031
    0    0    0   0.46868         1   -3   -4  19.96558        0.0000422655  -0.0000000000
    0    0    0   0.46868         1    4    3  19.96558        0.0001001689   0.0000000233
    0    0    0   0.46868         3    2   -2  19.96558        0.0000685606  -0.0000000084
    0    0    0   0.46868         3    4    0  19.96558       -0.0000249082  -0.0000000145
    0    0    0   0.46868         4    0   -1  19.96558        0.0000319565   0.0000000107
    0    0    0   0.46868         4    4    3  19.96558        0.0000221442  -0.0000000199
    0    0    0   0.46868        -5   -4   -5  20.71546       -0.0000309313   0.0000000192
    0    0    0   0.46868        -5   -4   -2  20.71546        0.0000888088  -0.0000000030
    0    0    0   0.46868        -5   -3   -5  20.71546        0.0000383162  -0.0000000218
    0    0    0   0.46868        -5   -1   -3  20.71546       -0.0000130651   0.0000000315
    0    0    0   0.46868        -3   -4   -6  21.46534        0.0000452796  -0.0000000006
    0    0    0   0.46868        -3    2    0  21.46534        0.0000207530   0.0000000317
    0    0    0   0.46868        -2   -3   -6  21.46534        0.0000452801   0.0000000052
    0    0    0   0.46868        -2    3    0  21.46534        0.0000207526  -0.0000000318
    0    0    0   0.46868        -1   -4    1  21.46534       -0.0000132650  -0.0000000322
    0    0    0   0.46868        -1   -3    2  21.46534       -0.0000084466   0.0000000278
    0    0    0   0.46868         0   -5   -2  21.46534       -0.0000666875   0.0000000038
    0    0    0   0.46868         0    1    4  21.46534        0.0000298397   0.0000000040
    0    0    0   0.46868         1    1   -4  21.46534       -0.0000496435   0.0000000014
    0    0    0   0.46868         1    4   -1  21.46534        0.0000347158   0.0000000072
    0    0    0   0.46868         3   -2   -2  21.46534       -0.0000666875  -0.0000000172
    0    0    0   0.46868         3   -1    3  21.46534       -0.0000410476  -0.0000000009
    0    0    0   0.46868         3    4    4  21.46534        0.0000298396  -0.0000000050
    0    0    0   0.46868         4    0    3  21.46534        0.0000410474  -0.0000000302
    0    0    0   0.46868         5    2    1  21.46534        0.0000132646  -0.0000000205
    0    0    0   0.46868         5    3    2  21.46534       -0.0000084483  -0.0000000412
    0    0    0   0.46868        -5   -5   -3  22.21522        0.0000085441   0.0000000086
    0    0    0   0.46868        -5   -3   -1  22.21522        0.0000060531  -0.0000000096
    0    0    0   0.46868        -4   -4   -6  22.21522        0.0000028660   0.0000000042
    0    0    0   0.46868        -4   -3   -6  22.21522        0.0000489488  -0.0000000087
    0    0    0   0.46868        -4    1   -2  22.21522        0.0000053184  -0.0000000268
    0    0    0   0.46868        -4    1   -1  22.21522       -0.0000106484  -0.0000000044
    0    0    0   0.46868        -3   -2   -6  22.21522        0.0000489488  -0.0000000146
    0    0    0   0.46868        -3    2   -2  22.21522        0.0000053189   0.0000000365
    0    0    0   0.46868        -2   -2   -6  22.21522        0.0000028657   0.0000000002
    0    0    0   0.46868        -2    3   -1  22.21522        0.0000106481  -0.0000000115
    0    0    0   0.46868         0   -5   -3  22.21522       -0.0000657497  -0.0000000024
    0    0    0   0.46868         0   -4    1  22.21522       -0.0000275233  -0.0000000120
    0    0    0   0.46868         0   -2    3  22.21522        0.0000166034   0.0000000037
    0    0    0   0.46868         0    2    4  22.21522        0.0000425787  -0.0000000076
    0    0    0   0.46868         1   -3    2  22.21522        0.0000138300   0.0000000333
    0    0    0   0.46868         1   -2    3  22.21522        0.0000175093  -0.0000000148
    0    0    0   0.46868         4   -1    2  22.96511        0.0000086384   0.0000000075
    0    0    0   0.46868         4    1    4  22.96511        0.0000343109  -0.0000000237
    0    0    0   0.46868         4    4    4  22.96511       -0.0000384693  -0.0000000109
    0    0    0   0.46868         5    3    1  22.96511       -0.0000067494  -0.0000000266
    0    0    0   0.46868        -4   -6   -4  23.71499       -0.0000320927  -0.0000000046
    0    0    0   0.46868        -4   -1    1  23.71499       -0.0000017757  -0.0000000037
    0    0    0   0.46868        -2   -6   -3  23.71499        0.0000715835   0.0000000105
    0    0    0   0.46868        -2    0    3  23.71499       -0.0000059950   0.0000000074
    0    0    0   0.46868         2    0   -4  23.71499       -0.0000320936   0.0000000037
    0    0    0   0.46868         2    5    1  23.71499        0.0000017752   0.0000000123
    0    0    0   0.46868         3   -1   -3  23.71499       -0.0000715836  -0.0000000050
    0    0    0   0.46868         3    5    3  23.71499        0.0000059947   0.0000000004
    0    0    0   0.46868        -4   -6   -3  24.46487        0.0000182839   0.0000000101
    0    0    0   0.46868        -4   -5   -6  24.46487       -0.0000409864  -0.0000000067
    0    0    0   0.46868        -4   -5   -1  24.46487        0.0000162891   0.0000000154
    0    0    0   0.46868        -4   -4    0  24.46487       -0.0000136111  -0.0000000056
    0    0    0   0.46868        -4   -2   -6  24.46487        0.0000712292  -0.0000000178
    0    0    0   0.46868        -4   -2    1  24.46487       -0.0000080718   0.0000000121
    0    0    0   0.46868        -4    1   -3  24.46487       -0.0000000002  -0.0000000212
    0    0    0   0.46868        -4    1    0  24.46487       -0.0000283614   0.0000000112
    0    0    0   0.46868        -3   -5   -6  24.46487       -0.0000009538  -0.0000000087
    0    0    0   0.46868        -3    2    1  24.46487        0.0000322139   0.0000000009
    0    0    0   0.46868        -2   -6   -4  24.46487        0.0000618776   0.0000000114
    0    0    0   0.46868        -2   -5    0  24.46487       -0.0000043402  -0.0000000107
    0    0    0   0.46868        -2   -3    2  24.46487       -0.0000039416   0.0000000052
    0    0    0   0.46868        -2    1    3  24.46487       -0.0000040645   0.0000000125
    0    0    0   0.46868        -1   -5   -5  24.46487        0.0000567889   0.0000000071
    0    0    0   0.46868        -1   -5    0  24.46487        0.0000177284  -0.0000000148
    0    0    0   0.46868        -1   -3   -6  24.46487       -0.0000009539   0.0000000107
    0    0    0   0.46868        -1   -2   -6  24.46487       -0.0000409873   0.0000000051
    0    0    0   0.46868        -1   -2    3  24.46487        0.0000200615   0.0000000077
    0    0    0   0.46868        -1    3    3  24.46487       -0.0000458770   0.0000000018
   -1   -1   -2   1.21856        -1   -1   -2   1.21856       -0.0355454202   0.0000000000
   -1    0   -1   1.21856        -1    0   -1   1.21856       -0.0355454202   0.0000000000
    0   -1    0   1.21856         0   -1    0   1.21856       -0.0355501875  -0.0000000000
    1    0    0   1.21856         1    0    0   1.21856       -0.0355501875   0.0000000000
   -1   -2   -2   1.96844        -1   -2   -2   1.96844       -0.0307398269  -0.0000000000
   -1   -2   -1   1.96844        -1   -2   -1   1.96844       -0.0307330894   0.0000000000
   -1   -1    0   1.96844        -1   -1    0   1.96844       -0.0307331993   0.0000000000
   -1    0    0   1.96844        -1    0    0   1.96844       -0.0307399369   0.0000000000
    0   -1   -2   1.96844         0   -1   -2   1.96844       -0.0307399369   0.0000000000
    0    1    0   1.96844         0    1    0   1.96844       -0.0307398269   0.0000000000
    1    0   -1   1.96844         1    0   -1   1.96844       -0.0307331993   0.0000000000
    1    1    0   1.96844         1    1    0   1.96844       -0.0307330894   0.0000000000
   -2   -2   -2   2.71832        -2   -2   -2   2.71832       -0.0251816917   0.0000000000
   -2   -1   -2   2.71832        -2   -1   -2   2.71832       -0.0248657508  -0.0000000000
   -2   -1   -1   2.71832        -2   -1   -1   2.71832       -0.0251817462  -0.0000000000
   -1    0   -2   2.71832        -1    0   -2   2.71832       -0.0248657508  -0.0000000000
    0   -2   -1   2.71832         0   -2   -1   2.71832       -0.0251865088   0.0000000000
    0    0   -2   2.71832         0    0   -2   2.71832       -0.0251817462  -0.0000000000
    0    0    1   2.71832         0    0    1   2.71832       -0.0251865632  -0.0000000000
    0    1   -1   2.71832         0    1   -1   2.71832       -0.0251816917  -0.0000000000
    1   -1   -1   2.71832         1   -1   -1   2.71832       -0.0251865632  -0.0000000000
    1   -1    0   2.71832         1   -1    0   2.71832       -0.0248632275  -0.0000000000
    1    0    1   2.71832         1    0    1   2.71832       -0.0248632275   0.0000000000
    1    1    1   2.71832         1    1    1   2.71832       -0.0251865088   0.0000000000
   -2   -2   -1   3.46820        -2   -2   -1   3.46820       -0.0182345803   0.0000000000
    0   -2   -2   3.46820         0   -2   -2   3.46820       -0.0182369496  -0.0000000000
    0    1    1   3.46820         0    1    1   3.46820       -0.0182369496  -0.0000000000
    1    1   -1   3.46820         1    1   -1   3.46820       -0.0182345803  -0.0000000000
    1   -2   -1   5.71784         1   -2   -1   5.71784       -0.0054741724   0.0000000000
    1    1    2   5.71784         1    1    2   5.71784       -0.0054741724  -0.0000000000
    2    0   -1   5.71784         2    0   -1   5.71784       -0.0054277130  -0.0000000000
    2    2    1   5.71784         2    2    1   5.71784       -0.0054276540   0.0000000000
   -3   -2   -3   6.46772        -3   -2   -3   6.46772       -0.0033948201  -0.0000000000
   -3   -1   -2   6.46772        -3   -1   -2   6.46772       -0.0033948175  -0.0000000000
   -2   -3   -1   6.46772        -2   -3   -1   6.46772       -0.0033569798   0.0000000000
   -2   -2    0   6.46772        -2   -2    0   6.46772       -0.0033569991  -0.0000000000
   -1   -3   -3   6.46772        -1   -3   -3   6.46772       -0.0033597882   0.0000000000
   -1    0   -3   6.46772        -1    0   -3   6.46772       -0.0033948175  -0.0000000000
   -1    1   -2   6.46772        -1    1   -2   6.46772       -0.0033948201  -0.0000000000
   -1    1    1   6.46772        -1    1    1   6.46772       -0.0033598074  -0.0000000000
    0   -2   -3   6.46772         0   -2   -3   6.46772       -0.0033598074   0.0000000000
    0    2    1   6.46772         0    2    1   6.46772       -0.0033597882   0.0000000000
    1   -2    0   6.46772         1   -2    0   6.46772       -0.0033908737  -0.0000000000
    1    0    2   6.46772         1    0    2   6.46772       -0.0033908711  -0.0000000000
    2   -1    0   6.46772         2   -1    0   6.46772       -0.0033908711  -0.0000000000
    2    1   -1   6.46772         2    1   -1   6.46772       -0.0033569991   0.0000000000
    2    1    2   6.46772         2    1    2   6.46772       -0.0033908737  -0.0000000000
    2    2    0   6.46772         2    2    0   6.46772       -0.0033569798  -0.0000000000
   -3   -3   -3   7.21760        -3   -3   -3   7.21760       -0.0020139859  -0.0000000000
   -3   -3   -2   7.21760        -3   -3   -2   7.21760       -0.0020727536  -0.0000000000
   -3   -2   -1   7.21760        -3   -2   -1   7.21760       -0.0020727851   0.0000000000
   -3   -1   -1   7.21760        -3   -1   -1   7.21760       -0.0020140105  -0.0000000000
    0   -3   -2   7.21760         0   -3   -2   7.21760       -0.0020736810   0.0000000000
    0   -3   -1   7.21760         0   -3   -1   7.21760       -0.0020142076   0.0000000000
    0    0   -3   7.21760         0    0   -3   7.21760       -0.0020140105  -0.0000000000
    0    0    2   7.21760         0    0    2   7.21760       -0.0020142322  -0.0000000000
    0    1    2   7.21760         0    1    2   7.21760       -0.0020737125   0.0000000000
    0    2   -1   7.21760         0    2   -1   7.21760       -0.0020139859   0.0000000000
    1   -2   -2   7.21760         1   -2   -2   7.21760       -0.0020737125   0.0000000000
    1    1   -2   7.21760         1    1   -2   7.21760       -0.0020727851  -0.0000000000
   -1    2   -1   9.46725        -1    2   -1   9.46725       -0.0005388463  -0.0000000000
    0   -3   -3   9.46725         0   -3   -3   9.46725       -0.0005356560   0.0000000000
    0   -3    0   9.46725         0   -3    0   9.46725       -0.0005390673   0.0000000000
    0   -1    2   9.46725         0   -1    2   9.46725       -0.0005390774  -0.0000000000
    0    2    2   9.46725         0    2    2   9.46725       -0.0005356560   0.0000000000
    1   -2    1   9.46725         1   -2    1   9.46725       -0.0005549571   0.0000000000
    1   -1   -3   9.46725         1   -1   -3   9.46725       -0.0005787858   0.0000000000
    1   -1    2   9.46725         1   -1    2   9.46725       -0.0005549791  -0.0000000000
    1    3    1   9.46725         1    3    1   9.46725       -0.0005787733   0.0000000000
    2    0   -2   9.46725         2    0   -2   9.46725       -0.0005783471   0.0000000000
    2    2   -1   9.46725         2    2   -1   9.46725       -0.0005355702   0.0000000000
    2    3    1   9.46725         2    3    1   9.46725       -0.0005783347  -0.0000000000
    3    0    0   9.46725         3    0    0   9.46725       -0.0005390774  -0.0000000000
    3    0    1   9.46725         3    0    1   9.46725       -0.0005549791  -0.0000000000
    3    1    2   9.46725         3    1    2   9.46725       -0.0005549571   0.0000000000
    3    2    2   9.46725         3    2    2   9.46725       -0.0005390673  -0.0000000000
   -3   -4   -3  10.21713        -3   -4   -3  10.21713       -0.0003831069  -0.0000000000
   -3   -1    0  10.21713        -3   -1    0  10.21713       -0.0003831143   0.0000000000
   -2   -3    0  10.21713        -2   -3    0  10.21713       -0.0003757651   0.0000000000
   -1   -4   -2  10.21713        -1   -4   -2  10.21713       -0.0003834688   0.0000000000
   -1   -3   -4  10.21713        -1   -3   -4  10.21713       -0.0003759256   0.0000000000
   -1    0    2  10.21713        -1    0    2  10.21713       -0.0003834762  -0.0000000000
   -1    2    1  10.21713        -1    2    1  10.21713       -0.0003759256   0.0000000000
    1    0   -3  10.21713         1    0   -3  10.21713       -0.0003831143  -0.0000000000
    1    3    0  10.21713         1    3    0  10.21713       -0.0003831069   0.0000000000
    2   -1   -2  10.21713         2   -1   -2  10.21713       -0.0003834762  -0.0000000000
    2    3    2  10.21713         2    3    2  10.21713       -0.0003834688  -0.0000000000
    3    2    0  10.21713         3    2    0  10.21713       -0.0003757651   0.0000000000
   -4   -3   -3  10.96701        -4   -3   -3  10.96701       -0.0002844772   0.0000000000
   -4   -2   -3  10.96701        -4   -2   -3  10.96701       -0.0002866478  -0.0000000000
   -4   -2   -2  10.96701        -4   -2   -2  10.96701       -0.0002844781   0.0000000000
   -3   -4   -2  10.96701        -3   -4   -2  10.96701       -0.0002685527  -0.0000000000
    1    2   -2  11.71689         1    2   -2  11.71689       -0.0001985984  -0.0000000000
    1    2    3  11.71689         1    2    3  11.71689       -0.0001985845  -0.0000000000
    2   -1    2  11.71689         2   -1    2  11.71689       -0.0001824439  -0.0000000000
    3    0   -1  11.71689         3    0   -1  11.71689       -0.0002022035   0.0000000000
    3    0    2  11.71689         3    0    2  11.71689       -0.0001824439  -0.0000000000
    3    1   -1  11.71689         3    1   -1  11.71689       -0.0001979152  -0.0000000000
    3    3    1  11.71689         3    3    1  11.71689       -0.0001979155   0.0000000000
    3    3    2  11.71689         3    3    2  11.71689       -0.0002021984   0.0000000000
   -4   -3   -4  12.46677        -4   -3   -4  12.46677       -0.0001513960  -0.0000000000
   -4   -1   -2  12.46677        -4   -1   -2  12.46677       -0.0001513972   0.0000000000
   -1    0   -4  12.46677        -1    0   -4  12.46677       -0.0001513972  -0.0000000000
   -1    2   -2  12.46677        -1    2   -2  12.46677       -0.0001513960  -0.0000000000
    1   -3    0  12.46677         1   -3    0  12.46677       -0.0001513187  -0.0000000000
    1    0    3  12.46677         1    0    3  12.46677       -0.0001513198   0.0000000000
    3   -1    0  12.46677         3   -1    0  12.46677       -0.0001513198   0.0000000000
    3    2    3  12.46677         3    2    3  12.46677       -0.0001513187  -0.0000000000
   -4   -4   -3  13.21665        -4   -4   -3  13.21665       -0.0001118725   0.0000000000
   -4   -2   -4  13.21665        -4   -2   -4  13.21665       -0.0001073456  -0.0000000000
   -4   -2   -1  13.21665        -4   -2   -1  13.21665       -0.0001118759  -0.0000000000
   -4   -1   -3  13.21665        -4   -1   -3  13.21665       -0.0001073514  -0.0000000000
   -2    0   -4  13.21665        -2    0   -4  13.21665       -0.0001073514  -0.0000000000
   -2    1   -3  13.21665        -2    1   -3  13.21665       -0.0001073456  -0.0000000000
    0   -4   -2  13.21665         0   -4   -2  13.21665       -0.0001118902   0.0000000000
    0    1    3  13.21665         0    1    3  13.21665       -0.0001118936  -0.0000000000
    1    1   -3  13.21665         1    1   -3  13.21665       -0.0001118759   0.0000000000
    1    3   -1  13.21665         1    3   -1  13.21665       -0.0001118725   0.0000000000
    2   -2   -2  13.21665         2   -2   -2  13.21665       -0.0001118936  -0.0000000000
    2   -2    1  13.21665         2   -2    1  13.21665       -0.0001073012  -0.0000000000
    2    0    3  13.21665         2    0    3  13.21665       -0.0001073069   0.0000000000
    2    3    3  13.21665         2    3    3  13.21665       -0.0001118902   0.0000000000
    3   -1    1  13.21665         3   -1    1  13.21665       -0.0001073069  -0.0000000000
    3    1    3  13.21665         3    1    3  13.21665       -0.0001073012   0.0000000000
    0   -4   -3  14.71641         0   -4   -3  14.71641       -0.0000624505   0.0000000000
    0    2    3  14.71641         0    2    3  14.71641       -0.0000624515   0.0000000000
    1   -3   -3  14.71641         1   -3   -3  14.71641       -0.0000624515   0.0000000000
    1   -2    2  14.71641         1   -2    2  14.71641       -0.0000676330  -0.0000000000
    1    3    3  14.71641         1    3    3  14.71641       -0.0000624505   0.0000000000
    2    2   -2  14.71641         2    2   -2  14.71641       -0.0000624343   0.0000000000
    2    3   -1  14.71641         2    3   -1  14.71641       -0.0000624333   0.0000000000
    4    1    2  14.71641         4    1    2  14.71641       -0.0000676330  -0.0000000000
   -3   -5   -3  15.46630        -3   -5   -3  15.46630       -0.0000556923  -0.0000000000
   -3   -4   -5  15.46630        -3   -4   -5  15.46630       -0.0000550322   0.0000000000
   -3   -1    1  15.46630        -3   -1    1  15.46630       -0.0000556928   0.0000000000
   -3    1    0  15.46630        -3    1    0  15.46630       -0.0000550304  -0.0000000000
   -2   -5   -3  15.46630        -2   -5   -3  15.46630       -0.0000557222   0.0000000000
   -2    0    2  15.46630        -2    0    2  15.46630       -0.0000557227   0.0000000000
   -1   -4    0  15.46630        -1   -4    0  15.46630       -0.0000550667  -0.0000000000
   -1   -2   -5  15.46630        -1   -2   -5  15.46630       -0.0000550304   0.0000000000
   -1   -2    2  15.46630        -1   -2    2  15.46630       -0.0000550649   0.0000000000
   -1    3    0  15.46630        -1    3    0  15.46630       -0.0000550322  -0.0000000000
    2   -1   -3  15.46630         2   -1   -3  15.46630       -0.0000557227   0.0000000000
    2    0   -3  15.46630         2    0   -3  15.46630       -0.0000556928  -0.0000000000
    2    4    1  15.46630         2    4    1  15.46630       -0.0000556923   0.0000000000
    2    4    2  15.46630         2    4    2  15.46630       -0.0000557222  -0.0000000000
    4    1    0  15.46630         4    1    0  15.46630       -0.0000550649   0.0000000000
    4    3    2  15.46630         4    3    2  15.46630       -0.0000550667   0.0000000000
   -4   -3   -5  16.21618        -4   -3   -5  16.21618       -0.0000420160  -0.0000000000
   -4   -1   -4  16.21618        -4   -1   -4  16.21618       -0.0000374777  -0.0000000000
   -4    0   -2  16.21618        -4    0   -2  16.21618       -0.0000420179  -0.0000000000
   -3   -5   -4  16.21618        -3   -5   -4  16.21618       -0.0000434855  -0.0000000000
   -3    0   -4  16.21618        -3    0   -4  16.21618       -0.0000374777  -0.0000000000
   -3    0    1  16.21618        -3    0    1  16.21618       -0.0000434865   0.0000000000
   -2   -5   -2  16.21618        -2   -5   -2  16.21618       -0.0000434856   0.0000000000
   -2   -4   -5  16.21618        -2   -4   -5  16.21618       -0.0000406898   0.0000000000
    1   -2   -4  16.96606         1   -2   -4  16.96606       -0.0000335313   0.0000000000
    1    4    2  16.96606         1    4    2  16.96606       -0.0000335307  -0.0000000000
    2   -3   -1  16.96606         2   -3   -1  16.96606       -0.0000354980   0.0000000000
    2    2    4  16.96606         2    2    4  16.96606       -0.0000354980  -0.0000000000
    3    1   -2  16.96606         3    1   -2  16.96606       -0.0000335228   0.0000000000
    3    4    1  16.96606         3    4    1  16.96606       -0.0000335222   0.0000000000
    4    0    0  16.96606         4    0    0  16.96606       -0.0000378787  -0.0000000000
    4    3    3  16.96606         4    3    3  16.96606       -0.0000378780   0.0000000000
   -5   -3   -4  17.71594        -5   -3   -4  17.71594       -0.0000276885   0.0000000000
   -5   -2   -3  17.71594        -5   -2   -3  17.71594       -0.0000276885   0.0000000000
   -4   -5   -4  17.71594        -4   -5   -4  17.71594       -0.0000295491   0.0000000000
   -4   -5   -3  17.71594        -4   -5   -3  17.71594       -0.0000259502  -0.0000000000
   -4   -2   -5  17.71594        -4   -2   -5  17.71594       -0.0000253063  -0.0000000000
   -4   -2    0  17.71594        -4   -2    0  17.71594       -0.0000259509  -0.0000000000
   -4   -1    0  17.71594        -4   -1    0  17.71594       -0.0000295493  -0.0000000000
   -4    0   -3  17.71594        -4    0   -3  17.71594       -0.0000253067  -0.0000000000
   -3   -1   -5  17.71594        -3   -1   -5  17.71594       -0.0000253067  -0.0000000000
   -3    1   -3  17.71594        -3    1   -3  17.71594       -0.0000253063   0.0000000000
   -1   -5   -3  17.71594        -1   -5   -3  17.71594       -0.0000259469  -0.0000000000
   -1   -5   -2  17.71594        -1   -5   -2  17.71594       -0.0000295553   0.0000000000
   -1    0    3  17.71594        -1    0    3  17.71594       -0.0000295555  -0.0000000000
   -1    1   -4  17.71594        -1    1   -4  17.71594       -0.0000276885   0.0000000000
   -1    1    3  17.71594        -1    1    3  17.71594       -0.0000259476   0.0000000000
   -1    2   -3  17.71594        -1    2   -3  17.71594       -0.0000276885   0.0000000000
    1    0   -4  17.71594         1    0   -4  17.71594       -0.0000295493   0.0000000000
    1    4    0  17.71594         1    4    0  17.71594       -0.0000295491   0.0000000000
    2   -3    0  17.71594         2   -3    0  17.71594       -0.0000276649   0.0000000000
    2   -2   -3  17.71594         2   -2   -3  17.71594       -0.0000259476  -0.0000000000
    2   -2    2  17.71594         2   -2    2  17.71594       -0.0000253096   0.0000000000
    2   -1    3  17.71594         2   -1    3  17.71594       -0.0000253100  -0.0000000000
    2    1   -3  17.71594         2    1   -3  17.71594       -0.0000259509  -0.0000000000
    2    1    4  17.71594         2    1    4  17.71594       -0.0000276649  -0.0000000000
   -2   -5   -1  19.21570        -2   -5   -1  19.21570       -0.0000181580  -0.0000000000
   -2   -2    2  19.21570        -2   -2    2  19.21570       -0.0000181576  -0.0000000000
   -2    1   -4  19.21570        -2    1   -4  19.21570       -0.0000174011  -0.0000000000
   -1   -4   -5  19.21570        -1   -4   -5  19.21570       -0.0000167442  -0.0000000000
   -1    3    2  19.21570        -1    3    2  19.21570       -0.0000167442  -0.0000000000
    0   -2   -5  19.21570         0   -2   -5  19.21570       -0.0000181478  -0.0000000000
    0    4    1  19.21570         0    4    1  19.21570       -0.0000181482   0.0000000000
    3   -2    1  19.21570         3   -2    1  19.21570       -0.0000173928   0.0000000000
    3    1    4  19.21570         3    1    4  19.21570       -0.0000173928  -0.0000000000
    4    1   -1  19.21570         4    1   -1  19.21570       -0.0000181576  -0.0000000000
    4    3    0  19.21570         4    3    0  19.21570       -0.0000167241  -0.0000000000
    4    4    2  19.21570         4    4    2  19.21570       -0.0000181580   0.0000000000
   -4   -5   -5  19.96558        -4   -5   -5  19.96558       -0.0000153051  -0.0000000000
   -4   -5   -2  19.96558        -4   -5   -2  19.96558       -0.0000138920   0.0000000000
   -4   -3    0  19.96558        -4   -3    0  19.96558       -0.0000138921  -0.0000000000
   -4    0    0  19.96558        -4    0    0  19.96558       -0.0000153053  -0.0000000000
   -1   -5   -4  19.96558        -1   -5   -4  19.96558       -0.0000138978  -0.0000000000
   -1   -5   -1  19.96558        -1   -5   -1  19.96558       -0.0000153167  -0.0000000000
   -1   -1    3  19.96558        -1   -1    3  19.96558       -0.0000153170  -0.0000000000
   -1    2    3  19.96558        -1    2    3  19.96558       -0.0000138978  -0.0000000000
    0   -1   -5  19.96558         0   -1   -5  19.96558       -0.0000153053  -0.0000000000
    0    4    0  19.96558         0    4    0  19.96558       -0.0000153051  -0.0000000000
    1   -3   -4  19.96558         1   -3   -4  19.96558       -0.0000138978  -0.0000000000
    1    4    3  19.96558         1    4    3  19.96558       -0.0000138978  -0.0000000000
    3    2   -2  19.96558         3    2   -2  19.96558       -0.0000138921  -0.0000000000
    3    4    0  19.96558         3    4    0  19.96558       -0.0000138920  -0.0000000000
    4    0   -1  19.96558         4    0   -1  19.96558       -0.0000153170   0.0000000000
    4    4    3  19.96558         4    4    3  19.96558       -0.0000153167  -0.0000000000
   -5   -4   -5  20.71546        -5   -4   -5  20.71546       -0.0000125706  -0.0000000000
   -5   -4   -2  20.71546        -5   -4   -2  20.71546       -0.0000115457   0.0000000000
   -5   -3   -5  20.71546        -5   -3   -5  20.71546       -0.0000117042   0.0000000000
   -5   -1   -3  20.71546        -5   -1   -3  20.71546       -0.0000117050   0.0000000000
   -3   -4   -6  21.46534        -3   -4   -6  21.46534       -0.0000098406   0.0000000000
   -3    2    0  21.46534        -3    2    0  21.46534       -0.0000098407  -0.0000000000
   -2   -3   -6  21.46534        -2   -3   -6  21.46534       -0.0000098407  -0.0000000000
   -2    3    0  21.46534        -2    3    0  21.46534       -0.0000098406   0.0000000000
   -1   -4    1  21.46534        -1   -4    1  21.46534       -0.0000098471  -0.0000000000
   -1   -3    2  21.46534        -1   -3    2  21.46534       -0.0000098472  -0.0000000000
    0   -5   -2  21.46534         0   -5   -2  21.46534       -0.0000103169  -0.0000000000
    0    1    4  21.46534         0    1    4  21.46534       -0.0000103171   0.0000000000
    1    1   -4  21.46534         1    1   -4  21.46534       -0.0000103255  -0.0000000000
    1    4   -1  21.46534         1    4   -1  21.46534       -0.0000103253   0.0000000000
    3   -2   -2  21.46534         3   -2   -2  21.46534       -0.0000103171   0.0000000000
    3   -1    3  21.46534         3   -1    3  21.46534       -0.0000092028   0.0000000000
    3    4    4  21.46534         3    4    4  21.46534       -0.0000103169   0.0000000000
    4    0    3  21.46534         4    0    3  21.46534       -0.0000092028   0.0000000000
    5    2    1  21.46534         5    2    1  21.46534       -0.0000098472  -0.0000000000
    5    3    2  21.46534         5    3    2  21.46534       -0.0000098471  -0.0000000000
   -5   -5   -3  22.21522        -5   -5   -3  22.21522       -0.0000078761  -0.0000000000
   -5   -3   -1  22.21522        -5   -3   -1  22.21522       -0.0000078763   0.0000000000
   -4   -4   -6  22.21522        -4   -4   -6  22.21522       -0.0000084364   0.0000000000
   -4   -3   -6  22.21522        -4   -3   -6  22.21522       -0.0000079922  -0.0000000000
   -4    1   -2  22.21522        -4    1   -2  22.21522       -0.0000079924  -0.0000000000
   -4    1   -1  22.21522        -4    1   -1  22.21522       -0.0000084365   0.0000000000
   -3   -2   -6  22.21522        -3   -2   -6  22.21522       -0.0000079924  -0.0000000000
   -3    2   -2  22.21522        -3    2   -2  22.21522       -0.0000079922  -0.0000000000
   -2   -2   -6  22.21522        -2   -2   -6  22.21522       -0.0000084365  -0.0000000000
   -2    3   -1  22.21522        -2    3   -1  22.21522       -0.0000084364   0.0000000000
    0   -5   -3  22.21522         0   -5   -3  22.21522       -0.0000078728  -0.0000000000
    0   -4    1  22.21522         0   -4    1  22.21522       -0.0000084477   0.0000000000
    0   -2    3  22.21522         0   -2    3  22.21522       -0.0000084479   0.0000000000
    0    2    4  22.21522         0    2    4  22.21522       -0.0000078730   0.0000000000
    1   -3    2  22.21522         1   -3    2  22.21522       -0.0000079969   0.0000000000
    1   -2    3  22.21522         1   -2    3  22.21522       -0.0000079970  -0.0000000000
    4   -1    2  22.96511         4   -1    2  22.96511       -0.0000065164  -0.0000000000
    4    1    4  22.96511         4    1    4  22.96511       -0.0000065163  -0.0000000000
    4    4    4  22.96511         4    4    4  22.96511       -0.0000060145   0.0000000000
    5    3    1  22.96511         5    3    1  22.96511       -0.0000065798   0.0000000000
   -4   -6   -4  23.71499        -4   -6   -4  23.71499       -0.0000059092   0.0000000000
   -4   -1    1  23.71499        -4   -1    1  23.71499       -0.0000059091   0.0000000000
   -2   -6   -3  23.71499        -2   -6   -3  23.71499       -0.0000059099  -0.0000000000
   -2    0    3  23.71499        -2    0    3  23.71499       -0.0000059099   0.0000000000
    2    0   -4  23.71499         2    0   -4  23.71499       -0.0000059091   0.0000000000
    2    5    1  23.71499         2    5    1  23.71499       -0.0000059092   0.0000000000
    3   -1   -3  23.71499         3   -1   -3  23.71499       -0.0000059099  -0.0000000000
    3    5    3  23.71499         3    5    3  23.71499       -0.0000059099   0.0000000000
   -4   -6   -3  24.46487        -4   -6   -3  24.46487       -0.0000046450  -0.0000000000
   -4   -5   -6  24.46487        -4   -5   -6  24.46487       -0.0000045270  -0.0000000000
   -4   -5   -1  24.46487        -4   -5   -1  24.46487       -0.0000045956   0.0000000000
   -4   -4    0  24.46487        -4   -4    0  24.46487       -0.0000045956   0.0000000000
   -4   -2   -6  24.46487        -4   -2   -6  24.46487       -0.0000046595   0.0000000000
   -4   -2    1  24.46487        -4   -2    1  24.46487       -0.0000046451  -0.0000000000
   -4    1   -3  24.46487        -4    1   -3  24.46487       -0.0000046595   0.0000000000
   -4    1    0  24.46487        -4    1    0  24.46487       -0.0000045271  -0.0000000000
   -3   -5   -6  24.46487        -3   -5   -6  24.46487       -0.0000047530  -0.0000000000
   -3    2    1  24.46487        -3    2    1  24.46487       -0.0000047530  -0.0000000000
   -2   -6   -4  24.46487        -2   -6   -4  24.46487       -0.0000046433   0.0000000000
   -2   -5    0  24.46487        -2   -5    0  24.46487       -0.0000047538  -0.0000000000
   -2   -3    2  24.46487        -2   -3    2  24.46487       -0.0000047538  -0.0000000000
   -2    1    3  24.46487        -2    1    3  24.46487       -0.0000046434  -0.0000000000
   -1   -5   -5  24.46487        -1   -5   -5  24.46487       -0.0000046025  -0.0000000000
   -1   -5    0  24.46487        -1   -5    0  24.46487       -0.0000045307  -0.0000000000
   -1   -3   -6  24.46487        -1   -3   -6  24.46487       -0.0000047530  -0.0000000000
   -1   -2   -6  24.46487        -1   -2   -6  24.46487       -0.0000045271   0.0000000000
   -1   -2    3  24.46487        -1   -2    3  24.46487       -0.0000045308   0.0000000000
   -1    3    3  24.46487        -1    3    3  24.46487       -0.0000046025  -0.0000000000


             g                   gp         inverse epsilon           nspin= 1
        -1   -1   -1        -1   -1   -1        0.37322885  -0.00000000
         0   -1   -1        -1   -1   -1       -0.02851524   0.00000035
         0   -1   -1         0   -1   -1        0.37322781   0.00000000
         0    0   -1         0   -1   -1       -0.02851516  -0.00000035
         0    0   -1         0    0   -1        0.37322885   0.00000000
         0    0    0         0    0   -1       -0.02851524   0.00000035
         0    0    0         0    0    0        0.37322781   0.00000000
        -1   -1   -2         0    0    0       -0.01620501  -0.00000048
        -1   -1   -2        -1   -1   -2        0.61292499  -0.00000000
        -1    0   -1        -1   -1   -2        0.00000000  -0.00000364
        -1    0   -1        -1    0   -1        0.61292499   0.00000000
         0   -1    0        -1    0   -1        0.00177678  -0.00000114
         0   -1    0         0   -1    0        0.61288818  -0.00000000
         1    0    0         0   -1    0        0.00000000   0.00000365
         1    0    0         1    0    0        0.61288818   0.00000000
        -1   -2   -2         1    0    0        0.01851443  -0.00000105
        -1   -2   -2        -1   -2   -2        0.74644294  -0.00000000
        -1   -2   -1        -1   -2   -2       -0.04483337  -0.00000119
        -1   -2   -1        -1   -2   -1        0.74648921   0.00000000
        -1   -1    0        -1   -2   -1        0.00258952  -0.00000960
        -1   -1    0        -1   -1    0        0.74648825   0.00000000
        -1    0    0        -1   -1    0       -0.04483258   0.00000119
        -1    0    0        -1    0    0        0.74644199   0.00000000
         0   -1   -2        -1    0    0        0.00000000   0.00000204
         0   -1   -2         0   -1   -2        0.74644199   0.00000000
         0    1    0         0   -1   -2       -0.00280096  -0.00000718
         0    1    0         0    1    0        0.74644294   0.00000000
         1    0   -1         0    1    0        0.00445197   0.00001071
         1    0   -1         1    0   -1        0.74648825   0.00000000
         1    1    0         1    0   -1       -0.00258952  -0.00000960
         1    1    0         1    1    0        0.74648921   0.00000000
        -2   -2   -2         1    1    0        0.01870993   0.00000939
        -2   -2   -2        -2   -2   -2        0.83565117   0.00000000
        -2   -1   -2        -2   -2   -2       -0.04142942  -0.00000974
        -2   -1   -2        -2   -1   -2        0.83243408  -0.00000000
        -2   -1   -1        -2   -1   -2       -0.04142959   0.00000524
        -2   -1   -1        -2   -1   -1        0.83565097  -0.00000000
        -1    0   -2        -2   -1   -1        0.01083712  -0.00002091
        -1    0   -2        -1    0   -2        0.83243408  -0.00000000
         0   -2   -1        -1    0   -2        0.01178252   0.00000266
         0   -2   -1         0   -2   -1        0.83562255   0.00000000
         0    0   -2         0   -2   -1        0.00778625  -0.00001540
         0    0   -2         0    0   -2        0.83565097  -0.00000000
         0    0    1         0    0   -2       -0.01642461   0.00000222
         0    0    1         0    0    1        0.83562235  -0.00000000
         0    1   -1         0    0    1        0.00778713   0.00001998
         0    1   -1         0    1   -1        0.83565117  -0.00000000
         1   -1   -1         0    1   -1        0.00779235  -0.00001537
         1   -1   -1         1   -1   -1        0.83562235  -0.00000000
         1   -1    0         1   -1   -1       -0.04144244   0.00000125
         1   -1    0         1   -1    0        0.83244995  -0.00000000
         1    0    1         1   -1    0        0.00000000   0.00001023
         1    0    1         1    0    1        0.83244995   0.00000000
         1    1    1         1    0    1       -0.04144228   0.00000324
         1    1    1         1    1    1        0.83562255   0.00000000
        -2   -2   -1         1    1    1        0.00802682   0.00000114
        -2   -2   -1        -2   -2   -1        0.89516391   0.00000000
         0   -2   -2        -2   -2   -1        0.00847465  -0.00000210
         0   -2   -2         0   -2   -2        0.89514933  -0.00000000
         0    1    1         0   -2   -2        0.00000000  -0.00000005
         0    1    1         0    1    1        0.89514933   0.00000000
         1    1   -1         0    1    1        0.00847465   0.00000210
         1    1   -1         1    1   -1        0.89516391   0.00000000
         1   -2   -1         1    1   -1       -0.00256358   0.00000222
         1   -2   -1         1   -2   -1        0.97958086   0.00000000
         1    1    2         1   -2   -1        0.00000000  -0.00000357
         1    1    2         1    1    2        0.97958086   0.00000000
         2    0   -1         1    1    2       -0.00075837  -0.00000112
         2    0   -1         2    0   -1        0.97984059  -0.00000000
         2    2    1         2    0   -1       -0.00475367  -0.00000169
         2    2    1         2    2    1        0.97984082   0.00000000
        -3   -2   -3         2    2    1        0.00153621   0.00000180
        -3   -2   -3        -3   -2   -3        0.98864977  -0.00000000
        -3   -1   -2        -3   -2   -3        0.00038174   0.00000463
        -3   -1   -2        -3   -1   -2        0.98864978  -0.00000000
        -2   -3   -1        -3   -1   -2        0.00248867   0.00000054
        -2   -3   -1        -2   -3   -1        0.98853098   0.00000000
        -2   -2    0        -2   -3   -1       -0.00011779  -0.00000620
        -2   -2    0        -2   -2    0        0.98853091  -0.00000000
        -1   -3   -3        -2   -2    0       -0.00098458   0.00000091
        -1   -3   -3        -1   -3   -3        0.98852061   0.00000000
        -1    0   -3        -1   -3   -3       -0.00208550   0.00000186
        -1    0   -3        -1    0   -3        0.98864978  -0.00000000
        -1    1   -2        -1    0   -3       -0.00038174   0.00000463
        -1    1   -2        -1    1   -2        0.98864977  -0.00000000
        -1    1    1        -1    1   -2       -0.00208535  -0.00000384
        -1    1    1        -1    1    1        0.98852054  -0.00000000
         0   -2   -3        -1    1    1       -0.00000000  -0.00000178
         0   -2   -3         0   -2   -3        0.98852054   0.00000000
         0    2    1         0   -2   -3       -0.00115318  -0.00000159
         0    2    1         0    2    1        0.98852061   0.00000000
         1   -2    0         0    2    1        0.00148996  -0.00000127
         1   -2    0         1   -2    0        0.98866446  -0.00000000
         1    0    2         1   -2    0       -0.00272846  -0.00000152
         1    0    2         1    0    2        0.98866448  -0.00000000
         2   -1    0         1    0    2       -0.00000000  -0.00000644
         2   -1    0         2   -1    0        0.98866448  -0.00000000
         2    1   -1         2   -1    0        0.00097822  -0.00000202
         2    1   -1         2    1   -1        0.98853091   0.00000000
         2    1    2         2    1   -1       -0.00208723   0.00000090
         2    1    2         2    1    2        0.98866446  -0.00000000
         2    2    0         2    1    2        0.00097823   0.00000750
         2    2    0         2    2    0        0.98853098  -0.00000000
        -3   -3   -3         2    2    0        0.00083349   0.00000074
        -3   -3   -3        -3   -3   -3        0.99388286  -0.00000000
        -3   -3   -2        -3   -3   -3       -0.00254226   0.00000133
        -3   -3   -2        -3   -3   -2        0.99369655  -0.00000000
        -3   -2   -1        -3   -3   -2        0.00036590  -0.00000260
        -3   -2   -1        -3   -2   -1        0.99369645   0.00000000
        -3   -1   -1        -3   -2   -1       -0.00254227  -0.00000007
        -3   -1   -1        -3   -1   -1        0.99388279  -0.00000000
         0   -3   -2        -3   -1   -1       -0.00080200  -0.00000021
         0   -3   -2         0   -3   -2        0.99369380   0.00000000
         0   -3   -1         0   -3   -2       -0.00253591  -0.00000245
         0   -3   -1         0   -3   -1        0.99388229   0.00000000
         0    0   -3         0   -3   -1       -0.00033749  -0.00000063
         0    0   -3         0    0   -3        0.99388279  -0.00000000
         0    0    2         0    0   -3       -0.00031788   0.00000021
         0    0    2         0    0    2        0.99388222  -0.00000000
         0    1    2         0    0    2       -0.00253592   0.00000120
         0    1    2         0    1    2        0.99369370  -0.00000000
         0    2   -1         0    1    2        0.00007916   0.00000119
         0    2   -1         0    2   -1        0.99388286   0.00000000
         1   -2   -2         0    2   -1        0.00080200  -0.00000037
         1   -2   -2         1   -2   -2        0.99369370  -0.00000000
         1    1   -2         1   -2   -2       -0.00136842  -0.00000085
         1    1   -2         1    1   -2        0.99369645  -0.00000000
        -1    2   -1         1    1   -2        0.00058731  -0.00000112
        -1    2   -1        -1    2   -1        0.99876736  -0.00000000
         0   -3   -3        -1    2   -1       -0.00004408   0.00000038
         0   -3   -3         0   -3   -3        0.99873770   0.00000000
         0   -3    0         0   -3   -3       -0.00034311  -0.00000053
         0   -3    0         0   -3    0        0.99876686   0.00000000
         0   -1    2         0   -3    0       -0.00005188   0.00000007
         0   -1    2         0   -1    2        0.99876683  -0.00000000
         0    2    2         0   -1    2       -0.00034312   0.00000029
         0    2    2         0    2    2        0.99873770   0.00000000
         1   -2    1         0    2    2        0.00004663   0.00000051
         1   -2    1         1   -2    1        0.99873103  -0.00000000
         1   -1   -3         1   -2    1        0.00013503  -0.00000063
         1   -1   -3         1   -1   -3        0.99871105   0.00000000
         1   -1    2         1   -1   -3        0.00009946  -0.00000013
         1   -1    2         1   -1    2        0.99873098  -0.00000000
         1    3    1         1   -1    2        0.00013505   0.00000077
         1    3    1         1    3    1        0.99871109   0.00000000
         2    0   -2         1    3    1       -0.00002857   0.00000051
         2    0   -2         2    0   -2        0.99871219   0.00000000
         2    2   -1         2    0   -2        0.00008625  -0.00000029
         2    2   -1         2    2   -1        0.99873783   0.00000000
         2    3    1         2    2   -1        0.00008625   0.00000038
         2    3    1         2    3    1        0.99871223  -0.00000000
         3    0    0         2    3    1       -0.00023953   0.00000074
         3    0    0         3    0    0        0.99876683  -0.00000000
         3    0    1         3    0    0       -0.00045376  -0.00000054
         3    0    1         3    0    1        0.99873098   0.00000000
         3    1    2         3    0    1        0.00028632   0.00000108
         3    1    2         3    1    2        0.99873103   0.00000000
         3    2    2         3    1    2       -0.00045373   0.00000004
         3    2    2         3    2    2        0.99876686  -0.00000000
        -3   -4   -3         3    2    2        0.00009228  -0.00000024
        -3   -4   -3        -3   -4   -3        0.99917707  -0.00000000
        -3   -1    0        -3   -4   -3       -0.00000040  -0.00000016
        -3   -1    0        -3   -1    0        0.99917706   0.00000000
        -2   -3    0        -3   -1    0       -0.00003888   0.00000007
        -2   -3    0        -2   -3    0        0.99921761   0.00000000
        -1   -4   -2        -2   -3    0        0.00001372  -0.00000015
        -1   -4   -2        -1   -4   -2        0.99917625   0.00000000
        -1   -3   -4        -1   -4   -2       -0.00003880   0.00000026
        -1   -3   -4        -1   -3   -4        0.99921730   0.00000000
        -1    0    2        -1   -3   -4       -0.00003385  -0.00000018
        -1    0    2        -1    0    2        0.99917624  -0.00000000
        -1    2    1        -1    0    2       -0.00003879   0.00000014
        -1    2    1        -1    2    1        0.99921730   0.00000000
         1    0   -3        -1    2    1        0.00017209   0.00000000
         1    0   -3         1    0   -3        0.99917706  -0.00000000
         1    3    0         1    0   -3        0.00000040  -0.00000016
         1    3    0         1    3    0        0.99917707  -0.00000000
         2   -1   -2         1    3    0        0.00001818  -0.00000033
         2   -1   -2         2   -1   -2        0.99917624  -0.00000000
         2    3    2         2   -1   -2       -0.00011082   0.00000017
         2    3    2         2    3    2        0.99917625   0.00000000
         3    2    0         2    3    2       -0.00001372  -0.00000015
         3    2    0         3    2    0        0.99921761   0.00000000
        -4   -3   -3         3    2    0        0.00003261   0.00000005
        -4   -3   -3        -4   -3   -3        0.99943602   0.00000000
        -4   -2   -3        -4   -3   -3       -0.00021884   0.00000014
        -4   -2   -3        -4   -2   -3        0.99944477  -0.00000000
        -4   -2   -2        -4   -2   -3       -0.00021884  -0.00000007
        -4   -2   -2        -4   -2   -2        0.99943602  -0.00000000
        -3   -4   -2        -4   -2   -2       -0.00003255   0.00000011
        -3   -4   -2        -3   -4   -2        0.99948173  -0.00000000
         1    2   -2        -3   -4   -2       -0.00002109   0.00000001
         1    2   -2         1    2   -2        0.99964405   0.00000000
         1    2    3         1    2   -2       -0.00000394   0.00000005
         1    2    3         1    2    3        0.99964405  -0.00000000
         2   -1    2         1    2    3       -0.00006483  -0.00000006
         2   -1    2         2   -1    2        0.99966438  -0.00000000
         3    0   -1         2   -1    2        0.00002824  -0.00000007
         3    0   -1         3    0   -1        0.99963550   0.00000000
         3    0    2         3    0   -1       -0.00007696  -0.00000001
         3    0    2         3    0    2        0.99966438  -0.00000000
         3    1   -1         3    0    2       -0.00004011   0.00000004
         3    1   -1         3    1   -1        0.99963342  -0.00000000
         3    3    1         3    1   -1        0.00005244   0.00000016
         3    3    1         3    3    1        0.99963342   0.00000000
         3    3    2         3    3    1       -0.00013746   0.00000012
         3    3    2         3    3    2        0.99963551   0.00000000
        -4   -3   -4         3    3    2       -0.00000413   0.00000003
        -4   -3   -4        -4   -3   -4        0.99973711  -0.00000000
        -4   -1   -2        -4   -3   -4        0.00003911  -0.00000015
        -4   -1   -2        -4   -1   -2        0.99973711   0.00000000
        -1    0   -4        -4   -1   -2        0.00000000  -0.00000017
        -1    0   -4        -1    0   -4        0.99973711  -0.00000000
        -1    2   -2        -1    0   -4        0.00003911   0.00000015
        -1    2   -2        -1    2   -2        0.99973711  -0.00000000
         1   -3    0        -1    2   -2        0.00004516   0.00000002
         1   -3    0         1   -3    0        0.99973725  -0.00000000
         1    0    3         1   -3    0       -0.00001744  -0.00000006
         1    0    3         1    0    3        0.99973725   0.00000000
         3   -1    0         1    0    3       -0.00000000  -0.00000025
         3   -1    0         3   -1    0        0.99973725   0.00000000
         3    2    3         3   -1    0        0.00001744  -0.00000006
         3    2    3         3    2    3        0.99973725  -0.00000000
        -4   -4   -3         3    2    3        0.00001961   0.00000002
        -4   -4   -3        -4   -4   -3        0.99981313   0.00000000
        -4   -2   -4        -4   -4   -3       -0.00000084  -0.00000002
        -4   -2   -4        -4   -2   -4        0.99982576  -0.00000000
        -4   -2   -1        -4   -2   -4       -0.00002793  -0.00000001
        -4   -2   -1        -4   -2   -1        0.99981313  -0.00000000
        -4   -1   -3        -4   -2   -1       -0.00000084  -0.00000002
        -4   -1   -3        -4   -1   -3        0.99982575   0.00000000
        -2    0   -4        -4   -1   -3       -0.00000000  -0.00000008
        -2    0   -4        -2    0   -4        0.99982575  -0.00000000
        -2    1   -3        -2    0   -4       -0.00002251   0.00000008
        -2    1   -3        -2    1   -3        0.99982576  -0.00000000
         0   -4   -2        -2    1   -3       -0.00000579   0.00000002
         0   -4   -2         0   -4   -2        0.99981310   0.00000000
         0    1    3         0   -4   -2       -0.00000174   0.00000004
         0    1    3         0    1    3        0.99981309  -0.00000000
         1    1   -3         0    1    3        0.00002362  -0.00000000
         1    1   -3         1    1   -3        0.99981313  -0.00000000
         1    3   -1         1    1   -3        0.00004035  -0.00000010
         1    3   -1         1    3   -1        0.99981313   0.00000000
         2   -2   -2         1    3   -1        0.00001883  -0.00000008
         2   -2   -2         2   -2   -2        0.99981309  -0.00000000
         2   -2    1         2   -2   -2       -0.00002790  -0.00000002
         2   -2    1         2   -2    1        0.99982585  -0.00000000
         2    0    3         2   -2    1        0.00004201   0.00000020
         2    0    3         2    0    3        0.99982584   0.00000000
         2    3    3         2    0    3       -0.00002790   0.00000001
         2    3    3         2    3    3        0.99981310  -0.00000000
         3   -1    1         2    3    3       -0.00001203   0.00000002
         3   -1    1         3   -1    1        0.99982584  -0.00000000
         3    1    3         3   -1    1        0.00004201  -0.00000020
         3    1    3         3    1    3        0.99982585   0.00000000
         0   -4   -3         3    1    3        0.00000493  -0.00000008
         0   -4   -3         0   -4   -3        0.99990946  -0.00000000
         0    2    3         0   -4   -3       -0.00002184   0.00000001
         0    2    3         0    2    3        0.99990946   0.00000000
         1   -3   -3         0    2    3       -0.00000000   0.00000002
         1   -3   -3         1   -3   -3        0.99990946   0.00000000
         1   -2    2         1   -3   -3        0.00000251  -0.00000001
         1   -2    2         1   -2    2        0.99990368   0.00000000
         1    3    3         1   -2    2        0.00000251   0.00000005
         1    3    3         1    3    3        0.99990946   0.00000000
         2    2   -2         1    3    3        0.00000307  -0.00000001
         2    2   -2         2    2   -2        0.99990948   0.00000000
         2    3   -1         2    2   -2       -0.00000618  -0.00000003
         2    3   -1         2    3   -1        0.99990948   0.00000000
         4    1    2         2    3   -1       -0.00000946  -0.00000002
         4    1    2         4    1    2        0.99990368  -0.00000000
        -3   -5   -3         4    1    2       -0.00000124  -0.00000001
        -3   -5   -3        -3   -5   -3        0.99992207  -0.00000000
        -3   -4   -5        -3   -5   -3       -0.00000799   0.00000005
        -3   -4   -5        -3   -4   -5        0.99992466   0.00000000
        -3   -1    1        -3   -4   -5       -0.00000632  -0.00000002
        -3   -1    1        -3   -1    1        0.99992207   0.00000000
        -3    1    0        -3   -1    1       -0.00000799  -0.00000003
        -3    1    0        -3    1    0        0.99992467  -0.00000000
        -2   -5   -3        -3    1    0       -0.00001502   0.00000001
        -2   -5   -3        -2   -5   -3        0.99992202   0.00000000
        -2    0    2        -2   -5   -3       -0.00000037  -0.00000000
        -2    0    2        -2    0    2        0.99992202   0.00000000
        -1   -4    0        -2    0    2       -0.00000602  -0.00000001
        -1   -4    0        -1   -4    0        0.99992461  -0.00000000
        -1   -2   -5        -1   -4    0        0.00001354   0.00000003
        -1   -2   -5        -1   -2   -5        0.99992467   0.00000000
        -1   -2    2        -1   -2   -5        0.00000024   0.00000000
        -1   -2    2        -1   -2    2        0.99992462   0.00000000
        -1    3    0        -1   -2    2        0.00001355  -0.00000002
        -1    3    0        -1    3    0        0.99992466   0.00000000
         2   -1   -3        -1    3    0        0.00001502   0.00000001
         2   -1   -3         2   -1   -3        0.99992202   0.00000000
         2    0   -3         2   -1   -3       -0.00004191   0.00000001
         2    0   -3         2    0   -3        0.99992207  -0.00000000
         2    4    1         2    0   -3        0.00001077  -0.00000002
         2    4    1         2    4    1        0.99992207   0.00000000
         2    4    2         2    4    1       -0.00004191  -0.00000001
         2    4    2         2    4    2        0.99992202  -0.00000000
         4    1    0         2    4    2       -0.00000602  -0.00000002
         4    1    0         4    1    0        0.99992462  -0.00000000
         4    3    2         4    1    0        0.00001522   0.00000007
         4    3    2         4    3    2        0.99992461   0.00000000
        -4   -3   -5         4    3    2       -0.00000582   0.00000003
        -4   -3   -5        -4   -3   -5        0.99994390  -0.00000000
        -4   -1   -4        -4   -3   -5        0.00001729  -0.00000001
        -4   -1   -4        -4   -1   -4        0.99995117  -0.00000000
        -4    0   -2        -4   -1   -4        0.00001729  -0.00000001
        -4    0   -2        -4    0   -2        0.99994390  -0.00000000
        -3   -5   -4        -4    0   -2       -0.00000235  -0.00000001
        -3   -5   -4        -3   -5   -4        0.99994346  -0.00000000
        -3    0   -4        -3   -5   -4       -0.00000256   0.00000000
        -3    0   -4        -3    0   -4        0.99995117  -0.00000000
        -3    0    1        -3    0   -4       -0.00000256   0.00000001
        -3    0    1        -3    0    1        0.99994346   0.00000000
        -2   -5   -2        -3    0    1       -0.00000304   0.00000001
        -2   -5   -2        -2   -5   -2        0.99994346   0.00000000
        -2   -4   -5        -2   -5   -2       -0.00000602   0.00000001
        -2   -4   -5        -2   -4   -5        0.99994678  -0.00000000
         1   -2   -4        -2   -4   -5       -0.00000097  -0.00000001
         1   -2   -4         1   -2   -4        0.99995794   0.00000000
         1    4    2         1   -2   -4        0.00000388   0.00000000
         1    4    2         1    4    2        0.99995794  -0.00000000
         2   -3   -1         1    4    2        0.00000018  -0.00000001
         2   -3   -1         2   -3   -1        0.99995341   0.00000000
         2    2    4         2   -3   -1        0.00000000   0.00000002
         2    2    4         2    2    4        0.99995341  -0.00000000
         3    1   -2         2    2    4       -0.00000085  -0.00000002
         3    1   -2         3    1   -2        0.99995795   0.00000000
         3    4    1         3    1   -2        0.00000039   0.00000001
         3    4    1         3    4    1        0.99995795   0.00000000
         4    0    0         3    4    1       -0.00000733  -0.00000003
         4    0    0         4    0    0        0.99995213   0.00000000
         4    3    3         4    0    0        0.00000019   0.00000000
         4    3    3         4    3    3        0.99995213   0.00000000
        -5   -3   -4         4    3    3        0.00000138   0.00000000
        -5   -3   -4        -5   -3   -4        0.99996628   0.00000000
        -5   -2   -3        -5   -3   -4       -0.00000060   0.00000000
        -5   -2   -3        -5   -2   -3        0.99996628   0.00000000
        -4   -5   -4        -5   -2   -3       -0.00000207  -0.00000000
        -4   -5   -4        -4   -5   -4        0.99996447   0.00000000
        -4   -5   -3        -4   -5   -4       -0.00001834   0.00000001
        -4   -5   -3        -4   -5   -3        0.99996848  -0.00000000
        -4   -2   -5        -4   -5   -3        0.00000541  -0.00000000
        -4   -2   -5        -4   -2   -5        0.99996937   0.00000000
        -4   -2    0        -4   -2   -5       -0.00000155   0.00000001
        -4   -2    0        -4   -2    0        0.99996848  -0.00000000
        -4   -1    0        -4   -2    0       -0.00001834  -0.00000001
        -4   -1    0        -4   -1    0        0.99996447  -0.00000000
        -4    0   -3        -4   -1    0       -0.00000140  -0.00000000
        -4    0   -3        -4    0   -3        0.99996937  -0.00000000
        -3   -1   -5        -4    0   -3        0.00000000  -0.00000000
        -3   -1   -5        -3   -1   -5        0.99996937  -0.00000000
        -3    1   -3        -3   -1   -5        0.00001177   0.00000001
        -3    1   -3        -3    1   -3        0.99996937   0.00000000
        -1   -5   -3        -3    1   -3        0.00000535   0.00000000
        -1   -5   -3        -1   -5   -3        0.99996848  -0.00000000
        -1   -5   -2        -1   -5   -3       -0.00001831  -0.00000001
        -1   -5   -2        -1   -5   -2        0.99996446   0.00000000
        -1    0    3        -1   -5   -2       -0.00000221  -0.00000001
        -1    0    3        -1    0    3        0.99996446  -0.00000000
        -1    1   -4        -1    0    3       -0.00000264   0.00000000
        -1    1   -4        -1    1   -4        0.99996628   0.00000000
        -1    1    3        -1    1   -4       -0.00000692  -0.00000001
        -1    1    3        -1    1    3        0.99996848   0.00000000
        -1    2   -3        -1    1    3        0.00000292  -0.00000000
        -1    2   -3        -1    2   -3        0.99996628   0.00000000
         1    0   -4        -1    2   -3        0.00000207  -0.00000001
         1    0   -4         1    0   -4        0.99996447  -0.00000000
         1    4    0         1    0   -4        0.00000679  -0.00000001
         1    4    0         1    4    0        0.99996447   0.00000000
         2   -3    0         1    4    0       -0.00000265  -0.00000001
         2   -3    0         2   -3    0        0.99996631   0.00000000
         2   -2   -3         2   -3    0       -0.00000349   0.00000001
         2   -2   -3         2   -2   -3        0.99996848  -0.00000000
         2   -2    2         2   -2   -3       -0.00000155  -0.00000001
         2   -2    2         2   -2    2        0.99996937  -0.00000000
         2   -1    3         2   -2    2        0.00000013   0.00000000
         2   -1    3         2   -1    3        0.99996936  -0.00000000
         2    1   -3         2   -1    3        0.00000535   0.00000000
         2    1   -3         2    1   -3        0.99996848   0.00000000
         2    1    4         2    1   -3       -0.00000692   0.00000000
         2    1    4         2    1    4        0.99996631  -0.00000000
        -2   -5   -1         2    1    4        0.00000136   0.00000002
        -2   -5   -1        -2   -5   -1        0.99997970  -0.00000000
        -2   -2    2        -2   -5   -1       -0.00000006   0.00000002
        -2   -2    2        -2   -2    2        0.99997970  -0.00000000
        -2    1   -4        -2   -2    2       -0.00000012   0.00000000
        -2    1   -4        -2    1   -4        0.99998045  -0.00000000
        -1   -4   -5        -2    1   -4       -0.00000047   0.00000001
        -1   -4   -5        -1   -4   -5        0.99998189   0.00000000
        -1    3    2        -1   -4   -5        0.00000000   0.00000001
        -1    3    2        -1    3    2        0.99998189   0.00000000
         0   -2   -5        -1    3    2       -0.00000109   0.00000000
         0   -2   -5         0   -2   -5        0.99997971  -0.00000000
         0    4    1         0   -2   -5        0.00000348   0.00000000
         0    4    1         0    4    1        0.99997971   0.00000000
         3   -2    1         0    4    1       -0.00000011   0.00000001
         3   -2    1         3   -2    1        0.99998046   0.00000000
         3    1    4         3   -2    1        0.00000000  -0.00000002
         3    1    4         3    1    4        0.99998046   0.00000000
         4    1   -1         3    1    4       -0.00000104   0.00000001
         4    1   -1         4    1   -1        0.99997970  -0.00000000
         4    3    0         4    1   -1        0.00000634  -0.00000000
         4    3    0         4    3    0        0.99998191  -0.00000000
         4    4    2         4    3    0        0.00000634   0.00000001
         4    4    2         4    4    2        0.99997970   0.00000000
        -4   -5   -5         4    4    2        0.00001028  -0.00000000
        -4   -5   -5        -4   -5   -5        0.99998331  -0.00000000
        -4   -5   -2        -4   -5   -5       -0.00000002   0.00000000
        -4   -5   -2        -4   -5   -2        0.99998529   0.00000000
        -4   -3    0        -4   -5   -2        0.00000602   0.00000000
        -4   -3    0        -4   -3    0        0.99998529   0.00000000
        -4    0    0        -4   -3    0       -0.00000002  -0.00000000
        -4    0    0        -4    0    0        0.99998331  -0.00000000
        -1   -5   -4        -4    0    0        0.00000075  -0.00000001
        -1   -5   -4        -1   -5   -4        0.99998529  -0.00000000
        -1   -5   -1        -1   -5   -4       -0.00000002  -0.00000000
        -1   -5   -1        -1   -5   -1        0.99998330   0.00000000
        -1   -1    3        -1   -5   -1        0.00000314  -0.00000001
        -1   -1    3        -1   -1    3        0.99998330  -0.00000000
        -1    2    3        -1   -1    3       -0.00000002   0.00000000
        -1    2    3        -1    2    3        0.99998529  -0.00000000
         0   -1   -5        -1    2    3       -0.00000002   0.00000000
         0   -1   -5         0   -1   -5        0.99998331  -0.00000000
         0    4    0         0   -1   -5       -0.00000136  -0.00000000
         0    4    0         0    4    0        0.99998331  -0.00000000
         1   -3   -4         0    4    0        0.00000075   0.00000000
         1   -3   -4         1   -3   -4        0.99998529  -0.00000000
         1    4    3         1   -3   -4        0.00000051  -0.00000000
         1    4    3         1    4    3        0.99998529  -0.00000000
         3    2   -2         1    4    3        0.00000030  -0.00000000
         3    2   -2         3    2   -2        0.99998529  -0.00000000
         3    4    0         3    2   -2        0.00000602  -0.00000000
         3    4    0         3    4    0        0.99998529   0.00000000
         4    0   -1         3    4    0       -0.00000268   0.00000000
         4    0   -1         4    0   -1        0.99998330   0.00000000
         4    4    3         4    0   -1        0.00000314   0.00000001
         4    4    3         4    4    3        0.99998330  -0.00000000
        -5   -4   -5         4    4    3        0.00000886   0.00000000
        -5   -4   -5        -5   -4   -5        0.99998683  -0.00000000
        -5   -4   -2        -5   -4   -5        0.00000008   0.00000000
        -5   -4   -2        -5   -4   -2        0.99998809   0.00000000
        -5   -3   -5        -5   -4   -2       -0.00000083   0.00000000
        -5   -3   -5        -5   -3   -5        0.99998788   0.00000000
        -5   -1   -3        -5   -3   -5        0.00000416  -0.00000001
        -5   -1   -3        -5   -1   -3        0.99998788  -0.00000000
        -3   -4   -6        -5   -1   -3       -0.00000190   0.00000000
        -3   -4   -6        -3   -4   -6        0.99999021   0.00000000
        -3    2    0        -3   -4   -6        0.00000171   0.00000001
        -3    2    0        -3    2    0        0.99999021  -0.00000000
        -2   -3   -6        -3    2    0       -0.00000000  -0.00000000
        -2   -3   -6        -2   -3   -6        0.99999021  -0.00000000
        -2    3    0        -2   -3   -6        0.00000171  -0.00000001
        -2    3    0        -2    3    0        0.99999021   0.00000000
        -1   -4    1        -2    3    0       -0.00000074   0.00000000
        -1   -4    1        -1   -4    1        0.99999020   0.00000000
        -1   -3    2        -1   -4    1        0.00000055  -0.00000000
        -1   -3    2        -1   -3    2        0.99999020  -0.00000000
         0   -5   -2        -1   -3    2       -0.00000084  -0.00000000
         0   -5   -2         0   -5   -2        0.99998969  -0.00000000
         0    1    4         0   -5   -2        0.00000150   0.00000000
         0    1    4         0    1    4        0.99998968   0.00000000
         1    1   -4         0    1    4        0.00000428   0.00000000
         1    1   -4         1    1   -4        0.99998968  -0.00000000
         1    4   -1         1    1   -4       -0.00000014   0.00000001
         1    4   -1         1    4   -1        0.99998968   0.00000000
         3   -2   -2         1    4   -1        0.00000052   0.00000000
         3   -2   -2         3   -2   -2        0.99998968   0.00000000
         3   -1    3         3   -2   -2        0.00000072   0.00000000
         3   -1    3         3   -1    3        0.99999101   0.00000000
         3    4    4         3   -1    3        0.00000072  -0.00000000
         3    4    4         3    4    4        0.99998969   0.00000000
         4    0    3         3    4    4       -0.00000138   0.00000000
         4    0    3         4    0    3        0.99999101   0.00000000
         5    2    1         4    0    3        0.00000056  -0.00000000
         5    2    1         5    2    1        0.99999020   0.00000000
         5    3    2         5    2    1       -0.00000055  -0.00000000
         5    3    2         5    3    2        0.99999020  -0.00000000
        -5   -5   -3         5    3    2        0.00000295  -0.00000000
        -5   -5   -3        -5   -5   -3        0.99999240  -0.00000000
        -5   -3   -1        -5   -5   -3        0.00000292   0.00000001
        -5   -3   -1        -5   -3   -1        0.99999240   0.00000000
        -4   -4   -6        -5   -3   -1       -0.00000056   0.00000001
        -4   -4   -6        -4   -4   -6        0.99999199   0.00000000
        -4   -3   -6        -4   -4   -6       -0.00000492  -0.00000000
        -4   -3   -6        -4   -3   -6        0.99999228  -0.00000000
        -4    1   -2        -4   -3   -6        0.00000177  -0.00000000
        -4    1   -2        -4    1   -2        0.99999228  -0.00000000
        -4    1   -1        -4    1   -2       -0.00000492   0.00000000
        -4    1   -1        -4    1   -1        0.99999199   0.00000000
        -3   -2   -6        -4    1   -1        0.00000077   0.00000000
        -3   -2   -6        -3   -2   -6        0.99999228  -0.00000000
        -3    2   -2        -3   -2   -6        0.00000177   0.00000000
        -3    2   -2        -3    2   -2        0.99999228  -0.00000000
        -2   -2   -6        -3    2   -2        0.00000116  -0.00000000
        -2   -2   -6        -2   -2   -6        0.99999199  -0.00000000
        -2    3   -1        -2   -2   -6       -0.00000038  -0.00000000
        -2    3   -1        -2    3   -1        0.99999199   0.00000000
         0   -5   -3        -2    3   -1        0.00000324  -0.00000000
         0   -5   -3         0   -5   -3        0.99999241  -0.00000000
         0   -4    1         0   -5   -3        0.00000114   0.00000000
         0   -4    1         0   -4    1        0.99999198   0.00000000
         0   -2    3         0   -4    1        0.00000277   0.00000000
         0   -2    3         0   -2    3        0.99999198   0.00000000
         0    2    4         0   -2    3        0.00000114  -0.00000000
         0    2    4         0    2    4        0.99999240   0.00000000
         1   -3    2         0    2    4        0.00000081  -0.00000000
         1   -3    2         1   -3    2        0.99999228  -0.00000000
         1   -2    3         1   -3    2        0.00000064   0.00000000
         1   -2    3         1   -2    3        0.99999228  -0.00000000
         4   -1    2         1   -2    3       -0.00000022  -0.00000000
         4   -1    2         4   -1    2        0.99999388  -0.00000000
         4    1    4         4   -1    2        0.00000270  -0.00000000
         4    1    4         4    1    4        0.99999388  -0.00000000
         4    4    4         4    1    4       -0.00000012   0.00000000
         4    4    4         4    4    4        0.99999438  -0.00000000
         5    3    1         4    4    4       -0.00000063   0.00000000
         5    3    1         5    3    1        0.99999371   0.00000000
        -4   -6   -4         5    3    1        0.00000037   0.00000000
        -4   -6   -4        -4   -6   -4        0.99999475   0.00000000
        -4   -1    1        -4   -6   -4        0.00000013  -0.00000000
        -4   -1    1        -4   -1    1        0.99999475   0.00000000
        -2   -6   -3        -4   -1    1       -0.00000015  -0.00000000
        -2   -6   -3        -2   -6   -3        0.99999475  -0.00000000
        -2    0    3        -2   -6   -3        0.00000051   0.00000000
        -2    0    3        -2    0    3        0.99999475   0.00000000
         2    0   -4        -2    0    3       -0.00000252  -0.00000000
         2    0   -4         2    0   -4        0.99999475   0.00000000
         2    5    1         2    0   -4       -0.00000013  -0.00000000
         2    5    1         2    5    1        0.99999475   0.00000000
         3   -1   -3         2    5    1       -0.00000015   0.00000000
         3   -1   -3         3   -1   -3        0.99999475  -0.00000000
         3    5    3         3   -1   -3        0.00000051  -0.00000000
         3    5    3         3    5    3        0.99999475   0.00000000
        -4   -6   -3         3    5    3        0.00000179  -0.00000000
        -4   -6   -3        -4   -6   -3        0.99999584  -0.00000000
        -4   -5   -6        -4   -6   -3       -0.00000078   0.00000000
        -4   -5   -6        -4   -5   -6        0.99999605   0.00000000
        -4   -5   -1        -4   -5   -6       -0.00000018  -0.00000000
        -4   -5   -1        -4   -5   -1        0.99999603   0.00000000
        -4   -4    0        -4   -5   -1       -0.00000001   0.00000000
        -4   -4    0        -4   -4    0        0.99999603   0.00000000
        -4   -2   -6        -4   -4    0        0.00000036  -0.00000000
        -4   -2   -6        -4   -2   -6        0.99999579   0.00000000
        -4   -2    1        -4   -2   -6       -0.00000069  -0.00000000
        -4   -2    1        -4   -2    1        0.99999584  -0.00000000
        -4    1   -3        -4   -2    1        0.00000051  -0.00000000
        -4    1   -3        -4    1   -3        0.99999579   0.00000000
        -4    1    0        -4    1   -3        0.00000013  -0.00000000
        -4    1    0        -4    1    0        0.99999605  -0.00000000
        -3   -5   -6        -4    1    0        0.00000041   0.00000000
        -3   -5   -6        -3   -5   -6        0.99999590  -0.00000000
        -3    2    1        -3   -5   -6        0.00000027   0.00000000
        -3    2    1        -3    2    1        0.99999590  -0.00000000
        -2   -6   -4        -3    2    1       -0.00000000   0.00000000
        -2   -6   -4        -2   -6   -4        0.99999584  -0.00000000
        -2   -5    0        -2   -6   -4        0.00000040  -0.00000000
        -2   -5    0        -2   -5    0        0.99999590  -0.00000000
        -2   -3    2        -2   -5    0        0.00000167  -0.00000000
        -2   -3    2        -2   -3    2        0.99999590  -0.00000000
        -2    1    3        -2   -3    2        0.00000040  -0.00000000
        -2    1    3        -2    1    3        0.99999584  -0.00000000
        -1   -5   -5        -2    1    3       -0.00000047  -0.00000000
        -1   -5   -5        -1   -5   -5        0.99999603  -0.00000000
        -1   -5    0        -1   -5   -5       -0.00000018   0.00000000
        -1   -5    0        -1   -5    0        0.99999605  -0.00000000
        -1   -3   -6        -1   -5    0        0.00000019  -0.00000000
        -1   -3   -6        -1   -3   -6        0.99999590   0.00000000
        -1   -2   -6        -1   -3   -6       -0.00000265   0.00000000
        -1   -2   -6        -1   -2   -6        0.99999605   0.00000000
        -1   -2    3        -1   -2   -6       -0.00000034   0.00000000
        -1   -2    3        -1   -2    3        0.99999605   0.00000000
        -1    3    3        -1   -2    3       -0.00000018   0.00000000
        -1    3    3        -1    3    3        0.99999603  -0.00000000
