{
 "n_occ": 26,
 "n_cond_bse": 2,
 "eigh_backend": "off",
 "mesh": [
  2,
  2
 ],
 "windows": {
  "26,8": {
   "nb_window": 34,
   "rank": 4452,
   "a_band": 27,
   "window_anchored_at_Emin": true,
   "capacity_margin": 0.9093137254901961,
   "nq": 39,
   "seconds": 67.33808135986328,
   "seconds_galerkin": 44.732019901275635,
   "seconds_htransform": 22.570191144943237,
   "ms_per_q": 578.7228498703395,
   "arena_peak_gb": 0.0,
   "xla_peak_gb": null,
   "host_hwm_gb": 2.685236,
   "ongrid_max_deps_meV": 21.550185186892243,
   "ongrid_deps_per_Q_meV": {
    "+0.0000,+0.5000,+0.0000": 0.6844118829059064,
    "+0.0000,+0.0000,+0.0000": 0.12722617084013638,
    "+0.3333,+0.3333,+0.0000": 21.550185186892243
   },
   "eps_c_offgrid": [
    [
     [
      -0.11516604302796252,
      -0.11515863663694079
     ]
    ],
    [
     [
      -0.26013806784665616,
      -0.24205649903961518
     ]
    ],
    [
     [
      -0.330779394701472,
      -0.3066486721491164
     ]
    ],
    [
     [
      -0.12254202635019566,
      -0.12043750882221692
     ]
    ],
    [
     [
      -0.1361853479352335,
      -0.12990071175666168
     ]
    ],
    [
     [
      -0.14448106293863164,
      -0.13812220350861926
     ]
    ],
    [
     [
      -0.1381905760855643,
      -0.13727888384337456
     ]
    ],
    [
     [
      -0.1389556043662497,
      -0.1279971126266268
     ]
    ],
    [
     [
      -0.26462812575737715,
      -0.1875177019581865
     ]
    ],
    [
     [
      -0.14208238440788765,
      -0.141781107253145
     ]
    ],
    [
     [
      -0.1649994018534245,
      -0.1629472878434078
     ]
    ],
    [
     [
      -0.2514055320191444,
      -0.2177838186894724
     ]
    ],
    [
     [
      -0.17336994327259656,
      -0.1679416961193057
     ]
    ],
    [
     [
      -0.1395141350458688,
      -0.13875100457918493
     ]
    ],
    [
     [
      -0.2017836621555442,
      -0.17881330122118338
     ]
    ],
    [
     [
      -0.18220114544679547,
      -0.17743480062925118
     ]
    ],
    [
     [
      -0.15231351500732965,
      -0.14648687682502018
     ]
    ],
    [
     [
      -0.39051473903593814,
      -0.3830542562585488
     ]
    ],
    [
     [
      -0.3847561886366045,
      -0.366482903293441
     ]
    ],
    [
     [
      -0.11342490136824579,
      -0.11342414415413361
     ]
    ],
    [
     [
      -0.28050322361228697,
      -0.27335188776584923
     ]
    ],
    [
     [
      -0.38925965907890797,
      -0.3794807258839138
     ]
    ],
    [
     [
      -0.3909963025506493,
      -0.3754955046404258
     ]
    ],
    [
     [
      -0.3905496098767736,
      -0.37524975299601704
     ]
    ],
    [
     [
      -0.14732020210157215,
      -0.14584619998468756
     ]
    ],
    [
     [
      -0.2846903466670533,
      -0.17600288454603388
     ]
    ],
    [
     [
      -0.17455747126747176,
      -0.1719793946510326
     ]
    ],
    [
     [
      -0.17511675014954936,
      -0.1729584183288904
     ]
    ],
    [
     [
      -0.17649780650886532,
      -0.17450463210985212
     ]
    ],
    [
     [
      -0.17847962762955522,
      -0.1758740561328005
     ]
    ],
    [
     [
      -0.3707945595325228,
      -0.36366113610722695
     ]
    ],
    [
     [
      -0.4356069083345789,
      -0.4142748872934089
     ]
    ],
    [
     [
      -0.43047214460511585,
      -0.4079323795238999
     ]
    ],
    [
     [
      -0.2842357641031694,
      -0.27754823530812933
     ]
    ],
    [
     [
      -0.20420481949134253,
      -0.2033155402724538
     ]
    ],
    [
     [
      -0.3835908198893637,
      -0.37342399951312544
     ]
    ],
    [
     [
      -0.19775248797221137,
      -0.18475888669022586
     ]
    ],
    [
     [
      -0.22071043333204188,
      -0.16792149958429314
     ]
    ],
    [
     [
      -0.16983507490720146,
      -0.16771157052964902
     ]
    ]
   ],
   "min_transition_eV": [
    3.6560197431170933,
    1.6835741454317865,
    0.7224495812706089,
    3.555664341095675,
    3.3700374269936746,
    3.2571684334166826,
    3.3427548982270303,
    3.33234615442815,
    1.622483773200111,
    3.289804129263142,
    2.9780021093282047,
    1.8023863912505658,
    2.8641150501308394,
    3.3247469546407107,
    2.4775265700800926,
    2.7439603797897694,
    3.1506024554543437,
    -0.09029147760670767,
    -0.011942379576106136,
    3.679709190829159,
    1.4064919850195912,
    -0.07321523866279243,
    -0.09684348538742157,
    -0.09076591973841922,
    3.218539963198642,
    1.3495232529716719,
    2.8479579027877637,
    2.840348523183582,
    2.821558287346738,
    2.7945942275580076,
    0.1780153305221109,
    -0.7038019182204593,
    -0.6339398732776507,
    1.3557081660818984,
    2.4445850343991813,
    0.003913275734287904,
    2.53237350886957,
    2.220014636090286,
    2.9122094018131066
   ],
   "M-Gamma": {
    "eps_d2_max_meV": 3794.3393239862435,
    "eps_d2_mean_meV": 1581.1250368006138,
    "mintrans_d2_max_meV": 3794.3393239862435,
    "mintrans_d2_mean_meV": 1782.8622478131028
   },
   "Gamma-K": {
    "eps_d2_max_meV": 5178.322593164031,
    "eps_d2_mean_meV": 1776.8637649170387,
    "mintrans_d2_max_meV": 5178.322593164031,
    "mintrans_d2_mean_meV": 2005.2423366356913
   }
  }
 },
 "failures": {},
 "gpu_used_before_jax_gb": null,
 "bfc_bytes_limit_gb": null
}