{
 "n_occ": 26,
 "n_cond_bse": 2,
 "eigh_backend": "cusolvermp",
 "mesh": [
  2,
  2
 ],
 "windows": {
  "8,4": {
   "nb_window": 12,
   "rank": 1728,
   "a_band": 9,
   "window_anchored_at_Emin": false,
   "capacity_margin": 1.0,
   "nq": 39,
   "seconds": 256.76816272735596,
   "seconds_galerkin": 12.80215835571289,
   "seconds_htransform": 243.95103883743286,
   "ms_per_q": 6255.154841985458,
   "arena_peak_gb": 0.0,
   "xla_peak_gb": 15.677713664,
   "host_hwm_gb": 3.54124,
   "ongrid_max_deps_meV": 1.5816557336165422e-07,
   "ongrid_deps_per_Q_meV": {
    "+0.0000,+0.5000,+0.0000": 1.0007300508994843e-11,
    "+0.0000,+0.0000,+0.0000": 1.076256847193785e-11,
    "+0.3333,+0.3333,+0.0000": 1.5816557336165422e-07
   },
   "eps_c_offgrid": [
    [
     [
      -0.11511573970066678,
      -0.11511573970066567
     ]
    ],
    [
     [
      -0.1333741092365947,
      -0.1325923143377646
     ]
    ],
    [
     [
      -0.1402437155613565,
      -0.14022458963666587
     ]
    ],
    [
     [
      -0.1228391245828071,
      -0.12271851437547285
     ]
    ],
    [
     [
      -0.15713746734734416,
      -0.15622775047664306
     ]
    ],
    [
     [
      -0.1629237131910359,
      -0.16168531545020343
     ]
    ],
    [
     [
      -0.13783576243298729,
      -0.13623967635807593
     ]
    ],
    [
     [
      -0.1597818499360125,
      -0.15971212695705878
     ]
    ],
    [
     [
      -0.18659942107021973,
      -0.186545210970515
     ]
    ],
    [
     [
      -0.16670974807288008,
      -0.1666901041181009
     ]
    ],
    [
     [
      -0.1602095570891464,
      -0.15453994635266993
     ]
    ],
    [
     [
      -0.1668746666648289,
      -0.15212019826094614
     ]
    ],
    [
     [
      -0.16021277170230752,
      -0.14826748825804978
     ]
    ],
    [
     [
      -0.20088657263206472,
      -0.20087898900840498
     ]
    ],
    [
     [
      -0.32165689211753823,
      -0.3215731838687501
     ]
    ],
    [
     [
      -0.2508823185441239,
      -0.2507283897607304
     ]
    ],
    [
     [
      -0.1218206729872727,
      -0.11778767441246037
     ]
    ],
    [
     [
      -0.14086677840400924,
      -0.1374110955463698
     ]
    ],
    [
     [
      -0.1440650850947186,
      -0.14402843815307512
     ]
    ],
    [
     [
      -0.11341555042056099,
      -0.1134155504205603
     ]
    ],
    [
     [
      -0.1672752889749396,
      -0.16541747803899812
     ]
    ],
    [
     [
      -0.2323053748766211,
      -0.2301981605446778
     ]
    ],
    [
     [
      -0.3279117322741153,
      -0.3143772482757592
     ]
    ],
    [
     [
      -0.27951143847270676,
      -0.27243775764637873
     ]
    ],
    [
     [
      -0.14617375587562725,
      -0.14545981646664988
     ]
    ],
    [
     [
      -0.15967556180648956,
      -0.15558646812821122
     ]
    ],
    [
     [
      -0.16972316734171375,
      -0.1642557675654744
     ]
    ],
    [
     [
      -0.17644306846109603,
      -0.17288278834432685
     ]
    ],
    [
     [
      -0.17718671037014455,
      -0.1743978552706255
     ]
    ],
    [
     [
      -0.17819486590919695,
      -0.1736983831910658
     ]
    ],
    [
     [
      -0.17689182543903714,
      -0.16879249625764733
     ]
    ],
    [
     [
      -0.1702111139032766,
      -0.15802803880184463
     ]
    ],
    [
     [
      -0.16030595179461313,
      -0.14760158652132052
     ]
    ],
    [
     [
      -0.1486226174818659,
      -0.14389154928803896
     ]
    ],
    [
     [
      -0.20688253818014982,
      -0.1967748537344076
     ]
    ],
    [
     [
      -0.2838362725303975,
      -0.27532492273337483
     ]
    ],
    [
     [
      -0.2990190362424305,
      -0.29743136970020206
     ]
    ],
    [
     [
      -0.23965745088759213,
      -0.23566748361432302
     ]
    ],
    [
     [
      -0.1682511660742494,
      -0.167587518852073
     ]
    ]
   ],
   "min_transition_eV": [
    3.6567041549999892,
    3.4082862919185275,
    3.3148205024322213,
    3.5516221122468514,
    3.0849692164318143,
    3.0062433025474755,
    3.347582385653652,
    3.04899054535967,
    2.684118769646851,
    2.9547316550781386,
    3.0431712909735045,
    2.9524878225106295,
    3.0431275539174356,
    2.4897320992746366,
    0.8465675970330043,
    1.809505075815705,
    3.5654788571504272,
    3.306343297519007,
    3.262828102363067,
    3.6798364169999886,
    2.9470370763208,
    2.062257362342981,
    0.76146613041215,
    1.419985914174966,
    3.234138164397639,
    3.050436669557948,
    2.9137319823604226,
    2.8223030366974036,
    2.81218526941374,
    2.7984686095459286,
    2.8161973847505712,
    2.9070931287715043,
    3.041859773715773,
    3.200819692777981,
    2.408152802413852,
    1.3611435278009045,
    1.1545714289290807,
    1.9622272359801627,
    2.9337595871581645
   ],
   "M-Gamma": {
    "eps_d2_max_meV": 2606.101981024333,
    "eps_d2_mean_meV": 644.0350314229937,
    "mintrans_d2_max_meV": 2606.101981024333,
    "mintrans_d2_mean_meV": 650.287597979622
   },
   "Gamma-K": {
    "eps_d2_max_meV": 1997.8537450623633,
    "eps_d2_mean_meV": 497.9367473643672,
    "mintrans_d2_max_meV": 1997.8537450623633,
    "mintrans_d2_mean_meV": 514.1755076113227
   }
  }
 },
 "failures": {},
 "gpu_used_before_jax_gb": null,
 "bfc_bytes_limit_gb": 51.056268473
}