[dist] jax.device_count()=16 process_count()=16 local_device_count()=1; mesh_xy.shape={'x': 4, 'y': 4} (px=4, py=4)
/opt/jax/jax/_src/compiler.py:723: UserWarning: Error reading persistent compilation cache entry for 'jit_convert_element_type': XlaRuntimeError: INVALID_ARGUMENT: Device assignment (Computations: 1 Replicas: 1
Computation 0: 0 
) does not have any local devices.
  warnings.warn(
/opt/jax/jax/_src/compiler.py:723: UserWarning: Error reading persistent compilation cache entry for 'jit_convert_element_type': XlaRuntimeError: INVALID_ARGUMENT: Device assignment (Computations: 1 Replicas: 1
Computation 0: 0 
) does not have any local devices.
  warnings.warn(
/opt/jax/jax/_src/compiler.py:723: UserWarning: Error reading persistent compilation cache entry for 'jit_convert_element_type': XlaRuntimeError: INVALID_ARGUMENT: Device assignment (Computations: 1 Replicas: 1
Computation 0: 0 
) does not have any local devices.
  warnings.warn(
/opt/jax/jax/_src/compiler.py:723: UserWarning: Error reading persistent compilation cache entry for 'jit_convert_element_type': XlaRuntimeError: INVALID_ARGUMENT: Device assignment (Computations: 1 Replicas: 1
Computation 0: 0 
) does not have any local devices.
  warnings.warn(
/opt/jax/jax/_src/compiler.py:723: UserWarning: Error reading persistent compilation cache entry for 'jit_convert_element_type': XlaRuntimeError: INVALID_ARGUMENT: Device assignment (Computations: 1 Replicas: 1
Computation 0: 0 
) does not have any local devices.
  warnings.warn(
/opt/jax/jax/_src/compiler.py:723: UserWarning: Error reading persistent compilation cache entry for 'jit_convert_element_type': XlaRuntimeError: INVALID_ARGUMENT: Device assignment (Computations: 1 Replicas: 1
Computation 0: 0 
) does not have any local devices.
  warnings.warn(
/opt/jax/jax/_src/compiler.py:723: UserWarning: Error reading persistent compilation cache entry for 'jit_convert_element_type': XlaRuntimeError: INVALID_ARGUMENT: Device assignment (Computations: 1 Replicas: 1
Computation 0: 0 
) does not have any local devices.
  warnings.warn(
/opt/jax/jax/_src/compiler.py:723: UserWarning: Error reading persistent compilation cache entry for 'jit_convert_element_type': XlaRuntimeError: INVALID_ARGUMENT: Device assignment (Computations: 1 Replicas: 1
Computation 0: 0 
) does not have any local devices.
  warnings.warn(
/opt/jax/jax/_src/compiler.py:723: UserWarning: Error reading persistent compilation cache entry for 'jit_convert_element_type': XlaRuntimeError: INVALID_ARGUMENT: Device assignment (Computations: 1 Replicas: 1
Computation 0: 0 
) does not have any local devices.
  warnings.warn(
/opt/jax/jax/_src/compiler.py:723: UserWarning: Error reading persistent compilation cache entry for 'jit_convert_element_type': XlaRuntimeError: INVALID_ARGUMENT: Device assignment (Computations: 1 Replicas: 1
Computation 0: 0 
) does not have any local devices.
  warnings.warn(
/opt/jax/jax/_src/compiler.py:723: UserWarning: Error reading persistent compilation cache entry for 'jit_convert_element_type': XlaRuntimeError: INVALID_ARGUMENT: Device assignment (Computations: 1 Replicas: 1
Computation 0: 0 
) does not have any local devices.
  warnings.warn(
/opt/jax/jax/_src/compiler.py:723: UserWarning: Error reading persistent compilation cache entry for 'jit_convert_element_type': XlaRuntimeError: INVALID_ARGUMENT: Device assignment (Computations: 1 Replicas: 1
Computation 0: 0 
) does not have any local devices.
  warnings.warn(
/opt/jax/jax/_src/compiler.py:723: UserWarning: Error reading persistent compilation cache entry for 'jit_convert_element_type': XlaRuntimeError: INVALID_ARGUMENT: Device assignment (Computations: 1 Replicas: 1
Computation 0: 0 
) does not have any local devices.
  warnings.warn(
/opt/jax/jax/_src/compiler.py:723: UserWarning: Error reading persistent compilation cache entry for 'jit_convert_element_type': XlaRuntimeError: INVALID_ARGUMENT: Device assignment (Computations: 1 Replicas: 1
Computation 0: 0 
) does not have any local devices.
  warnings.warn(
/opt/jax/jax/_src/compiler.py:723: UserWarning: Error reading persistent compilation cache entry for 'jit_convert_element_type': XlaRuntimeError: INVALID_ARGUMENT: Device assignment (Computations: 1 Replicas: 1
Computation 0: 0 
) does not have any local devices.
  warnings.warn(
BSE-sharded: q=0 head injected (rank-1, dual-sharded G0, V_cell=702.20): vhead=9315.306, whead[0]=3443.963
BSE-sharded: q=0 head injected (rank-1, dual-sharded G0, V_cell=702.20): vhead=9315.306, whead[0]=3443.963
BSE-sharded: q=0 head injected (rank-1, dual-sharded G0, V_cell=702.20): vhead=9315.306, whead[0]=3443.963
BSE-sharded: q=0 head injected (rank-1, dual-sharded G0, V_cell=702.20): vhead=9315.306, whead[0]=3443.963
BSE-sharded: q=0 head injected (rank-1, dual-sharded G0, V_cell=702.20): vhead=9315.306, whead[0]=3443.963
BSE-sharded: q=0 head injected (rank-1, dual-sharded G0, V_cell=702.20): vhead=9315.306, whead[0]=3443.963
BSE-sharded: q=0 head injected (rank-1, dual-sharded G0, V_cell=702.20): vhead=9315.306, whead[0]=3443.963
BSE-sharded: q=0 head injected (rank-1, dual-sharded G0, V_cell=702.20): vhead=9315.306, whead[0]=3443.963
BSE-sharded: q=0 head injected (rank-1, dual-sharded G0, V_cell=702.20): vhead=9315.306, whead[0]=3443.963
BSE-sharded: q=0 head injected (rank-1, dual-sharded G0, V_cell=702.20): vhead=9315.306, whead[0]=3443.963
BSE-sharded: q=0 head injected (rank-1, dual-sharded G0, V_cell=702.20): vhead=9315.306, whead[0]=3443.963
BSE-sharded: q=0 head injected (rank-1, dual-sharded G0, V_cell=702.20): vhead=9315.306, whead[0]=3443.963
BSE-sharded: q=0 head injected (rank-1, dual-sharded G0, V_cell=702.20): vhead=9315.306, whead[0]=3443.963
BSE-sharded: q=0 head injected (rank-1, dual-sharded G0, V_cell=702.20): vhead=9315.306, whead[0]=3443.963
BSE-sharded: q=0 head injected (rank-1, dual-sharded G0, V_cell=702.20): vhead=9315.306, whead[0]=3443.963
BSE-sharded: q=0 head injected (rank-1, dual-sharded G0, V_cell=702.20): vhead=9315.306, whead[0]=3443.963
  [eqp] eqp1.dat: n_occ=26, QP shifts min/max = -9.3220 / +4.3561 eV; BSE runs on QUASIPARTICLE energies
  Streaming Galerkin: nk=144, nb=40, nr=174960, n_mu=2412, mesh=(4x4), band_chunk=7 (5.26 GB/chunk)
  (band axis split into 6 chunks; G is accumulated r-outer / band-inner so the split stays exact)
  load_centroids_band_chunked: 7.07s
  SVD of (5760, 4824): rank=4700, σ_max=2.054e+00, σ_min/1e-08=2.068e-08 (6.25s)
  [warn] ψ-at-centroids is RANK-DEFICIENT: 5760 states vs numerical rank 4700 (nspinor·n_μ = 4824).  The Galerkin basis cannot span the band window — fH energy recovery will degrade.  Capacity rule: nk·nb < rank(ψ_μ) ≤ nspinor·n_μ, i.e. nb < 32.64 here.
/opt/jax/jax/_src/interpreters/mlir.py:1178: UserWarning: Some donated buffers were not usable: ShapedArray(complex128[144,7,2,43740]).
See an explanation at https://jax.readthedocs.io/en/latest/faq.html#buffer-donation.
  warnings.warn("Some donated buffers were not usable:"
/opt/jax/jax/_src/interpreters/mlir.py:1178: UserWarning: Some donated buffers were not usable: ShapedArray(complex128[144,7,2,43740]).
See an explanation at https://jax.readthedocs.io/en/latest/faq.html#buffer-donation.
  warnings.warn("Some donated buffers were not usable:"
/opt/jax/jax/_src/interpreters/mlir.py:1178: UserWarning: Some donated buffers were not usable: ShapedArray(complex128[144,7,2,43740]).
See an explanation at https://jax.readthedocs.io/en/latest/faq.html#buffer-donation.
  warnings.warn("Some donated buffers were not usable:"
/opt/jax/jax/_src/interpreters/mlir.py:1178: UserWarning: Some donated buffers were not usable: ShapedArray(complex128[144,7,2,43740]).
See an explanation at https://jax.readthedocs.io/en/latest/faq.html#buffer-donation.
  warnings.warn("Some donated buffers were not usable:"
/opt/jax/jax/_src/interpreters/mlir.py:1178: UserWarning: Some donated buffers were not usable: ShapedArray(complex128[144,7,2,43740]).
See an explanation at https://jax.readthedocs.io/en/latest/faq.html#buffer-donation.
  warnings.warn("Some donated buffers were not usable:"
/opt/jax/jax/_src/interpreters/mlir.py:1178: UserWarning: Some donated buffers were not usable: ShapedArray(complex128[144,7,2,43740]).
See an explanation at https://jax.readthedocs.io/en/latest/faq.html#buffer-donation.
  warnings.warn("Some donated buffers were not usable:"
/opt/jax/jax/_src/interpreters/mlir.py:1178: UserWarning: Some donated buffers were not usable: ShapedArray(complex128[144,7,2,43740]).
See an explanation at https://jax.readthedocs.io/en/latest/faq.html#buffer-donation.
  warnings.warn("Some donated buffers were not usable:"
/opt/jax/jax/_src/interpreters/mlir.py:1178: UserWarning: Some donated buffers were not usable: ShapedArray(complex128[144,7,2,43740]).
See an explanation at https://jax.readthedocs.io/en/latest/faq.html#buffer-donation.
  warnings.warn("Some donated buffers were not usable:"
/opt/jax/jax/_src/interpreters/mlir.py:1178: UserWarning: Some donated buffers were not usable: ShapedArray(complex128[144,7,2,43740]).
See an explanation at https://jax.readthedocs.io/en/latest/faq.html#buffer-donation.
  warnings.warn("Some donated buffers were not usable:"
/opt/jax/jax/_src/interpreters/mlir.py:1178: UserWarning: Some donated buffers were not usable: ShapedArray(complex128[144,7,2,43740]).
See an explanation at https://jax.readthedocs.io/en/latest/faq.html#buffer-donation.
  warnings.warn("Some donated buffers were not usable:"
/opt/jax/jax/_src/interpreters/mlir.py:1178: UserWarning: Some donated buffers were not usable: ShapedArray(complex128[144,7,2,43740]).
See an explanation at https://jax.readthedocs.io/en/latest/faq.html#buffer-donation.
  warnings.warn("Some donated buffers were not usable:"
/opt/jax/jax/_src/interpreters/mlir.py:1178: UserWarning: Some donated buffers were not usable: ShapedArray(complex128[144,7,2,43740]).
See an explanation at https://jax.readthedocs.io/en/latest/faq.html#buffer-donation.
  warnings.warn("Some donated buffers were not usable:"
/opt/jax/jax/_src/interpreters/mlir.py:1178: UserWarning: Some donated buffers were not usable: ShapedArray(complex128[144,7,2,43740]).
See an explanation at https://jax.readthedocs.io/en/latest/faq.html#buffer-donation.
  warnings.warn("Some donated buffers were not usable:"
/opt/jax/jax/_src/interpreters/mlir.py:1178: UserWarning: Some donated buffers were not usable: ShapedArray(complex128[144,7,2,43740]).
See an explanation at https://jax.readthedocs.io/en/latest/faq.html#buffer-donation.
  warnings.warn("Some donated buffers were not usable:"
/opt/jax/jax/_src/interpreters/mlir.py:1178: UserWarning: Some donated buffers were not usable: ShapedArray(complex128[144,7,2,43740]).
See an explanation at https://jax.readthedocs.io/en/latest/faq.html#buffer-donation.
  warnings.warn("Some donated buffers were not usable:"
/opt/jax/jax/_src/interpreters/mlir.py:1178: UserWarning: Some donated buffers were not usable: ShapedArray(complex128[144,7,2,43740]).
See an explanation at https://jax.readthedocs.io/en/latest/faq.html#buffer-donation.
  warnings.warn("Some donated buffers were not usable:"
/opt/jax/jax/_src/interpreters/mlir.py:1178: UserWarning: Some donated buffers were not usable: ShapedArray(complex128[144,5,2,43740]).
See an explanation at https://jax.readthedocs.io/en/latest/faq.html#buffer-donation.
  warnings.warn("Some donated buffers were not usable:"
/opt/jax/jax/_src/interpreters/mlir.py:1178: UserWarning: Some donated buffers were not usable: ShapedArray(complex128[4700,21870]).
See an explanation at https://jax.readthedocs.io/en/latest/faq.html#buffer-donation.
  warnings.warn("Some donated buffers were not usable:"
/opt/jax/jax/_src/interpreters/mlir.py:1178: UserWarning: Some donated buffers were not usable: ShapedArray(complex128[144,5,2,43740]).
See an explanation at https://jax.readthedocs.io/en/latest/faq.html#buffer-donation.
  warnings.warn("Some donated buffers were not usable:"
/opt/jax/jax/_src/interpreters/mlir.py:1178: UserWarning: Some donated buffers were not usable: ShapedArray(complex128[144,5,2,43740]).
See an explanation at https://jax.readthedocs.io/en/latest/faq.html#buffer-donation.
  warnings.warn("Some donated buffers were not usable:"
/opt/jax/jax/_src/interpreters/mlir.py:1178: UserWarning: Some donated buffers were not usable: ShapedArray(complex128[144,5,2,43740]).
See an explanation at https://jax.readthedocs.io/en/latest/faq.html#buffer-donation.
  warnings.warn("Some donated buffers were not usable:"
/opt/jax/jax/_src/interpreters/mlir.py:1178: UserWarning: Some donated buffers were not usable: ShapedArray(complex128[144,5,2,43740]).
See an explanation at https://jax.readthedocs.io/en/latest/faq.html#buffer-donation.
  warnings.warn("Some donated buffers were not usable:"
/opt/jax/jax/_src/interpreters/mlir.py:1178: UserWarning: Some donated buffers were not usable: ShapedArray(complex128[144,5,2,43740]).
See an explanation at https://jax.readthedocs.io/en/latest/faq.html#buffer-donation.
  warnings.warn("Some donated buffers were not usable:"
/opt/jax/jax/_src/interpreters/mlir.py:1178: UserWarning: Some donated buffers were not usable: ShapedArray(complex128[4700,21870]).
See an explanation at https://jax.readthedocs.io/en/latest/faq.html#buffer-donation.
  warnings.warn("Some donated buffers were not usable:"
/opt/jax/jax/_src/interpreters/mlir.py:1178: UserWarning: Some donated buffers were not usable: ShapedArray(complex128[144,5,2,43740]).
See an explanation at https://jax.readthedocs.io/en/latest/faq.html#buffer-donation.
  warnings.warn("Some donated buffers were not usable:"
/opt/jax/jax/_src/interpreters/mlir.py:1178: UserWarning: Some donated buffers were not usable: ShapedArray(complex128[144,5,2,43740]).
See an explanation at https://jax.readthedocs.io/en/latest/faq.html#buffer-donation.
  warnings.warn("Some donated buffers were not usable:"
/opt/jax/jax/_src/interpreters/mlir.py:1178: UserWarning: Some donated buffers were not usable: ShapedArray(complex128[144,5,2,43740]).
See an explanation at https://jax.readthedocs.io/en/latest/faq.html#buffer-donation.
  warnings.warn("Some donated buffers were not usable:"
/opt/jax/jax/_src/interpreters/mlir.py:1178: UserWarning: Some donated buffers were not usable: ShapedArray(complex128[4700,21870]).
See an explanation at https://jax.readthedocs.io/en/latest/faq.html#buffer-donation.
  warnings.warn("Some donated buffers were not usable:"
/opt/jax/jax/_src/interpreters/mlir.py:1178: UserWarning: Some donated buffers were not usable: ShapedArray(complex128[144,5,2,43740]).
See an explanation at https://jax.readthedocs.io/en/latest/faq.html#buffer-donation.
  warnings.warn("Some donated buffers were not usable:"
/opt/jax/jax/_src/interpreters/mlir.py:1178: UserWarning: Some donated buffers were not usable: ShapedArray(complex128[4700,21870]).
See an explanation at https://jax.readthedocs.io/en/latest/faq.html#buffer-donation.
  warnings.warn("Some donated buffers were not usable:"
/opt/jax/jax/_src/interpreters/mlir.py:1178: UserWarning: Some donated buffers were not usable: ShapedArray(complex128[4700,21870]).
See an explanation at https://jax.readthedocs.io/en/latest/faq.html#buffer-donation.
  warnings.warn("Some donated buffers were not usable:"
/opt/jax/jax/_src/interpreters/mlir.py:1178: UserWarning: Some donated buffers were not usable: ShapedArray(complex128[4700,21870]).
See an explanation at https://jax.readthedocs.io/en/latest/faq.html#buffer-donation.
  warnings.warn("Some donated buffers were not usable:"
/opt/jax/jax/_src/interpreters/mlir.py:1178: UserWarning: Some donated buffers were not usable: ShapedArray(complex128[4700,21870]).
See an explanation at https://jax.readthedocs.io/en/latest/faq.html#buffer-donation.
  warnings.warn("Some donated buffers were not usable:"
/opt/jax/jax/_src/interpreters/mlir.py:1178: UserWarning: Some donated buffers were not usable: ShapedArray(complex128[4700,21870]).
See an explanation at https://jax.readthedocs.io/en/latest/faq.html#buffer-donation.
  warnings.warn("Some donated buffers were not usable:"
/opt/jax/jax/_src/interpreters/mlir.py:1178: UserWarning: Some donated buffers were not usable: ShapedArray(complex128[4700,21870]).
See an explanation at https://jax.readthedocs.io/en/latest/faq.html#buffer-donation.
  warnings.warn("Some donated buffers were not usable:"
/opt/jax/jax/_src/interpreters/mlir.py:1178: UserWarning: Some donated buffers were not usable: ShapedArray(complex128[144,5,2,43740]).
See an explanation at https://jax.readthedocs.io/en/latest/faq.html#buffer-donation.
  warnings.warn("Some donated buffers were not usable:"
/opt/jax/jax/_src/interpreters/mlir.py:1178: UserWarning: Some donated buffers were not usable: ShapedArray(complex128[144,5,2,43740]).
See an explanation at https://jax.readthedocs.io/en/latest/faq.html#buffer-donation.
  warnings.warn("Some donated buffers were not usable:"
/opt/jax/jax/_src/interpreters/mlir.py:1178: UserWarning: Some donated buffers were not usable: ShapedArray(complex128[4700,21870]).
See an explanation at https://jax.readthedocs.io/en/latest/faq.html#buffer-donation.
  warnings.warn("Some donated buffers were not usable:"
/opt/jax/jax/_src/interpreters/mlir.py:1178: UserWarning: Some donated buffers were not usable: ShapedArray(complex128[144,5,2,43740]).
See an explanation at https://jax.readthedocs.io/en/latest/faq.html#buffer-donation.
  warnings.warn("Some donated buffers were not usable:"
/opt/jax/jax/_src/interpreters/mlir.py:1178: UserWarning: Some donated buffers were not usable: ShapedArray(complex128[4700,21870]).
See an explanation at https://jax.readthedocs.io/en/latest/faq.html#buffer-donation.
  warnings.warn("Some donated buffers were not usable:"
/opt/jax/jax/_src/interpreters/mlir.py:1178: UserWarning: Some donated buffers were not usable: ShapedArray(complex128[4700,21870]).
See an explanation at https://jax.readthedocs.io/en/latest/faq.html#buffer-donation.
  warnings.warn("Some donated buffers were not usable:"
/opt/jax/jax/_src/interpreters/mlir.py:1178: UserWarning: Some donated buffers were not usable: ShapedArray(complex128[144,5,2,43740]).
See an explanation at https://jax.readthedocs.io/en/latest/faq.html#buffer-donation.
  warnings.warn("Some donated buffers were not usable:"
/opt/jax/jax/_src/interpreters/mlir.py:1178: UserWarning: Some donated buffers were not usable: ShapedArray(complex128[144,5,2,43740]).
See an explanation at https://jax.readthedocs.io/en/latest/faq.html#buffer-donation.
  warnings.warn("Some donated buffers were not usable:"
/opt/jax/jax/_src/interpreters/mlir.py:1178: UserWarning: Some donated buffers were not usable: ShapedArray(complex128[144,5,2,43740]).
See an explanation at https://jax.readthedocs.io/en/latest/faq.html#buffer-donation.
  warnings.warn("Some donated buffers were not usable:"
/opt/jax/jax/_src/interpreters/mlir.py:1178: UserWarning: Some donated buffers were not usable: ShapedArray(complex128[4700,21870]).
See an explanation at https://jax.readthedocs.io/en/latest/faq.html#buffer-donation.
  warnings.warn("Some donated buffers were not usable:"
/opt/jax/jax/_src/interpreters/mlir.py:1178: UserWarning: Some donated buffers were not usable: ShapedArray(complex128[4700,21870]).
See an explanation at https://jax.readthedocs.io/en/latest/faq.html#buffer-donation.
  warnings.warn("Some donated buffers were not usable:"
/opt/jax/jax/_src/interpreters/mlir.py:1178: UserWarning: Some donated buffers were not usable: ShapedArray(complex128[4700,21870]).
See an explanation at https://jax.readthedocs.io/en/latest/faq.html#buffer-donation.
  warnings.warn("Some donated buffers were not usable:"
/opt/jax/jax/_src/interpreters/mlir.py:1178: UserWarning: Some donated buffers were not usable: ShapedArray(complex128[4700,21870]).
See an explanation at https://jax.readthedocs.io/en/latest/faq.html#buffer-donation.
  warnings.warn("Some donated buffers were not usable:"
  G accumulation: 6 band chunk(s) summed into Q, then one Q Qᴴ fold, 4.04s
  Cholesky of G: 0.57s
  ctilde[0] orthogonality error: 1.085e-06
  Total Galerkin: 19.81s
Loaded wavefunctions: nk=144, nb=40, rank=4700
  [eqp] htransform enk_sigma <- QP bands [0,40)
  +2 --extra-q point(s) appended to the scan
Q path: 39 path points (+2 extra), nodes at [0, 19, 38] labels ['M', 'Γ', 'K']
  full-band htransform: fH over 40 bands (26v + 14c); BSE conduction [26,34) = 8 band(s) + 6 guard(s)
  bse_setup: (12, 12, 1) → explicit q-list (5904 q-pts), bands [26, 34) of 4700, batch=32
  f-transform: a=0.701251 Ry, n=3.00, shift=0.393183 Ry (a from band 33)
2026-07-21 23:51:19.685680: E external/xla/xla/service/spmd/spmd_partitioner.cc:620] [spmd] Involuntary full rematerialization. The compiler was not able to go from sharding {devices=[1,4,4]<=[16]} to {devices=[16,1,1]<=[16]} without doing a full rematerialization of the tensor for HLO operation: %copy.1 = c128[32,1175,1175]{2,1,0} copy(%dot), sharding={devices=[1,4,4]<=[16]}, metadata={op_name="jit(_q_batch)/jit(main)/sharding_constraint" source_file="/pscratch/sd/j/jackm/lorrax_sandbox/sources/lorrax_A_exciton_wt/src/bandstructure/bse_setup.py" source_line=204}. You probably want to enrich the sharding annotations to prevent this from happening.
2026-07-21 23:51:19.685803: E external/xla/xla/service/spmd/spmd_partitioner.cc:620] [spmd] Involuntary full rematerialization. The compiler was not able to go from sharding {devices=[1,4,4]<=[16]} to {devices=[16,1,1]<=[16]} without doing a full rematerialization of the tensor for HLO operation: %copy.1 = c128[32,1175,1175]{2,1,0} copy(%dot), sharding={devices=[1,4,4]<=[16]}, metadata={op_name="jit(_q_batch)/jit(main)/sharding_constraint" source_file="/pscratch/sd/j/jackm/lorrax_sandbox/sources/lorrax_A_exciton_wt/src/bandstructure/bse_setup.py" source_line=204}. You probably want to enrich the sharding annotations to prevent this from happening.
2026-07-21 23:51:19.696598: E external/xla/xla/service/spmd/spmd_partitioner.cc:620] [spmd] Involuntary full rematerialization. The compiler was not able to go from sharding {devices=[1,4,4]<=[16]} to {devices=[16,1,1]<=[16]} without doing a full rematerialization of the tensor for HLO operation: %copy.1 = c128[32,1175,1175]{2,1,0} copy(%dot), sharding={devices=[1,4,4]<=[16]}, metadata={op_name="jit(_q_batch)/jit(main)/sharding_constraint" source_file="/pscratch/sd/j/jackm/lorrax_sandbox/sources/lorrax_A_exciton_wt/src/bandstructure/bse_setup.py" source_line=204}. You probably want to enrich the sharding annotations to prevent this from happening.
2026-07-21 23:51:19.836150: E external/xla/xla/service/spmd/spmd_partitioner.cc:620] [spmd] Involuntary full rematerialization. The compiler was not able to go from sharding {devices=[1,4,4]<=[16]} to {devices=[16,1,1]<=[16]} without doing a full rematerialization of the tensor for HLO operation: %copy.1 = c128[32,1175,1175]{2,1,0} copy(%dot), sharding={devices=[1,4,4]<=[16]}, metadata={op_name="jit(_q_batch)/jit(main)/sharding_constraint" source_file="/pscratch/sd/j/jackm/lorrax_sandbox/sources/lorrax_A_exciton_wt/src/bandstructure/bse_setup.py" source_line=204}. You probably want to enrich the sharding annotations to prevent this from happening.
2026-07-21 23:51:22.187714: E external/xla/xla/service/spmd/spmd_partitioner.cc:620] [spmd] Involuntary full rematerialization. The compiler was not able to go from sharding {devices=[1,4,4]<=[16]} to {devices=[16,1,1]<=[16]} without doing a full rematerialization of the tensor for HLO operation: %copy.1 = c128[32,1175,1175]{2,1,0} copy(%dot), sharding={devices=[1,4,4]<=[16]}, metadata={op_name="jit(_q_batch)/jit(main)/sharding_constraint" source_file="/pscratch/sd/j/jackm/lorrax_sandbox/sources/lorrax_A_exciton_wt/src/bandstructure/bse_setup.py" source_line=204}. You probably want to enrich the sharding annotations to prevent this from happening.
2026-07-21 23:51:22.189225: E external/xla/xla/service/spmd/spmd_partitioner.cc:620] [spmd] Involuntary full rematerialization. The compiler was not able to go from sharding {devices=[1,4,4]<=[16]} to {devices=[16,1,1]<=[16]} without doing a full rematerialization of the tensor for HLO operation: %copy.1 = c128[32,1175,1175]{2,1,0} copy(%dot), sharding={devices=[1,4,4]<=[16]}, metadata={op_name="jit(_q_batch)/jit(main)/sharding_constraint" source_file="/pscratch/sd/j/jackm/lorrax_sandbox/sources/lorrax_A_exciton_wt/src/bandstructure/bse_setup.py" source_line=204}. You probably want to enrich the sharding annotations to prevent this from happening.
2026-07-21 23:51:22.367173: E external/xla/xla/service/spmd/spmd_partitioner.cc:620] [spmd] Involuntary full rematerialization. The compiler was not able to go from sharding {devices=[1,4,4]<=[16]} to {devices=[16,1,1]<=[16]} without doing a full rematerialization of the tensor for HLO operation: %copy.1 = c128[32,1175,1175]{2,1,0} copy(%dot), sharding={devices=[1,4,4]<=[16]}, metadata={op_name="jit(_q_batch)/jit(main)/sharding_constraint" source_file="/pscratch/sd/j/jackm/lorrax_sandbox/sources/lorrax_A_exciton_wt/src/bandstructure/bse_setup.py" source_line=204}. You probably want to enrich the sharding annotations to prevent this from happening.
2026-07-21 23:51:22.468705: E external/xla/xla/service/spmd/spmd_partitioner.cc:620] [spmd] Involuntary full rematerialization. The compiler was not able to go from sharding {devices=[1,4,4]<=[16]} to {devices=[16,1,1]<=[16]} without doing a full rematerialization of the tensor for HLO operation: %copy.1 = c128[32,1175,1175]{2,1,0} copy(%dot), sharding={devices=[1,4,4]<=[16]}, metadata={op_name="jit(_q_batch)/jit(main)/sharding_constraint" source_file="/pscratch/sd/j/jackm/lorrax_sandbox/sources/lorrax_A_exciton_wt/src/bandstructure/bse_setup.py" source_line=204}. You probably want to enrich the sharding annotations to prevent this from happening.
2026-07-21 23:51:22.475546: E external/xla/xla/service/spmd/spmd_partitioner.cc:620] [spmd] Involuntary full rematerialization. The compiler was not able to go from sharding {devices=[1,4,4]<=[16]} to {devices=[16,1,1]<=[16]} without doing a full rematerialization of the tensor for HLO operation: %copy.1 = c128[32,1175,1175]{2,1,0} copy(%dot), sharding={devices=[1,4,4]<=[16]}, metadata={op_name="jit(_q_batch)/jit(main)/sharding_constraint" source_file="/pscratch/sd/j/jackm/lorrax_sandbox/sources/lorrax_A_exciton_wt/src/bandstructure/bse_setup.py" source_line=204}. You probably want to enrich the sharding annotations to prevent this from happening.
2026-07-21 23:51:22.475547: E external/xla/xla/service/spmd/spmd_partitioner.cc:620] [spmd] Involuntary full rematerialization. The compiler was not able to go from sharding {devices=[1,4,4]<=[16]} to {devices=[16,1,1]<=[16]} without doing a full rematerialization of the tensor for HLO operation: %copy.1 = c128[32,1175,1175]{2,1,0} copy(%dot), sharding={devices=[1,4,4]<=[16]}, metadata={op_name="jit(_q_batch)/jit(main)/sharding_constraint" source_file="/pscratch/sd/j/jackm/lorrax_sandbox/sources/lorrax_A_exciton_wt/src/bandstructure/bse_setup.py" source_line=204}. You probably want to enrich the sharding annotations to prevent this from happening.
2026-07-21 23:51:22.519933: E external/xla/xla/service/spmd/spmd_partitioner.cc:620] [spmd] Involuntary full rematerialization. The compiler was not able to go from sharding {devices=[1,4,4]<=[16]} to {devices=[16,1,1]<=[16]} without doing a full rematerialization of the tensor for HLO operation: %copy.1 = c128[32,1175,1175]{2,1,0} copy(%dot), sharding={devices=[1,4,4]<=[16]}, metadata={op_name="jit(_q_batch)/jit(main)/sharding_constraint" source_file="/pscratch/sd/j/jackm/lorrax_sandbox/sources/lorrax_A_exciton_wt/src/bandstructure/bse_setup.py" source_line=204}. You probably want to enrich the sharding annotations to prevent this from happening.
2026-07-21 23:51:22.600754: E external/xla/xla/service/spmd/spmd_partitioner.cc:620] [spmd] Involuntary full rematerialization. The compiler was not able to go from sharding {devices=[1,4,4]<=[16]} to {devices=[16,1,1]<=[16]} without doing a full rematerialization of the tensor for HLO operation: %copy.1 = c128[32,1175,1175]{2,1,0} copy(%dot), sharding={devices=[1,4,4]<=[16]}, metadata={op_name="jit(_q_batch)/jit(main)/sharding_constraint" source_file="/pscratch/sd/j/jackm/lorrax_sandbox/sources/lorrax_A_exciton_wt/src/bandstructure/bse_setup.py" source_line=204}. You probably want to enrich the sharding annotations to prevent this from happening.
2026-07-21 23:51:22.603303: E external/xla/xla/service/spmd/spmd_partitioner.cc:620] [spmd] Involuntary full rematerialization. The compiler was not able to go from sharding {devices=[1,4,4]<=[16]} to {devices=[16,1,1]<=[16]} without doing a full rematerialization of the tensor for HLO operation: %copy.1 = c128[32,1175,1175]{2,1,0} copy(%dot), sharding={devices=[1,4,4]<=[16]}, metadata={op_name="jit(_q_batch)/jit(main)/sharding_constraint" source_file="/pscratch/sd/j/jackm/lorrax_sandbox/sources/lorrax_A_exciton_wt/src/bandstructure/bse_setup.py" source_line=204}. You probably want to enrich the sharding annotations to prevent this from happening.
2026-07-21 23:51:22.637237: E external/xla/xla/service/spmd/spmd_partitioner.cc:620] [spmd] Involuntary full rematerialization. The compiler was not able to go from sharding {devices=[1,4,4]<=[16]} to {devices=[16,1,1]<=[16]} without doing a full rematerialization of the tensor for HLO operation: %copy.1 = c128[32,1175,1175]{2,1,0} copy(%dot), sharding={devices=[1,4,4]<=[16]}, metadata={op_name="jit(_q_batch)/jit(main)/sharding_constraint" source_file="/pscratch/sd/j/jackm/lorrax_sandbox/sources/lorrax_A_exciton_wt/src/bandstructure/bse_setup.py" source_line=204}. You probably want to enrich the sharding annotations to prevent this from happening.
2026-07-21 23:51:22.642605: E external/xla/xla/service/spmd/spmd_partitioner.cc:620] [spmd] Involuntary full rematerialization. The compiler was not able to go from sharding {devices=[1,4,4]<=[16]} to {devices=[16,1,1]<=[16]} without doing a full rematerialization of the tensor for HLO operation: %copy.1 = c128[32,1175,1175]{2,1,0} copy(%dot), sharding={devices=[1,4,4]<=[16]}, metadata={op_name="jit(_q_batch)/jit(main)/sharding_constraint" source_file="/pscratch/sd/j/jackm/lorrax_sandbox/sources/lorrax_A_exciton_wt/src/bandstructure/bse_setup.py" source_line=204}. You probably want to enrich the sharding annotations to prevent this from happening.
2026-07-21 23:51:22.747232: E external/xla/xla/service/spmd/spmd_partitioner.cc:620] [spmd] Involuntary full rematerialization. The compiler was not able to go from sharding {devices=[1,4,4]<=[16]} to {devices=[16,1,1]<=[16]} without doing a full rematerialization of the tensor for HLO operation: %copy.1 = c128[32,1175,1175]{2,1,0} copy(%dot), sharding={devices=[1,4,4]<=[16]}, metadata={op_name="jit(_q_batch)/jit(main)/sharding_constraint" source_file="/pscratch/sd/j/jackm/lorrax_sandbox/sources/lorrax_A_exciton_wt/src/bandstructure/bse_setup.py" source_line=204}. You probably want to enrich the sharding annotations to prevent this from happening.
  bundle: psi_rmu_Y=(5904, 8, 2, 2412), psi_rmuT_X=(5904, 2412, 8, 2)
  [gate] htransform@Γ vs stored: max|Δε_c| = 57.902 meV, conduction-subspace overlap min-sval = 0.9544
  [warn] on-grid conduction ENERGY error 57.9 meV ≫ the ~1-2 meV htransform floor — the interp basis is over-packed: 640-scale centroids cannot orthonormalize high oscillatory bands, so their non-orthonormal Galerkin coeffs pollute fH=Σf(ε)ccᴴ.  Reduce nband toward the BSE window (a few guard bands).
  arbitrary-Q head: point value (head_minibz_average=False)
  [wrapfix] 4 of 144 q relabeled to the sphere-derived center
  [wrapfix] 4 of 144 q relabeled to the sphere-derived center
  [wrapfix] 4 of 144 q relabeled to the sphere-derived center
  [wrapfix] 4 of 144 q relabeled to the sphere-derived center
  [wrapfix] 4 of 144 q relabeled to the sphere-derived center
  [wrapfix] 4 of 144 q relabeled to the sphere-derived center
  [wrapfix] 4 of 144 q relabeled to the sphere-derived center
  [wrapfix] 4 of 144 q relabeled to the sphere-derived center
  [wrapfix] 4 of 144 q relabeled to the sphere-derived center
  [wrapfix] 4 of 144 q relabeled to the sphere-derived center
  [wrapfix] 4 of 144 q relabeled to the sphere-derived center
  [wrapfix] 4 of 144 q relabeled to the sphere-derived center
  [wrapfix] 4 of 144 q relabeled to the sphere-derived center
  [wrapfix] 4 of 144 q relabeled to the sphere-derived center
  [wrapfix] 4 of 144 q relabeled to the sphere-derived center
  [wrapfix] 4 of 144 q relabeled to the sphere-derived center
  [prep] gset(0.3) = 337 G; 0 out-of-sphere (q,G) channels zero-filled; sphere-tail bound 3.1e-97; host mirrors dropped
  [prep] gset(0.3) = 337 G; 0 out-of-sphere (q,G) channels zero-filled; sphere-tail bound 3.1e-97; host mirrors dropped
  [prep] gset(0.3) = 337 G; 0 out-of-sphere (q,G) channels zero-filled; sphere-tail bound 3.1e-97; host mirrors dropped
2026-07-22 00:17:26.787670: E external/xla/xla/service/spmd/spmd_partitioner.cc:620] [spmd] Involuntary full rematerialization. The compiler was not able to go from sharding {devices=[16,1,1]<=[16]} to {devices=[1,4,4]<=[16]} without doing a full rematerialization of the tensor for HLO operation: %param = c128[1,2412,2412]{2,1,0} parameter(0), sharding={devices=[16,1,1]<=[16]}, metadata={op_name="c[0]"}. You probably want to enrich the sharding annotations to prevent this from happening.
2026-07-22 00:17:26.787723: E external/xla/xla/service/spmd/spmd_partitioner.cc:620] [spmd] Involuntary full rematerialization. The compiler was not able to go from sharding {devices=[16,1,1]<=[16]} to {devices=[1,4,4]<=[16]} without doing a full rematerialization of the tensor for HLO operation: %param = c128[1,2412,2412]{2,1,0} parameter(1), sharding={devices=[16,1,1]<=[16]}, metadata={op_name="c[1]"}. You probably want to enrich the sharding annotations to prevent this from happening.
2026-07-22 00:17:26.787747: E external/xla/xla/service/spmd/spmd_partitioner.cc:620] [spmd] Involuntary full rematerialization. The compiler was not able to go from sharding {devices=[16,1,1]<=[16]} to {devices=[1,4,4]<=[16]} without doing a full rematerialization of the tensor for HLO operation: %param = c128[1,2412,2412]{2,1,0} parameter(2), sharding={devices=[16,1,1]<=[16]}, metadata={op_name="c[2]"}. You probably want to enrich the sharding annotations to prevent this from happening.
2026-07-22 00:17:26.787769: E external/xla/xla/service/spmd/spmd_partitioner.cc:620] [spmd] Involuntary full rematerialization. The compiler was not able to go from sharding {devices=[16,1,1]<=[16]} to {devices=[1,4,4]<=[16]} without doing a full rematerialization of the tensor for HLO operation: %param = c128[1,2412,2412]{2,1,0} parameter(3), sharding={devices=[16,1,1]<=[16]}, metadata={op_name="c[3]"}. You probably want to enrich the sharding annotations to prevent this from happening.
2026-07-22 00:17:26.787788: E external/xla/xla/service/spmd/spmd_partitioner.cc:620] [spmd] Involuntary full rematerialization. The compiler was not able to go from sharding {devices=[16,1,1]<=[16]} to {devices=[1,4,4]<=[16]} without doing a full rematerialization of the tensor for HLO operation: %param = c128[1,2412,2412]{2,1,0} parameter(4), sharding={devices=[16,1,1]<=[16]}, metadata={op_name="c[4]"}. You probably want to enrich the sharding annotations to prevent this from happening.
2026-07-22 00:17:26.787807: E external/xla/xla/service/spmd/spmd_partitioner.cc:620] [spmd] Involuntary full rematerialization. The compiler was not able to go from sharding {devices=[16,1,1]<=[16]} to {devices=[1,4,4]<=[16]} without doing a full rematerialization of the tensor for HLO operation: %param = c128[1,2412,2412]{2,1,0} parameter(5), sharding={devices=[16,1,1]<=[16]}, metadata={op_name="c[5]"}. You probably want to enrich the sharding annotations to prevent this from happening.
2026-07-22 00:17:26.787828: E external/xla/xla/service/spmd/spmd_partitioner.cc:620] [spmd] Involuntary full rematerialization. The compiler was not able to go from sharding {devices=[16,1,1]<=[16]} to {devices=[1,4,4]<=[16]} without doing a full rematerialization of the tensor for HLO operation: %param = c128[1,2412,2412]{2,1,0} parameter(6), sharding={devices=[16,1,1]<=[16]}, metadata={op_name="c[6]"}. You probably want to enrich the sharding annotations to prevent this from happening.
2026-07-22 00:17:26.787847: E external/xla/xla/service/spmd/spmd_partitioner.cc:620] [spmd] Involuntary full rematerialization. The compiler was not able to go from sharding {devices=[16,1,1]<=[16]} to {devices=[1,4,4]<=[16]} without doing a full rematerialization of the tensor for HLO operation: %param = c128[1,2412,2412]{2,1,0} parameter(7), sharding={devices=[16,1,1]<=[16]}, metadata={op_name="c[7]"}. You probably want to enrich the sharding annotations to prevent this from happening.
2026-07-22 00:17:26.787865: E external/xla/xla/service/spmd/spmd_partitioner.cc:620] [spmd] Involuntary full rematerialization. The compiler was not able to go from sharding {devices=[16,1,1]<=[16]} to {devices=[1,4,4]<=[16]} without doing a full rematerialization of the tensor for HLO operation: %param = c128[1,2412,2412]{2,1,0} parameter(8), sharding={devices=[16,1,1]<=[16]}, metadata={op_name="c[8]"}. You probably want to enrich the sharding annotations to prevent this from happening.
2026-07-22 00:17:26.789595: E external/xla/xla/service/spmd/spmd_partitioner.cc:620] [spmd] Involuntary full rematerialization. The compiler was not able to go from sharding {devices=[16,1,1]<=[16]} to {devices=[1,4,4]<=[16]} without doing a full rematerialization of the tensor for HLO operation: %param = c128[1,2412,2412]{2,1,0} parameter(0), sharding={devices=[16,1,1]<=[16]}, metadata={op_name="c[0]"}. You probably want to enrich the sharding annotations to prevent this from happening.
2026-07-22 00:17:26.789658: E external/xla/xla/service/spmd/spmd_partitioner.cc:620] [spmd] Involuntary full rematerialization. The compiler was not able to go from sharding {devices=[16,1,1]<=[16]} to {devices=[1,4,4]<=[16]} without doing a full rematerialization of the tensor for HLO operation: %param = c128[1,2412,2412]{2,1,0} parameter(1), sharding={devices=[16,1,1]<=[16]}, metadata={op_name="c[1]"}. You probably want to enrich the sharding annotations to prevent this from happening.
2026-07-22 00:17:26.789682: E external/xla/xla/service/spmd/spmd_partitioner.cc:620] [spmd] Involuntary full rematerialization. The compiler was not able to go from sharding {devices=[16,1,1]<=[16]} to {devices=[1,4,4]<=[16]} without doing a full rematerialization of the tensor for HLO operation: %param = c128[1,2412,2412]{2,1,0} parameter(2), sharding={devices=[16,1,1]<=[16]}, metadata={op_name="c[2]"}. You probably want to enrich the sharding annotations to prevent this from happening.
2026-07-22 00:17:26.789711: E external/xla/xla/service/spmd/spmd_partitioner.cc:620] [spmd] Involuntary full rematerialization. The compiler was not able to go from sharding {devices=[16,1,1]<=[16]} to {devices=[1,4,4]<=[16]} without doing a full rematerialization of the tensor for HLO operation: %param = c128[1,2412,2412]{2,1,0} parameter(3), sharding={devices=[16,1,1]<=[16]}, metadata={op_name="c[3]"}. You probably want to enrich the sharding annotations to prevent this from happening.
2026-07-22 00:17:26.789742: E external/xla/xla/service/spmd/spmd_partitioner.cc:620] [spmd] Involuntary full rematerialization. The compiler was not able to go from sharding {devices=[16,1,1]<=[16]} to {devices=[1,4,4]<=[16]} without doing a full rematerialization of the tensor for HLO operation: %param = c128[1,2412,2412]{2,1,0} parameter(4), sharding={devices=[16,1,1]<=[16]}, metadata={op_name="c[4]"}. You probably want to enrich the sharding annotations to prevent this from happening.
2026-07-22 00:17:26.789770: E external/xla/xla/service/spmd/spmd_partitioner.cc:620] [spmd] Involuntary full rematerialization. The compiler was not able to go from sharding {devices=[16,1,1]<=[16]} to {devices=[1,4,4]<=[16]} without doing a full rematerialization of the tensor for HLO operation: %param = c128[1,2412,2412]{2,1,0} parameter(5), sharding={devices=[16,1,1]<=[16]}, metadata={op_name="c[5]"}. You probably want to enrich the sharding annotations to prevent this from happening.
2026-07-22 00:17:26.789801: E external/xla/xla/service/spmd/spmd_partitioner.cc:620] [spmd] Involuntary full rematerialization. The compiler was not able to go from sharding {devices=[16,1,1]<=[16]} to {devices=[1,4,4]<=[16]} without doing a full rematerialization of the tensor for HLO operation: %param = c128[1,2412,2412]{2,1,0} parameter(6), sharding={devices=[16,1,1]<=[16]}, metadata={op_name="c[6]"}. You probably want to enrich the sharding annotations to prevent this from happening.
2026-07-22 00:17:26.789830: E external/xla/xla/service/spmd/spmd_partitioner.cc:620] [spmd] Involuntary full rematerialization. The compiler was not able to go from sharding {devices=[16,1,1]<=[16]} to {devices=[1,4,4]<=[16]} without doing a full rematerialization of the tensor for HLO operation: %param = c128[1,2412,2412]{2,1,0} parameter(7), sharding={devices=[16,1,1]<=[16]}, metadata={op_name="c[7]"}. You probably want to enrich the sharding annotations to prevent this from happening.
2026-07-22 00:17:26.789856: E external/xla/xla/service/spmd/spmd_partitioner.cc:620] [spmd] Involuntary full rematerialization. The compiler was not able to go from sharding {devices=[16,1,1]<=[16]} to {devices=[1,4,4]<=[16]} without doing a full rematerialization of the tensor for HLO operation: %param = c128[1,2412,2412]{2,1,0} parameter(8), sharding={devices=[16,1,1]<=[16]}, metadata={op_name="c[8]"}. You probably want to enrich the sharding annotations to prevent this from happening.
2026-07-22 00:17:26.802382: E external/xla/xla/service/spmd/spmd_partitioner.cc:620] [spmd] Involuntary full rematerialization. The compiler was not able to go from sharding {devices=[16,1,1]<=[16]} to {devices=[1,4,4]<=[16]} without doing a full rematerialization of the tensor for HLO operation: %param = c128[1,2412,2412]{2,1,0} parameter(0), sharding={devices=[16,1,1]<=[16]}, metadata={op_name="c[0]"}. You probably want to enrich the sharding annotations to prevent this from happening.
2026-07-22 00:17:26.802438: E external/xla/xla/service/spmd/spmd_partitioner.cc:620] [spmd] Involuntary full rematerialization. The compiler was not able to go from sharding {devices=[16,1,1]<=[16]} to {devices=[1,4,4]<=[16]} without doing a full rematerialization of the tensor for HLO operation: %param = c128[1,2412,2412]{2,1,0} parameter(1), sharding={devices=[16,1,1]<=[16]}, metadata={op_name="c[1]"}. You probably want to enrich the sharding annotations to prevent this from happening.
2026-07-22 00:17:26.802518: E external/xla/xla/service/spmd/spmd_partitioner.cc:620] [spmd] Involuntary full rematerialization. The compiler was not able to go from sharding {devices=[16,1,1]<=[16]} to {devices=[1,4,4]<=[16]} without doing a full rematerialization of the tensor for HLO operation: %param = c128[1,2412,2412]{2,1,0} parameter(2), sharding={devices=[16,1,1]<=[16]}, metadata={op_name="c[2]"}. You probably want to enrich the sharding annotations to prevent this from happening.
2026-07-22 00:17:26.802539: E external/xla/xla/service/spmd/spmd_partitioner.cc:620] [spmd] Involuntary full rematerialization. The compiler was not able to go from sharding {devices=[16,1,1]<=[16]} to {devices=[1,4,4]<=[16]} without doing a full rematerialization of the tensor for HLO operation: %param = c128[1,2412,2412]{2,1,0} parameter(3), sharding={devices=[16,1,1]<=[16]}, metadata={op_name="c[3]"}. You probably want to enrich the sharding annotations to prevent this from happening.
2026-07-22 00:17:26.802563: E external/xla/xla/service/spmd/spmd_partitioner.cc:620] [spmd] Involuntary full rematerialization. The compiler was not able to go from sharding {devices=[16,1,1]<=[16]} to {devices=[1,4,4]<=[16]} without doing a full rematerialization of the tensor for HLO operation: %param = c128[1,2412,2412]{2,1,0} parameter(4), sharding={devices=[16,1,1]<=[16]}, metadata={op_name="c[4]"}. You probably want to enrich the sharding annotations to prevent this from happening.
2026-07-22 00:17:26.802585: E external/xla/xla/service/spmd/spmd_partitioner.cc:620] [spmd] Involuntary full rematerialization. The compiler was not able to go from sharding {devices=[16,1,1]<=[16]} to {devices=[1,4,4]<=[16]} without doing a full rematerialization of the tensor for HLO operation: %param = c128[1,2412,2412]{2,1,0} parameter(5), sharding={devices=[16,1,1]<=[16]}, metadata={op_name="c[5]"}. You probably want to enrich the sharding annotations to prevent this from happening.
2026-07-22 00:17:26.802607: E external/xla/xla/service/spmd/spmd_partitioner.cc:620] [spmd] Involuntary full rematerialization. The compiler was not able to go from sharding {devices=[16,1,1]<=[16]} to {devices=[1,4,4]<=[16]} without doing a full rematerialization of the tensor for HLO operation: %param = c128[1,2412,2412]{2,1,0} parameter(6), sharding={devices=[16,1,1]<=[16]}, metadata={op_name="c[6]"}. You probably want to enrich the sharding annotations to prevent this from happening.
2026-07-22 00:17:26.802627: E external/xla/xla/service/spmd/spmd_partitioner.cc:620] [spmd] Involuntary full rematerialization. The compiler was not able to go from sharding {devices=[16,1,1]<=[16]} to {devices=[1,4,4]<=[16]} without doing a full rematerialization of the tensor for HLO operation: %param = c128[1,2412,2412]{2,1,0} parameter(7), sharding={devices=[16,1,1]<=[16]}, metadata={op_name="c[7]"}. You probably want to enrich the sharding annotations to prevent this from happening.
2026-07-22 00:17:26.802647: E external/xla/xla/service/spmd/spmd_partitioner.cc:620] [spmd] Involuntary full rematerialization. The compiler was not able to go from sharding {devices=[16,1,1]<=[16]} to {devices=[1,4,4]<=[16]} without doing a full rematerialization of the tensor for HLO operation: %param = c128[1,2412,2412]{2,1,0} parameter(8), sharding={devices=[16,1,1]<=[16]}, metadata={op_name="c[8]"}. You probably want to enrich the sharding annotations to prevent this from happening.
  [prep] gset(0.3) = 337 G; 0 out-of-sphere (q,G) channels zero-filled; sphere-tail bound 3.1e-97; host mirrors dropped
  [prep] gset(0.3) = 337 G; 0 out-of-sphere (q,G) channels zero-filled; sphere-tail bound 3.1e-97; host mirrors dropped
  [prep] gset(0.3) = 337 G; 0 out-of-sphere (q,G) channels zero-filled; sphere-tail bound 3.1e-97; host mirrors dropped
  [prep] gset(0.3) = 337 G; 0 out-of-sphere (q,G) channels zero-filled; sphere-tail bound 3.1e-97; host mirrors dropped
  [prep] gset(0.3) = 337 G; 0 out-of-sphere (q,G) channels zero-filled; sphere-tail bound 3.1e-97; host mirrors dropped
  [prep] gset(0.3) = 337 G; 0 out-of-sphere (q,G) channels zero-filled; sphere-tail bound 3.1e-97; host mirrors dropped
  [prep] gset(0.3) = 337 G; 0 out-of-sphere (q,G) channels zero-filled; sphere-tail bound 3.1e-97; host mirrors dropped
  [prep] gset(0.3) = 337 G; 0 out-of-sphere (q,G) channels zero-filled; sphere-tail bound 3.1e-97; host mirrors dropped
  [prep] gset(0.3) = 337 G; 0 out-of-sphere (q,G) channels zero-filled; sphere-tail bound 3.1e-97; host mirrors dropped
  [prep] gset(0.3) = 337 G; 0 out-of-sphere (q,G) channels zero-filled; sphere-tail bound 3.1e-97; host mirrors dropped
  [prep] gset(0.3) = 337 G; 0 out-of-sphere (q,G) channels zero-filled; sphere-tail bound 3.1e-97; host mirrors dropped
  [prep] gset(0.3) = 337 G; 0 out-of-sphere (q,G) channels zero-filled; sphere-tail bound 3.1e-97; host mirrors dropped
  [prep] gset(0.3) = 337 G; 0 out-of-sphere (q,G) channels zero-filled; sphere-tail bound 3.1e-97; host mirrors dropped
2026-07-22 00:17:26.818032: E external/xla/xla/service/spmd/spmd_partitioner.cc:620] [spmd] Involuntary full rematerialization. The compiler was not able to go from sharding {devices=[16,1,1]<=[16]} to {devices=[1,4,4]<=[16]} without doing a full rematerialization of the tensor for HLO operation: %param = c128[1,2412,2412]{2,1,0} parameter(0), sharding={devices=[16,1,1]<=[16]}, metadata={op_name="c[0]"}. You probably want to enrich the sharding annotations to prevent this from happening.
2026-07-22 00:17:26.818095: E external/xla/xla/service/spmd/spmd_partitioner.cc:620] [spmd] Involuntary full rematerialization. The compiler was not able to go from sharding {devices=[16,1,1]<=[16]} to {devices=[1,4,4]<=[16]} without doing a full rematerialization of the tensor for HLO operation: %param = c128[1,2412,2412]{2,1,0} parameter(1), sharding={devices=[16,1,1]<=[16]}, metadata={op_name="c[1]"}. You probably want to enrich the sharding annotations to prevent this from happening.
2026-07-22 00:17:26.818120: E external/xla/xla/service/spmd/spmd_partitioner.cc:620] [spmd] Involuntary full rematerialization. The compiler was not able to go from sharding {devices=[16,1,1]<=[16]} to {devices=[1,4,4]<=[16]} without doing a full rematerialization of the tensor for HLO operation: %param = c128[1,2412,2412]{2,1,0} parameter(2), sharding={devices=[16,1,1]<=[16]}, metadata={op_name="c[2]"}. You probably want to enrich the sharding annotations to prevent this from happening.
2026-07-22 00:17:26.818140: E external/xla/xla/service/spmd/spmd_partitioner.cc:620] [spmd] Involuntary full rematerialization. The compiler was not able to go from sharding {devices=[16,1,1]<=[16]} to {devices=[1,4,4]<=[16]} without doing a full rematerialization of the tensor for HLO operation: %param = c128[1,2412,2412]{2,1,0} parameter(3), sharding={devices=[16,1,1]<=[16]}, metadata={op_name="c[3]"}. You probably want to enrich the sharding annotations to prevent this from happening.
2026-07-22 00:17:26.818160: E external/xla/xla/service/spmd/spmd_partitioner.cc:620] [spmd] Involuntary full rematerialization. The compiler was not able to go from sharding {devices=[16,1,1]<=[16]} to {devices=[1,4,4]<=[16]} without doing a full rematerialization of the tensor for HLO operation: %param = c128[1,2412,2412]{2,1,0} parameter(4), sharding={devices=[16,1,1]<=[16]}, metadata={op_name="c[4]"}. You probably want to enrich the sharding annotations to prevent this from happening.
2026-07-22 00:17:26.818181: E external/xla/xla/service/spmd/spmd_partitioner.cc:620] [spmd] Involuntary full rematerialization. The compiler was not able to go from sharding {devices=[16,1,1]<=[16]} to {devices=[1,4,4]<=[16]} without doing a full rematerialization of the tensor for HLO operation: %param = c128[1,2412,2412]{2,1,0} parameter(5), sharding={devices=[16,1,1]<=[16]}, metadata={op_name="c[5]"}. You probably want to enrich the sharding annotations to prevent this from happening.
2026-07-22 00:17:26.818201: E external/xla/xla/service/spmd/spmd_partitioner.cc:620] [spmd] Involuntary full rematerialization. The compiler was not able to go from sharding {devices=[16,1,1]<=[16]} to {devices=[1,4,4]<=[16]} without doing a full rematerialization of the tensor for HLO operation: %param = c128[1,2412,2412]{2,1,0} parameter(6), sharding={devices=[16,1,1]<=[16]}, metadata={op_name="c[6]"}. You probably want to enrich the sharding annotations to prevent this from happening.
2026-07-22 00:17:26.818221: E external/xla/xla/service/spmd/spmd_partitioner.cc:620] [spmd] Involuntary full rematerialization. The compiler was not able to go from sharding {devices=[16,1,1]<=[16]} to {devices=[1,4,4]<=[16]} without doing a full rematerialization of the tensor for HLO operation: %param = c128[1,2412,2412]{2,1,0} parameter(7), sharding={devices=[16,1,1]<=[16]}, metadata={op_name="c[7]"}. You probably want to enrich the sharding annotations to prevent this from happening.
2026-07-22 00:17:26.818239: E external/xla/xla/service/spmd/spmd_partitioner.cc:620] [spmd] Involuntary full rematerialization. The compiler was not able to go from sharding {devices=[16,1,1]<=[16]} to {devices=[1,4,4]<=[16]} without doing a full rematerialization of the tensor for HLO operation: %param = c128[1,2412,2412]{2,1,0} parameter(8), sharding={devices=[16,1,1]<=[16]}, metadata={op_name="c[8]"}. You probably want to enrich the sharding annotations to prevent this from happening.
2026-07-22 00:17:26.819371: E external/xla/xla/service/spmd/spmd_partitioner.cc:620] [spmd] Involuntary full rematerialization. The compiler was not able to go from sharding {devices=[16,1,1]<=[16]} to {devices=[1,4,4]<=[16]} without doing a full rematerialization of the tensor for HLO operation: %param = c128[1,2412,2412]{2,1,0} parameter(0), sharding={devices=[16,1,1]<=[16]}, metadata={op_name="c[0]"}. You probably want to enrich the sharding annotations to prevent this from happening.
2026-07-22 00:17:26.819437: E external/xla/xla/service/spmd/spmd_partitioner.cc:620] [spmd] Involuntary full rematerialization. The compiler was not able to go from sharding {devices=[16,1,1]<=[16]} to {devices=[1,4,4]<=[16]} without doing a full rematerialization of the tensor for HLO operation: %param = c128[1,2412,2412]{2,1,0} parameter(1), sharding={devices=[16,1,1]<=[16]}, metadata={op_name="c[1]"}. You probably want to enrich the sharding annotations to prevent this from happening.
2026-07-22 00:17:26.819462: E external/xla/xla/service/spmd/spmd_partitioner.cc:620] [spmd] Involuntary full rematerialization. The compiler was not able to go from sharding {devices=[16,1,1]<=[16]} to {devices=[1,4,4]<=[16]} without doing a full rematerialization of the tensor for HLO operation: %param = c128[1,2412,2412]{2,1,0} parameter(2), sharding={devices=[16,1,1]<=[16]}, metadata={op_name="c[2]"}. You probably want to enrich the sharding annotations to prevent this from happening.
2026-07-22 00:17:26.819484: E external/xla/xla/service/spmd/spmd_partitioner.cc:620] [spmd] Involuntary full rematerialization. The compiler was not able to go from sharding {devices=[16,1,1]<=[16]} to {devices=[1,4,4]<=[16]} without doing a full rematerialization of the tensor for HLO operation: %param = c128[1,2412,2412]{2,1,0} parameter(3), sharding={devices=[16,1,1]<=[16]}, metadata={op_name="c[3]"}. You probably want to enrich the sharding annotations to prevent this from happening.
2026-07-22 00:17:26.819504: E external/xla/xla/service/spmd/spmd_partitioner.cc:620] [spmd] Involuntary full rematerialization. The compiler was not able to go from sharding {devices=[16,1,1]<=[16]} to {devices=[1,4,4]<=[16]} without doing a full rematerialization of the tensor for HLO operation: %param = c128[1,2412,2412]{2,1,0} parameter(4), sharding={devices=[16,1,1]<=[16]}, metadata={op_name="c[4]"}. You probably want to enrich the sharding annotations to prevent this from happening.
2026-07-22 00:17:26.819592: E external/xla/xla/service/spmd/spmd_partitioner.cc:620] [spmd] Involuntary full rematerialization. The compiler was not able to go from sharding {devices=[16,1,1]<=[16]} to {devices=[1,4,4]<=[16]} without doing a full rematerialization of the tensor for HLO operation: %param = c128[1,2412,2412]{2,1,0} parameter(0), sharding={devices=[16,1,1]<=[16]}, metadata={op_name="c[0]"}. You probably want to enrich the sharding annotations to prevent this from happening.
2026-07-22 00:17:26.819523: E external/xla/xla/service/spmd/spmd_partitioner.cc:620] [spmd] Involuntary full rematerialization. The compiler was not able to go from sharding {devices=[16,1,1]<=[16]} to {devices=[1,4,4]<=[16]} without doing a full rematerialization of the tensor for HLO operation: %param = c128[1,2412,2412]{2,1,0} parameter(5), sharding={devices=[16,1,1]<=[16]}, metadata={op_name="c[5]"}. You probably want to enrich the sharding annotations to prevent this from happening.
2026-07-22 00:17:26.819541: E external/xla/xla/service/spmd/spmd_partitioner.cc:620] [spmd] Involuntary full rematerialization. The compiler was not able to go from sharding {devices=[16,1,1]<=[16]} to {devices=[1,4,4]<=[16]} without doing a full rematerialization of the tensor for HLO operation: %param = c128[1,2412,2412]{2,1,0} parameter(6), sharding={devices=[16,1,1]<=[16]}, metadata={op_name="c[6]"}. You probably want to enrich the sharding annotations to prevent this from happening.
2026-07-22 00:17:26.819645: E external/xla/xla/service/spmd/spmd_partitioner.cc:620] [spmd] Involuntary full rematerialization. The compiler was not able to go from sharding {devices=[16,1,1]<=[16]} to {devices=[1,4,4]<=[16]} without doing a full rematerialization of the tensor for HLO operation: %param = c128[1,2412,2412]{2,1,0} parameter(1), sharding={devices=[16,1,1]<=[16]}, metadata={op_name="c[1]"}. You probably want to enrich the sharding annotations to prevent this from happening.
2026-07-22 00:17:26.819670: E external/xla/xla/service/spmd/spmd_partitioner.cc:620] [spmd] Involuntary full rematerialization. The compiler was not able to go from sharding {devices=[16,1,1]<=[16]} to {devices=[1,4,4]<=[16]} without doing a full rematerialization of the tensor for HLO operation: %param = c128[1,2412,2412]{2,1,0} parameter(2), sharding={devices=[16,1,1]<=[16]}, metadata={op_name="c[2]"}. You probably want to enrich the sharding annotations to prevent this from happening.
2026-07-22 00:17:26.819559: E external/xla/xla/service/spmd/spmd_partitioner.cc:620] [spmd] Involuntary full rematerialization. The compiler was not able to go from sharding {devices=[16,1,1]<=[16]} to {devices=[1,4,4]<=[16]} without doing a full rematerialization of the tensor for HLO operation: %param = c128[1,2412,2412]{2,1,0} parameter(7), sharding={devices=[16,1,1]<=[16]}, metadata={op_name="c[7]"}. You probably want to enrich the sharding annotations to prevent this from happening.
2026-07-22 00:17:26.819691: E external/xla/xla/service/spmd/spmd_partitioner.cc:620] [spmd] Involuntary full rematerialization. The compiler was not able to go from sharding {devices=[16,1,1]<=[16]} to {devices=[1,4,4]<=[16]} without doing a full rematerialization of the tensor for HLO operation: %param = c128[1,2412,2412]{2,1,0} parameter(3), sharding={devices=[16,1,1]<=[16]}, metadata={op_name="c[3]"}. You probably want to enrich the sharding annotations to prevent this from happening.
2026-07-22 00:17:26.819578: E external/xla/xla/service/spmd/spmd_partitioner.cc:620] [spmd] Involuntary full rematerialization. The compiler was not able to go from sharding {devices=[16,1,1]<=[16]} to {devices=[1,4,4]<=[16]} without doing a full rematerialization of the tensor for HLO operation: %param = c128[1,2412,2412]{2,1,0} parameter(8), sharding={devices=[16,1,1]<=[16]}, metadata={op_name="c[8]"}. You probably want to enrich the sharding annotations to prevent this from happening.
2026-07-22 00:17:26.819710: E external/xla/xla/service/spmd/spmd_partitioner.cc:620] [spmd] Involuntary full rematerialization. The compiler was not able to go from sharding {devices=[16,1,1]<=[16]} to {devices=[1,4,4]<=[16]} without doing a full rematerialization of the tensor for HLO operation: %param = c128[1,2412,2412]{2,1,0} parameter(4), sharding={devices=[16,1,1]<=[16]}, metadata={op_name="c[4]"}. You probably want to enrich the sharding annotations to prevent this from happening.
2026-07-22 00:17:26.819728: E external/xla/xla/service/spmd/spmd_partitioner.cc:620] [spmd] Involuntary full rematerialization. The compiler was not able to go from sharding {devices=[16,1,1]<=[16]} to {devices=[1,4,4]<=[16]} without doing a full rematerialization of the tensor for HLO operation: %param = c128[1,2412,2412]{2,1,0} parameter(5), sharding={devices=[16,1,1]<=[16]}, metadata={op_name="c[5]"}. You probably want to enrich the sharding annotations to prevent this from happening.
2026-07-22 00:17:26.819747: E external/xla/xla/service/spmd/spmd_partitioner.cc:620] [spmd] Involuntary full rematerialization. The compiler was not able to go from sharding {devices=[16,1,1]<=[16]} to {devices=[1,4,4]<=[16]} without doing a full rematerialization of the tensor for HLO operation: %param = c128[1,2412,2412]{2,1,0} parameter(6), sharding={devices=[16,1,1]<=[16]}, metadata={op_name="c[6]"}. You probably want to enrich the sharding annotations to prevent this from happening.
2026-07-22 00:17:26.819785: E external/xla/xla/service/spmd/spmd_partitioner.cc:620] [spmd] Involuntary full rematerialization. The compiler was not able to go from sharding {devices=[16,1,1]<=[16]} to {devices=[1,4,4]<=[16]} without doing a full rematerialization of the tensor for HLO operation: %param = c128[1,2412,2412]{2,1,0} parameter(0), sharding={devices=[16,1,1]<=[16]}, metadata={op_name="c[0]"}. You probably want to enrich the sharding annotations to prevent this from happening.
2026-07-22 00:17:26.819766: E external/xla/xla/service/spmd/spmd_partitioner.cc:620] [spmd] Involuntary full rematerialization. The compiler was not able to go from sharding {devices=[16,1,1]<=[16]} to {devices=[1,4,4]<=[16]} without doing a full rematerialization of the tensor for HLO operation: %param = c128[1,2412,2412]{2,1,0} parameter(7), sharding={devices=[16,1,1]<=[16]}, metadata={op_name="c[7]"}. You probably want to enrich the sharding annotations to prevent this from happening.
2026-07-22 00:17:26.819784: E external/xla/xla/service/spmd/spmd_partitioner.cc:620] [spmd] Involuntary full rematerialization. The compiler was not able to go from sharding {devices=[16,1,1]<=[16]} to {devices=[1,4,4]<=[16]} without doing a full rematerialization of the tensor for HLO operation: %param = c128[1,2412,2412]{2,1,0} parameter(8), sharding={devices=[16,1,1]<=[16]}, metadata={op_name="c[8]"}. You probably want to enrich the sharding annotations to prevent this from happening.
2026-07-22 00:17:26.819842: E external/xla/xla/service/spmd/spmd_partitioner.cc:620] [spmd] Involuntary full rematerialization. The compiler was not able to go from sharding {devices=[16,1,1]<=[16]} to {devices=[1,4,4]<=[16]} without doing a full rematerialization of the tensor for HLO operation: %param = c128[1,2412,2412]{2,1,0} parameter(1), sharding={devices=[16,1,1]<=[16]}, metadata={op_name="c[1]"}. You probably want to enrich the sharding annotations to prevent this from happening.
2026-07-22 00:17:26.819866: E external/xla/xla/service/spmd/spmd_partitioner.cc:620] [spmd] Involuntary full rematerialization. The compiler was not able to go from sharding {devices=[16,1,1]<=[16]} to {devices=[1,4,4]<=[16]} without doing a full rematerialization of the tensor for HLO operation: %param = c128[1,2412,2412]{2,1,0} parameter(2), sharding={devices=[16,1,1]<=[16]}, metadata={op_name="c[2]"}. You probably want to enrich the sharding annotations to prevent this from happening.
2026-07-22 00:17:26.819887: E external/xla/xla/service/spmd/spmd_partitioner.cc:620] [spmd] Involuntary full rematerialization. The compiler was not able to go from sharding {devices=[16,1,1]<=[16]} to {devices=[1,4,4]<=[16]} without doing a full rematerialization of the tensor for HLO operation: %param = c128[1,2412,2412]{2,1,0} parameter(3), sharding={devices=[16,1,1]<=[16]}, metadata={op_name="c[3]"}. You probably want to enrich the sharding annotations to prevent this from happening.
2026-07-22 00:17:26.819906: E external/xla/xla/service/spmd/spmd_partitioner.cc:620] [spmd] Involuntary full rematerialization. The compiler was not able to go from sharding {devices=[16,1,1]<=[16]} to {devices=[1,4,4]<=[16]} without doing a full rematerialization of the tensor for HLO operation: %param = c128[1,2412,2412]{2,1,0} parameter(4), sharding={devices=[16,1,1]<=[16]}, metadata={op_name="c[4]"}. You probably want to enrich the sharding annotations to prevent this from happening.
2026-07-22 00:17:26.819926: E external/xla/xla/service/spmd/spmd_partitioner.cc:620] [spmd] Involuntary full rematerialization. The compiler was not able to go from sharding {devices=[16,1,1]<=[16]} to {devices=[1,4,4]<=[16]} without doing a full rematerialization of the tensor for HLO operation: %param = c128[1,2412,2412]{2,1,0} parameter(5), sharding={devices=[16,1,1]<=[16]}, metadata={op_name="c[5]"}. You probably want to enrich the sharding annotations to prevent this from happening.
2026-07-22 00:17:26.819946: E external/xla/xla/service/spmd/spmd_partitioner.cc:620] [spmd] Involuntary full rematerialization. The compiler was not able to go from sharding {devices=[16,1,1]<=[16]} to {devices=[1,4,4]<=[16]} without doing a full rematerialization of the tensor for HLO operation: %param = c128[1,2412,2412]{2,1,0} parameter(6), sharding={devices=[16,1,1]<=[16]}, metadata={op_name="c[6]"}. You probably want to enrich the sharding annotations to prevent this from happening.
2026-07-22 00:17:26.819964: E external/xla/xla/service/spmd/spmd_partitioner.cc:620] [spmd] Involuntary full rematerialization. The compiler was not able to go from sharding {devices=[16,1,1]<=[16]} to {devices=[1,4,4]<=[16]} without doing a full rematerialization of the tensor for HLO operation: %param = c128[1,2412,2412]{2,1,0} parameter(7), sharding={devices=[16,1,1]<=[16]}, metadata={op_name="c[7]"}. You probably want to enrich the sharding annotations to prevent this from happening.
2026-07-22 00:17:26.819983: E external/xla/xla/service/spmd/spmd_partitioner.cc:620] [spmd] Involuntary full rematerialization. The compiler was not able to go from sharding {devices=[16,1,1]<=[16]} to {devices=[1,4,4]<=[16]} without doing a full rematerialization of the tensor for HLO operation: %param = c128[1,2412,2412]{2,1,0} parameter(8), sharding={devices=[16,1,1]<=[16]}, metadata={op_name="c[8]"}. You probably want to enrich the sharding annotations to prevent this from happening.
2026-07-22 00:17:26.820629: E external/xla/xla/service/spmd/spmd_partitioner.cc:620] [spmd] Involuntary full rematerialization. The compiler was not able to go from sharding {devices=[16,1,1]<=[16]} to {devices=[1,4,4]<=[16]} without doing a full rematerialization of the tensor for HLO operation: %param = c128[1,2412,2412]{2,1,0} parameter(0), sharding={devices=[16,1,1]<=[16]}, metadata={op_name="c[0]"}. You probably want to enrich the sharding annotations to prevent this from happening.
2026-07-22 00:17:26.820692: E external/xla/xla/service/spmd/spmd_partitioner.cc:620] [spmd] Involuntary full rematerialization. The compiler was not able to go from sharding {devices=[16,1,1]<=[16]} to {devices=[1,4,4]<=[16]} without doing a full rematerialization of the tensor for HLO operation: %param = c128[1,2412,2412]{2,1,0} parameter(1), sharding={devices=[16,1,1]<=[16]}, metadata={op_name="c[1]"}. You probably want to enrich the sharding annotations to prevent this from happening.
2026-07-22 00:17:26.820718: E external/xla/xla/service/spmd/spmd_partitioner.cc:620] [spmd] Involuntary full rematerialization. The compiler was not able to go from sharding {devices=[16,1,1]<=[16]} to {devices=[1,4,4]<=[16]} without doing a full rematerialization of the tensor for HLO operation: %param = c128[1,2412,2412]{2,1,0} parameter(2), sharding={devices=[16,1,1]<=[16]}, metadata={op_name="c[2]"}. You probably want to enrich the sharding annotations to prevent this from happening.
2026-07-22 00:17:26.820740: E external/xla/xla/service/spmd/spmd_partitioner.cc:620] [spmd] Involuntary full rematerialization. The compiler was not able to go from sharding {devices=[16,1,1]<=[16]} to {devices=[1,4,4]<=[16]} without doing a full rematerialization of the tensor for HLO operation: %param = c128[1,2412,2412]{2,1,0} parameter(3), sharding={devices=[16,1,1]<=[16]}, metadata={op_name="c[3]"}. You probably want to enrich the sharding annotations to prevent this from happening.
2026-07-22 00:17:26.820760: E external/xla/xla/service/spmd/spmd_partitioner.cc:620] [spmd] Involuntary full rematerialization. The compiler was not able to go from sharding {devices=[16,1,1]<=[16]} to {devices=[1,4,4]<=[16]} without doing a full rematerialization of the tensor for HLO operation: %param = c128[1,2412,2412]{2,1,0} parameter(4), sharding={devices=[16,1,1]<=[16]}, metadata={op_name="c[4]"}. You probably want to enrich the sharding annotations to prevent this from happening.
2026-07-22 00:17:26.820780: E external/xla/xla/service/spmd/spmd_partitioner.cc:620] [spmd] Involuntary full rematerialization. The compiler was not able to go from sharding {devices=[16,1,1]<=[16]} to {devices=[1,4,4]<=[16]} without doing a full rematerialization of the tensor for HLO operation: %param = c128[1,2412,2412]{2,1,0} parameter(5), sharding={devices=[16,1,1]<=[16]}, metadata={op_name="c[5]"}. You probably want to enrich the sharding annotations to prevent this from happening.
2026-07-22 00:17:26.820800: E external/xla/xla/service/spmd/spmd_partitioner.cc:620] [spmd] Involuntary full rematerialization. The compiler was not able to go from sharding {devices=[16,1,1]<=[16]} to {devices=[1,4,4]<=[16]} without doing a full rematerialization of the tensor for HLO operation: %param = c128[1,2412,2412]{2,1,0} parameter(6), sharding={devices=[16,1,1]<=[16]}, metadata={op_name="c[6]"}. You probably want to enrich the sharding annotations to prevent this from happening.
2026-07-22 00:17:26.820820: E external/xla/xla/service/spmd/spmd_partitioner.cc:620] [spmd] Involuntary full rematerialization. The compiler was not able to go from sharding {devices=[16,1,1]<=[16]} to {devices=[1,4,4]<=[16]} without doing a full rematerialization of the tensor for HLO operation: %param = c128[1,2412,2412]{2,1,0} parameter(7), sharding={devices=[16,1,1]<=[16]}, metadata={op_name="c[7]"}. You probably want to enrich the sharding annotations to prevent this from happening.
2026-07-22 00:17:26.820840: E external/xla/xla/service/spmd/spmd_partitioner.cc:620] [spmd] Involuntary full rematerialization. The compiler was not able to go from sharding {devices=[16,1,1]<=[16]} to {devices=[1,4,4]<=[16]} without doing a full rematerialization of the tensor for HLO operation: %param = c128[1,2412,2412]{2,1,0} parameter(8), sharding={devices=[16,1,1]<=[16]}, metadata={op_name="c[8]"}. You probably want to enrich the sharding annotations to prevent this from happening.
2026-07-22 00:17:26.821478: E external/xla/xla/service/spmd/spmd_partitioner.cc:620] [spmd] Involuntary full rematerialization. The compiler was not able to go from sharding {devices=[16,1,1]<=[16]} to {devices=[1,4,4]<=[16]} without doing a full rematerialization of the tensor for HLO operation: %param = c128[1,2412,2412]{2,1,0} parameter(0), sharding={devices=[16,1,1]<=[16]}, metadata={op_name="c[0]"}. You probably want to enrich the sharding annotations to prevent this from happening.
2026-07-22 00:17:26.821530: E external/xla/xla/service/spmd/spmd_partitioner.cc:620] [spmd] Involuntary full rematerialization. The compiler was not able to go from sharding {devices=[16,1,1]<=[16]} to {devices=[1,4,4]<=[16]} without doing a full rematerialization of the tensor for HLO operation: %param = c128[1,2412,2412]{2,1,0} parameter(0), sharding={devices=[16,1,1]<=[16]}, metadata={op_name="c[0]"}. You probably want to enrich the sharding annotations to prevent this from happening.
2026-07-22 00:17:26.821546: E external/xla/xla/service/spmd/spmd_partitioner.cc:620] [spmd] Involuntary full rematerialization. The compiler was not able to go from sharding {devices=[16,1,1]<=[16]} to {devices=[1,4,4]<=[16]} without doing a full rematerialization of the tensor for HLO operation: %param = c128[1,2412,2412]{2,1,0} parameter(1), sharding={devices=[16,1,1]<=[16]}, metadata={op_name="c[1]"}. You probably want to enrich the sharding annotations to prevent this from happening.
2026-07-22 00:17:26.821584: E external/xla/xla/service/spmd/spmd_partitioner.cc:620] [spmd] Involuntary full rematerialization. The compiler was not able to go from sharding {devices=[16,1,1]<=[16]} to {devices=[1,4,4]<=[16]} without doing a full rematerialization of the tensor for HLO operation: %param = c128[1,2412,2412]{2,1,0} parameter(1), sharding={devices=[16,1,1]<=[16]}, metadata={op_name="c[1]"}. You probably want to enrich the sharding annotations to prevent this from happening.
2026-07-22 00:17:26.821572: E external/xla/xla/service/spmd/spmd_partitioner.cc:620] [spmd] Involuntary full rematerialization. The compiler was not able to go from sharding {devices=[16,1,1]<=[16]} to {devices=[1,4,4]<=[16]} without doing a full rematerialization of the tensor for HLO operation: %param = c128[1,2412,2412]{2,1,0} parameter(2), sharding={devices=[16,1,1]<=[16]}, metadata={op_name="c[2]"}. You probably want to enrich the sharding annotations to prevent this from happening.
2026-07-22 00:17:26.821598: E external/xla/xla/service/spmd/spmd_partitioner.cc:620] [spmd] Involuntary full rematerialization. The compiler was not able to go from sharding {devices=[16,1,1]<=[16]} to {devices=[1,4,4]<=[16]} without doing a full rematerialization of the tensor for HLO operation: %param = c128[1,2412,2412]{2,1,0} parameter(3), sharding={devices=[16,1,1]<=[16]}, metadata={op_name="c[3]"}. You probably want to enrich the sharding annotations to prevent this from happening.
2026-07-22 00:17:26.821618: E external/xla/xla/service/spmd/spmd_partitioner.cc:620] [spmd] Involuntary full rematerialization. The compiler was not able to go from sharding {devices=[16,1,1]<=[16]} to {devices=[1,4,4]<=[16]} without doing a full rematerialization of the tensor for HLO operation: %param = c128[1,2412,2412]{2,1,0} parameter(2), sharding={devices=[16,1,1]<=[16]}, metadata={op_name="c[2]"}. You probably want to enrich the sharding annotations to prevent this from happening.
2026-07-22 00:17:26.821638: E external/xla/xla/service/spmd/spmd_partitioner.cc:620] [spmd] Involuntary full rematerialization. The compiler was not able to go from sharding {devices=[16,1,1]<=[16]} to {devices=[1,4,4]<=[16]} without doing a full rematerialization of the tensor for HLO operation: %param = c128[1,2412,2412]{2,1,0} parameter(3), sharding={devices=[16,1,1]<=[16]}, metadata={op_name="c[3]"}. You probably want to enrich the sharding annotations to prevent this from happening.
2026-07-22 00:17:26.821627: E external/xla/xla/service/spmd/spmd_partitioner.cc:620] [spmd] Involuntary full rematerialization. The compiler was not able to go from sharding {devices=[16,1,1]<=[16]} to {devices=[1,4,4]<=[16]} without doing a full rematerialization of the tensor for HLO operation: %param = c128[1,2412,2412]{2,1,0} parameter(4), sharding={devices=[16,1,1]<=[16]}, metadata={op_name="c[4]"}. You probably want to enrich the sharding annotations to prevent this from happening.
2026-07-22 00:17:26.821661: E external/xla/xla/service/spmd/spmd_partitioner.cc:620] [spmd] Involuntary full rematerialization. The compiler was not able to go from sharding {devices=[16,1,1]<=[16]} to {devices=[1,4,4]<=[16]} without doing a full rematerialization of the tensor for HLO operation: %param = c128[1,2412,2412]{2,1,0} parameter(4), sharding={devices=[16,1,1]<=[16]}, metadata={op_name="c[4]"}. You probably want to enrich the sharding annotations to prevent this from happening.
2026-07-22 00:17:26.821658: E external/xla/xla/service/spmd/spmd_partitioner.cc:620] [spmd] Involuntary full rematerialization. The compiler was not able to go from sharding {devices=[16,1,1]<=[16]} to {devices=[1,4,4]<=[16]} without doing a full rematerialization of the tensor for HLO operation: %param = c128[1,2412,2412]{2,1,0} parameter(5), sharding={devices=[16,1,1]<=[16]}, metadata={op_name="c[5]"}. You probably want to enrich the sharding annotations to prevent this from happening.
2026-07-22 00:17:26.821685: E external/xla/xla/service/spmd/spmd_partitioner.cc:620] [spmd] Involuntary full rematerialization. The compiler was not able to go from sharding {devices=[16,1,1]<=[16]} to {devices=[1,4,4]<=[16]} without doing a full rematerialization of the tensor for HLO operation: %param = c128[1,2412,2412]{2,1,0} parameter(5), sharding={devices=[16,1,1]<=[16]}, metadata={op_name="c[5]"}. You probably want to enrich the sharding annotations to prevent this from happening.
2026-07-22 00:17:26.821688: E external/xla/xla/service/spmd/spmd_partitioner.cc:620] [spmd] Involuntary full rematerialization. The compiler was not able to go from sharding {devices=[16,1,1]<=[16]} to {devices=[1,4,4]<=[16]} without doing a full rematerialization of the tensor for HLO operation: %param = c128[1,2412,2412]{2,1,0} parameter(6), sharding={devices=[16,1,1]<=[16]}, metadata={op_name="c[6]"}. You probably want to enrich the sharding annotations to prevent this from happening.
2026-07-22 00:17:26.821706: E external/xla/xla/service/spmd/spmd_partitioner.cc:620] [spmd] Involuntary full rematerialization. The compiler was not able to go from sharding {devices=[16,1,1]<=[16]} to {devices=[1,4,4]<=[16]} without doing a full rematerialization of the tensor for HLO operation: %param = c128[1,2412,2412]{2,1,0} parameter(6), sharding={devices=[16,1,1]<=[16]}, metadata={op_name="c[6]"}. You probably want to enrich the sharding annotations to prevent this from happening.
2026-07-22 00:17:26.821718: E external/xla/xla/service/spmd/spmd_partitioner.cc:620] [spmd] Involuntary full rematerialization. The compiler was not able to go from sharding {devices=[16,1,1]<=[16]} to {devices=[1,4,4]<=[16]} without doing a full rematerialization of the tensor for HLO operation: %param = c128[1,2412,2412]{2,1,0} parameter(7), sharding={devices=[16,1,1]<=[16]}, metadata={op_name="c[7]"}. You probably want to enrich the sharding annotations to prevent this from happening.
2026-07-22 00:17:26.821724: E external/xla/xla/service/spmd/spmd_partitioner.cc:620] [spmd] Involuntary full rematerialization. The compiler was not able to go from sharding {devices=[16,1,1]<=[16]} to {devices=[1,4,4]<=[16]} without doing a full rematerialization of the tensor for HLO operation: %param = c128[1,2412,2412]{2,1,0} parameter(7), sharding={devices=[16,1,1]<=[16]}, metadata={op_name="c[7]"}. You probably want to enrich the sharding annotations to prevent this from happening.
2026-07-22 00:17:26.821742: E external/xla/xla/service/spmd/spmd_partitioner.cc:620] [spmd] Involuntary full rematerialization. The compiler was not able to go from sharding {devices=[16,1,1]<=[16]} to {devices=[1,4,4]<=[16]} without doing a full rematerialization of the tensor for HLO operation: %param = c128[1,2412,2412]{2,1,0} parameter(8), sharding={devices=[16,1,1]<=[16]}, metadata={op_name="c[8]"}. You probably want to enrich the sharding annotations to prevent this from happening.
2026-07-22 00:17:26.821746: E external/xla/xla/service/spmd/spmd_partitioner.cc:620] [spmd] Involuntary full rematerialization. The compiler was not able to go from sharding {devices=[16,1,1]<=[16]} to {devices=[1,4,4]<=[16]} without doing a full rematerialization of the tensor for HLO operation: %param = c128[1,2412,2412]{2,1,0} parameter(8), sharding={devices=[16,1,1]<=[16]}, metadata={op_name="c[8]"}. You probably want to enrich the sharding annotations to prevent this from happening.
2026-07-22 00:17:26.822210: E external/xla/xla/service/spmd/spmd_partitioner.cc:620] [spmd] Involuntary full rematerialization. The compiler was not able to go from sharding {devices=[16,1,1]<=[16]} to {devices=[1,4,4]<=[16]} without doing a full rematerialization of the tensor for HLO operation: %param = c128[1,2412,2412]{2,1,0} parameter(0), sharding={devices=[16,1,1]<=[16]}, metadata={op_name="c[0]"}. You probably want to enrich the sharding annotations to prevent this from happening.
2026-07-22 00:17:26.822273: E external/xla/xla/service/spmd/spmd_partitioner.cc:620] [spmd] Involuntary full rematerialization. The compiler was not able to go from sharding {devices=[16,1,1]<=[16]} to {devices=[1,4,4]<=[16]} without doing a full rematerialization of the tensor for HLO operation: %param = c128[1,2412,2412]{2,1,0} parameter(1), sharding={devices=[16,1,1]<=[16]}, metadata={op_name="c[1]"}. You probably want to enrich the sharding annotations to prevent this from happening.
2026-07-22 00:17:26.822297: E external/xla/xla/service/spmd/spmd_partitioner.cc:620] [spmd] Involuntary full rematerialization. The compiler was not able to go from sharding {devices=[16,1,1]<=[16]} to {devices=[1,4,4]<=[16]} without doing a full rematerialization of the tensor for HLO operation: %param = c128[1,2412,2412]{2,1,0} parameter(2), sharding={devices=[16,1,1]<=[16]}, metadata={op_name="c[2]"}. You probably want to enrich the sharding annotations to prevent this from happening.
2026-07-22 00:17:26.822317: E external/xla/xla/service/spmd/spmd_partitioner.cc:620] [spmd] Involuntary full rematerialization. The compiler was not able to go from sharding {devices=[16,1,1]<=[16]} to {devices=[1,4,4]<=[16]} without doing a full rematerialization of the tensor for HLO operation: %param = c128[1,2412,2412]{2,1,0} parameter(3), sharding={devices=[16,1,1]<=[16]}, metadata={op_name="c[3]"}. You probably want to enrich the sharding annotations to prevent this from happening.
2026-07-22 00:17:26.822340: E external/xla/xla/service/spmd/spmd_partitioner.cc:620] [spmd] Involuntary full rematerialization. The compiler was not able to go from sharding {devices=[16,1,1]<=[16]} to {devices=[1,4,4]<=[16]} without doing a full rematerialization of the tensor for HLO operation: %param = c128[1,2412,2412]{2,1,0} parameter(4), sharding={devices=[16,1,1]<=[16]}, metadata={op_name="c[4]"}. You probably want to enrich the sharding annotations to prevent this from happening.
2026-07-22 00:17:26.822363: E external/xla/xla/service/spmd/spmd_partitioner.cc:620] [spmd] Involuntary full rematerialization. The compiler was not able to go from sharding {devices=[16,1,1]<=[16]} to {devices=[1,4,4]<=[16]} without doing a full rematerialization of the tensor for HLO operation: %param = c128[1,2412,2412]{2,1,0} parameter(5), sharding={devices=[16,1,1]<=[16]}, metadata={op_name="c[5]"}. You probably want to enrich the sharding annotations to prevent this from happening.
2026-07-22 00:17:26.822385: E external/xla/xla/service/spmd/spmd_partitioner.cc:620] [spmd] Involuntary full rematerialization. The compiler was not able to go from sharding {devices=[16,1,1]<=[16]} to {devices=[1,4,4]<=[16]} without doing a full rematerialization of the tensor for HLO operation: %param = c128[1,2412,2412]{2,1,0} parameter(6), sharding={devices=[16,1,1]<=[16]}, metadata={op_name="c[6]"}. You probably want to enrich the sharding annotations to prevent this from happening.
2026-07-22 00:17:26.822405: E external/xla/xla/service/spmd/spmd_partitioner.cc:620] [spmd] Involuntary full rematerialization. The compiler was not able to go from sharding {devices=[16,1,1]<=[16]} to {devices=[1,4,4]<=[16]} without doing a full rematerialization of the tensor for HLO operation: %param = c128[1,2412,2412]{2,1,0} parameter(7), sharding={devices=[16,1,1]<=[16]}, metadata={op_name="c[7]"}. You probably want to enrich the sharding annotations to prevent this from happening.
2026-07-22 00:17:26.822424: E external/xla/xla/service/spmd/spmd_partitioner.cc:620] [spmd] Involuntary full rematerialization. The compiler was not able to go from sharding {devices=[16,1,1]<=[16]} to {devices=[1,4,4]<=[16]} without doing a full rematerialization of the tensor for HLO operation: %param = c128[1,2412,2412]{2,1,0} parameter(8), sharding={devices=[16,1,1]<=[16]}, metadata={op_name="c[8]"}. You probably want to enrich the sharding annotations to prevent this from happening.
2026-07-22 00:17:26.822989: E external/xla/xla/service/spmd/spmd_partitioner.cc:620] [spmd] Involuntary full rematerialization. The compiler was not able to go from sharding {devices=[16,1,1]<=[16]} to {devices=[1,4,4]<=[16]} without doing a full rematerialization of the tensor for HLO operation: %param = c128[1,2412,2412]{2,1,0} parameter(0), sharding={devices=[16,1,1]<=[16]}, metadata={op_name="c[0]"}. You probably want to enrich the sharding annotations to prevent this from happening.
2026-07-22 00:17:26.823055: E external/xla/xla/service/spmd/spmd_partitioner.cc:620] [spmd] Involuntary full rematerialization. The compiler was not able to go from sharding {devices=[16,1,1]<=[16]} to {devices=[1,4,4]<=[16]} without doing a full rematerialization of the tensor for HLO operation: %param = c128[1,2412,2412]{2,1,0} parameter(1), sharding={devices=[16,1,1]<=[16]}, metadata={op_name="c[1]"}. You probably want to enrich the sharding annotations to prevent this from happening.
2026-07-22 00:17:26.823082: E external/xla/xla/service/spmd/spmd_partitioner.cc:620] [spmd] Involuntary full rematerialization. The compiler was not able to go from sharding {devices=[16,1,1]<=[16]} to {devices=[1,4,4]<=[16]} without doing a full rematerialization of the tensor for HLO operation: %param = c128[1,2412,2412]{2,1,0} parameter(2), sharding={devices=[16,1,1]<=[16]}, metadata={op_name="c[2]"}. You probably want to enrich the sharding annotations to prevent this from happening.
2026-07-22 00:17:26.823110: E external/xla/xla/service/spmd/spmd_partitioner.cc:620] [spmd] Involuntary full rematerialization. The compiler was not able to go from sharding {devices=[16,1,1]<=[16]} to {devices=[1,4,4]<=[16]} without doing a full rematerialization of the tensor for HLO operation: %param = c128[1,2412,2412]{2,1,0} parameter(3), sharding={devices=[16,1,1]<=[16]}, metadata={op_name="c[3]"}. You probably want to enrich the sharding annotations to prevent this from happening.
2026-07-22 00:17:26.823139: E external/xla/xla/service/spmd/spmd_partitioner.cc:620] [spmd] Involuntary full rematerialization. The compiler was not able to go from sharding {devices=[16,1,1]<=[16]} to {devices=[1,4,4]<=[16]} without doing a full rematerialization of the tensor for HLO operation: %param = c128[1,2412,2412]{2,1,0} parameter(4), sharding={devices=[16,1,1]<=[16]}, metadata={op_name="c[4]"}. You probably want to enrich the sharding annotations to prevent this from happening.
2026-07-22 00:17:26.823171: E external/xla/xla/service/spmd/spmd_partitioner.cc:620] [spmd] Involuntary full rematerialization. The compiler was not able to go from sharding {devices=[16,1,1]<=[16]} to {devices=[1,4,4]<=[16]} without doing a full rematerialization of the tensor for HLO operation: %param = c128[1,2412,2412]{2,1,0} parameter(5), sharding={devices=[16,1,1]<=[16]}, metadata={op_name="c[5]"}. You probably want to enrich the sharding annotations to prevent this from happening.
2026-07-22 00:17:26.823200: E external/xla/xla/service/spmd/spmd_partitioner.cc:620] [spmd] Involuntary full rematerialization. The compiler was not able to go from sharding {devices=[16,1,1]<=[16]} to {devices=[1,4,4]<=[16]} without doing a full rematerialization of the tensor for HLO operation: %param = c128[1,2412,2412]{2,1,0} parameter(6), sharding={devices=[16,1,1]<=[16]}, metadata={op_name="c[6]"}. You probably want to enrich the sharding annotations to prevent this from happening.
2026-07-22 00:17:26.823228: E external/xla/xla/service/spmd/spmd_partitioner.cc:620] [spmd] Involuntary full rematerialization. The compiler was not able to go from sharding {devices=[16,1,1]<=[16]} to {devices=[1,4,4]<=[16]} without doing a full rematerialization of the tensor for HLO operation: %param = c128[1,2412,2412]{2,1,0} parameter(7), sharding={devices=[16,1,1]<=[16]}, metadata={op_name="c[7]"}. You probably want to enrich the sharding annotations to prevent this from happening.
2026-07-22 00:17:26.823254: E external/xla/xla/service/spmd/spmd_partitioner.cc:620] [spmd] Involuntary full rematerialization. The compiler was not able to go from sharding {devices=[16,1,1]<=[16]} to {devices=[1,4,4]<=[16]} without doing a full rematerialization of the tensor for HLO operation: %param = c128[1,2412,2412]{2,1,0} parameter(8), sharding={devices=[16,1,1]<=[16]}, metadata={op_name="c[8]"}. You probably want to enrich the sharding annotations to prevent this from happening.
2026-07-22 00:17:26.827592: E external/xla/xla/service/spmd/spmd_partitioner.cc:620] [spmd] Involuntary full rematerialization. The compiler was not able to go from sharding {devices=[16,1,1]<=[16]} to {devices=[1,4,4]<=[16]} without doing a full rematerialization of the tensor for HLO operation: %param = c128[1,2412,2412]{2,1,0} parameter(0), sharding={devices=[16,1,1]<=[16]}, metadata={op_name="c[0]"}. You probably want to enrich the sharding annotations to prevent this from happening.
2026-07-22 00:17:26.827646: E external/xla/xla/service/spmd/spmd_partitioner.cc:620] [spmd] Involuntary full rematerialization. The compiler was not able to go from sharding {devices=[16,1,1]<=[16]} to {devices=[1,4,4]<=[16]} without doing a full rematerialization of the tensor for HLO operation: %param = c128[1,2412,2412]{2,1,0} parameter(1), sharding={devices=[16,1,1]<=[16]}, metadata={op_name="c[1]"}. You probably want to enrich the sharding annotations to prevent this from happening.
2026-07-22 00:17:26.827670: E external/xla/xla/service/spmd/spmd_partitioner.cc:620] [spmd] Involuntary full rematerialization. The compiler was not able to go from sharding {devices=[16,1,1]<=[16]} to {devices=[1,4,4]<=[16]} without doing a full rematerialization of the tensor for HLO operation: %param = c128[1,2412,2412]{2,1,0} parameter(2), sharding={devices=[16,1,1]<=[16]}, metadata={op_name="c[2]"}. You probably want to enrich the sharding annotations to prevent this from happening.
2026-07-22 00:17:26.827691: E external/xla/xla/service/spmd/spmd_partitioner.cc:620] [spmd] Involuntary full rematerialization. The compiler was not able to go from sharding {devices=[16,1,1]<=[16]} to {devices=[1,4,4]<=[16]} without doing a full rematerialization of the tensor for HLO operation: %param = c128[1,2412,2412]{2,1,0} parameter(3), sharding={devices=[16,1,1]<=[16]}, metadata={op_name="c[3]"}. You probably want to enrich the sharding annotations to prevent this from happening.
2026-07-22 00:17:26.827712: E external/xla/xla/service/spmd/spmd_partitioner.cc:620] [spmd] Involuntary full rematerialization. The compiler was not able to go from sharding {devices=[16,1,1]<=[16]} to {devices=[1,4,4]<=[16]} without doing a full rematerialization of the tensor for HLO operation: %param = c128[1,2412,2412]{2,1,0} parameter(4), sharding={devices=[16,1,1]<=[16]}, metadata={op_name="c[4]"}. You probably want to enrich the sharding annotations to prevent this from happening.
2026-07-22 00:17:26.827731: E external/xla/xla/service/spmd/spmd_partitioner.cc:620] [spmd] Involuntary full rematerialization. The compiler was not able to go from sharding {devices=[16,1,1]<=[16]} to {devices=[1,4,4]<=[16]} without doing a full rematerialization of the tensor for HLO operation: %param = c128[1,2412,2412]{2,1,0} parameter(5), sharding={devices=[16,1,1]<=[16]}, metadata={op_name="c[5]"}. You probably want to enrich the sharding annotations to prevent this from happening.
2026-07-22 00:17:26.827750: E external/xla/xla/service/spmd/spmd_partitioner.cc:620] [spmd] Involuntary full rematerialization. The compiler was not able to go from sharding {devices=[16,1,1]<=[16]} to {devices=[1,4,4]<=[16]} without doing a full rematerialization of the tensor for HLO operation: %param = c128[1,2412,2412]{2,1,0} parameter(6), sharding={devices=[16,1,1]<=[16]}, metadata={op_name="c[6]"}. You probably want to enrich the sharding annotations to prevent this from happening.
2026-07-22 00:17:26.827770: E external/xla/xla/service/spmd/spmd_partitioner.cc:620] [spmd] Involuntary full rematerialization. The compiler was not able to go from sharding {devices=[16,1,1]<=[16]} to {devices=[1,4,4]<=[16]} without doing a full rematerialization of the tensor for HLO operation: %param = c128[1,2412,2412]{2,1,0} parameter(7), sharding={devices=[16,1,1]<=[16]}, metadata={op_name="c[7]"}. You probably want to enrich the sharding annotations to prevent this from happening.
2026-07-22 00:17:26.827789: E external/xla/xla/service/spmd/spmd_partitioner.cc:620] [spmd] Involuntary full rematerialization. The compiler was not able to go from sharding {devices=[16,1,1]<=[16]} to {devices=[1,4,4]<=[16]} without doing a full rematerialization of the tensor for HLO operation: %param = c128[1,2412,2412]{2,1,0} parameter(8), sharding={devices=[16,1,1]<=[16]}, metadata={op_name="c[8]"}. You probably want to enrich the sharding annotations to prevent this from happening.
2026-07-22 00:17:26.828043: E external/xla/xla/service/spmd/spmd_partitioner.cc:620] [spmd] Involuntary full rematerialization. The compiler was not able to go from sharding {devices=[16,1,1]<=[16]} to {devices=[1,4,4]<=[16]} without doing a full rematerialization of the tensor for HLO operation: %param = c128[1,2412,2412]{2,1,0} parameter(0), sharding={devices=[16,1,1]<=[16]}, metadata={op_name="c[0]"}. You probably want to enrich the sharding annotations to prevent this from happening.
2026-07-22 00:17:26.828054: E external/xla/xla/service/spmd/spmd_partitioner.cc:620] [spmd] Involuntary full rematerialization. The compiler was not able to go from sharding {devices=[16,1,1]<=[16]} to {devices=[1,4,4]<=[16]} without doing a full rematerialization of the tensor for HLO operation: %param = c128[1,2412,2412]{2,1,0} parameter(0), sharding={devices=[16,1,1]<=[16]}, metadata={op_name="c[0]"}. You probably want to enrich the sharding annotations to prevent this from happening.
2026-07-22 00:17:26.828106: E external/xla/xla/service/spmd/spmd_partitioner.cc:620] [spmd] Involuntary full rematerialization. The compiler was not able to go from sharding {devices=[16,1,1]<=[16]} to {devices=[1,4,4]<=[16]} without doing a full rematerialization of the tensor for HLO operation: %param = c128[1,2412,2412]{2,1,0} parameter(1), sharding={devices=[16,1,1]<=[16]}, metadata={op_name="c[1]"}. You probably want to enrich the sharding annotations to prevent this from happening.
2026-07-22 00:17:26.828119: E external/xla/xla/service/spmd/spmd_partitioner.cc:620] [spmd] Involuntary full rematerialization. The compiler was not able to go from sharding {devices=[16,1,1]<=[16]} to {devices=[1,4,4]<=[16]} without doing a full rematerialization of the tensor for HLO operation: %param = c128[1,2412,2412]{2,1,0} parameter(1), sharding={devices=[16,1,1]<=[16]}, metadata={op_name="c[1]"}. You probably want to enrich the sharding annotations to prevent this from happening.
2026-07-22 00:17:26.828133: E external/xla/xla/service/spmd/spmd_partitioner.cc:620] [spmd] Involuntary full rematerialization. The compiler was not able to go from sharding {devices=[16,1,1]<=[16]} to {devices=[1,4,4]<=[16]} without doing a full rematerialization of the tensor for HLO operation: %param = c128[1,2412,2412]{2,1,0} parameter(2), sharding={devices=[16,1,1]<=[16]}, metadata={op_name="c[2]"}. You probably want to enrich the sharding annotations to prevent this from happening.
2026-07-22 00:17:26.828160: E external/xla/xla/service/spmd/spmd_partitioner.cc:620] [spmd] Involuntary full rematerialization. The compiler was not able to go from sharding {devices=[16,1,1]<=[16]} to {devices=[1,4,4]<=[16]} without doing a full rematerialization of the tensor for HLO operation: %param = c128[1,2412,2412]{2,1,0} parameter(3), sharding={devices=[16,1,1]<=[16]}, metadata={op_name="c[3]"}. You probably want to enrich the sharding annotations to prevent this from happening.
2026-07-22 00:17:26.828145: E external/xla/xla/service/spmd/spmd_partitioner.cc:620] [spmd] Involuntary full rematerialization. The compiler was not able to go from sharding {devices=[16,1,1]<=[16]} to {devices=[1,4,4]<=[16]} without doing a full rematerialization of the tensor for HLO operation: %param = c128[1,2412,2412]{2,1,0} parameter(2), sharding={devices=[16,1,1]<=[16]}, metadata={op_name="c[2]"}. You probably want to enrich the sharding annotations to prevent this from happening.
2026-07-22 00:17:26.828167: E external/xla/xla/service/spmd/spmd_partitioner.cc:620] [spmd] Involuntary full rematerialization. The compiler was not able to go from sharding {devices=[16,1,1]<=[16]} to {devices=[1,4,4]<=[16]} without doing a full rematerialization of the tensor for HLO operation: %param = c128[1,2412,2412]{2,1,0} parameter(3), sharding={devices=[16,1,1]<=[16]}, metadata={op_name="c[3]"}. You probably want to enrich the sharding annotations to prevent this from happening.
2026-07-22 00:17:26.828127: E external/xla/xla/service/spmd/spmd_partitioner.cc:620] [spmd] Involuntary full rematerialization. The compiler was not able to go from sharding {devices=[16,1,1]<=[16]} to {devices=[1,4,4]<=[16]} without doing a full rematerialization of the tensor for HLO operation: %param = c128[1,2412,2412]{2,1,0} parameter(0), sharding={devices=[16,1,1]<=[16]}, metadata={op_name="c[0]"}. You probably want to enrich the sharding annotations to prevent this from happening.
2026-07-22 00:17:26.828191: E external/xla/xla/service/spmd/spmd_partitioner.cc:620] [spmd] Involuntary full rematerialization. The compiler was not able to go from sharding {devices=[16,1,1]<=[16]} to {devices=[1,4,4]<=[16]} without doing a full rematerialization of the tensor for HLO operation: %param = c128[1,2412,2412]{2,1,0} parameter(1), sharding={devices=[16,1,1]<=[16]}, metadata={op_name="c[1]"}. You probably want to enrich the sharding annotations to prevent this from happening.
2026-07-22 00:17:26.828191: E external/xla/xla/service/spmd/spmd_partitioner.cc:620] [spmd] Involuntary full rematerialization. The compiler was not able to go from sharding {devices=[16,1,1]<=[16]} to {devices=[1,4,4]<=[16]} without doing a full rematerialization of the tensor for HLO operation: %param = c128[1,2412,2412]{2,1,0} parameter(4), sharding={devices=[16,1,1]<=[16]}, metadata={op_name="c[4]"}. You probably want to enrich the sharding annotations to prevent this from happening.
2026-07-22 00:17:26.828222: E external/xla/xla/service/spmd/spmd_partitioner.cc:620] [spmd] Involuntary full rematerialization. The compiler was not able to go from sharding {devices=[16,1,1]<=[16]} to {devices=[1,4,4]<=[16]} without doing a full rematerialization of the tensor for HLO operation: %param = c128[1,2412,2412]{2,1,0} parameter(5), sharding={devices=[16,1,1]<=[16]}, metadata={op_name="c[5]"}. You probably want to enrich the sharding annotations to prevent this from happening.
2026-07-22 00:17:26.828190: E external/xla/xla/service/spmd/spmd_partitioner.cc:620] [spmd] Involuntary full rematerialization. The compiler was not able to go from sharding {devices=[16,1,1]<=[16]} to {devices=[1,4,4]<=[16]} without doing a full rematerialization of the tensor for HLO operation: %param = c128[1,2412,2412]{2,1,0} parameter(4), sharding={devices=[16,1,1]<=[16]}, metadata={op_name="c[4]"}. You probably want to enrich the sharding annotations to prevent this from happening.
2026-07-22 00:17:26.828218: E external/xla/xla/service/spmd/spmd_partitioner.cc:620] [spmd] Involuntary full rematerialization. The compiler was not able to go from sharding {devices=[16,1,1]<=[16]} to {devices=[1,4,4]<=[16]} without doing a full rematerialization of the tensor for HLO operation: %param = c128[1,2412,2412]{2,1,0} parameter(5), sharding={devices=[16,1,1]<=[16]}, metadata={op_name="c[5]"}. You probably want to enrich the sharding annotations to prevent this from happening.
2026-07-22 00:17:26.828218: E external/xla/xla/service/spmd/spmd_partitioner.cc:620] [spmd] Involuntary full rematerialization. The compiler was not able to go from sharding {devices=[16,1,1]<=[16]} to {devices=[1,4,4]<=[16]} without doing a full rematerialization of the tensor for HLO operation: %param = c128[1,2412,2412]{2,1,0} parameter(2), sharding={devices=[16,1,1]<=[16]}, metadata={op_name="c[2]"}. You probably want to enrich the sharding annotations to prevent this from happening.
2026-07-22 00:17:26.828252: E external/xla/xla/service/spmd/spmd_partitioner.cc:620] [spmd] Involuntary full rematerialization. The compiler was not able to go from sharding {devices=[16,1,1]<=[16]} to {devices=[1,4,4]<=[16]} without doing a full rematerialization of the tensor for HLO operation: %param = c128[1,2412,2412]{2,1,0} parameter(6), sharding={devices=[16,1,1]<=[16]}, metadata={op_name="c[6]"}. You probably want to enrich the sharding annotations to prevent this from happening.
2026-07-22 00:17:26.828248: E external/xla/xla/service/spmd/spmd_partitioner.cc:620] [spmd] Involuntary full rematerialization. The compiler was not able to go from sharding {devices=[16,1,1]<=[16]} to {devices=[1,4,4]<=[16]} without doing a full rematerialization of the tensor for HLO operation: %param = c128[1,2412,2412]{2,1,0} parameter(6), sharding={devices=[16,1,1]<=[16]}, metadata={op_name="c[6]"}. You probably want to enrich the sharding annotations to prevent this from happening.
2026-07-22 00:17:26.828274: E external/xla/xla/service/spmd/spmd_partitioner.cc:620] [spmd] Involuntary full rematerialization. The compiler was not able to go from sharding {devices=[16,1,1]<=[16]} to {devices=[1,4,4]<=[16]} without doing a full rematerialization of the tensor for HLO operation: %param = c128[1,2412,2412]{2,1,0} parameter(7), sharding={devices=[16,1,1]<=[16]}, metadata={op_name="c[7]"}. You probably want to enrich the sharding annotations to prevent this from happening.
2026-07-22 00:17:26.828247: E external/xla/xla/service/spmd/spmd_partitioner.cc:620] [spmd] Involuntary full rematerialization. The compiler was not able to go from sharding {devices=[16,1,1]<=[16]} to {devices=[1,4,4]<=[16]} without doing a full rematerialization of the tensor for HLO operation: %param = c128[1,2412,2412]{2,1,0} parameter(3), sharding={devices=[16,1,1]<=[16]}, metadata={op_name="c[3]"}. You probably want to enrich the sharding annotations to prevent this from happening.
2026-07-22 00:17:26.828278: E external/xla/xla/service/spmd/spmd_partitioner.cc:620] [spmd] Involuntary full rematerialization. The compiler was not able to go from sharding {devices=[16,1,1]<=[16]} to {devices=[1,4,4]<=[16]} without doing a full rematerialization of the tensor for HLO operation: %param = c128[1,2412,2412]{2,1,0} parameter(4), sharding={devices=[16,1,1]<=[16]}, metadata={op_name="c[4]"}. You probably want to enrich the sharding annotations to prevent this from happening.
2026-07-22 00:17:26.828281: E external/xla/xla/service/spmd/spmd_partitioner.cc:620] [spmd] Involuntary full rematerialization. The compiler was not able to go from sharding {devices=[16,1,1]<=[16]} to {devices=[1,4,4]<=[16]} without doing a full rematerialization of the tensor for HLO operation: %param = c128[1,2412,2412]{2,1,0} parameter(7), sharding={devices=[16,1,1]<=[16]}, metadata={op_name="c[7]"}. You probably want to enrich the sharding annotations to prevent this from happening.
2026-07-22 00:17:26.828298: E external/xla/xla/service/spmd/spmd_partitioner.cc:620] [spmd] Involuntary full rematerialization. The compiler was not able to go from sharding {devices=[16,1,1]<=[16]} to {devices=[1,4,4]<=[16]} without doing a full rematerialization of the tensor for HLO operation: %param = c128[1,2412,2412]{2,1,0} parameter(8), sharding={devices=[16,1,1]<=[16]}, metadata={op_name="c[8]"}. You probably want to enrich the sharding annotations to prevent this from happening.
2026-07-22 00:17:26.828310: E external/xla/xla/service/spmd/spmd_partitioner.cc:620] [spmd] Involuntary full rematerialization. The compiler was not able to go from sharding {devices=[16,1,1]<=[16]} to {devices=[1,4,4]<=[16]} without doing a full rematerialization of the tensor for HLO operation: %param = c128[1,2412,2412]{2,1,0} parameter(8), sharding={devices=[16,1,1]<=[16]}, metadata={op_name="c[8]"}. You probably want to enrich the sharding annotations to prevent this from happening.
2026-07-22 00:17:26.828306: E external/xla/xla/service/spmd/spmd_partitioner.cc:620] [spmd] Involuntary full rematerialization. The compiler was not able to go from sharding {devices=[16,1,1]<=[16]} to {devices=[1,4,4]<=[16]} without doing a full rematerialization of the tensor for HLO operation: %param = c128[1,2412,2412]{2,1,0} parameter(5), sharding={devices=[16,1,1]<=[16]}, metadata={op_name="c[5]"}. You probably want to enrich the sharding annotations to prevent this from happening.
2026-07-22 00:17:26.828336: E external/xla/xla/service/spmd/spmd_partitioner.cc:620] [spmd] Involuntary full rematerialization. The compiler was not able to go from sharding {devices=[16,1,1]<=[16]} to {devices=[1,4,4]<=[16]} without doing a full rematerialization of the tensor for HLO operation: %param = c128[1,2412,2412]{2,1,0} parameter(6), sharding={devices=[16,1,1]<=[16]}, metadata={op_name="c[6]"}. You probably want to enrich the sharding annotations to prevent this from happening.
2026-07-22 00:17:26.828366: E external/xla/xla/service/spmd/spmd_partitioner.cc:620] [spmd] Involuntary full rematerialization. The compiler was not able to go from sharding {devices=[16,1,1]<=[16]} to {devices=[1,4,4]<=[16]} without doing a full rematerialization of the tensor for HLO operation: %param = c128[1,2412,2412]{2,1,0} parameter(7), sharding={devices=[16,1,1]<=[16]}, metadata={op_name="c[7]"}. You probably want to enrich the sharding annotations to prevent this from happening.
2026-07-22 00:17:26.828392: E external/xla/xla/service/spmd/spmd_partitioner.cc:620] [spmd] Involuntary full rematerialization. The compiler was not able to go from sharding {devices=[16,1,1]<=[16]} to {devices=[1,4,4]<=[16]} without doing a full rematerialization of the tensor for HLO operation: %param = c128[1,2412,2412]{2,1,0} parameter(8), sharding={devices=[16,1,1]<=[16]}, metadata={op_name="c[8]"}. You probably want to enrich the sharding annotations to prevent this from happening.
  [fit] LR design: degrees {0: 3, 1: 2, 2: 0, 3: 0} -> 26 complex coefficients per mu (global)
  [fit] LR design: degrees {0: 3, 1: 2, 2: 0, 3: 0} -> 26 complex coefficients per mu (global)
  [fit] LR design: degrees {0: 3, 1: 2, 2: 0, 3: 0} -> 26 complex coefficients per mu (global)
  [fit] LR design: degrees {0: 3, 1: 2, 2: 0, 3: 0} -> 26 complex coefficients per mu (global)
  [fit] LR design: degrees {0: 3, 1: 2, 2: 0, 3: 0} -> 26 complex coefficients per mu (global)
  [fit] LR design: degrees {0: 3, 1: 2, 2: 0, 3: 0} -> 26 complex coefficients per mu (global)
  [fit] LR design: degrees {0: 3, 1: 2, 2: 0, 3: 0} -> 26 complex coefficients per mu (global)
  [fit] LR design: degrees {0: 3, 1: 2, 2: 0, 3: 0} -> 26 complex coefficients per mu (global)
  [fit] LR design: degrees {0: 3, 1: 2, 2: 0, 3: 0} -> 26 complex coefficients per mu (global)
  [fit] LR design: degrees {0: 3, 1: 2, 2: 0, 3: 0} -> 26 complex coefficients per mu (global)
  [fit] LR design: degrees {0: 3, 1: 2, 2: 0, 3: 0} -> 26 complex coefficients per mu (global)
  [fit] LR design: degrees {0: 3, 1: 2, 2: 0, 3: 0} -> 26 complex coefficients per mu (global)
  [fit] LR design: degrees {0: 3, 1: 2, 2: 0, 3: 0} -> 26 complex coefficients per mu (global)
  [fit] LR design: degrees {0: 3, 1: 2, 2: 0, 3: 0} -> 26 complex coefficients per mu (global)
  [fit] LR design: degrees {0: 3, 1: 2, 2: 0, 3: 0} -> 26 complex coefficients per mu (global)
  [fit] LR design: degrees {0: 3, 1: 2, 2: 0, 3: 0} -> 26 complex coefficients per mu (global)
[dist] evs sharding=NamedSharding(mesh=Mesh('x': 4, 'y': 4, axis_types=(Auto, Auto)), spec=PartitionSpec(), memory_kind=device), fully_addressable=False
solve_path: cold 879.01s (incl. ONE compile) over 41 Q; warm re-run check SKIPPED
solve_path memory_analysis: temp=8447.8 MiB args=2813.9 MiB out=0.0 MiB
Wrote mos2_exciton_main.dat
Wrote mos2_exciton_main.png

--- timings (s) ---
  load_bse                   11.18
  htransform_setup           20.98
  htransform_psi_cQ        1386.27
  vq_prepare                182.84
  vq_eval                     1.60
  solve_scan_cold           879.01
  TOTAL                    2487.64
/pscratch/sd/j/jackm/lorrax_sandbox/runs/MoS2/10_mos2_exciton_anchored_2026-07-21/run_shifter.sh: line 49: --env=LORRAX_SKIP_VQ_GATES=1: command not found
