{
 "n_occ": 26,
 "n_cond_bse": 8,
 "windows": {
  "26,8": {
   "nb_window": 34,
   "rank": 4452,
   "a_band": 33,
   "window_anchored_at_Emin": true,
   "capacity_margin": 0.9093137254901961,
   "seconds": 60.13271999359131,
   "ongrid_max_deps_meV": 40.71868612596531,
   "ongrid_deps_per_Q_meV": {
    "+0.0000,+0.5000,+0.0000": 19.258570731796397,
    "+0.0000,+0.0000,+0.0000": 26.88550320424324,
    "+0.3333,+0.3333,+0.0000": 40.71868612596531
   },
   "min_transition_eV": [
    3.6039147460128,
    -0.7777704917119734,
    -0.8817906382075753,
    0.16415483211785992,
    0.04630006556783299,
    -0.3457595155841688,
    -0.035285670757903974,
    0.33502706353103073,
    0.26719623525928293,
    0.4975969690835342,
    -0.20767589188194668,
    -0.32458015580404925,
    -0.18475277631818218,
    2.942939179375636,
    0.41410283541534704,
    0.8344004887021507,
    0.14075185281283703,
    -0.12972992039877604,
    -0.07878406358690156,
    3.44907823161129,
    -0.10602965783877648,
    -0.17480980452151432,
    -0.37108294353944404,
    -0.5041780378677136,
    0.20279534544139566,
    -0.02788175442653976,
    0.09535264643387913,
    0.05848410370154301,
    0.0012299502572847697,
    -0.0785318083283008,
    -0.759789823787671,
    -0.7029599558782046,
    -0.6087468053451058,
    -0.46494204258568317,
    0.23162584277907947,
    -0.18306334380304026,
    -0.8401684443467046,
    -0.122721363319244,
    2.9188790774303577
   ],
   "M-Gamma": {
    "eps_d2_max_meV": 5966.27701378243,
    "eps_d2_mean_meV": 1278.0791835516022,
    "mintrans_d2_max_meV": 5656.528299654107,
    "mintrans_d2_mean_meV": 1504.11895156884
   },
   "Gamma-K": {
    "eps_d2_max_meV": 6138.184559930592,
    "eps_d2_mean_meV": 1061.1575589750003,
    "mintrans_d2_max_meV": 3486.3277427673283,
    "mintrans_d2_mean_meV": 724.6292269822541
   },
   "rank_over_nk_nb": 0.9093137254901961
  }
 }
}