{
  "arm": "sym",
  "nmu": 792,
  "ntran": 48,
  "n_nonsym": 36,
  "gap_band59_60_min_meV": NaN,
  "gap_fund_min_eV": 2.540408473270418,
  "L1_C0_CCT": {
    "max_rel": 0.00426364239992836,
    "worst_op": 30,
    "worst_nonsym": true,
    "scale": 0.0002651663862883441
  },
  "L0_occ_Gram_control": {
    "max_rel": 0.9921170268762165,
    "worst_op": 12,
    "worst_nonsym": true
  },
  "L2_G0_zeta_head": {
    "max_rel": 0.08639533459683157,
    "worst_op": 41,
    "worst_nonsym": true,
    "scale": 63.700279957690014
  },
  "L3_V0_raw": {
    "max_rel": 0.03155828483588399,
    "worst_op": 38,
    "worst_nonsym": true,
    "scale": 8622.013935169576,
    "max_symmorphic": 0.0315582837733892,
    "max_nonsymmorphic": 0.03155828483588399
  },
  "L4_W0_raw": {
    "max_rel": 0.03014893255248015,
    "worst_op": 43,
    "worst_nonsym": true,
    "scale": 7984.81667318319,
    "max_symmorphic": 0.030148930113931303,
    "max_nonsymmorphic": 0.03014893255248015
  },
  "L5_dW_screening": {
    "max_rel": 0.06904588722826707,
    "worst_op": 36,
    "worst_nonsym": true,
    "scale": 735.4813728887402,
    "max_symmorphic": 0.06904588519724203,
    "max_nonsymmorphic": 0.06904588722826707
  },
  "V0_W0_perop_corr": 0.9968884060767808
}