{
  "arm": "sym",
  "nmu": 792,
  "closed_conduction_upper": [
    [
      16,
      283.3481534423665
    ],
    [
      20,
      228.2898178369611
    ],
    [
      28,
      393.7965636884305
    ]
  ],
  "full_window": {
    "v": [
      0,
      8
    ],
    "c": [
      8,
      16
    ]
  },
  "symm_change_q0": {
    "V0": 0.01591536558731309,
    "W0": 0.015603294635755258
  },
  "A_gamma_onsite": {
    "raw_nohead": {
      "mult_sizes": [
        1,
        1,
        1,
        1,
        1,
        1,
        1,
        1,
        3,
        1,
        1,
        1,
        1,
        1,
        1,
        1,
        1,
        1,
        1,
        1,
        1,
        1,
        3,
        1,
        1,
        1,
        1,
        1,
        1,
        1,
        1,
        1
      ],
      "splits_ueV": [
        0.0,
        0.0,
        0.0,
        0.0,
        0.0,
        0.0,
        0.0,
        0.0,
        1.177,
        0.0,
        0.0,
        0.0,
        0.0,
        0.0,
        0.0,
        0.0,
        0.0,
        0.0,
        0.0,
        0.0,
        0.0,
        0.0,
        36.393,
        0.0,
        0.0,
        0.0,
        0.0,
        0.0,
        0.0,
        0.0,
        0.0,
        0.0
      ],
      "max_split_ueV": 36.39344583605819
    },
    "raw_head": {
      "mult_sizes": [
        1,
        1,
        1,
        1,
        1,
        1,
        1,
        1,
        3,
        1,
        1,
        1,
        1,
        1,
        1,
        1,
        1,
        1,
        1,
        1,
        1,
        1,
        3,
        1,
        1,
        1,
        1,
        1,
        1,
        1,
        1,
        1
      ],
      "splits_ueV": [
        0.0,
        0.0,
        0.0,
        0.0,
        0.0,
        0.0,
        0.0,
        0.0,
        1.966,
        0.0,
        0.0,
        0.0,
        0.0,
        0.0,
        0.0,
        0.0,
        0.0,
        0.0,
        0.0,
        0.0,
        0.0,
        0.0,
        34.703,
        0.0,
        0.0,
        0.0,
        0.0,
        0.0,
        0.0,
        0.0,
        0.0,
        0.0
      ],
      "max_split_ueV": 34.70322194143449
    },
    "sym_nohead": {
      "mult_sizes": [
        1,
        1,
        1,
        1,
        1,
        1,
        1,
        1,
        3,
        1,
        1,
        1,
        1,
        1,
        1,
        1,
        1,
        1,
        1,
        1,
        1,
        1,
        3,
        1,
        1,
        1,
        1,
        1,
        1,
        1,
        1,
        1
      ],
      "splits_ueV": [
        0.0,
        0.0,
        0.0,
        0.0,
        0.0,
        0.0,
        0.0,
        0.0,
        0.0,
        0.0,
        0.0,
        0.0,
        0.0,
        0.0,
        0.0,
        0.0,
        0.0,
        0.0,
        0.0,
        0.0,
        0.0,
        0.0,
        0.0,
        0.0,
        0.0,
        0.0,
        0.0,
        0.0,
        0.0,
        0.0,
        0.0,
        0.0
      ],
      "max_split_ueV": 7.392886303136947e-05
    },
    "sym_head": {
      "mult_sizes": [
        1,
        1,
        1,
        1,
        1,
        1,
        1,
        1,
        3,
        1,
        1,
        1,
        1,
        1,
        1,
        1,
        1,
        1,
        1,
        1,
        1,
        1,
        3,
        1,
        1,
        1,
        1,
        1,
        1,
        1,
        1,
        1
      ],
      "splits_ueV": [
        0.0,
        0.0,
        0.0,
        0.0,
        0.0,
        0.0,
        0.0,
        0.0,
        1.723,
        0.0,
        0.0,
        0.0,
        0.0,
        0.0,
        0.0,
        0.0,
        0.0,
        0.0,
        0.0,
        0.0,
        0.0,
        0.0,
        3.056,
        0.0,
        0.0,
        0.0,
        0.0,
        0.0,
        0.0,
        0.0,
        0.0,
        0.0
      ],
      "max_split_ueV": 3.05604349204458
    }
  },
  "B_full_H": {
    "raw_nohead": [
      {
        "size": 8,
        "mean_eV": 2.4797476818719315,
        "split_ueV": 2031.5029850497267
      },
      {
        "size": 2,
        "mean_eV": 2.482653060736342,
        "split_ueV": 974.8804711100512
      },
      {
        "size": 1,
        "mean_eV": 2.484192330091123,
        "split_ueV": 0.0
      },
      {
        "size": 1,
        "mean_eV": 2.4854195027123396,
        "split_ueV": 0.0
      },
      {
        "size": 8,
        "mean_eV": 2.487785181899152,
        "split_ueV": 3051.13386593181
      },
      {
        "size": 9,
        "mean_eV": 2.4936831698851045,
        "split_ueV": 5502.171435708636
      }
    ],
    "raw_head": [
      {
        "size": 8,
        "mean_eV": 2.36150476490324,
        "split_ueV": 2030.9373079343552
      },
      {
        "size": 2,
        "mean_eV": 2.364404738638071,
        "split_ueV": 972.5910854343489
      },
      {
        "size": 1,
        "mean_eV": 2.3659412710536833,
        "split_ueV": 0.0
      },
      {
        "size": 1,
        "mean_eV": 2.367166199851587,
        "split_ueV": 0.0
      },
      {
        "size": 8,
        "mean_eV": 2.369509341258169,
        "split_ueV": 3070.1932634191744
      },
      {
        "size": 9,
        "mean_eV": 2.375439675623948,
        "split_ueV": 5512.035691497718
      }
    ],
    "sym_nohead": [
      {
        "size": 8,
        "mean_eV": 2.479747751457267,
        "split_ueV": 2031.4063983200015
      },
      {
        "size": 2,
        "mean_eV": 2.4826529759062943,
        "split_ueV": 975.1414850964757
      },
      {
        "size": 1,
        "mean_eV": 2.4841923601726026,
        "split_ueV": 0.0
      },
      {
        "size": 1,
        "mean_eV": 2.485419078885936,
        "split_ueV": 0.0
      },
      {
        "size": 8,
        "mean_eV": 2.487785232633607,
        "split_ueV": 3051.1051701420656
      },
      {
        "size": 9,
        "mean_eV": 2.4936830751817953,
        "split_ueV": 5502.435121898408
      }
    ],
    "sym_head": [
      {
        "size": 8,
        "mean_eV": 2.3615048346607175,
        "split_ueV": 2030.8400714474928
      },
      {
        "size": 2,
        "mean_eV": 2.364404653673045,
        "split_ueV": 972.8517345251042
      },
      {
        "size": 1,
        "mean_eV": 2.365941300799992,
        "split_ueV": 0.0
      },
      {
        "size": 1,
        "mean_eV": 2.367165774964414,
        "split_ueV": 0.0
      },
      {
        "size": 8,
        "mean_eV": 2.369509392753664,
        "split_ueV": 3070.169163247094
      },
      {
        "size": 9,
        "mean_eV": 2.3754395798004837,
        "split_ueV": 5512.298811918281
      }
    ]
  }
}