  0.000000000  0.000000000  0.000000000     210       0
       1       1  -23.950573570    0.000000000
       1       2  -23.950573570    0.000000000
       1       3  -22.870548949    0.000000000
       1       4  -22.870548949    0.000000000
       1       5  -22.456601384    0.000000000
       1       6  -22.456601384    0.000000000
       1       7  -22.621946582    0.000000000
       1       8  -22.621946582    0.000000000
       1       9  -13.587019359    0.000000000
       1      10  -13.587019359    0.000000000
       1      11  -13.857302993   -0.000000000
       1      12  -13.857302993    0.000000000
       1      13  -12.938987762    0.000000000
       1      14  -12.938987762   -0.000000000
       1      15  -15.748124203    0.000000000
       1      16  -15.748124203    0.000000000
       1      17  -15.621144167    0.000000000
       1      18  -15.621144167    0.000000000
       1      19  -12.588336544    0.000000000
       1      20  -12.588336544   -0.000000000
       1      21  -16.119825078    0.000000000
       1      22  -16.119825078    0.000000000
       1      23  -16.083567413    0.000000000
       1      24  -16.083567413    0.000000000
       1      25  -15.565069715    0.000000000
       1      26  -15.565069715    0.000000000
       1      27  -15.642526941    0.000000000
       1      28  -15.642526941    0.000000000
       1      29  -15.606349269    0.000000000
       1      30  -15.606349269    0.000000000
       1      31  -15.549985206    0.000000000
       1      32  -15.549985206    0.000000000
       1      33  -15.534587966    0.000000000
       1      34  -15.534587966    0.000000000
       1      35  -11.424077187    0.000000000
       1      36  -11.424077187    0.000000000
       1      37  -11.416396843    0.000000000
       1      38  -11.416396843    0.000000000
       1      39   -8.359357790    0.000000000
       1      40   -8.359357790    0.000000000
       1      41   -6.316035640   -0.000000000
       1      42   -6.316035640    0.000000000
       1      43  -12.186606461    0.000000000
       1      44  -12.186606461    0.000000000
       1      45  -12.175867891    0.000000000
       1      46  -12.175867891    0.000000000
       1      47  -12.472224846    0.000000000
       1      48  -12.472224846    0.000000000
       1      49  -12.489724772    0.000000000
       1      50  -12.489724772    0.000000000
       1      51  -12.168388829    0.000000000
       1      52  -12.168388829    0.000000000
       1      53  -12.967940146    0.000000000
       1      54  -12.967940146    0.000000000
       1      55  -12.971892617    0.000000000
       1      56  -12.971892617    0.000000000
       1      57   -9.651537518    0.000000000
       1      58   -9.651537518    0.000000000
       1      59  -13.803909120    0.000000000
       1      60  -13.803909120    0.000000000
       1      61  -13.823526098    0.000000000
       1      62  -13.823526098    0.000000000
       1      63   -7.353705545    0.000000000
       1      64   -7.353705545    0.000000000
       1      65   -6.616707396   -0.000000000
       1      66   -6.616707396    0.000000000
       1      67   -6.553816232    0.000000000
       1      68   -6.553816232    0.000000000
       1      69   -8.759413182    0.000000000
       1      70   -8.759413182    0.000000000
       1      71   -5.707948925    0.000000000
       1      72   -5.707948925    0.000000000
       1      73  -10.066314102    0.000000000
       1      74  -10.066314102    0.000000000
       1      75   -9.905031372    0.000000000
       1      76   -9.905031372    0.000000000
       1      77   -7.802788296    0.000000000
       1      78   -7.802788296    0.000000000
       1      79   -7.786300092    0.000000000
       1      80   -7.786300092    0.000000000
       1      81   -7.783196667    0.000000000
       1      82   -7.783196667    0.000000000
       1      83   -5.004369370   -0.000000000
       1      84   -5.004369370   -0.000000000
       1      85   -6.733755482    0.000000000
       1      86   -6.733755482    0.000000000
       1      87  -10.007997759    0.000000000
       1      88  -10.007997759    0.000000000
       1      89   -9.984642974    0.000000000
       1      90   -9.984642974    0.000000000
       1      91   -7.669724744    0.000000000
       1      92   -7.669724744    0.000000000
       1      93   -7.209581248    0.000000000
       1      94   -7.209581248    0.000000000
       1      95   -7.204429905    0.000000000
       1      96   -7.204429905    0.000000000
       1      97   -9.255444656    0.000000000
       1      98   -9.255444656    0.000000000
       1      99   -6.926556799    0.000000000
       1     100   -6.926556799    0.000000000
       1     101   -9.354695933    0.000000000
       1     102   -9.354695933    0.000000000
       1     103   -6.033494779    0.000000000
       1     104   -6.033494779    0.000000000
       1     105   -9.366999333    0.000000000
       1     106   -9.366999333    0.000000000
       1     107   -9.451958136    0.000000000
       1     108   -9.451958136    0.000000000
       1     109   -6.725175229    0.000000000
       1     110   -6.725175229    0.000000000
       1     111   -9.769983651    0.000000000
       1     112   -9.769983651    0.000000000
       1     113   -9.794562883    0.000000000
       1     114   -9.794562883    0.000000000
       1     115   -8.647462862    0.000000000
       1     116   -8.647462862    0.000000000
       1     117  -10.368633539    0.000000000
       1     118  -10.368633539    0.000000000
       1     119  -10.440272822    0.000000000
       1     120  -10.440272822    0.000000000
       1     121   -6.619877871    0.000000000
       1     122   -6.619877871    0.000000000
       1     123   -5.622260451    0.000000000
       1     124   -5.622260451    0.000000000
       1     125   -6.921396690    0.000000000
       1     126   -6.921396690    0.000000000
       1     127   -6.925696628   -0.000000000
       1     128   -6.925696628    0.000000000
       1     129   -4.600495362    0.000000000
       1     130   -4.600495362    0.000000000
       1     131  -14.486954228    0.000000000
       1     132  -14.486954228    0.000000000
       1     133   -7.794899348    0.000000000
       1     134   -7.794899348   -0.000000000
       1     135   -7.787062333    0.000000000
       1     136   -7.787062334   -0.000000000
       1     137   -7.992763357    0.000000000
       1     138   -7.992763357    0.000000000
       1     139   -2.683051825    0.000000000
       1     140   -2.683051825    0.000000000
       1     141   -2.681531728    0.000000000
       1     142   -2.681531728    0.000000000
       1     143   -3.085908888    0.000000000
       1     144   -3.085908888    0.000000000
       1     145   -7.345275473    0.000000000
       1     146   -7.345275473    0.000000000
       1     147   -7.317747660    0.000000000
       1     148   -7.317747660    0.000000000
       1     149   -3.452463480    0.000000000
       1     150   -3.452463480    0.000000000
       1     151   -4.687670242    0.000000000
       1     152   -4.687670242    0.000000000
       1     153   -4.728865694    0.000000000
       1     154   -4.728865694    0.000000000
       1     155   -6.930191057    0.000000000
       1     156   -6.930191057    0.000000000
       1     157   -6.920981336    0.000000000
       1     158   -6.920981336    0.000000000
       1     159   -4.853462219    0.000000000
       1     160   -4.853462219    0.000000000
       1     161   -5.291083238    0.000000000
       1     162   -5.291083237    0.000000000
       1     163   -4.513849927   -0.000000000
       1     164   -4.513849927    0.000000000
       1     165   -7.407241055    0.000000000
       1     166   -7.407241055    0.000000000
       1     167   -7.440705247    0.000000000
       1     168   -7.440705247    0.000000000
       1     169   -8.318194193    0.000000000
       1     170   -8.318194193    0.000000000
       1     171   -8.171667208    0.000000000
       1     172   -8.171667208    0.000000000
       1     173  -10.832312788    0.000000000
       1     174  -10.832312788    0.000000000
       1     175  -10.810714321    0.000000000
       1     176  -10.810714321   -0.000000000
       1     177   -6.539255429    0.000000000
       1     178   -6.539255428    0.000000000
       1     179   -6.671998531    0.000000000
       1     180   -6.671998531    0.000000000
       1     181  -12.188661110    0.000000000
       1     182  -12.188661110    0.000000000
       1     183   -5.481098214    0.000000000
       1     184   -5.481098214    0.000000000
       1     185   -6.146486906    0.000000000
       1     186   -6.146486907    0.000000000
       1     187   -8.040190701    0.000000000
       1     188   -8.040190699    0.000000000
       1     189   -8.083437213    0.000000000
       1     190   -8.083437218    0.000000000
       1     191   -6.117186015    0.000000000
       1     192   -6.117186018    0.000000000
       1     193   -6.118656476    0.000000000
       1     194   -6.118656478    0.000000000
       1     195   -4.904263249    0.000000000
       1     196   -4.904263242   -0.000000000
       1     197  -12.251522344    0.000000000
       1     198  -12.251522349    0.000000000
       1     199   -5.503378674    0.000000000
       1     200   -5.503378618    0.000000000
       1     201   -8.154447580    0.000000000
       1     202   -8.154447579    0.000000000
       1     203   -8.184272451    0.000000000
       1     204   -8.184272449    0.000000000
       1     205   -9.441107805    0.000000000
       1     206   -9.441107806    0.000000000
       1     207   -5.182755270    0.000000000
       1     208   -5.182755085    0.000000000
       1     209  -10.152917325   -0.000000000
       1     210  -10.152917409    0.000000000
  0.000000000  0.166666667  0.000000000     210       0
       1       1  -23.958204681    0.000000000
       1       2  -23.958204682    0.000000000
       1       3  -22.849259504    0.000000000
       1       4  -22.849259538    0.000000000
       1       5  -22.440714023    0.000000000
       1       6  -22.440714047    0.000000000
       1       7  -22.565859814    0.000000000
       1       8  -22.565859883    0.000000000
       1       9  -13.726216473   -0.000000000
       1      10  -13.726216477   -0.000000000
       1      11  -13.948936959    0.000000000
       1      12  -13.948936958    0.000000000
       1      13  -13.195054930    0.000000000
       1      14  -13.195054799   -0.000000000
       1      15  -14.522264891    0.000000000
       1      16  -14.522263612    0.000000000
       1      17  -14.253488040    0.000000000
       1      18  -14.253488132    0.000000000
       1      19  -15.568695953    0.000000000
       1      20  -15.568695272    0.000000000
       1      21  -15.716151624    0.000000000
       1      22  -15.716151098    0.000000000
       1      23  -13.398658495   -0.000000000
       1      24  -13.398659043    0.000000000
       1      25  -15.754387302    0.000000000
       1      26  -15.754387750   -0.000000000
       1      27  -15.304320544    0.000000000
       1      28  -15.304318504    0.000000000
       1      29  -15.855549967    0.000000000
       1      30  -15.855552017    0.000000000
       1      31  -15.935719921    0.000000000
       1      32  -15.935724801    0.000000000
       1      33  -16.148474144    0.000000000
       1      34  -16.148475282    0.000000000
       1      35  -11.948203613    0.000000000
       1      36  -11.948203635    0.000000000
       1      37  -10.550791328    0.000000000
       1      38  -10.550792107   -0.000000000
       1      39   -9.912964051    0.000000000
       1      40   -9.912963984    0.000000000
       1      41  -10.372328444    0.000000000
       1      42  -10.372328296    0.000000000
       1      43   -9.210578422    0.000000000
       1      44   -9.210578741    0.000000000
       1      45  -10.903003623   -0.000000000
       1      46  -10.903003698    0.000000000
       1      47  -12.525747034    0.000000000
       1      48  -12.525745200    0.000000000
       1      49  -12.616423583    0.000000000
       1      50  -12.616424426    0.000000000
       1      51  -12.037638012    0.000000000
       1      52  -12.037638064    0.000000000
       1      53  -11.851481364    0.000000000
       1      54  -11.851481409    0.000000000
       1      55  -13.315442272    0.000000000
       1      56  -13.315442873    0.000000000
       1      57  -11.512795324    0.000000000
       1      58  -11.512794955    0.000000000
       1      59  -13.452952880    0.000000000
       1      60  -13.452952810    0.000000000
       1      61   -7.594086665    0.000000000
       1      62   -7.594087469    0.000000000
       1      63   -9.943671475    0.000000000
       1      64   -9.943671543    0.000000000
       1      65   -5.939821286   -0.000000000
       1      66   -5.939819877   -0.000000000
       1      67   -7.271443770    0.000000000
       1      68   -7.271443021    0.000000000
       1      69   -6.440576086    0.000000000
       1      70   -6.440577542    0.000000000
       1      71   -8.201329662    0.000000000
       1      72   -8.201330415    0.000000000
       1      73  -10.110733988    0.000000000
       1      74  -10.110734217    0.000000000
       1      75   -9.610759901    0.000000000
       1      76   -9.610753626    0.000000000
       1      77   -8.835415464    0.000000000
       1      78   -8.835387989    0.000000000
       1      79  -11.485765592    0.000000000
       1      80  -11.485787778    0.000000000
       1      81   -8.787989276    0.000000000
       1      82   -8.787991141    0.000000000
       1      83   -7.351855372    0.000000000
       1      84   -7.351855553    0.000000000
       1      85   -6.706202397    0.000000000
       1      86   -6.706202392    0.000000000
       1      87   -5.184433567   -0.000000000
       1      88   -5.184433561   -0.000000000
       1      89   -8.068024766    0.000000000
       1      90   -8.068023427    0.000000000
       1      91   -8.069093438    0.000000000
       1      92   -8.069094764    0.000000000
       1      93   -9.061792444    0.000000000
       1      94   -9.061792215    0.000000000
       1      95   -8.777700246    0.000000000
       1      96   -8.777701304    0.000000000
       1      97   -7.937345462    0.000000000
       1      98   -7.937346479    0.000000000
       1      99   -9.376286907    0.000000000
       1     100   -9.376284738    0.000000000
       1     101   -8.440814171    0.000000000
       1     102   -8.440812852    0.000000000
       1     103   -6.848914466    0.000000000
       1     104   -6.848914317    0.000000000
       1     105   -9.152841252    0.000000000
       1     106   -9.152837226    0.000000000
       1     107  -10.782391439    0.000000000
       1     108  -10.782390925    0.000000000
       1     109   -8.085061275    0.000000000
       1     110   -8.085055933    0.000000000
       1     111   -7.218216473   -0.000000000
       1     112   -7.218216221    0.000000000
       1     113   -5.426459936    0.000000000
       1     114   -5.426393367    0.000000000
       1     115  -11.987292779    0.000000000
       1     116  -11.987221106    0.000000000
       1     117   -7.815313565    0.000000000
       1     118   -7.815311258    0.000000000
       1     119   -8.504774278    0.000000000
       1     120   -8.504774524    0.000000000
       1     121   -6.631889300    0.000000000
       1     122   -6.631893490    0.000000000
       1     123   -6.054226057    0.000000000
       1     124   -6.054225133    0.000000000
       1     125   -7.683037309    0.000000000
       1     126   -7.683036583    0.000000000
       1     127   -8.274367866    0.000000000
       1     128   -8.274362938    0.000000000
       1     129   -5.389065948    0.000000000
       1     130   -5.389073928    0.000000000
       1     131   -5.520343947   -0.000000000
       1     132   -5.520343971    0.000000000
       1     133   -5.512065728    0.000000000
       1     134   -5.512064698    0.000000000
       1     135   -6.402034301    0.000000000
       1     136   -6.402034197    0.000000000
       1     137   -5.976313778    0.000000000
       1     138   -5.976313095    0.000000000
       1     139   -6.403470788    0.000000000
       1     140   -6.403472614    0.000000000
       1     141   -7.219868677    0.000000000
       1     142   -7.219869733   -0.000000000
       1     143   -8.033422693    0.000000000
       1     144   -8.033422605    0.000000000
       1     145   -6.441173042   -0.000000000
       1     146   -6.441054983   -0.000000000
       1     147  -11.794646253    0.000000000
       1     148  -11.794533912    0.000000000
       1     149   -5.966036300    0.000000000
       1     150   -5.966037224    0.000000000
       1     151   -8.311921946    0.000000000
       1     152   -8.311920763    0.000000000
       1     153   -6.049870237   -0.000000000
       1     154   -6.049874918    0.000000000
       1     155   -7.883434729    0.000000000
       1     156   -7.883435195   -0.000000000
       1     157   -5.821341045    0.000000000
       1     158   -5.821339170    0.000000000
       1     159   -4.924229741    0.000000000
       1     160   -4.924231176    0.000000000
       1     161   -5.367974737    0.000000000
       1     162   -5.367956507    0.000000000
       1     163   -7.002053683    0.000000000
       1     164   -7.002034555    0.000000000
       1     165   -6.459841389    0.000000000
       1     166   -6.459841672    0.000000000
       1     167   -6.242975488    0.000000000
       1     168   -6.242974694    0.000000000
       1     169   -6.160693180    0.000000000
       1     170   -6.160692723   -0.000000000
       1     171   -5.732333185    0.000000000
       1     172   -5.732334296    0.000000000
       1     173   -9.383480176    0.000000000
       1     174   -9.383481468    0.000000000
       1     175   -8.087834476    0.000000000
       1     176   -8.087817713    0.000000000
       1     177   -8.141361083    0.000000000
       1     178   -8.141339602    0.000000000
       1     179   -9.996267507    0.000000000
       1     180   -9.996268824    0.000000000
       1     181   -6.237321833    0.000000000
       1     182   -6.237316823    0.000000000
       1     183   -8.596663533    0.000000000
       1     184   -8.596665913    0.000000000
       1     185   -7.657651515    0.000000000
       1     186   -7.657649346    0.000000000
       1     187   -6.271100048   -0.000000000
       1     188   -6.271101409    0.000000000
       1     189   -9.281691367    0.000000000
       1     190   -9.281691887    0.000000000
       1     191   -7.055841928    0.000000000
       1     192   -7.055842356   -0.000000000
       1     193   -8.386049265    0.000000000
       1     194   -8.386048888    0.000000000
       1     195   -7.495188155    0.000000000
       1     196   -7.495189023    0.000000000
       1     197   -8.689828219    0.000000000
       1     198   -8.689830639    0.000000000
       1     199   -6.172993422    0.000000000
       1     200   -6.172993085    0.000000000
       1     201   -9.987365327    0.000000000
       1     202   -9.987434488    0.000000000
       1     203   -7.190261401    0.000000000
       1     204   -7.190328773    0.000000000
       1     205  -10.144825973    0.000000000
       1     206  -10.146887599    0.000000000
       1     207   -7.159611578    0.000000000
       1     208   -7.161672013    0.000000000
       1     209   -9.795288883    0.000000000
       1     210   -9.795289063    0.000000000
  0.000000000  0.333333333  0.000000000     210       0
       1       1  -23.987934650    0.000000000
       1       2  -23.987934650    0.000000000
       1       3  -22.801103721    0.000000000
       1       4  -22.801103757    0.000000000
       1       5  -22.375824778    0.000000000
       1       6  -22.375824798    0.000000000
       1       7  -22.512908095    0.000000000
       1       8  -22.512908123    0.000000000
       1       9  -14.110430438   -0.000000000
       1      10  -14.110430448   -0.000000000
       1      11  -14.195964440   -0.000000000
       1      12  -14.195964438    0.000000000
       1      13  -13.522078063    0.000000000
       1      14  -13.522078190    0.000000000
       1      15  -13.516924462    0.000000000
       1      16  -13.516924510    0.000000000
       1      17  -13.302518271   -0.000000000
       1      18  -13.302518280    0.000000000
       1      19  -15.359558556    0.000000000
       1      20  -15.359558748    0.000000000
       1      21  -13.476478807    0.000000000
       1      22  -13.476478977    0.000000000
       1      23  -14.852850918    0.000000000
       1      24  -14.852848662    0.000000000
       1      25  -15.192345755    0.000000000
       1      26  -15.192343509    0.000000000
       1      27  -17.105176585    0.000000000
       1      28  -17.105181595    0.000000000
       1      29  -16.451077540    0.000000000
       1      30  -16.451082827    0.000000000
       1      31  -15.864686564    0.000000000
       1      32  -15.864685738    0.000000000
       1      33  -16.584001430    0.000000000
       1      34  -16.584000634    0.000000000
       1      35  -11.887573282    0.000000000
       1      36  -11.887574891    0.000000000
       1      37  -10.866628259    0.000000000
       1      38  -10.866628418    0.000000000
       1      39  -11.790813775    0.000000000
       1      40  -11.790815601    0.000000000
       1      41  -10.057542271    0.000000000
       1      42  -10.057541832    0.000000000
       1      43  -11.825857033    0.000000000
       1      44  -11.825857265    0.000000000
       1      45  -12.871773568    0.000000000
       1      46  -12.871775182    0.000000000
       1      47   -9.349520490    0.000000000
       1      48   -9.349520319    0.000000000
       1      49  -10.995888153    0.000000000
       1      50  -10.995889203    0.000000000
       1      51  -11.897495600    0.000000000
       1      52  -11.897495735    0.000000000
       1      53   -9.482105474    0.000000000
       1      54   -9.482102001    0.000000000
       1      55  -12.764922066    0.000000000
       1      56  -12.764920419   -0.000000000
       1      57  -11.526063880    0.000000000
       1      58  -11.526065829   -0.000000000
       1      59  -13.716205359    0.000000000
       1      60  -13.716205463    0.000000000
       1      61   -7.042002754    0.000000000
       1      62   -7.042002925    0.000000000
       1      63   -6.937568333    0.000000000
       1      64   -6.937567452   -0.000000000
       1      65   -7.627164242    0.000000000
       1      66   -7.627163280    0.000000000
       1      67   -8.611140207    0.000000000
       1      68   -8.611140006    0.000000000
       1      69  -10.078912716    0.000000000
       1      70  -10.078913795    0.000000000
       1      71  -10.180372429    0.000000000
       1      72  -10.180371858    0.000000000
       1      73   -6.709373587    0.000000000
       1      74   -6.709373323    0.000000000
       1      75   -5.157368658    0.000000000
       1      76   -5.157369110    0.000000000
       1      77   -9.499108650    0.000000000
       1      78   -9.499108183    0.000000000
       1      79  -10.156281798    0.000000000
       1      80  -10.156282596   -0.000000000
       1      81   -7.719261832    0.000000000
       1      82   -7.719262730    0.000000000
       1      83   -8.373424583    0.000000000
       1      84   -8.373424473    0.000000000
       1      85  -10.017267466    0.000000000
       1      86  -10.017281448    0.000000000
       1      87   -9.954978336    0.000000000
       1      88   -9.954990156    0.000000000
       1      89   -9.106195742    0.000000000
       1      90   -9.106845536    0.000000000
       1      91   -7.404422649    0.000000000
       1      92   -7.403696917    0.000000000
       1      93  -10.664886277    0.000000000
       1      94  -10.664759903    0.000000000
       1      95   -6.822358970    0.000000000
       1      96   -6.822405559    0.000000000
       1      97   -9.303114512    0.000000000
       1      98   -9.303150644    0.000000000
       1      99   -7.967321408    0.000000000
       1     100   -7.967358763    0.000000000
       1     101   -7.026447207    0.000000000
       1     102   -7.026444708    0.000000000
       1     103   -7.530133801    0.000000000
       1     104   -7.530133899    0.000000000
       1     105   -9.234915742    0.000000000
       1     106   -9.235135336    0.000000000
       1     107   -7.709042230    0.000000000
       1     108   -7.709258710    0.000000000
       1     109   -7.833854903    0.000000000
       1     110   -7.833839975    0.000000000
       1     111   -8.915253807    0.000000000
       1     112   -8.915238667    0.000000000
       1     113  -10.465293337   -0.000000000
       1     114  -10.465296384    0.000000000
       1     115   -5.554475834    0.000000000
       1     116   -5.554437691    0.000000000
       1     117   -8.680895515    0.000000000
       1     118   -8.680854280    0.000000000
       1     119   -6.806113058    0.000000000
       1     120   -6.806112580    0.000000000
       1     121   -5.443709410    0.000000000
       1     122   -5.443715272    0.000000000
       1     123   -5.806713090    0.000000000
       1     124   -5.806718171    0.000000000
       1     125   -5.761693390    0.000000000
       1     126   -5.761691604    0.000000000
       1     127   -8.193322175    0.000000000
       1     128   -8.193320687    0.000000000
       1     129   -7.811480667    0.000000000
       1     130   -7.811481675    0.000000000
       1     131   -5.392367980    0.000000000
       1     132   -5.392367411    0.000000000
       1     133   -7.970404269    0.000000000
       1     134   -7.970403618    0.000000000
       1     135   -7.181271518    0.000000000
       1     136   -7.181272838    0.000000000
       1     137   -8.083859678    0.000000000
       1     138   -8.083859152    0.000000000
       1     139   -7.703720384    0.000000000
       1     140   -7.703720316   -0.000000000
       1     141   -7.229872285    0.000000000
       1     142   -7.229872580    0.000000000
       1     143   -8.580435020    0.000000000
       1     144   -8.580434526    0.000000000
       1     145   -7.742645063    0.000000000
       1     146   -7.742645188    0.000000000
       1     147   -7.807285371    0.000000000
       1     148   -7.807281193    0.000000000
       1     149   -7.827339287    0.000000000
       1     150   -7.827304417    0.000000000
       1     151  -10.215731112    0.000000000
       1     152  -10.215702027    0.000000000
       1     153   -7.886959617    0.000000000
       1     154   -7.886958687    0.000000000
       1     155   -7.564590905    0.000000000
       1     156   -7.564591534    0.000000000
       1     157   -8.572441728    0.000000000
       1     158   -8.572441986    0.000000000
       1     159   -7.140412492    0.000000000
       1     160   -7.140409947    0.000000000
       1     161   -8.054660171    0.000000000
       1     162   -8.054687119    0.000000000
       1     163   -7.683645364    0.000000000
       1     164   -7.683672366    0.000000000
       1     165   -8.181008829    0.000000000
       1     166   -8.181004400    0.000000000
       1     167   -8.633571772    0.000000000
       1     168   -8.633572229    0.000000000
       1     169   -7.452160997    0.000000000
       1     170   -7.451923235    0.000000000
       1     171   -7.675536111    0.000000000
       1     172   -7.675300637    0.000000000
       1     173   -9.419573481    0.000000000
       1     174   -9.419573389    0.000000000
       1     175   -4.218567367    0.000000000
       1     176   -4.218537482    0.000000000
       1     177   -7.367174672    0.000000000
       1     178   -7.367170661    0.000000000
       1     179  -10.030714588    0.000000000
       1     180  -10.030695530    0.000000000
       1     181   -7.501940158    0.000000000
       1     182   -7.501944348    0.000000000
       1     183   -9.185949076   -0.000000000
       1     184   -9.185965147    0.000000000
       1     185   -6.143452480   -0.000000000
       1     186   -6.143467583    0.000000000
       1     187   -7.445646613    0.000000000
       1     188   -7.445645695    0.000000000
       1     189   -6.310248878    0.000000000
       1     190   -6.310250872    0.000000000
       1     191   -7.471083707    0.000000000
       1     192   -7.471085472    0.000000000
       1     193   -5.403679234    0.000000000
       1     194   -5.403680335    0.000000000
       1     195   -5.818250474    0.000000000
       1     196   -5.818250469    0.000000000
       1     197   -6.448498791    0.000000000
       1     198   -6.448498375    0.000000000
       1     199   -7.936400398    0.000000000
       1     200   -7.936401726    0.000000000
       1     201   -6.745819632    0.000000000
       1     202   -6.745819296    0.000000000
       1     203   -7.346872947    0.000000000
       1     204   -7.346870951    0.000000000
       1     205   -5.081381650    0.000000000
       1     206   -5.081381865    0.000000000
       1     207   -6.719992500   -0.000000000
       1     208   -6.719976276   -0.000000000
       1     209   -7.432643860    0.000000000
       1     210   -7.432618007    0.000000000
  0.000000000  0.500000000  0.000000000     210       0
       1       1  -23.998175833    0.000000000
       1       2  -23.998175833    0.000000000
       1       3  -22.772014442    0.000000000
       1       4  -22.772014442    0.000000000
       1       5  -22.331372984    0.000000000
       1       6  -22.331372984    0.000000000
       1       7  -22.505272506    0.000000000
       1       8  -22.505272506    0.000000000
       1       9  -14.428056763    0.000000000
       1      10  -14.428056763    0.000000000
       1      11  -14.372377358   -0.000000000
       1      12  -14.372377358    0.000000000
       1      13  -12.680947618    0.000000000
       1      14  -12.680947618    0.000000000
       1      15  -12.972479204    0.000000000
       1      16  -12.972479204    0.000000000
       1      17  -14.138015514    0.000000000
       1      18  -14.138015514    0.000000000
       1      19  -15.232889657    0.000000000
       1      20  -15.232889657    0.000000000
       1      21  -13.879856523    0.000000000
       1      22  -13.879856523    0.000000000
       1      23  -14.104340822    0.000000000
       1      24  -14.104340822    0.000000000
       1      25  -14.428004064    0.000000000
       1      26  -14.428004064    0.000000000
       1      27  -18.614084807    0.000000000
       1      28  -18.614084807    0.000000000
       1      29  -17.843539002    0.000000000
       1      30  -17.843539002    0.000000000
       1      31  -15.203690514    0.000000000
       1      32  -15.203690514    0.000000000
       1      33  -16.617991013    0.000000000
       1      34  -16.617991013    0.000000000
       1      35  -11.847353781    0.000000000
       1      36  -11.847353781    0.000000000
       1      37  -11.687215484    0.000000000
       1      38  -11.687215484    0.000000000
       1      39  -11.686182190    0.000000000
       1      40  -11.686182190    0.000000000
       1      41  -10.684001369    0.000000000
       1      42  -10.684001369    0.000000000
       1      43  -11.032462727    0.000000000
       1      44  -11.032462727    0.000000000
       1      45  -12.241432498    0.000000000
       1      46  -12.241432498    0.000000000
       1      47   -7.822415845    0.000000000
       1      48   -7.822415845    0.000000000
       1      49  -10.158853417    0.000000000
       1      50  -10.158853417    0.000000000
       1      51   -9.178118381    0.000000000
       1      52   -9.178118381    0.000000000
       1      53  -11.230764152    0.000000000
       1      54  -11.230764152    0.000000000
       1      55   -9.174656933    0.000000000
       1      56   -9.174656933    0.000000000
       1      57  -13.164031731    0.000000000
       1      58  -13.164031731    0.000000000
       1      59  -13.428061848    0.000000000
       1      60  -13.428061848    0.000000000
       1      61   -9.546522217    0.000000000
       1      62   -9.546522217    0.000000000
       1      63   -8.906768143    0.000000000
       1      64   -8.906768143    0.000000000
       1      65  -10.420291303    0.000000000
       1      66  -10.420291303    0.000000000
       1      67   -9.103617136    0.000000000
       1      68   -9.103617136    0.000000000
       1      69  -10.024877342    0.000000000
       1      70  -10.024877342    0.000000000
       1      71   -8.421618423    0.000000000
       1      72   -8.421618423    0.000000000
       1      73   -8.416365670    0.000000000
       1      74   -8.416365670    0.000000000
       1      75   -9.945614019    0.000000000
       1      76   -9.945614019    0.000000000
       1      77  -11.522561723    0.000000000
       1      78  -11.522561723    0.000000000
       1      79   -4.633717923    0.000000000
       1      80   -4.633717923    0.000000000
       1      81  -11.511185024    0.000000000
       1      82  -11.511185024    0.000000000
       1      83   -5.317169968    0.000000000
       1      84   -5.317169968    0.000000000
       1      85   -7.199357942    0.000000000
       1      86   -7.199357942    0.000000000
       1      87   -4.921277613    0.000000000
       1      88   -4.921277613    0.000000000
       1      89   -5.864075213    0.000000000
       1      90   -5.864075213    0.000000000
       1      91   -7.913888124    0.000000000
       1      92   -7.913888124    0.000000000
       1      93   -8.591229302    0.000000000
       1      94   -8.591229302    0.000000000
       1      95   -7.173667781    0.000000000
       1      96   -7.173667781    0.000000000
       1      97   -8.631174441    0.000000000
       1      98   -8.631174441    0.000000000
       1      99   -9.910546333    0.000000000
       1     100   -9.910546333    0.000000000
       1     101   -9.465892349    0.000000000
       1     102   -9.465892349    0.000000000
       1     103   -8.854251376    0.000000000
       1     104   -8.854251376    0.000000000
       1     105   -9.918497877    0.000000000
       1     106   -9.918497877    0.000000000
       1     107   -8.803862304    0.000000000
       1     108   -8.803862304    0.000000000
       1     109  -11.156124450    0.000000000
       1     110  -11.156124450    0.000000000
       1     111  -10.032071100    0.000000000
       1     112  -10.032071100    0.000000000
       1     113   -9.506074505    0.000000000
       1     114   -9.506074505    0.000000000
       1     115   -8.233085773    0.000000000
       1     116   -8.233085773    0.000000000
       1     117   -3.616953988    0.000000000
       1     118   -3.616953988    0.000000000
       1     119   -6.597793654    0.000000000
       1     120   -6.597793654    0.000000000
       1     121   -5.328776978    0.000000000
       1     122   -5.328776977    0.000000000
       1     123   -5.934060144    0.000000000
       1     124   -5.934060145    0.000000000
       1     125   -6.530095300    0.000000000
       1     126   -6.530095300    0.000000000
       1     127   -9.166584263    0.000000000
       1     128   -9.166584263    0.000000000
       1     129  -10.651099224    0.000000000
       1     130  -10.651099224    0.000000000
       1     131   -9.234795753    0.000000000
       1     132   -9.234795753    0.000000000
       1     133   -7.148759577    0.000000000
       1     134   -7.148759577    0.000000000
       1     135   -9.404183389    0.000000000
       1     136   -9.404183389    0.000000000
       1     137   -9.365767367    0.000000000
       1     138   -9.365767367    0.000000000
       1     139   -7.938107358    0.000000000
       1     140   -7.938107358    0.000000000
       1     141   -7.179227288    0.000000000
       1     142   -7.179227288    0.000000000
       1     143   -8.632829456    0.000000000
       1     144   -8.632829456    0.000000000
       1     145   -6.969131065    0.000000000
       1     146   -6.969131065    0.000000000
       1     147   -8.624603500    0.000000000
       1     148   -8.624603500    0.000000000
       1     149   -7.289475898    0.000000000
       1     150   -7.289475898    0.000000000
       1     151   -6.347928157    0.000000000
       1     152   -6.347928157    0.000000000
       1     153   -7.099565195    0.000000000
       1     154   -7.099565195    0.000000000
       1     155   -9.871728582    0.000000000
       1     156   -9.871728582    0.000000000
       1     157   -7.099920026    0.000000000
       1     158   -7.099920026    0.000000000
       1     159   -6.100251131    0.000000000
       1     160   -6.100251131    0.000000000
       1     161   -6.259810589    0.000000000
       1     162   -6.259810589    0.000000000
       1     163   -8.291179657    0.000000000
       1     164   -8.291179656    0.000000000
       1     165   -5.578216998    0.000000000
       1     166   -5.578216999    0.000000000
       1     167   -5.739667979    0.000000000
       1     168   -5.739667980    0.000000000
       1     169   -9.067255079    0.000000000
       1     170   -9.067255079    0.000000000
       1     171   -7.812122990    0.000000000
       1     172   -7.812122991    0.000000000
       1     173   -8.671007227    0.000000000
       1     174   -8.671007225    0.000000000
       1     175   -6.448533015    0.000000000
       1     176   -6.448533015    0.000000000
       1     177   -6.372385706    0.000000000
       1     178   -6.372385707    0.000000000
       1     179   -9.197748625    0.000000000
       1     180   -9.197748626    0.000000000
       1     181  -10.405357812    0.000000000
       1     182  -10.405357812    0.000000000
       1     183   -7.890031425   -0.000000000
       1     184   -7.890031428    0.000000000
       1     185   -6.774088319    0.000000000
       1     186   -6.774088319    0.000000000
       1     187   -9.606765249    0.000000000
       1     188   -9.606765251    0.000000000
       1     189   -7.438155494    0.000000000
       1     190   -7.438155496    0.000000000
       1     191   -6.897046544    0.000000000
       1     192   -6.897046544    0.000000000
       1     193   -6.392883136    0.000000000
       1     194   -6.392883131    0.000000000
       1     195   -9.040591549    0.000000000
       1     196   -9.040591549    0.000000000
       1     197   -8.989444990    0.000000000
       1     198   -8.989444986    0.000000000
       1     199   -6.692349771    0.000000000
       1     200   -6.692349767    0.000000000
       1     201   -6.646586117    0.000000000
       1     202   -6.646586082    0.000000000
       1     203   -5.278227634    0.000000000
       1     204   -5.278227655    0.000000000
       1     205   -6.550412081    0.000000000
       1     206   -6.550412121    0.000000000
       1     207   -5.058808760    0.000000000
       1     208   -5.058808867    0.000000000
       1     209   -5.733898952    0.000000000
       1     210   -5.733899186    0.000000000
  0.000000000  0.666666667  0.000000000     210       0
       1       1  -23.987934650    0.000000000
       1       2  -23.987934650    0.000000000
       1       3  -22.801103721    0.000000000
       1       4  -22.801103757    0.000000000
       1       5  -22.375824778    0.000000000
       1       6  -22.375824798    0.000000000
       1       7  -22.512908095    0.000000000
       1       8  -22.512908123    0.000000000
       1       9  -14.110430438    0.000000000
       1      10  -14.110430448    0.000000000
       1      11  -14.195964440    0.000000000
       1      12  -14.195964438    0.000000000
       1      13  -13.522078063    0.000000000
       1      14  -13.522078190    0.000000000
       1      15  -13.516924462    0.000000000
       1      16  -13.516924510    0.000000000
       1      17  -13.302518271    0.000000000
       1      18  -13.302518280    0.000000000
       1      19  -15.359558556    0.000000000
       1      20  -15.359558748    0.000000000
       1      21  -13.476478807    0.000000000
       1      22  -13.476478977    0.000000000
       1      23  -14.852850918    0.000000000
       1      24  -14.852848662    0.000000000
       1      25  -15.192345755    0.000000000
       1      26  -15.192343509    0.000000000
       1      27  -17.105176585    0.000000000
       1      28  -17.105181595    0.000000000
       1      29  -16.451077540    0.000000000
       1      30  -16.451082827    0.000000000
       1      31  -15.864686564    0.000000000
       1      32  -15.864685738    0.000000000
       1      33  -16.584001430    0.000000000
       1      34  -16.584000634    0.000000000
       1      35  -11.887573282    0.000000000
       1      36  -11.887574891    0.000000000
       1      37  -10.866628259    0.000000000
       1      38  -10.866628418    0.000000000
       1      39  -11.790813775    0.000000000
       1      40  -11.790815601    0.000000000
       1      41  -10.057542271    0.000000000
       1      42  -10.057541832    0.000000000
       1      43  -11.825857033    0.000000000
       1      44  -11.825857265    0.000000000
       1      45  -12.871773568    0.000000000
       1      46  -12.871775182    0.000000000
       1      47   -9.349520490    0.000000000
       1      48   -9.349520319    0.000000000
       1      49  -10.995888153    0.000000000
       1      50  -10.995889203    0.000000000
       1      51  -11.897495600    0.000000000
       1      52  -11.897495735    0.000000000
       1      53   -9.482105474    0.000000000
       1      54   -9.482102001    0.000000000
       1      55  -12.764922066    0.000000000
       1      56  -12.764920419    0.000000000
       1      57  -11.526063880    0.000000000
       1      58  -11.526065829    0.000000000
       1      59  -13.716205359    0.000000000
       1      60  -13.716205463    0.000000000
       1      61   -7.042002754    0.000000000
       1      62   -7.042002925    0.000000000
       1      63   -6.937568333    0.000000000
       1      64   -6.937567452    0.000000000
       1      65   -7.627164242    0.000000000
       1      66   -7.627163280    0.000000000
       1      67   -8.611140207    0.000000000
       1      68   -8.611140006    0.000000000
       1      69  -10.078912716    0.000000000
       1      70  -10.078913796    0.000000000
       1      71  -10.180372430    0.000000000
       1      72  -10.180371858    0.000000000
       1      73   -6.709373587    0.000000000
       1      74   -6.709373323    0.000000000
       1      75   -5.157368658    0.000000000
       1      76   -5.157369110    0.000000000
       1      77   -9.499108650    0.000000000
       1      78   -9.499108183    0.000000000
       1      79  -10.156281798    0.000000000
       1      80  -10.156282596    0.000000000
       1      81   -7.719261832    0.000000000
       1      82   -7.719262730    0.000000000
       1      83   -8.373424583    0.000000000
       1      84   -8.373424473    0.000000000
       1      85  -10.017267466    0.000000000
       1      86  -10.017281448    0.000000000
       1      87   -9.954978337    0.000000000
       1      88   -9.954990156    0.000000000
       1      89   -9.106195742    0.000000000
       1      90   -9.106845536    0.000000000
       1      91   -7.404422650    0.000000000
       1      92   -7.403696917    0.000000000
       1      93  -10.664886278    0.000000000
       1      94  -10.664759903    0.000000000
       1      95   -6.822358970    0.000000000
       1      96   -6.822405559    0.000000000
       1      97   -9.303114512    0.000000000
       1      98   -9.303150644    0.000000000
       1      99   -7.967321408    0.000000000
       1     100   -7.967358763    0.000000000
       1     101   -7.026447207    0.000000000
       1     102   -7.026444708    0.000000000
       1     103   -7.530133801    0.000000000
       1     104   -7.530133899    0.000000000
       1     105   -9.234915742    0.000000000
       1     106   -9.235135336    0.000000000
       1     107   -7.709042230    0.000000000
       1     108   -7.709258710    0.000000000
       1     109   -7.833854903    0.000000000
       1     110   -7.833839975    0.000000000
       1     111   -8.915253807    0.000000000
       1     112   -8.915238667    0.000000000
       1     113  -10.465293337    0.000000000
       1     114  -10.465296384    0.000000000
       1     115   -5.554475834    0.000000000
       1     116   -5.554437691    0.000000000
       1     117   -8.680895515    0.000000000
       1     118   -8.680854280    0.000000000
       1     119   -6.806113059    0.000000000
       1     120   -6.806112580    0.000000000
       1     121   -5.443709410    0.000000000
       1     122   -5.443715272    0.000000000
       1     123   -5.806713090    0.000000000
       1     124   -5.806718171    0.000000000
       1     125   -5.761693390    0.000000000
       1     126   -5.761691604    0.000000000
       1     127   -8.193322176    0.000000000
       1     128   -8.193320687    0.000000000
       1     129   -7.811480667    0.000000000
       1     130   -7.811481675    0.000000000
       1     131   -5.392367980    0.000000000
       1     132   -5.392367411    0.000000000
       1     133   -7.970404269    0.000000000
       1     134   -7.970403618    0.000000000
       1     135   -7.181271518    0.000000000
       1     136   -7.181272838    0.000000000
       1     137   -8.083859678    0.000000000
       1     138   -8.083859152    0.000000000
       1     139   -7.703720383    0.000000000
       1     140   -7.703720316    0.000000000
       1     141   -7.229872285    0.000000000
       1     142   -7.229872580    0.000000000
       1     143   -8.580435020    0.000000000
       1     144   -8.580434526    0.000000000
       1     145   -7.742645063    0.000000000
       1     146   -7.742645188    0.000000000
       1     147   -7.807285371    0.000000000
       1     148   -7.807281193    0.000000000
       1     149   -7.827339287    0.000000000
       1     150   -7.827304416    0.000000000
       1     151  -10.215731112    0.000000000
       1     152  -10.215702026    0.000000000
       1     153   -7.886959618    0.000000000
       1     154   -7.886958687    0.000000000
       1     155   -7.564590904    0.000000000
       1     156   -7.564591534    0.000000000
       1     157   -8.572441728    0.000000000
       1     158   -8.572441986    0.000000000
       1     159   -7.140412492    0.000000000
       1     160   -7.140409947    0.000000000
       1     161   -8.054660170    0.000000000
       1     162   -8.054687118    0.000000000
       1     163   -7.683645363    0.000000000
       1     164   -7.683672366    0.000000000
       1     165   -8.181008830    0.000000000
       1     166   -8.181004400    0.000000000
       1     167   -8.633571771   -0.000000000
       1     168   -8.633572229   -0.000000000
       1     169   -7.452160997   -0.000000000
       1     170   -7.451923234    0.000000000
       1     171   -7.675536110    0.000000000
       1     172   -7.675300637    0.000000000
       1     173   -9.419573481    0.000000000
       1     174   -9.419573391    0.000000000
       1     175   -4.218567368    0.000000000
       1     176   -4.218537483    0.000000000
       1     177   -7.367174675    0.000000000
       1     178   -7.367170661    0.000000000
       1     179  -10.030714589    0.000000000
       1     180  -10.030695529   -0.000000000
       1     181   -7.501940158    0.000000000
       1     182   -7.501944350    0.000000000
       1     183   -9.185949076   -0.000000000
       1     184   -9.185965148   -0.000000000
       1     185   -6.143452484    0.000000000
       1     186   -6.143467582    0.000000000
       1     187   -7.445646613    0.000000000
       1     188   -7.445645699    0.000000000
       1     189   -6.310248872    0.000000000
       1     190   -6.310250872    0.000000000
       1     191   -7.471083716    0.000000000
       1     192   -7.471085486    0.000000000
       1     193   -5.403679232    0.000000000
       1     194   -5.403680338    0.000000000
       1     195   -5.818250462    0.000000000
       1     196   -5.818250476    0.000000000
       1     197   -6.448498755    0.000000000
       1     198   -6.448498368    0.000000000
       1     199   -7.936400417    0.000000000
       1     200   -7.936401724    0.000000000
       1     201   -6.745819616    0.000000000
       1     202   -6.745819289    0.000000000
       1     203   -7.346872939    0.000000000
       1     204   -7.346870900    0.000000000
       1     205   -5.081381660    0.000000000
       1     206   -5.081381790    0.000000000
       1     207   -6.719993228    0.000000000
       1     208   -6.719976256    0.000000000
       1     209   -7.432643631    0.000000000
       1     210   -7.432618131    0.000000000
  0.000000000  0.833333333  0.000000000     210       0
       1       1  -23.958204681    0.000000000
       1       2  -23.958204682    0.000000000
       1       3  -22.849259504    0.000000000
       1       4  -22.849259538    0.000000000
       1       5  -22.440714023    0.000000000
       1       6  -22.440714047    0.000000000
       1       7  -22.565859814    0.000000000
       1       8  -22.565859883    0.000000000
       1       9  -13.726216473    0.000000000
       1      10  -13.726216477    0.000000000
       1      11  -13.948936959    0.000000000
       1      12  -13.948936958   -0.000000000
       1      13  -13.195054930    0.000000000
       1      14  -13.195054799    0.000000000
       1      15  -14.522264891    0.000000000
       1      16  -14.522263612    0.000000000
       1      17  -14.253488040    0.000000000
       1      18  -14.253488132    0.000000000
       1      19  -15.568695953    0.000000000
       1      20  -15.568695272    0.000000000
       1      21  -15.716151624    0.000000000
       1      22  -15.716151098    0.000000000
       1      23  -13.398658495    0.000000000
       1      24  -13.398659043    0.000000000
       1      25  -15.754387302    0.000000000
       1      26  -15.754387750    0.000000000
       1      27  -15.304320544    0.000000000
       1      28  -15.304318504    0.000000000
       1      29  -15.855549967    0.000000000
       1      30  -15.855552017    0.000000000
       1      31  -15.935719921    0.000000000
       1      32  -15.935724801    0.000000000
       1      33  -16.148474144    0.000000000
       1      34  -16.148475282    0.000000000
       1      35  -11.948203613    0.000000000
       1      36  -11.948203635    0.000000000
       1      37  -10.550791328    0.000000000
       1      38  -10.550792107    0.000000000
       1      39   -9.912964051    0.000000000
       1      40   -9.912963984    0.000000000
       1      41  -10.372328444    0.000000000
       1      42  -10.372328296    0.000000000
       1      43   -9.210578422    0.000000000
       1      44   -9.210578741    0.000000000
       1      45  -10.903003623    0.000000000
       1      46  -10.903003698    0.000000000
       1      47  -12.525747034    0.000000000
       1      48  -12.525745200    0.000000000
       1      49  -12.616423583    0.000000000
       1      50  -12.616424426    0.000000000
       1      51  -12.037638012    0.000000000
       1      52  -12.037638064    0.000000000
       1      53  -11.851481364    0.000000000
       1      54  -11.851481409    0.000000000
       1      55  -13.315442272    0.000000000
       1      56  -13.315442872    0.000000000
       1      57  -11.512795324    0.000000000
       1      58  -11.512794956    0.000000000
       1      59  -13.452952881    0.000000000
       1      60  -13.452952810    0.000000000
       1      61   -7.594086665    0.000000000
       1      62   -7.594087469    0.000000000
       1      63   -9.943671475    0.000000000
       1      64   -9.943671543    0.000000000
       1      65   -5.939821286    0.000000000
       1      66   -5.939819877    0.000000000
       1      67   -7.271443770    0.000000000
       1      68   -7.271443022    0.000000000
       1      69   -6.440576086    0.000000000
       1      70   -6.440577542    0.000000000
       1      71   -8.201329662    0.000000000
       1      72   -8.201330415    0.000000000
       1      73  -10.110733988    0.000000000
       1      74  -10.110734217    0.000000000
       1      75   -9.610759901    0.000000000
       1      76   -9.610753626    0.000000000
       1      77   -8.835415464    0.000000000
       1      78   -8.835387989    0.000000000
       1      79  -11.485765592    0.000000000
       1      80  -11.485787778    0.000000000
       1      81   -8.787989276    0.000000000
       1      82   -8.787991141    0.000000000
       1      83   -7.351855372    0.000000000
       1      84   -7.351855553    0.000000000
       1      85   -6.706202397    0.000000000
       1      86   -6.706202392    0.000000000
       1      87   -5.184433567    0.000000000
       1      88   -5.184433561    0.000000000
       1      89   -8.068024766    0.000000000
       1      90   -8.068023427    0.000000000
       1      91   -8.069093438    0.000000000
       1      92   -8.069094763    0.000000000
       1      93   -9.061792444    0.000000000
       1      94   -9.061792215    0.000000000
       1      95   -8.777700246    0.000000000
       1      96   -8.777701304    0.000000000
       1      97   -7.937345463    0.000000000
       1      98   -7.937346479    0.000000000
       1      99   -9.376286907    0.000000000
       1     100   -9.376284739    0.000000000
       1     101   -8.440814171    0.000000000
       1     102   -8.440812852    0.000000000
       1     103   -6.848914466    0.000000000
       1     104   -6.848914317    0.000000000
       1     105   -9.152841252    0.000000000
       1     106   -9.152837226    0.000000000
       1     107  -10.782391440    0.000000000
       1     108  -10.782390926   -0.000000000
       1     109   -8.085061275    0.000000000
       1     110   -8.085055933    0.000000000
       1     111   -7.218216473    0.000000000
       1     112   -7.218216221    0.000000000
       1     113   -5.426459936    0.000000000
       1     114   -5.426393367    0.000000000
       1     115  -11.987292779    0.000000000
       1     116  -11.987221106    0.000000000
       1     117   -7.815313565    0.000000000
       1     118   -7.815311258    0.000000000
       1     119   -8.504774278    0.000000000
       1     120   -8.504774525   -0.000000000
       1     121   -6.631889300    0.000000000
       1     122   -6.631893491    0.000000000
       1     123   -6.054226057    0.000000000
       1     124   -6.054225133    0.000000000
       1     125   -7.683037310    0.000000000
       1     126   -7.683036583    0.000000000
       1     127   -8.274367866    0.000000000
       1     128   -8.274362938    0.000000000
       1     129   -5.389065948    0.000000000
       1     130   -5.389073928    0.000000000
       1     131   -5.520343947    0.000000000
       1     132   -5.520343971    0.000000000
       1     133   -5.512065727    0.000000000
       1     134   -5.512064698    0.000000000
       1     135   -6.402034301    0.000000000
       1     136   -6.402034197    0.000000000
       1     137   -5.976313778    0.000000000
       1     138   -5.976313095    0.000000000
       1     139   -6.403470788    0.000000000
       1     140   -6.403472614    0.000000000
       1     141   -7.219868677    0.000000000
       1     142   -7.219869733    0.000000000
       1     143   -8.033422693    0.000000000
       1     144   -8.033422605    0.000000000
       1     145   -6.441173042    0.000000000
       1     146   -6.441054983    0.000000000
       1     147  -11.794646253    0.000000000
       1     148  -11.794533912    0.000000000
       1     149   -5.966036300    0.000000000
       1     150   -5.966037225    0.000000000
       1     151   -8.311921945    0.000000000
       1     152   -8.311920763    0.000000000
       1     153   -6.049870237    0.000000000
       1     154   -6.049874918    0.000000000
       1     155   -7.883434729    0.000000000
       1     156   -7.883435194    0.000000000
       1     157   -5.821341045    0.000000000
       1     158   -5.821339169    0.000000000
       1     159   -4.924229741    0.000000000
       1     160   -4.924231176    0.000000000
       1     161   -5.367974738    0.000000000
       1     162   -5.367956507    0.000000000
       1     163   -7.002053682    0.000000000
       1     164   -7.002034554    0.000000000
       1     165   -6.459841389    0.000000000
       1     166   -6.459841672    0.000000000
       1     167   -6.242975488    0.000000000
       1     168   -6.242974695    0.000000000
       1     169   -6.160693180    0.000000000
       1     170   -6.160692724    0.000000000
       1     171   -5.732333185    0.000000000
       1     172   -5.732334296    0.000000000
       1     173   -9.383480178    0.000000000
       1     174   -9.383481468    0.000000000
       1     175   -8.087834478    0.000000000
       1     176   -8.087817711   -0.000000000
       1     177   -8.141361086    0.000000000
       1     178   -8.141339600    0.000000000
       1     179   -9.996267504    0.000000000
       1     180   -9.996268822    0.000000000
       1     181   -6.237321833    0.000000000
       1     182   -6.237316819    0.000000000
       1     183   -8.596663540   -0.000000000
       1     184   -8.596665915    0.000000000
       1     185   -7.657651510    0.000000000
       1     186   -7.657649347    0.000000000
       1     187   -6.271100044    0.000000000
       1     188   -6.271101412    0.000000000
       1     189   -9.281691362    0.000000000
       1     190   -9.281691900    0.000000000
       1     191   -7.055841938    0.000000000
       1     192   -7.055842347    0.000000000
       1     193   -8.386049271    0.000000000
       1     194   -8.386048859    0.000000000
       1     195   -7.495188146   -0.000000000
       1     196   -7.495189047    0.000000000
       1     197   -8.689828271    0.000000000
       1     198   -8.689830668   -0.000000000
       1     199   -6.172993449    0.000000000
       1     200   -6.172993097    0.000000000
       1     201   -9.987365293    0.000000000
       1     202   -9.987434458    0.000000000
       1     203   -7.190261414    0.000000000
       1     204   -7.190328734    0.000000000
       1     205  -10.144825960    0.000000000
       1     206  -10.146887609    0.000000000
       1     207   -7.159611553    0.000000000
       1     208   -7.161672030    0.000000000
       1     209   -9.795289271    0.000000000
       1     210   -9.795289694    0.000000000
  0.166666667  0.000000000  0.000000000     210       0
       1       1  -23.958204656    0.000000000
       1       2  -23.958204657    0.000000000
       1       3  -22.849259531    0.000000000
       1       4  -22.849259538    0.000000000
       1       5  -22.440713798    0.000000000
       1       6  -22.440713796    0.000000000
       1       7  -22.565860300    0.000000000
       1       8  -22.565860294    0.000000000
       1       9  -13.726216353    0.000000000
       1      10  -13.726216371   -0.000000000
       1      11  -13.948936880    0.000000000
       1      12  -13.948936876    0.000000000
       1      13  -13.195054962    0.000000000
       1      14  -13.195054817    0.000000000
       1      15  -14.522264042    0.000000000
       1      16  -14.522263075    0.000000000
       1      17  -14.253486337    0.000000000
       1      18  -14.253486279    0.000000000
       1      19  -15.568699421    0.000000000
       1      20  -15.568699149    0.000000000
       1      21  -15.716155471    0.000000000
       1      22  -15.716155829    0.000000000
       1      23  -13.398656431    0.000000000
       1      24  -13.398656998    0.000000000
       1      25  -15.754385974    0.000000000
       1      26  -15.754385573    0.000000000
       1      27  -15.304319366    0.000000000
       1      28  -15.304317514    0.000000000
       1      29  -15.855576031    0.000000000
       1      30  -15.855576772    0.000000000
       1      31  -15.935701016    0.000000000
       1      32  -15.935704345    0.000000000
       1      33  -16.148473943    0.000000000
       1      34  -16.148475018    0.000000000
       1      35  -11.948206536    0.000000000
       1      36  -11.948206471    0.000000000
       1      37  -10.550792496    0.000000000
       1      38  -10.550793297    0.000000000
       1      39   -9.912967315    0.000000000
       1      40   -9.912967320    0.000000000
       1      41  -10.372325896    0.000000000
       1      42  -10.372325783    0.000000000
       1      43   -9.210577218    0.000000000
       1      44   -9.210577543    0.000000000
       1      45  -10.902998090    0.000000000
       1      46  -10.902998129    0.000000000
       1      47  -12.525747336    0.000000000
       1      48  -12.525745428   -0.000000000
       1      49  -12.616422648    0.000000000
       1      50  -12.616423501    0.000000000
       1      51  -12.037638993    0.000000000
       1      52  -12.037638942    0.000000000
       1      53  -11.851486320    0.000000000
       1      54  -11.851486359    0.000000000
       1      55  -13.315441020    0.000000000
       1      56  -13.315444417    0.000000000
       1      57  -11.512793584    0.000000000
       1      58  -11.512796113    0.000000000
       1      59  -13.452954668    0.000000000
       1      60  -13.452954603    0.000000000
       1      61   -7.594087501    0.000000000
       1      62   -7.594088125    0.000000000
       1      63   -9.943674900    0.000000000
       1      64   -9.943674941   -0.000000000
       1      65   -5.939809928    0.000000000
       1      66   -5.939809272    0.000000000
       1      67   -7.271440094    0.000000000
       1      68   -7.271439929    0.000000000
       1      69   -6.440580814    0.000000000
       1      70   -6.440581858    0.000000000
       1      71   -8.201319623    0.000000000
       1      72   -8.201318568    0.000000000
       1      73  -10.110741790    0.000000000
       1      74  -10.110742741    0.000000000
       1      75   -9.610756321    0.000000000
       1      76   -9.610749437    0.000000000
       1      77   -8.835421814    0.000000000
       1      78   -8.835377607    0.000000000
       1      79  -11.485798910    0.000000000
       1      80  -11.485760986    0.000000000
       1      81   -8.787988874    0.000000000
       1      82   -8.787987536    0.000000000
       1      83   -7.351855838    0.000000000
       1      84   -7.351855883    0.000000000
       1      85   -6.706207423    0.000000000
       1      86   -6.706207397    0.000000000
       1      87   -5.184432192    0.000000000
       1      88   -5.184432187   -0.000000000
       1      89   -8.068031065    0.000000000
       1      90   -8.068030659    0.000000000
       1      91   -8.069089096    0.000000000
       1      92   -8.069089664    0.000000000
       1      93   -9.061785106    0.000000000
       1      94   -9.061784935    0.000000000
       1      95   -8.777703118    0.000000000
       1      96   -8.777706937    0.000000000
       1      97   -7.937339950    0.000000000
       1      98   -7.937343860    0.000000000
       1      99   -9.376290273    0.000000000
       1     100   -9.376291519    0.000000000
       1     101   -8.440818331    0.000000000
       1     102   -8.440818062    0.000000000
       1     103   -6.848914136    0.000000000
       1     104   -6.848913967    0.000000000
       1     105   -9.152836254    0.000000000
       1     106   -9.152838859    0.000000000
       1     107  -10.782402781    0.000000000
       1     108  -10.782402590    0.000000000
       1     109   -8.085058434    0.000000000
       1     110   -8.085060567    0.000000000
       1     111   -7.218203241    0.000000000
       1     112   -7.218203384    0.000000000
       1     113   -5.426421012    0.000000000
       1     114   -5.426396437    0.000000000
       1     115  -11.987265445    0.000000000
       1     116  -11.987244529    0.000000000
       1     117   -7.815317179    0.000000000
       1     118   -7.815321667    0.000000000
       1     119   -8.504762888    0.000000000
       1     120   -8.504762952    0.000000000
       1     121   -6.631911323    0.000000000
       1     122   -6.631912799   -0.000000000
       1     123   -6.054226655    0.000000000
       1     124   -6.054226545    0.000000000
       1     125   -7.683029527    0.000000000
       1     126   -7.683029665    0.000000000
       1     127   -8.274360480    0.000000000
       1     128   -8.274355082    0.000000000
       1     129   -5.389079678    0.000000000
       1     130   -5.389086161    0.000000000
       1     131   -5.520351476    0.000000000
       1     132   -5.520351451   -0.000000000
       1     133   -5.512076432    0.000000000
       1     134   -5.512075478    0.000000000
       1     135   -6.402034089    0.000000000
       1     136   -6.402033493    0.000000000
       1     137   -5.976307994    0.000000000
       1     138   -5.976308433    0.000000000
       1     139   -6.403457882    0.000000000
       1     140   -6.403455791    0.000000000
       1     141   -7.219842509    0.000000000
       1     142   -7.219842943    0.000000000
       1     143   -8.033466171    0.000000000
       1     144   -8.033466325    0.000000000
       1     145   -6.441127343    0.000000000
       1     146   -6.441097906   -0.000000000
       1     147  -11.794642107    0.000000000
       1     148  -11.794614465    0.000000000
       1     149   -5.966015420    0.000000000
       1     150   -5.966015367    0.000000000
       1     151   -8.311921315    0.000000000
       1     152   -8.311920409    0.000000000
       1     153   -6.049889699    0.000000000
       1     154   -6.049892065    0.000000000
       1     155   -7.883461378    0.000000000
       1     156   -7.883461520    0.000000000
       1     157   -5.821324743    0.000000000
       1     158   -5.821322538    0.000000000
       1     159   -4.924197834    0.000000000
       1     160   -4.924199944    0.000000000
       1     161   -5.367972765    0.000000000
       1     162   -5.367970089    0.000000000
       1     163   -7.002030836    0.000000000
       1     164   -7.002027271    0.000000000
       1     165   -6.459836583    0.000000000
       1     166   -6.459836786    0.000000000
       1     167   -6.242958838    0.000000000
       1     168   -6.242958594    0.000000000
       1     169   -6.160665238    0.000000000
       1     170   -6.160665032    0.000000000
       1     171   -5.732338356    0.000000000
       1     172   -5.732338672    0.000000000
       1     173   -9.383416753    0.000000000
       1     174   -9.383417012    0.000000000
       1     175   -8.087901340    0.000000000
       1     176   -8.087875226    0.000000000
       1     177   -8.141354799    0.000000000
       1     178   -8.141315194    0.000000000
       1     179   -9.996363030    0.000000000
       1     180   -9.996365647    0.000000000
       1     181   -6.237232837    0.000000000
       1     182   -6.237246808    0.000000000
       1     183   -8.596679180    0.000000000
       1     184   -8.596682711    0.000000000
       1     185   -7.657640272    0.000000000
       1     186   -7.657639510    0.000000000
       1     187   -6.271055367    0.000000000
       1     188   -6.271056356    0.000000000
       1     189   -9.281728639    0.000000000
       1     190   -9.281729542    0.000000000
       1     191   -7.055868856    0.000000000
       1     192   -7.055869078    0.000000000
       1     193   -8.386075725    0.000000000
       1     194   -8.386075506    0.000000000
       1     195   -7.495182064    0.000000000
       1     196   -7.495181991    0.000000000
       1     197   -8.689842168    0.000000000
       1     198   -8.689842745    0.000000000
       1     199   -6.172956501    0.000000000
       1     200   -6.172956163    0.000000000
       1     201   -9.987393306    0.000000000
       1     202   -9.987402958    0.000000000
       1     203   -7.190285295    0.000000000
       1     204   -7.190294137    0.000000000
       1     205  -10.145111495    0.000000000
       1     206  -10.146557984    0.000000000
       1     207   -7.159934354    0.000000000
       1     208   -7.161380404    0.000000000
       1     209   -9.795276251    0.000000000
       1     210   -9.795276442    0.000000000
  0.166666667  0.166666667  0.000000000     210       0
       1       1  -23.972791965    0.000000000
       1       2  -23.972792845    0.000000000
       1       3  -22.810068953    0.000000000
       1       4  -22.817065720    0.000000000
       1       5  -22.404514584    0.000000000
       1       6  -22.405947059    0.000000000
       1       7  -22.499453130    0.000000000
       1       8  -22.508579132    0.000000000
       1       9  -13.987002530   -0.000000000
       1      10  -13.995060028    0.000000000
       1      11  -14.123611265    0.000000000
       1      12  -14.123268954    0.000000000
       1      13  -13.738409460    0.000000000
       1      14  -13.781426473    0.000000000
       1      15  -13.279268462    0.000000000
       1      16  -13.343608962    0.000000000
       1      17  -14.000134217    0.000000000
       1      18  -13.941744655    0.000000000
       1      19  -14.643719227    0.000000000
       1      20  -14.593845476    0.000000000
       1      21  -14.441065503    0.000000000
       1      22  -14.440823805    0.000000000
       1      23  -13.670658198    0.000000000
       1      24  -13.627868093    0.000000000
       1      25  -16.017567497    0.000000000
       1      26  -16.033535012    0.000000000
       1      27  -15.518140605    0.000000000
       1      28  -15.448829679    0.000000000
       1      29  -17.010157262    0.000000000
       1      30  -16.944476710    0.000000000
       1      31  -16.245798610    0.000000000
       1      32  -16.202143094    0.000000000
       1      33  -16.642461293    0.000000000
       1      34  -16.626546367    0.000000000
       1      35  -12.907576004    0.000000000
       1      36  -12.910059813    0.000000000
       1      37  -10.211779301    0.000000000
       1      38  -10.218049471    0.000000000
       1      39   -9.756386931    0.000000000
       1      40   -9.717228842    0.000000000
       1      41  -12.607621002   -0.000000000
       1      42  -12.536114028    0.000000000
       1      43   -9.895948280    0.000000000
       1      44   -9.814072062    0.000000000
       1      45  -12.980789760    0.000000000
       1      46  -13.013096363    0.000000000
       1      47  -11.600188776    0.000000000
       1      48  -11.727338742    0.000000000
       1      49  -11.521745522    0.000000000
       1      50  -11.395457521    0.000000000
       1      51   -9.716271060    0.000000000
       1      52   -9.714996497   -0.000000000
       1      53  -11.153499159    0.000000000
       1      54  -11.295368185    0.000000000
       1      55  -12.427097942    0.000000000
       1      56  -12.422273941    0.000000000
       1      57  -10.785308447    0.000000000
       1      58  -10.673412130    0.000000000
       1      59  -12.337761152    0.000000000
       1      60  -12.338492078    0.000000000
       1      61   -7.722831940    0.000000000
       1      62   -7.632080685    0.000000000
       1      63   -8.017941947    0.000000000
       1      64   -7.958866294    0.000000000
       1      65   -7.601673169    0.000000000
       1      66   -7.600228733    0.000000000
       1      67   -8.123497270    0.000000000
       1      68   -8.110798094   -0.000000000
       1      69   -9.831268956    0.000000000
       1      70   -9.827823449    0.000000000
       1      71   -7.766904788    0.000000000
       1      72   -7.772757782    0.000000000
       1      73   -6.594973505    0.000000000
       1      74   -6.531580245    0.000000000
       1      75   -8.941203457    0.000000000
       1      76   -9.143161800    0.000000000
       1      77   -8.228843270   -0.000000000
       1      78   -8.232128432    0.000000000
       1      79  -10.526397298    0.000000000
       1      80  -10.566190947    0.000000000
       1      81   -9.895683811    0.000000000
       1      82   -9.811390557    0.000000000
       1      83   -9.788510885    0.000000000
       1      84   -9.830810564    0.000000000
       1      85   -9.603372563    0.000000000
       1      86   -9.750051375    0.000000000
       1      87   -7.941238221    0.000000000
       1      88   -8.130586396    0.000000000
       1      89   -6.635647127    0.000000000
       1      90   -6.627274233    0.000000000
       1      91   -8.533621890    0.000000000
       1      92   -8.582886303    0.000000000
       1      93  -10.227935255    0.000000000
       1      94  -10.303370091    0.000000000
       1      95  -10.051189796    0.000000000
       1      96  -10.069115007    0.000000000
       1      97   -7.639324458    0.000000000
       1      98   -7.563416996    0.000000000
       1      99   -8.327452926    0.000000000
       1     100   -8.356790023    0.000000000
       1     101   -6.718746235    0.000000000
       1     102   -6.627645889    0.000000000
       1     103   -6.262855286    0.000000000
       1     104   -6.274483295    0.000000000
       1     105   -6.106297326    0.000000000
       1     106   -5.924392658    0.000000000
       1     107   -6.282502540    0.000000000
       1     108   -6.446254394    0.000000000
       1     109   -6.745188156    0.000000000
       1     110   -6.739722296    0.000000000
       1     111   -8.741548826    0.000000000
       1     112   -8.734761331    0.000000000
       1     113   -9.598796468    0.000000000
       1     114   -9.710858541    0.000000000
       1     115   -8.660962835    0.000000000
       1     116   -8.691500706    0.000000000
       1     117   -7.632169383    0.000000000
       1     118   -7.342980354    0.000000000
       1     119   -6.568698165    0.000000000
       1     120   -6.520089975    0.000000000
       1     121   -8.274925190    0.000000000
       1     122   -8.250099885    0.000000000
       1     123   -8.260910984    0.000000000
       1     124   -8.418749070    0.000000000
       1     125   -8.556645630    0.000000000
       1     126   -8.546005648    0.000000000
       1     127   -7.965641654    0.000000000
       1     128   -7.964161682    0.000000000
       1     129   -6.505726480    0.000000000
       1     130   -6.536096960    0.000000000
       1     131   -8.445210707    0.000000000
       1     132   -8.457486606    0.000000000
       1     133   -7.711966430    0.000000000
       1     134   -7.718751510    0.000000000
       1     135   -8.683362846    0.000000000
       1     136   -8.668215745    0.000000000
       1     137   -7.125268240    0.000000000
       1     138   -7.081742761    0.000000000
       1     139   -8.119347071    0.000000000
       1     140   -8.114621419    0.000000000
       1     141   -7.147479224    0.000000000
       1     142   -7.151186450    0.000000000
       1     143   -6.528909785    0.000000000
       1     144   -6.454606843    0.000000000
       1     145   -5.169213594    0.000000000
       1     146   -5.347740435    0.000000000
       1     147   -6.496277851    0.000000000
       1     148   -6.731326280    0.000000000
       1     149   -5.491390500    0.000000000
       1     150   -5.335657645    0.000000000
       1     151   -7.756546324    0.000000000
       1     152   -7.931487707    0.000000000
       1     153   -5.719805447    0.000000000
       1     154   -5.720183644    0.000000000
       1     155   -8.228925434    0.000000000
       1     156   -8.299923846    0.000000000
       1     157   -6.974591198    0.000000000
       1     158   -6.977946738    0.000000000
       1     159   -8.210944339    0.000000000
       1     160   -8.190153012    0.000000000
       1     161  -10.419485376    0.000000000
       1     162  -10.348796623    0.000000000
       1     163   -6.595994927    0.000000000
       1     164   -6.756095493    0.000000000
       1     165   -7.382422484    0.000000000
       1     166   -7.424508033    0.000000000
       1     167   -7.758206575    0.000000000
       1     168   -7.662649102    0.000000000
       1     169   -8.248489753    0.000000000
       1     170   -8.240589326    0.000000000
       1     171   -7.908235314    0.000000000
       1     172   -7.919909985    0.000000000
       1     173   -8.274941556    0.000000000
       1     174   -8.228322944    0.000000000
       1     175   -9.432975502    0.000000000
       1     176   -9.370981839    0.000000000
       1     177  -10.055208982   -0.000000000
       1     178  -10.203919029    0.000000000
       1     179   -8.887771889    0.000000000
       1     180   -8.928542182    0.000000000
       1     181   -7.076229342    0.000000000
       1     182   -7.079038298    0.000000000
       1     183   -6.742347213    0.000000000
       1     184   -6.742182760    0.000000000
       1     185   -5.836761952    0.000000000
       1     186   -5.822360394    0.000000000
       1     187   -8.189554156    0.000000000
       1     188   -8.172701458    0.000000000
       1     189   -7.126292888    0.000000000
       1     190   -7.074629677    0.000000000
       1     191   -8.231787557    0.000000000
       1     192   -8.255734987   -0.000000000
       1     193   -8.264752693    0.000000000
       1     194   -8.231031820    0.000000000
       1     195   -4.750884460    0.000000000
       1     196   -4.698947698    0.000000000
       1     197   -6.639879122    0.000000000
       1     198   -6.711596440    0.000000000
       1     199   -6.412299081    0.000000000
       1     200   -6.395875683    0.000000000
       1     201   -7.524422354    0.000000000
       1     202   -7.657979696    0.000000000
       1     203   -6.931764799    0.000000000
       1     204   -6.924192814    0.000000000
       1     205   -4.253986323    0.000000000
       1     206   -4.204408596    0.000000000
       1     207   -9.328764443    0.000000000
       1     208   -9.347630908    0.000000000
       1     209   -8.487705660    0.000000000
       1     210   -8.397623330    0.000000000
  0.166666667  0.333333333  0.000000000     210       0
       1       1  -23.992280300    0.000000000
       1       2  -23.992282341    0.000000000
       1       3  -22.768180410    0.000000000
       1       4  -22.782786966    0.000000000
       1       5  -22.342373139    0.000000000
       1       6  -22.360917486    0.000000000
       1       7  -22.470808521    0.000000000
       1       8  -22.473536144    0.000000000
       1       9  -14.387934469   -0.000000000
       1      10  -14.412775743    0.000000000
       1      11  -14.372753772   -0.000000000
       1      12  -14.372214029    0.000000000
       1      13  -12.986810057    0.000000000
       1      14  -12.999011984    0.000000000
       1      15  -13.584232248    0.000000000
       1      16  -13.605237829    0.000000000
       1      17  -13.840817037    0.000000000
       1      18  -13.900134214    0.000000000
       1      19  -14.111485003    0.000000000
       1      20  -14.130160232    0.000000000
       1      21  -13.385261569    0.000000000
       1      22  -13.420215130    0.000000000
       1      23  -13.921371444    0.000000000
       1      24  -13.910401972    0.000000000
       1      25  -15.776440123    0.000000000
       1      26  -15.702340656    0.000000000
       1      27  -17.232676364    0.000000000
       1      28  -17.065070892    0.000000000
       1      29  -18.110293879    0.000000000
       1      30  -17.908930926    0.000000000
       1      31  -15.888959119    0.000000000
       1      32  -15.922036233    0.000000000
       1      33  -16.559589817    0.000000000
       1      34  -16.579387844    0.000000000
       1      35  -12.131185308    0.000000000
       1      36  -12.059536453    0.000000000
       1      37  -11.328730620    0.000000000
       1      38  -11.224091870    0.000000000
       1      39  -11.270735585    0.000000000
       1      40  -11.337047016    0.000000000
       1      41  -11.470445138    0.000000000
       1      42  -11.577803180    0.000000000
       1      43  -10.797519011    0.000000000
       1      44  -10.806087978    0.000000000
       1      45  -12.275187766    0.000000000
       1      46  -12.253750279   -0.000000000
       1      47  -10.007283495    0.000000000
       1      48  -10.003610693    0.000000000
       1      49  -11.577898518    0.000000000
       1      50  -11.578801702    0.000000000
       1      51  -10.590309057    0.000000000
       1      52  -10.614054949    0.000000000
       1      53  -11.441656658    0.000000000
       1      54  -11.425864272    0.000000000
       1      55   -9.571143501    0.000000000
       1      56   -9.647143649    0.000000000
       1      57   -9.253783555    0.000000000
       1      58   -9.362162957    0.000000000
       1      59   -8.669973127    0.000000000
       1      60   -8.687386391    0.000000000
       1      61   -9.411705405    0.000000000
       1      62   -9.465816726   -0.000000000
       1      63   -9.886119628    0.000000000
       1      64   -9.881197627    0.000000000
       1      65   -9.532256403    0.000000000
       1      66   -9.471615223    0.000000000
       1      67   -9.874356244    0.000000000
       1      68   -9.947514804    0.000000000
       1      69   -9.484481207    0.000000000
       1      70   -9.453844477    0.000000000
       1      71  -10.170511981    0.000000000
       1      72  -10.234919655    0.000000000
       1      73   -9.797073623    0.000000000
       1      74   -9.758826374    0.000000000
       1      75   -8.039659361    0.000000000
       1      76   -7.973797215    0.000000000
       1      77   -7.114136709    0.000000000
       1      78   -7.104653401    0.000000000
       1      79   -8.446884153    0.000000000
       1      80   -8.416490135    0.000000000
       1      81   -7.840999252    0.000000000
       1      82   -7.829376971    0.000000000
       1      83   -8.353151784    0.000000000
       1      84   -8.340013660    0.000000000
       1      85   -6.438147306    0.000000000
       1      86   -6.429346381    0.000000000
       1      87   -9.651817918    0.000000000
       1      88   -9.673644258    0.000000000
       1      89  -10.013942997    0.000000000
       1      90   -9.992377073    0.000000000
       1      91   -7.843204830    0.000000000
       1      92   -7.820263285    0.000000000
       1      93   -7.537628283    0.000000000
       1      94   -7.593019396    0.000000000
       1      95   -8.818851458    0.000000000
       1      96   -8.788495451    0.000000000
       1      97   -9.768705563    0.000000000
       1      98   -9.768314207   -0.000000000
       1      99   -8.237307406    0.000000000
       1     100   -8.237194779    0.000000000
       1     101   -6.185212981    0.000000000
       1     102   -6.192366333    0.000000000
       1     103   -6.219944710    0.000000000
       1     104   -6.222971795    0.000000000
       1     105   -7.862103152    0.000000000
       1     106   -7.873874229    0.000000000
       1     107   -7.934103543    0.000000000
       1     108   -7.936821427    0.000000000
       1     109   -9.083639406    0.000000000
       1     110   -9.044518300    0.000000000
       1     111   -8.866939324    0.000000000
       1     112   -8.816124637    0.000000000
       1     113   -6.285640189    0.000000000
       1     114   -6.287817165    0.000000000
       1     115   -7.920001023    0.000000000
       1     116   -7.925475747    0.000000000
       1     117   -9.230780707    0.000000000
       1     118   -9.302158753    0.000000000
       1     119   -7.204341022    0.000000000
       1     120   -7.199104805    0.000000000
       1     121   -8.512946966    0.000000000
       1     122   -8.508900605    0.000000000
       1     123   -9.727784541    0.000000000
       1     124   -9.785130950    0.000000000
       1     125   -9.133357815    0.000000000
       1     126   -9.139738826    0.000000000
       1     127   -7.431451848    0.000000000
       1     128   -7.425099841    0.000000000
       1     129   -9.455392872    0.000000000
       1     130   -9.446482595    0.000000000
       1     131   -7.300722535    0.000000000
       1     132   -7.283129285    0.000000000
       1     133   -7.613265881    0.000000000
       1     134   -7.609794272    0.000000000
       1     135   -9.992126189    0.000000000
       1     136  -10.063277977    0.000000000
       1     137   -9.523233041    0.000000000
       1     138   -9.532813085    0.000000000
       1     139   -6.522369974    0.000000000
       1     140   -6.516516015    0.000000000
       1     141   -6.540727072    0.000000000
       1     142   -6.508487196    0.000000000
       1     143   -7.968927955    0.000000000
       1     144   -7.973369050    0.000000000
       1     145   -6.900055328    0.000000000
       1     146   -6.891076513    0.000000000
       1     147   -7.847298693    0.000000000
       1     148   -7.880782811    0.000000000
       1     149   -7.444949844    0.000000000
       1     150   -7.439893751    0.000000000
       1     151   -7.977019368    0.000000000
       1     152   -7.991712855    0.000000000
       1     153   -8.732074700    0.000000000
       1     154   -8.754511423    0.000000000
       1     155   -8.945436444    0.000000000
       1     156   -8.941440537    0.000000000
       1     157   -7.785032280    0.000000000
       1     158   -7.776477450    0.000000000
       1     159   -7.652535408    0.000000000
       1     160   -7.672258219    0.000000000
       1     161   -9.563795868    0.000000000
       1     162   -9.603207188    0.000000000
       1     163   -7.358070464    0.000000000
       1     164   -7.354859179    0.000000000
       1     165   -7.032684084    0.000000000
       1     166   -7.058609321    0.000000000
       1     167   -7.368759834    0.000000000
       1     168   -7.360786455    0.000000000
       1     169   -5.537179787    0.000000000
       1     170   -5.569753514    0.000000000
       1     171   -7.548068970   -0.000000000
       1     172   -7.555435387    0.000000000
       1     173   -6.522418728    0.000000000
       1     174   -6.517389300    0.000000000
       1     175   -6.649170156    0.000000000
       1     176   -6.649675748    0.000000000
       1     177   -6.173829290    0.000000000
       1     178   -6.183581673    0.000000000
       1     179   -6.067136245    0.000000000
       1     180   -6.063756169    0.000000000
       1     181   -8.180131847    0.000000000
       1     182   -8.160751866    0.000000000
       1     183   -6.348981262   -0.000000000
       1     184   -6.366891614    0.000000000
       1     185   -7.934290777    0.000000000
       1     186   -7.953835307   -0.000000000
       1     187   -5.631348090    0.000000000
       1     188   -5.649280659    0.000000000
       1     189   -8.157631976    0.000000000
       1     190   -8.219844312    0.000000000
       1     191   -8.490008715    0.000000000
       1     192   -8.510126658    0.000000000
       1     193   -7.483079800    0.000000000
       1     194   -7.479764129    0.000000000
       1     195   -8.080042962    0.000000000
       1     196   -8.077815453   -0.000000000
       1     197   -8.386153914    0.000000000
       1     198   -8.368298402    0.000000000
       1     199   -7.762920030    0.000000000
       1     200   -7.778209917    0.000000000
       1     201   -7.225384577    0.000000000
       1     202   -7.243445379    0.000000000
       1     203   -6.008569365    0.000000000
       1     204   -6.020134586    0.000000000
       1     205   -6.037735626    0.000000000
       1     206   -6.046606722    0.000000000
       1     207   -6.846552016    0.000000000
       1     208   -6.832648897    0.000000000
       1     209   -6.704479936    0.000000000
       1     210   -6.461016592    0.000000000
  0.166666667  0.500000000  0.000000000     210       0
       1       1  -23.992280333    0.000000000
       1       2  -23.992282374    0.000000000
       1       3  -22.768180350    0.000000000
       1       4  -22.782786872    0.000000000
       1       5  -22.342373031    0.000000000
       1       6  -22.360917366    0.000000000
       1       7  -22.470808466    0.000000000
       1       8  -22.473536056    0.000000000
       1       9  -14.387935292    0.000000000
       1      10  -14.412776604    0.000000000
       1      11  -14.372754349    0.000000000
       1      12  -14.372214595    0.000000000
       1      13  -12.986807226    0.000000000
       1      14  -12.999009494    0.000000000
       1      15  -13.584231990    0.000000000
       1      16  -13.605237528    0.000000000
       1      17  -13.840818063    0.000000000
       1      18  -13.900135408    0.000000000
       1      19  -14.111484366    0.000000000
       1      20  -14.130159611    0.000000000
       1      21  -13.385267790    0.000000000
       1      22  -13.420221620    0.000000000
       1      23  -13.921376157    0.000000000
       1      24  -13.910406649    0.000000000
       1      25  -15.776434670    0.000000000
       1      26  -15.702335796    0.000000000
       1      27  -17.232646311    0.000000000
       1      28  -17.065042189    0.000000000
       1      29  -18.110332626    0.000000000
       1      30  -17.908971040   -0.000000000
       1      31  -15.888957380    0.000000000
       1      32  -15.922034901    0.000000000
       1      33  -16.559579129    0.000000000
       1      34  -16.579378138    0.000000000
       1      35  -12.131185572    0.000000000
       1      36  -12.059536175    0.000000000
       1      37  -11.328735770    0.000000000
       1      38  -11.224094061    0.000000000
       1      39  -11.270730685    0.000000000
       1      40  -11.337048563    0.000000000
       1      41  -11.470414356    0.000000000
       1      42  -11.577770142    0.000000000
       1      43  -10.797552390    0.000000000
       1      44  -10.806120123    0.000000000
       1      45  -12.275179767    0.000000000
       1      46  -12.253742260    0.000000000
       1      47  -10.007289012    0.000000000
       1      48  -10.003616413    0.000000000
       1      49  -11.577906851    0.000000000
       1      50  -11.578809899    0.000000000
       1      51  -10.590319438    0.000000000
       1      52  -10.614065208    0.000000000
       1      53  -11.441623243    0.000000000
       1      54  -11.425830567    0.000000000
       1      55   -9.571141423    0.000000000
       1      56   -9.647140996    0.000000000
       1      57   -9.253765817    0.000000000
       1      58   -9.362142913    0.000000000
       1      59   -8.669950452    0.000000000
       1      60   -8.687354402    0.000000000
       1      61   -9.411699646    0.000000000
       1      62   -9.465800705    0.000000000
       1      63   -9.886152293    0.000000000
       1      64   -9.881230132    0.000000000
       1      65   -9.532261171    0.000000000
       1      66   -9.471618210    0.000000000
       1      67   -9.874378926    0.000000000
       1      68   -9.947536235    0.000000000
       1      69   -9.484420416    0.000000000
       1      70   -9.453783981    0.000000000
       1      71  -10.170574550    0.000000000
       1      72  -10.234981775    0.000000000
       1      73   -9.797018641    0.000000000
       1      74   -9.758762844    0.000000000
       1      75   -8.039767503    0.000000000
       1      76   -7.973897238    0.000000000
       1      77   -7.114134828    0.000000000
       1      78   -7.104651175    0.000000000
       1      79   -8.446860762    0.000000000
       1      80   -8.416465031    0.000000000
       1      81   -7.840998952    0.000000000
       1      82   -7.829377230    0.000000000
       1      83   -8.353165022    0.000000000
       1      84   -8.340025864    0.000000000
       1      85   -6.438140298    0.000000000
       1      86   -6.429340031    0.000000000
       1      87   -9.651813016    0.000000000
       1      88   -9.673640088    0.000000000
       1      89  -10.013983085    0.000000000
       1      90   -9.992417702    0.000000000
       1      91   -7.843216489    0.000000000
       1      92   -7.820274985    0.000000000
       1      93   -7.537584488    0.000000000
       1      94   -7.592975521    0.000000000
       1      95   -8.818874696    0.000000000
       1      96   -8.788522775    0.000000000
       1      97   -9.768736375    0.000000000
       1      98   -9.768344071    0.000000000
       1      99   -8.237259243    0.000000000
       1     100   -8.237147408    0.000000000
       1     101   -6.185187191    0.000000000
       1     102   -6.192340757    0.000000000
       1     103   -6.219928276    0.000000000
       1     104   -6.222954703    0.000000000
       1     105   -7.862051597    0.000000000
       1     106   -7.873819649    0.000000000
       1     107   -7.934091787    0.000000000
       1     108   -7.936808577    0.000000000
       1     109   -9.083656929    0.000000000
       1     110   -9.044534905    0.000000000
       1     111   -8.866936408    0.000000000
       1     112   -8.816126368    0.000000000
       1     113   -6.285636177    0.000000000
       1     114   -6.287815182    0.000000000
       1     115   -7.920093441    0.000000000
       1     116   -7.925561006    0.000000000
       1     117   -9.230734975    0.000000000
       1     118   -9.302121616    0.000000000
       1     119   -7.204400663    0.000000000
       1     120   -7.199165512    0.000000000
       1     121   -8.512894161    0.000000000
       1     122   -8.508848861    0.000000000
       1     123   -9.727785746    0.000000000
       1     124   -9.785128398    0.000000000
       1     125   -9.133323618    0.000000000
       1     126   -9.139704603    0.000000000
       1     127   -7.431462141    0.000000000
       1     128   -7.425110599    0.000000000
       1     129   -9.455473180    0.000000000
       1     130   -9.446563597    0.000000000
       1     131   -7.300747412    0.000000000
       1     132   -7.283155130    0.000000000
       1     133   -7.613247809    0.000000000
       1     134   -7.609775431    0.000000000
       1     135   -9.992141904    0.000000000
       1     136  -10.063298711    0.000000000
       1     137   -9.523223381    0.000000000
       1     138   -9.532803190    0.000000000
       1     139   -6.522361349    0.000000000
       1     140   -6.516504086    0.000000000
       1     141   -6.540703075    0.000000000
       1     142   -6.508462636    0.000000000
       1     143   -7.968913142    0.000000000
       1     144   -7.973353947    0.000000000
       1     145   -6.900106534    0.000000000
       1     146   -6.891127459    0.000000000
       1     147   -7.847295645    0.000000000
       1     148   -7.880777693    0.000000000
       1     149   -7.444896664    0.000000000
       1     150   -7.439841490    0.000000000
       1     151   -7.977098996    0.000000000
       1     152   -7.991793827    0.000000000
       1     153   -8.731985521    0.000000000
       1     154   -8.754422122    0.000000000
       1     155   -8.945478000    0.000000000
       1     156   -8.941481671    0.000000000
       1     157   -7.785010040    0.000000000
       1     158   -7.776455513    0.000000000
       1     159   -7.652573676    0.000000000
       1     160   -7.672299841    0.000000000
       1     161   -9.563814607    0.000000000
       1     162   -9.603226597    0.000000000
       1     163   -7.358074344    0.000000000
       1     164   -7.354864214    0.000000000
       1     165   -7.032639778    0.000000000
       1     166   -7.058564759    0.000000000
       1     167   -7.368745254    0.000000000
       1     168   -7.360772217    0.000000000
       1     169   -5.537092868    0.000000000
       1     170   -5.569668561    0.000000000
       1     171   -7.548096703    0.000000000
       1     172   -7.555463177    0.000000000
       1     173   -6.522466416    0.000000000
       1     174   -6.517439394    0.000000000
       1     175   -6.649091582    0.000000000
       1     176   -6.649597038    0.000000000
       1     177   -6.173826527    0.000000000
       1     178   -6.183579424    0.000000000
       1     179   -6.067160317    0.000000000
       1     180   -6.063780734    0.000000000
       1     181   -8.180126913    0.000000000
       1     182   -8.160744650    0.000000000
       1     183   -6.348978680    0.000000000
       1     184   -6.366884232    0.000000000
       1     185   -7.934263479    0.000000000
       1     186   -7.953807613    0.000000000
       1     187   -5.631405443    0.000000000
       1     188   -5.649327764    0.000000000
       1     189   -8.157739606    0.000000000
       1     190   -8.219943761    0.000000000
       1     191   -8.489988696    0.000000000
       1     192   -8.510115978    0.000000000
       1     193   -7.483080828    0.000000000
       1     194   -7.479765318    0.000000000
       1     195   -8.079939273    0.000000000
       1     196   -8.077715391    0.000000000
       1     197   -8.386201721    0.000000000
       1     198   -8.368345597    0.000000000
       1     199   -7.762851549    0.000000000
       1     200   -7.778142964    0.000000000
       1     201   -7.225555645    0.000000000
       1     202   -7.243617899    0.000000000
       1     203   -6.008527299    0.000000000
       1     204   -6.020092635    0.000000000
       1     205   -6.037770364    0.000000000
       1     206   -6.046641930    0.000000000
       1     207   -6.846599547    0.000000000
       1     208   -6.832702938    0.000000000
       1     209   -6.704775724    0.000000000
       1     210   -6.461348949    0.000000000
  0.166666667  0.666666667  0.000000000     210       0
       1       1  -23.972792036    0.000000000
       1       2  -23.972792916    0.000000000
       1       3  -22.810068912    0.000000000
       1       4  -22.817065612    0.000000000
       1       5  -22.404514918    0.000000000
       1       6  -22.405947373    0.000000000
       1       7  -22.499452327    0.000000000
       1       8  -22.508578260    0.000000000
       1       9  -13.987003251    0.000000000
       1      10  -13.995060773    0.000000000
       1      11  -14.123611499    0.000000000
       1      12  -14.123269181    0.000000000
       1      13  -13.738408363    0.000000000
       1      14  -13.781425072    0.000000000
       1      15  -13.279269534    0.000000000
       1      16  -13.343614505    0.000000000
       1      17  -14.000149290    0.000000000
       1      18  -13.941758416    0.000000000
       1      19  -14.643705466    0.000000000
       1      20  -14.593834601    0.000000000
       1      21  -14.441070590    0.000000000
       1      22  -14.440829500    0.000000000
       1      23  -13.670658369    0.000000000
       1      24  -13.627870977    0.000000000
       1      25  -16.017561059    0.000000000
       1      26  -16.033526953    0.000000000
       1      27  -15.518142503    0.000000000
       1      28  -15.448832461    0.000000000
       1      29  -17.010151274    0.000000000
       1      30  -16.944470217    0.000000000
       1      31  -16.245793296    0.000000000
       1      32  -16.202136387    0.000000000
       1      33  -16.642457550    0.000000000
       1      34  -16.626542901    0.000000000
       1      35  -12.907569486    0.000000000
       1      36  -12.910051545    0.000000000
       1      37  -10.211775549    0.000000000
       1      38  -10.218045579    0.000000000
       1      39   -9.756423136    0.000000000
       1      40   -9.717268955    0.000000000
       1      41  -12.607590550    0.000000000
       1      42  -12.536084554    0.000000000
       1      43   -9.895949156    0.000000000
       1      44   -9.814081510    0.000000000
       1      45  -12.980793097    0.000000000
       1      46  -13.013097621    0.000000000
       1      47  -11.600229396    0.000000000
       1      48  -11.727328715    0.000000000
       1      49  -11.521704861    0.000000000
       1      50  -11.395467979    0.000000000
       1      51   -9.716274005    0.000000000
       1      52   -9.714999232    0.000000000
       1      53  -11.153500264    0.000000000
       1      54  -11.295369811    0.000000000
       1      55  -12.427102968    0.000000000
       1      56  -12.422279122    0.000000000
       1      57  -10.785308829    0.000000000
       1      58  -10.673412281    0.000000000
       1      59  -12.337746560    0.000000000
       1      60  -12.338477439    0.000000000
       1      61   -7.722830120    0.000000000
       1      62   -7.632075376    0.000000000
       1      63   -8.017937243    0.000000000
       1      64   -7.958858213    0.000000000
       1      65   -7.601651722    0.000000000
       1      66   -7.600207236    0.000000000
       1      67   -8.123501962    0.000000000
       1      68   -8.110802641    0.000000000
       1      69   -9.831268687    0.000000000
       1      70   -9.827823084    0.000000000
       1      71   -7.766902898    0.000000000
       1      72   -7.772755712    0.000000000
       1      73   -6.595010212    0.000000000
       1      74   -6.531615436    0.000000000
       1      75   -8.941178457    0.000000000
       1      76   -9.143139592    0.000000000
       1      77   -8.228865376    0.000000000
       1      78   -8.232150807    0.000000000
       1      79  -10.526396198    0.000000000
       1      80  -10.566206128    0.000000000
       1      81   -9.895597950    0.000000000
       1      82   -9.811218431    0.000000000
       1      83   -9.788699889    0.000000000
       1      84   -9.830899482    0.000000000
       1      85   -9.603302477    0.000000000
       1      86   -9.749982460    0.000000000
       1      87   -7.941191398    0.000000000
       1      88   -8.130547050    0.000000000
       1      89   -6.635603838    0.000000000
       1      90   -6.627231130    0.000000000
       1      91   -8.533666682    0.000000000
       1      92   -8.582929084    0.000000000
       1      93  -10.227986900    0.000000000
       1      94  -10.303424327    0.000000000
       1      95  -10.051221092    0.000000000
       1      96  -10.069144595    0.000000000
       1      97   -7.639356367    0.000000000
       1      98   -7.563438870    0.000000000
       1      99   -8.327440283    0.000000000
       1     100   -8.356787096    0.000000000
       1     101   -6.718804079    0.000000000
       1     102   -6.627707054    0.000000000
       1     103   -6.262832352    0.000000000
       1     104   -6.274516052    0.000000000
       1     105   -6.106387265    0.000000000
       1     106   -5.924427418    0.000000000
       1     107   -6.282404720    0.000000000
       1     108   -6.446159309    0.000000000
       1     109   -6.745312361    0.000000000
       1     110   -6.739853252    0.000000000
       1     111   -8.741436355    0.000000000
       1     112   -8.734655622    0.000000000
       1     113   -9.598799881    0.000000000
       1     114   -9.710864090    0.000000000
       1     115   -8.660942926    0.000000000
       1     116   -8.691482430    0.000000000
       1     117   -7.632195785    0.000000000
       1     118   -7.343006860    0.000000000
       1     119   -6.568706877    0.000000000
       1     120   -6.520097077    0.000000000
       1     121   -8.274900960    0.000000000
       1     122   -8.250102797    0.000000000
       1     123   -8.260927881   -0.000000000
       1     124   -8.418737827    0.000000000
       1     125   -8.556595818    0.000000000
       1     126   -8.545954641    0.000000000
       1     127   -7.965652064    0.000000000
       1     128   -7.964174531    0.000000000
       1     129   -6.505721393    0.000000000
       1     130   -6.536091573    0.000000000
       1     131   -8.445324282    0.000000000
       1     132   -8.457613483    0.000000000
       1     133   -7.711897225    0.000000000
       1     134   -7.718688414    0.000000000
       1     135   -8.683376236    0.000000000
       1     136   -8.668228400    0.000000000
       1     137   -7.125187336    0.000000000
       1     138   -7.081669404    0.000000000
       1     139   -8.119351838    0.000000000
       1     140   -8.114627312    0.000000000
       1     141   -7.147441362    0.000000000
       1     142   -7.151149320    0.000000000
       1     143   -6.528895777    0.000000000
       1     144   -6.454541299    0.000000000
       1     145   -5.169187919    0.000000000
       1     146   -5.347651672    0.000000000
       1     147   -6.496255833    0.000000000
       1     148   -6.731285802    0.000000000
       1     149   -5.491516768    0.000000000
       1     150   -5.335771937    0.000000000
       1     151   -7.756564579    0.000000000
       1     152   -7.931516168    0.000000000
       1     153   -5.719774927    0.000000000
       1     154   -5.720153591    0.000000000
       1     155   -8.228895964    0.000000000
       1     156   -8.299890548    0.000000000
       1     157   -6.974610125    0.000000000
       1     158   -6.977965641    0.000000000
       1     159   -8.210910806    0.000000000
       1     160   -8.190117655    0.000000000
       1     161  -10.419521415    0.000000000
       1     162  -10.348832103    0.000000000
       1     163   -6.596002893    0.000000000
       1     164   -6.756085931    0.000000000
       1     165   -7.382438347    0.000000000
       1     166   -7.424522997    0.000000000
       1     167   -7.758181858    0.000000000
       1     168   -7.662642986    0.000000000
       1     169   -8.248553476    0.000000000
       1     170   -8.240653720    0.000000000
       1     171   -7.908217358    0.000000000
       1     172   -7.919892575    0.000000000
       1     173   -8.275211456    0.000000000
       1     174   -8.228601153    0.000000000
       1     175   -9.432650103    0.000000000
       1     176   -9.370663413    0.000000000
       1     177  -10.055277587    0.000000000
       1     178  -10.203979638    0.000000000
       1     179   -8.887739169    0.000000000
       1     180   -8.928505256    0.000000000
       1     181   -7.076263775    0.000000000
       1     182   -7.079073333    0.000000000
       1     183   -6.742330825    0.000000000
       1     184   -6.742165281    0.000000000
       1     185   -5.836766017    0.000000000
       1     186   -5.822365033    0.000000000
       1     187   -8.189557568    0.000000000
       1     188   -8.172705802    0.000000000
       1     189   -7.126406787    0.000000000
       1     190   -7.074747543    0.000000000
       1     191   -8.231705882    0.000000000
       1     192   -8.255642333    0.000000000
       1     193   -8.264876404    0.000000000
       1     194   -8.231165393    0.000000000
       1     195   -4.750896467    0.000000000
       1     196   -4.698962512    0.000000000
       1     197   -6.639883677    0.000000000
       1     198   -6.711606828    0.000000000
       1     199   -6.412406286    0.000000000
       1     200   -6.395990667    0.000000000
       1     201   -7.524392353    0.000000000
       1     202   -7.657948772    0.000000000
       1     203   -6.931729289    0.000000000
       1     204   -6.924157273    0.000000000
       1     205   -4.254029407    0.000000000
       1     206   -4.204448744    0.000000000
       1     207   -9.328777304    0.000000000
       1     208   -9.347649020    0.000000000
       1     209   -8.487660017    0.000000000
       1     210   -8.397526148    0.000000000
  0.166666667  0.833333333  0.000000000     210       0
       1       1  -23.958204699    0.000000000
       1       2  -23.958204699    0.000000000
       1       3  -22.849259519    0.000000000
       1       4  -22.849259547    0.000000000
       1       5  -22.440714197    0.000000000
       1       6  -22.440714219    0.000000000
       1       7  -22.565859522    0.000000000
       1       8  -22.565859586    0.000000000
       1       9  -13.726216570   -0.000000000
       1      10  -13.726216584    0.000000000
       1      11  -13.948936786    0.000000000
       1      12  -13.948936784    0.000000000
       1      13  -13.195055247    0.000000000
       1      14  -13.195055261    0.000000000
       1      15  -14.522263493    0.000000000
       1      16  -14.522263182    0.000000000
       1      17  -14.253479276    0.000000000
       1      18  -14.253479127    0.000000000
       1      19  -15.568699099    0.000000000
       1      20  -15.568698689    0.000000000
       1      21  -15.716149896    0.000000000
       1      22  -15.716149727    0.000000000
       1      23  -13.398661649    0.000000000
       1      24  -13.398661629    0.000000000
       1      25  -15.754388383    0.000000000
       1      26  -15.754388429    0.000000000
       1      27  -15.304321017    0.000000000
       1      28  -15.304320830    0.000000000
       1      29  -15.855554752    0.000000000
       1      30  -15.855556064    0.000000000
       1      31  -15.935719068    0.000000000
       1      32  -15.935720622    0.000000000
       1      33  -16.148473302    0.000000000
       1      34  -16.148473366    0.000000000
       1      35  -11.948205310    0.000000000
       1      36  -11.948205223    0.000000000
       1      37  -10.550780147    0.000000000
       1      38  -10.550780168    0.000000000
       1      39   -9.912982505    0.000000000
       1      40   -9.912982433    0.000000000
       1      41  -10.372338823    0.000000000
       1      42  -10.372338858    0.000000000
       1      43   -9.210548147    0.000000000
       1      44   -9.210548142    0.000000000
       1      45  -10.903014705    0.000000000
       1      46  -10.903014740    0.000000000
       1      47  -12.525746856    0.000000000
       1      48  -12.525746931    0.000000000
       1      49  -12.616420106    0.000000000
       1      50  -12.616420096    0.000000000
       1      51  -12.037635934    0.000000000
       1      52  -12.037635935    0.000000000
       1      53  -11.851480155    0.000000000
       1      54  -11.851480149    0.000000000
       1      55  -13.315440832    0.000000000
       1      56  -13.315443627    0.000000000
       1      57  -11.512788576    0.000000000
       1      58  -11.512791474    0.000000000
       1      59  -13.452951299    0.000000000
       1      60  -13.452951305    0.000000000
       1      61   -7.594094280    0.000000000
       1      62   -7.594094100    0.000000000
       1      63   -9.943669818    0.000000000
       1      64   -9.943669846    0.000000000
       1      65   -5.939809717    0.000000000
       1      66   -5.939808965    0.000000000
       1      67   -7.271472938    0.000000000
       1      68   -7.271472355    0.000000000
       1      69   -6.440577494    0.000000000
       1      70   -6.440577905    0.000000000
       1      71   -8.201396246    0.000000000
       1      72   -8.201395945    0.000000000
       1      73  -10.110654172    0.000000000
       1      74  -10.110654894    0.000000000
       1      75   -9.610757842    0.000000000
       1      76   -9.610757233    0.000000000
       1      77   -8.835409073    0.000000000
       1      78   -8.835392331    0.000000000
       1      79  -11.485790516    0.000000000
       1      80  -11.485774767    0.000000000
       1      81   -8.787978458    0.000000000
       1      82   -8.787978984    0.000000000
       1      83   -7.351862287    0.000000000
       1      84   -7.351862423    0.000000000
       1      85   -6.706203090    0.000000000
       1      86   -6.706203112    0.000000000
       1      87   -5.184433044    0.000000000
       1      88   -5.184433043    0.000000000
       1      89   -8.067988647   -0.000000000
       1      90   -8.067987713    0.000000000
       1      91   -8.069131546    0.000000000
       1      92   -8.069132304    0.000000000
       1      93   -9.061790839    0.000000000
       1      94   -9.061790781    0.000000000
       1      95   -8.777683315    0.000000000
       1      96   -8.777688199    0.000000000
       1      97   -7.937367865    0.000000000
       1      98   -7.937372798    0.000000000
       1      99   -9.376251451    0.000000000
       1     100   -9.376250528    0.000000000
       1     101   -8.440839350    0.000000000
       1     102   -8.440838300    0.000000000
       1     103   -6.848905761    0.000000000
       1     104   -6.848905781    0.000000000
       1     105   -9.152861989    0.000000000
       1     106   -9.152868619    0.000000000
       1     107  -10.782373341    0.000000000
       1     108  -10.782373018    0.000000000
       1     109   -8.085063485    0.000000000
       1     110   -8.085070960    0.000000000
       1     111   -7.218227399    0.000000000
       1     112   -7.218227291    0.000000000
       1     113   -5.426451199    0.000000000
       1     114   -5.426409207    0.000000000
       1     115  -11.987315268    0.000000000
       1     116  -11.987264515    0.000000000
       1     117   -7.815286314    0.000000000
       1     118   -7.815293108    0.000000000
       1     119   -8.504787766    0.000000000
       1     120   -8.504787949    0.000000000
       1     121   -6.631871460    0.000000000
       1     122   -6.631874175    0.000000000
       1     123   -6.054232279    0.000000000
       1     124   -6.054231246    0.000000000
       1     125   -7.683013587    0.000000000
       1     126   -7.683012722    0.000000000
       1     127   -8.274348758    0.000000000
       1     128   -8.274349228    0.000000000
       1     129   -5.389029871    0.000000000
       1     130   -5.389031366    0.000000000
       1     131   -5.520345757    0.000000000
       1     132   -5.520345805    0.000000000
       1     133   -5.512053922    0.000000000
       1     134   -5.512053997    0.000000000
       1     135   -6.402034136    0.000000000
       1     136   -6.402033644    0.000000000
       1     137   -5.976312918    0.000000000
       1     138   -5.976312674    0.000000000
       1     139   -6.403496684    0.000000000
       1     140   -6.403496419    0.000000000
       1     141   -7.219991685    0.000000000
       1     142   -7.219992307    0.000000000
       1     143   -8.033343263    0.000000000
       1     144   -8.033343022    0.000000000
       1     145   -6.441143244    0.000000000
       1     146   -6.441054615    0.000000000
       1     147  -11.794605547    0.000000000
       1     148  -11.794520843    0.000000000
       1     149   -5.966065259    0.000000000
       1     150   -5.966066236    0.000000000
       1     151   -8.311889741    0.000000000
       1     152   -8.311889465    0.000000000
       1     153   -6.049866958    0.000000000
       1     154   -6.049869273    0.000000000
       1     155   -7.883398691    0.000000000
       1     156   -7.883399015    0.000000000
       1     157   -5.821355685    0.000000000
       1     158   -5.821355354    0.000000000
       1     159   -4.924277103    0.000000000
       1     160   -4.924276429    0.000000000
       1     161   -5.367965374    0.000000000
       1     162   -5.367949813    0.000000000
       1     163   -7.002070603    0.000000000
       1     164   -7.002055035    0.000000000
       1     165   -6.459842278    0.000000000
       1     166   -6.459842358    0.000000000
       1     167   -6.242986719    0.000000000
       1     168   -6.242986171    0.000000000
       1     169   -6.160721995    0.000000000
       1     170   -6.160721744    0.000000000
       1     171   -5.732326307    0.000000000
       1     172   -5.732325513    0.000000000
       1     173   -9.383604664    0.000000000
       1     174   -9.383605698    0.000000000
       1     175   -8.087767332    0.000000000
       1     176   -8.087757967    0.000000000
       1     177   -8.141331652   -0.000000000
       1     178   -8.141349789    0.000000000
       1     179   -9.996156546    0.000000000
       1     180   -9.996157837    0.000000000
       1     181   -6.237397361    0.000000000
       1     182   -6.237406316    0.000000000
       1     183   -8.596616738    0.000000000
       1     184   -8.596617890    0.000000000
       1     185   -7.657668918    0.000000000
       1     186   -7.657670319    0.000000000
       1     187   -6.271037687    0.000000000
       1     188   -6.271038071    0.000000000
       1     189   -9.281670033    0.000000000
       1     190   -9.281669669    0.000000000
       1     191   -7.055897531    0.000000000
       1     192   -7.055897730    0.000000000
       1     193   -8.386030534    0.000000000
       1     194   -8.386029901    0.000000000
       1     195   -7.495231279    0.000000000
       1     196   -7.495232230    0.000000000
       1     197   -8.689822846    0.000000000
       1     198   -8.689821021   -0.000000000
       1     199   -6.173020646    0.000000000
       1     200   -6.173020640    0.000000000
       1     201   -9.987396627    0.000000000
       1     202   -9.987456137    0.000000000
       1     203   -7.190234317    0.000000000
       1     204   -7.190292680    0.000000000
       1     205  -10.145457637    0.000000000
       1     206  -10.146073627    0.000000000
       1     207   -7.160387904    0.000000000
       1     208   -7.161003261    0.000000000
       1     209   -9.795283433    0.000000000
       1     210   -9.795282537    0.000000000
  0.333333333  0.000000000  0.000000000     210       0
       1       1  -23.987934540    0.000000000
       1       2  -23.987934540    0.000000000
       1       3  -22.801103813    0.000000000
       1       4  -22.801103820    0.000000000
       1       5  -22.375824431    0.000000000
       1       6  -22.375824433    0.000000000
       1       7  -22.512909025    0.000000000
       1       8  -22.512909027    0.000000000
       1       9  -14.110429948    0.000000000
       1      10  -14.110429979    0.000000000
       1      11  -14.195963913    0.000000000
       1      12  -14.195963909    0.000000000
       1      13  -13.522077313    0.000000000
       1      14  -13.522077396    0.000000000
       1      15  -13.516920927    0.000000000
       1      16  -13.516921034    0.000000000
       1      17  -13.302517914    0.000000000
       1      18  -13.302517941    0.000000000
       1      19  -15.359563599    0.000000000
       1      20  -15.359563867    0.000000000
       1      21  -13.476478854    0.000000000
       1      22  -13.476478694    0.000000000
       1      23  -14.852857918   -0.000000000
       1      24  -14.852857367    0.000000000
       1      25  -15.192343143    0.000000000
       1      26  -15.192342781    0.000000000
       1      27  -17.105170971    0.000000000
       1      28  -17.105173576    0.000000000
       1      29  -16.451085689    0.000000000
       1      30  -16.451088735    0.000000000
       1      31  -15.864690674    0.000000000
       1      32  -15.864690346    0.000000000
       1      33  -16.584001596    0.000000000
       1      34  -16.584001333    0.000000000
       1      35  -11.887592963    0.000000000
       1      36  -11.887594571    0.000000000
       1      37  -10.866624402    0.000000000
       1      38  -10.866624565   -0.000000000
       1      39  -11.790790968    0.000000000
       1      40  -11.790792736    0.000000000
       1      41  -10.057549284    0.000000000
       1      42  -10.057548856    0.000000000
       1      43  -11.825858836    0.000000000
       1      44  -11.825859036    0.000000000
       1      45  -12.871772176    0.000000000
       1      46  -12.871774091    0.000000000
       1      47   -9.349513800    0.000000000
       1      48   -9.349513585    0.000000000
       1      49  -10.995883012    0.000000000
       1      50  -10.995884717    0.000000000
       1      51  -11.897497446    0.000000000
       1      52  -11.897497365    0.000000000
       1      53   -9.482102086    0.000000000
       1      54   -9.482101497    0.000000000
       1      55  -12.764908339    0.000000000
       1      56  -12.764908927    0.000000000
       1      57  -11.526081841    0.000000000
       1      58  -11.526083085    0.000000000
       1      59  -13.716207293    0.000000000
       1      60  -13.716207432    0.000000000
       1      61   -7.042000933    0.000000000
       1      62   -7.042001101    0.000000000
       1      63   -6.937573216    0.000000000
       1      64   -6.937572457    0.000000000
       1      65   -7.627154117    0.000000000
       1      66   -7.627153244    0.000000000
       1      67   -8.611145126    0.000000000
       1      68   -8.611145037    0.000000000
       1      69  -10.078915258    0.000000000
       1      70  -10.078916172    0.000000000
       1      71  -10.180380581    0.000000000
       1      72  -10.180380350    0.000000000
       1      73   -6.709376679    0.000000000
       1      74   -6.709376488    0.000000000
       1      75   -5.157370685    0.000000000
       1      76   -5.157371075   -0.000000000
       1      77   -9.499113324    0.000000000
       1      78   -9.499113419    0.000000000
       1      79  -10.156297217    0.000000000
       1      80  -10.156297892    0.000000000
       1      81   -7.719267917    0.000000000
       1      82   -7.719268603    0.000000000
       1      83   -8.373405587    0.000000000
       1      84   -8.373405464    0.000000000
       1      85  -10.017284695    0.000000000
       1      86  -10.017291271    0.000000000
       1      87   -9.954987856    0.000000000
       1      88   -9.954993349    0.000000000
       1      89   -9.105222462    0.000000000
       1      90   -9.105801033    0.000000000
       1      91   -7.405349407    0.000000000
       1      92   -7.404699133    0.000000000
       1      93  -10.664862547    0.000000000
       1      94  -10.664751867    0.000000000
       1      95   -6.822386815    0.000000000
       1      96   -6.822423616    0.000000000
       1      97   -9.302992066    0.000000000
       1      98   -9.303008564    0.000000000
       1      99   -7.967447015    0.000000000
       1     100   -7.967464675    0.000000000
       1     101   -7.026451770    0.000000000
       1     102   -7.026450389    0.000000000
       1     103   -7.530135321    0.000000000
       1     104   -7.530135317    0.000000000
       1     105   -9.234862200    0.000000000
       1     106   -9.235018717    0.000000000
       1     107   -7.709152645    0.000000000
       1     108   -7.709307176    0.000000000
       1     109   -7.833845543    0.000000000
       1     110   -7.833830524    0.000000000
       1     111   -8.915253803    0.000000000
       1     112   -8.915238571    0.000000000
       1     113  -10.465291372    0.000000000
       1     114  -10.465293164    0.000000000
       1     115   -5.554484860    0.000000000
       1     116   -5.554472172    0.000000000
       1     117   -8.680877684    0.000000000
       1     118   -8.680862701   -0.000000000
       1     119   -6.806124155    0.000000000
       1     120   -6.806123798    0.000000000
       1     121   -5.443727891    0.000000000
       1     122   -5.443733572    0.000000000
       1     123   -5.806698969    0.000000000
       1     124   -5.806703333    0.000000000
       1     125   -5.761698175    0.000000000
       1     126   -5.761697901    0.000000000
       1     127   -8.193327015    0.000000000
       1     128   -8.193326959    0.000000000
       1     129   -7.811483725    0.000000000
       1     130   -7.811484156    0.000000000
       1     131   -5.392367133    0.000000000
       1     132   -5.392366825    0.000000000
       1     133   -7.970398089    0.000000000
       1     134   -7.970397670    0.000000000
       1     135   -7.181271705    0.000000000
       1     136   -7.181272411    0.000000000
       1     137   -8.083850215    0.000000000
       1     138   -8.083850236    0.000000000
       1     139   -7.703735676    0.000000000
       1     140   -7.703735812    0.000000000
       1     141   -7.229879791    0.000000000
       1     142   -7.229879451    0.000000000
       1     143   -8.580401630    0.000000000
       1     144   -8.580401385    0.000000000
       1     145   -7.742676898    0.000000000
       1     146   -7.742676895    0.000000000
       1     147   -7.807323631    0.000000000
       1     148   -7.807318658    0.000000000
       1     149   -7.827295973    0.000000000
       1     150   -7.827249754    0.000000000
       1     151  -10.215763931    0.000000000
       1     152  -10.215724171    0.000000000
       1     153   -7.886949491    0.000000000
       1     154   -7.886951981    0.000000000
       1     155   -7.564562117    0.000000000
       1     156   -7.564564393    0.000000000
       1     157   -8.572439211    0.000000000
       1     158   -8.572439163    0.000000000
       1     159   -7.140399589    0.000000000
       1     160   -7.140397774    0.000000000
       1     161   -8.054834040    0.000000000
       1     162   -8.054847562    0.000000000
       1     163   -7.683473858    0.000000000
       1     164   -7.683486698    0.000000000
       1     165   -8.181025544    0.000000000
       1     166   -8.181023098    0.000000000
       1     167   -8.633561273    0.000000000
       1     168   -8.633561577    0.000000000
       1     169   -7.452048371    0.000000000
       1     170   -7.451913443    0.000000000
       1     171   -7.675565873    0.000000000
       1     172   -7.675432009    0.000000000
       1     173   -9.419534106    0.000000000
       1     174   -9.419534039    0.000000000
       1     175   -4.218568434    0.000000000
       1     176   -4.218557669    0.000000000
       1     177   -7.367150501    0.000000000
       1     178   -7.367148928    0.000000000
       1     179  -10.030611901    0.000000000
       1     180  -10.030606110   -0.000000000
       1     181   -7.501908223    0.000000000
       1     182   -7.501910390   -0.000000000
       1     183   -9.185907783    0.000000000
       1     184   -9.185915324    0.000000000
       1     185   -6.143475095    0.000000000
       1     186   -6.143482228    0.000000000
       1     187   -7.445722406    0.000000000
       1     188   -7.445721946    0.000000000
       1     189   -6.310342977    0.000000000
       1     190   -6.310344524   -0.000000000
       1     191   -7.471041965    0.000000000
       1     192   -7.471042786    0.000000000
       1     193   -5.403668213    0.000000000
       1     194   -5.403667992    0.000000000
       1     195   -5.818235956    0.000000000
       1     196   -5.818236084    0.000000000
       1     197   -6.448487183    0.000000000
       1     198   -6.448487018    0.000000000
       1     199   -7.936451056    0.000000000
       1     200   -7.936452412    0.000000000
       1     201   -6.745821942    0.000000000
       1     202   -6.745821809    0.000000000
       1     203   -7.346873909    0.000000000
       1     204   -7.346873672    0.000000000
       1     205   -5.081381251    0.000000000
       1     206   -5.081381260    0.000000000
       1     207   -6.719952535    0.000000000
       1     208   -6.719949023    0.000000000
       1     209   -7.432634946    0.000000000
       1     210   -7.432625817    0.000000000
  0.333333333  0.166666667  0.000000000     210       0
       1       1  -23.992280236    0.000000000
       1       2  -23.992282277    0.000000000
       1       3  -22.768180469    0.000000000
       1       4  -22.782787021    0.000000000
       1       5  -22.342373032    0.000000000
       1       6  -22.360917284    0.000000000
       1       7  -22.470808979    0.000000000
       1       8  -22.473536694    0.000000000
       1       9  -14.387934045    0.000000000
       1      10  -14.412775311    0.000000000
       1      11  -14.372753227    0.000000000
       1      12  -14.372213489    0.000000000
       1      13  -12.986807969    0.000000000
       1      14  -12.999010013    0.000000000
       1      15  -13.584229460    0.000000000
       1      16  -13.605234943    0.000000000
       1      17  -13.840817546    0.000000000
       1      18  -13.900134932    0.000000000
       1      19  -14.111487947    0.000000000
       1      20  -14.130163072    0.000000000
       1      21  -13.385264142    0.000000000
       1      22  -13.420217923   -0.000000000
       1      23  -13.921371661    0.000000000
       1      24  -13.910402183    0.000000000
       1      25  -15.776440780    0.000000000
       1      26  -15.702341375    0.000000000
       1      27  -17.232670845    0.000000000
       1      28  -17.065065126    0.000000000
       1      29  -18.110300457    0.000000000
       1      30  -17.908937266    0.000000000
       1      31  -15.888961497    0.000000000
       1      32  -15.922038892    0.000000000
       1      33  -16.559593304    0.000000000
       1      34  -16.579391695    0.000000000
       1      35  -12.131182416    0.000000000
       1      36  -12.059533862    0.000000000
       1      37  -11.328720457    0.000000000
       1      38  -11.224077716    0.000000000
       1      39  -11.270735625    0.000000000
       1      40  -11.337050874    0.000000000
       1      41  -11.470426951    0.000000000
       1      42  -11.577784870    0.000000000
       1      43  -10.797539445    0.000000000
       1      44  -10.806108029    0.000000000
       1      45  -12.275194180    0.000000000
       1      46  -12.253756388    0.000000000
       1      47  -10.007283734    0.000000000
       1      48  -10.003611099    0.000000000
       1      49  -11.577900337    0.000000000
       1      50  -11.578803624    0.000000000
       1      51  -10.590313615    0.000000000
       1      52  -10.614059198    0.000000000
       1      53  -11.441649541    0.000000000
       1      54  -11.425857265    0.000000000
       1      55   -9.571137517    0.000000000
       1      56   -9.647137383    0.000000000
       1      57   -9.253776302    0.000000000
       1      58   -9.362154806    0.000000000
       1      59   -8.669965782    0.000000000
       1      60   -8.687374268    0.000000000
       1      61   -9.411717182    0.000000000
       1      62   -9.465824057    0.000000000
       1      63   -9.886126276    0.000000000
       1      64   -9.881204315    0.000000000
       1      65   -9.532262602    0.000000000
       1      66   -9.471621054    0.000000000
       1      67   -9.874354933    0.000000000
       1      68   -9.947513759    0.000000000
       1      69   -9.484493182   -0.000000000
       1      70   -9.453856479    0.000000000
       1      71  -10.170506107    0.000000000
       1      72  -10.234913731    0.000000000
       1      73   -9.797059959    0.000000000
       1      74   -9.758807205    0.000000000
       1      75   -8.039684475    0.000000000
       1      76   -7.973816662    0.000000000
       1      77   -7.114138782    0.000000000
       1      78   -7.104655434    0.000000000
       1      79   -8.446882931    0.000000000
       1      80   -8.416488901    0.000000000
       1      81   -7.840999696    0.000000000
       1      82   -7.829377564    0.000000000
       1      83   -8.353160799    0.000000000
       1      84   -8.340022793    0.000000000
       1      85   -6.438150644    0.000000000
       1      86   -6.429349856    0.000000000
       1      87   -9.651805817    0.000000000
       1      88   -9.673632144    0.000000000
       1      89  -10.013959494    0.000000000
       1      90   -9.992393497    0.000000000
       1      91   -7.843195160    0.000000000
       1      92   -7.820253542    0.000000000
       1      93   -7.537609534    0.000000000
       1      94   -7.593000917    0.000000000
       1      95   -8.818873781    0.000000000
       1      96   -8.788518269    0.000000000
       1      97   -9.768724665    0.000000000
       1      98   -9.768333928    0.000000000
       1      99   -8.237290164    0.000000000
       1     100   -8.237177117   -0.000000000
       1     101   -6.185222111    0.000000000
       1     102   -6.192375381    0.000000000
       1     103   -6.219947248    0.000000000
       1     104   -6.222974458    0.000000000
       1     105   -7.862066020    0.000000000
       1     106   -7.873837446    0.000000000
       1     107   -7.934099149    0.000000000
       1     108   -7.936816892    0.000000000
       1     109   -9.083636041    0.000000000
       1     110   -9.044515673    0.000000000
       1     111   -8.866945488    0.000000000
       1     112   -8.816129444    0.000000000
       1     113   -6.285639571    0.000000000
       1     114   -6.287815942    0.000000000
       1     115   -7.920022177    0.000000000
       1     116   -7.925491276    0.000000000
       1     117   -9.230752852    0.000000000
       1     118   -9.302135451    0.000000000
       1     119   -7.204307495    0.000000000
       1     120   -7.199071233    0.000000000
       1     121   -8.512970136    0.000000000
       1     122   -8.508923626    0.000000000
       1     123   -9.727782446    0.000000000
       1     124   -9.785128786    0.000000000
       1     125   -9.133360533    0.000000000
       1     126   -9.139741460    0.000000000
       1     127   -7.431448184    0.000000000
       1     128   -7.425096013    0.000000000
       1     129   -9.455405532    0.000000000
       1     130   -9.446495617    0.000000000
       1     131   -7.300727605    0.000000000
       1     132   -7.283135041    0.000000000
       1     133   -7.613269287    0.000000000
       1     134   -7.609796863    0.000000000
       1     135   -9.992147541    0.000000000
       1     136  -10.063299941    0.000000000
       1     137   -9.523237125    0.000000000
       1     138   -9.532817514    0.000000000
       1     139   -6.522372766    0.000000000
       1     140   -6.516519189    0.000000000
       1     141   -6.540733264    0.000000000
       1     142   -6.508493612    0.000000000
       1     143   -7.968949380    0.000000000
       1     144   -7.973389970    0.000000000
       1     145   -6.900028784    0.000000000
       1     146   -6.891050036    0.000000000
       1     147   -7.847259408    0.000000000
       1     148   -7.880743585    0.000000000
       1     149   -7.444951593    0.000000000
       1     150   -7.439897314    0.000000000
       1     151   -7.977010391    0.000000000
       1     152   -7.991705340    0.000000000
       1     153   -8.732100186    0.000000000
       1     154   -8.754538511    0.000000000
       1     155   -8.945439957    0.000000000
       1     156   -8.941444371    0.000000000
       1     157   -7.784995650    0.000000000
       1     158   -7.776440685    0.000000000
       1     159   -7.652549273    0.000000000
       1     160   -7.672274181    0.000000000
       1     161   -9.563807129    0.000000000
       1     162   -9.603217134    0.000000000
       1     163   -7.358069449    0.000000000
       1     164   -7.354859099    0.000000000
       1     165   -7.032654408    0.000000000
       1     166   -7.058577442    0.000000000
       1     167   -7.368749531    0.000000000
       1     168   -7.360776374    0.000000000
       1     169   -5.537154383    0.000000000
       1     170   -5.569727957    0.000000000
       1     171   -7.548073153    0.000000000
       1     172   -7.555439668    0.000000000
       1     173   -6.522423360    0.000000000
       1     174   -6.517393497    0.000000000
       1     175   -6.649149990    0.000000000
       1     176   -6.649655501    0.000000000
       1     177   -6.173838583    0.000000000
       1     178   -6.183592257    0.000000000
       1     179   -6.067113957    0.000000000
       1     180   -6.063733294    0.000000000
       1     181   -8.180096203    0.000000000
       1     182   -8.160715857    0.000000000
       1     183   -6.348996357    0.000000000
       1     184   -6.366905187    0.000000000
       1     185   -7.934303988    0.000000000
       1     186   -7.953850182    0.000000000
       1     187   -5.631362342    0.000000000
       1     188   -5.649291274    0.000000000
       1     189   -8.157613892    0.000000000
       1     190   -8.219816709    0.000000000
       1     191   -8.490057362    0.000000000
       1     192   -8.510172636    0.000000000
       1     193   -7.483078602    0.000000000
       1     194   -7.479762993    0.000000000
       1     195   -8.080020977    0.000000000
       1     196   -8.077794593    0.000000000
       1     197   -8.386005309    0.000000000
       1     198   -8.368144162    0.000000000
       1     199   -7.763038490    0.000000000
       1     200   -7.778334468    0.000000000
       1     201   -7.225343217    0.000000000
       1     202   -7.243405980    0.000000000
       1     203   -6.008635024    0.000000000
       1     204   -6.020202236    0.000000000
       1     205   -6.037769965    0.000000000
       1     206   -6.046641626    0.000000000
       1     207   -6.846510828    0.000000000
       1     208   -6.832608790    0.000000000
       1     209   -6.705333785    0.000000000
       1     210   -6.461793540    0.000000000
  0.333333333  0.333333333  0.000000000     210       0
       1       1  -23.985222226    0.000000000
       1       2  -23.985225531    0.000000000
       1       3  -22.752758230    0.000000000
       1       4  -22.775087439    0.000000000
       1       5  -22.327856430    0.000000000
       1       6  -22.374283849    0.000000000
       1       7  -22.422908260    0.000000000
       1       8  -22.437203081    0.000000000
       1       9  -14.552319413    0.000000000
       1      10  -14.486127628    0.000000000
       1      11  -14.483210265    0.000000000
       1      12  -14.594472895    0.000000000
       1      13  -13.710321031    0.000000000
       1      14  -13.743875995    0.000000000
       1      15  -13.182617909    0.000000000
       1      16  -13.178883918   -0.000000000
       1      17  -12.523027927    0.000000000
       1      18  -12.583945944    0.000000000
       1      19  -14.057600849   -0.000000000
       1      20  -14.151449848    0.000000000
       1      21  -12.901354680    0.000000000
       1      22  -12.883838494    0.000000000
       1      23  -14.557236981    0.000000000
       1      24  -14.525202415    0.000000000
       1      25  -16.353464310    0.000000000
       1      26  -16.212694005    0.000000000
       1      27  -17.589530953    0.000000000
       1      28  -17.577440211    0.000000000
       1      29  -15.392513116    0.000000000
       1      30  -15.406908119    0.000000000
       1      31  -17.484717579    0.000000000
       1      32  -17.473659168    0.000000000
       1      33  -17.785798336    0.000000000
       1      34  -17.781226897    0.000000000
       1      35  -12.446975794    0.000000000
       1      36  -12.384142757    0.000000000
       1      37  -10.952260584    0.000000000
       1      38  -10.942805608    0.000000000
       1      39   -9.446481779    0.000000000
       1      40   -9.447208955    0.000000000
       1      41  -12.479845104    0.000000000
       1      42  -12.471955127    0.000000000
       1      43  -12.030171156    0.000000000
       1      44  -12.037954475    0.000000000
       1      45  -10.153444916    0.000000000
       1      46  -10.147179707    0.000000000
       1      47  -11.827657248    0.000000000
       1      48  -11.818157852    0.000000000
       1      49  -12.295091316    0.000000000
       1      50  -12.311584078    0.000000000
       1      51  -12.765948888    0.000000000
       1      52  -12.765727423    0.000000000
       1      53   -9.796028117    0.000000000
       1      54   -9.796281756    0.000000000
       1      55   -9.046949681    0.000000000
       1      56   -9.044768340    0.000000000
       1      57   -8.643401810    0.000000000
       1      58   -8.623701757    0.000000000
       1      59   -7.449829610    0.000000000
       1      60   -7.598310412    0.000000000
       1      61  -10.588106351    0.000000000
       1      62   -7.232798833    0.000000000
       1      63   -8.364001776    0.000000000
       1      64  -11.805692203    0.000000000
       1      65   -8.785226159    0.000000000
       1      66   -8.785062793    0.000000000
       1      67   -8.398023948    0.000000000
       1      68   -8.413544961    0.000000000
       1      69   -9.494273796    0.000000000
       1      70   -9.484811725    0.000000000
       1      71   -8.389487939    0.000000000
       1      72   -8.387580864    0.000000000
       1      73  -10.937297221    0.000000000
       1      74  -10.941479203    0.000000000
       1      75  -11.749442320    0.000000000
       1      76  -11.636387785    0.000000000
       1      77  -11.756807384    0.000000000
       1      78  -11.790327729    0.000000000
       1      79   -7.794347327    0.000000000
       1      80   -7.766552565    0.000000000
       1      81   -4.312336439    0.000000000
       1      82   -4.293978949    0.000000000
       1      83   -6.332992189    0.000000000
       1      84  -11.701245830    0.000000000
       1      85   -5.157586840    0.000000000
       1      86  -10.679607007    0.000000000
       1      87  -10.596521826    0.000000000
       1      88  -10.551979281    0.000000000
       1      89   -6.695367087    0.000000000
       1      90   -6.707094009    0.000000000
       1      91   -4.710511404    0.000000000
       1      92   -4.704962992    0.000000000
       1      93  -12.099202334    0.000000000
       1      94  -12.105764990    0.000000000
       1      95   -9.324013842    0.000000000
       1      96   -9.384702038    0.000000000
       1      97   -5.229556708    0.000000000
       1      98   -5.256294293    0.000000000
       1      99   -8.988528158    0.000000000
       1     100   -9.032270551    0.000000000
       1     101   -5.760157178    0.000000000
       1     102   -5.541661651    0.000000000
       1     103   -8.957364813    0.000000000
       1     104   -8.844433346    0.000000000
       1     105   -9.444990479    0.000000000
       1     106   -9.081733269    0.000000000
       1     107   -5.751961267    0.000000000
       1     108   -5.762525081    0.000000000
       1     109   -9.741242176    0.000000000
       1     110   -9.735901694    0.000000000
       1     111   -7.085874138    0.000000000
       1     112   -7.099324154    0.000000000
       1     113   -8.435972617    0.000000000
       1     114   -8.304591526    0.000000000
       1     115   -7.945115987    0.000000000
       1     116   -7.954235994    0.000000000
       1     117   -7.388191244    0.000000000
       1     118   -7.355833628    0.000000000
       1     119  -12.822764159    0.000000000
       1     120  -12.803578267    0.000000000
       1     121   -6.681275335    0.000000000
       1     122   -6.676106223    0.000000000
       1     123   -6.206851307    0.000000000
       1     124   -6.209104362    0.000000000
       1     125   -7.446833918    0.000000000
       1     126   -7.436375589    0.000000000
       1     127   -8.293273749    0.000000000
       1     128   -8.222628085    0.000000000
       1     129   -9.741957754    0.000000000
       1     130   -9.729661361    0.000000000
       1     131   -7.310416249    0.000000000
       1     132   -7.099018573    0.000000000
       1     133   -9.663338261    0.000000000
       1     134   -9.946488505    0.000000000
       1     135   -9.003887751    0.000000000
       1     136   -9.006978830    0.000000000
       1     137   -7.420585978    0.000000000
       1     138   -7.482305741    0.000000000
       1     139  -10.000695822    0.000000000
       1     140  -10.001588554    0.000000000
       1     141   -8.647517000    0.000000000
       1     142   -8.648940343    0.000000000
       1     143   -7.249347307    0.000000000
       1     144   -7.251047216    0.000000000
       1     145   -7.374518349    0.000000000
       1     146   -7.374873704    0.000000000
       1     147  -10.591799189    0.000000000
       1     148  -10.593012649    0.000000000
       1     149   -8.732239201    0.000000000
       1     150   -8.733975778    0.000000000
       1     151   -7.707359141    0.000000000
       1     152   -7.710719143    0.000000000
       1     153  -10.373851763    0.000000000
       1     154  -10.465706510    0.000000000
       1     155   -8.231730799    0.000000000
       1     156   -8.221298010    0.000000000
       1     157   -6.069273745    0.000000000
       1     158   -6.056820896    0.000000000
       1     159  -10.831564171    0.000000000
       1     160  -10.806011994    0.000000000
       1     161   -8.732537570    0.000000000
       1     162   -8.714948437    0.000000000
       1     163   -8.127210026    0.000000000
       1     164   -8.127623643    0.000000000
       1     165   -9.300072022    0.000000000
       1     166   -9.305470297    0.000000000
       1     167   -6.465496581    0.000000000
       1     168   -6.493096338    0.000000000
       1     169   -4.325044359    0.000000000
       1     170   -4.330223758    0.000000000
       1     171   -3.335975926    0.000000000
       1     172   -3.344037128    0.000000000
       1     173   -8.476526382    0.000000000
       1     174   -8.580173647    0.000000000
       1     175   -4.733971613    0.000000000
       1     176   -4.726496110    0.000000000
       1     177   -5.192362276    0.000000000
       1     178   -5.193928389    0.000000000
       1     179   -6.470540879    0.000000000
       1     180   -6.514083036    0.000000000
       1     181   -5.551763122    0.000000000
       1     182   -5.552221769    0.000000000
       1     183   -4.668132400    0.000000000
       1     184   -4.671643617    0.000000000
       1     185   -7.581265291    0.000000000
       1     186   -7.577434825    0.000000000
       1     187   -7.640599438    0.000000000
       1     188   -7.647518821    0.000000000
       1     189   -7.416358066    0.000000000
       1     190   -7.454215321    0.000000000
       1     191   -7.347891471    0.000000000
       1     192   -6.798537659    0.000000000
       1     193   -6.792708724    0.000000000
       1     194   -7.343297611    0.000000000
       1     195   -6.232625133    0.000000000
       1     196   -6.223241114    0.000000000
       1     197   -6.224030843    0.000000000
       1     198   -6.219817346    0.000000000
       1     199   -7.480975212    0.000000000
       1     200   -7.464556990    0.000000000
       1     201   -7.338014579    0.000000000
       1     202   -7.337734400    0.000000000
       1     203   -6.371242759    0.000000000
       1     204   -6.371897185    0.000000000
       1     205   -6.654883150    0.000000000
       1     206   -6.654056038    0.000000000
       1     207   -5.956150321    0.000000000
       1     208   -5.957651870    0.000000000
       1     209   -7.165668656    0.000000000
       1     210   -7.141132904    0.000000000
  0.333333333  0.500000000  0.000000000     210       0
       1       1  -23.992280376    0.000000000
       1       2  -23.992282417    0.000000000
       1       3  -22.768180370    0.000000000
       1       4  -22.782786894    0.000000000
       1       5  -22.342373179    0.000000000
       1       6  -22.360917572    0.000000000
       1       7  -22.470808080    0.000000000
       1       8  -22.473535612    0.000000000
       1       9  -14.387935402    0.000000000
       1      10  -14.412776698   -0.000000000
       1      11  -14.372754835    0.000000000
       1      12  -14.372215059    0.000000000
       1      13  -12.986807343    0.000000000
       1      14  -12.999009713    0.000000000
       1      15  -13.584232293    0.000000000
       1      16  -13.605237871    0.000000000
       1      17  -13.840817290    0.000000000
       1      18  -13.900134359    0.000000000
       1      19  -14.111486094    0.000000000
       1      20  -14.130161245    0.000000000
       1      21  -13.385264389    0.000000000
       1      22  -13.420217397    0.000000000
       1      23  -13.921375144    0.000000000
       1      24  -13.910405851    0.000000000
       1      25  -15.776443455    0.000000000
       1      26  -15.702344615    0.000000000
       1      27  -17.232646286    0.000000000
       1      28  -17.065040328    0.000000000
       1      29  -18.110324401    0.000000000
       1      30  -17.908962084    0.000000000
       1      31  -15.888949791    0.000000000
       1      32  -15.922027269    0.000000000
       1      33  -16.559576040    0.000000000
       1      34  -16.579374601    0.000000000
       1      35  -12.131196173    0.000000000
       1      36  -12.059546871    0.000000000
       1      37  -11.328721587    0.000000000
       1      38  -11.224086025    0.000000000
       1      39  -11.270753781    0.000000000
       1      40  -11.337063394    0.000000000
       1      41  -11.470441244    0.000000000
       1      42  -11.577798834    0.000000000
       1      43  -10.797525001    0.000000000
       1      44  -10.806093263    0.000000000
       1      45  -12.275167650    0.000000000
       1      46  -12.253730926    0.000000000
       1      47  -10.007283296    0.000000000
       1      48  -10.003610554    0.000000000
       1      49  -11.577906907    0.000000000
       1      50  -11.578809575    0.000000000
       1      51  -10.590312294    0.000000000
       1      52  -10.614058380    0.000000000
       1      53  -11.441637907    0.000000000
       1      54  -11.425845035    0.000000000
       1      55   -9.571152398    0.000000000
       1      56   -9.647152248    0.000000000
       1      57   -9.253760822    0.000000000
       1      58   -9.362138740    0.000000000
       1      59   -8.669946145    0.000000000
       1      60   -8.687358723    0.000000000
       1      61   -9.411690369    0.000000000
       1      62   -9.465799328    0.000000000
       1      63   -9.886152037    0.000000000
       1      64   -9.881229788    0.000000000
       1      65   -9.532262778    0.000000000
       1      66   -9.471619909    0.000000000
       1      67   -9.874391638    0.000000000
       1      68   -9.947548161    0.000000000
       1      69   -9.484404960    0.000000000
       1      70   -9.453768201    0.000000000
       1      71  -10.170595298    0.000000000
       1      72  -10.235002992    0.000000000
       1      73   -9.796963507    0.000000000
       1      74   -9.758708723    0.000000000
       1      75   -8.039807552    0.000000000
       1      76   -7.973938511    0.000000000
       1      77   -7.114136786    0.000000000
       1      78   -7.104653341    0.000000000
       1      79   -8.446849299    0.000000000
       1      80   -8.416453487    0.000000000
       1      81   -7.840992459    0.000000000
       1      82   -7.829370249    0.000000000
       1      83   -8.353169128    0.000000000
       1      84   -8.340029927    0.000000000
       1      85   -6.438150302    0.000000000
       1      86   -6.429349603    0.000000000
       1      87   -9.651806611    0.000000000
       1      88   -9.673633838    0.000000000
       1      89  -10.013958132    0.000000000
       1      90   -9.992394500    0.000000000
       1      91   -7.843231603    0.000000000
       1      92   -7.820289900    0.000000000
       1      93   -7.537614641    0.000000000
       1      94   -7.593006540    0.000000000
       1      95   -8.818882571    0.000000000
       1      96   -8.788531392    0.000000000
       1      97   -9.768702138    0.000000000
       1      98   -9.768308760    0.000000000
       1      99   -8.237220014    0.000000000
       1     100   -8.237109085    0.000000000
       1     101   -6.185144532    0.000000000
       1     102   -6.192300043    0.000000000
       1     103   -6.219952582    0.000000000
       1     104   -6.222978720    0.000000000
       1     105   -7.862125798    0.000000000
       1     106   -7.873892518    0.000000000
       1     107   -7.934098214    0.000000000
       1     108   -7.936816645    0.000000000
       1     109   -9.083640855    0.000000000
       1     110   -9.044517994    0.000000000
       1     111   -8.866955725    0.000000000
       1     112   -8.816146965    0.000000000
       1     113   -6.285667283    0.000000000
       1     114   -6.287847781    0.000000000
       1     115   -7.920100138    0.000000000
       1     116   -7.925568050    0.000000000
       1     117   -9.230709631    0.000000000
       1     118   -9.302095671    0.000000000
       1     119   -7.204405210    0.000000000
       1     120   -7.199169854    0.000000000
       1     121   -8.512875323    0.000000000
       1     122   -8.508829796    0.000000000
       1     123   -9.727780968    0.000000000
       1     124   -9.785126343    0.000000000
       1     125   -9.133331251    0.000000000
       1     126   -9.139712282    0.000000000
       1     127   -7.431470114    0.000000000
       1     128   -7.425118981    0.000000000
       1     129   -9.455457453    0.000000000
       1     130   -9.446547934    0.000000000
       1     131   -7.300763202    0.000000000
       1     132   -7.283170144    0.000000000
       1     133   -7.613262004    0.000000000
       1     134   -7.609790266    0.000000000
       1     135   -9.992089356    0.000000000
       1     136  -10.063242696    0.000000000
       1     137   -9.523214721    0.000000000
       1     138   -9.532794489    0.000000000
       1     139   -6.522354206    0.000000000
       1     140   -6.516496627    0.000000000
       1     141   -6.540717706    0.000000000
       1     142   -6.508474303    0.000000000
       1     143   -7.968859458    0.000000000
       1     144   -7.973300069    0.000000000
       1     145   -6.900149326    0.000000000
       1     146   -6.891170213    0.000000000
       1     147   -7.847302598    0.000000000
       1     148   -7.880785440    0.000000000
       1     149   -7.444911922    0.000000000
       1     150   -7.439855183    0.000000000
       1     151   -7.977110597    0.000000000
       1     152   -7.991800807    0.000000000
       1     153   -8.731999366    0.000000000
       1     154   -8.754438198    0.000000000
       1     155   -8.945477377    0.000000000
       1     156   -8.941481187    0.000000000
       1     157   -7.785040377    0.000000000
       1     158   -7.776486006    0.000000000
       1     159   -7.652535255    0.000000000
       1     160   -7.672257642    0.000000000
       1     161   -9.563805059    0.000000000
       1     162   -9.603219644    0.000000000
       1     163   -7.358071794    0.000000000
       1     164   -7.354860514    0.000000000
       1     165   -7.032666357    0.000000000
       1     166   -7.058597698    0.000000000
       1     167   -7.368737083    0.000000000
       1     168   -7.360763784    0.000000000
       1     169   -5.537135710    0.000000000
       1     170   -5.569711062    0.000000000
       1     171   -7.548082261    0.000000000
       1     172   -7.555448615    0.000000000
       1     173   -6.522457611    0.000000000
       1     174   -6.517430198    0.000000000
       1     175   -6.649101993    0.000000000
       1     176   -6.649607560    0.000000000
       1     177   -6.173809727    0.000000000
       1     178   -6.183561848    0.000000000
       1     179   -6.067167991    0.000000000
       1     180   -6.063788353    0.000000000
       1     181   -8.180169992    0.000000000
       1     182   -8.160788212   -0.000000000
       1     183   -6.348957555    0.000000000
       1     184   -6.366862563    0.000000000
       1     185   -7.934281860    0.000000000
       1     186   -7.953824209    0.000000000
       1     187   -5.631391898    0.000000000
       1     188   -5.649316688    0.000000000
       1     189   -8.157726129    0.000000000
       1     190   -8.219933604    0.000000000
       1     191   -8.489992394    0.000000000
       1     192   -8.510118336    0.000000000
       1     193   -7.483068855    0.000000000
       1     194   -7.479753178    0.000000000
       1     195   -8.079975092    0.000000000
       1     196   -8.077749165    0.000000000
       1     197   -8.386396590    0.000000000
       1     198   -8.368546228    0.000000000
       1     199   -7.762698459    0.000000000
       1     200   -7.777983631    0.000000000
       1     201   -7.225590801    0.000000000
       1     202   -7.243651316    0.000000000
       1     203   -6.008466645    0.000000000
       1     204   -6.020030593    0.000000000
       1     205   -6.037727084    0.000000000
       1     206   -6.046598002    0.000000000
       1     207   -6.846616942    0.000000000
       1     208   -6.832718771    0.000000000
       1     209   -6.704051078    0.000000000
       1     210   -6.460701322    0.000000000
  0.333333333  0.666666667  0.000000000     210       0
       1       1  -23.987934732    0.000000000
       1       2  -23.987934732    0.000000000
       1       3  -22.801103753    0.000000000
       1       4  -22.801103783    0.000000000
       1       5  -22.375825076    0.000000000
       1       6  -22.375825093    0.000000000
       1       7  -22.512907436    0.000000000
       1       8  -22.512907461    0.000000000
       1       9  -14.110430704    0.000000000
       1      10  -14.110430724    0.000000000
       1      11  -14.195964507    0.000000000
       1      12  -14.195964505    0.000000000
       1      13  -13.522078680    0.000000000
       1      14  -13.522078636    0.000000000
       1      15  -13.516921698    0.000000000
       1      16  -13.516921757    0.000000000
       1      17  -13.302518697    0.000000000
       1      18  -13.302518679    0.000000000
       1      19  -15.359560086    0.000000000
       1      20  -15.359560010    0.000000000
       1      21  -13.476479652    0.000000000
       1      22  -13.476479662    0.000000000
       1      23  -14.852845977    0.000000000
       1      24  -14.852844272    0.000000000
       1      25  -15.192348336    0.000000000
       1      26  -15.192346452    0.000000000
       1      27  -17.105179511    0.000000000
       1      28  -17.105181915    0.000000000
       1      29  -16.451068463    0.000000000
       1      30  -16.451070703    0.000000000
       1      31  -15.864687604    0.000000000
       1      32  -15.864687107    0.000000000
       1      33  -16.583996789    0.000000000
       1      34  -16.583996256    0.000000000
       1      35  -11.887584946    0.000000000
       1      36  -11.887584946    0.000000000
       1      37  -10.866633244    0.000000000
       1      38  -10.866633248    0.000000000
       1      39  -11.790821286    0.000000000
       1      40  -11.790821228    0.000000000
       1      41  -10.057533434    0.000000000
       1      42  -10.057533424    0.000000000
       1      43  -11.825840326    0.000000000
       1      44  -11.825840358    0.000000000
       1      45  -12.871774965    0.000000000
       1      46  -12.871774664    0.000000000
       1      47   -9.349516800    0.000000000
       1      48   -9.349516756    0.000000000
       1      49  -10.995895996    0.000000000
       1      50  -10.995896651    0.000000000
       1      51  -11.897495479    0.000000000
       1      52  -11.897495534    0.000000000
       1      53   -9.482104215    0.000000000
       1      54   -9.482101331    0.000000000
       1      55  -12.764966162    0.000000000
       1      56  -12.764963927    0.000000000
       1      57  -11.526026693    0.000000000
       1      58  -11.526027399    0.000000000
       1      59  -13.716201182    0.000000000
       1      60  -13.716201147    0.000000000
       1      61   -7.041997336    0.000000000
       1      62   -7.041997332    0.000000000
       1      63   -6.937572936    0.000000000
       1      64   -6.937572813    0.000000000
       1      65   -7.627167925    0.000000000
       1      66   -7.627167837    0.000000000
       1      67   -8.611139815    0.000000000
       1      68   -8.611139703    0.000000000
       1      69  -10.078921967    0.000000000
       1      70  -10.078922132    0.000000000
       1      71  -10.180391074    0.000000000
       1      72  -10.180390734    0.000000000
       1      73   -6.709366584    0.000000000
       1      74   -6.709366510    0.000000000
       1      75   -5.157358429    0.000000000
       1      76   -5.157358490    0.000000000
       1      77   -9.499075129    0.000000000
       1      78   -9.499075690    0.000000000
       1      79  -10.156280676    0.000000000
       1      80  -10.156280798    0.000000000
       1      81   -7.719264471    0.000000000
       1      82   -7.719264683    0.000000000
       1      83   -8.373419584    0.000000000
       1      84   -8.373419351    0.000000000
       1      85  -10.017220744    0.000000000
       1      86  -10.017228148    0.000000000
       1      87   -9.954979186    0.000000000
       1      88   -9.954985512    0.000000000
       1      89   -9.111183697    0.000000000
       1      90   -9.111254948    0.000000000
       1      91   -7.399459247    0.000000000
       1      92   -7.399383767    0.000000000
       1      93  -10.664788550    0.000000000
       1      94  -10.664772855    0.000000000
       1      95   -6.822466469    0.000000000
       1      96   -6.822476264    0.000000000
       1      97   -9.303484073    0.000000000
       1      98   -9.303503706    0.000000000
       1      99   -7.966903744    0.000000000
       1     100   -7.966923438    0.000000000
       1     101   -7.026498948    0.000000000
       1     102   -7.026500067    0.000000000
       1     103   -7.530127937    0.000000000
       1     104   -7.530128039    0.000000000
       1     105   -9.235034841    0.000000000
       1     106   -9.235097985    0.000000000
       1     107   -7.709122880    0.000000000
       1     108   -7.709184896    0.000000000
       1     109   -7.833874652    0.000000000
       1     110   -7.833874554    0.000000000
       1     111   -8.915221099    0.000000000
       1     112   -8.915221001    0.000000000
       1     113  -10.465266357    0.000000000
       1     114  -10.465267614    0.000000000
       1     115   -5.554458564    0.000000000
       1     116   -5.554433103    0.000000000
       1     117   -8.680854858    0.000000000
       1     118   -8.680828601    0.000000000
       1     119   -6.806111151    0.000000000
       1     120   -6.806111029    0.000000000
       1     121   -5.443716716    0.000000000
       1     122   -5.443716897    0.000000000
       1     123   -5.806728728    0.000000000
       1     124   -5.806729445    0.000000000
       1     125   -5.761680305    0.000000000
       1     126   -5.761678793    0.000000000
       1     127   -8.193359052    0.000000000
       1     128   -8.193357620    0.000000000
       1     129   -7.811490567    0.000000000
       1     130   -7.811489990    0.000000000
       1     131   -5.392379975    0.000000000
       1     132   -5.392379715    0.000000000
       1     133   -7.970389135    0.000000000
       1     134   -7.970388903    0.000000000
       1     135   -7.181242071    0.000000000
       1     136   -7.181242685    0.000000000
       1     137   -8.083850833    0.000000000
       1     138   -8.083851380    0.000000000
       1     139   -7.703702650    0.000000000
       1     140   -7.703702718    0.000000000
       1     141   -7.229867138    0.000000000
       1     142   -7.229867772    0.000000000
       1     143   -8.580504724    0.000000000
       1     144   -8.580504476    0.000000000
       1     145   -7.742567437    0.000000000
       1     146   -7.742567565    0.000000000
       1     147   -7.807241913    0.000000000
       1     148   -7.807241118    0.000000000
       1     149   -7.827366040    0.000000000
       1     150   -7.827354660    0.000000000
       1     151  -10.215665678    0.000000000
       1     152  -10.215654973    0.000000000
       1     153   -7.886982297    0.000000000
       1     154   -7.886983856    0.000000000
       1     155   -7.564607699    0.000000000
       1     156   -7.564609343    0.000000000
       1     157   -8.572448814    0.000000000
       1     158   -8.572449025    0.000000000
       1     159   -7.140401103    0.000000000
       1     160   -7.140400373    0.000000000
       1     161   -8.054645478    0.000000000
       1     162   -8.054658891    0.000000000
       1     163   -7.683662387    0.000000000
       1     164   -7.683676536    0.000000000
       1     165   -8.181054495    0.000000000
       1     166   -8.181052510    0.000000000
       1     167   -8.633603610    0.000000000
       1     168   -8.633603766    0.000000000
       1     169   -7.452164692    0.000000000
       1     170   -7.452061924    0.000000000
       1     171   -7.675452603    0.000000000
       1     172   -7.675351061    0.000000000
       1     173   -9.419613869    0.000000000
       1     174   -9.419613892    0.000000000
       1     175   -4.218546025    0.000000000
       1     176   -4.218526901    0.000000000
       1     177   -7.367191616    0.000000000
       1     178   -7.367189176    0.000000000
       1     179  -10.030776400    0.000000000
       1     180  -10.030763133    0.000000000
       1     181   -7.501959565    0.000000000
       1     182   -7.501961590    0.000000000
       1     183   -9.185999062    0.000000000
       1     184   -9.186007602    0.000000000
       1     185   -6.143421131    0.000000000
       1     186   -6.143429094    0.000000000
       1     187   -7.445581101    0.000000000
       1     188   -7.445580653    0.000000000
       1     189   -6.310174539    0.000000000
       1     190   -6.310174098    0.000000000
       1     191   -7.471120869    0.000000000
       1     192   -7.471121823    0.000000000
       1     193   -5.403669066    0.000000000
       1     194   -5.403670395    0.000000000
       1     195   -5.818247246    0.000000000
       1     196   -5.818247142    0.000000000
       1     197   -6.448512499    0.000000000
       1     198   -6.448512221    0.000000000
       1     199   -7.936350244    0.000000000
       1     200   -7.936350158    0.000000000
       1     201   -6.745828653    0.000000000
       1     202   -6.745828456    0.000000000
       1     203   -7.346869295    0.000000000
       1     204   -7.346871132    0.000000000
       1     205   -5.081374969    0.000000000
       1     206   -5.081375081    0.000000000
       1     207   -6.720024014    0.000000000
       1     208   -6.720011550    0.000000000
       1     209   -7.432645538    0.000000000
       1     210   -7.432628715    0.000000000
  0.333333333  0.833333333  0.000000000     210       0
       1       1  -23.972791994    0.000000000
       1       2  -23.972792873    0.000000000
       1       3  -22.810068959    0.000000000
       1       4  -22.817065716    0.000000000
       1       5  -22.404514752    0.000000000
       1       6  -22.405947209    0.000000000
       1       7  -22.499452767    0.000000000
       1       8  -22.508578782    0.000000000
       1       9  -13.987002847    0.000000000
       1      10  -13.995060402    0.000000000
       1      11  -14.123611189    0.000000000
       1      12  -14.123268868    0.000000000
       1      13  -13.738408272    0.000000000
       1      14  -13.781425169    0.000000000
       1      15  -13.279267006    0.000000000
       1      16  -13.343611854    0.000000000
       1      17  -14.000152843    0.000000000
       1      18  -13.941762481    0.000000000
       1      19  -14.643702482    0.000000000
       1      20  -14.593831905    0.000000000
       1      21  -14.441070210    0.000000000
       1      22  -14.440829053    0.000000000
       1      23  -13.670657174    0.000000000
       1      24  -13.627871761    0.000000000
       1      25  -16.017566056    0.000000000
       1      26  -16.033529681    0.000000000
       1      27  -15.518142091    0.000000000
       1      28  -15.448831977    0.000000000
       1      29  -17.010151127    0.000000000
       1      30  -16.944470912    0.000000000
       1      31  -16.245794786    0.000000000
       1      32  -16.202138515    0.000000000
       1      33  -16.642458198    0.000000000
       1      34  -16.626543462    0.000000000
       1      35  -12.907576699    0.000000000
       1      36  -12.910059020    0.000000000
       1      37  -10.211770983    0.000000000
       1      38  -10.218041003    0.000000000
       1      39   -9.756417423    0.000000000
       1      40   -9.717263152    0.000000000
       1      41  -12.607588940    0.000000000
       1      42  -12.536087261    0.000000000
       1      43   -9.895947725    0.000000000
       1      44   -9.814083847    0.000000000
       1      45  -12.980791892    0.000000000
       1      46  -13.013097532    0.000000000
       1      47  -11.600218330    0.000000000
       1      48  -11.727338792    0.000000000
       1      49  -11.521722092    0.000000000
       1      50  -11.395463006    0.000000000
       1      51   -9.716267367    0.000000000
       1      52   -9.714992980    0.000000000
       1      53  -11.153501787    0.000000000
       1      54  -11.295370441    0.000000000
       1      55  -12.427099886    0.000000000
       1      56  -12.422275951    0.000000000
       1      57  -10.785306770    0.000000000
       1      58  -10.673410593    0.000000000
       1      59  -12.337751140    0.000000000
       1      60  -12.338482020    0.000000000
       1      61   -7.722841764    0.000000000
       1      62   -7.632088542    0.000000000
       1      63   -8.017940495    0.000000000
       1      64   -7.958862313    0.000000000
       1      65   -7.601655372    0.000000000
       1      66   -7.600210969    0.000000000
       1      67   -8.123507924    0.000000000
       1      68   -8.110808697    0.000000000
       1      69   -9.831250775    0.000000000
       1      70   -9.827804809    0.000000000
       1      71   -7.766903875    0.000000000
       1      72   -7.772756728    0.000000000
       1      73   -6.594977562    0.000000000
       1      74   -6.531585099    0.000000000
       1      75   -8.941222833    0.000000000
       1      76   -9.143181549    0.000000000
       1      77   -8.228860808    0.000000000
       1      78   -8.232146085    0.000000000
       1      79  -10.526393466    0.000000000
       1      80  -10.566197127    0.000000000
       1      81   -9.895620697    0.000000000
       1      82   -9.811268075    0.000000000
       1      83   -9.788633132    0.000000000
       1      84   -9.830866462    0.000000000
       1      85   -9.603360814    0.000000000
       1      86   -9.750051795    0.000000000
       1      87   -7.941173056    0.000000000
       1      88   -8.130537074    0.000000000
       1      89   -6.635630547    0.000000000
       1      90   -6.627257747    0.000000000
       1      91   -8.533658621    0.000000000
       1      92   -8.582921719    0.000000000
       1      93  -10.227954991    0.000000000
       1      94  -10.303390533    0.000000000
       1      95  -10.051188502    0.000000000
       1      96  -10.069112779    0.000000000
       1      97   -7.639345048    0.000000000
       1      98   -7.563429866    0.000000000
       1      99   -8.327444206    0.000000000
       1     100   -8.356788441    0.000000000
       1     101   -6.718800840    0.000000000
       1     102   -6.627703527    0.000000000
       1     103   -6.262838920    0.000000000
       1     104   -6.274501509    0.000000000
       1     105   -6.106345478    0.000000000
       1     106   -5.924402548    0.000000000
       1     107   -6.282413312    0.000000000
       1     108   -6.446171485    0.000000000
       1     109   -6.745216021    0.000000000
       1     110   -6.739750993    0.000000000
       1     111   -8.741533657    0.000000000
       1     112   -8.734746493    0.000000000
       1     113   -9.598788366    0.000000000
       1     114   -9.710851271    0.000000000
       1     115   -8.660969505    0.000000000
       1     116   -8.691509113    0.000000000
       1     117   -7.632193856    0.000000000
       1     118   -7.343001665    0.000000000
       1     119   -6.568741308    0.000000000
       1     120   -6.520131139    0.000000000
       1     121   -8.274912597    0.000000000
       1     122   -8.250076377    0.000000000
       1     123   -8.260899280    0.000000000
       1     124   -8.418748881    0.000000000
       1     125   -8.556606218    0.000000000
       1     126   -8.545965514    0.000000000
       1     127   -7.965646011    0.000000000
       1     128   -7.964168968    0.000000000
       1     129   -6.505719624    0.000000000
       1     130   -6.536090178    0.000000000
       1     131   -8.445292643    0.000000000
       1     132   -8.457579626    0.000000000
       1     133   -7.711909445    0.000000000
       1     134   -7.718699154    0.000000000
       1     135   -8.683366843    0.000000000
       1     136   -8.668218915    0.000000000
       1     137   -7.125230709    0.000000000
       1     138   -7.081709898    0.000000000
       1     139   -8.119370863    0.000000000
       1     140   -8.114646453    0.000000000
       1     141   -7.147449382    0.000000000
       1     142   -7.151157439    0.000000000
       1     143   -6.528898457    0.000000000
       1     144   -6.454575012    0.000000000
       1     145   -5.169196264    0.000000000
       1     146   -5.347697559    0.000000000
       1     147   -6.496237100    0.000000000
       1     148   -6.731276122    0.000000000
       1     149   -5.491522595    0.000000000
       1     150   -5.335777082    0.000000000
       1     151   -7.756522229    0.000000000
       1     152   -7.931473660    0.000000000
       1     153   -5.719789716    0.000000000
       1     154   -5.720168031    0.000000000
       1     155   -8.228885855    0.000000000
       1     156   -8.299882741    0.000000000
       1     157   -6.974603780    0.000000000
       1     158   -6.977959278    0.000000000
       1     159   -8.210904530    0.000000000
       1     160   -8.190111984    0.000000000
       1     161  -10.419506596    0.000000000
       1     162  -10.348818799    0.000000000
       1     163   -6.595998836    0.000000000
       1     164   -6.756088923    0.000000000
       1     165   -7.382430938    0.000000000
       1     166   -7.424515137    0.000000000
       1     167   -7.758199177    0.000000000
       1     168   -7.662650436    0.000000000
       1     169   -8.248535706    0.000000000
       1     170   -8.240635972    0.000000000
       1     171   -7.908219533    0.000000000
       1     172   -7.919894928    0.000000000
       1     173   -8.274924581    0.000000000
       1     174   -8.228289358    0.000000000
       1     175   -9.432955814    0.000000000
       1     176   -9.370944917    0.000000000
       1     177  -10.055211116    0.000000000
       1     178  -10.203911007    0.000000000
       1     179   -8.887813961    0.000000000
       1     180   -8.928576450    0.000000000
       1     181   -7.076257076    0.000000000
       1     182   -7.079066415    0.000000000
       1     183   -6.742345442    0.000000000
       1     184   -6.742180572    0.000000000
       1     185   -5.836755269    0.000000000
       1     186   -5.822354202    0.000000000
       1     187   -8.189576123    0.000000000
       1     188   -8.172724015    0.000000000
       1     189   -7.126316283    0.000000000
       1     190   -7.074652758    0.000000000
       1     191   -8.231712466    0.000000000
       1     192   -8.255650991    0.000000000
       1     193   -8.264841209    0.000000000
       1     194   -8.231128850    0.000000000
       1     195   -4.750910775    0.000000000
       1     196   -4.698974000    0.000000000
       1     197   -6.639918449    0.000000000
       1     198   -6.711642506    0.000000000
       1     199   -6.412357612    0.000000000
       1     200   -6.395933339    0.000000000
       1     201   -7.524380089    0.000000000
       1     202   -7.657945120    0.000000000
       1     203   -6.931748995    0.000000000
       1     204   -6.924176923    0.000000000
       1     205   -4.254015180    0.000000000
       1     206   -4.204434631    0.000000000
       1     207   -9.328777103    0.000000000
       1     208   -9.347646302    0.000000000
       1     209   -8.487662200    0.000000000
       1     210   -8.397556703    0.000000000
  0.500000000 -0.000000000  0.000000000     210       0
       1       1  -23.998175696    0.000000000
       1       2  -23.998175696    0.000000000
       1       3  -22.772014561    0.000000000
       1       4  -22.772014561    0.000000000
       1       5  -22.331372828    0.000000000
       1       6  -22.331372828    0.000000000
       1       7  -22.505273361    0.000000000
       1       8  -22.505273361    0.000000000
       1       9  -14.428055811    0.000000000
       1      10  -14.428055811    0.000000000
       1      11  -14.372376285    0.000000000
       1      12  -14.372376285    0.000000000
       1      13  -12.680946250    0.000000000
       1      14  -12.680946250    0.000000000
       1      15  -12.972476354    0.000000000
       1      16  -12.972476354    0.000000000
       1      17  -14.138015417    0.000000000
       1      18  -14.138015417    0.000000000
       1      19  -15.232894755    0.000000000
       1      20  -15.232894755    0.000000000
       1      21  -13.879856142    0.000000000
       1      22  -13.879856142    0.000000000
       1      23  -14.104348732    0.000000000
       1      24  -14.104348732    0.000000000
       1      25  -14.428004015    0.000000000
       1      26  -14.428004015    0.000000000
       1      27  -18.614078589    0.000000000
       1      28  -18.614078589    0.000000000
       1      29  -17.843543665    0.000000000
       1      30  -17.843543665    0.000000000
       1      31  -15.203697371    0.000000000
       1      32  -15.203697371    0.000000000
       1      33  -16.617992615    0.000000000
       1      34  -16.617992615    0.000000000
       1      35  -11.847351409    0.000000000
       1      36  -11.847351409    0.000000000
       1      37  -11.687215944    0.000000000
       1      38  -11.687215944    0.000000000
       1      39  -11.686176018    0.000000000
       1      40  -11.686176018    0.000000000
       1      41  -10.683997555    0.000000000
       1      42  -10.683997555    0.000000000
       1      43  -11.032463115    0.000000000
       1      44  -11.032463115    0.000000000
       1      45  -12.241433487    0.000000000
       1      46  -12.241433487    0.000000000
       1      47   -7.822416150    0.000000000
       1      48   -7.822416150    0.000000000
       1      49  -10.158851658    0.000000000
       1      50  -10.158851658    0.000000000
       1      51   -9.177283393    0.000000000
       1      52   -9.177283393    0.000000000
       1      53  -11.231603860    0.000000000
       1      54  -11.231603860    0.000000000
       1      55   -9.174656013    0.000000000
       1      56   -9.174656013    0.000000000
       1      57  -13.164036555    0.000000000
       1      58  -13.164036555    0.000000000
       1      59  -13.428061787    0.000000000
       1      60  -13.428061788    0.000000000
       1      61   -9.546529264    0.000000000
       1      62   -9.546529264    0.000000000
       1      63   -8.906761928    0.000000000
       1      64   -8.906761928    0.000000000
       1      65  -10.420294367    0.000000000
       1      66  -10.420294367    0.000000000
       1      67   -9.103643005    0.000000000
       1      68   -9.103643005    0.000000000
       1      69  -10.024876272    0.000000000
       1      70  -10.024876272    0.000000000
       1      71   -8.421535366    0.000000000
       1      72   -8.421535366    0.000000000
       1      73   -8.416428235    0.000000000
       1      74   -8.416428235    0.000000000
       1      75   -9.945576992    0.000000000
       1      76   -9.945576991    0.000000000
       1      77  -11.522561634    0.000000000
       1      78  -11.522561634    0.000000000
       1      79   -4.633744849    0.000000000
       1      80   -4.633744849    0.000000000
       1      81  -11.511185854    0.000000000
       1      82  -11.511185854    0.000000000
       1      83   -5.317200199    0.000000000
       1      84   -5.317200199    0.000000000
       1      85   -7.199335912    0.000000000
       1      86   -7.199335912    0.000000000
       1      87   -4.921279060    0.000000000
       1      88   -4.921279060    0.000000000
       1      89   -5.864091852    0.000000000
       1      90   -5.864091852    0.000000000
       1      91   -7.913888020    0.000000000
       1      92   -7.913888020    0.000000000
       1      93   -8.591223765    0.000000000
       1      94   -8.591223765    0.000000000
       1      95   -7.173661013    0.000000000
       1      96   -7.173661013    0.000000000
       1      97   -8.631188030    0.000000000
       1      98   -8.631188030    0.000000000
       1      99   -9.910528893    0.000000000
       1     100   -9.910528893    0.000000000
       1     101   -9.466084225    0.000000000
       1     102   -9.466084225    0.000000000
       1     103   -8.854058430    0.000000000
       1     104   -8.854058430    0.000000000
       1     105   -9.918505549    0.000000000
       1     106   -9.918505549    0.000000000
       1     107   -8.803511698    0.000000000
       1     108   -8.803511698    0.000000000
       1     109  -11.156473901    0.000000000
       1     110  -11.156473900    0.000000000
       1     111  -10.032048597    0.000000000
       1     112  -10.032048596    0.000000000
       1     113   -9.506082808    0.000000000
       1     114   -9.506082808    0.000000000
       1     115   -8.233111934    0.000000000
       1     116   -8.233111934    0.000000000
       1     117   -3.616960590    0.000000000
       1     118   -3.616960590    0.000000000
       1     119   -6.597787807    0.000000000
       1     120   -6.597787807    0.000000000
       1     121   -5.328764934    0.000000000
       1     122   -5.328764934    0.000000000
       1     123   -5.934049420    0.000000000
       1     124   -5.934049419    0.000000000
       1     125   -6.530145625    0.000000000
       1     126   -6.530145625    0.000000000
       1     127   -9.166587917    0.000000000
       1     128   -9.166587917    0.000000000
       1     129  -10.651147868    0.000000000
       1     130  -10.651147868    0.000000000
       1     131   -9.234720854    0.000000000
       1     132   -9.234720854    0.000000000
       1     133   -7.148754080    0.000000000
       1     134   -7.148754080    0.000000000
       1     135   -9.404155463    0.000000000
       1     136   -9.404155463    0.000000000
       1     137   -9.365772450    0.000000000
       1     138   -9.365772450    0.000000000
       1     139   -7.938106114    0.000000000
       1     140   -7.938106114    0.000000000
       1     141   -7.179243765    0.000000000
       1     142   -7.179243765    0.000000000
       1     143   -8.632798228    0.000000000
       1     144   -8.632798228    0.000000000
       1     145   -6.969102530    0.000000000
       1     146   -6.969102530    0.000000000
       1     147   -8.624594336    0.000000000
       1     148   -8.624594337    0.000000000
       1     149   -7.289453466    0.000000000
       1     150   -7.289453467    0.000000000
       1     151   -6.347929276    0.000000000
       1     152   -6.347929276    0.000000000
       1     153   -7.099567270    0.000000000
       1     154   -7.099567269    0.000000000
       1     155   -9.871755325    0.000000000
       1     156   -9.871755325    0.000000000
       1     157   -7.099910037    0.000000000
       1     158   -7.099910038    0.000000000
       1     159   -6.100246316    0.000000000
       1     160   -6.100246317    0.000000000
       1     161   -6.259815710    0.000000000
       1     162   -6.259815710    0.000000000
       1     163   -8.291131396    0.000000000
       1     164   -8.291131396    0.000000000
       1     165   -5.578234199    0.000000000
       1     166   -5.578234200    0.000000000
       1     167   -5.739682105    0.000000000
       1     168   -5.739682105    0.000000000
       1     169   -9.067256204    0.000000000
       1     170   -9.067256204    0.000000000
       1     171   -7.812109443    0.000000000
       1     172   -7.812109443    0.000000000
       1     173   -8.671004057    0.000000000
       1     174   -8.671004059    0.000000000
       1     175   -6.448543780    0.000000000
       1     176   -6.448543779    0.000000000
       1     177   -6.372392406    0.000000000
       1     178   -6.372392408    0.000000000
       1     179   -9.197732520    0.000000000
       1     180   -9.197732519    0.000000000
       1     181  -10.405355168    0.000000000
       1     182  -10.405355169    0.000000000
       1     183   -7.890006948    0.000000000
       1     184   -7.890006948    0.000000000
       1     185   -6.774082591    0.000000000
       1     186   -6.774082592    0.000000000
       1     187   -9.606798651    0.000000000
       1     188   -9.606798651    0.000000000
       1     189   -7.438143164    0.000000000
       1     190   -7.438143173    0.000000000
       1     191   -6.896998150    0.000000000
       1     192   -6.896998149    0.000000000
       1     193   -6.392902209    0.000000000
       1     194   -6.392902209    0.000000000
       1     195   -9.040574564    0.000000000
       1     196   -9.040574562    0.000000000
       1     197   -8.989380669    0.000000000
       1     198   -8.989380674    0.000000000
       1     199   -6.692446595    0.000000000
       1     200   -6.692446588    0.000000000
       1     201   -6.646558890    0.000000000
       1     202   -6.646558866    0.000000000
       1     203   -5.278191518    0.000000000
       1     204   -5.278191463    0.000000000
       1     205   -6.550415252    0.000000000
       1     206   -6.550415274    0.000000000
       1     207   -5.058812300    0.000000000
       1     208   -5.058812503    0.000000000
       1     209   -5.733902946    0.000000000
       1     210   -5.733903147    0.000000000
  0.500000000  0.166666667  0.000000000     210       0
       1       1  -23.992280249    0.000000000
       1       2  -23.992282290    0.000000000
       1       3  -22.768180459    0.000000000
       1       4  -22.782787006    0.000000000
       1       5  -22.342372998    0.000000000
       1       6  -22.360917258    0.000000000
       1       7  -22.470808936    0.000000000
       1       8  -22.473536641    0.000000000
       1       9  -14.387934387    0.000000000
       1      10  -14.412775704    0.000000000
       1      11  -14.372753508    0.000000000
       1      12  -14.372213756    0.000000000
       1      13  -12.986806538   -0.000000000
       1      14  -12.999008803    0.000000000
       1      15  -13.584230633    0.000000000
       1      16  -13.605236158    0.000000000
       1      17  -13.840817315    0.000000000
       1      18  -13.900134754    0.000000000
       1      19  -14.111484854    0.000000000
       1      20  -14.130160109    0.000000000
       1      21  -13.385270887    0.000000000
       1      22  -13.420224894    0.000000000
       1      23  -13.921376446    0.000000000
       1      24  -13.910406889    0.000000000
       1      25  -15.776435893    0.000000000
       1      26  -15.702336765    0.000000000
       1      27  -17.232654446    0.000000000
       1      28  -17.065050581    0.000000000
       1      29  -18.110320372    0.000000000
       1      30  -17.908958758    0.000000000
       1      31  -15.888957278    0.000000000
       1      32  -15.922035052    0.000000000
       1      33  -16.559587209    0.000000000
       1      34  -16.579386362    0.000000000
       1      35  -12.131185471    0.000000000
       1      36  -12.059536452    0.000000000
       1      37  -11.328734990    0.000000000
       1      38  -11.224090522    0.000000000
       1      39  -11.270716232    0.000000000
       1      40  -11.337036680    0.000000000
       1      41  -11.470399831    0.000000000
       1      42  -11.577755307    0.000000000
       1      43  -10.797572975    0.000000000
       1      44  -10.806140634    0.000000000
       1      45  -12.275187688    0.000000000
       1      46  -12.253750011    0.000000000
       1      47  -10.007281436    0.000000000
       1      48  -10.003608815    0.000000000
       1      49  -11.577901215    0.000000000
       1      50  -11.578804416    0.000000000
       1      51  -10.590328943    0.000000000
       1      52  -10.614074703    0.000000000
       1      53  -11.441626021    0.000000000
       1      54  -11.425833368    0.000000000
       1      55   -9.571140247    0.000000000
       1      56   -9.647139660    0.000000000
       1      57   -9.253774281    0.000000000
       1      58   -9.362151416    0.000000000
       1      59   -8.669954428    0.000000000
       1      60   -8.687350569    0.000000000
       1      61   -9.411719150    0.000000000
       1      62   -9.465813483    0.000000000
       1      63   -9.886144165    0.000000000
       1      64   -9.881222085    0.000000000
       1      65   -9.532263727    0.000000000
       1      66   -9.471621686    0.000000000
       1      67   -9.874373124    0.000000000
       1      68   -9.947531314    0.000000000
       1      69   -9.484454130    0.000000000
       1      70   -9.453817735    0.000000000
       1      71  -10.170540044    0.000000000
       1      72  -10.234947305    0.000000000
       1      73   -9.797044203    0.000000000
       1      74   -9.758786994    0.000000000
       1      75   -8.039720994    0.000000000
       1      76   -7.973849526    0.000000000
       1      77   -7.114130578    0.000000000
       1      78   -7.104647061    0.000000000
       1      79   -8.446874615    0.000000000
       1      80   -8.416479395    0.000000000
       1      81   -7.840993235    0.000000000
       1      82   -7.829371576    0.000000000
       1      83   -8.353170654    0.000000000
       1      84   -8.340031976    0.000000000
       1      85   -6.438145428    0.000000000
       1      86   -6.429345066    0.000000000
       1      87   -9.651810337    0.000000000
       1      88   -9.673637241    0.000000000
       1      89  -10.013965905    0.000000000
       1      90   -9.992400440    0.000000000
       1      91   -7.843215703    0.000000000
       1      92   -7.820274074   -0.000000000
       1      93   -7.537610170    0.000000000
       1      94   -7.593001164    0.000000000
       1      95   -8.818895740    0.000000000
       1      96   -8.788541745    0.000000000
       1      97   -9.768755556    0.000000000
       1      98   -9.768365540    0.000000000
       1      99   -8.237238054    0.000000000
       1     100   -8.237125661    0.000000000
       1     101   -6.185193415    0.000000000
       1     102   -6.192346427    0.000000000
       1     103   -6.219933595    0.000000000
       1     104   -6.222960478    0.000000000
       1     105   -7.862037921    0.000000000
       1     106   -7.873807654    0.000000000
       1     107   -7.934087233    0.000000000
       1     108   -7.936803972    0.000000000
       1     109   -9.083648319    0.000000000
       1     110   -9.044524933    0.000000000
       1     111   -8.866935426    0.000000000
       1     112   -8.816124357    0.000000000
       1     113   -6.285646369    0.000000000
       1     114   -6.287823282    0.000000000
       1     115   -7.920066115    0.000000000
       1     116   -7.925532107    0.000000000
       1     117   -9.230740829    0.000000000
       1     118   -9.302127235    0.000000000
       1     119   -7.204369496    0.000000000
       1     120   -7.199134100    0.000000000
       1     121   -8.512925713    0.000000000
       1     122   -8.508880172    0.000000000
       1     123   -9.727788507    0.000000000
       1     124   -9.785132061    0.000000000
       1     125   -9.133333361    0.000000000
       1     126   -9.139714256    0.000000000
       1     127   -7.431459031    0.000000000
       1     128   -7.425107483    0.000000000
       1     129   -9.455454111    0.000000000
       1     130   -9.446544269    0.000000000
       1     131   -7.300737359    0.000000000
       1     132   -7.283145704    0.000000000
       1     133   -7.613251994    0.000000000
       1     134   -7.609779473    0.000000000
       1     135   -9.992152763    0.000000000
       1     136  -10.063307262    0.000000000
       1     137   -9.523223272    0.000000000
       1     138   -9.532803269    0.000000000
       1     139   -6.522370407    0.000000000
       1     140   -6.516515743    0.000000000
       1     141   -6.540708920    0.000000000
       1     142   -6.508469637    0.000000000
       1     143   -7.968963973    0.000000000
       1     144   -7.973404104    0.000000000
       1     145   -6.900044148    0.000000000
       1     146   -6.891065452    0.000000000
       1     147   -7.847266073    0.000000000
       1     148   -7.880748677    0.000000000
       1     149   -7.444903132    0.000000000
       1     150   -7.439848962    0.000000000
       1     151   -7.977045673    0.000000000
       1     152   -7.991740237    0.000000000
       1     153   -8.732049493    0.000000000
       1     154   -8.754488405    0.000000000
       1     155   -8.945455444    0.000000000
       1     156   -8.941459277    0.000000000
       1     157   -7.784994245    0.000000000
       1     158   -7.776439517    0.000000000
       1     159   -7.652570992    0.000000000
       1     160   -7.672297782    0.000000000
       1     161   -9.563823260    0.000000000
       1     162   -9.603232545    0.000000000
       1     163   -7.358077366    0.000000000
       1     164   -7.354868149    0.000000000
       1     165   -7.032629095    0.000000000
       1     166   -7.058550944    0.000000000
       1     167   -7.368750034    0.000000000
       1     168   -7.360776941    0.000000000
       1     169   -5.537102405    0.000000000
       1     170   -5.569676932    0.000000000
       1     171   -7.548088271    0.000000000
       1     172   -7.555454860    0.000000000
       1     173   -6.522463272    0.000000000
       1     174   -6.517434958    0.000000000
       1     175   -6.649112116    0.000000000
       1     176   -6.649617464    0.000000000
       1     177   -6.173828957    0.000000000
       1     178   -6.183582814    0.000000000
       1     179   -6.067128862    0.000000000
       1     180   -6.063748608    0.000000000
       1     181   -8.180072880    0.000000000
       1     182   -8.160690821    0.000000000
       1     183   -6.348997703    0.000000000
       1     184   -6.366903185    0.000000000
       1     185   -7.934286628    0.000000000
       1     186   -7.953832936    0.000000000
       1     187   -5.631408296    0.000000000
       1     188   -5.649332727    0.000000000
       1     189   -8.157690231    0.000000000
       1     190   -8.219890234    0.000000000
       1     191   -8.490024680    0.000000000
       1     192   -8.510146848    0.000000000
       1     193   -7.483086951    0.000000000
       1     194   -7.479771491    0.000000000
       1     195   -8.079957933    0.000000000
       1     196   -8.077733833    0.000000000
       1     197   -8.386028806    0.000000000
       1     198   -8.368169052    0.000000000
       1     199   -7.762996789    0.000000000
       1     200   -7.778291909    0.000000000
       1     201   -7.225432686    0.000000000
       1     202   -7.243495489    0.000000000
       1     203   -6.008618985    0.000000000
       1     204   -6.020186007    0.000000000
       1     205   -6.037786008    0.000000000
       1     206   -6.046657934    0.000000000
       1     207   -6.846538832    0.000000000
       1     208   -6.832640905    0.000000000
       1     209   -6.705456720    0.000000000
       1     210   -6.461920231    0.000000000
  0.500000000  0.333333333  0.000000000     210       0
       1       1  -23.992280355    0.000000000
       1       2  -23.992282396    0.000000000
       1       3  -22.768180420    0.000000000
       1       4  -22.782786974    0.000000000
       1       5  -22.342373253    0.000000000
       1       6  -22.360917665    0.000000000
       1       7  -22.470808092    0.000000000
       1       8  -22.473535648    0.000000000
       1       9  -14.387934920    0.000000000
       1      10  -14.412776231    0.000000000
       1      11  -14.372754538   -0.000000000
       1      12  -14.372214760    0.000000000
       1      13  -12.986808744    0.000000000
       1      14  -12.999010993    0.000000000
       1      15  -13.584233725    0.000000000
       1      16  -13.605239387    0.000000000
       1      17  -13.840816033    0.000000000
       1      18  -13.900132987    0.000000000
       1      19  -14.111483638    0.000000000
       1      20  -14.130158902    0.000000000
       1      21  -13.385264913   -0.000000000
       1      22  -13.420217878    0.000000000
       1      23  -13.921375217    0.000000000
       1      24  -13.910405880    0.000000000
       1      25  -15.776444022    0.000000000
       1      26  -15.702344865    0.000000000
       1      27  -17.232659941    0.000000000
       1      28  -17.065054486    0.000000000
       1      29  -18.110305569    0.000000000
       1      30  -17.908943463    0.000000000
       1      31  -15.888947310    0.000000000
       1      32  -15.922024760    0.000000000
       1      33  -16.559580634    0.000000000
       1      34  -16.579378974    0.000000000
       1      35  -12.131198964    0.000000000
       1      36  -12.059549739    0.000000000
       1      37  -11.328730970    0.000000000
       1      38  -11.224096637    0.000000000
       1      39  -11.270739287    0.000000000
       1      40  -11.337047656    0.000000000
       1      41  -11.470444907    0.000000000
       1      42  -11.577802313    0.000000000
       1      43  -10.797525150    0.000000000
       1      44  -10.806093721    0.000000000
       1      45  -12.275169157    0.000000000
       1      46  -12.253732568    0.000000000
       1      47  -10.007275480    0.000000000
       1      48  -10.003602550    0.000000000
       1      49  -11.577899452    0.000000000
       1      50  -11.578802171    0.000000000
       1      51  -10.590317241    0.000000000
       1      52  -10.614063626    0.000000000
       1      53  -11.441647802    0.000000000
       1      54  -11.425854844    0.000000000
       1      55   -9.571157206    0.000000000
       1      56   -9.647157178    0.000000000
       1      57   -9.253776539    0.000000000
       1      58   -9.362155394    0.000000000
       1      59   -8.669957463    0.000000000
       1      60   -8.687367005    0.000000000
       1      61   -9.411698102    0.000000000
       1      62   -9.465804777    0.000000000
       1      63   -9.886137261    0.000000000
       1      64   -9.881215054    0.000000000
       1      65   -9.532259135    0.000000000
       1      66   -9.471617555    0.000000000
       1      67   -9.874387149    0.000000000
       1      68   -9.947544286    0.000000000
       1      69   -9.484426699    0.000000000
       1      70   -9.453789954    0.000000000
       1      71  -10.170566665    0.000000000
       1      72  -10.234974445    0.000000000
       1      73   -9.797002732    0.000000000
       1      74   -9.758752040    0.000000000
       1      75   -8.039735930    0.000000000
       1      76   -7.973871353    0.000000000
       1      77   -7.114130464    0.000000000
       1      78   -7.104647195    0.000000000
       1      79   -8.446864374    0.000000000
       1      80   -8.416469085    0.000000000
       1      81   -7.840986299    0.000000000
       1      82   -7.829364003    0.000000000
       1      83   -8.353165746    0.000000000
       1      84   -8.340026906    0.000000000
       1      85   -6.438152093    0.000000000
       1      86   -6.429351164    0.000000000
       1      87   -9.651816034    0.000000000
       1      88   -9.673643106    0.000000000
       1      89  -10.013924455    0.000000000
       1      90   -9.992360813    0.000000000
       1      91   -7.843240487    0.000000000
       1      92   -7.820298732    0.000000000
       1      93   -7.537659072    0.000000000
       1      94   -7.593050661    0.000000000
       1      95   -8.818881294    0.000000000
       1      96   -8.788527546    0.000000000
       1      97   -9.768702218    0.000000000
       1      98   -9.768310509    0.000000000
       1      99   -8.237216067    0.000000000
       1     100   -8.237104999    0.000000000
       1     101   -6.185141625    0.000000000
       1     102   -6.192296663    0.000000000
       1     103   -6.219955362    0.000000000
       1     104   -6.222981831    0.000000000
       1     105   -7.862149252    0.000000000
       1     106   -7.873917303    0.000000000
       1     107   -7.934098054    0.000000000
       1     108   -7.936816575    0.000000000
       1     109   -9.083635611    0.000000000
       1     110   -9.044510649    0.000000000
       1     111   -8.866948579    0.000000000
       1     112   -8.816140148    0.000000000
       1     113   -6.285678092    0.000000000
       1     114   -6.287857102    0.000000000
       1     115   -7.920051658    0.000000000
       1     116   -7.925523622    0.000000000
       1     117   -9.230743339    0.000000000
       1     118   -9.302124591    0.000000000
       1     119   -7.204407573    0.000000000
       1     120   -7.199172015    0.000000000
       1     121   -8.512883704    0.000000000
       1     122   -8.508838085    0.000000000
       1     123   -9.727785823    0.000000000
       1     124   -9.785132171    0.000000000
       1     125   -9.133338277    0.000000000
       1     126   -9.139719302    0.000000000
       1     127   -7.431470668    0.000000000
       1     128   -7.425119692    0.000000000
       1     129   -9.455425723    0.000000000
       1     130   -9.446515583    0.000000000
       1     131   -7.300748079    0.000000000
       1     132   -7.283154961    0.000000000
       1     133   -7.613262783    0.000000000
       1     134   -7.609791716    0.000000000
       1     135   -9.992078865    0.000000000
       1     136  -10.063229284    0.000000000
       1     137   -9.523210528    0.000000000
       1     138   -9.532790138    0.000000000
       1     139   -6.522360472    0.000000000
       1     140   -6.516505110   -0.000000000
       1     141   -6.540717359    0.000000000
       1     142   -6.508474888    0.000000000
       1     143   -7.968888863    0.000000000
       1     144   -7.973329304    0.000000000
       1     145   -6.900113487    0.000000000
       1     146   -6.891134685    0.000000000
       1     147   -7.847312308    0.000000000
       1     148   -7.880795648    0.000000000
       1     149   -7.444916641    0.000000000
       1     150   -7.439859093    0.000000000
       1     151   -7.977066251    0.000000000
       1     152   -7.991754734    0.000000000
       1     153   -8.732037851    0.000000000
       1     154   -8.754477394    0.000000000
       1     155   -8.945451307    0.000000000
       1     156   -8.941454956    0.000000000
       1     157   -7.785061214    0.000000000
       1     158   -7.776506776    0.000000000
       1     159   -7.652518707    0.000000000
       1     160   -7.672239622    0.000000000
       1     161   -9.563802451    0.000000000
       1     162   -9.603215644    0.000000000
       1     163   -7.358075833    0.000000000
       1     164   -7.354864529    0.000000000
       1     165   -7.032685348    0.000000000
       1     166   -7.058615761    0.000000000
       1     167   -7.368752166    0.000000000
       1     168   -7.360778591    0.000000000
       1     169   -5.537170653    0.000000000
       1     170   -5.569744990    0.000000000
       1     171   -7.548069647    0.000000000
       1     172   -7.555436017    0.000000000
       1     173   -6.522449835    0.000000000
       1     174   -6.517421567    0.000000000
       1     175   -6.649142691    0.000000000
       1     176   -6.649648231    0.000000000
       1     177   -6.173802863    0.000000000
       1     178   -6.183554654    0.000000000
       1     179   -6.067158826    0.000000000
       1     180   -6.063779101    0.000000000
       1     181   -8.180151603    0.000000000
       1     182   -8.160770396    0.000000000
       1     183   -6.348961484    0.000000000
       1     184   -6.366867953    0.000000000
       1     185   -7.934291808    0.000000000
       1     186   -7.953834660    0.000000000
       1     187   -5.631380498    0.000000000
       1     188   -5.649311021    0.000000000
       1     189   -8.157694836    0.000000000
       1     190   -8.219907684    0.000000000
       1     191   -8.489979735    0.000000000
       1     192   -8.510103229    0.000000000
       1     193   -7.483076186    0.000000000
       1     194   -7.479760487    0.000000000
       1     195   -8.080015792    0.000000000
       1     196   -8.077788460    0.000000000
       1     197   -8.386372237    0.000000000
       1     198   -8.368523859    0.000000000
       1     199   -7.762725269    0.000000000
       1     200   -7.778008067    0.000000000
       1     201   -7.225509182    0.000000000
       1     202   -7.243568322    0.000000000
       1     203   -6.008492687    0.000000000
       1     204   -6.020056358    0.000000000
       1     205   -6.037708404    0.000000000
       1     206   -6.046579136    0.000000000
       1     207   -6.846597371    0.000000000
       1     208   -6.832696969    0.000000000
       1     209   -6.703879102    0.000000000
       1     210   -6.460495967    0.000000000
  0.500000000  0.500000000  0.000000000     210       0
       1       1  -23.998175926    0.000000000
       1       2  -23.998175926    0.000000000
       1       3  -22.772014481    0.000000000
       1       4  -22.772014481    0.000000000
       1       5  -22.331373162    0.000000000
       1       6  -22.331373162    0.000000000
       1       7  -22.505271848    0.000000000
       1       8  -22.505271848    0.000000000
       1       9  -14.428056968    0.000000000
       1      10  -14.428056968    0.000000000
       1      11  -14.372378293    0.000000000
       1      12  -14.372378293    0.000000000
       1      13  -12.680947228    0.000000000
       1      14  -12.680947228    0.000000000
       1      15  -12.972478465    0.000000000
       1      16  -12.972478465    0.000000000
       1      17  -14.138011755    0.000000000
       1      18  -14.138011755    0.000000000
       1      19  -15.232890758    0.000000000
       1      20  -15.232890758    0.000000000
       1      21  -13.879856187    0.000000000
       1      22  -13.879856187    0.000000000
       1      23  -14.104341699    0.000000000
       1      24  -14.104341699    0.000000000
       1      25  -14.428013844    0.000000000
       1      26  -14.428013844    0.000000000
       1      27  -18.614084493    0.000000000
       1      28  -18.614084493    0.000000000
       1      29  -17.843522427    0.000000000
       1      30  -17.843522427    0.000000000
       1      31  -15.203689310    0.000000000
       1      32  -15.203689310    0.000000000
       1      33  -16.617985664    0.000000000
       1      34  -16.617985664    0.000000000
       1      35  -11.847372037    0.000000000
       1      36  -11.847372037    0.000000000
       1      37  -11.687206140    0.000000000
       1      38  -11.687206140    0.000000000
       1      39  -11.686182275    0.000000000
       1      40  -11.686182275    0.000000000
       1      41  -10.684006290    0.000000000
       1      42  -10.684006290    0.000000000
       1      43  -11.032452537    0.000000000
       1      44  -11.032452537    0.000000000
       1      45  -12.241431684    0.000000000
       1      46  -12.241431684    0.000000000
       1      47   -7.822413817    0.000000000
       1      48   -7.822413817    0.000000000
       1      49  -10.158855780    0.000000000
       1      50  -10.158855780    0.000000000
       1      51   -9.179511304    0.000000000
       1      52   -9.179511304    0.000000000
       1      53  -11.229371724    0.000000000
       1      54  -11.229371724    0.000000000
       1      55   -9.174648765    0.000000000
       1      56   -9.174648765    0.000000000
       1      57  -13.164019591    0.000000000
       1      58  -13.164019591    0.000000000
       1      59  -13.428061027    0.000000000
       1      60  -13.428061027    0.000000000
       1      61   -9.546532035    0.000000000
       1      62   -9.546532035    0.000000000
       1      63   -8.906761720    0.000000000
       1      64   -8.906761720    0.000000000
       1      65  -10.420286953    0.000000000
       1      66  -10.420286953    0.000000000
       1      67   -9.103592593    0.000000000
       1      68   -9.103592593    0.000000000
       1      69  -10.024891862    0.000000000
       1      70  -10.024891862    0.000000000
       1      71   -8.422176810    0.000000000
       1      72   -8.422176810    0.000000000
       1      73   -8.415843403    0.000000000
       1      74   -8.415843403    0.000000000
       1      75   -9.945718832    0.000000000
       1      76   -9.945718832    0.000000000
       1      77  -11.522583986    0.000000000
       1      78  -11.522583986    0.000000000
       1      79   -4.633695687    0.000000000
       1      80   -4.633695687    0.000000000
       1      81  -11.511315156    0.000000000
       1      82  -11.511315156    0.000000000
       1      83   -5.316986923    0.000000000
       1      84   -5.316986923    0.000000000
       1      85   -7.199303280    0.000000000
       1      86   -7.199303280    0.000000000
       1      87   -4.921265243    0.000000000
       1      88   -4.921265243    0.000000000
       1      89   -5.864072009    0.000000000
       1      90   -5.864072009    0.000000000
       1      91   -7.913881920    0.000000000
       1      92   -7.913881920    0.000000000
       1      93   -8.591239336    0.000000000
       1      94   -8.591239336    0.000000000
       1      95   -7.173657087    0.000000000
       1      96   -7.173657087    0.000000000
       1      97   -8.631164851    0.000000000
       1      98   -8.631164851    0.000000000
       1      99   -9.910562295    0.000000000
       1     100   -9.910562295    0.000000000
       1     101   -9.466003271    0.000000000
       1     102   -9.466003271    0.000000000
       1     103   -8.854131072    0.000000000
       1     104   -8.854131072    0.000000000
       1     105   -9.918539390    0.000000000
       1     106   -9.918539390    0.000000000
       1     107   -8.804222178    0.000000000
       1     108   -8.804222178    0.000000000
       1     109  -11.155797472    0.000000000
       1     110  -11.155797472    0.000000000
       1     111  -10.032163490    0.000000000
       1     112  -10.032163490    0.000000000
       1     113   -9.506016780    0.000000000
       1     114   -9.506016780    0.000000000
       1     115   -8.233003927    0.000000000
       1     116   -8.233003927    0.000000000
       1     117   -3.616941834    0.000000000
       1     118   -3.616941834    0.000000000
       1     119   -6.597802205    0.000000000
       1     120   -6.597802205    0.000000000
       1     121   -5.328728276    0.000000000
       1     122   -5.328728276    0.000000000
       1     123   -5.934109218    0.000000000
       1     124   -5.934109218    0.000000000
       1     125   -6.530064606    0.000000000
       1     126   -6.530064606    0.000000000
       1     127   -9.166553004    0.000000000
       1     128   -9.166553004    0.000000000
       1     129  -10.651135776    0.000000000
       1     130  -10.651135776    0.000000000
       1     131   -9.234864363    0.000000000
       1     132   -9.234864364    0.000000000
       1     133   -7.148797999    0.000000000
       1     134   -7.148797999    0.000000000
       1     135   -9.404114263    0.000000000
       1     136   -9.404114263    0.000000000
       1     137   -9.365727768    0.000000000
       1     138   -9.365727768    0.000000000
       1     139   -7.938091023    0.000000000
       1     140   -7.938091024    0.000000000
       1     141   -7.179190747    0.000000000
       1     142   -7.179190747    0.000000000
       1     143   -8.632888981    0.000000000
       1     144   -8.632888980    0.000000000
       1     145   -6.969168141    0.000000000
       1     146   -6.969168141    0.000000000
       1     147   -8.624611065    0.000000000
       1     148   -8.624611065    0.000000000
       1     149   -7.289470933    0.000000000
       1     150   -7.289470933    0.000000000
       1     151   -6.347938863    0.000000000
       1     152   -6.347938863    0.000000000
       1     153   -7.099575065    0.000000000
       1     154   -7.099575065    0.000000000
       1     155   -9.871729656    0.000000000
       1     156   -9.871729656    0.000000000
       1     157   -7.099930410    0.000000000
       1     158   -7.099930410    0.000000000
       1     159   -6.100244594    0.000000000
       1     160   -6.100244594    0.000000000
       1     161   -6.259816703    0.000000000
       1     162   -6.259816702    0.000000000
       1     163   -8.291176091    0.000000000
       1     164   -8.291176092    0.000000000
       1     165   -5.578146668    0.000000000
       1     166   -5.578146669    0.000000000
       1     167   -5.739638688    0.000000000
       1     168   -5.739638687    0.000000000
       1     169   -9.067357718    0.000000000
       1     170   -9.067357719    0.000000000
       1     171   -7.812147322    0.000000000
       1     172   -7.812147320    0.000000000
       1     173   -8.671009980    0.000000000
       1     174   -8.671009978    0.000000000
       1     175   -6.448518546    0.000000000
       1     176   -6.448518547    0.000000000
       1     177   -6.372410426    0.000000000
       1     178   -6.372410423    0.000000000
       1     179   -9.197759064    0.000000000
       1     180   -9.197759060    0.000000000
       1     181  -10.405351654    0.000000000
       1     182  -10.405351654    0.000000000
       1     183   -7.890036873    0.000000000
       1     184   -7.890036871    0.000000000
       1     185   -6.774105930    0.000000000
       1     186   -6.774105931    0.000000000
       1     187   -9.606760091    0.000000000
       1     188   -9.606760095    0.000000000
       1     189   -7.438140621    0.000000000
       1     190   -7.438140621    0.000000000
       1     191   -6.897058673    0.000000000
       1     192   -6.897058676    0.000000000
       1     193   -6.392874987    0.000000000
       1     194   -6.392874987    0.000000000
       1     195   -9.040576799    0.000000000
       1     196   -9.040576806    0.000000000
       1     197   -8.989475911    0.000000000
       1     198   -8.989475917    0.000000000
       1     199   -6.692318272    0.000000000
       1     200   -6.692318306    0.000000000
       1     201   -6.646623068    0.000000000
       1     202   -6.646623091    0.000000000
       1     203   -5.278278149    0.000000000
       1     204   -5.278278123    0.000000000
       1     205   -6.550360671    0.000000000
       1     206   -6.550360564    0.000000000
       1     207   -5.058839925    0.000000000
       1     208   -5.058840068    0.000000000
       1     209   -5.733904011    0.000000000
       1     210   -5.733904209    0.000000000
  0.500000000  0.666666667  0.000000000     210       0
       1       1  -23.992280355    0.000000000
       1       2  -23.992282396    0.000000000
       1       3  -22.768180420    0.000000000
       1       4  -22.782786974    0.000000000
       1       5  -22.342373253    0.000000000
       1       6  -22.360917665    0.000000000
       1       7  -22.470808092    0.000000000
       1       8  -22.473535648    0.000000000
       1       9  -14.387934920    0.000000000
       1      10  -14.412776231    0.000000000
       1      11  -14.372754538    0.000000000
       1      12  -14.372214760    0.000000000
       1      13  -12.986808744    0.000000000
       1      14  -12.999010993    0.000000000
       1      15  -13.584233725    0.000000000
       1      16  -13.605239387    0.000000000
       1      17  -13.840816033    0.000000000
       1      18  -13.900132987    0.000000000
       1      19  -14.111483638    0.000000000
       1      20  -14.130158902    0.000000000
       1      21  -13.385264913    0.000000000
       1      22  -13.420217878    0.000000000
       1      23  -13.921375217    0.000000000
       1      24  -13.910405880    0.000000000
       1      25  -15.776444022    0.000000000
       1      26  -15.702344865    0.000000000
       1      27  -17.232659941    0.000000000
       1      28  -17.065054486    0.000000000
       1      29  -18.110305569    0.000000000
       1      30  -17.908943463    0.000000000
       1      31  -15.888947310    0.000000000
       1      32  -15.922024760    0.000000000
       1      33  -16.559580634    0.000000000
       1      34  -16.579378974    0.000000000
       1      35  -12.131198964    0.000000000
       1      36  -12.059549739    0.000000000
       1      37  -11.328730970    0.000000000
       1      38  -11.224096637    0.000000000
       1      39  -11.270739287    0.000000000
       1      40  -11.337047656    0.000000000
       1      41  -11.470444907    0.000000000
       1      42  -11.577802313    0.000000000
       1      43  -10.797525150    0.000000000
       1      44  -10.806093721    0.000000000
       1      45  -12.275169157    0.000000000
       1      46  -12.253732568    0.000000000
       1      47  -10.007275480    0.000000000
       1      48  -10.003602550    0.000000000
       1      49  -11.577899452    0.000000000
       1      50  -11.578802171    0.000000000
       1      51  -10.590317242    0.000000000
       1      52  -10.614063626    0.000000000
       1      53  -11.441647802    0.000000000
       1      54  -11.425854844    0.000000000
       1      55   -9.571157206    0.000000000
       1      56   -9.647157178    0.000000000
       1      57   -9.253776539    0.000000000
       1      58   -9.362155394    0.000000000
       1      59   -8.669957463    0.000000000
       1      60   -8.687367005    0.000000000
       1      61   -9.411698102    0.000000000
       1      62   -9.465804777    0.000000000
       1      63   -9.886137261    0.000000000
       1      64   -9.881215054    0.000000000
       1      65   -9.532259135    0.000000000
       1      66   -9.471617555    0.000000000
       1      67   -9.874387149    0.000000000
       1      68   -9.947544286    0.000000000
       1      69   -9.484426699    0.000000000
       1      70   -9.453789954    0.000000000
       1      71  -10.170566665    0.000000000
       1      72  -10.234974445    0.000000000
       1      73   -9.797002732    0.000000000
       1      74   -9.758752040    0.000000000
       1      75   -8.039735930    0.000000000
       1      76   -7.973871353    0.000000000
       1      77   -7.114130464    0.000000000
       1      78   -7.104647195    0.000000000
       1      79   -8.446864374    0.000000000
       1      80   -8.416469085    0.000000000
       1      81   -7.840986299    0.000000000
       1      82   -7.829364003    0.000000000
       1      83   -8.353165746    0.000000000
       1      84   -8.340026906    0.000000000
       1      85   -6.438152093    0.000000000
       1      86   -6.429351164    0.000000000
       1      87   -9.651816034    0.000000000
       1      88   -9.673643106    0.000000000
       1      89  -10.013924455    0.000000000
       1      90   -9.992360813    0.000000000
       1      91   -7.843240487    0.000000000
       1      92   -7.820298732    0.000000000
       1      93   -7.537659072    0.000000000
       1      94   -7.593050661    0.000000000
       1      95   -8.818881294    0.000000000
       1      96   -8.788527546    0.000000000
       1      97   -9.768702218    0.000000000
       1      98   -9.768310510    0.000000000
       1      99   -8.237216067    0.000000000
       1     100   -8.237104999    0.000000000
       1     101   -6.185141625    0.000000000
       1     102   -6.192296663    0.000000000
       1     103   -6.219955362    0.000000000
       1     104   -6.222981831    0.000000000
       1     105   -7.862149252    0.000000000
       1     106   -7.873917303    0.000000000
       1     107   -7.934098054    0.000000000
       1     108   -7.936816575    0.000000000
       1     109   -9.083635611    0.000000000
       1     110   -9.044510649    0.000000000
       1     111   -8.866948579    0.000000000
       1     112   -8.816140148    0.000000000
       1     113   -6.285678092    0.000000000
       1     114   -6.287857102    0.000000000
       1     115   -7.920051658    0.000000000
       1     116   -7.925523622    0.000000000
       1     117   -9.230743339    0.000000000
       1     118   -9.302124591    0.000000000
       1     119   -7.204407573    0.000000000
       1     120   -7.199172015    0.000000000
       1     121   -8.512883704    0.000000000
       1     122   -8.508838085    0.000000000
       1     123   -9.727785823    0.000000000
       1     124   -9.785132171    0.000000000
       1     125   -9.133338277    0.000000000
       1     126   -9.139719302    0.000000000
       1     127   -7.431470668    0.000000000
       1     128   -7.425119692    0.000000000
       1     129   -9.455425723    0.000000000
       1     130   -9.446515584    0.000000000
       1     131   -7.300748079    0.000000000
       1     132   -7.283154961    0.000000000
       1     133   -7.613262783    0.000000000
       1     134   -7.609791717    0.000000000
       1     135   -9.992078865    0.000000000
       1     136  -10.063229284    0.000000000
       1     137   -9.523210528    0.000000000
       1     138   -9.532790138    0.000000000
       1     139   -6.522360472    0.000000000
       1     140   -6.516505110    0.000000000
       1     141   -6.540717359    0.000000000
       1     142   -6.508474888    0.000000000
       1     143   -7.968888863    0.000000000
       1     144   -7.973329304    0.000000000
       1     145   -6.900113487    0.000000000
       1     146   -6.891134685    0.000000000
       1     147   -7.847312308    0.000000000
       1     148   -7.880795648    0.000000000
       1     149   -7.444916641    0.000000000
       1     150   -7.439859093    0.000000000
       1     151   -7.977066251    0.000000000
       1     152   -7.991754734    0.000000000
       1     153   -8.732037851    0.000000000
       1     154   -8.754477394    0.000000000
       1     155   -8.945451307    0.000000000
       1     156   -8.941454956    0.000000000
       1     157   -7.785061213    0.000000000
       1     158   -7.776506776    0.000000000
       1     159   -7.652518707    0.000000000
       1     160   -7.672239622    0.000000000
       1     161   -9.563802451    0.000000000
       1     162   -9.603215644    0.000000000
       1     163   -7.358075833    0.000000000
       1     164   -7.354864529    0.000000000
       1     165   -7.032685348    0.000000000
       1     166   -7.058615761    0.000000000
       1     167   -7.368752166    0.000000000
       1     168   -7.360778591    0.000000000
       1     169   -5.537170653    0.000000000
       1     170   -5.569744990    0.000000000
       1     171   -7.548069648    0.000000000
       1     172   -7.555436016    0.000000000
       1     173   -6.522449834    0.000000000
       1     174   -6.517421567    0.000000000
       1     175   -6.649142691    0.000000000
       1     176   -6.649648231    0.000000000
       1     177   -6.173802863    0.000000000
       1     178   -6.183554653    0.000000000
       1     179   -6.067158826    0.000000000
       1     180   -6.063779103    0.000000000
       1     181   -8.180151604    0.000000000
       1     182   -8.160770394    0.000000000
       1     183   -6.348961481    0.000000000
       1     184   -6.366867953    0.000000000
       1     185   -7.934291808    0.000000000
       1     186   -7.953834667    0.000000000
       1     187   -5.631380496    0.000000000
       1     188   -5.649311022    0.000000000
       1     189   -8.157694839    0.000000000
       1     190   -8.219907683    0.000000000
       1     191   -8.489979731    0.000000000
       1     192   -8.510103232    0.000000000
       1     193   -7.483076182    0.000000000
       1     194   -7.479760496    0.000000000
       1     195   -8.080015796    0.000000000
       1     196   -8.077788487    0.000000000
       1     197   -8.386372266    0.000000000
       1     198   -8.368523883    0.000000000
       1     199   -7.762725245    0.000000000
       1     200   -7.778008045    0.000000000
       1     201   -7.225509208    0.000000000
       1     202   -7.243568318    0.000000000
       1     203   -6.008492712    0.000000000
       1     204   -6.020056355    0.000000000
       1     205   -6.037708408    0.000000000
       1     206   -6.046579169    0.000000000
       1     207   -6.846597381    0.000000000
       1     208   -6.832696939    0.000000000
       1     209   -6.703877984    0.000000000
       1     210   -6.460496423    0.000000000
  0.500000000  0.833333333  0.000000000     210       0
       1       1  -23.992280249    0.000000000
       1       2  -23.992282290    0.000000000
       1       3  -22.768180459    0.000000000
       1       4  -22.782787006    0.000000000
       1       5  -22.342372998    0.000000000
       1       6  -22.360917258    0.000000000
       1       7  -22.470808936    0.000000000
       1       8  -22.473536641    0.000000000
       1       9  -14.387934387    0.000000000
       1      10  -14.412775704    0.000000000
       1      11  -14.372753508    0.000000000
       1      12  -14.372213756    0.000000000
       1      13  -12.986806538    0.000000000
       1      14  -12.999008803    0.000000000
       1      15  -13.584230633    0.000000000
       1      16  -13.605236158    0.000000000
       1      17  -13.840817315    0.000000000
       1      18  -13.900134754    0.000000000
       1      19  -14.111484854    0.000000000
       1      20  -14.130160109    0.000000000
       1      21  -13.385270887    0.000000000
       1      22  -13.420224894    0.000000000
       1      23  -13.921376446    0.000000000
       1      24  -13.910406889    0.000000000
       1      25  -15.776435893    0.000000000
       1      26  -15.702336765    0.000000000
       1      27  -17.232654446    0.000000000
       1      28  -17.065050581    0.000000000
       1      29  -18.110320372    0.000000000
       1      30  -17.908958758    0.000000000
       1      31  -15.888957278    0.000000000
       1      32  -15.922035052    0.000000000
       1      33  -16.559587209    0.000000000
       1      34  -16.579386362    0.000000000
       1      35  -12.131185471    0.000000000
       1      36  -12.059536452    0.000000000
       1      37  -11.328734990    0.000000000
       1      38  -11.224090522    0.000000000
       1      39  -11.270716232    0.000000000
       1      40  -11.337036680    0.000000000
       1      41  -11.470399831    0.000000000
       1      42  -11.577755307    0.000000000
       1      43  -10.797572975    0.000000000
       1      44  -10.806140634    0.000000000
       1      45  -12.275187688    0.000000000
       1      46  -12.253750011    0.000000000
       1      47  -10.007281436    0.000000000
       1      48  -10.003608815    0.000000000
       1      49  -11.577901215   -0.000000000
       1      50  -11.578804416    0.000000000
       1      51  -10.590328943    0.000000000
       1      52  -10.614074703    0.000000000
       1      53  -11.441626021    0.000000000
       1      54  -11.425833368    0.000000000
       1      55   -9.571140247    0.000000000
       1      56   -9.647139660    0.000000000
       1      57   -9.253774280    0.000000000
       1      58   -9.362151416    0.000000000
       1      59   -8.669954428    0.000000000
       1      60   -8.687350569    0.000000000
       1      61   -9.411719150    0.000000000
       1      62   -9.465813483    0.000000000
       1      63   -9.886144165    0.000000000
       1      64   -9.881222085    0.000000000
       1      65   -9.532263727    0.000000000
       1      66   -9.471621686    0.000000000
       1      67   -9.874373124    0.000000000
       1      68   -9.947531314    0.000000000
       1      69   -9.484454130    0.000000000
       1      70   -9.453817735    0.000000000
       1      71  -10.170540044    0.000000000
       1      72  -10.234947305    0.000000000
       1      73   -9.797044203    0.000000000
       1      74   -9.758786994    0.000000000
       1      75   -8.039720994    0.000000000
       1      76   -7.973849526    0.000000000
       1      77   -7.114130578    0.000000000
       1      78   -7.104647061    0.000000000
       1      79   -8.446874615    0.000000000
       1      80   -8.416479395    0.000000000
       1      81   -7.840993235    0.000000000
       1      82   -7.829371576    0.000000000
       1      83   -8.353170654    0.000000000
       1      84   -8.340031976    0.000000000
       1      85   -6.438145428    0.000000000
       1      86   -6.429345066    0.000000000
       1      87   -9.651810337    0.000000000
       1      88   -9.673637241    0.000000000
       1      89  -10.013965905    0.000000000
       1      90   -9.992400440    0.000000000
       1      91   -7.843215703    0.000000000
       1      92   -7.820274074    0.000000000
       1      93   -7.537610170    0.000000000
       1      94   -7.593001164    0.000000000
       1      95   -8.818895740    0.000000000
       1      96   -8.788541746    0.000000000
       1      97   -9.768755555    0.000000000
       1      98   -9.768365540    0.000000000
       1      99   -8.237238054    0.000000000
       1     100   -8.237125661    0.000000000
       1     101   -6.185193415    0.000000000
       1     102   -6.192346427    0.000000000
       1     103   -6.219933595    0.000000000
       1     104   -6.222960478    0.000000000
       1     105   -7.862037921    0.000000000
       1     106   -7.873807654    0.000000000
       1     107   -7.934087233    0.000000000
       1     108   -7.936803972    0.000000000
       1     109   -9.083648319    0.000000000
       1     110   -9.044524933    0.000000000
       1     111   -8.866935426    0.000000000
       1     112   -8.816124357    0.000000000
       1     113   -6.285646369    0.000000000
       1     114   -6.287823282    0.000000000
       1     115   -7.920066115    0.000000000
       1     116   -7.925532107    0.000000000
       1     117   -9.230740829    0.000000000
       1     118   -9.302127235    0.000000000
       1     119   -7.204369496    0.000000000
       1     120   -7.199134100    0.000000000
       1     121   -8.512925713    0.000000000
       1     122   -8.508880172    0.000000000
       1     123   -9.727788507    0.000000000
       1     124   -9.785132061    0.000000000
       1     125   -9.133333361    0.000000000
       1     126   -9.139714256    0.000000000
       1     127   -7.431459031    0.000000000
       1     128   -7.425107483    0.000000000
       1     129   -9.455454111    0.000000000
       1     130   -9.446544269    0.000000000
       1     131   -7.300737359    0.000000000
       1     132   -7.283145704    0.000000000
       1     133   -7.613251994    0.000000000
       1     134   -7.609779473    0.000000000
       1     135   -9.992152763    0.000000000
       1     136  -10.063307262    0.000000000
       1     137   -9.523223272    0.000000000
       1     138   -9.532803269    0.000000000
       1     139   -6.522370407    0.000000000
       1     140   -6.516515743    0.000000000
       1     141   -6.540708920    0.000000000
       1     142   -6.508469637    0.000000000
       1     143   -7.968963973    0.000000000
       1     144   -7.973404104    0.000000000
       1     145   -6.900044148    0.000000000
       1     146   -6.891065452    0.000000000
       1     147   -7.847266073    0.000000000
       1     148   -7.880748677    0.000000000
       1     149   -7.444903132    0.000000000
       1     150   -7.439848962    0.000000000
       1     151   -7.977045673    0.000000000
       1     152   -7.991740238    0.000000000
       1     153   -8.732049493    0.000000000
       1     154   -8.754488406    0.000000000
       1     155   -8.945455444    0.000000000
       1     156   -8.941459277    0.000000000
       1     157   -7.784994245    0.000000000
       1     158   -7.776439517    0.000000000
       1     159   -7.652570992    0.000000000
       1     160   -7.672297782    0.000000000
       1     161   -9.563823260    0.000000000
       1     162   -9.603232544    0.000000000
       1     163   -7.358077366    0.000000000
       1     164   -7.354868149    0.000000000
       1     165   -7.032629095    0.000000000
       1     166   -7.058550944    0.000000000
       1     167   -7.368750034    0.000000000
       1     168   -7.360776942    0.000000000
       1     169   -5.537102405    0.000000000
       1     170   -5.569676932    0.000000000
       1     171   -7.548088271    0.000000000
       1     172   -7.555454859    0.000000000
       1     173   -6.522463273    0.000000000
       1     174   -6.517434958    0.000000000
       1     175   -6.649112116    0.000000000
       1     176   -6.649617464    0.000000000
       1     177   -6.173828957    0.000000000
       1     178   -6.183582814    0.000000000
       1     179   -6.067128861    0.000000000
       1     180   -6.063748608    0.000000000
       1     181   -8.180072882    0.000000000
       1     182   -8.160690820    0.000000000
       1     183   -6.348997702    0.000000000
       1     184   -6.366903191    0.000000000
       1     185   -7.934286627    0.000000000
       1     186   -7.953832944    0.000000000
       1     187   -5.631408296    0.000000000
       1     188   -5.649332723    0.000000000
       1     189   -8.157690228    0.000000000
       1     190   -8.219890236    0.000000000
       1     191   -8.490024681    0.000000000
       1     192   -8.510146847    0.000000000
       1     193   -7.483086936    0.000000000
       1     194   -7.479771498    0.000000000
       1     195   -8.079957953    0.000000000
       1     196   -8.077733850    0.000000000
       1     197   -8.386028832    0.000000000
       1     198   -8.368169065    0.000000000
       1     199   -7.762996807    0.000000000
       1     200   -7.778291915    0.000000000
       1     201   -7.225432681    0.000000000
       1     202   -7.243495493    0.000000000
       1     203   -6.008618978    0.000000000
       1     204   -6.020186022    0.000000000
       1     205   -6.037786002    0.000000000
       1     206   -6.046657921    0.000000000
       1     207   -6.846538809    0.000000000
       1     208   -6.832640921    0.000000000
       1     209   -6.705456180    0.000000000
       1     210   -6.461921041    0.000000000
  0.666666667 -0.000000000  0.000000000     210       0
       1       1  -23.987934540    0.000000000
       1       2  -23.987934540    0.000000000
       1       3  -22.801103813    0.000000000
       1       4  -22.801103820    0.000000000
       1       5  -22.375824431    0.000000000
       1       6  -22.375824433    0.000000000
       1       7  -22.512909025    0.000000000
       1       8  -22.512909027    0.000000000
       1       9  -14.110429948    0.000000000
       1      10  -14.110429979    0.000000000
       1      11  -14.195963913   -0.000000000
       1      12  -14.195963909    0.000000000
       1      13  -13.522077313    0.000000000
       1      14  -13.522077396    0.000000000
       1      15  -13.516920927    0.000000000
       1      16  -13.516921034    0.000000000
       1      17  -13.302517914    0.000000000
       1      18  -13.302517941    0.000000000
       1      19  -15.359563599    0.000000000
       1      20  -15.359563868    0.000000000
       1      21  -13.476478854    0.000000000
       1      22  -13.476478694    0.000000000
       1      23  -14.852857918    0.000000000
       1      24  -14.852857367    0.000000000
       1      25  -15.192343143    0.000000000
       1      26  -15.192342781    0.000000000
       1      27  -17.105170971    0.000000000
       1      28  -17.105173576    0.000000000
       1      29  -16.451085689    0.000000000
       1      30  -16.451088735    0.000000000
       1      31  -15.864690674    0.000000000
       1      32  -15.864690346    0.000000000
       1      33  -16.584001596    0.000000000
       1      34  -16.584001333    0.000000000
       1      35  -11.887592962    0.000000000
       1      36  -11.887594571    0.000000000
       1      37  -10.866624402    0.000000000
       1      38  -10.866624565    0.000000000
       1      39  -11.790790968    0.000000000
       1      40  -11.790792736    0.000000000
       1      41  -10.057549284    0.000000000
       1      42  -10.057548856    0.000000000
       1      43  -11.825858836    0.000000000
       1      44  -11.825859036    0.000000000
       1      45  -12.871772176    0.000000000
       1      46  -12.871774091    0.000000000
       1      47   -9.349513800    0.000000000
       1      48   -9.349513585    0.000000000
       1      49  -10.995883012    0.000000000
       1      50  -10.995884717    0.000000000
       1      51  -11.897497446    0.000000000
       1      52  -11.897497365    0.000000000
       1      53   -9.482102086    0.000000000
       1      54   -9.482101497    0.000000000
       1      55  -12.764908339    0.000000000
       1      56  -12.764908927    0.000000000
       1      57  -11.526081841    0.000000000
       1      58  -11.526083085    0.000000000
       1      59  -13.716207293    0.000000000
       1      60  -13.716207432    0.000000000
       1      61   -7.042000933    0.000000000
       1      62   -7.042001101    0.000000000
       1      63   -6.937573216    0.000000000
       1      64   -6.937572457    0.000000000
       1      65   -7.627154117    0.000000000
       1      66   -7.627153244    0.000000000
       1      67   -8.611145126    0.000000000
       1      68   -8.611145037    0.000000000
       1      69  -10.078915258    0.000000000
       1      70  -10.078916172    0.000000000
       1      71  -10.180380581    0.000000000
       1      72  -10.180380350    0.000000000
       1      73   -6.709376679    0.000000000
       1      74   -6.709376488    0.000000000
       1      75   -5.157370685    0.000000000
       1      76   -5.157371075    0.000000000
       1      77   -9.499113324    0.000000000
       1      78   -9.499113419    0.000000000
       1      79  -10.156297217    0.000000000
       1      80  -10.156297892    0.000000000
       1      81   -7.719267917    0.000000000
       1      82   -7.719268603    0.000000000
       1      83   -8.373405587    0.000000000
       1      84   -8.373405464    0.000000000
       1      85  -10.017284695    0.000000000
       1      86  -10.017291271    0.000000000
       1      87   -9.954987856    0.000000000
       1      88   -9.954993349    0.000000000
       1      89   -9.105222462    0.000000000
       1      90   -9.105801033   -0.000000000
       1      91   -7.405349406    0.000000000
       1      92   -7.404699133    0.000000000
       1      93  -10.664862547    0.000000000
       1      94  -10.664751868    0.000000000
       1      95   -6.822386815    0.000000000
       1      96   -6.822423616    0.000000000
       1      97   -9.302992066    0.000000000
       1      98   -9.303008564    0.000000000
       1      99   -7.967447015    0.000000000
       1     100   -7.967464675    0.000000000
       1     101   -7.026451770    0.000000000
       1     102   -7.026450389    0.000000000
       1     103   -7.530135321    0.000000000
       1     104   -7.530135317    0.000000000
       1     105   -9.234862200    0.000000000
       1     106   -9.235018718    0.000000000
       1     107   -7.709152645    0.000000000
       1     108   -7.709307176    0.000000000
       1     109   -7.833845543    0.000000000
       1     110   -7.833830524    0.000000000
       1     111   -8.915253802    0.000000000
       1     112   -8.915238571    0.000000000
       1     113  -10.465291372    0.000000000
       1     114  -10.465293163    0.000000000
       1     115   -5.554484860    0.000000000
       1     116   -5.554472172    0.000000000
       1     117   -8.680877684    0.000000000
       1     118   -8.680862701    0.000000000
       1     119   -6.806124155    0.000000000
       1     120   -6.806123798    0.000000000
       1     121   -5.443727891    0.000000000
       1     122   -5.443733572    0.000000000
       1     123   -5.806698969    0.000000000
       1     124   -5.806703333    0.000000000
       1     125   -5.761698176    0.000000000
       1     126   -5.761697901    0.000000000
       1     127   -8.193327015    0.000000000
       1     128   -8.193326959    0.000000000
       1     129   -7.811483725   -0.000000000
       1     130   -7.811484156    0.000000000
       1     131   -5.392367133    0.000000000
       1     132   -5.392366825    0.000000000
       1     133   -7.970398089    0.000000000
       1     134   -7.970397670    0.000000000
       1     135   -7.181271705    0.000000000
       1     136   -7.181272411    0.000000000
       1     137   -8.083850215    0.000000000
       1     138   -8.083850236    0.000000000
       1     139   -7.703735676    0.000000000
       1     140   -7.703735812    0.000000000
       1     141   -7.229879791    0.000000000
       1     142   -7.229879451    0.000000000
       1     143   -8.580401630    0.000000000
       1     144   -8.580401385    0.000000000
       1     145   -7.742676898    0.000000000
       1     146   -7.742676895    0.000000000
       1     147   -7.807323631    0.000000000
       1     148   -7.807318659    0.000000000
       1     149   -7.827295973    0.000000000
       1     150   -7.827249754    0.000000000
       1     151  -10.215763931    0.000000000
       1     152  -10.215724170    0.000000000
       1     153   -7.886949491    0.000000000
       1     154   -7.886951982    0.000000000
       1     155   -7.564562117    0.000000000
       1     156   -7.564564393    0.000000000
       1     157   -8.572439211    0.000000000
       1     158   -8.572439163    0.000000000
       1     159   -7.140399589    0.000000000
       1     160   -7.140397774    0.000000000
       1     161   -8.054834041    0.000000000
       1     162   -8.054847562    0.000000000
       1     163   -7.683473858    0.000000000
       1     164   -7.683486698    0.000000000
       1     165   -8.181025544    0.000000000
       1     166   -8.181023098    0.000000000
       1     167   -8.633561273    0.000000000
       1     168   -8.633561576    0.000000000
       1     169   -7.452048371    0.000000000
       1     170   -7.451913443    0.000000000
       1     171   -7.675565874    0.000000000
       1     172   -7.675432011    0.000000000
       1     173   -9.419534105    0.000000000
       1     174   -9.419534036    0.000000000
       1     175   -4.218568433    0.000000000
       1     176   -4.218557669    0.000000000
       1     177   -7.367150503    0.000000000
       1     178   -7.367148927    0.000000000
       1     179  -10.030611901    0.000000000
       1     180  -10.030606110    0.000000000
       1     181   -7.501908223    0.000000000
       1     182   -7.501910384    0.000000000
       1     183   -9.185907783   -0.000000000
       1     184   -9.185915322    0.000000000
       1     185   -6.143475091    0.000000000
       1     186   -6.143482226    0.000000000
       1     187   -7.445722406    0.000000000
       1     188   -7.445721956    0.000000000
       1     189   -6.310342969    0.000000000
       1     190   -6.310344523    0.000000000
       1     191   -7.471041958    0.000000000
       1     192   -7.471042798    0.000000000
       1     193   -5.403668218    0.000000000
       1     194   -5.403667987    0.000000000
       1     195   -5.818235979    0.000000000
       1     196   -5.818236081    0.000000000
       1     197   -6.448487198    0.000000000
       1     198   -6.448486990    0.000000000
       1     199   -7.936451070    0.000000000
       1     200   -7.936452425    0.000000000
       1     201   -6.745821898    0.000000000
       1     202   -6.745821810    0.000000000
       1     203   -7.346873917    0.000000000
       1     204   -7.346873676    0.000000000
       1     205   -5.081381254    0.000000000
       1     206   -5.081381236    0.000000000
       1     207   -6.719952191    0.000000000
       1     208   -6.719949715    0.000000000
       1     209   -7.432635240    0.000000000
       1     210   -7.432626383    0.000000000
  0.666666667  0.166666667  0.000000000     210       0
       1       1  -23.972791994    0.000000000
       1       2  -23.972792873    0.000000000
       1       3  -22.810068959    0.000000000
       1       4  -22.817065716    0.000000000
       1       5  -22.404514752    0.000000000
       1       6  -22.405947209    0.000000000
       1       7  -22.499452767    0.000000000
       1       8  -22.508578782    0.000000000
       1       9  -13.987002847   -0.000000000
       1      10  -13.995060402    0.000000000
       1      11  -14.123611189    0.000000000
       1      12  -14.123268868    0.000000000
       1      13  -13.738408272    0.000000000
       1      14  -13.781425169    0.000000000
       1      15  -13.279267006    0.000000000
       1      16  -13.343611854    0.000000000
       1      17  -14.000152843    0.000000000
       1      18  -13.941762481    0.000000000
       1      19  -14.643702482    0.000000000
       1      20  -14.593831905    0.000000000
       1      21  -14.441070210   -0.000000000
       1      22  -14.440829053    0.000000000
       1      23  -13.670657174    0.000000000
       1      24  -13.627871761    0.000000000
       1      25  -16.017566056    0.000000000
       1      26  -16.033529681    0.000000000
       1      27  -15.518142091    0.000000000
       1      28  -15.448831977    0.000000000
       1      29  -17.010151127    0.000000000
       1      30  -16.944470912    0.000000000
       1      31  -16.245794786    0.000000000
       1      32  -16.202138515    0.000000000
       1      33  -16.642458198    0.000000000
       1      34  -16.626543462    0.000000000
       1      35  -12.907576699    0.000000000
       1      36  -12.910059020    0.000000000
       1      37  -10.211770983    0.000000000
       1      38  -10.218041003    0.000000000
       1      39   -9.756417423    0.000000000
       1      40   -9.717263152    0.000000000
       1      41  -12.607588940    0.000000000
       1      42  -12.536087261    0.000000000
       1      43   -9.895947725    0.000000000
       1      44   -9.814083847    0.000000000
       1      45  -12.980791892    0.000000000
       1      46  -13.013097532    0.000000000
       1      47  -11.600218330    0.000000000
       1      48  -11.727338792    0.000000000
       1      49  -11.521722092    0.000000000
       1      50  -11.395463006    0.000000000
       1      51   -9.716267367    0.000000000
       1      52   -9.714992980    0.000000000
       1      53  -11.153501787    0.000000000
       1      54  -11.295370441    0.000000000
       1      55  -12.427099886    0.000000000
       1      56  -12.422275951    0.000000000
       1      57  -10.785306770    0.000000000
       1      58  -10.673410593    0.000000000
       1      59  -12.337751140    0.000000000
       1      60  -12.338482020    0.000000000
       1      61   -7.722841764    0.000000000
       1      62   -7.632088542    0.000000000
       1      63   -8.017940495    0.000000000
       1      64   -7.958862313    0.000000000
       1      65   -7.601655372    0.000000000
       1      66   -7.600210969    0.000000000
       1      67   -8.123507924    0.000000000
       1      68   -8.110808697    0.000000000
       1      69   -9.831250775    0.000000000
       1      70   -9.827804809    0.000000000
       1      71   -7.766903875    0.000000000
       1      72   -7.772756728    0.000000000
       1      73   -6.594977562    0.000000000
       1      74   -6.531585099    0.000000000
       1      75   -8.941222833    0.000000000
       1      76   -9.143181549    0.000000000
       1      77   -8.228860808    0.000000000
       1      78   -8.232146085    0.000000000
       1      79  -10.526393466    0.000000000
       1      80  -10.566197127    0.000000000
       1      81   -9.895620697    0.000000000
       1      82   -9.811268075    0.000000000
       1      83   -9.788633132    0.000000000
       1      84   -9.830866462    0.000000000
       1      85   -9.603360814    0.000000000
       1      86   -9.750051795    0.000000000
       1      87   -7.941173056    0.000000000
       1      88   -8.130537074    0.000000000
       1      89   -6.635630547    0.000000000
       1      90   -6.627257747    0.000000000
       1      91   -8.533658621    0.000000000
       1      92   -8.582921719    0.000000000
       1      93  -10.227954991    0.000000000
       1      94  -10.303390533    0.000000000
       1      95  -10.051188502    0.000000000
       1      96  -10.069112779    0.000000000
       1      97   -7.639345048    0.000000000
       1      98   -7.563429866    0.000000000
       1      99   -8.327444206    0.000000000
       1     100   -8.356788441    0.000000000
       1     101   -6.718800840    0.000000000
       1     102   -6.627703527    0.000000000
       1     103   -6.262838920    0.000000000
       1     104   -6.274501509    0.000000000
       1     105   -6.106345478    0.000000000
       1     106   -5.924402548    0.000000000
       1     107   -6.282413312    0.000000000
       1     108   -6.446171485    0.000000000
       1     109   -6.745216021    0.000000000
       1     110   -6.739750993    0.000000000
       1     111   -8.741533657    0.000000000
       1     112   -8.734746493    0.000000000
       1     113   -9.598788366    0.000000000
       1     114   -9.710851271    0.000000000
       1     115   -8.660969505    0.000000000
       1     116   -8.691509114    0.000000000
       1     117   -7.632193856    0.000000000
       1     118   -7.343001665    0.000000000
       1     119   -6.568741308    0.000000000
       1     120   -6.520131139    0.000000000
       1     121   -8.274912597    0.000000000
       1     122   -8.250076377    0.000000000
       1     123   -8.260899280    0.000000000
       1     124   -8.418748881    0.000000000
       1     125   -8.556606218    0.000000000
       1     126   -8.545965514    0.000000000
       1     127   -7.965646011    0.000000000
       1     128   -7.964168968    0.000000000
       1     129   -6.505719624    0.000000000
       1     130   -6.536090178    0.000000000
       1     131   -8.445292643    0.000000000
       1     132   -8.457579626    0.000000000
       1     133   -7.711909445    0.000000000
       1     134   -7.718699154    0.000000000
       1     135   -8.683366843    0.000000000
       1     136   -8.668218915    0.000000000
       1     137   -7.125230709    0.000000000
       1     138   -7.081709898    0.000000000
       1     139   -8.119370863    0.000000000
       1     140   -8.114646453    0.000000000
       1     141   -7.147449382    0.000000000
       1     142   -7.151157439    0.000000000
       1     143   -6.528898457    0.000000000
       1     144   -6.454575012    0.000000000
       1     145   -5.169196264    0.000000000
       1     146   -5.347697559    0.000000000
       1     147   -6.496237100    0.000000000
       1     148   -6.731276122    0.000000000
       1     149   -5.491522595    0.000000000
       1     150   -5.335777082    0.000000000
       1     151   -7.756522229    0.000000000
       1     152   -7.931473660    0.000000000
       1     153   -5.719789716    0.000000000
       1     154   -5.720168031    0.000000000
       1     155   -8.228885855    0.000000000
       1     156   -8.299882741    0.000000000
       1     157   -6.974603780    0.000000000
       1     158   -6.977959278    0.000000000
       1     159   -8.210904530    0.000000000
       1     160   -8.190111984    0.000000000
       1     161  -10.419506596    0.000000000
       1     162  -10.348818799    0.000000000
       1     163   -6.595998836    0.000000000
       1     164   -6.756088923    0.000000000
       1     165   -7.382430938    0.000000000
       1     166   -7.424515137    0.000000000
       1     167   -7.758199176    0.000000000
       1     168   -7.662650436    0.000000000
       1     169   -8.248535706    0.000000000
       1     170   -8.240635972    0.000000000
       1     171   -7.908219534    0.000000000
       1     172   -7.919894928    0.000000000
       1     173   -8.274924581    0.000000000
       1     174   -8.228289358    0.000000000
       1     175   -9.432955816    0.000000000
       1     176   -9.370944917    0.000000000
       1     177  -10.055211116    0.000000000
       1     178  -10.203911007    0.000000000
       1     179   -8.887813962    0.000000000
       1     180   -8.928576452    0.000000000
       1     181   -7.076257076    0.000000000
       1     182   -7.079066415    0.000000000
       1     183   -6.742345445    0.000000000
       1     184   -6.742180575    0.000000000
       1     185   -5.836755269    0.000000000
       1     186   -5.822354201    0.000000000
       1     187   -8.189576123    0.000000000
       1     188   -8.172724014    0.000000000
       1     189   -7.126316286    0.000000000
       1     190   -7.074652759    0.000000000
       1     191   -8.231712470    0.000000000
       1     192   -8.255650988    0.000000000
       1     193   -8.264841212    0.000000000
       1     194   -8.231128846    0.000000000
       1     195   -4.750910769    0.000000000
       1     196   -4.698974004    0.000000000
       1     197   -6.639918448    0.000000000
       1     198   -6.711642537    0.000000000
       1     199   -6.412357627    0.000000000
       1     200   -6.395933340    0.000000000
       1     201   -7.524380075    0.000000000
       1     202   -7.657945119    0.000000000
       1     203   -6.931748978    0.000000000
       1     204   -6.924176931    0.000000000
       1     205   -4.254015183    0.000000000
       1     206   -4.204434641    0.000000000
       1     207   -9.328777086    0.000000000
       1     208   -9.347646370    0.000000000
       1     209   -8.487662185    0.000000000
       1     210   -8.397555852    0.000000000
  0.666666667  0.333333333  0.000000000     210       0
       1       1  -23.987934732    0.000000000
       1       2  -23.987934732    0.000000000
       1       3  -22.801103753    0.000000000
       1       4  -22.801103783    0.000000000
       1       5  -22.375825076    0.000000000
       1       6  -22.375825093    0.000000000
       1       7  -22.512907436    0.000000000
       1       8  -22.512907461    0.000000000
       1       9  -14.110430704    0.000000000
       1      10  -14.110430724    0.000000000
       1      11  -14.195964507    0.000000000
       1      12  -14.195964505    0.000000000
       1      13  -13.522078680    0.000000000
       1      14  -13.522078636    0.000000000
       1      15  -13.516921698    0.000000000
       1      16  -13.516921757    0.000000000
       1      17  -13.302518697    0.000000000
       1      18  -13.302518679    0.000000000
       1      19  -15.359560086    0.000000000
       1      20  -15.359560010    0.000000000
       1      21  -13.476479652   -0.000000000
       1      22  -13.476479662    0.000000000
       1      23  -14.852845977    0.000000000
       1      24  -14.852844272    0.000000000
       1      25  -15.192348336    0.000000000
       1      26  -15.192346452    0.000000000
       1      27  -17.105179511    0.000000000
       1      28  -17.105181915    0.000000000
       1      29  -16.451068463    0.000000000
       1      30  -16.451070703    0.000000000
       1      31  -15.864687604    0.000000000
       1      32  -15.864687107    0.000000000
       1      33  -16.583996789    0.000000000
       1      34  -16.583996256    0.000000000
       1      35  -11.887584946    0.000000000
       1      36  -11.887584946    0.000000000
       1      37  -10.866633244    0.000000000
       1      38  -10.866633248    0.000000000
       1      39  -11.790821286    0.000000000
       1      40  -11.790821228    0.000000000
       1      41  -10.057533434    0.000000000
       1      42  -10.057533424    0.000000000
       1      43  -11.825840326    0.000000000
       1      44  -11.825840358    0.000000000
       1      45  -12.871774965    0.000000000
       1      46  -12.871774664    0.000000000
       1      47   -9.349516800    0.000000000
       1      48   -9.349516756    0.000000000
       1      49  -10.995895996    0.000000000
       1      50  -10.995896651    0.000000000
       1      51  -11.897495479    0.000000000
       1      52  -11.897495534    0.000000000
       1      53   -9.482104215    0.000000000
       1      54   -9.482101331    0.000000000
       1      55  -12.764966162    0.000000000
       1      56  -12.764963927    0.000000000
       1      57  -11.526026693    0.000000000
       1      58  -11.526027399    0.000000000
       1      59  -13.716201182    0.000000000
       1      60  -13.716201147    0.000000000
       1      61   -7.041997336    0.000000000
       1      62   -7.041997332    0.000000000
       1      63   -6.937572936    0.000000000
       1      64   -6.937572813    0.000000000
       1      65   -7.627167925    0.000000000
       1      66   -7.627167837    0.000000000
       1      67   -8.611139815    0.000000000
       1      68   -8.611139703    0.000000000
       1      69  -10.078921967    0.000000000
       1      70  -10.078922132    0.000000000
       1      71  -10.180391074    0.000000000
       1      72  -10.180390734    0.000000000
       1      73   -6.709366584    0.000000000
       1      74   -6.709366510    0.000000000
       1      75   -5.157358429    0.000000000
       1      76   -5.157358490    0.000000000
       1      77   -9.499075129    0.000000000
       1      78   -9.499075690    0.000000000
       1      79  -10.156280676   -0.000000000
       1      80  -10.156280798    0.000000000
       1      81   -7.719264471    0.000000000
       1      82   -7.719264683    0.000000000
       1      83   -8.373419584    0.000000000
       1      84   -8.373419351    0.000000000
       1      85  -10.017220744    0.000000000
       1      86  -10.017228148    0.000000000
       1      87   -9.954979186    0.000000000
       1      88   -9.954985512    0.000000000
       1      89   -9.111183697    0.000000000
       1      90   -9.111254948    0.000000000
       1      91   -7.399459247    0.000000000
       1      92   -7.399383767    0.000000000
       1      93  -10.664788550    0.000000000
       1      94  -10.664772855    0.000000000
       1      95   -6.822466469    0.000000000
       1      96   -6.822476264    0.000000000
       1      97   -9.303484073    0.000000000
       1      98   -9.303503706    0.000000000
       1      99   -7.966903744    0.000000000
       1     100   -7.966923437    0.000000000
       1     101   -7.026498948    0.000000000
       1     102   -7.026500067    0.000000000
       1     103   -7.530127937    0.000000000
       1     104   -7.530128039    0.000000000
       1     105   -9.235034841    0.000000000
       1     106   -9.235097985    0.000000000
       1     107   -7.709122880    0.000000000
       1     108   -7.709184896    0.000000000
       1     109   -7.833874652    0.000000000
       1     110   -7.833874554    0.000000000
       1     111   -8.915221099    0.000000000
       1     112   -8.915221001    0.000000000
       1     113  -10.465266357    0.000000000
       1     114  -10.465267614    0.000000000
       1     115   -5.554458564    0.000000000
       1     116   -5.554433103    0.000000000
       1     117   -8.680854858    0.000000000
       1     118   -8.680828601    0.000000000
       1     119   -6.806111151    0.000000000
       1     120   -6.806111029    0.000000000
       1     121   -5.443716716    0.000000000
       1     122   -5.443716897    0.000000000
       1     123   -5.806728728    0.000000000
       1     124   -5.806729445    0.000000000
       1     125   -5.761680305    0.000000000
       1     126   -5.761678793    0.000000000
       1     127   -8.193359052    0.000000000
       1     128   -8.193357620    0.000000000
       1     129   -7.811490567    0.000000000
       1     130   -7.811489990    0.000000000
       1     131   -5.392379975    0.000000000
       1     132   -5.392379715    0.000000000
       1     133   -7.970389135    0.000000000
       1     134   -7.970388903    0.000000000
       1     135   -7.181242071    0.000000000
       1     136   -7.181242685    0.000000000
       1     137   -8.083850833    0.000000000
       1     138   -8.083851381    0.000000000
       1     139   -7.703702650    0.000000000
       1     140   -7.703702718    0.000000000
       1     141   -7.229867138    0.000000000
       1     142   -7.229867772    0.000000000
       1     143   -8.580504724    0.000000000
       1     144   -8.580504476    0.000000000
       1     145   -7.742567437    0.000000000
       1     146   -7.742567565    0.000000000
       1     147   -7.807241913    0.000000000
       1     148   -7.807241118    0.000000000
       1     149   -7.827366040    0.000000000
       1     150   -7.827354660    0.000000000
       1     151  -10.215665678    0.000000000
       1     152  -10.215654973    0.000000000
       1     153   -7.886982297    0.000000000
       1     154   -7.886983857    0.000000000
       1     155   -7.564607699    0.000000000
       1     156   -7.564609343    0.000000000
       1     157   -8.572448815    0.000000000
       1     158   -8.572449024    0.000000000
       1     159   -7.140401103    0.000000000
       1     160   -7.140400374    0.000000000
       1     161   -8.054645478    0.000000000
       1     162   -8.054658891    0.000000000
       1     163   -7.683662387    0.000000000
       1     164   -7.683676536    0.000000000
       1     165   -8.181054495    0.000000000
       1     166   -8.181052511    0.000000000
       1     167   -8.633603610    0.000000000
       1     168   -8.633603766    0.000000000
       1     169   -7.452164691    0.000000000
       1     170   -7.452061923    0.000000000
       1     171   -7.675452602    0.000000000
       1     172   -7.675351060    0.000000000
       1     173   -9.419613871    0.000000000
       1     174   -9.419613894    0.000000000
       1     175   -4.218546025    0.000000000
       1     176   -4.218526902    0.000000000
       1     177   -7.367191614    0.000000000
       1     178   -7.367189176    0.000000000
       1     179  -10.030776402    0.000000000
       1     180  -10.030763133    0.000000000
       1     181   -7.501959565    0.000000000
       1     182   -7.501961593    0.000000000
       1     183   -9.185999066    0.000000000
       1     184   -9.186007599    0.000000000
       1     185   -6.143421128    0.000000000
       1     186   -6.143429096    0.000000000
       1     187   -7.445581100    0.000000000
       1     188   -7.445580652    0.000000000
       1     189   -6.310174543    0.000000000
       1     190   -6.310174099    0.000000000
       1     191   -7.471120893    0.000000000
       1     192   -7.471121822    0.000000000
       1     193   -5.403669061    0.000000000
       1     194   -5.403670403    0.000000000
       1     195   -5.818247239    0.000000000
       1     196   -5.818247156    0.000000000
       1     197   -6.448512490    0.000000000
       1     198   -6.448512264    0.000000000
       1     199   -7.936350231    0.000000000
       1     200   -7.936350170    0.000000000
       1     201   -6.745828674    0.000000000
       1     202   -6.745828483    0.000000000
       1     203   -7.346869277    0.000000000
       1     204   -7.346871112    0.000000000
       1     205   -5.081374967    0.000000000
       1     206   -5.081375105    0.000000000
       1     207   -6.720024133    0.000000000
       1     208   -6.720011168    0.000000000
       1     209   -7.432644661    0.000000000
       1     210   -7.432628679    0.000000000
  0.666666667  0.500000000  0.000000000     210       0
       1       1  -23.992280376    0.000000000
       1       2  -23.992282417    0.000000000
       1       3  -22.768180370    0.000000000
       1       4  -22.782786894    0.000000000
       1       5  -22.342373179    0.000000000
       1       6  -22.360917572    0.000000000
       1       7  -22.470808080    0.000000000
       1       8  -22.473535612    0.000000000
       1       9  -14.387935402    0.000000000
       1      10  -14.412776698    0.000000000
       1      11  -14.372754835    0.000000000
       1      12  -14.372215059    0.000000000
       1      13  -12.986807343    0.000000000
       1      14  -12.999009713    0.000000000
       1      15  -13.584232293    0.000000000
       1      16  -13.605237871    0.000000000
       1      17  -13.840817290    0.000000000
       1      18  -13.900134359    0.000000000
       1      19  -14.111486094    0.000000000
       1      20  -14.130161245    0.000000000
       1      21  -13.385264389    0.000000000
       1      22  -13.420217397    0.000000000
       1      23  -13.921375144    0.000000000
       1      24  -13.910405851    0.000000000
       1      25  -15.776443455    0.000000000
       1      26  -15.702344615    0.000000000
       1      27  -17.232646286    0.000000000
       1      28  -17.065040328    0.000000000
       1      29  -18.110324401    0.000000000
       1      30  -17.908962084    0.000000000
       1      31  -15.888949791    0.000000000
       1      32  -15.922027269    0.000000000
       1      33  -16.559576040    0.000000000
       1      34  -16.579374601    0.000000000
       1      35  -12.131196173    0.000000000
       1      36  -12.059546871    0.000000000
       1      37  -11.328721587    0.000000000
       1      38  -11.224086025   -0.000000000
       1      39  -11.270753781    0.000000000
       1      40  -11.337063394    0.000000000
       1      41  -11.470441244    0.000000000
       1      42  -11.577798834    0.000000000
       1      43  -10.797525001    0.000000000
       1      44  -10.806093263    0.000000000
       1      45  -12.275167650    0.000000000
       1      46  -12.253730926    0.000000000
       1      47  -10.007283296   -0.000000000
       1      48  -10.003610554    0.000000000
       1      49  -11.577906907    0.000000000
       1      50  -11.578809575    0.000000000
       1      51  -10.590312294    0.000000000
       1      52  -10.614058380    0.000000000
       1      53  -11.441637907    0.000000000
       1      54  -11.425845035    0.000000000
       1      55   -9.571152398    0.000000000
       1      56   -9.647152248    0.000000000
       1      57   -9.253760822    0.000000000
       1      58   -9.362138740    0.000000000
       1      59   -8.669946145    0.000000000
       1      60   -8.687358723    0.000000000
       1      61   -9.411690369    0.000000000
       1      62   -9.465799328    0.000000000
       1      63   -9.886152037    0.000000000
       1      64   -9.881229788    0.000000000
       1      65   -9.532262778    0.000000000
       1      66   -9.471619909    0.000000000
       1      67   -9.874391638    0.000000000
       1      68   -9.947548161    0.000000000
       1      69   -9.484404960    0.000000000
       1      70   -9.453768201    0.000000000
       1      71  -10.170595298    0.000000000
       1      72  -10.235002992    0.000000000
       1      73   -9.796963507    0.000000000
       1      74   -9.758708723    0.000000000
       1      75   -8.039807552    0.000000000
       1      76   -7.973938511    0.000000000
       1      77   -7.114136786    0.000000000
       1      78   -7.104653341    0.000000000
       1      79   -8.446849299    0.000000000
       1      80   -8.416453487    0.000000000
       1      81   -7.840992459    0.000000000
       1      82   -7.829370249    0.000000000
       1      83   -8.353169128    0.000000000
       1      84   -8.340029927    0.000000000
       1      85   -6.438150302    0.000000000
       1      86   -6.429349603    0.000000000
       1      87   -9.651806611    0.000000000
       1      88   -9.673633838    0.000000000
       1      89  -10.013958132    0.000000000
       1      90   -9.992394500    0.000000000
       1      91   -7.843231603    0.000000000
       1      92   -7.820289900    0.000000000
       1      93   -7.537614641    0.000000000
       1      94   -7.593006540    0.000000000
       1      95   -8.818882571    0.000000000
       1      96   -8.788531392    0.000000000
       1      97   -9.768702138    0.000000000
       1      98   -9.768308760    0.000000000
       1      99   -8.237220014    0.000000000
       1     100   -8.237109085    0.000000000
       1     101   -6.185144532    0.000000000
       1     102   -6.192300043    0.000000000
       1     103   -6.219952582    0.000000000
       1     104   -6.222978720    0.000000000
       1     105   -7.862125798    0.000000000
       1     106   -7.873892518    0.000000000
       1     107   -7.934098214    0.000000000
       1     108   -7.936816645    0.000000000
       1     109   -9.083640855    0.000000000
       1     110   -9.044517994    0.000000000
       1     111   -8.866955725    0.000000000
       1     112   -8.816146965    0.000000000
       1     113   -6.285667283    0.000000000
       1     114   -6.287847781    0.000000000
       1     115   -7.920100138    0.000000000
       1     116   -7.925568050    0.000000000
       1     117   -9.230709631    0.000000000
       1     118   -9.302095671    0.000000000
       1     119   -7.204405210    0.000000000
       1     120   -7.199169853    0.000000000
       1     121   -8.512875323    0.000000000
       1     122   -8.508829796    0.000000000
       1     123   -9.727780968    0.000000000
       1     124   -9.785126343    0.000000000
       1     125   -9.133331251    0.000000000
       1     126   -9.139712282    0.000000000
       1     127   -7.431470114    0.000000000
       1     128   -7.425118981    0.000000000
       1     129   -9.455457453    0.000000000
       1     130   -9.446547934    0.000000000
       1     131   -7.300763202    0.000000000
       1     132   -7.283170144    0.000000000
       1     133   -7.613262004    0.000000000
       1     134   -7.609790266    0.000000000
       1     135   -9.992089356    0.000000000
       1     136  -10.063242696    0.000000000
       1     137   -9.523214721    0.000000000
       1     138   -9.532794489    0.000000000
       1     139   -6.522354206    0.000000000
       1     140   -6.516496628    0.000000000
       1     141   -6.540717706    0.000000000
       1     142   -6.508474303    0.000000000
       1     143   -7.968859458    0.000000000
       1     144   -7.973300069    0.000000000
       1     145   -6.900149326    0.000000000
       1     146   -6.891170212    0.000000000
       1     147   -7.847302598    0.000000000
       1     148   -7.880785439    0.000000000
       1     149   -7.444911922    0.000000000
       1     150   -7.439855183    0.000000000
       1     151   -7.977110597    0.000000000
       1     152   -7.991800807    0.000000000
       1     153   -8.731999366    0.000000000
       1     154   -8.754438198    0.000000000
       1     155   -8.945477377    0.000000000
       1     156   -8.941481187    0.000000000
       1     157   -7.785040377    0.000000000
       1     158   -7.776486006    0.000000000
       1     159   -7.652535255    0.000000000
       1     160   -7.672257642    0.000000000
       1     161   -9.563805059    0.000000000
       1     162   -9.603219644    0.000000000
       1     163   -7.358071794    0.000000000
       1     164   -7.354860514    0.000000000
       1     165   -7.032666357    0.000000000
       1     166   -7.058597698    0.000000000
       1     167   -7.368737083    0.000000000
       1     168   -7.360763785    0.000000000
       1     169   -5.537135710    0.000000000
       1     170   -5.569711061    0.000000000
       1     171   -7.548082262    0.000000000
       1     172   -7.555448615    0.000000000
       1     173   -6.522457611    0.000000000
       1     174   -6.517430199    0.000000000
       1     175   -6.649101994    0.000000000
       1     176   -6.649607560    0.000000000
       1     177   -6.173809726    0.000000000
       1     178   -6.183561849    0.000000000
       1     179   -6.067167991    0.000000000
       1     180   -6.063788353    0.000000000
       1     181   -8.180169993    0.000000000
       1     182   -8.160788210    0.000000000
       1     183   -6.348957557    0.000000000
       1     184   -6.366862567    0.000000000
       1     185   -7.934281862    0.000000000
       1     186   -7.953824210    0.000000000
       1     187   -5.631391899    0.000000000
       1     188   -5.649316687    0.000000000
       1     189   -8.157726130    0.000000000
       1     190   -8.219933603    0.000000000
       1     191   -8.489992389    0.000000000
       1     192   -8.510118336    0.000000000
       1     193   -7.483068865    0.000000000
       1     194   -7.479753174    0.000000000
       1     195   -8.079975094    0.000000000
       1     196   -8.077749167    0.000000000
       1     197   -8.386396581    0.000000000
       1     198   -8.368546228    0.000000000
       1     199   -7.762698453    0.000000000
       1     200   -7.777983630    0.000000000
       1     201   -7.225590786    0.000000000
       1     202   -7.243651312    0.000000000
       1     203   -6.008466658    0.000000000
       1     204   -6.020030584    0.000000000
       1     205   -6.037727066    0.000000000
       1     206   -6.046598014    0.000000000
       1     207   -6.846616974    0.000000000
       1     208   -6.832718774    0.000000000
       1     209   -6.704051451    0.000000000
       1     210   -6.460700758    0.000000000
  0.666666667  0.666666667  0.000000000     210       0
       1       1  -23.985222226    0.000000000
       1       2  -23.985225531    0.000000000
       1       3  -22.752758230    0.000000000
       1       4  -22.775087439    0.000000000
       1       5  -22.327856430    0.000000000
       1       6  -22.374283849    0.000000000
       1       7  -22.422908260    0.000000000
       1       8  -22.437203081    0.000000000
       1       9  -14.552319413   -0.000000000
       1      10  -14.486127628    0.000000000
       1      11  -14.483210265    0.000000000
       1      12  -14.594472895    0.000000000
       1      13  -13.710321031    0.000000000
       1      14  -13.743875995    0.000000000
       1      15  -13.182617909    0.000000000
       1      16  -13.178883918    0.000000000
       1      17  -12.523027927   -0.000000000
       1      18  -12.583945944    0.000000000
       1      19  -14.057600849    0.000000000
       1      20  -14.151449848    0.000000000
       1      21  -12.901354680    0.000000000
       1      22  -12.883838494    0.000000000
       1      23  -14.557236981    0.000000000
       1      24  -14.525202415    0.000000000
       1      25  -16.353464310    0.000000000
       1      26  -16.212694005    0.000000000
       1      27  -17.589530953    0.000000000
       1      28  -17.577440211    0.000000000
       1      29  -15.392513116    0.000000000
       1      30  -15.406908119    0.000000000
       1      31  -17.484717579    0.000000000
       1      32  -17.473659168    0.000000000
       1      33  -17.785798336    0.000000000
       1      34  -17.781226897    0.000000000
       1      35  -12.446975794    0.000000000
       1      36  -12.384142757    0.000000000
       1      37  -10.952260584    0.000000000
       1      38  -10.942805608    0.000000000
       1      39   -9.446481779    0.000000000
       1      40   -9.447208955    0.000000000
       1      41  -12.479845104    0.000000000
       1      42  -12.471955127    0.000000000
       1      43  -12.030171156    0.000000000
       1      44  -12.037954475   -0.000000000
       1      45  -10.153444916    0.000000000
       1      46  -10.147179707    0.000000000
       1      47  -11.827657248    0.000000000
       1      48  -11.818157852    0.000000000
       1      49  -12.295091316    0.000000000
       1      50  -12.311584078    0.000000000
       1      51  -12.765948888    0.000000000
       1      52  -12.765727423    0.000000000
       1      53   -9.796028117    0.000000000
       1      54   -9.796281756    0.000000000
       1      55   -9.046949681    0.000000000
       1      56   -9.044768340    0.000000000
       1      57   -8.643401810    0.000000000
       1      58   -8.623701757    0.000000000
       1      59   -7.449829610    0.000000000
       1      60   -7.598310412    0.000000000
       1      61  -10.588106351    0.000000000
       1      62   -7.232798833    0.000000000
       1      63   -8.364001776    0.000000000
       1      64  -11.805692203    0.000000000
       1      65   -8.785226159    0.000000000
       1      66   -8.785062793    0.000000000
       1      67   -8.398023948    0.000000000
       1      68   -8.413544961    0.000000000
       1      69   -9.494273796    0.000000000
       1      70   -9.484811725    0.000000000
       1      71   -8.389487939    0.000000000
       1      72   -8.387580864    0.000000000
       1      73  -10.937297221    0.000000000
       1      74  -10.941479203    0.000000000
       1      75  -11.749442320    0.000000000
       1      76  -11.636387785    0.000000000
       1      77  -11.756807384    0.000000000
       1      78  -11.790327729    0.000000000
       1      79   -7.794347327    0.000000000
       1      80   -7.766552565    0.000000000
       1      81   -4.312336439    0.000000000
       1      82   -4.293978949    0.000000000
       1      83   -6.332992189    0.000000000
       1      84  -11.701245830    0.000000000
       1      85   -5.157586841    0.000000000
       1      86  -10.679607007    0.000000000
       1      87  -10.596521826    0.000000000
       1      88  -10.551979281    0.000000000
       1      89   -6.695367087    0.000000000
       1      90   -6.707094009    0.000000000
       1      91   -4.710511404    0.000000000
       1      92   -4.704962992    0.000000000
       1      93  -12.099202334    0.000000000
       1      94  -12.105764990    0.000000000
       1      95   -9.324013842    0.000000000
       1      96   -9.384702038    0.000000000
       1      97   -5.229556708    0.000000000
       1      98   -5.256294293    0.000000000
       1      99   -8.988528158    0.000000000
       1     100   -9.032270551    0.000000000
       1     101   -5.760157178    0.000000000
       1     102   -5.541661651    0.000000000
       1     103   -8.957364813    0.000000000
       1     104   -8.844433346    0.000000000
       1     105   -9.444990479    0.000000000
       1     106   -9.081733269    0.000000000
       1     107   -5.751961267    0.000000000
       1     108   -5.762525081    0.000000000
       1     109   -9.741242176    0.000000000
       1     110   -9.735901694    0.000000000
       1     111   -7.085874138    0.000000000
       1     112   -7.099324154    0.000000000
       1     113   -8.435972617    0.000000000
       1     114   -8.304591526    0.000000000
       1     115   -7.945115986    0.000000000
       1     116   -7.954235994    0.000000000
       1     117   -7.388191244    0.000000000
       1     118   -7.355833629    0.000000000
       1     119  -12.822764159    0.000000000
       1     120  -12.803578267    0.000000000
       1     121   -6.681275335    0.000000000
       1     122   -6.676106223    0.000000000
       1     123   -6.206851307    0.000000000
       1     124   -6.209104362    0.000000000
       1     125   -7.446833918    0.000000000
       1     126   -7.436375589    0.000000000
       1     127   -8.293273749    0.000000000
       1     128   -8.222628085    0.000000000
       1     129   -9.741957754    0.000000000
       1     130   -9.729661361    0.000000000
       1     131   -7.310416249    0.000000000
       1     132   -7.099018573    0.000000000
       1     133   -9.663338261    0.000000000
       1     134   -9.946488505    0.000000000
       1     135   -9.003887751    0.000000000
       1     136   -9.006978830    0.000000000
       1     137   -7.420585978    0.000000000
       1     138   -7.482305741    0.000000000
       1     139  -10.000695822    0.000000000
       1     140  -10.001588554    0.000000000
       1     141   -8.647517000    0.000000000
       1     142   -8.648940343    0.000000000
       1     143   -7.249347307    0.000000000
       1     144   -7.251047216    0.000000000
       1     145   -7.374518349    0.000000000
       1     146   -7.374873704    0.000000000
       1     147  -10.591799189    0.000000000
       1     148  -10.593012649    0.000000000
       1     149   -8.732239201    0.000000000
       1     150   -8.733975778    0.000000000
       1     151   -7.707359141    0.000000000
       1     152   -7.710719143    0.000000000
       1     153  -10.373851763    0.000000000
       1     154  -10.465706510    0.000000000
       1     155   -8.231730799    0.000000000
       1     156   -8.221298009    0.000000000
       1     157   -6.069273745    0.000000000
       1     158   -6.056820896    0.000000000
       1     159  -10.831564171    0.000000000
       1     160  -10.806011995    0.000000000
       1     161   -8.732537570    0.000000000
       1     162   -8.714948437    0.000000000
       1     163   -8.127210026    0.000000000
       1     164   -8.127623643    0.000000000
       1     165   -9.300072022    0.000000000
       1     166   -9.305470297    0.000000000
       1     167   -6.465496581    0.000000000
       1     168   -6.493096339    0.000000000
       1     169   -4.325044359    0.000000000
       1     170   -4.330223759    0.000000000
       1     171   -3.335975925    0.000000000
       1     172   -3.344037128    0.000000000
       1     173   -8.476526382    0.000000000
       1     174   -8.580173647    0.000000000
       1     175   -4.733971613    0.000000000
       1     176   -4.726496110    0.000000000
       1     177   -5.192362276    0.000000000
       1     178   -5.193928387    0.000000000
       1     179   -6.470540877    0.000000000
       1     180   -6.514083037    0.000000000
       1     181   -5.551763123    0.000000000
       1     182   -5.552221770    0.000000000
       1     183   -4.668132401    0.000000000
       1     184   -4.671643618    0.000000000
       1     185   -7.581265290    0.000000000
       1     186   -7.577434827    0.000000000
       1     187   -7.640599431    0.000000000
       1     188   -7.647518825    0.000000000
       1     189   -7.416358067    0.000000000
       1     190   -7.454215322    0.000000000
       1     191   -7.347891464    0.000000000
       1     192   -6.798537650    0.000000000
       1     193   -6.792708733    0.000000000
       1     194   -7.343297621    0.000000000
       1     195   -6.232625117    0.000000000
       1     196   -6.223241117    0.000000000
       1     197   -6.224030846    0.000000000
       1     198   -6.219817353    0.000000000
       1     199   -7.480975215    0.000000000
       1     200   -7.464557001    0.000000000
       1     201   -7.338014582    0.000000000
       1     202   -7.337734425    0.000000000
       1     203   -6.371242768    0.000000000
       1     204   -6.371897195    0.000000000
       1     205   -6.654883135    0.000000000
       1     206   -6.654056058    0.000000000
       1     207   -5.956150306    0.000000000
       1     208   -5.957651821    0.000000000
       1     209   -7.165669306   -0.000000000
       1     210   -7.141133025    0.000000000
  0.666666667  0.833333333  0.000000000     210       0
       1       1  -23.992280236    0.000000000
       1       2  -23.992282277    0.000000000
       1       3  -22.768180469    0.000000000
       1       4  -22.782787021    0.000000000
       1       5  -22.342373032    0.000000000
       1       6  -22.360917284    0.000000000
       1       7  -22.470808979    0.000000000
       1       8  -22.473536694    0.000000000
       1       9  -14.387934045    0.000000000
       1      10  -14.412775311    0.000000000
       1      11  -14.372753227    0.000000000
       1      12  -14.372213489    0.000000000
       1      13  -12.986807969    0.000000000
       1      14  -12.999010013    0.000000000
       1      15  -13.584229460    0.000000000
       1      16  -13.605234943    0.000000000
       1      17  -13.840817546    0.000000000
       1      18  -13.900134932    0.000000000
       1      19  -14.111487947    0.000000000
       1      20  -14.130163072    0.000000000
       1      21  -13.385264142    0.000000000
       1      22  -13.420217923    0.000000000
       1      23  -13.921371661    0.000000000
       1      24  -13.910402183    0.000000000
       1      25  -15.776440780    0.000000000
       1      26  -15.702341375    0.000000000
       1      27  -17.232670845    0.000000000
       1      28  -17.065065126    0.000000000
       1      29  -18.110300457    0.000000000
       1      30  -17.908937266    0.000000000
       1      31  -15.888961497    0.000000000
       1      32  -15.922038892    0.000000000
       1      33  -16.559593304    0.000000000
       1      34  -16.579391695    0.000000000
       1      35  -12.131182416    0.000000000
       1      36  -12.059533862    0.000000000
       1      37  -11.328720457    0.000000000
       1      38  -11.224077716    0.000000000
       1      39  -11.270735625    0.000000000
       1      40  -11.337050874    0.000000000
       1      41  -11.470426951    0.000000000
       1      42  -11.577784870    0.000000000
       1      43  -10.797539445    0.000000000
       1      44  -10.806108029    0.000000000
       1      45  -12.275194180    0.000000000
       1      46  -12.253756388    0.000000000
       1      47  -10.007283734    0.000000000
       1      48  -10.003611099    0.000000000
       1      49  -11.577900337    0.000000000
       1      50  -11.578803624    0.000000000
       1      51  -10.590313615    0.000000000
       1      52  -10.614059198    0.000000000
       1      53  -11.441649541    0.000000000
       1      54  -11.425857265    0.000000000
       1      55   -9.571137517    0.000000000
       1      56   -9.647137383    0.000000000
       1      57   -9.253776302    0.000000000
       1      58   -9.362154806    0.000000000
       1      59   -8.669965782    0.000000000
       1      60   -8.687374268    0.000000000
       1      61   -9.411717182    0.000000000
       1      62   -9.465824057    0.000000000
       1      63   -9.886126276    0.000000000
       1      64   -9.881204315    0.000000000
       1      65   -9.532262602    0.000000000
       1      66   -9.471621054    0.000000000
       1      67   -9.874354933    0.000000000
       1      68   -9.947513759    0.000000000
       1      69   -9.484493182    0.000000000
       1      70   -9.453856479    0.000000000
       1      71  -10.170506107    0.000000000
       1      72  -10.234913731    0.000000000
       1      73   -9.797059959    0.000000000
       1      74   -9.758807205    0.000000000
       1      75   -8.039684475    0.000000000
       1      76   -7.973816662    0.000000000
       1      77   -7.114138782    0.000000000
       1      78   -7.104655434    0.000000000
       1      79   -8.446882931    0.000000000
       1      80   -8.416488901    0.000000000
       1      81   -7.840999696    0.000000000
       1      82   -7.829377564    0.000000000
       1      83   -8.353160799    0.000000000
       1      84   -8.340022793    0.000000000
       1      85   -6.438150644    0.000000000
       1      86   -6.429349856    0.000000000
       1      87   -9.651805817    0.000000000
       1      88   -9.673632144    0.000000000
       1      89  -10.013959494    0.000000000
       1      90   -9.992393497    0.000000000
       1      91   -7.843195160    0.000000000
       1      92   -7.820253542    0.000000000
       1      93   -7.537609534    0.000000000
       1      94   -7.593000917    0.000000000
       1      95   -8.818873781    0.000000000
       1      96   -8.788518269    0.000000000
       1      97   -9.768724665    0.000000000
       1      98   -9.768333928    0.000000000
       1      99   -8.237290164    0.000000000
       1     100   -8.237177117    0.000000000
       1     101   -6.185222111    0.000000000
       1     102   -6.192375381    0.000000000
       1     103   -6.219947248    0.000000000
       1     104   -6.222974458    0.000000000
       1     105   -7.862066020    0.000000000
       1     106   -7.873837446    0.000000000
       1     107   -7.934099149    0.000000000
       1     108   -7.936816892    0.000000000
       1     109   -9.083636041    0.000000000
       1     110   -9.044515673    0.000000000
       1     111   -8.866945488    0.000000000
       1     112   -8.816129444    0.000000000
       1     113   -6.285639571    0.000000000
       1     114   -6.287815943    0.000000000
       1     115   -7.920022177    0.000000000
       1     116   -7.925491276    0.000000000
       1     117   -9.230752852    0.000000000
       1     118   -9.302135451    0.000000000
       1     119   -7.204307495    0.000000000
       1     120   -7.199071234    0.000000000
       1     121   -8.512970136    0.000000000
       1     122   -8.508923626    0.000000000
       1     123   -9.727782446    0.000000000
       1     124   -9.785128786    0.000000000
       1     125   -9.133360533    0.000000000
       1     126   -9.139741460    0.000000000
       1     127   -7.431448184    0.000000000
       1     128   -7.425096013    0.000000000
       1     129   -9.455405532    0.000000000
       1     130   -9.446495617    0.000000000
       1     131   -7.300727605    0.000000000
       1     132   -7.283135041    0.000000000
       1     133   -7.613269287    0.000000000
       1     134   -7.609796863    0.000000000
       1     135   -9.992147541    0.000000000
       1     136  -10.063299941    0.000000000
       1     137   -9.523237125    0.000000000
       1     138   -9.532817514    0.000000000
       1     139   -6.522372766    0.000000000
       1     140   -6.516519189    0.000000000
       1     141   -6.540733264    0.000000000
       1     142   -6.508493612    0.000000000
       1     143   -7.968949380    0.000000000
       1     144   -7.973389970    0.000000000
       1     145   -6.900028784    0.000000000
       1     146   -6.891050036    0.000000000
       1     147   -7.847259408    0.000000000
       1     148   -7.880743585    0.000000000
       1     149   -7.444951593    0.000000000
       1     150   -7.439897314    0.000000000
       1     151   -7.977010391    0.000000000
       1     152   -7.991705341    0.000000000
       1     153   -8.732100186    0.000000000
       1     154   -8.754538511    0.000000000
       1     155   -8.945439957    0.000000000
       1     156   -8.941444371    0.000000000
       1     157   -7.784995649    0.000000000
       1     158   -7.776440685    0.000000000
       1     159   -7.652549273    0.000000000
       1     160   -7.672274181    0.000000000
       1     161   -9.563807129    0.000000000
       1     162   -9.603217134    0.000000000
       1     163   -7.358069449    0.000000000
       1     164   -7.354859099    0.000000000
       1     165   -7.032654408    0.000000000
       1     166   -7.058577441    0.000000000
       1     167   -7.368749531    0.000000000
       1     168   -7.360776373    0.000000000
       1     169   -5.537154383    0.000000000
       1     170   -5.569727957    0.000000000
       1     171   -7.548073153    0.000000000
       1     172   -7.555439667    0.000000000
       1     173   -6.522423360    0.000000000
       1     174   -6.517393496    0.000000000
       1     175   -6.649149990    0.000000000
       1     176   -6.649655501    0.000000000
       1     177   -6.173838583    0.000000000
       1     178   -6.183592258    0.000000000
       1     179   -6.067113956    0.000000000
       1     180   -6.063733294    0.000000000
       1     181   -8.180096204    0.000000000
       1     182   -8.160715855    0.000000000
       1     183   -6.348996356    0.000000000
       1     184   -6.366905185    0.000000000
       1     185   -7.934303987    0.000000000
       1     186   -7.953850177    0.000000000
       1     187   -5.631362345    0.000000000
       1     188   -5.649291274    0.000000000
       1     189   -8.157613894    0.000000000
       1     190   -8.219816709    0.000000000
       1     191   -8.490057366    0.000000000
       1     192   -8.510172634    0.000000000
       1     193   -7.483078603    0.000000000
       1     194   -7.479762987    0.000000000
       1     195   -8.080020975    0.000000000
       1     196   -8.077794606    0.000000000
       1     197   -8.386005317    0.000000000
       1     198   -8.368144154    0.000000000
       1     199   -7.763038481    0.000000000
       1     200   -7.778334454    0.000000000
       1     201   -7.225343227    0.000000000
       1     202   -7.243405981    0.000000000
       1     203   -6.008635039    0.000000000
       1     204   -6.020202220    0.000000000
       1     205   -6.037769934    0.000000000
       1     206   -6.046641588    0.000000000
       1     207   -6.846510808    0.000000000
       1     208   -6.832608773    0.000000000
       1     209   -6.705333369    0.000000000
       1     210   -6.461793713    0.000000000
  0.833333333  0.000000000  0.000000000     210       0
       1       1  -23.958204656    0.000000000
       1       2  -23.958204657    0.000000000
       1       3  -22.849259531    0.000000000
       1       4  -22.849259538    0.000000000
       1       5  -22.440713798    0.000000000
       1       6  -22.440713796    0.000000000
       1       7  -22.565860300    0.000000000
       1       8  -22.565860294    0.000000000
       1       9  -13.726216353    0.000000000
       1      10  -13.726216371   -0.000000000
       1      11  -13.948936880    0.000000000
       1      12  -13.948936876    0.000000000
       1      13  -13.195054962    0.000000000
       1      14  -13.195054817    0.000000000
       1      15  -14.522264042    0.000000000
       1      16  -14.522263075    0.000000000
       1      17  -14.253486337    0.000000000
       1      18  -14.253486279    0.000000000
       1      19  -15.568699421    0.000000000
       1      20  -15.568699149    0.000000000
       1      21  -15.716155471    0.000000000
       1      22  -15.716155829    0.000000000
       1      23  -13.398656431    0.000000000
       1      24  -13.398656998    0.000000000
       1      25  -15.754385974    0.000000000
       1      26  -15.754385573    0.000000000
       1      27  -15.304319366    0.000000000
       1      28  -15.304317514   -0.000000000
       1      29  -15.855576031    0.000000000
       1      30  -15.855576772    0.000000000
       1      31  -15.935701016    0.000000000
       1      32  -15.935704345    0.000000000
       1      33  -16.148473943    0.000000000
       1      34  -16.148475018    0.000000000
       1      35  -11.948206536    0.000000000
       1      36  -11.948206471    0.000000000
       1      37  -10.550792496    0.000000000
       1      38  -10.550793297    0.000000000
       1      39   -9.912967315    0.000000000
       1      40   -9.912967320    0.000000000
       1      41  -10.372325896    0.000000000
       1      42  -10.372325783    0.000000000
       1      43   -9.210577218    0.000000000
       1      44   -9.210577543    0.000000000
       1      45  -10.902998090    0.000000000
       1      46  -10.902998129    0.000000000
       1      47  -12.525747336    0.000000000
       1      48  -12.525745428    0.000000000
       1      49  -12.616422648    0.000000000
       1      50  -12.616423501    0.000000000
       1      51  -12.037638993    0.000000000
       1      52  -12.037638942    0.000000000
       1      53  -11.851486320    0.000000000
       1      54  -11.851486359    0.000000000
       1      55  -13.315441020    0.000000000
       1      56  -13.315444417    0.000000000
       1      57  -11.512793584    0.000000000
       1      58  -11.512796113    0.000000000
       1      59  -13.452954668    0.000000000
       1      60  -13.452954604    0.000000000
       1      61   -7.594087501    0.000000000
       1      62   -7.594088125    0.000000000
       1      63   -9.943674900    0.000000000
       1      64   -9.943674941    0.000000000
       1      65   -5.939809928    0.000000000
       1      66   -5.939809271    0.000000000
       1      67   -7.271440094    0.000000000
       1      68   -7.271439929    0.000000000
       1      69   -6.440580814    0.000000000
       1      70   -6.440581858    0.000000000
       1      71   -8.201319623    0.000000000
       1      72   -8.201318568    0.000000000
       1      73  -10.110741790    0.000000000
       1      74  -10.110742741    0.000000000
       1      75   -9.610756321    0.000000000
       1      76   -9.610749437    0.000000000
       1      77   -8.835421814    0.000000000
       1      78   -8.835377607    0.000000000
       1      79  -11.485798910    0.000000000
       1      80  -11.485760986    0.000000000
       1      81   -8.787988874    0.000000000
       1      82   -8.787987536    0.000000000
       1      83   -7.351855838    0.000000000
       1      84   -7.351855883    0.000000000
       1      85   -6.706207423    0.000000000
       1      86   -6.706207397    0.000000000
       1      87   -5.184432192    0.000000000
       1      88   -5.184432187    0.000000000
       1      89   -8.068031064    0.000000000
       1      90   -8.068030659    0.000000000
       1      91   -8.069089096    0.000000000
       1      92   -8.069089664    0.000000000
       1      93   -9.061785106    0.000000000
       1      94   -9.061784935    0.000000000
       1      95   -8.777703118    0.000000000
       1      96   -8.777706937    0.000000000
       1      97   -7.937339951    0.000000000
       1      98   -7.937343860    0.000000000
       1      99   -9.376290273    0.000000000
       1     100   -9.376291519    0.000000000
       1     101   -8.440818331    0.000000000
       1     102   -8.440818062    0.000000000
       1     103   -6.848914136    0.000000000
       1     104   -6.848913967    0.000000000
       1     105   -9.152836254    0.000000000
       1     106   -9.152838859    0.000000000
       1     107  -10.782402781    0.000000000
       1     108  -10.782402590    0.000000000
       1     109   -8.085058434    0.000000000
       1     110   -8.085060567    0.000000000
       1     111   -7.218203241    0.000000000
       1     112   -7.218203384    0.000000000
       1     113   -5.426421012   -0.000000000
       1     114   -5.426396437    0.000000000
       1     115  -11.987265446    0.000000000
       1     116  -11.987244529    0.000000000
       1     117   -7.815317179    0.000000000
       1     118   -7.815321667    0.000000000
       1     119   -8.504762888    0.000000000
       1     120   -8.504762951    0.000000000
       1     121   -6.631911323    0.000000000
       1     122   -6.631912799    0.000000000
       1     123   -6.054226655    0.000000000
       1     124   -6.054226545    0.000000000
       1     125   -7.683029527    0.000000000
       1     126   -7.683029665    0.000000000
       1     127   -8.274360479    0.000000000
       1     128   -8.274355082    0.000000000
       1     129   -5.389079678    0.000000000
       1     130   -5.389086161    0.000000000
       1     131   -5.520351476    0.000000000
       1     132   -5.520351451    0.000000000
       1     133   -5.512076432    0.000000000
       1     134   -5.512075478    0.000000000
       1     135   -6.402034088    0.000000000
       1     136   -6.402033493    0.000000000
       1     137   -5.976307994    0.000000000
       1     138   -5.976308433    0.000000000
       1     139   -6.403457882    0.000000000
       1     140   -6.403455791    0.000000000
       1     141   -7.219842509    0.000000000
       1     142   -7.219842943    0.000000000
       1     143   -8.033466171    0.000000000
       1     144   -8.033466324    0.000000000
       1     145   -6.441127343    0.000000000
       1     146   -6.441097906    0.000000000
       1     147  -11.794642107    0.000000000
       1     148  -11.794614465    0.000000000
       1     149   -5.966015420    0.000000000
       1     150   -5.966015367    0.000000000
       1     151   -8.311921315    0.000000000
       1     152   -8.311920409    0.000000000
       1     153   -6.049889699    0.000000000
       1     154   -6.049892065    0.000000000
       1     155   -7.883461378    0.000000000
       1     156   -7.883461520    0.000000000
       1     157   -5.821324743   -0.000000000
       1     158   -5.821322538    0.000000000
       1     159   -4.924197834    0.000000000
       1     160   -4.924199944    0.000000000
       1     161   -5.367972766    0.000000000
       1     162   -5.367970089    0.000000000
       1     163   -7.002030836    0.000000000
       1     164   -7.002027271    0.000000000
       1     165   -6.459836583   -0.000000000
       1     166   -6.459836786    0.000000000
       1     167   -6.242958838    0.000000000
       1     168   -6.242958594    0.000000000
       1     169   -6.160665237    0.000000000
       1     170   -6.160665033    0.000000000
       1     171   -5.732338356    0.000000000
       1     172   -5.732338672    0.000000000
       1     173   -9.383416753    0.000000000
       1     174   -9.383417011    0.000000000
       1     175   -8.087901341   -0.000000000
       1     176   -8.087875226    0.000000000
       1     177   -8.141354801    0.000000000
       1     178   -8.141315194    0.000000000
       1     179   -9.996363034    0.000000000
       1     180   -9.996365648    0.000000000
       1     181   -6.237232836    0.000000000
       1     182   -6.237246807    0.000000000
       1     183   -8.596679179    0.000000000
       1     184   -8.596682711    0.000000000
       1     185   -7.657640269    0.000000000
       1     186   -7.657639509    0.000000000
       1     187   -6.271055364    0.000000000
       1     188   -6.271056365    0.000000000
       1     189   -9.281728645    0.000000000
       1     190   -9.281729534    0.000000000
       1     191   -7.055868875    0.000000000
       1     192   -7.055869076    0.000000000
       1     193   -8.386075720    0.000000000
       1     194   -8.386075483    0.000000000
       1     195   -7.495182087    0.000000000
       1     196   -7.495181988    0.000000000
       1     197   -8.689842144    0.000000000
       1     198   -8.689842728    0.000000000
       1     199   -6.172956503    0.000000000
       1     200   -6.172956149    0.000000000
       1     201   -9.987393324    0.000000000
       1     202   -9.987402954    0.000000000
       1     203   -7.190285264    0.000000000
       1     204   -7.190294158    0.000000000
       1     205  -10.145111485    0.000000000
       1     206  -10.146557984    0.000000000
       1     207   -7.159934391    0.000000000
       1     208   -7.161380374    0.000000000
       1     209   -9.795275776    0.000000000
       1     210   -9.795275823    0.000000000
  0.833333333  0.166666667  0.000000000     210       0
       1       1  -23.958204699    0.000000000
       1       2  -23.958204699    0.000000000
       1       3  -22.849259519    0.000000000
       1       4  -22.849259547    0.000000000
       1       5  -22.440714197    0.000000000
       1       6  -22.440714219    0.000000000
       1       7  -22.565859522    0.000000000
       1       8  -22.565859586    0.000000000
       1       9  -13.726216570    0.000000000
       1      10  -13.726216584    0.000000000
       1      11  -13.948936786   -0.000000000
       1      12  -13.948936784    0.000000000
       1      13  -13.195055247    0.000000000
       1      14  -13.195055261    0.000000000
       1      15  -14.522263493    0.000000000
       1      16  -14.522263182    0.000000000
       1      17  -14.253479276    0.000000000
       1      18  -14.253479127    0.000000000
       1      19  -15.568699099    0.000000000
       1      20  -15.568698689    0.000000000
       1      21  -15.716149896    0.000000000
       1      22  -15.716149727    0.000000000
       1      23  -13.398661649    0.000000000
       1      24  -13.398661629    0.000000000
       1      25  -15.754388383    0.000000000
       1      26  -15.754388429    0.000000000
       1      27  -15.304321017    0.000000000
       1      28  -15.304320830    0.000000000
       1      29  -15.855554752    0.000000000
       1      30  -15.855556064    0.000000000
       1      31  -15.935719068    0.000000000
       1      32  -15.935720622    0.000000000
       1      33  -16.148473302    0.000000000
       1      34  -16.148473366    0.000000000
       1      35  -11.948205310    0.000000000
       1      36  -11.948205223    0.000000000
       1      37  -10.550780147    0.000000000
       1      38  -10.550780168    0.000000000
       1      39   -9.912982505    0.000000000
       1      40   -9.912982433    0.000000000
       1      41  -10.372338823    0.000000000
       1      42  -10.372338858    0.000000000
       1      43   -9.210548147    0.000000000
       1      44   -9.210548142    0.000000000
       1      45  -10.903014705    0.000000000
       1      46  -10.903014740    0.000000000
       1      47  -12.525746857    0.000000000
       1      48  -12.525746931    0.000000000
       1      49  -12.616420106    0.000000000
       1      50  -12.616420096    0.000000000
       1      51  -12.037635934    0.000000000
       1      52  -12.037635935    0.000000000
       1      53  -11.851480155    0.000000000
       1      54  -11.851480150    0.000000000
       1      55  -13.315440832    0.000000000
       1      56  -13.315443627    0.000000000
       1      57  -11.512788576    0.000000000
       1      58  -11.512791474    0.000000000
       1      59  -13.452951299    0.000000000
       1      60  -13.452951305    0.000000000
       1      61   -7.594094280    0.000000000
       1      62   -7.594094100    0.000000000
       1      63   -9.943669818    0.000000000
       1      64   -9.943669846    0.000000000
       1      65   -5.939809717    0.000000000
       1      66   -5.939808965    0.000000000
       1      67   -7.271472938    0.000000000
       1      68   -7.271472355    0.000000000
       1      69   -6.440577494    0.000000000
       1      70   -6.440577905    0.000000000
       1      71   -8.201396246    0.000000000
       1      72   -8.201395945    0.000000000
       1      73  -10.110654172    0.000000000
       1      74  -10.110654894    0.000000000
       1      75   -9.610757842    0.000000000
       1      76   -9.610757233    0.000000000
       1      77   -8.835409073    0.000000000
       1      78   -8.835392331    0.000000000
       1      79  -11.485790516    0.000000000
       1      80  -11.485774767    0.000000000
       1      81   -8.787978458    0.000000000
       1      82   -8.787978984    0.000000000
       1      83   -7.351862287    0.000000000
       1      84   -7.351862423    0.000000000
       1      85   -6.706203090    0.000000000
       1      86   -6.706203112    0.000000000
       1      87   -5.184433044    0.000000000
       1      88   -5.184433043   -0.000000000
       1      89   -8.067988647    0.000000000
       1      90   -8.067987713    0.000000000
       1      91   -8.069131547    0.000000000
       1      92   -8.069132304    0.000000000
       1      93   -9.061790839    0.000000000
       1      94   -9.061790781    0.000000000
       1      95   -8.777683315    0.000000000
       1      96   -8.777688199    0.000000000
       1      97   -7.937367865    0.000000000
       1      98   -7.937372799    0.000000000
       1      99   -9.376251451    0.000000000
       1     100   -9.376250528    0.000000000
       1     101   -8.440839350    0.000000000
       1     102   -8.440838300    0.000000000
       1     103   -6.848905761    0.000000000
       1     104   -6.848905781    0.000000000
       1     105   -9.152861989    0.000000000
       1     106   -9.152868619    0.000000000
       1     107  -10.782373341    0.000000000
       1     108  -10.782373018   -0.000000000
       1     109   -8.085063485    0.000000000
       1     110   -8.085070960    0.000000000
       1     111   -7.218227399    0.000000000
       1     112   -7.218227291    0.000000000
       1     113   -5.426451199    0.000000000
       1     114   -5.426409207    0.000000000
       1     115  -11.987315267    0.000000000
       1     116  -11.987264514    0.000000000
       1     117   -7.815286314    0.000000000
       1     118   -7.815293107    0.000000000
       1     119   -8.504787766    0.000000000
       1     120   -8.504787948    0.000000000
       1     121   -6.631871461    0.000000000
       1     122   -6.631874175    0.000000000
       1     123   -6.054232279    0.000000000
       1     124   -6.054231246    0.000000000
       1     125   -7.683013587    0.000000000
       1     126   -7.683012722    0.000000000
       1     127   -8.274348758    0.000000000
       1     128   -8.274349228    0.000000000
       1     129   -5.389029871    0.000000000
       1     130   -5.389031366    0.000000000
       1     131   -5.520345757    0.000000000
       1     132   -5.520345805    0.000000000
       1     133   -5.512053922    0.000000000
       1     134   -5.512053997    0.000000000
       1     135   -6.402034136    0.000000000
       1     136   -6.402033645    0.000000000
       1     137   -5.976312918    0.000000000
       1     138   -5.976312674    0.000000000
       1     139   -6.403496683    0.000000000
       1     140   -6.403496418    0.000000000
       1     141   -7.219991685    0.000000000
       1     142   -7.219992307    0.000000000
       1     143   -8.033343264    0.000000000
       1     144   -8.033343022    0.000000000
       1     145   -6.441143244    0.000000000
       1     146   -6.441054615    0.000000000
       1     147  -11.794605547    0.000000000
       1     148  -11.794520842    0.000000000
       1     149   -5.966065259    0.000000000
       1     150   -5.966066236    0.000000000
       1     151   -8.311889741    0.000000000
       1     152   -8.311889465    0.000000000
       1     153   -6.049866958    0.000000000
       1     154   -6.049869273    0.000000000
       1     155   -7.883398691    0.000000000
       1     156   -7.883399015    0.000000000
       1     157   -5.821355685    0.000000000
       1     158   -5.821355354    0.000000000
       1     159   -4.924277103    0.000000000
       1     160   -4.924276429    0.000000000
       1     161   -5.367965374    0.000000000
       1     162   -5.367949813    0.000000000
       1     163   -7.002070604    0.000000000
       1     164   -7.002055036    0.000000000
       1     165   -6.459842278    0.000000000
       1     166   -6.459842358    0.000000000
       1     167   -6.242986720    0.000000000
       1     168   -6.242986170    0.000000000
       1     169   -6.160721995    0.000000000
       1     170   -6.160721743    0.000000000
       1     171   -5.732326305    0.000000000
       1     172   -5.732325514    0.000000000
       1     173   -9.383604664    0.000000000
       1     174   -9.383605701    0.000000000
       1     175   -8.087767333    0.000000000
       1     176   -8.087757967    0.000000000
       1     177   -8.141331653    0.000000000
       1     178   -8.141349789    0.000000000
       1     179   -9.996156545    0.000000000
       1     180   -9.996157840    0.000000000
       1     181   -6.237397361    0.000000000
       1     182   -6.237406319    0.000000000
       1     183   -8.596616739    0.000000000
       1     184   -8.596617890    0.000000000
       1     185   -7.657668917    0.000000000
       1     186   -7.657670320    0.000000000
       1     187   -6.271037695    0.000000000
       1     188   -6.271038070    0.000000000
       1     189   -9.281670029    0.000000000
       1     190   -9.281669667    0.000000000
       1     191   -7.055897533    0.000000000
       1     192   -7.055897741    0.000000000
       1     193   -8.386030521    0.000000000
       1     194   -8.386029885    0.000000000
       1     195   -7.495231270    0.000000000
       1     196   -7.495232221    0.000000000
       1     197   -8.689822869   -0.000000000
       1     198   -8.689821032    0.000000000
       1     199   -6.173020616    0.000000000
       1     200   -6.173020607    0.000000000
       1     201   -9.987396637    0.000000000
       1     202   -9.987456119    0.000000000
       1     203   -7.190234336    0.000000000
       1     204   -7.190292748    0.000000000
       1     205  -10.145457699    0.000000000
       1     206  -10.146073678    0.000000000
       1     207   -7.160387902    0.000000000
       1     208   -7.161003279    0.000000000
       1     209   -9.795281374    0.000000000
       1     210   -9.795281334    0.000000000
  0.833333333  0.333333333  0.000000000     210       0
       1       1  -23.972792036    0.000000000
       1       2  -23.972792916    0.000000000
       1       3  -22.810068912    0.000000000
       1       4  -22.817065612    0.000000000
       1       5  -22.404514918    0.000000000
       1       6  -22.405947373    0.000000000
       1       7  -22.499452327    0.000000000
       1       8  -22.508578260    0.000000000
       1       9  -13.987003251    0.000000000
       1      10  -13.995060773    0.000000000
       1      11  -14.123611499    0.000000000
       1      12  -14.123269181    0.000000000
       1      13  -13.738408363    0.000000000
       1      14  -13.781425072    0.000000000
       1      15  -13.279269534    0.000000000
       1      16  -13.343614505    0.000000000
       1      17  -14.000149290    0.000000000
       1      18  -13.941758416    0.000000000
       1      19  -14.643705466    0.000000000
       1      20  -14.593834601    0.000000000
       1      21  -14.441070590    0.000000000
       1      22  -14.440829500    0.000000000
       1      23  -13.670658369    0.000000000
       1      24  -13.627870977    0.000000000
       1      25  -16.017561059    0.000000000
       1      26  -16.033526953    0.000000000
       1      27  -15.518142503    0.000000000
       1      28  -15.448832461    0.000000000
       1      29  -17.010151274    0.000000000
       1      30  -16.944470217    0.000000000
       1      31  -16.245793296    0.000000000
       1      32  -16.202136387    0.000000000
       1      33  -16.642457550    0.000000000
       1      34  -16.626542901    0.000000000
       1      35  -12.907569486    0.000000000
       1      36  -12.910051545    0.000000000
       1      37  -10.211775549    0.000000000
       1      38  -10.218045579    0.000000000
       1      39   -9.756423136    0.000000000
       1      40   -9.717268955    0.000000000
       1      41  -12.607590550    0.000000000
       1      42  -12.536084553    0.000000000
       1      43   -9.895949156    0.000000000
       1      44   -9.814081510    0.000000000
       1      45  -12.980793097    0.000000000
       1      46  -13.013097621    0.000000000
       1      47  -11.600229396    0.000000000
       1      48  -11.727328715    0.000000000
       1      49  -11.521704861    0.000000000
       1      50  -11.395467979    0.000000000
       1      51   -9.716274005    0.000000000
       1      52   -9.714999232    0.000000000
       1      53  -11.153500264    0.000000000
       1      54  -11.295369811    0.000000000
       1      55  -12.427102968    0.000000000
       1      56  -12.422279122    0.000000000
       1      57  -10.785308829    0.000000000
       1      58  -10.673412281    0.000000000
       1      59  -12.337746560    0.000000000
       1      60  -12.338477439    0.000000000
       1      61   -7.722830120    0.000000000
       1      62   -7.632075376    0.000000000
       1      63   -8.017937243    0.000000000
       1      64   -7.958858213    0.000000000
       1      65   -7.601651722    0.000000000
       1      66   -7.600207236    0.000000000
       1      67   -8.123501962    0.000000000
       1      68   -8.110802641    0.000000000
       1      69   -9.831268687    0.000000000
       1      70   -9.827823084    0.000000000
       1      71   -7.766902898    0.000000000
       1      72   -7.772755712    0.000000000
       1      73   -6.595010212    0.000000000
       1      74   -6.531615436    0.000000000
       1      75   -8.941178457    0.000000000
       1      76   -9.143139592    0.000000000
       1      77   -8.228865376    0.000000000
       1      78   -8.232150807    0.000000000
       1      79  -10.526396199    0.000000000
       1      80  -10.566206128    0.000000000
       1      81   -9.895597950    0.000000000
       1      82   -9.811218431    0.000000000
       1      83   -9.788699889    0.000000000
       1      84   -9.830899482    0.000000000
       1      85   -9.603302477    0.000000000
       1      86   -9.749982460    0.000000000
       1      87   -7.941191398    0.000000000
       1      88   -8.130547050    0.000000000
       1      89   -6.635603838    0.000000000
       1      90   -6.627231130    0.000000000
       1      91   -8.533666682    0.000000000
       1      92   -8.582929084    0.000000000
       1      93  -10.227986900    0.000000000
       1      94  -10.303424327    0.000000000
       1      95  -10.051221092    0.000000000
       1      96  -10.069144595    0.000000000
       1      97   -7.639356367    0.000000000
       1      98   -7.563438870    0.000000000
       1      99   -8.327440283    0.000000000
       1     100   -8.356787096    0.000000000
       1     101   -6.718804079    0.000000000
       1     102   -6.627707054    0.000000000
       1     103   -6.262832352    0.000000000
       1     104   -6.274516052    0.000000000
       1     105   -6.106387265    0.000000000
       1     106   -5.924427418    0.000000000
       1     107   -6.282404720    0.000000000
       1     108   -6.446159309    0.000000000
       1     109   -6.745312361    0.000000000
       1     110   -6.739853252    0.000000000
       1     111   -8.741436355    0.000000000
       1     112   -8.734655623    0.000000000
       1     113   -9.598799881    0.000000000
       1     114   -9.710864090    0.000000000
       1     115   -8.660942926    0.000000000
       1     116   -8.691482430    0.000000000
       1     117   -7.632195785    0.000000000
       1     118   -7.343006860    0.000000000
       1     119   -6.568706877    0.000000000
       1     120   -6.520097077    0.000000000
       1     121   -8.274900960    0.000000000
       1     122   -8.250102797    0.000000000
       1     123   -8.260927881    0.000000000
       1     124   -8.418737827    0.000000000
       1     125   -8.556595818    0.000000000
       1     126   -8.545954641    0.000000000
       1     127   -7.965652064    0.000000000
       1     128   -7.964174531    0.000000000
       1     129   -6.505721393    0.000000000
       1     130   -6.536091573    0.000000000
       1     131   -8.445324282    0.000000000
       1     132   -8.457613484    0.000000000
       1     133   -7.711897225    0.000000000
       1     134   -7.718688414    0.000000000
       1     135   -8.683376236    0.000000000
       1     136   -8.668228400    0.000000000
       1     137   -7.125187336    0.000000000
       1     138   -7.081669404    0.000000000
       1     139   -8.119351838    0.000000000
       1     140   -8.114627312    0.000000000
       1     141   -7.147441362    0.000000000
       1     142   -7.151149320    0.000000000
       1     143   -6.528895777    0.000000000
       1     144   -6.454541299    0.000000000
       1     145   -5.169187919    0.000000000
       1     146   -5.347651672    0.000000000
       1     147   -6.496255833    0.000000000
       1     148   -6.731285801    0.000000000
       1     149   -5.491516768    0.000000000
       1     150   -5.335771937    0.000000000
       1     151   -7.756564579    0.000000000
       1     152   -7.931516167    0.000000000
       1     153   -5.719774927    0.000000000
       1     154   -5.720153591    0.000000000
       1     155   -8.228895964    0.000000000
       1     156   -8.299890548    0.000000000
       1     157   -6.974610125    0.000000000
       1     158   -6.977965641    0.000000000
       1     159   -8.210910806    0.000000000
       1     160   -8.190117655    0.000000000
       1     161  -10.419521416    0.000000000
       1     162  -10.348832103    0.000000000
       1     163   -6.596002893    0.000000000
       1     164   -6.756085931   -0.000000000
       1     165   -7.382438347    0.000000000
       1     166   -7.424522997    0.000000000
       1     167   -7.758181858    0.000000000
       1     168   -7.662642986    0.000000000
       1     169   -8.248553477    0.000000000
       1     170   -8.240653720    0.000000000
       1     171   -7.908217358    0.000000000
       1     172   -7.919892575    0.000000000
       1     173   -8.275211456    0.000000000
       1     174   -8.228601154    0.000000000
       1     175   -9.432650106    0.000000000
       1     176   -9.370663414    0.000000000
       1     177  -10.055277588    0.000000000
       1     178  -10.203979640    0.000000000
       1     179   -8.887739167    0.000000000
       1     180   -8.928505253    0.000000000
       1     181   -7.076263775    0.000000000
       1     182   -7.079073332    0.000000000
       1     183   -6.742330826    0.000000000
       1     184   -6.742165279    0.000000000
       1     185   -5.836766018    0.000000000
       1     186   -5.822365033    0.000000000
       1     187   -8.189557575    0.000000000
       1     188   -8.172705801    0.000000000
       1     189   -7.126406793    0.000000000
       1     190   -7.074747544    0.000000000
       1     191   -8.231705882    0.000000000
       1     192   -8.255642342    0.000000000
       1     193   -8.264876401    0.000000000
       1     194   -8.231165390    0.000000000
       1     195   -4.750896474    0.000000000
       1     196   -4.698962508    0.000000000
       1     197   -6.639883688    0.000000000
       1     198   -6.711606841    0.000000000
       1     199   -6.412406276    0.000000000
       1     200   -6.395990644    0.000000000
       1     201   -7.524392351    0.000000000
       1     202   -7.657948760    0.000000000
       1     203   -6.931729291    0.000000000
       1     204   -6.924157275    0.000000000
       1     205   -4.254029413    0.000000000
       1     206   -4.204448736    0.000000000
       1     207   -9.328777363    0.000000000
       1     208   -9.347649009    0.000000000
       1     209   -8.487660295    0.000000000
       1     210   -8.397526756    0.000000000
  0.833333333  0.500000000  0.000000000     210       0
       1       1  -23.992280333    0.000000000
       1       2  -23.992282374    0.000000000
       1       3  -22.768180350    0.000000000
       1       4  -22.782786872    0.000000000
       1       5  -22.342373031    0.000000000
       1       6  -22.360917366    0.000000000
       1       7  -22.470808466    0.000000000
       1       8  -22.473536056    0.000000000
       1       9  -14.387935292    0.000000000
       1      10  -14.412776604    0.000000000
       1      11  -14.372754349    0.000000000
       1      12  -14.372214595    0.000000000
       1      13  -12.986807226    0.000000000
       1      14  -12.999009494    0.000000000
       1      15  -13.584231990    0.000000000
       1      16  -13.605237528    0.000000000
       1      17  -13.840818063    0.000000000
       1      18  -13.900135408    0.000000000
       1      19  -14.111484366    0.000000000
       1      20  -14.130159611    0.000000000
       1      21  -13.385267790    0.000000000
       1      22  -13.420221620    0.000000000
       1      23  -13.921376157    0.000000000
       1      24  -13.910406649    0.000000000
       1      25  -15.776434670    0.000000000
       1      26  -15.702335796    0.000000000
       1      27  -17.232646311    0.000000000
       1      28  -17.065042189    0.000000000
       1      29  -18.110332626    0.000000000
       1      30  -17.908971040    0.000000000
       1      31  -15.888957380    0.000000000
       1      32  -15.922034901    0.000000000
       1      33  -16.559579129    0.000000000
       1      34  -16.579378138    0.000000000
       1      35  -12.131185572    0.000000000
       1      36  -12.059536176    0.000000000
       1      37  -11.328735771    0.000000000
       1      38  -11.224094061    0.000000000
       1      39  -11.270730685    0.000000000
       1      40  -11.337048562    0.000000000
       1      41  -11.470414356    0.000000000
       1      42  -11.577770142    0.000000000
       1      43  -10.797552390    0.000000000
       1      44  -10.806120123    0.000000000
       1      45  -12.275179767    0.000000000
       1      46  -12.253742260    0.000000000
       1      47  -10.007289012    0.000000000
       1      48  -10.003616413    0.000000000
       1      49  -11.577906851    0.000000000
       1      50  -11.578809899    0.000000000
       1      51  -10.590319438    0.000000000
       1      52  -10.614065208    0.000000000
       1      53  -11.441623243    0.000000000
       1      54  -11.425830567    0.000000000
       1      55   -9.571141423    0.000000000
       1      56   -9.647140996    0.000000000
       1      57   -9.253765817    0.000000000
       1      58   -9.362142913    0.000000000
       1      59   -8.669950452    0.000000000
       1      60   -8.687354402    0.000000000
       1      61   -9.411699646    0.000000000
       1      62   -9.465800705    0.000000000
       1      63   -9.886152293    0.000000000
       1      64   -9.881230132    0.000000000
       1      65   -9.532261171    0.000000000
       1      66   -9.471618210    0.000000000
       1      67   -9.874378926    0.000000000
       1      68   -9.947536235    0.000000000
       1      69   -9.484420416    0.000000000
       1      70   -9.453783981    0.000000000
       1      71  -10.170574550    0.000000000
       1      72  -10.234981775    0.000000000
       1      73   -9.797018641    0.000000000
       1      74   -9.758762844    0.000000000
       1      75   -8.039767503    0.000000000
       1      76   -7.973897238    0.000000000
       1      77   -7.114134828    0.000000000
       1      78   -7.104651175    0.000000000
       1      79   -8.446860761    0.000000000
       1      80   -8.416465031    0.000000000
       1      81   -7.840998952    0.000000000
       1      82   -7.829377230    0.000000000
       1      83   -8.353165022    0.000000000
       1      84   -8.340025864    0.000000000
       1      85   -6.438140298    0.000000000
       1      86   -6.429340031    0.000000000
       1      87   -9.651813016    0.000000000
       1      88   -9.673640088    0.000000000
       1      89  -10.013983085    0.000000000
       1      90   -9.992417702    0.000000000
       1      91   -7.843216489    0.000000000
       1      92   -7.820274985    0.000000000
       1      93   -7.537584488    0.000000000
       1      94   -7.592975521    0.000000000
       1      95   -8.818874696    0.000000000
       1      96   -8.788522775    0.000000000
       1      97   -9.768736375    0.000000000
       1      98   -9.768344071    0.000000000
       1      99   -8.237259243    0.000000000
       1     100   -8.237147408    0.000000000
       1     101   -6.185187191    0.000000000
       1     102   -6.192340758    0.000000000
       1     103   -6.219928276    0.000000000
       1     104   -6.222954703    0.000000000
       1     105   -7.862051597    0.000000000
       1     106   -7.873819649    0.000000000
       1     107   -7.934091787    0.000000000
       1     108   -7.936808577    0.000000000
       1     109   -9.083656929    0.000000000
       1     110   -9.044534905    0.000000000
       1     111   -8.866936408    0.000000000
       1     112   -8.816126368    0.000000000
       1     113   -6.285636177    0.000000000
       1     114   -6.287815182    0.000000000
       1     115   -7.920093441    0.000000000
       1     116   -7.925561006    0.000000000
       1     117   -9.230734975    0.000000000
       1     118   -9.302121616    0.000000000
       1     119   -7.204400663    0.000000000
       1     120   -7.199165512    0.000000000
       1     121   -8.512894161    0.000000000
       1     122   -8.508848862    0.000000000
       1     123   -9.727785746    0.000000000
       1     124   -9.785128397    0.000000000
       1     125   -9.133323618    0.000000000
       1     126   -9.139704604    0.000000000
       1     127   -7.431462141    0.000000000
       1     128   -7.425110599    0.000000000
       1     129   -9.455473180    0.000000000
       1     130   -9.446563597    0.000000000
       1     131   -7.300747412    0.000000000
       1     132   -7.283155130    0.000000000
       1     133   -7.613247809    0.000000000
       1     134   -7.609775431    0.000000000
       1     135   -9.992141904    0.000000000
       1     136  -10.063298711    0.000000000
       1     137   -9.523223381    0.000000000
       1     138   -9.532803190    0.000000000
       1     139   -6.522361349    0.000000000
       1     140   -6.516504087    0.000000000
       1     141   -6.540703075    0.000000000
       1     142   -6.508462636    0.000000000
       1     143   -7.968913142    0.000000000
       1     144   -7.973353947    0.000000000
       1     145   -6.900106534    0.000000000
       1     146   -6.891127459    0.000000000
       1     147   -7.847295645    0.000000000
       1     148   -7.880777692    0.000000000
       1     149   -7.444896664    0.000000000
       1     150   -7.439841490    0.000000000
       1     151   -7.977098996    0.000000000
       1     152   -7.991793827    0.000000000
       1     153   -8.731985521    0.000000000
       1     154   -8.754422122    0.000000000
       1     155   -8.945478000    0.000000000
       1     156   -8.941481671    0.000000000
       1     157   -7.785010040    0.000000000
       1     158   -7.776455513    0.000000000
       1     159   -7.652573675    0.000000000
       1     160   -7.672299841    0.000000000
       1     161   -9.563814607    0.000000000
       1     162   -9.603226597    0.000000000
       1     163   -7.358074344    0.000000000
       1     164   -7.354864214    0.000000000
       1     165   -7.032639778    0.000000000
       1     166   -7.058564759    0.000000000
       1     167   -7.368745254    0.000000000
       1     168   -7.360772216    0.000000000
       1     169   -5.537092868    0.000000000
       1     170   -5.569668561    0.000000000
       1     171   -7.548096703    0.000000000
       1     172   -7.555463177    0.000000000
       1     173   -6.522466416    0.000000000
       1     174   -6.517439394    0.000000000
       1     175   -6.649091583    0.000000000
       1     176   -6.649597038    0.000000000
       1     177   -6.173826527    0.000000000
       1     178   -6.183579424    0.000000000
       1     179   -6.067160316    0.000000000
       1     180   -6.063780737    0.000000000
       1     181   -8.180126914    0.000000000
       1     182   -8.160744650    0.000000000
       1     183   -6.348978680    0.000000000
       1     184   -6.366884233    0.000000000
       1     185   -7.934263482    0.000000000
       1     186   -7.953807613    0.000000000
       1     187   -5.631405441    0.000000000
       1     188   -5.649327766    0.000000000
       1     189   -8.157739603    0.000000000
       1     190   -8.219943759    0.000000000
       1     191   -8.489988689    0.000000000
       1     192   -8.510115977    0.000000000
       1     193   -7.483080824    0.000000000
       1     194   -7.479765318    0.000000000
       1     195   -8.079939279    0.000000000
       1     196   -8.077715403    0.000000000
       1     197   -8.386201723    0.000000000
       1     198   -8.368345642    0.000000000
       1     199   -7.762851558    0.000000000
       1     200   -7.778142961    0.000000000
       1     201   -7.225555648    0.000000000
       1     202   -7.243617891    0.000000000
       1     203   -6.008527254    0.000000000
       1     204   -6.020092659    0.000000000
       1     205   -6.037770368    0.000000000
       1     206   -6.046641923    0.000000000
       1     207   -6.846599559    0.000000000
       1     208   -6.832702944    0.000000000
       1     209   -6.704774954    0.000000000
       1     210   -6.461349982    0.000000000
  0.833333333  0.666666667  0.000000000     210       0
       1       1  -23.992280300    0.000000000
       1       2  -23.992282341    0.000000000
       1       3  -22.768180410    0.000000000
       1       4  -22.782786966    0.000000000
       1       5  -22.342373139    0.000000000
       1       6  -22.360917486    0.000000000
       1       7  -22.470808521    0.000000000
       1       8  -22.473536144    0.000000000
       1       9  -14.387934469    0.000000000
       1      10  -14.412775743    0.000000000
       1      11  -14.372753772    0.000000000
       1      12  -14.372214029    0.000000000
       1      13  -12.986810057    0.000000000
       1      14  -12.999011984    0.000000000
       1      15  -13.584232248    0.000000000
       1      16  -13.605237829    0.000000000
       1      17  -13.840817037    0.000000000
       1      18  -13.900134214    0.000000000
       1      19  -14.111485003    0.000000000
       1      20  -14.130160232    0.000000000
       1      21  -13.385261569    0.000000000
       1      22  -13.420215130    0.000000000
       1      23  -13.921371444    0.000000000
       1      24  -13.910401972    0.000000000
       1      25  -15.776440123    0.000000000
       1      26  -15.702340656    0.000000000
       1      27  -17.232676364    0.000000000
       1      28  -17.065070892    0.000000000
       1      29  -18.110293879    0.000000000
       1      30  -17.908930926    0.000000000
       1      31  -15.888959119    0.000000000
       1      32  -15.922036233    0.000000000
       1      33  -16.559589817    0.000000000
       1      34  -16.579387844    0.000000000
       1      35  -12.131185308    0.000000000
       1      36  -12.059536453    0.000000000
       1      37  -11.328730620    0.000000000
       1      38  -11.224091870    0.000000000
       1      39  -11.270735585    0.000000000
       1      40  -11.337047016    0.000000000
       1      41  -11.470445138    0.000000000
       1      42  -11.577803180    0.000000000
       1      43  -10.797519011    0.000000000
       1      44  -10.806087978    0.000000000
       1      45  -12.275187766    0.000000000
       1      46  -12.253750279    0.000000000
       1      47  -10.007283495    0.000000000
       1      48  -10.003610693    0.000000000
       1      49  -11.577898518    0.000000000
       1      50  -11.578801702    0.000000000
       1      51  -10.590309057    0.000000000
       1      52  -10.614054949    0.000000000
       1      53  -11.441656658    0.000000000
       1      54  -11.425864272    0.000000000
       1      55   -9.571143501    0.000000000
       1      56   -9.647143649    0.000000000
       1      57   -9.253783555    0.000000000
       1      58   -9.362162957    0.000000000
       1      59   -8.669973127    0.000000000
       1      60   -8.687386391    0.000000000
       1      61   -9.411705405    0.000000000
       1      62   -9.465816726    0.000000000
       1      63   -9.886119628    0.000000000
       1      64   -9.881197627    0.000000000
       1      65   -9.532256403    0.000000000
       1      66   -9.471615223    0.000000000
       1      67   -9.874356244    0.000000000
       1      68   -9.947514804    0.000000000
       1      69   -9.484481207    0.000000000
       1      70   -9.453844477    0.000000000
       1      71  -10.170511981    0.000000000
       1      72  -10.234919655    0.000000000
       1      73   -9.797073623    0.000000000
       1      74   -9.758826374    0.000000000
       1      75   -8.039659361    0.000000000
       1      76   -7.973797215    0.000000000
       1      77   -7.114136709    0.000000000
       1      78   -7.104653401    0.000000000
       1      79   -8.446884153    0.000000000
       1      80   -8.416490135    0.000000000
       1      81   -7.840999252    0.000000000
       1      82   -7.829376971    0.000000000
       1      83   -8.353151784    0.000000000
       1      84   -8.340013660    0.000000000
       1      85   -6.438147306    0.000000000
       1      86   -6.429346381    0.000000000
       1      87   -9.651817918    0.000000000
       1      88   -9.673644258    0.000000000
       1      89  -10.013942997    0.000000000
       1      90   -9.992377072    0.000000000
       1      91   -7.843204830    0.000000000
       1      92   -7.820263285    0.000000000
       1      93   -7.537628283    0.000000000
       1      94   -7.593019396    0.000000000
       1      95   -8.818851458    0.000000000
       1      96   -8.788495451    0.000000000
       1      97   -9.768705563    0.000000000
       1      98   -9.768314207    0.000000000
       1      99   -8.237307406    0.000000000
       1     100   -8.237194779    0.000000000
       1     101   -6.185212981    0.000000000
       1     102   -6.192366333    0.000000000
       1     103   -6.219944710    0.000000000
       1     104   -6.222971795    0.000000000
       1     105   -7.862103152    0.000000000
       1     106   -7.873874228    0.000000000
       1     107   -7.934103543    0.000000000
       1     108   -7.936821427    0.000000000
       1     109   -9.083639406    0.000000000
       1     110   -9.044518300    0.000000000
       1     111   -8.866939324    0.000000000
       1     112   -8.816124637    0.000000000
       1     113   -6.285640189    0.000000000
       1     114   -6.287817165    0.000000000
       1     115   -7.920001023    0.000000000
       1     116   -7.925475747    0.000000000
       1     117   -9.230780707    0.000000000
       1     118   -9.302158753    0.000000000
       1     119   -7.204341022    0.000000000
       1     120   -7.199104805    0.000000000
       1     121   -8.512946966    0.000000000
       1     122   -8.508900605    0.000000000
       1     123   -9.727784541    0.000000000
       1     124   -9.785130950    0.000000000
       1     125   -9.133357815    0.000000000
       1     126   -9.139738826    0.000000000
       1     127   -7.431451849    0.000000000
       1     128   -7.425099841    0.000000000
       1     129   -9.455392872    0.000000000
       1     130   -9.446482595    0.000000000
       1     131   -7.300722535    0.000000000
       1     132   -7.283129285    0.000000000
       1     133   -7.613265881    0.000000000
       1     134   -7.609794272    0.000000000
       1     135   -9.992126189    0.000000000
       1     136  -10.063277977    0.000000000
       1     137   -9.523233041    0.000000000
       1     138   -9.532813085    0.000000000
       1     139   -6.522369974    0.000000000
       1     140   -6.516516015    0.000000000
       1     141   -6.540727072    0.000000000
       1     142   -6.508487196    0.000000000
       1     143   -7.968927955    0.000000000
       1     144   -7.973369050    0.000000000
       1     145   -6.900055328    0.000000000
       1     146   -6.891076513    0.000000000
       1     147   -7.847298693    0.000000000
       1     148   -7.880782811    0.000000000
       1     149   -7.444949844    0.000000000
       1     150   -7.439893751    0.000000000
       1     151   -7.977019368    0.000000000
       1     152   -7.991712855    0.000000000
       1     153   -8.732074700    0.000000000
       1     154   -8.754511423    0.000000000
       1     155   -8.945436444    0.000000000
       1     156   -8.941440537    0.000000000
       1     157   -7.785032280    0.000000000
       1     158   -7.776477451    0.000000000
       1     159   -7.652535407    0.000000000
       1     160   -7.672258219    0.000000000
       1     161   -9.563795868    0.000000000
       1     162   -9.603207188    0.000000000
       1     163   -7.358070464    0.000000000
       1     164   -7.354859178    0.000000000
       1     165   -7.032684084    0.000000000
       1     166   -7.058609321    0.000000000
       1     167   -7.368759834    0.000000000
       1     168   -7.360786455    0.000000000
       1     169   -5.537179787    0.000000000
       1     170   -5.569753515    0.000000000
       1     171   -7.548068970    0.000000000
       1     172   -7.555435387    0.000000000
       1     173   -6.522418728    0.000000000
       1     174   -6.517389300    0.000000000
       1     175   -6.649170155    0.000000000
       1     176   -6.649675748    0.000000000
       1     177   -6.173829289    0.000000000
       1     178   -6.183581673    0.000000000
       1     179   -6.067136244    0.000000000
       1     180   -6.063756170    0.000000000
       1     181   -8.180131846    0.000000000
       1     182   -8.160751864    0.000000000
       1     183   -6.348981263    0.000000000
       1     184   -6.366891615    0.000000000
       1     185   -7.934290775    0.000000000
       1     186   -7.953835303    0.000000000
       1     187   -5.631348092    0.000000000
       1     188   -5.649280657    0.000000000
       1     189   -8.157631978    0.000000000
       1     190   -8.219844319    0.000000000
       1     191   -8.490008718    0.000000000
       1     192   -8.510126664    0.000000000
       1     193   -7.483079799    0.000000000
       1     194   -7.479764130    0.000000000
       1     195   -8.080042980    0.000000000
       1     196   -8.077815444    0.000000000
       1     197   -8.386153916    0.000000000
       1     198   -8.368298376    0.000000000
       1     199   -7.762920021    0.000000000
       1     200   -7.778209930    0.000000000
       1     201   -7.225384559    0.000000000
       1     202   -7.243445364    0.000000000
       1     203   -6.008569369    0.000000000
       1     204   -6.020134601    0.000000000
       1     205   -6.037735643    0.000000000
       1     206   -6.046606710    0.000000000
       1     207   -6.846552035    0.000000000
       1     208   -6.832648970    0.000000000
       1     209   -6.704479422    0.000000000
       1     210   -6.461016406    0.000000000
  0.833333333  0.833333333  0.000000000     210       0
       1       1  -23.972791965    0.000000000
       1       2  -23.972792845    0.000000000
       1       3  -22.810068953    0.000000000
       1       4  -22.817065720    0.000000000
       1       5  -22.404514584    0.000000000
       1       6  -22.405947059    0.000000000
       1       7  -22.499453130    0.000000000
       1       8  -22.508579132    0.000000000
       1       9  -13.987002530    0.000000000
       1      10  -13.995060028    0.000000000
       1      11  -14.123611265    0.000000000
       1      12  -14.123268954    0.000000000
       1      13  -13.738409460    0.000000000
       1      14  -13.781426473    0.000000000
       1      15  -13.279268462    0.000000000
       1      16  -13.343608962    0.000000000
       1      17  -14.000134217    0.000000000
       1      18  -13.941744655    0.000000000
       1      19  -14.643719227    0.000000000
       1      20  -14.593845476    0.000000000
       1      21  -14.441065503    0.000000000
       1      22  -14.440823805    0.000000000
       1      23  -13.670658198    0.000000000
       1      24  -13.627868093    0.000000000
       1      25  -16.017567497    0.000000000
       1      26  -16.033535012    0.000000000
       1      27  -15.518140605    0.000000000
       1      28  -15.448829679    0.000000000
       1      29  -17.010157262    0.000000000
       1      30  -16.944476710    0.000000000
       1      31  -16.245798610    0.000000000
       1      32  -16.202143094    0.000000000
       1      33  -16.642461293    0.000000000
       1      34  -16.626546367    0.000000000
       1      35  -12.907576004    0.000000000
       1      36  -12.910059813    0.000000000
       1      37  -10.211779301    0.000000000
       1      38  -10.218049471    0.000000000
       1      39   -9.756386931    0.000000000
       1      40   -9.717228842    0.000000000
       1      41  -12.607621002    0.000000000
       1      42  -12.536114028    0.000000000
       1      43   -9.895948280    0.000000000
       1      44   -9.814072062    0.000000000
       1      45  -12.980789760    0.000000000
       1      46  -13.013096363    0.000000000
       1      47  -11.600188776    0.000000000
       1      48  -11.727338742    0.000000000
       1      49  -11.521745522    0.000000000
       1      50  -11.395457521    0.000000000
       1      51   -9.716271060    0.000000000
       1      52   -9.714996497    0.000000000
       1      53  -11.153499159    0.000000000
       1      54  -11.295368185    0.000000000
       1      55  -12.427097942    0.000000000
       1      56  -12.422273941    0.000000000
       1      57  -10.785308447    0.000000000
       1      58  -10.673412130    0.000000000
       1      59  -12.337761152    0.000000000
       1      60  -12.338492078    0.000000000
       1      61   -7.722831940    0.000000000
       1      62   -7.632080685    0.000000000
       1      63   -8.017941947    0.000000000
       1      64   -7.958866294    0.000000000
       1      65   -7.601673169    0.000000000
       1      66   -7.600228733    0.000000000
       1      67   -8.123497270    0.000000000
       1      68   -8.110798094    0.000000000
       1      69   -9.831268956    0.000000000
       1      70   -9.827823449    0.000000000
       1      71   -7.766904788    0.000000000
       1      72   -7.772757782    0.000000000
       1      73   -6.594973504    0.000000000
       1      74   -6.531580245    0.000000000
       1      75   -8.941203457    0.000000000
       1      76   -9.143161800    0.000000000
       1      77   -8.228843270    0.000000000
       1      78   -8.232128432    0.000000000
       1      79  -10.526397298    0.000000000
       1      80  -10.566190947    0.000000000
       1      81   -9.895683811    0.000000000
       1      82   -9.811390557    0.000000000
       1      83   -9.788510885    0.000000000
       1      84   -9.830810564    0.000000000
       1      85   -9.603372563    0.000000000
       1      86   -9.750051375    0.000000000
       1      87   -7.941238221    0.000000000
       1      88   -8.130586396    0.000000000
       1      89   -6.635647127    0.000000000
       1      90   -6.627274233    0.000000000
       1      91   -8.533621890    0.000000000
       1      92   -8.582886303    0.000000000
       1      93  -10.227935255    0.000000000
       1      94  -10.303370091    0.000000000
       1      95  -10.051189796    0.000000000
       1      96  -10.069115007    0.000000000
       1      97   -7.639324458    0.000000000
       1      98   -7.563416996    0.000000000
       1      99   -8.327452926    0.000000000
       1     100   -8.356790023    0.000000000
       1     101   -6.718746235    0.000000000
       1     102   -6.627645889    0.000000000
       1     103   -6.262855286    0.000000000
       1     104   -6.274483294    0.000000000
       1     105   -6.106297326    0.000000000
       1     106   -5.924392658    0.000000000
       1     107   -6.282502540    0.000000000
       1     108   -6.446254394    0.000000000
       1     109   -6.745188156    0.000000000
       1     110   -6.739722296    0.000000000
       1     111   -8.741548826    0.000000000
       1     112   -8.734761331    0.000000000
       1     113   -9.598796468    0.000000000
       1     114   -9.710858541    0.000000000
       1     115   -8.660962835    0.000000000
       1     116   -8.691500706    0.000000000
       1     117   -7.632169383    0.000000000
       1     118   -7.342980354    0.000000000
       1     119   -6.568698165    0.000000000
       1     120   -6.520089975    0.000000000
       1     121   -8.274925190    0.000000000
       1     122   -8.250099885    0.000000000
       1     123   -8.260910984    0.000000000
       1     124   -8.418749070    0.000000000
       1     125   -8.556645630    0.000000000
       1     126   -8.546005648    0.000000000
       1     127   -7.965641654    0.000000000
       1     128   -7.964161682    0.000000000
       1     129   -6.505726480    0.000000000
       1     130   -6.536096960    0.000000000
       1     131   -8.445210707    0.000000000
       1     132   -8.457486606    0.000000000
       1     133   -7.711966429    0.000000000
       1     134   -7.718751510    0.000000000
       1     135   -8.683362846    0.000000000
       1     136   -8.668215745    0.000000000
       1     137   -7.125268240    0.000000000
       1     138   -7.081742761    0.000000000
       1     139   -8.119347071    0.000000000
       1     140   -8.114621419    0.000000000
       1     141   -7.147479224    0.000000000
       1     142   -7.151186450    0.000000000
       1     143   -6.528909785    0.000000000
       1     144   -6.454606843    0.000000000
       1     145   -5.169213594    0.000000000
       1     146   -5.347740435    0.000000000
       1     147   -6.496277851    0.000000000
       1     148   -6.731326280    0.000000000
       1     149   -5.491390500    0.000000000
       1     150   -5.335657645    0.000000000
       1     151   -7.756546324    0.000000000
       1     152   -7.931487707    0.000000000
       1     153   -5.719805447    0.000000000
       1     154   -5.720183644    0.000000000
       1     155   -8.228925434    0.000000000
       1     156   -8.299923846    0.000000000
       1     157   -6.974591198    0.000000000
       1     158   -6.977946738    0.000000000
       1     159   -8.210944339    0.000000000
       1     160   -8.190153012    0.000000000
       1     161  -10.419485376    0.000000000
       1     162  -10.348796623    0.000000000
       1     163   -6.595994927    0.000000000
       1     164   -6.756095493    0.000000000
       1     165   -7.382422484    0.000000000
       1     166   -7.424508033    0.000000000
       1     167   -7.758206575    0.000000000
       1     168   -7.662649102    0.000000000
       1     169   -8.248489753    0.000000000
       1     170   -8.240589326    0.000000000
       1     171   -7.908235313    0.000000000
       1     172   -7.919909986    0.000000000
       1     173   -8.274941555    0.000000000
       1     174   -8.228322943    0.000000000
       1     175   -9.432975502    0.000000000
       1     176   -9.370981838    0.000000000
       1     177  -10.055208981    0.000000000
       1     178  -10.203919028    0.000000000
       1     179   -8.887771888    0.000000000
       1     180   -8.928542182    0.000000000
       1     181   -7.076229341    0.000000000
       1     182   -7.079038298    0.000000000
       1     183   -6.742347213    0.000000000
       1     184   -6.742182761    0.000000000
       1     185   -5.836761953    0.000000000
       1     186   -5.822360394    0.000000000
       1     187   -8.189554155    0.000000000
       1     188   -8.172701456    0.000000000
       1     189   -7.126292889    0.000000000
       1     190   -7.074629680    0.000000000
       1     191   -8.231787557    0.000000000
       1     192   -8.255734991    0.000000000
       1     193   -8.264752688    0.000000000
       1     194   -8.231031820    0.000000000
       1     195   -4.750884465    0.000000000
       1     196   -4.698947703    0.000000000
       1     197   -6.639879143    0.000000000
       1     198   -6.711596438    0.000000000
       1     199   -6.412299072    0.000000000
       1     200   -6.395875679    0.000000000
       1     201   -7.524422363    0.000000000
       1     202   -7.657979690    0.000000000
       1     203   -6.931764809    0.000000000
       1     204   -6.924192810    0.000000000
       1     205   -4.253986296    0.000000000
       1     206   -4.204408582    0.000000000
       1     207   -9.328764529    0.000000000
       1     208   -9.347630937   -0.000000000
       1     209   -8.487704833    0.000000000
       1     210   -8.397623182    0.000000000
