# Generated by LORRAX unknown at 2026-07-21 05:58:18 UTC
  0.000000000  0.000000000  0.000000000     100
       1       1  -65.484467018   41.544240511
       1       2  -65.484467018   43.135202424
       1       3  -42.100571074 -114.172697595
       1       4  -42.100571074 -116.150651368
       1       5  -39.580048907 -122.643497595
       1       6  -39.580048907 -121.196243597
       1       7  -39.404856500  -74.568057249
       1       8  -39.404856500  -97.944134661
       1       9  -19.386942795  -20.660451554
       1      10  -19.386942795  -20.712578311
       1      11  -18.188235500  -27.873818184
       1      12  -18.188235500  -27.844165243
       1      13  -10.891408280  -10.706209165
       1      14  -10.891408280  -10.750348785
       1      15   -7.880918703   -4.519135079
       1      16   -7.880918703   -2.177577795
       1      17   -7.821580623   -3.242219267
       1      18   -7.821580623   -4.995251950
       1      19   -7.130428248   -7.608572524
       1      20   -7.130428248   -7.569542274
       1      21   -6.799255100   -5.904910841
       1      22   -6.799255100   -4.700487885
       1      23   -6.718284858   -6.065021860
       1      24   -6.718284858   -4.965627739
       1      25   -5.398968461   -0.846518956
       1      26   -5.398968461   -0.888144904
       1      27   -2.591354807   -2.102710873
       1      28   -2.591354807    0.202429287
       1      29   -2.515375113   -0.881708678
       1      30   -2.515375113   -1.342014830
       1      31   -2.347811089    0.429367299
       1      32   -2.347811089    0.324533367
       1      33   -2.339587732    0.288279115
       1      34   -2.339587732    0.182997955
       1      35    1.083633196    2.350937510
       1      36    1.083633196    2.316015070
       1      37    3.734849865    4.481454880
       1      38    3.734849865    4.522093993
       1      39    3.946919000    7.290315117
       1      40    3.946919000    7.395600722
       1      41    4.785055122   19.225815351
       1      42    4.785055122   19.092890759
       1      43    5.503172052    5.515594677
       1      44    5.503172052    5.263861156
       1      45    5.579950066    5.160708859
       1      46    5.579950066    5.405531094
       1      47    7.479929784    6.528818404
       1      48    7.479929784    7.192952471
       1      49    7.497362935    5.888556084
       1      50    7.497362935    7.972710635
       1      51    7.654691784    0.141139245
       1      52    7.654691784   -0.493113251
       1      53   10.761649208    7.744391604
       1      54   10.761649208    9.931512192
       1      55   10.776235974    9.757451189
       1      56   10.776235974    7.884195354
       1      57   10.850507044   14.158940481
       1      58   10.850507044   14.158305761
       1      59   11.100026503   15.131188263
       1      60   11.100026503   17.597417268
       1      61   11.106967549   14.883202255
       1      62   11.106967549   17.994353861
       1      63   11.233375487   71.375563258
       1      64   11.233375487   71.353642538
       1      65   14.035511446  128.678168620
       1      66   14.035511446  128.470301608
       1      67   14.277796832   95.188635585
       1      68   14.277796832   95.720382651
       1      69   14.661947245   92.085035477
       1      70   14.661947245   92.902992001
       1      71   16.071642721  181.239928455
       1      72   16.071642721  181.021141139
       1      73   18.061620554   17.471420706
       1      74   18.061620554   19.300935883
       1      75   18.238654235   18.223367228
       1      76   18.238654235   17.534699323
       1      77   20.596832559   65.616591205
       1      78   20.596832559   65.578082918
       1      79   20.823269636   26.831024005
       1      80   20.823269636   25.033194266
       1      81   20.838623102   26.836310034
       1      82   20.838623102   24.997642329
       1      83   21.148650506  200.256031369
       1      84   21.148650506  200.350062118
       1      85   21.801451426   87.773178463
       1      86   21.801451426   88.031444707
       1      87   22.264416348   30.773006614
       1      88   22.264416348   29.393981796
       1      89   22.311075289   29.284065321
       1      90   22.311075289   31.493720781
       1      91   22.988315852   51.447935134
       1      92   22.988315852   51.597879078
       1      93   23.435677727   36.340326501
       1      94   23.435677727   36.415213921
       1      95   23.447354607   36.350808088
       1      96   23.447354607   36.553605386
       1      97   24.078747747   32.414843998
       1      98   24.078747747   34.701544088
       1      99   24.087456174   55.190616465
       1     100   24.087456174   55.081798287
  0.000000000  0.166666667  0.000000000     100
       1       1  -65.465979595   88.786699151
       1       2  -65.465979595   86.687782254
       1       3  -42.126170772  -94.568911055
       1       4  -42.126170730  -76.971857309
       1       5  -39.593525639  -83.260209940
       1       6  -39.593525613  -72.598632176
       1       7  -39.464893506  -93.382200726
       1       8  -39.464893424  -74.828757138
       1       9  -18.989632684  -20.998004744
       1      10  -18.989632677  -20.979109436
       1      11  -18.014212873  -25.522021329
       1      12  -18.014212871  -25.269006124
       1      13  -10.482476696   -9.525737100
       1      14  -10.482476624   -9.556223125
       1      15   -8.606804429  -13.151468676
       1      16   -8.606804196  -12.796359506
       1      17   -8.256218114   -7.824764133
       1      18   -8.256218017   -7.703618820
       1      19   -7.436880538   -3.132674377
       1      20   -7.436880359   -3.251724912
       1      21   -7.317413940   -5.786370019
       1      22   -7.317413788   -5.921694043
       1      23   -6.409757166   -9.099964307
       1      24   -6.409757075   -8.981011980
       1      25   -5.682865229   -2.135574642
       1      26   -5.682865187   -2.074647893
       1      27   -3.039484302    0.358549586
       1      28   -3.039482339    0.267314239
       1      29   -2.737502329    3.299794407
       1      30   -2.737499333    2.868760778
       1      31   -2.697296316    3.022254074
       1      32   -2.697295121    2.688206434
       1      33   -1.968037915   -1.252818563
       1      34   -1.968037351   -1.197355941
       1      35    2.575037301   -0.625065903
       1      36    2.575037549   -3.795280643
       1      37    4.137793295   10.143664682
       1      38    4.137793317    9.450980660
       1      39    4.498560250    6.759826925
       1      40    4.498560262    6.682092762
       1      41    5.011368086    5.299864355
       1      42    5.011368808    5.337194460
       1      43    5.208689602    6.431578344
       1      44    5.208689672    6.458445945
       1      45    6.274230282    6.049033862
       1      46    6.274230341    6.037634795
       1      47    6.755121107    4.760827970
       1      48    6.755121641    4.603095699
       1      49    7.214025909   -6.256769255
       1      50    7.214026164   -5.595141915
       1      51    7.784806028   10.500953960
       1      52    7.784806030   10.237287989
       1      53    9.124082385    9.683494325
       1      54    9.124082398    9.537636948
       1      55    9.888660226   16.423557240
       1      56    9.888660452   16.024005128
       1      57   10.280456188   26.366795963
       1      58   10.280456501   25.539813105
       1      59   11.412538595   16.237609393
       1      60   11.412538642   15.961849341
       1      61   12.579023040   87.771381366
       1      62   12.579023179   87.798845808
       1      63   13.626950851   37.579751975
       1      64   13.626950864   37.402549234
       1      65   15.232395716  140.474253025
       1      66   15.232395772  140.471533522
       1      67   15.261278422  113.152966480
       1      68   15.261278542  112.883612398
       1      69   16.200358173  162.380904531
       1      70   16.200358290  162.178976518
       1      71   16.815709560   17.866777528
       1      72   16.815709599   18.221205881
       1      73   17.301583769   27.452109978
       1      74   17.301583988   27.383724405
       1      75   17.627891333   30.994427914
       1      76   17.627892701   31.115970228
       1      77   18.613617304   42.834773471
       1      78   18.613618630   43.794911967
       1      79   18.800906590   20.849472905
       1      80   18.800906623   19.180653103
       1      81   19.943884695   31.738767796
       1      82   19.943885032   31.749395736
       1      83   20.086112991   31.328890136
       1      84   20.086113079   31.151036545
       1      85   21.051087737   42.879870428
       1      86   21.051087841   42.976058463
       1      87   21.767447340  242.615026177
       1      88   21.767447352  242.629407770
       1      89   21.956551913   53.355291067
       1      90   21.956552494   53.618941646
       1      91   22.406962005   79.206042639
       1      92   22.406962615   79.588482863
       1      93   24.302512594   57.809524587
       1      94   24.302513047   57.359754593
       1      95   24.837758767   48.880893609
       1      96   24.837758832   49.793634814
       1      97   24.923414491   35.545638295
       1      98   24.923414618   35.687118794
       1      99   25.307741345   50.979226636
       1     100   25.307741374   51.091837954
  0.000000000  0.333333333  0.000000000     100
       1       1  -65.505203795   41.198172204
       1       2  -65.505203795   35.247643231
       1       3  -42.186763024  -87.850400179
       1       4  -42.186762979  -73.998371987
       1       5  -39.675142630  -63.451268961
       1       6  -39.675142600  -63.453262862
       1       7  -39.538430143  -91.288739247
       1       8  -39.538430113  -89.358514950
       1       9  -18.072900613  -23.184943067
       1      10  -18.072900609  -23.272207502
       1      11  -17.618195646  -26.626794300
       1      12  -17.618195643  -26.495233935
       1      13  -10.544596135  -11.374774526
       1      14  -10.544596081  -11.334989630
       1      15   -9.558853047  -12.527351558
       1      16   -9.558852990  -12.213792452
       1      17   -9.179238839   -6.911744229
       1      18   -9.179238777   -7.040749528
       1      19   -8.134604909   -6.570830264
       1      20   -8.134604786   -6.355591424
       1      21   -7.026313832   -7.063879515
       1      22   -7.026313823   -6.994701231
       1      23   -6.612780753   -5.468829797
       1      24   -6.612777669   -4.465375216
       1      25   -6.332732225   -3.531623753
       1      26   -6.332728813   -3.077190227
       1      27   -3.126290618    7.580120980
       1      28   -3.126289082    5.454389525
       1      29   -2.998805949   -0.436616400
       1      30   -2.998804058   -0.898791740
       1      31   -1.891624780    1.438279787
       1      32   -1.891623988    1.577910825
       1      33   -1.279018129   -4.275136058
       1      34   -1.279017286   -4.190365694
       1      35    2.651931124    3.006283374
       1      36    2.651931369    3.057296861
       1      37    2.909043211   -5.894235860
       1      38    2.909043267   -6.140748098
       1      39    3.282129057    7.476583234
       1      40    3.282129684    7.015958035
       1      41    5.167172640    6.448944857
       1      42    5.167172689    6.528764126
       1      43    5.582657104    4.352537251
       1      44    5.582657748    4.485192176
       1      45    7.149571102    9.736412396
       1      46    7.149571383    9.870427163
       1      47    7.620487763   19.360983062
       1      48    7.620487764   19.281375765
       1      49    7.714046141   13.206184379
       1      50    7.714046291   13.435094608
       1      51    9.159371518   13.321700306
       1      52    9.159371546   13.260161203
       1      53    9.701628342   27.122163658
       1      54    9.701628911   26.872948286
       1      55   10.083472123   14.920491942
       1      56   10.083472692   15.032195136
       1      57   10.160901154   20.042562178
       1      58   10.160901367   20.018103264
       1      59   12.372283233   17.713448977
       1      60   12.372283268   18.104415806
       1      61   13.551373675   27.883738690
       1      62   13.551373702   27.758083094
       1      63   13.877358627   49.635287701
       1      64   13.877358988   49.715889203
       1      65   14.834140776   98.028861293
       1      66   14.834140927   97.758644471
       1      67   15.592301124   83.180542309
       1      68   15.592301204   83.215301803
       1      69   16.262754654   24.424394229
       1      70   16.262754966   24.158898790
       1      71   17.047681299   24.532689312
       1      72   17.047681694   24.303295761
       1      73   17.205226971   68.488982696
       1      74   17.205226983   68.377581480
       1      75   17.670258985  240.057578116
       1      76   17.670259066  240.117871606
       1      77   19.471029494   67.114420850
       1      78   19.471029506   67.092080241
       1      79   19.564072676   50.680139006
       1      80   19.564072862   50.677358579
       1      81   19.767089376   31.315104979
       1      82   19.767089497   31.280442863
       1      83   20.779961825  129.796626992
       1      84   20.779961836  129.847187861
       1      85   21.104209765   31.761496952
       1      86   21.104211638   31.667294828
       1      87   21.222134802   58.130958786
       1      88   21.222137330   58.076229115
       1      89   22.748407112   90.234367040
       1      90   22.748408035   91.254326395
       1      91   22.758949663  146.390116758
       1      92   22.758951359  147.328106555
       1      93   22.917922717   37.348636056
       1      94   22.917925838   39.943972330
       1      95   22.949453293  106.693362740
       1      96   22.949453460  106.805838936
       1      97   24.063734341   58.272328515
       1      98   24.063735850   58.556346981
       1      99   24.084716971   98.337243306
       1     100   24.084717835   97.873640588
  0.000000000  0.500000000  0.000000000     100
       1       1  -65.500819219   57.845771654
       1       2  -65.500819219   57.347599241
       1       3  -42.217310190  -76.421382132
       1       4  -42.217310190  -83.662222619
       1       5  -39.734210890  -73.806458401
       1       6  -39.734210890  -46.275102033
       1       7  -39.546668002  -99.848136521
       1       8  -39.546668002  -96.329232200
       1       9  -17.504561173  -22.924496965
       1      10  -17.504561173  -22.929216175
       1      11  -17.384381930  -22.391854846
       1      12  -17.384381930  -22.349626053
       1      13  -11.087342648  -15.301876567
       1      14  -11.087342648  -15.306897327
       1      15  -10.190433305  -19.248384935
       1      16  -10.190433305  -19.787233060
       1      17   -9.410898390   -8.023090396
       1      18   -9.410898390   -7.859410903
       1      19   -8.452992724   -7.266690417
       1      20   -8.452992724   -7.220176307
       1      21   -7.297423504   -7.690096856
       1      22   -7.297423504   -8.070207123
       1      23   -6.243180733   -6.842781627
       1      24   -6.243180733   -6.944769120
       1      25   -5.976810295   -2.448269752
       1      26   -5.976810295   -2.355955982
       1      27   -3.055308921    7.662004675
       1      28   -3.055308921    7.730610672
       1      29   -2.541875443   -0.981745841
       1      30   -2.541875443   -0.785497328
       1      31   -1.458357667   -0.071502905
       1      32   -1.458357667    0.275332732
       1      33   -1.066725780 -238.993266564
       1      34   -1.066725780 -903.678297549
       1      35    1.125877351   -1.386844648
       1      36    1.125877351   -1.752522147
       1      37    2.577522145    2.927685530
       1      38    2.577522145    2.721470825
       1      39    3.216075828    4.133253624
       1      40    3.216075828    3.967579773
       1      41    4.435329697    5.932613549
       1      42    4.435329697    5.929961667
       1      43    4.984520431    6.282862025
       1      44    4.984520431    6.145784366
       1      45    6.011774952    4.984818871
       1      46    6.011774952    5.466828648
       1      47    8.328523841   21.698728860
       1      48    8.328523841   21.762753085
       1      49    9.001866205   19.468849137
       1      50    9.001866205   19.360229564
       1      51   10.392903545   22.678603248
       1      52   10.392903545   23.065582196
       1      53   10.404015757   22.510621015
       1      54   10.404015757   22.229046048
       1      55   11.851112921   29.162192875
       1      56   11.851112921   29.136392493
       1      57   12.074723761   16.460993717
       1      58   12.074723761   16.640563657
       1      59   12.784646266   15.487532350
       1      60   12.784646266   15.379684337
       1      61   13.416472444   27.727500239
       1      62   13.416472444   27.814317832
       1      63   14.106289108   51.588186381
       1      64   14.106289108   51.704136608
       1      65   14.592479964   30.815982153
       1      66   14.592479964   30.715243287
       1      67   15.006387328   47.773898349
       1      68   15.006387328   47.689325334
       1      69   15.654728893   20.218290378
       1      70   15.654728893   20.187797377
       1      71   16.398696825   43.340141357
       1      72   16.398696825   43.258412237
       1      73   16.419681348   43.477147022
       1      74   16.419681348   43.462450564
       1      75   18.887446861  110.402755729
       1      76   18.887446861  110.469681091
       1      77   18.937881548   18.343159403
       1      78   18.937881548   17.859779850
       1      79   19.532494834  241.621246678
       1      80   19.532494834  241.657900911
       1      81   19.790939657   27.744456338
       1      82   19.790939657   26.816993707
       1      83   19.854082974  285.837170605
       1      84   19.854082974  286.226409452
       1      85   20.240131056   35.638915247
       1      86   20.240131056   35.655073155
       1      87   20.890365137  215.432428230
       1      88   20.890365137  215.479307985
       1      89   21.657673016  169.543721499
       1      90   21.657673016  169.391622191
       1      91   22.354607981   49.957951045
       1      92   22.354607981   49.930943796
       1      93   22.450991387   51.363554755
       1      94   22.450991387   51.275610583
       1      95   22.731816386   72.746305966
       1      96   22.731816386   72.855760228
       1      97   23.816697748   84.554335898
       1      98   23.816697748   84.527558335
       1      99   25.030295494   81.269741549
       1     100   25.030295494   81.325988388
  0.000000000  0.666666667  0.000000000     100
       1       1  -65.505203795   41.198172204
       1       2  -65.505203795   35.247643231
       1       3  -42.186763024  -87.850400179
       1       4  -42.186762979  -73.998371987
       1       5  -39.675142630  -63.451268961
       1       6  -39.675142600  -63.453262862
       1       7  -39.538430143  -91.288739247
       1       8  -39.538430113  -89.358514950
       1       9  -18.072900613  -23.184943067
       1      10  -18.072900609  -23.272207502
       1      11  -17.618195646  -26.626794300
       1      12  -17.618195643  -26.495233935
       1      13  -10.544596135  -11.374774526
       1      14  -10.544596081  -11.334989630
       1      15   -9.558853047  -12.527351558
       1      16   -9.558852990  -12.213792452
       1      17   -9.179238839   -6.911744229
       1      18   -9.179238777   -7.040749528
       1      19   -8.134604909   -6.570830264
       1      20   -8.134604786   -6.355591424
       1      21   -7.026313832   -7.063879515
       1      22   -7.026313823   -6.994701231
       1      23   -6.612780753   -5.468829797
       1      24   -6.612777669   -4.465375216
       1      25   -6.332732225   -3.531623753
       1      26   -6.332728813   -3.077190227
       1      27   -3.126290618    7.580120980
       1      28   -3.126289082    5.454389525
       1      29   -2.998805949   -0.436616400
       1      30   -2.998804058   -0.898791740
       1      31   -1.891624780    1.438279787
       1      32   -1.891623988    1.577910825
       1      33   -1.279018129   -4.275136058
       1      34   -1.279017286   -4.190365694
       1      35    2.651931124    3.006283374
       1      36    2.651931369    3.057296861
       1      37    2.909043211   -5.894235860
       1      38    2.909043267   -6.140748098
       1      39    3.282129057    7.476583234
       1      40    3.282129684    7.015958035
       1      41    5.167172640    6.448944857
       1      42    5.167172689    6.528764126
       1      43    5.582657104    4.352537251
       1      44    5.582657748    4.485192176
       1      45    7.149571102    9.736412396
       1      46    7.149571383    9.870427163
       1      47    7.620487763   19.360983062
       1      48    7.620487764   19.281375765
       1      49    7.714046141   13.206184379
       1      50    7.714046291   13.435094608
       1      51    9.159371518   13.321700306
       1      52    9.159371546   13.260161203
       1      53    9.701628342   27.122163658
       1      54    9.701628911   26.872948286
       1      55   10.083472123   14.920491942
       1      56   10.083472692   15.032195136
       1      57   10.160901154   20.042562178
       1      58   10.160901367   20.018103264
       1      59   12.372283233   17.713448977
       1      60   12.372283268   18.104415806
       1      61   13.551373675   27.883738690
       1      62   13.551373702   27.758083094
       1      63   13.877358627   49.635287701
       1      64   13.877358988   49.715889203
       1      65   14.834140776   98.028861293
       1      66   14.834140927   97.758644471
       1      67   15.592301124   83.180542309
       1      68   15.592301204   83.215301803
       1      69   16.262754654   24.424394229
       1      70   16.262754966   24.158898790
       1      71   17.047681299   24.532689312
       1      72   17.047681694   24.303295761
       1      73   17.205226971   68.488982696
       1      74   17.205226983   68.377581480
       1      75   17.670258985  240.057578116
       1      76   17.670259066  240.117871606
       1      77   19.471029494   67.114420850
       1      78   19.471029506   67.092080241
       1      79   19.564072676   50.680139006
       1      80   19.564072862   50.677358579
       1      81   19.767089376   31.315104979
       1      82   19.767089497   31.280442863
       1      83   20.779961825  129.796626992
       1      84   20.779961836  129.847187861
       1      85   21.104209765   31.761496952
       1      86   21.104211638   31.667294828
       1      87   21.222134802   58.130958786
       1      88   21.222137330   58.076229115
       1      89   22.748407112   90.234367040
       1      90   22.748408035   91.254326395
       1      91   22.758949663  146.390116758
       1      92   22.758951359  147.328106555
       1      93   22.917922717   37.348636056
       1      94   22.917925838   39.943972330
       1      95   22.949453293  106.693362740
       1      96   22.949453460  106.805838936
       1      97   24.063734341   58.272328515
       1      98   24.063735850   58.556346981
       1      99   24.084716971   98.337243306
       1     100   24.084717835   97.873640588
  0.000000000  0.833333333  0.000000000     100
       1       1  -65.465979595   88.786699151
       1       2  -65.465979595   86.687782254
       1       3  -42.126170772  -94.568911055
       1       4  -42.126170730  -76.971857309
       1       5  -39.593525639  -83.260209940
       1       6  -39.593525613  -72.598632176
       1       7  -39.464893506  -93.382200726
       1       8  -39.464893424  -74.828757138
       1       9  -18.989632684  -20.998004744
       1      10  -18.989632677  -20.979109436
       1      11  -18.014212873  -25.522021329
       1      12  -18.014212871  -25.269006124
       1      13  -10.482476696   -9.525737100
       1      14  -10.482476624   -9.556223125
       1      15   -8.606804429  -13.151468676
       1      16   -8.606804196  -12.796359506
       1      17   -8.256218114   -7.824764133
       1      18   -8.256218017   -7.703618820
       1      19   -7.436880538   -3.132674377
       1      20   -7.436880359   -3.251724912
       1      21   -7.317413940   -5.786370019
       1      22   -7.317413788   -5.921694043
       1      23   -6.409757166   -9.099964307
       1      24   -6.409757075   -8.981011980
       1      25   -5.682865229   -2.135574642
       1      26   -5.682865187   -2.074647893
       1      27   -3.039484302    0.358549586
       1      28   -3.039482339    0.267314239
       1      29   -2.737502329    3.299794407
       1      30   -2.737499333    2.868760778
       1      31   -2.697296316    3.022254074
       1      32   -2.697295121    2.688206434
       1      33   -1.968037915   -1.252818563
       1      34   -1.968037351   -1.197355941
       1      35    2.575037301   -0.625065903
       1      36    2.575037549   -3.795280643
       1      37    4.137793295   10.143664682
       1      38    4.137793317    9.450980660
       1      39    4.498560250    6.759826925
       1      40    4.498560262    6.682092762
       1      41    5.011368086    5.299864355
       1      42    5.011368808    5.337194460
       1      43    5.208689602    6.431578344
       1      44    5.208689672    6.458445945
       1      45    6.274230282    6.049033862
       1      46    6.274230341    6.037634795
       1      47    6.755121107    4.760827970
       1      48    6.755121641    4.603095699
       1      49    7.214025909   -6.256769255
       1      50    7.214026164   -5.595141915
       1      51    7.784806028   10.500953960
       1      52    7.784806030   10.237287989
       1      53    9.124082385    9.683494325
       1      54    9.124082398    9.537636948
       1      55    9.888660226   16.423557240
       1      56    9.888660452   16.024005128
       1      57   10.280456188   26.366795963
       1      58   10.280456501   25.539813105
       1      59   11.412538595   16.237609393
       1      60   11.412538642   15.961849341
       1      61   12.579023040   87.771381366
       1      62   12.579023179   87.798845808
       1      63   13.626950851   37.579751975
       1      64   13.626950864   37.402549234
       1      65   15.232395716  140.474253025
       1      66   15.232395772  140.471533522
       1      67   15.261278422  113.152966480
       1      68   15.261278542  112.883612398
       1      69   16.200358173  162.380904531
       1      70   16.200358290  162.178976518
       1      71   16.815709560   17.866777528
       1      72   16.815709599   18.221205881
       1      73   17.301583769   27.452109978
       1      74   17.301583988   27.383724405
       1      75   17.627891333   30.994427914
       1      76   17.627892701   31.115970228
       1      77   18.613617304   42.834773471
       1      78   18.613618630   43.794911967
       1      79   18.800906590   20.849472905
       1      80   18.800906623   19.180653103
       1      81   19.943884695   31.738767796
       1      82   19.943885032   31.749395736
       1      83   20.086112991   31.328890136
       1      84   20.086113079   31.151036545
       1      85   21.051087737   42.879870428
       1      86   21.051087841   42.976058463
       1      87   21.767447340  242.615026177
       1      88   21.767447352  242.629407770
       1      89   21.956551913   53.355291067
       1      90   21.956552494   53.618941646
       1      91   22.406962005   79.206042639
       1      92   22.406962615   79.588482863
       1      93   24.302512594   57.809524587
       1      94   24.302513047   57.359754593
       1      95   24.837758767   48.880893609
       1      96   24.837758832   49.793634814
       1      97   24.923414491   35.545638295
       1      98   24.923414618   35.687118794
       1      99   25.307741345   50.979226636
       1     100   25.307741374   51.091837954
  0.166666667  0.000000000  0.000000000     100
       1       1  -65.465979682   46.628387944
       1       2  -65.465979682   45.107328168
       1       3  -42.126170675 -129.116565612
       1       4  -42.126170673 -107.276823499
       1       5  -39.593525857 -122.132786659
       1       6  -39.593525856 -131.614013809
       1       7  -39.464892955  -79.149705354
       1       8  -39.464892954 -101.874615676
       1       9  -18.989633417  -22.539172591
       1      10  -18.989633367  -22.522292604
       1      11  -18.014213485  -25.979709327
       1      12  -18.014213480  -25.794920894
       1      13  -10.482477216  -10.753453898
       1      14  -10.482477174  -10.685981374
       1      15   -8.606809808   -6.516114767
       1      16   -8.606809638   -6.567759838
       1      17   -8.256219752   -9.143307934
       1      18   -8.256219555   -9.110138321
       1      19   -7.436873156   -5.576727336
       1      20   -7.436872986   -5.783473932
       1      21   -7.317408711   -2.529374182
       1      22   -7.317408656   -2.598780413
       1      23   -6.409759282  -10.484373022
       1      24   -6.409759264  -10.439759802
       1      25   -5.682866733   -1.380853984
       1      26   -5.682866656   -1.376436420
       1      27   -3.039488288    2.109473524
       1      28   -3.039486540    2.436962878
       1      29   -2.737498654   -1.812068118
       1      30   -2.737495895   -1.664086064
       1      31   -2.697294882   -4.491585718
       1      32   -2.697293754   -4.800859572
       1      33   -1.968034012    2.276797899
       1      34   -1.968033642    1.901330677
       1      35    2.575037673    3.031034993
       1      36    2.575038051    3.110818570
       1      37    4.137791616    7.051096457
       1      38    4.137791642    6.925033555
       1      39    4.498557148   14.804529115
       1      40    4.498557153   15.929917478
       1      41    5.011362468    5.814134483
       1      42    5.011363285    5.733049069
       1      43    5.208688709   -2.650362066
       1      44    5.208688768   -2.746835377
       1      45    6.274227824    9.290965715
       1      46    6.274227863    9.268684059
       1      47    6.755130638    5.806828354
       1      48    6.755131033    5.983648084
       1      49    7.214021645   -7.721781646
       1      50    7.214021899   -6.821236546
       1      51    7.784817077    6.182120866
       1      52    7.784817108    6.170906171
       1      53    9.124079809    8.315887218
       1      54    9.124079875    9.285336605
       1      55    9.888666613   10.427980604
       1      56    9.888667418   10.086092385
       1      57   10.280450774   33.684666764
       1      58   10.280451378   32.357806829
       1      59   11.412545330    0.819284086
       1      60   11.412545401    1.173503609
       1      61   12.579019596   87.211580694
       1      62   12.579019740   87.192183111
       1      63   13.626942959   39.233060069
       1      64   13.626942961   39.208801377
       1      65   15.232392446  138.831933156
       1      66   15.232392478  138.705898386
       1      67   15.261275488  113.802574449
       1      68   15.261275582  113.676920178
       1      69   16.200358583  165.859597462
       1      70   16.200358690  165.487406697
       1      71   16.815706575   32.596461202
       1      72   16.815706587   32.527903857
       1      73   17.301572764   29.782913745
       1      74   17.301573107   29.063362201
       1      75   17.627879432   32.834754610
       1      76   17.627881233   31.155350745
       1      77   18.613611057   41.279728225
       1      78   18.613613704   44.083580433
       1      79   18.800913256   21.680935722
       1      80   18.800914429   24.531116841
       1      81   19.943900257   28.858988682
       1      82   19.943900575   28.273122113
       1      83   20.086127036   29.008085989
       1      84   20.086127091   29.089887881
       1      85   21.051088471   37.916106739
       1      86   21.051088535   38.498739301
       1      87   21.767445912  240.928171033
       1      88   21.767445923  240.957603613
       1      89   21.956554249   57.860196673
       1      90   21.956554554   57.634215361
       1      91   22.406956963   78.409794067
       1      92   22.406957233   78.570201707
       1      93   24.302513342   55.003895271
       1      94   24.302513664   54.220813349
       1      95   24.837749197   51.932823737
       1      96   24.837749616   52.121970363
       1      97   24.923426585   32.946729447
       1      98   24.923426970   33.455523947
       1      99   25.307750076   47.419035606
       1     100   25.307750124   47.530918377
  0.166666667  0.166666667  0.000000000     100
       1       1  -65.453769976    2.587184815
       1       2  -65.453768172   -6.247107603
       1       3  -42.170480311  -76.417801590
       1       4  -42.163240145  -64.166213919
       1       5  -39.636360970  -75.204897698
       1       6  -39.634236205  -71.957448030
       1       7  -39.534289535  -57.784406188
       1       8  -39.525879699  -52.306085448
       1       9  -18.334011870  -24.339078973
       1      10  -18.318232740  -24.440488445
       1      11  -17.722541223  -24.686901204
       1      12  -17.721170797  -24.770232765
       1      13  -10.245733165  -10.628497879
       1      14  -10.220715603  -10.574861012
       1      15   -9.056401985   -9.094855194
       1      16   -9.046123450   -8.996517748
       1      17   -9.017563045   -8.125031710
       1      18   -8.988056091   -8.227139604
       1      19   -8.542472127  -10.600320979
       1      20   -8.516202501  -10.429555411
       1      21   -7.289167037   -8.318371711
       1      22   -7.213017157   -8.336529693
       1      23   -6.417984120   -7.619071190
       1      24   -6.383175595   -7.953755985
       1      25   -6.168062157   -0.621425926
       1      26   -6.099047398   -0.577879179
       1      27   -3.445806095    3.635308942
       1      28   -3.384024856    3.554013349
       1      29   -2.847938901   -0.113413638
       1      30   -2.831985123   -0.091998322
       1      31   -2.645250183    1.145136263
       1      32   -2.592542439    1.109148267
       1      33   -1.170745267   -1.936360069
       1      34   -1.137568382   -1.927827438
       1      35    3.626562677    4.517042729
       1      36    3.659794870    4.450305934
       1      37    4.108830899    6.829299898
       1      38    4.114099601    6.764539204
       1      39    4.242551312  -23.363412262
       1      40    4.333533334   13.354447655
       1      41    4.972515381    3.791883013
       1      42    4.977831356    0.781145802
       1      43    5.116616797    8.910726906
       1      44    5.119136203    9.337283302
       1      45    6.377212507  -15.624121438
       1      46    6.460964283  -16.350290713
       1      47    6.974873974    6.179068252
       1      48    7.009348662    3.831432609
       1      49    7.026512330   10.534486447
       1      50    7.073709239   14.742344942
       1      51    7.846982831   20.307076352
       1      52    7.849611039   20.028505362
       1      53    9.209829181   23.576896925
       1      54    9.248767594   23.032508781
       1      55    9.762884542   16.015606461
       1      56    9.769420477   15.824587250
       1      57   10.615506824   26.055062754
       1      58   10.660553953   26.955248217
       1      59   12.076223612   10.928957969
       1      60   12.097785846   10.103603328
       1      61   14.435831234  110.793004047
       1      62   14.441031461  114.009371012
       1      63   15.090699419   38.364712778
       1      64   15.093929457   40.202468189
       1      65   15.220715233   73.778240489
       1      66   15.223427870   73.581084196
       1      67   15.554057437   60.264899977
       1      68   15.554320686   60.309720422
       1      69   15.934149628   43.081940564
       1      70   15.970729602   42.250127774
       1      71   16.783726968   30.061357321
       1      72   16.785560221   29.720199590
       1      73   16.917461854  151.421707162
       1      74   16.921487017  154.767452171
       1      75   17.693819258   88.790907346
       1      76   17.743611327   82.203407302
       1      77   18.030555118   83.801175283
       1      78   18.035038616   83.855595715
       1      79   19.504256545   32.796677343
       1      80   19.513748805   30.312623011
       1      81   19.632748834   33.248797899
       1      82   19.640331165   36.100980107
       1      83   19.713692653   62.441394197
       1      84   19.760143731   62.562466969
       1      85   21.307640237   39.618850839
       1      86   21.392883067   40.692062107
       1      87   21.447619840   64.651195113
       1      88   21.468235703   63.955386809
       1      89   22.135016117  170.220459455
       1      90   22.137848526  170.134708777
       1      91   22.483381185   76.571249113
       1      92   22.486116532   75.629474480
       1      93   23.579826100   40.983608892
       1      94   23.587958755   40.327474998
       1      95   23.734389835   47.720942051
       1      96   23.740279394   47.468484002
       1      97   24.301626942   98.618043588
       1      98   24.324366358  100.816694833
       1      99   24.372066058   80.314975563
       1     100   24.374805017   79.679204133
  0.166666667  0.333333333  0.000000000     100
       1       1  -65.468366580    7.245473966
       1       2  -65.468363547    1.993390995
       1       3  -42.219224834  -95.320765751
       1       4  -42.204415739  -81.184793240
       1       5  -39.715678857  -82.650677153
       1       6  -39.696201828  -74.964591082
       1       7  -39.570621675  -90.472464901
       1       8  -39.568904111  -82.251556113
       1       9  -17.545459956  -23.817661462
       1      10  -17.506053459  -23.710844760
       1      11  -17.368641549  -23.734846649
       1      12  -17.365583593  -23.811425992
       1      13  -10.630580341  -11.652877701
       1      14  -10.619139564  -11.633062634
       1      15  -10.254302733  -11.365168099
       1      16  -10.244381300  -11.351316470
       1      17   -9.147466908   -8.830637531
       1      18   -9.142130478   -8.728257522
       1      19   -8.577064644  -13.683019706
       1      20   -8.560048786  -12.985402958
       1      21   -7.703409912   -7.839286275
       1      22   -7.638032503   -7.681682801
       1      23   -7.117239173   -5.547005066
       1      24   -7.105358490   -5.525650951
       1      25   -5.867650816   -1.375548431
       1      26   -5.764837565   -1.476977343
       1      27   -3.108350988    1.328902341
       1      28   -3.088701129    1.909188456
       1      29   -2.527641752    0.740676304
       1      30   -2.424782114    1.165786759
       1      31   -2.018800718    6.627543690
       1      32   -2.014005118    5.969325702
       1      33   -0.900229130   -8.205331835
       1      34   -0.871166256   -9.331700689
       1      35    1.945964426    4.287452257
       1      36    1.983580699    4.132894799
       1      37    3.821256267    5.869850448
       1      38    3.848381793    5.392263040
       1      39    3.878473877    5.341714094
       1      40    3.888887577    5.568664543
       1      41    4.941516561    4.971734731
       1      42    4.945464888    4.847508392
       1      43    5.062525377    4.500092581
       1      44    5.065570175    4.363162417
       1      45    5.970864875    5.001274841
       1      46    5.985593708    4.984039202
       1      47    7.712105488   13.761628174
       1      48    7.716251308   13.936488871
       1      49    8.225873348   10.089804950
       1      50    8.236319146   10.156218615
       1      51    9.059441654   19.080174190
       1      52    9.065211984   19.281730106
       1      53    9.639269892   12.245082170
       1      54    9.642216812   12.475918079
       1      55   10.407411979   19.712429489
       1      56   10.439781078   19.625067614
       1      57   11.974981068   24.692880490
       1      58   11.982257649   24.078300950
       1      59   13.134239593   37.412132815
       1      60   13.137576515   36.769309103
       1      61   13.174709014   24.960449217
       1      62   13.179376070   24.372631757
       1      63   14.314029328   28.887377931
       1      64   14.317385852   28.929964775
       1      65   14.782136865   31.464976280
       1      66   14.823547969   31.832768560
       1      67   15.868745782   68.780721754
       1      68   15.902543807   68.030199910
       1      69   16.231157482   32.622025359
       1      70   16.237852348   32.626491606
       1      71   16.957421491   28.150875729
       1      72   16.962775909   27.834296939
       1      73   17.403839383   50.000008316
       1      74   17.455887680   52.026073094
       1      75   17.926361640  115.467234822
       1      76   17.928258771  117.519891851
       1      77   18.305840629   77.795816414
       1      78   18.308607225   78.108832884
       1      79   19.025700091  123.788801749
       1      80   19.025795813  124.607807269
       1      81   19.939298030  123.399122598
       1      82   19.940025894  123.395277217
       1      83   19.999128511  100.360313493
       1      84   20.005188838  100.816679384
       1      85   21.135556492  200.380437245
       1      86   21.153864517  201.140561534
       1      87   21.528363048   73.383835268
       1      88   21.532886996   72.558079621
       1      89   22.096341073   59.687157316
       1      90   22.098265720   59.689768029
       1      91   22.640342764  124.955320152
       1      92   22.645729643  125.619570059
       1      93   22.798636445  142.661311780
       1      94   22.799414888  140.663528204
       1      95   23.679971875   90.510225692
       1      96   23.683932983   91.381232352
       1      97   23.952069597   64.934019284
       1      98   23.979219317   64.949865163
       1      99   24.160319691  134.432731020
       1     100   24.160687085  134.852308738
  0.166666667  0.500000000  0.000000000     100
       1       1  -65.468366368   12.255293637
       1       2  -65.468363336   14.135413310
       1       3  -42.219224966  -80.042102044
       1       4  -42.204415918  -67.379717513
       1       5  -39.715679021  -74.843197201
       1       6  -39.696202006  -65.560986284
       1       7  -39.570621857  -68.196405302
       1       8  -39.568904342  -64.070730767
       1       9  -17.545458730  -24.292835406
       1      10  -17.506052213  -24.254765779
       1      11  -17.368638476  -20.718691361
       1      12  -17.365580517  -20.757423561
       1      13  -10.630585238  -16.483191093
       1      14  -10.619144327  -15.773779333
       1      15  -10.254309599  -15.636338451
       1      16  -10.244388213  -15.040340679
       1      17   -9.147465167   -9.840605653
       1      18   -9.142128797   -9.651174108
       1      19   -8.577061677   -8.067245169
       1      20   -8.560045765   -8.095512399
       1      21   -7.703408167   -6.717557774
       1      22   -7.638030954   -6.590612676
       1      23   -7.117239482  -10.713301836
       1      24   -7.105358871  -10.546866048
       1      25   -5.867655595   -1.885071773
       1      26   -5.764842823   -1.931580118
       1      27   -3.108349694    2.115618515
       1      28   -3.088701330    2.367745813
       1      29   -2.527623962    2.164726345
       1      30   -2.424766142    2.367206157
       1      31   -2.018792088   -3.847006353
       1      32   -2.013996552   -4.106576372
       1      33   -0.900244670    3.928784298
       1      34   -0.871181831    4.602845199
       1      35    1.945958734    3.727589020
       1      36    1.983575558    3.646095317
       1      37    3.821248438    9.794727427
       1      38    3.848373740    9.967206047
       1      39    3.878465551   11.508005600
       1      40    3.888878156    6.722637711
       1      41    4.941530698    5.716665290
       1      42    4.945479697    5.667493777
       1      43    5.062530157    5.245670533
       1      44    5.065574854    5.196348272
       1      45    5.970855252    3.169846438
       1      46    5.985584560    2.926370234
       1      47    7.712103498   15.047755064
       1      48    7.716249224   14.838725081
       1      49    8.225857446   10.386048853
       1      50    8.236303015    9.557793501
       1      51    9.059445555   13.681138797
       1      52    9.065215659   13.176253638
       1      53    9.639264505   16.409253707
       1      54    9.642211592   15.277100168
       1      55   10.407413523   20.119933839
       1      56   10.439783296   19.864945351
       1      57   11.974969433   23.596672488
       1      58   11.982246016   22.754292871
       1      59   13.134243477   33.362790725
       1      60   13.137580629   33.199145131
       1      61   13.174719825   29.546563634
       1      62   13.179387649   28.892620437
       1      63   14.314041772   31.565026507
       1      64   14.317398270   31.499178510
       1      65   14.782154515   31.437042449
       1      66   14.823564374   31.807460256
       1      67   15.868750472   67.589046090
       1      68   15.902549209   67.358087630
       1      69   16.231173207   32.996723432
       1      70   16.237867857   32.984419515
       1      71   16.957432014   34.633229378
       1      72   16.962786541   33.968184921
       1      73   17.403842323   48.703579267
       1      74   17.455890260   51.183461187
       1      75   17.926375250  111.033541907
       1      76   17.928271683  113.128109959
       1      77   18.305844422   77.573338926
       1      78   18.308611002   77.382733889
       1      79   19.025699518  126.217813366
       1      80   19.025794897  127.105338488
       1      81   19.939293482  126.608900694
       1      82   19.940021314  126.525948420
       1      83   19.999146149  101.784085825
       1      84   20.005206501  103.005962656
       1      85   21.135550951  201.491055512
       1      86   21.153858794  202.166784920
       1      87   21.528329007   77.141853445
       1      88   21.532852927   76.989035989
       1      89   22.096327909   62.635603282
       1      90   22.098252934   62.908481839
       1      91   22.640335968  127.352120000
       1      92   22.645722820  127.969884643
       1      93   22.798622060  136.355408415
       1      94   22.799399541  134.329542286
       1      95   23.679958349   95.404049656
       1      96   23.683919104   95.128874838
       1      97   23.952063638   63.716092274
       1      98   23.979211751   62.758237030
       1      99   24.160332079  134.612063595
       1     100   24.160699643  134.704617901
  0.166666667  0.666666667  0.000000000     100
       1       1  -65.453769588   14.490006012
       1       2  -65.453767784   17.339430901
       1       3  -42.170480528  -87.850196452
       1       4  -42.163240451  -80.273949875
       1       5  -39.636360404  -74.467320629
       1       6  -39.634235664  -75.930015792
       1       7  -39.534290873  -90.064431729
       1       8  -39.525881131  -81.740439312
       1       9  -18.334010246  -23.559107942
       1      10  -18.318231096  -23.607471855
       1      11  -17.722536141  -21.495119161
       1      12  -17.721165710  -21.570083695
       1      13  -10.245734536  -11.517064144
       1      14  -10.220717289  -11.272026934
       1      15   -9.056407288   -8.907597227
       1      16   -9.046129217   -8.901820297
       1      17   -9.017569392 -165.272761409
       1      18   -8.988062058  -54.112348919
       1      19   -8.542473732   -8.253804100
       1      20   -8.516203849   -8.363546783
       1      21   -7.289162490   -4.907212906
       1      22   -7.213012961   -4.879181959
       1      23   -6.417985922   -9.707337861
       1      24   -6.383177493   -9.855099126
       1      25   -6.168057188   -2.785674694
       1      26   -6.099043121   -2.728173018
       1      27   -3.445812615    3.057919697
       1      28   -3.384031116    2.763560196
       1      29   -2.847928885    2.101009285
       1      30   -2.831974625    2.077959559
       1      31   -2.645256786   -4.601789729
       1      32   -2.592548728   -5.173726990
       1      33   -1.170746492   10.672870291
       1      34   -1.137569042    8.235235383
       1      35    3.626557632   28.524817650
       1      36    3.659790283   22.385861560
       1      37    4.108825304    5.432502406
       1      38    4.114094093    5.454286697
       1      39    4.242545570    5.988176448
       1      40    4.333528322    5.593930223
       1      41    4.972503005    5.828988794
       1      42    4.977818154    5.968368378
       1      43    5.116610828    8.187853425
       1      44    5.119130334    9.345285602
       1      45    6.377225528  -16.815088106
       1      46    6.460976392  -20.071921573
       1      47    6.974872449   10.501497054
       1      48    7.009343513    9.805188959
       1      49    7.026518021   11.947426694
       1      50    7.073719463   14.894000977
       1      51    7.846986164   19.392245166
       1      52    7.849614407   19.227272927
       1      53    9.209835598   17.998399889
       1      54    9.248773932   17.386799863
       1      55    9.762894759    3.536638076
       1      56    9.769430820    3.434782431
       1      57   10.615497296   23.290055543
       1      58   10.660545350   24.799491174
       1      59   12.076228180   22.925431997
       1      60   12.097790442   22.463649143
       1      61   14.435838294  111.454747052
       1      62   14.441038011  114.987694156
       1      63   15.090691693   38.513102106
       1      64   15.093920908   40.853269658
       1      65   15.220724992   73.918466454
       1      66   15.223437509   73.699241815
       1      67   15.554057812   62.141547371
       1      68   15.554320986   62.126219048
       1      69   15.934143449   36.483569853
       1      70   15.970723466   37.134722304
       1      71   16.783728643   30.944457575
       1      72   16.785561949   30.636331764
       1      73   16.917464227  151.801214990
       1      74   16.921489883  155.315155792
       1      75   17.693825468   92.197962080
       1      76   17.743617103   85.760306349
       1      77   18.030567464   87.569095861
       1      78   18.035051109   87.599464685
       1      79   19.504283147   28.561751947
       1      80   19.513776558   26.142026802
       1      81   19.632764489   33.731985372
       1      82   19.640344276   36.216178248
       1      83   19.713688633   58.984755271
       1      84   19.760134364   59.028430752
       1      85   21.307645946   41.836600164
       1      86   21.392890286   44.771897174
       1      87   21.447626751   61.260365133
       1      88   21.468243013   61.293927923
       1      89   22.135011067  172.990431006
       1      90   22.137843265  172.977557863
       1      91   22.483378413   74.904999130
       1      92   22.486113856   74.059162529
       1      93   23.579832844   36.194668076
       1      94   23.587965885   35.272309954
       1      95   23.734400321   50.835233861
       1      96   23.740289694   50.805767528
       1      97   24.301639656   88.639395242
       1      98   24.324379596   89.720239451
       1      99   24.372062314   83.295215865
       1     100   24.374800737   83.193716924
  0.166666667  0.833333333  0.000000000     100
       1       1  -65.465979527   41.299726112
       1       2  -65.465979527   44.625452679
       1       3  -42.126170799 -110.367157474
       1       4  -42.126170759 -119.608432757
       1       5  -39.593525267 -113.085645588
       1       6  -39.593525240 -115.412580445
       1       7  -39.464894048  -88.345399849
       1       8  -39.464893965 -108.689425975
       1       9  -18.989632811  -22.503638412
       1      10  -18.989632768  -22.452803679
       1      11  -18.014211285  -24.049211281
       1      12  -18.014211282  -24.333220950
       1      13  -10.482477430  -10.239116150
       1      14  -10.482477401  -10.290314430
       1      15   -8.606804696   -0.305229414
       1      16   -8.606804633   -1.876891681
       1      17   -8.256205000   -5.622250670
       1      18   -8.256204900   -5.787721471
       1      19   -7.436882538   -5.400714911
       1      20   -7.436882530   -5.480010988
       1      21   -7.317434944   -9.986353820
       1      22   -7.317434737   -9.900051057
       1      23   -6.409754485   -9.919584113
       1      24   -6.409754412   -9.744674011
       1      25   -5.682858165   -1.440019548
       1      26   -5.682858045   -1.381910849
       1      27   -3.039476395    3.405743790
       1      28   -3.039476181    2.874765163
       1      29   -2.737514092    1.077629844
       1      30   -2.737513856    0.438545936
       1      31   -2.697309650    1.469855165
       1      32   -2.697309583    1.885293645
       1      33   -1.968022083   -3.868356262
       1      34   -1.968021888   -3.184988237
       1      35    2.575039823    3.072983777
       1      36    2.575039953    3.025156576
       1      37    4.137786653    7.006630515
       1      38    4.137786657    7.370283574
       1      39    4.498559170    5.980665245
       1      40    4.498559178    6.061407243
       1      41    5.011375663    5.433262379
       1      42    5.011375758    5.373833722
       1      43    5.208688312    6.403342090
       1      44    5.208688324    6.261672764
       1      45    6.274245821    6.128502968
       1      46    6.274245840    6.185055830
       1      47    6.755119322    6.651824395
       1      48    6.755119461    6.936276950
       1      49    7.214025121   -6.821664775
       1      50    7.214025123   -7.674507871
       1      51    7.784789290   11.312665112
       1      52    7.784789322   11.276092423
       1      53    9.124073693    7.543434225
       1      54    9.124073746    7.486407590
       1      55    9.888652442   13.040977976
       1      56    9.888653021   17.108209634
       1      57   10.280468785   28.602416075
       1      58   10.280469076   31.326730909
       1      59   11.412547591   17.795842479
       1      60   11.412547615   17.577598456
       1      61   12.579027035   90.640601852
       1      62   12.579027040   90.743118056
       1      63   13.626960449   37.057108339
       1      64   13.626960461   37.046097264
       1      65   15.232398627  139.081691123
       1      66   15.232398651  139.070750413
       1      67   15.261285183  112.445434574
       1      68   15.261285210  112.234136585
       1      69   16.200348111  163.632308251
       1      70   16.200348122  163.990974708
       1      71   16.815712942   18.239757389
       1      72   16.815712993   17.335996603
       1      73   17.301589012   31.063430308
       1      74   17.301589135   30.651265684
       1      75   17.627894994   35.786830470
       1      76   17.627895427   34.635002893
       1      77   18.613624056   41.018534104
       1      78   18.613625377   41.364370711
       1      79   18.800892038   21.597992570
       1      80   18.800893244   22.218035684
       1      81   19.943875562   32.006700475
       1      82   19.943876217   31.845606302
       1      83   20.086100147   32.307339544
       1      84   20.086100180   32.267875799
       1      85   21.051086457   40.241031450
       1      86   21.051086497   40.153461292
       1      87   21.767448337  242.495505576
       1      88   21.767448338  242.488671407
       1      89   21.956562666   60.775913047
       1      90   21.956562943   60.642348595
       1      91   22.406965473   82.818971707
       1      92   22.406965813   82.810517916
       1      93   24.302514657   49.988751237
       1      94   24.302514787   50.680689494
       1      95   24.837782306   49.509102115
       1      96   24.837782792   50.076741055
       1      97   24.923395169   38.796181629
       1      98   24.923395681   39.184142301
       1      99   25.307746207   47.157139965
       1     100   25.307746283   46.970023763
  0.333333333  0.000000000  0.000000000     100
       1       1  -65.505203866   35.758093535
       1       2  -65.505203866   39.250809317
       1       3  -42.186762768 -119.385728715
       1       4  -42.186762763 -107.292934925
       1       5  -39.675142834 -103.253761546
       1       6  -39.675142832 -102.930642038
       1       7  -39.538429144 -112.697335217
       1       8  -39.538429143 -112.467882714
       1       9  -18.072903039  -23.013579045
       1      10  -18.072902980  -22.939775181
       1      11  -17.618197851  -27.270079666
       1      12  -17.618197844  -27.020008944
       1      13  -10.544596381   -7.348765480
       1      14  -10.544596286   -7.222266444
       1      15   -9.558853821  -11.485994294
       1      16   -9.558853753  -11.566208832
       1      17   -9.179243261  -10.616502896
       1      18   -9.179243232  -10.623780638
       1      19   -8.134596863   -3.324045788
       1      20   -8.134596741   -2.745343056
       1      21   -7.026315417   -9.017945368
       1      22   -7.026315409   -9.022903110
       1      23   -6.612773046   -7.992702390
       1      24   -6.612771194   -6.146811537
       1      25   -6.332733715   -1.693016175
       1      26   -6.332731676   -0.843054799
       1      27   -3.126286899    2.464760051
       1      28   -3.126285987    2.936648930
       1      29   -2.998806511    0.972621135
       1      30   -2.998805316    1.218406052
       1      31   -1.891623829   -5.984234681
       1      32   -1.891623304   -5.249642182
       1      33   -1.279014807    3.595730141
       1      34   -1.279014258    3.321791735
       1      35    2.651931222    2.884194357
       1      36    2.651931425    2.879164309
       1      37    2.909045578    5.399807856
       1      38    2.909045649    6.278048921
       1      39    3.282127589    0.924076353
       1      40    3.282128238    0.937371065
       1      41    5.167172424    4.395137307
       1      42    5.167172462    4.332678492
       1      43    5.582654396    4.159556058
       1      44    5.582655002    4.008560705
       1      45    7.149581436    8.619551434
       1      46    7.149581608    8.754387972
       1      47    7.620482321   20.645408953
       1      48    7.620482324   21.005212580
       1      49    7.714037748   11.923727780
       1      50    7.714038182   11.835283430
       1      51    9.159378983   11.653352637
       1      52    9.159378987   11.629883637
       1      53    9.701626526   25.269463051
       1      54    9.701626573   25.859145990
       1      55   10.083474954    8.975021993
       1      56   10.083475170    8.740958814
       1      57   10.160897919   17.596403240
       1      58   10.160898036   18.515947923
       1      59   12.372287144   -0.228712509
       1      60   12.372287156   -1.441487107
       1      61   13.551372923   30.383044319
       1      62   13.551372950   30.562389456
       1      63   13.877355903   47.715263636
       1      64   13.877356240   47.567638238
       1      65   14.834136256   97.093589588
       1      66   14.834136350   97.842529903
       1      67   15.592296732   87.913936107
       1      68   15.592296793   87.929056471
       1      69   16.262767917   21.855164598
       1      70   16.262768208   21.827293335
       1      71   17.047678931   23.476039821
       1      72   17.047679201   23.964961827
       1      73   17.205224188   71.804544955
       1      74   17.205224198   71.997141425
       1      75   17.670259399  235.646763426
       1      76   17.670259469  235.069268781
       1      77   19.471022890   62.362849438
       1      78   19.471023089   62.048617621
       1      79   19.564059151   50.707416025
       1      80   19.564059265   50.708168322
       1      81   19.767100725   32.019308818
       1      82   19.767100796   32.003553447
       1      83   20.779953873  129.460396175
       1      84   20.779953887  129.580302253
       1      85   21.104216288   33.621468386
       1      86   21.104216808   34.699332578
       1      87   21.222122081   63.881945267
       1      88   21.222123216   64.912554794
       1      89   22.748402406   82.347800204
       1      90   22.748403274   82.940166953
       1      91   22.758943779  133.426300443
       1      92   22.758945279  134.322680130
       1      93   22.917925159   39.742258330
       1      94   22.917928092   40.005697120
       1      95   22.949454373  109.248461652
       1      96   22.949454478  109.058660388
       1      97   24.063735483   56.696017291
       1      98   24.063736129   56.125180074
       1      99   24.084712276  103.285182774
       1     100   24.084712667  103.650621709
  0.333333333  0.166666667  0.000000000     100
       1       1  -65.468366689    5.371694225
       1       2  -65.468363656    3.523845877
       1       3  -42.219224668  -66.550742892
       1       4  -42.204415575  -55.688621345
       1       5  -39.715678846  -48.754477842
       1       6  -39.696201914  -49.787186231
       1       7  -39.570621182  -67.425262365
       1       8  -39.568903522  -68.301495527
       1       9  -17.545461689  -22.906436388
       1      10  -17.506055203  -22.755350575
       1      11  -17.368643223  -23.883433810
       1      12  -17.365585265  -23.882809588
       1      13  -10.630581076  -11.119945540
       1      14  -10.619140277  -11.094811807
       1      15  -10.254301738  -10.812627570
       1      16  -10.244380327  -10.766773701
       1      17   -9.147469283   -7.485150836
       1      18   -9.142132866   -5.821613673
       1      19   -8.577061976   -8.768203134
       1      20   -8.560046197   -8.555618575
       1      21   -7.703404923   -8.751425669
       1      22   -7.638027538   -8.645818481
       1      23   -7.117238941   -8.509311289
       1      24   -7.105358123   -8.487567081
       1      25   -5.867652473   -0.391594375
       1      26   -5.764839325   -0.531756513
       1      27   -3.108351221    0.123303255
       1      28   -3.088701543    0.376181180
       1      29   -2.527641198    1.994283708
       1      30   -2.424781769    2.525459234
       1      31   -2.018800087    8.173918509
       1      32   -2.014004569    7.551284928
       1      33   -0.900226914   -1.790858041
       1      34   -0.871164047   -1.874067819
       1      35    1.945958135    4.394070619
       1      36    1.983574400    4.128141951
       1      37    3.821262050   21.214243545
       1      38    3.848385950    5.943396407
       1      39    3.878478191    6.987980939
       1      40    3.888893260  -31.167206101
       1      41    4.941524095    5.139844379
       1      42    4.945472253    5.012455710
       1      43    5.062527241    0.375190984
       1      44    5.065572161    1.163896793
       1      45    5.970866855    2.772809616
       1      46    5.985595484    2.864066549
       1      47    7.712100825   15.996555611
       1      48    7.716246583   16.029831874
       1      49    8.225860132    5.442420659
       1      50    8.236305944    5.625688150
       1      51    9.059438098   12.143046110
       1      52    9.065208249   11.584171537
       1      53    9.639270192    7.434199448
       1      54    9.642217313    7.549541776
       1      55   10.407411344   17.548156717
       1      56   10.439780432   17.400963518
       1      57   11.974981064   24.361451965
       1      58   11.982257657   23.250113704
       1      59   13.134238188   38.567495207
       1      60   13.137575271   37.883816165
       1      61   13.174711063   22.122994206
       1      62   13.179378155   21.557170662
       1      63   14.314031119   34.453251743
       1      64   14.317387615   34.358333470
       1      65   14.782139284   29.995479101
       1      66   14.823550460   30.282825313
       1      67   15.868745494   63.603023866
       1      68   15.902543484   63.449394434
       1      69   16.231161091   29.718068210
       1      70   16.237856033   29.719297977
       1      71   16.957425829   30.255259607
       1      72   16.962780176   30.197086359
       1      73   17.403845739   49.467352166
       1      74   17.455893750   51.588267267
       1      75   17.926363247  113.946102337
       1      76   17.928260075  116.358593950
       1      77   18.305843035   80.221724530
       1      78   18.308609600   80.498563004
       1      79   19.025699092  113.788016049
       1      80   19.025794888  114.576838147
       1      81   19.939298892  139.857642829
       1      82   19.940026786  139.874189764
       1      83   19.999127341  100.945504414
       1      84   20.005187620  101.279529640
       1      85   21.135548752  170.369289814
       1      86   21.153856705  170.981114407
       1      87   21.528349243   72.941161684
       1      88   21.532873135   72.291159066
       1      89   22.096332881   62.783511921
       1      90   22.098257473   63.231908007
       1      91   22.640335620  130.907351623
       1      92   22.645722551  131.574562510
       1      93   22.798630801  167.394990098
       1      94   22.799409241  165.117692433
       1      95   23.679967164   88.982218972
       1      96   23.683928291   89.326091098
       1      97   23.952065754   69.627084829
       1      98   23.979215551   69.505945534
       1      99   24.160319351  134.782406615
       1     100   24.160686683  134.898068906
  0.333333333  0.333333333  0.000000000     100
       1       1  -65.401753232   14.527072766
       1       2  -65.401749094   23.505407424
       1       3  -42.229734810  -83.511343733
       1       4  -42.207313108  -70.209097163
       1       5  -39.712518226  -61.704689126
       1       6  -39.665405234  -43.191802357
       1       7  -39.615869881  -97.029738690
       1       8  -39.600707828  -89.426070377
       1       9  -17.264210545  -21.574769097
       1      10  -17.213288676  -22.134184130
       1      11  -17.209745784  -22.070924250
       1      12  -17.200955503  -21.447768981
       1      13  -10.766230515  -16.452209920
       1      14  -10.757805370  -14.607518766
       1      15   -9.906111968  -10.895195234
       1      16   -9.870739461  -10.647619737
       1      17   -9.445776373  -10.056576231
       1      18   -9.385694983   -9.951766503
       1      19   -8.878069542  -10.666765972
       1      20   -8.854907927  -10.431060975
       1      21   -8.284119062  -11.519052558
       1      22   -8.234565690  -11.426469052
       1      23   -7.583150391   -8.378355804
       1      24   -7.561274110   -8.498095335
       1      25   -5.409090880    1.388346969
       1      26   -5.275092823   -0.047590265
       1      27   -3.542934650   -0.380157488
       1      28   -3.539281196   -0.358350984
       1      29   -2.366516209    4.952833091
       1      30   -2.336866686    5.312555152
       1      31   -1.816692222    9.540019134
       1      32   -1.687884614    7.930248153
       1      33   -0.441932471   -0.411078008
       1      34   -0.365452991   -0.496982069
       1      35    2.027516857    5.698137760
       1      36    2.166008768    8.498253258
       1      37    2.546329127    8.446800515
       1      38    2.549616344    7.066693892
       1      39    4.795570522    9.942963675
       1      40    4.805630221    9.517334016
       1      41    5.763804509    7.307571697
       1      42    5.819486002    7.642225223
       1      43    6.369918835    8.330421110
       1      44    6.388269544    8.339671982
       1      45    7.152657463    9.714375761
       1      46    7.168996275    9.772057929
       1      47    7.275097520    6.767650386
       1      48    7.335305890    6.998599904
       1      49    7.705667157   -4.018901617
       1      50    7.735533227   -4.385441298
       1      51    7.753142252    7.682866599
       1      52    7.772106905    7.123755390
       1      53    9.011498321   21.714329815
       1      54    9.011504100   21.691678354
       1      55   10.574250771   19.679918207
       1      56   10.635186288   19.933284533
       1      57   11.716411868   16.280101036
       1      58   11.720744490   15.069934729
       1      59   12.955239129   32.373597907
       1      60   12.958488642   31.558134252
       1      61   13.252670979   24.708822118
       1      62   13.342426943   38.878261165
       1      63   13.364059125   34.399524033
       1      64   13.476003109   19.031720868
       1      65   14.107594893   25.186232542
       1      66   14.113370200   25.132518816
       1      67   14.875278640   47.131288388
       1      68   14.890625954   47.196925218
       1      69   15.448254296   49.812450057
       1      70   15.467092805   50.092571074
       1      71   17.704694913   89.407722515
       1      72   17.719314414   89.558462989
       1      73   19.267539814   28.176488467
       1      74   19.267694511   28.070306003
       1      75   20.137514347   50.917543176
       1      76   20.164076391   54.567588637
       1      77   20.174200636   32.891011834
       1      78   20.177655376   32.303257797
       1      79   20.213239053   87.426128705
       1      80   20.220904859   87.957543746
       1      81   20.465450049  257.486734045
       1      82   20.480211474  259.936112296
       1      83   20.512609219  205.498366903
       1      84   20.520725938   47.533539667
       1      85   20.526787537  240.560259297
       1      86   20.554461068   77.283503979
       1      87   21.406837736   71.543995328
       1      88   21.420543111   72.399004809
       1      89   21.673205874  151.711570603
       1      90   21.673823650  151.581534161
       1      91   21.730669360  239.744224622
       1      92   21.732628658  239.828439156
       1      93   22.792822354   37.162956983
       1      94   22.797309824   35.619172033
       1      95   22.829911326   55.113915743
       1      96   22.891090730   51.051564339
       1      97   23.836683849  221.610246057
       1      98   23.839576129  220.778692252
       1      99   23.928701873  149.805417655
       1     100   23.929767792  148.573882397
  0.333333333  0.500000000  0.000000000     100
       1       1  -65.468366296   13.052028436
       1       2  -65.468363264   19.155679897
       1       3  -42.219225026  -80.358134754
       1       4  -42.204415975  -70.559475560
       1       5  -39.715678627  -74.888140567
       1       6  -39.696201505  -61.022091110
       1       7  -39.570622578  -73.619002958
       1       8  -39.568905166  -78.284364927
       1       9  -17.545459325  -23.701739717
       1      10  -17.506052823  -23.884404392
       1      11  -17.368633908  -21.313123939
       1      12  -17.365575954  -21.400960461
       1      13  -10.630582318  -10.999438069
       1      14  -10.619141405  -11.025679441
       1      15  -10.254313400  -14.708969047
       1      16  -10.244392012  -15.271470972
       1      17   -9.147469612   -9.133312906
       1      18   -9.142133327   -9.078141795
       1      19   -8.577071065  -11.081249220
       1      20   -8.560055102  -10.949795260
       1      21   -7.703408159   -8.437874291
       1      22   -7.638030978   -8.342142584
       1      23   -7.117231765   -8.245847667
       1      24   -7.105351210   -8.160578739
       1      25   -5.867652862   -3.544520997
       1      26   -5.764839768   -3.576294247
       1      27   -3.108347546   -1.506297568
       1      28   -3.088699042   -1.599624460
       1      29   -2.527624443    8.381919667
       1      30   -2.424766107   10.419925561
       1      31   -2.018797234   -3.471444786
       1      32   -2.014001765   -4.045657884
       1      33   -0.900250676    5.972524336
       1      34   -0.871188039    6.108974144
       1      35    1.945954206   -9.135725446
       1      36    1.983570973   -3.147826747
       1      37    3.821254155   18.184863140
       1      38    3.848376290    5.498838338
       1      39    3.878469570    6.927339690
       1      40    3.888885677    9.490226181
       1      41    4.941518575    5.258449699
       1      42    4.945467259    5.298274281
       1      43    5.062526162  -92.330258108
       1      44    5.065570796    1.994168629
       1      45    5.970862872    4.615329122
       1      46    5.985592249    4.541952731
       1      47    7.712110255   13.761084705
       1      48    7.716255999   13.770372238
       1      49    8.225864096   11.742269696
       1      50    8.236309590   12.212080181
       1      51    9.059452322   15.871404980
       1      52    9.065222597   15.850723769
       1      53    9.639266914   12.399332549
       1      54    9.642213683   11.534677473
       1      55   10.407410558   22.553663723
       1      56   10.439780022   22.447878205
       1      57   11.974971900   19.482630399
       1      58   11.982248278   18.574793659
       1      59   13.134246552   36.631437359
       1      60   13.137583513   35.959797520
       1      61   13.174716532   25.315340088
       1      62   13.179383878   24.913703518
       1      63   14.314039771   32.903232117
       1      64   14.317396255   32.866547356
       1      65   14.782152333   31.824011695
       1      66   14.823562084   32.011785544
       1      67   15.868757686   68.465104730
       1      68   15.902556264   68.604167489
       1      69   16.231175146   33.378785922
       1      70   16.237869751   33.227793697
       1      71   16.957433471   36.196187296
       1      72   16.962788225   35.419411017
       1      73   17.403831638   53.401097716
       1      74   17.455878987   55.664029962
       1      75   17.926377886  113.213071514
       1      76   17.928273858  114.930737845
       1      77   18.305840093   78.202744221
       1      78   18.308606662   78.188882005
       1      79   19.025693163  117.611019104
       1      80   19.025788725  118.490665680
       1      81   19.939287102  134.649137006
       1      82   19.940014863  134.662053567
       1      83   19.999146863  104.926334864
       1      84   20.005207262  105.797328581
       1      85   21.135561010  191.229395569
       1      86   21.153869060  192.023963356
       1      87   21.528340742   79.865365952
       1      88   21.532864693   79.293857876
       1      89   22.096326391   61.636687313
       1      90   22.098251101   62.090794316
       1      91   22.640343876  130.407858930
       1      92   22.645730748  131.234391513
       1      93   22.798633480  145.737781044
       1      94   22.799410300  143.598650243
       1      95   23.679960270   97.759174600
       1      96   23.683920930   98.179623814
       1      97   23.952069636   71.637324252
       1      98   23.979217309   71.286790953
       1      99   24.160327664  134.808940578
       1     100   24.160695305  135.014322103
  0.333333333  0.666666667  0.000000000     100
       1       1  -65.505203779   21.109430171
       1       2  -65.505203779   25.024864128
       1       3  -42.186763105  -82.652589008
       1       4  -42.186763064  -86.512795203
       1       5  -39.675141881  -59.274402176
       1       6  -39.675141852  -59.730612749
       1       7  -39.538431369 -106.749536489
       1       8  -39.538431340 -109.942582788
       1       9  -18.072901238  -21.411021418
       1      10  -18.072901183  -21.404346735
       1      11  -17.618189700  -22.629597418
       1      12  -17.618189695  -22.624631983
       1      13  -10.544596133  -10.378383056
       1      14  -10.544596091  -10.288766704
       1      15   -9.558852052   -9.705022148
       1      16   -9.558852041   -9.872395718
       1      17   -9.179241529   -8.221707441
       1      18   -9.179241496   -8.209837936
       1      19   -8.134622887  -11.496606616
       1      20   -8.134622886  -11.291458385
       1      21   -7.026308582   -9.257096777
       1      22   -7.026308566   -9.324958533
       1      23   -6.612785008   -5.734620998
       1      24   -6.612783777   -5.854615837
       1      25   -6.332716879   -4.098771198
       1      26   -6.332715506   -4.117502447
       1      27   -3.126293712    3.034789985
       1      28   -3.126293088   -0.058879034
       1      29   -2.998807650    3.196826512
       1      30   -2.998806955    1.931454921
       1      31   -1.891639102    3.515845185
       1      32   -1.891638835    4.280530633
       1      33   -1.279011594   -7.917152949
       1      34   -1.279011300   -9.229070294
       1      35    2.651932320    6.827437189
       1      36    2.651932361   12.626641378
       1      37    2.909044285    3.354839586
       1      38    2.909044300    3.386805910
       1      39    3.282125733   -5.860953767
       1      40    3.282125757  -20.720346899
       1      41    5.167167782    4.361095765
       1      42    5.167167793    4.249596156
       1      43    5.582668184    3.820558543
       1      44    5.582668222    4.041160667
       1      45    7.149567927    7.883598275
       1      46    7.149568035    7.774426453
       1      47    7.620489861   19.371957504
       1      48    7.620489863   19.270741698
       1      49    7.714046550   12.032477174
       1      50    7.714046833   12.305614580
       1      51    9.159369427   10.580010639
       1      52    9.159369460   10.586821161
       1      53    9.701641888   24.591446663
       1      54    9.701642411   25.430366746
       1      55   10.083466266   13.028333615
       1      56   10.083466619   13.291011163
       1      57   10.160915030   13.766889541
       1      58   10.160915126   14.009436190
       1      59   12.372288041   18.935100395
       1      60   12.372288064   18.854180907
       1      61   13.551377259   26.848949422
       1      62   13.551377260   26.738895396
       1      63   13.877351206   47.408796207
       1      64   13.877351229   47.725429512
       1      65   14.834153149  104.764010893
       1      66   14.834153206  104.863373350
       1      67   15.592304564   82.974208662
       1      68   15.592304582   82.959442759
       1      69   16.262737528   19.157480891
       1      70   16.262737549   19.294736224
       1      71   17.047669768   24.625130179
       1      72   17.047669894   24.531202922
       1      73   17.205227739   67.300439878
       1      74   17.205227741   67.310538398
       1      75   17.670258672  240.497633362
       1      76   17.670258684  240.569216495
       1      77   19.471042924   68.793730291
       1      78   19.471043112   68.938108770
       1      79   19.564078517   50.542704582
       1      80   19.564078589   50.498481986
       1      81   19.767083802   31.530460345
       1      82   19.767083852   31.549557998
       1      83   20.779972610  131.963731108
       1      84   20.779972634  131.777919712
       1      85   21.104206586   35.097827577
       1      86   21.104207941   32.900427172
       1      87   21.222151385   66.531185938
       1      88   21.222152778   63.817128692
       1      89   22.748398942   91.366521838
       1      90   22.748398998   91.036871644
       1      91   22.758947851  145.668158065
       1      92   22.758948046  145.350723855
       1      93   22.917936514   40.673326080
       1      94   22.917936703   40.480738239
       1      95   22.949458548  108.979392011
       1      96   22.949458609  109.105982204
       1      97   24.063724352   63.906176289
       1      98   24.063725214   63.704841544
       1      99   24.084720520  101.843428012
       1     100   24.084720993  101.824458512
  0.333333333  0.833333333  0.000000000     100
       1       1  -65.453769814    6.292920704
       1       2  -65.453768010   14.746163792
       1       3  -42.170480382  -99.934514365
       1       4  -42.163240224 -114.163476409
       1       5  -39.636360393  -97.993423386
       1       6  -39.634235656 -104.453735096
       1       7  -39.534290430  -95.447003608
       1       8  -39.525880572 -101.894359492
       1       9  -18.334012013  -23.477713019
       1      10  -18.318232766  -23.577165029
       1      11  -17.722537494  -24.776555338
       1      12  -17.721167056  -24.694262414
       1      13  -10.245734102   -8.112566895
       1      14  -10.220716841   -8.432509928
       1      15   -9.056407745   -8.270120115
       1      16   -9.046129580   -8.125968951
       1      17   -9.017568223   -8.067858012
       1      18   -8.988060870   -8.144483839
       1      19   -8.542471929   -9.081634644
       1      20   -8.516202011   -9.105483457
       1      21   -7.289164228   -4.695317007
       1      22   -7.213014723   -4.896720734
       1      23   -6.417987154   -9.742567243
       1      24   -6.383178804  -10.051625505
       1      25   -6.168053959   -2.969914260
       1      26   -6.099039488   -2.820059530
       1      27   -3.445812606    3.051464836
       1      28   -3.384031028    3.285009622
       1      29   -2.847931394    1.102704539
       1      30   -2.831977135    1.209038296
       1      31   -2.645251215    3.494227494
       1      32   -2.592543011    3.265226375
       1      33   -1.170750122    0.951706467
       1      34   -1.137572697    0.297188419
       1      35    3.626558384    5.933635958
       1      36    3.659791258    5.638830270
       1      37    4.108830250    5.921987075
       1      38    4.114099055    5.907302124
       1      39    4.242547653   10.149228265
       1      40    4.333530073    8.688194932
       1      41    4.972503544    6.661844516
       1      42    4.977818877    6.345325309
       1      43    5.116613944    6.825395456
       1      44    5.119133548    6.984855336
       1      45    6.377229130  -12.925016752
       1      46    6.460980021  -14.915784053
       1      47    6.974873635    2.864001924
       1      48    7.009346156    1.963780563
       1      49    7.026516249    5.184149109
       1      50    7.073715742    8.068083490
       1      51    7.846985155   16.357099874
       1      52    7.849613431   16.164349075
       1      53    9.209831366   20.723840658
       1      54    9.248769394   19.481087886
       1      55    9.762892009   11.414433097
       1      56    9.769428036   11.059232837
       1      57   10.615501500   27.889215586
       1      58   10.660549232   28.921381640
       1      59   12.076225949   15.606189032
       1      60   12.097788232   15.438605479
       1      61   14.435833047  111.977282716
       1      62   14.441032930  115.788914059
       1      63   15.090692579   37.241838985
       1      64   15.093922141   39.517364361
       1      65   15.220723803   74.473325179
       1      66   15.223436355   74.278518842
       1      67   15.554056193   60.825832094
       1      68   15.554319403   60.706651213
       1      69   15.934145885   39.951537284
       1      70   15.970725862   38.789250520
       1      71   16.783727110   28.429150703
       1      72   16.785560378   28.030627908
       1      73   16.917463374  151.888868675
       1      74   16.921488779  155.553315313
       1      75   17.693828839   85.859783606
       1      76   17.743620429   79.580998281
       1      77   18.030562256   86.156234389
       1      78   18.035045832   86.115839994
       1      79   19.504269627   31.684620241
       1      80   19.513762471   29.430918690
       1      81   19.632756561   39.005790278
       1      82   19.640337343   41.471152626
       1      83   19.713690238   56.956052951
       1      84   19.760138112   56.360487599
       1      85   21.307640537   43.799528354
       1      86   21.392883622   46.585255112
       1      87   21.447627020   63.047369060
       1      88   21.468242527   62.910865195
       1      89   22.135008829  167.860299749
       1      90   22.137841146  167.678901937
       1      91   22.483375526   68.734744357
       1      92   22.486110996   68.155703684
       1      93   23.579826471   40.826989426
       1      94   23.587959216   40.044030793
       1      95   23.734389198   44.110078211
       1      96   23.740278564   43.758731767
       1      97   24.301637503  100.268546354
       1      98   24.324377213  102.836013195
       1      99   24.372064864   78.352605113
       1     100   24.374803409   77.633613747
  0.500000000 -0.000000000  0.000000000     100
       1       1  -65.500819378   27.934430208
       1       2  -65.500819378   25.405997098
       1       3  -42.217309862 -107.691763943
       1       4  -42.217309862 -106.880938165
       1       5  -39.734210815  -91.720592204
       1       6  -39.734210815 -101.323596684
       1       7  -39.546667077 -120.238499302
       1       8  -39.546667077  -98.749749315
       1       9  -17.504564708  -22.221085562
       1      10  -17.504564708  -22.393280479
       1      11  -17.384385239  -27.226838229
       1      12  -17.384385239  -27.271019837
       1      13  -11.087343561  -11.865963472
       1      14  -11.087343561  -11.906371691
       1      15  -10.190432413  -15.545252444
       1      16  -10.190432413  -15.386414412
       1      17   -9.410899967   -4.445920360
       1      18   -9.410899967   -4.623288159
       1      19   -8.452983668   -3.108903102
       1      20   -8.452983668   -3.516497040
       1      21   -7.297425891  -10.034928854
       1      22   -7.297425891  -10.016605945
       1      23   -6.243172316   -7.952724264
       1      24   -6.243172316   -7.818085739
       1      25   -5.976814151   -1.245436349
       1      26   -5.976814151   -1.198941009
       1      27   -3.055309404    5.555532461
       1      28   -3.055309404    5.796120094
       1      29   -2.541876457    0.222187764
       1      30   -2.541876457    0.426938165
       1      31   -1.458355817   -1.523686752
       1      32   -1.458355817   -1.003930966
       1      33   -1.066722121   30.325711863
       1      34   -1.066722121   34.903580436
       1      35    1.125871681    1.969491487
       1      36    1.125871681    2.068909448
       1      37    2.577529362    2.463641490
       1      38    2.577529362    2.511958141
       1      39    3.216081656    5.183731239
       1      40    3.216081656    5.281194301
       1      41    4.435323482    5.607571932
       1      42    4.435323482    5.668053032
       1      43    4.984518669    4.926411743
       1      44    4.984518669    4.930470671
       1      45    6.011788655    7.554788590
       1      46    6.011788655    7.450068631
       1      47    8.328519921   24.707953051
       1      48    8.328519921   24.686046575
       1      49    9.001859101    2.577578786
       1      50    9.001859101    2.701447668
       1      51   10.392906350   22.338605547
       1      52   10.392906350   21.889041492
       1      53   10.404021327   13.945675870
       1      54   10.404021327   14.848160452
       1      55   11.851107657   25.418165930
       1      56   11.851107657   24.683762450
       1      57   12.074722221   14.698188182
       1      58   12.074722221   14.694761773
       1      59   12.784643138    9.046608537
       1      60   12.784643138    8.973543615
       1      61   13.416475469   27.759192942
       1      62   13.416475469   27.882173738
       1      63   14.106281046   44.798148305
       1      64   14.106281046   44.623367186
       1      65   14.592473558   28.969452180
       1      66   14.592473558   28.861721984
       1      67   15.006380018   44.860145195
       1      68   15.006380018   45.263043968
       1      69   15.654742135   24.055531830
       1      70   15.654742135   24.119071128
       1      71   16.398696326   43.939292672
       1      72   16.398696326   43.582287433
       1      73   16.419680616   43.416460147
       1      74   16.419680616   43.981989878
       1      75   18.887445012   72.605337343
       1      76   18.887445012   73.540056492
       1      77   18.937883777   20.675416884
       1      78   18.937883777   20.816176824
       1      79   19.532486256  294.287940998
       1      80   19.532486256  294.314479110
       1      81   19.790941812   22.356707774
       1      82   19.790941812   21.612400283
       1      83   19.854079135  220.852294284
       1      84   19.854079135  221.617107887
       1      85   20.240143961   35.659644352
       1      86   20.240143961   35.633657573
       1      87   20.890358414  209.437556924
       1      88   20.890358414  209.467588932
       1      89   21.657670393  173.944909105
       1      90   21.657670393  173.942996063
       1      91   22.354621468   51.031300619
       1      92   22.354621468   50.885184507
       1      93   22.450994830   53.756085609
       1      94   22.450994830   53.953693490
       1      95   22.731821564   96.871383022
       1      96   22.731821564   96.672002577
       1      97   23.816680554   83.245510576
       1      98   23.816680554   83.269906182
       1      99   25.030278992   80.364445925
       1     100   25.030278992   80.162479807
  0.500000000  0.166666667  0.000000000     100
       1       1  -65.468366600   32.724862844
       1       2  -65.468363567   35.018186741
       1       3  -42.219224712  -72.120892725
       1       4  -42.204415625  -70.091654131
       1       5  -39.715678789  -62.660876778
       1       6  -39.696201831  -65.479379003
       1       7  -39.570621387  -70.285390437
       1       8  -39.568903758  -67.672723131
       1       9  -17.545461638  -21.587152882
       1      10  -17.506055078  -21.558527790
       1      11  -17.368640924  -24.558432739
       1      12  -17.365582958  -24.517144720
       1      13  -10.630583845  -12.153348924
       1      14  -10.619142865  -12.077673372
       1      15  -10.254307856  -10.767058067
       1      16  -10.244386492  -10.665354709
       1      17   -9.147467311   -7.082001691
       1      18   -9.142130868   -6.821961200
       1      19   -8.577057043   -5.731568542
       1      20   -8.560041223   -5.440730103
       1      21   -7.703406594   -7.011228877
       1      22   -7.638029444   -6.872158194
       1      23   -7.117241197  -11.329430521
       1      24   -7.105360459  -11.201172341
       1      25   -5.867653467   -1.051818921
       1      26   -5.764840641   -0.832356305
       1      27   -3.108350731    0.046200598
       1      28   -3.088701910   -0.059418236
       1      29   -2.527629756    6.160038341
       1      30   -2.424771390    8.104708196
       1      31   -2.018788807    8.236178484
       1      32   -2.013993072    8.201240624
       1      33   -0.900244801   -9.056969407
       1      34   -0.871181672   -6.971799375
       1      35    1.945955672    8.223784787
       1      36    1.983572578    7.530010770
       1      37    3.821253874    7.161997766
       1      38    3.848380294   10.232174038
       1      39    3.878471578    9.110616112
       1      40    3.888882829    6.213180509
       1      41    4.941538600    5.171197753
       1      42    4.945487580    5.112357011
       1      43    5.062532948    5.239163401
       1      44    5.065577789    5.201759058
       1      45    5.970859129    0.005179122
       1      46    5.985588262   -0.422346934
       1      47    7.712101591   17.522581565
       1      48    7.716247302   17.731339020
       1      49    8.225852357    8.814155588
       1      50    8.236297893    9.706893589
       1      51    9.059440951   20.018480374
       1      52    9.065211044   20.004948226
       1      53    9.639266471   10.434901615
       1      54    9.642213588   10.300753534
       1      55   10.407414919   21.128415166
       1      56   10.439784354   20.480740159
       1      57   11.974972680   21.364951956
       1      58   11.982249209   20.959615755
       1      59   13.134239574   35.351894576
       1      60   13.137576956   34.959406887
       1      61   13.174721052   24.855604079
       1      62   13.179388863   24.092846377
       1      63   14.314038413   34.886927177
       1      64   14.317394917   35.004406873
       1      65   14.782146712   31.079090704
       1      66   14.823557042   30.872108064
       1      67   15.868744399   65.178788829
       1      68   15.902542947   65.198368839
       1      69   16.231168140   27.435138193
       1      70   16.237862947   27.546955331
       1      71   16.957430118   30.815643557
       1      72   16.962784515   30.646779734
       1      73   17.403844498   49.710488151
       1      74   17.455892410   52.189923169
       1      75   17.926367643  113.304264985
       1      76   17.928264184  115.758860118
       1      77   18.305847770   79.331415167
       1      78   18.308614317   79.519789342
       1      79   19.025700272  110.015379836
       1      80   19.025795762  110.297856813
       1      81   19.939297968  140.496802403
       1      82   19.940025852  140.641139146
       1      83   19.999140064  101.274992284
       1      84   20.005200382  101.767448383
       1      85   21.135544614  168.410266339
       1      86   21.153852485  169.046859809
       1      87   21.528327358   74.976491000
       1      88   21.532851243   74.458046214
       1      89   22.096331472   71.961236564
       1      90   22.098256319   72.305014220
       1      91   22.640330365  131.816069666
       1      92   22.645717264  132.382074669
       1      93   22.798624192  174.602651266
       1      94   22.799402066  172.154766792
       1      95   23.679963226   92.719933598
       1      96   23.683924218   92.822971590
       1      97   23.952059764   56.859152835
       1      98   23.979208645   56.329440367
       1      99   24.160324106  138.159405532
       1     100   24.160691584  138.225017886
  0.500000000  0.333333333  0.000000000     100
       1       1  -65.468366419   49.468807719
       1       2  -65.468363387   54.158964002
       1       3  -42.219224937  -94.804366847
       1       4  -42.204415845  -88.129526214
       1       5  -39.715678406  -75.856360890
       1       6  -39.696201243  -64.404339708
       1       7  -39.570622601 -106.058583664
       1       8  -39.568905173 -107.756939520
       1       9  -17.545460500  -22.683994508
       1      10  -17.506053944  -22.854045330
       1      11  -17.368634682  -22.903501417
       1      12  -17.365576723  -22.868338285
       1      13  -10.630580191   -9.679444716
       1      14  -10.619139230   -9.358512940
       1      15  -10.254312652  -10.217082045
       1      16  -10.244391263  -10.101576544
       1      17   -9.147469381   -9.484712856
       1      18   -9.142133011   -9.363430064
       1      19   -8.577069099  -10.126995805
       1      20   -8.560053150   -9.916953875
       1      21   -7.703411575   -7.544319401
       1      22   -7.638034435   -7.450494479
       1      23   -7.117233711   -8.833046509
       1      24   -7.105353166   -8.898218838
       1      25   -5.867649078   -1.672807934
       1      26   -5.764835826   -1.532240742
       1      27   -3.108348349    0.016286500
       1      28   -3.088699207    0.019790516
       1      29   -2.527630791    6.454264554
       1      30   -2.424771700    9.330152234
       1      31   -2.018794585    2.800826419
       1      32   -2.013998835    2.886709619
       1      33   -0.900253024   -4.741328369
       1      34   -0.871190088   -3.953312703
       1      35    1.945957434   13.098904570
       1      36    1.983574292   12.414512900
       1      37    3.821253807    1.338787711
       1      38    3.848378687    6.718453803
       1      39    3.878471283  -13.546255334
       1      40    3.888884666    1.843570728
       1      41    4.941518943    5.283024868
       1      42    4.945467777    5.232371233
       1      43    5.062527089    4.907363085
       1      44    5.065571745    4.854434071
       1      45    5.970864770    5.432396517
       1      46    5.985594174    5.488060990
       1      47    7.712113010   16.400961415
       1      48    7.716258802   16.367458257
       1      49    8.225872222   14.182189565
       1      50    8.236317669   14.374102686
       1      51    9.059451274   23.478305879
       1      52    9.065221717   23.005749229
       1      53    9.639268581   13.684248223
       1      54    9.642215178   13.770907054
       1      55   10.407412589   23.613664493
       1      56   10.439781725   23.388906062
       1      57   11.974975151   24.277971045
       1      58   11.982251464   23.755478804
       1      59   13.134244054   33.865384953
       1      60   13.137581085   33.746981448
       1      61   13.174715710   27.838049502
       1      62   13.179383007   27.641793874
       1      63   14.314034622   32.554876871
       1      64   14.317391139   32.508915003
       1      65   14.782142110   32.230025910
       1      66   14.823552260   32.325974917
       1      67   15.868751901   63.787521335
       1      68   15.902550325   64.400280617
       1      69   16.231166470   30.672123408
       1      70   16.237861156   30.759798184
       1      71   16.957427236   33.623497855
       1      72   16.962781931   33.640976623
       1      73   17.403827458   54.936922593
       1      74   17.455875068   56.755395077
       1      75   17.926368673  115.532886607
       1      76   17.928265056  117.932644133
       1      77   18.305841035   79.809705066
       1      78   18.308607601   80.011520226
       1      79   19.025694917  112.408931654
       1      80   19.025790515  113.731125540
       1      81   19.939290726  141.452629531
       1      82   19.940018509  141.284361535
       1      83   19.999141948  104.482537247
       1      84   20.005202361  105.026168440
       1      85   21.135562412  185.003123465
       1      86   21.153870562  186.096131000
       1      87   21.528352898   76.717470711
       1      88   21.532876869   76.084104915
       1      89   22.096338146   68.393540792
       1      90   22.098262734   68.612918714
       1      91   22.640345418  127.798485907
       1      92   22.645732283  128.451093831
       1      93   22.798641256  157.729592566
       1      94   22.799418472  155.113823741
       1      95   23.679969858   85.483931467
       1      96   23.683930735   86.440470494
       1      97   23.952069605   57.354961685
       1      98   23.979217969   57.419508521
       1      99   24.160320032  132.726693391
       1     100   24.160687649  132.982609732
  0.500000000  0.500000000  0.000000000     100
       1       1  -65.500819120   26.140944645
       1       2  -65.500819120   30.321645546
       1       3  -42.217310307 -103.743465130
       1       4  -42.217310307  -88.742197424
       1       5  -39.734210340  -71.530936324
       1       6  -39.734210340  -68.997428153
       1       7  -39.546669197 -127.869594404
       1       8  -39.546669197 -113.638427423
       1       9  -17.504562396  -21.575370424
       1      10  -17.504562396  -21.520734159
       1      11  -17.384372904  -21.966545764
       1      12  -17.384372904  -22.039405496
       1      13  -11.087338381   -9.705078872
       1      14  -11.087338381   -9.764749811
       1      15  -10.190441484  -10.975556586
       1      16  -10.190441484  -10.973622155
       1      17   -9.410903925   -8.585810390
       1      18   -9.410903925   -8.752364178
       1      19   -8.453009964  -11.848166407
       1      20   -8.453009964  -12.010672318
       1      21   -7.297410931   -7.795280765
       1      22   -7.297410931   -7.807878981
       1      23   -6.243190519   -7.476050184
       1      24   -6.243190519   -7.429482972
       1      25   -5.976797725   -4.028913812
       1      26   -5.976797725   -4.001296537
       1      27   -3.055304258    4.279632538
       1      28   -3.055304258    2.479743303
       1      29   -2.541874120    1.816632146
       1      30   -2.541874120    2.445976711
       1      31   -1.458377710   23.822473382
       1      32   -1.458377710   22.808896670
       1      33   -1.066723170   -2.570507873
       1      34   -1.066723170   -2.478032541
       1      35    1.125871335    1.245945108
       1      36    1.125871335    1.187840400
       1      37    2.577515297    2.947946139
       1      38    2.577515297    3.266519739
       1      39    3.216071191    2.655326083
       1      40    3.216071191    2.793313275
       1      41    4.435338471    3.806322775
       1      42    4.435338471    3.761744836
       1      43    4.984539484    6.398575245
       1      44    4.984539484    6.377832167
       1      45    6.011769746    4.853337277
       1      46    6.011769746    4.753356435
       1      47    8.328525088   21.826070494
       1      48    8.328525088   21.815686825
       1      49    9.001862712   12.530854022
       1      50    9.001862712   12.924840024
       1      51   10.392909926   21.948088700
       1      52   10.392909926   21.208318456
       1      53   10.404017553   18.914709771
       1      54   10.404017553   19.300164204
       1      55   11.851126364   26.298867080
       1      56   11.851126364   26.322322513
       1      57   12.074706928   15.550120587
       1      58   12.074706928   15.580455425
       1      59   12.784665841   13.258409367
       1      60   12.784665841   13.025691135
       1      61   13.416474249   30.280775698
       1      62   13.416474249   30.168609618
       1      63   14.106290581   49.112103863
       1      64   14.106290581   48.814371467
       1      65   14.592491397   29.794835748
       1      66   14.592491397   29.619438767
       1      67   15.006408600   49.942832994
       1      68   15.006408600   50.407293590
       1      69   15.654713937   22.115059483
       1      70   15.654713937   22.061039525
       1      71   16.398691510   42.377988495
       1      72   16.398691510   42.408929769
       1      73   16.419676463   42.856914360
       1      74   16.419676463   42.233649514
       1      75   18.887435379   96.458753723
       1      76   18.887435379   95.805639770
       1      77   18.937912883   20.639738017
       1      78   18.937912883   20.116611786
       1      79   19.532499291  270.294201680
       1      80   19.532499291  270.320448909
       1      81   19.790918084   35.334667876
       1      82   19.790918084   34.709825592
       1      83   19.854084838  260.221220781
       1      84   19.854084838  260.084937989
       1      85   20.240113468   35.799314122
       1      86   20.240113468   35.805891951
       1      87   20.890375255  216.520940580
       1      88   20.890375255  216.485953030
       1      89   21.657671371  169.755603898
       1      90   21.657671371  169.688867331
       1      91   22.354583466   50.247898566
       1      92   22.354583466   50.272855268
       1      93   22.450993996   59.437296425
       1      94   22.450993996   59.678947606
       1      95   22.731798569   85.388042536
       1      96   22.731798569   85.566709217
       1      97   23.816730631   77.346331802
       1      98   23.816730631   77.292939195
       1      99   25.030316485   85.579089755
       1     100   25.030316485   85.650593567
  0.500000000  0.666666667  0.000000000     100
       1       1  -65.468366419   49.468807719
       1       2  -65.468363387   54.158964002
       1       3  -42.219224937  -94.804366847
       1       4  -42.204415845  -88.129526214
       1       5  -39.715678406  -75.856360890
       1       6  -39.696201243  -64.404339708
       1       7  -39.570622601 -106.058583664
       1       8  -39.568905173 -107.756939520
       1       9  -17.545460500  -22.683994508
       1      10  -17.506053944  -22.854045330
       1      11  -17.368634682  -22.903501417
       1      12  -17.365576723  -22.868338285
       1      13  -10.630580191   -9.679444716
       1      14  -10.619139230   -9.358512940
       1      15  -10.254312652  -10.217082045
       1      16  -10.244391263  -10.101576544
       1      17   -9.147469381   -9.484712856
       1      18   -9.142133011   -9.363430064
       1      19   -8.577069099  -10.126995805
       1      20   -8.560053150   -9.916953875
       1      21   -7.703411575   -7.544319401
       1      22   -7.638034435   -7.450494479
       1      23   -7.117233711   -8.833046509
       1      24   -7.105353166   -8.898218838
       1      25   -5.867649078   -1.672807934
       1      26   -5.764835826   -1.532240742
       1      27   -3.108348349    0.016286500
       1      28   -3.088699207    0.019790516
       1      29   -2.527630791    6.454264554
       1      30   -2.424771700    9.330152234
       1      31   -2.018794585    2.800826419
       1      32   -2.013998835    2.886709619
       1      33   -0.900253024   -4.741328369
       1      34   -0.871190088   -3.953312703
       1      35    1.945957434   13.098904570
       1      36    1.983574292   12.414512900
       1      37    3.821253807    1.338787711
       1      38    3.848378687    6.718453803
       1      39    3.878471283  -13.546255334
       1      40    3.888884666    1.843570728
       1      41    4.941518943    5.283024868
       1      42    4.945467777    5.232371233
       1      43    5.062527089    4.907363085
       1      44    5.065571745    4.854434071
       1      45    5.970864770    5.432396517
       1      46    5.985594174    5.488060990
       1      47    7.712113010   16.400961415
       1      48    7.716258802   16.367458257
       1      49    8.225872222   14.182189565
       1      50    8.236317669   14.374102686
       1      51    9.059451274   23.478305879
       1      52    9.065221717   23.005749229
       1      53    9.639268581   13.684248223
       1      54    9.642215178   13.770907054
       1      55   10.407412589   23.613664493
       1      56   10.439781725   23.388906062
       1      57   11.974975151   24.277971045
       1      58   11.982251464   23.755478804
       1      59   13.134244054   33.865384953
       1      60   13.137581085   33.746981448
       1      61   13.174715710   27.838049502
       1      62   13.179383007   27.641793874
       1      63   14.314034622   32.554876871
       1      64   14.317391139   32.508915003
       1      65   14.782142110   32.230025910
       1      66   14.823552260   32.325974917
       1      67   15.868751901   63.787521335
       1      68   15.902550325   64.400280617
       1      69   16.231166470   30.672123408
       1      70   16.237861156   30.759798184
       1      71   16.957427236   33.623497855
       1      72   16.962781931   33.640976623
       1      73   17.403827458   54.936922593
       1      74   17.455875068   56.755395077
       1      75   17.926368673  115.532886607
       1      76   17.928265056  117.932644133
       1      77   18.305841035   79.809705066
       1      78   18.308607601   80.011520226
       1      79   19.025694917  112.408931654
       1      80   19.025790515  113.731125540
       1      81   19.939290726  141.452629531
       1      82   19.940018509  141.284361535
       1      83   19.999141948  104.482537247
       1      84   20.005202361  105.026168440
       1      85   21.135562412  185.003123465
       1      86   21.153870562  186.096131000
       1      87   21.528352898   76.717470711
       1      88   21.532876869   76.084104915
       1      89   22.096338146   68.393540792
       1      90   22.098262734   68.612918714
       1      91   22.640345418  127.798485907
       1      92   22.645732283  128.451093831
       1      93   22.798641256  157.729592566
       1      94   22.799418472  155.113823741
       1      95   23.679969858   85.483931467
       1      96   23.683930735   86.440470494
       1      97   23.952069605   57.354961685
       1      98   23.979217969   57.419508521
       1      99   24.160320032  132.726693391
       1     100   24.160687649  132.982609732
  0.500000000  0.833333333  0.000000000     100
       1       1  -65.468366600   32.724862844
       1       2  -65.468363567   35.018186741
       1       3  -42.219224712  -72.120892725
       1       4  -42.204415625  -70.091654131
       1       5  -39.715678789  -62.660876778
       1       6  -39.696201831  -65.479379003
       1       7  -39.570621387  -70.285390437
       1       8  -39.568903758  -67.672723131
       1       9  -17.545461638  -21.587152882
       1      10  -17.506055078  -21.558527790
       1      11  -17.368640924  -24.558432739
       1      12  -17.365582958  -24.517144720
       1      13  -10.630583845  -12.153348924
       1      14  -10.619142865  -12.077673372
       1      15  -10.254307856  -10.767058067
       1      16  -10.244386492  -10.665354709
       1      17   -9.147467311   -7.082001691
       1      18   -9.142130868   -6.821961200
       1      19   -8.577057043   -5.731568542
       1      20   -8.560041223   -5.440730103
       1      21   -7.703406594   -7.011228877
       1      22   -7.638029444   -6.872158194
       1      23   -7.117241197  -11.329430521
       1      24   -7.105360459  -11.201172341
       1      25   -5.867653467   -1.051818921
       1      26   -5.764840641   -0.832356305
       1      27   -3.108350731    0.046200598
       1      28   -3.088701910   -0.059418236
       1      29   -2.527629756    6.160038341
       1      30   -2.424771390    8.104708196
       1      31   -2.018788807    8.236178484
       1      32   -2.013993072    8.201240624
       1      33   -0.900244801   -9.056969407
       1      34   -0.871181672   -6.971799375
       1      35    1.945955672    8.223784787
       1      36    1.983572578    7.530010770
       1      37    3.821253874    7.161997766
       1      38    3.848380294   10.232174038
       1      39    3.878471578    9.110616112
       1      40    3.888882829    6.213180509
       1      41    4.941538600    5.171197753
       1      42    4.945487580    5.112357011
       1      43    5.062532948    5.239163401
       1      44    5.065577789    5.201759058
       1      45    5.970859129    0.005179122
       1      46    5.985588262   -0.422346934
       1      47    7.712101591   17.522581565
       1      48    7.716247302   17.731339020
       1      49    8.225852357    8.814155588
       1      50    8.236297893    9.706893589
       1      51    9.059440951   20.018480374
       1      52    9.065211044   20.004948226
       1      53    9.639266471   10.434901615
       1      54    9.642213588   10.300753534
       1      55   10.407414919   21.128415166
       1      56   10.439784354   20.480740159
       1      57   11.974972680   21.364951956
       1      58   11.982249209   20.959615755
       1      59   13.134239574   35.351894576
       1      60   13.137576956   34.959406887
       1      61   13.174721052   24.855604079
       1      62   13.179388863   24.092846377
       1      63   14.314038413   34.886927177
       1      64   14.317394917   35.004406873
       1      65   14.782146712   31.079090704
       1      66   14.823557042   30.872108064
       1      67   15.868744399   65.178788829
       1      68   15.902542947   65.198368839
       1      69   16.231168140   27.435138193
       1      70   16.237862947   27.546955331
       1      71   16.957430118   30.815643557
       1      72   16.962784515   30.646779734
       1      73   17.403844498   49.710488151
       1      74   17.455892410   52.189923169
       1      75   17.926367643  113.304264985
       1      76   17.928264184  115.758860118
       1      77   18.305847770   79.331415167
       1      78   18.308614317   79.519789342
       1      79   19.025700272  110.015379836
       1      80   19.025795762  110.297856813
       1      81   19.939297968  140.496802403
       1      82   19.940025852  140.641139146
       1      83   19.999140064  101.274992284
       1      84   20.005200382  101.767448383
       1      85   21.135544614  168.410266339
       1      86   21.153852485  169.046859809
       1      87   21.528327358   74.976491000
       1      88   21.532851243   74.458046214
       1      89   22.096331472   71.961236564
       1      90   22.098256319   72.305014220
       1      91   22.640330365  131.816069666
       1      92   22.645717264  132.382074669
       1      93   22.798624192  174.602651266
       1      94   22.799402066  172.154766792
       1      95   23.679963226   92.719933598
       1      96   23.683924218   92.822971590
       1      97   23.952059764   56.859152835
       1      98   23.979208645   56.329440367
       1      99   24.160324106  138.159405532
       1     100   24.160691584  138.225017886
  0.666666667 -0.000000000  0.000000000     100
       1       1  -65.505203866   35.758093535
       1       2  -65.505203866   39.250809317
       1       3  -42.186762768 -119.385728715
       1       4  -42.186762763 -107.292934925
       1       5  -39.675142834 -103.253761546
       1       6  -39.675142832 -102.930642038
       1       7  -39.538429144 -112.697335217
       1       8  -39.538429143 -112.467882714
       1       9  -18.072903039  -23.013579045
       1      10  -18.072902980  -22.939775181
       1      11  -17.618197851  -27.270079666
       1      12  -17.618197844  -27.020008944
       1      13  -10.544596381   -7.348765480
       1      14  -10.544596286   -7.222266444
       1      15   -9.558853821  -11.485994294
       1      16   -9.558853753  -11.566208832
       1      17   -9.179243261  -10.616502896
       1      18   -9.179243232  -10.623780638
       1      19   -8.134596863   -3.324045788
       1      20   -8.134596741   -2.745343056
       1      21   -7.026315417   -9.017945368
       1      22   -7.026315409   -9.022903110
       1      23   -6.612773046   -7.992702390
       1      24   -6.612771194   -6.146811537
       1      25   -6.332733715   -1.693016175
       1      26   -6.332731676   -0.843054799
       1      27   -3.126286899    2.464760051
       1      28   -3.126285987    2.936648930
       1      29   -2.998806511    0.972621135
       1      30   -2.998805316    1.218406052
       1      31   -1.891623829   -5.984234681
       1      32   -1.891623304   -5.249642182
       1      33   -1.279014807    3.595730141
       1      34   -1.279014258    3.321791735
       1      35    2.651931222    2.884194357
       1      36    2.651931425    2.879164309
       1      37    2.909045578    5.399807856
       1      38    2.909045649    6.278048921
       1      39    3.282127589    0.924076353
       1      40    3.282128238    0.937371065
       1      41    5.167172424    4.395137307
       1      42    5.167172462    4.332678492
       1      43    5.582654396    4.159556058
       1      44    5.582655002    4.008560705
       1      45    7.149581436    8.619551434
       1      46    7.149581608    8.754387972
       1      47    7.620482321   20.645408953
       1      48    7.620482324   21.005212580
       1      49    7.714037748   11.923727780
       1      50    7.714038182   11.835283430
       1      51    9.159378983   11.653352637
       1      52    9.159378987   11.629883637
       1      53    9.701626526   25.269463051
       1      54    9.701626573   25.859145990
       1      55   10.083474954    8.975021993
       1      56   10.083475170    8.740958814
       1      57   10.160897919   17.596403240
       1      58   10.160898036   18.515947923
       1      59   12.372287144   -0.228712509
       1      60   12.372287156   -1.441487107
       1      61   13.551372923   30.383044319
       1      62   13.551372950   30.562389456
       1      63   13.877355903   47.715263636
       1      64   13.877356240   47.567638238
       1      65   14.834136256   97.093589588
       1      66   14.834136350   97.842529903
       1      67   15.592296732   87.913936107
       1      68   15.592296793   87.929056471
       1      69   16.262767917   21.855164598
       1      70   16.262768208   21.827293335
       1      71   17.047678931   23.476039821
       1      72   17.047679201   23.964961827
       1      73   17.205224188   71.804544955
       1      74   17.205224198   71.997141425
       1      75   17.670259399  235.646763426
       1      76   17.670259469  235.069268781
       1      77   19.471022890   62.362849438
       1      78   19.471023089   62.048617621
       1      79   19.564059151   50.707416025
       1      80   19.564059265   50.708168322
       1      81   19.767100725   32.019308818
       1      82   19.767100796   32.003553447
       1      83   20.779953873  129.460396175
       1      84   20.779953887  129.580302253
       1      85   21.104216288   33.621468386
       1      86   21.104216808   34.699332578
       1      87   21.222122081   63.881945267
       1      88   21.222123216   64.912554794
       1      89   22.748402406   82.347800204
       1      90   22.748403274   82.940166953
       1      91   22.758943779  133.426300443
       1      92   22.758945279  134.322680130
       1      93   22.917925159   39.742258330
       1      94   22.917928092   40.005697120
       1      95   22.949454373  109.248461652
       1      96   22.949454478  109.058660388
       1      97   24.063735483   56.696017291
       1      98   24.063736129   56.125180074
       1      99   24.084712276  103.285182774
       1     100   24.084712667  103.650621709
  0.666666667  0.166666667  0.000000000     100
       1       1  -65.453769814    6.292920704
       1       2  -65.453768010   14.746163792
       1       3  -42.170480382  -99.934514365
       1       4  -42.163240224 -114.163476409
       1       5  -39.636360393  -97.993423386
       1       6  -39.634235656 -104.453735096
       1       7  -39.534290430  -95.447003608
       1       8  -39.525880572 -101.894359492
       1       9  -18.334012013  -23.477713019
       1      10  -18.318232766  -23.577165029
       1      11  -17.722537494  -24.776555338
       1      12  -17.721167056  -24.694262414
       1      13  -10.245734102   -8.112566895
       1      14  -10.220716841   -8.432509928
       1      15   -9.056407745   -8.270120115
       1      16   -9.046129580   -8.125968951
       1      17   -9.017568223   -8.067858012
       1      18   -8.988060870   -8.144483839
       1      19   -8.542471929   -9.081634644
       1      20   -8.516202011   -9.105483457
       1      21   -7.289164228   -4.695317007
       1      22   -7.213014723   -4.896720734
       1      23   -6.417987154   -9.742567243
       1      24   -6.383178804  -10.051625505
       1      25   -6.168053959   -2.969914260
       1      26   -6.099039488   -2.820059530
       1      27   -3.445812606    3.051464836
       1      28   -3.384031028    3.285009622
       1      29   -2.847931394    1.102704539
       1      30   -2.831977135    1.209038296
       1      31   -2.645251215    3.494227494
       1      32   -2.592543011    3.265226375
       1      33   -1.170750122    0.951706467
       1      34   -1.137572697    0.297188419
       1      35    3.626558384    5.933635958
       1      36    3.659791258    5.638830270
       1      37    4.108830250    5.921987075
       1      38    4.114099055    5.907302124
       1      39    4.242547653   10.149228265
       1      40    4.333530073    8.688194932
       1      41    4.972503544    6.661844516
       1      42    4.977818877    6.345325309
       1      43    5.116613944    6.825395456
       1      44    5.119133548    6.984855336
       1      45    6.377229130  -12.925016752
       1      46    6.460980021  -14.915784053
       1      47    6.974873635    2.864001924
       1      48    7.009346156    1.963780563
       1      49    7.026516249    5.184149109
       1      50    7.073715742    8.068083490
       1      51    7.846985155   16.357099874
       1      52    7.849613431   16.164349075
       1      53    9.209831366   20.723840658
       1      54    9.248769394   19.481087886
       1      55    9.762892009   11.414433097
       1      56    9.769428036   11.059232837
       1      57   10.615501500   27.889215586
       1      58   10.660549232   28.921381640
       1      59   12.076225949   15.606189032
       1      60   12.097788232   15.438605479
       1      61   14.435833047  111.977282716
       1      62   14.441032930  115.788914059
       1      63   15.090692579   37.241838985
       1      64   15.093922141   39.517364361
       1      65   15.220723803   74.473325179
       1      66   15.223436355   74.278518842
       1      67   15.554056193   60.825832094
       1      68   15.554319403   60.706651213
       1      69   15.934145885   39.951537284
       1      70   15.970725862   38.789250520
       1      71   16.783727110   28.429150703
       1      72   16.785560378   28.030627908
       1      73   16.917463374  151.888868675
       1      74   16.921488779  155.553315313
       1      75   17.693828839   85.859783606
       1      76   17.743620429   79.580998281
       1      77   18.030562256   86.156234389
       1      78   18.035045832   86.115839994
       1      79   19.504269627   31.684620241
       1      80   19.513762471   29.430918690
       1      81   19.632756561   39.005790278
       1      82   19.640337343   41.471152626
       1      83   19.713690238   56.956052951
       1      84   19.760138112   56.360487599
       1      85   21.307640537   43.799528354
       1      86   21.392883622   46.585255112
       1      87   21.447627020   63.047369060
       1      88   21.468242527   62.910865195
       1      89   22.135008829  167.860299749
       1      90   22.137841146  167.678901937
       1      91   22.483375526   68.734744357
       1      92   22.486110996   68.155703684
       1      93   23.579826471   40.826989426
       1      94   23.587959216   40.044030793
       1      95   23.734389198   44.110078211
       1      96   23.740278564   43.758731767
       1      97   24.301637503  100.268546354
       1      98   24.324377213  102.836013195
       1      99   24.372064864   78.352605113
       1     100   24.374803409   77.633613747
  0.666666667  0.333333333  0.000000000     100
       1       1  -65.505203779   21.109430171
       1       2  -65.505203779   25.024864128
       1       3  -42.186763105  -82.652589008
       1       4  -42.186763064  -86.512795203
       1       5  -39.675141881  -59.274402176
       1       6  -39.675141852  -59.730612749
       1       7  -39.538431369 -106.749536489
       1       8  -39.538431340 -109.942582788
       1       9  -18.072901238  -21.411021418
       1      10  -18.072901183  -21.404346735
       1      11  -17.618189700  -22.629597418
       1      12  -17.618189695  -22.624631983
       1      13  -10.544596133  -10.378383056
       1      14  -10.544596091  -10.288766704
       1      15   -9.558852052   -9.705022148
       1      16   -9.558852041   -9.872395718
       1      17   -9.179241529   -8.221707441
       1      18   -9.179241496   -8.209837936
       1      19   -8.134622887  -11.496606616
       1      20   -8.134622886  -11.291458385
       1      21   -7.026308582   -9.257096777
       1      22   -7.026308566   -9.324958533
       1      23   -6.612785008   -5.734620998
       1      24   -6.612783777   -5.854615837
       1      25   -6.332716879   -4.098771198
       1      26   -6.332715506   -4.117502447
       1      27   -3.126293712    3.034789985
       1      28   -3.126293088   -0.058879034
       1      29   -2.998807650    3.196826512
       1      30   -2.998806955    1.931454921
       1      31   -1.891639102    3.515845185
       1      32   -1.891638835    4.280530633
       1      33   -1.279011594   -7.917152949
       1      34   -1.279011300   -9.229070294
       1      35    2.651932320    6.827437189
       1      36    2.651932361   12.626641378
       1      37    2.909044285    3.354839586
       1      38    2.909044300    3.386805910
       1      39    3.282125733   -5.860953767
       1      40    3.282125757  -20.720346899
       1      41    5.167167782    4.361095765
       1      42    5.167167793    4.249596156
       1      43    5.582668184    3.820558543
       1      44    5.582668222    4.041160667
       1      45    7.149567927    7.883598275
       1      46    7.149568035    7.774426453
       1      47    7.620489861   19.371957504
       1      48    7.620489863   19.270741698
       1      49    7.714046550   12.032477174
       1      50    7.714046833   12.305614580
       1      51    9.159369427   10.580010639
       1      52    9.159369460   10.586821161
       1      53    9.701641888   24.591446663
       1      54    9.701642411   25.430366746
       1      55   10.083466266   13.028333615
       1      56   10.083466619   13.291011163
       1      57   10.160915030   13.766889541
       1      58   10.160915126   14.009436190
       1      59   12.372288041   18.935100395
       1      60   12.372288064   18.854180907
       1      61   13.551377259   26.848949422
       1      62   13.551377260   26.738895396
       1      63   13.877351206   47.408796207
       1      64   13.877351229   47.725429512
       1      65   14.834153149  104.764010893
       1      66   14.834153206  104.863373350
       1      67   15.592304564   82.974208662
       1      68   15.592304582   82.959442759
       1      69   16.262737528   19.157480891
       1      70   16.262737549   19.294736224
       1      71   17.047669768   24.625130179
       1      72   17.047669894   24.531202922
       1      73   17.205227739   67.300439878
       1      74   17.205227741   67.310538398
       1      75   17.670258672  240.497633362
       1      76   17.670258684  240.569216495
       1      77   19.471042924   68.793730291
       1      78   19.471043112   68.938108770
       1      79   19.564078517   50.542704582
       1      80   19.564078589   50.498481986
       1      81   19.767083802   31.530460345
       1      82   19.767083852   31.549557998
       1      83   20.779972610  131.963731108
       1      84   20.779972634  131.777919712
       1      85   21.104206586   35.097827577
       1      86   21.104207941   32.900427172
       1      87   21.222151385   66.531185938
       1      88   21.222152778   63.817128692
       1      89   22.748398942   91.366521838
       1      90   22.748398998   91.036871644
       1      91   22.758947851  145.668158065
       1      92   22.758948046  145.350723855
       1      93   22.917936514   40.673326080
       1      94   22.917936703   40.480738239
       1      95   22.949458548  108.979392011
       1      96   22.949458609  109.105982204
       1      97   24.063724352   63.906176289
       1      98   24.063725214   63.704841544
       1      99   24.084720520  101.843428012
       1     100   24.084720993  101.824458512
  0.666666667  0.500000000  0.000000000     100
       1       1  -65.468366296   13.052028436
       1       2  -65.468363264   19.155679897
       1       3  -42.219225026  -80.358134754
       1       4  -42.204415975  -70.559475560
       1       5  -39.715678627  -74.888140567
       1       6  -39.696201505  -61.022091110
       1       7  -39.570622578  -73.619002958
       1       8  -39.568905166  -78.284364927
       1       9  -17.545459325  -23.701739717
       1      10  -17.506052823  -23.884404392
       1      11  -17.368633908  -21.313123939
       1      12  -17.365575954  -21.400960461
       1      13  -10.630582318  -10.999438069
       1      14  -10.619141405  -11.025679441
       1      15  -10.254313400  -14.708969047
       1      16  -10.244392012  -15.271470972
       1      17   -9.147469612   -9.133312906
       1      18   -9.142133327   -9.078141795
       1      19   -8.577071065  -11.081249220
       1      20   -8.560055102  -10.949795260
       1      21   -7.703408159   -8.437874291
       1      22   -7.638030978   -8.342142584
       1      23   -7.117231765   -8.245847667
       1      24   -7.105351210   -8.160578739
       1      25   -5.867652862   -3.544520997
       1      26   -5.764839768   -3.576294247
       1      27   -3.108347546   -1.506297568
       1      28   -3.088699042   -1.599624460
       1      29   -2.527624443    8.381919667
       1      30   -2.424766107   10.419925561
       1      31   -2.018797234   -3.471444786
       1      32   -2.014001765   -4.045657884
       1      33   -0.900250676    5.972524336
       1      34   -0.871188039    6.108974144
       1      35    1.945954206   -9.135725446
       1      36    1.983570973   -3.147826747
       1      37    3.821254155   18.184863140
       1      38    3.848376290    5.498838338
       1      39    3.878469570    6.927339690
       1      40    3.888885677    9.490226181
       1      41    4.941518575    5.258449699
       1      42    4.945467259    5.298274281
       1      43    5.062526162  -92.330258108
       1      44    5.065570796    1.994168629
       1      45    5.970862872    4.615329122
       1      46    5.985592249    4.541952731
       1      47    7.712110255   13.761084705
       1      48    7.716255999   13.770372238
       1      49    8.225864096   11.742269696
       1      50    8.236309590   12.212080181
       1      51    9.059452322   15.871404980
       1      52    9.065222597   15.850723769
       1      53    9.639266914   12.399332549
       1      54    9.642213683   11.534677473
       1      55   10.407410558   22.553663723
       1      56   10.439780022   22.447878205
       1      57   11.974971900   19.482630399
       1      58   11.982248278   18.574793659
       1      59   13.134246552   36.631437359
       1      60   13.137583513   35.959797520
       1      61   13.174716532   25.315340088
       1      62   13.179383878   24.913703518
       1      63   14.314039771   32.903232117
       1      64   14.317396255   32.866547356
       1      65   14.782152333   31.824011695
       1      66   14.823562084   32.011785544
       1      67   15.868757686   68.465104730
       1      68   15.902556264   68.604167489
       1      69   16.231175146   33.378785922
       1      70   16.237869751   33.227793697
       1      71   16.957433471   36.196187296
       1      72   16.962788225   35.419411017
       1      73   17.403831638   53.401097716
       1      74   17.455878987   55.664029962
       1      75   17.926377886  113.213071514
       1      76   17.928273858  114.930737845
       1      77   18.305840093   78.202744221
       1      78   18.308606662   78.188882005
       1      79   19.025693163  117.611019104
       1      80   19.025788725  118.490665680
       1      81   19.939287102  134.649137006
       1      82   19.940014863  134.662053567
       1      83   19.999146863  104.926334864
       1      84   20.005207262  105.797328581
       1      85   21.135561010  191.229395569
       1      86   21.153869060  192.023963356
       1      87   21.528340742   79.865365952
       1      88   21.532864693   79.293857876
       1      89   22.096326391   61.636687313
       1      90   22.098251101   62.090794316
       1      91   22.640343876  130.407858930
       1      92   22.645730748  131.234391513
       1      93   22.798633480  145.737781044
       1      94   22.799410300  143.598650243
       1      95   23.679960270   97.759174600
       1      96   23.683920930   98.179623814
       1      97   23.952069636   71.637324252
       1      98   23.979217309   71.286790953
       1      99   24.160327664  134.808940578
       1     100   24.160695305  135.014322103
  0.666666667  0.666666667  0.000000000     100
       1       1  -65.401753232   14.527072766
       1       2  -65.401749094   23.505407424
       1       3  -42.229734810  -83.511343733
       1       4  -42.207313108  -70.209097163
       1       5  -39.712518226  -61.704689126
       1       6  -39.665405234  -43.191802357
       1       7  -39.615869881  -97.029738690
       1       8  -39.600707828  -89.426070377
       1       9  -17.264210545  -21.574769097
       1      10  -17.213288676  -22.134184130
       1      11  -17.209745784  -22.070924250
       1      12  -17.200955503  -21.447768981
       1      13  -10.766230515  -16.452209920
       1      14  -10.757805370  -14.607518766
       1      15   -9.906111968  -10.895195234
       1      16   -9.870739461  -10.647619737
       1      17   -9.445776373  -10.056576231
       1      18   -9.385694983   -9.951766503
       1      19   -8.878069542  -10.666765972
       1      20   -8.854907927  -10.431060975
       1      21   -8.284119062  -11.519052558
       1      22   -8.234565690  -11.426469052
       1      23   -7.583150391   -8.378355804
       1      24   -7.561274110   -8.498095335
       1      25   -5.409090880    1.388346969
       1      26   -5.275092823   -0.047590265
       1      27   -3.542934650   -0.380157488
       1      28   -3.539281196   -0.358350984
       1      29   -2.366516209    4.952833091
       1      30   -2.336866686    5.312555152
       1      31   -1.816692222    9.540019134
       1      32   -1.687884614    7.930248153
       1      33   -0.441932471   -0.411078008
       1      34   -0.365452991   -0.496982069
       1      35    2.027516857    5.698137760
       1      36    2.166008768    8.498253258
       1      37    2.546329127    8.446800515
       1      38    2.549616344    7.066693892
       1      39    4.795570522    9.942963675
       1      40    4.805630221    9.517334016
       1      41    5.763804509    7.307571697
       1      42    5.819486002    7.642225223
       1      43    6.369918835    8.330421110
       1      44    6.388269544    8.339671982
       1      45    7.152657463    9.714375761
       1      46    7.168996275    9.772057929
       1      47    7.275097520    6.767650386
       1      48    7.335305890    6.998599904
       1      49    7.705667157   -4.018901617
       1      50    7.735533227   -4.385441298
       1      51    7.753142252    7.682866599
       1      52    7.772106905    7.123755390
       1      53    9.011498321   21.714329815
       1      54    9.011504100   21.691678354
       1      55   10.574250771   19.679918207
       1      56   10.635186288   19.933284533
       1      57   11.716411868   16.280101036
       1      58   11.720744490   15.069934729
       1      59   12.955239129   32.373597907
       1      60   12.958488642   31.558134252
       1      61   13.252670979   24.708822118
       1      62   13.342426943   38.878261165
       1      63   13.364059125   34.399524033
       1      64   13.476003109   19.031720868
       1      65   14.107594893   25.186232542
       1      66   14.113370200   25.132518816
       1      67   14.875278640   47.131288388
       1      68   14.890625954   47.196925218
       1      69   15.448254296   49.812450057
       1      70   15.467092805   50.092571074
       1      71   17.704694913   89.407722515
       1      72   17.719314414   89.558462989
       1      73   19.267539814   28.176488467
       1      74   19.267694511   28.070306003
       1      75   20.137514347   50.917543176
       1      76   20.164076391   54.567588637
       1      77   20.174200636   32.891011834
       1      78   20.177655376   32.303257797
       1      79   20.213239053   87.426128705
       1      80   20.220904859   87.957543746
       1      81   20.465450049  257.486734045
       1      82   20.480211474  259.936112296
       1      83   20.512609219  205.498366903
       1      84   20.520725938   47.533539667
       1      85   20.526787537  240.560259297
       1      86   20.554461068   77.283503979
       1      87   21.406837736   71.543995328
       1      88   21.420543111   72.399004809
       1      89   21.673205874  151.711570603
       1      90   21.673823650  151.581534161
       1      91   21.730669360  239.744224622
       1      92   21.732628658  239.828439156
       1      93   22.792822354   37.162956983
       1      94   22.797309824   35.619172033
       1      95   22.829911326   55.113915743
       1      96   22.891090730   51.051564339
       1      97   23.836683849  221.610246057
       1      98   23.839576129  220.778692252
       1      99   23.928701873  149.805417655
       1     100   23.929767792  148.573882397
  0.666666667  0.833333333  0.000000000     100
       1       1  -65.468366689    5.371694225
       1       2  -65.468363656    3.523845877
       1       3  -42.219224668  -66.550742892
       1       4  -42.204415575  -55.688621345
       1       5  -39.715678846  -48.754477842
       1       6  -39.696201914  -49.787186231
       1       7  -39.570621182  -67.425262365
       1       8  -39.568903522  -68.301495527
       1       9  -17.545461689  -22.906436388
       1      10  -17.506055203  -22.755350575
       1      11  -17.368643223  -23.883433810
       1      12  -17.365585265  -23.882809588
       1      13  -10.630581076  -11.119945540
       1      14  -10.619140277  -11.094811807
       1      15  -10.254301738  -10.812627570
       1      16  -10.244380327  -10.766773701
       1      17   -9.147469283   -7.485150836
       1      18   -9.142132866   -5.821613673
       1      19   -8.577061976   -8.768203134
       1      20   -8.560046197   -8.555618575
       1      21   -7.703404923   -8.751425669
       1      22   -7.638027538   -8.645818481
       1      23   -7.117238941   -8.509311289
       1      24   -7.105358123   -8.487567081
       1      25   -5.867652473   -0.391594375
       1      26   -5.764839325   -0.531756513
       1      27   -3.108351221    0.123303255
       1      28   -3.088701543    0.376181180
       1      29   -2.527641198    1.994283708
       1      30   -2.424781769    2.525459234
       1      31   -2.018800087    8.173918509
       1      32   -2.014004569    7.551284928
       1      33   -0.900226914   -1.790858041
       1      34   -0.871164047   -1.874067819
       1      35    1.945958135    4.394070619
       1      36    1.983574400    4.128141951
       1      37    3.821262050   21.214243545
       1      38    3.848385950    5.943396407
       1      39    3.878478191    6.987980939
       1      40    3.888893260  -31.167206101
       1      41    4.941524095    5.139844379
       1      42    4.945472253    5.012455710
       1      43    5.062527241    0.375190984
       1      44    5.065572161    1.163896793
       1      45    5.970866855    2.772809616
       1      46    5.985595484    2.864066549
       1      47    7.712100825   15.996555611
       1      48    7.716246583   16.029831874
       1      49    8.225860132    5.442420659
       1      50    8.236305944    5.625688150
       1      51    9.059438098   12.143046110
       1      52    9.065208249   11.584171537
       1      53    9.639270192    7.434199448
       1      54    9.642217313    7.549541776
       1      55   10.407411344   17.548156717
       1      56   10.439780432   17.400963518
       1      57   11.974981064   24.361451965
       1      58   11.982257657   23.250113704
       1      59   13.134238188   38.567495207
       1      60   13.137575271   37.883816165
       1      61   13.174711063   22.122994206
       1      62   13.179378155   21.557170662
       1      63   14.314031119   34.453251743
       1      64   14.317387615   34.358333470
       1      65   14.782139284   29.995479101
       1      66   14.823550460   30.282825313
       1      67   15.868745494   63.603023866
       1      68   15.902543484   63.449394434
       1      69   16.231161091   29.718068210
       1      70   16.237856033   29.719297977
       1      71   16.957425829   30.255259607
       1      72   16.962780176   30.197086359
       1      73   17.403845739   49.467352166
       1      74   17.455893750   51.588267267
       1      75   17.926363247  113.946102337
       1      76   17.928260075  116.358593950
       1      77   18.305843035   80.221724530
       1      78   18.308609600   80.498563004
       1      79   19.025699092  113.788016049
       1      80   19.025794888  114.576838147
       1      81   19.939298892  139.857642829
       1      82   19.940026786  139.874189764
       1      83   19.999127341  100.945504414
       1      84   20.005187620  101.279529640
       1      85   21.135548752  170.369289814
       1      86   21.153856705  170.981114407
       1      87   21.528349243   72.941161684
       1      88   21.532873135   72.291159066
       1      89   22.096332881   62.783511921
       1      90   22.098257473   63.231908007
       1      91   22.640335620  130.907351623
       1      92   22.645722551  131.574562510
       1      93   22.798630801  167.394990098
       1      94   22.799409241  165.117692433
       1      95   23.679967164   88.982218972
       1      96   23.683928291   89.326091098
       1      97   23.952065754   69.627084829
       1      98   23.979215551   69.505945534
       1      99   24.160319351  134.782406615
       1     100   24.160686683  134.898068906
  0.833333333  0.000000000  0.000000000     100
       1       1  -65.465979682   46.628387944
       1       2  -65.465979682   45.107328168
       1       3  -42.126170675 -129.116565612
       1       4  -42.126170673 -107.276823499
       1       5  -39.593525857 -122.132786659
       1       6  -39.593525856 -131.614013809
       1       7  -39.464892955  -79.149705354
       1       8  -39.464892954 -101.874615676
       1       9  -18.989633417  -22.539172591
       1      10  -18.989633367  -22.522292604
       1      11  -18.014213485  -25.979709327
       1      12  -18.014213480  -25.794920894
       1      13  -10.482477216  -10.753453898
       1      14  -10.482477174  -10.685981374
       1      15   -8.606809808   -6.516114767
       1      16   -8.606809638   -6.567759838
       1      17   -8.256219752   -9.143307934
       1      18   -8.256219555   -9.110138321
       1      19   -7.436873156   -5.576727336
       1      20   -7.436872986   -5.783473932
       1      21   -7.317408711   -2.529374182
       1      22   -7.317408656   -2.598780413
       1      23   -6.409759282  -10.484373022
       1      24   -6.409759264  -10.439759802
       1      25   -5.682866733   -1.380853984
       1      26   -5.682866656   -1.376436420
       1      27   -3.039488288    2.109473524
       1      28   -3.039486540    2.436962878
       1      29   -2.737498654   -1.812068118
       1      30   -2.737495895   -1.664086064
       1      31   -2.697294882   -4.491585718
       1      32   -2.697293754   -4.800859572
       1      33   -1.968034012    2.276797899
       1      34   -1.968033642    1.901330677
       1      35    2.575037673    3.031034993
       1      36    2.575038051    3.110818570
       1      37    4.137791616    7.051096457
       1      38    4.137791642    6.925033555
       1      39    4.498557148   14.804529115
       1      40    4.498557153   15.929917478
       1      41    5.011362468    5.814134483
       1      42    5.011363285    5.733049069
       1      43    5.208688709   -2.650362066
       1      44    5.208688768   -2.746835377
       1      45    6.274227824    9.290965715
       1      46    6.274227863    9.268684059
       1      47    6.755130638    5.806828354
       1      48    6.755131033    5.983648084
       1      49    7.214021645   -7.721781646
       1      50    7.214021899   -6.821236546
       1      51    7.784817077    6.182120866
       1      52    7.784817108    6.170906171
       1      53    9.124079809    8.315887218
       1      54    9.124079875    9.285336605
       1      55    9.888666613   10.427980604
       1      56    9.888667418   10.086092385
       1      57   10.280450774   33.684666764
       1      58   10.280451378   32.357806829
       1      59   11.412545330    0.819284086
       1      60   11.412545401    1.173503609
       1      61   12.579019596   87.211580694
       1      62   12.579019740   87.192183111
       1      63   13.626942959   39.233060069
       1      64   13.626942961   39.208801377
       1      65   15.232392446  138.831933156
       1      66   15.232392478  138.705898386
       1      67   15.261275488  113.802574449
       1      68   15.261275582  113.676920178
       1      69   16.200358583  165.859597462
       1      70   16.200358690  165.487406697
       1      71   16.815706575   32.596461202
       1      72   16.815706587   32.527903857
       1      73   17.301572764   29.782913745
       1      74   17.301573107   29.063362201
       1      75   17.627879432   32.834754610
       1      76   17.627881233   31.155350745
       1      77   18.613611057   41.279728225
       1      78   18.613613704   44.083580433
       1      79   18.800913256   21.680935722
       1      80   18.800914429   24.531116841
       1      81   19.943900257   28.858988682
       1      82   19.943900575   28.273122113
       1      83   20.086127036   29.008085989
       1      84   20.086127091   29.089887881
       1      85   21.051088471   37.916106739
       1      86   21.051088535   38.498739301
       1      87   21.767445912  240.928171033
       1      88   21.767445923  240.957603613
       1      89   21.956554249   57.860196673
       1      90   21.956554554   57.634215361
       1      91   22.406956963   78.409794067
       1      92   22.406957233   78.570201707
       1      93   24.302513342   55.003895271
       1      94   24.302513664   54.220813349
       1      95   24.837749197   51.932823737
       1      96   24.837749616   52.121970363
       1      97   24.923426585   32.946729447
       1      98   24.923426970   33.455523947
       1      99   25.307750076   47.419035606
       1     100   25.307750124   47.530918377
  0.833333333  0.166666667  0.000000000     100
       1       1  -65.465979527   41.299726112
       1       2  -65.465979527   44.625452679
       1       3  -42.126170799 -110.367157474
       1       4  -42.126170759 -119.608432757
       1       5  -39.593525267 -113.085645588
       1       6  -39.593525240 -115.412580445
       1       7  -39.464894048  -88.345399849
       1       8  -39.464893965 -108.689425975
       1       9  -18.989632811  -22.503638412
       1      10  -18.989632768  -22.452803679
       1      11  -18.014211285  -24.049211281
       1      12  -18.014211282  -24.333220950
       1      13  -10.482477430  -10.239116150
       1      14  -10.482477401  -10.290314430
       1      15   -8.606804696   -0.305229414
       1      16   -8.606804633   -1.876891681
       1      17   -8.256205000   -5.622250670
       1      18   -8.256204900   -5.787721471
       1      19   -7.436882538   -5.400714911
       1      20   -7.436882530   -5.480010988
       1      21   -7.317434944   -9.986353820
       1      22   -7.317434737   -9.900051057
       1      23   -6.409754485   -9.919584113
       1      24   -6.409754412   -9.744674011
       1      25   -5.682858165   -1.440019548
       1      26   -5.682858045   -1.381910849
       1      27   -3.039476395    3.405743790
       1      28   -3.039476181    2.874765163
       1      29   -2.737514092    1.077629844
       1      30   -2.737513856    0.438545936
       1      31   -2.697309650    1.469855165
       1      32   -2.697309583    1.885293645
       1      33   -1.968022083   -3.868356262
       1      34   -1.968021888   -3.184988237
       1      35    2.575039823    3.072983777
       1      36    2.575039953    3.025156576
       1      37    4.137786653    7.006630515
       1      38    4.137786657    7.370283574
       1      39    4.498559170    5.980665245
       1      40    4.498559178    6.061407243
       1      41    5.011375663    5.433262379
       1      42    5.011375758    5.373833722
       1      43    5.208688312    6.403342090
       1      44    5.208688324    6.261672764
       1      45    6.274245821    6.128502968
       1      46    6.274245840    6.185055830
       1      47    6.755119322    6.651824395
       1      48    6.755119461    6.936276950
       1      49    7.214025121   -6.821664775
       1      50    7.214025123   -7.674507871
       1      51    7.784789290   11.312665112
       1      52    7.784789322   11.276092423
       1      53    9.124073693    7.543434225
       1      54    9.124073746    7.486407590
       1      55    9.888652442   13.040977976
       1      56    9.888653021   17.108209634
       1      57   10.280468785   28.602416075
       1      58   10.280469076   31.326730909
       1      59   11.412547591   17.795842479
       1      60   11.412547615   17.577598456
       1      61   12.579027035   90.640601852
       1      62   12.579027040   90.743118056
       1      63   13.626960449   37.057108339
       1      64   13.626960461   37.046097264
       1      65   15.232398627  139.081691123
       1      66   15.232398651  139.070750413
       1      67   15.261285183  112.445434574
       1      68   15.261285210  112.234136585
       1      69   16.200348111  163.632308251
       1      70   16.200348122  163.990974708
       1      71   16.815712942   18.239757389
       1      72   16.815712993   17.335996603
       1      73   17.301589012   31.063430308
       1      74   17.301589135   30.651265684
       1      75   17.627894994   35.786830470
       1      76   17.627895427   34.635002893
       1      77   18.613624056   41.018534104
       1      78   18.613625377   41.364370711
       1      79   18.800892038   21.597992570
       1      80   18.800893244   22.218035684
       1      81   19.943875562   32.006700475
       1      82   19.943876217   31.845606302
       1      83   20.086100147   32.307339544
       1      84   20.086100180   32.267875799
       1      85   21.051086457   40.241031450
       1      86   21.051086497   40.153461292
       1      87   21.767448337  242.495505576
       1      88   21.767448338  242.488671407
       1      89   21.956562666   60.775913047
       1      90   21.956562943   60.642348595
       1      91   22.406965473   82.818971707
       1      92   22.406965813   82.810517916
       1      93   24.302514657   49.988751237
       1      94   24.302514787   50.680689494
       1      95   24.837782306   49.509102115
       1      96   24.837782792   50.076741055
       1      97   24.923395169   38.796181629
       1      98   24.923395681   39.184142301
       1      99   25.307746207   47.157139965
       1     100   25.307746283   46.970023763
  0.833333333  0.333333333  0.000000000     100
       1       1  -65.453769588   14.490006012
       1       2  -65.453767784   17.339430901
       1       3  -42.170480528  -87.850196452
       1       4  -42.163240451  -80.273949875
       1       5  -39.636360404  -74.467320629
       1       6  -39.634235664  -75.930015792
       1       7  -39.534290873  -90.064431729
       1       8  -39.525881131  -81.740439312
       1       9  -18.334010246  -23.559107942
       1      10  -18.318231096  -23.607471855
       1      11  -17.722536141  -21.495119161
       1      12  -17.721165710  -21.570083695
       1      13  -10.245734536  -11.517064144
       1      14  -10.220717289  -11.272026934
       1      15   -9.056407288   -8.907597227
       1      16   -9.046129217   -8.901820297
       1      17   -9.017569392 -165.272761409
       1      18   -8.988062058  -54.112348919
       1      19   -8.542473732   -8.253804100
       1      20   -8.516203849   -8.363546783
       1      21   -7.289162490   -4.907212906
       1      22   -7.213012961   -4.879181959
       1      23   -6.417985922   -9.707337861
       1      24   -6.383177493   -9.855099126
       1      25   -6.168057188   -2.785674694
       1      26   -6.099043121   -2.728173018
       1      27   -3.445812615    3.057919697
       1      28   -3.384031116    2.763560196
       1      29   -2.847928885    2.101009285
       1      30   -2.831974625    2.077959559
       1      31   -2.645256786   -4.601789729
       1      32   -2.592548728   -5.173726990
       1      33   -1.170746492   10.672870291
       1      34   -1.137569042    8.235235383
       1      35    3.626557632   28.524817650
       1      36    3.659790283   22.385861560
       1      37    4.108825304    5.432502406
       1      38    4.114094093    5.454286697
       1      39    4.242545570    5.988176448
       1      40    4.333528322    5.593930223
       1      41    4.972503005    5.828988794
       1      42    4.977818154    5.968368378
       1      43    5.116610828    8.187853425
       1      44    5.119130334    9.345285602
       1      45    6.377225528  -16.815088106
       1      46    6.460976392  -20.071921573
       1      47    6.974872449   10.501497054
       1      48    7.009343513    9.805188959
       1      49    7.026518021   11.947426694
       1      50    7.073719463   14.894000977
       1      51    7.846986164   19.392245166
       1      52    7.849614407   19.227272927
       1      53    9.209835598   17.998399889
       1      54    9.248773932   17.386799863
       1      55    9.762894759    3.536638076
       1      56    9.769430820    3.434782431
       1      57   10.615497296   23.290055543
       1      58   10.660545350   24.799491174
       1      59   12.076228180   22.925431997
       1      60   12.097790442   22.463649143
       1      61   14.435838294  111.454747052
       1      62   14.441038011  114.987694156
       1      63   15.090691693   38.513102106
       1      64   15.093920908   40.853269658
       1      65   15.220724992   73.918466454
       1      66   15.223437509   73.699241815
       1      67   15.554057812   62.141547371
       1      68   15.554320986   62.126219048
       1      69   15.934143449   36.483569853
       1      70   15.970723466   37.134722304
       1      71   16.783728643   30.944457575
       1      72   16.785561949   30.636331764
       1      73   16.917464227  151.801214990
       1      74   16.921489883  155.315155792
       1      75   17.693825468   92.197962080
       1      76   17.743617103   85.760306349
       1      77   18.030567464   87.569095861
       1      78   18.035051109   87.599464685
       1      79   19.504283147   28.561751947
       1      80   19.513776558   26.142026802
       1      81   19.632764489   33.731985372
       1      82   19.640344276   36.216178248
       1      83   19.713688633   58.984755271
       1      84   19.760134364   59.028430752
       1      85   21.307645946   41.836600164
       1      86   21.392890286   44.771897174
       1      87   21.447626751   61.260365133
       1      88   21.468243013   61.293927923
       1      89   22.135011067  172.990431006
       1      90   22.137843265  172.977557863
       1      91   22.483378413   74.904999130
       1      92   22.486113856   74.059162529
       1      93   23.579832844   36.194668076
       1      94   23.587965885   35.272309954
       1      95   23.734400321   50.835233861
       1      96   23.740289694   50.805767528
       1      97   24.301639656   88.639395242
       1      98   24.324379596   89.720239451
       1      99   24.372062314   83.295215865
       1     100   24.374800737   83.193716924
  0.833333333  0.500000000  0.000000000     100
       1       1  -65.468366368   12.255293637
       1       2  -65.468363336   14.135413310
       1       3  -42.219224966  -80.042102044
       1       4  -42.204415918  -67.379717513
       1       5  -39.715679021  -74.843197201
       1       6  -39.696202006  -65.560986284
       1       7  -39.570621857  -68.196405302
       1       8  -39.568904342  -64.070730767
       1       9  -17.545458730  -24.292835406
       1      10  -17.506052213  -24.254765779
       1      11  -17.368638476  -20.718691361
       1      12  -17.365580517  -20.757423561
       1      13  -10.630585238  -16.483191093
       1      14  -10.619144327  -15.773779333
       1      15  -10.254309599  -15.636338451
       1      16  -10.244388213  -15.040340679
       1      17   -9.147465167   -9.840605653
       1      18   -9.142128797   -9.651174108
       1      19   -8.577061677   -8.067245169
       1      20   -8.560045765   -8.095512399
       1      21   -7.703408167   -6.717557774
       1      22   -7.638030954   -6.590612676
       1      23   -7.117239482  -10.713301836
       1      24   -7.105358871  -10.546866048
       1      25   -5.867655595   -1.885071773
       1      26   -5.764842823   -1.931580118
       1      27   -3.108349694    2.115618515
       1      28   -3.088701330    2.367745813
       1      29   -2.527623962    2.164726345
       1      30   -2.424766142    2.367206157
       1      31   -2.018792088   -3.847006353
       1      32   -2.013996552   -4.106576372
       1      33   -0.900244670    3.928784298
       1      34   -0.871181831    4.602845199
       1      35    1.945958734    3.727589020
       1      36    1.983575558    3.646095317
       1      37    3.821248438    9.794727427
       1      38    3.848373740    9.967206047
       1      39    3.878465551   11.508005600
       1      40    3.888878156    6.722637711
       1      41    4.941530698    5.716665290
       1      42    4.945479697    5.667493777
       1      43    5.062530157    5.245670533
       1      44    5.065574854    5.196348272
       1      45    5.970855252    3.169846438
       1      46    5.985584560    2.926370234
       1      47    7.712103498   15.047755064
       1      48    7.716249224   14.838725081
       1      49    8.225857446   10.386048853
       1      50    8.236303015    9.557793501
       1      51    9.059445555   13.681138797
       1      52    9.065215659   13.176253638
       1      53    9.639264505   16.409253707
       1      54    9.642211592   15.277100168
       1      55   10.407413523   20.119933839
       1      56   10.439783296   19.864945351
       1      57   11.974969433   23.596672488
       1      58   11.982246016   22.754292871
       1      59   13.134243477   33.362790725
       1      60   13.137580629   33.199145131
       1      61   13.174719825   29.546563634
       1      62   13.179387649   28.892620437
       1      63   14.314041772   31.565026507
       1      64   14.317398270   31.499178510
       1      65   14.782154515   31.437042449
       1      66   14.823564374   31.807460256
       1      67   15.868750472   67.589046090
       1      68   15.902549209   67.358087630
       1      69   16.231173207   32.996723432
       1      70   16.237867857   32.984419515
       1      71   16.957432014   34.633229378
       1      72   16.962786541   33.968184921
       1      73   17.403842323   48.703579267
       1      74   17.455890260   51.183461187
       1      75   17.926375250  111.033541907
       1      76   17.928271683  113.128109959
       1      77   18.305844422   77.573338926
       1      78   18.308611002   77.382733889
       1      79   19.025699518  126.217813366
       1      80   19.025794897  127.105338488
       1      81   19.939293482  126.608900694
       1      82   19.940021314  126.525948420
       1      83   19.999146149  101.784085825
       1      84   20.005206501  103.005962656
       1      85   21.135550951  201.491055512
       1      86   21.153858794  202.166784920
       1      87   21.528329007   77.141853445
       1      88   21.532852927   76.989035989
       1      89   22.096327909   62.635603282
       1      90   22.098252934   62.908481839
       1      91   22.640335968  127.352120000
       1      92   22.645722820  127.969884643
       1      93   22.798622060  136.355408415
       1      94   22.799399541  134.329542286
       1      95   23.679958349   95.404049656
       1      96   23.683919104   95.128874838
       1      97   23.952063638   63.716092274
       1      98   23.979211751   62.758237030
       1      99   24.160332079  134.612063595
       1     100   24.160699643  134.704617901
  0.833333333  0.666666667  0.000000000     100
       1       1  -65.468366580    7.245473966
       1       2  -65.468363547    1.993390995
       1       3  -42.219224834  -95.320765751
       1       4  -42.204415739  -81.184793240
       1       5  -39.715678857  -82.650677153
       1       6  -39.696201828  -74.964591082
       1       7  -39.570621675  -90.472464901
       1       8  -39.568904111  -82.251556113
       1       9  -17.545459956  -23.817661462
       1      10  -17.506053459  -23.710844760
       1      11  -17.368641549  -23.734846649
       1      12  -17.365583593  -23.811425992
       1      13  -10.630580341  -11.652877701
       1      14  -10.619139564  -11.633062634
       1      15  -10.254302733  -11.365168099
       1      16  -10.244381300  -11.351316470
       1      17   -9.147466908   -8.830637531
       1      18   -9.142130478   -8.728257522
       1      19   -8.577064644  -13.683019706
       1      20   -8.560048786  -12.985402958
       1      21   -7.703409912   -7.839286275
       1      22   -7.638032503   -7.681682801
       1      23   -7.117239173   -5.547005066
       1      24   -7.105358490   -5.525650951
       1      25   -5.867650816   -1.375548431
       1      26   -5.764837565   -1.476977343
       1      27   -3.108350988    1.328902341
       1      28   -3.088701129    1.909188456
       1      29   -2.527641752    0.740676304
       1      30   -2.424782114    1.165786759
       1      31   -2.018800718    6.627543690
       1      32   -2.014005118    5.969325702
       1      33   -0.900229130   -8.205331835
       1      34   -0.871166256   -9.331700689
       1      35    1.945964426    4.287452257
       1      36    1.983580699    4.132894799
       1      37    3.821256267    5.869850448
       1      38    3.848381793    5.392263040
       1      39    3.878473877    5.341714094
       1      40    3.888887577    5.568664543
       1      41    4.941516561    4.971734731
       1      42    4.945464888    4.847508392
       1      43    5.062525377    4.500092581
       1      44    5.065570175    4.363162417
       1      45    5.970864875    5.001274841
       1      46    5.985593708    4.984039202
       1      47    7.712105488   13.761628174
       1      48    7.716251308   13.936488871
       1      49    8.225873348   10.089804950
       1      50    8.236319146   10.156218615
       1      51    9.059441654   19.080174190
       1      52    9.065211984   19.281730106
       1      53    9.639269892   12.245082170
       1      54    9.642216812   12.475918079
       1      55   10.407411979   19.712429489
       1      56   10.439781078   19.625067614
       1      57   11.974981068   24.692880490
       1      58   11.982257649   24.078300950
       1      59   13.134239593   37.412132815
       1      60   13.137576515   36.769309103
       1      61   13.174709014   24.960449217
       1      62   13.179376070   24.372631757
       1      63   14.314029328   28.887377931
       1      64   14.317385852   28.929964775
       1      65   14.782136865   31.464976280
       1      66   14.823547969   31.832768560
       1      67   15.868745782   68.780721754
       1      68   15.902543807   68.030199910
       1      69   16.231157482   32.622025359
       1      70   16.237852348   32.626491606
       1      71   16.957421491   28.150875729
       1      72   16.962775909   27.834296939
       1      73   17.403839383   50.000008316
       1      74   17.455887680   52.026073094
       1      75   17.926361640  115.467234822
       1      76   17.928258771  117.519891851
       1      77   18.305840629   77.795816414
       1      78   18.308607225   78.108832884
       1      79   19.025700091  123.788801749
       1      80   19.025795813  124.607807269
       1      81   19.939298030  123.399122598
       1      82   19.940025894  123.395277217
       1      83   19.999128511  100.360313493
       1      84   20.005188838  100.816679384
       1      85   21.135556492  200.380437245
       1      86   21.153864517  201.140561534
       1      87   21.528363048   73.383835268
       1      88   21.532886996   72.558079621
       1      89   22.096341073   59.687157316
       1      90   22.098265720   59.689768029
       1      91   22.640342764  124.955320152
       1      92   22.645729643  125.619570059
       1      93   22.798636445  142.661311780
       1      94   22.799414888  140.663528204
       1      95   23.679971875   90.510225692
       1      96   23.683932983   91.381232352
       1      97   23.952069597   64.934019284
       1      98   23.979219317   64.949865163
       1      99   24.160319691  134.432731020
       1     100   24.160687085  134.852308738
  0.833333333  0.833333333  0.000000000     100
       1       1  -65.453769976    2.587184815
       1       2  -65.453768172   -6.247107603
       1       3  -42.170480311  -76.417801590
       1       4  -42.163240145  -64.166213919
       1       5  -39.636360970  -75.204897698
       1       6  -39.634236205  -71.957448030
       1       7  -39.534289535  -57.784406188
       1       8  -39.525879699  -52.306085448
       1       9  -18.334011870  -24.339078973
       1      10  -18.318232740  -24.440488445
       1      11  -17.722541223  -24.686901204
       1      12  -17.721170797  -24.770232765
       1      13  -10.245733165  -10.628497879
       1      14  -10.220715603  -10.574861012
       1      15   -9.056401985   -9.094855194
       1      16   -9.046123450   -8.996517748
       1      17   -9.017563045   -8.125031710
       1      18   -8.988056091   -8.227139604
       1      19   -8.542472127  -10.600320979
       1      20   -8.516202501  -10.429555411
       1      21   -7.289167037   -8.318371711
       1      22   -7.213017157   -8.336529693
       1      23   -6.417984120   -7.619071190
       1      24   -6.383175595   -7.953755985
       1      25   -6.168062157   -0.621425926
       1      26   -6.099047398   -0.577879179
       1      27   -3.445806095    3.635308942
       1      28   -3.384024856    3.554013349
       1      29   -2.847938901   -0.113413638
       1      30   -2.831985123   -0.091998322
       1      31   -2.645250183    1.145136263
       1      32   -2.592542439    1.109148267
       1      33   -1.170745267   -1.936360069
       1      34   -1.137568382   -1.927827438
       1      35    3.626562677    4.517042729
       1      36    3.659794870    4.450305934
       1      37    4.108830899    6.829299898
       1      38    4.114099601    6.764539204
       1      39    4.242551312  -23.363412262
       1      40    4.333533334   13.354447655
       1      41    4.972515381    3.791883013
       1      42    4.977831356    0.781145802
       1      43    5.116616797    8.910726906
       1      44    5.119136203    9.337283302
       1      45    6.377212507  -15.624121438
       1      46    6.460964283  -16.350290713
       1      47    6.974873974    6.179068252
       1      48    7.009348662    3.831432609
       1      49    7.026512330   10.534486447
       1      50    7.073709239   14.742344942
       1      51    7.846982831   20.307076352
       1      52    7.849611039   20.028505362
       1      53    9.209829181   23.576896925
       1      54    9.248767594   23.032508781
       1      55    9.762884542   16.015606461
       1      56    9.769420477   15.824587250
       1      57   10.615506824   26.055062754
       1      58   10.660553953   26.955248217
       1      59   12.076223612   10.928957969
       1      60   12.097785846   10.103603328
       1      61   14.435831234  110.793004047
       1      62   14.441031461  114.009371012
       1      63   15.090699419   38.364712778
       1      64   15.093929457   40.202468189
       1      65   15.220715233   73.778240489
       1      66   15.223427870   73.581084196
       1      67   15.554057437   60.264899977
       1      68   15.554320686   60.309720422
       1      69   15.934149628   43.081940564
       1      70   15.970729602   42.250127774
       1      71   16.783726968   30.061357321
       1      72   16.785560221   29.720199590
       1      73   16.917461854  151.421707162
       1      74   16.921487017  154.767452171
       1      75   17.693819258   88.790907346
       1      76   17.743611327   82.203407302
       1      77   18.030555118   83.801175283
       1      78   18.035038616   83.855595715
       1      79   19.504256545   32.796677343
       1      80   19.513748805   30.312623011
       1      81   19.632748834   33.248797899
       1      82   19.640331165   36.100980107
       1      83   19.713692653   62.441394197
       1      84   19.760143731   62.562466969
       1      85   21.307640237   39.618850839
       1      86   21.392883067   40.692062107
       1      87   21.447619840   64.651195113
       1      88   21.468235703   63.955386809
       1      89   22.135016117  170.220459455
       1      90   22.137848526  170.134708777
       1      91   22.483381185   76.571249113
       1      92   22.486116532   75.629474480
       1      93   23.579826100   40.983608892
       1      94   23.587958755   40.327474998
       1      95   23.734389835   47.720942051
       1      96   23.740279394   47.468484002
       1      97   24.301626942   98.618043588
       1      98   24.324366358  100.816694833
       1      99   24.372066058   80.314975563
       1     100   24.374805017   79.679204133
