{
  "arm": "old",
  "window": "4v4c",
  "ntran": 48,
  "nops": 96,
  "star_sizes": [
    1,
    8,
    4,
    6,
    24,
    12,
    3,
    6
  ],
  "rung1_energy_star_spread_ueV": {
    "worst": {
      "band": null,
      "ueV": 0.0
    },
    "per_band": {
      "cond0": 0.0,
      "cond1": 0.0,
      "cond2": 0.0,
      "cond3": 0.0,
      "val0": 0.0,
      "val1": 0.0,
      "val2": 0.0,
      "val3": 0.0
    }
  },
  "rung4_D": {
    "scale": 2.393244117730002,
    "max_abs": 0.0,
    "max_rel": 0.0,
    "worst_op": 0,
    "spatial_symmorphic": {
      "max_abs": 0.0,
      "max_rel": 0.0,
      "op": 0
    },
    "spatial_nonsymmorphic": {
      "max_abs": 0.0,
      "max_rel": 0.0,
      "op": 1
    },
    "trs": {
      "max_abs": 0.0,
      "max_rel": 0.0,
      "op": 48
    }
  },
  "rung4_Kx": {
    "scale": 0.00391313004848328,
    "max_abs": 0.00036723197943168786,
    "max_rel": 0.0938460963171991,
    "worst_op": 4,
    "spatial_symmorphic": {
      "max_abs": 0.00036723197943168786,
      "max_rel": 0.0938460963171991,
      "op": 29
    },
    "spatial_nonsymmorphic": {
      "max_abs": 0.00036723197943168786,
      "max_rel": 0.0938460963171991,
      "op": 4
    },
    "trs": {
      "max_abs": 0.00036723197943168786,
      "max_rel": 0.0938460963171991,
      "op": 53
    }
  },
  "rung4_Kd": {
    "scale": 0.03593139416292114,
    "max_abs": 0.0018813056939939298,
    "max_rel": 0.05235827158455529,
    "worst_op": 5,
    "spatial_symmorphic": {
      "max_abs": 0.0018813056939939298,
      "max_rel": 0.05235827158455529,
      "op": 5
    },
    "spatial_nonsymmorphic": {
      "max_abs": 0.0018813056939939298,
      "max_rel": 0.05235827158455529,
      "op": 10
    },
    "trs": {
      "max_abs": 0.0018813056939939298,
      "max_rel": 0.05235827158455529,
      "op": 49
    }
  },
  "rung23_manifolds": [
    {
      "manifold": 0,
      "size": 2,
      "mean_eV": 2.3777497614350116,
      "split_ueV": 520.6902201222441,
      "spread_D_ueV": 292.0857345979254,
      "spread_Kx_ueV": 363.6802565000911,
      "spread_Kd_ueV": 135.07577097747702,
      "spread_minusKd_ueV": 135.07577097747702,
      "per_state_kstar_weight": [
        [
          0.8113149532996037,
          0.10514013586217205,
          0.053833300597346034,
          0.017494917126806713,
          0.006574739054003173,
          0.0037671662601590867,
          0.0018297830116164814,
          4.500478829273264e-05
        ],
        [
          0.8094966671210381,
          0.10675317054724731,
          0.05419704925761276,
          0.017443008198590015,
          0.006522050210660274,
          0.003707626496664313,
          0.001834714764423579,
          4.5713403763771184e-05
        ]
      ]
    },
    {
      "manifold": 1,
      "size": 1,
      "mean_eV": 2.3796413942642856,
      "split_ueV": 0.0,
      "spread_D_ueV": 0.0,
      "spread_Kx_ueV": 0.0,
      "spread_Kd_ueV": 0.0,
      "spread_minusKd_ueV": 0.0,
      "per_state_kstar_weight": [
        [
          0.8052719019931074,
          0.10653715448033035,
          0.057237112968147534,
          0.01802740452745706,
          0.006881435038481489,
          0.004031240172966407,
          0.0019697076464010262,
          4.404317310941652e-05
        ]
      ]
    },
    {
      "manifold": 2,
      "size": 2,
      "mean_eV": 2.3822966004143975,
      "split_ueV": 995.7319205082804,
      "spread_D_ueV": 2228.0751790786353,
      "spread_Kx_ueV": 1361.3474956030636,
      "spread_Kd_ueV": 4585.154595192231,
      "spread_minusKd_ueV": 4585.154595192231,
      "per_state_kstar_weight": [
        [
          0.8047047345009323,
          0.10762848590065409,
          0.05728369545594607,
          0.017501479118462015,
          0.006741385094081446,
          0.004104219987697315,
          0.001992328082296625,
          4.367185993005343e-05
        ],
        [
          0.808638375030495,
          0.10598113705157647,
          0.058027688212694606,
          0.015444827468532088,
          0.006409426547502234,
          0.0037400305924907835,
          0.0017269364970761939,
          3.1578599632506485e-05
        ]
      ]
    },
    {
      "manifold": 3,
      "size": 1,
      "mean_eV": 2.3845895897001457,
      "split_ueV": 0.0,
      "spread_D_ueV": 0.0,
      "spread_Kx_ueV": 0.0,
      "spread_Kd_ueV": 0.0,
      "spread_minusKd_ueV": 0.0,
      "per_state_kstar_weight": [
        [
          0.8227977523363317,
          0.09998348124031886,
          0.05464565046383003,
          0.012942094670709467,
          0.005266536862416056,
          0.002952136568013996,
          0.0013825945040080397,
          2.9753354372659653e-05
        ]
      ]
    },
    {
      "manifold": 4,
      "size": 3,
      "mean_eV": 2.3865726679683434,
      "split_ueV": 1666.6261706133057,
      "spread_D_ueV": 1465.674180376917,
      "spread_Kx_ueV": 2222.518894995051,
      "spread_Kd_ueV": 1557.0353425708015,
      "spread_minusKd_ueV": 1557.0353425708015,
      "per_state_kstar_weight": [
        [
          0.817525940521345,
          0.10211775255239258,
          0.057194628352876066,
          0.012970701051158402,
          0.005424185343026602,
          0.0032459120330947575,
          0.001496188631547952,
          2.4691514556855252e-05
        ],
        [
          0.8196603192047277,
          0.10167470135775802,
          0.056113337493780516,
          0.012631648670988581,
          0.0053012486610105125,
          0.0031405064959286956,
          0.0014502424054823179,
          2.79957103244325e-05
        ],
        [
          0.8169826193550717,
          0.10317878225484721,
          0.05550936645250735,
          0.013883319887183686,
          0.005590441622733651,
          0.0032393161923456007,
          0.001584482104527884,
          3.1672130783615936e-05
        ]
      ]
    },
    {
      "manifold": 5,
      "size": 1,
      "mean_eV": 2.38923173166068,
      "split_ueV": 0.0,
      "spread_D_ueV": 0.0,
      "spread_Kx_ueV": 0.0,
      "spread_Kd_ueV": 0.0,
      "spread_minusKd_ueV": 0.0,
      "per_state_kstar_weight": [
        [
          0.8053204062533884,
          0.10651242145657858,
          0.06248271115560452,
          0.014124889365805266,
          0.006087001486137387,
          0.0037375600161510024,
          0.0017075656403365337,
          2.7444625997877572e-05
        ]
      ]
    }
  ]
}