{
  "arm": "sym",
  "window": "6v6c",
  "ntran": 48,
  "nops": 96,
  "star_sizes": [
    1,
    8,
    4,
    6,
    24,
    12,
    3,
    6
  ],
  "rung1_energy_star_spread_ueV": {
    "worst": {
      "band": null,
      "ueV": 0.0
    },
    "per_band": {
      "cond0": 0.0,
      "cond1": 0.0,
      "cond2": 0.0,
      "cond3": 0.0,
      "cond4": 0.0,
      "cond5": 0.0,
      "val0": 0.0,
      "val1": 0.0,
      "val2": 0.0,
      "val3": 0.0,
      "val4": 0.0,
      "val5": 0.0
    }
  },
  "rung4_D": {
    "scale": 4.328029154939876,
    "max_abs": 0.0,
    "max_rel": 0.0,
    "worst_op": 0,
    "spatial_symmorphic": {
      "max_abs": 0.0,
      "max_rel": 0.0,
      "op": 0
    },
    "spatial_nonsymmorphic": {
      "max_abs": 0.0,
      "max_rel": 0.0,
      "op": 1
    },
    "trs": {
      "max_abs": 0.0,
      "max_rel": 0.0,
      "op": 48
    }
  },
  "rung4_Kx": {
    "scale": 0.006147688906284693,
    "max_abs": 0.0005248116781372009,
    "max_rel": 0.08536731219445629,
    "worst_op": 3,
    "spatial_symmorphic": {
      "max_abs": 0.0005048449622032068,
      "max_rel": 0.08211947121903178,
      "op": 16
    },
    "spatial_nonsymmorphic": {
      "max_abs": 0.0005248116781372009,
      "max_rel": 0.08536731219445629,
      "op": 3
    },
    "trs": {
      "max_abs": 0.0005248116781372009,
      "max_rel": 0.08536731219445629,
      "op": 49
    }
  },
  "rung4_Kd": {
    "scale": 0.05363552791932576,
    "max_abs": 0.0020022901367821224,
    "max_rel": 0.03733141472558648,
    "worst_op": 16,
    "spatial_symmorphic": {
      "max_abs": 0.0020022901367821224,
      "max_rel": 0.03733141472558648,
      "op": 16
    },
    "spatial_nonsymmorphic": {
      "max_abs": 0.002002290136782119,
      "max_rel": 0.03733141472558642,
      "op": 10
    },
    "trs": {
      "max_abs": 0.0020022901367821224,
      "max_rel": 0.03733141472558648,
      "op": 88
    }
  },
  "rung23_manifolds": [
    {
      "manifold": 0,
      "size": 8,
      "mean_eV": 2.364525695308947,
      "split_ueV": 2409.472752328501,
      "spread_D_ueV": 2367.7336707781083,
      "spread_Kx_ueV": 1100.5661084394824,
      "spread_Kd_ueV": 3676.6403146713114,
      "spread_minusKd_ueV": 3676.6403146713114,
      "per_state_kstar_weight": [
        [
          0.7855811662801925,
          0.11874521718808427,
          0.05815708835012657,
          0.021634951293375608,
          0.008528027534735735,
          0.004974267201482806,
          0.002280231710417106,
          9.90504415850622e-05
        ],
        [
          0.7861745106256804,
          0.11825023790921424,
          0.05822913188341579,
          0.021513503912889177,
          0.008511135234812563,
          0.004950691246048677,
          0.0022744074689248785,
          9.638171901444439e-05
        ],
        [
          0.7864587989461375,
          0.1181725445619106,
          0.05810218238136205,
          0.02146541014049927,
          0.008501939818180558,
          0.004949302021247752,
          0.0022576979319287056,
          9.21241987341102e-05
        ],
        [
          0.7863856182919813,
          0.11834824557044962,
          0.05786328774341803,
          0.02157851153273154,
          0.008516570730403912,
          0.00494432155555716,
          0.0022671654335906888,
          9.627914186691144e-05
        ],
        [
          0.7873421369567999,
          0.1183000001843267,
          0.057254474654611226,
          0.0213744883647552,
          0.008423212613682795,
          0.004917551898737145,
          0.002289372032706469,
          9.876329437973483e-05
        ],
        [
          0.7881886746081065,
          0.11681463396681338,
          0.05801473162688556,
          0.021338918468925595,
          0.008406746721365762,
          0.004871539297533654,
          0.0022668066698018985,
          9.79486405664727e-05
        ],
        [
          0.7857245076609689,
          0.11787455802039962,
          0.05901114581219222,
          0.0215097574899294,
          0.008495443605860827,
          0.00498073800341894,
          0.0023040470569229464,
          9.980235030693544e-05
        ],
        [
          0.7911726501143088,
          0.1158574006718654,
          0.056646750945109,
          0.02097699072437912,
          0.0082436856225006,
          0.004786174431201836,
          0.002220337672692273,
          9.600981794319767e-05
        ]
      ]
    },
    {
      "manifold": 1,
      "size": 1,
      "mean_eV": 2.3673497570036646,
      "split_ueV": 0.0,
      "spread_D_ueV": 0.0,
      "spread_Kx_ueV": 0.0,
      "spread_Kd_ueV": 0.0,
      "spread_minusKd_ueV": 0.0,
      "per_state_kstar_weight": [
        [
          0.7867365490610949,
          0.11845308099423069,
          0.05813568693899703,
          0.02107995305136195,
          0.008289152999710366,
          0.004946086632383913,
          0.0022648182423690814,
          9.467207985160877e-05
        ]
      ]
    },
    {
      "manifold": 2,
      "size": 1,
      "mean_eV": 2.368563268939885,
      "split_ueV": 0.0,
      "spread_D_ueV": 0.0,
      "spread_Kx_ueV": 0.0,
      "spread_Kd_ueV": 0.0,
      "spread_minusKd_ueV": 0.0,
      "per_state_kstar_weight": [
        [
          0.7833386140205701,
          0.11934235511391733,
          0.061005480066665896,
          0.020824521972162113,
          0.008261314943933546,
          0.004917856107006309,
          0.0022132711834913932,
          9.658659225230589e-05
        ]
      ]
    },
    {
      "manifold": 3,
      "size": 1,
      "mean_eV": 2.3696829737118623,
      "split_ueV": 0.0,
      "spread_D_ueV": 0.0,
      "spread_Kx_ueV": 0.0,
      "spread_Kd_ueV": 0.0,
      "spread_minusKd_ueV": 0.0,
      "per_state_kstar_weight": [
        [
          0.7846626950242467,
          0.11856098637486943,
          0.06091528341130396,
          0.02036163879087071,
          0.008110466269273229,
          0.0050033417910490575,
          0.002290722843258831,
          9.486549512807357e-05
        ]
      ]
    },
    {
      "manifold": 4,
      "size": 1,
      "mean_eV": 2.370995437031623,
      "split_ueV": 0.0,
      "spread_D_ueV": 0.0,
      "spread_Kx_ueV": 0.0,
      "spread_Kd_ueV": 0.0,
      "spread_minusKd_ueV": 0.0,
      "per_state_kstar_weight": [
        [
          0.7884072497893069,
          0.11894693519574928,
          0.05945444220645956,
          0.01882396093285837,
          0.007811421905315808,
          0.004435237400427162,
          0.002027513661056785,
          9.323890882727864e-05
        ]
      ]
    },
    {
      "manifold": 5,
      "size": 14,
      "mean_eV": 2.3770410301484124,
      "split_ueV": 5217.175078329639,
      "spread_D_ueV": 48032.02694440008,
      "spread_Kx_ueV": 3375.7316758479155,
      "spread_Kd_ueV": 49969.47505844101,
      "spread_minusKd_ueV": 49969.47505844101,