{
  "arm": "sym",
  "window": "4v4c",
  "ntran": 48,
  "nops": 96,
  "star_sizes": [
    1,
    8,
    4,
    6,
    24,
    12,
    3,
    6
  ],
  "rung1_energy_star_spread_ueV": {
    "worst": {
      "band": null,
      "ueV": 0.0
    },
    "per_band": {
      "cond0": 0.0,
      "cond1": 0.0,
      "cond2": 0.0,
      "cond3": 0.0,
      "val0": 0.0,
      "val1": 0.0,
      "val2": 0.0,
      "val3": 0.0
    }
  },
  "rung4_D": {
    "scale": 2.393244117730002,
    "max_abs": 0.0,
    "max_rel": 0.0,
    "worst_op": 0,
    "spatial_symmorphic": {
      "max_abs": 0.0,
      "max_rel": 0.0,
      "op": 0
    },
    "spatial_nonsymmorphic": {
      "max_abs": 0.0,
      "max_rel": 0.0,
      "op": 1
    },
    "trs": {
      "max_abs": 0.0,
      "max_rel": 0.0,
      "op": 48
    }
  },
  "rung4_Kx": {
    "scale": 0.003911504920826922,
    "max_abs": 0.00036633196951440595,
    "max_rel": 0.09365499390371738,
    "worst_op": 5,
    "spatial_symmorphic": {
      "max_abs": 0.00036633196951440595,
      "max_rel": 0.09365499390371738,
      "op": 5
    },
    "spatial_nonsymmorphic": {
      "max_abs": 0.00036633196951440595,
      "max_rel": 0.09365499390371738,
      "op": 6
    },
    "trs": {
      "max_abs": 0.00036633196951440595,
      "max_rel": 0.09365499390371738,
      "op": 52
    }
  },
  "rung4_Kd": {
    "scale": 0.03593401843836101,
    "max_abs": 0.001874834924442393,
    "max_rel": 0.052174374198042134,
    "worst_op": 5,
    "spatial_symmorphic": {
      "max_abs": 0.001874834924442393,
      "max_rel": 0.052174374198042134,
      "op": 5
    },
    "spatial_nonsymmorphic": {
      "max_abs": 0.001874834924442393,
      "max_rel": 0.052174374198042134,
      "op": 10
    },
    "trs": {
      "max_abs": 0.001874834924442393,
      "max_rel": 0.052174374198042134,
      "op": 49
    }
  },
  "rung23_manifolds": [
    {
      "manifold": 0,
      "size": 2,
      "mean_eV": 2.3779518815292198,
      "split_ueV": 518.4541024125799,
      "spread_D_ueV": 213.84543083966858,
      "spread_Kx_ueV": 353.394188251108,
      "spread_Kd_ueV": 48.78551667914815,
      "spread_minusKd_ueV": 48.78551667914815,
      "per_state_kstar_weight": [
        [
          0.8104667883346393,
          0.10552246788671078,
          0.05426088894575446,
          0.017495120188814675,
          0.006593526223774664,
          0.0037806407873692705,
          0.0018357058099003774,
          4.4861823036802695e-05
        ],
        [
          0.8088143754401051,
          0.10708377397630278,
          0.05455173732752766,
          0.0174241229310564,
          0.006531544799888619,
          0.0037127343719412786,
          0.001836140117990514,
          4.557103518739013e-05
        ]
      ]
    },
    {
      "manifold": 1,
      "size": 1,
      "mean_eV": 2.3798301591876907,
      "split_ueV": 0.0,
      "spread_D_ueV": 0.0,
      "spread_Kx_ueV": 0.0,
      "spread_Kd_ueV": 0.0,
      "spread_minusKd_ueV": 0.0,
      "per_state_kstar_weight": [
        [
          0.8042537167748498,
          0.10701465765354992,
          0.057735735933222905,
          0.01802857839117457,
          0.00690401840184111,
          0.004043836230939126,
          0.0019755231137277706,
          4.3933500695610496e-05
        ]
      ]
    },
    {
      "manifold": 2,
      "size": 2,
      "mean_eV": 2.382466380472258,
      "split_ueV": 978.1202755596574,
      "spread_D_ueV": 2269.5266765493325,
      "spread_Kx_ueV": 1340.722668060103,
      "spread_Kd_ueV": 4588.369620169992,
      "spread_minusKd_ueV": 4588.369620169992,
      "per_state_kstar_weight": [
        [
          0.8033571490661473,
          0.10822192706017617,
          0.05790601350743627,
          0.01755428986615697,
          0.006782156665052954,
          0.004129512603597373,
          0.002005365497073349,
          4.358573435971084e-05
        ],
        [
          0.8073187794782055,
          0.10663309652124398,
          0.058592502546559275,
          0.015479112689170325,
          0.00644714707695267,
          0.0037615511422847804,
          0.001736126278039098,
          3.168426754528967e-05
        ]
      ]
    },
    {
      "manifold": 3,
      "size": 1,
      "mean_eV": 2.3847703062990195,
      "split_ueV": 0.0,
      "spread_D_ueV": 0.0,
      "spread_Kx_ueV": 0.0,
      "spread_Kd_ueV": 0.0,
      "spread_minusKd_ueV": 0.0,
      "per_state_kstar_weight": [
        [
          0.8206258341872407,
          0.10085350181812744,
          0.05555353138915746,
          0.013141839849900397,
          0.005372336671659644,
          0.0030102175993897227,
          0.0014128757519096947,
          2.9862732614563734e-05
        ]
      ]
    },
    {
      "manifold": 4,
      "size": 3,
      "mean_eV": 2.3867345728276343,
      "split_ueV": 1663.2290026605822,
      "spread_D_ueV": 1447.5631457386708,
      "spread_Kx_ueV": 2195.4425415680553,
      "spread_Kd_ueV": 1663.6030534152776,
      "spread_minusKd_ueV": 1663.6030534152776,
      "per_state_kstar_weight": [
        [
          0.817310188822518,
          0.1023951847622783,
          0.05735626893930752,
          0.012824773607745883,
          0.005379587488861636,
          0.003225696789455374,
          0.0014838414241615228,
          2.4458165671295972e-05
        ],
        [
          0.818662646205226,
          0.10217356862501581,
          0.0565674322023765,
          0.012643487423054657,
          0.005320695316164836,
          0.0031494085802796726,
          0.0014547375351240668,
          2.8024112757958706e-05
        ],
        [
          0.8159884114691858,
          0.10367659902023385,
          0.05597768876403818,
          0.013877382572770103,
          0.005606973042648573,
          0.0032509975505446704,
          0.0015904540764302608,
          3.149350414809852e-05
        ]
      ]
    },
    {
      "manifold": 5,
      "size": 1,
      "mean_eV": 2.389364181760205,
      "split_ueV": 0.0,
      "spread_D_ueV": 0.0,
      "spread_Kx_ueV": 0.0,
      "spread_Kd_ueV": 0.0,
      "spread_minusKd_ueV": 0.0,
      "per_state_kstar_weight": [
        [
          0.8037535864953739,
          0.10730154097738662,
          0.06317029458732809,
          0.014152629072914777,
          0.0061185967464458275,
          0.003758462788335253,
          0.0017173886075644257,
          2.7500724651586083e-05
        ]
      ]
    }
  ]
}