{
  "arm": "sym",
  "n_symmorphic": 12,
  "psiG_covariance": {
    "val": {
      "worst_resid": 0.6545698275050335,
      "unitarity_at_worst": 0.6139144151947468,
      "worst_op": 5
    },
    "cond": {
      "worst_resid": 0.6623860422717396,
      "unitarity_at_worst": 0.6238253713106411,
      "worst_op": 9
    }
  },
  "gamma_block_commutator": {
    "D": {
      "max_rel": 4.026124775080489e-15,
      "mean_rel": 2.7425017096187577e-15
    },
    "Kx": {
      "max_rel": 0.8941014655699172,
      "mean_rel": 0.6469647153791939
    },
    "Kd": {
      "max_rel": 0.011808836635120225,
      "mean_rel": 0.009107616516132195
    },
    "H": {
      "max_rel": 0.10489418245523184,
      "mean_rel": 0.07632325413970077
    }
  }
}