{
  "arm": "sym",
  "nmu": 792,
  "alpha_ok": true,
  "tileperm_V0_raw": {
    "max_rel": 0.03155828483588399,
    "worst_op": 38,
    "scale": 8622.013935169576,
    "worst_op_nonsym": true
  },
  "tileperm_V0_head": {
    "max_rel": 0.07783230317229567,
    "worst_op": 40,
    "scale": 53839.79485582866,
    "worst_op_nonsym": false
  },
  "tileperm_W0_raw": {
    "max_rel": 0.03014893255248015,
    "worst_op": 43,
    "scale": 7984.81667318319,
    "worst_op_nonsym": true
  },
  "covar_Kx_id": {
    "scale": 5.745823288170535e-07,
    "max_rel": 0.10317030047585149,
    "spatial_rel": 0.10317030047585149,
    "trs_rel": 0.10317030047585149
  },
  "covar_Kx_rawV": {
    "scale": 0.00688971594542116,
    "max_rel": 0.1059489505664536,
    "spatial_rel": 0.1059489505664536,
    "trs_rel": 0.1059489505664536
  },
  "covar_Kx_headV": {
    "scale": 0.006889715945421159,
    "max_rel": 0.10594895056645412,
    "spatial_rel": 0.10594895056645412,
    "trs_rel": 0.10594895056645412
  }
}