# Generated by LORRAX 0.1.0 at 2026-07-02 20:05:25 UTC
# Sigma frequency debug decomposition (per-(k, n) diagonals; all energies in eV).
# k               	n               	E_dft           	Edft-Ef         	kin_ion         	V_H             	x_bare          	x_head          	sex_0           	coh_0           	sex_head        	coh_head        	eqp0            	eqp1            

k-point 0:
               0	               0	      -65.372253	      -65.372253	      +29.046455	     +586.888068	      -40.014646	       -3.550384	      -18.013804	      -12.068115	       -3.425477	       -0.062454	     +545.837959	     +545.837959
               0	               1	      -65.372253	      -65.372253	      +29.046455	     +586.888068	      -40.014646	       -3.550384	      -18.013804	      -12.068115	       -3.425477	       -0.062454	     +545.837959	     +545.837959
               0	               2	      -41.997239	      -41.997239	      +51.436583	     +584.957101	      -33.985936	       -3.550384	      -15.106955	      -10.824710	       -3.425477	       -0.062454	     +576.476082	     +576.476082
               0	               3	      -41.997239	      -41.997239	      +51.436583	     +584.957101	      -33.985936	       -3.550384	      -15.106955	      -10.824710	       -3.425477	       -0.062454	     +576.476082	     +576.476082
               0	               4	      -39.497235	      -39.497235	      +48.363182	     +579.024136	      -33.315538	       -3.550384	      -14.812210	      -10.660672	       -3.425477	       -0.062454	     +568.598899	     +568.598899
               0	               5	      -39.497235	      -39.497235	      +48.363182	     +579.024136	      -33.315538	       -3.550384	      -14.812210	      -10.660672	       -3.425477	       -0.062454	     +568.598899	     +568.598899
               0	               6	      -39.272877	      -39.272877	      +49.569632	     +589.368974	      -33.389735	       -3.550384	      -14.834845	      -10.725035	       -3.425477	       -0.062454	     +579.988990	     +579.988990
               0	               7	      -39.272877	      -39.272877	      +49.569632	     +589.368974	      -33.389735	       -3.550384	      -14.834845	      -10.725035	       -3.425477	       -0.062454	     +579.988990	     +579.988990
               0	               8	      -19.398604	      -19.398604	       +9.477705	     +386.206782	      -22.457407	       -3.550384	       -9.687246	       -8.158302	       -3.425477	       -0.062454	     +355.381533	     +355.381533
               0	               9	      -19.398604	      -19.398604	       +9.477705	     +386.206782	      -22.457407	       -3.550384	       -9.687246	       -8.158302	       -3.425477	       -0.062454	     +355.381533	     +355.381533
               0	              10	      -18.214280	      -18.214280	      +12.284206	     +355.332756	      -22.246128	       -3.550384	       -9.594248	       -8.268251	       -3.425477	       -0.062454	     +327.508335	     +327.508335
               0	              11	      -18.214280	      -18.214280	      +12.284206	     +355.332756	      -22.246128	       -3.550384	       -9.594248	       -8.268251	       -3.425477	       -0.062454	     +327.508335	     +327.508335
               0	              12	      -10.873768	      -10.873768	      +18.868760	     +394.732162	      -18.137139	       -3.550384	       -8.951805	       -7.080560	       -3.425477	       -0.062454	     +379.431418	     +379.431418
               0	              13	      -10.873768	      -10.873768	      +18.868760	     +394.732162	      -18.137139	       -3.550384	       -8.951805	       -7.080560	       -3.425477	       -0.062454	     +379.431418	     +379.431418
               0	              14	       -7.815640	       -7.815640	      +37.835671	     +494.042904	      -19.068416	       -3.550384	      -10.004413	       -7.527698	       -3.425477	       -0.062454	     +495.278047	     +495.278047
               0	              15	       -7.815640	       -7.815640	      +37.835671	     +494.042904	      -19.068416	       -3.550384	      -10.004413	       -7.527698	       -3.425477	       -0.062454	     +495.278047	     +495.278047
               0	              16	       -7.759785	       -7.759785	      +36.901147	     +489.243673	      -18.916228	       -3.550384	       -9.936445	       -7.509828	       -3.425477	       -0.062454	     +489.782319	     +489.782319
               0	              17	       -7.759785	       -7.759785	      +36.901147	     +489.243673	      -18.916228	       -3.550384	       -9.936445	       -7.509828	       -3.425477	       -0.062454	     +489.782319	     +489.782319
               0	              18	       -7.145276	       -7.145276	      +20.749566	     +302.039963	      -16.518774	       -3.550384	       -8.440045	       -6.863263	       -3.425477	       -0.062454	     +290.967446	     +290.967446
               0	              19	       -7.145276	       -7.145276	      +20.749566	     +302.039963	      -16.518774	       -3.550384	       -8.440045	       -6.863263	       -3.425477	       -0.062454	     +290.967446	     +290.967446
               0	              20	       -6.779803	       -6.779803	      +40.204986	     +456.942560	      -18.664532	       -3.550384	      -10.145453	       -7.516062	       -3.425477	       -0.062454	     +460.821500	     +460.821500
               0	              21	       -6.779803	       -6.779803	      +40.204986	     +456.942560	      -18.664532	       -3.550384	      -10.145453	       -7.516062	       -3.425477	       -0.062454	     +460.821500	     +460.821500
               0	              22	       -6.699109	       -6.699109	      +39.931230	     +456.364268	      -18.569377	       -3.550384	      -10.121481	       -7.499312	       -3.425477	       -0.062454	     +460.105328	     +460.105328
               0	              23	       -6.699109	       -6.699109	      +39.931230	     +456.364268	      -18.569377	       -3.550384	      -10.121481	       -7.499312	       -3.425477	       -0.062454	     +460.105328	     +460.105328
               0	              24	       -5.386093	       -5.386093	      +41.857618	     +412.834995	      -17.266719	       -3.550384	       -9.677299	       -7.227211	       -3.425477	       -0.062454	     +420.521384	     +420.521384
               0	              25	       -5.386093	       -5.386093	      +41.857618	     +412.834995	      -17.266719	       -3.550384	       -9.677299	       -7.227211	       -3.425477	       -0.062454	     +420.521384	     +420.521384
               0	              26	       -2.581488	       -2.581488	      +43.570119	     +424.365206	      -11.057001	       +0.000000	       -5.135701	       -7.207673	       +0.000000	       -0.062454	     +444.534950	     +444.534950
               0	              27	       -2.581488	       -2.581488	      +43.570119	     +424.365206	      -11.057001	       +0.000000	       -5.135701	       -7.207673	       +0.000000	       -0.062454	     +444.534950	     +444.534950
               0	              28	       -2.505729	       -2.505729	      +43.295990	     +422.474326	      -10.993233	       +0.000000	       -5.106932	       -7.202833	       +0.000000	       -0.062454	     +442.467317	     +442.467317
               0	              29	       -2.505729	       -2.505729	      +43.295990	     +422.474326	      -10.993233	       +0.000000	       -5.106932	       -7.202833	       +0.000000	       -0.062454	     +442.467317	     +442.467317
               0	              30	       -2.332526	       -2.332526	      +42.421203	     +407.928581	      -11.105217	       +0.000000	       -4.975171	       -7.369888	       +0.000000	       -0.062454	     +426.899507	     +426.899507
               0	              31	       -2.332526	       -2.332526	      +42.421203	     +407.928581	      -11.105217	       +0.000000	       -4.975171	       -7.369888	       +0.000000	       -0.062454	     +426.899507	     +426.899507
               0	              32	       -2.326587	       -2.326587	      +42.289590	     +405.625151	      -11.117126	       +0.000000	       -4.969804	       -7.362033	       +0.000000	       -0.062454	     +424.465778	     +424.465778
               0	              33	       -2.326587	       -2.326587	      +42.289590	     +405.625151	      -11.117126	       +0.000000	       -4.969804	       -7.362033	       +0.000000	       -0.062454	     +424.465778	     +424.465778
               0	              34	       +1.113320	       +1.113320	      +24.044532	     +430.763813	       -6.081511	       +0.000000	       -3.203026	       -5.624118	       +0.000000	       -0.062454	     +439.899690	     +439.899690
               0	              35	       +1.113320	       +1.113320	      +24.044532	     +430.763813	       -6.081511	       +0.000000	       -3.203026	       -5.624118	       +0.000000	       -0.062454	     +439.899690	     +439.899690
               0	              36	       +3.714014	       +3.714014	      +27.477083	     +337.328772	       -5.749793	       +0.000000	       -3.126458	       -5.217577	       +0.000000	       -0.062454	     +350.712026	     +350.712026
               0	              37	       +3.714014	       +3.714014	      +27.477083	     +337.328772	       -5.749793	       +0.000000	       -3.126458	       -5.217577	       +0.000000	       -0.062454	     +350.712026	     +350.712026
               0	              38	       +3.951991	       +3.951991	      +21.757483	     +136.142085	       -3.985995	       +0.000000	       -2.214553	       -4.062771	       +0.000000	       -0.062454	     +147.636250	     +147.636250
               0	              39	       +3.951991	       +3.951991	      +21.757483	     +136.142085	       -3.985995	       +0.000000	       -2.214553	       -4.062771	       +0.000000	       -0.062454	     +147.636250	     +147.636250
               0	              40	       +4.776397	       +4.776397	      +14.550336	      +23.819866	       -2.537069	       +0.000000	       -1.406499	       -3.490705	       +0.000000	       -0.062454	      +30.935929	      +30.935929
               0	              41	       +4.776397	       +4.776397	      +14.550336	      +23.819866	       -2.537069	       +0.000000	       -1.406499	       -3.490705	       +0.000000	       -0.062454	      +30.935929	      +30.935929
               0	              42	       +5.486224	       +5.486224	      +34.714249	     +363.101469	       -5.828932	       +0.000000	       -3.241246	       -5.169828	       +0.000000	       -0.062454	     +383.575713	     +383.575713
               0	              43	       +5.486224	       +5.486224	      +34.714249	     +363.101469	       -5.828932	       +0.000000	       -3.241246	       -5.169828	       +0.000000	       -0.062454	     +383.575713	     +383.575713
               0	              44	       +5.562327	       +5.562327	      +34.721519	     +361.614532	       -5.823699	       +0.000000	       -3.233834	       -5.154636	       +0.000000	       -0.062454	     +382.123881	     +382.123881
               0	              45	       +5.562327	       +5.562327	      +34.721519	     +361.614532	       -5.823699	       +0.000000	       -3.233834	       -5.154636	       +0.000000	       -0.062454	     +382.123881	     +382.123881
               0	              46	       +7.461580	       +7.461580	      +39.388634	     +333.305641	       -5.649373	       +0.000000	       -3.269761	       -5.127451	       +0.000000	       -0.062454	     +358.647690	     +358.647690
               0	              47	       +7.461580	       +7.461580	      +39.388634	     +333.305641	       -5.649373	       +0.000000	       -3.269761	       -5.127451	       +0.000000	       -0.062454	     +358.647690	     +358.647690
               0	              48	       +7.478940	       +7.478940	      +39.423059	     +334.269122	       -5.655527	       +0.000000	       -3.271474	       -5.085539	       +0.000000	       -0.062454	     +359.679641	     +359.679641
               0	              49	       +7.478940	       +7.478940	      +39.423059	     +334.269122	       -5.655527	       +0.000000	       -3.271474	       -5.085539	       +0.000000	       -0.062454	     +359.679641	     +359.679641
               0	              50	       +7.640758	       +7.640758	      +39.779355	     +284.093219	       -5.733538	       +0.000000	       -3.345156	       -5.067037	       +0.000000	       -0.062454	     +309.726843	     +309.726843
               0	              51	       +7.640758	       +7.640758	      +39.779355	     +284.093219	       -5.733538	       +0.000000	       -3.345156	       -5.067037	       +0.000000	       -0.062454	     +309.726843	     +309.726843
               0	              52	      +10.750584	      +10.750584	      +46.967980	     +316.339468	       -5.323190	       +0.000000	       -3.292031	       -4.801528	       +0.000000	       -0.062454	     +349.890699	     +349.890699
               0	              53	      +10.750584	      +10.750584	      +46.967980	     +316.339468	       -5.323190	       +0.000000	       -3.292031	       -4.801528	       +0.000000	       -0.062454	     +349.890699	     +349.890699
               0	              54	      +10.765263	      +10.765263	      +46.999011	     +316.362801	       -5.322479	       +0.000000	       -3.292976	       -4.796003	       +0.000000	       -0.062454	     +349.950354	     +349.950354
               0	              55	      +10.765263	      +10.765263	      +46.999011	     +316.362801	       -5.322479	       +0.000000	       -3.292976	       -4.796003	       +0.000000	       -0.062454	     +349.950354	     +349.950354
               0	              56	      +10.847685	      +10.847685	      +27.096364	     +359.967424	       -3.361468	       +0.000000	       -2.149017	       -3.910115	       +0.000000	       -0.062454	     +377.643188	     +377.643188
               0	              57	      +10.847685	      +10.847685	      +27.096364	     +359.967424	       -3.361468	       +0.000000	       -2.149017	       -3.910115	       +0.000000	       -0.062454	     +377.643188	     +377.643188
               0	              58	      +11.103919	      +11.103919	      +52.071325	     +331.684138	       -5.891416	       +0.000000	       -3.644198	       -5.049221	       +0.000000	       -0.062454	     +369.170628	     +369.170628
               0	              59	      +11.103919	      +11.103919	      +52.071325	     +331.684138	       -5.891416	       +0.000000	       -3.644198	       -5.049221	       +0.000000	       -0.062454	     +369.170628	     +369.170628
               0	              60	      +11.110759	      +11.110759	      +52.215015	     +331.429404	       -5.910055	       +0.000000	       -3.652961	       -5.002427	       +0.000000	       -0.062454	     +369.078975	     +369.078975
               0	              61	      +11.110759	      +11.110759	      +52.215015	     +331.429404	       -5.910055	       +0.000000	       -3.652961	       -5.002427	       +0.000000	       -0.062454	     +369.078975	     +369.078975
               0	              62	      +11.238346	      +11.238346	      +20.779968	     +169.428970	       -2.426218	       +0.000000	       -1.597545	       -2.981054	       +0.000000	       -0.062454	     +183.204121	     +183.204121
               0	              63	      +11.238346	      +11.238346	      +20.779968	     +169.428970	       -2.426218	       +0.000000	       -1.597545	       -2.981054	       +0.000000	       -0.062454	     +183.204121	     +183.204121
               0	              64	      +14.009905	      +14.009905	      +23.572159	     +146.124966	       -2.063869	       +0.000000	       -1.451613	       -2.212415	       +0.000000	       -0.062454	     +163.969227	     +163.969227
               0	              65	      +14.009905	      +14.009905	      +23.572159	     +146.124966	       -2.063869	       +0.000000	       -1.451613	       -2.212415	       +0.000000	       -0.062454	     +163.969227	     +163.969227
               0	              66	      +14.263648	      +14.263648	      +24.020481	      +93.057882	       -1.950468	       +0.000000	       -1.369586	       -2.589548	       +0.000000	       -0.062454	     +111.168762	     +111.168762
               0	              67	      +14.263648	      +14.263648	      +24.020481	      +93.057882	       -1.950468	       +0.000000	       -1.369586	       -2.589548	       +0.000000	       -0.062454	     +111.168762	     +111.168762
               0	              68	      +14.654708	      +14.654708	      +31.957909	     +147.095344	       -2.874459	       +0.000000	       -1.916178	       -2.891650	       +0.000000	       -0.062454	     +171.370965	     +171.370965
               0	              69	      +14.654708	      +14.654708	      +31.957909	     +147.095344	       -2.874459	       +0.000000	       -1.916178	       -2.891650	       +0.000000	       -0.062454	     +171.370965	     +171.370965
               0	              70	      +16.051969	      +16.051969	      +21.426708	     +200.494778	       -1.651513	       +0.000000	       -1.148340	       -1.781068	       +0.000000	       -0.062454	     +217.340565	     +217.340565
               0	              71	      +16.051969	      +16.051969	      +21.426708	     +200.494778	       -1.651513	       +0.000000	       -1.148340	       -1.781068	       +0.000000	       -0.062454	     +217.340565	     +217.340565
               0	              72	      +18.076102	      +18.076102	      +40.962799	     +288.024500	       -3.237716	       +0.000000	       -2.370382	       -2.890908	       +0.000000	       -0.062454	     +320.488294	     +320.488294
               0	              73	      +18.076102	      +18.076102	      +40.962800	     +288.024500	       -3.237716	       +0.000000	       -2.370382	       -2.890908	       +0.000000	       -0.062454	     +320.488294	     +320.488294
               0	              74	      +18.251525	      +18.251525	      +40.374282	     +281.208127	       -3.175004	       +0.000000	       -2.317417	       -2.470575	       +0.000000	       -0.062454	     +313.619415	     +313.619415
               0	              75	      +18.251525	      +18.251525	      +40.374282	     +281.208127	       -3.175004	       +0.000000	       -2.317417	       -2.470575	       +0.000000	       -0.062454	     +313.619414	     +313.619414
               0	              76	      +20.596318	      +20.596318	      +35.278392	     +156.923756	       -2.263913	       +0.000000	       -1.638035	       -2.190351	       +0.000000	       -0.062454	     +186.109848	     +186.109848
               0	              77	      +20.596318	      +20.596318	      +35.278392	     +156.923756	       -2.263913	       +0.000000	       -1.638035	       -2.190351	       +0.000000	       -0.062454	     +186.109848	     +186.109848
               0	              78	      +20.815168	      +20.815168	      +36.342655	     +144.528064	       -1.999393	       +0.000000	       -1.485106	       -2.008194	       +0.000000	       -0.062454	     +175.378024	     +175.378024
               0	              79	      +20.815168	      +20.815168	      +36.342655	     +144.528064	       -1.999393	       +0.000000	       -1.485106	       -2.008194	       +0.000000	       -0.062454	     +175.378025	     +175.378025

k-point 1:
               1	               0	      -65.392799	      -65.392799	      +29.311577	     +592.343368	      -40.094207	       -3.550384	      -18.030628	      -12.102451	       -3.425477	       -0.062454	     +551.427660	     +551.427660
               1	               1	      -65.392799	      -65.392799	      +29.311577	     +592.343368	      -40.094207	       -3.550384	      -18.030628	      -12.102451	       -3.425477	       -0.062454	     +551.427660	     +551.427660
               1	               2	      -42.080407	      -42.080407	      +50.926996	     +585.133963	      -33.998713	       -3.550384	      -15.090064	      -10.810613	       -3.425477	       -0.062454	     +576.161569	     +576.161569
               1	               3	      -42.080407	      -42.080407	      +50.926996	     +585.133963	      -33.998713	       -3.550384	      -15.090064	      -10.810613	       -3.425477	       -0.062454	     +576.161569	     +576.161569
               1	               4	      -39.576634	      -39.576634	      +47.748863	     +581.609913	      -33.338485	       -3.550384	      -14.786174	      -10.649920	       -3.425477	       -0.062454	     +570.584198	     +570.584198
               1	               5	      -39.576634	      -39.576634	      +47.748863	     +581.609913	      -33.338485	       -3.550384	      -14.786174	      -10.649920	       -3.425477	       -0.062454	     +570.584198	     +570.584198
               1	               6	      -39.426548	      -39.426548	      +48.742352	     +584.671580	      -33.354909	       -3.550384	      -14.810775	      -10.687710	       -3.425477	       -0.062454	     +574.560537	     +574.560537
               1	               7	      -39.426548	      -39.426548	      +48.742353	     +584.671580	      -33.354909	       -3.550384	      -14.810775	      -10.687710	       -3.425477	       -0.062454	     +574.560538	     +574.560538
               1	               8	      -18.084493	      -18.084493	      +13.069808	     +384.782930	      -22.411656	       -3.550384	       -9.748903	       -8.313020	       -3.425477	       -0.062454	     +357.379159	     +357.379159
               1	               9	      -18.084493	      -18.084493	      +13.069808	     +384.782930	      -22.411656	       -3.550384	       -9.748903	       -8.313020	       -3.425477	       -0.062454	     +357.379159	     +357.379159
               1	              10	      -17.638783	      -17.638783	      +13.836883	     +370.681019	      -22.368800	       -3.550384	       -9.699359	       -8.369588	       -3.425477	       -0.062454	     +344.080156	     +344.080156
               1	              11	      -17.638783	      -17.638783	      +13.836883	     +370.681019	      -22.368800	       -3.550384	       -9.699359	       -8.369588	       -3.425477	       -0.062454	     +344.080156	     +344.080156
               1	              12	      -10.524665	      -10.524665	      +22.254093	     +420.673812	      -18.380984	       -3.550384	       -9.180117	       -7.218501	       -3.425477	       -0.062454	     +408.148302	     +408.148302
               1	              13	      -10.524665	      -10.524665	      +22.254093	     +420.673812	      -18.380984	       -3.550384	       -9.180117	       -7.218501	       -3.425477	       -0.062454	     +408.148303	     +408.148303
               1	              14	       -9.566583	       -9.566583	      +23.065894	     +380.897993	      -17.833021	       -3.550384	       -9.069447	       -7.207111	       -3.425477	       -0.062454	     +369.854307	     +369.854307
               1	              15	       -9.566583	       -9.566583	      +23.065895	     +380.897993	      -17.833021	       -3.550384	       -9.069447	       -7.207111	       -3.425477	       -0.062454	     +369.854308	     +369.854308
               1	              16	       -9.176330	       -9.176330	      +21.632779	     +376.535910	      -17.734139	       -3.550384	       -8.936398	       -7.199382	       -3.425477	       -0.062454	     +364.298771	     +364.298771
               1	              17	       -9.176330	       -9.176330	      +21.632779	     +376.535910	      -17.734139	       -3.550384	       -8.936398	       -7.199382	       -3.425477	       -0.062454	     +364.298771	     +364.298771
               1	              18	       -8.120290	       -8.120290	      +34.386661	     +447.730240	      -18.820291	       -3.550384	       -9.898919	       -7.486623	       -3.425477	       -0.062454	     +445.911068	     +445.911068
               1	              19	       -8.120290	       -8.120290	      +34.386663	     +447.730240	      -18.820291	       -3.550384	       -9.898919	       -7.486623	       -3.425477	       -0.062454	     +445.911070	     +445.911070
               1	              20	       -7.044058	       -7.044058	      +24.668662	     +322.648581	      -17.160931	       -3.550384	       -8.798514	       -7.190485	       -3.425477	       -0.062454	     +314.167313	     +314.167313
               1	              21	       -7.044058	       -7.044058	      +24.668663	     +322.648581	      -17.160931	       -3.550384	       -8.798514	       -7.190485	       -3.425477	       -0.062454	     +314.167314	     +314.167314
               1	              22	       -6.595082	       -6.595082	      +32.360521	     +425.773717	      -17.872306	       -3.550384	       -9.371197	       -7.424306	       -3.425477	       -0.062454	     +423.466429	     +423.466429
               1	              23	       -6.595079	       -6.595079	      +32.360475	     +425.773717	      -17.872306	       -3.550384	       -9.371197	       -7.424306	       -3.425477	       -0.062454	     +423.466382	     +423.466382
               1	              24	       -6.289900	       -6.289900	      +38.267526	     +467.217878	      -17.467645	       -3.550384	       -9.610852	       -7.229770	       -3.425477	       -0.062454	     +471.177137	     +471.177137
               1	              25	       -6.289896	       -6.289896	      +38.267480	     +467.217878	      -17.467645	       -3.550384	       -9.610852	       -7.229770	       -3.425477	       -0.062454	     +471.177091	     +471.177091
               1	              26	       -3.056465	       -3.056465	      +53.234556	     +482.824399	      -12.352189	       +0.000000	       -5.972392	       -7.433280	       +0.000000	       -0.062454	     +510.301094	     +510.301094
               1	              27	       -3.056463	       -3.056463	      +53.234586	     +482.824399	      -12.352189	       +0.000000	       -5.972392	       -7.433280	       +0.000000	       -0.062454	     +510.301125	     +510.301125
               1	              28	       -2.954589	       -2.954589	      +50.547141	     +457.120662	      -11.744090	       +0.000000	       -5.715021	       -7.244879	       +0.000000	       -0.062454	     +482.963813	     +482.963813
               1	              29	       -2.954586	       -2.954586	      +50.547173	     +457.120662	      -11.744090	       +0.000000	       -5.715021	       -7.244879	       +0.000000	       -0.062454	     +482.963845	     +482.963845
               1	              30	       -1.863615	       -1.863615	      +47.548638	     +438.858839	      -10.688349	       +0.000000	       -5.426591	       -6.924430	       +0.000000	       -0.062454	     +463.368107	     +463.368107
               1	              31	       -1.863615	       -1.863615	      +47.548635	     +438.858839	      -10.688349	       +0.000000	       -5.426591	       -6.924430	       +0.000000	       -0.062454	     +463.368104	     +463.368104
               1	              32	       -1.263892	       -1.263892	      +51.240738	     +422.530274	      -11.331384	       +0.000000	       -5.492678	       -7.289146	       +0.000000	       -0.062454	     +449.657805	     +449.657805
               1	              33	       -1.263891	       -1.263891	      +51.240735	     +422.530274	      -11.331384	       +0.000000	       -5.492678	       -7.289146	       +0.000000	       -0.062454	     +449.657802	     +449.657802
               1	              34	       +2.649882	       +2.649882	      +30.062434	     +342.057785	       -6.137502	       +0.000000	       -3.318472	       -5.429819	       +0.000000	       -0.062454	     +357.234427	     +357.234427
               1	              35	       +2.649882	       +2.649882	      +30.062440	     +342.057785	       -6.137502	       +0.000000	       -3.318472	       -5.429819	       +0.000000	       -0.062454	     +357.234432	     +357.234432
               1	              36	       +2.893230	       +2.893230	      +27.034616	     +321.220303	       -5.569604	       +0.000000	       -2.979916	       -5.046162	       +0.000000	       -0.062454	     +334.659237	     +334.659237
               1	              37	       +2.893230	       +2.893230	      +27.034617	     +321.220303	       -5.569604	       +0.000000	       -2.979916	       -5.046162	       +0.000000	       -0.062454	     +334.659238	     +334.659238
               1	              38	       +3.304598	       +3.304598	      +34.160207	     +331.561441	       -6.218624	       +0.000000	       -3.469670	       -5.299135	       +0.000000	       -0.062454	     +350.734219	     +350.734219
               1	              39	       +3.304598	       +3.304598	      +34.160214	     +331.561441	       -6.218624	       +0.000000	       -3.469670	       -5.299135	       +0.000000	       -0.062454	     +350.734226	     +350.734226
               1	              40	       +5.155272	       +5.155272	      +30.162463	     +213.434301	       -4.717193	       +0.000000	       -2.723830	       -4.632483	       +0.000000	       -0.062454	     +231.523258	     +231.523258
               1	              41	       +5.155272	       +5.155272	      +30.162461	     +213.434301	       -4.717193	       +0.000000	       -2.723830	       -4.632483	       +0.000000	       -0.062454	     +231.523257	     +231.523257
               1	              42	       +5.593537	       +5.593537	      +37.610615	     +288.186918	       -5.848317	       +0.000000	       -3.381014	       -5.009687	       +0.000000	       -0.062454	     +311.558514	     +311.558514
               1	              43	       +5.593537	       +5.593537	      +37.610618	     +288.186918	       -5.848317	       +0.000000	       -3.381014	       -5.009687	       +0.000000	       -0.062454	     +311.558517	     +311.558517
               1	              44	       +7.168541	       +7.168541	      +40.554125	     +382.020142	       -6.073571	       +0.000000	       -3.504178	       -5.179875	       +0.000000	       -0.062454	     +407.816642	     +407.816642
               1	              45	       +7.168542	       +7.168542	      +40.554129	     +382.020142	       -6.073571	       +0.000000	       -3.504178	       -5.179875	       +0.000000	       -0.062454	     +407.816646	     +407.816646
               1	              46	       +7.616676	       +7.616676	      +27.705613	     +173.591740	       -3.872869	       +0.000000	       -2.262920	       -4.118643	       +0.000000	       -0.062454	     +191.042921	     +191.042921
               1	              47	       +7.616676	       +7.616676	      +27.705612	     +173.591740	       -3.872869	       +0.000000	       -2.262920	       -4.118643	       +0.000000	       -0.062454	     +191.042921	     +191.042921
               1	              48	       +7.719677	       +7.719677	      +33.658389	     +312.603851	       -4.898192	       +0.000000	       -2.814214	       -4.703243	       +0.000000	       -0.062454	     +333.846591	     +333.846591
               1	              49	       +7.719677	       +7.719677	      +33.658393	     +312.603851	       -4.898192	       +0.000000	       -2.814214	       -4.703243	       +0.000000	       -0.062454	     +333.846594	     +333.846594
               1	              50	       +9.143826	       +9.143826	      +38.315834	     +324.718470	       -4.948901	       +0.000000	       -2.922443	       -4.699746	       +0.000000	       -0.062454	     +350.463214	     +350.463214
               1	              51	       +9.143826	       +9.143826	      +38.315834	     +324.718470	       -4.948901	       +0.000000	       -2.922443	       -4.699746	       +0.000000	       -0.062454	     +350.463214	     +350.463214
               1	              52	       +9.711199	       +9.711199	      +30.193889	     +216.186665	       -3.733014	       +0.000000	       -2.267937	       -3.960384	       +0.000000	       -0.062454	     +236.419219	     +236.419219
               1	              53	       +9.711199	       +9.711199	      +30.193871	     +216.186665	       -3.733014	       +0.000000	       -2.267937	       -3.960384	       +0.000000	       -0.062454	     +236.419202	     +236.419202
               1	              54	      +10.065543	      +10.065543	      +43.847239	     +356.456861	       -5.345981	       +0.000000	       -3.201706	       -4.820523	       +0.000000	       -0.062454	     +386.935890	     +386.935890
               1	              55	      +10.065543	      +10.065543	      +43.847231	     +356.456861	       -5.345981	       +0.000000	       -3.201706	       -4.820523	       +0.000000	       -0.062454	     +386.935882	     +386.935882
               1	              56	      +10.144713	      +10.144713	      +38.036227	     +293.025714	       -4.669456	       +0.000000	       -2.811098	       -4.553973	       +0.000000	       -0.062454	     +319.027414	     +319.027414
               1	              57	      +10.144714	      +10.144714	      +38.036236	     +293.025714	       -4.669456	       +0.000000	       -2.811098	       -4.553973	       +0.000000	       -0.062454	     +319.027423	     +319.027423
               1	              58	      +12.357126	      +12.357126	      +53.777692	     +338.149950	       -5.553610	       +0.000000	       -3.512816	       -4.843872	       +0.000000	       -0.062454	     +378.017344	     +378.017344
               1	              59	      +12.357126	      +12.357126	      +53.777692	     +338.149950	       -5.553610	       +0.000000	       -3.512816	       -4.843872	       +0.000000	       -0.062454	     +378.017345	     +378.017345
               1	              60	      +13.541741	      +13.541741	      +25.746129	     +115.214026	       -2.058425	       +0.000000	       -1.392335	       -2.759638	       +0.000000	       -0.062454	     +134.749757	     +134.749757
               1	              61	      +13.541741	      +13.541741	      +25.746130	     +115.214026	       -2.058425	       +0.000000	       -1.392335	       -2.759638	       +0.000000	       -0.062454	     +134.749758	     +134.749758
               1	              62	      +13.877065	      +13.877065	      +25.281243	     +105.439985	       -2.046501	       +0.000000	       -1.415092	       -2.630274	       +0.000000	       -0.062454	     +124.629361	     +124.629361
               1	              63	      +13.877066	      +13.877066	      +25.281240	     +105.439985	       -2.046501	       +0.000000	       -1.415092	       -2.630274	       +0.000000	       -0.062454	     +124.629358	     +124.629358
               1	              64	      +14.840729	      +14.840729	      +29.447002	     +131.121704	       -2.603359	       +0.000000	       -1.744385	       -2.666360	       +0.000000	       -0.062454	     +153.554602	     +153.554602
               1	              65	      +14.840729	      +14.840729	      +29.446999	     +131.121704	       -2.603359	       +0.000000	       -1.744385	       -2.666360	       +0.000000	       -0.062454	     +153.554599	     +153.554599
               1	              66	      +15.590640	      +15.590640	      +33.986359	     +138.380200	       -2.824447	       +0.000000	       -1.858181	       -2.887974	       +0.000000	       -0.062454	     +164.795957	     +164.795957
               1	              67	      +15.590640	      +15.590640	      +33.986358	     +138.380200	       -2.824447	       +0.000000	       -1.858181	       -2.887974	       +0.000000	       -0.062454	     +164.795957	     +164.795957
               1	              68	      +16.288989	      +16.288989	      +37.976966	     +289.923957	       -3.263995	       +0.000000	       -2.240929	       -3.000726	       +0.000000	       -0.062454	     +319.395273	     +319.395273
               1	              69	      +16.288989	      +16.288989	      +37.976971	     +289.923957	       -3.263995	       +0.000000	       -2.240929	       -3.000726	       +0.000000	       -0.062454	     +319.395278	     +319.395278
               1	              70	      +17.050900	      +17.050900	      +40.455410	     +272.861038	       -3.187159	       +0.000000	       -2.184635	       -3.197625	       +0.000000	       -0.062454	     +304.747029	     +304.747029
               1	              71	      +17.050900	      +17.050900	      +40.455408	     +272.861038	       -3.187159	       +0.000000	       -2.184635	       -3.197625	       +0.000000	       -0.062454	     +304.747027	     +304.747027
               1	              72	      +17.207931	      +17.207931	      +28.795665	      +68.950709	       -1.845641	       +0.000000	       -1.298587	       -2.162061	       +0.000000	       -0.062454	      +92.440084	      +92.440084
               1	              73	      +17.207931	      +17.207931	      +28.795664	      +68.950709	       -1.845641	       +0.000000	       -1.298587	       -2.162061	       +0.000000	       -0.062454	      +92.440084	      +92.440084
               1	              74	      +17.657340	      +17.657340	      +22.358259	     +112.171542	       -1.606349	       +0.000000	       -1.128669	       -1.476622	       +0.000000	       -0.062454	     +130.318162	     +130.318162
               1	              75	      +17.657340	      +17.657340	      +22.358262	     +112.171542	       -1.606349	       +0.000000	       -1.128669	       -1.476622	       +0.000000	       -0.062454	     +130.318164	     +130.318164
               1	              76	      +19.467539	      +19.467539	      +42.291497	     +258.500012	       -2.905947	       +0.000000	       -2.038431	       -2.713656	       +0.000000	       -0.062454	     +293.133476	     +293.133476
               1	              77	      +19.467539	      +19.467539	      +42.291494	     +258.500012	       -2.905947	       +0.000000	       -2.038431	       -2.713656	       +0.000000	       -0.062454	     +293.133472	     +293.133472
               1	              78	      +19.553067	      +19.553067	      +42.940833	     +300.447985	       -2.915953	       +0.000000	       -2.055905	       -2.870660	       +0.000000	       -0.062454	     +335.546301	     +335.546301
               1	              79	      +19.553067	      +19.553067	      +42.940834	     +300.447985	       -2.915953	       +0.000000	       -2.055905	       -2.870660	       +0.000000	       -0.062454	     +335.546302	     +335.546302

k-point 2:
               2	               0	      -65.392799	      -65.392799	      +29.311577	     +592.343368	      -40.094207	       -3.550384	      -18.030628	      -12.102451	       -3.425477	       -0.062454	     +551.427660	     +551.427660
               2	               1	      -65.392799	      -65.392799	      +29.311577	     +592.343368	      -40.094207	       -3.550384	      -18.030628	      -12.102451	       -3.425477	       -0.062454	     +551.427660	     +551.427660
               2	               2	      -42.080407	      -42.080407	      +50.926996	     +585.133963	      -33.998713	       -3.550384	      -15.090064	      -10.810613	       -3.425477	       -0.062454	     +576.161569	     +576.161569
               2	               3	      -42.080407	      -42.080407	      +50.926996	     +585.133963	      -33.998713	       -3.550384	      -15.090064	      -10.810613	       -3.425477	       -0.062454	     +576.161569	     +576.161569
               2	               4	      -39.576634	      -39.576634	      +47.748863	     +581.609913	      -33.338485	       -3.550384	      -14.786174	      -10.649920	       -3.425477	       -0.062454	     +570.584198	     +570.584198
               2	               5	      -39.576634	      -39.576634	      +47.748863	     +581.609913	      -33.338485	       -3.550384	      -14.786174	      -10.649920	       -3.425477	       -0.062454	     +570.584198	     +570.584198
               2	               6	      -39.426548	      -39.426548	      +48.742352	     +584.671580	      -33.354909	       -3.550384	      -14.810775	      -10.687710	       -3.425477	       -0.062454	     +574.560537	     +574.560537
               2	               7	      -39.426548	      -39.426548	      +48.742353	     +584.671580	      -33.354909	       -3.550384	      -14.810775	      -10.687710	       -3.425477	       -0.062454	     +574.560538	     +574.560538
               2	               8	      -18.084493	      -18.084493	      +13.069808	     +384.782930	      -22.411656	       -3.550384	       -9.748903	       -8.313020	       -3.425477	       -0.062454	     +357.379159	     +357.379159
               2	               9	      -18.084493	      -18.084493	      +13.069808	     +384.782930	      -22.411656	       -3.550384	       -9.748903	       -8.313020	       -3.425477	       -0.062454	     +357.379159	     +357.379159
               2	              10	      -17.638783	      -17.638783	      +13.836883	     +370.681019	      -22.368800	       -3.550384	       -9.699359	       -8.369588	       -3.425477	       -0.062454	     +344.080156	     +344.080156
               2	              11	      -17.638783	      -17.638783	      +13.836883	     +370.681019	      -22.368800	       -3.550384	       -9.699359	       -8.369588	       -3.425477	       -0.062454	     +344.080156	     +344.080156
               2	              12	      -10.524665	      -10.524665	      +22.254093	     +420.673812	      -18.380984	       -3.550384	       -9.180117	       -7.218501	       -3.425477	       -0.062454	     +408.148302	     +408.148302
               2	              13	      -10.524665	      -10.524665	      +22.254093	     +420.673812	      -18.380984	       -3.550384	       -9.180117	       -7.218501	       -3.425477	       -0.062454	     +408.148303	     +408.148303
               2	              14	       -9.566583	       -9.566583	      +23.065894	     +380.897993	      -17.833021	       -3.550384	       -9.069447	       -7.207111	       -3.425477	       -0.062454	     +369.854307	     +369.854307
               2	              15	       -9.566583	       -9.566583	      +23.065895	     +380.897993	      -17.833021	       -3.550384	       -9.069447	       -7.207111	       -3.425477	       -0.062454	     +369.854308	     +369.854308
               2	              16	       -9.176330	       -9.176330	      +21.632779	     +376.535910	      -17.734139	       -3.550384	       -8.936398	       -7.199382	       -3.425477	       -0.062454	     +364.298771	     +364.298771
               2	              17	       -9.176330	       -9.176330	      +21.632779	     +376.535910	      -17.734139	       -3.550384	       -8.936398	       -7.199382	       -3.425477	       -0.062454	     +364.298771	     +364.298771
               2	              18	       -8.120290	       -8.120290	      +34.386661	     +447.730240	      -18.820291	       -3.550384	       -9.898919	       -7.486623	       -3.425477	       -0.062454	     +445.911068	     +445.911068
               2	              19	       -8.120290	       -8.120290	      +34.386663	     +447.730240	      -18.820291	       -3.550384	       -9.898919	       -7.486623	       -3.425477	       -0.062454	     +445.911070	     +445.911070
               2	              20	       -7.044058	       -7.044058	      +24.668662	     +322.648581	      -17.160931	       -3.550384	       -8.798514	       -7.190485	       -3.425477	       -0.062454	     +314.167313	     +314.167313
               2	              21	       -7.044058	       -7.044058	      +24.668663	     +322.648581	      -17.160931	       -3.550384	       -8.798514	       -7.190485	       -3.425477	       -0.062454	     +314.167314	     +314.167314
               2	              22	       -6.595082	       -6.595082	      +32.360521	     +425.773717	      -17.872306	       -3.550384	       -9.371197	       -7.424306	       -3.425477	       -0.062454	     +423.466429	     +423.466429
               2	              23	       -6.595079	       -6.595079	      +32.360475	     +425.773717	      -17.872306	       -3.550384	       -9.371197	       -7.424306	       -3.425477	       -0.062454	     +423.466382	     +423.466382
               2	              24	       -6.289900	       -6.289900	      +38.267526	     +467.217878	      -17.467645	       -3.550384	       -9.610852	       -7.229770	       -3.425477	       -0.062454	     +471.177137	     +471.177137
               2	              25	       -6.289896	       -6.289896	      +38.267480	     +467.217878	      -17.467645	       -3.550384	       -9.610852	       -7.229770	       -3.425477	       -0.062454	     +471.177091	     +471.177091
               2	              26	       -3.056465	       -3.056465	      +53.234556	     +482.824399	      -12.352189	       +0.000000	       -5.972392	       -7.433280	       +0.000000	       -0.062454	     +510.301094	     +510.301094
               2	              27	       -3.056463	       -3.056463	      +53.234586	     +482.824399	      -12.352189	       +0.000000	       -5.972392	       -7.433280	       +0.000000	       -0.062454	     +510.301125	     +510.301125
               2	              28	       -2.954589	       -2.954589	      +50.547141	     +457.120662	      -11.744090	       +0.000000	       -5.715021	       -7.244879	       +0.000000	       -0.062454	     +482.963813	     +482.963813
               2	              29	       -2.954586	       -2.954586	      +50.547173	     +457.120662	      -11.744090	       +0.000000	       -5.715021	       -7.244879	       +0.000000	       -0.062454	     +482.963845	     +482.963845
               2	              30	       -1.863615	       -1.863615	      +47.548638	     +438.858839	      -10.688349	       +0.000000	       -5.426591	       -6.924430	       +0.000000	       -0.062454	     +463.368107	     +463.368107
               2	              31	       -1.863615	       -1.863615	      +47.548635	     +438.858839	      -10.688349	       +0.000000	       -5.426591	       -6.924430	       +0.000000	       -0.062454	     +463.368104	     +463.368104
               2	              32	       -1.263892	       -1.263892	      +51.240738	     +422.530274	      -11.331384	       +0.000000	       -5.492678	       -7.289146	       +0.000000	       -0.062454	     +449.657805	     +449.657805
               2	              33	       -1.263891	       -1.263891	      +51.240735	     +422.530274	      -11.331384	       +0.000000	       -5.492678	       -7.289146	       +0.000000	       -0.062454	     +449.657802	     +449.657802
               2	              34	       +2.649882	       +2.649882	      +30.062434	     +342.057785	       -6.137502	       +0.000000	       -3.318472	       -5.429819	       +0.000000	       -0.062454	     +357.234427	     +357.234427
               2	              35	       +2.649882	       +2.649882	      +30.062440	     +342.057785	       -6.137502	       +0.000000	       -3.318472	       -5.429819	       +0.000000	       -0.062454	     +357.234432	     +357.234432
               2	              36	       +2.893230	       +2.893230	      +27.034616	     +321.220303	       -5.569604	       +0.000000	       -2.979916	       -5.046162	       +0.000000	       -0.062454	     +334.659237	     +334.659237
               2	              37	       +2.893230	       +2.893230	      +27.034617	     +321.220303	       -5.569604	       +0.000000	       -2.979916	       -5.046162	       +0.000000	       -0.062454	     +334.659238	     +334.659238
               2	              38	       +3.304598	       +3.304598	      +34.160207	     +331.561441	       -6.218624	       +0.000000	       -3.469670	       -5.299135	       +0.000000	       -0.062454	     +350.734219	     +350.734219
               2	              39	       +3.304598	       +3.304598	      +34.160214	     +331.561441	       -6.218624	       +0.000000	       -3.469670	       -5.299135	       +0.000000	       -0.062454	     +350.734226	     +350.734226
               2	              40	       +5.155272	       +5.155272	      +30.162463	     +213.434301	       -4.717193	       +0.000000	       -2.723830	       -4.632483	       +0.000000	       -0.062454	     +231.523258	     +231.523258
               2	              41	       +5.155272	       +5.155272	      +30.162461	     +213.434301	       -4.717193	       +0.000000	       -2.723830	       -4.632483	       +0.000000	       -0.062454	     +231.523257	     +231.523257
               2	              42	       +5.593537	       +5.593537	      +37.610615	     +288.186918	       -5.848317	       +0.000000	       -3.381014	       -5.009687	       +0.000000	       -0.062454	     +311.558514	     +311.558514
               2	              43	       +5.593537	       +5.593537	      +37.610618	     +288.186918	       -5.848317	       +0.000000	       -3.381014	       -5.009687	       +0.000000	       -0.062454	     +311.558517	     +311.558517
               2	              44	       +7.168541	       +7.168541	      +40.554125	     +382.020142	       -6.073571	       +0.000000	       -3.504178	       -5.179875	       +0.000000	       -0.062454	     +407.816642	     +407.816642
               2	              45	       +7.168542	       +7.168542	      +40.554129	     +382.020142	       -6.073571	       +0.000000	       -3.504178	       -5.179875	       +0.000000	       -0.062454	     +407.816646	     +407.816646
               2	              46	       +7.616676	       +7.616676	      +27.705613	     +173.591740	       -3.872869	       +0.000000	       -2.262920	       -4.118643	       +0.000000	       -0.062454	     +191.042921	     +191.042921
               2	              47	       +7.616676	       +7.616676	      +27.705612	     +173.591740	       -3.872869	       +0.000000	       -2.262920	       -4.118643	       +0.000000	       -0.062454	     +191.042921	     +191.042921
               2	              48	       +7.719677	       +7.719677	      +33.658389	     +312.603851	       -4.898192	       +0.000000	       -2.814214	       -4.703243	       +0.000000	       -0.062454	     +333.846591	     +333.846591
               2	              49	       +7.719677	       +7.719677	      +33.658393	     +312.603851	       -4.898192	       +0.000000	       -2.814214	       -4.703243	       +0.000000	       -0.062454	     +333.846594	     +333.846594
               2	              50	       +9.143826	       +9.143826	      +38.315834	     +324.718470	       -4.948901	       +0.000000	       -2.922443	       -4.699746	       +0.000000	       -0.062454	     +350.463214	     +350.463214
               2	              51	       +9.143826	       +9.143826	      +38.315834	     +324.718470	       -4.948901	       +0.000000	       -2.922443	       -4.699746	       +0.000000	       -0.062454	     +350.463214	     +350.463214
               2	              52	       +9.711199	       +9.711199	      +30.193889	     +216.186665	       -3.733014	       +0.000000	       -2.267937	       -3.960384	       +0.000000	       -0.062454	     +236.419219	     +236.419219
               2	              53	       +9.711199	       +9.711199	      +30.193871	     +216.186665	       -3.733014	       +0.000000	       -2.267937	       -3.960384	       +0.000000	       -0.062454	     +236.419202	     +236.419202
               2	              54	      +10.065543	      +10.065543	      +43.847239	     +356.456861	       -5.345981	       +0.000000	       -3.201706	       -4.820523	       +0.000000	       -0.062454	     +386.935890	     +386.935890
               2	              55	      +10.065543	      +10.065543	      +43.847231	     +356.456861	       -5.345981	       +0.000000	       -3.201706	       -4.820523	       +0.000000	       -0.062454	     +386.935882	     +386.935882
               2	              56	      +10.144713	      +10.144713	      +38.036227	     +293.025714	       -4.669456	       +0.000000	       -2.811098	       -4.553973	       +0.000000	       -0.062454	     +319.027414	     +319.027414
               2	              57	      +10.144714	      +10.144714	      +38.036236	     +293.025714	       -4.669456	       +0.000000	       -2.811098	       -4.553973	       +0.000000	       -0.062454	     +319.027423	     +319.027423
               2	              58	      +12.357126	      +12.357126	      +53.777692	     +338.149950	       -5.553610	       +0.000000	       -3.512816	       -4.843872	       +0.000000	       -0.062454	     +378.017344	     +378.017344
               2	              59	      +12.357126	      +12.357126	      +53.777692	     +338.149950	       -5.553610	       +0.000000	       -3.512816	       -4.843872	       +0.000000	       -0.062454	     +378.017345	     +378.017345
               2	              60	      +13.541741	      +13.541741	      +25.746129	     +115.214026	       -2.058425	       +0.000000	       -1.392335	       -2.759638	       +0.000000	       -0.062454	     +134.749757	     +134.749757
               2	              61	      +13.541741	      +13.541741	      +25.746130	     +115.214026	       -2.058425	       +0.000000	       -1.392335	       -2.759638	       +0.000000	       -0.062454	     +134.749758	     +134.749758
               2	              62	      +13.877065	      +13.877065	      +25.281243	     +105.439985	       -2.046501	       +0.000000	       -1.415092	       -2.630274	       +0.000000	       -0.062454	     +124.629361	     +124.629361
               2	              63	      +13.877066	      +13.877066	      +25.281240	     +105.439985	       -2.046501	       +0.000000	       -1.415092	       -2.630274	       +0.000000	       -0.062454	     +124.629358	     +124.629358
               2	              64	      +14.840729	      +14.840729	      +29.447002	     +131.121704	       -2.603359	       +0.000000	       -1.744385	       -2.666360	       +0.000000	       -0.062454	     +153.554602	     +153.554602
               2	              65	      +14.840729	      +14.840729	      +29.446999	     +131.121704	       -2.603359	       +0.000000	       -1.744385	       -2.666360	       +0.000000	       -0.062454	     +153.554599	     +153.554599
               2	              66	      +15.590640	      +15.590640	      +33.986359	     +138.380200	       -2.824447	       +0.000000	       -1.858181	       -2.887974	       +0.000000	       -0.062454	     +164.795957	     +164.795957
               2	              67	      +15.590640	      +15.590640	      +33.986358	     +138.380200	       -2.824447	       +0.000000	       -1.858181	       -2.887974	       +0.000000	       -0.062454	     +164.795957	     +164.795957
               2	              68	      +16.288989	      +16.288989	      +37.976966	     +289.923957	       -3.263995	       +0.000000	       -2.240929	       -3.000726	       +0.000000	       -0.062454	     +319.395273	     +319.395273
               2	              69	      +16.288989	      +16.288989	      +37.976971	     +289.923957	       -3.263995	       +0.000000	       -2.240929	       -3.000726	       +0.000000	       -0.062454	     +319.395278	     +319.395278
               2	              70	      +17.050900	      +17.050900	      +40.455410	     +272.861038	       -3.187159	       +0.000000	       -2.184635	       -3.197625	       +0.000000	       -0.062454	     +304.747029	     +304.747029
               2	              71	      +17.050900	      +17.050900	      +40.455408	     +272.861038	       -3.187159	       +0.000000	       -2.184635	       -3.197625	       +0.000000	       -0.062454	     +304.747027	     +304.747027
               2	              72	      +17.207931	      +17.207931	      +28.795665	      +68.950709	       -1.845641	       +0.000000	       -1.298587	       -2.162061	       +0.000000	       -0.062454	      +92.440084	      +92.440084
               2	              73	      +17.207931	      +17.207931	      +28.795664	      +68.950709	       -1.845641	       +0.000000	       -1.298587	       -2.162061	       +0.000000	       -0.062454	      +92.440084	      +92.440084
               2	              74	      +17.657340	      +17.657340	      +22.358259	     +112.171542	       -1.606349	       +0.000000	       -1.128669	       -1.476622	       +0.000000	       -0.062454	     +130.318162	     +130.318162
               2	              75	      +17.657340	      +17.657340	      +22.358262	     +112.171542	       -1.606349	       +0.000000	       -1.128669	       -1.476622	       +0.000000	       -0.062454	     +130.318164	     +130.318164
               2	              76	      +19.467539	      +19.467539	      +42.291497	     +258.500012	       -2.905947	       +0.000000	       -2.038431	       -2.713656	       +0.000000	       -0.062454	     +293.133476	     +293.133476
               2	              77	      +19.467539	      +19.467539	      +42.291494	     +258.500012	       -2.905947	       +0.000000	       -2.038431	       -2.713656	       +0.000000	       -0.062454	     +293.133472	     +293.133472
               2	              78	      +19.553067	      +19.553067	      +42.940833	     +300.447985	       -2.915953	       +0.000000	       -2.055905	       -2.870660	       +0.000000	       -0.062454	     +335.546301	     +335.546301
               2	              79	      +19.553067	      +19.553067	      +42.940834	     +300.447985	       -2.915953	       +0.000000	       -2.055905	       -2.870660	       +0.000000	       -0.062454	     +335.546302	     +335.546302

k-point 3:
               3	               0	      -65.392799	      -65.392799	      +29.311576	     +595.106763	      -40.117969	       -3.550384	      -18.036824	      -12.111575	       -3.425477	       -0.062454	     +554.151971	     +554.151971
               3	               1	      -65.392799	      -65.392799	      +29.311576	     +595.106763	      -40.117969	       -3.550384	      -18.036824	      -12.111575	       -3.425477	       -0.062454	     +554.151971	     +554.151971
               3	               2	      -42.080407	      -42.080407	      +50.926997	     +585.395639	      -33.999074	       -3.550384	      -15.090507	      -10.810406	       -3.425477	       -0.062454	     +576.422648	     +576.422648
               3	               3	      -42.080407	      -42.080407	      +50.926997	     +585.395639	      -33.999074	       -3.550384	      -15.090507	      -10.810406	       -3.425477	       -0.062454	     +576.422648	     +576.422648
               3	               4	      -39.576634	      -39.576634	      +47.748863	     +580.947868	      -33.332141	       -3.550384	      -14.785368	      -10.647719	       -3.425477	       -0.062454	     +569.931504	     +569.931504
               3	               5	      -39.576634	      -39.576634	      +47.748863	     +580.947868	      -33.332141	       -3.550384	      -14.785368	      -10.647719	       -3.425477	       -0.062454	     +569.931504	     +569.931504
               3	               6	      -39.426547	      -39.426547	      +48.742357	     +586.052106	      -33.360972	       -3.550384	      -14.812092	      -10.688823	       -3.425477	       -0.062454	     +575.932576	     +575.932576
               3	               7	      -39.426547	      -39.426547	      +48.742357	     +586.052106	      -33.360972	       -3.550384	      -14.812092	      -10.688823	       -3.425477	       -0.062454	     +575.932576	     +575.932576
               3	               8	      -18.084495	      -18.084495	      +13.069804	     +384.669814	      -22.400720	       -3.550384	       -9.747950	       -8.307744	       -3.425477	       -0.062454	     +357.283203	     +357.283203
               3	               9	      -18.084495	      -18.084495	      +13.069804	     +384.669814	      -22.400720	       -3.550384	       -9.747950	       -8.307744	       -3.425477	       -0.062454	     +357.283203	     +357.283203
               3	              10	      -17.638785	      -17.638785	      +13.836879	     +369.176031	      -22.357824	       -3.550384	       -9.694921	       -8.365933	       -3.425477	       -0.062454	     +342.594232	     +342.594232
               3	              11	      -17.638785	      -17.638785	      +13.836879	     +369.176031	      -22.357824	       -3.550384	       -9.694921	       -8.365933	       -3.425477	       -0.062454	     +342.594232	     +342.594232
               3	              12	      -10.524665	      -10.524665	      +22.254088	     +420.814528	      -18.386070	       -3.550384	       -9.180754	       -7.220945	       -3.425477	       -0.062454	     +408.280846	     +408.280846
               3	              13	      -10.524665	      -10.524665	      +22.254088	     +420.814528	      -18.386070	       -3.550384	       -9.180754	       -7.220945	       -3.425477	       -0.062454	     +408.280847	     +408.280847
               3	              14	       -9.566583	       -9.566583	      +23.065879	     +382.023981	      -17.844407	       -3.550384	       -9.075361	       -7.214208	       -3.425477	       -0.062454	     +370.955884	     +370.955884
               3	              15	       -9.566583	       -9.566583	      +23.065880	     +382.023981	      -17.844407	       -3.550384	       -9.075361	       -7.214208	       -3.425477	       -0.062454	     +370.955885	     +370.955885
               3	              16	       -9.176334	       -9.176334	      +21.632777	     +380.449014	      -17.741321	       -3.550384	       -8.947263	       -7.196321	       -3.425477	       -0.062454	     +368.196885	     +368.196885
               3	              17	       -9.176334	       -9.176334	      +21.632777	     +380.449014	      -17.741321	       -3.550384	       -8.947263	       -7.196321	       -3.425477	       -0.062454	     +368.196885	     +368.196885
               3	              18	       -8.120282	       -8.120282	      +34.386699	     +445.722030	      -18.787770	       -3.550384	       -9.888079	       -7.477540	       -3.425477	       -0.062454	     +443.955340	     +443.955340
               3	              19	       -8.120282	       -8.120282	      +34.386701	     +445.722030	      -18.787770	       -3.550384	       -9.888079	       -7.477540	       -3.425477	       -0.062454	     +443.955342	     +443.955342
               3	              20	       -7.044059	       -7.044059	      +24.668662	     +325.809435	      -17.162850	       -3.550384	       -8.805677	       -7.181554	       -3.425477	       -0.062454	     +317.328016	     +317.328016
               3	              21	       -7.044059	       -7.044059	      +24.668661	     +325.809435	      -17.162850	       -3.550384	       -8.805677	       -7.181554	       -3.425477	       -0.062454	     +317.328015	     +317.328015
               3	              22	       -6.595074	       -6.595074	      +32.360566	     +427.164687	      -17.875469	       -3.550384	       -9.374183	       -7.419608	       -3.425477	       -0.062454	     +424.855993	     +424.855993
               3	              23	       -6.595073	       -6.595073	      +32.360543	     +427.164687	      -17.875469	       -3.550384	       -9.374183	       -7.419608	       -3.425477	       -0.062454	     +424.855969	     +424.855969
               3	              24	       -6.289901	       -6.289901	      +38.267496	     +464.139501	      -17.457026	       -3.550384	       -9.603805	       -7.229430	       -3.425477	       -0.062454	     +468.116735	     +468.116735
               3	              25	       -6.289899	       -6.289899	      +38.267474	     +464.139501	      -17.457026	       -3.550384	       -9.603805	       -7.229430	       -3.425477	       -0.062454	     +468.116713	     +468.116713
               3	              26	       -3.056462	       -3.056462	      +53.234509	     +484.711918	      -12.358135	       +0.000000	       -5.973572	       -7.438047	       +0.000000	       -0.062454	     +512.176673	     +512.176673
               3	              27	       -3.056461	       -3.056461	      +53.234524	     +484.711918	      -12.358135	       +0.000000	       -5.973572	       -7.438047	       +0.000000	       -0.062454	     +512.176687	     +512.176687
               3	              28	       -2.954589	       -2.954589	      +50.547205	     +456.198338	      -11.747232	       +0.000000	       -5.715939	       -7.240162	       +0.000000	       -0.062454	     +482.042212	     +482.042212
               3	              29	       -2.954587	       -2.954587	      +50.547222	     +456.198338	      -11.747232	       +0.000000	       -5.715939	       -7.240162	       +0.000000	       -0.062454	     +482.042229	     +482.042229
               3	              30	       -1.863614	       -1.863614	      +47.548664	     +439.061673	      -10.684217	       +0.000000	       -5.424865	       -6.917962	       +0.000000	       -0.062454	     +463.583292	     +463.583292
               3	              31	       -1.863614	       -1.863614	      +47.548663	     +439.061673	      -10.684217	       +0.000000	       -5.424865	       -6.917962	       +0.000000	       -0.062454	     +463.583291	     +463.583291
               3	              32	       -1.263889	       -1.263889	      +51.240739	     +430.843965	      -11.316853	       +0.000000	       -5.491497	       -7.298207	       +0.000000	       -0.062454	     +457.978147	     +457.978147
               3	              33	       -1.263888	       -1.263888	      +51.240739	     +430.843965	      -11.316853	       +0.000000	       -5.491497	       -7.298207	       +0.000000	       -0.062454	     +457.978146	     +457.978146
               3	              34	       +2.649882	       +2.649882	      +30.062540	     +343.218036	       -6.128918	       +0.000000	       -3.316169	       -5.433710	       +0.000000	       -0.062454	     +358.401780	     +358.401780
               3	              35	       +2.649882	       +2.649882	      +30.062546	     +343.218036	       -6.128918	       +0.000000	       -3.316169	       -5.433710	       +0.000000	       -0.062454	     +358.401786	     +358.401786
               3	              36	       +2.893232	       +2.893232	      +27.034595	     +321.424398	       -5.568074	       +0.000000	       -2.979063	       -5.039601	       +0.000000	       -0.062454	     +334.872255	     +334.872255
               3	              37	       +2.893232	       +2.893232	      +27.034596	     +321.424398	       -5.568074	       +0.000000	       -2.979063	       -5.039601	       +0.000000	       -0.062454	     +334.872256	     +334.872256
               3	              38	       +3.304596	       +3.304596	      +34.160082	     +331.355786	       -6.223273	       +0.000000	       -3.473011	       -5.299712	       +0.000000	       -0.062454	     +350.519872	     +350.519872
               3	              39	       +3.304597	       +3.304597	      +34.160089	     +331.355786	       -6.223273	       +0.000000	       -3.473011	       -5.299712	       +0.000000	       -0.062454	     +350.519879	     +350.519879
               3	              40	       +5.155271	       +5.155271	      +30.162488	     +211.870256	       -4.721426	       +0.000000	       -2.724349	       -4.634686	       +0.000000	       -0.062454	     +229.952283	     +229.952283
               3	              41	       +5.155271	       +5.155271	      +30.162487	     +211.870256	       -4.721426	       +0.000000	       -2.724349	       -4.634686	       +0.000000	       -0.062454	     +229.952282	     +229.952282
               3	              42	       +5.593534	       +5.593534	      +37.610611	     +289.891924	       -5.854621	       +0.000000	       -3.382243	       -5.016514	       +0.000000	       -0.062454	     +313.249157	     +313.249157
               3	              43	       +5.593534	       +5.593534	      +37.610614	     +289.891924	       -5.854621	       +0.000000	       -3.382243	       -5.016514	       +0.000000	       -0.062454	     +313.249160	     +313.249160
               3	              44	       +7.168552	       +7.168552	      +40.554126	     +375.729393	       -6.071791	       +0.000000	       -3.503321	       -5.190290	       +0.000000	       -0.062454	     +401.518118	     +401.518118
               3	              45	       +7.168552	       +7.168552	      +40.554131	     +375.729393	       -6.071791	       +0.000000	       -3.503321	       -5.190290	       +0.000000	       -0.062454	     +401.518123	     +401.518123
               3	              46	       +7.616670	       +7.616670	      +27.705580	     +167.744664	       -3.879538	       +0.000000	       -2.265701	       -4.123458	       +0.000000	       -0.062454	     +185.181547	     +185.181547
               3	              47	       +7.616670	       +7.616670	      +27.705580	     +167.744664	       -3.879538	       +0.000000	       -2.265701	       -4.123458	       +0.000000	       -0.062454	     +185.181547	     +185.181547
               3	              48	       +7.719668	       +7.719668	      +33.658351	     +310.796552	       -4.894906	       +0.000000	       -2.812428	       -4.705242	       +0.000000	       -0.062454	     +332.042327	     +332.042327
               3	              49	       +7.719669	       +7.719669	      +33.658357	     +310.796552	       -4.894906	       +0.000000	       -2.812428	       -4.705242	       +0.000000	       -0.062454	     +332.042333	     +332.042333
               3	              50	       +9.143833	       +9.143833	      +38.315851	     +317.373568	       -4.951626	       +0.000000	       -2.923628	       -4.703656	       +0.000000	       -0.062454	     +343.110509	     +343.110509
               3	              51	       +9.143833	       +9.143833	      +38.315851	     +317.373568	       -4.951626	       +0.000000	       -2.923628	       -4.703656	       +0.000000	       -0.062454	     +343.110509	     +343.110509
               3	              52	       +9.711197	       +9.711197	      +30.193871	     +216.292060	       -3.732420	       +0.000000	       -2.266271	       -3.964545	       +0.000000	       -0.062454	     +236.522694	     +236.522694
               3	              53	       +9.711197	       +9.711197	      +30.193866	     +216.292060	       -3.732420	       +0.000000	       -2.266271	       -3.964545	       +0.000000	       -0.062454	     +236.522690	     +236.522690
               3	              54	      +10.065546	      +10.065546	      +43.847186	     +353.337549	       -5.351101	       +0.000000	       -3.204486	       -4.816119	       +0.000000	       -0.062454	     +383.813029	     +383.813029
               3	              55	      +10.065546	      +10.065546	      +43.847187	     +353.337549	       -5.351101	       +0.000000	       -3.204486	       -4.816119	       +0.000000	       -0.062454	     +383.813030	     +383.813030
               3	              56	      +10.144710	      +10.144710	      +38.036298	     +292.688853	       -4.669924	       +0.000000	       -2.811284	       -4.551291	       +0.000000	       -0.062454	     +318.692651	     +318.692651
               3	              57	      +10.144710	      +10.144710	      +38.036303	     +292.688853	       -4.669924	       +0.000000	       -2.811284	       -4.551291	       +0.000000	       -0.062454	     +318.692657	     +318.692657
               3	              58	      +12.357130	      +12.357130	      +53.777706	     +325.005018	       -5.550475	       +0.000000	       -3.511779	       -4.839834	       +0.000000	       -0.062454	     +364.880636	     +364.880636
               3	              59	      +12.357130	      +12.357130	      +53.777707	     +325.005018	       -5.550475	       +0.000000	       -3.511779	       -4.839834	       +0.000000	       -0.062454	     +364.880637	     +364.880637
               3	              60	      +13.541740	      +13.541740	      +25.746118	     +115.690552	       -2.056973	       +0.000000	       -1.391256	       -2.765140	       +0.000000	       -0.062454	     +135.223300	     +135.223300
               3	              61	      +13.541740	      +13.541740	      +25.746119	     +115.690552	       -2.056973	       +0.000000	       -1.391256	       -2.765140	       +0.000000	       -0.062454	     +135.223301	     +135.223301
               3	              62	      +13.877063	      +13.877063	      +25.281264	     +104.644366	       -2.045984	       +0.000000	       -1.414390	       -2.628774	       +0.000000	       -0.062454	     +123.836481	     +123.836481
               3	              63	      +13.877063	      +13.877063	      +25.281261	     +104.644366	       -2.045984	       +0.000000	       -1.414390	       -2.628774	       +0.000000	       -0.062454	     +123.836479	     +123.836479
               3	              64	      +14.840724	      +14.840724	      +29.446948	     +131.450570	       -2.603558	       +0.000000	       -1.745223	       -2.668002	       +0.000000	       -0.062454	     +153.880735	     +153.880735
               3	              65	      +14.840724	      +14.840724	      +29.446945	     +131.450570	       -2.603558	       +0.000000	       -1.745223	       -2.668002	       +0.000000	       -0.062454	     +153.880732	     +153.880732
               3	              66	      +15.590636	      +15.590636	      +33.986370	     +137.785190	       -2.825333	       +0.000000	       -1.858157	       -2.883573	       +0.000000	       -0.062454	     +164.204498	     +164.204498
               3	              67	      +15.590636	      +15.590636	      +33.986370	     +137.785190	       -2.825333	       +0.000000	       -1.858157	       -2.883573	       +0.000000	       -0.062454	     +164.204497	     +164.204497
               3	              68	      +16.289002	      +16.289002	      +37.976985	     +293.924439	       -3.259864	       +0.000000	       -2.238285	       -3.027879	       +0.000000	       -0.062454	     +323.375396	     +323.375396
               3	              69	      +16.289002	      +16.289002	      +37.976989	     +293.924439	       -3.259864	       +0.000000	       -2.238285	       -3.027879	       +0.000000	       -0.062454	     +323.375400	     +323.375400
               3	              70	      +17.050898	      +17.050898	      +40.455425	     +269.232860	       -3.190132	       +0.000000	       -2.187818	       -3.216729	       +0.000000	       -0.062454	     +301.093605	     +301.093605
               3	              71	      +17.050898	      +17.050898	      +40.455423	     +269.232860	       -3.190132	       +0.000000	       -2.187818	       -3.216729	       +0.000000	       -0.062454	     +301.093604	     +301.093604
               3	              72	      +17.207928	      +17.207928	      +28.795666	      +48.220242	       -1.845560	       +0.000000	       -1.301434	       -2.195816	       +0.000000	       -0.062454	      +71.673098	      +71.673098
               3	              73	      +17.207928	      +17.207928	      +28.795666	      +48.220242	       -1.845560	       +0.000000	       -1.301434	       -2.195816	       +0.000000	       -0.062454	      +71.673098	      +71.673098
               3	              74	      +17.657340	      +17.657340	      +22.358283	     +123.875920	       -1.605455	       +0.000000	       -1.129639	       -1.475649	       +0.000000	       -0.062454	     +142.023460	     +142.023460
               3	              75	      +17.657340	      +17.657340	      +22.358284	     +123.875920	       -1.605455	       +0.000000	       -1.129639	       -1.475649	       +0.000000	       -0.062454	     +142.023462	     +142.023462
               3	              76	      +19.467532	      +19.467532	      +42.291496	     +243.339481	       -2.906043	       +0.000000	       -2.038733	       -2.719787	       +0.000000	       -0.062454	     +277.966413	     +277.966413
               3	              77	      +19.467532	      +19.467532	      +42.291495	     +243.339481	       -2.906043	       +0.000000	       -2.038733	       -2.719787	       +0.000000	       -0.062454	     +277.966413	     +277.966413
               3	              78	      +19.553053	      +19.553053	      +42.940846	     +286.381565	       -2.916779	       +0.000000	       -2.055468	       -2.853194	       +0.000000	       -0.062454	     +321.496968	     +321.496968
               3	              79	      +19.553054	      +19.553054	      +42.940848	     +286.381565	       -2.916779	       +0.000000	       -2.055468	       -2.853194	       +0.000000	       -0.062454	     +321.496970	     +321.496970

k-point 4:
               4	               0	      -65.289463	      -65.289463	      +29.287389	     +594.417370	      -40.087880	       -3.550384	      -18.016747	      -12.105247	       -3.425477	       -0.062454	     +553.494885	     +553.494885
               4	               1	      -65.289458	      -65.289458	      +29.287409	     +594.417370	      -40.087880	       -3.550384	      -18.016747	      -12.105247	       -3.425477	       -0.062454	     +553.494905	     +553.494905
               4	               2	      -42.122165	      -42.122165	      +50.565577	     +585.165818	      -33.971722	       -3.550384	      -15.079433	      -10.801623	       -3.425477	       -0.062454	     +575.878617	     +575.878617
               4	               3	      -42.099981	      -42.099981	      +50.768552	     +584.394447	      -34.009814	       -3.550384	      -15.078238	      -10.801821	       -3.425477	       -0.062454	     +575.273126	     +575.273126
               4	               4	      -39.582218	      -39.582218	      +47.373733	     +587.008384	      -33.318103	       -3.550384	      -14.758869	      -10.657905	       -3.425477	       -0.062454	     +575.647240	     +575.647240
               4	               5	      -39.538369	      -39.538369	      +48.073174	     +578.319201	      -33.300771	       -3.550384	      -14.804125	      -10.649532	       -3.425477	       -0.062454	     +567.637947	     +567.637947
               4	               6	      -39.534508	      -39.534508	      +47.785215	     +585.756011	      -33.375942	       -3.550384	      -14.758198	      -10.660098	       -3.425477	       -0.062454	     +574.746988	     +574.746988
               4	               7	      -39.522507	      -39.522507	      +48.204994	     +577.995854	      -33.320822	       -3.550384	      -14.803696	      -10.650061	       -3.425477	       -0.062454	     +567.426269	     +567.426269
               4	               8	      -17.273677	      -17.273677	      +15.720708	     +389.136744	      -22.492313	       -3.550384	       -9.835676	       -8.454261	       -3.425477	       -0.062454	     +364.075202	     +364.075202
               4	               9	      -17.230830	      -17.230830	      +15.115620	     +380.361761	      -22.522713	       -3.550384	       -9.793621	       -8.471782	       -3.425477	       -0.062454	     +354.689265	     +354.689265
               4	              10	      -17.227365	      -17.227365	      +15.092539	     +380.188110	      -22.518891	       -3.550384	       -9.791658	       -8.471843	       -3.425477	       -0.062454	     +354.498258	     +354.498258
               4	              11	      -17.210675	      -17.210675	      +15.972985	     +388.211443	      -22.511526	       -3.550384	       -9.844401	       -8.467716	       -3.425477	       -0.062454	     +363.360785	     +363.360785
               4	              12	      -10.760539	      -10.760539	      +23.104874	     +418.316146	      -18.545590	       -3.550384	       -9.327649	       -7.267052	       -3.425477	       -0.062454	     +406.280728	     +406.280728
               4	              13	      -10.751426	      -10.751426	      +23.327905	     +419.606667	      -18.560069	       -3.550384	       -9.344693	       -7.269319	       -3.425477	       -0.062454	     +407.760491	     +407.760491
               4	              14	       -9.925139	       -9.925139	      +20.300248	     +382.866963	      -17.995322	       -3.550384	       -8.958199	       -7.163026	       -3.425477	       -0.062454	     +369.050664	     +369.050664
               4	              15	       -9.889646	       -9.889646	      +20.290045	     +383.030257	      -17.971876	       -3.550384	       -8.955262	       -7.157110	       -3.425477	       -0.062454	     +369.236053	     +369.236053
               4	              16	       -9.441757	       -9.441757	      +18.615134	     +394.818674	      -16.692556	       -3.550384	       -8.514803	       -6.956860	       -3.425477	       -0.062454	     +381.269589	     +381.269589
               4	              17	       -9.382374	       -9.382374	      +18.968955	     +393.014886	      -16.745386	       -3.550384	       -8.529152	       -6.974129	       -3.425477	       -0.062454	     +379.735174	     +379.735174
               4	              18	       -8.864993	       -8.864993	      +25.609928	     +372.708688	      -18.410529	       -3.550384	       -9.303296	       -7.393607	       -3.425477	       -0.062454	     +363.211184	     +363.211184
               4	              19	       -8.839967	       -8.839967	      +26.230233	     +376.002673	      -18.490660	       -3.550384	       -9.346548	       -7.409604	       -3.425477	       -0.062454	     +366.986095	     +366.986095
               4	              20	       -8.314099	       -8.314099	      +20.631965	     +348.735175	      -16.947379	       -3.550384	       -8.560854	       -7.097324	       -3.425477	       -0.062454	     +336.761583	     +336.761583
               4	              21	       -8.264530	       -8.264530	      +20.547262	     +348.479575	      -16.888193	       -3.550384	       -8.548329	       -7.088151	       -3.425477	       -0.062454	     +336.502164	     +336.502164
               4	              22	       -7.587982	       -7.587982	      +29.988443	     +347.550848	      -18.298738	       -3.550384	       -9.456397	       -7.417808	       -3.425477	       -0.062454	     +342.366348	     +342.366348
               4	              23	       -7.566418	       -7.566418	      +29.773751	     +346.637088	      -18.253436	       -3.550384	       -9.438311	       -7.410331	       -3.425477	       -0.062454	     +341.308761	     +341.308761
               4	              24	       -5.326194	       -5.326194	      +46.372181	     +505.166181	      -18.086078	       -3.550384	      -10.103745	       -7.413235	       -3.425477	       -0.062454	     +515.935304	     +515.935304
               4	              25	       -5.193615	       -5.193615	      +45.474213	     +502.764160	      -17.836934	       -3.550384	      -10.021514	       -7.372583	       -3.425477	       -0.062454	     +513.007342	     +513.007342
               4	              26	       -3.493546	       -3.493546	      +55.511863	     +528.390934	      -12.668284	       +0.000000	       -6.256277	       -7.500539	       +0.000000	       -0.062454	     +557.477697	     +557.477697
               4	              27	       -3.489961	       -3.489961	      +55.455293	     +527.867205	      -12.638578	       +0.000000	       -6.248601	       -7.498961	       +0.000000	       -0.062454	     +556.936358	     +556.936358
               4	              28	       -2.349114	       -2.349114	      +45.896751	     +408.206678	      -10.512005	       +0.000000	       -5.170683	       -6.855565	       +0.000000	       -0.062454	     +431.565178	     +431.565178
               4	              29	       -2.318861	       -2.318861	      +45.931999	     +408.480227	      -10.517261	       +0.000000	       -5.173562	       -6.848553	       +0.000000	       -0.062454	     +431.872850	     +431.872850
               4	              30	       -1.737564	       -1.737564	      +57.019562	     +483.491415	      -12.308559	       +0.000000	       -6.154525	       -7.397700	       +0.000000	       -0.062454	     +514.650193	     +514.650193
               4	              31	       -1.607455	       -1.607455	      +56.878365	     +485.518020	      -12.172501	       +0.000000	       -6.134770	       -7.381036	       +0.000000	       -0.062454	     +516.708078	     +516.708078
               4	              32	       -0.396867	       -0.396867	      +59.713324	     +482.720525	      -11.738034	       +0.000000	       -6.226090	       -7.301836	       +0.000000	       -0.062454	     +517.167888	     +517.167888
               4	              33	       -0.320176	       -0.320176	      +59.669398	     +483.114147	      -11.690595	       +0.000000	       -6.217753	       -7.284386	       +0.000000	       -0.062454	     +517.590812	     +517.590812
               4	              34	       +2.059713	       +2.059713	      +35.141266	     +377.620687	       -7.011882	       +0.000000	       -3.776158	       -5.518442	       +0.000000	       -0.062454	     +396.455471	     +396.455471
               4	              35	       +2.197666	       +2.197666	      +34.919172	     +375.112171	       -6.962389	       +0.000000	       -3.747158	       -5.488757	       +0.000000	       -0.062454	     +393.833038	     +393.833038
               4	              36	       +2.544442	       +2.544442	      +27.064973	     +302.168892	       -5.551727	       +0.000000	       -3.013745	       -5.095765	       +0.000000	       -0.062454	     +315.572628	     +315.572628
               4	              37	       +2.547609	       +2.547609	      +27.037240	     +301.606060	       -5.543283	       +0.000000	       -3.009374	       -5.099977	       +0.000000	       -0.062454	     +314.990666	     +314.990666
               4	              38	       +4.779964	       +4.779964	      +24.682278	     +233.905614	       -4.243184	       +0.000000	       -2.377803	       -4.484373	       +0.000000	       -0.062454	     +247.482532	     +247.482532
               4	              39	       +4.790015	       +4.790015	      +24.688570	     +233.920907	       -4.243180	       +0.000000	       -2.377755	       -4.491731	       +0.000000	       -0.062454	     +247.496811	     +247.496811
               4	              40	       +5.792462	       +5.792462	      +37.854992	     +340.366335	       -6.287798	       +0.000000	       -3.568284	       -5.191593	       +0.000000	       -0.062454	     +363.173652	     +363.173652
               4	              41	       +5.847475	       +5.847475	      +37.875448	     +338.433605	       -6.292981	       +0.000000	       -3.566663	       -5.176348	       +0.000000	       -0.062454	     +361.273062	     +361.273062
               4	              42	       +6.356892	       +6.356892	      +33.738775	     +373.773890	       -5.739356	       +0.000000	       -3.108946	       -5.107170	       +0.000000	       -0.062454	     +393.557193	     +393.557193
               4	              43	       +6.375935	       +6.375935	      +33.776270	     +374.674384	       -5.754433	       +0.000000	       -3.116749	       -5.097464	       +0.000000	       -0.062454	     +394.482008	     +394.482008
               4	              44	       +7.147369	       +7.147369	      +34.719179	     +219.188343	       -4.515339	       +0.000000	       -2.759752	       -4.497606	       +0.000000	       -0.062454	     +242.134825	     +242.134825
               4	              45	       +7.164538	       +7.164538	      +34.715493	     +219.672663	       -4.511915	       +0.000000	       -2.762008	       -4.469997	       +0.000000	       -0.062454	     +242.644236	     +242.644236
               4	              46	       +7.271748	       +7.271748	      +38.829403	     +319.335180	       -5.502011	       +0.000000	       -3.195129	       -5.065560	       +0.000000	       -0.062454	     +344.401883	     +344.401883
               4	              47	       +7.332089	       +7.332089	      +38.803799	     +317.918765	       -5.483979	       +0.000000	       -3.188884	       -5.057839	       +0.000000	       -0.062454	     +342.991862	     +342.991862
               4	              48	       +7.688873	       +7.688873	      +38.979208	     +331.473846	       -5.363894	       +0.000000	       -3.106431	       -5.143593	       +0.000000	       -0.062454	     +356.839136	     +356.839136
               4	              49	       +7.718731	       +7.718731	      +39.040711	     +331.707482	       -5.374343	       +0.000000	       -3.110983	       -5.144593	       +0.000000	       -0.062454	     +357.118274	     +357.118274
               4	              50	       +7.723235	       +7.723235	      +39.789670	     +345.726862	       -5.631767	       +0.000000	       -3.231051	       -5.192981	       +0.000000	       -0.062454	     +371.460732	     +371.460732
               4	              51	       +7.742222	       +7.742222	      +39.792686	     +345.634062	       -5.626426	       +0.000000	       -3.229730	       -5.192788	       +0.000000	       -0.062454	     +371.377804	     +371.377804
               4	              52	       +9.005471	       +9.005471	      +30.682171	     +178.909827	       -3.790783	       +0.000000	       -2.286567	       -4.096739	       +0.000000	       -0.062454	     +199.417909	     +199.417909
               4	              53	       +9.005478	       +9.005478	      +30.683072	     +178.909827	       -3.790783	       +0.000000	       -2.286567	       -4.096739	       +0.000000	       -0.062454	     +199.418811	     +199.418811
               4	              54	      +10.575350	      +10.575350	      +29.340814	     +224.831288	       -3.138250	       +0.000000	       -1.985431	       -3.695341	       +0.000000	       -0.062454	     +245.353080	     +245.353080
               4	              55	      +10.637025	      +10.637025	      +29.351239	     +225.291584	       -3.133682	       +0.000000	       -1.985616	       -3.684044	       +0.000000	       -0.062454	     +245.839481	     +245.839481
               4	              56	      +11.728256	      +11.728256	      +31.449326	     +173.296009	       -3.216418	       +0.000000	       -2.036779	       -3.499848	       +0.000000	       -0.062454	     +195.992290	     +195.992290
               4	              57	      +11.732590	      +11.732590	      +31.376440	     +172.280989	       -3.211318	       +0.000000	       -2.031091	       -3.492098	       +0.000000	       -0.062454	     +194.922922	     +194.922922
               4	              58	      +12.950804	      +12.950804	      +25.604771	      +67.512353	       -2.484550	       +0.000000	       -1.599426	       -2.868183	       +0.000000	       -0.062454	      +86.164965	      +86.164965
               4	              59	      +12.953291	      +12.953291	      +26.189976	      +80.712215	       -2.574941	       +0.000000	       -1.661106	       -2.903777	       +0.000000	       -0.062454	      +99.762367	      +99.762367
               4	              60	      +13.273329	      +13.273329	      +35.965783	     +264.929080	       -3.592253	       +0.000000	       -2.345631	       -3.570738	       +0.000000	       -0.062454	     +291.386241	     +291.386241
               4	              61	      +13.344627	      +13.344627	      +27.868817	      +78.876582	       -2.266946	       +0.000000	       -1.441082	       -2.825791	       +0.000000	       -0.062454	     +100.211580	     +100.211580
               4	              62	      +13.372807	      +13.372807	      +32.330704	     +177.407015	       -2.978032	       +0.000000	       -1.923444	       -3.216673	       +0.000000	       -0.062454	     +201.619569	     +201.619569
               4	              63	      +13.502358	      +13.502358	      +40.676502	     +375.150769	       -4.345110	       +0.000000	       -2.862471	       -3.953645	       +0.000000	       -0.062454	     +404.666046	     +404.666046
               4	              64	      +14.091708	      +14.091708	      +32.350624	     +132.914587	       -2.921257	       +0.000000	       -1.931596	       -3.040097	       +0.000000	       -0.062454	     +157.372260	     +157.372260
               4	              65	      +14.097493	      +14.097493	      +32.361604	     +132.636807	       -2.922333	       +0.000000	       -1.931316	       -3.037609	       +0.000000	       -0.062454	     +157.107152	     +157.107152
               4	              66	      +14.882463	      +14.882463	      +36.620043	      +89.923265	       -2.891108	       +0.000000	       -1.902590	       -3.045855	       +0.000000	       -0.062454	     +118.703755	     +118.703755
               4	              67	      +14.897879	      +14.897879	      +36.690578	      +90.456094	       -2.898857	       +0.000000	       -1.907714	       -3.047323	       +0.000000	       -0.062454	     +119.292777	     +119.292777
               4	              68	      +15.456548	      +15.456548	      +39.583463	     +185.786267	       -3.253887	       +0.000000	       -2.112710	       -3.347883	       +0.000000	       -0.062454	     +216.655249	     +216.655249
               4	              69	      +15.475579	      +15.475579	      +39.543512	     +185.455041	       -3.244226	       +0.000000	       -2.108625	       -3.343160	       +0.000000	       -0.062454	     +216.302542	     +216.302542
               4	              70	      +17.724109	      +17.724109	      +34.756166	     +169.899694	       -2.738679	       +0.000000	       -1.813766	       -2.425860	       +0.000000	       -0.062454	     +197.677555	     +197.677555
               4	              71	      +17.738872	      +17.738872	      +34.728053	     +169.905391	       -2.733437	       +0.000000	       -1.811667	       -2.423251	       +0.000000	       -0.062454	     +197.665089	     +197.665089
               4	              72	      +19.265163	      +19.265163	      +45.475831	     +321.296680	       -3.205712	       +0.000000	       -2.259045	       -3.016185	       +0.000000	       -0.062454	     +358.291569	     +358.291569
               4	              73	      +19.265338	      +19.265338	      +45.493587	     +321.532639	       -3.204625	       +0.000000	       -2.259116	       -3.011214	       +0.000000	       -0.062454	     +358.551271	     +358.551271
               4	              74	      +20.119740	      +20.119740	      +50.177513	     +309.166272	       -3.568305	       +0.000000	       -2.458818	       -2.849644	       +0.000000	       -0.062454	     +350.467018	     +350.467018
               4	              75	      +20.145672	      +20.145672	      +49.699997	     +303.050994	       -3.525243	       +0.000000	       -2.427794	       -2.811223	       +0.000000	       -0.062454	     +343.986731	     +343.986731
               4	              76	      +20.189681	      +20.189681	      +49.446756	     +326.376727	       -3.731510	       +0.000000	       -2.670576	       -2.876015	       +0.000000	       -0.062454	     +366.545382	     +366.545382
               4	              77	      +20.193331	      +20.193331	      +49.766726	     +330.907526	       -3.768283	       +0.000000	       -2.695272	       -2.891826	       +0.000000	       -0.062454	     +371.318871	     +371.318871
               4	              78	      +20.210405	      +20.210405	      +34.843121	      +96.163586	       -2.210955	       +0.000000	       -1.592709	       -1.759724	       +0.000000	       -0.062454	     +125.443319	     +125.443319
               4	              79	      +20.217788	      +20.217788	      +34.545510	      +91.695255	       -2.178076	       +0.000000	       -1.569882	       -1.742451	       +0.000000	       -0.062454	     +120.750356	     +120.750356

k-point 5:
               5	               0	      -65.392799	      -65.392799	      +29.311578	     +592.995736	      -40.090242	       -3.550384	      -18.028213	      -12.101738	       -3.425477	       -0.062454	     +552.087121	     +552.087121
               5	               1	      -65.392799	      -65.392799	      +29.311578	     +592.995736	      -40.090242	       -3.550384	      -18.028213	      -12.101738	       -3.425477	       -0.062454	     +552.087121	     +552.087121
               5	               2	      -42.080407	      -42.080407	      +50.926996	     +585.002663	      -33.995438	       -3.550384	      -15.089535	      -10.809359	       -3.425477	       -0.062454	     +576.035327	     +576.035327
               5	               3	      -42.080407	      -42.080407	      +50.926996	     +585.002663	      -33.995438	       -3.550384	      -15.089535	      -10.809359	       -3.425477	       -0.062454	     +576.035327	     +576.035327
               5	               4	      -39.576633	      -39.576633	      +47.748866	     +580.760687	      -33.328837	       -3.550384	      -14.784271	      -10.646461	       -3.425477	       -0.062454	     +569.749984	     +569.749984
               5	               5	      -39.576633	      -39.576633	      +47.748867	     +580.760687	      -33.328837	       -3.550384	      -14.784271	      -10.646461	       -3.425477	       -0.062454	     +569.749984	     +569.749984
               5	               6	      -39.426549	      -39.426549	      +48.742347	     +585.309341	      -33.356130	       -3.550384	      -14.811090	      -10.687810	       -3.425477	       -0.062454	     +575.196657	     +575.196657
               5	               7	      -39.426549	      -39.426549	      +48.742347	     +585.309341	      -33.356130	       -3.550384	      -14.811090	      -10.687810	       -3.425477	       -0.062454	     +575.196658	     +575.196658
               5	               8	      -18.084493	      -18.084493	      +13.069807	     +384.303138	      -22.398306	       -3.550384	       -9.745640	       -8.307257	       -3.425477	       -0.062454	     +356.921743	     +356.921743
               5	               9	      -18.084493	      -18.084493	      +13.069807	     +384.303138	      -22.398306	       -3.550384	       -9.745640	       -8.307257	       -3.425477	       -0.062454	     +356.921743	     +356.921743
               5	              10	      -17.638777	      -17.638777	      +13.836889	     +370.267512	      -22.365314	       -3.550384	       -9.698102	       -8.366821	       -3.425477	       -0.062454	     +343.674164	     +343.674164
               5	              11	      -17.638777	      -17.638777	      +13.836889	     +370.267512	      -22.365314	       -3.550384	       -9.698102	       -8.366821	       -3.425477	       -0.062454	     +343.674164	     +343.674164
               5	              12	      -10.524665	      -10.524665	      +22.254098	     +421.091114	      -18.373854	       -3.550384	       -9.178024	       -7.213026	       -3.425477	       -0.062454	     +408.580308	     +408.580308
               5	              13	      -10.524665	      -10.524665	      +22.254098	     +421.091114	      -18.373854	       -3.550384	       -9.178024	       -7.213026	       -3.425477	       -0.062454	     +408.580308	     +408.580308
               5	              14	       -9.566582	       -9.566582	      +23.065882	     +384.327504	      -17.842740	       -3.550384	       -9.078509	       -7.209667	       -3.425477	       -0.062454	     +373.262471	     +373.262471
               5	              15	       -9.566582	       -9.566582	      +23.065882	     +384.327504	      -17.842740	       -3.550384	       -9.078509	       -7.209667	       -3.425477	       -0.062454	     +373.262471	     +373.262471
               5	              16	       -9.176332	       -9.176332	      +21.632780	     +380.233496	      -17.738570	       -3.550384	       -8.946558	       -7.195938	       -3.425477	       -0.062454	     +367.985209	     +367.985209
               5	              17	       -9.176332	       -9.176332	      +21.632780	     +380.233496	      -17.738570	       -3.550384	       -8.946558	       -7.195938	       -3.425477	       -0.062454	     +367.985209	     +367.985209
               5	              18	       -8.120308	       -8.120308	      +34.386641	     +446.649049	      -18.809347	       -3.550384	       -9.895361	       -7.482978	       -3.425477	       -0.062454	     +444.848004	     +444.848004
               5	              19	       -8.120308	       -8.120308	      +34.386641	     +446.649049	      -18.809347	       -3.550384	       -9.895361	       -7.482978	       -3.425477	       -0.062454	     +444.848004	     +444.848004
               5	              20	       -7.044053	       -7.044053	      +24.668671	     +324.097747	      -17.168035	       -3.550384	       -8.802396	       -7.185137	       -3.425477	       -0.062454	     +315.610850	     +315.610850
               5	              21	       -7.044053	       -7.044053	      +24.668671	     +324.097747	      -17.168035	       -3.550384	       -8.802396	       -7.185137	       -3.425477	       -0.062454	     +315.610850	     +315.610850
               5	              22	       -6.595087	       -6.595087	      +32.360463	     +426.816224	      -17.879386	       -3.550384	       -9.374887	       -7.425105	       -3.425477	       -0.062454	     +424.497309	     +424.497309
               5	              23	       -6.595086	       -6.595086	      +32.360440	     +426.816224	      -17.879386	       -3.550384	       -9.374887	       -7.425105	       -3.425477	       -0.062454	     +424.497286	     +424.497286
               5	              24	       -6.289884	       -6.289884	      +38.267553	     +462.246838	      -17.439951	       -3.550384	       -9.596786	       -7.222189	       -3.425477	       -0.062454	     +466.255465	     +466.255465
               5	              25	       -6.289883	       -6.289883	      +38.267528	     +462.246838	      -17.439951	       -3.550384	       -9.596786	       -7.222189	       -3.425477	       -0.062454	     +466.255441	     +466.255441
               5	              26	       -3.056468	       -3.056468	      +53.234568	     +485.092287	      -12.349642	       +0.000000	       -5.971431	       -7.433453	       +0.000000	       -0.062454	     +512.572329	     +512.572329
               5	              27	       -3.056467	       -3.056467	      +53.234585	     +485.092287	      -12.349642	       +0.000000	       -5.971431	       -7.433453	       +0.000000	       -0.062454	     +512.572345	     +512.572345
               5	              28	       -2.954590	       -2.954590	      +50.547088	     +455.696259	      -11.748233	       +0.000000	       -5.717011	       -7.241905	       +0.000000	       -0.062454	     +481.536199	     +481.536199
               5	              29	       -2.954589	       -2.954589	      +50.547103	     +455.696259	      -11.748233	       +0.000000	       -5.717011	       -7.241905	       +0.000000	       -0.062454	     +481.536214	     +481.536214
               5	              30	       -1.863630	       -1.863630	      +47.548623	     +437.751808	      -10.683945	       +0.000000	       -5.425123	       -6.925961	       +0.000000	       -0.062454	     +462.265402	     +462.265402
               5	              31	       -1.863630	       -1.863630	      +47.548621	     +437.751808	      -10.683945	       +0.000000	       -5.425123	       -6.925961	       +0.000000	       -0.062454	     +462.265400	     +462.265400
               5	              32	       -1.263885	       -1.263885	      +51.240721	     +425.169603	      -11.316600	       +0.000000	       -5.489442	       -7.282662	       +0.000000	       -0.062454	     +452.321620	     +452.321620
               5	              33	       -1.263885	       -1.263885	      +51.240719	     +425.169603	      -11.316600	       +0.000000	       -5.489442	       -7.282662	       +0.000000	       -0.062454	     +452.321618	     +452.321618
               5	              34	       +2.649883	       +2.649883	      +30.062483	     +342.255016	       -6.132805	       +0.000000	       -3.317498	       -5.435568	       +0.000000	       -0.062454	     +357.431627	     +357.431627
               5	              35	       +2.649883	       +2.649883	      +30.062483	     +342.255016	       -6.132805	       +0.000000	       -3.317498	       -5.435568	       +0.000000	       -0.062454	     +357.431627	     +357.431627
               5	              36	       +2.893231	       +2.893231	      +27.034646	     +322.247314	       -5.572710	       +0.000000	       -2.980900	       -5.041330	       +0.000000	       -0.062454	     +335.687020	     +335.687020
               5	              37	       +2.893231	       +2.893231	      +27.034646	     +322.247314	       -5.572710	       +0.000000	       -2.980900	       -5.041330	       +0.000000	       -0.062454	     +335.687020	     +335.687020
               5	              38	       +3.304594	       +3.304594	      +34.160253	     +329.965251	       -6.223944	       +0.000000	       -3.473154	       -5.294934	       +0.000000	       -0.062454	     +349.133472	     +349.133472
               5	              39	       +3.304594	       +3.304594	      +34.160253	     +329.965251	       -6.223944	       +0.000000	       -3.473154	       -5.294934	       +0.000000	       -0.062454	     +349.133472	     +349.133472
               5	              40	       +5.155267	       +5.155267	      +30.162414	     +215.450483	       -4.715370	       +0.000000	       -2.724547	       -4.636975	       +0.000000	       -0.062454	     +233.536005	     +233.536005
               5	              41	       +5.155267	       +5.155267	      +30.162414	     +215.450483	       -4.715370	       +0.000000	       -2.724547	       -4.636975	       +0.000000	       -0.062454	     +233.536005	     +233.536005
               5	              42	       +5.593548	       +5.593548	      +37.610587	     +292.903032	       -5.843908	       +0.000000	       -3.380537	       -5.001366	       +0.000000	       -0.062454	     +316.287808	     +316.287808
               5	              43	       +5.593548	       +5.593548	      +37.610587	     +292.903032	       -5.843908	       +0.000000	       -3.380537	       -5.001366	       +0.000000	       -0.062454	     +316.287808	     +316.287808
               5	              44	       +7.168538	       +7.168538	      +40.554133	     +376.330667	       -6.073113	       +0.000000	       -3.504365	       -5.184857	       +0.000000	       -0.062454	     +402.122466	     +402.122466
               5	              45	       +7.168538	       +7.168538	      +40.554132	     +376.330667	       -6.073113	       +0.000000	       -3.504365	       -5.184857	       +0.000000	       -0.062454	     +402.122464	     +402.122464
               5	              46	       +7.616678	       +7.616678	      +27.705601	     +170.610714	       -3.877390	       +0.000000	       -2.265523	       -4.126752	       +0.000000	       -0.062454	     +188.046651	     +188.046651
               5	              47	       +7.616678	       +7.616678	      +27.705601	     +170.610714	       -3.877390	       +0.000000	       -2.265523	       -4.126752	       +0.000000	       -0.062454	     +188.046651	     +188.046651
               5	              48	       +7.719677	       +7.719677	      +33.658409	     +311.334354	       -4.896083	       +0.000000	       -2.813079	       -4.700371	       +0.000000	       -0.062454	     +332.583230	     +332.583230
               5	              49	       +7.719677	       +7.719677	      +33.658412	     +311.334354	       -4.896083	       +0.000000	       -2.813079	       -4.700371	       +0.000000	       -0.062454	     +332.583233	     +332.583233
               5	              50	       +9.143824	       +9.143824	      +38.315827	     +320.323826	       -4.953159	       +0.000000	       -2.924347	       -4.708375	       +0.000000	       -0.062454	     +346.053772	     +346.053772
               5	              51	       +9.143824	       +9.143824	      +38.315828	     +320.323826	       -4.953159	       +0.000000	       -2.924347	       -4.708375	       +0.000000	       -0.062454	     +346.053772	     +346.053772
               5	              52	       +9.711212	       +9.711212	      +30.193900	     +215.685044	       -3.732912	       +0.000000	       -2.267116	       -3.972807	       +0.000000	       -0.062454	     +235.906108	     +235.906108
               5	              53	       +9.711213	       +9.711213	      +30.193887	     +215.685044	       -3.732912	       +0.000000	       -2.267116	       -3.972807	       +0.000000	       -0.062454	     +235.906095	     +235.906095
               5	              54	      +10.065537	      +10.065537	      +43.847417	     +351.096519	       -5.348295	       +0.000000	       -3.202644	       -4.818679	       +0.000000	       -0.062454	     +381.574317	     +381.574317
               5	              55	      +10.065537	      +10.065537	      +43.847407	     +351.096519	       -5.348295	       +0.000000	       -3.202644	       -4.818679	       +0.000000	       -0.062454	     +381.574307	     +381.574307
               5	              56	      +10.144727	      +10.144727	      +38.036098	     +293.867314	       -4.668786	       +0.000000	       -2.809613	       -4.553018	       +0.000000	       -0.062454	     +319.871996	     +319.871996
               5	              57	      +10.144727	      +10.144727	      +38.036101	     +293.867314	       -4.668786	       +0.000000	       -2.809613	       -4.553018	       +0.000000	       -0.062454	     +319.872000	     +319.872000
               5	              58	      +12.357131	      +12.357131	      +53.777688	     +327.603844	       -5.554668	       +0.000000	       -3.513731	       -4.847793	       +0.000000	       -0.062454	     +367.465341	     +367.465341
               5	              59	      +12.357131	      +12.357131	      +53.777688	     +327.603844	       -5.554668	       +0.000000	       -3.513731	       -4.847793	       +0.000000	       -0.062454	     +367.465340	     +367.465340
               5	              60	      +13.541745	      +13.541745	      +25.746116	     +116.618391	       -2.058901	       +0.000000	       -1.392116	       -2.760940	       +0.000000	       -0.062454	     +136.152551	     +136.152551
               5	              61	      +13.541745	      +13.541745	      +25.746116	     +116.618391	       -2.058901	       +0.000000	       -1.392116	       -2.760940	       +0.000000	       -0.062454	     +136.152551	     +136.152551
               5	              62	      +13.877058	      +13.877058	      +25.281243	     +100.970384	       -2.046680	       +0.000000	       -1.415722	       -2.632810	       +0.000000	       -0.062454	     +120.156415	     +120.156415
               5	              63	      +13.877058	      +13.877058	      +25.281242	     +100.970384	       -2.046680	       +0.000000	       -1.415722	       -2.632810	       +0.000000	       -0.062454	     +120.156414	     +120.156414
               5	              64	      +14.840741	      +14.840741	      +29.447038	     +135.390674	       -2.604994	       +0.000000	       -1.747025	       -2.687125	       +0.000000	       -0.062454	     +157.798569	     +157.798569
               5	              65	      +14.840741	      +14.840741	      +29.447038	     +135.390674	       -2.604994	       +0.000000	       -1.747025	       -2.687125	       +0.000000	       -0.062454	     +157.798568	     +157.798568
               5	              66	      +15.590644	      +15.590644	      +33.986360	     +143.123431	       -2.825377	       +0.000000	       -1.858197	       -2.883664	       +0.000000	       -0.062454	     +169.542552	     +169.542552
               5	              67	      +15.590644	      +15.590644	      +33.986359	     +143.123431	       -2.825377	       +0.000000	       -1.858197	       -2.883664	       +0.000000	       -0.062454	     +169.542551	     +169.542551
               5	              68	      +16.288972	      +16.288972	      +37.976993	     +297.747087	       -3.259545	       +0.000000	       -2.237806	       -3.028160	       +0.000000	       -0.062454	     +327.198570	     +327.198570
               5	              69	      +16.288972	      +16.288972	      +37.976994	     +297.747087	       -3.259545	       +0.000000	       -2.237806	       -3.028160	       +0.000000	       -0.062454	     +327.198571	     +327.198571
               5	              70	      +17.050889	      +17.050889	      +40.455483	     +257.640591	       -3.190787	       +0.000000	       -2.187303	       -3.208886	       +0.000000	       -0.062454	     +289.509098	     +289.509098
               5	              71	      +17.050889	      +17.050889	      +40.455482	     +257.640591	       -3.190787	       +0.000000	       -2.187303	       -3.208886	       +0.000000	       -0.062454	     +289.509097	     +289.509097
               5	              72	      +17.207931	      +17.207931	      +28.795644	      +45.965815	       -1.845728	       +0.000000	       -1.301829	       -2.231497	       +0.000000	       -0.062454	      +69.382404	      +69.382404
               5	              73	      +17.207931	      +17.207931	      +28.795643	      +45.965815	       -1.845728	       +0.000000	       -1.301829	       -2.231497	       +0.000000	       -0.062454	      +69.382404	      +69.382404
               5	              74	      +17.657340	      +17.657340	      +22.358207	     +125.609476	       -1.606235	       +0.000000	       -1.130417	       -1.480116	       +0.000000	       -0.062454	     +143.750914	     +143.750914
               5	              75	      +17.657340	      +17.657340	      +22.358207	     +125.609476	       -1.606235	       +0.000000	       -1.130417	       -1.480116	       +0.000000	       -0.062454	     +143.750915	     +143.750915
               5	              76	      +19.467552	      +19.467552	      +42.291383	     +236.011242	       -2.907602	       +0.000000	       -2.039642	       -2.744277	       +0.000000	       -0.062454	     +270.611104	     +270.611104
               5	              77	      +19.467553	      +19.467553	      +42.291386	     +236.011242	       -2.907602	       +0.000000	       -2.039642	       -2.744277	       +0.000000	       -0.062454	     +270.611106	     +270.611106
               5	              78	      +19.553073	      +19.553073	      +42.940850	     +275.109241	       -2.916870	       +0.000000	       -2.056178	       -2.855859	       +0.000000	       -0.062454	     +310.221185	     +310.221185
               5	              79	      +19.553073	      +19.553073	      +42.940850	     +275.109241	       -2.916870	       +0.000000	       -2.056178	       -2.855859	       +0.000000	       -0.062454	     +310.221185	     +310.221185

k-point 6:
               6	               0	      -65.392799	      -65.392799	      +29.311576	     +595.106763	      -40.117969	       -3.550384	      -18.036824	      -12.111575	       -3.425477	       -0.062454	     +554.151971	     +554.151971
               6	               1	      -65.392799	      -65.392799	      +29.311576	     +595.106763	      -40.117969	       -3.550384	      -18.036824	      -12.111575	       -3.425477	       -0.062454	     +554.151971	     +554.151971
               6	               2	      -42.080407	      -42.080407	      +50.926997	     +585.395639	      -33.999074	       -3.550384	      -15.090507	      -10.810406	       -3.425477	       -0.062454	     +576.422648	     +576.422648
               6	               3	      -42.080407	      -42.080407	      +50.926997	     +585.395639	      -33.999074	       -3.550384	      -15.090507	      -10.810406	       -3.425477	       -0.062454	     +576.422648	     +576.422648
               6	               4	      -39.576634	      -39.576634	      +47.748863	     +580.947868	      -33.332141	       -3.550384	      -14.785368	      -10.647719	       -3.425477	       -0.062454	     +569.931504	     +569.931504
               6	               5	      -39.576634	      -39.576634	      +47.748863	     +580.947868	      -33.332141	       -3.550384	      -14.785368	      -10.647719	       -3.425477	       -0.062454	     +569.931504	     +569.931504
               6	               6	      -39.426547	      -39.426547	      +48.742357	     +586.052106	      -33.360972	       -3.550384	      -14.812092	      -10.688823	       -3.425477	       -0.062454	     +575.932576	     +575.932576
               6	               7	      -39.426547	      -39.426547	      +48.742357	     +586.052106	      -33.360972	       -3.550384	      -14.812092	      -10.688823	       -3.425477	       -0.062454	     +575.932576	     +575.932576
               6	               8	      -18.084495	      -18.084495	      +13.069804	     +384.669814	      -22.400720	       -3.550384	       -9.747950	       -8.307744	       -3.425477	       -0.062454	     +357.283203	     +357.283203
               6	               9	      -18.084495	      -18.084495	      +13.069804	     +384.669814	      -22.400720	       -3.550384	       -9.747950	       -8.307744	       -3.425477	       -0.062454	     +357.283203	     +357.283203
               6	              10	      -17.638785	      -17.638785	      +13.836879	     +369.176031	      -22.357824	       -3.550384	       -9.694921	       -8.365933	       -3.425477	       -0.062454	     +342.594232	     +342.594232
               6	              11	      -17.638785	      -17.638785	      +13.836879	     +369.176031	      -22.357824	       -3.550384	       -9.694921	       -8.365933	       -3.425477	       -0.062454	     +342.594232	     +342.594232
               6	              12	      -10.524665	      -10.524665	      +22.254088	     +420.814528	      -18.386070	       -3.550384	       -9.180754	       -7.220945	       -3.425477	       -0.062454	     +408.280846	     +408.280846
               6	              13	      -10.524665	      -10.524665	      +22.254088	     +420.814528	      -18.386070	       -3.550384	       -9.180754	       -7.220945	       -3.425477	       -0.062454	     +408.280847	     +408.280847
               6	              14	       -9.566583	       -9.566583	      +23.065879	     +382.023981	      -17.844407	       -3.550384	       -9.075361	       -7.214208	       -3.425477	       -0.062454	     +370.955884	     +370.955884
               6	              15	       -9.566583	       -9.566583	      +23.065880	     +382.023981	      -17.844407	       -3.550384	       -9.075361	       -7.214208	       -3.425477	       -0.062454	     +370.955885	     +370.955885
               6	              16	       -9.176334	       -9.176334	      +21.632777	     +380.449014	      -17.741321	       -3.550384	       -8.947263	       -7.196321	       -3.425477	       -0.062454	     +368.196885	     +368.196885
               6	              17	       -9.176334	       -9.176334	      +21.632777	     +380.449014	      -17.741321	       -3.550384	       -8.947263	       -7.196321	       -3.425477	       -0.062454	     +368.196885	     +368.196885
               6	              18	       -8.120282	       -8.120282	      +34.386699	     +445.722030	      -18.787770	       -3.550384	       -9.888079	       -7.477540	       -3.425477	       -0.062454	     +443.955340	     +443.955340
               6	              19	       -8.120282	       -8.120282	      +34.386701	     +445.722030	      -18.787770	       -3.550384	       -9.888079	       -7.477540	       -3.425477	       -0.062454	     +443.955342	     +443.955342
               6	              20	       -7.044059	       -7.044059	      +24.668662	     +325.809435	      -17.162850	       -3.550384	       -8.805677	       -7.181554	       -3.425477	       -0.062454	     +317.328016	     +317.328016
               6	              21	       -7.044059	       -7.044059	      +24.668661	     +325.809435	      -17.162850	       -3.550384	       -8.805677	       -7.181554	       -3.425477	       -0.062454	     +317.328015	     +317.328015
               6	              22	       -6.595074	       -6.595074	      +32.360566	     +427.164687	      -17.875469	       -3.550384	       -9.374183	       -7.419608	       -3.425477	       -0.062454	     +424.855993	     +424.855993
               6	              23	       -6.595073	       -6.595073	      +32.360543	     +427.164687	      -17.875469	       -3.550384	       -9.374183	       -7.419608	       -3.425477	       -0.062454	     +424.855969	     +424.855969
               6	              24	       -6.289901	       -6.289901	      +38.267496	     +464.139501	      -17.457026	       -3.550384	       -9.603805	       -7.229430	       -3.425477	       -0.062454	     +468.116735	     +468.116735
               6	              25	       -6.289899	       -6.289899	      +38.267474	     +464.139501	      -17.457026	       -3.550384	       -9.603805	       -7.229430	       -3.425477	       -0.062454	     +468.116713	     +468.116713
               6	              26	       -3.056462	       -3.056462	      +53.234509	     +484.711918	      -12.358135	       +0.000000	       -5.973572	       -7.438047	       +0.000000	       -0.062454	     +512.176673	     +512.176673
               6	              27	       -3.056461	       -3.056461	      +53.234524	     +484.711918	      -12.358135	       +0.000000	       -5.973572	       -7.438047	       +0.000000	       -0.062454	     +512.176687	     +512.176687
               6	              28	       -2.954589	       -2.954589	      +50.547205	     +456.198338	      -11.747232	       +0.000000	       -5.715939	       -7.240162	       +0.000000	       -0.062454	     +482.042212	     +482.042212
               6	              29	       -2.954587	       -2.954587	      +50.547222	     +456.198338	      -11.747232	       +0.000000	       -5.715939	       -7.240162	       +0.000000	       -0.062454	     +482.042229	     +482.042229
               6	              30	       -1.863614	       -1.863614	      +47.548664	     +439.061673	      -10.684217	       +0.000000	       -5.424865	       -6.917962	       +0.000000	       -0.062454	     +463.583292	     +463.583292
               6	              31	       -1.863614	       -1.863614	      +47.548663	     +439.061673	      -10.684217	       +0.000000	       -5.424865	       -6.917962	       +0.000000	       -0.062454	     +463.583291	     +463.583291
               6	              32	       -1.263889	       -1.263889	      +51.240739	     +430.843965	      -11.316853	       +0.000000	       -5.491497	       -7.298207	       +0.000000	       -0.062454	     +457.978147	     +457.978147
               6	              33	       -1.263888	       -1.263888	      +51.240739	     +430.843965	      -11.316853	       +0.000000	       -5.491497	       -7.298207	       +0.000000	       -0.062454	     +457.978146	     +457.978146
               6	              34	       +2.649882	       +2.649882	      +30.062540	     +343.218036	       -6.128918	       +0.000000	       -3.316169	       -5.433710	       +0.000000	       -0.062454	     +358.401780	     +358.401780
               6	              35	       +2.649882	       +2.649882	      +30.062546	     +343.218036	       -6.128918	       +0.000000	       -3.316169	       -5.433710	       +0.000000	       -0.062454	     +358.401786	     +358.401786
               6	              36	       +2.893232	       +2.893232	      +27.034595	     +321.424398	       -5.568074	       +0.000000	       -2.979063	       -5.039601	       +0.000000	       -0.062454	     +334.872255	     +334.872255
               6	              37	       +2.893232	       +2.893232	      +27.034596	     +321.424398	       -5.568074	       +0.000000	       -2.979063	       -5.039601	       +0.000000	       -0.062454	     +334.872256	     +334.872256
               6	              38	       +3.304596	       +3.304596	      +34.160082	     +331.355786	       -6.223273	       +0.000000	       -3.473011	       -5.299712	       +0.000000	       -0.062454	     +350.519872	     +350.519872
               6	              39	       +3.304597	       +3.304597	      +34.160089	     +331.355786	       -6.223273	       +0.000000	       -3.473011	       -5.299712	       +0.000000	       -0.062454	     +350.519879	     +350.519879
               6	              40	       +5.155271	       +5.155271	      +30.162488	     +211.870256	       -4.721426	       +0.000000	       -2.724349	       -4.634686	       +0.000000	       -0.062454	     +229.952283	     +229.952283
               6	              41	       +5.155271	       +5.155271	      +30.162487	     +211.870256	       -4.721426	       +0.000000	       -2.724349	       -4.634686	       +0.000000	       -0.062454	     +229.952282	     +229.952282
               6	              42	       +5.593534	       +5.593534	      +37.610611	     +289.891924	       -5.854621	       +0.000000	       -3.382243	       -5.016514	       +0.000000	       -0.062454	     +313.249157	     +313.249157
               6	              43	       +5.593534	       +5.593534	      +37.610614	     +289.891924	       -5.854621	       +0.000000	       -3.382243	       -5.016514	       +0.000000	       -0.062454	     +313.249160	     +313.249160
               6	              44	       +7.168552	       +7.168552	      +40.554126	     +375.729393	       -6.071791	       +0.000000	       -3.503321	       -5.190290	       +0.000000	       -0.062454	     +401.518118	     +401.518118
               6	              45	       +7.168552	       +7.168552	      +40.554131	     +375.729393	       -6.071791	       +0.000000	       -3.503321	       -5.190290	       +0.000000	       -0.062454	     +401.518123	     +401.518123
               6	              46	       +7.616670	       +7.616670	      +27.705580	     +167.744664	       -3.879538	       +0.000000	       -2.265701	       -4.123458	       +0.000000	       -0.062454	     +185.181547	     +185.181547
               6	              47	       +7.616670	       +7.616670	      +27.705580	     +167.744664	       -3.879538	       +0.000000	       -2.265701	       -4.123458	       +0.000000	       -0.062454	     +185.181547	     +185.181547
               6	              48	       +7.719668	       +7.719668	      +33.658351	     +310.796552	       -4.894906	       +0.000000	       -2.812428	       -4.705242	       +0.000000	       -0.062454	     +332.042327	     +332.042327
               6	              49	       +7.719669	       +7.719669	      +33.658357	     +310.796552	       -4.894906	       +0.000000	       -2.812428	       -4.705242	       +0.000000	       -0.062454	     +332.042333	     +332.042333
               6	              50	       +9.143833	       +9.143833	      +38.315851	     +317.373568	       -4.951626	       +0.000000	       -2.923628	       -4.703656	       +0.000000	       -0.062454	     +343.110509	     +343.110509
               6	              51	       +9.143833	       +9.143833	      +38.315851	     +317.373568	       -4.951626	       +0.000000	       -2.923628	       -4.703656	       +0.000000	       -0.062454	     +343.110509	     +343.110509
               6	              52	       +9.711197	       +9.711197	      +30.193871	     +216.292060	       -3.732420	       +0.000000	       -2.266271	       -3.964545	       +0.000000	       -0.062454	     +236.522694	     +236.522694
               6	              53	       +9.711197	       +9.711197	      +30.193866	     +216.292060	       -3.732420	       +0.000000	       -2.266271	       -3.964545	       +0.000000	       -0.062454	     +236.522690	     +236.522690
               6	              54	      +10.065546	      +10.065546	      +43.847186	     +353.337549	       -5.351101	       +0.000000	       -3.204486	       -4.816119	       +0.000000	       -0.062454	     +383.813029	     +383.813029
               6	              55	      +10.065546	      +10.065546	      +43.847187	     +353.337549	       -5.351101	       +0.000000	       -3.204486	       -4.816119	       +0.000000	       -0.062454	     +383.813030	     +383.813030
               6	              56	      +10.144710	      +10.144710	      +38.036298	     +292.688853	       -4.669924	       +0.000000	       -2.811284	       -4.551291	       +0.000000	       -0.062454	     +318.692651	     +318.692651
               6	              57	      +10.144710	      +10.144710	      +38.036303	     +292.688853	       -4.669924	       +0.000000	       -2.811284	       -4.551291	       +0.000000	       -0.062454	     +318.692657	     +318.692657
               6	              58	      +12.357130	      +12.357130	      +53.777706	     +325.005018	       -5.550475	       +0.000000	       -3.511779	       -4.839834	       +0.000000	       -0.062454	     +364.880636	     +364.880636
               6	              59	      +12.357130	      +12.357130	      +53.777707	     +325.005018	       -5.550475	       +0.000000	       -3.511779	       -4.839834	       +0.000000	       -0.062454	     +364.880637	     +364.880637
               6	              60	      +13.541740	      +13.541740	      +25.746118	     +115.690552	       -2.056973	       +0.000000	       -1.391256	       -2.765140	       +0.000000	       -0.062454	     +135.223300	     +135.223300
               6	              61	      +13.541740	      +13.541740	      +25.746119	     +115.690552	       -2.056973	       +0.000000	       -1.391256	       -2.765140	       +0.000000	       -0.062454	     +135.223301	     +135.223301
               6	              62	      +13.877063	      +13.877063	      +25.281264	     +104.644366	       -2.045984	       +0.000000	       -1.414390	       -2.628774	       +0.000000	       -0.062454	     +123.836481	     +123.836481
               6	              63	      +13.877063	      +13.877063	      +25.281261	     +104.644366	       -2.045984	       +0.000000	       -1.414390	       -2.628774	       +0.000000	       -0.062454	     +123.836479	     +123.836479
               6	              64	      +14.840724	      +14.840724	      +29.446948	     +131.450570	       -2.603558	       +0.000000	       -1.745223	       -2.668002	       +0.000000	       -0.062454	     +153.880735	     +153.880735
               6	              65	      +14.840724	      +14.840724	      +29.446945	     +131.450570	       -2.603558	       +0.000000	       -1.745223	       -2.668002	       +0.000000	       -0.062454	     +153.880732	     +153.880732
               6	              66	      +15.590636	      +15.590636	      +33.986370	     +137.785190	       -2.825333	       +0.000000	       -1.858157	       -2.883573	       +0.000000	       -0.062454	     +164.204498	     +164.204498
               6	              67	      +15.590636	      +15.590636	      +33.986370	     +137.785190	       -2.825333	       +0.000000	       -1.858157	       -2.883573	       +0.000000	       -0.062454	     +164.204497	     +164.204497
               6	              68	      +16.289002	      +16.289002	      +37.976985	     +293.924439	       -3.259864	       +0.000000	       -2.238285	       -3.027879	       +0.000000	       -0.062454	     +323.375396	     +323.375396
               6	              69	      +16.289002	      +16.289002	      +37.976989	     +293.924439	       -3.259864	       +0.000000	       -2.238285	       -3.027879	       +0.000000	       -0.062454	     +323.375400	     +323.375400
               6	              70	      +17.050898	      +17.050898	      +40.455425	     +269.232860	       -3.190132	       +0.000000	       -2.187818	       -3.216729	       +0.000000	       -0.062454	     +301.093605	     +301.093605
               6	              71	      +17.050898	      +17.050898	      +40.455423	     +269.232860	       -3.190132	       +0.000000	       -2.187818	       -3.216729	       +0.000000	       -0.062454	     +301.093604	     +301.093604
               6	              72	      +17.207928	      +17.207928	      +28.795666	      +48.220242	       -1.845560	       +0.000000	       -1.301434	       -2.195816	       +0.000000	       -0.062454	      +71.673098	      +71.673098
               6	              73	      +17.207928	      +17.207928	      +28.795666	      +48.220242	       -1.845560	       +0.000000	       -1.301434	       -2.195816	       +0.000000	       -0.062454	      +71.673098	      +71.673098
               6	              74	      +17.657340	      +17.657340	      +22.358283	     +123.875920	       -1.605455	       +0.000000	       -1.129639	       -1.475649	       +0.000000	       -0.062454	     +142.023460	     +142.023460
               6	              75	      +17.657340	      +17.657340	      +22.358284	     +123.875920	       -1.605455	       +0.000000	       -1.129639	       -1.475649	       +0.000000	       -0.062454	     +142.023462	     +142.023462
               6	              76	      +19.467532	      +19.467532	      +42.291496	     +243.339481	       -2.906043	       +0.000000	       -2.038733	       -2.719787	       +0.000000	       -0.062454	     +277.966413	     +277.966413
               6	              77	      +19.467532	      +19.467532	      +42.291495	     +243.339481	       -2.906043	       +0.000000	       -2.038733	       -2.719787	       +0.000000	       -0.062454	     +277.966413	     +277.966413
               6	              78	      +19.553053	      +19.553053	      +42.940846	     +286.381565	       -2.916779	       +0.000000	       -2.055468	       -2.853194	       +0.000000	       -0.062454	     +321.496968	     +321.496968
               6	              79	      +19.553054	      +19.553054	      +42.940848	     +286.381565	       -2.916779	       +0.000000	       -2.055468	       -2.853194	       +0.000000	       -0.062454	     +321.496970	     +321.496970

k-point 7:
               7	               0	      -65.392799	      -65.392799	      +29.311578	     +592.995736	      -40.090242	       -3.550384	      -18.028213	      -12.101738	       -3.425477	       -0.062454	     +552.087121	     +552.087121
               7	               1	      -65.392799	      -65.392799	      +29.311578	     +592.995736	      -40.090242	       -3.550384	      -18.028213	      -12.101738	       -3.425477	       -0.062454	     +552.087121	     +552.087121
               7	               2	      -42.080407	      -42.080407	      +50.926996	     +585.002663	      -33.995438	       -3.550384	      -15.089535	      -10.809359	       -3.425477	       -0.062454	     +576.035327	     +576.035327
               7	               3	      -42.080407	      -42.080407	      +50.926996	     +585.002663	      -33.995438	       -3.550384	      -15.089535	      -10.809359	       -3.425477	       -0.062454	     +576.035327	     +576.035327
               7	               4	      -39.576633	      -39.576633	      +47.748866	     +580.760687	      -33.328837	       -3.550384	      -14.784271	      -10.646461	       -3.425477	       -0.062454	     +569.749984	     +569.749984
               7	               5	      -39.576633	      -39.576633	      +47.748867	     +580.760687	      -33.328837	       -3.550384	      -14.784271	      -10.646461	       -3.425477	       -0.062454	     +569.749984	     +569.749984
               7	               6	      -39.426549	      -39.426549	      +48.742347	     +585.309341	      -33.356130	       -3.550384	      -14.811090	      -10.687810	       -3.425477	       -0.062454	     +575.196657	     +575.196657
               7	               7	      -39.426549	      -39.426549	      +48.742347	     +585.309341	      -33.356130	       -3.550384	      -14.811090	      -10.687810	       -3.425477	       -0.062454	     +575.196658	     +575.196658
               7	               8	      -18.084493	      -18.084493	      +13.069807	     +384.303138	      -22.398306	       -3.550384	       -9.745640	       -8.307257	       -3.425477	       -0.062454	     +356.921743	     +356.921743
               7	               9	      -18.084493	      -18.084493	      +13.069807	     +384.303138	      -22.398306	       -3.550384	       -9.745640	       -8.307257	       -3.425477	       -0.062454	     +356.921743	     +356.921743
               7	              10	      -17.638777	      -17.638777	      +13.836889	     +370.267512	      -22.365314	       -3.550384	       -9.698102	       -8.366821	       -3.425477	       -0.062454	     +343.674164	     +343.674164
               7	              11	      -17.638777	      -17.638777	      +13.836889	     +370.267512	      -22.365314	       -3.550384	       -9.698102	       -8.366821	       -3.425477	       -0.062454	     +343.674164	     +343.674164
               7	              12	      -10.524665	      -10.524665	      +22.254098	     +421.091114	      -18.373854	       -3.550384	       -9.178024	       -7.213026	       -3.425477	       -0.062454	     +408.580308	     +408.580308
               7	              13	      -10.524665	      -10.524665	      +22.254098	     +421.091114	      -18.373854	       -3.550384	       -9.178024	       -7.213026	       -3.425477	       -0.062454	     +408.580308	     +408.580308
               7	              14	       -9.566582	       -9.566582	      +23.065882	     +384.327504	      -17.842740	       -3.550384	       -9.078509	       -7.209667	       -3.425477	       -0.062454	     +373.262471	     +373.262471
               7	              15	       -9.566582	       -9.566582	      +23.065882	     +384.327504	      -17.842740	       -3.550384	       -9.078509	       -7.209667	       -3.425477	       -0.062454	     +373.262471	     +373.262471
               7	              16	       -9.176332	       -9.176332	      +21.632780	     +380.233496	      -17.738570	       -3.550384	       -8.946558	       -7.195938	       -3.425477	       -0.062454	     +367.985209	     +367.985209
               7	              17	       -9.176332	       -9.176332	      +21.632780	     +380.233496	      -17.738570	       -3.550384	       -8.946558	       -7.195938	       -3.425477	       -0.062454	     +367.985209	     +367.985209
               7	              18	       -8.120308	       -8.120308	      +34.386641	     +446.649049	      -18.809347	       -3.550384	       -9.895361	       -7.482978	       -3.425477	       -0.062454	     +444.848004	     +444.848004
               7	              19	       -8.120308	       -8.120308	      +34.386641	     +446.649049	      -18.809347	       -3.550384	       -9.895361	       -7.482978	       -3.425477	       -0.062454	     +444.848004	     +444.848004
               7	              20	       -7.044053	       -7.044053	      +24.668671	     +324.097747	      -17.168035	       -3.550384	       -8.802396	       -7.185137	       -3.425477	       -0.062454	     +315.610850	     +315.610850
               7	              21	       -7.044053	       -7.044053	      +24.668671	     +324.097747	      -17.168035	       -3.550384	       -8.802396	       -7.185137	       -3.425477	       -0.062454	     +315.610850	     +315.610850
               7	              22	       -6.595087	       -6.595087	      +32.360463	     +426.816224	      -17.879386	       -3.550384	       -9.374887	       -7.425105	       -3.425477	       -0.062454	     +424.497309	     +424.497309
               7	              23	       -6.595086	       -6.595086	      +32.360440	     +426.816224	      -17.879386	       -3.550384	       -9.374887	       -7.425105	       -3.425477	       -0.062454	     +424.497286	     +424.497286
               7	              24	       -6.289884	       -6.289884	      +38.267553	     +462.246838	      -17.439951	       -3.550384	       -9.596786	       -7.222189	       -3.425477	       -0.062454	     +466.255465	     +466.255465
               7	              25	       -6.289883	       -6.289883	      +38.267528	     +462.246838	      -17.439951	       -3.550384	       -9.596786	       -7.222189	       -3.425477	       -0.062454	     +466.255441	     +466.255441
               7	              26	       -3.056468	       -3.056468	      +53.234568	     +485.092287	      -12.349642	       +0.000000	       -5.971431	       -7.433453	       +0.000000	       -0.062454	     +512.572329	     +512.572329
               7	              27	       -3.056467	       -3.056467	      +53.234585	     +485.092287	      -12.349642	       +0.000000	       -5.971431	       -7.433453	       +0.000000	       -0.062454	     +512.572345	     +512.572345
               7	              28	       -2.954590	       -2.954590	      +50.547088	     +455.696259	      -11.748233	       +0.000000	       -5.717011	       -7.241905	       +0.000000	       -0.062454	     +481.536199	     +481.536199
               7	              29	       -2.954589	       -2.954589	      +50.547103	     +455.696259	      -11.748233	       +0.000000	       -5.717011	       -7.241905	       +0.000000	       -0.062454	     +481.536214	     +481.536214
               7	              30	       -1.863630	       -1.863630	      +47.548623	     +437.751808	      -10.683945	       +0.000000	       -5.425123	       -6.925961	       +0.000000	       -0.062454	     +462.265402	     +462.265402
               7	              31	       -1.863630	       -1.863630	      +47.548621	     +437.751808	      -10.683945	       +0.000000	       -5.425123	       -6.925961	       +0.000000	       -0.062454	     +462.265400	     +462.265400
               7	              32	       -1.263885	       -1.263885	      +51.240721	     +425.169603	      -11.316600	       +0.000000	       -5.489442	       -7.282662	       +0.000000	       -0.062454	     +452.321620	     +452.321620
               7	              33	       -1.263885	       -1.263885	      +51.240719	     +425.169603	      -11.316600	       +0.000000	       -5.489442	       -7.282662	       +0.000000	       -0.062454	     +452.321618	     +452.321618
               7	              34	       +2.649883	       +2.649883	      +30.062483	     +342.255016	       -6.132805	       +0.000000	       -3.317498	       -5.435568	       +0.000000	       -0.062454	     +357.431627	     +357.431627
               7	              35	       +2.649883	       +2.649883	      +30.062483	     +342.255016	       -6.132805	       +0.000000	       -3.317498	       -5.435568	       +0.000000	       -0.062454	     +357.431627	     +357.431627
               7	              36	       +2.893231	       +2.893231	      +27.034646	     +322.247314	       -5.572710	       +0.000000	       -2.980900	       -5.041330	       +0.000000	       -0.062454	     +335.687020	     +335.687020
               7	              37	       +2.893231	       +2.893231	      +27.034646	     +322.247314	       -5.572710	       +0.000000	       -2.980900	       -5.041330	       +0.000000	       -0.062454	     +335.687020	     +335.687020
               7	              38	       +3.304594	       +3.304594	      +34.160253	     +329.965251	       -6.223944	       +0.000000	       -3.473154	       -5.294934	       +0.000000	       -0.062454	     +349.133472	     +349.133472
               7	              39	       +3.304594	       +3.304594	      +34.160253	     +329.965251	       -6.223944	       +0.000000	       -3.473154	       -5.294934	       +0.000000	       -0.062454	     +349.133472	     +349.133472
               7	              40	       +5.155267	       +5.155267	      +30.162414	     +215.450483	       -4.715370	       +0.000000	       -2.724547	       -4.636975	       +0.000000	       -0.062454	     +233.536005	     +233.536005
               7	              41	       +5.155267	       +5.155267	      +30.162414	     +215.450483	       -4.715370	       +0.000000	       -2.724547	       -4.636975	       +0.000000	       -0.062454	     +233.536005	     +233.536005
               7	              42	       +5.593548	       +5.593548	      +37.610587	     +292.903032	       -5.843908	       +0.000000	       -3.380537	       -5.001366	       +0.000000	       -0.062454	     +316.287808	     +316.287808
               7	              43	       +5.593548	       +5.593548	      +37.610587	     +292.903032	       -5.843908	       +0.000000	       -3.380537	       -5.001366	       +0.000000	       -0.062454	     +316.287808	     +316.287808
               7	              44	       +7.168538	       +7.168538	      +40.554133	     +376.330667	       -6.073113	       +0.000000	       -3.504365	       -5.184857	       +0.000000	       -0.062454	     +402.122466	     +402.122466
               7	              45	       +7.168538	       +7.168538	      +40.554132	     +376.330667	       -6.073113	       +0.000000	       -3.504365	       -5.184857	       +0.000000	       -0.062454	     +402.122464	     +402.122464
               7	              46	       +7.616678	       +7.616678	      +27.705601	     +170.610714	       -3.877390	       +0.000000	       -2.265523	       -4.126752	       +0.000000	       -0.062454	     +188.046651	     +188.046651
               7	              47	       +7.616678	       +7.616678	      +27.705601	     +170.610714	       -3.877390	       +0.000000	       -2.265523	       -4.126752	       +0.000000	       -0.062454	     +188.046651	     +188.046651
               7	              48	       +7.719677	       +7.719677	      +33.658409	     +311.334354	       -4.896083	       +0.000000	       -2.813079	       -4.700371	       +0.000000	       -0.062454	     +332.583230	     +332.583230
               7	              49	       +7.719677	       +7.719677	      +33.658412	     +311.334354	       -4.896083	       +0.000000	       -2.813079	       -4.700371	       +0.000000	       -0.062454	     +332.583233	     +332.583233
               7	              50	       +9.143824	       +9.143824	      +38.315827	     +320.323826	       -4.953159	       +0.000000	       -2.924347	       -4.708375	       +0.000000	       -0.062454	     +346.053772	     +346.053772
               7	              51	       +9.143824	       +9.143824	      +38.315828	     +320.323826	       -4.953159	       +0.000000	       -2.924347	       -4.708375	       +0.000000	       -0.062454	     +346.053772	     +346.053772
               7	              52	       +9.711212	       +9.711212	      +30.193900	     +215.685044	       -3.732912	       +0.000000	       -2.267116	       -3.972807	       +0.000000	       -0.062454	     +235.906108	     +235.906108
               7	              53	       +9.711213	       +9.711213	      +30.193887	     +215.685044	       -3.732912	       +0.000000	       -2.267116	       -3.972807	       +0.000000	       -0.062454	     +235.906095	     +235.906095
               7	              54	      +10.065537	      +10.065537	      +43.847417	     +351.096519	       -5.348295	       +0.000000	       -3.202644	       -4.818679	       +0.000000	       -0.062454	     +381.574317	     +381.574317
               7	              55	      +10.065537	      +10.065537	      +43.847407	     +351.096519	       -5.348295	       +0.000000	       -3.202644	       -4.818679	       +0.000000	       -0.062454	     +381.574307	     +381.574307
               7	              56	      +10.144727	      +10.144727	      +38.036098	     +293.867314	       -4.668786	       +0.000000	       -2.809613	       -4.553018	       +0.000000	       -0.062454	     +319.871996	     +319.871996
               7	              57	      +10.144727	      +10.144727	      +38.036101	     +293.867314	       -4.668786	       +0.000000	       -2.809613	       -4.553018	       +0.000000	       -0.062454	     +319.872000	     +319.872000
               7	              58	      +12.357131	      +12.357131	      +53.777688	     +327.603844	       -5.554668	       +0.000000	       -3.513731	       -4.847793	       +0.000000	       -0.062454	     +367.465341	     +367.465341
               7	              59	      +12.357131	      +12.357131	      +53.777688	     +327.603844	       -5.554668	       +0.000000	       -3.513731	       -4.847793	       +0.000000	       -0.062454	     +367.465340	     +367.465340
               7	              60	      +13.541745	      +13.541745	      +25.746116	     +116.618391	       -2.058901	       +0.000000	       -1.392116	       -2.760940	       +0.000000	       -0.062454	     +136.152551	     +136.152551
               7	              61	      +13.541745	      +13.541745	      +25.746116	     +116.618391	       -2.058901	       +0.000000	       -1.392116	       -2.760940	       +0.000000	       -0.062454	     +136.152551	     +136.152551
               7	              62	      +13.877058	      +13.877058	      +25.281243	     +100.970384	       -2.046680	       +0.000000	       -1.415722	       -2.632810	       +0.000000	       -0.062454	     +120.156415	     +120.156415
               7	              63	      +13.877058	      +13.877058	      +25.281242	     +100.970384	       -2.046680	       +0.000000	       -1.415722	       -2.632810	       +0.000000	       -0.062454	     +120.156414	     +120.156414
               7	              64	      +14.840741	      +14.840741	      +29.447038	     +135.390674	       -2.604994	       +0.000000	       -1.747025	       -2.687125	       +0.000000	       -0.062454	     +157.798569	     +157.798569
               7	              65	      +14.840741	      +14.840741	      +29.447038	     +135.390674	       -2.604994	       +0.000000	       -1.747025	       -2.687125	       +0.000000	       -0.062454	     +157.798568	     +157.798568
               7	              66	      +15.590644	      +15.590644	      +33.986360	     +143.123431	       -2.825377	       +0.000000	       -1.858197	       -2.883664	       +0.000000	       -0.062454	     +169.542552	     +169.542552
               7	              67	      +15.590644	      +15.590644	      +33.986359	     +143.123431	       -2.825377	       +0.000000	       -1.858197	       -2.883664	       +0.000000	       -0.062454	     +169.542551	     +169.542551
               7	              68	      +16.288972	      +16.288972	      +37.976993	     +297.747087	       -3.259545	       +0.000000	       -2.237806	       -3.028160	       +0.000000	       -0.062454	     +327.198570	     +327.198570
               7	              69	      +16.288972	      +16.288972	      +37.976994	     +297.747087	       -3.259545	       +0.000000	       -2.237806	       -3.028160	       +0.000000	       -0.062454	     +327.198571	     +327.198571
               7	              70	      +17.050889	      +17.050889	      +40.455483	     +257.640591	       -3.190787	       +0.000000	       -2.187303	       -3.208886	       +0.000000	       -0.062454	     +289.509098	     +289.509098
               7	              71	      +17.050889	      +17.050889	      +40.455482	     +257.640591	       -3.190787	       +0.000000	       -2.187303	       -3.208886	       +0.000000	       -0.062454	     +289.509097	     +289.509097
               7	              72	      +17.207931	      +17.207931	      +28.795644	      +45.965815	       -1.845728	       +0.000000	       -1.301829	       -2.231497	       +0.000000	       -0.062454	      +69.382404	      +69.382404
               7	              73	      +17.207931	      +17.207931	      +28.795643	      +45.965815	       -1.845728	       +0.000000	       -1.301829	       -2.231497	       +0.000000	       -0.062454	      +69.382404	      +69.382404
               7	              74	      +17.657340	      +17.657340	      +22.358207	     +125.609476	       -1.606235	       +0.000000	       -1.130417	       -1.480116	       +0.000000	       -0.062454	     +143.750914	     +143.750914
               7	              75	      +17.657340	      +17.657340	      +22.358207	     +125.609476	       -1.606235	       +0.000000	       -1.130417	       -1.480116	       +0.000000	       -0.062454	     +143.750915	     +143.750915
               7	              76	      +19.467552	      +19.467552	      +42.291383	     +236.011242	       -2.907602	       +0.000000	       -2.039642	       -2.744277	       +0.000000	       -0.062454	     +270.611104	     +270.611104
               7	              77	      +19.467553	      +19.467553	      +42.291386	     +236.011242	       -2.907602	       +0.000000	       -2.039642	       -2.744277	       +0.000000	       -0.062454	     +270.611106	     +270.611106
               7	              78	      +19.553073	      +19.553073	      +42.940850	     +275.109241	       -2.916870	       +0.000000	       -2.056178	       -2.855859	       +0.000000	       -0.062454	     +310.221185	     +310.221185
               7	              79	      +19.553073	      +19.553073	      +42.940850	     +275.109241	       -2.916870	       +0.000000	       -2.056178	       -2.855859	       +0.000000	       -0.062454	     +310.221185	     +310.221185

k-point 8:
               8	               0	      -65.289463	      -65.289463	      +29.287389	     +594.417370	      -40.087880	       -3.550384	      -18.016747	      -12.105247	       -3.425477	       -0.062454	     +553.494885	     +553.494885
               8	               1	      -65.289458	      -65.289458	      +29.287409	     +594.417370	      -40.087880	       -3.550384	      -18.016747	      -12.105247	       -3.425477	       -0.062454	     +553.494905	     +553.494905
               8	               2	      -42.122165	      -42.122165	      +50.565577	     +585.165818	      -33.971722	       -3.550384	      -15.079433	      -10.801623	       -3.425477	       -0.062454	     +575.878617	     +575.878617
               8	               3	      -42.099981	      -42.099981	      +50.768552	     +584.394447	      -34.009814	       -3.550384	      -15.078238	      -10.801821	       -3.425477	       -0.062454	     +575.273126	     +575.273126
               8	               4	      -39.582218	      -39.582218	      +47.373733	     +587.008384	      -33.318103	       -3.550384	      -14.758869	      -10.657905	       -3.425477	       -0.062454	     +575.647240	     +575.647240
               8	               5	      -39.538369	      -39.538369	      +48.073174	     +578.319201	      -33.300771	       -3.550384	      -14.804125	      -10.649532	       -3.425477	       -0.062454	     +567.637947	     +567.637947
               8	               6	      -39.534508	      -39.534508	      +47.785215	     +585.756011	      -33.375942	       -3.550384	      -14.758198	      -10.660098	       -3.425477	       -0.062454	     +574.746988	     +574.746988
               8	               7	      -39.522507	      -39.522507	      +48.204994	     +577.995854	      -33.320822	       -3.550384	      -14.803696	      -10.650061	       -3.425477	       -0.062454	     +567.426269	     +567.426269
               8	               8	      -17.273677	      -17.273677	      +15.720708	     +389.136744	      -22.492313	       -3.550384	       -9.835676	       -8.454261	       -3.425477	       -0.062454	     +364.075202	     +364.075202
               8	               9	      -17.230830	      -17.230830	      +15.115620	     +380.361761	      -22.522713	       -3.550384	       -9.793621	       -8.471782	       -3.425477	       -0.062454	     +354.689265	     +354.689265
               8	              10	      -17.227365	      -17.227365	      +15.092539	     +380.188110	      -22.518891	       -3.550384	       -9.791658	       -8.471843	       -3.425477	       -0.062454	     +354.498258	     +354.498258
               8	              11	      -17.210675	      -17.210675	      +15.972985	     +388.211443	      -22.511526	       -3.550384	       -9.844401	       -8.467716	       -3.425477	       -0.062454	     +363.360785	     +363.360785
               8	              12	      -10.760539	      -10.760539	      +23.104874	     +418.316146	      -18.545590	       -3.550384	       -9.327649	       -7.267052	       -3.425477	       -0.062454	     +406.280728	     +406.280728
               8	              13	      -10.751426	      -10.751426	      +23.327905	     +419.606667	      -18.560069	       -3.550384	       -9.344693	       -7.269319	       -3.425477	       -0.062454	     +407.760491	     +407.760491
               8	              14	       -9.925139	       -9.925139	      +20.300248	     +382.866963	      -17.995322	       -3.550384	       -8.958199	       -7.163026	       -3.425477	       -0.062454	     +369.050664	     +369.050664
               8	              15	       -9.889646	       -9.889646	      +20.290045	     +383.030257	      -17.971876	       -3.550384	       -8.955262	       -7.157110	       -3.425477	       -0.062454	     +369.236053	     +369.236053
               8	              16	       -9.441757	       -9.441757	      +18.615134	     +394.818674	      -16.692556	       -3.550384	       -8.514803	       -6.956860	       -3.425477	       -0.062454	     +381.269589	     +381.269589
               8	              17	       -9.382374	       -9.382374	      +18.968955	     +393.014886	      -16.745386	       -3.550384	       -8.529152	       -6.974129	       -3.425477	       -0.062454	     +379.735174	     +379.735174
               8	              18	       -8.864993	       -8.864993	      +25.609928	     +372.708688	      -18.410529	       -3.550384	       -9.303296	       -7.393607	       -3.425477	       -0.062454	     +363.211184	     +363.211184
               8	              19	       -8.839967	       -8.839967	      +26.230233	     +376.002673	      -18.490660	       -3.550384	       -9.346548	       -7.409604	       -3.425477	       -0.062454	     +366.986095	     +366.986095
               8	              20	       -8.314099	       -8.314099	      +20.631965	     +348.735175	      -16.947379	       -3.550384	       -8.560854	       -7.097324	       -3.425477	       -0.062454	     +336.761583	     +336.761583
               8	              21	       -8.264530	       -8.264530	      +20.547262	     +348.479575	      -16.888193	       -3.550384	       -8.548329	       -7.088151	       -3.425477	       -0.062454	     +336.502164	     +336.502164
               8	              22	       -7.587982	       -7.587982	      +29.988443	     +347.550848	      -18.298738	       -3.550384	       -9.456397	       -7.417808	       -3.425477	       -0.062454	     +342.366348	     +342.366348
               8	              23	       -7.566418	       -7.566418	      +29.773751	     +346.637088	      -18.253436	       -3.550384	       -9.438311	       -7.410331	       -3.425477	       -0.062454	     +341.308761	     +341.308761
               8	              24	       -5.326194	       -5.326194	      +46.372181	     +505.166181	      -18.086078	       -3.550384	      -10.103745	       -7.413235	       -3.425477	       -0.062454	     +515.935304	     +515.935304
               8	              25	       -5.193615	       -5.193615	      +45.474213	     +502.764160	      -17.836934	       -3.550384	      -10.021514	       -7.372583	       -3.425477	       -0.062454	     +513.007342	     +513.007342
               8	              26	       -3.493546	       -3.493546	      +55.511863	     +528.390934	      -12.668284	       +0.000000	       -6.256277	       -7.500539	       +0.000000	       -0.062454	     +557.477697	     +557.477697
               8	              27	       -3.489961	       -3.489961	      +55.455293	     +527.867205	      -12.638578	       +0.000000	       -6.248601	       -7.498961	       +0.000000	       -0.062454	     +556.936358	     +556.936358
               8	              28	       -2.349114	       -2.349114	      +45.896751	     +408.206678	      -10.512005	       +0.000000	       -5.170683	       -6.855565	       +0.000000	       -0.062454	     +431.565178	     +431.565178
               8	              29	       -2.318861	       -2.318861	      +45.931999	     +408.480227	      -10.517261	       +0.000000	       -5.173562	       -6.848553	       +0.000000	       -0.062454	     +431.872850	     +431.872850
               8	              30	       -1.737564	       -1.737564	      +57.019562	     +483.491415	      -12.308559	       +0.000000	       -6.154525	       -7.397700	       +0.000000	       -0.062454	     +514.650193	     +514.650193
               8	              31	       -1.607455	       -1.607455	      +56.878365	     +485.518020	      -12.172501	       +0.000000	       -6.134770	       -7.381036	       +0.000000	       -0.062454	     +516.708078	     +516.708078
               8	              32	       -0.396867	       -0.396867	      +59.713324	     +482.720525	      -11.738034	       +0.000000	       -6.226090	       -7.301836	       +0.000000	       -0.062454	     +517.167888	     +517.167888
               8	              33	       -0.320176	       -0.320176	      +59.669398	     +483.114147	      -11.690595	       +0.000000	       -6.217753	       -7.284386	       +0.000000	       -0.062454	     +517.590812	     +517.590812
               8	              34	       +2.059713	       +2.059713	      +35.141266	     +377.620687	       -7.011882	       +0.000000	       -3.776158	       -5.518442	       +0.000000	       -0.062454	     +396.455471	     +396.455471
               8	              35	       +2.197666	       +2.197666	      +34.919172	     +375.112171	       -6.962389	       +0.000000	       -3.747158	       -5.488757	       +0.000000	       -0.062454	     +393.833038	     +393.833038
               8	              36	       +2.544442	       +2.544442	      +27.064973	     +302.168892	       -5.551727	       +0.000000	       -3.013745	       -5.095765	       +0.000000	       -0.062454	     +315.572628	     +315.572628
               8	              37	       +2.547609	       +2.547609	      +27.037240	     +301.606060	       -5.543283	       +0.000000	       -3.009374	       -5.099977	       +0.000000	       -0.062454	     +314.990666	     +314.990666
               8	              38	       +4.779964	       +4.779964	      +24.682278	     +233.905614	       -4.243184	       +0.000000	       -2.377803	       -4.484373	       +0.000000	       -0.062454	     +247.482532	     +247.482532
               8	              39	       +4.790015	       +4.790015	      +24.688570	     +233.920907	       -4.243180	       +0.000000	       -2.377755	       -4.491731	       +0.000000	       -0.062454	     +247.496811	     +247.496811
               8	              40	       +5.792462	       +5.792462	      +37.854992	     +340.366335	       -6.287798	       +0.000000	       -3.568284	       -5.191593	       +0.000000	       -0.062454	     +363.173652	     +363.173652
               8	              41	       +5.847475	       +5.847475	      +37.875448	     +338.433605	       -6.292981	       +0.000000	       -3.566663	       -5.176348	       +0.000000	       -0.062454	     +361.273062	     +361.273062
               8	              42	       +6.356892	       +6.356892	      +33.738775	     +373.773890	       -5.739356	       +0.000000	       -3.108946	       -5.107170	       +0.000000	       -0.062454	     +393.557193	     +393.557193
               8	              43	       +6.375935	       +6.375935	      +33.776270	     +374.674384	       -5.754433	       +0.000000	       -3.116749	       -5.097464	       +0.000000	       -0.062454	     +394.482008	     +394.482008
               8	              44	       +7.147369	       +7.147369	      +34.719179	     +219.188343	       -4.515339	       +0.000000	       -2.759752	       -4.497606	       +0.000000	       -0.062454	     +242.134825	     +242.134825
               8	              45	       +7.164538	       +7.164538	      +34.715493	     +219.672663	       -4.511915	       +0.000000	       -2.762008	       -4.469997	       +0.000000	       -0.062454	     +242.644236	     +242.644236
               8	              46	       +7.271748	       +7.271748	      +38.829403	     +319.335180	       -5.502011	       +0.000000	       -3.195129	       -5.065560	       +0.000000	       -0.062454	     +344.401883	     +344.401883
               8	              47	       +7.332089	       +7.332089	      +38.803799	     +317.918765	       -5.483979	       +0.000000	       -3.188884	       -5.057839	       +0.000000	       -0.062454	     +342.991862	     +342.991862
               8	              48	       +7.688873	       +7.688873	      +38.979208	     +331.473846	       -5.363894	       +0.000000	       -3.106431	       -5.143593	       +0.000000	       -0.062454	     +356.839136	     +356.839136
               8	              49	       +7.718731	       +7.718731	      +39.040711	     +331.707482	       -5.374343	       +0.000000	       -3.110983	       -5.144593	       +0.000000	       -0.062454	     +357.118274	     +357.118274
               8	              50	       +7.723235	       +7.723235	      +39.789670	     +345.726862	       -5.631767	       +0.000000	       -3.231051	       -5.192981	       +0.000000	       -0.062454	     +371.460732	     +371.460732
               8	              51	       +7.742222	       +7.742222	      +39.792686	     +345.634062	       -5.626426	       +0.000000	       -3.229730	       -5.192788	       +0.000000	       -0.062454	     +371.377804	     +371.377804
               8	              52	       +9.005471	       +9.005471	      +30.682171	     +178.909827	       -3.790783	       +0.000000	       -2.286567	       -4.096739	       +0.000000	       -0.062454	     +199.417909	     +199.417909
               8	              53	       +9.005478	       +9.005478	      +30.683072	     +178.909827	       -3.790783	       +0.000000	       -2.286567	       -4.096739	       +0.000000	       -0.062454	     +199.418811	     +199.418811
               8	              54	      +10.575350	      +10.575350	      +29.340814	     +224.831288	       -3.138250	       +0.000000	       -1.985431	       -3.695341	       +0.000000	       -0.062454	     +245.353080	     +245.353080
               8	              55	      +10.637025	      +10.637025	      +29.351239	     +225.291584	       -3.133682	       +0.000000	       -1.985616	       -3.684044	       +0.000000	       -0.062454	     +245.839481	     +245.839481
               8	              56	      +11.728256	      +11.728256	      +31.449326	     +173.296009	       -3.216418	       +0.000000	       -2.036779	       -3.499848	       +0.000000	       -0.062454	     +195.992290	     +195.992290
               8	              57	      +11.732590	      +11.732590	      +31.376440	     +172.280989	       -3.211318	       +0.000000	       -2.031091	       -3.492098	       +0.000000	       -0.062454	     +194.922922	     +194.922922
               8	              58	      +12.950804	      +12.950804	      +25.604771	      +67.512353	       -2.484550	       +0.000000	       -1.599426	       -2.868183	       +0.000000	       -0.062454	      +86.164965	      +86.164965
               8	              59	      +12.953291	      +12.953291	      +26.189976	      +80.712215	       -2.574941	       +0.000000	       -1.661106	       -2.903777	       +0.000000	       -0.062454	      +99.762367	      +99.762367
               8	              60	      +13.273329	      +13.273329	      +35.965783	     +264.929080	       -3.592253	       +0.000000	       -2.345631	       -3.570738	       +0.000000	       -0.062454	     +291.386241	     +291.386241
               8	              61	      +13.344627	      +13.344627	      +27.868817	      +78.876582	       -2.266946	       +0.000000	       -1.441082	       -2.825791	       +0.000000	       -0.062454	     +100.211580	     +100.211580
               8	              62	      +13.372807	      +13.372807	      +32.330704	     +177.407015	       -2.978032	       +0.000000	       -1.923444	       -3.216673	       +0.000000	       -0.062454	     +201.619569	     +201.619569
               8	              63	      +13.502358	      +13.502358	      +40.676502	     +375.150769	       -4.345110	       +0.000000	       -2.862471	       -3.953645	       +0.000000	       -0.062454	     +404.666046	     +404.666046
               8	              64	      +14.091708	      +14.091708	      +32.350624	     +132.914587	       -2.921257	       +0.000000	       -1.931596	       -3.040097	       +0.000000	       -0.062454	     +157.372260	     +157.372260
               8	              65	      +14.097493	      +14.097493	      +32.361604	     +132.636807	       -2.922333	       +0.000000	       -1.931316	       -3.037609	       +0.000000	       -0.062454	     +157.107152	     +157.107152
               8	              66	      +14.882463	      +14.882463	      +36.620043	      +89.923265	       -2.891108	       +0.000000	       -1.902590	       -3.045855	       +0.000000	       -0.062454	     +118.703755	     +118.703755
               8	              67	      +14.897879	      +14.897879	      +36.690578	      +90.456094	       -2.898857	       +0.000000	       -1.907714	       -3.047323	       +0.000000	       -0.062454	     +119.292777	     +119.292777
               8	              68	      +15.456548	      +15.456548	      +39.583463	     +185.786267	       -3.253887	       +0.000000	       -2.112710	       -3.347883	       +0.000000	       -0.062454	     +216.655249	     +216.655249
               8	              69	      +15.475579	      +15.475579	      +39.543512	     +185.455041	       -3.244226	       +0.000000	       -2.108625	       -3.343160	       +0.000000	       -0.062454	     +216.302542	     +216.302542
               8	              70	      +17.724109	      +17.724109	      +34.756166	     +169.899694	       -2.738679	       +0.000000	       -1.813766	       -2.425860	       +0.000000	       -0.062454	     +197.677555	     +197.677555
               8	              71	      +17.738872	      +17.738872	      +34.728053	     +169.905391	       -2.733437	       +0.000000	       -1.811667	       -2.423251	       +0.000000	       -0.062454	     +197.665089	     +197.665089
               8	              72	      +19.265163	      +19.265163	      +45.475831	     +321.296680	       -3.205712	       +0.000000	       -2.259045	       -3.016185	       +0.000000	       -0.062454	     +358.291569	     +358.291569
               8	              73	      +19.265338	      +19.265338	      +45.493587	     +321.532639	       -3.204625	       +0.000000	       -2.259116	       -3.011214	       +0.000000	       -0.062454	     +358.551271	     +358.551271
               8	              74	      +20.119740	      +20.119740	      +50.177513	     +309.166272	       -3.568305	       +0.000000	       -2.458818	       -2.849644	       +0.000000	       -0.062454	     +350.467018	     +350.467018
               8	              75	      +20.145672	      +20.145672	      +49.699997	     +303.050994	       -3.525243	       +0.000000	       -2.427794	       -2.811223	       +0.000000	       -0.062454	     +343.986731	     +343.986731
               8	              76	      +20.189681	      +20.189681	      +49.446756	     +326.376727	       -3.731510	       +0.000000	       -2.670576	       -2.876015	       +0.000000	       -0.062454	     +366.545382	     +366.545382
               8	              77	      +20.193331	      +20.193331	      +49.766726	     +330.907526	       -3.768283	       +0.000000	       -2.695272	       -2.891826	       +0.000000	       -0.062454	     +371.318871	     +371.318871
               8	              78	      +20.210405	      +20.210405	      +34.843121	      +96.163586	       -2.210955	       +0.000000	       -1.592709	       -1.759724	       +0.000000	       -0.062454	     +125.443319	     +125.443319
               8	              79	      +20.217788	      +20.217788	      +34.545510	      +91.695255	       -2.178076	       +0.000000	       -1.569882	       -1.742451	       +0.000000	       -0.062454	     +120.750356	     +120.750356
