{
  "rows": [
    {
      "manifold": 0,
      "size": 1,
      "sym_mean_eV": 2.404583243044232,
      "sym_split_ueV": 0.0,
      "old_mean_eV": 2.4043886663050045,
      "old_split_ueV": 0.0
    },
    {
      "manifold": 1,
      "size": 1,
      "sym_mean_eV": 2.40791199824081,
      "sym_split_ueV": 0.0,
      "old_mean_eV": 2.4077087868468103,
      "old_split_ueV": 0.0
    },
    {
      "manifold": 2,
      "size": 1,
      "sym_mean_eV": 2.4113393182309135,
      "sym_split_ueV": 0.0,
      "old_mean_eV": 2.411161745114065,
      "old_split_ueV": 0.0
    },
    {
      "manifold": 3,
      "size": 1,
      "sym_mean_eV": 2.4147869034858527,
      "sym_split_ueV": 0.0,
      "old_mean_eV": 2.4145967579016205,
      "old_split_ueV": 0.0
    }
  ],
  "ev_old_lowest20": [
    2.4043886663050045,
    2.4077087868468103,
    2.411161745114065,
    2.4145967579016205,
    2.5312486546670194,
    2.5335090295744824,
    2.5379116030836952,
    2.5413851759114854,
    2.5519794862691096,
    2.5540748449209443,
    2.5588972115990978,
    2.5602679488485554,
    2.5956068595930333,
    2.5963546792516863,
    2.597923335671524,
    2.5999674170464924,
    2.6038384094091955,
    2.6039739067651304,
    2.60516755360579,
    2.6075972195066446
  ],
  "ev_sym_lowest20": [
    2.404583243044232,
    2.40791199824081,
    2.4113393182309135,
    2.4147869034858527,
    2.530734690956224,
    2.533008621144173,
    2.5374050484096795,
    2.540891486242856,
    2.5515667434056186,
    2.5536937901214456,
    2.55850906277021,
    2.55986976900343,
    2.595309858680104,
    2.596034282871565,
    2.5976350686114387,
    2.5996512400737593,
    2.6035815926345327,
    2.6037134764444243,
    2.6048939668007947,
    2.607374246766945
  ]
}