{
 "n_Q": 13,
 "n_branch": 8,
 "E1_Gamma_eV": 2.092053,
 "gap_direct_K_eV": 2.6356,
 "gap_indirect_eV": 2.5079,
 "binding_vs_direct_meV": 543.5470000000003,
 "binding_vs_indirect_meV": 415.84699999999987,
 "gamma_closure_meV": 0.0,
 "E1_min_eV": 1.955182,
 "E1_min_iQ": 6,
 "E1_min_Q": [
  0.0,
  0.5,
  0.0
 ],
 "E1_min_label": "M",
 "dispersion_Gamma_to_min_meV": 136.87099999999995,
 "E1_max_eV": 2.322366,
 "bandwidth_E1_meV": 367.1840000000002
}