{
  "log_path": "/pscratch/sd/j/jackm/lorrax_sandbox/runs/MoS2/00_mos2_3x3_cohsex/A_low_mem_test/profile/compile.log",
  "xla": {
    "convert_element_type": [
      0.144255638
    ],
    "broadcast_in_dim": [
      0.062496185,
      0.023565292,
      0.013024092,
      0.012407303,
      0.011601925,
      0.011990309,
      0.01351738
    ],
    "_identity_fn": [
      0.014651299,
      0.013403893
    ],
    "_multi_slice": [
      0.030542135,
      0.024945259
    ],
    "iota": [
      0.021562099,
      0.022090912
    ],
    "true_divide": [
      0.022983551,
      0.021766663,
      0.021890163,
      0.036105633,
      0.035302162
    ],
    "dynamic_slice": [
      0.026028156
    ],
    "squeeze": [
      0.012275457
    ],
    "multiply": [
      0.020642281
    ],
    "add": [
      0.022603512
    ],
    "_fft_gather_reshard": [
      0.204602242
    ],
    "_squeeze": [
      0.017342091,
      0.014055252
    ],
    "scatter": [
      0.013700247,
      0.013398647
    ],
    "maximum": [
      0.025671244
    ],
    "_compute_P_traced": [
      0.019584656
    ]
  },
  "mlir": {
    "convert_element_type": [
      0.131573915
    ],
    "broadcast_in_dim": [
      0.00267458,
      0.002259731,
      0.002413988,
      0.002110481,
      0.001966,
      0.002446175,
      0.002821922
    ],
    "_identity_fn": [
      0.001912594,
      0.001916647
    ],
    "_multi_slice": [
      0.003788471,
      0.002080917
    ],
    "iota": [
      0.002307653,
      0.002504349
    ],
    "true_divide": [
      0.004863024,
      0.002248287,
      0.002371311,
      0.002305508,
      0.002893448
    ],
    "dynamic_slice": [
      0.00256753
    ],
    "squeeze": [
      0.002692938
    ],
    "multiply": [
      0.002592802
    ],
    "add": [
      0.002327919
    ],
    "_fft_gather_reshard": [
      0.014153481
    ],
    "_squeeze": [
      0.005133152,
      0.001545668
    ],
    "scatter": [
      0.002654552,
      0.002806425
    ],
    "maximum": [
      0.002094507
    ],
    "_compute_P_traced": [
      0.002730131
    ]
  },
  "trace": {
    "convert_element_type": [
      0.000288963
    ],
    "broadcast_in_dim": [
      0.000318766,
      0.000258207,
      0.000254631,
      0.000210762,
      0.000205994,
      0.000405312,
      0.000389814
    ],
    "_identity_fn": [
      0.000284672,
      9.7036e-05
    ],
    "_multi_slice": [
      0.000245571,
      0.000350475
    ],
    "iota": [
      0.000211,
      0.001731634
    ],
    "true_divide": [
      0.000615597,
      0.000405073,
      0.00039196,
      0.000603199,
      0.000649691,
      0.000381947,
      0.000443459
    ],
    "dynamic_slice": [
      0.000339746
    ],
    "squeeze": [
      0.00019908
    ],
    "multiply": [
      0.000381947,
      0.000295639,
      0.000331163,
      0.000229597,
      0.000388861,
      0.000230312,
      0.00043416
    ],
    "add": [
      0.000290871,
      0.000233412,
      0.00023675,
      0.000375986
    ],
    "conjugate": [
      0.000415087,
      0.000164509,
      0.000640154
    ],
    "_moveaxis": [
      0.000225306,
      0.000279903,
      0.000261307,
      0.000190258,
      8.7023e-05,
      0.000294447,
      0.000272751,
      0.000458002,
      0.000285864,
      0.00023222
    ],
    "fft": [
      0.000209808,
      0.000197649,
      0.000312567,
      0.000284433
    ],
    "exp": [
      0.000202179
    ],
    "sqrt": [
      0.000329971
    ],
    "less": [
      0.000329733
    ],
    "_broadcast_arrays": [
      0.000112295
    ],
    "_where": [
      0.000721216
    ],
    "_take": [
      0.003534079
    ],
    "_fft_gather_reshard": [
      0.019010544
    ],
    "negative": [
      0.000403166,
      0.000373125
    ],
    "fft_impl": [
      0.0044415,
      0.001970053,
      0.002009153
    ],
    "_squeeze": [
      0.000270605,
      9.3699e-05
    ],
    "scatter": [
      0.00026536,
      0.000251532
    ],
    "maximum": [
      0.000337362
    ],
    "_einsum": [
      0.000729799
    ],
    "_compute_P_traced": [
      0.001567841
    ]
  },
  "cache_misses": [
    {
      "location": "/global/homes/j/jackm/software/lorrax_A/src/common/load_wfns.py:842:18",
      "reason": "never seen function: convert_element_type id=140431002901760 defined at /opt/jax/jax/_src/dispatch.py:96"
    },
    {
      "location": "/global/homes/j/jackm/software/lorrax_A/src/common/load_wfns.py:842:18",
      "reason": "never seen function: broadcast_in_dim id=140423559584544 defined at /opt/jax/jax/_src/dispatch.py:96 but seen another function defined on the same line; maybe the function is being re-defined repeatedly, preventing caching?"
    },
    {
      "location": "/global/homes/j/jackm/software/lorrax_A/src/common/load_wfns.py:843:19",
      "reason": "never seen function: broadcast_in_dim id=140422486970016 defined at /opt/jax/jax/_src/dispatch.py:96"
    },
    {
      "location": "/global/homes/j/jackm/software/lorrax_A/src/common/load_wfns.py:844:18",
      "reason": "never seen function: _identity_fn id=140431013987968 defined at /opt/jax/jax/_src/pjit.py:2575"
    },
    {
      "location": "/global/homes/j/jackm/software/lorrax_A/src/common/load_wfns.py:844:18",
      "reason": "never seen function: _multi_slice id=140431004004928 defined at /opt/jax/jax/_src/numpy/array_methods.py:616 but seen another function defined on the same line; maybe the function is being re-defined repeatedly, preventing caching?"
    },
    {
      "location": "/global/homes/j/jackm/software/lorrax_A/src/common/load_wfns.py:845:19",
      "reason": "for _identity_fn defined at /opt/jax/jax/_src/pjit.py:2575 never seen input type signature: x: c128[9,640,80,2] closest seen input type signature has 1 mismatches, including: * at x, seen c128[9,80,2,640], but now given c128[9,640,80,2]"
    },
    {
      "location": "/global/homes/j/jackm/software/lorrax_A/src/common/load_wfns.py:845:19",
      "reason": "for _multi_slice defined at /opt/jax/jax/_src/numpy/array_methods.py:616 never seen input type signature: self: c128[9,640,80,2] closest seen input type signature has 1 mismatches, including: * at self, seen c128[9,80,2,640], but now given c128[9,640,80,2]"
    },
    {
      "location": "/global/homes/j/jackm/software/lorrax_A/src/common/load_wfns.py:682:20",
      "reason": "never seen function: iota id=140427719989568 defined at /opt/jax/jax/_src/dispatch.py:96"
    },
    {
      "location": "/global/homes/j/jackm/software/lorrax_A/src/common/load_wfns.py:682:20",
      "reason": "never seen function: broadcast_in_dim id=140422486978816 defined at /opt/jax/jax/_src/dispatch.py:96 but seen another function defined on the same line; maybe the function is being re-defined repeatedly, preventing caching?"
    },
    {
      "location": "/global/homes/j/jackm/software/lorrax_A/src/common/load_wfns.py:683:20",
      "reason": "never seen function: broadcast_in_dim id=140422486982176 defined at /opt/jax/jax/_src/dispatch.py:96"
    },
    {
      "location": "/global/homes/j/jackm/software/lorrax_A/src/common/load_wfns.py:684:20",
      "reason": "never seen function: iota id=140421537188096 defined at /opt/jax/jax/_src/dispatch.py:96"
    },
    {
      "location": "/global/homes/j/jackm/software/lorrax_A/src/common/load_wfns.py:684:20",
      "reason": "never seen function: broadcast_in_dim id=140421537189376 defined at /opt/jax/jax/_src/dispatch.py:96 but seen another function defined on the same line; maybe the function is being re-defined repeatedly, preventing caching?"
    },
    {
      "location": "/global/homes/j/jackm/software/lorrax_A/src/common/load_wfns.py:690:24",
      "reason": "never seen function: dynamic_slice id=140421537192896 defined at /opt/jax/jax/_src/dispatch.py:96"
    },
    {
      "location": "/global/homes/j/jackm/software/lorrax_A/src/common/load_wfns.py:690:24",