
 BerkeleyGW version 4.0
 Epsilon code, Complex version, run on 05-May-2026 at 22:44:08 -0700

 Running MPI version (parallel)
 Running with 16 MPI task(s)
 Computing the inverse dielectric matrix for two purely imaginary frequencies (Godby-Needs formulation)

 We are using matrix communication scheme

 We are communicating via MPI

 We are using no truncation
 Highest occupied band (unshifted grid) = 8
 Valence max    (unshifted grid) = 6.294142 eV
 Conduction min (unshifted grid) = 6.968806 eV
 Middle energy  (unshifted grid) = 6.631474 eV
 Fermi  energy  (unshifted grid) = 6.631474 eV

 Highest occupied band (shifted grid) = 8
 Running with 1 valence pools
 Number of conduction bands per processor: 13
 Number of valence bands per processor: 8

 Memory available: 59658.2 MB per PE
 Memory required for execution: 706.7 MB per PE
 Memory required for vcoul: 0.0 MB per PE

 Cell Volume = 0.270107161E+03

 Number of electrons per unit cell (from ifmax) = 8.000000
 Number of electrons per unit cell (from occupations) = 8.000000
 Plasma Frequency = 1.220146 Ry

 - Screened Coulomb cutoff: 60.000 Ry
 - Total number of bands: 208
 - Number of q-points: 4

 Scissors parameters:
 - Valence:    es =   0.0000 eV, e0 =   0.0000 eV, edel =   0.0000
 - Conduction: es =   0.0000 eV, e0 =   0.0000 eV, edel =   0.0000
 Highest occupied band (shifted grid) = 8


     q= 0.0005 0.0000 0.0000  nmtx=    2109  nrk=  4


             g                   gp         inverse epsilon RDyn/ADyn nspin= 1
         0    0    0         0    0    0        0.02045635  -0.00000000
        -1   -1   -1         0    0    0       -0.00000199   0.00000000
        -1   -1   -1        -1   -1   -1        0.60080265   0.00000000
        -1    0    0        -1   -1   -1        0.00398870  -0.00000004
        -1    0    0        -1    0    0        0.60702041  -0.00000000
         0   -1    0        -1    0    0        0.00576527  -0.00000020
         0   -1    0         0   -1    0        0.60105556   0.00000000
         0    0   -1         0   -1    0        0.00894775  -0.00000004
         0    0   -1         0    0   -1        0.60105553   0.00000000
         0    0    1         0    0   -1        0.08546168  -0.00000001
         0    0    1         0    0    1        0.60080262  -0.00000000
         0    1    0         0    0    1        0.00896735   0.00000004
         0    1    0         0    1    0        0.60080264  -0.00000000
         1    0    0         0    1    0        0.00578325   0.00000021
         1    0    0         1    0    0        0.60755366  -0.00000000
         1    1    1         1    0    0        0.00396648   0.00000006
         1    1    1         1    1    1        0.60105556  -0.00000000
        -1   -1    0         1    1    1        0.01495207  -0.00000005
        -1   -1    0        -1   -1    0        0.63388149   0.00000000
        -1    0   -1        -1   -1    0        0.01904178  -0.00000000
        -1    0   -1        -1    0   -1        0.63388149   0.00000000
         0   -1   -1        -1    0   -1        0.01903276  -0.00000000
         0   -1   -1         0   -1   -1        0.63443783  -0.00000000
         0    1    1         0   -1   -1        0.00886261  -0.00000001
         0    1    1         0    1    1        0.63388149  -0.00000000
         1    0    1         0    1    1        0.01903276  -0.00000000
         1    0    1         1    0    1        0.63443783   0.00000000
         1    1    0         1    0    1        0.01904386  -0.00000000
         1    1    0         1    1    0        0.63443783  -0.00000000
        -2   -1   -1         1    1    0        0.00001105  -0.00000011
        -2   -1   -1        -2   -1   -1        0.82079792   0.00000000
        -1   -2   -1        -2   -1   -1        0.01037426   0.00000000
        -1   -2   -1        -1   -2   -1        0.81591143  -0.00000000
        -1   -1   -2        -1   -2   -1        0.01035647  -0.00000000
        -1   -1   -2        -1   -1   -2        0.81591143   0.00000000
        -1    0    1        -1   -1   -2       -0.00016485  -0.00000000
        -1    0    1        -1    0    1        0.82079794   0.00000000
        -1    1    0        -1    0    1        0.01560093  -0.00000010
        -1    1    0        -1    1    0        0.82079800   0.00000000
         0   -1    1        -1    1    0        0.00016478  -0.00000002
         0   -1    1         0   -1    1        0.81591143  -0.00000000
         0    1   -1         0   -1    1        0.04017089  -0.00000000
         0    1   -1         0    1   -1        0.81591143  -0.00000000
         1   -1    0         0    1   -1        0.00019502   0.00000002
         1   -1    0         1   -1    0        0.82137814  -0.00000000
         1    0   -1         1   -1    0        0.01547360   0.00000009
         1    0   -1         1    0   -1        0.82137808   0.00000000
         1    1    2         1    0   -1       -0.00019510   0.00000000
         1    1    2         1    1    2        0.81591143   0.00000000
         1    2    1         1    1    2        0.01036484  -0.00000000
         1    2    1         1    2    1        0.81591143  -0.00000000
         2    1    1         1    2    1        0.01034128  -0.00000000
         2    1    1         2    1    1        0.82137806  -0.00000000
        -2   -2   -1         2    1    1        0.00906983   0.00000002
        -2   -2   -1        -2   -2   -1        0.89351544   0.00000000
        -2   -1   -2        -2   -2   -1        0.00125460  -0.00000003
        -2   -1   -2        -2   -1   -2        0.89351540   0.00000000
        -2   -1    0        -2   -1   -2       -0.00561670   0.00000011
        -2   -1    0        -2   -1    0        0.89672306  -0.00000000
        -2    0   -1        -2   -1    0        0.00455054  -0.00000001
        -2    0   -1        -2    0   -1        0.89672319  -0.00000000
        -1   -2   -2        -2    0   -1        0.00044905  -0.00000004
        -1   -2   -2        -1   -2   -2        0.89315829   0.00000000
         1    0    3        -1   -2   -2        0.00008849  -0.00000000
         1    0    3         1    0    3        0.98810517  -0.00000000
         1    1   -2         1    0    3        0.00055482  -0.00000000
         1    1   -2         1    1   -2        0.98812326  -0.00000000
         1    3    0         1    1   -2       -0.00130644  -0.00000000
         1    3    0         1    3    0        0.98810517   0.00000000
         2   -1   -1         1    3    0        0.00002814   0.00000000
         2   -1   -1         2   -1   -1        0.98814258  -0.00000000
         2    3    3         2   -1   -1       -0.00035272  -0.00000000
         2    3    3         2    3    3        0.98810550  -0.00000000
         3    0    1         2    3    3       -0.00064790  -0.00000000
         3    0    1         3    0    1        0.98814258  -0.00000000
         3    1    0         3    0    1       -0.00031177  -0.00000000
         3    1    0         3    1    0        0.98814258   0.00000000
         3    2    3         3    1    0       -0.00097877  -0.00000000
         3    2    3         3    2    3        0.98812326   0.00000000
         3    3    2         3    2    3       -0.00031296  -0.00000000
         3    3    2         3    3    2        0.98812326   0.00000000
        -3   -3   -3         3    3    2       -0.00042327  -0.00000000
        -3   -3   -3        -3   -3   -3        0.99295233  -0.00000000
        -3   -3   -1        -3   -3   -3       -0.00078389  -0.00000000
        -3   -3   -1        -3   -3   -1        0.99304764   0.00000000
        -3   -2    0        -3   -3   -1       -0.00003682   0.00000000
        -3   -2    0        -3   -2    0        0.99304634   0.00000000
        -3   -1   -3        -3   -2    0       -0.00015538  -0.00000000
        -3   -1   -3        -3   -1   -3        0.99304764  -0.00000000
        -3    0   -2        -3   -1   -3       -0.00003682  -0.00000000
        -3    0   -2        -3    0   -2        0.99304634   0.00000000
        -3    0    0        -3    0   -2       -0.00079287   0.00000000
        -3    0    0        -3    0    0        0.99295005  -0.00000000
        -2   -3    0        -3    0    0       -0.00009764   0.00000000
        -2   -3    0        -2   -3    0        0.99305054   0.00000000
        -2   -2    1        -2   -3    0        0.00003174   0.00000000
        -2   -2    1        -2   -2    1        0.99304764  -0.00000000
        -2    0   -3        -2   -2    1        0.00000724  -0.00000000
        -2    0   -3        -2    0   -3        0.99305054   0.00000000
        -2    1   -2        -2    0   -3        0.00003174   0.00000000
        -2    1   -2        -2    1   -2        0.99304764   0.00000000
        -1   -3   -3        -2    1   -2       -0.00010202   0.00000000
        -1   -3   -3        -1   -3   -3        0.99306658   0.00000000
        -1    2    2        -1   -3   -3       -0.00006309  -0.00000000
        -1    2    2        -1    2    2        0.99304634  -0.00000000
         0   -3   -2        -1    2    2       -0.00045549  -0.00000000
         0   -3   -2         0   -3   -2        0.99307391   0.00000000
         0   -3    0         0   -3   -2       -0.00078223  -0.00000000
         0   -3    0         0   -3    0        0.99296847  -0.00000000
         0   -2   -3         0   -3    0       -0.00009699   0.00000000
         0   -2   -3         0   -2   -3        0.99307391   0.00000000
         0    0   -3         0   -2   -3       -0.00078223   0.00000000
         0    0   -3         0    0   -3        0.99296847   0.00000000
         0    0    3         0    0   -3       -0.00032377   0.00000000
         0    0    3         0    0    3        0.99295233  -0.00000000
         0    2    3         0    0    3       -0.00078389  -0.00000000
         0    2    3         0    2    3        0.99304764   0.00000000
         0    3    0         0    2    3       -0.00009700  -0.00000000
         0    3    0         0    3    0        0.99295233  -0.00000000
         0    3    2         0    3    0       -0.00078389   0.00000000
         0    3    2         0    3    2        0.99304764   0.00000000
         1   -2   -2         0    3    2       -0.00045481   0.00000000
         1   -2   -2         1   -2   -2        0.99308297   0.00000000
         1    3    3         1   -2   -2       -0.00006247   0.00000000
         1    3    3         1    3    3        0.99305054   0.00000000
         2   -1    2         1    3    3       -0.00010197  -0.00000000
         2   -1    2         2   -1    2        0.99307391   0.00000000
         3    4    3         2   -1    2        0.00004439  -0.00000000
         3    4    3         3    4    3        0.99869942  -0.00000000
         4    1    1         3    4    3       -0.00020249   0.00000000
         4    1    1         4    1    1        0.99870792   0.00000000
         4    3    3         4    1    1       -0.00010271  -0.00000000
         4    3    3         4    3    3        0.99870316   0.00000000
        -4   -3   -1         4    3    3       -0.00002800   0.00000000
        -4   -3   -1        -4   -3   -1        0.99937305   0.00000000
        -4   -1   -3        -4   -3   -1        0.00010707   0.00000000
        -4   -1   -3        -4   -1   -3        0.99937305  -0.00000000
        -3   -4   -1        -4   -1   -3        0.00007586  -0.00000000
        -3   -4   -1        -3   -4   -1        0.99937303  -0.00000000
        -3   -2    1        -3   -4   -1        0.00001209   0.00000000
        -3   -2    1        -3   -2    1        0.99937305   0.00000000
        -3   -1   -4        -3   -2    1        0.00003117  -0.00000000
        -3   -1   -4        -3   -1   -4        0.99937303   0.00000000
        -3    1   -2        -3   -1   -4        0.00001209   0.00000000
        -3    1   -2        -3    1   -2        0.99937305   0.00000000
        -2   -3    1        -3    1   -2       -0.00006488   0.00000000
        -2   -3    1        -2   -3    1        0.99937303  -0.00000000
        -2    1   -3        -2   -3    1       -0.00004678  -0.00000000
        -2    1   -3        -2    1   -3        0.99937303  -0.00000000
        -1   -4   -3        -2    1   -3        0.00003393   0.00000000
        -1   -4   -3        -1   -4   -3        0.99937477   0.00000000
        -1   -3   -4        -1   -4   -3       -0.00024364   0.00000000
        -1   -3   -4        -1   -3   -4        0.99937477   0.00000000
        -1    2    3        -1   -3   -4       -0.00004837  -0.00000000
        -1    2    3        -1    2    3        0.99937305   0.00000000
        -1    3    2        -1    2    3       -0.00024350   0.00000000
        -1    3    2        -1    3    2        0.99937305  -0.00000000
         1   -3   -2        -1    3    2        0.00011526   0.00000000
         1   -3   -2         1   -3   -2        0.99937651   0.00000000
         1   -2   -3         1   -3   -2       -0.00024247  -0.00000000
         1   -2   -3         1   -2   -3        0.99937651   0.00000000
         1    3    4         1   -2   -3       -0.00004834   0.00000000
         1    3    4         1    3    4        0.99937303  -0.00000000
         1    4    3         1    3    4       -0.00024407   0.00000000
         1    4    3         1    4    3        0.99937303   0.00000000
         2   -1    3         1    4    3        0.00003393  -0.00000000
         2   -1    3         2   -1    3        0.99937477  -0.00000000
         2    3   -1         2   -1    3       -0.00004657   0.00000000
         2    3   -1         2    3   -1        0.99937477   0.00000000
         3   -1    2         2    3   -1       -0.00006451  -0.00000000
         3   -1    2         3   -1    2        0.99937651  -0.00000000
         3    1    4         3   -1    2        0.00001226   0.00000000
         3    1    4         3    1    4        0.99937477   0.00000000
         3    2   -1         3    1    4        0.00003096   0.00000000
         3    2   -1         3    2   -1        0.99937651  -0.00000000
         3    4    1         3    2   -1        0.00001226  -0.00000000
         3    4    1         3    4    1        0.99937477   0.00000000
         4    1    3         3    4    1        0.00007557   0.00000000
         4    1    3         4    1    3        0.99937651  -0.00000000
         4    3    1         4    1    3        0.00010630  -0.00000000
         4    3    1         4    3    1        0.99937651   0.00000000
        -4   -4   -3         4    3    1       -0.00003373  -0.00000000
        -4   -4   -3        -4   -4   -3        0.99966949  -0.00000000
        -4   -3   -4        -4   -4   -3       -0.00011850   0.00000000
        -4   -3   -4        -4   -3   -4        0.99966949   0.00000000
        -4   -1    0        -4   -3   -4       -0.00000321  -0.00000000
        -4   -1    0        -4   -1    0        0.99967154   0.00000000
        -4    0   -1        -4   -1    0       -0.00011596   0.00000000
        -4    0   -1        -4    0   -1        0.99967154   0.00000000
        -3   -4   -4        -4    0   -1       -0.00001800  -0.00000000
        -3   -4   -4        -3   -4   -4        0.99966886  -0.00000000
         4    4    1        -3   -4   -4        0.00001068   0.00000000
         4    4    1         4    4    1        0.99988969   0.00000000
         5    2    2         4    4    1       -0.00000099   0.00000000
         5    2    2         5    2    2        0.99989183   0.00000000
         5    3    3         5    2    2        0.00001600  -0.00000000
         5    3    3         5    3    3        0.99989219  -0.00000000
        -5   -3   -2         5    3    3       -0.00002977  -0.00000000
        -5   -3   -2        -5   -3   -2        0.99990463   0.00000000
        -5   -2   -3        -5   -3   -2       -0.00004065  -0.00000000
        -5   -2   -3        -5   -2   -3        0.99990463   0.00000000
        -3   -5   -2        -5   -2   -3        0.00002000   0.00000000
        -3   -5   -2        -3   -5   -2        0.99990483   0.00000000
        -3   -2   -5        -3   -5   -2        0.00001464  -0.00000000
        -3   -2   -5        -3   -2   -5        0.99990483   0.00000000
        -3   -1    2        -3   -2   -5       -0.00001425  -0.00000000
        -3   -1    2        -3   -1    2        0.99990463   0.00000000
        -3    2   -1        -3   -1    2        0.00001467   0.00000000
        -3    2   -1        -3    2   -1        0.99990463  -0.00000000
        -2   -5   -3        -3    2   -1       -0.00001457  -0.00000000
        -2   -5   -3        -2   -5   -3        0.99990493  -0.00000000
        -2   -3   -5        -2   -5   -3        0.00001035  -0.00000000
        -2   -3   -5        -2   -3   -5        0.99990493  -0.00000000
        -2    1    3        -2   -3   -5        0.00000188   0.00000000
        -2    1    3        -2    1    3        0.99990463  -0.00000000
        -2    3    1        -2    1    3        0.00001040   0.00000000
        -2    3    1        -2    3    1        0.99990463   0.00000000
        -1   -3    2        -2    3    1        0.00001425   0.00000000
        -1   -3    2        -1   -3    2        0.99990483   0.00000000
        -1    2   -3        -1   -3    2        0.00002942   0.00000000
        -1    2   -3        -1    2   -3        0.99990483  -0.00000000
         1   -2    3        -1    2   -3       -0.00004364  -0.00000000
         1   -2    3         1   -2    3        0.99990493   0.00000000
         1    3   -2         1   -2    3        0.00002937  -0.00000000
         1    3   -2         1    3   -2        0.99990493  -0.00000000
         2   -3   -1         1    3   -2        0.00001420  -0.00000000
         2   -3   -1         2   -3   -1        0.99990513  -0.00000000
         2   -1   -3         2   -3   -1        0.00001032  -0.00000000
         2   -1   -3         2   -1   -3        0.99990513   0.00000000
         2    3    5         2   -1   -3        0.00000190  -0.00000000
         2    3    5         2    3    5        0.99990483  -0.00000000
         2    5    3         2    3    5        0.00001038   0.00000000
         2    5    3         2    5    3        0.99990483   0.00000000
         3   -2    1         2    5    3       -0.00001455   0.00000000
         3   -2    1         3   -2    1        0.99990513  -0.00000000
         3    1   -2         3   -2    1        0.00001459  -0.00000000
         3    1   -2         3    1   -2        0.99990513  -0.00000000
         3    2    5         3    1   -2       -0.00001420   0.00000000
         3    2    5         3    2    5        0.99990493   0.00000000
         3    5    2         3    2    5        0.00001462   0.00000000
         3    5    2         3    5    2        0.99990493  -0.00000000
         5    2    3         3    5    2        0.00001994  -0.00000000
         5    2    3         5    2    3        0.99990513  -0.00000000
         5    3    2         5    2    3       -0.00004048   0.00000000
         5    3    2         5    3    2        0.99990513  -0.00000000
        -5   -4   -3         5    3    2       -0.00000294   0.00000000
        -5   -4   -3        -5   -4   -3        0.99994239   0.00000000
        -5   -3   -4        -5   -4   -3       -0.00002656   0.00000000
        -5   -3   -4        -5   -3   -4        0.99994239   0.00000000
        -5   -2   -1        -5   -3   -4        0.00000759   0.00000000
        -5   -2   -1        -5   -2   -1        0.99994260  -0.00000000
        -5   -1   -2        -5   -2   -1       -0.00002631   0.00000000
        -5   -1   -2        -5   -1   -2        0.99994260   0.00000000
        -4   -5   -3        -5   -1   -2       -0.00001159   0.00000000
        -4   -5   -3        -4   -5   -3        0.99994238   0.00000000
         2    5    4        -4   -5   -3        0.00000610   0.00000000
         2    5    4         2    5    4        0.99996107   0.00000000
         3   -2    2         2    5    4       -0.00000700   0.00000000
         3   -2    2         3   -2    2        0.99996119   0.00000000
         3    1    5         3   -2    2       -0.00000070   0.00000000
         3    1    5         3    1    5        0.99996111  -0.00000000
         3    2   -2         3    1    5       -0.00000279  -0.00000000
         3    2   -2         3    2   -2        0.99996119  -0.00000000
         3    5    1         3    2   -2       -0.00000070  -0.00000000
         3    5    1         3    5    1        0.99996111   0.00000000
         4   -1    0         3    5    1       -0.00000125   0.00000000
         4   -1    0         4   -1    0        0.99995740  -0.00000000
         4   -1    2         4   -1    0       -0.00000259   0.00000000
         4   -1    2         4   -1    2        0.99996108   0.00000000
         4    0   -1         4   -1    2       -0.00000387  -0.00000000
         4    0   -1         4    0   -1        0.99995740  -0.00000000
         4    2   -1         4    0   -1       -0.00000259  -0.00000000
         4    2   -1         4    2   -1        0.99996108  -0.00000000
         4    2    5         4    2   -1       -0.00000052   0.00000000
         4    2    5         4    2    5        0.99996102   0.00000000
         4    4    5         4    2    5       -0.00000262   0.00000000
         4    4    5         4    4    5        0.99995725   0.00000000
         4    5    2         4    4    5       -0.00000390  -0.00000000
         4    5    2         4    5    2        0.99996102  -0.00000000
         4    5    4         4    5    2       -0.00000262   0.00000000
         4    5    4         4    5    4        0.99995725  -0.00000000
         5    1    1         4    5    4        0.00000005   0.00000000
         5    1    1         5    1    1        0.99995740   0.00000000
         5    1    3         5    1    1       -0.00000259  -0.00000000
         5    1    3         5    1    3        0.99996108   0.00000000
         5    2    4         5    1    3        0.00000160  -0.00000000
         5    2    4         5    2    4        0.99996119  -0.00000000
         5    3    1         5    2    4       -0.00000402   0.00000000
         5    3    1         5    3    1        0.99996108   0.00000000
         5    4    2         5    3    1        0.00000160  -0.00000000
         5    4    2         5    4    2        0.99996119  -0.00000000
         5    4    4         5    4    2       -0.00000266   0.00000000
         5    4    4         5    4    4        0.99995726   0.00000000
        -4   -4    0         5    4    4        0.00000251  -0.00000000
        -4   -4    0        -4   -4    0        0.99997765   0.00000000
        -4    0   -4        -4   -4    0       -0.00000067  -0.00000000
        -4    0   -4        -4    0   -4        0.99997765  -0.00000000
         0   -4   -4        -4    0   -4       -0.00000076  -0.00000000
         0   -4   -4         0   -4   -4        0.99997771   0.00000000
         0    4    4         0   -4   -4        0.00001549   0.00000000
         0    4    4         0    4    4        0.99997765  -0.00000000
         4    0    4         0    4    4       -0.00000076   0.00000000
         4    0    4         4    0    4        0.99997771  -0.00000000
         4    4    0         4    0    4       -0.00000066   0.00000000
         4    4    0         4    4    0        0.99997771   0.00000000
        -5   -5   -3         4    4    0       -0.00000328   0.00000000
        -5   -5   -3        -5   -5   -3        0.99998234   0.00000000
        -5   -3   -5        -5   -5   -3        0.00000052   0.00000000
        -5   -3   -5        -5   -3   -5        0.99998234   0.00000000
        -5   -2    0        -5   -3   -5        0.00000234   0.00000000
        -5   -2    0        -5   -2    0        0.99998233   0.00000000
        -5    0   -2        -5   -2    0        0.00000054   0.00000000
        -5    0   -2        -5    0   -2        0.99998233  -0.00000000
        -3   -5   -5        -5    0   -2       -0.00000066  -0.00000000
        -3   -5   -5        -3   -5   -5        0.99998237   0.00000000
        -3    2    2        -3   -5   -5        0.00000097   0.00000000
        -3    2    2        -3    2    2        0.99998233  -0.00000000
        -2   -5    0        -3    2    2       -0.00000227  -0.00000000
        -2   -5    0        -2   -5    0        0.99998237   0.00000000
         5    0    3        -2   -5    0        0.00000137   0.00000000
         5    0    3         5    0    3        0.99998993  -0.00000000
         5    2    5         5    0    3        0.00000465  -0.00000000
         5    2    5         5    2    5        0.99998992   0.00000000
         5    3    0         5    2    5       -0.00000220   0.00000000
         5    3    0         5    3    0        0.99998993   0.00000000
         5    5    2         5    3    0        0.00000465  -0.00000000
         5    5    2         5    5    2        0.99998992   0.00000000
         6    3    3         5    5    2       -0.00000208   0.00000000
         6    3    3         6    3    3        0.99998954  -0.00000000
        -6   -4   -3         6    3    3        0.00000350  -0.00000000
        -6   -4   -3        -6   -4   -3        0.99999209   0.00000000
        -6   -3   -4        -6   -4   -3       -0.00000518  -0.00000000
        -6   -3   -4        -6   -3   -4        0.99999209  -0.00000000
        -6   -3   -2        -6   -3   -4       -0.00000098  -0.00000000
        -6   -3   -2        -6   -3   -2        0.99999208  -0.00000000
        -6   -2   -3        -6   -3   -2       -0.00000519   0.00000000
        -6   -2   -3        -6   -2   -3        0.99999208  -0.00000000
        -5   -5   -5        -6   -2   -3       -0.00000055   0.00000000
        -5   -5   -5        -5   -5   -5        0.99999205   0.00000000
        -5    0    0        -5   -5   -5        0.00000086  -0.00000000
        -5    0    0        -5    0    0        0.99999205   0.00000000
        -4   -6   -3        -5    0    0        0.00000093   0.00000000
        -4   -6   -3        -4   -6   -3        0.99999210   0.00000000
        -4   -3   -6        -4   -6   -3        0.00000211  -0.00000000
        -4   -3   -6        -4   -3   -6        0.99999210   0.00000000
        -4   -1    2        -4   -3   -6        0.00000066  -0.00000000
        -4   -1    2        -4   -1    2        0.99999208  -0.00000000
        -4    2   -1        -4   -1    2        0.00000211   0.00000000
        -4    2   -1        -4    2   -1        0.99999208  -0.00000000
        -3   -6   -4        -4    2   -1        0.00000044   0.00000000
        -3   -6   -4        -3   -6   -4        0.99999210   0.00000000
        -3   -6   -2        -3   -6   -4       -0.00000097   0.00000000
        -3   -6   -2        -3   -6   -2        0.99999210  -0.00000000
        -3   -4   -6        -3   -6   -2       -0.00000055   0.00000000
        -3   -4   -6        -3   -4   -6        0.99999210  -0.00000000
        -3   -2   -6        -3   -4   -6       -0.00000097   0.00000000
        -3   -2   -6        -3   -2   -6        0.99999210   0.00000000
        -3   -1    3        -3   -2   -6        0.00000086  -0.00000000
        -3   -1    3        -3   -1    3        0.99999209  -0.00000000
        -3    1    3        -3   -1    3       -0.00000098   0.00000000
        -3    1    3        -3    1    3        0.99999208   0.00000000
        -3    3   -1        -3    1    3       -0.00000055  -0.00000000
        -3    3   -1        -3    3   -1        0.99999209   0.00000000
        -3    3    1        -3    3   -1       -0.00000098   0.00000000
        -3    3    1        -3    3    1        0.99999208   0.00000000
        -2   -6   -3        -3    3    1        0.00000059   0.00000000
        -2   -6   -3        -2   -6   -3        0.99999210  -0.00000000
        -2   -3   -6        -2   -6   -3        0.00000209  -0.00000000
        -2   -3   -6        -2   -3   -6        0.99999210  -0.00000000
        -2    1    4        -2   -3   -6        0.00000051   0.00000000
        -2    1    4        -2    1    4        0.99999209   0.00000000
        -2    4    1        -2    1    4        0.00000210  -0.00000000
        -2    4    1        -2    4    1        0.99999209   0.00000000
        -1   -4    2        -2    4    1       -0.00000086   0.00000000
        -1   -4    2        -1   -4    2        0.99999210  -0.00000000
        -1   -3    3        -1   -4    2        0.00000076   0.00000000
        -1   -3    3        -1   -3    3        0.99999210  -0.00000000
        -1    2   -4        -1   -3    3       -0.00000040   0.00000000
        -1    2   -4        -1    2   -4        0.99999210  -0.00000000
        -1    3   -3        -1    2   -4        0.00000076  -0.00000000
        -1    3   -3        -1    3   -3        0.99999210   0.00000000
         0   -5    0        -1    3   -3       -0.00000205   0.00000000
         0   -5    0         0   -5    0        0.99999206   0.00000000
        -4    2    1         0   -5    0        0.00000073   0.00000000
        -4    2    1        -4    2    1        0.99999626   0.00000000
        -2   -6   -1        -4    2    1       -0.00000079  -0.00000000
        -2   -6   -1        -2   -6   -1        0.99999627  -0.00000000
        -2   -1   -6        -2   -6   -1       -0.00000070  -0.00000000
        -2   -1   -6        -2   -1   -6        0.99999627   0.00000000
        -2   -1    4        -2   -1   -6       -0.00000059  -0.00000000
        -2   -1    4        -2   -1    4        0.99999627   0.00000000
        -2    4   -1        -2   -1    4       -0.00000070   0.00000000
        -2    4   -1        -2    4   -1        0.99999627   0.00000000
        -1   -6   -2        -2    4   -1       -0.00000076  -0.00000000
        -1   -6   -2        -1   -6   -2        0.99999627   0.00000000
        -1   -5   -5        -1   -6   -2       -0.00000050   0.00000000
        -1   -5   -5        -1   -5   -5        0.99999629  -0.00000000
        -1   -5    1        -1   -5   -5        0.00000022  -0.00000000
        -1   -5    1        -1   -5    1        0.99999627   0.00000000
        -1   -2   -6        -1   -5    1        0.00000076   0.00000000
        -1   -2   -6        -1   -2   -6        0.99999627  -0.00000000
        -1   -2    4        -1   -2   -6       -0.00000059  -0.00000000
        -1   -2    4        -1   -2    4        0.99999627   0.00000000
        -1    1   -5        -1   -2    4        0.00000098  -0.00000000
        -1    1   -5        -1    1   -5        0.99999627  -0.00000000
        -1    1    5        -1    1   -5       -0.00000059  -0.00000000
        -1    1    5        -1    1    5        0.99999627   0.00000000
        -1    4   -2        -1    1    5        0.00000076   0.00000000
        -1    4   -2        -1    4   -2        0.99999627  -0.00000000
        -1    4    4        -1    4   -2        0.00000022  -0.00000000
        -1    4    4        -1    4    4        0.99999629  -0.00000000
        -1    5    1        -1    4    4       -0.00000050   0.00000000
        -1    5    1        -1    5    1        0.99999627  -0.00000000
         0   -5   -4        -1    5    1        0.00000006   0.00000000
         0   -5   -4         0   -5   -4        0.99999629  -0.00000000
         0   -4   -5         0   -5   -4       -0.00000277  -0.00000000
         0   -4   -5         0   -4   -5        0.99999629   0.00000000
         0    4    5         0   -4   -5       -0.00000007  -0.00000000
         0    4    5         0    4    5        0.99999629  -0.00000000
         0    5    4         0    4    5       -0.00000278   0.00000000
         0    5    4         0    5    4        0.99999629   0.00000000
         1   -5   -1         0    5    4        0.00000006  -0.00000000
         1   -5   -1         1   -5   -1        0.99999628   0.00000000
         1   -4   -4         1   -5   -1       -0.00000049  -0.00000000
         1   -4   -4         1   -4   -4        0.99999630   0.00000000
         1   -4    2         1   -4   -4        0.00000022   0.00000000
         1   -4    2         1   -4    2        0.99999627   0.00000000
         1   -1   -5         1   -4    2        0.00000076  -0.00000000
         1   -1   -5         1   -1   -5        0.99999628   0.00000000
         1   -1    5         1   -1   -5       -0.00000059  -0.00000000
         1   -1    5         1   -1    5        0.99999627   0.00000000
         1    2   -4         1   -1    5        0.00000098   0.00000000
         1    2   -4         1    2   -4        0.99999627   0.00000000
         1    2    6         1    2   -4       -0.00000059  -0.00000000
         1    2    6         1    2    6        0.99999627  -0.00000000
         1    5   -1         1    2    6        0.00000076  -0.00000000
         1    5   -1         1    5   -1        0.99999627  -0.00000000
         1    5    5         1    5   -1        0.00000022   0.00000000
         1    5    5         1    5    5        0.99999629   0.00000000
         1    6    2         1    5    5       -0.00000050  -0.00000000
         1    6    2         1    6    2        0.99999627   0.00000000
         2   -4    1         1    6    2       -0.00000076   0.00000000
         2   -4    1         2   -4    1        0.99999628  -0.00000000
         2    1   -4         2   -4    1       -0.00000070  -0.00000000
         2    1   -4         2    1   -4        0.99999628  -0.00000000
         2    1    6         2    1   -4       -0.00000059   0.00000000
         2    1    6         2    1    6        0.99999627   0.00000000
        -6   -1   -4         2    1    6        0.00000047  -0.00000000
        -6   -1   -4        -6   -1   -4        0.99999799   0.00000000
        -5   -6   -2        -6   -1   -4       -0.00000012  -0.00000000
        -5   -6   -2        -5   -6   -2        0.99999799   0.00000000
        -5   -3    1        -5   -6   -2        0.00000008  -0.00000000
        -5   -3    1        -5   -3    1        0.99999799   0.00000000
        -5   -2   -6        -5   -3    1       -0.00000009   0.00000000
        -5   -2   -6        -5   -2   -6        0.99999799  -0.00000000
        -5    1   -3        -5   -2   -6        0.00000008  -0.00000000
        -5    1   -3        -5    1   -3        0.99999799  -0.00000000
        -4   -6   -1        -5    1   -3        0.00000019   0.00000000
        -4   -6   -1        -4   -6   -1        0.99999799   0.00000000
        -4   -3    2        -4   -6   -1       -0.00000008   0.00000000
        -4   -3    2        -4   -3    2        0.99999800   0.00000000
        -4   -1   -6        -4   -3    2       -0.00000029  -0.00000000
        -4   -1   -6        -4   -1   -6        0.99999799  -0.00000000
        -4    2   -3        -4   -1   -6       -0.00000008  -0.00000000
        -4    2   -3        -4    2   -3        0.99999800  -0.00000000
        -3   -5    1        -4    2   -3        0.00000019   0.00000000
        -3   -5    1        -3   -5    1        0.99999799   0.00000000
        -3   -4    2        -3   -5    1        0.00000014  -0.00000000
        -3   -4    2        -3   -4    2        0.99999799   0.00000000
        -3    1   -5        -3   -4    2        0.00000006  -0.00000000
        -3    1   -5        -3    1   -5        0.99999799   0.00000000
        -3    2   -4        -3    1   -5        0.00000014  -0.00000000
        -3    2   -4        -3    2   -4        0.99999799   0.00000000
        -2   -6   -5        -3    2   -4       -0.00000019   0.00000000
        -2   -6   -5        -2   -6   -5        0.99999800  -0.00000000
        -2   -5   -6        -2   -6   -5       -0.00000155  -0.00000000
        -2   -5   -6        -2   -5   -6        0.99999800  -0.00000000
        -2    3    4        -2   -5   -6       -0.00000015   0.00000000
        -2    3    4        -2    3    4        0.99999799   0.00000000
        -2    4    3        -2    3    4       -0.00000155  -0.00000000
        -2    4    3        -2    4    3        0.99999799   0.00000000
        -1   -6   -4        -2    4    3        0.00000047  -0.00000000
        -1   -6   -4        -1   -6   -4        0.99999800  -0.00000000
        -1   -4   -6        -1   -6   -4       -0.00000046  -0.00000000
        -1   -4   -6        -1   -4   -6        0.99999800  -0.00000000
        -1    3    5        -1   -4   -6       -0.00000019  -0.00000000
        -1    3    5        -1    3    5        0.99999800  -0.00000000
        -1    5    3        -1    3    5       -0.00000046  -0.00000000
        -1    5    3        -1    5    3        0.99999800  -0.00000000
         1   -5   -3        -1    5    3        0.00000014  -0.00000000
         1   -5   -3         1   -5   -3        0.99999800  -0.00000000
         1   -3   -5         1   -5   -3       -0.00000046  -0.00000000
         1   -3   -5         1   -3   -5        0.99999800  -0.00000000
         1    4    6         1   -3   -5       -0.00000019   0.00000000
         1    4    6         1    4    6        0.99999799  -0.00000000
         1    6    4         1    4    6       -0.00000046   0.00000000
         1    6    4         1    6    4        0.99999799   0.00000000
         2   -4   -3         1    6    4        0.00000046  -0.00000000
         2   -4   -3         2   -4   -3        0.99999800   0.00000000
         2   -3   -4         2   -4   -3       -0.00000154   0.00000000
         2   -3   -4         2   -3   -4        0.99999800  -0.00000000
         2    5    6         2   -3   -4       -0.00000015   0.00000000
         2    5    6         2    5    6        0.99999799   0.00000000
         2    6    5         2    5    6       -0.00000155   0.00000000
         2    6    5         2    6    5        0.99999799   0.00000000
         3   -2    4         2    6    5       -0.00000019   0.00000000
         3   -2    4         3   -2    4        0.99999800  -0.00000000
         3   -1    5         3   -2    4        0.00000014  -0.00000000
         3   -1    5         3   -1    5        0.99999800  -0.00000000
         3    4   -2         3   -1    5        0.00000006  -0.00000000
         3    4   -2         3    4   -2        0.99999800   0.00000000
         4    7    4         3    4   -2       -0.00000008   0.00000000
         4    7    4         4    7    4        0.99999891   0.00000000
         5   -1   -1         4    7    4        0.00000008   0.00000000
         5   -1   -1         5   -1   -1        0.99999903  -0.00000000
         5    6    6         5   -1   -1       -0.00000007   0.00000000
         5    6    6         5    6    6        0.99999902   0.00000000
         6    0    1         5    6    6        0.00000004   0.00000000
         6    0    1         6    0    1        0.99999903  -0.00000000
         6    0    3         6    0    1       -0.00000006  -0.00000000
         6    0    3         6    0    3        0.99999894  -0.00000000
         6    1    0         6    0    3       -0.00000009   0.00000000
         6    1    0         6    1    0        0.99999903  -0.00000000
         6    3    0         6    1    0       -0.00000006   0.00000000
         6    3    0         6    3    0        0.99999894  -0.00000000
         6    3    6         6    3    0        0.00000008   0.00000000
         6    3    6         6    3    6        0.99999894   0.00000000
         6    5    6         6    3    6       -0.00000006   0.00000000
         6    5    6         6    5    6        0.99999902  -0.00000000
         6    6    3         6    5    6       -0.00000009  -0.00000000
         6    6    3         6    6    3        0.99999894   0.00000000
         6    6    5         6    6    3       -0.00000006   0.00000000
         6    6    5         6    6    5        0.99999902   0.00000000
         7    3    3         6    6    5        0.00000018  -0.00000000
         7    3    3         7    3    3        0.99999891  -0.00000000
         7    4    4         7    3    3       -0.00000009   0.00000000
         7    4    4         7    4    4        0.99999891  -0.00000000
        -7   -4   -3         7    4    4       -0.00000019  -0.00000000
        -7   -4   -3        -7   -4   -3        0.99999898   0.00000000
        -7   -3   -4        -7   -4   -3       -0.00000079  -0.00000000
        -7   -3   -4        -7   -3   -4        0.99999898   0.00000000
        -5   -5    0        -7   -3   -4       -0.00000015  -0.00000000
        -5   -5    0        -5   -5    0        0.99999898   0.00000000
        -5    0   -5        -5   -5    0        0.00000001  -0.00000000
        -5    0   -5        -5    0   -5        0.99999898   0.00000000
        -4   -7   -3        -5    0   -5        0.00000000   0.00000000
        -4   -7   -3        -4   -7   -3        0.99999899  -0.00000000
        -4   -3   -7        -4   -7   -3        0.00000018   0.00000000
        -4   -3   -7        -4   -3   -7        0.99999899  -0.00000000
        -4   -1    3        -4   -3   -7        0.00000013  -0.00000000
        -4   -1    3        -4   -1    3        0.99999898   0.00000000
        -4    3   -1        -4   -1    3        0.00000018   0.00000000
        -4    3   -1        -4    3   -1        0.99999898  -0.00000000
        -3   -7   -4        -4    3   -1        0.00000013   0.00000000
        -3   -7   -4        -3   -7   -4        0.99999899   0.00000000
        -3   -4   -7        -3   -7   -4        0.00000010  -0.00000000
        -3   -4   -7        -3   -4   -7        0.99999899   0.00000000
        -3    1    4        -3   -4   -7       -0.00000007   0.00000000
        -3    1    4        -3    1    4        0.99999898  -0.00000000
        -3    4    1        -3    1    4        0.00000010   0.00000000
        -3    4    1        -3    4    1        0.99999898   0.00000000
        -1   -4    3        -3    4    1        0.00000013   0.00000000
        -1   -4    3        -1   -4    3        0.99999899   0.00000000
        -1    3   -4        -1   -4    3        0.00000017   0.00000000
        -1    3   -4        -1    3   -4        0.99999899  -0.00000000
         0   -5   -5        -1    3   -4       -0.00000000  -0.00000000
         0   -5   -5         0   -5   -5        0.99999898  -0.00000000
         0    5    5         0   -5   -5       -0.00000031  -0.00000000
         0    5    5         0    5    5        0.99999898  -0.00000000
         1   -3    4         0    5    5       -0.00000000   0.00000000
         1   -3    4         1   -3    4        0.99999899   0.00000000
         1    4   -3         1   -3    4        0.00000017  -0.00000000
         1    4   -3         1    4   -3        0.99999899  -0.00000000
         3   -4   -1         1    4   -3        0.00000013   0.00000000
         3   -4   -1         3   -4   -1        0.99999899  -0.00000000
        -5    2    0         3   -4   -1        0.00000001  -0.00000000
        -5    2    0        -5    2    0        0.99999940  -0.00000000
        -4   -7   -2        -5    2    0        0.00000009   0.00000000
        -4   -7   -2        -4   -7   -2        0.99999937  -0.00000000
        -4   -2   -7        -4   -7   -2        0.00000004   0.00000000
        -4   -2   -7        -4   -2   -7        0.99999937  -0.00000000
        -4   -2    3        -4   -2   -7        0.00000010  -0.00000000
        -4   -2    3        -4   -2    3        0.99999937   0.00000000
        -4    3   -2        -4   -2    3        0.00000004  -0.00000000
        -4    3   -2        -4    3   -2        0.99999937   0.00000000
        -3   -7   -5        -4    3   -2        0.00000005  -0.00000000
        -3   -7   -5        -3   -7   -5        0.99999937  -0.00000000
        -3   -5   -7        -3   -7   -5       -0.00000022  -0.00000000
        -3   -5   -7        -3   -5   -7        0.99999937   0.00000000
        -3    2    4        -3   -5   -7       -0.00000003   0.00000000
        -3    2    4        -3    2    4        0.99999937   0.00000000
        -3    4    2        -3    2    4       -0.00000022   0.00000000
        -3    4    2        -3    4    2        0.99999937  -0.00000000
        -2   -7   -4        -3    4    2        0.00000000   0.00000000
        -2   -7   -4        -2   -7   -4        0.99999937   0.00000000
        -2   -7   -2        -2   -7   -4       -0.00000005   0.00000000
        -2   -7   -2        -2   -7   -2        0.99999939   0.00000000
        -2   -5    2        -2   -7   -2        0.00000000  -0.00000000
        -2   -5    2        -2   -5    2        0.99999937   0.00000000
        -2   -4   -7        -2   -5    2       -0.00000003   0.00000000
        -2   -4   -7        -2   -4   -7        0.99999937   0.00000000
        -2   -4    3        -2   -4   -7        0.00000010  -0.00000000
        -2   -4    3        -2   -4    3        0.99999937   0.00000000
        -2   -2   -7        -2   -4    3       -0.00000004   0.00000000
        -2   -2   -7        -2   -2   -7        0.99999939  -0.00000000
        -2    0    5        -2   -2   -7        0.00000008   0.00000000
        -2    0    5        -2    0    5        0.99999940   0.00000000
        -2    2   -5        -2    0    5       -0.00000004   0.00000000
        -2    2   -5        -2    2   -5        0.99999937  -0.00000000
        -2    2    5        -2    2   -5        0.00000010  -0.00000000
        -2    2    5        -2    2    5        0.99999937   0.00000000
        -2    3   -4        -2    2    5       -0.00000003   0.00000000
        -2    3   -4        -2    3   -4        0.99999937   0.00000000
        -2    5    0        -2    3   -4        0.00000000  -0.00000000
        -2    5    0        -2    5    0        0.99999940  -0.00000000
        -2    5    2        -2    5    0       -0.00000005  -0.00000000
        -2    5    2        -2    5    2        0.99999937   0.00000000
         0   -5    2        -2    5    2       -0.00000004  -0.00000000
         0   -5    2         0   -5    2        0.99999939   0.00000000
         0   -2    5         0   -5    2       -0.00000012   0.00000000
         0   -2    5         0   -2    5        0.99999939  -0.00000000
         0    2   -5         0   -2    5        0.00000014  -0.00000000
         0    2   -5         0    2   -5        0.99999939   0.00000000
         0    5   -2         0    2   -5       -0.00000012  -0.00000000
         0    5   -2         0    5   -2        0.99999939   0.00000000
         2   -5   -2         0    5   -2       -0.00000004   0.00000000
         2   -5   -2         2   -5   -2        0.99999937  -0.00000000
         2   -5    0         2   -5   -2       -0.00000005   0.00000000
         2   -5    0         2   -5    0        0.99999940   0.00000000
         2   -3    4         2   -5    0        0.00000000   0.00000000
         2   -3    4         2   -3    4        0.99999937   0.00000000
         2   -2   -5         2   -3    4       -0.00000003  -0.00000000
         2   -2   -5         2   -2   -5        0.99999937  -0.00000000
         2   -2    5         2   -2   -5        0.00000010   0.00000000
         2   -2    5         2   -2    5        0.99999937  -0.00000000
         2    0   -5         2   -2    5       -0.00000004   0.00000000
         2    0   -5         2    0   -5        0.99999940   0.00000000
         2    2    7         2    0   -5        0.00000008  -0.00000000
         2    2    7         2    2    7        0.99999939  -0.00000000
         4   -2   -3         2    2    7        0.00000002  -0.00000000
         4   -2   -3         4   -2   -3        0.99999963   0.00000000
         4    6    7         4   -2   -3        0.00000000  -0.00000000
         4    6    7         4    6    7        0.99999963   0.00000000
         4    7    6         4    6    7       -0.00000031   0.00000000
         4    7    6         4    7    6        0.99999963   0.00000000
         6   -1    2         4    7    6        0.00000003   0.00000000
         6   -1    2         6   -1    2        0.99999963  -0.00000000
         6    2   -1         6   -1    2       -0.00000000   0.00000000
         6    2   -1         6    2   -1        0.99999963   0.00000000
         6    4    7         6    2   -1        0.00000001  -0.00000000
         6    4    7         6    4    7        0.99999963  -0.00000000
         6    7    4         6    4    7       -0.00000000  -0.00000000
         6    7    4         6    7    4        0.99999963   0.00000000
         7    1    3         6    7    4        0.00000003  -0.00000000
         7    1    3         7    1    3        0.99999963   0.00000000
         7    3    1         7    1    3       -0.00000015   0.00000000
         7    3    1         7    3    1        0.99999963  -0.00000000
         7    4    6         7    3    1        0.00000006   0.00000000
         7    4    6         7    4    6        0.99999963   0.00000000
         7    6    4         7    4    6       -0.00000015   0.00000000
         7    6    4         7    6    4        0.99999963  -0.00000000
        -7   -6   -5         7    6    4        0.00000007   0.00000000
        -7   -6   -5        -7   -6   -5        0.99999964   0.00000000
        -7   -5   -6        -7   -6   -5       -0.00000030   0.00000000
        -7   -5   -6        -7   -5   -6        0.99999964   0.00000000
        -7   -5   -2        -7   -5   -6        0.00000009  -0.00000000
        -7   -5   -2        -7   -5   -2        0.99999966  -0.00000000
        -7   -2   -5        -7   -5   -2       -0.00000001  -0.00000000
        -7   -2   -5        -7   -2   -5        0.99999966   0.00000000
        -7   -2   -1        -7   -2   -5        0.00000009   0.00000000
        -7   -2   -1        -7   -2   -1        0.99999964   0.00000000
        -7   -1   -2        -7   -2   -1       -0.00000030   0.00000000
        -7   -1   -2        -7   -1   -2        0.99999964   0.00000000
        -6   -7   -5        -7   -1   -2        0.00000006   0.00000000
        -6   -7   -5        -6   -7   -5        0.99999964  -0.00000000
        -6   -5   -7        -6   -7   -5       -0.00000016   0.00000000
        -6   -5   -7        -6   -5   -7        0.99999964  -0.00000000
        -6   -1    1        -6   -5   -7       -0.00000006   0.00000000
        -6   -1    1        -6   -1    1        0.99999964   0.00000000
        -6    1   -1        -6   -1    1       -0.00000016   0.00000000
        -6    1   -1        -6    1   -1        0.99999964   0.00000000
        -5   -7   -6        -6    1   -1       -0.00000004  -0.00000000
        -5   -7   -6        -5   -7   -6        0.99999964  -0.00000000
        -5   -7   -2        -5   -7   -6        0.00000009   0.00000000
        -5   -7   -2        -5   -7   -2        0.99999966   0.00000000
        -5   -6   -7        -5   -7   -2       -0.00000002  -0.00000000
        -5   -6   -7        -5   -6   -7        0.99999964  -0.00000000
        -5   -3    2        -5   -6   -7       -0.00000003  -0.00000000
        -5   -3    2        -5   -3    2        0.99999966   0.00000000
        -5   -2   -7        -5   -3    2        0.00000002  -0.00000000
        -5   -2   -7        -5   -2   -7        0.99999966   0.00000000
        -5    1    2        -5   -2   -7       -0.00000003   0.00000000
        -5    1    2        -5    1    2        0.99999964  -0.00000000
        -5    2   -3        -5    1    2       -0.00000001  -0.00000000
        -5    2   -3        -5    2   -3        0.99999966  -0.00000000
        -5    2    1        -5    2   -3        0.00000009   0.00000000
        -5    2    1        -5    2    1        0.99999964   0.00000000
        -3   -5    2        -5    2    1       -0.00000004   0.00000000
        -3   -5    2        -3   -5    2        0.99999966   0.00000000
        -3    2   -5        -3   -5    2       -0.00000001   0.00000000
        -3    2   -5        -3    2   -5        0.99999966   0.00000000
        -2   -7   -5        -3    2   -5        0.00000002  -0.00000000
        -2   -7   -5        -2   -7   -5        0.99999966  -0.00000000
         7    3    6        -2   -7   -5        0.00000004   0.00000000
         7    3    6         7    3    6        0.99999974   0.00000000
         7    4    1         7    3    6       -0.00000000  -0.00000000
         7    4    1         7    4    1        0.99999974  -0.00000000
         7    6    3         7    4    1        0.00000018   0.00000000
         7    6    3         7    6    3        0.99999974   0.00000000
        -7   -6   -6         7    6    3        0.00000004   0.00000000
        -7   -6   -6        -7   -6   -6        0.99999976  -0.00000000
        -7   -1   -1        -7   -6   -6       -0.00000001  -0.00000000
        -7   -1   -1        -7   -1   -1        0.99999976  -0.00000000
        -6   -7   -6        -7   -1   -1        0.00000001   0.00000000
        -6   -7   -6        -6   -7   -6        0.99999976  -0.00000000
        -6   -6   -7        -6   -7   -6       -0.00000020   0.00000000
        -6   -6   -7        -6   -6   -7        0.99999976  -0.00000000
        -6   -6   -1        -6   -6   -7        0.00000002  -0.00000000
        -6   -6   -1        -6   -6   -1        0.99999979  -0.00000000
        -6   -5    0        -6   -6   -1       -0.00000001  -0.00000000
        -6   -5    0        -6   -5    0        0.99999979  -0.00000000
        -6   -1   -6        -6   -5    0        0.00000000  -0.00000000
        -6   -1   -6        -6   -1   -6        0.99999979   0.00000000
        -6    0   -5        -6   -1   -6       -0.00000001   0.00000000
        -6    0   -5        -6    0   -5        0.99999979  -0.00000000
        -6    0    1        -6    0   -5        0.00000002  -0.00000000
        -6    0    1        -6    0    1        0.99999976  -0.00000000
        -6    1    0        -6    0    1       -0.00000020   0.00000000
        -6    1    0        -6    1    0        0.99999976   0.00000000
        -5   -6    0        -6    1    0        0.00000000   0.00000000
        -5   -6    0        -5   -6    0        0.99999979  -0.00000000
        -5   -5    1        -5   -6    0        0.00000001  -0.00000000
        -5   -5    1        -5   -5    1        0.99999979  -0.00000000
        -5    0   -6        -5   -5    1        0.00000001   0.00000000
        -5    0   -6        -5    0   -6        0.99999979   0.00000000
        -5    1   -5        -5    0   -6        0.00000001   0.00000000
        -5    1   -5        -5    1   -5        0.99999979  -0.00000000
        -1   -7   -1        -5    1   -5        0.00000000   0.00000000
        -1   -7   -1        -1   -7   -1        0.99999976  -0.00000000
        -1   -6   -6        -1   -7   -1       -0.00000000  -0.00000000
        -1   -6   -6        -1   -6   -6        0.99999979  -0.00000000
        -1   -1   -7        -1   -6   -6       -0.00000000  -0.00000000
        -1   -1   -7        -1   -1   -7        0.99999976   0.00000000
        -1    0    6        -1   -1   -7        0.00000007   0.00000000
        -1    0    6        -1    0    6        0.99999976   0.00000000
        -1    5    5        -1    0    6       -0.00000000   0.00000000
        -1    5    5        -1    5    5        0.99999979  -0.00000000
        -1    6    0        -1    5    5       -0.00000000   0.00000000
        -1    6    0        -1    6    0        0.99999976  -0.00000000
         0   -6   -5        -1    6    0       -0.00000001  -0.00000000
         0   -6   -5         0   -6   -5        0.99999979  -0.00000000
         0   -6    1         0   -6   -5        0.00000002  -0.00000000
         0   -6    1         0   -6    1        0.99999976  -0.00000000
         0   -5   -6         0   -6    1        0.00000000   0.00000000
         0   -5   -6         0   -5   -6        0.99999979   0.00000000
         0   -1    6         0   -5   -6        0.00000000  -0.00000000
         0   -1    6         0   -1    6        0.99999976  -0.00000000
         0    1   -6         0   -1    6       -0.00000007   0.00000000
         0    1   -6         0    1   -6        0.99999976  -0.00000000
         0    5    6         0    1   -6        0.00000000   0.00000000
         0    5    6         0    5    6        0.99999979  -0.00000000
         0    6   -1         0    5    6        0.00000000  -0.00000000
         0    6   -1         0    6   -1        0.99999976   0.00000000
         0    6    5         0    6   -1        0.00000002   0.00000000
         0    6    5         0    6    5        0.99999979  -0.00000000
         1   -6    0         0    6    5       -0.00000001   0.00000000
         1   -6    0         1   -6    0        0.99999976   0.00000000
         1   -3    5         1   -6    0       -0.00000001   0.00000000
         1   -3    5         1   -3    5        0.99999987   0.00000000
         1    4   -4         1   -3    5       -0.00000001   0.00000000
         1    4   -4         1    4   -4        0.99999987  -0.00000000
         1    5   -3         1    4   -4        0.00000001  -0.00000000
         1    5   -3         1    5   -3        0.99999987   0.00000000
         1    5    7         1    5   -3        0.00000002  -0.00000000
         1    5    7         1    5    7        0.99999988   0.00000000
         1    7    5         1    5    7       -0.00000006   0.00000000
         1    7    5         1    7    5        0.99999988   0.00000000
         2   -5   -4         1    7    5        0.00000003   0.00000000
         2   -5   -4         2   -5   -4        0.99999988  -0.00000000
         2   -5    2         2   -5   -4        0.00000001  -0.00000000
         2   -5    2         2   -5    2        0.99999987   0.00000000
         2   -4   -5         2   -5    2        0.00000000   0.00000000
         2   -4   -5         2   -4   -5        0.99999988  -0.00000000
         2    0    7         2   -4   -5        0.00000001  -0.00000000
         2    0    7         2    0    7        0.99999987  -0.00000000
         2    2   -5         2    0    7       -0.00000002  -0.00000000
         2    2   -5         2    2   -5        0.99999987   0.00000000
         2    6    7         2    2   -5        0.00000001  -0.00000000
         2    6    7         2    6    7        0.99999988   0.00000000
         2    7    0         2    6    7        0.00000000   0.00000000
         2    7    0         2    7    0        0.99999987   0.00000000
         2    7    6         2    7    0        0.00000001  -0.00000000
         2    7    6         2    7    6        0.99999988  -0.00000000
         3   -5   -1         2    7    6       -0.00000000   0.00000000
         3   -5   -1         3   -5   -1        0.99999987   0.00000000
         3   -1   -5         3   -5   -1        0.00000001  -0.00000000
         3   -1   -5         3   -1   -5        0.99999987   0.00000000
         3    4    8         3   -1   -5       -0.00000000   0.00000000
         3    4    8         3    4    8        0.99999987   0.00000000
         3    8    4         3    4    8        0.00000001  -0.00000000
         3    8    4         3    8    4        0.99999987  -0.00000000
         4   -4   -1         3    8    4        0.00000000  -0.00000000
         4   -4   -1         4   -4   -1        0.99999987  -0.00000000
         4   -4    1         4   -4   -1       -0.00000001   0.00000000
         4   -4    1         4   -4    1        0.99999987  -0.00000000
         4   -2    5         4   -4    1        0.00000000   0.00000000
         4   -2    5         4   -2    5        0.99999988  -0.00000000
         4   -1   -4         4   -2    5        0.00000002  -0.00000000
         4   -1   -4         4   -1   -4        0.99999987  -0.00000000
         4   -1    6         4   -1   -4        0.00000002  -0.00000000
         4   -1    6         4   -1    6        0.99999988  -0.00000000
         4    1   -4         4   -1    6        0.00000001   0.00000000
         4    1   -4         4    1   -4        0.99999987   0.00000000
         4    3    8         4    1   -4       -0.00000001   0.00000000
         4    3    8         4    3    8        0.99999987  -0.00000000
         4    5   -2         4    3    8        0.00000001   0.00000000
         4    5   -2         4    5   -2        0.99999988  -0.00000000
         4    5    8         4    5   -2        0.00000002  -0.00000000
         4    5    8         4    5    8        0.99999987   0.00000000
         4    6   -1         4    5    8        0.00000002  -0.00000000
         4    6   -1         4    6   -1        0.99999988   0.00000000
         4    8    3         4    6   -1        0.00000000  -0.00000000
         4    8    3         4    8    3        0.99999987  -0.00000000
         4    8    5         4    8    3       -0.00000001  -0.00000000
         4    8    5         4    8    5        0.99999987   0.00000000
         5   -3    1         4    8    5       -0.00000001  -0.00000000
         5   -3    1         5   -3    1        0.99999987  -0.00000000
         5   -2   -2         5   -3    1       -0.00000001   0.00000000
         5   -2   -2         5   -2   -2        0.99999987   0.00000000
         5   -2    4         5   -2   -2        0.00000001  -0.00000000
         5   -2    4         5   -2    4        0.99999988   0.00000000
         0    7    1         5   -2    4       -0.00000001   0.00000000
         0    7    1         0    7    1        0.99999991  -0.00000000
         1   -6    1         0    7    1        0.00000005  -0.00000000
         1   -6    1         1   -6    1        0.99999991  -0.00000000
         1    0    7         1   -6    1       -0.00000001   0.00000000
         1    0    7         1    0    7        0.99999991  -0.00000000
         1    1   -6         1    0    7        0.00000005   0.00000000
         1    1   -6         1    1   -6        0.99999991   0.00000000
         1    7    0         1    1   -6       -0.00000001  -0.00000000
         1    7    0         1    7    0        0.99999991  -0.00000000
         2   -3    5         1    7    0        0.00000001  -0.00000000
         2   -3    5         2   -3    5        0.99999991  -0.00000000
         2    5   -3         2   -3    5       -0.00000003  -0.00000000
         2    5   -3         2    5   -3        0.99999991   0.00000000
         3   -5   -2         2    5   -3        0.00000001  -0.00000000
         3   -5   -2         3   -5   -2        0.99999991  -0.00000000
         3   -2   -5         3   -5   -2       -0.00000001   0.00000000
         3   -2   -5         3   -2   -5        0.99999991  -0.00000000
         3    5    8         3   -2   -5        0.00000001   0.00000000
         3    5    8         3    5    8        0.99999991  -0.00000000
         3    8    5         3    5    8       -0.00000001  -0.00000000
         3    8    5         3    8    5        0.99999991  -0.00000000
         5   -3    2         3    8    5       -0.00000001   0.00000000
         5   -3    2         5   -3    2        0.99999991   0.00000000
         5    2   -3         5   -3    2        0.00000002   0.00000000
         5    2   -3         5    2   -3        0.99999991   0.00000000
         5    3    8         5    2   -3       -0.00000001   0.00000000
         5    3    8         5    3    8        0.99999991  -0.00000000
         5    8    3         5    3    8        0.00000002  -0.00000000
         5    8    3         5    8    3        0.99999991   0.00000000
         6   -1   -1         5    8    3       -0.00000001  -0.00000000
         6   -1   -1         6   -1   -1        0.99999991   0.00000000
         6    7    7         6   -1   -1        0.00000001   0.00000000
         6    7    7         6    7    7        0.99999991  -0.00000000
         7    0    1         6    7    7       -0.00000002   0.00000000
         7    0    1         7    0    1        0.99999991   0.00000000
         7    1    0         7    0    1       -0.00000008   0.00000000
         7    1    0         7    1    0        0.99999991  -0.00000000
         7    6    7         7    1    0       -0.00000001   0.00000000
         7    6    7         7    6    7        0.99999991   0.00000000
         7    7    6         7    6    7       -0.00000008   0.00000000
         7    7    6         7    7    6        0.99999991   0.00000000
         8    3    5         7    7    6        0.00000003   0.00000000
         8    3    5         8    3    5        0.99999991  -0.00000000
         8    5    3         8    3    5       -0.00000005   0.00000000
         8    5    3         8    5    3        0.99999991   0.00000000
        -8   -6   -5         8    5    3        0.00000003   0.00000000
        -8   -6   -5        -8   -6   -5        0.99999992  -0.00000000
        -8   -5   -6        -8   -6   -5       -0.00000007  -0.00000000
        -8   -5   -6        -8   -5   -6        0.99999992   0.00000000
        -8   -3   -2        -8   -5   -6        0.00000001  -0.00000000
        -8   -3   -2        -8   -3   -2        0.99999992  -0.00000000
        -8   -2   -3        -8   -3   -2       -0.00000007  -0.00000000
        -8   -2   -3        -8   -2   -3        0.99999992   0.00000000
        -7   -7   -3        -8   -2   -3        0.00000001  -0.00000000
        -7   -7   -3        -7   -7   -3        0.99999993   0.00000000
        -7   -4    0        -7   -7   -3        0.00000001  -0.00000000
        -7   -4    0        -7   -4    0        0.99999993  -0.00000000
        -7   -3   -7        -7   -4    0        0.00000000   0.00000000
        -7   -3   -7        -7   -3   -7        0.99999993  -0.00000000
        -7    0   -4        -7   -3   -7        0.00000001  -0.00000000
        -7    0   -4        -7    0   -4        0.99999993   0.00000000
        -6   -8   -5        -7    0   -4        0.00000001   0.00000000
        -6   -8   -5        -6   -8   -5        0.99999992  -0.00000000
         4   -4    2        -6   -8   -5       -0.00000001  -0.00000000
         4   -4    2         4   -4    2        0.99999993  -0.00000000
         4   -2   -4         4   -4    2       -0.00000001   0.00000000
         4   -2   -4         4   -2   -4        0.99999993  -0.00000000
         4    2   -4         4   -2   -4        0.00000003  -0.00000000
         4    2   -4         4    2   -4        0.99999993  -0.00000000
         4    2    8         4    2   -4       -0.00000000   0.00000000
         4    2    8         4    2    8        0.99999993   0.00000000
         4    6    8         4    2    8        0.00000003  -0.00000000
         4    6    8         4    6    8        0.99999993   0.00000000
         4    8    2         4    6    8       -0.00000001   0.00000000
         4    8    2         4    8    2        0.99999993   0.00000000
         4    8    6         4    8    2        0.00000003  -0.00000000
         4    8    6         4    8    6        0.99999993  -0.00000000
         6   -2    2         4    8    6       -0.00000001   0.00000000
         6   -2    2         6   -2    2        0.99999993   0.00000000
         6    2   -2         6   -2    2        0.00000001  -0.00000000
         6    2   -2         6    2   -2        0.99999993   0.00000000
         6    4    8         6    2   -2       -0.00000001  -0.00000000
         6    4    8         6    4    8        0.99999993  -0.00000000
         6    8    4         6    4    8        0.00000001  -0.00000000
         6    8    4         6    8    4        0.99999993   0.00000000
         8    2    4         6    8    4       -0.00000001   0.00000000
         8    2    4         8    2    4        0.99999993   0.00000000
         8    4    2         8    2    4       -0.00000004   0.00000000
         8    4    2         8    4    2        0.99999993  -0.00000000
         8    4    6         8    4    2        0.00000003  -0.00000000
         8    4    6         8    4    6        0.99999993   0.00000000
         8    6    4         8    4    6       -0.00000004   0.00000000
         8    6    4         8    6    4        0.99999993  -0.00000000
        -8   -6   -6         8    6    4       -0.00000001  -0.00000000
        -8   -6   -6        -8   -6   -6        0.99999995  -0.00000000
        -8   -2   -2        -8   -6   -6       -0.00000001  -0.00000000
        -8   -2   -2        -8   -2   -2        0.99999995  -0.00000000
        -6   -8   -6        -8   -2   -2        0.00000001   0.00000000
        -6   -8   -6        -6   -8   -6        0.99999995  -0.00000000
        -6   -6   -8        -6   -8   -6       -0.00000003  -0.00000000
        -6   -6   -8        -6   -6   -8        0.99999995   0.00000000
        -6   -6    0        -6   -6   -8        0.00000001  -0.00000000
        -6   -6    0        -6   -6    0        0.99999995  -0.00000000
        -6    0   -6        -6   -6    0        0.00000001  -0.00000000
        -6    0   -6        -6    0   -6        0.99999995  -0.00000000
        -6    0    2        -6    0   -6        0.00000001   0.00000000
        -6    0    2        -6    0    2        0.99999995   0.00000000
        -6    2    0        -6    0    2       -0.00000003  -0.00000000
        -6    2    0        -6    2    0        0.99999995   0.00000000
        -2   -8   -2        -6    2    0        0.00000001  -0.00000000
        -2   -8   -2        -2   -8   -2        0.99999995   0.00000000
        -2   -2   -8        -2   -8   -2        0.00000001  -0.00000000
        -2   -2   -8        -2   -2   -8        0.99999995   0.00000000
        -2    0    6        -2   -2   -8       -0.00000002  -0.00000000
        -2    0    6        -2    0    6        0.99999995  -0.00000000
        -2    6    0        -2    0    6        0.00000001  -0.00000000
        -2    6    0        -2    6    0        0.99999995  -0.00000000
         0   -6   -6        -2    6    0       -0.00000000  -0.00000000
         0   -6   -6         0   -6   -6        0.99999995  -0.00000000
         0   -6    2         0   -6   -6        0.00000001  -0.00000000
         0   -6    2         0   -6    2        0.99999995  -0.00000000
         0   -2    6         0   -6    2       -0.00000001  -0.00000000
         0   -2    6         0   -2    6        0.99999995   0.00000000
         0    2   -6         0   -2    6       -0.00000004  -0.00000000
         0    2   -6         0    2   -6        0.99999995  -0.00000000
         0    6   -2         0    2   -6       -0.00000001   0.00000000
         0    6   -2         0    6   -2        0.99999995  -0.00000000
        -8   -1   -3         0    6   -2        0.00000001  -0.00000000
        -8   -1   -3        -8   -1   -3        0.99999997  -0.00000000
        -7   -8   -5        -8   -1   -3        0.00000000   0.00000000
        -7   -8   -5        -7   -8   -5        0.99999997   0.00000000
        -7   -7   -2        -7   -8   -5        0.00000002  -0.00000000
        -7   -7   -2        -7   -7   -2        0.99999997  -0.00000000
        -7   -5   -8        -7   -7   -2       -0.00000000   0.00000000
        -7   -5   -8        -7   -5   -8        0.99999997   0.00000000
        -7   -5    0        -7   -5   -8        0.00000001   0.00000000
        -7   -5    0        -7   -5    0        0.99999997   0.00000000
        -7   -2   -7        -7   -5    0       -0.00000001   0.00000000
        -7   -2   -7        -7   -2   -7        0.99999997   0.00000000
        -7   -2    1        -7   -2   -7        0.00000001   0.00000000
        -7   -2    1        -7   -2    1        0.99999997  -0.00000000
        -7    0   -5        -7   -2    1       -0.00000000   0.00000000
        -7    0   -5        -7    0   -5        0.99999997   0.00000000
        -7    1   -2        -7    0   -5        0.00000002   0.00000000
        -7    1   -2        -7    1   -2        0.99999997   0.00000000
        -5   -8   -7        -7    1   -2       -0.00000001   0.00000000
        -5   -8   -7        -5   -8   -7        0.99999997   0.00000000
        -5   -7   -8        -5   -8   -7       -0.00000002  -0.00000000
        -5   -7   -8        -5   -7   -8        0.99999997  -0.00000000
        -5   -7    0        -5   -7   -8        0.00000001  -0.00000000
        -5   -7    0        -5   -7    0        0.99999997  -0.00000000
        -5   -5    2        -5   -7    0        0.00000002  -0.00000000
        -5   -5    2        -5   -5    2        0.99999997   0.00000000
        -5    0   -7        -5   -5    2       -0.00000001   0.00000000
        -5    0   -7        -5    0   -7        0.99999997   0.00000000
        -5    2   -5        -5    0   -7        0.00000002   0.00000000
        -5    2   -5        -5    2   -5        0.99999997  -0.00000000
        -5    2    3        -5    2   -5        0.00000001   0.00000000
        -5    2    3        -5    2    3        0.99999997  -0.00000000
        -5    3    2        -5    2    3       -0.00000003   0.00000000
        -5    3    2        -5    3    2        0.99999997  -0.00000000
        -3   -8   -1        -5    3    2       -0.00000001   0.00000000
        -3   -8   -1        -3   -8   -1        0.99999997   0.00000000
        -3   -2    5        -3   -8   -1       -0.00000000   0.00000000
        -3   -2    5        -3   -2    5        0.99999997  -0.00000000
        -3   -1   -8        -3   -2    5        0.00000001  -0.00000000
        -3   -1   -8        -3   -1   -8        0.99999997  -0.00000000
        -3    5   -2        -3   -1   -8       -0.00000000  -0.00000000
        -3    5   -2        -3    5   -2        0.99999997   0.00000000
        -2   -7   -7        -3    5   -2        0.00000000  -0.00000000
        -2   -7   -7        -2   -7   -7        0.99999997  -0.00000000
        -2   -7    1        -2   -7   -7        0.00000001  -0.00000000
        -2   -7    1        -2   -7    1        0.99999997   0.00000000
        -2   -3    5        -2   -7    1       -0.00000001   0.00000000
        -2   -3    5        -2   -3    5        0.99999997   0.00000000
        -2    1   -7        -2   -3    5       -0.00000001   0.00000000
        -2    1   -7        -2    1   -7        0.99999997  -0.00000000
        -2    5   -3        -2    1   -7       -0.00000001  -0.00000000
        -2    5   -3        -2    5   -3        0.99999997   0.00000000
        -2    5    5        -2    5   -3        0.00000001   0.00000000
        -2    5    5        -2    5    5        0.99999997   0.00000000
        -1   -8   -3        -2    5    5        0.00000000  -0.00000000
        -1   -8   -3        -1   -8   -3        0.99999997   0.00000000
        -1   -3   -8        -1   -8   -3        0.00000000   0.00000000
        -1   -3   -8        -1   -3   -8        0.99999997  -0.00000000
        -1    2    7        -1   -3   -8        0.00000002  -0.00000000
        -1    2    7        -1    2    7        0.99999997  -0.00000000
        -1    7    2        -1    2    7        0.00000000  -0.00000000
        -1    7    2        -1    7    2        0.99999997  -0.00000000
         0   -7   -5        -1    7    2        0.00000001   0.00000000
         0   -7   -5         0   -7   -5        0.99999997  -0.00000000
         1    8    4         0   -7   -5       -0.00000001   0.00000000
         1    8    4         1    8    4        0.99999998   0.00000000
         2   -6    1         1    8    4       -0.00000001  -0.00000000
         2   -6    1         2   -6    1        0.99999998  -0.00000000
         2    1   -6         2   -6    1        0.00000000  -0.00000000
         2    1   -6         2    1   -6        0.99999998  -0.00000000
         2    1    8         2    1   -6       -0.00000000  -0.00000000
         2    1    8         2    1    8        0.99999998   0.00000000
         2    8    1         2    1    8        0.00000000   0.00000000
         2    8    1         2    8    1        0.99999998   0.00000000
         3   -4    4         2    8    1       -0.00000001  -0.00000000
         3   -4    4         3   -4    4        0.99999998   0.00000000
         3   -1    7         3   -4    4       -0.00000000   0.00000000
         3   -1    7         3   -1    7        0.99999998   0.00000000
         3    4   -4         3   -1    7        0.00000000   0.00000000
         3    4   -4         3    4   -4        0.99999998  -0.00000000
         3    7   -1         3    4   -4       -0.00000000   0.00000000
         3    7   -1         3    7   -1        0.99999998  -0.00000000
         4   -4   -3         3    7   -1       -0.00000001  -0.00000000
         4   -4   -3         4   -4   -3        0.99999998  -0.00000000
         4   -4    3         4   -4   -3        0.00000000  -0.00000000
         4   -4    3         4   -4    3        0.99999998   0.00000000
         4   -3   -4         4   -4    3        0.00000000   0.00000000
         4   -3   -4         4   -3   -4        0.99999998   0.00000000
         4    1    8         4   -3   -4        0.00000000  -0.00000000
         4    1    8         4    1    8        0.99999998  -0.00000000
         4    3   -4         4    1    8        0.00000000  -0.00000000
         4    3   -4         4    3   -4        0.99999998   0.00000000
         4    7    8         4    3   -4        0.00000000  -0.00000000
         4    7    8         4    7    8        0.99999998  -0.00000000
         4    8    1         4    7    8        0.00000000   0.00000000
         4    8    1         4    8    1        0.99999998   0.00000000
         4    8    7         4    8    1        0.00000000  -0.00000000
         4    8    7         4    8    7        0.99999998  -0.00000000
         6   -2   -1         4    8    7        0.00000000  -0.00000000
         6   -2   -1         6   -2   -1        0.99999998  -0.00000000
         6   -1   -2         6   -2   -1       -0.00000002   0.00000000
         6   -1   -2         6   -1   -2        0.99999998  -0.00000000
         6    7    8         6   -1   -2        0.00000000  -0.00000000
         6    7    8         6    7    8        0.99999998  -0.00000000
         6    8    7         6    7    8       -0.00000002   0.00000000
         6    8    7         6    8    7        0.99999998   0.00000000
         7   -1    1         6    8    7       -0.00000000  -0.00000000
         7   -1    1         7   -1    1        0.99999998   0.00000000
         7   -1    3         7   -1    1       -0.00000000  -0.00000000
         7   -1    3         7   -1    3        0.99999998  -0.00000000
         7    1   -1         7   -1    3       -0.00000000  -0.00000000
         7    1   -1         7    1   -1        0.99999998  -0.00000000
         7    3   -1         7    1   -1       -0.00000000   0.00000000
         7    3   -1         7    3   -1        0.99999998  -0.00000000
         7    4    8         7    3   -1        0.00000000  -0.00000000
         7    4    8         7    4    8        0.99999998   0.00000000
         7    6    8         7    4    8       -0.00000000  -0.00000000
         7    6    8         7    6    8        0.99999998  -0.00000000
         7    8    4         7    6    8       -0.00000000  -0.00000000
         7    8    4         7    8    4        0.99999998   0.00000000
         7    8    6         7    8    4       -0.00000000  -0.00000000
         7    8    6         7    8    6        0.99999998   0.00000000
         8    1    2         7    8    6        0.00000000   0.00000000
         8    1    2         8    1    2        0.99999998  -0.00000000
         8    1    4         8    1    2       -0.00000000  -0.00000000
         8    1    4         8    1    4        0.99999998  -0.00000000
         8    2    1         8    1    4       -0.00000000   0.00000000
         8    2    1         8    2    1        0.99999998  -0.00000000
         0    0    0         0    0    0        0.56798525   0.00000000
        -1   -1   -1         0    0    0       -0.00000432  -0.00000000
        -1   -1   -1        -1   -1   -1        0.84855940  -0.00000000
        -1    0    0        -1   -1   -1       -0.00125023   0.00000001
        -1    0    0        -1    0    0        0.84964563  -0.00000000
         0   -1    0        -1    0    0       -0.00149078  -0.00000001
         0   -1    0         0   -1    0        0.84853511  -0.00000000
         0    0   -1         0   -1    0       -0.00094697  -0.00000000
         0    0   -1         0    0   -1        0.84853511  -0.00000000
         0    0    1         0    0   -1        0.01506681  -0.00000000
         0    0    1         0    0    1        0.84855940   0.00000000
         0    1    0         0    0    1       -0.00096266   0.00000000
         0    1    0         0    1    0        0.84855940   0.00000000
         1    0    0         0    1    0       -0.00147328   0.00000002
         1    0    0         1    0    0        0.84956182  -0.00000000
         1    1    1         1    0    0       -0.00126347   0.00000000
         1    1    1         1    1    1        0.84853510   0.00000000
        -1   -1    0         1    1    1        0.00507898  -0.00000000
        -1   -1    0        -1   -1    0        0.86619379  -0.00000000
        -1    0   -1        -1   -1    0        0.00009553   0.00000000
        -1    0   -1        -1    0   -1        0.86619379  -0.00000000
         0   -1   -1        -1    0   -1        0.00009910   0.00000000
         0   -1   -1         0   -1   -1        0.86617820  -0.00000000
         0    1    1         0   -1   -1        0.00736773  -0.00000000
         0    1    1         0    1    1        0.86619379  -0.00000000
         1    0    1         0    1    1        0.00009910  -0.00000000
         1    0    1         1    0    1        0.86617820  -0.00000000
         1    1    0         1    0    1        0.00010282   0.00000000
         1    1    0         1    1    0        0.86617820  -0.00000000
        -2   -1   -1         1    1    0       -0.00000030  -0.00000000
        -2   -1   -1        -2   -1   -1        0.91628895   0.00000000
        -1   -2   -1        -2   -1   -1        0.00173282  -0.00000000
        -1   -2   -1        -1   -2   -1        0.91626933   0.00000000
        -1   -1   -2        -1   -2   -1        0.00173636   0.00000000
        -1   -1   -2        -1   -1   -2        0.91626933  -0.00000000
        -1    0    1        -1   -1   -2       -0.00177843   0.00000000
        -1    0    1        -1    0    1        0.91628895   0.00000000
        -1    1    0        -1    0    1        0.00178014  -0.00000000
        -1    1    0        -1    1    0        0.91628895  -0.00000000
         0   -1    1        -1    1    0        0.00177754   0.00000000
         0   -1    1         0   -1    1        0.91626933  -0.00000000
         0    1   -1         0   -1    1        0.00208992   0.00000000
         0    1   -1         0    1   -1        0.91626933   0.00000000
         1   -1    0         0    1   -1        0.00177994  -0.00000000
         1   -1    0         1   -1    0        0.91634155   0.00000000
         1    0   -1         1   -1    0        0.00178083   0.00000000
         1    0   -1         1    0   -1        0.91634155  -0.00000000
         1    1    2         1    0   -1       -0.00178083  -0.00000000
         1    1    2         1    1    2        0.91626933   0.00000000
         1    2    1         1    1    2        0.00173279   0.00000000
         1    2    1         1    2    1        0.91626933  -0.00000000
         2    1    1         1    2    1        0.00173534   0.00000000
         2    1    1         2    1    1        0.91634155   0.00000000
        -2   -2   -1         2    1    1        0.00118051  -0.00000000
        -2   -2   -1        -2   -2   -1        0.94095980   0.00000000
        -2   -1   -2        -2   -2   -1        0.00093324  -0.00000000
        -2   -1   -2        -2   -1   -2        0.94095980   0.00000000
        -2   -1    0        -2   -1   -2       -0.00258329   0.00000000
        -2   -1    0        -2   -1    0        0.94100365  -0.00000000
        -2    0   -1        -2   -1    0        0.00099494   0.00000000
        -2    0   -1        -2    0   -1        0.94100365  -0.00000000
        -1   -2   -2        -2    0   -1       -0.00001907  -0.00000000
        -1   -2   -2        -1   -2   -2        0.94097244   0.00000000
         1    0    3        -1   -2   -2        0.00020340  -0.00000000
         1    0    3         1    0    3        0.99048861  -0.00000000
         1    1   -2         1    0    3        0.00043624   0.00000000
         1    1   -2         1    1   -2        0.99050097   0.00000000
         1    3    0         1    1   -2       -0.00103532  -0.00000000
         1    3    0         1    3    0        0.99048861  -0.00000000
         2   -1   -1         1    3    0       -0.00008473  -0.00000000
         2   -1   -1         2   -1   -1        0.99051340  -0.00000000
         2    3    3         2   -1   -1       -0.00004952   0.00000000
         2    3    3         2    3    3        0.99048827   0.00000000
         3    0    1         2    3    3       -0.00040143   0.00000000
         3    0    1         3    0    1        0.99051340   0.00000000
         3    1    0         3    0    1       -0.00016076   0.00000000
         3    1    0         3    1    0        0.99051340   0.00000000
         3    2    3         3    1    0       -0.00068160  -0.00000000
         3    2    3         3    2    3        0.99050097  -0.00000000
         3    3    2         3    2    3       -0.00015978  -0.00000000
         3    3    2         3    3    2        0.99050097  -0.00000000
        -3   -3   -3         3    3    2       -0.00045420  -0.00000000
        -3   -3   -3        -3   -3   -3        0.99423094  -0.00000000
        -3   -3   -1        -3   -3   -3       -0.00066154  -0.00000000
        -3   -3   -1        -3   -3   -1        0.99435055  -0.00000000
        -3   -2    0        -3   -3   -1       -0.00006934   0.00000000
        -3   -2    0        -3   -2    0        0.99434641  -0.00000000
        -3   -1   -3        -3   -2    0       -0.00010887   0.00000000
        -3   -1   -3        -3   -1   -3        0.99435055  -0.00000000
        -3    0   -2        -3   -1   -3       -0.00006934   0.00000000
        -3    0   -2        -3    0   -2        0.99434641  -0.00000000
        -3    0    0        -3    0   -2       -0.00066227  -0.00000000
        -3    0    0        -3    0    0        0.99421842  -0.00000000
        -2   -3    0        -3    0    0       -0.00005527  -0.00000000
        -2   -3    0        -2   -3    0        0.99435477  -0.00000000
        -2   -2    1        -2   -3    0        0.00006796  -0.00000000
        -2   -2    1        -2   -2    1        0.99435055   0.00000000
        -2    0   -3        -2   -2    1       -0.00000865  -0.00000000
        -2    0   -3        -2    0   -3        0.99435477  -0.00000000
        -2    1   -2        -2    0   -3        0.00006796   0.00000000
        -2    1   -2        -2    1   -2        0.99435055   0.00000000
        -1   -3   -3        -2    1   -2       -0.00008446  -0.00000000
        -1   -3   -3        -1   -3   -3        0.99436733  -0.00000000
        -1    2    2        -1   -3   -3       -0.00002139  -0.00000000
        -1    2    2        -1    2    2        0.99434641  -0.00000000
         0   -3   -2        -1    2    2       -0.00046821   0.00000000
         0   -3   -2         0   -3   -2        0.99437135   0.00000000
         0   -3    0         0   -3   -2       -0.00066037   0.00000000
         0   -3    0         0   -3    0        0.99424365   0.00000000
         0   -2   -3         0   -3    0       -0.00005555   0.00000000
         0   -2   -3         0   -2   -3        0.99437135   0.00000000
         0    0   -3         0   -2   -3       -0.00066037   0.00000000
         0    0   -3         0    0   -3        0.99424365  -0.00000000
         0    0    3         0    0   -3       -0.00035166   0.00000000
         0    0    3         0    0    3        0.99423094  -0.00000000
         0    2    3         0    0    3       -0.00066154   0.00000000
         0    2    3         0    2    3        0.99435055   0.00000000
         0    3    0         0    2    3       -0.00005551   0.00000000
         0    3    0         0    3    0        0.99423094  -0.00000000
         0    3    2         0    3    0       -0.00066154   0.00000000
         0    3    2         0    3    2        0.99435055   0.00000000
         1   -2   -2         0    3    2       -0.00046759   0.00000000
         1   -2   -2         1   -2   -2        0.99437545  -0.00000000
         1    3    3         1   -2   -2       -0.00002092   0.00000000
         1    3    3         1    3    3        0.99435477   0.00000000
         2   -1    2         1    3    3       -0.00008441  -0.00000000
         2   -1    2         2   -1    2        0.99437135  -0.00000000
         3    4    3         2   -1    2        0.00003055  -0.00000000
         3    4    3         3    4    3        0.99893945  -0.00000000
         4    1    1         3    4    3       -0.00014932  -0.00000000
         4    1    1         4    1    1        0.99894323  -0.00000000
         4    3    3         4    1    1       -0.00010494   0.00000000
         4    3    3         4    3    3        0.99894112   0.00000000
        -4   -3   -1         4    3    3       -0.00002259  -0.00000000
        -4   -3   -1        -4   -3   -1        0.99949918  -0.00000000
        -4   -1   -3        -4   -3   -1        0.00008601   0.00000000
        -4   -1   -3        -4   -1   -3        0.99949918   0.00000000
        -3   -4   -1        -4   -1   -3        0.00005497   0.00000000
        -3   -4   -1        -3   -4   -1        0.99949986  -0.00000000
        -3   -2    1        -3   -4   -1       -0.00000479   0.00000000
        -3   -2    1        -3   -2    1        0.99949918   0.00000000
        -3   -1   -4        -3   -2    1        0.00002092   0.00000000
        -3   -1   -4        -3   -1   -4        0.99949986   0.00000000
        -3    1   -2        -3   -1   -4       -0.00000479  -0.00000000
        -3    1   -2        -3    1   -2        0.99949918   0.00000000
        -2   -3    1        -3    1   -2       -0.00004740  -0.00000000
        -2   -3    1        -2   -3    1        0.99949986  -0.00000000
        -2    1   -3        -2   -3    1       -0.00003826   0.00000000
        -2    1   -3        -2    1   -3        0.99949986  -0.00000000
        -1   -4   -3        -2    1   -3        0.00002086  -0.00000000
        -1   -4   -3        -1   -4   -3        0.99950127   0.00000000
        -1   -3   -4        -1   -4   -3       -0.00018248   0.00000000
        -1   -3   -4        -1   -3   -4        0.99950127   0.00000000
        -1    2    3        -1   -3   -4       -0.00001743  -0.00000000
        -1    2    3        -1    2    3        0.99949918   0.00000000
        -1    3    2        -1    2    3       -0.00018299  -0.00000000
        -1    3    2        -1    3    2        0.99949918   0.00000000
         1   -3   -2        -1    3    2        0.00005802   0.00000000
         1   -3   -2         1   -3   -2        0.99950201  -0.00000000
         1   -2   -3         1   -3   -2       -0.00018221   0.00000000
         1   -2   -3         1   -2   -3        0.99950201   0.00000000
         1    3    4         1   -2   -3       -0.00001746   0.00000000
         1    3    4         1    3    4        0.99949986   0.00000000
         1    4    3         1    3    4       -0.00018279  -0.00000000
         1    4    3         1    4    3        0.99949986   0.00000000
         2   -1    3         1    4    3        0.00002086   0.00000000
         2   -1    3         2   -1    3        0.99950127   0.00000000
         2    3   -1         2   -1    3       -0.00003810   0.00000000
         2    3   -1         2    3   -1        0.99950127   0.00000000
         3   -1    2         2    3   -1       -0.00004716   0.00000000
         3   -1    2         3   -1    2        0.99950201  -0.00000000
         3    1    4         3   -1    2       -0.00000460   0.00000000
         3    1    4         3    1    4        0.99950127   0.00000000
         3    2   -1         3    1    4        0.00002079  -0.00000000
         3    2   -1         3    2   -1        0.99950201   0.00000000
         3    4    1         3    2   -1       -0.00000460  -0.00000000
         3    4    1         3    4    1        0.99950127   0.00000000
         4    1    3         3    4    1        0.00005475  -0.00000000
         4    1    3         4    1    3        0.99950201   0.00000000
         4    3    1         4    1    3        0.00008537   0.00000000
         4    3    1         4    3    1        0.99950201  -0.00000000
        -4   -4   -3         4    3    1       -0.00001689   0.00000000
        -4   -4   -3        -4   -4   -3        0.99974529  -0.00000000
        -4   -3   -4        -4   -4   -3       -0.00008487   0.00000000
        -4   -3   -4        -4   -3   -4        0.99974529   0.00000000
        -4   -1    0        -4   -3   -4       -0.00000287   0.00000000
        -4   -1    0        -4   -1    0        0.99974480   0.00000000
        -4    0   -1        -4   -1    0       -0.00008498   0.00000000
        -4    0   -1        -4    0   -1        0.99974480   0.00000000
        -3   -4   -4        -4    0   -1       -0.00001215  -0.00000000
        -3   -4   -4        -3   -4   -4        0.99974558   0.00000000
         4    4    1        -3   -4   -4        0.00000789   0.00000000
         4    4    1         4    4    1        0.99991419   0.00000000
         5    2    2         4    4    1        0.00000039  -0.00000000
         5    2    2         5    2    2        0.99991787   0.00000000
         5    3    3         5    2    2        0.00001309   0.00000000
         5    3    3         5    3    3        0.99991782   0.00000000
        -5   -3   -2         5    3    3       -0.00002135  -0.00000000
        -5   -3   -2        -5   -3   -2        0.99992629  -0.00000000
        -5   -2   -3        -5   -3   -2       -0.00002998   0.00000000
        -5   -2   -3        -5   -2   -3        0.99992629  -0.00000000
        -3   -5   -2        -5   -2   -3        0.00001495  -0.00000000
        -3   -5   -2        -3   -5   -2        0.99992645   0.00000000
        -3   -2   -5        -3   -5   -2        0.00001074  -0.00000000
        -3   -2   -5        -3   -2   -5        0.99992645   0.00000000
        -3   -1    2        -3   -2   -5       -0.00001005  -0.00000000
        -3   -1    2        -3   -1    2        0.99992629   0.00000000
        -3    2   -1        -3   -1    2        0.00001076   0.00000000
        -3    2   -1        -3    2   -1        0.99992629   0.00000000
        -2   -5   -3        -3    2   -1       -0.00001056  -0.00000000
        -2   -5   -3        -2   -5   -3        0.99992653   0.00000000
        -2   -3   -5        -2   -5   -3        0.00000797   0.00000000
        -2   -3   -5        -2   -3   -5        0.99992653  -0.00000000
        -2    1    3        -2   -3   -5        0.00000175   0.00000000
        -2    1    3        -2    1    3        0.99992629   0.00000000
        -2    3    1        -2    1    3        0.00000801   0.00000000
        -2    3    1        -2    3    1        0.99992629   0.00000000
        -1   -3    2        -2    3    1        0.00001005   0.00000000
        -1   -3    2        -1   -3    2        0.99992645   0.00000000
        -1    2   -3        -1   -3    2        0.00002128   0.00000000
        -1    2   -3        -1    2   -3        0.99992645  -0.00000000
         1   -2    3        -1    2   -3       -0.00003133   0.00000000
         1   -2    3         1   -2    3        0.99992653   0.00000000
         1    3   -2         1   -2    3        0.00002125   0.00000000
         1    3   -2         1    3   -2        0.99992653   0.00000000
         2   -3   -1         1    3   -2        0.00001002  -0.00000000
         2   -3   -1         2   -3   -1        0.99992668   0.00000000
         2   -1   -3         2   -3   -1        0.00000795   0.00000000
         2   -1   -3         2   -1   -3        0.99992668  -0.00000000
         2    3    5         2   -1   -3        0.00000176   0.00000000
         2    3    5         2    3    5        0.99992645   0.00000000
         2    5    3         2    3    5        0.00000799  -0.00000000
         2    5    3         2    5    3        0.99992645   0.00000000
         3   -2    1         2    5    3       -0.00001054  -0.00000000
         3   -2    1         3   -2    1        0.99992668  -0.00000000
         3    1   -2         3   -2    1        0.00001071  -0.00000000
         3    1   -2         3    1   -2        0.99992668  -0.00000000
         3    2    5         3    1   -2       -0.00001002  -0.00000000
         3    2    5         3    2    5        0.99992653   0.00000000
         3    5    2         3    2    5        0.00001073  -0.00000000
         3    5    2         3    5    2        0.99992653  -0.00000000
         5    2    3         3    5    2        0.00001491  -0.00000000
         5    2    3         5    2    3        0.99992668   0.00000000
         5    3    2         5    2    3       -0.00002985   0.00000000
         5    3    2         5    3    2        0.99992668   0.00000000
        -5   -4   -3         5    3    2       -0.00000219  -0.00000000
        -5   -4   -3        -5   -4   -3        0.99995654  -0.00000000
        -5   -3   -4        -5   -4   -3       -0.00001864   0.00000000
        -5   -3   -4        -5   -3   -4        0.99995654   0.00000000
        -5   -2   -1        -5   -3   -4        0.00000517   0.00000000
        -5   -2   -1        -5   -2   -1        0.99995651  -0.00000000
        -5   -1   -2        -5   -2   -1       -0.00001864   0.00000000
        -5   -1   -2        -5   -1   -2        0.99995651  -0.00000000
        -4   -5   -3        -5   -1   -2       -0.00000881  -0.00000000
        -4   -5   -3        -4   -5   -3        0.99995657   0.00000000
         2    5    4        -4   -5   -3        0.00000396  -0.00000000
         2    5    4         2    5    4        0.99997025  -0.00000000
         3   -2    2         2    5    4       -0.00000508  -0.00000000
         3   -2    2         3   -2    2        0.99997033  -0.00000000
         3    1    5         3   -2    2       -0.00000068   0.00000000
         3    1    5         3    1    5        0.99997029  -0.00000000
         3    2   -2         3    1    5       -0.00000203   0.00000000
         3    2   -2         3    2   -2        0.99997033  -0.00000000
         3    5    1         3    2   -2       -0.00000068  -0.00000000
         3    5    1         3    5    1        0.99997029  -0.00000000
         4   -1    0         3    5    1       -0.00000115  -0.00000000
         4   -1    0         4   -1    0        0.99996683   0.00000000
         4   -1    2         4   -1    0       -0.00000171   0.00000000
         4   -1    2         4   -1    2        0.99997034   0.00000000
         4    0   -1         4   -1    2       -0.00000278  -0.00000000
         4    0   -1         4    0   -1        0.99996683  -0.00000000
         4    2   -1         4    0   -1       -0.00000171   0.00000000
         4    2   -1         4    2   -1        0.99997034   0.00000000
         4    2    5         4    2   -1       -0.00000064   0.00000000
         4    2    5         4    2    5        0.99997030   0.00000000
         4    4    5         4    2    5       -0.00000171   0.00000000
         4    4    5         4    4    5        0.99996675   0.00000000
         4    5    2         4    4    5       -0.00000279  -0.00000000
         4    5    2         4    5    2        0.99997030   0.00000000
         4    5    4         4    5    2       -0.00000171   0.00000000
         4    5    4         4    5    4        0.99996675   0.00000000
         5    1    1         4    5    4        0.00000034  -0.00000000
         5    1    1         5    1    1        0.99996683  -0.00000000
         5    1    3         5    1    1       -0.00000171   0.00000000
         5    1    3         5    1    3        0.99997034   0.00000000
         5    2    4         5    1    3        0.00000143   0.00000000
         5    2    4         5    2    4        0.99997033   0.00000000
         5    3    1         5    2    4       -0.00000315  -0.00000000
         5    3    1         5    3    1        0.99997034   0.00000000
         5    4    2         5    3    1        0.00000143   0.00000000
         5    4    2         5    4    2        0.99997033  -0.00000000
         5    4    4         5    4    2       -0.00000171   0.00000000
         5    4    4         5    4    4        0.99996679  -0.00000000
        -4   -4    0         5    4    4        0.00000187   0.00000000
        -4   -4    0        -4   -4    0        0.99998296  -0.00000000
        -4    0   -4        -4   -4    0       -0.00000049  -0.00000000
        -4    0   -4        -4    0   -4        0.99998296   0.00000000
         0   -4   -4        -4    0   -4       -0.00000049   0.00000000
         0   -4   -4         0   -4   -4        0.99998300  -0.00000000
         0    4    4         0   -4   -4        0.00001186  -0.00000000
         0    4    4         0    4    4        0.99998296  -0.00000000
         4    0    4         0    4    4       -0.00000049  -0.00000000
         4    0    4         4    0    4        0.99998300  -0.00000000
         4    4    0         4    0    4       -0.00000048  -0.00000000
         4    4    0         4    4    0        0.99998300   0.00000000
        -5   -5   -3         4    4    0       -0.00000257   0.00000000
        -5   -5   -3        -5   -5   -3        0.99998640   0.00000000
        -5   -3   -5        -5   -5   -3        0.00000046   0.00000000
        -5   -3   -5        -5   -3   -5        0.99998640  -0.00000000
        -5   -2    0        -5   -3   -5        0.00000176   0.00000000
        -5   -2    0        -5   -2    0        0.99998639   0.00000000
        -5    0   -2        -5   -2    0        0.00000047   0.00000000
        -5    0   -2        -5    0   -2        0.99998639   0.00000000
        -3   -5   -5        -5    0   -2       -0.00000043  -0.00000000
        -3   -5   -5        -3   -5   -5        0.99998642  -0.00000000
        -3    2    2        -3   -5   -5        0.00000052  -0.00000000
        -3    2    2        -3    2    2        0.99998639   0.00000000
        -2   -5    0        -3    2    2       -0.00000164  -0.00000000
        -2   -5    0        -2   -5    0        0.99998642  -0.00000000
         5    0    3        -2   -5    0        0.00000102  -0.00000000
         5    0    3         5    0    3        0.99999230  -0.00000000
         5    2    5         5    0    3        0.00000358  -0.00000000
         5    2    5         5    2    5        0.99999230   0.00000000
         5    3    0         5    2    5       -0.00000169   0.00000000
         5    3    0         5    3    0        0.99999230  -0.00000000
         5    5    2         5    3    0        0.00000358  -0.00000000
         5    5    2         5    5    2        0.99999230  -0.00000000
         6    3    3         5    5    2       -0.00000152  -0.00000000
         6    3    3         6    3    3        0.99999213  -0.00000000
        -6   -4   -3         6    3    3        0.00000263   0.00000000
        -6   -4   -3        -6   -4   -3        0.99999396   0.00000000
        -6   -3   -4        -6   -4   -3       -0.00000391   0.00000000
        -6   -3   -4        -6   -3   -4        0.99999396  -0.00000000
        -6   -3   -2        -6   -3   -4       -0.00000072   0.00000000
        -6   -3   -2        -6   -3   -2        0.99999396   0.00000000
        -6   -2   -3        -6   -3   -2       -0.00000391   0.00000000
        -6   -2   -3        -6   -2   -3        0.99999396   0.00000000
        -5   -5   -5        -6   -2   -3       -0.00000042  -0.00000000
        -5   -5   -5        -5   -5   -5        0.99999377   0.00000000
        -5    0    0        -5   -5   -5        0.00000070  -0.00000000
        -5    0    0        -5    0    0        0.99999375   0.00000000
        -4   -6   -3        -5    0    0        0.00000071   0.00000000
        -4   -6   -3        -4   -6   -3        0.99999397   0.00000000
        -4   -3   -6        -4   -6   -3        0.00000156  -0.00000000
        -4   -3   -6        -4   -3   -6        0.99999397   0.00000000
        -4   -1    2        -4   -3   -6        0.00000051   0.00000000
        -4   -1    2        -4   -1    2        0.99999396  -0.00000000
        -4    2   -1        -4   -1    2        0.00000157  -0.00000000
        -4    2   -1        -4    2   -1        0.99999396  -0.00000000
        -3   -6   -4        -4    2   -1        0.00000036   0.00000000
        -3   -6   -4        -3   -6   -4        0.99999397   0.00000000
        -3   -6   -2        -3   -6   -4       -0.00000072  -0.00000000
        -3   -6   -2        -3   -6   -2        0.99999397  -0.00000000
        -3   -4   -6        -3   -6   -2       -0.00000040   0.00000000
        -3   -4   -6        -3   -4   -6        0.99999397   0.00000000
        -3   -2   -6        -3   -4   -6       -0.00000072   0.00000000
        -3   -2   -6        -3   -2   -6        0.99999397  -0.00000000
        -3   -1    3        -3   -2   -6        0.00000063   0.00000000
        -3   -1    3        -3   -1    3        0.99999396   0.00000000
        -3    1    3        -3   -1    3       -0.00000072  -0.00000000
        -3    1    3        -3    1    3        0.99999396   0.00000000
        -3    3   -1        -3    1    3       -0.00000040  -0.00000000
        -3    3   -1        -3    3   -1        0.99999396   0.00000000
        -3    3    1        -3    3   -1       -0.00000072  -0.00000000
        -3    3    1        -3    3    1        0.99999396  -0.00000000
        -2   -6   -3        -3    3    1        0.00000043  -0.00000000
        -2   -6   -3        -2   -6   -3        0.99999397  -0.00000000
        -2   -3   -6        -2   -6   -3        0.00000154   0.00000000
        -2   -3   -6        -2   -3   -6        0.99999397   0.00000000
        -2    1    4        -2   -3   -6        0.00000035  -0.00000000
        -2    1    4        -2    1    4        0.99999396   0.00000000
        -2    4    1        -2    1    4        0.00000155   0.00000000
        -2    4    1        -2    4    1        0.99999396   0.00000000
        -1   -4    2        -2    4    1       -0.00000063  -0.00000000
        -1   -4    2        -1   -4    2        0.99999397  -0.00000000
        -1   -3    3        -1   -4    2        0.00000057  -0.00000000
        -1   -3    3        -1   -3    3        0.99999397   0.00000000
        -1    2   -4        -1   -3    3       -0.00000020  -0.00000000
        -1    2   -4        -1    2   -4        0.99999397  -0.00000000
        -1    3   -3        -1    2   -4        0.00000057  -0.00000000
        -1    3   -3        -1    3   -3        0.99999397   0.00000000
         0   -5    0        -1    3   -3       -0.00000164   0.00000000
         0   -5    0         0   -5    0        0.99999378   0.00000000
        -4    2    1         0   -5    0        0.00000057  -0.00000000
        -4    2    1        -4    2    1        0.99999713   0.00000000
        -2   -6   -1        -4    2    1       -0.00000060  -0.00000000
        -2   -6   -1        -2   -6   -1        0.99999714   0.00000000
        -2   -1   -6        -2   -6   -1       -0.00000055  -0.00000000
        -2   -1   -6        -2   -1   -6        0.99999714  -0.00000000
        -2   -1    4        -2   -1   -6       -0.00000048   0.00000000
        -2   -1    4        -2   -1    4        0.99999713   0.00000000
        -2    4   -1        -2   -1    4       -0.00000055   0.00000000
        -2    4   -1        -2    4   -1        0.99999713  -0.00000000
        -1   -6   -2        -2    4   -1       -0.00000061  -0.00000000
        -1   -6   -2        -1   -6   -2        0.99999714   0.00000000
        -1   -5   -5        -1   -6   -2       -0.00000038   0.00000000
        -1   -5   -5        -1   -5   -5        0.99999716   0.00000000
        -1   -5    1        -1   -5   -5        0.00000015  -0.00000000
        -1   -5    1        -1   -5    1        0.99999714   0.00000000
        -1   -2   -6        -1   -5    1        0.00000057   0.00000000
        -1   -2   -6        -1   -2   -6        0.99999714   0.00000000
        -1   -2    4        -1   -2   -6       -0.00000048  -0.00000000
        -1   -2    4        -1   -2    4        0.99999713   0.00000000
        -1    1   -5        -1   -2    4        0.00000080  -0.00000000
        -1    1   -5        -1    1   -5        0.99999714   0.00000000
        -1    1    5        -1    1   -5       -0.00000048  -0.00000000
        -1    1    5        -1    1    5        0.99999713  -0.00000000
        -1    4   -2        -1    1    5        0.00000057  -0.00000000
        -1    4   -2        -1    4   -2        0.99999713   0.00000000
        -1    4    4        -1    4   -2        0.00000015  -0.00000000
        -1    4    4        -1    4    4        0.99999715  -0.00000000
        -1    5    1        -1    4    4       -0.00000038   0.00000000
        -1    5    1        -1    5    1        0.99999713  -0.00000000
         0   -5   -4        -1    5    1        0.00000006   0.00000000
         0   -5   -4         0   -5   -4        0.99999716   0.00000000
         0   -4   -5         0   -5   -4       -0.00000213  -0.00000000
         0   -4   -5         0   -4   -5        0.99999716   0.00000000
         0    4    5         0   -4   -5       -0.00000007  -0.00000000
         0    4    5         0    4    5        0.99999716  -0.00000000
         0    5    4         0    4    5       -0.00000214   0.00000000
         0    5    4         0    5    4        0.99999716  -0.00000000
         1   -5   -1         0    5    4        0.00000006  -0.00000000
         1   -5   -1         1   -5   -1        0.99999714   0.00000000
         1   -4   -4         1   -5   -1       -0.00000038   0.00000000
         1   -4   -4         1   -4   -4        0.99999716   0.00000000
         1   -4    2         1   -4   -4        0.00000015  -0.00000000
         1   -4    2         1   -4    2        0.99999714  -0.00000000
         1   -1   -5         1   -4    2        0.00000057   0.00000000
         1   -1   -5         1   -1   -5        0.99999714  -0.00000000
         1   -1    5         1   -1   -5       -0.00000048  -0.00000000
         1   -1    5         1   -1    5        0.99999713  -0.00000000
         1    2   -4         1   -1    5        0.00000080   0.00000000
         1    2   -4         1    2   -4        0.99999714   0.00000000
         1    2    6         1    2   -4       -0.00000048   0.00000000
         1    2    6         1    2    6        0.99999713   0.00000000
         1    5   -1         1    2    6        0.00000057  -0.00000000
         1    5   -1         1    5   -1        0.99999713   0.00000000
         1    5    5         1    5   -1        0.00000015   0.00000000
         1    5    5         1    5    5        0.99999716  -0.00000000
         1    6    2         1    5    5       -0.00000038  -0.00000000
         1    6    2         1    6    2        0.99999713  -0.00000000
         2   -4    1         1    6    2       -0.00000061   0.00000000
         2   -4    1         2   -4    1        0.99999714  -0.00000000
         2    1   -4         2   -4    1       -0.00000055   0.00000000
         2    1   -4         2    1   -4        0.99999714   0.00000000
         2    1    6         2    1   -4       -0.00000048   0.00000000
         2    1    6         2    1    6        0.99999713   0.00000000
        -6   -1   -4         2    1    6        0.00000036  -0.00000000
        -6   -1   -4        -6   -1   -4        0.99999847  -0.00000000
        -5   -6   -2        -6   -1   -4       -0.00000008   0.00000000
        -5   -6   -2        -5   -6   -2        0.99999847  -0.00000000
        -5   -3    1        -5   -6   -2        0.00000006   0.00000000
        -5   -3    1        -5   -3    1        0.99999847   0.00000000
        -5   -2   -6        -5   -3    1       -0.00000007  -0.00000000
        -5   -2   -6        -5   -2   -6        0.99999847   0.00000000
        -5    1   -3        -5   -2   -6        0.00000006  -0.00000000
        -5    1   -3        -5    1   -3        0.99999847   0.00000000
        -4   -6   -1        -5    1   -3        0.00000013  -0.00000000
        -4   -6   -1        -4   -6   -1        0.99999847  -0.00000000
        -4   -3    2        -4   -6   -1       -0.00000007   0.00000000
        -4   -3    2        -4   -3    2        0.99999847   0.00000000
        -4   -1   -6        -4   -3    2       -0.00000021   0.00000000
        -4   -1   -6        -4   -1   -6        0.99999847   0.00000000
        -4    2   -3        -4   -1   -6       -0.00000007  -0.00000000
        -4    2   -3        -4    2   -3        0.99999847   0.00000000
        -3   -5    1        -4    2   -3        0.00000014   0.00000000
        -3   -5    1        -3   -5    1        0.99999847  -0.00000000
        -3   -4    2        -3   -5    1        0.00000011  -0.00000000
        -3   -4    2        -3   -4    2        0.99999847  -0.00000000
        -3    1   -5        -3   -4    2        0.00000004  -0.00000000
        -3    1   -5        -3    1   -5        0.99999847  -0.00000000
        -3    2   -4        -3    1   -5        0.00000011  -0.00000000
        -3    2   -4        -3    2   -4        0.99999847  -0.00000000
        -2   -6   -5        -3    2   -4       -0.00000013   0.00000000
        -2   -6   -5        -2   -6   -5        0.99999847  -0.00000000
        -2   -5   -6        -2   -6   -5       -0.00000118  -0.00000000
        -2   -5   -6        -2   -5   -6        0.99999847   0.00000000
        -2    3    4        -2   -5   -6       -0.00000010   0.00000000
        -2    3    4        -2    3    4        0.99999847  -0.00000000
        -2    4    3        -2    3    4       -0.00000118   0.00000000
        -2    4    3        -2    4    3        0.99999847   0.00000000
        -1   -6   -4        -2    4    3        0.00000038   0.00000000
        -1   -6   -4        -1   -6   -4        0.99999847  -0.00000000
        -1   -4   -6        -1   -6   -4       -0.00000036  -0.00000000
        -1   -4   -6        -1   -4   -6        0.99999847  -0.00000000
        -1    3    5        -1   -4   -6       -0.00000013  -0.00000000
        -1    3    5        -1    3    5        0.99999847   0.00000000
        -1    5    3        -1    3    5       -0.00000036   0.00000000
        -1    5    3        -1    5    3        0.99999847   0.00000000
         1   -5   -3        -1    5    3        0.00000009  -0.00000000
         1   -5   -3         1   -5   -3        0.99999847  -0.00000000
         1   -3   -5         1   -5   -3       -0.00000036  -0.00000000
         1   -3   -5         1   -3   -5        0.99999847   0.00000000
         1    4    6         1   -3   -5       -0.00000013  -0.00000000
         1    4    6         1    4    6        0.99999847  -0.00000000
         1    6    4         1    4    6       -0.00000036   0.00000000
         1    6    4         1    6    4        0.99999847  -0.00000000
         2   -4   -3         1    6    4        0.00000038  -0.00000000
         2   -4   -3         2   -4   -3        0.99999847  -0.00000000
         2   -3   -4         2   -4   -3       -0.00000118  -0.00000000
         2   -3   -4         2   -3   -4        0.99999847  -0.00000000
         2    5    6         2   -3   -4       -0.00000011   0.00000000
         2    5    6         2    5    6        0.99999847   0.00000000
         2    6    5         2    5    6       -0.00000118   0.00000000
         2    6    5         2    6    5        0.99999847   0.00000000
         3   -2    4         2    6    5       -0.00000013  -0.00000000
         3   -2    4         3   -2    4        0.99999847   0.00000000
         3   -1    5         3   -2    4        0.00000011  -0.00000000
         3   -1    5         3   -1    5        0.99999847   0.00000000
         3    4   -2         3   -1    5        0.00000004  -0.00000000
         3    4   -2         3    4   -2        0.99999847  -0.00000000
         4    7    4         3    4   -2       -0.00000006   0.00000000
         4    7    4         4    7    4        0.99999917  -0.00000000
         5   -1   -1         4    7    4        0.00000006  -0.00000000
         5   -1   -1         5   -1   -1        0.99999928   0.00000000
         5    6    6         5   -1   -1       -0.00000005   0.00000000
         5    6    6         5    6    6        0.99999928   0.00000000
         6    0    1         5    6    6        0.00000003   0.00000000
         6    0    1         6    0    1        0.99999928   0.00000000
         6    0    3         6    0    1       -0.00000004   0.00000000
         6    0    3         6    0    3        0.99999919  -0.00000000
         6    1    0         6    0    3       -0.00000007  -0.00000000
         6    1    0         6    1    0        0.99999928   0.00000000
         6    3    0         6    1    0       -0.00000004  -0.00000000
         6    3    0         6    3    0        0.99999919  -0.00000000
         6    3    6         6    3    0        0.00000006  -0.00000000
         6    3    6         6    3    6        0.99999919  -0.00000000
         6    5    6         6    3    6       -0.00000004   0.00000000
         6    5    6         6    5    6        0.99999928   0.00000000
         6    6    3         6    5    6       -0.00000007  -0.00000000
         6    6    3         6    6    3        0.99999919  -0.00000000
         6    6    5         6    6    3       -0.00000004   0.00000000
         6    6    5         6    6    5        0.99999928   0.00000000
         7    3    3         6    6    5        0.00000013   0.00000000
         7    3    3         7    3    3        0.99999918  -0.00000000
         7    4    4         7    3    3       -0.00000008   0.00000000
         7    4    4         7    4    4        0.99999918   0.00000000
        -7   -4   -3         7    4    4       -0.00000016  -0.00000000
        -7   -4   -3        -7   -4   -3        0.99999923   0.00000000
        -7   -3   -4        -7   -4   -3       -0.00000060   0.00000000
        -7   -3   -4        -7   -3   -4        0.99999923  -0.00000000
        -5   -5    0        -7   -3   -4       -0.00000011   0.00000000
        -5   -5    0        -5   -5    0        0.99999922  -0.00000000
        -5    0   -5        -5   -5    0        0.00000001  -0.00000000
        -5    0   -5        -5    0   -5        0.99999922   0.00000000
        -4   -7   -3        -5    0   -5       -0.00000001  -0.00000000
        -4   -7   -3        -4   -7   -3        0.99999923  -0.00000000
        -4   -3   -7        -4   -7   -3        0.00000014   0.00000000
        -4   -3   -7        -4   -3   -7        0.99999923  -0.00000000
        -4   -1    3        -4   -3   -7        0.00000009   0.00000000
        -4   -1    3        -4   -1    3        0.99999923  -0.00000000
        -4    3   -1        -4   -1    3        0.00000014   0.00000000
        -4    3   -1        -4    3   -1        0.99999923   0.00000000
        -3   -7   -4        -4    3   -1        0.00000010   0.00000000
        -3   -7   -4        -3   -7   -4        0.99999923   0.00000000
        -3   -4   -7        -3   -7   -4        0.00000008   0.00000000
        -3   -4   -7        -3   -4   -7        0.99999923   0.00000000
        -3    1    4        -3   -4   -7       -0.00000005  -0.00000000
        -3    1    4        -3    1    4        0.99999923  -0.00000000
        -3    4    1        -3    1    4        0.00000008   0.00000000
        -3    4    1        -3    4    1        0.99999923  -0.00000000
        -1   -4    3        -3    4    1        0.00000009  -0.00000000
        -1   -4    3        -1   -4    3        0.99999923   0.00000000
        -1    3   -4        -1   -4    3        0.00000015   0.00000000
        -1    3   -4        -1    3   -4        0.99999923  -0.00000000
         0   -5   -5        -1    3   -4        0.00000001  -0.00000000
         0   -5   -5         0   -5   -5        0.99999922   0.00000000
         0    5    5         0   -5   -5       -0.00000026  -0.00000000
         0    5    5         0    5    5        0.99999922  -0.00000000
         1   -3    4         0    5    5        0.00000001  -0.00000000
         1   -3    4         1   -3    4        0.99999923   0.00000000
         1    4   -3         1   -3    4        0.00000015  -0.00000000
         1    4   -3         1    4   -3        0.99999923  -0.00000000
         3   -4   -1         1    4   -3        0.00000009   0.00000000
         3   -4   -1         3   -4   -1        0.99999923   0.00000000
        -5    2    0         3   -4   -1        0.00000002  -0.00000000
        -5    2    0        -5    2    0        0.99999955   0.00000000
        -4   -7   -2        -5    2    0        0.00000007   0.00000000
        -4   -7   -2        -4   -7   -2        0.99999952   0.00000000
        -4   -2   -7        -4   -7   -2        0.00000003  -0.00000000
        -4   -2   -7        -4   -2   -7        0.99999952  -0.00000000
        -4   -2    3        -4   -2   -7        0.00000007   0.00000000
        -4   -2    3        -4   -2    3        0.99999952   0.00000000
        -4    3   -2        -4   -2    3        0.00000003  -0.00000000
        -4    3   -2        -4    3   -2        0.99999952   0.00000000
        -3   -7   -5        -4    3   -2        0.00000003   0.00000000
        -3   -7   -5        -3   -7   -5        0.99999952  -0.00000000
        -3   -5   -7        -3   -7   -5       -0.00000017  -0.00000000
        -3   -5   -7        -3   -5   -7        0.99999952   0.00000000
        -3    2    4        -3   -5   -7       -0.00000003   0.00000000
        -3    2    4        -3    2    4        0.99999952   0.00000000
        -3    4    2        -3    2    4       -0.00000017   0.00000000
        -3    4    2        -3    4    2        0.99999952   0.00000000
        -2   -7   -4        -3    4    2        0.00000000   0.00000000
        -2   -7   -4        -2   -7   -4        0.99999952   0.00000000
        -2   -7   -2        -2   -7   -4       -0.00000004  -0.00000000
        -2   -7   -2        -2   -7   -2        0.99999955   0.00000000
        -2   -5    2        -2   -7   -2        0.00000000   0.00000000
        -2   -5    2        -2   -5    2        0.99999952   0.00000000
        -2   -4   -7        -2   -5    2       -0.00000002   0.00000000
        -2   -4   -7        -2   -4   -7        0.99999952   0.00000000
        -2   -4    3        -2   -4   -7        0.00000007  -0.00000000
        -2   -4    3        -2   -4    3        0.99999952  -0.00000000
        -2   -2   -7        -2   -4    3       -0.00000003   0.00000000
        -2   -2   -7        -2   -2   -7        0.99999955   0.00000000
        -2    0    5        -2   -2   -7        0.00000005  -0.00000000
        -2    0    5        -2    0    5        0.99999955   0.00000000
        -2    2   -5        -2    0    5       -0.00000003   0.00000000
        -2    2   -5        -2    2   -5        0.99999952   0.00000000
        -2    2    5        -2    2   -5        0.00000007  -0.00000000
        -2    2    5        -2    2    5        0.99999952   0.00000000
        -2    3   -4        -2    2    5       -0.00000002   0.00000000
        -2    3   -4        -2    3   -4        0.99999952   0.00000000
        -2    5    0        -2    3   -4        0.00000000  -0.00000000
        -2    5    0        -2    5    0        0.99999955   0.00000000
        -2    5    2        -2    5    0       -0.00000004   0.00000000
        -2    5    2        -2    5    2        0.99999952   0.00000000
         0   -5    2        -2    5    2       -0.00000003  -0.00000000
         0   -5    2         0   -5    2        0.99999955  -0.00000000
         0   -2    5         0   -5    2       -0.00000009   0.00000000
         0   -2    5         0   -2    5        0.99999955  -0.00000000
         0    2   -5         0   -2    5        0.00000009  -0.00000000
         0    2   -5         0    2   -5        0.99999955  -0.00000000
         0    5   -2         0    2   -5       -0.00000009  -0.00000000
         0    5   -2         0    5   -2        0.99999955   0.00000000
         2   -5   -2         0    5   -2       -0.00000003  -0.00000000
         2   -5   -2         2   -5   -2        0.99999952  -0.00000000
         2   -5    0         2   -5   -2       -0.00000004  -0.00000000
         2   -5    0         2   -5    0        0.99999955  -0.00000000
         2   -3    4         2   -5    0        0.00000000   0.00000000
         2   -3    4         2   -3    4        0.99999952   0.00000000
         2   -2   -5         2   -3    4       -0.00000002   0.00000000
         2   -2   -5         2   -2   -5        0.99999952  -0.00000000
         2   -2    5         2   -2   -5        0.00000007  -0.00000000
         2   -2    5         2   -2    5        0.99999952  -0.00000000
         2    0   -5         2   -2    5       -0.00000003   0.00000000
         2    0   -5         2    0   -5        0.99999955   0.00000000
         2    2    7         2    0   -5        0.00000005  -0.00000000
         2    2    7         2    2    7        0.99999955   0.00000000
         4   -2   -3         2    2    7        0.00000002  -0.00000000
         4   -2   -3         4   -2   -3        0.99999972   0.00000000
         4    6    7         4   -2   -3        0.00000000   0.00000000
         4    6    7         4    6    7        0.99999972   0.00000000
         4    7    6         4    6    7       -0.00000023   0.00000000
         4    7    6         4    7    6        0.99999972   0.00000000
         6   -1    2         4    7    6        0.00000002   0.00000000
         6   -1    2         6   -1    2        0.99999972  -0.00000000
         6    2   -1         6   -1    2       -0.00000000  -0.00000000
         6    2   -1         6    2   -1        0.99999972  -0.00000000
         6    4    7         6    2   -1        0.00000001  -0.00000000
         6    4    7         6    4    7        0.99999972   0.00000000
         6    7    4         6    4    7       -0.00000000  -0.00000000
         6    7    4         6    7    4        0.99999972  -0.00000000
         7    1    3         6    7    4        0.00000002   0.00000000
         7    1    3         7    1    3        0.99999972  -0.00000000
         7    3    1         7    1    3       -0.00000012   0.00000000
         7    3    1         7    3    1        0.99999972  -0.00000000
         7    4    6         7    3    1        0.00000005  -0.00000000
         7    4    6         7    4    6        0.99999972  -0.00000000
         7    6    4         7    4    6       -0.00000012   0.00000000
         7    6    4         7    6    4        0.99999972  -0.00000000
        -7   -6   -5         7    6    4        0.00000005   0.00000000
        -7   -6   -5        -7   -6   -5        0.99999972   0.00000000
        -7   -5   -6        -7   -6   -5       -0.00000023   0.00000000
        -7   -5   -6        -7   -5   -6        0.99999972   0.00000000
        -7   -5   -2        -7   -5   -6        0.00000007  -0.00000000
        -7   -5   -2        -7   -5   -2        0.99999974   0.00000000
        -7   -2   -5        -7   -5   -2       -0.00000001   0.00000000
        -7   -2   -5        -7   -2   -5        0.99999974   0.00000000
        -7   -2   -1        -7   -2   -5        0.00000007   0.00000000
        -7   -2   -1        -7   -2   -1        0.99999972   0.00000000
        -7   -1   -2        -7   -2   -1       -0.00000023   0.00000000
        -7   -1   -2        -7   -1   -2        0.99999972   0.00000000
        -6   -7   -5        -7   -1   -2        0.00000005   0.00000000
        -6   -7   -5        -6   -7   -5        0.99999972  -0.00000000
        -6   -5   -7        -6   -7   -5       -0.00000012   0.00000000
        -6   -5   -7        -6   -5   -7        0.99999972   0.00000000
        -6   -1    1        -6   -5   -7       -0.00000005  -0.00000000
        -6   -1    1        -6   -1    1        0.99999972   0.00000000
        -6    1   -1        -6   -1    1       -0.00000012   0.00000000
        -6    1   -1        -6    1   -1        0.99999972   0.00000000
        -5   -7   -6        -6    1   -1       -0.00000003   0.00000000
        -5   -7   -6        -5   -7   -6        0.99999972   0.00000000
        -5   -7   -2        -5   -7   -6        0.00000007  -0.00000000
        -5   -7   -2        -5   -7   -2        0.99999974  -0.00000000
        -5   -6   -7        -5   -7   -2       -0.00000001  -0.00000000
        -5   -6   -7        -5   -6   -7        0.99999972   0.00000000
        -5   -3    2        -5   -6   -7       -0.00000003  -0.00000000
        -5   -3    2        -5   -3    2        0.99999974   0.00000000
        -5   -2   -7        -5   -3    2        0.00000002  -0.00000000
        -5   -2   -7        -5   -2   -7        0.99999974   0.00000000
        -5    1    2        -5   -2   -7       -0.00000003  -0.00000000
        -5    1    2        -5    1    2        0.99999972  -0.00000000
        -5    2   -3        -5    1    2       -0.00000001   0.00000000
        -5    2   -3        -5    2   -3        0.99999974   0.00000000
        -5    2    1        -5    2   -3        0.00000007   0.00000000
        -5    2    1        -5    2    1        0.99999972   0.00000000
        -3   -5    2        -5    2    1       -0.00000004  -0.00000000
        -3   -5    2        -3   -5    2        0.99999974   0.00000000
        -3    2   -5        -3   -5    2       -0.00000001   0.00000000
        -3    2   -5        -3    2   -5        0.99999974  -0.00000000
        -2   -7   -5        -3    2   -5        0.00000002  -0.00000000
        -2   -7   -5        -2   -7   -5        0.99999974   0.00000000
         7    3    6        -2   -7   -5        0.00000003  -0.00000000
         7    3    6         7    3    6        0.99999980   0.00000000
         7    4    1         7    3    6       -0.00000000   0.00000000
         7    4    1         7    4    1        0.99999980   0.00000000
         7    6    3         7    4    1        0.00000014   0.00000000
         7    6    3         7    6    3        0.99999980   0.00000000
        -7   -6   -6         7    6    3        0.00000003   0.00000000
        -7   -6   -6        -7   -6   -6        0.99999982  -0.00000000
        -7   -1   -1        -7   -6   -6       -0.00000001   0.00000000
        -7   -1   -1        -7   -1   -1        0.99999981  -0.00000000
        -6   -7   -6        -7   -1   -1        0.00000001  -0.00000000
        -6   -7   -6        -6   -7   -6        0.99999982  -0.00000000
        -6   -6   -7        -6   -7   -6       -0.00000016  -0.00000000
        -6   -6   -7        -6   -6   -7        0.99999982   0.00000000
        -6   -6   -1        -6   -6   -7        0.00000002  -0.00000000
        -6   -6   -1        -6   -6   -1        0.99999983   0.00000000
        -6   -5    0        -6   -6   -1       -0.00000000  -0.00000000
        -6   -5    0        -6   -5    0        0.99999983  -0.00000000
        -6   -1   -6        -6   -5    0        0.00000000   0.00000000
        -6   -1   -6        -6   -1   -6        0.99999983  -0.00000000
        -6    0   -5        -6   -1   -6       -0.00000000  -0.00000000
        -6    0   -5        -6    0   -5        0.99999983  -0.00000000
        -6    0    1        -6    0   -5        0.00000002  -0.00000000
        -6    0    1        -6    0    1        0.99999981  -0.00000000
        -6    1    0        -6    0    1       -0.00000016   0.00000000
        -6    1    0        -6    1    0        0.99999981   0.00000000
        -5   -6    0        -6    1    0        0.00000000  -0.00000000
        -5   -6    0        -5   -6    0        0.99999983  -0.00000000
        -5   -5    1        -5   -6    0        0.00000000  -0.00000000
        -5   -5    1        -5   -5    1        0.99999983   0.00000000
        -5    0   -6        -5   -5    1        0.00000001   0.00000000
        -5    0   -6        -5    0   -6        0.99999983  -0.00000000
        -5    1   -5        -5    0   -6        0.00000000  -0.00000000
        -5    1   -5        -5    1   -5        0.99999983  -0.00000000
        -1   -7   -1        -5    1   -5        0.00000000  -0.00000000
        -1   -7   -1        -1   -7   -1        0.99999982   0.00000000
        -1   -6   -6        -1   -7   -1       -0.00000000   0.00000000
        -1   -6   -6        -1   -6   -6        0.99999983   0.00000000
        -1   -1   -7        -1   -6   -6       -0.00000000  -0.00000000
        -1   -1   -7        -1   -1   -7        0.99999982   0.00000000
        -1    0    6        -1   -1   -7        0.00000006   0.00000000
        -1    0    6        -1    0    6        0.99999982   0.00000000
        -1    5    5        -1    0    6       -0.00000000  -0.00000000
        -1    5    5        -1    5    5        0.99999983  -0.00000000
        -1    6    0        -1    5    5       -0.00000000   0.00000000
        -1    6    0        -1    6    0        0.99999982   0.00000000
         0   -6   -5        -1    6    0       -0.00000001  -0.00000000
         0   -6   -5         0   -6   -5        0.99999983   0.00000000
         0   -6    1         0   -6   -5        0.00000002  -0.00000000
         0   -6    1         0   -6    1        0.99999982   0.00000000
         0   -5   -6         0   -6    1        0.00000000  -0.00000000
         0   -5   -6         0   -5   -6        0.99999983   0.00000000
         0   -1    6         0   -5   -6        0.00000000  -0.00000000
         0   -1    6         0   -1    6        0.99999982   0.00000000
         0    1   -6         0   -1    6       -0.00000006   0.00000000
         0    1   -6         0    1   -6        0.99999982  -0.00000000
         0    5    6         0    1   -6        0.00000000  -0.00000000
         0    5    6         0    5    6        0.99999983   0.00000000
         0    6   -1         0    5    6        0.00000000  -0.00000000
         0    6   -1         0    6   -1        0.99999982  -0.00000000
         0    6    5         0    6   -1        0.00000002  -0.00000000
         0    6    5         0    6    5        0.99999983  -0.00000000
         1   -6    0         0    6    5       -0.00000001   0.00000000
         1   -6    0         1   -6    0        0.99999982   0.00000000
         1   -3    5         1   -6    0       -0.00000001   0.00000000
         1   -3    5         1   -3    5        0.99999990   0.00000000
         1    4   -4         1   -3    5       -0.00000000   0.00000000
         1    4   -4         1    4   -4        0.99999990  -0.00000000
         1    5   -3         1    4   -4        0.00000001  -0.00000000
         1    5   -3         1    5   -3        0.99999990  -0.00000000
         1    5    7         1    5   -3        0.00000001  -0.00000000
         1    5    7         1    5    7        0.99999990  -0.00000000
         1    7    5         1    5    7       -0.00000005   0.00000000
         1    7    5         1    7    5        0.99999990   0.00000000
         2   -5   -4         1    7    5        0.00000002   0.00000000
         2   -5   -4         2   -5   -4        0.99999990   0.00000000
         2   -5    2         2   -5   -4        0.00000001  -0.00000000
         2   -5    2         2   -5    2        0.99999990  -0.00000000
         2   -4   -5         2   -5    2        0.00000000  -0.00000000
         2   -4   -5         2   -4   -5        0.99999990  -0.00000000
         2    0    7         2   -4   -5        0.00000001  -0.00000000
         2    0    7         2    0    7        0.99999990   0.00000000
         2    2   -5         2    0    7       -0.00000002  -0.00000000
         2    2   -5         2    2   -5        0.99999990   0.00000000
         2    6    7         2    2   -5        0.00000001  -0.00000000
         2    6    7         2    6    7        0.99999990  -0.00000000
         2    7    0         2    6    7        0.00000000  -0.00000000
         2    7    0         2    7    0        0.99999990  -0.00000000
         2    7    6         2    7    0        0.00000001  -0.00000000
         2    7    6         2    7    6        0.99999990  -0.00000000
         3   -5   -1         2    7    6       -0.00000000   0.00000000
         3   -5   -1         3   -5   -1        0.99999990  -0.00000000
         3   -1   -5         3   -5   -1        0.00000001   0.00000000
         3   -1   -5         3   -1   -5        0.99999990   0.00000000
         3    4    8         3   -1   -5       -0.00000000   0.00000000
         3    4    8         3    4    8        0.99999990   0.00000000
         3    8    4         3    4    8        0.00000001  -0.00000000
         3    8    4         3    8    4        0.99999990   0.00000000
         4   -4   -1         3    8    4       -0.00000000   0.00000000
         4   -4   -1         4   -4   -1        0.99999990   0.00000000
         4   -4    1         4   -4   -1       -0.00000001  -0.00000000
         4   -4    1         4   -4    1        0.99999990  -0.00000000
         4   -2    5         4   -4    1        0.00000000   0.00000000
         4   -2    5         4   -2    5        0.99999990  -0.00000000
         4   -1   -4         4   -2    5        0.00000002   0.00000000
         4   -1   -4         4   -1   -4        0.99999990  -0.00000000
         4   -1    6         4   -1   -4        0.00000001  -0.00000000
         4   -1    6         4   -1    6        0.99999990  -0.00000000
         4    1   -4         4   -1    6        0.00000001   0.00000000
         4    1   -4         4    1   -4        0.99999990  -0.00000000
         4    3    8         4    1   -4       -0.00000001   0.00000000
         4    3    8         4    3    8        0.99999990   0.00000000
         4    5   -2         4    3    8        0.00000001   0.00000000
         4    5   -2         4    5   -2        0.99999990   0.00000000
         4    5    8         4    5   -2        0.00000001  -0.00000000
         4    5    8         4    5    8        0.99999990  -0.00000000
         4    6   -1         4    5    8        0.00000002   0.00000000
         4    6   -1         4    6   -1        0.99999990  -0.00000000
         4    8    3         4    6   -1        0.00000000  -0.00000000
         4    8    3         4    8    3        0.99999990   0.00000000
         4    8    5         4    8    3       -0.00000001   0.00000000
         4    8    5         4    8    5        0.99999990   0.00000000
         5   -3    1         4    8    5       -0.00000001  -0.00000000
         5   -3    1         5   -3    1        0.99999990   0.00000000
         5   -2   -2         5   -3    1       -0.00000001   0.00000000
         5   -2   -2         5   -2   -2        0.99999990   0.00000000
         5   -2    4         5   -2   -2        0.00000001  -0.00000000
         5   -2    4         5   -2    4        0.99999990  -0.00000000
         0    7    1         5   -2    4       -0.00000001  -0.00000000
         0    7    1         0    7    1        0.99999993  -0.00000000
         1   -6    1         0    7    1        0.00000004  -0.00000000
         1   -6    1         1   -6    1        0.99999993  -0.00000000
         1    0    7         1   -6    1       -0.00000001   0.00000000
         1    0    7         1    0    7        0.99999993  -0.00000000
         1    1   -6         1    0    7        0.00000004   0.00000000
         1    1   -6         1    1   -6        0.99999993   0.00000000
         1    7    0         1    1   -6       -0.00000001  -0.00000000
         1    7    0         1    7    0        0.99999993  -0.00000000
         2   -3    5         1    7    0        0.00000001  -0.00000000
         2   -3    5         2   -3    5        0.99999993   0.00000000
         2    5   -3         2   -3    5       -0.00000002  -0.00000000
         2    5   -3         2    5   -3        0.99999993  -0.00000000
         3   -5   -2         2    5   -3        0.00000001  -0.00000000
         3   -5   -2         3   -5   -2        0.99999993   0.00000000
         3   -2   -5         3   -5   -2       -0.00000001  -0.00000000
         3   -2   -5         3   -2   -5        0.99999993  -0.00000000
         3    5    8         3   -2   -5        0.00000001   0.00000000
         3    5    8         3    5    8        0.99999993   0.00000000
         3    8    5         3    5    8       -0.00000001  -0.00000000
         3    8    5         3    8    5        0.99999993  -0.00000000
         5   -3    2         3    8    5       -0.00000001  -0.00000000
         5   -3    2         5   -3    2        0.99999993  -0.00000000
         5    2   -3         5   -3    2        0.00000001  -0.00000000
         5    2   -3         5    2   -3        0.99999993  -0.00000000
         5    3    8         5    2   -3       -0.00000001   0.00000000
         5    3    8         5    3    8        0.99999993  -0.00000000
         5    8    3         5    3    8        0.00000001  -0.00000000
         5    8    3         5    8    3        0.99999993   0.00000000
         6   -1   -1         5    8    3       -0.00000001  -0.00000000
         6   -1   -1         6   -1   -1        0.99999993   0.00000000
         6    7    7         6   -1   -1        0.00000001   0.00000000
         6    7    7         6    7    7        0.99999993  -0.00000000
         7    0    1         6    7    7       -0.00000001  -0.00000000
         7    0    1         7    0    1        0.99999993   0.00000000
         7    1    0         7    0    1       -0.00000006   0.00000000
         7    1    0         7    1    0        0.99999993  -0.00000000
         7    6    7         7    1    0       -0.00000001  -0.00000000
         7    6    7         7    6    7        0.99999993  -0.00000000
         7    7    6         7    6    7       -0.00000006   0.00000000
         7    7    6         7    7    6        0.99999993  -0.00000000
         8    3    5         7    7    6        0.00000002   0.00000000
         8    3    5         8    3    5        0.99999993  -0.00000000
         8    5    3         8    3    5       -0.00000004   0.00000000
         8    5    3         8    5    3        0.99999993   0.00000000
        -8   -6   -5         8    5    3        0.00000002   0.00000000
        -8   -6   -5        -8   -6   -5        0.99999994   0.00000000
        -8   -5   -6        -8   -6   -5       -0.00000005  -0.00000000
        -8   -5   -6        -8   -5   -6        0.99999994   0.00000000
        -8   -3   -2        -8   -5   -6        0.00000001  -0.00000000
        -8   -3   -2        -8   -3   -2        0.99999994   0.00000000
        -8   -2   -3        -8   -3   -2       -0.00000005  -0.00000000
        -8   -2   -3        -8   -2   -3        0.99999994   0.00000000
        -7   -7   -3        -8   -2   -3        0.00000000   0.00000000
        -7   -7   -3        -7   -7   -3        0.99999994   0.00000000
        -7   -4    0        -7   -7   -3        0.00000000   0.00000000
        -7   -4    0        -7   -4    0        0.99999994   0.00000000
        -7   -3   -7        -7   -4    0        0.00000000   0.00000000
        -7   -3   -7        -7   -3   -7        0.99999994  -0.00000000
        -7    0   -4        -7   -3   -7        0.00000000  -0.00000000
        -7    0   -4        -7    0   -4        0.99999994  -0.00000000
        -6   -8   -5        -7    0   -4        0.00000001   0.00000000
        -6   -8   -5        -6   -8   -5        0.99999994   0.00000000
         4   -4    2        -6   -8   -5       -0.00000001   0.00000000
         4   -4    2         4   -4    2        0.99999995  -0.00000000
         4   -2   -4         4   -4    2       -0.00000001  -0.00000000
         4   -2   -4         4   -2   -4        0.99999995  -0.00000000
         4    2   -4         4   -2   -4        0.00000002   0.00000000
         4    2   -4         4    2   -4        0.99999995  -0.00000000
         4    2    8         4    2   -4       -0.00000000   0.00000000
         4    2    8         4    2    8        0.99999995   0.00000000
         4    6    8         4    2    8        0.00000002  -0.00000000
         4    6    8         4    6    8        0.99999995   0.00000000
         4    8    2         4    6    8       -0.00000001   0.00000000
         4    8    2         4    8    2        0.99999995   0.00000000
         4    8    6         4    8    2        0.00000002  -0.00000000
         4    8    6         4    8    6        0.99999995   0.00000000
         6   -2    2         4    8    6       -0.00000001  -0.00000000
         6   -2    2         6   -2    2        0.99999995  -0.00000000
         6    2   -2         6   -2    2        0.00000000  -0.00000000
         6    2   -2         6    2   -2        0.99999995  -0.00000000
         6    4    8         6    2   -2       -0.00000001  -0.00000000
         6    4    8         6    4    8        0.99999995  -0.00000000
         6    8    4         6    4    8        0.00000000  -0.00000000
         6    8    4         6    8    4        0.99999995  -0.00000000
         8    2    4         6    8    4       -0.00000001  -0.00000000
         8    2    4         8    2    4        0.99999995  -0.00000000
         8    4    2         8    2    4       -0.00000003   0.00000000
         8    4    2         8    4    2        0.99999995  -0.00000000
         8    4    6         8    4    2        0.00000002   0.00000000
         8    4    6         8    4    6        0.99999995  -0.00000000
         8    6    4         8    4    6       -0.00000003   0.00000000
         8    6    4         8    6    4        0.99999995   0.00000000
        -8   -6   -6         8    6    4       -0.00000000  -0.00000000
        -8   -6   -6        -8   -6   -6        0.99999996  -0.00000000
        -8   -2   -2        -8   -6   -6       -0.00000001  -0.00000000
        -8   -2   -2        -8   -2   -2        0.99999996  -0.00000000
        -6   -8   -6        -8   -2   -2        0.00000001   0.00000000
        -6   -8   -6        -6   -8   -6        0.99999996  -0.00000000
        -6   -6   -8        -6   -8   -6       -0.00000002  -0.00000000
        -6   -6   -8        -6   -6   -8        0.99999996  -0.00000000
        -6   -6    0        -6   -6   -8        0.00000001  -0.00000000
        -6   -6    0        -6   -6    0        0.99999996  -0.00000000
        -6    0   -6        -6   -6    0        0.00000001  -0.00000000
        -6    0   -6        -6    0   -6        0.99999996  -0.00000000
        -6    0    2        -6    0   -6        0.00000001   0.00000000
        -6    0    2        -6    0    2        0.99999996   0.00000000
        -6    2    0        -6    0    2       -0.00000002   0.00000000
        -6    2    0        -6    2    0        0.99999996   0.00000000
        -2   -8   -2        -6    2    0        0.00000001  -0.00000000
        -2   -8   -2        -2   -8   -2        0.99999996   0.00000000
        -2   -2   -8        -2   -8   -2        0.00000001  -0.00000000
        -2   -2   -8        -2   -2   -8        0.99999996   0.00000000
        -2    0    6        -2   -2   -8       -0.00000002  -0.00000000
        -2    0    6        -2    0    6        0.99999996   0.00000000
        -2    6    0        -2    0    6        0.00000001  -0.00000000
        -2    6    0        -2    6    0        0.99999996   0.00000000
         0   -6   -6        -2    6    0       -0.00000000  -0.00000000
         0   -6   -6         0   -6   -6        0.99999996   0.00000000
         0   -6    2         0   -6   -6        0.00000001  -0.00000000
         0   -6    2         0   -6    2        0.99999996  -0.00000000
         0   -2    6         0   -6    2       -0.00000001  -0.00000000
         0   -2    6         0   -2    6        0.99999996   0.00000000
         0    2   -6         0   -2    6       -0.00000003  -0.00000000
         0    2   -6         0    2   -6        0.99999996   0.00000000
         0    6   -2         0    2   -6       -0.00000001   0.00000000
         0    6   -2         0    6   -2        0.99999996   0.00000000
        -8   -1   -3         0    6   -2        0.00000001  -0.00000000
        -8   -1   -3        -8   -1   -3        0.99999998   0.00000000
        -7   -8   -5        -8   -1   -3        0.00000000   0.00000000
        -7   -8   -5        -7   -8   -5        0.99999998   0.00000000
        -7   -7   -2        -7   -8   -5        0.00000002  -0.00000000
        -7   -7   -2        -7   -7   -2        0.99999998  -0.00000000
        -7   -5   -8        -7   -7   -2       -0.00000000  -0.00000000
        -7   -5   -8        -7   -5   -8        0.99999998   0.00000000
        -7   -5    0        -7   -5   -8        0.00000000  -0.00000000
        -7   -5    0        -7   -5    0        0.99999998  -0.00000000
        -7   -2   -7        -7   -5    0       -0.00000001  -0.00000000
        -7   -2   -7        -7   -2   -7        0.99999998   0.00000000
        -7   -2    1        -7   -2   -7        0.00000000   0.00000000
        -7   -2    1        -7   -2    1        0.99999998   0.00000000
        -7    0   -5        -7   -2    1       -0.00000000  -0.00000000
        -7    0   -5        -7    0   -5        0.99999998  -0.00000000
        -7    1   -2        -7    0   -5        0.00000002   0.00000000
        -7    1   -2        -7    1   -2        0.99999998   0.00000000
        -5   -8   -7        -7    1   -2       -0.00000000   0.00000000
        -5   -8   -7        -5   -8   -7        0.99999998  -0.00000000
        -5   -7   -8        -5   -8   -7       -0.00000002  -0.00000000
        -5   -7   -8        -5   -7   -8        0.99999998  -0.00000000
        -5   -7    0        -5   -7   -8        0.00000000  -0.00000000
        -5   -7    0        -5   -7    0        0.99999998   0.00000000
        -5   -5    2        -5   -7    0        0.00000002  -0.00000000
        -5   -5    2        -5   -5    2        0.99999998  -0.00000000
        -5    0   -7        -5   -5    2       -0.00000000   0.00000000
        -5    0   -7        -5    0   -7        0.99999998   0.00000000
        -5    2   -5        -5    0   -7        0.00000002   0.00000000
        -5    2   -5        -5    2   -5        0.99999998   0.00000000
        -5    2    3        -5    2   -5        0.00000000   0.00000000
        -5    2    3        -5    2    3        0.99999998  -0.00000000
        -5    3    2        -5    2    3       -0.00000002   0.00000000
        -5    3    2        -5    3    2        0.99999998  -0.00000000
        -3   -8   -1        -5    3    2       -0.00000000   0.00000000
        -3   -8   -1        -3   -8   -1        0.99999998   0.00000000
        -3   -2    5        -3   -8   -1       -0.00000000   0.00000000
        -3   -2    5        -3   -2    5        0.99999998  -0.00000000
        -3   -1   -8        -3   -2    5        0.00000000  -0.00000000
        -3   -1   -8        -3   -1   -8        0.99999998  -0.00000000
        -3    5   -2        -3   -1   -8       -0.00000000  -0.00000000
        -3    5   -2        -3    5   -2        0.99999998   0.00000000
        -2   -7   -7        -3    5   -2        0.00000000  -0.00000000
        -2   -7   -7        -2   -7   -7        0.99999998  -0.00000000
        -2   -7    1        -2   -7   -7        0.00000000  -0.00000000
        -2   -7    1        -2   -7    1        0.99999998   0.00000000
        -2   -3    5        -2   -7    1       -0.00000001   0.00000000
        -2   -3    5        -2   -3    5        0.99999998  -0.00000000
        -2    1   -7        -2   -3    5       -0.00000001   0.00000000
        -2    1   -7        -2    1   -7        0.99999998   0.00000000
        -2    5   -3        -2    1   -7       -0.00000001  -0.00000000
        -2    5   -3        -2    5   -3        0.99999998   0.00000000
        -2    5    5        -2    5   -3        0.00000000   0.00000000
        -2    5    5        -2    5    5        0.99999998   0.00000000
        -1   -8   -3        -2    5    5        0.00000000  -0.00000000
        -1   -8   -3        -1   -8   -3        0.99999998  -0.00000000
        -1   -3   -8        -1   -8   -3        0.00000000   0.00000000
        -1   -3   -8        -1   -3   -8        0.99999998  -0.00000000
        -1    2    7        -1   -3   -8        0.00000002  -0.00000000
        -1    2    7        -1    2    7        0.99999998  -0.00000000
        -1    7    2        -1    2    7        0.00000000  -0.00000000
        -1    7    2        -1    7    2        0.99999998  -0.00000000
         0   -7   -5        -1    7    2        0.00000001   0.00000000
         0   -7   -5         0   -7   -5        0.99999998  -0.00000000
         1    8    4         0   -7   -5       -0.00000001   0.00000000
         1    8    4         1    8    4        0.99999998   0.00000000
         2   -6    1         1    8    4       -0.00000001   0.00000000
         2   -6    1         2   -6    1        0.99999998  -0.00000000
         2    1   -6         2   -6    1        0.00000000   0.00000000
         2    1   -6         2    1   -6        0.99999998   0.00000000
         2    1    8         2    1   -6       -0.00000000  -0.00000000
         2    1    8         2    1    8        0.99999998  -0.00000000
         2    8    1         2    1    8        0.00000000   0.00000000
         2    8    1         2    8    1        0.99999998  -0.00000000
         3   -4    4         2    8    1       -0.00000000   0.00000000
         3   -4    4         3   -4    4        0.99999998   0.00000000
         3   -1    7         3   -4    4       -0.00000000   0.00000000
         3   -1    7         3   -1    7        0.99999998   0.00000000
         3    4   -4         3   -1    7        0.00000000   0.00000000
         3    4   -4         3    4   -4        0.99999998   0.00000000
         3    7   -1         3    4   -4       -0.00000000   0.00000000
         3    7   -1         3    7   -1        0.99999998   0.00000000
         4   -4   -3         3    7   -1       -0.00000000  -0.00000000
         4   -4   -3         4   -4   -3        0.99999998  -0.00000000
         4   -4    3         4   -4   -3        0.00000000  -0.00000000
         4   -4    3         4   -4    3        0.99999998   0.00000000
         4   -3   -4         4   -4    3        0.00000000   0.00000000
         4   -3   -4         4   -3   -4        0.99999998  -0.00000000
         4    1    8         4   -3   -4        0.00000000   0.00000000
         4    1    8         4    1    8        0.99999998   0.00000000
         4    3   -4         4    1    8        0.00000000  -0.00000000
         4    3   -4         4    3   -4        0.99999998  -0.00000000
         4    7    8         4    3   -4        0.00000000  -0.00000000
         4    7    8         4    7    8        0.99999998  -0.00000000
         4    8    1         4    7    8        0.00000000   0.00000000
         4    8    1         4    8    1        0.99999998   0.00000000
         4    8    7         4    8    1        0.00000000  -0.00000000
         4    8    7         4    8    7        0.99999998  -0.00000000
         6   -2   -1         4    8    7        0.00000000   0.00000000
         6   -2   -1         6   -2   -1        0.99999998  -0.00000000
         6   -1   -2         6   -2   -1       -0.00000002  -0.00000000
         6   -1   -2         6   -1   -2        0.99999998  -0.00000000
         6    7    8         6   -1   -2        0.00000000  -0.00000000
         6    7    8         6    7    8        0.99999998   0.00000000
         6    8    7         6    7    8       -0.00000002   0.00000000
         6    8    7         6    8    7        0.99999998   0.00000000
         7   -1    1         6    8    7       -0.00000000  -0.00000000
         7   -1    1         7   -1    1        0.99999998   0.00000000
         7   -1    3         7   -1    1       -0.00000000  -0.00000000
         7   -1    3         7   -1    3        0.99999998   0.00000000
         7    1   -1         7   -1    3       -0.00000000  -0.00000000
         7    1   -1         7    1   -1        0.99999998  -0.00000000
         7    3   -1         7    1   -1       -0.00000000  -0.00000000
         7    3   -1         7    3   -1        0.99999998  -0.00000000
         7    4    8         7    3   -1        0.00000000  -0.00000000
         7    4    8         7    4    8        0.99999998  -0.00000000
         7    6    8         7    4    8       -0.00000000  -0.00000000
         7    6    8         7    6    8        0.99999998   0.00000000
         7    8    4         7    6    8       -0.00000000  -0.00000000
         7    8    4         7    8    4        0.99999998   0.00000000
         7    8    6         7    8    4       -0.00000000  -0.00000000
         7    8    6         7    8    6        0.99999998  -0.00000000
         8    1    2         7    8    6        0.00000000  -0.00000000
         8    1    2         8    1    2        0.99999998   0.00000000
         8    1    4         8    1    2       -0.00000000  -0.00000000
         8    1    4         8    1    4        0.99999998  -0.00000000
         8    2    1         8    1    4       -0.00000000   0.00000000
         8    2    1         8    2    1        0.99999998  -0.00000000


     q= 0.0000 0.0000 0.5000  nmtx=    2120  nrk=  4


             g                   gp         inverse epsilon RDyn/ADyn nspin= 1
         0    0   -1         0    0   -1        0.35158484  -0.00000000
         0    0    0         0    0   -1        0.08705585   0.00000000
         0    0    0         0    0    0        0.35158484   0.00000000
        -1   -1   -1         0    0    0        0.02262537  -0.00000000
        -1   -1   -1        -1   -1   -1        0.53846133   0.00000000
        -1    0   -1        -1   -1   -1       -0.05555478  -0.00000000
        -1    0   -1        -1    0   -1        0.53846133  -0.00000000
         0   -1   -1        -1    0   -1        0.02680829  -0.00000000
         0   -1   -1         0   -1   -1        0.53846133   0.00000000
         0    1    0         0   -1   -1        0.00019545   0.00000000
         0    1    0         0    1    0        0.53846133   0.00000000
         1    0    0         0    1    0        0.02680829   0.00000000
         1    0    0         1    0    0        0.53846133   0.00000000
         1    1    0         1    0    0       -0.05555478   0.00000000
         1    1    0         1    1    0        0.53846133   0.00000000
        -1   -1   -2         1    1    0        0.03930392   0.00000000
        -1   -1   -2        -1   -1   -2        0.69941179  -0.00000000
        -1    0    0        -1   -1   -2       -0.00193783  -0.00000000
        -1    0    0        -1    0    0        0.69941179   0.00000000
         0   -1    0        -1    0    0        0.01009743  -0.00000000
         0   -1    0         0   -1    0        0.69941179  -0.00000000
         0    1   -1         0   -1    0        0.05246914   0.00000000
         0    1   -1         0    1   -1        0.69941179  -0.00000000
         1    0   -1         0    1   -1        0.01009743   0.00000000
         1    0   -1         1    0   -1        0.69941179   0.00000000
         1    1    1         1    0   -1       -0.00193783   0.00000000
         1    1    1         1    1    1        0.69941179  -0.00000000
        -1   -1    0         1    1    1       -0.00335091   0.00000000
        -1   -1    0        -1   -1    0        0.77180556   0.00000000
        -1    0   -2        -1   -1    0        0.00587874   0.00000000
        -1    0   -2        -1    0   -2        0.77180556   0.00000000
         0   -1   -2        -1    0   -2        0.01813681   0.00000000
         0   -1   -2         0   -1   -2        0.77180556   0.00000000
         0    0   -2         0   -1   -2       -0.04712165   0.00000000
         0    0   -2         0    0   -2        0.78678450   0.00000000
         0    0    1         0    0   -2       -0.04345428   0.00000000
         0    0    1         0    0    1        0.78678450  -0.00000000
         0    1    1         0    0    1       -0.04712165  -0.00000000
         0    1    1         0    1    1        0.77180556  -0.00000000
         1    0    1         0    1    1        0.01813681  -0.00000000
         1    0    1         1    0    1        0.77180556   0.00000000
         1    1   -1         1    0    1        0.00587874  -0.00000000
         1    1   -1         1    1   -1        0.77180556  -0.00000000
        -2   -1   -2         1    1   -1        0.00454172  -0.00000000
        -2   -1   -2        -2   -1   -2        0.83682172  -0.00000000
        -2   -1   -1        -2   -1   -2       -0.04696381   0.00000000
        -2   -1   -1        -2   -1   -1        0.83682172  -0.00000000
        -1   -2   -2        -2   -1   -1        0.01235092  -0.00000000
        -1   -2   -2        -1   -2   -2        0.83682172   0.00000000
        -1   -2   -1        -1   -2   -2       -0.04696381  -0.00000000
        -1   -2   -1        -1   -2   -1        0.83682172  -0.00000000
        -1    1   -1        -1   -2   -1       -0.00222677   0.00000000
        -1    1   -1        -1    1   -1        0.83682172   0.00000000
        -1    1    0        -1    1   -1       -0.04696381   0.00000000
        -1    1    0        -1    1    0        0.83682172   0.00000000
         1   -1   -1        -1    1    0        0.02887473  -0.00000000
         1   -1   -1         1   -1   -1        0.83682172  -0.00000000
         1   -1    0         1   -1   -1       -0.04696381  -0.00000000
         1   -1    0         1   -1    0        0.83682172  -0.00000000
         1    2    0         1   -1    0       -0.00222677  -0.00000000
         1    2    0         1    2    0        0.83682172  -0.00000000
         1    2    1         1    2    0       -0.04696381   0.00000000
         1    2    1         1    2    1        0.83682172  -0.00000000
         0   -2    1         1    2    1        0.00046397   0.00000000
         0   -2    1         0   -2    1        0.98920511   0.00000000
         0    2   -2         0   -2    1       -0.00007914   0.00000000
         0    2   -2         0    2   -2        0.98920511   0.00000000
         0    3    0         0    2   -2       -0.00071303  -0.00000000
         0    3    0         0    3    0        0.98966765   0.00000000
         0    3    1         0    3    0       -0.00363523   0.00000000
         0    3    1         0    3    1        0.98953587   0.00000000
         2    0   -2         0    3    1        0.00022633   0.00000000
         2    0   -2         2    0   -2        0.98920511  -0.00000000
         2    2    3         2    0   -2       -0.00017253  -0.00000000
         2    2    3         2    2    3        0.98920511  -0.00000000
         3    0    0         2    2    3       -0.00053512  -0.00000000
         3    0    0         3    0    0        0.98966765  -0.00000000
         3    0    1         3    0    0       -0.00363523  -0.00000000
         3    0    1         3    0    1        0.98953587   0.00000000
         3    3    1         3    0    1       -0.00089498   0.00000000
         3    3    1         3    3    1        0.98953587   0.00000000
         3    3    2         3    3    1       -0.00363523   0.00000000
         3    3    2         3    3    2        0.98966765   0.00000000
        -2   -1   -4         3    3    2       -0.00026205  -0.00000000
        -2   -1   -4        -2   -1   -4        0.99252777  -0.00000000
        -2   -1    1        -2   -1   -4        0.00019605  -0.00000000
        -2   -1    1        -2   -1    1        0.99252777   0.00000000
        -1   -2   -4        -2   -1    1        0.00022510   0.00000000
        -1   -2   -4        -1   -2   -4        0.99252777   0.00000000
        -1   -2    1        -1   -2   -4        0.00019605   0.00000000
        -1   -2    1        -1   -2    1        0.99252777   0.00000000
        -1   -1   -4        -1   -2    1        0.00041944  -0.00000000
        -1   -1   -4        -1   -1   -4        0.99256948   0.00000000
        -1    0    2        -1   -1   -4       -0.00040234  -0.00000000
        -1    0    2        -1    0    2        0.99256948   0.00000000
        -1    1   -3        -1    0    2        0.00041944   0.00000000
        -1    1   -3        -1    1   -3        0.99252777  -0.00000000
        -1    1    2        -1    1   -3        0.00019605  -0.00000000
        -1    1    2        -1    1    2        0.99252777   0.00000000
         0   -1    2        -1    1    2        0.00030176  -0.00000000
         0   -1    2         0   -1    2        0.99256948   0.00000000
         0    1   -3         0   -1    2        0.00026033   0.00000000
         0    1   -3         0    1   -3        0.99256948  -0.00000000
         1   -1   -3         0    1   -3        0.00030176   0.00000000
         1   -1   -3         1   -1   -3        0.99252777   0.00000000
         1   -1    2         1   -1   -3        0.00019605   0.00000000
         1   -1    2         1   -1    2        0.99252777  -0.00000000
         1    0   -3         1   -1    2        0.00041944  -0.00000000
         1    0   -3         1    0   -3        0.99256948   0.00000000
         1    1    3         1    0   -3       -0.00040234  -0.00000000
         1    1    3         1    1    3        0.99256948   0.00000000
         1    2   -2         1    1    3        0.00041944   0.00000000
         1    2   -2         1    2   -2        0.99252777   0.00000000
         1    2    3         1    2   -2        0.00019605  -0.00000000
         1    2    3         1    2    3        0.99252777   0.00000000
         2    1   -2         1    2    3        0.00022510   0.00000000
         2    1   -2         2    1   -2        0.99252777   0.00000000
         2    1    3         2    1   -2        0.00019605  -0.00000000
         2    1    3         2    1    3        0.99252777  -0.00000000
        -3   -2   -4         2    1    3       -0.00011053   0.00000000
        -3   -2   -4        -3   -2   -4        0.99477496  -0.00000000
        -3   -1    0        -3   -2   -4       -0.00019367  -0.00000000
        -3   -1    0        -3   -1    0        0.99477496   0.00000000
        -2   -3   -4        -3   -1    0       -0.00008005  -0.00000000
        -2   -3   -4        -2   -3   -4        0.99477496  -0.00000000
        -2    1    1        -2   -3   -4       -0.00022791   0.00000000
        -2    1    1        -2    1    1        0.99477496  -0.00000000
         2   -2   -2        -2    1    1       -0.00003132  -0.00000000
         2   -2   -2         2   -2   -2        0.99921551   0.00000000
         2   -2    1         2   -2   -2       -0.00011449  -0.00000000
         2   -2    1         2   -2    1        0.99921551  -0.00000000
         2    4    0         2   -2    1        0.00001737   0.00000000
         2    4    0         2    4    0        0.99921551   0.00000000
         2    4    3         2    4    0       -0.00011449  -0.00000000
         2    4    3         2    4    3        0.99921551   0.00000000
         3   -1   -1         2    4    3       -0.00008514  -0.00000000
         3   -1   -1         3   -1   -1        0.99926380   0.00000000
         3    4    3         3   -1   -1       -0.00001634   0.00000000
         3    4    3         3    4    3        0.99926380  -0.00000000
         4    1    0         3    4    3       -0.00010362  -0.00000000
         4    1    0         4    1    0        0.99926380  -0.00000000
         4    2    0         4    1    0       -0.00035625  -0.00000000
         4    2    0         4    2    0        0.99921551   0.00000000
         4    2    3         4    2    0       -0.00011449  -0.00000000
         4    2    3         4    2    3        0.99921551   0.00000000
         4    3    3         4    2    3       -0.00035625   0.00000000
         4    3    3         4    3    3        0.99926380   0.00000000
        -2   -2   -5         4    3    3       -0.00000764  -0.00000000
        -2   -2   -5        -2   -2   -5        0.99950882  -0.00000000
        -2    0    2        -2   -2   -5       -0.00002147  -0.00000000
        -2    0    2        -2    0    2        0.99950882  -0.00000000
         0   -2    2        -2    0    2        0.00008025   0.00000000
         0   -2    2         0   -2    2        0.99950882  -0.00000000
         0    2   -3         0   -2    2        0.00009188   0.00000000
         0    2   -3         0    2   -3        0.99950882   0.00000000
         2    0   -3         0    2   -3        0.00008025  -0.00000000
         2    0   -3         2    0   -3        0.99950882   0.00000000
         2    2    4         2    0   -3       -0.00002147  -0.00000000
         2    2    4         2    2    4        0.99950882   0.00000000
        -4   -4   -3         2    2    4        0.00001604   0.00000000
        -4   -4   -3        -4   -4   -3        0.99964209   0.00000000
        -4    0   -2        -4   -4   -3       -0.00003504   0.00000000
        -4    0   -2        -4    0   -2        0.99964209   0.00000000
        -3   -3   -5        -4    0   -2       -0.00006234  -0.00000000
        -3   -3   -5        -3   -3   -5        0.99965032   0.00000000
        -3   -3    0        -3   -3   -5       -0.00001228  -0.00000000
        -3   -3    0        -3   -3    0        0.99960129  -0.00000000
        -3   -2   -5        -3   -3    0        0.00001348  -0.00000000
        -3   -2   -5        -3   -2   -5        0.99964395   0.00000000
        -3   -1    1        -3   -2   -5       -0.00002917   0.00000000
        -3   -1    1        -3   -1    1        0.99964395  -0.00000000
        -3    0   -4        -3   -1    1        0.00001348   0.00000000
        -3    0   -4        -3    0   -4        0.99960129  -0.00000000
        -3    0    1        -3    0   -4       -0.00001228  -0.00000000
        -3    0    1        -3    0    1        0.99965032  -0.00000000
        -2   -3   -5        -3    0    1       -0.00005031   0.00000000
        -2   -3   -5        -2   -3   -5        0.99964395  -0.00000000
        -2    1    2        -2   -3   -5        0.00001715   0.00000000
        -2    1    2        -2    1    2        0.99964395  -0.00000000
        -1   -3    1        -2    1    2       -0.00005433  -0.00000000
        -1   -3    1        -1   -3    1        0.99964395  -0.00000000
        -1    2   -3        -1   -3    1        0.00004180   0.00000000
        -1    2   -3        -1    2   -3        0.99964395   0.00000000
         0   -4   -2        -1    2   -3        0.00002947   0.00000000
         0   -4   -2         0   -4   -2        0.99964209  -0.00000000
         0   -3   -4         0   -4   -2       -0.00003150  -0.00000000
         0   -3   -4         0   -3   -4        0.99960129  -0.00000000
         0   -3    1         0   -3   -4       -0.00001228   0.00000000
         0   -3    1         0   -3    1        0.99965032  -0.00000000
         0    3   -2         0   -3    1       -0.00008824   0.00000000
         0    3   -2         0    3   -2        0.99965032   0.00000000
         2    4    4         0    3   -2        0.00000909   0.00000000
         2    4    4         2    4    4        0.99988892  -0.00000000
         2    5    2         2    4    4       -0.00001589  -0.00000000
         2    5    2         2    5    2        0.99988582   0.00000000
         3   -2    0         2    5    2       -0.00001535   0.00000000
         3   -2    0         3   -2    0        0.99988582  -0.00000000
         3    5    2         3   -2    0       -0.00000734   0.00000000
         3    5    2         3    5    2        0.99988582  -0.00000000
         4    2   -1         3    5    2       -0.00002142   0.00000000
         4    2   -1         4    2   -1        0.99988892  -0.00000000
         4    2    4         4    2   -1       -0.00000736   0.00000000
         4    2    4         4    2    4        0.99988892  -0.00000000
         5    2    2         4    2    4       -0.00001589   0.00000000
         5    2    2         5    2    2        0.99988582  -0.00000000
         5    3    2         5    2    2       -0.00005725  -0.00000000
         5    3    2         5    3    2        0.99988582  -0.00000000
        -5   -3   -4         5    3    2       -0.00000289   0.00000000
        -5   -3   -4        -5   -3   -4        0.99991496   0.00000000
        -5   -2   -2        -5   -3   -4        0.00002934   0.00000000
        -5   -2   -2        -5   -2   -2        0.99991496   0.00000000
        -4   -4   -5        -5   -2   -2       -0.00001442  -0.00000000
        -4   -4   -5        -4   -4   -5        0.99991550   0.00000000
        -4    0    0        -4   -4   -5        0.00000893   0.00000000
        -4    0    0        -4    0    0        0.99991550  -0.00000000
        -3   -5   -4        -4    0    0       -0.00000153   0.00000000
        -3   -5   -4        -3   -5   -4        0.99991496  -0.00000000
        -3    2    0        -3   -5   -4        0.00001097  -0.00000000
        -3    2    0        -3    2    0        0.99991496   0.00000000
        -2   -5   -2        -3    2    0       -0.00001345  -0.00000000
        -2   -5   -2        -2   -5   -2        0.99991496   0.00000000
        -2    3   -1        -2   -5   -2       -0.00000303  -0.00000000
        -2    3   -1        -2    3   -1        0.99991496  -0.00000000
         0   -4    0        -2    3   -1       -0.00001978  -0.00000000
         0   -4    0         0   -4    0        0.99991550  -0.00000000
         0    4   -1         0   -4    0        0.00002903   0.00000000
         0    4   -1         0    4   -1        0.99991550  -0.00000000
         2   -3    0         0    4   -1       -0.00001978   0.00000000
         2   -3    0         2   -3    0        0.99991496  -0.00000000
         2    5    1         2   -3    0       -0.00000303  -0.00000000
         2    5    1         2    5    1        0.99991496   0.00000000
         3   -2   -1         2    5    1       -0.00001345   0.00000000
         3   -2   -1         3   -2   -1        0.99991496  -0.00000000
         3    5    3         3   -2   -1        0.00001097   0.00000000
         3    5    3         3    5    3        0.99991496   0.00000000
         4    0   -1         3    5    3       -0.00000153  -0.00000000
         4    0   -1         4    0   -1        0.99991550   0.00000000
         4    4    4         4    0   -1        0.00000893  -0.00000000
         4    4    4         4    4    4        0.99991550   0.00000000
         5    2    1         4    4    4       -0.00001442   0.00000000
         5    2    1         5    2    1        0.99991496   0.00000000
         5    3    3         5    2    1        0.00002934  -0.00000000
         5    3    3         5    3    3        0.99991496  -0.00000000
        -5   -3   -2         5    3    3       -0.00001486  -0.00000000
        -5   -3   -2        -5   -3   -2        0.99993468  -0.00000000
        -5   -2   -4        -5   -3   -2       -0.00000856   0.00000000
        -5   -2   -4        -5   -2   -4        0.99993468  -0.00000000
        -3   -5   -2        -5   -2   -4        0.00001287   0.00000000
        -3   -5   -2        -3   -5   -2        0.99993468   0.00000000
        -3    2   -2        -3   -5   -2       -0.00001059  -0.00000000
        -3    2   -2        -3    2   -2        0.99993468  -0.00000000
        -2   -5   -4        -3    2   -2       -0.00001130  -0.00000000
        -2   -5   -4        -2   -5   -4        0.99993468   0.00000000
        -2   -2    2        -2   -5   -4        0.00000177   0.00000000
        -2   -2    2        -2   -2    2        0.99993425  -0.00000000
        -2   -3   -6        -2   -2    2       -0.00000316   0.00000000
        -2   -3   -6        -2   -3   -6        0.99997469   0.00000000
        -2   -2   -6        -2   -3   -6       -0.00001479  -0.00000000
        -2   -2   -6        -2   -2   -6        0.99997450  -0.00000000
        -2    0    3        -2   -2   -6       -0.00000084   0.00000000
        -2    0    3        -2    0    3        0.99997450  -0.00000000
        -2    1    3        -2    0    3       -0.00001479  -0.00000000
        -2    1    3        -2    1    3        0.99997469  -0.00000000
        -1   -5   -4        -2    1    3        0.00000314  -0.00000000
        -1   -5   -4        -1   -5   -4        0.99997456  -0.00000000
        -1   -5   -1        -1   -5   -4       -0.00000087   0.00000000
        -1   -5   -1        -1   -5   -1        0.99997057   0.00000000
        -1   -3    2        -1   -5   -1        0.00000081  -0.00000000
        -1   -3    2        -1   -3    2        0.99997469  -0.00000000
        -1    2   -4        -1   -3    2        0.00000706   0.00000000
        -1    2   -4        -1    2   -4        0.99997469   0.00000000
        -1    4   -1        -1    2   -4        0.00000081   0.00000000
        -1    4   -1        -1    4   -1        0.99997057  -0.00000000
        -1    4    2        -1    4   -1       -0.00000087   0.00000000
        -1    4    2        -1    4    2        0.99997456  -0.00000000
         0   -2    3        -1    4    2        0.00000249  -0.00000000
         0   -2    3         0   -2    3        0.99997450   0.00000000
         0    2   -4         0   -2    3       -0.00001084   0.00000000
         0    2   -4         0    2   -4        0.99997450   0.00000000
         1   -4   -3         0    2   -4        0.00000249   0.00000000
         1   -4   -3         1   -4   -3        0.99997456  -0.00000000
         1   -4    0         1   -4   -3       -0.00000087  -0.00000000
         1   -4    0         1   -4    0        0.99997057   0.00000000
         1   -2    3         1   -4    0        0.00000081  -0.00000000
         1   -2    3         1   -2    3        0.99997469   0.00000000
         1    3   -3         1   -2    3        0.00000706   0.00000000
         1    3   -3         1    3   -3        0.99997469   0.00000000
         1    5    0         1    3   -3        0.00000081   0.00000000
         1    5    0         1    5    0        0.99997057  -0.00000000
         1    5    3         1    5    0       -0.00000087   0.00000000
         1    5    3         1    5    3        0.99997456   0.00000000
         2   -1   -4         1    5    3        0.00000314  -0.00000000
         2   -1   -4         2   -1   -4        0.99997469   0.00000000
         2    0   -4         2   -1   -4       -0.00001479  -0.00000000
         2    0   -4         2    0   -4        0.99997450  -0.00000000
         2    2    5         2    0   -4       -0.00000084  -0.00000000
         2    2    5         2    2    5        0.99997450  -0.00000000
         2    3    5         2    2    5       -0.00001479   0.00000000
         2    3    5         2    3    5        0.99997469   0.00000000
         3    1   -3         2    3    5       -0.00000242   0.00000000
         3    1   -3         3    1   -3        0.99997469  -0.00000000
         3    2    5         3    1   -3       -0.00000223  -0.00000000
         3    2    5         3    2    5        0.99997469   0.00000000
         4   -1   -1         3    2    5        0.00000034   0.00000000
         4   -1   -1         4   -1   -1        0.99997057   0.00000000
         4   -1    2         4   -1   -1       -0.00000087  -0.00000000
         4   -1    2         4   -1    2        0.99997456  -0.00000000
         4    5    1         4   -1    2       -0.00000022  -0.00000000
         4    5    1         4    5    1        0.99997456   0.00000000
         4    5    4         4    5    1       -0.00000087  -0.00000000
         4    5    4         4    5    4        0.99997057  -0.00000000
         5    1    0         4    5    4        0.00000398   0.00000000
         5    1    0         5    1    0        0.99997057  -0.00000000
         5    1    3         5    1    0       -0.00000087  -0.00000000
         5    1    3         5    1    3        0.99997456  -0.00000000
         5    4    1         5    1    3        0.00000282  -0.00000000
         5    4    1         5    4    1        0.99997456   0.00000000
         5    4    4         5    4    1       -0.00000087   0.00000000
         5    4    4         5    4    4        0.99997057   0.00000000
         0    1   -5         5    4    4       -0.00000181   0.00000000
         0    1   -5         0    1   -5        0.99998978  -0.00000000
         0    4    4         0    1   -5        0.00000193  -0.00000000
         0    4    4         0    4    4        0.99999092  -0.00000000
         1    0   -5         0    4    4        0.00000025   0.00000000
         1    0   -5         1    0   -5        0.99998978  -0.00000000
         1    1    5         1    0   -5       -0.00000529  -0.00000000
         1    1    5         1    1    5        0.99998978  -0.00000000
         3   -3   -1         1    1    5       -0.00000127   0.00000000
         3   -3   -1         3   -3   -1        0.99999011  -0.00000000
         3   -3    0         3   -3   -1       -0.00000629  -0.00000000
         3   -3    0         3   -3    0        0.99999011  -0.00000000
         3    6    2         3   -3    0        0.00000193   0.00000000
         3    6    2         3    6    2        0.99999011   0.00000000
         3    6    3         3    6    2       -0.00000629   0.00000000
         3    6    3         3    6    3        0.99999011  -0.00000000
         4    0    4         3    6    3       -0.00000004   0.00000000
         4    0    4         4    0    4        0.99999092  -0.00000000
         4    4   -1         4    0    4       -0.00000067   0.00000000
         4    4   -1         4    4   -1        0.99999092  -0.00000000
         6    3    2         4    4   -1       -0.00000046  -0.00000000
         6    3    2         6    3    2        0.99999011  -0.00000000
         6    3    3         6    3    2       -0.00000629   0.00000000
         6    3    3         6    3    3        0.99999011   0.00000000
        -6   -4   -4         6    3    3        0.00000051  -0.00000000
        -6   -4   -4        -6   -4   -4        0.99999179   0.00000000
        -6   -2   -3        -6   -4   -4        0.00000228  -0.00000000
        -6   -2   -3        -6   -2   -3        0.99999179   0.00000000
        -5   -4   -6        -6   -2   -3       -0.00000065   0.00000000
        -5   -4   -6        -5   -4   -6        0.99999167   0.00000000
        -5   -4   -1        -5   -4   -6       -0.00000057  -0.00000000
        -5   -4   -1        -5   -4   -1        0.99999236   0.00000000
        -5   -3   -6        -5   -4   -1       -0.00000176  -0.00000000
        -5   -3   -6        -5   -3   -6        0.99999192   0.00000000
        -5   -2    0        -5   -3   -6        0.00000156   0.00000000
        -5   -2    0        -5   -2    0        0.99999192   0.00000000
        -5   -1   -5        -5   -2    0       -0.00000176   0.00000000
        -5   -1   -5        -5   -1   -5        0.99999236   0.00000000
        -5   -1    0        -5   -1   -5       -0.00000057  -0.00000000
        -5   -1    0        -5   -1    0        0.99999167   0.00000000
        -4   -6   -4        -5   -1    0        0.00000175   0.00000000
        -4   -6   -4        -4   -6   -4        0.99999179  -0.00000000
        -4   -5   -6        -4   -6   -4       -0.00000286   0.00000000
        -4   -5   -6        -4   -5   -6        0.99999167   0.00000000
        -4   -5   -1        -4   -5   -6       -0.00000057   0.00000000
        -4   -5   -1        -4   -5   -1        0.99999236   0.00000000
        -4    1   -4        -4   -5   -1        0.00000111   0.00000000
        -4    1   -4        -4    1   -4        0.99999236  -0.00000000
        -4    1    1        -4    1   -4       -0.00000057   0.00000000
        -4    1    1        -4    1    1        0.99999167  -0.00000000
        -4    2   -1        -4    1    1       -0.00000286   0.00000000
        -4    2   -1        -4    2   -1        0.99999179   0.00000000
        -3   -5   -6        -4    2   -1        0.00000117  -0.00000000
        -3   -5   -6        -3   -5   -6        0.99999192  -0.00000000
        -3    2    2        -3   -5   -6       -0.00000078  -0.00000000
        -3    2    2        -3    2    2        0.99999192  -0.00000000
        -2   -6   -3        -3    2    2        0.00000177   0.00000000
        -2   -6   -3        -2   -6   -3        0.99999179  -0.00000000
        -2   -5    0        -2   -6   -3        0.00000198  -0.00000000
        -2   -5    0        -2   -5    0        0.99999192   0.00000000
        -2    3   -3        -2   -5    0       -0.00000066  -0.00000000
        -2    3   -3        -2    3   -3        0.99999192  -0.00000000
        -2    4    0        -2    3   -3        0.00000198  -0.00000000
        -2    4    0        -2    4    0        0.99999179   0.00000000
         2   -3   -4        -2    4    0        0.00000004   0.00000000
         2   -3   -4         2   -3   -4        0.99999546  -0.00000000
         2    0    5         2   -3   -4        0.00000102  -0.00000000
         2    0    5         2    0    5        0.99999534  -0.00000000
         2    2   -4         2    0    5        0.00000071  -0.00000000
         2    2   -4         2    2   -4        0.99999534   0.00000000
         2    5    5         2    2   -4        0.00000102   0.00000000
         2    5    5         2    5    5        0.99999546   0.00000000
         3   -2    3         2    5    5       -0.00000003   0.00000000
         3   -2    3         3   -2    3        0.99999546  -0.00000000
         3    5   -1         3   -2    3        0.00000076   0.00000000
         3    5   -1         3    5   -1        0.99999546  -0.00000000
         5    0   -1         3    5   -1       -0.00000074   0.00000000
         5    0   -1         5    0   -1        0.99999572  -0.00000000
         5    2    5         5    0   -1        0.00000098  -0.00000000
         5    2    5         5    2    5        0.99999546  -0.00000000
         5    3   -1         5    2    5       -0.00000034   0.00000000
         5    3   -1         5    3   -1        0.99999546   0.00000000
         5    5    5         5    3   -1        0.00000098  -0.00000000
         5    5    5         5    5    5        0.99999572   0.00000000
        -6   -5   -4         5    5    5       -0.00000088   0.00000000
        -6   -5   -4        -6   -5   -4        0.99999608  -0.00000000
        -6   -1   -3        -6   -5   -4        0.00000035  -0.00000000
        -6   -1   -3        -6   -1   -3        0.99999608   0.00000000
        -5   -6   -4        -6   -1   -3       -0.00000046  -0.00000000
        -5   -6   -4        -5   -6   -4        0.99999608   0.00000000
        -5    1   -2        -5   -6   -4        0.00000048  -0.00000000
        -5    1   -2        -5    1   -2        0.99999608  -0.00000000
        -1   -6   -3        -5    1   -2        0.00000078   0.00000000
        -1   -6   -3        -1   -6   -3        0.99999608  -0.00000000
        -1   -1    4        -1   -6   -3       -0.00000010  -0.00000000
        -1   -1    4        -1   -1    4        0.99999639  -0.00000000
        -1    0   -6        -1   -1    4       -0.00000010   0.00000000
        -1    0   -6        -1    0   -6        0.99999639  -0.00000000
        -1    5    1        -1    0   -6       -0.00000010   0.00000000
        -1    5    1        -1    5    1        0.99999608   0.00000000
         0   -1   -6        -1    5    1        0.00000077   0.00000000
         0   -1   -6         0   -1   -6        0.99999639  -0.00000000
         0    1    5         0   -1   -6       -0.00000008   0.00000000
         0    1    5         0    1    5        0.99999639  -0.00000000
         1   -5   -2         0    1    5        0.00000077  -0.00000000
         1   -5   -2         1   -5   -2        0.99999608   0.00000000
         1    0    5         1   -5   -2       -0.00000010   0.00000000
         1    0    5         1    0    5        0.99999639  -0.00000000
         1    1   -5         1    0    5       -0.00000010   0.00000000
         1    1   -5         1    1   -5        0.99999639  -0.00000000
         1    6    2         1    1   -5       -0.00000010   0.00000000
         1    6    2         1    6    2        0.99999608   0.00000000
         5   -1    1         1    6    2        0.00000078  -0.00000000
         5   -1    1         5   -1    1        0.99999608  -0.00000000
         5    6    3         5   -1    1        0.00000048   0.00000000
         5    6    3         5    6    3        0.99999608   0.00000000
         6    1    2         5    6    3       -0.00000046   0.00000000
         6    1    2         6    1    2        0.99999608  -0.00000000
         6    5    3         6    1    2        0.00000035   0.00000000
         6    5    3         6    5    3        0.99999608   0.00000000
        -6   -5   -5         6    5    3       -0.00000093  -0.00000000
        -6   -5   -5        -6   -5   -5        0.99999697   0.00000000
        -6   -4   -2        -6   -5   -5        0.00000099   0.00000000
        -6   -4   -2        -6   -4   -2        0.99999668   0.00000000
        -6   -2   -5        -6   -4   -2        0.00000006   0.00000000
        -6   -2   -5        -6   -2   -5        0.99999668  -0.00000000
        -6   -1   -2        -6   -2   -5        0.00000099   0.00000000
        -6   -1   -2        -6   -1   -2        0.99999697  -0.00000000
         0   -5   -5        -6   -1   -2       -0.00000053   0.00000000
         0   -5   -5         0   -5   -5        0.99999803   0.00000000
         0   -2    4         0   -5   -5        0.00000029  -0.00000000
         0   -2    4         0   -2    4        0.99999809  -0.00000000
         0    0   -6         0   -2    4        0.00000038   0.00000000
         0    0   -6         0    0   -6        0.99999830   0.00000000
         0    0    5         0    0   -6       -0.00000075   0.00000000
         0    0    5         0    0    5        0.99999830  -0.00000000
         0    2   -5         0    0    5        0.00000038  -0.00000000
         0    2   -5         0    2   -5        0.99999809  -0.00000000
         0    5    4         0    2   -5        0.00000029   0.00000000
         0    5    4         0    5    4        0.99999803  -0.00000000
         2    0   -5         0    5    4        0.00000021  -0.00000000
         2    0   -5         2    0   -5        0.99999809  -0.00000000
         2    2    6         2    0   -5        0.00000015   0.00000000
         2    2    6         2    2    6        0.99999809   0.00000000
         3   -3   -3         2    2    6        0.00000021   0.00000000
         3   -3   -3         3   -3   -3        0.99999799   0.00000000
         3   -3    2         3   -3   -3       -0.00000005  -0.00000000
         3   -3    2         3   -3    2        0.99999799   0.00000000
         3    6    0         3   -3    2       -0.00000025  -0.00000000
         3    6    0         3    6    0        0.99999799  -0.00000000
         3    6    5         3    6    0       -0.00000005  -0.00000000
         3    6    5         3    6    5        0.99999799   0.00000000
         5    0    4         3    6    5       -0.00000022   0.00000000
         5    0    4         5    0    4        0.99999803  -0.00000000
         5    5    0         5    0    4        0.00000007   0.00000000
         5    5    0         5    5    0        0.99999803  -0.00000000
         6    3    0         5    5    0       -0.00000079   0.00000000
         6    3    0         6    3    0        0.99999799   0.00000000
         6    3    5         6    3    0       -0.00000005   0.00000000
         6    3    5         6    3    5        0.99999799   0.00000000
        -6   -5   -6         6    3    5        0.00000006   0.00000000
        -6   -5   -6        -6   -5   -6        0.99999853  -0.00000000
        -6   -1   -1        -6   -5   -6        0.00000016  -0.00000000
        -6   -1   -1        -6   -1   -1        0.99999853   0.00000000
        -5   -6   -6        -6   -1   -1        0.00000027   0.00000000
        -5   -6   -6        -5   -6   -6        0.99999853  -0.00000000
        -5   -4   -7        -5   -6   -6       -0.00000059   0.00000000
        -5   -4   -7        -5   -4   -7        0.99999834   0.00000000
        -5   -4    0        -5   -4   -7        0.00000010   0.00000000
        -5   -4    0        -5   -4    0        0.99999828  -0.00000000
        -5   -1   -6        -5   -4    0       -0.00000000   0.00000000
        -5   -1   -6        -5   -1   -6        0.99999828  -0.00000000
        -5   -1    1        -5   -1   -6        0.00000010   0.00000000
        -5   -1    1        -5   -1    1        0.99999834  -0.00000000
        -5    1    0        -5   -1    1       -0.00000059   0.00000000
        -5    1    0        -5    1    0        0.99999853   0.00000000
        -4   -5   -7        -5    1    0        0.00000018   0.00000000
        -4   -5   -7        -4   -5   -7        0.99999834   0.00000000
        -4   -5    0        -4   -5   -7        0.00000010   0.00000000
        -4   -5    0        -4   -5    0        0.99999828   0.00000000
        -4   -2   -7        -4   -5    0        0.00000022   0.00000000
        -4   -2   -7        -4   -2   -7        0.99999827   0.00000000
        -4   -2    2        -4   -2   -7       -0.00000000   0.00000000
        -4   -2    2        -4   -2    2        0.99999827   0.00000000
        -4    1   -5        -4   -2    2        0.00000022   0.00000000
        -4    1   -5        -4    1   -5        0.99999828  -0.00000000
        -4    1    2        -4    1   -5        0.00000010   0.00000000
        -4    1    2        -4    1    2        0.99999834  -0.00000000
        -2   -4   -7        -4    1    2        0.00000021  -0.00000000
        -2   -4   -7        -2   -4   -7        0.99999827  -0.00000000
        -2   -4    2        -2   -4   -7       -0.00000000   0.00000000
        -2   -4    2        -2   -4    2        0.99999827   0.00000000
        -2    1   -6        -2   -4    2       -0.00000008   0.00000000
        -2    1   -6        -2    1   -6        0.99999891  -0.00000000
        -2    4    3        -2    1   -6        0.00000006   0.00000000
        -2    4    3        -2    4    3        0.99999888   0.00000000
        -1   -3   -7        -2    4    3        0.00000002   0.00000000
        -1   -3   -7        -1   -3   -7        0.99999891  -0.00000000
        -1   -2   -7        -1   -3   -7       -0.00000072   0.00000000
        -1   -2   -7        -1   -2   -7        0.99999896   0.00000000
        -1   -2    4        -1   -2   -7       -0.00000009   0.00000000
        -1   -2    4        -1   -2    4        0.99999896  -0.00000000
        -1    1   -6        -1   -2    4        0.00000025   0.00000000
        -1    1   -6        -1    1   -6        0.99999896   0.00000000
        -1    1    5        -1    1   -6       -0.00000009   0.00000000
        -1    1    5        -1    1    5        0.99999896   0.00000000
        -1    2    5        -1    1    5       -0.00000072  -0.00000000
        -1    2    5        -1    2    5        0.99999891   0.00000000
         1   -2   -6        -1    2    5       -0.00000001  -0.00000000
         1   -2   -6         1   -2   -6        0.99999891   0.00000000
         1   -1   -6         1   -2   -6       -0.00000072   0.00000000
         1   -1   -6         1   -1   -6        0.99999896  -0.00000000
         1   -1    5         1   -1   -6       -0.00000009   0.00000000
         1   -1    5         1   -1    5        0.99999896  -0.00000000
         1    2   -5         1   -1    5        0.00000025   0.00000000
         1    2   -5         1    2   -5        0.99999896   0.00000000
         1    2    6         1    2   -5       -0.00000009  -0.00000000
         1    2    6         1    2    6        0.99999896   0.00000000
         1    3    6         1    2    6       -0.00000072  -0.00000000
         1    3    6         1    3    6        0.99999891   0.00000000
         2   -4   -4         1    3    6        0.00000002  -0.00000000
         2   -4   -4         2   -4   -4        0.99999888   0.00000000
         2   -1    5         2   -4   -4        0.00000006   0.00000000
         2   -1    5         2   -1    5        0.99999891   0.00000000
         2    1   -5         2   -1    5       -0.00000003   0.00000000
         2    1   -5         2    1   -5        0.99999896   0.00000000
         2    1    6         2    1   -5       -0.00000009  -0.00000000
         2    1    6         2    1    6        0.99999896   0.00000000
         2    3   -4         2    1    6       -0.00000003  -0.00000000
         2    3   -4         2    3   -4        0.99999891   0.00000000
         2    6    5         2    3   -4        0.00000006   0.00000000
         2    6    5         2    6    5        0.99999888   0.00000000
         3   -4   -1         2    6    5       -0.00000006   0.00000000
         3   -4   -1         3   -4   -1        0.99999889   0.00000000
         3    1    6         3   -4   -1       -0.00000016   0.00000000
         3    1    6         3    1    6        0.99999891  -0.00000000
         3    2   -4         3    1    6       -0.00000004   0.00000000
         3    2   -4         3    2   -4        0.99999891  -0.00000000
         3    7    3         3    2   -4       -0.00000016   0.00000000
         3    7    3         3    7    3        0.99999889   0.00000000
         4   -3    0         3    7    3        0.00000014  -0.00000000
         4   -3    0         4   -3    0        0.99999889   0.00000000
         4   -2    3         4   -3    0        0.00000049  -0.00000000
         4   -2    3         4   -2    3        0.99999888  -0.00000000
         4    6    0         4   -2    3        0.00000001   0.00000000
         4    6    0         4    6    0        0.99999888  -0.00000000
         4    7    3         4    6    0        0.00000049   0.00000000
         4    7    3         4    7    3        0.99999889   0.00000000
         6    2    5         4    7    3        0.00000009  -0.00000000
         6    2    5         6    2    5        0.99999888   0.00000000
         6    4    0         6    2    5       -0.00000021  -0.00000000
         6    4    0         6    4    0        0.99999888   0.00000000
         7    3    3         6    4    0        0.00000016  -0.00000000
         7    3    3         7    3    3        0.99999889   0.00000000
         7    4    3         7    3    3       -0.00000075  -0.00000000
         7    4    3         7    4    3        0.99999889  -0.00000000
         6    2   -1         7    4    3       -0.00000010  -0.00000000
         6    2   -1         6    2   -1        0.99999930  -0.00000000
         6    4    6         6    2   -1        0.00000007   0.00000000
         6    4    6         6    4    6        0.99999930   0.00000000
         7    2    2         6    4    6        0.00000008   0.00000000
         7    2    2         7    2    2        0.99999928   0.00000000
         7    2    3         7    2    2       -0.00000050  -0.00000000
         7    2    3         7    2    3        0.99999926  -0.00000000
         7    5    3         7    2    3        0.00000016  -0.00000000
         7    5    3         7    5    3        0.99999926  -0.00000000
         7    5    4         7    5    3       -0.00000050   0.00000000
         7    5    4         7    5    4        0.99999928   0.00000000
        -6   -5   -7         7    5    4        0.00000012  -0.00000000
        -6   -5   -7        -6   -5   -7        0.99999938  -0.00000000
        -6   -1    0        -6   -5   -7       -0.00000009  -0.00000000
        -6   -1    0        -6   -1    0        0.99999938   0.00000000
        -5   -6   -7        -6   -1    0       -0.00000002   0.00000000
        -5   -6   -7        -5   -6   -7        0.99999938   0.00000000
        -5    1    1        -5   -6   -7       -0.00000005   0.00000000
        -5    1    1        -5    1    1        0.99999938   0.00000000
        -1   -6    0        -5    1    1        0.00000002   0.00000000
        -1   -6    0        -1   -6    0        0.99999938  -0.00000000
        -1    5   -2        -1   -6    0       -0.00000007   0.00000000
        -1    5   -2        -1    5   -2        0.99999938   0.00000000
         1   -5    1        -1    5   -2        0.00000007   0.00000000
         1   -5    1         1   -5    1        0.99999938   0.00000000
         1    6   -1         1   -5    1       -0.00000007   0.00000000
         1    6   -1         1    6   -1        0.99999938   0.00000000
         5   -1   -2         1    6   -1        0.00000002   0.00000000
         5   -1   -2         5   -1   -2        0.99999938   0.00000000
         5    6    6         5   -1   -2       -0.00000005  -0.00000000
         5    6    6         5    6    6        0.99999938  -0.00000000
         6    1   -1         5    6    6       -0.00000002  -0.00000000
         6    1   -1         6    1   -1        0.99999938  -0.00000000
         6    5    6         6    1   -1       -0.00000009   0.00000000
         6    5    6         6    5    6        0.99999938   0.00000000
        -7   -4   -6         6    5    6        0.00000012  -0.00000000
        -7   -4   -6        -7   -4   -6        0.99999944  -0.00000000
        -7   -3   -2        -7   -4   -6        0.00000017   0.00000000
        -7   -3   -2        -7   -3   -2        0.99999944   0.00000000
        -6   -3   -7        -7   -3   -2       -0.00000005  -0.00000000
        -6   -3   -7        -6   -3   -7        0.99999945   0.00000000
        -6   -3    0        -6   -3   -7        0.00000007   0.00000000
        -6   -3    0        -6   -3    0        0.99999945  -0.00000000
        -4   -7   -6        -6   -3    0        0.00000008  -0.00000000
        -4   -7   -6        -4   -7   -6        0.99999944  -0.00000000
        -4    3    1        -4   -7   -6       -0.00000003   0.00000000
        -4    3    1        -4    3    1        0.99999944   0.00000000
        -3   -7   -2        -4    3    1        0.00000003  -0.00000000
        -3   -7   -2        -3   -7   -2        0.99999944   0.00000000
        -3   -6   -7        -3   -7   -2       -0.00000005  -0.00000000
        -3   -6   -7        -3   -6   -7        0.99999945   0.00000000
        -3   -6    0        -3   -6   -7        0.00000007   0.00000000
        -3   -6    0        -3   -6    0        0.99999945  -0.00000000
        -3    3   -4        -3   -6    0        0.00000001  -0.00000000
        -3    3   -4        -3    3   -4        0.99999945   0.00000000
        -3    3    3        -3    3   -4        0.00000007   0.00000000
        -3    3    3        -3    3    3        0.99999945  -0.00000000
        -3    4   -2        -3    3    3       -0.00000005  -0.00000000
        -3    4   -2        -3    4   -2        0.99999944  -0.00000000
         3   -4    1        -3    4   -2        0.00000009  -0.00000000
         3   -4    1         3   -4    1        0.99999944  -0.00000000
         3   -3   -4         3   -4    1       -0.00000005   0.00000000
         3   -3   -4         3   -3   -4        0.99999945   0.00000000
         0   -6   -5         3   -3   -4       -0.00000017   0.00000000
         0   -6   -5         0   -6   -5        0.99999963   0.00000000
         0   -6    0         0   -6   -5        0.00000005  -0.00000000
         0   -6    0         0   -6    0        0.99999959   0.00000000
         0   -3   -7         0   -6    0       -0.00000003   0.00000000
         0   -3   -7         0   -3   -7        0.99999963   0.00000000
         0   -3    4         0   -3   -7        0.00000003  -0.00000000
         0   -3    4         0   -3    4        0.99999963   0.00000000
         0    3   -5         0   -3    4       -0.00000000  -0.00000000
         0    3   -5         0    3   -5        0.99999963  -0.00000000
         0    3    6         0    3   -5        0.00000003   0.00000000
         0    3    6         0    3    6        0.99999963   0.00000000
         0    6   -1         0    3    6       -0.00000003  -0.00000000
         0    6   -1         0    6   -1        0.99999959   0.00000000
         0    6    4         0    6   -1        0.00000005   0.00000000
         0    6    4         0    6    4        0.99999963  -0.00000000
         1   -6   -2         0    6    4       -0.00000002   0.00000000
         1   -6   -2         1   -6   -2        0.99999961  -0.00000000
         1   -3    4         1   -6   -2        0.00000003   0.00000000
         1   -3    4         1   -3    4        0.99999963  -0.00000000
         1    4   -4         1   -3    4       -0.00000003   0.00000000
         1    4   -4         1    4   -4        0.99999963   0.00000000
         1    7    2         1    4   -4        0.00000003  -0.00000000
         1    7    2         1    7    2        0.99999961   0.00000000
         3   -1   -5         1    7    2        0.00000002   0.00000000
         3   -1   -5         3   -1   -5        0.99999963  -0.00000000
         3    0   -5         3   -1   -5       -0.00000026   0.00000000
         3    0   -5         3    0   -5        0.99999963  -0.00000000
         3    0    6         3    0   -5        0.00000003  -0.00000000
         3    0    6         3    0    6        0.99999963   0.00000000
         3    3   -4         3    0    6       -0.00000002   0.00000000
         3    3   -4         3    3   -4        0.99999963  -0.00000000
         3    3    7         3    3   -4        0.00000003  -0.00000000
         3    3    7         3    3    7        0.99999963  -0.00000000
         3    4    7         3    3    7       -0.00000026  -0.00000000
         3    4    7         3    4    7        0.99999963  -0.00000000
         4    1   -4         3    4    7       -0.00000001  -0.00000000
         4    1   -4         4    1   -4        0.99999963  -0.00000000
         4    3    7         4    1   -4       -0.00000003   0.00000000
         4    3    7         4    3    7        0.99999963  -0.00000000
         6   -1    1         4    3    7        0.00000006   0.00000000
         6   -1    1         6   -1    1        0.99999961   0.00000000
         6    0   -1         6   -1    1       -0.00000020  -0.00000000
         6    0   -1         6    0   -1        0.99999959   0.00000000
         6    0    4         6    0   -1        0.00000005  -0.00000000
         6    0    4         6    0    4        0.99999963   0.00000000
         6    6    1         6    0    4       -0.00000004  -0.00000000
         6    6    1         6    6    1        0.99999963   0.00000000
         6    6    6         6    6    1        0.00000005   0.00000000
         6    6    6         6    6    6        0.99999959   0.00000000
         6    7    4         6    6    6       -0.00000020  -0.00000000
         6    7    4         6    7    4        0.99999961  -0.00000000
         7    1    2         6    7    4        0.00000006  -0.00000000
         7    1    2         7    1    2        0.99999961  -0.00000000
         7    6    4         7    1    2        0.00000004   0.00000000
         7    6    4         7    6    4        0.99999961  -0.00000000
        -7   -6   -4         7    6    4        0.00000006  -0.00000000
        -7   -6   -4        -7   -6   -4        0.99999967   0.00000000
        -7   -1   -4        -7   -6   -4        0.00000004   0.00000000
        -7   -1   -4        -7   -1   -4        0.99999967   0.00000000
        -6   -7   -4        -7   -1   -4       -0.00000001  -0.00000000
        -6   -7   -4        -6   -7   -4        0.99999967   0.00000000
        -6    1   -3        -6   -7   -4        0.00000004  -0.00000000
        -6    1   -3        -6    1   -3        0.99999967   0.00000000
        -7   -2   -6        -6    1   -3       -0.00000009   0.00000000
        -7   -2   -6        -7   -2   -6        0.99999978  -0.00000000
        -7   -2   -1        -7   -2   -6        0.00000003   0.00000000
        -7   -2   -1        -7   -2   -1        0.99999976  -0.00000000
        -5   -7   -7        -7   -2   -1        0.00000004  -0.00000000
        -5   -7   -7        -5   -7   -7        0.99999976  -0.00000000
        -5   -7   -2        -5   -7   -7        0.00000003  -0.00000000
        -5   -7   -2        -5   -7   -2        0.99999978  -0.00000000
        -5    2   -4        -5   -7   -2       -0.00000001  -0.00000000
        -5    2   -4        -5    2   -4        0.99999978   0.00000000
        -5    2    1        -5    2   -4        0.00000003   0.00000000
        -5    2    1        -5    2    1        0.99999976   0.00000000
        -4   -7   -7        -5    2    1       -0.00000000   0.00000000
        -4   -7   -7        -4   -7   -7        0.99999978   0.00000000
        -4   -4    2        -4   -7   -7       -0.00000003  -0.00000000
        -4   -4    2        -4   -4    2        0.99999978  -0.00000000
        -4   -2   -8        -4   -4    2        0.00000001  -0.00000000
        -4   -2   -8        -4   -2   -8        0.99999978   0.00000000
        -4   -2    3        -4   -2   -8        0.00000001  -0.00000000
        -4   -2    3        -4   -2    3        0.99999978   0.00000000
        -4    0   -7        -4   -2    3        0.00000001  -0.00000000
        -4    0   -7        -4    0   -7        0.99999978   0.00000000
        -4    3    2        -4    0   -7       -0.00000003   0.00000000
        -4    3    2        -4    3    2        0.99999978  -0.00000000
        -3   -7   -1        -4    3    2       -0.00000001   0.00000000
        -3   -7   -1        -3   -7   -1        0.99999978  -0.00000000
        -3    4   -3        -3   -7   -1       -0.00000001   0.00000000
        -3    4   -3        -3    4   -3        0.99999978   0.00000000
        -2   -7   -6        -3    4   -3       -0.00000002   0.00000000
        -2   -7   -6        -2   -7   -6        0.99999978  -0.00000000
        -2   -7   -1        -2   -7   -6        0.00000003  -0.00000000
        -2   -7   -1        -2   -7   -1        0.99999976  -0.00000000
        -2   -4   -8        -2   -7   -1       -0.00000003  -0.00000000
        -2   -4   -8        -2   -4   -8        0.99999978  -0.00000000
        -2   -4    3        -2   -4   -8        0.00000001  -0.00000000
        -2   -4    3        -2   -4    3        0.99999978   0.00000000
        -2    2   -6        -2   -4    3        0.00000001  -0.00000000
        -2    2   -6        -2    2   -6        0.99999978   0.00000000
        -2    2    5        -2    2   -6        0.00000001   0.00000000
        -2    2    5        -2    2    5        0.99999978   0.00000000
        -2    5   -2        -2    2    5       -0.00000003  -0.00000000
        -2    5   -2        -2    5   -2        0.99999976   0.00000000
        -2    5    3        -2    5   -2        0.00000003   0.00000000
        -2    5    3        -2    5    3        0.99999978   0.00000000
         0   -4   -7        -2    5    3       -0.00000000  -0.00000000
         0   -4   -7         0   -4   -7        0.99999978   0.00000000
         0    4    6         0   -4   -7        0.00000004   0.00000000
         0    4    6         0    4    6        0.99999978   0.00000000
         2   -5   -4         0    4    6       -0.00000000   0.00000000
         2   -5   -4         2   -5   -4        0.99999978   0.00000000
         2   -5    1         2   -5   -4        0.00000003  -0.00000000
         2   -5    1         2   -5    1        0.99999976  -0.00000000
         2   -2   -6         2   -5    1       -0.00000003   0.00000000
         2   -2   -6         2   -2   -6        0.99999978  -0.00000000
         2   -2    5         2   -2   -6        0.00000001  -0.00000000
         2   -2    5         2   -2    5        0.99999978  -0.00000000
         2    4   -4         2   -2    5        0.00000001  -0.00000000
         2    4   -4         2    4   -4        0.99999978  -0.00000000
         2    4    7         2    4   -4        0.00000001   0.00000000
         2    4    7         2    4    7        0.99999978   0.00000000
         2    7    0         2    4    7       -0.00000003  -0.00000000
         2    7    0         2    7    0        0.99999976   0.00000000
         2    7    5         2    7    0        0.00000003   0.00000000
         2    7    5         2    7    5        0.99999978  -0.00000000
         8    4    3         2    7    5        0.00000002  -0.00000000
         8    4    3         8    4    3        0.99999985   0.00000000
         8    4    4         8    4    3       -0.00000011  -0.00000000
         8    4    4         8    4    4        0.99999985   0.00000000
        -8   -5   -5         8    4    4        0.00000001  -0.00000000
        -8   -5   -5        -8   -5   -5        0.99999987   0.00000000
        -8   -3   -4        -8   -5   -5        0.00000006   0.00000000
        -8   -3   -4        -8   -3   -4        0.99999987   0.00000000
        -7   -7   -5        -8   -3   -4        0.00000003  -0.00000000
        -7   -7   -5        -7   -7   -5        0.99999987   0.00000000
        -7    0   -3        -7   -7   -5        0.00000001  -0.00000000
        -7    0   -3        -7    0   -3        0.99999987   0.00000000
        -5   -8   -5        -7    0   -3        0.00000002   0.00000000
        -5   -8   -5        -5   -8   -5        0.99999987  -0.00000000
        -5   -3    2        -5   -8   -5       -0.00000002  -0.00000000
        -5   -3    2        -5   -3    2        0.99999987   0.00000000
        -5   -2   -8        -5   -3    2        0.00000003  -0.00000000
        -5   -2   -8        -5   -2   -8        0.99999987   0.00000000
        -5    3   -1        -5   -2   -8       -0.00000002   0.00000000
        -5    3   -1        -5    3   -1        0.99999987  -0.00000000
        -3   -8   -4        -5    3   -1       -0.00000001  -0.00000000
        -3   -8   -4        -3   -8   -4        0.99999987   0.00000000
        -3   -5    2        -3   -8   -4        0.00000000   0.00000000
        -3   -5    2        -3   -5    2        0.99999987  -0.00000000
        -3    2   -6        -3   -5    2       -0.00000001   0.00000000
        -3    2   -6        -3    2   -6        0.99999987   0.00000000
        -3    5    0        -3    2   -6        0.00000000  -0.00000000
        -3    5    0        -3    5    0        0.99999987  -0.00000000
        -2   -5   -8        -3    5    0        0.00000000  -0.00000000
        -2   -5   -8        -2   -5   -8        0.99999987   0.00000000
        -2    3    5        -2   -5   -8        0.00000002  -0.00000000
        -2    3    5        -2    3    5        0.99999987   0.00000000
         0   -7   -3        -2    3    5        0.00000000   0.00000000
         0   -7   -3         0   -7   -3        0.99999987   0.00000000
         0    7    2         0   -7   -3        0.00000002  -0.00000000
         0    7    2         0    7    2        0.99999987   0.00000000
         2   -3   -6         0    7    2        0.00000000  -0.00000000
         2   -3   -6         2   -3   -6        0.99999987  -0.00000000
         2    5    7         2   -3   -6        0.00000002   0.00000000
         2    5    7         2    5    7        0.99999987   0.00000000
         3   -5   -1         2    5    7        0.00000000   0.00000000
         3   -5   -1         3   -5   -1        0.99999987  -0.00000000
         3   -2    5         3   -5   -1        0.00000000   0.00000000
         3   -2    5         3   -2    5        0.99999987  -0.00000000
         3    5   -3         3   -2    5       -0.00000001   0.00000000
         3    5   -3         3    5   -3        0.99999987  -0.00000000
         3    8    3         3    5   -3        0.00000000  -0.00000000
         3    8    3         3    8    3        0.99999987   0.00000000
         5   -3    0         3    8    3       -0.00000001   0.00000000
         5   -3    0         5   -3    0        0.99999987   0.00000000
         5    2    7         5   -3    0       -0.00000002   0.00000000
         5    2    7         5    2    7        0.99999987   0.00000000
         5    3   -3         5    2    7        0.00000003   0.00000000
         5    3   -3         5    3   -3        0.99999987  -0.00000000
         5    8    4         5    3   -3       -0.00000002   0.00000000
         5    8    4         5    8    4        0.99999987  -0.00000000
         7    0    2         5    8    4        0.00000002  -0.00000000
         7    0    2         7    0    2        0.99999987   0.00000000
         7    7    4         7    0    2        0.00000001   0.00000000
         7    7    4         7    7    4        0.99999987  -0.00000000
         8    3    3         7    7    4        0.00000003   0.00000000
         8    3    3         8    3    3        0.99999987   0.00000000
         8    5    4         8    3    3        0.00000006  -0.00000000
         8    5    4         8    5    4        0.99999987  -0.00000000
         5   -3   -1         8    5    4        0.00000002   0.00000000
         5   -3   -1         5   -3   -1        0.99999990   0.00000000
         5   -1    5         5   -3   -1       -0.00000000   0.00000000
         5   -1    5         5   -1    5        0.99999991   0.00000000
         5    6   -1         5   -1    5        0.00000001  -0.00000000
         5    6   -1         5    6   -1        0.99999991   0.00000000
         5    8    5         5    6   -1       -0.00000000  -0.00000000
         5    8    5         5    8    5        0.99999990   0.00000000
         6    1    6         5    8    5       -0.00000001   0.00000000
         6    1    6         6    1    6        0.99999991  -0.00000000
         6    5   -1         6    1    6       -0.00000001  -0.00000000
         6    5   -1         6    5   -1        0.99999991   0.00000000
         7    0    3         6    5   -1        0.00000002   0.00000000
         7    0    3         7    0    3        0.99999990   0.00000000
         7    7    3         7    0    3        0.00000001   0.00000000
         7    7    3         7    7    3        0.99999990   0.00000000
         8    3    2         7    7    3        0.00000003   0.00000000
         8    3    2         8    3    2        0.99999990  -0.00000000
         8    4    2         8    3    2       -0.00000007   0.00000000
         8    4    2         8    4    2        0.99999990  -0.00000000
         8    4    5         8    4    2        0.00000003  -0.00000000
         8    4    5         8    4    5        0.99999990   0.00000000
         8    5    5         8    4    5       -0.00000007   0.00000000
         8    5    5         8    5    5        0.99999990  -0.00000000
        -5   -5    1         8    5    5       -0.00000000  -0.00000000
        -5   -5    1        -5   -5    1        0.99999992   0.00000000
        -5    0   -7        -5   -5    1       -0.00000001   0.00000000
        -5    0   -7        -5    0   -7        0.99999992  -0.00000000
        -4   -3    3        -5    0   -7        0.00000001   0.00000000
        -4   -3    3        -4   -3    3        0.99999992   0.00000000
        -4   -1   -8        -4   -3    3        0.00000001  -0.00000000
        -4   -1   -8        -4   -1   -8        0.99999992  -0.00000000
        -3   -4    3        -4   -1   -8        0.00000000  -0.00000000
        -3   -4    3        -3   -4    3        0.99999992  -0.00000000
        -3    1   -7        -3   -4    3        0.00000001  -0.00000000
        -3    1   -7        -3    1   -7        0.99999992   0.00000000
        -1   -4   -8        -3    1   -7       -0.00000000  -0.00000000
        -1   -4   -8        -1   -4   -8        0.99999992  -0.00000000
        -1    3    6        -1   -4   -8        0.00000003   0.00000000
        -1    3    6        -1    3    6        0.99999992   0.00000000
         0   -5   -7        -1    3    6        0.00000003  -0.00000000
         0   -5   -7         0   -5   -7        0.99999992  -0.00000000
         0    5    6         0   -5   -7       -0.00000002  -0.00000000
         0    5    6         0    5    6        0.99999992  -0.00000000
         1   -3   -7         0    5    6        0.00000003  -0.00000000
         1   -3   -7         1   -3   -7        0.99999992   0.00000000
         1    4    7         1   -3   -7        0.00000003   0.00000000
         1    4    7         1    4    7        0.99999992  -0.00000000
         3   -1    6         1    4    7       -0.00000000   0.00000000
         3   -1    6         3   -1    6        0.99999992  -0.00000000
         3    4   -4         3   -1    6        0.00000001   0.00000000
         3    4   -4         3    4   -4        0.99999992  -0.00000000
         4    1    7         3    4   -4        0.00000000   0.00000000
         4    1    7         4    1    7        0.99999992  -0.00000000
         4    3   -4         4    1    7        0.00000001  -0.00000000
         4    3   -4         4    3   -4        0.99999992  -0.00000000
         5    0    6         4    3   -4        0.00000001  -0.00000000
         5    0    6         5    0    6        0.99999992   0.00000000
         5    5   -2         5    0    6       -0.00000001   0.00000000
         5    5   -2         5    5   -2        0.99999992   0.00000000
        -8   -6   -5         5    5   -2        0.00000000   0.00000000
        -8   -6   -5        -8   -6   -5        0.99999992   0.00000000
        -8   -2   -4        -8   -6   -5        0.00000003   0.00000000
        -8   -2   -4        -8   -2   -4        0.99999992  -0.00000000
         3   -4    3        -8   -2   -4        0.00000000   0.00000000
         3   -4    3         3   -4    3        0.99999994   0.00000000
         3    7   -1         3   -4    3       -0.00000000  -0.00000000
         3    7   -1         3    7   -1        0.99999994  -0.00000000
         4   -3   -4         3    7   -1       -0.00000001   0.00000000
         4   -3   -4         4   -3   -4        0.99999994  -0.00000000
         4    7    7         4   -3   -4       -0.00000000  -0.00000000
         4    7    7         4    7    7        0.99999994  -0.00000000
         6   -2    2         4    7    7       -0.00000001   0.00000000
         6   -2    2         6   -2    2        0.99999994   0.00000000
         6    8    3         6   -2    2       -0.00000000  -0.00000000
         6    8    3         6    8    3        0.99999994   0.00000000
         7    3   -1         6    8    3       -0.00000000   0.00000000
         7    3   -1         7    3   -1        0.99999994   0.00000000
         7    4    7         7    3   -1        0.00000001   0.00000000
         7    4    7         7    4    7        0.99999994  -0.00000000
         8    2    4         7    4    7        0.00000002   0.00000000
         8    2    4         8    2    4        0.99999994  -0.00000000
         8    6    3         8    2    4        0.00000001  -0.00000000
         8    6    3         8    6    3        0.99999994  -0.00000000
        -8   -5   -7         8    6    3        0.00000001   0.00000000
        -8   -5   -7        -8   -5   -7        0.99999995   0.00000000
        -8   -3   -2        -8   -5   -7       -0.00000000  -0.00000000
        -8   -3   -2        -8   -3   -2        0.99999995   0.00000000
        -7   -7   -3        -8   -3   -2        0.00000002  -0.00000000
        -7   -7   -3        -7   -7   -3        0.99999995  -0.00000000
        -7   -6   -8        -7   -7   -3        0.00000001  -0.00000000
        -7   -6   -8        -7   -6   -8        0.99999995  -0.00000000
        -7   -1    0        -7   -6   -8       -0.00000001  -0.00000000
        -7   -1    0        -7   -1    0        0.99999995  -0.00000000
        -7    0   -5        -7   -1    0        0.00000001  -0.00000000
        -7    0   -5        -7    0   -5        0.99999995   0.00000000
        -6   -7   -8        -7    0   -5        0.00000000   0.00000000
        -6   -7   -8        -6   -7   -8        0.99999995  -0.00000000
        -6   -4    1        -6   -7   -8       -0.00000001  -0.00000000
        -6   -4    1        -6   -4    1        0.99999995  -0.00000000
        -6   -2   -8        -6   -4    1        0.00000001  -0.00000000
        -6   -2   -8        -6   -2   -8        0.99999995   0.00000000
        -6    1    1        -6   -2   -8       -0.00000001  -0.00000000
        -6    1    1        -6    1    1        0.99999995  -0.00000000
        -5   -8   -7        -6    1    1        0.00000001   0.00000000
        -5   -8   -7        -5   -8   -7        0.99999995   0.00000000
        -5    3    1        -5   -8   -7       -0.00000000  -0.00000000
        -5    3    1        -5    3    1        0.99999995  -0.00000000
        -4   -6    1        -5    3    1        0.00000001  -0.00000000
        -4   -6    1        -4   -6    1        0.99999995  -0.00000000
        -4   -4   -9        -4   -6    1        0.00000001  -0.00000000
        -4   -4   -9        -4   -4   -9        0.99999995  -0.00000000
        -4    0    4        -4   -4   -9        0.00000000   0.00000000
        -4    0    4        -4    0    4        0.99999995  -0.00000000
        -4    2   -6        -4    0    4        0.00000001  -0.00000000
        -4    2   -6        -4    2   -6        0.99999995  -0.00000000
        -3   -8   -2        -4    2   -6       -0.00000000   0.00000000
        -3   -8   -2        -3   -8   -2        0.99999995   0.00000000
        -3    5   -2        -3   -8   -2        0.00000001   0.00000000
        -3    5   -2        -3    5   -2        0.99999995  -0.00000000
        -2   -6   -8        -3    5   -2        0.00000001   0.00000000
        -2   -6   -8        -2   -6   -8        0.99999995  -0.00000000
        -2    4    5        -2   -6   -8       -0.00000001  -0.00000000
        -2    4    5        -2    4    5        0.99999995   0.00000000
        -1   -7    0        -2    4    5        0.00000001  -0.00000000
        -1   -7    0        -1   -7    0        0.99999995   0.00000000
        -1    6   -2        -1   -7    0        0.00000002  -0.00000000
        -1    6   -2        -1    6   -2        0.99999995  -0.00000000
        -3   -7   -8        -1    6   -2       -0.00000000  -0.00000000
        -3   -7   -8        -3   -7   -8        0.99999997  -0.00000000
        -3   -3   -9        -3   -7   -8        0.00000001  -0.00000000
        -3   -3   -9        -3   -3   -9        0.99999997  -0.00000000
        -3   -3    4        -3   -3   -9        0.00000000  -0.00000000
        -3   -3    4        -3   -3    4        0.99999997   0.00000000
        -3    0   -8        -3   -3    4       -0.00000000  -0.00000000
        -3    0   -8        -3    0   -8        0.99999997   0.00000000
        -3    0    5        -3    0   -8        0.00000000  -0.00000000
        -3    0    5        -3    0    5        0.99999997  -0.00000000
        -3    4    4        -3    0    5        0.00000001  -0.00000000
        -3    4    4        -3    4    4        0.99999997   0.00000000
        -2   -2    5        -3    4    4       -0.00000000   0.00000000
        -2   -2    5        -2   -2    5        0.99999997   0.00000000
        -2    0   -8        -2   -2    5        0.00000001   0.00000000
        -2    0   -8        -2    0   -8        0.99999997   0.00000000
         0   -3   -8        -2    0   -8       -0.00000001  -0.00000000
         0   -3   -8         0   -3   -8        0.99999997  -0.00000000
         0   -3    5         0   -3   -8        0.00000000   0.00000000
         0   -3    5         0   -3    5        0.99999997   0.00000000
         0   -2   -8         0   -3    5        0.00000001  -0.00000000
         0   -2   -8         0   -2   -8        0.99999997   0.00000000
         0    2    7         0   -2   -8        0.00000002   0.00000000
         0    2    7         0    2    7        0.99999997   0.00000000
         0    3   -6         0    2    7        0.00000001  -0.00000000
         0    3   -6         0    3   -6        0.99999997  -0.00000000
         0    3    7         0    3   -6        0.00000000  -0.00000000
         0    3    7         0    3    7        0.99999997   0.00000000
         2    0    7         0    3    7       -0.00000001  -0.00000000
         2    0    7         2    0    7        0.99999997   0.00000000
         2    2   -6         2    0    7        0.00000001  -0.00000000
         2    2   -6         2    2   -6        0.99999997  -0.00000000
         3   -4   -5         2    2   -6       -0.00000000  -0.00000000
         3   -4   -5         3   -4   -5        0.99999997  -0.00000000
         3    0   -6         3   -4   -5        0.00000001   0.00000000
         3    0   -6         3    0   -6        0.99999997   0.00000000
         3    0    7         3    0   -6        0.00000000   0.00000000
         3    0    7         3    0    7        0.99999997  -0.00000000
         3    3   -5         3    0    7       -0.00000000   0.00000000
         3    3   -5         3    3   -5        0.99999997   0.00000000
         3    3    8         3    3   -5        0.00000000   0.00000000
         3    3    8         3    3    8        0.99999997  -0.00000000
         3    7    7         3    3    8        0.00000001   0.00000000
         3    7    7         3    7    7        0.99999997  -0.00000000
         4   -3    4         3    7    7       -0.00000001  -0.00000000
         4   -3    4         4   -3    4        0.99999997   0.00000000
         4    7   -1         4   -3    4       -0.00000000   0.00000000
         4    7   -1         4    7   -1        0.99999997  -0.00000000
         7    3    7         4    7   -1        0.00000000  -0.00000000
         7    3    7         7    3    7        0.99999997  -0.00000000
         7    4   -1         7    3    7        0.00000000   0.00000000
         7    4   -1         7    4   -1        0.99999997   0.00000000
        -8   -7   -6         7    4   -1       -0.00000000  -0.00000000
        -8   -7   -6        -8   -7   -6        0.99999997  -0.00000000
        -8   -7   -5        -8   -7   -6       -0.00000002   0.00000000
        -8   -7   -5        -8   -7   -5        0.99999997   0.00000000
        -8   -6   -3        -8   -7   -5        0.00000001   0.00000000
        -8   -6   -3        -8   -6   -3        0.99999997   0.00000000
        -8   -2   -6        -8   -6   -3       -0.00000000   0.00000000
        -8   -2   -6        -8   -2   -6        0.99999997  -0.00000000
        -8   -1   -4        -8   -2   -6        0.00000001   0.00000000
        -8   -1   -4        -8   -1   -4        0.99999997   0.00000000
        -8   -1   -3        -8   -1   -4       -0.00000002   0.00000000
        -8   -1   -3        -8   -1   -3        0.99999997   0.00000000
         0    1    7        -8   -1   -3       -0.00000000   0.00000000
         0    1    7         0    1    7        0.99999998  -0.00000000
         0    4    7         0    1    7        0.00000001  -0.00000000
         0    4    7         0    4    7        0.99999998  -0.00000000
         0    6   -3         0    4    7        0.00000000  -0.00000000
         0    6   -3         0    6   -3        0.99999998   0.00000000
         0    6    6         0    6   -3        0.00000000   0.00000000
         0    6    6         0    6    6        0.99999998  -0.00000000
         1    0    7         0    6    6       -0.00000000   0.00000000
         1    0    7         1    0    7        0.99999998  -0.00000000
         1    1   -7         1    0    7        0.00000001   0.00000000
         1    1   -7         1    1   -7        0.99999998   0.00000000
         4    0    7         1    1   -7       -0.00000001  -0.00000000
         4    0    7         4    0    7        0.99999998   0.00000000
         4    4   -4         4    0    7        0.00000000  -0.00000000
         4    4   -4         4    4   -4        0.99999998  -0.00000000
         6    0   -3         4    4   -4       -0.00000000   0.00000000
         6    0   -3         6    0   -3        0.99999998  -0.00000000
         6    0    6         6    0   -3        0.00000000   0.00000000
         6    0    6         6    0    6        0.99999998   0.00000000
         6    6   -1         6    0    6        0.00000000   0.00000000
         6    6   -1         6    6   -1        0.99999998   0.00000000
         6    6    8         6    6   -1        0.00000000  -0.00000000
         6    6    8         6    6    8        0.99999998  -0.00000000
        -8   -7   -7         6    6    8       -0.00000000   0.00000000
        -8   -7   -7        -8   -7   -7        0.99999998  -0.00000000
        -8   -7   -4        -8   -7   -7        0.00000001   0.00000000
        -8   -7   -4        -8   -7   -4        0.99999998   0.00000000
        -8   -1   -5        -8   -7   -4        0.00000000   0.00000000
        -8   -1   -5        -8   -1   -5        0.99999998   0.00000000
        -8   -1   -2        -8   -1   -5        0.00000001   0.00000000
        -8   -1   -2        -8   -1   -2        0.99999998  -0.00000000
        -7   -8   -7        -8   -1   -2       -0.00000000  -0.00000000
        -7   -8   -7        -7   -8   -7        0.99999998   0.00000000
        -7   -8   -4        -7   -8   -7        0.00000001   0.00000000
        -7   -8   -4        -7   -8   -4        0.99999998  -0.00000000
        -7   -6   -1        -7   -8   -4        0.00000001   0.00000000
        -7   -6   -1        -7   -6   -1        0.99999998  -0.00000000
        -7   -1   -7        -7   -6   -1        0.00000000  -0.00000000
        -7   -1   -7        -7   -1   -7        0.99999998  -0.00000000
        -7    1   -4        -7   -1   -7        0.00000001  -0.00000000
        -7    1   -4        -7    1   -4        0.99999998   0.00000000
        -7    1   -1        -7    1   -4        0.00000001   0.00000000
        -7    1   -1        -7    1   -1        0.99999998  -0.00000000
        -6   -7   -1        -7    1   -1        0.00000000  -0.00000000
        -6   -7   -1        -6   -7   -1        0.99999998  -0.00000000
        -6    1   -6        -6   -7   -1       -0.00000000   0.00000000
        -6    1   -6        -6    1   -6        0.99999998  -0.00000000
        -4   -2   -9        -6    1   -6        0.00000000   0.00000000
        -4   -2   -9        -4   -2   -9        0.99999998   0.00000000
        -4   -2    4        -4   -2   -9       -0.00000000  -0.00000000
        -4   -2    4        -4   -2    4        0.99999998   0.00000000
        -3   -2   -9        -4   -2    4        0.00000000   0.00000000
        -3   -2   -9        -3   -2   -9        0.99999998   0.00000000
        -3   -1    5        -3   -2   -9       -0.00000000   0.00000000
        -3   -1    5        -3   -1    5        0.99999998   0.00000000
        -2   -4   -9        -3   -1    5       -0.00000000  -0.00000000
        -2   -4   -9        -2   -4   -9        0.99999998  -0.00000000
        -2   -4    4        -2   -4   -9       -0.00000000  -0.00000000
        -2   -4    4        -2   -4    4        0.99999998  -0.00000000
        -2   -3   -9        -2   -4    4        0.00000000   0.00000000
        -2   -3   -9        -2   -3   -9        0.99999998  -0.00000000
        -2    1    6        -2   -3   -9        0.00000001  -0.00000000
        -2    1    6        -2    1    6        0.99999998  -0.00000000
         0    0   -1         0    0   -1        0.79480678   0.00000000
         0    0    0         0    0   -1        0.03626947   0.00000000
         0    0    0         0    0    0        0.79480678   0.00000000
        -1   -1   -1         0    0    0        0.00570250   0.00000000
        -1   -1   -1        -1   -1   -1        0.84309809   0.00000000
        -1    0   -1        -1   -1   -1       -0.01977060  -0.00000000
        -1    0   -1        -1    0   -1        0.84309809   0.00000000
         0   -1   -1        -1    0   -1       -0.00245275  -0.00000000
         0   -1   -1         0   -1   -1        0.84309809   0.00000000
         0    1    0         0   -1   -1        0.01165185   0.00000000
         0    1    0         0    1    0        0.84309809   0.00000000
         1    0    0         0    1    0       -0.00245275   0.00000000
         1    0    0         1    0    0        0.84309809  -0.00000000
         1    1    0         1    0    0       -0.01977060  -0.00000000
         1    1    0         1    1    0        0.84309809  -0.00000000
        -1   -1   -2         1    1    0        0.00716537  -0.00000000
        -1   -1   -2        -1   -1   -2        0.87828372   0.00000000
        -1    0    0        -1   -1   -2        0.00073804  -0.00000000
        -1    0    0        -1    0    0        0.87828372   0.00000000
         0   -1    0        -1    0    0        0.00159110  -0.00000000
         0   -1    0         0   -1    0        0.87828372  -0.00000000
         0    1   -1         0   -1    0        0.00185211   0.00000000
         0    1   -1         0    1   -1        0.87828372   0.00000000
         1    0   -1         0    1   -1        0.00159110   0.00000000
         1    0   -1         1    0   -1        0.87828372  -0.00000000
         1    1    1         1    0   -1        0.00073804   0.00000000
         1    1    1         1    1    1        0.87828372  -0.00000000
        -1   -1    0         1    1    1       -0.00084706  -0.00000000
        -1   -1    0        -1   -1    0        0.90360530   0.00000000
        -1    0   -2        -1   -1    0        0.00193012   0.00000000
        -1    0   -2        -1    0   -2        0.90360530  -0.00000000
         0   -1   -2        -1    0   -2        0.00146168   0.00000000
         0   -1   -2         0   -1   -2        0.90360530  -0.00000000
         0    0   -2         0   -1   -2       -0.01991380  -0.00000000
         0    0   -2         0    0   -2        0.90418096  -0.00000000
         0    0    1         0    0   -2       -0.00161407   0.00000000
         0    0    1         0    0    1        0.90418096  -0.00000000
         0    1    1         0    0    1       -0.01991380   0.00000000
         0    1    1         0    1    1        0.90360530   0.00000000
         1    0    1         0    1    1        0.00146168  -0.00000000
         1    0    1         1    0    1        0.90360530   0.00000000
         1    1   -1         1    0    1        0.00193012  -0.00000000
         1    1   -1         1    1   -1        0.90360530  -0.00000000
        -2   -1   -2         1    1   -1       -0.00004900  -0.00000000
        -2   -1   -2        -2   -1   -2        0.92316225   0.00000000
        -2   -1   -1        -2   -1   -2       -0.01745175   0.00000000
        -2   -1   -1        -2   -1   -1        0.92316225  -0.00000000
        -1   -2   -2        -2   -1   -1        0.00292770  -0.00000000
        -1   -2   -2        -1   -2   -2        0.92316225   0.00000000
        -1   -2   -1        -1   -2   -2       -0.01745175  -0.00000000
        -1   -2   -1        -1   -2   -1        0.92316225   0.00000000
        -1    1   -1        -1   -2   -1       -0.00128509   0.00000000
        -1    1   -1        -1    1   -1        0.92316225  -0.00000000
        -1    1    0        -1    1   -1       -0.01745175  -0.00000000
        -1    1    0        -1    1    0        0.92316225   0.00000000
         1   -1   -1        -1    1    0        0.00152062  -0.00000000
         1   -1   -1         1   -1   -1        0.92316225  -0.00000000
         1   -1    0         1   -1   -1       -0.01745175   0.00000000
         1   -1    0         1   -1    0        0.92316225   0.00000000
         1    2    0         1   -1    0       -0.00128509  -0.00000000
         1    2    0         1    2    0        0.92316225  -0.00000000
         1    2    1         1    2    0       -0.01745175   0.00000000
         1    2    1         1    2    1        0.92316225   0.00000000
         0   -2    1         1    2    1       -0.00013308  -0.00000000
         0   -2    1         0   -2    1        0.99135200  -0.00000000
         0    2   -2         0   -2    1       -0.00030742   0.00000000
         0    2   -2         0    2   -2        0.99135200  -0.00000000
         0    3    0         0    2   -2       -0.00054952   0.00000000
         0    3    0         0    3    0        0.99165351  -0.00000000
         0    3    1         0    3    0       -0.00289571   0.00000000
         0    3    1         0    3    1        0.99159467   0.00000000
         2    0   -2         0    3    1        0.00001149   0.00000000
         2    0   -2         2    0   -2        0.99135200  -0.00000000
         2    2    3         2    0   -2        0.00003347  -0.00000000
         2    2    3         2    2    3        0.99135200  -0.00000000
         3    0    0         2    2    3       -0.00031555  -0.00000000
         3    0    0         3    0    0        0.99165351   0.00000000
         3    0    1         3    0    0       -0.00289571   0.00000000
         3    0    1         3    0    1        0.99159467  -0.00000000
         3    3    1         3    0    1       -0.00057314   0.00000000
         3    3    1         3    3    1        0.99159467  -0.00000000
         3    3    2         3    3    1       -0.00289571  -0.00000000
         3    3    2         3    3    2        0.99165351  -0.00000000
        -2   -1   -4         3    3    2       -0.00015390  -0.00000000
        -2   -1   -4        -2   -1   -4        0.99393522   0.00000000
        -2   -1    1        -2   -1   -4        0.00011786  -0.00000000
        -2   -1    1        -2   -1    1        0.99393522  -0.00000000
        -1   -2   -4        -2   -1    1        0.00012983   0.00000000
        -1   -2   -4        -1   -2   -4        0.99393522   0.00000000
        -1   -2    1        -1   -2   -4        0.00011786  -0.00000000
        -1   -2    1        -1   -2    1        0.99393522   0.00000000
        -1   -1   -4        -1   -2    1        0.00026697  -0.00000000
        -1   -1   -4        -1   -1   -4        0.99394691   0.00000000
        -1    0    2        -1   -1   -4       -0.00038537  -0.00000000
        -1    0    2        -1    0    2        0.99394691  -0.00000000
        -1    1   -3        -1    0    2        0.00026697   0.00000000
        -1    1   -3        -1    1   -3        0.99393522   0.00000000
        -1    1    2        -1    1   -3        0.00011786  -0.00000000
        -1    1    2        -1    1    2        0.99393522   0.00000000
         0   -1    2        -1    1    2        0.00023216  -0.00000000
         0   -1    2         0   -1    2        0.99394691  -0.00000000
         0    1   -3         0   -1    2        0.00035487   0.00000000
         0    1   -3         0    1   -3        0.99394691  -0.00000000
         1   -1   -3         0    1   -3        0.00023216  -0.00000000
         1   -1   -3         1   -1   -3        0.99393522  -0.00000000
         1   -1    2         1   -1   -3        0.00011786   0.00000000
         1   -1    2         1   -1    2        0.99393522  -0.00000000
         1    0   -3         1   -1    2        0.00026697  -0.00000000
         1    0   -3         1    0   -3        0.99394691   0.00000000
         1    1    3         1    0   -3       -0.00038537  -0.00000000
         1    1    3         1    1    3        0.99394691   0.00000000
         1    2   -2         1    1    3        0.00026697   0.00000000
         1    2   -2         1    2   -2        0.99393522  -0.00000000
         1    2    3         1    2   -2        0.00011786  -0.00000000
         1    2    3         1    2    3        0.99393522  -0.00000000
         2    1   -2         1    2    3        0.00012983   0.00000000
         2    1   -2         2    1   -2        0.99393522   0.00000000
         2    1    3         2    1   -2        0.00011786  -0.00000000
         2    1    3         2    1    3        0.99393522   0.00000000
        -3   -2   -4         2    1    3       -0.00016222   0.00000000
        -3   -2   -4        -3   -2   -4        0.99573690   0.00000000
        -3   -1    0        -3   -2   -4       -0.00015030  -0.00000000
        -3   -1    0        -3   -1    0        0.99573690  -0.00000000
        -2   -3   -4        -3   -1    0       -0.00006676  -0.00000000
        -2   -3   -4        -2   -3   -4        0.99573690   0.00000000
        -2    1    1        -2   -3   -4       -0.00010072   0.00000000
        -2    1    1        -2    1    1        0.99573690  -0.00000000
         2   -2   -2        -2    1    1       -0.00004169  -0.00000000
         2   -2   -2         2   -2   -2        0.99936733   0.00000000
         2   -2    1         2   -2   -2       -0.00008664  -0.00000000
         2   -2    1         2   -2    1        0.99936733  -0.00000000
         2    4    0         2   -2    1        0.00001189   0.00000000
         2    4    0         2    4    0        0.99936733  -0.00000000
         2    4    3         2    4    0       -0.00008664   0.00000000
         2    4    3         2    4    3        0.99936733  -0.00000000
         3   -1   -1         2    4    3       -0.00005744  -0.00000000
         3   -1   -1         3   -1   -1        0.99941594  -0.00000000
         3    4    3         3   -1   -1       -0.00001516   0.00000000
         3    4    3         3    4    3        0.99941594   0.00000000
         4    1    0         3    4    3       -0.00007310   0.00000000
         4    1    0         4    1    0        0.99941594  -0.00000000
         4    2    0         4    1    0       -0.00028621  -0.00000000
         4    2    0         4    2    0        0.99936733   0.00000000
         4    2    3         4    2    0       -0.00008664  -0.00000000
         4    2    3         4    2    3        0.99936733  -0.00000000
         4    3    3         4    2    3       -0.00028621   0.00000000
         4    3    3         4    3    3        0.99941594   0.00000000
        -2   -2   -5         4    3    3       -0.00000118  -0.00000000
        -2   -2   -5        -2   -2   -5        0.99962522  -0.00000000
        -2    0    2        -2   -2   -5       -0.00001171  -0.00000000
        -2    0    2        -2    0    2        0.99962522   0.00000000
         0   -2    2        -2    0    2        0.00005855   0.00000000
         0   -2    2         0   -2    2        0.99962522  -0.00000000
         0    2   -3         0   -2    2        0.00004779   0.00000000
         0    2   -3         0    2   -3        0.99962522   0.00000000
         2    0   -3         0    2   -3        0.00005855   0.00000000
         2    0   -3         2    0   -3        0.99962522  -0.00000000
         2    2    4         2    0   -3       -0.00001171  -0.00000000
         2    2    4         2    2    4        0.99962522  -0.00000000
        -4   -4   -3         2    2    4        0.00001021   0.00000000
        -4   -4   -3        -4   -4   -3        0.99971987   0.00000000
        -4    0   -2        -4   -4   -3       -0.00002840   0.00000000
        -4    0   -2        -4    0   -2        0.99971987   0.00000000
        -3   -3   -5        -4    0   -2       -0.00004620  -0.00000000
        -3   -3   -5        -3   -3   -5        0.99972945  -0.00000000
        -3   -3    0        -3   -3   -5       -0.00000919  -0.00000000
        -3   -3    0        -3   -3    0        0.99968034   0.00000000
        -3   -2   -5        -3   -3    0        0.00000838  -0.00000000
        -3   -2   -5        -3   -2   -5        0.99972420   0.00000000
        -3   -1    1        -3   -2   -5       -0.00002193   0.00000000
        -3   -1    1        -3   -1    1        0.99972420   0.00000000
        -3    0   -4        -3   -1    1        0.00000838   0.00000000
        -3    0   -4        -3    0   -4        0.99968034   0.00000000
        -3    0    1        -3    0   -4       -0.00000919  -0.00000000
        -3    0    1        -3    0    1        0.99972945  -0.00000000
        -2   -3   -5        -3    0    1       -0.00003577   0.00000000
        -2   -3   -5        -2   -3   -5        0.99972420  -0.00000000
        -2    1    2        -2   -3   -5        0.00001647   0.00000000
        -2    1    2        -2    1    2        0.99972420   0.00000000
        -1   -3    1        -2    1    2       -0.00003949   0.00000000
        -1   -3    1        -1   -3    1        0.99972420   0.00000000
        -1    2   -3        -1   -3    1        0.00002770   0.00000000
        -1    2   -3        -1    2   -3        0.99972420   0.00000000
         0   -4   -2        -1    2   -3        0.00002052   0.00000000
         0   -4   -2         0   -4   -2        0.99971987  -0.00000000
         0   -3   -4         0   -4   -2       -0.00002666  -0.00000000
         0   -3   -4         0   -3   -4        0.99968034   0.00000000
         0   -3    1         0   -3   -4       -0.00000919   0.00000000
         0   -3    1         0   -3    1        0.99972945   0.00000000
         0    3   -2         0   -3    1       -0.00005935   0.00000000
         0    3   -2         0    3   -2        0.99972945   0.00000000
         2    4    4         0    3   -2        0.00000650   0.00000000
         2    4    4         2    4    4        0.99991435  -0.00000000
         2    5    2         2    4    4       -0.00001213  -0.00000000
         2    5    2         2    5    2        0.99991226   0.00000000
         3   -2    0         2    5    2       -0.00001122   0.00000000
         3   -2    0         3   -2    0        0.99991226  -0.00000000
         3    5    2         3   -2    0       -0.00000528   0.00000000
         3    5    2         3    5    2        0.99991226  -0.00000000
         4    2   -1         3    5    2       -0.00001593   0.00000000
         4    2   -1         4    2   -1        0.99991435   0.00000000
         4    2    4         4    2   -1       -0.00000569   0.00000000
         4    2    4         4    2    4        0.99991435  -0.00000000
         5    2    2         4    2    4       -0.00001213   0.00000000
         5    2    2         5    2    2        0.99991226   0.00000000
         5    3    2         5    2    2       -0.00004324  -0.00000000
         5    3    2         5    3    2        0.99991226   0.00000000
        -5   -3   -4         5    3    2       -0.00000308   0.00000000
        -5   -3   -4        -5   -3   -4        0.99993587  -0.00000000
        -5   -2   -2        -5   -3   -4        0.00002171   0.00000000
        -5   -2   -2        -5   -2   -2        0.99993587  -0.00000000
        -4   -4   -5        -5   -2   -2       -0.00001154  -0.00000000
        -4   -4   -5        -4   -4   -5        0.99993556   0.00000000
        -4    0    0        -4   -4   -5        0.00000672  -0.00000000
        -4    0    0        -4    0    0        0.99993556  -0.00000000
        -3   -5   -4        -4    0    0       -0.00000113  -0.00000000
        -3   -5   -4        -3   -5   -4        0.99993587   0.00000000
        -3    2    0        -3   -5   -4        0.00000756  -0.00000000
        -3    2    0        -3    2    0        0.99993587   0.00000000
        -2   -5   -2        -3    2    0       -0.00000930  -0.00000000
        -2   -5   -2        -2   -5   -2        0.99993587  -0.00000000
        -2    3   -1        -2   -5   -2       -0.00000260  -0.00000000
        -2    3   -1        -2    3   -1        0.99993587   0.00000000
         0   -4    0        -2    3   -1       -0.00001240  -0.00000000
         0   -4    0         0   -4    0        0.99993556  -0.00000000
         0    4   -1         0   -4    0        0.00001872   0.00000000
         0    4   -1         0    4   -1        0.99993556   0.00000000
         2   -3    0         0    4   -1       -0.00001240   0.00000000
         2   -3    0         2   -3    0        0.99993587  -0.00000000
         2    5    1         2   -3    0       -0.00000260  -0.00000000
         2    5    1         2    5    1        0.99993587   0.00000000
         3   -2   -1         2    5    1       -0.00000930   0.00000000
         3   -2   -1         3   -2   -1        0.99993587  -0.00000000
         3    5    3         3   -2   -1        0.00000756   0.00000000
         3    5    3         3    5    3        0.99993587   0.00000000
         4    0   -1         3    5    3       -0.00000113  -0.00000000
         4    0   -1         4    0   -1        0.99993556   0.00000000
         4    4    4         4    0   -1        0.00000672   0.00000000
         4    4    4         4    4    4        0.99993556   0.00000000
         5    2    1         4    4    4       -0.00001154   0.00000000
         5    2    1         5    2    1        0.99993587  -0.00000000
         5    3    3         5    2    1        0.00002171  -0.00000000
         5    3    3         5    3    3        0.99993587  -0.00000000
        -5   -3   -2         5    3    3       -0.00001065  -0.00000000
        -5   -3   -2        -5   -3   -2        0.99994990  -0.00000000
        -5   -2   -4        -5   -3   -2       -0.00000620  -0.00000000
        -5   -2   -4        -5   -2   -4        0.99994990   0.00000000
        -3   -5   -2        -5   -2   -4        0.00000940   0.00000000
        -3   -5   -2        -3   -5   -2        0.99994990  -0.00000000
        -3    2   -2        -3   -5   -2       -0.00000777  -0.00000000
        -3    2   -2        -3    2   -2        0.99994990  -0.00000000
        -2   -5   -4        -3    2   -2       -0.00000839   0.00000000
        -2   -5   -4        -2   -5   -4        0.99994990   0.00000000
        -2   -2    2        -2   -5   -4        0.00000138   0.00000000
        -2   -2    2        -2   -2    2        0.99994968  -0.00000000
        -2   -3   -6        -2   -2    2       -0.00000239   0.00000000
        -2   -3   -6        -2   -3   -6        0.99998084  -0.00000000
        -2   -2   -6        -2   -3   -6       -0.00001103   0.00000000
        -2   -2   -6        -2   -2   -6        0.99998093  -0.00000000
        -2    0    3        -2   -2   -6       -0.00000033   0.00000000
        -2    0    3        -2    0    3        0.99998093  -0.00000000
        -2    1    3        -2    0    3       -0.00001103  -0.00000000
        -2    1    3        -2    1    3        0.99998084   0.00000000
        -1   -5   -4        -2    1    3        0.00000239  -0.00000000
        -1   -5   -4        -1   -5   -4        0.99998053  -0.00000000
        -1   -5   -1        -1   -5   -4       -0.00000061   0.00000000
        -1   -5   -1        -1   -5   -1        0.99997687   0.00000000
        -1   -3    2        -1   -5   -1        0.00000053  -0.00000000
        -1   -3    2        -1   -3    2        0.99998084  -0.00000000
        -1    2   -4        -1   -3    2        0.00000533   0.00000000
        -1    2   -4        -1    2   -4        0.99998084   0.00000000
        -1    4   -1        -1    2   -4        0.00000053   0.00000000
        -1    4   -1        -1    4   -1        0.99997687   0.00000000
        -1    4    2        -1    4   -1       -0.00000061   0.00000000
        -1    4    2        -1    4    2        0.99998053   0.00000000
         0   -2    3        -1    4    2        0.00000178   0.00000000
         0   -2    3         0   -2    3        0.99998093   0.00000000
         0    2   -4         0   -2    3       -0.00000824   0.00000000
         0    2   -4         0    2   -4        0.99998093  -0.00000000
         1   -4   -3         0    2   -4        0.00000178  -0.00000000
         1   -4   -3         1   -4   -3        0.99998053  -0.00000000
         1   -4    0         1   -4   -3       -0.00000061  -0.00000000
         1   -4    0         1   -4    0        0.99997687   0.00000000
         1   -2    3         1   -4    0        0.00000053  -0.00000000
         1   -2    3         1   -2    3        0.99998084   0.00000000
         1    3   -3         1   -2    3        0.00000533   0.00000000
         1    3   -3         1    3   -3        0.99998084  -0.00000000
         1    5    0         1    3   -3        0.00000053   0.00000000
         1    5    0         1    5    0        0.99997687   0.00000000
         1    5    3         1    5    0       -0.00000061   0.00000000
         1    5    3         1    5    3        0.99998053  -0.00000000
         2   -1   -4         1    5    3        0.00000239  -0.00000000
         2   -1   -4         2   -1   -4        0.99998084  -0.00000000
         2    0   -4         2   -1   -4       -0.00001103  -0.00000000
         2    0   -4         2    0   -4        0.99998093   0.00000000
         2    2    5         2    0   -4       -0.00000033  -0.00000000
         2    2    5         2    2    5        0.99998093  -0.00000000
         2    3    5         2    2    5       -0.00001103   0.00000000
         2    3    5         2    3    5        0.99998084   0.00000000
         3    1   -3         2    3    5       -0.00000188   0.00000000
         3    1   -3         3    1   -3        0.99998084  -0.00000000
         3    2    5         3    1   -3       -0.00000166  -0.00000000
         3    2    5         3    2    5        0.99998084   0.00000000
         4   -1   -1         3    2    5        0.00000025   0.00000000
         4   -1   -1         4   -1   -1        0.99997687   0.00000000
         4   -1    2         4   -1   -1       -0.00000061  -0.00000000
         4   -1    2         4   -1    2        0.99998053  -0.00000000
         4    5    1         4   -1    2       -0.00000029  -0.00000000
         4    5    1         4    5    1        0.99998053   0.00000000
         4    5    4         4    5    1       -0.00000061  -0.00000000
         4    5    4         4    5    4        0.99997687  -0.00000000
         5    1    0         4    5    4        0.00000316   0.00000000
         5    1    0         5    1    0        0.99997687   0.00000000
         5    1    3         5    1    0       -0.00000061  -0.00000000
         5    1    3         5    1    3        0.99998053  -0.00000000
         5    4    1         5    1    3        0.00000210  -0.00000000
         5    4    1         5    4    1        0.99998053  -0.00000000
         5    4    4         5    4    1       -0.00000061   0.00000000
         5    4    4         5    4    4        0.99997687  -0.00000000
         0    1   -5         5    4    4       -0.00000136   0.00000000
         0    1   -5         0    1   -5        0.99999204   0.00000000
         0    4    4         0    1   -5        0.00000145  -0.00000000
         0    4    4         0    4    4        0.99999307   0.00000000
         1    0   -5         0    4    4        0.00000017   0.00000000
         1    0   -5         1    0   -5        0.99999204  -0.00000000
         1    1    5         1    0   -5       -0.00000418  -0.00000000
         1    1    5         1    1    5        0.99999204  -0.00000000
         3   -3   -1         1    1    5       -0.00000095  -0.00000000
         3   -3   -1         3   -3   -1        0.99999251  -0.00000000
         3   -3    0         3   -3   -1       -0.00000473  -0.00000000
         3   -3    0         3   -3    0        0.99999251   0.00000000
         3    6    2         3   -3    0        0.00000137   0.00000000
         3    6    2         3    6    2        0.99999251   0.00000000
         3    6    3         3    6    2       -0.00000473   0.00000000
         3    6    3         3    6    3        0.99999251   0.00000000
         4    0    4         3    6    3       -0.00000003   0.00000000
         4    0    4         4    0    4        0.99999307  -0.00000000
         4    4   -1         4    0    4       -0.00000048   0.00000000
         4    4   -1         4    4   -1        0.99999307   0.00000000
         6    3    2         4    4   -1       -0.00000035  -0.00000000
         6    3    2         6    3    2        0.99999251   0.00000000
         6    3    3         6    3    2       -0.00000473   0.00000000
         6    3    3         6    3    3        0.99999251  -0.00000000
        -6   -4   -4         6    3    3        0.00000031  -0.00000000
        -6   -4   -4        -6   -4   -4        0.99999368   0.00000000
        -6   -2   -3        -6   -4   -4        0.00000171  -0.00000000
        -6   -2   -3        -6   -2   -3        0.99999368   0.00000000
        -5   -4   -6        -6   -2   -3       -0.00000051   0.00000000
        -5   -4   -6        -5   -4   -6        0.99999352   0.00000000
        -5   -4   -1        -5   -4   -6       -0.00000047  -0.00000000
        -5   -4   -1        -5   -4   -1        0.99999417   0.00000000
        -5   -3   -6        -5   -4   -1       -0.00000135  -0.00000000
        -5   -3   -6        -5   -3   -6        0.99999380  -0.00000000
        -5   -2    0        -5   -3   -6        0.00000118   0.00000000
        -5   -2    0        -5   -2    0        0.99999380  -0.00000000
        -5   -1   -5        -5   -2    0       -0.00000135  -0.00000000
        -5   -1   -5        -5   -1   -5        0.99999417  -0.00000000
        -5   -1    0        -5   -1   -5       -0.00000047  -0.00000000
        -5   -1    0        -5   -1    0        0.99999352   0.00000000
        -4   -6   -4        -5   -1    0        0.00000137   0.00000000
        -4   -6   -4        -4   -6   -4        0.99999368   0.00000000
        -4   -5   -6        -4   -6   -4       -0.00000226   0.00000000
        -4   -5   -6        -4   -5   -6        0.99999352  -0.00000000
        -4   -5   -1        -4   -5   -6       -0.00000047   0.00000000
        -4   -5   -1        -4   -5   -1        0.99999417  -0.00000000
        -4    1   -4        -4   -5   -1        0.00000084   0.00000000
        -4    1   -4        -4    1   -4        0.99999417  -0.00000000
        -4    1    1        -4    1   -4       -0.00000047   0.00000000
        -4    1    1        -4    1    1        0.99999352   0.00000000
        -4    2   -1        -4    1    1       -0.00000226   0.00000000
        -4    2   -1        -4    2   -1        0.99999368   0.00000000
        -3   -5   -6        -4    2   -1        0.00000089  -0.00000000
        -3   -5   -6        -3   -5   -6        0.99999380   0.00000000
        -3    2    2        -3   -5   -6       -0.00000069  -0.00000000
        -3    2    2        -3    2    2        0.99999380   0.00000000
        -2   -6   -3        -3    2    2        0.00000134   0.00000000
        -2   -6   -3        -2   -6   -3        0.99999368   0.00000000
        -2   -5    0        -2   -6   -3        0.00000152  -0.00000000
        -2   -5    0        -2   -5    0        0.99999380   0.00000000
        -2    3   -3        -2   -5    0       -0.00000055   0.00000000
        -2    3   -3        -2    3   -3        0.99999380  -0.00000000
        -2    4    0        -2    3   -3        0.00000152  -0.00000000
        -2    4    0        -2    4    0        0.99999368   0.00000000
         2   -3   -4        -2    4    0        0.00000007   0.00000000
         2   -3   -4         2   -3   -4        0.99999654   0.00000000
         2    0    5         2   -3   -4        0.00000076  -0.00000000
         2    0    5         2    0    5        0.99999643   0.00000000
         2    2   -4         2    0    5        0.00000059  -0.00000000
         2    2   -4         2    2   -4        0.99999643  -0.00000000
         2    5    5         2    2   -4        0.00000076   0.00000000
         2    5    5         2    5    5        0.99999654  -0.00000000
         3   -2    3         2    5    5        0.00000001  -0.00000000
         3   -2    3         3   -2    3        0.99999654  -0.00000000
         3    5   -1         3   -2    3        0.00000056   0.00000000
         3    5   -1         3    5   -1        0.99999654   0.00000000
         5    0   -1         3    5   -1       -0.00000054  -0.00000000
         5    0   -1         5    0   -1        0.99999674   0.00000000
         5    2    5         5    0   -1        0.00000074  -0.00000000
         5    2    5         5    2    5        0.99999654   0.00000000
         5    3   -1         5    2    5       -0.00000028   0.00000000
         5    3   -1         5    3   -1        0.99999654  -0.00000000
         5    5    5         5    3   -1        0.00000074   0.00000000
         5    5    5         5    5    5        0.99999674   0.00000000
        -6   -5   -4         5    5    5       -0.00000071   0.00000000
        -6   -5   -4        -6   -5   -4        0.99999698  -0.00000000
        -6   -1   -3        -6   -5   -4        0.00000026  -0.00000000
        -6   -1   -3        -6   -1   -3        0.99999698   0.00000000
        -5   -6   -4        -6   -1   -3       -0.00000036  -0.00000000
        -5   -6   -4        -5   -6   -4        0.99999698   0.00000000
        -5    1   -2        -5   -6   -4        0.00000040  -0.00000000
        -5    1   -2        -5    1   -2        0.99999698   0.00000000
        -1   -6   -3        -5    1   -2        0.00000061   0.00000000
        -1   -6   -3        -1   -6   -3        0.99999698  -0.00000000
        -1   -1    4        -1   -6   -3       -0.00000008  -0.00000000
        -1   -1    4        -1   -1    4        0.99999728  -0.00000000
        -1    0   -6        -1   -1    4       -0.00000006   0.00000000
        -1    0   -6        -1    0   -6        0.99999728  -0.00000000
        -1    5    1        -1    0   -6       -0.00000008   0.00000000
        -1    5    1        -1    5    1        0.99999698   0.00000000
         0   -1   -6        -1    5    1        0.00000058   0.00000000
         0   -1   -6         0   -1   -6        0.99999728  -0.00000000
         0    1    5         0   -1   -6       -0.00000010   0.00000000
         0    1    5         0    1    5        0.99999728   0.00000000
         1   -5   -2         0    1    5        0.00000058  -0.00000000
         1   -5   -2         1   -5   -2        0.99999698   0.00000000
         1    0    5         1   -5   -2       -0.00000008  -0.00000000
         1    0    5         1    0    5        0.99999728  -0.00000000
         1    1   -5         1    0    5       -0.00000006   0.00000000
         1    1   -5         1    1   -5        0.99999728   0.00000000
         1    6    2         1    1   -5       -0.00000008   0.00000000
         1    6    2         1    6    2        0.99999698  -0.00000000
         5   -1    1         1    6    2        0.00000061  -0.00000000
         5   -1    1         5   -1    1        0.99999698  -0.00000000
         5    6    3         5   -1    1        0.00000040   0.00000000
         5    6    3         5    6    3        0.99999698  -0.00000000
         6    1    2         5    6    3       -0.00000036   0.00000000
         6    1    2         6    1    2        0.99999698  -0.00000000
         6    5    3         6    1    2        0.00000026   0.00000000
         6    5    3         6    5    3        0.99999698  -0.00000000
        -6   -5   -5         6    5    3       -0.00000074   0.00000000
        -6   -5   -5        -6   -5   -5        0.99999770   0.00000000
        -6   -4   -2        -6   -5   -5        0.00000073   0.00000000
        -6   -4   -2        -6   -4   -2        0.99999749   0.00000000
        -6   -2   -5        -6   -4   -2        0.00000007   0.00000000
        -6   -2   -5        -6   -2   -5        0.99999749   0.00000000
        -6   -1   -2        -6   -2   -5        0.00000073   0.00000000
        -6   -1   -2        -6   -1   -2        0.99999770   0.00000000
         0   -5   -5        -6   -1   -2       -0.00000040   0.00000000
         0   -5   -5         0   -5   -5        0.99999850  -0.00000000
         0   -2    4         0   -5   -5        0.00000020  -0.00000000
         0   -2    4         0   -2    4        0.99999858  -0.00000000
         0    0   -6         0   -2    4        0.00000030   0.00000000
         0    0   -6         0    0   -6        0.99999876   0.00000000
         0    0    5         0    0   -6       -0.00000055   0.00000000
         0    0    5         0    0    5        0.99999876  -0.00000000
         0    2   -5         0    0    5        0.00000030   0.00000000
         0    2   -5         0    2   -5        0.99999858   0.00000000
         0    5    4         0    2   -5        0.00000020   0.00000000
         0    5    4         0    5    4        0.99999850   0.00000000
         2    0   -5         0    5    4        0.00000017  -0.00000000
         2    0   -5         2    0   -5        0.99999858   0.00000000
         2    2    6         2    0   -5        0.00000012   0.00000000
         2    2    6         2    2    6        0.99999858   0.00000000
         3   -3   -3         2    2    6        0.00000016  -0.00000000
         3   -3   -3         3   -3   -3        0.99999847   0.00000000
         3   -3    2         3   -3   -3       -0.00000004  -0.00000000
         3   -3    2         3   -3    2        0.99999847  -0.00000000
         3    6    0         3   -3    2       -0.00000019  -0.00000000
         3    6    0         3    6    0        0.99999847   0.00000000
         3    6    5         3    6    0       -0.00000004  -0.00000000
         3    6    5         3    6    5        0.99999847  -0.00000000
         5    0    4         3    6    5       -0.00000017   0.00000000
         5    0    4         5    0    4        0.99999850  -0.00000000
         5    5    0         5    0    4        0.00000005  -0.00000000
         5    5    0         5    5    0        0.99999850   0.00000000
         6    3    0         5    5    0       -0.00000060   0.00000000
         6    3    0         6    3    0        0.99999847  -0.00000000
         6    3    5         6    3    0       -0.00000004   0.00000000
         6    3    5         6    3    5        0.99999847  -0.00000000
        -6   -5   -6         6    3    5        0.00000006   0.00000000
        -6   -5   -6        -6   -5   -6        0.99999892   0.00000000
        -6   -1   -1        -6   -5   -6        0.00000012  -0.00000000
        -6   -1   -1        -6   -1   -1        0.99999892  -0.00000000
        -5   -6   -6        -6   -1   -1        0.00000020   0.00000000
        -5   -6   -6        -5   -6   -6        0.99999892  -0.00000000
        -5   -4   -7        -5   -6   -6       -0.00000044   0.00000000
        -5   -4   -7        -5   -4   -7        0.99999875  -0.00000000
        -5   -4    0        -5   -4   -7        0.00000008   0.00000000
        -5   -4    0        -5   -4    0        0.99999869   0.00000000
        -5   -1   -6        -5   -4    0       -0.00000001   0.00000000
        -5   -1   -6        -5   -1   -6        0.99999869   0.00000000
        -5   -1    1        -5   -1   -6        0.00000008   0.00000000
        -5   -1    1        -5   -1    1        0.99999875  -0.00000000
        -5    1    0        -5   -1    1       -0.00000044   0.00000000
        -5    1    0        -5    1    0        0.99999892  -0.00000000
        -4   -5   -7        -5    1    0        0.00000013   0.00000000
        -4   -5   -7        -4   -5   -7        0.99999875  -0.00000000
        -4   -5    0        -4   -5   -7        0.00000008   0.00000000
        -4   -5    0        -4   -5    0        0.99999869   0.00000000
        -4   -2   -7        -4   -5    0        0.00000016   0.00000000
        -4   -2   -7        -4   -2   -7        0.99999868   0.00000000
        -4   -2    2        -4   -2   -7        0.00000000   0.00000000
        -4   -2    2        -4   -2    2        0.99999868  -0.00000000
        -4    1   -5        -4   -2    2        0.00000016   0.00000000
        -4    1   -5        -4    1   -5        0.99999869   0.00000000
        -4    1    2        -4    1   -5        0.00000008   0.00000000
        -4    1    2        -4    1    2        0.99999875   0.00000000
        -2   -4   -7        -4    1    2        0.00000016  -0.00000000
        -2   -4   -7        -2   -4   -7        0.99999868  -0.00000000
        -2   -4    2        -2   -4   -7        0.00000000   0.00000000
        -2   -4    2        -2   -4    2        0.99999868   0.00000000
        -2    1   -6        -2   -4    2       -0.00000007   0.00000000
        -2    1   -6        -2    1   -6        0.99999918  -0.00000000
        -2    4    3        -2    1   -6        0.00000004   0.00000000
        -2    4    3        -2    4    3        0.99999915  -0.00000000
        -1   -3   -7        -2    4    3        0.00000001  -0.00000000
        -1   -3   -7        -1   -3   -7        0.99999918  -0.00000000
        -1   -2   -7        -1   -3   -7       -0.00000053   0.00000000
        -1   -2   -7        -1   -2   -7        0.99999924   0.00000000
        -1   -2    4        -1   -2   -7       -0.00000006   0.00000000
        -1   -2    4        -1   -2    4        0.99999924   0.00000000
        -1    1   -6        -1   -2    4        0.00000019   0.00000000
        -1    1   -6        -1    1   -6        0.99999924   0.00000000
        -1    1    5        -1    1   -6       -0.00000006   0.00000000
        -1    1    5        -1    1    5        0.99999924  -0.00000000
        -1    2    5        -1    1    5       -0.00000053  -0.00000000
        -1    2    5        -1    2    5        0.99999918  -0.00000000
         1   -2   -6        -1    2    5       -0.00000003  -0.00000000
         1   -2   -6         1   -2   -6        0.99999918  -0.00000000
         1   -1   -6         1   -2   -6       -0.00000053   0.00000000
         1   -1   -6         1   -1   -6        0.99999924  -0.00000000
         1   -1    5         1   -1   -6       -0.00000006   0.00000000
         1   -1    5         1   -1    5        0.99999924  -0.00000000
         1    2   -5         1   -1    5        0.00000019   0.00000000
         1    2   -5         1    2   -5        0.99999924  -0.00000000
         1    2    6         1    2   -5       -0.00000006  -0.00000000
         1    2    6         1    2    6        0.99999924  -0.00000000
         1    3    6         1    2    6       -0.00000053  -0.00000000
         1    3    6         1    3    6        0.99999918  -0.00000000
         2   -4   -4         1    3    6        0.00000001  -0.00000000
         2   -4   -4         2   -4   -4        0.99999915   0.00000000
         2   -1    5         2   -4   -4        0.00000004   0.00000000
         2   -1    5         2   -1    5        0.99999918  -0.00000000
         2    1   -5         2   -1    5       -0.00000002   0.00000000
         2    1   -5         2    1   -5        0.99999924   0.00000000
         2    1    6         2    1   -5       -0.00000006   0.00000000
         2    1    6         2    1    6        0.99999924   0.00000000
         2    3   -4         2    1    6       -0.00000002   0.00000000
         2    3   -4         2    3   -4        0.99999918   0.00000000
         2    6    5         2    3   -4        0.00000004   0.00000000
         2    6    5         2    6    5        0.99999915  -0.00000000
         3   -4   -1         2    6    5       -0.00000005  -0.00000000
         3   -4   -1         3   -4   -1        0.99999916   0.00000000
         3    1    6         3   -4   -1       -0.00000012   0.00000000
         3    1    6         3    1    6        0.99999918  -0.00000000
         3    2   -4         3    1    6       -0.00000004  -0.00000000
         3    2   -4         3    2   -4        0.99999918   0.00000000
         3    7    3         3    2   -4       -0.00000012   0.00000000
         3    7    3         3    7    3        0.99999916  -0.00000000
         4   -3    0         3    7    3        0.00000011  -0.00000000
         4   -3    0         4   -3    0        0.99999916  -0.00000000
         4   -2    3         4   -3    0        0.00000036  -0.00000000
         4   -2    3         4   -2    3        0.99999915  -0.00000000
         4    6    0         4   -2    3        0.00000001   0.00000000
         4    6    0         4    6    0        0.99999915   0.00000000
         4    7    3         4    6    0        0.00000036   0.00000000
         4    7    3         4    7    3        0.99999916  -0.00000000
         6    2    5         4    7    3        0.00000008   0.00000000
         6    2    5         6    2    5        0.99999915   0.00000000
         6    4    0         6    2    5       -0.00000016  -0.00000000
         6    4    0         6    4    0        0.99999915   0.00000000
         7    3    3         6    4    0        0.00000013  -0.00000000
         7    3    3         7    3    3        0.99999916  -0.00000000
         7    4    3         7    3    3       -0.00000057  -0.00000000
         7    4    3         7    4    3        0.99999916   0.00000000
         6    2   -1         7    4    3       -0.00000007  -0.00000000
         6    2   -1         6    2   -1        0.99999948   0.00000000
         6    4    6         6    2   -1        0.00000005   0.00000000
         6    4    6         6    4    6        0.99999948   0.00000000
         7    2    2         6    4    6        0.00000006   0.00000000
         7    2    2         7    2    2        0.99999947   0.00000000
         7    2    3         7    2    2       -0.00000037  -0.00000000
         7    2    3         7    2    3        0.99999945  -0.00000000
         7    5    3         7    2    3        0.00000012  -0.00000000
         7    5    3         7    5    3        0.99999945   0.00000000
         7    5    4         7    5    3       -0.00000037  -0.00000000
         7    5    4         7    5    4        0.99999947  -0.00000000
        -6   -5   -7         7    5    4        0.00000008  -0.00000000
        -6   -5   -7        -6   -5   -7        0.99999954   0.00000000
        -6   -1    0        -6   -5   -7       -0.00000007  -0.00000000
        -6   -1    0        -6   -1    0        0.99999954   0.00000000
        -5   -6   -7        -6   -1    0       -0.00000002   0.00000000
        -5   -6   -7        -5   -6   -7        0.99999954   0.00000000
        -5    1    1        -5   -6   -7       -0.00000003   0.00000000
        -5    1    1        -5    1    1        0.99999954  -0.00000000
        -1   -6    0        -5    1    1        0.00000001   0.00000000
        -1   -6    0        -1   -6    0        0.99999954  -0.00000000
        -1    5   -2        -1   -6    0       -0.00000003   0.00000000
        -1    5   -2        -1    5   -2        0.99999954  -0.00000000
         1   -5    1        -1    5   -2        0.00000004   0.00000000
         1   -5    1         1   -5    1        0.99999954  -0.00000000
         1    6   -1         1   -5    1       -0.00000003   0.00000000
         1    6   -1         1    6   -1        0.99999954  -0.00000000
         5   -1   -2         1    6   -1        0.00000001   0.00000000
         5   -1   -2         5   -1   -2        0.99999954  -0.00000000
         5    6    6         5   -1   -2       -0.00000003  -0.00000000
         5    6    6         5    6    6        0.99999954  -0.00000000
         6    1   -1         5    6    6       -0.00000002  -0.00000000
         6    1   -1         6    1   -1        0.99999954   0.00000000
         6    5    6         6    1   -1       -0.00000007   0.00000000
         6    5    6         6    5    6        0.99999954  -0.00000000
        -7   -4   -6         6    5    6        0.00000008  -0.00000000
        -7   -4   -6        -7   -4   -6        0.99999959  -0.00000000
        -7   -3   -2        -7   -4   -6        0.00000012   0.00000000
        -7   -3   -2        -7   -3   -2        0.99999959   0.00000000
        -6   -3   -7        -7   -3   -2       -0.00000004  -0.00000000
        -6   -3   -7        -6   -3   -7        0.99999958  -0.00000000
        -6   -3    0        -6   -3   -7        0.00000005   0.00000000
        -6   -3    0        -6   -3    0        0.99999958   0.00000000
        -4   -7   -6        -6   -3    0        0.00000007   0.00000000
        -4   -7   -6        -4   -7   -6        0.99999959  -0.00000000
        -4    3    1        -4   -7   -6       -0.00000002   0.00000000
        -4    3    1        -4    3    1        0.99999959  -0.00000000
        -3   -7   -2        -4    3    1        0.00000002  -0.00000000
        -3   -7   -2        -3   -7   -2        0.99999959   0.00000000
        -3   -6   -7        -3   -7   -2       -0.00000004  -0.00000000
        -3   -6   -7        -3   -6   -7        0.99999958  -0.00000000
        -3   -6    0        -3   -6   -7        0.00000005   0.00000000
        -3   -6    0        -3   -6    0        0.99999958   0.00000000
        -3    3   -4        -3   -6    0        0.00000001  -0.00000000
        -3    3   -4        -3    3   -4        0.99999958  -0.00000000
        -3    3    3        -3    3   -4        0.00000005   0.00000000
        -3    3    3        -3    3    3        0.99999958  -0.00000000
        -3    4   -2        -3    3    3       -0.00000004  -0.00000000
        -3    4   -2        -3    4   -2        0.99999959  -0.00000000
         3   -4    1        -3    4   -2        0.00000006  -0.00000000
         3   -4    1         3   -4    1        0.99999959  -0.00000000
         3   -3   -4         3   -4    1       -0.00000004   0.00000000
         3   -3   -4         3   -3   -4        0.99999958   0.00000000
         0   -6   -5         3   -3   -4       -0.00000013   0.00000000
         0   -6   -5         0   -6   -5        0.99999971  -0.00000000
         0   -6    0         0   -6   -5        0.00000004  -0.00000000
         0   -6    0         0   -6    0        0.99999969  -0.00000000
         0   -3   -7         0   -6    0       -0.00000003  -0.00000000
         0   -3   -7         0   -3   -7        0.99999972  -0.00000000
         0   -3    4         0   -3   -7        0.00000002  -0.00000000
         0   -3    4         0   -3    4        0.99999972  -0.00000000
         0    3   -5         0   -3    4       -0.00000001  -0.00000000
         0    3   -5         0    3   -5        0.99999972  -0.00000000
         0    3    6         0    3   -5        0.00000002  -0.00000000
         0    3    6         0    3    6        0.99999972   0.00000000
         0    6   -1         0    3    6       -0.00000003  -0.00000000
         0    6   -1         0    6   -1        0.99999969  -0.00000000
         0    6    4         0    6   -1        0.00000004  -0.00000000
         0    6    4         0    6    4        0.99999971  -0.00000000
         1   -6   -2         0    6    4       -0.00000002  -0.00000000
         1   -6   -2         1   -6   -2        0.99999971  -0.00000000
         1   -3    4         1   -6   -2        0.00000002   0.00000000
         1   -3    4         1   -3    4        0.99999972   0.00000000
         1    4   -4         1   -3    4       -0.00000002   0.00000000
         1    4   -4         1    4   -4        0.99999972   0.00000000
         1    7    2         1    4   -4        0.00000002  -0.00000000
         1    7    2         1    7    2        0.99999971   0.00000000
         3   -1   -5         1    7    2        0.00000002   0.00000000
         3   -1   -5         3   -1   -5        0.99999972   0.00000000
         3    0   -5         3   -1   -5       -0.00000019   0.00000000
         3    0   -5         3    0   -5        0.99999972  -0.00000000
         3    0    6         3    0   -5        0.00000002  -0.00000000
         3    0    6         3    0    6        0.99999972   0.00000000
         3    3   -4         3    0    6       -0.00000001   0.00000000
         3    3   -4         3    3   -4        0.99999972  -0.00000000
         3    3    7         3    3   -4        0.00000002  -0.00000000
         3    3    7         3    3    7        0.99999972   0.00000000
         3    4    7         3    3    7       -0.00000019   0.00000000
         3    4    7         3    4    7        0.99999972  -0.00000000
         4    1   -4         3    4    7       -0.00000000  -0.00000000
         4    1   -4         4    1   -4        0.99999972   0.00000000
         4    3    7         4    1   -4       -0.00000002   0.00000000
         4    3    7         4    3    7        0.99999972  -0.00000000
         6   -1    1         4    3    7        0.00000005   0.00000000
         6   -1    1         6   -1    1        0.99999971  -0.00000000
         6    0   -1         6   -1    1       -0.00000015  -0.00000000
         6    0   -1         6    0   -1        0.99999969  -0.00000000
         6    0    4         6    0   -1        0.00000004  -0.00000000
         6    0    4         6    0    4        0.99999971   0.00000000
         6    6    1         6    0    4       -0.00000004  -0.00000000
         6    6    1         6    6    1        0.99999971  -0.00000000
         6    6    6         6    6    1        0.00000004  -0.00000000
         6    6    6         6    6    6        0.99999969   0.00000000
         6    7    4         6    6    6       -0.00000015  -0.00000000
         6    7    4         6    7    4        0.99999971   0.00000000
         7    1    2         6    7    4        0.00000005  -0.00000000
         7    1    2         7    1    2        0.99999971   0.00000000
         7    6    4         7    1    2        0.00000003   0.00000000
         7    6    4         7    6    4        0.99999971   0.00000000
        -7   -6   -4         7    6    4        0.00000004  -0.00000000
        -7   -6   -4        -7   -6   -4        0.99999975  -0.00000000
        -7   -1   -4        -7   -6   -4        0.00000003   0.00000000
        -7   -1   -4        -7   -1   -4        0.99999975   0.00000000
        -6   -7   -4        -7   -1   -4       -0.00000001  -0.00000000
        -6   -7   -4        -6   -7   -4        0.99999975  -0.00000000
        -6    1   -3        -6   -7   -4        0.00000003  -0.00000000
        -6    1   -3        -6    1   -3        0.99999975  -0.00000000
        -7   -2   -6        -6    1   -3       -0.00000007   0.00000000
        -7   -2   -6        -7   -2   -6        0.99999983  -0.00000000
        -7   -2   -1        -7   -2   -6        0.00000003   0.00000000
        -7   -2   -1        -7   -2   -1        0.99999982   0.00000000
        -5   -7   -7        -7   -2   -1        0.00000003   0.00000000
        -5   -7   -7        -5   -7   -7        0.99999982  -0.00000000
        -5   -7   -2        -5   -7   -7        0.00000003  -0.00000000
        -5   -7   -2        -5   -7   -2        0.99999983  -0.00000000
        -5    2   -4        -5   -7   -2       -0.00000000  -0.00000000
        -5    2   -4        -5    2   -4        0.99999983  -0.00000000
        -5    2    1        -5    2   -4        0.00000003   0.00000000
        -5    2    1        -5    2    1        0.99999982   0.00000000
        -4   -7   -7        -5    2    1       -0.00000000   0.00000000
        -4   -7   -7        -4   -7   -7        0.99999983  -0.00000000
        -4   -4    2        -4   -7   -7       -0.00000003  -0.00000000
        -4   -4    2        -4   -4    2        0.99999983   0.00000000
        -4   -2   -8        -4   -4    2        0.00000001   0.00000000
        -4   -2   -8        -4   -2   -8        0.99999983  -0.00000000
        -4   -2    3        -4   -2   -8        0.00000001  -0.00000000
        -4   -2    3        -4   -2    3        0.99999983  -0.00000000
        -4    0   -7        -4   -2    3        0.00000001  -0.00000000
        -4    0   -7        -4    0   -7        0.99999983   0.00000000
        -4    3    2        -4    0   -7       -0.00000003  -0.00000000
        -4    3    2        -4    3    2        0.99999983  -0.00000000
        -3   -7   -1        -4    3    2       -0.00000001   0.00000000
        -3   -7   -1        -3   -7   -1        0.99999983   0.00000000
        -3    4   -3        -3   -7   -1       -0.00000001   0.00000000
        -3    4   -3        -3    4   -3        0.99999983   0.00000000
        -2   -7   -6        -3    4   -3       -0.00000001   0.00000000
        -2   -7   -6        -2   -7   -6        0.99999983  -0.00000000
        -2   -7   -1        -2   -7   -6        0.00000003  -0.00000000
        -2   -7   -1        -2   -7   -1        0.99999982  -0.00000000
        -2   -4   -8        -2   -7   -1       -0.00000003  -0.00000000
        -2   -4   -8        -2   -4   -8        0.99999983   0.00000000
        -2   -4    3        -2   -4   -8        0.00000001   0.00000000
        -2   -4    3        -2   -4    3        0.99999983  -0.00000000
        -2    2   -6        -2   -4    3        0.00000001  -0.00000000
        -2    2   -6        -2    2   -6        0.99999983   0.00000000
        -2    2    5        -2    2   -6        0.00000001  -0.00000000
        -2    2    5        -2    2    5        0.99999983  -0.00000000
        -2    5   -2        -2    2    5       -0.00000003  -0.00000000
        -2    5   -2        -2    5   -2        0.99999982   0.00000000
        -2    5    3        -2    5   -2        0.00000003  -0.00000000
        -2    5    3        -2    5    3        0.99999983  -0.00000000
         0   -4   -7        -2    5    3       -0.00000000  -0.00000000
         0   -4   -7         0   -4   -7        0.99999983  -0.00000000
         0    4    6         0   -4   -7        0.00000003   0.00000000
         0    4    6         0    4    6        0.99999983   0.00000000
         2   -5   -4         0    4    6       -0.00000000   0.00000000
         2   -5   -4         2   -5   -4        0.99999983   0.00000000
         2   -5    1         2   -5   -4        0.00000003  -0.00000000
         2   -5    1         2   -5    1        0.99999982   0.00000000
         2   -2   -6         2   -5    1       -0.00000003  -0.00000000
         2   -2   -6         2   -2   -6        0.99999983   0.00000000
         2   -2    5         2   -2   -6        0.00000001  -0.00000000
         2   -2    5         2   -2    5        0.99999983   0.00000000
         2    4   -4         2   -2    5        0.00000001  -0.00000000
         2    4   -4         2    4   -4        0.99999983  -0.00000000
         2    4    7         2    4   -4        0.00000001  -0.00000000
         2    4    7         2    4    7        0.99999983  -0.00000000
         2    7    0         2    4    7       -0.00000003   0.00000000
         2    7    0         2    7    0        0.99999982   0.00000000
         2    7    5         2    7    0        0.00000003  -0.00000000
         2    7    5         2    7    5        0.99999983  -0.00000000
         8    4    3         2    7    5        0.00000002  -0.00000000
         8    4    3         8    4    3        0.99999988  -0.00000000
         8    4    4         8    4    3       -0.00000008  -0.00000000
         8    4    4         8    4    4        0.99999988  -0.00000000
        -8   -5   -5         8    4    4        0.00000000  -0.00000000
        -8   -5   -5        -8   -5   -5        0.99999990   0.00000000
        -8   -3   -4        -8   -5   -5        0.00000005   0.00000000
        -8   -3   -4        -8   -3   -4        0.99999990  -0.00000000
        -7   -7   -5        -8   -3   -4        0.00000003  -0.00000000
        -7   -7   -5        -7   -7   -5        0.99999990  -0.00000000
        -7    0   -3        -7   -7   -5        0.00000001  -0.00000000
        -7    0   -3        -7    0   -3        0.99999990   0.00000000
        -5   -8   -5        -7    0   -3        0.00000002   0.00000000
        -5   -8   -5        -5   -8   -5        0.99999990  -0.00000000
        -5   -3    2        -5   -8   -5       -0.00000001  -0.00000000
        -5   -3    2        -5   -3    2        0.99999990  -0.00000000
        -5   -2   -8        -5   -3    2        0.00000002  -0.00000000
        -5   -2   -8        -5   -2   -8        0.99999990  -0.00000000
        -5    3   -1        -5   -2   -8       -0.00000001   0.00000000
        -5    3   -1        -5    3   -1        0.99999990  -0.00000000
        -3   -8   -4        -5    3   -1       -0.00000000  -0.00000000
        -3   -8   -4        -3   -8   -4        0.99999990  -0.00000000
        -3   -5    2        -3   -8   -4        0.00000000   0.00000000
        -3   -5    2        -3   -5    2        0.99999990  -0.00000000
        -3    2   -6        -3   -5    2       -0.00000001   0.00000000
        -3    2   -6        -3    2   -6        0.99999990   0.00000000
        -3    5    0        -3    2   -6        0.00000000  -0.00000000
        -3    5    0        -3    5    0        0.99999990   0.00000000
        -2   -5   -8        -3    5    0        0.00000000  -0.00000000
        -2   -5   -8        -2   -5   -8        0.99999990   0.00000000
        -2    3    5        -2   -5   -8        0.00000002   0.00000000
        -2    3    5        -2    3    5        0.99999990   0.00000000
         0   -7   -3        -2    3    5       -0.00000000   0.00000000
         0   -7   -3         0   -7   -3        0.99999990  -0.00000000
         0    7    2         0   -7   -3        0.00000001  -0.00000000
         0    7    2         0    7    2        0.99999990   0.00000000
         2   -3   -6         0    7    2       -0.00000000   0.00000000
         2   -3   -6         2   -3   -6        0.99999990   0.00000000
         2    5    7         2   -3   -6        0.00000002   0.00000000
         2    5    7         2    5    7        0.99999990  -0.00000000
         3   -5   -1         2    5    7        0.00000000   0.00000000
         3   -5   -1         3   -5   -1        0.99999990  -0.00000000
         3   -2    5         3   -5   -1        0.00000000  -0.00000000
         3   -2    5         3   -2    5        0.99999990   0.00000000
         3    5   -3         3   -2    5       -0.00000001   0.00000000
         3    5   -3         3    5   -3        0.99999990  -0.00000000
         3    8    3         3    5   -3        0.00000000  -0.00000000
         3    8    3         3    8    3        0.99999990   0.00000000
         5   -3    0         3    8    3       -0.00000000   0.00000000
         5   -3    0         5   -3    0        0.99999990  -0.00000000
         5    2    7         5   -3    0       -0.00000001   0.00000000
         5    2    7         5    2    7        0.99999990   0.00000000
         5    3   -3         5    2    7        0.00000002   0.00000000
         5    3   -3         5    3   -3        0.99999990  -0.00000000
         5    8    4         5    3   -3       -0.00000001   0.00000000
         5    8    4         5    8    4        0.99999990   0.00000000
         7    0    2         5    8    4        0.00000002  -0.00000000
         7    0    2         7    0    2        0.99999990  -0.00000000
         7    7    4         7    0    2        0.00000001   0.00000000
         7    7    4         7    7    4        0.99999990  -0.00000000
         8    3    3         7    7    4        0.00000003   0.00000000
         8    3    3         8    3    3        0.99999990  -0.00000000
         8    5    4         8    3    3        0.00000005  -0.00000000
         8    5    4         8    5    4        0.99999990  -0.00000000
         5   -3   -1         8    5    4        0.00000001  -0.00000000
         5   -3   -1         5   -3   -1        0.99999992   0.00000000
         5   -1    5         5   -3   -1       -0.00000000   0.00000000
         5   -1    5         5   -1    5        0.99999993   0.00000000
         5    6   -1         5   -1    5        0.00000001   0.00000000
         5    6   -1         5    6   -1        0.99999993   0.00000000
         5    8    5         5    6   -1       -0.00000000  -0.00000000
         5    8    5         5    8    5        0.99999992  -0.00000000
         6    1    6         5    8    5       -0.00000001  -0.00000000
         6    1    6         6    1    6        0.99999993   0.00000000
         6    5   -1         6    1    6       -0.00000001  -0.00000000
         6    5   -1         6    5   -1        0.99999993   0.00000000
         7    0    3         6    5   -1        0.00000001   0.00000000
         7    0    3         7    0    3        0.99999992   0.00000000
         7    7    3         7    0    3        0.00000001   0.00000000
         7    7    3         7    7    3        0.99999992   0.00000000
         8    3    2         7    7    3        0.00000002   0.00000000
         8    3    2         8    3    2        0.99999992  -0.00000000
         8    4    2         8    3    2       -0.00000005   0.00000000
         8    4    2         8    4    2        0.99999992  -0.00000000
         8    4    5         8    4    2        0.00000003  -0.00000000
         8    4    5         8    4    5        0.99999992   0.00000000
         8    5    5         8    4    5       -0.00000005   0.00000000
         8    5    5         8    5    5        0.99999992  -0.00000000
        -5   -5    1         8    5    5       -0.00000000   0.00000000
        -5   -5    1        -5   -5    1        0.99999994  -0.00000000
        -5    0   -7        -5   -5    1       -0.00000001   0.00000000
        -5    0   -7        -5    0   -7        0.99999994  -0.00000000
        -4   -3    3        -5    0   -7        0.00000001   0.00000000
        -4   -3    3        -4   -3    3        0.99999993   0.00000000
        -4   -1   -8        -4   -3    3        0.00000001  -0.00000000
        -4   -1   -8        -4   -1   -8        0.99999993  -0.00000000
        -3   -4    3        -4   -1   -8        0.00000000   0.00000000
        -3   -4    3        -3   -4    3        0.99999993  -0.00000000
        -3    1   -7        -3   -4    3        0.00000001  -0.00000000
        -3    1   -7        -3    1   -7        0.99999993  -0.00000000
        -1   -4   -8        -3    1   -7       -0.00000000   0.00000000
        -1   -4   -8        -1   -4   -8        0.99999993  -0.00000000
        -1    3    6        -1   -4   -8        0.00000002   0.00000000
        -1    3    6        -1    3    6        0.99999993  -0.00000000
         0   -5   -7        -1    3    6        0.00000003  -0.00000000
         0   -5   -7         0   -5   -7        0.99999994  -0.00000000
         0    5    6         0   -5   -7       -0.00000002  -0.00000000
         0    5    6         0    5    6        0.99999994  -0.00000000
         1   -3   -7         0    5    6        0.00000003  -0.00000000
         1   -3   -7         1   -3   -7        0.99999993  -0.00000000
         1    4    7         1   -3   -7        0.00000002   0.00000000
         1    4    7         1    4    7        0.99999993   0.00000000
         3   -1    6         1    4    7       -0.00000000   0.00000000
         3   -1    6         3   -1    6        0.99999993  -0.00000000
         3    4   -4         3   -1    6        0.00000001  -0.00000000
         3    4   -4         3    4   -4        0.99999993   0.00000000
         4    1    7         3    4   -4        0.00000000  -0.00000000
         4    1    7         4    1    7        0.99999993  -0.00000000
         4    3   -4         4    1    7        0.00000001  -0.00000000
         4    3   -4         4    3   -4        0.99999993  -0.00000000
         5    0    6         4    3   -4        0.00000001  -0.00000000
         5    0    6         5    0    6        0.99999994  -0.00000000
         5    5   -2         5    0    6       -0.00000001   0.00000000
         5    5   -2         5    5   -2        0.99999994  -0.00000000
        -8   -6   -5         5    5   -2        0.00000000   0.00000000
        -8   -6   -5        -8   -6   -5        0.99999994  -0.00000000
        -8   -2   -4        -8   -6   -5        0.00000002   0.00000000
        -8   -2   -4        -8   -2   -4        0.99999994   0.00000000
         3   -4    3        -8   -2   -4        0.00000000   0.00000000
         3   -4    3         3   -4    3        0.99999996   0.00000000
         3    7   -1         3   -4    3       -0.00000000  -0.00000000
         3    7   -1         3    7   -1        0.99999996   0.00000000
         4   -3   -4         3    7   -1       -0.00000001   0.00000000
         4   -3   -4         4   -3   -4        0.99999996  -0.00000000
         4    7    7         4   -3   -4       -0.00000000  -0.00000000
         4    7    7         4    7    7        0.99999996  -0.00000000
         6   -2    2         4    7    7       -0.00000001   0.00000000
         6   -2    2         6   -2    2        0.99999996   0.00000000
         6    8    3         6   -2    2       -0.00000000  -0.00000000
         6    8    3         6    8    3        0.99999996   0.00000000
         7    3   -1         6    8    3       -0.00000000  -0.00000000
         7    3   -1         7    3   -1        0.99999996  -0.00000000
         7    4    7         7    3   -1        0.00000001   0.00000000
         7    4    7         7    4    7        0.99999996  -0.00000000
         8    2    4         7    4    7        0.00000002   0.00000000
         8    2    4         8    2    4        0.99999996   0.00000000
         8    6    3         8    2    4        0.00000001  -0.00000000
         8    6    3         8    6    3        0.99999996  -0.00000000
        -8   -5   -7         8    6    3        0.00000001   0.00000000
        -8   -5   -7        -8   -5   -7        0.99999996  -0.00000000
        -8   -3   -2        -8   -5   -7       -0.00000000  -0.00000000
        -8   -3   -2        -8   -3   -2        0.99999996  -0.00000000
        -7   -7   -3        -8   -3   -2        0.00000001  -0.00000000
        -7   -7   -3        -7   -7   -3        0.99999996  -0.00000000
        -7   -6   -8        -7   -7   -3        0.00000000  -0.00000000
        -7   -6   -8        -7   -6   -8        0.99999996  -0.00000000
        -7   -1    0        -7   -6   -8       -0.00000001   0.00000000
        -7   -1    0        -7   -1    0        0.99999996   0.00000000
        -7    0   -5        -7   -1    0        0.00000000  -0.00000000
        -7    0   -5        -7    0   -5        0.99999996  -0.00000000
        -6   -7   -8        -7    0   -5        0.00000000   0.00000000
        -6   -7   -8        -6   -7   -8        0.99999996   0.00000000
        -6   -4    1        -6   -7   -8       -0.00000001  -0.00000000
        -6   -4    1        -6   -4    1        0.99999996   0.00000000
        -6   -2   -8        -6   -4    1        0.00000000  -0.00000000
        -6   -2   -8        -6   -2   -8        0.99999996  -0.00000000
        -6    1    1        -6   -2   -8       -0.00000001  -0.00000000
        -6    1    1        -6    1    1        0.99999996   0.00000000
        -5   -8   -7        -6    1    1        0.00000001  -0.00000000
        -5   -8   -7        -5   -8   -7        0.99999996   0.00000000
        -5    3    1        -5   -8   -7       -0.00000000  -0.00000000
        -5    3    1        -5    3    1        0.99999996   0.00000000
        -4   -6    1        -5    3    1        0.00000001  -0.00000000
        -4   -6    1        -4   -6    1        0.99999996  -0.00000000
        -4   -4   -9        -4   -6    1        0.00000001  -0.00000000
        -4   -4   -9        -4   -4   -9        0.99999996   0.00000000
        -4    0    4        -4   -4   -9        0.00000000   0.00000000
        -4    0    4        -4    0    4        0.99999996   0.00000000
        -4    2   -6        -4    0    4        0.00000001  -0.00000000
        -4    2   -6        -4    2   -6        0.99999996   0.00000000
        -3   -8   -2        -4    2   -6       -0.00000000   0.00000000
        -3   -8   -2        -3   -8   -2        0.99999996  -0.00000000
        -3    5   -2        -3   -8   -2        0.00000001   0.00000000
        -3    5   -2        -3    5   -2        0.99999996   0.00000000
        -2   -6   -8        -3    5   -2        0.00000001   0.00000000
        -2   -6   -8        -2   -6   -8        0.99999996   0.00000000
        -2    4    5        -2   -6   -8       -0.00000001  -0.00000000
        -2    4    5        -2    4    5        0.99999996   0.00000000
        -1   -7    0        -2    4    5        0.00000000   0.00000000
        -1   -7    0        -1   -7    0        0.99999996   0.00000000
        -1    6   -2        -1   -7    0        0.00000002  -0.00000000
        -1    6   -2        -1    6   -2        0.99999996   0.00000000
        -3   -7   -8        -1    6   -2       -0.00000000  -0.00000000
        -3   -7   -8        -3   -7   -8        0.99999998  -0.00000000
        -3   -3   -9        -3   -7   -8        0.00000000  -0.00000000
        -3   -3   -9        -3   -3   -9        0.99999997   0.00000000
        -3   -3    4        -3   -3   -9        0.00000000  -0.00000000
        -3   -3    4        -3   -3    4        0.99999998   0.00000000
        -3    0   -8        -3   -3    4       -0.00000000  -0.00000000
        -3    0   -8        -3    0   -8        0.99999998  -0.00000000
        -3    0    5        -3    0   -8        0.00000000  -0.00000000
        -3    0    5        -3    0    5        0.99999997  -0.00000000
        -3    4    4        -3    0    5        0.00000000  -0.00000000
        -3    4    4        -3    4    4        0.99999998   0.00000000
        -2   -2    5        -3    4    4       -0.00000000   0.00000000
        -2   -2    5        -2   -2    5        0.99999998  -0.00000000
        -2    0   -8        -2   -2    5        0.00000001  -0.00000000
        -2    0   -8        -2    0   -8        0.99999998   0.00000000
         0   -3   -8        -2    0   -8       -0.00000001  -0.00000000
         0   -3   -8         0   -3   -8        0.99999998  -0.00000000
         0   -3    5         0   -3   -8        0.00000000   0.00000000
         0   -3    5         0   -3    5        0.99999997   0.00000000
         0   -2   -8         0   -3    5        0.00000001  -0.00000000
         0   -2   -8         0   -2   -8        0.99999998  -0.00000000
         0    2    7         0   -2   -8        0.00000001   0.00000000
         0    2    7         0    2    7        0.99999998   0.00000000
         0    3   -6         0    2    7        0.00000001  -0.00000000
         0    3   -6         0    3   -6        0.99999997   0.00000000
         0    3    7         0    3   -6        0.00000000  -0.00000000
         0    3    7         0    3    7        0.99999998  -0.00000000
         2    0    7         0    3    7       -0.00000001  -0.00000000
         2    0    7         2    0    7        0.99999998   0.00000000
         2    2   -6         2    0    7        0.00000001  -0.00000000
         2    2   -6         2    2   -6        0.99999998  -0.00000000
         3   -4   -5         2    2   -6       -0.00000000  -0.00000000
         3   -4   -5         3   -4   -5        0.99999998   0.00000000
         3    0   -6         3   -4   -5        0.00000000   0.00000000
         3    0   -6         3    0   -6        0.99999997   0.00000000
         3    0    7         3    0   -6        0.00000000   0.00000000
         3    0    7         3    0    7        0.99999998   0.00000000
         3    3   -5         3    0    7       -0.00000000   0.00000000
         3    3   -5         3    3   -5        0.99999998  -0.00000000
         3    3    8         3    3   -5        0.00000000   0.00000000
         3    3    8         3    3    8        0.99999997  -0.00000000
         3    7    7         3    3    8        0.00000000   0.00000000
         3    7    7         3    7    7        0.99999998  -0.00000000
         4   -3    4         3    7    7       -0.00000001  -0.00000000
         4   -3    4         4   -3    4        0.99999998   0.00000000
         4    7   -1         4   -3    4       -0.00000000   0.00000000
         4    7   -1         4    7   -1        0.99999998  -0.00000000
         7    3    7         4    7   -1        0.00000000  -0.00000000
         7    3    7         7    3    7        0.99999998  -0.00000000
         7    4   -1         7    3    7        0.00000000   0.00000000
         7    4   -1         7    4   -1        0.99999998   0.00000000
        -8   -7   -6         7    4   -1       -0.00000000   0.00000000
        -8   -7   -6        -8   -7   -6        0.99999998   0.00000000
        -8   -7   -5        -8   -7   -6       -0.00000002   0.00000000
        -8   -7   -5        -8   -7   -5        0.99999998   0.00000000
        -8   -6   -3        -8   -7   -5        0.00000001   0.00000000
        -8   -6   -3        -8   -6   -3        0.99999998   0.00000000
        -8   -2   -6        -8   -6   -3       -0.00000000   0.00000000
        -8   -2   -6        -8   -2   -6        0.99999998   0.00000000
        -8   -1   -4        -8   -2   -6        0.00000001   0.00000000
        -8   -1   -4        -8   -1   -4        0.99999998  -0.00000000
        -8   -1   -3        -8   -1   -4       -0.00000002   0.00000000
        -8   -1   -3        -8   -1   -3        0.99999998  -0.00000000
         0    1    7        -8   -1   -3       -0.00000000   0.00000000
         0    1    7         0    1    7        0.99999998  -0.00000000
         0    4    7         0    1    7        0.00000001   0.00000000
         0    4    7         0    4    7        0.99999998  -0.00000000
         0    6   -3         0    4    7        0.00000000  -0.00000000
         0    6   -3         0    6   -3        0.99999998   0.00000000
         0    6    6         0    6   -3        0.00000000   0.00000000
         0    6    6         0    6    6        0.99999999   0.00000000
         1    0    7         0    6    6       -0.00000000   0.00000000
         1    0    7         1    0    7        0.99999998   0.00000000
         1    1   -7         1    0    7        0.00000001  -0.00000000
         1    1   -7         1    1   -7        0.99999998   0.00000000
         4    0    7         1    1   -7       -0.00000000  -0.00000000
         4    0    7         4    0    7        0.99999998  -0.00000000
         4    4   -4         4    0    7        0.00000000  -0.00000000
         4    4   -4         4    4   -4        0.99999998   0.00000000
         6    0   -3         4    4   -4       -0.00000000   0.00000000
         6    0   -3         6    0   -3        0.99999998  -0.00000000
         6    0    6         6    0   -3        0.00000000   0.00000000
         6    0    6         6    0    6        0.99999999  -0.00000000
         6    6   -1         6    0    6        0.00000000   0.00000000
         6    6   -1         6    6   -1        0.99999999   0.00000000
         6    6    8         6    6   -1        0.00000000  -0.00000000
         6    6    8         6    6    8        0.99999998   0.00000000
        -8   -7   -7         6    6    8       -0.00000000   0.00000000
        -8   -7   -7        -8   -7   -7        0.99999999  -0.00000000
        -8   -7   -4        -8   -7   -7        0.00000001   0.00000000
        -8   -7   -4        -8   -7   -4        0.99999999  -0.00000000
        -8   -1   -5        -8   -7   -4        0.00000000   0.00000000
        -8   -1   -5        -8   -1   -5        0.99999999   0.00000000
        -8   -1   -2        -8   -1   -5        0.00000001   0.00000000
        -8   -1   -2        -8   -1   -2        0.99999999   0.00000000
        -7   -8   -7        -8   -1   -2       -0.00000000  -0.00000000
        -7   -8   -7        -7   -8   -7        0.99999999   0.00000000
        -7   -8   -4        -7   -8   -7        0.00000001   0.00000000
        -7   -8   -4        -7   -8   -4        0.99999999  -0.00000000
        -7   -6   -1        -7   -8   -4        0.00000001   0.00000000
        -7   -6   -1        -7   -6   -1        0.99999999  -0.00000000
        -7   -1   -7        -7   -6   -1        0.00000000  -0.00000000
        -7   -1   -7        -7   -1   -7        0.99999999  -0.00000000
        -7    1   -4        -7   -1   -7        0.00000001  -0.00000000
        -7    1   -4        -7    1   -4        0.99999999  -0.00000000
        -7    1   -1        -7    1   -4        0.00000001   0.00000000
        -7    1   -1        -7    1   -1        0.99999999  -0.00000000
        -6   -7   -1        -7    1   -1        0.00000000   0.00000000
        -6   -7   -1        -6   -7   -1        0.99999999  -0.00000000
        -6    1   -6        -6   -7   -1       -0.00000000   0.00000000
        -6    1   -6        -6    1   -6        0.99999999  -0.00000000
        -4   -2   -9        -6    1   -6        0.00000000   0.00000000
        -4   -2   -9        -4   -2   -9        0.99999999   0.00000000
        -4   -2    4        -4   -2   -9       -0.00000000  -0.00000000
        -4   -2    4        -4   -2    4        0.99999999   0.00000000
        -3   -2   -9        -4   -2    4        0.00000000   0.00000000
        -3   -2   -9        -3   -2   -9        0.99999999   0.00000000
        -3   -1    5        -3   -2   -9       -0.00000000   0.00000000
        -3   -1    5        -3   -1    5        0.99999999   0.00000000
        -2   -4   -9        -3   -1    5       -0.00000000  -0.00000000
        -2   -4   -9        -2   -4   -9        0.99999999  -0.00000000
        -2   -4    4        -2   -4   -9       -0.00000000  -0.00000000
        -2   -4    4        -2   -4    4        0.99999999  -0.00000000
        -2   -3   -9        -2   -4    4        0.00000000   0.00000000
        -2   -3   -9        -2   -3   -9        0.99999999   0.00000000
        -2    1    6        -2   -3   -9        0.00000001  -0.00000000
        -2    1    6        -2    1    6        0.99999999  -0.00000000


     q= 0.0000 0.5000 0.5000  nmtx=    2100  nrk=  4


             g                   gp         inverse epsilon RDyn/ADyn nspin= 1
         0   -1   -1         0   -1   -1        0.32344533  -0.00000000
         0    0    0         0   -1   -1       -0.00000000   0.00000000
         0    0    0         0    0    0        0.32344533  -0.00000000
        -1   -1   -1         0    0    0        0.01186645  -0.00000000
        -1   -1   -1        -1   -1   -1        0.47592833   0.00000000
         0   -1    0        -1   -1   -1        0.00000000  -0.00000000
         0   -1    0         0   -1    0        0.47592833  -0.00000000
         0    0   -1         0   -1    0        0.06826472  -0.00000000
         0    0   -1         0    0   -1        0.47592833   0.00000000
         1    0    0         0    0   -1        0.00000000   0.00000000
         1    0    0         1    0    0        0.47592833   0.00000000
        -1   -2   -1         1    0    0        0.00901725   0.00000000
        -1   -2   -1        -1   -2   -1        0.68487776   0.00000000
        -1   -1   -2        -1   -2   -1        0.00927452  -0.00000000
        -1   -1   -2        -1   -1   -2        0.68487776   0.00000000
        -1   -1    0        -1   -1   -2        0.01007725  -0.00000000
        -1   -1    0        -1   -1    0        0.68487776  -0.00000000
        -1    0   -1        -1   -1    0        0.00927452   0.00000000
        -1    0   -1        -1    0   -1        0.68487776   0.00000000
         1   -1    0        -1    0   -1        0.00000000   0.00000000
         1   -1    0         1   -1    0        0.68487776   0.00000000
         1    0   -1         1   -1    0        0.00927452  -0.00000000
         1    0   -1         1    0   -1        0.68487776   0.00000000
         1    0    1         1    0   -1        0.01007725   0.00000000
         1    0    1         1    0    1        0.68487776  -0.00000000
         1    1    0         1    0    1        0.00927452   0.00000000
         1    1    0         1    1    0        0.68487776  -0.00000000
        -1   -2   -2         1    1    0        0.02556620   0.00000000
        -1   -2   -2        -1   -2   -2        0.75110812  -0.00000000
        -1    0    0        -1   -2   -2       -0.00098750   0.00000000
        -1    0    0        -1    0    0        0.75110812   0.00000000
         0   -2   -1        -1    0    0       -0.00000000  -0.00000000
         0   -2   -1         0   -2   -1        0.75110812  -0.00000000
         0   -1   -2         0   -2   -1        0.01523064  -0.00000000
         0   -1   -2         0   -1   -2        0.75110812  -0.00000000
         0    0    1         0   -1   -2       -0.04659926   0.00000000
         0    0    1         0    0    1        0.75110812  -0.00000000
         0    1    0         0    0    1        0.01523064   0.00000000
         0    1    0         0    1    0        0.75110812  -0.00000000
         1   -1   -1         0    1    0       -0.00000000   0.00000000
         1   -1   -1         1   -1   -1        0.75110812   0.00000000
         1    1    1         1   -1   -1       -0.00098750   0.00000000
         1    1    1         1    1    1        0.75110812   0.00000000
        -2   -2   -2         1    1    1        0.00866401   0.00000000
        -2   -2   -2        -2   -2   -2        0.83780591   0.00000000
        -2   -1   -1        -2   -2   -2       -0.01598646   0.00000000
        -2   -1   -1        -2   -1   -1        0.83780591  -0.00000000
         0   -2   -2        -2   -1   -1        0.00320061  -0.00000000
         0   -2   -2         0   -2   -2        0.84606967  -0.00000000
         0   -2    0         0   -2   -2       -0.00242419   0.00000000
         0   -2    0         0   -2    0        0.83780591  -0.00000000
         0   -1    1         0   -2    0        0.01598646   0.00000000
         0   -1    1         0   -1    1        0.83780591   0.00000000
         0    0   -2         0   -1    1       -0.03205746  -0.00000000
         0    0   -2         0    0   -2        0.83780591  -0.00000000
         0    1   -1         0    0   -2        0.01598646  -0.00000000
         0    1   -1         0    1   -1        0.83780591  -0.00000000
         0    1    1         0    1   -1       -0.00242419  -0.00000000
         0    1    1         0    1    1        0.84606967  -0.00000000
         2    0    0         0    1    1        0.00320061   0.00000000
         2    0    0         2    0    0        0.83780591  -0.00000000
         2    1    1         2    0    0       -0.01598646  -0.00000000
         2    1    1         2    1    1        0.83780591   0.00000000
        -2   -4   -3         2    1    1        0.00058129  -0.00000000
        -2   -4   -3        -2   -4   -3        0.99144398   0.00000000
        -2   -3   -4        -2   -4   -3       -0.00074361   0.00000000
        -2   -3   -4        -2   -3   -4        0.99144398  -0.00000000
        -2   -3    0        -2   -3   -4       -0.00022875  -0.00000000
        -2   -3    0        -2   -3    0        0.99175696  -0.00000000
        -2    0   -3        -2   -3    0       -0.00030491   0.00000000
        -2    0   -3        -2    0   -3        0.99175696   0.00000000
        -2    0    1        -2    0   -3       -0.00022875   0.00000000
        -2    0    1        -2    0    1        0.99144398   0.00000000
        -2    1    0        -2    0    1       -0.00074361   0.00000000
        -2    1    0        -2    1    0        0.99144398  -0.00000000
        -1   -4   -2        -2    1    0       -0.00000001   0.00000000
        -1   -4   -2        -1   -4   -2        0.99144398  -0.00000000
        -1   -2   -4        -1   -4   -2        0.00070236   0.00000000
        -1   -2   -4        -1   -2   -4        0.99144398  -0.00000000
        -1    0    2        -1   -2   -4       -0.00034321   0.00000000
        -1    0    2        -1    0    2        0.99144398  -0.00000000
        -1    2    0        -1    0    2        0.00070236  -0.00000000
        -1    2    0        -1    2    0        0.99144398  -0.00000000
         1   -3   -1        -1    2    0        0.00014342   0.00000000
         1   -3   -1         1   -3   -1        0.99144398   0.00000000
         1   -1   -3         1   -3   -1        0.00070236  -0.00000000
         1   -1   -3         1   -1   -3        0.99144398   0.00000000
         1    1    3         1   -1   -3       -0.00034321  -0.00000000
         1    1    3         1    1    3        0.99144398   0.00000000
         1    3    1         1    1    3        0.00070236  -0.00000000
         1    3    1         1    3    1        0.99144398  -0.00000000
         2   -2   -1         1    3    1       -0.00000001   0.00000000
         2   -2   -1         2   -2   -1        0.99144398  -0.00000000
         2   -1   -2         2   -2   -1       -0.00074361  -0.00000000
         2   -1   -2         2   -1   -2        0.99144398  -0.00000000
         2   -1    2         2   -1   -2       -0.00022875   0.00000000
         2   -1    2         2   -1    2        0.99175696   0.00000000
         2    2   -1         2   -1    2       -0.00030491   0.00000000
         2    2   -1         2    2   -1        0.99175696   0.00000000
         2    2    3         2    2   -1       -0.00022875   0.00000000
         2    2    3         2    2    3        0.99144398   0.00000000
         2    3    2         2    2    3       -0.00074361  -0.00000000
         2    3    2         2    3    2        0.99144398  -0.00000000
         3    0    2         2    3    2       -0.00020488  -0.00000000
         3    0    2         3    0    2        0.99175696   0.00000000
         3    2    0         3    0    2        0.00076035   0.00000000
         3    2    0         3    2    0        0.99175696   0.00000000
        -3   -4   -3         3    2    0       -0.00013640  -0.00000000
        -3   -4   -3        -3   -4   -3        0.99504323   0.00000000
        -3   -3   -4        -3   -4   -3       -0.00044845   0.00000000
        -3   -3   -4        -3   -3   -4        0.99504323  -0.00000000
        -3   -1    0        -3   -3   -4       -0.00005916   0.00000000
        -3   -1    0        -3   -1    0        0.99504323  -0.00000000
        -3    0   -1        -3   -1    0       -0.00044845   0.00000000
        -3    0   -1        -3    0   -1        0.99504323  -0.00000000
        -1   -4   -3        -3    0   -1        0.00022072  -0.00000000
        -1   -4   -3        -1   -4   -3        0.99501325   0.00000000
        -1   -4   -1        -1   -4   -3       -0.00050756  -0.00000000
        -1   -4   -1        -1   -4   -1        0.99504323  -0.00000000
        -1   -3   -4        -1   -4   -1       -0.00012407  -0.00000000
        -1   -3   -4        -1   -3   -4        0.99501325  -0.00000000
        -1   -1   -4        -1   -3   -4       -0.00050756   0.00000000
        -1   -1   -4        -1   -1   -4        0.99504323   0.00000000
        -1   -1    2        -1   -1   -4       -0.00021876  -0.00000000
        -1   -1    2        -1   -1    2        0.99504323  -0.00000000
        -1    1    2        -1   -1    2       -0.00050756  -0.00000000
        -1    1    2        -1    1    2        0.99501325  -0.00000000
        -4   -3   -1        -1    1    2        0.00005706   0.00000000
        -4   -3   -1        -4   -3   -1        0.99947961  -0.00000000
        -4   -2   -4        -4   -3   -1       -0.00002971  -0.00000000
        -4   -2   -4        -4   -2   -4        0.99947961  -0.00000000
        -4   -1   -3        -4   -2   -4        0.00002103  -0.00000000
        -4   -1   -3        -4   -1   -3        0.99947961   0.00000000
        -4   -1   -1        -4   -1   -3       -0.00006188  -0.00000000
        -4   -1   -1        -4   -1   -1        0.99954271  -0.00000000
        -2   -5   -3        -4   -1   -1        0.00000477  -0.00000000
        -2   -5   -3        -2   -5   -3        0.99952869   0.00000000
        -2   -4    0        -2   -5   -3       -0.00003783  -0.00000000
        -2   -4    0        -2   -4    0        0.99947961  -0.00000000
        -2   -3   -5        -2   -4    0        0.00002676  -0.00000000
        -2   -3   -5        -2   -3   -5        0.99952869   0.00000000
        -2   -3    1        -2   -3   -5       -0.00001753  -0.00000000
        -2   -3    1        -2   -3    1        0.99947961   0.00000000
        -2    0   -4        -2   -3    1        0.00000835   0.00000000
        -2    0   -4        -2    0   -4        0.99947961   0.00000000
        -2    0    2        -2    0   -4       -0.00001753   0.00000000
        -2    0    2        -2    0    2        0.99952869  -0.00000000
        -2    1   -3        -2    0    2        0.00002676  -0.00000000
        -2    1   -3        -2    1   -3        0.99947961  -0.00000000
        -2    2    0        -2    1   -3       -0.00003783   0.00000000
        -2    2    0        -2    2    0        0.99952869  -0.00000000
         0   -4    0        -2    2    0       -0.00000865   0.00000000
         0   -4    0         0   -4    0        0.99954271  -0.00000000
         0   -1    3         0   -4    0        0.00002240   0.00000000
         0   -1    3         0   -1    3        0.99954271   0.00000000
         0    0   -4         0   -1    3        0.00004592   0.00000000
         0    0   -4         0    0   -4        0.99954271   0.00000000
         0    3   -1         0    0   -4        0.00002240  -0.00000000
         0    3   -1         0    3   -1        0.99954271  -0.00000000
         2   -3   -1         0    3   -1       -0.00000865   0.00000000
         2   -3   -1         2   -3   -1        0.99952869  -0.00000000
         2   -2    2         2   -3   -1       -0.00003783  -0.00000000
         2   -2    2         2   -2    2        0.99947961   0.00000000
         2   -1   -3         2   -2    2        0.00002676   0.00000000
         2   -1   -3         2   -1   -3        0.99952869  -0.00000000
         2   -1    3         2   -1   -3       -0.00001753  -0.00000000
         2   -1    3         2   -1    3        0.99947961  -0.00000000
         2    2   -2         2   -1    3        0.00000835   0.00000000
         2    2   -2         2    2   -2        0.99947961  -0.00000000
         2    2    4         2    2   -2       -0.00001753   0.00000000
         2    2    4         2    2    4        0.99952869   0.00000000
         2    3   -1         2    2    4        0.00002676  -0.00000000
         2    3   -1         2    3   -1        0.99947961   0.00000000
         2    4    2         2    3   -1       -0.00003783   0.00000000
         2    4    2         2    4    2        0.99952869   0.00000000
         4    0    0         2    4    2        0.00000477   0.00000000
         4    0    0         4    0    0        0.99954271  -0.00000000
         4    0    2         4    0    0       -0.00006188   0.00000000
         4    0    2         4    0    2        0.99947961  -0.00000000
         4    1    3         4    0    2        0.00002103   0.00000000
         4    1    3         4    1    3        0.99947961   0.00000000
         4    2    0         4    1    3       -0.00002971  -0.00000000
         4    2    0         4    2    0        0.99947961   0.00000000
         4    3    1         4    2    0        0.00002103  -0.00000000
         4    3    1         4    3    1        0.99947961   0.00000000
         4    3    3         4    3    1       -0.00006188  -0.00000000
         4    3    3         4    3    3        0.99954271   0.00000000
        -3   -5   -3         4    3    3       -0.00004174  -0.00000000
        -3   -5   -3        -3   -5   -3        0.99959946   0.00000000
        -3   -3   -5        -3   -5   -3        0.00006383   0.00000000
        -3   -3   -5        -3   -3   -5        0.99959946   0.00000000
         4    3    0        -3   -3   -5       -0.00000889  -0.00000000
         4    3    0         4    3    0        0.99987223   0.00000000
         4    3    4         4    3    0       -0.00002309   0.00000000
         4    3    4         4    3    4        0.99988318  -0.00000000
         4    4    3         4    3    4       -0.00004750  -0.00000000
         4    4    3         4    4    3        0.99988318   0.00000000
         5    2    2         4    4    3        0.00000046  -0.00000000
         5    2    2         5    2    2        0.99986996   0.00000000
        -5   -4   -3         5    2    2       -0.00003098   0.00000000
        -5   -4   -3        -5   -4   -3        0.99991707  -0.00000000
        -5   -3   -4        -5   -4   -3       -0.00003565  -0.00000000
        -5   -3   -4        -5   -3   -4        0.99991707  -0.00000000
        -5   -3   -2        -5   -3   -4       -0.00000601   0.00000000
        -5   -3   -2        -5   -3   -2        0.99991707   0.00000000
        -5   -2   -3        -5   -3   -2       -0.00003565   0.00000000
        -5   -2   -3        -5   -2   -3        0.99991707  -0.00000000
        -1   -5   -4        -5   -2   -3       -0.00000050  -0.00000000
        -1   -5   -4        -1   -5   -4        0.99991670   0.00000000
        -1   -4   -5        -1   -5   -4       -0.00005039   0.00000000
        -1   -4   -5        -1   -4   -5        0.99991670  -0.00000000
        -1   -4    1        -1   -4   -5       -0.00000294   0.00000000
        -1   -4    1        -1   -4    1        0.99991707   0.00000000
        -1   -3    2        -1   -4    1       -0.00000943  -0.00000000
        -1   -3    2        -1   -3    2        0.99991707   0.00000000
        -1    1   -4        -1   -3    2       -0.00000218   0.00000000
        -1    1   -4        -1    1   -4        0.99991707  -0.00000000
        -1    2   -3        -1    1   -4       -0.00000943  -0.00000000
        -1    2   -3        -1    2   -3        0.99991707   0.00000000
        -1    2    3        -1    2   -3       -0.00000294  -0.00000000
        -1    2    3        -1    2    3        0.99991670  -0.00000000
        -1    3    2        -1    2    3       -0.00005039   0.00000000
        -1    3    2        -1    3    2        0.99991670   0.00000000
         1   -4   -3        -1    3    2        0.00000000   0.00000000
         1   -4   -3         1   -4   -3        0.99991670   0.00000000
         1   -3   -4         1   -4   -3       -0.00005039  -0.00000000
         1   -3   -4         1   -3   -4        0.99991670  -0.00000000
         1   -3    2         1   -3   -4       -0.00000294   0.00000000
         1   -3    2         1   -3    2        0.99991707  -0.00000000
         1   -2    3         1   -3    2       -0.00000943  -0.00000000
         1   -2    3         1   -2    3        0.99991707   0.00000000
         1    2   -3         1   -2    3       -0.00000218   0.00000000
         1    2   -3         1    2   -3        0.99991707  -0.00000000
         1    3   -2         1    2   -3       -0.00000943   0.00000000
         1    3   -2         1    3   -2        0.99991707   0.00000000
         1    3    4         1    3   -2       -0.00000294  -0.00000000
         1    3    4         1    3    4        0.99991670   0.00000000
         1    4    3         1    3    4       -0.00005039  -0.00000000
         1    4    3         1    4    3        0.99991670  -0.00000000
         5    1    2         1    4    3       -0.00000050   0.00000000
         5    1    2         5    1    2        0.99991707  -0.00000000
         5    2    1         5    1    2       -0.00003565   0.00000000
         5    2    1         5    2    1        0.99991707   0.00000000
         5    2    3         5    2    1       -0.00000601  -0.00000000
         5    2    3         5    2    3        0.99991707   0.00000000
         5    3    2         5    2    3       -0.00003565   0.00000000
         5    3    2         5    3    2        0.99991707  -0.00000000
        -5   -4   -4         5    3    2        0.00002125   0.00000000
        -5   -4   -4        -5   -4   -4        0.99992770   0.00000000
        -5   -2   -2        -5   -4   -4        0.00002237   0.00000000
        -5   -2   -2        -5   -2   -2        0.99992770   0.00000000
        -4   -5   -2        -5   -2   -2       -0.00001042  -0.00000000
        -4   -5   -2        -4   -5   -2        0.99992690   0.00000000
        -4   -3    0        -4   -5   -2        0.00002250   0.00000000
        -4   -3    0        -4   -3    0        0.99992690   0.00000000
         2    2   -3        -4   -3    0        0.00001183   0.00000000
         2    2   -3         2    2   -3        0.99997139  -0.00000000
         2    2    5         2    2   -3       -0.00000464   0.00000000
         2    2    5         2    2    5        0.99997233  -0.00000000
         2    4   -1         2    2    5        0.00000364  -0.00000000
         2    4   -1         2    4   -1        0.99997139   0.00000000
         2    5    2         2    4   -1        0.00000231   0.00000000
         2    5    2         2    5    2        0.99997233  -0.00000000
         3   -3   -1         2    5    2       -0.00000083  -0.00000000
         3   -3   -1         3   -3   -1        0.99997233  -0.00000000
         3   -1   -3         3   -3   -1        0.00000170  -0.00000000
         3   -1   -3         3   -1   -3        0.99997233   0.00000000
         3    3    5         3   -1   -3        0.00000608   0.00000000
         3    3    5         3    3    5        0.99997233   0.00000000
         3    5    3         3    3    5        0.00000170  -0.00000000
         3    5    3         3    5    3        0.99997233   0.00000000
         5    0    2         3    5    3       -0.00000206   0.00000000
         5    0    2         5    0    2        0.99997139  -0.00000000
         5    2    0         5    0    2        0.00000235   0.00000000
         5    2    0         5    2    0        0.99997139  -0.00000000
         5    2    4         5    2    0       -0.00000479  -0.00000000
         5    2    4         5    2    4        0.99997139   0.00000000
         5    4    2         5    2    4        0.00000235  -0.00000000
         5    4    2         5    4    2        0.99997139   0.00000000
        -4   -6   -4         5    4    2        0.00000702  -0.00000000
        -4   -6   -4        -4   -6   -4        0.99997909   0.00000000
        -4   -5   -1        -4   -6   -4        0.00000346  -0.00000000
        -4   -5   -1        -4   -5   -1        0.99997993   0.00000000
        -4   -4   -6        -4   -5   -1       -0.00000385  -0.00000000
        -4   -4   -6        -4   -4   -6        0.99997909   0.00000000
        -4   -4    0        -4   -4   -6        0.00000073   0.00000000
        -4   -4    0        -4   -4    0        0.99997993   0.00000000
        -4   -1   -5        -4   -4    0        0.00000049   0.00000000
        -4   -1   -5        -4   -1   -5        0.99997993  -0.00000000
        -4   -1    1        -4   -1   -5        0.00000073   0.00000000
        -4   -1    1        -4   -1    1        0.99997909  -0.00000000
        -4    0   -4        -4   -1    1       -0.00000385  -0.00000000
        -4    0   -4        -4    0   -4        0.99997993  -0.00000000
        -4    1   -1        -4    0   -4        0.00000346   0.00000000
        -4    1   -1        -4    1   -1        0.99997909   0.00000000
        -2   -6   -4        -4    1   -1       -0.00000425   0.00000000
        -2   -6   -4        -2   -6   -4        0.99997984  -0.00000000
        -2   -6   -2        -2   -6   -4       -0.00000168   0.00000000
        -2   -6   -2        -2   -6   -2        0.99997909   0.00000000
        -2   -4   -6        -2   -6   -2       -0.00000143   0.00000000
        -2   -4   -6        -2   -4   -6        0.99997984   0.00000000
        -2   -2   -6        -2   -4   -6       -0.00000168  -0.00000000
        -2   -2   -6        -2   -2   -6        0.99997909   0.00000000
        -2   -1    3        -2   -2   -6        0.00000027   0.00000000
        -2   -1    3        -2   -1    3        0.99997909  -0.00000000
        -2    1    3        -2   -1    3       -0.00000168  -0.00000000
        -2    1    3        -2    1    3        0.99997984   0.00000000
        -2    3   -1        -2    1    3       -0.00000143  -0.00000000
        -2    3   -1        -2    3   -1        0.99997909   0.00000000
        -2    3    1        -2    3   -1       -0.00000168   0.00000000
        -2    3    1        -2    3    1        0.99997984  -0.00000000
         2   -4   -2        -2    3    1       -0.00000000   0.00000000
         2   -4   -2         2   -4   -2        0.99997984   0.00000000
         2   -4    0         2   -4   -2       -0.00000168  -0.00000000
         2   -4    0         2   -4    0        0.99997909  -0.00000000
         2   -2   -4         2   -4    0       -0.00000143   0.00000000
         2   -2   -4         2   -2   -4        0.99997984  -0.00000000
         2    0   -4         2   -2   -4       -0.00000168  -0.00000000
         2    0   -4         2    0   -4        0.99997909  -0.00000000
        -4   -2   -6         2    0   -4       -0.00000102  -0.00000000
        -4   -2   -6        -4   -2   -6        0.99999069   0.00000000
        -4    1   -3        -4   -2   -6        0.00000000   0.00000000
        -4    1   -3        -4    1   -3        0.99999069  -0.00000000
         0   -4    2        -4    1   -3        0.00000026   0.00000000
         0   -4    2         0   -4    2        0.99999016   0.00000000
         0   -3    3         0   -4    2        0.00000095   0.00000000
         0   -3    3         0   -3    3        0.99999016   0.00000000
         0    2   -4         0   -3    3       -0.00000056  -0.00000000
         0    2   -4         0    2   -4        0.99999016   0.00000000
         0    3   -3         0    2   -4        0.00000095  -0.00000000
         0    3   -3         0    3   -3        0.99999016  -0.00000000
         4   -2    2         0    3   -3        0.00000026   0.00000000
         4   -2    2         4   -2    2        0.99999069   0.00000000
         4    1    5         4   -2    2        0.00000000  -0.00000000
         4    1    5         4    1    5        0.99999069  -0.00000000
         4    2   -2         4    1    5       -0.00000083  -0.00000000
         4    2   -2         4    2   -2        0.99999069  -0.00000000
         4    5    1         4    2   -2       -0.00000000   0.00000000
         4    5    1         4    5    1        0.99999069   0.00000000
         6    2    2         4    5    1        0.00000200  -0.00000000
         6    2    2         6    2    2        0.99999016   0.00000000
         6    3    3         6    2    2       -0.00000095   0.00000000
         6    3    3         6    3    3        0.99999016  -0.00000000
        -6   -4   -3         6    3    3        0.00000354  -0.00000000
        -6   -4   -3        -6   -4   -3        0.99999115   0.00000000
        -6   -3   -4        -6   -4   -3       -0.00000572   0.00000000
        -6   -3   -4        -6   -3   -4        0.99999115  -0.00000000
        -5   -6   -4        -6   -3   -4       -0.00000132   0.00000000
        -5   -6   -4        -5   -6   -4        0.99999104  -0.00000000
        -5   -4   -6        -5   -6   -4       -0.00000092   0.00000000
        -5   -4   -6        -5   -4   -6        0.99999104  -0.00000000
        -5   -2    0        -5   -4   -6        0.00000204   0.00000000
        -5   -2    0        -5   -2    0        0.99999104   0.00000000
        -5    0   -2        -5   -2    0       -0.00000092   0.00000000
        -5    0   -2        -5    0   -2        0.99999104  -0.00000000
        -2   -6   -5        -5    0   -2       -0.00000013  -0.00000000
        -2   -6   -5        -2   -6   -5        0.99999153  -0.00000000
        -2   -6   -1        -2   -6   -5       -0.00000100   0.00000000
        -2   -6   -1        -2   -6   -1        0.99999104  -0.00000000
        -2   -5   -6        -2   -6   -1       -0.00000193  -0.00000000
        -2   -5   -6        -2   -5   -6        0.99999153  -0.00000000
        -2   -2    3        -2   -5   -6        0.00000189   0.00000000
        -2   -2    3        -2   -2    3        0.99999104   0.00000000
        -2   -1   -6        -2   -2    3        0.00000120   0.00000000
        -2   -1   -6        -2   -1   -6        0.99999104  -0.00000000
        -2    2    3        -2   -1   -6        0.00000189  -0.00000000
        -2    2    3        -2    2    3        0.99999153  -0.00000000
        -2    3   -2        -2    2    3       -0.00000193  -0.00000000
        -2    3   -2        -2    3   -2        0.99999104   0.00000000
        -2    3    2        -2    3   -2       -0.00000100   0.00000000
        -2    3    2        -2    3    2        0.99999153  -0.00000000
        -1   -6   -4        -2    3    2        0.00000064  -0.00000000
        -1   -6   -4        -1   -6   -4        0.99999153  -0.00000000
        -1   -4   -6        -1   -6   -4       -0.00000075   0.00000000
        -1   -4   -6        -1   -4   -6        0.99999153  -0.00000000
        -1   -4    2        -1   -4   -6       -0.00000192   0.00000000
        -1   -4    2        -1   -4    2        0.99999115  -0.00000000
        -1    2   -4        -1   -4    2        0.00000369   0.00000000
        -1    2   -4        -1    2   -4        0.99999115   0.00000000
        -1    2    4        -1    2   -4       -0.00000192  -0.00000000
        -1    2    4        -1    2    4        0.99999153  -0.00000000
        -1    4    2        -1    2    4       -0.00000075   0.00000000
        -1    4    2        -1    4    2        0.99999153  -0.00000000
         6    1    1        -1    4    2        0.00000118  -0.00000000
         6    1    1         6    1    1        0.99999557  -0.00000000
         6    1    3         6    1    1       -0.00000065  -0.00000000
         6    1    3         6    1    3        0.99999542  -0.00000000
         6    2    4         6    1    3       -0.00000053  -0.00000000
         6    2    4         6    2    4        0.99999542  -0.00000000
         6    3    1         6    2    4       -0.00000055  -0.00000000
         6    3    1         6    3    1        0.99999542  -0.00000000
         6    4    2         6    3    1       -0.00000053  -0.00000000
         6    4    2         6    4    2        0.99999542  -0.00000000
         6    4    4         6    4    2       -0.00000065  -0.00000000
         6    4    4         6    4    4        0.99999557   0.00000000
        -5   -5   -1         6    4    4       -0.00000015   0.00000000
        -5   -5   -1        -5   -5   -1        0.99999601  -0.00000000
        -5   -1   -5        -5   -5   -1        0.00000045   0.00000000
        -5   -1   -5        -5   -1   -5        0.99999601  -0.00000000
        -4   -5    0        -5   -1   -5        0.00000000  -0.00000000
        -4   -5    0        -4   -5    0        0.99999601   0.00000000
        -4    0   -5        -4   -5    0       -0.00000073   0.00000000
        -4    0   -5        -4    0   -5        0.99999601  -0.00000000
        -3   -6   -6        -4    0   -5        0.00000018   0.00000000
        -3   -6   -6        -3   -6   -6        0.99999581  -0.00000000
        -3    2    2        -3   -6   -6       -0.00000079  -0.00000000
        -3    2    2        -3    2    2        0.99999581  -0.00000000
         0   -6   -3        -3    2    2       -0.00000000   0.00000000
         0   -6   -3         0   -6   -3        0.99999581   0.00000000
         0   -3   -6         0   -6   -3        0.00000101   0.00000000
         0   -3   -6         0   -3   -6        0.99999581   0.00000000
         0    2    5         0   -3   -6        0.00000219  -0.00000000
         0    2    5         0    2    5        0.99999581   0.00000000
         0    5    2         0    2    5        0.00000101  -0.00000000
         0    5    2         0    5    2        0.99999581   0.00000000
         3   -3   -3         0    5    2       -0.00000000  -0.00000000
         3   -3   -3         3   -3   -3        0.99999581   0.00000000
         3    5    5         3   -3   -3       -0.00000079  -0.00000000
         3    5    5         3    5    5        0.99999581  -0.00000000
         4   -1    4         3    5    5        0.00000018   0.00000000
         4   -1    4         4   -1    4        0.99999601   0.00000000
         4    4   -1         4   -1    4       -0.00000073   0.00000000
         4    4   -1         4    4   -1        0.99999601   0.00000000
         5    0    4         4    4   -1       -0.00000000  -0.00000000
         5    0    4         5    0    4        0.99999601   0.00000000
         5    4    0         5    0    4        0.00000045   0.00000000
         5    4    0         5    4    0        0.99999601  -0.00000000
        -3   -7   -4         5    4    0       -0.00000026  -0.00000000
        -3   -7   -4        -3   -7   -4        0.99999682  -0.00000000
        -3   -4   -7        -3   -7   -4        0.00000073   0.00000000
        -3   -4   -7        -3   -4   -7        0.99999682  -0.00000000
        -3    0    3        -3   -4   -7       -0.00000002  -0.00000000
        -3    0    3        -3    0    3        0.99999682   0.00000000
        -3    3    0        -3    0    3        0.00000073   0.00000000
        -3    3    0        -3    3    0        0.99999682   0.00000000
        -1   -6   -5        -3    3    0       -0.00000003   0.00000000
        -1   -6   -5        -1   -6   -5        0.99999680  -0.00000000
        -1   -5   -6        -1   -6   -5       -0.00000240   0.00000000
        -1   -5   -6        -1   -5   -6        0.99999680   0.00000000
        -1    3    4        -1   -5   -6       -0.00000015  -0.00000000
        -1    3    4        -1    3    4        0.99999680  -0.00000000
        -1    4    3        -1    3    4       -0.00000240   0.00000000
        -1    4    3        -1    4    3        0.99999680  -0.00000000
         1   -5   -4        -1    4    3        0.00000000  -0.00000000
         1   -5   -4         1   -5   -4        0.99999680  -0.00000000
         1   -4   -5         1   -5   -4       -0.00000240  -0.00000000
         1   -4   -5         1   -4   -5        0.99999680   0.00000000
        -6   -5   -2         1   -4   -5        0.00000017  -0.00000000
        -6   -5   -2        -6   -5   -2        0.99999780  -0.00000000
        -6   -2   -5        -6   -5   -2        0.00000038  -0.00000000
        -6   -2   -5        -6   -2   -5        0.99999780  -0.00000000
        -6   -2   -1        -6   -2   -5        0.00000001   0.00000000
        -6   -2   -1        -6   -2   -1        0.99999809  -0.00000000
        -6   -1   -2        -6   -2   -1       -0.00000142   0.00000000
        -6   -1   -2        -6   -1   -2        0.99999809   0.00000000
        -3   -7   -5        -6   -1   -2       -0.00000010  -0.00000000
        -3   -7   -5        -3   -7   -5        0.99999786   0.00000000
        -3   -5   -7        -3   -7   -5       -0.00000052   0.00000000
        -3   -5   -7        -3   -5   -7        0.99999786   0.00000000
        -3   -5    1        -3   -5   -7       -0.00000016  -0.00000000
        -3   -5    1        -3   -5    1        0.99999780   0.00000000
        -3    1   -5        -3   -5    1       -0.00000031   0.00000000
        -3    1   -5        -3    1   -5        0.99999780  -0.00000000
        -3    1    3        -3    1   -5       -0.00000016   0.00000000
        -3    1    3        -3    1    3        0.99999786   0.00000000
        -3    3    1        -3    1    3       -0.00000052   0.00000000
        -3    3    1        -3    3    1        0.99999786   0.00000000
        -2   -7   -4        -3    3    1        0.00000015   0.00000000
        -2   -7   -4        -2   -7   -4        0.99999786  -0.00000000
        -2   -4   -7        -2   -7   -4        0.00000042   0.00000000
        -2   -4   -7        -2   -4   -7        0.99999786  -0.00000000
        -2    1    4        -2   -4   -7        0.00000027  -0.00000000
        -2    1    4        -2    1    4        0.99999786  -0.00000000
        -2    4    1        -2    1    4        0.00000042  -0.00000000
        -2    4    1        -2    4    1        0.99999786  -0.00000000
        -1   -6    0        -2    4    1       -0.00000003   0.00000000
        -1   -6    0        -1   -6    0        0.99999809   0.00000000
        -1   -2    4        -1   -6    0        0.00000027   0.00000000
        -1   -2    4        -1   -2    4        0.99999809   0.00000000
        -1    0   -6        -1   -2    4        0.00000040   0.00000000
        -1    0   -6        -1    0   -6        0.99999809  -0.00000000
        -1    4   -2        -1    0   -6        0.00000027   0.00000000
        -1    4   -2        -1    4   -2        0.99999809  -0.00000000
         1   -5    1        -1    4   -2       -0.00000058  -0.00000000
         1   -5    1         1   -5    1        0.99999809  -0.00000000
         1   -1    5         1   -5    1        0.00000027  -0.00000000
         1   -1    5         1   -1    5        0.99999809   0.00000000
         1    1   -5         1   -1    5        0.00000040  -0.00000000
         1    1   -5         1    1   -5        0.99999809  -0.00000000
         1    5   -1         1    1   -5        0.00000027  -0.00000000
         1    5   -1         1    5   -1        0.99999809  -0.00000000
         2   -5   -2         1    5   -1       -0.00000003  -0.00000000
         2   -5   -2         2   -5   -2        0.99999786   0.00000000
         2   -2   -5         2   -5   -2        0.00000042  -0.00000000
         2   -2   -5         2   -2   -5        0.99999786  -0.00000000
         2    3    6         2   -2   -5        0.00000027  -0.00000000
         2    3    6         2    3    6        0.99999786   0.00000000
         2    6    3         2    3    6        0.00000042  -0.00000000
         2    6    3         2    6    3        0.99999786  -0.00000000
         3   -4   -2         2    6    3        0.00000015  -0.00000000
         3   -4   -2         3   -4   -2        0.99999786  -0.00000000
         3   -2   -4         3   -4   -2       -0.00000052  -0.00000000
         3   -2   -4         3   -2   -4        0.99999786  -0.00000000
         3   -2    4         3   -2   -4       -0.00000016   0.00000000
         3   -2    4         3   -2    4        0.99999780   0.00000000
         3    4   -2         3   -2    4       -0.00000031   0.00000000
         3    4   -2         3    4   -2        0.99999780   0.00000000
         3    4    6         3    4   -2       -0.00000016   0.00000000
         3    4    6         3    4    6        0.99999786  -0.00000000
         3    6    4         3    4    6       -0.00000052  -0.00000000
         3    6    4         3    6    4        0.99999786  -0.00000000
         4    1    6         3    6    4       -0.00000010  -0.00000000
         4    1    6         4    1    6        0.99999881  -0.00000000
         4    2   -3         4    1    6       -0.00000016   0.00000000
         4    2   -3         4    2   -3        0.99999881  -0.00000000
         4    5    6         4    2   -3        0.00000010   0.00000000
         4    5    6         4    5    6        0.99999887   0.00000000
         4    6    1         4    5    6       -0.00000021   0.00000000
         4    6    1         4    6    1        0.99999881  -0.00000000
         4    6    5         4    6    1        0.00000008  -0.00000000
         4    6    5         4    6    5        0.99999887   0.00000000
         5   -2    2         4    6    5        0.00000013  -0.00000000
         5   -2    2         5   -2    2        0.99999881  -0.00000000
         5    2   -2         5   -2    2        0.00000021  -0.00000000
         5    2   -2         5    2   -2        0.99999881   0.00000000
         5    2    6         5    2   -2        0.00000001  -0.00000000
         5    2    6         5    2    6        0.99999881   0.00000000
         5    6    2         5    2    6        0.00000021  -0.00000000
         5    6    2         5    6    2        0.99999881   0.00000000
         7    3    3         5    6    2        0.00000001  -0.00000000
         7    3    3         7    3    3        0.99999883  -0.00000000
        -7   -5   -4         7    3    3       -0.00000019   0.00000000
        -7   -5   -4        -7   -5   -4        0.99999904  -0.00000000
        -7   -4   -5        -7   -5   -4       -0.00000075  -0.00000000
        -7   -4   -5        -7   -4   -5        0.99999904  -0.00000000
        -7   -4   -3        -7   -4   -5       -0.00000008  -0.00000000
        -7   -4   -3        -7   -4   -3        0.99999904   0.00000000
        -7   -3   -4        -7   -4   -3       -0.00000075  -0.00000000
        -7   -3   -4        -7   -3   -4        0.99999904   0.00000000
        -5   -7   -6        -7   -3   -4       -0.00000013  -0.00000000
        -5   -7   -6        -5   -7   -6        0.99999913  -0.00000000
        -5   -6   -7        -5   -7   -6       -0.00000068  -0.00000000
        -5   -6   -7        -5   -6   -7        0.99999913   0.00000000
        -5   -6   -1        -5   -6   -7        0.00000009   0.00000000
        -5   -6   -1        -5   -6   -1        0.99999905   0.00000000
        -5   -5    0        -5   -6   -1       -0.00000000   0.00000000
        -5   -5    0        -5   -5    0        0.99999905   0.00000000
        -5   -1   -6        -5   -5    0        0.00000003  -0.00000000
        -5   -1   -6        -5   -1   -6        0.99999905  -0.00000000
        -5    0   -5        -5   -1   -6       -0.00000000  -0.00000000
        -5    0   -5        -5    0   -5        0.99999905  -0.00000000
        -5    0    1        -5    0   -5        0.00000009   0.00000000
        -5    0    1        -5    0    1        0.99999913   0.00000000
        -5    1    0        -5    0    1       -0.00000068   0.00000000
        -5    1    0        -5    1    0        0.99999913  -0.00000000
        -3   -7   -6        -5    1    0        0.00000014  -0.00000000
        -3   -7   -6        -3   -7   -6        0.99999906  -0.00000000
        -3   -6   -7        -3   -7   -6       -0.00000075   0.00000000
        -3   -6   -7        -3   -6   -7        0.99999906  -0.00000000
        -3    2    3        -3   -6   -7       -0.00000008  -0.00000000
        -3    2    3        -3    2    3        0.99999906   0.00000000
        -3    3    2        -3    2    3       -0.00000075   0.00000000
        -3    3    2        -3    3    2        0.99999906   0.00000000
        -1   -7   -4        -3    3    2        0.00000006  -0.00000000
        -1   -7   -4        -1   -7   -4        0.99999906  -0.00000000
        -1   -7   -2        -1   -7   -4       -0.00000008   0.00000000
        -1   -7   -2        -1   -7   -2        0.99999913  -0.00000000
        -1   -5    2        -1   -7   -2       -0.00000000  -0.00000000
        -1   -5    2        -1   -5    2        0.99999904   0.00000000
        -1   -4   -7        -1   -5    2       -0.00000010   0.00000000
        -1   -4   -7        -1   -4   -7        0.99999906  -0.00000000
        -1   -4    3        -1   -4   -7        0.00000012  -0.00000000
        -1   -4    3        -1   -4    3        0.99999904  -0.00000000
        -1   -2   -7        -1   -4    3       -0.00000003   0.00000000
        -1   -2   -7        -1   -2   -7        0.99999913   0.00000000
         3   -4    2        -1   -2   -7        0.00000007  -0.00000000
         3   -4    2         3   -4    2        0.99999935  -0.00000000
         3    0    6         3   -4    2       -0.00000001   0.00000000
         3    0    6         3    0    6        0.99999935  -0.00000000
         3    2   -4         3    0    6       -0.00000005   0.00000000
         3    2   -4         3    2   -4        0.99999935   0.00000000
         3    6    0         3    2   -4       -0.00000001  -0.00000000
         3    6    0         3    6    0        0.99999935   0.00000000
         6   -1    2         3    6    0        0.00000009   0.00000000
         6   -1    2         6   -1    2        0.99999935  -0.00000000
         6    2   -1         6   -1    2        0.00000004  -0.00000000
         6    2   -1         6    2   -1        0.99999935  -0.00000000
         6    3    6         6    2   -1        0.00000010   0.00000000
         6    3    6         6    3    6        0.99999935   0.00000000
         6    6    3         6    3    6        0.00000004  -0.00000000
         6    6    3         6    6    3        0.99999935  -0.00000000
         7    2    4         6    6    3       -0.00000007   0.00000000
         7    2    4         7    2    4        0.99999933   0.00000000
         7    4    2         7    2    4       -0.00000024   0.00000000
         7    4    2         7    4    2        0.99999933   0.00000000
        -7   -6   -5         7    4    2       -0.00000001  -0.00000000
        -7   -6   -5        -7   -6   -5        0.99999944  -0.00000000
        -7   -5   -6        -7   -6   -5       -0.00000046  -0.00000000
        -7   -5   -6        -7   -5   -6        0.99999944   0.00000000
        -7   -3   -2        -7   -5   -6        0.00000011   0.00000000
        -7   -3   -2        -7   -3   -2        0.99999944   0.00000000
        -7   -2   -3        -7   -3   -2       -0.00000046   0.00000000
        -7   -2   -3        -7   -2   -3        0.99999944  -0.00000000
        -5   -7   -2        -7   -2   -3       -0.00000005  -0.00000000
        -5   -7   -2        -5   -7   -2        0.99999945  -0.00000000
        -5   -4    1        -5   -7   -2        0.00000000   0.00000000
        -5   -4    1        -5   -4    1        0.99999945  -0.00000000
        -5   -2   -7        -5   -4    1       -0.00000007  -0.00000000
        -5   -2   -7        -5   -2   -7        0.99999945  -0.00000000
        -5    1   -4        -5   -2   -7        0.00000000   0.00000000
        -5    1   -4        -5    1   -4        0.99999945  -0.00000000
        -1   -6    1        -5    1   -4       -0.00000001   0.00000000
        -1   -6    1        -1   -6    1        0.99999944  -0.00000000
        -1   -3    4        -1   -6    1       -0.00000011   0.00000000
        -1   -3    4        -1   -3    4        0.99999944   0.00000000
        -1    1   -6        -1   -3    4        0.00000011   0.00000000
        -1    1   -6        -1    1   -6        0.99999944   0.00000000
        -1    4   -3        -1    1   -6       -0.00000011   0.00000000
        -1    4   -3        -1    4   -3        0.99999944  -0.00000000
         1   -5    2        -1    4   -3       -0.00000013  -0.00000000
         1   -5    2         1   -5    2        0.99999944   0.00000000
         1   -2    5         1   -5    2       -0.00000011  -0.00000000
         1   -2    5         1   -2    5        0.99999944   0.00000000
         1    2   -5         1   -2    5        0.00000011   0.00000000
         1    2   -5         1    2   -5        0.99999944  -0.00000000
         1    5   -2         1    2   -5       -0.00000011   0.00000000
         1    5   -2         1    5   -2        0.99999944  -0.00000000
         5   -2    3         1    5   -2       -0.00000001  -0.00000000
         5   -2    3         5   -2    3        0.99999945  -0.00000000
         5    1    6         5   -2    3        0.00000000   0.00000000
         5    1    6         5    1    6        0.99999945   0.00000000
         5    3   -2         5    1    6       -0.00000007   0.00000000
         5    3   -2         5    3   -2        0.99999945   0.00000000
         5    6    1         5    3   -2       -0.00000000   0.00000000
         5    6    1         5    6    1        0.99999945  -0.00000000
         7    1    2         5    6    1       -0.00000005   0.00000000
         7    1    2         7    1    2        0.99999944   0.00000000
         7    2    1         7    1    2       -0.00000046  -0.00000000
         7    2    1         7    2    1        0.99999944   0.00000000
         0   -2   -7         7    2    1       -0.00000006   0.00000000
         0   -2   -7         0   -2   -7        0.99999960  -0.00000000
         0   -2    5         0   -2   -7        0.00000001   0.00000000
         0   -2    5         0   -2    5        0.99999959  -0.00000000
         0    1   -6         0   -2    5       -0.00000002  -0.00000000
         0    1   -6         0    1   -6        0.99999959   0.00000000
         0    1    6         0    1   -6        0.00000001  -0.00000000
         0    1    6         0    1    6        0.99999960  -0.00000000
         0    5   -2         0    1    6        0.00000001  -0.00000000
         0    5   -2         0    5   -2        0.99999959   0.00000000
         0    6    1         0    5   -2        0.00000022   0.00000000
         0    6    1         0    6    1        0.99999960   0.00000000
         3   -5   -1         0    6    1       -0.00000006  -0.00000000
         3   -5   -1         3   -5   -1        0.99999961   0.00000000
         3   -1   -5         3   -5   -1        0.00000006  -0.00000000
         3   -1   -5         3   -1   -5        0.99999961  -0.00000000
         3    3    7         3   -1   -5       -0.00000002  -0.00000000
         3    3    7         3    3    7        0.99999961  -0.00000000
         3    7    3         3    3    7        0.00000006  -0.00000000
         3    7    3         3    7    3        0.99999961   0.00000000
         4   -4   -1         3    7    3       -0.00000001   0.00000000
         4   -4   -1         4   -4   -1        0.99999961   0.00000000
         4   -1   -4         4   -4   -1       -0.00000000  -0.00000000
         4   -1   -4         4   -1   -4        0.99999961  -0.00000000
         4    4    7         4   -1   -4       -0.00000002  -0.00000000
         4    4    7         4    4    7        0.99999961   0.00000000
         4    7    4         4    4    7       -0.00000000  -0.00000000
         4    7    4         4    7    4        0.99999961  -0.00000000
         5   -2   -2         4    7    4       -0.00000003   0.00000000
         5   -2   -2         5   -2   -2        0.99999960   0.00000000
         5    6    6         5   -2   -2       -0.00000001   0.00000000
         5    6    6         5    6    6        0.99999960  -0.00000000
         7    1    1         5    6    6        0.00000008  -0.00000000
         7    1    1         7    1    1        0.99999959   0.00000000
         7    5    5         7    1    1       -0.00000001  -0.00000000
         7    5    5         7    5    5        0.99999959  -0.00000000
        -7   -6   -3         7    5    5        0.00000001  -0.00000000
        -7   -6   -3        -7   -6   -3        0.99999968  -0.00000000
        -7   -5   -2        -7   -6   -3       -0.00000001  -0.00000000
        -7   -5   -2        -7   -5   -2        0.99999968  -0.00000000
        -7   -3   -6        -7   -5   -2       -0.00000002  -0.00000000
        -7   -3   -6        -7   -3   -6        0.99999968   0.00000000
        -7   -2   -5        -7   -3   -6       -0.00000001   0.00000000
        -7   -2   -5        -7   -2   -5        0.99999968   0.00000000
        -5   -8   -5        -7   -2   -5       -0.00000005  -0.00000000
        -5   -8   -5        -5   -8   -5        0.99999968   0.00000000
        -5   -5   -8        -5   -8   -5       -0.00000001   0.00000000
        -5   -5   -8        -5   -5   -8        0.99999968  -0.00000000
        -5   -1    2        -5   -5   -8       -0.00000004   0.00000000
        -5   -1    2        -5   -1    2        0.99999968   0.00000000
        -5    2   -1        -5   -1    2       -0.00000001   0.00000000
        -5    2   -1        -5    2   -1        0.99999968   0.00000000
        -3   -8   -5        -5    2   -1        0.00000001  -0.00000000
        -3   -8   -5        -3   -8   -5        0.99999968  -0.00000000
        -3   -8   -3        -3   -8   -5       -0.00000003   0.00000000
        -3   -8   -3        -3   -8   -3        0.99999968  -0.00000000
        -3   -6    1        -3   -8   -3        0.00000000  -0.00000000
        -3   -6    1        -3   -6    1        0.99999968   0.00000000
        -3   -5   -8        -3   -6    1        0.00000002   0.00000000
        -3   -5   -8        -3   -5   -8        0.99999968  -0.00000000
        -3   -5    2        -3   -5   -8        0.00000006  -0.00000000
        -3   -5    2        -3   -5    2        0.99999968   0.00000000
        -3   -3   -8        -3   -5    2       -0.00000001  -0.00000000
        -3   -3   -8        -3   -3   -8        0.99999968  -0.00000000
         2   -6   -1        -3   -3   -8        0.00000001   0.00000000
         2   -6   -1         2   -6   -1        0.99999976   0.00000000
         2   -5    2         2   -6   -1        0.00000014  -0.00000000
         2   -5    2         2   -5    2        0.99999976   0.00000000
         2   -1   -6         2   -5    2       -0.00000001  -0.00000000
         2   -1   -6         2   -1   -6        0.99999976   0.00000000
         2   -1    6         2   -1   -6        0.00000001   0.00000000
         2   -1    6         2   -1    6        0.99999976  -0.00000000
         2    2   -5         2   -1    6       -0.00000003  -0.00000000
         2    2   -5         2    2   -5        0.99999976   0.00000000
         2    2    7         2    2   -5        0.00000001  -0.00000000
         2    2    7         2    2    7        0.99999976  -0.00000000
         2    6   -1         2    2    7       -0.00000001  -0.00000000
         2    6   -1         2    6   -1        0.99999976   0.00000000
         2    7    2         2    6   -1        0.00000014   0.00000000
         2    7    2         2    7    2        0.99999976   0.00000000
         5   -3   -1         2    7    2        0.00000001  -0.00000000
         5   -3   -1         5   -3   -1        0.99999976  -0.00000000
         5   -1   -3         5   -3   -1       -0.00000011  -0.00000000
         5   -1   -3         5   -1   -3        0.99999976   0.00000000
         5   -1    5         5   -1   -3        0.00000004   0.00000000
         5   -1    5         5   -1    5        0.99999977  -0.00000000
         5    5   -1         5   -1    5        0.00000002   0.00000000
         5    5   -1         5    5   -1        0.99999977   0.00000000
         5    5    7         5    5   -1        0.00000004  -0.00000000
         5    5    7         5    5    7        0.99999976   0.00000000
         5    7    5         5    5    7       -0.00000011  -0.00000000
         5    7    5         5    7    5        0.99999976  -0.00000000
         6    0    5         5    7    5        0.00000000   0.00000000
         6    0    5         6    0    5        0.99999977  -0.00000000
         6    5    0         6    0    5        0.00000004   0.00000000
         6    5    0         6    5    0        0.99999977   0.00000000
         7    0    2         6    5    0       -0.00000002   0.00000000
         7    0    2         7    0    2        0.99999976   0.00000000
         7    2    0         7    0    2       -0.00000012  -0.00000000
         7    2    0         7    2    0        0.99999976   0.00000000
         7    4    6         7    2    0        0.00000002  -0.00000000
         7    4    6         7    4    6        0.99999976  -0.00000000
         7    6    4         7    4    6       -0.00000012   0.00000000
         7    6    4         7    6    4        0.99999976   0.00000000
        -7   -7   -6         7    6    4       -0.00000000   0.00000000
        -7   -7   -6        -7   -7   -6        0.99999979  -0.00000000
        -7   -7   -4        -7   -7   -6       -0.00000002   0.00000000
        -7   -7   -4        -7   -7   -4        0.99999981  -0.00000000
        -7   -6   -7        -7   -7   -4       -0.00000002  -0.00000000
        -7   -6   -7        -7   -6   -7        0.99999979   0.00000000
        -7   -4   -7        -7   -6   -7       -0.00000002   0.00000000
        -7   -4   -7        -7   -4   -7        0.99999981  -0.00000000
        -7   -4   -1        -7   -4   -7        0.00000002   0.00000000
        -7   -4   -1        -7   -4   -1        0.99999981  -0.00000000
        -7   -2   -1        -7   -4   -1       -0.00000002  -0.00000000
        -7   -2   -1        -7   -2   -1        0.99999979  -0.00000000
        -7   -1   -4        -7   -2   -1       -0.00000002   0.00000000
        -7   -1   -4        -7   -1   -4        0.99999981  -0.00000000
        -7   -1   -2        -7   -1   -4       -0.00000002  -0.00000000
        -7   -1   -2        -7   -1   -2        0.99999979   0.00000000
        -5   -8   -3        -7   -1   -2       -0.00000001  -0.00000000
        -5   -8   -3        -5   -8   -3        0.99999981   0.00000000
        -5   -3   -8        -5   -8   -3        0.00000003   0.00000000
        -5   -3   -8        -5   -3   -8        0.99999981  -0.00000000
        -5   -3    2        -5   -3   -8        0.00000003   0.00000000
        -5   -3    2        -5   -3    2        0.99999981   0.00000000
        -5    2   -3        -5   -3    2        0.00000003   0.00000000
        -5    2   -3        -5    2   -3        0.99999981   0.00000000
        -4   -2   -8        -5    2   -3        0.00000001   0.00000000
        -4   -2   -8        -4   -2   -8        0.99999986  -0.00000000
        -4    3   -3        -4   -2   -8        0.00000001  -0.00000000
        -4    3   -3        -4    3   -3        0.99999986  -0.00000000
        -2   -8   -2        -4    3   -3       -0.00000001   0.00000000
        -2   -8   -2        -2   -8   -2        0.99999984  -0.00000000
        -2   -7   -7        -2   -8   -2        0.00000000  -0.00000000
        -2   -7   -7        -2   -7   -7        0.99999986  -0.00000000
        -2   -2   -8        -2   -7   -7        0.00000000  -0.00000000
        -2   -2   -8        -2   -2   -8        0.99999984  -0.00000000
        -2   -1    5        -2   -2   -8        0.00000003  -0.00000000
        -2   -1    5        -2   -1    5        0.99999984   0.00000000
        -2    4    4        -2   -1    5        0.00000000  -0.00000000
        -2    4    4        -2    4    4        0.99999986  -0.00000000
        -2    5   -1        -2    4    4        0.00000000  -0.00000000
        -2    5   -1        -2    5   -1        0.99999984   0.00000000
         0   -7   -5        -2    5   -1        0.00000000   0.00000000
         0   -7   -5         0   -7   -5        0.99999986  -0.00000000
         0   -5   -7         0   -7   -5       -0.00000007   0.00000000
         0   -5   -7         0   -5   -7        0.99999986   0.00000000
         0   -5    3         0   -5   -7        0.00000002   0.00000000
         0   -5    3         0   -5    3        0.99999985  -0.00000000
         0   -4    4         0   -5    3        0.00000001   0.00000000
         0   -4    4         0   -4    4        0.99999985   0.00000000
         0    3   -5         0   -4    4       -0.00000001  -0.00000000
         0    3   -5         0    3   -5        0.99999985   0.00000000
         0    4   -4         0    3   -5        0.00000001  -0.00000000
         0    4   -4         0    4   -4        0.99999985  -0.00000000
         0    4    6         0    4   -4        0.00000002  -0.00000000
         0    4    6         0    4    6        0.99999986   0.00000000
         0    6    4         0    4    6       -0.00000007  -0.00000000
         0    6    4         0    6    4        0.99999986  -0.00000000
         2   -6    0         0    6    4        0.00000000   0.00000000
         2   -6    0         2   -6    0        0.99999984  -0.00000000
         2   -5   -5         2   -6    0        0.00000000   0.00000000
         2   -5   -5         2   -5   -5        0.99999986   0.00000000
         2    0   -6         2   -5   -5        0.00000000  -0.00000000
         2    0   -6         2    0   -6        0.99999984   0.00000000
         2    1    7         2    0   -6        0.00000003   0.00000000
         2    1    7         2    1    7        0.99999984   0.00000000
         2    6    6         2    1    7        0.00000000   0.00000000
         2    6    6         2    6    6        0.99999986  -0.00000000
         2    7    1         2    6    6        0.00000000   0.00000000
         2    7    1         2    7    1        0.99999984   0.00000000
         4   -4    2         2    7    1       -0.00000001  -0.00000000
         4   -4    2         4   -4    2        0.99999986   0.00000000
         4    1    7         4   -4    2        0.00000001  -0.00000000
         4    1    7         4    1    7        0.99999986   0.00000000
         4    2   -4         4    1    7        0.00000001  -0.00000000
         4    2   -4         4    2   -4        0.99999986  -0.00000000
         4    7    1         4    2   -4        0.00000001  -0.00000000
         4    7    1         4    7    1        0.99999986   0.00000000
         6   -2    0         4    7    1        0.00000002  -0.00000000
         6   -2    0         6   -2    0        0.99999984  -0.00000000
         6   -2    2         6   -2    0       -0.00000001  -0.00000000
         6   -2    2         6   -2    2        0.99999986  -0.00000000
         6    0   -2         6   -2    2       -0.00000001  -0.00000000
         6    0   -2         6    0   -2        0.99999984   0.00000000
         6    2   -2         6    0   -2       -0.00000001   0.00000000
         6    2   -2         6    2   -2        0.99999986   0.00000000
         6    3    7         6    2   -2        0.00000001   0.00000000
         6    3    7         6    3    7        0.99999986   0.00000000
         6    5    7         6    3    7       -0.00000001  -0.00000000
         6    5    7         6    5    7        0.99999984  -0.00000000
        -8   -3   -5         6    5    7        0.00000000  -0.00000000
        -8   -3   -5        -8   -3   -5        0.99999992   0.00000000
        -8   -3   -3        -8   -3   -5       -0.00000001   0.00000000
        -8   -3   -3        -8   -3   -3        0.99999991   0.00000000
        -2   -8   -6        -8   -3   -3       -0.00000000   0.00000000
        -2   -8   -6        -2   -8   -6        0.99999992   0.00000000
        -2   -6   -8        -2   -8   -6       -0.00000004   0.00000000
        -2   -6   -8        -2   -6   -8        0.99999992  -0.00000000
        -2   -6    2        -2   -6   -8        0.00000001   0.00000000
        -2   -6    2        -2   -6    2        0.99999992  -0.00000000
        -2   -5    3        -2   -6    2        0.00000001   0.00000000
        -2   -5    3        -2   -5    3        0.99999992  -0.00000000
        -2    2   -6        -2   -5    3       -0.00000000   0.00000000
        -2    2   -6        -2    2   -6        0.99999992   0.00000000
        -2    3   -5        -2    2   -6        0.00000001  -0.00000000
        -2    3   -5        -2    3   -5        0.99999992  -0.00000000
        -2    3    5        -2    3   -5        0.00000001   0.00000000
        -2    3    5        -2    3    5        0.99999992  -0.00000000
        -2    5    3        -2    3    5       -0.00000004   0.00000000
        -2    5    3        -2    5    3        0.99999992   0.00000000
         0   -6    2        -2    5    3        0.00000001   0.00000000
         0   -6    2         0   -6    2        0.99999991   0.00000000
         0   -3    5         0   -6    2       -0.00000001  -0.00000000
         0   -3    5         0   -3    5        0.99999991  -0.00000000
         0    2   -6         0   -3    5        0.00000001   0.00000000
         0    2   -6         0    2   -6        0.99999991  -0.00000000
         0    5   -3         0    2   -6       -0.00000001   0.00000000
         0    5   -3         0    5   -3        0.99999991   0.00000000
         2   -6   -4         0    5   -3        0.00000001  -0.00000000
         2   -6   -4         2   -6   -4        0.99999992   0.00000000
         2   -4   -6         2   -6   -4       -0.00000004  -0.00000000
         2   -4   -6         2   -4   -6        0.99999992  -0.00000000
         2   -4    4         2   -4   -6        0.00000001   0.00000000
         2   -4    4         2   -4    4        0.99999992  -0.00000000
         2   -3    5         2   -4    4        0.00000001  -0.00000000
         2   -3    5         2   -3    5        0.99999992   0.00000000
         2    4   -4         2   -3    5       -0.00000000  -0.00000000
         2    4   -4         2    4   -4        0.99999992  -0.00000000
         2    5   -3         2    4   -4        0.00000001  -0.00000000
         2    5   -3         2    5   -3        0.99999992   0.00000000
         2    5    7         2    5   -3        0.00000001   0.00000000
         2    5    7         2    5    7        0.99999992   0.00000000
         2    7    5         2    5    7       -0.00000004  -0.00000000
         2    7    5         2    7    5        0.99999992  -0.00000000
         8    2    2         2    7    5       -0.00000000  -0.00000000
         8    2    2         8    2    2        0.99999991   0.00000000
         8    2    4         8    2    2       -0.00000001  -0.00000000
         8    2    4         8    2    4        0.99999992   0.00000000
         8    3    5         8    2    4       -0.00000001  -0.00000000
         8    3    5         8    3    5        0.99999992   0.00000000
         8    4    2         8    3    5       -0.00000001  -0.00000000
         8    4    2         8    4    2        0.99999992   0.00000000
         8    5    3         8    4    2       -0.00000001  -0.00000000
         8    5    3         8    5    3        0.99999992  -0.00000000
         8    5    5         8    5    3       -0.00000001   0.00000000
         8    5    5         8    5    5        0.99999991   0.00000000
        -6   -8   -7         8    5    5       -0.00000003  -0.00000000
        -6   -8   -7        -6   -8   -7        0.99999992  -0.00000000
        -6   -8   -3        -6   -8   -7        0.00000003   0.00000000
        -6   -8   -3        -6   -8   -3        0.99999992  -0.00000000
        -6   -7   -8        -6   -8   -3        0.00000001  -0.00000000
        -6   -7   -8        -6   -7   -8        0.99999992  -0.00000000
        -6   -4    1        -6   -7   -8       -0.00000001  -0.00000000
        -6   -4    1        -6   -4    1        0.99999992  -0.00000000
         4   -5   -1        -6   -4    1        0.00000000   0.00000000
         4   -5   -1         4   -5   -1        0.99999995  -0.00000000
         4   -1   -5         4   -5   -1        0.00000000  -0.00000000
         4   -1   -5         4   -1   -5        0.99999995   0.00000000
         4    4    8         4   -1   -5        0.00000000   0.00000000
         4    4    8         4    4    8        0.99999995   0.00000000
         4    8    4         4    4    8        0.00000000  -0.00000000
         4    8    4         4    8    4        0.99999995   0.00000000
         6   -1    5         4    8    4       -0.00000000   0.00000000
         6   -1    5         6   -1    5        0.99999996   0.00000000
         6    0    6         6   -1    5        0.00000000   0.00000000
         6    0    6         6    0    6        0.99999996  -0.00000000
         6    5   -1         6    0    6        0.00000000  -0.00000000
         6    5   -1         6    5   -1        0.99999996  -0.00000000
         6    6    0         6    5   -1        0.00000000   0.00000000
         6    6    0         6    6    0        0.99999996   0.00000000
         8    1    3         6    6    0        0.00000001  -0.00000000
         8    1    3         8    1    3        0.99999995   0.00000000
         8    3    1         8    1    3       -0.00000003  -0.00000000
         8    3    1         8    3    1        0.99999995   0.00000000
         8    4    6         8    3    1        0.00000001   0.00000000
         8    4    6         8    4    6        0.99999995   0.00000000
         8    6    4         8    4    6       -0.00000003   0.00000000
         8    6    4         8    6    4        0.99999995   0.00000000
        -8   -7   -6         8    6    4       -0.00000002  -0.00000000
        -8   -7   -6        -8   -7   -6        0.99999995  -0.00000000
        -8   -6   -7        -8   -7   -6       -0.00000004  -0.00000000
        -8   -6   -7        -8   -6   -7        0.99999995   0.00000000
        -8   -6   -3        -8   -6   -7        0.00000002   0.00000000
        -8   -6   -3        -8   -6   -3        0.99999996   0.00000000
        -8   -3   -6        -8   -6   -3       -0.00000001   0.00000000
        -8   -3   -6        -8   -3   -6        0.99999996  -0.00000000
        -8   -3   -2        -8   -3   -6        0.00000002   0.00000000
        -8   -3   -2        -8   -3   -2        0.99999995  -0.00000000
        -8   -2   -3        -8   -3   -2       -0.00000004   0.00000000
        -8   -2   -3        -8   -2   -3        0.99999995   0.00000000
        -7   -8   -4        -8   -2   -3        0.00000000  -0.00000000
        -7   -8   -4        -7   -8   -4        0.99999996  -0.00000000
        -7   -4   -8        -7   -8   -4        0.00000000  -0.00000000
        -7   -4   -8        -7   -4   -8        0.99999996   0.00000000
        -7   -4    0        -7   -4   -8        0.00000001   0.00000000
        -7   -4    0        -7   -4    0        0.99999996  -0.00000000
        -7    0   -4        -7   -4    0        0.00000000   0.00000000
        -7    0   -4        -7    0   -4        0.99999996   0.00000000
        -5   -9   -5        -7    0   -4        0.00000001   0.00000000
        -5   -9   -5        -5   -9   -5        0.99999996  -0.00000000
        -5   -5   -9        -5   -9   -5        0.00000000   0.00000000
        -5   -5   -9        -5   -5   -9        0.99999996   0.00000000
        -5   -1    3        -5   -5   -9        0.00000001   0.00000000
        -5   -1    3        -5   -1    3        0.99999996  -0.00000000
        -5    3   -1        -5   -1    3        0.00000000   0.00000000
        -5    3   -1        -5    3   -1        0.99999996   0.00000000
        -4   -9   -4        -5    3   -1       -0.00000000  -0.00000000
        -4   -9   -4        -4   -9   -4        0.99999996  -0.00000000
        -4   -8   -1        -4   -9   -4        0.00000003  -0.00000000
        -4   -8   -1        -4   -8   -1        0.99999996   0.00000000
        -4   -4   -9        -4   -8   -1       -0.00000001  -0.00000000
        -4   -4   -9        -4   -4   -9        0.99999996   0.00000000
        -4   -4    3        -4   -4   -9       -0.00000000  -0.00000000
        -4   -4    3        -4   -4    3        0.99999996  -0.00000000
        -4   -1   -8        -4   -4    3        0.00000000   0.00000000
        -4   -1   -8        -4   -1   -8        0.99999996   0.00000000
        -4   -1    4        -4   -1   -8       -0.00000000  -0.00000000
        -4   -1    4        -4   -1    4        0.99999996   0.00000000
         7    5    0        -4   -1    4        0.00000001   0.00000000
         7    5    0         7    5    0        0.99999997  -0.00000000
         7    6    1         7    5    0       -0.00000000  -0.00000000
         7    6    1         7    6    1        0.99999997  -0.00000000
         7    6    7         7    6    1        0.00000000  -0.00000000
         7    6    7         7    6    7        0.99999997   0.00000000
         7    7    6         7    6    7       -0.00000003   0.00000000
         7    7    6         7    7    6        0.99999997   0.00000000
        -8   -7   -4         7    7    6       -0.00000001  -0.00000000
        -8   -7   -4        -8   -7   -4        0.99999997   0.00000000
        -8   -5   -2        -8   -7   -4        0.00000002   0.00000000
        -8   -5   -2        -8   -5   -2        0.99999997   0.00000000
        -8   -4   -7        -8   -5   -2        0.00000000  -0.00000000
        -8   -4   -7        -8   -4   -7        0.99999997   0.00000000
        -8   -2   -5        -8   -4   -7        0.00000002   0.00000000
        -8   -2   -5        -8   -2   -5        0.99999997  -0.00000000
        -5   -8   -8        -8   -2   -5       -0.00000000   0.00000000
        -5   -8   -8        -5   -8   -8        0.99999997   0.00000000
        -5    2    2        -5   -8   -8       -0.00000000  -0.00000000
        -5    2    2        -5    2    2        0.99999997   0.00000000
        -4   -9   -6        -5    2    2        0.00000000   0.00000000
        -4   -9   -6        -4   -9   -6        0.99999997   0.00000000
        -4   -6   -9        -4   -9   -6       -0.00000001   0.00000000
        -4   -6   -9        -4   -6   -9        0.99999997  -0.00000000
        -4    1    4        -4   -6   -9       -0.00000000  -0.00000000
        -4    1    4        -4    1    4        0.99999997  -0.00000000
        -4    4    1        -4    1    4       -0.00000001  -0.00000000
        -4    4    1        -4    4    1        0.99999997  -0.00000000
        -3   -9   -5        -4    4    1        0.00000000  -0.00000000
        -3   -9   -5        -3   -9   -5        0.99999997  -0.00000000
        -3   -7    1        -3   -9   -5       -0.00000000   0.00000000
        -3   -7    1        -3   -7    1        0.99999997   0.00000000
        -3   -5   -9        -3   -7    1        0.00000001  -0.00000000
        -3   -5   -9        -3   -5   -9        0.99999997   0.00000000
        -3   -5    3        -3   -5   -9       -0.00000000  -0.00000000
        -3   -5    3        -3   -5    3        0.99999997   0.00000000
        -3    1   -7        -3   -5    3        0.00000001   0.00000000
        -3    1   -7        -3    1   -7        0.99999997   0.00000000
        -3    1    5        -3    1   -7       -0.00000000  -0.00000000
        -3    1    5        -3    1    5        0.99999997  -0.00000000
        -3    3   -5        -3    1    5        0.00000001  -0.00000000
        -3    3   -5        -3    3   -5        0.99999997   0.00000000
        -3    5    1        -3    3   -5       -0.00000000  -0.00000000
        -3    5    1        -3    5    1        0.99999997  -0.00000000
         0   -8   -3        -3    5    1        0.00000000   0.00000000
         0   -8   -3         0   -8   -3        0.99999997  -0.00000000
         0   -3   -8         0   -8   -3        0.00000000   0.00000000
         0   -3   -8         0   -3   -8        0.99999997  -0.00000000
         0    2    7         0   -3   -8        0.00000002  -0.00000000
         0    2    7         0    2    7        0.99999997  -0.00000000
         0    7    2         0    2    7        0.00000000   0.00000000
         0    7    2         0    7    2        0.99999997   0.00000000
         3   -6   -2         0    7    2        0.00000000   0.00000000
         3   -6   -2         3   -6   -2        0.99999997   0.00000000
         3   -4    4         3   -6   -2       -0.00000000   0.00000000
         3   -4    4         3   -4    4        0.99999997   0.00000000
         3   -2   -6         3   -4    4        0.00000001   0.00000000
         3   -2   -6         3   -2   -6        0.99999997   0.00000000
         3   -2    6         3   -2   -6       -0.00000000   0.00000000
         3   -2    6         3   -2    6        0.99999997   0.00000000
         3    4   -4         3   -2    6        0.00000001  -0.00000000
         3    4   -4         3    4   -4        0.99999997  -0.00000000
         3    4    8         3    4   -4       -0.00000000   0.00000000
         3    4    8         3    4    8        0.99999997  -0.00000000
        -5   -8   -1         3    4    8       -0.00000000  -0.00000000
        -5   -8   -1        -5   -8   -1        0.99999998  -0.00000000
        -5   -5    2        -5   -8   -1       -0.00000000   0.00000000
        -5   -5    2        -5   -5    2        0.99999998   0.00000000
        -5   -1   -8        -5   -5    2       -0.00000000  -0.00000000
        -5   -1   -8        -5   -1   -8        0.99999998  -0.00000000
        -5    2   -5        -5   -1   -8       -0.00000000  -0.00000000
        -5    2   -5        -5    2   -5        0.99999998   0.00000000
        -3   -9   -6        -5    2   -5        0.00000000   0.00000000
        -3   -9   -6        -3   -9   -6        0.99999998   0.00000000
        -3   -6   -9        -3   -9   -6       -0.00000000   0.00000000
        -3   -6   -9        -3   -6   -9        0.99999998   0.00000000
        -3    2    5        -3   -6   -9       -0.00000000   0.00000000
        -3    2    5        -3    2    5        0.99999998   0.00000000
        -3    5    2        -3    2    5       -0.00000000  -0.00000000
        -3    5    2        -3    5    2        0.99999998   0.00000000
         3   -6   -3        -3    5    2        0.00000000  -0.00000000
         3   -6   -3         3   -6   -3        0.99999998  -0.00000000
         3   -3   -6         3   -6   -3       -0.00000000  -0.00000000
         3   -3   -6         3   -3   -6        0.99999998   0.00000000
         3    5    8         3   -3   -6       -0.00000000   0.00000000
         3    5    8         3    5    8        0.99999998  -0.00000000
         3    8    5         3    5    8       -0.00000000   0.00000000
         3    8    5         3    8    5        0.99999998  -0.00000000
         5   -3    4         3    8    5        0.00000000   0.00000000
         5   -3    4         5   -3    4        0.99999998  -0.00000000
         5    0    7         5   -3    4       -0.00000000  -0.00000000
         5    0    7         5    0    7        0.99999998  -0.00000000
         5    4   -3         5    0    7       -0.00000000   0.00000000
         5    4   -3         5    4   -3        0.99999998   0.00000000
         5    7    0         5    4   -3       -0.00000000   0.00000000
         5    7    0         5    7    0        0.99999998   0.00000000
         7   -1    4         5    7    0        0.00000000  -0.00000000
         7   -1    4         7   -1    4        0.99999998   0.00000000
         7    2    7         7   -1    4        0.00000000  -0.00000000
         7    2    7         7    2    7        0.99999998   0.00000000
         7    4   -1         7    2    7       -0.00000000  -0.00000000
         7    4   -1         7    4   -1        0.99999998  -0.00000000
         7    7    2         7    4   -1        0.00000000   0.00000000
         7    7    2         7    7    2        0.99999998   0.00000000
        -6   -9   -4         7    7    2        0.00000001  -0.00000000
        -6   -9   -4        -6   -9   -4        0.99999998   0.00000000
        -6   -4   -9        -6   -9   -4        0.00000000   0.00000000
        -6   -4   -9        -6   -4   -9        0.99999998   0.00000000
        -6   -3    2        -6   -4   -9       -0.00000000  -0.00000000
        -6   -3    2        -6   -3    2        0.99999998   0.00000000
        -6    2   -3        -6   -3    2        0.00000000   0.00000000
        -6    2   -3        -6    2   -3        0.99999998   0.00000000
        -5   -9   -7        -6    2   -3       -0.00000000  -0.00000000
        -5   -9   -7        -5   -9   -7        0.99999998  -0.00000000
        -5   -9   -3        -5   -9   -7        0.00000001  -0.00000000
        -5   -9   -3        -5   -9   -3        0.99999998   0.00000000
        -5   -7   -9        -5   -9   -3       -0.00000000  -0.00000000
        -5   -7   -9        -5   -7   -9        0.99999998   0.00000000
        -5   -3   -9        -5   -7   -9        0.00000001  -0.00000000
        -5   -3   -9        -5   -3   -9        0.99999998   0.00000000
        -5   -3    3        -5   -3   -9       -0.00000000  -0.00000000
        -5   -3    3        -5   -3    3        0.99999998  -0.00000000
        -5    1    3        -5   -3    3        0.00000001  -0.00000000
        -5    1    3        -5    1    3        0.99999998   0.00000000
        -5    3   -3        -5    1    3       -0.00000000  -0.00000000
        -5    3   -3        -5    3   -3        0.99999998   0.00000000
        -5    3    1        -5    3   -3        0.00000001   0.00000000
        -5    3    1        -5    3    1        0.99999998   0.00000000
         0   -1   -1         0   -1   -1        0.79981666  -0.00000000
         0    0    0         0   -1   -1       -0.00000000   0.00000000
         0    0    0         0    0    0        0.79981666   0.00000000
        -1   -1   -1         0    0    0        0.00383587  -0.00000000
        -1   -1   -1        -1   -1   -1        0.82655781   0.00000000
         0   -1    0        -1   -1   -1        0.00000000  -0.00000000
         0   -1    0         0   -1    0        0.82655781   0.00000000
         0    0   -1         0   -1    0       -0.00610996  -0.00000000
         0    0   -1         0    0   -1        0.82655781   0.00000000
         1    0    0         0    0   -1        0.00000000   0.00000000
         1    0    0         1    0    0        0.82655781  -0.00000000
        -1   -2   -1         1    0    0        0.00421662   0.00000000
        -1   -2   -1        -1   -2   -1        0.88167721  -0.00000000
        -1   -1   -2        -1   -2   -1        0.00126575  -0.00000000
        -1   -1   -2        -1   -1   -2        0.88167721   0.00000000
        -1   -1    0        -1   -1   -2        0.00353980  -0.00000000
        -1   -1    0        -1   -1    0        0.88167721  -0.00000000
        -1    0   -1        -1   -1    0        0.00126575   0.00000000
        -1    0   -1        -1    0   -1        0.88167721   0.00000000
         1   -1    0        -1    0   -1        0.00000000   0.00000000
         1   -1    0         1   -1    0        0.88167721  -0.00000000
         1    0   -1         1   -1    0        0.00126575  -0.00000000
         1    0   -1         1    0   -1        0.88167721   0.00000000
         1    0    1         1    0   -1        0.00353980   0.00000000
         1    0    1         1    0    1        0.88167721   0.00000000
         1    1    0         1    0    1        0.00126575   0.00000000
         1    1    0         1    1    0        0.88167721   0.00000000
        -1   -2   -2         1    1    0        0.00182982   0.00000000
        -1   -2   -2        -1   -2   -2        0.89514604  -0.00000000
        -1    0    0        -1   -2   -2        0.00016816   0.00000000
        -1    0    0        -1    0    0        0.89514604  -0.00000000
         0   -2   -1        -1    0    0       -0.00000000  -0.00000000
         0   -2   -1         0   -2   -1        0.89514604  -0.00000000
         0   -1   -2         0   -2   -1        0.00226440  -0.00000000
         0   -1   -2         0   -1   -2        0.89514604   0.00000000
         0    0    1         0   -1   -2       -0.00142700  -0.00000000
         0    0    1         0    0    1        0.89514604  -0.00000000
         0    1    0         0    0    1        0.00226440   0.00000000
         0    1    0         0    1    0        0.89514604  -0.00000000
         1   -1   -1         0    1    0       -0.00000000   0.00000000
         1   -1   -1         1   -1   -1        0.89514604  -0.00000000
         1    1    1         1   -1   -1        0.00016816  -0.00000000
         1    1    1         1    1    1        0.89514604  -0.00000000
        -2   -2   -2         1    1    1        0.00101838   0.00000000
        -2   -2   -2        -2   -2   -2        0.92548213  -0.00000000
        -2   -1   -1        -2   -2   -2       -0.00069197   0.00000000
        -2   -1   -1        -2   -1   -1        0.92548213  -0.00000000
         0   -2   -2        -2   -1   -1        0.00169559  -0.00000000
         0   -2   -2         0   -2   -2        0.92554076  -0.00000000
         0   -2    0         0   -2   -2       -0.00218402  -0.00000000
         0   -2    0         0   -2    0        0.92548213  -0.00000000
         0   -1    1         0   -2    0        0.00069197   0.00000000
         0   -1    1         0   -1    1        0.92548213   0.00000000
         0    0   -2         0   -1    1       -0.00058687   0.00000000
         0    0   -2         0    0   -2        0.92548213   0.00000000
         0    1   -1         0    0   -2        0.00069197  -0.00000000
         0    1   -1         0    1   -1        0.92548213  -0.00000000
         0    1    1         0    1   -1       -0.00218402   0.00000000
         0    1    1         0    1    1        0.92554076   0.00000000
         2    0    0         0    1    1        0.00169559  -0.00000000
         2    0    0         2    0    0        0.92548213   0.00000000
         2    1    1         2    0    0       -0.00069197  -0.00000000
         2    1    1         2    1    1        0.92548213   0.00000000
        -2   -4   -3         2    1    1       -0.00023195  -0.00000000
        -2   -4   -3        -2   -4   -3        0.99310488  -0.00000000
        -2   -3   -4        -2   -4   -3       -0.00043111   0.00000000
        -2   -3   -4        -2   -3   -4        0.99310488   0.00000000
        -2   -3    0        -2   -3   -4       -0.00016422  -0.00000000
        -2   -3    0        -2   -3    0        0.99334076   0.00000000
        -2    0   -3        -2   -3    0       -0.00015041   0.00000000
        -2    0   -3        -2    0   -3        0.99334076  -0.00000000
        -2    0    1        -2    0   -3       -0.00016422   0.00000000
        -2    0    1        -2    0    1        0.99310488   0.00000000
        -2    1    0        -2    0    1       -0.00043111   0.00000000
        -2    1    0        -2    1    0        0.99310488   0.00000000
        -1   -4   -2        -2    1    0       -0.00001616   0.00000000
        -1   -4   -2        -1   -4   -2        0.99310488  -0.00000000
        -1   -2   -4        -1   -4   -2        0.00037365   0.00000000
        -1   -2   -4        -1   -2   -4        0.99310488  -0.00000000
        -1    0    2        -1   -2   -4       -0.00038167   0.00000000
        -1    0    2        -1    0    2        0.99310488  -0.00000000
        -1    2    0        -1    0    2        0.00037365  -0.00000000
        -1    2    0        -1    2    0        0.99310488  -0.00000000
         1   -3   -1        -1    2    0        0.00036606   0.00000000
         1   -3   -1         1   -3   -1        0.99310488  -0.00000000
         1   -1   -3         1   -3   -1        0.00037365  -0.00000000
         1   -1   -3         1   -1   -3        0.99310488  -0.00000000
         1    1    3         1   -1   -3       -0.00038167  -0.00000000
         1    1    3         1    1    3        0.99310488  -0.00000000
         1    3    1         1    1    3        0.00037365  -0.00000000
         1    3    1         1    3    1        0.99310488   0.00000000
         2   -2   -1         1    3    1       -0.00001616   0.00000000
         2   -2   -1         2   -2   -1        0.99310488   0.00000000
         2   -1   -2         2   -2   -1       -0.00043111  -0.00000000
         2   -1   -2         2   -1   -2        0.99310488   0.00000000
         2   -1    2         2   -1   -2       -0.00016422   0.00000000
         2   -1    2         2   -1    2        0.99334076  -0.00000000
         2    2   -1         2   -1    2       -0.00015041   0.00000000
         2    2   -1         2    2   -1        0.99334076   0.00000000
         2    2    3         2    2   -1       -0.00016422   0.00000000
         2    2    3         2    2    3        0.99310488  -0.00000000
         2    3    2         2    2    3       -0.00043111  -0.00000000
         2    3    2         2    3    2        0.99310488  -0.00000000
         3    0    2         2    3    2       -0.00014147  -0.00000000
         3    0    2         3    0    2        0.99334076  -0.00000000
         3    2    0         3    0    2        0.00049282   0.00000000
         3    2    0         3    2    0        0.99334076   0.00000000
        -3   -4   -3         3    2    0       -0.00011938  -0.00000000
        -3   -4   -3        -3   -4   -3        0.99594508   0.00000000
        -3   -3   -4        -3   -4   -3       -0.00030785   0.00000000
        -3   -3   -4        -3   -3   -4        0.99594508   0.00000000
        -3   -1    0        -3   -3   -4       -0.00004931   0.00000000
        -3   -1    0        -3   -1    0        0.99594508  -0.00000000
        -3    0   -1        -3   -1    0       -0.00030785   0.00000000
        -3    0   -1        -3    0   -1        0.99594508  -0.00000000
        -1   -4   -3        -3    0   -1        0.00011597  -0.00000000
        -1   -4   -3        -1   -4   -3        0.99593576   0.00000000
        -1   -4   -1        -1   -4   -3       -0.00043860  -0.00000000
        -1   -4   -1        -1   -4   -1        0.99594508  -0.00000000
        -1   -3   -4        -1   -4   -1       -0.00008922  -0.00000000
        -1   -3   -4        -1   -3   -4        0.99593576  -0.00000000
        -1   -1   -4        -1   -3   -4       -0.00043860   0.00000000
        -1   -1   -4        -1   -1   -4        0.99594508  -0.00000000
        -1   -1    2        -1   -1   -4       -0.00021354  -0.00000000
        -1   -1    2        -1   -1    2        0.99594508   0.00000000
        -1    1    2        -1   -1    2       -0.00043860  -0.00000000
        -1    1    2        -1    1    2        0.99593576  -0.00000000
        -4   -3   -1        -1    1    2        0.00004574   0.00000000
        -4   -3   -1        -4   -3   -1        0.99958525   0.00000000
        -4   -2   -4        -4   -3   -1       -0.00002023  -0.00000000
        -4   -2   -4        -4   -2   -4        0.99958525   0.00000000
        -4   -1   -3        -4   -2   -4        0.00001662  -0.00000000
        -4   -1   -3        -4   -1   -3        0.99958525   0.00000000
        -4   -1   -1        -4   -1   -3       -0.00005232  -0.00000000
        -4   -1   -1        -4   -1   -1        0.99964718  -0.00000000
        -2   -5   -3        -4   -1   -1       -0.00000009  -0.00000000
        -2   -5   -3        -2   -5   -3        0.99964170  -0.00000000
        -2   -4    0        -2   -5   -3       -0.00003228  -0.00000000
        -2   -4    0        -2   -4    0        0.99958525  -0.00000000
        -2   -3   -5        -2   -4    0        0.00001566  -0.00000000
        -2   -3   -5        -2   -3   -5        0.99964170  -0.00000000
        -2   -3    1        -2   -3   -5       -0.00001431  -0.00000000
        -2   -3    1        -2   -3    1        0.99958525   0.00000000
        -2    0   -4        -2   -3    1        0.00000765   0.00000000
        -2    0   -4        -2    0   -4        0.99958525   0.00000000
        -2    0    2        -2    0   -4       -0.00001431   0.00000000
        -2    0    2        -2    0    2        0.99964170  -0.00000000
        -2    1   -3        -2    0    2        0.00001566  -0.00000000
        -2    1   -3        -2    1   -3        0.99958525   0.00000000
        -2    2    0        -2    1   -3       -0.00003228   0.00000000
        -2    2    0        -2    2    0        0.99964170   0.00000000
         0   -4    0        -2    2    0       -0.00000100   0.00000000
         0   -4    0         0   -4    0        0.99964718   0.00000000
         0   -1    3         0   -4    0        0.00001479   0.00000000
         0   -1    3         0   -1    3        0.99964718  -0.00000000
         0    0   -4         0   -1    3        0.00004050   0.00000000
         0    0   -4         0    0   -4        0.99964718   0.00000000
         0    3   -1         0    0   -4        0.00001479  -0.00000000
         0    3   -1         0    3   -1        0.99964718  -0.00000000
         2   -3   -1         0    3   -1       -0.00000100   0.00000000
         2   -3   -1         2   -3   -1        0.99964170  -0.00000000
         2   -2    2         2   -3   -1       -0.00003228  -0.00000000
         2   -2    2         2   -2    2        0.99958525   0.00000000
         2   -1   -3         2   -2    2        0.00001566   0.00000000
         2   -1   -3         2   -1   -3        0.99964170  -0.00000000
         2   -1    3         2   -1   -3       -0.00001431   0.00000000
         2   -1    3         2   -1    3        0.99958525  -0.00000000
         2    2   -2         2   -1    3        0.00000765   0.00000000
         2    2   -2         2    2   -2        0.99958525   0.00000000
         2    2    4         2    2   -2       -0.00001431   0.00000000
         2    2    4         2    2    4        0.99964170  -0.00000000
         2    3   -1         2    2    4        0.00001566  -0.00000000
         2    3   -1         2    3   -1        0.99958525  -0.00000000
         2    4    2         2    3   -1       -0.00003228   0.00000000
         2    4    2         2    4    2        0.99964170   0.00000000
         4    0    0         2    4    2       -0.00000009   0.00000000
         4    0    0         4    0    0        0.99964718   0.00000000
         4    0    2         4    0    0       -0.00005232   0.00000000
         4    0    2         4    0    2        0.99958525  -0.00000000
         4    1    3         4    0    2        0.00001662   0.00000000
         4    1    3         4    1    3        0.99958525   0.00000000
         4    2    0         4    1    3       -0.00002023  -0.00000000
         4    2    0         4    2    0        0.99958525   0.00000000
         4    3    1         4    2    0        0.00001662  -0.00000000
         4    3    1         4    3    1        0.99958525   0.00000000
         4    3    3         4    3    1       -0.00005232  -0.00000000
         4    3    3         4    3    3        0.99964718  -0.00000000
        -3   -5   -3         4    3    3       -0.00002573  -0.00000000
        -3   -5   -3        -3   -5   -3        0.99969193   0.00000000
        -3   -3   -5        -3   -5   -3        0.00004510   0.00000000
        -3   -3   -5        -3   -3   -5        0.99969193   0.00000000
         4    3    0        -3   -3   -5       -0.00000641  -0.00000000
         4    3    0         4    3    0        0.99990059   0.00000000
         4    3    4         4    3    0       -0.00001786  -0.00000000
         4    3    4         4    3    4        0.99991154  -0.00000000
         4    4    3         4    3    4       -0.00003268  -0.00000000
         4    4    3         4    4    3        0.99991154  -0.00000000
         5    2    2         4    4    3       -0.00000004  -0.00000000
         5    2    2         5    2    2        0.99990045  -0.00000000
        -5   -4   -3         5    2    2       -0.00002159  -0.00000000
        -5   -4   -3        -5   -4   -3        0.99993677  -0.00000000
        -5   -3   -4        -5   -4   -3       -0.00002569  -0.00000000
        -5   -3   -4        -5   -3   -4        0.99993677   0.00000000
        -5   -3   -2        -5   -3   -4       -0.00000448   0.00000000
        -5   -3   -2        -5   -3   -2        0.99993677  -0.00000000
        -5   -2   -3        -5   -3   -2       -0.00002569   0.00000000
        -5   -2   -3        -5   -2   -3        0.99993677  -0.00000000
        -1   -5   -4        -5   -2   -3       -0.00000068  -0.00000000
        -1   -5   -4        -1   -5   -4        0.99993698  -0.00000000
        -1   -4   -5        -1   -5   -4       -0.00003805   0.00000000
        -1   -4   -5        -1   -4   -5        0.99993698  -0.00000000
        -1   -4    1        -1   -4   -5       -0.00000285   0.00000000
        -1   -4    1        -1   -4    1        0.99993677  -0.00000000
        -1   -3    2        -1   -4    1       -0.00000856  -0.00000000
        -1   -3    2        -1   -3    2        0.99993677  -0.00000000
        -1    1   -4        -1   -3    2       -0.00000177   0.00000000
        -1    1   -4        -1    1   -4        0.99993677   0.00000000
        -1    2   -3        -1    1   -4       -0.00000856  -0.00000000
        -1    2   -3        -1    2   -3        0.99993677   0.00000000
        -1    2    3        -1    2   -3       -0.00000285   0.00000000
        -1    2    3        -1    2    3        0.99993698  -0.00000000
        -1    3    2        -1    2    3       -0.00003805   0.00000000
        -1    3    2        -1    3    2        0.99993698  -0.00000000
         1   -4   -3        -1    3    2        0.00000000   0.00000000
         1   -4   -3         1   -4   -3        0.99993698  -0.00000000
         1   -3   -4         1   -4   -3       -0.00003805  -0.00000000
         1   -3   -4         1   -3   -4        0.99993698  -0.00000000
         1   -3    2         1   -3   -4       -0.00000285   0.00000000
         1   -3    2         1   -3    2        0.99993677   0.00000000
         1   -2    3         1   -3    2       -0.00000856  -0.00000000
         1   -2    3         1   -2    3        0.99993677   0.00000000
         1    2   -3         1   -2    3       -0.00000177   0.00000000
         1    2   -3         1    2   -3        0.99993677  -0.00000000
         1    3   -2         1    2   -3       -0.00000856  -0.00000000
         1    3   -2         1    3   -2        0.99993677   0.00000000
         1    3    4         1    3   -2       -0.00000285   0.00000000
         1    3    4         1    3    4        0.99993698   0.00000000
         1    4    3         1    3    4       -0.00003805  -0.00000000
         1    4    3         1    4    3        0.99993698  -0.00000000
         5    1    2         1    4    3       -0.00000068  -0.00000000
         5    1    2         5    1    2        0.99993677   0.00000000
         5    2    1         5    1    2       -0.00002569   0.00000000
         5    2    1         5    2    1        0.99993677  -0.00000000
         5    2    3         5    2    1       -0.00000448  -0.00000000
         5    2    3         5    2    3        0.99993677  -0.00000000
         5    3    2         5    2    3       -0.00002569   0.00000000
         5    3    2         5    3    2        0.99993677   0.00000000
        -5   -4   -4         5    3    2        0.00001454   0.00000000
        -5   -4   -4        -5   -4   -4        0.99994517   0.00000000
        -5   -2   -2        -5   -4   -4        0.00001671   0.00000000
        -5   -2   -2        -5   -2   -2        0.99994517  -0.00000000
        -4   -5   -2        -5   -2   -2       -0.00000810  -0.00000000
        -4   -5   -2        -4   -5   -2        0.99994413  -0.00000000
        -4   -3    0        -4   -5   -2        0.00001659   0.00000000
        -4   -3    0        -4   -3    0        0.99994413  -0.00000000
         2    2   -3        -4   -3    0        0.00000874   0.00000000
         2    2   -3         2    2   -3        0.99997818  -0.00000000
         2    2    5         2    2   -3       -0.00000352   0.00000000
         2    2    5         2    2    5        0.99997946  -0.00000000
         2    4   -1         2    2    5        0.00000255   0.00000000
         2    4   -1         2    4   -1        0.99997818   0.00000000
         2    5    2         2    4   -1        0.00000162   0.00000000
         2    5    2         2    5    2        0.99997946   0.00000000
         3   -3   -1         2    5    2       -0.00000022   0.00000000
         3   -3   -1         3   -3   -1        0.99997946   0.00000000
         3   -1   -3         3   -3   -1        0.00000167  -0.00000000
         3   -1   -3         3   -1   -3        0.99997946   0.00000000
         3    3    5         3   -1   -3        0.00000410   0.00000000
         3    3    5         3    3    5        0.99997946  -0.00000000
         3    5    3         3    3    5        0.00000167  -0.00000000
         3    5    3         3    5    3        0.99997946  -0.00000000
         5    0    2         3    5    3       -0.00000153   0.00000000
         5    0    2         5    0    2        0.99997818   0.00000000
         5    2    0         5    0    2        0.00000203  -0.00000000
         5    2    0         5    2    0        0.99997818   0.00000000
         5    2    4         5    2    0       -0.00000364  -0.00000000
         5    2    4         5    2    4        0.99997818  -0.00000000
         5    4    2         5    2    4        0.00000203  -0.00000000
         5    4    2         5    4    2        0.99997818   0.00000000
        -4   -6   -4         5    4    2        0.00000528  -0.00000000
        -4   -6   -4        -4   -6   -4        0.99998418  -0.00000000
        -4   -5   -1        -4   -6   -4        0.00000255  -0.00000000
        -4   -5   -1        -4   -5   -1        0.99998470  -0.00000000
        -4   -4   -6        -4   -5   -1       -0.00000292  -0.00000000
        -4   -4   -6        -4   -4   -6        0.99998418  -0.00000000
        -4   -4    0        -4   -4   -6        0.00000043   0.00000000
        -4   -4    0        -4   -4    0        0.99998470  -0.00000000
        -4   -1   -5        -4   -4    0        0.00000046   0.00000000
        -4   -1   -5        -4   -1   -5        0.99998470   0.00000000
        -4   -1    1        -4   -1   -5        0.00000043  -0.00000000
        -4   -1    1        -4   -1    1        0.99998418   0.00000000
        -4    0   -4        -4   -1    1       -0.00000292   0.00000000
        -4    0   -4        -4    0   -4        0.99998470   0.00000000
        -4    1   -1        -4    0   -4        0.00000255   0.00000000
        -4    1   -1        -4    1   -1        0.99998418   0.00000000
        -2   -6   -4        -4    1   -1       -0.00000322   0.00000000
        -2   -6   -4        -2   -6   -4        0.99998464  -0.00000000
        -2   -6   -2        -2   -6   -4       -0.00000125  -0.00000000
        -2   -6   -2        -2   -6   -2        0.99998418   0.00000000
        -2   -4   -6        -2   -6   -2       -0.00000104   0.00000000
        -2   -4   -6        -2   -4   -6        0.99998464  -0.00000000
        -2   -2   -6        -2   -4   -6       -0.00000125  -0.00000000
        -2   -2   -6        -2   -2   -6        0.99998418   0.00000000
        -2   -1    3        -2   -2   -6        0.00000055   0.00000000
        -2   -1    3        -2   -1    3        0.99998418  -0.00000000
        -2    1    3        -2   -1    3       -0.00000125  -0.00000000
        -2    1    3        -2    1    3        0.99998464  -0.00000000
        -2    3   -1        -2    1    3       -0.00000104   0.00000000
        -2    3   -1        -2    3   -1        0.99998418  -0.00000000
        -2    3    1        -2    3   -1       -0.00000125   0.00000000
        -2    3    1        -2    3    1        0.99998464   0.00000000
         2   -4   -2        -2    3    1       -0.00000000   0.00000000
         2   -4   -2         2   -4   -2        0.99998464   0.00000000
         2   -4    0         2   -4   -2       -0.00000125  -0.00000000
         2   -4    0         2   -4    0        0.99998418   0.00000000
         2   -2   -4         2   -4    0       -0.00000104  -0.00000000
         2   -2   -4         2   -2   -4        0.99998464  -0.00000000
         2    0   -4         2   -2   -4       -0.00000125  -0.00000000
         2    0   -4         2    0   -4        0.99998418   0.00000000
        -4   -2   -6         2    0   -4       -0.00000072  -0.00000000
        -4   -2   -6        -4   -2   -6        0.99999292   0.00000000
        -4    1   -3        -4   -2   -6        0.00000000   0.00000000
        -4    1   -3        -4    1   -3        0.99999292   0.00000000
         0   -4    2        -4    1   -3        0.00000019   0.00000000
         0   -4    2         0   -4    2        0.99999256  -0.00000000
         0   -3    3         0   -4    2        0.00000067  -0.00000000
         0   -3    3         0   -3    3        0.99999256   0.00000000
         0    2   -4         0   -3    3       -0.00000030  -0.00000000
         0    2   -4         0    2   -4        0.99999256  -0.00000000
         0    3   -3         0    2   -4        0.00000067  -0.00000000
         0    3   -3         0    3   -3        0.99999256  -0.00000000
         4   -2    2         0    3   -3        0.00000019   0.00000000
         4   -2    2         4   -2    2        0.99999292  -0.00000000
         4    1    5         4   -2    2        0.00000000  -0.00000000
         4    1    5         4    1    5        0.99999292  -0.00000000
         4    2   -2         4    1    5       -0.00000066  -0.00000000
         4    2   -2         4    2   -2        0.99999292  -0.00000000
         4    5    1         4    2   -2       -0.00000000   0.00000000
         4    5    1         4    5    1        0.99999292  -0.00000000
         6    2    2         4    5    1        0.00000145  -0.00000000
         6    2    2         6    2    2        0.99999256  -0.00000000
         6    3    3         6    2    2       -0.00000067   0.00000000
         6    3    3         6    3    3        0.99999256   0.00000000
        -6   -4   -3         6    3    3        0.00000270  -0.00000000
        -6   -4   -3        -6   -4   -3        0.99999332  -0.00000000
        -6   -3   -4        -6   -4   -3       -0.00000424   0.00000000
        -6   -3   -4        -6   -3   -4        0.99999332  -0.00000000
        -5   -6   -4        -6   -3   -4       -0.00000095   0.00000000
        -5   -6   -4        -5   -6   -4        0.99999309  -0.00000000
        -5   -4   -6        -5   -6   -4       -0.00000076   0.00000000
        -5   -4   -6        -5   -4   -6        0.99999309   0.00000000
        -5   -2    0        -5   -4   -6        0.00000156   0.00000000
        -5   -2    0        -5   -2    0        0.99999309   0.00000000
        -5    0   -2        -5   -2    0       -0.00000076   0.00000000
        -5    0   -2        -5    0   -2        0.99999309   0.00000000
        -2   -6   -5        -5    0   -2       -0.00000013  -0.00000000
        -2   -6   -5        -2   -6   -5        0.99999359   0.00000000
        -2   -6   -1        -2   -6   -5       -0.00000074   0.00000000
        -2   -6   -1        -2   -6   -1        0.99999309  -0.00000000
        -2   -5   -6        -2   -6   -1       -0.00000150  -0.00000000
        -2   -5   -6        -2   -5   -6        0.99999359  -0.00000000
        -2   -2    3        -2   -5   -6        0.00000141   0.00000000
        -2   -2    3        -2   -2    3        0.99999309   0.00000000
        -2   -1   -6        -2   -2    3        0.00000106  -0.00000000
        -2   -1   -6        -2   -1   -6        0.99999309   0.00000000
        -2    2    3        -2   -1   -6        0.00000141   0.00000000
        -2    2    3        -2    2    3        0.99999359   0.00000000
        -2    3   -2        -2    2    3       -0.00000150  -0.00000000
        -2    3   -2        -2    3   -2        0.99999309  -0.00000000
        -2    3    2        -2    3   -2       -0.00000074   0.00000000
        -2    3    2        -2    3    2        0.99999359   0.00000000
        -1   -6   -4        -2    3    2        0.00000042  -0.00000000
        -1   -6   -4        -1   -6   -4        0.99999359   0.00000000
        -1   -4   -6        -1   -6   -4       -0.00000061   0.00000000
        -1   -4   -6        -1   -4   -6        0.99999359  -0.00000000
        -1   -4    2        -1   -4   -6       -0.00000138  -0.00000000
        -1   -4    2        -1   -4    2        0.99999332  -0.00000000
        -1    2   -4        -1   -4    2        0.00000284   0.00000000
        -1    2   -4        -1    2   -4        0.99999332   0.00000000
        -1    2    4        -1    2   -4       -0.00000138  -0.00000000
        -1    2    4        -1    2    4        0.99999359  -0.00000000
        -1    4    2        -1    2    4       -0.00000061   0.00000000
        -1    4    2        -1    4    2        0.99999359  -0.00000000
         6    1    1        -1    4    2        0.00000090  -0.00000000
         6    1    1         6    1    1        0.99999659   0.00000000
         6    1    3         6    1    1       -0.00000053  -0.00000000
         6    1    3         6    1    3        0.99999653  -0.00000000
         6    2    4         6    1    3       -0.00000038  -0.00000000
         6    2    4         6    2    4        0.99999653  -0.00000000
         6    3    1         6    2    4       -0.00000037  -0.00000000
         6    3    1         6    3    1        0.99999653  -0.00000000
         6    4    2         6    3    1       -0.00000038  -0.00000000
         6    4    2         6    4    2        0.99999653  -0.00000000
         6    4    4         6    4    2       -0.00000053  -0.00000000
         6    4    4         6    4    4        0.99999659   0.00000000
        -5   -5   -1         6    4    4       -0.00000009   0.00000000
        -5   -5   -1        -5   -5   -1        0.99999696  -0.00000000
        -5   -1   -5        -5   -5   -1        0.00000036   0.00000000
        -5   -1   -5        -5   -1   -5        0.99999696  -0.00000000
        -4   -5    0        -5   -1   -5        0.00000000  -0.00000000
        -4   -5    0        -4   -5    0        0.99999696   0.00000000
        -4    0   -5        -4   -5    0       -0.00000054   0.00000000
        -4    0   -5        -4    0   -5        0.99999696   0.00000000
        -3   -6   -6        -4    0   -5        0.00000011   0.00000000
        -3   -6   -6        -3   -6   -6        0.99999681  -0.00000000
        -3    2    2        -3   -6   -6       -0.00000065  -0.00000000
        -3    2    2        -3    2    2        0.99999681   0.00000000
         0   -6   -3        -3    2    2       -0.00000000  -0.00000000
         0   -6   -3         0   -6   -3        0.99999681  -0.00000000
         0   -3   -6         0   -6   -3        0.00000075   0.00000000
         0   -3   -6         0   -3   -6        0.99999681  -0.00000000
         0    2    5         0   -3   -6        0.00000180  -0.00000000
         0    2    5         0    2    5        0.99999681   0.00000000
         0    5    2         0    2    5        0.00000075  -0.00000000
         0    5    2         0    5    2        0.99999681  -0.00000000
         3   -3   -3         0    5    2       -0.00000000  -0.00000000
         3   -3   -3         3   -3   -3        0.99999681   0.00000000
         3    5    5         3   -3   -3       -0.00000065  -0.00000000
         3    5    5         3    5    5        0.99999681   0.00000000
         4   -1    4         3    5    5        0.00000011   0.00000000
         4   -1    4         4   -1    4        0.99999696  -0.00000000
         4    4   -1         4   -1    4       -0.00000054   0.00000000
         4    4   -1         4    4   -1        0.99999696   0.00000000
         5    0    4         4    4   -1       -0.00000000  -0.00000000
         5    0    4         5    0    4        0.99999696  -0.00000000
         5    4    0         5    0    4        0.00000036  -0.00000000
         5    4    0         5    4    0        0.99999696   0.00000000
        -3   -7   -4         5    4    0       -0.00000020  -0.00000000
        -3   -7   -4        -3   -7   -4        0.99999764  -0.00000000
        -3   -4   -7        -3   -7   -4        0.00000055   0.00000000
        -3   -4   -7        -3   -4   -7        0.99999764   0.00000000
        -3    0    3        -3   -4   -7       -0.00000007  -0.00000000
        -3    0    3        -3    0    3        0.99999764   0.00000000
        -3    3    0        -3    0    3        0.00000055   0.00000000
        -3    3    0        -3    3    0        0.99999764   0.00000000
        -1   -6   -5        -3    3    0       -0.00000003   0.00000000
        -1   -6   -5        -1   -6   -5        0.99999758  -0.00000000
        -1   -5   -6        -1   -6   -5       -0.00000182   0.00000000
        -1   -5   -6        -1   -5   -6        0.99999758   0.00000000
        -1    3    4        -1   -5   -6       -0.00000011  -0.00000000
        -1    3    4        -1    3    4        0.99999758  -0.00000000
        -1    4    3        -1    3    4       -0.00000182   0.00000000
        -1    4    3        -1    4    3        0.99999758  -0.00000000
         1   -5   -4        -1    4    3        0.00000000  -0.00000000
         1   -5   -4         1   -5   -4        0.99999758  -0.00000000
         1   -4   -5         1   -5   -4       -0.00000182  -0.00000000
         1   -4   -5         1   -4   -5        0.99999758   0.00000000
        -6   -5   -2         1   -4   -5        0.00000012  -0.00000000
        -6   -5   -2        -6   -5   -2        0.99999835   0.00000000
        -6   -2   -5        -6   -5   -2        0.00000031  -0.00000000
        -6   -2   -5        -6   -2   -5        0.99999835  -0.00000000
        -6   -2   -1        -6   -2   -5       -0.00000001   0.00000000
        -6   -2   -1        -6   -2   -1        0.99999859   0.00000000
        -6   -1   -2        -6   -2   -1       -0.00000104   0.00000000
        -6   -1   -2        -6   -1   -2        0.99999859   0.00000000
        -3   -7   -5        -6   -1   -2       -0.00000006   0.00000000
        -3   -7   -5        -3   -7   -5        0.99999839   0.00000000
        -3   -5   -7        -3   -7   -5       -0.00000040   0.00000000
        -3   -5   -7        -3   -5   -7        0.99999839   0.00000000
        -3   -5    1        -3   -5   -7       -0.00000010  -0.00000000
        -3   -5    1        -3   -5    1        0.99999835   0.00000000
        -3    1   -5        -3   -5    1       -0.00000025   0.00000000
        -3    1   -5        -3    1   -5        0.99999835   0.00000000
        -3    1    3        -3    1   -5       -0.00000010   0.00000000
        -3    1    3        -3    1    3        0.99999839   0.00000000
        -3    3    1        -3    1    3       -0.00000040   0.00000000
        -3    3    1        -3    3    1        0.99999839   0.00000000
        -2   -7   -4        -3    3    1        0.00000010  -0.00000000
        -2   -7   -4        -2   -7   -4        0.99999839   0.00000000
        -2   -4   -7        -2   -7   -4        0.00000031   0.00000000
        -2   -4   -7        -2   -4   -7        0.99999839   0.00000000
        -2    1    4        -2   -4   -7        0.00000024  -0.00000000
        -2    1    4        -2    1    4        0.99999839   0.00000000
        -2    4    1        -2    1    4        0.00000031   0.00000000
        -2    4    1        -2    4    1        0.99999839  -0.00000000
        -1   -6    0        -2    4    1       -0.00000004   0.00000000
        -1   -6    0        -1   -6    0        0.99999859   0.00000000
        -1   -2    4        -1   -6    0        0.00000021   0.00000000
        -1   -2    4        -1   -2    4        0.99999859  -0.00000000
        -1    0   -6        -1   -2    4        0.00000030   0.00000000
        -1    0   -6        -1    0   -6        0.99999859  -0.00000000
        -1    4   -2        -1    0   -6        0.00000021   0.00000000
        -1    4   -2        -1    4   -2        0.99999859   0.00000000
         1   -5    1        -1    4   -2       -0.00000045  -0.00000000
         1   -5    1         1   -5    1        0.99999859   0.00000000
         1   -1    5         1   -5    1        0.00000021   0.00000000
         1   -1    5         1   -1    5        0.99999859   0.00000000
         1    1   -5         1   -1    5        0.00000030  -0.00000000
         1    1   -5         1    1   -5        0.99999859  -0.00000000
         1    5   -1         1    1   -5        0.00000021  -0.00000000
         1    5   -1         1    5   -1        0.99999859  -0.00000000
         2   -5   -2         1    5   -1       -0.00000004  -0.00000000
         2   -5   -2         2   -5   -2        0.99999839   0.00000000
         2   -2   -5         2   -5   -2        0.00000031  -0.00000000
         2   -2   -5         2   -2   -5        0.99999839  -0.00000000
         2    3    6         2   -2   -5        0.00000024  -0.00000000
         2    3    6         2    3    6        0.99999839  -0.00000000
         2    6    3         2    3    6        0.00000031  -0.00000000
         2    6    3         2    6    3        0.99999839  -0.00000000
         3   -4   -2         2    6    3        0.00000010  -0.00000000
         3   -4   -2         3   -4   -2        0.99999839  -0.00000000
         3   -2   -4         3   -4   -2       -0.00000040  -0.00000000
         3   -2   -4         3   -2   -4        0.99999839   0.00000000
         3   -2    4         3   -2   -4       -0.00000010   0.00000000
         3   -2    4         3   -2    4        0.99999835   0.00000000
         3    4   -2         3   -2    4       -0.00000025   0.00000000
         3    4   -2         3    4   -2        0.99999835  -0.00000000
         3    4    6         3    4   -2       -0.00000010   0.00000000
         3    4    6         3    4    6        0.99999839   0.00000000
         3    6    4         3    4    6       -0.00000040  -0.00000000
         3    6    4         3    6    4        0.99999839   0.00000000
         4    1    6         3    6    4       -0.00000008   0.00000000
         4    1    6         4    1    6        0.99999910   0.00000000
         4    2   -3         4    1    6       -0.00000011   0.00000000
         4    2   -3         4    2   -3        0.99999910   0.00000000
         4    5    6         4    2   -3        0.00000007   0.00000000
         4    5    6         4    5    6        0.99999917  -0.00000000
         4    6    1         4    5    6       -0.00000016   0.00000000
         4    6    1         4    6    1        0.99999910  -0.00000000
         4    6    5         4    6    1        0.00000006  -0.00000000
         4    6    5         4    6    5        0.99999917   0.00000000
         5   -2    2         4    6    5        0.00000009  -0.00000000
         5   -2    2         5   -2    2        0.99999910  -0.00000000
         5    2   -2         5   -2    2        0.00000017  -0.00000000
         5    2   -2         5    2   -2        0.99999910   0.00000000
         5    2    6         5    2   -2        0.00000002  -0.00000000
         5    2    6         5    2    6        0.99999910  -0.00000000
         5    6    2         5    2    6        0.00000017  -0.00000000
         5    6    2         5    6    2        0.99999910   0.00000000
         7    3    3         5    6    2        0.00000000  -0.00000000
         7    3    3         7    3    3        0.99999912   0.00000000
        -7   -5   -4         7    3    3       -0.00000016   0.00000000
        -7   -5   -4        -7   -5   -4        0.99999928  -0.00000000
        -7   -4   -5        -7   -5   -4       -0.00000056  -0.00000000
        -7   -4   -5        -7   -4   -5        0.99999928   0.00000000
        -7   -4   -3        -7   -4   -5       -0.00000007  -0.00000000
        -7   -4   -3        -7   -4   -3        0.99999928  -0.00000000
        -7   -3   -4        -7   -4   -3       -0.00000056   0.00000000
        -7   -3   -4        -7   -3   -4        0.99999928   0.00000000
        -5   -7   -6        -7   -3   -4       -0.00000010  -0.00000000
        -5   -7   -6        -5   -7   -6        0.99999936   0.00000000
        -5   -6   -7        -5   -7   -6       -0.00000049   0.00000000
        -5   -6   -7        -5   -6   -7        0.99999936  -0.00000000
        -5   -6   -1        -5   -6   -7        0.00000007   0.00000000
        -5   -6   -1        -5   -6   -1        0.99999928   0.00000000
        -5   -5    0        -5   -6   -1       -0.00000000  -0.00000000
        -5   -5    0        -5   -5    0        0.99999928   0.00000000
        -5   -1   -6        -5   -5    0        0.00000002   0.00000000
        -5   -1   -6        -5   -1   -6        0.99999928   0.00000000
        -5    0   -5        -5   -1   -6        0.00000000  -0.00000000
        -5    0   -5        -5    0   -5        0.99999928   0.00000000
        -5    0    1        -5    0   -5        0.00000007  -0.00000000
        -5    0    1        -5    0    1        0.99999936  -0.00000000
        -5    1    0        -5    0    1       -0.00000049   0.00000000
        -5    1    0        -5    1    0        0.99999936   0.00000000
        -3   -7   -6        -5    1    0        0.00000011  -0.00000000
        -3   -7   -6        -3   -7   -6        0.99999929  -0.00000000
        -3   -6   -7        -3   -7   -6       -0.00000057   0.00000000
        -3   -6   -7        -3   -6   -7        0.99999929  -0.00000000
        -3    2    3        -3   -6   -7       -0.00000006  -0.00000000
        -3    2    3        -3    2    3        0.99999929  -0.00000000
        -3    3    2        -3    2    3       -0.00000057   0.00000000
        -3    3    2        -3    3    2        0.99999929   0.00000000
        -1   -7   -4        -3    3    2        0.00000004  -0.00000000
        -1   -7   -4        -1   -7   -4        0.99999929  -0.00000000
        -1   -7   -2        -1   -7   -4       -0.00000005   0.00000000
        -1   -7   -2        -1   -7   -2        0.99999936  -0.00000000
        -1   -5    2        -1   -7   -2        0.00000000  -0.00000000
        -1   -5    2        -1   -5    2        0.99999928  -0.00000000
        -1   -4   -7        -1   -5    2       -0.00000007   0.00000000
        -1   -4   -7        -1   -4   -7        0.99999929   0.00000000
        -1   -4    3        -1   -4   -7        0.00000009  -0.00000000
        -1   -4    3        -1   -4    3        0.99999928   0.00000000
        -1   -2   -7        -1   -4    3       -0.00000002  -0.00000000
        -1   -2   -7        -1   -2   -7        0.99999936   0.00000000
         3   -4    2        -1   -2   -7        0.00000005  -0.00000000
         3   -4    2         3   -4    2        0.99999951   0.00000000
         3    0    6         3   -4    2       -0.00000000   0.00000000
         3    0    6         3    0    6        0.99999951  -0.00000000
         3    2   -4         3    0    6       -0.00000004  -0.00000000
         3    2   -4         3    2   -4        0.99999951   0.00000000
         3    6    0         3    2   -4       -0.00000000  -0.00000000
         3    6    0         3    6    0        0.99999951   0.00000000
         6   -1    2         3    6    0        0.00000006   0.00000000
         6   -1    2         6   -1    2        0.99999951   0.00000000
         6    2   -1         6   -1    2        0.00000003  -0.00000000
         6    2   -1         6    2   -1        0.99999951   0.00000000
         6    3    6         6    2   -1        0.00000008   0.00000000
         6    3    6         6    3    6        0.99999951   0.00000000
         6    6    3         6    3    6        0.00000003  -0.00000000
         6    6    3         6    6    3        0.99999951   0.00000000
         7    2    4         6    6    3       -0.00000006   0.00000000
         7    2    4         7    2    4        0.99999949   0.00000000
         7    4    2         7    2    4       -0.00000018   0.00000000
         7    4    2         7    4    2        0.99999949  -0.00000000
        -7   -6   -5         7    4    2       -0.00000000   0.00000000
        -7   -6   -5        -7   -6   -5        0.99999960  -0.00000000
        -7   -5   -6        -7   -6   -5       -0.00000033  -0.00000000
        -7   -5   -6        -7   -5   -6        0.99999960  -0.00000000
        -7   -3   -2        -7   -5   -6        0.00000007   0.00000000
        -7   -3   -2        -7   -3   -2        0.99999960   0.00000000
        -7   -2   -3        -7   -3   -2       -0.00000033   0.00000000
        -7   -2   -3        -7   -2   -3        0.99999960   0.00000000
        -5   -7   -2        -7   -2   -3       -0.00000003   0.00000000
        -5   -7   -2        -5   -7   -2        0.99999958  -0.00000000
        -5   -4    1        -5   -7   -2        0.00000000   0.00000000
        -5   -4    1        -5   -4    1        0.99999958  -0.00000000
        -5   -2   -7        -5   -4    1       -0.00000006  -0.00000000
        -5   -2   -7        -5   -2   -7        0.99999958  -0.00000000
        -5    1   -4        -5   -2   -7        0.00000000   0.00000000
        -5    1   -4        -5    1   -4        0.99999958   0.00000000
        -1   -6    1        -5    1   -4       -0.00000001   0.00000000
        -1   -6    1        -1   -6    1        0.99999960  -0.00000000
        -1   -3    4        -1   -6    1       -0.00000007   0.00000000
        -1   -3    4        -1   -3    4        0.99999960  -0.00000000
        -1    1   -6        -1   -3    4        0.00000006   0.00000000
        -1    1   -6        -1    1   -6        0.99999960  -0.00000000
        -1    4   -3        -1    1   -6       -0.00000007   0.00000000
        -1    4   -3        -1    4   -3        0.99999960  -0.00000000
         1   -5    2        -1    4   -3       -0.00000008  -0.00000000
         1   -5    2         1   -5    2        0.99999960   0.00000000
         1   -2    5         1   -5    2       -0.00000007   0.00000000
         1   -2    5         1   -2    5        0.99999960  -0.00000000
         1    2   -5         1   -2    5        0.00000006   0.00000000
         1    2   -5         1    2   -5        0.99999960   0.00000000
         1    5   -2         1    2   -5       -0.00000007   0.00000000
         1    5   -2         1    5   -2        0.99999960  -0.00000000
         5   -2    3         1    5   -2       -0.00000001  -0.00000000
         5   -2    3         5   -2    3        0.99999958   0.00000000
         5    1    6         5   -2    3       -0.00000000   0.00000000
         5    1    6         5    1    6        0.99999958   0.00000000
         5    3   -2         5    1    6       -0.00000006   0.00000000
         5    3   -2         5    3   -2        0.99999958   0.00000000
         5    6    1         5    3   -2       -0.00000000   0.00000000
         5    6    1         5    6    1        0.99999958   0.00000000
         7    1    2         5    6    1       -0.00000003  -0.00000000
         7    1    2         7    1    2        0.99999960  -0.00000000
         7    2    1         7    1    2       -0.00000033  -0.00000000
         7    2    1         7    2    1        0.99999960   0.00000000
         0   -2   -7         7    2    1       -0.00000005   0.00000000
         0   -2   -7         0   -2   -7        0.99999969   0.00000000
         0   -2    5         0   -2   -7        0.00000000  -0.00000000
         0   -2    5         0   -2    5        0.99999969   0.00000000
         0    1   -6         0   -2    5       -0.00000000  -0.00000000
         0    1   -6         0    1   -6        0.99999969  -0.00000000
         0    1    6         0    1   -6        0.00000000   0.00000000
         0    1    6         0    1    6        0.99999969   0.00000000
         0    5   -2         0    1    6        0.00000001  -0.00000000
         0    5   -2         0    5   -2        0.99999969   0.00000000
         0    6    1         0    5   -2        0.00000017   0.00000000
         0    6    1         0    6    1        0.99999969   0.00000000
         3   -5   -1         0    6    1       -0.00000005  -0.00000000
         3   -5   -1         3   -5   -1        0.99999971   0.00000000
         3   -1   -5         3   -5   -1        0.00000005  -0.00000000
         3   -1   -5         3   -1   -5        0.99999971   0.00000000
         3    3    7         3   -1   -5       -0.00000001  -0.00000000
         3    3    7         3    3    7        0.99999971   0.00000000
         3    7    3         3    3    7        0.00000005  -0.00000000
         3    7    3         3    7    3        0.99999971   0.00000000
         4   -4   -1         3    7    3       -0.00000001   0.00000000
         4   -4   -1         4   -4   -1        0.99999971  -0.00000000
         4   -1   -4         4   -4   -1       -0.00000000  -0.00000000
         4   -1   -4         4   -1   -4        0.99999971   0.00000000
         4    4    7         4   -1   -4       -0.00000001  -0.00000000
         4    4    7         4    4    7        0.99999971  -0.00000000
         4    7    4         4    4    7       -0.00000000  -0.00000000
         4    7    4         4    7    4        0.99999971  -0.00000000
         5   -2   -2         4    7    4       -0.00000002   0.00000000
         5   -2   -2         5   -2   -2        0.99999969  -0.00000000
         5    6    6         5   -2   -2       -0.00000000   0.00000000
         5    6    6         5    6    6        0.99999969  -0.00000000
         7    1    1         5    6    6        0.00000006  -0.00000000
         7    1    1         7    1    1        0.99999969   0.00000000
         7    5    5         7    1    1       -0.00000001   0.00000000
         7    5    5         7    5    5        0.99999969  -0.00000000
        -7   -6   -3         7    5    5        0.00000001  -0.00000000
        -7   -6   -3        -7   -6   -3        0.99999975  -0.00000000
        -7   -5   -2        -7   -6   -3       -0.00000001  -0.00000000
        -7   -5   -2        -7   -5   -2        0.99999975   0.00000000
        -7   -3   -6        -7   -5   -2       -0.00000001  -0.00000000
        -7   -3   -6        -7   -3   -6        0.99999975  -0.00000000
        -7   -2   -5        -7   -3   -6       -0.00000001   0.00000000
        -7   -2   -5        -7   -2   -5        0.99999975   0.00000000
        -5   -8   -5        -7   -2   -5       -0.00000004  -0.00000000
        -5   -8   -5        -5   -8   -5        0.99999976  -0.00000000
        -5   -5   -8        -5   -8   -5       -0.00000000   0.00000000
        -5   -5   -8        -5   -5   -8        0.99999976  -0.00000000
        -5   -1    2        -5   -5   -8       -0.00000003   0.00000000
        -5   -1    2        -5   -1    2        0.99999976   0.00000000
        -5    2   -1        -5   -1    2       -0.00000000   0.00000000
        -5    2   -1        -5    2   -1        0.99999976  -0.00000000
        -3   -8   -5        -5    2   -1        0.00000000  -0.00000000
        -3   -8   -5        -3   -8   -5        0.99999976  -0.00000000
        -3   -8   -3        -3   -8   -5       -0.00000002   0.00000000
        -3   -8   -3        -3   -8   -3        0.99999976  -0.00000000
        -3   -6    1        -3   -8   -3        0.00000000  -0.00000000
        -3   -6    1        -3   -6    1        0.99999975   0.00000000
        -3   -5   -8        -3   -6    1        0.00000002   0.00000000
        -3   -5   -8        -3   -5   -8        0.99999976   0.00000000
        -3   -5    2        -3   -5   -8        0.00000004  -0.00000000
        -3   -5    2        -3   -5    2        0.99999975   0.00000000
        -3   -3   -8        -3   -5    2       -0.00000001  -0.00000000
        -3   -3   -8        -3   -3   -8        0.99999976  -0.00000000
         2   -6   -1        -3   -3   -8        0.00000001   0.00000000
         2   -6   -1         2   -6   -1        0.99999982  -0.00000000
         2   -5    2         2   -6   -1        0.00000011  -0.00000000
         2   -5    2         2   -5    2        0.99999982   0.00000000
         2   -1   -6         2   -5    2       -0.00000001  -0.00000000
         2   -1   -6         2   -1   -6        0.99999982   0.00000000
         2   -1    6         2   -1   -6        0.00000001   0.00000000
         2   -1    6         2   -1    6        0.99999982  -0.00000000
         2    2   -5         2   -1    6       -0.00000002  -0.00000000
         2    2   -5         2    2   -5        0.99999982   0.00000000
         2    2    7         2    2   -5        0.00000001   0.00000000
         2    2    7         2    2    7        0.99999982  -0.00000000
         2    6   -1         2    2    7       -0.00000001  -0.00000000
         2    6   -1         2    6   -1        0.99999982   0.00000000
         2    7    2         2    6   -1        0.00000011   0.00000000
         2    7    2         2    7    2        0.99999982  -0.00000000
         5   -3   -1         2    7    2        0.00000001  -0.00000000
         5   -3   -1         5   -3   -1        0.99999982  -0.00000000
         5   -1   -3         5   -3   -1       -0.00000009  -0.00000000
         5   -1   -3         5   -1   -3        0.99999982   0.00000000
         5   -1    5         5   -1   -3        0.00000003  -0.00000000
         5   -1    5         5   -1    5        0.99999982  -0.00000000
         5    5   -1         5   -1    5        0.00000001   0.00000000
         5    5   -1         5    5   -1        0.99999982  -0.00000000
         5    5    7         5    5   -1        0.00000003  -0.00000000
         5    5    7         5    5    7        0.99999982  -0.00000000
         5    7    5         5    5    7       -0.00000009  -0.00000000
         5    7    5         5    7    5        0.99999982   0.00000000
         6    0    5         5    7    5        0.00000000   0.00000000
         6    0    5         6    0    5        0.99999982   0.00000000
         6    5    0         6    0    5        0.00000003   0.00000000
         6    5    0         6    5    0        0.99999982  -0.00000000
         7    0    2         6    5    0       -0.00000002   0.00000000
         7    0    2         7    0    2        0.99999982   0.00000000
         7    2    0         7    0    2       -0.00000009  -0.00000000
         7    2    0         7    2    0        0.99999982   0.00000000
         7    4    6         7    2    0        0.00000001   0.00000000
         7    4    6         7    4    6        0.99999982  -0.00000000
         7    6    4         7    4    6       -0.00000009   0.00000000
         7    6    4         7    6    4        0.99999982  -0.00000000
        -7   -7   -6         7    6    4       -0.00000000   0.00000000
        -7   -7   -6        -7   -7   -6        0.99999984  -0.00000000
        -7   -7   -4        -7   -7   -6       -0.00000001   0.00000000
        -7   -7   -4        -7   -7   -4        0.99999985  -0.00000000
        -7   -6   -7        -7   -7   -4       -0.00000001  -0.00000000
        -7   -6   -7        -7   -6   -7        0.99999984   0.00000000
        -7   -4   -7        -7   -6   -7       -0.00000001   0.00000000
        -7   -4   -7        -7   -4   -7        0.99999985  -0.00000000
        -7   -4   -1        -7   -4   -7        0.00000001   0.00000000
        -7   -4   -1        -7   -4   -1        0.99999985   0.00000000
        -7   -2   -1        -7   -4   -1       -0.00000001  -0.00000000
        -7   -2   -1        -7   -2   -1        0.99999984  -0.00000000
        -7   -1   -4        -7   -2   -1       -0.00000001   0.00000000
        -7   -1   -4        -7   -1   -4        0.99999985   0.00000000
        -7   -1   -2        -7   -1   -4       -0.00000001  -0.00000000
        -7   -1   -2        -7   -1   -2        0.99999984   0.00000000
        -5   -8   -3        -7   -1   -2       -0.00000001  -0.00000000
        -5   -8   -3        -5   -8   -3        0.99999985  -0.00000000
        -5   -3   -8        -5   -8   -3        0.00000003   0.00000000
        -5   -3   -8        -5   -3   -8        0.99999985   0.00000000
        -5   -3    2        -5   -3   -8        0.00000002   0.00000000
        -5   -3    2        -5   -3    2        0.99999985  -0.00000000
        -5    2   -3        -5   -3    2        0.00000003   0.00000000
        -5    2   -3        -5    2   -3        0.99999985  -0.00000000
        -4   -2   -8        -5    2   -3        0.00000001  -0.00000000
        -4   -2   -8        -4   -2   -8        0.99999989   0.00000000
        -4    3   -3        -4   -2   -8        0.00000000  -0.00000000
        -4    3   -3        -4    3   -3        0.99999989  -0.00000000
        -2   -8   -2        -4    3   -3       -0.00000001   0.00000000
        -2   -8   -2        -2   -8   -2        0.99999988   0.00000000
        -2   -7   -7        -2   -8   -2        0.00000000   0.00000000
        -2   -7   -7        -2   -7   -7        0.99999989  -0.00000000
        -2   -2   -8        -2   -7   -7        0.00000000  -0.00000000
        -2   -2   -8        -2   -2   -8        0.99999988   0.00000000
        -2   -1    5        -2   -2   -8        0.00000002  -0.00000000
        -2   -1    5        -2   -1    5        0.99999988  -0.00000000
        -2    4    4        -2   -1    5        0.00000000  -0.00000000
        -2    4    4        -2    4    4        0.99999989   0.00000000
        -2    5   -1        -2    4    4        0.00000000  -0.00000000
        -2    5   -1        -2    5   -1        0.99999988   0.00000000
         0   -7   -5        -2    5   -1        0.00000000   0.00000000
         0   -7   -5         0   -7   -5        0.99999989   0.00000000
         0   -5   -7         0   -7   -5       -0.00000006   0.00000000
         0   -5   -7         0   -5   -7        0.99999989  -0.00000000
         0   -5    3         0   -5   -7        0.00000002  -0.00000000
         0   -5    3         0   -5    3        0.99999989   0.00000000
         0   -4    4         0   -5    3        0.00000001  -0.00000000
         0   -4    4         0   -4    4        0.99999989  -0.00000000
         0    3   -5         0   -4    4       -0.00000001  -0.00000000
         0    3   -5         0    3   -5        0.99999989  -0.00000000
         0    4   -4         0    3   -5        0.00000001   0.00000000
         0    4   -4         0    4   -4        0.99999989  -0.00000000
         0    4    6         0    4   -4        0.00000002  -0.00000000
         0    4    6         0    4    6        0.99999989  -0.00000000
         0    6    4         0    4    6       -0.00000006  -0.00000000
         0    6    4         0    6    4        0.99999989  -0.00000000
         2   -6    0         0    6    4        0.00000000   0.00000000
         2   -6    0         2   -6    0        0.99999988   0.00000000
         2   -5   -5         2   -6    0        0.00000000   0.00000000
         2   -5   -5         2   -5   -5        0.99999989  -0.00000000
         2    0   -6         2   -5   -5        0.00000000  -0.00000000
         2    0   -6         2    0   -6        0.99999988   0.00000000
         2    1    7         2    0   -6        0.00000002  -0.00000000
         2    1    7         2    1    7        0.99999988  -0.00000000
         2    6    6         2    1    7        0.00000000   0.00000000
         2    6    6         2    6    6        0.99999989  -0.00000000
         2    7    1         2    6    6        0.00000000   0.00000000
         2    7    1         2    7    1        0.99999988   0.00000000
         4   -4    2         2    7    1       -0.00000001  -0.00000000
         4   -4    2         4   -4    2        0.99999989   0.00000000
         4    1    7         4   -4    2        0.00000000  -0.00000000
         4    1    7         4    1    7        0.99999989   0.00000000
         4    2   -4         4    1    7        0.00000001  -0.00000000
         4    2   -4         4    2   -4        0.99999989   0.00000000
         4    7    1         4    2   -4        0.00000000  -0.00000000
         4    7    1         4    7    1        0.99999989   0.00000000
         6   -2    0         4    7    1        0.00000002  -0.00000000
         6   -2    0         6   -2    0        0.99999988  -0.00000000
         6   -2    2         6   -2    0       -0.00000001  -0.00000000
         6   -2    2         6   -2    2        0.99999989   0.00000000
         6    0   -2         6   -2    2       -0.00000001   0.00000000
         6    0   -2         6    0   -2        0.99999988   0.00000000
         6    2   -2         6    0   -2       -0.00000001   0.00000000
         6    2   -2         6    2   -2        0.99999989   0.00000000
         6    3    7         6    2   -2        0.00000001   0.00000000
         6    3    7         6    3    7        0.99999989  -0.00000000
         6    5    7         6    3    7       -0.00000001  -0.00000000
         6    5    7         6    5    7        0.99999988   0.00000000
        -8   -3   -5         6    5    7        0.00000000  -0.00000000
        -8   -3   -5        -8   -3   -5        0.99999993   0.00000000
        -8   -3   -3        -8   -3   -5       -0.00000000  -0.00000000
        -8   -3   -3        -8   -3   -3        0.99999993   0.00000000
        -2   -8   -6        -8   -3   -3       -0.00000000  -0.00000000
        -2   -8   -6        -2   -8   -6        0.99999994   0.00000000
        -2   -6   -8        -2   -8   -6       -0.00000003   0.00000000
        -2   -6   -8        -2   -6   -8        0.99999994   0.00000000
        -2   -6    2        -2   -6   -8        0.00000001   0.00000000
        -2   -6    2        -2   -6    2        0.99999993   0.00000000
        -2   -5    3        -2   -6    2        0.00000000  -0.00000000
        -2   -5    3        -2   -5    3        0.99999993   0.00000000
        -2    2   -6        -2   -5    3       -0.00000000   0.00000000
        -2    2   -6        -2    2   -6        0.99999993  -0.00000000
        -2    3   -5        -2    2   -6        0.00000000   0.00000000
        -2    3   -5        -2    3   -5        0.99999993  -0.00000000
        -2    3    5        -2    3   -5        0.00000001   0.00000000
        -2    3    5        -2    3    5        0.99999994   0.00000000
        -2    5    3        -2    3    5       -0.00000003   0.00000000
        -2    5    3        -2    5    3        0.99999994   0.00000000
         0   -6    2        -2    5    3        0.00000000   0.00000000
         0   -6    2         0   -6    2        0.99999993   0.00000000
         0   -3    5         0   -6    2       -0.00000001  -0.00000000
         0   -3    5         0   -3    5        0.99999993   0.00000000
         0    2   -6         0   -3    5        0.00000001  -0.00000000
         0    2   -6         0    2   -6        0.99999993  -0.00000000
         0    5   -3         0    2   -6       -0.00000001   0.00000000
         0    5   -3         0    5   -3        0.99999993  -0.00000000
         2   -6   -4         0    5   -3        0.00000000  -0.00000000
         2   -6   -4         2   -6   -4        0.99999994  -0.00000000
         2   -4   -6         2   -6   -4       -0.00000003  -0.00000000
         2   -4   -6         2   -4   -6        0.99999994   0.00000000
         2   -4    4         2   -4   -6        0.00000001  -0.00000000
         2   -4    4         2   -4    4        0.99999993   0.00000000
         2   -3    5         2   -4    4        0.00000000  -0.00000000
         2   -3    5         2   -3    5        0.99999993  -0.00000000
         2    4   -4         2   -3    5       -0.00000000  -0.00000000
         2    4   -4         2    4   -4        0.99999993  -0.00000000
         2    5   -3         2    4   -4        0.00000000  -0.00000000
         2    5   -3         2    5   -3        0.99999993  -0.00000000
         2    5    7         2    5   -3        0.00000001   0.00000000
         2    5    7         2    5    7        0.99999994   0.00000000
         2    7    5         2    5    7       -0.00000003  -0.00000000
         2    7    5         2    7    5        0.99999994   0.00000000
         8    2    2         2    7    5       -0.00000000  -0.00000000
         8    2    2         8    2    2        0.99999993   0.00000000
         8    2    4         8    2    2       -0.00000000  -0.00000000
         8    2    4         8    2    4        0.99999993  -0.00000000
         8    3    5         8    2    4       -0.00000000  -0.00000000
         8    3    5         8    3    5        0.99999993   0.00000000
         8    4    2         8    3    5       -0.00000001   0.00000000
         8    4    2         8    4    2        0.99999993   0.00000000
         8    5    3         8    4    2       -0.00000000  -0.00000000
         8    5    3         8    5    3        0.99999993   0.00000000
         8    5    5         8    5    3       -0.00000000   0.00000000
         8    5    5         8    5    5        0.99999993  -0.00000000
        -6   -8   -7         8    5    5       -0.00000002  -0.00000000
        -6   -8   -7        -6   -8   -7        0.99999994   0.00000000
        -6   -8   -3        -6   -8   -7        0.00000002   0.00000000
        -6   -8   -3        -6   -8   -3        0.99999994  -0.00000000
        -6   -7   -8        -6   -8   -3        0.00000000  -0.00000000
        -6   -7   -8        -6   -7   -8        0.99999994   0.00000000
        -6   -4    1        -6   -7   -8       -0.00000001  -0.00000000
        -6   -4    1        -6   -4    1        0.99999994   0.00000000
         4   -5   -1        -6   -4    1        0.00000000   0.00000000
         4   -5   -1         4   -5   -1        0.99999996   0.00000000
         4   -1   -5         4   -5   -1        0.00000000  -0.00000000
         4   -1   -5         4   -1   -5        0.99999996  -0.00000000
         4    4    8         4   -1   -5        0.00000000   0.00000000
         4    4    8         4    4    8        0.99999996   0.00000000
         4    8    4         4    4    8        0.00000000  -0.00000000
         4    8    4         4    8    4        0.99999996   0.00000000
         6   -1    5         4    8    4       -0.00000000   0.00000000
         6   -1    5         6   -1    5        0.99999996  -0.00000000
         6    0    6         6   -1    5        0.00000000   0.00000000
         6    0    6         6    0    6        0.99999996  -0.00000000
         6    5   -1         6    0    6        0.00000000  -0.00000000
         6    5   -1         6    5   -1        0.99999996  -0.00000000
         6    6    0         6    5   -1        0.00000000   0.00000000
         6    6    0         6    6    0        0.99999996   0.00000000
         8    1    3         6    6    0        0.00000000  -0.00000000
         8    1    3         8    1    3        0.99999996   0.00000000
         8    3    1         8    1    3       -0.00000002  -0.00000000
         8    3    1         8    3    1        0.99999996   0.00000000
         8    4    6         8    3    1        0.00000000  -0.00000000
         8    4    6         8    4    6        0.99999996   0.00000000
         8    6    4         8    4    6       -0.00000002   0.00000000
         8    6    4         8    6    4        0.99999996  -0.00000000
        -8   -7   -6         8    6    4       -0.00000002  -0.00000000
        -8   -7   -6        -8   -7   -6        0.99999996  -0.00000000
        -8   -6   -7        -8   -7   -6       -0.00000003  -0.00000000
        -8   -6   -7        -8   -6   -7        0.99999996   0.00000000
        -8   -6   -3        -8   -6   -7        0.00000002   0.00000000
        -8   -6   -3        -8   -6   -3        0.99999997  -0.00000000
        -8   -3   -6        -8   -6   -3       -0.00000001   0.00000000
        -8   -3   -6        -8   -3   -6        0.99999997   0.00000000
        -8   -3   -2        -8   -3   -6        0.00000002   0.00000000
        -8   -3   -2        -8   -3   -2        0.99999996  -0.00000000
        -8   -2   -3        -8   -3   -2       -0.00000003   0.00000000
        -8   -2   -3        -8   -2   -3        0.99999996  -0.00000000
        -7   -8   -4        -8   -2   -3        0.00000000  -0.00000000
        -7   -8   -4        -7   -8   -4        0.99999997  -0.00000000
        -7   -4   -8        -7   -8   -4        0.00000000  -0.00000000
        -7   -4   -8        -7   -4   -8        0.99999997  -0.00000000
        -7   -4    0        -7   -4   -8        0.00000001   0.00000000
        -7   -4    0        -7   -4    0        0.99999997   0.00000000
        -7    0   -4        -7   -4    0        0.00000000   0.00000000
        -7    0   -4        -7    0   -4        0.99999997  -0.00000000
        -5   -9   -5        -7    0   -4        0.00000001   0.00000000
        -5   -9   -5        -5   -9   -5        0.99999997   0.00000000
        -5   -5   -9        -5   -9   -5        0.00000000   0.00000000
        -5   -5   -9        -5   -5   -9        0.99999997   0.00000000
        -5   -1    3        -5   -5   -9        0.00000001   0.00000000
        -5   -1    3        -5   -1    3        0.99999997   0.00000000
        -5    3   -1        -5   -1    3        0.00000000   0.00000000
        -5    3   -1        -5    3   -1        0.99999997   0.00000000
        -4   -9   -4        -5    3   -1       -0.00000000  -0.00000000
        -4   -9   -4        -4   -9   -4        0.99999997   0.00000000
        -4   -8   -1        -4   -9   -4        0.00000002  -0.00000000
        -4   -8   -1        -4   -8   -1        0.99999997  -0.00000000
        -4   -4   -9        -4   -8   -1       -0.00000001  -0.00000000
        -4   -4   -9        -4   -4   -9        0.99999997   0.00000000
        -4   -4    3        -4   -4   -9       -0.00000000  -0.00000000
        -4   -4    3        -4   -4    3        0.99999997   0.00000000
        -4   -1   -8        -4   -4    3        0.00000000   0.00000000
        -4   -1   -8        -4   -1   -8        0.99999997   0.00000000
        -4   -1    4        -4   -1   -8       -0.00000000  -0.00000000
        -4   -1    4        -4   -1    4        0.99999997  -0.00000000
         7    5    0        -4   -1    4        0.00000000   0.00000000
         7    5    0         7    5    0        0.99999997  -0.00000000
         7    6    1         7    5    0       -0.00000000  -0.00000000
         7    6    1         7    6    1        0.99999997  -0.00000000
         7    6    7         7    6    1        0.00000000   0.00000000
         7    6    7         7    6    7        0.99999997  -0.00000000
         7    7    6         7    6    7       -0.00000002   0.00000000
         7    7    6         7    7    6        0.99999997   0.00000000
        -8   -7   -4         7    7    6       -0.00000001  -0.00000000
        -8   -7   -4        -8   -7   -4        0.99999997  -0.00000000
        -8   -5   -2        -8   -7   -4        0.00000002   0.00000000
        -8   -5   -2        -8   -5   -2        0.99999997   0.00000000
        -8   -4   -7        -8   -5   -2        0.00000000  -0.00000000
        -8   -4   -7        -8   -4   -7        0.99999997  -0.00000000
        -8   -2   -5        -8   -4   -7        0.00000002   0.00000000
        -8   -2   -5        -8   -2   -5        0.99999997  -0.00000000
        -5   -8   -8        -8   -2   -5       -0.00000000   0.00000000
        -5   -8   -8        -5   -8   -8        0.99999997  -0.00000000
        -5    2    2        -5   -8   -8       -0.00000000   0.00000000
        -5    2    2        -5    2    2        0.99999997   0.00000000
        -4   -9   -6        -5    2    2        0.00000000   0.00000000
        -4   -9   -6        -4   -9   -6        0.99999997  -0.00000000
        -4   -6   -9        -4   -9   -6       -0.00000001   0.00000000
        -4   -6   -9        -4   -6   -9        0.99999997   0.00000000
        -4    1    4        -4   -6   -9       -0.00000000  -0.00000000
        -4    1    4        -4    1    4        0.99999997   0.00000000
        -4    4    1        -4    1    4       -0.00000001   0.00000000
        -4    4    1        -4    4    1        0.99999997   0.00000000
        -3   -9   -5        -4    4    1        0.00000000   0.00000000
        -3   -9   -5        -3   -9   -5        0.99999997   0.00000000
        -3   -7    1        -3   -9   -5       -0.00000000   0.00000000
        -3   -7    1        -3   -7    1        0.99999997  -0.00000000
        -3   -5   -9        -3   -7    1        0.00000001  -0.00000000
        -3   -5   -9        -3   -5   -9        0.99999997   0.00000000
        -3   -5    3        -3   -5   -9       -0.00000000  -0.00000000
        -3   -5    3        -3   -5    3        0.99999997  -0.00000000
        -3    1   -7        -3   -5    3        0.00000000   0.00000000
        -3    1   -7        -3    1   -7        0.99999997  -0.00000000
        -3    1    5        -3    1   -7       -0.00000000  -0.00000000
        -3    1    5        -3    1    5        0.99999997  -0.00000000
        -3    3   -5        -3    1    5        0.00000001  -0.00000000
        -3    3   -5        -3    3   -5        0.99999997  -0.00000000
        -3    5    1        -3    3   -5       -0.00000000  -0.00000000
        -3    5    1        -3    5    1        0.99999997   0.00000000
         0   -8   -3        -3    5    1        0.00000000   0.00000000
         0   -8   -3         0   -8   -3        0.99999997  -0.00000000
         0   -3   -8         0   -8   -3        0.00000000   0.00000000
         0   -3   -8         0   -3   -8        0.99999997   0.00000000
         0    2    7         0   -3   -8        0.00000002  -0.00000000
         0    2    7         0    2    7        0.99999997  -0.00000000
         0    7    2         0    2    7        0.00000000  -0.00000000
         0    7    2         0    7    2        0.99999997   0.00000000
         3   -6   -2         0    7    2        0.00000000   0.00000000
         3   -6   -2         3   -6   -2        0.99999997  -0.00000000
         3   -4    4         3   -6   -2       -0.00000000  -0.00000000
         3   -4    4         3   -4    4        0.99999997   0.00000000
         3   -2   -6         3   -4    4        0.00000001   0.00000000
         3   -2   -6         3   -2   -6        0.99999997   0.00000000
         3   -2    6         3   -2   -6       -0.00000000   0.00000000
         3   -2    6         3   -2    6        0.99999997  -0.00000000
         3    4   -4         3   -2    6        0.00000000   0.00000000
         3    4   -4         3    4   -4        0.99999997   0.00000000
         3    4    8         3    4   -4       -0.00000000   0.00000000
         3    4    8         3    4    8        0.99999997   0.00000000
        -5   -8   -1         3    4    8       -0.00000000  -0.00000000
        -5   -8   -1        -5   -8   -1        0.99999999   0.00000000
        -5   -5    2        -5   -8   -1       -0.00000000   0.00000000
        -5   -5    2        -5   -5    2        0.99999999  -0.00000000
        -5   -1   -8        -5   -5    2       -0.00000000  -0.00000000
        -5   -1   -8        -5   -1   -8        0.99999999  -0.00000000
        -5    2   -5        -5   -1   -8       -0.00000000   0.00000000
        -5    2   -5        -5    2   -5        0.99999999   0.00000000
        -3   -9   -6        -5    2   -5        0.00000000   0.00000000
        -3   -9   -6        -3   -9   -6        0.99999998   0.00000000
        -3   -6   -9        -3   -9   -6       -0.00000000   0.00000000
        -3   -6   -9        -3   -6   -9        0.99999998   0.00000000
        -3    2    5        -3   -6   -9       -0.00000000  -0.00000000
        -3    2    5        -3    2    5        0.99999998   0.00000000
        -3    5    2        -3    2    5       -0.00000000  -0.00000000
        -3    5    2        -3    5    2        0.99999998  -0.00000000
         3   -6   -3        -3    5    2        0.00000000   0.00000000
         3   -6   -3         3   -6   -3        0.99999998  -0.00000000
         3   -3   -6         3   -6   -3       -0.00000000  -0.00000000
         3   -3   -6         3   -3   -6        0.99999998  -0.00000000
         3    5    8         3   -3   -6       -0.00000000   0.00000000
         3    5    8         3    5    8        0.99999998   0.00000000
         3    8    5         3    5    8       -0.00000000  -0.00000000
         3    8    5         3    8    5        0.99999998   0.00000000
         5   -3    4         3    8    5        0.00000000  -0.00000000
         5   -3    4         5   -3    4        0.99999999  -0.00000000
         5    0    7         5   -3    4       -0.00000000  -0.00000000
         5    0    7         5    0    7        0.99999999   0.00000000
         5    4   -3         5    0    7       -0.00000000   0.00000000
         5    4   -3         5    4   -3        0.99999999   0.00000000
         5    7    0         5    4   -3       -0.00000000   0.00000000
         5    7    0         5    7    0        0.99999999  -0.00000000
         7   -1    4         5    7    0        0.00000000  -0.00000000
         7   -1    4         7   -1    4        0.99999999  -0.00000000
         7    2    7         7   -1    4        0.00000000  -0.00000000
         7    2    7         7    2    7        0.99999999   0.00000000
         7    4   -1         7    2    7       -0.00000000  -0.00000000
         7    4   -1         7    4   -1        0.99999999   0.00000000
         7    7    2         7    4   -1        0.00000000   0.00000000
         7    7    2         7    7    2        0.99999999  -0.00000000
        -6   -9   -4         7    7    2        0.00000001  -0.00000000
        -6   -9   -4        -6   -9   -4        0.99999999   0.00000000
        -6   -4   -9        -6   -9   -4        0.00000000   0.00000000
        -6   -4   -9        -6   -4   -9        0.99999999   0.00000000
        -6   -3    2        -6   -4   -9       -0.00000000  -0.00000000
        -6   -3    2        -6   -3    2        0.99999999  -0.00000000
        -6    2   -3        -6   -3    2        0.00000000   0.00000000
        -6    2   -3        -6    2   -3        0.99999999   0.00000000
        -5   -9   -7        -6    2   -3       -0.00000000  -0.00000000
        -5   -9   -7        -5   -9   -7        0.99999999   0.00000000
        -5   -9   -3        -5   -9   -7        0.00000001   0.00000000
        -5   -9   -3        -5   -9   -3        0.99999999  -0.00000000
        -5   -7   -9        -5   -9   -3       -0.00000000  -0.00000000
        -5   -7   -9        -5   -7   -9        0.99999999   0.00000000
        -5   -3   -9        -5   -7   -9        0.00000001  -0.00000000
        -5   -3   -9        -5   -3   -9        0.99999999   0.00000000
        -5   -3    3        -5   -3   -9       -0.00000000  -0.00000000
        -5   -3    3        -5   -3    3        0.99999999  -0.00000000
        -5    1    3        -5   -3    3        0.00000001  -0.00000000
        -5    1    3        -5    1    3        0.99999999  -0.00000000
        -5    3   -3        -5    1    3       -0.00000000  -0.00000000
        -5    3   -3        -5    3   -3        0.99999999   0.00000000
        -5    3    1        -5    3   -3        0.00000001   0.00000000
        -5    3    1        -5    3    1        0.99999999   0.00000000


     q= 0.5000 0.5000 0.5000  nmtx=    2120  nrk=  4


             g                   gp         inverse epsilon RDyn/ADyn nspin= 1
        -1   -1   -1        -1   -1   -1        0.35158484   0.00000000
         0    0    0        -1   -1   -1       -0.08705585   0.00000000
         0    0    0         0    0    0        0.35158484  -0.00000000
        -1   -1    0         0    0    0       -0.00012756   0.00000000
        -1   -1    0        -1   -1    0        0.53846133   0.00000000
        -1    0   -1        -1   -1    0        0.02680829  -0.00000000
        -1    0   -1        -1    0   -1        0.53846133   0.00000000
        -1    0    0        -1    0   -1       -0.05555478  -0.00000000
        -1    0    0        -1    0    0        0.53846133   0.00000000
         0   -1   -1        -1    0    0       -0.00019545  -0.00000000
         0   -1   -1         0   -1   -1        0.53846133   0.00000000
         0   -1    0         0   -1   -1       -0.05555478   0.00000000
         0   -1    0         0   -1    0        0.53846133   0.00000000
         0    0   -1         0   -1    0        0.02680829   0.00000000
         0    0   -1         0    0   -1        0.53846133   0.00000000
        -2   -1   -1         0    0   -1        0.00927397   0.00000000
        -2   -1   -1        -2   -1   -1        0.69941179   0.00000000
        -1   -2   -1        -2   -1   -1        0.01009743  -0.00000000
        -1   -2   -1        -1   -2   -1        0.69941179  -0.00000000
        -1   -1   -2        -1   -2   -1        0.01009743  -0.00000000
        -1   -1   -2        -1   -1   -2        0.69941179  -0.00000000
         0    0    1        -1   -1   -2       -0.05246914  -0.00000000
         0    0    1         0    0    1        0.69941179  -0.00000000
         0    1    0         0    0    1        0.01009743   0.00000000
         0    1    0         0    1    0        0.69941179  -0.00000000
         1    0    0         0    1    0        0.01009743   0.00000000
         1    0    0         1    0    0        0.69941179  -0.00000000
        -2   -2   -2         1    0    0        0.00644464   0.00000000
        -2   -2   -2        -2   -2   -2        0.78678450   0.00000000
        -2   -2   -1        -2   -2   -2       -0.04712165  -0.00000000
        -2   -2   -1        -2   -2   -1        0.77180556   0.00000000
        -2   -1   -2        -2   -2   -1        0.01813681  -0.00000000
        -2   -1   -2        -2   -1   -2        0.77180556  -0.00000000
        -1   -2   -2        -2   -1   -2        0.01813681   0.00000000
        -1   -2   -2        -1   -2   -2        0.77180556  -0.00000000
         0    1    1        -1   -2   -2        0.01278161   0.00000000
         0    1    1         0    1    1        0.77180556   0.00000000
         1    0    1         0    1    1        0.01813681  -0.00000000
         1    0    1         1    0    1        0.77180556  -0.00000000
         1    1    0         1    0    1        0.01813681   0.00000000
         1    1    0         1    1    0        0.77180556   0.00000000
         1    1    1         1    1    0       -0.04712165   0.00000000
         1    1    1         1    1    1        0.78678450  -0.00000000
        -2   -1    0         1    1    1        0.00156928  -0.00000000
        -2   -1    0        -2   -1    0        0.83682172   0.00000000
        -2    0   -1        -2   -1    0        0.00535060   0.00000000
        -2    0   -1        -2    0   -1        0.83682172  -0.00000000
        -1   -2    0        -2    0   -1        0.00092831   0.00000000
        -1   -2    0        -1   -2    0        0.83682172  -0.00000000
        -1    0   -2        -1   -2    0        0.02155134   0.00000000
        -1    0   -2        -1    0   -2        0.83682172  -0.00000000
        -1    0    1        -1    0   -2       -0.00222677   0.00000000
        -1    0    1        -1    0    1        0.83682172  -0.00000000
        -1    1    0        -1    0    1        0.00885503   0.00000000
        -1    1    0        -1    1    0        0.83682172   0.00000000
         0   -2   -1        -1    1    0       -0.02887473  -0.00000000
         0   -2   -1         0   -2   -1        0.83682172  -0.00000000
         0   -1   -2         0   -2   -1        0.00885503  -0.00000000
         0   -1   -2         0   -1   -2        0.83682172  -0.00000000
         0   -1    1         0   -1   -2       -0.00222677   0.00000000
         0   -1    1         0   -1    1        0.83682172  -0.00000000
         0    1   -1         0   -1    1        0.02155134  -0.00000000
         0    1   -1         0    1   -1        0.83682172  -0.00000000
        -1    2   -1         0    1   -1       -0.00100190   0.00000000
        -1    2   -1        -1    2   -1        0.98966765   0.00000000
         0   -3    0        -1    2   -1        0.00035327  -0.00000000
         0   -3    0         0   -3    0        0.98966765   0.00000000
         0    0   -3         0   -3    0       -0.00027428   0.00000000
         0    0   -3         0    0   -3        0.98966765   0.00000000
         1   -2   -2         0    0   -3        0.00096508   0.00000000
         1   -2   -2         1   -2   -2        0.98953587  -0.00000000
         1   -2    1         1   -2   -2       -0.00089498  -0.00000000
         1   -2    1         1   -2    1        0.98953587   0.00000000
         1    1   -2         1   -2    1       -0.00033661   0.00000000
         1    1   -2         1    1   -2        0.98953587  -0.00000000
         1    1    3         1    1   -2        0.00025881  -0.00000000
         1    1    3         1    1    3        0.98920511   0.00000000
         1    3    1         1    1    3        0.00070781  -0.00000000
         1    3    1         1    3    1        0.98920511  -0.00000000
         2   -1   -1         1    3    1       -0.00000448   0.00000000
         2   -1   -1         2   -1   -1        0.98966765   0.00000000
         3    1    1         2   -1   -1       -0.00071303   0.00000000
         3    1    1         3    1    1        0.98920511   0.00000000
        -4   -3   -3         3    1    1       -0.00022927   0.00000000
        -4   -3   -3        -4   -3   -3        0.99256948   0.00000000
        -4   -3   -2        -4   -3   -3       -0.00259969  -0.00000000
        -4   -3   -2        -4   -3   -2        0.99252777  -0.00000000
        -4   -2   -3        -4   -3   -2       -0.00025226   0.00000000
        -4   -2   -3        -4   -2   -3        0.99252777  -0.00000000
        -3   -4   -3        -4   -2   -3        0.00030176   0.00000000
        -3   -4   -3        -3   -4   -3        0.99256948  -0.00000000
        -3   -4   -2        -3   -4   -3       -0.00259969  -0.00000000
        -3   -4   -2        -3   -4   -2        0.99252777  -0.00000000
        -3   -3   -4        -3   -4   -2        0.00030176   0.00000000
        -3   -3   -4        -3   -3   -4        0.99256948  -0.00000000
        -3   -2   -4        -3   -3   -4       -0.00259969   0.00000000
        -3   -2   -4        -3   -2   -4        0.99252777  -0.00000000
        -2   -4   -3        -3   -2   -4        0.00073700   0.00000000
        -2   -4   -3        -2   -4   -3        0.99252777   0.00000000
        -2   -3   -4        -2   -4   -3       -0.00073947   0.00000000
        -2   -3   -4        -2   -3   -4        0.99252777   0.00000000
         1    2    3        -2   -3   -4       -0.00009149  -0.00000000
         1    2    3         1    2    3        0.99252777   0.00000000
         1    3    2         1    2    3       -0.00073947  -0.00000000
         1    3    2         1    3    2        0.99252777  -0.00000000
         2    1    3         1    3    2        0.00073700  -0.00000000
         2    1    3         2    1    3        0.99252777  -0.00000000
         2    2    3         2    1    3       -0.00259969  -0.00000000
         2    2    3         2    2    3        0.99256948   0.00000000
         2    3    1         2    2    3        0.00030176  -0.00000000
         2    3    1         2    3    1        0.99252777  -0.00000000
         2    3    2         2    3    1       -0.00259969  -0.00000000
         2    3    2         2    3    2        0.99256948  -0.00000000
         3    1    2         2    3    2        0.00030176  -0.00000000
         3    1    2         3    1    2        0.99252777   0.00000000
         3    2    1         3    1    2       -0.00025226   0.00000000
         3    2    1         3    2    1        0.99252777   0.00000000
         3    2    2         3    2    1       -0.00259969  -0.00000000
         3    2    2         3    2    2        0.99256948  -0.00000000
        -4   -2   -1         3    2    2        0.00000538   0.00000000
        -4   -2   -1        -4   -2   -1        0.99477496  -0.00000000
        -4   -1   -2        -4   -2   -1       -0.00035513   0.00000000
        -4   -1   -2        -4   -1   -2        0.99477496  -0.00000000
        -2   -4   -1        -4   -1   -2        0.00004941   0.00000000
        -2   -4   -1        -2   -4   -1        0.99477496  -0.00000000
        -2   -1   -4        -2   -4   -1       -0.00015351   0.00000000
        -2   -1   -4        -2   -1   -4        0.99477496  -0.00000000
         0   -2   -4        -2   -1   -4        0.00008016  -0.00000000
         0   -2   -4         0   -2   -4        0.99921551   0.00000000
         0   -1   -4         0   -2   -4       -0.00035625  -0.00000000
         0   -1   -4         0   -1   -4        0.99926380   0.00000000
         0   -1    3         0   -1   -4        0.00004043   0.00000000
         0   -1    3         0   -1    3        0.99926380  -0.00000000
         0    3   -1         0   -1    3       -0.00004282   0.00000000
         0    3   -1         0    3   -1        0.99926380  -0.00000000
         1   -1    3         0    3   -1       -0.00003756  -0.00000000
         1   -1    3         1   -1    3        0.99921551  -0.00000000
         1    3   -1         1   -1    3       -0.00004848  -0.00000000
         1    3   -1         1    3   -1        0.99921551   0.00000000
         3   -1    0         1    3   -1       -0.00002326  -0.00000000
         3   -1    0         3   -1    0        0.99926380   0.00000000
         3   -1    1         3   -1    0       -0.00035625   0.00000000
         3   -1    1         3   -1    1        0.99921551   0.00000000
         3    0   -1         3   -1    1       -0.00000209  -0.00000000
         3    0   -1         3    0   -1        0.99926380  -0.00000000
         3    1   -1         3    0   -1       -0.00035625   0.00000000
         3    1   -1         3    1   -1        0.99921551   0.00000000
        -5   -3   -3         3    1   -1        0.00000236   0.00000000
        -5   -3   -3        -5   -3   -3        0.99950882   0.00000000
        -3   -5   -3        -5   -3   -3        0.00008025   0.00000000
        -3   -5   -3        -3   -5   -3        0.99950882   0.00000000
        -3   -3   -5        -3   -5   -3        0.00008025   0.00000000
        -3   -3   -5        -3   -3   -5        0.99950882   0.00000000
         2    2    4        -3   -3   -5       -0.00009188  -0.00000000
         2    2    4         2    2    4        0.99950882   0.00000000
         2    4    2         2    2    4        0.00008025  -0.00000000
         2    4    2         2    4    2        0.99950882  -0.00000000
         4    2    2         2    4    2        0.00008025  -0.00000000
         4    2    2         4    2    2        0.99950882   0.00000000
        -5   -3   -2         4    2    2       -0.00000562  -0.00000000
        -5   -3   -2        -5   -3   -2        0.99964395   0.00000000
        -5   -2   -3        -5   -3   -2       -0.00010181   0.00000000
        -5   -2   -3        -5   -2   -3        0.99964395  -0.00000000
        -5   -2   -2        -5   -2   -3       -0.00015454  -0.00000000
        -5   -2   -2        -5   -2   -2        0.99965032   0.00000000
        -4   -4   -1        -5   -2   -2        0.00002760  -0.00000000
        -4   -4   -1        -4   -4   -1        0.99960129   0.00000000
        -4   -1   -4        -4   -4   -1        0.00002808  -0.00000000
        -4   -1   -4        -4   -1   -4        0.99960129  -0.00000000
        -3   -5   -2        -4   -1   -4       -0.00000552  -0.00000000
        -3   -5   -2        -3   -5   -2        0.99964395   0.00000000
        -3   -2   -5        -3   -5   -2        0.00002136   0.00000000
        -3   -2   -5        -3   -2   -5        0.99964395  -0.00000000
        -3    1    1        -3   -2   -5       -0.00002107   0.00000000
        -3    1    1        -3    1    1        0.99964209   0.00000000
        -2   -5   -3        -3    1    1       -0.00004010  -0.00000000
        -2   -5   -3        -2   -5   -3        0.99964395  -0.00000000
        -2   -5   -2        -2   -5   -3       -0.00015454  -0.00000000
        -2   -5   -2        -2   -5   -2        0.99965032   0.00000000
        -2   -3   -5        -2   -5   -2        0.00003671   0.00000000
        -2   -3   -5        -2   -3   -5        0.99964395  -0.00000000
        -2   -2   -5        -2   -3   -5       -0.00015454  -0.00000000
        -2   -2   -5        -2   -2   -5        0.99965032  -0.00000000
        -2   -2    2        -2   -2   -5       -0.00001023   0.00000000
        -2   -2    2        -2   -2    2        0.99964209  -0.00000000
        -2    2   -2        -2   -2    2       -0.00004219  -0.00000000
        -2    2   -2        -2    2   -2        0.99964209   0.00000000
        -1   -4   -4        -2    2   -2       -0.00004498   0.00000000
        -1   -4   -4        -1   -4   -4        0.99960129   0.00000000
         0    3    3        -1   -4   -4        0.00008456  -0.00000000
         0    3    3         0    3    3        0.99960129  -0.00000000
         2   -3   -1         0    3    3       -0.00000522  -0.00000000
         2   -3   -1         2   -3   -1        0.99988582   0.00000000
         2   -3    0         2   -3   -1       -0.00005725   0.00000000
         2   -3    0         2   -3    0        0.99988582   0.00000000
         2   -1   -3         2   -3    0        0.00001283  -0.00000000
         2   -1   -3         2   -1   -3        0.99988582   0.00000000
         2    0   -3         2   -1   -3       -0.00005725  -0.00000000
         2    0   -3         2    0   -3        0.99988582   0.00000000
         2    0    4         2    0   -3       -0.00001568   0.00000000
         2    0    4         2    0    4        0.99988892   0.00000000
         2    4    0         2    0    4       -0.00001637   0.00000000
         2    4    0         2    4    0        0.99988892   0.00000000
         4    0    2         2    4    0        0.00000204   0.00000000
         4    0    2         4    0    2        0.99988892  -0.00000000
         4    2    0         4    0    2        0.00001428   0.00000000
         4    2    0         4    2    0        0.99988892  -0.00000000
        -5   -1   -1         4    2    0       -0.00001407   0.00000000
        -5   -1   -1        -5   -1   -1        0.99991550   0.00000000
        -4   -1    1        -5   -1   -1        0.00001587   0.00000000
        -4   -1    1        -4   -1    1        0.99991496   0.00000000
        -4    1   -1        -4   -1    1        0.00001060   0.00000000
        -4    1   -1        -4    1   -1        0.99991496   0.00000000
        -2    0    3        -4    1   -1       -0.00001116   0.00000000
        -2    0    3        -2    0    3        0.99991496   0.00000000
        -2    3    0        -2    0    3        0.00001459   0.00000000
        -2    3    0        -2    3    0        0.99991496   0.00000000
        -1   -5   -1        -2    3    0        0.00001978  -0.00000000
        -1   -5   -1        -1   -5   -1        0.99991550   0.00000000
        -1   -4    1        -1   -5   -1        0.00001587   0.00000000
        -1   -4    1        -1   -4    1        0.99991496   0.00000000
        -1   -1   -5        -1   -4    1        0.00000446  -0.00000000
        -1   -1   -5        -1   -1   -5        0.99991550  -0.00000000
        -1    1   -4        -1   -1   -5        0.00001587  -0.00000000
        -1    1   -4        -1    1   -4        0.99991496   0.00000000
         0   -2    3        -1    1   -4       -0.00002672  -0.00000000
         0   -2    3         0   -2    3        0.99991496   0.00000000
         0    0    4         0   -2    3        0.00001587   0.00000000
         0    0    4         0    0    4        0.99991550   0.00000000
         0    3   -2         0    0    4        0.00000446   0.00000000
         0    3   -2         0    3   -2        0.99991496  -0.00000000
         0    4    0         0    3   -2        0.00001587  -0.00000000
         0    4    0         0    4    0        0.99991550   0.00000000
         1   -4   -1         0    4    0        0.00001978   0.00000000
         1   -4   -1         1   -4   -1        0.99991496  -0.00000000
         1   -1   -4         1   -4   -1        0.00001459  -0.00000000
         1   -1   -4         1   -1   -4        0.99991496  -0.00000000
         3   -2    0         1   -1   -4       -0.00001116  -0.00000000
         3   -2    0         3   -2    0        0.99991496   0.00000000
         3    0   -2         3   -2    0        0.00001060  -0.00000000
         3    0   -2         3    0   -2        0.99991496  -0.00000000
         4    0    0         3    0   -2        0.00001587  -0.00000000
         4    0    0         4    0    0        0.99991550  -0.00000000
        -5   -5   -4         4    0    0       -0.00000037   0.00000000
        -5   -5   -4        -5   -5   -4        0.99993223   0.00000000
        -5   -5   -3        -5   -5   -4       -0.00003500  -0.00000000
        -5   -5   -3        -5   -5   -3        0.99993425   0.00000000
        -5   -4   -5        -5   -5   -3       -0.00000581   0.00000000
        -5   -4   -5        -5   -4   -5        0.99993223  -0.00000000
        -5   -3   -5        -5   -4   -5       -0.00003500  -0.00000000
        -5   -3   -5        -5   -3   -5        0.99993425  -0.00000000
        -4   -5   -5        -5   -3   -5       -0.00000581   0.00000000
        -4   -5   -5        -4   -5   -5        0.99993223  -0.00000000
        -4   -2    1        -4   -5   -5        0.00000280   0.00000000
        -4   -2    1        -4   -2    1        0.99993468   0.00000000
        -4    1   -3        -4   -2    1        0.00000221  -0.00000000
        -4    1   -3        -4    1   -3        0.99997456   0.00000000
        -3   -6   -4        -4    1   -3       -0.00000465  -0.00000000
        -3   -6   -4        -3   -6   -4        0.99997469   0.00000000
        -3   -4   -6        -3   -6   -4        0.00000112   0.00000000
        -3   -4   -6        -3   -4   -6        0.99997469  -0.00000000
        -3   -4    1        -3   -4   -6       -0.00000412   0.00000000
        -3   -4    1        -3   -4    1        0.99997456  -0.00000000
        -3    1   -4        -3   -4    1       -0.00000324   0.00000000
        -3    1   -4        -3    1   -4        0.99997456  -0.00000000
        -2    2    3        -3    1   -4        0.00000022   0.00000000
        -2    2    3        -2    2    3        0.99997456   0.00000000
        -2    3    2        -2    2    3       -0.00001683   0.00000000
        -2    3    2        -2    3    2        0.99997456   0.00000000
        -1   -5    0        -2    3    2       -0.00000151  -0.00000000
        -1   -5    0        -1   -5    0        0.99997057   0.00000000
        -1    0   -5        -1   -5    0       -0.00000304  -0.00000000
        -1    0   -5        -1    0   -5        0.99997057   0.00000000
        -1    0    4        -1    0   -5        0.00000817  -0.00000000
        -1    0    4        -1    0    4        0.99997057   0.00000000
        -1    4    0        -1    0    4       -0.00000147  -0.00000000
        -1    4    0        -1    4    0        0.99997057   0.00000000
         0   -5   -1        -1    4    0        0.00001089   0.00000000
         0   -5   -1         0   -5   -1        0.99997057  -0.00000000
         0   -1   -5         0   -5   -1       -0.00000147   0.00000000
         0   -1   -5         0   -1   -5        0.99997057  -0.00000000
         0   -1    4         0   -1   -5        0.00000817   0.00000000
         0   -1    4         0   -1    4        0.99997057   0.00000000
         0    4   -1         0   -1    4       -0.00000304   0.00000000
         0    4   -1         0    4   -1        0.99997057  -0.00000000
         1   -4   -3         0    4   -1       -0.00000151  -0.00000000
         1   -4   -3         1   -4   -3        0.99997456   0.00000000
         1   -3   -4         1   -4   -3       -0.00001683  -0.00000000
         1   -3   -4         1   -3   -4        0.99997456  -0.00000000
         2   -2    3         1   -3   -4        0.00000022  -0.00000000
         2   -2    3         2   -2    3        0.99997456   0.00000000
         2    3   -2         2   -2    3       -0.00000324  -0.00000000
         2    3   -2         2    3   -2        0.99997456  -0.00000000
         2    3    5         2    3   -2       -0.00000412  -0.00000000
         2    3    5         2    3    5        0.99997469  -0.00000000
         2    5    3         2    3    5        0.00000112  -0.00000000
         2    5    3         2    5    3        0.99997469  -0.00000000
         3   -2    2         2    5    3       -0.00000465   0.00000000
         3   -2    2         3   -2    2        0.99997456   0.00000000
         3    2   -2         3   -2    2       -0.00000135   0.00000000
         3    2   -2         3    2   -2        0.99997456  -0.00000000
         3    2    5         3    2   -2       -0.00000412   0.00000000
         3    2    5         3    2    5        0.99997469   0.00000000
         3    3    5         3    2    5       -0.00001479  -0.00000000
         3    3    5         3    3    5        0.99997450   0.00000000
         3    5    2         3    3    5        0.00000330  -0.00000000
         3    5    2         3    5    2        0.99997469   0.00000000
         3    5    3         3    5    2       -0.00001479   0.00000000
         3    5    3         3    5    3        0.99997450  -0.00000000
         4   -1    0         3    5    3       -0.00000000   0.00000000
         4   -1    0         4   -1    0        0.99997057   0.00000000
         4    0   -1         4   -1    0       -0.00001749  -0.00000000
         4    0   -1         4    0   -1        0.99997057  -0.00000000
         5    2    3         4    0   -1        0.00000235  -0.00000000
         5    2    3         5    2    3        0.99997469   0.00000000
         5    3    2         5    2    3       -0.00001387   0.00000000
         5    3    2         5    3    2        0.99997469  -0.00000000
         5    3    3         5    3    2       -0.00001479  -0.00000000
         5    3    3         5    3    3        0.99997450  -0.00000000
         0   -3    3         5    3    3       -0.00000028  -0.00000000
         0   -3    3         0   -3    3        0.99999011  -0.00000000
         0    3   -3         0   -3    3        0.00000512  -0.00000000
         0    3   -3         0    3   -3        0.99999011  -0.00000000
         0    4    4         0    3   -3        0.00000004  -0.00000000
         0    4    4         0    4    4        0.99999092  -0.00000000
         2   -4   -1         0    4    4       -0.00000012  -0.00000000
         2   -4   -1         2   -4   -1        0.99999011   0.00000000
         2   -1   -4         2   -4   -1        0.00000261  -0.00000000
         2   -1   -4         2   -1   -4        0.99999011   0.00000000
         3   -3    0         2   -1   -4       -0.00000219  -0.00000000
         3   -3    0         3   -3    0        0.99999011  -0.00000000
         3    0   -3         3   -3    0        0.00000256  -0.00000000
         3    0   -3         3    0   -3        0.99999011  -0.00000000
         4    0    4         3    0   -3        0.00000004  -0.00000000
         4    0    4         4    0    4        0.99999092  -0.00000000
         4    4    0         4    0    4        0.00000042  -0.00000000
         4    4    0         4    4    0        0.99999092   0.00000000
         4    4    5         4    4    0       -0.00000084  -0.00000000
         4    4    5         4    4    5        0.99998978  -0.00000000
         4    5    4         4    4    5       -0.00000747  -0.00000000
         4    5    4         4    5    4        0.99998978  -0.00000000
         5    4    4         4    5    4       -0.00000747   0.00000000
         5    4    4         5    4    4        0.99998978   0.00000000
        -6   -3   -1         5    4    4        0.00000010   0.00000000
        -6   -3   -1        -6   -3   -1        0.99999192   0.00000000
        -6   -2   -1        -6   -3   -1       -0.00000549   0.00000000
        -6   -2   -1        -6   -2   -1        0.99999167   0.00000000
        -6   -1   -3        -6   -2   -1       -0.00000263   0.00000000
        -6   -1   -3        -6   -1   -3        0.99999192   0.00000000
        -6   -1   -2        -6   -1   -3       -0.00000549  -0.00000000
        -6   -1   -2        -6   -1   -2        0.99999167  -0.00000000
        -5   -4    0        -6   -1   -2        0.00000145  -0.00000000
        -5   -4    0        -5   -4    0        0.99999236   0.00000000
        -5    0   -4        -5   -4    0        0.00000054  -0.00000000
        -5    0   -4        -5    0   -4        0.99999236   0.00000000
        -4   -5    0        -5    0   -4       -0.00000103  -0.00000000
        -4   -5    0        -4   -5    0        0.99999236   0.00000000
        -4    0   -5        -4   -5    0       -0.00000177   0.00000000
        -4    0   -5        -4    0   -5        0.99999236   0.00000000
        -4    0    2        -4    0   -5       -0.00000039   0.00000000
        -4    0    2        -4    0    2        0.99999179   0.00000000
        -4    2    0        -4    0    2       -0.00000080   0.00000000
        -4    2    0        -4    2    0        0.99999179  -0.00000000
        -3   -6   -1        -4    2    0       -0.00000180  -0.00000000
        -3   -6   -1        -3   -6   -1        0.99999192   0.00000000
        -3   -1   -6        -3   -6   -1       -0.00000181  -0.00000000
        -3   -1   -6        -3   -1   -6        0.99999192  -0.00000000
        -3   -1    3        -3   -1   -6       -0.00000003  -0.00000000
        -3   -1    3        -3   -1    3        0.99999179  -0.00000000
        -3    3   -1        -3   -1    3        0.00000048  -0.00000000
        -3    3   -1        -3    3   -1        0.99999179  -0.00000000
        -2   -6   -1        -3    3   -1        0.00000086  -0.00000000
        -2   -6   -1        -2   -6   -1        0.99999167   0.00000000
        -2   -1   -6        -2   -6   -1       -0.00000186  -0.00000000
        -2   -1   -6        -2   -1   -6        0.99999167   0.00000000
        -1   -6   -3        -2   -1   -6        0.00000015   0.00000000
        -1   -6   -3        -1   -6   -3        0.99999192  -0.00000000
        -1   -6   -2        -1   -6   -3       -0.00000549  -0.00000000
        -1   -6   -2        -1   -6   -2        0.99999167   0.00000000
        -1   -3   -6        -1   -6   -2        0.00000110   0.00000000
        -1   -3   -6        -1   -3   -6        0.99999192   0.00000000
        -1   -3    3        -1   -3   -6       -0.00000003   0.00000000
        -1   -3    3        -1   -3    3        0.99999179   0.00000000
         0    5    0        -1   -3    3       -0.00000006   0.00000000
         0    5    0         0    5    0        0.99999572   0.00000000
         0    5    3         0    5    0        0.00000010  -0.00000000
         0    5    3         0    5    3        0.99999546   0.00000000
         3    0    5         0    5    3       -0.00000003  -0.00000000
         3    0    5         3    0    5        0.99999546   0.00000000
         3    5    0         3    0    5       -0.00000089   0.00000000
         3    5    0         3    5    0        0.99999546  -0.00000000
         3    5    5         3    5    0       -0.00000024  -0.00000000
         3    5    5         3    5    5        0.99999534  -0.00000000
         5    0    0         3    5    5        0.00000001   0.00000000
         5    0    0         5    0    0        0.99999572  -0.00000000
         5    0    3         5    0    0        0.00000010   0.00000000
         5    0    3         5    0    3        0.99999546   0.00000000
         5    3    0         5    0    3        0.00000103  -0.00000000
         5    3    0         5    3    0        0.99999546  -0.00000000
         5    3    5         5    3    0       -0.00000024  -0.00000000
         5    3    5         5    3    5        0.99999534   0.00000000
         5    5    3         5    3    5       -0.00000078  -0.00000000
         5    5    3         5    5    3        0.99999534   0.00000000
        -6   -6   -5         5    5    3       -0.00000117   0.00000000
        -6   -6   -5        -6   -6   -5        0.99999639  -0.00000000
        -6   -5   -6        -6   -6   -5       -0.00000265   0.00000000
        -6   -5   -6        -6   -5   -6        0.99999639  -0.00000000
        -5   -6   -6        -6   -5   -6       -0.00000265   0.00000000
        -5   -6   -6        -5   -6   -6        0.99999639  -0.00000000
        -4    1    2        -5   -6   -6       -0.00000077   0.00000000
        -4    1    2        -4    1    2        0.99999608  -0.00000000
        -4    2    1        -4    1    2       -0.00000292   0.00000000
        -4    2    1        -4    2    1        0.99999608  -0.00000000
        -3   -2    3        -4    2    1        0.00000046  -0.00000000
        -3   -2    3        -3   -2    3        0.99999608  -0.00000000
        -3    3   -2        -3   -2    3       -0.00000078  -0.00000000
        -3    3   -2        -3    3   -2        0.99999608  -0.00000000
        -2   -3    3        -3    3   -2       -0.00000078  -0.00000000
        -2   -3    3        -2   -3    3        0.99999608  -0.00000000
        -2    3   -3        -2   -3    3        0.00000002   0.00000000
        -2    3   -3        -2    3   -3        0.99999608   0.00000000
         1   -4    2        -2    3   -3        0.00000203   0.00000000
         1   -4    2         1   -4    2        0.99999608  -0.00000000
         1    2   -4         1   -4    2        0.00000002  -0.00000000
         1    2   -4         1    2   -4        0.99999608   0.00000000
         2   -4    1         1    2   -4       -0.00000078   0.00000000
         2   -4    1         2   -4    1        0.99999608   0.00000000
         2    1   -4         2   -4    1       -0.00000078   0.00000000
         2    1   -4         2    1   -4        0.99999608  -0.00000000
         3   -3   -2         2    1   -4        0.00000046   0.00000000
         3   -3   -2         3   -3   -2        0.99999608  -0.00000000
         3   -2   -3         3   -3   -2       -0.00000292  -0.00000000
         3   -2   -3         3   -2   -3        0.99999608   0.00000000
         4    5    5         3   -2   -3       -0.00000077  -0.00000000
         4    5    5         4    5    5        0.99999639  -0.00000000
         5    4    5         4    5    5       -0.00000265   0.00000000
         5    4    5         5    4    5        0.99999639   0.00000000
         5    5    4         5    4    5       -0.00000265  -0.00000000
         5    5    4         5    5    4        0.99999639   0.00000000
        -7   -4   -4         5    5    4       -0.00000090   0.00000000
        -7   -4   -4        -7   -4   -4        0.99999678  -0.00000000
        -6   -6   -3        -7   -4   -4       -0.00000109  -0.00000000
        -6   -6   -3        -6   -6   -3        0.99999674   0.00000000
        -6   -3   -6        -6   -6   -3        0.00000066   0.00000000
        -6   -3   -6        -6   -3   -6        0.99999674  -0.00000000
        -5   -3    1        -6   -3   -6        0.00000035   0.00000000
        -5   -3    1        -5   -3    1        0.99999668  -0.00000000
        -1    2    5        -5   -3    1       -0.00000044   0.00000000
        -1    2    5        -1    2    5        0.99999799  -0.00000000
        -1    4    4        -1    2    5       -0.00000079  -0.00000000
        -1    4    4        -1    4    4        0.99999803   0.00000000
        -1    5    2        -1    4    4       -0.00000079  -0.00000000
        -1    5    2        -1    5    2        0.99999799   0.00000000
         0   -6   -3        -1    5    2        0.00000083   0.00000000
         0   -6   -3         0   -6   -3        0.99999799  -0.00000000
         0   -5   -5         0   -6   -3       -0.00000079   0.00000000
         0   -5   -5         0   -5   -5        0.99999803  -0.00000000
         0   -3   -6         0   -5   -5       -0.00000079   0.00000000
         0   -3   -6         0   -3   -6        0.99999799  -0.00000000
         2   -1    5         0   -3   -6       -0.00000025  -0.00000000
         2   -1    5         2   -1    5        0.99999799  -0.00000000
         2    5   -1         2   -1    5       -0.00000029   0.00000000
         2    5   -1         2    5   -1        0.99999799  -0.00000000
         4   -1    4         2    5   -1       -0.00000038  -0.00000000
         4   -1    4         4   -1    4        0.99999803  -0.00000000
         4    4   -1         4   -1    4       -0.00000018   0.00000000
         4    4   -1         4    4   -1        0.99999803   0.00000000
         4    4    6         4    4   -1        0.00000008   0.00000000
         4    4    6         4    4    6        0.99999809  -0.00000000
         4    6    4         4    4    6       -0.00000044  -0.00000000
         4    6    4         4    6    4        0.99999809   0.00000000
         5   -1    2         4    6    4        0.00000016  -0.00000000
         5   -1    2         5   -1    2        0.99999799  -0.00000000
         5    2   -1         5   -1    2        0.00000030  -0.00000000
         5    2   -1         5    2   -1        0.99999799   0.00000000
         5    5    5         5    2   -1        0.00000025  -0.00000000
         5    5    5         5    5    5        0.99999830  -0.00000000
         6    4    4         5    5    5       -0.00000089  -0.00000000
         6    4    4         6    4    4        0.99999809  -0.00000000
        -7   -5   -3         6    4    4       -0.00000043   0.00000000
        -7   -5   -3        -7   -5   -3        0.99999827   0.00000000
        -7   -3   -5        -7   -5   -3       -0.00000044   0.00000000
        -7   -3   -5        -7   -3   -5        0.99999827  -0.00000000
        -7   -3   -2        -7   -3   -5        0.00000020   0.00000000
        -7   -3   -2        -7   -3   -2        0.99999834  -0.00000000
        -7   -2   -3        -7   -3   -2       -0.00000127   0.00000000
        -7   -2   -3        -7   -2   -3        0.99999834  -0.00000000
        -6   -5   -1        -7   -2   -3        0.00000008  -0.00000000
        -6   -5   -1        -6   -5   -1        0.99999828  -0.00000000
        -6   -1   -5        -6   -5   -1        0.00000029  -0.00000000
        -6   -1   -5        -6   -1   -5        0.99999828   0.00000000
        -6   -1    0        -6   -1   -5        0.00000001   0.00000000
        -6   -1    0        -6   -1    0        0.99999853  -0.00000000
        -6    0   -1        -6   -1    0       -0.00000107   0.00000000
        -6    0   -1        -6    0   -1        0.99999853   0.00000000
        -5   -7   -3        -6    0   -1        0.00000014   0.00000000
        -5   -7   -3        -5   -7   -3        0.99999827  -0.00000000
        -5   -6   -1        -5   -7   -3        0.00000078  -0.00000000
        -5   -6   -1        -5   -6   -1        0.99999828   0.00000000
        -5   -3   -7        -5   -6   -1        0.00000001   0.00000000
        -5   -3   -7        -5   -3   -7        0.99999827   0.00000000
        -5   -1   -6        -5   -3   -7        0.00000078   0.00000000
        -5   -1   -6        -5   -1   -6        0.99999828  -0.00000000
        -3   -7   -5        -5   -1   -6       -0.00000009  -0.00000000
        -3   -7   -5        -3   -7   -5        0.99999827   0.00000000
        -3   -7   -2        -3   -7   -5        0.00000020  -0.00000000
        -3   -7   -2        -3   -7   -2        0.99999834  -0.00000000
        -3   -5   -7        -3   -7   -2       -0.00000032  -0.00000000
        -3   -5   -7        -3   -5   -7        0.99999827   0.00000000
        -3   -2   -7        -3   -5   -7        0.00000020  -0.00000000
        -3   -2   -7        -3   -2   -7        0.99999834   0.00000000
        -4    0   -6        -3   -2   -7        0.00000009   0.00000000
        -4    0   -6        -4    0   -6        0.99999888  -0.00000000
        -4    0    3        -4    0   -6        0.00000006   0.00000000
        -4    0    3        -4    0    3        0.99999889  -0.00000000
        -4    3   -1        -4    0    3        0.00000012   0.00000000
        -4    3   -1        -4    3   -1        0.99999889  -0.00000000
        -4    3    0        -4    3   -1       -0.00000075  -0.00000000
        -4    3    0        -4    3    0        0.99999889  -0.00000000
        -1   -4    3        -4    3    0       -0.00000000  -0.00000000
        -1   -4    3        -1   -4    3        0.99999889  -0.00000000
        -1    3   -4        -1   -4    3        0.00000025   0.00000000
        -1    3   -4        -1    3   -4        0.99999889  -0.00000000
        -1    3    5        -1    3   -4        0.00000006   0.00000000
        -1    3    5        -1    3    5        0.99999888  -0.00000000
        -1    5    3        -1    3    5       -0.00000032  -0.00000000
        -1    5    3        -1    5    3        0.99999888  -0.00000000
         0   -6   -4        -1    5    3        0.00000015   0.00000000
         0   -6   -4         0   -6   -4        0.99999888   0.00000000
         0   -4   -6         0   -6   -4       -0.00000032  -0.00000000
         0   -4   -6         0   -4   -6        0.99999888  -0.00000000
         0   -4    3         0   -4   -6        0.00000006   0.00000000
         0   -4    3         0   -4    3        0.99999889   0.00000000
         0    3   -4         0   -4    3        0.00000025  -0.00000000
         0    3   -4         0    3   -4        0.99999889  -0.00000000
         3   -4   -1         0    3   -4       -0.00000000   0.00000000
         3   -4   -1         3   -4   -1        0.99999889  -0.00000000
         3   -4    0         3   -4   -1       -0.00000075  -0.00000000
         3   -4    0         3   -4    0        0.99999889   0.00000000
         3   -1   -4         3   -4    0        0.00000012  -0.00000000
         3   -1   -4         3   -1   -4        0.99999889   0.00000000
         3   -1    5         3   -1   -4        0.00000006  -0.00000000
         3   -1    5         3   -1    5        0.99999888   0.00000000
         3    0   -4         3   -1    5       -0.00000014  -0.00000000
         3    0   -4         3    0   -4        0.99999889   0.00000000
         3    5   -1         3    0   -4        0.00000014  -0.00000000
         3    5   -1         3    5   -1        0.99999888   0.00000000
         3    5    6         3    5   -1        0.00000010  -0.00000000
         3    5    6         3    5    6        0.99999891   0.00000000
         3    6    5         3    5    6       -0.00000086  -0.00000000
         3    6    5         3    6    5        0.99999891  -0.00000000
         4    5    6         3    6    5       -0.00000055   0.00000000
         4    5    6         4    5    6        0.99999896   0.00000000
         4    6    5         4    5    6       -0.00000080  -0.00000000
         4    6    5         4    6    5        0.99999896   0.00000000
         5   -1    3         4    6    5        0.00000013  -0.00000000
         5   -1    3         5   -1    3        0.99999888  -0.00000000
         5    3   -1         5   -1    3        0.00000022  -0.00000000
         5    3   -1         5    3   -1        0.99999888  -0.00000000
         5    3    6         5    3   -1        0.00000010   0.00000000
         5    3    6         5    3    6        0.99999891   0.00000000
         5    4    6         5    3    6       -0.00000072  -0.00000000
         5    4    6         5    4    6        0.99999896   0.00000000
         5    6    3         5    4    6       -0.00000007  -0.00000000
         5    6    3         5    6    3        0.99999891   0.00000000
         5    6    4         5    6    3       -0.00000072   0.00000000
         5    6    4         5    6    4        0.99999896  -0.00000000
         6    3    5         5    6    4       -0.00000017   0.00000000
         6    3    5         6    3    5        0.99999891   0.00000000
         6    4    5         6    3    5       -0.00000072  -0.00000000
         6    4    5         6    4    5        0.99999896  -0.00000000
         6    5    3         6    4    5       -0.00000043  -0.00000000
         6    5    3         6    5    3        0.99999891  -0.00000000
         6    5    4         6    5    3       -0.00000072   0.00000000
         6    5    4         6    5    4        0.99999896   0.00000000
         5    6    5         6    5    4       -0.00000041   0.00000000
         5    6    5         5    6    5        0.99999929  -0.00000000
         6    0    2         5    6    5        0.00000013  -0.00000000
         6    0    2         6    0    2        0.99999930  -0.00000000
         6    2    0         6    0    2       -0.00000023   0.00000000
         6    2    0         6    2    0        0.99999930   0.00000000
         6    2    5         6    2    0        0.00000004   0.00000000
         6    2    5         6    2    5        0.99999927   0.00000000
         6    5    2         6    2    5        0.00000004   0.00000000
         6    5    2         6    5    2        0.99999927  -0.00000000
         6    5    5         6    5    2        0.00000017   0.00000000
         6    5    5         6    5    5        0.99999929  -0.00000000
        -7   -2   -1         6    5    5       -0.00000000  -0.00000000
        -7   -2   -1        -7   -2   -1        0.99999938   0.00000000
        -7   -1   -2        -7   -2   -1       -0.00000049   0.00000000
        -7   -1   -2        -7   -1   -2        0.99999938   0.00000000
        -2   -7   -1        -7   -1   -2       -0.00000002  -0.00000000
        -2   -7   -1        -2   -7   -1        0.99999938   0.00000000
        -2   -1   -7        -2   -7   -1       -0.00000004  -0.00000000
        -2   -1   -7        -2   -1   -7        0.99999938  -0.00000000
        -1   -7   -2        -2   -1   -7       -0.00000002  -0.00000000
        -1   -7   -2        -1   -7   -2        0.99999938   0.00000000
        -1   -2   -7        -1   -7   -2        0.00000004   0.00000000
        -1   -2   -7        -1   -2   -7        0.99999938   0.00000000
         0    1    6        -1   -2   -7       -0.00000007  -0.00000000
         0    1    6         0    1    6        0.99999938  -0.00000000
         0    6    1         0    1    6        0.00000004  -0.00000000
         0    6    1         0    6    1        0.99999938   0.00000000
         1    0    6         0    6    1       -0.00000002  -0.00000000
         1    0    6         1    0    6        0.99999938   0.00000000
         1    6    0         1    0    6       -0.00000004   0.00000000
         1    6    0         1    6    0        0.99999938  -0.00000000
         6    0    1         1    6    0       -0.00000002   0.00000000
         6    0    1         6    0    1        0.99999938   0.00000000
         6    1    0         6    0    1       -0.00000049  -0.00000000
         6    1    0         6    1    0        0.99999938   0.00000000
        -7   -4   -1         6    1    0       -0.00000009   0.00000000
        -7   -4   -1        -7   -4   -1        0.99999945   0.00000000
        -7   -1   -4        -7   -4   -1        0.00000000   0.00000000
        -7   -1   -4        -7   -1   -4        0.99999945   0.00000000
        -6   -2    1        -7   -1   -4       -0.00000000   0.00000000
        -6   -2    1        -6   -2    1        0.99999944  -0.00000000
        -6    1   -2        -6   -2    1        0.00000003   0.00000000
        -6    1   -2        -6    1   -2        0.99999944   0.00000000
        -4   -7   -1        -6    1   -2       -0.00000006  -0.00000000
        -4   -7   -1        -4   -7   -1        0.99999945  -0.00000000
        -4   -1   -7        -4   -7   -1       -0.00000003   0.00000000
        -4   -1   -7        -4   -1   -7        0.99999945  -0.00000000
        -2   -6    1        -4   -1   -7        0.00000001   0.00000000
        -2   -6    1        -2   -6    1        0.99999944  -0.00000000
        -2    1   -6        -2   -6    1        0.00000002   0.00000000
        -2    1   -6        -2    1   -6        0.99999944  -0.00000000
        -2    1    5        -2    1   -6        0.00000003  -0.00000000
        -2    1    5        -2    1    5        0.99999944   0.00000000
        -2    5    1        -2    1    5        0.00000009   0.00000000
        -2    5    1        -2    5    1        0.99999944  -0.00000000
        -1   -7   -4        -2    5    1        0.00000003  -0.00000000
        -1   -7   -4        -1   -7   -4        0.99999945  -0.00000000
        -1   -4   -7        -1   -7   -4        0.00000001   0.00000000
        -1   -4   -7        -1   -4   -7        0.99999945   0.00000000
         0    3    6        -1   -4   -7        0.00000003   0.00000000
         0    3    6         0    3    6        0.99999945   0.00000000
         0    6    3         0    3    6        0.00000001  -0.00000000
         0    6    3         0    6    3        0.99999945  -0.00000000
        -2    4   -3         0    6    3       -0.00000003  -0.00000000
        -2    4   -3        -2    4   -3        0.99999961   0.00000000
        -2    4    4        -2    4   -3        0.00000005  -0.00000000
        -2    4    4        -2    4    4        0.99999963  -0.00000000
        -1   -7   -1        -2    4    4       -0.00000003   0.00000000
        -1   -7   -1        -1   -7   -1        0.99999959  -0.00000000
        -1   -1   -7        -1   -7   -1       -0.00000001   0.00000000
        -1   -1   -7        -1   -1   -7        0.99999959  -0.00000000
         0    0    6        -1   -1   -7        0.00000009   0.00000000
         0    0    6         0    0    6        0.99999959   0.00000000
         0    6    0         0    0    6       -0.00000001  -0.00000000
         0    6    0         0    6    0        0.99999959  -0.00000000
         1   -5   -5         0    6    0       -0.00000003  -0.00000000
         1   -5   -5         1   -5   -5        0.99999963  -0.00000000
         1   -5    2         1   -5   -5        0.00000005   0.00000000
         1   -5    2         1   -5    2        0.99999961  -0.00000000
         1    2   -5         1   -5    2       -0.00000001   0.00000000
         1    2   -5         1    2   -5        0.99999961   0.00000000
         2   -5    1         1    2   -5       -0.00000001  -0.00000000
         2   -5    1         2   -5    1        0.99999961   0.00000000
         2    1   -5         2   -5    1       -0.00000001   0.00000000
         2    1   -5         2    1   -5        0.99999961  -0.00000000
         3    4    7         2    1   -5       -0.00000001   0.00000000
         3    4    7         3    4    7        0.99999963  -0.00000000
         3    6    6         3    4    7       -0.00000018  -0.00000000
         3    6    6         3    6    6        0.99999963   0.00000000
         3    7    4         3    6    6       -0.00000018  -0.00000000
         3    7    4         3    7    4        0.99999963  -0.00000000
         4   -3   -2         3    7    4       -0.00000003  -0.00000000
         4   -3   -2         4   -3   -2        0.99999961  -0.00000000
         4   -2   -3         4   -3   -2       -0.00000032  -0.00000000
         4   -2   -3         4   -2   -3        0.99999961  -0.00000000
         4   -2    4         4   -2   -3        0.00000005  -0.00000000
         4   -2    4         4   -2    4        0.99999963   0.00000000
         4    3    7         4   -2    4       -0.00000001   0.00000000
         4    3    7         4    3    7        0.99999963  -0.00000000
         4    4   -2         4    3    7        0.00000001  -0.00000000
         4    4   -2         4    4   -2        0.99999963  -0.00000000
         4    4    7         4    4   -2        0.00000005  -0.00000000
         4    4    7         4    4    7        0.99999963  -0.00000000
         4    7    3         4    4    7        0.00000002  -0.00000000
         4    7    3         4    7    3        0.99999963  -0.00000000
         4    7    4         4    7    3       -0.00000026   0.00000000
         4    7    4         4    7    4        0.99999963   0.00000000
         6    0    0         4    7    4        0.00000005  -0.00000000
         6    0    0         6    0    0        0.99999959   0.00000000
         6    3    6         6    0    0        0.00000001   0.00000000
         6    3    6         6    3    6        0.99999963   0.00000000
         6    6    3         6    3    6       -0.00000001   0.00000000
         6    6    3         6    6    3        0.99999963   0.00000000
         7    3    4         6    6    3       -0.00000010  -0.00000000
         7    3    4         7    3    4        0.99999963  -0.00000000
         7    4    3         7    3    4       -0.00000030   0.00000000
         7    4    3         7    4    3        0.99999963  -0.00000000
         7    4    4         7    4    3       -0.00000026   0.00000000
         7    4    4         7    4    4        0.99999963  -0.00000000
        -8   -4   -3         7    4    4        0.00000000   0.00000000
        -8   -4   -3        -8   -4   -3        0.99999967  -0.00000000
        -8   -3   -4        -8   -4   -3       -0.00000027   0.00000000
        -8   -3   -4        -8   -3   -4        0.99999967   0.00000000
        -7   -7   -6        -8   -3   -4        0.00000006  -0.00000000
        -7   -7   -6        -7   -7   -6        0.99999965  -0.00000000
        -7   -6   -7        -7   -7   -6       -0.00000029  -0.00000000
        -7   -6   -7        -7   -6   -7        0.99999965  -0.00000000
        -7   -3    0        -7   -6   -7       -0.00000001   0.00000000
        -7   -3    0        -7   -3    0        0.99999978  -0.00000000
        -7   -2    0        -7   -3    0       -0.00000016  -0.00000000
        -7   -2    0        -7   -2    0        0.99999976   0.00000000
        -7    0   -3        -7   -2    0       -0.00000005   0.00000000
        -7    0   -3        -7    0   -3        0.99999978  -0.00000000
        -7    0   -2        -7    0   -3       -0.00000016  -0.00000000
        -7    0   -2        -7    0   -2        0.99999976   0.00000000
        -6   -8   -4        -7    0   -2        0.00000003   0.00000000
        -6   -8   -4        -6   -8   -4        0.99999978  -0.00000000
        -6   -4   -8        -6   -8   -4        0.00000003   0.00000000
        -6   -4   -8        -6   -4   -8        0.99999978   0.00000000
        -6   -4    1        -6   -4   -8        0.00000004   0.00000000
        -6   -4    1        -6   -4    1        0.99999978   0.00000000
        -6    1   -4        -6   -4    1        0.00000004  -0.00000000
        -6    1   -4        -6    1   -4        0.99999978  -0.00000000
        -4   -8   -6        -6    1   -4        0.00000003   0.00000000
        -4   -8   -6        -4   -8   -6        0.99999978   0.00000000
        -4   -6   -8        -4   -8   -6       -0.00000010   0.00000000
        -4   -6   -8        -4   -6   -8        0.99999978   0.00000000
        -4   -6    1        -4   -6   -8        0.00000004   0.00000000
        -4   -6    1        -4   -6    1        0.99999978  -0.00000000
        -4    1   -6        -4   -6    1       -0.00000000   0.00000000
        -4    1   -6        -4    1   -6        0.99999978  -0.00000000
        -3   -7   -7        -4    1   -6        0.00000004  -0.00000000
        -3   -7   -7        -3   -7   -7        0.99999978  -0.00000000
        -3   -7    0        -3   -7   -7        0.00000003   0.00000000
        -3   -7    0        -3   -7    0        0.99999978  -0.00000000
        -3    0   -7        -3   -7    0       -0.00000000   0.00000000
        -3    0   -7        -3    0   -7        0.99999978  -0.00000000
        -2   -7    0        -3    0   -7       -0.00000000   0.00000000
        -2   -7    0        -2   -7    0        0.99999976   0.00000000
        -2    0   -7        -2   -7    0        0.00000000  -0.00000000
        -2    0   -7        -2    0   -7        0.99999976  -0.00000000
        -2    3    5        -2    0   -7       -0.00000001   0.00000000
        -2    3    5        -2    3    5        0.99999978  -0.00000000
        -2    5    3        -2    3    5       -0.00000010  -0.00000000
        -2    5    3        -2    5    3        0.99999978  -0.00000000
        -1    1    6        -2    5    3        0.00000002   0.00000000
        -1    1    6        -1    1    6        0.99999976  -0.00000000
        -1    2    6        -1    1    6       -0.00000016  -0.00000000
        -1    2    6        -1    2    6        0.99999978   0.00000000
        -1    6    1        -1    2    6        0.00000002  -0.00000000
        -1    6    1        -1    6    1        0.99999976   0.00000000
        -1    6    2        -1    6    1       -0.00000016   0.00000000
        -1    6    2        -1    6    2        0.99999978  -0.00000000
         0   -7   -3        -1    6    2       -0.00000006  -0.00000000
         0   -7   -3         0   -7   -3        0.99999978   0.00000000
         0   -7   -2         0   -7   -3       -0.00000016   0.00000000
         0   -7   -2         0   -7   -2        0.99999976  -0.00000000
         0   -3   -7         0   -7   -2        0.00000002   0.00000000
         0   -3   -7         0   -3   -7        0.99999978   0.00000000
         0   -2   -7         0   -3   -7       -0.00000016   0.00000000
         0   -2   -7         0   -2   -7        0.99999976   0.00000000
         1   -6   -4         0   -2   -7        0.00000002  -0.00000000
         1   -6   -4         1   -6   -4        0.99999978   0.00000000
         1   -4   -6         1   -6   -4       -0.00000010   0.00000000
         1   -4   -6         1   -4   -6        0.99999978   0.00000000
         1   -1    6         1   -4   -6       -0.00000001  -0.00000000
         1   -1    6         1   -1    6        0.99999976   0.00000000
         1    6   -1         1   -1    6        0.00000000  -0.00000000
         1    6   -1         1    6   -1        0.99999976   0.00000000
         2   -1    6         1    6   -1       -0.00000000  -0.00000000
         2   -1    6         2   -1    6        0.99999978   0.00000000
         6    0   -1         2   -1    6        0.00000001   0.00000000
         6    0   -1         6    0   -1        0.99999984   0.00000000
         6    3   -1         6    0   -1        0.00000005   0.00000000
         6    3   -1         6    3   -1        0.99999985   0.00000000
        -8   -6   -3         6    3   -1       -0.00000003   0.00000000
        -8   -6   -3        -8   -6   -3        0.99999987   0.00000000
        -8   -3   -6        -8   -6   -3       -0.00000002  -0.00000000
        -8   -3   -6        -8   -3   -6        0.99999987   0.00000000
        -6   -8   -3        -8   -3   -6        0.00000002   0.00000000
        -6   -8   -3        -6   -8   -3        0.99999987  -0.00000000
        -6   -3   -8        -6   -8   -3        0.00000002   0.00000000
        -6   -3   -8        -6   -3   -8        0.99999987  -0.00000000
        -5    0    3        -6   -3   -8        0.00000000  -0.00000000
        -5    0    3        -5    0    3        0.99999987   0.00000000
        -5    2    2        -5    0    3       -0.00000007   0.00000000
        -5    2    2        -5    2    2        0.99999987  -0.00000000
        -5    3    0        -5    2    2       -0.00000007   0.00000000
        -5    3    0        -5    3    0        0.99999987  -0.00000000
        -4   -1    4        -5    3    0        0.00000001   0.00000000
        -4   -1    4        -4   -1    4        0.99999987   0.00000000
        -4    4   -1        -4   -1    4        0.00000002  -0.00000000
        -4    4   -1        -4    4   -1        0.99999987  -0.00000000
        -3   -8   -6        -4    4   -1        0.00000000  -0.00000000
        -3   -8   -6        -3   -8   -6        0.99999987   0.00000000
        -3   -6   -8        -3   -8   -6       -0.00000006   0.00000000
        -3   -6   -8        -3   -6   -8        0.99999987  -0.00000000
        -3   -3    4        -3   -6   -8       -0.00000000  -0.00000000
        -3   -3    4        -3   -3    4        0.99999987   0.00000000
        -3    4   -3        -3   -3    4        0.00000001  -0.00000000
        -3    4   -3        -3    4   -3        0.99999987  -0.00000000
        -1   -4    4        -3    4   -3       -0.00000001   0.00000000
        -1   -4    4        -1   -4    4        0.99999987  -0.00000000
        -1    4   -4        -1   -4    4       -0.00000004  -0.00000000
        -1    4   -4        -1    4   -4        0.99999987   0.00000000
         0   -5    3        -1    4   -4       -0.00000004  -0.00000000
         0   -5    3         0   -5    3        0.99999987  -0.00000000
         0    3   -5         0   -5    3       -0.00000004   0.00000000
         0    3   -5         0    3   -5        0.99999987  -0.00000000
         2   -5    2         0    3   -5       -0.00000001   0.00000000
         2   -5    2         2   -5    2        0.99999987   0.00000000
         2    2   -5         2   -5    2        0.00000001   0.00000000
         2    2   -5         2    2   -5        0.99999987  -0.00000000
         2    5    7         2    2   -5       -0.00000000   0.00000000
         2    5    7         2    5    7        0.99999987  -0.00000000
         2    7    5         2    5    7       -0.00000006  -0.00000000
         2    7    5         2    7    5        0.99999987  -0.00000000
         3   -5    0         2    7    5        0.00000000   0.00000000
         3   -5    0         3   -5    0        0.99999987   0.00000000
         3    0   -5         3   -5    0        0.00000002   0.00000000
         3    0   -5         3    0   -5        0.99999987   0.00000000
         4   -4   -1         3    0   -5        0.00000001   0.00000000
         4   -4   -1         4   -4   -1        0.99999987  -0.00000000
         4   -3   -3         4   -4   -1       -0.00000007  -0.00000000
         4   -3   -3         4   -3   -3        0.99999987   0.00000000
         4   -1   -4         4   -3   -3       -0.00000007  -0.00000000
         4   -1   -4         4   -1   -4        0.99999987   0.00000000
         5    2    7         4   -1   -4        0.00000000   0.00000000
         5    2    7         5    2    7        0.99999987   0.00000000
         5    7    2         5    2    7        0.00000002  -0.00000000
         5    7    2         5    7    2        0.99999987   0.00000000
         7    2    5         5    7    2        0.00000002  -0.00000000
         7    2    5         7    2    5        0.99999987  -0.00000000
         7    5    2         7    2    5       -0.00000002   0.00000000
         7    5    2         7    5    2        0.99999987   0.00000000
         5    0   -3         7    5    2        0.00000001   0.00000000
         5    0   -3         5    0   -3        0.99999990  -0.00000000
         5    0    6         5    0   -3        0.00000002   0.00000000
         5    0    6         5    0    6        0.99999991   0.00000000
         5    1   -3         5    0    6        0.00000002   0.00000000
         5    1   -3         5    1   -3        0.99999990  -0.00000000
         5    6    0         5    1   -3       -0.00000001   0.00000000
         5    6    0         5    6    0        0.99999991  -0.00000000
         5    6    7         5    6    0        0.00000001   0.00000000
         5    6    7         5    6    7        0.99999990  -0.00000000
         5    7    6         5    6    7       -0.00000009   0.00000000
         5    7    6         5    7    6        0.99999990  -0.00000000
         6    0    5         5    7    6        0.00000001   0.00000000
         6    0    5         6    0    5        0.99999991  -0.00000000
         6    5    0         6    0    5        0.00000002   0.00000000
         6    5    0         6    5    0        0.99999991   0.00000000
         6    5    7         6    5    0        0.00000001   0.00000000
         6    5    7         6    5    7        0.99999990   0.00000000
         6    7    5         6    5    7       -0.00000006   0.00000000
         6    7    5         6    7    5        0.99999990  -0.00000000
         7    5    6         6    7    5       -0.00000007  -0.00000000
         7    5    6         7    5    6        0.99999990  -0.00000000
         7    6    5         7    5    6       -0.00000009   0.00000000
         7    6    5         7    6    5        0.99999990   0.00000000
        -8   -7   -4         7    6    5        0.00000002   0.00000000
        -8   -7   -4        -8   -7   -4        0.99999992   0.00000000
        -8   -4   -7        -8   -7   -4       -0.00000002   0.00000000
        -8   -4   -7        -8   -4   -7        0.99999992   0.00000000
        -7   -8   -4        -8   -4   -7        0.00000000   0.00000000
        -7   -8   -4        -7   -8   -4        0.99999992   0.00000000
        -7   -7   -2        -7   -8   -4        0.00000004  -0.00000000
        -7   -7   -2        -7   -7   -2        0.99999992   0.00000000
        -7   -4   -8        -7   -7   -2       -0.00000001   0.00000000
        -7   -4   -8        -7   -4   -8        0.99999992  -0.00000000
        -7   -2   -7        -7   -4   -8        0.00000004   0.00000000
        -7   -2   -7        -7   -2   -7        0.99999992   0.00000000
        -4   -8   -7        -7   -2   -7       -0.00000001   0.00000000
        -4   -8   -7        -4   -8   -7        0.99999992   0.00000000
        -4   -7   -8        -4   -8   -7       -0.00000007  -0.00000000
        -4   -7   -8        -4   -7   -8        0.99999992   0.00000000
        -2   -7   -7        -4   -7   -8        0.00000004  -0.00000000
        -2   -7   -7        -2   -7   -7        0.99999992   0.00000000
         1    6    6        -2   -7   -7        0.00000002  -0.00000000
         1    6    6         1    6    6        0.99999992   0.00000000
         3    6    7         1    6    6        0.00000004   0.00000000
         3    6    7         3    6    7        0.99999992  -0.00000000
         3    7    6         3    6    7       -0.00000007   0.00000000
         3    7    6         3    7    6        0.99999992   0.00000000
         6    1    6         3    7    6       -0.00000001   0.00000000
         6    1    6         6    1    6        0.99999992  -0.00000000
         6    3    7         6    1    6        0.00000004  -0.00000000
         6    3    7         6    3    7        0.99999992   0.00000000
         6    6    1         6    3    7       -0.00000001   0.00000000
         6    6    1         6    6    1        0.99999992   0.00000000
         6    7    3         6    6    1        0.00000004   0.00000000
         6    7    3         6    7    3        0.99999992   0.00000000
         7    3    6         6    7    3        0.00000000  -0.00000000
         7    3    6         7    3    6        0.99999992   0.00000000
         7    6    3         7    3    6       -0.00000002   0.00000000
         7    6    3         7    6    3        0.99999992   0.00000000
        -6   -5    1         7    6    3       -0.00000000   0.00000000
        -6   -5    1        -6   -5    1        0.99999993   0.00000000
        -6    1   -5        -6   -5    1        0.00000002  -0.00000000
        -6    1   -5        -6    1   -5        0.99999993   0.00000000
         3   -3   -5        -6    1   -5       -0.00000001  -0.00000000
         3   -3   -5         3   -3   -5        0.99999994  -0.00000000
         3    0    7         3   -3   -5        0.00000000  -0.00000000
         3    0    7         3    0    7        0.99999994   0.00000000
         3    7    0         3    0    7        0.00000001  -0.00000000
         3    7    0         3    7    0        0.99999994  -0.00000000
         4   -4    2         3    7    0        0.00000000  -0.00000000
         4   -4    2         4   -4    2        0.99999994   0.00000000
         4    2   -4         4   -4    2        0.00000001   0.00000000
         4    2   -4         4    2   -4        0.99999994  -0.00000000
         6    6    7         4    2   -4        0.00000001   0.00000000
         6    6    7         6    6    7        0.99999994   0.00000000
         6    7    6         6    6    7       -0.00000005   0.00000000
         6    7    6         6    7    6        0.99999994  -0.00000000
         7    0    3         6    7    6        0.00000001  -0.00000000
         7    0    3         7    0    3        0.99999994   0.00000000
         7    3    0         7    0    3       -0.00000001  -0.00000000
         7    3    0         7    3    0        0.99999994   0.00000000
         7    6    6         7    3    0       -0.00000000   0.00000000
         7    6    6         7    6    6        0.99999994   0.00000000
        -9   -5   -5         7    6    6       -0.00000000  -0.00000000
        -9   -5   -5        -9   -5   -5        0.99999995  -0.00000000
        -8   -6   -2        -9   -5   -5        0.00000002  -0.00000000
        -8   -6   -2        -8   -6   -2        0.99999995   0.00000000
        -8   -2   -6        -8   -6   -2        0.00000000  -0.00000000
        -8   -2   -6        -8   -2   -6        0.99999995   0.00000000
        -8   -2   -1        -8   -2   -6        0.00000001   0.00000000
        -8   -2   -1        -8   -2   -1        0.99999995   0.00000000
        -8   -1   -2        -8   -2   -1       -0.00000004   0.00000000
        -8   -1   -2        -8   -1   -2        0.99999995  -0.00000000
        -7   -2    1        -8   -1   -2        0.00000002   0.00000000
        -7   -2    1        -7   -2    1        0.99999995  -0.00000000
        -7    1   -2        -7   -2    1       -0.00000001   0.00000000
        -7    1   -2        -7    1   -2        0.99999995   0.00000000
        -6   -8   -2        -7    1   -2        0.00000001   0.00000000
        -6   -8   -2        -6   -8   -2        0.99999995  -0.00000000
        -6   -2   -8        -6   -8   -2        0.00000001  -0.00000000
        -6   -2   -8        -6   -2   -8        0.99999995  -0.00000000
        -5   -9   -5        -6   -2   -8       -0.00000001  -0.00000000
        -5   -9   -5        -5   -9   -5        0.99999995  -0.00000000
        -5   -5   -9        -5   -9   -5        0.00000000   0.00000000
        -5   -5   -9        -5   -5   -9        0.99999995  -0.00000000
        -5   -5    2        -5   -5   -9       -0.00000000   0.00000000
        -5   -5    2        -5   -5    2        0.99999995  -0.00000000
        -5    2   -5        -5   -5    2        0.00000001  -0.00000000
        -5    2   -5        -5    2   -5        0.99999995  -0.00000000
        -3    4    4        -5    2   -5       -0.00000001   0.00000000
        -3    4    4        -3    4    4        0.99999995  -0.00000000
        -2   -8   -6        -3    4    4        0.00000001  -0.00000000
        -2   -8   -6        -2   -8   -6        0.99999995   0.00000000
        -2   -8   -1        -2   -8   -6        0.00000001   0.00000000
        -2   -8   -1        -2   -8   -1        0.99999995   0.00000000
        -2   -7    1        -2   -8   -1        0.00000003  -0.00000000
        -2   -7    1        -2   -7    1        0.99999995   0.00000000
        -2   -6   -8        -2   -7    1        0.00000001   0.00000000
        -2   -6   -8        -2   -6   -8        0.99999995  -0.00000000
        -2   -1   -8        -2   -6   -8        0.00000001  -0.00000000
        -2   -1   -8        -2   -1   -8        0.99999995  -0.00000000
        -2    1   -7        -2   -1   -8        0.00000003   0.00000000
        -2    1   -7        -2    1   -7        0.99999995   0.00000000
        -2    1    6        -2    1   -7        0.00000001  -0.00000000
        -2    1    6        -2    1    6        0.99999995  -0.00000000
        -2    6    1        -2    1    6        0.00000001   0.00000000
        -2    6    1        -2    6    1        0.99999995   0.00000000
        -8   -5   -8        -2    6    1       -0.00000000   0.00000000
        -8   -5   -8        -8   -5   -8        0.99999997  -0.00000000
        -8   -5   -1        -8   -5   -8        0.00000000   0.00000000
        -8   -5   -1        -8   -5   -1        0.99999997  -0.00000000
        -8   -1   -5        -8   -5   -1        0.00000000   0.00000000
        -8   -1   -5        -8   -1   -5        0.99999997  -0.00000000
        -6   -9   -6        -8   -1   -5        0.00000000   0.00000000
        -6   -9   -6        -6   -9   -6        0.99999997   0.00000000
        -6   -8   -8        -6   -9   -6       -0.00000002  -0.00000000
        -6   -8   -8        -6   -8   -8        0.99999997  -0.00000000
        -6   -6   -9        -6   -8   -8       -0.00000002   0.00000000
        -6   -6   -9        -6   -6   -9        0.99999997   0.00000000
        -5   -8   -8        -6   -6   -9       -0.00000002  -0.00000000
        -5   -8   -8        -5   -8   -8        0.99999997  -0.00000000
        -5   -8   -1        -5   -8   -8        0.00000000  -0.00000000
        -5   -8   -1        -5   -8   -1        0.99999997  -0.00000000
        -5   -1   -8        -5   -8   -1        0.00000001   0.00000000
        -5   -1   -8        -5   -1   -8        0.99999997   0.00000000
        -1   -8   -5        -5   -1   -8        0.00000001  -0.00000000
        -1   -8   -5        -1   -8   -5        0.99999997   0.00000000
        -1   -5   -8        -1   -8   -5       -0.00000001   0.00000000
        -1   -5   -8        -1   -5   -8        0.99999997  -0.00000000
         0    4    7        -1   -5   -8       -0.00000002  -0.00000000
         0    4    7         0    4    7        0.99999997  -0.00000000
         0    7    4         0    4    7       -0.00000001  -0.00000000
         0    7    4         0    7    4        0.99999997  -0.00000000
         4    0    7         0    7    4        0.00000001  -0.00000000
         4    0    7         4    0    7        0.99999997  -0.00000000
         4    7    0         4    0    7        0.00000001   0.00000000
         4    7    0         4    7    0        0.99999997   0.00000000
         4    7    7         4    7    0        0.00000000   0.00000000
         4    7    7         4    7    7        0.99999997  -0.00000000
         5    5    8         4    7    7       -0.00000002   0.00000000
         5    5    8         5    5    8        0.99999997   0.00000000
         5    7    7         5    5    8       -0.00000002   0.00000000
         5    7    7         5    7    7        0.99999997  -0.00000000
         5    8    5         5    7    7       -0.00000002  -0.00000000
         5    8    5         5    8    5        0.99999997   0.00000000
         7    0    4         5    8    5        0.00000000  -0.00000000
         7    0    4         7    0    4        0.99999997   0.00000000
         7    4    0         7    0    4        0.00000000   0.00000000
         7    4    0         7    4    0        0.99999997  -0.00000000
         7    4    7         7    4    0        0.00000000   0.00000000
         7    4    7         7    4    7        0.99999997  -0.00000000
         7    5    7         7    4    7       -0.00000002   0.00000000
         7    5    7         7    5    7        0.99999997   0.00000000
         7    7    4         7    5    7       -0.00000001  -0.00000000
         7    7    4         7    7    4        0.99999997  -0.00000000
         7    7    5         7    7    4       -0.00000002   0.00000000
         7    7    5         7    7    5        0.99999997   0.00000000
         8    5    5         7    7    5       -0.00000002  -0.00000000
         8    5    5         8    5    5        0.99999997   0.00000000
        -9   -6   -4         8    5    5        0.00000001  -0.00000000
        -9   -6   -4        -9   -6   -4        0.99999997   0.00000000
        -9   -4   -6        -9   -6   -4       -0.00000002   0.00000000
        -9   -4   -6        -9   -4   -6        0.99999997   0.00000000
        -9   -4   -3        -9   -4   -6        0.00000001   0.00000000
        -9   -4   -3        -9   -4   -3        0.99999997  -0.00000000
        -9   -3   -4        -9   -4   -3       -0.00000003   0.00000000
        -9   -3   -4        -9   -3   -4        0.99999997   0.00000000
        -6   -9   -4        -9   -3   -4       -0.00000000   0.00000000
        -6   -9   -4        -6   -9   -4        0.99999997   0.00000000
        -6   -4   -9        -6   -9   -4        0.00000001   0.00000000
        -6   -4   -9        -6   -4   -9        0.99999997   0.00000000
         0    6    6        -6   -4   -9        0.00000000   0.00000000
         0    6    6         0    6    6        0.99999998  -0.00000000
         2    2    8         0    6    6       -0.00000000   0.00000000
         2    2    8         2    2    8        0.99999998   0.00000000
         2    8    2         2    2    8        0.00000000  -0.00000000
         2    8    2         2    8    2        0.99999998   0.00000000
         3    7    7         2    8    2        0.00000000   0.00000000
         3    7    7         3    7    7        0.99999998   0.00000000
         6    0    6         3    7    7       -0.00000000   0.00000000
         6    0    6         6    0    6        0.99999998   0.00000000
         6    6    0         6    0    6        0.00000001   0.00000000
         6    6    0         6    6    0        0.99999998   0.00000000
         6    7    7         6    6    0        0.00000000   0.00000000
         6    7    7         6    7    7        0.99999998  -0.00000000
         7    3    7         6    7    7        0.00000000   0.00000000
         7    3    7         7    3    7        0.99999998   0.00000000
         7    6    7         7    3    7        0.00000001  -0.00000000
         7    6    7         7    6    7        0.99999998   0.00000000
         7    7    3         7    6    7        0.00000000   0.00000000
         7    7    3         7    7    3        0.99999998  -0.00000000
         7    7    6         7    7    3        0.00000001   0.00000000
         7    7    6         7    7    6        0.99999998  -0.00000000
         8    2    2         7    7    6       -0.00000000  -0.00000000
         8    2    2         8    2    2        0.99999998   0.00000000
        -9   -7   -6         8    2    2        0.00000000   0.00000000
        -9   -7   -6        -9   -7   -6        0.99999998  -0.00000000
        -9   -7   -5        -9   -7   -6       -0.00000001   0.00000000
        -9   -7   -5        -9   -7   -5        0.99999998  -0.00000000
        -9   -6   -7        -9   -7   -5       -0.00000001  -0.00000000
        -9   -6   -7        -9   -6   -7        0.99999998   0.00000000
        -9   -5   -7        -9   -6   -7       -0.00000001   0.00000000
        -9   -5   -7        -9   -5   -7        0.99999998   0.00000000
        -7   -9   -6        -9   -5   -7       -0.00000000   0.00000000
        -7   -9   -6        -7   -9   -6        0.99999998   0.00000000
        -7   -9   -5        -7   -9   -6       -0.00000001   0.00000000
        -7   -9   -5        -7   -9   -5        0.99999998   0.00000000
        -7   -6   -9        -7   -9   -5       -0.00000000   0.00000000
        -7   -6   -9        -7   -6   -9        0.99999998  -0.00000000
        -7   -6    0        -7   -6   -9        0.00000000   0.00000000
        -7   -6    0        -7   -6    0        0.99999998  -0.00000000
        -7   -5   -9        -7   -6    0        0.00000000  -0.00000000
        -7   -5   -9        -7   -5   -9        0.99999998  -0.00000000
        -7    0   -6        -7   -5   -9       -0.00000000   0.00000000
        -7    0   -6        -7    0   -6        0.99999998  -0.00000000
        -7    0    1        -7    0   -6        0.00000000   0.00000000
        -7    0    1        -7    0    1        0.99999998   0.00000000
        -7    1    0        -7    0    1       -0.00000001   0.00000000
        -7    1    0        -7    1    0        0.99999998   0.00000000
        -6   -9   -7        -7    1    0        0.00000000   0.00000000
        -6   -9   -7        -6   -9   -7        0.99999998  -0.00000000
        -6   -7   -9        -6   -9   -7       -0.00000001   0.00000000
        -6   -7   -9        -6   -7   -9        0.99999998   0.00000000
        -6   -7    0        -6   -7   -9        0.00000000   0.00000000
        -6   -7    0        -6   -7    0        0.99999998   0.00000000
        -6    0   -7        -6   -7    0        0.00000000  -0.00000000
        -6    0   -7        -6    0   -7        0.99999998  -0.00000000
        -5   -9   -7        -6    0   -7        0.00000000  -0.00000000
        -5   -9   -7        -5   -9   -7        0.99999998  -0.00000000
        -5   -7   -9        -5   -9   -7       -0.00000001   0.00000000
        -5   -7   -9        -5   -7   -9        0.99999998  -0.00000000
        -5   -4    3        -5   -7   -9        0.00000000   0.00000000
        -5   -4    3        -5   -4    3        0.99999998  -0.00000000
        -5    3   -4        -5   -4    3        0.00000000  -0.00000000
        -5    3   -4        -5    3   -4        0.99999998   0.00000000
        -1   -1   -1        -1   -1   -1        0.79480678  -0.00000000
         0    0    0        -1   -1   -1       -0.03626947  -0.00000000
         0    0    0         0    0    0        0.79480678  -0.00000000
        -1   -1    0         0    0    0       -0.00063750   0.00000000
        -1   -1    0        -1   -1    0        0.84309809  -0.00000000
        -1    0   -1        -1   -1    0       -0.00245275   0.00000000
        -1    0   -1        -1    0   -1        0.84309809   0.00000000
        -1    0    0        -1    0   -1       -0.01977060  -0.00000000
        -1    0    0        -1    0    0        0.84309809  -0.00000000
         0   -1   -1        -1    0    0       -0.01165185   0.00000000
         0   -1   -1         0   -1   -1        0.84309809   0.00000000
         0   -1    0         0   -1   -1       -0.01977060   0.00000000
         0   -1    0         0   -1    0        0.84309809   0.00000000
         0    0   -1         0   -1    0       -0.00245275  -0.00000000
         0    0   -1         0    0   -1        0.84309809   0.00000000
        -2   -1   -1         0    0   -1        0.00351021   0.00000000
        -2   -1   -1        -2   -1   -1        0.87828372  -0.00000000
        -1   -2   -1        -2   -1   -1        0.00159110  -0.00000000
        -1   -2   -1        -1   -2   -1        0.87828372   0.00000000
        -1   -1   -2        -1   -2   -1        0.00159110  -0.00000000
        -1   -1   -2        -1   -1   -2        0.87828372  -0.00000000
         0    0    1        -1   -1   -2       -0.00185211   0.00000000
         0    0    1         0    0    1        0.87828372   0.00000000
         0    1    0         0    0    1        0.00159110   0.00000000
         0    1    0         0    1    0        0.87828372   0.00000000
         1    0    0         0    1    0        0.00159110   0.00000000
         1    0    0         1    0    0        0.87828372   0.00000000
        -2   -2   -2         1    0    0        0.00158855   0.00000000
        -2   -2   -2        -2   -2   -2        0.90418096   0.00000000
        -2   -2   -1        -2   -2   -2       -0.01991380  -0.00000000
        -2   -2   -1        -2   -2   -1        0.90360530   0.00000000
        -2   -1   -2        -2   -2   -1        0.00146168   0.00000000
        -2   -1   -2        -2   -1   -2        0.90360530  -0.00000000
        -1   -2   -2        -2   -1   -2        0.00146168   0.00000000
        -1   -2   -2        -1   -2   -2        0.90360530  -0.00000000
         0    1    1        -1   -2   -2        0.00064260   0.00000000
         0    1    1         0    1    1        0.90360530   0.00000000
         1    0    1         0    1    1        0.00146168  -0.00000000
         1    0    1         1    0    1        0.90360530   0.00000000
         1    1    0         1    0    1        0.00146168  -0.00000000
         1    1    0         1    1    0        0.90360530  -0.00000000
         1    1    1         1    1    0       -0.01991380   0.00000000
         1    1    1         1    1    1        0.90418096   0.00000000
        -2   -1    0         1    1    1        0.00010218  -0.00000000
        -2   -1    0        -2   -1    0        0.92316225   0.00000000
        -2    0   -1        -2   -1    0        0.00148633   0.00000000
        -2    0   -1        -2    0   -1        0.92316225   0.00000000
        -1   -2    0        -2    0   -1        0.00182030   0.00000000
        -1   -2    0        -1   -2    0        0.92316225   0.00000000
        -1    0   -2        -1   -2    0        0.00210426   0.00000000
        -1    0   -2        -1    0   -2        0.92316225  -0.00000000
        -1    0    1        -1    0   -2       -0.00128509  -0.00000000
        -1    0    1        -1    0    1        0.92316225  -0.00000000
        -1    1    0        -1    0    1        0.00182273   0.00000000
        -1    1    0        -1    1    0        0.92316225   0.00000000
         0   -2   -1        -1    1    0       -0.00152062   0.00000000
         0   -2   -1         0   -2   -1        0.92316225   0.00000000
         0   -1   -2         0   -2   -1        0.00182273  -0.00000000
         0   -1   -2         0   -1   -2        0.92316225   0.00000000
         0   -1    1         0   -1   -2       -0.00128509   0.00000000
         0   -1    1         0   -1    1        0.92316225   0.00000000
         0    1   -1         0   -1    1        0.00210426  -0.00000000
         0    1   -1         0    1   -1        0.92316225  -0.00000000
        -1    2   -1         0    1   -1       -0.00000193  -0.00000000
        -1    2   -1        -1    2   -1        0.99165351   0.00000000
         0   -3    0        -1    2   -1        0.00050931   0.00000000
         0   -3    0         0   -3    0        0.99165351   0.00000000
         0    0   -3         0   -3    0       -0.00007413   0.00000000
         0    0   -3         0    0   -3        0.99165351   0.00000000
         1   -2   -2         0    0   -3        0.00067484  -0.00000000
         1   -2   -2         1   -2   -2        0.99159467   0.00000000
         1   -2    1         1   -2   -2       -0.00057314  -0.00000000
         1   -2    1         1   -2    1        0.99159467  -0.00000000
         1    1   -2         1   -2    1       -0.00015466   0.00000000
         1    1   -2         1    1   -2        0.99159467  -0.00000000
         1    1    3         1    1   -2        0.00012227  -0.00000000
         1    1    3         1    1    3        0.99135200  -0.00000000
         1    3    1         1    1    3        0.00038263  -0.00000000
         1    3    1         1    3    1        0.99135200   0.00000000
         2   -1   -1         1    3    1       -0.00008015   0.00000000
         2   -1   -1         2   -1   -1        0.99165351  -0.00000000
         3    1    1         2   -1   -1       -0.00054952  -0.00000000
         3    1    1         3    1    1        0.99135200  -0.00000000
        -4   -3   -3         3    1    1       -0.00028212   0.00000000
        -4   -3   -3        -4   -3   -3        0.99394691  -0.00000000
        -4   -3   -2        -4   -3   -3       -0.00208186  -0.00000000
        -4   -3   -2        -4   -3   -2        0.99393522  -0.00000000
        -4   -2   -3        -4   -3   -2       -0.00012363   0.00000000
        -4   -2   -3        -4   -2   -3        0.99393522   0.00000000
        -3   -4   -3        -4   -2   -3        0.00023216   0.00000000
        -3   -4   -3        -3   -4   -3        0.99394691   0.00000000
        -3   -4   -2        -3   -4   -3       -0.00208186  -0.00000000
        -3   -4   -2        -3   -4   -2        0.99393522  -0.00000000
        -3   -3   -4        -3   -4   -2        0.00023216   0.00000000
        -3   -3   -4        -3   -3   -4        0.99394691  -0.00000000
        -3   -2   -4        -3   -3   -4       -0.00208186   0.00000000
        -3   -2   -4        -3   -2   -4        0.99393522  -0.00000000
        -2   -4   -3        -3   -2   -4        0.00049260  -0.00000000
        -2   -4   -3        -2   -4   -3        0.99393522   0.00000000
        -2   -3   -4        -2   -4   -3       -0.00045473   0.00000000
        -2   -3   -4        -2   -3   -4        0.99393522  -0.00000000
         1    2    3        -2   -3   -4       -0.00018137  -0.00000000
         1    2    3         1    2    3        0.99393522  -0.00000000
         1    3    2         1    2    3       -0.00045473  -0.00000000
         1    3    2         1    3    2        0.99393522  -0.00000000
         2    1    3         1    3    2        0.00049260  -0.00000000
         2    1    3         2    1    3        0.99393522  -0.00000000
         2    2    3         2    1    3       -0.00208186  -0.00000000
         2    2    3         2    2    3        0.99394691  -0.00000000
         2    3    1         2    2    3        0.00023216  -0.00000000
         2    3    1         2    3    1        0.99393522   0.00000000
         2    3    2         2    3    1       -0.00208186   0.00000000
         2    3    2         2    3    2        0.99394691  -0.00000000
         3    1    2         2    3    2        0.00023216  -0.00000000
         3    1    2         3    1    2        0.99393522  -0.00000000
         3    2    1         3    1    2       -0.00012363   0.00000000
         3    2    1         3    2    1        0.99393522  -0.00000000
         3    2    2         3    2    1       -0.00208186  -0.00000000
         3    2    2         3    2    2        0.99394691   0.00000000
        -4   -2   -1         3    2    2       -0.00001388   0.00000000
        -4   -2   -1        -4   -2   -1        0.99573690  -0.00000000
        -4   -1   -2        -4   -2   -1       -0.00022298   0.00000000
        -4   -1   -2        -4   -1   -2        0.99573690  -0.00000000
        -2   -4   -1        -4   -1   -2        0.00003114   0.00000000
        -2   -4   -1        -2   -4   -1        0.99573690   0.00000000
        -2   -1   -4        -2   -4   -1       -0.00009924   0.00000000
        -2   -1   -4        -2   -1   -4        0.99573690  -0.00000000
         0   -2   -4        -2   -1   -4        0.00006081  -0.00000000
         0   -2   -4         0   -2   -4        0.99936733  -0.00000000
         0   -1   -4         0   -2   -4       -0.00028621   0.00000000
         0   -1   -4         0   -1   -4        0.99941594  -0.00000000
         0   -1    3         0   -1   -4        0.00002117   0.00000000
         0   -1    3         0   -1    3        0.99941594  -0.00000000
         0    3   -1         0   -1    3       -0.00003559   0.00000000
         0    3   -1         0    3   -1        0.99941594  -0.00000000
         1   -1    3         0    3   -1       -0.00002807  -0.00000000
         1   -1    3         1   -1    3        0.99936733  -0.00000000
         1    3   -1         1   -1    3       -0.00003755  -0.00000000
         1    3   -1         1    3   -1        0.99936733  -0.00000000
         3   -1    0         1    3   -1       -0.00001740  -0.00000000
         3   -1    0         3   -1    0        0.99941594  -0.00000000
         3   -1    1         3   -1    0       -0.00028621   0.00000000
         3   -1    1         3   -1    1        0.99936733  -0.00000000
         3    0   -1         3   -1    1        0.00000326  -0.00000000
         3    0   -1         3    0   -1        0.99941594   0.00000000
         3    1   -1         3    0   -1       -0.00028621   0.00000000
         3    1   -1         3    1   -1        0.99936733  -0.00000000
        -5   -3   -3         3    1   -1       -0.00000228   0.00000000
        -5   -3   -3        -5   -3   -3        0.99962522  -0.00000000
        -3   -5   -3        -5   -3   -3        0.00005855   0.00000000
        -3   -5   -3        -3   -5   -3        0.99962522   0.00000000
        -3   -3   -5        -3   -5   -3        0.00005855   0.00000000
        -3   -3   -5        -3   -3   -5        0.99962522   0.00000000
         2    2    4        -3   -3   -5       -0.00004779  -0.00000000
         2    2    4         2    2    4        0.99962522   0.00000000
         2    4    2         2    2    4        0.00005855  -0.00000000
         2    4    2         2    4    2        0.99962522  -0.00000000
         4    2    2         2    4    2        0.00005855  -0.00000000
         4    2    2         4    2    2        0.99962522   0.00000000
        -5   -3   -2         4    2    2       -0.00000058  -0.00000000
        -5   -3   -2        -5   -3   -2        0.99972420  -0.00000000
        -5   -2   -3        -5   -3   -2       -0.00007066   0.00000000
        -5   -2   -3        -5   -2   -3        0.99972420  -0.00000000
        -5   -2   -2        -5   -2   -3       -0.00011714  -0.00000000
        -5   -2   -2        -5   -2   -2        0.99972945  -0.00000000
        -4   -4   -1        -5   -2   -2        0.00002393  -0.00000000
        -4   -4   -1        -4   -4   -1        0.99968034  -0.00000000
        -4   -1   -4        -4   -4   -1        0.00002041  -0.00000000
        -4   -1   -4        -4   -1   -4        0.99968034  -0.00000000
        -3   -5   -2        -4   -1   -4       -0.00000209  -0.00000000
        -3   -5   -2        -3   -5   -2        0.99972420   0.00000000
        -3   -2   -5        -3   -5   -2        0.00001545   0.00000000
        -3   -2   -5        -3   -2   -5        0.99972420  -0.00000000
        -3    1    1        -3   -2   -5       -0.00001446   0.00000000
        -3    1    1        -3    1    1        0.99971987   0.00000000
        -2   -5   -3        -3    1    1       -0.00002814  -0.00000000
        -2   -5   -3        -2   -5   -3        0.99972420  -0.00000000
        -2   -5   -2        -2   -5   -3       -0.00011714  -0.00000000
        -2   -5   -2        -2   -5   -2        0.99972945   0.00000000
        -2   -3   -5        -2   -5   -2        0.00002784   0.00000000
        -2   -3   -5        -2   -3   -5        0.99972420  -0.00000000
        -2   -2   -5        -2   -3   -5       -0.00011714  -0.00000000
        -2   -2   -5        -2   -2   -5        0.99972945   0.00000000
        -2   -2    2        -2   -2   -5       -0.00000720   0.00000000
        -2   -2    2        -2   -2    2        0.99971987  -0.00000000
        -2    2   -2        -2   -2    2       -0.00003182  -0.00000000
        -2    2   -2        -2    2   -2        0.99971987  -0.00000000
        -1   -4   -4        -2    2   -2       -0.00003207   0.00000000
        -1   -4   -4        -1   -4   -4        0.99968034   0.00000000
         0    3    3        -1   -4   -4        0.00005782  -0.00000000
         0    3    3         0    3    3        0.99968034   0.00000000
         2   -3   -1         0    3    3       -0.00000509  -0.00000000
         2   -3   -1         2   -3   -1        0.99991226   0.00000000
         2   -3    0         2   -3   -1       -0.00004324   0.00000000
         2   -3    0         2   -3    0        0.99991226   0.00000000
         2   -1   -3         2   -3    0        0.00000992  -0.00000000
         2   -1   -3         2   -1   -3        0.99991226  -0.00000000
         2    0   -3         2   -1   -3       -0.00004324   0.00000000
         2    0   -3         2    0   -3        0.99991226  -0.00000000
         2    0    4         2    0   -3       -0.00001118   0.00000000
         2    0    4         2    0    4        0.99991435  -0.00000000
         2    4    0         2    0    4       -0.00001167   0.00000000
         2    4    0         2    4    0        0.99991435  -0.00000000
         4    0    2         2    4    0        0.00000162   0.00000000
         4    0    2         4    0    2        0.99991435  -0.00000000
         4    2    0         4    0    2        0.00001116  -0.00000000
         4    2    0         4    2    0        0.99991435  -0.00000000
        -5   -1   -1         4    2    0       -0.00000905   0.00000000
        -5   -1   -1        -5   -1   -1        0.99993556   0.00000000
        -4   -1    1        -5   -1   -1        0.00000983   0.00000000
        -4   -1    1        -4   -1    1        0.99993587  -0.00000000
        -4    1   -1        -4   -1    1        0.00000804   0.00000000
        -4    1   -1        -4    1   -1        0.99993587  -0.00000000
        -2    0    3        -4    1   -1       -0.00000811   0.00000000
        -2    0    3        -2    0    3        0.99993587   0.00000000
        -2    3    0        -2    0    3        0.00001043   0.00000000
        -2    3    0        -2    3    0        0.99993587   0.00000000
        -1   -5   -1        -2    3    0        0.00001240  -0.00000000
        -1   -5   -1        -1   -5   -1        0.99993556  -0.00000000
        -1   -4    1        -1   -5   -1        0.00000983  -0.00000000
        -1   -4    1        -1   -4    1        0.99993587   0.00000000
        -1   -1   -5        -1   -4    1        0.00000382   0.00000000
        -1   -1   -5        -1   -1   -5        0.99993556   0.00000000
        -1    1   -4        -1   -1   -5        0.00000983  -0.00000000
        -1    1   -4        -1    1   -4        0.99993587  -0.00000000
         0   -2    3        -1    1   -4       -0.00001734  -0.00000000
         0   -2    3         0   -2    3        0.99993587  -0.00000000
         0    0    4         0   -2    3        0.00000983   0.00000000
         0    0    4         0    0    4        0.99993556   0.00000000
         0    3   -2         0    0    4        0.00000382   0.00000000
         0    3   -2         0    3   -2        0.99993587   0.00000000
         0    4    0         0    3   -2        0.00000983   0.00000000
         0    4    0         0    4    0        0.99993556   0.00000000
         1   -4   -1         0    4    0        0.00001240   0.00000000
         1   -4   -1         1   -4   -1        0.99993587   0.00000000
         1   -1   -4         1   -4   -1        0.00001043  -0.00000000
         1   -1   -4         1   -1   -4        0.99993587  -0.00000000
         3   -2    0         1   -1   -4       -0.00000811  -0.00000000
         3   -2    0         3   -2    0        0.99993587  -0.00000000
         3    0   -2         3   -2    0        0.00000804  -0.00000000
         3    0   -2         3    0   -2        0.99993587  -0.00000000
         4    0    0         3    0   -2        0.00000983  -0.00000000
         4    0    0         4    0    0        0.99993556  -0.00000000
        -5   -5   -4         4    0    0       -0.00000008   0.00000000
        -5   -5   -4        -5   -5   -4        0.99994772  -0.00000000
        -5   -5   -3        -5   -5   -4       -0.00002652  -0.00000000
        -5   -5   -3        -5   -5   -3        0.99994968   0.00000000
        -5   -4   -5        -5   -5   -3       -0.00000370   0.00000000
        -5   -4   -5        -5   -4   -5        0.99994772  -0.00000000
        -5   -3   -5        -5   -4   -5       -0.00002652  -0.00000000
        -5   -3   -5        -5   -3   -5        0.99994968  -0.00000000
        -4   -5   -5        -5   -3   -5       -0.00000370   0.00000000
        -4   -5   -5        -4   -5   -5        0.99994772  -0.00000000
        -4   -2    1        -4   -5   -5        0.00000215   0.00000000
        -4   -2    1        -4   -2    1        0.99994990  -0.00000000
        -4    1   -3        -4   -2    1        0.00000177   0.00000000
        -4    1   -3        -4    1   -3        0.99998053  -0.00000000
        -3   -6   -4        -4    1   -3       -0.00000347  -0.00000000
        -3   -6   -4        -3   -6   -4        0.99998084  -0.00000000
        -3   -4   -6        -3   -6   -4        0.00000097   0.00000000
        -3   -4   -6        -3   -4   -6        0.99998084   0.00000000
        -3   -4    1        -3   -4   -6       -0.00000307   0.00000000
        -3   -4    1        -3   -4    1        0.99998053   0.00000000
        -3    1   -4        -3   -4    1       -0.00000245   0.00000000
        -3    1   -4        -3    1   -4        0.99998053  -0.00000000
        -2    2    3        -3    1   -4        0.00000029   0.00000000
        -2    2    3        -2    2    3        0.99998053   0.00000000
        -2    3    2        -2    2    3       -0.00001296   0.00000000
        -2    3    2        -2    3    2        0.99998053  -0.00000000
        -1   -5    0        -2    3    2       -0.00000124  -0.00000000
        -1   -5    0        -1   -5    0        0.99997687   0.00000000
        -1    0   -5        -1   -5    0       -0.00000239  -0.00000000
        -1    0   -5        -1    0   -5        0.99997687   0.00000000
        -1    0    4        -1    0   -5        0.00000645  -0.00000000
        -1    0    4        -1    0    4        0.99997687  -0.00000000
        -1    4    0        -1    0    4       -0.00000114  -0.00000000
        -1    4    0        -1    4    0        0.99997687  -0.00000000
         0   -5   -1        -1    4    0        0.00000873   0.00000000
         0   -5   -1         0   -5   -1        0.99997687  -0.00000000
         0   -1   -5         0   -5   -1       -0.00000114   0.00000000
         0   -1   -5         0   -1   -5        0.99997687   0.00000000
         0   -1    4         0   -1   -5        0.00000645   0.00000000
         0   -1    4         0   -1    4        0.99997687  -0.00000000
         0    4   -1         0   -1    4       -0.00000239   0.00000000
         0    4   -1         0    4   -1        0.99997687  -0.00000000
         1   -4   -3         0    4   -1       -0.00000124  -0.00000000
         1   -4   -3         1   -4   -3        0.99998053  -0.00000000
         1   -3   -4         1   -4   -3       -0.00001296  -0.00000000
         1   -3   -4         1   -3   -4        0.99998053   0.00000000
         2   -2    3         1   -3   -4        0.00000029  -0.00000000
         2   -2    3         2   -2    3        0.99998053   0.00000000
         2    3   -2         2   -2    3       -0.00000245  -0.00000000
         2    3   -2         2    3   -2        0.99998053   0.00000000
         2    3    5         2    3   -2       -0.00000307  -0.00000000
         2    3    5         2    3    5        0.99998084  -0.00000000
         2    5    3         2    3    5        0.00000097  -0.00000000
         2    5    3         2    5    3        0.99998084  -0.00000000
         3   -2    2         2    5    3       -0.00000347   0.00000000
         3   -2    2         3   -2    2        0.99998053   0.00000000
         3    2   -2         3   -2    2       -0.00000100   0.00000000
         3    2   -2         3    2   -2        0.99998053  -0.00000000
         3    2    5         3    2   -2       -0.00000307   0.00000000
         3    2    5         3    2    5        0.99998084   0.00000000
         3    3    5         3    2    5       -0.00001103  -0.00000000
         3    3    5         3    3    5        0.99998093  -0.00000000
         3    5    2         3    3    5        0.00000252  -0.00000000
         3    5    2         3    5    2        0.99998084   0.00000000
         3    5    3         3    5    2       -0.00001103   0.00000000
         3    5    3         3    5    3        0.99998093  -0.00000000
         4   -1    0         3    5    3        0.00000007   0.00000000
         4   -1    0         4   -1    0        0.99997687   0.00000000
         4    0   -1         4   -1    0       -0.00001358  -0.00000000
         4    0   -1         4    0   -1        0.99997687   0.00000000
         5    2    3         4    0   -1        0.00000180  -0.00000000
         5    2    3         5    2    3        0.99998084  -0.00000000
         5    3    2         5    2    3       -0.00001029   0.00000000
         5    3    2         5    3    2        0.99998084   0.00000000
         5    3    3         5    3    2       -0.00001103  -0.00000000
         5    3    3         5    3    3        0.99998093   0.00000000
         0   -3    3         5    3    3       -0.00000023  -0.00000000
         0   -3    3         0   -3    3        0.99999251   0.00000000
         0    3   -3         0   -3    3        0.00000392   0.00000000
         0    3   -3         0    3   -3        0.99999251  -0.00000000
         0    4    4         0    3   -3        0.00000003  -0.00000000
         0    4    4         0    4    4        0.99999307  -0.00000000
         2   -4   -1         0    4    4       -0.00000011  -0.00000000
         2   -4   -1         2   -4   -1        0.99999251   0.00000000
         2   -1   -4         2   -4   -1        0.00000189  -0.00000000
         2   -1   -4         2   -1   -4        0.99999251  -0.00000000
         3   -3    0         2   -1   -4       -0.00000157  -0.00000000
         3   -3    0         3   -3    0        0.99999251  -0.00000000
         3    0   -3         3   -3    0        0.00000186  -0.00000000
         3    0   -3         3    0   -3        0.99999251   0.00000000
         4    0    4         3    0   -3        0.00000003  -0.00000000
         4    0    4         4    0    4        0.99999307  -0.00000000
         4    4    0         4    0    4        0.00000034  -0.00000000
         4    4    0         4    4    0        0.99999307  -0.00000000
         4    4    5         4    4    0       -0.00000070  -0.00000000
         4    4    5         4    4    5        0.99999204  -0.00000000
         4    5    4         4    4    5       -0.00000586  -0.00000000
         4    5    4         4    5    4        0.99999204  -0.00000000
         5    4    4         4    5    4       -0.00000586  -0.00000000
         5    4    4         5    4    4        0.99999204  -0.00000000
        -6   -3   -1         5    4    4        0.00000007   0.00000000
        -6   -3   -1        -6   -3   -1        0.99999380   0.00000000
        -6   -2   -1        -6   -3   -1       -0.00000428   0.00000000
        -6   -2   -1        -6   -2   -1        0.99999352  -0.00000000
        -6   -1   -3        -6   -2   -1       -0.00000207   0.00000000
        -6   -1   -3        -6   -1   -3        0.99999380  -0.00000000
        -6   -1   -2        -6   -1   -3       -0.00000428  -0.00000000
        -6   -1   -2        -6   -1   -2        0.99999352  -0.00000000
        -5   -4    0        -6   -1   -2        0.00000110  -0.00000000
        -5   -4    0        -5   -4    0        0.99999417  -0.00000000
        -5    0   -4        -5   -4    0        0.00000040  -0.00000000
        -5    0   -4        -5    0   -4        0.99999417  -0.00000000
        -4   -5    0        -5    0   -4       -0.00000077  -0.00000000
        -4   -5    0        -4   -5    0        0.99999417  -0.00000000
        -4    0   -5        -4   -5    0       -0.00000134   0.00000000
        -4    0   -5        -4    0   -5        0.99999417  -0.00000000
        -4    0    2        -4    0   -5       -0.00000027   0.00000000
        -4    0    2        -4    0    2        0.99999368   0.00000000
        -4    2    0        -4    0    2       -0.00000065   0.00000000
        -4    2    0        -4    2    0        0.99999368   0.00000000
        -3   -6   -1        -4    2    0       -0.00000134  -0.00000000
        -3   -6   -1        -3   -6   -1        0.99999380  -0.00000000
        -3   -1   -6        -3   -6   -1       -0.00000138  -0.00000000
        -3   -1   -6        -3   -1   -6        0.99999380  -0.00000000
        -3   -1    3        -3   -1   -6       -0.00000002  -0.00000000
        -3   -1    3        -3   -1    3        0.99999368   0.00000000
        -3    3   -1        -3   -1    3        0.00000037  -0.00000000
        -3    3   -1        -3    3   -1        0.99999368   0.00000000
        -2   -6   -1        -3    3   -1        0.00000072  -0.00000000
        -2   -6   -1        -2   -6   -1        0.99999352  -0.00000000
        -2   -1   -6        -2   -6   -1       -0.00000144  -0.00000000
        -2   -1   -6        -2   -1   -6        0.99999352   0.00000000
        -1   -6   -3        -2   -1   -6        0.00000014   0.00000000
        -1   -6   -3        -1   -6   -3        0.99999380   0.00000000
        -1   -6   -2        -1   -6   -3       -0.00000428  -0.00000000
        -1   -6   -2        -1   -6   -2        0.99999352   0.00000000
        -1   -3   -6        -1   -6   -2        0.00000085   0.00000000
        -1   -3   -6        -1   -3   -6        0.99999380   0.00000000
        -1   -3    3        -1   -3   -6       -0.00000002   0.00000000
        -1   -3    3        -1   -3    3        0.99999368   0.00000000
         0    5    0        -1   -3    3       -0.00000006   0.00000000
         0    5    0         0    5    0        0.99999674  -0.00000000
         0    5    3         0    5    0        0.00000005   0.00000000
         0    5    3         0    5    3        0.99999654   0.00000000
         3    0    5         0    5    3        0.00000001  -0.00000000
         3    0    5         3    0    5        0.99999654   0.00000000
         3    5    0         3    0    5       -0.00000068   0.00000000
         3    5    0         3    5    0        0.99999654   0.00000000
         3    5    5         3    5    0       -0.00000020  -0.00000000
         3    5    5         3    5    5        0.99999643  -0.00000000
         5    0    0         3    5    5        0.00000002   0.00000000
         5    0    0         5    0    0        0.99999674  -0.00000000
         5    0    3         5    0    0        0.00000005   0.00000000
         5    0    3         5    0    3        0.99999654   0.00000000
         5    3    0         5    0    3        0.00000078  -0.00000000
         5    3    0         5    3    0        0.99999654   0.00000000
         5    3    5         5    3    0       -0.00000020  -0.00000000
         5    3    5         5    3    5        0.99999643  -0.00000000
         5    5    3         5    3    5       -0.00000063  -0.00000000
         5    5    3         5    5    3        0.99999643   0.00000000
        -6   -6   -5         5    5    3       -0.00000090   0.00000000
        -6   -6   -5        -6   -6   -5        0.99999728   0.00000000
        -6   -5   -6        -6   -6   -5       -0.00000200   0.00000000
        -6   -5   -6        -6   -5   -6        0.99999728   0.00000000
        -5   -6   -6        -6   -5   -6       -0.00000200   0.00000000
        -5   -6   -6        -5   -6   -6        0.99999728   0.00000000
        -4    1    2        -5   -6   -6       -0.00000058   0.00000000
        -4    1    2        -4    1    2        0.99999698  -0.00000000
        -4    2    1        -4    1    2       -0.00000227   0.00000000
        -4    2    1        -4    2    1        0.99999698  -0.00000000
        -3   -2    3        -4    2    1        0.00000036  -0.00000000
        -3   -2    3        -3   -2    3        0.99999698  -0.00000000
        -3    3   -2        -3   -2    3       -0.00000061  -0.00000000
        -3    3   -2        -3    3   -2        0.99999698   0.00000000
        -2   -3    3        -3    3   -2       -0.00000061  -0.00000000
        -2   -3    3        -2   -3    3        0.99999698  -0.00000000
        -2    3   -3        -2   -3    3        0.00000000   0.00000000
        -2    3   -3        -2    3   -3        0.99999698  -0.00000000
         1   -4    2        -2    3   -3        0.00000165   0.00000000
         1   -4    2         1   -4    2        0.99999698   0.00000000
         1    2   -4         1   -4    2        0.00000000  -0.00000000
         1    2   -4         1    2   -4        0.99999698  -0.00000000
         2   -4    1         1    2   -4       -0.00000061   0.00000000
         2   -4    1         2   -4    1        0.99999698  -0.00000000
         2    1   -4         2   -4    1       -0.00000061   0.00000000
         2    1   -4         2    1   -4        0.99999698  -0.00000000
         3   -3   -2         2    1   -4        0.00000036   0.00000000
         3   -3   -2         3   -3   -2        0.99999698  -0.00000000
         3   -2   -3         3   -3   -2       -0.00000227  -0.00000000
         3   -2   -3         3   -2   -3        0.99999698  -0.00000000
         4    5    5         3   -2   -3       -0.00000058  -0.00000000
         4    5    5         4    5    5        0.99999728  -0.00000000
         5    4    5         4    5    5       -0.00000200   0.00000000
         5    4    5         5    4    5        0.99999728  -0.00000000
         5    5    4         5    4    5       -0.00000200  -0.00000000
         5    5    4         5    5    4        0.99999728   0.00000000
        -7   -4   -4         5    5    4       -0.00000071  -0.00000000
        -7   -4   -4        -7   -4   -4        0.99999758   0.00000000
        -6   -6   -3        -7   -4   -4       -0.00000083   0.00000000
        -6   -6   -3        -6   -6   -3        0.99999750   0.00000000
        -6   -3   -6        -6   -6   -3        0.00000051   0.00000000
        -6   -3   -6        -6   -3   -6        0.99999750   0.00000000
        -5   -3    1        -6   -3   -6        0.00000028   0.00000000
        -5   -3    1        -5   -3    1        0.99999749  -0.00000000
        -1    2    5        -5   -3    1       -0.00000033   0.00000000
        -1    2    5        -1    2    5        0.99999847   0.00000000
        -1    4    4        -1    2    5       -0.00000060  -0.00000000
        -1    4    4        -1    4    4        0.99999850   0.00000000
        -1    5    2        -1    4    4       -0.00000060  -0.00000000
        -1    5    2        -1    5    2        0.99999847   0.00000000
         0   -6   -3        -1    5    2        0.00000068   0.00000000
         0   -6   -3         0   -6   -3        0.99999847   0.00000000
         0   -5   -5         0   -6   -3       -0.00000060   0.00000000
         0   -5   -5         0   -5   -5        0.99999850   0.00000000
         0   -3   -6         0   -5   -5       -0.00000060   0.00000000
         0   -3   -6         0   -3   -6        0.99999847   0.00000000
         2   -1    5         0   -3   -6       -0.00000019   0.00000000
         2   -1    5         2   -1    5        0.99999847   0.00000000
         2    5   -1         2   -1    5       -0.00000022   0.00000000
         2    5   -1         2    5   -1        0.99999847   0.00000000
         4   -1    4         2    5   -1       -0.00000028  -0.00000000
         4   -1    4         4   -1    4        0.99999850   0.00000000
         4    4   -1         4   -1    4       -0.00000014   0.00000000
         4    4   -1         4    4   -1        0.99999850   0.00000000
         4    4    6         4    4   -1        0.00000006  -0.00000000
         4    4    6         4    4    6        0.99999858   0.00000000
         4    6    4         4    4    6       -0.00000033  -0.00000000
         4    6    4         4    6    4        0.99999858  -0.00000000
         5   -1    2         4    6    4        0.00000013  -0.00000000
         5   -1    2         5   -1    2        0.99999847   0.00000000
         5    2   -1         5   -1    2        0.00000023  -0.00000000
         5    2   -1         5    2   -1        0.99999847   0.00000000
         5    5    5         5    2   -1        0.00000019  -0.00000000
         5    5    5         5    5    5        0.99999876  -0.00000000
         6    4    4         5    5    5       -0.00000065  -0.00000000
         6    4    4         6    4    4        0.99999858  -0.00000000
        -7   -5   -3         6    4    4       -0.00000036   0.00000000
        -7   -5   -3        -7   -5   -3        0.99999868  -0.00000000
        -7   -3   -5        -7   -5   -3       -0.00000033   0.00000000
        -7   -3   -5        -7   -3   -5        0.99999868   0.00000000
        -7   -3   -2        -7   -3   -5        0.00000015   0.00000000
        -7   -3   -2        -7   -3   -2        0.99999875  -0.00000000
        -7   -2   -3        -7   -3   -2       -0.00000095   0.00000000
        -7   -2   -3        -7   -2   -3        0.99999875  -0.00000000
        -6   -5   -1        -7   -2   -3        0.00000006  -0.00000000
        -6   -5   -1        -6   -5   -1        0.99999869   0.00000000
        -6   -1   -5        -6   -5   -1        0.00000022  -0.00000000
        -6   -1   -5        -6   -1   -5        0.99999869  -0.00000000
        -6   -1    0        -6   -1   -5        0.00000001   0.00000000
        -6   -1    0        -6   -1    0        0.99999892  -0.00000000
        -6    0   -1        -6   -1    0       -0.00000079   0.00000000
        -6    0   -1        -6    0   -1        0.99999892   0.00000000
        -5   -7   -3        -6    0   -1        0.00000012   0.00000000
        -5   -7   -3        -5   -7   -3        0.99999868   0.00000000
        -5   -6   -1        -5   -7   -3        0.00000059  -0.00000000
        -5   -6   -1        -5   -6   -1        0.99999869  -0.00000000
        -5   -3   -7        -5   -6   -1       -0.00000001  -0.00000000
        -5   -3   -7        -5   -3   -7        0.99999868  -0.00000000
        -5   -1   -6        -5   -3   -7        0.00000059   0.00000000
        -5   -1   -6        -5   -1   -6        0.99999869  -0.00000000
        -3   -7   -5        -5   -1   -6       -0.00000008  -0.00000000
        -3   -7   -5        -3   -7   -5        0.99999868   0.00000000
        -3   -7   -2        -3   -7   -5        0.00000015  -0.00000000
        -3   -7   -2        -3   -7   -2        0.99999875  -0.00000000
        -3   -5   -7        -3   -7   -2       -0.00000025  -0.00000000
        -3   -5   -7        -3   -5   -7        0.99999868  -0.00000000
        -3   -2   -7        -3   -5   -7        0.00000015  -0.00000000
        -3   -2   -7        -3   -2   -7        0.99999875  -0.00000000
        -4    0   -6        -3   -2   -7        0.00000007  -0.00000000
        -4    0   -6        -4    0   -6        0.99999915  -0.00000000
        -4    0    3        -4    0   -6        0.00000004   0.00000000
        -4    0    3        -4    0    3        0.99999916   0.00000000
        -4    3   -1        -4    0    3        0.00000010   0.00000000
        -4    3   -1        -4    3   -1        0.99999916  -0.00000000
        -4    3    0        -4    3   -1       -0.00000057  -0.00000000
        -4    3    0        -4    3    0        0.99999916   0.00000000
        -1   -4    3        -4    3    0       -0.00000000  -0.00000000
        -1   -4    3        -1   -4    3        0.99999916   0.00000000
        -1    3   -4        -1   -4    3        0.00000021  -0.00000000
        -1    3   -4        -1    3   -4        0.99999916  -0.00000000
        -1    3    5        -1    3   -4        0.00000004   0.00000000
        -1    3    5        -1    3    5        0.99999915  -0.00000000
        -1    5    3        -1    3    5       -0.00000025  -0.00000000
        -1    5    3        -1    5    3        0.99999915  -0.00000000
         0   -6   -4        -1    5    3        0.00000014   0.00000000
         0   -6   -4         0   -6   -4        0.99999915   0.00000000
         0   -4   -6         0   -6   -4       -0.00000025   0.00000000
         0   -4   -6         0   -4   -6        0.99999915   0.00000000
         0   -4    3         0   -4   -6        0.00000004  -0.00000000
         0   -4    3         0   -4    3        0.99999916   0.00000000
         0    3   -4         0   -4    3        0.00000021  -0.00000000
         0    3   -4         0    3   -4        0.99999916  -0.00000000
         3   -4   -1         0    3   -4       -0.00000000   0.00000000
         3   -4   -1         3   -4   -1        0.99999916  -0.00000000
         3   -4    0         3   -4   -1       -0.00000057  -0.00000000
         3   -4    0         3   -4    0        0.99999916  -0.00000000
         3   -1   -4         3   -4    0        0.00000010  -0.00000000
         3   -1   -4         3   -1   -4        0.99999916   0.00000000
         3   -1    5         3   -1   -4        0.00000004  -0.00000000
         3   -1    5         3   -1    5        0.99999915  -0.00000000
         3    0   -4         3   -1    5       -0.00000010   0.00000000
         3    0   -4         3    0   -4        0.99999916   0.00000000
         3    5   -1         3    0   -4        0.00000011   0.00000000
         3    5   -1         3    5   -1        0.99999915  -0.00000000
         3    5    6         3    5   -1        0.00000008  -0.00000000
         3    5    6         3    5    6        0.99999918  -0.00000000
         3    6    5         3    5    6       -0.00000065  -0.00000000
         3    6    5         3    6    5        0.99999918  -0.00000000
         4    5    6         3    6    5       -0.00000041   0.00000000
         4    5    6         4    5    6        0.99999924   0.00000000
         4    6    5         4    5    6       -0.00000059  -0.00000000
         4    6    5         4    6    5        0.99999924  -0.00000000
         5   -1    3         4    6    5        0.00000010  -0.00000000
         5   -1    3         5   -1    3        0.99999915  -0.00000000
         5    3   -1         5   -1    3        0.00000017  -0.00000000
         5    3   -1         5    3   -1        0.99999915  -0.00000000
         5    3    6         5    3   -1        0.00000008   0.00000000
         5    3    6         5    3    6        0.99999918  -0.00000000
         5    4    6         5    3    6       -0.00000053  -0.00000000
         5    4    6         5    4    6        0.99999924  -0.00000000
         5    6    3         5    4    6       -0.00000005  -0.00000000
         5    6    3         5    6    3        0.99999918   0.00000000
         5    6    4         5    6    3       -0.00000053   0.00000000
         5    6    4         5    6    4        0.99999924  -0.00000000
         6    3    5         5    6    4       -0.00000012   0.00000000
         6    3    5         6    3    5        0.99999918  -0.00000000
         6    4    5         6    3    5       -0.00000053  -0.00000000
         6    4    5         6    4    5        0.99999924   0.00000000
         6    5    3         6    4    5       -0.00000031   0.00000000
         6    5    3         6    5    3        0.99999918   0.00000000
         6    5    4         6    5    3       -0.00000053   0.00000000
         6    5    4         6    5    4        0.99999924  -0.00000000
         5    6    5         6    5    4       -0.00000030   0.00000000
         5    6    5         5    6    5        0.99999947  -0.00000000
         6    0    2         5    6    5        0.00000011  -0.00000000
         6    0    2         6    0    2        0.99999948   0.00000000
         6    2    0         6    0    2       -0.00000017  -0.00000000
         6    2    0         6    2    0        0.99999948  -0.00000000
         6    2    5         6    2    0        0.00000003   0.00000000
         6    2    5         6    2    5        0.99999945   0.00000000
         6    5    2         6    2    5        0.00000002   0.00000000
         6    5    2         6    5    2        0.99999945   0.00000000
         6    5    5         6    5    2        0.00000013   0.00000000
         6    5    5         6    5    5        0.99999947  -0.00000000
        -7   -2   -1         6    5    5        0.00000000  -0.00000000
        -7   -2   -1        -7   -2   -1        0.99999954   0.00000000
        -7   -1   -2        -7   -2   -1       -0.00000037   0.00000000
        -7   -1   -2        -7   -1   -2        0.99999954   0.00000000
        -2   -7   -1        -7   -1   -2       -0.00000001  -0.00000000
        -2   -7   -1        -2   -7   -1        0.99999954   0.00000000
        -2   -1   -7        -2   -7   -1       -0.00000004  -0.00000000
        -2   -1   -7        -2   -1   -7        0.99999954   0.00000000
        -1   -7   -2        -2   -1   -7       -0.00000001   0.00000000
        -1   -7   -2        -1   -7   -2        0.99999954  -0.00000000
        -1   -2   -7        -1   -7   -2        0.00000004   0.00000000
        -1   -2   -7        -1   -2   -7        0.99999954   0.00000000
         0    1    6        -1   -2   -7       -0.00000004  -0.00000000
         0    1    6         0    1    6        0.99999954   0.00000000
         0    6    1         0    1    6        0.00000004   0.00000000
         0    6    1         0    6    1        0.99999954   0.00000000
         1    0    6         0    6    1       -0.00000001  -0.00000000
         1    0    6         1    0    6        0.99999954   0.00000000
         1    6    0         1    0    6       -0.00000004   0.00000000
         1    6    0         1    6    0        0.99999954   0.00000000
         6    0    1         1    6    0       -0.00000001   0.00000000
         6    0    1         6    0    1        0.99999954   0.00000000
         6    1    0         6    0    1       -0.00000037  -0.00000000
         6    1    0         6    1    0        0.99999954   0.00000000
        -7   -4   -1         6    1    0       -0.00000007   0.00000000
        -7   -4   -1        -7   -4   -1        0.99999958  -0.00000000
        -7   -1   -4        -7   -4   -1        0.00000000   0.00000000
        -7   -1   -4        -7   -1   -4        0.99999958   0.00000000
        -6   -2    1        -7   -1   -4       -0.00000000   0.00000000
        -6   -2    1        -6   -2    1        0.99999959  -0.00000000
        -6    1   -2        -6   -2    1        0.00000002   0.00000000
        -6    1   -2        -6    1   -2        0.99999959  -0.00000000
        -4   -7   -1        -6    1   -2       -0.00000004  -0.00000000
        -4   -7   -1        -4   -7   -1        0.99999958   0.00000000
        -4   -1   -7        -4   -7   -1       -0.00000002   0.00000000
        -4   -1   -7        -4   -1   -7        0.99999958   0.00000000
        -2   -6    1        -4   -1   -7        0.00000001   0.00000000
        -2   -6    1        -2   -6    1        0.99999959   0.00000000
        -2    1   -6        -2   -6    1        0.00000001   0.00000000
        -2    1   -6        -2    1   -6        0.99999959   0.00000000
        -2    1    5        -2    1   -6        0.00000002   0.00000000
        -2    1    5        -2    1    5        0.99999959  -0.00000000
        -2    5    1        -2    1    5        0.00000007  -0.00000000
        -2    5    1        -2    5    1        0.99999959   0.00000000
        -1   -7   -4        -2    5    1        0.00000002   0.00000000
        -1   -7   -4        -1   -7   -4        0.99999958   0.00000000
        -1   -4   -7        -1   -7   -4        0.00000000   0.00000000
        -1   -4   -7        -1   -4   -7        0.99999958  -0.00000000
         0    3    6        -1   -4   -7        0.00000002   0.00000000
         0    3    6         0    3    6        0.99999958  -0.00000000
         0    6    3         0    3    6        0.00000000  -0.00000000
         0    6    3         0    6    3        0.99999958   0.00000000
        -2    4   -3         0    6    3       -0.00000002   0.00000000
        -2    4   -3        -2    4   -3        0.99999971  -0.00000000
        -2    4    4        -2    4   -3        0.00000004  -0.00000000
        -2    4    4        -2    4    4        0.99999971   0.00000000
        -1   -7   -1        -2    4    4       -0.00000002  -0.00000000
        -1   -7   -1        -1   -7   -1        0.99999969  -0.00000000
        -1   -1   -7        -1   -7   -1       -0.00000001  -0.00000000
        -1   -1   -7        -1   -1   -7        0.99999969   0.00000000
         0    0    6        -1   -1   -7        0.00000007   0.00000000
         0    0    6         0    0    6        0.99999969  -0.00000000
         0    6    0         0    0    6       -0.00000001   0.00000000
         0    6    0         0    6    0        0.99999969   0.00000000
         1   -5   -5         0    6    0       -0.00000002  -0.00000000
         1   -5   -5         1   -5   -5        0.99999971   0.00000000
         1   -5    2         1   -5   -5        0.00000004   0.00000000
         1   -5    2         1   -5    2        0.99999971  -0.00000000
         1    2   -5         1   -5    2       -0.00000001  -0.00000000
         1    2   -5         1    2   -5        0.99999971   0.00000000
         2   -5    1         1    2   -5       -0.00000001   0.00000000
         2   -5    1         2   -5    1        0.99999971   0.00000000
         2    1   -5         2   -5    1       -0.00000000   0.00000000
         2    1   -5         2    1   -5        0.99999971   0.00000000
         3    4    7         2    1   -5       -0.00000001  -0.00000000
         3    4    7         3    4    7        0.99999972   0.00000000
         3    6    6         3    4    7       -0.00000014  -0.00000000
         3    6    6         3    6    6        0.99999972  -0.00000000
         3    7    4         3    6    6       -0.00000014  -0.00000000
         3    7    4         3    7    4        0.99999972   0.00000000
         4   -3   -2         3    7    4       -0.00000002  -0.00000000
         4   -3   -2         4   -3   -2        0.99999971   0.00000000
         4   -2   -3         4   -3   -2       -0.00000024  -0.00000000
         4   -2   -3         4   -2   -3        0.99999971  -0.00000000
         4   -2    4         4   -2   -3        0.00000004  -0.00000000
         4   -2    4         4   -2    4        0.99999971  -0.00000000
         4    3    7         4   -2    4       -0.00000001  -0.00000000
         4    3    7         4    3    7        0.99999972   0.00000000
         4    4   -2         4    3    7        0.00000001   0.00000000
         4    4   -2         4    4   -2        0.99999971   0.00000000
         4    4    7         4    4   -2        0.00000004  -0.00000000
         4    4    7         4    4    7        0.99999972   0.00000000
         4    7    3         4    4    7        0.00000002  -0.00000000
         4    7    3         4    7    3        0.99999972  -0.00000000
         4    7    4         4    7    3       -0.00000019   0.00000000
         4    7    4         4    7    4        0.99999972   0.00000000
         6    0    0         4    7    4        0.00000004  -0.00000000
         6    0    0         6    0    0        0.99999969   0.00000000
         6    3    6         6    0    0        0.00000001   0.00000000
         6    3    6         6    3    6        0.99999972   0.00000000
         6    6    3         6    3    6       -0.00000000  -0.00000000
         6    6    3         6    6    3        0.99999972   0.00000000
         7    3    4         6    6    3       -0.00000007  -0.00000000
         7    3    4         7    3    4        0.99999972   0.00000000
         7    4    3         7    3    4       -0.00000023   0.00000000
         7    4    3         7    4    3        0.99999972   0.00000000
         7    4    4         7    4    3       -0.00000019   0.00000000
         7    4    4         7    4    4        0.99999972  -0.00000000
        -8   -4   -3         7    4    4       -0.00000000   0.00000000
        -8   -4   -3        -8   -4   -3        0.99999975  -0.00000000
        -8   -3   -4        -8   -4   -3       -0.00000021   0.00000000
        -8   -3   -4        -8   -3   -4        0.99999975   0.00000000
        -7   -7   -6        -8   -3   -4        0.00000005  -0.00000000
        -7   -7   -6        -7   -7   -6        0.99999973   0.00000000
        -7   -6   -7        -7   -7   -6       -0.00000023  -0.00000000
        -7   -6   -7        -7   -6   -7        0.99999973   0.00000000
        -7   -3    0        -7   -6   -7       -0.00000001  -0.00000000
        -7   -3    0        -7   -3    0        0.99999983   0.00000000
        -7   -2    0        -7   -3    0       -0.00000012  -0.00000000
        -7   -2    0        -7   -2    0        0.99999982  -0.00000000
        -7    0   -3        -7   -2    0       -0.00000004   0.00000000
        -7    0   -3        -7    0   -3        0.99999983  -0.00000000
        -7    0   -2        -7    0   -3       -0.00000012  -0.00000000
        -7    0   -2        -7    0   -2        0.99999982   0.00000000
        -6   -8   -4        -7    0   -2        0.00000003   0.00000000
        -6   -8   -4        -6   -8   -4        0.99999983   0.00000000
        -6   -4   -8        -6   -8   -4        0.00000003   0.00000000
        -6   -4   -8        -6   -4   -8        0.99999983   0.00000000
        -6   -4    1        -6   -4   -8        0.00000003   0.00000000
        -6   -4    1        -6   -4    1        0.99999983  -0.00000000
        -6    1   -4        -6   -4    1        0.00000003  -0.00000000
        -6    1   -4        -6    1   -4        0.99999983  -0.00000000
        -4   -8   -6        -6    1   -4        0.00000002   0.00000000
        -4   -8   -6        -4   -8   -6        0.99999983   0.00000000
        -4   -6   -8        -4   -8   -6       -0.00000008   0.00000000
        -4   -6   -8        -4   -6   -8        0.99999983  -0.00000000
        -4   -6    1        -4   -6   -8        0.00000003   0.00000000
        -4   -6    1        -4   -6    1        0.99999983  -0.00000000
        -4    1   -6        -4   -6    1       -0.00000000   0.00000000
        -4    1   -6        -4    1   -6        0.99999983  -0.00000000
        -3   -7   -7        -4    1   -6        0.00000003  -0.00000000
        -3   -7   -7        -3   -7   -7        0.99999983   0.00000000
        -3   -7    0        -3   -7   -7        0.00000003  -0.00000000
        -3   -7    0        -3   -7    0        0.99999983   0.00000000
        -3    0   -7        -3   -7    0       -0.00000000  -0.00000000
        -3    0   -7        -3    0   -7        0.99999983  -0.00000000
        -2   -7    0        -3    0   -7       -0.00000000   0.00000000
        -2   -7    0        -2   -7    0        0.99999982   0.00000000
        -2    0   -7        -2   -7    0       -0.00000000   0.00000000
        -2    0   -7        -2    0   -7        0.99999982  -0.00000000
        -2    3    5        -2    0   -7       -0.00000001   0.00000000
        -2    3    5        -2    3    5        0.99999983  -0.00000000
        -2    5    3        -2    3    5       -0.00000008   0.00000000
        -2    5    3        -2    5    3        0.99999983  -0.00000000
        -1    1    6        -2    5    3        0.00000001  -0.00000000
        -1    1    6        -1    1    6        0.99999982  -0.00000000
        -1    2    6        -1    1    6       -0.00000012  -0.00000000
        -1    2    6        -1    2    6        0.99999983   0.00000000
        -1    6    1        -1    2    6        0.00000002  -0.00000000
        -1    6    1        -1    6    1        0.99999982  -0.00000000
        -1    6    2        -1    6    1       -0.00000012   0.00000000
        -1    6    2        -1    6    2        0.99999983   0.00000000
         0   -7   -3        -1    6    2       -0.00000004  -0.00000000
         0   -7   -3         0   -7   -3        0.99999983  -0.00000000
         0   -7   -2         0   -7   -3       -0.00000012  -0.00000000
         0   -7   -2         0   -7   -2        0.99999982  -0.00000000
         0   -3   -7         0   -7   -2        0.00000002   0.00000000
         0   -3   -7         0   -3   -7        0.99999983  -0.00000000
         0   -2   -7         0   -3   -7       -0.00000012   0.00000000
         0   -2   -7         0   -2   -7        0.99999982  -0.00000000
         1   -6   -4         0   -2   -7        0.00000001  -0.00000000
         1   -6   -4         1   -6   -4        0.99999983  -0.00000000
         1   -4   -6         1   -6   -4       -0.00000008  -0.00000000
         1   -4   -6         1   -4   -6        0.99999983  -0.00000000
         1   -1    6         1   -4   -6       -0.00000001  -0.00000000
         1   -1    6         1   -1    6        0.99999982   0.00000000
         1    6   -1         1   -1    6       -0.00000000  -0.00000000
         1    6   -1         1    6   -1        0.99999982  -0.00000000
         2   -1    6         1    6   -1       -0.00000000  -0.00000000
         2   -1    6         2   -1    6        0.99999983   0.00000000
         6    0   -1         2   -1    6        0.00000001   0.00000000
         6    0   -1         6    0   -1        0.99999988   0.00000000
         6    3   -1         6    0   -1        0.00000004   0.00000000
         6    3   -1         6    3   -1        0.99999989  -0.00000000
        -8   -6   -3         6    3   -1       -0.00000002  -0.00000000
        -8   -6   -3        -8   -6   -3        0.99999990  -0.00000000
        -8   -3   -6        -8   -6   -3       -0.00000001  -0.00000000
        -8   -3   -6        -8   -3   -6        0.99999990  -0.00000000
        -6   -8   -3        -8   -3   -6        0.00000002   0.00000000
        -6   -8   -3        -6   -8   -3        0.99999990   0.00000000
        -6   -3   -8        -6   -8   -3        0.00000002   0.00000000
        -6   -3   -8        -6   -3   -8        0.99999990   0.00000000
        -5    0    3        -6   -3   -8        0.00000000  -0.00000000
        -5    0    3        -5    0    3        0.99999990  -0.00000000
        -5    2    2        -5    0    3       -0.00000005   0.00000000
        -5    2    2        -5    2    2        0.99999990   0.00000000
        -5    3    0        -5    2    2       -0.00000005   0.00000000
        -5    3    0        -5    3    0        0.99999990   0.00000000
        -4   -1    4        -5    3    0        0.00000001  -0.00000000
        -4   -1    4        -4   -1    4        0.99999990  -0.00000000
        -4    4   -1        -4   -1    4        0.00000002  -0.00000000
        -4    4   -1        -4    4   -1        0.99999990   0.00000000
        -3   -8   -6        -4    4   -1       -0.00000000   0.00000000
        -3   -8   -6        -3   -8   -6        0.99999990   0.00000000
        -3   -6   -8        -3   -8   -6       -0.00000005   0.00000000
        -3   -6   -8        -3   -6   -8        0.99999990   0.00000000
        -3   -3    4        -3   -6   -8       -0.00000000   0.00000000
        -3   -3    4        -3   -3    4        0.99999990   0.00000000
        -3    4   -3        -3   -3    4        0.00000000   0.00000000
        -3    4   -3        -3    4   -3        0.99999990   0.00000000
        -1   -4    4        -3    4   -3       -0.00000001  -0.00000000
        -1   -4    4        -1   -4    4        0.99999990   0.00000000
        -1    4   -4        -1   -4    4       -0.00000003  -0.00000000
        -1    4   -4        -1    4   -4        0.99999990   0.00000000
         0   -5    3        -1    4   -4       -0.00000003  -0.00000000
         0   -5    3         0   -5    3        0.99999990   0.00000000
         0    3   -5         0   -5    3       -0.00000003  -0.00000000
         0    3   -5         0    3   -5        0.99999990  -0.00000000
         2   -5    2         0    3   -5       -0.00000001   0.00000000
         2   -5    2         2   -5    2        0.99999990   0.00000000
         2    2   -5         2   -5    2        0.00000000  -0.00000000
         2    2   -5         2    2   -5        0.99999990   0.00000000
         2    5    7         2    2   -5       -0.00000000  -0.00000000
         2    5    7         2    5    7        0.99999990  -0.00000000
         2    7    5         2    5    7       -0.00000005  -0.00000000
         2    7    5         2    7    5        0.99999990  -0.00000000
         3   -5    0         2    7    5       -0.00000000   0.00000000
         3   -5    0         3   -5    0        0.99999990  -0.00000000
         3    0   -5         3   -5    0        0.00000002   0.00000000
         3    0   -5         3    0   -5        0.99999990   0.00000000
         4   -4   -1         3    0   -5        0.00000001   0.00000000
         4   -4   -1         4   -4   -1        0.99999990  -0.00000000
         4   -3   -3         4   -4   -1       -0.00000005   0.00000000
         4   -3   -3         4   -3   -3        0.99999990  -0.00000000
         4   -1   -4         4   -3   -3       -0.00000005  -0.00000000
         4   -1   -4         4   -1   -4        0.99999990   0.00000000
         5    2    7         4   -1   -4        0.00000000   0.00000000
         5    2    7         5    2    7        0.99999990  -0.00000000
         5    7    2         5    2    7        0.00000002  -0.00000000
         5    7    2         5    7    2        0.99999990   0.00000000
         7    2    5         5    7    2        0.00000002  -0.00000000
         7    2    5         7    2    5        0.99999990  -0.00000000
         7    5    2         7    2    5       -0.00000001  -0.00000000
         7    5    2         7    5    2        0.99999990   0.00000000
         5    0   -3         7    5    2        0.00000001   0.00000000
         5    0   -3         5    0   -3        0.99999992   0.00000000
         5    0    6         5    0   -3        0.00000002   0.00000000
         5    0    6         5    0    6        0.99999993  -0.00000000
         5    1   -3         5    0    6        0.00000002   0.00000000
         5    1   -3         5    1   -3        0.99999992  -0.00000000
         5    6    0         5    1   -3       -0.00000001   0.00000000
         5    6    0         5    6    0        0.99999993  -0.00000000
         5    6    7         5    6    0        0.00000001   0.00000000
         5    6    7         5    6    7        0.99999992  -0.00000000
         5    7    6         5    6    7       -0.00000007   0.00000000
         5    7    6         5    7    6        0.99999992   0.00000000
         6    0    5         5    7    6        0.00000001  -0.00000000
         6    0    5         6    0    5        0.99999993  -0.00000000
         6    5    0         6    0    5        0.00000002  -0.00000000
         6    5    0         6    5    0        0.99999993   0.00000000
         6    5    7         6    5    0        0.00000001   0.00000000
         6    5    7         6    5    7        0.99999992   0.00000000
         6    7    5         6    5    7       -0.00000004   0.00000000
         6    7    5         6    7    5        0.99999992  -0.00000000
         7    5    6         6    7    5       -0.00000005  -0.00000000
         7    5    6         7    5    6        0.99999992   0.00000000
         7    6    5         7    5    6       -0.00000007   0.00000000
         7    6    5         7    6    5        0.99999992   0.00000000
        -8   -7   -4         7    6    5        0.00000002   0.00000000
        -8   -7   -4        -8   -7   -4        0.99999993  -0.00000000
        -8   -4   -7        -8   -7   -4       -0.00000001   0.00000000
        -8   -4   -7        -8   -4   -7        0.99999993   0.00000000
        -7   -8   -4        -8   -4   -7        0.00000000   0.00000000
        -7   -8   -4        -7   -8   -4        0.99999993  -0.00000000
        -7   -7   -2        -7   -8   -4        0.00000004  -0.00000000
        -7   -7   -2        -7   -7   -2        0.99999994   0.00000000
        -7   -4   -8        -7   -7   -2       -0.00000001   0.00000000
        -7   -4   -8        -7   -4   -8        0.99999993  -0.00000000
        -7   -2   -7        -7   -4   -8        0.00000004   0.00000000
        -7   -2   -7        -7   -2   -7        0.99999994   0.00000000
        -4   -8   -7        -7   -2   -7       -0.00000001   0.00000000
        -4   -8   -7        -4   -8   -7        0.99999993  -0.00000000
        -4   -7   -8        -4   -8   -7       -0.00000006  -0.00000000
        -4   -7   -8        -4   -7   -8        0.99999993   0.00000000
        -2   -7   -7        -4   -7   -8        0.00000004  -0.00000000
        -2   -7   -7        -2   -7   -7        0.99999994   0.00000000
         1    6    6        -2   -7   -7        0.00000002  -0.00000000
         1    6    6         1    6    6        0.99999994   0.00000000
         3    6    7         1    6    6        0.00000004   0.00000000
         3    6    7         3    6    7        0.99999993  -0.00000000
         3    7    6         3    6    7       -0.00000006   0.00000000
         3    7    6         3    7    6        0.99999993   0.00000000
         6    1    6         3    7    6       -0.00000001   0.00000000
         6    1    6         6    1    6        0.99999994   0.00000000
         6    3    7         6    1    6        0.00000004  -0.00000000
         6    3    7         6    3    7        0.99999993   0.00000000
         6    6    1         6    3    7       -0.00000001   0.00000000
         6    6    1         6    6    1        0.99999994   0.00000000
         6    7    3         6    6    1        0.00000004   0.00000000
         6    7    3         6    7    3        0.99999993   0.00000000
         7    3    6         6    7    3        0.00000000  -0.00000000
         7    3    6         7    3    6        0.99999993   0.00000000
         7    6    3         7    3    6       -0.00000001   0.00000000
         7    6    3         7    6    3        0.99999993  -0.00000000
        -6   -5    1         7    6    3       -0.00000000   0.00000000
        -6   -5    1        -6   -5    1        0.99999994  -0.00000000
        -6    1   -5        -6   -5    1        0.00000001  -0.00000000
        -6    1   -5        -6    1   -5        0.99999994  -0.00000000
         3   -3   -5        -6    1   -5       -0.00000001  -0.00000000
         3   -3   -5         3   -3   -5        0.99999996   0.00000000
         3    0    7         3   -3   -5        0.00000000  -0.00000000
         3    0    7         3    0    7        0.99999996  -0.00000000
         3    7    0         3    0    7        0.00000001  -0.00000000
         3    7    0         3    7    0        0.99999996  -0.00000000
         4   -4    2         3    7    0        0.00000000  -0.00000000
         4   -4    2         4   -4    2        0.99999996   0.00000000
         4    2   -4         4   -4    2        0.00000001   0.00000000
         4    2   -4         4    2   -4        0.99999996   0.00000000
         6    6    7         4    2   -4        0.00000001   0.00000000
         6    6    7         6    6    7        0.99999996   0.00000000
         6    7    6         6    6    7       -0.00000004   0.00000000
         6    7    6         6    7    6        0.99999996   0.00000000
         7    0    3         6    7    6        0.00000000  -0.00000000
         7    0    3         7    0    3        0.99999996  -0.00000000
         7    3    0         7    0    3       -0.00000001  -0.00000000
         7    3    0         7    3    0        0.99999996  -0.00000000
         7    6    6         7    3    0       -0.00000000   0.00000000
         7    6    6         7    6    6        0.99999996  -0.00000000
        -9   -5   -5         7    6    6       -0.00000000  -0.00000000
        -9   -5   -5        -9   -5   -5        0.99999996   0.00000000
        -8   -6   -2        -9   -5   -5        0.00000001  -0.00000000
        -8   -6   -2        -8   -6   -2        0.99999996  -0.00000000
        -8   -2   -6        -8   -6   -2        0.00000000  -0.00000000
        -8   -2   -6        -8   -2   -6        0.99999996   0.00000000
        -8   -2   -1        -8   -2   -6        0.00000001   0.00000000
        -8   -2   -1        -8   -2   -1        0.99999996  -0.00000000
        -8   -1   -2        -8   -2   -1       -0.00000003   0.00000000
        -8   -1   -2        -8   -1   -2        0.99999996   0.00000000
        -7   -2    1        -8   -1   -2        0.00000002   0.00000000
        -7   -2    1        -7   -2    1        0.99999996  -0.00000000
        -7    1   -2        -7   -2    1       -0.00000001   0.00000000
        -7    1   -2        -7    1   -2        0.99999996   0.00000000
        -6   -8   -2        -7    1   -2        0.00000001   0.00000000
        -6   -8   -2        -6   -8   -2        0.99999996   0.00000000
        -6   -2   -8        -6   -8   -2        0.00000001  -0.00000000
        -6   -2   -8        -6   -2   -8        0.99999996   0.00000000
        -5   -9   -5        -6   -2   -8       -0.00000001  -0.00000000
        -5   -9   -5        -5   -9   -5        0.99999996   0.00000000
        -5   -5   -9        -5   -9   -5        0.00000000   0.00000000
        -5   -5   -9        -5   -5   -9        0.99999996  -0.00000000
        -5   -5    2        -5   -5   -9       -0.00000000   0.00000000
        -5   -5    2        -5   -5    2        0.99999996  -0.00000000
        -5    2   -5        -5   -5    2        0.00000001  -0.00000000
        -5    2   -5        -5    2   -5        0.99999996  -0.00000000
        -3    4    4        -5    2   -5       -0.00000001   0.00000000
        -3    4    4        -3    4    4        0.99999996  -0.00000000
        -2   -8   -6        -3    4    4        0.00000001  -0.00000000
        -2   -8   -6        -2   -8   -6        0.99999996  -0.00000000
        -2   -8   -1        -2   -8   -6        0.00000001   0.00000000
        -2   -8   -1        -2   -8   -1        0.99999996  -0.00000000
        -2   -7    1        -2   -8   -1        0.00000002  -0.00000000
        -2   -7    1        -2   -7    1        0.99999996   0.00000000
        -2   -6   -8        -2   -7    1        0.00000001   0.00000000
        -2   -6   -8        -2   -6   -8        0.99999996   0.00000000
        -2   -1   -8        -2   -6   -8        0.00000001  -0.00000000
        -2   -1   -8        -2   -1   -8        0.99999996   0.00000000
        -2    1   -7        -2   -1   -8        0.00000002   0.00000000
        -2    1   -7        -2    1   -7        0.99999996  -0.00000000
        -2    1    6        -2    1   -7        0.00000001  -0.00000000
        -2    1    6        -2    1    6        0.99999996  -0.00000000
        -2    6    1        -2    1    6        0.00000001   0.00000000
        -2    6    1        -2    6    1        0.99999996   0.00000000
        -8   -5   -8        -2    6    1       -0.00000000   0.00000000
        -8   -5   -8        -8   -5   -8        0.99999998   0.00000000
        -8   -5   -1        -8   -5   -8        0.00000000  -0.00000000
        -8   -5   -1        -8   -5   -1        0.99999998  -0.00000000
        -8   -1   -5        -8   -5   -1        0.00000000   0.00000000
        -8   -1   -5        -8   -1   -5        0.99999998   0.00000000
        -6   -9   -6        -8   -1   -5        0.00000000   0.00000000
        -6   -9   -6        -6   -9   -6        0.99999997   0.00000000
        -6   -8   -8        -6   -9   -6       -0.00000001  -0.00000000
        -6   -8   -8        -6   -8   -8        0.99999998   0.00000000
        -6   -6   -9        -6   -8   -8       -0.00000001   0.00000000
        -6   -6   -9        -6   -6   -9        0.99999997   0.00000000
        -5   -8   -8        -6   -6   -9       -0.00000002  -0.00000000
        -5   -8   -8        -5   -8   -8        0.99999998   0.00000000
        -5   -8   -1        -5   -8   -8        0.00000000  -0.00000000
        -5   -8   -1        -5   -8   -1        0.99999998   0.00000000
        -5   -1   -8        -5   -8   -1        0.00000000   0.00000000
        -5   -1   -8        -5   -1   -8        0.99999998  -0.00000000
        -1   -8   -5        -5   -1   -8        0.00000001  -0.00000000
        -1   -8   -5        -1   -8   -5        0.99999998   0.00000000
        -1   -5   -8        -1   -8   -5       -0.00000001   0.00000000
        -1   -5   -8        -1   -5   -8        0.99999998   0.00000000
         0    4    7        -1   -5   -8       -0.00000001  -0.00000000
         0    4    7         0    4    7        0.99999998   0.00000000
         0    7    4         0    4    7       -0.00000001  -0.00000000
         0    7    4         0    7    4        0.99999998   0.00000000
         4    0    7         0    7    4        0.00000001  -0.00000000
         4    0    7         4    0    7        0.99999998   0.00000000
         4    7    0         4    0    7        0.00000000   0.00000000
         4    7    0         4    7    0        0.99999998   0.00000000
         4    7    7         4    7    0        0.00000000   0.00000000
         4    7    7         4    7    7        0.99999998  -0.00000000
         5    5    8         4    7    7       -0.00000002   0.00000000
         5    5    8         5    5    8        0.99999997   0.00000000
         5    7    7         5    5    8       -0.00000001   0.00000000
         5    7    7         5    7    7        0.99999998   0.00000000
         5    8    5         5    7    7       -0.00000001  -0.00000000
         5    8    5         5    8    5        0.99999997  -0.00000000
         7    0    4         5    8    5        0.00000000  -0.00000000
         7    0    4         7    0    4        0.99999998  -0.00000000
         7    4    0         7    0    4        0.00000000  -0.00000000
         7    4    0         7    4    0        0.99999998   0.00000000
         7    4    7         7    4    0        0.00000000   0.00000000
         7    4    7         7    4    7        0.99999998   0.00000000
         7    5    7         7    4    7       -0.00000002   0.00000000
         7    5    7         7    5    7        0.99999998  -0.00000000
         7    7    4         7    5    7       -0.00000001  -0.00000000
         7    7    4         7    7    4        0.99999998   0.00000000
         7    7    5         7    7    4       -0.00000002   0.00000000
         7    7    5         7    7    5        0.99999998   0.00000000
         8    5    5         7    7    5       -0.00000001  -0.00000000
         8    5    5         8    5    5        0.99999997   0.00000000
        -9   -6   -4         8    5    5        0.00000001   0.00000000
        -9   -6   -4        -9   -6   -4        0.99999998   0.00000000
        -9   -4   -6        -9   -6   -4       -0.00000001   0.00000000
        -9   -4   -6        -9   -4   -6        0.99999998  -0.00000000
        -9   -4   -3        -9   -4   -6        0.00000001   0.00000000
        -9   -4   -3        -9   -4   -3        0.99999998  -0.00000000
        -9   -3   -4        -9   -4   -3       -0.00000002   0.00000000
        -9   -3   -4        -9   -3   -4        0.99999998   0.00000000
        -6   -9   -4        -9   -3   -4       -0.00000000   0.00000000
        -6   -9   -4        -6   -9   -4        0.99999998   0.00000000
        -6   -4   -9        -6   -9   -4        0.00000000   0.00000000
        -6   -4   -9        -6   -4   -9        0.99999998  -0.00000000
         0    6    6        -6   -4   -9        0.00000000   0.00000000
         0    6    6         0    6    6        0.99999999  -0.00000000
         2    2    8         0    6    6       -0.00000000   0.00000000
         2    2    8         2    2    8        0.99999998   0.00000000
         2    8    2         2    2    8        0.00000000  -0.00000000
         2    8    2         2    8    2        0.99999998   0.00000000
         3    7    7         2    8    2        0.00000000   0.00000000
         3    7    7         3    7    7        0.99999998  -0.00000000
         6    0    6         3    7    7       -0.00000000   0.00000000
         6    0    6         6    0    6        0.99999999   0.00000000
         6    6    0         6    0    6        0.00000000   0.00000000
         6    6    0         6    6    0        0.99999999   0.00000000
         6    7    7         6    6    0        0.00000000   0.00000000
         6    7    7         6    7    7        0.99999998  -0.00000000
         7    3    7         6    7    7        0.00000000   0.00000000
         7    3    7         7    3    7        0.99999998   0.00000000
         7    6    7         7    3    7        0.00000001  -0.00000000
         7    6    7         7    6    7        0.99999998   0.00000000
         7    7    3         7    6    7        0.00000000   0.00000000
         7    7    3         7    7    3        0.99999998   0.00000000
         7    7    6         7    7    3        0.00000001   0.00000000
         7    7    6         7    7    6        0.99999998   0.00000000
         8    2    2         7    7    6       -0.00000000  -0.00000000
         8    2    2         8    2    2        0.99999998   0.00000000
        -9   -7   -6         8    2    2        0.00000000   0.00000000
        -9   -7   -6        -9   -7   -6        0.99999999  -0.00000000
        -9   -7   -5        -9   -7   -6       -0.00000001   0.00000000
        -9   -7   -5        -9   -7   -5        0.99999999  -0.00000000
        -9   -6   -7        -9   -7   -5       -0.00000001  -0.00000000
        -9   -6   -7        -9   -6   -7        0.99999999  -0.00000000
        -9   -5   -7        -9   -6   -7       -0.00000001   0.00000000
        -9   -5   -7        -9   -5   -7        0.99999999   0.00000000
        -7   -9   -6        -9   -5   -7       -0.00000000   0.00000000
        -7   -9   -6        -7   -9   -6        0.99999999  -0.00000000
        -7   -9   -5        -7   -9   -6       -0.00000001   0.00000000
        -7   -9   -5        -7   -9   -5        0.99999999   0.00000000
        -7   -6   -9        -7   -9   -5       -0.00000000   0.00000000
        -7   -6   -9        -7   -6   -9        0.99999999  -0.00000000
        -7   -6    0        -7   -6   -9        0.00000000   0.00000000
        -7   -6    0        -7   -6    0        0.99999999  -0.00000000
        -7   -5   -9        -7   -6    0        0.00000000  -0.00000000
        -7   -5   -9        -7   -5   -9        0.99999999  -0.00000000
        -7    0   -6        -7   -5   -9       -0.00000000   0.00000000
        -7    0   -6        -7    0   -6        0.99999999   0.00000000
        -7    0    1        -7    0   -6        0.00000000   0.00000000
        -7    0    1        -7    0    1        0.99999999  -0.00000000
        -7    1    0        -7    0    1       -0.00000001   0.00000000
        -7    1    0        -7    1    0        0.99999999   0.00000000
        -6   -9   -7        -7    1    0        0.00000000   0.00000000
        -6   -9   -7        -6   -9   -7        0.99999999  -0.00000000
        -6   -7   -9        -6   -9   -7       -0.00000001   0.00000000
        -6   -7   -9        -6   -7   -9        0.99999999   0.00000000
        -6   -7    0        -6   -7   -9        0.00000000   0.00000000
        -6   -7    0        -6   -7    0        0.99999999  -0.00000000
        -6    0   -7        -6   -7    0        0.00000000  -0.00000000
        -6    0   -7        -6    0   -7        0.99999999   0.00000000
        -5   -9   -7        -6    0   -7        0.00000000  -0.00000000
        -5   -9   -7        -5   -9   -7        0.99999999  -0.00000000
        -5   -7   -9        -5   -9   -7       -0.00000001   0.00000000
        -5   -7   -9        -5   -7   -9        0.99999999   0.00000000
        -5   -4    3        -5   -7   -9        0.00000000   0.00000000
        -5   -4    3        -5   -4    3        0.99999999  -0.00000000
        -5    3   -4        -5   -4    3        0.00000000   0.00000000
        -5    3   -4        -5    3   -4        0.99999999   0.00000000
