 Library mode?  F
 Library mode?  F
 Library mode?  F
 Library mode?  F

 BerkeleyGW version 4.0+git v4.0-31-gaa5ddf2-dirty by jywu20 <jinyuan.wu@yale.edu> at 2026-03-04 17:25:52 -0800
 Sigma code, Complex version, run on 24-Apr-2026 at 09:34:56 -0700

                                                                 ..o.          
                                                                .oxxo.         
                                                               .oxxxxo...      
                                                               oxxxxxxo.       
                                                              .oxxxxxxx.       
                                                              .ooooooxxo..     
                                                              .oooooooxo..     
                                                              .oooooxxo...     
                                                       .........oxooo......    
                                                 ............................  
                                             ................................. 
                                          .................................... 
           .          ..oo. ....  .................................oooxxxxxxxo.
     .............oxxxx@ox@@@x@x.....................o...........ooooooooooxx. 
    .o.........oox@x.oo........xxx@@............ooxxxxo..........ooooxxxxxoxo  
    .x........x@xxo...............o@xxo........oxxx@@@xoooooooooooooooxxxo...  
    .o......ox@@o..................oox@o.....ooxxx@xoooxxxxxxxoooooooooooo.... 
    o..ooooo@@xoooo....ooo...........x@o.....ooxxxxo   .oxxxxxxxxxxooooooo.... 
    . .oooo@@@@@@@@@@@@@@@@@@@@@@@@@@@@@@....ooooox.     .oxx@@@@@xxoo........ 
      .ooooxxxxxxxooooooxooooooooooooooxo...oooooxx.        ..ox@xxxoo.........
      .ooooooxxxx@xoooooooooooooxxoooooooooooxxxxx.            .oxxooooooooxxo.
     .oooooxxxxx@@@xxxxxxxxxxxxxxxxxxxxxxxxoxxxxo.                .oxxxxxxxxo. 
   ....oooxxxxx@@@xo..oxxx@@@@@@xxxxoxxoooooooxx.                  .oxxxoo..   
  .....ooxxxx@@xo.       ........    .ooooooooxxo                              
  ..oooxxxx@@@o                       .oooooooxoo.                             
  ....oxooxxxxx.                       .ooo..oooo.                             
  .....o.ooxxxxxo.                     .oooooooxo.                             
 ......ooooxxxxxxo.                     .ooooooxoo..                           
........ooxxxxxxxo..                     .o....oxoo...                         
.......ooooxxxxxxxo.                     ........oooo.                         
.ooooooo..ooxxxxoooo.                    .........ooo...                       
..oxo...ooooxxxoooo..                    .ooo......oooo...                     
  .ooooo....o.                            .oxxxoo....ooo....                   
    .oooooo...                              ...ooooo...ooo..                   
       ...                                     .oo.......                      
                                               ....ooo...                      
                      __              __                                       
 ______              [  |            [  |                 ._____  _          _ 
|_   _               | |  _          | |                /  ___ | |        | |
  | |_) | .---.  _. _.| | / |  .---.  | | .---.  _    _ / /    _|   /  / / 
  |  __'./ /__\[ /`_| '' <  / /__\ | |/ /__\|   | | |   _____  /  / /  
 _| |__| | __. | |   | |`  | ___. | || ___.  / /  .___| |    /  /   
|_______/ .__./[_]  [__|  _] .__./[___].__./    /   .____./    /  /    
                                                  / /                          
                                                 /_/                           
 --------------------------------------------------------------------------------
 Please cite the main BerkeleyGW paper when using results from this calculation:

 Jack Deslippe, Georgy Samsonidze, David A. Strubbe, Manish Jain, Marvin L.
 Cohen, and Steven G. Louie, "BerkeleyGW: A Massively Parallel Computer Package
 for the Calculation of the Quasiparticle and Optical Properties of Materials
 and Nanostructures," Comput. Phys. Commun. 183, 1269 (2012)

 Aditionally, PLEASE CITE ALL PAPERS REPORTED AT THE END OF THIS CALCULATION.
 --------------------------------------------------------------------------------

 Running MPI version (parallel)
 Running with 4 MPI task(s)
 Using OpenMP. Number of threads per MPI task: 16
 Number of threads used for sorting routines: 1

 Compilation flags:
 - Compiler: NVHPC
 - Para. flags: MPI, OMP
 - Math  flags: USESCALAPACK, UNPACKED, USEFFTW3, HDF5
 - Debug flags: 

 Running with verbosity level 1 (default).


 NOTE: `screened_coulomb_cutoff` and `bare_coulomb_cutoff` are now optional flags.

 Using the static COHSEX approximation

 We are communicating via MPI

 Using Collectives (MPI_BCast) Communication Scheme
 
 Computing CH as a partial sum over empty bands

 Running with semiconductor screening

 We are using no truncation
 Cutoff for Monte-Carlo average of Coulomb potential: 1.000E+012 Ry

 Reading (Kinetic energy + Ionic potential + Hartree) matrix elements from kih.dat file

 Treating W within the Static COHSEX approximation
 
 Memory available: 59440.1 MB per PE
 
 Read from eps0mat.h5:
 - Number of G-vectors in the charge-density grid: 4573
 - Max. number of G-vectors for dielectric matrices: 537
 - Cutoff of the dielectric matrix (Ry): 25.000
 - Number of imaginary frequencies: 0
 - Total number of frequencies: 1
 - Frequency dependence: 0
 - Number of q-points: 1
 - Q grid: 4 4 4
 
 Read from epsmat.h5:
 - Number of G-vectors in the charge-density grid: 4573
 - Max. number of G-vectors for dielectric matrices: 588
 - Cutoff of the dielectric matrix: 25.000
 - Number of imaginary frequencies: 0
 - Total number of frequencies: 1
 - Frequency dependence: 0
 - Number of q-points: 63
 - Q grid: 4 4 4
 
 Reading header of WFN_inner.h5
 Highest occupied band (unshifted grid) = 8
 Valence max    (unshifted grid) = 6.296976 eV
 Conduction min (unshifted grid) = 6.973639 eV
 Middle energy  (unshifted grid) = 6.635308 eV
 Fermi  energy  (unshifted grid) = 6.635308 eV

 
 Calculation parameters:
 - Cutoff of the bare Coulomb interaction (Ry): 25.00
 - Cutoff of the screened Coulomb interaction (Ry): 25.00
 - Number of G-vectors up to the bare int. cutoff: 537
 - Number of G-vectors up to the screened int. cutoff: 537
 - Total number of bands in the calculation: 60
 - Number of fully occupied valence bands: 8
 - Number of partially occ. conduction bands: 0
 
 Memory required for execution: 96.3 MB per PE
 Memory required for vcoul: 114.4 MB per PE
 
 Number of electrons per unit cell (from ifmax) = 8.000000
 Number of electrons per unit cell (from occupations) = 8.000000
 Plasma Frequency = 1.220146 Ry

 Q-grid symmetries are not being used.
 
 Parallelization report:
 - Using 4 processor(s), 1 pool(s), 4 processor(s) per pool.
 - Each pool is computing 16 diagonal sigma matrix element(s).
 - Each pool is computing 0 off-diagonal sigma matrix element(s).
 - Each processor is holding 15 band(s).
 
 
 Started reading wavefunctions (WFN_inner) with 3840 state(s) at 09:34:56.
 Reading band block from WFN_inner.h5
 Reading using H5FD_MPIO_COLLECTIVE.
 Using communication style:  1
 
 [ 09:34:56 |   0% ] state    1 / 3840.
 [ 09:34:56 |   0% ] state    3 / 3840, remaining: 0 s.
 [ 09:34:56 |  10% ] state  384 / 3840, remaining: 0 s.
 [ 09:34:56 |  20% ] state  768 / 3840, remaining: 0 s.
 [ 09:34:56 |  30% ] state 1152 / 3840, remaining: 0 s.
 [ 09:34:56 |  40% ] state 1536 / 3840, remaining: 0 s.
 [ 09:34:56 |  50% ] state 1920 / 3840, remaining: 0 s.
 [ 09:34:56 |  60% ] state 2304 / 3840, remaining: 0 s.
 [ 09:34:56 |  70% ] state 2688 / 3840, remaining: 0 s.
 [ 09:34:56 |  80% ] state 3072 / 3840, remaining: 0 s.
 [ 09:34:56 |  90% ] state 3456 / 3840, remaining: 0 s.
 [ 09:34:56 | 100% ] state 3840 / 3840, remaining: 0 s.
 Finished reading wavefunctions (WFN_inner) at 09:34:56.
 Elapsed time: 0 s.
 

 Scissors parameters:
 - Valence:    es =   0.0000 eV, e0 =   0.0000 eV, edel =   0.0000
 - Conduction: es =   0.0000 eV, e0 =   0.0000 eV, edel =   0.0000

 Scissors parameters (outer):
 - Valence:    es =   0.0000 eV, e0 =   0.0000 eV, edel =   0.0000
 - Conduction: es =   0.0000 eV, e0 =   0.0000 eV, edel =   0.0000

 Number of bands to compute diagonal self-energy matrix elements: 16
 Bands:
 - 1
 - 2
 - 3
 - 4
 - 5
 - 6
 - 7
 - 8
 - 9
 - 10
 - 11
 - 12
 - 13
 - 14
 - 15
 - 16
 Number of off-diagonal bands to compute self-energy matrix elements: 0
 
 GPU acceleration is : ENABLED
 
 Algorithms used:
 - mtxel     : OPENACC_ALGO
 - sigma_gpp : OPENACC_ALGO

 Total number of frequencies in the dielectric matrix: 1
 Number of imag. frequencies in the dielectric matrix: 0

 
 Started reading eps0mat.h5 with 1 q-point(s) at 09:34:57.
 [ 09:34:57 |   0% ] q-point 1 / 1.
 Finished reading eps0mat.h5 at 09:34:57.
 Elapsed time: 0 s.
 
 
 Started reading epsmat.h5 with 63 q-point(s) at 09:34:57.
 [ 09:34:57 |   0% ] q-point  1 / 63.
 [ 09:34:57 |   3% ] q-point  3 / 63, remaining: 4 s.
 [ 09:34:57 |  10% ] q-point  7 / 63, remaining: 3 s.
 [ 09:34:57 |  19% ] q-point 13 / 63, remaining: 3 s.
 [ 09:34:58 |  29% ] q-point 19 / 63, remaining: 3 s.
 [ 09:34:58 |  40% ] q-point 26 / 63, remaining: 2 s.
 [ 09:34:58 |  49% ] q-point 32 / 63, remaining: 2 s.
 [ 09:34:59 |  59% ] q-point 38 / 63, remaining: 1 s.
 [ 09:34:59 |  70% ] q-point 45 / 63, remaining: 1 s.
 [ 09:34:59 |  79% ] q-point 51 / 63, remaining: 1 s.
 [ 09:35:00 |  89% ] q-point 57 / 63, remaining: 0 s.
 [ 09:35:00 |  98% ] q-point 63 / 63, remaining: 0 s.
 Finished reading epsmat.h5 at 09:35:00.
 Elapsed time: 3 s.
 
 Number of k-points in WFN_inner: 64
 Number of k-points in the full BZ of WFN_inner: 64
 
================================================================================
 09:35:00   Dealing with k =  0.000000  0.000000  0.000000                1 / 64
================================================================================

 Reading kih.dat
 Number of q-points in the irreducible BZ(k) (nrq): 64

 Using GPU support via OpenACC/OMP-Target implementation
 Band block size in MTXEL:    15
 
 Started calculating Sigma with 1024 block(s) at 09:35:00.
==== DEBUG HEAD TERMS (for LORRAX comparison) ====
  irq=1  q0vec=  0.000250  0.000000  0.000000
  v(q->0, G=0)        [a.u.] =   1.911132747028E-01
  W(q->0, G=0, w=0)   [a.u.] =   8.696708322736E-03  4.844239848521E-21
  epshead(q->0)              =   4.550551674791E-02  2.534747968740E-20
  fact = 1/(Nk*Omega)         =   5.784741111708E-05
==================================================
 [ 09:35:01 |   0% ] block    1 / 1024.
 [ 09:35:01 |   0% ] block    3 / 1024, remaining: 17 s.
 [ 09:35:02 |  10% ] block  103 / 1024, remaining: 8 s.
 [ 09:35:03 |  20% ] block  205 / 1024, remaining: 6 s.
 [ 09:35:03 |  30% ] block  308 / 1024, remaining: 5 s.
 [ 09:35:04 |  40% ] block  410 / 1024, remaining: 4 s.
 [ 09:35:05 |  50% ] block  513 / 1024, remaining: 3 s.
 [ 09:35:05 |  60% ] block  615 / 1024, remaining: 3 s.
 [ 09:35:06 |  70% ] block  717 / 1024, remaining: 2 s.
 [ 09:35:07 |  80% ] block  820 / 1024, remaining: 1 s.
 [ 09:35:07 |  90% ] block  922 / 1024, remaining: 1 s.
 Finished calculating Sigma at 09:35:08.
 Elapsed time: 8 s.
 
 Unsymmetrized values for ik =   1 spin = 1
 
     n      Emf       Eo      KIH        X     SX-X       CH      Cor      Sig
     1   -5.697   -5.697    5.102  -17.485   12.914   -9.323    3.591  -13.894
     2   -5.697   -5.697    5.102  -17.485   12.914   -9.323    3.591  -13.894
     3    6.249    6.249   17.951  -12.951    8.955   -9.839   -0.883  -13.834
     4    6.249    6.249   17.951  -12.951    8.955   -9.839   -0.883  -13.834
     5    6.297    6.297   17.994  -12.925    8.933   -9.836   -0.902  -13.828
     6    6.297    6.297   17.994  -12.925    8.933   -9.836   -0.902  -13.828
     7    6.297    6.297   17.994  -12.925    8.934   -9.836   -0.902  -13.827
     8    6.297    6.297   17.994  -12.925    8.934   -9.836   -0.902  -13.827
     9    8.798    8.798   19.127   -5.754    3.432   -9.066   -5.633  -11.387
    10    8.798    8.798   19.127   -5.754    3.432   -9.066   -5.633  -11.387
    11    8.833    8.833   19.154   -5.733    3.416   -9.061   -5.645  -11.378
    12    8.833    8.833   19.154   -5.733    3.416   -9.061   -5.645  -11.378
    13    8.833    8.833   19.154   -5.733    3.415   -9.061   -5.646  -11.379
    14    8.833    8.833   19.154   -5.733    3.415   -9.061   -5.646  -11.379
    15    9.629    9.629   21.355   -5.878    3.414   -9.885   -6.471  -12.349
    16    9.629    9.629   21.355   -5.878    3.414   -9.885   -6.471  -12.349

 Symmetrized values from band-averaging:

       k =  0.000000  0.000000  0.000000 ik =   1 spin = 1

     n      Emf       Eo      KIH        X      Cor     Eqp0     Eqp1      Znk
     1   -5.697   -5.697    5.102  -17.485    3.591   -8.792   -8.792    1.000
     2   -5.697   -5.697    5.102  -17.485    3.591   -8.792   -8.792    1.000
     3    6.249    6.249   17.951  -12.951   -0.883    4.117    4.117    1.000
     4    6.249    6.249   17.951  -12.951   -0.883    4.117    4.117    1.000
     5    6.297    6.297   17.994  -12.925   -0.902    4.167    4.167    1.000
     6    6.297    6.297   17.994  -12.925   -0.902    4.167    4.167    1.000
     7    6.297    6.297   17.994  -12.925   -0.902    4.167    4.167    1.000
     8    6.297    6.297   17.994  -12.925   -0.902    4.167    4.167    1.000
     9    8.798    8.798   19.127   -5.754   -5.633    7.740    7.740    1.000
    10    8.798    8.798   19.127   -5.754   -5.633    7.740    7.740    1.000
    11    8.833    8.833   19.154   -5.733   -5.646    7.776    7.776    1.000
    12    8.833    8.833   19.154   -5.733   -5.646    7.776    7.776    1.000
    13    8.833    8.833   19.154   -5.733   -5.646    7.776    7.776    1.000
    14    8.833    8.833   19.154   -5.733   -5.646    7.776    7.776    1.000
    15    9.629    9.629   21.355   -5.878   -6.471    9.007    9.007    1.000
    16    9.629    9.629   21.355   -5.878   -6.471    9.007    9.007    1.000
 
================================================================================
 09:35:08   Dealing with k = -0.000000 -0.000000  0.250000                2 / 64
================================================================================

 Reading kih.dat
 Number of q-points in the irreducible BZ(k) (nrq): 64

 Using GPU support via OpenACC/OMP-Target implementation
 Band block size in MTXEL:    15
 
 Started calculating Sigma with 1024 block(s) at 09:35:08.
 [ 09:35:08 |   0% ] block    1 / 1024.
 [ 09:35:08 |   0% ] block    3 / 1024, remaining: 17 s.
 [ 09:35:09 |  10% ] block  103 / 1024, remaining: 7 s.
 [ 09:35:10 |  20% ] block  205 / 1024, remaining: 6 s.
 [ 09:35:10 |  30% ] block  308 / 1024, remaining: 5 s.
 [ 09:35:11 |  40% ] block  410 / 1024, remaining: 4 s.
 [ 09:35:12 |  50% ] block  513 / 1024, remaining: 3 s.
 [ 09:35:12 |  60% ] block  615 / 1024, remaining: 3 s.
 [ 09:35:13 |  70% ] block  717 / 1024, remaining: 2 s.
 [ 09:35:13 |  80% ] block  820 / 1024, remaining: 1 s.
 [ 09:35:14 |  90% ] block  922 / 1024, remaining: 1 s.
 Finished calculating Sigma at 09:35:15.
 Elapsed time: 7 s.
 
 Unsymmetrized values for ik =   2 spin = 1
 
     n      Emf       Eo      KIH        X     SX-X       CH      Cor      Sig
     1   -4.897   -4.897    5.991  -17.223   12.694   -9.376    3.318  -13.905
     2   -4.897   -4.897    5.991  -17.223   12.694   -9.376    3.318  -13.905
     3    2.340    2.340   13.366  -13.709    9.831   -9.450    0.381  -13.328
     4    2.340    2.340   13.366  -13.709    9.831   -9.450    0.381  -13.328
     5    5.499    5.499   16.941  -12.903    9.014   -9.692   -0.678  -13.582
     6    5.499    5.499   16.941  -12.903    9.014   -9.692   -0.678  -13.582
     7    5.530    5.530   16.969  -12.884    8.999   -9.690   -0.691  -13.576
     8    5.530    5.530   16.969  -12.884    8.999   -9.690   -0.691  -13.576
     9    8.295    8.295   18.842   -5.811    3.420   -9.176   -5.756  -11.567
    10    8.295    8.295   18.842   -5.811    3.420   -9.176   -5.756  -11.567
    11    9.757    9.757   20.126   -5.495    3.174   -9.081   -5.907  -11.402
    12    9.757    9.757   20.126   -5.495    3.174   -9.081   -5.907  -11.402
    13    9.779    9.779   20.142   -5.485    3.166   -9.078   -5.912  -11.397
    14    9.779    9.779   20.142   -5.485    3.166   -9.078   -5.912  -11.397
    15   13.192   13.192   24.205   -4.894    2.585   -9.449   -6.864  -11.758
    16   13.192   13.192   24.205   -4.894    2.585   -9.449   -6.864  -11.758

 Symmetrized values from band-averaging:

       k = -0.000000 -0.000000  0.250000 ik =   2 spin = 1

     n      Emf       Eo      KIH        X      Cor     Eqp0     Eqp1      Znk
     1   -4.897   -4.897    5.991  -17.223    3.318   -7.913   -7.913    1.000
     2   -4.897   -4.897    5.991  -17.223    3.318   -7.913   -7.913    1.000
     3    2.340    2.340   13.366  -13.709    0.381    0.037    0.037    1.000
     4    2.340    2.340   13.366  -13.709    0.381    0.037    0.037    1.000
     5    5.499    5.499   16.941  -12.903   -0.678    3.360    3.360    1.000
     6    5.499    5.499   16.941  -12.903   -0.678    3.360    3.360    1.000
     7    5.530    5.530   16.969  -12.884   -0.691    3.393    3.393    1.000
     8    5.530    5.530   16.969  -12.884   -0.691    3.393    3.393    1.000
     9    8.295    8.295   18.842   -5.811   -5.756    7.275    7.275    1.000
    10    8.295    8.295   18.842   -5.811   -5.756    7.275    7.275    1.000
    11    9.757    9.757   20.126   -5.495   -5.907    8.724    8.724    1.000
    12    9.757    9.757   20.126   -5.495   -5.907    8.724    8.724    1.000
    13    9.779    9.779   20.142   -5.485   -5.912    8.746    8.746    1.000
    14    9.779    9.779   20.142   -5.485   -5.912    8.746    8.746    1.000
    15   13.192   13.192   24.205   -4.894   -6.864   12.447   12.447    1.000
    16   13.192   13.192   24.205   -4.894   -6.864   12.447   12.447    1.000
 
================================================================================
 09:35:15   Dealing with k = -0.000000 -0.000000  0.500000                3 / 64
================================================================================

 Reading kih.dat
 Number of q-points in the irreducible BZ(k) (nrq): 64

 Using GPU support via OpenACC/OMP-Target implementation
 Band block size in MTXEL:    15
 
 Started calculating Sigma with 1024 block(s) at 09:35:16.
 [ 09:35:16 |   0% ] block    1 / 1024.
 [ 09:35:16 |   0% ] block    3 / 1024, remaining: 19 s.
 [ 09:35:17 |  10% ] block  103 / 1024, remaining: 8 s.
 [ 09:35:17 |  20% ] block  205 / 1024, remaining: 6 s.
 [ 09:35:18 |  30% ] block  308 / 1024, remaining: 5 s.
 [ 09:35:19 |  40% ] block  410 / 1024, remaining: 4 s.
 [ 09:35:19 |  50% ] block  513 / 1024, remaining: 3 s.
 [ 09:35:20 |  60% ] block  615 / 1024, remaining: 3 s.
 [ 09:35:21 |  70% ] block  717 / 1024, remaining: 2 s.
 [ 09:35:21 |  80% ] block  820 / 1024, remaining: 1 s.
 [ 09:35:22 |  90% ] block  922 / 1024, remaining: 1 s.
 Finished calculating Sigma at 09:35:23.
 Elapsed time: 7 s.
 
 Unsymmetrized values for ik =   3 spin = 1
 
     n      Emf       Eo      KIH        X     SX-X       CH      Cor      Sig
     1   -3.363   -3.363    7.884  -16.863   12.359   -9.592    2.767  -14.096
     2   -3.363   -3.363    7.884  -16.863   12.359   -9.592    2.767  -14.096
     3   -0.707   -0.707    9.791  -14.858   10.859   -9.135    1.724  -13.134
     4   -0.707   -0.707    9.791  -14.858   10.859   -9.135    1.724  -13.134
     5    5.057    5.057   16.470  -13.165    9.238   -9.677   -0.439  -13.604
     6    5.057    5.057   16.470  -13.165    9.238   -9.677   -0.439  -13.604
     7    5.089    5.089   16.499  -13.147    9.223   -9.675   -0.452  -13.599
     8    5.089    5.089   16.499  -13.147    9.223   -9.675   -0.452  -13.599
     9    7.805    7.805   18.356   -5.919    3.498   -9.173   -5.675  -11.595
    10    7.805    7.805   18.356   -5.919    3.498   -9.173   -5.675  -11.595
    11    9.594    9.594   19.478   -5.061    2.906   -8.779   -5.873  -10.935
    12    9.594    9.594   19.478   -5.061    2.906   -8.779   -5.873  -10.935
    13    9.609    9.609   19.487   -5.054    2.900   -8.776   -5.876  -10.929
    14    9.609    9.609   19.487   -5.054    2.900   -8.776   -5.876  -10.929
    15   14.000   14.000   21.841   -2.391    1.004   -7.548   -6.544   -8.935
    16   14.000   14.000   21.841   -2.391    1.004   -7.548   -6.544   -8.935

 Symmetrized values from band-averaging:

       k = -0.000000 -0.000000  0.500000 ik =   3 spin = 1

     n      Emf       Eo      KIH        X      Cor     Eqp0     Eqp1      Znk
     1   -3.363   -3.363    7.884  -16.863    2.767   -6.211   -6.211    1.000
     2   -3.363   -3.363    7.884  -16.863    2.767   -6.211   -6.211    1.000
     3   -0.707   -0.707    9.791  -14.858    1.724   -3.343   -3.343    1.000
     4   -0.707   -0.707    9.791  -14.858    1.724   -3.343   -3.343    1.000
     5    5.057    5.057   16.470  -13.165   -0.439    2.866    2.866    1.000
     6    5.057    5.057   16.470  -13.165   -0.439    2.866    2.866    1.000
     7    5.089    5.089   16.499  -13.147   -0.452    2.900    2.900    1.000
     8    5.089    5.089   16.499  -13.147   -0.452    2.900    2.900    1.000
     9    7.805    7.805   18.356   -5.919   -5.675    6.761    6.761    1.000
    10    7.805    7.805   18.356   -5.919   -5.675    6.761    6.761    1.000
    11    9.594    9.594   19.478   -5.061   -5.873    8.543    8.543    1.000
    12    9.594    9.594   19.478   -5.061   -5.873    8.543    8.543    1.000
    13    9.609    9.609   19.487   -5.054   -5.876    8.557    8.557    1.000
    14    9.609    9.609   19.487   -5.054   -5.876    8.557    8.557    1.000
    15   14.000   14.000   21.841   -2.391   -6.544   12.906   12.906    1.000
    16   14.000   14.000   21.841   -2.391   -6.544   12.906   12.906    1.000
 
================================================================================
 09:35:23   Dealing with k =  0.000000  0.000000  0.750000                4 / 64
================================================================================

 Reading kih.dat
 Number of q-points in the irreducible BZ(k) (nrq): 64

 Using GPU support via OpenACC/OMP-Target implementation
 Band block size in MTXEL:    15
 
 Started calculating Sigma with 1024 block(s) at 09:35:23.
 [ 09:35:23 |   0% ] block    1 / 1024.
 [ 09:35:23 |   0% ] block    3 / 1024, remaining: 20 s.
 [ 09:35:24 |  10% ] block  103 / 1024, remaining: 8 s.
 [ 09:35:24 |  20% ] block  205 / 1024, remaining: 6 s.
 [ 09:35:25 |  30% ] block  308 / 1024, remaining: 5 s.
 [ 09:35:26 |  40% ] block  410 / 1024, remaining: 4 s.
 [ 09:35:26 |  50% ] block  513 / 1024, remaining: 4 s.
 [ 09:35:27 |  60% ] block  615 / 1024, remaining: 3 s.
 [ 09:35:28 |  70% ] block  717 / 1024, remaining: 2 s.
 [ 09:35:28 |  80% ] block  820 / 1024, remaining: 1 s.
 [ 09:35:29 |  90% ] block  922 / 1024, remaining: 1 s.
 Finished calculating Sigma at 09:35:30.
 Elapsed time: 7 s.
 
 Unsymmetrized values for ik =   4 spin = 1
 
     n      Emf       Eo      KIH        X     SX-X       CH      Cor      Sig
     1   -4.897   -4.897    5.991  -17.221   12.696   -9.376    3.320  -13.901
     2   -4.897   -4.897    5.991  -17.221   12.696   -9.376    3.320  -13.901
     3    2.340    2.340   13.366  -13.715    9.825   -9.450    0.375  -13.340
     4    2.340    2.340   13.366  -13.715    9.825   -9.450    0.375  -13.340
     5    5.499    5.499   16.941  -12.905    9.013   -9.692   -0.679  -13.584
     6    5.499    5.499   16.941  -12.905    9.013   -9.692   -0.679  -13.584
     7    5.530    5.530   16.969  -12.886    8.998   -9.690   -0.692  -13.578
     8    5.530    5.530   16.969  -12.886    8.998   -9.690   -0.692  -13.578
     9    8.295    8.295   18.842   -5.811    3.419   -9.176   -5.757  -11.568
    10    8.295    8.295   18.842   -5.811    3.419   -9.176   -5.757  -11.568
    11    9.757    9.757   20.126   -5.494    3.176   -9.081   -5.905  -11.400
    12    9.757    9.757   20.126   -5.494    3.176   -9.081   -5.905  -11.400
    13    9.779    9.779   20.142   -5.484    3.167   -9.078   -5.910  -11.395
    14    9.779    9.779   20.142   -5.484    3.167   -9.078   -5.910  -11.395
    15   13.192   13.192   24.205   -4.890    2.590   -9.449   -6.859  -11.749
    16   13.192   13.192   24.205   -4.890    2.590   -9.449   -6.859  -11.749

 Symmetrized values from band-averaging:

       k =  0.000000  0.000000  0.750000 ik =   4 spin = 1

     n      Emf       Eo      KIH        X      Cor     Eqp0     Eqp1      Znk
     1   -4.897   -4.897    5.991  -17.221    3.320   -7.910   -7.910    1.000
     2   -4.897   -4.897    5.991  -17.221    3.320   -7.910   -7.910    1.000
     3    2.340    2.340   13.366  -13.715    0.375    0.025    0.025    1.000
     4    2.340    2.340   13.366  -13.715    0.375    0.025    0.025    1.000
     5    5.499    5.499   16.941  -12.905   -0.679    3.358    3.358    1.000
     6    5.499    5.499   16.941  -12.905   -0.679    3.358    3.358    1.000
     7    5.530    5.530   16.969  -12.886   -0.692    3.391    3.391    1.000
     8    5.530    5.530   16.969  -12.886   -0.692    3.391    3.391    1.000
     9    8.295    8.295   18.842   -5.811   -5.757    7.273    7.273    1.000
    10    8.295    8.295   18.842   -5.811   -5.757    7.273    7.273    1.000
    11    9.757    9.757   20.126   -5.494   -5.905    8.727    8.727    1.000
    12    9.757    9.757   20.126   -5.494   -5.905    8.727    8.727    1.000
    13    9.779    9.779   20.142   -5.484   -5.910    8.748    8.748    1.000
    14    9.779    9.779   20.142   -5.484   -5.910    8.748    8.748    1.000
    15   13.192   13.192   24.205   -4.890   -6.859   12.456   12.456    1.000
    16   13.192   13.192   24.205   -4.890   -6.859   12.456   12.456    1.000
 
================================================================================
 09:35:30   Dealing with k =  0.000000  0.250000 -0.000000                5 / 64
================================================================================

 Reading kih.dat
 Number of q-points in the irreducible BZ(k) (nrq): 64

 Using GPU support via OpenACC/OMP-Target implementation
 Band block size in MTXEL:    15
 
 Started calculating Sigma with 1024 block(s) at 09:35:30.
 [ 09:35:30 |   0% ] block    1 / 1024.
 [ 09:35:30 |   0% ] block    3 / 1024, remaining: 19 s.
 [ 09:35:31 |  10% ] block  103 / 1024, remaining: 8 s.
 [ 09:35:31 |  20% ] block  205 / 1024, remaining: 6 s.
 [ 09:35:32 |  30% ] block  308 / 1024, remaining: 5 s.
 [ 09:35:33 |  40% ] block  410 / 1024, remaining: 4 s.
 [ 09:35:33 |  50% ] block  513 / 1024, remaining: 3 s.
 [ 09:35:34 |  60% ] block  615 / 1024, remaining: 3 s.
 [ 09:35:35 |  70% ] block  717 / 1024, remaining: 2 s.
 [ 09:35:35 |  80% ] block  820 / 1024, remaining: 1 s.
 [ 09:35:36 |  90% ] block  922 / 1024, remaining: 1 s.
 Finished calculating Sigma at 09:35:36.
 Elapsed time: 7 s.
 
 Unsymmetrized values for ik =   5 spin = 1
 
     n      Emf       Eo      KIH        X     SX-X       CH      Cor      Sig
     1   -4.897   -4.897    5.991  -17.224   12.694   -9.376    3.319  -13.905
     2   -4.897   -4.897    5.991  -17.224   12.694   -9.376    3.319  -13.905
     3    2.340    2.340   13.366  -13.709    9.832   -9.450    0.381  -13.328
     4    2.340    2.340   13.366  -13.709    9.832   -9.450    0.381  -13.328
     5    5.499    5.499   16.941  -12.903    9.014   -9.692   -0.678  -13.581
     6    5.499    5.499   16.941  -12.903    9.014   -9.692   -0.678  -13.581
     7    5.530    5.530   16.969  -12.884    8.999   -9.690   -0.691  -13.576
     8    5.530    5.530   16.969  -12.884    8.999   -9.690   -0.691  -13.576
     9    8.295    8.295   18.842   -5.811    3.420   -9.176   -5.756  -11.567
    10    8.295    8.295   18.842   -5.811    3.420   -9.176   -5.756  -11.567
    11    9.757    9.757   20.126   -5.495    3.174   -9.081   -5.907  -11.402
    12    9.757    9.757   20.126   -5.495    3.174   -9.081   -5.907  -11.402
    13    9.779    9.779   20.142   -5.485    3.166   -9.078   -5.912  -11.397
    14    9.779    9.779   20.142   -5.485    3.166   -9.078   -5.912  -11.397
    15   13.192   13.192   24.205   -4.894    2.585   -9.449   -6.865  -11.759
    16   13.192   13.192   24.205   -4.894    2.585   -9.449   -6.865  -11.759

 Symmetrized values from band-averaging:

       k =  0.000000  0.250000 -0.000000 ik =   5 spin = 1

     n      Emf       Eo      KIH        X      Cor     Eqp0     Eqp1      Znk
     1   -4.897   -4.897    5.991  -17.224    3.319   -7.914   -7.914    1.000
     2   -4.897   -4.897    5.991  -17.224    3.319   -7.914   -7.914    1.000
     3    2.340    2.340   13.366  -13.709    0.381    0.038    0.038    1.000
     4    2.340    2.340   13.366  -13.709    0.381    0.038    0.038    1.000
     5    5.499    5.499   16.941  -12.903   -0.678    3.360    3.360    1.000
     6    5.499    5.499   16.941  -12.903   -0.678    3.360    3.360    1.000
     7    5.530    5.530   16.969  -12.884   -0.691    3.393    3.393    1.000
     8    5.530    5.530   16.969  -12.884   -0.691    3.393    3.393    1.000
     9    8.295    8.295   18.842   -5.811   -5.756    7.275    7.275    1.000
    10    8.295    8.295   18.842   -5.811   -5.756    7.275    7.275    1.000
    11    9.757    9.757   20.126   -5.495   -5.907    8.724    8.724    1.000
    12    9.757    9.757   20.126   -5.495   -5.907    8.724    8.724    1.000
    13    9.779    9.779   20.142   -5.485   -5.912    8.746    8.746    1.000
    14    9.779    9.779   20.142   -5.485   -5.912    8.746    8.746    1.000
    15   13.192   13.192   24.205   -4.894   -6.865   12.446   12.446    1.000
    16   13.192   13.192   24.205   -4.894   -6.865   12.446   12.446    1.000
 
================================================================================
 09:35:36   Dealing with k =  0.000000  0.250000  0.250000                6 / 64
================================================================================

 Reading kih.dat
 Number of q-points in the irreducible BZ(k) (nrq): 64

 Using GPU support via OpenACC/OMP-Target implementation
 Band block size in MTXEL:    15
 
 Started calculating Sigma with 1024 block(s) at 09:35:37.
 [ 09:35:37 |   0% ] block    1 / 1024.
 [ 09:35:37 |   0% ] block    3 / 1024, remaining: 18 s.
 [ 09:35:37 |  10% ] block  103 / 1024, remaining: 8 s.
 [ 09:35:38 |  20% ] block  205 / 1024, remaining: 6 s.
 [ 09:35:39 |  30% ] block  308 / 1024, remaining: 5 s.
 [ 09:35:39 |  40% ] block  410 / 1024, remaining: 4 s.
 [ 09:35:40 |  50% ] block  513 / 1024, remaining: 3 s.
 [ 09:35:41 |  60% ] block  615 / 1024, remaining: 3 s.
 [ 09:35:41 |  70% ] block  717 / 1024, remaining: 2 s.
 [ 09:35:42 |  80% ] block  820 / 1024, remaining: 1 s.
 [ 09:35:43 |  90% ] block  922 / 1024, remaining: 1 s.
 Finished calculating Sigma at 09:35:43.
 Elapsed time: 7 s.
 
 Unsymmetrized values for ik =   6 spin = 1
 
     n      Emf       Eo      KIH        X     SX-X       CH      Cor      Sig
     1   -4.615   -4.615    6.293  -17.116   12.606   -9.387    3.219  -13.898
     2   -4.615   -4.615    6.293  -17.116   12.606   -9.387    3.219  -13.898
     3    2.755    2.755   14.407  -14.053    9.998   -9.827    0.171  -13.881
     4    2.755    2.755   14.407  -14.053    9.998   -9.827    0.171  -13.881
     5    4.374    4.374   15.410  -12.957    9.171   -9.453   -0.283  -13.240
     6    4.374    4.374   15.410  -12.957    9.171   -9.453   -0.283  -13.240
     7    4.382    4.382   15.414  -12.945    9.162   -9.451   -0.288  -13.233
     8    4.382    4.382   15.414  -12.945    9.162   -9.451   -0.288  -13.233
     9    7.392    7.392   17.005   -5.506    3.289   -8.614   -5.326  -10.832
    10    7.392    7.392   17.005   -5.506    3.289   -8.614   -5.326  -10.832
    11    9.398    9.398   18.765   -4.596    2.587   -8.457   -5.871  -10.467
    12    9.398    9.398   18.765   -4.596    2.587   -8.457   -5.871  -10.467
    13   12.029   12.029   23.000   -5.341    2.892   -9.439   -6.547  -11.888
    14   12.029   12.029   23.000   -5.341    2.892   -9.439   -6.547  -11.888
    15   12.032   12.032   23.011   -5.351    2.897   -9.444   -6.547  -11.897
    16   12.032   12.032   23.011   -5.351    2.897   -9.444   -6.547  -11.897

 Symmetrized values from band-averaging:

       k =  0.000000  0.250000  0.250000 ik =   6 spin = 1

     n      Emf       Eo      KIH        X      Cor     Eqp0     Eqp1      Znk
     1   -4.615   -4.615    6.293  -17.116    3.219   -7.605   -7.605    1.000
     2   -4.615   -4.615    6.293  -17.116    3.219   -7.605   -7.605    1.000
     3    2.755    2.755   14.407  -14.053    0.171    0.525    0.525    1.000
     4    2.755    2.755   14.407  -14.053    0.171    0.525    0.525    1.000
     5    4.374    4.374   15.410  -12.957   -0.283    2.170    2.170    1.000
     6    4.374    4.374   15.410  -12.957   -0.283    2.170    2.170    1.000
     7    4.382    4.382   15.414  -12.945   -0.288    2.181    2.181    1.000
     8    4.382    4.382   15.414  -12.945   -0.288    2.181    2.181    1.000
     9    7.392    7.392   17.005   -5.506   -5.326    6.173    6.173    1.000
    10    7.392    7.392   17.005   -5.506   -5.326    6.173    6.173    1.000
    11    9.398    9.398   18.765   -4.596   -5.871    8.299    8.299    1.000
    12    9.398    9.398   18.765   -4.596   -5.871    8.299    8.299    1.000
    13   12.029   12.029   23.000   -5.341   -6.547   11.112   11.112    1.000
    14   12.029   12.029   23.000   -5.341   -6.547   11.112   11.112    1.000
    15   12.032   12.032   23.011   -5.351   -6.547   11.114   11.114    1.000
    16   12.032   12.032   23.011   -5.351   -6.547   11.114   11.114    1.000
 
================================================================================
 09:35:43   Dealing with k = -0.000000  0.250000  0.500000                7 / 64
================================================================================

 Reading kih.dat
 Number of q-points in the irreducible BZ(k) (nrq): 64

 Using GPU support via OpenACC/OMP-Target implementation
 Band block size in MTXEL:    15
 
 Started calculating Sigma with 1024 block(s) at 09:35:43.
 [ 09:35:43 |   0% ] block    1 / 1024.
 [ 09:35:43 |   0% ] block    3 / 1024, remaining: 19 s.
 [ 09:35:44 |  10% ] block  103 / 1024, remaining: 8 s.
 [ 09:35:45 |  20% ] block  205 / 1024, remaining: 6 s.
 [ 09:35:45 |  30% ] block  308 / 1024, remaining: 5 s.
 [ 09:35:46 |  40% ] block  410 / 1024, remaining: 4 s.
 [ 09:35:47 |  50% ] block  513 / 1024, remaining: 3 s.
 [ 09:35:47 |  60% ] block  615 / 1024, remaining: 3 s.
 [ 09:35:48 |  70% ] block  717 / 1024, remaining: 2 s.
 [ 09:35:49 |  80% ] block  820 / 1024, remaining: 1 s.
 [ 09:35:49 |  90% ] block  922 / 1024, remaining: 1 s.
 Finished calculating Sigma at 09:35:50.
 Elapsed time: 7 s.
 
 Unsymmetrized values for ik =   7 spin = 1
 
     n      Emf       Eo      KIH        X     SX-X       CH      Cor      Sig
     1   -2.977   -2.977    8.199  -16.617   12.168   -9.548    2.619  -13.998
     2   -2.977   -2.977    8.199  -16.617   12.168   -9.548    2.619  -13.998
     3   -0.116   -0.116   11.030  -15.156   10.999   -9.527    1.472  -13.684
     4   -0.116   -0.116   11.030  -15.156   10.999   -9.527    1.472  -13.684
     5    2.730    2.730   13.219  -12.921    9.275   -9.127    0.148  -12.773
     6    2.730    2.730   13.219  -12.921    9.275   -9.127    0.148  -12.773
     7    4.062    4.062   15.089  -13.155    9.328   -9.448   -0.120  -13.275
     8    4.062    4.062   15.089  -13.155    9.328   -9.448   -0.120  -13.275
     9    7.784    7.784   17.225   -5.175    3.034   -8.504   -5.470  -10.644
    10    7.784    7.784   17.225   -5.175    3.034   -8.504   -5.470  -10.644
    11   10.723   10.723   20.584   -4.856    2.640   -8.750   -6.110  -10.966
    12   10.723   10.723   20.584   -4.856    2.640   -8.750   -6.110  -10.966
    13   12.018   12.018   22.879   -5.128    2.764   -9.363   -6.598  -11.727
    14   12.018   12.018   22.879   -5.128    2.764   -9.363   -6.598  -11.727
    15   12.191   12.191   22.582   -4.745    2.525   -9.085   -6.560  -11.305
    16   12.191   12.191   22.582   -4.745    2.525   -9.085   -6.560  -11.305

 Symmetrized values from band-averaging:

       k = -0.000000  0.250000  0.500000 ik =   7 spin = 1

     n      Emf       Eo      KIH        X      Cor     Eqp0     Eqp1      Znk
     1   -2.977   -2.977    8.199  -16.617    2.619   -5.799   -5.799    1.000
     2   -2.977   -2.977    8.199  -16.617    2.619   -5.799   -5.799    1.000
     3   -0.116   -0.116   11.030  -15.156    1.472   -2.654   -2.654    1.000
     4   -0.116   -0.116   11.030  -15.156    1.472   -2.654   -2.654    1.000
     5    2.730    2.730   13.219  -12.921    0.148    0.445    0.445    1.000
     6    2.730    2.730   13.219  -12.921    0.148    0.445    0.445    1.000
     7    4.062    4.062   15.089  -13.155   -0.120    1.815    1.815    1.000
     8    4.062    4.062   15.089  -13.155   -0.120    1.815    1.815    1.000
     9    7.784    7.784   17.225   -5.175   -5.470    6.581    6.581    1.000
    10    7.784    7.784   17.225   -5.175   -5.470    6.581    6.581    1.000
    11   10.723   10.723   20.584   -4.856   -6.110    9.617    9.617    1.000
    12   10.723   10.723   20.584   -4.856   -6.110    9.617    9.617    1.000
    13   12.018   12.018   22.879   -5.128   -6.598   11.152   11.152    1.000
    14   12.018   12.018   22.879   -5.128   -6.598   11.152   11.152    1.000
    15   12.191   12.191   22.582   -4.745   -6.560   11.277   11.277    1.000
    16   12.191   12.191   22.582   -4.745   -6.560   11.277   11.277    1.000
 
================================================================================
 09:35:50   Dealing with k = -0.000000  0.250000  0.750000                8 / 64
================================================================================

 Reading kih.dat
 Number of q-points in the irreducible BZ(k) (nrq): 64

 Using GPU support via OpenACC/OMP-Target implementation
 Band block size in MTXEL:    15
 
 Started calculating Sigma with 1024 block(s) at 09:35:50.
 [ 09:35:50 |   0% ] block    1 / 1024.
 [ 09:35:50 |   0% ] block    3 / 1024, remaining: 18 s.
 [ 09:35:51 |  10% ] block  103 / 1024, remaining: 7 s.
 [ 09:35:52 |  20% ] block  205 / 1024, remaining: 6 s.
 [ 09:35:52 |  30% ] block  308 / 1024, remaining: 5 s.
 [ 09:35:53 |  40% ] block  410 / 1024, remaining: 4 s.
 [ 09:35:53 |  50% ] block  513 / 1024, remaining: 3 s.
 [ 09:35:54 |  60% ] block  615 / 1024, remaining: 3 s.
 [ 09:35:55 |  70% ] block  717 / 1024, remaining: 2 s.
 [ 09:35:55 |  80% ] block  820 / 1024, remaining: 1 s.
 [ 09:35:56 |  90% ] block  922 / 1024, remaining: 1 s.
 Finished calculating Sigma at 09:35:56.
 Elapsed time: 6 s.
 
 Unsymmetrized values for ik =   8 spin = 1
 
     n      Emf       Eo      KIH        X     SX-X       CH      Cor      Sig
     1   -3.652   -3.652    7.411  -16.826   12.356   -9.481    2.875  -13.951
     2   -3.652   -3.652    7.411  -16.826   12.356   -9.481    2.875  -13.951
     3    0.788    0.788   12.089  -14.835   10.702   -9.619    1.083  -13.752
     4    0.788    0.788   12.089  -14.835   10.702   -9.619    1.083  -13.752
     5    2.510    2.510   12.809  -12.856    9.257   -9.013    0.244  -12.612
     6    2.510    2.510   12.809  -12.856    9.257   -9.013    0.244  -12.612
     7    4.943    4.943   16.245  -12.995    9.124   -9.611   -0.487  -13.481
     8    4.943    4.943   16.245  -12.995    9.124   -9.611   -0.487  -13.481
     9    8.713    8.713   18.578   -5.198    3.014   -8.763   -5.750  -10.948
    10    8.713    8.713   18.578   -5.198    3.014   -8.763   -5.750  -10.948
    11   11.050   11.050   21.480   -4.934    2.732   -9.127   -6.395  -11.329
    12   11.050   11.050   21.480   -4.934    2.732   -9.127   -6.395  -11.329
    13   11.420   11.420   21.977   -5.483    2.959   -9.153   -6.194  -11.677
    14   11.420   11.420   21.977   -5.483    2.959   -9.153   -6.194  -11.677
    15   12.412   12.412   22.724   -4.414    2.340   -9.043   -6.703  -11.117
    16   12.412   12.412   22.724   -4.414    2.340   -9.043   -6.703  -11.117

 Symmetrized values from band-averaging:

       k = -0.000000  0.250000  0.750000 ik =   8 spin = 1

     n      Emf       Eo      KIH        X      Cor     Eqp0     Eqp1      Znk
     1   -3.652   -3.652    7.411  -16.826    2.875   -6.540   -6.540    1.000
     2   -3.652   -3.652    7.411  -16.826    2.875   -6.540   -6.540    1.000
     3    0.788    0.788   12.089  -14.835    1.083   -1.663   -1.663    1.000
     4    0.788    0.788   12.089  -14.835    1.083   -1.663   -1.663    1.000
     5    2.510    2.510   12.809  -12.856    0.244    0.197    0.197    1.000
     6    2.510    2.510   12.809  -12.856    0.244    0.197    0.197    1.000
     7    4.943    4.943   16.245  -12.995   -0.487    2.764    2.764    1.000
     8    4.943    4.943   16.245  -12.995   -0.487    2.764    2.764    1.000
     9    8.713    8.713   18.578   -5.198   -5.750    7.630    7.630    1.000
    10    8.713    8.713   18.578   -5.198   -5.750    7.630    7.630    1.000
    11   11.050   11.050   21.480   -4.934   -6.395   10.151   10.151    1.000
    12   11.050   11.050   21.480   -4.934   -6.395   10.151   10.151    1.000
    13   11.420   11.420   21.977   -5.483   -6.194   10.300   10.300    1.000
    14   11.420   11.420   21.977   -5.483   -6.194   10.300   10.300    1.000
    15   12.412   12.412   22.724   -4.414   -6.703   11.607   11.607    1.000
    16   12.412   12.412   22.724   -4.414   -6.703   11.607   11.607    1.000
 
================================================================================
 09:35:56   Dealing with k =  0.000000  0.500000 -0.000000                9 / 64
================================================================================

 Reading kih.dat
 Number of q-points in the irreducible BZ(k) (nrq): 64

 Using GPU support via OpenACC/OMP-Target implementation
 Band block size in MTXEL:    15
 
 Started calculating Sigma with 1024 block(s) at 09:35:57.
 [ 09:35:57 |   0% ] block    1 / 1024.
 [ 09:35:57 |   0% ] block    3 / 1024, remaining: 20 s.
 [ 09:35:57 |  10% ] block  103 / 1024, remaining: 8 s.
 [ 09:35:58 |  20% ] block  205 / 1024, remaining: 6 s.
 [ 09:35:59 |  30% ] block  308 / 1024, remaining: 5 s.
 [ 09:35:59 |  40% ] block  410 / 1024, remaining: 4 s.
 [ 09:36:00 |  50% ] block  513 / 1024, remaining: 3 s.
 [ 09:36:01 |  60% ] block  615 / 1024, remaining: 3 s.
 [ 09:36:01 |  70% ] block  717 / 1024, remaining: 2 s.
 [ 09:36:02 |  80% ] block  820 / 1024, remaining: 1 s.
 [ 09:36:02 |  90% ] block  922 / 1024, remaining: 1 s.
 Finished calculating Sigma at 09:36:03.
 Elapsed time: 6 s.
 
 Unsymmetrized values for ik =   9 spin = 1
 
     n      Emf       Eo      KIH        X     SX-X       CH      Cor      Sig
     1   -3.363   -3.363    7.884  -16.863   12.359   -9.592    2.767  -14.096
     2   -3.363   -3.363    7.884  -16.863   12.359   -9.592    2.767  -14.096
     3   -0.707   -0.707    9.791  -14.858   10.859   -9.135    1.724  -13.134
     4   -0.707   -0.707    9.791  -14.858   10.859   -9.135    1.724  -13.134
     5    5.057    5.057   16.470  -13.164    9.238   -9.677   -0.440  -13.604
     6    5.057    5.057   16.470  -13.164    9.238   -9.677   -0.440  -13.604
     7    5.089    5.089   16.499  -13.146    9.223   -9.675   -0.452  -13.599
     8    5.089    5.089   16.499  -13.146    9.223   -9.675   -0.452  -13.599
     9    7.805    7.805   18.356   -5.919    3.498   -9.173   -5.675  -11.595
    10    7.805    7.805   18.356   -5.919    3.498   -9.173   -5.675  -11.595
    11    9.594    9.594   19.478   -5.061    2.906   -8.779   -5.873  -10.935
    12    9.594    9.594   19.478   -5.061    2.906   -8.779   -5.873  -10.935
    13    9.609    9.609   19.487   -5.054    2.900   -8.776   -5.876  -10.929
    14    9.609    9.609   19.487   -5.054    2.900   -8.776   -5.876  -10.929
    15   14.000   14.000   21.841   -2.391    1.004   -7.548   -6.544   -8.935
    16   14.000   14.000   21.841   -2.391    1.004   -7.548   -6.544   -8.935

 Symmetrized values from band-averaging:

       k =  0.000000  0.500000 -0.000000 ik =   9 spin = 1

     n      Emf       Eo      KIH        X      Cor     Eqp0     Eqp1      Znk
     1   -3.363   -3.363    7.884  -16.863    2.767   -6.211   -6.211    1.000
     2   -3.363   -3.363    7.884  -16.863    2.767   -6.211   -6.211    1.000
     3   -0.707   -0.707    9.791  -14.858    1.724   -3.343   -3.343    1.000
     4   -0.707   -0.707    9.791  -14.858    1.724   -3.343   -3.343    1.000
     5    5.057    5.057   16.470  -13.164   -0.440    2.866    2.866    1.000
     6    5.057    5.057   16.470  -13.164   -0.440    2.866    2.866    1.000
     7    5.089    5.089   16.499  -13.146   -0.452    2.900    2.900    1.000
     8    5.089    5.089   16.499  -13.146   -0.452    2.900    2.900    1.000
     9    7.805    7.805   18.356   -5.919   -5.675    6.761    6.761    1.000
    10    7.805    7.805   18.356   -5.919   -5.675    6.761    6.761    1.000
    11    9.594    9.594   19.478   -5.061   -5.873    8.543    8.543    1.000
    12    9.594    9.594   19.478   -5.061   -5.873    8.543    8.543    1.000
    13    9.609    9.609   19.487   -5.054   -5.876    8.557    8.557    1.000
    14    9.609    9.609   19.487   -5.054   -5.876    8.557    8.557    1.000
    15   14.000   14.000   21.841   -2.391   -6.544   12.906   12.906    1.000
    16   14.000   14.000   21.841   -2.391   -6.544   12.906   12.906    1.000
 
================================================================================
 09:36:03   Dealing with k =  0.000000  0.500000  0.250000               10 / 64
================================================================================

 Reading kih.dat
 Number of q-points in the irreducible BZ(k) (nrq): 64

 Using GPU support via OpenACC/OMP-Target implementation
 Band block size in MTXEL:    15
 
 Started calculating Sigma with 1024 block(s) at 09:36:03.
 [ 09:36:03 |   0% ] block    1 / 1024.
 [ 09:36:03 |   0% ] block    3 / 1024, remaining: 19 s.
 [ 09:36:04 |  10% ] block  103 / 1024, remaining: 8 s.
 [ 09:36:05 |  20% ] block  205 / 1024, remaining: 6 s.
 [ 09:36:05 |  30% ] block  308 / 1024, remaining: 5 s.
 [ 09:36:06 |  40% ] block  410 / 1024, remaining: 4 s.
 [ 09:36:07 |  50% ] block  513 / 1024, remaining: 3 s.
 [ 09:36:07 |  60% ] block  615 / 1024, remaining: 3 s.
 [ 09:36:08 |  70% ] block  717 / 1024, remaining: 2 s.
 [ 09:36:08 |  80% ] block  820 / 1024, remaining: 1 s.
 [ 09:36:09 |  90% ] block  922 / 1024, remaining: 1 s.
 Finished calculating Sigma at 09:36:10.
 Elapsed time: 7 s.
 
 Unsymmetrized values for ik =  10 spin = 1
 
     n      Emf       Eo      KIH        X     SX-X       CH      Cor      Sig
     1   -2.977   -2.977    8.199  -16.618   12.168   -9.548    2.620  -13.998
     2   -2.977   -2.977    8.199  -16.618   12.168   -9.548    2.620  -13.998
     3   -0.116   -0.116   11.030  -15.156   10.999   -9.527    1.472  -13.684
     4   -0.116   -0.116   11.030  -15.156   10.999   -9.527    1.472  -13.684
     5    2.730    2.730   13.219  -12.921    9.275   -9.127    0.148  -12.773
     6    2.730    2.730   13.219  -12.921    9.275   -9.127    0.148  -12.773
     7    4.062    4.062   15.089  -13.154    9.328   -9.448   -0.120  -13.275
     8    4.062    4.062   15.089  -13.154    9.328   -9.448   -0.120  -13.275
     9    7.784    7.784   17.225   -5.175    3.034   -8.504   -5.470  -10.644
    10    7.784    7.784   17.225   -5.175    3.034   -8.504   -5.470  -10.644
    11   10.723   10.723   20.584   -4.857    2.639   -8.750   -6.111  -10.967
    12   10.723   10.723   20.584   -4.857    2.639   -8.750   -6.111  -10.967
    13   12.018   12.018   22.879   -5.128    2.765   -9.363   -6.598  -11.726
    14   12.018   12.018   22.879   -5.128    2.765   -9.363   -6.598  -11.726
    15   12.191   12.191   22.582   -4.744    2.525   -9.085   -6.560  -11.304
    16   12.191   12.191   22.582   -4.744    2.525   -9.085   -6.560  -11.304

 Symmetrized values from band-averaging:

       k =  0.000000  0.500000  0.250000 ik =  10 spin = 1

     n      Emf       Eo      KIH        X      Cor     Eqp0     Eqp1      Znk
     1   -2.977   -2.977    8.199  -16.618    2.620   -5.799   -5.799    1.000
     2   -2.977   -2.977    8.199  -16.618    2.620   -5.799   -5.799    1.000
     3   -0.116   -0.116   11.030  -15.156    1.472   -2.654   -2.654    1.000
     4   -0.116   -0.116   11.030  -15.156    1.472   -2.654   -2.654    1.000
     5    2.730    2.730   13.219  -12.921    0.148    0.445    0.445    1.000
     6    2.730    2.730   13.219  -12.921    0.148    0.445    0.445    1.000
     7    4.062    4.062   15.089  -13.154   -0.120    1.815    1.815    1.000
     8    4.062    4.062   15.089  -13.154   -0.120    1.815    1.815    1.000
     9    7.784    7.784   17.225   -5.175   -5.470    6.581    6.581    1.000
    10    7.784    7.784   17.225   -5.175   -5.470    6.581    6.581    1.000
    11   10.723   10.723   20.584   -4.857   -6.111    9.617    9.617    1.000
    12   10.723   10.723   20.584   -4.857   -6.111    9.617    9.617    1.000
    13   12.018   12.018   22.879   -5.128   -6.598   11.153   11.153    1.000
    14   12.018   12.018   22.879   -5.128   -6.598   11.153   11.153    1.000
    15   12.191   12.191   22.582   -4.744   -6.560   11.278   11.278    1.000
    16   12.191   12.191   22.582   -4.744   -6.560   11.278   11.278    1.000
 
================================================================================
 09:36:10   Dealing with k =  0.000000  0.500000  0.500000               11 / 64
================================================================================

 Reading kih.dat
 Number of q-points in the irreducible BZ(k) (nrq): 64

 Using GPU support via OpenACC/OMP-Target implementation
 Band block size in MTXEL:    15
 
 Started calculating Sigma with 1024 block(s) at 09:36:10.
 [ 09:36:10 |   0% ] block    1 / 1024.
 [ 09:36:10 |   0% ] block    3 / 1024, remaining: 19 s.
 [ 09:36:11 |  10% ] block  103 / 1024, remaining: 8 s.
 [ 09:36:11 |  20% ] block  205 / 1024, remaining: 6 s.
 [ 09:36:12 |  30% ] block  308 / 1024, remaining: 5 s.
 [ 09:36:13 |  40% ] block  410 / 1024, remaining: 4 s.
 [ 09:36:13 |  50% ] block  513 / 1024, remaining: 3 s.
 [ 09:36:14 |  60% ] block  615 / 1024, remaining: 3 s.
 [ 09:36:14 |  70% ] block  717 / 1024, remaining: 2 s.
 [ 09:36:15 |  80% ] block  820 / 1024, remaining: 1 s.
 [ 09:36:16 |  90% ] block  922 / 1024, remaining: 1 s.
 Finished calculating Sigma at 09:36:16.
 Elapsed time: 6 s.
 
 Unsymmetrized values for ik =  11 spin = 1
 
     n      Emf       Eo      KIH        X     SX-X       CH      Cor      Sig
     1   -1.550   -1.550    9.700  -15.990   11.656   -9.592    2.064  -13.926
     2   -1.550   -1.550    9.700  -15.990   11.656   -9.592    2.064  -13.926
     3   -1.550   -1.550    9.700  -15.990   11.656   -9.592    2.064  -13.926
     4   -1.550   -1.550    9.700  -15.990   11.656   -9.592    2.064  -13.926
     5    3.412    3.412   14.298  -13.361    9.527   -9.364    0.163  -13.198
     6    3.412    3.412   14.298  -13.361    9.527   -9.364    0.163  -13.199
     7    3.412    3.412   14.298  -13.361    9.527   -9.364    0.163  -13.199
     8    3.412    3.412   14.298  -13.361    9.527   -9.364    0.163  -13.199
     9    6.974    6.974   16.148   -5.162    3.058   -8.341   -5.283  -10.445
    10    6.974    6.974   16.148   -5.162    3.058   -8.341   -5.283  -10.445
    11    6.974    6.974   16.148   -5.162    3.058   -8.341   -5.283  -10.445
    12    6.974    6.974   16.148   -5.162    3.058   -8.341   -5.283  -10.445
    13   16.371   16.371   27.472   -3.795    1.794   -9.555   -7.761  -11.556
    14   16.371   16.371   27.472   -3.795    1.794   -9.555   -7.761  -11.556
    15   16.371   16.371   27.472   -3.795    1.794   -9.556   -7.761  -11.557
    16   16.371   16.371   27.472   -3.795    1.794   -9.556   -7.761  -11.557

 Symmetrized values from band-averaging:

       k =  0.000000  0.500000  0.500000 ik =  11 spin = 1

     n      Emf       Eo      KIH        X      Cor     Eqp0     Eqp1      Znk
     1   -1.550   -1.550    9.700  -15.990    2.064   -4.226   -4.226    1.000
     2   -1.550   -1.550    9.700  -15.990    2.064   -4.226   -4.226    1.000
     3   -1.550   -1.550    9.700  -15.990    2.064   -4.226   -4.226    1.000
     4   -1.550   -1.550    9.700  -15.990    2.064   -4.226   -4.226    1.000
     5    3.412    3.412   14.298  -13.361    0.163    1.099    1.099    1.000
     6    3.412    3.412   14.298  -13.361    0.163    1.099    1.099    1.000
     7    3.412    3.412   14.298  -13.361    0.163    1.099    1.099    1.000
     8    3.412    3.412   14.298  -13.361    0.163    1.099    1.099    1.000
     9    6.974    6.974   16.148   -5.162   -5.283    5.703    5.703    1.000
    10    6.974    6.974   16.148   -5.162   -5.283    5.703    5.703    1.000
    11    6.974    6.974   16.148   -5.162   -5.283    5.703    5.703    1.000
    12    6.974    6.974   16.148   -5.162   -5.283    5.703    5.703    1.000
    13   16.371   16.371   27.472   -3.795   -7.761   15.916   15.916    1.000
    14   16.371   16.371   27.472   -3.795   -7.761   15.916   15.916    1.000
    15   16.371   16.371   27.472   -3.795   -7.761   15.916   15.916    1.000
    16   16.371   16.371   27.472   -3.795   -7.761   15.916   15.916    1.000
 
================================================================================
 09:36:16   Dealing with k = -0.000000  0.500000  0.750000               12 / 64
================================================================================

 Reading kih.dat
 Number of q-points in the irreducible BZ(k) (nrq): 64

 Using GPU support via OpenACC/OMP-Target implementation
 Band block size in MTXEL:    15
 
 Started calculating Sigma with 1024 block(s) at 09:36:16.
 [ 09:36:16 |   0% ] block    1 / 1024.
 [ 09:36:16 |   0% ] block    3 / 1024, remaining: 18 s.
 [ 09:36:17 |  10% ] block  103 / 1024, remaining: 8 s.
 [ 09:36:18 |  20% ] block  205 / 1024, remaining: 6 s.
 [ 09:36:19 |  30% ] block  308 / 1024, remaining: 5 s.
 [ 09:36:19 |  40% ] block  410 / 1024, remaining: 4 s.
 [ 09:36:20 |  50% ] block  513 / 1024, remaining: 3 s.
 [ 09:36:20 |  60% ] block  615 / 1024, remaining: 3 s.
 [ 09:36:21 |  70% ] block  717 / 1024, remaining: 2 s.
 [ 09:36:22 |  80% ] block  820 / 1024, remaining: 1 s.
 [ 09:36:22 |  90% ] block  922 / 1024, remaining: 1 s.
 Finished calculating Sigma at 09:36:23.
 Elapsed time: 6 s.
 
 Unsymmetrized values for ik =  12 spin = 1
 
     n      Emf       Eo      KIH        X     SX-X       CH      Cor      Sig
     1   -2.977   -2.977    8.199  -16.612   12.174   -9.548    2.626  -13.986
     2   -2.977   -2.977    8.199  -16.612   12.174   -9.548    2.626  -13.986
     3   -0.116   -0.116   11.030  -15.161   10.990   -9.527    1.464  -13.697
     4   -0.116   -0.116   11.030  -15.161   10.990   -9.527    1.464  -13.697
     5    2.730    2.730   13.219  -12.927    9.272   -9.127    0.145  -12.782
     6    2.730    2.730   13.219  -12.927    9.272   -9.127    0.145  -12.782
     7    4.062    4.062   15.089  -13.156    9.327   -9.448   -0.121  -13.277
     8    4.062    4.062   15.089  -13.156    9.327   -9.448   -0.121  -13.277
     9    7.784    7.784   17.225   -5.176    3.035   -8.504   -5.469  -10.645
    10    7.784    7.784   17.225   -5.176    3.035   -8.504   -5.469  -10.645
    11   10.723   10.723   20.584   -4.857    2.640   -8.750   -6.109  -10.967
    12   10.723   10.723   20.584   -4.857    2.640   -8.750   -6.109  -10.967
    13   12.018   12.018   22.879   -5.122    2.772   -9.363   -6.591  -11.712
    14   12.018   12.018   22.879   -5.122    2.772   -9.363   -6.591  -11.712
    15   12.191   12.191   22.582   -4.740    2.529   -9.085   -6.555  -11.296
    16   12.191   12.191   22.582   -4.740    2.529   -9.085   -6.555  -11.296

 Symmetrized values from band-averaging:

       k = -0.000000  0.500000  0.750000 ik =  12 spin = 1

     n      Emf       Eo      KIH        X      Cor     Eqp0     Eqp1      Znk
     1   -2.977   -2.977    8.199  -16.612    2.626   -5.787   -5.787    1.000
     2   -2.977   -2.977    8.199  -16.612    2.626   -5.787   -5.787    1.000
     3   -0.116   -0.116   11.030  -15.161    1.464   -2.668   -2.668    1.000
     4   -0.116   -0.116   11.030  -15.161    1.464   -2.668   -2.668    1.000
     5    2.730    2.730   13.219  -12.927    0.145    0.436    0.436    1.000
     6    2.730    2.730   13.219  -12.927    0.145    0.436    0.436    1.000
     7    4.062    4.062   15.089  -13.156   -0.121    1.812    1.812    1.000
     8    4.062    4.062   15.089  -13.156   -0.121    1.812    1.812    1.000
     9    7.784    7.784   17.225   -5.176   -5.469    6.580    6.580    1.000
    10    7.784    7.784   17.225   -5.176   -5.469    6.580    6.580    1.000
    11   10.723   10.723   20.584   -4.857   -6.109    9.617    9.617    1.000
    12   10.723   10.723   20.584   -4.857   -6.109    9.617    9.617    1.000
    13   12.018   12.018   22.879   -5.122   -6.591   11.167   11.167    1.000
    14   12.018   12.018   22.879   -5.122   -6.591   11.167   11.167    1.000
    15   12.191   12.191   22.582   -4.740   -6.555   11.287   11.287    1.000
    16   12.191   12.191   22.582   -4.740   -6.555   11.287   11.287    1.000
 
================================================================================
 09:36:23   Dealing with k = -0.000000  0.750000  0.000000               13 / 64
================================================================================

 Reading kih.dat
 Number of q-points in the irreducible BZ(k) (nrq): 64

 Using GPU support via OpenACC/OMP-Target implementation
 Band block size in MTXEL:    15
 
 Started calculating Sigma with 1024 block(s) at 09:36:23.
 [ 09:36:23 |   0% ] block    1 / 1024.
 [ 09:36:23 |   0% ] block    3 / 1024, remaining: 19 s.
 [ 09:36:24 |  10% ] block  103 / 1024, remaining: 8 s.
 [ 09:36:25 |  20% ] block  205 / 1024, remaining: 6 s.
 [ 09:36:25 |  30% ] block  308 / 1024, remaining: 5 s.
 [ 09:36:26 |  40% ] block  410 / 1024, remaining: 4 s.
 [ 09:36:26 |  50% ] block  513 / 1024, remaining: 3 s.
 [ 09:36:27 |  60% ] block  615 / 1024, remaining: 3 s.
 [ 09:36:28 |  70% ] block  717 / 1024, remaining: 2 s.
 [ 09:36:28 |  80% ] block  820 / 1024, remaining: 1 s.
 [ 09:36:29 |  90% ] block  922 / 1024, remaining: 1 s.
 Finished calculating Sigma at 09:36:29.
 Elapsed time: 6 s.
 
 Unsymmetrized values for ik =  13 spin = 1
 
     n      Emf       Eo      KIH        X     SX-X       CH      Cor      Sig
     1   -4.897   -4.897    5.991  -17.220   12.695   -9.376    3.320  -13.901
     2   -4.897   -4.897    5.991  -17.220   12.695   -9.376    3.320  -13.901
     3    2.340    2.340   13.366  -13.715    9.825   -9.450    0.374  -13.341
     4    2.340    2.340   13.366  -13.715    9.825   -9.450    0.374  -13.341
     5    5.499    5.499   16.941  -12.904    9.013   -9.692   -0.679  -13.584
     6    5.499    5.499   16.941  -12.904    9.013   -9.692   -0.679  -13.584
     7    5.530    5.530   16.969  -12.885    8.998   -9.690   -0.693  -13.578
     8    5.530    5.530   16.969  -12.885    8.998   -9.690   -0.693  -13.578
     9    8.295    8.295   18.842   -5.812    3.419   -9.176   -5.757  -11.568
    10    8.295    8.295   18.842   -5.812    3.419   -9.176   -5.757  -11.568
    11    9.757    9.757   20.126   -5.494    3.176   -9.081   -5.905  -11.400
    12    9.757    9.757   20.126   -5.494    3.176   -9.081   -5.905  -11.400
    13    9.779    9.779   20.142   -5.484    3.167   -9.078   -5.910  -11.395
    14    9.779    9.779   20.142   -5.484    3.167   -9.078   -5.910  -11.395
    15   13.192   13.192   24.205   -4.890    2.591   -9.449   -6.859  -11.749
    16   13.192   13.192   24.205   -4.890    2.591   -9.449   -6.859  -11.749

 Symmetrized values from band-averaging:

       k = -0.000000  0.750000  0.000000 ik =  13 spin = 1

     n      Emf       Eo      KIH        X      Cor     Eqp0     Eqp1      Znk
     1   -4.897   -4.897    5.991  -17.220    3.320   -7.910   -7.910    1.000
     2   -4.897   -4.897    5.991  -17.220    3.320   -7.910   -7.910    1.000
     3    2.340    2.340   13.366  -13.715    0.374    0.025    0.025    1.000
     4    2.340    2.340   13.366  -13.715    0.374    0.025    0.025    1.000
     5    5.499    5.499   16.941  -12.904   -0.679    3.358    3.358    1.000
     6    5.499    5.499   16.941  -12.904   -0.679    3.358    3.358    1.000
     7    5.530    5.530   16.969  -12.885   -0.693    3.391    3.391    1.000
     8    5.530    5.530   16.969  -12.885   -0.693    3.391    3.391    1.000
     9    8.295    8.295   18.842   -5.812   -5.757    7.273    7.273    1.000
    10    8.295    8.295   18.842   -5.812   -5.757    7.273    7.273    1.000
    11    9.757    9.757   20.126   -5.494   -5.905    8.727    8.727    1.000
    12    9.757    9.757   20.126   -5.494   -5.905    8.727    8.727    1.000
    13    9.779    9.779   20.142   -5.484   -5.910    8.748    8.748    1.000
    14    9.779    9.779   20.142   -5.484   -5.910    8.748    8.748    1.000
    15   13.192   13.192   24.205   -4.890   -6.859   12.456   12.456    1.000
    16   13.192   13.192   24.205   -4.890   -6.859   12.456   12.456    1.000
 
================================================================================
 09:36:29   Dealing with k =  0.000000  0.750000  0.250000               14 / 64
================================================================================

 Reading kih.dat
 Number of q-points in the irreducible BZ(k) (nrq): 64

 Using GPU support via OpenACC/OMP-Target implementation
 Band block size in MTXEL:    15
 
 Started calculating Sigma with 1024 block(s) at 09:36:30.
 [ 09:36:30 |   0% ] block    1 / 1024.
 [ 09:36:30 |   0% ] block    3 / 1024, remaining: 19 s.
 [ 09:36:31 |  10% ] block  103 / 1024, remaining: 8 s.
 [ 09:36:31 |  20% ] block  205 / 1024, remaining: 6 s.
 [ 09:36:32 |  30% ] block  308 / 1024, remaining: 5 s.
 [ 09:36:32 |  40% ] block  410 / 1024, remaining: 4 s.
 [ 09:36:33 |  50% ] block  513 / 1024, remaining: 3 s.
 [ 09:36:34 |  60% ] block  615 / 1024, remaining: 3 s.
 [ 09:36:34 |  70% ] block  717 / 1024, remaining: 2 s.
 [ 09:36:35 |  80% ] block  820 / 1024, remaining: 1 s.
 [ 09:36:35 |  90% ] block  922 / 1024, remaining: 1 s.
 Finished calculating Sigma at 09:36:36.
 Elapsed time: 6 s.
 
 Unsymmetrized values for ik =  14 spin = 1
 
     n      Emf       Eo      KIH        X     SX-X       CH      Cor      Sig
     1   -3.652   -3.652    7.411  -16.825   12.355   -9.481    2.874  -13.950
     2   -3.652   -3.652    7.411  -16.825   12.355   -9.481    2.874  -13.950
     3    0.788    0.788   12.089  -14.836   10.703   -9.619    1.083  -13.753
     4    0.788    0.788   12.089  -14.836   10.703   -9.619    1.083  -13.753
     5    2.510    2.510   12.809  -12.856    9.257   -9.013    0.244  -12.612
     6    2.510    2.510   12.809  -12.856    9.257   -9.013    0.244  -12.612
     7    4.943    4.943   16.245  -12.994    9.124   -9.611   -0.487  -13.481
     8    4.943    4.943   16.245  -12.994    9.124   -9.611   -0.487  -13.481
     9    8.713    8.713   18.578   -5.198    3.014   -8.763   -5.750  -10.948
    10    8.713    8.713   18.578   -5.198    3.014   -8.763   -5.750  -10.948
    11   11.050   11.050   21.480   -4.934    2.732   -9.127   -6.395  -11.329
    12   11.050   11.050   21.480   -4.934    2.732   -9.127   -6.395  -11.329
    13   11.420   11.420   21.977   -5.483    2.959   -9.153   -6.194  -11.677
    14   11.420   11.420   21.977   -5.483    2.959   -9.153   -6.194  -11.677
    15   12.412   12.412   22.724   -4.414    2.340   -9.043   -6.703  -11.117
    16   12.412   12.412   22.724   -4.414    2.340   -9.043   -6.703  -11.117

 Symmetrized values from band-averaging:

       k =  0.000000  0.750000  0.250000 ik =  14 spin = 1

     n      Emf       Eo      KIH        X      Cor     Eqp0     Eqp1      Znk
     1   -3.652   -3.652    7.411  -16.825    2.874   -6.539   -6.539    1.000
     2   -3.652   -3.652    7.411  -16.825    2.874   -6.539   -6.539    1.000
     3    0.788    0.788   12.089  -14.836    1.083   -1.664   -1.664    1.000
     4    0.788    0.788   12.089  -14.836    1.083   -1.664   -1.664    1.000
     5    2.510    2.510   12.809  -12.856    0.244    0.196    0.196    1.000
     6    2.510    2.510   12.809  -12.856    0.244    0.196    0.196    1.000
     7    4.943    4.943   16.245  -12.994   -0.487    2.764    2.764    1.000
     8    4.943    4.943   16.245  -12.994   -0.487    2.764    2.764    1.000
     9    8.713    8.713   18.578   -5.198   -5.750    7.630    7.630    1.000
    10    8.713    8.713   18.578   -5.198   -5.750    7.630    7.630    1.000
    11   11.050   11.050   21.480   -4.934   -6.395   10.152   10.152    1.000
    12   11.050   11.050   21.480   -4.934   -6.395   10.152   10.152    1.000
    13   11.420   11.420   21.977   -5.483   -6.194   10.300   10.300    1.000
    14   11.420   11.420   21.977   -5.483   -6.194   10.300   10.300    1.000
    15   12.412   12.412   22.724   -4.414   -6.703   11.607   11.607    1.000
    16   12.412   12.412   22.724   -4.414   -6.703   11.607   11.607    1.000
 
================================================================================
 09:36:36   Dealing with k =  0.000000  0.750000  0.500000               15 / 64
================================================================================

 Reading kih.dat
 Number of q-points in the irreducible BZ(k) (nrq): 64

 Using GPU support via OpenACC/OMP-Target implementation
 Band block size in MTXEL:    15
 
 Started calculating Sigma with 1024 block(s) at 09:36:38.
 [ 09:36:38 |   0% ] block    1 / 1024.
 [ 09:36:38 |   0% ] block    3 / 1024, remaining: 21 s.
 [ 09:36:39 |  10% ] block  103 / 1024, remaining: 7 s.
 [ 09:36:40 |  20% ] block  205 / 1024, remaining: 6 s.
 [ 09:36:40 |  30% ] block  308 / 1024, remaining: 5 s.
 [ 09:36:41 |  40% ] block  410 / 1024, remaining: 4 s.
 [ 09:36:41 |  50% ] block  513 / 1024, remaining: 3 s.
 [ 09:36:42 |  60% ] block  615 / 1024, remaining: 3 s.
 [ 09:36:43 |  70% ] block  717 / 1024, remaining: 2 s.
 [ 09:36:43 |  80% ] block  820 / 1024, remaining: 1 s.
 [ 09:36:44 |  90% ] block  922 / 1024, remaining: 1 s.
 Finished calculating Sigma at 09:36:45.
 Elapsed time: 6 s.
 
 Unsymmetrized values for ik =  15 spin = 1
 
     n      Emf       Eo      KIH        X     SX-X       CH      Cor      Sig
     1   -2.977   -2.977    8.199  -16.612   12.174   -9.548    2.626  -13.986
     2   -2.977   -2.977    8.199  -16.612   12.174   -9.548    2.626  -13.986
     3   -0.116   -0.116   11.030  -15.161   10.990   -9.527    1.464  -13.697
     4   -0.116   -0.116   11.030  -15.161   10.990   -9.527    1.464  -13.697
     5    2.730    2.730   13.219  -12.927    9.272   -9.127    0.145  -12.783
     6    2.730    2.730   13.219  -12.927    9.272   -9.127    0.145  -12.783
     7    4.062    4.062   15.089  -13.156    9.327   -9.448   -0.121  -13.278
     8    4.062    4.062   15.089  -13.156    9.327   -9.448   -0.121  -13.278
     9    7.784    7.784   17.225   -5.176    3.035   -8.504   -5.469  -10.645
    10    7.784    7.784   17.225   -5.176    3.035   -8.504   -5.469  -10.645
    11   10.723   10.723   20.584   -4.858    2.640   -8.750   -6.110  -10.967
    12   10.723   10.723   20.584   -4.858    2.640   -8.750   -6.110  -10.967
    13   12.018   12.018   22.879   -5.121    2.772   -9.363   -6.590  -11.712
    14   12.018   12.018   22.879   -5.121    2.772   -9.363   -6.590  -11.712
    15   12.191   12.191   22.582   -4.740    2.529   -9.085   -6.555  -11.295
    16   12.191   12.191   22.582   -4.740    2.529   -9.085   -6.555  -11.295

 Symmetrized values from band-averaging:

       k =  0.000000  0.750000  0.500000 ik =  15 spin = 1

     n      Emf       Eo      KIH        X      Cor     Eqp0     Eqp1      Znk
     1   -2.977   -2.977    8.199  -16.612    2.626   -5.788   -5.788    1.000
     2   -2.977   -2.977    8.199  -16.612    2.626   -5.788   -5.788    1.000
     3   -0.116   -0.116   11.030  -15.161    1.464   -2.667   -2.667    1.000
     4   -0.116   -0.116   11.030  -15.161    1.464   -2.667   -2.667    1.000
     5    2.730    2.730   13.219  -12.927    0.145    0.436    0.436    1.000
     6    2.730    2.730   13.219  -12.927    0.145    0.436    0.436    1.000
     7    4.062    4.062   15.089  -13.156   -0.121    1.812    1.812    1.000
     8    4.062    4.062   15.089  -13.156   -0.121    1.812    1.812    1.000
     9    7.784    7.784   17.225   -5.176   -5.469    6.580    6.580    1.000
    10    7.784    7.784   17.225   -5.176   -5.469    6.580    6.580    1.000
    11   10.723   10.723   20.584   -4.858   -6.110    9.616    9.616    1.000
    12   10.723   10.723   20.584   -4.858   -6.110    9.616    9.616    1.000
    13   12.018   12.018   22.879   -5.121   -6.590   11.167   11.167    1.000
    14   12.018   12.018   22.879   -5.121   -6.590   11.167   11.167    1.000
    15   12.191   12.191   22.582   -4.740   -6.555   11.287   11.287    1.000
    16   12.191   12.191   22.582   -4.740   -6.555   11.287   11.287    1.000
 
================================================================================
 09:36:45   Dealing with k = -0.000000  0.750000  0.750000               16 / 64
================================================================================

 Reading kih.dat
 Number of q-points in the irreducible BZ(k) (nrq): 64

 Using GPU support via OpenACC/OMP-Target implementation
 Band block size in MTXEL:    15
 
 Started calculating Sigma with 1024 block(s) at 09:36:45.
 [ 09:36:45 |   0% ] block    1 / 1024.
 [ 09:36:45 |   0% ] block    3 / 1024, remaining: 19 s.
 [ 09:36:46 |  10% ] block  103 / 1024, remaining: 7 s.
 [ 09:36:46 |  20% ] block  205 / 1024, remaining: 6 s.
 [ 09:36:47 |  30% ] block  308 / 1024, remaining: 5 s.
 [ 09:36:47 |  40% ] block  410 / 1024, remaining: 4 s.
 [ 09:36:48 |  50% ] block  513 / 1024, remaining: 3 s.
 [ 09:36:49 |  60% ] block  615 / 1024, remaining: 3 s.
 [ 09:36:49 |  70% ] block  717 / 1024, remaining: 2 s.
 [ 09:36:50 |  80% ] block  820 / 1024, remaining: 1 s.
 [ 09:36:51 |  90% ] block  922 / 1024, remaining: 1 s.
 Finished calculating Sigma at 09:36:51.
 Elapsed time: 6 s.
 
 Unsymmetrized values for ik =  16 spin = 1
 
     n      Emf       Eo      KIH        X     SX-X       CH      Cor      Sig
     1   -4.615   -4.615    6.293  -17.112   12.608   -9.387    3.221  -13.891
     2   -4.615   -4.615    6.293  -17.112   12.608   -9.387    3.221  -13.891
     3    2.755    2.755   14.407  -14.062    9.986   -9.827    0.159  -13.903
     4    2.755    2.755   14.407  -14.062    9.986   -9.827    0.159  -13.903
     5    4.374    4.374   15.410  -12.961    9.168   -9.453   -0.285  -13.246
     6    4.374    4.374   15.410  -12.961    9.168   -9.453   -0.285  -13.246
     7    4.382    4.382   15.414  -12.949    9.160   -9.451   -0.291  -13.240
     8    4.382    4.382   15.414  -12.949    9.160   -9.451   -0.291  -13.240
     9    7.392    7.392   17.005   -5.508    3.288   -8.614   -5.326  -10.834
    10    7.392    7.392   17.005   -5.508    3.288   -8.614   -5.326  -10.834
    11    9.398    9.398   18.765   -4.600    2.590   -8.457   -5.868  -10.467
    12    9.398    9.398   18.765   -4.600    2.590   -8.457   -5.868  -10.467
    13   12.029   12.029   23.000   -5.334    2.900   -9.439   -6.539  -11.873
    14   12.029   12.029   23.000   -5.334    2.900   -9.439   -6.539  -11.873
    15   12.032   12.032   23.011   -5.344    2.905   -9.444   -6.539  -11.883
    16   12.032   12.032   23.011   -5.344    2.905   -9.444   -6.539  -11.883

 Symmetrized values from band-averaging:

       k = -0.000000  0.750000  0.750000 ik =  16 spin = 1

     n      Emf       Eo      KIH        X      Cor     Eqp0     Eqp1      Znk
     1   -4.615   -4.615    6.293  -17.112    3.221   -7.598   -7.598    1.000
     2   -4.615   -4.615    6.293  -17.112    3.221   -7.598   -7.598    1.000
     3    2.755    2.755   14.407  -14.062    0.159    0.504    0.504    1.000
     4    2.755    2.755   14.407  -14.062    0.159    0.504    0.504    1.000
     5    4.374    4.374   15.410  -12.961   -0.285    2.164    2.164    1.000
     6    4.374    4.374   15.410  -12.961   -0.285    2.164    2.164    1.000
     7    4.382    4.382   15.414  -12.949   -0.291    2.174    2.174    1.000
     8    4.382    4.382   15.414  -12.949   -0.291    2.174    2.174    1.000
     9    7.392    7.392   17.005   -5.508   -5.326    6.171    6.171    1.000
    10    7.392    7.392   17.005   -5.508   -5.326    6.171    6.171    1.000
    11    9.398    9.398   18.765   -4.600   -5.868    8.298    8.298    1.000
    12    9.398    9.398   18.765   -4.600   -5.868    8.298    8.298    1.000
    13   12.029   12.029   23.000   -5.334   -6.539   11.127   11.127    1.000
    14   12.029   12.029   23.000   -5.334   -6.539   11.127   11.127    1.000
    15   12.032   12.032   23.011   -5.344   -6.539   11.129   11.129    1.000
    16   12.032   12.032   23.011   -5.344   -6.539   11.129   11.129    1.000
 
================================================================================
 09:36:51   Dealing with k =  0.250000  0.000000  0.000000               17 / 64
================================================================================

 Reading kih.dat
 Number of q-points in the irreducible BZ(k) (nrq): 64

 Using GPU support via OpenACC/OMP-Target implementation
 Band block size in MTXEL:    15
 
 Started calculating Sigma with 1024 block(s) at 09:36:51.
 [ 09:36:51 |   0% ] block    1 / 1024.
 [ 09:36:51 |   0% ] block    3 / 1024, remaining: 19 s.
 [ 09:36:52 |  10% ] block  103 / 1024, remaining: 7 s.
 [ 09:36:53 |  20% ] block  205 / 1024, remaining: 6 s.
 [ 09:36:53 |  30% ] block  308 / 1024, remaining: 5 s.
 [ 09:36:54 |  40% ] block  410 / 1024, remaining: 4 s.
 [ 09:36:55 |  50% ] block  513 / 1024, remaining: 3 s.
 [ 09:36:55 |  60% ] block  615 / 1024, remaining: 3 s.
 [ 09:36:56 |  70% ] block  717 / 1024, remaining: 2 s.
 [ 09:36:57 |  80% ] block  820 / 1024, remaining: 1 s.
 [ 09:36:57 |  90% ] block  922 / 1024, remaining: 1 s.
 Finished calculating Sigma at 09:36:58.
 Elapsed time: 6 s.
 
 Unsymmetrized values for ik =  17 spin = 1
 
     n      Emf       Eo      KIH        X     SX-X       CH      Cor      Sig
     1   -4.897   -4.897    5.991  -17.221   12.693   -9.376    3.317  -13.904
     2   -4.897   -4.897    5.991  -17.221   12.693   -9.376    3.317  -13.904
     3    2.340    2.340   13.366  -13.715    9.835   -9.450    0.384  -13.331
     4    2.340    2.340   13.366  -13.715    9.835   -9.450    0.384  -13.331
     5    5.499    5.499   16.941  -12.905    9.015   -9.692   -0.678  -13.582
     6    5.499    5.499   16.941  -12.905    9.015   -9.692   -0.678  -13.582
     7    5.530    5.530   16.969  -12.886    9.000   -9.690   -0.691  -13.576
     8    5.530    5.530   16.969  -12.886    9.000   -9.690   -0.691  -13.576
     9    8.295    8.295   18.842   -5.811    3.420   -9.175   -5.755  -11.567
    10    8.295    8.295   18.842   -5.811    3.420   -9.175   -5.755  -11.567
    11    9.757    9.757   20.126   -5.494    3.174   -9.081   -5.907  -11.401
    12    9.757    9.757   20.126   -5.494    3.174   -9.081   -5.907  -11.401
    13    9.779    9.779   20.142   -5.484    3.165   -9.078   -5.912  -11.396
    14    9.779    9.779   20.142   -5.484    3.165   -9.078   -5.912  -11.396
    15   13.192   13.192   24.205   -4.890    2.583   -9.449   -6.867  -11.756
    16   13.192   13.192   24.205   -4.890    2.583   -9.449   -6.867  -11.756

 Symmetrized values from band-averaging:

       k =  0.250000  0.000000  0.000000 ik =  17 spin = 1

     n      Emf       Eo      KIH        X      Cor     Eqp0     Eqp1      Znk
     1   -4.897   -4.897    5.991  -17.221    3.317   -7.912   -7.912    1.000
     2   -4.897   -4.897    5.991  -17.221    3.317   -7.912   -7.912    1.000
     3    2.340    2.340   13.366  -13.715    0.384    0.035    0.035    1.000
     4    2.340    2.340   13.366  -13.715    0.384    0.035    0.035    1.000
     5    5.499    5.499   16.941  -12.905   -0.678    3.359    3.359    1.000
     6    5.499    5.499   16.941  -12.905   -0.678    3.359    3.359    1.000
     7    5.530    5.530   16.969  -12.886   -0.691    3.392    3.392    1.000
     8    5.530    5.530   16.969  -12.886   -0.691    3.392    3.392    1.000
     9    8.295    8.295   18.842   -5.811   -5.755    7.275    7.275    1.000
    10    8.295    8.295   18.842   -5.811   -5.755    7.275    7.275    1.000
    11    9.757    9.757   20.126   -5.494   -5.907    8.725    8.725    1.000
    12    9.757    9.757   20.126   -5.494   -5.907    8.725    8.725    1.000
    13    9.779    9.779   20.142   -5.484   -5.912    8.746    8.746    1.000
    14    9.779    9.779   20.142   -5.484   -5.912    8.746    8.746    1.000
    15   13.192   13.192   24.205   -4.890   -6.867   12.448   12.448    1.000
    16   13.192   13.192   24.205   -4.890   -6.867   12.448   12.448    1.000
 
================================================================================
 09:36:58   Dealing with k =  0.250000  0.000000  0.250000               18 / 64
================================================================================

 Reading kih.dat
 Number of q-points in the irreducible BZ(k) (nrq): 64

 Using GPU support via OpenACC/OMP-Target implementation
 Band block size in MTXEL:    15
 
 Started calculating Sigma with 1024 block(s) at 09:36:58.
 [ 09:36:58 |   0% ] block    1 / 1024.
 [ 09:36:58 |   0% ] block    3 / 1024, remaining: 22 s.
 [ 09:36:59 |  10% ] block  103 / 1024, remaining: 8 s.
 [ 09:36:59 |  20% ] block  205 / 1024, remaining: 6 s.
 [ 09:37:00 |  30% ] block  308 / 1024, remaining: 5 s.
 [ 09:37:01 |  40% ] block  410 / 1024, remaining: 4 s.
 [ 09:37:01 |  50% ] block  513 / 1024, remaining: 3 s.
 [ 09:37:02 |  60% ] block  615 / 1024, remaining: 3 s.
 [ 09:37:03 |  70% ] block  717 / 1024, remaining: 2 s.
 [ 09:37:03 |  80% ] block  820 / 1024, remaining: 1 s.
 [ 09:37:04 |  90% ] block  922 / 1024, remaining: 1 s.
 Finished calculating Sigma at 09:37:04.
 Elapsed time: 6 s.
 
 Unsymmetrized values for ik =  18 spin = 1
 
     n      Emf       Eo      KIH        X     SX-X       CH      Cor      Sig
     1   -4.615   -4.615    6.293  -17.113   12.604   -9.387    3.217  -13.896
     2   -4.615   -4.615    6.293  -17.113   12.604   -9.387    3.217  -13.896
     3    2.755    2.755   14.407  -14.058   10.001   -9.827    0.174  -13.884
     4    2.755    2.755   14.407  -14.058   10.001   -9.827    0.174  -13.884
     5    4.374    4.374   15.410  -12.959    9.171   -9.453   -0.282  -13.241
     6    4.374    4.374   15.410  -12.959    9.171   -9.453   -0.282  -13.241
     7    4.382    4.382   15.414  -12.947    9.163   -9.451   -0.287  -13.234
     8    4.382    4.382   15.414  -12.947    9.163   -9.451   -0.287  -13.234
     9    7.392    7.392   17.005   -5.507    3.289   -8.614   -5.325  -10.832
    10    7.392    7.392   17.005   -5.507    3.289   -8.614   -5.325  -10.832
    11    9.398    9.398   18.765   -4.598    2.587   -8.457   -5.870  -10.468
    12    9.398    9.398   18.765   -4.598    2.587   -8.457   -5.870  -10.468
    13   12.029   12.029   23.000   -5.337    2.890   -9.439   -6.549  -11.886
    14   12.029   12.029   23.000   -5.337    2.890   -9.439   -6.549  -11.886
    15   12.032   12.032   23.011   -5.347    2.896   -9.444   -6.549  -11.896
    16   12.032   12.032   23.011   -5.347    2.896   -9.444   -6.549  -11.896

 Symmetrized values from band-averaging:

       k =  0.250000  0.000000  0.250000 ik =  18 spin = 1

     n      Emf       Eo      KIH        X      Cor     Eqp0     Eqp1      Znk
     1   -4.615   -4.615    6.293  -17.113    3.217   -7.604   -7.604    1.000
     2   -4.615   -4.615    6.293  -17.113    3.217   -7.604   -7.604    1.000
     3    2.755    2.755   14.407  -14.058    0.174    0.523    0.523    1.000
     4    2.755    2.755   14.407  -14.058    0.174    0.523    0.523    1.000
     5    4.374    4.374   15.410  -12.959   -0.282    2.169    2.169    1.000
     6    4.374    4.374   15.410  -12.959   -0.282    2.169    2.169    1.000
     7    4.382    4.382   15.414  -12.947   -0.287    2.180    2.180    1.000
     8    4.382    4.382   15.414  -12.947   -0.287    2.180    2.180    1.000
     9    7.392    7.392   17.005   -5.507   -5.325    6.173    6.173    1.000
    10    7.392    7.392   17.005   -5.507   -5.325    6.173    6.173    1.000
    11    9.398    9.398   18.765   -4.598   -5.870    8.297    8.297    1.000
    12    9.398    9.398   18.765   -4.598   -5.870    8.297    8.297    1.000
    13   12.029   12.029   23.000   -5.337   -6.549   11.114   11.114    1.000
    14   12.029   12.029   23.000   -5.337   -6.549   11.114   11.114    1.000
    15   12.032   12.032   23.011   -5.347   -6.549   11.116   11.116    1.000
    16   12.032   12.032   23.011   -5.347   -6.549   11.116   11.116    1.000
 
================================================================================
 09:37:04   Dealing with k =  0.250000 -0.000000  0.500000               19 / 64
================================================================================

 Reading kih.dat
 Number of q-points in the irreducible BZ(k) (nrq): 64

 Using GPU support via OpenACC/OMP-Target implementation
 Band block size in MTXEL:    15
 
 Started calculating Sigma with 1024 block(s) at 09:37:05.
 [ 09:37:05 |   0% ] block    1 / 1024.
 [ 09:37:05 |   0% ] block    3 / 1024, remaining: 19 s.
 [ 09:37:05 |  10% ] block  103 / 1024, remaining: 8 s.
 [ 09:37:06 |  20% ] block  205 / 1024, remaining: 6 s.
 [ 09:37:07 |  30% ] block  308 / 1024, remaining: 5 s.
 [ 09:37:07 |  40% ] block  410 / 1024, remaining: 4 s.
 [ 09:37:08 |  50% ] block  513 / 1024, remaining: 3 s.
 [ 09:37:09 |  60% ] block  615 / 1024, remaining: 3 s.
 [ 09:37:09 |  70% ] block  717 / 1024, remaining: 2 s.
 [ 09:37:10 |  80% ] block  820 / 1024, remaining: 1 s.
 [ 09:37:10 |  90% ] block  922 / 1024, remaining: 1 s.
 Finished calculating Sigma at 09:37:11.
 Elapsed time: 6 s.
 
 Unsymmetrized values for ik =  19 spin = 1
 
     n      Emf       Eo      KIH        X     SX-X       CH      Cor      Sig
     1   -2.977   -2.977    8.199  -16.614   12.166   -9.548    2.618  -13.996
     2   -2.977   -2.977    8.199  -16.614   12.166   -9.548    2.618  -13.996
     3   -0.116   -0.116   11.030  -15.158   11.000   -9.527    1.473  -13.685
     4   -0.116   -0.116   11.030  -15.158   11.000   -9.527    1.473  -13.685
     5    2.730    2.730   13.219  -12.924    9.276   -9.127    0.149  -12.775
     6    2.730    2.730   13.219  -12.924    9.276   -9.127    0.149  -12.775
     7    4.062    4.062   15.089  -13.157    9.329   -9.448   -0.119  -13.276
     8    4.062    4.062   15.089  -13.157    9.329   -9.448   -0.119  -13.276
     9    7.784    7.784   17.225   -5.175    3.034   -8.504   -5.469  -10.645
    10    7.784    7.784   17.225   -5.175    3.034   -8.504   -5.469  -10.645
    11   10.723   10.723   20.584   -4.860    2.641   -8.750   -6.109  -10.969
    12   10.723   10.723   20.584   -4.860    2.641   -8.750   -6.109  -10.969
    13   12.018   12.018   22.879   -5.123    2.762   -9.363   -6.601  -11.724
    14   12.018   12.018   22.879   -5.123    2.762   -9.363   -6.601  -11.724
    15   12.191   12.191   22.582   -4.741    2.523   -9.085   -6.562  -11.302
    16   12.191   12.191   22.582   -4.741    2.523   -9.085   -6.562  -11.302

 Symmetrized values from band-averaging:

       k =  0.250000 -0.000000  0.500000 ik =  19 spin = 1

     n      Emf       Eo      KIH        X      Cor     Eqp0     Eqp1      Znk
     1   -2.977   -2.977    8.199  -16.614    2.618   -5.798   -5.798    1.000
     2   -2.977   -2.977    8.199  -16.614    2.618   -5.798   -5.798    1.000
     3   -0.116   -0.116   11.030  -15.158    1.473   -2.655   -2.655    1.000
     4   -0.116   -0.116   11.030  -15.158    1.473   -2.655   -2.655    1.000
     5    2.730    2.730   13.219  -12.924    0.149    0.444    0.444    1.000
     6    2.730    2.730   13.219  -12.924    0.149    0.444    0.444    1.000
     7    4.062    4.062   15.089  -13.157   -0.119    1.814    1.814    1.000
     8    4.062    4.062   15.089  -13.157   -0.119    1.814    1.814    1.000
     9    7.784    7.784   17.225   -5.175   -5.469    6.581    6.581    1.000
    10    7.784    7.784   17.225   -5.175   -5.469    6.581    6.581    1.000
    11   10.723   10.723   20.584   -4.860   -6.109    9.615    9.615    1.000
    12   10.723   10.723   20.584   -4.860   -6.109    9.615    9.615    1.000
    13   12.018   12.018   22.879   -5.123   -6.601   11.155   11.155    1.000
    14   12.018   12.018   22.879   -5.123   -6.601   11.155   11.155    1.000
    15   12.191   12.191   22.582   -4.741   -6.562   11.280   11.280    1.000
    16   12.191   12.191   22.582   -4.741   -6.562   11.280   11.280    1.000
 
================================================================================
 09:37:11   Dealing with k =  0.250000 -0.000000  0.750000               20 / 64
================================================================================

 Reading kih.dat
 Number of q-points in the irreducible BZ(k) (nrq): 64

 Using GPU support via OpenACC/OMP-Target implementation
 Band block size in MTXEL:    15
 
 Started calculating Sigma with 1024 block(s) at 09:37:11.
 [ 09:37:11 |   0% ] block    1 / 1024.
 [ 09:37:11 |   0% ] block    3 / 1024, remaining: 19 s.
 [ 09:37:12 |  10% ] block  103 / 1024, remaining: 7 s.
 [ 09:37:13 |  20% ] block  205 / 1024, remaining: 6 s.
 [ 09:37:13 |  30% ] block  308 / 1024, remaining: 5 s.
 [ 09:37:14 |  40% ] block  410 / 1024, remaining: 4 s.
 [ 09:37:15 |  50% ] block  513 / 1024, remaining: 3 s.
 [ 09:37:15 |  60% ] block  615 / 1024, remaining: 3 s.
 [ 09:37:16 |  70% ] block  717 / 1024, remaining: 2 s.
 [ 09:37:16 |  80% ] block  820 / 1024, remaining: 1 s.
 [ 09:37:17 |  90% ] block  922 / 1024, remaining: 1 s.
 Finished calculating Sigma at 09:37:18.
 Elapsed time: 6 s.
 
 Unsymmetrized values for ik =  20 spin = 1
 
     n      Emf       Eo      KIH        X     SX-X       CH      Cor      Sig
     1   -3.652   -3.652    7.411  -16.823   12.355   -9.481    2.874  -13.950
     2   -3.652   -3.652    7.411  -16.823   12.355   -9.481    2.874  -13.950
     3    0.788    0.788   12.089  -14.838   10.704   -9.619    1.085  -13.754
     4    0.788    0.788   12.089  -14.838   10.704   -9.619    1.085  -13.754
     5    2.510    2.510   12.809  -12.858    9.258   -9.013    0.245  -12.613
     6    2.510    2.510   12.809  -12.858    9.258   -9.013    0.245  -12.613
     7    4.943    4.943   16.245  -12.996    9.125   -9.611   -0.486  -13.482
     8    4.943    4.943   16.245  -12.996    9.125   -9.611   -0.486  -13.482
     9    8.713    8.713   18.578   -5.198    3.014   -8.763   -5.750  -10.948
    10    8.713    8.713   18.578   -5.198    3.014   -8.763   -5.750  -10.948
    11   11.050   11.050   21.480   -4.933    2.732   -9.128   -6.396  -11.328
    12   11.050   11.050   21.480   -4.933    2.732   -9.128   -6.396  -11.328
    13   11.420   11.420   21.977   -5.481    2.958   -9.153   -6.195  -11.676
    14   11.420   11.420   21.977   -5.481    2.958   -9.153   -6.195  -11.676
    15   12.412   12.412   22.724   -4.414    2.340   -9.043   -6.703  -11.117
    16   12.412   12.412   22.724   -4.414    2.340   -9.043   -6.703  -11.117

 Symmetrized values from band-averaging:

       k =  0.250000 -0.000000  0.750000 ik =  20 spin = 1

     n      Emf       Eo      KIH        X      Cor     Eqp0     Eqp1      Znk
     1   -3.652   -3.652    7.411  -16.823    2.874   -6.538   -6.538    1.000
     2   -3.652   -3.652    7.411  -16.823    2.874   -6.538   -6.538    1.000
     3    0.788    0.788   12.089  -14.838    1.085   -1.665   -1.665    1.000
     4    0.788    0.788   12.089  -14.838    1.085   -1.665   -1.665    1.000
     5    2.510    2.510   12.809  -12.858    0.245    0.196    0.196    1.000
     6    2.510    2.510   12.809  -12.858    0.245    0.196    0.196    1.000
     7    4.943    4.943   16.245  -12.996   -0.486    2.763    2.763    1.000
     8    4.943    4.943   16.245  -12.996   -0.486    2.763    2.763    1.000
     9    8.713    8.713   18.578   -5.198   -5.750    7.630    7.630    1.000
    10    8.713    8.713   18.578   -5.198   -5.750    7.630    7.630    1.000
    11   11.050   11.050   21.480   -4.933   -6.396   10.152   10.152    1.000
    12   11.050   11.050   21.480   -4.933   -6.396   10.152   10.152    1.000
    13   11.420   11.420   21.977   -5.481   -6.195   10.301   10.301    1.000
    14   11.420   11.420   21.977   -5.481   -6.195   10.301   10.301    1.000
    15   12.412   12.412   22.724   -4.414   -6.703   11.607   11.607    1.000
    16   12.412   12.412   22.724   -4.414   -6.703   11.607   11.607    1.000
 
================================================================================
 09:37:18   Dealing with k =  0.250000  0.250000  0.000000               21 / 64
================================================================================

 Reading kih.dat
 Number of q-points in the irreducible BZ(k) (nrq): 64

 Using GPU support via OpenACC/OMP-Target implementation
 Band block size in MTXEL:    15
 
 Started calculating Sigma with 1024 block(s) at 09:37:18.
 [ 09:37:18 |   0% ] block    1 / 1024.
 [ 09:37:18 |   0% ] block    3 / 1024, remaining: 20 s.
 [ 09:37:19 |  10% ] block  103 / 1024, remaining: 8 s.
 [ 09:37:19 |  20% ] block  205 / 1024, remaining: 6 s.
 [ 09:37:20 |  30% ] block  308 / 1024, remaining: 5 s.
 [ 09:37:20 |  40% ] block  410 / 1024, remaining: 4 s.
 [ 09:37:21 |  50% ] block  513 / 1024, remaining: 3 s.
 [ 09:37:22 |  60% ] block  615 / 1024, remaining: 3 s.
 [ 09:37:22 |  70% ] block  717 / 1024, remaining: 2 s.
 [ 09:37:23 |  80% ] block  820 / 1024, remaining: 1 s.
 [ 09:37:24 |  90% ] block  922 / 1024, remaining: 1 s.
 Finished calculating Sigma at 09:37:24.
 Elapsed time: 6 s.
 
 Unsymmetrized values for ik =  21 spin = 1
 
     n      Emf       Eo      KIH        X     SX-X       CH      Cor      Sig
     1   -4.615   -4.615    6.293  -17.114   12.605   -9.387    3.217  -13.897
     2   -4.615   -4.615    6.293  -17.114   12.605   -9.387    3.217  -13.897
     3    2.755    2.755   14.407  -14.057   10.001   -9.827    0.174  -13.884
     4    2.755    2.755   14.407  -14.057   10.001   -9.827    0.174  -13.884
     5    4.374    4.374   15.410  -12.959    9.172   -9.453   -0.282  -13.241
     6    4.374    4.374   15.410  -12.959    9.172   -9.453   -0.282  -13.241
     7    4.382    4.382   15.414  -12.947    9.164   -9.451   -0.287  -13.234
     8    4.382    4.382   15.414  -12.947    9.164   -9.451   -0.287  -13.234
     9    7.392    7.392   17.005   -5.507    3.289   -8.614   -5.325  -10.832
    10    7.392    7.392   17.005   -5.507    3.289   -8.614   -5.325  -10.832
    11    9.398    9.398   18.765   -4.598    2.588   -8.457   -5.870  -10.468
    12    9.398    9.398   18.765   -4.598    2.588   -8.457   -5.870  -10.468
    13   12.029   12.029   23.000   -5.337    2.890   -9.439   -6.549  -11.887
    14   12.029   12.029   23.000   -5.337    2.890   -9.439   -6.549  -11.887
    15   12.032   12.032   23.011   -5.347    2.896   -9.444   -6.549  -11.896
    16   12.032   12.032   23.011   -5.347    2.896   -9.444   -6.549  -11.896

 Symmetrized values from band-averaging:

       k =  0.250000  0.250000  0.000000 ik =  21 spin = 1

     n      Emf       Eo      KIH        X      Cor     Eqp0     Eqp1      Znk
     1   -4.615   -4.615    6.293  -17.114    3.217   -7.604   -7.604    1.000
     2   -4.615   -4.615    6.293  -17.114    3.217   -7.604   -7.604    1.000
     3    2.755    2.755   14.407  -14.057    0.174    0.523    0.523    1.000
     4    2.755    2.755   14.407  -14.057    0.174    0.523    0.523    1.000
     5    4.374    4.374   15.410  -12.959   -0.282    2.169    2.169    1.000
     6    4.374    4.374   15.410  -12.959   -0.282    2.169    2.169    1.000
     7    4.382    4.382   15.414  -12.947   -0.287    2.180    2.180    1.000
     8    4.382    4.382   15.414  -12.947   -0.287    2.180    2.180    1.000
     9    7.392    7.392   17.005   -5.507   -5.325    6.173    6.173    1.000
    10    7.392    7.392   17.005   -5.507   -5.325    6.173    6.173    1.000
    11    9.398    9.398   18.765   -4.598   -5.870    8.298    8.298    1.000
    12    9.398    9.398   18.765   -4.598   -5.870    8.298    8.298    1.000
    13   12.029   12.029   23.000   -5.337   -6.549   11.114   11.114    1.000
    14   12.029   12.029   23.000   -5.337   -6.549   11.114   11.114    1.000
    15   12.032   12.032   23.011   -5.347   -6.549   11.116   11.116    1.000
    16   12.032   12.032   23.011   -5.347   -6.549   11.116   11.116    1.000
 
================================================================================
 09:37:24   Dealing with k =  0.250000  0.250000  0.250000               22 / 64
================================================================================

 Reading kih.dat
 Number of q-points in the irreducible BZ(k) (nrq): 64

 Using GPU support via OpenACC/OMP-Target implementation
 Band block size in MTXEL:    15
 
 Started calculating Sigma with 1024 block(s) at 09:37:24.
 [ 09:37:24 |   0% ] block    1 / 1024.
 [ 09:37:24 |   0% ] block    3 / 1024, remaining: 19 s.
 [ 09:37:25 |  10% ] block  103 / 1024, remaining: 7 s.
 [ 09:37:26 |  20% ] block  205 / 1024, remaining: 6 s.
 [ 09:37:26 |  30% ] block  308 / 1024, remaining: 5 s.
 [ 09:37:27 |  40% ] block  410 / 1024, remaining: 4 s.
 [ 09:37:28 |  50% ] block  513 / 1024, remaining: 3 s.
 [ 09:37:28 |  60% ] block  615 / 1024, remaining: 3 s.
 [ 09:37:29 |  70% ] block  717 / 1024, remaining: 2 s.
 [ 09:37:30 |  80% ] block  820 / 1024, remaining: 1 s.
 [ 09:37:30 |  90% ] block  922 / 1024, remaining: 1 s.
 Finished calculating Sigma at 09:37:31.
 Elapsed time: 6 s.
 
 Unsymmetrized values for ik =  22 spin = 1
 
     n      Emf       Eo      KIH        X     SX-X       CH      Cor      Sig
     1   -4.897   -4.897    5.991  -17.223   12.693   -9.376    3.317  -13.905
     2   -4.897   -4.897    5.991  -17.223   12.693   -9.376    3.317  -13.905
     3    2.340    2.340   13.366  -13.709    9.839   -9.450    0.389  -13.320
     4    2.340    2.340   13.366  -13.709    9.839   -9.450    0.389  -13.320
     5    5.499    5.499   16.941  -12.903    9.017   -9.693   -0.675  -13.579
     6    5.499    5.499   16.941  -12.903    9.017   -9.693   -0.675  -13.579
     7    5.530    5.530   16.969  -12.884    9.002   -9.690   -0.688  -13.573
     8    5.530    5.530   16.969  -12.884    9.002   -9.690   -0.688  -13.573
     9    8.295    8.295   18.842   -5.811    3.418   -9.175   -5.757  -11.568
    10    8.295    8.295   18.842   -5.811    3.418   -9.175   -5.757  -11.568
    11    9.757    9.757   20.126   -5.495    3.175   -9.082   -5.907  -11.402
    12    9.757    9.757   20.126   -5.495    3.175   -9.082   -5.907  -11.402
    13    9.779    9.779   20.142   -5.485    3.166   -9.079   -5.912  -11.397
    14    9.779    9.779   20.142   -5.485    3.166   -9.079   -5.912  -11.397
    15   13.192   13.192   24.205   -4.894    2.576   -9.449   -6.872  -11.766
    16   13.192   13.192   24.205   -4.894    2.576   -9.449   -6.872  -11.766

 Symmetrized values from band-averaging:

       k =  0.250000  0.250000  0.250000 ik =  22 spin = 1

     n      Emf       Eo      KIH        X      Cor     Eqp0     Eqp1      Znk
     1   -4.897   -4.897    5.991  -17.223    3.317   -7.914   -7.914    1.000
     2   -4.897   -4.897    5.991  -17.223    3.317   -7.914   -7.914    1.000
     3    2.340    2.340   13.366  -13.709    0.389    0.046    0.046    1.000
     4    2.340    2.340   13.366  -13.709    0.389    0.046    0.046    1.000
     5    5.499    5.499   16.941  -12.903   -0.675    3.363    3.363    1.000
     6    5.499    5.499   16.941  -12.903   -0.675    3.363    3.363    1.000
     7    5.530    5.530   16.969  -12.884   -0.688    3.396    3.396    1.000
     8    5.530    5.530   16.969  -12.884   -0.688    3.396    3.396    1.000
     9    8.295    8.295   18.842   -5.811   -5.757    7.274    7.274    1.000
    10    8.295    8.295   18.842   -5.811   -5.757    7.274    7.274    1.000
    11    9.757    9.757   20.126   -5.495   -5.907    8.724    8.724    1.000
    12    9.757    9.757   20.126   -5.495   -5.907    8.724    8.724    1.000
    13    9.779    9.779   20.142   -5.485   -5.912    8.745    8.745    1.000
    14    9.779    9.779   20.142   -5.485   -5.912    8.745    8.745    1.000
    15   13.192   13.192   24.205   -4.894   -6.872   12.439   12.439    1.000
    16   13.192   13.192   24.205   -4.894   -6.872   12.439   12.439    1.000
 
================================================================================
 09:37:31   Dealing with k =  0.250000  0.250000  0.500000               23 / 64
================================================================================

 Reading kih.dat
 Number of q-points in the irreducible BZ(k) (nrq): 64

 Using GPU support via OpenACC/OMP-Target implementation
 Band block size in MTXEL:    15
 
 Started calculating Sigma with 1024 block(s) at 09:37:31.
 [ 09:37:31 |   0% ] block    1 / 1024.
 [ 09:37:31 |   0% ] block    3 / 1024, remaining: 19 s.
 [ 09:37:32 |  10% ] block  103 / 1024, remaining: 8 s.
 [ 09:37:32 |  20% ] block  205 / 1024, remaining: 6 s.
 [ 09:37:33 |  30% ] block  308 / 1024, remaining: 5 s.
 [ 09:37:34 |  40% ] block  410 / 1024, remaining: 4 s.
 [ 09:37:34 |  50% ] block  513 / 1024, remaining: 3 s.
 [ 09:37:35 |  60% ] block  615 / 1024, remaining: 3 s.
 [ 09:37:36 |  70% ] block  717 / 1024, remaining: 2 s.
 [ 09:37:36 |  80% ] block  820 / 1024, remaining: 1 s.
 [ 09:37:37 |  90% ] block  922 / 1024, remaining: 1 s.
 Finished calculating Sigma at 09:37:38.
 Elapsed time: 7 s.
 
 Unsymmetrized values for ik =  23 spin = 1
 
     n      Emf       Eo      KIH        X     SX-X       CH      Cor      Sig
     1   -3.652   -3.652    7.411  -16.827   12.352   -9.481    2.871  -13.956
     2   -3.652   -3.652    7.411  -16.827   12.352   -9.481    2.871  -13.956
     3    0.788    0.788   12.089  -14.834   10.711   -9.619    1.093  -13.741
     4    0.788    0.788   12.089  -14.834   10.711   -9.619    1.093  -13.741
     5    2.510    2.510   12.809  -12.854    9.259   -9.012    0.247  -12.607
     6    2.510    2.510   12.809  -12.854    9.259   -9.012    0.247  -12.607
     7    4.943    4.943   16.245  -12.994    9.127   -9.611   -0.485  -13.478
     8    4.943    4.943   16.245  -12.994    9.127   -9.611   -0.485  -13.478
     9    8.713    8.713   18.578   -5.198    3.013   -8.764   -5.751  -10.949
    10    8.713    8.713   18.578   -5.198    3.013   -8.764   -5.751  -10.949
    11   11.050   11.050   21.480   -4.936    2.732   -9.128   -6.396  -11.331
    12   11.050   11.050   21.480   -4.936    2.732   -9.128   -6.396  -11.331
    13   11.420   11.420   21.977   -5.484    2.954   -9.153   -6.199  -11.683
    14   11.420   11.420   21.977   -5.484    2.954   -9.153   -6.199  -11.683
    15   12.412   12.412   22.724   -4.415    2.337   -9.042   -6.705  -11.120
    16   12.412   12.412   22.724   -4.415    2.337   -9.042   -6.705  -11.120

 Symmetrized values from band-averaging:

       k =  0.250000  0.250000  0.500000 ik =  23 spin = 1

     n      Emf       Eo      KIH        X      Cor     Eqp0     Eqp1      Znk
     1   -3.652   -3.652    7.411  -16.827    2.871   -6.544   -6.544    1.000
     2   -3.652   -3.652    7.411  -16.827    2.871   -6.544   -6.544    1.000
     3    0.788    0.788   12.089  -14.834    1.093   -1.652   -1.652    1.000
     4    0.788    0.788   12.089  -14.834    1.093   -1.652   -1.652    1.000
     5    2.510    2.510   12.809  -12.854    0.247    0.201    0.201    1.000
     6    2.510    2.510   12.809  -12.854    0.247    0.201    0.201    1.000
     7    4.943    4.943   16.245  -12.994   -0.485    2.767    2.767    1.000
     8    4.943    4.943   16.245  -12.994   -0.485    2.767    2.767    1.000
     9    8.713    8.713   18.578   -5.198   -5.751    7.629    7.629    1.000
    10    8.713    8.713   18.578   -5.198   -5.751    7.629    7.629    1.000
    11   11.050   11.050   21.480   -4.936   -6.396   10.149   10.149    1.000
    12   11.050   11.050   21.480   -4.936   -6.396   10.149   10.149    1.000
    13   11.420   11.420   21.977   -5.484   -6.199   10.293   10.293    1.000
    14   11.420   11.420   21.977   -5.484   -6.199   10.293   10.293    1.000
    15   12.412   12.412   22.724   -4.415   -6.705   11.604   11.604    1.000
    16   12.412   12.412   22.724   -4.415   -6.705   11.604   11.604    1.000
 
================================================================================
 09:37:38   Dealing with k =  0.250000  0.250000  0.750000               24 / 64
================================================================================

 Reading kih.dat
 Number of q-points in the irreducible BZ(k) (nrq): 64

 Using GPU support via OpenACC/OMP-Target implementation
 Band block size in MTXEL:    15
 
 Started calculating Sigma with 1024 block(s) at 09:37:38.
 [ 09:37:38 |   0% ] block    1 / 1024.
 [ 09:37:38 |   0% ] block    3 / 1024, remaining: 20 s.
 [ 09:37:39 |  10% ] block  103 / 1024, remaining: 8 s.
 [ 09:37:39 |  20% ] block  205 / 1024, remaining: 6 s.
 [ 09:37:40 |  30% ] block  308 / 1024, remaining: 5 s.
 [ 09:37:41 |  40% ] block  410 / 1024, remaining: 4 s.
 [ 09:37:41 |  50% ] block  513 / 1024, remaining: 4 s.
 [ 09:37:42 |  60% ] block  615 / 1024, remaining: 3 s.
 [ 09:37:43 |  70% ] block  717 / 1024, remaining: 2 s.
 [ 09:37:43 |  80% ] block  820 / 1024, remaining: 1 s.
 [ 09:37:44 |  90% ] block  922 / 1024, remaining: 1 s.
 Finished calculating Sigma at 09:37:45.
 Elapsed time: 7 s.
 
 Unsymmetrized values for ik =  24 spin = 1
 
     n      Emf       Eo      KIH        X     SX-X       CH      Cor      Sig
     1   -2.977   -2.977    8.199  -16.615   12.168   -9.548    2.620  -13.995
     2   -2.977   -2.977    8.199  -16.615   12.168   -9.548    2.620  -13.995
     3   -0.116   -0.116   11.030  -15.160   10.997   -9.527    1.470  -13.689
     4   -0.116   -0.116   11.030  -15.160   10.997   -9.527    1.470  -13.689
     5    2.730    2.730   13.219  -12.924    9.277   -9.126    0.151  -12.773
     6    2.730    2.730   13.219  -12.924    9.277   -9.126    0.151  -12.773
     7    4.062    4.062   15.089  -13.155    9.330   -9.449   -0.119  -13.274
     8    4.062    4.062   15.089  -13.155    9.330   -9.449   -0.119  -13.274
     9    7.784    7.784   17.225   -5.175    3.034   -8.504   -5.471  -10.646
    10    7.784    7.784   17.225   -5.175    3.034   -8.504   -5.471  -10.646
    11   10.723   10.723   20.584   -4.853    2.645   -8.749   -6.105  -10.958
    12   10.723   10.723   20.584   -4.853    2.645   -8.749   -6.105  -10.958
    13   12.018   12.018   22.879   -5.126    2.756   -9.362   -6.606  -11.732
    14   12.018   12.018   22.879   -5.126    2.756   -9.362   -6.606  -11.732
    15   12.191   12.191   22.582   -4.744    2.522   -9.085   -6.563  -11.307
    16   12.191   12.191   22.582   -4.744    2.522   -9.085   -6.563  -11.307

 Symmetrized values from band-averaging:

       k =  0.250000  0.250000  0.750000 ik =  24 spin = 1

     n      Emf       Eo      KIH        X      Cor     Eqp0     Eqp1      Znk
     1   -2.977   -2.977    8.199  -16.615    2.620   -5.796   -5.796    1.000
     2   -2.977   -2.977    8.199  -16.615    2.620   -5.796   -5.796    1.000
     3   -0.116   -0.116   11.030  -15.160    1.470   -2.660   -2.660    1.000
     4   -0.116   -0.116   11.030  -15.160    1.470   -2.660   -2.660    1.000
     5    2.730    2.730   13.219  -12.924    0.151    0.446    0.446    1.000
     6    2.730    2.730   13.219  -12.924    0.151    0.446    0.446    1.000
     7    4.062    4.062   15.089  -13.155   -0.119    1.816    1.816    1.000
     8    4.062    4.062   15.089  -13.155   -0.119    1.816    1.816    1.000
     9    7.784    7.784   17.225   -5.175   -5.471    6.580    6.580    1.000
    10    7.784    7.784   17.225   -5.175   -5.471    6.580    6.580    1.000
    11   10.723   10.723   20.584   -4.853   -6.105    9.626    9.626    1.000
    12   10.723   10.723   20.584   -4.853   -6.105    9.626    9.626    1.000
    13   12.018   12.018   22.879   -5.126   -6.606   11.147   11.147    1.000
    14   12.018   12.018   22.879   -5.126   -6.606   11.147   11.147    1.000
    15   12.191   12.191   22.582   -4.744   -6.563   11.276   11.276    1.000
    16   12.191   12.191   22.582   -4.744   -6.563   11.276   11.276    1.000
 
================================================================================
 09:37:45   Dealing with k =  0.250000  0.500000 -0.000000               25 / 64
================================================================================

 Reading kih.dat
 Number of q-points in the irreducible BZ(k) (nrq): 64

 Using GPU support via OpenACC/OMP-Target implementation
 Band block size in MTXEL:    15
 
 Started calculating Sigma with 1024 block(s) at 09:37:45.
 [ 09:37:45 |   0% ] block    1 / 1024.
 [ 09:37:45 |   0% ] block    3 / 1024, remaining: 20 s.
 [ 09:37:46 |  10% ] block  103 / 1024, remaining: 8 s.
 [ 09:37:46 |  20% ] block  205 / 1024, remaining: 6 s.
 [ 09:37:47 |  30% ] block  308 / 1024, remaining: 5 s.
 [ 09:37:47 |  40% ] block  410 / 1024, remaining: 4 s.
 [ 09:37:48 |  50% ] block  513 / 1024, remaining: 3 s.
 [ 09:37:49 |  60% ] block  615 / 1024, remaining: 3 s.
 [ 09:37:49 |  70% ] block  717 / 1024, remaining: 2 s.
 [ 09:37:50 |  80% ] block  820 / 1024, remaining: 1 s.
 [ 09:37:51 |  90% ] block  922 / 1024, remaining: 1 s.
 Finished calculating Sigma at 09:37:51.
 Elapsed time: 7 s.
 
 Unsymmetrized values for ik =  25 spin = 1
 
     n      Emf       Eo      KIH        X     SX-X       CH      Cor      Sig
     1   -2.977   -2.977    8.199  -16.615   12.167   -9.548    2.618  -13.997
     2   -2.977   -2.977    8.199  -16.615   12.167   -9.548    2.618  -13.997
     3   -0.116   -0.116   11.030  -15.157   10.999   -9.527    1.473  -13.684
     4   -0.116   -0.116   11.030  -15.157   10.999   -9.527    1.473  -13.684
     5    2.730    2.730   13.219  -12.924    9.277   -9.127    0.149  -12.775
     6    2.730    2.730   13.219  -12.924    9.277   -9.127    0.149  -12.775
     7    4.062    4.062   15.089  -13.157    9.329   -9.448   -0.119  -13.276
     8    4.062    4.062   15.089  -13.157    9.329   -9.448   -0.119  -13.276
     9    7.784    7.784   17.225   -5.175    3.034   -8.504   -5.469  -10.645
    10    7.784    7.784   17.225   -5.175    3.034   -8.504   -5.469  -10.645
    11   10.723   10.723   20.584   -4.861    2.641   -8.750   -6.109  -10.969
    12   10.723   10.723   20.584   -4.861    2.641   -8.750   -6.109  -10.969
    13   12.018   12.018   22.879   -5.123    2.762   -9.363   -6.601  -11.724
    14   12.018   12.018   22.879   -5.123    2.762   -9.363   -6.601  -11.724
    15   12.191   12.191   22.582   -4.741    2.523   -9.085   -6.562  -11.303
    16   12.191   12.191   22.582   -4.741    2.523   -9.085   -6.562  -11.303

 Symmetrized values from band-averaging:

       k =  0.250000  0.500000 -0.000000 ik =  25 spin = 1

     n      Emf       Eo      KIH        X      Cor     Eqp0     Eqp1      Znk
     1   -2.977   -2.977    8.199  -16.615    2.618   -5.798   -5.798    1.000
     2   -2.977   -2.977    8.199  -16.615    2.618   -5.798   -5.798    1.000
     3   -0.116   -0.116   11.030  -15.157    1.473   -2.654   -2.654    1.000
     4   -0.116   -0.116   11.030  -15.157    1.473   -2.654   -2.654    1.000
     5    2.730    2.730   13.219  -12.924    0.149    0.444    0.444    1.000
     6    2.730    2.730   13.219  -12.924    0.149    0.444    0.444    1.000
     7    4.062    4.062   15.089  -13.157   -0.119    1.814    1.814    1.000
     8    4.062    4.062   15.089  -13.157   -0.119    1.814    1.814    1.000
     9    7.784    7.784   17.225   -5.175   -5.469    6.581    6.581    1.000
    10    7.784    7.784   17.225   -5.175   -5.469    6.581    6.581    1.000
    11   10.723   10.723   20.584   -4.861   -6.109    9.614    9.614    1.000
    12   10.723   10.723   20.584   -4.861   -6.109    9.614    9.614    1.000
    13   12.018   12.018   22.879   -5.123   -6.601   11.155   11.155    1.000
    14   12.018   12.018   22.879   -5.123   -6.601   11.155   11.155    1.000
    15   12.191   12.191   22.582   -4.741   -6.562   11.280   11.280    1.000
    16   12.191   12.191   22.582   -4.741   -6.562   11.280   11.280    1.000
 
================================================================================
 09:37:51   Dealing with k =  0.250000  0.500000  0.250000               26 / 64
================================================================================

 Reading kih.dat
 Number of q-points in the irreducible BZ(k) (nrq): 64

 Using GPU support via OpenACC/OMP-Target implementation
 Band block size in MTXEL:    15
 
 Started calculating Sigma with 1024 block(s) at 09:37:51.
 [ 09:37:51 |   0% ] block    1 / 1024.
 [ 09:37:51 |   0% ] block    3 / 1024, remaining: 19 s.
 [ 09:37:52 |  10% ] block  103 / 1024, remaining: 8 s.
 [ 09:37:53 |  20% ] block  205 / 1024, remaining: 6 s.
 [ 09:37:54 |  30% ] block  308 / 1024, remaining: 5 s.
 [ 09:37:54 |  40% ] block  410 / 1024, remaining: 4 s.
 [ 09:37:55 |  50% ] block  513 / 1024, remaining: 3 s.
 [ 09:37:56 |  60% ] block  615 / 1024, remaining: 3 s.
 [ 09:37:56 |  70% ] block  717 / 1024, remaining: 2 s.
 [ 09:37:57 |  80% ] block  820 / 1024, remaining: 1 s.
 [ 09:37:57 |  90% ] block  922 / 1024, remaining: 1 s.
 Finished calculating Sigma at 09:37:58.
 Elapsed time: 7 s.
 
 Unsymmetrized values for ik =  26 spin = 1
 
     n      Emf       Eo      KIH        X     SX-X       CH      Cor      Sig
     1   -3.652   -3.652    7.411  -16.827   12.352   -9.481    2.871  -13.956
     2   -3.652   -3.652    7.411  -16.827   12.352   -9.481    2.871  -13.956
     3    0.788    0.788   12.089  -14.833   10.711   -9.619    1.093  -13.741
     4    0.788    0.788   12.089  -14.833   10.711   -9.619    1.093  -13.741
     5    2.510    2.510   12.809  -12.854    9.259   -9.012    0.247  -12.607
     6    2.510    2.510   12.809  -12.854    9.259   -9.012    0.247  -12.607
     7    4.943    4.943   16.245  -12.993    9.127   -9.611   -0.485  -13.478
     8    4.943    4.943   16.245  -12.993    9.127   -9.611   -0.485  -13.478
     9    8.713    8.713   18.578   -5.198    3.013   -8.764   -5.751  -10.949
    10    8.713    8.713   18.578   -5.198    3.013   -8.764   -5.751  -10.949
    11   11.050   11.050   21.480   -4.936    2.732   -9.128   -6.396  -11.331
    12   11.050   11.050   21.480   -4.936    2.732   -9.128   -6.396  -11.331
    13   11.420   11.420   21.977   -5.485    2.954   -9.153   -6.199  -11.684
    14   11.420   11.420   21.977   -5.485    2.954   -9.153   -6.199  -11.684
    15   12.412   12.412   22.724   -4.415    2.337   -9.042   -6.705  -11.120
    16   12.412   12.412   22.724   -4.415    2.337   -9.042   -6.705  -11.120

 Symmetrized values from band-averaging:

       k =  0.250000  0.500000  0.250000 ik =  26 spin = 1

     n      Emf       Eo      KIH        X      Cor     Eqp0     Eqp1      Znk
     1   -3.652   -3.652    7.411  -16.827    2.871   -6.545   -6.545    1.000
     2   -3.652   -3.652    7.411  -16.827    2.871   -6.545   -6.545    1.000
     3    0.788    0.788   12.089  -14.833    1.093   -1.652   -1.652    1.000
     4    0.788    0.788   12.089  -14.833    1.093   -1.652   -1.652    1.000
     5    2.510    2.510   12.809  -12.854    0.247    0.201    0.201    1.000
     6    2.510    2.510   12.809  -12.854    0.247    0.201    0.201    1.000
     7    4.943    4.943   16.245  -12.993   -0.485    2.767    2.767    1.000
     8    4.943    4.943   16.245  -12.993   -0.485    2.767    2.767    1.000
     9    8.713    8.713   18.578   -5.198   -5.751    7.630    7.630    1.000
    10    8.713    8.713   18.578   -5.198   -5.751    7.630    7.630    1.000
    11   11.050   11.050   21.480   -4.936   -6.396   10.149   10.149    1.000
    12   11.050   11.050   21.480   -4.936   -6.396   10.149   10.149    1.000
    13   11.420   11.420   21.977   -5.485   -6.199   10.293   10.293    1.000
    14   11.420   11.420   21.977   -5.485   -6.199   10.293   10.293    1.000
    15   12.412   12.412   22.724   -4.415   -6.705   11.604   11.604    1.000
    16   12.412   12.412   22.724   -4.415   -6.705   11.604   11.604    1.000
 
================================================================================
 09:37:58   Dealing with k =  0.250000  0.500000  0.500000               27 / 64
================================================================================

 Reading kih.dat
 Number of q-points in the irreducible BZ(k) (nrq): 64

 Using GPU support via OpenACC/OMP-Target implementation
 Band block size in MTXEL:    15
 
 Started calculating Sigma with 1024 block(s) at 09:37:58.
 [ 09:37:58 |   0% ] block    1 / 1024.
 [ 09:37:58 |   0% ] block    3 / 1024, remaining: 25 s.
 [ 09:37:59 |  10% ] block  103 / 1024, remaining: 8 s.
 [ 09:38:00 |  20% ] block  205 / 1024, remaining: 6 s.
 [ 09:38:00 |  30% ] block  308 / 1024, remaining: 5 s.
 [ 09:38:01 |  40% ] block  410 / 1024, remaining: 4 s.
 [ 09:38:02 |  50% ] block  513 / 1024, remaining: 3 s.
 [ 09:38:02 |  60% ] block  615 / 1024, remaining: 3 s.
 [ 09:38:03 |  70% ] block  717 / 1024, remaining: 2 s.
 [ 09:38:03 |  80% ] block  820 / 1024, remaining: 1 s.
 [ 09:38:04 |  90% ] block  922 / 1024, remaining: 1 s.
 Finished calculating Sigma at 09:38:05.
 Elapsed time: 6 s.
 
 Unsymmetrized values for ik =  27 spin = 1
 
     n      Emf       Eo      KIH        X     SX-X       CH      Cor      Sig
     1   -2.977   -2.977    8.199  -16.617   12.168   -9.549    2.620  -13.998
     2   -2.977   -2.977    8.199  -16.617   12.168   -9.549    2.620  -13.998
     3   -0.116   -0.116   11.030  -15.156   11.003   -9.526    1.477  -13.680
     4   -0.116   -0.116   11.030  -15.156   11.003   -9.526    1.477  -13.680
     5    2.730    2.730   13.219  -12.921    9.271   -9.127    0.144  -12.776
     6    2.730    2.730   13.219  -12.921    9.271   -9.127    0.144  -12.776
     7    4.062    4.062   15.089  -13.155    9.330   -9.449   -0.119  -13.274
     8    4.062    4.062   15.089  -13.155    9.330   -9.449   -0.119  -13.274
     9    7.784    7.784   17.225   -5.174    3.035   -8.504   -5.470  -10.644
    10    7.784    7.784   17.225   -5.174    3.035   -8.504   -5.470  -10.644
    11   10.723   10.723   20.584   -4.856    2.631   -8.749   -6.118  -10.974
    12   10.723   10.723   20.584   -4.856    2.631   -8.749   -6.118  -10.974
    13   12.018   12.018   22.879   -5.129    2.769   -9.362   -6.593  -11.721
    14   12.018   12.018   22.879   -5.129    2.769   -9.362   -6.593  -11.721
    15   12.191   12.191   22.582   -4.745    2.531   -9.086   -6.555  -11.301
    16   12.191   12.191   22.582   -4.745    2.531   -9.086   -6.555  -11.301

 Symmetrized values from band-averaging:

       k =  0.250000  0.500000  0.500000 ik =  27 spin = 1

     n      Emf       Eo      KIH        X      Cor     Eqp0     Eqp1      Znk
     1   -2.977   -2.977    8.199  -16.617    2.620   -5.799   -5.799    1.000
     2   -2.977   -2.977    8.199  -16.617    2.620   -5.799   -5.799    1.000
     3   -0.116   -0.116   11.030  -15.156    1.477   -2.650   -2.650    1.000
     4   -0.116   -0.116   11.030  -15.156    1.477   -2.650   -2.650    1.000
     5    2.730    2.730   13.219  -12.921    0.144    0.442    0.442    1.000
     6    2.730    2.730   13.219  -12.921    0.144    0.442    0.442    1.000
     7    4.062    4.062   15.089  -13.155   -0.119    1.815    1.815    1.000
     8    4.062    4.062   15.089  -13.155   -0.119    1.815    1.815    1.000
     9    7.784    7.784   17.225   -5.174   -5.470    6.581    6.581    1.000
    10    7.784    7.784   17.225   -5.174   -5.470    6.581    6.581    1.000
    11   10.723   10.723   20.584   -4.856   -6.118    9.610    9.610    1.000
    12   10.723   10.723   20.584   -4.856   -6.118    9.610    9.610    1.000
    13   12.018   12.018   22.879   -5.129   -6.593   11.158   11.158    1.000
    14   12.018   12.018   22.879   -5.129   -6.593   11.158   11.158    1.000
    15   12.191   12.191   22.582   -4.745   -6.555   11.282   11.282    1.000
    16   12.191   12.191   22.582   -4.745   -6.555   11.282   11.282    1.000
 
================================================================================
 09:38:05   Dealing with k =  0.250000  0.500000  0.750000               28 / 64
================================================================================

 Reading kih.dat
 Number of q-points in the irreducible BZ(k) (nrq): 64

 Using GPU support via OpenACC/OMP-Target implementation
 Band block size in MTXEL:    15
 
 Started calculating Sigma with 1024 block(s) at 09:38:05.
 [ 09:38:05 |   0% ] block    1 / 1024.
 [ 09:38:05 |   0% ] block    3 / 1024, remaining: 19 s.
 [ 09:38:06 |  10% ] block  103 / 1024, remaining: 7 s.
 [ 09:38:06 |  20% ] block  205 / 1024, remaining: 6 s.
 [ 09:38:07 |  30% ] block  308 / 1024, remaining: 5 s.
 [ 09:38:08 |  40% ] block  410 / 1024, remaining: 4 s.
 [ 09:38:08 |  50% ] block  513 / 1024, remaining: 3 s.
 [ 09:38:09 |  60% ] block  615 / 1024, remaining: 3 s.
 [ 09:38:09 |  70% ] block  717 / 1024, remaining: 2 s.
 [ 09:38:10 |  80% ] block  820 / 1024, remaining: 1 s.
 [ 09:38:11 |  90% ] block  922 / 1024, remaining: 1 s.
 Finished calculating Sigma at 09:38:11.
 Elapsed time: 6 s.
 
 Unsymmetrized values for ik =  28 spin = 1
 
     n      Emf       Eo      KIH        X     SX-X       CH      Cor      Sig
     1   -1.388   -1.388   10.005  -16.049   11.680   -9.678    2.002  -14.047
     2   -1.388   -1.388   10.005  -16.049   11.680   -9.678    2.002  -14.047
     3   -1.382   -1.382   10.010  -16.047   11.679   -9.678    2.000  -14.046
     4   -1.382   -1.382   10.010  -16.047   11.679   -9.678    2.000  -14.046
     5    2.402    2.402   12.611  -12.840    9.252   -8.957    0.295  -12.545
     6    2.402    2.402   12.611  -12.840    9.252   -8.957    0.295  -12.545
     7    2.415    2.415   12.620  -12.829    9.243   -8.955    0.288  -12.540
     8    2.415    2.415   12.620  -12.829    9.243   -8.955    0.288  -12.540
     9   10.549   10.549   20.334   -5.034    2.743   -8.697   -5.955  -10.988
    10   10.549   10.549   20.334   -5.034    2.743   -8.697   -5.955  -10.988
    11   10.549   10.549   20.333   -5.032    2.742   -8.697   -5.955  -10.988
    12   10.549   10.549   20.333   -5.032    2.742   -8.697   -5.955  -10.988
    13   11.258   11.258   21.683   -4.789    2.615   -9.108   -6.493  -11.282
    14   11.258   11.258   21.683   -4.789    2.615   -9.108   -6.493  -11.282
    15   11.274   11.274   21.691   -4.780    2.608   -9.103   -6.495  -11.275
    16   11.274   11.274   21.691   -4.780    2.608   -9.103   -6.495  -11.275

 Symmetrized values from band-averaging:

       k =  0.250000  0.500000  0.750000 ik =  28 spin = 1

     n      Emf       Eo      KIH        X      Cor     Eqp0     Eqp1      Znk
     1   -1.388   -1.388   10.005  -16.049    2.002   -4.042   -4.042    1.000
     2   -1.388   -1.388   10.005  -16.049    2.002   -4.042   -4.042    1.000
     3   -1.382   -1.382   10.010  -16.047    2.000   -4.036   -4.036    1.000
     4   -1.382   -1.382   10.010  -16.047    2.000   -4.036   -4.036    1.000
     5    2.402    2.402   12.611  -12.840    0.295    0.065    0.065    1.000
     6    2.402    2.402   12.611  -12.840    0.295    0.065    0.065    1.000
     7    2.415    2.415   12.620  -12.829    0.288    0.079    0.079    1.000
     8    2.415    2.415   12.620  -12.829    0.288    0.079    0.079    1.000
     9   10.549   10.549   20.334   -5.034   -5.955    9.345    9.345    1.000
    10   10.549   10.549   20.334   -5.034   -5.955    9.345    9.345    1.000
    11   10.549   10.549   20.333   -5.032   -5.955    9.345    9.345    1.000
    12   10.549   10.549   20.333   -5.032   -5.955    9.345    9.345    1.000
    13   11.258   11.258   21.683   -4.789   -6.493   10.401   10.401    1.000
    14   11.258   11.258   21.683   -4.789   -6.493   10.401   10.401    1.000
    15   11.274   11.274   21.691   -4.780   -6.495   10.416   10.416    1.000
    16   11.274   11.274   21.691   -4.780   -6.495   10.416   10.416    1.000
 
================================================================================
 09:38:11   Dealing with k =  0.250000  0.750000 -0.000000               29 / 64
================================================================================

 Reading kih.dat
 Number of q-points in the irreducible BZ(k) (nrq): 64

 Using GPU support via OpenACC/OMP-Target implementation
 Band block size in MTXEL:    15
 
 Started calculating Sigma with 1024 block(s) at 09:38:11.
 [ 09:38:11 |   0% ] block    1 / 1024.
 [ 09:38:11 |   0% ] block    3 / 1024, remaining: 19 s.
 [ 09:38:12 |  10% ] block  103 / 1024, remaining: 8 s.
 [ 09:38:13 |  20% ] block  205 / 1024, remaining: 6 s.
 [ 09:38:14 |  30% ] block  308 / 1024, remaining: 5 s.
 [ 09:38:14 |  40% ] block  410 / 1024, remaining: 4 s.
 [ 09:38:15 |  50% ] block  513 / 1024, remaining: 3 s.
 [ 09:38:15 |  60% ] block  615 / 1024, remaining: 3 s.
 [ 09:38:16 |  70% ] block  717 / 1024, remaining: 2 s.
 [ 09:38:17 |  80% ] block  820 / 1024, remaining: 1 s.
 [ 09:38:17 |  90% ] block  922 / 1024, remaining: 1 s.
 Finished calculating Sigma at 09:38:18.
 Elapsed time: 6 s.
 
 Unsymmetrized values for ik =  29 spin = 1
 
     n      Emf       Eo      KIH        X     SX-X       CH      Cor      Sig
     1   -3.652   -3.652    7.411  -16.823   12.354   -9.481    2.873  -13.949
     2   -3.652   -3.652    7.411  -16.823   12.354   -9.481    2.873  -13.949
     3    0.788    0.788   12.089  -14.839   10.704   -9.619    1.085  -13.754
     4    0.788    0.788   12.089  -14.839   10.704   -9.619    1.085  -13.754
     5    2.510    2.510   12.809  -12.858    9.257   -9.013    0.245  -12.613
     6    2.510    2.510   12.809  -12.858    9.257   -9.013    0.245  -12.613
     7    4.943    4.943   16.245  -12.996    9.125   -9.611   -0.486  -13.482
     8    4.943    4.943   16.245  -12.996    9.125   -9.611   -0.486  -13.482
     9    8.713    8.713   18.578   -5.199    3.014   -8.763   -5.750  -10.948
    10    8.713    8.713   18.578   -5.199    3.014   -8.763   -5.750  -10.948
    11   11.050   11.050   21.480   -4.932    2.732   -9.128   -6.396  -11.328
    12   11.050   11.050   21.480   -4.932    2.732   -9.128   -6.396  -11.328
    13   11.420   11.420   21.977   -5.481    2.958   -9.153   -6.195  -11.676
    14   11.420   11.420   21.977   -5.481    2.958   -9.153   -6.195  -11.676
    15   12.412   12.412   22.724   -4.413    2.340   -9.043   -6.703  -11.116
    16   12.412   12.412   22.724   -4.413    2.340   -9.043   -6.703  -11.116

 Symmetrized values from band-averaging:

       k =  0.250000  0.750000 -0.000000 ik =  29 spin = 1

     n      Emf       Eo      KIH        X      Cor     Eqp0     Eqp1      Znk
     1   -3.652   -3.652    7.411  -16.823    2.873   -6.538   -6.538    1.000
     2   -3.652   -3.652    7.411  -16.823    2.873   -6.538   -6.538    1.000
     3    0.788    0.788   12.089  -14.839    1.085   -1.665   -1.665    1.000
     4    0.788    0.788   12.089  -14.839    1.085   -1.665   -1.665    1.000
     5    2.510    2.510   12.809  -12.858    0.245    0.196    0.196    1.000
     6    2.510    2.510   12.809  -12.858    0.245    0.196    0.196    1.000
     7    4.943    4.943   16.245  -12.996   -0.486    2.763    2.763    1.000
     8    4.943    4.943   16.245  -12.996   -0.486    2.763    2.763    1.000
     9    8.713    8.713   18.578   -5.199   -5.750    7.630    7.630    1.000
    10    8.713    8.713   18.578   -5.199   -5.750    7.630    7.630    1.000
    11   11.050   11.050   21.480   -4.932   -6.396   10.152   10.152    1.000
    12   11.050   11.050   21.480   -4.932   -6.396   10.152   10.152    1.000
    13   11.420   11.420   21.977   -5.481   -6.195   10.301   10.301    1.000
    14   11.420   11.420   21.977   -5.481   -6.195   10.301   10.301    1.000
    15   12.412   12.412   22.724   -4.413   -6.703   11.607   11.607    1.000
    16   12.412   12.412   22.724   -4.413   -6.703   11.607   11.607    1.000
 
================================================================================
 09:38:18   Dealing with k =  0.250000  0.750000  0.250000               30 / 64
================================================================================

 Reading kih.dat
 Number of q-points in the irreducible BZ(k) (nrq): 64

 Using GPU support via OpenACC/OMP-Target implementation
 Band block size in MTXEL:    15
 
 Started calculating Sigma with 1024 block(s) at 09:38:18.
 [ 09:38:18 |   0% ] block    1 / 1024.
 [ 09:38:18 |   0% ] block    3 / 1024, remaining: 19 s.
 [ 09:38:19 |  10% ] block  103 / 1024, remaining: 7 s.
 [ 09:38:20 |  20% ] block  205 / 1024, remaining: 6 s.
 [ 09:38:20 |  30% ] block  308 / 1024, remaining: 5 s.
 [ 09:38:21 |  40% ] block  410 / 1024, remaining: 4 s.
 [ 09:38:21 |  50% ] block  513 / 1024, remaining: 3 s.
 [ 09:38:22 |  60% ] block  615 / 1024, remaining: 3 s.
 [ 09:38:23 |  70% ] block  717 / 1024, remaining: 2 s.
 [ 09:38:23 |  80% ] block  820 / 1024, remaining: 1 s.
 [ 09:38:24 |  90% ] block  922 / 1024, remaining: 1 s.
 Finished calculating Sigma at 09:38:24.
 Elapsed time: 6 s.
 
 Unsymmetrized values for ik =  30 spin = 1
 
     n      Emf       Eo      KIH        X     SX-X       CH      Cor      Sig
     1   -2.977   -2.977    8.199  -16.614   12.168   -9.548    2.619  -13.994
     2   -2.977   -2.977    8.199  -16.614   12.168   -9.548    2.619  -13.994
     3   -0.116   -0.116   11.030  -15.160   10.997   -9.527    1.470  -13.690
     4   -0.116   -0.116   11.030  -15.160   10.997   -9.527    1.470  -13.690
     5    2.730    2.730   13.219  -12.924    9.277   -9.126    0.151  -12.773
     6    2.730    2.730   13.219  -12.924    9.277   -9.126    0.151  -12.773
     7    4.062    4.062   15.089  -13.155    9.330   -9.449   -0.119  -13.274
     8    4.062    4.062   15.089  -13.155    9.330   -9.449   -0.119  -13.274
     9    7.784    7.784   17.225   -5.175    3.034   -8.504   -5.471  -10.645
    10    7.784    7.784   17.225   -5.175    3.034   -8.504   -5.471  -10.645
    11   10.723   10.723   20.584   -4.853    2.645   -8.749   -6.104  -10.958
    12   10.723   10.723   20.584   -4.853    2.645   -8.749   -6.104  -10.958
    13   12.018   12.018   22.879   -5.126    2.756   -9.362   -6.606  -11.732
    14   12.018   12.018   22.879   -5.126    2.756   -9.362   -6.606  -11.732
    15   12.191   12.191   22.582   -4.744    2.522   -9.085   -6.563  -11.306
    16   12.191   12.191   22.582   -4.744    2.522   -9.085   -6.563  -11.306

 Symmetrized values from band-averaging:

       k =  0.250000  0.750000  0.250000 ik =  30 spin = 1

     n      Emf       Eo      KIH        X      Cor     Eqp0     Eqp1      Znk
     1   -2.977   -2.977    8.199  -16.614    2.619   -5.795   -5.795    1.000
     2   -2.977   -2.977    8.199  -16.614    2.619   -5.795   -5.795    1.000
     3   -0.116   -0.116   11.030  -15.160    1.470   -2.660   -2.660    1.000
     4   -0.116   -0.116   11.030  -15.160    1.470   -2.660   -2.660    1.000
     5    2.730    2.730   13.219  -12.924    0.151    0.445    0.445    1.000
     6    2.730    2.730   13.219  -12.924    0.151    0.445    0.445    1.000
     7    4.062    4.062   15.089  -13.155   -0.119    1.816    1.816    1.000
     8    4.062    4.062   15.089  -13.155   -0.119    1.816    1.816    1.000
     9    7.784    7.784   17.225   -5.175   -5.471    6.580    6.580    1.000
    10    7.784    7.784   17.225   -5.175   -5.471    6.580    6.580    1.000
    11   10.723   10.723   20.584   -4.853   -6.104    9.626    9.626    1.000
    12   10.723   10.723   20.584   -4.853   -6.104    9.626    9.626    1.000
    13   12.018   12.018   22.879   -5.126   -6.606   11.147   11.147    1.000
    14   12.018   12.018   22.879   -5.126   -6.606   11.147   11.147    1.000
    15   12.191   12.191   22.582   -4.744   -6.563   11.276   11.276    1.000
    16   12.191   12.191   22.582   -4.744   -6.563   11.276   11.276    1.000
 
================================================================================
 09:38:24   Dealing with k =  0.250000  0.750000  0.500000               31 / 64
================================================================================

 Reading kih.dat
 Number of q-points in the irreducible BZ(k) (nrq): 64

 Using GPU support via OpenACC/OMP-Target implementation
 Band block size in MTXEL:    15
 
 Started calculating Sigma with 1024 block(s) at 09:38:25.
 [ 09:38:25 |   0% ] block    1 / 1024.
 [ 09:38:25 |   0% ] block    3 / 1024, remaining: 18 s.
 [ 09:38:26 |  10% ] block  103 / 1024, remaining: 8 s.
 [ 09:38:26 |  20% ] block  205 / 1024, remaining: 6 s.
 [ 09:38:27 |  30% ] block  308 / 1024, remaining: 5 s.
 [ 09:38:27 |  40% ] block  410 / 1024, remaining: 4 s.
 [ 09:38:28 |  50% ] block  513 / 1024, remaining: 3 s.
 [ 09:38:29 |  60% ] block  615 / 1024, remaining: 3 s.
 [ 09:38:29 |  70% ] block  717 / 1024, remaining: 2 s.
 [ 09:38:30 |  80% ] block  820 / 1024, remaining: 1 s.
 [ 09:38:31 |  90% ] block  922 / 1024, remaining: 1 s.
 Finished calculating Sigma at 09:38:31.
 Elapsed time: 7 s.
 
 Unsymmetrized values for ik =  31 spin = 1
 
     n      Emf       Eo      KIH        X     SX-X       CH      Cor      Sig
     1   -1.388   -1.388   10.005  -16.049   11.680   -9.678    2.002  -14.047
     2   -1.388   -1.388   10.005  -16.049   11.680   -9.678    2.002  -14.047
     3   -1.382   -1.382   10.010  -16.047   11.679   -9.678    2.000  -14.046
     4   -1.382   -1.382   10.010  -16.047   11.679   -9.678    2.000  -14.046
     5    2.402    2.402   12.611  -12.840    9.252   -8.957    0.295  -12.545
     6    2.402    2.402   12.611  -12.840    9.252   -8.957    0.295  -12.545
     7    2.415    2.415   12.620  -12.829    9.243   -8.955    0.288  -12.540
     8    2.415    2.415   12.620  -12.829    9.243   -8.955    0.288  -12.540
     9   10.549   10.549   20.334   -5.034    2.743   -8.697   -5.955  -10.988
    10   10.549   10.549   20.334   -5.034    2.743   -8.697   -5.955  -10.988
    11   10.549   10.549   20.333   -5.032    2.742   -8.697   -5.955  -10.988
    12   10.549   10.549   20.333   -5.032    2.742   -8.697   -5.955  -10.988
    13   11.258   11.258   21.683   -4.789    2.615   -9.108   -6.493  -11.282
    14   11.258   11.258   21.683   -4.789    2.615   -9.108   -6.493  -11.282
    15   11.274   11.274   21.691   -4.780    2.608   -9.103   -6.495  -11.275
    16   11.274   11.274   21.691   -4.780    2.608   -9.103   -6.495  -11.275

 Symmetrized values from band-averaging:

       k =  0.250000  0.750000  0.500000 ik =  31 spin = 1

     n      Emf       Eo      KIH        X      Cor     Eqp0     Eqp1      Znk
     1   -1.388   -1.388   10.005  -16.049    2.002   -4.042   -4.042    1.000
     2   -1.388   -1.388   10.005  -16.049    2.002   -4.042   -4.042    1.000
     3   -1.382   -1.382   10.010  -16.047    2.000   -4.036   -4.036    1.000
     4   -1.382   -1.382   10.010  -16.047    2.000   -4.036   -4.036    1.000
     5    2.402    2.402   12.611  -12.840    0.295    0.065    0.065    1.000
     6    2.402    2.402   12.611  -12.840    0.295    0.065    0.065    1.000
     7    2.415    2.415   12.620  -12.829    0.288    0.079    0.079    1.000
     8    2.415    2.415   12.620  -12.829    0.288    0.079    0.079    1.000
     9   10.549   10.549   20.334   -5.034   -5.955    9.345    9.345    1.000
    10   10.549   10.549   20.334   -5.034   -5.955    9.345    9.345    1.000
    11   10.549   10.549   20.333   -5.032   -5.955    9.346    9.346    1.000
    12   10.549   10.549   20.333   -5.032   -5.955    9.346    9.346    1.000
    13   11.258   11.258   21.683   -4.789   -6.493   10.401   10.401    1.000
    14   11.258   11.258   21.683   -4.789   -6.493   10.401   10.401    1.000
    15   11.274   11.274   21.691   -4.780   -6.495   10.416   10.416    1.000
    16   11.274   11.274   21.691   -4.780   -6.495   10.416   10.416    1.000
 
================================================================================
 09:38:31   Dealing with k =  0.250000  0.750000  0.750000               32 / 64
================================================================================

 Reading kih.dat
 Number of q-points in the irreducible BZ(k) (nrq): 64

 Using GPU support via OpenACC/OMP-Target implementation
 Band block size in MTXEL:    15
 
 Started calculating Sigma with 1024 block(s) at 09:38:31.
 [ 09:38:31 |   0% ] block    1 / 1024.
 [ 09:38:32 |   0% ] block    3 / 1024, remaining: 18 s.
 [ 09:38:32 |  10% ] block  103 / 1024, remaining: 8 s.
 [ 09:38:33 |  20% ] block  205 / 1024, remaining: 6 s.
 [ 09:38:34 |  30% ] block  308 / 1024, remaining: 5 s.
 [ 09:38:34 |  40% ] block  410 / 1024, remaining: 4 s.
 [ 09:38:35 |  50% ] block  513 / 1024, remaining: 3 s.
 [ 09:38:35 |  60% ] block  615 / 1024, remaining: 3 s.
 [ 09:38:36 |  70% ] block  717 / 1024, remaining: 2 s.
 [ 09:38:37 |  80% ] block  820 / 1024, remaining: 1 s.
 [ 09:38:37 |  90% ] block  922 / 1024, remaining: 1 s.
 Finished calculating Sigma at 09:38:38.
 Elapsed time: 7 s.
 
 Unsymmetrized values for ik =  32 spin = 1
 
     n      Emf       Eo      KIH        X     SX-X       CH      Cor      Sig
     1   -2.977   -2.977    8.199  -16.612   12.172   -9.548    2.624  -13.988
     2   -2.977   -2.977    8.199  -16.612   12.172   -9.548    2.624  -13.988
     3   -0.116   -0.116   11.030  -15.161   10.994   -9.527    1.467  -13.693
     4   -0.116   -0.116   11.030  -15.161   10.994   -9.527    1.467  -13.693
     5    2.730    2.730   13.219  -12.927    9.267   -9.126    0.141  -12.786
     6    2.730    2.730   13.219  -12.927    9.267   -9.126    0.141  -12.786
     7    4.062    4.062   15.089  -13.157    9.328   -9.449   -0.121  -13.278
     8    4.062    4.062   15.089  -13.157    9.328   -9.449   -0.121  -13.278
     9    7.784    7.784   17.225   -5.176    3.035   -8.504   -5.469  -10.645
    10    7.784    7.784   17.225   -5.176    3.035   -8.504   -5.469  -10.645
    11   10.723   10.723   20.584   -4.857    2.632   -8.749   -6.118  -10.975
    12   10.723   10.723   20.584   -4.857    2.632   -8.749   -6.118  -10.975
    13   12.018   12.018   22.879   -5.121    2.774   -9.362   -6.587  -11.708
    14   12.018   12.018   22.879   -5.121    2.774   -9.362   -6.587  -11.708
    15   12.191   12.191   22.582   -4.740    2.535   -9.085   -6.550  -11.291
    16   12.191   12.191   22.582   -4.740    2.535   -9.085   -6.550  -11.291

 Symmetrized values from band-averaging:

       k =  0.250000  0.750000  0.750000 ik =  32 spin = 1

     n      Emf       Eo      KIH        X      Cor     Eqp0     Eqp1      Znk
     1   -2.977   -2.977    8.199  -16.612    2.624   -5.789   -5.789    1.000
     2   -2.977   -2.977    8.199  -16.612    2.624   -5.789   -5.789    1.000
     3   -0.116   -0.116   11.030  -15.161    1.467   -2.664   -2.664    1.000
     4   -0.116   -0.116   11.030  -15.161    1.467   -2.664   -2.664    1.000
     5    2.730    2.730   13.219  -12.927    0.141    0.433    0.433    1.000
     6    2.730    2.730   13.219  -12.927    0.141    0.433    0.433    1.000
     7    4.062    4.062   15.089  -13.157   -0.121    1.812    1.812    1.000
     8    4.062    4.062   15.089  -13.157   -0.121    1.812    1.812    1.000
     9    7.784    7.784   17.225   -5.176   -5.469    6.580    6.580    1.000
    10    7.784    7.784   17.225   -5.176   -5.469    6.580    6.580    1.000
    11   10.723   10.723   20.584   -4.857   -6.118    9.609    9.609    1.000
    12   10.723   10.723   20.584   -4.857   -6.118    9.609    9.609    1.000
    13   12.018   12.018   22.879   -5.121   -6.587   11.171   11.171    1.000
    14   12.018   12.018   22.879   -5.121   -6.587   11.171   11.171    1.000
    15   12.191   12.191   22.582   -4.740   -6.550   11.291   11.291    1.000
    16   12.191   12.191   22.582   -4.740   -6.550   11.291   11.291    1.000
 
================================================================================
 09:38:38   Dealing with k =  0.500000  0.000000  0.000000               33 / 64
================================================================================

 Reading kih.dat
 Number of q-points in the irreducible BZ(k) (nrq): 64

 Using GPU support via OpenACC/OMP-Target implementation
 Band block size in MTXEL:    15
 
 Started calculating Sigma with 1024 block(s) at 09:38:38.
 [ 09:38:38 |   0% ] block    1 / 1024.
 [ 09:38:38 |   0% ] block    3 / 1024, remaining: 19 s.
 [ 09:38:39 |  10% ] block  103 / 1024, remaining: 8 s.
 [ 09:38:40 |  20% ] block  205 / 1024, remaining: 6 s.
 [ 09:38:40 |  30% ] block  308 / 1024, remaining: 5 s.
 [ 09:38:41 |  40% ] block  410 / 1024, remaining: 4 s.
 [ 09:38:42 |  50% ] block  513 / 1024, remaining: 3 s.
 [ 09:38:42 |  60% ] block  615 / 1024, remaining: 3 s.
 [ 09:38:43 |  70% ] block  717 / 1024, remaining: 2 s.
 [ 09:38:44 |  80% ] block  820 / 1024, remaining: 1 s.
 [ 09:38:44 |  90% ] block  922 / 1024, remaining: 1 s.
 Finished calculating Sigma at 09:38:45.
 Elapsed time: 7 s.
 
 Unsymmetrized values for ik =  33 spin = 1
 
     n      Emf       Eo      KIH        X     SX-X       CH      Cor      Sig
     1   -3.363   -3.363    7.884  -16.863   12.359   -9.592    2.767  -14.096
     2   -3.363   -3.363    7.884  -16.863   12.359   -9.592    2.767  -14.096
     3   -0.707   -0.707    9.791  -14.858   10.859   -9.135    1.724  -13.134
     4   -0.707   -0.707    9.791  -14.858   10.859   -9.135    1.724  -13.134
     5    5.057    5.057   16.470  -13.165    9.238   -9.677   -0.439  -13.604
     6    5.057    5.057   16.470  -13.165    9.238   -9.677   -0.439  -13.604
     7    5.089    5.089   16.499  -13.147    9.223   -9.675   -0.452  -13.599
     8    5.089    5.089   16.499  -13.147    9.223   -9.675   -0.452  -13.599
     9    7.805    7.805   18.356   -5.919    3.497   -9.173   -5.675  -11.594
    10    7.805    7.805   18.356   -5.919    3.497   -9.173   -5.675  -11.594
    11    9.594    9.594   19.478   -5.061    2.906   -8.779   -5.873  -10.935
    12    9.594    9.594   19.478   -5.061    2.906   -8.779   -5.873  -10.935
    13    9.609    9.609   19.487   -5.053    2.900   -8.776   -5.876  -10.929
    14    9.609    9.609   19.487   -5.053    2.900   -8.776   -5.876  -10.929
    15   14.000   14.000   21.841   -2.391    1.004   -7.548   -6.544   -8.935
    16   14.000   14.000   21.841   -2.391    1.004   -7.548   -6.544   -8.935

 Symmetrized values from band-averaging:

       k =  0.500000  0.000000  0.000000 ik =  33 spin = 1

     n      Emf       Eo      KIH        X      Cor     Eqp0     Eqp1      Znk
     1   -3.363   -3.363    7.884  -16.863    2.767   -6.211   -6.211    1.000
     2   -3.363   -3.363    7.884  -16.863    2.767   -6.211   -6.211    1.000
     3   -0.707   -0.707    9.791  -14.858    1.724   -3.343   -3.343    1.000
     4   -0.707   -0.707    9.791  -14.858    1.724   -3.343   -3.343    1.000
     5    5.057    5.057   16.470  -13.165   -0.439    2.866    2.866    1.000
     6    5.057    5.057   16.470  -13.165   -0.439    2.866    2.866    1.000
     7    5.089    5.089   16.499  -13.147   -0.452    2.900    2.900    1.000
     8    5.089    5.089   16.499  -13.147   -0.452    2.900    2.900    1.000
     9    7.805    7.805   18.356   -5.919   -5.675    6.761    6.761    1.000
    10    7.805    7.805   18.356   -5.919   -5.675    6.761    6.761    1.000
    11    9.594    9.594   19.478   -5.061   -5.873    8.544    8.544    1.000
    12    9.594    9.594   19.478   -5.061   -5.873    8.544    8.544    1.000
    13    9.609    9.609   19.487   -5.053   -5.876    8.557    8.557    1.000
    14    9.609    9.609   19.487   -5.053   -5.876    8.557    8.557    1.000
    15   14.000   14.000   21.841   -2.391   -6.544   12.906   12.906    1.000
    16   14.000   14.000   21.841   -2.391   -6.544   12.906   12.906    1.000
 
================================================================================
 09:38:45   Dealing with k =  0.500000  0.000000  0.250000               34 / 64
================================================================================

 Reading kih.dat
 Number of q-points in the irreducible BZ(k) (nrq): 64

 Using GPU support via OpenACC/OMP-Target implementation
 Band block size in MTXEL:    15
 
 Started calculating Sigma with 1024 block(s) at 09:38:45.
 [ 09:38:45 |   0% ] block    1 / 1024.
 [ 09:38:45 |   0% ] block    3 / 1024, remaining: 20 s.
 [ 09:38:46 |  10% ] block  103 / 1024, remaining: 8 s.
 [ 09:38:46 |  20% ] block  205 / 1024, remaining: 6 s.
 [ 09:38:47 |  30% ] block  308 / 1024, remaining: 5 s.
 [ 09:38:48 |  40% ] block  410 / 1024, remaining: 4 s.
 [ 09:38:48 |  50% ] block  513 / 1024, remaining: 3 s.
 [ 09:38:49 |  60% ] block  615 / 1024, remaining: 3 s.
 [ 09:38:50 |  70% ] block  717 / 1024, remaining: 2 s.
 [ 09:38:50 |  80% ] block  820 / 1024, remaining: 1 s.
 [ 09:38:51 |  90% ] block  922 / 1024, remaining: 1 s.
 Finished calculating Sigma at 09:38:51.
 Elapsed time: 6 s.
 
 Unsymmetrized values for ik =  34 spin = 1
 
     n      Emf       Eo      KIH        X     SX-X       CH      Cor      Sig
     1   -2.977   -2.977    8.199  -16.613   12.166   -9.548    2.617  -13.996
     2   -2.977   -2.977    8.199  -16.613   12.166   -9.548    2.617  -13.996
     3   -0.116   -0.116   11.030  -15.160   11.001   -9.527    1.475  -13.686
     4   -0.116   -0.116   11.030  -15.160   11.001   -9.527    1.475  -13.686
     5    2.730    2.730   13.219  -12.924    9.276   -9.127    0.149  -12.775
     6    2.730    2.730   13.219  -12.924    9.276   -9.127    0.149  -12.775
     7    4.062    4.062   15.089  -13.155    9.328   -9.448   -0.120  -13.275
     8    4.062    4.062   15.089  -13.155    9.328   -9.448   -0.120  -13.275
     9    7.784    7.784   17.225   -5.174    3.034   -8.504   -5.470  -10.644
    10    7.784    7.784   17.225   -5.174    3.034   -8.504   -5.470  -10.644
    11   10.723   10.723   20.584   -4.854    2.638   -8.750   -6.112  -10.966
    12   10.723   10.723   20.584   -4.854    2.638   -8.750   -6.112  -10.966
    13   12.018   12.018   22.879   -5.126    2.764   -9.363   -6.599  -11.725
    14   12.018   12.018   22.879   -5.126    2.764   -9.363   -6.599  -11.725
    15   12.191   12.191   22.582   -4.744    2.525   -9.085   -6.560  -11.304
    16   12.191   12.191   22.582   -4.744    2.525   -9.085   -6.560  -11.304

 Symmetrized values from band-averaging:

       k =  0.500000  0.000000  0.250000 ik =  34 spin = 1

     n      Emf       Eo      KIH        X      Cor     Eqp0     Eqp1      Znk
     1   -2.977   -2.977    8.199  -16.613    2.617   -5.797   -5.797    1.000
     2   -2.977   -2.977    8.199  -16.613    2.617   -5.797   -5.797    1.000
     3   -0.116   -0.116   11.030  -15.160    1.475   -2.656   -2.656    1.000
     4   -0.116   -0.116   11.030  -15.160    1.475   -2.656   -2.656    1.000
     5    2.730    2.730   13.219  -12.924    0.149    0.444    0.444    1.000
     6    2.730    2.730   13.219  -12.924    0.149    0.444    0.444    1.000
     7    4.062    4.062   15.089  -13.155   -0.120    1.814    1.814    1.000
     8    4.062    4.062   15.089  -13.155   -0.120    1.814    1.814    1.000
     9    7.784    7.784   17.225   -5.174   -5.470    6.581    6.581    1.000
    10    7.784    7.784   17.225   -5.174   -5.470    6.581    6.581    1.000
    11   10.723   10.723   20.584   -4.854   -6.112    9.618    9.618    1.000
    12   10.723   10.723   20.584   -4.854   -6.112    9.618    9.618    1.000
    13   12.018   12.018   22.879   -5.126   -6.599   11.154   11.154    1.000
    14   12.018   12.018   22.879   -5.126   -6.599   11.154   11.154    1.000
    15   12.191   12.191   22.582   -4.744   -6.560   11.278   11.278    1.000
    16   12.191   12.191   22.582   -4.744   -6.560   11.278   11.278    1.000
 
================================================================================
 09:38:51   Dealing with k =  0.500000  0.000000  0.500000               35 / 64
================================================================================

 Reading kih.dat
 Number of q-points in the irreducible BZ(k) (nrq): 64

 Using GPU support via OpenACC/OMP-Target implementation
 Band block size in MTXEL:    15
 
 Started calculating Sigma with 1024 block(s) at 09:38:52.
 [ 09:38:52 |   0% ] block    1 / 1024.
 [ 09:38:52 |   0% ] block    3 / 1024, remaining: 19 s.
 [ 09:38:52 |  10% ] block  103 / 1024, remaining: 8 s.
 [ 09:38:53 |  20% ] block  205 / 1024, remaining: 6 s.
 [ 09:38:54 |  30% ] block  308 / 1024, remaining: 5 s.
 [ 09:38:54 |  40% ] block  410 / 1024, remaining: 4 s.
 [ 09:38:55 |  50% ] block  513 / 1024, remaining: 3 s.
 [ 09:38:55 |  60% ] block  615 / 1024, remaining: 3 s.
 [ 09:38:56 |  70% ] block  717 / 1024, remaining: 2 s.
 [ 09:38:57 |  80% ] block  820 / 1024, remaining: 1 s.
 [ 09:38:57 |  90% ] block  922 / 1024, remaining: 1 s.
 Finished calculating Sigma at 09:38:58.
 Elapsed time: 6 s.
 
 Unsymmetrized values for ik =  35 spin = 1
 
     n      Emf       Eo      KIH        X     SX-X       CH      Cor      Sig
     1   -1.550   -1.550    9.700  -15.990   11.656   -9.592    2.064  -13.926
     2   -1.550   -1.550    9.700  -15.990   11.656   -9.592    2.064  -13.926
     3   -1.550   -1.550    9.700  -15.990   11.656   -9.592    2.064  -13.926
     4   -1.550   -1.550    9.700  -15.990   11.656   -9.592    2.064  -13.926
     5    3.412    3.412   14.298  -13.362    9.527   -9.364    0.163  -13.199
     6    3.412    3.412   14.298  -13.362    9.527   -9.364    0.163  -13.199
     7    3.412    3.412   14.298  -13.361    9.527   -9.364    0.163  -13.198
     8    3.412    3.412   14.298  -13.361    9.527   -9.364    0.163  -13.198
     9    6.974    6.974   16.148   -5.162    3.058   -8.341   -5.283  -10.445
    10    6.974    6.974   16.148   -5.162    3.058   -8.341   -5.283  -10.445
    11    6.974    6.974   16.148   -5.162    3.058   -8.341   -5.283  -10.445
    12    6.974    6.974   16.148   -5.162    3.058   -8.341   -5.283  -10.445
    13   16.371   16.371   27.472   -3.795    1.794   -9.556   -7.761  -11.557
    14   16.371   16.371   27.472   -3.795    1.794   -9.556   -7.761  -11.557
    15   16.371   16.371   27.472   -3.795    1.794   -9.555   -7.761  -11.557
    16   16.371   16.371   27.472   -3.795    1.794   -9.555   -7.761  -11.556

 Symmetrized values from band-averaging:

       k =  0.500000  0.000000  0.500000 ik =  35 spin = 1

     n      Emf       Eo      KIH        X      Cor     Eqp0     Eqp1      Znk
     1   -1.550   -1.550    9.700  -15.990    2.064   -4.226   -4.226    1.000
     2   -1.550   -1.550    9.700  -15.990    2.064   -4.226   -4.226    1.000
     3   -1.550   -1.550    9.700  -15.990    2.064   -4.226   -4.226    1.000
     4   -1.550   -1.550    9.700  -15.990    2.064   -4.226   -4.226    1.000
     5    3.412    3.412   14.298  -13.361    0.163    1.099    1.099    1.000
     6    3.412    3.412   14.298  -13.361    0.163    1.099    1.099    1.000
     7    3.412    3.412   14.298  -13.361    0.163    1.099    1.099    1.000
     8    3.412    3.412   14.298  -13.361    0.163    1.099    1.099    1.000
     9    6.974    6.974   16.148   -5.162   -5.283    5.703    5.703    1.000
    10    6.974    6.974   16.148   -5.162   -5.283    5.703    5.703    1.000
    11    6.974    6.974   16.148   -5.162   -5.283    5.703    5.703    1.000
    12    6.974    6.974   16.148   -5.162   -5.283    5.703    5.703    1.000
    13   16.371   16.371   27.472   -3.795   -7.761   15.916   15.916    1.000
    14   16.371   16.371   27.472   -3.795   -7.761   15.916   15.916    1.000
    15   16.371   16.371   27.472   -3.795   -7.761   15.916   15.916    1.000
    16   16.371   16.371   27.472   -3.795   -7.761   15.916   15.916    1.000
 
================================================================================
 09:38:58   Dealing with k =  0.500000 -0.000000  0.750000               36 / 64
================================================================================

 Reading kih.dat
 Number of q-points in the irreducible BZ(k) (nrq): 64

 Using GPU support via OpenACC/OMP-Target implementation
 Band block size in MTXEL:    15
 
 Started calculating Sigma with 1024 block(s) at 09:38:58.
 [ 09:38:58 |   0% ] block    1 / 1024.
 [ 09:38:58 |   0% ] block    3 / 1024, remaining: 19 s.
 [ 09:38:59 |  10% ] block  103 / 1024, remaining: 7 s.
 [ 09:39:00 |  20% ] block  205 / 1024, remaining: 6 s.
 [ 09:39:00 |  30% ] block  308 / 1024, remaining: 5 s.
 [ 09:39:01 |  40% ] block  410 / 1024, remaining: 4 s.
 [ 09:39:02 |  50% ] block  513 / 1024, remaining: 3 s.
 [ 09:39:02 |  60% ] block  615 / 1024, remaining: 3 s.
 [ 09:39:03 |  70% ] block  717 / 1024, remaining: 2 s.
 [ 09:39:03 |  80% ] block  820 / 1024, remaining: 1 s.
 [ 09:39:04 |  90% ] block  922 / 1024, remaining: 1 s.
 Finished calculating Sigma at 09:39:05.
 Elapsed time: 6 s.
 
 Unsymmetrized values for ik =  36 spin = 1
 
     n      Emf       Eo      KIH        X     SX-X       CH      Cor      Sig
     1   -2.977   -2.977    8.199  -16.616   12.176   -9.548    2.628  -13.988
     2   -2.977   -2.977    8.199  -16.616   12.176   -9.548    2.628  -13.988
     3   -0.116   -0.116   11.030  -15.156   10.988   -9.527    1.461  -13.695
     4   -0.116   -0.116   11.030  -15.156   10.988   -9.527    1.461  -13.695
     5    2.730    2.730   13.219  -12.924    9.270   -9.127    0.143  -12.781
     6    2.730    2.730   13.219  -12.924    9.270   -9.127    0.143  -12.781
     7    4.062    4.062   15.089  -13.157    9.327   -9.448   -0.121  -13.278
     8    4.062    4.062   15.089  -13.157    9.327   -9.448   -0.121  -13.278
     9    7.784    7.784   17.225   -5.175    3.034   -8.504   -5.469  -10.645
    10    7.784    7.784   17.225   -5.175    3.034   -8.504   -5.469  -10.645
    11   10.723   10.723   20.584   -4.860    2.642   -8.750   -6.108  -10.968
    12   10.723   10.723   20.584   -4.860    2.642   -8.750   -6.108  -10.968
    13   12.018   12.018   22.879   -5.123    2.773   -9.363   -6.590  -11.713
    14   12.018   12.018   22.879   -5.123    2.773   -9.363   -6.590  -11.713
    15   12.191   12.191   22.582   -4.741    2.530   -9.085   -6.555  -11.296
    16   12.191   12.191   22.582   -4.741    2.530   -9.085   -6.555  -11.296

 Symmetrized values from band-averaging:

       k =  0.500000 -0.000000  0.750000 ik =  36 spin = 1

     n      Emf       Eo      KIH        X      Cor     Eqp0     Eqp1      Znk
     1   -2.977   -2.977    8.199  -16.616    2.628   -5.790   -5.790    1.000
     2   -2.977   -2.977    8.199  -16.616    2.628   -5.790   -5.790    1.000
     3   -0.116   -0.116   11.030  -15.156    1.461   -2.665   -2.665    1.000
     4   -0.116   -0.116   11.030  -15.156    1.461   -2.665   -2.665    1.000
     5    2.730    2.730   13.219  -12.924    0.143    0.438    0.438    1.000
     6    2.730    2.730   13.219  -12.924    0.143    0.438    0.438    1.000
     7    4.062    4.062   15.089  -13.157   -0.121    1.812    1.812    1.000
     8    4.062    4.062   15.089  -13.157   -0.121    1.812    1.812    1.000
     9    7.784    7.784   17.225   -5.175   -5.469    6.581    6.581    1.000
    10    7.784    7.784   17.225   -5.175   -5.469    6.581    6.581    1.000
    11   10.723   10.723   20.584   -4.860   -6.108    9.616    9.616    1.000
    12   10.723   10.723   20.584   -4.860   -6.108    9.616    9.616    1.000
    13   12.018   12.018   22.879   -5.123   -6.590   11.166   11.166    1.000
    14   12.018   12.018   22.879   -5.123   -6.590   11.166   11.166    1.000
    15   12.191   12.191   22.582   -4.741   -6.555   11.286   11.286    1.000
    16   12.191   12.191   22.582   -4.741   -6.555   11.286   11.286    1.000
 
================================================================================
 09:39:05   Dealing with k =  0.500000  0.250000  0.000000               37 / 64
================================================================================

 Reading kih.dat
 Number of q-points in the irreducible BZ(k) (nrq): 64

 Using GPU support via OpenACC/OMP-Target implementation
 Band block size in MTXEL:    15
 
 Started calculating Sigma with 1024 block(s) at 09:39:05.
 [ 09:39:05 |   0% ] block    1 / 1024.
 [ 09:39:05 |   0% ] block    3 / 1024, remaining: 24 s.
 [ 09:39:06 |  10% ] block  103 / 1024, remaining: 8 s.
 [ 09:39:06 |  20% ] block  205 / 1024, remaining: 6 s.
 [ 09:39:07 |  30% ] block  308 / 1024, remaining: 5 s.
 [ 09:39:08 |  40% ] block  410 / 1024, remaining: 4 s.
 [ 09:39:08 |  50% ] block  513 / 1024, remaining: 3 s.
 [ 09:39:09 |  60% ] block  615 / 1024, remaining: 3 s.
 [ 09:39:09 |  70% ] block  717 / 1024, remaining: 2 s.
 [ 09:39:10 |  80% ] block  820 / 1024, remaining: 1 s.
 [ 09:39:11 |  90% ] block  922 / 1024, remaining: 1 s.
 Finished calculating Sigma at 09:39:11.
 Elapsed time: 7 s.
 
 Unsymmetrized values for ik =  37 spin = 1
 
     n      Emf       Eo      KIH        X     SX-X       CH      Cor      Sig
     1   -2.977   -2.977    8.199  -16.614   12.166   -9.548    2.618  -13.996
     2   -2.977   -2.977    8.199  -16.614   12.166   -9.548    2.618  -13.996
     3   -0.116   -0.116   11.030  -15.160   11.001   -9.527    1.474  -13.686
     4   -0.116   -0.116   11.030  -15.160   11.001   -9.527    1.474  -13.686
     5    2.730    2.730   13.219  -12.924    9.276   -9.127    0.149  -12.775
     6    2.730    2.730   13.219  -12.924    9.276   -9.127    0.149  -12.775
     7    4.062    4.062   15.089  -13.155    9.329   -9.448   -0.120  -13.275
     8    4.062    4.062   15.089  -13.155    9.329   -9.448   -0.120  -13.275
     9    7.784    7.784   17.225   -5.174    3.034   -8.504   -5.470  -10.644
    10    7.784    7.784   17.225   -5.174    3.034   -8.504   -5.470  -10.644
    11   10.723   10.723   20.584   -4.854    2.638   -8.750   -6.112  -10.965
    12   10.723   10.723   20.584   -4.854    2.638   -8.750   -6.112  -10.965
    13   12.018   12.018   22.879   -5.127    2.764   -9.363   -6.599  -11.726
    14   12.018   12.018   22.879   -5.127    2.764   -9.363   -6.599  -11.726
    15   12.191   12.191   22.582   -4.744    2.525   -9.085   -6.560  -11.304
    16   12.191   12.191   22.582   -4.744    2.525   -9.085   -6.560  -11.304

 Symmetrized values from band-averaging:

       k =  0.500000  0.250000  0.000000 ik =  37 spin = 1

     n      Emf       Eo      KIH        X      Cor     Eqp0     Eqp1      Znk
     1   -2.977   -2.977    8.199  -16.614    2.618   -5.798   -5.798    1.000
     2   -2.977   -2.977    8.199  -16.614    2.618   -5.798   -5.798    1.000
     3   -0.116   -0.116   11.030  -15.160    1.474   -2.656   -2.656    1.000
     4   -0.116   -0.116   11.030  -15.160    1.474   -2.656   -2.656    1.000
     5    2.730    2.730   13.219  -12.924    0.149    0.444    0.444    1.000
     6    2.730    2.730   13.219  -12.924    0.149    0.444    0.444    1.000
     7    4.062    4.062   15.089  -13.155   -0.120    1.814    1.814    1.000
     8    4.062    4.062   15.089  -13.155   -0.120    1.814    1.814    1.000
     9    7.784    7.784   17.225   -5.174   -5.470    6.581    6.581    1.000
    10    7.784    7.784   17.225   -5.174   -5.470    6.581    6.581    1.000
    11   10.723   10.723   20.584   -4.854   -6.112    9.618    9.618    1.000
    12   10.723   10.723   20.584   -4.854   -6.112    9.618    9.618    1.000
    13   12.018   12.018   22.879   -5.127   -6.599   11.153   11.153    1.000
    14   12.018   12.018   22.879   -5.127   -6.599   11.153   11.153    1.000
    15   12.191   12.191   22.582   -4.744   -6.560   11.278   11.278    1.000
    16   12.191   12.191   22.582   -4.744   -6.560   11.278   11.278    1.000
 
================================================================================
 09:39:11   Dealing with k =  0.500000  0.250000  0.250000               38 / 64
================================================================================

 Reading kih.dat
 Number of q-points in the irreducible BZ(k) (nrq): 64

 Using GPU support via OpenACC/OMP-Target implementation
 Band block size in MTXEL:    15
 
 Started calculating Sigma with 1024 block(s) at 09:39:12.
 [ 09:39:12 |   0% ] block    1 / 1024.
 [ 09:39:12 |   0% ] block    3 / 1024, remaining: 19 s.
 [ 09:39:12 |  10% ] block  103 / 1024, remaining: 7 s.
 [ 09:39:13 |  20% ] block  205 / 1024, remaining: 6 s.
 [ 09:39:14 |  30% ] block  308 / 1024, remaining: 5 s.
 [ 09:39:14 |  40% ] block  410 / 1024, remaining: 4 s.
 [ 09:39:15 |  50% ] block  513 / 1024, remaining: 3 s.
 [ 09:39:17 |  60% ] block  615 / 1024, remaining: 3 s.
 [ 09:39:17 |  70% ] block  717 / 1024, remaining: 2 s.
 [ 09:39:18 |  80% ] block  820 / 1024, remaining: 2 s.
 [ 09:39:18 |  90% ] block  922 / 1024, remaining: 1 s.
 Finished calculating Sigma at 09:39:19.
 Elapsed time: 8 s.
 
 Unsymmetrized values for ik =  38 spin = 1
 
     n      Emf       Eo      KIH        X     SX-X       CH      Cor      Sig
     1   -3.652   -3.652    7.411  -16.825   12.351   -9.481    2.870  -13.955
     2   -3.652   -3.652    7.411  -16.825   12.351   -9.481    2.870  -13.955
     3    0.788    0.788   12.089  -14.836   10.713   -9.619    1.094  -13.742
     4    0.788    0.788   12.089  -14.836   10.713   -9.619    1.094  -13.742
     5    2.510    2.510   12.809  -12.856    9.260   -9.012    0.248  -12.608
     6    2.510    2.510   12.809  -12.856    9.260   -9.012    0.248  -12.608
     7    4.943    4.943   16.245  -12.995    9.127   -9.612   -0.484  -13.479
     8    4.943    4.943   16.245  -12.995    9.127   -9.612   -0.484  -13.479
     9    8.713    8.713   18.578   -5.198    3.014   -8.764   -5.751  -10.949
    10    8.713    8.713   18.578   -5.198    3.014   -8.764   -5.751  -10.949
    11   11.050   11.050   21.480   -4.934    2.732   -9.129   -6.397  -11.331
    12   11.050   11.050   21.480   -4.934    2.732   -9.129   -6.397  -11.331
    13   11.420   11.420   21.977   -5.483    2.952   -9.152   -6.200  -11.683
    14   11.420   11.420   21.977   -5.483    2.952   -9.152   -6.200  -11.683
    15   12.412   12.412   22.724   -4.414    2.337   -9.042   -6.705  -11.119
    16   12.412   12.412   22.724   -4.414    2.337   -9.042   -6.705  -11.119

 Symmetrized values from band-averaging:

       k =  0.500000  0.250000  0.250000 ik =  38 spin = 1

     n      Emf       Eo      KIH        X      Cor     Eqp0     Eqp1      Znk
     1   -3.652   -3.652    7.411  -16.825    2.870   -6.543   -6.543    1.000
     2   -3.652   -3.652    7.411  -16.825    2.870   -6.543   -6.543    1.000
     3    0.788    0.788   12.089  -14.836    1.094   -1.653   -1.653    1.000
     4    0.788    0.788   12.089  -14.836    1.094   -1.653   -1.653    1.000
     5    2.510    2.510   12.809  -12.856    0.248    0.201    0.201    1.000
     6    2.510    2.510   12.809  -12.856    0.248    0.201    0.201    1.000
     7    4.943    4.943   16.245  -12.995   -0.484    2.766    2.766    1.000
     8    4.943    4.943   16.245  -12.995   -0.484    2.766    2.766    1.000
     9    8.713    8.713   18.578   -5.198   -5.751    7.629    7.629    1.000
    10    8.713    8.713   18.578   -5.198   -5.751    7.629    7.629    1.000
    11   11.050   11.050   21.480   -4.934   -6.397   10.150   10.150    1.000
    12   11.050   11.050   21.480   -4.934   -6.397   10.150   10.150    1.000
    13   11.420   11.420   21.977   -5.483   -6.200   10.294   10.294    1.000
    14   11.420   11.420   21.977   -5.483   -6.200   10.294   10.294    1.000
    15   12.412   12.412   22.724   -4.414   -6.705   11.604   11.604    1.000
    16   12.412   12.412   22.724   -4.414   -6.705   11.604   11.604    1.000
 
================================================================================
 09:39:19   Dealing with k =  0.500000  0.250000  0.500000               39 / 64
================================================================================

 Reading kih.dat
 Number of q-points in the irreducible BZ(k) (nrq): 64

 Using GPU support via OpenACC/OMP-Target implementation
 Band block size in MTXEL:    15
 
 Started calculating Sigma with 1024 block(s) at 09:39:19.
 [ 09:39:19 |   0% ] block    1 / 1024.
 [ 09:39:19 |   0% ] block    3 / 1024, remaining: 19 s.
 [ 09:39:20 |  10% ] block  103 / 1024, remaining: 7 s.
 [ 09:39:21 |  20% ] block  205 / 1024, remaining: 6 s.
 [ 09:39:21 |  30% ] block  308 / 1024, remaining: 5 s.
 [ 09:39:22 |  40% ] block  410 / 1024, remaining: 4 s.
 [ 09:39:23 |  50% ] block  513 / 1024, remaining: 3 s.
 [ 09:39:23 |  60% ] block  615 / 1024, remaining: 3 s.
 [ 09:39:24 |  70% ] block  717 / 1024, remaining: 2 s.
 [ 09:39:24 |  80% ] block  820 / 1024, remaining: 1 s.
 [ 09:39:25 |  90% ] block  922 / 1024, remaining: 1 s.
 Finished calculating Sigma at 09:39:26.
 Elapsed time: 6 s.
 
 Unsymmetrized values for ik =  39 spin = 1
 
     n      Emf       Eo      KIH        X     SX-X       CH      Cor      Sig
     1   -2.977   -2.977    8.199  -16.614   12.167   -9.549    2.618  -13.996
     2   -2.977   -2.977    8.199  -16.614   12.167   -9.549    2.618  -13.996
     3   -0.116   -0.116   11.030  -15.158   11.003   -9.526    1.478  -13.680
     4   -0.116   -0.116   11.030  -15.158   11.003   -9.526    1.478  -13.680
     5    2.730    2.730   13.219  -12.924    9.273   -9.127    0.146  -12.778
     6    2.730    2.730   13.219  -12.924    9.273   -9.127    0.146  -12.778
     7    4.062    4.062   15.089  -13.156    9.330   -9.449   -0.119  -13.275
     8    4.062    4.062   15.089  -13.156    9.330   -9.449   -0.119  -13.275
     9    7.784    7.784   17.225   -5.176    3.035   -8.505   -5.469  -10.645
    10    7.784    7.784   17.225   -5.176    3.035   -8.505   -5.469  -10.645
    11   10.723   10.723   20.584   -4.860    2.633   -8.749   -6.116  -10.976
    12   10.723   10.723   20.584   -4.860    2.633   -8.749   -6.116  -10.976
    13   12.018   12.018   22.879   -5.123    2.767   -9.362   -6.595  -11.718
    14   12.018   12.018   22.879   -5.123    2.767   -9.362   -6.595  -11.718
    15   12.191   12.191   22.582   -4.741    2.529   -9.086   -6.557  -11.298
    16   12.191   12.191   22.582   -4.741    2.529   -9.086   -6.557  -11.298

 Symmetrized values from band-averaging:

       k =  0.500000  0.250000  0.500000 ik =  39 spin = 1

     n      Emf       Eo      KIH        X      Cor     Eqp0     Eqp1      Znk
     1   -2.977   -2.977    8.199  -16.614    2.618   -5.797   -5.797    1.000
     2   -2.977   -2.977    8.199  -16.614    2.618   -5.797   -5.797    1.000
     3   -0.116   -0.116   11.030  -15.158    1.478   -2.651   -2.651    1.000
     4   -0.116   -0.116   11.030  -15.158    1.478   -2.651   -2.651    1.000
     5    2.730    2.730   13.219  -12.924    0.146    0.440    0.440    1.000
     6    2.730    2.730   13.219  -12.924    0.146    0.440    0.440    1.000
     7    4.062    4.062   15.089  -13.156   -0.119    1.814    1.814    1.000
     8    4.062    4.062   15.089  -13.156   -0.119    1.814    1.814    1.000
     9    7.784    7.784   17.225   -5.176   -5.469    6.580    6.580    1.000
    10    7.784    7.784   17.225   -5.176   -5.469    6.580    6.580    1.000
    11   10.723   10.723   20.584   -4.860   -6.116    9.607    9.607    1.000
    12   10.723   10.723   20.584   -4.860   -6.116    9.607    9.607    1.000
    13   12.018   12.018   22.879   -5.123   -6.595   11.161   11.161    1.000
    14   12.018   12.018   22.879   -5.123   -6.595   11.161   11.161    1.000
    15   12.191   12.191   22.582   -4.741   -6.557   11.284   11.284    1.000
    16   12.191   12.191   22.582   -4.741   -6.557   11.284   11.284    1.000
 
================================================================================
 09:39:26   Dealing with k =  0.500000  0.250000  0.750000               40 / 64
================================================================================

 Reading kih.dat
 Number of q-points in the irreducible BZ(k) (nrq): 64

 Using GPU support via OpenACC/OMP-Target implementation
 Band block size in MTXEL:    15
 
 Started calculating Sigma with 1024 block(s) at 09:39:26.
 [ 09:39:26 |   0% ] block    1 / 1024.
 [ 09:39:26 |   0% ] block    3 / 1024, remaining: 20 s.
 [ 09:39:27 |  10% ] block  103 / 1024, remaining: 8 s.
 [ 09:39:27 |  20% ] block  205 / 1024, remaining: 6 s.
 [ 09:39:28 |  30% ] block  308 / 1024, remaining: 5 s.
 [ 09:39:28 |  40% ] block  410 / 1024, remaining: 4 s.
 [ 09:39:29 |  50% ] block  513 / 1024, remaining: 3 s.
 [ 09:39:30 |  60% ] block  615 / 1024, remaining: 3 s.
 [ 09:39:30 |  70% ] block  717 / 1024, remaining: 2 s.
 [ 09:39:31 |  80% ] block  820 / 1024, remaining: 1 s.
 [ 09:39:32 |  90% ] block  922 / 1024, remaining: 1 s.
 Finished calculating Sigma at 09:39:32.
 Elapsed time: 6 s.
 
 Unsymmetrized values for ik =  40 spin = 1
 
     n      Emf       Eo      KIH        X     SX-X       CH      Cor      Sig
     1   -1.388   -1.388   10.005  -16.049   11.680   -9.678    2.002  -14.047
     2   -1.388   -1.388   10.005  -16.049   11.680   -9.678    2.002  -14.047
     3   -1.382   -1.382   10.010  -16.047   11.679   -9.678    2.000  -14.046
     4   -1.382   -1.382   10.010  -16.047   11.679   -9.678    2.000  -14.046
     5    2.402    2.402   12.611  -12.841    9.252   -8.957    0.295  -12.545
     6    2.402    2.402   12.611  -12.841    9.252   -8.957    0.295  -12.545
     7    2.415    2.415   12.620  -12.829    9.243   -8.955    0.288  -12.540
     8    2.415    2.415   12.620  -12.829    9.243   -8.955    0.288  -12.540
     9   10.549   10.549   20.334   -5.034    2.743   -8.697   -5.955  -10.988
    10   10.549   10.549   20.334   -5.034    2.743   -8.697   -5.955  -10.988
    11   10.549   10.549   20.333   -5.032    2.742   -8.697   -5.955  -10.988
    12   10.549   10.549   20.333   -5.032    2.742   -8.697   -5.955  -10.988
    13   11.258   11.258   21.683   -4.789    2.615   -9.108   -6.493  -11.282
    14   11.258   11.258   21.683   -4.789    2.615   -9.108   -6.493  -11.282
    15   11.274   11.274   21.691   -4.780    2.608   -9.103   -6.495  -11.275
    16   11.274   11.274   21.691   -4.780    2.608   -9.103   -6.495  -11.275

 Symmetrized values from band-averaging:

       k =  0.500000  0.250000  0.750000 ik =  40 spin = 1

     n      Emf       Eo      KIH        X      Cor     Eqp0     Eqp1      Znk
     1   -1.388   -1.388   10.005  -16.049    2.002   -4.042   -4.042    1.000
     2   -1.388   -1.388   10.005  -16.049    2.002   -4.042   -4.042    1.000
     3   -1.382   -1.382   10.010  -16.047    2.000   -4.036   -4.036    1.000
     4   -1.382   -1.382   10.010  -16.047    2.000   -4.036   -4.036    1.000
     5    2.402    2.402   12.611  -12.841    0.295    0.065    0.065    1.000
     6    2.402    2.402   12.611  -12.841    0.295    0.065    0.065    1.000
     7    2.415    2.415   12.620  -12.829    0.288    0.079    0.079    1.000
     8    2.415    2.415   12.620  -12.829    0.288    0.079    0.079    1.000
     9   10.549   10.549   20.334   -5.034   -5.955    9.345    9.345    1.000
    10   10.549   10.549   20.334   -5.034   -5.955    9.345    9.345    1.000
    11   10.549   10.549   20.333   -5.032   -5.955    9.346    9.346    1.000
    12   10.549   10.549   20.333   -5.032   -5.955    9.346    9.346    1.000
    13   11.258   11.258   21.683   -4.789   -6.493   10.401   10.401    1.000
    14   11.258   11.258   21.683   -4.789   -6.493   10.401   10.401    1.000
    15   11.274   11.274   21.691   -4.780   -6.495   10.416   10.416    1.000
    16   11.274   11.274   21.691   -4.780   -6.495   10.416   10.416    1.000
 
================================================================================
 09:39:32   Dealing with k =  0.500000  0.500000  0.000000               41 / 64
================================================================================

 Reading kih.dat
 Number of q-points in the irreducible BZ(k) (nrq): 64

 Using GPU support via OpenACC/OMP-Target implementation
 Band block size in MTXEL:    15
 
 Started calculating Sigma with 1024 block(s) at 09:39:32.
 [ 09:39:32 |   0% ] block    1 / 1024.
 [ 09:39:32 |   0% ] block    3 / 1024, remaining: 18 s.
 [ 09:39:33 |  10% ] block  103 / 1024, remaining: 7 s.
 [ 09:39:34 |  20% ] block  205 / 1024, remaining: 6 s.
 [ 09:39:34 |  30% ] block  308 / 1024, remaining: 5 s.
 [ 09:39:35 |  40% ] block  410 / 1024, remaining: 4 s.
 [ 09:39:36 |  50% ] block  513 / 1024, remaining: 3 s.
 [ 09:39:36 |  60% ] block  615 / 1024, remaining: 3 s.
 [ 09:39:37 |  70% ] block  717 / 1024, remaining: 2 s.
 [ 09:39:38 |  80% ] block  820 / 1024, remaining: 1 s.
 [ 09:39:38 |  90% ] block  922 / 1024, remaining: 1 s.
 Finished calculating Sigma at 09:39:39.
 Elapsed time: 6 s.
 
 Unsymmetrized values for ik =  41 spin = 1
 
     n      Emf       Eo      KIH        X     SX-X       CH      Cor      Sig
     1   -1.550   -1.550    9.700  -15.990   11.656   -9.592    2.064  -13.926
     2   -1.550   -1.550    9.700  -15.990   11.656   -9.592    2.064  -13.926
     3   -1.550   -1.550    9.700  -15.990   11.656   -9.592    2.064  -13.926
     4   -1.550   -1.550    9.700  -15.990   11.656   -9.592    2.064  -13.926
     5    3.412    3.412   14.298  -13.362    9.527   -9.364    0.163  -13.198
     6    3.412    3.412   14.298  -13.362    9.527   -9.364    0.163  -13.199
     7    3.412    3.412   14.298  -13.362    9.527   -9.364    0.163  -13.199
     8    3.412    3.412   14.298  -13.362    9.527   -9.364    0.163  -13.199
     9    6.974    6.974   16.148   -5.162    3.058   -8.341   -5.283  -10.445
    10    6.974    6.974   16.148   -5.162    3.058   -8.341   -5.283  -10.445
    11    6.974    6.974   16.148   -5.162    3.058   -8.341   -5.283  -10.445
    12    6.974    6.974   16.148   -5.162    3.058   -8.341   -5.283  -10.445
    13   16.371   16.371   27.472   -3.795    1.794   -9.555   -7.761  -11.557
    14   16.371   16.371   27.472   -3.795    1.794   -9.555   -7.761  -11.557
    15   16.371   16.371   27.472   -3.795    1.794   -9.555   -7.761  -11.557
    16   16.371   16.371   27.472   -3.795    1.794   -9.555   -7.761  -11.557

 Symmetrized values from band-averaging:

       k =  0.500000  0.500000  0.000000 ik =  41 spin = 1

     n      Emf       Eo      KIH        X      Cor     Eqp0     Eqp1      Znk
     1   -1.550   -1.550    9.700  -15.990    2.064   -4.226   -4.226    1.000
     2   -1.550   -1.550    9.700  -15.990    2.064   -4.226   -4.226    1.000
     3   -1.550   -1.550    9.700  -15.990    2.064   -4.226   -4.226    1.000
     4   -1.550   -1.550    9.700  -15.990    2.064   -4.226   -4.226    1.000
     5    3.412    3.412   14.298  -13.362    0.163    1.099    1.099    1.000
     6    3.412    3.412   14.298  -13.362    0.163    1.099    1.099    1.000
     7    3.412    3.412   14.298  -13.362    0.163    1.099    1.099    1.000
     8    3.412    3.412   14.298  -13.362    0.163    1.099    1.099    1.000
     9    6.974    6.974   16.148   -5.162   -5.283    5.703    5.703    1.000
    10    6.974    6.974   16.148   -5.162   -5.283    5.703    5.703    1.000
    11    6.974    6.974   16.148   -5.162   -5.283    5.703    5.703    1.000
    12    6.974    6.974   16.148   -5.162   -5.283    5.703    5.703    1.000
    13   16.371   16.371   27.472   -3.795   -7.761   15.916   15.916    1.000
    14   16.371   16.371   27.472   -3.795   -7.761   15.916   15.916    1.000
    15   16.371   16.371   27.472   -3.795   -7.761   15.916   15.916    1.000
    16   16.371   16.371   27.472   -3.795   -7.761   15.916   15.916    1.000
 
================================================================================
 09:39:39   Dealing with k =  0.500000  0.500000  0.250000               42 / 64
================================================================================

 Reading kih.dat
 Number of q-points in the irreducible BZ(k) (nrq): 64

 Using GPU support via OpenACC/OMP-Target implementation
 Band block size in MTXEL:    15
 
 Started calculating Sigma with 1024 block(s) at 09:39:39.
 [ 09:39:39 |   0% ] block    1 / 1024.
 [ 09:39:39 |   0% ] block    3 / 1024, remaining: 20 s.
 [ 09:39:40 |  10% ] block  103 / 1024, remaining: 8 s.
 [ 09:39:40 |  20% ] block  205 / 1024, remaining: 6 s.
 [ 09:39:41 |  30% ] block  308 / 1024, remaining: 5 s.
 [ 09:39:42 |  40% ] block  410 / 1024, remaining: 4 s.
 [ 09:39:42 |  50% ] block  513 / 1024, remaining: 3 s.
 [ 09:39:43 |  60% ] block  615 / 1024, remaining: 3 s.
 [ 09:39:44 |  70% ] block  717 / 1024, remaining: 2 s.
 [ 09:39:44 |  80% ] block  820 / 1024, remaining: 1 s.
 [ 09:39:45 |  90% ] block  922 / 1024, remaining: 1 s.
 Finished calculating Sigma at 09:39:45.
 Elapsed time: 6 s.
 
 Unsymmetrized values for ik =  42 spin = 1
 
     n      Emf       Eo      KIH        X     SX-X       CH      Cor      Sig
     1   -2.977   -2.977    8.199  -16.615   12.167   -9.549    2.618  -13.997
     2   -2.977   -2.977    8.199  -16.615   12.167   -9.549    2.618  -13.997
     3   -0.116   -0.116   11.030  -15.157   11.003   -9.526    1.477  -13.680
     4   -0.116   -0.116   11.030  -15.157   11.003   -9.526    1.477  -13.680
     5    2.730    2.730   13.219  -12.924    9.273   -9.127    0.146  -12.778
     6    2.730    2.730   13.219  -12.924    9.273   -9.127    0.146  -12.778
     7    4.062    4.062   15.089  -13.157    9.330   -9.449   -0.118  -13.275
     8    4.062    4.062   15.089  -13.157    9.330   -9.449   -0.118  -13.275
     9    7.784    7.784   17.225   -5.176    3.035   -8.505   -5.469  -10.645
    10    7.784    7.784   17.225   -5.176    3.035   -8.505   -5.469  -10.645
    11   10.723   10.723   20.584   -4.860    2.633   -8.749   -6.116  -10.976
    12   10.723   10.723   20.584   -4.860    2.633   -8.749   -6.116  -10.976
    13   12.018   12.018   22.879   -5.123    2.767   -9.362   -6.596  -11.719
    14   12.018   12.018   22.879   -5.123    2.767   -9.362   -6.596  -11.719
    15   12.191   12.191   22.582   -4.741    2.528   -9.086   -6.557  -11.299
    16   12.191   12.191   22.582   -4.741    2.528   -9.086   -6.557  -11.299

 Symmetrized values from band-averaging:

       k =  0.500000  0.500000  0.250000 ik =  42 spin = 1

     n      Emf       Eo      KIH        X      Cor     Eqp0     Eqp1      Znk
     1   -2.977   -2.977    8.199  -16.615    2.618   -5.798   -5.798    1.000
     2   -2.977   -2.977    8.199  -16.615    2.618   -5.798   -5.798    1.000
     3   -0.116   -0.116   11.030  -15.157    1.477   -2.650   -2.650    1.000
     4   -0.116   -0.116   11.030  -15.157    1.477   -2.650   -2.650    1.000
     5    2.730    2.730   13.219  -12.924    0.146    0.441    0.441    1.000
     6    2.730    2.730   13.219  -12.924    0.146    0.441    0.441    1.000
     7    4.062    4.062   15.089  -13.157   -0.118    1.814    1.814    1.000
     8    4.062    4.062   15.089  -13.157   -0.118    1.814    1.814    1.000
     9    7.784    7.784   17.225   -5.176   -5.469    6.580    6.580    1.000
    10    7.784    7.784   17.225   -5.176   -5.469    6.580    6.580    1.000
    11   10.723   10.723   20.584   -4.860   -6.116    9.608    9.608    1.000
    12   10.723   10.723   20.584   -4.860   -6.116    9.608    9.608    1.000
    13   12.018   12.018   22.879   -5.123   -6.596   11.160   11.160    1.000
    14   12.018   12.018   22.879   -5.123   -6.596   11.160   11.160    1.000
    15   12.191   12.191   22.582   -4.741   -6.557   11.283   11.283    1.000
    16   12.191   12.191   22.582   -4.741   -6.557   11.283   11.283    1.000
 
================================================================================
 09:39:45   Dealing with k =  0.500000  0.500000  0.500000               43 / 64
================================================================================

 Reading kih.dat
 Number of q-points in the irreducible BZ(k) (nrq): 64

 Using GPU support via OpenACC/OMP-Target implementation
 Band block size in MTXEL:    15
 
 Started calculating Sigma with 1024 block(s) at 09:39:46.
 [ 09:39:46 |   0% ] block    1 / 1024.
 [ 09:39:46 |   0% ] block    3 / 1024, remaining: 19 s.
 [ 09:39:46 |  10% ] block  103 / 1024, remaining: 7 s.
 [ 09:39:47 |  20% ] block  205 / 1024, remaining: 6 s.
 [ 09:39:48 |  30% ] block  308 / 1024, remaining: 5 s.
 [ 09:39:48 |  40% ] block  410 / 1024, remaining: 4 s.
 [ 09:39:49 |  50% ] block  513 / 1024, remaining: 3 s.
 [ 09:39:50 |  60% ] block  615 / 1024, remaining: 3 s.
 [ 09:39:50 |  70% ] block  717 / 1024, remaining: 2 s.
 [ 09:39:51 |  80% ] block  820 / 1024, remaining: 1 s.
 [ 09:39:51 |  90% ] block  922 / 1024, remaining: 1 s.
 Finished calculating Sigma at 09:39:52.
 Elapsed time: 6 s.
 
 Unsymmetrized values for ik =  43 spin = 1
 
     n      Emf       Eo      KIH        X     SX-X       CH      Cor      Sig
     1   -3.363   -3.363    7.884  -16.863   12.364   -9.593    2.771  -14.092
     2   -3.363   -3.363    7.884  -16.863   12.364   -9.593    2.771  -14.092
     3   -0.707   -0.707    9.791  -14.858   10.858   -9.134    1.724  -13.134
     4   -0.707   -0.707    9.791  -14.858   10.858   -9.134    1.724  -13.134
     5    5.057    5.057   16.470  -13.165    9.239   -9.677   -0.438  -13.603
     6    5.057    5.057   16.470  -13.165    9.239   -9.677   -0.438  -13.603
     7    5.089    5.089   16.499  -13.147    9.225   -9.675   -0.451  -13.597
     8    5.089    5.089   16.499  -13.147    9.225   -9.675   -0.451  -13.597
     9    7.805    7.805   18.356   -5.919    3.497   -9.172   -5.676  -11.595
    10    7.805    7.805   18.356   -5.919    3.497   -9.172   -5.676  -11.595
    11    9.594    9.594   19.478   -5.061    2.907   -8.781   -5.873  -10.935
    12    9.594    9.594   19.478   -5.061    2.907   -8.781   -5.873  -10.935
    13    9.609    9.609   19.487   -5.054    2.901   -8.777   -5.876  -10.929
    14    9.609    9.609   19.487   -5.054    2.901   -8.777   -5.876  -10.929
    15   14.000   14.000   21.841   -2.391    1.003   -7.548   -6.545   -8.936
    16   14.000   14.000   21.841   -2.391    1.003   -7.548   -6.545   -8.936

 Symmetrized values from band-averaging:

       k =  0.500000  0.500000  0.500000 ik =  43 spin = 1

     n      Emf       Eo      KIH        X      Cor     Eqp0     Eqp1      Znk
     1   -3.363   -3.363    7.884  -16.863    2.771   -6.207   -6.207    1.000
     2   -3.363   -3.363    7.884  -16.863    2.771   -6.207   -6.207    1.000
     3   -0.707   -0.707    9.791  -14.858    1.724   -3.343   -3.343    1.000
     4   -0.707   -0.707    9.791  -14.858    1.724   -3.343   -3.343    1.000
     5    5.057    5.057   16.470  -13.165   -0.438    2.868    2.868    1.000
     6    5.057    5.057   16.470  -13.165   -0.438    2.868    2.868    1.000
     7    5.089    5.089   16.499  -13.147   -0.451    2.901    2.901    1.000
     8    5.089    5.089   16.499  -13.147   -0.451    2.901    2.901    1.000
     9    7.805    7.805   18.356   -5.919   -5.676    6.761    6.761    1.000
    10    7.805    7.805   18.356   -5.919   -5.676    6.761    6.761    1.000
    11    9.594    9.594   19.478   -5.061   -5.873    8.543    8.543    1.000
    12    9.594    9.594   19.478   -5.061   -5.873    8.543    8.543    1.000
    13    9.609    9.609   19.487   -5.054   -5.876    8.557    8.557    1.000
    14    9.609    9.609   19.487   -5.054   -5.876    8.557    8.557    1.000
    15   14.000   14.000   21.841   -2.391   -6.545   12.905   12.905    1.000
    16   14.000   14.000   21.841   -2.391   -6.545   12.905   12.905    1.000
 
================================================================================
 09:39:52   Dealing with k =  0.500000  0.500000  0.750000               44 / 64
================================================================================

 Reading kih.dat
 Number of q-points in the irreducible BZ(k) (nrq): 64

 Using GPU support via OpenACC/OMP-Target implementation
 Band block size in MTXEL:    15
 
 Started calculating Sigma with 1024 block(s) at 09:39:52.
 [ 09:39:52 |   0% ] block    1 / 1024.
 [ 09:39:52 |   0% ] block    3 / 1024, remaining: 19 s.
 [ 09:39:53 |  10% ] block  103 / 1024, remaining: 8 s.
 [ 09:39:54 |  20% ] block  205 / 1024, remaining: 6 s.
 [ 09:39:54 |  30% ] block  308 / 1024, remaining: 5 s.
 [ 09:39:55 |  40% ] block  410 / 1024, remaining: 4 s.
 [ 09:39:56 |  50% ] block  513 / 1024, remaining: 3 s.
 [ 09:39:56 |  60% ] block  615 / 1024, remaining: 3 s.
 [ 09:39:57 |  70% ] block  717 / 1024, remaining: 2 s.
 [ 09:39:57 |  80% ] block  820 / 1024, remaining: 1 s.
 [ 09:39:58 |  90% ] block  922 / 1024, remaining: 1 s.
 Finished calculating Sigma at 09:39:59.
 Elapsed time: 6 s.
 
 Unsymmetrized values for ik =  44 spin = 1
 
     n      Emf       Eo      KIH        X     SX-X       CH      Cor      Sig
     1   -2.977   -2.977    8.199  -16.614   12.180   -9.549    2.631  -13.983
     2   -2.977   -2.977    8.199  -16.614   12.180   -9.549    2.631  -13.983
     3   -0.116   -0.116   11.030  -15.160   10.985   -9.526    1.459  -13.701
     4   -0.116   -0.116   11.030  -15.160   10.985   -9.526    1.459  -13.701
     5    2.730    2.730   13.219  -12.924    9.273   -9.127    0.146  -12.778
     6    2.730    2.730   13.219  -12.924    9.273   -9.127    0.146  -12.778
     7    4.062    4.062   15.089  -13.155    9.328   -9.449   -0.120  -13.275
     8    4.062    4.062   15.089  -13.155    9.328   -9.449   -0.120  -13.275
     9    7.784    7.784   17.225   -5.175    3.034   -8.505   -5.470  -10.645
    10    7.784    7.784   17.225   -5.175    3.034   -8.505   -5.470  -10.645
    11   10.723   10.723   20.584   -4.854    2.645   -8.749   -6.104  -10.957
    12   10.723   10.723   20.584   -4.854    2.645   -8.749   -6.104  -10.957
    13   12.018   12.018   22.879   -5.127    2.769   -9.362   -6.593  -11.720
    14   12.018   12.018   22.879   -5.127    2.769   -9.362   -6.593  -11.720
    15   12.191   12.191   22.582   -4.744    2.530   -9.086   -6.556  -11.300
    16   12.191   12.191   22.582   -4.744    2.530   -9.086   -6.556  -11.300

 Symmetrized values from band-averaging:

       k =  0.500000  0.500000  0.750000 ik =  44 spin = 1

     n      Emf       Eo      KIH        X      Cor     Eqp0     Eqp1      Znk
     1   -2.977   -2.977    8.199  -16.614    2.631   -5.784   -5.784    1.000
     2   -2.977   -2.977    8.199  -16.614    2.631   -5.784   -5.784    1.000
     3   -0.116   -0.116   11.030  -15.160    1.459   -2.671   -2.671    1.000
     4   -0.116   -0.116   11.030  -15.160    1.459   -2.671   -2.671    1.000
     5    2.730    2.730   13.219  -12.924    0.146    0.441    0.441    1.000
     6    2.730    2.730   13.219  -12.924    0.146    0.441    0.441    1.000
     7    4.062    4.062   15.089  -13.155   -0.120    1.814    1.814    1.000
     8    4.062    4.062   15.089  -13.155   -0.120    1.814    1.814    1.000
     9    7.784    7.784   17.225   -5.175   -5.470    6.580    6.580    1.000
    10    7.784    7.784   17.225   -5.175   -5.470    6.580    6.580    1.000
    11   10.723   10.723   20.584   -4.854   -6.104    9.626    9.626    1.000
    12   10.723   10.723   20.584   -4.854   -6.104    9.626    9.626    1.000
    13   12.018   12.018   22.879   -5.127   -6.593   11.160   11.160    1.000
    14   12.018   12.018   22.879   -5.127   -6.593   11.160   11.160    1.000
    15   12.191   12.191   22.582   -4.744   -6.556   11.282   11.282    1.000
    16   12.191   12.191   22.582   -4.744   -6.556   11.282   11.282    1.000
 
================================================================================
 09:39:59   Dealing with k =  0.500000  0.750000 -0.000000               45 / 64
================================================================================

 Reading kih.dat
 Number of q-points in the irreducible BZ(k) (nrq): 64

 Using GPU support via OpenACC/OMP-Target implementation
 Band block size in MTXEL:    15
 
 Started calculating Sigma with 1024 block(s) at 09:39:59.
 [ 09:39:59 |   0% ] block    1 / 1024.
 [ 09:39:59 |   0% ] block    3 / 1024, remaining: 18 s.
 [ 09:40:00 |  10% ] block  103 / 1024, remaining: 8 s.
 [ 09:40:00 |  20% ] block  205 / 1024, remaining: 6 s.
 [ 09:40:01 |  30% ] block  308 / 1024, remaining: 5 s.
 [ 09:40:02 |  40% ] block  410 / 1024, remaining: 4 s.
 [ 09:40:02 |  50% ] block  513 / 1024, remaining: 3 s.
 [ 09:40:03 |  60% ] block  615 / 1024, remaining: 3 s.
 [ 09:40:03 |  70% ] block  717 / 1024, remaining: 2 s.
 [ 09:40:04 |  80% ] block  820 / 1024, remaining: 1 s.
 [ 09:40:05 |  90% ] block  922 / 1024, remaining: 1 s.
 Finished calculating Sigma at 09:40:05.
 Elapsed time: 6 s.
 
 Unsymmetrized values for ik =  45 spin = 1
 
     n      Emf       Eo      KIH        X     SX-X       CH      Cor      Sig
     1   -2.977   -2.977    8.199  -16.615   12.176   -9.548    2.627  -13.988
     2   -2.977   -2.977    8.199  -16.615   12.176   -9.548    2.627  -13.988
     3   -0.116   -0.116   11.030  -15.157   10.988   -9.527    1.462  -13.695
     4   -0.116   -0.116   11.030  -15.157   10.988   -9.527    1.462  -13.695
     5    2.730    2.730   13.219  -12.924    9.270   -9.127    0.143  -12.781
     6    2.730    2.730   13.219  -12.924    9.270   -9.127    0.143  -12.781
     7    4.062    4.062   15.089  -13.157    9.327   -9.448   -0.121  -13.278
     8    4.062    4.062   15.089  -13.157    9.327   -9.448   -0.121  -13.278
     9    7.784    7.784   17.225   -5.175    3.034   -8.504   -5.469  -10.645
    10    7.784    7.784   17.225   -5.175    3.034   -8.504   -5.469  -10.645
    11   10.723   10.723   20.584   -4.861    2.642   -8.750   -6.108  -10.969
    12   10.723   10.723   20.584   -4.861    2.642   -8.750   -6.108  -10.969
    13   12.018   12.018   22.879   -5.123    2.773   -9.363   -6.590  -11.712
    14   12.018   12.018   22.879   -5.123    2.773   -9.363   -6.590  -11.712
    15   12.191   12.191   22.582   -4.741    2.530   -9.085   -6.555  -11.295
    16   12.191   12.191   22.582   -4.741    2.530   -9.085   -6.555  -11.295

 Symmetrized values from band-averaging:

       k =  0.500000  0.750000 -0.000000 ik =  45 spin = 1

     n      Emf       Eo      KIH        X      Cor     Eqp0     Eqp1      Znk
     1   -2.977   -2.977    8.199  -16.615    2.627   -5.789   -5.789    1.000
     2   -2.977   -2.977    8.199  -16.615    2.627   -5.789   -5.789    1.000
     3   -0.116   -0.116   11.030  -15.157    1.462   -2.666   -2.666    1.000
     4   -0.116   -0.116   11.030  -15.157    1.462   -2.666   -2.666    1.000
     5    2.730    2.730   13.219  -12.924    0.143    0.437    0.437    1.000
     6    2.730    2.730   13.219  -12.924    0.143    0.437    0.437    1.000
     7    4.062    4.062   15.089  -13.157   -0.121    1.812    1.812    1.000
     8    4.062    4.062   15.089  -13.157   -0.121    1.812    1.812    1.000
     9    7.784    7.784   17.225   -5.175   -5.469    6.580    6.580    1.000
    10    7.784    7.784   17.225   -5.175   -5.469    6.580    6.580    1.000
    11   10.723   10.723   20.584   -4.861   -6.108    9.615    9.615    1.000
    12   10.723   10.723   20.584   -4.861   -6.108    9.615    9.615    1.000
    13   12.018   12.018   22.879   -5.123   -6.590   11.167   11.167    1.000
    14   12.018   12.018   22.879   -5.123   -6.590   11.167   11.167    1.000
    15   12.191   12.191   22.582   -4.741   -6.555   11.287   11.287    1.000
    16   12.191   12.191   22.582   -4.741   -6.555   11.287   11.287    1.000
 
================================================================================
 09:40:05   Dealing with k =  0.500000  0.750000  0.250000               46 / 64
================================================================================

 Reading kih.dat
 Number of q-points in the irreducible BZ(k) (nrq): 64

 Using GPU support via OpenACC/OMP-Target implementation
 Band block size in MTXEL:    15
 
 Started calculating Sigma with 1024 block(s) at 09:40:05.
 [ 09:40:05 |   0% ] block    1 / 1024.
 [ 09:40:06 |   0% ] block    3 / 1024, remaining: 18 s.
 [ 09:40:06 |  10% ] block  103 / 1024, remaining: 7 s.
 [ 09:40:07 |  20% ] block  205 / 1024, remaining: 6 s.
 [ 09:40:08 |  30% ] block  308 / 1024, remaining: 5 s.
 [ 09:40:08 |  40% ] block  410 / 1024, remaining: 4 s.
 [ 09:40:09 |  50% ] block  513 / 1024, remaining: 3 s.
 [ 09:40:09 |  60% ] block  615 / 1024, remaining: 3 s.
 [ 09:40:10 |  70% ] block  717 / 1024, remaining: 2 s.
 [ 09:40:11 |  80% ] block  820 / 1024, remaining: 1 s.
 [ 09:40:11 |  90% ] block  922 / 1024, remaining: 1 s.
 Finished calculating Sigma at 09:40:12.
 Elapsed time: 6 s.
 
 Unsymmetrized values for ik =  46 spin = 1
 
     n      Emf       Eo      KIH        X     SX-X       CH      Cor      Sig
     1   -1.388   -1.388   10.005  -16.049   11.680   -9.678    2.002  -14.047
     2   -1.388   -1.388   10.005  -16.049   11.680   -9.678    2.002  -14.047
     3   -1.382   -1.382   10.010  -16.047   11.679   -9.678    2.000  -14.046
     4   -1.382   -1.382   10.010  -16.047   11.679   -9.678    2.000  -14.046
     5    2.402    2.402   12.611  -12.841    9.252   -8.957    0.295  -12.545
     6    2.402    2.402   12.611  -12.841    9.252   -8.957    0.295  -12.545
     7    2.415    2.415   12.620  -12.829    9.243   -8.955    0.288  -12.540
     8    2.415    2.415   12.620  -12.829    9.243   -8.955    0.288  -12.540
     9   10.549   10.549   20.334   -5.034    2.743   -8.697   -5.955  -10.988
    10   10.549   10.549   20.334   -5.034    2.743   -8.697   -5.955  -10.988
    11   10.549   10.549   20.333   -5.032    2.742   -8.697   -5.955  -10.988
    12   10.549   10.549   20.333   -5.032    2.742   -8.697   -5.955  -10.988
    13   11.258   11.258   21.683   -4.789    2.615   -9.108   -6.493  -11.282
    14   11.258   11.258   21.683   -4.789    2.615   -9.108   -6.493  -11.282
    15   11.274   11.274   21.691   -4.780    2.608   -9.103   -6.495  -11.275
    16   11.274   11.274   21.691   -4.780    2.608   -9.103   -6.495  -11.275

 Symmetrized values from band-averaging:

       k =  0.500000  0.750000  0.250000 ik =  46 spin = 1

     n      Emf       Eo      KIH        X      Cor     Eqp0     Eqp1      Znk
     1   -1.388   -1.388   10.005  -16.049    2.002   -4.042   -4.042    1.000
     2   -1.388   -1.388   10.005  -16.049    2.002   -4.042   -4.042    1.000
     3   -1.382   -1.382   10.010  -16.047    2.000   -4.036   -4.036    1.000
     4   -1.382   -1.382   10.010  -16.047    2.000   -4.036   -4.036    1.000
     5    2.402    2.402   12.611  -12.841    0.295    0.065    0.065    1.000
     6    2.402    2.402   12.611  -12.841    0.295    0.065    0.065    1.000
     7    2.415    2.415   12.620  -12.829    0.288    0.079    0.079    1.000
     8    2.415    2.415   12.620  -12.829    0.288    0.079    0.079    1.000
     9   10.549   10.549   20.334   -5.034   -5.955    9.345    9.345    1.000
    10   10.549   10.549   20.334   -5.034   -5.955    9.345    9.345    1.000
    11   10.549   10.549   20.333   -5.032   -5.955    9.346    9.346    1.000
    12   10.549   10.549   20.333   -5.032   -5.955    9.346    9.346    1.000
    13   11.258   11.258   21.683   -4.789   -6.493   10.401   10.401    1.000
    14   11.258   11.258   21.683   -4.789   -6.493   10.401   10.401    1.000
    15   11.274   11.274   21.691   -4.780   -6.495   10.416   10.416    1.000
    16   11.274   11.274   21.691   -4.780   -6.495   10.416   10.416    1.000
 
================================================================================
 09:40:12   Dealing with k =  0.500000  0.750000  0.500000               47 / 64
================================================================================

 Reading kih.dat
 Number of q-points in the irreducible BZ(k) (nrq): 64

 Using GPU support via OpenACC/OMP-Target implementation
 Band block size in MTXEL:    15
 
 Started calculating Sigma with 1024 block(s) at 09:40:12.
 [ 09:40:12 |   0% ] block    1 / 1024.
 [ 09:40:12 |   0% ] block    3 / 1024, remaining: 18 s.
 [ 09:40:13 |  10% ] block  103 / 1024, remaining: 7 s.
 [ 09:40:14 |  20% ] block  205 / 1024, remaining: 6 s.
 [ 09:40:14 |  30% ] block  308 / 1024, remaining: 5 s.
 [ 09:40:15 |  40% ] block  410 / 1024, remaining: 4 s.
 [ 09:40:15 |  50% ] block  513 / 1024, remaining: 3 s.
 [ 09:40:16 |  60% ] block  615 / 1024, remaining: 3 s.
 [ 09:40:17 |  70% ] block  717 / 1024, remaining: 2 s.
 [ 09:40:17 |  80% ] block  820 / 1024, remaining: 1 s.
 [ 09:40:18 |  90% ] block  922 / 1024, remaining: 1 s.
 Finished calculating Sigma at 09:40:19.
 Elapsed time: 6 s.
 
 Unsymmetrized values for ik =  47 spin = 1
 
     n      Emf       Eo      KIH        X     SX-X       CH      Cor      Sig
     1   -2.977   -2.977    8.199  -16.615   12.180   -9.549    2.631  -13.984
     2   -2.977   -2.977    8.199  -16.615   12.180   -9.549    2.631  -13.984
     3   -0.116   -0.116   11.030  -15.159   10.984   -9.526    1.458  -13.701
     4   -0.116   -0.116   11.030  -15.159   10.984   -9.526    1.458  -13.701
     5    2.730    2.730   13.219  -12.924    9.273   -9.127    0.146  -12.778
     6    2.730    2.730   13.219  -12.924    9.273   -9.127    0.146  -12.778
     7    4.062    4.062   15.089  -13.155    9.328   -9.449   -0.120  -13.275
     8    4.062    4.062   15.089  -13.155    9.328   -9.449   -0.120  -13.275
     9    7.784    7.784   17.225   -5.175    3.034   -8.505   -5.470  -10.645
    10    7.784    7.784   17.225   -5.175    3.034   -8.505   -5.470  -10.645
    11   10.723   10.723   20.584   -4.853    2.645   -8.749   -6.104  -10.957
    12   10.723   10.723   20.584   -4.853    2.645   -8.749   -6.104  -10.957
    13   12.018   12.018   22.879   -5.127    2.769   -9.362   -6.593  -11.720
    14   12.018   12.018   22.879   -5.127    2.769   -9.362   -6.593  -11.720
    15   12.191   12.191   22.582   -4.744    2.530   -9.086   -6.556  -11.301
    16   12.191   12.191   22.582   -4.744    2.530   -9.086   -6.556  -11.301

 Symmetrized values from band-averaging:

       k =  0.500000  0.750000  0.500000 ik =  47 spin = 1

     n      Emf       Eo      KIH        X      Cor     Eqp0     Eqp1      Znk
     1   -2.977   -2.977    8.199  -16.615    2.631   -5.785   -5.785    1.000
     2   -2.977   -2.977    8.199  -16.615    2.631   -5.785   -5.785    1.000
     3   -0.116   -0.116   11.030  -15.159    1.458   -2.671   -2.671    1.000
     4   -0.116   -0.116   11.030  -15.159    1.458   -2.671   -2.671    1.000
     5    2.730    2.730   13.219  -12.924    0.146    0.441    0.441    1.000
     6    2.730    2.730   13.219  -12.924    0.146    0.441    0.441    1.000
     7    4.062    4.062   15.089  -13.155   -0.120    1.814    1.814    1.000
     8    4.062    4.062   15.089  -13.155   -0.120    1.814    1.814    1.000
     9    7.784    7.784   17.225   -5.175   -5.470    6.580    6.580    1.000
    10    7.784    7.784   17.225   -5.175   -5.470    6.580    6.580    1.000
    11   10.723   10.723   20.584   -4.853   -6.104    9.627    9.627    1.000
    12   10.723   10.723   20.584   -4.853   -6.104    9.627    9.627    1.000
    13   12.018   12.018   22.879   -5.127   -6.593   11.159   11.159    1.000
    14   12.018   12.018   22.879   -5.127   -6.593   11.159   11.159    1.000
    15   12.191   12.191   22.582   -4.744   -6.556   11.281   11.281    1.000
    16   12.191   12.191   22.582   -4.744   -6.556   11.281   11.281    1.000
 
================================================================================
 09:40:19   Dealing with k =  0.500000  0.750000  0.750000               48 / 64
================================================================================

 Reading kih.dat
 Number of q-points in the irreducible BZ(k) (nrq): 64

 Using GPU support via OpenACC/OMP-Target implementation
 Band block size in MTXEL:    15
 
 Started calculating Sigma with 1024 block(s) at 09:40:19.
 [ 09:40:19 |   0% ] block    1 / 1024.
 [ 09:40:19 |   0% ] block    3 / 1024, remaining: 21 s.
 [ 09:40:20 |  10% ] block  103 / 1024, remaining: 8 s.
 [ 09:40:20 |  20% ] block  205 / 1024, remaining: 6 s.
 [ 09:40:21 |  30% ] block  308 / 1024, remaining: 5 s.
 [ 09:40:21 |  40% ] block  410 / 1024, remaining: 4 s.
 [ 09:40:22 |  50% ] block  513 / 1024, remaining: 3 s.
 [ 09:40:23 |  60% ] block  615 / 1024, remaining: 3 s.
 [ 09:40:23 |  70% ] block  717 / 1024, remaining: 2 s.
 [ 09:40:24 |  80% ] block  820 / 1024, remaining: 1 s.
 [ 09:40:25 |  90% ] block  922 / 1024, remaining: 1 s.
 Finished calculating Sigma at 09:40:25.
 Elapsed time: 6 s.
 
 Unsymmetrized values for ik =  48 spin = 1
 
     n      Emf       Eo      KIH        X     SX-X       CH      Cor      Sig
     1   -3.652   -3.652    7.411  -16.826   12.364   -9.481    2.883  -13.943
     2   -3.652   -3.652    7.411  -16.826   12.364   -9.481    2.883  -13.943
     3    0.788    0.788   12.089  -14.835   10.691   -9.619    1.072  -13.763
     4    0.788    0.788   12.089  -14.835   10.691   -9.619    1.072  -13.763
     5    2.510    2.510   12.809  -12.856    9.252   -9.012    0.240  -12.616
     6    2.510    2.510   12.809  -12.856    9.252   -9.012    0.240  -12.616
     7    4.943    4.943   16.245  -12.995    9.125   -9.612   -0.487  -13.482
     8    4.943    4.943   16.245  -12.995    9.125   -9.612   -0.487  -13.482
     9    8.713    8.713   18.578   -5.198    3.016   -8.764   -5.749  -10.947
    10    8.713    8.713   18.578   -5.198    3.016   -8.764   -5.749  -10.947
    11   11.050   11.050   21.480   -4.934    2.738   -9.129   -6.390  -11.324
    12   11.050   11.050   21.480   -4.934    2.738   -9.129   -6.390  -11.324
    13   11.420   11.420   21.977   -5.483    2.963   -9.152   -6.189  -11.672
    14   11.420   11.420   21.977   -5.483    2.963   -9.152   -6.189  -11.672
    15   12.412   12.412   22.724   -4.414    2.343   -9.042   -6.699  -11.113
    16   12.412   12.412   22.724   -4.414    2.343   -9.042   -6.699  -11.113

 Symmetrized values from band-averaging:

       k =  0.500000  0.750000  0.750000 ik =  48 spin = 1

     n      Emf       Eo      KIH        X      Cor     Eqp0     Eqp1      Znk
     1   -3.652   -3.652    7.411  -16.826    2.883   -6.532   -6.532    1.000
     2   -3.652   -3.652    7.411  -16.826    2.883   -6.532   -6.532    1.000
     3    0.788    0.788   12.089  -14.835    1.072   -1.674   -1.674    1.000
     4    0.788    0.788   12.089  -14.835    1.072   -1.674   -1.674    1.000
     5    2.510    2.510   12.809  -12.856    0.240    0.192    0.192    1.000
     6    2.510    2.510   12.809  -12.856    0.240    0.192    0.192    1.000
     7    4.943    4.943   16.245  -12.995   -0.487    2.763    2.763    1.000
     8    4.943    4.943   16.245  -12.995   -0.487    2.763    2.763    1.000
     9    8.713    8.713   18.578   -5.198   -5.749    7.631    7.631    1.000
    10    8.713    8.713   18.578   -5.198   -5.749    7.631    7.631    1.000
    11   11.050   11.050   21.480   -4.934   -6.390   10.156   10.156    1.000
    12   11.050   11.050   21.480   -4.934   -6.390   10.156   10.156    1.000
    13   11.420   11.420   21.977   -5.483   -6.189   10.305   10.305    1.000
    14   11.420   11.420   21.977   -5.483   -6.189   10.305   10.305    1.000
    15   12.412   12.412   22.724   -4.414   -6.699   11.611   11.611    1.000
    16   12.412   12.412   22.724   -4.414   -6.699   11.611   11.611    1.000
 
================================================================================
 09:40:25   Dealing with k =  0.750000 -0.000000 -0.000000               49 / 64
================================================================================

 Reading kih.dat
 Number of q-points in the irreducible BZ(k) (nrq): 64

 Using GPU support via OpenACC/OMP-Target implementation
 Band block size in MTXEL:    15
 
 Started calculating Sigma with 1024 block(s) at 09:40:25.
 [ 09:40:25 |   0% ] block    1 / 1024.
 [ 09:40:25 |   0% ] block    3 / 1024, remaining: 18 s.
 [ 09:40:26 |  10% ] block  103 / 1024, remaining: 7 s.
 [ 09:40:27 |  20% ] block  205 / 1024, remaining: 6 s.
 [ 09:40:27 |  30% ] block  308 / 1024, remaining: 5 s.
 [ 09:40:28 |  40% ] block  410 / 1024, remaining: 4 s.
 [ 09:40:29 |  50% ] block  513 / 1024, remaining: 3 s.
 [ 09:40:29 |  60% ] block  615 / 1024, remaining: 3 s.
 [ 09:40:30 |  70% ] block  717 / 1024, remaining: 2 s.
 [ 09:40:31 |  80% ] block  820 / 1024, remaining: 1 s.
 [ 09:40:31 |  90% ] block  922 / 1024, remaining: 1 s.
 Finished calculating Sigma at 09:40:32.
 Elapsed time: 6 s.
 
 Unsymmetrized values for ik =  49 spin = 1
 
     n      Emf       Eo      KIH        X     SX-X       CH      Cor      Sig
     1   -4.897   -4.897    5.991  -17.223   12.697   -9.376    3.321  -13.902
     2   -4.897   -4.897    5.991  -17.223   12.697   -9.376    3.321  -13.902
     3    2.340    2.340   13.366  -13.708    9.821   -9.450    0.371  -13.337
     4    2.340    2.340   13.366  -13.708    9.821   -9.450    0.371  -13.337
     5    5.499    5.499   16.941  -12.903    9.012   -9.692   -0.680  -13.583
     6    5.499    5.499   16.941  -12.903    9.012   -9.692   -0.680  -13.583
     7    5.530    5.530   16.969  -12.884    8.997   -9.690   -0.693  -13.578
     8    5.530    5.530   16.969  -12.884    8.997   -9.690   -0.693  -13.578
     9    8.295    8.295   18.842   -5.811    3.419   -9.175   -5.757  -11.568
    10    8.295    8.295   18.842   -5.811    3.419   -9.175   -5.757  -11.568
    11    9.757    9.757   20.126   -5.495    3.176   -9.081   -5.905  -11.400
    12    9.757    9.757   20.126   -5.495    3.176   -9.081   -5.905  -11.400
    13    9.779    9.779   20.142   -5.485    3.168   -9.078   -5.910  -11.395
    14    9.779    9.779   20.142   -5.485    3.168   -9.078   -5.910  -11.395
    15   13.192   13.192   24.205   -4.894    2.593   -9.449   -6.857  -11.751
    16   13.192   13.192   24.205   -4.894    2.593   -9.449   -6.857  -11.751

 Symmetrized values from band-averaging:

       k =  0.750000 -0.000000 -0.000000 ik =  49 spin = 1

     n      Emf       Eo      KIH        X      Cor     Eqp0     Eqp1      Znk
     1   -4.897   -4.897    5.991  -17.223    3.321   -7.911   -7.911    1.000
     2   -4.897   -4.897    5.991  -17.223    3.321   -7.911   -7.911    1.000
     3    2.340    2.340   13.366  -13.708    0.371    0.028    0.028    1.000
     4    2.340    2.340   13.366  -13.708    0.371    0.028    0.028    1.000
     5    5.499    5.499   16.941  -12.903   -0.680    3.358    3.358    1.000
     6    5.499    5.499   16.941  -12.903   -0.680    3.358    3.358    1.000
     7    5.530    5.530   16.969  -12.884   -0.693    3.391    3.391    1.000
     8    5.530    5.530   16.969  -12.884   -0.693    3.391    3.391    1.000
     9    8.295    8.295   18.842   -5.811   -5.757    7.274    7.274    1.000
    10    8.295    8.295   18.842   -5.811   -5.757    7.274    7.274    1.000
    11    9.757    9.757   20.126   -5.495   -5.905    8.727    8.727    1.000
    12    9.757    9.757   20.126   -5.495   -5.905    8.727    8.727    1.000
    13    9.779    9.779   20.142   -5.485   -5.910    8.748    8.748    1.000
    14    9.779    9.779   20.142   -5.485   -5.910    8.748    8.748    1.000
    15   13.192   13.192   24.205   -4.894   -6.857   12.454   12.454    1.000
    16   13.192   13.192   24.205   -4.894   -6.857   12.454   12.454    1.000
 
================================================================================
 09:40:32   Dealing with k =  0.750000  0.000000  0.250000               50 / 64
================================================================================

 Reading kih.dat
 Number of q-points in the irreducible BZ(k) (nrq): 64

 Using GPU support via OpenACC/OMP-Target implementation
 Band block size in MTXEL:    15
 
 Started calculating Sigma with 1024 block(s) at 09:40:32.
 [ 09:40:32 |   0% ] block    1 / 1024.
 [ 09:40:32 |   0% ] block    3 / 1024, remaining: 19 s.
 [ 09:40:33 |  10% ] block  103 / 1024, remaining: 8 s.
 [ 09:40:33 |  20% ] block  205 / 1024, remaining: 6 s.
 [ 09:40:34 |  30% ] block  308 / 1024, remaining: 5 s.
 [ 09:40:35 |  40% ] block  410 / 1024, remaining: 4 s.
 [ 09:40:35 |  50% ] block  513 / 1024, remaining: 3 s.
 [ 09:40:36 |  60% ] block  615 / 1024, remaining: 3 s.
 [ 09:40:37 |  70% ] block  717 / 1024, remaining: 2 s.
 [ 09:40:37 |  80% ] block  820 / 1024, remaining: 1 s.
 [ 09:40:38 |  90% ] block  922 / 1024, remaining: 1 s.
 Finished calculating Sigma at 09:40:38.
 Elapsed time: 6 s.
 
 Unsymmetrized values for ik =  50 spin = 1
 
     n      Emf       Eo      KIH        X     SX-X       CH      Cor      Sig
     1   -3.652   -3.652    7.411  -16.827   12.356   -9.481    2.876  -13.952
     2   -3.652   -3.652    7.411  -16.827   12.356   -9.481    2.876  -13.952
     3    0.788    0.788   12.089  -14.833   10.701   -9.619    1.082  -13.751
     4    0.788    0.788   12.089  -14.833   10.701   -9.619    1.082  -13.751
     5    2.510    2.510   12.809  -12.854    9.256   -9.013    0.243  -12.611
     6    2.510    2.510   12.809  -12.854    9.256   -9.013    0.243  -12.611
     7    4.943    4.943   16.245  -12.994    9.123   -9.611   -0.487  -13.481
     8    4.943    4.943   16.245  -12.994    9.123   -9.611   -0.487  -13.481
     9    8.713    8.713   18.578   -5.197    3.013   -8.763   -5.750  -10.948
    10    8.713    8.713   18.578   -5.197    3.013   -8.763   -5.750  -10.948
    11   11.050   11.050   21.480   -4.935    2.733   -9.128   -6.394  -11.330
    12   11.050   11.050   21.480   -4.935    2.733   -9.128   -6.394  -11.330
    13   11.420   11.420   21.977   -5.485    2.960   -9.153   -6.193  -11.678
    14   11.420   11.420   21.977   -5.485    2.960   -9.153   -6.193  -11.678
    15   12.412   12.412   22.724   -4.415    2.341   -9.043   -6.702  -11.117
    16   12.412   12.412   22.724   -4.415    2.341   -9.043   -6.702  -11.117

 Symmetrized values from band-averaging:

       k =  0.750000  0.000000  0.250000 ik =  50 spin = 1

     n      Emf       Eo      KIH        X      Cor     Eqp0     Eqp1      Znk
     1   -3.652   -3.652    7.411  -16.827    2.876   -6.540   -6.540    1.000
     2   -3.652   -3.652    7.411  -16.827    2.876   -6.540   -6.540    1.000
     3    0.788    0.788   12.089  -14.833    1.082   -1.663   -1.663    1.000
     4    0.788    0.788   12.089  -14.833    1.082   -1.663   -1.663    1.000
     5    2.510    2.510   12.809  -12.854    0.243    0.197    0.197    1.000
     6    2.510    2.510   12.809  -12.854    0.243    0.197    0.197    1.000
     7    4.943    4.943   16.245  -12.994   -0.487    2.764    2.764    1.000
     8    4.943    4.943   16.245  -12.994   -0.487    2.764    2.764    1.000
     9    8.713    8.713   18.578   -5.197   -5.750    7.631    7.631    1.000
    10    8.713    8.713   18.578   -5.197   -5.750    7.631    7.631    1.000
    11   11.050   11.050   21.480   -4.935   -6.394   10.151   10.151    1.000
    12   11.050   11.050   21.480   -4.935   -6.394   10.151   10.151    1.000
    13   11.420   11.420   21.977   -5.485   -6.193   10.299   10.299    1.000
    14   11.420   11.420   21.977   -5.485   -6.193   10.299   10.299    1.000
    15   12.412   12.412   22.724   -4.415   -6.702   11.606   11.606    1.000
    16   12.412   12.412   22.724   -4.415   -6.702   11.606   11.606    1.000
 
================================================================================
 09:40:38   Dealing with k =  0.750000  0.000000  0.500000               51 / 64
================================================================================

 Reading kih.dat
 Number of q-points in the irreducible BZ(k) (nrq): 64

 Using GPU support via OpenACC/OMP-Target implementation
 Band block size in MTXEL:    15
 
 Started calculating Sigma with 1024 block(s) at 09:40:39.
 [ 09:40:39 |   0% ] block    1 / 1024.
 [ 09:40:39 |   0% ] block    3 / 1024, remaining: 20 s.
 [ 09:40:39 |  10% ] block  103 / 1024, remaining: 8 s.
 [ 09:40:40 |  20% ] block  205 / 1024, remaining: 6 s.
 [ 09:40:41 |  30% ] block  308 / 1024, remaining: 5 s.
 [ 09:40:41 |  40% ] block  410 / 1024, remaining: 4 s.
 [ 09:40:42 |  50% ] block  513 / 1024, remaining: 3 s.
 [ 09:40:43 |  60% ] block  615 / 1024, remaining: 3 s.
 [ 09:40:43 |  70% ] block  717 / 1024, remaining: 2 s.
 [ 09:40:44 |  80% ] block  820 / 1024, remaining: 1 s.
 [ 09:40:44 |  90% ] block  922 / 1024, remaining: 1 s.
 Finished calculating Sigma at 09:40:45.
 Elapsed time: 6 s.
 
 Unsymmetrized values for ik =  51 spin = 1
 
     n      Emf       Eo      KIH        X     SX-X       CH      Cor      Sig
     1   -2.977   -2.977    8.199  -16.615   12.176   -9.548    2.627  -13.988
     2   -2.977   -2.977    8.199  -16.615   12.176   -9.548    2.627  -13.988
     3   -0.116   -0.116   11.030  -15.159   10.989   -9.527    1.463  -13.696
     4   -0.116   -0.116   11.030  -15.159   10.989   -9.527    1.463  -13.696
     5    2.730    2.730   13.219  -12.924    9.270   -9.127    0.143  -12.781
     6    2.730    2.730   13.219  -12.924    9.270   -9.127    0.143  -12.781
     7    4.062    4.062   15.089  -13.155    9.326   -9.448   -0.122  -13.277
     8    4.062    4.062   15.089  -13.155    9.326   -9.448   -0.122  -13.277
     9    7.784    7.784   17.225   -5.174    3.034   -8.504   -5.470  -10.644
    10    7.784    7.784   17.225   -5.174    3.034   -8.504   -5.470  -10.644
    11   10.723   10.723   20.584   -4.853    2.638   -8.750   -6.112  -10.965
    12   10.723   10.723   20.584   -4.853    2.638   -8.750   -6.112  -10.965
    13   12.018   12.018   22.879   -5.127    2.775   -9.363   -6.588  -11.715
    14   12.018   12.018   22.879   -5.127    2.775   -9.363   -6.588  -11.715
    15   12.191   12.191   22.582   -4.744    2.532   -9.085   -6.553  -11.298
    16   12.191   12.191   22.582   -4.744    2.532   -9.085   -6.553  -11.298

 Symmetrized values from band-averaging:

       k =  0.750000  0.000000  0.500000 ik =  51 spin = 1

     n      Emf       Eo      KIH        X      Cor     Eqp0     Eqp1      Znk
     1   -2.977   -2.977    8.199  -16.615    2.627   -5.789   -5.789    1.000
     2   -2.977   -2.977    8.199  -16.615    2.627   -5.789   -5.789    1.000
     3   -0.116   -0.116   11.030  -15.159    1.463   -2.667   -2.667    1.000
     4   -0.116   -0.116   11.030  -15.159    1.463   -2.667   -2.667    1.000
     5    2.730    2.730   13.219  -12.924    0.143    0.438    0.438    1.000
     6    2.730    2.730   13.219  -12.924    0.143    0.438    0.438    1.000
     7    4.062    4.062   15.089  -13.155   -0.122    1.812    1.812    1.000
     8    4.062    4.062   15.089  -13.155   -0.122    1.812    1.812    1.000
     9    7.784    7.784   17.225   -5.174   -5.470    6.581    6.581    1.000
    10    7.784    7.784   17.225   -5.174   -5.470    6.581    6.581    1.000
    11   10.723   10.723   20.584   -4.853   -6.112    9.619    9.619    1.000
    12   10.723   10.723   20.584   -4.853   -6.112    9.619    9.619    1.000
    13   12.018   12.018   22.879   -5.127   -6.588   11.164   11.164    1.000
    14   12.018   12.018   22.879   -5.127   -6.588   11.164   11.164    1.000
    15   12.191   12.191   22.582   -4.744   -6.553   11.284   11.284    1.000
    16   12.191   12.191   22.582   -4.744   -6.553   11.284   11.284    1.000
 
================================================================================
 09:40:45   Dealing with k =  0.750000 -0.000000  0.750000               52 / 64
================================================================================

 Reading kih.dat
 Number of q-points in the irreducible BZ(k) (nrq): 64

 Using GPU support via OpenACC/OMP-Target implementation
 Band block size in MTXEL:    15
 
 Started calculating Sigma with 1024 block(s) at 09:40:45.
 [ 09:40:45 |   0% ] block    1 / 1024.
 [ 09:40:45 |   0% ] block    3 / 1024, remaining: 19 s.
 [ 09:40:46 |  10% ] block  103 / 1024, remaining: 7 s.
 [ 09:40:47 |  20% ] block  205 / 1024, remaining: 6 s.
 [ 09:40:47 |  30% ] block  308 / 1024, remaining: 5 s.
 [ 09:40:48 |  40% ] block  410 / 1024, remaining: 4 s.
 [ 09:40:49 |  50% ] block  513 / 1024, remaining: 3 s.
 [ 09:40:49 |  60% ] block  615 / 1024, remaining: 3 s.
 [ 09:40:50 |  70% ] block  717 / 1024, remaining: 2 s.
 [ 09:40:50 |  80% ] block  820 / 1024, remaining: 1 s.
 [ 09:40:51 |  90% ] block  922 / 1024, remaining: 1 s.
 Finished calculating Sigma at 09:40:52.
 Elapsed time: 6 s.
 
 Unsymmetrized values for ik =  52 spin = 1
 
     n      Emf       Eo      KIH        X     SX-X       CH      Cor      Sig
     1   -4.615   -4.615    6.293  -17.115   12.610   -9.387    3.223  -13.892
     2   -4.615   -4.615    6.293  -17.115   12.610   -9.387    3.223  -13.892
     3    2.755    2.755   14.407  -14.057    9.984   -9.827    0.157  -13.900
     4    2.755    2.755   14.407  -14.057    9.984   -9.827    0.157  -13.900
     5    4.374    4.374   15.410  -12.959    9.167   -9.453   -0.286  -13.245
     6    4.374    4.374   15.410  -12.959    9.167   -9.453   -0.286  -13.245
     7    4.382    4.382   15.414  -12.947    9.159   -9.451   -0.292  -13.239
     8    4.382    4.382   15.414  -12.947    9.159   -9.451   -0.292  -13.239
     9    7.392    7.392   17.005   -5.506    3.287   -8.614   -5.327  -10.833
    10    7.392    7.392   17.005   -5.506    3.287   -8.614   -5.327  -10.833
    11    9.398    9.398   18.765   -4.598    2.589   -8.457   -5.868  -10.466
    12    9.398    9.398   18.765   -4.598    2.589   -8.457   -5.868  -10.466
    13   12.029   12.029   23.000   -5.338    2.902   -9.439   -6.537  -11.875
    14   12.029   12.029   23.000   -5.338    2.902   -9.439   -6.537  -11.875
    15   12.032   12.032   23.011   -5.347    2.907   -9.444   -6.537  -11.885
    16   12.032   12.032   23.011   -5.347    2.907   -9.444   -6.537  -11.885

 Symmetrized values from band-averaging:

       k =  0.750000 -0.000000  0.750000 ik =  52 spin = 1

     n      Emf       Eo      KIH        X      Cor     Eqp0     Eqp1      Znk
     1   -4.615   -4.615    6.293  -17.115    3.223   -7.600   -7.600    1.000
     2   -4.615   -4.615    6.293  -17.115    3.223   -7.600   -7.600    1.000
     3    2.755    2.755   14.407  -14.057    0.157    0.506    0.506    1.000
     4    2.755    2.755   14.407  -14.057    0.157    0.506    0.506    1.000
     5    4.374    4.374   15.410  -12.959   -0.286    2.165    2.165    1.000
     6    4.374    4.374   15.410  -12.959   -0.286    2.165    2.165    1.000
     7    4.382    4.382   15.414  -12.947   -0.292    2.175    2.175    1.000
     8    4.382    4.382   15.414  -12.947   -0.292    2.175    2.175    1.000
     9    7.392    7.392   17.005   -5.506   -5.327    6.172    6.172    1.000
    10    7.392    7.392   17.005   -5.506   -5.327    6.172    6.172    1.000
    11    9.398    9.398   18.765   -4.598   -5.868    8.299    8.299    1.000
    12    9.398    9.398   18.765   -4.598   -5.868    8.299    8.299    1.000
    13   12.029   12.029   23.000   -5.338   -6.537   11.125   11.125    1.000
    14   12.029   12.029   23.000   -5.338   -6.537   11.125   11.125    1.000
    15   12.032   12.032   23.011   -5.347   -6.537   11.127   11.127    1.000
    16   12.032   12.032   23.011   -5.347   -6.537   11.127   11.127    1.000
 
================================================================================
 09:40:52   Dealing with k =  0.750000  0.250000  0.000000               53 / 64
================================================================================

 Reading kih.dat
 Number of q-points in the irreducible BZ(k) (nrq): 64

 Using GPU support via OpenACC/OMP-Target implementation
 Band block size in MTXEL:    15
 
 Started calculating Sigma with 1024 block(s) at 09:40:52.
 [ 09:40:52 |   0% ] block    1 / 1024.
 [ 09:40:52 |   0% ] block    3 / 1024, remaining: 20 s.
 [ 09:40:53 |  10% ] block  103 / 1024, remaining: 7 s.
 [ 09:40:53 |  20% ] block  205 / 1024, remaining: 6 s.
 [ 09:40:54 |  30% ] block  308 / 1024, remaining: 5 s.
 [ 09:40:55 |  40% ] block  410 / 1024, remaining: 4 s.
 [ 09:40:55 |  50% ] block  513 / 1024, remaining: 3 s.
 [ 09:40:56 |  60% ] block  615 / 1024, remaining: 3 s.
 [ 09:40:56 |  70% ] block  717 / 1024, remaining: 2 s.
 [ 09:40:57 |  80% ] block  820 / 1024, remaining: 1 s.
 [ 09:40:58 |  90% ] block  922 / 1024, remaining: 1 s.
 Finished calculating Sigma at 09:40:58.
 Elapsed time: 6 s.
 
 Unsymmetrized values for ik =  53 spin = 1
 
     n      Emf       Eo      KIH        X     SX-X       CH      Cor      Sig
     1   -3.652   -3.652    7.411  -16.828   12.357   -9.481    2.876  -13.952
     2   -3.652   -3.652    7.411  -16.828   12.357   -9.481    2.876  -13.952
     3    0.788    0.788   12.089  -14.833   10.701   -9.619    1.082  -13.751
     4    0.788    0.788   12.089  -14.833   10.701   -9.619    1.082  -13.751
     5    2.510    2.510   12.809  -12.854    9.256   -9.013    0.243  -12.611
     6    2.510    2.510   12.809  -12.854    9.256   -9.013    0.243  -12.611
     7    4.943    4.943   16.245  -12.994    9.124   -9.611   -0.487  -13.481
     8    4.943    4.943   16.245  -12.994    9.124   -9.611   -0.487  -13.481
     9    8.713    8.713   18.578   -5.197    3.013   -8.763   -5.750  -10.947
    10    8.713    8.713   18.578   -5.197    3.013   -8.763   -5.750  -10.947
    11   11.050   11.050   21.480   -4.936    2.733   -9.128   -6.394  -11.330
    12   11.050   11.050   21.480   -4.936    2.733   -9.128   -6.394  -11.330
    13   11.420   11.420   21.977   -5.485    2.960   -9.153   -6.193  -11.678
    14   11.420   11.420   21.977   -5.485    2.960   -9.153   -6.193  -11.678
    15   12.412   12.412   22.724   -4.415    2.340   -9.043   -6.702  -11.117
    16   12.412   12.412   22.724   -4.415    2.340   -9.043   -6.702  -11.117

 Symmetrized values from band-averaging:

       k =  0.750000  0.250000  0.000000 ik =  53 spin = 1

     n      Emf       Eo      KIH        X      Cor     Eqp0     Eqp1      Znk
     1   -3.652   -3.652    7.411  -16.828    2.876   -6.541   -6.541    1.000
     2   -3.652   -3.652    7.411  -16.828    2.876   -6.541   -6.541    1.000
     3    0.788    0.788   12.089  -14.833    1.082   -1.662   -1.662    1.000
     4    0.788    0.788   12.089  -14.833    1.082   -1.662   -1.662    1.000
     5    2.510    2.510   12.809  -12.854    0.243    0.197    0.197    1.000
     6    2.510    2.510   12.809  -12.854    0.243    0.197    0.197    1.000
     7    4.943    4.943   16.245  -12.994   -0.487    2.764    2.764    1.000
     8    4.943    4.943   16.245  -12.994   -0.487    2.764    2.764    1.000
     9    8.713    8.713   18.578   -5.197   -5.750    7.631    7.631    1.000
    10    8.713    8.713   18.578   -5.197   -5.750    7.631    7.631    1.000
    11   11.050   11.050   21.480   -4.936   -6.394   10.150   10.150    1.000
    12   11.050   11.050   21.480   -4.936   -6.394   10.150   10.150    1.000
    13   11.420   11.420   21.977   -5.485   -6.193   10.299   10.299    1.000
    14   11.420   11.420   21.977   -5.485   -6.193   10.299   10.299    1.000
    15   12.412   12.412   22.724   -4.415   -6.702   11.606   11.606    1.000
    16   12.412   12.412   22.724   -4.415   -6.702   11.606   11.606    1.000
 
================================================================================
 09:40:58   Dealing with k =  0.750000  0.250000  0.250000               54 / 64
================================================================================

 Reading kih.dat
 Number of q-points in the irreducible BZ(k) (nrq): 64

 Using GPU support via OpenACC/OMP-Target implementation
 Band block size in MTXEL:    15
 
 Started calculating Sigma with 1024 block(s) at 09:40:58.
 [ 09:40:58 |   0% ] block    1 / 1024.
 [ 09:40:58 |   0% ] block    3 / 1024, remaining: 19 s.
 [ 09:40:59 |  10% ] block  103 / 1024, remaining: 8 s.
 [ 09:41:00 |  20% ] block  205 / 1024, remaining: 6 s.
 [ 09:41:00 |  30% ] block  308 / 1024, remaining: 5 s.
 [ 09:41:01 |  40% ] block  410 / 1024, remaining: 4 s.
 [ 09:41:02 |  50% ] block  513 / 1024, remaining: 3 s.
 [ 09:41:02 |  60% ] block  615 / 1024, remaining: 3 s.
 [ 09:41:03 |  70% ] block  717 / 1024, remaining: 2 s.
 [ 09:41:04 |  80% ] block  820 / 1024, remaining: 1 s.
 [ 09:41:04 |  90% ] block  922 / 1024, remaining: 1 s.
 Finished calculating Sigma at 09:41:05.
 Elapsed time: 6 s.
 
 Unsymmetrized values for ik =  54 spin = 1
 
     n      Emf       Eo      KIH        X     SX-X       CH      Cor      Sig
     1   -2.977   -2.977    8.199  -16.618   12.170   -9.548    2.621  -13.996
     2   -2.977   -2.977    8.199  -16.618   12.170   -9.548    2.621  -13.996
     3   -0.116   -0.116   11.030  -15.156   10.995   -9.527    1.468  -13.688
     4   -0.116   -0.116   11.030  -15.156   10.995   -9.527    1.468  -13.688
     5    2.730    2.730   13.219  -12.921    9.276   -9.126    0.150  -12.772
     6    2.730    2.730   13.219  -12.921    9.276   -9.126    0.150  -12.772
     7    4.062    4.062   15.089  -13.155    9.330   -9.449   -0.119  -13.274
     8    4.062    4.062   15.089  -13.155    9.330   -9.449   -0.119  -13.274
     9    7.784    7.784   17.225   -5.175    3.034   -8.504   -5.471  -10.645
    10    7.784    7.784   17.225   -5.175    3.034   -8.504   -5.471  -10.645
    11   10.723   10.723   20.584   -4.857    2.647   -8.749   -6.103  -10.960
    12   10.723   10.723   20.584   -4.857    2.647   -8.749   -6.103  -10.960
    13   12.018   12.018   22.879   -5.128    2.756   -9.362   -6.605  -11.733
    14   12.018   12.018   22.879   -5.128    2.756   -9.362   -6.605  -11.733
    15   12.191   12.191   22.582   -4.744    2.523   -9.085   -6.562  -11.307
    16   12.191   12.191   22.582   -4.744    2.523   -9.085   -6.562  -11.307

 Symmetrized values from band-averaging:

       k =  0.750000  0.250000  0.250000 ik =  54 spin = 1

     n      Emf       Eo      KIH        X      Cor     Eqp0     Eqp1      Znk
     1   -2.977   -2.977    8.199  -16.618    2.621   -5.798   -5.798    1.000
     2   -2.977   -2.977    8.199  -16.618    2.621   -5.798   -5.798    1.000
     3   -0.116   -0.116   11.030  -15.156    1.468   -2.658   -2.658    1.000
     4   -0.116   -0.116   11.030  -15.156    1.468   -2.658   -2.658    1.000
     5    2.730    2.730   13.219  -12.921    0.150    0.447    0.447    1.000
     6    2.730    2.730   13.219  -12.921    0.150    0.447    0.447    1.000
     7    4.062    4.062   15.089  -13.155   -0.119    1.816    1.816    1.000
     8    4.062    4.062   15.089  -13.155   -0.119    1.816    1.816    1.000
     9    7.784    7.784   17.225   -5.175   -5.471    6.580    6.580    1.000
    10    7.784    7.784   17.225   -5.175   -5.471    6.580    6.580    1.000
    11   10.723   10.723   20.584   -4.857   -6.103    9.624    9.624    1.000
    12   10.723   10.723   20.584   -4.857   -6.103    9.624    9.624    1.000
    13   12.018   12.018   22.879   -5.128   -6.605   11.146   11.146    1.000
    14   12.018   12.018   22.879   -5.128   -6.605   11.146   11.146    1.000
    15   12.191   12.191   22.582   -4.744   -6.562   11.275   11.275    1.000
    16   12.191   12.191   22.582   -4.744   -6.562   11.275   11.275    1.000
 
================================================================================
 09:41:05   Dealing with k =  0.750000  0.250000  0.500000               55 / 64
================================================================================

 Reading kih.dat
 Number of q-points in the irreducible BZ(k) (nrq): 64

 Using GPU support via OpenACC/OMP-Target implementation
 Band block size in MTXEL:    15
 
 Started calculating Sigma with 1024 block(s) at 09:41:05.
 [ 09:41:05 |   0% ] block    1 / 1024.
 [ 09:41:05 |   0% ] block    3 / 1024, remaining: 19 s.
 [ 09:41:06 |  10% ] block  103 / 1024, remaining: 7 s.
 [ 09:41:06 |  20% ] block  205 / 1024, remaining: 6 s.
 [ 09:41:07 |  30% ] block  308 / 1024, remaining: 5 s.
 [ 09:41:08 |  40% ] block  410 / 1024, remaining: 4 s.
 [ 09:41:08 |  50% ] block  513 / 1024, remaining: 3 s.
 [ 09:41:09 |  60% ] block  615 / 1024, remaining: 3 s.
 [ 09:41:10 |  70% ] block  717 / 1024, remaining: 2 s.
 [ 09:41:10 |  80% ] block  820 / 1024, remaining: 1 s.
 [ 09:41:11 |  90% ] block  922 / 1024, remaining: 1 s.
 Finished calculating Sigma at 09:41:11.
 Elapsed time: 6 s.
 
 Unsymmetrized values for ik =  55 spin = 1
 
     n      Emf       Eo      KIH        X     SX-X       CH      Cor      Sig
     1   -1.388   -1.388   10.005  -16.049   11.680   -9.678    2.002  -14.047
     2   -1.388   -1.388   10.005  -16.049   11.680   -9.678    2.002  -14.047
     3   -1.382   -1.382   10.010  -16.047   11.679   -9.678    2.000  -14.046
     4   -1.382   -1.382   10.010  -16.047   11.679   -9.678    2.000  -14.046
     5    2.402    2.402   12.611  -12.840    9.252   -8.957    0.295  -12.545
     6    2.402    2.402   12.611  -12.840    9.252   -8.957    0.295  -12.545
     7    2.415    2.415   12.620  -12.829    9.243   -8.955    0.288  -12.540
     8    2.415    2.415   12.620  -12.829    9.243   -8.955    0.288  -12.540
     9   10.549   10.549   20.334   -5.034    2.743   -8.697   -5.955  -10.988
    10   10.549   10.549   20.334   -5.034    2.743   -8.697   -5.955  -10.988
    11   10.549   10.549   20.333   -5.032    2.742   -8.697   -5.955  -10.988
    12   10.549   10.549   20.333   -5.032    2.742   -8.697   -5.955  -10.988
    13   11.258   11.258   21.683   -4.789    2.615   -9.108   -6.493  -11.282
    14   11.258   11.258   21.683   -4.789    2.615   -9.108   -6.493  -11.282
    15   11.274   11.274   21.691   -4.780    2.608   -9.103   -6.495  -11.275
    16   11.274   11.274   21.691   -4.780    2.608   -9.103   -6.495  -11.275

 Symmetrized values from band-averaging:

       k =  0.750000  0.250000  0.500000 ik =  55 spin = 1

     n      Emf       Eo      KIH        X      Cor     Eqp0     Eqp1      Znk
     1   -1.388   -1.388   10.005  -16.049    2.002   -4.042   -4.042    1.000
     2   -1.388   -1.388   10.005  -16.049    2.002   -4.042   -4.042    1.000
     3   -1.382   -1.382   10.010  -16.047    2.000   -4.036   -4.036    1.000
     4   -1.382   -1.382   10.010  -16.047    2.000   -4.036   -4.036    1.000
     5    2.402    2.402   12.611  -12.840    0.295    0.065    0.065    1.000
     6    2.402    2.402   12.611  -12.840    0.295    0.065    0.065    1.000
     7    2.415    2.415   12.620  -12.829    0.288    0.079    0.079    1.000
     8    2.415    2.415   12.620  -12.829    0.288    0.079    0.079    1.000
     9   10.549   10.549   20.334   -5.034   -5.955    9.345    9.345    1.000
    10   10.549   10.549   20.334   -5.034   -5.955    9.345    9.345    1.000
    11   10.549   10.549   20.333   -5.032   -5.955    9.346    9.346    1.000
    12   10.549   10.549   20.333   -5.032   -5.955    9.346    9.346    1.000
    13   11.258   11.258   21.683   -4.789   -6.493   10.401   10.401    1.000
    14   11.258   11.258   21.683   -4.789   -6.493   10.401   10.401    1.000
    15   11.274   11.274   21.691   -4.780   -6.495   10.416   10.416    1.000
    16   11.274   11.274   21.691   -4.780   -6.495   10.416   10.416    1.000
 
================================================================================
 09:41:11   Dealing with k =  0.750000  0.250000  0.750000               56 / 64
================================================================================

 Reading kih.dat
 Number of q-points in the irreducible BZ(k) (nrq): 64

 Using GPU support via OpenACC/OMP-Target implementation
 Band block size in MTXEL:    15
 
 Started calculating Sigma with 1024 block(s) at 09:41:12.
 [ 09:41:12 |   0% ] block    1 / 1024.
 [ 09:41:12 |   0% ] block    3 / 1024, remaining: 18 s.
 [ 09:41:12 |  10% ] block  103 / 1024, remaining: 7 s.
 [ 09:41:13 |  20% ] block  205 / 1024, remaining: 6 s.
 [ 09:41:14 |  30% ] block  308 / 1024, remaining: 5 s.
 [ 09:41:14 |  40% ] block  410 / 1024, remaining: 4 s.
 [ 09:41:15 |  50% ] block  513 / 1024, remaining: 3 s.
 [ 09:41:16 |  60% ] block  615 / 1024, remaining: 3 s.
 [ 09:41:16 |  70% ] block  717 / 1024, remaining: 2 s.
 [ 09:41:17 |  80% ] block  820 / 1024, remaining: 1 s.
 [ 09:41:17 |  90% ] block  922 / 1024, remaining: 1 s.
 Finished calculating Sigma at 09:41:18.
 Elapsed time: 6 s.
 
 Unsymmetrized values for ik =  56 spin = 1
 
     n      Emf       Eo      KIH        X     SX-X       CH      Cor      Sig
     1   -2.977   -2.977    8.199  -16.616   12.174   -9.548    2.626  -13.990
     2   -2.977   -2.977    8.199  -16.616   12.174   -9.548    2.626  -13.990
     3   -0.116   -0.116   11.030  -15.156   10.992   -9.527    1.465  -13.691
     4   -0.116   -0.116   11.030  -15.156   10.992   -9.527    1.465  -13.691
     5    2.730    2.730   13.219  -12.924    9.266   -9.126    0.140  -12.784
     6    2.730    2.730   13.219  -12.924    9.266   -9.126    0.140  -12.784
     7    4.062    4.062   15.089  -13.156    9.328   -9.449   -0.121  -13.278
     8    4.062    4.062   15.089  -13.156    9.328   -9.449   -0.121  -13.278
     9    7.784    7.784   17.225   -5.176    3.035   -8.504   -5.469  -10.645
    10    7.784    7.784   17.225   -5.176    3.035   -8.504   -5.469  -10.645
    11   10.723   10.723   20.584   -4.860    2.633   -8.749   -6.116  -10.976
    12   10.723   10.723   20.584   -4.860    2.633   -8.749   -6.116  -10.976
    13   12.018   12.018   22.879   -5.123    2.775   -9.362   -6.586  -11.709
    14   12.018   12.018   22.879   -5.123    2.775   -9.362   -6.586  -11.709
    15   12.191   12.191   22.582   -4.741    2.535   -9.085   -6.550  -11.291
    16   12.191   12.191   22.582   -4.741    2.535   -9.085   -6.550  -11.291

 Symmetrized values from band-averaging:

       k =  0.750000  0.250000  0.750000 ik =  56 spin = 1

     n      Emf       Eo      KIH        X      Cor     Eqp0     Eqp1      Znk
     1   -2.977   -2.977    8.199  -16.616    2.626   -5.791   -5.791    1.000
     2   -2.977   -2.977    8.199  -16.616    2.626   -5.791   -5.791    1.000
     3   -0.116   -0.116   11.030  -15.156    1.465   -2.661   -2.661    1.000
     4   -0.116   -0.116   11.030  -15.156    1.465   -2.661   -2.661    1.000
     5    2.730    2.730   13.219  -12.924    0.140    0.434    0.434    1.000
     6    2.730    2.730   13.219  -12.924    0.140    0.434    0.434    1.000
     7    4.062    4.062   15.089  -13.156   -0.121    1.812    1.812    1.000
     8    4.062    4.062   15.089  -13.156   -0.121    1.812    1.812    1.000
     9    7.784    7.784   17.225   -5.176   -5.469    6.580    6.580    1.000
    10    7.784    7.784   17.225   -5.176   -5.469    6.580    6.580    1.000
    11   10.723   10.723   20.584   -4.860   -6.116    9.608    9.608    1.000
    12   10.723   10.723   20.584   -4.860   -6.116    9.608    9.608    1.000
    13   12.018   12.018   22.879   -5.123   -6.586   11.170   11.170    1.000
    14   12.018   12.018   22.879   -5.123   -6.586   11.170   11.170    1.000
    15   12.191   12.191   22.582   -4.741   -6.550   11.291   11.291    1.000
    16   12.191   12.191   22.582   -4.741   -6.550   11.291   11.291    1.000
 
================================================================================
 09:41:18   Dealing with k =  0.750000  0.500000  0.000000               57 / 64
================================================================================

 Reading kih.dat
 Number of q-points in the irreducible BZ(k) (nrq): 64

 Using GPU support via OpenACC/OMP-Target implementation
 Band block size in MTXEL:    15
 
 Started calculating Sigma with 1024 block(s) at 09:41:18.
 [ 09:41:18 |   0% ] block    1 / 1024.
 [ 09:41:18 |   0% ] block    3 / 1024, remaining: 19 s.
 [ 09:41:19 |  10% ] block  103 / 1024, remaining: 8 s.
 [ 09:41:20 |  20% ] block  205 / 1024, remaining: 6 s.
 [ 09:41:20 |  30% ] block  308 / 1024, remaining: 5 s.
 [ 09:41:21 |  40% ] block  410 / 1024, remaining: 4 s.
 [ 09:41:22 |  50% ] block  513 / 1024, remaining: 3 s.
 [ 09:41:22 |  60% ] block  615 / 1024, remaining: 3 s.
 [ 09:41:23 |  70% ] block  717 / 1024, remaining: 2 s.
 [ 09:41:24 |  80% ] block  820 / 1024, remaining: 1 s.
 [ 09:41:24 |  90% ] block  922 / 1024, remaining: 1 s.
 Finished calculating Sigma at 09:41:25.
 Elapsed time: 6 s.
 
 Unsymmetrized values for ik =  57 spin = 1
 
     n      Emf       Eo      KIH        X     SX-X       CH      Cor      Sig
     1   -2.977   -2.977    8.199  -16.614   12.175   -9.548    2.627  -13.987
     2   -2.977   -2.977    8.199  -16.614   12.175   -9.548    2.627  -13.987
     3   -0.116   -0.116   11.030  -15.160   10.990   -9.527    1.463  -13.697
     4   -0.116   -0.116   11.030  -15.160   10.990   -9.527    1.463  -13.697
     5    2.730    2.730   13.219  -12.924    9.270   -9.127    0.143  -12.781
     6    2.730    2.730   13.219  -12.924    9.270   -9.127    0.143  -12.781
     7    4.062    4.062   15.089  -13.155    9.326   -9.448   -0.122  -13.277
     8    4.062    4.062   15.089  -13.155    9.326   -9.448   -0.122  -13.277
     9    7.784    7.784   17.225   -5.174    3.034   -8.504   -5.470  -10.644
    10    7.784    7.784   17.225   -5.174    3.034   -8.504   -5.470  -10.644
    11   10.723   10.723   20.584   -4.854    2.639   -8.750   -6.111  -10.965
    12   10.723   10.723   20.584   -4.854    2.639   -8.750   -6.111  -10.965
    13   12.018   12.018   22.879   -5.127    2.775   -9.363   -6.588  -11.715
    14   12.018   12.018   22.879   -5.127    2.775   -9.363   -6.588  -11.715
    15   12.191   12.191   22.582   -4.744    2.532   -9.085   -6.553  -11.298
    16   12.191   12.191   22.582   -4.744    2.532   -9.085   -6.553  -11.298

 Symmetrized values from band-averaging:

       k =  0.750000  0.500000  0.000000 ik =  57 spin = 1

     n      Emf       Eo      KIH        X      Cor     Eqp0     Eqp1      Znk
     1   -2.977   -2.977    8.199  -16.614    2.627   -5.788   -5.788    1.000
     2   -2.977   -2.977    8.199  -16.614    2.627   -5.788   -5.788    1.000
     3   -0.116   -0.116   11.030  -15.160    1.463   -2.667   -2.667    1.000
     4   -0.116   -0.116   11.030  -15.160    1.463   -2.667   -2.667    1.000
     5    2.730    2.730   13.219  -12.924    0.143    0.437    0.437    1.000
     6    2.730    2.730   13.219  -12.924    0.143    0.437    0.437    1.000
     7    4.062    4.062   15.089  -13.155   -0.122    1.812    1.812    1.000
     8    4.062    4.062   15.089  -13.155   -0.122    1.812    1.812    1.000
     9    7.784    7.784   17.225   -5.174   -5.470    6.581    6.581    1.000
    10    7.784    7.784   17.225   -5.174   -5.470    6.581    6.581    1.000
    11   10.723   10.723   20.584   -4.854   -6.111    9.619    9.619    1.000
    12   10.723   10.723   20.584   -4.854   -6.111    9.619    9.619    1.000
    13   12.018   12.018   22.879   -5.127   -6.588   11.165   11.165    1.000
    14   12.018   12.018   22.879   -5.127   -6.588   11.165   11.165    1.000
    15   12.191   12.191   22.582   -4.744   -6.553   11.285   11.285    1.000
    16   12.191   12.191   22.582   -4.744   -6.553   11.285   11.285    1.000
 
================================================================================
 09:41:25   Dealing with k =  0.750000  0.500000  0.250000               58 / 64
================================================================================

 Reading kih.dat
 Number of q-points in the irreducible BZ(k) (nrq): 64

 Using GPU support via OpenACC/OMP-Target implementation
 Band block size in MTXEL:    15
 
 Started calculating Sigma with 1024 block(s) at 09:41:25.
 [ 09:41:25 |   0% ] block    1 / 1024.
 [ 09:41:25 |   0% ] block    3 / 1024, remaining: 27 s.
 [ 09:41:26 |  10% ] block  103 / 1024, remaining: 8 s.
 [ 09:41:26 |  20% ] block  205 / 1024, remaining: 6 s.
 [ 09:41:27 |  30% ] block  308 / 1024, remaining: 5 s.
 [ 09:41:28 |  40% ] block  410 / 1024, remaining: 4 s.
 [ 09:41:28 |  50% ] block  513 / 1024, remaining: 3 s.
 [ 09:41:29 |  60% ] block  615 / 1024, remaining: 3 s.
 [ 09:41:29 |  70% ] block  717 / 1024, remaining: 2 s.
 [ 09:41:30 |  80% ] block  820 / 1024, remaining: 1 s.
 [ 09:41:31 |  90% ] block  922 / 1024, remaining: 1 s.
 Finished calculating Sigma at 09:41:31.
 Elapsed time: 6 s.
 
 Unsymmetrized values for ik =  58 spin = 1
 
     n      Emf       Eo      KIH        X     SX-X       CH      Cor      Sig
     1   -1.388   -1.388   10.005  -16.049   11.680   -9.678    2.002  -14.047
     2   -1.388   -1.388   10.005  -16.049   11.680   -9.678    2.002  -14.047
     3   -1.382   -1.382   10.010  -16.047   11.679   -9.678    2.000  -14.046
     4   -1.382   -1.382   10.010  -16.047   11.679   -9.678    2.000  -14.046
     5    2.402    2.402   12.611  -12.840    9.252   -8.957    0.295  -12.545
     6    2.402    2.402   12.611  -12.840    9.252   -8.957    0.295  -12.545
     7    2.415    2.415   12.620  -12.829    9.243   -8.955    0.288  -12.540
     8    2.415    2.415   12.620  -12.829    9.243   -8.955    0.288  -12.540
     9   10.549   10.549   20.334   -5.034    2.743   -8.697   -5.955  -10.988
    10   10.549   10.549   20.334   -5.034    2.743   -8.697   -5.955  -10.988
    11   10.549   10.549   20.333   -5.032    2.742   -8.697   -5.955  -10.988
    12   10.549   10.549   20.333   -5.032    2.742   -8.697   -5.955  -10.988
    13   11.258   11.258   21.683   -4.789    2.615   -9.108   -6.493  -11.282
    14   11.258   11.258   21.683   -4.789    2.615   -9.108   -6.493  -11.282
    15   11.274   11.274   21.691   -4.780    2.608   -9.103   -6.495  -11.275
    16   11.274   11.274   21.691   -4.780    2.608   -9.103   -6.495  -11.275

 Symmetrized values from band-averaging:

       k =  0.750000  0.500000  0.250000 ik =  58 spin = 1

     n      Emf       Eo      KIH        X      Cor     Eqp0     Eqp1      Znk
     1   -1.388   -1.388   10.005  -16.049    2.002   -4.042   -4.042    1.000
     2   -1.388   -1.388   10.005  -16.049    2.002   -4.042   -4.042    1.000
     3   -1.382   -1.382   10.010  -16.047    2.000   -4.036   -4.036    1.000
     4   -1.382   -1.382   10.010  -16.047    2.000   -4.036   -4.036    1.000
     5    2.402    2.402   12.611  -12.840    0.295    0.065    0.065    1.000
     6    2.402    2.402   12.611  -12.840    0.295    0.065    0.065    1.000
     7    2.415    2.415   12.620  -12.829    0.288    0.079    0.079    1.000
     8    2.415    2.415   12.620  -12.829    0.288    0.079    0.079    1.000
     9   10.549   10.549   20.334   -5.034   -5.955    9.345    9.345    1.000
    10   10.549   10.549   20.334   -5.034   -5.955    9.345    9.345    1.000
    11   10.549   10.549   20.333   -5.032   -5.955    9.345    9.345    1.000
    12   10.549   10.549   20.333   -5.032   -5.955    9.345    9.345    1.000
    13   11.258   11.258   21.683   -4.789   -6.493   10.401   10.401    1.000
    14   11.258   11.258   21.683   -4.789   -6.493   10.401   10.401    1.000
    15   11.274   11.274   21.691   -4.780   -6.495   10.416   10.416    1.000
    16   11.274   11.274   21.691   -4.780   -6.495   10.416   10.416    1.000
 
================================================================================
 09:41:31   Dealing with k =  0.750000  0.500000  0.500000               59 / 64
================================================================================

 Reading kih.dat
 Number of q-points in the irreducible BZ(k) (nrq): 64

 Using GPU support via OpenACC/OMP-Target implementation
 Band block size in MTXEL:    15
 
 Started calculating Sigma with 1024 block(s) at 09:41:32.
 [ 09:41:32 |   0% ] block    1 / 1024.
 [ 09:41:32 |   0% ] block    3 / 1024, remaining: 18 s.
 [ 09:41:32 |  10% ] block  103 / 1024, remaining: 7 s.
 [ 09:41:33 |  20% ] block  205 / 1024, remaining: 6 s.
 [ 09:41:34 |  30% ] block  308 / 1024, remaining: 5 s.
 [ 09:41:34 |  40% ] block  410 / 1024, remaining: 4 s.
 [ 09:41:35 |  50% ] block  513 / 1024, remaining: 3 s.
 [ 09:41:35 |  60% ] block  615 / 1024, remaining: 3 s.
 [ 09:41:36 |  70% ] block  717 / 1024, remaining: 2 s.
 [ 09:41:37 |  80% ] block  820 / 1024, remaining: 1 s.
 [ 09:41:37 |  90% ] block  922 / 1024, remaining: 1 s.
 Finished calculating Sigma at 09:41:38.
 Elapsed time: 6 s.
 
 Unsymmetrized values for ik =  59 spin = 1
 
     n      Emf       Eo      KIH        X     SX-X       CH      Cor      Sig
     1   -2.977   -2.977    8.199  -16.612   12.179   -9.549    2.630  -13.982
     2   -2.977   -2.977    8.199  -16.612   12.179   -9.549    2.630  -13.982
     3   -0.116   -0.116   11.030  -15.160   10.985   -9.526    1.459  -13.701
     4   -0.116   -0.116   11.030  -15.160   10.985   -9.526    1.459  -13.701
     5    2.730    2.730   13.219  -12.927    9.274   -9.127    0.148  -12.779
     6    2.730    2.730   13.219  -12.927    9.274   -9.127    0.148  -12.779
     7    4.062    4.062   15.089  -13.157    9.329   -9.449   -0.119  -13.276
     8    4.062    4.062   15.089  -13.157    9.329   -9.449   -0.119  -13.276
     9    7.784    7.784   17.225   -5.176    3.035   -8.504   -5.470  -10.646
    10    7.784    7.784   17.225   -5.176    3.035   -8.504   -5.470  -10.646
    11   10.723   10.723   20.584   -4.858    2.647   -8.749   -6.102  -10.959
    12   10.723   10.723   20.584   -4.858    2.647   -8.749   -6.102  -10.959
    13   12.018   12.018   22.879   -5.122    2.766   -9.362   -6.596  -11.717
    14   12.018   12.018   22.879   -5.122    2.766   -9.362   -6.596  -11.717
    15   12.191   12.191   22.582   -4.740    2.528   -9.086   -6.558  -11.298
    16   12.191   12.191   22.582   -4.740    2.528   -9.086   -6.558  -11.298

 Symmetrized values from band-averaging:

       k =  0.750000  0.500000  0.500000 ik =  59 spin = 1

     n      Emf       Eo      KIH        X      Cor     Eqp0     Eqp1      Znk
     1   -2.977   -2.977    8.199  -16.612    2.630   -5.783   -5.783    1.000
     2   -2.977   -2.977    8.199  -16.612    2.630   -5.783   -5.783    1.000
     3   -0.116   -0.116   11.030  -15.160    1.459   -2.672   -2.672    1.000
     4   -0.116   -0.116   11.030  -15.160    1.459   -2.672   -2.672    1.000
     5    2.730    2.730   13.219  -12.927    0.148    0.439    0.439    1.000
     6    2.730    2.730   13.219  -12.927    0.148    0.439    0.439    1.000
     7    4.062    4.062   15.089  -13.157   -0.119    1.813    1.813    1.000
     8    4.062    4.062   15.089  -13.157   -0.119    1.813    1.813    1.000
     9    7.784    7.784   17.225   -5.176   -5.470    6.580    6.580    1.000
    10    7.784    7.784   17.225   -5.176   -5.470    6.580    6.580    1.000
    11   10.723   10.723   20.584   -4.858   -6.102    9.624    9.624    1.000
    12   10.723   10.723   20.584   -4.858   -6.102    9.624    9.624    1.000
    13   12.018   12.018   22.879   -5.122   -6.596   11.162   11.162    1.000
    14   12.018   12.018   22.879   -5.122   -6.596   11.162   11.162    1.000
    15   12.191   12.191   22.582   -4.740   -6.558   11.284   11.284    1.000
    16   12.191   12.191   22.582   -4.740   -6.558   11.284   11.284    1.000
 
================================================================================
 09:41:38   Dealing with k =  0.750000  0.500000  0.750000               60 / 64
================================================================================

 Reading kih.dat
 Number of q-points in the irreducible BZ(k) (nrq): 64

 Using GPU support via OpenACC/OMP-Target implementation
 Band block size in MTXEL:    15
 
 Started calculating Sigma with 1024 block(s) at 09:41:38.
 [ 09:41:38 |   0% ] block    1 / 1024.
 [ 09:41:38 |   0% ] block    3 / 1024, remaining: 19 s.
 [ 09:41:39 |  10% ] block  103 / 1024, remaining: 7 s.
 [ 09:41:40 |  20% ] block  205 / 1024, remaining: 6 s.
 [ 09:41:40 |  30% ] block  308 / 1024, remaining: 5 s.
 [ 09:41:41 |  40% ] block  410 / 1024, remaining: 4 s.
 [ 09:41:42 |  50% ] block  513 / 1024, remaining: 3 s.
 [ 09:41:42 |  60% ] block  615 / 1024, remaining: 3 s.
 [ 09:41:43 |  70% ] block  717 / 1024, remaining: 2 s.
 [ 09:41:43 |  80% ] block  820 / 1024, remaining: 1 s.
 [ 09:41:44 |  90% ] block  922 / 1024, remaining: 1 s.
 Finished calculating Sigma at 09:41:45.
 Elapsed time: 6 s.
 
 Unsymmetrized values for ik =  60 spin = 1
 
     n      Emf       Eo      KIH        X     SX-X       CH      Cor      Sig
     1   -3.652   -3.652    7.411  -16.823   12.363   -9.481    2.882  -13.942
     2   -3.652   -3.652    7.411  -16.823   12.363   -9.481    2.882  -13.942
     3    0.788    0.788   12.089  -14.838   10.692   -9.619    1.074  -13.765
     4    0.788    0.788   12.089  -14.838   10.692   -9.619    1.074  -13.765
     5    2.510    2.510   12.809  -12.858    9.253   -9.012    0.241  -12.617
     6    2.510    2.510   12.809  -12.858    9.253   -9.012    0.241  -12.617
     7    4.943    4.943   16.245  -12.996    9.125   -9.611   -0.487  -13.482
     8    4.943    4.943   16.245  -12.996    9.125   -9.611   -0.487  -13.482
     9    8.713    8.713   18.578   -5.199    3.016   -8.764   -5.749  -10.947
    10    8.713    8.713   18.578   -5.199    3.016   -8.764   -5.749  -10.947
    11   11.050   11.050   21.480   -4.933    2.738   -9.128   -6.391  -11.324
    12   11.050   11.050   21.480   -4.933    2.738   -9.128   -6.391  -11.324
    13   11.420   11.420   21.977   -5.481    2.963   -9.153   -6.190  -11.671
    14   11.420   11.420   21.977   -5.481    2.963   -9.153   -6.190  -11.671
    15   12.412   12.412   22.724   -4.414    2.343   -9.042   -6.699  -11.113
    16   12.412   12.412   22.724   -4.414    2.343   -9.042   -6.699  -11.113

 Symmetrized values from band-averaging:

       k =  0.750000  0.500000  0.750000 ik =  60 spin = 1

     n      Emf       Eo      KIH        X      Cor     Eqp0     Eqp1      Znk
     1   -3.652   -3.652    7.411  -16.823    2.882   -6.530   -6.530    1.000
     2   -3.652   -3.652    7.411  -16.823    2.882   -6.530   -6.530    1.000
     3    0.788    0.788   12.089  -14.838    1.074   -1.676   -1.676    1.000
     4    0.788    0.788   12.089  -14.838    1.074   -1.676   -1.676    1.000
     5    2.510    2.510   12.809  -12.858    0.241    0.192    0.192    1.000
     6    2.510    2.510   12.809  -12.858    0.241    0.192    0.192    1.000
     7    4.943    4.943   16.245  -12.996   -0.487    2.763    2.763    1.000
     8    4.943    4.943   16.245  -12.996   -0.487    2.763    2.763    1.000
     9    8.713    8.713   18.578   -5.199   -5.749    7.631    7.631    1.000
    10    8.713    8.713   18.578   -5.199   -5.749    7.631    7.631    1.000
    11   11.050   11.050   21.480   -4.933   -6.391   10.157   10.157    1.000
    12   11.050   11.050   21.480   -4.933   -6.391   10.157   10.157    1.000
    13   11.420   11.420   21.977   -5.481   -6.190   10.306   10.306    1.000
    14   11.420   11.420   21.977   -5.481   -6.190   10.306   10.306    1.000
    15   12.412   12.412   22.724   -4.414   -6.699   11.611   11.611    1.000
    16   12.412   12.412   22.724   -4.414   -6.699   11.611   11.611    1.000
 
================================================================================
 09:41:45   Dealing with k =  0.750000  0.750000 -0.000000               61 / 64
================================================================================

 Reading kih.dat
 Number of q-points in the irreducible BZ(k) (nrq): 64
srun: error: nid001053: task 1: Killed
srun: Terminating StepId=52001895.5
[2026-04-24T16:41:47.749] error: *** STEP 52001895.5 ON nid001053 CANCELLED AT 2026-04-24T16:41:47 DUE TO TASK FAILURE ***
srun: error: nid001053: tasks 0,2-3: Killed
srun: Force Terminated StepId=52001895.5
