{
  "log_path": "/pscratch/sd/j/jackm/lorrax_sandbox/runs/MoS2/02_mos2_3x3_nosym/B_sternheimer_smoke/probe_dft/compile.log",
  "xla": {
    "convert_element_type": [
      0.346248627,
      0.035815001,
      0.028056622,
      0.02943778,
      0.029388905,
      0.071419477,
      0.041312933
    ],
    "broadcast_in_dim": [
      0.187508583,
      0.030964613,
      0.030914068
    ],
    "_moveaxis": [
      0.033367157,
      0.004015923
    ],
    "fft": [
      0.031805992,
      0.030732393
    ],
    "_reduce_prod": [
      0.066336393
    ],
    "sqrt": [
      0.132499933,
      0.061954975
    ],
    "multiply": [
      0.063676834,
      0.059153795,
      0.055907011,
      0.0596838,
      0.072082281,
      0.055994749,
      0.057608843,
      0.058328867,
      0.055929661,
      0.054491997,
      0.056023121
    ],
    "abs": [
      0.08483243
    ],
    "integer_pow": [
      0.057137728,
      0.056921959
    ],
    "_reduce_sum": [
      0.075286865,
      0.082964897,
      0.057980299
    ],
    "add": [
      0.060629368,
      0.056275606
    ],
    "species_structure_factors": [
      0.176533222
    ],
    "accumulate_species_on_G": [
      0.136715174
    ],
    "reshape": [
      0.033119678
    ],
    "real": [
      0.055948496
    ],
    "equal": [
      0.055042744
    ],
    "_where": [
      0.055875063
    ],
    "negative": [
      0.055584431,
      0.055694342
    ],
    "true_divide": [
      0.07217145
    ],
    "exp": [
      0.059239149
    ],
    "cos": [
      0.079538822
    ],
    "subtract": [
      0.069125891
    ],
    "_squeeze": [
      0.033771515
    ],
    "scatter": [
      0.068930626
    ],
    "compute_V_H_and_V_xc": [
      0.736181736
    ]
  },
  "mlir": {
    "convert_element_type": [
      0.132803679,
      0.002280474,
      0.001791954,
      0.001992464,
      0.001611233,
      0.001737356,
      0.002770901
    ],
    "broadcast_in_dim": [
      0.002130032,
      0.001793146,
      0.001741886
    ],
    "_moveaxis": [
      0.002080441,
      0.001810312
    ],
    "fft": [
      0.00280118,
      0.001809835
    ],
    "_reduce_prod": [
      0.004645348
    ],
    "sqrt": [
      0.00206995,
      0.001995325
    ],
    "multiply": [
      0.002054214,
      0.002098083,
      0.002080441,
      0.002156734,
      0.001884699,
      0.002091885,
      0.002065659,
      0.002062321,
      0.00202179,
      0.002036572,
      0.002077341
    ],
    "abs": [
      0.001579285
    ],
    "integer_pow": [
      0.002029419,
      0.001958847
    ],
    "_reduce_sum": [
      0.002289057,
      0.002019405,
      0.002045631
    ],
    "add": [
      0.002193689,
      0.002423525
    ],
    "species_structure_factors": [
      0.010634422
    ],
    "accumulate_species_on_G": [
      0.012829542
    ],
    "reshape": [
      0.002066135
    ],
    "real": [
      0.001795053
    ],
    "equal": [
      0.002131462
    ],
    "_where": [
      0.002099037
    ],
    "negative": [
      0.001962185,
      0.002074003
    ],
    "true_divide": [
      0.002046824
    ],
    "exp": [
      0.001967907
    ],
    "cos": [
      0.001999617
    ],
    "subtract": [
      0.031055689
    ],
    "_squeeze": [
      0.001991272
    ],
    "scatter": [
      0.002258539
    ],
    "compute_V_H_and_V_xc": [
      0.066506386
    ]
  },
  "trace": {
    "convert_element_type": [
      0.00026536,
      0.000233173,
      0.000191927,
      0.00021863,
      0.000164509,
      0.000168085,
      0.000339031
    ],
    "broadcast_in_dim": [
      0.00031352,
      0.000210524,
      0.000280857
    ],
    "_moveaxis": [
      0.000188589,
      0.000149965
    ],
    "fft": [
      0.000247955,
      0.000234127,
      0.000251293
    ],
    "_reduce_prod": [
      0.000800848
    ],
    "sqrt": [
      0.000273705,
      0.000291824,
      0.00020647
    ],
    "multiply": [
      0.000470161,
      0.000309229,
      0.000606298,
      0.000357151,
      0.000519991,
      0.000375509,
      0.000187635,
      0.000246286,
      0.000400305,
      0.000475883,
      0.000468016,
      0.000475168,
      0.000365257,
      0.000349283,
      0.000291109,
      0.000285149,
      0.000276804,
      0.000269651,
      0.000219107,
      0.00020504,
      0.000303984,
      0.000210047,
      0.000212193,
      0.000209808,
      0.000266314,
      0.000214577,
      0.000223637,
      0.000217915,
      0.000247002,
      0.000298023,
      0.000181198,
      0.000179768,
      0.000179052,
      0.000179052,
      0.000187874,
      0.000179529,
      0.000290632,
      0.000436544,
      0.000212431,
      0.000272036
    ],
    "absolute": [
      0.000232697
    ],
    "abs": [
      0.000591993
    ],
    "integer_pow": [
      0.000194073,
      0.000187159
    ],
    "_reduce_sum": [
      0.000521183,
      0.000645638,
      0.00044775
    ],
    "add": [
      0.000339985,
      0.000269175,
      0.000218868,
      0.000226259,
      0.000501871,
      0.000278234,
      0.000371456,
      0.000219107,
      0.000219345,
      0.000273466,
      0.00020504,
      0.000188351,
      0.00020504,
      0.000337839,
      0.000239134
    ],
    "less": [
      0.000417948,
      0.000362396,
      0.000339985,
      0.000291586
    ],
    "matmul": [
      0.003508568
    ],
    "exp": [
      0.00016284,
      0.000252962,
      0.000141144
    ],
    "species_structure_factors": [
      0.010495663
    ],
    "subtract": [
      0.000515461,
      0.000496626,
      0.000509739,
      0.000223398,
      0.000217915,
      0.000241995
    ],
    "true_divide": [
      0.000459671,
      0.000375509,
      0.000300407,
      0.000211716,
      0.000207663,
      0.000231266,
      0.000223637,
      0.000187874,
      0.000258923,
      0.000234127
    ],
    "floor": [
      0.000187159
    ],
    "maximum": [
      0.000351667,
      0.000285149,
      0.000285864
    ],
    "minimum": [
      0.000326872,
      0.000280142
    ],
    "clip": [
      0.001820564,
      0.001765966
    ],
    "_broadcast_arrays": [
      0.00019002,
      0.000350714,
      0.000249863,
      0.000191212,
      0.00020051
    ],
    "_where": [
      0.000629425,
      0.001279116,
      0.000958443,
      0.000614166,
      0.000642538
    ],
    "_take": [
      0.003341198
    ],
    "greater_equal": [
      0.000560522
    ],
    "less_equal": [
      0.000546932
    ],
    "bitwise_and": [
      0.000311613,
      0.000252247,
      0.000184298,
      0.000188112
    ],
    "interp_uniform_jax": [
      0.018868446
    ],
    "accumulate_species_on_G": [
      0.021125078
    ],
    "reshape": [
      0.000208855
    ],
    "real": [
      0.000223637,
      7.9155e-05
    ],
    "equal": [
      0.000375032,
      0.000231743,
      0.000225306,
      0.000225067
    ],
    "negative": [
      0.000218391,
      0.000226974,
      0.000123739,
      0.000132084
    ],
    "cos": [
      0.000246048,
      0.000144958
    ],
    "_squeeze": [
      0.000124931,
      8.44e-05,
      8.297e-05
    ],
    "scatter": [
      0.000242949
    ],
    "_power": [
      0.000268698
    ],
    "log": [
      0.000154018
    ],
    "greater": [
      0.000240088
    ],
    "compute_V_H_and_V_xc": [
      0.178901672
    ]
  },
  "cache_misses": [
    {
      "location": "/global/homes/j/jackm/software/lorrax_B/src/psp/scf_potential.py:147:12",
      "reason": "never seen function: convert_element_type id=139934403654848 defined at /opt/jax/jax/_src/dispatch.py:96"
    },
    {
      "location": "/global/homes/j/jackm/software/lorrax_B/src/psp/scf_potential.py:147:12",