# Generated by LORRAX unknown at 2026-07-21 01:38:45 UTC
  0.000000000  0.000000000  0.000000000     100
       1       1  -65.484467018  -90.749422474
       1       2  -65.484467018  -90.749180232
       1       3  -42.100571074  -51.128160929
       1       4  -42.100571074  -51.127652345
       1       5  -39.580048907  -50.433231863
       1       6  -39.580048907  -50.432877309
       1       7  -39.404856500  -44.597090141
       1       8  -39.404856500  -44.596912304
       1       9  -19.386942795  -21.334126751
       1      10  -19.386942795  -21.334125500
       1      11  -18.188235500  -21.098472859
       1      12  -18.188235500  -21.098527260
       1      13  -10.891408280  -17.254928513
       1      14  -10.891408280  -17.254945423
       1      15   -7.880918703   -9.383755181
       1      16   -7.880918703   -9.383751476
       1      17   -7.821580623   -9.339690877
       1      18   -7.821580623   -9.339664915
       1      19   -7.130428248   -3.931339952
       1      20   -7.130428248   -3.931410040
       1      21   -6.799255100  -12.807836080
       1      22   -6.799255100  -12.807765685
       1      23   -6.718284858  -12.672576813
       1      24   -6.718284858  -12.672600289
       1      25   -5.398968461   -6.067934536
       1      26   -5.398968461   -6.067648104
       1      27   -2.591354807    3.004771150
       1      28   -2.591354807    3.004805854
       1      29   -2.515375113    2.584223021
       1      30   -2.515375113    2.584188678
       1      31   -2.347811089   -5.506049062
       1      32   -2.347811089   -5.506031406
       1      33   -2.339587732   -5.223554562
       1      34   -2.339587732   -5.223536640
       1      35    1.083633196   -1.242534365
       1      36    1.083633196   -1.242531544
       1      37    3.734849865    4.186934545
       1      38    3.734849865    4.186959125
       1      39    3.946919000   17.858341104
       1      40    3.946919000   17.858351773
       1      41    4.785055122   26.006413164
       1      42    4.785055122   26.006412026
       1      43    5.503172052    4.390652643
       1      44    5.503172052    4.390652015
       1      45    5.579950066    4.393126619
       1      46    5.579950066    4.393128916
       1      47    7.479929784   13.425416787
       1      48    7.479929784   13.425421985
       1      49    7.497362935   13.342844048
       1      50    7.497362935   13.342862717
       1      51    7.654691784   18.103354984
       1      52    7.654691784   18.103339924
       1      53   10.761649208   12.192821743
       1      54   10.761649208   12.192819490
       1      55   10.776235974   12.229945659
       1      56   10.776235974   12.229944711
       1      57   10.850507044   14.498911804
       1      58   10.850507044   14.498925181
       1      59   11.100026503   13.915474871
       1      60   11.100026503   13.915474260
       1      61   11.106967549   14.038018595
       1      62   11.106967549   14.038014142
       1      63   11.233375487   91.797212988
       1      64   11.233375487   91.797237575
       1      65   14.035511446  164.641622678
       1      66   14.035511446  164.641651427
       1      67   14.277796832  111.414862568
       1      68   14.277796832  111.414857319
       1      69   14.661947245  103.319365270
       1      70   14.661947245  103.319352415
       1      71   16.071642721  212.102508014
       1      72   16.071642721  212.102485773
       1      73   18.061620554   21.528777978
       1      74   18.061620554   21.528779045
       1      75   18.238654235   21.298931350
       1      76   18.238654235   21.298912968
       1      77   20.596832559  110.977428831
       1      78   20.596832559  110.977440435
       1      79   20.823269636   20.697255484
       1      80   20.823269636   20.697272148
       1      81   20.838623102   20.596993632
       1      82   20.838623102   20.596992795
       1      83   21.148650506  199.040617466
       1      84   21.148650506  199.040615067
       1      85   21.801451426   92.633521514
       1      86   21.801451426   92.633516904
       1      87   22.264416348   34.308201372
       1      88   22.264416348   34.308209866
       1      89   22.311075289   34.434792725
       1      90   22.311075289   34.434783294
       1      91   22.988315852   68.244389534
       1      92   22.988315852   68.244415794
       1      93   23.435677727   42.875732325
       1      94   23.435677727   42.875728495
       1      95   23.447354607   42.870054952
       1      96   23.447354607   42.870053952
       1      97   24.078747747   32.191167533
       1      98   24.078747747   32.191165511
       1      99   24.087456174   98.383745242
       1     100   24.087456174   98.383768506
  0.000000000  0.166666667  0.000000000     100
       1       1  -65.465979595  -88.609512971
       1       2  -65.465979595  -88.608390699
       1       3  -42.126170772  -50.464769206
       1       4  -42.126170730  -50.443944594
       1       5  -39.593525639  -49.421024616
       1       6  -39.593525613  -49.411554767
       1       7  -39.464893506  -44.989833073
       1       8  -39.464893424  -44.960582549
       1       9  -18.989632684  -23.607798768
       1      10  -18.989632677  -23.607761925
       1      11  -18.014212873  -22.429526389
       1      12  -18.014212871  -22.429485552
       1      13  -10.482476696  -13.302172569
       1      14  -10.482476624  -13.302454231
       1      15   -8.606804429   -9.494801192
       1      16   -8.606804196   -9.494662367
       1      17   -8.256218114   -7.226572240
       1      18   -8.256218017   -7.226609054
       1      19   -7.436880538   -8.796384693
       1      20   -7.436880359   -8.796264084
       1      21   -7.317413940  -10.338489964
       1      22   -7.317413788  -10.338426305
       1      23   -6.409757166   -7.096313521
       1      24   -6.409757075   -7.096373005
       1      25   -5.682865229  -10.877047729
       1      26   -5.682865187  -10.877097019
       1      27   -3.039484302   -1.160110116
       1      28   -3.039482339   -1.160361687
       1      29   -2.737502329   -3.923732788
       1      30   -2.737499333   -3.924613176
       1      31   -2.697296316   -3.325421233
       1      32   -2.697295121   -3.326038499
       1      33   -1.968037915   -0.281613081
       1      34   -1.968037351   -0.281612020
       1      35    2.575037301    2.070394241
       1      36    2.575037549    2.070383510
       1      37    4.137793295    8.196784618
       1      38    4.137793317    8.196652726
       1      39    4.498560250   10.207189494
       1      40    4.498560262   10.207234196
       1      41    5.011368086   13.949942165
       1      42    5.011368808   13.950009397
       1      43    5.208689602   15.961279291
       1      44    5.208689672   15.961185050
       1      45    6.274230282   12.751816938
       1      46    6.274230341   12.751598113
       1      47    6.755121107    6.862737696
       1      48    6.755121641    6.862827479
       1      49    7.214025909   14.804476552
       1      50    7.214026164   14.805168426
       1      51    7.784806028   13.330465638
       1      52    7.784806030   13.330482561
       1      53    9.124082385   17.046325820
       1      54    9.124082398   17.046179571
       1      55    9.888660226   10.891375701
       1      56    9.888660452   10.890863283
       1      57   10.280456188   35.396431564
       1      58   10.280456501   35.395937693
       1      59   11.412538595   18.479253894
       1      60   11.412538642   18.479287452
       1      61   12.579023040  106.308257799
       1      62   12.579023179  106.308263593
       1      63   13.626950851   43.663192883
       1      64   13.626950864   43.663213616
       1      65   15.232395716  160.100713381
       1      66   15.232395772  160.100817339
       1      67   15.261278422  135.560986351
       1      68   15.261278542  135.561243460
       1      69   16.200358173  185.253449731
       1      70   16.200358290  185.253428602
       1      71   16.815709560   28.247239561
       1      72   16.815709599   28.246932483
       1      73   17.301583769   34.888856470
       1      74   17.301583988   34.888559077
       1      75   17.627891333   38.554608273
       1      76   17.627892701   38.554924042
       1      77   18.613617304   68.505178307
       1      78   18.613618630   68.509003714
       1      79   18.800906590   22.310726187
       1      80   18.800906623   22.307944459
       1      81   19.943884695   27.650471405
       1      82   19.943885032   27.650346707
       1      83   20.086112991   27.799882357
       1      84   20.086113079   27.799892879
       1      85   21.051087737   54.521743616
       1      86   21.051087841   54.521798729
       1      87   21.767447340  236.697489147
       1      88   21.767447352  236.697500895
       1      89   21.956551913   66.110102492
       1      90   21.956552494   66.110080235
       1      91   22.406962005  110.085613120
       1      92   22.406962615  110.085471605
       1      93   24.302512594   76.828670385
       1      94   24.302513047   76.828753011
       1      95   24.837758767   63.486141006
       1      96   24.837758832   63.485911823
       1      97   24.923414491   42.358060045
       1      98   24.923414618   42.357882223
       1      99   25.307741345   55.407319661
       1     100   25.307741374   55.407389048
  0.000000000  0.333333333  0.000000000     100
       1       1  -65.505203795  -85.420063348
       1       2  -65.505203795  -85.420766344
       1       3  -42.186763024  -49.520142265
       1       4  -42.186762979  -49.506941608
       1       5  -39.675142630  -46.575547320
       1       6  -39.675142600  -46.568979414
       1       7  -39.538430143  -46.726064626
       1       8  -39.538430113  -46.719828009
       1       9  -18.072900613  -24.348079379
       1      10  -18.072900609  -24.348052612
       1      11  -17.618195646  -23.126991209
       1      12  -17.618195643  -23.126937159
       1      13  -10.544596135  -12.283142830
       1      14  -10.544596081  -12.283199402
       1      15   -9.558853047  -11.515761366
       1      16   -9.558852990  -11.515705834
       1      17   -9.179238839  -10.393020954
       1      18   -9.179238777  -10.393130907
       1      19   -8.134604909   -9.756289873
       1      20   -8.134604786   -9.756281037
       1      21   -7.026313832   -7.387972195
       1      22   -7.026313823   -7.387977120
       1      23   -6.612780753   -8.535516254
       1      24   -6.612777669   -8.534956445
       1      25   -6.332732225   -8.911802821
       1      26   -6.332728813   -8.911253056
       1      27   -3.126290618   -4.039960370
       1      28   -3.126289082   -4.042495458
       1      29   -2.998805949   -1.739131716
       1      30   -2.998804058   -1.741489155
       1      31   -1.891624780   -0.249050205
       1      32   -1.891623988   -0.249055858
       1      33   -1.279018129   -0.426963288
       1      34   -1.279017286   -0.427199611
       1      35    2.651931124    4.002663467
       1      36    2.651931369    4.002643145
       1      37    2.909043211    4.545201826
       1      38    2.909043267    4.545142064
       1      39    3.282129057    6.780386572
       1      40    3.282129684    6.780348657
       1      41    5.167172640   13.509032117
       1      42    5.167172689   13.509216024
       1      43    5.582657104   12.004185602
       1      44    5.582657748   12.003923050
       1      45    7.149571102    8.355958231
       1      46    7.149571383    8.355979381
       1      47    7.620487763   18.775882511
       1      48    7.620487764   18.775907190
       1      49    7.714046141   13.387281607
       1      50    7.714046291   13.387104413
       1      51    9.159371518   13.874195997
       1      52    9.159371546   13.874216108
       1      53    9.701628342   34.006000162
       1      54    9.701628911   34.006210700
       1      55   10.083472123   14.300214276
       1      56   10.083472692   14.300320039
       1      57   10.160901154   18.996832181
       1      58   10.160901367   18.997000746
       1      59   12.372283233   16.699758297
       1      60   12.372283268   16.699745639
       1      61   13.551373675   36.794949793
       1      62   13.551373702   36.794976151
       1      63   13.877358627   58.048168161
       1      64   13.877358988   58.048270714
       1      65   14.834140776  126.466016696
       1      66   14.834140927  126.466240746
       1      67   15.592301124   94.840765918
       1      68   15.592301204   94.840759488
       1      69   16.262754654   21.470204691
       1      70   16.262754966   21.470206313
       1      71   17.047681299   32.841313203
       1      72   17.047681694   32.841427820
       1      73   17.205226971   87.451106283
       1      74   17.205226983   87.451130023
       1      75   17.670258985  271.839560801
       1      76   17.670259066  271.839406827
       1      77   19.471029494   81.232664985
       1      78   19.471029506   81.232708500
       1      79   19.564072676   58.331094488
       1      80   19.564072862   58.330950026
       1      81   19.767089376   33.497180621
       1      82   19.767089497   33.497152954
       1      83   20.779961825  136.071608402
       1      84   20.779961836  136.071486800
       1      85   21.104209765   35.807319908
       1      86   21.104211638   35.806738553
       1      87   21.222134802   69.076242204
       1      88   21.222137330   69.076018196
       1      89   22.748407112  103.938159536
       1      90   22.748408035  103.891206215
       1      91   22.758949663  166.834142065
       1      92   22.758951359  166.886277882
       1      93   22.917922717   50.537402435
       1      94   22.917925838   50.545599224
       1      95   22.949453293  114.996743787
       1      96   22.949453460  114.994245095
       1      97   24.063734341   83.848843372
       1      98   24.063735850   83.846763188
       1      99   24.084716971  114.271301604
       1     100   24.084717835  114.269326699
  0.000000000  0.500000000  0.000000000     100
       1       1  -65.500819219  -86.096483611
       1       2  -65.500819219  -86.097300311
       1       3  -42.217310190  -48.577400361
       1       4  -42.217310190  -48.576314526
       1       5  -39.734210890  -45.449404293
       1       6  -39.734210890  -45.448430839
       1       7  -39.546668002  -45.942250864
       1       8  -39.546668002  -45.941352945
       1       9  -17.504561173  -24.424226810
       1      10  -17.504561173  -24.424283102
       1      11  -17.384381930  -21.709430625
       1      12  -17.384381930  -21.709437968
       1      13  -11.087342648  -13.588271067
       1      14  -11.087342648  -13.588284884
       1      15  -10.190433305  -13.614080706
       1      16  -10.190433305  -13.614101157
       1      17   -9.410898390  -10.123334071
       1      18   -9.410898390  -10.123796426
       1      19   -8.452992724   -9.490166373
       1      20   -8.452992724   -9.490107035
       1      21   -7.297423504   -8.546230609
       1      22   -7.297423504   -8.545597358
       1      23   -6.243180733  -10.137600596
       1      24   -6.243180733  -10.137614761
       1      25   -5.976810295   -5.034280333
       1      26   -5.976810295   -5.035669324
       1      27   -3.055308921   -0.413816451
       1      28   -3.055308921   -0.413847869
       1      29   -2.541875443   -1.130039612
       1      30   -2.541875443   -1.130079446
       1      31   -1.458357667    1.971372464
       1      32   -1.458357667    1.971325378
       1      33   -1.066725780   -1.603079096
       1      34   -1.066725780   -1.603104321
       1      35    1.125877351    2.753408418
       1      36    1.125877351    2.753403578
       1      37    2.577522145    6.553041581
       1      38    2.577522145    6.553165557
       1      39    3.216075828    5.778770269
       1      40    3.216075828    5.778784875
       1      41    4.435329697    8.567968334
       1      42    4.435329697    8.567902973
       1      43    4.984520431    7.884834917
       1      44    4.984520431    7.885059443
       1      45    6.011774952    4.799900550
       1      46    6.011774952    4.799900880
       1      47    8.328523841   20.019612931
       1      48    8.328523841   20.019607958
       1      49    9.001866205   17.657986907
       1      50    9.001866205   17.658004279
       1      51   10.392903545   27.505751437
       1      52   10.392903545   27.505686025
       1      53   10.404015757   18.669203843
       1      54   10.404015757   18.669187081
       1      55   11.851112921   33.214390010
       1      56   11.851112921   33.214415854
       1      57   12.074723761   16.275302405
       1      58   12.074723761   16.275300196
       1      59   12.784646266   17.826189020
       1      60   12.784646266   17.826203987
       1      61   13.416472444   35.522744078
       1      62   13.416472444   35.522567643
       1      63   14.106289108   58.438721522
       1      64   14.106289108   58.438749468
       1      65   14.592479964   32.224100288
       1      66   14.592479964   32.224089895
       1      67   15.006387328   66.682008793
       1      68   15.006387328   66.682180513
       1      69   15.654728893   22.670065820
       1      70   15.654728893   22.670072551
       1      71   16.398696825   53.323262539
       1      72   16.398696825   53.323301517
       1      73   16.419681348   53.666444611
       1      74   16.419681348   53.666435639
       1      75   18.887446861  125.391808139
       1      76   18.887446861  125.391437935
       1      77   18.937881548   23.877443186
       1      78   18.937881548   23.877424545
       1      79   19.532494834  299.374224183
       1      80   19.532494834  299.374210631
       1      81   19.790939657   30.277440286
       1      82   19.790939657   30.277377355
       1      83   19.854082974  293.079053836
       1      84   19.854082974  293.078969690
       1      85   20.240131056   39.276667611
       1      86   20.240131056   39.276666994
       1      87   20.890365137  226.088798246
       1      88   20.890365137  226.088765387
       1      89   21.657673016  193.885719839
       1      90   21.657673016  193.885748266
       1      91   22.354607981   55.853722464
       1      92   22.354607981   55.853725516
       1      93   22.450991387   76.588823941
       1      94   22.450991387   76.588819593
       1      95   22.731816386  120.627110335
       1      96   22.731816386  120.627136009
       1      97   23.816697748  109.383080072
       1      98   23.816697748  109.383013322
       1      99   25.030295494   88.506208094
       1     100   25.030295494   88.506159338
  0.000000000  0.666666667  0.000000000     100
       1       1  -65.505203795  -85.420063348
       1       2  -65.505203795  -85.420766344
       1       3  -42.186763024  -49.520142265
       1       4  -42.186762979  -49.506941608
       1       5  -39.675142630  -46.575547320
       1       6  -39.675142600  -46.568979414
       1       7  -39.538430143  -46.726064626
       1       8  -39.538430113  -46.719828009
       1       9  -18.072900613  -24.348079379
       1      10  -18.072900609  -24.348052612
       1      11  -17.618195646  -23.126991209
       1      12  -17.618195643  -23.126937159
       1      13  -10.544596135  -12.283142830
       1      14  -10.544596081  -12.283199402
       1      15   -9.558853047  -11.515761366
       1      16   -9.558852990  -11.515705834
       1      17   -9.179238839  -10.393020954
       1      18   -9.179238777  -10.393130907
       1      19   -8.134604909   -9.756289873
       1      20   -8.134604786   -9.756281037
       1      21   -7.026313832   -7.387972195
       1      22   -7.026313823   -7.387977120
       1      23   -6.612780753   -8.535516254
       1      24   -6.612777669   -8.534956445
       1      25   -6.332732225   -8.911802821
       1      26   -6.332728813   -8.911253056
       1      27   -3.126290618   -4.039960370
       1      28   -3.126289082   -4.042495458
       1      29   -2.998805949   -1.739131716
       1      30   -2.998804058   -1.741489155
       1      31   -1.891624780   -0.249050205
       1      32   -1.891623988   -0.249055858
       1      33   -1.279018129   -0.426963288
       1      34   -1.279017286   -0.427199611
       1      35    2.651931124    4.002663467
       1      36    2.651931369    4.002643145
       1      37    2.909043211    4.545201826
       1      38    2.909043267    4.545142064
       1      39    3.282129057    6.780386572
       1      40    3.282129684    6.780348657
       1      41    5.167172640   13.509032117
       1      42    5.167172689   13.509216024
       1      43    5.582657104   12.004185602
       1      44    5.582657748   12.003923050
       1      45    7.149571102    8.355958231
       1      46    7.149571383    8.355979381
       1      47    7.620487763   18.775882511
       1      48    7.620487764   18.775907190
       1      49    7.714046141   13.387281607
       1      50    7.714046291   13.387104413
       1      51    9.159371518   13.874195997
       1      52    9.159371546   13.874216108
       1      53    9.701628342   34.006000162
       1      54    9.701628911   34.006210700
       1      55   10.083472123   14.300214276
       1      56   10.083472692   14.300320039
       1      57   10.160901154   18.996832181
       1      58   10.160901367   18.997000746
       1      59   12.372283233   16.699758297
       1      60   12.372283268   16.699745639
       1      61   13.551373675   36.794949793
       1      62   13.551373702   36.794976151
       1      63   13.877358627   58.048168161
       1      64   13.877358988   58.048270714
       1      65   14.834140776  126.466016696
       1      66   14.834140927  126.466240746
       1      67   15.592301124   94.840765918
       1      68   15.592301204   94.840759488
       1      69   16.262754654   21.470204691
       1      70   16.262754966   21.470206313
       1      71   17.047681299   32.841313203
       1      72   17.047681694   32.841427820
       1      73   17.205226971   87.451106283
       1      74   17.205226983   87.451130023
       1      75   17.670258985  271.839560801
       1      76   17.670259066  271.839406827
       1      77   19.471029494   81.232664985
       1      78   19.471029506   81.232708500
       1      79   19.564072676   58.331094488
       1      80   19.564072862   58.330950026
       1      81   19.767089376   33.497180621
       1      82   19.767089497   33.497152954
       1      83   20.779961825  136.071608402
       1      84   20.779961836  136.071486800
       1      85   21.104209765   35.807319908
       1      86   21.104211638   35.806738553
       1      87   21.222134802   69.076242204
       1      88   21.222137330   69.076018196
       1      89   22.748407112  103.938159536
       1      90   22.748408035  103.891206215
       1      91   22.758949663  166.834142065
       1      92   22.758951359  166.886277882
       1      93   22.917922717   50.537402435
       1      94   22.917925838   50.545599224
       1      95   22.949453293  114.996743787
       1      96   22.949453460  114.994245095
       1      97   24.063734341   83.848843372
       1      98   24.063735850   83.846763188
       1      99   24.084716971  114.271301604
       1     100   24.084717835  114.269326699
  0.000000000  0.833333333  0.000000000     100
       1       1  -65.465979595  -88.609512971
       1       2  -65.465979595  -88.608390699
       1       3  -42.126170772  -50.464769206
       1       4  -42.126170730  -50.443944594
       1       5  -39.593525639  -49.421024616
       1       6  -39.593525613  -49.411554767
       1       7  -39.464893506  -44.989833073
       1       8  -39.464893424  -44.960582549
       1       9  -18.989632684  -23.607798768
       1      10  -18.989632677  -23.607761925
       1      11  -18.014212873  -22.429526389
       1      12  -18.014212871  -22.429485552
       1      13  -10.482476696  -13.302172569
       1      14  -10.482476624  -13.302454231
       1      15   -8.606804429   -9.494801192
       1      16   -8.606804196   -9.494662367
       1      17   -8.256218114   -7.226572240
       1      18   -8.256218017   -7.226609054
       1      19   -7.436880538   -8.796384693
       1      20   -7.436880359   -8.796264084
       1      21   -7.317413940  -10.338489964
       1      22   -7.317413788  -10.338426305
       1      23   -6.409757166   -7.096313521
       1      24   -6.409757075   -7.096373005
       1      25   -5.682865229  -10.877047729
       1      26   -5.682865187  -10.877097019
       1      27   -3.039484302   -1.160110116
       1      28   -3.039482339   -1.160361687
       1      29   -2.737502329   -3.923732788
       1      30   -2.737499333   -3.924613176
       1      31   -2.697296316   -3.325421233
       1      32   -2.697295121   -3.326038499
       1      33   -1.968037915   -0.281613081
       1      34   -1.968037351   -0.281612020
       1      35    2.575037301    2.070394241
       1      36    2.575037549    2.070383510
       1      37    4.137793295    8.196784618
       1      38    4.137793317    8.196652726
       1      39    4.498560250   10.207189494
       1      40    4.498560262   10.207234196
       1      41    5.011368086   13.949942165
       1      42    5.011368808   13.950009397
       1      43    5.208689602   15.961279291
       1      44    5.208689672   15.961185050
       1      45    6.274230282   12.751816938
       1      46    6.274230341   12.751598113
       1      47    6.755121107    6.862737696
       1      48    6.755121641    6.862827479
       1      49    7.214025909   14.804476552
       1      50    7.214026164   14.805168426
       1      51    7.784806028   13.330465638
       1      52    7.784806030   13.330482561
       1      53    9.124082385   17.046325820
       1      54    9.124082398   17.046179571
       1      55    9.888660226   10.891375701
       1      56    9.888660452   10.890863283
       1      57   10.280456188   35.396431564
       1      58   10.280456501   35.395937693
       1      59   11.412538595   18.479253894
       1      60   11.412538642   18.479287452
       1      61   12.579023040  106.308257799
       1      62   12.579023179  106.308263593
       1      63   13.626950851   43.663192883
       1      64   13.626950864   43.663213616
       1      65   15.232395716  160.100713381
       1      66   15.232395772  160.100817339
       1      67   15.261278422  135.560986351
       1      68   15.261278542  135.561243460
       1      69   16.200358173  185.253449731
       1      70   16.200358290  185.253428602
       1      71   16.815709560   28.247239561
       1      72   16.815709599   28.246932483
       1      73   17.301583769   34.888856470
       1      74   17.301583988   34.888559077
       1      75   17.627891333   38.554608273
       1      76   17.627892701   38.554924042
       1      77   18.613617304   68.505178307
       1      78   18.613618630   68.509003714
       1      79   18.800906590   22.310726187
       1      80   18.800906623   22.307944459
       1      81   19.943884695   27.650471405
       1      82   19.943885032   27.650346707
       1      83   20.086112991   27.799882357
       1      84   20.086113079   27.799892879
       1      85   21.051087737   54.521743616
       1      86   21.051087841   54.521798729
       1      87   21.767447340  236.697489147
       1      88   21.767447352  236.697500895
       1      89   21.956551913   66.110102492
       1      90   21.956552494   66.110080235
       1      91   22.406962005  110.085613120
       1      92   22.406962615  110.085471605
       1      93   24.302512594   76.828670385
       1      94   24.302513047   76.828753011
       1      95   24.837758767   63.486141006
       1      96   24.837758832   63.485911823
       1      97   24.923414491   42.358060045
       1      98   24.923414618   42.357882223
       1      99   25.307741345   55.407319661
       1     100   25.307741374   55.407389048
  0.166666667  0.000000000  0.000000000     100
       1       1  -65.465979682  -88.602292611
       1       2  -65.465979682  -88.600671090
       1       3  -42.126170675  -50.474210284
       1       4  -42.126170673  -50.456172123
       1       5  -39.593525857  -49.410164870
       1       6  -39.593525856  -49.423114158
       1       7  -39.464892955  -44.975724689
       1       8  -39.464892954  -45.006225487
       1       9  -18.989633417  -23.603529132
       1      10  -18.989633367  -23.603449626
       1      11  -18.014213485  -22.425403016
       1      12  -18.014213480  -22.425329086
       1      13  -10.482477216  -13.303518808
       1      14  -10.482477174  -13.303845602
       1      15   -8.606809808   -9.493212179
       1      16   -8.606809638   -9.493011103
       1      17   -8.256219752   -7.217463061
       1      18   -8.256219555   -7.217479036
       1      19   -7.436873156   -8.797395913
       1      20   -7.436872986   -8.797351324
       1      21   -7.317408711  -10.345564747
       1      22   -7.317408656  -10.345701192
       1      23   -6.409759282   -7.096490521
       1      24   -6.409759264   -7.096506807
       1      25   -5.682866733  -10.874813614
       1      26   -5.682866656  -10.874977906
       1      27   -3.039488288   -1.163035286
       1      28   -3.039486540   -1.163192402
       1      29   -2.737498654   -3.920867872
       1      30   -2.737495895   -3.921115259
       1      31   -2.697294882   -3.322225083
       1      32   -2.697293754   -3.322302200
       1      33   -1.968034012   -0.292408016
       1      34   -1.968033642   -0.292376519
       1      35    2.575037673    2.073681758
       1      36    2.575038051    2.073724216
       1      37    4.137791616    8.200374559
       1      38    4.137791642    8.200467784
       1      39    4.498557148   10.215092955
       1      40    4.498557153   10.214738640
       1      41    5.011362468   13.950969249
       1      42    5.011363285   13.953234898
       1      43    5.208688709   15.948695832
       1      44    5.208688768   15.951852088
       1      45    6.274227824   12.729460004
       1      46    6.274227863   12.729025366
       1      47    6.755130638    6.870499396
       1      48    6.755131033    6.870505022
       1      49    7.214021645   14.793506605
       1      50    7.214021899   14.794004387
       1      51    7.784817077   13.318377724
       1      52    7.784817108   13.318039663
       1      53    9.124079809   17.053802162
       1      54    9.124079875   17.054084060
       1      55    9.888666613   10.891146961
       1      56    9.888667418   10.890662381
       1      57   10.280450774   35.394990107
       1      58   10.280451378   35.394508511
       1      59   11.412545330   18.474001453
       1      60   11.412545401   18.474266677
       1      61   12.579019596  106.312203556
       1      62   12.579019740  106.312210818
       1      63   13.626942959   43.664875333
       1      64   13.626942961   43.664895036
       1      65   15.232392446  160.102324074
       1      66   15.232392478  160.103292139
       1      67   15.261275488  135.553822205
       1      68   15.261275582  135.554972123
       1      69   16.200358583  185.248136987
       1      70   16.200358690  185.248220344
       1      71   16.815706575   28.261768080
       1      72   16.815706587   28.262162305
       1      73   17.301572764   34.902896673
       1      74   17.301573107   34.898937061
       1      75   17.627879432   38.548600463
       1      76   17.627881233   38.552222960
       1      77   18.613611057   68.484494663
       1      78   18.613613704   68.488567945
       1      79   18.800913256   22.299322408
       1      80   18.800914429   22.302316070
       1      81   19.943900257   27.656248867
       1      82   19.943900575   27.656885053
       1      83   20.086127036   27.796775024
       1      84   20.086127091   27.796855879
       1      85   21.051088471   54.519500440
       1      86   21.051088535   54.519364162
       1      87   21.767445912  236.699438772
       1      88   21.767445923  236.699440131
       1      89   21.956554249   66.100843131
       1      90   21.956554554   66.100481549
       1      91   22.406956963  110.081810608
       1      92   22.406957233  110.081561631
       1      93   24.302513342   76.831437020
       1      94   24.302513664   76.831447258
       1      95   24.837749197   63.493466545
       1      96   24.837749616   63.493481164
       1      97   24.923426585   42.343869566
       1      98   24.923426970   42.343628754
       1      99   25.307750076   55.411627730
       1     100   25.307750124   55.411362957
  0.166666667  0.166666667  0.000000000     100
       1       1  -65.453769976  -86.388326016
       1       2  -65.453768172  -86.524196401
       1       3  -42.170480311  -49.352992717
       1       4  -42.163240145  -49.680131796
       1       5  -39.636360970  -46.953036021
       1       6  -39.634236205  -47.335505631
       1       7  -39.534289535  -45.792654159
       1       8  -39.525879699  -45.833398705
       1       9  -18.334011870  -24.844011640
       1      10  -18.318232740  -24.859559417
       1      11  -17.722541223  -22.868614762
       1      12  -17.721170797  -22.882255264
       1      13  -10.245733165  -12.811774771
       1      14  -10.220715603  -12.722962218
       1      15   -9.056401985   -7.554625287
       1      16   -9.046123450   -7.463302870
       1      17   -9.017563045  -10.761694505
       1      18   -8.988056091  -10.632273097
       1      19   -8.542472127   -7.710244229
       1      20   -8.516202501   -7.651405368
       1      21   -7.289167037   -9.697315542
       1      22   -7.213017157   -9.685469464
       1      23   -6.417984120   -9.180343786
       1      24   -6.383175595   -9.206779960
       1      25   -6.168062157   -8.576169087
       1      26   -6.099047398   -8.491774024
       1      27   -3.445806095   -2.827721218
       1      28   -3.384024856   -2.574669229
       1      29   -2.847938901   -3.189553125
       1      30   -2.831985123   -2.946152543
       1      31   -2.645250183   -1.103804119
       1      32   -2.592542439   -0.961951690
       1      33   -1.170745267   -0.977984315
       1      34   -1.137568382   -0.838882816
       1      35    3.626562677    2.661105668
       1      36    3.659794870    2.651258681
       1      37    4.108830899    8.138619660
       1      38    4.114099601    8.109881485
       1      39    4.242551312   10.642694124
       1      40    4.333533334   11.069666114
       1      41    4.972515381    7.330660850
       1      42    4.977831356    7.615810713
       1      43    5.116616797   10.815893144
       1      44    5.119136203   10.942733771
       1      45    6.377212507   12.047820459
       1      46    6.460964283   12.234748113
       1      47    6.974873974   11.678367847
       1      48    7.009348662   11.146447713
       1      49    7.026512330   12.323130263
       1      50    7.073709239   12.903739370
       1      51    7.846982831   20.585855098
       1      52    7.849611039   20.611425376
       1      53    9.209829181   23.413575602
       1      54    9.248767594   22.307989571
       1      55    9.762884542   12.488117694
       1      56    9.769420477   12.567445193
       1      57   10.615506824   31.439111884
       1      58   10.660553953   33.363215392
       1      59   12.076223612   20.445751423
       1      60   12.097785846   20.615309445
       1      61   14.435831234  129.541060550
       1      62   14.441031461  133.564539814
       1      63   15.090699419   41.307016311
       1      64   15.093929457   43.626950344
       1      65   15.220715233   90.572171357
       1      66   15.223427870   90.267969783
       1      67   15.554057437   64.972196829
       1      68   15.554320686   64.891813677
       1      69   15.934149628   48.807890296
       1      70   15.970729602   48.365275067
       1      71   16.783726968   35.659717013
       1      72   16.785560221   35.299466077
       1      73   16.917461854  168.011344646
       1      74   16.921487017  171.755269575
       1      75   17.693819258  100.081271312
       1      76   17.743611327   92.663591901
       1      77   18.030555118  102.391543251
       1      78   18.035038616  102.330192684
       1      79   19.504256545   33.930366506
       1      80   19.513748805   30.790530408
       1      81   19.632748834   42.376826218
       1      82   19.640331165   44.908126569
       1      83   19.713692653   77.818849574
       1      84   19.760143731   78.248923848
       1      85   21.307640237   59.270525142
       1      86   21.392883067   62.151906002
       1      87   21.447619840   68.430597291
       1      88   21.468235703   69.283019241
       1      89   22.135016117  172.742486085
       1      90   22.137848526  172.522670783
       1      91   22.483381185   83.987229936
       1      92   22.486116532   83.075917197
       1      93   23.579826100   46.514556899
       1      94   23.587958755   46.273333950
       1      95   23.734389835   52.524940896
       1      96   23.740279394   52.328279387
       1      97   24.301626942  143.293468081
       1      98   24.324366358  148.343818685
       1      99   24.372066058   92.244654312
       1     100   24.374805017   89.955039840
  0.166666667  0.333333333  0.000000000     100
       1       1  -65.468366580  -86.661439948
       1       2  -65.468363547  -86.465314931
       1       3  -42.219224834  -49.466748728
       1       4  -42.204415739  -50.003246026
       1       5  -39.715678857  -45.589738795
       1       6  -39.696201828  -46.638398183
       1       7  -39.570621675  -47.822984836
       1       8  -39.568904111  -47.355180158
       1       9  -17.545459956  -24.315883754
       1      10  -17.506053459  -24.327343350
       1      11  -17.368641549  -21.467722751
       1      12  -17.365583593  -21.487701159
       1      13  -10.630580341  -13.292974595
       1      14  -10.619139564  -13.310333975
       1      15  -10.254302733  -13.403181322
       1      16  -10.244381300  -13.428898915
       1      17   -9.147466908  -10.611439059
       1      18   -9.142130478  -10.553621128
       1      19   -8.577064644  -10.415507608
       1      20   -8.560048786  -10.485408847
       1      21   -7.703409912  -10.597149459
       1      22   -7.638032503  -10.580037334
       1      23   -7.117239173   -9.487308302
       1      24   -7.105358490   -9.508130251
       1      25   -5.867650816   -5.547701432
       1      26   -5.764837565   -5.575999873
       1      27   -3.108350988   -3.790233989
       1      28   -3.088701129   -3.534334871
       1      29   -2.527641752   -2.110635602
       1      30   -2.424782114   -1.867406288
       1      31   -2.018800718    2.284405867
       1      32   -2.014005118    2.300740603
       1      33   -0.900229130    2.682575627
       1      34   -0.871166256    2.679937489
       1      35    1.945964426    3.963226207
       1      36    1.983580699    4.169913174
       1      37    3.821256267    6.183692618
       1      38    3.848381793    6.000400176
       1      39    3.878473877    6.117717218
       1      40    3.888887577    6.347081467
       1      41    4.941516561   10.363546363
       1      42    4.945464888   10.156315519
       1      43    5.062525377    9.514798092
       1      44    5.065570175    9.561712576
       1      45    5.970864875    8.909364168
       1      46    5.985593708    8.981520629
       1      47    7.712105488   12.680932410
       1      48    7.716251308   12.736732686
       1      49    8.225873348   14.152153971
       1      50    8.236319146   14.218637950
       1      51    9.059441654   14.580220508
       1      52    9.065211984   14.571338943
       1      53    9.639269892   15.694866341
       1      54    9.642216812   15.623979753
       1      55   10.407411979   30.905473213
       1      56   10.439781078   30.625412477
       1      57   11.974981068   30.613532697
       1      58   11.982257649   30.221797941
       1      59   13.134239593   40.616224007
       1      60   13.137576515   40.229045926
       1      61   13.174709014   28.663884850
       1      62   13.179376070   27.730610972
       1      63   14.314029328   43.234281907
       1      64   14.317385852   43.337728723
       1      65   14.782136865   40.177557641
       1      66   14.823547969   40.345698574
       1      67   15.868745782   76.628765433
       1      68   15.902543807   76.249826202
       1      69   16.231157482   40.564891103
       1      70   16.237852348   40.682850025
       1      71   16.957421491   42.215647417
       1      72   16.962775909   41.969917891
       1      73   17.403839383   60.717587003
       1      74   17.455887680   62.788650640
       1      75   17.926361640  133.219359317
       1      76   17.928258771  135.541549935
       1      77   18.305840629   92.830846415
       1      78   18.308607225   93.101090579
       1      79   19.025700091  137.713248431
       1      80   19.025795813  138.709952438
       1      81   19.939298030  155.129607861
       1      82   19.940025894  155.399618190
       1      83   19.999128511  113.221502075
       1      84   20.005188838  113.800683329
       1      85   21.135556492  213.431164810
       1      86   21.153864517  214.175117959
       1      87   21.528363048   80.090698176
       1      88   21.532886996   79.315704946
       1      89   22.096341073   80.849236043
       1      90   22.098265720   81.218195848
       1      91   22.640342764  144.665012669
       1      92   22.645729643  145.311947990
       1      93   22.798636445  189.770535419
       1      94   22.799414888  186.993622850
       1      95   23.679971875   99.298646021
       1      96   23.683932983   99.732893690
       1      97   23.952069597   77.593084460
       1      98   23.979219317   76.892630984
       1      99   24.160319691  139.886386499
       1     100   24.160687085  140.342901276
  0.166666667  0.500000000  0.000000000     100
       1       1  -65.468366368  -86.660689973
       1       2  -65.468363336  -86.463447748
       1       3  -42.219224966  -49.470918657
       1       4  -42.204415918  -50.011869543
       1       5  -39.715679021  -45.583582639
       1       6  -39.696202006  -46.638347756
       1       7  -39.570621857  -47.845814908
       1       8  -39.568904342  -47.376845423
       1       9  -17.545458730  -24.367827810
       1      10  -17.506052213  -24.382041984
       1      11  -17.368638476  -21.531900135
       1      12  -17.365580517  -21.558810746
       1      13  -10.630585238  -13.301359215
       1      14  -10.619144327  -13.318642727
       1      15  -10.254309599  -13.405910930
       1      16  -10.244388213  -13.431733277
       1      17   -9.147465167  -10.624750763
       1      18   -9.142128797  -10.566988784
       1      19   -8.577061677  -10.433350147
       1      20   -8.560045765  -10.504134634
       1      21   -7.703408167  -10.603514166
       1      22   -7.638030954  -10.585650611
       1      23   -7.117239482   -9.475746758
       1      24   -7.105358871   -9.496810712
       1      25   -5.867655595   -5.554608722
       1      26   -5.764842823   -5.583551943
       1      27   -3.108349694   -3.798009353
       1      28   -3.088701330   -3.536063553
       1      29   -2.527623962   -2.139155536
       1      30   -2.424766142   -1.892614838
       1      31   -2.018792088    2.272638857
       1      32   -2.013996552    2.289020532
       1      33   -0.900244670    2.734779968
       1      34   -0.871181831    2.730670339
       1      35    1.945958734    3.952503327
       1      36    1.983575558    4.150147204
       1      37    3.821248438    6.199921675
       1      38    3.848373740    6.015619361
       1      39    3.878465551    6.129848950
       1      40    3.888878156    6.363744131
       1      41    4.941530698   10.356235710
       1      42    4.945479697   10.161833677
       1      43    5.062530157    9.549721547
       1      44    5.065574854    9.587642752
       1      45    5.970855252    9.054726211
       1      46    5.985584560    9.111385565
       1      47    7.712103498   12.626549059
       1      48    7.716249224   12.689413688
       1      49    8.225857446   14.144444310
       1      50    8.236303015   14.217198392
       1      51    9.059445555   14.687718001
       1      52    9.065215659   14.676627212
       1      53    9.639264505   15.617784012
       1      54    9.642211592   15.554343309
       1      55   10.407413523   30.927054975
       1      56   10.439783296   30.641011340
       1      57   11.974969433   30.680477785
       1      58   11.982246016   30.282658813
       1      59   13.134243477   40.552253502
       1      60   13.137580629   40.163026374
       1      61   13.174719825   28.601875365
       1      62   13.179387649   27.663357083
       1      63   14.314041772   43.212210203
       1      64   14.317398270   43.316225979
       1      65   14.782154515   40.207710162
       1      66   14.823564374   40.370165041
       1      67   15.868750472   76.600566033
       1      68   15.902549209   76.222806569
       1      69   16.231173207   40.581189977
       1      70   16.237867857   40.698849474
       1      71   16.957432014   42.260994296
       1      72   16.962786541   42.015557038
       1      73   17.403842323   60.728200418
       1      74   17.455890260   62.805736163
       1      75   17.926375250  133.255111563
       1      76   17.928271683  135.574655083
       1      77   18.305844422   92.795234221
       1      78   18.308611002   93.072848323
       1      79   19.025699518  137.775372377
       1      80   19.025794897  138.775789593
       1      81   19.939293482  155.092380488
       1      82   19.940021314  155.361091907
       1      83   19.999146149  113.227387752
       1      84   20.005206501  113.808093409
       1      85   21.135550951  213.432172215
       1      86   21.153858794  214.179305539
       1      87   21.528329007   80.058719866
       1      88   21.532852927   79.275914291
       1      89   22.096327909   80.873513954
       1      90   22.098252934   81.237330654
       1      91   22.640335968  144.645826653
       1      92   22.645722820  145.305993915
       1      93   22.798622060  189.733233514
       1      94   22.799399541  186.956405369
       1      95   23.679958349   99.378079264
       1      96   23.683919104   99.819565913
       1      97   23.952063638   77.513597960
       1      98   23.979211751   76.811499711
       1      99   24.160332079  139.857118454
       1     100   24.160699643  140.318511993
  0.166666667  0.666666667  0.000000000     100
       1       1  -65.453769588  -86.387865778
       1       2  -65.453767784  -86.523370685
       1       3  -42.170480528  -49.360152457
       1       4  -42.163240451  -49.699666757
       1       5  -39.636360404  -46.953353380
       1       6  -39.634235664  -47.346154571
       1       7  -39.534290873  -45.807082856
       1       8  -39.525881131  -45.863319447
       1       9  -18.334010246  -24.840110721
       1      10  -18.318231096  -24.858237592
       1      11  -17.722536141  -23.046159415
       1      12  -17.721165710  -23.059859737
       1      13  -10.245734536  -12.858394643
       1      14  -10.220717289  -12.769117174
       1      15   -9.056407288   -7.585789608
       1      16   -9.046129217   -7.495042082
       1      17   -9.017569392  -10.768629917
       1      18   -8.988062058  -10.639512037
       1      19   -8.542473732   -7.725156714
       1      20   -8.516203849   -7.665510627
       1      21   -7.289162490   -9.689658624
       1      22   -7.213012961   -9.678025461
       1      23   -6.417985922   -9.160178725
       1      24   -6.383177493   -9.186861670
       1      25   -6.168057188   -8.570476300
       1      26   -6.099043121   -8.487000117
       1      27   -3.445812615   -2.808244763
       1      28   -3.384031116   -2.553138480
       1      29   -2.847928885   -3.209746328
       1      30   -2.831974625   -2.962039327
       1      31   -2.645256786   -1.103200758
       1      32   -2.592548728   -0.962069128
       1      33   -1.170746492   -0.947216831
       1      34   -1.137569042   -0.808471000
       1      35    3.626557632    2.635106455
       1      36    3.659790283    2.628242905
       1      37    4.108825304    8.152294644
       1      38    4.114094093    8.126325790
       1      39    4.242545570   10.596026906
       1      40    4.333528322   11.019869561
       1      41    4.972503005    7.359275197
       1      42    4.977818154    7.648555284
       1      43    5.116610828   10.745030243
       1      44    5.119130334   10.877455334
       1      45    6.377225528   12.050389521
       1      46    6.460976392   12.307629997
       1      47    6.974872449   11.799335909
       1      48    7.009343513   11.295876284
       1      49    7.026518021   12.406386956
       1      50    7.073719463   12.925077392
       1      51    7.846986164   20.631795925
       1      52    7.849614407   20.662235969
       1      53    9.209835598   23.433333168
       1      54    9.248773932   22.333614174
       1      55    9.762894759   12.527404889
       1      56    9.769430820   12.589982839
       1      57   10.615497296   31.563880779
       1      58   10.660545350   33.497587111
       1      59   12.076228180   20.488273929
       1      60   12.097790442   20.674754702
       1      61   14.435838294  129.548055459
       1      62   14.441038011  133.567890986
       1      63   15.090691693   41.310939852
       1      64   15.093920908   43.637387654
       1      65   15.220724992   90.572514799
       1      66   15.223437509   90.267362221
       1      67   15.554057812   64.996074504
       1      68   15.554320986   64.905431512
       1      69   15.934143449   48.750956625
       1      70   15.970723466   48.326175630
       1      71   16.783728643   35.626770517
       1      72   16.785561949   35.268269274
       1      73   16.917464227  168.015337151
       1      74   16.921489883  171.757818189
       1      75   17.693825468  100.153570432
       1      76   17.743617103   92.728275465
       1      77   18.030567464  102.312158005
       1      78   18.035051109  102.247537012
       1      79   19.504283147   33.983775605
       1      80   19.513776558   30.840687517
       1      81   19.632764489   42.358363762
       1      82   19.640344276   44.901118297
       1      83   19.713688633   77.781573137
       1      84   19.760134364   78.214155411
       1      85   21.307645946   59.138881579
       1      86   21.392890286   62.017116190
       1      87   21.447626751   68.420622699
       1      88   21.468243013   69.253925486
       1      89   22.135011067  172.634289782
       1      90   22.137843265  172.419376258
       1      91   22.483378413   83.942534460
       1      92   22.486113856   83.030235395
       1      93   23.579832844   46.531222080
       1      94   23.587965885   46.282479576
       1      95   23.734400321   52.404614127
       1      96   23.740289694   52.212457567
       1      97   24.301639656  143.289230766
       1      98   24.324379596  148.330912242
       1      99   24.372062314   92.200044267
       1     100   24.374800737   89.917409211
  0.166666667  0.833333333  0.000000000     100
       1       1  -65.465979527  -88.589704280
       1       2  -65.465979527  -88.590096240
       1       3  -42.126170799  -50.448179168
       1       4  -42.126170759  -50.449555831
       1       5  -39.593525267  -49.377389408
       1       6  -39.593525240  -49.380392851
       1       7  -39.464894048  -44.997344033
       1       8  -39.464893965  -45.003265241
       1       9  -18.989632811  -23.636413366
       1      10  -18.989632768  -23.636714859
       1      11  -18.014211285  -22.489451744
       1      12  -18.014211282  -22.489270100
       1      13  -10.482477430  -13.365167673
       1      14  -10.482477401  -13.365373770
       1      15   -8.606804696   -9.497221612
       1      16   -8.606804633   -9.497148568
       1      17   -8.256205000   -7.223411048
       1      18   -8.256204900   -7.223603860
       1      19   -7.436882538   -8.794002831
       1      20   -7.436882530   -8.793867933
       1      21   -7.317434944  -10.325674797
       1      22   -7.317434737  -10.325683326
       1      23   -6.409754485   -7.077934401
       1      24   -6.409754412   -7.077810104
       1      25   -5.682858165  -10.844088467
       1      26   -5.682858045  -10.844171755
       1      27   -3.039476395   -1.176782813
       1      28   -3.039476181   -1.177265763
       1      29   -2.737514092   -3.914330636
       1      30   -2.737513856   -3.915183566
       1      31   -2.697309650   -3.314215050
       1      32   -2.697309583   -3.314563002
       1      33   -1.968022083   -0.316189353
       1      34   -1.968021888   -0.316068606
       1      35    2.575039823    2.069349928
       1      36    2.575039953    2.069667035
       1      37    4.137786653    8.173824056
       1      38    4.137786657    8.173955829
       1      39    4.498559170   10.234800027
       1      40    4.498559178   10.235920790
       1      41    5.011375663   14.012563473
       1      42    5.011375758   14.015299602
       1      43    5.208688312   15.992354274
       1      44    5.208688324   15.990915301
       1      45    6.274245821   12.750548369
       1      46    6.274245840   12.749548838
       1      47    6.755119322    6.854497964
       1      48    6.755119461    6.855069033
       1      49    7.214025121   14.824142289
       1      50    7.214025123   14.825555567
       1      51    7.784789290   13.352139558
       1      52    7.784789322   13.351791783
       1      53    9.124073693   17.063366341
       1      54    9.124073746   17.067091011
       1      55    9.888652442   10.849746602
       1      56    9.888653021   10.849673788
       1      57   10.280468785   35.259964676
       1      58   10.280469076   35.261548196
       1      59   11.412547591   18.315870968
       1      60   11.412547615   18.316955561
       1      61   12.579027035  106.291717816
       1      62   12.579027040  106.291726307
       1      63   13.626960449   43.616628831
       1      64   13.626960461   43.616670348
       1      65   15.232398627  160.089691366
       1      66   15.232398651  160.089189835
       1      67   15.261285183  135.544849410
       1      68   15.261285210  135.544196284
       1      69   16.200348111  185.245343423
       1      70   16.200348122  185.245168929
       1      71   16.815712942   28.234741444
       1      72   16.815712993   28.236598456
       1      73   17.301589012   34.940688635
       1      74   17.301589135   34.940520346
       1      75   17.627894994   38.661367222
       1      76   17.627895427   38.659764081
       1      77   18.613624056   68.454710892
       1      78   18.613625377   68.453948708
       1      79   18.800892038   22.279192097
       1      80   18.800893244   22.280452689
       1      81   19.943875562   27.677135463
       1      82   19.943876217   27.677284067
       1      83   20.086100147   27.800329603
       1      84   20.086100180   27.799998641
       1      85   21.051086457   54.524834568
       1      86   21.051086497   54.525377818
       1      87   21.767448337  236.710200651
       1      88   21.767448338  236.710276214
       1      89   21.956562666   66.209595841
       1      90   21.956562943   66.209887181
       1      91   22.406965473  110.097867287
       1      92   22.406965813  110.098498473
       1      93   24.302514657   76.876550774
       1      94   24.302514787   76.875706158
       1      95   24.837782306   63.510483590
       1      96   24.837782792   63.509633482
       1      97   24.923395169   42.200423238
       1      98   24.923395681   42.199879810
       1      99   25.307746207   55.445760105
       1     100   25.307746283   55.445645117
  0.333333333  0.000000000  0.000000000     100
       1       1  -65.505203866  -85.418144248
       1       2  -65.505203866  -85.418454873
       1       3  -42.186762768  -49.541430951
       1       4  -42.186762763  -49.525368643
       1       5  -39.675142834  -46.552368920
       1       6  -39.675142832  -46.546610429
       1       7  -39.538429144  -46.756613516
       1       8  -39.538429143  -46.746796876
       1       9  -18.072903039  -24.341358830
       1      10  -18.072902980  -24.341314782
       1      11  -17.618197851  -23.132416208
       1      12  -17.618197844  -23.132262608
       1      13  -10.544596381  -12.278075614
       1      14  -10.544596286  -12.278066675
       1      15   -9.558853821  -11.511406664
       1      16   -9.558853753  -11.511389686
       1      17   -9.179243261  -10.395675132
       1      18   -9.179243232  -10.395833685
       1      19   -8.134596863   -9.761440443
       1      20   -8.134596741   -9.761507325
       1      21   -7.026315417   -7.388045733
       1      22   -7.026315409   -7.388055231
       1      23   -6.612773046   -8.536619356
       1      24   -6.612771194   -8.535627686
       1      25   -6.332733715   -8.917836539
       1      26   -6.332731676   -8.916888352
       1      27   -3.126286899   -4.037280485
       1      28   -3.126285987   -4.038509289
       1      29   -2.998806511   -1.737304174
       1      30   -2.998805316   -1.738658566
       1      31   -1.891623829   -0.242590092
       1      32   -1.891623304   -0.242524892
       1      33   -1.279014807   -0.431986195
       1      34   -1.279014258   -0.431951201
       1      35    2.651931222    3.994536611
       1      36    2.651931425    3.994440127
       1      37    2.909045578    4.546094383
       1      38    2.909045649    4.546503904
       1      39    3.282127589    6.782174238
       1      40    3.282128238    6.781757859
       1      41    5.167172424   13.501203871
       1      42    5.167172462   13.501011317
       1      43    5.582654396   12.001397929
       1      44    5.582655002   12.000736503
       1      45    7.149581436    8.351728168
       1      46    7.149581608    8.351354231
       1      47    7.620482321   18.784564680
       1      48    7.620482324   18.784398048
       1      49    7.714037748   13.389096282
       1      50    7.714038182   13.388793158
       1      51    9.159378983   13.861509966
       1      52    9.159378987   13.861469488
       1      53    9.701626526   34.008237028
       1      54    9.701626573   34.008364068
       1      55   10.083474954   14.300892142
       1      56   10.083475170   14.298811217
       1      57   10.160897919   18.993169892
       1      58   10.160898036   18.990994469
       1      59   12.372287144   16.732454051
       1      60   12.372287156   16.732317089
       1      61   13.551372923   36.806859071
       1      62   13.551372950   36.806977825
       1      63   13.877355903   58.055532487
       1      64   13.877356240   58.055810500
       1      65   14.834136256  126.460385814
       1      66   14.834136350  126.460567695
       1      67   15.592296732   94.822854917
       1      68   15.592296793   94.822841716
       1      69   16.262767917   21.464026210
       1      70   16.262768208   21.463577870
       1      71   17.047678931   32.842433935
       1      72   17.047679201   32.842698454
       1      73   17.205224188   87.449151272
       1      74   17.205224198   87.449324618
       1      75   17.670259399  271.842063030
       1      76   17.670259469  271.841993522
       1      77   19.471022890   81.234520092
       1      78   19.471023089   81.234742259
       1      79   19.564059151   58.331293467
       1      80   19.564059265   58.330966687
       1      81   19.767100725   33.506991995
       1      82   19.767100796   33.507004343
       1      83   20.779953873  136.073769618
       1      84   20.779953887  136.073754806
       1      85   21.104216288   35.814419352
       1      86   21.104216808   35.813983884
       1      87   21.222122081   69.063558008
       1      88   21.222123216   69.063485234
       1      89   22.748402406  103.970091946
       1      90   22.748403274  103.926737256
       1      91   22.758943779  166.783710628
       1      92   22.758945279  166.831833601
       1      93   22.917925159   50.536423384
       1      94   22.917928092   50.544992637
       1      95   22.949454373  115.009505337
       1      96   22.949454478  115.006425990
       1      97   24.063735483   83.852661249
       1      98   24.063736129   83.850122652
       1      99   24.084712276  114.295215881
       1     100   24.084712667  114.293298170
  0.333333333  0.166666667  0.000000000     100
       1       1  -65.468366689  -86.657367608
       1       2  -65.468363656  -86.460153346
       1       3  -42.219224668  -49.470155957
       1       4  -42.204415575  -50.014595568
       1       5  -39.715678846  -45.593501024
       1       6  -39.696201914  -46.636497822
       1       7  -39.570621182  -47.817944773
       1       8  -39.568903522  -47.366825396
       1       9  -17.545461689  -24.318179398
       1      10  -17.506055203  -24.330132529
       1      11  -17.368643223  -21.469007689
       1      12  -17.365585265  -21.488757329
       1      13  -10.630581076  -13.291630198
       1      14  -10.619140277  -13.309102706
       1      15  -10.254301738  -13.403865200
       1      16  -10.244380327  -13.429568228
       1      17   -9.147469283  -10.610706333
       1      18   -9.142132866  -10.552844413
       1      19   -8.577061976  -10.415043426
       1      20   -8.560046197  -10.484914144
       1      21   -7.703404923  -10.598369718
       1      22   -7.638027538  -10.581178075
       1      23   -7.117238941   -9.484802689
       1      24   -7.105358123   -9.505655972
       1      25   -5.867652473   -5.547054639
       1      26   -5.764839325   -5.575388249
       1      27   -3.108351221   -3.790018360
       1      28   -3.088701543   -3.532821080
       1      29   -2.527641198   -2.113660027
       1      30   -2.424781769   -1.869551711
       1      31   -2.018800087    2.284533195
       1      32   -2.014004569    2.300787302
       1      33   -0.900226914    2.679183223
       1      34   -0.871164047    2.676492576
       1      35    1.945958135    3.966241390
       1      36    1.983574400    4.172692592
       1      37    3.821262050    6.191352759
       1      38    3.848385950    6.001950378
       1      39    3.878478191    6.117906864
       1      40    3.888893260    6.355984635
       1      41    4.941524095   10.355522665
       1      42    4.945472253   10.143843452
       1      43    5.062527241    9.518488401
       1      44    5.065572161    9.570619658
       1      45    5.970866855    8.914173513
       1      46    5.985595484    8.987755133
       1      47    7.712100825   12.674833859
       1      48    7.716246583   12.730712477
       1      49    8.225860132   14.153194772
       1      50    8.236305944   14.217918540
       1      51    9.059438098   14.580774327
       1      52    9.065208249   14.571440097
       1      53    9.639270192   15.678515875
       1      54    9.642217313   15.605716831
       1      55   10.407411344   30.914733753
       1      56   10.439780432   30.634922251
       1      57   11.974981064   30.622328060
       1      58   11.982257657   30.231139747
       1      59   13.134238188   40.613820991
       1      60   13.137575271   40.225589332
       1      61   13.174711063   28.651622771
       1      62   13.179378155   27.717378204
       1      63   14.314031119   43.230638225
       1      64   14.317387615   43.333700488
       1      65   14.782139284   40.180084779
       1      66   14.823550460   40.347608871
       1      67   15.868745494   76.634328177
       1      68   15.902543484   76.255278181
       1      69   16.231161091   40.570998759
       1      70   16.237856033   40.688496803
       1      71   16.957425829   42.207434844
       1      72   16.962780176   41.961657263
       1      73   17.403845739   60.718700673
       1      74   17.455893750   62.790101441
       1      75   17.926363247  133.221015069
       1      76   17.928260075  135.542419702
       1      77   18.305843035   92.841573986
       1      78   18.308609600   93.111225580
       1      79   19.025699092  137.714236155
       1      80   19.025794888  138.711787591
       1      81   19.939298892  155.128598277
       1      82   19.940026786  155.399792556
       1      83   19.999127341  113.222453032
       1      84   20.005187620  113.800535584
       1      85   21.135548752  213.433631772
       1      86   21.153856705  214.177892789
       1      87   21.528349243   80.081479077
       1      88   21.532873135   79.306808880
       1      89   22.096332881   80.856512758
       1      90   22.098257473   81.225312080
       1      91   22.640335620  144.662002682
       1      92   22.645722551  145.309907561
       1      93   22.798630801  189.767692228
       1      94   22.799409241  186.990478236
       1      95   23.679967164   99.306861569
       1      96   23.683928291   99.740880752
       1      97   23.952065754   77.580925885
       1      98   23.979215551   76.880732980
       1      99   24.160319351  139.895098753
       1     100   24.160686683  140.352388446
  0.333333333  0.333333333  0.000000000     100
       1       1  -65.401753232  -90.529068814
       1       2  -65.401749094  -90.126714379
       1       3  -42.229734810  -51.033304058
       1       4  -42.207313108  -52.136493801
       1       5  -39.712518226  -43.437858268
       1       6  -39.665405234  -45.207217022
       1       7  -39.615869881  -52.986003580
       1       8  -39.600707828  -53.612946735
       1       9  -17.264210545  -24.944961404
       1      10  -17.213288676  -20.089469141
       1      11  -17.209745784  -20.095933675
       1      12  -17.200955503  -24.988570589
       1      13  -10.766230515  -15.057821838
       1      14  -10.757805370  -15.130973405
       1      15   -9.906111968  -14.561626072
       1      16   -9.870739461  -14.549073895
       1      17   -9.445776373  -11.872317113
       1      18   -9.385694983  -11.932285283
       1      19   -8.878069542   -8.446576230
       1      20   -8.854907927   -8.270677594
       1      21   -8.284119062   -9.771272148
       1      22   -8.234565690   -9.756384013
       1      23   -7.583150391  -13.318031805
       1      24   -7.561274110  -13.154493225
       1      25   -5.409090880   -2.656528161
       1      26   -5.275092823   -2.685441423
       1      27   -3.542934650   -6.936888757
       1      28   -3.539281196   -6.871222518
       1      29   -2.366516209    5.195502917
       1      30   -2.336866686    5.153338266
       1      31   -1.816692222   -2.127469177
       1      32   -1.687884614   -2.062965014
       1      33   -0.441932471    6.828658581
       1      34   -0.365452991    6.837804430
       1      35    2.027516857    3.812441457
       1      36    2.166008768    4.205969834
       1      37    2.546329127    7.910095589
       1      38    2.549616344    7.906214761
       1      39    4.795570522    9.408820584
       1      40    4.805630221    9.420752623
       1      41    5.763804509    7.713735955
       1      42    5.819486002    7.856057735
       1      43    6.369918835    4.568775160
       1      44    6.388269544    4.396331009
       1      45    7.152657463   13.253472629
       1      46    7.168996275   13.203471781
       1      47    7.275097520   12.642598837
       1      48    7.335305890   12.830256249
       1      49    7.705667157   19.339378751
       1      50    7.735533227   19.365917659
       1      51    7.753142252    9.091470087
       1      52    7.772106905    9.089747636
       1      53    9.011498321   12.619279869
       1      54    9.011504100   12.597886361
       1      55   10.574250771   21.644228196
       1      56   10.635186288   21.832844761
       1      57   11.716411868   29.579007961
       1      58   11.720744490   29.546777125
       1      59   12.955239129   41.097843519
       1      60   12.958488642   40.278139273
       1      61   13.252670979   25.637270538
       1      62   13.342426943   40.025392651
       1      63   13.364059125   35.296250070
       1      64   13.476003109   20.386005559
       1      65   14.107594893   36.756810846
       1      66   14.113370200   36.805864365
       1      67   14.875278640   65.368723596
       1      68   14.890625954   65.494188228
       1      69   15.448254296   60.816178463
       1      70   15.467092805   61.213042387
       1      71   17.704694913  101.068863898
       1      72   17.719314414  101.437030961
       1      73   19.267539814   28.147265174
       1      74   19.267694511   28.108673485
       1      75   20.137514347   56.670566014
       1      76   20.164076391   60.550308765
       1      77   20.174200636   39.025631618
       1      78   20.177655376   38.522577693
       1      79   20.213239053  113.193850986
       1      80   20.220904859  113.848907879
       1      81   20.465450049  292.434790687
       1      82   20.480211474  294.908277885
       1      83   20.512609219  220.648740700
       1      84   20.520725938   52.706857219
       1      85   20.526787537  257.774715828
       1      86   20.554461068   84.176712480
       1      87   21.406837736   80.434940588
       1      88   21.420543111   81.302007436
       1      89   21.673205874  158.234431261
       1      90   21.673823650  158.139943030
       1      91   21.730669360  302.712864932
       1      92   21.732628658  302.981237604
       1      93   22.792822354   64.897171341
       1      94   22.797309824   64.417737594
       1      95   22.829911326   61.518322988
       1      96   22.891090730   57.861392246
       1      97   23.836683849  231.665530997
       1      98   23.839576129  230.820756338
       1      99   23.928701873  156.964453886
       1     100   23.929767792  155.808083859
  0.333333333  0.500000000  0.000000000     100
       1       1  -65.468366296  -86.662284392
       1       2  -65.468363264  -86.465945163
       1       3  -42.219225026  -49.459422347
       1       4  -42.204415975  -50.030766463
       1       5  -39.715678627  -45.573522676
       1       6  -39.696201505  -46.635539812
       1       7  -39.570622578  -47.834770784
       1       8  -39.568905166  -47.388035148
       1       9  -17.545459325  -24.367088097
       1      10  -17.506052823  -24.381332249
       1      11  -17.368633908  -21.531899709
       1      12  -17.365575954  -21.559218537
       1      13  -10.630582318  -13.300689842
       1      14  -10.619141405  -13.318029421
       1      15  -10.254313400  -13.406216350
       1      16  -10.244392012  -13.432140548
       1      17   -9.147469612  -10.625703445
       1      18   -9.142133327  -10.567841401
       1      19   -8.577071065  -10.432602245
       1      20   -8.560055102  -10.503425419
       1      21   -7.703408159  -10.603214170
       1      22   -7.638030978  -10.585362622
       1      23   -7.117231765   -9.475045051
       1      24   -7.105351210   -9.496070947
       1      25   -5.867652862   -5.556517393
       1      26   -5.764839768   -5.585344122
       1      27   -3.108347546   -3.800808083
       1      28   -3.088699042   -3.539465001
       1      29   -2.527624443   -2.131036397
       1      30   -2.424766107   -1.885585293
       1      31   -2.018797234    2.271820762
       1      32   -2.014001765    2.287884698
       1      33   -0.900250676    2.736695408
       1      34   -0.871188039    2.732128481
       1      35    1.945954206    3.951385974
       1      36    1.983570973    4.149051806
       1      37    3.821254155    6.196184467
       1      38    3.848376290    6.011157002
       1      39    3.878469570    6.130763687
       1      40    3.888885677    6.365909754
       1      41    4.941518575   10.360367940
       1      42    4.945467259   10.158745624
       1      43    5.062526162    9.550550072
       1      44    5.065570796    9.595390689
       1      45    5.970862872    9.058744609
       1      46    5.985592249    9.115956240
       1      47    7.712110255   12.626901190
       1      48    7.716255999   12.690014615
       1      49    8.225864096   14.143861614
       1      50    8.236309590   14.216744582
       1      51    9.059452322   14.688459591
       1      52    9.065222597   14.677640729
       1      53    9.639266914   15.614483908
       1      54    9.642213683   15.551579117
       1      55   10.407410558   30.924179579
       1      56   10.439780022   30.637782518
       1      57   11.974971900   30.678924884
       1      58   11.982248278   30.280515332
       1      59   13.134246552   40.549661211
       1      60   13.137583513   40.160567532
       1      61   13.174716532   28.605633996
       1      62   13.179383878   27.667495528
       1      63   14.314039771   43.211413475
       1      64   14.317396255   43.315421012
       1      65   14.782152333   40.209020648
       1      66   14.823562084   40.371623129
       1      67   15.868757686   76.597081412
       1      68   15.902556264   76.219460120
       1      69   16.231175146   40.581058958
       1      70   16.237869751   40.698673168
       1      71   16.957433471   42.262897123
       1      72   16.962788225   42.017717674
       1      73   17.403831638   60.730002803
       1      74   17.455878987   62.808136890
       1      75   17.926377886  133.255584885
       1      76   17.928273858  135.574956165
       1      77   18.305840093   92.796339799
       1      78   18.308606662   93.073538076
       1      79   19.025693163  137.775041019
       1      80   19.025788725  138.775660714
       1      81   19.939287102  155.086903839
       1      82   19.940014863  155.355364813
       1      83   19.999146863  113.229288546
       1      84   20.005207262  113.810240952
       1      85   21.135561010  213.431177414
       1      86   21.153869060  214.178000273
       1      87   21.528340742   80.056969342
       1      88   21.532864693   79.274324006
       1      89   22.096326391   80.875582836
       1      90   22.098251101   81.239387835
       1      91   22.640343876  144.645682460
       1      92   22.645730748  145.306010069
       1      93   22.798633480  189.733134998
       1      94   22.799410300  186.955954138
       1      95   23.679960270   99.380230595
       1      96   23.683920930   99.820620733
       1      97   23.952069636   77.513941902
       1      98   23.979217309   76.812509303
       1      99   24.160327664  139.857784100
       1     100   24.160695305  140.319780748
  0.333333333  0.666666667  0.000000000     100
       1       1  -65.505203779  -85.435156175
       1       2  -65.505203779  -85.435285426
       1       3  -42.186763105  -49.531179659
       1       4  -42.186763064  -49.529365301
       1       5  -39.675141881  -46.539287372
       1       6  -39.675141852  -46.539270815
       1       7  -39.538431369  -46.756433518
       1       8  -39.538431340  -46.754393809
       1       9  -18.072901238  -24.331428864
       1      10  -18.072901183  -24.331413810
       1      11  -17.618189700  -23.386393340
       1      12  -17.618189695  -23.386792231
       1      13  -10.544596133  -12.315596979
       1      14  -10.544596091  -12.315645322
       1      15   -9.558852052  -11.525177086
       1      16   -9.558852041  -11.525229002
       1      17   -9.179241529  -10.407267192
       1      18   -9.179241496  -10.407279388
       1      19   -8.134622887   -9.743256323
       1      20   -8.134622886   -9.743349701
       1      21   -7.026308582   -7.349260966
       1      22   -7.026308566   -7.349322173
       1      23   -6.612785008   -8.530259271
       1      24   -6.612783777   -8.529654523
       1      25   -6.332716879   -8.882950477
       1      26   -6.332715506   -8.882219082
       1      27   -3.126293712   -4.039421515
       1      28   -3.126293088   -4.042007294
       1      29   -2.998807650   -1.779609634
       1      30   -2.998806955   -1.781607337
       1      31   -1.891639102   -0.249394220
       1      32   -1.891638835   -0.249737743
       1      33   -1.279011594   -0.468307112
       1      34   -1.279011300   -0.468523717
       1      35    2.651932320    4.085808872
       1      36    2.651932361    4.086059852
       1      37    2.909044285    4.618606370
       1      38    2.909044300    4.618236457
       1      39    3.282125733    6.829776416
       1      40    3.282125757    6.829034949
       1      41    5.167167782   13.604164586
       1      42    5.167167793   13.604124578
       1      43    5.582668184   12.034986717
       1      44    5.582668222   12.034804816
       1      45    7.149567927    8.127734227
       1      46    7.149568035    8.125214111
       1      47    7.620489861   18.860084332
       1      48    7.620489863   18.859895261
       1      49    7.714046550   13.412872389
       1      50    7.714046833   13.414030754
       1      51    9.159369427   13.887569626
       1      52    9.159369460   13.887986374
       1      53    9.701641888   34.047148010
       1      54    9.701642411   34.045676281
       1      55   10.083466266   14.276770040
       1      56   10.083466619   14.280592055
       1      57   10.160915030   18.995979878
       1      58   10.160915126   19.000471512
       1      59   12.372288041   17.133241268
       1      60   12.372288064   17.133090760
       1      61   13.551377259   36.799144820
       1      62   13.551377260   36.799619469
       1      63   13.877351206   58.035741862
       1      64   13.877351229   58.036048310
       1      65   14.834153149  126.541581561
       1      66   14.834153206  126.540742172
       1      67   15.592304564   94.830412630
       1      68   15.592304582   94.829687651
       1      69   16.262737528   21.517490524
       1      70   16.262737549   21.517116562
       1      71   17.047669768   32.825829132
       1      72   17.047669894   32.826240129
       1      73   17.205227739   87.436107115
       1      74   17.205227741   87.435765634
       1      75   17.670258672  271.867762022
       1      76   17.670258684  271.868048666
       1      77   19.471042924   81.213300852
       1      78   19.471043112   81.213507393
       1      79   19.564078517   58.275770561
       1      80   19.564078589   58.275666232
       1      81   19.767083802   33.539397865
       1      82   19.767083852   33.539741477
       1      83   20.779972610  136.038087421
       1      84   20.779972634  136.038362862
       1      85   21.104206586   35.816554525
       1      86   21.104207941   35.807754737
       1      87   21.222151385   69.124350076
       1      88   21.222152778   69.116573853
       1      89   22.748398942  103.765006783
       1      90   22.748398998  103.758028315
       1      91   22.758947851  167.014854797
       1      92   22.758948046  167.022683951
       1      93   22.917936514   50.649040205
       1      94   22.917936703   50.651298336
       1      95   22.949458548  115.007990441
       1      96   22.949458609  115.006888182
       1      97   24.063724352   83.792064824
       1      98   24.063725214   83.787356149
       1      99   24.084720520  114.210100647
       1     100   24.084720993  114.206770061
  0.333333333  0.833333333  0.000000000     100
       1       1  -65.453769814  -86.370684074
       1       2  -65.453768010  -86.507572922
       1       3  -42.170480382  -49.376328913
       1       4  -42.163240224  -49.730023106
       1       5  -39.636360393  -46.902150479
       1       6  -39.634235656  -47.287743179
       1       7  -39.534290430  -45.812242586
       1       8  -39.525880572  -45.887813141
       1       9  -18.334012013  -24.829200759
       1      10  -18.318232766  -24.848193591
       1      11  -17.722537494  -23.042949263
       1      12  -17.721167056  -23.057061884
       1      13  -10.245734102  -12.853159300
       1      14  -10.220716841  -12.763900927
       1      15   -9.056407745   -7.586496043
       1      16   -9.046129580   -7.495537196
       1      17   -9.017568223  -10.765535921
       1      18   -8.988060870  -10.636458778
       1      19   -8.542471929   -7.727828108
       1      20   -8.516202011   -7.667854529
       1      21   -7.289164228   -9.694032072
       1      22   -7.213014723   -9.682457609
       1      23   -6.417987154   -9.161966377
       1      24   -6.383178804   -9.188590672
       1      25   -6.168053959   -8.571161473
       1      26   -6.099039488   -8.487601600
       1      27   -3.445812606   -2.811229909
       1      28   -3.384031028   -2.555505692
       1      29   -2.847931394   -3.201574749
       1      30   -2.831977135   -2.953433939
       1      31   -2.645251215   -1.104146282
       1      32   -2.592543011   -0.962446521
       1      33   -1.170750122   -0.953309513
       1      34   -1.137572697   -0.814636703
       1      35    3.626558384    2.638458393
       1      36    3.659791258    2.632104411
       1      37    4.108830250    8.152423971
       1      38    4.114099055    8.124961331
       1      39    4.242547653   10.578716226
       1      40    4.333530073   11.002937950
       1      41    4.972503544    7.365152976
       1      42    4.977818877    7.654678046
       1      43    5.116613944   10.756999825
       1      44    5.119133548   10.887455237
       1      45    6.377229130   12.047809344
       1      46    6.460980021   12.302635801
       1      47    6.974873635   11.771618520
       1      48    7.009346156   11.266837832
       1      49    7.026516249   12.392954472
       1      50    7.073715742   12.915741377
       1      51    7.846985155   20.649329688
       1      52    7.849613431   20.680021748
       1      53    9.209831366   23.431788948
       1      54    9.248769394   22.332177132
       1      55    9.762892009   12.525660217
       1      56    9.769428036   12.587508556
       1      57   10.615501500   31.566798604
       1      58   10.660549232   33.499939349
       1      59   12.076225949   20.527856276
       1      60   12.097788232   20.714776675
       1      61   14.435833047  129.545539615
       1      62   14.441032930  133.564990371
       1      63   15.090692579   41.346867592
       1      64   15.093922141   43.674409589
       1      65   15.220723803   90.564661636
       1      66   15.223436355   90.259584234
       1      67   15.554056193   64.970435764
       1      68   15.554319403   64.880461206
       1      69   15.934145885   48.757851314
       1      70   15.970725862   48.334012766
       1      71   16.783727110   35.626658465
       1      72   16.785560378   35.268403870
       1      73   16.917463374  168.016687074
       1      74   16.921488779  171.758550356
       1      75   17.693828839  100.146306268
       1      76   17.743620429   92.721026191
       1      77   18.030562256  102.311689371
       1      78   18.035045832  102.247373891
       1      79   19.504269627   33.996384667
       1      80   19.513762471   30.856137690
       1      81   19.632756561   42.356722079
       1      82   19.640337343   44.898072925
       1      83   19.713690238   77.770101968
       1      84   19.760138112   78.200066717
       1      85   21.307640537   59.168413265
       1      86   21.392883622   62.052936823
       1      87   21.447627020   68.418340601
       1      88   21.468242527   69.258882942
       1      89   22.135008829  172.637447885
       1      90   22.137841146  172.422551366
       1      91   22.483375526   83.948621771
       1      92   22.486110996   83.036233075
       1      93   23.579826471   46.537765887
       1      94   23.587959216   46.288978808
       1      95   23.734389198   52.431301133
       1      96   23.740278564   52.241402537
       1      97   24.301637503  143.283028885
       1      98   24.324377213  148.326383832
       1      99   24.372064864   92.210847503
       1     100   24.374803409   89.925733101
  0.500000000 -0.000000000  0.000000000     100
       1       1  -65.500819378  -86.103543415
       1       2  -65.500819378  -86.103062683
       1       3  -42.217309862  -48.564972296
       1       4  -42.217309862  -48.564250426
       1       5  -39.734210815  -45.420929621
       1       6  -39.734210815  -45.422288526
       1       7  -39.546667077  -45.979477333
       1       8  -39.546667077  -45.978365061
       1       9  -17.504564708  -24.423775690
       1      10  -17.504564708  -24.423780607
       1      11  -17.384385239  -21.709566260
       1      12  -17.384385239  -21.709571339
       1      13  -11.087343561  -13.588237524
       1      14  -11.087343561  -13.588244397
       1      15  -10.190432413  -13.613992839
       1      16  -10.190432413  -13.613833731
       1      17   -9.410899967  -10.124415564
       1      18   -9.410899967  -10.124399465
       1      19   -8.452983668   -9.490939618
       1      20   -8.452983668   -9.490653768
       1      21   -7.297425891   -8.545613696
       1      22   -7.297425891   -8.545559559
       1      23   -6.243172316  -10.137881928
       1      24   -6.243172316  -10.137895491
       1      25   -5.976814151   -5.034528743
       1      26   -5.976814151   -5.034921985
       1      27   -3.055309404   -0.413017431
       1      28   -3.055309404   -0.412977046
       1      29   -2.541876457   -1.125360667
       1      30   -2.541876457   -1.125152476
       1      31   -1.458355817    1.967414640
       1      32   -1.458355817    1.967475926
       1      33   -1.066722121   -1.593499111
       1      34   -1.066722121   -1.593562645
       1      35    1.125871681    2.755196917
       1      36    1.125871681    2.755243363
       1      37    2.577529362    6.553107689
       1      38    2.577529362    6.553111941
       1      39    3.216081656    5.777129474
       1      40    3.216081656    5.777084469
       1      41    4.435323482    8.563025931
       1      42    4.435323482    8.563087805
       1      43    4.984518669    7.885184349
       1      44    4.984518669    7.885090561
       1      45    6.011788655    4.799833423
       1      46    6.011788655    4.799832392
       1      47    8.328519921   20.019535454
       1      48    8.328519921   20.019527162
       1      49    9.001859101   17.656960488
       1      50    9.001859101   17.656991034
       1      51   10.392906350   27.506973295
       1      52   10.392906350   27.506974547
       1      53   10.404021327   18.667527142
       1      54   10.404021327   18.667552936
       1      55   11.851107657   33.215004387
       1      56   11.851107657   33.214968770
       1      57   12.074722221   16.274607918
       1      58   12.074722221   16.274611454
       1      59   12.784643138   17.826217715
       1      60   12.784643138   17.826213401
       1      61   13.416475469   35.522780235
       1      62   13.416475469   35.522743820
       1      63   14.106281046   58.438904395
       1      64   14.106281046   58.438907295
       1      65   14.592473558   32.224493755
       1      66   14.592473558   32.224488944
       1      67   15.006380018   66.681891616
       1      68   15.006380018   66.681784937
       1      69   15.654742135   22.670243648
       1      70   15.654742135   22.670256822
       1      71   16.398696326   53.320626068
       1      72   16.398696326   53.320627018
       1      73   16.419680616   53.668849533
       1      74   16.419680616   53.668834463
       1      75   18.887445012  125.394116470
       1      76   18.887445012  125.394043144
       1      77   18.937883777   23.877218823
       1      78   18.937883777   23.877229611
       1      79   19.532486256  299.373320842
       1      80   19.532486256  299.373329440
       1      81   19.790941812   30.279567812
       1      82   19.790941812   30.279560838
       1      83   19.854079135  293.076711331
       1      84   19.854079135  293.076595487
       1      85   20.240143961   39.276671287
       1      86   20.240143961   39.276670868
       1      87   20.890358414  226.088969212
       1      88   20.890358414  226.088954242
       1      89   21.657670393  193.886208037
       1      90   21.657670393  193.886218035
       1      91   22.354621468   55.853750185
       1      92   22.354621468   55.853773266
       1      93   22.450994830   76.586867157
       1      94   22.450994830   76.586869255
       1      95   22.731821564  120.627538245
       1      96   22.731821564  120.627562765
       1      97   23.816680554  109.381125356
       1      98   23.816680554  109.381166773
       1      99   25.030278992   88.507598105
       1     100   25.030278992   88.507702466
  0.500000000  0.166666667  0.000000000     100
       1       1  -65.468366600  -86.664088000
       1       2  -65.468363567  -86.466158846
       1       3  -42.219224712  -49.476058850
       1       4  -42.204415625  -50.021914626
       1       5  -39.715678789  -45.572810467
       1       6  -39.696201831  -46.619169796
       1       7  -39.570621387  -47.837114064
       1       8  -39.568903758  -47.382470733
       1       9  -17.545461638  -24.368844403
       1      10  -17.506055078  -24.385068369
       1      11  -17.368640924  -21.526307257
       1      12  -17.365582958  -21.553063505
       1      13  -10.630583845  -13.298084816
       1      14  -10.619142865  -13.315296823
       1      15  -10.254307856  -13.409482187
       1      16  -10.244386492  -13.435328563
       1      17   -9.147467311  -10.625502665
       1      18   -9.142130868  -10.567637347
       1      19   -8.577057043  -10.432832203
       1      20   -8.560041223  -10.503508989
       1      21   -7.703406594  -10.606881227
       1      22   -7.638029444  -10.588986752
       1      23   -7.117241197   -9.476022858
       1      24   -7.105360459   -9.497113164
       1      25   -5.867653467   -5.554445897
       1      26   -5.764840641   -5.583417022
       1      27   -3.108350731   -3.800151931
       1      28   -3.088701910   -3.539286732
       1      29   -2.527629756   -2.132422404
       1      30   -2.424771390   -1.886766923
       1      31   -2.018788807    2.273108453
       1      32   -2.013993072    2.289136734
       1      33   -0.900244801    2.722797770
       1      34   -0.871181672    2.719271398
       1      35    1.945955672    3.953717229
       1      36    1.983572578    4.151336779
       1      37    3.821253874    6.189913958
       1      38    3.848380294    6.009017277
       1      39    3.878471578    6.126878805
       1      40    3.888882829    6.357021543
       1      41    4.941538600   10.346688163
       1      42    4.945487580   10.149632121
       1      43    5.062532948    9.596349381
       1      44    5.065577789    9.631436985
       1      45    5.970859129    9.043758056
       1      46    5.985588262    9.103753817
       1      47    7.712101591   12.623478751
       1      48    7.716247302   12.685690248
       1      49    8.225852357   14.143463423
       1      50    8.236297893   14.217791951
       1      51    9.059440951   14.671728942
       1      52    9.065211044   14.659986909
       1      53    9.639266471   15.639287456
       1      54    9.642213588   15.575192293
       1      55   10.407414919   30.929706088
       1      56   10.439784354   30.643214199
       1      57   11.974972680   30.685578369
       1      58   11.982249209   30.288758096
       1      59   13.134239574   40.565767781
       1      60   13.137576956   40.177041061
       1      61   13.174721052   28.621043614
       1      62   13.179388863   27.682996345
       1      63   14.314038413   43.197797225
       1      64   14.317394917   43.302494516
       1      65   14.782146712   40.211611588
       1      66   14.823557042   40.374882512
       1      67   15.868744399   76.592418386
       1      68   15.902542947   76.214831414
       1      69   16.231168140   40.587075595
       1      70   16.237862947   40.704509962
       1      71   16.957430118   42.246653259
       1      72   16.962784515   42.001285658
       1      73   17.403844498   60.730193204
       1      74   17.455892410   62.807588672
       1      75   17.926367643  133.266338235
       1      76   17.928264184  135.585205484
       1      77   18.305847770   92.807451449
       1      78   18.308614317   93.083030040
       1      79   19.025700272  137.779900146
       1      80   19.025795762  138.779767072
       1      81   19.939297968  155.091255190
       1      82   19.940025852  155.359997473
       1      83   19.999140064  113.230330152
       1      84   20.005200382  113.811533327
       1      85   21.135544614  213.440910796
       1      86   21.153852485  214.186860207
       1      87   21.528327358   80.062708798
       1      88   21.532851243   79.281288695
       1      89   22.096331472   80.863069189
       1      90   22.098256319   81.227541271
       1      91   22.640330365  144.636001816
       1      92   22.645717264  145.296148468
       1      93   22.798624192  189.739251726
       1      94   22.799402066  186.962755409
       1      95   23.679963226   99.380096469
       1      96   23.683924218   99.821816727
       1      97   23.952059764   77.521993900
       1      98   23.979208645   76.821112892
       1      99   24.160324106  139.853311319
       1     100   24.160691584  140.315230625
  0.500000000  0.333333333  0.000000000     100
       1       1  -65.468366419  -86.662151903
       1       2  -65.468363387  -86.465966730
       1       3  -42.219224937  -49.465132822
       1       4  -42.204415845  -50.032957831
       1       5  -39.715678406  -45.565054098
       1       6  -39.696201243  -46.629659827
       1       7  -39.570622601  -47.833862425
       1       8  -39.568905173  -47.381601352
       1       9  -17.545460500  -24.368324476
       1      10  -17.506053944  -24.384512903
       1      11  -17.368634682  -21.525793677
       1      12  -17.365576723  -21.552614930
       1      13  -10.630580191  -13.298816358
       1      14  -10.619139230  -13.316042779
       1      15  -10.254312652  -13.408444505
       1      16  -10.244391263  -13.434352879
       1      17   -9.147469381  -10.625920280
       1      18   -9.142133011  -10.568011483
       1      19   -8.577069099  -10.433407461
       1      20   -8.560053150  -10.503704246
       1      21   -7.703411575  -10.606288267
       1      22   -7.638034435  -10.588354826
       1      23   -7.117233711   -9.474461635
       1      24   -7.105353166   -9.495615486
       1      25   -5.867649078   -5.555015629
       1      26   -5.764835826   -5.583917980
       1      27   -3.108348349   -3.796725063
       1      28   -3.088699207   -3.534930868
       1      29   -2.527630791   -2.136178832
       1      30   -2.424771700   -1.890061939
       1      31   -2.018794585    2.273996671
       1      32   -2.013998835    2.290048514
       1      33   -0.900253024    2.720517283
       1      34   -0.871190088    2.716938898
       1      35    1.945957434    3.952697427
       1      36    1.983574292    4.150220816
       1      37    3.821253807    6.190483512
       1      38    3.848378687    6.009226879
       1      39    3.878471283    6.127417059
       1      40    3.888884666    6.357761365
       1      41    4.941518943   10.348450142
       1      42    4.945467777   10.151729420
       1      43    5.062527089    9.598551625
       1      44    5.065571745    9.633710075
       1      45    5.970864770    9.045777403
       1      46    5.985594174    9.106231329
       1      47    7.712113010   12.625230353
       1      48    7.716258802   12.687583145
       1      49    8.225872222   14.143427288
       1      50    8.236317669   14.217599409
       1      51    9.059451274   14.671614701
       1      52    9.065221717   14.659955969
       1      53    9.639268581   15.637944490
       1      54    9.642215178   15.573989900
       1      55   10.407412589   30.927257460
       1      56   10.439781725   30.640760700
       1      57   11.974975151   30.684430384
       1      58   11.982251464   30.287210930
       1      59   13.134244054   40.562793480
       1      60   13.137581085   40.174123178
       1      61   13.174715710   28.622963874
       1      62   13.179383007   27.684815954
       1      63   14.314034622   43.199866138
       1      64   14.317391139   43.304728360
       1      65   14.782142110   40.212972868
       1      66   14.823552260   40.376140223
       1      67   15.868751901   76.590633794
       1      68   15.902550325   76.213179978
       1      69   16.231166470   40.587905129
       1      70   16.237861156   40.705341688
       1      71   16.957427236   42.246211831
       1      72   16.962781931   42.001116495
       1      73   17.403827458   60.731602916
       1      74   17.455875068   62.809309788
       1      75   17.926368673  133.263207952
       1      76   17.928265056  135.581813280
       1      77   18.305841035   92.807924192
       1      78   18.308607601   93.083547577
       1      79   19.025694917  137.778165197
       1      80   19.025790515  138.778190251
       1      81   19.939290726  155.086403606
       1      82   19.940018509  155.354724736
       1      83   19.999141948  113.231079645
       1      84   20.005202361  113.812542632
       1      85   21.135562412  213.439879118
       1      86   21.153870562  214.185829705
       1      87   21.528352898   80.061395196
       1      88   21.532876869   79.279843907
       1      89   22.096338146   80.865654867
       1      90   22.098262734   81.230141084
       1      91   22.640345418  144.635330298
       1      92   22.645732283  145.295473481
       1      93   22.798641256  189.737588030
       1      94   22.799418472  186.960631916
       1      95   23.679969858   99.382363679
       1      96   23.683930735   99.823920206
       1      97   23.952069605   77.522781218
       1      98   23.979217969   76.821902140
       1      99   24.160320032  139.855826296
       1     100   24.160687649  140.317901432
  0.500000000  0.500000000  0.000000000     100
       1       1  -65.500819120  -86.098429478
       1       2  -65.500819120  -86.098615102
       1       3  -42.217310307  -48.564422253
       1       4  -42.217310307  -48.564862640
       1       5  -39.734210340  -45.425447507
       1       6  -39.734210340  -45.425100937
       1       7  -39.546669197  -45.977346893
       1       8  -39.546669197  -45.974298203
       1       9  -17.504562396  -24.424483644
       1      10  -17.504562396  -24.424477244
       1      11  -17.384372904  -21.709703544
       1      12  -17.384372904  -21.709702655
       1      13  -11.087338381  -13.588404008
       1      14  -11.087338381  -13.588403089
       1      15  -10.190441484  -13.613980983
       1      16  -10.190441484  -13.614358942
       1      17   -9.410903925  -10.123513968
       1      18   -9.410903925  -10.123451810
       1      19   -8.453009964   -9.490828700
       1      20   -8.453009964   -9.490826977
       1      21   -7.297410931   -8.545375505
       1      22   -7.297410931   -8.545456682
       1      23   -6.243190519  -10.137855594
       1      24   -6.243190519  -10.137857238
       1      25   -5.976797725   -5.035810813
       1      26   -5.976797725   -5.035337420
       1      27   -3.055304258   -0.413436499
       1      28   -3.055304258   -0.413468666
       1      29   -2.541874120   -1.124772476
       1      30   -2.541874120   -1.125229810
       1      31   -1.458377710    1.972171127
       1      32   -1.458377710    1.971931925
       1      33   -1.066723170   -1.611177924
       1      34   -1.066723170   -1.611151013
       1      35    1.125871335    2.753525359
       1      36    1.125871335    2.753502627
       1      37    2.577515297    6.552000692
       1      38    2.577515297    6.552036043
       1      39    3.216071191    5.776931313
       1      40    3.216071191    5.776923059
       1      41    4.435338471    8.565174547
       1      42    4.435338471    8.565091835
       1      43    4.984539484    7.887386152
       1      44    4.984539484    7.887462188
       1      45    6.011769746    4.798703865
       1      46    6.011769746    4.798697986
       1      47    8.328525088   20.019931692
       1      48    8.328525088   20.019932873
       1      49    9.001862712   17.659748186
       1      50    9.001862712   17.659763098
       1      51   10.392909926   27.498143611
       1      52   10.392909926   27.498140540
       1      53   10.404017553   18.676090709
       1      54   10.404017553   18.676093357
       1      55   11.851126364   33.215437769
       1      56   11.851126364   33.215373363
       1      57   12.074706928   16.274804911
       1      58   12.074706928   16.274799057
       1      59   12.784665841   17.826851175
       1      60   12.784665841   17.826837000
       1      61   13.416474249   35.524199050
       1      62   13.416474249   35.524109067
       1      63   14.106290581   58.438528823
       1      64   14.106290581   58.438558559
       1      65   14.592491397   32.225239189
       1      66   14.592491397   32.225241129
       1      67   15.006408600   66.684330319
       1      68   15.006408600   66.684358130
       1      69   15.654713937   22.668685698
       1      70   15.654713937   22.668679919
       1      71   16.398691510   53.307210669
       1      72   16.398691510   53.307254058
       1      73   16.419676463   53.683630271
       1      74   16.419676463   53.683676280
       1      75   18.887435379  125.383962928
       1      76   18.887435379  125.383944410
       1      77   18.937912883   23.875484258
       1      78   18.937912883   23.875494596
       1      79   19.532499291  299.375004708
       1      80   19.532499291  299.374999000
       1      81   19.790918084   30.272595420
       1      82   19.790918084   30.272588289
       1      83   19.854084838  293.084499931
       1      84   19.854084838  293.084473726
       1      85   20.240113468   39.276715783
       1      86   20.240113468   39.276716681
       1      87   20.890375255  226.089869287
       1      88   20.890375255  226.089889297
       1      89   21.657671371  193.885210648
       1      90   21.657671371  193.885212231
       1      91   22.354583466   55.853364059
       1      92   22.354583466   55.853363133
       1      93   22.450993996   76.591649215
       1      94   22.450993996   76.591641742
       1      95   22.731798569  120.628302322
       1      96   22.731798569  120.628332428
       1      97   23.816730631  109.382563490
       1      98   23.816730631  109.382730545
       1      99   25.030316485   88.507696427
       1     100   25.030316485   88.507676493
  0.500000000  0.666666667  0.000000000     100
       1       1  -65.468366419  -86.662151903
       1       2  -65.468363387  -86.465966730
       1       3  -42.219224937  -49.465132822
       1       4  -42.204415845  -50.032957831
       1       5  -39.715678406  -45.565054098
       1       6  -39.696201243  -46.629659827
       1       7  -39.570622601  -47.833862425
       1       8  -39.568905173  -47.381601352
       1       9  -17.545460500  -24.368324476
       1      10  -17.506053944  -24.384512903
       1      11  -17.368634682  -21.525793677
       1      12  -17.365576723  -21.552614930
       1      13  -10.630580191  -13.298816358
       1      14  -10.619139230  -13.316042779
       1      15  -10.254312652  -13.408444505
       1      16  -10.244391263  -13.434352879
       1      17   -9.147469381  -10.625920280
       1      18   -9.142133011  -10.568011483
       1      19   -8.577069099  -10.433407461
       1      20   -8.560053150  -10.503704246
       1      21   -7.703411575  -10.606288267
       1      22   -7.638034435  -10.588354826
       1      23   -7.117233711   -9.474461635
       1      24   -7.105353166   -9.495615486
       1      25   -5.867649078   -5.555015629
       1      26   -5.764835826   -5.583917980
       1      27   -3.108348349   -3.796725063
       1      28   -3.088699207   -3.534930868
       1      29   -2.527630791   -2.136178832
       1      30   -2.424771700   -1.890061939
       1      31   -2.018794585    2.273996671
       1      32   -2.013998835    2.290048514
       1      33   -0.900253024    2.720517283
       1      34   -0.871190088    2.716938898
       1      35    1.945957434    3.952697427
       1      36    1.983574292    4.150220816
       1      37    3.821253807    6.190483512
       1      38    3.848378687    6.009226879
       1      39    3.878471283    6.127417059
       1      40    3.888884666    6.357761365
       1      41    4.941518943   10.348450142
       1      42    4.945467777   10.151729420
       1      43    5.062527089    9.598551625
       1      44    5.065571745    9.633710075
       1      45    5.970864770    9.045777403
       1      46    5.985594174    9.106231329
       1      47    7.712113010   12.625230353
       1      48    7.716258802   12.687583145
       1      49    8.225872222   14.143427288
       1      50    8.236317669   14.217599409
       1      51    9.059451274   14.671614701
       1      52    9.065221717   14.659955969
       1      53    9.639268581   15.637944490
       1      54    9.642215178   15.573989900
       1      55   10.407412589   30.927257460
       1      56   10.439781725   30.640760700
       1      57   11.974975151   30.684430384
       1      58   11.982251464   30.287210930
       1      59   13.134244054   40.562793480
       1      60   13.137581085   40.174123178
       1      61   13.174715710   28.622963874
       1      62   13.179383007   27.684815954
       1      63   14.314034622   43.199866138
       1      64   14.317391139   43.304728360
       1      65   14.782142110   40.212972868
       1      66   14.823552260   40.376140223
       1      67   15.868751901   76.590633794
       1      68   15.902550325   76.213179978
       1      69   16.231166470   40.587905129
       1      70   16.237861156   40.705341688
       1      71   16.957427236   42.246211831
       1      72   16.962781931   42.001116495
       1      73   17.403827458   60.731602916
       1      74   17.455875068   62.809309788
       1      75   17.926368673  133.263207952
       1      76   17.928265056  135.581813280
       1      77   18.305841035   92.807924192
       1      78   18.308607601   93.083547577
       1      79   19.025694917  137.778165197
       1      80   19.025790515  138.778190251
       1      81   19.939290726  155.086403606
       1      82   19.940018509  155.354724736
       1      83   19.999141948  113.231079645
       1      84   20.005202361  113.812542632
       1      85   21.135562412  213.439879118
       1      86   21.153870562  214.185829705
       1      87   21.528352898   80.061395196
       1      88   21.532876869   79.279843907
       1      89   22.096338146   80.865654867
       1      90   22.098262734   81.230141084
       1      91   22.640345418  144.635330298
       1      92   22.645732283  145.295473481
       1      93   22.798641256  189.737588030
       1      94   22.799418472  186.960631916
       1      95   23.679969858   99.382363679
       1      96   23.683930735   99.823920206
       1      97   23.952069605   77.522781218
       1      98   23.979217969   76.821902140
       1      99   24.160320032  139.855826296
       1     100   24.160687649  140.317901432
  0.500000000  0.833333333  0.000000000     100
       1       1  -65.468366600  -86.664088000
       1       2  -65.468363567  -86.466158846
       1       3  -42.219224712  -49.476058850
       1       4  -42.204415625  -50.021914626
       1       5  -39.715678789  -45.572810467
       1       6  -39.696201831  -46.619169796
       1       7  -39.570621387  -47.837114064
       1       8  -39.568903758  -47.382470733
       1       9  -17.545461638  -24.368844403
       1      10  -17.506055078  -24.385068369
       1      11  -17.368640924  -21.526307257
       1      12  -17.365582958  -21.553063505
       1      13  -10.630583845  -13.298084816
       1      14  -10.619142865  -13.315296823
       1      15  -10.254307856  -13.409482187
       1      16  -10.244386492  -13.435328563
       1      17   -9.147467311  -10.625502665
       1      18   -9.142130868  -10.567637347
       1      19   -8.577057043  -10.432832203
       1      20   -8.560041223  -10.503508989
       1      21   -7.703406594  -10.606881227
       1      22   -7.638029444  -10.588986752
       1      23   -7.117241197   -9.476022858
       1      24   -7.105360459   -9.497113164
       1      25   -5.867653467   -5.554445897
       1      26   -5.764840641   -5.583417022
       1      27   -3.108350731   -3.800151931
       1      28   -3.088701910   -3.539286732
       1      29   -2.527629756   -2.132422404
       1      30   -2.424771390   -1.886766923
       1      31   -2.018788807    2.273108453
       1      32   -2.013993072    2.289136734
       1      33   -0.900244801    2.722797770
       1      34   -0.871181672    2.719271398
       1      35    1.945955672    3.953717229
       1      36    1.983572578    4.151336779
       1      37    3.821253874    6.189913958
       1      38    3.848380294    6.009017277
       1      39    3.878471578    6.126878805
       1      40    3.888882829    6.357021543
       1      41    4.941538600   10.346688163
       1      42    4.945487580   10.149632121
       1      43    5.062532948    9.596349381
       1      44    5.065577789    9.631436985
       1      45    5.970859129    9.043758056
       1      46    5.985588262    9.103753817
       1      47    7.712101591   12.623478751
       1      48    7.716247302   12.685690248
       1      49    8.225852357   14.143463423
       1      50    8.236297893   14.217791951
       1      51    9.059440951   14.671728942
       1      52    9.065211044   14.659986909
       1      53    9.639266471   15.639287456
       1      54    9.642213588   15.575192293
       1      55   10.407414919   30.929706088
       1      56   10.439784354   30.643214199
       1      57   11.974972680   30.685578369
       1      58   11.982249209   30.288758096
       1      59   13.134239574   40.565767781
       1      60   13.137576956   40.177041061
       1      61   13.174721052   28.621043614
       1      62   13.179388863   27.682996345
       1      63   14.314038413   43.197797225
       1      64   14.317394917   43.302494516
       1      65   14.782146712   40.211611588
       1      66   14.823557042   40.374882512
       1      67   15.868744399   76.592418386
       1      68   15.902542947   76.214831414
       1      69   16.231168140   40.587075595
       1      70   16.237862947   40.704509962
       1      71   16.957430118   42.246653259
       1      72   16.962784515   42.001285658
       1      73   17.403844498   60.730193204
       1      74   17.455892410   62.807588672
       1      75   17.926367643  133.266338235
       1      76   17.928264184  135.585205484
       1      77   18.305847770   92.807451449
       1      78   18.308614317   93.083030040
       1      79   19.025700272  137.779900146
       1      80   19.025795762  138.779767072
       1      81   19.939297968  155.091255190
       1      82   19.940025852  155.359997473
       1      83   19.999140064  113.230330152
       1      84   20.005200382  113.811533327
       1      85   21.135544614  213.440910796
       1      86   21.153852485  214.186860207
       1      87   21.528327358   80.062708798
       1      88   21.532851243   79.281288695
       1      89   22.096331472   80.863069189
       1      90   22.098256319   81.227541271
       1      91   22.640330365  144.636001816
       1      92   22.645717264  145.296148468
       1      93   22.798624192  189.739251726
       1      94   22.799402066  186.962755409
       1      95   23.679963226   99.380096469
       1      96   23.683924218   99.821816727
       1      97   23.952059764   77.521993900
       1      98   23.979208645   76.821112892
       1      99   24.160324106  139.853311319
       1     100   24.160691584  140.315230625
  0.666666667 -0.000000000  0.000000000     100
       1       1  -65.505203866  -85.418144248
       1       2  -65.505203866  -85.418454873
       1       3  -42.186762768  -49.541430951
       1       4  -42.186762763  -49.525368643
       1       5  -39.675142834  -46.552368920
       1       6  -39.675142832  -46.546610429
       1       7  -39.538429144  -46.756613516
       1       8  -39.538429143  -46.746796876
       1       9  -18.072903039  -24.341358830
       1      10  -18.072902980  -24.341314782
       1      11  -17.618197851  -23.132416208
       1      12  -17.618197844  -23.132262608
       1      13  -10.544596381  -12.278075614
       1      14  -10.544596286  -12.278066675
       1      15   -9.558853821  -11.511406664
       1      16   -9.558853753  -11.511389686
       1      17   -9.179243261  -10.395675132
       1      18   -9.179243232  -10.395833685
       1      19   -8.134596863   -9.761440443
       1      20   -8.134596741   -9.761507325
       1      21   -7.026315417   -7.388045733
       1      22   -7.026315409   -7.388055231
       1      23   -6.612773046   -8.536619356
       1      24   -6.612771194   -8.535627686
       1      25   -6.332733715   -8.917836539
       1      26   -6.332731676   -8.916888352
       1      27   -3.126286899   -4.037280485
       1      28   -3.126285987   -4.038509289
       1      29   -2.998806511   -1.737304174
       1      30   -2.998805316   -1.738658566
       1      31   -1.891623829   -0.242590092
       1      32   -1.891623304   -0.242524892
       1      33   -1.279014807   -0.431986195
       1      34   -1.279014258   -0.431951201
       1      35    2.651931222    3.994536611
       1      36    2.651931425    3.994440127
       1      37    2.909045578    4.546094383
       1      38    2.909045649    4.546503904
       1      39    3.282127589    6.782174238
       1      40    3.282128238    6.781757859
       1      41    5.167172424   13.501203871
       1      42    5.167172462   13.501011317
       1      43    5.582654396   12.001397929
       1      44    5.582655002   12.000736503
       1      45    7.149581436    8.351728168
       1      46    7.149581608    8.351354231
       1      47    7.620482321   18.784564680
       1      48    7.620482324   18.784398048
       1      49    7.714037748   13.389096282
       1      50    7.714038182   13.388793158
       1      51    9.159378983   13.861509966
       1      52    9.159378987   13.861469488
       1      53    9.701626526   34.008237028
       1      54    9.701626573   34.008364068
       1      55   10.083474954   14.300892142
       1      56   10.083475170   14.298811217
       1      57   10.160897919   18.993169892
       1      58   10.160898036   18.990994469
       1      59   12.372287144   16.732454051
       1      60   12.372287156   16.732317089
       1      61   13.551372923   36.806859071
       1      62   13.551372950   36.806977825
       1      63   13.877355903   58.055532487
       1      64   13.877356240   58.055810500
       1      65   14.834136256  126.460385814
       1      66   14.834136350  126.460567695
       1      67   15.592296732   94.822854917
       1      68   15.592296793   94.822841716
       1      69   16.262767917   21.464026210
       1      70   16.262768208   21.463577870
       1      71   17.047678931   32.842433935
       1      72   17.047679201   32.842698454
       1      73   17.205224188   87.449151272
       1      74   17.205224198   87.449324618
       1      75   17.670259399  271.842063030
       1      76   17.670259469  271.841993522
       1      77   19.471022890   81.234520092
       1      78   19.471023089   81.234742259
       1      79   19.564059151   58.331293467
       1      80   19.564059265   58.330966687
       1      81   19.767100725   33.506991995
       1      82   19.767100796   33.507004343
       1      83   20.779953873  136.073769618
       1      84   20.779953887  136.073754806
       1      85   21.104216288   35.814419352
       1      86   21.104216808   35.813983884
       1      87   21.222122081   69.063558008
       1      88   21.222123216   69.063485234
       1      89   22.748402406  103.970091946
       1      90   22.748403274  103.926737256
       1      91   22.758943779  166.783710628
       1      92   22.758945279  166.831833601
       1      93   22.917925159   50.536423384
       1      94   22.917928092   50.544992637
       1      95   22.949454373  115.009505337
       1      96   22.949454478  115.006425990
       1      97   24.063735483   83.852661249
       1      98   24.063736129   83.850122652
       1      99   24.084712276  114.295215881
       1     100   24.084712667  114.293298170
  0.666666667  0.166666667  0.000000000     100
       1       1  -65.453769814  -86.370684074
       1       2  -65.453768010  -86.507572922
       1       3  -42.170480382  -49.376328913
       1       4  -42.163240224  -49.730023106
       1       5  -39.636360393  -46.902150479
       1       6  -39.634235656  -47.287743179
       1       7  -39.534290430  -45.812242586
       1       8  -39.525880572  -45.887813141
       1       9  -18.334012013  -24.829200759
       1      10  -18.318232766  -24.848193591
       1      11  -17.722537494  -23.042949263
       1      12  -17.721167056  -23.057061884
       1      13  -10.245734102  -12.853159300
       1      14  -10.220716841  -12.763900927
       1      15   -9.056407745   -7.586496043
       1      16   -9.046129580   -7.495537196
       1      17   -9.017568223  -10.765535921
       1      18   -8.988060870  -10.636458778
       1      19   -8.542471929   -7.727828108
       1      20   -8.516202011   -7.667854529
       1      21   -7.289164228   -9.694032072
       1      22   -7.213014723   -9.682457609
       1      23   -6.417987154   -9.161966377
       1      24   -6.383178804   -9.188590672
       1      25   -6.168053959   -8.571161473
       1      26   -6.099039488   -8.487601600
       1      27   -3.445812606   -2.811229909
       1      28   -3.384031028   -2.555505692
       1      29   -2.847931394   -3.201574749
       1      30   -2.831977135   -2.953433939
       1      31   -2.645251215   -1.104146282
       1      32   -2.592543011   -0.962446521
       1      33   -1.170750122   -0.953309513
       1      34   -1.137572697   -0.814636703
       1      35    3.626558384    2.638458393
       1      36    3.659791258    2.632104411
       1      37    4.108830250    8.152423971
       1      38    4.114099055    8.124961331
       1      39    4.242547653   10.578716226
       1      40    4.333530073   11.002937950
       1      41    4.972503544    7.365152976
       1      42    4.977818877    7.654678046
       1      43    5.116613944   10.756999825
       1      44    5.119133548   10.887455237
       1      45    6.377229130   12.047809344
       1      46    6.460980021   12.302635801
       1      47    6.974873635   11.771618520
       1      48    7.009346156   11.266837832
       1      49    7.026516249   12.392954472
       1      50    7.073715742   12.915741377
       1      51    7.846985155   20.649329688
       1      52    7.849613431   20.680021748
       1      53    9.209831366   23.431788948
       1      54    9.248769394   22.332177132
       1      55    9.762892009   12.525660217
       1      56    9.769428036   12.587508556
       1      57   10.615501500   31.566798604
       1      58   10.660549232   33.499939349
       1      59   12.076225949   20.527856276
       1      60   12.097788232   20.714776675
       1      61   14.435833047  129.545539615
       1      62   14.441032930  133.564990371
       1      63   15.090692579   41.346867592
       1      64   15.093922141   43.674409589
       1      65   15.220723803   90.564661636
       1      66   15.223436355   90.259584234
       1      67   15.554056193   64.970435764
       1      68   15.554319403   64.880461206
       1      69   15.934145885   48.757851314
       1      70   15.970725862   48.334012766
       1      71   16.783727110   35.626658465
       1      72   16.785560378   35.268403870
       1      73   16.917463374  168.016687074
       1      74   16.921488779  171.758550356
       1      75   17.693828839  100.146306268
       1      76   17.743620429   92.721026191
       1      77   18.030562256  102.311689371
       1      78   18.035045832  102.247373891
       1      79   19.504269627   33.996384667
       1      80   19.513762471   30.856137690
       1      81   19.632756561   42.356722079
       1      82   19.640337343   44.898072925
       1      83   19.713690238   77.770101968
       1      84   19.760138112   78.200066717
       1      85   21.307640537   59.168413265
       1      86   21.392883622   62.052936823
       1      87   21.447627020   68.418340601
       1      88   21.468242527   69.258882942
       1      89   22.135008829  172.637447885
       1      90   22.137841146  172.422551366
       1      91   22.483375526   83.948621771
       1      92   22.486110996   83.036233075
       1      93   23.579826471   46.537765887
       1      94   23.587959216   46.288978808
       1      95   23.734389198   52.431301133
       1      96   23.740278564   52.241402537
       1      97   24.301637503  143.283028885
       1      98   24.324377213  148.326383832
       1      99   24.372064864   92.210847503
       1     100   24.374803409   89.925733101
  0.666666667  0.333333333  0.000000000     100
       1       1  -65.505203779  -85.435156175
       1       2  -65.505203779  -85.435285426
       1       3  -42.186763105  -49.531179659
       1       4  -42.186763064  -49.529365301
       1       5  -39.675141881  -46.539287372
       1       6  -39.675141852  -46.539270815
       1       7  -39.538431369  -46.756433518
       1       8  -39.538431340  -46.754393809
       1       9  -18.072901238  -24.331428864
       1      10  -18.072901183  -24.331413810
       1      11  -17.618189700  -23.386393340
       1      12  -17.618189695  -23.386792231
       1      13  -10.544596133  -12.315596979
       1      14  -10.544596091  -12.315645322
       1      15   -9.558852052  -11.525177086
       1      16   -9.558852041  -11.525229002
       1      17   -9.179241529  -10.407267192
       1      18   -9.179241496  -10.407279388
       1      19   -8.134622887   -9.743256323
       1      20   -8.134622886   -9.743349701
       1      21   -7.026308582   -7.349260966
       1      22   -7.026308566   -7.349322173
       1      23   -6.612785008   -8.530259271
       1      24   -6.612783777   -8.529654523
       1      25   -6.332716879   -8.882950477
       1      26   -6.332715506   -8.882219082
       1      27   -3.126293712   -4.039421515
       1      28   -3.126293088   -4.042007294
       1      29   -2.998807650   -1.779609634
       1      30   -2.998806955   -1.781607337
       1      31   -1.891639102   -0.249394220
       1      32   -1.891638835   -0.249737743
       1      33   -1.279011594   -0.468307112
       1      34   -1.279011300   -0.468523717
       1      35    2.651932320    4.085808872
       1      36    2.651932361    4.086059852
       1      37    2.909044285    4.618606370
       1      38    2.909044300    4.618236457
       1      39    3.282125733    6.829776416
       1      40    3.282125757    6.829034949
       1      41    5.167167782   13.604164586
       1      42    5.167167793   13.604124578
       1      43    5.582668184   12.034986717
       1      44    5.582668222   12.034804816
       1      45    7.149567927    8.127734227
       1      46    7.149568035    8.125214111
       1      47    7.620489861   18.860084332
       1      48    7.620489863   18.859895261
       1      49    7.714046550   13.412872389
       1      50    7.714046833   13.414030754
       1      51    9.159369427   13.887569626
       1      52    9.159369460   13.887986374
       1      53    9.701641888   34.047148010
       1      54    9.701642411   34.045676281
       1      55   10.083466266   14.276770040
       1      56   10.083466619   14.280592055
       1      57   10.160915030   18.995979878
       1      58   10.160915126   19.000471512
       1      59   12.372288041   17.133241268
       1      60   12.372288064   17.133090760
       1      61   13.551377259   36.799144820
       1      62   13.551377260   36.799619469
       1      63   13.877351206   58.035741862
       1      64   13.877351229   58.036048310
       1      65   14.834153149  126.541581561
       1      66   14.834153206  126.540742172
       1      67   15.592304564   94.830412630
       1      68   15.592304582   94.829687651
       1      69   16.262737528   21.517490524
       1      70   16.262737549   21.517116562
       1      71   17.047669768   32.825829132
       1      72   17.047669894   32.826240129
       1      73   17.205227739   87.436107115
       1      74   17.205227741   87.435765634
       1      75   17.670258672  271.867762022
       1      76   17.670258684  271.868048666
       1      77   19.471042924   81.213300852
       1      78   19.471043112   81.213507393
       1      79   19.564078517   58.275770561
       1      80   19.564078589   58.275666232
       1      81   19.767083802   33.539397865
       1      82   19.767083852   33.539741477
       1      83   20.779972610  136.038087421
       1      84   20.779972634  136.038362862
       1      85   21.104206586   35.816554525
       1      86   21.104207941   35.807754737
       1      87   21.222151385   69.124350076
       1      88   21.222152778   69.116573853
       1      89   22.748398942  103.765006783
       1      90   22.748398998  103.758028315
       1      91   22.758947851  167.014854797
       1      92   22.758948046  167.022683951
       1      93   22.917936514   50.649040205
       1      94   22.917936703   50.651298336
       1      95   22.949458548  115.007990441
       1      96   22.949458609  115.006888182
       1      97   24.063724352   83.792064824
       1      98   24.063725214   83.787356149
       1      99   24.084720520  114.210100647
       1     100   24.084720993  114.206770061
  0.666666667  0.500000000  0.000000000     100
       1       1  -65.468366296  -86.662284392
       1       2  -65.468363264  -86.465945163
       1       3  -42.219225026  -49.459422347
       1       4  -42.204415975  -50.030766463
       1       5  -39.715678627  -45.573522676
       1       6  -39.696201505  -46.635539812
       1       7  -39.570622578  -47.834770784
       1       8  -39.568905166  -47.388035148
       1       9  -17.545459325  -24.367088097
       1      10  -17.506052823  -24.381332249
       1      11  -17.368633908  -21.531899709
       1      12  -17.365575954  -21.559218537
       1      13  -10.630582318  -13.300689842
       1      14  -10.619141405  -13.318029421
       1      15  -10.254313400  -13.406216350
       1      16  -10.244392012  -13.432140548
       1      17   -9.147469612  -10.625703445
       1      18   -9.142133327  -10.567841401
       1      19   -8.577071065  -10.432602245
       1      20   -8.560055102  -10.503425419
       1      21   -7.703408159  -10.603214170
       1      22   -7.638030978  -10.585362622
       1      23   -7.117231765   -9.475045051
       1      24   -7.105351210   -9.496070947
       1      25   -5.867652862   -5.556517393
       1      26   -5.764839768   -5.585344122
       1      27   -3.108347546   -3.800808083
       1      28   -3.088699042   -3.539465001
       1      29   -2.527624443   -2.131036397
       1      30   -2.424766107   -1.885585293
       1      31   -2.018797234    2.271820762
       1      32   -2.014001765    2.287884698
       1      33   -0.900250676    2.736695408
       1      34   -0.871188039    2.732128481
       1      35    1.945954206    3.951385974
       1      36    1.983570973    4.149051806
       1      37    3.821254155    6.196184467
       1      38    3.848376290    6.011157002
       1      39    3.878469570    6.130763687
       1      40    3.888885677    6.365909754
       1      41    4.941518575   10.360367940
       1      42    4.945467259   10.158745624
       1      43    5.062526162    9.550550072
       1      44    5.065570796    9.595390689
       1      45    5.970862872    9.058744609
       1      46    5.985592249    9.115956240
       1      47    7.712110255   12.626901190
       1      48    7.716255999   12.690014615
       1      49    8.225864096   14.143861614
       1      50    8.236309590   14.216744582
       1      51    9.059452322   14.688459591
       1      52    9.065222597   14.677640729
       1      53    9.639266914   15.614483908
       1      54    9.642213683   15.551579117
       1      55   10.407410558   30.924179579
       1      56   10.439780022   30.637782518
       1      57   11.974971900   30.678924884
       1      58   11.982248278   30.280515332
       1      59   13.134246552   40.549661211
       1      60   13.137583513   40.160567532
       1      61   13.174716532   28.605633996
       1      62   13.179383878   27.667495528
       1      63   14.314039771   43.211413475
       1      64   14.317396255   43.315421012
       1      65   14.782152333   40.209020648
       1      66   14.823562084   40.371623129
       1      67   15.868757686   76.597081412
       1      68   15.902556264   76.219460120
       1      69   16.231175146   40.581058958
       1      70   16.237869751   40.698673168
       1      71   16.957433471   42.262897123
       1      72   16.962788225   42.017717674
       1      73   17.403831638   60.730002803
       1      74   17.455878987   62.808136890
       1      75   17.926377886  133.255584885
       1      76   17.928273858  135.574956165
       1      77   18.305840093   92.796339799
       1      78   18.308606662   93.073538076
       1      79   19.025693163  137.775041019
       1      80   19.025788725  138.775660714
       1      81   19.939287102  155.086903839
       1      82   19.940014863  155.355364813
       1      83   19.999146863  113.229288546
       1      84   20.005207262  113.810240952
       1      85   21.135561010  213.431177414
       1      86   21.153869060  214.178000273
       1      87   21.528340742   80.056969342
       1      88   21.532864693   79.274324006
       1      89   22.096326391   80.875582836
       1      90   22.098251101   81.239387835
       1      91   22.640343876  144.645682460
       1      92   22.645730748  145.306010069
       1      93   22.798633480  189.733134998
       1      94   22.799410300  186.955954138
       1      95   23.679960270   99.380230595
       1      96   23.683920930   99.820620733
       1      97   23.952069636   77.513941902
       1      98   23.979217309   76.812509303
       1      99   24.160327664  139.857784100
       1     100   24.160695305  140.319780748
  0.666666667  0.666666667  0.000000000     100
       1       1  -65.401753232  -90.529068814
       1       2  -65.401749094  -90.126714379
       1       3  -42.229734810  -51.033304058
       1       4  -42.207313108  -52.136493801
       1       5  -39.712518226  -43.437858268
       1       6  -39.665405234  -45.207217022
       1       7  -39.615869881  -52.986003580
       1       8  -39.600707828  -53.612946735
       1       9  -17.264210545  -24.944961404
       1      10  -17.213288676  -20.089469141
       1      11  -17.209745784  -20.095933675
       1      12  -17.200955503  -24.988570589
       1      13  -10.766230515  -15.057821838
       1      14  -10.757805370  -15.130973405
       1      15   -9.906111968  -14.561626072
       1      16   -9.870739461  -14.549073895
       1      17   -9.445776373  -11.872317113
       1      18   -9.385694983  -11.932285283
       1      19   -8.878069542   -8.446576230
       1      20   -8.854907927   -8.270677594
       1      21   -8.284119062   -9.771272148
       1      22   -8.234565690   -9.756384013
       1      23   -7.583150391  -13.318031805
       1      24   -7.561274110  -13.154493225
       1      25   -5.409090880   -2.656528161
       1      26   -5.275092823   -2.685441423
       1      27   -3.542934650   -6.936888757
       1      28   -3.539281196   -6.871222518
       1      29   -2.366516209    5.195502917
       1      30   -2.336866686    5.153338266
       1      31   -1.816692222   -2.127469177
       1      32   -1.687884614   -2.062965014
       1      33   -0.441932471    6.828658581
       1      34   -0.365452991    6.837804430
       1      35    2.027516857    3.812441457
       1      36    2.166008768    4.205969834
       1      37    2.546329127    7.910095589
       1      38    2.549616344    7.906214761
       1      39    4.795570522    9.408820584
       1      40    4.805630221    9.420752623
       1      41    5.763804509    7.713735955
       1      42    5.819486002    7.856057735
       1      43    6.369918835    4.568775160
       1      44    6.388269544    4.396331009
       1      45    7.152657463   13.253472629
       1      46    7.168996275   13.203471781
       1      47    7.275097520   12.642598837
       1      48    7.335305890   12.830256249
       1      49    7.705667157   19.339378751
       1      50    7.735533227   19.365917659
       1      51    7.753142252    9.091470087
       1      52    7.772106905    9.089747636
       1      53    9.011498321   12.619279869
       1      54    9.011504100   12.597886361
       1      55   10.574250771   21.644228196
       1      56   10.635186288   21.832844761
       1      57   11.716411868   29.579007961
       1      58   11.720744490   29.546777125
       1      59   12.955239129   41.097843519
       1      60   12.958488642   40.278139273
       1      61   13.252670979   25.637270538
       1      62   13.342426943   40.025392651
       1      63   13.364059125   35.296250070
       1      64   13.476003109   20.386005559
       1      65   14.107594893   36.756810846
       1      66   14.113370200   36.805864365
       1      67   14.875278640   65.368723596
       1      68   14.890625954   65.494188228
       1      69   15.448254296   60.816178463
       1      70   15.467092805   61.213042387
       1      71   17.704694913  101.068863898
       1      72   17.719314414  101.437030961
       1      73   19.267539814   28.147265174
       1      74   19.267694511   28.108673485
       1      75   20.137514347   56.670566014
       1      76   20.164076391   60.550308765
       1      77   20.174200636   39.025631618
       1      78   20.177655376   38.522577693
       1      79   20.213239053  113.193850986
       1      80   20.220904859  113.848907879
       1      81   20.465450049  292.434790687
       1      82   20.480211474  294.908277885
       1      83   20.512609219  220.648740700
       1      84   20.520725938   52.706857219
       1      85   20.526787537  257.774715828
       1      86   20.554461068   84.176712480
       1      87   21.406837736   80.434940588
       1      88   21.420543111   81.302007436
       1      89   21.673205874  158.234431261
       1      90   21.673823650  158.139943030
       1      91   21.730669360  302.712864932
       1      92   21.732628658  302.981237604
       1      93   22.792822354   64.897171341
       1      94   22.797309824   64.417737594
       1      95   22.829911326   61.518322988
       1      96   22.891090730   57.861392246
       1      97   23.836683849  231.665530997
       1      98   23.839576129  230.820756338
       1      99   23.928701873  156.964453886
       1     100   23.929767792  155.808083859
  0.666666667  0.833333333  0.000000000     100
       1       1  -65.468366689  -86.657367608
       1       2  -65.468363656  -86.460153346
       1       3  -42.219224668  -49.470155957
       1       4  -42.204415575  -50.014595568
       1       5  -39.715678846  -45.593501024
       1       6  -39.696201914  -46.636497822
       1       7  -39.570621182  -47.817944773
       1       8  -39.568903522  -47.366825396
       1       9  -17.545461689  -24.318179398
       1      10  -17.506055203  -24.330132529
       1      11  -17.368643223  -21.469007689
       1      12  -17.365585265  -21.488757329
       1      13  -10.630581076  -13.291630198
       1      14  -10.619140277  -13.309102706
       1      15  -10.254301738  -13.403865200
       1      16  -10.244380327  -13.429568228
       1      17   -9.147469283  -10.610706333
       1      18   -9.142132866  -10.552844413
       1      19   -8.577061976  -10.415043426
       1      20   -8.560046197  -10.484914144
       1      21   -7.703404923  -10.598369718
       1      22   -7.638027538  -10.581178075
       1      23   -7.117238941   -9.484802689
       1      24   -7.105358123   -9.505655972
       1      25   -5.867652473   -5.547054639
       1      26   -5.764839325   -5.575388249
       1      27   -3.108351221   -3.790018360
       1      28   -3.088701543   -3.532821080
       1      29   -2.527641198   -2.113660027
       1      30   -2.424781769   -1.869551711
       1      31   -2.018800087    2.284533195
       1      32   -2.014004569    2.300787302
       1      33   -0.900226914    2.679183223
       1      34   -0.871164047    2.676492576
       1      35    1.945958135    3.966241390
       1      36    1.983574400    4.172692592
       1      37    3.821262050    6.191352759
       1      38    3.848385950    6.001950378
       1      39    3.878478191    6.117906864
       1      40    3.888893260    6.355984635
       1      41    4.941524095   10.355522665
       1      42    4.945472253   10.143843452
       1      43    5.062527241    9.518488401
       1      44    5.065572161    9.570619658
       1      45    5.970866855    8.914173513
       1      46    5.985595484    8.987755133
       1      47    7.712100825   12.674833859
       1      48    7.716246583   12.730712477
       1      49    8.225860132   14.153194772
       1      50    8.236305944   14.217918540
       1      51    9.059438098   14.580774327
       1      52    9.065208249   14.571440097
       1      53    9.639270192   15.678515875
       1      54    9.642217313   15.605716831
       1      55   10.407411344   30.914733753
       1      56   10.439780432   30.634922251
       1      57   11.974981064   30.622328060
       1      58   11.982257657   30.231139747
       1      59   13.134238188   40.613820991
       1      60   13.137575271   40.225589332
       1      61   13.174711063   28.651622771
       1      62   13.179378155   27.717378204
       1      63   14.314031119   43.230638225
       1      64   14.317387615   43.333700488
       1      65   14.782139284   40.180084779
       1      66   14.823550460   40.347608871
       1      67   15.868745494   76.634328177
       1      68   15.902543484   76.255278181
       1      69   16.231161091   40.570998759
       1      70   16.237856033   40.688496803
       1      71   16.957425829   42.207434844
       1      72   16.962780176   41.961657263
       1      73   17.403845739   60.718700673
       1      74   17.455893750   62.790101441
       1      75   17.926363247  133.221015069
       1      76   17.928260075  135.542419702
       1      77   18.305843035   92.841573986
       1      78   18.308609600   93.111225580
       1      79   19.025699092  137.714236155
       1      80   19.025794888  138.711787591
       1      81   19.939298892  155.128598277
       1      82   19.940026786  155.399792556
       1      83   19.999127341  113.222453032
       1      84   20.005187620  113.800535584
       1      85   21.135548752  213.433631772
       1      86   21.153856705  214.177892789
       1      87   21.528349243   80.081479077
       1      88   21.532873135   79.306808880
       1      89   22.096332881   80.856512758
       1      90   22.098257473   81.225312080
       1      91   22.640335620  144.662002682
       1      92   22.645722551  145.309907561
       1      93   22.798630801  189.767692228
       1      94   22.799409241  186.990478236
       1      95   23.679967164   99.306861569
       1      96   23.683928291   99.740880752
       1      97   23.952065754   77.580925885
       1      98   23.979215551   76.880732980
       1      99   24.160319351  139.895098753
       1     100   24.160686683  140.352388446
  0.833333333  0.000000000  0.000000000     100
       1       1  -65.465979682  -88.602292611
       1       2  -65.465979682  -88.600671090
       1       3  -42.126170675  -50.474210284
       1       4  -42.126170673  -50.456172123
       1       5  -39.593525857  -49.410164870
       1       6  -39.593525856  -49.423114158
       1       7  -39.464892955  -44.975724689
       1       8  -39.464892954  -45.006225487
       1       9  -18.989633417  -23.603529132
       1      10  -18.989633367  -23.603449626
       1      11  -18.014213485  -22.425403016
       1      12  -18.014213480  -22.425329086
       1      13  -10.482477216  -13.303518808
       1      14  -10.482477174  -13.303845602
       1      15   -8.606809808   -9.493212179
       1      16   -8.606809638   -9.493011103
       1      17   -8.256219752   -7.217463061
       1      18   -8.256219555   -7.217479036
       1      19   -7.436873156   -8.797395913
       1      20   -7.436872986   -8.797351324
       1      21   -7.317408711  -10.345564747
       1      22   -7.317408656  -10.345701192
       1      23   -6.409759282   -7.096490521
       1      24   -6.409759264   -7.096506807
       1      25   -5.682866733  -10.874813614
       1      26   -5.682866656  -10.874977906
       1      27   -3.039488288   -1.163035286
       1      28   -3.039486540   -1.163192402
       1      29   -2.737498654   -3.920867872
       1      30   -2.737495895   -3.921115259
       1      31   -2.697294882   -3.322225083
       1      32   -2.697293754   -3.322302200
       1      33   -1.968034012   -0.292408016
       1      34   -1.968033642   -0.292376519
       1      35    2.575037673    2.073681758
       1      36    2.575038051    2.073724216
       1      37    4.137791616    8.200374559
       1      38    4.137791642    8.200467784
       1      39    4.498557148   10.215092955
       1      40    4.498557153   10.214738640
       1      41    5.011362468   13.950969249
       1      42    5.011363285   13.953234898
       1      43    5.208688709   15.948695832
       1      44    5.208688768   15.951852088
       1      45    6.274227824   12.729460004
       1      46    6.274227863   12.729025366
       1      47    6.755130638    6.870499396
       1      48    6.755131033    6.870505022
       1      49    7.214021645   14.793506605
       1      50    7.214021899   14.794004387
       1      51    7.784817077   13.318377724
       1      52    7.784817108   13.318039663
       1      53    9.124079809   17.053802162
       1      54    9.124079875   17.054084060
       1      55    9.888666613   10.891146961
       1      56    9.888667418   10.890662381
       1      57   10.280450774   35.394990107
       1      58   10.280451378   35.394508511
       1      59   11.412545330   18.474001453
       1      60   11.412545401   18.474266677
       1      61   12.579019596  106.312203556
       1      62   12.579019740  106.312210818
       1      63   13.626942959   43.664875333
       1      64   13.626942961   43.664895036
       1      65   15.232392446  160.102324074
       1      66   15.232392478  160.103292139
       1      67   15.261275488  135.553822205
       1      68   15.261275582  135.554972123
       1      69   16.200358583  185.248136987
       1      70   16.200358690  185.248220344
       1      71   16.815706575   28.261768080
       1      72   16.815706587   28.262162305
       1      73   17.301572764   34.902896673
       1      74   17.301573107   34.898937061
       1      75   17.627879432   38.548600463
       1      76   17.627881233   38.552222960
       1      77   18.613611057   68.484494663
       1      78   18.613613704   68.488567945
       1      79   18.800913256   22.299322408
       1      80   18.800914429   22.302316070
       1      81   19.943900257   27.656248867
       1      82   19.943900575   27.656885053
       1      83   20.086127036   27.796775024
       1      84   20.086127091   27.796855879
       1      85   21.051088471   54.519500440
       1      86   21.051088535   54.519364162
       1      87   21.767445912  236.699438772
       1      88   21.767445923  236.699440131
       1      89   21.956554249   66.100843131
       1      90   21.956554554   66.100481549
       1      91   22.406956963  110.081810608
       1      92   22.406957233  110.081561631
       1      93   24.302513342   76.831437020
       1      94   24.302513664   76.831447258
       1      95   24.837749197   63.493466545
       1      96   24.837749616   63.493481164
       1      97   24.923426585   42.343869566
       1      98   24.923426970   42.343628754
       1      99   25.307750076   55.411627730
       1     100   25.307750124   55.411362957
  0.833333333  0.166666667  0.000000000     100
       1       1  -65.465979527  -88.589704280
       1       2  -65.465979527  -88.590096240
       1       3  -42.126170799  -50.448179168
       1       4  -42.126170759  -50.449555831
       1       5  -39.593525267  -49.377389408
       1       6  -39.593525240  -49.380392851
       1       7  -39.464894048  -44.997344033
       1       8  -39.464893965  -45.003265241
       1       9  -18.989632811  -23.636413366
       1      10  -18.989632768  -23.636714859
       1      11  -18.014211285  -22.489451744
       1      12  -18.014211282  -22.489270100
       1      13  -10.482477430  -13.365167673
       1      14  -10.482477401  -13.365373770
       1      15   -8.606804696   -9.497221612
       1      16   -8.606804633   -9.497148568
       1      17   -8.256205000   -7.223411048
       1      18   -8.256204900   -7.223603860
       1      19   -7.436882538   -8.794002831
       1      20   -7.436882530   -8.793867933
       1      21   -7.317434944  -10.325674797
       1      22   -7.317434737  -10.325683326
       1      23   -6.409754485   -7.077934401
       1      24   -6.409754412   -7.077810104
       1      25   -5.682858165  -10.844088467
       1      26   -5.682858045  -10.844171755
       1      27   -3.039476395   -1.176782813
       1      28   -3.039476181   -1.177265763
       1      29   -2.737514092   -3.914330636
       1      30   -2.737513856   -3.915183566
       1      31   -2.697309650   -3.314215050
       1      32   -2.697309583   -3.314563002
       1      33   -1.968022083   -0.316189353
       1      34   -1.968021888   -0.316068606
       1      35    2.575039823    2.069349928
       1      36    2.575039953    2.069667035
       1      37    4.137786653    8.173824056
       1      38    4.137786657    8.173955829
       1      39    4.498559170   10.234800027
       1      40    4.498559178   10.235920790
       1      41    5.011375663   14.012563473
       1      42    5.011375758   14.015299602
       1      43    5.208688312   15.992354274
       1      44    5.208688324   15.990915301
       1      45    6.274245821   12.750548369
       1      46    6.274245840   12.749548838
       1      47    6.755119322    6.854497964
       1      48    6.755119461    6.855069033
       1      49    7.214025121   14.824142289
       1      50    7.214025123   14.825555567
       1      51    7.784789290   13.352139558
       1      52    7.784789322   13.351791783
       1      53    9.124073693   17.063366341
       1      54    9.124073746   17.067091011
       1      55    9.888652442   10.849746602
       1      56    9.888653021   10.849673788
       1      57   10.280468785   35.259964676
       1      58   10.280469076   35.261548196
       1      59   11.412547591   18.315870968
       1      60   11.412547615   18.316955561
       1      61   12.579027035  106.291717816
       1      62   12.579027040  106.291726307
       1      63   13.626960449   43.616628831
       1      64   13.626960461   43.616670348
       1      65   15.232398627  160.089691366
       1      66   15.232398651  160.089189835
       1      67   15.261285183  135.544849410
       1      68   15.261285210  135.544196284
       1      69   16.200348111  185.245343423
       1      70   16.200348122  185.245168929
       1      71   16.815712942   28.234741444
       1      72   16.815712993   28.236598456
       1      73   17.301589012   34.940688635
       1      74   17.301589135   34.940520346
       1      75   17.627894994   38.661367222
       1      76   17.627895427   38.659764081
       1      77   18.613624056   68.454710892
       1      78   18.613625377   68.453948708
       1      79   18.800892038   22.279192097
       1      80   18.800893244   22.280452689
       1      81   19.943875562   27.677135463
       1      82   19.943876217   27.677284067
       1      83   20.086100147   27.800329603
       1      84   20.086100180   27.799998641
       1      85   21.051086457   54.524834568
       1      86   21.051086497   54.525377818
       1      87   21.767448337  236.710200651
       1      88   21.767448338  236.710276214
       1      89   21.956562666   66.209595841
       1      90   21.956562943   66.209887181
       1      91   22.406965473  110.097867287
       1      92   22.406965813  110.098498473
       1      93   24.302514657   76.876550774
       1      94   24.302514787   76.875706158
       1      95   24.837782306   63.510483590
       1      96   24.837782792   63.509633482
       1      97   24.923395169   42.200423238
       1      98   24.923395681   42.199879810
       1      99   25.307746207   55.445760105
       1     100   25.307746283   55.445645117
  0.833333333  0.333333333  0.000000000     100
       1       1  -65.453769588  -86.387865778
       1       2  -65.453767784  -86.523370685
       1       3  -42.170480528  -49.360152457
       1       4  -42.163240451  -49.699666757
       1       5  -39.636360404  -46.953353380
       1       6  -39.634235664  -47.346154571
       1       7  -39.534290873  -45.807082856
       1       8  -39.525881131  -45.863319447
       1       9  -18.334010246  -24.840110721
       1      10  -18.318231096  -24.858237592
       1      11  -17.722536141  -23.046159415
       1      12  -17.721165710  -23.059859737
       1      13  -10.245734536  -12.858394643
       1      14  -10.220717289  -12.769117174
       1      15   -9.056407288   -7.585789608
       1      16   -9.046129217   -7.495042082
       1      17   -9.017569392  -10.768629917
       1      18   -8.988062058  -10.639512037
       1      19   -8.542473732   -7.725156714
       1      20   -8.516203849   -7.665510627
       1      21   -7.289162490   -9.689658624
       1      22   -7.213012961   -9.678025461
       1      23   -6.417985922   -9.160178725
       1      24   -6.383177493   -9.186861670
       1      25   -6.168057188   -8.570476300
       1      26   -6.099043121   -8.487000117
       1      27   -3.445812615   -2.808244763
       1      28   -3.384031116   -2.553138480
       1      29   -2.847928885   -3.209746328
       1      30   -2.831974625   -2.962039327
       1      31   -2.645256786   -1.103200758
       1      32   -2.592548728   -0.962069128
       1      33   -1.170746492   -0.947216831
       1      34   -1.137569042   -0.808471000
       1      35    3.626557632    2.635106455
       1      36    3.659790283    2.628242905
       1      37    4.108825304    8.152294644
       1      38    4.114094093    8.126325790
       1      39    4.242545570   10.596026906
       1      40    4.333528322   11.019869561
       1      41    4.972503005    7.359275197
       1      42    4.977818154    7.648555284
       1      43    5.116610828   10.745030243
       1      44    5.119130334   10.877455334
       1      45    6.377225528   12.050389521
       1      46    6.460976392   12.307629997
       1      47    6.974872449   11.799335909
       1      48    7.009343513   11.295876284
       1      49    7.026518021   12.406386956
       1      50    7.073719463   12.925077392
       1      51    7.846986164   20.631795925
       1      52    7.849614407   20.662235969
       1      53    9.209835598   23.433333168
       1      54    9.248773932   22.333614174
       1      55    9.762894759   12.527404889
       1      56    9.769430820   12.589982839
       1      57   10.615497296   31.563880779
       1      58   10.660545350   33.497587111
       1      59   12.076228180   20.488273929
       1      60   12.097790442   20.674754702
       1      61   14.435838294  129.548055459
       1      62   14.441038011  133.567890986
       1      63   15.090691693   41.310939852
       1      64   15.093920908   43.637387654
       1      65   15.220724992   90.572514799
       1      66   15.223437509   90.267362221
       1      67   15.554057812   64.996074504
       1      68   15.554320986   64.905431512
       1      69   15.934143449   48.750956625
       1      70   15.970723466   48.326175630
       1      71   16.783728643   35.626770517
       1      72   16.785561949   35.268269274
       1      73   16.917464227  168.015337151
       1      74   16.921489883  171.757818189
       1      75   17.693825468  100.153570432
       1      76   17.743617103   92.728275465
       1      77   18.030567464  102.312158005
       1      78   18.035051109  102.247537012
       1      79   19.504283147   33.983775605
       1      80   19.513776558   30.840687517
       1      81   19.632764489   42.358363762
       1      82   19.640344276   44.901118297
       1      83   19.713688633   77.781573137
       1      84   19.760134364   78.214155411
       1      85   21.307645946   59.138881579
       1      86   21.392890286   62.017116190
       1      87   21.447626751   68.420622699
       1      88   21.468243013   69.253925486
       1      89   22.135011067  172.634289782
       1      90   22.137843265  172.419376258
       1      91   22.483378413   83.942534460
       1      92   22.486113856   83.030235395
       1      93   23.579832844   46.531222080
       1      94   23.587965885   46.282479576
       1      95   23.734400321   52.404614127
       1      96   23.740289694   52.212457567
       1      97   24.301639656  143.289230766
       1      98   24.324379596  148.330912242
       1      99   24.372062314   92.200044267
       1     100   24.374800737   89.917409211
  0.833333333  0.500000000  0.000000000     100
       1       1  -65.468366368  -86.660689973
       1       2  -65.468363336  -86.463447748
       1       3  -42.219224966  -49.470918657
       1       4  -42.204415918  -50.011869543
       1       5  -39.715679021  -45.583582639
       1       6  -39.696202006  -46.638347756
       1       7  -39.570621857  -47.845814908
       1       8  -39.568904342  -47.376845423
       1       9  -17.545458730  -24.367827810
       1      10  -17.506052213  -24.382041984
       1      11  -17.368638476  -21.531900135
       1      12  -17.365580517  -21.558810746
       1      13  -10.630585238  -13.301359215
       1      14  -10.619144327  -13.318642727
       1      15  -10.254309599  -13.405910930
       1      16  -10.244388213  -13.431733277
       1      17   -9.147465167  -10.624750763
       1      18   -9.142128797  -10.566988784
       1      19   -8.577061677  -10.433350147
       1      20   -8.560045765  -10.504134634
       1      21   -7.703408167  -10.603514166
       1      22   -7.638030954  -10.585650611
       1      23   -7.117239482   -9.475746758
       1      24   -7.105358871   -9.496810712
       1      25   -5.867655595   -5.554608722
       1      26   -5.764842823   -5.583551943
       1      27   -3.108349694   -3.798009353
       1      28   -3.088701330   -3.536063553
       1      29   -2.527623962   -2.139155536
       1      30   -2.424766142   -1.892614838
       1      31   -2.018792088    2.272638857
       1      32   -2.013996552    2.289020532
       1      33   -0.900244670    2.734779968
       1      34   -0.871181831    2.730670339
       1      35    1.945958734    3.952503327
       1      36    1.983575558    4.150147204
       1      37    3.821248438    6.199921675
       1      38    3.848373740    6.015619361
       1      39    3.878465551    6.129848950
       1      40    3.888878156    6.363744131
       1      41    4.941530698   10.356235710
       1      42    4.945479697   10.161833677
       1      43    5.062530157    9.549721547
       1      44    5.065574854    9.587642752
       1      45    5.970855252    9.054726211
       1      46    5.985584560    9.111385565
       1      47    7.712103498   12.626549059
       1      48    7.716249224   12.689413688
       1      49    8.225857446   14.144444310
       1      50    8.236303015   14.217198392
       1      51    9.059445555   14.687718001
       1      52    9.065215659   14.676627212
       1      53    9.639264505   15.617784012
       1      54    9.642211592   15.554343309
       1      55   10.407413523   30.927054975
       1      56   10.439783296   30.641011340
       1      57   11.974969433   30.680477785
       1      58   11.982246016   30.282658813
       1      59   13.134243477   40.552253502
       1      60   13.137580629   40.163026374
       1      61   13.174719825   28.601875365
       1      62   13.179387649   27.663357083
       1      63   14.314041772   43.212210203
       1      64   14.317398270   43.316225979
       1      65   14.782154515   40.207710162
       1      66   14.823564374   40.370165041
       1      67   15.868750472   76.600566033
       1      68   15.902549209   76.222806569
       1      69   16.231173207   40.581189977
       1      70   16.237867857   40.698849474
       1      71   16.957432014   42.260994296
       1      72   16.962786541   42.015557038
       1      73   17.403842323   60.728200418
       1      74   17.455890260   62.805736163
       1      75   17.926375250  133.255111563
       1      76   17.928271683  135.574655083
       1      77   18.305844422   92.795234221
       1      78   18.308611002   93.072848323
       1      79   19.025699518  137.775372377
       1      80   19.025794897  138.775789593
       1      81   19.939293482  155.092380488
       1      82   19.940021314  155.361091907
       1      83   19.999146149  113.227387752
       1      84   20.005206501  113.808093409
       1      85   21.135550951  213.432172215
       1      86   21.153858794  214.179305539
       1      87   21.528329007   80.058719866
       1      88   21.532852927   79.275914291
       1      89   22.096327909   80.873513954
       1      90   22.098252934   81.237330654
       1      91   22.640335968  144.645826653
       1      92   22.645722820  145.305993915
       1      93   22.798622060  189.733233514
       1      94   22.799399541  186.956405369
       1      95   23.679958349   99.378079264
       1      96   23.683919104   99.819565913
       1      97   23.952063638   77.513597960
       1      98   23.979211751   76.811499711
       1      99   24.160332079  139.857118454
       1     100   24.160699643  140.318511993
  0.833333333  0.666666667  0.000000000     100
       1       1  -65.468366580  -86.661439948
       1       2  -65.468363547  -86.465314931
       1       3  -42.219224834  -49.466748728
       1       4  -42.204415739  -50.003246026
       1       5  -39.715678857  -45.589738795
       1       6  -39.696201828  -46.638398183
       1       7  -39.570621675  -47.822984836
       1       8  -39.568904111  -47.355180158
       1       9  -17.545459956  -24.315883754
       1      10  -17.506053459  -24.327343350
       1      11  -17.368641549  -21.467722751
       1      12  -17.365583593  -21.487701159
       1      13  -10.630580341  -13.292974595
       1      14  -10.619139564  -13.310333975
       1      15  -10.254302733  -13.403181322
       1      16  -10.244381300  -13.428898915
       1      17   -9.147466908  -10.611439059
       1      18   -9.142130478  -10.553621128
       1      19   -8.577064644  -10.415507608
       1      20   -8.560048786  -10.485408847
       1      21   -7.703409912  -10.597149459
       1      22   -7.638032503  -10.580037334
       1      23   -7.117239173   -9.487308302
       1      24   -7.105358490   -9.508130251
       1      25   -5.867650816   -5.547701432
       1      26   -5.764837565   -5.575999873
       1      27   -3.108350988   -3.790233989
       1      28   -3.088701129   -3.534334871
       1      29   -2.527641752   -2.110635602
       1      30   -2.424782114   -1.867406288
       1      31   -2.018800718    2.284405867
       1      32   -2.014005118    2.300740603
       1      33   -0.900229130    2.682575627
       1      34   -0.871166256    2.679937489
       1      35    1.945964426    3.963226207
       1      36    1.983580699    4.169913174
       1      37    3.821256267    6.183692618
       1      38    3.848381793    6.000400176
       1      39    3.878473877    6.117717218
       1      40    3.888887577    6.347081467
       1      41    4.941516561   10.363546363
       1      42    4.945464888   10.156315519
       1      43    5.062525377    9.514798092
       1      44    5.065570175    9.561712576
       1      45    5.970864875    8.909364168
       1      46    5.985593708    8.981520629
       1      47    7.712105488   12.680932410
       1      48    7.716251308   12.736732686
       1      49    8.225873348   14.152153971
       1      50    8.236319146   14.218637950
       1      51    9.059441654   14.580220508
       1      52    9.065211984   14.571338943
       1      53    9.639269892   15.694866341
       1      54    9.642216812   15.623979753
       1      55   10.407411979   30.905473213
       1      56   10.439781078   30.625412477
       1      57   11.974981068   30.613532697
       1      58   11.982257649   30.221797941
       1      59   13.134239593   40.616224007
       1      60   13.137576515   40.229045926
       1      61   13.174709014   28.663884850
       1      62   13.179376070   27.730610972
       1      63   14.314029328   43.234281907
       1      64   14.317385852   43.337728723
       1      65   14.782136865   40.177557641
       1      66   14.823547969   40.345698574
       1      67   15.868745782   76.628765433
       1      68   15.902543807   76.249826202
       1      69   16.231157482   40.564891103
       1      70   16.237852348   40.682850025
       1      71   16.957421491   42.215647417
       1      72   16.962775909   41.969917891
       1      73   17.403839383   60.717587003
       1      74   17.455887680   62.788650640
       1      75   17.926361640  133.219359317
       1      76   17.928258771  135.541549935
       1      77   18.305840629   92.830846415
       1      78   18.308607225   93.101090579
       1      79   19.025700091  137.713248431
       1      80   19.025795813  138.709952438
       1      81   19.939298030  155.129607861
       1      82   19.940025894  155.399618190
       1      83   19.999128511  113.221502075
       1      84   20.005188838  113.800683329
       1      85   21.135556492  213.431164810
       1      86   21.153864517  214.175117959
       1      87   21.528363048   80.090698176
       1      88   21.532886996   79.315704946
       1      89   22.096341073   80.849236043
       1      90   22.098265720   81.218195848
       1      91   22.640342764  144.665012669
       1      92   22.645729643  145.311947990
       1      93   22.798636445  189.770535419
       1      94   22.799414888  186.993622850
       1      95   23.679971875   99.298646021
       1      96   23.683932983   99.732893690
       1      97   23.952069597   77.593084460
       1      98   23.979219317   76.892630984
       1      99   24.160319691  139.886386499
       1     100   24.160687085  140.342901276
  0.833333333  0.833333333  0.000000000     100
       1       1  -65.453769976  -86.388326016
       1       2  -65.453768172  -86.524196401
       1       3  -42.170480311  -49.352992717
       1       4  -42.163240145  -49.680131796
       1       5  -39.636360970  -46.953036021
       1       6  -39.634236205  -47.335505631
       1       7  -39.534289535  -45.792654159
       1       8  -39.525879699  -45.833398705
       1       9  -18.334011870  -24.844011640
       1      10  -18.318232740  -24.859559417
       1      11  -17.722541223  -22.868614762
       1      12  -17.721170797  -22.882255264
       1      13  -10.245733165  -12.811774771
       1      14  -10.220715603  -12.722962218
       1      15   -9.056401985   -7.554625287
       1      16   -9.046123450   -7.463302870
       1      17   -9.017563045  -10.761694505
       1      18   -8.988056091  -10.632273097
       1      19   -8.542472127   -7.710244229
       1      20   -8.516202501   -7.651405368
       1      21   -7.289167037   -9.697315542
       1      22   -7.213017157   -9.685469464
       1      23   -6.417984120   -9.180343786
       1      24   -6.383175595   -9.206779960
       1      25   -6.168062157   -8.576169087
       1      26   -6.099047398   -8.491774024
       1      27   -3.445806095   -2.827721218
       1      28   -3.384024856   -2.574669229
       1      29   -2.847938901   -3.189553125
       1      30   -2.831985123   -2.946152543
       1      31   -2.645250183   -1.103804119
       1      32   -2.592542439   -0.961951690
       1      33   -1.170745267   -0.977984315
       1      34   -1.137568382   -0.838882816
       1      35    3.626562677    2.661105668
       1      36    3.659794870    2.651258681
       1      37    4.108830899    8.138619660
       1      38    4.114099601    8.109881485
       1      39    4.242551312   10.642694124
       1      40    4.333533334   11.069666114
       1      41    4.972515381    7.330660850
       1      42    4.977831356    7.615810713
       1      43    5.116616797   10.815893144
       1      44    5.119136203   10.942733771
       1      45    6.377212507   12.047820459
       1      46    6.460964283   12.234748113
       1      47    6.974873974   11.678367847
       1      48    7.009348662   11.146447713
       1      49    7.026512330   12.323130263
       1      50    7.073709239   12.903739370
       1      51    7.846982831   20.585855098
       1      52    7.849611039   20.611425376
       1      53    9.209829181   23.413575602
       1      54    9.248767594   22.307989571
       1      55    9.762884542   12.488117694
       1      56    9.769420477   12.567445193
       1      57   10.615506824   31.439111884
       1      58   10.660553953   33.363215392
       1      59   12.076223612   20.445751423
       1      60   12.097785846   20.615309445
       1      61   14.435831234  129.541060550
       1      62   14.441031461  133.564539814
       1      63   15.090699419   41.307016311
       1      64   15.093929457   43.626950344
       1      65   15.220715233   90.572171357
       1      66   15.223427870   90.267969783
       1      67   15.554057437   64.972196829
       1      68   15.554320686   64.891813677
       1      69   15.934149628   48.807890296
       1      70   15.970729602   48.365275067
       1      71   16.783726968   35.659717013
       1      72   16.785560221   35.299466077
       1      73   16.917461854  168.011344646
       1      74   16.921487017  171.755269575
       1      75   17.693819258  100.081271312
       1      76   17.743611327   92.663591901
       1      77   18.030555118  102.391543251
       1      78   18.035038616  102.330192684
       1      79   19.504256545   33.930366506
       1      80   19.513748805   30.790530408
       1      81   19.632748834   42.376826218
       1      82   19.640331165   44.908126569
       1      83   19.713692653   77.818849574
       1      84   19.760143731   78.248923848
       1      85   21.307640237   59.270525142
       1      86   21.392883067   62.151906002
       1      87   21.447619840   68.430597291
       1      88   21.468235703   69.283019241
       1      89   22.135016117  172.742486085
       1      90   22.137848526  172.522670783
       1      91   22.483381185   83.987229936
       1      92   22.486116532   83.075917197
       1      93   23.579826100   46.514556899
       1      94   23.587958755   46.273333950
       1      95   23.734389835   52.524940896
       1      96   23.740279394   52.328279387
       1      97   24.301626942  143.293468081
       1      98   24.324366358  148.343818685
       1      99   24.372066058   92.244654312
       1     100   24.374805017   89.955039840
