2026-04-25 14:07:18,189 jax._src.dispatch WARNING: Finished tracing + transforming convert_element_type for pjit in 0.000354052 sec
2026-04-25 14:07:18,190 jax._src.pjit WARNING: TRACING CACHE MISS at /global/homes/j/jackm/software/lorrax_B/src/psp/scf_potential.py:147:12 (build_rho_val_from_wfn) because:
  never seen function:
    convert_element_type id=140026877965504 defined at /opt/jax/jax/_src/dispatch.py:96
2026-04-25 14:07:18,191 jax._src.interpreters.pxla WARNING: Compiling convert_element_type with global shapes and types [ShapedArray(float64[])]. Argument mapping: (UnspecifiedValue,).
2026-04-25 14:07:18,309 jax._src.dispatch WARNING: Finished jaxpr to MLIR module conversion jit(convert_element_type) in 0.118015766 sec
2026-04-25 14:07:18,363 jax._src.compiler WARNING: Persistent compilation cache hit for 'jit_convert_element_type' with key 'jit_convert_element_type-9f6400ec2bbf30b8b2ff2f5ab761f4311ef1e98b3cab21337e22dd06855a3cc6'
2026-04-25 14:07:18,364 jax._src.dispatch WARNING: Finished XLA compilation of jit(convert_element_type) in 0.053947449 sec
2026-04-25 14:07:18,392 jax._src.dispatch WARNING: Finished tracing + transforming broadcast_in_dim for pjit in 0.000275850 sec
2026-04-25 14:07:18,392 jax._src.pjit WARNING: TRACING CACHE MISS at /global/homes/j/jackm/software/lorrax_B/src/psp/scf_potential.py:147:12 (build_rho_val_from_wfn) because:
  never seen function:
    broadcast_in_dim id=140026611685696 defined at /opt/jax/jax/_src/dispatch.py:96
  but seen another function defined on the same line; maybe the function is
  being re-defined repeatedly, preventing caching?
2026-04-25 14:07:18,393 jax._src.interpreters.pxla WARNING: Compiling broadcast_in_dim with global shapes and types [ShapedArray(float64[])]. Argument mapping: (UnspecifiedValue,).
2026-04-25 14:07:18,395 jax._src.dispatch WARNING: Finished jaxpr to MLIR module conversion jit(broadcast_in_dim) in 0.002245188 sec
2026-04-25 14:07:18,406 jax._src.compiler WARNING: Persistent compilation cache hit for 'jit_broadcast_in_dim' with key 'jit_broadcast_in_dim-6714caa19902f97639613f1374641dfbcaf1aeaab22999a0e01462ba7015fa25'
2026-04-25 14:07:18,406 jax._src.dispatch WARNING: Finished XLA compilation of jit(broadcast_in_dim) in 0.010831356 sec
2026-04-25 14:07:18,422 jax._src.dispatch WARNING: Finished tracing + transforming _moveaxis for pjit in 0.000145674 sec
2026-04-25 14:07:18,422 jax._src.interpreters.pxla WARNING: Compiling _moveaxis with global shapes and types [ShapedArray(complex128[26,2,24,24,80])]. Argument mapping: (UnspecifiedValue,).
2026-04-25 14:07:18,424 jax._src.dispatch WARNING: Finished jaxpr to MLIR module conversion jit(_moveaxis) in 0.001924753 sec
2026-04-25 14:07:18,429 jax._src.compiler WARNING: Persistent compilation cache hit for 'jit__moveaxis' with key 'jit__moveaxis-9b3969141e9aabec9178cb34847793530bdf27af4f02c2c8236587abe288b497'
2026-04-25 14:07:18,429 jax._src.dispatch WARNING: Finished XLA compilation of jit(_moveaxis) in 0.004664183 sec
2026-04-25 14:07:18,431 jax._src.dispatch WARNING: Finished tracing + transforming fft for pjit in 0.000227928 sec
2026-04-25 14:07:18,431 jax._src.pjit WARNING: TRACING CACHE MISS at /global/homes/j/jackm/software/lorrax_B/src/psp/scf_potential.py:153:16 (build_rho_val_from_wfn) because:
  never seen function:
    fft id=140028068971520 defined at /opt/jax/jax/_src/lax/fft.py:68
2026-04-25 14:07:18,431 jax._src.interpreters.pxla WARNING: Compiling fft with global shapes and types [ShapedArray(complex128[26,2,24,24,80])]. Argument mapping: (UnspecifiedValue,).
2026-04-25 14:07:18,434 jax._src.dispatch WARNING: Finished jaxpr to MLIR module conversion jit(fft) in 0.002769470 sec
2026-04-25 14:07:18,438 jax._src.compiler WARNING: Persistent compilation cache hit for 'jit_fft' with key 'jit_fft-5572fbc71968835758c29c5a6ea5f6bb922da88698500467a0b30fa9841b5013'
2026-04-25 14:07:18,439 jax._src.dispatch WARNING: Finished XLA compilation of jit(fft) in 0.004210472 sec
2026-04-25 14:07:18,918 jax._src.dispatch WARNING: Finished tracing + transforming convert_element_type for pjit in 0.000221014 sec
2026-04-25 14:07:18,918 jax._src.pjit WARNING: TRACING CACHE MISS at /global/homes/j/jackm/software/lorrax_B/src/psp/scf_potential.py:153:16 (build_rho_val_from_wfn) because:
  never seen function:
    convert_element_type id=140026611497408 defined at /opt/jax/jax/_src/dispatch.py:96
  but seen another function defined on the same line; maybe the function is
  being re-defined repeatedly, preventing caching?
2026-04-25 14:07:18,918 jax._src.interpreters.pxla WARNING: Compiling convert_element_type with global shapes and types [ShapedArray(complex128[3])]. Argument mapping: (UnspecifiedValue,).
2026-04-25 14:07:18,920 jax._src.dispatch WARNING: Finished jaxpr to MLIR module conversion jit(convert_element_type) in 0.002150774 sec
2026-04-25 14:07:18,938 jax._src.compiler WARNING: Persistent compilation cache hit for 'jit_convert_element_type' with key 'jit_convert_element_type-cdd752ca98507fbd49641e36509530c06e00a219ca754020aa9ae3eb7a152f5b'
2026-04-25 14:07:18,938 jax._src.dispatch WARNING: Finished XLA compilation of jit(convert_element_type) in 0.017229557 sec
2026-04-25 14:07:18,939 jax._src.dispatch WARNING: Finished tracing + transforming _reduce_prod for pjit in 0.000486612 sec
2026-04-25 14:07:18,940 jax._src.interpreters.pxla WARNING: Compiling _reduce_prod with global shapes and types [ShapedArray(complex128[3])]. Argument mapping: (UnspecifiedValue,).
2026-04-25 14:07:18,945 jax._src.dispatch WARNING: Finished jaxpr to MLIR module conversion jit(_reduce_prod) in 0.005063772 sec
2026-04-25 14:07:18,956 jax._src.compiler WARNING: Persistent compilation cache hit for 'jit__reduce_prod' with key 'jit__reduce_prod-2e16ca64e707523c447815c124542b8e4d207a620ab96a20bee1bf485e434cff'
2026-04-25 14:07:18,956 jax._src.dispatch WARNING: Finished XLA compilation of jit(_reduce_prod) in 0.010607243 sec
2026-04-25 14:07:18,957 jax._src.dispatch WARNING: Finished tracing + transforming sqrt for pjit in 0.000252962 sec
2026-04-25 14:07:18,957 jax._src.interpreters.pxla WARNING: Compiling sqrt with global shapes and types [ShapedArray(complex128[])]. Argument mapping: (UnspecifiedValue,).
2026-04-25 14:07:18,959 jax._src.dispatch WARNING: Finished jaxpr to MLIR module conversion jit(sqrt) in 0.001619816 sec
2026-04-25 14:07:18,967 jax._src.compiler WARNING: Persistent compilation cache hit for 'jit_sqrt' with key 'jit_sqrt-9e8201ef92e6f1911d98d70d4b72902fb55401f656bbb3efe11fa3daaeca12bb'
2026-04-25 14:07:18,967 jax._src.dispatch WARNING: Finished XLA compilation of jit(sqrt) in 0.008210659 sec
2026-04-25 14:07:18,970 jax._src.dispatch WARNING: Finished tracing + transforming multiply for pjit in 0.000372648 sec
2026-04-25 14:07:18,970 jax._src.interpreters.pxla WARNING: Compiling multiply with global shapes and types [ShapedArray(complex128[26,2,24,24,80]), ShapedArray(complex128[])]. Argument mapping: (UnspecifiedValue, UnspecifiedValue).
2026-04-25 14:07:18,972 jax._src.dispatch WARNING: Finished jaxpr to MLIR module conversion jit(multiply) in 0.001843214 sec
2026-04-25 14:07:18,979 jax._src.compiler WARNING: Persistent compilation cache hit for 'jit_multiply' with key 'jit_multiply-48c5c40357617c3d0c632138fbab06d025ad78ce3030293db2f9648ee54863a6'
2026-04-25 14:07:18,979 jax._src.dispatch WARNING: Finished XLA compilation of jit(multiply) in 0.006499767 sec
2026-04-25 14:07:18,993 jax._src.dispatch WARNING: Finished tracing + transforming _moveaxis for pjit in 0.000105619 sec
2026-04-25 14:07:18,993 jax._src.interpreters.pxla WARNING: Compiling _moveaxis with global shapes and types [ShapedArray(complex128[26,2,24,24,80])]. Argument mapping: (UnspecifiedValue,).
2026-04-25 14:07:18,995 jax._src.dispatch WARNING: Finished jaxpr to MLIR module conversion jit(_moveaxis) in 0.001852036 sec
2026-04-25 14:07:18,999 jax._src.compiler WARNING: Persistent compilation cache hit for 'jit__moveaxis' with key 'jit__moveaxis-9b3969141e9aabec9178cb34847793530bdf27af4f02c2c8236587abe288b497'
2026-04-25 14:07:18,999 jax._src.dispatch WARNING: Finished XLA compilation of jit(_moveaxis) in 0.003733397 sec
2026-04-25 14:07:19,004 jax._src.dispatch WARNING: Finished tracing + transforming absolute for pjit in 0.000195026 sec
2026-04-25 14:07:19,005 jax._src.dispatch WARNING: Finished tracing + transforming abs for pjit in 0.000567436 sec
2026-04-25 14:07:19,005 jax._src.interpreters.pxla WARNING: Compiling abs with global shapes and types [ShapedArray(complex128[26,2,24,24,80])]. Argument mapping: (UnspecifiedValue,).
2026-04-25 14:07:19,007 jax._src.dispatch WARNING: Finished jaxpr to MLIR module conversion jit(abs) in 0.002025127 sec
2026-04-25 14:07:19,013 jax._src.compiler WARNING: Persistent compilation cache hit for 'jit_abs' with key 'jit_abs-5eabe7ec17196178237ee58b9ed94d38722b2dcb61296b4cbaf4d94156abc934'
2026-04-25 14:07:19,013 jax._src.dispatch WARNING: Finished XLA compilation of jit(abs) in 0.005349874 sec
2026-04-25 14:07:19,016 jax._src.dispatch WARNING: Finished tracing + transforming integer_pow for pjit in 0.000161648 sec
2026-04-25 14:07:19,016 jax._src.pjit WARNING: TRACING CACHE MISS at /global/homes/j/jackm/software/lorrax_B/src/psp/scf_potential.py:154:32 (build_rho_val_from_wfn) because:
  never seen function:
    integer_pow id=140026875104928 defined at /opt/jax/jax/_src/dispatch.py:96
2026-04-25 14:07:19,016 jax._src.interpreters.pxla WARNING: Compiling integer_pow with global shapes and types [ShapedArray(float64[26,2,24,24,80])]. Argument mapping: (UnspecifiedValue,).
2026-04-25 14:07:19,019 jax._src.dispatch WARNING: Finished jaxpr to MLIR module conversion jit(integer_pow) in 0.002979517 sec
2026-04-25 14:07:19,024 jax._src.compiler WARNING: Persistent compilation cache hit for 'jit_integer_pow' with key 'jit_integer_pow-d756e5200b41f20f1adc7382faafbea73a30d93a1afc280677e9869fb943dae2'
2026-04-25 14:07:19,024 jax._src.dispatch WARNING: Finished XLA compilation of jit(integer_pow) in 0.004108429 sec
2026-04-25 14:07:19,033 jax._src.dispatch WARNING: Finished tracing + transforming _reduce_sum for pjit in 0.000415564 sec
2026-04-25 14:07:19,033 jax._src.interpreters.pxla WARNING: Compiling _reduce_sum with global shapes and types [ShapedArray(float64[26,2,24,24,80])]. Argument mapping: (UnspecifiedValue,).
2026-04-25 14:07:19,035 jax._src.dispatch WARNING: Finished jaxpr to MLIR module conversion jit(_reduce_sum) in 0.002094030 sec
2026-04-25 14:07:19,040 jax._src.compiler WARNING: Persistent compilation cache hit for 'jit__reduce_sum' with key 'jit__reduce_sum-d51b50b71bd8fbd27823de086e02e1710141dacf02830d8dcb3d738546914d83'
2026-04-25 14:07:19,040 jax._src.dispatch WARNING: Finished XLA compilation of jit(_reduce_sum) in 0.004287958 sec
2026-04-25 14:07:19,043 jax._src.dispatch WARNING: Finished tracing + transforming add for pjit in 0.000252485 sec
2026-04-25 14:07:19,043 jax._src.interpreters.pxla WARNING: Compiling add with global shapes and types [ShapedArray(float64[24,24,80]), ShapedArray(float64[24,24,80])]. Argument mapping: (UnspecifiedValue, UnspecifiedValue).
2026-04-25 14:07:19,045 jax._src.dispatch WARNING: Finished jaxpr to MLIR module conversion jit(add) in 0.001982689 sec
2026-04-25 14:07:19,050 jax._src.compiler WARNING: Persistent compilation cache hit for 'jit_add' with key 'jit_add-52a3c494e4c1eabe3531b66305b7f27116099e08edef926c04c3d400c676a13f'
2026-04-25 14:07:19,050 jax._src.dispatch WARNING: Finished XLA compilation of jit(add) in 0.004376411 sec
2026-04-25 14:07:19,163 jax._src.dispatch WARNING: Finished tracing + transforming multiply for pjit in 0.000351667 sec
2026-04-25 14:07:19,164 jax._src.interpreters.pxla WARNING: Compiling multiply with global shapes and types [ShapedArray(float64[24,24,80]), ShapedArray(float64[], weak_type=True)]. Argument mapping: (UnspecifiedValue, UnspecifiedValue).
2026-04-25 14:07:19,166 jax._src.dispatch WARNING: Finished jaxpr to MLIR module conversion jit(multiply) in 0.002149343 sec
2026-04-25 14:07:19,172 jax._src.compiler WARNING: Persistent compilation cache hit for 'jit_multiply' with key 'jit_multiply-6d7c89ca936cd370c0e756b1e3ffc1d3dd288004b8e9a692fb7aae2588e0a369'
2026-04-25 14:07:19,172 jax._src.dispatch WARNING: Finished XLA compilation of jit(multiply) in 0.005187750 sec
2026-04-25 14:07:19,173 jax._src.dispatch WARNING: Finished tracing + transforming _reduce_sum for pjit in 0.000368118 sec
2026-04-25 14:07:19,174 jax._src.interpreters.pxla WARNING: Compiling _reduce_sum with global shapes and types [ShapedArray(float64[24,24,80])]. Argument mapping: (UnspecifiedValue,).
2026-04-25 14:07:19,175 jax._src.dispatch WARNING: Finished jaxpr to MLIR module conversion jit(_reduce_sum) in 0.001673937 sec
2026-04-25 14:07:19,180 jax._src.compiler WARNING: Persistent compilation cache hit for 'jit__reduce_sum' with key 'jit__reduce_sum-5ffa2f501ffc9927ec4e2b90871d75e75e7703347732111df56662fc450719ce'
2026-04-25 14:07:19,180 jax._src.dispatch WARNING: Finished XLA compilation of jit(_reduce_sum) in 0.004463673 sec
2026-04-25 14:07:23,468 jax._src.dispatch WARNING: Finished tracing + transforming less for pjit in 0.000610113 sec
2026-04-25 14:07:23,469 jax._src.dispatch WARNING: Finished tracing + transforming add for pjit in 0.000271559 sec
2026-04-25 14:07:23,471 jax._src.dispatch WARNING: Finished tracing + transforming matmul for pjit in 0.000934362 sec
2026-04-25 14:07:23,472 jax._src.dispatch WARNING: Finished tracing + transforming multiply for pjit in 0.000468016 sec
2026-04-25 14:07:23,473 jax._src.dispatch WARNING: Finished tracing + transforming exp for pjit in 0.000236273 sec
2026-04-25 14:07:23,473 jax._src.dispatch WARNING: Finished tracing + transforming less for pjit in 0.000343561 sec
2026-04-25 14:07:23,474 jax._src.dispatch WARNING: Finished tracing + transforming multiply for pjit in 0.000363111 sec
2026-04-25 14:07:23,474 jax._src.dispatch WARNING: Finished tracing + transforming add for pjit in 0.000207901 sec
2026-04-25 14:07:23,476 jax._src.dispatch WARNING: Finished tracing + transforming species_structure_factors for pjit in 0.012339354 sec
2026-04-25 14:07:23,476 jax._src.pjit WARNING: TRACING CACHE MISS at /global/homes/j/jackm/software/lorrax_B/src/psp/ionic_gspace.py:233:16 (_ionic_gspace_jit) because:
  never seen function:
    species_structure_factors id=140027410343840 defined at /global/homes/j/jackm/software/lorrax_B/src/psp/ionic_gspace.py:31
2026-04-25 14:07:23,477 jax._src.dispatch WARNING: Finished tracing + transforming multiply for pjit in 0.000280619 sec
2026-04-25 14:07:23,478 jax._src.dispatch WARNING: Finished tracing + transforming add for pjit in 0.000207663 sec
2026-04-25 14:07:23,478 jax._src.dispatch WARNING: Finished tracing + transforming subtract for pjit in 0.000209093 sec
2026-04-25 14:07:23,479 jax._src.dispatch WARNING: Finished tracing + transforming true_divide for pjit in 0.000219822 sec
2026-04-25 14:07:23,479 jax._src.dispatch WARNING: Finished tracing + transforming floor for pjit in 0.000324249 sec
2026-04-25 14:07:23,480 jax._src.dispatch WARNING: Finished tracing + transforming maximum for pjit in 0.000350952 sec
2026-04-25 14:07:23,481 jax._src.dispatch WARNING: Finished tracing + transforming minimum for pjit in 0.000288248 sec
2026-04-25 14:07:23,481 jax._src.dispatch WARNING: Finished tracing + transforming clip for pjit in 0.001274347 sec
2026-04-25 14:07:23,481 jax._src.pjit WARNING: TRACING CACHE MISS at /global/homes/j/jackm/software/lorrax_B/src/psp/radial/radial_jax.py:152:10 (interp_uniform_jax) because:
  never seen function:
    clip id=140028065015712 defined at /opt/jax/jax/_src/numpy/lax_numpy.py:3379
2026-04-25 14:07:23,482 jax._src.dispatch WARNING: Finished tracing + transforming subtract for pjit in 0.000277281 sec
2026-04-25 14:07:23,482 jax._src.dispatch WARNING: Finished tracing + transforming maximum for pjit in 0.000292778 sec
2026-04-25 14:07:23,483 jax._src.dispatch WARNING: Finished tracing + transforming minimum for pjit in 0.000255346 sec
2026-04-25 14:07:23,483 jax._src.dispatch WARNING: Finished tracing + transforming clip for pjit in 0.001112938 sec
2026-04-25 14:07:23,483 jax._src.pjit WARNING: TRACING CACHE MISS at /global/homes/j/jackm/software/lorrax_B/src/psp/radial/radial_jax.py:153:8 (interp_uniform_jax) because:
  for clip defined at /opt/jax/jax/_src/numpy/lax_numpy.py:3379
  never seen input type signature:
    arr: f64[46080],  min: f64[],  max: f64[]
  closest seen input type signature has 3 mismatches, including:
    * at arr, seen i32[46080], but now given f64[46080]
    * at min, seen i64[], but now given f64[]
    * at max, seen i64[], but now given f64[]
2026-04-25 14:07:23,484 jax._src.dispatch WARNING: Finished tracing + transforming less for pjit in 0.000286579 sec
2026-04-25 14:07:23,485 jax._src.dispatch WARNING: Finished tracing + transforming add for pjit in 0.000298977 sec
2026-04-25 14:07:23,486 jax._src.dispatch WARNING: Finished tracing + transforming _broadcast_arrays for pjit in 0.000105619 sec
2026-04-25 14:07:23,486 jax._src.dispatch WARNING: Finished tracing + transforming _where for pjit in 0.000578880 sec
2026-04-25 14:07:23,486 jax._src.pjit WARNING: TRACING CACHE MISS at /global/homes/j/jackm/software/lorrax_B/src/psp/radial/radial_jax.py:155:11 (interp_uniform_jax) because:
  never seen function:
    _where id=140028067409536 defined at /opt/jax/jax/_src/numpy/util.py:287
2026-04-25 14:07:23,487 jax._src.dispatch WARNING: Finished tracing + transforming _take for pjit in 0.003255129 sec
2026-04-25 14:07:23,487 jax._src.pjit WARNING: TRACING CACHE MISS at /global/homes/j/jackm/software/lorrax_B/src/psp/radial/radial_jax.py:155:11 (interp_uniform_jax) because:
  never seen function:
    _take id=140028066784224 defined at /opt/jax/jax/_src/numpy/indexing.py:136
  but seen another function defined on the same line; maybe the function is
  being re-defined repeatedly, preventing caching?
2026-04-25 14:07:23,488 jax._src.dispatch WARNING: Finished tracing + transforming subtract for pjit in 0.000279903 sec
2026-04-25 14:07:23,489 jax._src.dispatch WARNING: Finished tracing + transforming multiply for pjit in 0.000205994 sec
2026-04-25 14:07:23,489 jax._src.dispatch WARNING: Finished tracing + transforming add for pjit in 0.000283241 sec
2026-04-25 14:07:23,490 jax._src.dispatch WARNING: Finished tracing + transforming greater_equal for pjit in 0.000224829 sec
2026-04-25 14:07:23,490 jax._src.dispatch WARNING: Finished tracing + transforming less_equal for pjit in 0.000214338 sec
2026-04-25 14:07:23,491 jax._src.dispatch WARNING: Finished tracing + transforming bitwise_and for pjit in 0.000236034 sec
2026-04-25 14:07:23,492 jax._src.dispatch WARNING: Finished tracing + transforming _broadcast_arrays for pjit in 0.000265121 sec
2026-04-25 14:07:23,492 jax._src.dispatch WARNING: Finished tracing + transforming _where for pjit in 0.000752687 sec
2026-04-25 14:07:23,492 jax._src.pjit WARNING: TRACING CACHE MISS at /global/homes/j/jackm/software/lorrax_B/src/psp/radial/radial_jax.py:159:11 (interp_uniform_jax) because:
  for _where defined at /opt/jax/jax/_src/numpy/util.py:287
  never seen input type signature:
    condition: bool[46080],  x: f64[46080],  y: f64[]
  closest seen input type signature has 2 mismatches, including:
    * at x, seen i32[46080], but now given f64[46080]
    * at y, seen i32[46080]{weak_type=False}, but now given f64[]{weak_type=True}
where weak_type=True often means a Python builtin numeric value, and 
weak_type=False means a jax.Array.
See https://jax.readthedocs.io/en/latest/type_promotion.html#weak-types
2026-04-25 14:07:23,493 jax._src.dispatch WARNING: Finished tracing + transforming interp_uniform_jax for pjit in 0.016163826 sec
2026-04-25 14:07:23,493 jax._src.pjit WARNING: TRACING CACHE MISS at /global/homes/j/jackm/software/lorrax_B/src/psp/ionic_gspace.py:101:14 (accumulate_species_on_G.<locals>._one) because:
  never seen function:
    interp_uniform_jax id=140027412325184 defined at /global/homes/j/jackm/software/lorrax_B/src/psp/radial/radial_jax.py:134
2026-04-25 14:07:23,494 jax._src.dispatch WARNING: Finished tracing + transforming multiply for pjit in 0.000569344 sec
2026-04-25 14:07:23,495 jax._src.dispatch WARNING: Finished tracing + transforming multiply for pjit in 0.000672579 sec
2026-04-25 14:07:23,495 jax._src.dispatch WARNING: Finished tracing + transforming accumulate_species_on_G for pjit in 0.019221544 sec
2026-04-25 14:07:23,495 jax._src.pjit WARNING: TRACING CACHE MISS at /global/homes/j/jackm/software/lorrax_B/src/psp/ionic_gspace.py:237:22 (_ionic_gspace_jit) because:
  never seen function:
    accumulate_species_on_G id=140027410345280 defined at /global/homes/j/jackm/software/lorrax_B/src/psp/ionic_gspace.py:76
2026-04-25 14:07:23,496 jax._src.dispatch WARNING: Finished tracing + transforming fft for pjit in 0.000189066 sec
2026-04-25 14:07:23,496 jax._src.pjit WARNING: TRACING CACHE MISS at /global/homes/j/jackm/software/lorrax_B/src/psp/ionic_gspace.py:240:26 (_ionic_gspace_jit) because:
  for fft defined at /opt/jax/jax/_src/lax/fft.py:68
  never seen input type signature:
    x: c128[24,24,80]
  closest seen input type signature has 1 mismatches, including:
    * at x, seen c128[26,2,24,24,80]({}), but now given c128[24,24,80]({})
2026-04-25 14:07:23,497 jax._src.dispatch WARNING: Finished tracing + transforming real for pjit in 0.000327587 sec
2026-04-25 14:07:23,497 jax._src.dispatch WARNING: Finished tracing + transforming multiply for pjit in 0.000206947 sec
2026-04-25 14:07:23,498 jax._src.dispatch WARNING: Finished tracing + transforming multiply for pjit in 0.000289679 sec
2026-04-25 14:07:23,499 jax._src.dispatch WARNING: Finished tracing + transforming equal for pjit in 0.000298262 sec
2026-04-25 14:07:23,499 jax._src.dispatch WARNING: Finished tracing + transforming _broadcast_arrays for pjit in 0.000206232 sec
2026-04-25 14:07:23,499 jax._src.dispatch WARNING: Finished tracing + transforming _where for pjit in 0.000669479 sec
2026-04-25 14:07:23,500 jax._src.pjit WARNING: TRACING CACHE MISS at /global/homes/j/jackm/software/lorrax_B/src/psp/ionic_gspace.py:249:14 (_ionic_gspace_jit) because:
  for _where defined at /opt/jax/jax/_src/numpy/util.py:287
  never seen input type signature:
    condition: bool[46080],  x: f64[],  y: f64[46080]
  closest seen input type signature has 2 mismatches, including:
    * at x, seen i32[46080]{weak_type=False}, but now given f64[]{weak_type=True}
    * at y, seen i32[46080], but now given f64[46080]
where weak_type=True often means a Python builtin numeric value, and 
weak_type=False means a jax.Array.
See https://jax.readthedocs.io/en/latest/type_promotion.html#weak-types
2026-04-25 14:07:23,500 jax._src.dispatch WARNING: Finished tracing + transforming multiply for pjit in 0.000273705 sec
2026-04-25 14:07:23,501 jax._src.dispatch WARNING: Finished tracing + transforming _reduce_sum for pjit in 0.000478029 sec
2026-04-25 14:07:23,502 jax._src.dispatch WARNING: Finished tracing + transforming negative for pjit in 0.000264645 sec
2026-04-25 14:07:23,502 jax._src.dispatch WARNING: Finished tracing + transforming multiply for pjit in 0.000238180 sec
2026-04-25 14:07:23,503 jax._src.dispatch WARNING: Finished tracing + transforming true_divide for pjit in 0.000211239 sec
2026-04-25 14:07:23,503 jax._src.dispatch WARNING: Finished tracing + transforming true_divide for pjit in 0.000239611 sec
2026-04-25 14:07:23,504 jax._src.dispatch WARNING: Finished tracing + transforming multiply for pjit in 0.000250578 sec
2026-04-25 14:07:23,504 jax._src.dispatch WARNING: Finished tracing + transforming exp for pjit in 0.000176430 sec
2026-04-25 14:07:23,504 jax._src.dispatch WARNING: Finished tracing + transforming multiply for pjit in 0.000236273 sec
2026-04-25 14:07:23,505 jax._src.dispatch WARNING: Finished tracing + transforming multiply for pjit in 0.000343084 sec
2026-04-25 14:07:23,506 jax._src.dispatch WARNING: Finished tracing + transforming matmul for pjit in 0.000327587 sec
2026-04-25 14:07:23,507 jax._src.dispatch WARNING: Finished tracing + transforming sqrt for pjit in 0.000279903 sec
2026-04-25 14:07:23,507 jax._src.dispatch WARNING: Finished tracing + transforming true_divide for pjit in 0.000277758 sec
2026-04-25 14:07:23,508 jax._src.dispatch WARNING: Finished tracing + transforming negative for pjit in 0.000138521 sec
2026-04-25 14:07:23,508 jax._src.dispatch WARNING: Finished tracing + transforming multiply for pjit in 0.000211000 sec
2026-04-25 14:07:23,509 jax._src.dispatch WARNING: Finished tracing + transforming cos for pjit in 0.000193834 sec
2026-04-25 14:07:23,510 jax._src.dispatch WARNING: Finished tracing + transforming _squeeze for pjit in 0.000073195 sec
2026-04-25 14:07:23,511 jax._src.dispatch WARNING: Finished tracing + transforming multiply for pjit in 0.000294447 sec
2026-04-25 14:07:23,512 jax._src.dispatch WARNING: Finished tracing + transforming _ionic_gspace_jit for pjit in 0.049722433 sec
2026-04-25 14:07:23,512 jax._src.pjit WARNING: TRACING CACHE MISS at /global/homes/j/jackm/software/lorrax_B/src/psp/ionic_gspace.py:193:45 (build_ionic_and_core) because:
  never seen function:
    _ionic_gspace_jit id=140027410347040 defined at /global/homes/j/jackm/software/lorrax_B/src/psp/ionic_gspace.py:221
2026-04-25 14:07:23,514 jax._src.interpreters.pxla WARNING: Compiling _ionic_gspace_jit with global shapes and types [ShapedArray(float64[46080,3]), ShapedArray(float64[46080]), ShapedArray(float64[2,2,3]), ShapedArray(int32[2]), ShapedArray(float64[2,4000]), ShapedArray(float64[2,4000]), ShapedArray(float64[2]), ShapedArray(float64[2]), ShapedArray(float64[2]), ShapedArray(float64[3,3]), ShapedArray(float64[]), ShapedArray(float64[]), ShapedArray(float64[]), ShapedArray(float64[]), ShapedArray(float64[])]. Argument mapping: (UnspecifiedValue, UnspecifiedValue, UnspecifiedValue, UnspecifiedValue, UnspecifiedValue, UnspecifiedValue, UnspecifiedValue, UnspecifiedValue, UnspecifiedValue, UnspecifiedValue, UnspecifiedValue, UnspecifiedValue, UnspecifiedValue, UnspecifiedValue, UnspecifiedValue).
2026-04-25 14:07:23,519 jax._src.dispatch WARNING: Finished tracing + transforming less for pjit in 0.000236273 sec
2026-04-25 14:07:23,523 jax._src.dispatch WARNING: Finished tracing + transforming add for pjit in 0.000962257 sec
2026-04-25 14:07:23,601 jax._src.dispatch WARNING: Finished jaxpr to MLIR module conversion jit(_ionic_gspace_jit) in 0.086691856 sec
2026-04-25 14:07:23,625 jax._src.compiler WARNING: Persistent compilation cache hit for 'jit__ionic_gspace_jit' with key 'jit__ionic_gspace_jit-8967ca062da9b80a6c9b5de90d3c90f15d37eaa930412833dad1cd640f0ef87c'
2026-04-25 14:07:23,625 jax._src.dispatch WARNING: Finished XLA compilation of jit(_ionic_gspace_jit) in 0.023442745 sec
2026-04-25 14:07:23,720 jax._src.dispatch WARNING: Finished tracing + transforming fft for pjit in 0.000253201 sec
2026-04-25 14:07:23,720 jax._src.pjit WARNING: TRACING CACHE MISS at /global/homes/j/jackm/software/lorrax_B/src/psp/dft_operators.py:297:18 (compute_V_H_and_V_xc) because:
  for fft defined at /opt/jax/jax/_src/lax/fft.py:68
  never seen input type signature:
    x: f64[24,24,80]
  closest seen input type signature has 1 mismatches, including:
    * at x, seen c128[26,2,24,24,80]({}), but now given f64[24,24,80]({})
2026-04-25 14:07:23,721 jax._src.dispatch WARNING: Finished tracing + transforming true_divide for pjit in 0.000313759 sec
2026-04-25 14:07:23,722 jax._src.dispatch WARNING: Finished tracing + transforming _squeeze for pjit in 0.000084877 sec
2026-04-25 14:07:23,724 jax._src.dispatch WARNING: Finished tracing + transforming true_divide for pjit in 0.000349045 sec
2026-04-25 14:07:23,724 jax._src.dispatch WARNING: Finished tracing + transforming multiply for pjit in 0.000275612 sec
2026-04-25 14:07:23,727 jax._src.dispatch WARNING: Finished tracing + transforming _squeeze for pjit in 0.000085592 sec
2026-04-25 14:07:23,728 jax._src.dispatch WARNING: Finished tracing + transforming true_divide for pjit in 0.000226974 sec
2026-04-25 14:07:23,729 jax._src.dispatch WARNING: Finished tracing + transforming multiply for pjit in 0.000365734 sec
2026-04-25 14:07:23,730 jax._src.dispatch WARNING: Finished tracing + transforming multiply for pjit in 0.000239611 sec
2026-04-25 14:07:23,731 jax._src.dispatch WARNING: Finished tracing + transforming multiply for pjit in 0.000205994 sec
2026-04-25 14:07:23,731 jax._src.dispatch WARNING: Finished tracing + transforming multiply for pjit in 0.000212431 sec
2026-04-25 14:07:23,732 jax._src.dispatch WARNING: Finished tracing + transforming multiply for pjit in 0.000215530 sec
2026-04-25 14:07:23,732 jax._src.dispatch WARNING: Finished tracing + transforming add for pjit in 0.000235319 sec
2026-04-25 14:07:23,733 jax._src.dispatch WARNING: Finished tracing + transforming multiply for pjit in 0.000232935 sec
2026-04-25 14:07:23,733 jax._src.dispatch WARNING: Finished tracing + transforming multiply for pjit in 0.000275850 sec
2026-04-25 14:07:23,734 jax._src.dispatch WARNING: Finished tracing + transforming add for pjit in 0.000219345 sec
2026-04-25 14:07:23,734 jax._src.dispatch WARNING: Finished tracing + transforming multiply for pjit in 0.000237465 sec
2026-04-25 14:07:23,735 jax._src.dispatch WARNING: Finished tracing + transforming multiply for pjit in 0.000209808 sec
2026-04-25 14:07:23,735 jax._src.dispatch WARNING: Finished tracing + transforming add for pjit in 0.000198126 sec
2026-04-25 14:07:23,736 jax._src.dispatch WARNING: Finished tracing + transforming multiply for pjit in 0.000196934 sec
2026-04-25 14:07:23,736 jax._src.dispatch WARNING: Finished tracing + transforming add for pjit in 0.000181198 sec
2026-04-25 14:07:23,737 jax._src.dispatch WARNING: Finished tracing + transforming multiply for pjit in 0.000294447 sec
2026-04-25 14:07:23,738 jax._src.dispatch WARNING: Finished tracing + transforming add for pjit in 0.000201702 sec
2026-04-25 14:07:23,738 jax._src.dispatch WARNING: Finished tracing + transforming equal for pjit in 0.000245333 sec
2026-04-25 14:07:23,739 jax._src.dispatch WARNING: Finished tracing + transforming equal for pjit in 0.000254869 sec
2026-04-25 14:07:23,739 jax._src.dispatch WARNING: Finished tracing + transforming bitwise_and for pjit in 0.000189781 sec
2026-04-25 14:07:23,740 jax._src.dispatch WARNING: Finished tracing + transforming equal for pjit in 0.000226736 sec
2026-04-25 14:07:23,741 jax._src.dispatch WARNING: Finished tracing + transforming bitwise_and for pjit in 0.000206709 sec
2026-04-25 14:07:23,741 jax._src.dispatch WARNING: Finished tracing + transforming _broadcast_arrays for pjit in 0.000223637 sec
2026-04-25 14:07:23,741 jax._src.dispatch WARNING: Finished tracing + transforming _where for pjit in 0.000771761 sec
2026-04-25 14:07:23,742 jax._src.pjit WARNING: TRACING CACHE MISS at /global/homes/j/jackm/software/lorrax_B/src/psp/dft_operators.py:118:14 (poisson_potential_from_rhoG) because:
  for _where defined at /opt/jax/jax/_src/numpy/util.py:287
  never seen input type signature:
    condition: bool[24,24,80],  x: f64[],  y: f64[24,24,80]
  closest seen input type signature has 2 mismatches, including:
    * at condition, seen bool[46080]({}), but now given bool[24,24,80]({})
    * at y, seen f64[46080]({}), but now given f64[24,24,80]({})
2026-04-25 14:07:23,742 jax._src.dispatch WARNING: Finished tracing + transforming multiply for pjit in 0.000249147 sec
2026-04-25 14:07:23,743 jax._src.dispatch WARNING: Finished tracing + transforming true_divide for pjit in 0.000242949 sec
2026-04-25 14:07:23,743 jax._src.dispatch WARNING: Finished tracing + transforming multiply for pjit in 0.000252724 sec
2026-04-25 14:07:23,744 jax._src.dispatch WARNING: Finished tracing + transforming multiply for pjit in 0.000209808 sec
2026-04-25 14:07:23,744 jax._src.dispatch WARNING: Finished tracing + transforming multiply for pjit in 0.000190258 sec
2026-04-25 14:07:23,745 jax._src.dispatch WARNING: Finished tracing + transforming multiply for pjit in 0.000272989 sec
2026-04-25 14:07:23,747 jax._src.dispatch WARNING: Finished tracing + transforming sqrt for pjit in 0.000168085 sec
2026-04-25 14:07:23,747 jax._src.dispatch WARNING: Finished tracing + transforming negative for pjit in 0.000126123 sec
2026-04-25 14:07:23,748 jax._src.dispatch WARNING: Finished tracing + transforming multiply for pjit in 0.000196695 sec
2026-04-25 14:07:23,748 jax._src.dispatch WARNING: Finished tracing + transforming exp for pjit in 0.000143290 sec
2026-04-25 14:07:23,749 jax._src.dispatch WARNING: Finished tracing + transforming cos for pjit in 0.000229836 sec
2026-04-25 14:07:23,749 jax._src.dispatch WARNING: Finished tracing + transforming multiply for pjit in 0.000185013 sec
2026-04-25 14:07:23,749 jax._src.dispatch WARNING: Finished tracing + transforming subtract for pjit in 0.000246763 sec
2026-04-25 14:07:23,750 jax._src.dispatch WARNING: Finished tracing + transforming multiply for pjit in 0.000258446 sec
2026-04-25 14:07:23,752 jax._src.dispatch WARNING: Finished tracing + transforming real for pjit in 0.000072241 sec
2026-04-25 14:07:23,752 jax._src.dispatch WARNING: Finished tracing + transforming subtract for pjit in 0.000219345 sec
2026-04-25 14:07:23,753 jax._src.dispatch WARNING: Finished tracing + transforming add for pjit in 0.000278711 sec
2026-04-25 14:07:23,764 jax._src.dispatch WARNING: Finished tracing + transforming maximum for pjit in 0.000327826 sec
2026-04-25 14:07:23,765 jax._src.dispatch WARNING: Finished tracing + transforming multiply for pjit in 0.000339746 sec
2026-04-25 14:07:23,766 jax._src.dispatch WARNING: Finished tracing + transforming multiply for pjit in 0.000230312 sec
2026-04-25 14:07:23,774 jax._src.dispatch WARNING: Finished tracing + transforming multiply for pjit in 0.000387430 sec
2026-04-25 14:07:23,776 jax._src.dispatch WARNING: Finished tracing + transforming _power for pjit in 0.000392675 sec
2026-04-25 14:07:23,781 jax._src.dispatch WARNING: Finished tracing + transforming add for pjit in 0.000325680 sec
2026-04-25 14:07:23,783 jax._src.dispatch WARNING: Finished tracing + transforming true_divide for pjit in 0.000189066 sec
2026-04-25 14:07:23,785 jax._src.dispatch WARNING: Finished tracing + transforming true_divide for pjit in 0.000303745 sec
2026-04-25 14:07:23,787 jax._src.dispatch WARNING: Finished tracing + transforming add for pjit in 0.000329256 sec
2026-04-25 14:07:23,789 jax._src.dispatch WARNING: Finished tracing + transforming true_divide for pjit in 0.000405312 sec
2026-04-25 14:07:23,799 jax._src.dispatch WARNING: Finished tracing + transforming log for pjit in 0.000156403 sec
2026-04-25 14:07:23,803 jax._src.dispatch WARNING: Finished tracing + transforming negative for pjit in 0.000173092 sec
2026-04-25 14:07:23,806 jax._src.dispatch WARNING: Finished tracing + transforming subtract for pjit in 0.000439167 sec
2026-04-25 14:07:23,865 jax._src.dispatch WARNING: Finished tracing + transforming greater for pjit in 0.000240564 sec
2026-04-25 14:07:23,866 jax._src.dispatch WARNING: Finished tracing + transforming bitwise_and for pjit in 0.000190258 sec
2026-04-25 14:07:23,867 jax._src.dispatch WARNING: Finished tracing + transforming _broadcast_arrays for pjit in 0.000207424 sec
2026-04-25 14:07:23,867 jax._src.dispatch WARNING: Finished tracing + transforming _where for pjit in 0.000646591 sec
2026-04-25 14:07:23,867 jax._src.pjit WARNING: TRACING CACHE MISS at /global/homes/j/jackm/software/lorrax_B/src/psp/xc.py:137:28 (_vxc_gga) because:
  for _where defined at /opt/jax/jax/_src/numpy/util.py:287
  never seen input type signature:
    condition: bool[24,24,80],  x: f64[24,24,80],  y: f64[]
  closest seen input type signature has 2 mismatches, including:
    * at condition, seen bool[46080]({}), but now given bool[24,24,80]({})
    * at x, seen f64[46080]({}), but now given f64[24,24,80]({})
2026-04-25 14:07:23,877 jax._src.dispatch WARNING: Finished tracing + transforming compute_V_H_and_V_xc for pjit in 0.163450480 sec
2026-04-25 14:07:23,877 jax._src.pjit WARNING: TRACING CACHE MISS at /global/homes/j/jackm/software/lorrax_B/src/psp/scf_potential.py:87:16 (build_dft_potentials) because:
  never seen function:
    compute_V_H_and_V_xc id=140028043847104 defined at /global/homes/j/jackm/software/lorrax_B/src/psp/dft_operators.py:277
2026-04-25 14:07:23,880 jax._src.interpreters.pxla WARNING: Compiling compute_V_H_and_V_xc with global shapes and types [ShapedArray(float64[24,24,80]), ShapedArray(float64[24,24,80]), ShapedArray(complex128[24,24,80]), ShapedArray(float64[24,24,80,3]), ShapedArray(float64[3,3]), ShapedArray(float64[3,3])]. Argument mapping: (UnspecifiedValue, UnspecifiedValue, UnspecifiedValue, UnspecifiedValue, UnspecifiedValue, UnspecifiedValue).
2026-04-25 14:07:23,953 jax._src.dispatch WARNING: Finished jaxpr to MLIR module conversion jit(compute_V_H_and_V_xc) in 0.073491335 sec
2026-04-25 14:07:23,989 jax._src.compiler WARNING: Persistent compilation cache hit for 'jit_compute_V_H_and_V_xc' with key 'jit_compute_V_H_and_V_xc-620ed3ac994e88591fa07f572410a02e2a3580cae5e9818f44b8ad2b28b57299'
2026-04-25 14:07:23,989 jax._src.dispatch WARNING: Finished XLA compilation of jit(compute_V_H_and_V_xc) in 0.034996986 sec
2026-04-25 14:07:35,120 jax._src.dispatch WARNING: Finished tracing + transforming convert_element_type for pjit in 0.000531912 sec
2026-04-25 14:07:35,120 jax._src.pjit WARNING: TRACING CACHE MISS at /global/homes/j/jackm/software/lorrax_B/src/psp/vnl_ops.py:215:21 (build_vnl_setup) because:
  never seen function:
    convert_element_type id=140026875699552 defined at /opt/jax/jax/_src/dispatch.py:96
2026-04-25 14:07:35,121 jax._src.interpreters.pxla WARNING: Compiling convert_element_type with global shapes and types [ShapedArray(int32[102])]. Argument mapping: (UnspecifiedValue,).
2026-04-25 14:07:35,124 jax._src.dispatch WARNING: Finished jaxpr to MLIR module conversion jit(convert_element_type) in 0.002961636 sec
2026-04-25 14:07:35,135 jax._src.compiler WARNING: Persistent compilation cache hit for 'jit_convert_element_type' with key 'jit_convert_element_type-7f84dbe337d837e1a2bdb294444d986eef5255c60c48e006059ef9d060fb009f'
2026-04-25 14:07:35,135 jax._src.dispatch WARNING: Finished XLA compilation of jit(convert_element_type) in 0.010197878 sec
2026-04-25 14:07:35,270 jax._src.dispatch WARNING: Finished tracing + transforming broadcast_in_dim for pjit in 0.000299931 sec
2026-04-25 14:07:35,271 jax._src.pjit WARNING: TRACING CACHE MISS at /global/homes/j/jackm/software/lorrax_B/src/psp/run_sternheimer.py:806:19 (_load_unfolded_wfns) because:
  never seen function:
    broadcast_in_dim id=140026875698752 defined at /opt/jax/jax/_src/dispatch.py:96
2026-04-25 14:07:35,271 jax._src.interpreters.pxla WARNING: Compiling broadcast_in_dim with global shapes and types [ShapedArray(complex128[46,2,24,24,80])]. Argument mapping: (UnspecifiedValue,).
2026-04-25 14:07:35,273 jax._src.dispatch WARNING: Finished jaxpr to MLIR module conversion jit(broadcast_in_dim) in 0.002245426 sec
2026-04-25 14:07:35,279 jax._src.compiler WARNING: Persistent compilation cache hit for 'jit_broadcast_in_dim' with key 'jit_broadcast_in_dim-c104c7a3a65ebc6128fbd89f4002a48ce242a24af5cd4d5dc2111d06dbb82b97'
2026-04-25 14:07:35,279 jax._src.dispatch WARNING: Finished XLA compilation of jit(broadcast_in_dim) in 0.005373955 sec
2026-04-25 14:07:35,284 jax._src.dispatch WARNING: Finished tracing + transforming concatenate for pjit in 0.000307798 sec
2026-04-25 14:07:35,284 jax._src.pjit WARNING: TRACING CACHE MISS at /global/homes/j/jackm/software/lorrax_B/src/psp/run_sternheimer.py:806:19 (_load_unfolded_wfns) because:
  never seen function:
    concatenate id=140026875704992 defined at /opt/jax/jax/_src/dispatch.py:96
  but seen another function defined on the same line; maybe the function is
  being re-defined repeatedly, preventing caching?
2026-04-25 14:07:35,285 jax._src.interpreters.pxla WARNING: Compiling concatenate with global shapes and types [ShapedArray(complex128[1,46,2,24,24,80]), ShapedArray(complex128[1,46,2,24,24,80]), ShapedArray(complex128[1,46,2,24,24,80]), ShapedArray(complex128[1,46,2,24,24,80]), ShapedArray(complex128[1,46,2,24,24,80]), ShapedArray(complex128[1,46,2,24,24,80]), ShapedArray(complex128[1,46,2,24,24,80]), ShapedArray(complex128[1,46,2,24,24,80]), ShapedArray(complex128[1,46,2,24,24,80])]. Argument mapping: (UnspecifiedValue, UnspecifiedValue, UnspecifiedValue, UnspecifiedValue, UnspecifiedValue, UnspecifiedValue, UnspecifiedValue, UnspecifiedValue, UnspecifiedValue).
2026-04-25 14:07:35,287 jax._src.dispatch WARNING: Finished jaxpr to MLIR module conversion jit(concatenate) in 0.001871586 sec
2026-04-25 14:07:35,292 jax._src.compiler WARNING: Persistent compilation cache hit for 'jit_concatenate' with key 'jit_concatenate-d9cac639e19acf330be1432577b0a2e87902ff3b862fb8db9dc5600f1fe36bf0'
2026-04-25 14:07:35,292 jax._src.dispatch WARNING: Finished XLA compilation of jit(concatenate) in 0.005004406 sec
2026-04-25 14:07:35,323 jax._src.dispatch WARNING: Finished tracing + transforming convert_element_type for pjit in 0.000167370 sec
2026-04-25 14:07:35,323 jax._src.pjit WARNING: TRACING CACHE MISS at /global/homes/j/jackm/software/lorrax_B/src/psp/dft_operators.py:264:9 (_T_diag_from_G) because:
  for convert_element_type defined at /opt/jax/jax/_src/dispatch.py:96
  never seen input type signature:
    args[0]: i32[1947]
  closest seen input type signature has 1 mismatches, including:
    * at args[0], seen i32[102], but now given i32[1947]
2026-04-25 14:07:35,324 jax._src.interpreters.pxla WARNING: Compiling convert_element_type with global shapes and types [ShapedArray(int32[1947])]. Argument mapping: (UnspecifiedValue,).
2026-04-25 14:07:35,325 jax._src.dispatch WARNING: Finished jaxpr to MLIR module conversion jit(convert_element_type) in 0.001397371 sec
2026-04-25 14:07:35,330 jax._src.compiler WARNING: Persistent compilation cache hit for 'jit_convert_element_type' with key 'jit_convert_element_type-f001727e752dd419a89228771b8a49d7b61dbd3048668264b992d01e85e7536e'
2026-04-25 14:07:35,330 jax._src.dispatch WARNING: Finished XLA compilation of jit(convert_element_type) in 0.004892826 sec
2026-04-25 14:07:35,333 jax._src.dispatch WARNING: Finished tracing + transforming _pad for pjit in 0.000646114 sec
2026-04-25 14:07:35,333 jax._src.pjit WARNING: TRACING CACHE MISS at /global/homes/j/jackm/software/lorrax_B/src/psp/dft_operators.py:562:17 (setup_H_k_from_kvec) because:
  never seen function:
    _pad id=140028065060704 defined at /opt/jax/jax/_src/numpy/lax_numpy.py:4207
2026-04-25 14:07:35,333 jax._src.interpreters.pxla WARNING: Compiling _pad with global shapes and types [ShapedArray(float64[1947]), ShapedArray(float64[], weak_type=True)]. Argument mapping: (UnspecifiedValue, UnspecifiedValue).
2026-04-25 14:07:35,335 jax._src.dispatch WARNING: Finished jaxpr to MLIR module conversion jit(_pad) in 0.001843929 sec
2026-04-25 14:07:35,342 jax._src.compiler WARNING: Persistent compilation cache hit for 'jit__pad' with key 'jit__pad-4417d716c91ce656ed73c975c13cabab3b5b996d992ae2b3da689532e865ef3a'
2026-04-25 14:07:35,342 jax._src.dispatch WARNING: Finished XLA compilation of jit(_pad) in 0.007074833 sec
2026-04-25 14:07:35,345 jax._src.dispatch WARNING: Finished tracing + transforming _pad for pjit in 0.000525236 sec
2026-04-25 14:07:35,345 jax._src.pjit WARNING: TRACING CACHE MISS at /global/homes/j/jackm/software/lorrax_B/src/psp/dft_operators.py:563:13 (setup_H_k_from_kvec) because:
  for _pad defined at /opt/jax/jax/_src/numpy/lax_numpy.py:4207
  never seen input type signature:
    array: i32[1947],  constant_values: i64[]
  closest seen input type signature has 2 mismatches, including:
    * at array, seen f64[1947], but now given i32[1947]
    * at constant_values, seen f64[], but now given i64[]
2026-04-25 14:07:35,345 jax._src.interpreters.pxla WARNING: Compiling _pad with global shapes and types [ShapedArray(int32[1947]), ShapedArray(int64[], weak_type=True)]. Argument mapping: (UnspecifiedValue, UnspecifiedValue).
2026-04-25 14:07:35,348 jax._src.dispatch WARNING: Finished jaxpr to MLIR module conversion jit(_pad) in 0.002552032 sec
2026-04-25 14:07:35,352 jax._src.compiler WARNING: Persistent compilation cache hit for 'jit__pad' with key 'jit__pad-081ae4cf1d9bb8392e9f62814ed936e88f147f65d0be92147c844a25a03c91ea'
2026-04-25 14:07:35,352 jax._src.dispatch WARNING: Finished XLA compilation of jit(_pad) in 0.004226446 sec
2026-04-25 14:07:35,354 jax._src.dispatch WARNING: Finished tracing + transforming convert_element_type for pjit in 0.000165701 sec
2026-04-25 14:07:35,354 jax._src.pjit WARNING: TRACING CACHE MISS at /global/homes/j/jackm/software/lorrax_B/src/psp/dft_operators.py:566:32 (setup_H_k_from_kvec) because:
  never seen function:
    convert_element_type id=140026610894624 defined at /opt/jax/jax/_src/dispatch.py:96
2026-04-25 14:07:35,354 jax._src.interpreters.pxla WARNING: Compiling convert_element_type with global shapes and types [ShapedArray(bool[])]. Argument mapping: (UnspecifiedValue,).
2026-04-25 14:07:35,356 jax._src.dispatch WARNING: Finished jaxpr to MLIR module conversion jit(convert_element_type) in 0.001893759 sec
2026-04-25 14:07:35,361 jax._src.compiler WARNING: Persistent compilation cache hit for 'jit_convert_element_type' with key 'jit_convert_element_type-7c3a11314f40d483b8fcebcf9483af81f18974d4885efb26af028d494d593d01'
2026-04-25 14:07:35,361 jax._src.dispatch WARNING: Finished XLA compilation of jit(convert_element_type) in 0.004193544 sec
2026-04-25 14:07:35,362 jax._src.dispatch WARNING: Finished tracing + transforming broadcast_in_dim for pjit in 0.000183344 sec
2026-04-25 14:07:35,362 jax._src.pjit WARNING: TRACING CACHE MISS at /global/homes/j/jackm/software/lorrax_B/src/psp/dft_operators.py:566:32 (setup_H_k_from_kvec) because:
  never seen function:
    broadcast_in_dim id=140026610897824 defined at /opt/jax/jax/_src/dispatch.py:96
  but seen another function defined on the same line; maybe the function is
  being re-defined repeatedly, preventing caching?
2026-04-25 14:07:35,362 jax._src.interpreters.pxla WARNING: Compiling broadcast_in_dim with global shapes and types [ShapedArray(bool[])]. Argument mapping: (UnspecifiedValue,).
2026-04-25 14:07:35,364 jax._src.dispatch WARNING: Finished jaxpr to MLIR module conversion jit(broadcast_in_dim) in 0.002054691 sec
2026-04-25 14:07:35,369 jax._src.compiler WARNING: Persistent compilation cache hit for 'jit_broadcast_in_dim' with key 'jit_broadcast_in_dim-bd5f35be5c744414e2510b05ea54bd88e8bdd21bba3db80eb716726198895be7'
2026-04-25 14:07:35,369 jax._src.dispatch WARNING: Finished XLA compilation of jit(broadcast_in_dim) in 0.004167318 sec
2026-04-25 14:07:35,370 jax._src.dispatch WARNING: Finished tracing + transforming broadcast_in_dim for pjit in 0.000179291 sec
2026-04-25 14:07:35,370 jax._src.pjit WARNING: TRACING CACHE MISS at /global/homes/j/jackm/software/lorrax_B/src/psp/dft_operators.py:567:32 (setup_H_k_from_kvec) because:
  never seen function:
    broadcast_in_dim id=140026610899104 defined at /opt/jax/jax/_src/dispatch.py:96
2026-04-25 14:07:35,370 jax._src.interpreters.pxla WARNING: Compiling broadcast_in_dim with global shapes and types [ShapedArray(bool[])]. Argument mapping: (UnspecifiedValue,).
2026-04-25 14:07:35,373 jax._src.dispatch WARNING: Finished jaxpr to MLIR module conversion jit(broadcast_in_dim) in 0.002033472 sec
2026-04-25 14:07:35,377 jax._src.compiler WARNING: Persistent compilation cache hit for 'jit_broadcast_in_dim' with key 'jit_broadcast_in_dim-d6f4fbf694930bfffe9a9f24dbdb1745ec3838e727001a97670202bfd98ea7cf'
2026-04-25 14:07:35,377 jax._src.dispatch WARNING: Finished XLA compilation of jit(broadcast_in_dim) in 0.003750801 sec
2026-04-25 14:07:35,378 jax._src.dispatch WARNING: Finished tracing + transforming concatenate for pjit in 0.000176191 sec
2026-04-25 14:07:35,378 jax._src.pjit WARNING: TRACING CACHE MISS at /global/homes/j/jackm/software/lorrax_B/src/psp/dft_operators.py:566:15 (setup_H_k_from_kvec) because:
  for concatenate defined at /opt/jax/jax/_src/dispatch.py:96
  never seen passing 2 positional args and 0 keyword args with keys:
    
  closest seen is passing no keyword args
2026-04-25 14:07:35,378 jax._src.interpreters.pxla WARNING: Compiling concatenate with global shapes and types [ShapedArray(bool[1947]), ShapedArray(bool[16])]. Argument mapping: (UnspecifiedValue, UnspecifiedValue).
2026-04-25 14:07:35,380 jax._src.dispatch WARNING: Finished jaxpr to MLIR module conversion jit(concatenate) in 0.002015591 sec
2026-04-25 14:07:35,385 jax._src.compiler WARNING: Persistent compilation cache hit for 'jit_concatenate' with key 'jit_concatenate-d860c8ffa8ba005ee62f00d1f6d89485e62fb204b15e071a49ade80302a2cc1b'
2026-04-25 14:07:35,385 jax._src.dispatch WARNING: Finished XLA compilation of jit(concatenate) in 0.004187822 sec
2026-04-25 14:07:35,386 jax._src.dispatch WARNING: Finished tracing + transforming convert_element_type for pjit in 0.000162363 sec
2026-04-25 14:07:35,387 jax._src.pjit WARNING: TRACING CACHE MISS at /global/homes/j/jackm/software/lorrax_B/src/psp/vnl_ops.py:390:12 (_build_vnl_kdata_core) because:
  for convert_element_type defined at /opt/jax/jax/_src/dispatch.py:96
  never seen input type signature:
    args[0]: i32[1963,3]
  closest seen input type signature has 1 mismatches, including:
    * at args[0], seen i32[102]({}), but now given i32[1963,3]({})
2026-04-25 14:07:35,387 jax._src.interpreters.pxla WARNING: Compiling convert_element_type with global shapes and types [ShapedArray(int32[1963,3])]. Argument mapping: (UnspecifiedValue,).
2026-04-25 14:07:35,389 jax._src.dispatch WARNING: Finished jaxpr to MLIR module conversion jit(convert_element_type) in 0.001921654 sec
2026-04-25 14:07:35,393 jax._src.compiler WARNING: Persistent compilation cache hit for 'jit_convert_element_type' with key 'jit_convert_element_type-41e5cd11b2655fa14121bc8a16a5dc420a692371640670d7ebdb427cc37fce78'
2026-04-25 14:07:35,393 jax._src.dispatch WARNING: Finished XLA compilation of jit(convert_element_type) in 0.003661394 sec
2026-04-25 14:07:35,395 jax._src.dispatch WARNING: Finished tracing + transforming add for pjit in 0.000285625 sec
2026-04-25 14:07:35,396 jax._src.dispatch WARNING: Finished tracing + transforming matmul for pjit in 0.000415802 sec
2026-04-25 14:07:35,397 jax._src.dispatch WARNING: Finished tracing + transforming _reduce_sum for pjit in 0.000417948 sec
2026-04-25 14:07:35,398 jax._src.dispatch WARNING: Finished tracing + transforming add for pjit in 0.000285149 sec
2026-04-25 14:07:35,398 jax._src.dispatch WARNING: Finished tracing + transforming sqrt for pjit in 0.000195980 sec
2026-04-25 14:07:35,399 jax._src.dispatch WARNING: Finished tracing + transforming true_divide for pjit in 0.000573397 sec
2026-04-25 14:07:35,400 jax._src.dispatch WARNING: Finished tracing + transforming floor for pjit in 0.000280380 sec
2026-04-25 14:07:35,401 jax._src.dispatch WARNING: Finished tracing + transforming maximum for pjit in 0.000349283 sec
2026-04-25 14:07:35,401 jax._src.dispatch WARNING: Finished tracing + transforming minimum for pjit in 0.000297546 sec
2026-04-25 14:07:35,402 jax._src.dispatch WARNING: Finished tracing + transforming clip for pjit in 0.001555920 sec
2026-04-25 14:07:35,402 jax._src.pjit WARNING: TRACING CACHE MISS at /global/homes/j/jackm/software/lorrax_B/src/psp/vnl_ops.py:261:10 (_table_interp) because:
  for clip defined at /opt/jax/jax/_src/numpy/lax_numpy.py:3379
  never seen input type signature:
    arr: i32[1963],  min: i64[],  max: i64[]
  closest seen input type signature has 1 mismatches, including:
    * at arr, seen i32[46080], but now given i32[1963]
2026-04-25 14:07:35,403 jax._src.dispatch WARNING: Finished tracing + transforming multiply for pjit in 0.000666618 sec
2026-04-25 14:07:35,404 jax._src.dispatch WARNING: Finished tracing + transforming subtract for pjit in 0.000523806 sec
2026-04-25 14:07:35,404 jax._src.dispatch WARNING: Finished tracing + transforming maximum for pjit in 0.000290632 sec
2026-04-25 14:07:35,405 jax._src.dispatch WARNING: Finished tracing + transforming minimum for pjit in 0.000419617 sec
2026-04-25 14:07:35,406 jax._src.dispatch WARNING: Finished tracing + transforming clip for pjit in 0.001570225 sec
2026-04-25 14:07:35,406 jax._src.pjit WARNING: TRACING CACHE MISS at /global/homes/j/jackm/software/lorrax_B/src/psp/vnl_ops.py:263:8 (_table_interp) because:
  for clip defined at /opt/jax/jax/_src/numpy/lax_numpy.py:3379
  never seen input type signature:
    arr: f64[1963],  min: f64[],  max: f64[]
  closest seen input type signature has 1 mismatches, including:
    * at arr, seen f64[46080], but now given f64[1963]
2026-04-25 14:07:35,407 jax._src.dispatch WARNING: Finished tracing + transforming subtract for pjit in 0.000603914 sec
2026-04-25 14:07:35,408 jax._src.dispatch WARNING: Finished tracing + transforming less for pjit in 0.000338078 sec
2026-04-25 14:07:35,409 jax._src.dispatch WARNING: Finished tracing + transforming _broadcast_arrays for pjit in 0.000211716 sec
2026-04-25 14:07:35,410 jax._src.dispatch WARNING: Finished tracing + transforming multiply for pjit in 0.000566006 sec
2026-04-25 14:07:35,411 jax._src.dispatch WARNING: Finished tracing + transforming add for pjit in 0.000666857 sec
2026-04-25 14:07:35,413 jax._src.dispatch WARNING: Finished tracing + transforming add for pjit in 0.000563383 sec
2026-04-25 14:07:35,414 jax._src.dispatch WARNING: Finished tracing + transforming _table_interp for pjit in 0.015807867 sec
2026-04-25 14:07:35,414 jax._src.pjit WARNING: TRACING CACHE MISS at /global/homes/j/jackm/software/lorrax_B/src/psp/vnl_ops.py:282:11 (_interp_with_deriv) because:
  never seen function:
    _table_interp id=140027410502080 defined at /global/homes/j/jackm/software/lorrax_B/src/psp/vnl_ops.py:249
2026-04-25 14:07:35,416 jax._src.dispatch WARNING: Finished tracing + transforming sqrt for pjit in 0.000184298 sec
2026-04-25 14:07:35,416 jax._src.dispatch WARNING: Finished tracing + transforming true_divide for pjit in 0.000261068 sec
2026-04-25 14:07:35,417 jax._src.dispatch WARNING: Finished tracing + transforming _squeeze for pjit in 0.000087261 sec
2026-04-25 14:07:35,418 jax._src.dispatch WARNING: Finished tracing + transforming multiply for pjit in 0.000276804 sec
2026-04-25 14:07:35,419 jax._src.dispatch WARNING: Finished tracing + transforming negative for pjit in 0.000137568 sec
2026-04-25 14:07:35,422 jax._src.dispatch WARNING: Finished tracing + transforming multiply for pjit in 0.000204802 sec
2026-04-25 14:07:35,422 jax._src.dispatch WARNING: Finished tracing + transforming true_divide for pjit in 0.000226021 sec
2026-04-25 14:07:35,423 jax._src.dispatch WARNING: Finished tracing + transforming multiply for pjit in 0.000289202 sec
2026-04-25 14:07:35,424 jax._src.dispatch WARNING: Finished tracing + transforming multiply for pjit in 0.000192881 sec
2026-04-25 14:07:35,430 jax._src.dispatch WARNING: Finished tracing + transforming less for pjit in 0.000289679 sec
2026-04-25 14:07:35,430 jax._src.dispatch WARNING: Finished tracing + transforming _broadcast_arrays for pjit in 0.000077486 sec
2026-04-25 14:07:35,431 jax._src.dispatch WARNING: Finished tracing + transforming _broadcast_arrays for pjit in 0.000090599 sec
2026-04-25 14:07:35,432 jax._src.dispatch WARNING: Finished tracing + transforming matmul for pjit in 0.000446796 sec
2026-04-25 14:07:35,433 jax._src.dispatch WARNING: Finished tracing + transforming multiply for pjit in 0.000353575 sec
2026-04-25 14:07:35,433 jax._src.dispatch WARNING: Finished tracing + transforming exp for pjit in 0.000157833 sec
2026-04-25 14:07:35,434 jax._src.dispatch WARNING: Finished tracing + transforming _power for pjit in 0.000297308 sec
2026-04-25 14:07:35,434 jax._src.dispatch WARNING: Finished tracing + transforming multiply for pjit in 0.000237703 sec
2026-04-25 14:07:35,435 jax._src.dispatch WARNING: Finished tracing + transforming multiply for pjit in 0.000247002 sec
2026-04-25 14:07:35,435 jax._src.dispatch WARNING: Finished tracing + transforming multiply for pjit in 0.000233889 sec
2026-04-25 14:07:35,436 jax._src.dispatch WARNING: Finished tracing + transforming multiply for pjit in 0.000181198 sec
2026-04-25 14:07:35,437 jax._src.dispatch WARNING: Finished tracing + transforming _assemble_Z_jit for pjit in 0.042738199 sec
2026-04-25 14:07:35,437 jax._src.pjit WARNING: TRACING CACHE MISS at /global/homes/j/jackm/software/lorrax_B/src/psp/vnl_ops.py:388:12 (_build_vnl_kdata_core) because:
  never seen function:
    _assemble_Z_jit id=140027410504160 defined at /global/homes/j/jackm/software/lorrax_B/src/psp/vnl_ops.py:329
2026-04-25 14:07:35,438 jax._src.interpreters.pxla WARNING: Compiling _assemble_Z_jit with global shapes and types [ShapedArray(float64[3]), ShapedArray(int32[1963,3]), ShapedArray(float64[3,3]), ShapedArray(float64[]), ShapedArray(float64[20,4000]), ShapedArray(float64[20,4000]), ShapedArray(float64[]), ShapedArray(int32[102]), ShapedArray(int32[102]), ShapedArray(int32[102]), ShapedArray(float64[102,3])]. Argument mapping: (UnspecifiedValue, UnspecifiedValue, UnspecifiedValue, UnspecifiedValue, UnspecifiedValue, UnspecifiedValue, UnspecifiedValue, UnspecifiedValue, UnspecifiedValue, UnspecifiedValue, UnspecifiedValue).
2026-04-25 14:07:35,456 jax._src.dispatch WARNING: Finished jaxpr to MLIR module conversion jit(_assemble_Z_jit) in 0.017117500 sec
2026-04-25 14:07:35,472 jax._src.compiler WARNING: Persistent compilation cache hit for 'jit__assemble_Z_jit' with key 'jit__assemble_Z_jit-90916256e7daf6e9c729f380de0b1eee280d3d06449595b5a29e9df006299b51'
2026-04-25 14:07:35,472 jax._src.dispatch WARNING: Finished XLA compilation of jit(_assemble_Z_jit) in 0.016258955 sec
2026-04-25 14:07:35,479 jax._src.dispatch WARNING: Finished tracing + transforming broadcast_in_dim for pjit in 0.000181437 sec
2026-04-25 14:07:35,479 jax._src.pjit WARNING: TRACING CACHE MISS at /global/homes/j/jackm/software/lorrax_B/src/psp/dft_operators.py:576:22 (setup_H_k_from_kvec) because:
  never seen function:
    broadcast_in_dim id=140026611064224 defined at /opt/jax/jax/_src/dispatch.py:96
2026-04-25 14:07:35,479 jax._src.interpreters.pxla WARNING: Compiling broadcast_in_dim with global shapes and types [ShapedArray(bool[1963])]. Argument mapping: (UnspecifiedValue,).
2026-04-25 14:07:35,481 jax._src.dispatch WARNING: Finished jaxpr to MLIR module conversion jit(broadcast_in_dim) in 0.001636505 sec
2026-04-25 14:07:35,485 jax._src.compiler WARNING: Persistent compilation cache hit for 'jit_broadcast_in_dim' with key 'jit_broadcast_in_dim-067e3d50d18ad16270ddf8370ab9d4b2fd49d96989a1f596a64a3bd578fc2b3b'
2026-04-25 14:07:35,486 jax._src.dispatch WARNING: Finished XLA compilation of jit(broadcast_in_dim) in 0.004421949 sec
2026-04-25 14:07:35,486 jax._src.dispatch WARNING: Finished tracing + transforming convert_element_type for pjit in 0.000157118 sec
2026-04-25 14:07:35,487 jax._src.pjit WARNING: TRACING CACHE MISS at /global/homes/j/jackm/software/lorrax_B/src/psp/dft_operators.py:576:46 (setup_H_k_from_kvec) because:
  for convert_element_type defined at /opt/jax/jax/_src/dispatch.py:96
  never seen input type signature:
    args[0]: c128[]
  closest seen input type signature has 1 mismatches, including:
    * at args[0], seen c128[3]({}), but now given c128[]({})
2026-04-25 14:07:35,487 jax._src.interpreters.pxla WARNING: Compiling convert_element_type with global shapes and types [ShapedArray(complex128[])]. Argument mapping: (UnspecifiedValue,).
2026-04-25 14:07:35,489 jax._src.dispatch WARNING: Finished jaxpr to MLIR module conversion jit(convert_element_type) in 0.001467466 sec
2026-04-25 14:07:35,492 jax._src.compiler WARNING: Persistent compilation cache hit for 'jit_convert_element_type' with key 'jit_convert_element_type-cb90c3c6a7f3a433c13f7a041ed6e32a68e34705d9683a9b3724e6843126fb29'
2026-04-25 14:07:35,493 jax._src.dispatch WARNING: Finished XLA compilation of jit(convert_element_type) in 0.003668785 sec
2026-04-25 14:07:35,494 jax._src.dispatch WARNING: Finished tracing + transforming _broadcast_arrays for pjit in 0.000335693 sec
2026-04-25 14:07:35,494 jax._src.dispatch WARNING: Finished tracing + transforming _where for pjit in 0.000828266 sec
2026-04-25 14:07:35,494 jax._src.pjit WARNING: TRACING CACHE MISS at /global/homes/j/jackm/software/lorrax_B/src/psp/dft_operators.py:576:12 (setup_H_k_from_kvec) because:
  for _where defined at /opt/jax/jax/_src/numpy/util.py:287
  never seen input type signature:
    condition: bool[1,1963],  x: c128[102,1963],  y: c128[]
  closest seen input type signature has 3 mismatches, including:
    * at condition, seen bool[46080]({}), but now given bool[1,1963]({})
    * at x, seen i32[46080]({}), but now given c128[102,1963]({})
    * at y, seen i32[46080]({}), but now given c128[]({})
2026-04-25 14:07:35,495 jax._src.interpreters.pxla WARNING: Compiling _where with global shapes and types [ShapedArray(bool[1,1963]), ShapedArray(complex128[102,1963]), ShapedArray(complex128[])]. Argument mapping: (UnspecifiedValue, UnspecifiedValue, UnspecifiedValue).
2026-04-25 14:07:35,497 jax._src.dispatch WARNING: Finished jaxpr to MLIR module conversion jit(_where) in 0.001945496 sec
2026-04-25 14:07:35,501 jax._src.compiler WARNING: Persistent compilation cache hit for 'jit__where' with key 'jit__where-7f2fd8ad207ec6104baee7b55e65df86c2a38fc37d18228642ba53eb8c50bf9c'
2026-04-25 14:07:35,501 jax._src.dispatch WARNING: Finished XLA compilation of jit(_where) in 0.004377604 sec
2026-04-25 14:07:35,503 jax._src.dispatch WARNING: Finished tracing + transforming _reduce_sum for pjit in 0.000351906 sec
2026-04-25 14:07:35,504 jax._src.dispatch WARNING: Finished tracing + transforming _mean for pjit in 0.000968456 sec
2026-04-25 14:07:35,504 jax._src.interpreters.pxla WARNING: Compiling _mean with global shapes and types [ShapedArray(float64[24,24,80])]. Argument mapping: (UnspecifiedValue,).
2026-04-25 14:07:35,506 jax._src.dispatch WARNING: Finished jaxpr to MLIR module conversion jit(_mean) in 0.002185583 sec
2026-04-25 14:07:35,514 jax._src.compiler WARNING: Persistent compilation cache hit for 'jit__mean' with key 'jit__mean-cdab4ecabfef1bcd4fc38d3d03e36b52bc0f066572e681cab0f038ab596f459e'
2026-04-25 14:07:35,514 jax._src.dispatch WARNING: Finished XLA compilation of jit(_mean) in 0.007360697 sec
2026-04-25 14:07:35,515 jax._src.dispatch WARNING: Finished tracing + transforming broadcast_in_dim for pjit in 0.000169754 sec
2026-04-25 14:07:35,515 jax._src.pjit WARNING: TRACING CACHE MISS at /global/homes/j/jackm/software/lorrax_B/src/psp/dft_operators.py:445:15 (build_h_diag) because:
  never seen function:
    broadcast_in_dim id=140026611069024 defined at /opt/jax/jax/_src/dispatch.py:96
2026-04-25 14:07:35,516 jax._src.interpreters.pxla WARNING: Compiling broadcast_in_dim with global shapes and types [ShapedArray(float64[])]. Argument mapping: (UnspecifiedValue,).
2026-04-25 14:07:35,518 jax._src.dispatch WARNING: Finished jaxpr to MLIR module conversion jit(broadcast_in_dim) in 0.001615763 sec
2026-04-25 14:07:35,521 jax._src.compiler WARNING: Persistent compilation cache hit for 'jit_broadcast_in_dim' with key 'jit_broadcast_in_dim-c16102ee199d391a795254d749b354e6c02495e92db36df81144534b7d687d14'
2026-04-25 14:07:35,521 jax._src.dispatch WARNING: Finished XLA compilation of jit(broadcast_in_dim) in 0.003667355 sec
2026-04-25 14:07:35,523 jax._src.dispatch WARNING: Finished tracing + transforming dynamic_slice for pjit in 0.000224590 sec
2026-04-25 14:07:35,523 jax._src.pjit WARNING: TRACING CACHE MISS at /global/homes/j/jackm/software/lorrax_B/src/psp/dft_operators.py:448:15 (build_h_diag) because:
  never seen function:
    dynamic_slice id=140026611071104 defined at /opt/jax/jax/_src/dispatch.py:96
2026-04-25 14:07:35,523 jax._src.interpreters.pxla WARNING: Compiling dynamic_slice with global shapes and types [ShapedArray(complex128[2,2,102,102]), ShapedArray(int64[], weak_type=True), ShapedArray(int64[], weak_type=True), ShapedArray(int64[], weak_type=True), ShapedArray(int64[], weak_type=True)]. Argument mapping: (UnspecifiedValue, UnspecifiedValue, UnspecifiedValue, UnspecifiedValue, UnspecifiedValue).
2026-04-25 14:07:35,525 jax._src.dispatch WARNING: Finished jaxpr to MLIR module conversion jit(dynamic_slice) in 0.001703501 sec
2026-04-25 14:07:35,529 jax._src.compiler WARNING: Persistent compilation cache hit for 'jit_dynamic_slice' with key 'jit_dynamic_slice-aa2f842dad84815825e7aad7180845bf3211fa6658294980ebc6c6ebf686c492'
2026-04-25 14:07:35,529 jax._src.dispatch WARNING: Finished XLA compilation of jit(dynamic_slice) in 0.003899097 sec
2026-04-25 14:07:35,531 jax._src.dispatch WARNING: Finished tracing + transforming squeeze for pjit in 0.000173569 sec
2026-04-25 14:07:35,531 jax._src.pjit WARNING: TRACING CACHE MISS at /global/homes/j/jackm/software/lorrax_B/src/psp/dft_operators.py:448:15 (build_h_diag) because:
  never seen function:
    squeeze id=140026611072544 defined at /opt/jax/jax/_src/dispatch.py:96
  but seen another function defined on the same line; maybe the function is
  being re-defined repeatedly, preventing caching?
2026-04-25 14:07:35,531 jax._src.interpreters.pxla WARNING: Compiling squeeze with global shapes and types [ShapedArray(complex128[1,1,102,102])]. Argument mapping: (UnspecifiedValue,).
2026-04-25 14:07:35,533 jax._src.dispatch WARNING: Finished jaxpr to MLIR module conversion jit(squeeze) in 0.002027750 sec
2026-04-25 14:07:35,538 jax._src.compiler WARNING: Persistent compilation cache hit for 'jit_squeeze' with key 'jit_squeeze-7365cbe5c860a99fb0eb98d235ec6e4710d871b5be96defabb686b7b068e3d1b'
2026-04-25 14:07:35,538 jax._src.dispatch WARNING: Finished XLA compilation of jit(squeeze) in 0.004149675 sec
2026-04-25 14:07:35,539 jax._src.dispatch WARNING: Finished tracing + transforming matmul for pjit in 0.000412703 sec
2026-04-25 14:07:35,539 jax._src.interpreters.pxla WARNING: Compiling matmul with global shapes and types [ShapedArray(complex128[102,102]), ShapedArray(complex128[102,1963])]. Argument mapping: (UnspecifiedValue, UnspecifiedValue).
2026-04-25 14:07:35,541 jax._src.dispatch WARNING: Finished jaxpr to MLIR module conversion jit(matmul) in 0.002112150 sec
2026-04-25 14:07:35,545 jax._src.compiler WARNING: Persistent compilation cache hit for 'jit_matmul' with key 'jit_matmul-6b7934ad4581d4a2b59caf8a63166be0de031adb1831aff1f9c1dddd0fb97f2a'
2026-04-25 14:07:35,545 jax._src.dispatch WARNING: Finished XLA compilation of jit(matmul) in 0.003805161 sec
2026-04-25 14:07:35,614 jax._src.dispatch WARNING: Finished tracing + transforming conjugate for pjit in 0.000521183 sec
2026-04-25 14:07:35,615 jax._src.interpreters.pxla WARNING: Compiling conjugate with global shapes and types [ShapedArray(complex128[102,1963])]. Argument mapping: (UnspecifiedValue,).
2026-04-25 14:07:35,618 jax._src.dispatch WARNING: Finished tracing + transforming negative for pjit in 0.000172853 sec
2026-04-25 14:07:35,618 jax._src.dispatch WARNING: Finished jaxpr to MLIR module conversion jit(conjugate) in 0.003561258 sec
2026-04-25 14:07:35,625 jax._src.compiler WARNING: Persistent compilation cache hit for 'jit_conjugate' with key 'jit_conjugate-7b0991e0369d9c63c38b8661304dbc8b76c6962b2bc2231f058133534917845c'
2026-04-25 14:07:35,625 jax._src.dispatch WARNING: Finished XLA compilation of jit(conjugate) in 0.005891323 sec
2026-04-25 14:07:35,628 jax._src.interpreters.pxla WARNING: Compiling multiply with global shapes and types [ShapedArray(complex128[102,1963]), ShapedArray(complex128[102,1963])]. Argument mapping: (UnspecifiedValue, UnspecifiedValue).
2026-04-25 14:07:35,631 jax._src.dispatch WARNING: Finished jaxpr to MLIR module conversion jit(multiply) in 0.002258062 sec
2026-04-25 14:07:35,636 jax._src.compiler WARNING: Persistent compilation cache hit for 'jit_multiply' with key 'jit_multiply-408c075a1347fd08a891988d23f0a03aeed1234136a4a321eedcc5a1cdfe4da6'
2026-04-25 14:07:35,636 jax._src.dispatch WARNING: Finished XLA compilation of jit(multiply) in 0.004982233 sec
2026-04-25 14:07:35,642 jax._src.dispatch WARNING: Finished tracing + transforming _reduce_sum for pjit in 0.000427008 sec
2026-04-25 14:07:35,643 jax._src.interpreters.pxla WARNING: Compiling _reduce_sum with global shapes and types [ShapedArray(complex128[102,1963])]. Argument mapping: (UnspecifiedValue,).
2026-04-25 14:07:35,645 jax._src.dispatch WARNING: Finished jaxpr to MLIR module conversion jit(_reduce_sum) in 0.001809120 sec
2026-04-25 14:07:35,650 jax._src.compiler WARNING: Persistent compilation cache hit for 'jit__reduce_sum' with key 'jit__reduce_sum-d82b9c50ffe960996a5f58f70ebf7d0c4ae0a30cd7b02b45ca6a0fd064e3ac20'
2026-04-25 14:07:35,650 jax._src.dispatch WARNING: Finished XLA compilation of jit(_reduce_sum) in 0.004688978 sec
2026-04-25 14:07:35,652 jax._src.dispatch WARNING: Finished tracing + transforming real for pjit in 0.000163317 sec
2026-04-25 14:07:35,652 jax._src.interpreters.pxla WARNING: Compiling real with global shapes and types [ShapedArray(complex128[1963])]. Argument mapping: (UnspecifiedValue,).
2026-04-25 14:07:35,654 jax._src.dispatch WARNING: Finished jaxpr to MLIR module conversion jit(real) in 0.001670122 sec
2026-04-25 14:07:35,658 jax._src.compiler WARNING: Persistent compilation cache hit for 'jit_real' with key 'jit_real-425f2700df1d5428b267df829beec4b439bee990194601dd6ff0c45d9edd2494'
2026-04-25 14:07:35,658 jax._src.dispatch WARNING: Finished XLA compilation of jit(real) in 0.003959656 sec
2026-04-25 14:07:35,659 jax._src.dispatch WARNING: Finished tracing + transforming add for pjit in 0.000252724 sec
2026-04-25 14:07:35,660 jax._src.interpreters.pxla WARNING: Compiling add with global shapes and types [ShapedArray(float64[1963]), ShapedArray(float64[1963])]. Argument mapping: (UnspecifiedValue, UnspecifiedValue).
2026-04-25 14:07:35,662 jax._src.dispatch WARNING: Finished jaxpr to MLIR module conversion jit(add) in 0.002037048 sec
2026-04-25 14:07:35,667 jax._src.compiler WARNING: Persistent compilation cache hit for 'jit_add' with key 'jit_add-b780ba8a4e250d7be5ae982e594c2026f9a9852f56e0452b362d30ee3070869f'
2026-04-25 14:07:35,667 jax._src.dispatch WARNING: Finished XLA compilation of jit(add) in 0.004866600 sec
2026-04-25 14:07:35,686 jax._src.dispatch WARNING: Finished tracing + transforming add for pjit in 0.000269651 sec
2026-04-25 14:07:35,686 jax._src.interpreters.pxla WARNING: Compiling add with global shapes and types [ShapedArray(float64[1963]), ShapedArray(float64[])]. Argument mapping: (UnspecifiedValue, UnspecifiedValue).
2026-04-25 14:07:35,689 jax._src.dispatch WARNING: Finished jaxpr to MLIR module conversion jit(add) in 0.002103329 sec
2026-04-25 14:07:35,695 jax._src.compiler WARNING: Persistent compilation cache hit for 'jit_add' with key 'jit_add-388f9a2d0c30b4cda734ed22910283b7049801e7f0b3b9dfa2674e720a2ab1b4'
2026-04-25 14:07:35,695 jax._src.dispatch WARNING: Finished XLA compilation of jit(add) in 0.005894661 sec
2026-04-25 14:07:35,697 jax._src.dispatch WARNING: Finished tracing + transforming _broadcast_arrays for pjit in 0.000257015 sec
2026-04-25 14:07:35,697 jax._src.dispatch WARNING: Finished tracing + transforming _where for pjit in 0.000800610 sec
2026-04-25 14:07:35,697 jax._src.pjit WARNING: TRACING CACHE MISS at /global/homes/j/jackm/software/lorrax_B/src/psp/dft_operators.py:585:13 (setup_H_k_from_kvec) because:
  for _where defined at /opt/jax/jax/_src/numpy/util.py:287
  never seen input type signature:
    condition: bool[1963],  x: f64[1963],  y: f64[]
  closest seen input type signature has 3 mismatches, including:
    * at condition, seen bool[46080], but now given bool[1963]
    * at x, seen i32[46080], but now given f64[1963]
    * at y, seen i32[46080]({}), but now given f64[]({})
2026-04-25 14:07:35,697 jax._src.interpreters.pxla WARNING: Compiling _where with global shapes and types [ShapedArray(bool[1963]), ShapedArray(float64[1963]), ShapedArray(float64[])]. Argument mapping: (UnspecifiedValue, UnspecifiedValue, UnspecifiedValue).
2026-04-25 14:07:35,700 jax._src.dispatch WARNING: Finished jaxpr to MLIR module conversion jit(_where) in 0.002161980 sec
2026-04-25 14:07:35,704 jax._src.compiler WARNING: Persistent compilation cache hit for 'jit__where' with key 'jit__where-d9c55f41e96774abf9557bcfeafc4b5c9eceaf335ae5a358b32f74158ce80db8'
2026-04-25 14:07:35,704 jax._src.dispatch WARNING: Finished XLA compilation of jit(_where) in 0.004297018 sec
2026-04-25 14:07:35,706 jax._src.dispatch WARNING: Finished tracing + transforming broadcast_in_dim for pjit in 0.000184059 sec
2026-04-25 14:07:35,706 jax._src.pjit WARNING: TRACING CACHE MISS at /global/homes/j/jackm/software/lorrax_B/src/psp/run_sternheimer.py:1147:17 (run_sternheimer) because:
  never seen function:
    broadcast_in_dim id=140026875470336 defined at /opt/jax/jax/_src/dispatch.py:96
2026-04-25 14:07:35,706 jax._src.interpreters.pxla WARNING: Compiling broadcast_in_dim with global shapes and types [ShapedArray(int32[1963])]. Argument mapping: (UnspecifiedValue,).
2026-04-25 14:07:35,708 jax._src.dispatch WARNING: Finished jaxpr to MLIR module conversion jit(broadcast_in_dim) in 0.002055883 sec
2026-04-25 14:07:35,713 jax._src.compiler WARNING: Persistent compilation cache hit for 'jit_broadcast_in_dim' with key 'jit_broadcast_in_dim-445cce8e5d0261834a828d59a43952030a7110e23e340215c20c95e3d69e624b'
2026-04-25 14:07:35,713 jax._src.dispatch WARNING: Finished XLA compilation of jit(broadcast_in_dim) in 0.004523516 sec
2026-04-25 14:07:35,715 jax._src.dispatch WARNING: Finished tracing + transforming concatenate for pjit in 0.000311136 sec
2026-04-25 14:07:35,715 jax._src.pjit WARNING: TRACING CACHE MISS at /global/homes/j/jackm/software/lorrax_B/src/psp/run_sternheimer.py:1147:17 (run_sternheimer) because:
  never seen function:
    concatenate id=140026611376320 defined at /opt/jax/jax/_src/dispatch.py:96
  but seen another function defined on the same line; maybe the function is
  being re-defined repeatedly, preventing caching?
2026-04-25 14:07:35,715 jax._src.interpreters.pxla WARNING: Compiling concatenate with global shapes and types [ShapedArray(int32[1963,1]), ShapedArray(int32[1963,1]), ShapedArray(int32[1963,1])]. Argument mapping: (UnspecifiedValue, UnspecifiedValue, UnspecifiedValue).
2026-04-25 14:07:35,717 jax._src.dispatch WARNING: Finished jaxpr to MLIR module conversion jit(concatenate) in 0.002078056 sec
2026-04-25 14:07:35,722 jax._src.compiler WARNING: Persistent compilation cache hit for 'jit_concatenate' with key 'jit_concatenate-b4ddfd1f8e829fb2e1523bd48b7956a0bd857f8b2f30bc4f1115061a9e0f9f70'
2026-04-25 14:07:35,722 jax._src.dispatch WARNING: Finished XLA compilation of jit(concatenate) in 0.004275799 sec
2026-04-25 14:07:35,728 jax._src.dispatch WARNING: Finished tracing + transforming convert_element_type for pjit in 0.000151873 sec
2026-04-25 14:07:35,728 jax._src.pjit WARNING: TRACING CACHE MISS at /global/homes/j/jackm/software/lorrax_B/src/psp/dft_operators.py:264:9 (_T_diag_from_G) because:
  for convert_element_type defined at /opt/jax/jax/_src/dispatch.py:96
  never seen input type signature:
    args[0]: i32[1963]
  closest seen input type signature has 1 mismatches, including:
    * at args[0], seen i32[102], but now given i32[1963]
2026-04-25 14:07:35,729 jax._src.interpreters.pxla WARNING: Compiling convert_element_type with global shapes and types [ShapedArray(int32[1963])]. Argument mapping: (UnspecifiedValue,).
2026-04-25 14:07:35,730 jax._src.dispatch WARNING: Finished jaxpr to MLIR module conversion jit(convert_element_type) in 0.001522064 sec
2026-04-25 14:07:35,738 jax._src.compiler WARNING: Persistent compilation cache hit for 'jit_convert_element_type' with key 'jit_convert_element_type-f10ecb4eb9b4f465c0dfb712daae6f6c9a00390402e7c941c79c60a2e61707d5'
2026-04-25 14:07:35,738 jax._src.dispatch WARNING: Finished XLA compilation of jit(convert_element_type) in 0.007171631 sec
2026-04-25 14:07:35,740 jax._src.dispatch WARNING: Finished tracing + transforming broadcast_in_dim for pjit in 0.000196695 sec
2026-04-25 14:07:35,740 jax._src.pjit WARNING: TRACING CACHE MISS at /global/homes/j/jackm/software/lorrax_B/src/psp/dft_operators.py:569:15 (setup_H_k_from_kvec) because:
  for broadcast_in_dim defined at /opt/jax/jax/_src/dispatch.py:96
  never seen input type signature:
    args[0]: bool[]
  closest seen input type signature has 1 mismatches, including:
    * at args[0], seen f64[], but now given bool[]
2026-04-25 14:07:35,740 jax._src.interpreters.pxla WARNING: Compiling broadcast_in_dim with global shapes and types [ShapedArray(bool[])]. Argument mapping: (UnspecifiedValue,).
2026-04-25 14:07:35,742 jax._src.dispatch WARNING: Finished jaxpr to MLIR module conversion jit(broadcast_in_dim) in 0.001672983 sec
2026-04-25 14:07:35,748 jax._src.compiler WARNING: Persistent compilation cache hit for 'jit_broadcast_in_dim' with key 'jit_broadcast_in_dim-11e2e97b209d11c0dfcc6d8e8ec50e242bfc6dce671c6c5a9131c18070deb6ff'
2026-04-25 14:07:35,748 jax._src.dispatch WARNING: Finished XLA compilation of jit(broadcast_in_dim) in 0.006371021 sec
2026-04-25 14:07:35,786 jax._src.dispatch WARNING: Finished tracing + transforming convert_element_type for pjit in 0.000166178 sec
2026-04-25 14:07:35,786 jax._src.pjit WARNING: TRACING CACHE MISS at /global/homes/j/jackm/software/lorrax_B/src/psp/dft_operators.py:264:9 (_T_diag_from_G) because:
  for convert_element_type defined at /opt/jax/jax/_src/dispatch.py:96
  never seen input type signature:
    args[0]: i32[1917]
  closest seen input type signature has 1 mismatches, including:
    * at args[0], seen i32[102], but now given i32[1917]
2026-04-25 14:07:35,787 jax._src.interpreters.pxla WARNING: Compiling convert_element_type with global shapes and types [ShapedArray(int32[1917])]. Argument mapping: (UnspecifiedValue,).
2026-04-25 14:07:35,788 jax._src.dispatch WARNING: Finished jaxpr to MLIR module conversion jit(convert_element_type) in 0.001485586 sec
2026-04-25 14:07:35,793 jax._src.compiler WARNING: Persistent compilation cache hit for 'jit_convert_element_type' with key 'jit_convert_element_type-5f5c049a5d91056ea947cfe202e22e3d85d88ce1b6417a31b58fb5e02a35555c'
2026-04-25 14:07:35,793 jax._src.dispatch WARNING: Finished XLA compilation of jit(convert_element_type) in 0.004731178 sec
2026-04-25 14:07:35,795 jax._src.dispatch WARNING: Finished tracing + transforming _pad for pjit in 0.000427723 sec
2026-04-25 14:07:35,795 jax._src.pjit WARNING: TRACING CACHE MISS at /global/homes/j/jackm/software/lorrax_B/src/psp/dft_operators.py:562:17 (setup_H_k_from_kvec) because:
  for _pad defined at /opt/jax/jax/_src/numpy/lax_numpy.py:4207
  never seen input type signature:
    array: f64[1917],  constant_values: f64[]
  closest seen input type signature has 1 mismatches, including:
    * at array, seen f64[1947], but now given f64[1917]
2026-04-25 14:07:35,796 jax._src.interpreters.pxla WARNING: Compiling _pad with global shapes and types [ShapedArray(float64[1917]), ShapedArray(float64[], weak_type=True)]. Argument mapping: (UnspecifiedValue, UnspecifiedValue).
2026-04-25 14:07:35,798 jax._src.dispatch WARNING: Finished jaxpr to MLIR module conversion jit(_pad) in 0.001788378 sec
2026-04-25 14:07:35,802 jax._src.compiler WARNING: Persistent compilation cache hit for 'jit__pad' with key 'jit__pad-8a136603b6850b4f6c415cb516bbbdf2f1532f2d436b7aca12393858a3c77e1d'
2026-04-25 14:07:35,802 jax._src.dispatch WARNING: Finished XLA compilation of jit(_pad) in 0.004238844 sec
2026-04-25 14:07:35,804 jax._src.dispatch WARNING: Finished tracing + transforming _pad for pjit in 0.000374079 sec
2026-04-25 14:07:35,804 jax._src.pjit WARNING: TRACING CACHE MISS at /global/homes/j/jackm/software/lorrax_B/src/psp/dft_operators.py:563:13 (setup_H_k_from_kvec) because:
  for _pad defined at /opt/jax/jax/_src/numpy/lax_numpy.py:4207
  never seen input type signature:
    array: i32[1917],  constant_values: i64[]
  closest seen input type signature has 1 mismatches, including:
    * at array, seen i32[1947], but now given i32[1917]
2026-04-25 14:07:35,804 jax._src.interpreters.pxla WARNING: Compiling _pad with global shapes and types [ShapedArray(int32[1917]), ShapedArray(int64[], weak_type=True)]. Argument mapping: (UnspecifiedValue, UnspecifiedValue).
2026-04-25 14:07:35,806 jax._src.dispatch WARNING: Finished jaxpr to MLIR module conversion jit(_pad) in 0.001718283 sec
2026-04-25 14:07:35,810 jax._src.compiler WARNING: Persistent compilation cache hit for 'jit__pad' with key 'jit__pad-2214783d8c9c29b69bbab3e064617fd928e0b4efb54e3e4c2bb8ca3f8131ea5e'
2026-04-25 14:07:35,810 jax._src.dispatch WARNING: Finished XLA compilation of jit(_pad) in 0.004039049 sec
2026-04-25 14:07:35,812 jax._src.dispatch WARNING: Finished tracing + transforming broadcast_in_dim for pjit in 0.000194550 sec
2026-04-25 14:07:35,812 jax._src.pjit WARNING: TRACING CACHE MISS at /global/homes/j/jackm/software/lorrax_B/src/psp/dft_operators.py:566:32 (setup_H_k_from_kvec) because:
  never seen function:
    broadcast_in_dim id=140026611380320 defined at /opt/jax/jax/_src/dispatch.py:96
  but seen another function defined on the same line; maybe the function is
  being re-defined repeatedly, preventing caching?
2026-04-25 14:07:35,812 jax._src.interpreters.pxla WARNING: Compiling broadcast_in_dim with global shapes and types [ShapedArray(bool[])]. Argument mapping: (UnspecifiedValue,).
2026-04-25 14:07:35,814 jax._src.dispatch WARNING: Finished jaxpr to MLIR module conversion jit(broadcast_in_dim) in 0.001624584 sec
2026-04-25 14:07:35,818 jax._src.compiler WARNING: Persistent compilation cache hit for 'jit_broadcast_in_dim' with key 'jit_broadcast_in_dim-edde86878acad14919ef5fc70ced3614034f525cbfd666fe32f31bfb4ea55a89'
2026-04-25 14:07:35,818 jax._src.dispatch WARNING: Finished XLA compilation of jit(broadcast_in_dim) in 0.003796577 sec
2026-04-25 14:07:35,819 jax._src.dispatch WARNING: Finished tracing + transforming broadcast_in_dim for pjit in 0.000299215 sec
2026-04-25 14:07:35,820 jax._src.pjit WARNING: TRACING CACHE MISS at /global/homes/j/jackm/software/lorrax_B/src/psp/dft_operators.py:567:32 (setup_H_k_from_kvec) because:
  never seen function:
    broadcast_in_dim id=140026611383200 defined at /opt/jax/jax/_src/dispatch.py:96
  but seen another function defined on the same line; maybe the function is
  being re-defined repeatedly, preventing caching?
2026-04-25 14:07:35,820 jax._src.interpreters.pxla WARNING: Compiling broadcast_in_dim with global shapes and types [ShapedArray(bool[])]. Argument mapping: (UnspecifiedValue,).
2026-04-25 14:07:35,822 jax._src.dispatch WARNING: Finished jaxpr to MLIR module conversion jit(broadcast_in_dim) in 0.001622677 sec
2026-04-25 14:07:35,826 jax._src.compiler WARNING: Persistent compilation cache hit for 'jit_broadcast_in_dim' with key 'jit_broadcast_in_dim-1211201145753b57617ebbc0d5c4c3aee6714de1983b6853232ae9c66e286ff5'
2026-04-25 14:07:35,826 jax._src.dispatch WARNING: Finished XLA compilation of jit(broadcast_in_dim) in 0.003779411 sec
2026-04-25 14:07:35,827 jax._src.dispatch WARNING: Finished tracing + transforming concatenate for pjit in 0.000184536 sec
2026-04-25 14:07:35,827 jax._src.pjit WARNING: TRACING CACHE MISS at /global/homes/j/jackm/software/lorrax_B/src/psp/dft_operators.py:566:15 (setup_H_k_from_kvec) because:
  for concatenate defined at /opt/jax/jax/_src/dispatch.py:96
  never seen input type signature:
    args[0]: bool[1917],  args[1]: bool[46]
  closest seen input type signature has 2 mismatches, including:
    * at args[0], seen bool[1947], but now given bool[1917]
    * at args[1], seen bool[16], but now given bool[46]
2026-04-25 14:07:35,827 jax._src.interpreters.pxla WARNING: Compiling concatenate with global shapes and types [ShapedArray(bool[1917]), ShapedArray(bool[46])]. Argument mapping: (UnspecifiedValue, UnspecifiedValue).
2026-04-25 14:07:35,829 jax._src.dispatch WARNING: Finished jaxpr to MLIR module conversion jit(concatenate) in 0.001616478 sec
2026-04-25 14:07:35,835 jax._src.compiler WARNING: Persistent compilation cache hit for 'jit_concatenate' with key 'jit_concatenate-b8a87b5e58b0b9d168c4bee889140dd890a6dd1edbd8c1b17bd0aef3b9e6ca4c'
2026-04-25 14:07:35,835 jax._src.dispatch WARNING: Finished XLA compilation of jit(concatenate) in 0.005707979 sec
2026-04-25 14:07:35,892 jax._src.dispatch WARNING: Finished tracing + transforming dynamic_slice for pjit in 0.000198126 sec
2026-04-25 14:07:35,892 jax._src.pjit WARNING: TRACING CACHE MISS at /global/homes/j/jackm/software/lorrax_B/src/psp/run_sternheimer.py:1167:24 (run_sternheimer) because:
  never seen function:
    dynamic_slice id=140026874398016 defined at /opt/jax/jax/_src/dispatch.py:96
2026-04-25 14:07:35,892 jax._src.interpreters.pxla WARNING: Compiling dynamic_slice with global shapes and types [ShapedArray(float64[9,46]), ShapedArray(int64[], weak_type=True), ShapedArray(int64[], weak_type=True)]. Argument mapping: (UnspecifiedValue, UnspecifiedValue, UnspecifiedValue).
2026-04-25 14:07:35,895 jax._src.dispatch WARNING: Finished jaxpr to MLIR module conversion jit(dynamic_slice) in 0.002873421 sec
2026-04-25 14:07:35,901 jax._src.compiler WARNING: Persistent compilation cache hit for 'jit_dynamic_slice' with key 'jit_dynamic_slice-a0d48b33f188b6c6be5dc159cc2f3e4cc01306c1c5cbb25b7f5234f4d9055703'
2026-04-25 14:07:35,901 jax._src.dispatch WARNING: Finished XLA compilation of jit(dynamic_slice) in 0.005438328 sec
2026-04-25 14:07:35,907 jax._src.dispatch WARNING: Finished tracing + transforming broadcast_in_dim for pjit in 0.000196218 sec
2026-04-25 14:07:35,907 jax._src.pjit WARNING: TRACING CACHE MISS at /global/homes/j/jackm/software/lorrax_B/src/psp/run_sternheimer.py:1205:20 (run_sternheimer) because:
  for broadcast_in_dim defined at /opt/jax/jax/_src/dispatch.py:96
  never seen input type signature:
    args[0]: f64[1963]
  closest seen input type signature has 1 mismatches, including:
    * at args[0], seen bool[1963], but now given f64[1963]
2026-04-25 14:07:35,908 jax._src.interpreters.pxla WARNING: Compiling broadcast_in_dim with global shapes and types [ShapedArray(float64[1963])]. Argument mapping: (UnspecifiedValue,).
2026-04-25 14:07:35,909 jax._src.dispatch WARNING: Finished jaxpr to MLIR module conversion jit(broadcast_in_dim) in 0.001677752 sec
2026-04-25 14:07:35,916 jax._src.compiler WARNING: Persistent compilation cache hit for 'jit_broadcast_in_dim' with key 'jit_broadcast_in_dim-933084fd741b41254e9d9ca831535602c77458de9868aea2550e38c6208b8645'
2026-04-25 14:07:35,916 jax._src.dispatch WARNING: Finished XLA compilation of jit(broadcast_in_dim) in 0.006281614 sec
2026-04-25 14:07:35,918 jax._src.dispatch WARNING: Finished tracing + transforming concatenate for pjit in 0.000270367 sec
2026-04-25 14:07:35,918 jax._src.pjit WARNING: TRACING CACHE MISS at /global/homes/j/jackm/software/lorrax_B/src/psp/run_sternheimer.py:1205:20 (run_sternheimer) because:
  for concatenate defined at /opt/jax/jax/_src/dispatch.py:96
  never seen input type signature
  closest seen input type signature has 9 mismatches, including:
    * at args[0], seen c128[1,46,2,24,24,80]({}), but now given f64[1,1963]({})
    * at args[1], seen c128[1,46,2,24,24,80]({}), but now given f64[1,1963]({})
    * at args[2], seen c128[1,46,2,24,24,80]({}), but now given f64[1,1963]({})
    * at args[3], seen c128[1,46,2,24,24,80]({}), but now given f64[1,1963]({})
    * at args[4], seen c128[1,46,2,24,24,80]({}), but now given f64[1,1963]({})
    * at args[5], seen c128[1,46,2,24,24,80]({}), but now given f64[1,1963]({})
    * at args[6], seen c128[1,46,2,24,24,80]({}), but now given f64[1,1963]({})
    * at args[7], seen c128[1,46,2,24,24,80]({}), but now given f64[1,1963]({})
    * at args[8], seen c128[1,46,2,24,24,80]({}), but now given f64[1,1963]({})
2026-04-25 14:07:35,919 jax._src.interpreters.pxla WARNING: Compiling concatenate with global shapes and types [ShapedArray(float64[1,1963]), ShapedArray(float64[1,1963]), ShapedArray(float64[1,1963]), ShapedArray(float64[1,1963]), ShapedArray(float64[1,1963]), ShapedArray(float64[1,1963]), ShapedArray(float64[1,1963]), ShapedArray(float64[1,1963]), ShapedArray(float64[1,1963])]. Argument mapping: (UnspecifiedValue, UnspecifiedValue, UnspecifiedValue, UnspecifiedValue, UnspecifiedValue, UnspecifiedValue, UnspecifiedValue, UnspecifiedValue, UnspecifiedValue).
2026-04-25 14:07:35,920 jax._src.dispatch WARNING: Finished jaxpr to MLIR module conversion jit(concatenate) in 0.001722574 sec
2026-04-25 14:07:35,925 jax._src.compiler WARNING: Persistent compilation cache hit for 'jit_concatenate' with key 'jit_concatenate-c0d886e576b1080ce844635d6c910fca959cd7b5e5b9199b57d4c8f220f626f4'
2026-04-25 14:07:35,925 jax._src.dispatch WARNING: Finished XLA compilation of jit(concatenate) in 0.004067183 sec
2026-04-25 14:07:35,927 jax._src.dispatch WARNING: Finished tracing + transforming concatenate for pjit in 0.000232697 sec
2026-04-25 14:07:35,928 jax._src.pjit WARNING: TRACING CACHE MISS at /global/homes/j/jackm/software/lorrax_B/src/psp/run_sternheimer.py:1206:20 (run_sternheimer) because:
  for concatenate defined at /opt/jax/jax/_src/dispatch.py:96
  never seen input type signature
  closest seen input type signature has 9 mismatches, including:
    * at args[0], seen c128[1,46,2,24,24,80]({}), but now given bool[1,1963]({})
    * at args[1], seen c128[1,46,2,24,24,80]({}), but now given bool[1,1963]({})
    * at args[2], seen c128[1,46,2,24,24,80]({}), but now given bool[1,1963]({})
    * at args[3], seen c128[1,46,2,24,24,80]({}), but now given bool[1,1963]({})
    * at args[4], seen c128[1,46,2,24,24,80]({}), but now given bool[1,1963]({})
    * at args[5], seen c128[1,46,2,24,24,80]({}), but now given bool[1,1963]({})
    * at args[6], seen c128[1,46,2,24,24,80]({}), but now given bool[1,1963]({})
    * at args[7], seen c128[1,46,2,24,24,80]({}), but now given bool[1,1963]({})
    * at args[8], seen c128[1,46,2,24,24,80]({}), but now given bool[1,1963]({})
2026-04-25 14:07:35,928 jax._src.interpreters.pxla WARNING: Compiling concatenate with global shapes and types [ShapedArray(bool[1,1963]), ShapedArray(bool[1,1963]), ShapedArray(bool[1,1963]), ShapedArray(bool[1,1963]), ShapedArray(bool[1,1963]), ShapedArray(bool[1,1963]), ShapedArray(bool[1,1963]), ShapedArray(bool[1,1963]), ShapedArray(bool[1,1963])]. Argument mapping: (UnspecifiedValue, UnspecifiedValue, UnspecifiedValue, UnspecifiedValue, UnspecifiedValue, UnspecifiedValue, UnspecifiedValue, UnspecifiedValue, UnspecifiedValue).
2026-04-25 14:07:35,930 jax._src.dispatch WARNING: Finished jaxpr to MLIR module conversion jit(concatenate) in 0.001734972 sec
2026-04-25 14:07:35,936 jax._src.compiler WARNING: Persistent compilation cache hit for 'jit_concatenate' with key 'jit_concatenate-9ef2ed09701aefd7599f5b8e6e49bcc8fad3a393bb9dd37932c7fc7496059130'
2026-04-25 14:07:35,936 jax._src.dispatch WARNING: Finished XLA compilation of jit(concatenate) in 0.005705357 sec
2026-04-25 14:07:35,937 jax._src.dispatch WARNING: Finished tracing + transforming broadcast_in_dim for pjit in 0.000282526 sec
2026-04-25 14:07:35,938 jax._src.pjit WARNING: TRACING CACHE MISS at /global/homes/j/jackm/software/lorrax_B/src/psp/run_sternheimer.py:1207:20 (run_sternheimer) because:
  for broadcast_in_dim defined at /opt/jax/jax/_src/dispatch.py:96
  never seen input type signature:
    args[0]: i32[1963]
  closest seen input type signature has 1 mismatches, including:
    * at args[0], seen bool[1963], but now given i32[1963]
2026-04-25 14:07:35,938 jax._src.interpreters.pxla WARNING: Compiling broadcast_in_dim with global shapes and types [ShapedArray(int32[1963])]. Argument mapping: (UnspecifiedValue,).
2026-04-25 14:07:35,940 jax._src.dispatch WARNING: Finished jaxpr to MLIR module conversion jit(broadcast_in_dim) in 0.001996517 sec
2026-04-25 14:07:35,944 jax._src.compiler WARNING: Persistent compilation cache hit for 'jit_broadcast_in_dim' with key 'jit_broadcast_in_dim-51ffbb9acc0717e3904e50a613e14d691f3de8b7d9b9ebb5904ee3a29d0996b9'
2026-04-25 14:07:35,944 jax._src.dispatch WARNING: Finished XLA compilation of jit(broadcast_in_dim) in 0.003685713 sec
2026-04-25 14:07:35,946 jax._src.dispatch WARNING: Finished tracing + transforming concatenate for pjit in 0.000238895 sec
2026-04-25 14:07:35,946 jax._src.pjit WARNING: TRACING CACHE MISS at /global/homes/j/jackm/software/lorrax_B/src/psp/run_sternheimer.py:1207:20 (run_sternheimer) because:
  for concatenate defined at /opt/jax/jax/_src/dispatch.py:96
  never seen input type signature
  closest seen input type signature has 9 mismatches, including:
    * at args[0], seen c128[1,46,2,24,24,80]({}), but now given i32[1,1963]({})
    * at args[1], seen c128[1,46,2,24,24,80]({}), but now given i32[1,1963]({})
    * at args[2], seen c128[1,46,2,24,24,80]({}), but now given i32[1,1963]({})
    * at args[3], seen c128[1,46,2,24,24,80]({}), but now given i32[1,1963]({})
    * at args[4], seen c128[1,46,2,24,24,80]({}), but now given i32[1,1963]({})
    * at args[5], seen c128[1,46,2,24,24,80]({}), but now given i32[1,1963]({})
    * at args[6], seen c128[1,46,2,24,24,80]({}), but now given i32[1,1963]({})
    * at args[7], seen c128[1,46,2,24,24,80]({}), but now given i32[1,1963]({})
    * at args[8], seen c128[1,46,2,24,24,80]({}), but now given i32[1,1963]({})
2026-04-25 14:07:35,946 jax._src.interpreters.pxla WARNING: Compiling concatenate with global shapes and types [ShapedArray(int32[1,1963]), ShapedArray(int32[1,1963]), ShapedArray(int32[1,1963]), ShapedArray(int32[1,1963]), ShapedArray(int32[1,1963]), ShapedArray(int32[1,1963]), ShapedArray(int32[1,1963]), ShapedArray(int32[1,1963]), ShapedArray(int32[1,1963])]. Argument mapping: (UnspecifiedValue, UnspecifiedValue, UnspecifiedValue, UnspecifiedValue, UnspecifiedValue, UnspecifiedValue, UnspecifiedValue, UnspecifiedValue, UnspecifiedValue).
2026-04-25 14:07:35,949 jax._src.dispatch WARNING: Finished jaxpr to MLIR module conversion jit(concatenate) in 0.002138853 sec
2026-04-25 14:07:35,955 jax._src.compiler WARNING: Persistent compilation cache hit for 'jit_concatenate' with key 'jit_concatenate-764aa352e4b1a7a6d484b15e61150c1c67179fe4cfe27ff2376d0035c80a6d85'
2026-04-25 14:07:35,955 jax._src.dispatch WARNING: Finished XLA compilation of jit(concatenate) in 0.005828857 sec
2026-04-25 14:07:35,959 jax._src.dispatch WARNING: Finished tracing + transforming broadcast_in_dim for pjit in 0.000197887 sec
2026-04-25 14:07:35,959 jax._src.pjit WARNING: TRACING CACHE MISS at /global/homes/j/jackm/software/lorrax_B/src/psp/run_sternheimer.py:1210:20 (run_sternheimer) because:
  never seen function:
    broadcast_in_dim id=140026875706592 defined at /opt/jax/jax/_src/dispatch.py:96
2026-04-25 14:07:35,959 jax._src.interpreters.pxla WARNING: Compiling broadcast_in_dim with global shapes and types [ShapedArray(int32[1963,3])]. Argument mapping: (UnspecifiedValue,).
2026-04-25 14:07:35,961 jax._src.dispatch WARNING: Finished jaxpr to MLIR module conversion jit(broadcast_in_dim) in 0.002000093 sec
2026-04-25 14:07:35,965 jax._src.compiler WARNING: Persistent compilation cache hit for 'jit_broadcast_in_dim' with key 'jit_broadcast_in_dim-80ab8724de191c113dfed047ba5e880ac247d094767b64ead9fed50df132728c'
2026-04-25 14:07:35,965 jax._src.dispatch WARNING: Finished XLA compilation of jit(broadcast_in_dim) in 0.003728867 sec
2026-04-25 14:07:35,967 jax._src.dispatch WARNING: Finished tracing + transforming concatenate for pjit in 0.000274658 sec
2026-04-25 14:07:35,968 jax._src.pjit WARNING: TRACING CACHE MISS at /global/homes/j/jackm/software/lorrax_B/src/psp/run_sternheimer.py:1210:20 (run_sternheimer) because:
  for concatenate defined at /opt/jax/jax/_src/dispatch.py:96
  never seen input type signature
  closest seen input type signature has 9 mismatches, including:
    * at args[0], seen c128[1,46,2,24,24,80]({}), but now given i32[1,1963,3]({})
    * at args[1], seen c128[1,46,2,24,24,80]({}), but now given i32[1,1963,3]({})
    * at args[2], seen c128[1,46,2,24,24,80]({}), but now given i32[1,1963,3]({})
    * at args[3], seen c128[1,46,2,24,24,80]({}), but now given i32[1,1963,3]({})
    * at args[4], seen c128[1,46,2,24,24,80]({}), but now given i32[1,1963,3]({})
    * at args[5], seen c128[1,46,2,24,24,80]({}), but now given i32[1,1963,3]({})
    * at args[6], seen c128[1,46,2,24,24,80]({}), but now given i32[1,1963,3]({})
    * at args[7], seen c128[1,46,2,24,24,80]({}), but now given i32[1,1963,3]({})
    * at args[8], seen c128[1,46,2,24,24,80]({}), but now given i32[1,1963,3]({})
2026-04-25 14:07:35,968 jax._src.interpreters.pxla WARNING: Compiling concatenate with global shapes and types [ShapedArray(int32[1,1963,3]), ShapedArray(int32[1,1963,3]), ShapedArray(int32[1,1963,3]), ShapedArray(int32[1,1963,3]), ShapedArray(int32[1,1963,3]), ShapedArray(int32[1,1963,3]), ShapedArray(int32[1,1963,3]), ShapedArray(int32[1,1963,3]), ShapedArray(int32[1,1963,3])]. Argument mapping: (UnspecifiedValue, UnspecifiedValue, UnspecifiedValue, UnspecifiedValue, UnspecifiedValue, UnspecifiedValue, UnspecifiedValue, UnspecifiedValue, UnspecifiedValue).
2026-04-25 14:07:35,970 jax._src.dispatch WARNING: Finished jaxpr to MLIR module conversion jit(concatenate) in 0.002283812 sec
2026-04-25 14:07:35,976 jax._src.compiler WARNING: Persistent compilation cache hit for 'jit_concatenate' with key 'jit_concatenate-03db0b48e7806fe8d98d7f9a25098a67820f2637329acbd3d36cd60c649f9ed1'
2026-04-25 14:07:35,976 jax._src.dispatch WARNING: Finished XLA compilation of jit(concatenate) in 0.005738020 sec
2026-04-25 14:07:35,978 jax._src.dispatch WARNING: Finished tracing + transforming dynamic_slice for pjit in 0.000246286 sec
2026-04-25 14:07:35,978 jax._src.pjit WARNING: TRACING CACHE MISS at /global/homes/j/jackm/software/lorrax_B/src/psp/run_sternheimer.py:1214:20 (run_sternheimer) because:
  never seen function:
    dynamic_slice id=140026874404576 defined at /opt/jax/jax/_src/dispatch.py:96
2026-04-25 14:07:35,979 jax._src.interpreters.pxla WARNING: Compiling dynamic_slice with global shapes and types [ShapedArray(complex128[9,46,2,24,24,80]), ShapedArray(int64[], weak_type=True), ShapedArray(int64[], weak_type=True), ShapedArray(int64[], weak_type=True), ShapedArray(int64[], weak_type=True), ShapedArray(int64[], weak_type=True), ShapedArray(int64[], weak_type=True)]. Argument mapping: (UnspecifiedValue, UnspecifiedValue, UnspecifiedValue, UnspecifiedValue, UnspecifiedValue, UnspecifiedValue, UnspecifiedValue).
2026-04-25 14:07:35,981 jax._src.dispatch WARNING: Finished jaxpr to MLIR module conversion jit(dynamic_slice) in 0.002088547 sec
2026-04-25 14:07:35,986 jax._src.compiler WARNING: Persistent compilation cache hit for 'jit_dynamic_slice' with key 'jit_dynamic_slice-861ee75411180c1009c8e04102c567da5fd1655c5b00c0bbd589e9be9b287576'
2026-04-25 14:07:35,986 jax._src.dispatch WARNING: Finished XLA compilation of jit(dynamic_slice) in 0.004349470 sec
2026-04-25 14:07:35,989 jax._src.dispatch WARNING: Finished tracing + transforming dynamic_slice for pjit in 0.000251770 sec
2026-04-25 14:07:35,989 jax._src.pjit WARNING: TRACING CACHE MISS at /global/homes/j/jackm/software/lorrax_B/src/psp/run_sternheimer.py:1220:29 (run_sternheimer) because:
  never seen function:
    dynamic_slice id=140026874406816 defined at /opt/jax/jax/_src/dispatch.py:96
2026-04-25 14:07:35,989 jax._src.interpreters.pxla WARNING: Compiling dynamic_slice with global shapes and types [ShapedArray(complex128[9,46,2,24,24,80]), ShapedArray(int64[], weak_type=True), ShapedArray(int64[], weak_type=True), ShapedArray(int64[], weak_type=True), ShapedArray(int64[], weak_type=True), ShapedArray(int64[], weak_type=True), ShapedArray(int64[], weak_type=True)]. Argument mapping: (UnspecifiedValue, UnspecifiedValue, UnspecifiedValue, UnspecifiedValue, UnspecifiedValue, UnspecifiedValue, UnspecifiedValue).
2026-04-25 14:07:35,991 jax._src.dispatch WARNING: Finished jaxpr to MLIR module conversion jit(dynamic_slice) in 0.002102375 sec
2026-04-25 14:07:35,996 jax._src.compiler WARNING: Persistent compilation cache hit for 'jit_dynamic_slice' with key 'jit_dynamic_slice-9439b29bb0964d02cded359d22ea3ee07e12521752fed2e207a42eb384be17ee'
2026-04-25 14:07:35,996 jax._src.dispatch WARNING: Finished XLA compilation of jit(dynamic_slice) in 0.004142523 sec
2026-04-25 14:07:35,998 jax._src.dispatch WARNING: Finished tracing + transforming squeeze for pjit in 0.000278950 sec
2026-04-25 14:07:35,998 jax._src.pjit WARNING: TRACING CACHE MISS at /global/homes/j/jackm/software/lorrax_B/src/psp/run_sternheimer.py:1220:29 (run_sternheimer) because:
  never seen function:
    squeeze id=140026874408416 defined at /opt/jax/jax/_src/dispatch.py:96
  but seen another function defined on the same line; maybe the function is
  being re-defined repeatedly, preventing caching?
2026-04-25 14:07:35,998 jax._src.interpreters.pxla WARNING: Compiling squeeze with global shapes and types [ShapedArray(complex128[1,26,2,24,24,80])]. Argument mapping: (UnspecifiedValue,).
2026-04-25 14:07:36,000 jax._src.dispatch WARNING: Finished jaxpr to MLIR module conversion jit(squeeze) in 0.002027750 sec
2026-04-25 14:07:36,005 jax._src.compiler WARNING: Persistent compilation cache hit for 'jit_squeeze' with key 'jit_squeeze-0eebd9f9c6db688148eee1c718e6b5bbd32e98e01434984cfbaab779650b5627'
2026-04-25 14:07:36,005 jax._src.dispatch WARNING: Finished XLA compilation of jit(squeeze) in 0.005023003 sec
2026-04-25 14:07:36,008 jax._src.dispatch WARNING: Finished tracing + transforming dynamic_slice for pjit in 0.000204563 sec
2026-04-25 14:07:36,009 jax._src.pjit WARNING: TRACING CACHE MISS at /global/homes/j/jackm/software/lorrax_B/src/psp/run_sternheimer.py:821:17 (_psi_box_to_G_sphere) because:
  never seen function:
    dynamic_slice id=140026874412576 defined at /opt/jax/jax/_src/dispatch.py:96
2026-04-25 14:07:36,009 jax._src.interpreters.pxla WARNING: Compiling dynamic_slice with global shapes and types [ShapedArray(int32[1963,3]), ShapedArray(int64[], weak_type=True), ShapedArray(int64[], weak_type=True)]. Argument mapping: (UnspecifiedValue, UnspecifiedValue, UnspecifiedValue).
2026-04-25 14:07:36,011 jax._src.dispatch WARNING: Finished jaxpr to MLIR module conversion jit(dynamic_slice) in 0.002093554 sec
2026-04-25 14:07:36,015 jax._src.compiler WARNING: Persistent compilation cache hit for 'jit_dynamic_slice' with key 'jit_dynamic_slice-47dad8d943488cc338f9fef162ae07e897478c7031b13f673feeeb12f6af9f10'
2026-04-25 14:07:36,015 jax._src.dispatch WARNING: Finished XLA compilation of jit(dynamic_slice) in 0.003991365 sec
2026-04-25 14:07:36,017 jax._src.dispatch WARNING: Finished tracing + transforming squeeze for pjit in 0.000172615 sec
2026-04-25 14:07:36,017 jax._src.pjit WARNING: TRACING CACHE MISS at /global/homes/j/jackm/software/lorrax_B/src/psp/run_sternheimer.py:821:17 (_psi_box_to_G_sphere) because:
  never seen function:
    squeeze id=140026874054112 defined at /opt/jax/jax/_src/dispatch.py:96
  but seen another function defined on the same line; maybe the function is
  being re-defined repeatedly, preventing caching?
2026-04-25 14:07:36,017 jax._src.interpreters.pxla WARNING: Compiling squeeze with global shapes and types [ShapedArray(int32[1963,1])]. Argument mapping: (UnspecifiedValue,).
2026-04-25 14:07:36,019 jax._src.dispatch WARNING: Finished jaxpr to MLIR module conversion jit(squeeze) in 0.002040386 sec
2026-04-25 14:07:36,024 jax._src.compiler WARNING: Persistent compilation cache hit for 'jit_squeeze' with key 'jit_squeeze-de538165411ae13e02016a22b3dafb5a36cdca63229c6c6a09822103468c7cc4'
2026-04-25 14:07:36,024 jax._src.dispatch WARNING: Finished XLA compilation of jit(squeeze) in 0.005040407 sec
2026-04-25 14:07:36,026 jax._src.dispatch WARNING: Finished tracing + transforming equal for pjit in 0.000414371 sec
2026-04-25 14:07:36,027 jax._src.dispatch WARNING: Finished tracing + transforming _broadcast_arrays for pjit in 0.000102520 sec
2026-04-25 14:07:36,027 jax._src.dispatch WARNING: Finished tracing + transforming _where for pjit in 0.000533104 sec
2026-04-25 14:07:36,027 jax._src.pjit WARNING: TRACING CACHE MISS at /global/homes/j/jackm/software/lorrax_B/src/psp/run_sternheimer.py:821:9 (_psi_box_to_G_sphere) because:
  for _where defined at /opt/jax/jax/_src/numpy/util.py:287
  never seen input type signature:
    condition: bool[],  x: i32[],  y: i32[]
  closest seen input type signature has 3 mismatches, including:
    * at condition, seen bool[46080]({}), but now given bool[]({})
    * at x, seen i32[46080]({}), but now given i32[]({})
    * at y, seen i32[46080]({}), but now given i32[]({})
2026-04-25 14:07:36,028 jax._src.dispatch WARNING: Finished tracing + transforming remainder for pjit in 0.002696276 sec
2026-04-25 14:07:36,028 jax._src.pjit WARNING: TRACING CACHE MISS at /global/homes/j/jackm/software/lorrax_B/src/psp/run_sternheimer.py:821:9 (_psi_box_to_G_sphere) because:
  never seen function:
    remainder id=140028066710528 defined at /opt/jax/jax/_src/numpy/ufuncs.py:3019
2026-04-25 14:07:36,028 jax._src.interpreters.pxla WARNING: Compiling remainder with global shapes and types [ShapedArray(int32[1963]), ShapedArray(int64[], weak_type=True)]. Argument mapping: (UnspecifiedValue, UnspecifiedValue).
2026-04-25 14:07:36,032 jax._src.dispatch WARNING: Finished jaxpr to MLIR module conversion jit(remainder) in 0.003484249 sec
2026-04-25 14:07:36,037 jax._src.compiler WARNING: Persistent compilation cache hit for 'jit_remainder' with key 'jit_remainder-61172b4a9a977b5403186f6ebe38986340cd21516dacb77384a881648929b428'
2026-04-25 14:07:36,037 jax._src.dispatch WARNING: Finished XLA compilation of jit(remainder) in 0.004385948 sec
2026-04-25 14:07:36,039 jax._src.interpreters.pxla WARNING: Compiling less with global shapes and types [ShapedArray(int32[1963]), ShapedArray(int64[], weak_type=True)]. Argument mapping: (UnspecifiedValue, UnspecifiedValue).
2026-04-25 14:07:36,042 jax._src.dispatch WARNING: Finished jaxpr to MLIR module conversion jit(less) in 0.002263069 sec
2026-04-25 14:07:36,046 jax._src.compiler WARNING: Persistent compilation cache hit for 'jit_less' with key 'jit_less-57c8ccf7e0b5b130b87d98a61918684905b60ba6daebdf549bdbf1bbfabd9ef8'
2026-04-25 14:07:36,046 jax._src.dispatch WARNING: Finished XLA compilation of jit(less) in 0.004065752 sec
2026-04-25 14:07:36,047 jax._src.dispatch WARNING: Finished tracing + transforming add for pjit in 0.000214577 sec
2026-04-25 14:07:36,047 jax._src.pjit WARNING: TRACING CACHE MISS at /global/homes/j/jackm/software/lorrax_B/src/psp/run_sternheimer.py:824:11 (_psi_box_to_G_sphere) because:
  never seen function:
    add id=140026874058912 defined at /opt/jax/jax/_src/dispatch.py:96
2026-04-25 14:07:36,048 jax._src.interpreters.pxla WARNING: Compiling add with global shapes and types [ShapedArray(int32[1963]), ShapedArray(int32[])]. Argument mapping: (UnspecifiedValue, UnspecifiedValue).
2026-04-25 14:07:36,050 jax._src.dispatch WARNING: Finished jaxpr to MLIR module conversion jit(add) in 0.002083778 sec
2026-04-25 14:07:36,054 jax._src.compiler WARNING: Persistent compilation cache hit for 'jit_add' with key 'jit_add-66677db76ca738bf2f47d10ee3e3ed01496989110ec285dd2e1d8873878b72c3'
2026-04-25 14:07:36,054 jax._src.dispatch WARNING: Finished XLA compilation of jit(add) in 0.003952503 sec
2026-04-25 14:07:36,055 jax._src.dispatch WARNING: Finished tracing + transforming select_n for pjit in 0.000164747 sec
2026-04-25 14:07:36,056 jax._src.pjit WARNING: TRACING CACHE MISS at /global/homes/j/jackm/software/lorrax_B/src/psp/run_sternheimer.py:824:11 (_psi_box_to_G_sphere) because:
  never seen function:
    select_n id=140026874060512 defined at /opt/jax/jax/_src/dispatch.py:96
  but seen another function defined on the same line; maybe the function is
  being re-defined repeatedly, preventing caching?
2026-04-25 14:07:36,056 jax._src.interpreters.pxla WARNING: Compiling select_n with global shapes and types [ShapedArray(bool[1963]), ShapedArray(int32[1963]), ShapedArray(int32[1963])]. Argument mapping: (UnspecifiedValue, UnspecifiedValue, UnspecifiedValue).
2026-04-25 14:07:36,058 jax._src.dispatch WARNING: Finished jaxpr to MLIR module conversion jit(select_n) in 0.002059221 sec
2026-04-25 14:07:36,062 jax._src.compiler WARNING: Persistent compilation cache hit for 'jit_select_n' with key 'jit_select_n-f6fca386a8826e4cad30d3dc5cbe3b9726dfcd30a618d0317b638995a712c9a8'
2026-04-25 14:07:36,062 jax._src.dispatch WARNING: Finished XLA compilation of jit(select_n) in 0.004031181 sec
2026-04-25 14:07:36,064 jax._src.dispatch WARNING: Finished tracing + transforming _broadcast_arrays for pjit in 0.000106812 sec
2026-04-25 14:07:36,065 jax._src.interpreters.pxla WARNING: Compiling _broadcast_arrays with global shapes and types [ShapedArray(int32[1963]), ShapedArray(int32[1963]), ShapedArray(int32[1963])]. Argument mapping: (UnspecifiedValue, UnspecifiedValue, UnspecifiedValue).
2026-04-25 14:07:36,067 jax._src.dispatch WARNING: Finished jaxpr to MLIR module conversion jit(_broadcast_arrays) in 0.001932144 sec
2026-04-25 14:07:36,072 jax._src.compiler WARNING: Persistent compilation cache hit for 'jit__broadcast_arrays' with key 'jit__broadcast_arrays-9c48fcc9d3d77f7c7e1b8761ac57a6c7ad279ffa9758787ad4e839f00063b085'
2026-04-25 14:07:36,072 jax._src.dispatch WARNING: Finished XLA compilation of jit(_broadcast_arrays) in 0.005080223 sec
2026-04-25 14:07:36,074 jax._src.dispatch WARNING: Finished tracing + transforming gather for pjit in 0.000235319 sec
2026-04-25 14:07:36,074 jax._src.pjit WARNING: TRACING CACHE MISS at /global/homes/j/jackm/software/lorrax_B/src/psp/run_sternheimer.py:824:11 (_psi_box_to_G_sphere) because:
  never seen function:
    gather id=140026874062912 defined at /opt/jax/jax/_src/dispatch.py:96
  but seen another function defined on the same line; maybe the function is
  being re-defined repeatedly, preventing caching?
2026-04-25 14:07:36,074 jax._src.interpreters.pxla WARNING: Compiling gather with global shapes and types [ShapedArray(complex128[26,2,24,24,80]), ShapedArray(int32[1963,3])]. Argument mapping: (UnspecifiedValue, UnspecifiedValue).
2026-04-25 14:07:36,077 jax._src.dispatch WARNING: Finished jaxpr to MLIR module conversion jit(gather) in 0.002218008 sec
2026-04-25 14:07:36,081 jax._src.compiler WARNING: Persistent compilation cache hit for 'jit_gather' with key 'jit_gather-8d4ce33b6009be42dfd3750b5d98cdddcbb32fb68cb3289e573588830e3d6e1d'
2026-04-25 14:07:36,081 jax._src.dispatch WARNING: Finished XLA compilation of jit(gather) in 0.003966331 sec
2026-04-25 14:07:36,083 jax._src.dispatch WARNING: Finished tracing + transforming broadcast_in_dim for pjit in 0.000189066 sec
2026-04-25 14:07:36,083 jax._src.pjit WARNING: TRACING CACHE MISS at /global/homes/j/jackm/software/lorrax_B/src/psp/run_sternheimer.py:824:11 (_psi_box_to_G_sphere) because:
  never seen function:
    broadcast_in_dim id=140026874065312 defined at /opt/jax/jax/_src/dispatch.py:96
  but seen another function defined on the same line; maybe the function is
  being re-defined repeatedly, preventing caching?
2026-04-25 14:07:36,083 jax._src.interpreters.pxla WARNING: Compiling broadcast_in_dim with global shapes and types [ShapedArray(complex128[26,2,1963])]. Argument mapping: (UnspecifiedValue,).
2026-04-25 14:07:36,085 jax._src.dispatch WARNING: Finished jaxpr to MLIR module conversion jit(broadcast_in_dim) in 0.001868010 sec
2026-04-25 14:07:36,092 jax._src.compiler WARNING: Persistent compilation cache hit for 'jit_broadcast_in_dim' with key 'jit_broadcast_in_dim-47305180ee3fb44c536ed1fa5a8d5506297e18d7d43d6503fc561219da1e3a3d'
2026-04-25 14:07:36,092 jax._src.dispatch WARNING: Finished XLA compilation of jit(broadcast_in_dim) in 0.006845951 sec
2026-04-25 14:07:36,101 jax._src.dispatch WARNING: Finished tracing + transforming broadcast_in_dim for pjit in 0.000235319 sec
2026-04-25 14:07:36,101 jax._src.pjit WARNING: TRACING CACHE MISS at /global/homes/j/jackm/software/lorrax_B/src/psp/run_sternheimer.py:1221:8 (run_sternheimer) because:
  never seen function:
    broadcast_in_dim id=140026874067872 defined at /opt/jax/jax/_src/dispatch.py:96
2026-04-25 14:07:36,101 jax._src.interpreters.pxla WARNING: Compiling broadcast_in_dim with global shapes and types [ShapedArray(bool[1963])]. Argument mapping: (UnspecifiedValue,).
2026-04-25 14:07:36,103 jax._src.dispatch WARNING: Finished jaxpr to MLIR module conversion jit(broadcast_in_dim) in 0.002063990 sec
2026-04-25 14:07:36,107 jax._src.compiler WARNING: Persistent compilation cache hit for 'jit_broadcast_in_dim' with key 'jit_broadcast_in_dim-fe00e20368d6e48d725464818ba2ae188be37d0789c24234b0c7d7a8245defc1'
2026-04-25 14:07:36,108 jax._src.dispatch WARNING: Finished XLA compilation of jit(broadcast_in_dim) in 0.003868818 sec
2026-04-25 14:07:36,108 jax._src.dispatch WARNING: Finished tracing + transforming convert_element_type for pjit in 0.000176430 sec
2026-04-25 14:07:36,109 jax._src.pjit WARNING: TRACING CACHE MISS at /global/homes/j/jackm/software/lorrax_B/src/psp/run_sternheimer.py:1221:8 (run_sternheimer) because:
  for convert_element_type defined at /opt/jax/jax/_src/dispatch.py:96
  never seen input type signature:
    args[0]: bool[1,1,1963]
  closest seen input type signature has 1 mismatches, including:
    * at args[0], seen c128[3]({}), but now given bool[1,1,1963]({})
2026-04-25 14:07:36,109 jax._src.interpreters.pxla WARNING: Compiling convert_element_type with global shapes and types [ShapedArray(bool[1,1,1963])]. Argument mapping: (UnspecifiedValue,).
2026-04-25 14:07:36,111 jax._src.dispatch WARNING: Finished jaxpr to MLIR module conversion jit(convert_element_type) in 0.002007008 sec
2026-04-25 14:07:36,115 jax._src.compiler WARNING: Persistent compilation cache hit for 'jit_convert_element_type' with key 'jit_convert_element_type-4cdd5b6a9dbf43b163cf74a3c5b6fc61788065816e21e4e4588372264e8f7754'
2026-04-25 14:07:36,115 jax._src.dispatch WARNING: Finished XLA compilation of jit(convert_element_type) in 0.003769636 sec
2026-04-25 14:07:36,116 jax._src.dispatch WARNING: Finished tracing + transforming multiply for pjit in 0.000343084 sec
2026-04-25 14:07:36,116 jax._src.interpreters.pxla WARNING: Compiling multiply with global shapes and types [ShapedArray(complex128[26,2,1963]), ShapedArray(complex128[1,1,1963])]. Argument mapping: (UnspecifiedValue, UnspecifiedValue).
2026-04-25 14:07:36,119 jax._src.dispatch WARNING: Finished jaxpr to MLIR module conversion jit(multiply) in 0.002081156 sec
2026-04-25 14:07:36,123 jax._src.compiler WARNING: Persistent compilation cache hit for 'jit_multiply' with key 'jit_multiply-a8c9e112f4bfaa9c60da0574a0da150fb4367361322a3dddc6d02bcbfd8c2d2e'
2026-04-25 14:07:36,123 jax._src.dispatch WARNING: Finished XLA compilation of jit(multiply) in 0.004220247 sec
2026-04-25 14:07:36,172 jax._src.dispatch WARNING: Finished tracing + transforming broadcast_in_dim for pjit in 0.000238657 sec
2026-04-25 14:07:36,172 jax._src.pjit WARNING: TRACING CACHE MISS at /global/homes/j/jackm/software/lorrax_B/src/psp/run_sternheimer.py:1219:19 (run_sternheimer) because:
  never seen function:
    broadcast_in_dim id=140026873791968 defined at /opt/jax/jax/_src/dispatch.py:96
2026-04-25 14:07:36,172 jax._src.interpreters.pxla WARNING: Compiling broadcast_in_dim with global shapes and types [ShapedArray(complex128[26,2,1963])]. Argument mapping: (UnspecifiedValue,).
2026-04-25 14:07:36,175 jax._src.dispatch WARNING: Finished jaxpr to MLIR module conversion jit(broadcast_in_dim) in 0.002131224 sec
2026-04-25 14:07:36,182 jax._src.compiler WARNING: Persistent compilation cache hit for 'jit_broadcast_in_dim' with key 'jit_broadcast_in_dim-538bdd7c65465e7569898827a7f1d53142e546cc6f01a638909d1e3924451073'
2026-04-25 14:07:36,182 jax._src.dispatch WARNING: Finished XLA compilation of jit(broadcast_in_dim) in 0.007510185 sec
2026-04-25 14:07:36,186 jax._src.dispatch WARNING: Finished tracing + transforming concatenate for pjit in 0.000245094 sec
2026-04-25 14:07:36,186 jax._src.pjit WARNING: TRACING CACHE MISS at /global/homes/j/jackm/software/lorrax_B/src/psp/run_sternheimer.py:1219:19 (run_sternheimer) because:
  for concatenate defined at /opt/jax/jax/_src/dispatch.py:96
  never seen input type signature
  closest seen input type signature has 9 mismatches, including:
    * at args[0], seen c128[1,46,2,24,24,80]({}), but now given c128[1,26,2,1963]({})
    * at args[1], seen c128[1,46,2,24,24,80]({}), but now given c128[1,26,2,1963]({})
    * at args[2], seen c128[1,46,2,24,24,80]({}), but now given c128[1,26,2,1963]({})
    * at args[3], seen c128[1,46,2,24,24,80]({}), but now given c128[1,26,2,1963]({})
    * at args[4], seen c128[1,46,2,24,24,80]({}), but now given c128[1,26,2,1963]({})
    * at args[5], seen c128[1,46,2,24,24,80]({}), but now given c128[1,26,2,1963]({})
    * at args[6], seen c128[1,46,2,24,24,80]({}), but now given c128[1,26,2,1963]({})
    * at args[7], seen c128[1,46,2,24,24,80]({}), but now given c128[1,26,2,1963]({})
    * at args[8], seen c128[1,46,2,24,24,80]({}), but now given c128[1,26,2,1963]({})
2026-04-25 14:07:36,186 jax._src.interpreters.pxla WARNING: Compiling concatenate with global shapes and types [ShapedArray(complex128[1,26,2,1963]), ShapedArray(complex128[1,26,2,1963]), ShapedArray(complex128[1,26,2,1963]), ShapedArray(complex128[1,26,2,1963]), ShapedArray(complex128[1,26,2,1963]), ShapedArray(complex128[1,26,2,1963]), ShapedArray(complex128[1,26,2,1963]), ShapedArray(complex128[1,26,2,1963]), ShapedArray(complex128[1,26,2,1963])]. Argument mapping: (UnspecifiedValue, UnspecifiedValue, UnspecifiedValue, UnspecifiedValue, UnspecifiedValue, UnspecifiedValue, UnspecifiedValue, UnspecifiedValue, UnspecifiedValue).
2026-04-25 14:07:36,189 jax._src.dispatch WARNING: Finished jaxpr to MLIR module conversion jit(concatenate) in 0.002187490 sec
2026-04-25 14:07:36,193 jax._src.compiler WARNING: Persistent compilation cache hit for 'jit_concatenate' with key 'jit_concatenate-506482cd429cdbbcd4aa03e24450146fb904f506be1cb91466c4cc04c7cd09d2'
2026-04-25 14:07:36,194 jax._src.dispatch WARNING: Finished XLA compilation of jit(concatenate) in 0.004522324 sec
2026-04-25 14:07:36,203 jax._src.dispatch WARNING: Finished tracing + transforming absolute for pjit in 0.000195980 sec
2026-04-25 14:07:36,203 jax._src.dispatch WARNING: Finished tracing + transforming abs for pjit in 0.000532627 sec
2026-04-25 14:07:36,204 jax._src.dispatch WARNING: Finished tracing + transforming _reduce_sum for pjit in 0.000366926 sec
2026-04-25 14:07:36,205 jax._src.dispatch WARNING: Finished tracing + transforming _einsum for pjit in 0.000600338 sec
2026-04-25 14:07:36,206 jax._src.dispatch WARNING: Finished tracing + transforming compute_per_band_kinetic for pjit in 0.003007412 sec
2026-04-25 14:07:36,206 jax._src.pjit WARNING: TRACING CACHE MISS at /global/homes/j/jackm/software/lorrax_B/src/psp/run_sternheimer.py:1225:8 (run_sternheimer) because:
  never seen function:
    compute_per_band_kinetic id=140027410639552 defined at /global/homes/j/jackm/software/lorrax_B/src/solvers/sternheimer_precond.py:60
2026-04-25 14:07:36,206 jax._src.interpreters.pxla WARNING: Compiling compute_per_band_kinetic with global shapes and types [ShapedArray(complex128[26,2,1963]), ShapedArray(float64[1963])]. Argument mapping: (UnspecifiedValue, UnspecifiedValue).
2026-04-25 14:07:36,208 jax._src.dispatch WARNING: Finished jaxpr to MLIR module conversion jit(compute_per_band_kinetic) in 0.002411366 sec
2026-04-25 14:07:36,213 jax._src.compiler WARNING: Persistent compilation cache hit for 'jit_compute_per_band_kinetic' with key 'jit_compute_per_band_kinetic-26aec8e80b901a02f2867db05cccc4f3079f6c1f0359e83db81fea8e5ad1ca8a'
2026-04-25 14:07:36,213 jax._src.dispatch WARNING: Finished XLA compilation of jit(compute_per_band_kinetic) in 0.004523277 sec
2026-04-25 14:07:36,264 jax._src.dispatch WARNING: Finished tracing + transforming broadcast_in_dim for pjit in 0.000286818 sec
2026-04-25 14:07:36,265 jax._src.pjit WARNING: TRACING CACHE MISS at /global/homes/j/jackm/software/lorrax_B/src/psp/run_sternheimer.py:1224:20 (run_sternheimer) because:
  never seen function:
    broadcast_in_dim id=140026873796928 defined at /opt/jax/jax/_src/dispatch.py:96
2026-04-25 14:07:36,265 jax._src.interpreters.pxla WARNING: Compiling broadcast_in_dim with global shapes and types [ShapedArray(float64[26])]. Argument mapping: (UnspecifiedValue,).
2026-04-25 14:07:36,267 jax._src.dispatch WARNING: Finished jaxpr to MLIR module conversion jit(broadcast_in_dim) in 0.002070904 sec
2026-04-25 14:07:36,272 jax._src.compiler WARNING: Persistent compilation cache hit for 'jit_broadcast_in_dim' with key 'jit_broadcast_in_dim-4aaae95205c0be99f4e0819b20ed87d6b11dceba74ef3256bd9ef7f2d1c2145c'
2026-04-25 14:07:36,272 jax._src.dispatch WARNING: Finished XLA compilation of jit(broadcast_in_dim) in 0.004652977 sec
2026-04-25 14:07:36,274 jax._src.dispatch WARNING: Finished tracing + transforming concatenate for pjit in 0.000221252 sec
2026-04-25 14:07:36,274 jax._src.pjit WARNING: TRACING CACHE MISS at /global/homes/j/jackm/software/lorrax_B/src/psp/run_sternheimer.py:1224:20 (run_sternheimer) because:
  for concatenate defined at /opt/jax/jax/_src/dispatch.py:96
  never seen input type signature
  closest seen input type signature has 9 mismatches, including:
    * at args[0], seen c128[1,46,2,24,24,80]({}), but now given f64[1,26]({})
    * at args[1], seen c128[1,46,2,24,24,80]({}), but now given f64[1,26]({})
    * at args[2], seen c128[1,46,2,24,24,80]({}), but now given f64[1,26]({})
    * at args[3], seen c128[1,46,2,24,24,80]({}), but now given f64[1,26]({})
    * at args[4], seen c128[1,46,2,24,24,80]({}), but now given f64[1,26]({})
    * at args[5], seen c128[1,46,2,24,24,80]({}), but now given f64[1,26]({})
    * at args[6], seen c128[1,46,2,24,24,80]({}), but now given f64[1,26]({})
    * at args[7], seen c128[1,46,2,24,24,80]({}), but now given f64[1,26]({})
    * at args[8], seen c128[1,46,2,24,24,80]({}), but now given f64[1,26]({})
2026-04-25 14:07:36,275 jax._src.interpreters.pxla WARNING: Compiling concatenate with global shapes and types [ShapedArray(float64[1,26]), ShapedArray(float64[1,26]), ShapedArray(float64[1,26]), ShapedArray(float64[1,26]), ShapedArray(float64[1,26]), ShapedArray(float64[1,26]), ShapedArray(float64[1,26]), ShapedArray(float64[1,26]), ShapedArray(float64[1,26])]. Argument mapping: (UnspecifiedValue, UnspecifiedValue, UnspecifiedValue, UnspecifiedValue, UnspecifiedValue, UnspecifiedValue, UnspecifiedValue, UnspecifiedValue, UnspecifiedValue).
2026-04-25 14:07:36,277 jax._src.dispatch WARNING: Finished jaxpr to MLIR module conversion jit(concatenate) in 0.002145767 sec
2026-04-25 14:07:36,281 jax._src.compiler WARNING: Persistent compilation cache hit for 'jit_concatenate' with key 'jit_concatenate-d888f8d00f2b7849dfc19c083553422b390c3649c2c3fc26b8ccd3aa8db78d74'
2026-04-25 14:07:36,281 jax._src.dispatch WARNING: Finished XLA compilation of jit(concatenate) in 0.004229784 sec
2026-04-25 14:07:36,283 jax._src.dispatch WARNING: Finished tracing + transforming dynamic_slice for pjit in 0.000241756 sec
2026-04-25 14:07:36,283 jax._src.pjit WARNING: TRACING CACHE MISS at /global/homes/j/jackm/software/lorrax_B/src/psp/run_sternheimer.py:1236:16 (run_sternheimer) because:
  never seen function:
    dynamic_slice id=140026873800288 defined at /opt/jax/jax/_src/dispatch.py:96
2026-04-25 14:07:36,284 jax._src.interpreters.pxla WARNING: Compiling dynamic_slice with global shapes and types [ShapedArray(complex128[9,46,2,24,24,80]), ShapedArray(int64[], weak_type=True), ShapedArray(int64[], weak_type=True), ShapedArray(int64[], weak_type=True), ShapedArray(int64[], weak_type=True), ShapedArray(int64[], weak_type=True), ShapedArray(int64[], weak_type=True)]. Argument mapping: (UnspecifiedValue, UnspecifiedValue, UnspecifiedValue, UnspecifiedValue, UnspecifiedValue, UnspecifiedValue, UnspecifiedValue).
2026-04-25 14:07:36,286 jax._src.dispatch WARNING: Finished jaxpr to MLIR module conversion jit(dynamic_slice) in 0.002069712 sec
2026-04-25 14:07:36,294 jax._src.compiler WARNING: Persistent compilation cache hit for 'jit_dynamic_slice' with key 'jit_dynamic_slice-12e2d15b5258c9a875df136fcf15c8926d4cbbed244473c961c0d102fbb25b44'
2026-04-25 14:07:36,294 jax._src.dispatch WARNING: Finished XLA compilation of jit(dynamic_slice) in 0.008325577 sec
2026-04-25 14:07:36,296 jax._src.dispatch WARNING: Finished tracing + transforming squeeze for pjit in 0.000171423 sec
2026-04-25 14:07:36,296 jax._src.pjit WARNING: TRACING CACHE MISS at /global/homes/j/jackm/software/lorrax_B/src/psp/run_sternheimer.py:1236:16 (run_sternheimer) because:
  for squeeze defined at /opt/jax/jax/_src/dispatch.py:96
  never seen input type signature:
    args[0]: c128[1,20,2,24,24,80]
  closest seen input type signature has 1 mismatches, including:
    * at args[0], seen c128[1,26,2,24,24,80], but now given c128[1,20,2,24,24,80]
2026-04-25 14:07:36,296 jax._src.interpreters.pxla WARNING: Compiling squeeze with global shapes and types [ShapedArray(complex128[1,20,2,24,24,80])]. Argument mapping: (UnspecifiedValue,).
2026-04-25 14:07:36,299 jax._src.dispatch WARNING: Finished jaxpr to MLIR module conversion jit(squeeze) in 0.002155542 sec
2026-04-25 14:07:36,303 jax._src.compiler WARNING: Persistent compilation cache hit for 'jit_squeeze' with key 'jit_squeeze-b889f99b48188edab99a4739d427d574bfc4f08f8e46a020b1052adf95a85b9a'
2026-04-25 14:07:36,303 jax._src.dispatch WARNING: Finished XLA compilation of jit(squeeze) in 0.004055262 sec
2026-04-25 14:07:36,308 jax._src.dispatch WARNING: Finished tracing + transforming gather for pjit in 0.000214577 sec
2026-04-25 14:07:36,308 jax._src.pjit WARNING: TRACING CACHE MISS at /global/homes/j/jackm/software/lorrax_B/src/psp/run_sternheimer.py:824:11 (_psi_box_to_G_sphere) because:
  never seen function:
    gather id=140026873803168 defined at /opt/jax/jax/_src/dispatch.py:96
  but seen another function defined on the same line; maybe the function is
  being re-defined repeatedly, preventing caching?
2026-04-25 14:07:36,308 jax._src.interpreters.pxla WARNING: Compiling gather with global shapes and types [ShapedArray(complex128[20,2,24,24,80]), ShapedArray(int32[1963,3])]. Argument mapping: (UnspecifiedValue, UnspecifiedValue).
2026-04-25 14:07:36,310 jax._src.dispatch WARNING: Finished jaxpr to MLIR module conversion jit(gather) in 0.002118349 sec
2026-04-25 14:07:36,315 jax._src.compiler WARNING: Persistent compilation cache hit for 'jit_gather' with key 'jit_gather-befa485e4914532174f450b23ae80769f9aafd931879e166e6ec0d52c1da5032'
2026-04-25 14:07:36,315 jax._src.dispatch WARNING: Finished XLA compilation of jit(gather) in 0.003822803 sec
2026-04-25 14:07:36,316 jax._src.dispatch WARNING: Finished tracing + transforming broadcast_in_dim for pjit in 0.000194073 sec
2026-04-25 14:07:36,316 jax._src.pjit WARNING: TRACING CACHE MISS at /global/homes/j/jackm/software/lorrax_B/src/psp/run_sternheimer.py:824:11 (_psi_box_to_G_sphere) because:
  never seen function:
    broadcast_in_dim id=140026873806688 defined at /opt/jax/jax/_src/dispatch.py:96
  but seen another function defined on the same line; maybe the function is
  being re-defined repeatedly, preventing caching?
2026-04-25 14:07:36,316 jax._src.interpreters.pxla WARNING: Compiling broadcast_in_dim with global shapes and types [ShapedArray(complex128[20,2,1963])]. Argument mapping: (UnspecifiedValue,).
2026-04-25 14:07:36,318 jax._src.dispatch WARNING: Finished jaxpr to MLIR module conversion jit(broadcast_in_dim) in 0.001871347 sec
2026-04-25 14:07:36,322 jax._src.compiler WARNING: Persistent compilation cache hit for 'jit_broadcast_in_dim' with key 'jit_broadcast_in_dim-6068a55b3adf2269195d8d0d5fd36058495e0cf13129881fa4c88e20f8693b88'
2026-04-25 14:07:36,322 jax._src.dispatch WARNING: Finished XLA compilation of jit(broadcast_in_dim) in 0.003988266 sec
2026-04-25 14:07:36,324 jax._src.dispatch WARNING: Finished tracing + transforming multiply for pjit in 0.000260592 sec
2026-04-25 14:07:36,324 jax._src.interpreters.pxla WARNING: Compiling multiply with global shapes and types [ShapedArray(complex128[20,2,1963]), ShapedArray(complex128[1,1,1963])]. Argument mapping: (UnspecifiedValue, UnspecifiedValue).
2026-04-25 14:07:36,326 jax._src.dispatch WARNING: Finished jaxpr to MLIR module conversion jit(multiply) in 0.002077103 sec
2026-04-25 14:07:36,331 jax._src.compiler WARNING: Persistent compilation cache hit for 'jit_multiply' with key 'jit_multiply-20316166c140bc62a9fa150340df8ae1952ef00f99cd15158f8511ece34b8d04'
2026-04-25 14:07:36,331 jax._src.dispatch WARNING: Finished XLA compilation of jit(multiply) in 0.004034519 sec
2026-04-25 14:07:36,379 jax._src.dispatch WARNING: Finished tracing + transforming broadcast_in_dim for pjit in 0.000180244 sec
2026-04-25 14:07:36,379 jax._src.pjit WARNING: TRACING CACHE MISS at /global/homes/j/jackm/software/lorrax_B/src/psp/run_sternheimer.py:1234:25 (run_sternheimer) because:
  never seen function:
    broadcast_in_dim id=140026609567200 defined at /opt/jax/jax/_src/dispatch.py:96
2026-04-25 14:07:36,379 jax._src.interpreters.pxla WARNING: Compiling broadcast_in_dim with global shapes and types [ShapedArray(complex128[20,2,1963])]. Argument mapping: (UnspecifiedValue,).
2026-04-25 14:07:36,382 jax._src.dispatch WARNING: Finished jaxpr to MLIR module conversion jit(broadcast_in_dim) in 0.002073288 sec
2026-04-25 14:07:36,386 jax._src.compiler WARNING: Persistent compilation cache hit for 'jit_broadcast_in_dim' with key 'jit_broadcast_in_dim-e4bc1925bb64c9dc05e42cca804072d802e8d4aa5583c83d5f9910487d33974f'
2026-04-25 14:07:36,386 jax._src.dispatch WARNING: Finished XLA compilation of jit(broadcast_in_dim) in 0.004260778 sec
2026-04-25 14:07:36,389 jax._src.dispatch WARNING: Finished tracing + transforming concatenate for pjit in 0.000236988 sec
2026-04-25 14:07:36,390 jax._src.pjit WARNING: TRACING CACHE MISS at /global/homes/j/jackm/software/lorrax_B/src/psp/run_sternheimer.py:1234:25 (run_sternheimer) because:
  for concatenate defined at /opt/jax/jax/_src/dispatch.py:96
  never seen input type signature
  closest seen input type signature has 9 mismatches, including:
    * at args[0], seen c128[1,46,2,24,24,80]({}), but now given c128[1,20,2,1963]({})
    * at args[1], seen c128[1,46,2,24,24,80]({}), but now given c128[1,20,2,1963]({})
    * at args[2], seen c128[1,46,2,24,24,80]({}), but now given c128[1,20,2,1963]({})
    * at args[3], seen c128[1,46,2,24,24,80]({}), but now given c128[1,20,2,1963]({})
    * at args[4], seen c128[1,46,2,24,24,80]({}), but now given c128[1,20,2,1963]({})
    * at args[5], seen c128[1,46,2,24,24,80]({}), but now given c128[1,20,2,1963]({})
    * at args[6], seen c128[1,46,2,24,24,80]({}), but now given c128[1,20,2,1963]({})
    * at args[7], seen c128[1,46,2,24,24,80]({}), but now given c128[1,20,2,1963]({})
    * at args[8], seen c128[1,46,2,24,24,80]({}), but now given c128[1,20,2,1963]({})
2026-04-25 14:07:36,390 jax._src.interpreters.pxla WARNING: Compiling concatenate with global shapes and types [ShapedArray(complex128[1,20,2,1963]), ShapedArray(complex128[1,20,2,1963]), ShapedArray(complex128[1,20,2,1963]), ShapedArray(complex128[1,20,2,1963]), ShapedArray(complex128[1,20,2,1963]), ShapedArray(complex128[1,20,2,1963]), ShapedArray(complex128[1,20,2,1963]), ShapedArray(complex128[1,20,2,1963]), ShapedArray(complex128[1,20,2,1963])]. Argument mapping: (UnspecifiedValue, UnspecifiedValue, UnspecifiedValue, UnspecifiedValue, UnspecifiedValue, UnspecifiedValue, UnspecifiedValue, UnspecifiedValue, UnspecifiedValue).
2026-04-25 14:07:36,392 jax._src.dispatch WARNING: Finished jaxpr to MLIR module conversion jit(concatenate) in 0.002164841 sec
2026-04-25 14:07:36,397 jax._src.compiler WARNING: Persistent compilation cache hit for 'jit_concatenate' with key 'jit_concatenate-699e85880ee9491011ec9a6ecbf798c6ba7997c5c40d5c0d97957e527ada84e2'
2026-04-25 14:07:36,397 jax._src.dispatch WARNING: Finished XLA compilation of jit(concatenate) in 0.004765749 sec
2026-04-25 14:07:36,402 jax._src.dispatch WARNING: Finished tracing + transforming dynamic_slice for pjit in 0.001190662 sec
2026-04-25 14:07:36,402 jax._src.pjit WARNING: TRACING CACHE MISS at /global/homes/j/jackm/software/lorrax_B/src/psp/run_sternheimer.py:1240:25 (run_sternheimer) because:
  never seen function:
    dynamic_slice id=140026609570400 defined at /opt/jax/jax/_src/dispatch.py:96
2026-04-25 14:07:36,402 jax._src.interpreters.pxla WARNING: Compiling dynamic_slice with global shapes and types [ShapedArray(float64[9,46]), ShapedArray(int64[], weak_type=True), ShapedArray(int64[], weak_type=True)]. Argument mapping: (UnspecifiedValue, UnspecifiedValue, UnspecifiedValue).
2026-04-25 14:07:36,404 jax._src.dispatch WARNING: Finished jaxpr to MLIR module conversion jit(dynamic_slice) in 0.001971722 sec
2026-04-25 14:07:36,410 jax._src.compiler WARNING: Persistent compilation cache hit for 'jit_dynamic_slice' with key 'jit_dynamic_slice-258274cdb12177fa279dc952c82320a16ebd3f38d6c3ebf38f5a946d60014750'
2026-04-25 14:07:36,410 jax._src.dispatch WARNING: Finished XLA compilation of jit(dynamic_slice) in 0.005688429 sec
2026-04-25 14:07:36,412 jax._src.dispatch WARNING: Finished tracing + transforming broadcast_in_dim for pjit in 0.000176668 sec
2026-04-25 14:07:36,412 jax._src.pjit WARNING: TRACING CACHE MISS at /global/homes/j/jackm/software/lorrax_B/src/psp/run_sternheimer.py:220:11 (make_density_perturbation) because:
  for broadcast_in_dim defined at /opt/jax/jax/_src/dispatch.py:96
  never seen input type signature:
    args[0]: c128[]
  closest seen input type signature has 1 mismatches, including:
    * at args[0], seen f64[], but now given c128[]
2026-04-25 14:07:36,412 jax._src.interpreters.pxla WARNING: Compiling broadcast_in_dim with global shapes and types [ShapedArray(complex128[])]. Argument mapping: (UnspecifiedValue,).
2026-04-25 14:07:36,414 jax._src.dispatch WARNING: Finished jaxpr to MLIR module conversion jit(broadcast_in_dim) in 0.002032757 sec
2026-04-25 14:07:36,418 jax._src.compiler WARNING: Persistent compilation cache hit for 'jit_broadcast_in_dim' with key 'jit_broadcast_in_dim-c1652434f929a76c9a6e6566c1374e449cd59b3890352d76f0cbd89675920553'
2026-04-25 14:07:36,418 jax._src.dispatch WARNING: Finished XLA compilation of jit(broadcast_in_dim) in 0.003928185 sec
2026-04-25 14:07:36,427 jax._src.dispatch WARNING: Finished tracing + transforming less for pjit in 0.000629902 sec
2026-04-25 14:07:36,427 jax._src.dispatch WARNING: Finished tracing + transforming _broadcast_arrays for pjit in 0.000094414 sec
2026-04-25 14:07:36,433 jax._src.dispatch WARNING: Finished tracing + transforming subtract for pjit in 0.000226259 sec
2026-04-25 14:07:36,434 jax._src.dispatch WARNING: Finished tracing + transforming subtract for pjit in 0.000223637 sec
2026-04-25 14:07:36,434 jax._src.dispatch WARNING: Finished tracing + transforming round for pjit in 0.000169754 sec
2026-04-25 14:07:36,434 jax._src.pjit WARNING: TRACING CACHE MISS at /global/homes/j/jackm/software/lorrax_B/src/psp/run_sternheimer.py:936:17 (_build_stk_at_q) because:
  never seen function:
    round id=140028065017152 defined at /opt/jax/jax/_src/numpy/lax_numpy.py:3451
2026-04-25 14:07:36,435 jax._src.dispatch WARNING: Finished tracing + transforming true_divide for pjit in 0.000296116 sec
2026-04-25 14:07:36,436 jax._src.dispatch WARNING: Finished tracing + transforming true_divide for pjit in 0.000290394 sec
2026-04-25 14:07:36,445 jax._src.dispatch WARNING: Finished tracing + transforming exp for pjit in 0.000255823 sec
2026-04-25 14:07:36,449 jax._src.dispatch WARNING: Finished tracing + transforming multiply for pjit in 0.000209808 sec
2026-04-25 14:07:36,451 jax._src.dispatch WARNING: Finished tracing + transforming fft for pjit in 0.000135422 sec
2026-04-25 14:07:36,451 jax._src.pjit WARNING: TRACING CACHE MISS at /global/homes/j/jackm/software/lorrax_B/src/psp/scf_potential.py:153:16 (build_rho_val_from_wfn) because:
  for fft defined at /opt/jax/jax/_src/lax/fft.py:68
  tracing context doesn't match, e.g. due to config or context manager
  closest seen context tuple differs at positions:
    3
  compare to tuple returned by config._trace_context() in jax/_src/config.py.
2026-04-25 14:07:36,453 jax._src.dispatch WARNING: Finished tracing + transforming multiply for pjit in 0.000271320 sec
2026-04-25 14:07:36,455 jax._src.dispatch WARNING: Finished tracing + transforming fft for pjit in 0.000263453 sec
2026-04-25 14:07:36,455 jax._src.pjit WARNING: TRACING CACHE MISS at /global/homes/j/jackm/software/lorrax_B/src/psp/run_sternheimer.py:115:13 (build_sternheimer_source_preQ) because:
  for fft defined at /opt/jax/jax/_src/lax/fft.py:68
explanation unavailable! please open an issue at https://github.com/jax-ml/jax
2026-04-25 14:07:36,455 jax._src.dispatch WARNING: Finished tracing + transforming fft for pjit in 0.000121832 sec
2026-04-25 14:07:36,455 jax._src.pjit WARNING: TRACING CACHE MISS at /global/homes/j/jackm/software/lorrax_B/src/psp/run_sternheimer.py:115:13 (build_sternheimer_source_preQ) because:
  for fft defined at /opt/jax/jax/_src/lax/fft.py:68
explanation unavailable! please open an issue at https://github.com/jax-ml/jax
2026-04-25 14:07:36,467 jax._src.dispatch WARNING: Finished tracing + transforming conjugate for pjit in 0.000189543 sec
2026-04-25 14:07:36,469 jax._src.dispatch WARNING: Finished tracing + transforming _einsum for pjit in 0.000409365 sec
2026-04-25 14:07:36,471 jax._src.dispatch WARNING: Finished tracing + transforming _einsum for pjit in 0.000344753 sec
2026-04-25 14:07:36,472 jax._src.dispatch WARNING: Finished tracing + transforming subtract for pjit in 0.000301838 sec
2026-04-25 14:07:36,473 jax._src.dispatch WARNING: Finished tracing + transforming greater for pjit in 0.000389814 sec
2026-04-25 14:07:36,475 jax._src.dispatch WARNING: Finished tracing + transforming _broadcast_arrays for pjit in 0.000236988 sec
2026-04-25 14:07:36,475 jax._src.dispatch WARNING: Finished tracing + transforming _where for pjit in 0.001328468 sec
2026-04-25 14:07:36,476 jax._src.pjit WARNING: TRACING CACHE MISS at /global/homes/j/jackm/software/lorrax_B/src/solvers/sternheimer_precond.py:93:13 (tpa_preconditioner_diag) because:
  for _where defined at /opt/jax/jax/_src/numpy/util.py:287
  never seen input type signature:
    condition: bool[26],  x: f64[26],  y: f64[]
  closest seen input type signature has 2 mismatches, including:
    * at condition, seen bool[46080], but now given bool[26]
    * at x, seen f64[46080], but now given f64[26]
2026-04-25 14:07:36,478 jax._src.dispatch WARNING: Finished tracing + transforming true_divide for pjit in 0.000396729 sec
2026-04-25 14:07:36,479 jax._src.dispatch WARNING: Finished tracing + transforming multiply for pjit in 0.000277042 sec
2026-04-25 14:07:36,480 jax._src.dispatch WARNING: Finished tracing + transforming add for pjit in 0.000258207 sec
2026-04-25 14:07:36,480 jax._src.dispatch WARNING: Finished tracing + transforming multiply for pjit in 0.000199080 sec
2026-04-25 14:07:36,481 jax._src.dispatch WARNING: Finished tracing + transforming multiply for pjit in 0.000255346 sec
2026-04-25 14:07:36,482 jax._src.dispatch WARNING: Finished tracing + transforming add for pjit in 0.000283718 sec
2026-04-25 14:07:36,483 jax._src.dispatch WARNING: Finished tracing + transforming true_divide for pjit in 0.000202179 sec
2026-04-25 14:07:36,483 jax._src.dispatch WARNING: Finished tracing + transforming _tpa for pjit in 0.004445076 sec
2026-04-25 14:07:36,483 jax._src.pjit WARNING: TRACING CACHE MISS at /global/homes/j/jackm/software/lorrax_B/src/solvers/sternheimer_precond.py:95:11 (tpa_preconditioner_diag) because:
  never seen function:
    _tpa id=140027410638112 defined at /global/homes/j/jackm/software/lorrax_B/src/solvers/sternheimer_precond.py:48
2026-04-25 14:07:36,488 jax._src.dispatch WARNING: Finished tracing + transforming _build_stk_at_q for pjit in 0.061964035 sec
2026-04-25 14:07:36,488 jax._src.pjit WARNING: TRACING CACHE MISS at /global/homes/j/jackm/software/lorrax_B/src/psp/run_sternheimer.py:1257:14 (run_sternheimer.<locals>._chi_at_q_jit) because:
  never seen function:
    _build_stk_at_q id=140027410745920 defined at /global/homes/j/jackm/software/lorrax_B/src/psp/run_sternheimer.py:913
2026-04-25 14:07:36,492 jax._src.dispatch WARNING: Finished tracing + transforming _einsum for pjit in 0.000482559 sec
2026-04-25 14:07:36,510 jax._src.dispatch WARNING: Finished tracing + transforming negative for pjit in 0.000166893 sec
2026-04-25 14:07:36,511 jax._src.dispatch WARNING: Finished tracing + transforming conjugate for pjit in 0.000166416 sec
2026-04-25 14:07:36,512 jax._src.dispatch WARNING: Finished tracing + transforming _einsum for pjit in 0.000325203 sec
2026-04-25 14:07:36,513 jax._src.dispatch WARNING: Finished tracing + transforming subtract for pjit in 0.000257254 sec
2026-04-25 14:07:36,513 jax._src.dispatch WARNING: Finished tracing + transforming absolute for pjit in 0.000145674 sec
2026-04-25 14:07:36,513 jax._src.dispatch WARNING: Finished tracing + transforming abs for pjit in 0.000396490 sec
2026-04-25 14:07:36,514 jax._src.dispatch WARNING: Finished tracing + transforming greater for pjit in 0.000242710 sec
2026-04-25 14:07:36,515 jax._src.dispatch WARNING: Finished tracing + transforming _broadcast_arrays for pjit in 0.000195503 sec
2026-04-25 14:07:36,515 jax._src.dispatch WARNING: Finished tracing + transforming _where for pjit in 0.000633001 sec
2026-04-25 14:07:36,515 jax._src.pjit WARNING: TRACING CACHE MISS at /global/homes/j/jackm/software/lorrax_B/src/solvers/sternheimer_solve.py:197:17 (_schur_initial_guess) because:
  for _where defined at /opt/jax/jax/_src/numpy/util.py:287
  never seen input type signature:
    condition: bool[26,20],  x: f64[26,20],  y: f64[]
  closest seen input type signature has 2 mismatches, including:
    * at condition, seen bool[46080]({}), but now given bool[26,20]({})
    * at x, seen f64[46080]({}), but now given f64[26,20]({})
2026-04-25 14:07:36,516 jax._src.dispatch WARNING: Finished tracing + transforming negative for pjit in 0.000137806 sec
2026-04-25 14:07:36,516 jax._src.dispatch WARNING: Finished tracing + transforming true_divide for pjit in 0.000341654 sec
2026-04-25 14:07:36,517 jax._src.dispatch WARNING: Finished tracing + transforming _broadcast_arrays for pjit in 0.000194073 sec
2026-04-25 14:07:36,517 jax._src.dispatch WARNING: Finished tracing + transforming _where for pjit in 0.000650406 sec
2026-04-25 14:07:36,517 jax._src.pjit WARNING: TRACING CACHE MISS at /global/homes/j/jackm/software/lorrax_B/src/solvers/sternheimer_solve.py:198:8 (_schur_initial_guess) because:
  for _where defined at /opt/jax/jax/_src/numpy/util.py:287
  never seen input type signature:
    condition: bool[26,20],  x: c128[26,20],  y: f64[]
  closest seen input type signature has 1 mismatches, including:
    * at x, seen f64[26,20], but now given c128[26,20]
2026-04-25 14:07:36,518 jax._src.dispatch WARNING: Finished tracing + transforming _einsum for pjit in 0.000315428 sec
2026-04-25 14:07:36,519 jax._src.dispatch WARNING: Finished tracing + transforming multiply for pjit in 0.000261784 sec
2026-04-25 14:07:36,521 jax._src.dispatch WARNING: Finished tracing + transforming _squeeze for pjit in 0.000079870 sec
2026-04-25 14:07:36,523 jax._src.dispatch WARNING: Finished tracing + transforming multiply for pjit in 0.000352144 sec
2026-04-25 14:07:36,525 jax._src.dispatch WARNING: Finished tracing + transforming add for pjit in 0.000202417 sec
2026-04-25 14:07:36,526 jax._src.dispatch WARNING: Finished tracing + transforming _einsum for pjit in 0.000459194 sec
2026-04-25 14:07:36,527 jax._src.dispatch WARNING: Finished tracing + transforming _einsum for pjit in 0.000394106 sec
2026-04-25 14:07:36,528 jax._src.dispatch WARNING: Finished tracing + transforming _einsum for pjit in 0.000402689 sec
2026-04-25 14:07:36,529 jax._src.dispatch WARNING: Finished tracing + transforming apply_H_k_from_G for pjit in 0.010114193 sec
2026-04-25 14:07:36,529 jax._src.pjit WARNING: TRACING CACHE MISS at /global/homes/j/jackm/software/lorrax_B/src/solvers/sternheimer_solve.py:143:9 (_apply_A_inline) because:
  never seen function:
    apply_H_k_from_G id=140028043849344 defined at /global/homes/j/jackm/software/lorrax_B/src/psp/dft_operators.py:656
2026-04-25 14:07:36,530 jax._src.dispatch WARNING: Finished tracing + transforming multiply for pjit in 0.000232697 sec
2026-04-25 14:07:36,531 jax._src.dispatch WARNING: Finished tracing + transforming _einsum for pjit in 0.000308514 sec
2026-04-25 14:07:36,532 jax._src.dispatch WARNING: Finished tracing + transforming _einsum for pjit in 0.000307560 sec
2026-04-25 14:07:36,532 jax._src.dispatch WARNING: Finished tracing + transforming multiply for pjit in 0.000255108 sec
2026-04-25 14:07:36,533 jax._src.dispatch WARNING: Finished tracing + transforming multiply for pjit in 0.000267506 sec
2026-04-25 14:07:36,534 jax._src.dispatch WARNING: Finished tracing + transforming _einsum for pjit in 0.000427008 sec
2026-04-25 14:07:36,534 jax._src.dispatch WARNING: Finished tracing + transforming real for pjit in 0.000132799 sec
2026-04-25 14:07:36,535 jax._src.dispatch WARNING: Finished tracing + transforming sqrt for pjit in 0.000162601 sec
2026-04-25 14:07:36,536 jax._src.dispatch WARNING: Finished tracing + transforming greater for pjit in 0.000265837 sec
2026-04-25 14:07:36,536 jax._src.dispatch WARNING: Finished tracing + transforming greater for pjit in 0.000200272 sec
2026-04-25 14:07:36,538 jax._src.dispatch WARNING: Finished tracing + transforming _reduce_any for pjit in 0.000374079 sec
2026-04-25 14:07:36,538 jax._src.dispatch WARNING: Finished tracing + transforming less for pjit in 0.000288725 sec
2026-04-25 14:07:36,539 jax._src.dispatch WARNING: Finished tracing + transforming logical_and for pjit in 0.000211954 sec
2026-04-25 14:07:36,542 jax._src.dispatch WARNING: Finished tracing + transforming true_divide for pjit in 0.000195026 sec
2026-04-25 14:07:36,544 jax._src.dispatch WARNING: Finished tracing + transforming multiply for pjit in 0.000260353 sec
2026-04-25 14:07:36,544 jax._src.dispatch WARNING: Finished tracing + transforming greater for pjit in 0.000199080 sec
2026-04-25 14:07:36,545 jax._src.dispatch WARNING: Finished tracing + transforming bitwise_and for pjit in 0.000199080 sec
2026-04-25 14:07:36,547 jax._src.dispatch WARNING: Finished tracing + transforming add for pjit in 0.000256538 sec
2026-04-25 14:07:36,548 jax._src.dispatch WARNING: Finished tracing + transforming _sternheimer_core for pjit in 0.038076162 sec
2026-04-25 14:07:36,548 jax._src.pjit WARNING: TRACING CACHE MISS at /global/homes/j/jackm/software/lorrax_B/src/solvers/sternheimer_solve.py:325:11 (sternheimer_solve) because:
  never seen function:
    _sternheimer_core id=140027410642912 defined at /global/homes/j/jackm/software/lorrax_B/src/solvers/sternheimer_solve.py:203
2026-04-25 14:07:36,587 jax._src.dispatch WARNING: Finished tracing + transforming conjugate for pjit in 0.000146627 sec
2026-04-25 14:07:36,588 jax._src.dispatch WARNING: Finished tracing + transforming multiply for pjit in 0.000195265 sec
2026-04-25 14:07:36,589 jax._src.dispatch WARNING: Finished tracing + transforming _reduce_sum for pjit in 0.000313044 sec
2026-04-25 14:07:36,590 jax._src.dispatch WARNING: Finished tracing + transforming _moveaxis for pjit in 0.000148535 sec
2026-04-25 14:07:36,590 jax._src.dispatch WARNING: Finished tracing + transforming fft for pjit in 0.000133514 sec
2026-04-25 14:07:36,590 jax._src.pjit WARNING: TRACING CACHE MISS at /global/homes/j/jackm/software/lorrax_B/src/psp/run_sternheimer.py:197:10 (project_density_to_Gsphere) because:
  for fft defined at /opt/jax/jax/_src/lax/fft.py:68
explanation unavailable! please open an issue at https://github.com/jax-ml/jax
2026-04-25 14:07:36,591 jax._src.dispatch WARNING: Finished tracing + transforming fft for pjit in 0.000211954 sec
2026-04-25 14:07:36,591 jax._src.pjit WARNING: TRACING CACHE MISS at /global/homes/j/jackm/software/lorrax_B/src/psp/run_sternheimer.py:197:10 (project_density_to_Gsphere) because:
  for fft defined at /opt/jax/jax/_src/lax/fft.py:68
  never seen input type signature:
    x: c128[9,24,24,80]
  closest seen input type signature has 1 mismatches, including:
    * at x, seen c128[26,2,24,24,80]({}), but now given c128[9,24,24,80]({})
2026-04-25 14:07:36,592 jax._src.dispatch WARNING: Finished tracing + transforming _moveaxis for pjit in 0.000082016 sec
2026-04-25 14:07:36,594 jax._src.dispatch WARNING: Finished tracing + transforming remainder for pjit in 0.001047373 sec
2026-04-25 14:07:36,594 jax._src.pjit WARNING: TRACING CACHE MISS at /global/homes/j/jackm/software/lorrax_B/src/psp/run_sternheimer.py:96:9 (_gather_box_at_G) because:
  for remainder defined at /opt/jax/jax/_src/numpy/ufuncs.py:3019
  never seen input type signature:
    x1: i32[1],  x2: i64[]
  closest seen input type signature has 1 mismatches, including:
    * at x1, seen i32[1963], but now given i32[1]
2026-04-25 14:07:36,597 jax._src.dispatch WARNING: Finished tracing + transforming less for pjit in 0.000301838 sec
2026-04-25 14:07:36,598 jax._src.dispatch WARNING: Finished tracing + transforming _broadcast_arrays for pjit in 0.000093460 sec
2026-04-25 14:07:36,600 jax._src.dispatch WARNING: Finished tracing + transforming multiply for pjit in 0.000316143 sec
2026-04-25 14:07:36,600 jax._src.dispatch WARNING: Finished tracing + transforming _reduce_sum for pjit in 0.000283957 sec
2026-04-25 14:07:36,603 jax._src.dispatch WARNING: Finished tracing + transforming _chi_at_q_jit for pjit in 0.177161217 sec
2026-04-25 14:07:36,603 jax._src.pjit WARNING: TRACING CACHE MISS at /global/homes/j/jackm/software/lorrax_B/src/psp/run_sternheimer.py:1325:22 (run_sternheimer) because:
  never seen function:
    run_sternheimer.<locals>._chi_at_q_jit id=140026609573920 defined at /global/homes/j/jackm/software/lorrax_B/src/psp/run_sternheimer.py:1251
2026-04-25 14:07:36,606 jax._src.interpreters.pxla WARNING: Compiling _chi_at_q_jit with global shapes and types [ShapedArray(float64[3]), ShapedArray(int32[9]), ShapedArray(int32[1,3])]. Argument mapping: (UnspecifiedValue, UnspecifiedValue, UnspecifiedValue).
2026-04-25 14:07:36,852 jax._src.dispatch WARNING: Finished tracing + transforming negative for pjit in 0.000211477 sec
2026-04-25 14:07:36,873 jax._src.dispatch WARNING: Finished tracing + transforming negative for pjit in 0.000208378 sec
2026-04-25 14:07:36,882 jax._src.dispatch WARNING: Finished tracing + transforming negative for pjit in 0.000238180 sec
2026-04-25 14:07:36,906 jax._src.dispatch WARNING: Finished tracing + transforming negative for pjit in 0.000127792 sec
2026-04-25 14:07:36,912 jax._src.dispatch WARNING: Finished jaxpr to MLIR module conversion jit(_chi_at_q_jit) in 0.305191994 sec
2026-04-25 14:07:38,941 jax._src.compiler WARNING: PERSISTENT COMPILATION CACHE MISS for 'jit__chi_at_q_jit' with key 'jit__chi_at_q_jit-a486d5be50c40a00fd729446f95b0c9e333f21ddeced653145c398e2ae6f8654'
2026-04-25 14:07:47,258 jax._src.dispatch WARNING: Finished XLA compilation of jit(_chi_at_q_jit) in 10.345652580 sec
