{
  "log_path": "/pscratch/sd/j/jackm/lorrax_sandbox/runs/Si/04_si_4x4x4_bse/C_lorrax_bse_bgweqp/profile_simple_fused/compile.log",
  "xla": {
    "_identity_fn": [
      0.252525091
    ],
    "_psum": [
      0.031800747
    ],
    "_multi_slice": [
      0.192715406
    ],
    "conjugate": [
      0.060114861,
      0.060132742
    ],
    "broadcast_in_dim": [
      0.029247046,
      0.029194355
    ],
    "multiply": [
      0.062521219,
      0.06125474,
      0.060452223,
      0.059150219,
      0.054951668,
      0.059788227
    ],
    "add": [
      0.059515953
    ],
    "dynamic_slice": [
      0.030752659
    ],
    "squeeze": [
      0.029963017
    ],
    "convert_element_type": [
      0.028860331,
      0.028136969
    ],
    "concatenate": [
      0.061495543
    ],
    "_squeeze": [
      0.030735016,
      0.02959919
    ],
    "scatter-add": [
      0.100636959
    ],
    "sqrt": [
      0.057997465,
      0.054913282
    ],
    "_full_run": [
      1.802115917
    ],
    "reshape": [
      0.033396959
    ]
  },
  "mlir": {
    "_identity_fn": [
      0.099818945
    ],
    "_psum": [
      0.002902508
    ],
    "conjugate": [
      0.003696203
    ],
    "broadcast_in_dim": [
      0.002430439,
      0.002446651,
      0.002302885,
      0.002313614
    ],
    "convert_element_type": [
      0.002133369,
      0.001886845,
      0.001863718,
      0.001932621
    ],
    "add": [
      0.002423525
    ],
    "dynamic_slice": [
      0.002197027
    ],
    "squeeze": [
      0.002805233
    ],
    "multiply": [
      0.00250721,
      0.002540588
    ],
    "concatenate": [
      0.0023911
    ],
    "_squeeze": [
      0.001903772
    ],
    "sqrt": [
      0.002655745
    ],
    "_full_run": [
      0.121827602
    ],
    "reshape": [
      0.003071308
    ]
  },
  "trace": {
    "_identity_fn": [
      0.00018692
    ],
    "_reduce_sum": [
      0.000553608,
      0.000520229,
      0.000646353
    ],
    "_psum": [
      0.001069784
    ],
    "_multi_slice": [
      0.00028491
    ],
    "conjugate": [
      0.000396967,
      0.000236034,
      0.000219345,
      0.000159025,
      0.000346422,
      0.000359774,
      0.00033164,
      8.2016e-05,
      0.000164509,
      0.000369549,
      0.000404119
    ],
    "negative": [
      0.00017333,
      0.000204802,
      0.00029397,
      0.00014782,
      0.000150204,
      0.000168562
    ],
    "broadcast_in_dim": [
      0.000239134,
      0.000243425,
      0.000357151,
      0.001852036
    ],
    "convert_element_type": [
      0.000273705,
      0.000188828,
      0.000222921,
      0.00019002
    ],
    "add": [
      0.000320911,
      0.000210762,
      0.000216961,
      0.000284195,
      0.000252962,
      0.000487328,
      0.000550508,
      0.000220776,
      0.000316143,
      0.000209332,
      0.000213385,
      0.000300884,
      0.000364065
    ],
    "dynamic_slice": [
      0.00024581
    ],
    "squeeze": [
      0.000435352
    ],
    "multiply": [
      0.000421524,
      0.000226021,
      0.000220776,
      0.00035882,
      0.000243664,
      0.000249386,
      0.000320911,
      0.000315189,
      0.000588655,
      0.00024128,
      0.000367165,
      0.000380993,
      0.000362158
    ],
    "concatenate": [
      0.000225306
    ],
    "_squeeze": [
      0.000121832,
      0.000914812,
      8.3208e-05
    ],
    "scatter-add": [
      0.000431061,
      0.000359535
    ],
    "sqrt": [
      0.000317574,
      0.000287771,
      0.00028038,
      0.0002563,
      0.000517845
    ],
    "_moveaxis": [
      0.00026989,
      0.00015521,
      0.000143766,
      0.000174999,
      0.000101805,
      0.000103235,
      0.000207424,
      0.000170469,
      0.000200033,
      0.000156164,
      0.000149488,
      9.8705e-05
    ],
    "fft": [
      0.000177383,
      0.000152588,
      0.000161171,
      0.000159502,
      0.000192881,
      0.000195503
    ],
    "subtract": [
      0.000224829,
      0.000326395,
      0.000221968,
      0.000248194,
      0.000214815,
      0.000213146,
      0.000217915
    ],
    "_uniform": [
      0.002727032,
      0.002760649
    ],
    "_normal_real": [
      0.004377127
    ],
    "_normal": [
      0.004825115
    ],
    "real": [
      0.000248671,
      0.000149965,
      0.000249863,
      0.000149488
    ],
    "_einsum": [
      0.000593424,
      0.000553846,
      0.000445843,
      0.000428438,
      0.000442982,
      0.000735044,
      0.00046134,
      0.000457048,
      0.000447512,
      0.000757694,
      0.000478029,
      0.000441074
    ],
    "true_divide": [
      0.000299215,
      0.000389099,
      0.000397205,
      0.000278234,
      0.000425816,
      0.000284433
    ],
    "_matvec": [
      0.024580717
    ],
    "ravel": [
      0.000200748,
      0.000191212
    ],
    "dot": [
      0.00042057
    ],
    "vdot": [
      0.001837492
    ],
    "less": [
      0.000347137,
      0.000275373,
      0.000309706
    ],
    "maximum": [
      0.000213146,
      0.000351429,
      0.000273943
    ],
    "greater": [
      0.000218391
    ],
    "_broadcast_arrays": [
      0.000201941,
      0.00018692,
      0.000471115,
      8.0109e-05
    ],
    "_where": [
      0.000825882,
      0.000925303,
      0.001171112
    ],
    "norm": [
      0.003178835,
      0.003099918
    ],
    "minimum": [
      0.000217676
    ],
    "equal": [
      0.000431538
    ],
    "_diag": [
      0.003924608,
      0.001070976,
      0.001050711
    ],
    "eigh": [
      0.001407385
    ],
    "argsort": [
      0.000306368
    ],
    "matmul": [
      0.000380993
    ],
    "_full_run": [
      0.086734295
    ],
    "bitwise_xor": [
      0.000226498,
      0.00019598
    ],
    "bitwise_and": [
      0.000521898
    ],
    "bitwise_or": [
      0.000202417,
      0.000319481
    ],
    "fft_impl": [
      0.001390219,
      0.000997782
    ],
    "reshape": [
      0.000344753
    ]
  },
  "cache_misses": [
    {
      "location": "/global/homes/j/jackm/software/lorrax_C/src/bse/bse_io.py:387:18",
      "reason": "never seen function: _identity_fn id=140612302800512 defined at /opt/jax/jax/_src/pjit.py:2575"
    },
    {
      "location": "/global/homes/j/jackm/software/lorrax_C/src/bse/bse_io.py:404:19",
      "reason": "never seen function: _psum id=140055596064800 defined at /opt/jax/jax/experimental/multihost_utils.py:42"
    },
    {
      "location": "/global/homes/j/jackm/software/lorrax_C/src/bse/bse_io.py:404:19",
      "reason": "never seen function: _multi_slice id=140218830336576 defined at /opt/jax/jax/_src/numpy/array_methods.py:616 but seen another function defi2026-04-27 02:52:22,446 jax._src.interpreters.pxla WARNING: Compiling _multi_slice with global 2026-04-27 02:52:22,446 jax._src.interpreters.pxla WARNING: Compiling _multi_slice with 2026-04-27 02:52:22,448 jax._src.dispatch WARNING: Finished jaxpr to MLIR modu"
    },
    {
      "location": "/global/homes/j/jackm/software/lorrax_C/src/gw/head_correction.py:648:11",
      "reason": "never seen function: broadcast_in_dim id=140612150631040 defined at /opt/jax/jax/_src/dispatch.py:96"
    },
    {
      "location": "/global/homes/j/jackm/software/lorrax_C/src/gw/head_correction.py:648:11",
      "reason": "never seen function: broadcast_in_dim id=140038754065024 defined at /opt/jax/jax/_src/dispatch.py:96"
    },
    {
      "location": "/global/homes/j/jackm/software/lorrax_C/src/gw/head_correction.py:648:37",
      "reason": "never seen function: broadcast_in_dim id=140036067747744 defined at /opt/jax/jax/_src/dispatch.py:96"
    },
    {
      "location": "/global/homes/j/jackm/software/lorrax_C/src/gw/head_correction.py:651:19",
      "reason": "never seen function: convert_element_type id=140609514882368 defined at /opt/jax/jax/_src/dispatch.py:96"
    },
    {
      "location": "/global/homes/j/jackm/software/lorrax_C/src/gw/head_correction.py:651:19",