WARNING:2026-07-18 12:09:03,591:jax._src.dispatch:190: Finished tracing + transforming convert_element_type for pjit in 0.000283003 sec
WARNING:2026-07-18 12:09:03,592:jax._src.interpreters.pxla:1912: Compiling convert_element_type with global shapes and types [ShapedArray(complex128[2,2])]. Argument mapping: (UnspecifiedValue,).
WARNING:2026-07-18 12:09:03,727:jax._src.dispatch:190: Finished jaxpr to MLIR module conversion jit(convert_element_type) in 0.135190725 sec
WARNING:2026-07-18 12:09:04,189:jax._src.dispatch:190: Finished XLA compilation of jit(convert_element_type) in 0.459747791 sec
WARNING:2026-07-18 12:09:04,195:jax._src.dispatch:190: Finished tracing + transforming convert_element_type for pjit in 0.000438213 sec
WARNING:2026-07-18 12:09:04,195:jax._src.interpreters.pxla:1912: Compiling convert_element_type with global shapes and types [ShapedArray(complex128[4,4])]. Argument mapping: (UnspecifiedValue,).
WARNING:2026-07-18 12:09:04,198:jax._src.dispatch:190: Finished jaxpr to MLIR module conversion jit(convert_element_type) in 0.002190828 sec
WARNING:2026-07-18 12:09:04,206:jax._src.dispatch:190: Finished XLA compilation of jit(convert_element_type) in 0.007042646 sec
WARNING:2026-07-18 12:09:04,208:jax._src.dispatch:190: Finished tracing + transforming not_equal for pjit in 0.000520945 sec
WARNING:2026-07-18 12:09:04,208:jax._src.interpreters.pxla:1912: Compiling not_equal with global shapes and types [ShapedArray(complex128[4,4]), ShapedArray(int64[], weak_type=True)]. Argument mapping: (UnspecifiedValue, UnspecifiedValue).
WARNING:2026-07-18 12:09:04,215:jax._src.dispatch:190: Finished jaxpr to MLIR module conversion jit(not_equal) in 0.006249666 sec
WARNING:2026-07-18 12:09:04,452:jax._src.dispatch:190: Finished XLA compilation of jit(not_equal) in 0.236607313 sec
WARNING:2026-07-18 12:09:04,455:jax._src.dispatch:190: Finished tracing + transforming _reduce_sum for pjit in 0.001825094 sec
WARNING:2026-07-18 12:09:04,456:jax._src.interpreters.pxla:1912: Compiling _reduce_sum with global shapes and types [ShapedArray(bool[4,4])]. Argument mapping: (UnspecifiedValue,).
WARNING:2026-07-18 12:09:04,458:jax._src.dispatch:190: Finished jaxpr to MLIR module conversion jit(_reduce_sum) in 0.002416611 sec
WARNING:2026-07-18 12:09:04,562:jax._src.dispatch:190: Finished XLA compilation of jit(_reduce_sum) in 0.103431463 sec
WARNING:2026-07-18 12:09:04,587:jax._src.dispatch:190: Finished tracing + transforming cumsum for pjit in 0.000672102 sec
WARNING:2026-07-18 12:09:04,587:jax._src.interpreters.pxla:1912: Compiling cumsum with global shapes and types [ShapedArray(bool[4,4])]. Argument mapping: (UnspecifiedValue,).
WARNING:2026-07-18 12:09:04,592:jax._src.dispatch:190: Finished jaxpr to MLIR module conversion jit(cumsum) in 0.004604340 sec
WARNING:2026-07-18 12:09:04,671:jax._src.dispatch:190: Finished XLA compilation of jit(cumsum) in 0.078696728 sec
WARNING:2026-07-18 12:09:04,673:jax._src.dispatch:190: Finished tracing + transforming convert_element_type for pjit in 0.000165701 sec
WARNING:2026-07-18 12:09:04,673:jax._src.interpreters.pxla:1912: Compiling convert_element_type with global shapes and types [ShapedArray(int64[])]. Argument mapping: (UnspecifiedValue,).
WARNING:2026-07-18 12:09:04,675:jax._src.dispatch:190: Finished jaxpr to MLIR module conversion jit(convert_element_type) in 0.001782894 sec
WARNING:2026-07-18 12:09:04,682:jax._src.dispatch:190: Finished XLA compilation of jit(convert_element_type) in 0.006511450 sec
WARNING:2026-07-18 12:09:04,683:jax._src.dispatch:190: Finished tracing + transforming broadcast_in_dim for pjit in 0.000183582 sec
WARNING:2026-07-18 12:09:04,683:jax._src.interpreters.pxla:1912: Compiling broadcast_in_dim with global shapes and types [ShapedArray(int64[])]. Argument mapping: (UnspecifiedValue,).
WARNING:2026-07-18 12:09:04,685:jax._src.dispatch:190: Finished jaxpr to MLIR module conversion jit(broadcast_in_dim) in 0.001677275 sec
WARNING:2026-07-18 12:09:04,765:jax._src.dispatch:190: Finished XLA compilation of jit(broadcast_in_dim) in 0.080078840 sec
WARNING:2026-07-18 12:09:04,767:jax._src.dispatch:190: Finished tracing + transforming maximum for pjit in 0.000317812 sec
WARNING:2026-07-18 12:09:04,767:jax._src.dispatch:190: Finished tracing + transforming clip for pjit in 0.000859737 sec
WARNING:2026-07-18 12:09:04,768:jax._src.interpreters.pxla:1912: Compiling clip with global shapes and types [ShapedArray(int64[16]), ShapedArray(int64[], weak_type=True)]. Argument mapping: (UnspecifiedValue, UnspecifiedValue).
WARNING:2026-07-18 12:09:04,770:jax._src.dispatch:190: Finished jaxpr to MLIR module conversion jit(clip) in 0.001975536 sec
WARNING:2026-07-18 12:09:04,815:jax._src.dispatch:190: Finished XLA compilation of jit(clip) in 0.045431614 sec
WARNING:2026-07-18 12:09:04,818:jax._src.dispatch:190: Finished tracing + transforming less for pjit in 0.000332832 sec
WARNING:2026-07-18 12:09:04,818:jax._src.interpreters.pxla:1912: Compiling less with global shapes and types [ShapedArray(int64[16]), ShapedArray(int64[], weak_type=True)]. Argument mapping: (UnspecifiedValue, UnspecifiedValue).
WARNING:2026-07-18 12:09:04,820:jax._src.dispatch:190: Finished jaxpr to MLIR module conversion jit(less) in 0.002131939 sec
WARNING:2026-07-18 12:09:04,934:jax._src.dispatch:190: Finished XLA compilation of jit(less) in 0.112869740 sec
WARNING:2026-07-18 12:09:04,935:jax._src.dispatch:190: Finished tracing + transforming add for pjit in 0.000186682 sec
WARNING:2026-07-18 12:09:04,935:jax._src.interpreters.pxla:1912: Compiling add with global shapes and types [ShapedArray(int64[16]), ShapedArray(int64[])]. Argument mapping: (UnspecifiedValue, UnspecifiedValue).
WARNING:2026-07-18 12:09:04,937:jax._src.dispatch:190: Finished jaxpr to MLIR module conversion jit(add) in 0.001880884 sec
WARNING:2026-07-18 12:09:04,985:jax._src.dispatch:190: Finished XLA compilation of jit(add) in 0.046780586 sec
WARNING:2026-07-18 12:09:04,986:jax._src.dispatch:190: Finished tracing + transforming select_n for pjit in 0.000338078 sec
WARNING:2026-07-18 12:09:04,987:jax._src.interpreters.pxla:1912: Compiling select_n with global shapes and types [ShapedArray(bool[16]), ShapedArray(int64[16]), ShapedArray(int64[16])]. Argument mapping: (UnspecifiedValue, UnspecifiedValue, UnspecifiedValue).
WARNING:2026-07-18 12:09:04,989:jax._src.dispatch:190: Finished jaxpr to MLIR module conversion jit(select_n) in 0.002057552 sec
WARNING:2026-07-18 12:09:05,037:jax._src.dispatch:190: Finished XLA compilation of jit(select_n) in 0.047505617 sec
WARNING:2026-07-18 12:09:05,038:jax._src.dispatch:190: Finished tracing + transforming _broadcast_arrays for pjit in 0.000114918 sec
WARNING:2026-07-18 12:09:05,038:jax._src.interpreters.pxla:1912: Compiling _broadcast_arrays with global shapes and types [ShapedArray(int64[16])]. Argument mapping: (UnspecifiedValue,).
WARNING:2026-07-18 12:09:05,040:jax._src.dispatch:190: Finished jaxpr to MLIR module conversion jit(_broadcast_arrays) in 0.001711845 sec
WARNING:2026-07-18 12:09:05,046:jax._src.dispatch:190: Finished XLA compilation of jit(_broadcast_arrays) in 0.005857468 sec
WARNING:2026-07-18 12:09:05,047:jax._src.dispatch:190: Finished tracing + transforming convert_element_type for pjit in 0.000164747 sec
WARNING:2026-07-18 12:09:05,048:jax._src.interpreters.pxla:1912: Compiling convert_element_type with global shapes and types [ShapedArray(int64[16])]. Argument mapping: (UnspecifiedValue,).
WARNING:2026-07-18 12:09:05,050:jax._src.dispatch:190: Finished jaxpr to MLIR module conversion jit(convert_element_type) in 0.001838446 sec
WARNING:2026-07-18 12:09:05,091:jax._src.dispatch:190: Finished XLA compilation of jit(convert_element_type) in 0.040708780 sec
WARNING:2026-07-18 12:09:05,092:jax._src.dispatch:190: Finished tracing + transforming broadcast_in_dim for pjit in 0.000227213 sec
WARNING:2026-07-18 12:09:05,092:jax._src.interpreters.pxla:1912: Compiling broadcast_in_dim with global shapes and types [ShapedArray(int32[16])]. Argument mapping: (UnspecifiedValue,).
WARNING:2026-07-18 12:09:05,094:jax._src.dispatch:190: Finished jaxpr to MLIR module conversion jit(broadcast_in_dim) in 0.002003670 sec
WARNING:2026-07-18 12:09:05,101:jax._src.dispatch:190: Finished XLA compilation of jit(broadcast_in_dim) in 0.006382465 sec
WARNING:2026-07-18 12:09:05,102:jax._src.dispatch:190: Finished tracing + transforming broadcast_in_dim for pjit in 0.000204086 sec
WARNING:2026-07-18 12:09:05,103:jax._src.interpreters.pxla:1912: Compiling broadcast_in_dim with global shapes and types [ShapedArray(int64[])]. Argument mapping: (UnspecifiedValue,).
WARNING:2026-07-18 12:09:05,105:jax._src.dispatch:190: Finished jaxpr to MLIR module conversion jit(broadcast_in_dim) in 0.001717329 sec
WARNING:2026-07-18 12:09:05,189:jax._src.dispatch:190: Finished XLA compilation of jit(broadcast_in_dim) in 0.084310055 sec
WARNING:2026-07-18 12:09:05,190:jax._src.dispatch:190: Finished tracing + transforming _squeeze for pjit in 0.000109911 sec
WARNING:2026-07-18 12:09:05,191:jax._src.interpreters.pxla:1912: Compiling _squeeze with global shapes and types [ShapedArray(int64[16])]. Argument mapping: (UnspecifiedValue,).
WARNING:2026-07-18 12:09:05,192:jax._src.dispatch:190: Finished jaxpr to MLIR module conversion jit(_squeeze) in 0.001667500 sec
WARNING:2026-07-18 12:09:05,199:jax._src.dispatch:190: Finished XLA compilation of jit(_squeeze) in 0.006083965 sec
WARNING:2026-07-18 12:09:05,200:jax._src.dispatch:190: Finished tracing + transforming scatter-add for pjit in 0.000219345 sec
WARNING:2026-07-18 12:09:05,201:jax._src.interpreters.pxla:1912: Compiling scatter-add with global shapes and types [ShapedArray(int64[4]), ShapedArray(int32[16,1]), ShapedArray(int64[16])]. Argument mapping: (UnspecifiedValue, UnspecifiedValue, UnspecifiedValue).
WARNING:2026-07-18 12:09:05,203:jax._src.dispatch:190: Finished jaxpr to MLIR module conversion jit(scatter-add) in 0.002279043 sec
WARNING:2026-07-18 12:09:05,247:jax._src.dispatch:190: Finished XLA compilation of jit(scatter-add) in 0.043565035 sec
WARNING:2026-07-18 12:09:05,249:jax._src.dispatch:190: Finished tracing + transforming cumsum for pjit in 0.000263453 sec
WARNING:2026-07-18 12:09:05,249:jax._src.interpreters.pxla:1912: Compiling cumsum with global shapes and types [ShapedArray(int64[4])]. Argument mapping: (UnspecifiedValue,).
WARNING:2026-07-18 12:09:05,252:jax._src.dispatch:190: Finished jaxpr to MLIR module conversion jit(cumsum) in 0.002774477 sec
WARNING:2026-07-18 12:09:05,300:jax._src.dispatch:190: Finished XLA compilation of jit(cumsum) in 0.048073292 sec
WARNING:2026-07-18 12:09:05,303:jax._src.dispatch:190: Finished tracing + transforming not_equal for pjit in 0.000228405 sec
WARNING:2026-07-18 12:09:05,304:jax._src.dispatch:190: Finished tracing + transforming not_equal for pjit in 0.000329494 sec
WARNING:2026-07-18 12:09:05,305:jax._src.dispatch:190: Finished tracing + transforming logical_and for pjit in 0.000224352 sec
WARNING:2026-07-18 12:09:05,305:jax._src.dispatch:190: Finished tracing + transforming subtract for pjit in 0.000318050 sec
WARNING:2026-07-18 12:09:05,306:jax._src.dispatch:190: Finished tracing + transforming _broadcast_arrays for pjit in 0.000313997 sec
WARNING:2026-07-18 12:09:05,306:jax._src.dispatch:190: Finished tracing + transforming _where for pjit in 0.000905037 sec
WARNING:2026-07-18 12:09:05,307:jax._src.dispatch:190: Finished tracing + transforming floor_divide for pjit in 0.003900051 sec
WARNING:2026-07-18 12:09:05,307:jax._src.interpreters.pxla:1912: Compiling floor_divide with global shapes and types [ShapedArray(int64[4]), ShapedArray(int64[])]. Argument mapping: (UnspecifiedValue, UnspecifiedValue).
WARNING:2026-07-18 12:09:05,311:jax._src.dispatch:190: Finished jaxpr to MLIR module conversion jit(floor_divide) in 0.003757000 sec
WARNING:2026-07-18 12:09:05,385:jax._src.dispatch:190: Finished XLA compilation of jit(floor_divide) in 0.074194670 sec
WARNING:2026-07-18 12:09:05,388:jax._src.dispatch:190: Finished tracing + transforming equal for pjit in 0.000351191 sec
WARNING:2026-07-18 12:09:05,389:jax._src.dispatch:190: Finished tracing + transforming _broadcast_arrays for pjit in 0.000224352 sec
WARNING:2026-07-18 12:09:05,389:jax._src.dispatch:190: Finished tracing + transforming _where for pjit in 0.000705957 sec
WARNING:2026-07-18 12:09:05,390:jax._src.dispatch:190: Finished tracing + transforming remainder for pjit in 0.002609730 sec
WARNING:2026-07-18 12:09:05,390:jax._src.interpreters.pxla:1912: Compiling remainder with global shapes and types [ShapedArray(int64[4]), ShapedArray(int64[], weak_type=True)]. Argument mapping: (UnspecifiedValue, UnspecifiedValue).
WARNING:2026-07-18 12:09:05,394:jax._src.dispatch:190: Finished jaxpr to MLIR module conversion jit(remainder) in 0.003971100 sec
WARNING:2026-07-18 12:09:05,479:jax._src.dispatch:190: Finished XLA compilation of jit(remainder) in 0.084204912 sec
WARNING:2026-07-18 12:09:05,482:jax._src.dispatch:190: Finished tracing + transforming less for pjit in 0.000345707 sec
WARNING:2026-07-18 12:09:05,483:jax._src.interpreters.pxla:1912: Compiling less with global shapes and types [ShapedArray(int64[4]), ShapedArray(int64[], weak_type=True)]. Argument mapping: (UnspecifiedValue, UnspecifiedValue).
WARNING:2026-07-18 12:09:05,485:jax._src.dispatch:190: Finished jaxpr to MLIR module conversion jit(less) in 0.002354383 sec
WARNING:2026-07-18 12:09:05,529:jax._src.dispatch:190: Finished XLA compilation of jit(less) in 0.043663979 sec
WARNING:2026-07-18 12:09:05,531:jax._src.dispatch:190: Finished tracing + transforming add for pjit in 0.000199318 sec
WARNING:2026-07-18 12:09:05,531:jax._src.interpreters.pxla:1912: Compiling add with global shapes and types [ShapedArray(int64[4]), ShapedArray(int64[])]. Argument mapping: (UnspecifiedValue, UnspecifiedValue).
WARNING:2026-07-18 12:09:05,533:jax._src.dispatch:190: Finished jaxpr to MLIR module conversion jit(add) in 0.002079010 sec
WARNING:2026-07-18 12:09:05,581:jax._src.dispatch:190: Finished XLA compilation of jit(add) in 0.047214270 sec
WARNING:2026-07-18 12:09:05,582:jax._src.dispatch:190: Finished tracing + transforming select_n for pjit in 0.000193834 sec
WARNING:2026-07-18 12:09:05,583:jax._src.interpreters.pxla:1912: Compiling select_n with global shapes and types [ShapedArray(bool[4]), ShapedArray(int64[4]), ShapedArray(int64[4])]. Argument mapping: (UnspecifiedValue, UnspecifiedValue, UnspecifiedValue).
WARNING:2026-07-18 12:09:05,585:jax._src.dispatch:190: Finished jaxpr to MLIR module conversion jit(select_n) in 0.002037525 sec
WARNING:2026-07-18 12:09:05,625:jax._src.dispatch:190: Finished XLA compilation of jit(select_n) in 0.039995193 sec
WARNING:2026-07-18 12:09:05,627:jax._src.dispatch:190: Finished tracing + transforming _broadcast_arrays for pjit in 0.000119209 sec
WARNING:2026-07-18 12:09:05,628:jax._src.interpreters.pxla:1912: Compiling _broadcast_arrays with global shapes and types [ShapedArray(int64[4]), ShapedArray(int64[4])]. Argument mapping: (UnspecifiedValue, UnspecifiedValue).
WARNING:2026-07-18 12:09:05,629:jax._src.dispatch:190: Finished jaxpr to MLIR module conversion jit(_broadcast_arrays) in 0.001764536 sec
WARNING:2026-07-18 12:09:05,636:jax._src.dispatch:190: Finished XLA compilation of jit(_broadcast_arrays) in 0.006674290 sec
WARNING:2026-07-18 12:09:05,638:jax._src.dispatch:190: Finished tracing + transforming convert_element_type for pjit in 0.000308037 sec
WARNING:2026-07-18 12:09:05,638:jax._src.interpreters.pxla:1912: Compiling convert_element_type with global shapes and types [ShapedArray(int64[4])]. Argument mapping: (UnspecifiedValue,).
WARNING:2026-07-18 12:09:05,640:jax._src.dispatch:190: Finished jaxpr to MLIR module conversion jit(convert_element_type) in 0.001734018 sec
WARNING:2026-07-18 12:09:05,684:jax._src.dispatch:190: Finished XLA compilation of jit(convert_element_type) in 0.043991804 sec
WARNING:2026-07-18 12:09:05,686:jax._src.dispatch:190: Finished tracing + transforming broadcast_in_dim for pjit in 0.000214338 sec
WARNING:2026-07-18 12:09:05,686:jax._src.interpreters.pxla:1912: Compiling broadcast_in_dim with global shapes and types [ShapedArray(int32[4])]. Argument mapping: (UnspecifiedValue,).
WARNING:2026-07-18 12:09:05,688:jax._src.dispatch:190: Finished jaxpr to MLIR module conversion jit(broadcast_in_dim) in 0.001979351 sec
WARNING:2026-07-18 12:09:05,695:jax._src.dispatch:190: Finished XLA compilation of jit(broadcast_in_dim) in 0.006490231 sec
WARNING:2026-07-18 12:09:05,696:jax._src.dispatch:190: Finished tracing + transforming concatenate for pjit in 0.000196695 sec
WARNING:2026-07-18 12:09:05,696:jax._src.interpreters.pxla:1912: Compiling concatenate with global shapes and types [ShapedArray(int32[4,1]), ShapedArray(int32[4,1])]. Argument mapping: (UnspecifiedValue, UnspecifiedValue).
WARNING:2026-07-18 12:09:05,698:jax._src.dispatch:190: Finished jaxpr to MLIR module conversion jit(concatenate) in 0.001876354 sec
WARNING:2026-07-18 12:09:05,743:jax._src.dispatch:190: Finished XLA compilation of jit(concatenate) in 0.043868065 sec
WARNING:2026-07-18 12:09:05,744:jax._src.dispatch:190: Finished tracing + transforming gather for pjit in 0.000345469 sec
WARNING:2026-07-18 12:09:05,745:jax._src.interpreters.pxla:1912: Compiling gather with global shapes and types [ShapedArray(complex128[4,4]), ShapedArray(int32[4,2])]. Argument mapping: (UnspecifiedValue, UnspecifiedValue).
WARNING:2026-07-18 12:09:05,747:jax._src.dispatch:190: Finished jaxpr to MLIR module conversion jit(gather) in 0.002107143 sec
WARNING:2026-07-18 12:09:05,794:jax._src.dispatch:190: Finished XLA compilation of jit(gather) in 0.046746731 sec
WARNING:2026-07-18 12:09:05,796:jax._src.dispatch:190: Finished tracing + transforming broadcast_in_dim for pjit in 0.000217676 sec
WARNING:2026-07-18 12:09:05,796:jax._src.interpreters.pxla:1912: Compiling broadcast_in_dim with global shapes and types [ShapedArray(complex128[4])]. Argument mapping: (UnspecifiedValue,).
WARNING:2026-07-18 12:09:05,798:jax._src.dispatch:190: Finished jaxpr to MLIR module conversion jit(broadcast_in_dim) in 0.001744509 sec
WARNING:2026-07-18 12:09:05,804:jax._src.dispatch:190: Finished XLA compilation of jit(broadcast_in_dim) in 0.006160259 sec
WARNING:2026-07-18 12:09:05,825:jax._src.dispatch:190: Finished tracing + transforming broadcast_in_dim for pjit in 0.000196457 sec
WARNING:2026-07-18 12:09:05,825:jax._src.interpreters.pxla:1912: Compiling broadcast_in_dim with global shapes and types [ShapedArray(int32[4])]. Argument mapping: (UnspecifiedValue,).
WARNING:2026-07-18 12:09:05,827:jax._src.dispatch:190: Finished jaxpr to MLIR module conversion jit(broadcast_in_dim) in 0.002017260 sec
WARNING:2026-07-18 12:09:05,834:jax._src.dispatch:190: Finished XLA compilation of jit(broadcast_in_dim) in 0.006792784 sec
WARNING:2026-07-18 12:09:05,836:jax._src.dispatch:190: Finished tracing + transforming concatenate for pjit in 0.000207901 sec
WARNING:2026-07-18 12:09:05,836:jax._src.interpreters.pxla:1912: Compiling concatenate with global shapes and types [ShapedArray(int32[1,4]), ShapedArray(int32[1,4]), ShapedArray(int32[1,4]), ShapedArray(int32[1,4])]. Argument mapping: (UnspecifiedValue, UnspecifiedValue, UnspecifiedValue, UnspecifiedValue).
WARNING:2026-07-18 12:09:05,838:jax._src.dispatch:190: Finished jaxpr to MLIR module conversion jit(concatenate) in 0.001857758 sec
WARNING:2026-07-18 12:09:05,887:jax._src.dispatch:190: Finished XLA compilation of jit(concatenate) in 0.048221350 sec
WARNING:2026-07-18 12:09:05,888:jax._src.dispatch:190: Finished tracing + transforming broadcast_in_dim for pjit in 0.000215530 sec
WARNING:2026-07-18 12:09:05,889:jax._src.interpreters.pxla:1912: Compiling broadcast_in_dim with global shapes and types [ShapedArray(complex128[4])]. Argument mapping: (UnspecifiedValue,).
WARNING:2026-07-18 12:09:05,891:jax._src.dispatch:190: Finished jaxpr to MLIR module conversion jit(broadcast_in_dim) in 0.002012968 sec
WARNING:2026-07-18 12:09:05,898:jax._src.dispatch:190: Finished XLA compilation of jit(broadcast_in_dim) in 0.006402016 sec
WARNING:2026-07-18 12:09:05,899:jax._src.dispatch:190: Finished tracing + transforming concatenate for pjit in 0.000204325 sec
WARNING:2026-07-18 12:09:05,899:jax._src.interpreters.pxla:1912: Compiling concatenate with global shapes and types [ShapedArray(complex128[1,4]), ShapedArray(complex128[1,4]), ShapedArray(complex128[1,4]), ShapedArray(complex128[1,4])]. Argument mapping: (UnspecifiedValue, UnspecifiedValue, UnspecifiedValue, UnspecifiedValue).
WARNING:2026-07-18 12:09:05,901:jax._src.dispatch:190: Finished jaxpr to MLIR module conversion jit(concatenate) in 0.001674891 sec
WARNING:2026-07-18 12:09:05,947:jax._src.dispatch:190: Finished XLA compilation of jit(concatenate) in 0.045768023 sec
/pscratch/sd/j/jackm/lorrax_sandbox/sources/worktrees/lorrax_A_bands_perf/src/bse/exciton_bands.py:265: DeprecationWarning: Input key 'output_file' is no longer supported and will be ignored.  ``output_file`` (LORRAX-native eqp0) is now ``sigma_diag_file`` (defaults to ``sigma_diag.dat``); BGW-format ``eqp0.dat`` and ``eqp1.dat`` (with Z-linearization) are written automatically.  Remove 'output_file' from your input file.
  params = read_lorrax_input(args.input)
/pscratch/sd/j/jackm/lorrax_sandbox/sources/worktrees/lorrax_A_bands_perf/src/bse/exciton_bands.py:265: DeprecationWarning: Input key 'self_consistent' is deprecated; it is honored via ``qp_solver = auto`` resolution.  Set 'qp_solver = self_consistent' instead.
  params = read_lorrax_input(args.input)
/pscratch/sd/j/jackm/lorrax_sandbox/sources/worktrees/lorrax_A_bands_perf/src/bse/exciton_bands.py:265: DeprecationWarning: Input key 'sigma_at_dft_energies' is deprecated; it is honored via ``qp_solver = auto`` resolution.  Set 'qp_solver = one_shot_dft (the default)' instead.
  params = read_lorrax_input(args.input)
WARNING:2026-07-18 12:09:06,108:jax._src.dispatch:190: Finished tracing + transforming _multi_slice for pjit in 0.000475407 sec
WARNING:2026-07-18 12:09:06,109:jax._src.interpreters.pxla:1912: Compiling _multi_slice with global shapes and types [ShapedArray(complex128[144,4,2,640])]. Argument mapping: (UnspecifiedValue,).
WARNING:2026-07-18 12:09:06,111:jax._src.dispatch:190: Finished jaxpr to MLIR module conversion jit(_multi_slice) in 0.002417088 sec
WARNING:2026-07-18 12:09:06,166:jax._src.dispatch:190: Finished XLA compilation of jit(_multi_slice) in 0.054636002 sec
WARNING:2026-07-18 12:09:06,192:jax._src.dispatch:190: Finished tracing + transforming _identity_fn for pjit in 0.000107288 sec
WARNING:2026-07-18 12:09:06,194:jax._src.interpreters.pxla:1912: Compiling _identity_fn with global shapes and types [ShapedArray(complex128[144,4,2,640])]. Argument mapping: (NamedSharding(mesh=Mesh('x': 2, 'y': 2, axis_types=(Auto, Auto)), spec=PartitionSpec(None, None, None, 'x'), memory_kind=device),).
WARNING:2026-07-18 12:09:06,196:jax._src.dispatch:190: Finished jaxpr to MLIR module conversion jit(_identity_fn) in 0.001939774 sec
WARNING:2026-07-18 12:09:06,206:jax._src.dispatch:190: Finished XLA compilation of jit(_identity_fn) in 0.009809494 sec
WARNING:2026-07-18 12:09:12,012:jax._src.dispatch:190: Finished tracing + transforming _multi_slice for pjit in 0.000532627 sec
WARNING:2026-07-18 12:09:12,013:jax._src.interpreters.pxla:1912: Compiling _multi_slice with global shapes and types [ShapedArray(complex128[640,640])]. Argument mapping: (UnspecifiedValue,).
WARNING:2026-07-18 12:09:12,016:jax._src.dispatch:190: Finished jaxpr to MLIR module conversion jit(_multi_slice) in 0.002675295 sec
WARNING:2026-07-18 12:09:12,081:jax._src.dispatch:190: Finished XLA compilation of jit(_multi_slice) in 0.064998865 sec
WARNING:2026-07-18 12:09:17,322:jax._src.dispatch:190: Finished tracing + transforming _multi_slice for pjit in 0.000861883 sec
WARNING:2026-07-18 12:09:17,323:jax._src.interpreters.pxla:1912: Compiling _multi_slice with global shapes and types [ShapedArray(complex128[640,640,12,12,1])]. Argument mapping: (UnspecifiedValue,).
WARNING:2026-07-18 12:09:17,326:jax._src.dispatch:190: Finished jaxpr to MLIR module conversion jit(_multi_slice) in 0.003022909 sec
WARNING:2026-07-18 12:09:17,412:jax._src.dispatch:190: Finished XLA compilation of jit(_multi_slice) in 0.085188866 sec
WARNING:2026-07-18 12:09:17,448:jax._src.dispatch:190: Finished tracing + transforming conjugate for pjit in 0.000689030 sec
WARNING:2026-07-18 12:09:17,448:jax._src.interpreters.pxla:1912: Compiling conjugate with global shapes and types [ShapedArray(complex128[640])]. Argument mapping: (NamedSharding(mesh=Mesh('x': 2, 'y': 2, axis_types=(Auto, Auto)), spec=PartitionSpec('x',), memory_kind=device),).
WARNING:2026-07-18 12:09:17,451:jax._src.dispatch:190: Finished tracing + transforming negative for pjit in 0.000164986 sec
WARNING:2026-07-18 12:09:17,452:jax._src.dispatch:190: Finished jaxpr to MLIR module conversion jit(conjugate) in 0.003617048 sec
WARNING:2026-07-18 12:09:17,496:jax._src.dispatch:190: Finished XLA compilation of jit(conjugate) in 0.043326855 sec
WARNING:2026-07-18 12:09:17,499:jax._src.dispatch:190: Finished tracing + transforming broadcast_in_dim for pjit in 0.000367165 sec
WARNING:2026-07-18 12:09:17,499:jax._src.interpreters.pxla:1912: Compiling broadcast_in_dim with global shapes and types [ShapedArray(complex128[640])]. Argument mapping: (NamedSharding(mesh=Mesh('x': 2, 'y': 2, axis_types=(Auto, Auto)), spec=PartitionSpec('x',), memory_kind=device),).
WARNING:2026-07-18 12:09:17,502:jax._src.dispatch:190: Finished jaxpr to MLIR module conversion jit(broadcast_in_dim) in 0.002145529 sec
WARNING:2026-07-18 12:09:17,509:jax._src.dispatch:190: Finished XLA compilation of jit(broadcast_in_dim) in 0.006577492 sec
WARNING:2026-07-18 12:09:17,511:jax._src.dispatch:190: Finished tracing + transforming broadcast_in_dim for pjit in 0.000188112 sec
WARNING:2026-07-18 12:09:17,511:jax._src.interpreters.pxla:1912: Compiling broadcast_in_dim with global shapes and types [ShapedArray(complex128[640])]. Argument mapping: (NamedSharding(mesh=Mesh('x': 2, 'y': 2, axis_types=(Auto, Auto)), spec=PartitionSpec('y',), memory_kind=device),).
WARNING:2026-07-18 12:09:17,513:jax._src.dispatch:190: Finished jaxpr to MLIR module conversion jit(broadcast_in_dim) in 0.001858711 sec
WARNING:2026-07-18 12:09:17,519:jax._src.dispatch:190: Finished XLA compilation of jit(broadcast_in_dim) in 0.005937576 sec
WARNING:2026-07-18 12:09:17,522:jax._src.dispatch:190: Finished tracing + transforming multiply for pjit in 0.000409603 sec
WARNING:2026-07-18 12:09:17,522:jax._src.interpreters.pxla:1912: Compiling multiply with global shapes and types [ShapedArray(complex128[640,1]), ShapedArray(complex128[1,640])]. Argument mapping: (NamedSharding(mesh=Mesh('x': 2, 'y': 2, axis_types=(Auto, Auto)), spec=PartitionSpec('x',), memory_kind=device), NamedSharding(mesh=Mesh('x': 2, 'y': 2, axis_types=(Auto, Auto)), spec=PartitionSpec(None, 'y'), memory_kind=device)).
WARNING:2026-07-18 12:09:17,524:jax._src.dispatch:190: Finished jaxpr to MLIR module conversion jit(multiply) in 0.001893044 sec
WARNING:2026-07-18 12:09:17,567:jax._src.dispatch:190: Finished XLA compilation of jit(multiply) in 0.042896748 sec
WARNING:2026-07-18 12:09:17,572:jax._src.dispatch:190: Finished tracing + transforming convert_element_type for pjit in 0.000204802 sec
WARNING:2026-07-18 12:09:17,573:jax._src.interpreters.pxla:1912: Compiling convert_element_type with global shapes and types [ShapedArray(complex128[])]. Argument mapping: (UnspecifiedValue,).
WARNING:2026-07-18 12:09:17,575:jax._src.dispatch:190: Finished jaxpr to MLIR module conversion jit(convert_element_type) in 0.001877785 sec
WARNING:2026-07-18 12:09:17,581:jax._src.dispatch:190: Finished XLA compilation of jit(convert_element_type) in 0.005876064 sec
WARNING:2026-07-18 12:09:17,583:jax._src.dispatch:190: Finished tracing + transforming dynamic_slice for pjit in 0.000218153 sec
WARNING:2026-07-18 12:09:17,583:jax._src.interpreters.pxla:1912: Compiling dynamic_slice with global shapes and types [ShapedArray(complex128[1]), ShapedArray(int64[], weak_type=True)]. Argument mapping: (UnspecifiedValue, UnspecifiedValue).
WARNING:2026-07-18 12:09:17,585:jax._src.dispatch:190: Finished jaxpr to MLIR module conversion jit(dynamic_slice) in 0.001746655 sec
WARNING:2026-07-18 12:09:17,594:jax._src.dispatch:190: Finished XLA compilation of jit(dynamic_slice) in 0.008582354 sec
WARNING:2026-07-18 12:09:17,595:jax._src.dispatch:190: Finished tracing + transforming squeeze for pjit in 0.000210524 sec
WARNING:2026-07-18 12:09:17,596:jax._src.interpreters.pxla:1912: Compiling squeeze with global shapes and types [ShapedArray(complex128[1])]. Argument mapping: (UnspecifiedValue,).
WARNING:2026-07-18 12:09:17,598:jax._src.dispatch:190: Finished jaxpr to MLIR module conversion jit(squeeze) in 0.002046347 sec
WARNING:2026-07-18 12:09:17,604:jax._src.dispatch:190: Finished XLA compilation of jit(squeeze) in 0.006091356 sec
WARNING:2026-07-18 12:09:17,606:jax._src.dispatch:190: Finished tracing + transforming multiply for pjit in 0.000392437 sec
WARNING:2026-07-18 12:09:17,606:jax._src.interpreters.pxla:1912: Compiling multiply with global shapes and types [ShapedArray(complex128[]), ShapedArray(float64[], weak_type=True)]. Argument mapping: (UnspecifiedValue, UnspecifiedValue).
WARNING:2026-07-18 12:09:17,608:jax._src.dispatch:190: Finished jaxpr to MLIR module conversion jit(multiply) in 0.001679182 sec
WARNING:2026-07-18 12:09:17,649:jax._src.dispatch:190: Finished XLA compilation of jit(multiply) in 0.041375637 sec
WARNING:2026-07-18 12:09:17,651:jax._src.dispatch:190: Finished tracing + transforming multiply for pjit in 0.000394106 sec
WARNING:2026-07-18 12:09:17,652:jax._src.interpreters.pxla:1912: Compiling multiply with global shapes and types [ShapedArray(complex128[]), ShapedArray(complex128[640,640])]. Argument mapping: (UnspecifiedValue, NamedSharding(mesh=Mesh('x': 2, 'y': 2, axis_types=(Auto, Auto)), spec=PartitionSpec('x', 'y'), memory_kind=device)).
WARNING:2026-07-18 12:09:17,654:jax._src.dispatch:190: Finished jaxpr to MLIR module conversion jit(multiply) in 0.002044201 sec
WARNING:2026-07-18 12:09:17,694:jax._src.dispatch:190: Finished XLA compilation of jit(multiply) in 0.040018559 sec
WARNING:2026-07-18 12:09:17,699:jax._src.dispatch:190: Finished tracing + transforming add for pjit in 0.000288010 sec
WARNING:2026-07-18 12:09:17,699:jax._src.interpreters.pxla:1912: Compiling add with global shapes and types [ShapedArray(complex128[640,640]), ShapedArray(complex128[640,640])]. Argument mapping: (NamedSharding(mesh=Mesh('x': 2, 'y': 2, axis_types=(Auto, Auto)), spec=PartitionSpec('x', 'y'), memory_kind=device), NamedSharding(mesh=Mesh('x': 2, 'y': 2, axis_types=(Auto, Auto)), spec=PartitionSpec('x', 'y'), memory_kind=device)).
WARNING:2026-07-18 12:09:17,701:jax._src.dispatch:190: Finished jaxpr to MLIR module conversion jit(add) in 0.002098322 sec
WARNING:2026-07-18 12:09:17,742:jax._src.dispatch:190: Finished XLA compilation of jit(add) in 0.040091753 sec
WARNING:2026-07-18 12:09:17,749:jax._src.dispatch:190: Finished tracing + transforming convert_element_type for pjit in 0.000211954 sec
WARNING:2026-07-18 12:09:17,749:jax._src.interpreters.pxla:1912: Compiling convert_element_type with global shapes and types [ShapedArray(int32[])]. Argument mapping: (UnspecifiedValue,).
WARNING:2026-07-18 12:09:17,751:jax._src.dispatch:190: Finished jaxpr to MLIR module conversion jit(convert_element_type) in 0.001753330 sec
WARNING:2026-07-18 12:09:17,758:jax._src.dispatch:190: Finished XLA compilation of jit(convert_element_type) in 0.006111145 sec
WARNING:2026-07-18 12:09:17,760:jax._src.dispatch:190: Finished tracing + transforming broadcast_in_dim for pjit in 0.000311375 sec
WARNING:2026-07-18 12:09:17,760:jax._src.interpreters.pxla:1912: Compiling broadcast_in_dim with global shapes and types [ShapedArray(int32[])]. Argument mapping: (UnspecifiedValue,).
WARNING:2026-07-18 12:09:17,762:jax._src.dispatch:190: Finished jaxpr to MLIR module conversion jit(broadcast_in_dim) in 0.001842976 sec
WARNING:2026-07-18 12:09:17,768:jax._src.dispatch:190: Finished XLA compilation of jit(broadcast_in_dim) in 0.005987883 sec
WARNING:2026-07-18 12:09:17,769:jax._src.dispatch:190: Finished tracing + transforming concatenate for pjit in 0.000189304 sec
WARNING:2026-07-18 12:09:17,770:jax._src.interpreters.pxla:1912: Compiling concatenate with global shapes and types [ShapedArray(int32[1]), ShapedArray(int32[1]), ShapedArray(int32[1])]. Argument mapping: (UnspecifiedValue, UnspecifiedValue, UnspecifiedValue).
WARNING:2026-07-18 12:09:17,771:jax._src.dispatch:190: Finished jaxpr to MLIR module conversion jit(concatenate) in 0.001782894 sec
WARNING:2026-07-18 12:09:17,812:jax._src.dispatch:190: Finished XLA compilation of jit(concatenate) in 0.040044546 sec
WARNING:2026-07-18 12:09:17,813:jax._src.dispatch:190: Finished tracing + transforming _squeeze for pjit in 0.000106335 sec
WARNING:2026-07-18 12:09:17,814:jax._src.interpreters.pxla:1912: Compiling _squeeze with global shapes and types [ShapedArray(complex128[640,640])]. Argument mapping: (NamedSharding(mesh=Mesh('x': 2, 'y': 2, axis_types=(Auto, Auto)), spec=PartitionSpec('x', 'y'), memory_kind=device),).
WARNING:2026-07-18 12:09:17,816:jax._src.dispatch:190: Finished jaxpr to MLIR module conversion jit(_squeeze) in 0.001715183 sec
WARNING:2026-07-18 12:09:17,822:jax._src.dispatch:190: Finished XLA compilation of jit(_squeeze) in 0.005611181 sec
WARNING:2026-07-18 12:09:17,825:jax._src.dispatch:190: Finished tracing + transforming scatter-add for pjit in 0.000273466 sec
WARNING:2026-07-18 12:09:17,826:jax._src.interpreters.pxla:1912: Compiling scatter-add with global shapes and types [ShapedArray(complex128[640,640,12,12,1]), ShapedArray(int32[3]), ShapedArray(complex128[640,640])]. Argument mapping: (NamedSharding(mesh=Mesh('x': 2, 'y': 2, axis_types=(Auto, Auto)), spec=PartitionSpec('x', 'y', None, None, None), memory_kind=device), UnspecifiedValue, NamedSharding(mesh=Mesh('x': 2, 'y': 2, axis_types=(Auto, Auto)), spec=PartitionSpec('x', 'y'), memory_kind=device)).
WARNING:2026-07-18 12:09:17,828:jax._src.dispatch:190: Finished jaxpr to MLIR module conversion jit(scatter-add) in 0.001929283 sec
WARNING:2026-07-18 12:09:17,911:jax._src.dispatch:190: Finished XLA compilation of jit(scatter-add) in 0.082643270 sec
WARNING:2026-07-18 12:09:17,923:jax._src.dispatch:190: Finished tracing + transforming conjugate for pjit in 0.000256777 sec
WARNING:2026-07-18 12:09:17,924:jax._src.interpreters.pxla:1912: Compiling conjugate with global shapes and types [ShapedArray(complex128[144,4,2,640])]. Argument mapping: (NamedSharding(mesh=Mesh('x': 2, 'y': 2, axis_types=(Auto, Auto)), spec=PartitionSpec(None, None, None, 'x'), memory_kind=device),).
WARNING:2026-07-18 12:09:17,926:jax._src.dispatch:190: Finished tracing + transforming negative for pjit in 0.000171661 sec
WARNING:2026-07-18 12:09:17,927:jax._src.dispatch:190: Finished jaxpr to MLIR module conversion jit(conjugate) in 0.003193140 sec
WARNING:2026-07-18 12:09:17,977:jax._src.dispatch:190: Finished XLA compilation of jit(conjugate) in 0.049242258 sec
WARNING:2026-07-18 12:09:17,982:jax._src.dispatch:190: Finished tracing + transforming _einsum for pjit in 0.000831842 sec
WARNING:2026-07-18 12:09:17,982:jax._src.interpreters.pxla:1912: Compiling _einsum with global shapes and types [ShapedArray(complex128[144,4,2,640]), ShapedArray(complex128[144,4,2,640])]. Argument mapping: (NamedSharding(mesh=Mesh('x': 2, 'y': 2, axis_types=(Auto, Auto)), spec=PartitionSpec(None, None, None, 'x'), memory_kind=device), NamedSharding(mesh=Mesh('x': 2, 'y': 2, axis_types=(Auto, Auto)), spec=PartitionSpec(None, None, None, 'x'), memory_kind=device)).
WARNING:2026-07-18 12:09:17,985:jax._src.dispatch:190: Finished jaxpr to MLIR module conversion jit(_einsum) in 0.002495527 sec
WARNING:2026-07-18 12:09:18,052:jax._src.dispatch:190: Finished XLA compilation of jit(_einsum) in 0.067310095 sec
WARNING:2026-07-18 12:09:18,912:jax._src.interpreters.pxla:1912: Compiling conjugate with global shapes and types [ShapedArray(complex128[144,4,2,640])]. Argument mapping: (NamedSharding(mesh=Mesh('x': 2, 'y': 2, axis_types=(Auto, Auto)), spec=PartitionSpec(None, None, None, 'y'), memory_kind=device),).
WARNING:2026-07-18 12:09:18,915:jax._src.dispatch:190: Finished jaxpr to MLIR module conversion jit(conjugate) in 0.003013372 sec
WARNING:2026-07-18 12:09:18,983:jax._src.dispatch:190: Finished XLA compilation of jit(conjugate) in 0.067343950 sec
WARNING:2026-07-18 12:09:18,988:jax._src.interpreters.pxla:1912: Compiling _einsum with global shapes and types [ShapedArray(complex128[144,4,2,640]), ShapedArray(complex128[144,4,2,640])]. Argument mapping: (NamedSharding(mesh=Mesh('x': 2, 'y': 2, axis_types=(Auto, Auto)), spec=PartitionSpec(None, None, None, 'y'), memory_kind=device), NamedSharding(mesh=Mesh('x': 2, 'y': 2, axis_types=(Auto, Auto)), spec=PartitionSpec(None, None, None, 'y'), memory_kind=device)).
WARNING:2026-07-18 12:09:18,990:jax._src.dispatch:190: Finished jaxpr to MLIR module conversion jit(_einsum) in 0.002257824 sec
WARNING:2026-07-18 12:09:19,054:jax._src.dispatch:190: Finished XLA compilation of jit(_einsum) in 0.063852549 sec
WARNING:2026-07-18 12:09:20,168:jax._src.dispatch:190: Finished tracing + transforming transpose for pjit in 0.000192881 sec
WARNING:2026-07-18 12:09:20,168:jax._src.interpreters.pxla:1912: Compiling transpose with global shapes and types [ShapedArray(float64[144,8])]. Argument mapping: (UnspecifiedValue,).
WARNING:2026-07-18 12:09:20,170:jax._src.dispatch:190: Finished jaxpr to MLIR module conversion jit(transpose) in 0.002127647 sec
WARNING:2026-07-18 12:09:20,232:jax._src.dispatch:190: Finished XLA compilation of jit(transpose) in 0.061569452 sec
WARNING:2026-07-18 12:09:21,707:jax._src.dispatch:190: Finished tracing + transforming dynamic_slice for pjit in 0.000239134 sec
WARNING:2026-07-18 12:09:21,707:jax._src.interpreters.pxla:1912: Compiling dynamic_slice with global shapes and types [ShapedArray(float64[144,3]), ShapedArray(int64[], weak_type=True), ShapedArray(int64[], weak_type=True)]. Argument mapping: (UnspecifiedValue, UnspecifiedValue, UnspecifiedValue).
WARNING:2026-07-18 12:09:21,709:jax._src.dispatch:190: Finished jaxpr to MLIR module conversion jit(dynamic_slice) in 0.002093315 sec
WARNING:2026-07-18 12:09:21,763:jax._src.dispatch:190: Finished XLA compilation of jit(dynamic_slice) in 0.053608894 sec
WARNING:2026-07-18 12:09:21,765:jax._src.dispatch:190: Finished tracing + transforming squeeze for pjit in 0.000229836 sec
WARNING:2026-07-18 12:09:21,766:jax._src.interpreters.pxla:1912: Compiling squeeze with global shapes and types [ShapedArray(float64[144,1])]. Argument mapping: (UnspecifiedValue,).
WARNING:2026-07-18 12:09:21,768:jax._src.dispatch:190: Finished jaxpr to MLIR module conversion jit(squeeze) in 0.002053738 sec
WARNING:2026-07-18 12:09:21,775:jax._src.dispatch:190: Finished XLA compilation of jit(squeeze) in 0.006654024 sec
WARNING:2026-07-18 12:09:21,776:jax._src.dispatch:190: Finished tracing + transforming broadcast_in_dim for pjit in 0.000175238 sec
WARNING:2026-07-18 12:09:21,776:jax._src.interpreters.pxla:1912: Compiling broadcast_in_dim with global shapes and types [ShapedArray(float64[144])]. Argument mapping: (UnspecifiedValue,).
WARNING:2026-07-18 12:09:21,778:jax._src.dispatch:190: Finished jaxpr to MLIR module conversion jit(broadcast_in_dim) in 0.001749754 sec
WARNING:2026-07-18 12:09:21,785:jax._src.dispatch:190: Finished XLA compilation of jit(broadcast_in_dim) in 0.006087065 sec
WARNING:2026-07-18 12:09:21,786:jax._src.dispatch:190: Finished tracing + transforming multiply for pjit in 0.000366211 sec
WARNING:2026-07-18 12:09:21,786:jax._src.interpreters.pxla:1912: Compiling multiply with global shapes and types [ShapedArray(complex128[], weak_type=True), ShapedArray(float64[144,1])]. Argument mapping: (UnspecifiedValue, UnspecifiedValue).
WARNING:2026-07-18 12:09:21,788:jax._src.dispatch:190: Finished jaxpr to MLIR module conversion jit(multiply) in 0.001816511 sec
WARNING:2026-07-18 12:09:21,838:jax._src.dispatch:190: Finished XLA compilation of jit(multiply) in 0.049439192 sec
WARNING:2026-07-18 12:09:21,839:jax._src.dispatch:190: Finished tracing + transforming iota for pjit in 0.000180960 sec
WARNING:2026-07-18 12:09:21,840:jax._src.interpreters.pxla:1912: Compiling iota with global shapes and types []. Argument mapping: ().
WARNING:2026-07-18 12:09:21,842:jax._src.dispatch:190: Finished jaxpr to MLIR module conversion jit(iota) in 0.002008200 sec
WARNING:2026-07-18 12:09:21,883:jax._src.dispatch:190: Finished XLA compilation of jit(iota) in 0.041161776 sec
WARNING:2026-07-18 12:09:21,885:jax._src.dispatch:190: Finished tracing + transforming true_divide for pjit in 0.000416517 sec
WARNING:2026-07-18 12:09:21,885:jax._src.interpreters.pxla:1912: Compiling true_divide with global shapes and types [ShapedArray(int64[24]), ShapedArray(int64[], weak_type=True)]. Argument mapping: (UnspecifiedValue, UnspecifiedValue).
WARNING:2026-07-18 12:09:21,887:jax._src.dispatch:190: Finished jaxpr to MLIR module conversion jit(true_divide) in 0.002182007 sec
WARNING:2026-07-18 12:09:21,934:jax._src.dispatch:190: Finished XLA compilation of jit(true_divide) in 0.046530724 sec
WARNING:2026-07-18 12:09:21,936:jax._src.dispatch:190: Finished tracing + transforming broadcast_in_dim for pjit in 0.000207663 sec
WARNING:2026-07-18 12:09:21,936:jax._src.interpreters.pxla:1912: Compiling broadcast_in_dim with global shapes and types [ShapedArray(float64[24])]. Argument mapping: (UnspecifiedValue,).
WARNING:2026-07-18 12:09:21,939:jax._src.dispatch:190: Finished jaxpr to MLIR module conversion jit(broadcast_in_dim) in 0.002057076 sec
WARNING:2026-07-18 12:09:21,945:jax._src.dispatch:190: Finished XLA compilation of jit(broadcast_in_dim) in 0.006328821 sec
WARNING:2026-07-18 12:09:21,947:jax._src.dispatch:190: Finished tracing + transforming multiply for pjit in 0.000357628 sec
WARNING:2026-07-18 12:09:21,947:jax._src.interpreters.pxla:1912: Compiling multiply with global shapes and types [ShapedArray(complex128[144,1]), ShapedArray(float64[1,24])]. Argument mapping: (UnspecifiedValue, UnspecifiedValue).
WARNING:2026-07-18 12:09:21,949:jax._src.dispatch:190: Finished jaxpr to MLIR module conversion jit(multiply) in 0.002005577 sec
WARNING:2026-07-18 12:09:22,000:jax._src.dispatch:190: Finished XLA compilation of jit(multiply) in 0.050497532 sec
WARNING:2026-07-18 12:09:22,001:jax._src.dispatch:190: Finished tracing + transforming exp for pjit in 0.000246763 sec
WARNING:2026-07-18 12:09:22,002:jax._src.interpreters.pxla:1912: Compiling exp with global shapes and types [ShapedArray(complex128[144,24])]. Argument mapping: (UnspecifiedValue,).
WARNING:2026-07-18 12:09:22,004:jax._src.dispatch:190: Finished jaxpr to MLIR module conversion jit(exp) in 0.002026558 sec
WARNING:2026-07-18 12:09:22,098:jax._src.dispatch:190: Finished XLA compilation of jit(exp) in 0.094235420 sec
WARNING:2026-07-18 12:09:22,103:jax._src.dispatch:190: Finished tracing + transforming iota for pjit in 0.000283480 sec
WARNING:2026-07-18 12:09:22,103:jax._src.interpreters.pxla:1912: Compiling iota with global shapes and types []. Argument mapping: ().
WARNING:2026-07-18 12:09:22,105:jax._src.dispatch:190: Finished jaxpr to MLIR module conversion jit(iota) in 0.001989603 sec
WARNING:2026-07-18 12:09:22,146:jax._src.dispatch:190: Finished XLA compilation of jit(iota) in 0.040541410 sec
WARNING:2026-07-18 12:09:22,148:jax._src.dispatch:190: Finished tracing + transforming true_divide for pjit in 0.000422001 sec
WARNING:2026-07-18 12:09:22,148:jax._src.interpreters.pxla:1912: Compiling true_divide with global shapes and types [ShapedArray(int64[80]), ShapedArray(int64[], weak_type=True)]. Argument mapping: (UnspecifiedValue, UnspecifiedValue).
WARNING:2026-07-18 12:09:22,150:jax._src.dispatch:190: Finished jaxpr to MLIR module conversion jit(true_divide) in 0.002307653 sec
WARNING:2026-07-18 12:09:22,199:jax._src.dispatch:190: Finished XLA compilation of jit(true_divide) in 0.048245192 sec
WARNING:2026-07-18 12:09:22,201:jax._src.dispatch:190: Finished tracing + transforming broadcast_in_dim for pjit in 0.000189543 sec
WARNING:2026-07-18 12:09:22,201:jax._src.interpreters.pxla:1912: Compiling broadcast_in_dim with global shapes and types [ShapedArray(float64[80])]. Argument mapping: (UnspecifiedValue,).
WARNING:2026-07-18 12:09:22,203:jax._src.dispatch:190: Finished jaxpr to MLIR module conversion jit(broadcast_in_dim) in 0.002022743 sec
WARNING:2026-07-18 12:09:22,210:jax._src.dispatch:190: Finished XLA compilation of jit(broadcast_in_dim) in 0.006592512 sec
WARNING:2026-07-18 12:09:22,211:jax._src.dispatch:190: Finished tracing + transforming multiply for pjit in 0.000329256 sec
WARNING:2026-07-18 12:09:22,211:jax._src.interpreters.pxla:1912: Compiling multiply with global shapes and types [ShapedArray(complex128[144,1]), ShapedArray(float64[1,80])]. Argument mapping: (UnspecifiedValue, UnspecifiedValue).
WARNING:2026-07-18 12:09:22,215:jax._src.dispatch:190: Finished jaxpr to MLIR module conversion jit(multiply) in 0.003068209 sec
WARNING:2026-07-18 12:09:22,259:jax._src.dispatch:190: Finished XLA compilation of jit(multiply) in 0.044265270 sec
WARNING:2026-07-18 12:09:22,261:jax._src.dispatch:190: Finished tracing + transforming exp for pjit in 0.000247002 sec
WARNING:2026-07-18 12:09:22,261:jax._src.interpreters.pxla:1912: Compiling exp with global shapes and types [ShapedArray(complex128[144,80])]. Argument mapping: (UnspecifiedValue,).
WARNING:2026-07-18 12:09:22,263:jax._src.dispatch:190: Finished jaxpr to MLIR module conversion jit(exp) in 0.002063990 sec
WARNING:2026-07-18 12:09:22,344:jax._src.dispatch:190: Finished XLA compilation of jit(exp) in 0.080150366 sec
WARNING:2026-07-18 12:09:22,346:jax._src.dispatch:190: Finished tracing + transforming dynamic_slice for pjit in 0.000213861 sec
WARNING:2026-07-18 12:09:22,346:jax._src.interpreters.pxla:1912: Compiling dynamic_slice with global shapes and types [ShapedArray(int32[640,3]), ShapedArray(int64[], weak_type=True), ShapedArray(int64[], weak_type=True)]. Argument mapping: (UnspecifiedValue, UnspecifiedValue, UnspecifiedValue).
WARNING:2026-07-18 12:09:22,348:jax._src.dispatch:190: Finished jaxpr to MLIR module conversion jit(dynamic_slice) in 0.001999617 sec
WARNING:2026-07-18 12:09:22,393:jax._src.dispatch:190: Finished XLA compilation of jit(dynamic_slice) in 0.044184208 sec
WARNING:2026-07-18 12:09:22,394:jax._src.dispatch:190: Finished tracing + transforming squeeze for pjit in 0.000199556 sec
WARNING:2026-07-18 12:09:22,395:jax._src.interpreters.pxla:1912: Compiling squeeze with global shapes and types [ShapedArray(int32[640,1])]. Argument mapping: (UnspecifiedValue,).
WARNING:2026-07-18 12:09:22,397:jax._src.dispatch:190: Finished jaxpr to MLIR module conversion jit(squeeze) in 0.002165794 sec
WARNING:2026-07-18 12:09:22,403:jax._src.dispatch:190: Finished XLA compilation of jit(squeeze) in 0.006227493 sec
WARNING:2026-07-18 12:09:22,405:jax._src.dispatch:190: Finished tracing + transforming less for pjit in 0.000355482 sec
WARNING:2026-07-18 12:09:22,405:jax._src.interpreters.pxla:1912: Compiling less with global shapes and types [ShapedArray(int32[640]), ShapedArray(int64[], weak_type=True)]. Argument mapping: (UnspecifiedValue, UnspecifiedValue).
WARNING:2026-07-18 12:09:22,407:jax._src.dispatch:190: Finished jaxpr to MLIR module conversion jit(less) in 0.001927853 sec
WARNING:2026-07-18 12:09:22,448:jax._src.dispatch:190: Finished XLA compilation of jit(less) in 0.041020632 sec
WARNING:2026-07-18 12:09:22,450:jax._src.dispatch:190: Finished tracing + transforming add for pjit in 0.000196934 sec
WARNING:2026-07-18 12:09:22,451:jax._src.interpreters.pxla:1912: Compiling add with global shapes and types [ShapedArray(int32[640]), ShapedArray(int32[])]. Argument mapping: (UnspecifiedValue, UnspecifiedValue).
WARNING:2026-07-18 12:09:22,453:jax._src.dispatch:190: Finished jaxpr to MLIR module conversion jit(add) in 0.002058268 sec
WARNING:2026-07-18 12:09:22,496:jax._src.dispatch:190: Finished XLA compilation of jit(add) in 0.043436050 sec
WARNING:2026-07-18 12:09:22,498:jax._src.dispatch:190: Finished tracing + transforming select_n for pjit in 0.000199795 sec
WARNING:2026-07-18 12:09:22,498:jax._src.interpreters.pxla:1912: Compiling select_n with global shapes and types [ShapedArray(bool[640]), ShapedArray(int32[640]), ShapedArray(int32[640])]. Argument mapping: (UnspecifiedValue, UnspecifiedValue, UnspecifiedValue).
WARNING:2026-07-18 12:09:22,501:jax._src.dispatch:190: Finished jaxpr to MLIR module conversion jit(select_n) in 0.002156734 sec
WARNING:2026-07-18 12:09:22,543:jax._src.dispatch:190: Finished XLA compilation of jit(select_n) in 0.042319059 sec
WARNING:2026-07-18 12:09:22,545:jax._src.dispatch:190: Finished tracing + transforming _broadcast_arrays for pjit in 0.000110865 sec
WARNING:2026-07-18 12:09:22,545:jax._src.interpreters.pxla:1912: Compiling _broadcast_arrays with global shapes and types [ShapedArray(int32[640])]. Argument mapping: (UnspecifiedValue,).
WARNING:2026-07-18 12:09:22,547:jax._src.dispatch:190: Finished jaxpr to MLIR module conversion jit(_broadcast_arrays) in 0.001716614 sec
WARNING:2026-07-18 12:09:22,553:jax._src.dispatch:190: Finished XLA compilation of jit(_broadcast_arrays) in 0.005754471 sec
WARNING:2026-07-18 12:09:22,554:jax._src.dispatch:190: Finished tracing + transforming broadcast_in_dim for pjit in 0.000205040 sec
WARNING:2026-07-18 12:09:22,554:jax._src.interpreters.pxla:1912: Compiling broadcast_in_dim with global shapes and types [ShapedArray(int32[640])]. Argument mapping: (UnspecifiedValue,).
WARNING:2026-07-18 12:09:22,556:jax._src.dispatch:190: Finished jaxpr to MLIR module conversion jit(broadcast_in_dim) in 0.001696587 sec
WARNING:2026-07-18 12:09:22,562:jax._src.dispatch:190: Finished XLA compilation of jit(broadcast_in_dim) in 0.005976200 sec
WARNING:2026-07-18 12:09:22,564:jax._src.dispatch:190: Finished tracing + transforming gather for pjit in 0.000215530 sec
WARNING:2026-07-18 12:09:22,564:jax._src.interpreters.pxla:1912: Compiling gather with global shapes and types [ShapedArray(complex128[144,24]), ShapedArray(int32[640,1])]. Argument mapping: (UnspecifiedValue, UnspecifiedValue).
WARNING:2026-07-18 12:09:22,566:jax._src.dispatch:190: Finished jaxpr to MLIR module conversion jit(gather) in 0.001923323 sec
WARNING:2026-07-18 12:09:22,612:jax._src.dispatch:190: Finished XLA compilation of jit(gather) in 0.045249462 sec
WARNING:2026-07-18 12:09:22,613:jax._src.dispatch:190: Finished tracing + transforming broadcast_in_dim for pjit in 0.000208616 sec
WARNING:2026-07-18 12:09:22,613:jax._src.interpreters.pxla:1912: Compiling broadcast_in_dim with global shapes and types [ShapedArray(complex128[144,640])]. Argument mapping: (UnspecifiedValue,).
WARNING:2026-07-18 12:09:22,615:jax._src.dispatch:190: Finished jaxpr to MLIR module conversion jit(broadcast_in_dim) in 0.001665115 sec
WARNING:2026-07-18 12:09:22,622:jax._src.dispatch:190: Finished XLA compilation of jit(broadcast_in_dim) in 0.006031990 sec
WARNING:2026-07-18 12:09:22,627:jax._src.dispatch:190: Finished tracing + transforming gather for pjit in 0.000207424 sec
WARNING:2026-07-18 12:09:22,627:jax._src.interpreters.pxla:1912: Compiling gather with global shapes and types [ShapedArray(complex128[144,80]), ShapedArray(int32[640,1])]. Argument mapping: (UnspecifiedValue, UnspecifiedValue).
WARNING:2026-07-18 12:09:22,629:jax._src.dispatch:190: Finished jaxpr to MLIR module conversion jit(gather) in 0.001742363 sec
WARNING:2026-07-18 12:09:22,682:jax._src.dispatch:190: Finished XLA compilation of jit(gather) in 0.052865982 sec
WARNING:2026-07-18 12:09:22,686:jax._src.dispatch:190: Finished tracing + transforming _pad for pjit in 0.000827551 sec
WARNING:2026-07-18 12:09:22,687:jax._src.dispatch:190: Finished tracing + transforming multiply for pjit in 0.000389814 sec
WARNING:2026-07-18 12:09:22,688:jax._src.dispatch:190: Finished tracing + transforming less for pjit in 0.000385523 sec
WARNING:2026-07-18 12:09:22,688:jax._src.dispatch:190: Finished tracing + transforming add for pjit in 0.000363827 sec
WARNING:2026-07-18 12:09:22,689:jax._src.dispatch:190: Finished tracing + transforming add for pjit in 0.000402451 sec
WARNING:2026-07-18 12:09:22,690:jax._src.dispatch:190: Finished tracing + transforming not_equal for pjit in 0.000204563 sec
WARNING:2026-07-18 12:09:22,691:jax._src.dispatch:190: Finished tracing + transforming not_equal for pjit in 0.000242949 sec
WARNING:2026-07-18 12:09:22,691:jax._src.dispatch:190: Finished tracing + transforming logical_and for pjit in 0.000205517 sec
WARNING:2026-07-18 12:09:22,692:jax._src.dispatch:190: Finished tracing + transforming subtract for pjit in 0.000243187 sec
WARNING:2026-07-18 12:09:22,692:jax._src.dispatch:190: Finished tracing + transforming _broadcast_arrays for pjit in 0.000090361 sec
WARNING:2026-07-18 12:09:22,693:jax._src.dispatch:190: Finished tracing + transforming _where for pjit in 0.000476122 sec
WARNING:2026-07-18 12:09:22,693:jax._src.dispatch:190: Finished tracing + transforming floor_divide for pjit in 0.003843307 sec
WARNING:2026-07-18 12:09:22,694:jax._src.dispatch:190: Finished tracing + transforming maximum for pjit in 0.000322342 sec
WARNING:2026-07-18 12:09:22,695:jax._src.dispatch:190: Finished tracing + transforming minimum for pjit in 0.000249863 sec
WARNING:2026-07-18 12:09:22,695:jax._src.dispatch:190: Finished tracing + transforming clip for pjit in 0.001454115 sec
WARNING:2026-07-18 12:09:22,696:jax._src.dispatch:190: Finished tracing + transforming less for pjit in 0.000252247 sec
WARNING:2026-07-18 12:09:22,697:jax._src.dispatch:190: Finished tracing + transforming _broadcast_arrays for pjit in 0.000087500 sec
WARNING:2026-07-18 12:09:22,699:jax._src.dispatch:190: Finished tracing + transforming multiply for pjit in 0.000420094 sec
WARNING:2026-07-18 12:09:22,700:jax._src.dispatch:190: Finished tracing + transforming add for pjit in 0.000430822 sec
WARNING:2026-07-18 12:09:22,700:jax._src.dispatch:190: Finished tracing + transforming _take for pjit in 0.000659943 sec
WARNING:2026-07-18 12:09:22,701:jax._src.dispatch:190: Finished tracing + transforming _moveaxis for pjit in 0.000185490 sec
WARNING:2026-07-18 12:09:22,702:jax._src.dispatch:190: Finished tracing + transforming fft for pjit in 0.000301838 sec
WARNING:2026-07-18 12:09:22,703:jax._src.dispatch:190: Finished tracing + transforming _reduce_prod for pjit in 0.000489712 sec
WARNING:2026-07-18 12:09:22,703:jax._src.dispatch:190: Finished tracing + transforming sqrt for pjit in 0.000241518 sec
WARNING:2026-07-18 12:09:22,704:jax._src.dispatch:190: Finished tracing + transforming multiply for pjit in 0.000316381 sec
WARNING:2026-07-18 12:09:22,704:jax._src.dispatch:190: Finished tracing + transforming _moveaxis for pjit in 0.000252008 sec
WARNING:2026-07-18 12:09:22,706:jax._src.dispatch:190: Finished tracing + transforming less for pjit in 0.000306606 sec
WARNING:2026-07-18 12:09:22,708:jax._src.dispatch:190: Finished tracing + transforming _broadcast_arrays for pjit in 0.000117302 sec
WARNING:2026-07-18 12:09:22,713:jax._src.dispatch:190: Finished tracing + transforming multiply for pjit in 0.000308752 sec
WARNING:2026-07-18 12:09:22,714:jax._src.dispatch:190: Finished tracing + transforming multiply for pjit in 0.000468254 sec
WARNING:2026-07-18 12:09:22,716:jax._src.dispatch:190: Finished tracing + transforming _kernel for pjit in 0.031612158 sec
WARNING:2026-07-18 12:09:22,717:jax._src.interpreters.pxla:1912: Compiling _kernel with global shapes and types [ShapedArray(complex128[144,8,2,1964]), ShapedArray(int32[144,24,24,80])]. Argument mapping: (UnspecifiedValue, NamedSharding(mesh=Mesh('x': 2, 'y': 2, axis_types=(Auto, Auto)), spec=PartitionSpec(None, None, None, None), memory_kind=device)).
WARNING:2026-07-18 12:09:22,727:jax._src.dispatch:190: Finished tracing + transforming less for pjit in 0.000213623 sec
WARNING:2026-07-18 12:09:22,728:jax._src.dispatch:190: Finished tracing + transforming add for pjit in 0.000192404 sec
WARNING:2026-07-18 12:09:22,743:jax._src.dispatch:190: Finished jaxpr to MLIR module conversion jit(_kernel) in 0.025798321 sec
WARNING:2026-07-18 12:09:22,919:jax._src.dispatch:190: Finished XLA compilation of jit(_kernel) in 0.175405264 sec
WARNING:2026-07-18 12:09:22,943:jax._src.dispatch:190: Finished tracing + transforming _multi_slice for pjit in 0.000438213 sec
WARNING:2026-07-18 12:09:22,943:jax._src.interpreters.pxla:1912: Compiling _multi_slice with global shapes and types [ShapedArray(complex128[144,8,2,1964])]. Argument mapping: (UnspecifiedValue,).
WARNING:2026-07-18 12:09:22,945:jax._src.dispatch:190: Finished jaxpr to MLIR module conversion jit(_multi_slice) in 0.002307177 sec
WARNING:2026-07-18 12:09:23,022:jax._src.dispatch:190: Finished XLA compilation of jit(_multi_slice) in 0.075810194 sec
WARNING:2026-07-18 12:09:23,243:jax._src.dispatch:190: Finished tracing + transforming conjugate for pjit in 0.000211954 sec
WARNING:2026-07-18 12:09:23,243:jax._src.dispatch:190: Finished tracing + transforming _reshard_all for pjit in 0.001019478 sec
WARNING:2026-07-18 12:09:23,244:jax._src.interpreters.pxla:1912: Compiling _reshard_all with global shapes and types [ShapedArray(complex128[144,8,2,640])]. Argument mapping: (NamedSharding(mesh=Mesh('x': 2, 'y': 2, axis_types=(Auto, Auto)), spec=PartitionSpec(None, ('x', 'y')), memory_kind=device),).
WARNING:2026-07-18 12:09:23,248:jax._src.dispatch:190: Finished tracing + transforming negative for pjit in 0.000159502 sec
WARNING:2026-07-18 12:09:23,249:jax._src.dispatch:190: Finished jaxpr to MLIR module conversion jit(_reshard_all) in 0.005122662 sec
WARNING:2026-07-18 12:09:23,337:jax._src.dispatch:190: Finished XLA compilation of jit(_reshard_all) in 0.087745428 sec
WARNING:2026-07-18 12:09:23,456:jax._src.dispatch:190: Finished tracing + transforming reshape for pjit in 0.000191689 sec
WARNING:2026-07-18 12:09:23,457:jax._src.interpreters.pxla:1912: Compiling reshape with global shapes and types [ShapedArray(complex128[144,8,2,640])]. Argument mapping: (NamedSharding(mesh=Mesh('x': 2, 'y': 2, axis_types=(Auto, Auto)), spec=PartitionSpec(None, None, None, 'y'), memory_kind=device),).
WARNING:2026-07-18 12:09:23,459:jax._src.dispatch:190: Finished jaxpr to MLIR module conversion jit(reshape) in 0.002237797 sec
WARNING:2026-07-18 12:09:23,541:jax._src.dispatch:190: Finished XLA compilation of jit(reshape) in 0.081719637 sec
WARNING:2026-07-18 12:09:23,570:jax._src.dispatch:190: Finished tracing + transforming svd for pjit in 0.000449181 sec
WARNING:2026-07-18 12:09:23,570:jax._src.dispatch:190: Finished tracing + transforming _svd_replicated for pjit in 0.000900984 sec
WARNING:2026-07-18 12:09:23,570:jax._src.interpreters.pxla:1912: Compiling _svd_replicated with global shapes and types [ShapedArray(complex128[1152,1280])]. Argument mapping: (NamedSharding(mesh=Mesh('x': 2, 'y': 2, axis_types=(Auto, Auto)), spec=PartitionSpec(), memory_kind=device),).
WARNING:2026-07-18 12:09:23,574:jax._src.dispatch:190: Finished jaxpr to MLIR module conversion jit(_svd_replicated) in 0.003380537 sec
WARNING:2026-07-18 12:09:23,644:jax._src.dispatch:190: Finished XLA compilation of jit(_svd_replicated) in 0.069985390 sec
WARNING:2026-07-18 12:09:24,870:jax._src.dispatch:190: Finished tracing + transforming broadcast_in_dim for pjit in 0.000213623 sec
WARNING:2026-07-18 12:09:24,870:jax._src.interpreters.pxla:1912: Compiling broadcast_in_dim with global shapes and types [ShapedArray(float64[1152])]. Argument mapping: (NamedSharding(mesh=Mesh('x': 2, 'y': 2, axis_types=(Auto, Auto)), spec=PartitionSpec(), memory_kind=device),).
WARNING:2026-07-18 12:09:24,872:jax._src.dispatch:190: Finished jaxpr to MLIR module conversion jit(broadcast_in_dim) in 0.002225876 sec
WARNING:2026-07-18 12:09:24,880:jax._src.dispatch:190: Finished XLA compilation of jit(broadcast_in_dim) in 0.007024527 sec
WARNING:2026-07-18 12:09:24,882:jax._src.dispatch:190: Finished tracing + transforming multiply for pjit in 0.000341177 sec
WARNING:2026-07-18 12:09:24,882:jax._src.interpreters.pxla:1912: Compiling multiply with global shapes and types [ShapedArray(complex128[1152,1152]), ShapedArray(float64[1,1152])]. Argument mapping: (NamedSharding(mesh=Mesh('x': 2, 'y': 2, axis_types=(Auto, Auto)), spec=PartitionSpec(), memory_kind=device), NamedSharding(mesh=Mesh('x': 2, 'y': 2, axis_types=(Auto, Auto)), spec=PartitionSpec(), memory_kind=device)).
WARNING:2026-07-18 12:09:24,884:jax._src.dispatch:190: Finished jaxpr to MLIR module conversion jit(multiply) in 0.002117872 sec
WARNING:2026-07-18 12:09:25,042:jax._src.dispatch:190: Finished XLA compilation of jit(multiply) in 0.157025099 sec
WARNING:2026-07-18 12:09:25,046:jax._src.dispatch:190: Finished tracing + transforming true_divide for pjit in 0.000407457 sec
WARNING:2026-07-18 12:09:25,047:jax._src.interpreters.pxla:1912: Compiling true_divide with global shapes and types [ShapedArray(float64[], weak_type=True), ShapedArray(float64[1152])]. Argument mapping: (UnspecifiedValue, NamedSharding(mesh=Mesh('x': 2, 'y': 2, axis_types=(Auto, Auto)), spec=PartitionSpec(), memory_kind=device)).
WARNING:2026-07-18 12:09:25,049:jax._src.dispatch:190: Finished jaxpr to MLIR module conversion jit(true_divide) in 0.002271414 sec
WARNING:2026-07-18 12:09:25,099:jax._src.dispatch:190: Finished XLA compilation of jit(true_divide) in 0.049987078 sec
WARNING:2026-07-18 12:09:25,103:jax._src.dispatch:190: Finished tracing + transforming broadcast_in_dim for pjit in 0.000209570 sec
WARNING:2026-07-18 12:09:25,103:jax._src.interpreters.pxla:1912: Compiling broadcast_in_dim with global shapes and types [ShapedArray(float64[1152])]. Argument mapping: (NamedSharding(mesh=Mesh('x': 2, 'y': 2, axis_types=(Auto, Auto)), spec=PartitionSpec(), memory_kind=device),).
WARNING:2026-07-18 12:09:25,105:jax._src.dispatch:190: Finished jaxpr to MLIR module conversion jit(broadcast_in_dim) in 0.002044916 sec
WARNING:2026-07-18 12:09:25,112:jax._src.dispatch:190: Finished XLA compilation of jit(broadcast_in_dim) in 0.006300926 sec
WARNING:2026-07-18 12:09:25,114:jax._src.dispatch:190: Finished tracing + transforming conjugate for pjit in 0.000204802 sec
WARNING:2026-07-18 12:09:25,114:jax._src.interpreters.pxla:1912: Compiling conjugate with global shapes and types [ShapedArray(complex128[1152,1152])]. Argument mapping: (NamedSharding(mesh=Mesh('x': 2, 'y': 2, axis_types=(Auto, Auto)), spec=PartitionSpec(), memory_kind=device),).
WARNING:2026-07-18 12:09:25,116:jax._src.dispatch:190: Finished tracing + transforming negative for pjit in 0.000154257 sec
WARNING:2026-07-18 12:09:25,117:jax._src.dispatch:190: Finished jaxpr to MLIR module conversion jit(conjugate) in 0.002873898 sec
WARNING:2026-07-18 12:09:25,287:jax._src.dispatch:190: Finished XLA compilation of jit(conjugate) in 0.169826984 sec
WARNING:2026-07-18 12:09:25,291:jax._src.dispatch:190: Finished tracing + transforming transpose for pjit in 0.000181913 sec
WARNING:2026-07-18 12:09:25,292:jax._src.interpreters.pxla:1912: Compiling transpose with global shapes and types [ShapedArray(complex128[1152,1152])]. Argument mapping: (NamedSharding(mesh=Mesh('x': 2, 'y': 2, axis_types=(Auto, Auto)), spec=PartitionSpec(), memory_kind=device),).
WARNING:2026-07-18 12:09:25,294:jax._src.dispatch:190: Finished jaxpr to MLIR module conversion jit(transpose) in 0.001909256 sec
WARNING:2026-07-18 12:09:25,348:jax._src.dispatch:190: Finished XLA compilation of jit(transpose) in 0.054129601 sec
WARNING:2026-07-18 12:09:25,354:jax._src.dispatch:190: Finished tracing + transforming convert_element_type for pjit in 0.000179768 sec
WARNING:2026-07-18 12:09:25,354:jax._src.interpreters.pxla:1912: Compiling convert_element_type with global shapes and types [ShapedArray(complex128[])]. Argument mapping: (UnspecifiedValue,).
WARNING:2026-07-18 12:09:25,356:jax._src.dispatch:190: Finished jaxpr to MLIR module conversion jit(convert_element_type) in 0.001791239 sec
WARNING:2026-07-18 12:09:25,362:jax._src.dispatch:190: Finished XLA compilation of jit(convert_element_type) in 0.005513668 sec
WARNING:2026-07-18 12:09:25,363:jax._src.dispatch:190: Finished tracing + transforming broadcast_in_dim for pjit in 0.000188828 sec
WARNING:2026-07-18 12:09:25,364:jax._src.interpreters.pxla:1912: Compiling broadcast_in_dim with global shapes and types [ShapedArray(complex128[])]. Argument mapping: (UnspecifiedValue,).
WARNING:2026-07-18 12:09:25,366:jax._src.dispatch:190: Finished jaxpr to MLIR module conversion jit(broadcast_in_dim) in 0.001801491 sec
WARNING:2026-07-18 12:09:25,410:jax._src.dispatch:190: Finished XLA compilation of jit(broadcast_in_dim) in 0.043879271 sec
WARNING:2026-07-18 12:09:25,412:jax._src.dispatch:190: Finished tracing + transforming _multi_slice for pjit in 0.000401497 sec
WARNING:2026-07-18 12:09:25,412:jax._src.interpreters.pxla:1912: Compiling _multi_slice with global shapes and types [ShapedArray(complex128[1152,1152])]. Argument mapping: (UnspecifiedValue,).
WARNING:2026-07-18 12:09:25,415:jax._src.dispatch:190: Finished jaxpr to MLIR module conversion jit(_multi_slice) in 0.002184629 sec
WARNING:2026-07-18 12:09:25,567:jax._src.dispatch:190: Finished XLA compilation of jit(_multi_slice) in 0.151654243 sec
WARNING:2026-07-18 12:09:25,572:jax._src.dispatch:190: Finished tracing + transforming reshape for pjit in 0.000193834 sec
WARNING:2026-07-18 12:09:25,572:jax._src.interpreters.pxla:1912: Compiling reshape with global shapes and types [ShapedArray(complex128[1152,1152])]. Argument mapping: (NamedSharding(mesh=Mesh('x': 2, 'y': 2, axis_types=(Auto, Auto)), spec=PartitionSpec(), memory_kind=device),).
WARNING:2026-07-18 12:09:25,574:jax._src.dispatch:190: Finished jaxpr to MLIR module conversion jit(reshape) in 0.001956701 sec
WARNING:2026-07-18 12:09:25,581:jax._src.dispatch:190: Finished XLA compilation of jit(reshape) in 0.006135941 sec
WARNING:2026-07-18 12:09:25,670:jax._src.dispatch:190: Finished tracing + transforming convert_element_type for pjit in 0.000220060 sec
WARNING:2026-07-18 12:09:25,671:jax._src.interpreters.pxla:1912: Compiling convert_element_type with global shapes and types [ShapedArray(int32[])]. Argument mapping: (UnspecifiedValue,).
WARNING:2026-07-18 12:09:25,673:jax._src.dispatch:190: Finished jaxpr to MLIR module conversion jit(convert_element_type) in 0.001857519 sec
WARNING:2026-07-18 12:09:25,679:jax._src.dispatch:190: Finished XLA compilation of jit(convert_element_type) in 0.006211758 sec
WARNING:2026-07-18 12:09:25,682:jax._src.dispatch:190: Finished tracing + transforming multiply for pjit in 0.000524521 sec
WARNING:2026-07-18 12:09:25,683:jax._src.dispatch:190: Finished tracing + transforming add for pjit in 0.000308275 sec
WARNING:2026-07-18 12:09:25,683:jax._src.dispatch:190: Finished tracing + transforming _take for pjit in 0.000534058 sec
WARNING:2026-07-18 12:09:25,684:jax._src.dispatch:190: Finished tracing + transforming _moveaxis for pjit in 0.000083923 sec
WARNING:2026-07-18 12:09:25,684:jax._src.dispatch:190: Finished tracing + transforming fft for pjit in 0.000144958 sec
WARNING:2026-07-18 12:09:25,685:jax._src.dispatch:190: Finished tracing + transforming multiply for pjit in 0.000200987 sec
WARNING:2026-07-18 12:09:25,685:jax._src.dispatch:190: Finished tracing + transforming _moveaxis for pjit in 0.000150681 sec
WARNING:2026-07-18 12:09:25,686:jax._src.dispatch:190: Finished tracing + transforming true_divide for pjit in 0.000365019 sec
WARNING:2026-07-18 12:09:25,687:jax._src.dispatch:190: Finished tracing + transforming true_divide for pjit in 0.000316620 sec
WARNING:2026-07-18 12:09:25,688:jax._src.dispatch:190: Finished tracing + transforming multiply for pjit in 0.000292540 sec
WARNING:2026-07-18 12:09:25,689:jax._src.dispatch:190: Finished tracing + transforming multiply for pjit in 0.000386238 sec
WARNING:2026-07-18 12:09:25,689:jax._src.dispatch:190: Finished tracing + transforming exp for pjit in 0.000155449 sec
WARNING:2026-07-18 12:09:25,691:jax._src.dispatch:190: Finished tracing + transforming multiply for pjit in 0.000431776 sec
WARNING:2026-07-18 12:09:25,691:jax._src.dispatch:190: Finished tracing + transforming exp for pjit in 0.000153542 sec
WARNING:2026-07-18 12:09:25,692:jax._src.dispatch:190: Finished tracing + transforming add for pjit in 0.000257730 sec
WARNING:2026-07-18 12:09:25,692:jax._src.dispatch:190: Finished tracing + transforming not_equal for pjit in 0.000214100 sec
WARNING:2026-07-18 12:09:25,693:jax._src.dispatch:190: Finished tracing + transforming not_equal for pjit in 0.000336647 sec
WARNING:2026-07-18 12:09:25,694:jax._src.dispatch:190: Finished tracing + transforming logical_and for pjit in 0.000400066 sec
WARNING:2026-07-18 12:09:25,695:jax._src.dispatch:190: Finished tracing + transforming subtract for pjit in 0.000323296 sec
WARNING:2026-07-18 12:09:25,695:jax._src.dispatch:190: Finished tracing + transforming _broadcast_arrays for pjit in 0.000097036 sec
WARNING:2026-07-18 12:09:25,696:jax._src.dispatch:190: Finished tracing + transforming _where for pjit in 0.000686169 sec
WARNING:2026-07-18 12:09:25,696:jax._src.dispatch:190: Finished tracing + transforming floor_divide for pjit in 0.004236698 sec
WARNING:2026-07-18 12:09:25,697:jax._src.dispatch:190: Finished tracing + transforming equal for pjit in 0.000283718 sec
WARNING:2026-07-18 12:09:25,698:jax._src.dispatch:190: Finished tracing + transforming _broadcast_arrays for pjit in 0.000202894 sec
WARNING:2026-07-18 12:09:25,699:jax._src.dispatch:190: Finished tracing + transforming _where for pjit in 0.000903368 sec
WARNING:2026-07-18 12:09:25,699:jax._src.dispatch:190: Finished tracing + transforming remainder for pjit in 0.003059626 sec
WARNING:2026-07-18 12:09:25,700:jax._src.dispatch:190: Finished tracing + transforming less for pjit in 0.000274897 sec
WARNING:2026-07-18 12:09:25,701:jax._src.dispatch:190: Finished tracing + transforming add for pjit in 0.000277281 sec
WARNING:2026-07-18 12:09:25,702:jax._src.dispatch:190: Finished tracing + transforming _take for pjit in 0.002534866 sec
WARNING:2026-07-18 12:09:25,704:jax._src.dispatch:190: Finished tracing + transforming _take for pjit in 0.001339436 sec
WARNING:2026-07-18 12:09:25,705:jax._src.dispatch:190: Finished tracing + transforming multiply for pjit in 0.000199556 sec
WARNING:2026-07-18 12:09:25,705:jax._src.dispatch:190: Finished tracing + transforming multiply for pjit in 0.000200748 sec
WARNING:2026-07-18 12:09:25,706:jax._src.dispatch:190: Finished tracing + transforming fn for pjit in 0.025768042 sec
WARNING:2026-07-18 12:09:25,707:jax._src.interpreters.pxla:1912: Compiling fn with global shapes and types [ShapedArray(complex128[144,8,2,1964]), ShapedArray(int32[144,24,24,80]), ShapedArray(int32[]), ShapedArray(float64[144,3])]. Argument mapping: (UnspecifiedValue, UnspecifiedValue, UnspecifiedValue, UnspecifiedValue).
WARNING:2026-07-18 12:09:25,731:jax._src.dispatch:190: Finished jaxpr to MLIR module conversion jit(fn) in 0.023366690 sec
WARNING:2026-07-18 12:09:26,014:jax._src.dispatch:190: Finished XLA compilation of jit(fn) in 0.282661438 sec
WARNING:2026-07-18 12:09:26,111:jax._src.dispatch:190: Finished tracing + transforming _identity_fn for pjit in 0.000109673 sec
WARNING:2026-07-18 12:09:26,112:jax._src.interpreters.pxla:1912: Compiling _identity_fn with global shapes and types [ShapedArray(complex128[144,8,2,46080])]. Argument mapping: (NamedSharding(mesh=Mesh('x': 2, 'y': 2, axis_types=(Auto, Auto)), spec=PartitionSpec(), memory_kind=device),).
WARNING:2026-07-18 12:09:26,114:jax._src.dispatch:190: Finished jaxpr to MLIR module conversion jit(_identity_fn) in 0.002078772 sec
WARNING:2026-07-18 12:09:26,168:jax._src.dispatch:190: Finished XLA compilation of jit(_identity_fn) in 0.053647041 sec
WARNING:2026-07-18 12:09:26,185:jax._src.dispatch:190: Finished tracing + transforming reshape for pjit in 0.000195742 sec
WARNING:2026-07-18 12:09:26,185:jax._src.interpreters.pxla:1912: Compiling reshape with global shapes and types [ShapedArray(complex128[1152,144,8])]. Argument mapping: (NamedSharding(mesh=Mesh('x': 2, 'y': 2, axis_types=(Auto, Auto)), spec=PartitionSpec(), memory_kind=device),).
WARNING:2026-07-18 12:09:26,188:jax._src.dispatch:190: Finished jaxpr to MLIR module conversion jit(reshape) in 0.002196074 sec
WARNING:2026-07-18 12:09:26,195:jax._src.dispatch:190: Finished XLA compilation of jit(reshape) in 0.006788254 sec
WARNING:2026-07-18 12:09:26,200:jax._src.dispatch:190: Finished tracing + transforming matmul for pjit in 0.001382828 sec
WARNING:2026-07-18 12:09:26,200:jax._src.dispatch:190: Finished tracing + transforming multiply for pjit in 0.000336647 sec
WARNING:2026-07-18 12:09:26,201:jax._src.dispatch:190: Finished tracing + transforming conjugate for pjit in 0.000173807 sec
WARNING:2026-07-18 12:09:26,202:jax._src.dispatch:190: Finished tracing + transforming matmul for pjit in 0.000368118 sec
WARNING:2026-07-18 12:09:26,202:jax._src.dispatch:190: Finished tracing + transforming add for pjit in 0.000221491 sec
WARNING:2026-07-18 12:09:26,202:jax._src.dispatch:190: Finished tracing + transforming _accum for pjit in 0.004163742 sec
WARNING:2026-07-18 12:09:26,203:jax._src.interpreters.pxla:1912: Compiling _accum with global shapes and types [ShapedArray(complex128[1152,1152]), ShapedArray(float64[1152,1]), ShapedArray(complex128[144,8,2,46080]), ShapedArray(complex128[1152,1152])]. Argument mapping: (NamedSharding(mesh=Mesh('x': 2, 'y': 2, axis_types=(Auto, Auto)), spec=PartitionSpec(), memory_kind=device), NamedSharding(mesh=Mesh('x': 2, 'y': 2, axis_types=(Auto, Auto)), spec=PartitionSpec(), memory_kind=device), NamedSharding(mesh=Mesh('x': 2, 'y': 2, axis_types=(Auto, Auto)), spec=PartitionSpec(None, None, None, 'y'), memory_kind=device), NamedSharding(mesh=Mesh('x': 2, 'y': 2, axis_types=(Auto, Auto)), spec=PartitionSpec('x', 'y'), memory_kind=device)).
/opt/jax/jax/_src/interpreters/mlir.py:1178: UserWarning: Some donated buffers were not usable: ShapedArray(complex128[144,8,2,23040]).
See an explanation at https://jax.readthedocs.io/en/latest/faq.html#buffer-donation.
  warnings.warn("Some donated buffers were not usable:"
WARNING:2026-07-18 12:09:26,208:jax._src.dispatch:190: Finished tracing + transforming negative for pjit in 0.000150204 sec
WARNING:2026-07-18 12:09:26,209:jax._src.dispatch:190: Finished jaxpr to MLIR module conversion jit(_accum) in 0.005736351 sec
WARNING:2026-07-18 12:09:26,327:jax._src.dispatch:190: Finished XLA compilation of jit(_accum) in 0.118205547 sec
WARNING:2026-07-18 12:09:26,415:jax._src.dispatch:190: Finished tracing + transforming true_divide for pjit in 0.000350237 sec
WARNING:2026-07-18 12:09:26,417:jax._src.dispatch:190: Finished tracing + transforming cholesky for pjit in 0.002041101 sec
WARNING:2026-07-18 12:09:26,417:jax._src.interpreters.pxla:1912: Compiling cholesky with global shapes and types [ShapedArray(complex128[1152,1152])]. Argument mapping: (NamedSharding(mesh=Mesh('x': 2, 'y': 2, axis_types=(Auto, Auto)), spec=PartitionSpec('x', 'y'), memory_kind=device),).
WARNING:2026-07-18 12:09:26,421:jax._src.dispatch:190: Finished jaxpr to MLIR module conversion jit(cholesky) in 0.004333258 sec
WARNING:2026-07-18 12:09:26,579:jax._src.dispatch:190: Finished XLA compilation of jit(cholesky) in 0.157109737 sec
WARNING:2026-07-18 12:09:26,784:jax._src.dispatch:190: Finished tracing + transforming matmul for pjit in 0.000559092 sec
WARNING:2026-07-18 12:09:26,785:jax._src.dispatch:190: Finished tracing + transforming conjugate for pjit in 0.000265598 sec
WARNING:2026-07-18 12:09:26,786:jax._src.dispatch:190: Finished tracing + transforming matmul for pjit in 0.000326157 sec
WARNING:2026-07-18 12:09:26,787:jax._src.dispatch:190: Finished tracing + transforming add for pjit in 0.000273466 sec
WARNING:2026-07-18 12:09:26,787:jax._src.dispatch:190: Finished tracing + transforming equal for pjit in 0.000202179 sec
WARNING:2026-07-18 12:09:26,787:jax._src.dispatch:190: Finished tracing + transforming subtract for pjit in 0.000180483 sec
WARNING:2026-07-18 12:09:26,788:jax._src.dispatch:190: Finished tracing + transforming absolute for pjit in 0.000137329 sec
WARNING:2026-07-18 12:09:26,788:jax._src.dispatch:190: Finished tracing + transforming abs for pjit in 0.000373363 sec
WARNING:2026-07-18 12:09:26,788:jax._src.dispatch:190: Finished tracing + transforming _reduce_max for pjit in 0.000359535 sec
WARNING:2026-07-18 12:09:26,789:jax._src.dispatch:190: Finished tracing + transforming _solve_triangular for pjit in 0.000360489 sec
WARNING:2026-07-18 12:09:26,789:jax._src.dispatch:190: Finished tracing + transforming _finalize for pjit in 0.006053448 sec
WARNING:2026-07-18 12:09:26,790:jax._src.interpreters.pxla:1912: Compiling _finalize with global shapes and types [ShapedArray(complex128[1152,1152]), ShapedArray(complex128[1152,1152]), ShapedArray(complex128[1152,1280])]. Argument mapping: (NamedSharding(mesh=Mesh('x': 2, 'y': 2, axis_types=(Auto, Auto)), spec=PartitionSpec(), memory_kind=device), NamedSharding(mesh=Mesh('x': 2, 'y': 2, axis_types=(Auto, Auto)), spec=PartitionSpec(), memory_kind=device), NamedSharding(mesh=Mesh('x': 2, 'y': 2, axis_types=(Auto, Auto)), spec=PartitionSpec(), memory_kind=device)).
WARNING:2026-07-18 12:09:26,793:jax._src.dispatch:190: Finished tracing + transforming negative for pjit in 0.000139952 sec
WARNING:2026-07-18 12:09:26,796:jax._src.dispatch:190: Finished jaxpr to MLIR module conversion jit(_finalize) in 0.005633116 sec
WARNING:2026-07-18 12:09:26,943:jax._src.dispatch:190: Finished XLA compilation of jit(_finalize) in 0.146678209 sec
WARNING:2026-07-18 12:09:26,991:jax._src.dispatch:190: Finished tracing + transforming convert_element_type for pjit in 0.000221252 sec
WARNING:2026-07-18 12:09:26,991:jax._src.interpreters.pxla:1912: Compiling convert_element_type with global shapes and types [ShapedArray(int64[])]. Argument mapping: (UnspecifiedValue,).
WARNING:2026-07-18 12:09:26,994:jax._src.dispatch:190: Finished jaxpr to MLIR module conversion jit(convert_element_type) in 0.002250671 sec
WARNING:2026-07-18 12:09:27,001:jax._src.dispatch:190: Finished XLA compilation of jit(convert_element_type) in 0.007124186 sec
WARNING:2026-07-18 12:09:27,003:jax._src.dispatch:190: Finished tracing + transforming iota for pjit in 0.000315428 sec
WARNING:2026-07-18 12:09:27,003:jax._src.interpreters.pxla:1912: Compiling iota with global shapes and types []. Argument mapping: ().
WARNING:2026-07-18 12:09:27,005:jax._src.dispatch:190: Finished jaxpr to MLIR module conversion jit(iota) in 0.001830101 sec
WARNING:2026-07-18 12:09:27,057:jax._src.dispatch:190: Finished XLA compilation of jit(iota) in 0.051910162 sec
WARNING:2026-07-18 12:09:27,059:jax._src.dispatch:190: Finished tracing + transforming iota for pjit in 0.000187397 sec
WARNING:2026-07-18 12:09:27,059:jax._src.interpreters.pxla:1912: Compiling iota with global shapes and types []. Argument mapping: ().
WARNING:2026-07-18 12:09:27,061:jax._src.dispatch:190: Finished jaxpr to MLIR module conversion jit(iota) in 0.002014637 sec
WARNING:2026-07-18 12:09:27,111:jax._src.dispatch:190: Finished XLA compilation of jit(iota) in 0.049613476 sec
WARNING:2026-07-18 12:09:27,113:jax._src.dispatch:190: Finished tracing + transforming add for pjit in 0.000362635 sec
WARNING:2026-07-18 12:09:27,113:jax._src.interpreters.pxla:1912: Compiling add with global shapes and types [ShapedArray(int64[1152,1152]), ShapedArray(int64[], weak_type=True)]. Argument mapping: (UnspecifiedValue, UnspecifiedValue).
WARNING:2026-07-18 12:09:27,115:jax._src.dispatch:190: Finished jaxpr to MLIR module conversion jit(add) in 0.002254248 sec
WARNING:2026-07-18 12:09:27,173:jax._src.dispatch:190: Finished XLA compilation of jit(add) in 0.057551384 sec
WARNING:2026-07-18 12:09:27,175:jax._src.dispatch:190: Finished tracing + transforming equal for pjit in 0.000304222 sec
WARNING:2026-07-18 12:09:27,176:jax._src.interpreters.pxla:1912: Compiling equal with global shapes and types [ShapedArray(int64[1152,1152]), ShapedArray(int64[1152,1152])]. Argument mapping: (UnspecifiedValue, UnspecifiedValue).
WARNING:2026-07-18 12:09:27,178:jax._src.dispatch:190: Finished jaxpr to MLIR module conversion jit(equal) in 0.002127171 sec
WARNING:2026-07-18 12:09:27,224:jax._src.dispatch:190: Finished XLA compilation of jit(equal) in 0.045455694 sec
WARNING:2026-07-18 12:09:27,226:jax._src.dispatch:190: Finished tracing + transforming convert_element_type for pjit in 0.000313997 sec
WARNING:2026-07-18 12:09:27,226:jax._src.interpreters.pxla:1912: Compiling convert_element_type with global shapes and types [ShapedArray(bool[1152,1152])]. Argument mapping: (UnspecifiedValue,).
WARNING:2026-07-18 12:09:27,229:jax._src.dispatch:190: Finished jaxpr to MLIR module conversion jit(convert_element_type) in 0.002085447 sec
WARNING:2026-07-18 12:09:27,272:jax._src.dispatch:190: Finished XLA compilation of jit(convert_element_type) in 0.042919159 sec
WARNING:2026-07-18 12:09:27,291:jax._src.dispatch:190: Finished tracing + transforming dynamic_slice for pjit in 0.000241518 sec
WARNING:2026-07-18 12:09:27,291:jax._src.interpreters.pxla:1912: Compiling dynamic_slice with global shapes and types [ShapedArray(float64[8,144]), ShapedArray(int64[], weak_type=True), ShapedArray(int64[], weak_type=True)]. Argument mapping: (UnspecifiedValue, UnspecifiedValue, UnspecifiedValue).
WARNING:2026-07-18 12:09:27,293:jax._src.dispatch:190: Finished jaxpr to MLIR module conversion jit(dynamic_slice) in 0.002087116 sec
WARNING:2026-07-18 12:09:27,338:jax._src.dispatch:190: Finished XLA compilation of jit(dynamic_slice) in 0.044740438 sec
WARNING:2026-07-18 12:09:27,340:jax._src.dispatch:190: Finished tracing + transforming squeeze for pjit in 0.000196218 sec
WARNING:2026-07-18 12:09:27,341:jax._src.interpreters.pxla:1912: Compiling squeeze with global shapes and types [ShapedArray(float64[1,144])]. Argument mapping: (UnspecifiedValue,).
WARNING:2026-07-18 12:09:27,343:jax._src.dispatch:190: Finished jaxpr to MLIR module conversion jit(squeeze) in 0.002121925 sec
WARNING:2026-07-18 12:09:27,350:jax._src.dispatch:190: Finished XLA compilation of jit(squeeze) in 0.006410599 sec
WARNING:2026-07-18 12:09:27,351:jax._src.dispatch:190: Finished tracing + transforming _reduce_max for pjit in 0.000395298 sec
WARNING:2026-07-18 12:09:27,351:jax._src.interpreters.pxla:1912: Compiling _reduce_max with global shapes and types [ShapedArray(float64[144])]. Argument mapping: (UnspecifiedValue,).
WARNING:2026-07-18 12:09:27,353:jax._src.dispatch:190: Finished jaxpr to MLIR module conversion jit(_reduce_max) in 0.001857996 sec
WARNING:2026-07-18 12:09:27,409:jax._src.dispatch:190: Finished XLA compilation of jit(_reduce_max) in 0.055366278 sec
WARNING:2026-07-18 12:09:27,411:jax._src.dispatch:190: Finished tracing + transforming _reduce_min for pjit in 0.000402689 sec
WARNING:2026-07-18 12:09:27,412:jax._src.interpreters.pxla:1912: Compiling _reduce_min with global shapes and types [ShapedArray(float64[144])]. Argument mapping: (UnspecifiedValue,).
WARNING:2026-07-18 12:09:27,414:jax._src.dispatch:190: Finished jaxpr to MLIR module conversion jit(_reduce_min) in 0.002313852 sec
WARNING:2026-07-18 12:09:27,472:jax._src.dispatch:190: Finished XLA compilation of jit(_reduce_min) in 0.057328224 sec
WARNING:2026-07-18 12:09:27,473:jax._src.dispatch:190: Finished tracing + transforming subtract for pjit in 0.000273228 sec
WARNING:2026-07-18 12:09:27,473:jax._src.interpreters.pxla:1912: Compiling subtract with global shapes and types [ShapedArray(float64[]), ShapedArray(float64[])]. Argument mapping: (UnspecifiedValue, UnspecifiedValue).
WARNING:2026-07-18 12:09:27,476:jax._src.dispatch:190: Finished jaxpr to MLIR module conversion jit(subtract) in 0.002051115 sec
WARNING:2026-07-18 12:09:27,540:jax._src.dispatch:190: Finished XLA compilation of jit(subtract) in 0.063550949 sec
WARNING:2026-07-18 12:09:27,541:jax._src.dispatch:190: Finished tracing + transforming add for pjit in 0.000344753 sec
WARNING:2026-07-18 12:09:27,541:jax._src.interpreters.pxla:1912: Compiling add with global shapes and types [ShapedArray(float64[]), ShapedArray(float64[], weak_type=True)]. Argument mapping: (UnspecifiedValue, UnspecifiedValue).
WARNING:2026-07-18 12:09:27,544:jax._src.dispatch:190: Finished jaxpr to MLIR module conversion jit(add) in 0.002046108 sec
WARNING:2026-07-18 12:09:27,605:jax._src.dispatch:190: Finished XLA compilation of jit(add) in 0.060898781 sec
WARNING:2026-07-18 12:09:27,607:jax._src.dispatch:190: Finished tracing + transforming subtract for pjit in 0.000299454 sec
WARNING:2026-07-18 12:09:27,608:jax._src.dispatch:190: Finished tracing + transforming less_equal for pjit in 0.000389814 sec
WARNING:2026-07-18 12:09:27,608:jax._src.dispatch:190: Finished tracing + transforming less for pjit in 0.000297546 sec
WARNING:2026-07-18 12:09:27,609:jax._src.dispatch:190: Finished tracing + transforming bitwise_not for pjit in 0.000138283 sec
WARNING:2026-07-18 12:09:27,609:jax._src.dispatch:190: Finished tracing + transforming logical_and for pjit in 0.000229597 sec
WARNING:2026-07-18 12:09:27,610:jax._src.dispatch:190: Finished tracing + transforming add for pjit in 0.000260353 sec
WARNING:2026-07-18 12:09:27,610:jax._src.dispatch:190: Finished tracing + transforming true_divide for pjit in 0.000256062 sec
WARNING:2026-07-18 12:09:27,611:jax._src.dispatch:190: Finished tracing + transforming add for pjit in 0.000261784 sec
WARNING:2026-07-18 12:09:27,611:jax._src.dispatch:190: Finished tracing + transforming multiply for pjit in 0.000326633 sec
WARNING:2026-07-18 12:09:27,612:jax._src.dispatch:190: Finished tracing + transforming exp for pjit in 0.000158072 sec
WARNING:2026-07-18 12:09:27,612:jax._src.dispatch:190: Finished tracing + transforming multiply for pjit in 0.000278711 sec
WARNING:2026-07-18 12:09:27,613:jax._src.dispatch:190: Finished tracing + transforming negative for pjit in 0.000142574 sec
WARNING:2026-07-18 12:09:27,613:jax._src.dispatch:190: Finished tracing + transforming exp for pjit in 0.000169516 sec
WARNING:2026-07-18 12:09:27,614:jax._src.dispatch:190: Finished tracing + transforming subtract for pjit in 0.000261784 sec
WARNING:2026-07-18 12:09:27,614:jax._src.dispatch:190: Finished tracing + transforming sqrt for pjit in 0.000165462 sec
WARNING:2026-07-18 12:09:27,615:jax._src.dispatch:190: Finished tracing + transforming multiply for pjit in 0.000203371 sec
WARNING:2026-07-18 12:09:27,615:jax._src.dispatch:190: Finished tracing + transforming multiply for pjit in 0.000187635 sec
WARNING:2026-07-18 12:09:27,616:jax._src.dispatch:190: Finished tracing + transforming multiply for pjit in 0.000239134 sec
WARNING:2026-07-18 12:09:27,616:jax._src.dispatch:190: Finished tracing + transforming add for pjit in 0.000183105 sec
WARNING:2026-07-18 12:09:27,617:jax._src.dispatch:190: Finished tracing + transforming _broadcast_arrays for pjit in 0.000282526 sec
WARNING:2026-07-18 12:09:27,617:jax._src.dispatch:190: Finished tracing + transforming _where for pjit in 0.000727654 sec
WARNING:2026-07-18 12:09:27,618:jax._src.dispatch:190: Finished tracing + transforming _broadcast_arrays for pjit in 0.000087023 sec
WARNING:2026-07-18 12:09:27,618:jax._src.dispatch:190: Finished tracing + transforming _where for pjit in 0.000448465 sec
WARNING:2026-07-18 12:09:27,619:jax._src.dispatch:190: Finished tracing + transforming greater_equal for pjit in 0.001182318 sec
WARNING:2026-07-18 12:09:27,620:jax._src.dispatch:190: Finished tracing + transforming _broadcast_arrays for pjit in 0.000242472 sec
WARNING:2026-07-18 12:09:27,620:jax._src.dispatch:190: Finished tracing + transforming _where for pjit in 0.000678778 sec
WARNING:2026-07-18 12:09:27,621:jax._src.dispatch:190: Finished tracing + transforming greater for pjit in 0.000250101 sec
WARNING:2026-07-18 12:09:27,622:jax._src.dispatch:190: Finished tracing + transforming _fun_jit for pjit in 0.015084982 sec
WARNING:2026-07-18 12:09:27,622:jax._src.interpreters.pxla:1912: Compiling _fun_jit with global shapes and types [ShapedArray(float64[8,144])]. Argument mapping: (UnspecifiedValue,).
WARNING:2026-07-18 12:09:27,630:jax._src.dispatch:190: Finished jaxpr to MLIR module conversion jit(_fun_jit) in 0.008265018 sec
WARNING:2026-07-18 12:09:27,713:jax._src.dispatch:190: Finished XLA compilation of jit(_fun_jit) in 0.082035542 sec
WARNING:2026-07-18 12:09:27,716:jax._src.dispatch:190: Finished tracing + transforming transpose for pjit in 0.000336647 sec
WARNING:2026-07-18 12:09:27,716:jax._src.interpreters.pxla:1912: Compiling transpose with global shapes and types [ShapedArray(float64[8,144])]. Argument mapping: (UnspecifiedValue,).
WARNING:2026-07-18 12:09:27,718:jax._src.dispatch:190: Finished jaxpr to MLIR module conversion jit(transpose) in 0.002053738 sec
WARNING:2026-07-18 12:09:27,764:jax._src.dispatch:190: Finished XLA compilation of jit(transpose) in 0.045517445 sec
WARNING:2026-07-18 12:09:27,766:jax._src.dispatch:190: Finished tracing + transforming greater for pjit in 0.000403404 sec
WARNING:2026-07-18 12:09:27,766:jax._src.dispatch:190: Finished tracing + transforming _broadcast_arrays for pjit in 0.000247955 sec
WARNING:2026-07-18 12:09:27,767:jax._src.dispatch:190: Finished tracing + transforming _where for pjit in 0.000779629 sec
WARNING:2026-07-18 12:09:27,767:jax._src.dispatch:190: Finished tracing + transforming negative for pjit in 0.000149727 sec
WARNING:2026-07-18 12:09:27,768:jax._src.dispatch:190: Finished tracing + transforming maximum for pjit in 0.000389814 sec
WARNING:2026-07-18 12:09:27,768:jax._src.dispatch:190: Finished tracing + transforming clip for pjit in 0.000783205 sec
WARNING:2026-07-18 12:09:27,769:jax._src.dispatch:190: Finished tracing + transforming sqrt for pjit in 0.000172138 sec
WARNING:2026-07-18 12:09:27,769:jax._src.dispatch:190: Finished tracing + transforming multiply for pjit in 0.000315666 sec
WARNING:2026-07-18 12:09:27,770:jax._src.dispatch:190: Finished tracing + transforming conjugate for pjit in 0.000170708 sec
WARNING:2026-07-18 12:09:27,771:jax._src.dispatch:190: Finished tracing + transforming _einsum for pjit in 0.000408411 sec
WARNING:2026-07-18 12:09:27,771:jax._src.dispatch:190: Finished tracing + transforming negative for pjit in 0.000154734 sec
WARNING:2026-07-18 12:09:27,771:jax._src.dispatch:190: Finished tracing + transforming swapaxes for pjit in 0.000156879 sec
WARNING:2026-07-18 12:09:27,772:jax._src.dispatch:190: Finished tracing + transforming conjugate for pjit in 0.000250340 sec
WARNING:2026-07-18 12:09:27,772:jax._src.dispatch:190: Finished tracing + transforming add for pjit in 0.000227690 sec
WARNING:2026-07-18 12:09:27,773:jax._src.dispatch:190: Finished tracing + transforming multiply for pjit in 0.000284195 sec
WARNING:2026-07-18 12:09:27,774:jax._src.dispatch:190: Finished tracing + transforming _moveaxis for pjit in 0.000236750 sec
WARNING:2026-07-18 12:09:27,774:jax._src.dispatch:190: Finished tracing + transforming fft for pjit in 0.000168085 sec
WARNING:2026-07-18 12:09:27,776:jax._src.dispatch:190: Finished tracing + transforming multiply for pjit in 0.000358820 sec
WARNING:2026-07-18 12:09:27,776:jax._src.dispatch:190: Finished tracing + transforming _moveaxis for pjit in 0.000206709 sec
WARNING:2026-07-18 12:09:27,777:jax._src.dispatch:190: Finished tracing + transforming _build for pjit in 0.012418747 sec
WARNING:2026-07-18 12:09:27,778:jax._src.interpreters.pxla:1912: Compiling _build with global shapes and types [ShapedArray(complex128[144,8,1152]), ShapedArray(float64[144,8])]. Argument mapping: (NamedSharding(mesh=Mesh('x': 2, 'y': 2, axis_types=(Auto, Auto)), spec=PartitionSpec(), memory_kind=device), UnspecifiedValue).
WARNING:2026-07-18 12:09:27,783:jax._src.dispatch:190: Finished tracing + transforming negative for pjit in 0.000138521 sec
WARNING:2026-07-18 12:09:27,784:jax._src.dispatch:190: Finished tracing + transforming negative for pjit in 0.000249624 sec
WARNING:2026-07-18 12:09:27,787:jax._src.dispatch:190: Finished jaxpr to MLIR module conversion jit(_build) in 0.008836031 sec
WARNING:2026-07-18 12:09:27,949:jax._src.dispatch:190: Finished XLA compilation of jit(_build) in 0.161918879 sec
WARNING:2026-07-18 12:09:29,568:jax._src.dispatch:190: Finished tracing + transforming convert_element_type for pjit in 0.000306845 sec
WARNING:2026-07-18 12:09:29,568:jax._src.interpreters.pxla:1912: Compiling convert_element_type with global shapes and types [ShapedArray(float64[])]. Argument mapping: (UnspecifiedValue,).
WARNING:2026-07-18 12:09:29,571:jax._src.dispatch:190: Finished jaxpr to MLIR module conversion jit(convert_element_type) in 0.002844334 sec
WARNING:2026-07-18 12:09:29,581:jax._src.dispatch:190: Finished XLA compilation of jit(convert_element_type) in 0.009072781 sec
WARNING:2026-07-18 12:09:29,583:jax._src.dispatch:190: Finished tracing + transforming broadcast_in_dim for pjit in 0.000301361 sec
WARNING:2026-07-18 12:09:29,583:jax._src.interpreters.pxla:1912: Compiling broadcast_in_dim with global shapes and types [ShapedArray(float64[])]. Argument mapping: (UnspecifiedValue,).
WARNING:2026-07-18 12:09:29,586:jax._src.dispatch:190: Finished jaxpr to MLIR module conversion jit(broadcast_in_dim) in 0.002510071 sec
WARNING:2026-07-18 12:09:29,648:jax._src.dispatch:190: Finished XLA compilation of jit(broadcast_in_dim) in 0.061932564 sec
WARNING:2026-07-18 12:09:29,650:jax._src.dispatch:190: Finished tracing + transforming concatenate for pjit in 0.000230551 sec
WARNING:2026-07-18 12:09:29,650:jax._src.interpreters.pxla:1912: Compiling concatenate with global shapes and types [ShapedArray(float64[432,3]), ShapedArray(float64[16,3])]. Argument mapping: (UnspecifiedValue, UnspecifiedValue).
WARNING:2026-07-18 12:09:29,652:jax._src.dispatch:190: Finished jaxpr to MLIR module conversion jit(concatenate) in 0.002161980 sec
WARNING:2026-07-18 12:09:29,698:jax._src.dispatch:190: Finished XLA compilation of jit(concatenate) in 0.045274973 sec
WARNING:2026-07-18 12:09:29,700:jax._src.dispatch:190: Finished tracing + transforming dynamic_slice for pjit in 0.000233650 sec
WARNING:2026-07-18 12:09:29,700:jax._src.interpreters.pxla:1912: Compiling dynamic_slice with global shapes and types [ShapedArray(float64[448,3]), ShapedArray(int64[], weak_type=True), ShapedArray(int64[], weak_type=True)]. Argument mapping: (UnspecifiedValue, UnspecifiedValue, UnspecifiedValue).
WARNING:2026-07-18 12:09:29,703:jax._src.dispatch:190: Finished jaxpr to MLIR module conversion jit(dynamic_slice) in 0.002140522 sec
WARNING:2026-07-18 12:09:29,746:jax._src.dispatch:190: Finished XLA compilation of jit(dynamic_slice) in 0.043490887 sec
WARNING:2026-07-18 12:09:29,749:jax._src.dispatch:190: Finished tracing + transforming matmul for pjit in 0.000426054 sec
WARNING:2026-07-18 12:09:29,749:jax._src.dispatch:190: Finished tracing + transforming multiply for pjit in 0.000385046 sec
WARNING:2026-07-18 12:09:29,750:jax._src.dispatch:190: Finished tracing + transforming exp for pjit in 0.000274420 sec
WARNING:2026-07-18 12:09:29,751:jax._src.dispatch:190: Finished tracing + transforming _einsum for pjit in 0.000391960 sec
WARNING:2026-07-18 12:09:29,751:jax._src.dispatch:190: Finished tracing + transforming swapaxes for pjit in 0.000158072 sec
WARNING:2026-07-18 12:09:29,752:jax._src.dispatch:190: Finished tracing + transforming conjugate for pjit in 0.000162840 sec
WARNING:2026-07-18 12:09:29,752:jax._src.dispatch:190: Finished tracing + transforming add for pjit in 0.000223637 sec
WARNING:2026-07-18 12:09:29,753:jax._src.dispatch:190: Finished tracing + transforming multiply for pjit in 0.000288725 sec
WARNING:2026-07-18 12:09:29,754:jax._src.dispatch:190: Finished tracing + transforming true_divide for pjit in 0.000470638 sec
WARNING:2026-07-18 12:09:29,754:jax._src.dispatch:190: Finished tracing + transforming eigh for pjit in 0.001257658 sec
WARNING:2026-07-18 12:09:29,755:jax._src.dispatch:190: Finished tracing + transforming _einsum for pjit in 0.000361443 sec
WARNING:2026-07-18 12:09:29,756:jax._src.dispatch:190: Finished tracing + transforming _q_batch for pjit in 0.007547855 sec
WARNING:2026-07-18 12:09:29,756:jax._src.interpreters.pxla:1912: Compiling _q_batch with global shapes and types [ShapedArray(float64[32,3]), ShapedArray(complex128[144,1152,1152]), ShapedArray(complex128[1152,2,640])]. Argument mapping: (UnspecifiedValue, NamedSharding(mesh=Mesh('x': 2, 'y': 2, axis_types=(Auto, Auto)), spec=PartitionSpec(), memory_kind=device), NamedSharding(mesh=Mesh('x': 2, 'y': 2, axis_types=(Auto, Auto)), spec=PartitionSpec(), memory_kind=device)).
WARNING:2026-07-18 12:09:29,760:jax._src.dispatch:190: Finished tracing + transforming negative for pjit in 0.000143528 sec
WARNING:2026-07-18 12:09:29,763:jax._src.dispatch:190: Finished jaxpr to MLIR module conversion jit(_q_batch) in 0.007003546 sec
WARNING:2026-07-18 12:09:29,936:jax._src.dispatch:190: Finished XLA compilation of jit(_q_batch) in 0.172377586 sec
WARNING:2026-07-18 12:09:39,453:jax._src.dispatch:190: Finished tracing + transforming concatenate for pjit in 0.000334740 sec
WARNING:2026-07-18 12:09:39,453:jax._src.interpreters.pxla:1912: Compiling concatenate with global shapes and types [ShapedArray(float64[32,4]), ShapedArray(float64[32,4]), ShapedArray(float64[32,4]), ShapedArray(float64[32,4]), ShapedArray(float64[32,4]), ShapedArray(float64[32,4]), ShapedArray(float64[32,4]), ShapedArray(float64[32,4]), ShapedArray(float64[32,4]), ShapedArray(float64[32,4]), ShapedArray(float64[32,4]), ShapedArray(float64[32,4]), ShapedArray(float64[32,4]), ShapedArray(float64[32,4])]. Argument mapping: (NamedSharding(mesh=Mesh('x': 2, 'y': 2, axis_types=(Auto, Auto)), spec=PartitionSpec(), memory_kind=device), NamedSharding(mesh=Mesh('x': 2, 'y': 2, axis_types=(Auto, Auto)), spec=PartitionSpec(), memory_kind=device), NamedSharding(mesh=Mesh('x': 2, 'y': 2, axis_types=(Auto, Auto)), spec=PartitionSpec(), memory_kind=device), NamedSharding(mesh=Mesh('x': 2, 'y': 2, axis_types=(Auto, Auto)), spec=PartitionSpec(), memory_kind=device), NamedSharding(mesh=Mesh('x': 2, 'y': 2, axis_types=(Auto, Auto)), spec=PartitionSpec(), memory_kind=device), NamedSharding(mesh=Mesh('x': 2, 'y': 2, axis_types=(Auto, Auto)), spec=PartitionSpec(), memory_kind=device), NamedSharding(mesh=Mesh('x': 2, 'y': 2, axis_types=(Auto, Auto)), spec=PartitionSpec(), memory_kind=device), NamedSharding(mesh=Mesh('x': 2, 'y': 2, axis_types=(Auto, Auto)), spec=PartitionSpec(), memory_kind=device), NamedSharding(mesh=Mesh('x': 2, 'y': 2, axis_types=(Auto, Auto)), spec=PartitionSpec(), memory_kind=device), NamedSharding(mesh=Mesh('x': 2, 'y': 2, axis_types=(Auto, Auto)), spec=PartitionSpec(), memory_kind=device), NamedSharding(mesh=Mesh('x': 2, 'y': 2, axis_types=(Auto, Auto)), spec=PartitionSpec(), memory_kind=device), NamedSharding(mesh=Mesh('x': 2, 'y': 2, axis_types=(Auto, Auto)), spec=PartitionSpec(), memory_kind=device), NamedSharding(mesh=Mesh('x': 2, 'y': 2, axis_types=(Auto, Auto)), spec=PartitionSpec(), memory_kind=device), NamedSharding(mesh=Mesh('x': 2, 'y': 2, axis_types=(Auto, Auto)), spec=PartitionSpec(), memory_kind=device)).
WARNING:2026-07-18 12:09:39,456:jax._src.dispatch:190: Finished jaxpr to MLIR module conversion jit(concatenate) in 0.002721786 sec
WARNING:2026-07-18 12:09:39,533:jax._src.dispatch:190: Finished XLA compilation of jit(concatenate) in 0.076266766 sec
WARNING:2026-07-18 12:09:39,538:jax._src.dispatch:190: Finished tracing + transforming gather for pjit in 0.000240088 sec
WARNING:2026-07-18 12:09:39,539:jax._src.interpreters.pxla:1912: Compiling gather with global shapes and types [ShapedArray(float64[448,4]), ShapedArray(int32[1])]. Argument mapping: (NamedSharding(mesh=Mesh('x': 2, 'y': 2, axis_types=(Auto, Auto)), spec=PartitionSpec(), memory_kind=device), UnspecifiedValue).
WARNING:2026-07-18 12:09:39,541:jax._src.dispatch:190: Finished jaxpr to MLIR module conversion jit(gather) in 0.002300262 sec
WARNING:2026-07-18 12:09:39,593:jax._src.dispatch:190: Finished XLA compilation of jit(gather) in 0.051086903 sec
WARNING:2026-07-18 12:09:39,596:jax._src.dispatch:190: Finished tracing + transforming broadcast_in_dim for pjit in 0.000214577 sec
WARNING:2026-07-18 12:09:39,596:jax._src.interpreters.pxla:1912: Compiling broadcast_in_dim with global shapes and types [ShapedArray(float64[432,4])]. Argument mapping: (NamedSharding(mesh=Mesh('x': 2, 'y': 2, axis_types=(Auto, Auto)), spec=PartitionSpec(), memory_kind=device),).
WARNING:2026-07-18 12:09:39,598:jax._src.dispatch:190: Finished jaxpr to MLIR module conversion jit(broadcast_in_dim) in 0.001868248 sec
WARNING:2026-07-18 12:09:39,604:jax._src.dispatch:190: Finished XLA compilation of jit(broadcast_in_dim) in 0.006001949 sec
WARNING:2026-07-18 12:09:39,607:jax._src.dispatch:190: Finished tracing + transforming concatenate for pjit in 0.000284195 sec
WARNING:2026-07-18 12:09:39,608:jax._src.interpreters.pxla:1912: Compiling concatenate with global shapes and types [ShapedArray(complex128[32,4,2,640]), ShapedArray(complex128[32,4,2,640]), ShapedArray(complex128[32,4,2,640]), ShapedArray(complex128[32,4,2,640]), ShapedArray(complex128[32,4,2,640]), ShapedArray(complex128[32,4,2,640]), ShapedArray(complex128[32,4,2,640]), ShapedArray(complex128[32,4,2,640]), ShapedArray(complex128[32,4,2,640]), ShapedArray(complex128[32,4,2,640]), ShapedArray(complex128[32,4,2,640]), ShapedArray(complex128[32,4,2,640]), ShapedArray(complex128[32,4,2,640]), ShapedArray(complex128[32,4,2,640])]. Argument mapping: (NamedSharding(mesh=Mesh('x': 2, 'y': 2, axis_types=(Auto, Auto)), spec=PartitionSpec(), memory_kind=device), NamedSharding(mesh=Mesh('x': 2, 'y': 2, axis_types=(Auto, Auto)), spec=PartitionSpec(), memory_kind=device), NamedSharding(mesh=Mesh('x': 2, 'y': 2, axis_types=(Auto, Auto)), spec=PartitionSpec(), memory_kind=device), NamedSharding(mesh=Mesh('x': 2, 'y': 2, axis_types=(Auto, Auto)), spec=PartitionSpec(), memory_kind=device), NamedSharding(mesh=Mesh('x': 2, 'y': 2, axis_types=(Auto, Auto)), spec=PartitionSpec(), memory_kind=device), NamedSharding(mesh=Mesh('x': 2, 'y': 2, axis_types=(Auto, Auto)), spec=PartitionSpec(), memory_kind=device), NamedSharding(mesh=Mesh('x': 2, 'y': 2, axis_types=(Auto, Auto)), spec=PartitionSpec(), memory_kind=device), NamedSharding(mesh=Mesh('x': 2, 'y': 2, axis_types=(Auto, Auto)), spec=PartitionSpec(), memory_kind=device), NamedSharding(mesh=Mesh('x': 2, 'y': 2, axis_types=(Auto, Auto)), spec=PartitionSpec(), memory_kind=device), NamedSharding(mesh=Mesh('x': 2, 'y': 2, axis_types=(Auto, Auto)), spec=PartitionSpec(), memory_kind=device), NamedSharding(mesh=Mesh('x': 2, 'y': 2, axis_types=(Auto, Auto)), spec=PartitionSpec(), memory_kind=device), NamedSharding(mesh=Mesh('x': 2, 'y': 2, axis_types=(Auto, Auto)), spec=PartitionSpec(), memory_kind=device), NamedSharding(mesh=Mesh('x': 2, 'y': 2, axis_types=(Auto, Auto)), spec=PartitionSpec(), memory_kind=device), NamedSharding(mesh=Mesh('x': 2, 'y': 2, axis_types=(Auto, Auto)), spec=PartitionSpec(), memory_kind=device)).
WARNING:2026-07-18 12:09:39,610:jax._src.dispatch:190: Finished jaxpr to MLIR module conversion jit(concatenate) in 0.002072334 sec
WARNING:2026-07-18 12:09:39,689:jax._src.dispatch:190: Finished XLA compilation of jit(concatenate) in 0.078729391 sec
WARNING:2026-07-18 12:09:39,698:jax._src.dispatch:190: Finished tracing + transforming gather for pjit in 0.000239372 sec
WARNING:2026-07-18 12:09:39,698:jax._src.interpreters.pxla:1912: Compiling gather with global shapes and types [ShapedArray(complex128[448,4,2,640]), ShapedArray(int32[1])]. Argument mapping: (NamedSharding(mesh=Mesh('x': 2, 'y': 2, axis_types=(Auto, Auto)), spec=PartitionSpec(), memory_kind=device), UnspecifiedValue).
WARNING:2026-07-18 12:09:39,700:jax._src.dispatch:190: Finished jaxpr to MLIR module conversion jit(gather) in 0.002195597 sec
WARNING:2026-07-18 12:09:39,748:jax._src.dispatch:190: Finished XLA compilation of jit(gather) in 0.047311068 sec
WARNING:2026-07-18 12:09:39,753:jax._src.dispatch:190: Finished tracing + transforming broadcast_in_dim for pjit in 0.000273705 sec
WARNING:2026-07-18 12:09:39,754:jax._src.interpreters.pxla:1912: Compiling broadcast_in_dim with global shapes and types [ShapedArray(complex128[432,4,2,640])]. Argument mapping: (NamedSharding(mesh=Mesh('x': 2, 'y': 2, axis_types=(Auto, Auto)), spec=PartitionSpec(), memory_kind=device),).
WARNING:2026-07-18 12:09:39,755:jax._src.dispatch:190: Finished jaxpr to MLIR module conversion jit(broadcast_in_dim) in 0.001849651 sec
WARNING:2026-07-18 12:09:39,762:jax._src.dispatch:190: Finished XLA compilation of jit(broadcast_in_dim) in 0.006259918 sec
WARNING:2026-07-18 12:09:39,769:jax._src.dispatch:190: Finished tracing + transforming real for pjit in 0.000106573 sec
WARNING:2026-07-18 12:09:39,770:jax._src.dispatch:190: Finished tracing + transforming add for pjit in 0.000332594 sec
WARNING:2026-07-18 12:09:39,771:jax._src.dispatch:190: Finished tracing + transforming add for pjit in 0.000380516 sec
WARNING:2026-07-18 12:09:39,772:jax._src.dispatch:190: Finished tracing + transforming subtract for pjit in 0.000366688 sec
WARNING:2026-07-18 12:09:39,773:jax._src.dispatch:190: Finished tracing + transforming less_equal for pjit in 0.000293493 sec
WARNING:2026-07-18 12:09:39,774:jax._src.dispatch:190: Finished tracing + transforming less for pjit in 0.000342131 sec
WARNING:2026-07-18 12:09:39,774:jax._src.dispatch:190: Finished tracing + transforming bitwise_not for pjit in 0.000164270 sec
WARNING:2026-07-18 12:09:39,775:jax._src.dispatch:190: Finished tracing + transforming logical_and for pjit in 0.000232935 sec
WARNING:2026-07-18 12:09:39,776:jax._src.dispatch:190: Finished tracing + transforming true_divide for pjit in 0.000257492 sec
WARNING:2026-07-18 12:09:39,776:jax._src.dispatch:190: Finished tracing + transforming add for pjit in 0.000256777 sec
WARNING:2026-07-18 12:09:39,777:jax._src.dispatch:190: Finished tracing + transforming multiply for pjit in 0.000246525 sec
WARNING:2026-07-18 12:09:39,778:jax._src.dispatch:190: Finished tracing + transforming multiply for pjit in 0.000355721 sec
WARNING:2026-07-18 12:09:39,779:jax._src.dispatch:190: Finished tracing + transforming negative for pjit in 0.000161409 sec
WARNING:2026-07-18 12:09:39,779:jax._src.dispatch:190: Finished tracing + transforming exp for pjit in 0.000164747 sec
WARNING:2026-07-18 12:09:39,780:jax._src.dispatch:190: Finished tracing + transforming subtract for pjit in 0.000247955 sec
WARNING:2026-07-18 12:09:39,782:jax._src.dispatch:190: Finished tracing + transforming multiply for pjit in 0.000227451 sec
WARNING:2026-07-18 12:09:39,783:jax._src.dispatch:190: Finished tracing + transforming add for pjit in 0.000201225 sec
WARNING:2026-07-18 12:09:39,784:jax._src.dispatch:190: Finished tracing + transforming _broadcast_arrays for pjit in 0.000208139 sec
WARNING:2026-07-18 12:09:39,784:jax._src.dispatch:190: Finished tracing + transforming _where for pjit in 0.000744343 sec
WARNING:2026-07-18 12:09:39,785:jax._src.dispatch:190: Finished tracing + transforming _broadcast_arrays for pjit in 0.000093222 sec
WARNING:2026-07-18 12:09:39,785:jax._src.dispatch:190: Finished tracing + transforming _where for pjit in 0.000478983 sec
WARNING:2026-07-18 12:09:39,785:jax._src.dispatch:190: Finished tracing + transforming greater_equal for pjit in 0.000280857 sec
WARNING:2026-07-18 12:09:39,786:jax._src.dispatch:190: Finished tracing + transforming _broadcast_arrays for pjit in 0.000214577 sec
WARNING:2026-07-18 12:09:39,786:jax._src.dispatch:190: Finished tracing + transforming _where for pjit in 0.000726461 sec
WARNING:2026-07-18 12:09:39,787:jax._src.dispatch:190: Finished tracing + transforming greater for pjit in 0.000302076 sec
WARNING:2026-07-18 12:09:39,788:jax._src.dispatch:190: Finished tracing + transforming _fun_jit for pjit in 0.016846180 sec
WARNING:2026-07-18 12:09:39,789:jax._src.dispatch:190: Finished tracing + transforming subtract for pjit in 0.000416517 sec
WARNING:2026-07-18 12:09:39,793:jax._src.dispatch:190: Finished tracing + transforming _dfun_jit for pjit in 0.004091501 sec
WARNING:2026-07-18 12:09:39,794:jax._src.dispatch:190: Finished tracing + transforming absolute for pjit in 0.000207901 sec
WARNING:2026-07-18 12:09:39,794:jax._src.dispatch:190: Finished tracing + transforming abs for pjit in 0.000690937 sec
WARNING:2026-07-18 12:09:39,795:jax._src.dispatch:190: Finished tracing + transforming greater for pjit in 0.000564814 sec
WARNING:2026-07-18 12:09:39,796:jax._src.dispatch:190: Finished tracing + transforming true_divide for pjit in 0.000396013 sec
WARNING:2026-07-18 12:09:39,797:jax._src.dispatch:190: Finished tracing + transforming maximum for pjit in 0.000287294 sec
WARNING:2026-07-18 12:09:39,798:jax._src.dispatch:190: Finished tracing + transforming minimum for pjit in 0.000339985 sec
WARNING:2026-07-18 12:09:39,798:jax._src.dispatch:190: Finished tracing + transforming clip for pjit in 0.001813412 sec
WARNING:2026-07-18 12:09:39,815:jax._src.dispatch:190: Finished tracing + transforming _inv for pjit in 0.047473431 sec
WARNING:2026-07-18 12:09:39,816:jax._src.interpreters.pxla:1912: Compiling _inv with global shapes and types [ShapedArray(float64[432,4])]. Argument mapping: (NamedSharding(mesh=Mesh('x': 2, 'y': 2, axis_types=(Auto, Auto)), spec=PartitionSpec(), memory_kind=device),).
WARNING:2026-07-18 12:09:39,819:jax._src.dispatch:190: Finished tracing + transforming less for pjit in 0.000347853 sec
WARNING:2026-07-18 12:09:39,819:jax._src.dispatch:190: Finished tracing + transforming add for pjit in 0.000275850 sec
WARNING:2026-07-18 12:09:39,837:jax._src.dispatch:190: Finished jaxpr to MLIR module conversion jit(_inv) in 0.021163464 sec
WARNING:2026-07-18 12:09:39,954:jax._src.dispatch:190: Finished XLA compilation of jit(_inv) in 0.116440058 sec
WARNING:2026-07-18 12:09:39,965:jax._src.dispatch:190: Finished tracing + transforming _make_bundle for pjit in 0.000497103 sec
WARNING:2026-07-18 12:09:39,966:jax._src.interpreters.pxla:1912: Compiling _make_bundle with global shapes and types [ShapedArray(complex128[432,4,2,640])]. Argument mapping: (NamedSharding(mesh=Mesh('x': 2, 'y': 2, axis_types=(Auto, Auto)), spec=PartitionSpec(), memory_kind=device),).
WARNING:2026-07-18 12:09:39,968:jax._src.dispatch:190: Finished jaxpr to MLIR module conversion jit(_make_bundle) in 0.002605438 sec
WARNING:2026-07-18 12:09:40,042:jax._src.dispatch:190: Finished XLA compilation of jit(_make_bundle) in 0.073005676 sec
WARNING:2026-07-18 12:09:40,109:jax._src.dispatch:190: Finished tracing + transforming _multi_slice for pjit in 0.000437260 sec
WARNING:2026-07-18 12:09:40,110:jax._src.interpreters.pxla:1912: Compiling _multi_slice with global shapes and types [ShapedArray(complex128[3,144,4,2,640])]. Argument mapping: (UnspecifiedValue,).
WARNING:2026-07-18 12:09:40,112:jax._src.dispatch:190: Finished jaxpr to MLIR module conversion jit(_multi_slice) in 0.002440929 sec
WARNING:2026-07-18 12:09:40,183:jax._src.dispatch:190: Finished XLA compilation of jit(_multi_slice) in 0.070485830 sec
WARNING:2026-07-18 12:09:40,193:jax._src.dispatch:190: Finished tracing + transforming _multi_slice for pjit in 0.000389099 sec
WARNING:2026-07-18 12:09:40,193:jax._src.interpreters.pxla:1912: Compiling _multi_slice with global shapes and types [ShapedArray(complex128[3,144,4,2,640])]. Argument mapping: (UnspecifiedValue,).
WARNING:2026-07-18 12:09:40,195:jax._src.dispatch:190: Finished jaxpr to MLIR module conversion jit(_multi_slice) in 0.002168179 sec
WARNING:2026-07-18 12:09:40,255:jax._src.dispatch:190: Finished XLA compilation of jit(_multi_slice) in 0.059665680 sec
WARNING:2026-07-18 12:10:08,819:jax._src.dispatch:190: Finished tracing + transforming conjugate for pjit in 0.000211716 sec
WARNING:2026-07-18 12:10:08,819:jax._src.dispatch:190: Finished tracing + transforming true_divide for pjit in 0.000335455 sec
WARNING:2026-07-18 12:10:08,820:jax._src.dispatch:190: Finished tracing + transforming eigh for pjit in 0.001752138 sec
WARNING:2026-07-18 12:10:08,820:jax._src.interpreters.pxla:1912: Compiling eigh with global shapes and types [ShapedArray(complex128[640,640])]. Argument mapping: (NamedSharding(mesh=Mesh('x': 2, 'y': 2, axis_types=(Auto, Auto)), spec=PartitionSpec('x', 'y'), memory_kind=device),).
WARNING:2026-07-18 12:10:08,824:jax._src.dispatch:190: Finished tracing + transforming negative for pjit in 0.000285864 sec
WARNING:2026-07-18 12:10:08,825:jax._src.dispatch:190: Finished jaxpr to MLIR module conversion jit(eigh) in 0.005012274 sec
WARNING:2026-07-18 12:10:08,979:jax._src.dispatch:190: Finished XLA compilation of jit(eigh) in 0.152662277 sec
WARNING:2026-07-18 12:10:09,016:jax._src.dispatch:190: Finished tracing + transforming _multi_slice for pjit in 0.000453949 sec
WARNING:2026-07-18 12:10:09,017:jax._src.interpreters.pxla:1912: Compiling _multi_slice with global shapes and types [ShapedArray(complex128[640,1947])]. Argument mapping: (UnspecifiedValue,).
WARNING:2026-07-18 12:10:09,019:jax._src.dispatch:190: Finished jaxpr to MLIR module conversion jit(_multi_slice) in 0.002496243 sec
WARNING:2026-07-18 12:10:09,082:jax._src.dispatch:190: Finished XLA compilation of jit(_multi_slice) in 0.061763048 sec
WARNING:2026-07-18 12:10:09,096:jax._src.dispatch:190: Finished tracing + transforming _reduce_max for pjit in 0.000369310 sec
WARNING:2026-07-18 12:10:09,096:jax._src.dispatch:190: Finished tracing + transforming multiply for pjit in 0.000288248 sec
WARNING:2026-07-18 12:10:09,098:jax._src.dispatch:190: Finished tracing + transforming add for pjit in 0.001209259 sec
WARNING:2026-07-18 12:10:09,098:jax._src.dispatch:190: Finished tracing + transforming true_divide for pjit in 0.000229359 sec
WARNING:2026-07-18 12:10:09,099:jax._src.dispatch:190: Finished tracing + transforming multiply for pjit in 0.000303030 sec
WARNING:2026-07-18 12:10:09,100:jax._src.dispatch:190: Finished tracing + transforming matmul for pjit in 0.000364780 sec
WARNING:2026-07-18 12:10:09,100:jax._src.dispatch:190: Finished tracing + transforming conjugate for pjit in 0.000181198 sec
WARNING:2026-07-18 12:10:09,101:jax._src.dispatch:190: Finished tracing + transforming matmul for pjit in 0.000313759 sec
WARNING:2026-07-18 12:10:09,102:jax._src.dispatch:190: Finished tracing + transforming subtract for pjit in 0.000213146 sec
WARNING:2026-07-18 12:10:09,102:jax._src.dispatch:190: Finished tracing + transforming matmul for pjit in 0.000396729 sec
WARNING:2026-07-18 12:10:09,103:jax._src.dispatch:190: Finished tracing + transforming _clean_split for pjit in 0.007963896 sec
WARNING:2026-07-18 12:10:09,103:jax._src.interpreters.pxla:1912: Compiling _clean_split with global shapes and types [ShapedArray(float64[640]), ShapedArray(complex128[640,640]), ShapedArray(complex128[640,1947]), ShapedArray(complex128[640,1947]), ShapedArray(complex128[640,1947])]. Argument mapping: (NamedSharding(mesh=Mesh('x': 2, 'y': 2, axis_types=(Auto, Auto)), spec=PartitionSpec(), memory_kind=device), NamedSharding(mesh=Mesh('x': 2, 'y': 2, axis_types=(Auto, Auto)), spec=PartitionSpec(), memory_kind=device), NamedSharding(mesh=Mesh('x': 2, 'y': 2, axis_types=(Auto, Auto)), spec=PartitionSpec('x', None), memory_kind=device), NamedSharding(mesh=Mesh('x': 2, 'y': 2, axis_types=(Auto, Auto)), spec=PartitionSpec('x', None), memory_kind=device), NamedSharding(mesh=Mesh('x': 2, 'y': 2, axis_types=(Auto, Auto)), spec=PartitionSpec('x', None), memory_kind=device)).
WARNING:2026-07-18 12:10:09,109:jax._src.dispatch:190: Finished tracing + transforming negative for pjit in 0.000160933 sec
WARNING:2026-07-18 12:10:09,112:jax._src.dispatch:190: Finished jaxpr to MLIR module conversion jit(_clean_split) in 0.008257389 sec
WARNING:2026-07-18 12:10:09,257:jax._src.dispatch:190: Finished XLA compilation of jit(_clean_split) in 0.144445896 sec
WARNING:2026-07-18 12:10:09,351:jax._src.dispatch:190: Finished tracing + transforming _multi_slice for pjit in 0.000442028 sec
WARNING:2026-07-18 12:10:09,352:jax._src.interpreters.pxla:1912: Compiling _multi_slice with global shapes and types [ShapedArray(complex128[640,1941])]. Argument mapping: (UnspecifiedValue,).
WARNING:2026-07-18 12:10:09,354:jax._src.dispatch:190: Finished jaxpr to MLIR module conversion jit(_multi_slice) in 0.002454996 sec
WARNING:2026-07-18 12:10:09,415:jax._src.dispatch:190: Finished XLA compilation of jit(_multi_slice) in 0.060578585 sec
WARNING:2026-07-18 12:10:09,431:jax._src.dispatch:190: Finished tracing + transforming conjugate for pjit in 0.000296116 sec
WARNING:2026-07-18 12:10:09,431:jax._src.dispatch:190: Finished tracing + transforming matmul for pjit in 0.000361204 sec
WARNING:2026-07-18 12:10:09,432:jax._src.dispatch:190: Finished tracing + transforming matmul for pjit in 0.000325680 sec
WARNING:2026-07-18 12:10:09,433:jax._src.dispatch:190: Finished tracing + transforming _clean_split for pjit in 0.004081488 sec
WARNING:2026-07-18 12:10:09,433:jax._src.interpreters.pxla:1912: Compiling _clean_split with global shapes and types [ShapedArray(float64[640]), ShapedArray(complex128[640,640]), ShapedArray(complex128[640,1941]), ShapedArray(complex128[640,1941]), ShapedArray(complex128[640,1941])]. Argument mapping: (NamedSharding(mesh=Mesh('x': 2, 'y': 2, axis_types=(Auto, Auto)), spec=PartitionSpec(), memory_kind=device), NamedSharding(mesh=Mesh('x': 2, 'y': 2, axis_types=(Auto, Auto)), spec=PartitionSpec(), memory_kind=device), NamedSharding(mesh=Mesh('x': 2, 'y': 2, axis_types=(Auto, Auto)), spec=PartitionSpec('x', None), memory_kind=device), NamedSharding(mesh=Mesh('x': 2, 'y': 2, axis_types=(Auto, Auto)), spec=PartitionSpec('x', None), memory_kind=device), NamedSharding(mesh=Mesh('x': 2, 'y': 2, axis_types=(Auto, Auto)), spec=PartitionSpec('x', None), memory_kind=device)).
WARNING:2026-07-18 12:10:09,439:jax._src.dispatch:190: Finished tracing + transforming negative for pjit in 0.000142813 sec
WARNING:2026-07-18 12:10:09,442:jax._src.dispatch:190: Finished jaxpr to MLIR module conversion jit(_clean_split) in 0.008248329 sec
WARNING:2026-07-18 12:10:09,592:jax._src.dispatch:190: Finished XLA compilation of jit(_clean_split) in 0.149434805 sec
WARNING:2026-07-18 12:10:09,847:jax._src.dispatch:190: Finished tracing + transforming _multi_slice for pjit in 0.000570297 sec
WARNING:2026-07-18 12:10:09,848:jax._src.interpreters.pxla:1912: Compiling _multi_slice with global shapes and types [ShapedArray(complex128[640,1963])]. Argument mapping: (UnspecifiedValue,).
WARNING:2026-07-18 12:10:09,850:jax._src.dispatch:190: Finished jaxpr to MLIR module conversion jit(_multi_slice) in 0.002440453 sec
WARNING:2026-07-18 12:10:09,911:jax._src.dispatch:190: Finished XLA compilation of jit(_multi_slice) in 0.059748411 sec
WARNING:2026-07-18 12:10:09,925:jax._src.dispatch:190: Finished tracing + transforming conjugate for pjit in 0.000207186 sec
WARNING:2026-07-18 12:10:09,926:jax._src.dispatch:190: Finished tracing + transforming matmul for pjit in 0.000353575 sec
WARNING:2026-07-18 12:10:09,927:jax._src.dispatch:190: Finished tracing + transforming matmul for pjit in 0.000323772 sec
WARNING:2026-07-18 12:10:09,927:jax._src.dispatch:190: Finished tracing + transforming _clean_split for pjit in 0.004004240 sec
WARNING:2026-07-18 12:10:09,928:jax._src.interpreters.pxla:1912: Compiling _clean_split with global shapes and types [ShapedArray(float64[640]), ShapedArray(complex128[640,640]), ShapedArray(complex128[640,1963]), ShapedArray(complex128[640,1963]), ShapedArray(complex128[640,1963])]. Argument mapping: (NamedSharding(mesh=Mesh('x': 2, 'y': 2, axis_types=(Auto, Auto)), spec=PartitionSpec(), memory_kind=device), NamedSharding(mesh=Mesh('x': 2, 'y': 2, axis_types=(Auto, Auto)), spec=PartitionSpec(), memory_kind=device), NamedSharding(mesh=Mesh('x': 2, 'y': 2, axis_types=(Auto, Auto)), spec=PartitionSpec('x', None), memory_kind=device), NamedSharding(mesh=Mesh('x': 2, 'y': 2, axis_types=(Auto, Auto)), spec=PartitionSpec('x', None), memory_kind=device), NamedSharding(mesh=Mesh('x': 2, 'y': 2, axis_types=(Auto, Auto)), spec=PartitionSpec('x', None), memory_kind=device)).
WARNING:2026-07-18 12:10:09,934:jax._src.dispatch:190: Finished tracing + transforming negative for pjit in 0.000143290 sec
WARNING:2026-07-18 12:10:09,936:jax._src.dispatch:190: Finished jaxpr to MLIR module conversion jit(_clean_split) in 0.008249760 sec
WARNING:2026-07-18 12:10:10,597:jax._src.dispatch:190: Finished XLA compilation of jit(_clean_split) in 0.660473347 sec
WARNING:2026-07-18 12:10:10,686:jax._src.dispatch:190: Finished tracing + transforming _multi_slice for pjit in 0.000444889 sec
WARNING:2026-07-18 12:10:10,686:jax._src.interpreters.pxla:1912: Compiling _multi_slice with global shapes and types [ShapedArray(complex128[640,1955])]. Argument mapping: (UnspecifiedValue,).
WARNING:2026-07-18 12:10:10,689:jax._src.dispatch:190: Finished jaxpr to MLIR module conversion jit(_multi_slice) in 0.002469063 sec
WARNING:2026-07-18 12:10:10,758:jax._src.dispatch:190: Finished XLA compilation of jit(_multi_slice) in 0.068803787 sec
WARNING:2026-07-18 12:10:10,773:jax._src.dispatch:190: Finished tracing + transforming conjugate for pjit in 0.000215530 sec
WARNING:2026-07-18 12:10:10,774:jax._src.dispatch:190: Finished tracing + transforming matmul for pjit in 0.000353813 sec
WARNING:2026-07-18 12:10:10,775:jax._src.dispatch:190: Finished tracing + transforming matmul for pjit in 0.000321388 sec
WARNING:2026-07-18 12:10:10,776:jax._src.dispatch:190: Finished tracing + transforming _clean_split for pjit in 0.004034042 sec
WARNING:2026-07-18 12:10:10,776:jax._src.interpreters.pxla:1912: Compiling _clean_split with global shapes and types [ShapedArray(float64[640]), ShapedArray(complex128[640,640]), ShapedArray(complex128[640,1955]), ShapedArray(complex128[640,1955]), ShapedArray(complex128[640,1955])]. Argument mapping: (NamedSharding(mesh=Mesh('x': 2, 'y': 2, axis_types=(Auto, Auto)), spec=PartitionSpec(), memory_kind=device), NamedSharding(mesh=Mesh('x': 2, 'y': 2, axis_types=(Auto, Auto)), spec=PartitionSpec(), memory_kind=device), NamedSharding(mesh=Mesh('x': 2, 'y': 2, axis_types=(Auto, Auto)), spec=PartitionSpec('x', None), memory_kind=device), NamedSharding(mesh=Mesh('x': 2, 'y': 2, axis_types=(Auto, Auto)), spec=PartitionSpec('x', None), memory_kind=device), NamedSharding(mesh=Mesh('x': 2, 'y': 2, axis_types=(Auto, Auto)), spec=PartitionSpec('x', None), memory_kind=device)).
WARNING:2026-07-18 12:10:10,782:jax._src.dispatch:190: Finished tracing + transforming negative for pjit in 0.000250101 sec
WARNING:2026-07-18 12:10:10,785:jax._src.dispatch:190: Finished jaxpr to MLIR module conversion jit(_clean_split) in 0.008350134 sec
WARNING:2026-07-18 12:10:10,937:jax._src.dispatch:190: Finished XLA compilation of jit(_clean_split) in 0.151976585 sec
WARNING:2026-07-18 12:10:11,022:jax._src.dispatch:190: Finished tracing + transforming _multi_slice for pjit in 0.000472784 sec
WARNING:2026-07-18 12:10:11,022:jax._src.interpreters.pxla:1912: Compiling _multi_slice with global shapes and types [ShapedArray(complex128[640,1964])]. Argument mapping: (UnspecifiedValue,).
WARNING:2026-07-18 12:10:11,025:jax._src.dispatch:190: Finished jaxpr to MLIR module conversion jit(_multi_slice) in 0.002501249 sec
WARNING:2026-07-18 12:10:11,083:jax._src.dispatch:190: Finished XLA compilation of jit(_multi_slice) in 0.057846785 sec
WARNING:2026-07-18 12:10:11,098:jax._src.dispatch:190: Finished tracing + transforming conjugate for pjit in 0.000196934 sec
WARNING:2026-07-18 12:10:11,099:jax._src.dispatch:190: Finished tracing + transforming matmul for pjit in 0.000479221 sec
WARNING:2026-07-18 12:10:11,100:jax._src.dispatch:190: Finished tracing + transforming matmul for pjit in 0.000330448 sec
WARNING:2026-07-18 12:10:11,100:jax._src.dispatch:190: Finished tracing + transforming _clean_split for pjit in 0.004020691 sec
WARNING:2026-07-18 12:10:11,101:jax._src.interpreters.pxla:1912: Compiling _clean_split with global shapes and types [ShapedArray(float64[640]), ShapedArray(complex128[640,640]), ShapedArray(complex128[640,1964]), ShapedArray(complex128[640,1964]), ShapedArray(complex128[640,1964])]. Argument mapping: (NamedSharding(mesh=Mesh('x': 2, 'y': 2, axis_types=(Auto, Auto)), spec=PartitionSpec(), memory_kind=device), NamedSharding(mesh=Mesh('x': 2, 'y': 2, axis_types=(Auto, Auto)), spec=PartitionSpec(), memory_kind=device), NamedSharding(mesh=Mesh('x': 2, 'y': 2, axis_types=(Auto, Auto)), spec=PartitionSpec('x', None), memory_kind=device), NamedSharding(mesh=Mesh('x': 2, 'y': 2, axis_types=(Auto, Auto)), spec=PartitionSpec('x', None), memory_kind=device), NamedSharding(mesh=Mesh('x': 2, 'y': 2, axis_types=(Auto, Auto)), spec=PartitionSpec('x', None), memory_kind=device)).
WARNING:2026-07-18 12:10:11,107:jax._src.dispatch:190: Finished tracing + transforming negative for pjit in 0.000142097 sec
WARNING:2026-07-18 12:10:11,110:jax._src.dispatch:190: Finished jaxpr to MLIR module conversion jit(_clean_split) in 0.008233309 sec
WARNING:2026-07-18 12:10:11,257:jax._src.dispatch:190: Finished XLA compilation of jit(_clean_split) in 0.147114754 sec
WARNING:2026-07-18 12:10:11,878:jax._src.dispatch:190: Finished tracing + transforming _multi_slice for pjit in 0.000706434 sec
WARNING:2026-07-18 12:10:11,879:jax._src.interpreters.pxla:1912: Compiling _multi_slice with global shapes and types [ShapedArray(complex128[640,1961])]. Argument mapping: (UnspecifiedValue,).
WARNING:2026-07-18 12:10:11,882:jax._src.dispatch:190: Finished jaxpr to MLIR module conversion jit(_multi_slice) in 0.003290176 sec
WARNING:2026-07-18 12:10:11,991:jax._src.dispatch:190: Finished XLA compilation of jit(_multi_slice) in 0.108371258 sec
WARNING:2026-07-18 12:10:12,006:jax._src.dispatch:190: Finished tracing + transforming conjugate for pjit in 0.000201702 sec
WARNING:2026-07-18 12:10:12,006:jax._src.dispatch:190: Finished tracing + transforming matmul for pjit in 0.000362873 sec
WARNING:2026-07-18 12:10:12,007:jax._src.dispatch:190: Finished tracing + transforming matmul for pjit in 0.000318766 sec
WARNING:2026-07-18 12:10:12,008:jax._src.dispatch:190: Finished tracing + transforming _clean_split for pjit in 0.004717112 sec
WARNING:2026-07-18 12:10:12,009:jax._src.interpreters.pxla:1912: Compiling _clean_split with global shapes and types [ShapedArray(float64[640]), ShapedArray(complex128[640,640]), ShapedArray(complex128[640,1961]), ShapedArray(complex128[640,1961]), ShapedArray(complex128[640,1961])]. Argument mapping: (NamedSharding(mesh=Mesh('x': 2, 'y': 2, axis_types=(Auto, Auto)), spec=PartitionSpec(), memory_kind=device), NamedSharding(mesh=Mesh('x': 2, 'y': 2, axis_types=(Auto, Auto)), spec=PartitionSpec(), memory_kind=device), NamedSharding(mesh=Mesh('x': 2, 'y': 2, axis_types=(Auto, Auto)), spec=PartitionSpec('x', None), memory_kind=device), NamedSharding(mesh=Mesh('x': 2, 'y': 2, axis_types=(Auto, Auto)), spec=PartitionSpec('x', None), memory_kind=device), NamedSharding(mesh=Mesh('x': 2, 'y': 2, axis_types=(Auto, Auto)), spec=PartitionSpec('x', None), memory_kind=device)).
WARNING:2026-07-18 12:10:12,015:jax._src.dispatch:190: Finished tracing + transforming negative for pjit in 0.000141144 sec
WARNING:2026-07-18 12:10:12,018:jax._src.dispatch:190: Finished jaxpr to MLIR module conversion jit(_clean_split) in 0.008328438 sec
WARNING:2026-07-18 12:10:12,169:jax._src.dispatch:190: Finished XLA compilation of jit(_clean_split) in 0.151388645 sec
WARNING:2026-07-18 12:10:12,253:jax._src.dispatch:190: Finished tracing + transforming _multi_slice for pjit in 0.000465870 sec
WARNING:2026-07-18 12:10:12,253:jax._src.interpreters.pxla:1912: Compiling _multi_slice with global shapes and types [ShapedArray(complex128[640,1949])]. Argument mapping: (UnspecifiedValue,).
WARNING:2026-07-18 12:10:12,256:jax._src.dispatch:190: Finished jaxpr to MLIR module conversion jit(_multi_slice) in 0.002474308 sec
WARNING:2026-07-18 12:10:12,312:jax._src.dispatch:190: Finished XLA compilation of jit(_multi_slice) in 0.056476116 sec
WARNING:2026-07-18 12:10:12,327:jax._src.dispatch:190: Finished tracing + transforming conjugate for pjit in 0.000193834 sec
WARNING:2026-07-18 12:10:12,328:jax._src.dispatch:190: Finished tracing + transforming matmul for pjit in 0.000354290 sec
WARNING:2026-07-18 12:10:12,329:jax._src.dispatch:190: Finished tracing + transforming matmul for pjit in 0.000317812 sec
WARNING:2026-07-18 12:10:12,329:jax._src.dispatch:190: Finished tracing + transforming _clean_split for pjit in 0.004029036 sec
WARNING:2026-07-18 12:10:12,330:jax._src.interpreters.pxla:1912: Compiling _clean_split with global shapes and types [ShapedArray(float64[640]), ShapedArray(complex128[640,640]), ShapedArray(complex128[640,1949]), ShapedArray(complex128[640,1949]), ShapedArray(complex128[640,1949])]. Argument mapping: (NamedSharding(mesh=Mesh('x': 2, 'y': 2, axis_types=(Auto, Auto)), spec=PartitionSpec(), memory_kind=device), NamedSharding(mesh=Mesh('x': 2, 'y': 2, axis_types=(Auto, Auto)), spec=PartitionSpec(), memory_kind=device), NamedSharding(mesh=Mesh('x': 2, 'y': 2, axis_types=(Auto, Auto)), spec=PartitionSpec('x', None), memory_kind=device), NamedSharding(mesh=Mesh('x': 2, 'y': 2, axis_types=(Auto, Auto)), spec=PartitionSpec('x', None), memory_kind=device), NamedSharding(mesh=Mesh('x': 2, 'y': 2, axis_types=(Auto, Auto)), spec=PartitionSpec('x', None), memory_kind=device)).
WARNING:2026-07-18 12:10:12,336:jax._src.dispatch:190: Finished tracing + transforming negative for pjit in 0.000140429 sec
WARNING:2026-07-18 12:10:12,339:jax._src.dispatch:190: Finished jaxpr to MLIR module conversion jit(_clean_split) in 0.008319616 sec
WARNING:2026-07-18 12:10:12,495:jax._src.dispatch:190: Finished XLA compilation of jit(_clean_split) in 0.155673981 sec
WARNING:2026-07-18 12:10:12,581:jax._src.dispatch:190: Finished tracing + transforming _multi_slice for pjit in 0.000437737 sec
WARNING:2026-07-18 12:10:12,582:jax._src.interpreters.pxla:1912: Compiling _multi_slice with global shapes and types [ShapedArray(complex128[640,1952])]. Argument mapping: (UnspecifiedValue,).
WARNING:2026-07-18 12:10:12,584:jax._src.dispatch:190: Finished jaxpr to MLIR module conversion jit(_multi_slice) in 0.002470016 sec
WARNING:2026-07-18 12:10:12,658:jax._src.dispatch:190: Finished XLA compilation of jit(_multi_slice) in 0.073665142 sec
WARNING:2026-07-18 12:10:12,673:jax._src.dispatch:190: Finished tracing + transforming conjugate for pjit in 0.000194788 sec
WARNING:2026-07-18 12:10:12,674:jax._src.dispatch:190: Finished tracing + transforming matmul for pjit in 0.000471354 sec
WARNING:2026-07-18 12:10:12,675:jax._src.dispatch:190: Finished tracing + transforming matmul for pjit in 0.000317812 sec
WARNING:2026-07-18 12:10:12,675:jax._src.dispatch:190: Finished tracing + transforming _clean_split for pjit in 0.003987312 sec
WARNING:2026-07-18 12:10:12,676:jax._src.interpreters.pxla:1912: Compiling _clean_split with global shapes and types [ShapedArray(float64[640]), ShapedArray(complex128[640,640]), ShapedArray(complex128[640,1952]), ShapedArray(complex128[640,1952]), ShapedArray(complex128[640,1952])]. Argument mapping: (NamedSharding(mesh=Mesh('x': 2, 'y': 2, axis_types=(Auto, Auto)), spec=PartitionSpec(), memory_kind=device), NamedSharding(mesh=Mesh('x': 2, 'y': 2, axis_types=(Auto, Auto)), spec=PartitionSpec(), memory_kind=device), NamedSharding(mesh=Mesh('x': 2, 'y': 2, axis_types=(Auto, Auto)), spec=PartitionSpec('x', None), memory_kind=device), NamedSharding(mesh=Mesh('x': 2, 'y': 2, axis_types=(Auto, Auto)), spec=PartitionSpec('x', None), memory_kind=device), NamedSharding(mesh=Mesh('x': 2, 'y': 2, axis_types=(Auto, Auto)), spec=PartitionSpec('x', None), memory_kind=device)).
WARNING:2026-07-18 12:10:12,682:jax._src.dispatch:190: Finished tracing + transforming negative for pjit in 0.000143290 sec
WARNING:2026-07-18 12:10:12,684:jax._src.dispatch:190: Finished jaxpr to MLIR module conversion jit(_clean_split) in 0.008113623 sec
WARNING:2026-07-18 12:10:12,831:jax._src.dispatch:190: Finished XLA compilation of jit(_clean_split) in 0.146194935 sec
WARNING:2026-07-18 12:10:12,999:jax._src.dispatch:190: Finished tracing + transforming _multi_slice for pjit in 0.000447989 sec
WARNING:2026-07-18 12:10:12,999:jax._src.interpreters.pxla:1912: Compiling _multi_slice with global shapes and types [ShapedArray(complex128[640,1956])]. Argument mapping: (UnspecifiedValue,).
WARNING:2026-07-18 12:10:13,002:jax._src.dispatch:190: Finished jaxpr to MLIR module conversion jit(_multi_slice) in 0.002468109 sec
WARNING:2026-07-18 12:10:13,065:jax._src.dispatch:190: Finished XLA compilation of jit(_multi_slice) in 0.063090563 sec
WARNING:2026-07-18 12:10:13,080:jax._src.dispatch:190: Finished tracing + transforming conjugate for pjit in 0.000189304 sec
WARNING:2026-07-18 12:10:13,081:jax._src.dispatch:190: Finished tracing + transforming matmul for pjit in 0.000345469 sec
WARNING:2026-07-18 12:10:13,082:jax._src.dispatch:190: Finished tracing + transforming matmul for pjit in 0.000313282 sec
WARNING:2026-07-18 12:10:13,082:jax._src.dispatch:190: Finished tracing + transforming _clean_split for pjit in 0.003961802 sec
WARNING:2026-07-18 12:10:13,083:jax._src.interpreters.pxla:1912: Compiling _clean_split with global shapes and types [ShapedArray(float64[640]), ShapedArray(complex128[640,640]), ShapedArray(complex128[640,1956]), ShapedArray(complex128[640,1956]), ShapedArray(complex128[640,1956])]. Argument mapping: (NamedSharding(mesh=Mesh('x': 2, 'y': 2, axis_types=(Auto, Auto)), spec=PartitionSpec(), memory_kind=device), NamedSharding(mesh=Mesh('x': 2, 'y': 2, axis_types=(Auto, Auto)), spec=PartitionSpec(), memory_kind=device), NamedSharding(mesh=Mesh('x': 2, 'y': 2, axis_types=(Auto, Auto)), spec=PartitionSpec('x', None), memory_kind=device), NamedSharding(mesh=Mesh('x': 2, 'y': 2, axis_types=(Auto, Auto)), spec=PartitionSpec('x', None), memory_kind=device), NamedSharding(mesh=Mesh('x': 2, 'y': 2, axis_types=(Auto, Auto)), spec=PartitionSpec('x', None), memory_kind=device)).
WARNING:2026-07-18 12:10:13,089:jax._src.dispatch:190: Finished tracing + transforming negative for pjit in 0.000138283 sec
WARNING:2026-07-18 12:10:13,091:jax._src.dispatch:190: Finished jaxpr to MLIR module conversion jit(_clean_split) in 0.008175611 sec
WARNING:2026-07-18 12:10:13,242:jax._src.dispatch:190: Finished XLA compilation of jit(_clean_split) in 0.150396585 sec
WARNING:2026-07-18 12:10:14,034:jax._src.dispatch:190: Finished tracing + transforming _multi_slice for pjit in 0.000471830 sec
WARNING:2026-07-18 12:10:14,035:jax._src.interpreters.pxla:1912: Compiling _multi_slice with global shapes and types [ShapedArray(complex128[640,1937])]. Argument mapping: (UnspecifiedValue,).
WARNING:2026-07-18 12:10:14,037:jax._src.dispatch:190: Finished jaxpr to MLIR module conversion jit(_multi_slice) in 0.002519846 sec
WARNING:2026-07-18 12:10:14,104:jax._src.dispatch:190: Finished XLA compilation of jit(_multi_slice) in 0.066347599 sec
WARNING:2026-07-18 12:10:14,119:jax._src.dispatch:190: Finished tracing + transforming conjugate for pjit in 0.000194550 sec
WARNING:2026-07-18 12:10:14,120:jax._src.dispatch:190: Finished tracing + transforming matmul for pjit in 0.000356436 sec
WARNING:2026-07-18 12:10:14,121:jax._src.dispatch:190: Finished tracing + transforming matmul for pjit in 0.000320673 sec
WARNING:2026-07-18 12:10:14,122:jax._src.dispatch:190: Finished tracing + transforming _clean_split for pjit in 0.004121065 sec
WARNING:2026-07-18 12:10:14,122:jax._src.interpreters.pxla:1912: Compiling _clean_split with global shapes and types [ShapedArray(float64[640]), ShapedArray(complex128[640,640]), ShapedArray(complex128[640,1937]), ShapedArray(complex128[640,1937]), ShapedArray(complex128[640,1937])]. Argument mapping: (NamedSharding(mesh=Mesh('x': 2, 'y': 2, axis_types=(Auto, Auto)), spec=PartitionSpec(), memory_kind=device), NamedSharding(mesh=Mesh('x': 2, 'y': 2, axis_types=(Auto, Auto)), spec=PartitionSpec(), memory_kind=device), NamedSharding(mesh=Mesh('x': 2, 'y': 2, axis_types=(Auto, Auto)), spec=PartitionSpec('x', None), memory_kind=device), NamedSharding(mesh=Mesh('x': 2, 'y': 2, axis_types=(Auto, Auto)), spec=PartitionSpec('x', None), memory_kind=device), NamedSharding(mesh=Mesh('x': 2, 'y': 2, axis_types=(Auto, Auto)), spec=PartitionSpec('x', None), memory_kind=device)).
WARNING:2026-07-18 12:10:14,128:jax._src.dispatch:190: Finished tracing + transforming negative for pjit in 0.000249147 sec
WARNING:2026-07-18 12:10:14,131:jax._src.dispatch:190: Finished jaxpr to MLIR module conversion jit(_clean_split) in 0.008374214 sec
WARNING:2026-07-18 12:10:14,295:jax._src.dispatch:190: Finished XLA compilation of jit(_clean_split) in 0.163916111 sec
WARNING:2026-07-18 12:10:14,383:jax._src.dispatch:190: Finished tracing + transforming _multi_slice for pjit in 0.000446320 sec
WARNING:2026-07-18 12:10:14,384:jax._src.interpreters.pxla:1912: Compiling _multi_slice with global shapes and types [ShapedArray(complex128[640,1951])]. Argument mapping: (UnspecifiedValue,).
WARNING:2026-07-18 12:10:14,386:jax._src.dispatch:190: Finished jaxpr to MLIR module conversion jit(_multi_slice) in 0.002449512 sec
WARNING:2026-07-18 12:10:14,444:jax._src.dispatch:190: Finished XLA compilation of jit(_multi_slice) in 0.057814360 sec
WARNING:2026-07-18 12:10:14,459:jax._src.dispatch:190: Finished tracing + transforming conjugate for pjit in 0.000194073 sec
WARNING:2026-07-18 12:10:14,460:jax._src.dispatch:190: Finished tracing + transforming matmul for pjit in 0.000486135 sec
WARNING:2026-07-18 12:10:14,461:jax._src.dispatch:190: Finished tracing + transforming matmul for pjit in 0.000325203 sec
WARNING:2026-07-18 12:10:14,461:jax._src.dispatch:190: Finished tracing + transforming _clean_split for pjit in 0.004108667 sec
WARNING:2026-07-18 12:10:14,462:jax._src.interpreters.pxla:1912: Compiling _clean_split with global shapes and types [ShapedArray(float64[640]), ShapedArray(complex128[640,640]), ShapedArray(complex128[640,1951]), ShapedArray(complex128[640,1951]), ShapedArray(complex128[640,1951])]. Argument mapping: (NamedSharding(mesh=Mesh('x': 2, 'y': 2, axis_types=(Auto, Auto)), spec=PartitionSpec(), memory_kind=device), NamedSharding(mesh=Mesh('x': 2, 'y': 2, axis_types=(Auto, Auto)), spec=PartitionSpec(), memory_kind=device), NamedSharding(mesh=Mesh('x': 2, 'y': 2, axis_types=(Auto, Auto)), spec=PartitionSpec('x', None), memory_kind=device), NamedSharding(mesh=Mesh('x': 2, 'y': 2, axis_types=(Auto, Auto)), spec=PartitionSpec('x', None), memory_kind=device), NamedSharding(mesh=Mesh('x': 2, 'y': 2, axis_types=(Auto, Auto)), spec=PartitionSpec('x', None), memory_kind=device)).
WARNING:2026-07-18 12:10:14,468:jax._src.dispatch:190: Finished tracing + transforming negative for pjit in 0.000143051 sec
WARNING:2026-07-18 12:10:14,471:jax._src.dispatch:190: Finished jaxpr to MLIR module conversion jit(_clean_split) in 0.008269072 sec
WARNING:2026-07-18 12:10:14,624:jax._src.dispatch:190: Finished XLA compilation of jit(_clean_split) in 0.152979612 sec
WARNING:2026-07-18 12:10:14,798:jax._src.dispatch:190: Finished tracing + transforming _multi_slice for pjit in 0.000440836 sec
WARNING:2026-07-18 12:10:14,799:jax._src.interpreters.pxla:1912: Compiling _multi_slice with global shapes and types [ShapedArray(complex128[640,1958])]. Argument mapping: (UnspecifiedValue,).
WARNING:2026-07-18 12:10:14,801:jax._src.dispatch:190: Finished jaxpr to MLIR module conversion jit(_multi_slice) in 0.002561569 sec
WARNING:2026-07-18 12:10:14,864:jax._src.dispatch:190: Finished XLA compilation of jit(_multi_slice) in 0.062101126 sec
WARNING:2026-07-18 12:10:14,879:jax._src.dispatch:190: Finished tracing + transforming conjugate for pjit in 0.000190496 sec
WARNING:2026-07-18 12:10:14,879:jax._src.dispatch:190: Finished tracing + transforming matmul for pjit in 0.000349760 sec
WARNING:2026-07-18 12:10:14,880:jax._src.dispatch:190: Finished tracing + transforming matmul for pjit in 0.000318289 sec
WARNING:2026-07-18 12:10:14,881:jax._src.dispatch:190: Finished tracing + transforming _clean_split for pjit in 0.003965378 sec
WARNING:2026-07-18 12:10:14,882:jax._src.interpreters.pxla:1912: Compiling _clean_split with global shapes and types [ShapedArray(float64[640]), ShapedArray(complex128[640,640]), ShapedArray(complex128[640,1958]), ShapedArray(complex128[640,1958]), ShapedArray(complex128[640,1958])]. Argument mapping: (NamedSharding(mesh=Mesh('x': 2, 'y': 2, axis_types=(Auto, Auto)), spec=PartitionSpec(), memory_kind=device), NamedSharding(mesh=Mesh('x': 2, 'y': 2, axis_types=(Auto, Auto)), spec=PartitionSpec(), memory_kind=device), NamedSharding(mesh=Mesh('x': 2, 'y': 2, axis_types=(Auto, Auto)), spec=PartitionSpec('x', None), memory_kind=device), NamedSharding(mesh=Mesh('x': 2, 'y': 2, axis_types=(Auto, Auto)), spec=PartitionSpec('x', None), memory_kind=device), NamedSharding(mesh=Mesh('x': 2, 'y': 2, axis_types=(Auto, Auto)), spec=PartitionSpec('x', None), memory_kind=device)).
WARNING:2026-07-18 12:10:14,887:jax._src.dispatch:190: Finished tracing + transforming negative for pjit in 0.000145197 sec
WARNING:2026-07-18 12:10:14,890:jax._src.dispatch:190: Finished jaxpr to MLIR module conversion jit(_clean_split) in 0.008257389 sec
WARNING:2026-07-18 12:10:15,047:jax._src.dispatch:190: Finished XLA compilation of jit(_clean_split) in 0.156403780 sec
WARNING:2026-07-18 12:10:15,923:jax._src.dispatch:190: Finished tracing + transforming _multi_slice for pjit in 0.000486374 sec
WARNING:2026-07-18 12:10:15,923:jax._src.interpreters.pxla:1912: Compiling _multi_slice with global shapes and types [ShapedArray(complex128[640,1933])]. Argument mapping: (UnspecifiedValue,).
WARNING:2026-07-18 12:10:15,926:jax._src.dispatch:190: Finished jaxpr to MLIR module conversion jit(_multi_slice) in 0.002489805 sec
WARNING:2026-07-18 12:10:15,998:jax._src.dispatch:190: Finished XLA compilation of jit(_multi_slice) in 0.071587324 sec
WARNING:2026-07-18 12:10:16,013:jax._src.dispatch:190: Finished tracing + transforming conjugate for pjit in 0.000197649 sec
WARNING:2026-07-18 12:10:16,014:jax._src.dispatch:190: Finished tracing + transforming matmul for pjit in 0.000349522 sec
WARNING:2026-07-18 12:10:16,015:jax._src.dispatch:190: Finished tracing + transforming matmul for pjit in 0.000320673 sec
WARNING:2026-07-18 12:10:16,015:jax._src.dispatch:190: Finished tracing + transforming _clean_split for pjit in 0.003996372 sec
WARNING:2026-07-18 12:10:16,016:jax._src.interpreters.pxla:1912: Compiling _clean_split with global shapes and types [ShapedArray(float64[640]), ShapedArray(complex128[640,640]), ShapedArray(complex128[640,1933]), ShapedArray(complex128[640,1933]), ShapedArray(complex128[640,1933])]. Argument mapping: (NamedSharding(mesh=Mesh('x': 2, 'y': 2, axis_types=(Auto, Auto)), spec=PartitionSpec(), memory_kind=device), NamedSharding(mesh=Mesh('x': 2, 'y': 2, axis_types=(Auto, Auto)), spec=PartitionSpec(), memory_kind=device), NamedSharding(mesh=Mesh('x': 2, 'y': 2, axis_types=(Auto, Auto)), spec=PartitionSpec('x', None), memory_kind=device), NamedSharding(mesh=Mesh('x': 2, 'y': 2, axis_types=(Auto, Auto)), spec=PartitionSpec('x', None), memory_kind=device), NamedSharding(mesh=Mesh('x': 2, 'y': 2, axis_types=(Auto, Auto)), spec=PartitionSpec('x', None), memory_kind=device)).
WARNING:2026-07-18 12:10:16,023:jax._src.dispatch:190: Finished tracing + transforming negative for pjit in 0.000146627 sec
WARNING:2026-07-18 12:10:16,025:jax._src.dispatch:190: Finished jaxpr to MLIR module conversion jit(_clean_split) in 0.009162188 sec
WARNING:2026-07-18 12:10:16,177:jax._src.dispatch:190: Finished XLA compilation of jit(_clean_split) in 0.151329756 sec
WARNING:2026-07-18 12:10:16,264:jax._src.dispatch:190: Finished tracing + transforming _multi_slice for pjit in 0.000448942 sec
WARNING:2026-07-18 12:10:16,265:jax._src.interpreters.pxla:1912: Compiling _multi_slice with global shapes and types [ShapedArray(complex128[640,1942])]. Argument mapping: (UnspecifiedValue,).
WARNING:2026-07-18 12:10:16,267:jax._src.dispatch:190: Finished jaxpr to MLIR module conversion jit(_multi_slice) in 0.002499104 sec
WARNING:2026-07-18 12:10:16,335:jax._src.dispatch:190: Finished XLA compilation of jit(_multi_slice) in 0.067279577 sec
WARNING:2026-07-18 12:10:16,350:jax._src.dispatch:190: Finished tracing + transforming conjugate for pjit in 0.000192642 sec
WARNING:2026-07-18 12:10:16,350:jax._src.dispatch:190: Finished tracing + transforming matmul for pjit in 0.000482082 sec
WARNING:2026-07-18 12:10:16,352:jax._src.dispatch:190: Finished tracing + transforming matmul for pjit in 0.000319004 sec
WARNING:2026-07-18 12:10:16,352:jax._src.dispatch:190: Finished tracing + transforming _clean_split for pjit in 0.003984213 sec
WARNING:2026-07-18 12:10:16,352:jax._src.interpreters.pxla:1912: Compiling _clean_split with global shapes and types [ShapedArray(float64[640]), ShapedArray(complex128[640,640]), ShapedArray(complex128[640,1942]), ShapedArray(complex128[640,1942]), ShapedArray(complex128[640,1942])]. Argument mapping: (NamedSharding(mesh=Mesh('x': 2, 'y': 2, axis_types=(Auto, Auto)), spec=PartitionSpec(), memory_kind=device), NamedSharding(mesh=Mesh('x': 2, 'y': 2, axis_types=(Auto, Auto)), spec=PartitionSpec(), memory_kind=device), NamedSharding(mesh=Mesh('x': 2, 'y': 2, axis_types=(Auto, Auto)), spec=PartitionSpec('x', None), memory_kind=device), NamedSharding(mesh=Mesh('x': 2, 'y': 2, axis_types=(Auto, Auto)), spec=PartitionSpec('x', None), memory_kind=device), NamedSharding(mesh=Mesh('x': 2, 'y': 2, axis_types=(Auto, Auto)), spec=PartitionSpec('x', None), memory_kind=device)).
WARNING:2026-07-18 12:10:16,358:jax._src.dispatch:190: Finished tracing + transforming negative for pjit in 0.000141382 sec
WARNING:2026-07-18 12:10:16,361:jax._src.dispatch:190: Finished jaxpr to MLIR module conversion jit(_clean_split) in 0.008111000 sec
WARNING:2026-07-18 12:10:16,518:jax._src.dispatch:190: Finished XLA compilation of jit(_clean_split) in 0.156737566 sec
WARNING:2026-07-18 12:10:17,549:jax._src.dispatch:190: Finished tracing + transforming _multi_slice for pjit in 0.000442982 sec
WARNING:2026-07-18 12:10:17,549:jax._src.interpreters.pxla:1912: Compiling _multi_slice with global shapes and types [ShapedArray(complex128[640,1917])]. Argument mapping: (UnspecifiedValue,).
WARNING:2026-07-18 12:10:17,552:jax._src.dispatch:190: Finished jaxpr to MLIR module conversion jit(_multi_slice) in 0.002399921 sec
WARNING:2026-07-18 12:10:17,618:jax._src.dispatch:190: Finished XLA compilation of jit(_multi_slice) in 0.065739870 sec
WARNING:2026-07-18 12:10:17,633:jax._src.dispatch:190: Finished tracing + transforming conjugate for pjit in 0.000195265 sec
WARNING:2026-07-18 12:10:17,633:jax._src.dispatch:190: Finished tracing + transforming matmul for pjit in 0.000497818 sec
WARNING:2026-07-18 12:10:17,635:jax._src.dispatch:190: Finished tracing + transforming matmul for pjit in 0.000323534 sec
WARNING:2026-07-18 12:10:17,635:jax._src.dispatch:190: Finished tracing + transforming _clean_split for pjit in 0.004016876 sec
WARNING:2026-07-18 12:10:17,635:jax._src.interpreters.pxla:1912: Compiling _clean_split with global shapes and types [ShapedArray(float64[640]), ShapedArray(complex128[640,640]), ShapedArray(complex128[640,1917]), ShapedArray(complex128[640,1917]), ShapedArray(complex128[640,1917])]. Argument mapping: (NamedSharding(mesh=Mesh('x': 2, 'y': 2, axis_types=(Auto, Auto)), spec=PartitionSpec(), memory_kind=device), NamedSharding(mesh=Mesh('x': 2, 'y': 2, axis_types=(Auto, Auto)), spec=PartitionSpec(), memory_kind=device), NamedSharding(mesh=Mesh('x': 2, 'y': 2, axis_types=(Auto, Auto)), spec=PartitionSpec('x', None), memory_kind=device), NamedSharding(mesh=Mesh('x': 2, 'y': 2, axis_types=(Auto, Auto)), spec=PartitionSpec('x', None), memory_kind=device), NamedSharding(mesh=Mesh('x': 2, 'y': 2, axis_types=(Auto, Auto)), spec=PartitionSpec('x', None), memory_kind=device)).
WARNING:2026-07-18 12:10:17,641:jax._src.dispatch:190: Finished tracing + transforming negative for pjit in 0.000152349 sec
WARNING:2026-07-18 12:10:17,644:jax._src.dispatch:190: Finished jaxpr to MLIR module conversion jit(_clean_split) in 0.008154154 sec
WARNING:2026-07-18 12:10:17,819:jax._src.dispatch:190: Finished XLA compilation of jit(_clean_split) in 0.175044775 sec
WARNING:2026-07-18 12:10:25,706:jax._src.dispatch:190: Finished tracing + transforming _multi_slice for pjit in 0.000599623 sec
WARNING:2026-07-18 12:10:25,706:jax._src.interpreters.pxla:1912: Compiling _multi_slice with global shapes and types [ShapedArray(complex128[144,640,640])]. Argument mapping: (UnspecifiedValue,).
WARNING:2026-07-18 12:10:25,710:jax._src.dispatch:190: Finished jaxpr to MLIR module conversion jit(_multi_slice) in 0.003842115 sec
WARNING:2026-07-18 12:10:25,814:jax._src.dispatch:190: Finished XLA compilation of jit(_multi_slice) in 0.103225708 sec
WARNING:2026-07-18 12:10:33,134:jax._src.dispatch:190: Finished tracing + transforming convert_element_type for pjit in 0.000202656 sec
WARNING:2026-07-18 12:10:33,134:jax._src.interpreters.pxla:1912: Compiling convert_element_type with global shapes and types [ShapedArray(int32[23])]. Argument mapping: (UnspecifiedValue,).
WARNING:2026-07-18 12:10:33,137:jax._src.dispatch:190: Finished jaxpr to MLIR module conversion jit(convert_element_type) in 0.002424002 sec
WARNING:2026-07-18 12:10:33,144:jax._src.dispatch:190: Finished XLA compilation of jit(convert_element_type) in 0.007295609 sec
WARNING:2026-07-18 12:10:33,149:jax._src.interpreters.pxla:1912: Compiling conjugate with global shapes and types [ShapedArray(complex128[640,640])]. Argument mapping: (NamedSharding(mesh=Mesh('x': 2, 'y': 2, axis_types=(Auto, Auto)), spec=PartitionSpec('x', 'y'), memory_kind=device),).
WARNING:2026-07-18 12:10:33,152:jax._src.dispatch:190: Finished jaxpr to MLIR module conversion jit(conjugate) in 0.002813339 sec
WARNING:2026-07-18 12:10:33,210:jax._src.dispatch:190: Finished XLA compilation of jit(conjugate) in 0.057182074 sec
WARNING:2026-07-18 12:10:33,214:jax._src.dispatch:190: Finished tracing + transforming transpose for pjit in 0.000187635 sec
WARNING:2026-07-18 12:10:33,215:jax._src.interpreters.pxla:1912: Compiling transpose with global shapes and types [ShapedArray(complex128[640,640])]. Argument mapping: (NamedSharding(mesh=Mesh('x': 2, 'y': 2, axis_types=(Auto, Auto)), spec=PartitionSpec('x', 'y'), memory_kind=device),).
WARNING:2026-07-18 12:10:33,217:jax._src.dispatch:190: Finished jaxpr to MLIR module conversion jit(transpose) in 0.002226353 sec
WARNING:2026-07-18 12:10:33,277:jax._src.dispatch:190: Finished XLA compilation of jit(transpose) in 0.060193062 sec
WARNING:2026-07-18 12:10:33,283:jax._src.interpreters.pxla:1912: Compiling add with global shapes and types [ShapedArray(complex128[640,640]), ShapedArray(complex128[640,640])]. Argument mapping: (NamedSharding(mesh=Mesh('x': 2, 'y': 2, axis_types=(Auto, Auto)), spec=PartitionSpec('x', 'y'), memory_kind=device), NamedSharding(mesh=Mesh('x': 2, 'y': 2, axis_types=(Auto, Auto)), spec=PartitionSpec('y', 'x'), memory_kind=device)).
WARNING:2026-07-18 12:10:33,286:jax._src.dispatch:190: Finished jaxpr to MLIR module conversion jit(add) in 0.002489805 sec
WARNING:2026-07-18 12:10:33,327:jax._src.dispatch:190: Finished XLA compilation of jit(add) in 0.041383982 sec
WARNING:2026-07-18 12:10:33,333:jax._src.dispatch:190: Finished tracing + transforming multiply for pjit in 0.000438690 sec
WARNING:2026-07-18 12:10:33,334:jax._src.interpreters.pxla:1912: Compiling multiply with global shapes and types [ShapedArray(float64[], weak_type=True), ShapedArray(complex128[640,640])]. Argument mapping: (UnspecifiedValue, NamedSharding(mesh=Mesh('x': 2, 'y': 2, axis_types=(Auto, Auto)), spec=PartitionSpec('x', 'y'), memory_kind=device)).
WARNING:2026-07-18 12:10:33,336:jax._src.dispatch:190: Finished jaxpr to MLIR module conversion jit(multiply) in 0.002349138 sec
WARNING:2026-07-18 12:10:33,379:jax._src.dispatch:190: Finished XLA compilation of jit(multiply) in 0.042247772 sec
WARNING:2026-07-18 12:10:33,385:jax._src.dispatch:190: Finished tracing + transforming matmul for pjit in 0.000444651 sec
WARNING:2026-07-18 12:10:33,386:jax._src.dispatch:190: Finished tracing + transforming multiply for pjit in 0.000357151 sec
WARNING:2026-07-18 12:10:33,386:jax._src.dispatch:190: Finished tracing + transforming exp for pjit in 0.000178576 sec
WARNING:2026-07-18 12:10:33,387:jax._src.dispatch:190: Finished tracing + transforming matmul for pjit in 0.000323772 sec
WARNING:2026-07-18 12:10:33,388:jax._src.dispatch:190: Finished tracing + transforming add for pjit in 0.000244856 sec
WARNING:2026-07-18 12:10:33,389:jax._src.dispatch:190: Finished tracing + transforming matmul for pjit in 0.000315905 sec
WARNING:2026-07-18 12:10:33,390:jax._src.dispatch:190: Finished tracing + transforming less for pjit in 0.000304937 sec
WARNING:2026-07-18 12:10:33,390:jax._src.dispatch:190: Finished tracing + transforming _broadcast_arrays for pjit in 0.000082731 sec
WARNING:2026-07-18 12:10:33,391:jax._src.dispatch:190: Finished tracing + transforming multiply for pjit in 0.000259161 sec
WARNING:2026-07-18 12:10:33,392:jax._src.dispatch:190: Finished tracing + transforming matmul for pjit in 0.000328541 sec
WARNING:2026-07-18 12:10:33,394:jax._src.dispatch:190: Finished tracing + transforming _squeeze for pjit in 0.000082016 sec
WARNING:2026-07-18 12:10:33,398:jax._src.dispatch:190: Finished tracing + transforming multiply for pjit in 0.000213623 sec
WARNING:2026-07-18 12:10:33,400:jax._src.dispatch:190: Finished tracing + transforming matmul for pjit in 0.000319958 sec
WARNING:2026-07-18 12:10:33,406:jax._src.dispatch:190: Finished tracing + transforming matmul for pjit in 0.000316620 sec
WARNING:2026-07-18 12:10:33,417:jax._src.dispatch:190: Finished tracing + transforming multiply for pjit in 0.000212193 sec
WARNING:2026-07-18 12:10:33,417:jax._src.dispatch:190: Finished tracing + transforming _reduce_sum for pjit in 0.000396490 sec
WARNING:2026-07-18 12:10:33,418:jax._src.dispatch:190: Finished tracing + transforming less for pjit in 0.000261307 sec
WARNING:2026-07-18 12:10:33,419:jax._src.dispatch:190: Finished tracing + transforming _broadcast_arrays for pjit in 0.000216484 sec
WARNING:2026-07-18 12:10:33,419:jax._src.dispatch:190: Finished tracing + transforming _where for pjit in 0.000698805 sec
WARNING:2026-07-18 12:10:33,420:jax._src.dispatch:190: Finished tracing + transforming add for pjit in 0.000211239 sec
WARNING:2026-07-18 12:10:33,420:jax._src.dispatch:190: Finished tracing + transforming sqrt for pjit in 0.000163794 sec
WARNING:2026-07-18 12:10:33,421:jax._src.dispatch:190: Finished tracing + transforming multiply for pjit in 0.000997066 sec
WARNING:2026-07-18 12:10:33,422:jax._src.dispatch:190: Finished tracing + transforming exp for pjit in 0.000164032 sec
WARNING:2026-07-18 12:10:33,422:jax._src.dispatch:190: Finished tracing + transforming multiply for pjit in 0.000252962 sec
WARNING:2026-07-18 12:10:33,423:jax._src.dispatch:190: Finished tracing + transforming cos for pjit in 0.000163794 sec
WARNING:2026-07-18 12:10:33,423:jax._src.dispatch:190: Finished tracing + transforming multiply for pjit in 0.000205994 sec
WARNING:2026-07-18 12:10:33,424:jax._src.dispatch:190: Finished tracing + transforming subtract for pjit in 0.000250578 sec
WARNING:2026-07-18 12:10:33,424:jax._src.dispatch:190: Finished tracing + transforming true_divide for pjit in 0.000248909 sec
WARNING:2026-07-18 12:10:33,425:jax._src.dispatch:190: Finished tracing + transforming true_divide for pjit in 0.000245571 sec
WARNING:2026-07-18 12:10:33,425:jax._src.dispatch:190: Finished tracing + transforming negative for pjit in 0.000139713 sec
WARNING:2026-07-18 12:10:33,426:jax._src.dispatch:190: Finished tracing + transforming add for pjit in 0.000301838 sec
WARNING:2026-07-18 12:10:33,427:jax._src.dispatch:190: Finished tracing + transforming matmul for pjit in 0.000308037 sec
WARNING:2026-07-18 12:10:33,427:jax._src.dispatch:190: Finished tracing + transforming multiply for pjit in 0.000317335 sec
WARNING:2026-07-18 12:10:33,428:jax._src.dispatch:190: Finished tracing + transforming exp for pjit in 0.000163794 sec
WARNING:2026-07-18 12:10:33,428:jax._src.dispatch:190: Finished tracing + transforming multiply for pjit in 0.000204086 sec
WARNING:2026-07-18 12:10:33,429:jax._src.dispatch:190: Finished tracing + transforming multiply for pjit in 0.000266790 sec
WARNING:2026-07-18 12:10:33,429:jax._src.dispatch:190: Finished tracing + transforming conjugate for pjit in 0.000182629 sec
WARNING:2026-07-18 12:10:33,430:jax._src.dispatch:190: Finished tracing + transforming matmul for pjit in 0.000318527 sec
WARNING:2026-07-18 12:10:33,431:jax._src.dispatch:190: Finished tracing + transforming add for pjit in 0.000297308 sec
WARNING:2026-07-18 12:10:33,433:jax._src.dispatch:190: Finished tracing + transforming eval_vq for pjit in 0.048276424 sec
WARNING:2026-07-18 12:10:33,434:jax._src.interpreters.pxla:1912: Compiling eval_vq with global shapes and types [ShapedArray(float64[3]), ShapedArray(complex128[144,640,640]), ShapedArray(complex128[7,144]), ShapedArray(complex128[1,640]), ShapedArray(complex128[1,640]), ShapedArray(complex128[6,640]), ShapedArray(complex128[10,640]), ShapedArray(complex128[6,640]), ShapedArray(complex128[1,640]), ShapedArray(complex128[1,640])]. Argument mapping: (UnspecifiedValue, NamedSharding(mesh=Mesh('x': 2, 'y': 2, axis_types=(Auto, Auto)), spec=PartitionSpec(None, 'x', 'y'), memory_kind=device), UnspecifiedValue, UnspecifiedValue, UnspecifiedValue, UnspecifiedValue, UnspecifiedValue, UnspecifiedValue, UnspecifiedValue, UnspecifiedValue).
WARNING:2026-07-18 12:10:33,463:jax._src.dispatch:190: Finished tracing + transforming negative for pjit in 0.000153065 sec
WARNING:2026-07-18 12:10:33,464:jax._src.dispatch:190: Finished jaxpr to MLIR module conversion jit(eval_vq) in 0.029570580 sec
WARNING:2026-07-18 12:10:33,904:jax._src.dispatch:190: Finished XLA compilation of jit(eval_vq) in 0.439268589 sec
WARNING:2026-07-18 12:10:33,996:jax._src.dispatch:190: Finished tracing + transforming broadcast_in_dim for pjit in 0.000222445 sec
WARNING:2026-07-18 12:10:33,996:jax._src.interpreters.pxla:1912: Compiling broadcast_in_dim with global shapes and types [ShapedArray(complex128[640,640])]. Argument mapping: (NamedSharding(mesh=Mesh('x': 2, 'y': 2, axis_types=(Auto, Auto)), spec=PartitionSpec('x', 'y'), memory_kind=device),).
WARNING:2026-07-18 12:10:33,998:jax._src.dispatch:190: Finished jaxpr to MLIR module conversion jit(broadcast_in_dim) in 0.002266169 sec
WARNING:2026-07-18 12:10:34,006:jax._src.dispatch:190: Finished XLA compilation of jit(broadcast_in_dim) in 0.007068634 sec
WARNING:2026-07-18 12:10:34,012:jax._src.dispatch:190: Finished tracing + transforming concatenate for pjit in 0.000252247 sec
WARNING:2026-07-18 12:10:34,013:jax._src.interpreters.pxla:1912: Compiling concatenate with global shapes and types [ShapedArray(complex128[1,640,640]), ShapedArray(complex128[1,640,640]), ShapedArray(complex128[1,640,640])]. Argument mapping: (NamedSharding(mesh=Mesh('x': 2, 'y': 2, axis_types=(Auto, Auto)), spec=PartitionSpec(None, 'x', 'y'), memory_kind=device), NamedSharding(mesh=Mesh('x': 2, 'y': 2, axis_types=(Auto, Auto)), spec=PartitionSpec(None, 'x', 'y'), memory_kind=device), NamedSharding(mesh=Mesh('x': 2, 'y': 2, axis_types=(Auto, Auto)), spec=PartitionSpec(None, 'x', 'y'), memory_kind=device)).
WARNING:2026-07-18 12:10:34,015:jax._src.dispatch:190: Finished jaxpr to MLIR module conversion jit(concatenate) in 0.002057791 sec
WARNING:2026-07-18 12:10:34,062:jax._src.dispatch:190: Finished XLA compilation of jit(concatenate) in 0.046982288 sec
WARNING:2026-07-18 12:10:34,070:jax._src.dispatch:190: Finished tracing + transforming <unnamed wrapped function> for pjit in 0.000773907 sec
WARNING:2026-07-18 12:10:34,071:jax._src.interpreters.pxla:1912: Compiling <unnamed wrapped function> with global shapes and types [ShapedArray(complex128[640,640,12,12,1])]. Argument mapping: (NamedSharding(mesh=Mesh('x': 2, 'y': 2, axis_types=(Auto, Auto)), spec=PartitionSpec('x', 'y', None, None, None), memory_kind=device),).
WARNING:2026-07-18 12:10:34,074:jax._src.dispatch:190: Finished jaxpr to MLIR module conversion jit(<unnamed wrapped function>) in 0.002567053 sec
WARNING:2026-07-18 12:10:34,083:jax._src.dispatch:190: Finished XLA compilation of jit(<unnamed wrapped function>) in 0.008680105 sec
WARNING:2026-07-18 12:10:34,088:jax._src.dispatch:190: Finished tracing + transforming _moveaxis for pjit in 0.000110388 sec
WARNING:2026-07-18 12:10:34,089:jax._src.dispatch:190: Finished tracing + transforming _squeeze for pjit in 0.000214815 sec
WARNING:2026-07-18 12:10:34,089:jax._src.dispatch:190: Finished tracing + transforming <unnamed wrapped function> for pjit in 0.001278162 sec
WARNING:2026-07-18 12:10:34,090:jax._src.interpreters.pxla:1912: Compiling <unnamed wrapped function> with global shapes and types [ShapedArray(complex128[4,320,320,12,12,1])]. Argument mapping: (NamedSharding(mesh=Mesh('x': 2, 'y': 2, axis_types=(Auto, Auto)), spec=PartitionSpec(('x', 'y'),), memory_kind=device),).
WARNING:2026-07-18 12:10:34,093:jax._src.dispatch:190: Finished jaxpr to MLIR module conversion jit(<unnamed wrapped function>) in 0.002818823 sec
WARNING:2026-07-18 12:10:34,102:jax._src.dispatch:190: Finished XLA compilation of jit(<unnamed wrapped function>) in 0.008416414 sec
WARNING:2026-07-18 12:10:34,106:jax._src.dispatch:190: Finished tracing + transforming fft for pjit in 0.000192881 sec
WARNING:2026-07-18 12:10:34,108:jax._src.dispatch:190: Finished tracing + transforming <unnamed wrapped function> for pjit in 0.000787973 sec
WARNING:2026-07-18 12:10:34,108:jax._src.interpreters.pxla:1912: Compiling <unnamed wrapped function> with global shapes and types [ShapedArray(complex128[4,320,320,12,12,1])]. Argument mapping: (NamedSharding(mesh=Mesh('x': 2, 'y': 2, axis_types=(Auto, Auto)), spec=PartitionSpec(('x', 'y'),), memory_kind=device),).
WARNING:2026-07-18 12:10:34,112:jax._src.dispatch:190: Finished jaxpr to MLIR module conversion jit(<unnamed wrapped function>) in 0.003351450 sec
WARNING:2026-07-18 12:10:34,121:jax._src.dispatch:190: Finished XLA compilation of jit(<unnamed wrapped function>) in 0.009198189 sec
WARNING:2026-07-18 12:10:34,168:jax._src.dispatch:190: Finished tracing + transforming <unnamed wrapped function> for pjit in 0.000738382 sec
WARNING:2026-07-18 12:10:34,169:jax._src.interpreters.pxla:1912: Compiling <unnamed wrapped function> with global shapes and types [ShapedArray(complex128[3])]. Argument mapping: (UnspecifiedValue,).
WARNING:2026-07-18 12:10:34,171:jax._src.dispatch:190: Finished jaxpr to MLIR module conversion jit(<unnamed wrapped function>) in 0.002632141 sec
WARNING:2026-07-18 12:10:34,180:jax._src.dispatch:190: Finished XLA compilation of jit(<unnamed wrapped function>) in 0.008423567 sec
WARNING:2026-07-18 12:10:34,184:jax._src.dispatch:190: Finished tracing + transforming _squeeze for pjit in 0.000218868 sec
WARNING:2026-07-18 12:10:34,184:jax._src.dispatch:190: Finished tracing + transforming <unnamed wrapped function> for pjit in 0.001332283 sec
WARNING:2026-07-18 12:10:34,185:jax._src.interpreters.pxla:1912: Compiling <unnamed wrapped function> with global shapes and types [ShapedArray(complex128[4,3])]. Argument mapping: (NamedSharding(mesh=Mesh('x': 2, 'y': 2, axis_types=(Auto, Auto)), spec=PartitionSpec(('x', 'y'),), memory_kind=device),).
WARNING:2026-07-18 12:10:34,188:jax._src.dispatch:190: Finished jaxpr to MLIR module conversion jit(<unnamed wrapped function>) in 0.003081560 sec
WARNING:2026-07-18 12:10:34,196:jax._src.dispatch:190: Finished XLA compilation of jit(<unnamed wrapped function>) in 0.007872581 sec
WARNING:2026-07-18 12:10:34,200:jax._src.dispatch:190: Finished tracing + transforming _reduce_prod for pjit in 0.000368595 sec
WARNING:2026-07-18 12:10:34,201:jax._src.dispatch:190: Finished tracing + transforming <unnamed wrapped function> for pjit in 0.000894785 sec
WARNING:2026-07-18 12:10:34,202:jax._src.interpreters.pxla:1912: Compiling <unnamed wrapped function> with global shapes and types [ShapedArray(complex128[4,3])]. Argument mapping: (NamedSharding(mesh=Mesh('x': 2, 'y': 2, axis_types=(Auto, Auto)), spec=PartitionSpec(('x', 'y'),), memory_kind=device),).
WARNING:2026-07-18 12:10:34,205:jax._src.dispatch:190: Finished jaxpr to MLIR module conversion jit(<unnamed wrapped function>) in 0.002809048 sec
WARNING:2026-07-18 12:10:34,269:jax._src.dispatch:190: Finished XLA compilation of jit(<unnamed wrapped function>) in 0.064156771 sec
WARNING:2026-07-18 12:10:34,273:jax._src.dispatch:190: Finished tracing + transforming sqrt for pjit in 0.000248432 sec
WARNING:2026-07-18 12:10:34,274:jax._src.dispatch:190: Finished tracing + transforming _squeeze for pjit in 0.000335217 sec
WARNING:2026-07-18 12:10:34,275:jax._src.dispatch:190: Finished tracing + transforming <unnamed wrapped function> for pjit in 0.001363993 sec
WARNING:2026-07-18 12:10:34,276:jax._src.interpreters.pxla:1912: Compiling <unnamed wrapped function> with global shapes and types [ShapedArray(complex128[4])]. Argument mapping: (NamedSharding(mesh=Mesh('x': 2, 'y': 2, axis_types=(Auto, Auto)), spec=PartitionSpec(('x', 'y'),), memory_kind=device),).
WARNING:2026-07-18 12:10:34,279:jax._src.dispatch:190: Finished jaxpr to MLIR module conversion jit(<unnamed wrapped function>) in 0.003199100 sec
WARNING:2026-07-18 12:10:34,389:jax._src.dispatch:190: Finished XLA compilation of jit(<unnamed wrapped function>) in 0.109782934 sec
WARNING:2026-07-18 12:10:34,397:jax._src.dispatch:190: Finished tracing + transforming multiply for pjit in 0.000301123 sec
WARNING:2026-07-18 12:10:34,399:jax._src.dispatch:190: Finished tracing + transforming <unnamed wrapped function> for pjit in 0.001279831 sec
WARNING:2026-07-18 12:10:34,399:jax._src.interpreters.pxla:1912: Compiling <unnamed wrapped function> with global shapes and types [ShapedArray(complex128[4,320,320,12,12,1]), ShapedArray(complex128[4])]. Argument mapping: (NamedSharding(mesh=Mesh('x': 2, 'y': 2, axis_types=(Auto, Auto)), spec=PartitionSpec(('x', 'y'),), memory_kind=device), NamedSharding(mesh=Mesh('x': 2, 'y': 2, axis_types=(Auto, Auto)), spec=PartitionSpec(('x', 'y'),), memory_kind=device)).
WARNING:2026-07-18 12:10:34,403:jax._src.dispatch:190: Finished jaxpr to MLIR module conversion jit(<unnamed wrapped function>) in 0.003046513 sec
WARNING:2026-07-18 12:10:34,456:jax._src.dispatch:190: Finished XLA compilation of jit(<unnamed wrapped function>) in 0.053527594 sec
WARNING:2026-07-18 12:10:34,465:jax._src.dispatch:190: Finished tracing + transforming <unnamed wrapped function> for pjit in 0.000879526 sec
WARNING:2026-07-18 12:10:34,466:jax._src.interpreters.pxla:1912: Compiling <unnamed wrapped function> with global shapes and types [ShapedArray(complex128[4,320,320,12,12,1])]. Argument mapping: (NamedSharding(mesh=Mesh('x': 2, 'y': 2, axis_types=(Auto, Auto)), spec=PartitionSpec(('x', 'y'),), memory_kind=device),).
WARNING:2026-07-18 12:10:34,469:jax._src.dispatch:190: Finished jaxpr to MLIR module conversion jit(<unnamed wrapped function>) in 0.003149509 sec
WARNING:2026-07-18 12:10:34,477:jax._src.dispatch:190: Finished XLA compilation of jit(<unnamed wrapped function>) in 0.007904530 sec
WARNING:2026-07-18 12:10:34,486:jax._src.dispatch:190: Finished tracing + transforming <unnamed wrapped function> for pjit in 0.000573158 sec
WARNING:2026-07-18 12:10:34,487:jax._src.interpreters.pxla:1912: Compiling <unnamed wrapped function> with global shapes and types [ShapedArray(complex128[4,320,320,12,12,1])]. Argument mapping: (NamedSharding(mesh=Mesh('x': 2, 'y': 2, axis_types=(Auto, Auto)), spec=PartitionSpec(('x', 'y'),), memory_kind=device),).
WARNING:2026-07-18 12:10:34,489:jax._src.dispatch:190: Finished jaxpr to MLIR module conversion jit(<unnamed wrapped function>) in 0.002422333 sec
WARNING:2026-07-18 12:10:34,498:jax._src.dispatch:190: Finished XLA compilation of jit(<unnamed wrapped function>) in 0.008654356 sec
WARNING:2026-07-18 12:10:34,512:jax._src.dispatch:190: Finished tracing + transforming subtract for pjit in 0.000292540 sec
WARNING:2026-07-18 12:10:34,512:jax._src.dispatch:190: Finished tracing + transforming subtract for pjit in 0.000241041 sec
WARNING:2026-07-18 12:10:34,512:jax._src.dispatch:190: Finished tracing + transforming multiply for pjit in 0.000192881 sec
WARNING:2026-07-18 12:10:34,513:jax._src.dispatch:190: Finished tracing + transforming add for pjit in 0.000221491 sec
WARNING:2026-07-18 12:10:34,513:jax._src.dispatch:190: Finished tracing + transforming _uniform for pjit in 0.002585888 sec
WARNING:2026-07-18 12:10:34,514:jax._src.dispatch:190: Finished tracing + transforming _normal_real for pjit in 0.003530979 sec
WARNING:2026-07-18 12:10:34,514:jax._src.dispatch:190: Finished tracing + transforming _normal for pjit in 0.003944159 sec
WARNING:2026-07-18 12:10:34,515:jax._src.dispatch:190: Finished tracing + transforming multiply for pjit in 0.000335217 sec
WARNING:2026-07-18 12:10:34,515:jax._src.dispatch:190: Finished tracing + transforming add for pjit in 0.000273705 sec
WARNING:2026-07-18 12:10:34,516:jax._src.dispatch:190: Finished tracing + transforming qr for pjit in 0.000228882 sec
WARNING:2026-07-18 12:10:34,517:jax._src.dispatch:190: Finished tracing + transforming _squeeze for pjit in 0.000071764 sec
WARNING:2026-07-18 12:10:34,518:jax._src.dispatch:190: Finished tracing + transforming less for pjit in 0.000339270 sec
WARNING:2026-07-18 12:10:34,519:jax._src.dispatch:190: Finished tracing + transforming add for pjit in 0.000402689 sec
WARNING:2026-07-18 12:10:34,520:jax._src.dispatch:190: Finished tracing + transforming real for pjit in 0.000139475 sec
WARNING:2026-07-18 12:10:34,521:jax._src.dispatch:190: Finished tracing + transforming sqrt for pjit in 0.000160933 sec
WARNING:2026-07-18 12:10:34,523:jax._src.dispatch:190: Finished tracing + transforming subtract for pjit in 0.000334740 sec
WARNING:2026-07-18 12:10:34,523:jax._src.dispatch:190: Finished tracing + transforming multiply for pjit in 0.000294685 sec
WARNING:2026-07-18 12:10:34,524:jax._src.dispatch:190: Finished tracing + transforming _einsum for pjit in 0.000372171 sec
WARNING:2026-07-18 12:10:34,525:jax._src.dispatch:190: Finished tracing + transforming true_divide for pjit in 0.000256777 sec
WARNING:2026-07-18 12:10:34,526:jax._src.dispatch:190: Finished tracing + transforming _einsum for pjit in 0.000341415 sec
WARNING:2026-07-18 12:10:34,526:jax._src.dispatch:190: Finished tracing + transforming conjugate for pjit in 0.000174046 sec
WARNING:2026-07-18 12:10:34,527:jax._src.dispatch:190: Finished tracing + transforming _einsum for pjit in 0.000378370 sec
WARNING:2026-07-18 12:10:34,528:jax._src.dispatch:190: Finished tracing + transforming true_divide for pjit in 0.000339270 sec
WARNING:2026-07-18 12:10:34,529:jax._src.dispatch:190: Finished tracing + transforming real for pjit in 0.000161648 sec
WARNING:2026-07-18 12:10:34,530:jax._src.dispatch:190: Finished tracing + transforming sqrt for pjit in 0.000173569 sec
WARNING:2026-07-18 12:10:34,531:jax._src.dispatch:190: Finished tracing + transforming conjugate for pjit in 0.000178576 sec
WARNING:2026-07-18 12:10:34,531:jax._src.dispatch:190: Finished tracing + transforming _einsum for pjit in 0.000497103 sec
WARNING:2026-07-18 12:10:34,532:jax._src.dispatch:190: Finished tracing + transforming _einsum for pjit in 0.000386477 sec
WARNING:2026-07-18 12:10:34,533:jax._src.dispatch:190: Finished tracing + transforming _moveaxis for pjit in 0.000081301 sec
WARNING:2026-07-18 12:10:34,533:jax._src.dispatch:190: Finished tracing + transforming fft for pjit in 0.000144482 sec
WARNING:2026-07-18 12:10:34,534:jax._src.dispatch:190: Finished tracing + transforming multiply for pjit in 0.000230551 sec
WARNING:2026-07-18 12:10:34,535:jax._src.dispatch:190: Finished tracing + transforming multiply for pjit in 0.000246048 sec
WARNING:2026-07-18 12:10:34,535:jax._src.dispatch:190: Finished tracing + transforming fft for pjit in 0.000129938 sec
WARNING:2026-07-18 12:10:34,536:jax._src.dispatch:190: Finished tracing + transforming true_divide for pjit in 0.000268221 sec
WARNING:2026-07-18 12:10:34,537:jax._src.dispatch:190: Finished tracing + transforming _einsum for pjit in 0.000388622 sec
WARNING:2026-07-18 12:10:34,538:jax._src.dispatch:190: Finished tracing + transforming _einsum for pjit in 0.000434637 sec
WARNING:2026-07-18 12:10:34,539:jax._src.dispatch:190: Finished tracing + transforming true_divide for pjit in 0.000291586 sec
WARNING:2026-07-18 12:10:34,546:jax._src.dispatch:190: Finished tracing + transforming add for pjit in 0.000212431 sec
WARNING:2026-07-18 12:10:34,546:jax._src.dispatch:190: Finished tracing + transforming subtract for pjit in 0.000203848 sec
WARNING:2026-07-18 12:10:34,547:jax._src.dispatch:190: Finished tracing + transforming _matvec for pjit in 0.026643276 sec
WARNING:2026-07-18 12:10:34,547:jax._src.dispatch:190: Finished tracing + transforming conjugate for pjit in 0.000199795 sec
WARNING:2026-07-18 12:10:34,548:jax._src.dispatch:190: Finished tracing + transforming matmul for pjit in 0.000398636 sec
WARNING:2026-07-18 12:10:34,549:jax._src.dispatch:190: Finished tracing + transforming _squeeze for pjit in 0.000105381 sec
WARNING:2026-07-18 12:10:34,550:jax._src.dispatch:190: Finished tracing + transforming matmul for pjit in 0.000409842 sec
WARNING:2026-07-18 12:10:34,550:jax._src.dispatch:190: Finished tracing + transforming subtract for pjit in 0.000389338 sec
WARNING:2026-07-18 12:10:34,551:jax._src.dispatch:190: Finished tracing + transforming subtract for pjit in 0.000379086 sec
WARNING:2026-07-18 12:10:34,551:jax._src.dispatch:190: Finished tracing + transforming maximum for pjit in 0.000268221 sec
WARNING:2026-07-18 12:10:34,553:jax._src.dispatch:190: Finished tracing + transforming greater for pjit in 0.000216484 sec
WARNING:2026-07-18 12:10:34,554:jax._src.dispatch:190: Finished tracing + transforming conjugate for pjit in 0.000201941 sec
WARNING:2026-07-18 12:10:34,554:jax._src.dispatch:190: Finished tracing + transforming matmul for pjit in 0.000383615 sec
WARNING:2026-07-18 12:10:34,555:jax._src.dispatch:190: Finished tracing + transforming subtract for pjit in 0.000382423 sec
WARNING:2026-07-18 12:10:34,555:jax._src.dispatch:190: Finished tracing + transforming _broadcast_arrays for pjit in 0.000083923 sec
WARNING:2026-07-18 12:10:34,556:jax._src.dispatch:190: Finished tracing + transforming _where for pjit in 0.000593901 sec
WARNING:2026-07-18 12:10:34,559:jax._src.dispatch:190: Finished tracing + transforming _broadcast_arrays for pjit in 0.000089407 sec
WARNING:2026-07-18 12:10:34,559:jax._src.dispatch:190: Finished tracing + transforming _where for pjit in 0.000481606 sec
WARNING:2026-07-18 12:10:34,561:jax._src.dispatch:190: Finished tracing + transforming qr for pjit in 0.000213385 sec
WARNING:2026-07-18 12:10:34,562:jax._src.dispatch:190: Finished tracing + transforming _squeeze for pjit in 0.000107050 sec
WARNING:2026-07-18 12:10:34,565:jax._src.dispatch:190: Finished tracing + transforming multiply for pjit in 0.000450850 sec
WARNING:2026-07-18 12:10:34,569:jax._src.dispatch:190: Finished tracing + transforming conjugate for pjit in 0.000839949 sec
WARNING:2026-07-18 12:10:34,571:jax._src.dispatch:190: Finished tracing + transforming conjugate for pjit in 0.000153780 sec
WARNING:2026-07-18 12:10:34,571:jax._src.dispatch:190: Finished tracing + transforming add for pjit in 0.000210285 sec
WARNING:2026-07-18 12:10:34,572:jax._src.dispatch:190: Finished tracing + transforming multiply for pjit in 0.000268221 sec
WARNING:2026-07-18 12:10:34,573:jax._src.dispatch:190: Finished tracing + transforming true_divide for pjit in 0.000564337 sec
WARNING:2026-07-18 12:10:34,573:jax._src.dispatch:190: Finished tracing + transforming eigh for pjit in 0.001261473 sec
WARNING:2026-07-18 12:10:34,574:jax._src.dispatch:190: Finished tracing + transforming argsort for pjit in 0.000175238 sec
WARNING:2026-07-18 12:10:34,575:jax._src.dispatch:190: Finished tracing + transforming less for pjit in 0.000303268 sec
WARNING:2026-07-18 12:10:34,575:jax._src.dispatch:190: Finished tracing + transforming _broadcast_arrays for pjit in 0.000183105 sec
WARNING:2026-07-18 12:10:34,577:jax._src.dispatch:190: Finished tracing + transforming matmul for pjit in 0.000294685 sec
WARNING:2026-07-18 12:10:34,577:jax._src.dispatch:190: Finished tracing + transforming conjugate for pjit in 0.000368595 sec
WARNING:2026-07-18 12:10:34,578:jax._src.dispatch:190: Finished tracing + transforming multiply for pjit in 0.000406265 sec
WARNING:2026-07-18 12:10:34,578:jax._src.dispatch:190: Finished tracing + transforming real for pjit in 0.000198364 sec
WARNING:2026-07-18 12:10:34,579:jax._src.dispatch:190: Finished tracing + transforming _reduce_sum for pjit in 0.000665188 sec
WARNING:2026-07-18 12:10:34,580:jax._src.dispatch:190: Finished tracing + transforming sqrt for pjit in 0.000395298 sec
WARNING:2026-07-18 12:10:34,580:jax._src.dispatch:190: Finished tracing + transforming norm for pjit in 0.003252745 sec
WARNING:2026-07-18 12:10:34,581:jax._src.dispatch:190: Finished tracing + transforming maximum for pjit in 0.000238657 sec
WARNING:2026-07-18 12:10:34,581:jax._src.dispatch:190: Finished tracing + transforming true_divide for pjit in 0.000242233 sec
WARNING:2026-07-18 12:10:34,581:jax._src.dispatch:190: Finished tracing + transforming real for pjit in 0.000073671 sec
WARNING:2026-07-18 12:10:34,582:jax._src.dispatch:190: Finished tracing + transforming solve_path for pjit in 0.075977087 sec
WARNING:2026-07-18 12:10:34,585:jax._src.interpreters.pxla:1912: Compiling solve_path with global shapes and types [ShapedArray(complex128[3,144,4,2,640]), ShapedArray(complex128[3,144,4,2,640]), ShapedArray(float64[3,144,4]), ShapedArray(complex128[3,640,640]), ShapedArray(complex128[144,4,2,640]), ShapedArray(complex128[144,4,2,640]), ShapedArray(float64[144,4]), ShapedArray(complex128[640,640,12,12,1])]. Argument mapping: (NamedSharding(mesh=Mesh('x': 2, 'y': 2, axis_types=(Auto, Auto)), spec=PartitionSpec(None, None, None, None, 'x'), memory_kind=device), NamedSharding(mesh=Mesh('x': 2, 'y': 2, axis_types=(Auto, Auto)), spec=PartitionSpec(None, None, None, None, 'y'), memory_kind=device), NamedSharding(mesh=Mesh('x': 2, 'y': 2, axis_types=(Auto, Auto)), spec=PartitionSpec(), memory_kind=device), NamedSharding(mesh=Mesh('x': 2, 'y': 2, axis_types=(Auto, Auto)), spec=PartitionSpec(None, 'x', 'y'), memory_kind=device), NamedSharding(mesh=Mesh('x': 2, 'y': 2, axis_types=(Auto, Auto)), spec=PartitionSpec(None, None, None, 'x'), memory_kind=device), NamedSharding(mesh=Mesh('x': 2, 'y': 2, axis_types=(Auto, Auto)), spec=PartitionSpec(None, None, None, 'y'), memory_kind=device), UnspecifiedValue, NamedSharding(mesh=Mesh('x': 2, 'y': 2, axis_types=(Auto, Auto)), spec=PartitionSpec('x', 'y'), memory_kind=device)).
WARNING:2026-07-18 12:10:34,595:jax._src.dispatch:190: Finished tracing + transforming bitwise_and for pjit in 0.000256062 sec
WARNING:2026-07-18 12:10:34,595:jax._src.dispatch:190: Finished tracing + transforming _threefry_seed for pjit in 0.000993967 sec
WARNING:2026-07-18 12:10:34,598:jax._src.dispatch:190: Finished tracing + transforming _threefry_split_foldlike for pjit in 0.000684977 sec
WARNING:2026-07-18 12:10:34,598:jax._src.dispatch:190: Finished tracing + transforming _threefry_split for pjit in 0.001015186 sec
WARNING:2026-07-18 12:10:34,601:jax._src.dispatch:190: Finished tracing + transforming bitwise_xor for pjit in 0.000206947 sec
WARNING:2026-07-18 12:10:34,601:jax._src.dispatch:190: Finished tracing + transforming add for pjit in 0.000186920 sec
WARNING:2026-07-18 12:10:34,602:jax._src.dispatch:190: Finished tracing + transforming add for pjit in 0.000182629 sec
WARNING:2026-07-18 12:10:34,604:jax._src.dispatch:190: Finished tracing + transforming bitwise_or for pjit in 0.000208378 sec
WARNING:2026-07-18 12:10:34,604:jax._src.dispatch:190: Finished tracing + transforming bitwise_xor for pjit in 0.000197411 sec
WARNING:2026-07-18 12:10:34,622:jax._src.dispatch:190: Finished tracing + transforming bitwise_or for pjit in 0.000193596 sec
WARNING:2026-07-18 12:10:34,623:jax._src.dispatch:190: Finished tracing + transforming add for pjit in 0.000188589 sec
WARNING:2026-07-18 12:10:34,624:jax._src.dispatch:190: Finished tracing + transforming add for pjit in 0.000268698 sec
WARNING:2026-07-18 12:10:34,624:jax._src.dispatch:190: Finished tracing + transforming bitwise_or for pjit in 0.000174046 sec
WARNING:2026-07-18 12:10:34,624:jax._src.dispatch:190: Finished tracing + transforming bitwise_xor for pjit in 0.000174999 sec
WARNING:2026-07-18 12:10:34,652:jax._src.dispatch:190: Finished tracing + transforming negative for pjit in 0.000129700 sec
WARNING:2026-07-18 12:10:34,655:jax._src.dispatch:190: Finished tracing + transforming less for pjit in 0.000277519 sec
WARNING:2026-07-18 12:10:34,657:jax._src.dispatch:190: Finished tracing + transforming add for pjit in 0.000260353 sec
WARNING:2026-07-18 12:10:34,659:jax._src.dispatch:190: Finished tracing + transforming negative for pjit in 0.000131369 sec
WARNING:2026-07-18 12:10:34,666:jax._src.dispatch:190: Finished tracing + transforming negative for pjit in 0.000123501 sec
WARNING:2026-07-18 12:10:34,670:jax._src.dispatch:190: Finished tracing + transforming negative for pjit in 0.000123739 sec
WARNING:2026-07-18 12:10:34,685:jax._src.dispatch:190: Finished tracing + transforming negative for pjit in 0.000134230 sec
WARNING:2026-07-18 12:10:34,687:jax._src.dispatch:190: Finished tracing + transforming negative for pjit in 0.000134468 sec
WARNING:2026-07-18 12:10:34,697:jax._src.dispatch:190: Finished jaxpr to MLIR module conversion jit(solve_path) in 0.111625910 sec
WARNING:2026-07-18 12:10:36,380:jax._src.dispatch:190: Finished XLA compilation of jit(solve_path) in 1.682324886 sec
BSE-sharded: q=0 head injected (rank-1, dual-sharded G0, V_cell=702.20): vhead=9315.306, whead[0]=3499.067
  Streaming Galerkin: nk=144, nb=8, nr=46080, n_mu=640, mesh=(2x2)
  load_centroids_band_chunked: 3.22s
  SVD of (1152, 1280): rank=1152, σ_max=2.831e+00, σ_min/1e-08=1.637e-06 (1.41s)
  G accumulation: 1 chunk(s), 0.84s
  Cholesky of G: 0.37s
  ctilde[0] orthogonality error: 7.327e-15
  Total Galerkin: 7.04s
Loaded wavefunctions: nk=144, nb=8, rank=1152
Q path: 3 points, nodes at [0, 2] labels ['Γ', 'M']
  bse_setup: (12, 12, 1) → explicit q-list (432 q-pts), bands [2, 6) of 1152, batch=32
  f-transform: a=0.363550 Ry, n=3.00, shift=-0.105384 Ry
  bundle: psi_rmu_Y=(432, 4, 2, 640), psi_rmuT_X=(432, 640, 4, 2)
  [gate] htransform@Γ vs stored: max|Δε_c| = 0.000 meV, conduction-subspace overlap min-sval = 0.8852
  [wrapfix] 4 of 144 q relabeled to the sphere-derived center
  [gates] vq_interp coarse data:
    [gate] recon_roundtrip_sphere_Gamma                 2.311e-16  OK
    [gate] sphere_max|q+G|^2_minus_cutoff               0.000e+00  OK
    [gate] makeVq_vs_disk_Vqmunu_allq_max               5.281e-09  OK
    [gate] XHX_vs_Cq_torus_q0                           1.714e-11  OK
    [gate] vSR+vLR==v_q0                                3.721e-18  OK
    [gate] vSR+vLR==v_q1                                1.453e-18  OK
    [gate] slab_axes_offdiag                            0.000e+00  OK
  [prep] gset(0.3) = 337 G; 0 out-of-sphere (q,G) channels zero-filled; sphere-tail bound 6.4e-37
  [fit] LR design: degrees {0: 3, 1: 2, 2: 0, 3: 0} -> 26 complex coefficients per mu (global)
    [null] exact_stencil_VSRc_train_point               2.197e-15  OK
    [null] exact_stencil_Fch_train_point                2.251e-15  OK
    [null] F_own_rebuild_vs_cleaned_LR_tile_max         1.871e-09  OK
solve_path: cold 16.00s (incl. ONE compile), warm 13.94s = 4645.8 ms/Q over 3 Q
solve_path memory_analysis: temp=1892.0 MiB args=274.7 MiB out=0.0 MiB
Wrote baseline_smoke_4gpu.dat
Wrote baseline_smoke_4gpu.png

--- timings (s) ---
  load_bse                   13.10
  htransform_setup            8.23
  htransform_psi_cQ          12.97
  vq_prepare                 52.86
  vq_eval                     0.92
  solve_scan_cold            16.00
  solve_scan_warm            13.94
  TOTAL                     124.15
