# Generated by LORRAX 0.1.0 at 2026-05-13 18:02:10 UTC
# Sigma frequency debug decomposition (per-(k, n) diagonals; all energies in eV).
# k               	n               	E_dft           	Edft-Ef         	kin_ion         	V_H             	x_bare          	x_head          	sig_c(Edft).Re  	sig_c(Edft).Im  	sig_c_head(Edft).Re	sig_c_head(Edft).Im	eqp0            	eqp1            

k-point 0:
               0	               0	      -65.372253	      -61.028672	      +29.046455	     +586.888067	      -40.027912	       -3.563713	       +4.068110	      +18.688868	       +0.288737	       +0.000000	     +579.974720	     +579.974720
               0	               1	      -65.372253	      -61.028672	      +29.046455	     +586.888067	      -40.027912	       -3.563713	       +4.068577	      -18.668015	       +0.288737	       +0.000000	     +579.975187	     +579.975187
               0	               2	      -41.997239	      -37.653659	      +51.436583	     +584.957099	      -33.868926	       -3.563713	       +4.182183	    +4171.482557	       +0.454268	       +0.000000	     +606.706939	     +606.706939
               0	               3	      -41.997239	      -37.653659	      +51.436583	     +584.957099	      -33.868926	       -3.563713	       +4.178141	    +2813.324190	       +0.454268	       +0.000000	     +606.702897	     +606.702897
               0	               4	      -39.497235	      -35.153654	      +48.363182	     +579.024135	      -33.354519	       -3.563713	       +4.245269	    -2449.458295	       +0.483941	       +0.000000	     +598.278068	     +598.278068
               0	               5	      -39.497235	      -35.153654	      +48.363182	     +579.024135	      -33.354519	       -3.563713	       +4.244751	    -2601.534794	       +0.483941	       +0.000000	     +598.277550	     +598.277550
               0	               6	      -39.272877	      -34.929297	      +49.569632	     +589.368972	      -33.492964	       -3.563713	       +4.180923	    -1580.762716	       +0.486794	       +0.000000	     +609.626563	     +609.626563
               0	               7	      -39.272877	      -34.929297	      +49.569632	     +589.368972	      -33.492964	       -3.563713	       +4.182554	     -207.083006	       +0.486794	       +0.000000	     +609.628194	     +609.628194
               0	               8	      -19.398604	      -15.055023	       +9.477705	     +386.206781	      -22.470746	       -3.563713	       +6.518871	       +0.189794	       +1.019119	       +0.000001	     +379.732611	     +379.732611
               0	               9	      -19.398604	      -15.055023	       +9.477705	     +386.206781	      -22.470746	       -3.563713	       +6.517959	       +0.202132	       +1.019119	       +0.000001	     +379.731699	     +379.731699
               0	              10	      -18.214280	      -13.870699	      +12.284206	     +355.332755	      -22.259576	       -3.563713	       +6.510759	      -12.943833	       +1.090158	       +0.000001	     +351.868144	     +351.868144
               0	              11	      -18.214280	      -13.870699	      +12.284206	     +355.332755	      -22.259576	       -3.563713	       +6.512099	      -12.487650	       +1.090158	       +0.000001	     +351.869483	     +351.869483
               0	              12	      -10.873768	       -6.530187	      +18.868760	     +394.732161	      -18.150188	       -3.563713	       +4.647573	       +6.236606	       +1.411915	       +0.000001	     +400.098305	     +282.980218
               0	              13	      -10.873768	       -6.530187	      +18.868760	     +394.732161	      -18.150188	       -3.563713	       +4.647481	       +5.348338	       +1.411915	       +0.000001	     +400.098213	     +282.854152
               0	              14	       -7.815640	       -3.472059	      +37.835671	     +494.042902	      -19.046127	       -3.563713	       +3.324887	     +582.062721	       +1.411900	       +0.000001	     +516.157332	     +377.455227
               0	              15	       -7.815640	       -3.472059	      +37.835671	     +494.042902	      -19.046127	       -3.563713	       +3.324465	     +351.051818	       +1.411900	       +0.000001	     +516.156910	     +377.475999
               0	              16	       -7.759785	       -3.416205	      +36.901147	     +489.243671	      -18.960347	       -3.563713	       +3.326775	     -290.358563	       +1.412074	       +0.000001	     +510.511246	     +373.840059
               0	              17	       -7.759785	       -3.416205	      +36.901147	     +489.243671	      -18.960347	       -3.563713	       +3.327307	     -424.405160	       +1.412074	       +0.000001	     +510.511778	     +373.830665
               0	              18	       -7.145276	       -2.801696	      +20.749566	     +302.039962	      -16.532541	       -3.563713	       +3.218505	       -9.367295	       +1.412282	       +0.000001	     +309.475491	     +230.993817
               0	              19	       -7.145276	       -2.801696	      +20.749566	     +302.039962	      -16.532541	       -3.563713	       +3.217410	      -13.495422	       +1.412282	       +0.000001	     +309.474396	     +231.006386
               0	              20	       -6.779803	       -2.436222	      +40.204986	     +456.942559	      -18.648404	       -3.563713	       +2.637508	     -513.253344	       +1.412017	       +0.000001	     +481.136648	     +359.579581
               0	              21	       -6.779803	       -2.436222	      +40.204986	     +456.942559	      -18.648404	       -3.563713	       +2.637262	      -49.912799	       +1.412017	       +0.000001	     +481.136403	     +359.576697
               0	              22	       -6.699109	       -2.355528	      +39.931230	     +456.364267	      -18.609732	       -3.563713	       +2.618346	     +503.968342	       +1.412210	       +0.000001	     +480.304110	     +359.195251
               0	              23	       -6.699109	       -2.355528	      +39.931230	     +456.364267	      -18.609732	       -3.563713	       +2.618455	      +77.236430	       +1.412210	       +0.000001	     +480.304220	     +359.194433
               0	              24	       -5.386093	       -1.042513	      +41.857618	     +412.834993	      -17.282464	       -3.563713	       +1.824641	      +30.265381	       +1.411960	       +0.000001	     +439.234788	     +330.088736
               0	              25	       -5.386093	       -1.042513	      +41.857618	     +412.834993	      -17.282464	       -3.563713	       +1.824986	      +18.453055	       +1.411960	       +0.000001	     +439.235133	     +330.089249
               0	              26	       -2.581488	       +1.762093	      +43.570119	     +424.365204	      -11.030162	       +0.000000	       -2.816220	     -817.113320	       -1.412306	       -0.000001	     +454.088942	     +343.376792
               0	              27	       -2.581488	       +1.762093	      +43.570119	     +424.365204	      -11.030162	       +0.000000	       -2.816414	    -1343.529646	       -1.412306	       -0.000001	     +454.088748	     +343.368603
               0	              28	       -2.505729	       +1.837851	      +43.295990	     +422.474325	      -11.013623	       +0.000000	       -2.822637	     +935.080648	       -1.412239	       -0.000001	     +451.934054	     +341.599220
               0	              29	       -2.505729	       +1.837851	      +43.295990	     +422.474325	      -11.013623	       +0.000000	       -2.820556	     +442.635090	       -1.412239	       -0.000001	     +451.936134	     +341.615853
               0	              30	       -2.332526	       +2.011054	      +42.421203	     +407.928579	      -11.113173	       +0.000000	       -2.766407	    +1487.038905	       -1.411841	       -0.000001	     +436.470202	     +326.708218
               0	              31	       -2.332526	       +2.011054	      +42.421203	     +407.928579	      -11.113173	       +0.000000	       -2.765300	    +1241.562675	       -1.411841	       -0.000001	     +436.471309	     +326.720544
               0	              32	       -2.326587	       +2.016994	      +42.289590	     +405.625149	      -11.118059	       +0.000000	       -2.750809	    -1188.893153	       -1.411865	       -0.000001	     +434.045871	     +325.123387
               0	              33	       -2.326587	       +2.016994	      +42.289590	     +405.625149	      -11.118059	       +0.000000	       -2.752012	     -935.004603	       -1.411865	       -0.000001	     +434.044668	     +325.125104
               0	              34	       +1.113320	       +5.456901	      +24.044532	     +430.763811	       -6.081574	       +0.000000	       -3.861008	       -5.956389	       -1.411952	       -0.000001	     +444.865760	     +353.208684
               0	              35	       +1.113320	       +5.456901	      +24.044532	     +430.763811	       -6.081574	       +0.000000	       -3.865995	       -7.046246	       -1.411952	       -0.000001	     +444.860774	     +353.223378
               0	              36	       +3.714014	       +8.057594	      +27.477083	     +337.328770	       -5.749533	       +0.000000	       -3.980108	      -69.725513	       -1.412010	       -0.000001	     +355.076213	     +282.011765
               0	              37	       +3.714014	       +8.057594	      +27.477083	     +337.328770	       -5.749533	       +0.000000	       -3.979635	      -68.855851	       -1.412010	       -0.000001	     +355.076686	     +281.989759
               0	              38	       +3.951991	       +8.295572	      +21.757483	     +136.142085	       -3.986012	       +0.000000	       -3.725539	       +5.227822	       -1.412287	       -0.000001	     +150.188017	     +118.563214
               0	              39	       +3.951991	       +8.295572	      +21.757483	     +136.142085	       -3.986012	       +0.000000	       -3.726056	       +5.482041	       -1.412287	       -0.000001	     +150.187500	     +118.573075
               0	              40	       +4.776397	       +9.119978	      +14.550336	      +23.819866	       -2.537055	       +0.000000	       -3.672303	       -4.996936	       -1.412177	       -0.000001	      +32.160844	      +26.861534
               0	              41	       +4.776397	       +9.119978	      +14.550336	      +23.819866	       -2.537055	       +0.000000	       -3.672401	       -5.680667	       -1.412177	       -0.000001	      +32.160746	      +26.860960
               0	              42	       +5.486224	       +9.829804	      +34.714249	     +363.101468	       -5.826263	       +0.000000	       -4.342973	    -1210.534213	       -1.412250	       -0.000001	     +387.646481	     +317.740490
               0	              43	       +5.486224	       +9.829804	      +34.714249	     +363.101468	       -5.826263	       +0.000000	       -4.343797	    -1227.222001	       -1.412250	       -0.000001	     +387.645657	     +317.778056
               0	              44	       +5.562327	       +9.905908	      +34.721519	     +361.614530	       -5.826253	       +0.000000	       -4.346777	    +1279.765362	       -1.412101	       -0.000001	     +386.163019	     +323.274700
               0	              45	       +5.562327	       +9.905908	      +34.721519	     +361.614530	       -5.826253	       +0.000000	       -4.347416	    +1276.569713	       -1.412101	       -0.000001	     +386.162380	     +323.121466
               0	              46	       +7.461580	      +11.805161	      +39.388634	     +333.305640	       -5.649268	       +0.000000	       -4.313995	    -1046.886282	       -1.241035	       -0.000001	     +362.731011	     +362.731011
               0	              47	       +7.461580	      +11.805161	      +39.388634	     +333.305640	       -5.649268	       +0.000000	       -4.314663	    -1009.957023	       -1.241035	       -0.000001	     +362.730343	     +362.730343
               0	              48	       +7.478940	      +11.822521	      +39.423059	     +334.269121	       -5.653757	       +0.000000	       -4.288479	    +1078.452700	       -1.239593	       -0.000001	     +363.749943	     +363.749943
               0	              49	       +7.478940	      +11.822521	      +39.423059	     +334.269121	       -5.653757	       +0.000000	       -4.288798	    +1165.617547	       -1.239593	       -0.000001	     +363.749624	     +363.749624
               0	              50	       +7.640758	      +11.984339	      +39.779355	     +284.093218	       -5.735572	       +0.000000	       -4.282953	      -50.934053	       -1.226312	       -0.000001	     +313.854048	     +313.854048
               0	              51	       +7.640758	      +11.984339	      +39.779355	     +284.093218	       -5.735572	       +0.000000	       -4.282570	      -26.325688	       -1.226312	       -0.000001	     +313.854432	     +313.854432
               0	              52	      +10.750584	      +15.094165	      +46.967980	     +316.339467	       -5.321330	       +0.000000	       -4.111669	    +2058.015388	       -1.016929	       -0.000001	     +353.874448	     +353.874448
               0	              53	      +10.750584	      +15.094165	      +46.967980	     +316.339467	       -5.321330	       +0.000000	       -4.111539	    +2282.374620	       -1.016929	       -0.000001	     +353.874578	     +353.874578
               0	              54	      +10.765263	      +15.108843	      +46.999011	     +316.362800	       -5.324164	       +0.000000	       -4.116920	    -2067.492008	       -1.016110	       -0.000001	     +353.920727	     +353.920727
               0	              55	      +10.765263	      +15.108843	      +46.999011	     +316.362800	       -5.324164	       +0.000000	       -4.116211	    -2154.917241	       -1.016110	       -0.000001	     +353.921436	     +353.921436
               0	              56	      +10.847685	      +15.191265	      +27.096364	     +359.967423	       -3.361477	       +0.000000	       -3.403087	      -18.216029	       -1.011536	       -0.000001	     +380.299222	     +380.299222
               0	              57	      +10.847685	      +15.191265	      +27.096364	     +359.967423	       -3.361477	       +0.000000	       -3.402233	      -18.379987	       -1.011536	       -0.000001	     +380.300076	     +380.300076
               0	              58	      +11.103919	      +15.447499	      +52.071325	     +331.684137	       -5.893308	       +0.000000	       -4.164078	      -27.444863	       -0.997576	       -0.000001	     +373.698076	     +373.698076
               0	              59	      +11.103919	      +15.447499	      +52.071325	     +331.684137	       -5.893308	       +0.000000	       -4.163595	      -58.777128	       -0.997576	       -0.000001	     +373.698558	     +373.698558
               0	              60	      +11.110759	      +15.454340	      +52.215015	     +331.429403	       -5.908007	       +0.000000	       -4.135312	     +133.901188	       -0.997209	       -0.000001	     +373.601098	     +373.601098
               0	              61	      +11.110759	      +15.454340	      +52.215015	     +331.429403	       -5.908007	       +0.000000	       -4.135637	      -43.171802	       -0.997209	       -0.000001	     +373.600773	     +373.600773
               0	              62	      +11.238346	      +15.581926	      +20.779968	     +169.428969	       -2.426217	       +0.000000	       -2.931636	      -22.791135	       -0.990406	       -0.000001	     +184.851085	     +184.851085
               0	              63	      +11.238346	      +15.581926	      +20.779968	     +169.428969	       -2.426217	       +0.000000	       -2.931788	      -23.513993	       -0.990406	       -0.000001	     +184.850933	     +184.850933
               0	              64	      +14.009905	      +18.353485	      +23.572159	     +146.124966	       -2.063891	       +0.000000	       -2.410395	      -10.249778	       -0.862571	       -0.000001	     +165.222838	     +165.222838
               0	              65	      +14.009905	      +18.353485	      +23.572159	     +146.124966	       -2.063891	       +0.000000	       -2.410516	       -8.924323	       -0.862571	       -0.000001	     +165.222717	     +165.222717
               0	              66	      +14.263648	      +18.607229	      +24.020481	      +93.057881	       -1.950294	       +0.000000	       -2.602564	       +4.881019	       -0.852498	       -0.000001	     +112.525505	     +112.525505
               0	              67	      +14.263648	      +18.607229	      +24.020481	      +93.057881	       -1.950294	       +0.000000	       -2.602738	       +4.986849	       -0.852498	       -0.000001	     +112.525330	     +112.525330
               0	              68	      +14.654708	      +18.998289	      +31.957909	     +147.095344	       -2.874216	       +0.000000	       -2.620672	      +18.245540	       -0.837425	       -0.000001	     +173.558364	     +173.558364
               0	              69	      +14.654708	      +18.998289	      +31.957909	     +147.095344	       -2.874216	       +0.000000	       -2.620995	      +18.743597	       -0.837425	       -0.000001	     +173.558041	     +173.558041
               0	              70	      +16.051969	      +20.395549	      +21.426708	     +200.494777	       -1.651523	       +0.000000	       -1.924675	       +0.035261	       -0.787665	       -0.000000	     +218.345288	     +218.345288
               0	              71	      +16.051969	      +20.395549	      +21.426708	     +200.494777	       -1.651523	       +0.000000	       -1.924802	       +0.481390	       -0.787665	       -0.000000	     +218.345161	     +218.345161
               0	              72	      +18.076102	      +22.419683	      +40.962799	     +288.024499	       -3.232074	       +0.000000	       -2.604222	     +312.777333	       -0.725237	       -0.000000	     +323.151003	     +323.151003
               0	              73	      +18.076102	      +22.419683	      +40.962800	     +288.024499	       -3.232074	       +0.000000	       -2.604679	     +370.890409	       -0.725237	       -0.000000	     +323.150547	     +323.150547
               0	              74	      +18.251525	      +22.595105	      +40.374282	     +281.208126	       -3.180758	       +0.000000	       -2.336557	     -505.366673	       -0.720290	       -0.000000	     +316.065093	     +316.065093
               0	              75	      +18.251525	      +22.595105	      +40.374282	     +281.208126	       -3.180758	       +0.000000	       -2.337352	     -556.317288	       -0.720290	       -0.000000	     +316.064298	     +316.064298
               0	              76	      +20.596318	      +24.939898	      +35.278392	     +156.923755	       -2.263746	       +0.000000	       -1.989718	       -1.063089	       -0.660098	       -0.000000	     +187.948684	     +187.948684
               0	              77	      +20.596318	      +24.939898	      +35.278392	     +156.923755	       -2.263746	       +0.000000	       -1.989822	       +3.209993	       -0.660098	       -0.000000	     +187.948579	     +187.948579
               0	              78	      +20.815168	      +25.158748	      +36.342655	     +144.528063	       -1.998095	       +0.000000	       -1.924545	    -1754.881762	       -0.654990	       -0.000000	     +176.948078	     +176.948078
               0	              79	      +20.815168	      +25.158748	      +36.342655	     +144.528063	       -1.998095	       +0.000000	       -1.924776	    -1860.459662	       -0.654990	       -0.000000	     +176.947847	     +176.947847

k-point 1:
               1	               0	      -65.392799	      -61.049218	      +29.311577	     +592.343366	      -40.107482	       -3.563713	       +4.190628	    +1649.249483	       +0.288644	       +0.000000	     +585.738090	     +585.738090
               1	               1	      -65.392799	      -61.049218	      +29.311577	     +592.343366	      -40.107482	       -3.563713	       +4.190187	    +1794.818191	       +0.288644	       +0.000000	     +585.737649	     +585.737649
               1	               2	      -42.080407	      -37.736826	      +50.926996	     +585.133961	      -33.840327	       -3.563713	       +4.239584	   +12819.572645	       +0.453343	       +0.000000	     +606.460214	     +606.460214
               1	               3	      -42.080407	      -37.736826	      +50.926996	     +585.133961	      -33.840327	       -3.563713	       +4.194438	    -6152.505872	       +0.453343	       +0.000000	     +606.415068	     +606.415068
               1	               4	      -39.576634	      -35.233053	      +47.748863	     +581.609911	      -33.473939	       -3.563713	       +4.283649	     -740.431839	       +0.482939	       +0.000000	     +600.168484	     +600.168484
               1	               5	      -39.576634	      -35.233053	      +47.748863	     +581.609911	      -33.473939	       -3.563713	       +4.271839	    -3897.472611	       +0.482939	       +0.000000	     +600.156674	     +600.156674
               1	               6	      -39.426548	      -35.082967	      +48.742352	     +584.671578	      -33.398882	       -3.563713	       +4.260576	   +11591.866201	       +0.484836	       +0.000000	     +604.275625	     +604.275625
               1	               7	      -39.426548	      -35.082967	      +48.742353	     +584.671578	      -33.398882	       -3.563713	       +4.199249	    -3799.046810	       +0.484836	       +0.000000	     +604.214298	     +604.214298
               1	               8	      -18.084493	      -13.740912	      +13.069808	     +384.782929	      -22.425242	       -3.563713	       +6.560535	    +6968.148318	       +1.098550	       +0.000001	     +381.988030	     +381.988030
               1	               9	      -18.084493	      -13.740912	      +13.069808	     +384.782929	      -22.425242	       -3.563713	       +6.561311	    +6615.361278	       +1.098550	       +0.000001	     +381.988806	     +381.988806
               1	              10	      -17.638783	      -13.295202	      +13.836883	     +370.681018	      -22.382017	       -3.563713	       +6.500396	   +25568.447993	       +1.128379	       +0.000001	     +368.636280	     +368.636280
               1	              11	      -17.638783	      -13.295202	      +13.836883	     +370.681018	      -22.382017	       -3.563713	       +6.502807	   +25808.457621	       +1.128379	       +0.000001	     +368.638691	     +368.638691
               1	              12	      -10.524665	       -6.181085	      +22.254093	     +420.673810	      -18.393393	       -3.563713	       +4.385728	    -7034.263045	       +1.412274	       +0.000001	     +428.920238	     +305.807694
               1	              13	      -10.524665	       -6.181085	      +22.254093	     +420.673810	      -18.393393	       -3.563713	       +4.383487	    -7610.723359	       +1.412274	       +0.000001	     +428.917998	     +305.797842
               1	              14	       -9.566583	       -5.223002	      +23.065894	     +380.897991	      -17.844722	       -3.563713	       +3.791626	   -22500.826866	       +1.412304	       +0.000001	     +389.910790	     +282.947405
               1	              15	       -9.566583	       -5.223002	      +23.065895	     +380.897991	      -17.844722	       -3.563713	       +3.789575	   -22850.974136	       +1.412304	       +0.000001	     +389.908740	     +282.955161
               1	              16	       -9.176330	       -4.832749	      +21.632779	     +376.535909	      -17.748084	       -3.563713	       +3.842333	    -4401.935464	       +1.412246	       +0.000001	     +384.262936	     +282.665856
               1	              17	       -9.176330	       -4.832749	      +21.632779	     +376.535909	      -17.748084	       -3.563713	       +3.840465	    -3860.885341	       +1.412246	       +0.000001	     +384.261068	     +282.689987
               1	              18	       -8.120290	       -3.776710	      +34.386661	     +447.730238	      -18.832639	       -3.563713	       +3.353441	    +5052.281909	       +1.412300	       +0.000001	     +466.637701	     +343.527869
               1	              19	       -8.120290	       -3.776709	      +34.386663	     +447.730238	      -18.832639	       -3.563713	       +3.356314	    +5312.676450	       +1.412300	       +0.000001	     +466.640576	     +343.690208
               1	              20	       -7.044058	       -2.700477	      +24.668662	     +322.648580	      -17.173698	       -3.563713	       +3.122021	    -1814.413877	       +1.412291	       +0.000001	     +333.265564	     +247.722249
               1	              21	       -7.044058	       -2.700477	      +24.668663	     +322.648580	      -17.173698	       -3.563713	       +3.126710	    -2057.178258	       +1.412291	       +0.000001	     +333.270254	     +247.706490
               1	              22	       -6.595082	       -2.251502	      +32.360521	     +425.773715	      -17.877411	       -3.563713	       +2.847796	    +5790.372277	       +1.412308	       +0.000001	     +443.104621	     +331.501619
               1	              23	       -6.595079	       -2.251499	      +32.360475	     +425.773715	      -17.877411	       -3.563713	       +2.855033	    -3546.844600	       +1.412308	       +0.000001	     +443.111812	     +331.628882
               1	              24	       -6.289900	       -1.946319	      +38.267526	     +467.217876	      -17.487499	       -3.563713	       +2.276383	   +21457.960296	       +1.411986	       +0.000001	     +490.274287	     +367.941944
               1	              25	       -6.289896	       -1.946316	      +38.267480	     +467.217876	      -17.487499	       -3.563713	       +2.284036	   +12234.406244	       +1.411986	       +0.000001	     +490.281894	     +367.935846
               1	              26	       -3.056465	       +1.287115	      +53.234556	     +482.824397	      -12.329473	       +0.000000	       -2.707114	   -57204.649706	       -1.412294	       -0.000001	     +521.022366	     +389.885554
               1	              27	       -3.056463	       +1.287117	      +53.234586	     +482.824397	      -12.329473	       +0.000000	       -2.686291	     -828.989621	       -1.412294	       -0.000001	     +521.043220	     +389.944910
               1	              28	       -2.954589	       +1.388992	      +50.547141	     +457.120660	      -11.763465	       +0.000000	       -2.831208	   -24351.210404	       -1.412142	       -0.000001	     +493.073129	     +369.728003
               1	              29	       -2.954586	       +1.388994	      +50.547173	     +457.120660	      -11.763465	       +0.000000	       -2.808738	   +30898.830355	       -1.412142	       -0.000001	     +493.095631	     +369.822121
               1	              30	       -1.863615	       +2.479965	      +47.548638	     +438.858837	      -10.691369	       +0.000000	       -3.267537	    -6022.473746	       -1.411871	       -0.000001	     +472.448569	     +358.577989
               1	              31	       -1.863615	       +2.479966	      +47.548635	     +438.858837	      -10.691369	       +0.000000	       -3.269852	    -4560.797073	       -1.411871	       -0.000001	     +472.446251	     +358.512471
               1	              32	       -1.263892	       +3.079689	      +51.240738	     +422.530272	      -11.333404	       +0.000000	       -3.266099	    -4248.565284	       -1.412077	       -0.000001	     +459.171508	     +342.044226
               1	              33	       -1.263891	       +3.079690	      +51.240735	     +422.530272	      -11.333404	       +0.000000	       -3.267809	    -3115.015366	       -1.412077	       -0.000001	     +459.169795	     +342.169734
               1	              34	       +2.649882	       +6.993462	      +30.062434	     +342.057784	       -6.137416	       +0.000000	       -4.033689	   +26822.608989	       -1.411820	       -0.000001	     +361.949113	     +277.120690
               1	              35	       +2.649882	       +6.993463	      +30.062440	     +342.057784	       -6.137416	       +0.000000	       -4.034291	   +24854.484008	       -1.411820	       -0.000001	     +361.948517	     +277.083884
               1	              36	       +2.893230	       +7.236811	      +27.034616	     +321.220302	       -5.568415	       +0.000000	       -3.827867	     -805.098348	       -1.412307	       -0.000001	     +338.858636	     +270.569798
               1	              37	       +2.893230	       +7.236811	      +27.034617	     +321.220302	       -5.568415	       +0.000000	       -3.825879	    -4160.289763	       -1.412307	       -0.000001	     +338.860624	     +270.298335
               1	              38	       +3.304598	       +7.648178	      +34.160207	     +331.561440	       -6.219136	       +0.000000	       -4.203098	   -16636.093493	       -1.412229	       -0.000001	     +355.299413	     +275.323174
               1	              39	       +3.304598	       +7.648179	      +34.160214	     +331.561440	       -6.219136	       +0.000000	       -4.202548	   -16216.318518	       -1.412229	       -0.000001	     +355.299970	     +275.360823
               1	              40	       +5.155272	       +9.498852	      +30.162463	     +213.434300	       -4.717062	       +0.000000	       -4.374710	   -10777.005215	       -1.411799	       -0.000001	     +234.504991	     +166.770806
               1	              41	       +5.155272	       +9.498852	      +30.162461	     +213.434300	       -4.717062	       +0.000000	       -4.377815	   -12417.117137	       -1.411799	       -0.000001	     +234.501885	     +166.408635
               1	              42	       +5.593537	       +9.937117	      +37.610615	     +288.186917	       -5.849185	       +0.000000	       -4.583013	   -14281.802840	       -1.412014	       -0.000001	     +315.365334	     +265.701464
               1	              43	       +5.593537	       +9.937118	      +37.610618	     +288.186917	       -5.849185	       +0.000000	       -4.575676	   -13098.944104	       -1.412014	       -0.000001	     +315.372674	     +265.156341
               1	              44	       +7.168541	      +11.512122	      +40.554125	     +382.020140	       -6.073547	       +0.000000	       -4.204408	     +485.506402	       -1.265890	       -0.000001	     +412.296310	     +412.296310
               1	              45	       +7.168542	      +11.512122	      +40.554129	     +382.020140	       -6.073547	       +0.000000	       -4.200768	     -450.992556	       -1.265890	       -0.000001	     +412.299953	     +412.299953
               1	              46	       +7.616676	      +11.960256	      +27.705613	     +173.591739	       -3.872471	       +0.000000	       -3.772727	    +9565.744040	       -1.228271	       -0.000001	     +193.652154	     +193.652154
               1	              47	       +7.616676	      +11.960256	      +27.705612	     +173.591739	       -3.872471	       +0.000000	       -3.774627	   +11481.399085	       -1.228271	       -0.000001	     +193.650252	     +193.650252
               1	              48	       +7.719677	      +12.063257	      +33.658389	     +312.603849	       -4.899315	       +0.000000	       -3.989643	    +4969.791027	       -1.219938	       -0.000001	     +337.373281	     +337.373281
               1	              49	       +7.719677	      +12.063257	      +33.658393	     +312.603849	       -4.899315	       +0.000000	       -3.981972	    +4798.931897	       -1.219938	       -0.000001	     +337.380955	     +337.380955
               1	              50	       +9.143826	      +13.487406	      +38.315834	     +324.718468	       -4.948843	       +0.000000	       -3.975362	    +1204.309032	       -1.115320	       -0.000001	     +354.110097	     +354.110097
               1	              51	       +9.143826	      +13.487406	      +38.315834	     +324.718468	       -4.948843	       +0.000000	       -3.970684	    +1227.302552	       -1.115320	       -0.000001	     +354.114776	     +354.114776
               1	              52	       +9.711199	      +14.054779	      +30.193889	     +216.186664	       -3.733183	       +0.000000	       -3.532929	   +19370.672748	       -1.078474	       -0.000001	     +239.114442	     +239.114442
               1	              53	       +9.711199	      +14.054780	      +30.193871	     +216.186664	       -3.733183	       +0.000000	       -3.524736	   +17286.601721	       -1.078474	       -0.000001	     +239.122617	     +239.122617
               1	              54	      +10.065543	      +14.409123	      +43.847239	     +356.456859	       -5.346628	       +0.000000	       -3.807931	   +12364.753779	       -1.056672	       -0.000001	     +391.149540	     +391.149540
               1	              55	      +10.065543	      +14.409124	      +43.847231	     +356.456859	       -5.346628	       +0.000000	       -3.808170	   +11255.227979	       -1.056672	       -0.000001	     +391.149291	     +391.149291
               1	              56	      +10.144713	      +14.488294	      +38.036227	     +293.025713	       -4.669683	       +0.000000	       -3.937740	   -24580.633204	       -1.051921	       -0.000001	     +322.454516	     +322.454516
               1	              57	      +10.144714	      +14.488294	      +38.036236	     +293.025713	       -4.669683	       +0.000000	       -3.931484	   -24473.844514	       -1.051921	       -0.000001	     +322.460782	     +322.460782
               1	              58	      +12.357126	      +16.700707	      +53.777692	     +338.149949	       -5.553634	       +0.000000	       -4.173275	   -21698.342956	       -0.934500	       -0.000001	     +382.200731	     +382.200731
               1	              59	      +12.357126	      +16.700707	      +53.777692	     +338.149949	       -5.553634	       +0.000000	       -4.179251	   -22505.881899	       -0.934500	       -0.000001	     +382.194756	     +382.194756
               1	              60	      +13.541741	      +17.885322	      +25.746129	     +115.214025	       -2.058344	       +0.000000	       -2.695601	   +15109.262419	       -0.881797	       -0.000001	     +136.206210	     +136.206210
               1	              61	      +13.541741	      +17.885322	      +25.746130	     +115.214025	       -2.058344	       +0.000000	       -2.694628	   +15067.935823	       -0.881797	       -0.000001	     +136.207183	     +136.207183
               1	              62	      +13.877065	      +18.220646	      +25.281243	     +105.439985	       -2.046740	       +0.000000	       -2.605103	   -15075.566907	       -0.867941	       -0.000001	     +126.069385	     +126.069385
               1	              63	      +13.877066	      +18.220646	      +25.281240	     +105.439985	       -2.046740	       +0.000000	       -2.601982	   -15452.313195	       -0.867941	       -0.000001	     +126.072503	     +126.072503
               1	              64	      +14.840729	      +19.184309	      +29.447002	     +131.121703	       -2.603313	       +0.000000	       -2.515487	   -14205.107493	       -0.830440	       -0.000001	     +155.449906	     +155.449906
               1	              65	      +14.840729	      +19.184309	      +29.446999	     +131.121703	       -2.603313	       +0.000000	       -2.514115	   -13400.442578	       -0.830440	       -0.000001	     +155.451273	     +155.451273
               1	              66	      +15.590640	      +19.934221	      +33.986359	     +138.380200	       -2.824587	       +0.000000	       -2.550546	    -4848.393014	       -0.803427	       -0.000000	     +166.991425	     +166.991425
               1	              67	      +15.590640	      +19.934221	      +33.986358	     +138.380200	       -2.824587	       +0.000000	       -2.552014	    -5988.400705	       -0.803427	       -0.000000	     +166.989957	     +166.989957
               1	              68	      +16.288989	      +20.632570	      +37.976966	     +289.923956	       -3.264167	       +0.000000	       -2.632229	   -10988.145602	       -0.779805	       -0.000000	     +322.004525	     +322.004525
               1	              69	      +16.288989	      +20.632570	      +37.976971	     +289.923956	       -3.264167	       +0.000000	       -2.626651	   -13144.275060	       -0.779805	       -0.000000	     +322.010109	     +322.010109
               1	              70	      +17.050900	      +21.394481	      +40.455410	     +272.861037	       -3.187417	       +0.000000	       -2.716202	   -16916.496620	       -0.755568	       -0.000000	     +307.412829	     +307.412829
               1	              71	      +17.050900	      +21.394481	      +40.455408	     +272.861037	       -3.187417	       +0.000000	       -2.712932	   -14445.142937	       -0.755568	       -0.000000	     +307.416096	     +307.416096
               1	              72	      +17.207931	      +21.551511	      +28.795665	      +68.950708	       -1.845669	       +0.000000	       -2.129836	    +2613.273797	       -0.750758	       -0.000000	      +93.770869	      +93.770869
               1	              73	      +17.207931	      +21.551511	      +28.795664	      +68.950708	       -1.845669	       +0.000000	       -2.130593	    +1860.035151	       -0.750758	       -0.000000	      +93.770111	      +93.770111
               1	              74	      +17.657340	      +22.000920	      +22.358259	     +112.171541	       -1.606386	       +0.000000	       -1.665561	   -12510.058905	       -0.737327	       -0.000000	     +131.257854	     +131.257854
               1	              75	      +17.657340	      +22.000921	      +22.358262	     +112.171541	       -1.606386	       +0.000000	       -1.664070	   -12578.175381	       -0.737327	       -0.000000	     +131.259347	     +131.259347
               1	              76	      +19.467539	      +23.811119	      +42.291497	     +258.500011	       -2.905957	       +0.000000	       -2.292610	   +35556.211014	       -0.687766	       -0.000000	     +295.592941	     +295.592941
               1	              77	      +19.467539	      +23.811119	      +42.291494	     +258.500011	       -2.905957	       +0.000000	       -2.294302	   +36417.194938	       -0.687766	       -0.000000	     +295.591246	     +295.591246
               1	              78	      +19.553067	      +23.896648	      +42.940833	     +300.447984	       -2.915982	       +0.000000	       -2.412900	   +32007.183231	       -0.685589	       -0.000000	     +338.059936	     +338.059936
               1	              79	      +19.553067	      +23.896648	      +42.940834	     +300.447984	       -2.915982	       +0.000000	       -2.409578	   +31856.104161	       -0.685589	       -0.000000	     +338.063258	     +338.063258

k-point 2:
               2	               0	      -65.392799	      -61.049218	      +29.311577	     +592.343366	      -40.107482	       -3.563713	       +4.190102	    +1611.869271	       +0.288644	       +0.000000	     +585.737564	     +585.737564
               2	               1	      -65.392799	      -61.049218	      +29.311577	     +592.343366	      -40.107482	       -3.563713	       +4.193148	    +1817.080194	       +0.288644	       +0.000000	     +585.740610	     +585.740610
               2	               2	      -42.080407	      -37.736826	      +50.926996	     +585.133961	      -33.876130	       -3.563713	       +4.235092	   +13217.682182	       +0.453343	       +0.000000	     +606.419919	     +606.419919
               2	               3	      -42.080407	      -37.736826	      +50.926996	     +585.133961	      -33.876130	       -3.563713	       +4.186072	    -3927.437054	       +0.453343	       +0.000000	     +606.370898	     +606.370898
               2	               4	      -39.576634	      -35.233053	      +47.748863	     +581.609911	      -33.448107	       -3.563713	       +4.285829	    -1852.190997	       +0.482939	       +0.000000	     +600.196496	     +600.196496
               2	               5	      -39.576634	      -35.233053	      +47.748863	     +581.609911	      -33.448107	       -3.563713	       +4.278109	    -4733.952171	       +0.482939	       +0.000000	     +600.188777	     +600.188777
               2	               6	      -39.426548	      -35.082967	      +48.742352	     +584.671578	      -33.392856	       -3.563713	       +4.260794	   +10519.872066	       +0.484836	       +0.000000	     +604.281868	     +604.281868
               2	               7	      -39.426548	      -35.082967	      +48.742353	     +584.671578	      -33.392856	       -3.563713	       +4.203321	    -3429.381564	       +0.484836	       +0.000000	     +604.224396	     +604.224396
               2	               8	      -18.084493	      -13.740912	      +13.069808	     +384.782929	      -22.425207	       -3.563713	       +6.560642	    +6950.307370	       +1.098550	       +0.000001	     +381.988172	     +381.988172
               2	               9	      -18.084493	      -13.740912	      +13.069808	     +384.782929	      -22.425207	       -3.563713	       +6.561092	    +6628.006656	       +1.098550	       +0.000001	     +381.988622	     +381.988622
               2	              10	      -17.638783	      -13.295202	      +13.836883	     +370.681018	      -22.382003	       -3.563713	       +6.500509	   +25594.080973	       +1.128379	       +0.000001	     +368.636407	     +368.636407
               2	              11	      -17.638783	      -13.295202	      +13.836883	     +370.681018	      -22.382003	       -3.563713	       +6.502686	   +25812.345636	       +1.128379	       +0.000001	     +368.638584	     +368.638584
               2	              12	      -10.524665	       -6.181085	      +22.254093	     +420.673810	      -18.393588	       -3.563713	       +4.385940	    -7227.619155	       +1.412274	       +0.000001	     +428.920255	     +305.824168
               2	              13	      -10.524665	       -6.181085	      +22.254093	     +420.673810	      -18.393588	       -3.563713	       +4.383624	    -7624.857111	       +1.412274	       +0.000001	     +428.917939	     +305.779945
               2	              14	       -9.566583	       -5.223002	      +23.065894	     +380.897991	      -17.844906	       -3.563713	       +3.791639	   -22521.244311	       +1.412304	       +0.000001	     +389.910618	     +282.950619
               2	              15	       -9.566583	       -5.223002	      +23.065895	     +380.897991	      -17.844906	       -3.563713	       +3.789681	   -22836.656938	       +1.412304	       +0.000001	     +389.908661	     +282.953930
               2	              16	       -9.176330	       -4.832749	      +21.632779	     +376.535909	      -17.748087	       -3.563713	       +3.842400	    -4341.299567	       +1.412246	       +0.000001	     +384.263000	     +282.668015
               2	              17	       -9.176330	       -4.832749	      +21.632779	     +376.535909	      -17.748087	       -3.563713	       +3.840471	    -3872.325979	       +1.412246	       +0.000001	     +384.261071	     +282.683639
               2	              18	       -8.120290	       -3.776710	      +34.386661	     +447.730238	      -18.832817	       -3.563713	       +3.353515	    +5086.697632	       +1.412300	       +0.000001	     +466.637597	     +343.526621
               2	              19	       -8.120290	       -3.776709	      +34.386663	     +447.730238	      -18.832817	       -3.563713	       +3.356238	    +5321.889878	       +1.412300	       +0.000001	     +466.640322	     +343.697162
               2	              20	       -7.044058	       -2.700477	      +24.668662	     +322.648580	      -17.173860	       -3.563713	       +3.122170	    -1769.808950	       +1.412291	       +0.000001	     +333.265551	     +247.721870
               2	              21	       -7.044058	       -2.700477	      +24.668663	     +322.648580	      -17.173860	       -3.563713	       +3.126802	    -2011.355961	       +1.412291	       +0.000001	     +333.270185	     +247.705196
               2	              22	       -6.595082	       -2.251502	      +32.360521	     +425.773715	      -17.879743	       -3.563713	       +2.849159	    +6126.337221	       +1.412308	       +0.000001	     +443.103652	     +331.499161
               2	              23	       -6.595079	       -2.251499	      +32.360475	     +425.773715	      -17.879743	       -3.563713	       +2.856311	    -3433.510972	       +1.412308	       +0.000001	     +443.110757	     +331.626131
               2	              24	       -6.289900	       -1.946319	      +38.267526	     +467.217876	      -17.485685	       -3.563713	       +2.275464	   +22152.616856	       +1.411986	       +0.000001	     +490.275182	     +367.941806
               2	              25	       -6.289896	       -1.946316	      +38.267480	     +467.217876	      -17.485685	       -3.563713	       +2.283026	   +12569.777759	       +1.411986	       +0.000001	     +490.282697	     +367.935646
               2	              26	       -3.056465	       +1.287115	      +53.234556	     +482.824397	      -12.335783	       +0.000000	       -2.702978	   -56411.971896	       -1.412294	       -0.000001	     +521.020192	     +389.893722
               2	              27	       -3.056463	       +1.287117	      +53.234586	     +482.824397	      -12.335783	       +0.000000	       -2.682267	    -1196.863252	       -1.412294	       -0.000001	     +521.040934	     +389.943990
               2	              28	       -2.954589	       +1.388992	      +50.547141	     +457.120660	      -11.757926	       +0.000000	       -2.835297	   -23223.782417	       -1.412142	       -0.000001	     +493.074578	     +369.722677
               2	              29	       -2.954586	       +1.388994	      +50.547173	     +457.120660	      -11.757926	       +0.000000	       -2.812735	   +30807.182659	       -1.412142	       -0.000001	     +493.097172	     +369.812180
               2	              30	       -1.863615	       +2.479965	      +47.548638	     +438.858837	      -10.690413	       +0.000000	       -3.268560	    -5864.263214	       -1.411871	       -0.000001	     +472.448502	     +358.570772
               2	              31	       -1.863615	       +2.479966	      +47.548635	     +438.858837	      -10.690413	       +0.000000	       -3.271003	    -4550.815863	       -1.411871	       -0.000001	     +472.446056	     +358.508765
               2	              32	       -1.263892	       +3.079689	      +51.240738	     +422.530272	      -11.333122	       +0.000000	       -3.265996	    -4164.184617	       -1.412077	       -0.000001	     +459.171893	     +342.059265
               2	              33	       -1.263891	       +3.079690	      +51.240735	     +422.530272	      -11.333122	       +0.000000	       -3.267899	    -3136.850371	       -1.412077	       -0.000001	     +459.169987	     +342.166173
               2	              34	       +2.649882	       +6.993462	      +30.062434	     +342.057784	       -6.137311	       +0.000000	       -4.033953	   +26818.990027	       -1.411820	       -0.000001	     +361.948955	     +277.112631
               2	              35	       +2.649882	       +6.993463	      +30.062440	     +342.057784	       -6.137311	       +0.000000	       -4.034569	   +24792.680762	       -1.411820	       -0.000001	     +361.948344	     +277.073357
               2	              36	       +2.893230	       +7.236811	      +27.034616	     +321.220302	       -5.568662	       +0.000000	       -3.828028	     -803.954852	       -1.412307	       -0.000001	     +338.858227	     +270.570188
               2	              37	       +2.893230	       +7.236811	      +27.034617	     +321.220302	       -5.568662	       +0.000000	       -3.825839	    -4157.272946	       -1.412307	       -0.000001	     +338.860417	     +270.310549
               2	              38	       +3.304598	       +7.648178	      +34.160207	     +331.561440	       -6.218929	       +0.000000	       -4.203241	   -16637.409120	       -1.412229	       -0.000001	     +355.299477	     +275.316579
               2	              39	       +3.304598	       +7.648179	      +34.160214	     +331.561440	       -6.218929	       +0.000000	       -4.202781	   -16194.184904	       -1.412229	       -0.000001	     +355.299944	     +275.325306
               2	              40	       +5.155272	       +9.498852	      +30.162463	     +213.434300	       -4.717091	       +0.000000	       -4.375328	   -10861.879708	       -1.411799	       -0.000001	     +234.504344	     +166.747294
               2	              41	       +5.155272	       +9.498852	      +30.162461	     +213.434300	       -4.717091	       +0.000000	       -4.378104	   -12493.177205	       -1.411799	       -0.000001	     +234.501567	     +166.465103
               2	              42	       +5.593537	       +9.937117	      +37.610615	     +288.186917	       -5.848995	       +0.000000	       -4.583226	   -14197.185308	       -1.412014	       -0.000001	     +315.365312	     +265.864110
               2	              43	       +5.593537	       +9.937118	      +37.610618	     +288.186917	       -5.848995	       +0.000000	       -4.575034	   -12948.831490	       -1.412014	       -0.000001	     +315.373506	     +265.085146
               2	              44	       +7.168541	      +11.512122	      +40.554125	     +382.020140	       -6.073550	       +0.000000	       -4.204217	     +700.970177	       -1.265890	       -0.000001	     +412.296498	     +412.296498
               2	              45	       +7.168542	      +11.512122	      +40.554129	     +382.020140	       -6.073550	       +0.000000	       -4.200455	     -180.469241	       -1.265890	       -0.000001	     +412.300263	     +412.300263
               2	              46	       +7.616676	      +11.960256	      +27.705613	     +173.591739	       -3.872618	       +0.000000	       -3.772520	    +9565.973289	       -1.228271	       -0.000001	     +193.652214	     +193.652214
               2	              47	       +7.616676	      +11.960256	      +27.705612	     +173.591739	       -3.872618	       +0.000000	       -3.774647	   +11475.128758	       -1.228271	       -0.000001	     +193.650086	     +193.650086
               2	              48	       +7.719677	      +12.063257	      +33.658389	     +312.603849	       -4.899039	       +0.000000	       -3.989892	    +4928.898513	       -1.219938	       -0.000001	     +337.373308	     +337.373308
               2	              49	       +7.719677	      +12.063257	      +33.658393	     +312.603849	       -4.899039	       +0.000000	       -3.982052	    +4814.592122	       -1.219938	       -0.000001	     +337.381151	     +337.381151
               2	              50	       +9.143826	      +13.487406	      +38.315834	     +324.718468	       -4.948858	       +0.000000	       -3.975390	    +1241.060828	       -1.115320	       -0.000001	     +354.110054	     +354.110054
               2	              51	       +9.143826	      +13.487406	      +38.315834	     +324.718468	       -4.948858	       +0.000000	       -3.970583	    +1231.168492	       -1.115320	       -0.000001	     +354.114862	     +354.114862
               2	              52	       +9.711199	      +14.054779	      +30.193889	     +216.186664	       -3.733250	       +0.000000	       -3.532518	   +19504.913480	       -1.078474	       -0.000001	     +239.114785	     +239.114785
               2	              53	       +9.711199	      +14.054780	      +30.193871	     +216.186664	       -3.733250	       +0.000000	       -3.524537	   +17434.373965	       -1.078474	       -0.000001	     +239.122748	     +239.122748
               2	              54	      +10.065543	      +14.409123	      +43.847239	     +356.456859	       -5.346401	       +0.000000	       -3.808332	   +12382.699263	       -1.056672	       -0.000001	     +391.149366	     +391.149366
               2	              55	      +10.065543	      +14.409124	      +43.847231	     +356.456859	       -5.346401	       +0.000000	       -3.808543	   +11226.109529	       -1.056672	       -0.000001	     +391.149146	     +391.149146
               2	              56	      +10.144713	      +14.488294	      +38.036227	     +293.025713	       -4.669626	       +0.000000	       -3.937466	   -24561.575700	       -1.051921	       -0.000001	     +322.454848	     +322.454848
               2	              57	      +10.144714	      +14.488294	      +38.036236	     +293.025713	       -4.669626	       +0.000000	       -3.931698	   -24457.776050	       -1.051921	       -0.000001	     +322.460625	     +322.460625
               2	              58	      +12.357126	      +16.700707	      +53.777692	     +338.149949	       -5.553628	       +0.000000	       -4.173159	   -21709.243680	       -0.934500	       -0.000001	     +382.200854	     +382.200854
               2	              59	      +12.357126	      +16.700707	      +53.777692	     +338.149949	       -5.553628	       +0.000000	       -4.179263	   -22548.087784	       -0.934500	       -0.000001	     +382.194751	     +382.194751
               2	              60	      +13.541741	      +17.885322	      +25.746129	     +115.214025	       -2.058357	       +0.000000	       -2.695795	   +15098.970564	       -0.881797	       -0.000001	     +136.206003	     +136.206003
               2	              61	      +13.541741	      +17.885322	      +25.746130	     +115.214025	       -2.058357	       +0.000000	       -2.694580	   +15039.980006	       -0.881797	       -0.000001	     +136.207219	     +136.207219
               2	              62	      +13.877065	      +18.220646	      +25.281243	     +105.439985	       -2.046699	       +0.000000	       -2.605161	   -15025.526484	       -0.867941	       -0.000001	     +126.069368	     +126.069368
               2	              63	      +13.877066	      +18.220646	      +25.281240	     +105.439985	       -2.046699	       +0.000000	       -2.602248	   -15458.068269	       -0.867941	       -0.000001	     +126.072278	     +126.072278
               2	              64	      +14.840729	      +19.184309	      +29.447002	     +131.121703	       -2.603316	       +0.000000	       -2.515670	   -14299.720476	       -0.830440	       -0.000001	     +155.449719	     +155.449719
               2	              65	      +14.840729	      +19.184309	      +29.446999	     +131.121703	       -2.603316	       +0.000000	       -2.514141	   -13420.834077	       -0.830440	       -0.000001	     +155.451246	     +155.451246
               2	              66	      +15.590640	      +19.934221	      +33.986359	     +138.380200	       -2.824555	       +0.000000	       -2.550407	    -4808.425107	       -0.803427	       -0.000000	     +166.991596	     +166.991596
               2	              67	      +15.590640	      +19.934221	      +33.986358	     +138.380200	       -2.824555	       +0.000000	       -2.551897	    -5984.658402	       -0.803427	       -0.000000	     +166.990105	     +166.990105
               2	              68	      +16.288989	      +20.632570	      +37.976966	     +289.923956	       -3.264162	       +0.000000	       -2.632192	   -10779.488943	       -0.779805	       -0.000000	     +322.004568	     +322.004568
               2	              69	      +16.288989	      +20.632570	      +37.976971	     +289.923956	       -3.264162	       +0.000000	       -2.626059	   -12893.139945	       -0.779805	       -0.000000	     +322.010706	     +322.010706
               2	              70	      +17.050900	      +21.394481	      +40.455410	     +272.861037	       -3.187360	       +0.000000	       -2.716367	   -17060.237601	       -0.755568	       -0.000000	     +307.412720	     +307.412720
               2	              71	      +17.050900	      +21.394481	      +40.455408	     +272.861037	       -3.187360	       +0.000000	       -2.713277	   -14582.318942	       -0.755568	       -0.000000	     +307.415807	     +307.415807
               2	              72	      +17.207931	      +21.551511	      +28.795665	      +68.950708	       -1.845675	       +0.000000	       -2.129592	    +2572.240519	       -0.750758	       -0.000000	      +93.771106	      +93.771106
               2	              73	      +17.207931	      +21.551511	      +28.795664	      +68.950708	       -1.845675	       +0.000000	       -2.130538	    +1802.499802	       -0.750758	       -0.000000	      +93.770159	      +93.770159
               2	              74	      +17.657340	      +22.000920	      +22.358259	     +112.171541	       -1.606381	       +0.000000	       -1.665627	   -12520.539768	       -0.737327	       -0.000000	     +131.257793	     +131.257793
               2	              75	      +17.657340	      +22.000921	      +22.358262	     +112.171541	       -1.606381	       +0.000000	       -1.664011	   -12599.022609	       -0.737327	       -0.000000	     +131.259411	     +131.259411
               2	              76	      +19.467539	      +23.811119	      +42.291497	     +258.500011	       -2.905948	       +0.000000	       -2.292460	   +35758.676337	       -0.687766	       -0.000000	     +295.593100	     +295.593100
               2	              77	      +19.467539	      +23.811119	      +42.291494	     +258.500011	       -2.905948	       +0.000000	       -2.294150	   +36563.692329	       -0.687766	       -0.000000	     +295.591407	     +295.591407
               2	              78	      +19.553067	      +23.896648	      +42.940833	     +300.447984	       -2.915983	       +0.000000	       -2.412995	   +31994.834144	       -0.685589	       -0.000000	     +338.059840	     +338.059840
               2	              79	      +19.553067	      +23.896648	      +42.940834	     +300.447984	       -2.915983	       +0.000000	       -2.409630	   +31858.211402	       -0.685589	       -0.000000	     +338.063206	     +338.063206

k-point 3:
               3	               0	      -65.392799	      -61.049218	      +29.311576	     +595.106761	      -40.131308	       -3.563713	       +4.221661	    -4998.437514	       +0.288644	       +0.000000	     +588.508691	     +588.508691
               3	               1	      -65.392799	      -61.049218	      +29.311576	     +595.106761	      -40.131308	       -3.563713	       +4.238844	    -5176.615722	       +0.288644	       +0.000000	     +588.525874	     +588.525874
               3	               2	      -42.080407	      -37.736826	      +50.926997	     +585.395637	      -33.846128	       -3.563713	       +4.173252	    +9607.807584	       +0.453343	       +0.000000	     +606.649758	     +606.649758
               3	               3	      -42.080407	      -37.736826	      +50.926997	     +585.395637	      -33.846128	       -3.563713	       +4.209195	    +7881.574448	       +0.453343	       +0.000000	     +606.685701	     +606.685701
               3	               4	      -39.576634	      -35.233054	      +47.748863	     +580.947866	      -33.376932	       -3.563713	       +4.311598	   +11915.821011	       +0.482939	       +0.000000	     +599.631396	     +599.631396
               3	               5	      -39.576634	      -35.233054	      +47.748863	     +580.947866	      -33.376932	       -3.563713	       +4.310694	   +10406.238137	       +0.482939	       +0.000000	     +599.630492	     +599.630492
               3	               6	      -39.426547	      -35.082966	      +48.742357	     +586.052104	      -33.490951	       -3.563713	       +4.113941	    +1989.588572	       +0.484836	       +0.000000	     +605.417451	     +605.417451
               3	               7	      -39.426547	      -35.082966	      +48.742357	     +586.052104	      -33.490951	       -3.563713	       +4.146738	    -1882.174640	       +0.484836	       +0.000000	     +605.450248	     +605.450248
               3	               8	      -18.084495	      -13.740915	      +13.069804	     +384.669812	      -22.414255	       -3.563713	       +6.528971	    -5239.153706	       +1.098550	       +0.000001	     +381.854332	     +381.854332
               3	               9	      -18.084495	      -13.740915	      +13.069804	     +384.669812	      -22.414255	       -3.563713	       +6.529958	    -5511.935834	       +1.098550	       +0.000001	     +381.855319	     +381.855319
               3	              10	      -17.638785	      -13.295204	      +13.836879	     +369.176029	      -22.371100	       -3.563713	       +6.521030	   +10242.835407	       +1.128379	       +0.000001	     +367.162838	     +367.162838
               3	              11	      -17.638785	      -13.295204	      +13.836879	     +369.176029	      -22.371100	       -3.563713	       +6.522652	   +10777.068995	       +1.128379	       +0.000001	     +367.164461	     +367.164461
               3	              12	      -10.524665	       -6.181085	      +22.254088	     +420.814527	      -18.398572	       -3.563713	       +4.414325	    -6838.303772	       +1.412274	       +0.000001	     +429.084368	     +305.917514
               3	              13	      -10.524665	       -6.181085	      +22.254088	     +420.814527	      -18.398572	       -3.563713	       +4.414502	    -6694.075242	       +1.412274	       +0.000001	     +429.084545	     +306.132097
               3	              14	       -9.566583	       -5.223003	      +23.065879	     +382.023979	      -17.856817	       -3.563713	       +3.802372	    +5319.039728	       +1.412304	       +0.000001	     +391.035413	     +284.412031
               3	              15	       -9.566583	       -5.223003	      +23.065880	     +382.023979	      -17.856817	       -3.563713	       +3.804566	    +5563.545938	       +1.412304	       +0.000001	     +391.037608	     +284.473536
               3	              16	       -9.176334	       -4.832753	      +21.632777	     +380.449013	      -17.754686	       -3.563713	       +3.866760	    +8387.340597	       +1.412246	       +0.000001	     +388.193863	     +281.204253
               3	              17	       -9.176334	       -4.832753	      +21.632777	     +380.449013	      -17.754686	       -3.563713	       +3.866250	    +8298.295149	       +1.412246	       +0.000001	     +388.193354	     +281.139575
               3	              18	       -8.120282	       -3.776701	      +34.386699	     +445.722028	      -18.798915	       -3.563713	       +3.325290	    -1765.436117	       +1.412300	       +0.000001	     +464.635101	     +343.323463
               3	              19	       -8.120282	       -3.776701	      +34.386701	     +445.722028	      -18.798915	       -3.563713	       +3.325823	     -588.521251	       +1.412300	       +0.000001	     +464.635637	     +343.549596
               3	              20	       -7.044059	       -2.700479	      +24.668662	     +325.809433	      -17.173629	       -3.563713	       +3.121730	    -6402.876505	       +1.412291	       +0.000001	     +336.426196	     +249.836781
               3	              21	       -7.044059	       -2.700479	      +24.668661	     +325.809433	      -17.173629	       -3.563713	       +3.120893	    -8015.337625	       +1.412291	       +0.000001	     +336.425358	     +249.848219
               3	              22	       -6.595074	       -2.251494	      +32.360566	     +427.164685	      -17.883611	       -3.563713	       +2.847419	    -8195.276781	       +1.412308	       +0.000001	     +444.489060	     +332.175459
               3	              23	       -6.595073	       -2.251492	      +32.360543	     +427.164685	      -17.883611	       -3.563713	       +2.848822	    -7565.215060	       +1.412308	       +0.000001	     +444.490439	     +332.233043
               3	              24	       -6.289901	       -1.946321	      +38.267496	     +464.139499	      -17.477409	       -3.563713	       +2.297352	   +33470.713591	       +1.411986	       +0.000001	     +487.226938	     +365.098136
               3	              25	       -6.289899	       -1.946319	      +38.267474	     +464.139499	      -17.477409	       -3.563713	       +2.301726	   +35016.865011	       +1.411986	       +0.000001	     +487.231290	     +365.060206
               3	              26	       -3.056462	       +1.287119	      +53.234509	     +484.711916	      -12.337015	       +0.000000	       -2.716443	   -15728.379806	       -1.412294	       -0.000001	     +522.892967	     +390.540299
               3	              27	       -3.056461	       +1.287120	      +53.234524	     +484.711916	      -12.337015	       +0.000000	       -2.734951	    -4923.647670	       -1.412294	       -0.000001	     +522.874473	     +390.523483
               3	              28	       -2.954589	       +1.388992	      +50.547205	     +456.198337	      -11.766350	       +0.000000	       -2.828217	   -39583.124240	       -1.412142	       -0.000001	     +492.150975	     +369.386893
               3	              29	       -2.954587	       +1.388993	      +50.547222	     +456.198337	      -11.766350	       +0.000000	       -2.843031	   -30187.021217	       -1.412142	       -0.000001	     +492.136178	     +369.480129
               3	              30	       -1.863614	       +2.479966	      +47.548664	     +439.061671	      -10.685419	       +0.000000	       -3.282194	   -10899.706378	       -1.411871	       -0.000001	     +472.642721	     +359.327183
               3	              31	       -1.863614	       +2.479967	      +47.548663	     +439.061671	      -10.685419	       +0.000000	       -3.284448	   -12491.916453	       -1.411871	       -0.000001	     +472.640466	     +359.346076
               3	              32	       -1.263889	       +3.079692	      +51.240739	     +430.843964	      -11.318854	       +0.000000	       -3.267484	   +13558.988460	       -1.412077	       -0.000001	     +467.498365	     +348.292250
               3	              33	       -1.263888	       +3.079693	      +51.240739	     +430.843964	      -11.318854	       +0.000000	       -3.270207	   +11790.839613	       -1.412077	       -0.000001	     +467.495641	     +348.023289
               3	              34	       +2.649882	       +6.993463	      +30.062540	     +343.218035	       -6.128877	       +0.000000	       -4.064777	   -42927.492205	       -1.411820	       -0.000001	     +363.086922	     +277.417105
               3	              35	       +2.649882	       +6.993463	      +30.062546	     +343.218035	       -6.128877	       +0.000000	       -4.062871	   -39752.397947	       -1.411820	       -0.000001	     +363.088833	     +277.408635
               3	              36	       +2.893232	       +7.236813	      +27.034595	     +321.424397	       -5.567737	       +0.000000	       -3.820115	   -16248.139999	       -1.412307	       -0.000001	     +339.071139	     +272.579275
               3	              37	       +2.893232	       +7.236813	      +27.034596	     +321.424397	       -5.567737	       +0.000000	       -3.818075	   -16920.308099	       -1.412307	       -0.000001	     +339.073180	     +272.750613
               3	              38	       +3.304596	       +7.648177	      +34.160082	     +331.355785	       -6.223186	       +0.000000	       -4.237199	   +21721.931394	       -1.412229	       -0.000001	     +355.055482	     +268.694897
               3	              39	       +3.304597	       +7.648177	      +34.160089	     +331.355785	       -6.223186	       +0.000000	       -4.236365	   +22410.120012	       -1.412229	       -0.000001	     +355.056323	     +268.384397
               3	              40	       +5.155271	       +9.498852	      +30.162488	     +211.870256	       -4.721170	       +0.000000	       -4.332386	   +23476.333526	       -1.411799	       -0.000001	     +232.979188	     +169.523247
               3	              41	       +5.155271	       +9.498852	      +30.162487	     +211.870256	       -4.721170	       +0.000000	       -4.331670	   +24167.961158	       -1.411799	       -0.000001	     +232.979902	     +169.389440
               3	              42	       +5.593534	       +9.937114	      +37.610611	     +289.891923	       -5.854978	       +0.000000	       -4.653961	   +22168.702993	       -1.412014	       -0.000001	     +316.993596	     +253.260296
               3	              43	       +5.593534	       +9.937115	      +37.610614	     +289.891923	       -5.854978	       +0.000000	       -4.652856	   +23282.363133	       -1.412014	       -0.000001	     +316.994702	     +253.694445
               3	              44	       +7.168552	      +11.512132	      +40.554126	     +375.729392	       -6.071539	       +0.000000	       -4.271312	    -9464.134637	       -1.265889	       -0.000001	     +405.940667	     +405.940667
               3	              45	       +7.168552	      +11.512133	      +40.554131	     +375.729392	       -6.071539	       +0.000000	       -4.260101	    -4392.110416	       -1.265889	       -0.000001	     +405.951884	     +405.951884
               3	              46	       +7.616670	      +11.960251	      +27.705580	     +167.744664	       -3.879670	       +0.000000	       -3.763714	   +16879.364227	       -1.228271	       -0.000001	     +187.806860	     +187.806860
               3	              47	       +7.616670	      +11.960251	      +27.705580	     +167.744664	       -3.879670	       +0.000000	       -3.767685	   +16145.963365	       -1.228271	       -0.000001	     +187.802888	     +187.802888
               3	              48	       +7.719668	      +12.063249	      +33.658351	     +310.796551	       -4.895634	       +0.000000	       -3.995204	   +21280.771243	       -1.219939	       -0.000001	     +335.564064	     +335.564064
               3	              49	       +7.719669	      +12.063249	      +33.658357	     +310.796551	       -4.895634	       +0.000000	       -3.990760	   +27438.121453	       -1.219939	       -0.000001	     +335.568513	     +335.568513
               3	              50	       +9.143833	      +13.487414	      +38.315851	     +317.373567	       -4.951562	       +0.000000	       -3.883222	    -7281.002255	       -1.115319	       -0.000001	     +346.854633	     +346.854633
               3	              51	       +9.143833	      +13.487414	      +38.315851	     +317.373567	       -4.951562	       +0.000000	       -3.884527	    -7722.937443	       -1.115319	       -0.000001	     +346.853328	     +346.853328
               3	              52	       +9.711197	      +14.054778	      +30.193871	     +216.292059	       -3.732544	       +0.000000	       -3.593416	   -18417.444855	       -1.078474	       -0.000001	     +239.159970	     +239.159970
               3	              53	       +9.711197	      +14.054778	      +30.193866	     +216.292059	       -3.732544	       +0.000000	       -3.598020	   -21064.849285	       -1.078474	       -0.000001	     +239.155362	     +239.155362
               3	              54	      +10.065546	      +14.409126	      +43.847186	     +353.337548	       -5.350735	       +0.000000	       -4.078494	   -11534.724297	       -1.056672	       -0.000001	     +387.755504	     +387.755504
               3	              55	      +10.065546	      +14.409126	      +43.847187	     +353.337548	       -5.350735	       +0.000000	       -4.084915	   -12744.383321	       -1.056672	       -0.000001	     +387.749085	     +387.749085
               3	              56	      +10.144710	      +14.488291	      +38.036298	     +292.688852	       -4.671238	       +0.000000	       -3.924804	    +9099.880585	       -1.051921	       -0.000001	     +322.129108	     +322.129108
               3	              57	      +10.144710	      +14.488291	      +38.036303	     +292.688852	       -4.671238	       +0.000000	       -3.929553	    +8470.141816	       -1.051921	       -0.000001	     +322.124364	     +322.124364
               3	              58	      +12.357130	      +16.700710	      +53.777706	     +325.005017	       -5.550445	       +0.000000	       -3.891587	    -6786.016317	       -0.934500	       -0.000001	     +369.340691	     +369.340691
               3	              59	      +12.357130	      +16.700710	      +53.777707	     +325.005017	       -5.550445	       +0.000000	       -3.896141	    -6405.856341	       -0.934500	       -0.000001	     +369.336138	     +369.336138
               3	              60	      +13.541740	      +17.885321	      +25.746118	     +115.690551	       -2.056968	       +0.000000	       -2.670193	   +35581.598986	       -0.881797	       -0.000001	     +136.709508	     +136.709508
               3	              61	      +13.541740	      +17.885321	      +25.746119	     +115.690551	       -2.056968	       +0.000000	       -2.670550	   +34251.135048	       -0.881797	       -0.000001	     +136.709152	     +136.709152
               3	              62	      +13.877063	      +18.220643	      +25.281264	     +104.644365	       -2.046038	       +0.000000	       -2.613016	   +18644.504270	       -0.867941	       -0.000001	     +125.266575	     +125.266575
               3	              63	      +13.877063	      +18.220644	      +25.281261	     +104.644365	       -2.046038	       +0.000000	       -2.613917	   +19112.943822	       -0.867941	       -0.000001	     +125.265672	     +125.265672
               3	              64	      +14.840724	      +19.184305	      +29.446948	     +131.450569	       -2.603544	       +0.000000	       -2.538588	    -2239.218890	       -0.830440	       -0.000001	     +155.755385	     +155.755385
               3	              65	      +14.840724	      +19.184305	      +29.446945	     +131.450569	       -2.603544	       +0.000000	       -2.536220	    -4043.288912	       -0.830440	       -0.000001	     +155.757751	     +155.757751
               3	              66	      +15.590636	      +19.934217	      +33.986370	     +137.785190	       -2.825371	       +0.000000	       -2.528013	   -20273.221810	       -0.803427	       -0.000000	     +166.418176	     +166.418176
               3	              67	      +15.590636	      +19.934217	      +33.986370	     +137.785190	       -2.825371	       +0.000000	       -2.528823	   -18788.210538	       -0.803427	       -0.000000	     +166.417365	     +166.417365
               3	              68	      +16.289002	      +20.632583	      +37.976985	     +293.924438	       -3.259998	       +0.000000	       -2.584029	    +5467.977396	       -0.779804	       -0.000000	     +326.057396	     +326.057396
               3	              69	      +16.289002	      +20.632583	      +37.976989	     +293.924438	       -3.259998	       +0.000000	       -2.583620	    +5940.102429	       -0.779804	       -0.000000	     +326.057809	     +326.057809
               3	              70	      +17.050898	      +21.394478	      +40.455425	     +269.232858	       -3.190350	       +0.000000	       -2.708247	    +8547.179793	       -0.755568	       -0.000000	     +303.789687	     +303.789687
               3	              71	      +17.050898	      +21.394479	      +40.455423	     +269.232858	       -3.190350	       +0.000000	       -2.706845	   +11401.528779	       -0.755568	       -0.000000	     +303.791087	     +303.791087
               3	              72	      +17.207928	      +21.551508	      +28.795666	      +48.220242	       -1.845781	       +0.000000	       -2.184182	   -11870.644114	       -0.750759	       -0.000000	      +72.985945	      +72.985945
               3	              73	      +17.207928	      +21.551508	      +28.795666	      +48.220242	       -1.845781	       +0.000000	       -2.184723	   -11824.299128	       -0.750759	       -0.000000	      +72.985404	      +72.985404
               3	              74	      +17.657340	      +22.000921	      +22.358283	     +123.875919	       -1.605495	       +0.000000	       -1.667730	    +6614.558249	       -0.737327	       -0.000000	     +142.960977	     +142.960977
               3	              75	      +17.657340	      +22.000921	      +22.358284	     +123.875919	       -1.605495	       +0.000000	       -1.667653	    +6732.355424	       -0.737327	       -0.000000	     +142.961056	     +142.961056
               3	              76	      +19.467532	      +23.811113	      +42.291496	     +243.339480	       -2.906047	       +0.000000	       -2.365125	   -23612.341879	       -0.687766	       -0.000000	     +280.359803	     +280.359803
               3	              77	      +19.467532	      +23.811113	      +42.291495	     +243.339480	       -2.906047	       +0.000000	       -2.368184	   -24450.384507	       -0.687766	       -0.000000	     +280.356744	     +280.356744
               3	              78	      +19.553053	      +23.896634	      +42.940846	     +286.381563	       -2.916772	       +0.000000	       -2.386927	    -2143.882727	       -0.685589	       -0.000000	     +324.018710	     +324.018710
               3	              79	      +19.553054	      +23.896634	      +42.940848	     +286.381563	       -2.916772	       +0.000000	       -2.384031	    -3185.417078	       -0.685589	       -0.000000	     +324.021609	     +324.021609

k-point 4:
               4	               0	      -65.289463	      -60.945882	      +29.287389	     +594.417368	      -40.101076	       -3.563713	       +4.363911	    +5631.243740	       +0.289110	       +0.000000	     +587.967593	     +587.967593
               4	               1	      -65.289458	      -60.945878	      +29.287409	     +594.417368	      -40.101076	       -3.563713	       +4.366650	    +5853.765710	       +0.289110	       +0.000000	     +587.970352	     +587.970352
               4	               2	      -42.122165	      -37.778584	      +50.565577	     +585.165817	      -33.818722	       -3.563713	       +4.218162	   -19266.125030	       +0.452880	       +0.000000	     +606.130834	     +606.130834
               4	               3	      -42.099981	      -37.756400	      +50.768552	     +584.394446	      -33.852185	       -3.563713	       +4.243128	   +35322.072247	       +0.453126	       +0.000000	     +605.553941	     +605.553941
               4	               4	      -39.582218	      -35.238638	      +47.373733	     +587.008382	      -33.443799	       -3.563713	       +4.297726	   -34963.627829	       +0.482869	       +0.000000	     +605.236042	     +605.236042
               4	               5	      -39.538369	      -35.194788	      +48.073174	     +578.319199	      -33.349468	       -3.563713	       +4.224166	   -12094.012856	       +0.483421	       +0.000000	     +597.267071	     +597.267071
               4	               6	      -39.534508	      -35.190927	      +47.785215	     +585.756009	      -33.505676	       -3.563713	       +4.331699	   +57255.471194	       +0.483470	       +0.000000	     +604.367247	     +604.367247
               4	               7	      -39.522507	      -35.178926	      +48.204994	     +577.995853	      -33.370601	       -3.563713	       +4.247416	   +18318.557830	       +0.483621	       +0.000000	     +597.077661	     +597.077661
               4	               8	      -17.273677	      -12.930096	      +15.720708	     +389.136742	      -22.503124	       -3.563713	       +6.598255	   +12066.371415	       +1.154049	       +0.000001	     +388.952583	     +388.952583
               4	               9	      -17.230830	      -12.887250	      +15.115620	     +380.361760	      -22.535315	       -3.563713	       +6.582670	   +38163.072204	       +1.157138	       +0.000001	     +379.524735	     +379.524735
               4	              10	      -17.227365	      -12.883784	      +15.092539	     +380.188108	      -22.532894	       -3.563713	       +6.573228	   +37454.648979	       +1.157388	       +0.000001	     +379.320981	     +379.320981
               4	              11	      -17.210675	      -12.867094	      +15.972985	     +388.211441	      -22.527676	       -3.563713	       +6.610949	   +12190.914709	       +1.158597	       +0.000001	     +388.267699	     +388.267699
               4	              12	      -10.760539	       -6.416958	      +23.104874	     +418.316144	      -18.553891	       -3.563713	       +4.364450	   -39704.501083	       +1.412072	       +0.000001	     +427.231578	     +310.310892
               4	              13	      -10.751426	       -6.407846	      +23.327905	     +419.606666	      -18.576832	       -3.563713	       +4.358326	   -38908.966691	       +1.412096	       +0.000001	     +428.716064	     +312.056379
               4	              14	       -9.925139	       -5.581559	      +20.300248	     +382.866961	      -17.995864	       -3.563713	       +4.217678	   -55999.683377	       +1.412082	       +0.000001	     +389.389023	     +279.953698
               4	              15	       -9.889646	       -5.546065	      +20.290045	     +383.030256	      -17.997798	       -3.563713	       +4.210647	   -55750.685084	       +1.411972	       +0.000001	     +389.533150	     +280.675128
               4	              16	       -9.441757	       -5.098177	      +18.615134	     +394.818672	      -16.722188	       -3.563713	       +3.500908	    +1766.435284	       +1.412126	       +0.000001	     +400.212525	     +296.689293
               4	              17	       -9.382374	       -5.038793	      +18.968955	     +393.014885	      -16.740819	       -3.563713	       +3.462699	    +1154.625256	       +1.411947	       +0.000001	     +398.705719	     +296.342205
               4	              18	       -8.864993	       -4.521412	      +25.609928	     +372.708686	      -18.437272	       -3.563713	       +3.902839	   +13806.122074	       +1.411882	       +0.000001	     +383.784181	     +278.955451
               4	              19	       -8.839967	       -4.496386	      +26.230233	     +376.002672	      -18.489203	       -3.563713	       +3.877750	   +14191.101685	       +1.411809	       +0.000001	     +387.621452	     +282.341050
               4	              20	       -8.314099	       -3.970519	      +20.631965	     +348.735174	      -16.938201	       -3.563713	       +3.378329	   +30787.617346	       +1.411905	       +0.000001	     +355.807267	     +263.729784
               4	              21	       -8.264530	       -3.920949	      +20.547262	     +348.479573	      -16.924697	       -3.563713	       +3.365989	   +30537.077741	       +1.412061	       +0.000001	     +355.468128	     +263.628602
               4	              22	       -7.587982	       -3.244401	      +29.988443	     +347.550847	      -18.302110	       -3.563713	       +3.345287	   -14632.576645	       +1.412308	       +0.000001	     +362.582466	     +266.486819
               4	              23	       -7.566418	       -3.222837	      +29.773751	     +346.637086	      -18.274317	       -3.563713	       +3.336262	   -14221.325745	       +1.412304	       +0.000001	     +361.472782	     +265.792648
               4	              24	       -5.326194	       -0.982614	      +46.372181	     +505.166179	      -18.030059	       -3.563713	       +1.929455	   +33993.968911	       +1.411861	       +0.000001	     +535.437756	     +400.178090
               4	              25	       -5.193615	       -0.850034	      +45.474213	     +502.764158	      -17.919014	       -3.563713	       +1.904794	   +31507.207090	       +1.412219	       +0.000001	     +532.224151	     +397.794191
               4	              26	       -3.493546	       +0.850034	      +55.511863	     +528.390932	      -12.652983	       +0.000000	       -2.793153	   -40172.246690	       -1.412219	       -0.000001	     +568.456659	     +426.362202
               4	              27	       -3.489961	       +0.853619	      +55.455293	     +527.867204	      -12.646980	       +0.000000	       -2.790256	   -40830.185834	       -1.412213	       -0.000001	     +567.885261	     +425.989163
               4	              28	       -2.349114	       +1.994467	      +45.896751	     +408.206677	      -10.506638	       +0.000000	       -3.053129	   +26493.397267	       -1.411817	       -0.000001	     +440.543661	     +334.205734
               4	              29	       -2.318861	       +2.024720	      +45.931999	     +408.480226	      -10.524359	       +0.000000	       -3.055331	   +27340.346847	       -1.411895	       -0.000001	     +440.832535	     +334.392898
               4	              30	       -1.737564	       +2.606016	      +57.019562	     +483.491413	      -12.255356	       +0.000000	       -3.153074	   -21868.940303	       -1.412145	       -0.000001	     +525.102545	     +389.103041
               4	              31	       -1.607455	       +2.736125	      +56.878365	     +485.518019	      -12.229712	       +0.000000	       -3.188322	   -25698.975338	       -1.412307	       -0.000001	     +526.978350	     +389.851106
               4	              32	       -0.396867	       +3.946713	      +59.713324	     +482.720524	      -11.716085	       +0.000000	       -3.811389	   +27556.185385	       -1.411985	       -0.000001	     +526.906374	     +391.762820
               4	              33	       -0.320176	       +4.023404	      +59.669398	     +483.114145	      -11.714218	       +0.000000	       -3.832196	   +28126.414734	       -1.411890	       -0.000001	     +527.237129	     +390.394228
               4	              34	       +2.059713	       +6.403294	      +35.141266	     +377.620686	       -7.007562	       +0.000000	       -3.846449	   +24125.313764	       -1.412108	       -0.000001	     +401.907941	     +307.894717
               4	              35	       +2.197666	       +6.541247	      +34.919172	     +375.112169	       -6.967585	       +0.000000	       -3.866818	   +23092.003616	       -1.411955	       -0.000001	     +399.196938	     +305.115877
               4	              36	       +2.544442	       +6.888023	      +27.064973	     +302.168891	       -5.549178	       +0.000000	       -3.934190	   +84139.553510	       -1.412144	       -0.000001	     +319.750496	     +246.653719
               4	              37	       +2.547609	       +6.891189	      +27.037240	     +301.606059	       -5.545915	       +0.000000	       -3.929112	   +84201.957265	       -1.412137	       -0.000001	     +319.168271	     +246.184709
               4	              38	       +4.779964	       +9.123545	      +24.682278	     +233.905613	       -4.240567	       +0.000000	       -4.101368	   -30990.921732	       -1.412184	       -0.000001	     +250.245957	     +193.868676
               4	              39	       +4.790015	       +9.133595	      +24.688570	     +233.920906	       -4.245766	       +0.000000	       -4.094918	   -31414.021819	       -1.412204	       -0.000001	     +250.268792	     +193.617267
               4	              40	       +5.792462	      +10.136042	      +37.854992	     +340.366334	       -6.288956	       +0.000000	       -4.328108	   +15723.316231	       -1.397306	       -0.000001	     +367.604262	     +338.166174
               4	              41	       +5.847475	      +10.191055	      +37.875448	     +338.433604	       -6.291451	       +0.000000	       -4.302591	   +14152.894870	       -1.391530	       -0.000001	     +365.715010	     +340.748307
               4	              42	       +6.356892	      +10.700473	      +33.738775	     +373.773888	       -5.739729	       +0.000000	       -4.089618	   +20610.113943	       -1.340237	       -0.000001	     +397.683316	     +397.683316
               4	              43	       +6.375935	      +10.719516	      +33.776270	     +374.674382	       -5.753856	       +0.000000	       -4.081155	   +21298.094914	       -1.338393	       -0.000001	     +398.615641	     +398.615641
               4	              44	       +7.147369	      +11.490949	      +34.719179	     +219.188343	       -4.513390	       +0.000000	       -4.333765	   -32348.025825	       -1.267725	       -0.000001	     +245.060366	     +245.060366
               4	              45	       +7.164538	      +11.508118	      +34.715493	     +219.672663	       -4.514355	       +0.000000	       -4.342013	   -32125.429713	       -1.266237	       -0.000001	     +245.531787	     +245.531787
               4	              46	       +7.271748	      +11.615329	      +38.829403	     +319.335179	       -5.491390	       +0.000000	       -4.521263	   -35874.295966	       -1.257024	       -0.000001	     +348.151929	     +348.151929
               4	              47	       +7.332089	      +11.675670	      +38.803799	     +317.918764	       -5.494553	       +0.000000	       -4.528968	   -37275.455985	       -1.251897	       -0.000001	     +346.699042	     +346.699042
               4	              48	       +7.688873	      +12.032453	      +38.979208	     +331.473845	       -5.361721	       +0.000000	       -4.455702	   +72071.610794	       -1.222418	       -0.000001	     +360.635629	     +360.635629
               4	              49	       +7.718731	      +12.062312	      +39.040711	     +331.707481	       -5.376652	       +0.000000	       -4.452845	   +71136.296686	       -1.220014	       -0.000001	     +360.918694	     +360.918694
               4	              50	       +7.723235	      +12.066816	      +39.789670	     +345.726861	       -5.628323	       +0.000000	       -4.436164	   -49787.082570	       -1.219652	       -0.000001	     +375.452043	     +375.452043
               4	              51	       +7.742222	      +12.085802	      +39.792686	     +345.634061	       -5.631154	       +0.000000	       -4.446236	   -50231.244517	       -1.218129	       -0.000001	     +375.349357	     +375.349357
               4	              52	       +9.005471	      +13.349051	      +30.682171	     +178.909826	       -3.790812	       +0.000000	       -3.731603	    +3516.337804	       -1.124690	       -0.000001	     +202.069583	     +202.069583
               4	              53	       +9.005478	      +13.349058	      +30.683072	     +178.909826	       -3.790812	       +0.000000	       -3.741509	    +3895.402787	       -1.124689	       -0.000001	     +202.060578	     +202.060578
               4	              54	      +10.575350	      +14.918930	      +29.340814	     +224.831287	       -3.130175	       +0.000000	       -3.493056	   -46573.072006	       -1.026808	       -0.000001	     +247.548870	     +247.548870
               4	              55	      +10.637025	      +14.980606	      +29.351239	     +225.291583	       -3.142313	       +0.000000	       -3.478739	   -45211.580564	       -1.023309	       -0.000001	     +248.021770	     +248.021770
               4	              56	      +11.728256	      +16.071837	      +31.449326	     +173.296008	       -3.219576	       +0.000000	       -3.166004	    -9750.738748	       -0.965123	       -0.000001	     +198.359754	     +198.359754
               4	              57	      +11.732590	      +16.076170	      +31.376440	     +172.280989	       -3.208265	       +0.000000	       -3.167426	    -9855.010720	       -0.964905	       -0.000001	     +197.281737	     +197.281737
               4	              58	      +12.950804	      +17.294384	      +25.604771	      +67.512353	       -2.482547	       +0.000000	       -2.668186	     -290.893987	       -0.907323	       -0.000001	      +87.966391	      +87.966391
               4	              59	      +12.953291	      +17.296872	      +26.189976	      +80.712215	       -2.576950	       +0.000000	       -2.678242	     -394.927016	       -0.907213	       -0.000001	     +101.646999	     +101.646999
               4	              60	      +13.273329	      +17.616910	      +35.965783	     +264.929079	       -3.577173	       +0.000000	       -3.129125	    -1495.625912	       -0.893211	       -0.000001	     +294.188564	     +294.188564
               4	              61	      +13.344627	      +17.688208	      +27.868817	      +78.876582	       -2.268178	       +0.000000	       -2.664089	    +8299.403116	       -0.890150	       -0.000001	     +101.813131	     +101.813131
               4	              62	      +13.372807	      +17.716387	      +32.330704	     +177.407014	       -2.976302	       +0.000000	       -2.900094	    +3147.984109	       -0.888946	       -0.000001	     +203.861322	     +203.861322
               4	              63	      +13.502358	      +17.845939	      +40.676502	     +375.150768	       -4.362776	       +0.000000	       -3.350434	    -5315.534043	       -0.883453	       -0.000001	     +408.114060	     +408.114060
               4	              64	      +14.091708	      +18.435289	      +32.350624	     +132.914586	       -2.921742	       +0.000000	       -2.712536	   -11948.785214	       -0.859298	       -0.000001	     +159.630932	     +159.630932
               4	              65	      +14.097493	      +18.441074	      +32.361604	     +132.636806	       -2.921880	       +0.000000	       -2.703668	   -12000.215407	       -0.859067	       -0.000001	     +159.372862	     +159.372862
               4	              66	      +14.882463	      +19.226044	      +36.620043	      +89.923264	       -2.889363	       +0.000000	       -2.756174	    +7255.373418	       -0.828889	       -0.000001	     +120.897771	     +120.897771
               4	              67	      +14.897879	      +19.241459	      +36.690578	      +90.456094	       -2.900639	       +0.000000	       -2.762080	    +7000.952688	       -0.828318	       -0.000001	     +121.483952	     +121.483952
               4	              68	      +15.456548	      +19.800128	      +39.583463	     +185.786266	       -3.247346	       +0.000000	       -2.861180	   -38335.764980	       -0.808127	       -0.000000	     +219.261203	     +219.261203
               4	              69	      +15.475579	      +19.819160	      +39.543512	     +185.455040	       -3.250751	       +0.000000	       -2.863325	   -38401.401263	       -0.807457	       -0.000000	     +218.884476	     +218.884476
               4	              70	      +17.724109	      +22.067690	      +34.756166	     +169.899693	       -2.735318	       +0.000000	       -2.062811	    -7629.724642	       -0.735373	       -0.000000	     +199.857730	     +199.857730
               4	              71	      +17.738872	      +22.082453	      +34.728053	     +169.905390	       -2.736804	       +0.000000	       -2.060062	    -7929.119977	       -0.734942	       -0.000000	     +199.836578	     +199.836578
               4	              72	      +19.265163	      +23.608743	      +45.475831	     +321.296679	       -3.203149	       +0.000000	       -2.503822	   +27923.933906	       -0.692974	       -0.000000	     +361.065539	     +361.065539
               4	              73	      +19.265338	      +23.608918	      +45.493587	     +321.532638	       -3.207200	       +0.000000	       -2.501161	   +28017.939963	       -0.692969	       -0.000000	     +361.317864	     +361.317864
               4	              74	      +20.119740	      +24.463320	      +50.177513	     +309.166271	       -3.568797	       +0.000000	       -2.317747	   -12919.187681	       -0.671504	       -0.000000	     +353.457240	     +353.457240
               4	              75	      +20.145672	      +24.489252	      +49.699997	     +303.050993	       -3.524812	       +0.000000	       -2.294338	   -12240.314287	       -0.670873	       -0.000000	     +346.931839	     +346.931839
               4	              76	      +20.189681	      +24.533262	      +49.446756	     +326.376726	       -3.734957	       +0.000000	       -2.364813	   -14905.372539	       -0.669805	       -0.000000	     +369.723712	     +369.723712
               4	              77	      +20.193331	      +24.536912	      +49.766726	     +330.907525	       -3.764572	       +0.000000	       -2.363639	   -14843.076850	       -0.669717	       -0.000000	     +374.546040	     +374.546040
               4	              78	      +20.210405	      +24.553986	      +34.843121	      +96.163585	       -2.209481	       +0.000000	       -1.737961	   -18573.626274	       -0.669304	       -0.000000	     +127.059265	     +127.059265
               4	              79	      +20.217788	      +24.561369	      +34.545510	      +91.695254	       -2.179648	       +0.000000	       -1.732789	   -18859.315536	       -0.669125	       -0.000000	     +122.328328	     +122.328328

k-point 5:
               5	               0	      -65.392799	      -61.049218	      +29.311578	     +592.995734	      -40.103673	       -3.563713	       +4.195846	    +9900.959149	       +0.288644	       +0.000000	     +586.399485	     +586.399485
               5	               1	      -65.392799	      -61.049218	      +29.311578	     +592.995734	      -40.103673	       -3.563713	       +4.215611	    +9655.456132	       +0.288644	       +0.000000	     +586.419250	     +586.419250
               5	               2	      -42.080407	      -37.736826	      +50.926996	     +585.002661	      -33.842802	       -3.563713	       +4.260764	   +18575.284704	       +0.453343	       +0.000000	     +606.347619	     +606.347619
               5	               3	      -42.080407	      -37.736826	      +50.926996	     +585.002661	      -33.842802	       -3.563713	       +4.223080	    +3924.656420	       +0.453343	       +0.000000	     +606.309935	     +606.309935
               5	               4	      -39.576633	      -35.233053	      +47.748866	     +580.760685	      -33.373055	       -3.563713	       +4.311786	    +8205.282578	       +0.482939	       +0.000000	     +599.448282	     +599.448282
               5	               5	      -39.576633	      -35.233053	      +47.748867	     +580.760685	      -33.373055	       -3.563713	       +4.289121	    +5316.869296	       +0.482939	       +0.000000	     +599.425617	     +599.425617
               5	               6	      -39.426549	      -35.082968	      +48.742347	     +585.309339	      -33.485643	       -3.563713	       +4.274659	   +18233.885344	       +0.484836	       +0.000000	     +604.840701	     +604.840701
               5	               7	      -39.426549	      -35.082968	      +48.742347	     +585.309339	      -33.485643	       -3.563713	       +4.231774	   +10821.634361	       +0.484836	       +0.000000	     +604.797816	     +604.797816
               5	               8	      -18.084493	      -13.740913	      +13.069807	     +384.303137	      -22.411589	       -3.563713	       +6.602376	   +10759.070268	       +1.098550	       +0.000001	     +381.563732	     +381.563732
               5	               9	      -18.084493	      -13.740913	      +13.069807	     +384.303137	      -22.411589	       -3.563713	       +6.599912	   +10729.372439	       +1.098550	       +0.000001	     +381.561267	     +381.561267
               5	              10	      -17.638777	      -13.295196	      +13.836889	     +370.267510	      -22.378817	       -3.563713	       +6.475152	    +8247.235581	       +1.128380	       +0.000001	     +368.200734	     +368.200734
               5	              11	      -17.638777	      -13.295196	      +13.836889	     +370.267510	      -22.378817	       -3.563713	       +6.479194	    +8406.998740	       +1.128380	       +0.000001	     +368.204776	     +368.204776
               5	              12	      -10.524665	       -6.181084	      +22.254098	     +421.091112	      -18.386302	       -3.563713	       +4.382563	   -15990.176172	       +1.412274	       +0.000001	     +429.341471	     +311.179015
               5	              13	      -10.524665	       -6.181084	      +22.254098	     +421.091112	      -18.386302	       -3.563713	       +4.382755	   -15803.821731	       +1.412274	       +0.000001	     +429.341663	     +310.747979
               5	              14	       -9.566582	       -5.223001	      +23.065882	     +384.327502	      -17.855135	       -3.563713	       +3.801333	   +10117.560932	       +1.412304	       +0.000001	     +393.339582	     +286.991015
               5	              15	       -9.566582	       -5.223001	      +23.065882	     +384.327502	      -17.855135	       -3.563713	       +3.805465	    +9120.767884	       +1.412304	       +0.000001	     +393.343714	     +286.937332
               5	              16	       -9.176332	       -4.832752	      +21.632780	     +380.233494	      -17.751769	       -3.563713	       +3.856985	   +18902.687676	       +1.412246	       +0.000001	     +387.971490	     +280.654868
               5	              17	       -9.176332	       -4.832752	      +21.632780	     +380.233494	      -17.751769	       -3.563713	       +3.855578	   +20083.748205	       +1.412246	       +0.000001	     +387.970084	     +280.763425
               5	              18	       -8.120308	       -3.776728	      +34.386641	     +446.649047	      -18.820289	       -3.563713	       +3.314705	   +31523.499624	       +1.412300	       +0.000001	     +465.530105	     +344.979100
               5	              19	       -8.120308	       -3.776728	      +34.386641	     +446.649047	      -18.820289	       -3.563713	       +3.317625	   +33240.537891	       +1.412300	       +0.000001	     +465.533024	     +344.785533
               5	              20	       -7.044053	       -2.700472	      +24.668671	     +324.097746	      -17.178403	       -3.563713	       +3.119278	   +11417.680886	       +1.412291	       +0.000001	     +334.707292	     +249.125055
               5	              21	       -7.044053	       -2.700472	      +24.668671	     +324.097746	      -17.178403	       -3.563713	       +3.120899	   +12059.607930	       +1.412291	       +0.000001	     +334.708913	     +249.123741
               5	              22	       -6.595087	       -2.251506	      +32.360463	     +426.816222	      -17.887078	       -3.563713	       +2.830592	   +67483.938434	       +1.412308	       +0.000001	     +444.120200	     +331.174989
               5	              23	       -6.595086	       -2.251505	      +32.360440	     +426.816222	      -17.887078	       -3.563713	       +2.846312	   +46821.163485	       +1.412308	       +0.000001	     +444.135896	     +331.198229
               5	              24	       -6.289884	       -1.946304	      +38.267553	     +462.246836	      -17.460917	       -3.563713	       +2.304831	    +6161.905234	       +1.411986	       +0.000001	     +485.358303	     +364.159449
               5	              25	       -6.289883	       -1.946303	      +38.267528	     +462.246836	      -17.460917	       -3.563713	       +2.314244	   -17612.621398	       +1.411986	       +0.000001	     +485.367691	     +364.252507
               5	              26	       -3.056468	       +1.287112	      +53.234568	     +485.092285	      -12.326400	       +0.000000	       -2.769172	   -88900.241670	       -1.412294	       -0.000001	     +523.231282	     +390.184790
               5	              27	       -3.056467	       +1.287113	      +53.234585	     +485.092285	      -12.326400	       +0.000000	       -2.726398	   -28828.418450	       -1.412294	       -0.000001	     +523.274072	     +390.489356
               5	              28	       -2.954590	       +1.388990	      +50.547088	     +455.696258	      -11.769725	       +0.000000	       -2.845251	   -36277.744730	       -1.412142	       -0.000001	     +491.628369	     +369.057698
               5	              29	       -2.954589	       +1.388991	      +50.547103	     +455.696258	      -11.769725	       +0.000000	       -2.810029	   +26257.909758	       -1.412142	       -0.000001	     +491.663607	     +369.194274
               5	              30	       -1.863630	       +2.479951	      +47.548623	     +437.751806	      -10.685223	       +0.000000	       -3.295163	   +14920.083890	       -1.411871	       -0.000001	     +471.320043	     +358.292695
               5	              31	       -1.863630	       +2.479951	      +47.548621	     +437.751806	      -10.685223	       +0.000000	       -3.293541	   +12552.469192	       -1.411871	       -0.000001	     +471.321662	     +358.353612
               5	              32	       -1.263885	       +3.079695	      +51.240721	     +425.169602	      -11.318766	       +0.000000	       -3.238704	    +8089.280622	       -1.412077	       -0.000001	     +461.852853	     +344.822127
               5	              33	       -1.263885	       +3.079696	      +51.240719	     +425.169602	      -11.318766	       +0.000000	       -3.237084	    +6184.654098	       -1.412077	       -0.000001	     +461.854471	     +345.359893
               5	              34	       +2.649883	       +6.993464	      +30.062483	     +342.255015	       -6.132837	       +0.000000	       -4.067488	   -32683.134829	       -1.411820	       -0.000001	     +362.117172	     +276.367699
               5	              35	       +2.649883	       +6.993464	      +30.062483	     +342.255015	       -6.132837	       +0.000000	       -4.070378	   -37439.513140	       -1.411820	       -0.000001	     +362.114283	     +276.418614
               5	              36	       +2.893231	       +7.236812	      +27.034646	     +322.247312	       -5.572225	       +0.000000	       -3.825423	   -33903.443401	       -1.412307	       -0.000001	     +339.884310	     +273.007848
               5	              37	       +2.893231	       +7.236812	      +27.034646	     +322.247312	       -5.572225	       +0.000000	       -3.824196	   -33962.313531	       -1.412307	       -0.000001	     +339.885538	     +273.323190
               5	              38	       +3.304594	       +7.648175	      +34.160253	     +329.965250	       -6.224133	       +0.000000	       -4.227859	   +27040.815858	       -1.412229	       -0.000001	     +353.673511	     +266.988030
               5	              39	       +3.304594	       +7.648175	      +34.160253	     +329.965250	       -6.224133	       +0.000000	       -4.227611	   +25703.935563	       -1.412229	       -0.000001	     +353.673758	     +267.619823
               5	              40	       +5.155267	       +9.498847	      +30.162414	     +215.450482	       -4.715072	       +0.000000	       -4.379916	   -17188.488438	       -1.411800	       -0.000001	     +236.517909	     +180.704041
               5	              41	       +5.155267	       +9.498847	      +30.162414	     +215.450482	       -4.715072	       +0.000000	       -4.383032	   -19512.456950	       -1.411800	       -0.000001	     +236.514793	     +181.066909
               5	              42	       +5.593548	       +9.937128	      +37.610587	     +292.903031	       -5.844280	       +0.000000	       -4.563034	   +36459.055143	       -1.412014	       -0.000001	     +320.106304	     +265.303318
               5	              43	       +5.593548	       +9.937128	      +37.610587	     +292.903031	       -5.844280	       +0.000000	       -4.564155	   +36154.083169	       -1.412014	       -0.000001	     +320.105183	     +264.442870
               5	              44	       +7.168538	      +11.512119	      +40.554133	     +376.330666	       -6.072957	       +0.000000	       -4.388416	     +432.001699	       -1.265891	       -0.000001	     +406.423426	     +406.423426
               5	              45	       +7.168538	      +11.512119	      +40.554132	     +376.330666	       -6.072957	       +0.000000	       -4.387820	     -104.901084	       -1.265891	       -0.000001	     +406.424020	     +406.424020
               5	              46	       +7.616678	      +11.960258	      +27.705601	     +170.610713	       -3.877638	       +0.000000	       -3.741079	     -974.366414	       -1.228271	       -0.000001	     +190.697597	     +190.697597
               5	              47	       +7.616678	      +11.960258	      +27.705601	     +170.610713	       -3.877638	       +0.000000	       -3.741963	    -4614.538256	       -1.228271	       -0.000001	     +190.696714	     +190.696714
               5	              48	       +7.719677	      +12.063258	      +33.658409	     +311.334353	       -4.896736	       +0.000000	       -4.047127	   +27346.314347	       -1.219938	       -0.000001	     +336.048898	     +336.048898
               5	              49	       +7.719677	      +12.063258	      +33.658412	     +311.334353	       -4.896736	       +0.000000	       -4.037644	   +27410.445906	       -1.219938	       -0.000001	     +336.058385	     +336.058385
               5	              50	       +9.143824	      +13.487404	      +38.315827	     +320.323825	       -4.953089	       +0.000000	       -3.930921	   +12649.856435	       -1.115320	       -0.000001	     +349.755642	     +349.755642
               5	              51	       +9.143824	      +13.487404	      +38.315828	     +320.323825	       -4.953089	       +0.000000	       -3.935846	    +8667.243009	       -1.115320	       -0.000001	     +349.750718	     +349.750718
               5	              52	       +9.711212	      +14.054793	      +30.193900	     +215.685043	       -3.733081	       +0.000000	       -3.519411	   +14164.267622	       -1.078473	       -0.000001	     +238.626451	     +238.626451
               5	              53	       +9.711213	      +14.054793	      +30.193887	     +215.685043	       -3.733081	       +0.000000	       -3.518205	   +18385.913917	       -1.078473	       -0.000001	     +238.627644	     +238.627644
               5	              54	      +10.065537	      +14.409117	      +43.847417	     +351.096517	       -5.348079	       +0.000000	       -3.923707	   -11333.370649	       -1.056672	       -0.000001	     +385.672148	     +385.672148
               5	              55	      +10.065537	      +14.409118	      +43.847407	     +351.096517	       -5.348079	       +0.000000	       -3.931100	    -8140.366424	       -1.056672	       -0.000001	     +385.664745	     +385.664745
               5	              56	      +10.144727	      +14.488308	      +38.036098	     +293.867313	       -4.669947	       +0.000000	       -3.867751	    +6793.449499	       -1.051920	       -0.000001	     +323.365713	     +323.365713
               5	              57	      +10.144727	      +14.488308	      +38.036101	     +293.867313	       -4.669947	       +0.000000	       -3.869952	    +8618.986399	       -1.051920	       -0.000001	     +323.363515	     +323.363515
               5	              58	      +12.357131	      +16.700711	      +53.777688	     +327.603842	       -5.554618	       +0.000000	       -3.999702	   -16036.401443	       -0.934500	       -0.000001	     +371.827210	     +371.827210
               5	              59	      +12.357131	      +16.700711	      +53.777688	     +327.603842	       -5.554618	       +0.000000	       -4.000390	   -19086.376909	       -0.934500	       -0.000001	     +371.826522	     +371.826522
               5	              60	      +13.541745	      +17.885325	      +25.746116	     +116.618391	       -2.058933	       +0.000000	       -2.697900	    -2352.719996	       -0.881797	       -0.000001	     +137.607674	     +137.607674
               5	              61	      +13.541745	      +17.885325	      +25.746116	     +116.618391	       -2.058933	       +0.000000	       -2.697445	    -1079.006117	       -0.881797	       -0.000001	     +137.608129	     +137.608129
               5	              62	      +13.877058	      +18.220639	      +25.281243	     +100.970384	       -2.046739	       +0.000000	       -2.629538	    -7394.849024	       -0.867941	       -0.000001	     +121.575350	     +121.575350
               5	              63	      +13.877058	      +18.220639	      +25.281242	     +100.970384	       -2.046739	       +0.000000	       -2.629776	    -7544.069252	       -0.867941	       -0.000001	     +121.575111	     +121.575111
               5	              64	      +14.840741	      +19.184322	      +29.447038	     +135.390673	       -2.605005	       +0.000000	       -2.495101	   -34001.457088	       -0.830440	       -0.000001	     +159.737605	     +159.737605
               5	              65	      +14.840741	      +19.184322	      +29.447038	     +135.390673	       -2.605005	       +0.000000	       -2.495543	   -35865.475504	       -0.830440	       -0.000001	     +159.737163	     +159.737163
               5	              66	      +15.590644	      +19.934224	      +33.986360	     +143.123430	       -2.825399	       +0.000000	       -2.545699	    -7260.727122	       -0.803427	       -0.000000	     +171.738691	     +171.738691
               5	              67	      +15.590644	      +19.934224	      +33.986359	     +143.123430	       -2.825399	       +0.000000	       -2.544068	    -8574.502423	       -0.803427	       -0.000000	     +171.740322	     +171.740322
               5	              68	      +16.288972	      +20.632552	      +37.976993	     +297.747086	       -3.259729	       +0.000000	       -2.618638	   -11385.211156	       -0.779805	       -0.000000	     +329.845713	     +329.845713
               5	              69	      +16.288972	      +20.632552	      +37.976994	     +297.747086	       -3.259729	       +0.000000	       -2.622395	   -11734.920395	       -0.779805	       -0.000000	     +329.841957	     +329.841957
               5	              70	      +17.050889	      +21.394469	      +40.455483	     +257.640590	       -3.191006	       +0.000000	       -2.752162	   -29279.970941	       -0.755568	       -0.000000	     +292.152906	     +292.152906
               5	              71	      +17.050889	      +21.394469	      +40.455482	     +257.640590	       -3.191006	       +0.000000	       -2.752118	   -30385.428894	       -0.755568	       -0.000000	     +292.152948	     +292.152948
               5	              72	      +17.207931	      +21.551512	      +28.795644	      +45.965815	       -1.845914	       +0.000000	       -2.201471	    -5701.289396	       -0.750758	       -0.000000	      +70.714074	      +70.714074
               5	              73	      +17.207931	      +21.551512	      +28.795643	      +45.965815	       -1.845914	       +0.000000	       -2.203224	    -4922.342059	       -0.750758	       -0.000000	      +70.712320	      +70.712320
               5	              74	      +17.657340	      +22.000920	      +22.358207	     +125.609475	       -1.606277	       +0.000000	       -1.653370	   -24296.125735	       -0.737327	       -0.000000	     +144.708036	     +144.708036
               5	              75	      +17.657340	      +22.000920	      +22.358207	     +125.609475	       -1.606277	       +0.000000	       -1.654424	   -23813.216012	       -0.737327	       -0.000000	     +144.706982	     +144.706982
               5	              76	      +19.467552	      +23.811133	      +42.291383	     +236.011241	       -2.907637	       +0.000000	       -2.345795	   -16053.960194	       -0.687766	       -0.000000	     +273.049192	     +273.049192
               5	              77	      +19.467553	      +23.811133	      +42.291386	     +236.011241	       -2.907637	       +0.000000	       -2.345145	   -15795.520033	       -0.687766	       -0.000000	     +273.049844	     +273.049844
               5	              78	      +19.553073	      +23.896654	      +42.940850	     +275.109240	       -2.916847	       +0.000000	       -2.432348	    -7004.966022	       -0.685588	       -0.000000	     +312.700895	     +312.700895
               5	              79	      +19.553073	      +23.896654	      +42.940850	     +275.109240	       -2.916847	       +0.000000	       -2.433517	    -7886.548043	       -0.685588	       -0.000000	     +312.699726	     +312.699726

k-point 6:
               6	               0	      -65.392799	      -61.049218	      +29.311576	     +595.106761	      -40.131308	       -3.563713	       +4.223327	    -5020.985840	       +0.288644	       +0.000000	     +588.510357	     +588.510357
               6	               1	      -65.392799	      -61.049218	      +29.311576	     +595.106761	      -40.131308	       -3.563713	       +4.238301	    -5162.441351	       +0.288644	       +0.000000	     +588.525331	     +588.525331
               6	               2	      -42.080407	      -37.736826	      +50.926997	     +585.395637	      -33.880633	       -3.563713	       +4.165103	    +9348.192151	       +0.453343	       +0.000000	     +606.607103	     +606.607103
               6	               3	      -42.080407	      -37.736826	      +50.926997	     +585.395637	      -33.880633	       -3.563713	       +4.204414	    +8917.650887	       +0.453343	       +0.000000	     +606.646414	     +606.646414
               6	               4	      -39.576634	      -35.233054	      +47.748863	     +580.947866	      -33.370304	       -3.563713	       +4.313631	   +11834.653922	       +0.482939	       +0.000000	     +599.640057	     +599.640057
               6	               5	      -39.576634	      -35.233054	      +47.748863	     +580.947866	      -33.370304	       -3.563713	       +4.311040	   +10557.985971	       +0.482939	       +0.000000	     +599.637466	     +599.637466
               6	               6	      -39.426547	      -35.082966	      +48.742357	     +586.052104	      -33.467021	       -3.563713	       +4.121038	    +1014.696644	       +0.484836	       +0.000000	     +605.448478	     +605.448478
               6	               7	      -39.426547	      -35.082966	      +48.742357	     +586.052104	      -33.467021	       -3.563713	       +4.151675	    -1836.990228	       +0.484836	       +0.000000	     +605.479115	     +605.479115
               6	               8	      -18.084495	      -13.740915	      +13.069804	     +384.669812	      -22.414228	       -3.563713	       +6.529081	    -5246.498450	       +1.098550	       +0.000001	     +381.854469	     +381.854469
               6	               9	      -18.084495	      -13.740915	      +13.069804	     +384.669812	      -22.414228	       -3.563713	       +6.529833	    -5497.077929	       +1.098550	       +0.000001	     +381.855221	     +381.855221
               6	              10	      -17.638785	      -13.295204	      +13.836879	     +369.176029	      -22.371101	       -3.563713	       +6.521130	   +10274.660173	       +1.128379	       +0.000001	     +367.162937	     +367.162937
               6	              11	      -17.638785	      -13.295204	      +13.836879	     +369.176029	      -22.371101	       -3.563713	       +6.522891	   +10806.384952	       +1.128379	       +0.000001	     +367.164698	     +367.164698
               6	              12	      -10.524665	       -6.181085	      +22.254088	     +420.814527	      -18.398791	       -3.563713	       +4.414525	    -6874.934648	       +1.412274	       +0.000001	     +429.084349	     +305.912213
               6	              13	      -10.524665	       -6.181085	      +22.254088	     +420.814527	      -18.398791	       -3.563713	       +4.414688	    -6644.984039	       +1.412274	       +0.000001	     +429.084512	     +306.130452
               6	              14	       -9.566583	       -5.223003	      +23.065879	     +382.023979	      -17.856957	       -3.563713	       +3.802335	    +5269.997829	       +1.412304	       +0.000001	     +391.035237	     +284.395677
               6	              15	       -9.566583	       -5.223003	      +23.065880	     +382.023979	      -17.856957	       -3.563713	       +3.804395	    +5548.629027	       +1.412304	       +0.000001	     +391.037297	     +284.480126
               6	              16	       -9.176334	       -4.832753	      +21.632777	     +380.449013	      -17.754729	       -3.563713	       +3.866685	    +8535.323764	       +1.412246	       +0.000001	     +388.193746	     +281.205185
               6	              17	       -9.176334	       -4.832753	      +21.632777	     +380.449013	      -17.754729	       -3.563713	       +3.866326	    +8399.092671	       +1.412246	       +0.000001	     +388.193387	     +281.138046
               6	              18	       -8.120282	       -3.776701	      +34.386699	     +445.722028	      -18.799393	       -3.563713	       +3.325369	    -1737.150558	       +1.412300	       +0.000001	     +464.634703	     +343.315485
               6	              19	       -8.120282	       -3.776701	      +34.386701	     +445.722028	      -18.799393	       -3.563713	       +3.325972	     -565.028139	       +1.412300	       +0.000001	     +464.635307	     +343.535601
               6	              20	       -7.044059	       -2.700479	      +24.668662	     +325.809433	      -17.174016	       -3.563713	       +3.121573	    -6386.725221	       +1.412291	       +0.000001	     +336.425652	     +249.837923
               6	              21	       -7.044059	       -2.700479	      +24.668661	     +325.809433	      -17.174016	       -3.563713	       +3.120748	    -7980.450533	       +1.412291	       +0.000001	     +336.424826	     +249.849405
               6	              22	       -6.595074	       -2.251494	      +32.360566	     +427.164685	      -17.885664	       -3.563713	       +2.848884	    -8210.861681	       +1.412308	       +0.000001	     +444.488472	     +332.170461
               6	              23	       -6.595073	       -2.251492	      +32.360543	     +427.164685	      -17.885664	       -3.563713	       +2.850270	    -7507.367659	       +1.412308	       +0.000001	     +444.489835	     +332.227734
               6	              24	       -6.289901	       -1.946321	      +38.267496	     +464.139499	      -17.475336	       -3.563713	       +2.296032	   +33748.504617	       +1.411986	       +0.000001	     +487.227690	     +365.096864
               6	              25	       -6.289899	       -1.946319	      +38.267474	     +464.139499	      -17.475336	       -3.563713	       +2.300670	   +35141.570637	       +1.411986	       +0.000001	     +487.232306	     +365.059408
               6	              26	       -3.056462	       +1.287119	      +53.234509	     +484.711916	      -12.343358	       +0.000000	       -2.711917	   -14850.101429	       -1.412294	       -0.000001	     +522.891150	     +390.545193
               6	              27	       -3.056461	       +1.287120	      +53.234524	     +484.711916	      -12.343358	       +0.000000	       -2.730440	    -5561.702174	       -1.412294	       -0.000001	     +522.872642	     +390.525603
               6	              28	       -2.954589	       +1.388992	      +50.547205	     +456.198337	      -11.760416	       +0.000000	       -2.832147	   -38411.751468	       -1.412142	       -0.000001	     +492.152979	     +369.384332
               6	              29	       -2.954587	       +1.388993	      +50.547222	     +456.198337	      -11.760416	       +0.000000	       -2.847132	   -30508.824971	       -1.412142	       -0.000001	     +492.138011	     +369.478695
               6	              30	       -1.863614	       +2.479966	      +47.548664	     +439.061671	      -10.684950	       +0.000000	       -3.282572	   -10668.714411	       -1.411871	       -0.000001	     +472.642813	     +359.315027
               6	              31	       -1.863614	       +2.479967	      +47.548663	     +439.061671	      -10.684950	       +0.000000	       -3.284997	   -12432.078199	       -1.411871	       -0.000001	     +472.640387	     +359.330521
               6	              32	       -1.263889	       +3.079692	      +51.240739	     +430.843964	      -11.318483	       +0.000000	       -3.267772	   +13579.591592	       -1.412077	       -0.000001	     +467.498448	     +348.288555
               6	              33	       -1.263888	       +3.079693	      +51.240739	     +430.843964	      -11.318483	       +0.000000	       -3.270470	   +11642.598784	       -1.412077	       -0.000001	     +467.495749	     +348.025386
               6	              34	       +2.649882	       +6.993463	      +30.062540	     +343.218035	       -6.128819	       +0.000000	       -4.064722	   -42352.888061	       -1.411820	       -0.000001	     +363.087035	     +277.378781
               6	              35	       +2.649882	       +6.993463	      +30.062546	     +343.218035	       -6.128819	       +0.000000	       -4.062935	   -39244.205100	       -1.411820	       -0.000001	     +363.088828	     +277.395087
               6	              36	       +2.893232	       +7.236813	      +27.034595	     +321.424397	       -5.567802	       +0.000000	       -3.820302	   -16262.470897	       -1.412307	       -0.000001	     +339.070888	     +272.535510
               6	              37	       +2.893232	       +7.236813	      +27.034596	     +321.424397	       -5.567802	       +0.000000	       -3.818279	   -16911.506196	       -1.412307	       -0.000001	     +339.072911	     +272.779344
               6	              38	       +3.304596	       +7.648177	      +34.160082	     +331.355785	       -6.223082	       +0.000000	       -4.237280	   +21966.547519	       -1.412229	       -0.000001	     +355.055506	     +268.658318
               6	              39	       +3.304597	       +7.648177	      +34.160089	     +331.355785	       -6.223082	       +0.000000	       -4.236560	   +22611.323306	       -1.412229	       -0.000001	     +355.056232	     +268.385647
               6	              40	       +5.155271	       +9.498852	      +30.162488	     +211.870256	       -4.721195	       +0.000000	       -4.332755	   +23502.665050	       -1.411799	       -0.000001	     +232.978795	     +169.504936
               6	              41	       +5.155271	       +9.498852	      +30.162487	     +211.870256	       -4.721195	       +0.000000	       -4.331650	   +24134.708643	       -1.411799	       -0.000001	     +232.979898	     +169.417557
               6	              42	       +5.593534	       +9.937114	      +37.610611	     +289.891923	       -5.854872	       +0.000000	       -4.653669	   +22440.120966	       -1.412014	       -0.000001	     +316.993993	     +253.251362
               6	              43	       +5.593534	       +9.937115	      +37.610614	     +289.891923	       -5.854872	       +0.000000	       -4.652764	   +23503.157912	       -1.412014	       -0.000001	     +316.994901	     +253.695345
               6	              44	       +7.168552	      +11.512132	      +40.554126	     +375.729392	       -6.071574	       +0.000000	       -4.271158	    -9432.241400	       -1.265889	       -0.000001	     +405.940786	     +405.940786
               6	              45	       +7.168552	      +11.512133	      +40.554131	     +375.729392	       -6.071574	       +0.000000	       -4.259928	    -4400.678352	       -1.265889	       -0.000001	     +405.952021	     +405.952021
               6	              46	       +7.616670	      +11.960251	      +27.705580	     +167.744664	       -3.879634	       +0.000000	       -3.763668	   +16872.328680	       -1.228271	       -0.000001	     +187.806942	     +187.806942
               6	              47	       +7.616670	      +11.960251	      +27.705580	     +167.744664	       -3.879634	       +0.000000	       -3.767472	   +16137.108144	       -1.228271	       -0.000001	     +187.803137	     +187.803137
               6	              48	       +7.719668	      +12.063249	      +33.658351	     +310.796551	       -4.895505	       +0.000000	       -3.995495	   +21333.272872	       -1.219939	       -0.000001	     +335.563901	     +335.563901
               6	              49	       +7.719669	      +12.063249	      +33.658357	     +310.796551	       -4.895505	       +0.000000	       -3.990618	   +27495.258365	       -1.219939	       -0.000001	     +335.568784	     +335.568784
               6	              50	       +9.143833	      +13.487414	      +38.315851	     +317.373567	       -4.951575	       +0.000000	       -3.882976	    -7270.241149	       -1.115319	       -0.000001	     +346.854867	     +346.854867
               6	              51	       +9.143833	      +13.487414	      +38.315851	     +317.373567	       -4.951575	       +0.000000	       -3.884599	    -7726.728884	       -1.115319	       -0.000001	     +346.853244	     +346.853244
               6	              52	       +9.711197	      +14.054778	      +30.193871	     +216.292059	       -3.732603	       +0.000000	       -3.593069	   -18446.967617	       -1.078474	       -0.000001	     +239.160257	     +239.160257
               6	              53	       +9.711197	      +14.054778	      +30.193866	     +216.292059	       -3.732603	       +0.000000	       -3.597770	   -21113.551845	       -1.078474	       -0.000001	     +239.155552	     +239.155552
               6	              54	      +10.065546	      +14.409126	      +43.847186	     +353.337548	       -5.350586	       +0.000000	       -4.079219	   -11621.529255	       -1.056672	       -0.000001	     +387.754928	     +387.754928
               6	              55	      +10.065546	      +14.409126	      +43.847187	     +353.337548	       -5.350586	       +0.000000	       -4.085543	   -12845.100994	       -1.056672	       -0.000001	     +387.748605	     +387.748605
               6	              56	      +10.144710	      +14.488291	      +38.036298	     +292.688852	       -4.671084	       +0.000000	       -3.924792	    +9106.766482	       -1.051921	       -0.000001	     +322.129273	     +322.129273
               6	              57	      +10.144710	      +14.488291	      +38.036303	     +292.688852	       -4.671084	       +0.000000	       -3.929377	    +8499.073557	       -1.051921	       -0.000001	     +322.124693	     +322.124693
               6	              58	      +12.357130	      +16.700710	      +53.777706	     +325.005017	       -5.550435	       +0.000000	       -3.891766	    -6819.688278	       -0.934500	       -0.000001	     +369.340522	     +369.340522
               6	              59	      +12.357130	      +16.700710	      +53.777707	     +325.005017	       -5.550435	       +0.000000	       -3.895771	    -6418.312104	       -0.934500	       -0.000001	     +369.336518	     +369.336518
               6	              60	      +13.541740	      +17.885321	      +25.746118	     +115.690551	       -2.056969	       +0.000000	       -2.670109	   +35534.359125	       -0.881797	       -0.000001	     +136.709592	     +136.709592
               6	              61	      +13.541740	      +17.885321	      +25.746119	     +115.690551	       -2.056969	       +0.000000	       -2.670570	   +34235.994281	       -0.881797	       -0.000001	     +136.709131	     +136.709131
               6	              62	      +13.877063	      +18.220643	      +25.281264	     +104.644365	       -2.046018	       +0.000000	       -2.613058	   +18647.024289	       -0.867941	       -0.000001	     +125.266553	     +125.266553
               6	              63	      +13.877063	      +18.220644	      +25.281261	     +104.644365	       -2.046018	       +0.000000	       -2.613979	   +19063.401248	       -0.867941	       -0.000001	     +125.265630	     +125.265630
               6	              64	      +14.840724	      +19.184305	      +29.446948	     +131.450569	       -2.603530	       +0.000000	       -2.538570	    -2221.765122	       -0.830440	       -0.000001	     +155.755418	     +155.755418
               6	              65	      +14.840724	      +19.184305	      +29.446945	     +131.450569	       -2.603530	       +0.000000	       -2.536418	    -4060.323362	       -0.830440	       -0.000001	     +155.757566	     +155.757566
               6	              66	      +15.590636	      +19.934217	      +33.986370	     +137.785190	       -2.825363	       +0.000000	       -2.527925	   -20244.066118	       -0.803427	       -0.000000	     +166.418272	     +166.418272
               6	              67	      +15.590636	      +19.934217	      +33.986370	     +137.785190	       -2.825363	       +0.000000	       -2.528932	   -18781.652257	       -0.803427	       -0.000000	     +166.417265	     +166.417265
               6	              68	      +16.289002	      +20.632583	      +37.976985	     +293.924438	       -3.259989	       +0.000000	       -2.584002	    +5631.159247	       -0.779804	       -0.000000	     +326.057432	     +326.057432
               6	              69	      +16.289002	      +20.632583	      +37.976989	     +293.924438	       -3.259989	       +0.000000	       -2.583182	    +6123.513825	       -0.779804	       -0.000000	     +326.058256	     +326.058256
               6	              70	      +17.050898	      +21.394478	      +40.455425	     +269.232858	       -3.190307	       +0.000000	       -2.708501	    +8557.224370	       -0.755568	       -0.000000	     +303.789475	     +303.789475
               6	              71	      +17.050898	      +21.394479	      +40.455423	     +269.232858	       -3.190307	       +0.000000	       -2.706749	   +11374.596412	       -0.755568	       -0.000000	     +303.791225	     +303.791225
               6	              72	      +17.207928	      +21.551508	      +28.795666	      +48.220242	       -1.845747	       +0.000000	       -2.184238	   -11885.276375	       -0.750759	       -0.000000	      +72.985923	      +72.985923
               6	              73	      +17.207928	      +21.551508	      +28.795666	      +48.220242	       -1.845747	       +0.000000	       -2.184635	   -11868.648865	       -0.750759	       -0.000000	      +72.985526	      +72.985526
               6	              74	      +17.657340	      +22.000921	      +22.358283	     +123.875919	       -1.605485	       +0.000000	       -1.667613	    +6613.068108	       -0.737327	       -0.000000	     +142.961104	     +142.961104
               6	              75	      +17.657340	      +22.000921	      +22.358284	     +123.875919	       -1.605485	       +0.000000	       -1.667501	    +6710.290619	       -0.737327	       -0.000000	     +142.961218	     +142.961218
               6	              76	      +19.467532	      +23.811113	      +42.291496	     +243.339480	       -2.906044	       +0.000000	       -2.365076	   -23645.594645	       -0.687766	       -0.000000	     +280.359855	     +280.359855
               6	              77	      +19.467532	      +23.811113	      +42.291495	     +243.339480	       -2.906044	       +0.000000	       -2.368170	   -24453.432263	       -0.687766	       -0.000000	     +280.356761	     +280.356761
               6	              78	      +19.553053	      +23.896634	      +42.940846	     +286.381563	       -2.916780	       +0.000000	       -2.386866	    -2108.374472	       -0.685589	       -0.000000	     +324.018763	     +324.018763
               6	              79	      +19.553054	      +23.896634	      +42.940848	     +286.381563	       -2.916780	       +0.000000	       -2.383977	    -3161.797019	       -0.685589	       -0.000000	     +324.021654	     +324.021654

k-point 7:
               7	               0	      -65.392799	      -61.049218	      +29.311578	     +592.995734	      -40.103673	       -3.563713	       +4.197222	    +9885.988893	       +0.288644	       +0.000000	     +586.400861	     +586.400861
               7	               1	      -65.392799	      -61.049218	      +29.311578	     +592.995734	      -40.103673	       -3.563713	       +4.215796	    +9681.172363	       +0.288644	       +0.000000	     +586.419435	     +586.419435
               7	               2	      -42.080407	      -37.736826	      +50.926996	     +585.002661	      -33.877273	       -3.563713	       +4.252713	   +20240.227488	       +0.453343	       +0.000000	     +606.305097	     +606.305097
               7	               3	      -42.080407	      -37.736826	      +50.926996	     +585.002661	      -33.877273	       -3.563713	       +4.217552	    +4520.063635	       +0.453343	       +0.000000	     +606.269936	     +606.269936
               7	               4	      -39.576633	      -35.233053	      +47.748866	     +580.760685	      -33.366464	       -3.563713	       +4.311544	    +8041.042081	       +0.482939	       +0.000000	     +599.454632	     +599.454632
               7	               5	      -39.576633	      -35.233053	      +47.748867	     +580.760685	      -33.366464	       -3.563713	       +4.290547	    +5025.430848	       +0.482939	       +0.000000	     +599.433634	     +599.433634
               7	               6	      -39.426549	      -35.082968	      +48.742347	     +585.309339	      -33.461719	       -3.563713	       +4.280497	   +17824.628253	       +0.484836	       +0.000000	     +604.870464	     +604.870464
               7	               7	      -39.426549	      -35.082968	      +48.742347	     +585.309339	      -33.461719	       -3.563713	       +4.236233	    +9444.425899	       +0.484836	       +0.000000	     +604.826200	     +604.826200
               7	               8	      -18.084493	      -13.740913	      +13.069807	     +384.303137	      -22.411563	       -3.563713	       +6.602568	   +10751.293993	       +1.098550	       +0.000001	     +381.563949	     +381.563949
               7	               9	      -18.084493	      -13.740913	      +13.069807	     +384.303137	      -22.411563	       -3.563713	       +6.600024	   +10685.583803	       +1.098550	       +0.000001	     +381.561405	     +381.561405
               7	              10	      -17.638777	      -13.295196	      +13.836889	     +370.267510	      -22.378819	       -3.563713	       +6.475419	    +8239.203359	       +1.128380	       +0.000001	     +368.200999	     +368.200999
               7	              11	      -17.638777	      -13.295196	      +13.836889	     +370.267510	      -22.378819	       -3.563713	       +6.479231	    +8320.149314	       +1.128380	       +0.000001	     +368.204812	     +368.204812
               7	              12	      -10.524665	       -6.181084	      +22.254098	     +421.091112	      -18.386521	       -3.563713	       +4.382618	   -16004.201780	       +1.412274	       +0.000001	     +429.341307	     +311.181928
               7	              13	      -10.524665	       -6.181084	      +22.254098	     +421.091112	      -18.386521	       -3.563713	       +4.383043	   -15739.699739	       +1.412274	       +0.000001	     +429.341733	     +310.761174
               7	              14	       -9.566582	       -5.223001	      +23.065882	     +384.327502	      -17.855274	       -3.563713	       +3.801409	   +10114.978910	       +1.412304	       +0.000001	     +393.339519	     +286.993328
               7	              15	       -9.566582	       -5.223001	      +23.065882	     +384.327502	      -17.855274	       -3.563713	       +3.805375	    +9157.512841	       +1.412304	       +0.000001	     +393.343485	     +286.935037
               7	              16	       -9.176332	       -4.832752	      +21.632780	     +380.233494	      -17.751813	       -3.563713	       +3.857046	   +18935.945059	       +1.412246	       +0.000001	     +387.971508	     +280.655488
               7	              17	       -9.176332	       -4.832752	      +21.632780	     +380.233494	      -17.751813	       -3.563713	       +3.855545	   +20112.405697	       +1.412246	       +0.000001	     +387.970006	     +280.762620
               7	              18	       -8.120308	       -3.776728	      +34.386641	     +446.649047	      -18.820766	       -3.563713	       +3.314760	   +31450.230337	       +1.412300	       +0.000001	     +465.529682	     +344.986890
               7	              19	       -8.120308	       -3.776728	      +34.386641	     +446.649047	      -18.820766	       -3.563713	       +3.317594	   +33156.140712	       +1.412300	       +0.000001	     +465.532515	     +344.776726
               7	              20	       -7.044053	       -2.700472	      +24.668671	     +324.097746	      -17.178792	       -3.563713	       +3.119142	   +11353.857617	       +1.412291	       +0.000001	     +334.706767	     +249.125945
               7	              21	       -7.044053	       -2.700472	      +24.668671	     +324.097746	      -17.178792	       -3.563713	       +3.120822	   +12057.633108	       +1.412291	       +0.000001	     +334.708447	     +249.124594
               7	              22	       -6.595087	       -2.251506	      +32.360463	     +426.816222	      -17.889129	       -3.563713	       +2.832127	   +67442.808396	       +1.412308	       +0.000001	     +444.119683	     +331.169086
               7	              23	       -6.595086	       -2.251505	      +32.360440	     +426.816222	      -17.889129	       -3.563713	       +2.847833	   +46845.497588	       +1.412308	       +0.000001	     +444.135366	     +331.193504
               7	              24	       -6.289884	       -1.946304	      +38.267553	     +462.246836	      -17.458844	       -3.563713	       +2.303660	    +6152.100607	       +1.411986	       +0.000001	     +485.359204	     +364.158068
               7	              25	       -6.289883	       -1.946303	      +38.267528	     +462.246836	      -17.458844	       -3.563713	       +2.312887	   -17837.565614	       +1.411986	       +0.000001	     +485.368407	     +364.247964
               7	              26	       -3.056468	       +1.287112	      +53.234568	     +485.092285	      -12.332743	       +0.000000	       -2.764866	   -88520.812811	       -1.412294	       -0.000001	     +523.229244	     +390.188613
               7	              27	       -3.056467	       +1.287113	      +53.234585	     +485.092285	      -12.332743	       +0.000000	       -2.722354	   -29420.555172	       -1.412294	       -0.000001	     +523.271772	     +390.491498
               7	              28	       -2.954590	       +1.388990	      +50.547088	     +455.696258	      -11.763792	       +0.000000	       -2.849459	   -35355.460268	       -1.412142	       -0.000001	     +491.630095	     +369.055169
               7	              29	       -2.954589	       +1.388991	      +50.547103	     +455.696258	      -11.763792	       +0.000000	       -2.814521	   +25999.549936	       -1.412142	       -0.000001	     +491.665048	     +369.186412
               7	              30	       -1.863630	       +2.479951	      +47.548623	     +437.751806	      -10.684749	       +0.000000	       -3.295834	   +14749.605714	       -1.411871	       -0.000001	     +471.319846	     +358.293414
               7	              31	       -1.863630	       +2.479951	      +47.548621	     +437.751806	      -10.684749	       +0.000000	       -3.294078	   +12539.364166	       -1.411871	       -0.000001	     +471.321600	     +358.336651
               7	              32	       -1.263885	       +3.079695	      +51.240721	     +425.169602	      -11.318396	       +0.000000	       -3.238925	    +8063.430518	       -1.412077	       -0.000001	     +461.853002	     +344.831114
               7	              33	       -1.263885	       +3.079696	      +51.240719	     +425.169602	      -11.318396	       +0.000000	       -3.237203	    +6441.326874	       -1.412077	       -0.000001	     +461.854722	     +345.365616
               7	              34	       +2.649883	       +6.993464	      +30.062483	     +342.255015	       -6.132779	       +0.000000	       -4.067786	   -32570.555411	       -1.411820	       -0.000001	     +362.116933	     +276.348919
               7	              35	       +2.649883	       +6.993464	      +30.062483	     +342.255015	       -6.132779	       +0.000000	       -4.070558	   -37384.032062	       -1.411820	       -0.000001	     +362.114161	     +276.461277
               7	              36	       +2.893231	       +7.236812	      +27.034646	     +322.247312	       -5.572290	       +0.000000	       -3.825462	   -33844.730255	       -1.412307	       -0.000001	     +339.884206	     +273.026005
               7	              37	       +2.893231	       +7.236812	      +27.034646	     +322.247312	       -5.572290	       +0.000000	       -3.824294	   -33892.526112	       -1.412307	       -0.000001	     +339.885374	     +273.289747
               7	              38	       +3.304594	       +7.648175	      +34.160253	     +329.965250	       -6.224031	       +0.000000	       -4.228182	   +27204.684452	       -1.412229	       -0.000001	     +353.673290	     +266.972048
               7	              39	       +3.304594	       +7.648175	      +34.160253	     +329.965250	       -6.224031	       +0.000000	       -4.228146	   +25787.470538	       -1.412229	       -0.000001	     +353.673326	     +267.638412
               7	              40	       +5.155267	       +9.498847	      +30.162414	     +215.450482	       -4.715097	       +0.000000	       -4.379665	   -17093.304240	       -1.411800	       -0.000001	     +236.518135	     +180.681616
               7	              41	       +5.155267	       +9.498847	      +30.162414	     +215.450482	       -4.715097	       +0.000000	       -4.383221	   -19452.726496	       -1.411800	       -0.000001	     +236.514578	     +181.098147
               7	              42	       +5.593548	       +9.937128	      +37.610587	     +292.903031	       -5.844173	       +0.000000	       -4.562916	   +37023.358744	       -1.412014	       -0.000001	     +320.106529	     +265.260880
               7	              43	       +5.593548	       +9.937128	      +37.610587	     +292.903031	       -5.844173	       +0.000000	       -4.563581	   +36670.976861	       -1.412014	       -0.000001	     +320.105863	     +264.491843
               7	              44	       +7.168538	      +11.512119	      +40.554133	     +376.330666	       -6.072991	       +0.000000	       -4.388423	      +47.890320	       -1.265891	       -0.000001	     +406.423385	     +406.423385
               7	              45	       +7.168538	      +11.512119	      +40.554132	     +376.330666	       -6.072991	       +0.000000	       -4.388232	     -496.559047	       -1.265891	       -0.000001	     +406.423574	     +406.423574
               7	              46	       +7.616678	      +11.960258	      +27.705601	     +170.610713	       -3.877599	       +0.000000	       -3.741014	    -1016.145063	       -1.228271	       -0.000001	     +190.697701	     +190.697701
               7	              47	       +7.616678	      +11.960258	      +27.705601	     +170.610713	       -3.877599	       +0.000000	       -3.741934	    -4634.347441	       -1.228271	       -0.000001	     +190.696782	     +190.696782
               7	              48	       +7.719677	      +12.063258	      +33.658409	     +311.334353	       -4.896607	       +0.000000	       -4.047210	   +27367.206341	       -1.219938	       -0.000001	     +336.048944	     +336.048944
               7	              49	       +7.719677	      +12.063258	      +33.658412	     +311.334353	       -4.896607	       +0.000000	       -4.037691	   +27420.303897	       -1.219938	       -0.000001	     +336.058467	     +336.058467
               7	              50	       +9.143824	      +13.487404	      +38.315827	     +320.323825	       -4.953101	       +0.000000	       -3.931057	   +12667.313257	       -1.115320	       -0.000001	     +349.755494	     +349.755494
               7	              51	       +9.143824	      +13.487404	      +38.315828	     +320.323825	       -4.953101	       +0.000000	       -3.935635	    +8689.468156	       -1.115320	       -0.000001	     +349.750916	     +349.750916
               7	              52	       +9.711212	      +14.054793	      +30.193900	     +215.685043	       -3.733142	       +0.000000	       -3.519007	   +14123.315707	       -1.078473	       -0.000001	     +238.626794	     +238.626794
               7	              53	       +9.711213	      +14.054793	      +30.193887	     +215.685043	       -3.733142	       +0.000000	       -3.517830	   +18504.352101	       -1.078473	       -0.000001	     +238.627957	     +238.627957
               7	              54	      +10.065537	      +14.409117	      +43.847417	     +351.096517	       -5.347936	       +0.000000	       -3.924233	   -11429.962691	       -1.056672	       -0.000001	     +385.671766	     +385.671766
               7	              55	      +10.065537	      +14.409118	      +43.847407	     +351.096517	       -5.347936	       +0.000000	       -3.931461	    -8071.384350	       -1.056672	       -0.000001	     +385.664528	     +385.664528
               7	              56	      +10.144727	      +14.488308	      +38.036098	     +293.867313	       -4.669788	       +0.000000	       -3.867377	    +6817.732047	       -1.051920	       -0.000001	     +323.366246	     +323.366246
               7	              57	      +10.144727	      +14.488308	      +38.036101	     +293.867313	       -4.669788	       +0.000000	       -3.869960	    +8588.761915	       -1.051920	       -0.000001	     +323.363666	     +323.363666
               7	              58	      +12.357131	      +16.700711	      +53.777688	     +327.603842	       -5.554608	       +0.000000	       -3.999857	   -16152.977499	       -0.934500	       -0.000001	     +371.827065	     +371.827065
               7	              59	      +12.357131	      +16.700711	      +53.777688	     +327.603842	       -5.554608	       +0.000000	       -4.000557	   -19129.719236	       -0.934500	       -0.000001	     +371.826365	     +371.826365
               7	              60	      +13.541745	      +17.885325	      +25.746116	     +116.618391	       -2.058934	       +0.000000	       -2.698014	    -2319.842874	       -0.881797	       -0.000001	     +137.607558	     +137.607558
               7	              61	      +13.541745	      +17.885325	      +25.746116	     +116.618391	       -2.058934	       +0.000000	       -2.697286	    -1038.716131	       -0.881797	       -0.000001	     +137.608286	     +137.608286
               7	              62	      +13.877058	      +18.220639	      +25.281243	     +100.970384	       -2.046719	       +0.000000	       -2.629410	    -7398.589144	       -0.867941	       -0.000001	     +121.575498	     +121.575498
               7	              63	      +13.877058	      +18.220639	      +25.281242	     +100.970384	       -2.046719	       +0.000000	       -2.629845	    -7553.045476	       -0.867941	       -0.000001	     +121.575062	     +121.575062
               7	              64	      +14.840741	      +19.184322	      +29.447038	     +135.390673	       -2.604992	       +0.000000	       -2.495313	   -34255.767580	       -0.830440	       -0.000001	     +159.737407	     +159.737407
               7	              65	      +14.840741	      +19.184322	      +29.447038	     +135.390673	       -2.604992	       +0.000000	       -2.495897	   -36052.047317	       -0.830440	       -0.000001	     +159.736822	     +159.736822
               7	              66	      +15.590644	      +19.934224	      +33.986360	     +143.123430	       -2.825391	       +0.000000	       -2.545744	    -7343.647189	       -0.803427	       -0.000000	     +171.738654	     +171.738654
               7	              67	      +15.590644	      +19.934224	      +33.986359	     +143.123430	       -2.825391	       +0.000000	       -2.544047	    -8626.505474	       -0.803427	       -0.000000	     +171.740352	     +171.740352
               7	              68	      +16.288972	      +20.632552	      +37.976993	     +297.747086	       -3.259720	       +0.000000	       -2.618110	   -11251.142965	       -0.779805	       -0.000000	     +329.846250	     +329.846250
               7	              69	      +16.288972	      +20.632552	      +37.976994	     +297.747086	       -3.259720	       +0.000000	       -2.622384	   -11659.969870	       -0.779805	       -0.000000	     +329.841976	     +329.841976
               7	              70	      +17.050889	      +21.394469	      +40.455483	     +257.640590	       -3.190964	       +0.000000	       -2.752386	   -29528.943629	       -0.755568	       -0.000000	     +292.152723	     +292.152723
               7	              71	      +17.050889	      +21.394469	      +40.455482	     +257.640590	       -3.190964	       +0.000000	       -2.752528	   -30604.736097	       -0.755568	       -0.000000	     +292.152580	     +292.152580
               7	              72	      +17.207931	      +21.551512	      +28.795644	      +45.965815	       -1.845880	       +0.000000	       -2.201323	    -5708.892119	       -0.750758	       -0.000000	      +70.714255	      +70.714255
               7	              73	      +17.207931	      +21.551512	      +28.795643	      +45.965815	       -1.845880	       +0.000000	       -2.203278	    -4933.019635	       -0.750758	       -0.000000	      +70.712300	      +70.712300
               7	              74	      +17.657340	      +22.000920	      +22.358207	     +125.609475	       -1.606266	       +0.000000	       -1.653470	   -24259.455143	       -0.737327	       -0.000000	     +144.707946	     +144.707946
               7	              75	      +17.657340	      +22.000920	      +22.358207	     +125.609475	       -1.606266	       +0.000000	       -1.654356	   -23798.641705	       -0.737327	       -0.000000	     +144.707061	     +144.707061
               7	              76	      +19.467552	      +23.811133	      +42.291383	     +236.011241	       -2.907634	       +0.000000	       -2.345716	   -16317.834482	       -0.687766	       -0.000000	     +273.049274	     +273.049274
               7	              77	      +19.467553	      +23.811133	      +42.291386	     +236.011241	       -2.907634	       +0.000000	       -2.345397	   -15978.178398	       -0.687766	       -0.000000	     +273.049595	     +273.049595
               7	              78	      +19.553073	      +23.896654	      +42.940850	     +275.109240	       -2.916856	       +0.000000	       -2.432328	    -6989.028385	       -0.685588	       -0.000000	     +312.700906	     +312.700906
               7	              79	      +19.553073	      +23.896654	      +42.940850	     +275.109240	       -2.916856	       +0.000000	       -2.433483	    -7841.479645	       -0.685588	       -0.000000	     +312.699752	     +312.699752

k-point 8:
               8	               0	      -65.289463	      -60.945882	      +29.287389	     +594.417368	      -40.101076	       -3.563713	       +4.364951	    +5643.978623	       +0.289110	       +0.000000	     +587.968633	     +587.968633
               8	               1	      -65.289458	      -60.945878	      +29.287409	     +594.417368	      -40.101076	       -3.563713	       +4.366438	    +5840.258599	       +0.289110	       +0.000000	     +587.970139	     +587.970139
               8	               2	      -42.122165	      -37.778584	      +50.565577	     +585.165817	      -33.853691	       -3.563713	       +4.213677	   -19495.036770	       +0.452880	       +0.000000	     +606.091380	     +606.091380
               8	               3	      -42.099981	      -37.756400	      +50.768552	     +584.394446	      -33.886942	       -3.563713	       +4.240305	   +36222.172930	       +0.453126	       +0.000000	     +605.516361	     +605.516361
               8	               4	      -39.582218	      -35.238638	      +47.373733	     +587.008382	      -33.419817	       -3.563713	       +4.300658	   -35927.586207	       +0.482869	       +0.000000	     +605.262957	     +605.262957
               8	               5	      -39.538369	      -35.194788	      +48.073174	     +578.319199	      -33.341760	       -3.563713	       +4.224382	   -12474.512410	       +0.483421	       +0.000000	     +597.274995	     +597.274995
               8	               6	      -39.534508	      -35.190927	      +47.785215	     +585.756009	      -33.481905	       -3.563713	       +4.334606	   +57820.024366	       +0.483470	       +0.000000	     +604.393925	     +604.393925
               8	               7	      -39.522507	      -35.178926	      +48.204994	     +577.995853	      -33.362807	       -3.563713	       +4.248118	   +18421.438383	       +0.483621	       +0.000000	     +597.086157	     +597.086157
               8	               8	      -17.273677	      -12.930096	      +15.720708	     +389.136742	      -22.503812	       -3.563713	       +6.597962	   +12005.275136	       +1.154049	       +0.000001	     +388.951601	     +388.951601
               8	               9	      -17.230830	      -12.887250	      +15.115620	     +380.361760	      -22.535197	       -3.563713	       +6.582373	   +38172.064255	       +1.157138	       +0.000001	     +379.524555	     +379.524555
               8	              10	      -17.227365	      -12.883784	      +15.092539	     +380.188108	      -22.533027	       -3.563713	       +6.573245	   +37454.144104	       +1.157388	       +0.000001	     +379.320865	     +379.320865
               8	              11	      -17.210675	      -12.867094	      +15.972985	     +388.211441	      -22.526840	       -3.563713	       +6.611261	   +12138.350993	       +1.158597	       +0.000001	     +388.268848	     +388.268848
               8	              12	      -10.760539	       -6.416958	      +23.104874	     +418.316144	      -18.557335	       -3.563713	       +4.367729	   -39772.300208	       +1.412072	       +0.000001	     +427.231412	     +310.285203
               8	              13	      -10.751426	       -6.407846	      +23.327905	     +419.606666	      -18.573626	       -3.563713	       +4.355003	   -38942.036529	       +1.412096	       +0.000001	     +428.715948	     +312.072706
               8	              14	       -9.925139	       -5.581559	      +20.300248	     +382.866961	      -18.000221	       -3.563713	       +4.221261	   -56088.446933	       +1.412082	       +0.000001	     +389.388249	     +279.942506
               8	              15	       -9.889646	       -5.546065	      +20.290045	     +383.030256	      -17.993497	       -3.563713	       +4.207398	   -55777.916188	       +1.411972	       +0.000001	     +389.534202	     +280.683723
               8	              16	       -9.441757	       -5.098177	      +18.615134	     +394.818672	      -16.718396	       -3.563713	       +3.495050	    +1831.117113	       +1.412126	       +0.000001	     +400.210459	     +296.698493
               8	              17	       -9.382374	       -5.038793	      +18.968955	     +393.014885	      -16.744679	       -3.563713	       +3.468285	    +1033.521962	       +1.411947	       +0.000001	     +398.707447	     +296.342575
               8	              18	       -8.864993	       -4.521412	      +25.609928	     +372.708686	      -18.435181	       -3.563713	       +3.900243	   +13929.236626	       +1.411882	       +0.000001	     +383.783677	     +278.958109
               8	              19	       -8.839967	       -4.496386	      +26.230233	     +376.002672	      -18.491478	       -3.563713	       +3.880293	   +14166.411365	       +1.411809	       +0.000001	     +387.621720	     +282.333489
               8	              20	       -8.314099	       -3.970519	      +20.631965	     +348.735174	      -16.942663	       -3.563713	       +3.381727	   +30731.741707	       +1.411905	       +0.000001	     +355.806203	     +263.721950
               8	              21	       -8.264530	       -3.920949	      +20.547262	     +348.479573	      -16.920214	       -3.563713	       +3.362462	   +30595.988384	       +1.412061	       +0.000001	     +355.469083	     +263.635382
               8	              22	       -7.587982	       -3.244401	      +29.988443	     +347.550847	      -18.302746	       -3.563713	       +3.344381	   -14600.721141	       +1.412308	       +0.000001	     +362.580924	     +266.485318
               8	              23	       -7.566418	       -3.222837	      +29.773751	     +346.637086	      -18.274089	       -3.563713	       +3.337069	   -14122.521615	       +1.412304	       +0.000001	     +361.473817	     +265.795598
               8	              24	       -5.326194	       -0.982614	      +46.372181	     +505.166179	      -18.041096	       -3.563713	       +1.935718	   +33432.871053	       +1.411861	       +0.000001	     +535.432982	     +400.164715
               8	              25	       -5.193615	       -0.850034	      +45.474213	     +502.764158	      -17.908159	       -3.563713	       +1.898161	   +31571.405686	       +1.412219	       +0.000001	     +532.228373	     +397.817186
               8	              26	       -3.493546	       +0.850034	      +55.511863	     +528.390932	      -12.654494	       +0.000000	       -2.791407	   -40111.764234	       -1.412219	       -0.000001	     +568.456894	     +426.363586
               8	              27	       -3.489961	       +0.853619	      +55.455293	     +527.867204	      -12.646774	       +0.000000	       -2.790432	   -40805.725501	       -1.412213	       -0.000001	     +567.885291	     +425.987420
               8	              28	       -2.349114	       +1.994467	      +45.896751	     +408.206677	      -10.506382	       +0.000000	       -3.057668	   +27920.377595	       -1.411817	       -0.000001	     +440.539378	     +334.178913
               8	              29	       -2.318861	       +2.024720	      +45.931999	     +408.480226	      -10.524619	       +0.000000	       -3.050534	   +28781.426444	       -1.411895	       -0.000001	     +440.837072	     +334.423655
               8	              30	       -1.737564	       +2.606016	      +57.019562	     +483.491413	      -12.266345	       +0.000000	       -3.145367	   -23008.241085	       -1.412145	       -0.000001	     +525.099264	     +389.110424
               8	              31	       -1.607455	       +2.736125	      +56.878365	     +485.518019	      -12.217836	       +0.000000	       -3.196944	   -26292.835908	       -1.412307	       -0.000001	     +526.981604	     +389.810886
               8	              32	       -0.396867	       +3.946713	      +59.713324	     +482.720524	      -11.718053	       +0.000000	       -3.816112	   +25551.020458	       -1.411985	       -0.000001	     +526.899683	     +391.703381
               8	              33	       -0.320176	       +4.023404	      +59.669398	     +483.114145	      -11.711972	       +0.000000	       -3.828288	   +26328.475375	       -1.411890	       -0.000001	     +527.243283	     +390.447746
               8	              34	       +2.059713	       +6.403294	      +35.141266	     +377.620686	       -7.007153	       +0.000000	       -3.851624	   +24114.863662	       -1.412108	       -0.000001	     +401.903174	     +307.855970
               8	              35	       +2.197666	       +6.541247	      +34.919172	     +375.112169	       -6.967781	       +0.000000	       -3.861690	   +23110.507350	       -1.411955	       -0.000001	     +399.201871	     +305.154204
               8	              36	       +2.544442	       +6.888023	      +27.064973	     +302.168891	       -5.550032	       +0.000000	       -3.930287	   +84365.212863	       -1.412144	       -0.000001	     +319.753544	     +246.666886
               8	              37	       +2.547609	       +6.891189	      +27.037240	     +301.606059	       -5.545040	       +0.000000	       -3.933062	   +84367.730606	       -1.412137	       -0.000001	     +319.165197	     +246.166746
               8	              38	       +4.779964	       +9.123545	      +24.682278	     +233.905613	       -4.241427	       +0.000000	       -4.096057	   -31011.045251	       -1.412184	       -0.000001	     +250.250407	     +193.894839
               8	              39	       +4.790015	       +9.133595	      +24.688570	     +233.920906	       -4.244905	       +0.000000	       -4.100267	   -31442.371303	       -1.412204	       -0.000001	     +250.264304	     +193.601397
               8	              40	       +5.792462	      +10.136042	      +37.854992	     +340.366334	       -6.288690	       +0.000000	       -4.329166	   +15704.640955	       -1.397306	       -0.000001	     +367.603469	     +338.157524
               8	              41	       +5.847475	      +10.191055	      +37.875448	     +338.433604	       -6.291884	       +0.000000	       -4.301290	   +14069.562210	       -1.391530	       -0.000001	     +365.715878	     +340.743260
               8	              42	       +6.356892	      +10.700473	      +33.738775	     +373.773888	       -5.738839	       +0.000000	       -4.094353	   +20600.430396	       -1.340237	       -0.000001	     +397.679471	     +397.679471
               8	              43	       +6.375935	      +10.719516	      +33.776270	     +374.674382	       -5.754795	       +0.000000	       -4.077009	   +21369.975732	       -1.338393	       -0.000001	     +398.618848	     +398.618848
               8	              44	       +7.147369	      +11.490949	      +34.719179	     +219.188343	       -4.513427	       +0.000000	       -4.345642	   -31713.719493	       -1.267725	       -0.000001	     +245.048453	     +245.048453
               8	              45	       +7.164538	      +11.508118	      +34.715493	     +219.672663	       -4.514245	       +0.000000	       -4.329669	   -31430.446818	       -1.266237	       -0.000001	     +245.544241	     +245.544241
               8	              46	       +7.271748	      +11.615329	      +38.829403	     +319.335179	       -5.494482	       +0.000000	       -4.519564	   -35592.643412	       -1.257024	       -0.000001	     +348.150536	     +348.150536
               8	              47	       +7.332089	      +11.675670	      +38.803799	     +317.918764	       -5.491465	       +0.000000	       -4.530599	   -36917.834506	       -1.251897	       -0.000001	     +346.700499	     +346.700499
               8	              48	       +7.688873	      +12.032453	      +38.979208	     +331.473845	       -5.361752	       +0.000000	       -4.456940	   +71955.642522	       -1.222418	       -0.000001	     +360.634360	     +360.634360
               8	              49	       +7.718731	      +12.062312	      +39.040711	     +331.707481	       -5.376594	       +0.000000	       -4.452090	   +71220.882652	       -1.220014	       -0.000001	     +360.919507	     +360.919507
               8	              50	       +7.723235	      +12.066816	      +39.789670	     +345.726861	       -5.627630	       +0.000000	       -4.437186	   -49912.153497	       -1.219652	       -0.000001	     +375.451715	     +375.451715
               8	              51	       +7.742222	      +12.085802	      +39.792686	     +345.634061	       -5.631609	       +0.000000	       -4.444452	   -50211.928318	       -1.218129	       -0.000001	     +375.350686	     +375.350686
               8	              52	       +9.005471	      +13.349051	      +30.682171	     +178.909826	       -3.790805	       +0.000000	       -3.733793	    +3528.442444	       -1.124690	       -0.000001	     +202.067399	     +202.067399
               8	              53	       +9.005478	      +13.349058	      +30.683072	     +178.909826	       -3.790805	       +0.000000	       -3.739535	    +3914.883076	       -1.124689	       -0.000001	     +202.062559	     +202.062559
               8	              54	      +10.575350	      +14.918930	      +29.340814	     +224.831287	       -3.131928	       +0.000000	       -3.493912	   -46631.576345	       -1.026808	       -0.000001	     +247.546262	     +247.546262
               8	              55	      +10.637025	      +14.980606	      +29.351239	     +225.291583	       -3.140503	       +0.000000	       -3.478043	   -45360.566592	       -1.023309	       -0.000001	     +248.024275	     +248.024275
               8	              56	      +11.728256	      +16.071837	      +31.449326	     +173.296008	       -3.218949	       +0.000000	       -3.168000	    -9832.554554	       -0.965123	       -0.000001	     +198.358385	     +198.358385
               8	              57	      +11.732590	      +16.076170	      +31.376440	     +172.280989	       -3.208874	       +0.000000	       -3.165525	    -9874.381544	       -0.964905	       -0.000001	     +197.283029	     +197.283029
               8	              58	      +12.950804	      +17.294384	      +25.604771	      +67.512353	       -2.482878	       +0.000000	       -2.667071	     -335.141856	       -0.907323	       -0.000001	      +87.967175	      +87.967175
               8	              59	      +12.953291	      +17.296872	      +26.189976	      +80.712215	       -2.576611	       +0.000000	       -2.679469	     -440.084347	       -0.907213	       -0.000001	     +101.646111	     +101.646111
               8	              60	      +13.273329	      +17.616910	      +35.965783	     +264.929079	       -3.579732	       +0.000000	       -3.128902	    -1422.755688	       -0.893211	       -0.000001	     +294.186228	     +294.186228
               8	              61	      +13.344627	      +17.688208	      +27.868817	      +78.876582	       -2.267811	       +0.000000	       -2.664493	    +8285.428604	       -0.890150	       -0.000001	     +101.813095	     +101.813095
               8	              62	      +13.372807	      +17.716387	      +32.330704	     +177.407014	       -2.976658	       +0.000000	       -2.899898	    +3190.067227	       -0.888946	       -0.000001	     +203.861162	     +203.861162
               8	              63	      +13.502358	      +17.845939	      +40.676502	     +375.150768	       -4.359925	       +0.000000	       -3.350971	    -5224.725917	       -0.883453	       -0.000001	     +408.116374	     +408.116374
               8	              64	      +14.091708	      +18.435289	      +32.350624	     +132.914586	       -2.921918	       +0.000000	       -2.714766	   -12172.694826	       -0.859298	       -0.000001	     +159.628526	     +159.628526
               8	              65	      +14.097493	      +18.441074	      +32.361604	     +132.636806	       -2.921696	       +0.000000	       -2.701692	   -12206.458873	       -0.859067	       -0.000001	     +159.375022	     +159.375022
               8	              66	      +14.882463	      +19.226044	      +36.620043	      +89.923264	       -2.889540	       +0.000000	       -2.759258	    +7629.682963	       -0.828889	       -0.000001	     +120.894510	     +120.894510
               8	              67	      +14.897879	      +19.241459	      +36.690578	      +90.456094	       -2.900451	       +0.000000	       -2.759042	    +7410.086685	       -0.828318	       -0.000001	     +121.487178	     +121.487178
               8	              68	      +15.456548	      +19.800128	      +39.583463	     +185.786266	       -3.248975	       +0.000000	       -2.860140	   -37935.447565	       -0.808127	       -0.000000	     +219.260614	     +219.260614
               8	              69	      +15.475579	      +19.819160	      +39.543512	     +185.455040	       -3.249116	       +0.000000	       -2.864032	   -38040.036370	       -0.807457	       -0.000000	     +218.885403	     +218.885403
               8	              70	      +17.724109	      +22.067690	      +34.756166	     +169.899693	       -2.736257	       +0.000000	       -2.063769	    -7632.683052	       -0.735373	       -0.000000	     +199.855833	     +199.855833
               8	              71	      +17.738872	      +22.082453	      +34.728053	     +169.905390	       -2.735860	       +0.000000	       -2.059123	    -8027.877651	       -0.734942	       -0.000000	     +199.838460	     +199.838460
               8	              72	      +19.265163	      +23.608743	      +45.475831	     +321.296679	       -3.203125	       +0.000000	       -2.504792	   +27854.834038	       -0.692974	       -0.000000	     +361.064594	     +361.064594
               8	              73	      +19.265338	      +23.608918	      +45.493587	     +321.532638	       -3.207220	       +0.000000	       -2.499984	   +27983.133210	       -0.692969	       -0.000000	     +361.319021	     +361.319021
               8	              74	      +20.119740	      +24.463320	      +50.177513	     +309.166271	       -3.568526	       +0.000000	       -2.318365	   -12974.440242	       -0.671504	       -0.000000	     +353.456893	     +353.456893
               8	              75	      +20.145672	      +24.489252	      +49.699997	     +303.050993	       -3.525060	       +0.000000	       -2.294065	   -12188.341892	       -0.670873	       -0.000000	     +346.931864	     +346.931864
               8	              76	      +20.189681	      +24.533262	      +49.446756	     +326.376726	       -3.734865	       +0.000000	       -2.364681	   -14982.960020	       -0.669805	       -0.000000	     +369.723936	     +369.723936
               8	              77	      +20.193331	      +24.536912	      +49.766726	     +330.907525	       -3.764675	       +0.000000	       -2.363506	   -14901.175754	       -0.669717	       -0.000000	     +374.546069	     +374.546069
               8	              78	      +20.210405	      +24.553986	      +34.843121	      +96.163585	       -2.209924	       +0.000000	       -1.739086	   -18890.785254	       -0.669304	       -0.000000	     +127.057696	     +127.057696
               8	              79	      +20.217788	      +24.561369	      +34.545510	      +91.695254	       -2.179204	       +0.000000	       -1.731859	   -19163.160087	       -0.669125	       -0.000000	     +122.329701	     +122.329701
